                                t000110_s19_p10_ai-el2ap.txt 18.5  5.2   97
  0.0  0.0  0.0 30.9  0.0  0.0  0.0 10.3  0.0 10.3  0.0  0.0  0.0  0.0  0.0
  0.0  0.0  0.0  0.0  0.0  0.0319.6154.6 51.5 51.5  0.0 20.6 10.3  0.0 10.3
  0.0 10.3 41.2 10.3  0.0  0.0 10.3  0.0  0.0  0.0  0.0  0.0  0.0 10.3  0.0
  0.0  0.0 10.3  0.0  0.0  0.0 10.3 10.3  0.0 10.3 72.2  0.0  0.0103.1  0.0
  0.0  0.0  0.0  0.0  0.0  0.0  0.0  0.0  0.0  0.0  0.0  0.0  0.0  0.0  0.0
  0.0  0.0  0.0 10.3  0.0  0.0  0.0  0.0  0.0  0.0  0.0  0.0  0.0  0.0  0.0
  0.0  0.0  0.0  0.0  0.0 10.3  0.0  0.0  0.0  0.0  0.0  0.0  0.0  0.0  0.0
 10.3  0.0  0.0 10.3  0.0 10.3 10.3  0.0  0.0  0.0  0.0  0.0  0.0  0.0  0.0
  0.0  0.0  0.0  0.0  0.0  0.0  0.0 20.6  0.0  0.0 10.3  0.0  0.0  0.0 10.3
  0.0  0.0  0.0  0.0  0.0  0.0  0.0 10.3  0.0 10.3  0.0  0.0  0.0  0.0  0.0
    -24.76      1.84      9.86     -6.61     -2.06  0.0  0.0  0.0  0.0  0.0
                                t000110_s19_p11_ai-el2ap.txt 23.3  5.1  129
  7.8  0.0  0.0 23.3  0.0  0.0  0.0  0.0  0.0 31.0  0.0  0.0  0.0  0.0  0.0
  0.0  0.0  7.8 15.5  0.0  0.0286.8147.3 69.8 31.0  0.0  0.0  0.0  0.0  0.0
  0.0  7.8 38.8  0.0  0.0 15.5  0.0  0.0  0.0  0.0  0.0  7.8  0.0 23.3 15.5
 15.5  0.0  0.0  7.8  0.0  7.8 23.3 54.3  0.0  0.0100.8  0.0  0.0 77.5  7.8
  0.0  0.0  0.0  0.0  0.0  0.0  0.0  0.0  0.0  0.0  0.0  0.0  0.0  0.0  0.0
  0.0  0.0  0.0  0.0  0.0  0.0  0.0  0.0  0.0  0.0  0.0  0.0  0.0  0.0  0.0
  0.0  0.0  0.0  0.0  0.0  0.0  0.0  0.0  0.0  0.0  0.0  0.0  0.0  0.0  0.0
  0.0  0.0  0.0  0.0  0.0  0.0  0.0  0.0  0.0  0.0  0.0  0.0  0.0  0.0  0.0
  0.0  0.0  0.0  0.0  0.0  0.0  0.0  0.0  7.8  0.0 23.3  0.0 15.5  0.0  7.8
  0.0  0.0  0.0  0.0  0.0  7.8  0.0  0.0  7.8 23.3  0.0  0.0 15.5  0.0  0.0
    -17.86     -4.71      5.66     -3.50     16.82  0.0  0.0  0.0  0.0  0.0
                                t000110_s19_p12_ai-el2ap.txt 16.3  4.9   91
  0.0  0.0  0.0 33.0  0.0  0.0  0.0  0.0  0.0 11.0  0.0  0.0  0.0  0.0  0.0
  0.0  0.0  0.0  0.0  0.0  0.0362.6109.9 54.9 33.0  0.0  0.0  0.0  0.0  0.0
  0.0  0.0 44.0  0.0  0.0 22.0  0.0  0.0  0.0  0.0  0.0  0.0 11.0 11.0  0.0
  0.0  0.0  0.0 11.0 11.0  0.0  0.0 11.0  0.0  0.0 87.9  0.0  0.0 87.9 22.0
  0.0  0.0  0.0  0.0  0.0  0.0  0.0  0.0  0.0  0.0  0.0  0.0  0.0  0.0  0.0
  0.0  0.0  0.0  0.0  0.0  0.0  0.0  0.0  0.0  0.0  0.0  0.0  0.0  0.0  0.0
  0.0  0.0  0.0  0.0  0.0  0.0  0.0  0.0  0.0  0.0  0.0  0.0  0.0  0.0  0.0
  0.0  0.0  0.0  0.0  0.0  0.0  0.0  0.0  0.0  0.0  0.0  0.0  0.0  0.0  0.0
  0.0  0.0  0.0  0.0  0.0  0.0  0.0 11.0 11.0  0.0 33.0  0.0 11.0  0.0  0.0
  0.0  0.0  0.0  0.0  0.0  0.0  0.0 11.0  0.0 11.0  0.0 11.0 11.0  0.0  0.0
    -25.82     -4.64      2.78     -6.61      4.91  0.0  0.0  0.0  0.0  0.0
                                t000110_s19_p13_ai-el2ap.txt 21.0  5.2  108
  0.0  0.0  0.0 27.8  0.0  0.0  0.0  0.0  0.0 18.5  0.0  0.0  0.0  0.0  0.0
  0.0  0.0  9.3  9.3  0.0  0.0314.8129.6 92.6 27.8  0.0  0.0  0.0  0.0  0.0
  0.0  0.0 74.1  0.0  0.0 37.0  0.0  0.0  0.0  0.0  0.0  9.3  0.0 18.5  9.3
  0.0  0.0  0.0  9.3  0.0  9.3  9.3 27.8  0.0  0.0111.1  0.0  0.0 83.3 18.5
  0.0  0.0  0.0  0.0  0.0  0.0  0.0  0.0  0.0  0.0  0.0  0.0  0.0  0.0  0.0
  0.0  0.0  0.0  0.0  0.0  0.0  0.0  0.0  0.0  0.0  0.0  0.0  0.0  0.0  0.0
  0.0  0.0  0.0  0.0  0.0  0.0  0.0  0.0  0.0  0.0  0.0  0.0  0.0  0.0  0.0
  0.0  0.0  0.0  0.0  0.0  0.0  0.0  0.0  0.0  0.0  0.0  0.0  0.0  0.0  0.0
  0.0  0.0  0.0  0.0  0.0  0.0  0.0  9.3  9.3  0.0 18.5  0.0  9.3  0.0  0.0
  0.0  0.0  0.0  0.0  0.0  0.0  0.0  9.3  0.0 27.8  0.0  9.3  9.3  0.0  0.0
    -22.49     -4.81      4.01     -2.90      6.30  0.0  0.0  0.0  0.0  0.0
                                t000110_s19_p14_ai-el2ap.txt 16.0  5.2   75
  0.0  0.0  0.0 26.7  0.0  0.0  0.0  0.0  0.0 13.3  0.0  0.0  0.0  0.0  0.0
  0.0  0.0  0.0 13.3  0.0  0.0346.7 93.3 66.7 13.3  0.0  0.0  0.0  0.0  0.0
  0.0  0.0 66.7  0.0  0.0 26.7  0.0  0.0  0.0  0.0  0.0 13.3  0.0 26.7  0.0
  0.0 13.3  0.0  0.0 13.3  0.0 26.7 26.7  0.0  0.0120.0  0.0  0.0 53.3 13.3
  0.0  0.0  0.0  0.0  0.0  0.0  0.0  0.0  0.0  0.0  0.0  0.0  0.0  0.0  0.0
  0.0  0.0  0.0  0.0  0.0  0.0  0.0  0.0  0.0  0.0  0.0  0.0  0.0  0.0  0.0
  0.0  0.0  0.0  0.0  0.0  0.0  0.0  0.0  0.0  0.0  0.0  0.0  0.0  0.0  0.0
  0.0  0.0  0.0  0.0  0.0  0.0  0.0  0.0  0.0  0.0  0.0  0.0  0.0  0.0  0.0
  0.0  0.0  0.0  0.0  0.0  0.0  0.0  0.0  0.0  0.0 13.3  0.0  0.0  0.0  0.0
  0.0  0.0  0.0  0.0  0.0  0.0  0.0  0.0  0.0  0.0  0.0 13.3  0.0  0.0  0.0
    -23.18     -5.29      4.09     -1.27      0.41  0.0  0.0  0.0  0.0  0.0
                                t000110_s19_p15_ai-el2ap.txt 17.8  5.3   96
 10.4  0.0  0.0 20.8  0.0  0.0  0.0  0.0  0.0 20.8  0.0  0.0  0.0  0.0  0.0
  0.0  0.0 10.4  0.0  0.0  0.0333.3156.3 62.5 31.3  0.0  0.0  0.0  0.0  0.0
  0.0  0.0 52.1  0.0  0.0 31.3  0.0  0.0  0.0  0.0  0.0  0.0 10.4 20.8 20.8
 10.4 10.4  0.0 10.4  0.0 10.4 10.4 52.1  0.0  0.0114.6  0.0  0.0 83.3  0.0
  0.0  0.0  0.0  0.0  0.0  0.0  0.0  0.0  0.0  0.0  0.0  0.0  0.0  0.0  0.0
  0.0  0.0  0.0  0.0  0.0  0.0  0.0  0.0  0.0  0.0  0.0  0.0  0.0  0.0  0.0
  0.0  0.0  0.0  0.0  0.0  0.0  0.0  0.0  0.0  0.0  0.0  0.0  0.0  0.0  0.0
  0.0  0.0  0.0  0.0  0.0  0.0  0.0  0.0  0.0  0.0  0.0  0.0  0.0  0.0  0.0
  0.0  0.0  0.0  0.0  0.0  0.0  0.0 20.8  0.0  0.0 31.3  0.0  0.0 10.4 10.4
  0.0  0.0  0.0  0.0  0.0  0.0  0.0  0.0  0.0 31.3  0.0  0.0  0.0  0.0  0.0
    -23.40     -4.70      2.81     -6.61     25.43  0.0  0.0  0.0  0.0  0.0
                                t000110_s19_p16_ai-el2ap.txt 10.8  5.1   61
  0.0  0.0  0.0 16.4  0.0  0.0  0.0  0.0  0.0 16.4  0.0  0.0  0.0  0.0  0.0
  0.0  0.0  0.0  0.0  0.0  0.0278.7196.7 65.6 65.6  0.0  0.0  0.0  0.0  0.0
  0.0  0.0 49.2  0.0  0.0  0.0  0.0  0.0  0.0  0.0  0.0  0.0  0.0 32.8  0.0
  0.0 16.4  0.0 16.4  0.0  0.0 16.4 32.8  0.0  0.0131.1  0.0  0.0 82.0  0.0
  0.0  0.0  0.0  0.0  0.0  0.0  0.0  0.0  0.0  0.0  0.0  0.0  0.0  0.0  0.0
  0.0  0.0  0.0  0.0  0.0  0.0  0.0  0.0  0.0  0.0  0.0  0.0  0.0  0.0  0.0
  0.0  0.0  0.0  0.0  0.0  0.0  0.0  0.0  0.0  0.0  0.0  0.0  0.0  0.0  0.0
  0.0  0.0  0.0  0.0  0.0  0.0  0.0  0.0  0.0  0.0  0.0  0.0  0.0  0.0  0.0
  0.0  0.0  0.0  0.0  0.0  0.0  0.0 32.8 16.4  0.0 32.8  0.0  0.0 16.4  0.0
  0.0  0.0  0.0  0.0  0.0  0.0  0.0  0.0  0.0 16.4  0.0  0.0 16.4  0.0  0.0
    -27.82     -3.57      4.39     -6.61      1.34  0.0  0.0  0.0  0.0  0.0
                                t000110_s19_p17_ai-el2ap.txt 19.5  5.3  114
  0.0  0.0  0.0 35.1  0.0  0.0  0.0  0.0  0.0  0.0  0.0  0.0  0.0  0.0  0.0
  8.8  0.0  0.0  0.0  0.0  0.0324.6131.6 87.7 26.3  0.0  0.0  0.0  0.0  0.0
  0.0  0.0 35.1  0.0  8.8 26.3  0.0  0.0  0.0  0.0  0.0  0.0  8.8  8.8  8.8
  0.0  8.8  0.0 17.5  8.8  0.0  8.8 17.5  0.0  0.0114.0  0.0  0.0 78.9  8.8
  0.0  0.0  0.0  0.0  0.0  0.0  0.0  0.0  0.0  0.0  0.0  0.0  0.0  0.0  0.0
  0.0  0.0  0.0  0.0  0.0  0.0  0.0  0.0  0.0  0.0  0.0  0.0  0.0  0.0  0.0
  0.0  0.0  0.0  0.0  0.0  0.0  0.0  0.0  0.0  0.0  0.0  0.0  0.0  0.0  0.0
  0.0  0.0  0.0  0.0  0.0  0.0  0.0  0.0  0.0  0.0  0.0  0.0  0.0  0.0  0.0
  0.0  0.0  0.0  0.0  0.0  0.0  0.0  8.8  8.8  0.0  0.0  0.0  0.0  0.0  8.8
  0.0  0.0  0.0  0.0  0.0  0.0  0.0  8.8  0.0 17.5  0.0  0.0  8.8  0.0  0.0
    -26.60     -4.86     -0.66     -6.61      9.93  0.0  0.0  0.0  0.0  0.0
                                t000110_s19_p18_ai-el2ap.txt 19.3  5.2  113
  0.0  0.0  0.0 17.7  0.0  0.0  0.0  0.0  0.0  0.0  0.0  0.0  0.0  0.0  0.0
  0.0  0.0  0.0  8.8  0.0  0.0300.9168.1 44.2 26.5  0.0  0.0  8.8  0.0  0.0
  0.0  0.0 17.7  0.0  0.0  8.8  0.0  0.0  0.0  0.0  0.0  0.0  0.0 17.7  0.0
  0.0  8.8  0.0  8.8  8.8  0.0 17.7 17.7  0.0  0.0 79.6  0.0  0.0 61.9  0.0
  0.0  0.0  0.0  0.0  0.0  0.0  0.0  0.0  0.0  0.0  0.0  0.0  0.0  0.0  0.0
  0.0  0.0  0.0  0.0  0.0  0.0  0.0  0.0  0.0  0.0  0.0  0.0  0.0  0.0  0.0
  0.0  0.0  0.0  0.0  0.0  0.0  0.0  0.0  0.0  0.0  0.0  0.0  0.0  0.0  0.0
  0.0  0.0  0.0  0.0  0.0  0.0  0.0  0.0  0.0  0.0  0.0  0.0  0.0  0.0  0.0
  0.0  0.0  0.0  0.0  0.0  0.0  0.0 17.7  8.8  0.0  8.8  0.0  0.0  8.8  0.0
  0.0  0.0  0.0  0.0  0.0  0.0  0.0  0.0  0.0 17.7  0.0  0.0  8.8  0.0  0.0
    -26.73     -3.22      1.70     -6.61     -0.94  0.0  0.0  0.0  0.0  0.0
                                t000110_s19_p19_ai-el2ap.txt 18.3  4.8   97
  0.0  0.0  0.0 10.3  0.0  0.0  0.0  0.0  0.0  0.0  0.0  0.0  0.0  0.0  0.0
  0.0  0.0  0.0 10.3  0.0  0.0288.7154.6 61.9 41.2  0.0  0.0  0.0  0.0  0.0
  0.0  0.0 41.2  0.0  0.0 30.9  0.0  0.0  0.0  0.0  0.0  0.0  0.0 20.6  0.0
  0.0  0.0  0.0  0.0  0.0  0.0 10.3 20.6  0.0  0.0 72.2  0.0  0.0 61.9  0.0
  0.0  0.0  0.0  0.0  0.0  0.0  0.0  0.0  0.0  0.0  0.0  0.0  0.0  0.0  0.0
  0.0  0.0  0.0  0.0  0.0  0.0  0.0  0.0  0.0  0.0  0.0  0.0  0.0  0.0  0.0
  0.0  0.0  0.0  0.0  0.0  0.0  0.0  0.0  0.0  0.0  0.0  0.0  0.0  0.0  0.0
  0.0  0.0  0.0  0.0  0.0  0.0  0.0  0.0  0.0  0.0  0.0  0.0  0.0  0.0  0.0
  0.0  0.0  0.0  0.0  0.0  0.0  0.0 20.6 10.3  0.0 10.3  0.0  0.0  0.0  0.0
  0.0  0.0  0.0  0.0  0.0  0.0  0.0 10.3  0.0 30.9  0.0  0.0 10.3  0.0  0.0
    -25.85     -4.37      2.08     -6.61     -0.50  0.0  0.0  0.0  0.0  0.0
                                t000110_s19_p20_ai-el2ap.txt 22.3  5.7  116
  0.0  0.0  0.0 25.9  0.0  0.0  0.0  0.0  0.0  0.0  0.0  0.0  0.0  0.0  0.0
  0.0  0.0  0.0  0.0  0.0  0.0344.8129.3 60.3 25.9  0.0  0.0  0.0  0.0  8.6
  0.0  0.0 34.5  0.0  8.6 34.5  0.0  0.0  0.0  0.0  0.0  0.0  8.6 17.2  8.6
  0.0  8.6  0.0 25.9  8.6  0.0  8.6 25.9  0.0  8.6 69.0  0.0  0.0 86.2 17.2
  8.6  0.0  0.0  0.0  0.0  0.0  0.0  0.0  0.0  0.0  0.0  0.0  0.0  0.0  0.0
  0.0  0.0  0.0  0.0  0.0  0.0  0.0  0.0  0.0  0.0  0.0  0.0  0.0  0.0  0.0
  0.0  0.0  0.0  0.0  0.0  0.0  0.0  0.0  0.0  0.0  0.0  0.0  0.0  0.0  0.0
  0.0  0.0  0.0  0.0  0.0  0.0  0.0  0.0  0.0  0.0  0.0  0.0  0.0  0.0  0.0
  0.0  0.0  0.0  0.0  0.0  0.0  0.0 17.2  8.6  0.0  0.0  0.0  0.0  0.0 17.2
  0.0  0.0  0.0  0.0  0.0  0.0  0.0 17.2  0.0 17.2  0.0 17.2  8.6  0.0  0.0
    -30.16     -4.88      3.18     -6.61     11.01  0.0  0.0  0.0  0.0  0.0
                                t000110_s19_p21_ai-el2ap.txt 26.5  4.9  153
  0.0  0.0  0.0 65.4  0.0  0.0  0.0  0.0  0.0  6.5  0.0  0.0  0.0  0.0  0.0
  0.0  0.0  0.0 13.1  0.0  0.0307.2137.3 71.9 13.1  0.0  0.0  0.0  0.0  0.0
  0.0  0.0 39.2  0.0  0.0 19.6  0.0  0.0  0.0  0.0  0.0  0.0  6.5 19.6  0.0
  0.0  0.0  0.0 26.1 13.1  0.0 13.1 19.6  0.0  0.0111.1  0.0  0.0 78.4  0.0
  0.0  0.0  0.0  0.0  0.0  0.0  0.0  0.0  0.0  0.0  0.0  0.0  0.0  0.0  0.0
  0.0  0.0  0.0  0.0  0.0  0.0  0.0  0.0  0.0  0.0  0.0  0.0  0.0  0.0  0.0
  0.0  0.0  0.0  0.0  0.0  0.0  0.0  0.0  0.0  0.0  0.0  0.0  0.0  0.0  0.0
  0.0  0.0  0.0  0.0  0.0  0.0  0.0  0.0  0.0  0.0  0.0  0.0  0.0  0.0  0.0
  0.0  0.0  0.0  0.0  0.0  0.0  0.0  6.5  0.0  0.0 19.6  0.0  6.5 13.1 19.6
  0.0  0.0  0.0  0.0  0.0  0.0  0.0  0.0  0.0  6.5  0.0 13.1  0.0  0.0  0.0
    -23.33     -5.30      2.58     -6.61      3.43  0.0  0.0  0.0  0.0  0.0
                                t000110_s19_p22_ai-el2ap.txt 26.8  5.4  154
  6.5  0.0  0.0 13.0  0.0  0.0  0.0  0.0  0.0  6.5  0.0  0.0  0.0  0.0  0.0
  0.0  0.0  0.0 13.0  0.0  0.0337.7136.4 71.4 58.4  0.0  6.5  6.5  0.0  0.0
  0.0  0.0 32.5 19.5  0.0 19.5  0.0  0.0  0.0  0.0  0.0 19.5  6.5 26.0  6.5
  6.5  0.0 13.0  0.0  0.0  0.0 13.0 39.0  0.0  0.0 77.9  0.0  0.0 84.4  6.5
  0.0  0.0  0.0  0.0  0.0  0.0  0.0  0.0  0.0  0.0  0.0  0.0  0.0  0.0  0.0
  0.0  0.0  0.0  0.0  0.0  6.5  6.5  0.0  0.0  0.0  0.0  0.0  0.0  0.0  0.0
  0.0  0.0  0.0  0.0  0.0  0.0  0.0  0.0  0.0  0.0  0.0  0.0  0.0  0.0  0.0
 13.0  0.0  0.0 13.0  0.0  0.0  0.0  0.0  0.0  0.0  0.0  0.0  0.0  0.0  0.0
  0.0  0.0  0.0  0.0  0.0  0.0  0.0 26.0 19.5  0.0 26.0  0.0  0.0  0.0  6.5
  0.0  0.0  0.0  0.0  0.0  6.5  0.0  6.5  6.5 19.5  0.0  0.0 13.0  0.0  0.0
    -26.37     -1.35     -3.44      1.19     11.46  0.0  0.0  0.0  0.0  0.0
                                t000110_s19_p23_ai-el2ap.txt 26.0  4.6  163
  0.0  0.0  0.0 24.5  0.0  0.0  0.0  0.0  0.0 18.4  0.0  6.1  0.0  0.0  0.0
  0.0  0.0  0.0  0.0  0.0  0.0294.5141.1 36.8 49.1  0.0  0.0  6.1  0.0  0.0
  0.0  0.0 30.7 18.4  0.0  6.1  0.0  0.0  6.1  0.0  0.0 18.4  6.1 30.7  6.1
  6.1  0.0  0.0  6.1  6.1  0.0  6.1 42.9  0.0  0.0 49.1  0.0  0.0 79.8  0.0
  6.1  0.0  0.0  0.0  0.0  0.0  0.0  0.0  0.0  0.0  0.0  0.0  0.0  0.0  0.0
  0.0  0.0  0.0  0.0  0.0  0.0  0.0  0.0  0.0  0.0  0.0  0.0  0.0  0.0  0.0
  0.0  0.0  0.0  0.0  0.0  0.0  0.0  0.0  0.0  0.0  0.0  0.0  0.0  0.0  0.0
  0.0  0.0  0.0  0.0  0.0  0.0  0.0  0.0  0.0  0.0  0.0  0.0  0.0  0.0  0.0
  0.0  0.0  0.0  0.0  0.0  0.0  0.0 24.5 18.4  0.0 12.3 24.5  0.0  0.0  6.1
  0.0  0.0  0.0  0.0  0.0  0.0  0.0  6.1  6.1  6.1  0.0  0.0  6.1  0.0  0.0
    -19.00     -2.98     -2.50      2.74     11.55  0.0  0.0  0.0  0.0  0.0
                                t000110_s19_p24_ai-el2ap.txt 25.3  5.2  136
  0.0  0.0  0.0 66.2  0.0  0.0  7.4  0.0  0.0  7.4  0.0  0.0  0.0  0.0  0.0
  0.0  0.0  7.4  7.4  0.0  0.0323.5147.1 58.8 22.1  0.0  0.0  7.4  0.0  0.0
  0.0  0.0 58.8  0.0  0.0  0.0  0.0  0.0  0.0  0.0  0.0  0.0  0.0 14.7  7.4
  7.4  7.4  0.0 14.7  7.4  7.4 14.7 29.4  0.0  0.0102.9  0.0  0.0 95.6  0.0
  0.0  0.0  0.0  0.0  0.0  0.0  0.0  0.0  0.0  0.0  0.0  0.0  0.0  0.0  0.0
  0.0  0.0  0.0  0.0  0.0  0.0  0.0  0.0  0.0  0.0  0.0  0.0  7.4  0.0  0.0
  0.0  0.0  0.0  0.0  0.0  0.0  0.0  0.0  0.0  0.0  0.0  0.0  0.0  0.0  0.0
  0.0  0.0  7.4  7.4  0.0  0.0  0.0  0.0  0.0  0.0  0.0  0.0  0.0  0.0  0.0
  0.0  0.0  0.0  0.0  0.0  0.0  0.0 14.7  7.4  7.4 22.1  0.0  7.4  0.0  0.0
  0.0  0.0  0.0  0.0  0.0  0.0  0.0  7.4  7.4 22.1  0.0  0.0  7.4  7.4  0.0
    -21.48     -3.64      5.06     -6.61      6.63  0.0  0.0  0.0  0.0  0.0
                                t000110_s19_p25_ai-el2ap.txt 20.8  4.9  104
  0.0  0.0  0.0 28.8  0.0  0.0  0.0  0.0  0.0  9.6  0.0  0.0  0.0  0.0  0.0
  0.0  0.0  0.0  0.0  0.0  0.0346.2125.0 76.9 28.8  0.0  0.0  0.0  0.0  0.0
  0.0  0.0 28.8  0.0  0.0 28.8  0.0  0.0  0.0  0.0  0.0  0.0  0.0 19.2  9.6
  0.0  0.0  0.0  9.6  0.0  0.0  0.0 28.8  0.0  0.0 86.5  0.0  0.0 67.3  0.0
  0.0  0.0  0.0  0.0  0.0  0.0  0.0  0.0  0.0  0.0  0.0  0.0  0.0  0.0  0.0
  0.0  0.0  0.0  0.0  0.0  0.0  0.0  0.0  0.0  0.0  0.0  0.0  0.0  0.0  0.0
  0.0  0.0  0.0  0.0  0.0  0.0  0.0  0.0  0.0  0.0  0.0  0.0  0.0  0.0  0.0
  0.0  0.0  0.0  0.0  0.0  0.0  0.0  0.0  0.0  0.0  0.0  0.0  0.0  0.0  0.0
  0.0  0.0  0.0  0.0  0.0  0.0  0.0 28.8  9.6  0.0 19.2  0.0  9.6  0.0  9.6
  0.0  0.0  0.0  0.0  0.0  0.0  0.0  0.0  0.0 19.2  0.0  0.0  9.6  0.0  0.0
    -27.62     -4.78      1.34     -6.61      6.68  0.0  0.0  0.0  0.0  0.0
                                t000110_s19_p26_ai-el2ap.txt 17.5  4.8   89
  0.0  0.0  0.0 22.5  0.0  0.0  0.0  0.0  0.0  0.0  0.0  0.0  0.0  0.0  0.0
  0.0  0.0  0.0 11.2  0.0  0.0337.1134.8 67.4 22.5  0.0  0.0  0.0  0.0  0.0
  0.0  0.0 22.5  0.0  0.0 11.2 11.2  0.0  0.0  0.0  0.0  0.0 11.2 22.5  0.0
 11.2  0.0  0.0 11.2 11.2  0.0 11.2 33.7  0.0  0.0 89.9  0.0  0.0 78.7  0.0
  0.0  0.0  0.0  0.0  0.0  0.0  0.0  0.0  0.0  0.0  0.0  0.0  0.0  0.0  0.0
  0.0  0.0  0.0  0.0  0.0  0.0  0.0 11.2  0.0  0.0  0.0  0.0  0.0  0.0  0.0
  0.0  0.0  0.0  0.0  0.0  0.0  0.0  0.0 11.2  0.0  0.0  0.0  0.0  0.0  0.0
  0.0 11.2  0.0 11.2  0.0 11.2 11.2  0.0  0.0  0.0  0.0  0.0  0.0  0.0  0.0
  0.0  0.0  0.0  0.0  0.0  0.0  0.0 11.2 22.5  0.0 11.2 11.2  0.0  0.0  0.0
  0.0  0.0 11.2  0.0  0.0  0.0  0.0  0.0  0.0 33.7  0.0  0.0 11.2  0.0  0.0
    -26.00     -4.99      1.90     -6.61     10.43  0.0  0.0  0.0  0.0  0.0
                                t000110_s19_p27_ai-el2ap.txt 19.8  5.0  102
  0.0  0.0  0.0 19.6  0.0  0.0  0.0  0.0  0.0  0.0  0.0  0.0  0.0  0.0  0.0
  0.0  0.0  0.0  0.0  0.0  0.0362.7137.3 58.8 49.0  0.0  0.0  9.8  0.0  0.0
  0.0  0.0 49.0  9.8  0.0  9.8  0.0  0.0  9.8  0.0  0.0  0.0  9.8  9.8  0.0
  9.8  0.0  0.0  0.0  9.8  0.0  0.0 19.6  0.0  0.0 98.0  0.0  0.0 68.6  0.0
  0.0  0.0  0.0  0.0  0.0  0.0  0.0  0.0  0.0  0.0  0.0  0.0  0.0  0.0  0.0
  0.0  0.0  0.0  0.0  0.0  0.0  0.0  0.0  0.0  0.0  0.0  0.0  0.0  0.0  0.0
  0.0  0.0  0.0  0.0  0.0  0.0  0.0  0.0  0.0  0.0  0.0  0.0  0.0  0.0  0.0
  0.0  0.0  0.0  0.0  0.0  0.0  0.0  0.0  0.0  0.0  0.0  0.0  0.0  0.0  0.0
  0.0  0.0  0.0  0.0  0.0  0.0  0.0 19.6  9.8  0.0  9.8  9.8  0.0  0.0  0.0
  0.0  0.0  0.0  0.0  0.0  0.0  0.0  9.8  0.0  9.8  0.0  0.0  9.8  0.0  0.0
    -29.27     -2.30      1.02     -3.44      7.15  0.0  0.0  0.0  0.0  0.0
                                t000110_s19_p28_ai-el2ap.txt 17.0  5.0   90
  0.0  0.0  0.0 33.3  0.0  0.0  0.0  0.0  0.0 22.2  0.0  0.0  0.0  0.0  0.0
  0.0  0.0 11.1 22.2  0.0  0.0311.1166.7100.0 33.3  0.0  0.0  0.0  0.0  0.0
  0.0  0.0 33.3  0.0  0.0 11.1  0.0  0.0  0.0  0.0  0.0  0.0  0.0 22.2 11.1
  0.0  0.0  0.0 11.1 11.1 11.1 22.2 33.3  0.0  0.0111.1  0.0  0.0 88.9  0.0
  0.0  0.0  0.0  0.0  0.0  0.0  0.0  0.0  0.0  0.0  0.0  0.0  0.0  0.0  0.0
  0.0  0.0  0.0  0.0  0.0  0.0  0.0  0.0  0.0  0.0  0.0  0.0  0.0  0.0  0.0
  0.0  0.0  0.0  0.0  0.0  0.0  0.0  0.0  0.0  0.0  0.0  0.0  0.0  0.0  0.0
  0.0  0.0  0.0  0.0  0.0  0.0  0.0  0.0  0.0  0.0  0.0  0.0  0.0  0.0  0.0
  0.0  0.0  0.0  0.0  0.0  0.0  0.0 11.1 11.1  0.0 33.3  0.0  0.0  0.0 11.1
  0.0  0.0  0.0  0.0  0.0  0.0  0.0  0.0  0.0 33.3  0.0  0.0 11.1  0.0  0.0
    -19.96     -4.63      2.66     -6.61      8.29  0.0  0.0  0.0  0.0  0.0
                                t000110_s19_p29_ai-el2ap.txt 21.5  4.9  116
  0.0  0.0  0.0 34.5  0.0  0.0  0.0  0.0  0.0 17.2  0.0  0.0  0.0  0.0  0.0
  0.0  0.0  8.6  8.6  0.0  0.0327.6112.1 51.7 17.2  0.0  8.6  0.0  0.0  8.6
  0.0  0.0 17.2  0.0  0.0 43.1  0.0  0.0  0.0  0.0  0.0  8.6  0.0 43.1  0.0
  0.0  0.0  0.0 17.2  0.0  8.6  8.6 43.1  0.0  8.6 51.7  0.0  8.6 77.6  0.0
  0.0  0.0  0.0  0.0  0.0  0.0  0.0  0.0  0.0  0.0  0.0  0.0  0.0  0.0  0.0
  0.0  0.0  0.0  0.0  0.0  0.0  0.0  0.0  0.0  0.0  0.0  0.0  0.0  0.0  0.0
  0.0  0.0  0.0  0.0  0.0  0.0  0.0  0.0  0.0  0.0  0.0  0.0  0.0  0.0  0.0
  0.0  0.0  0.0  0.0  0.0  0.0  0.0  0.0  0.0  0.0  0.0  0.0  0.0  0.0  0.0
  0.0  0.0  0.0  0.0  0.0  0.0  0.0  8.6 17.2  0.0  0.0  0.0  0.0  0.0  0.0
  0.0  0.0  0.0  0.0  0.0  0.0  0.0  0.0  0.0 25.9  0.0  0.0  8.6  0.0  0.0
    -19.63     -3.50      4.03     -3.16      2.90  0.0  0.0  0.0  0.0  0.0
                                t000110_s19_p30_ai-el2ap.txt 16.3  4.9   87
  0.0  0.0  0.0 34.5  0.0  0.0  0.0  0.0  0.0 23.0  0.0  0.0  0.0  0.0  0.0
  0.0  0.0 11.5  0.0  0.0  0.0287.4183.9 57.5 46.0  0.0  0.0  0.0  0.0  0.0
  0.0  0.0 23.0  0.0  0.0  0.0  0.0  0.0  0.0  0.0  0.0  0.0  0.0 46.0  0.0
  0.0  0.0  0.0 11.5  0.0 11.5  0.0 46.0  0.0  0.0 92.0  0.0  0.0 92.0  0.0
  0.0  0.0  0.0  0.0  0.0  0.0  0.0  0.0  0.0  0.0  0.0  0.0  0.0  0.0  0.0
  0.0  0.0  0.0  0.0  0.0  0.0  0.0  0.0  0.0  0.0  0.0  0.0  0.0  0.0  0.0
  0.0  0.0  0.0  0.0  0.0  0.0  0.0  0.0  0.0  0.0  0.0  0.0  0.0  0.0  0.0
  0.0  0.0  0.0  0.0  0.0  0.0  0.0  0.0  0.0  0.0  0.0  0.0  0.0  0.0  0.0
  0.0  0.0  0.0  0.0  0.0  0.0  0.0 34.5 11.5  0.0 11.5  0.0  0.0  0.0  0.0
  0.0  0.0  0.0  0.0  0.0  0.0  0.0  0.0  0.0 34.5  0.0  0.0 11.5  0.0  0.0
    -21.69     -4.22      2.57     -6.61      3.34  0.0  0.0  0.0  0.0  0.0
                                t000110_s19_p31_ai-el2ap.txt 13.8  5.4   76
  0.0  0.0  0.0 52.6  0.0  0.0  0.0  0.0  0.0  0.0  0.0  0.0  0.0  0.0  0.0
  0.0  0.0  0.0  0.0  0.0  0.0407.9118.4 65.8 26.3  0.0  0.0  0.0  0.0  0.0
  0.0  0.0 13.2  0.0  0.0 26.3  0.0  0.0  0.0  0.0  0.0  0.0 13.2 26.3  0.0
  0.0  0.0  0.0 13.2  0.0  0.0  0.0 26.3  0.0  0.0 92.1  0.0  0.0 78.9  0.0
 13.2  0.0  0.0  0.0  0.0  0.0  0.0  0.0  0.0  0.0  0.0  0.0  0.0  0.0  0.0
  0.0  0.0  0.0  0.0  0.0  0.0  0.0  0.0  0.0  0.0  0.0  0.0  0.0  0.0  0.0
  0.0  0.0  0.0  0.0  0.0  0.0  0.0  0.0  0.0  0.0  0.0  0.0  0.0  0.0  0.0
  0.0  0.0  0.0  0.0  0.0  0.0  0.0  0.0  0.0  0.0  0.0  0.0  0.0  0.0  0.0
  0.0  0.0  0.0  0.0  0.0  0.0  0.0 13.2  0.0  0.0  0.0  0.0  0.0  0.0  0.0
  0.0  0.0  0.0  0.0  0.0  0.0  0.0  0.0  0.0 26.3  0.0  0.0 13.2  0.0  0.0
    -30.19     -4.86      0.39     -6.61      8.58  0.0  0.0  0.0  0.0  0.0
                                t000110_s19_p32_ai-el2ap.txt 20.0  5.4  120
  0.0  0.0  0.0 25.0  0.0  0.0  0.0  0.0  0.0  8.3  0.0  0.0  0.0  0.0  0.0
  0.0  0.0  0.0  0.0  0.0  0.0358.3141.7 50.0 33.3  0.0  8.3  8.3  0.0  0.0
  0.0  0.0 16.7 25.0  0.0 25.0  0.0  0.0  8.3  0.0  0.0 25.0  0.0 41.7  0.0
 16.7  0.0  0.0  0.0  0.0  0.0  0.0 58.3  0.0  0.0 50.0  0.0  0.0 83.3  0.0
  0.0  0.0  0.0  0.0  0.0  0.0  0.0  0.0  0.0  0.0  0.0  0.0  0.0  0.0  0.0
  0.0  0.0  0.0  0.0  0.0  0.0  0.0  0.0  0.0  0.0  0.0  0.0  0.0  0.0  0.0
  0.0  0.0  0.0  0.0  0.0  0.0  0.0  0.0  0.0  0.0  0.0  0.0  0.0  0.0  0.0
  0.0  0.0  0.0  0.0  0.0  0.0  0.0  0.0  0.0  0.0  0.0  0.0  0.0  0.0  0.0
  0.0  0.0  0.0  0.0  0.0  0.0  0.0 16.7 16.7  0.0  8.3  0.0  0.0  0.0 16.7
  0.0  0.0  0.0  0.0  0.0  0.0  0.0  8.3  8.3 16.7  0.0  0.0  8.3  0.0  0.0
    -28.62     -1.49     -6.43      6.08      8.06  0.0  0.0  0.0  0.0  0.0
                                t000110_s19_p33_ai-el2ap.txt 17.8  5.6   92
  0.0  0.0  0.0 32.6  0.0  0.0  0.0  0.0  0.0 10.9  0.0  0.0  0.0  0.0  0.0
  0.0  0.0  0.0  0.0  0.0  0.0369.6119.6 65.2 32.6  0.0 10.9 10.9  0.0  0.0
  0.0  0.0 43.5  0.0  0.0 10.9 10.9  0.0  0.0  0.0 10.9  0.0 10.9 32.6  0.0
  0.0  0.0 10.9 10.9  0.0 10.9  0.0 32.6  0.0  0.0 76.1  0.0  0.0 97.8  0.0
  0.0  0.0  0.0  0.0  0.0  0.0  0.0  0.0  0.0  0.0  0.0  0.0  0.0  0.0  0.0
  0.0  0.0  0.0 10.9  0.0  0.0  0.0  0.0  0.0  0.0  0.0  0.0  0.0  0.0  0.0
  0.0  0.0  0.0  0.0  0.0 10.9  0.0  0.0  0.0  0.0  0.0  0.0  0.0  0.0  0.0
 10.9  0.0  0.0 10.9  0.0 10.9 10.9  0.0  0.0  0.0  0.0  0.0  0.0  0.0  0.0
  0.0  0.0  0.0  0.0  0.0  0.0  0.0 10.9 10.9  0.0  0.0  0.0 10.9  0.0  0.0
  0.0  0.0  0.0  0.0  0.0  0.0  0.0  0.0 10.9 21.7  0.0  0.0 32.6  0.0  0.0
    -28.68     -0.55      3.38     -1.43      8.11  0.0  0.0  0.0  0.0  0.0
                                t000110_s19_p34_ai-el2ap.txt 16.8  5.0   90
  0.0  0.0  0.0 22.2  0.0  0.0  0.0  0.0  0.0  0.0  0.0  0.0  0.0  0.0  0.0
  0.0  0.0  0.0 11.1  0.0  0.0355.6166.7 66.7 22.2  0.0  0.0  0.0  0.0  0.0
  0.0  0.0 33.3  0.0  0.0  0.0  0.0  0.0  0.0  0.0  0.0  0.0  0.0 44.4  0.0
  0.0  0.0  0.0  0.0  0.0  0.0 11.1 44.4  0.0  0.0100.0  0.0  0.0 55.6  0.0
  0.0  0.0  0.0  0.0  0.0  0.0  0.0  0.0  0.0  0.0  0.0  0.0  0.0  0.0  0.0
  0.0  0.0  0.0  0.0  0.0  0.0  0.0  0.0  0.0  0.0  0.0  0.0  0.0  0.0  0.0
  0.0  0.0  0.0  0.0  0.0  0.0  0.0  0.0  0.0  0.0  0.0  0.0  0.0  0.0  0.0
  0.0  0.0  0.0  0.0  0.0  0.0  0.0  0.0  0.0  0.0  0.0  0.0  0.0  0.0  0.0
  0.0  0.0  0.0  0.0  0.0  0.0  0.0 11.1 22.2  0.0 22.2 22.2  0.0  0.0  0.0
  0.0  0.0  0.0  0.0  0.0  0.0  0.0  0.0  0.0 22.2  0.0  0.0 11.1  0.0  0.0
    -28.24     -5.00      3.29     -6.61      3.11  0.0  0.0  0.0  0.0  0.0
                                t000110_s19_p35_ai-el2ap.txt 16.0  4.9   88
  0.0  0.0  0.0 34.1  0.0  0.0  0.0  0.0  0.0 11.4  0.0  0.0  0.0  0.0  0.0
  0.0  0.0  0.0  0.0  0.0  0.0250.0125.0 79.5 56.8  0.0  0.0  0.0  0.0 11.4
  0.0  0.0 22.7  0.0  0.0  0.0  0.0  0.0  0.0  0.0  0.0  0.0  0.0 22.7 11.4
  0.0 11.4  0.0 11.4  0.0  0.0 11.4 34.1  0.0 11.4125.0  0.0  0.0 90.9  0.0
  0.0  0.0  0.0  0.0  0.0  0.0  0.0  0.0  0.0  0.0  0.0  0.0  0.0  0.0  0.0
  0.0  0.0  0.0  0.0  0.0  0.0  0.0  0.0  0.0  0.0  0.0  0.0 11.4  0.0  0.0
  0.0  0.0  0.0  0.0  0.0  0.0  0.0  0.0  0.0  0.0  0.0  0.0  0.0  0.0  0.0
  0.0  0.0 11.4 11.4  0.0  0.0  0.0  0.0  0.0  0.0  0.0  0.0  0.0  0.0  0.0
  0.0  0.0  0.0  0.0  0.0  0.0  0.0  0.0 11.4 11.4  0.0  0.0  0.0 11.4  0.0
  0.0  0.0  0.0  0.0  0.0  0.0  0.0  0.0  0.0 22.7  0.0  0.0  0.0  0.0  0.0
    -24.57     -3.86      8.23     -6.61      8.56  0.0  0.0  0.0  0.0  0.0
                                t000110_s19_p36_ai-el2ap.txt 25.8  5.1  130
  7.7  0.0  0.0 15.4  0.0  0.0  0.0  0.0  0.0 23.1  0.0  0.0  0.0  0.0  0.0
  0.0  0.0  0.0  7.7  0.0  0.0369.2100.0 61.5 30.8  0.0  0.0  0.0  0.0  0.0
  0.0  0.0 53.8  0.0  0.0 30.8  0.0  0.0  0.0  0.0  0.0  7.7  7.7 23.1  7.7
  7.7  0.0  0.0  7.7  0.0  0.0  7.7 38.5  0.0  0.0 76.9  0.0  0.0 69.2  0.0
  7.7  0.0  0.0  0.0  0.0  0.0  0.0  0.0  0.0  0.0  0.0  0.0  0.0  0.0  0.0
  0.0  0.0  0.0  0.0  0.0  0.0  0.0  0.0  0.0  0.0  0.0  0.0  0.0  0.0  0.0
  0.0  0.0  0.0  0.0  0.0  0.0  0.0  0.0  0.0  0.0  0.0  0.0  0.0  0.0  0.0
  0.0  0.0  0.0  0.0  0.0  0.0  0.0  0.0  0.0  0.0  0.0  0.0  0.0  0.0  0.0
  0.0  0.0  0.0  0.0  0.0  0.0  0.0  0.0  7.7  0.0 23.1  0.0  0.0  0.0  0.0
  0.0  0.0  0.0  0.0  0.0  0.0  0.0  7.7  0.0 30.8  0.0  0.0  0.0  0.0  0.0
    -23.07     -4.72      2.96     -3.53     13.08  0.0  0.0  0.0  0.0  0.0
                                t000110_s19_p37_ai-el2ap.txt 27.8  4.9  166
  0.0  0.0  0.0 42.2  0.0  0.0  0.0  0.0  0.0 12.0  0.0  0.0  0.0  0.0  0.0
  6.0  0.0  0.0  6.0  0.0  0.0295.2126.5 78.3 24.1  0.0  6.0  0.0  0.0  0.0
  0.0  0.0 30.1  0.0  6.0 36.1  0.0  0.0  0.0  0.0  0.0  0.0  6.0  6.0 12.0
  0.0  6.0  0.0 24.1  6.0  0.0 12.0 18.1  0.0  0.0114.5  0.0  0.0 78.3  0.0
 18.1  0.0  0.0  0.0  0.0  0.0  0.0  0.0  0.0  0.0  0.0  0.0  0.0  0.0  0.0
  0.0  0.0  0.0  0.0  0.0  0.0  0.0  0.0  0.0  0.0  0.0  0.0  0.0  0.0  0.0
  0.0  0.0  0.0  0.0  0.0  0.0  0.0  0.0  0.0  0.0  0.0  0.0  0.0  0.0  0.0
  0.0  0.0  0.0  0.0  0.0  0.0  0.0  0.0  0.0  0.0  0.0  0.0  0.0  0.0  0.0
  0.0  0.0  0.0  0.0  0.0  0.0  0.0  0.0  0.0  0.0 18.1  0.0 12.0  0.0 18.1
  0.0  6.0  0.0  0.0  0.0  0.0  0.0 18.1  0.0 18.1  0.0 12.0  0.0  0.0  0.0
    -21.87     -3.78     -0.76     -6.61     10.32  0.0  0.0  0.0  0.0  0.0
                                t000110_s19_p38_ai-el2ap.txt 23.0  5.3  124
  0.0  0.0  0.0 40.3  0.0  0.0  8.1  0.0  0.0 24.2  0.0  0.0  0.0  0.0  0.0
  0.0  0.0 16.1  0.0  0.0  0.0330.6145.2 40.3 24.2  0.0  0.0  0.0  0.0  8.1
  0.0  0.0 40.3  0.0  0.0  0.0  8.1  0.0  0.0  0.0  0.0  8.1  0.0 32.3  8.1
  0.0  0.0  0.0 16.1  8.1 16.1  0.0 40.3  0.0  8.1 64.5  0.0  0.0 80.6  0.0
  0.0  0.0  0.0  0.0  0.0  0.0  0.0  0.0  0.0  0.0  0.0  0.0  0.0  0.0  0.0
  0.0  0.0  0.0  0.0  0.0  0.0  0.0  0.0  0.0  0.0  0.0  0.0  0.0  0.0  0.0
  0.0  0.0  0.0  0.0  0.0  0.0  0.0  0.0  0.0  0.0  0.0  0.0  0.0  0.0  0.0
  0.0  0.0  0.0  0.0  0.0  0.0  0.0  0.0  0.0  0.0  0.0  0.0  0.0  0.0  0.0
  0.0  0.0  0.0  0.0  0.0  0.0  0.0  8.1  8.1  0.0 16.1 16.1  0.0  0.0  0.0
  0.0  0.0  0.0  0.0  0.0  0.0  0.0  8.1  0.0 24.2  0.0  0.0  8.1  0.0  0.0
    -18.14     -4.93      7.81     -3.38      7.46  0.0  0.0  0.0  0.0  0.0
                                t000110_s19_p39_ai-el2ap.txt 23.3  4.8  124
  0.0  0.0  0.0 32.3  0.0  0.0  0.0  0.0  0.0 16.1  0.0  0.0  0.0  0.0  0.0
  0.0  0.0  0.0  8.1  0.0  0.0330.6121.0104.8 16.1  0.0  0.0  0.0  0.0  0.0
  0.0  0.0 32.3  0.0  0.0 40.3  0.0  0.0  0.0  0.0  0.0  0.0  8.1 16.1 16.1
  0.0  0.0  0.0  0.0 16.1  0.0  8.1 32.3  0.0  0.0137.1  0.0  0.0 48.4  0.0
  8.1  0.0  0.0  0.0  0.0  0.0  0.0  0.0  0.0  0.0  0.0  0.0  0.0  0.0  0.0
  0.0  0.0  0.0  0.0  0.0  0.0  0.0  0.0  0.0  0.0  0.0  0.0  0.0  0.0  0.0
  0.0  0.0  0.0  0.0  0.0  0.0  0.0  0.0  0.0  0.0  0.0  0.0  0.0  0.0  0.0
  0.0  0.0  0.0  0.0  0.0  0.0  0.0  0.0  0.0  0.0  0.0  0.0  0.0  0.0  0.0
  0.0  0.0  0.0  0.0  0.0  0.0  0.0  0.0  0.0  0.0 16.1  0.0  0.0  0.0 24.2
  0.0  8.1  0.0  0.0  0.0  0.0  0.0  0.0  0.0 24.2  0.0  0.0  0.0  0.0  0.0
    -25.41     -5.20      0.92     -6.61     16.26  0.0  0.0  0.0  0.0  0.0
                                 t000110_s19_p6_ai-el2ap.txt  8.3  4.9   41
  0.0  0.0  0.0 73.2  0.0  0.0  0.0  0.0  0.0  0.0  0.0  0.0  0.0  0.0  0.0
  0.0  0.0  0.0  0.0  0.0  0.0292.7170.7 73.2 24.4  0.0  0.0  0.0  0.0  0.0
  0.0  0.0 24.4  0.0  0.0  0.0  0.0  0.0 24.4  0.0  0.0  0.0  0.0  0.0  0.0
  0.0  0.0  0.0 24.4  0.0  0.0  0.0  0.0  0.0  0.0146.3  0.0  0.0 97.6  0.0
  0.0  0.0  0.0  0.0  0.0  0.0  0.0  0.0  0.0  0.0  0.0  0.0  0.0  0.0  0.0
  0.0  0.0  0.0  0.0  0.0  0.0  0.0  0.0  0.0  0.0  0.0  0.0  0.0  0.0  0.0
  0.0  0.0  0.0  0.0  0.0  0.0  0.0  0.0  0.0  0.0  0.0  0.0  0.0  0.0  0.0
  0.0  0.0  0.0  0.0  0.0  0.0  0.0  0.0  0.0  0.0  0.0  0.0  0.0  0.0  0.0
  0.0  0.0  0.0  0.0  0.0  0.0  0.0 48.8 24.4  0.0 24.4  0.0  0.0  0.0  0.0
  0.0  0.0  0.0  0.0  0.0  0.0  0.0 24.4  0.0  0.0  0.0  0.0  0.0  0.0  0.0
    -27.74     -4.93      2.67      1.26     -3.63  0.0  0.0  0.0  0.0  0.0
                                 t000110_s19_p7_ai-el2ap.txt 17.5  4.7   88
  0.0  0.0  0.0 22.7  0.0  0.0  0.0  0.0  0.0 22.7  0.0  0.0  0.0  0.0  0.0
  0.0  0.0  0.0  0.0  0.0  0.0329.5136.4 45.5 45.5  0.0  0.0  0.0  0.0  0.0
  0.0  0.0 22.7  0.0  0.0 11.4  0.0  0.0  0.0  0.0  0.0  0.0  0.0 22.7  0.0
 11.4  0.0  0.0 11.4  0.0  0.0  0.0 34.1  0.0  0.0 68.2  0.0  0.0 79.5  0.0
  0.0  0.0  0.0  0.0  0.0  0.0  0.0  0.0  0.0  0.0  0.0  0.0  0.0  0.0  0.0
  0.0  0.0  0.0  0.0  0.0  0.0  0.0  0.0  0.0  0.0  0.0  0.0  0.0  0.0  0.0
  0.0  0.0  0.0  0.0  0.0  0.0  0.0  0.0  0.0  0.0  0.0  0.0  0.0  0.0  0.0
  0.0  0.0  0.0  0.0  0.0  0.0  0.0  0.0  0.0  0.0  0.0  0.0  0.0  0.0  0.0
  0.0  0.0  0.0  0.0  0.0  0.0  0.0 22.7  0.0  0.0  0.0 11.4  0.0 11.4 11.4
  0.0  0.0  0.0  0.0  0.0  0.0  0.0 11.4 11.4 22.7  0.0  0.0  0.0  0.0  0.0
    -23.61     -4.23      1.91     -6.61      3.48  0.0  0.0  0.0  0.0  0.0
                                 t000110_s19_p8_ai-el2ap.txt 19.3  4.8  106
  0.0  0.0  0.0 28.3  0.0  0.0  0.0  0.0  0.0 18.9  0.0  0.0  0.0  0.0  0.0
  0.0  0.0  9.4  9.4  0.0  0.0377.4160.4 75.5 28.3  0.0  0.0  0.0  0.0  0.0
  0.0  0.0 28.3  0.0  0.0  9.4  0.0  0.0  0.0  0.0  0.0  0.0  9.4  9.4  9.4
  0.0  0.0  0.0  0.0  0.0  9.4  9.4 18.9  0.0  0.0 94.3  0.0  0.0 56.6  0.0
  0.0  0.0  0.0  0.0  0.0  0.0  0.0  0.0  0.0  0.0  0.0  0.0  0.0  0.0  0.0
  0.0  0.0  0.0  0.0  0.0  0.0  0.0  0.0  0.0  0.0  0.0  0.0  0.0  0.0  0.0
  0.0  0.0  0.0  0.0  0.0  0.0  0.0  0.0  0.0  0.0  0.0  0.0  0.0  0.0  0.0
  0.0  0.0  0.0  0.0  0.0  0.0  0.0  0.0  0.0  0.0  0.0  0.0  0.0  0.0  0.0
  0.0  0.0  0.0  0.0  0.0  0.0  0.0 18.9  9.4  0.0  9.4  0.0  0.0  0.0  9.4
  0.0  0.0  0.0  0.0  0.0  0.0  0.0  0.0  0.0 18.9  0.0  0.0  9.4  0.0  0.0
    -23.58     -4.80      2.40     -6.61     10.96  0.0  0.0  0.0  0.0  0.0
                                 t000110_s19_p9_ai-el2ap.txt 18.3  5.1  104
  0.0  0.0  0.0 28.8  0.0  0.0  0.0  0.0  0.0  0.0  0.0  0.0  0.0  0.0  0.0
  0.0  0.0  0.0  0.0  0.0  0.0375.0125.0 76.9 28.8  0.0  9.6  0.0  0.0  0.0
  0.0  0.0 28.8  9.6  0.0 38.5  0.0  0.0  0.0  0.0  0.0  9.6  9.6 28.8  0.0
  0.0  0.0  0.0  0.0  0.0  0.0  0.0 28.8  0.0  0.0 86.5  0.0  0.0 57.7  0.0
  0.0  0.0  0.0  0.0  0.0  0.0  0.0  0.0  0.0  0.0  0.0  0.0  0.0  0.0  0.0
  0.0  0.0  0.0  0.0  0.0  0.0  0.0  0.0  0.0  0.0  0.0  0.0  0.0  0.0  0.0
  0.0  0.0  0.0  0.0  0.0  0.0  0.0  0.0  0.0  0.0  9.6  0.0  0.0  0.0  0.0
  0.0  0.0  0.0  0.0  0.0  0.0  0.0  9.6  0.0  0.0  0.0  0.0  0.0  0.0  0.0
  0.0  0.0  0.0  0.0  0.0  0.0  0.0 28.8  9.6  0.0  0.0  0.0  0.0  0.0  9.6
  0.0  0.0  0.0  0.0  0.0  0.0  0.0  0.0  0.0 19.2  0.0  0.0  9.6  0.0  0.0
    -30.24     -2.93     -1.96     -2.76      6.75  0.0  0.0  0.0  0.0  0.0
                                  t000110_s2_p1_ai-el2ap.txt 26.8  4.8  143
  0.0  0.0  0.0 28.0  0.0  7.0  0.0  0.0  0.0  0.0  0.0  0.0  0.0  0.0  0.0
  0.0  0.0  0.0 14.0  0.0  0.0510.5 76.9  7.0 21.0  7.0  0.0  7.0  0.0  7.0
  0.0  0.0 49.0  0.0  0.0 21.0  0.0  0.0  0.0  0.0  0.0  0.0  0.0  7.0 14.0
  0.0  0.0  0.0  0.0  0.0  0.0 14.0 21.0  0.0  7.0 14.0  7.0  0.0 55.9  0.0
  0.0  0.0  0.0  0.0  0.0  0.0  0.0  0.0  0.0  0.0  0.0  0.0  0.0  0.0  0.0
  0.0  0.0  0.0  0.0  0.0  0.0  0.0  0.0  0.0  0.0  0.0  0.0  0.0  0.0  0.0
  0.0  0.0  0.0  0.0  0.0  0.0  0.0  0.0  0.0  0.0  0.0  0.0  0.0  0.0  0.0
  0.0  0.0  0.0  0.0  0.0  0.0  0.0  0.0  0.0  0.0  0.0  0.0  0.0  0.0  0.0
  0.0  0.0  0.0  0.0  0.0  0.0  0.0  0.0 21.0  0.0 14.0  0.0  0.0 14.0  0.0
  0.0  0.0  0.0  0.0  0.0  0.0  0.0  0.0 21.0  0.0  0.0  0.0  7.0  0.0  0.0
    -22.64     -3.43      6.68     -6.61      8.19  0.0  0.0  0.0  0.0  0.0
                                  t000110_s6_p1_ai-el2ap.txt  9.0  4.9   44
  0.0  0.0  0.0 22.7  0.0  0.0  0.0  0.0  0.0  0.0  0.0  0.0  0.0  0.0  0.0
  0.0  0.0  0.0 22.7  0.0  0.0363.6136.4 45.5 68.2  0.0  0.0 22.7  0.0  0.0
  0.0  0.0  0.0  0.0  0.0  0.0  0.0  0.0  0.0  0.0  0.0  0.0  0.0 68.2  0.0
  0.0  0.0  0.0  0.0  0.0  0.0 22.7 68.2  0.0  0.0 45.5  0.0  0.0113.6  0.0
  0.0  0.0  0.0  0.0  0.0  0.0  0.0  0.0  0.0  0.0  0.0  0.0  0.0  0.0  0.0
  0.0  0.0  0.0  0.0  0.0  0.0  0.0  0.0  0.0  0.0  0.0  0.0  0.0  0.0  0.0
  0.0  0.0  0.0  0.0  0.0  0.0  0.0  0.0  0.0  0.0  0.0  0.0  0.0  0.0  0.0
  0.0  0.0  0.0  0.0  0.0  0.0  0.0  0.0  0.0  0.0  0.0  0.0  0.0  0.0  0.0
  0.0  0.0  0.0  0.0  0.0  0.0  0.0 45.5 22.7  0.0  0.0  0.0  0.0 45.5  0.0
  0.0  0.0  0.0  0.0  0.0  0.0  0.0  0.0  0.0 22.7  0.0  0.0 22.7  0.0  0.0
    -23.65      0.72      0.97     -6.61      6.70  0.0  0.0  0.0  0.0  0.0
                                  t000110_s6_p2_ai-el2ap.txt  4.5  5.4   24
 41.7  0.0  0.0  0.0  0.0  0.0  0.0 41.7  0.0  0.0  0.0  0.0  0.0  0.0  0.0
  0.0  0.0  0.0 41.7  0.0  0.0333.3166.7 41.7 41.7  0.0  0.0  0.0  0.0  0.0
  0.0  0.0  0.0  0.0  0.0  0.0  0.0  0.0  0.0  0.0  0.0  0.0  0.0  0.0  0.0
 41.7  0.0  0.0  0.0  0.0  0.0 41.7 41.7  0.0  0.0 41.7  0.0  0.0125.0  0.0
  0.0  0.0  0.0  0.0  0.0  0.0  0.0  0.0  0.0  0.0  0.0  0.0  0.0  0.0  0.0
  0.0  0.0  0.0  0.0  0.0  0.0  0.0  0.0  0.0  0.0  0.0  0.0  0.0  0.0  0.0
  0.0  0.0  0.0  0.0  0.0  0.0  0.0  0.0  0.0  0.0  0.0  0.0  0.0  0.0  0.0
  0.0  0.0  0.0  0.0  0.0  0.0  0.0  0.0  0.0  0.0  0.0  0.0  0.0  0.0  0.0
  0.0  0.0  0.0  0.0  0.0  0.0  0.0166.7  0.0  0.0  0.0  0.0  0.0  0.0  0.0
  0.0  0.0  0.0  0.0  0.0  0.0  0.0 41.7  0.0 41.7  0.0  0.0  0.0  0.0  0.0
     -7.80     -4.36      0.97     -6.61      9.81  0.0  0.0  0.0  0.0  0.0
                                  t000110_s6_p3_ai-el2ap.txt 14.8  5.0   73
  0.0  0.0  0.0 27.4  0.0  0.0  0.0  0.0  0.0  0.0  0.0  0.0  0.0  0.0  0.0
  0.0  0.0 13.7  0.0  0.0  0.0287.7123.3 95.9 27.4  0.0  0.0  0.0  0.0  0.0
  0.0  0.0 54.8  0.0  0.0 27.4  0.0  0.0  0.0  0.0  0.0  0.0  0.0 27.4  0.0
  0.0  0.0  0.0 13.7 13.7 13.7  0.0 27.4  0.0  0.0123.3  0.0  0.0 68.5 13.7
  0.0  0.0  0.0  0.0  0.0  0.0  0.0  0.0  0.0  0.0  0.0  0.0  0.0  0.0  0.0
  0.0  0.0  0.0  0.0  0.0  0.0  0.0  0.0  0.0  0.0  0.0  0.0  0.0  0.0  0.0
  0.0  0.0  0.0  0.0  0.0  0.0  0.0  0.0  0.0  0.0  0.0  0.0  0.0  0.0  0.0
  0.0  0.0  0.0  0.0  0.0  0.0  0.0  0.0  0.0  0.0  0.0  0.0  0.0  0.0  0.0
  0.0  0.0  0.0  0.0  0.0  0.0  0.0 27.4 13.7 13.7 13.7 13.7  0.0 27.4  0.0
  0.0 13.7  0.0  0.0  0.0  0.0  0.0 13.7  0.0 13.7  0.0  0.0  0.0  0.0  0.0
    -24.51     -4.83      3.22     -6.61      0.52  0.0  0.0  0.0  0.0  0.0
                                  t000110_s6_p4_ai-el2ap.txt 23.3  5.6  116
  0.0  0.0  0.0 25.9  0.0  0.0  8.6  0.0  0.0  0.0  0.0  0.0  0.0  0.0  0.0
  0.0  0.0  0.0 17.2  0.0  0.0353.4103.4103.4 34.5  0.0  0.0  8.6  0.0 17.2
  0.0  0.0 51.7  0.0  0.0  0.0  0.0  0.0  0.0  0.0  0.0  0.0  0.0 17.2 17.2
  8.6  0.0  0.0  0.0  8.6  0.0 17.2 43.1  0.0 17.2129.3  0.0  0.0 77.6  8.6
  0.0  0.0  0.0  0.0  0.0  0.0  0.0  0.0  0.0  0.0  0.0  0.0  0.0  0.0  0.0
  0.0  0.0  0.0  0.0  0.0  0.0  0.0  0.0  0.0  0.0  0.0  0.0  0.0  0.0  0.0
  0.0  0.0  0.0  0.0  0.0  0.0  0.0  0.0  0.0  0.0  0.0  0.0  0.0  0.0  0.0
  0.0  0.0  0.0  0.0  0.0  0.0  0.0  0.0  0.0  0.0  0.0  0.0  0.0  0.0  0.0
  0.0  0.0  0.0  0.0  0.0  0.0  0.0 25.9  0.0  0.0 17.2  8.6  0.0  8.6  0.0
  0.0  8.6  0.0  0.0  0.0  8.6  0.0  8.6  0.0  8.6  0.0  0.0  8.6  0.0  0.0
    -26.13     -3.00     13.19     -6.61     15.03  0.0  0.0  0.0  0.0  0.0
                                  t000110_s6_p5_ai-el2ap.txt 12.5  6.0   60
 16.7  0.0  0.0 16.7  0.0  0.0  0.0  0.0  0.0  0.0  0.0  0.0  0.0  0.0  0.0
  0.0  0.0  0.0  0.0  0.0  0.0316.7183.3116.7 33.3  0.0  0.0 16.7 16.7  0.0
  0.0  0.0100.0  0.0  0.0  0.0  0.0  0.0  0.0  0.0  0.0  0.0  0.0 16.7 16.7
  0.0  0.0 16.7  0.0  0.0  0.0  0.0 33.3  0.0 16.7200.0  0.0  0.0 66.7 16.7
  0.0  0.0  0.0  0.0  0.0  0.0  0.0  0.0  0.0  0.0  0.0  0.0  0.0  0.0  0.0
  0.0  0.0  0.0  0.0  0.0  0.0 16.7  0.0  0.0  0.0  0.0  0.0  0.0  0.0  0.0
  0.0  0.0  0.0  0.0  0.0  0.0  0.0  0.0  0.0  0.0  0.0  0.0  0.0  0.0  0.0
 16.7  0.0  0.0 16.7  0.0  0.0  0.0  0.0  0.0  0.0  0.0  0.0  0.0  0.0  0.0
  0.0  0.0  0.0  0.0  0.0  0.0  0.0 33.3  0.0  0.0 50.0 16.7  0.0  0.0  0.0
  0.0  0.0  0.0  0.0  0.0  0.0  0.0  0.0 16.7  0.0  0.0  0.0 16.7  0.0  0.0
    -33.87     -1.54     17.72     -6.61     11.72  0.0  0.0  0.0  0.0  0.0
                                  t000110_s6_p6_ai-el2ap.txt 21.8  5.4  135
  7.4  0.0  0.0 59.3  0.0  0.0  0.0  0.0  0.0  7.4  0.0  0.0  0.0  0.0  0.0
  0.0  0.0  0.0  0.0  0.0  0.0281.5103.7 66.7 22.2  0.0 14.8 14.8  0.0  0.0
  0.0  0.0 44.4  0.0  0.0 29.6  0.0  0.0  0.0  0.0  0.0  7.4  0.0  0.0  0.0
  0.0  0.0 22.2  0.0  7.4  0.0  0.0  0.0  0.0  0.0 96.3  0.0  0.0 81.5  7.4
  0.0  0.0  0.0  0.0  0.0  0.0  0.0  0.0  0.0  0.0  0.0  0.0  0.0  0.0  0.0
  0.0  0.0  0.0  7.4  0.0  0.0  7.4  0.0  0.0  0.0  0.0  0.0  0.0  0.0  0.0
  0.0  0.0  0.0  0.0  0.0  0.0  0.0  0.0  0.0  0.0  0.0  0.0  0.0  0.0  0.0
 14.8  0.0  0.0 14.8  0.0  0.0  0.0  0.0  0.0  0.0  0.0  0.0  0.0  0.0  0.0
  0.0  0.0  0.0  0.0  0.0  0.0  0.0  7.4 37.0  7.4 22.2  7.4  0.0  7.4 14.8
  0.0  0.0  7.4  0.0  0.0  7.4  0.0  0.0  7.4 14.8  0.0  0.0 29.6  0.0  0.0
    -24.35      0.60      2.38     -3.64     -3.63  0.0  0.0  7.4  0.0  0.0
                                  t000111_s1_p1_ai-el2ap.txt 19.5  5.6  113
  0.0  0.0  0.0 61.9  0.0  0.0  0.0  0.0  8.8 17.7  0.0  0.0  0.0  0.0  0.0
  0.0  0.0  8.8 17.7  0.0 17.7327.4159.3 97.3 26.5  0.0  0.0  8.8  0.0  8.8
  0.0  0.0115.0  0.0  8.8  0.0  8.8  0.0  8.8  0.0  0.0  0.0  0.0  8.8  0.0
  8.8  8.8  8.8  0.0  0.0  8.8 26.5 17.7  0.0  8.8106.2  8.8  0.0106.2  0.0
 26.5  0.0  0.0  0.0  0.0  0.0  0.0  0.0  0.0  0.0  0.0  0.0  0.0  0.0  0.0
  0.0  0.0  0.0  8.8  0.0  0.0  8.8  0.0  0.0  0.0  0.0  0.0  0.0  0.0  0.0
  0.0  0.0  0.0  8.8  0.0  0.0  0.0  0.0  0.0  0.0  0.0  0.0  0.0  0.0  0.0
 17.7  0.0  0.0 17.7  8.8  0.0  8.8  0.0  0.0  0.0  0.0  0.0  0.0  0.0  0.0
  0.0  0.0  0.0  0.0  0.0  0.0  0.0  0.0 35.4  0.0 35.4 17.7 17.7  0.0  8.8
  0.0  0.0  0.0  0.0  0.0  0.0  0.0  8.8 26.5  8.8  0.0  0.0 26.5  0.0  0.0
    -15.94     -3.22     10.78     -3.75      0.57  0.0  0.0  0.0  0.0  0.0
                                 t000111_s16_p1_ai-el2ap.txt 12.0  5.5   57
  0.0  0.0  0.0 87.7  0.0  0.0  0.0  0.0  0.0 17.5  0.0  0.0  0.0  0.0  0.0
  0.0  0.0 17.5  0.0  0.0  0.0228.1 87.7122.8  0.0 17.5  0.0 35.1 17.5  0.0
  0.0  0.0 52.6  0.0  0.0 35.1 17.5  0.0 17.5  0.0 17.5 17.5  0.0 17.5  0.0
  0.0  0.0 35.1  0.0 17.5 35.1  0.0 17.5  0.0 17.5140.4 17.5  0.0122.8 17.5
  0.0  0.0  0.0  0.0  0.0  0.0  0.0  0.0  0.0  0.0  0.0  0.0  0.0  0.0  0.0
  0.0  0.0  0.0 35.1  0.0  0.0  0.0  0.0  0.0  0.0  0.0  0.0  0.0  0.0  0.0
  0.0  0.0  0.0  0.0  0.0  0.0  0.0  0.0  0.0  0.0  0.0  0.0  0.0  0.0  0.0
 35.1  0.0  0.0 35.1  0.0  0.0  0.0  0.0  0.0  0.0  0.0  0.0  0.0  0.0  0.0
  0.0  0.0  0.0  0.0  0.0  0.0  0.0  0.0 35.1  0.0 52.6  0.0  0.0  0.0  0.0
  0.0  0.0  0.0  0.0  0.0 17.5  0.0  0.0 17.5 17.5 17.5  0.0  0.0  0.0  0.0
    -18.76      1.55     12.95     14.43     -0.97  0.0  0.0  0.0  0.0  0.0
                                t000111_s16_p10_ai-el2ap.txt 17.8  4.9  102
  9.8  0.0  0.0 88.2  0.0  0.0  0.0  0.0  0.0  9.8  0.0  9.8  0.0  0.0  0.0
  0.0  0.0 19.6  0.0  0.0  0.0254.9127.5 78.4 19.6  0.0  9.8  0.0  0.0  9.8
  0.0  0.0 39.2  0.0  9.8 39.2  9.8  0.0  0.0  0.0  0.0  9.8  9.8 49.0  9.8
  0.0  0.0  0.0  0.0  0.0 19.6  9.8 58.8  0.0  9.8 78.4  0.0  0.0127.5  0.0
  9.8  0.0  0.0  0.0  0.0  0.0  0.0  0.0  0.0  0.0  0.0  0.0  0.0  0.0  0.0
  0.0  0.0  0.0  0.0  9.8  0.0  0.0  0.0  0.0  0.0  0.0  0.0  0.0  9.8  0.0
  9.8  0.0  0.0  0.0  0.0  0.0  0.0  0.0  0.0  0.0  0.0  0.0  0.0  0.0  0.0
  9.8  0.0  9.8 19.6  9.8  0.0  9.8  0.0  0.0  0.0  0.0  0.0  0.0  0.0  0.0
  0.0  0.0  0.0  0.0  0.0  0.0  0.0  0.0  0.0 19.6 29.4  0.0  9.8  9.8  0.0
  0.0  0.0  0.0  0.0  0.0  0.0  0.0  9.8  0.0 19.6  0.0  0.0 19.6  0.0  0.0
    -11.01     -3.20      3.49     -2.68     17.47  0.0  0.0  0.0  0.0  0.0
                                t000111_s16_p11_ai-el2ap.txt  7.5  5.6   36
  0.0  0.0  0.0 27.8  0.0  0.0  0.0  0.0  0.0 27.8  0.0  0.0  0.0  0.0  0.0
  0.0  0.0  0.0  0.0  0.0  0.0305.6138.9138.9  0.0  0.0  0.0  0.0  0.0  0.0
  0.0  0.0 83.3  0.0  0.0 27.8  0.0  0.0  0.0  0.0  0.0  0.0  0.0  0.0  0.0
  0.0 27.8  0.0  0.0  0.0  0.0 27.8  0.0  0.0  0.0194.4  0.0  0.0 55.6 27.8
  0.0  0.0  0.0  0.0  0.0  0.0  0.0  0.0  0.0  0.0  0.0  0.0  0.0  0.0  0.0
  0.0  0.0  0.0  0.0  0.0  0.0  0.0  0.0  0.0  0.0  0.0  0.0  0.0  0.0  0.0
  0.0  0.0  0.0  0.0  0.0  0.0  0.0  0.0  0.0  0.0  0.0  0.0  0.0  0.0  0.0
  0.0  0.0  0.0  0.0  0.0  0.0  0.0  0.0  0.0  0.0  0.0  0.0  0.0  0.0  0.0
  0.0  0.0  0.0  0.0  0.0  0.0  0.0  0.0  0.0  0.0 27.8 27.8  0.0  0.0  0.0
  0.0  0.0  0.0  0.0  0.0  0.0  0.0  0.0  0.0  0.0  0.0 27.8  0.0  0.0  0.0
    -29.40     -5.73      5.18     -6.61     -3.63  0.0  0.0  0.0  0.0  0.0
                                t000111_s16_p12_ai-el2ap.txt 11.5  4.8   64
  0.0  0.0  0.0 62.5  0.0  0.0  0.0  0.0  0.0 46.9  0.0  0.0  0.0  0.0  0.0
  0.0  0.0  0.0 15.6  0.0  0.0281.3 78.1 62.5  0.0  0.0  0.0 15.6  0.0  0.0
  0.0  0.0156.3  0.0  0.0 31.3 31.3  0.0  0.0  0.0  0.0  0.0 15.6 15.6 15.6
  0.0  0.0 31.3  0.0 15.6  0.0 15.6 31.3  0.0  0.0 78.1  0.0  0.0109.4 15.6
  0.0  0.0  0.0  0.0  0.0  0.0  0.0  0.0  0.0  0.0  0.0  0.0  0.0  0.0  0.0
  0.0  0.0  0.0 15.6  0.0  0.0 15.6  0.0  0.0  0.0  0.0  0.0  0.0  0.0  0.0
  0.0  0.0  0.0 15.6  0.0  0.0  0.0  0.0  0.0  0.0  0.0  0.0  0.0  0.0  0.0
 31.3  0.0  0.0 31.3 15.6  0.0 15.6  0.0  0.0  0.0  0.0  0.0  0.0  0.0  0.0
  0.0  0.0  0.0  0.0  0.0  0.0  0.0  0.0 15.6 31.3 15.6  0.0 31.3  0.0  0.0
  0.0  0.0  0.0  0.0  0.0  0.0  0.0  0.0 31.3  0.0  0.0  0.0 15.6  0.0  0.0
    -13.45     -2.83     10.05     -6.61     20.53  0.0  0.0  0.0  0.0  0.0
                                t000111_s16_p13_ai-el2ap.txt 10.0  5.3   49
  0.0  0.0  0.0102.0  0.0  0.0  0.0  0.0  0.0 20.4  0.0  0.0  0.0  0.0  0.0
  0.0  0.0 20.4  0.0  0.0  0.0285.7204.1102.0 20.4  0.0  0.0  0.0  0.0  0.0
  0.0  0.0122.4  0.0  0.0  0.0  0.0  0.0  0.0  0.0  0.0  0.0  0.0  0.0  0.0
 20.4 20.4  0.0 20.4 40.8 20.4 20.4 20.4  0.0  0.0142.9  0.0  0.0122.4  0.0
  0.0  0.0  0.0  0.0  0.0  0.0  0.0  0.0  0.0  0.0  0.0  0.0  0.0  0.0  0.0
  0.0  0.0  0.0  0.0  0.0  0.0  0.0  0.0  0.0  0.0  0.0  0.0  0.0  0.0  0.0
  0.0  0.0  0.0  0.0  0.0  0.0  0.0  0.0  0.0  0.0  0.0  0.0  0.0  0.0  0.0
  0.0  0.0  0.0  0.0  0.0  0.0  0.0  0.0  0.0  0.0  0.0  0.0  0.0  0.0  0.0
  0.0  0.0  0.0  0.0  0.0  0.0  0.0  0.0  0.0  0.0  0.0  0.0  0.0 20.4  0.0
  0.0  0.0  0.0  0.0  0.0  0.0  0.0  0.0  0.0 20.4  0.0 20.4  0.0  0.0  0.0
    -21.74     -5.06      9.48     -6.61      2.96  0.0  0.0  0.0  0.0  0.0
                                t000111_s16_p14_ai-el2ap.txt  8.5  5.8   40
 25.0  0.0  0.0125.0  0.0  0.0  0.0  0.0  0.0  0.0  0.0  0.0  0.0  0.0  0.0
  0.0  0.0  0.0  0.0  0.0  0.0275.0125.0100.0 25.0  0.0  0.0  0.0  0.0  0.0
 25.0  0.0150.0  0.0  0.0  0.0 50.0  0.0  0.0  0.0  0.0  0.0  0.0 25.0  0.0
  0.0  0.0  0.0  0.0 25.0  0.0  0.0 25.0  0.0 25.0175.0  0.0  0.0150.0  0.0
  0.0  0.0  0.0  0.0  0.0  0.0  0.0  0.0  0.0  0.0  0.0  0.0  0.0  0.0  0.0
  0.0  0.0  0.0  0.0 25.0  0.0 25.0  0.0  0.0  0.0  0.0  0.0  0.0  0.0  0.0
  0.0  0.0 25.0 25.0  0.0  0.0  0.0  0.0  0.0  0.0  0.0  0.0  0.0  0.0  0.0
 50.0  0.0  0.0 50.0 50.0  0.0 50.0  0.0  0.0  0.0  0.0  0.0  0.0  0.0  0.0
  0.0  0.0  0.0  0.0  0.0  0.0  0.0  0.0 50.0  0.0 25.0  0.0  0.0 25.0  0.0
  0.0  0.0  0.0  0.0  0.0  0.0  0.0  0.0 25.0 25.0 25.0  0.0 25.0  0.0  0.0
    -25.01     -4.91     34.12     -6.61      0.16  0.0  0.0  0.0  0.0  0.0
                                t000111_s16_p15_ai-el2ap.txt  7.8  5.5   47
  0.0  0.0  0.0 85.1  0.0  0.0  0.0  0.0  0.0  0.0  0.0  0.0  0.0  0.0  0.0
  0.0  0.0  0.0  0.0  0.0  0.0276.6148.9 85.1  0.0  0.0  0.0  0.0  0.0  0.0
  0.0  0.0148.9  0.0  0.0 42.6  0.0  0.0  0.0  0.0  0.0  0.0 42.6  0.0  0.0
  0.0 21.3 21.3  0.0 42.6  0.0 21.3  0.0  0.0  0.0148.9  0.0  0.0 85.1  0.0
  0.0  0.0  0.0  0.0  0.0  0.0  0.0  0.0  0.0  0.0  0.0  0.0  0.0  0.0  0.0
  0.0  0.0  0.0  0.0  0.0  0.0  0.0  0.0  0.0  0.0  0.0  0.0  0.0  0.0  0.0
  0.0  0.0  0.0  0.0  0.0  0.0  0.0  0.0  0.0  0.0  0.0  0.0  0.0  0.0  0.0
  0.0  0.0  0.0  0.0  0.0  0.0  0.0  0.0  0.0  0.0  0.0  0.0  0.0  0.0  0.0
  0.0  0.0  0.0  0.0  0.0  0.0  0.0  0.0  0.0  0.0 42.6  0.0106.4  0.0  0.0
  0.0  0.0  0.0  0.0  0.0  0.0  0.0  0.0  0.0  0.0  0.0  0.0  0.0  0.0  0.0
    -28.12     -5.73      8.90     -6.61     22.97  0.0  0.0  0.0  0.0  0.0
                                t000111_s16_p16_ai-el2ap.txt  8.0  6.2   34
 29.4  0.0  0.0117.6  0.0  0.0  0.0  0.0  0.0  0.0  0.0  0.0  0.0  0.0  0.0
  0.0  0.0  0.0  0.0  0.0  0.0382.4 88.2147.1  0.0  0.0  0.0  0.0  0.0  0.0
  0.0  0.0 58.8  0.0  0.0  0.0  0.0  0.0  0.0  0.0  0.0  0.0  0.0  0.0  0.0
  0.0  0.0 29.4  0.0  0.0  0.0  0.0  0.0  0.0  0.0205.9  0.0  0.0147.1 29.4
  0.0  0.0  0.0  0.0  0.0  0.0  0.0  0.0  0.0  0.0  0.0  0.0  0.0  0.0  0.0
  0.0  0.0  0.0  0.0  0.0 29.4 29.4  0.0  0.0  0.0  0.0  0.0  0.0  0.0  0.0
  0.0  0.0  0.0 29.4  0.0  0.0  0.0  0.0  0.0  0.0  0.0  0.0  0.0  0.0  0.0
 58.8  0.0  0.0 58.8 29.4  0.0 29.4  0.0  0.0  0.0  0.0  0.0  0.0  0.0  0.0
  0.0  0.0  0.0  0.0  0.0  0.0  0.0  0.0 29.4  0.0 58.8  0.0  0.0  0.0  0.0
  0.0  0.0  0.0  0.0  0.0  0.0  0.0  0.0 29.4 29.4  0.0  0.0 29.4  0.0  0.0
    -29.94     -5.73      5.06     -6.61     -3.63  0.0  0.0  0.0  0.0  0.0
                                t000111_s16_p17_ai-el2ap.txt  9.8  4.9   58
 17.2  0.0  0.0 86.2  0.0  0.0 17.2  0.0  0.0 17.2  0.0  0.0  0.0  0.0  0.0
  0.0  0.0 17.2  0.0  0.0  0.0241.4120.7103.4 17.2  0.0  0.0  0.0  0.0  0.0
  0.0  0.0103.4  0.0  0.0 17.2  0.0  0.0  0.0  0.0  0.0  0.0 17.2 34.5  0.0
  0.0  0.0 34.5  0.0  0.0 17.2  0.0 34.5  0.0  0.0137.9  0.0  0.0 86.2  0.0
  0.0  0.0  0.0  0.0  0.0  0.0  0.0  0.0  0.0  0.0  0.0  0.0  0.0  0.0  0.0
  0.0  0.0  0.0 17.2  0.0 17.2  0.0  0.0  0.0  0.0  0.0  0.0  0.0  0.0  0.0
  0.0  0.0  0.0  0.0  0.0  0.0  0.0  0.0  0.0  0.0  0.0  0.0  0.0  0.0  0.0
 34.5  0.0  0.0 34.5  0.0  0.0  0.0  0.0  0.0  0.0  0.0  0.0  0.0  0.0  0.0
  0.0  0.0  0.0  0.0  0.0  0.0  0.0  0.0  0.0  0.0 51.7  0.0 34.5  0.0  0.0
  0.0  0.0  0.0  0.0  0.0  0.0  0.0  0.0  0.0 34.5  0.0  0.0 34.5  0.0  0.0
    -12.79     -5.16      7.18     -6.61     12.37  0.0  0.0  0.0  0.0  0.0
                                t000111_s16_p18_ai-el2ap.txt 11.0  5.0   59
  0.0  0.0  0.0101.7  0.0  0.0  0.0  0.0  0.0 16.9  0.0  0.0  0.0  0.0  0.0
  0.0  0.0  0.0  0.0  0.0  0.0220.3135.6 67.8  0.0  0.0  0.0  0.0  0.0 16.9
  0.0  0.0101.7  0.0  0.0 16.9 16.9  0.0  0.0  0.0  0.0 16.9  0.0 33.9 16.9
  0.0  0.0  0.0  0.0 33.9  0.0  0.0 50.8  0.0 16.9152.5  0.0  0.0118.6  0.0
 16.9  0.0  0.0  0.0  0.0  0.0  0.0  0.0  0.0  0.0  0.0  0.0  0.0  0.0  0.0
  0.0  0.0  0.0  0.0 16.9  0.0  0.0  0.0  0.0  0.0  0.0  0.0  0.0  0.0  0.0
  0.0  0.0 16.9  0.0  0.0  0.0  0.0  0.0  0.0  0.0  0.0  0.0 16.9  0.0  0.0
 16.9  0.0  0.0 16.9 16.9  0.0 16.9 16.9  0.0  0.0  0.0  0.0  0.0  0.0  0.0
  0.0  0.0  0.0  0.0  0.0  0.0  0.0  0.0 33.9  0.0  0.0  0.0 33.9  0.0  0.0
  0.0  0.0  0.0  0.0  0.0  0.0  0.0  0.0  0.0  0.0 16.9  0.0 16.9  0.0  0.0
    -20.96     -5.73     15.55      0.17     14.55  0.0  0.0  0.0  0.0  0.0
                                t000111_s16_p19_ai-el2ap.txt  5.5  5.1   26
  0.0  0.0  0.0 38.5  0.0  0.0  0.0  0.0  0.0  0.0  0.0  0.0  0.0  0.0  0.0
  0.0  0.0  0.0  0.0  0.0  0.0192.3153.8  0.0  0.0  0.0  0.0  0.0  0.0  0.0
  0.0  0.0  0.0 38.5  0.0 38.5 38.5  0.0  0.0  0.0  0.0 38.5  0.0  0.0  0.0
  0.0  0.0  0.0  0.0  0.0  0.0  0.0  0.0  0.0  0.0153.8  0.0  0.0 76.9  0.0
  0.0  0.0  0.0  0.0  0.0  0.0  0.0  0.0  0.0  0.0  0.0  0.0  0.0  0.0  0.0
  0.0  0.0  0.0  0.0  0.0  0.0 38.5  0.0  0.0  0.0  0.0  0.0  0.0  0.0  0.0
  0.0  0.0  0.0  0.0  0.0  0.0  0.0  0.0  0.0  0.0  0.0  0.0  0.0  0.0  0.0
 38.5  0.0  0.0 38.5  0.0  0.0  0.0  0.0  0.0  0.0  0.0  0.0  0.0  0.0  0.0
  0.0  0.0  0.0  0.0  0.0  0.0  0.0  0.0  0.0  0.0  0.0  0.0 38.5  0.0  0.0
  0.0  0.0  0.0  0.0  0.0  0.0  0.0  0.0 38.5  0.0  0.0  0.0 38.5  0.0  0.0
    -21.75     -5.73    -12.20      8.78     -3.63  0.0  0.0  0.0  0.0  0.0
                                 t000111_s16_p2_ai-el2ap.txt  8.5  4.9   37
  0.0  0.0  0.0135.1  0.0  0.0  0.0  0.0 27.0  0.0 27.0  0.0  0.0  0.0  0.0
  0.0  0.0 27.0  0.0  0.0  0.0270.3 54.1 81.1  0.0  0.0  0.0 27.0  0.0  0.0
  0.0  0.0108.1  0.0  0.0 27.0 27.0 27.0 27.0  0.0  0.0  0.0  0.0  0.0  0.0
 27.0  0.0  0.0 54.1  0.0 54.1  0.0 27.0  0.0  0.0108.1 27.0  0.0162.2  0.0
 27.0  0.0  0.0  0.0  0.0  0.0  0.0  0.0  0.0  0.0  0.0  0.0  0.0  0.0  0.0
  0.0  0.0  0.0  0.0  0.0  0.0  0.0  0.0  0.0  0.0  0.0  0.0  0.0  0.0  0.0
  0.0  0.0  0.0  0.0  0.0  0.0  0.0  0.0  0.0  0.0  0.0  0.0  0.0  0.0  0.0
  0.0  0.0  0.0  0.0  0.0  0.0  0.0  0.0  0.0  0.0  0.0  0.0  0.0  0.0  0.0
  0.0  0.0  0.0  0.0  0.0  0.0  0.0  0.0  0.0 27.0  0.0  0.0 54.1  0.0  0.0
  0.0  0.0  0.0  0.0  0.0 27.0  0.0 27.0 27.0  0.0  0.0  0.0  0.0  0.0  0.0
     -9.58     -0.72      6.95      8.55      5.09  0.0  0.0  0.0  0.0  0.0
                                t000111_s16_p20_ai-el2ap.txt  9.0  4.8   43
  0.0  0.0  0.0 46.5  0.0  0.0 23.3  0.0  0.0 23.3  0.0  0.0  0.0  0.0  0.0
  0.0  0.0  0.0  0.0  0.0  0.0209.3116.3 23.3 23.3  0.0  0.0  0.0  0.0  0.0
  0.0  0.0 69.8  0.0  0.0 46.5  0.0  0.0  0.0  0.0  0.0  0.0  0.0  0.0  0.0
  0.0  0.0  0.0  0.0 23.3  0.0  0.0  0.0  0.0  0.0162.8  0.0  0.0 93.0  0.0
  0.0 23.3  0.0  0.0  0.0  0.0  0.0  0.0  0.0  0.0  0.0  0.0  0.0  0.0  0.0
  0.0  0.0  0.0  0.0  0.0  0.0  0.0  0.0 23.3  0.0  0.0  0.0  0.0  0.0  0.0
  0.0  0.0  0.0  0.0  0.0  0.0  0.0  0.0  0.0  0.0  0.0  0.0  0.0  0.0  0.0
  0.0 23.3  0.0 23.3  0.0  0.0  0.0  0.0  0.0  0.0  0.0  0.0  0.0  0.0  0.0
  0.0  0.0  0.0  0.0  0.0  0.0  0.0  0.0 23.3  0.0  0.0  0.0  0.0  0.0  0.0
  0.0  0.0  0.0  0.0  0.0  0.0  0.0  0.0 23.3  0.0  0.0  0.0  0.0  0.0  0.0
    -12.92     -4.96      3.18     -6.61     -3.63  0.0  0.0  0.0  0.0  0.0
                                t000111_s16_p21_ai-el2ap.txt 12.5  6.0   73
  0.0  0.0  0.0 82.2  0.0  0.0 13.7  0.0  0.0 13.7  0.0  0.0  0.0  0.0  0.0
  0.0  0.0 13.7  0.0  0.0  0.0260.3 68.5191.8  0.0  0.0  0.0  0.0  0.0  0.0
  0.0  0.0 82.2  0.0  0.0 13.7  0.0  0.0  0.0  0.0 13.7 13.7  0.0 41.1  0.0
 13.7 13.7 27.4 27.4  0.0 27.4 13.7 54.8  0.0  0.0205.5  0.0  0.0 95.9  0.0
  0.0  0.0  0.0  0.0  0.0  0.0  0.0  0.0  0.0  0.0  0.0  0.0  0.0  0.0  0.0
  0.0  0.0  0.0  0.0  0.0 13.7  0.0  0.0  0.0  0.0  0.0  0.0  0.0 13.7  0.0
  0.0  0.0  0.0  0.0  0.0  0.0  0.0  0.0  0.0  0.0  0.0  0.0  0.0  0.0  0.0
 13.7  0.0 13.7 27.4  0.0  0.0  0.0  0.0  0.0  0.0  0.0  0.0  0.0  0.0  0.0
  0.0  0.0  0.0  0.0  0.0  0.0  0.0  0.0 41.1  0.0  0.0  0.0 13.7  0.0  0.0
  0.0  0.0  0.0  0.0  0.0 13.7  0.0  0.0  0.0 13.7  0.0  0.0 41.1  0.0  0.0
    -22.77     -5.73      5.90      5.40      7.02  0.0  0.0  0.0  0.0  0.0
                                t000111_s16_p22_ai-el2ap.txt  5.8  6.2   24
  0.0  0.0  0.0 83.3  0.0  0.0  0.0  0.0  0.0  0.0 41.7  0.0  0.0  0.0  0.0
  0.0  0.0  0.0  0.0  0.0  0.0291.7166.7166.7  0.0  0.0  0.0  0.0 41.7  0.0
  0.0  0.0125.0  0.0  0.0  0.0  0.0  0.0  0.0  0.0  0.0  0.0  0.0 41.7  0.0
  0.0  0.0  0.0  0.0  0.0  0.0  0.0 41.7  0.0 41.7166.7  0.0  0.0 83.3  0.0
  0.0  0.0  0.0  0.0  0.0  0.0  0.0  0.0  0.0  0.0  0.0  0.0  0.0  0.0  0.0
  0.0  0.0  0.0  0.0  0.0  0.0  0.0  0.0  0.0  0.0  0.0  0.0  0.0  0.0  0.0
  0.0  0.0  0.0  0.0  0.0  0.0  0.0  0.0  0.0  0.0  0.0  0.0  0.0  0.0  0.0
  0.0  0.0  0.0  0.0  0.0  0.0  0.0  0.0  0.0  0.0  0.0  0.0  0.0  0.0  0.0
  0.0  0.0  0.0  0.0  0.0  0.0  0.0  0.0 41.7  0.0  0.0  0.0 41.7  0.0  0.0
  0.0  0.0  0.0  0.0  0.0  0.0  0.0  0.0  0.0  0.0  0.0  0.0 41.7  0.0  0.0
    -30.94     -5.73     34.16     -6.61      2.69  0.0  0.0  0.0  0.0  0.0
                                 t000111_s16_p3_ai-el2ap.txt  4.8  3.6   25
  0.0  0.0  0.0 40.0  0.0  0.0  0.0  0.0 40.0  0.0  0.0  0.0  0.0  0.0  0.0
  0.0  0.0  0.0 40.0  0.0  0.0120.0240.0  0.0  0.0  0.0  0.0  0.0  0.0 40.0
  0.0  0.0  0.0 40.0 40.0 40.0  0.0  0.0  0.0  0.0  0.0  0.0  0.0 80.0  0.0
 40.0  0.0  0.0  0.0  0.0  0.0 40.0120.0  0.0 40.0  0.0 40.0  0.0120.0  0.0
  0.0  0.0  0.0  0.0  0.0  0.0  0.0  0.0  0.0  0.0  0.0  0.0  0.0  0.0  0.0
  0.0  0.0  0.0  0.0  0.0  0.0  0.0  0.0  0.0  0.0  0.0  0.0  0.0  0.0  0.0
  0.0  0.0  0.0  0.0  0.0  0.0  0.0  0.0  0.0  0.0  0.0  0.0  0.0  0.0  0.0
  0.0  0.0  0.0  0.0  0.0  0.0  0.0  0.0  0.0  0.0  0.0  0.0  0.0  0.0  0.0
  0.0  0.0  0.0  0.0  0.0  0.0  0.0  0.0  0.0  0.0 40.0  0.0 80.0  0.0  0.0
  0.0  0.0  0.0  0.0  0.0  0.0  0.0 80.0  0.0  0.0  0.0  0.0  0.0  0.0  0.0
     -9.51     -5.73     -4.49     -6.61     21.40  0.0  0.0  0.0  0.0  0.0
                                 t000111_s16_p4_ai-el2ap.txt 11.3  5.7   53
  0.0  0.0  0.0 75.5  0.0  0.0  0.0  0.0  0.0  0.0  0.0  0.0  0.0  0.0  0.0
  0.0  0.0  0.0  0.0  0.0  0.0226.4132.1 75.5 18.9 18.9  0.0  0.0  0.0  0.0
  0.0  0.0132.1  0.0  0.0 56.6 18.9  0.0  0.0  0.0  0.0  0.0 18.9 18.9 18.9
  0.0 18.9  0.0  0.0  0.0  0.0 18.9 37.7  0.0  0.0132.1 18.9  0.0 94.3  0.0
  0.0  0.0  0.0  0.0  0.0  0.0  0.0  0.0  0.0  0.0  0.0  0.0  0.0  0.0  0.0
  0.0  0.0  0.0  0.0  0.0  0.0 18.9  0.0  0.0  0.0  0.0  0.0  0.0  0.0  0.0
  0.0  0.0  0.0 18.9  0.0  0.0  0.0  0.0  0.0  0.0  0.0  0.0  0.0  0.0  0.0
 18.9  0.0  0.0 18.9 18.9  0.0 18.9  0.0  0.0  0.0  0.0  0.0  0.0  0.0  0.0
  0.0  0.0  0.0  0.0  0.0  0.0  0.0  0.0  0.0 18.9 18.9  0.0 18.9  0.0  0.0
  0.0  0.0  0.0  0.0 18.9  0.0  0.0  0.0 37.7  0.0  0.0  0.0 18.9  0.0  0.0
    -26.39     -4.27      6.93     -6.61     25.54  0.0  0.0  0.0  0.0  0.0
                                 t000111_s16_p5_ai-el2ap.txt  3.0  4.0   13
  0.0  0.0  0.0153.8  0.0  0.0  0.0  0.0  0.0  0.0  0.0  0.0  0.0  0.0  0.0
  0.0  0.0 76.9  0.0  0.0  0.0230.8153.8  0.0  0.0  0.0  0.0  0.0  0.0  0.0
  0.0  0.0  0.0  0.0  0.0  0.0  0.0  0.0  0.0  0.0  0.0  0.0  0.0 76.9  0.0
  0.0 76.9  0.0  0.0  0.0 76.9 76.9 76.9  0.0  0.0 76.9  0.0  0.0153.8  0.0
  0.0  0.0  0.0  0.0  0.0  0.0  0.0  0.0  0.0  0.0  0.0  0.0  0.0  0.0  0.0
  0.0  0.0  0.0  0.0  0.0  0.0  0.0  0.0  0.0  0.0  0.0  0.0  0.0  0.0  0.0
  0.0  0.0  0.0  0.0  0.0  0.0  0.0  0.0  0.0  0.0  0.0  0.0  0.0  0.0  0.0
  0.0  0.0  0.0  0.0  0.0  0.0  0.0  0.0  0.0  0.0  0.0  0.0  0.0  0.0  0.0
  0.0  0.0  0.0  0.0  0.0  0.0  0.0  0.0  0.0  0.0  0.0  0.0  0.0  0.0  0.0
  0.0  0.0  0.0  0.0  0.0  0.0  0.0  0.0  0.0  0.0  0.0  0.0  0.0  0.0  0.0
      5.20     -5.73      0.97     -6.61      8.03  0.0  0.0  0.0  0.0  0.0
                                 t000111_s16_p6_ai-el2ap.txt  6.5  5.8   31
  0.0  0.0  0.0 96.8  0.0  0.0 32.3  0.0  0.0  0.0  0.0  0.0  0.0  0.0  0.0
  0.0  0.0 32.3  0.0  0.0  0.0290.3 96.8  0.0  0.0  0.0  0.0  0.0  0.0  0.0
  0.0  0.0 96.8  0.0  0.0 32.3  0.0  0.0  0.0  0.0  0.0  0.0 32.3  0.0  0.0
  0.0  0.0  0.0  0.0 32.3 32.3  0.0  0.0  0.0  0.0 64.5  0.0  0.0 96.8  0.0
  0.0  0.0  0.0  0.0  0.0  0.0  0.0  0.0  0.0  0.0  0.0  0.0  0.0  0.0  0.0
  0.0  0.0  0.0  0.0  0.0  0.0  0.0  0.0  0.0  0.0  0.0  0.0  0.0  0.0  0.0
  0.0  0.0  0.0  0.0  0.0  0.0  0.0  0.0  0.0  0.0  0.0  0.0  0.0  0.0  0.0
  0.0  0.0  0.0  0.0  0.0  0.0  0.0  0.0  0.0  0.0  0.0  0.0  0.0  0.0  0.0
  0.0  0.0  0.0  0.0  0.0  0.0  0.0  0.0  0.0  0.0  0.0  0.0  0.0  0.0  0.0
  0.0  0.0  0.0  0.0  0.0  0.0  0.0  0.0  0.0  0.0  0.0  0.0  0.0  0.0  0.0
     -6.36     -5.73      5.86     -6.61     16.53  0.0  0.0  0.0  0.0  0.0
                                 t000111_s16_p7_ai-el2ap.txt  5.5  4.6   27
 74.1  0.0  0.0148.1  0.0  0.0  0.0  0.0  0.0  0.0  0.0  0.0  0.0  0.0  0.0
  0.0  0.0 37.0 37.0  0.0  0.0296.3185.2  0.0  0.0  0.0  0.0  0.0  0.0  0.0
 37.0  0.0148.1  0.0  0.0  0.0  0.0  0.0  0.0  0.0  0.0  0.0  0.0 37.0  0.0
 37.0  0.0  0.0  0.0  0.0 37.0 37.0 74.1  0.0 37.0  0.0  0.0  0.0148.1  0.0
  0.0  0.0  0.0  0.0  0.0  0.0  0.0  0.0  0.0  0.0  0.0  0.0  0.0  0.0  0.0
  0.0  0.0  0.0  0.0  0.0  0.0  0.0  0.0  0.0  0.0  0.0  0.0  0.0  0.0  0.0
  0.0  0.0  0.0  0.0  0.0  0.0  0.0  0.0  0.0  0.0  0.0  0.0  0.0  0.0  0.0
  0.0  0.0  0.0  0.0  0.0  0.0  0.0  0.0  0.0  0.0  0.0  0.0  0.0  0.0  0.0
  0.0  0.0  0.0  0.0  0.0  0.0  0.0  0.0  0.0  0.0 37.0  0.0 37.0  0.0  0.0
  0.0  0.0  0.0  0.0  0.0  0.0  0.0  0.0  0.0 74.1  0.0  0.0 37.0  0.0  0.0
      3.83     -5.73     44.93     -6.61     13.93  0.0  0.0  0.0  0.0  0.0
                                 t000111_s16_p8_ai-el2ap.txt  4.8  4.5   21
  0.0  0.0  0.0 95.2  0.0  0.0  0.0  0.0  0.0 95.2  0.0  0.0  0.0  0.0  0.0
  0.0  0.0  0.0  0.0  0.0  0.0142.9238.1  0.0  0.0  0.0  0.0  0.0  0.0  0.0
  0.0  0.0 47.6  0.0 47.6 47.6  0.0  0.0  0.0  0.0  0.0  0.0  0.0  0.0  0.0
  0.0 47.6  0.0  0.0 47.6  0.0 47.6  0.0  0.0  0.0 95.2  0.0  0.0 95.2  0.0
  0.0 47.6  0.0  0.0  0.0  0.0  0.0  0.0  0.0  0.0  0.0  0.0  0.0  0.0  0.0
  0.0  0.0  0.0  0.0  0.0  0.0  0.0  0.0 47.6  0.0  0.0  0.0  0.0  0.0  0.0
  0.0  0.0  0.0  0.0  0.0  0.0  0.0  0.0  0.0  0.0  0.0  0.0  0.0  0.0  0.0
  0.0 47.6  0.0 47.6  0.0  0.0  0.0  0.0  0.0  0.0  0.0  0.0  0.0  0.0  0.0
  0.0  0.0  0.0  0.0  0.0  0.0  0.0  0.0  0.0 47.6  0.0  0.0  0.0  0.0  0.0
  0.0  0.0  0.0  0.0  0.0  0.0  0.0  0.0  0.0  0.0  0.0 47.6  0.0  0.0  0.0
     -7.23     -5.73    -12.43     -6.61     -3.63  0.0  0.0  0.0  0.0  0.0
                                 t000111_s16_p9_ai-el2ap.txt  5.5  6.0   23
  0.0  0.0  0.0130.4  0.0  0.0  0.0  0.0  0.0  0.0  0.0  0.0  0.0  0.0  0.0
  0.0  0.0  0.0  0.0  0.0  0.0260.9130.4130.4 43.5  0.0  0.0  0.0  0.0  0.0
  0.0  0.0130.4 43.5  0.0  0.0  0.0 43.5  0.0  0.0  0.0  0.0  0.0  0.0  0.0
  0.0  0.0  0.0  0.0  0.0 43.5  0.0  0.0  0.0  0.0173.9  0.0  0.0130.4  0.0
  0.0  0.0  0.0  0.0  0.0  0.0  0.0  0.0  0.0  0.0  0.0  0.0  0.0  0.0  0.0
  0.0  0.0  0.0  0.0  0.0  0.0  0.0  0.0  0.0  0.0  0.0  0.0  0.0  0.0  0.0
  0.0  0.0  0.0  0.0  0.0  0.0  0.0  0.0  0.0  0.0  0.0  0.0  0.0  0.0  0.0
  0.0  0.0  0.0  0.0  0.0  0.0  0.0  0.0  0.0  0.0  0.0  0.0  0.0  0.0  0.0
  0.0  0.0  0.0  0.0  0.0  0.0  0.0  0.0  0.0 43.5130.4  0.0  0.0  0.0  0.0
  0.0  0.0  0.0  0.0  0.0  0.0  0.0  0.0  0.0 43.5  0.0  0.0  0.0  0.0  0.0
    -29.21     -4.30     -2.39      3.75     -3.63  0.0  0.0  0.0  0.0  0.0
                                  t000111_s2_p1_ai-el2ap.txt  6.3  5.1   28
  0.0  0.0  0.0 35.7  0.0  0.0  0.0  0.0  0.0  0.0  0.0  0.0  0.0  0.0  0.0
  0.0  0.0  0.0 35.7  0.0  0.0250.0107.1107.1  0.0107.1  0.0  0.0  0.0  0.0
  0.0  0.0 71.4  0.0  0.0 35.7 35.7 35.7  0.0  0.0  0.0  0.0  0.0  0.0  0.0
  0.0  0.0  0.0  0.0  0.0 35.7 35.7  0.0  0.0  0.0178.6107.1  0.0 71.4  0.0
  0.0  0.0  0.0  0.0  0.0  0.0  0.0  0.0  0.0  0.0  0.0  0.0  0.0  0.0  0.0
  0.0  0.0  0.0  0.0  0.0  0.0  0.0  0.0  0.0  0.0  0.0  0.0  0.0  0.0  0.0
  0.0 35.7  0.0  0.0  0.0  0.0  0.0  0.0  0.0  0.0  0.0  0.0  0.0  0.0  0.0
  0.0  0.0  0.0  0.0 35.7  0.0 35.7  0.0  0.0  0.0  0.0  0.0  0.0  0.0  0.0
  0.0  0.0  0.0  0.0  0.0  0.0  0.0  0.0  0.0  0.0 35.7 35.7  0.0  0.0  0.0
  0.0  0.0  0.0  0.0  0.0  0.0  0.0  0.0 35.7 35.7  0.0  0.0  0.0  0.0  0.0
    -19.95     -0.97      3.90      1.90     -3.63  0.0  0.0  0.0  0.0  0.0
                                  t000111_s4_p1_ai-el2ap.txt  8.5  5.7   40
  0.0  0.0  0.0 50.0  0.0  0.0  0.0  0.0 50.0  0.0  0.0  0.0  0.0  0.0  0.0
  0.0  0.0  0.0  0.0  0.0  0.0300.0100.0225.0  0.0 25.0  0.0 25.0  0.0  0.0
  0.0  0.0 50.0  0.0  0.0  0.0  0.0  0.0  0.0  0.0 25.0  0.0  0.0 25.0  0.0
  0.0  0.0 25.0  0.0  0.0 25.0  0.0 25.0  0.0  0.0225.0 75.0  0.0 50.0  0.0
  0.0  0.0  0.0  0.0  0.0  0.0  0.0  0.0  0.0  0.0  0.0  0.0  0.0  0.0  0.0
  0.0  0.0  0.0 25.0  0.0  0.0  0.0  0.0  0.0  0.0  0.0  0.0  0.0  0.0  0.0
  0.0  0.0  0.0  0.0  0.0  0.0  0.0  0.0  0.0  0.0  0.0  0.0  0.0  0.0  0.0
 25.0  0.0  0.0 25.0  0.0  0.0  0.0  0.0  0.0  0.0  0.0  0.0  0.0  0.0  0.0
  0.0  0.0  0.0  0.0  0.0  0.0  0.0  0.0  0.0  0.0 25.0 25.0  0.0  0.0  0.0
  0.0  0.0  0.0  0.0  0.0 25.0  0.0  0.0 25.0  0.0  0.0  0.0  0.0  0.0  0.0
    -33.80      0.01      4.45      5.30      0.16  0.0  0.0  0.0  0.0  0.0
                                  t000111_s4_p2_ai-el2ap.txt 11.8  5.3   75
 13.3  0.0  0.0 80.0  0.0  0.0  0.0  0.0  0.0 13.3  0.0  0.0  0.0  0.0  0.0
  0.0  0.0 13.3  0.0  0.0  0.0226.7133.3133.3 26.7  0.0 13.3  0.0  0.0 13.3
  0.0  0.0 80.0  0.0  0.0  0.0  0.0  0.0  0.0  0.0  0.0  0.0  0.0 13.3  0.0
  0.0  0.0 13.3  0.0  0.0 13.3  0.0 13.3  0.0 13.3160.0  0.0  0.0 93.3  0.0
  0.0  0.0  0.0  0.0  0.0  0.0  0.0  0.0  0.0  0.0  0.0  0.0  0.0  0.0  0.0
  0.0  0.0  0.0 13.3  0.0  0.0  0.0  0.0  0.0  0.0  0.0  0.0  0.0  0.0  0.0
  0.0  0.0  0.0  0.0  0.0  0.0  0.0  0.0  0.0  0.0  0.0  0.0  0.0  0.0  0.0
 13.3  0.0  0.0 13.3  0.0  0.0  0.0  0.0  0.0  0.0  0.0  0.0  0.0  0.0  0.0
  0.0  0.0  0.0  0.0  0.0  0.0  0.0  0.0  0.0 13.3 13.3  0.0  0.0  0.0  0.0
  0.0  0.0  0.0  0.0  0.0  0.0  0.0  0.0 13.3 13.3  0.0 13.3 13.3  0.0  0.0
    -21.33     -2.29     13.20     -6.61     -1.61 13.3  0.0  0.0  0.0  0.0
                                  t000111_s4_p3_ai-el2ap.txt 14.0  5.6   75
 13.3  0.0  0.0106.7  0.0  0.0  0.0  0.0  0.0  0.0  0.0  0.0  0.0  0.0  0.0
  0.0  0.0  0.0  0.0  0.0  0.0253.3133.3 66.7  0.0 13.3  0.0 13.3  0.0 13.3
  0.0  0.0 40.0  0.0 13.3 13.3 26.7  0.0  0.0  0.0  0.0 13.3  0.0 26.7  0.0
 26.7  0.0 13.3  0.0  0.0  0.0  0.0 53.3  0.0 13.3106.7 13.3  0.0146.7  0.0
 13.3  0.0  0.0  0.0  0.0  0.0  0.0  0.0  0.0  0.0  0.0  0.0  0.0  0.0  0.0
  0.0  0.0  0.0 13.3  0.0  0.0 13.3  0.0  0.0  0.0  0.0  0.0  0.0  0.0  0.0
  0.0  0.0  0.0 13.3  0.0 13.3  0.0  0.0  0.0  0.0 13.3  0.0  0.0  0.0  0.0
 26.7  0.0  0.0 26.7 13.3 13.3 26.7 13.3  0.0  0.0  0.0  0.0  0.0  0.0  0.0
  0.0  0.0  0.0  0.0  0.0  0.0  0.0  0.0  0.0 13.3 13.3  0.0 26.7  0.0 13.3
  0.0  0.0  0.0  0.0  0.0  0.0  0.0  0.0 26.7 40.0 13.3  0.0 26.7  0.0  0.0
    -24.21     -2.67      5.74     -1.27      9.02 13.3  0.0  0.0  0.0  0.0
                                  t000111_s4_p4_ai-el2ap.txt 15.5  5.7   83
 12.0  0.0  0.0 84.3  0.0  0.0  0.0  0.0  0.0  0.0  0.0  0.0  0.0  0.0  0.0
  0.0  0.0  0.0  0.0  0.0  0.0313.3108.4108.4  0.0  0.0  0.0  0.0  0.0  0.0
  0.0  0.0 96.4  0.0  0.0 24.1  0.0  0.0 12.0 12.0  0.0  0.0 24.1 12.0  0.0
  0.0  0.0 12.0  0.0  0.0  0.0 12.0 12.0  0.0  0.0180.7  0.0  0.0 84.3  0.0
  0.0  0.0  0.0  0.0  0.0  0.0  0.0  0.0  0.0  0.0  0.0  0.0  0.0  0.0  0.0
  0.0  0.0  0.0  0.0  0.0  0.0  0.0  0.0  0.0  0.0  0.0  0.0  0.0  0.0  0.0
  0.0  0.0  0.0  0.0  0.0  0.0  0.0  0.0  0.0  0.0  0.0  0.0  0.0  0.0  0.0
  0.0  0.0  0.0  0.0  0.0  0.0  0.0  0.0  0.0  0.0  0.0  0.0  0.0  0.0  0.0
  0.0  0.0  0.0  0.0  0.0  0.0  0.0  0.0 48.2 24.1 36.1  0.0  0.0  0.0  0.0
  0.0  0.0  0.0  0.0  0.0  0.0  0.0  0.0 12.0 12.0  0.0  0.0 12.0  0.0  0.0
    -28.16     -5.73      6.30      2.76     13.26 12.0  0.0  0.0  0.0  0.0
                                  t000111_s4_p5_ai-el2ap.txt 19.0  5.6  107
  0.0  0.0  0.0 84.1  0.0  0.0  0.0  0.0  0.0  0.0  0.0  0.0  0.0  0.0  0.0
  0.0  0.0  0.0  0.0  0.0  0.0280.4121.5 65.4  0.0  9.3  0.0  9.3  9.3  0.0
  0.0  0.0121.5  0.0  0.0 18.7  9.3  0.0  9.3  9.3  9.3  9.3  9.3  9.3 18.7
  0.0  0.0  9.3  0.0  0.0  9.3  9.3 28.0  0.0  9.3112.1  9.3  0.0102.8  9.3
  0.0  0.0  0.0  0.0  0.0  0.0  0.0  0.0  0.0  0.0  0.0  0.0  0.0  0.0  0.0
  0.0  0.0  0.0  0.0  9.3  0.0  9.3  0.0  0.0  0.0  0.0  0.0  0.0  0.0  0.0
  9.3  0.0  0.0  0.0  0.0  0.0  0.0  0.0  0.0  0.0  0.0  0.0  0.0  0.0  0.0
 18.7  0.0  0.0 18.7  9.3  0.0  9.3  0.0  0.0  0.0  0.0  0.0  0.0  0.0  0.0
  0.0  0.0  0.0  0.0  0.0  0.0  0.0  0.0  9.3 18.7  0.0  0.0 18.7  0.0  0.0
  0.0  0.0  0.0  0.0  0.0  0.0  0.0  9.3  0.0 18.7  0.0  0.0  0.0  0.0  0.0
    -26.47     -3.58     13.85      8.85     18.01  0.0  0.0  0.0  0.0  0.0
                                  t000111_s4_p6_ai-el2ap.txt  9.0  6.1   42
 23.8  0.0  0.0 71.4  0.0  0.0  0.0  0.0  0.0  0.0 23.8  0.0  0.0  0.0  0.0
 23.8  0.0 23.8  0.0  0.0  0.0285.7142.9 95.2 23.8  0.0  0.0  0.0  0.0  0.0
  0.0  0.0 95.2  0.0  0.0  0.0 23.8 23.8  0.0  0.0  0.0  0.0  0.0 23.8  0.0
  0.0  0.0 23.8  0.0 23.8 47.6  0.0 23.8  0.0  0.0119.0  0.0  0.0142.9 23.8
  0.0  0.0  0.0  0.0  0.0  0.0  0.0  0.0  0.0  0.0  0.0  0.0  0.0  0.0  0.0
  0.0  0.0  0.0  0.0  0.0  0.0 47.6  0.0  0.0  0.0  0.0  0.0  0.0  0.0  0.0
  0.0  0.0  0.0 23.8  0.0  0.0  0.0  0.0  0.0  0.0  0.0  0.0  0.0  0.0  0.0
 47.6  0.0  0.0 47.6 23.8  0.0 23.8  0.0  0.0  0.0  0.0  0.0  0.0  0.0  0.0
  0.0  0.0  0.0  0.0  0.0  0.0  0.0  0.0 95.2 23.8 23.8  0.0  0.0  0.0  0.0
  0.0  0.0  0.0  0.0  0.0  0.0  0.0 23.8 47.6  0.0  0.0  0.0 47.6  0.0  0.0
     -9.96     -4.94      7.59     -0.94     -0.02  0.0  0.0  0.0  0.0  0.0
                                  t000111_s8_p1_ai-el2ap.txt 13.0  6.3   59
 16.9  0.0  0.0101.7  0.0  0.0  0.0  0.0  0.0 16.9  0.0  0.0  0.0  0.0  0.0
  0.0  0.0  0.0 16.9  0.0  0.0254.2101.7135.6  0.0 33.9  0.0  0.0  0.0  0.0
  0.0  0.0152.5  0.0  0.0 33.9  0.0  0.0  0.0  0.0  0.0  0.0  0.0  0.0  0.0
  0.0  0.0  0.0  0.0  0.0  0.0 16.9  0.0  0.0  0.0152.5 33.9  0.0135.6 33.9
  0.0  0.0  0.0  0.0  0.0  0.0  0.0  0.0  0.0  0.0  0.0  0.0  0.0  0.0  0.0
  0.0  0.0  0.0  0.0  0.0  0.0  0.0  0.0  0.0  0.0  0.0  0.0  0.0  0.0  0.0
  0.0  0.0  0.0  0.0  0.0  0.0  0.0  0.0  0.0  0.0  0.0  0.0  0.0  0.0  0.0
  0.0  0.0  0.0  0.0  0.0  0.0  0.0  0.0  0.0  0.0  0.0  0.0  0.0  0.0  0.0
  0.0  0.0  0.0  0.0  0.0  0.0  0.0  0.0  0.0  0.0 50.8 16.9  0.0  0.0  0.0
  0.0  0.0  0.0  0.0  0.0  0.0 16.9  0.0 16.9 33.9  0.0 16.9 16.9  0.0  0.0
    -22.37     -4.22      9.64     -6.61     -3.63  0.0  0.0  0.0  0.0  0.0
                                 t000111_s8_p10_ai-el2ap.txt 13.5  6.5   62
 16.1  0.0  0.0 64.5  0.0  0.0  0.0  0.0  0.0  0.0  0.0  0.0  0.0  0.0  0.0
  0.0  0.0  0.0  0.0  0.0  0.0322.6 96.8129.0  0.0 16.1 32.3 16.1  0.0  0.0
  0.0  0.0 80.6  0.0  0.0 32.3  0.0  0.0  0.0  0.0  0.0  0.0 16.1 16.1  0.0
  0.0 16.1 16.1  0.0  0.0  0.0 16.1 16.1  0.0  0.0161.3 16.1  0.0 80.6  0.0
 16.1  0.0  0.0  0.0  0.0  0.0  0.0  0.0  0.0  0.0  0.0  0.0  0.0  0.0  0.0
  0.0  0.0  0.0 16.1  0.0  0.0  0.0  0.0  0.0  0.0  0.0  0.0  0.0  0.0  0.0
  0.0  0.0  0.0  0.0  0.0  0.0  0.0  0.0  0.0  0.0  0.0  0.0  0.0  0.0  0.0
 16.1  0.0  0.0 16.1  0.0  0.0  0.0  0.0  0.0  0.0  0.0  0.0  0.0  0.0  0.0
  0.0  0.0  0.0  0.0  0.0  0.0  0.0  0.0  0.0  0.0 16.1 16.1  0.0  0.0  0.0
  0.0  0.0  0.0  0.0  0.0  0.0  0.0  0.0 32.3 16.1  0.0  0.0 32.3  0.0  0.0
    -31.15      4.18      4.74     -6.61      8.90  0.0  0.0  0.0  0.0  0.0
                                 t000111_s8_p11_ai-el2ap.txt 18.5  5.4   88
 22.7  0.0  0.0113.6  0.0  0.0 11.4  0.0  0.0 11.4  0.0  0.0  0.0  0.0  0.0
  0.0  0.0 22.7  0.0  0.0  0.0250.0136.4 90.9 11.4 11.4  0.0 11.4  0.0  0.0
 11.4  0.0 68.2 11.4 11.4 22.7  0.0 11.4  0.0  0.0  0.0 11.4 11.4 34.1  0.0
  0.0  0.0 22.7  0.0 11.4 34.1  0.0 34.1  0.0 11.4113.6 11.4  0.0136.4 11.4
 11.4  0.0  0.0  0.0  0.0  0.0  0.0  0.0  0.0  0.0  0.0  0.0  0.0  0.0  0.0
  0.0  0.0  0.0 11.4  0.0 11.4  0.0  0.0  0.0  0.0  0.0  0.0  0.0  0.0  0.0
  0.0  0.0  0.0  0.0  0.0  0.0  0.0  0.0  0.0  0.0  0.0  0.0  0.0  0.0  0.0
 22.7  0.0  0.0 22.7  0.0  0.0  0.0  0.0  0.0  0.0  0.0  0.0  0.0  0.0  0.0
  0.0  0.0  0.0  0.0  0.0  0.0  0.0  0.0 11.4 11.4 22.7 22.7  0.0  0.0  0.0
  0.0  0.0  0.0  0.0  0.0  0.0  0.0 22.7 22.7 22.7  0.0 11.4 11.4  0.0  0.0
    -13.48     -2.74      8.16      0.65      8.64  0.0  0.0  0.0  0.0  0.0
                                 t000111_s8_p12_ai-el2ap.txt 13.0  5.4   68
  0.0  0.0  0.0132.4  0.0  0.0  0.0  0.0  0.0 14.7  0.0  0.0  0.0  0.0  0.0
  0.0  0.0 14.7 14.7  0.0  0.0250.0 73.5102.9  0.0 44.1  0.0  0.0  0.0  0.0
  0.0  0.0 58.8  0.0  0.0 14.7  0.0  0.0  0.0  0.0  0.0  0.0 14.7 14.7  0.0
  0.0  0.0 29.4  0.0 14.7 14.7 14.7 14.7  0.0  0.0132.4 44.1 14.7132.4  0.0
 14.7  0.0  0.0  0.0  0.0  0.0  0.0  0.0  0.0  0.0  0.0  0.0  0.0  0.0  0.0
  0.0  0.0  0.0 14.7  0.0 14.7  0.0  0.0  0.0  0.0  0.0  0.0  0.0  0.0  0.0
  0.0  0.0  0.0  0.0  0.0  0.0  0.0  0.0  0.0  0.0  0.0  0.0  0.0  0.0  0.0
 29.4  0.0  0.0 29.4  0.0  0.0  0.0  0.0  0.0  0.0  0.0  0.0  0.0  0.0  0.0
  0.0  0.0  0.0  0.0  0.0  0.0  0.0  0.0 14.7  0.0 44.1  0.0 14.7 14.7  0.0
  0.0  0.0  0.0  0.0  0.0 14.7  0.0 14.7 14.7 14.7  0.0  0.0 14.7  0.0  0.0
    -14.45     -3.77      4.22     -6.61      7.79  0.0  0.0  0.0  0.0  0.0
                                 t000111_s8_p13_ai-el2ap.txt  8.0  5.7   38
  0.0  0.0  0.0 52.6  0.0  0.0  0.0  0.0  0.0  0.0  0.0  0.0  0.0  0.0  0.0
  0.0  0.0  0.0 26.3  0.0  0.0236.8131.6105.3 26.3 26.3  0.0  0.0  0.0  0.0
  0.0  0.0131.6  0.0  0.0 26.3  0.0  0.0 26.3  0.0  0.0  0.0  0.0  0.0  0.0
 26.3  0.0  0.0  0.0  0.0  0.0 26.3 26.3  0.0  0.0131.6 26.3  0.0105.3  0.0
  0.0  0.0  0.0  0.0  0.0  0.0  0.0  0.0  0.0  0.0  0.0  0.0  0.0  0.0  0.0
  0.0  0.0  0.0  0.0  0.0  0.0  0.0  0.0  0.0  0.0  0.0  0.0  0.0  0.0  0.0
  0.0  0.0  0.0  0.0  0.0  0.0  0.0  0.0  0.0  0.0  0.0  0.0  0.0  0.0  0.0
  0.0  0.0  0.0  0.0  0.0  0.0  0.0  0.0  0.0  0.0  0.0  0.0  0.0  0.0  0.0
  0.0  0.0  0.0  0.0  0.0  0.0  0.0  0.0 26.3 26.3  0.0  0.0  0.0  0.0  0.0
  0.0  0.0  0.0  0.0  0.0  0.0  0.0  0.0  0.0  0.0 26.3  0.0 26.3  0.0  0.0
    -23.28     -3.69      8.62      1.88      4.86  0.0  0.0  0.0  0.0  0.0
                                 t000111_s8_p14_ai-el2ap.txt 15.0  5.3   75
 26.7  0.0  0.0120.0  0.0  0.0  0.0  0.0  0.0 13.3  0.0  0.0  0.0  0.0  0.0
  0.0  0.0 13.3  0.0  0.0  0.0253.3120.0 66.7  0.0 13.3  0.0  0.0  0.0 13.3
  0.0  0.0106.7  0.0  0.0 13.3 26.7  0.0  0.0  0.0  0.0 13.3 13.3 26.7  0.0
 13.3  0.0  0.0 13.3 13.3 13.3  0.0 40.0  0.0 13.3 93.3 13.3  0.0146.7  0.0
  0.0  0.0  0.0  0.0  0.0  0.0  0.0  0.0  0.0  0.0  0.0  0.0  0.0  0.0  0.0
  0.0  0.0  0.0  0.0  0.0  0.0 26.7 13.3  0.0  0.0  0.0  0.0  0.0  0.0  0.0
 13.3  0.0  0.0 13.3  0.0  0.0  0.0  0.0 13.3  0.0 13.3  0.0  0.0  0.0  0.0
 26.7 13.3  0.0 40.0 26.7 13.3 40.0 13.3  0.0  0.0  0.0  0.0  0.0  0.0  0.0
  0.0  0.0  0.0  0.0  0.0  0.0  0.0  0.0 40.0 13.3 53.3 13.3 13.3  0.0  0.0
  0.0  0.0  0.0  0.0  0.0  0.0  0.0 13.3 26.7 26.7  0.0  0.0 66.7  0.0  0.0
    -15.59     -5.14     14.29     -1.27     13.05  0.0  0.0  0.0  0.0  0.0
                                 t000111_s8_p15_ai-el2ap.txt  7.0  4.8   36
  0.0  0.0  0.0 83.3  0.0  0.0  0.0  0.0  0.0  0.0  0.0  0.0  0.0  0.0  0.0
  0.0  0.0  0.0  0.0  0.0  0.0250.0 55.6 27.8 55.6  0.0  0.0  0.0  0.0 27.8
  0.0  0.0 55.6 27.8  0.0 27.8 27.8  0.0  0.0  0.0  0.0 27.8 27.8  0.0 27.8
  0.0  0.0  0.0  0.0 27.8  0.0  0.0 27.8  0.0 27.8 55.6  0.0  0.0166.7  0.0
  0.0  0.0  0.0  0.0  0.0  0.0  0.0  0.0  0.0  0.0  0.0  0.0  0.0  0.0  0.0
  0.0  0.0  0.0  0.0  0.0  0.0 27.8  0.0  0.0  0.0  0.0  0.0  0.0  0.0  0.0
  0.0  0.0  0.0 27.8  0.0  0.0  0.0  0.0  0.0  0.0  0.0  0.0  0.0  0.0  0.0
 27.8  0.0  0.0 27.8 27.8  0.0 27.8  0.0  0.0  0.0  0.0  0.0  0.0  0.0  0.0
  0.0  0.0  0.0  0.0  0.0  0.0  0.0  0.0 27.8  0.0 27.8  0.0  0.0  0.0  0.0
  0.0  0.0  0.0  0.0  0.0  0.0  0.0 27.8 27.8  0.0  0.0  0.0 27.8  0.0  0.0
    -19.06     -3.90      9.21      4.51     35.10  0.0  0.0  0.0  0.0  0.0
                                 t000111_s8_p16_ai-el2ap.txt 10.8  5.6   52
  0.0  0.0  0.0115.4  0.0  0.0  0.0  0.0  0.0 19.2  0.0  0.0  0.0  0.0  0.0
  0.0  0.0 38.5  0.0  0.0  0.0230.8134.6 96.2  0.0  0.0  0.0  0.0  0.0 19.2
  0.0  0.0115.4  0.0  0.0 19.2  0.0  0.0  0.0  0.0  0.0  0.0 19.2 38.5  0.0
  0.0  0.0  0.0  0.0 19.2 38.5  0.0 38.5  0.0 19.2115.4  0.0  0.0115.4  0.0
 38.5  0.0  0.0  0.0  0.0  0.0  0.0  0.0  0.0  0.0  0.0  0.0  0.0  0.0  0.0
  0.0  0.0  0.0  0.0  0.0  0.0  0.0  0.0  0.0  0.0  0.0  0.0  0.0  0.0  0.0
  0.0  0.0  0.0  0.0  0.0  0.0  0.0  0.0  0.0  0.0  0.0  0.0  0.0  0.0  0.0
  0.0  0.0  0.0  0.0  0.0  0.0  0.0  0.0  0.0  0.0  0.0  0.0  0.0  0.0  0.0
  0.0  0.0  0.0  0.0  0.0  0.0  0.0  0.0 19.2  0.0  0.0  0.0  0.0  0.0  0.0
  0.0  0.0  0.0  0.0  0.0 19.2  0.0  0.0  0.0 19.2  0.0  0.0 19.2  0.0  0.0
    -12.64     -5.73     17.51     -6.61     14.22  0.0  0.0  0.0  0.0  0.0
                                 t000111_s8_p17_ai-el2ap.txt 11.5  5.3   61
 16.4 16.4  0.0 65.6  0.0  0.0  0.0  0.0 16.4 16.4  0.0  0.0  0.0  0.0  0.0
  0.0  0.0  0.0  0.0  0.0  0.0213.1163.9 82.0  0.0  0.0  0.0  0.0  0.0 16.4
  0.0  0.0114.8  0.0  0.0 16.4 16.4  0.0  0.0  0.0  0.0  0.0 16.4  0.0  0.0
 16.4 16.4 16.4  0.0 16.4  0.0 16.4 16.4  0.0 16.4 98.4 16.4  0.0 98.4  0.0
  0.0  0.0  0.0  0.0  0.0  0.0  0.0  0.0  0.0  0.0  0.0  0.0  0.0  0.0  0.0
  0.0  0.0  0.0  0.0  0.0 32.8  0.0  0.0  0.0  0.0  0.0  0.0  0.0  0.0  0.0
  0.0  0.0  0.0  0.0  0.0  0.0  0.0  0.0 16.4  0.0  0.0  0.0  0.0  0.0  0.0
 32.8  0.0  0.0 32.8  0.0 16.4 16.4  0.0  0.0  0.0  0.0  0.0  0.0  0.0  0.0
  0.0  0.0  0.0  0.0  0.0  0.0  0.0  0.0 16.4 16.4 16.4 16.4 16.4  0.0  0.0
  0.0  0.0  0.0  0.0  0.0  0.0  0.0  0.0  0.0  0.0  0.0  0.0 32.8  0.0  0.0
    -18.25     -5.73     16.21     -6.61     11.91  0.0  0.0  0.0  0.0 16.4
                                 t000111_s8_p18_ai-el2ap.txt 10.0  5.7   47
  0.0  0.0  0.0  0.0  0.0  0.0  0.0  0.0  0.0  0.0  0.0  0.0  0.0 21.3  0.0
  0.0  0.0  0.0  0.0  0.0  0.0297.9148.9170.2  0.0  0.0  0.0  0.0  0.0  0.0
  0.0  0.0106.4  0.0  0.0 21.3  0.0  0.0  0.0  0.0  0.0  0.0  0.0  0.0  0.0
  0.0  0.0  0.0  0.0  0.0  0.0  0.0  0.0  0.0  0.0191.5  0.0  0.0  0.0  0.0
  0.0  0.0  0.0  0.0  0.0  0.0  0.0  0.0  0.0  0.0  0.0  0.0  0.0  0.0  0.0
  0.0  0.0  0.0  0.0  0.0  0.0  0.0  0.0  0.0  0.0  0.0  0.0  0.0  0.0  0.0
  0.0  0.0  0.0  0.0  0.0  0.0  0.0  0.0  0.0  0.0  0.0  0.0  0.0  0.0  0.0
  0.0  0.0  0.0  0.0  0.0  0.0  0.0  0.0  0.0  0.0  0.0  0.0  0.0  0.0  0.0
  0.0  0.0  0.0  0.0  0.0  0.0  0.0  0.0  0.0  0.0 63.8  0.0  0.0  0.0  0.0
  0.0  0.0  0.0  0.0  0.0  0.0  0.0  0.0  0.0  0.0  0.0  0.0  0.0  0.0  0.0
    -25.52     -5.73      7.15     -6.61     -3.63  0.0  0.0  0.0  0.0  0.0
                                 t000111_s8_p19_ai-el2ap.txt  8.8  4.9   44
  0.0  0.0  0.0 68.2  0.0  0.0  0.0  0.0  0.0  0.0  0.0  0.0  0.0  0.0  0.0
  0.0  0.0 22.7  0.0  0.0  0.0204.5204.5113.6  0.0 45.5  0.0 22.7  0.0  0.0
  0.0  0.0 45.5  0.0  0.0 22.7  0.0  0.0  0.0  0.0  0.0  0.0  0.0 22.7  0.0
  0.0  0.0 22.7  0.0  0.0 22.7  0.0 22.7  0.0  0.0113.6 45.5  0.0 68.2  0.0
  0.0  0.0  0.0  0.0  0.0  0.0  0.0  0.0  0.0  0.0  0.0  0.0  0.0  0.0  0.0
  0.0  0.0  0.0 22.7  0.0  0.0  0.0  0.0  0.0  0.0  0.0  0.0  0.0  0.0  0.0
  0.0  0.0  0.0  0.0  0.0  0.0  0.0  0.0  0.0  0.0  0.0  0.0  0.0  0.0  0.0
 22.7  0.0  0.0 22.7  0.0  0.0  0.0  0.0  0.0  0.0  0.0  0.0  0.0  0.0  0.0
  0.0  0.0  0.0  0.0  0.0  0.0  0.0  0.0  0.0 22.7  0.0  0.0 22.7  0.0  0.0
  0.0  0.0  0.0  0.0  0.0  0.0  0.0  0.0 22.7  0.0  0.0  0.0 22.7  0.0  0.0
    -22.24      0.50      2.84     -6.61     -0.18  0.0  0.0  0.0  0.0  0.0
                                  t000111_s8_p2_ai-el2ap.txt 11.8  5.6   69
  0.0  0.0  0.0 72.5  0.0  0.0  0.0  0.0  0.0  0.0  0.0  0.0  0.0  0.0  0.0
  0.0  0.0  0.0 14.5  0.0  0.0246.4115.9173.9  0.0  0.0  0.0 14.5  0.0  0.0
  0.0  0.0 58.0  0.0  0.0 43.5  0.0  0.0  0.0  0.0  0.0  0.0 43.5  0.0  0.0
 14.5  0.0 29.0  0.0 29.0  0.0 14.5 14.5  0.0  0.0202.9  0.0  0.0 87.0  0.0
 14.5  0.0  0.0  0.0  0.0  0.0  0.0  0.0  0.0  0.0  0.0  0.0  0.0  0.0  0.0
  0.0  0.0  0.0 14.5  0.0  0.0  0.0  0.0  0.0  0.0  0.0  0.0  0.0  0.0  0.0
  0.0  0.0  0.0  0.0  0.0  0.0  0.0  0.0  0.0  0.0  0.0  0.0  0.0  0.0  0.0
 14.5  0.0  0.0 14.5  0.0  0.0  0.0  0.0  0.0  0.0  0.0  0.0  0.0  0.0  0.0
  0.0  0.0  0.0  0.0  0.0  0.0  0.0  0.0 29.0  0.0 29.0  0.0  0.0  0.0  0.0
  0.0  0.0  0.0  0.0  0.0  0.0  0.0  0.0 14.5  0.0  0.0  0.0 29.0  0.0  0.0
    -28.27     -3.04      2.53     -6.61     28.22  0.0  0.0  0.0  0.0  0.0
                                 t000111_s8_p20_ai-el2ap.txt 19.3  4.6  137
  0.0  0.0  0.0 73.0  0.0  0.0  7.3  0.0  0.0 14.6  0.0  7.3  0.0  0.0  0.0
  0.0  0.0 14.6  0.0  0.0  0.0240.9160.6 21.9  7.3  0.0  7.3  0.0  0.0  7.3
  0.0  0.0 43.8  0.0  0.0 36.5 14.6  0.0  7.3  0.0  0.0  7.3  7.3 14.6 21.9
  0.0  0.0  0.0  0.0  7.3 14.6  7.3 36.5  0.0  7.3 58.4  0.0  0.0 94.9  0.0
  7.3  7.3  0.0  0.0  0.0  0.0  0.0  0.0  0.0  0.0  0.0  0.0  0.0  0.0  0.0
  0.0  0.0  0.0  0.0  0.0  0.0 14.6  0.0  7.3  0.0  0.0  0.0  0.0  0.0  0.0
  7.3  0.0  0.0  7.3  0.0  0.0  0.0  0.0  0.0  0.0  0.0  0.0  0.0  0.0  0.0
 14.6  7.3  0.0 21.9 14.6  0.0 14.6  0.0  0.0  0.0  0.0  0.0  0.0  0.0  0.0
  0.0  0.0  0.0  0.0  0.0  0.0  0.0  0.0  0.0  0.0 43.8  7.3 14.6  0.0  0.0
  0.0  0.0  0.0  0.0  0.0  0.0  0.0  7.3 14.6 14.6  0.0  7.3  7.3  0.0  0.0
    -10.19     -4.08      5.59     -1.33     19.99  0.0  0.0  0.0  0.0  0.0
                                 t000111_s8_p21_ai-el2ap.txt 11.5  5.2   59
  0.0  0.0  0.0 50.8  0.0  0.0  0.0  0.0  0.0  0.0  0.0  0.0  0.0  0.0  0.0
  0.0  0.0 16.9 16.9  0.0  0.0271.2169.5 16.9  0.0  0.0  0.0  0.0  0.0 16.9
  0.0  0.0135.6  0.0  0.0 16.9  0.0  0.0  0.0  0.0  0.0  0.0  0.0 16.9  0.0
  0.0  0.0 16.9  0.0  0.0 16.9 16.9 16.9  0.0 16.9 33.9  0.0  0.0 67.8 16.9
  0.0  0.0  0.0  0.0  0.0  0.0  0.0  0.0  0.0  0.0  0.0  0.0  0.0  0.0  0.0
  0.0  0.0  0.0  0.0  0.0  0.0  0.0  0.0  0.0  0.0  0.0  0.0  0.0  0.0  0.0
  0.0  0.0  0.0  0.0  0.0  0.0  0.0  0.0  0.0  0.0  0.0  0.0  0.0  0.0  0.0
  0.0  0.0  0.0  0.0  0.0  0.0  0.0  0.0  0.0  0.0  0.0  0.0  0.0  0.0  0.0
  0.0  0.0  0.0  0.0  0.0  0.0  0.0  0.0  0.0 33.9  0.0  0.0 16.9  0.0  0.0
  0.0  0.0  0.0  0.0  0.0  0.0  0.0 16.9  0.0  0.0 16.9  0.0 16.9  0.0  0.0
    -17.11     -5.73     17.90     -6.61     -1.06 16.9  0.0  0.0  0.0  0.0
                                 t000111_s8_p22_ai-el2ap.txt 10.0  6.2   52
  0.0  0.0  0.0 38.5  0.0  0.0  0.0  0.0  0.0  0.0  0.0  0.0  0.0  0.0  0.0
  0.0  0.0  0.0  0.0  0.0  0.0326.9173.1173.1 19.2  0.0  0.0  0.0  0.0  0.0
  0.0  0.0 76.9  0.0  0.0  0.0  0.0  0.0  0.0  0.0  0.0  0.0  0.0  0.0  0.0
  0.0 19.2  0.0  0.0  0.0  0.0 19.2  0.0  0.0  0.0173.1  0.0  0.0 57.7  0.0
 19.2  0.0  0.0  0.0  0.0  0.0  0.0  0.0  0.0  0.0  0.0  0.0  0.0  0.0  0.0
  0.0  0.0  0.0  0.0  0.0  0.0  0.0  0.0  0.0  0.0  0.0  0.0  0.0  0.0  0.0
  0.0  0.0  0.0  0.0  0.0  0.0  0.0  0.0  0.0  0.0  0.0  0.0  0.0  0.0  0.0
  0.0  0.0  0.0  0.0  0.0  0.0  0.0  0.0  0.0  0.0  0.0  0.0  0.0  0.0  0.0
  0.0  0.0  0.0  0.0  0.0  0.0  0.0  0.0 19.2 19.2  0.0 19.2  0.0  0.0  0.0
  0.0  0.0  0.0  0.0  0.0  0.0  0.0  0.0  0.0  0.0  0.0  0.0 19.2  0.0  0.0
    -38.19     -5.10      6.32     -6.61     -3.63  0.0  0.0  0.0  0.0  0.0
                                 t000111_s8_p23_ai-el2ap.txt  7.5  5.4   38
  0.0  0.0  0.0 52.6  0.0  0.0  0.0  0.0  0.0  0.0  0.0  0.0  0.0  0.0  0.0
  0.0  0.0  0.0  0.0  0.0  0.0289.5105.3 52.6  0.0 26.3  0.0  0.0  0.0  0.0
  0.0 26.3131.6  0.0  0.0  0.0  0.0 52.6  0.0  0.0  0.0  0.0  0.0  0.0  0.0
  0.0  0.0  0.0  0.0 26.3 52.6 26.3  0.0  0.0  0.0105.3 26.3  0.0 78.9 26.3
 26.3  0.0  0.0  0.0  0.0  0.0  0.0  0.0  0.0  0.0  0.0  0.0  0.0  0.0  0.0
  0.0  0.0  0.0  0.0  0.0  0.0  0.0  0.0  0.0  0.0  0.0  0.0  0.0  0.0  0.0
  0.0  0.0  0.0  0.0  0.0  0.0  0.0  0.0  0.0  0.0  0.0  0.0  0.0  0.0  0.0
  0.0  0.0  0.0  0.0  0.0  0.0  0.0  0.0  0.0  0.0  0.0  0.0  0.0  0.0  0.0
  0.0  0.0  0.0  0.0  0.0  0.0  0.0  0.0  0.0 26.3 52.6  0.0 26.3  0.0  0.0
  0.0  0.0  0.0  0.0  0.0 26.3  0.0  0.0  0.0 52.6  0.0  0.0  0.0  0.0  0.0
    -25.81     -4.56     19.86      5.93     -3.63  0.0  0.0  0.0  0.0  0.0
                                 t000111_s8_p24_ai-el2ap.txt  7.0  5.4   42
  0.0  0.0  0.0 23.8  0.0  0.0  0.0  0.0  0.0 23.8  0.0  0.0  0.0  0.0  0.0
  0.0  0.0 23.8 23.8  0.0  0.0381.0 71.4166.7  0.0  0.0  0.0  0.0  0.0  0.0
  0.0  0.0 95.2  0.0  0.0  0.0  0.0  0.0  0.0  0.0  0.0  0.0  0.0  0.0  0.0
  0.0  0.0  0.0  0.0  0.0 23.8 23.8  0.0  0.0  0.0166.7  0.0  0.0 95.2 71.4
  0.0  0.0  0.0  0.0  0.0  0.0  0.0  0.0  0.0  0.0  0.0  0.0  0.0  0.0  0.0
  0.0  0.0  0.0  0.0  0.0  0.0  0.0  0.0  0.0  0.0  0.0  0.0  0.0  0.0  0.0
  0.0  0.0  0.0  0.0  0.0  0.0  0.0  0.0  0.0  0.0  0.0  0.0  0.0  0.0  0.0
  0.0  0.0  0.0  0.0  0.0  0.0  0.0  0.0  0.0  0.0  0.0  0.0  0.0  0.0  0.0
  0.0  0.0  0.0  0.0  0.0  0.0  0.0  0.0 47.6  0.0  0.0  0.0 23.8  0.0  0.0
  0.0  0.0  0.0  0.0  0.0  0.0  0.0  0.0  0.0  0.0  0.0  0.0  0.0  0.0  0.0
    -18.68     -5.73      7.59     -6.61     -3.63  0.0  0.0  0.0  0.0  0.0
                                 t000111_s8_p25_ai-el2ap.txt  8.8  5.9   42
  0.0  0.0  0.0 23.8  0.0  0.0  0.0  0.0  0.0 23.8  0.0  0.0  0.0  0.0  0.0
  0.0  0.0 23.8 23.8  0.0  0.0238.1 71.4119.0  0.0  0.0  0.0  0.0  0.0  0.0
  0.0  0.0 95.2  0.0  0.0 23.8  0.0  0.0  0.0  0.0  0.0  0.0 23.8 23.8  0.0
  0.0  0.0 23.8  0.0  0.0 23.8 23.8 23.8  0.0  0.0238.1  0.0  0.0 23.8  0.0
  0.0  0.0  0.0  0.0  0.0  0.0  0.0  0.0  0.0  0.0  0.0  0.0  0.0  0.0  0.0
  0.0  0.0  0.0  0.0  0.0  0.0  0.0  0.0  0.0  0.0  0.0  0.0  0.0  0.0  0.0
  0.0  0.0  0.0  0.0  0.0  0.0  0.0  0.0  0.0  0.0  0.0  0.0  0.0  0.0  0.0
  0.0  0.0  0.0  0.0  0.0  0.0  0.0  0.0  0.0  0.0  0.0  0.0  0.0  0.0  0.0
  0.0  0.0  0.0  0.0  0.0  0.0  0.0  0.0 23.8  0.0  0.0  0.0 23.8  0.0  0.0
  0.0  0.0  0.0  0.0  0.0 23.8  0.0  0.0  0.0  0.0  0.0  0.0  0.0  0.0  0.0
    -13.39     -5.73      6.23     -6.61     14.86  0.0  0.0  0.0  0.0  0.0
                                 t000111_s8_p26_ai-el2ap.txt  8.8  4.8   40
  0.0  0.0  0.0 25.0  0.0  0.0  0.0  0.0  0.0 75.0  0.0  0.0  0.0  0.0  0.0
  0.0  0.0  0.0  0.0  0.0  0.0400.0175.0 25.0  0.0  0.0  0.0  0.0 25.0  0.0
  0.0  0.0100.0  0.0  0.0  0.0  0.0  0.0  0.0  0.0  0.0  0.0  0.0  0.0  0.0
  0.0  0.0  0.0  0.0 25.0  0.0  0.0  0.0  0.0 25.0 75.0  0.0  0.0 25.0  0.0
  0.0  0.0  0.0  0.0  0.0  0.0  0.0  0.0  0.0  0.0  0.0  0.0  0.0  0.0  0.0
  0.0  0.0  0.0  0.0  0.0  0.0  0.0  0.0  0.0  0.0  0.0  0.0  0.0  0.0  0.0
  0.0  0.0  0.0  0.0  0.0  0.0  0.0  0.0  0.0  0.0  0.0  0.0  0.0  0.0  0.0
  0.0  0.0  0.0  0.0  0.0  0.0  0.0  0.0  0.0  0.0  0.0  0.0  0.0  0.0  0.0
  0.0  0.0  0.0  0.0  0.0  0.0  0.0  0.0  0.0  0.0 75.0  0.0  0.0  0.0  0.0
  0.0  0.0  0.0  0.0  0.0  0.0  0.0  0.0  0.0  0.0  0.0  0.0  0.0  0.0  0.0
    -19.01     -5.73     22.62     -6.61     -3.63  0.0  0.0  0.0  0.0  0.0
                                 t000111_s8_p27_ai-el2ap.txt  8.3  5.4   40
  0.0  0.0  0.0 75.0  0.0  0.0  0.0  0.0  0.0 25.0  0.0  0.0  0.0  0.0  0.0
  0.0  0.0  0.0 25.0  0.0  0.0325.0150.0125.0  0.0  0.0  0.0  0.0  0.0  0.0
  0.0  0.0 75.0  0.0  0.0  0.0  0.0  0.0  0.0  0.0  0.0  0.0  0.0 25.0  0.0
  0.0  0.0  0.0  0.0  0.0  0.0 25.0 25.0  0.0  0.0175.0  0.0  0.0 75.0  0.0
  0.0  0.0  0.0  0.0  0.0  0.0  0.0  0.0  0.0  0.0  0.0  0.0  0.0  0.0  0.0
  0.0  0.0  0.0  0.0  0.0  0.0  0.0  0.0  0.0  0.0  0.0  0.0  0.0  0.0  0.0
  0.0  0.0  0.0  0.0  0.0  0.0  0.0  0.0  0.0  0.0  0.0  0.0  0.0  0.0  0.0
  0.0  0.0  0.0  0.0  0.0  0.0  0.0  0.0  0.0  0.0  0.0  0.0  0.0  0.0  0.0
  0.0  0.0  0.0  0.0  0.0  0.0  0.0  0.0  0.0  0.0 25.0  0.0  0.0  0.0  0.0
  0.0  0.0  0.0  0.0  0.0  0.0  0.0  0.0 25.0  0.0  0.0  0.0 25.0  0.0  0.0
    -22.99     -5.73      6.18     -6.61      0.16  0.0  0.0  0.0  0.0  0.0
                                 t000111_s8_p28_ai-el2ap.txt 10.0  5.2   46
 21.7  0.0  0.0 65.2  0.0  0.0  0.0  0.0  0.0 43.5  0.0  0.0  0.0  0.0  0.0
  0.0  0.0  0.0  0.0  0.0 21.7260.9195.7108.7 21.7  0.0  0.0 21.7  0.0  0.0
  0.0  0.0108.7  0.0  0.0  0.0  0.0  0.0  0.0  0.0  0.0  0.0  0.0 43.5  0.0
  0.0 21.7 21.7  0.0  0.0  0.0 21.7 43.5  0.0  0.0108.7  0.0  0.0 87.0  0.0
  0.0  0.0  0.0  0.0  0.0  0.0  0.0  0.0  0.0  0.0  0.0  0.0  0.0  0.0  0.0
  0.0  0.0  0.0 21.7  0.0  0.0  0.0  0.0  0.0  0.0  0.0  0.0  0.0  0.0  0.0
  0.0  0.0  0.0  0.0  0.0  0.0  0.0  0.0  0.0  0.0  0.0  0.0  0.0  0.0  0.0
 21.7  0.0  0.0 21.7  0.0  0.0  0.0  0.0  0.0  0.0  0.0  0.0  0.0  0.0  0.0
  0.0  0.0  0.0  0.0  0.0  0.0  0.0  0.0 43.5  0.0 21.7 21.7  0.0  0.0  0.0
  0.0  0.0  0.0  0.0  0.0  0.0  0.0 21.7 21.7 21.7  0.0  0.0 21.7  0.0  0.0
    -14.25     -0.99      8.52     -6.61      2.96  0.0  0.0  0.0  0.0  0.0
                                 t000111_s8_p29_ai-el2ap.txt  7.8  4.6   34
  0.0  0.0  0.0 29.4  0.0  0.0  0.0  0.0  0.0 29.4  0.0  0.0  0.0  0.0  0.0
  0.0  0.0  0.0  0.0  0.0  0.0352.9205.9 29.4  0.0  0.0  0.0 29.4  0.0  0.0
  0.0  0.0 29.4  0.0  0.0  0.0 29.4  0.0  0.0  0.0  0.0  0.0  0.0  0.0  0.0
  0.0  0.0 29.4  0.0  0.0  0.0  0.0  0.0  0.0  0.0 88.2  0.0  0.0 88.2 29.4
  0.0  0.0  0.0  0.0  0.0  0.0  0.0  0.0  0.0  0.0  0.0  0.0  0.0  0.0  0.0
  0.0  0.0  0.0 29.4  0.0  0.0  0.0  0.0  0.0 29.4  0.0  0.0  0.0  0.0  0.0
  0.0  0.0  0.0  0.0  0.0  0.0  0.0 29.4  0.0  0.0  0.0  0.0  0.0  0.0  0.0
 29.4 29.4  0.0 58.8  0.0 29.4 29.4  0.0  0.0  0.0  0.0  0.0  0.0  0.0  0.0
  0.0  0.0  0.0  0.0  0.0  0.0  0.0  0.0  0.0 29.4 29.4  0.0  0.0  0.0  0.0
  0.0  0.0  0.0  0.0  0.0  0.0  0.0  0.0 29.4  0.0  0.0  0.0  0.0  0.0  0.0
    -24.85     -0.28      3.02     -6.61     -3.63  0.0  0.0  0.0  0.0  0.0
                                  t000111_s8_p3_ai-el2ap.txt  6.0  6.2   27
  0.0  0.0  0.0 74.1  0.0  0.0  0.0  0.0  0.0  0.0  0.0  0.0  0.0  0.0  0.0
  0.0  0.0  0.0  0.0  0.0  0.0296.3148.1222.2  0.0  0.0  0.0 37.0  0.0  0.0
  0.0  0.0111.1  0.0  0.0  0.0  0.0  0.0  0.0  0.0  0.0  0.0  0.0  0.0  0.0
  0.0  0.0  0.0  0.0  0.0  0.0  0.0  0.0  0.0  0.0259.3  0.0  0.0 74.1  0.0
  0.0  0.0  0.0  0.0  0.0  0.0  0.0  0.0  0.0  0.0  0.0  0.0  0.0  0.0  0.0
  0.0  0.0  0.0  0.0  0.0  0.0  0.0  0.0  0.0  0.0  0.0  0.0  0.0  0.0  0.0
  0.0  0.0  0.0  0.0  0.0  0.0  0.0  0.0  0.0  0.0  0.0  0.0  0.0  0.0  0.0
  0.0  0.0  0.0  0.0  0.0  0.0  0.0  0.0  0.0  0.0  0.0  0.0  0.0  0.0  0.0
  0.0  0.0  0.0  0.0  0.0  0.0  0.0  0.0  0.0  0.0  0.0  0.0  0.0  0.0  0.0
  0.0  0.0  0.0  0.0  0.0 37.0  0.0  0.0  0.0  0.0  0.0  0.0  0.0  0.0  0.0
    -38.09      1.13      8.69     -6.61     -3.63  0.0  0.0  0.0  0.0  0.0
                                 t000111_s8_p30_ai-el2ap.txt 12.3  4.9   61
 16.4  0.0  0.0 65.6  0.0  0.0  0.0  0.0  0.0  0.0  0.0  0.0  0.0  0.0  0.0
  0.0  0.0 16.4  0.0  0.0  0.0278.7131.1 82.0  0.0  0.0  0.0  0.0  0.0  0.0
  0.0  0.0 65.6  0.0  0.0 65.6  0.0  0.0  0.0  0.0 16.4 16.4 16.4 32.8 16.4
  0.0  0.0 16.4  0.0  0.0 32.8  0.0 49.2  0.0  0.0 98.4  0.0  0.0 65.6  0.0
  0.0  0.0  0.0  0.0  0.0  0.0  0.0  0.0  0.0  0.0  0.0  0.0  0.0  0.0  0.0
  0.0  0.0  0.0  0.0  0.0  0.0  0.0  0.0  0.0  0.0  0.0  0.0  0.0  0.0  0.0
  0.0  0.0  0.0  0.0  0.0  0.0  0.0  0.0  0.0  0.0  0.0  0.0  0.0  0.0  0.0
  0.0  0.0  0.0  0.0  0.0  0.0  0.0  0.0  0.0  0.0  0.0  0.0  0.0  0.0  0.0
  0.0  0.0  0.0  0.0  0.0  0.0  0.0  0.0  0.0 16.4 16.4 16.4 16.4  0.0  0.0
  0.0  0.0  0.0  0.0  0.0  0.0  0.0  0.0 16.4 16.4  0.0  0.0 16.4  0.0  0.0
    -20.15     -5.73      1.80      7.76     24.20  0.0  0.0  0.0  0.0  0.0
                                 t000111_s8_p31_ai-el2ap.txt  4.5  5.8   19
  0.0  0.0  0.0 52.6  0.0  0.0  0.0  0.0  0.0  0.0  0.0  0.0  0.0  0.0  0.0
  0.0  0.0  0.0  0.0  0.0  0.0368.4210.5157.9 52.6  0.0  0.0  0.0  0.0  0.0
  0.0  0.0157.9  0.0  0.0  0.0  0.0  0.0 52.6  0.0  0.0  0.0  0.0  0.0  0.0
  0.0  0.0  0.0  0.0  0.0  0.0  0.0  0.0  0.0  0.0157.9  0.0  0.0105.3  0.0
  0.0  0.0  0.0  0.0  0.0  0.0  0.0  0.0  0.0  0.0  0.0  0.0  0.0  0.0  0.0
  0.0  0.0  0.0  0.0  0.0  0.0  0.0  0.0  0.0  0.0  0.0  0.0  0.0  0.0  0.0
  0.0  0.0  0.0  0.0  0.0  0.0  0.0  0.0  0.0  0.0  0.0  0.0  0.0  0.0  0.0
  0.0  0.0  0.0  0.0  0.0  0.0  0.0  0.0  0.0  0.0  0.0  0.0  0.0  0.0  0.0
  0.0  0.0  0.0  0.0  0.0  0.0  0.0  0.0  0.0 52.6 52.6  0.0  0.0 52.6  0.0
  0.0  0.0  0.0  0.0  0.0 52.6  0.0 52.6  0.0  0.0  0.0  0.0  0.0  0.0  0.0
    -38.83     -4.00     11.94     10.37     -3.63  0.0  0.0  0.0  0.0  0.0
                                 t000111_s8_p32_ai-el2ap.txt  7.8  5.8   35
  0.0  0.0  0.0 57.1  0.0  0.0  0.0  0.0  0.0  0.0  0.0  0.0  0.0  0.0  0.0
  0.0  0.0 28.6 28.6  0.0  0.0342.9142.9142.9  0.0 28.6  0.0  0.0  0.0  0.0
  0.0  0.0 85.7  0.0  0.0  0.0  0.0 28.6  0.0  0.0  0.0  0.0  0.0 28.6 28.6
  0.0  0.0  0.0  0.0  0.0 57.1 28.6 57.1  0.0  0.0142.9 28.6  0.0 57.1  0.0
  0.0  0.0  0.0  0.0  0.0  0.0  0.0  0.0  0.0  0.0  0.0  0.0  0.0  0.0  0.0
  0.0  0.0  0.0  0.0  0.0  0.0  0.0  0.0  0.0  0.0  0.0  0.0  0.0  0.0  0.0
  0.0  0.0  0.0  0.0  0.0  0.0  0.0  0.0  0.0  0.0  0.0  0.0  0.0  0.0  0.0
  0.0  0.0  0.0  0.0  0.0  0.0  0.0  0.0  0.0  0.0  0.0  0.0  0.0  0.0  0.0
  0.0  0.0  0.0  0.0  0.0  0.0  0.0  0.0  0.0 57.1 57.1  0.0 28.6 28.6  0.0
  0.0  0.0  0.0  0.0  0.0 57.1  0.0  0.0  0.0 28.6  0.0  0.0  0.0  0.0  0.0
    -20.36     -4.46      6.93      0.20     22.68  0.0  0.0  0.0  0.0  0.0
                                 t000111_s8_p33_ai-el2ap.txt  6.0  6.6   24
  0.0  0.0  0.0 83.3  0.0  0.0  0.0  0.0  0.0 41.7  0.0  0.0  0.0  0.0  0.0
  0.0  0.0  0.0  0.0  0.0  0.0291.7125.0125.0  0.0  0.0  0.0  0.0  0.0  0.0
  0.0  0.0208.3  0.0  0.0 83.3  0.0  0.0  0.0  0.0 41.7  0.0 41.7 41.7  0.0
  0.0  0.0 41.7 41.7  0.0 41.7  0.0 41.7  0.0  0.0125.0  0.0  0.0 83.3  0.0
  0.0  0.0  0.0  0.0  0.0  0.0  0.0  0.0  0.0  0.0  0.0  0.0  0.0  0.0  0.0
  0.0  0.0  0.0  0.0  0.0  0.0  0.0  0.0  0.0  0.0  0.0  0.0  0.0  0.0  0.0
  0.0  0.0  0.0  0.0  0.0  0.0  0.0  0.0  0.0  0.0  0.0  0.0  0.0  0.0  0.0
  0.0  0.0  0.0  0.0  0.0  0.0  0.0  0.0  0.0  0.0  0.0  0.0  0.0  0.0  0.0
  0.0  0.0  0.0  0.0  0.0  0.0  0.0  0.0 41.7  0.0 83.3  0.0 41.7  0.0  0.0
  0.0  0.0  0.0  0.0 41.7  0.0  0.0 41.7  0.0  0.0  0.0  0.0 41.7  0.0  0.0
    -26.75     -5.73     10.71     13.24     28.73  0.0  0.0  0.0  0.0  0.0
                                 t000111_s8_p34_ai-el2ap.txt  9.5  5.4   44
  0.0  0.0  0.0 90.9  0.0  0.0 22.7  0.0  0.0 22.7  0.0  0.0  0.0  0.0  0.0
  0.0  0.0  0.0  0.0  0.0  0.0272.7113.6 90.9  0.0  0.0 22.7  0.0  0.0  0.0
  0.0  0.0113.6  0.0  0.0  0.0  0.0  0.0  0.0  0.0  0.0  0.0  0.0 22.7  0.0
 22.7  0.0  0.0  0.0  0.0  0.0  0.0 45.5  0.0  0.0113.6  0.0  0.0113.6  0.0
 22.7  0.0  0.0  0.0  0.0  0.0  0.0  0.0  0.0  0.0  0.0  0.0  0.0  0.0  0.0
  0.0  0.0  0.0  0.0  0.0  0.0  0.0  0.0  0.0  0.0  0.0  0.0  0.0  0.0  0.0
  0.0  0.0  0.0  0.0  0.0  0.0  0.0  0.0  0.0  0.0  0.0  0.0  0.0  0.0  0.0
  0.0  0.0  0.0  0.0  0.0  0.0  0.0  0.0  0.0  0.0  0.0  0.0  0.0  0.0  0.0
  0.0  0.0  0.0  0.0  0.0  0.0  0.0  0.0  0.0  0.0 45.5  0.0  0.0  0.0  0.0
  0.0  0.0  0.0  0.0  0.0  0.0  0.0  0.0 22.7  0.0  0.0  0.0 45.5  0.0  0.0
    -18.63     -1.36      8.87     -6.61      7.15  0.0  0.0  0.0  0.0  0.0
                                 t000111_s8_p35_ai-el2ap.txt 10.0  5.3   52
  0.0  0.0  0.0 38.5  0.0  0.0  0.0  0.0  0.0  0.0  0.0  0.0  0.0  0.0  0.0
  0.0  0.0  0.0  0.0  0.0  0.0384.6 57.7 57.7 19.2  0.0 19.2 19.2  0.0  0.0
  0.0  0.0115.4  0.0  0.0 38.5 38.5  0.0  0.0  0.0  0.0  0.0  0.0 38.5  0.0
  0.0  0.0  0.0 19.2 19.2  0.0  0.0 38.5  0.0  0.0 96.2  0.0  0.0115.4 19.2
  0.0  0.0  0.0  0.0  0.0  0.0  0.0  0.0  0.0  0.0  0.0  0.0  0.0  0.0  0.0
  0.0  0.0  0.0  0.0 19.2  0.0  0.0  0.0  0.0  0.0  0.0  0.0  0.0  0.0  0.0
  0.0  0.0 19.2  0.0  0.0  0.0  0.0  0.0  0.0  0.0  0.0  0.0  0.0  0.0  0.0
 19.2  0.0  0.0 19.2 19.2  0.0 19.2  0.0  0.0  0.0  0.0  0.0  0.0  0.0  0.0
  0.0  0.0  0.0  0.0  0.0  0.0  0.0  0.0 57.7  0.0 38.5 38.5  0.0  0.0  0.0
  0.0  0.0  0.0  0.0  0.0 19.2  0.0 19.2 19.2  0.0 19.2  0.0  0.0  0.0  0.0
    -26.92      2.16      6.80     -6.61      2.20  0.0  0.0  0.0  0.0  0.0
                                 t000111_s8_p36_ai-el2ap.txt  8.0  5.9   37
  0.0  0.0  0.0 81.1  0.0  0.0  0.0  0.0  0.0  0.0  0.0  0.0  0.0  0.0  0.0
  0.0  0.0  0.0  0.0  0.0  0.0324.3162.2135.1  0.0 54.1  0.0  0.0  0.0  0.0
 27.0  0.0135.1  0.0  0.0 54.1  0.0  0.0  0.0  0.0  0.0  0.0 27.0 27.0  0.0
  0.0  0.0 27.0  0.0  0.0  0.0  0.0 27.0  0.0 27.0135.1 54.1  0.0 81.1  0.0
  0.0  0.0  0.0  0.0  0.0  0.0  0.0  0.0  0.0  0.0  0.0  0.0  0.0  0.0  0.0
  0.0  0.0  0.0  0.0  0.0  0.0  0.0  0.0  0.0  0.0  0.0  0.0  0.0  0.0  0.0
  0.0  0.0  0.0  0.0  0.0  0.0  0.0  0.0  0.0  0.0  0.0  0.0  0.0  0.0  0.0
  0.0  0.0  0.0  0.0  0.0  0.0  0.0  0.0  0.0  0.0  0.0  0.0  0.0  0.0  0.0
  0.0  0.0  0.0  0.0  0.0  0.0  0.0  0.0 27.0 27.0 54.1 54.1  0.0  0.0  0.0
  0.0  0.0  0.0  0.0  0.0 27.0  0.0 27.0  0.0  0.0  0.0  0.0  0.0  0.0  0.0
    -33.77     -3.33     31.86     -6.61     17.36  0.0  0.0  0.0  0.0  0.0
                                 t000111_s8_p37_ai-el2ap.txt 12.0  5.4   58
  0.0  0.0  0.0 51.7  0.0 17.2  0.0  0.0  0.0  0.0  0.0  0.0  0.0  0.0  0.0
  0.0  0.0  0.0  0.0  0.0  0.0310.3206.9103.4  0.0 34.5  0.0  0.0  0.0  0.0
  0.0  0.0 86.2  0.0  0.0 17.2  0.0  0.0  0.0  0.0  0.0  0.0  0.0 17.2 17.2
  0.0  0.0  0.0 17.2  0.0  0.0  0.0 34.5  0.0  0.0103.4 34.5  0.0 51.7  0.0
  0.0  0.0  0.0  0.0  0.0  0.0  0.0  0.0  0.0  0.0  0.0  0.0  0.0  0.0  0.0
  0.0  0.0  0.0  0.0  0.0  0.0  0.0  0.0  0.0  0.0  0.0  0.0  0.0  0.0  0.0
  0.0  0.0  0.0  0.0  0.0  0.0  0.0  0.0  0.0  0.0 17.2  0.0  0.0  0.0  0.0
  0.0  0.0  0.0  0.0  0.0  0.0  0.0 17.2  0.0  0.0  0.0  0.0  0.0  0.0  0.0
  0.0  0.0  0.0  0.0  0.0  0.0  0.0  0.0  0.0 51.7 17.2  0.0 17.2  0.0  0.0
  0.0  0.0  0.0  0.0  0.0 17.2  0.0  0.0  0.0  0.0  0.0  0.0  0.0  0.0  0.0
    -28.27     -4.20      5.98     -6.61     12.25  0.0  0.0  0.0  0.0  0.0
                                 t000111_s8_p38_ai-el2ap.txt  8.3  5.0   42
  0.0  0.0  0.0142.9  0.0  0.0  0.0  0.0  0.0 23.8  0.0  0.0  0.0  0.0  0.0
  0.0  0.0 47.6  0.0  0.0  0.0261.9 71.4 23.8  0.0  0.0  0.0 23.8  0.0  0.0
  0.0  0.0 47.6  0.0  0.0 23.8  0.0  0.0  0.0 23.8  0.0  0.0 23.8  0.0  0.0
  0.0  0.0 23.8  0.0 23.8 47.6 23.8  0.0  0.0  0.0119.0  0.0  0.0190.5 47.6
  0.0 23.8  0.0  0.0  0.0  0.0  0.0  0.0  0.0  0.0  0.0  0.0  0.0  0.0  0.0
  0.0  0.0  0.0 23.8  0.0  0.0  0.0  0.0  0.0 23.8  0.0  0.0  0.0  0.0  0.0
  0.0  0.0  0.0  0.0  0.0  0.0  0.0  0.0  0.0  0.0  0.0  0.0  0.0  0.0  0.0
 23.8 23.8  0.0 47.6  0.0  0.0  0.0  0.0  0.0  0.0  0.0  0.0  0.0  0.0  0.0
  0.0  0.0  0.0  0.0  0.0  0.0  0.0  0.0  0.0  0.0 23.8  0.0 23.8  0.0  0.0
  0.0  0.0  0.0  0.0  0.0  0.0  0.0 23.8 23.8  0.0  0.0 23.8 23.8  0.0  0.0
     -1.47     -1.32      2.93      4.22     11.25  0.0  0.0  0.0  0.0  0.0
                                 t000111_s8_p39_ai-el2ap.txt 15.8  5.4   81
  0.0  0.0  0.0 98.8  0.0  0.0 12.3  0.0  0.0  0.0  0.0  0.0  0.0  0.0  0.0
  0.0  0.0  0.0  0.0  0.0  0.0333.3160.5 37.0 12.3 24.7  0.0 12.3  0.0  0.0
  0.0  0.0111.1  0.0  0.0 12.3 37.0  0.0  0.0  0.0  0.0 12.3  0.0 49.4 12.3
  0.0  0.0 12.3 12.3  0.0  0.0  0.0 61.7  0.0  0.0 37.0 24.7  0.0135.8  0.0
 12.3  0.0  0.0  0.0  0.0  0.0  0.0  0.0  0.0  0.0  0.0  0.0  0.0  0.0  0.0
  0.0  0.0  0.0 12.3  0.0  0.0 24.7  0.0  0.0  0.0  0.0  0.0  0.0  0.0  0.0
 12.3  0.0  0.0 12.3  0.0  0.0  0.0  0.0  0.0  0.0  0.0  0.0  0.0  0.0  0.0
 37.0  0.0  0.0 37.0 24.7  0.0 24.7  0.0  0.0  0.0  0.0  0.0  0.0  0.0  0.0
  0.0  0.0  0.0  0.0  0.0  0.0  0.0  0.0  0.0  0.0 49.4  0.0 12.3  0.0  0.0
  0.0  0.0  0.0  0.0  0.0  0.0  0.0  0.0 37.0 24.7  0.0 12.3 37.0  0.0  0.0
    -24.44     -1.94      7.99     -1.67     13.35  0.0  0.0  0.0  0.0  0.0
                                  t000111_s8_p4_ai-el2ap.txt  9.0  4.5   58
  0.0  0.0  0.0 86.2  0.0  0.0 17.2  0.0  0.0  0.0  0.0  0.0  0.0  0.0  0.0
  0.0  0.0 34.5 34.5  0.0  0.0172.4155.2 34.5  0.0  0.0  0.0  0.0  0.0  0.0
  0.0  0.0 86.2  0.0  0.0 17.2 17.2  0.0  0.0  0.0  0.0  0.0 17.2 51.7  0.0
  0.0 17.2  0.0  0.0 17.2 34.5 51.7 51.7  0.0  0.0 86.2  0.0  0.0103.4  0.0
  0.0  0.0  0.0  0.0  0.0  0.0  0.0  0.0  0.0  0.0  0.0  0.0  0.0  0.0  0.0
  0.0  0.0  0.0  0.0  0.0  0.0  0.0  0.0  0.0 17.2  0.0  0.0  0.0  0.0  0.0
  0.0  0.0  0.0  0.0  0.0  0.0  0.0 17.2  0.0  0.0  0.0  0.0  0.0  0.0  0.0
  0.0 17.2  0.0 17.2  0.0 17.2 17.2  0.0  0.0  0.0  0.0  0.0  0.0  0.0  0.0
  0.0  0.0  0.0  0.0  0.0  0.0  0.0  0.0  0.0  0.0  0.0  0.0 34.5  0.0  0.0
  0.0  0.0  0.0  0.0  0.0  0.0  0.0  0.0  0.0  0.0 17.2  0.0  0.0  0.0  0.0
      0.43     -5.73      5.98     -6.61     14.99  0.0  0.0  0.0  0.0  0.0
                                 t000111_s8_p40_ai-el2ap.txt  5.0  6.2   21
  0.0  0.0  0.0  0.0  0.0  0.0  0.0  0.0  0.0  0.0  0.0  0.0  0.0  0.0  0.0
  0.0  0.0  0.0  0.0  0.0  0.0381.0142.9 47.6 47.6  0.0  0.0  0.0  0.0  0.0
  0.0  0.0142.9  0.0  0.0 47.6  0.0  0.0  0.0  0.0  0.0  0.0  0.0  0.0  0.0
 47.6  0.0  0.0  0.0  0.0  0.0  0.0 47.6  0.0  0.0 47.6  0.0  0.0 95.2  0.0
  0.0  0.0  0.0  0.0  0.0  0.0  0.0  0.0  0.0  0.0  0.0  0.0  0.0  0.0  0.0
  0.0  0.0  0.0  0.0  0.0  0.0  0.0  0.0  0.0  0.0  0.0  0.0  0.0  0.0  0.0
  0.0  0.0  0.0  0.0  0.0  0.0  0.0  0.0  0.0  0.0  0.0  0.0  0.0  0.0  0.0
  0.0  0.0  0.0  0.0  0.0  0.0  0.0  0.0  0.0  0.0  0.0  0.0  0.0  0.0  0.0
  0.0  0.0  0.0  0.0  0.0  0.0  0.0  0.0  0.0  0.0  0.0 47.6 47.6  0.0  0.0
  0.0  0.0  0.0  0.0  0.0  0.0  0.0  0.0  0.0  0.0  0.0  0.0  0.0  0.0  0.0
    -33.17     -4.16      8.19     -6.61     11.73  0.0  0.0  0.0  0.0  0.0
                                 t000111_s8_p41_ai-el2ap.txt  9.5  5.4   52
  0.0  0.0  0.0 76.9  0.0  0.0  0.0  0.0  0.0  0.0  0.0  0.0  0.0  0.0  0.0
 19.2  0.0  0.0 19.2  0.0  0.0307.7115.4 19.2 38.5  0.0  0.0  0.0  0.0  0.0
  0.0  0.0 76.9  0.0  0.0 19.2 19.2  0.0  0.0  0.0  0.0  0.0  0.0 38.5  0.0
 19.2  0.0  0.0  0.0 19.2  0.0 19.2 57.7  0.0  0.0 96.2  0.0  0.0153.8  0.0
  0.0  0.0  0.0  0.0  0.0  0.0  0.0  0.0  0.0  0.0  0.0  0.0  0.0  0.0  0.0
  0.0  0.0  0.0  0.0  0.0  0.0 19.2  0.0  0.0  0.0  0.0  0.0  0.0  0.0  0.0
  0.0  0.0  0.0 19.2  0.0  0.0  0.0  0.0  0.0  0.0  0.0  0.0  0.0  0.0  0.0
 19.2  0.0  0.0 19.2 19.2  0.0 19.2  0.0  0.0  0.0  0.0  0.0  0.0  0.0  0.0
  0.0  0.0  0.0  0.0  0.0  0.0  0.0  0.0  0.0 19.2 19.2 38.5 19.2  0.0  0.0
  0.0  0.0  0.0  0.0  0.0  0.0  0.0  0.0 38.5  0.0  0.0  0.0 38.5  0.0  0.0
    -12.84     -4.46      5.22     -6.61      8.40  0.0  0.0  0.0  0.0  0.0
                                 t000111_s8_p42_ai-el2ap.txt 10.3  5.3   51
  0.0  0.0  0.0 39.2  0.0  0.0  0.0  0.0  0.0  0.0  0.0  0.0  0.0  0.0  0.0
  0.0  0.0  0.0  0.0  0.0  0.0313.7 78.4137.3 19.6  0.0 19.6  0.0  0.0  0.0
  0.0  0.0 58.8 19.6  0.0 39.2  0.0  0.0  0.0  0.0  0.0 19.6 19.6 19.6  0.0
  0.0  0.0 19.6  0.0  0.0  0.0  0.0 19.6  0.0  0.0196.1  0.0  0.0 58.8  0.0
 19.6  0.0  0.0  0.0  0.0  0.0  0.0  0.0  0.0  0.0  0.0  0.0  0.0  0.0  0.0
  0.0  0.0  0.0 19.6  0.0  0.0  0.0  0.0  0.0  0.0  0.0  0.0  0.0  0.0  0.0
  0.0  0.0  0.0  0.0  0.0  0.0  0.0  0.0  0.0  0.0  0.0  0.0  0.0  0.0  0.0
 19.6  0.0  0.0 19.6  0.0  0.0  0.0  0.0  0.0  0.0  0.0  0.0  0.0  0.0  0.0
  0.0  0.0  0.0  0.0  0.0  0.0  0.0  0.0 19.6  0.0  0.0  0.0  0.0 19.6  0.0
  0.0  0.0  0.0  0.0  0.0  0.0  0.0  0.0 19.6  0.0  0.0  0.0  0.0  0.0  0.0
    -29.92     -1.31     -2.77      1.24     11.60  0.0  0.0  0.0  0.0  0.0
                                 t000111_s8_p43_ai-el2ap.txt 14.5  5.4   71
  0.0  0.0  0.0126.8  0.0  0.0  0.0  0.0  0.0 14.1  0.0  0.0  0.0  0.0  0.0
  0.0  0.0  0.0  0.0  0.0  0.0281.7 98.6 56.3  0.0 14.1  0.0 14.1  0.0 14.1
  0.0  0.0 84.5  0.0  0.0 42.3  0.0 14.1  0.0  0.0  0.0 28.2  0.0 28.2 14.1
  0.0 14.1 42.3 14.1  0.0 14.1 14.1 42.3  0.0 14.1 70.4 14.1  0.0126.8  0.0
  0.0  0.0  0.0  0.0  0.0  0.0  0.0  0.0  0.0  0.0  0.0  0.0  0.0  0.0  0.0
  0.0  0.0  0.0 28.2  0.0 14.1  0.0  0.0  0.0  0.0  0.0  0.0  0.0  0.0  0.0
  0.0  0.0  0.0  0.0  0.0  0.0  0.0  0.0  0.0  0.0 28.2  0.0 14.1  0.0  0.0
 42.3  0.0  0.0 42.3  0.0  0.0  0.0 42.3  0.0  0.0  0.0  0.0  0.0  0.0  0.0
  0.0  0.0  0.0  0.0  0.0  0.0  0.0  0.0  0.0 14.1  0.0 14.1 14.1  0.0  0.0
  0.0  0.0  0.0  0.0  0.0  0.0  0.0  0.0 42.3 14.1  0.0  0.0 28.2  0.0  0.0
    -21.42     -2.49     11.48      8.02     11.48  0.0  0.0  0.0  0.0  0.0
                                 t000111_s8_p44_ai-el2ap.txt  7.5  5.0   36
 55.6  0.0  0.0 55.6  0.0  0.0  0.0  0.0  0.0 55.6  0.0  0.0  0.0  0.0  0.0
  0.0  0.0 27.8  0.0  0.0  0.0250.0 83.3111.1  0.0  0.0  0.0  0.0  0.0  0.0
  0.0  0.0 83.3  0.0  0.0 27.8 27.8  0.0  0.0  0.0  0.0  0.0  0.0 27.8  0.0
  0.0  0.0 27.8  0.0 27.8 27.8  0.0 27.8  0.0  0.0138.9  0.0  0.0166.7 55.6
  0.0  0.0  0.0  0.0  0.0  0.0  0.0  0.0  0.0  0.0  0.0  0.0  0.0  0.0  0.0
  0.0  0.0  0.0  0.0  0.0 27.8  0.0  0.0  0.0  0.0  0.0  0.0  0.0  0.0  0.0
  0.0  0.0  0.0  0.0  0.0  0.0  0.0  0.0  0.0  0.0  0.0  0.0  0.0  0.0  0.0
 27.8  0.0  0.0 27.8  0.0  0.0  0.0  0.0  0.0  0.0  0.0  0.0  0.0  0.0  0.0
  0.0  0.0  0.0  0.0  0.0  0.0  0.0  0.0 27.8  0.0  0.0  0.0  0.0 27.8  0.0
  0.0  0.0  0.0  0.0  0.0  0.0  0.0  0.0  0.0 55.6  0.0  0.0  0.0  0.0  0.0
     -4.71     -5.73      5.18     -6.61      0.58  0.0  0.0  0.0  0.0  0.0
                                 t000111_s8_p45_ai-el2ap.txt  6.3  5.0   29
 34.5  0.0  0.0103.4  0.0  0.0  0.0  0.0  0.0 69.0  0.0  0.0  0.0  0.0  0.0
  0.0  0.0 69.0  0.0  0.0  0.0206.9103.4 34.5 34.5  0.0  0.0  0.0  0.0  0.0
  0.0  0.0137.9  0.0  0.0 34.5  0.0  0.0  0.0  0.0  0.0  0.0 34.5 69.0  0.0
  0.0  0.0 34.5 34.5  0.0 69.0  0.0 69.0  0.0  0.0 69.0  0.0  0.0103.4  0.0
  0.0  0.0  0.0  0.0  0.0  0.0  0.0  0.0  0.0  0.0  0.0  0.0  0.0  0.0  0.0
  0.0  0.0  0.0  0.0  0.0 34.5  0.0  0.0  0.0  0.0  0.0  0.0  0.0  0.0  0.0
  0.0  0.0  0.0  0.0  0.0  0.0  0.0  0.0  0.0  0.0  0.0  0.0  0.0  0.0  0.0
 34.5  0.0  0.0 34.5  0.0  0.0  0.0  0.0  0.0  0.0  0.0  0.0  0.0  0.0  0.0
  0.0  0.0  0.0  0.0  0.0  0.0  0.0  0.0  0.0  0.0  0.0  0.0 34.5  0.0  0.0
  0.0  0.0  0.0  0.0  0.0  0.0  0.0  0.0  0.0 69.0  0.0  0.0  0.0  0.0  0.0
     12.72     -4.59      8.59     -6.61     28.37  0.0  0.0  0.0  0.0  0.0
                                 t000111_s8_p46_ai-el2ap.txt 13.0  5.6   58
  0.0  0.0  0.0 86.2  0.0  0.0  0.0  0.0  0.0  0.0  0.0  0.0  0.0  0.0  0.0
  0.0  0.0  0.0  0.0  0.0  0.0362.1103.4172.4  0.0  0.0 17.2  0.0  0.0  0.0
  0.0 17.2103.4  0.0  0.0  0.0  0.0  0.0  0.0  0.0  0.0  0.0  0.0  0.0  0.0
  0.0  0.0  0.0  0.0  0.0  0.0 17.2  0.0  0.0  0.0172.4  0.0  0.0 86.2  0.0
 17.2  0.0  0.0  0.0  0.0  0.0  0.0  0.0  0.0  0.0  0.0  0.0  0.0  0.0  0.0
  0.0  0.0  0.0  0.0  0.0  0.0  0.0  0.0  0.0  0.0  0.0  0.0  0.0  0.0  0.0
  0.0  0.0  0.0  0.0  0.0  0.0  0.0  0.0  0.0  0.0  0.0  0.0  0.0  0.0  0.0
  0.0  0.0  0.0  0.0  0.0  0.0  0.0  0.0  0.0  0.0  0.0  0.0  0.0  0.0  0.0
  0.0  0.0  0.0  0.0  0.0  0.0  0.0  0.0 34.5  0.0 34.5  0.0 17.2  0.0  0.0
  0.0  0.0  0.0  0.0  0.0 17.2  0.0  0.0  0.0  0.0  0.0 17.2  0.0  0.0  0.0
    -33.59     -2.41     14.54     -6.61     -3.63  0.0  0.0  0.0  0.0  0.0
                                 t000111_s8_p47_ai-el2ap.txt  8.0  4.9   38
  0.0  0.0  0.0 78.9  0.0  0.0  0.0  0.0  0.0  0.0  0.0  0.0  0.0 26.3  0.0
  0.0  0.0  0.0  0.0  0.0  0.0315.8184.2 52.6  0.0  0.0  0.0  0.0  0.0 26.3
  0.0  0.0 52.6  0.0  0.0 26.3  0.0  0.0  0.0  0.0  0.0  0.0  0.0  0.0  0.0
  0.0  0.0  0.0  0.0 26.3  0.0  0.0  0.0  0.0 26.3105.3  0.0  0.0105.3 26.3
  0.0  0.0  0.0  0.0  0.0  0.0  0.0  0.0  0.0  0.0  0.0  0.0  0.0  0.0  0.0
  0.0  0.0  0.0  0.0  0.0  0.0  0.0  0.0  0.0  0.0  0.0  0.0  0.0  0.0  0.0
  0.0  0.0  0.0  0.0  0.0  0.0  0.0  0.0  0.0  0.0  0.0  0.0  0.0  0.0  0.0
  0.0  0.0  0.0  0.0  0.0  0.0  0.0  0.0  0.0  0.0  0.0  0.0  0.0  0.0  0.0
  0.0  0.0  0.0  0.0  0.0  0.0  0.0  0.0  0.0  0.0 78.9  0.0 26.3  0.0  0.0
  0.0  0.0  0.0  0.0  0.0  0.0  0.0  0.0  0.0  0.0  0.0  0.0 26.3  0.0  0.0
    -14.55     -5.73     16.29     -6.61     -3.63  0.0  0.0  0.0  0.0  0.0
                                 t000111_s8_p48_ai-el2ap.txt 17.3  5.0   99
  0.0  0.0  0.0 40.4  0.0  0.0  0.0  0.0  0.0  0.0  0.0  0.0  0.0  0.0  0.0
  0.0  0.0  0.0  0.0  0.0  0.0343.4161.6 70.7  0.0  0.0  0.0  0.0  0.0 10.1
  0.0  0.0 80.8  0.0  0.0 10.1 10.1  0.0  0.0  0.0 10.1  0.0  0.0 10.1  0.0
  0.0 10.1  0.0  0.0  0.0 10.1 10.1 10.1  0.0 10.1 70.7  0.0  0.0 50.5  0.0
  0.0  0.0  0.0  0.0  0.0  0.0  0.0  0.0  0.0  0.0  0.0  0.0  0.0  0.0  0.0
  0.0  0.0  0.0 10.1  0.0  0.0  0.0  0.0  0.0  0.0  0.0  0.0  0.0  0.0 10.1
  0.0  0.0  0.0  0.0  0.0  0.0  0.0  0.0  0.0  0.0  0.0  0.0  0.0  0.0  0.0
 10.1  0.0  0.0 10.1 10.1  0.0 10.1  0.0  0.0  0.0  0.0  0.0  0.0  0.0  0.0
  0.0  0.0  0.0  0.0  0.0  0.0  0.0  0.0 30.3  0.0 80.8 10.1  0.0  0.0  0.0
  0.0  0.0  0.0  0.0  0.0  0.0  0.0  0.0  0.0  0.0  0.0  0.0  0.0  0.0  0.0
    -29.91     -5.73     11.06     -1.80     -2.10  0.0  0.0  0.0  0.0  0.0
                                 t000111_s8_p49_ai-el2ap.txt 12.8  5.4   56
 17.9  0.0  0.0107.1  0.0  0.0  0.0  0.0  0.0  0.0  0.0  0.0  0.0  0.0  0.0
  0.0  0.0  0.0  0.0  0.0 17.9339.3125.0 53.6  0.0  0.0  0.0 17.9  0.0  0.0
  0.0  0.0107.1  0.0  0.0 35.7 17.9  0.0 17.9  0.0  0.0  0.0  0.0 17.9  0.0
  0.0  0.0  0.0  0.0  0.0  0.0  0.0 17.9  0.0  0.0 71.4  0.0  0.0107.1  0.0
  0.0  0.0  0.0  0.0  0.0  0.0  0.0  0.0  0.0  0.0  0.0  0.0  0.0  0.0  0.0
  0.0  0.0  0.0  0.0  0.0  0.0 17.9  0.0  0.0  0.0  0.0  0.0  0.0  0.0  0.0
  0.0  0.0  0.0 17.9  0.0  0.0  0.0  0.0  0.0  0.0  0.0  0.0  0.0  0.0  0.0
 17.9  0.0  0.0 17.9 17.9  0.0 17.9  0.0  0.0  0.0  0.0  0.0  0.0  0.0  0.0
  0.0  0.0  0.0  0.0  0.0  0.0  0.0  0.0  0.0  0.0 71.4  0.0 17.9  0.0  0.0
  0.0  0.0  0.0  0.0  0.0  0.0  0.0 17.9 17.9 17.9 17.9  0.0 53.6  0.0  0.0
    -17.96     -2.42      6.38     -0.84     -0.92  0.0  0.0  0.0  0.0  0.0
                                  t000111_s8_p5_ai-el2ap.txt 20.3  5.6  126
 15.9  0.0  0.0 63.5  0.0  0.0  0.0  0.0  7.9  0.0  0.0  0.0  0.0  0.0  0.0
  0.0  0.0  0.0  7.9  0.0  0.0301.6158.7103.2  7.9  7.9  0.0  7.9  0.0  7.9
  0.0  7.9174.6  0.0  0.0 15.9 23.8  7.9  7.9  0.0  0.0  0.0  7.9  7.9  0.0
  7.9  0.0  0.0  0.0  7.9  7.9 15.9 15.9  0.0  7.9111.1 15.9  0.0103.2  0.0
  0.0  0.0  0.0  0.0  0.0  0.0  0.0  0.0  0.0  0.0  0.0  0.0  0.0  0.0  0.0
  0.0  0.0  0.0  0.0  0.0  0.0  7.9  7.9  0.0  0.0  0.0  0.0  0.0  0.0  0.0
  0.0  0.0  0.0  7.9  0.0  0.0  0.0  0.0  7.9  0.0  0.0  0.0  0.0  0.0  0.0
  7.9  7.9  0.0 15.9  7.9  7.9 15.9  0.0  0.0  0.0  0.0  0.0  0.0  0.0  0.0
  0.0  0.0  0.0  0.0  0.0  0.0  0.0  0.0 23.8 31.7 15.9  7.9 15.9  7.9  0.0
  0.0  0.0  0.0  0.0  0.0 15.9  0.0 23.8 15.9  7.9  0.0  7.9 15.9  0.0  0.0
    -27.62     -3.64     19.10     -2.16      5.10  0.0  0.0  0.0  0.0  0.0
                                 t000111_s8_p50_ai-el2ap.txt 16.8  5.7  101
  0.0  0.0  0.0 69.3  0.0  0.0  0.0  0.0  0.0  0.0  0.0  0.0  0.0  0.0  0.0
  9.9  0.0  0.0  0.0  0.0  0.0277.2108.9118.8  0.0  0.0  0.0  0.0  0.0 19.8
  0.0  9.9 49.5  0.0  0.0 59.4  0.0  0.0  0.0  0.0  0.0  9.9 19.8 39.6  9.9
  0.0  0.0  0.0  0.0  0.0  0.0  9.9 49.5  0.0 19.8148.5  0.0  0.0 69.3  0.0
  9.9  0.0  0.0  0.0  0.0  0.0  0.0  0.0  0.0  0.0  0.0  0.0  0.0  0.0  0.0
  0.0  0.0  0.0  0.0  0.0  0.0  0.0  0.0  0.0  0.0  0.0  0.0  0.0  0.0  0.0
  0.0  0.0  0.0  0.0  0.0  0.0  0.0  0.0  0.0  0.0  0.0  0.0  0.0  0.0  0.0
  0.0  0.0  0.0  0.0  0.0  0.0  0.0  0.0  0.0  0.0  0.0  0.0  0.0  0.0  0.0
  0.0  0.0  0.0  0.0  0.0  0.0  0.0  0.0  0.0  0.0 29.7  9.9  0.0  0.0  0.0
  0.0  0.0  0.0  0.0  0.0  0.0  0.0  0.0  0.0 19.8  0.0  0.0  0.0  0.0  0.0
    -25.45     -5.73     14.60     -2.64     22.37  0.0  0.0  0.0  0.0  0.0
                                 t000111_s8_p51_ai-el2ap.txt 16.5  5.4  102
  0.0  0.0  0.0 78.4  0.0  0.0  0.0  0.0  0.0  0.0  0.0  0.0  0.0  0.0  0.0
  0.0  0.0  0.0  0.0  0.0  0.0254.9186.3107.8  0.0 19.6  9.8  9.8  0.0  9.8
  0.0  0.0 88.2  0.0  0.0 19.6  0.0  0.0  9.8  0.0  0.0  0.0  0.0  9.8  9.8
  0.0  0.0 19.6  0.0  0.0  0.0  0.0 19.6  0.0  9.8166.7 19.6  0.0 98.0  0.0
  0.0  0.0  0.0  0.0  0.0  0.0  0.0  0.0  0.0  0.0  0.0  0.0  0.0  0.0  0.0
  0.0  0.0  0.0 19.6  0.0  0.0  0.0  0.0  0.0  0.0  0.0  0.0  0.0  0.0  0.0
  0.0  0.0  0.0  0.0  0.0  0.0  0.0  0.0  0.0  0.0  0.0  0.0  0.0  0.0  0.0
 19.6  0.0  0.0 19.6  0.0  0.0  0.0  0.0  0.0  0.0  0.0  0.0  0.0  0.0  0.0
  0.0  0.0  0.0  0.0  0.0  0.0  0.0  9.8  9.8 19.6 19.6  0.0  9.8  0.0  0.0
  0.0  0.0  0.0  0.0  0.0  0.0  0.0  9.8 19.6  9.8  0.0  0.0  9.8  0.0  0.0
    -30.10     -1.16     10.89     -3.44      5.40  0.0  0.0  0.0  0.0  0.0
                                 t000111_s8_p52_ai-el2ap.txt  4.0  4.6   20
  0.0  0.0  0.0100.0  0.0  0.0  0.0  0.0  0.0  0.0  0.0  0.0  0.0  0.0  0.0
  0.0  0.0  0.0  0.0  0.0  0.0200.0200.0100.0  0.0  0.0  0.0  0.0  0.0 50.0
  0.0  0.0  0.0 50.0  0.0  0.0  0.0  0.0  0.0  0.0  0.0  0.0  0.0  0.0  0.0
 50.0  0.0  0.0  0.0  0.0  0.0  0.0 50.0  0.0 50.0100.0  0.0  0.0150.0  0.0
  0.0  0.0  0.0  0.0  0.0  0.0  0.0  0.0  0.0  0.0  0.0  0.0  0.0  0.0  0.0
  0.0  0.0  0.0  0.0  0.0  0.0  0.0  0.0  0.0  0.0  0.0  0.0  0.0  0.0  0.0
  0.0  0.0  0.0  0.0  0.0  0.0  0.0  0.0  0.0  0.0  0.0  0.0  0.0  0.0  0.0
  0.0  0.0  0.0  0.0  0.0  0.0  0.0  0.0  0.0  0.0  0.0  0.0  0.0  0.0  0.0
  0.0  0.0  0.0  0.0  0.0  0.0  0.0  0.0 50.0 50.0  0.0  0.0 50.0  0.0  0.0
  0.0  0.0  0.0  0.0  0.0  0.0  0.0  0.0  0.0  0.0  0.0  0.0 50.0  0.0  0.0
    -26.12     -5.73     11.69     -6.61     12.50  0.0  0.0  0.0  0.0  0.0
                                  t000111_s8_p6_ai-el2ap.txt  4.0  6.2   19
  0.0  0.0  0.0105.3  0.0  0.0  0.0  0.0  0.0  0.0  0.0  0.0  0.0  0.0  0.0
  0.0  0.0  0.0  0.0  0.0  0.0368.4210.5105.3  0.0  0.0  0.0  0.0  0.0  0.0
  0.0  0.0210.5  0.0  0.0  0.0  0.0  0.0 52.6  0.0  0.0  0.0  0.0  0.0  0.0
  0.0  0.0  0.0  0.0  0.0  0.0  0.0  0.0  0.0  0.0105.3  0.0  0.0105.3  0.0
  0.0  0.0  0.0  0.0  0.0  0.0  0.0  0.0  0.0  0.0  0.0  0.0  0.0  0.0  0.0
  0.0  0.0  0.0  0.0  0.0  0.0  0.0  0.0  0.0  0.0  0.0  0.0  0.0  0.0  0.0
  0.0  0.0  0.0  0.0  0.0  0.0  0.0  0.0  0.0  0.0  0.0  0.0  0.0  0.0  0.0
  0.0  0.0  0.0  0.0  0.0  0.0  0.0  0.0  0.0  0.0  0.0  0.0  0.0  0.0  0.0
  0.0  0.0  0.0  0.0  0.0  0.0  0.0  0.0 52.6  0.0  0.0  0.0  0.0 52.6  0.0
  0.0  0.0  0.0  0.0  0.0 52.6  0.0 52.6  0.0 52.6  0.0  0.0  0.0  0.0  0.0
    -35.28     -5.73     15.59     10.37     -3.63  0.0  0.0  0.0  0.0  0.0
                                  t000111_s8_p7_ai-el2ap.txt 10.5  5.9   47
  0.0  0.0  0.0 21.3  0.0  0.0  0.0 21.3  0.0  0.0  0.0  0.0  0.0  0.0  0.0
  0.0  0.0  0.0 21.3  0.0  0.0340.4170.2 63.8  0.0  0.0  0.0  0.0  0.0  0.0
  0.0  0.0106.4  0.0  0.0 42.6  0.0  0.0  0.0  0.0  0.0 21.3  0.0 21.3  0.0
  0.0  0.0  0.0 21.3  0.0  0.0 21.3 21.3  0.0  0.0 85.1  0.0  0.0 42.6  0.0
  0.0  0.0  0.0  0.0  0.0  0.0  0.0  0.0  0.0  0.0  0.0  0.0  0.0  0.0  0.0
  0.0  0.0  0.0  0.0  0.0  0.0  0.0  0.0  0.0  0.0  0.0  0.0  0.0  0.0  0.0
  0.0  0.0  0.0  0.0  0.0  0.0  0.0  0.0  0.0  0.0 42.6  0.0  0.0  0.0  0.0
  0.0  0.0  0.0  0.0  0.0  0.0  0.0 42.6  0.0  0.0  0.0  0.0  0.0  0.0  0.0
  0.0  0.0  0.0  0.0  0.0  0.0  0.0  0.0 42.6  0.0 21.3  0.0  0.0  0.0  0.0
  0.0  0.0  0.0  0.0  0.0  0.0  0.0  0.0  0.0  0.0  0.0  0.0 21.3  0.0  0.0
    -23.10     -5.73      5.94      1.91     -0.40  0.0  0.0  0.0  0.0  0.0
                                  t000111_s8_p8_ai-el2ap.txt  9.8  6.2   43
 23.3  0.0  0.0 69.8  0.0  0.0  0.0  0.0  0.0 23.3  0.0  0.0  0.0  0.0  0.0
  0.0  0.0  0.0  0.0  0.0  0.0348.8139.5116.3  0.0  0.0  0.0  0.0  0.0  0.0
  0.0  0.0 93.0  0.0  0.0 23.3  0.0  0.0 23.3  0.0  0.0  0.0  0.0  0.0  0.0
 23.3  0.0  0.0  0.0  0.0  0.0  0.0 23.3  0.0  0.0139.5  0.0  0.0 93.0  0.0
  0.0  0.0  0.0  0.0  0.0  0.0  0.0  0.0  0.0  0.0  0.0  0.0  0.0  0.0  0.0
  0.0  0.0  0.0  0.0  0.0  0.0  0.0  0.0  0.0  0.0  0.0  0.0  0.0  0.0  0.0
  0.0  0.0  0.0  0.0  0.0  0.0  0.0  0.0  0.0  0.0 23.3  0.0  0.0  0.0  0.0
  0.0  0.0  0.0  0.0  0.0  0.0  0.0 23.3  0.0  0.0  0.0  0.0  0.0  0.0  0.0
  0.0  0.0  0.0  0.0  0.0  0.0  0.0  0.0  0.0  0.0  0.0  0.0 23.3  0.0  0.0
  0.0  0.0  0.0  0.0  0.0  0.0  0.0 23.3  0.0 23.3  0.0  0.0 23.3  0.0  0.0
    -28.12     -5.73      6.11      0.90      3.88  0.0  0.0  0.0  0.0  0.0
                                  t000111_s8_p9_ai-el2ap.txt 12.0  5.3   64
  0.0  0.0  0.0 78.1  0.0  0.0  0.0  0.0  0.0 15.6  0.0  0.0  0.0  0.0  0.0
  0.0  0.0  0.0  0.0  0.0  0.0281.3140.6109.4  0.0  0.0  0.0 15.6  0.0 15.6
  0.0  0.0 93.8  0.0  0.0 15.6  0.0  0.0 15.6  0.0  0.0  0.0 15.6 15.6  0.0
 15.6  0.0 15.6  0.0  0.0  0.0  0.0 31.3  0.0 15.6109.4  0.0  0.0125.0 15.6
  0.0  0.0  0.0  0.0  0.0  0.0  0.0  0.0  0.0  0.0  0.0  0.0  0.0  0.0  0.0
  0.0  0.0  0.0 15.6  0.0  0.0  0.0  0.0  0.0  0.0  0.0  0.0  0.0  0.0  0.0
  0.0  0.0  0.0  0.0  0.0  0.0  0.0  0.0  0.0  0.0  0.0  0.0  0.0  0.0  0.0
 15.6  0.0  0.0 15.6  0.0  0.0  0.0  0.0  0.0  0.0  0.0  0.0  0.0  0.0  0.0
  0.0  0.0  0.0  0.0  0.0  0.0  0.0 15.6  0.0  0.0 31.3  0.0  0.0  0.0  0.0
  0.0 15.6  0.0  0.0  0.0  0.0  0.0 15.6 15.6  0.0  0.0  0.0 46.9  0.0  0.0
    -26.78     -2.83     14.41     -1.56     13.55  0.0  0.0  0.0  0.0  0.0
                                  t000113_s1_p1_ai-el2ap.txt 17.5  6.3   95
  0.0  0.0  0.0 52.6  0.0  0.0  0.0  0.0  0.0  0.0  0.0  0.0  0.0  0.0  0.0
  0.0  0.0  0.0 42.1  0.0  0.0347.4178.9115.8 10.5  0.0 10.5  0.0  0.0  0.0
  0.0  0.0105.3  0.0  0.0 21.1  0.0  0.0  0.0  0.0  0.0 10.5  0.0 31.6 10.5
 31.6  0.0  0.0  0.0  0.0  0.0 42.1 73.7  0.0  0.0136.8  0.0  0.0105.3  0.0
 10.5  0.0  0.0  0.0  0.0  0.0  0.0  0.0  0.0  0.0  0.0  0.0  0.0  0.0  0.0
  0.0  0.0  0.0  0.0  0.0  0.0  0.0  0.0  0.0  0.0  0.0  0.0  0.0  0.0  0.0
  0.0  0.0  0.0  0.0  0.0  0.0  0.0  0.0  0.0  0.0  0.0  0.0  0.0  0.0  0.0
  0.0  0.0  0.0  0.0  0.0  0.0  0.0  0.0  0.0  0.0  0.0  0.0  0.0  0.0  0.0
  0.0  0.0  0.0  0.0  0.0  0.0  0.0 10.5 31.6  0.0 21.1  0.0  0.0  0.0  0.0
 10.5  0.0  0.0  0.0  0.0  0.0 10.5 31.6  0.0 21.1  0.0  0.0 10.5  0.0  0.0
    -27.22     -3.36      7.09     -2.39     19.44 10.5  0.0  0.0  0.0  0.0
                                 t000113_s14_p1_ai-el2ap.txt 19.8  6.3   92
  0.0  0.0  0.0  0.0  0.0  0.0  0.0  0.0  0.0  0.0  0.0  0.0  0.0  0.0  0.0
  0.0  0.0  0.0 10.9  0.0  0.0445.7108.7 97.8 43.5  0.0  0.0  0.0  0.0  0.0
  0.0  0.0130.4  0.0  0.0 10.9 10.9  0.0  0.0  0.0  0.0 10.9  0.0 32.6  0.0
 10.9  0.0  0.0  0.0  0.0  0.0 10.9 43.5  0.0  0.0119.6  0.0  0.0 76.1 10.9
 10.9  0.0  0.0  0.0  0.0  0.0  0.0  0.0  0.0  0.0  0.0  0.0  0.0  0.0  0.0
  0.0  0.0  0.0  0.0  0.0  0.0  0.0  0.0  0.0  0.0  0.0  0.0  0.0  0.0  0.0
  0.0  0.0  0.0  0.0  0.0  0.0  0.0  0.0  0.0  0.0  0.0  0.0  0.0  0.0  0.0
  0.0  0.0  0.0  0.0  0.0  0.0  0.0  0.0  0.0  0.0  0.0  0.0  0.0  0.0  0.0
  0.0  0.0  0.0  0.0  0.0  0.0  0.0  0.0 32.6  0.0 21.7 10.9  0.0  0.0  0.0
  0.0  0.0  0.0  0.0  0.0  0.0  0.0  0.0  0.0 32.6  0.0  0.0  0.0  0.0  0.0
    -34.22     -4.30      9.41     -2.26      4.82  0.0  0.0  0.0  0.0  0.0
                                 t000113_s14_p2_ai-el2ap.txt  6.5  6.4   27
  0.0  0.0  0.0  0.0  0.0  0.0  0.0  0.0 37.0  0.0  0.0  0.0  0.0  0.0  0.0
  0.0  0.0  0.0 37.0  0.0  0.0481.5148.1111.1 37.0  0.0  0.0  0.0  0.0  0.0
  0.0  0.0 74.1  0.0  0.0  0.0  0.0  0.0  0.0  0.0  0.0  0.0  0.0  0.0  0.0
 74.1  0.0  0.0  0.0  0.0  0.0 37.0 74.1  0.0  0.0111.1 37.0  0.0111.1  0.0
  0.0  0.0  0.0  0.0  0.0  0.0  0.0  0.0  0.0  0.0  0.0  0.0  0.0  0.0  0.0
  0.0  0.0  0.0  0.0  0.0  0.0  0.0  0.0  0.0  0.0  0.0  0.0  0.0  0.0  0.0
  0.0  0.0  0.0  0.0  0.0  0.0  0.0  0.0  0.0  0.0  0.0  0.0  0.0  0.0  0.0
  0.0  0.0  0.0  0.0  0.0  0.0  0.0  0.0  0.0  0.0  0.0  0.0  0.0  0.0  0.0
  0.0  0.0  0.0  0.0  0.0  0.0  0.0  0.0 37.0  0.0  0.0  0.0  0.0  0.0  0.0
  0.0  0.0  0.0  0.0  0.0  0.0  0.0 37.0  0.0  0.0  0.0  0.0  0.0  0.0  0.0
    -30.87     -4.51      6.12     -6.61     20.27  0.0  0.0  0.0  0.0  0.0
                                 t000113_s20_p1_ai-el2ap.txt  7.3  5.6   45
  0.0  0.0  0.0 44.4  0.0  0.0  0.0  0.0  0.0  0.0  0.0  0.0  0.0  0.0  0.0
  0.0  0.0  0.0 22.2  0.0  0.0355.6155.6 88.9  0.0  0.0  0.0  0.0  0.0 22.2
  0.0  0.0111.1  0.0  0.0 44.4 22.2  0.0  0.0  0.0  0.0  0.0 44.4 22.2  0.0
  0.0  0.0  0.0  0.0  0.0  0.0 22.2 22.2  0.0 22.2111.1  0.0  0.0 88.9  0.0
  0.0  0.0  0.0  0.0  0.0  0.0  0.0  0.0  0.0  0.0  0.0  0.0  0.0  0.0  0.0
  0.0  0.0  0.0  0.0  0.0  0.0  0.0  0.0  0.0  0.0  0.0  0.0  0.0  0.0  0.0
  0.0  0.0  0.0  0.0  0.0  0.0  0.0  0.0  0.0  0.0  0.0  0.0  0.0  0.0  0.0
  0.0  0.0  0.0  0.0  0.0  0.0  0.0  0.0  0.0  0.0  0.0  0.0  0.0  0.0  0.0
  0.0  0.0  0.0  0.0  0.0  0.0  0.0  0.0  0.0  0.0  0.0  0.0  0.0 22.2  0.0
  0.0  0.0  0.0 44.4  0.0 22.2  0.0  0.0  0.0 22.2  0.0  0.0  0.0  0.0  0.0
    -27.58     -5.73     17.28     -6.61     27.52  0.0  0.0  0.0  0.0  0.0
                                t000113_s20_p10_ai-el2ap.txt 14.5  5.9   79
  0.0  0.0 12.7 63.3  0.0  0.0  0.0  0.0  0.0  0.0  0.0  0.0  0.0  0.0  0.0
  0.0  0.0  0.0  0.0  0.0  0.0329.1202.5151.9  0.0  0.0  0.0  0.0  0.0  0.0
  0.0  0.0139.2  0.0  0.0  0.0  0.0  0.0  0.0  0.0  0.0  0.0  0.0  0.0 12.7
  0.0  0.0  0.0  0.0  0.0  0.0  0.0 12.7  0.0  0.0164.6  0.0  0.0 63.3  0.0
  0.0  0.0  0.0  0.0  0.0  0.0  0.0  0.0  0.0  0.0  0.0  0.0  0.0  0.0  0.0
  0.0  0.0  0.0  0.0  0.0  0.0  0.0  0.0  0.0  0.0  0.0  0.0  0.0  0.0  0.0
  0.0  0.0  0.0  0.0  0.0  0.0  0.0  0.0  0.0  0.0  0.0  0.0  0.0  0.0  0.0
  0.0  0.0  0.0  0.0  0.0  0.0  0.0  0.0  0.0  0.0  0.0  0.0  0.0  0.0  0.0
  0.0  0.0  0.0  0.0  0.0  0.0  0.0 25.3 50.6 12.7 12.7 12.7  0.0  0.0  0.0
  0.0  0.0  0.0  0.0  0.0 25.3 12.7  0.0  0.0  0.0  0.0  0.0 25.3  0.0  0.0
    -36.27     -5.73     10.64     -6.61      6.11  0.0  0.0  0.0  0.0  0.0
                                t000113_s20_p11_ai-el2ap.txt  8.8  5.2   43
  0.0  0.0  0.0 69.8  0.0  0.0  0.0  0.0  0.0  0.0  0.0  0.0  0.0  0.0  0.0
  0.0  0.0  0.0  0.0  0.0  0.0232.6162.8 69.8  0.0  0.0  0.0  0.0  0.0  0.0
  0.0 23.3 46.5  0.0 23.3  0.0  0.0  0.0  0.0  0.0  0.0  0.0  0.0  0.0  0.0
 23.3  0.0  0.0 23.3 23.3  0.0 23.3 23.3  0.0  0.0162.8  0.0  0.0 93.0  0.0
  0.0  0.0  0.0  0.0  0.0  0.0  0.0  0.0  0.0  0.0  0.0  0.0  0.0  0.0  0.0
  0.0  0.0  0.0  0.0  0.0  0.0  0.0  0.0  0.0  0.0  0.0  0.0  0.0  0.0  0.0
  0.0  0.0  0.0  0.0  0.0  0.0  0.0  0.0  0.0  0.0  0.0  0.0  0.0  0.0  0.0
  0.0  0.0  0.0  0.0  0.0  0.0  0.0  0.0  0.0  0.0  0.0  0.0  0.0  0.0  0.0
  0.0  0.0  0.0  0.0  0.0  0.0  0.0 23.3 23.3  0.0  0.0  0.0  0.0  0.0  0.0
  0.0  0.0  0.0  0.0  0.0  0.0  0.0  0.0  0.0 23.3  0.0  0.0  0.0  0.0  0.0
    -26.42     -5.73      5.98     -6.61      3.88  0.0  0.0  0.0  0.0  0.0
                                t000113_s20_p12_ai-el2ap.txt 13.5  5.9   66
  0.0  0.0  0.0 75.8  0.0  0.0  0.0  0.0  0.0  0.0  0.0  0.0  0.0  0.0  0.0
  0.0  0.0  0.0 15.2  0.0  0.0393.9106.1121.2 15.2  0.0 15.2  0.0  0.0 15.2
  0.0 15.2136.4  0.0  0.0  0.0  0.0  0.0  0.0  0.0  0.0  0.0  0.0 15.2  0.0
  0.0  0.0  0.0  0.0  0.0  0.0 30.3 15.2  0.0 15.2121.2  0.0  0.0 90.9  0.0
 15.2  0.0  0.0  0.0  0.0  0.0  0.0  0.0  0.0  0.0  0.0  0.0  0.0  0.0  0.0
  0.0  0.0  0.0  0.0  0.0  0.0  0.0  0.0  0.0  0.0  0.0  0.0  0.0  0.0  0.0
  0.0  0.0  0.0  0.0  0.0  0.0  0.0  0.0  0.0  0.0  0.0  0.0  0.0  0.0  0.0
  0.0  0.0  0.0  0.0  0.0  0.0  0.0  0.0  0.0  0.0  0.0  0.0  0.0  0.0  0.0
  0.0  0.0  0.0  0.0  0.0  0.0  0.0  0.0 45.5  0.0 75.8  0.0  0.0  0.0  0.0
  0.0  0.0  0.0  0.0  0.0  0.0 60.6  0.0  0.0  0.0 15.2  0.0 30.3  0.0  0.0
    -29.89     -2.32     23.63     -6.61     -1.33  0.0  0.0  0.0  0.0  0.0
                                t000113_s20_p13_ai-el2ap.txt 33.3  6.1  184
  0.0  0.0  0.0 38.0  0.0  0.0  0.0  0.0  0.0  0.0  0.0  0.0  0.0  0.0  0.0
  0.0  0.0  0.0 21.7  0.0  0.0315.2 92.4141.3 10.9  5.4  0.0  5.4  0.0 10.9
  5.4 16.3 97.8  0.0  0.0 48.9 16.3  0.0  5.4  0.0  0.0  0.0 16.3 10.9  0.0
  0.0  0.0  0.0  0.0 10.9  0.0 38.0 10.9  0.0 16.3201.1  5.4  0.0 65.2  0.0
  0.0  0.0  0.0  0.0  0.0  0.0  0.0  0.0  0.0  0.0  0.0  0.0  0.0  0.0  0.0
  0.0  0.0  0.0  0.0  0.0  0.0  0.0  0.0  0.0  5.4  0.0  0.0  0.0  0.0  0.0
  0.0  0.0  0.0  0.0  5.4  0.0  0.0  0.0  0.0  5.4  5.4  0.0  0.0  0.0  0.0
  0.0  5.4  0.0  5.4  0.0  5.4 10.9  5.4  0.0  0.0  0.0  0.0  0.0  0.0  0.0
  0.0  0.0  0.0  0.0  0.0  0.0  0.0  0.0  5.4 16.3 32.6  0.0  0.0  0.0  0.0
  0.0  0.0  0.0 10.9  0.0  5.4 16.3 10.9  5.4  0.0  0.0  5.4  5.4  0.0  0.0
    -28.28     -4.12     21.40     -4.85      8.21  0.0  0.0  0.0  0.0  0.0
                                t000113_s20_p14_ai-el2ap.txt 23.0  6.2  121
  0.0  0.0  0.0 49.6  0.0  0.0  0.0  0.0  0.0  0.0  0.0  0.0  0.0  0.0  0.0
  0.0  0.0  0.0 16.5  0.0  0.0347.1107.4132.2 16.5  0.0  8.3  0.0  0.0  0.0
  0.0 16.5107.4  0.0  0.0  0.0 16.5  0.0  8.3  0.0  0.0  0.0  0.0 16.5  0.0
  0.0  0.0  8.3  8.3  0.0  0.0 33.1 16.5  0.0  0.0148.8  0.0  0.0 99.2  8.3
 16.5  0.0  0.0  0.0  0.0  0.0  0.0  0.0  0.0  0.0  0.0  0.0  0.0  0.0  0.0
  0.0  0.0  0.0  8.3  0.0  0.0  0.0  0.0  0.0  0.0  0.0  0.0  0.0  0.0  0.0
  0.0  0.0  0.0  0.0  0.0  0.0  0.0  0.0  0.0  0.0  0.0  0.0  0.0  0.0  0.0
  8.3  0.0  0.0  8.3  0.0  0.0  0.0  0.0  0.0  0.0  0.0  0.0  0.0  0.0  0.0
  0.0  0.0  0.0  0.0  0.0  0.0  0.0  0.0 24.8  0.0  8.3  0.0  0.0  0.0  0.0
  0.0  0.0  0.0  0.0  0.0  8.3 33.1  8.3  8.3  8.3  0.0  8.3  8.3  0.0  0.0
    -30.24     -3.59     14.56     -3.94     -1.12  8.3  0.0  0.0  0.0  0.0
                                t000113_s20_p15_ai-el2ap.txt 19.5  6.0   94
 10.6  0.0  0.0 85.1  0.0  0.0  0.0  0.0  0.0  0.0 10.6  0.0  0.0  0.0  0.0
  0.0  0.0 21.3  0.0  0.0  0.0319.1117.0106.4 21.3 21.3  0.0  0.0  0.0  0.0
  0.0  0.0148.9  0.0  0.0 10.6  0.0  0.0  0.0  0.0  0.0  0.0  0.0 10.6  0.0
  0.0 10.6 10.6  0.0 10.6 21.3 10.6 10.6  0.0  0.0148.9 21.3  0.0127.7 21.3
  0.0  0.0  0.0  0.0  0.0  0.0  0.0  0.0  0.0  0.0  0.0  0.0  0.0  0.0  0.0
  0.0  0.0  0.0 10.6  0.0  0.0  0.0  0.0  0.0  0.0  0.0  0.0  0.0  0.0  0.0
  0.0  0.0  0.0  0.0  0.0  0.0  0.0  0.0  0.0  0.0  0.0  0.0  0.0  0.0  0.0
 10.6  0.0  0.0 10.6  0.0  0.0  0.0  0.0  0.0  0.0  0.0  0.0  0.0  0.0  0.0
  0.0  0.0  0.0  0.0  0.0  0.0  0.0 10.6 10.6  0.0 10.6  0.0  0.0  0.0  0.0
  0.0  0.0  0.0  0.0  0.0  0.0 10.6  0.0 21.3 10.6  0.0  0.0 21.3  0.0  0.0
    -22.30     -4.08     10.71     -6.61     -2.01  0.0  0.0  0.0  0.0  0.0
                                t000113_s20_p16_ai-el2ap.txt 10.3  6.8   51
  0.0  0.0  0.0 19.6  0.0  0.0  0.0  0.0  0.0  0.0 19.6  0.0  0.0  0.0  0.0
  0.0  0.0 19.6  0.0  0.0  0.0392.2137.3176.5  0.0  0.0  0.0  0.0  0.0  0.0
  0.0  0.0117.6  0.0  0.0 19.6 19.6  0.0  0.0  0.0 19.6  0.0 19.6  0.0  0.0
  0.0  0.0  0.0  0.0  0.0 39.2  0.0  0.0  0.0  0.0176.5  0.0  0.0 58.8  0.0
  0.0  0.0  0.0  0.0  0.0  0.0  0.0  0.0  0.0  0.0  0.0  0.0  0.0  0.0  0.0
  0.0  0.0  0.0  0.0  0.0  0.0  0.0  0.0  0.0  0.0  0.0  0.0  0.0  0.0  0.0
  0.0  0.0  0.0  0.0  0.0  0.0  0.0  0.0  0.0  0.0  0.0  0.0  0.0  0.0  0.0
  0.0  0.0  0.0  0.0  0.0  0.0  0.0  0.0  0.0  0.0  0.0  0.0  0.0  0.0  0.0
  0.0  0.0  0.0  0.0  0.0  0.0  0.0  0.0 19.6  0.0 39.2  0.0  0.0  0.0  0.0
  0.0  0.0  0.0  0.0  0.0  0.0 39.2  0.0  0.0  0.0  0.0  0.0  0.0  0.0  0.0
    -33.30     -5.73      8.03      2.73      8.63  0.0  0.0  0.0  0.0  0.0
                                t000113_s20_p17_ai-el2ap.txt 22.0  5.9  135
  0.0  0.0  0.0 29.6  0.0  0.0  0.0  0.0  0.0  0.0  0.0  0.0  0.0  0.0  0.0
  0.0  0.0  7.4  7.4  0.0  0.0288.9177.8177.8 22.2  0.0  0.0  0.0  0.0  7.4
  0.0  7.4103.7  0.0  0.0 29.6 14.8  0.0  0.0  0.0  0.0  7.4  7.4 14.8  0.0
  0.0  0.0  0.0  0.0  0.0  7.4 14.8 14.8  0.0  7.4192.6  0.0  0.0 66.7  0.0
  0.0  0.0  0.0  0.0  0.0  0.0  0.0  0.0  0.0  0.0  0.0  0.0  0.0  0.0  0.0
  0.0  0.0  0.0  0.0  0.0  0.0  0.0  0.0  0.0  0.0  0.0  0.0  0.0  0.0  0.0
  0.0  0.0  0.0  7.4  0.0  0.0  0.0  0.0  0.0  0.0  0.0  0.0  0.0  0.0  0.0
  0.0  0.0  0.0  0.0  7.4  0.0  7.4  0.0  0.0  0.0  0.0  0.0  0.0  0.0  0.0
  0.0  0.0  0.0  0.0  0.0  0.0  0.0  0.0 37.0  0.0  7.4  0.0  0.0  7.4  7.4
  0.0  0.0  0.0  0.0  0.0  7.4  0.0  0.0  0.0  0.0  0.0  0.0  7.4  7.4  0.0
    -33.49     -5.00     12.94     -3.64      3.25  0.0  0.0  0.0  0.0  0.0
                                t000113_s20_p18_ai-el2ap.txt 17.0  6.3   92
  0.0  0.0  0.0 32.6  0.0  0.0  0.0  0.0  0.0  0.0  0.0  0.0  0.0  0.0  0.0
  0.0  0.0  0.0 21.7  0.0  0.0337.0141.3152.2 10.9 21.7  0.0  0.0  0.0 10.9
  0.0  0.0119.6  0.0 10.9 43.5  0.0  0.0  0.0  0.0  0.0  0.0 10.9 10.9  0.0
 10.9  0.0  0.0  0.0  0.0  0.0 21.7 21.7  0.0 10.9163.0 21.7  0.0 65.2 10.9
  0.0  0.0  0.0  0.0  0.0  0.0  0.0  0.0  0.0  0.0  0.0  0.0  0.0  0.0  0.0
  0.0  0.0  0.0  0.0  0.0  0.0  0.0  0.0  0.0  0.0  0.0  0.0  0.0  0.0  0.0
  0.0  0.0  0.0  0.0  0.0  0.0  0.0  0.0  0.0  0.0  0.0  0.0  0.0  0.0  0.0
  0.0  0.0  0.0  0.0  0.0  0.0  0.0  0.0  0.0  0.0  0.0  0.0  0.0  0.0  0.0
  0.0  0.0  0.0  0.0  0.0  0.0  0.0 10.9 21.7 10.9 10.9 21.7  0.0 10.9  0.0
  0.0  0.0  0.0  0.0  0.0 21.7 10.9  0.0  0.0  0.0 10.9  0.0 10.9  0.0  0.0
    -32.18     -4.40      9.04     -6.61      8.32  0.0  0.0  0.0  0.0  0.0
                                t000113_s20_p19_ai-el2ap.txt 11.8  5.7   66
  0.0  0.0  0.0 45.5  0.0  0.0  0.0  0.0  0.0  0.0  0.0  0.0  0.0  0.0  0.0
  0.0  0.0  0.0  0.0  0.0  0.0303.0181.8136.4 15.2  0.0 15.2  0.0  0.0  0.0
  0.0  0.0 75.8  0.0 15.2  0.0  0.0  0.0  0.0  0.0  0.0  0.0  0.0 15.2  0.0
  0.0  0.0  0.0 30.3  0.0  0.0  0.0 15.2  0.0  0.0151.5  0.0  0.0 75.8 15.2
  0.0  0.0  0.0  0.0  0.0  0.0  0.0  0.0  0.0  0.0  0.0  0.0  0.0  0.0  0.0
  0.0  0.0  0.0  0.0  0.0  0.0  0.0  0.0  0.0  0.0  0.0  0.0  0.0  0.0  0.0
  0.0  0.0  0.0  0.0  0.0  0.0  0.0  0.0  0.0  0.0  0.0  0.0  0.0  0.0  0.0
  0.0  0.0  0.0  0.0  0.0  0.0  0.0  0.0  0.0  0.0  0.0  0.0  0.0  0.0  0.0
  0.0  0.0  0.0  0.0  0.0  0.0  0.0 45.5 15.2  0.0  0.0  0.0 15.2  0.0 15.2
  0.0  0.0  0.0  0.0  0.0 45.5  0.0  0.0  0.0 15.2  0.0  0.0 30.3  0.0  0.0
    -34.45     -2.32      1.78     -6.61     -1.33  0.0  0.0  0.0  0.0  0.0
                                 t000113_s20_p2_ai-el2ap.txt 21.5  5.5  132
  0.0  0.0  0.0 45.5  0.0  0.0  0.0  0.0  0.0  0.0  0.0  0.0  0.0  0.0  0.0
  0.0  0.0  0.0  0.0  0.0  0.0325.8166.7 60.6  0.0  7.6  0.0  0.0  0.0  7.6
  0.0  0.0143.9  7.6  0.0 30.3  7.6  0.0  0.0  0.0  0.0 15.2  7.6 45.5  0.0
  0.0  7.6  0.0  0.0  0.0  0.0  7.6 45.5  0.0  7.6 83.3  7.6  0.0 60.6  7.6
  7.6  0.0  0.0  0.0  0.0  0.0  0.0  0.0  0.0  0.0  0.0  0.0  0.0  0.0  0.0
  0.0  0.0  0.0  0.0  0.0  0.0  0.0  0.0  0.0  0.0  0.0  0.0  0.0  0.0  0.0
  0.0  0.0  0.0  0.0  0.0  0.0  0.0  0.0  0.0  7.6  0.0  0.0  0.0  0.0  0.0
  0.0  0.0  0.0  0.0  0.0  0.0  7.6  0.0  0.0  0.0  0.0  0.0  0.0  0.0  0.0
  0.0  0.0  0.0  0.0  0.0  0.0  0.0  7.6 30.3 15.2 15.2  0.0  0.0  0.0  7.6
  0.0  7.6  0.0  0.0  0.0  7.6 15.2  7.6  0.0  0.0  0.0  0.0  7.6  0.0  0.0
    -29.97     -5.39     10.87     -0.54      8.00  0.0  0.0  0.0  0.0  0.0
                                t000113_s20_p20_ai-el2ap.txt  9.3  6.0   47
 21.3  0.0  0.0 42.6  0.0  0.0  0.0  0.0  0.0  0.0  0.0  0.0  0.0  0.0  0.0
  0.0  0.0  0.0 21.3  0.0  0.0297.9 85.1 85.1  0.0 21.3 21.3  0.0  0.0  0.0
  0.0  0.0 63.8  0.0  0.0 63.8  0.0  0.0  0.0  0.0  0.0 21.3  0.0 21.3  0.0
  0.0  0.0  0.0  0.0  0.0  0.0 21.3 21.3  0.0  0.0212.8 21.3  0.0 63.8  0.0
  0.0  0.0  0.0  0.0  0.0  0.0  0.0  0.0  0.0  0.0  0.0  0.0  0.0  0.0  0.0
  0.0  0.0  0.0  0.0  0.0  0.0  0.0  0.0  0.0  0.0  0.0  0.0  0.0  0.0  0.0
  0.0  0.0  0.0  0.0  0.0  0.0  0.0  0.0  0.0  0.0  0.0  0.0  0.0  0.0  0.0
  0.0  0.0  0.0  0.0  0.0  0.0  0.0  0.0  0.0  0.0  0.0  0.0  0.0  0.0  0.0
  0.0  0.0  0.0  0.0  0.0  0.0  0.0  0.0 21.3  0.0 21.3 21.3  0.0  0.0  0.0
  0.0  0.0  0.0  0.0  0.0  0.0  0.0  0.0  0.0  0.0  0.0  0.0  0.0  0.0  0.0
    -22.30     -0.69      1.78      1.91     -0.40  0.0  0.0  0.0  0.0  0.0
                                 t000113_s20_p3_ai-el2ap.txt 21.3  6.3  128
  7.8  0.0  0.0 85.9  0.0  0.0  7.8  0.0  0.0  7.8  0.0  0.0  0.0  0.0  0.0
  7.8  0.0  0.0  7.8  0.0  0.0320.3132.8 93.8  0.0 31.3  0.0  0.0  7.8  0.0
  0.0 15.6140.6  0.0  0.0 31.3  7.8  0.0  0.0  0.0  0.0  0.0 15.6  0.0  0.0
  0.0  0.0  7.8  0.0 15.6  0.0 23.4  0.0  0.0  7.8132.8 31.3  0.0 93.8  0.0
  0.0  0.0  0.0  0.0  0.0  0.0  0.0  0.0  0.0  0.0  0.0  0.0  0.0  0.0  0.0
  0.0  0.0  0.0  0.0  0.0  7.8  0.0  0.0  0.0  7.8  0.0  0.0  0.0  0.0  0.0
  0.0  0.0  0.0  0.0  0.0  0.0  0.0  7.8  0.0  0.0  0.0  0.0  0.0  0.0  0.0
  7.8  7.8  0.0 15.6  0.0  7.8  7.8  0.0  0.0  0.0  0.0  0.0  0.0  0.0  0.0
  0.0  0.0  0.0  0.0  0.0  0.0  0.0  0.0 39.1  0.0  7.8  0.0  0.0  0.0  0.0
  0.0  0.0  0.0  0.0  0.0  0.0  0.0  0.0  0.0  0.0  0.0  0.0 15.6  0.0  0.0
    -23.02     -4.34     19.35     -6.61      6.14  0.0  0.0  0.0  0.0  0.0
                                 t000113_s20_p4_ai-el2ap.txt 25.3  5.5  137
  0.0  0.0  0.0 43.8  0.0  7.3  0.0  0.0  0.0  7.3  0.0  0.0  0.0  0.0  0.0
  0.0  0.0  7.3  7.3  0.0  0.0365.0160.6 80.3  7.3 14.6  0.0  0.0  0.0  0.0
  0.0  0.0 73.0  0.0 14.6 43.8  0.0  0.0  0.0  0.0  0.0  7.3  7.3 14.6  7.3
  0.0  0.0  0.0  7.3  0.0  7.3  7.3 21.9  0.0  0.0 94.9 14.6  0.0 58.4  0.0
  0.0  0.0  0.0  0.0  0.0  0.0  0.0  0.0  0.0  0.0  0.0  0.0  0.0  0.0  0.0
  0.0  0.0  0.0  0.0  0.0  0.0  0.0  0.0  0.0  0.0  0.0  0.0  0.0  0.0  0.0
  0.0  0.0  0.0  0.0  0.0  0.0  0.0  0.0  0.0  0.0  0.0  0.0  0.0  0.0  0.0
  0.0  0.0  0.0  0.0  0.0  0.0  0.0  0.0  0.0  0.0  0.0  0.0  0.0  0.0  0.0
  0.0  0.0  0.0  0.0  0.0  0.0  0.0  0.0  7.3 14.6  0.0  0.0  7.3  0.0  7.3
  7.3  0.0  0.0  0.0  0.0  0.0  0.0  7.3  0.0  0.0  0.0  0.0 14.6  0.0  0.0
    -25.36     -4.84     -0.74     -3.69      8.76  0.0  0.0  0.0  0.0  0.0
                                 t000113_s20_p5_ai-el2ap.txt 25.3  6.3  137
  0.0  0.0  0.0 43.8  0.0  0.0  0.0  0.0  0.0  0.0  0.0  0.0  0.0  0.0  0.0
  0.0  0.0  7.3 14.6  0.0  0.0401.5124.1 80.3  0.0 21.9  0.0  0.0  7.3  7.3
  0.0  0.0116.8  0.0  0.0 36.5  0.0  0.0  0.0  0.0  0.0  7.3  0.0  0.0  7.3
  0.0  0.0  0.0  0.0  0.0  7.3 14.6  7.3  0.0 14.6138.7 21.9  0.0 51.1  7.3
  7.3  0.0  0.0  0.0  0.0  0.0  0.0  0.0  0.0  0.0  0.0  0.0  0.0  0.0  0.0
  0.0  0.0  0.0  0.0  0.0  0.0  0.0  0.0  0.0  0.0  0.0  0.0  0.0  0.0  0.0
  0.0  0.0  0.0  0.0  0.0  0.0  0.0  0.0  0.0  0.0  0.0  0.0  0.0  0.0  0.0
  0.0  0.0  0.0  0.0  0.0  0.0  0.0  0.0  0.0  0.0  0.0  0.0  0.0  0.0  0.0
  0.0  0.0  0.0  0.0  0.0  0.0  0.0 14.6 14.6  0.0 21.9  0.0  0.0  0.0  0.0
  0.0 21.9  0.0  0.0  0.0  0.0  0.0  7.3  0.0  7.3  0.0  0.0  7.3  0.0  0.0
    -28.53     -4.75     14.95     -3.69      1.99  7.3  0.0  0.0  0.0  0.0
                                 t000113_s20_p6_ai-el2ap.txt 13.0  6.3   64
  0.0  0.0  0.0 46.9  0.0  0.0  0.0  0.0  0.0  0.0  0.0  0.0  0.0  0.0  0.0
  0.0  0.0  0.0 31.3  0.0  0.0375.0125.0156.3 31.3  0.0 15.6  0.0  0.0  0.0
  0.0  0.0109.4  0.0  0.0 31.3  0.0  0.0  0.0  0.0  0.0  0.0  0.0 15.6  0.0
  0.0  0.0  0.0  0.0  0.0  0.0 31.3 15.6  0.0  0.0171.9  0.0  0.0 78.1  0.0
  0.0  0.0  0.0  0.0  0.0  0.0  0.0  0.0  0.0  0.0  0.0  0.0  0.0  0.0  0.0
  0.0  0.0  0.0  0.0  0.0  0.0  0.0  0.0  0.0  0.0  0.0  0.0  0.0  0.0  0.0
  0.0  0.0  0.0  0.0  0.0  0.0  0.0  0.0  0.0  0.0  0.0  0.0  0.0  0.0  0.0
  0.0  0.0  0.0  0.0  0.0  0.0  0.0  0.0  0.0  0.0  0.0  0.0  0.0  0.0  0.0
  0.0  0.0  0.0  0.0  0.0  0.0  0.0 15.6 46.9  0.0  0.0  0.0  0.0 15.6  0.0
  0.0  0.0  0.0 15.6 15.6  0.0  0.0 46.9  0.0 31.3  0.0  0.0  0.0  0.0  0.0
    -30.47     -1.69      6.79     -6.61     -1.26  0.0  0.0  0.0  0.0  0.0
                                 t000113_s20_p7_ai-el2ap.txt 31.0  5.8  198
  5.1  0.0  0.0 35.4  0.0  0.0  0.0  0.0  0.0  0.0  0.0  0.0  0.0  0.0  0.0
  0.0  0.0  5.1  5.1  0.0  0.0313.1166.7121.2 20.2 15.2 10.1  5.1  0.0  0.0
  5.1  0.0 96.0  0.0  0.0 40.4 15.2  0.0  0.0  0.0  0.0  5.1 15.2 15.2  5.1
  0.0  0.0  5.1  0.0  5.1  5.1  5.1 20.2  0.0  5.1136.4 15.2  0.0 80.8  0.0
 10.1  0.0  0.0  0.0  0.0  0.0  0.0  0.0  0.0  0.0  0.0  0.0  0.0  0.0  0.0
  0.0  0.0  0.0  0.0  0.0  5.1  0.0  5.1  0.0  0.0  0.0  0.0  0.0  0.0  0.0
  0.0  0.0  0.0  0.0  0.0  0.0  0.0  0.0  5.1  0.0  0.0  0.0  0.0  0.0  0.0
  5.1  5.1  0.0 10.1  0.0  5.1  5.1  0.0  0.0  0.0  0.0  0.0  0.0  0.0  0.0
  0.0  0.0  0.0  0.0  0.0  0.0  0.0  5.1 15.2  0.0 25.3  0.0  0.0 10.1  0.0
  5.1  0.0  0.0  0.0  0.0  0.0  5.1  0.0  0.0 20.2  0.0  0.0  5.1  5.1  0.0
    -31.05     -1.51      9.93     -4.58     12.02  0.0  0.0  0.0  0.0  0.0
                                 t000113_s20_p8_ai-el2ap.txt 23.8  5.4  139
 21.6  0.0  0.0 14.4  0.0  0.0  0.0  0.0  0.0  0.0  0.0  0.0  0.0  0.0  0.0
  0.0  0.0  0.0 14.4  0.0  0.0345.3136.7 43.2 71.9 21.6  0.0  0.0  0.0  7.2
  0.0  7.2100.7  0.0  0.0  7.2  7.2  0.0  7.2  0.0  0.0  0.0  7.2  7.2  0.0
  7.2  7.2  7.2  7.2  7.2  0.0 28.8 14.4  0.0  7.2 86.3 21.6  0.0100.7  0.0
  7.2  0.0  0.0  0.0  0.0  0.0  0.0  0.0  0.0  0.0  0.0  0.0  0.0  0.0  0.0
  0.0  0.0  0.0  7.2  0.0  0.0  0.0  0.0  0.0  0.0  0.0  0.0  0.0  0.0  0.0
  0.0  7.2  0.0  0.0  0.0  0.0  0.0  0.0  0.0  0.0  0.0  0.0  0.0  0.0  0.0
  7.2  0.0  0.0  7.2  7.2  0.0  7.2  0.0  0.0  0.0  0.0  0.0  0.0  0.0  0.0
  0.0  0.0  0.0  0.0  0.0  0.0  0.0 64.7  7.2 14.4 14.4  0.0  0.0  7.2  7.2
  7.2  0.0  0.0  0.0  0.0  0.0  7.2  7.2  7.2 14.4  0.0  0.0  7.2  0.0  0.0
    -24.22     -2.40     13.82     -4.28      4.28  0.0  0.0  0.0  0.0  0.0
                                 t000113_s20_p9_ai-el2ap.txt 15.8  5.8   87
  0.0  0.0  0.0103.4  0.0  0.0  0.0  0.0  0.0  0.0  0.0  0.0  0.0  0.0  0.0
  0.0  0.0  0.0 11.5  0.0  0.0275.9149.4103.4  0.0  0.0  0.0  0.0  0.0 11.5
  0.0 11.5114.9  0.0  0.0 23.0  0.0  0.0  0.0  0.0  0.0  0.0  0.0  0.0 11.5
  0.0 11.5  0.0  0.0 11.5  0.0 34.5 11.5  0.0 11.5160.9  0.0  0.0103.4  0.0
 11.5  0.0  0.0  0.0  0.0  0.0  0.0  0.0  0.0  0.0  0.0  0.0  0.0  0.0  0.0
  0.0  0.0  0.0  0.0  0.0  0.0  0.0  0.0  0.0  0.0  0.0  0.0  0.0  0.0  0.0
  0.0  0.0  0.0  0.0  0.0  0.0  0.0  0.0  0.0  0.0  0.0  0.0  0.0  0.0  0.0
  0.0  0.0  0.0  0.0  0.0  0.0  0.0  0.0  0.0  0.0  0.0  0.0  0.0  0.0  0.0
  0.0  0.0  0.0  0.0  0.0  0.0  0.0  0.0 23.0 11.5 34.5  0.0  0.0  0.0  0.0
  0.0  0.0  0.0  0.0  0.0  0.0  0.0  0.0  0.0  0.0 11.5  0.0  0.0  0.0  0.0
    -26.87     -5.73     17.65     -6.61      5.22 11.5  0.0  0.0  0.0  0.0
                                  t000113_s4_p1_ai-el2ap.txt 16.5  6.1   80
  0.0  0.0  0.0 62.5  0.0  0.0  0.0  0.0  0.0  0.0  0.0 12.5  0.0  0.0  0.0
  0.0  0.0 12.5  0.0  0.0  0.0337.5125.0112.5  0.0 25.0  0.0  0.0  0.0  0.0
  0.0  0.0150.0  0.0  0.0 50.0  0.0  0.0  0.0  0.0  0.0 12.5 12.5  0.0 12.5
  0.0  0.0  0.0  0.0  0.0 12.5 12.5 12.5  0.0  0.0137.5 25.0  0.0 62.5  0.0
 12.5  0.0  0.0  0.0  0.0  0.0  0.0  0.0  0.0  0.0  0.0  0.0  0.0  0.0  0.0
  0.0  0.0  0.0  0.0  0.0  0.0  0.0  0.0  0.0  0.0  0.0  0.0  0.0  0.0  0.0
  0.0  0.0  0.0  0.0  0.0  0.0  0.0  0.0  0.0  0.0  0.0  0.0  0.0  0.0  0.0
  0.0  0.0  0.0  0.0  0.0  0.0  0.0  0.0  0.0  0.0  0.0  0.0  0.0  0.0  0.0
  0.0  0.0  0.0  0.0  0.0  0.0  0.0  0.0  0.0  0.0 62.5  0.0  0.0  0.0  0.0
  0.0  0.0  0.0  0.0  0.0  0.0 37.5  0.0  0.0  0.0  0.0  0.0 12.5  0.0  0.0
    -21.58     -4.62      8.55     -1.61     13.80 12.5  0.0  0.0  0.0  0.0
                                  t000113_s4_p2_ai-el2ap.txt 20.3  5.6  104
 19.2  0.0  0.0 67.3  0.0  0.0  0.0  9.6  0.0  0.0  0.0  0.0  0.0  9.6  0.0
  0.0  0.0  9.6 28.8  0.0  0.0423.1125.0 76.9  0.0 19.2  0.0  0.0  0.0  9.6
  9.6  0.0134.6  0.0  0.0  0.0  0.0  0.0  0.0  0.0  0.0  0.0  0.0  0.0  0.0
  0.0  0.0  0.0  0.0  0.0  9.6 28.8  0.0  0.0 19.2 86.5 19.2  0.0 67.3  0.0
  0.0  0.0  0.0  0.0  0.0  0.0  0.0  0.0  0.0  0.0  0.0  0.0  0.0  0.0  0.0
  0.0  0.0  0.0  0.0  0.0  0.0  0.0  0.0  0.0  0.0  0.0  0.0  0.0  0.0  0.0
  0.0  0.0  0.0  0.0  0.0  0.0  0.0  0.0  0.0  0.0  0.0  0.0  0.0  0.0  0.0
  0.0  0.0  0.0  0.0  0.0  0.0  0.0  0.0  0.0  0.0  0.0  0.0  0.0  0.0  0.0
  0.0  0.0  0.0  0.0  0.0  0.0  0.0  0.0  9.6 28.8 38.5  0.0  0.0  9.6  0.0
  0.0  0.0  0.0  0.0  0.0  9.6  0.0  0.0  0.0  9.6  0.0  9.6  0.0  0.0  0.0
    -13.92     -4.87     23.87     -6.61     -3.63  0.0  0.0  0.0  0.0  0.0
                                  t000113_s4_p3_ai-el2ap.txt 14.0  6.1   71
  0.0  0.0  0.0 28.2  0.0  0.0  0.0 14.1  0.0  0.0  0.0  0.0  0.0 14.1  0.0
  0.0  0.0  0.0 28.2  0.0  0.0408.5154.9 98.6  0.0 28.2 14.1  0.0  0.0  0.0
  0.0  0.0183.1  0.0  0.0 42.3  0.0  0.0  0.0  0.0  0.0  0.0  0.0  0.0  0.0
  0.0  0.0  0.0  0.0  0.0  0.0 28.2  0.0  0.0  0.0 98.6 28.2  0.0 42.3 14.1
  0.0  0.0  0.0  0.0  0.0  0.0  0.0  0.0  0.0  0.0  0.0  0.0  0.0  0.0  0.0
  0.0  0.0  0.0  0.0  0.0  0.0  0.0  0.0  0.0  0.0  0.0  0.0  0.0  0.0  0.0
  0.0  0.0  0.0  0.0  0.0  0.0  0.0  0.0  0.0  0.0  0.0  0.0  0.0  0.0  0.0
  0.0  0.0  0.0  0.0  0.0  0.0  0.0  0.0  0.0  0.0  0.0  0.0  0.0  0.0  0.0
  0.0  0.0  0.0  0.0  0.0  0.0  0.0  0.0 14.1  0.0 42.3  0.0  0.0  0.0  0.0
  0.0  0.0  0.0  0.0  0.0  0.0 14.1  0.0  0.0  0.0  0.0  0.0  0.0  0.0  0.0
    -19.73     -1.77     11.29     -6.61     -3.63  0.0  0.0  0.0  0.0  0.0
                                  t000113_s4_p4_ai-el2ap.txt 14.5  5.6   76
  0.0  0.0  0.0 52.6  0.0  0.0  0.0  0.0  0.0  0.0  0.0  0.0  0.0  0.0  0.0
  0.0  0.0  0.0  0.0  0.0  0.0368.4171.1 78.9  0.0  0.0 13.2  0.0 13.2  0.0
  0.0 13.2 78.9  0.0  0.0 13.2  0.0  0.0  0.0  0.0  0.0  0.0 13.2  0.0  0.0
  0.0  0.0  0.0 13.2  0.0  0.0 13.2  0.0  0.0 13.2105.3  0.0  0.0 65.8  0.0
  0.0  0.0  0.0  0.0  0.0  0.0  0.0  0.0  0.0  0.0  0.0  0.0  0.0  0.0  0.0
  0.0  0.0  0.0  0.0  0.0  0.0  0.0  0.0  0.0  0.0  0.0  0.0  0.0  0.0  0.0
  0.0  0.0  0.0  0.0  0.0  0.0  0.0  0.0  0.0  0.0  0.0  0.0  0.0  0.0  0.0
  0.0  0.0  0.0  0.0  0.0  0.0  0.0  0.0  0.0  0.0  0.0  0.0  0.0  0.0  0.0
  0.0  0.0  0.0  0.0  0.0  0.0  0.0  0.0 13.2  0.0 39.5  0.0  0.0  0.0 13.2
  0.0  0.0  0.0  0.0  0.0  0.0 26.3  0.0  0.0  0.0 13.2  0.0 13.2  0.0  0.0
    -32.38     -3.20     18.32     -6.61      4.60  0.0  0.0  0.0  0.0  0.0
                                  t000113_s4_p5_ai-el2ap.txt 20.0  5.5  109
 18.3  9.2  0.0100.9  0.0  0.0  9.2  9.2  0.0  0.0  0.0  0.0  0.0  0.0  0.0
  0.0  0.0 18.3  0.0  0.0  0.0284.4 82.6 73.4  0.0 36.7  0.0  0.0  0.0 18.3
  0.0  9.2119.3  0.0  0.0 55.0 27.5  0.0  0.0  0.0  0.0  0.0 18.3  0.0  0.0
  0.0  0.0  0.0  0.0  0.0 18.3  9.2  0.0  0.0 18.3 82.6 36.7  9.2119.3  9.2
  0.0  0.0  0.0  0.0  0.0  0.0  0.0  0.0  0.0  0.0  0.0  0.0  0.0  0.0  0.0
  0.0  0.0  0.0  0.0  0.0 18.3  0.0  0.0  0.0  0.0  0.0  0.0  0.0  0.0  0.0
  9.2  0.0  0.0  0.0  0.0  0.0  0.0  0.0  0.0  9.2  9.2  0.0  9.2  0.0  0.0
 18.3  0.0  0.0 18.3  9.2  0.0 18.3 18.3  0.0  0.0  0.0  0.0  0.0  0.0  0.0
  0.0  0.0  0.0  0.0  0.0  0.0  0.0  9.2  9.2  0.0 27.5  0.0  0.0  0.0  0.0
  9.2  0.0  0.0  0.0  0.0  0.0  9.2  0.0  0.0 27.5  0.0  9.2  9.2  0.0  0.0
    -11.44     -4.10     18.70     -6.61      7.84  0.0  0.0  0.0  0.0  0.0
                                  t000113_s8_p1_ai-el2ap.txt 11.0  7.0   53
  0.0  0.0  0.0 18.9  0.0  0.0  0.0  0.0  0.0  0.0  0.0  0.0  0.0  0.0  0.0
  0.0  0.0  0.0 37.7  0.0  0.0452.8150.9169.8  0.0  0.0 18.9  0.0  0.0  0.0
  0.0 18.9245.3  0.0  0.0  0.0  0.0  0.0  0.0  0.0  0.0  0.0  0.0  0.0  0.0
 18.9  0.0  0.0  0.0  0.0  0.0 56.6 18.9  0.0  0.0188.7  0.0  0.0 56.6  0.0
  0.0  0.0  0.0  0.0  0.0  0.0  0.0  0.0  0.0  0.0  0.0  0.0  0.0  0.0  0.0
  0.0  0.0  0.0  0.0  0.0  0.0  0.0  0.0  0.0  0.0  0.0  0.0  0.0  0.0  0.0
  0.0  0.0  0.0  0.0  0.0  0.0  0.0  0.0  0.0  0.0  0.0  0.0  0.0  0.0  0.0
  0.0  0.0  0.0  0.0  0.0  0.0  0.0  0.0  0.0  0.0  0.0  0.0  0.0  0.0  0.0
  0.0  0.0  0.0  0.0  0.0  0.0  0.0 18.9 37.7  0.0  0.0  0.0  0.0  0.0  0.0
  0.0 18.9  0.0  0.0 18.9 18.9 18.9  0.0  0.0 18.9  0.0  0.0  0.0  0.0  0.0
    -35.46     -2.10     25.00     -6.61      2.46  0.0  0.0  0.0  0.0  0.0
                                  t000113_s8_p2_ai-el2ap.txt 14.8  6.2   75
 13.3  0.0  0.0 26.7  0.0  0.0  0.0  0.0  0.0  0.0  0.0  0.0  0.0  0.0  0.0
  0.0  0.0  0.0 40.0  0.0  0.0440.0106.7133.3 13.3 26.7 13.3  0.0  0.0 13.3
  0.0 13.3146.7  0.0  0.0  0.0 26.7  0.0  0.0  0.0  0.0  0.0  0.0  0.0  0.0
  0.0  0.0  0.0  0.0  0.0  0.0 53.3  0.0  0.0 13.3133.3 26.7 13.3 80.0  0.0
  0.0  0.0  0.0  0.0  0.0  0.0  0.0  0.0  0.0  0.0  0.0  0.0  0.0  0.0  0.0
  0.0  0.0  0.0  0.0  0.0  0.0  0.0  0.0  0.0  0.0  0.0  0.0  0.0  0.0  0.0
  0.0  0.0  0.0  0.0  0.0  0.0  0.0  0.0  0.0  0.0  0.0  0.0  0.0  0.0  0.0
  0.0  0.0  0.0  0.0  0.0  0.0  0.0  0.0  0.0  0.0  0.0  0.0  0.0  0.0  0.0
  0.0  0.0  0.0  0.0  0.0  0.0  0.0  0.0 13.3  0.0 26.7  0.0  0.0  0.0  0.0
  0.0  0.0  0.0  0.0  0.0 13.3  0.0  0.0  0.0  0.0  0.0  0.0  0.0  0.0  0.0
    -27.41     -1.54     22.76     -6.61     -3.63  0.0  0.0  0.0  0.0  0.0
                                  t000113_s8_p3_ai-el2ap.txt 11.8  6.3   61
  0.0  0.0  0.0 49.2  0.0  0.0  0.0  0.0  0.0  0.0  0.0  0.0  0.0  0.0  0.0
  0.0  0.0  0.0 16.4  0.0  0.0377.0147.5114.8  0.0 32.8  0.0  0.0  0.0  0.0
  0.0  0.0 98.4  0.0  0.0 32.8  0.0  0.0  0.0  0.0  0.0  0.0 16.4  0.0  0.0
  0.0  0.0  0.0  0.0  0.0  0.0 16.4  0.0  0.0  0.0147.5 32.8  0.0 65.6  0.0
 16.4  0.0  0.0  0.0  0.0  0.0  0.0  0.0  0.0  0.0  0.0  0.0  0.0  0.0  0.0
  0.0  0.0  0.0  0.0  0.0  0.0  0.0  0.0  0.0  0.0  0.0  0.0  0.0  0.0  0.0
  0.0  0.0 16.4  0.0  0.0  0.0  0.0  0.0  0.0  0.0  0.0  0.0  0.0  0.0  0.0
  0.0  0.0  0.0  0.0 16.4  0.0 16.4  0.0  0.0  0.0  0.0  0.0  0.0  0.0  0.0
  0.0  0.0  0.0  0.0  0.0  0.0  0.0 16.4 16.4  0.0 32.8  0.0  0.0  0.0  0.0
  0.0  0.0  0.0  0.0  0.0  0.0  0.0  0.0  0.0  0.0  0.0  0.0 32.8  0.0  0.0
    -32.20     -4.27      5.94     -6.61      6.62  0.0  0.0  0.0  0.0  0.0
                                  t000113_s8_p4_ai-el2ap.txt 20.3  6.4  115
  0.0  0.0  0.0 52.2  0.0  0.0  0.0  0.0  0.0  0.0  0.0  0.0  0.0  0.0  0.0
  0.0  0.0  0.0 17.4  0.0  0.0400.0156.5104.3  8.7  8.7  0.0  0.0  8.7  8.7
  0.0  8.7147.8  0.0  0.0 26.1  0.0  0.0  0.0  0.0  0.0  0.0 17.4  0.0  0.0
  0.0  0.0  0.0  0.0  0.0  0.0 26.1  0.0  0.0 17.4121.7  8.7  0.0 60.9  0.0
  0.0  0.0  0.0  0.0  0.0  0.0  0.0  0.0  0.0  0.0  0.0  0.0  0.0  0.0  0.0
  0.0  0.0  0.0  0.0  0.0  0.0  0.0  0.0  0.0  0.0  0.0  0.0  0.0  0.0  0.0
  0.0  0.0  0.0  0.0  0.0  0.0  0.0  0.0  0.0  0.0  0.0  0.0  0.0  0.0  0.0
  0.0  0.0  0.0  0.0  0.0  0.0  0.0  0.0  0.0  0.0  0.0  0.0  0.0  0.0  0.0
  0.0  0.0  0.0  0.0  0.0  0.0  0.0  0.0 26.1 17.4 17.4  8.7  0.0  8.7  0.0
  8.7  0.0  0.0  8.7  0.0  0.0  8.7  8.7  0.0  8.7  8.7  0.0 26.1  8.7  0.0
    -32.44     -5.06     22.44     -6.61      7.24  0.0  0.0  0.0  0.0  0.0
                                  t000114_s1_p1_ai-el2ap.txt 29.8  5.3  165
  0.0  0.0  0.0 48.5  0.0  6.1  6.1  6.1  0.0  6.1  0.0  0.0  0.0  0.0  0.0
  0.0  0.0  0.0 18.2  0.0  0.0351.5139.4 90.9 36.4  6.1  6.1  0.0  0.0  6.1
  0.0  0.0 66.7  6.1  0.0 18.2  0.0  0.0  0.0  0.0  0.0 18.2  0.0 42.4  6.1
  0.0  6.1  0.0  0.0 12.1  0.0 24.2 48.5  0.0  6.1121.2  6.1  0.0 97.0 12.1
  0.0  0.0  0.0  0.0  0.0  0.0  0.0  0.0  0.0  0.0  0.0  0.0  0.0  0.0  0.0
  0.0  0.0  0.0  0.0  0.0  0.0  0.0  0.0  0.0  0.0  0.0  0.0  0.0  0.0  0.0
  0.0  0.0  0.0  0.0  0.0  0.0  0.0  0.0  0.0  0.0  0.0  0.0  0.0  0.0  0.0
  0.0  0.0  0.0  0.0  0.0  0.0  0.0  0.0  0.0  0.0  0.0  0.0  0.0  0.0  0.0
  0.0  0.0  0.0  0.0  0.0  0.0  0.0 42.4 12.1  0.0 18.2 12.1  0.0  6.1 18.2
  0.0 12.1  0.0  0.0  0.0  0.0  0.0  0.0  0.0 12.1  0.0  6.1 18.2  0.0  0.0
    -21.58     -3.10      5.87      0.67      7.46  0.0  0.0  0.0  0.0  0.0
                                 t000114_s14_p1_ai-el2ap.txt 28.5  5.2  168
  0.0  0.0  0.0 29.8  0.0  6.0  0.0  0.0  0.0  6.0  0.0  0.0  0.0  0.0  0.0
  6.0  0.0  0.0  0.0  0.0  0.0375.0142.9 95.2  6.0  0.0  0.0  0.0  0.0  0.0
  0.0  0.0 59.5  0.0  0.0  6.0  0.0  0.0  0.0  0.0  0.0  0.0  0.0 11.9  0.0
  0.0  0.0  0.0 11.9  0.0  0.0  0.0 11.9  0.0  0.0119.0  0.0  0.0 53.6  6.0
  0.0  0.0  0.0  0.0  0.0  0.0  0.0  0.0  0.0  0.0  0.0  0.0  0.0  0.0  0.0
  0.0  0.0  0.0  0.0  0.0  0.0  0.0  0.0  0.0  0.0  0.0  0.0  0.0  0.0  0.0
  0.0  0.0  0.0  0.0  0.0  0.0  0.0  0.0  0.0  0.0  0.0  0.0  0.0  0.0  0.0
  0.0  0.0  0.0  0.0  0.0  0.0  0.0  0.0  0.0  0.0  0.0  0.0  0.0  0.0  0.0
  0.0  0.0  0.0  0.0  0.0  0.0  0.0  0.0 11.9  0.0 11.9  0.0  0.0  6.0 35.7
  0.0  0.0  0.0  0.0  0.0  0.0  0.0  0.0  0.0  6.0  0.0  6.0  6.0  0.0  0.0
    -27.24     -5.53      4.77     -6.61     -1.82  0.0  0.0  0.0  0.0  0.0
                                 t000114_s14_p2_ai-el2ap.txt 37.3  5.4  329
  9.1  0.0  0.0 18.2  0.0  6.1  0.0  0.0  0.0  0.0  0.0  0.0  0.0  0.0  0.0
  0.0  0.0  3.0 27.4  0.0  0.0346.5112.5 39.5 51.7  0.0  3.0  3.0  0.0  9.1
  0.0  3.0 72.9  0.0  0.0 30.4  0.0  0.0  0.0  0.0  0.0  3.0  3.0 27.4  6.1
  0.0  0.0  0.0  6.1  3.0  3.0 30.4 33.4  0.0  9.1 85.1  0.0  0.0 88.1  6.1
  0.0  0.0  0.0  0.0  0.0  0.0  0.0  0.0  0.0  0.0  0.0  0.0  0.0  0.0  0.0
  0.0  0.0  0.0  0.0  0.0  0.0  0.0  0.0  0.0  0.0  0.0  0.0  0.0  0.0  0.0
  0.0  0.0  0.0  0.0  0.0  0.0  0.0  0.0  0.0  0.0  0.0  0.0  0.0  0.0  0.0
  0.0  0.0  0.0  0.0  0.0  0.0  0.0  0.0  0.0  0.0  0.0  0.0  0.0  0.0  0.0
  0.0  0.0  0.0  0.0  0.0  0.0  0.0  6.1  0.0  0.0  9.1 12.2  3.0  6.1  3.0
  0.0  0.0  0.0  0.0  0.0  0.0  0.0 18.2  0.0  6.1  3.0  3.0  0.0  3.0  0.0
    -18.67     -2.88     10.00     -5.39      7.09  0.0  0.0  0.0  0.0  0.0
                                 t000114_s14_p3_ai-el2ap.txt  8.3  4.8   47
  0.0  0.0  0.0 21.3  0.0  0.0  0.0  0.0 21.3  0.0  0.0  0.0  0.0  0.0  0.0
  0.0  0.0  0.0 21.3  0.0  0.0319.1106.4 63.8 63.8  0.0  0.0  0.0  0.0  0.0
  0.0  0.0 63.8  0.0 63.8  0.0  0.0  0.0  0.0  0.0  0.0  0.0  0.0 21.3  0.0
  0.0  0.0  0.0  0.0  0.0  0.0 21.3 21.3  0.0  0.0 63.8 21.3  0.0 85.1  0.0
  0.0  0.0  0.0  0.0  0.0  0.0  0.0  0.0  0.0  0.0  0.0  0.0  0.0  0.0  0.0
  0.0  0.0  0.0  0.0  0.0  0.0  0.0  0.0  0.0  0.0  0.0  0.0  0.0  0.0  0.0
  0.0  0.0  0.0  0.0  0.0  0.0  0.0  0.0  0.0  0.0  0.0  0.0  0.0  0.0  0.0
  0.0  0.0  0.0  0.0  0.0  0.0  0.0  0.0  0.0  0.0  0.0  0.0  0.0  0.0  0.0
  0.0  0.0  0.0  0.0  0.0  0.0  0.0  0.0 21.3  0.0  0.0  0.0  0.0  0.0  0.0
  0.0  0.0  0.0  0.0  0.0  0.0  0.0 21.3  0.0  0.0  0.0  0.0 21.3  0.0  0.0
    -21.48     -3.63    -13.37     -6.61     -0.40  0.0  0.0  0.0  0.0  0.0
                                 t000114_s19_p1_ai-el2ap.txt 34.5  5.4  203
  4.9  0.0  0.0 39.4  0.0  0.0  0.0  4.9  0.0  0.0  0.0  0.0  0.0  0.0  0.0
  0.0  0.0  0.0 19.7  0.0  0.0389.2 78.8 49.3  9.9  0.0  0.0  0.0  0.0  4.9
  0.0  0.0 34.5  0.0  0.0 19.7  0.0  0.0  0.0  0.0  0.0  9.9  4.9 29.6  0.0
  0.0  4.9  0.0  9.9  4.9  0.0 24.6 29.6  0.0  4.9 98.5  0.0  0.0 59.1  0.0
  0.0  0.0  0.0  0.0  0.0  0.0  0.0  0.0  0.0  0.0  0.0  0.0  0.0  0.0  0.0
  0.0  0.0  0.0  0.0  0.0  0.0  0.0  0.0  0.0  0.0  0.0  0.0  0.0  0.0  0.0
  0.0  0.0  0.0  0.0  0.0  0.0  0.0  0.0  0.0  0.0  0.0  0.0  0.0  0.0  0.0
  0.0  0.0  0.0  0.0  0.0  0.0  0.0  0.0  0.0  0.0  0.0  0.0  0.0  0.0  0.0
  0.0  0.0  0.0  0.0  0.0  0.0  0.0 44.3  4.9  0.0  4.9  4.9  9.9  0.0  0.0
  0.0  0.0  0.0  9.9  0.0  0.0  0.0  4.9  0.0  4.9  0.0  0.0  4.9  0.0  0.0
    -22.00     -5.40      4.71     -2.66      3.93  0.0  0.0  0.0  0.0  0.0
                                t000114_s19_p10_ai-el2ap.txt 21.8  4.7  112
  0.0  0.0  0.0 80.4  0.0 17.9  0.0  0.0  0.0  8.9  0.0  0.0  0.0  0.0  0.0
  0.0  0.0  0.0 26.8  0.0  0.0339.3125.0 35.7 35.7  0.0  8.9  0.0  0.0  0.0
  0.0  0.0 53.6  0.0  8.9 17.9  0.0  0.0  0.0  0.0  0.0  0.0  0.0 35.7  0.0
  8.9  0.0  0.0  8.9  8.9  0.0 26.8 44.6  0.0  0.0 62.5  0.0  0.0116.1  8.9
  0.0  0.0  0.0  0.0  0.0  0.0  0.0  0.0  0.0  0.0  0.0  0.0  0.0  0.0  0.0
  0.0  0.0  0.0  0.0  0.0  0.0  0.0  0.0  0.0  0.0  0.0  0.0  0.0  0.0  0.0
  0.0  0.0  0.0  0.0  0.0  0.0  0.0  0.0  0.0  0.0  8.9  0.0  0.0  0.0  0.0
  0.0  0.0  0.0  0.0  0.0  0.0  0.0  8.9  0.0  0.0  0.0  0.0  0.0  0.0  0.0
  0.0  0.0  0.0  0.0  0.0  0.0  0.0 17.9  0.0  0.0  8.9  8.9 17.9  8.9  0.0
  0.0  0.0  0.0  0.0  0.0  0.0  0.0  8.9  0.0  8.9  0.0  8.9  8.9  0.0  0.0
    -12.51     -2.84      1.05     -6.61      4.67  0.0  0.0  0.0  0.0  0.0
                                t000114_s19_p11_ai-el2ap.txt 23.0  5.1  121
  0.0  0.0  0.0 90.9  0.0  8.3  0.0  8.3  0.0 24.8  0.0  0.0  0.0  0.0  0.0
  0.0  0.0  0.0  8.3  0.0  0.0289.3157.0 74.4 16.5  8.3  8.3  0.0  0.0 16.5
  0.0  0.0 41.3  0.0  8.3  8.3  0.0  0.0  0.0  0.0  0.0  0.0  0.0 49.6  0.0
  8.3  0.0  0.0 16.5 16.5  0.0  8.3 57.9  0.0 16.5 90.9  8.3  0.0124.0  0.0
  0.0  0.0  0.0  0.0  0.0  0.0  0.0  0.0  0.0  0.0  0.0  0.0  0.0  0.0  0.0
  0.0  0.0  0.0  0.0  0.0  0.0  0.0  0.0  0.0  0.0  0.0  0.0  0.0  0.0  0.0
  0.0  0.0  0.0  0.0  0.0  0.0  0.0  0.0  0.0  0.0  8.3  0.0  0.0  0.0  0.0
  0.0  0.0  0.0  0.0  0.0  0.0  0.0  8.3  0.0  0.0  0.0  0.0  0.0  0.0  0.0
  0.0  0.0  0.0  0.0  0.0  0.0  0.0 33.1  0.0  0.0 16.5  0.0  8.3 16.5  0.0
  0.0  8.3  0.0  0.0  0.0  0.0  0.0  0.0  0.0 16.5  8.3  8.3 16.5  0.0  0.0
    -17.46     -3.23      9.21     -6.61      6.55  0.0  0.0  0.0  0.0  0.0
                                t000114_s19_p12_ai-el2ap.txt 18.0  4.6   98
  0.0  0.0  0.0 81.6  0.0  0.0  0.0  0.0  0.0  0.0  0.0  0.0  0.0  0.0  0.0
  0.0  0.0  0.0 30.6  0.0  0.0295.9112.2 51.0 20.4 10.2 10.2  0.0  0.0 10.2
  0.0  0.0 20.4  0.0  0.0 40.8 10.2  0.0  0.0  0.0  0.0  0.0 10.2 20.4  0.0
  0.0  0.0  0.0  0.0 40.8  0.0 30.6 20.4  0.0 10.2112.2 10.2  0.0112.2  0.0
 20.4  0.0  0.0  0.0  0.0  0.0  0.0  0.0  0.0  0.0  0.0  0.0  0.0  0.0  0.0
  0.0  0.0  0.0  0.0  0.0  0.0  0.0  0.0  0.0  0.0  0.0  0.0  0.0  0.0  0.0
  0.0  0.0  0.0  0.0  0.0  0.0  0.0  0.0  0.0  0.0  0.0  0.0  0.0  0.0  0.0
  0.0  0.0  0.0  0.0  0.0  0.0  0.0  0.0  0.0  0.0  0.0  0.0  0.0  0.0  0.0
  0.0  0.0  0.0  0.0  0.0  0.0  0.0 10.2  0.0  0.0 10.2 20.4 10.2  0.0  0.0
  0.0  0.0  0.0  0.0  0.0  0.0  0.0  0.0  0.0  0.0  0.0  0.0  0.0  0.0  0.0
    -16.94     -2.64      5.17     -6.61      5.84  0.0  0.0  0.0  0.0  0.0
                                t000114_s19_p13_ai-el2ap.txt 20.3  4.8  105
  0.0  0.0  0.0 76.2  0.0  9.5  0.0  0.0  9.5 38.1  0.0  0.0  0.0  0.0  0.0
  0.0  0.0  0.0 28.6  0.0  0.0342.9133.3 38.1  9.5  0.0  9.5  0.0  0.0  0.0
  0.0  9.5 38.1  0.0  0.0 38.1  0.0  0.0  0.0  0.0  0.0  0.0  9.5 38.1  9.5
  0.0  0.0  0.0  9.5  0.0  0.0 38.1 47.6  0.0  0.0 85.7  9.5  0.0 76.2  0.0
  0.0  0.0  0.0  0.0  0.0  0.0  0.0  0.0  0.0  0.0  0.0  0.0  0.0  0.0  0.0
  0.0  0.0  0.0  0.0  0.0  0.0  0.0  0.0  0.0  0.0  0.0  0.0  0.0  0.0  0.0
  0.0  0.0  0.0  0.0  0.0  0.0  0.0  0.0  0.0  0.0  9.5  0.0  0.0  0.0  0.0
  0.0  0.0  0.0  0.0  0.0  0.0  0.0  9.5  0.0  0.0  0.0  0.0  0.0  0.0  0.0
  0.0  0.0  0.0  0.0  0.0  0.0  0.0 38.1  0.0  0.0  9.5  0.0  0.0  0.0  0.0
  0.0  0.0  0.0  0.0  0.0  0.0  0.0  0.0  0.0 28.6  0.0  9.5  0.0  0.0  0.0
    -11.07     -3.58      4.98     -6.61     15.42  0.0  0.0  0.0  0.0  0.0
                                t000114_s19_p14_ai-el2ap.txt 15.5  5.0   72
 13.9  0.0  0.0 55.6  0.0 13.9  0.0  0.0  0.0  0.0  0.0  0.0  0.0  0.0  0.0
  0.0  0.0  0.0 27.8  0.0  0.0416.7138.9 41.7 41.7  0.0  0.0  0.0  0.0  0.0
  0.0  0.0 69.4  0.0  0.0 27.8  0.0  0.0  0.0  0.0  0.0  0.0  0.0 13.9  0.0
 13.9  0.0  0.0 13.9 13.9  0.0 27.8 27.8  0.0  0.0 55.6  0.0  0.0125.0  0.0
  0.0  0.0  0.0  0.0  0.0  0.0  0.0  0.0  0.0  0.0  0.0  0.0  0.0  0.0  0.0
  0.0  0.0  0.0  0.0  0.0  0.0  0.0  0.0  0.0  0.0  0.0  0.0  0.0  0.0  0.0
  0.0  0.0  0.0  0.0  0.0  0.0  0.0  0.0  0.0  0.0 13.9  0.0  0.0  0.0  0.0
  0.0  0.0  0.0  0.0  0.0  0.0  0.0 13.9  0.0  0.0  0.0  0.0  0.0  0.0  0.0
  0.0  0.0  0.0  0.0  0.0  0.0  0.0 13.9  0.0  0.0  0.0  0.0  0.0  0.0 13.9
  0.0  0.0  0.0  0.0 13.9  0.0  0.0  0.0  0.0 41.7  0.0 13.9  0.0  0.0  0.0
    -17.97     -4.36      4.22     -6.61      2.96  0.0  0.0  0.0  0.0  0.0
                                t000114_s19_p15_ai-el2ap.txt 22.3  4.8  118
  0.0  0.0  0.0 93.2  0.0  0.0  0.0  0.0  0.0 16.9  0.0  0.0  0.0  0.0  0.0
  0.0  0.0  8.5 33.9  0.0  0.0398.3110.2 42.4  0.0  0.0  8.5  0.0  0.0  0.0
  0.0  8.5 42.4  0.0  0.0  0.0  0.0  0.0  0.0  0.0  0.0  0.0  0.0 16.9  8.5
  0.0  0.0  0.0  0.0 42.4  8.5 42.4 25.4  0.0  0.0110.2  0.0  0.0 93.2  8.5
  8.5  0.0  0.0  0.0  0.0  0.0  0.0  0.0  0.0  0.0  0.0  0.0  0.0  0.0  0.0
  0.0  0.0  0.0  0.0  0.0  0.0  0.0  0.0  0.0  0.0  0.0  0.0  0.0  0.0  0.0
  0.0  0.0  0.0  0.0  0.0  0.0  0.0  0.0  0.0  0.0  0.0  0.0  0.0  0.0  0.0
  0.0  0.0  0.0  0.0  0.0  0.0  0.0  0.0  0.0  0.0  0.0  0.0  0.0  0.0  0.0
  0.0  0.0  0.0  0.0  0.0  0.0  0.0 16.9  0.0  0.0  0.0 16.9 25.4  8.5  0.0
  0.0  8.5  0.0  0.0  8.5  0.0  0.0  0.0  0.0 16.9  0.0  8.5  0.0  0.0  0.0
    -13.95     -4.10      7.05     -6.61      5.46  0.0  0.0  0.0  0.0  0.0
                                t000114_s19_p16_ai-el2ap.txt 17.8  4.9   87
  0.0  0.0  0.0 69.0  0.0 11.5  0.0  0.0  0.0 11.5  0.0  0.0  0.0  0.0  0.0
  0.0  0.0  0.0 34.5  0.0  0.0390.8 92.0 46.0 11.5  0.0 11.5  0.0  0.0  0.0
  0.0  0.0 34.5  0.0  0.0  0.0  0.0  0.0  0.0  0.0  0.0  0.0  0.0 11.5 11.5
  0.0  0.0  0.0  0.0 34.5  0.0 34.5 23.0  0.0  0.0126.4  0.0  0.0 92.0 11.5
  0.0  0.0  0.0  0.0  0.0  0.0  0.0  0.0  0.0  0.0  0.0  0.0  0.0  0.0  0.0
  0.0  0.0  0.0  0.0  0.0  0.0  0.0  0.0  0.0  0.0  0.0  0.0  0.0  0.0  0.0
  0.0  0.0  0.0  0.0  0.0  0.0  0.0  0.0  0.0  0.0  0.0  0.0  0.0  0.0  0.0
  0.0  0.0  0.0  0.0  0.0  0.0  0.0  0.0  0.0  0.0  0.0  0.0  0.0  0.0  0.0
  0.0  0.0  0.0  0.0  0.0  0.0  0.0 46.0  0.0  0.0 11.5 11.5  0.0  0.0  0.0
  0.0  0.0  0.0  0.0  0.0  0.0  0.0  0.0  0.0 11.5  0.0 11.5  0.0  0.0  0.0
    -13.85     -3.14      3.37     -6.61      6.96  0.0  0.0  0.0  0.0  0.0
                                t000114_s19_p17_ai-el2ap.txt 12.8  5.4   61
  0.0  0.0  0.0 82.0  0.0 16.4  0.0  0.0  0.0 16.4  0.0  0.0  0.0  0.0  0.0
  0.0  0.0  0.0 49.2  0.0  0.0360.7114.8 16.4 16.4  0.0 16.4  0.0  0.0  0.0
  0.0  0.0 32.8  0.0  0.0  0.0  0.0  0.0  0.0  0.0  0.0  0.0  0.0 49.2  0.0
  0.0  0.0  0.0  0.0 16.4  0.0 49.2 49.2  0.0  0.0114.8  0.0  0.0 98.4  0.0
  0.0  0.0  0.0  0.0  0.0  0.0  0.0  0.0  0.0  0.0  0.0  0.0  0.0  0.0  0.0
  0.0  0.0  0.0  0.0  0.0  0.0  0.0  0.0  0.0  0.0  0.0  0.0  0.0  0.0  0.0
  0.0  0.0  0.0  0.0  0.0  0.0  0.0  0.0  0.0  0.0  0.0  0.0  0.0  0.0  0.0
  0.0  0.0  0.0  0.0  0.0  0.0  0.0  0.0  0.0  0.0  0.0  0.0  0.0  0.0  0.0
  0.0  0.0  0.0  0.0  0.0  0.0  0.0 16.4  0.0  0.0  0.0 16.4  0.0  0.0 16.4
  0.0  0.0  0.0  0.0  0.0  0.0  0.0  0.0  0.0 16.4  0.0  0.0  0.0  0.0  0.0
     -8.18     -2.04      3.25     -6.61      3.83  0.0  0.0  0.0  0.0  0.0
                                t000114_s19_p18_ai-el2ap.txt 16.8  5.0   83
  0.0  0.0  0.0 72.3  0.0  0.0  0.0  0.0  0.0 24.1  0.0  0.0  0.0  0.0  0.0
  0.0  0.0  0.0 36.1  0.0  0.0337.3108.4 36.1 12.0  0.0 12.0  0.0  0.0  0.0
  0.0 12.0 84.3  0.0  0.0 12.0  0.0  0.0  0.0  0.0  0.0 12.0  0.0 36.1  0.0
  0.0  0.0  0.0  0.0 48.2  0.0 48.2 36.1  0.0  0.0156.6  0.0  0.0 84.3  0.0
 12.0  0.0  0.0  0.0  0.0  0.0  0.0  0.0  0.0  0.0  0.0  0.0  0.0  0.0  0.0
  0.0  0.0  0.0  0.0  0.0  0.0  0.0  0.0  0.0  0.0  0.0  0.0  0.0  0.0  0.0
  0.0  0.0  0.0  0.0  0.0  0.0  0.0  0.0  0.0  0.0  0.0  0.0  0.0  0.0  0.0
  0.0  0.0  0.0  0.0  0.0  0.0  0.0  0.0  0.0  0.0  0.0  0.0  0.0  0.0  0.0
  0.0  0.0  0.0  0.0  0.0  0.0  0.0 12.0 12.0  0.0  0.0  0.0 12.0  0.0  0.0
  0.0 12.0  0.0  0.0  0.0  0.0  0.0  0.0  0.0 12.0  0.0  0.0  0.0  0.0  0.0
    -13.83     -3.01     10.61     -1.79      1.85  0.0  0.0  0.0  0.0  0.0
                                t000114_s19_p19_ai-el2ap.txt 16.5  5.2   76
  0.0  0.0  0.0 65.8  0.0 13.2  0.0  0.0  0.0 13.2  0.0  0.0  0.0  0.0  0.0
  0.0  0.0  0.0 26.3  0.0  0.0368.4105.3 78.9 13.2  0.0 13.2  0.0  0.0  0.0
  0.0  0.0 52.6  0.0  0.0  0.0  0.0  0.0  0.0  0.0  0.0  0.0  0.0 39.5  0.0
 26.3  0.0  0.0  0.0 13.2  0.0 26.3 65.8  0.0  0.0131.6  0.0  0.0118.4 13.2
  0.0  0.0  0.0  0.0  0.0  0.0  0.0  0.0  0.0  0.0  0.0  0.0  0.0  0.0  0.0
  0.0  0.0  0.0  0.0  0.0  0.0  0.0  0.0  0.0  0.0  0.0  0.0  0.0  0.0  0.0
  0.0  0.0  0.0  0.0  0.0  0.0  0.0  0.0  0.0  0.0  0.0  0.0  0.0  0.0  0.0
  0.0  0.0  0.0  0.0  0.0  0.0  0.0  0.0  0.0  0.0  0.0  0.0  0.0  0.0  0.0
  0.0  0.0  0.0  0.0  0.0  0.0  0.0 13.2  0.0  0.0  0.0  0.0 13.2  0.0 13.2
  0.0 13.2  0.0  0.0  0.0  0.0  0.0  0.0  0.0 13.2  0.0 13.2  0.0  0.0  0.0
    -17.43     -2.76      4.63     -6.61     10.84  0.0  0.0  0.0  0.0  0.0
                                 t000114_s19_p2_ai-el2ap.txt 15.0  5.3  102
  0.0  0.0  0.0  0.0  0.0  0.0  0.0  9.8  9.8  0.0  0.0  0.0  0.0  0.0  0.0
  0.0  0.0  0.0 39.2  0.0  0.0431.4127.5 58.8 29.4  0.0  9.8  0.0  0.0  0.0
  0.0  0.0 29.4  0.0  0.0  9.8  0.0  0.0  0.0  0.0  0.0  0.0  0.0  9.8  9.8
  0.0  0.0  0.0  0.0  0.0  0.0 39.2 19.6  0.0  0.0 68.6  9.8  0.0 58.8  9.8
  0.0  0.0  0.0  0.0  0.0  0.0  0.0  0.0  0.0  0.0  0.0  0.0  0.0  0.0  0.0
  0.0  0.0  0.0  0.0  0.0  0.0  0.0  0.0  0.0  0.0  0.0  0.0  0.0  0.0  0.0
  0.0  0.0  0.0  0.0  0.0  0.0  0.0  0.0  0.0  0.0  0.0  0.0  0.0  0.0  0.0
  0.0  0.0  0.0  0.0  0.0  0.0  0.0  0.0  0.0  0.0  0.0  0.0  0.0  0.0  0.0
  0.0  0.0  0.0  0.0  0.0  0.0  0.0 98.0  0.0  0.0  0.0  0.0  0.0  0.0  0.0
  0.0  0.0  9.8  0.0  0.0  0.0  0.0  0.0  0.0  0.0  0.0  9.8 19.6  0.0  0.0
    -21.41     -2.87      2.46     -6.61      5.40  0.0  0.0  0.0  0.0  0.0
                                t000114_s19_p20_ai-el2ap.txt 17.3  5.1   81
  0.0  0.0  0.0 61.7  0.0 12.3  0.0  0.0  0.0 12.3  0.0  0.0  0.0  0.0  0.0
  0.0  0.0  0.0 24.7  0.0  0.0382.7 86.4 49.4 12.3  0.0  0.0  0.0  0.0  0.0
  0.0  0.0 24.7  0.0  0.0 49.4  0.0  0.0 12.3  0.0  0.0  0.0  0.0 12.3 12.3
 12.3  0.0  0.0  0.0 24.7  0.0 24.7 37.0  0.0  0.0123.5  0.0  0.0111.1 12.3
 12.3  0.0  0.0  0.0  0.0  0.0  0.0  0.0  0.0  0.0  0.0  0.0  0.0  0.0  0.0
  0.0  0.0  0.0  0.0  0.0  0.0  0.0  0.0  0.0  0.0  0.0  0.0  0.0  0.0  0.0
  0.0  0.0  0.0  0.0  0.0  0.0  0.0  0.0  0.0  0.0  0.0  0.0  0.0  0.0  0.0
  0.0  0.0  0.0  0.0  0.0  0.0  0.0  0.0  0.0  0.0  0.0  0.0  0.0  0.0  0.0
  0.0  0.0  0.0  0.0  0.0  0.0  0.0 24.7  0.0  0.0  0.0  0.0  0.0  0.0  0.0
  0.0  0.0  0.0  0.0  0.0  0.0  0.0 12.3  0.0  0.0  0.0 12.3  0.0  0.0  0.0
    -15.98     -5.32     -0.12     -2.62     11.72  0.0  0.0  0.0  0.0  0.0
                                t000114_s19_p21_ai-el2ap.txt 20.5  5.0  101
  0.0  0.0  0.0 79.2  0.0  0.0  0.0  0.0  0.0 19.8  0.0  0.0  0.0  0.0  0.0
  0.0  0.0  0.0  9.9  0.0  0.0386.1 89.1 39.6 19.8  0.0  9.9  0.0  0.0  0.0
  0.0  9.9 49.5  0.0  0.0 19.8  0.0  0.0  0.0  0.0  0.0  0.0  9.9 19.8  0.0
  9.9  9.9  0.0  9.9 19.8  0.0 29.7 29.7  0.0  0.0108.9  0.0  0.0108.9  0.0
  0.0  0.0  0.0  0.0  0.0  0.0  0.0  0.0  0.0  0.0  0.0  0.0  0.0  0.0  0.0
  0.0  0.0  0.0  0.0  0.0  0.0  0.0  0.0  0.0  0.0  0.0  0.0  0.0  0.0  0.0
  0.0  0.0  0.0  0.0  0.0  0.0  0.0  0.0  0.0  0.0  9.9  0.0  0.0  0.0  0.0
  0.0  0.0  0.0  0.0  0.0  0.0  0.0  9.9  0.0  0.0  0.0  0.0  0.0  0.0  0.0
  0.0  0.0  0.0  0.0  0.0  0.0  0.0 29.7  0.0  0.0  0.0 19.8  0.0  0.0  0.0
  0.0  9.9  0.0  0.0  0.0  0.0  0.0  0.0  0.0  9.9  0.0  9.9  0.0  0.0  0.0
    -20.45     -3.17      6.95     -6.61      8.76  0.0  0.0  0.0  0.0  0.0
                                t000114_s19_p22_ai-el2ap.txt 18.8  4.4   98
  0.0  0.0  0.0 71.4  0.0 10.2  0.0  0.0  0.0  0.0  0.0  0.0  0.0  0.0  0.0
  0.0  0.0  0.0 30.6  0.0  0.0367.3102.0 40.8  0.0  0.0 10.2  0.0  0.0  0.0
  0.0 10.2  0.0  0.0  0.0 30.6 10.2  0.0  0.0  0.0  0.0  0.0  0.0 10.2  0.0
  0.0 10.2  0.0  0.0 40.8  0.0 51.0 10.2  0.0  0.0112.2  0.0  0.0 81.6  0.0
  0.0  0.0  0.0  0.0  0.0  0.0  0.0  0.0  0.0  0.0  0.0  0.0  0.0  0.0  0.0
  0.0  0.0  0.0  0.0  0.0  0.0  0.0  0.0  0.0  0.0  0.0  0.0  0.0  0.0  0.0
  0.0  0.0  0.0  0.0  0.0  0.0  0.0  0.0  0.0  0.0 10.2  0.0  0.0  0.0  0.0
  0.0  0.0  0.0  0.0  0.0  0.0  0.0 10.2  0.0  0.0  0.0  0.0  0.0  0.0  0.0
  0.0  0.0  0.0  0.0  0.0  0.0  0.0 10.2  0.0  0.0 20.4  0.0  0.0  0.0  0.0
  0.0  0.0  0.0  0.0  0.0  0.0  0.0  0.0  0.0  0.0  0.0  0.0  0.0  0.0  0.0
    -14.82     -3.77      3.01     -6.61     -2.08  0.0  0.0  0.0  0.0  0.0
                                t000114_s19_p23_ai-el2ap.txt 26.3  4.7  136
  0.0  0.0  0.0 80.9  0.0  7.4  0.0  0.0  0.0  7.4  0.0  0.0  0.0  0.0  0.0
  7.4  0.0  0.0 44.1  0.0  7.4382.4117.6 36.8  7.4  0.0  7.4  0.0  0.0  0.0
  0.0  0.0 22.1  0.0  0.0  0.0 14.7  0.0  0.0  0.0  0.0  0.0  0.0 36.8  7.4
  0.0  0.0  0.0  0.0 22.1  0.0 44.1 44.1  0.0  0.0117.6  0.0  0.0102.9  0.0
  7.4  0.0  0.0  0.0  0.0  0.0  0.0  0.0  0.0  0.0  0.0  0.0  0.0  0.0  0.0
  0.0  0.0  0.0  0.0  0.0  7.4  0.0  0.0  0.0  0.0  0.0  0.0  0.0  0.0  0.0
  7.4  0.0  0.0  0.0  0.0  0.0  0.0  0.0  0.0  0.0  0.0  0.0  0.0  0.0  0.0
  7.4  0.0  0.0  7.4  7.4  0.0  7.4  0.0  0.0  0.0  0.0  0.0  0.0  0.0  0.0
  0.0  0.0  0.0  0.0  0.0  0.0  0.0 14.7 14.7  0.0  0.0  7.4  0.0  0.0  0.0
  0.0  0.0  0.0  0.0  0.0  0.0  0.0  0.0  0.0 14.7  0.0  7.4  0.0  0.0  0.0
     -7.52     -4.07      2.51     -6.61      7.60  0.0  0.0  0.0  0.0  0.0
                                t000114_s19_p24_ai-el2ap.txt 15.8  5.2   76
  0.0  0.0  0.0 92.1  0.0 13.2  0.0  0.0  0.0 13.2  0.0  0.0  0.0  0.0  0.0
 13.2  0.0  0.0 26.3  0.0  0.0328.9 92.1 26.3 26.3  0.0 13.2  0.0  0.0  0.0
  0.0 13.2 39.5  0.0  0.0 26.3  0.0  0.0 13.2  0.0  0.0 13.2  0.0 13.2  0.0
  0.0  0.0  0.0 26.3 26.3  0.0 39.5 13.2  0.0  0.0 92.1  0.0  0.0105.3  0.0
 26.3  0.0  0.0  0.0  0.0  0.0  0.0  0.0  0.0  0.0  0.0  0.0  0.0  0.0  0.0
  0.0  0.0  0.0  0.0  0.0  0.0  0.0  0.0  0.0  0.0  0.0  0.0  0.0  0.0  0.0
  0.0  0.0  0.0  0.0  0.0  0.0  0.0  0.0  0.0  0.0  0.0  0.0  0.0  0.0  0.0
  0.0  0.0  0.0  0.0  0.0  0.0  0.0  0.0  0.0  0.0  0.0  0.0  0.0  0.0  0.0
  0.0  0.0  0.0  0.0  0.0  0.0  0.0 26.3  0.0  0.0  0.0 13.2 13.2  0.0  0.0
  0.0  0.0  0.0  0.0  0.0  0.0  0.0 13.2  0.0  0.0  0.0  0.0  0.0  0.0  0.0
     -7.04     -2.33      7.09      2.90     -1.63  0.0  0.0  0.0  0.0  0.0
                                 t000114_s19_p3_ai-el2ap.txt 13.5  4.9   72
  0.0  0.0  0.0 41.7  0.0 13.9  0.0  0.0  0.0 13.9  0.0  0.0  0.0  0.0  0.0
  0.0  0.0  0.0 41.7  0.0  0.0361.1111.1 55.6  0.0  0.0  0.0  0.0  0.0  0.0
  0.0  0.0 27.8  0.0  0.0 41.7  0.0  0.0  0.0  0.0  0.0  0.0  0.0  0.0  0.0
 13.9  0.0  0.0  0.0 27.8  0.0 41.7 13.9  0.0  0.0111.1  0.0  0.0 83.3 13.9
  0.0  0.0  0.0  0.0  0.0  0.0  0.0  0.0  0.0  0.0  0.0  0.0  0.0  0.0  0.0
  0.0  0.0  0.0  0.0  0.0  0.0  0.0  0.0  0.0  0.0  0.0  0.0  0.0  0.0  0.0
  0.0  0.0  0.0  0.0  0.0  0.0  0.0  0.0  0.0  0.0  0.0  0.0  0.0  0.0  0.0
  0.0  0.0  0.0  0.0  0.0  0.0  0.0  0.0  0.0  0.0  0.0  0.0  0.0  0.0  0.0
  0.0  0.0  0.0  0.0  0.0  0.0  0.0 13.9  0.0  0.0  0.0 13.9  0.0  0.0  0.0
  0.0 13.9  0.0  0.0  0.0  0.0  0.0  0.0  0.0 13.9  0.0 13.9  0.0  0.0  0.0
    -12.63     -5.73      0.54     -6.61      0.85  0.0  0.0  0.0  0.0  0.0
                                 t000114_s19_p4_ai-el2ap.txt 16.3  4.8   83
  0.0  0.0  0.0 84.3  0.0 12.0  0.0  0.0  0.0  0.0  0.0  0.0  0.0  0.0  0.0
  0.0  0.0  0.0 60.2  0.0  0.0361.4120.5  0.0  0.0  0.0 12.0  0.0  0.0  0.0
  0.0  0.0 48.2 12.0  0.0 24.1 12.0  0.0  0.0  0.0  0.0  0.0  0.0 12.0  0.0
  0.0  0.0  0.0  0.0 48.2  0.0 60.2 12.0  0.0  0.0 96.4  0.0  0.0 96.4  0.0
 12.0  0.0  0.0  0.0  0.0  0.0  0.0  0.0  0.0  0.0  0.0  0.0  0.0  0.0  0.0
  0.0  0.0  0.0  0.0  0.0  0.0  0.0  0.0  0.0  0.0  0.0  0.0  0.0  0.0  0.0
  0.0  0.0  0.0  0.0  0.0  0.0  0.0  0.0  0.0  0.0  0.0  0.0  0.0  0.0  0.0
  0.0  0.0  0.0  0.0  0.0  0.0  0.0  0.0  0.0  0.0  0.0  0.0  0.0  0.0  0.0
  0.0  0.0  0.0  0.0  0.0  0.0  0.0 12.0  0.0  0.0 12.0  0.0  0.0  0.0  0.0
  0.0  0.0  0.0  0.0  0.0  0.0  0.0  0.0  0.0  0.0  0.0  0.0  0.0  0.0  0.0
     -7.09     -3.41     -0.49     -6.61     -1.80  0.0  0.0  0.0  0.0  0.0
                                 t000114_s19_p5_ai-el2ap.txt 22.3  5.1  115
  8.7  8.7  0.0 78.3  0.0  8.7  0.0  0.0  0.0  0.0  0.0  0.0  0.0  0.0  0.0
  0.0  0.0  0.0 34.8  0.0  0.0339.1130.4 60.9 17.4  0.0  8.7  0.0  0.0  0.0
  0.0  0.0 52.2  0.0 17.4 43.5  8.7  0.0 17.4  0.0  0.0  8.7  0.0 17.4  0.0
  8.7  8.7  0.0  0.0 26.1  0.0 43.5 26.1  0.0  0.0113.0  0.0  0.0121.7  8.7
  8.7  0.0  0.0  0.0  0.0  0.0  0.0  0.0  0.0  0.0  0.0  0.0  0.0  0.0  0.0
  0.0  0.0  0.0  0.0  0.0  0.0  0.0  0.0  0.0  0.0  0.0  0.0  0.0  0.0  0.0
  0.0  0.0  0.0  0.0  0.0  0.0  0.0  0.0  0.0  0.0  0.0  0.0  0.0  0.0  0.0
  0.0  0.0  0.0  0.0  0.0  0.0  0.0  0.0  0.0  0.0  0.0  0.0  0.0  0.0  0.0
  0.0  0.0  0.0  0.0  0.0  0.0  0.0 17.4  8.7  0.0 17.4  8.7  0.0  0.0  0.0
  0.0  0.0  0.0  0.0  0.0  0.0  0.0 26.1  0.0  0.0  0.0  8.7  0.0  0.0  0.0
    -14.41     -3.48     -2.99      2.48      1.81  0.0  0.0  0.0  0.0  0.0
                                 t000114_s19_p6_ai-el2ap.txt 16.0  4.9   84
  0.0  0.0  0.0 47.6  0.0  0.0  0.0  0.0  0.0  0.0  0.0  0.0  0.0  0.0  0.0
  0.0  0.0  0.0 35.7  0.0  0.0381.0166.7 71.4 11.9  0.0 11.9  0.0  0.0  0.0
  0.0 11.9 71.4  0.0  0.0 11.9  0.0  0.0  0.0  0.0  0.0  0.0  0.0 23.8  0.0
 11.9  0.0  0.0 11.9 11.9  0.0 47.6 35.7  0.0  0.0107.1  0.0  0.0 71.4  0.0
 11.9  0.0  0.0  0.0  0.0  0.0  0.0  0.0  0.0  0.0  0.0  0.0  0.0  0.0  0.0
  0.0  0.0  0.0  0.0  0.0  0.0  0.0  0.0  0.0  0.0  0.0  0.0  0.0  0.0  0.0
  0.0  0.0  0.0  0.0  0.0  0.0  0.0  0.0  0.0  0.0 11.9  0.0  0.0  0.0  0.0
  0.0  0.0  0.0  0.0  0.0  0.0  0.0 11.9  0.0  0.0  0.0  0.0  0.0  0.0  0.0
  0.0  0.0  0.0  0.0  0.0  0.0  0.0 11.9  0.0  0.0 11.9 11.9 11.9 11.9  0.0
  0.0 11.9  0.0  0.0  0.0  0.0  0.0  0.0  0.0 11.9  0.0 11.9  0.0  0.0  0.0
    -23.22     -3.05      9.67     -6.61      3.82  0.0  0.0  0.0  0.0  0.0
                                 t000114_s19_p7_ai-el2ap.txt 21.3  5.0  105
  0.0  0.0  0.0 85.7  0.0  0.0  0.0  0.0  0.0  9.5  0.0  0.0  0.0  0.0  0.0
  0.0  0.0  9.5 28.6  0.0  0.0352.4123.8  9.5  9.5  0.0  9.5  0.0  0.0  0.0
  0.0  9.5 38.1  9.5  0.0 19.0  9.5  0.0  0.0  0.0  0.0  9.5  9.5 38.1  9.5
  9.5  0.0  0.0  0.0 19.0  9.5 38.1 57.1  0.0  0.0 85.7  0.0  0.0123.8  9.5
  0.0  0.0  0.0  0.0  0.0  0.0  0.0  0.0  0.0  0.0  0.0  0.0  0.0  0.0  0.0
  0.0  0.0  0.0  0.0  0.0  0.0  0.0  0.0  0.0  0.0  0.0  0.0  0.0  0.0  0.0
  0.0  0.0  0.0  0.0  0.0  0.0  0.0  0.0  0.0  0.0  0.0  0.0  0.0  0.0  0.0
  0.0  0.0  0.0  0.0  0.0  0.0  0.0  0.0  0.0  0.0  0.0  0.0  0.0  0.0  0.0
  0.0  0.0  0.0  0.0  0.0  0.0  0.0  9.5  0.0  0.0 19.0  0.0  0.0  0.0  0.0
  0.0  9.5  0.0  0.0  0.0  0.0  0.0  0.0  0.0 19.0  0.0  9.5  9.5  0.0  0.0
    -13.89     -3.58      3.34     -2.80     18.50  0.0  0.0  0.0  0.0  0.0
                                 t000114_s19_p8_ai-el2ap.txt 11.5  4.9   58
  0.0  0.0  0.0 69.0  0.0  0.0  0.0  0.0  0.0  0.0  0.0  0.0  0.0  0.0  0.0
  0.0  0.0  0.0 17.2  0.0  0.0344.8120.7 69.0 17.2  0.0  0.0  0.0  0.0  0.0
  0.0  0.0  0.0  0.0 17.2 51.7  0.0  0.0  0.0  0.0  0.0  0.0  0.0  0.0 17.2
  0.0  0.0  0.0 17.2 34.5  0.0 17.2 17.2  0.0  0.0103.4  0.0  0.0103.4 17.2
 17.2  0.0  0.0  0.0  0.0  0.0  0.0  0.0  0.0  0.0  0.0  0.0  0.0  0.0  0.0
  0.0  0.0  0.0  0.0  0.0  0.0  0.0  0.0  0.0  0.0  0.0  0.0  0.0  0.0  0.0
  0.0  0.0  0.0  0.0  0.0  0.0  0.0  0.0  0.0  0.0  0.0  0.0  0.0  0.0  0.0
  0.0  0.0  0.0  0.0  0.0  0.0  0.0  0.0  0.0  0.0  0.0  0.0  0.0  0.0  0.0
  0.0  0.0  0.0  0.0  0.0  0.0  0.0  0.0  0.0  0.0 17.2  0.0  0.0  0.0  0.0
  0.0 17.2  0.0  0.0  0.0  0.0  0.0  0.0  0.0  0.0  0.0 17.2  0.0  0.0  0.0
    -23.55     -5.16     -7.04     -6.61      9.64  0.0  0.0  0.0  0.0  0.0
                                 t000114_s19_p9_ai-el2ap.txt 11.3  5.4   53
  0.0  0.0  0.0  0.0  0.0  0.0  0.0  0.0  0.0  0.0  0.0  0.0  0.0  0.0  0.0
 18.9  0.0  0.0 37.7  0.0  0.0415.1169.8 37.7  0.0  0.0 18.9  0.0  0.0  0.0
  0.0  0.0 75.5  0.0  0.0 37.7  0.0  0.0  0.0  0.0  0.0  0.0 18.9  0.0  0.0
  0.0  0.0  0.0  0.0  0.0  0.0 37.7  0.0  0.0  0.0150.9  0.0  0.0 18.9  0.0
  0.0  0.0  0.0  0.0  0.0  0.0  0.0  0.0  0.0  0.0  0.0  0.0  0.0  0.0  0.0
  0.0  0.0  0.0  0.0  0.0  0.0  0.0  0.0  0.0  0.0  0.0  0.0  0.0  0.0  0.0
  0.0  0.0  0.0  0.0  0.0  0.0  0.0  0.0  0.0  0.0  0.0  0.0  0.0  0.0  0.0
  0.0  0.0  0.0  0.0  0.0  0.0  0.0  0.0  0.0  0.0  0.0  0.0  0.0  0.0  0.0
  0.0  0.0  0.0  0.0  0.0  0.0  0.0  0.0  0.0  0.0 18.9  0.0  0.0  0.0  0.0
  0.0  0.0  0.0  0.0  0.0  0.0  0.0  0.0  0.0  0.0  0.0  0.0  0.0  0.0  0.0
    -17.35     -2.10      4.07     -6.61      8.17  0.0  0.0  0.0  0.0  0.0
                                  t000114_s2_p1_ai-el2ap.txt 11.5  5.1   54
  0.0  0.0  0.0 55.6  0.0  0.0  0.0  0.0 18.5  0.0  0.0  0.0  0.0  0.0  0.0
  0.0  0.0  0.0 18.5  0.0  0.0463.0111.1 18.5  0.0 18.5  0.0 18.5  0.0  0.0
  0.0  0.0 92.6  0.0  0.0 37.0  0.0  0.0  0.0  0.0  0.0  0.0  0.0  0.0  0.0
  0.0  0.0  0.0  0.0  0.0  0.0 18.5  0.0  0.0  0.0 18.5 37.0  0.0 55.6  0.0
  0.0  0.0  0.0  0.0  0.0  0.0  0.0  0.0  0.0  0.0  0.0  0.0  0.0  0.0  0.0
  0.0  0.0  0.0  0.0  0.0  0.0  0.0  0.0  0.0  0.0  0.0  0.0  0.0  0.0  0.0
  0.0  0.0  0.0  0.0  0.0  0.0  0.0  0.0  0.0  0.0  0.0  0.0  0.0  0.0  0.0
  0.0  0.0  0.0  0.0  0.0  0.0  0.0  0.0  0.0  0.0  0.0  0.0  0.0  0.0  0.0
  0.0  0.0  0.0  0.0  0.0  0.0  0.0  0.0 18.5  0.0 18.5  0.0  0.0  0.0 18.5
  0.0  0.0  0.0  0.0  0.0  0.0  0.0  0.0 37.0  0.0 18.5  0.0  0.0  0.0  0.0
    -23.63     -1.48      5.30     -6.61     -3.63  0.0  0.0 18.5  0.0  0.0
                                  t000114_s6_p1_ai-el2ap.txt 29.3  5.3  327
  3.1  0.0  0.0 42.8  0.0  9.2  0.0  3.1  0.0  3.1  0.0  0.0  0.0  0.0  0.0
  0.0  0.0  3.1  6.1  0.0  0.0400.6119.3 39.8 18.3  0.0  3.1  9.2  3.1  0.0
  3.1  0.0 45.9  0.0  3.1 24.5  0.0  0.0  0.0  0.0  0.0  6.1  3.1 15.3  0.0
  0.0  0.0  0.0  3.1  3.1  3.1  6.1 15.3  0.0  6.1 76.5  0.0  0.0 64.2  0.0
  0.0  0.0  0.0  0.0  0.0  0.0  0.0  0.0  0.0  0.0  0.0  0.0  0.0  0.0  0.0
  0.0  0.0  0.0  0.0  0.0  0.0  0.0  0.0  0.0  0.0  0.0  0.0  0.0  0.0  0.0
  0.0  0.0  0.0  0.0  0.0  0.0  0.0  0.0  0.0  0.0  0.0  0.0  0.0  0.0  0.0
  0.0  0.0  0.0  0.0  0.0  0.0  0.0  0.0  0.0  0.0  0.0  0.0  0.0  0.0  0.0
  0.0  0.0  0.0  0.0  0.0  0.0  0.0 21.4  3.1  3.1 33.6  6.1  0.0  3.1  0.0
  0.0  3.1  9.2  0.0  0.0  0.0  0.0  0.0  0.0 15.3  0.0  0.0  0.0  0.0  0.0
    -22.55     -2.84      6.45     -4.16      0.60  0.0  0.0  0.0  0.0  0.0
                                  t000114_s6_p2_ai-el2ap.txt 18.3  5.0  113
  8.8  0.0  0.0 53.1  0.0  8.8  8.8  0.0  0.0  0.0  0.0  0.0  0.0  0.0  0.0
  0.0  0.0  0.0  0.0  0.0  0.0309.7106.2 44.2 35.4  8.8  0.0  0.0  0.0  0.0
  0.0  0.0 17.7  0.0  0.0 35.4  8.8  0.0  0.0  0.0  0.0  8.8  0.0 17.7  0.0
  8.8  0.0  0.0  0.0 17.7  0.0  0.0 26.5  0.0  0.0 79.6  8.8  0.0106.2  8.8
  0.0  0.0  0.0  0.0  0.0  0.0  0.0  0.0  0.0  0.0  0.0  0.0  0.0  0.0  0.0
  0.0  0.0  0.0  0.0  0.0  8.8  0.0  0.0  0.0  8.8  0.0  0.0  0.0  0.0  0.0
  8.8  0.0  0.0  0.0  0.0  0.0  0.0  0.0  0.0  0.0  0.0  0.0  0.0  0.0  0.0
  8.8  8.8  0.0 17.7  8.8  0.0  8.8  0.0  0.0  0.0  0.0  0.0  0.0  0.0  0.0
  0.0  0.0  0.0  0.0  0.0  0.0  0.0  0.0 17.7  0.0  0.0  0.0  0.0  0.0  8.8
  0.0  0.0  0.0  0.0  0.0  0.0  0.0  0.0  0.0 26.5  0.0  0.0  8.8  0.0  0.0
    -19.64     -4.17      0.19     -3.07      1.91  0.0  0.0  0.0  0.0  0.0
                                  t000114_s6_p3_ai-el2ap.txt 13.3  6.2   65
  0.0  0.0  0.0 30.8  0.0  0.0 15.4  0.0  0.0  0.0  0.0  0.0  0.0  0.0  0.0
  0.0  0.0  0.0  0.0  0.0  0.0338.5184.6107.7 46.2  0.0  0.0  0.0  0.0  0.0
  0.0  0.0123.1  0.0  0.0 15.4  0.0  0.0  0.0  0.0  0.0 15.4  0.0 30.8  0.0
  0.0  0.0  0.0 30.8 15.4  0.0  0.0 30.8  0.0  0.0123.1  0.0  0.0 92.3 15.4
  0.0  0.0  0.0  0.0  0.0  0.0  0.0  0.0  0.0  0.0  0.0  0.0  0.0  0.0  0.0
  0.0  0.0  0.0  0.0  0.0  0.0  0.0  0.0  0.0  0.0  0.0  0.0 15.4  0.0  0.0
  0.0  0.0  0.0  0.0  0.0  0.0  0.0  0.0  0.0  0.0  0.0  0.0  0.0  0.0  0.0
  0.0  0.0 15.4 15.4  0.0  0.0  0.0  0.0  0.0  0.0  0.0  0.0  0.0  0.0  0.0
  0.0  0.0  0.0  0.0  0.0  0.0  0.0 30.8 15.4  0.0 30.8  0.0  0.0  0.0  0.0
  0.0  0.0  0.0  0.0  0.0  0.0  0.0  0.0  0.0  0.0  0.0  0.0  0.0  0.0  0.0
    -32.66     -4.21      8.65     -0.45      1.04  0.0  0.0  0.0  0.0  0.0
                                  t000114_s6_p4_ai-el2ap.txt 34.0  5.4  210
  0.0  0.0  0.0 61.9  0.0  4.8  0.0  0.0  0.0  9.5  0.0  0.0  0.0  0.0  0.0
  0.0  0.0  0.0 14.3  0.0  0.0357.1138.1 76.2  4.8  0.0  4.8  4.8  0.0  9.5
  0.0  0.0 85.7  0.0  0.0 23.8  9.5  4.8  0.0  0.0  4.8  9.5  4.8 19.0  4.8
  0.0  0.0  0.0  0.0  4.8  9.5 14.3 23.8  0.0  9.5100.0  0.0  0.0 76.2  0.0
  4.8  0.0  0.0  0.0  0.0  0.0  0.0  0.0  0.0  0.0  0.0  0.0  0.0  0.0  0.0
  0.0  0.0  0.0  0.0  4.8  0.0  0.0  4.8  0.0  0.0  0.0  0.0  0.0  0.0  0.0
  4.8  0.0  0.0  0.0  0.0  0.0  0.0  0.0  4.8  0.0  0.0  0.0  0.0  0.0  0.0
  4.8  4.8  0.0  9.5  4.8  4.8  9.5  0.0  0.0  0.0  0.0  0.0  0.0  0.0  0.0
  0.0  0.0  0.0  0.0  0.0  0.0  0.0  4.8  9.5  4.8 28.6  4.8  4.8  0.0  9.5
  0.0  9.5  9.5  0.0  0.0  0.0  0.0  0.0  0.0 14.3  4.8  0.0  9.5  0.0  0.0
    -24.15     -3.77     10.34      0.61      5.90  0.0  0.0  0.0  0.0  0.0
                                  t000114_s8_p1_ai-el2ap.txt 37.3  5.6  252
  0.0  0.0  0.0 43.7  0.0  4.0  0.0  4.0  0.0  4.0  0.0  0.0  0.0  0.0  0.0
  0.0  0.0  0.0  4.0  0.0  0.0369.0107.1 79.4  4.0  7.9  0.0  0.0  0.0  7.9
  0.0  0.0 87.3  0.0  0.0 15.9  0.0  0.0  0.0  0.0  0.0  0.0  4.0  0.0  4.0
  0.0  0.0  0.0  7.9  0.0  0.0  4.0  4.0  0.0  7.9111.1  7.9  0.0 63.5 11.9
  7.9  0.0  0.0  0.0  0.0  0.0  0.0  0.0  0.0  0.0  0.0  0.0  0.0  0.0  0.0
  0.0  0.0  0.0  0.0  0.0  0.0  0.0  0.0  0.0  0.0  0.0  0.0  0.0  0.0  0.0
  0.0  0.0  0.0  0.0  0.0  0.0  0.0  0.0  0.0  0.0  4.0  0.0  0.0  0.0  0.0
  0.0  0.0  0.0  0.0  0.0  0.0  0.0  4.0  0.0  0.0  0.0  0.0  0.0  0.0  0.0
  0.0  0.0  0.0  0.0  0.0  0.0  0.0  0.0  7.9  0.0 27.8  7.9  7.9  4.0 27.8
  0.0  7.9  0.0  0.0  4.0  0.0  0.0 11.9  0.0  0.0  0.0  0.0  4.0  0.0  0.0
    -26.73     -5.24     10.10     -6.61      1.91  0.0  4.0  0.0  0.0  0.0
                                  t000114_s8_p2_ai-el2ap.txt 24.5  5.0  150
  0.0  0.0  0.0 33.3  0.0  0.0  0.0  6.7  0.0  0.0  0.0  0.0  0.0  0.0  0.0
  0.0  0.0  0.0 20.0  0.0  0.0366.7140.0 33.3  6.7  0.0  6.7  0.0  0.0  0.0
  0.0  0.0 33.3  0.0  0.0 33.3  6.7  0.0  0.0  0.0  0.0  6.7  0.0 13.3  0.0
  0.0  0.0  0.0  0.0  0.0  0.0 20.0 13.3  0.0  0.0 66.7  0.0  0.0 53.3  6.7
  0.0  0.0  0.0  0.0  0.0  0.0  0.0  0.0  0.0  0.0  0.0  0.0  0.0  0.0  0.0
  0.0  0.0  0.0  0.0  0.0  0.0  0.0  0.0  0.0  0.0  0.0  0.0  0.0  0.0  0.0
  0.0  0.0  0.0  0.0  0.0  0.0  0.0  0.0  0.0  0.0  0.0  0.0  0.0  0.0  0.0
  0.0  0.0  0.0  0.0  0.0  0.0  0.0  0.0  0.0  0.0  0.0  0.0  0.0  0.0  0.0
  0.0  0.0  0.0  0.0  0.0  0.0  0.0 13.3  6.7  6.7 33.3  0.0  0.0  0.0 26.7
  0.0  0.0  0.0  0.0  0.0  0.0  0.0  0.0  6.7  6.7  0.0  6.7  6.7  0.0  0.0
    -22.00     -4.23      1.39     -3.94     -1.61  6.7  0.0  0.0  0.0  0.0
                                  t000115_s1_p1_ai-el2ap.txt 22.3  6.3  138
  7.2  0.0  0.0 21.7  0.0  0.0  0.0  0.0  0.0  0.0  0.0  0.0  0.0  0.0  0.0
  0.0  0.0  0.0  0.0  0.0  0.0347.8195.7 94.2 29.0  0.0  7.2  0.0  0.0  0.0
  0.0  0.0108.7  0.0  0.0  7.2  7.2  0.0  0.0  0.0  0.0  7.2  0.0 21.7  7.2
  7.2  7.2  0.0  0.0  7.2  0.0  7.2 36.2  0.0  0.0144.9  0.0  0.0 87.0  7.2
  0.0  0.0  0.0  0.0  0.0  0.0  0.0  0.0  0.0  0.0  0.0  0.0  0.0  0.0  0.0
  0.0  0.0  0.0  0.0  0.0  0.0  0.0  0.0  0.0  0.0  0.0  0.0  0.0  0.0  0.0
  0.0  0.0  0.0  0.0  0.0  0.0  0.0  0.0  0.0  0.0  0.0  0.0  0.0  0.0  0.0
  0.0  0.0  0.0  0.0  0.0  0.0  0.0  0.0  0.0  0.0  0.0  0.0  0.0  0.0  0.0
  0.0  0.0  0.0  0.0  0.0  0.0  0.0  0.0 36.2  0.0 36.2  7.2  0.0  0.0  7.2
  0.0  7.2  0.0  0.0  0.0  0.0  7.2  0.0  0.0 14.5  7.2  0.0 29.0  7.2  0.0
    -35.65     -3.38      8.11     -3.71      7.58  0.0  0.0  0.0  0.0  0.0
                                 t000115_s14_p1_ai-el2ap.txt 12.5  5.9   63
  0.0  0.0  0.0 15.9  0.0  0.0  0.0  0.0  0.0  0.0  0.0  0.0  0.0  0.0  0.0
  0.0  0.0  0.0  0.0  0.0  0.0396.8111.1142.9 79.4  0.0  0.0  0.0  0.0 15.9
  0.0 15.9111.1  0.0  0.0  0.0  0.0  0.0  0.0  0.0  0.0  0.0  0.0  0.0 15.9
  0.0  0.0  0.0  0.0  0.0  0.0 15.9 15.9  0.0 15.9158.7  0.0  0.0 79.4  0.0
  0.0  0.0  0.0  0.0  0.0  0.0  0.0  0.0  0.0  0.0  0.0  0.0  0.0  0.0  0.0
  0.0  0.0  0.0  0.0  0.0  0.0  0.0  0.0  0.0  0.0  0.0  0.0  0.0  0.0  0.0
  0.0  0.0  0.0  0.0  0.0  0.0  0.0  0.0  0.0  0.0  0.0  0.0  0.0  0.0  0.0
  0.0  0.0  0.0  0.0  0.0  0.0  0.0  0.0  0.0  0.0  0.0  0.0  0.0  0.0  0.0
  0.0  0.0  0.0  0.0  0.0  0.0  0.0  0.0 63.5  0.0  0.0  0.0  0.0  0.0 15.9
  0.0  0.0  0.0  0.0  0.0  0.0 15.9 15.9  0.0 15.9  0.0  0.0  0.0  0.0  0.0
    -36.22     -3.12     22.51     -6.61      8.58  0.0  0.0  0.0  0.0  0.0
                                t000115_s14_p10_ai-el2ap.txt  8.5  5.8   37
  0.0  0.0  0.0 27.0  0.0  0.0  0.0  0.0  0.0  0.0  0.0  0.0  0.0  0.0  0.0
  0.0  0.0  0.0  0.0  0.0  0.0351.4162.2 81.1 54.1  0.0  0.0  0.0  0.0  0.0
  0.0  0.0108.1  0.0  0.0  0.0 27.0  0.0  0.0  0.0  0.0  0.0  0.0 27.0  0.0
 27.0  0.0  0.0  0.0 27.0  0.0  0.0 54.1  0.0  0.0108.1  0.0  0.0162.2 27.0
  0.0  0.0  0.0  0.0  0.0  0.0  0.0  0.0  0.0  0.0  0.0  0.0  0.0  0.0  0.0
  0.0  0.0  0.0  0.0  0.0  0.0  0.0  0.0  0.0  0.0  0.0  0.0  0.0  0.0  0.0
  0.0  0.0  0.0  0.0  0.0  0.0  0.0  0.0  0.0  0.0  0.0  0.0  0.0  0.0  0.0
  0.0  0.0  0.0  0.0  0.0  0.0  0.0  0.0  0.0  0.0  0.0  0.0  0.0  0.0  0.0
  0.0  0.0  0.0  0.0  0.0  0.0  0.0  0.0 81.1 27.0 54.1  0.0 27.0  0.0  0.0
 27.0  0.0  0.0  0.0  0.0  0.0  0.0 54.1  0.0 54.1  0.0  0.0  0.0  0.0  0.0
    -32.96     -3.95      8.48     -6.61      9.19  0.0  0.0  0.0  0.0  0.0
                                 t000115_s14_p2_ai-el2ap.txt 10.0  4.0   50
  0.0  0.0  0.0 40.0  0.0 40.0  0.0  0.0  0.0  0.0  0.0  0.0  0.0  0.0  0.0
  0.0  0.0  0.0  0.0  0.0  0.0280.0120.0 80.0 20.0  0.0  0.0  0.0  0.0  0.0
  0.0  0.0 20.0  0.0  0.0 20.0  0.0  0.0  0.0  0.0  0.0  0.0  0.0 20.0  0.0
 20.0  0.0  0.0  0.0  0.0  0.0  0.0 40.0  0.0  0.0 80.0  0.0  0.0 80.0  0.0
  0.0  0.0  0.0  0.0  0.0  0.0  0.0  0.0  0.0  0.0  0.0  0.0  0.0  0.0  0.0
  0.0  0.0  0.0  0.0  0.0  0.0  0.0  0.0  0.0  0.0  0.0  0.0  0.0  0.0  0.0
  0.0  0.0  0.0  0.0  0.0  0.0  0.0  0.0  0.0  0.0  0.0  0.0  0.0  0.0  0.0
  0.0  0.0  0.0  0.0  0.0  0.0  0.0  0.0  0.0  0.0  0.0  0.0  0.0  0.0  0.0
  0.0  0.0  0.0  0.0  0.0  0.0  0.0  0.0 20.0  0.0  0.0  0.0  0.0  0.0 20.0
 20.0  0.0  0.0  0.0  0.0  0.0  0.0  0.0  0.0  0.0  0.0  0.0  0.0  0.0  0.0
    -13.02     -5.07      1.23     -6.61      5.86  0.0  0.0  0.0  0.0  0.0
                                 t000115_s14_p3_ai-el2ap.txt  9.5  5.7   41
  0.0  0.0  0.0 73.2  0.0  0.0  0.0  0.0  0.0  0.0  0.0  0.0  0.0  0.0  0.0
  0.0  0.0  0.0  0.0  0.0  0.0341.5170.7 48.8  0.0  0.0  0.0  0.0  0.0  0.0
  0.0  0.0 97.6  0.0 24.4  0.0  0.0  0.0  0.0  0.0  0.0  0.0  0.0 24.4 24.4
 24.4  0.0  0.0 24.4  0.0  0.0  0.0 73.2  0.0  0.0 48.8  0.0  0.0122.0  0.0
  0.0  0.0  0.0  0.0  0.0  0.0  0.0  0.0  0.0  0.0  0.0  0.0  0.0  0.0  0.0
  0.0  0.0  0.0  0.0  0.0  0.0  0.0  0.0  0.0  0.0  0.0  0.0  0.0  0.0  0.0
  0.0  0.0  0.0  0.0  0.0  0.0  0.0  0.0  0.0  0.0  0.0  0.0  0.0  0.0  0.0
  0.0  0.0  0.0  0.0  0.0  0.0  0.0  0.0  0.0  0.0  0.0  0.0  0.0  0.0  0.0
  0.0  0.0  0.0  0.0  0.0  0.0  0.0  0.0  0.0 24.4 24.4  0.0  0.0 24.4 48.8
  0.0  0.0  0.0  0.0  0.0  0.0  0.0 24.4  0.0  0.0  0.0  0.0  0.0  0.0  0.0
    -29.76     -5.73      0.58     -6.61     26.70  0.0  0.0  0.0  0.0  0.0
                                 t000115_s14_p4_ai-el2ap.txt 18.0  5.0   99
  0.0  0.0  0.0 80.8  0.0 10.1  0.0  0.0  0.0  0.0  0.0  0.0  0.0  0.0  0.0
  0.0  0.0  0.0 30.3  0.0  0.0353.5 80.8 60.6 10.1  0.0  0.0  0.0  0.0  0.0
  0.0  0.0 80.8  0.0  0.0 20.2  0.0  0.0 10.1  0.0  0.0  0.0 10.1 30.3  0.0
  0.0  0.0  0.0 10.1  0.0  0.0 30.3 30.3  0.0  0.0111.1  0.0  0.0 80.8  0.0
  0.0  0.0  0.0  0.0  0.0  0.0  0.0  0.0  0.0  0.0  0.0  0.0  0.0  0.0  0.0
  0.0  0.0  0.0  0.0  0.0  0.0  0.0  0.0  0.0  0.0  0.0  0.0  0.0  0.0  0.0
  0.0  0.0  0.0  0.0  0.0  0.0  0.0  0.0  0.0  0.0  0.0  0.0  0.0  0.0  0.0
  0.0  0.0  0.0  0.0  0.0  0.0  0.0  0.0  0.0  0.0  0.0  0.0  0.0  0.0  0.0
  0.0  0.0  0.0  0.0  0.0  0.0  0.0 10.1  0.0  0.0 10.1 10.1  0.0  0.0 40.4
 10.1  0.0  0.0  0.0  0.0  0.0  0.0 20.2  0.0  0.0  0.0  0.0 10.1  0.0  0.0
    -15.98     -5.40      5.44     -3.35      7.28  0.0  0.0  0.0  0.0  0.0
                                 t000115_s14_p5_ai-el2ap.txt 25.0  5.6  133
  0.0  0.0  0.0  7.5  0.0  0.0  0.0  0.0  0.0  7.5  0.0  0.0  0.0  0.0  0.0
  0.0  0.0  0.0  7.5  0.0  0.0360.9112.8 90.2 52.6  0.0  0.0  0.0  7.5  0.0
  0.0  0.0120.3  0.0  0.0 30.1  0.0  7.5  0.0  0.0  0.0  0.0  0.0 15.0  0.0
  7.5  0.0  7.5  0.0  7.5  7.5  7.5 22.6  0.0  7.5120.3  0.0  0.0 90.2 15.0
  0.0  0.0  0.0  0.0  0.0  0.0  0.0  0.0  0.0  0.0  0.0  0.0  0.0  0.0  0.0
  0.0  0.0  0.0  0.0  0.0  7.5  0.0  0.0  0.0  0.0  0.0  0.0  0.0  0.0  0.0
  0.0  0.0  0.0  0.0  0.0  0.0  0.0  0.0  0.0  0.0  0.0  0.0  0.0  0.0  0.0
  7.5  0.0  0.0  7.5  0.0  0.0  0.0  0.0  0.0  0.0  0.0  0.0  0.0  0.0  0.0
  0.0  0.0  0.0  0.0  0.0  0.0  0.0  7.5 15.0  7.5 45.1  0.0 30.1  0.0  0.0
 15.0  0.0  0.0  0.0  0.0  0.0 22.6 30.1  7.5 15.0  7.5  0.0  0.0  0.0  0.0
    -29.18     -4.00     12.04     -4.81      1.08  0.0  0.0  0.0  0.0  0.0
                                 t000115_s14_p6_ai-el2ap.txt 27.3  6.0  166
  0.0  0.0  0.0  6.0  0.0  0.0  0.0  0.0  0.0  0.0  0.0  0.0  0.0  0.0  0.0
  0.0  0.0  0.0 18.1  0.0  0.0331.3144.6 72.3 54.2 18.1  0.0  6.0  0.0  0.0
  0.0  6.0108.4  6.0  0.0 12.0  6.0  0.0  0.0  6.0  0.0  6.0  6.0 60.2  0.0
  0.0  0.0  0.0  0.0  0.0  0.0 30.1 60.2  0.0  0.0102.4 18.1  0.0 84.3  0.0
  0.0  0.0  0.0  0.0  0.0  0.0  0.0  0.0  0.0  0.0  0.0  0.0  0.0  0.0  0.0
  0.0  0.0  0.0  0.0  0.0  0.0  0.0  0.0  0.0  0.0  0.0  0.0  0.0  0.0  0.0
  0.0  0.0  0.0  0.0  0.0  0.0  0.0  0.0  0.0  0.0  0.0  0.0  0.0  0.0  0.0
  0.0  0.0  0.0  0.0  0.0  0.0  0.0  0.0  0.0  0.0  0.0  0.0  0.0  0.0  0.0
  0.0  0.0  0.0  0.0  0.0  0.0  0.0  0.0 30.1  0.0  0.0  0.0 12.0  0.0  0.0
 18.1  0.0  0.0  0.0  0.0  0.0  0.0 18.1  6.0  0.0  0.0  0.0  6.0  6.0  0.0
    -28.56     -2.03      8.33     -1.46      9.27  0.0  0.0  0.0  0.0  0.0
                                 t000115_s14_p7_ai-el2ap.txt 17.3  5.9   85
 11.8  0.0  0.0 23.5  0.0  0.0  0.0  0.0  0.0  0.0  0.0  0.0  0.0  0.0  0.0
  0.0  0.0 11.8 11.8  0.0  0.0305.9152.9105.9 47.1  0.0  0.0  0.0  0.0  0.0
 11.8  0.0152.9  0.0  0.0  0.0 23.5  0.0  0.0  0.0  0.0  0.0  0.0 35.3 11.8
  0.0  0.0  0.0  0.0  0.0 11.8 11.8 47.1  0.0 11.8117.6  0.0  0.0105.9  0.0
  0.0  0.0  0.0  0.0  0.0  0.0  0.0  0.0  0.0  0.0  0.0  0.0  0.0  0.0  0.0
  0.0  0.0  0.0  0.0  0.0  0.0  0.0  0.0  0.0  0.0  0.0  0.0  0.0  0.0  0.0
  0.0  0.0  0.0  0.0  0.0  0.0  0.0  0.0  0.0  0.0  0.0  0.0  0.0  0.0  0.0
  0.0  0.0  0.0  0.0  0.0  0.0  0.0  0.0  0.0  0.0  0.0  0.0  0.0  0.0  0.0
  0.0  0.0  0.0  0.0  0.0  0.0  0.0 23.5 23.5 23.5  0.0 35.3 35.3  0.0  0.0
  0.0  0.0  0.0  0.0  0.0  0.0  0.0 11.8  0.0 35.3  0.0 11.8  0.0  0.0  0.0
    -26.19     -4.18     22.29     -6.61     10.77  0.0  0.0  0.0  0.0  0.0
                                 t000115_s14_p8_ai-el2ap.txt  8.5  6.1   46
  0.0  0.0  0.0  0.0  0.0  0.0  0.0  0.0  0.0  0.0  0.0  0.0  0.0  0.0  0.0
  0.0  0.0  0.0 21.7  0.0  0.0413.0152.2 87.0 65.2  0.0  0.0  0.0  0.0  0.0
  0.0  0.0152.2  0.0  0.0  0.0  0.0  0.0  0.0  0.0  0.0  0.0  0.0 21.7  0.0
 21.7  0.0  0.0  0.0  0.0  0.0 21.7 43.5  0.0  0.0130.4  0.0  0.0 87.0  0.0
  0.0  0.0  0.0  0.0  0.0  0.0  0.0  0.0  0.0  0.0  0.0  0.0  0.0  0.0  0.0
  0.0  0.0  0.0  0.0  0.0  0.0  0.0  0.0  0.0  0.0  0.0  0.0  0.0  0.0  0.0
  0.0  0.0  0.0  0.0  0.0  0.0  0.0  0.0  0.0  0.0  0.0  0.0  0.0  0.0  0.0
  0.0  0.0  0.0  0.0  0.0  0.0  0.0  0.0  0.0  0.0  0.0  0.0  0.0  0.0  0.0
  0.0  0.0  0.0  0.0  0.0  0.0  0.0 21.7 65.2  0.0 43.5  0.0  0.0 21.7  0.0
  0.0  0.0  0.0  0.0  0.0 21.7  0.0  0.0  0.0 21.7  0.0  0.0 21.7  0.0  0.0
    -31.68     -3.58     11.54     -6.61      6.68  0.0  0.0  0.0  0.0  0.0
                                 t000115_s14_p9_ai-el2ap.txt 21.5  5.8  125
  0.0  0.0  0.0  0.0  0.0  0.0  0.0  0.0  0.0  0.0  0.0  0.0  0.0  0.0  0.0
  0.0  0.0  0.0  0.0  0.0  0.0416.0152.0 80.0 56.0  0.0  0.0  0.0  0.0  0.0
  0.0  0.0128.0  0.0  0.0  0.0  0.0  0.0  0.0  0.0  0.0  0.0  0.0 16.0  0.0
  8.0  0.0  0.0  0.0  8.0  0.0  0.0 24.0  0.0  0.0 88.0  0.0  0.0 72.0  0.0
  0.0  0.0  0.0  0.0  0.0  0.0  0.0  0.0  0.0  0.0  0.0  0.0  0.0  0.0  0.0
  0.0  0.0  0.0  0.0  0.0  0.0  0.0  0.0  0.0  0.0  0.0  0.0  0.0  0.0  0.0
  0.0  0.0  0.0  0.0  0.0  0.0  0.0  0.0  0.0  0.0  0.0  0.0  0.0  0.0  0.0
  0.0  0.0  0.0  0.0  0.0  0.0  0.0  0.0  0.0  0.0  0.0  0.0  0.0  0.0  0.0
  0.0  0.0  0.0  0.0  0.0  0.0  0.0  8.0 40.0  8.0  8.0  8.0 16.0 16.0  0.0
  8.0  0.0  0.0  0.0  0.0  8.0  8.0 24.0  0.0  0.0  0.0  0.0  8.0  0.0  0.0
    -35.03     -3.89      9.86     -6.61      1.38  0.0  0.0  0.0  0.0  0.0
                                 t000115_s19_p1_ai-el2ap.txt 14.8  5.8   78
 12.8  0.0  0.0 12.8  0.0  0.0  0.0 12.8  0.0  0.0  0.0  0.0  0.0  0.0  0.0
  0.0  0.0  0.0 25.6  0.0  0.0307.7179.5 64.1 64.1  0.0 12.8  0.0  0.0  0.0
  0.0  0.0102.6  0.0  0.0  0.0  0.0  0.0  0.0  0.0  0.0  0.0  0.0 51.3  0.0
  0.0 12.8  0.0  0.0  0.0  0.0 38.5 51.3  0.0  0.0 76.9  0.0  0.0102.6  0.0
  0.0  0.0  0.0  0.0  0.0  0.0  0.0  0.0  0.0  0.0  0.0  0.0  0.0  0.0  0.0
  0.0  0.0  0.0  0.0  0.0  0.0  0.0  0.0  0.0  0.0  0.0  0.0  0.0  0.0  0.0
  0.0  0.0  0.0  0.0  0.0  0.0  0.0  0.0  0.0  0.0  0.0  0.0  0.0  0.0  0.0
  0.0  0.0  0.0  0.0  0.0  0.0  0.0  0.0  0.0  0.0  0.0  0.0  0.0  0.0  0.0
  0.0  0.0  0.0  0.0  0.0  0.0  0.0 12.8 25.6  0.0  0.0  0.0  0.0  0.0  0.0
  0.0  0.0  0.0  0.0  0.0 25.6  0.0  0.0  0.0 38.5  0.0  0.0  0.0  0.0  0.0
    -22.39     -1.15      8.10     -6.61      4.14  0.0  0.0  0.0  0.0  0.0
                                 t000115_s19_p2_ai-el2ap.txt 22.3  6.0  123
  0.0  0.0  0.0  8.1  0.0  0.0  0.0  0.0  0.0  0.0  0.0  0.0  0.0  0.0  0.0
  0.0  0.0  0.0 24.4  0.0  0.0300.8138.2 48.8 65.0  0.0  0.0  0.0  0.0  8.1
  0.0  0.0 81.3  0.0  0.0 40.7  0.0  0.0  0.0  0.0  0.0  8.1  0.0  8.1  0.0
  8.1  0.0  0.0  8.1  8.1  0.0 24.4 16.3  0.0  8.1 81.3  0.0  0.0 65.0  0.0
  0.0  0.0  0.0  0.0  0.0  0.0  0.0  0.0  0.0  0.0  0.0  0.0  0.0  0.0  0.0
  0.0  0.0  0.0  0.0  0.0  0.0  0.0  0.0  0.0  0.0  0.0  0.0  0.0  0.0  0.0
  0.0  0.0  0.0  0.0  0.0  0.0  0.0  0.0  0.0  0.0  0.0  0.0  0.0  0.0  0.0
  0.0  0.0  0.0  0.0  0.0  0.0  0.0  0.0  0.0  0.0  0.0  0.0  0.0  0.0  0.0
  0.0  0.0  0.0  0.0  0.0  0.0  0.0  8.1 16.3  8.1  0.0  8.1  0.0 16.3  0.0
  0.0  0.0  0.0  0.0  0.0  0.0  0.0  0.0  0.0  0.0  0.0  0.0  0.0  0.0  0.0
    -24.95     -3.59      8.37     -3.35      0.23  0.0  0.0  0.0  0.0  0.0
                                 t000115_s19_p3_ai-el2ap.txt  7.8  5.9   33
 30.3  0.0  0.0  0.0  0.0  0.0  0.0  0.0  0.0  0.0  0.0  0.0  0.0  0.0  0.0
  0.0  0.0  0.0  0.0  0.0  0.0454.5212.1 60.6 30.3  0.0  0.0  0.0  0.0  0.0
  0.0  0.0 90.9  0.0  0.0  0.0  0.0  0.0  0.0  0.0  0.0  0.0  0.0  0.0  0.0
  0.0  0.0  0.0  0.0  0.0  0.0  0.0  0.0  0.0  0.0 90.9  0.0  0.0 60.6  0.0
  0.0  0.0  0.0  0.0  0.0  0.0  0.0  0.0  0.0  0.0  0.0  0.0  0.0  0.0  0.0
  0.0  0.0  0.0  0.0  0.0  0.0  0.0  0.0  0.0  0.0  0.0  0.0  0.0  0.0  0.0
  0.0  0.0  0.0  0.0  0.0  0.0  0.0  0.0  0.0  0.0  0.0  0.0  0.0  0.0  0.0
  0.0  0.0  0.0  0.0  0.0  0.0  0.0  0.0  0.0  0.0  0.0  0.0  0.0  0.0  0.0
  0.0  0.0  0.0  0.0  0.0  0.0  0.0  0.0 30.3 30.3  0.0 30.3  0.0 60.6  0.0
  0.0  0.0  0.0  0.0  0.0  0.0  0.0 30.3  0.0  0.0  0.0  0.0 30.3  0.0  0.0
    -34.85     -4.73      7.29     -6.61     -3.63  0.0  0.0  0.0  0.0  0.0
                                  t000115_s2_p1_ai-el2ap.txt  7.3  5.5   32
  0.0  0.0  0.0 31.3  0.0  0.0  0.0  0.0  0.0  0.0  0.0  0.0  0.0  0.0  0.0
  0.0  0.0  0.0  0.0  0.0  0.0468.8156.3 93.8  0.0 31.3  0.0 31.3  0.0  0.0
  0.0  0.0 62.5  0.0  0.0  0.0  0.0  0.0  0.0  0.0  0.0  0.0  0.0  0.0  0.0
  0.0  0.0  0.0  0.0  0.0  0.0  0.0  0.0  0.0  0.0 93.8 31.3  0.0 31.3  0.0
  0.0  0.0  0.0  0.0  0.0  0.0  0.0  0.0  0.0  0.0  0.0  0.0  0.0  0.0  0.0
  0.0  0.0  0.0  0.0  0.0  0.0  0.0  0.0  0.0  0.0  0.0  0.0  0.0  0.0  0.0
  0.0  0.0  0.0  0.0  0.0  0.0  0.0  0.0  0.0  0.0  0.0  0.0  0.0  0.0  0.0
  0.0  0.0  0.0  0.0  0.0  0.0  0.0  0.0  0.0  0.0  0.0  0.0  0.0  0.0  0.0
  0.0  0.0  0.0  0.0  0.0  0.0  0.0  0.0  0.0  0.0 31.3  0.0  0.0  0.0  0.0
  0.0  0.0  0.0  0.0  0.0 31.3  0.0  0.0 31.3  0.0  0.0  0.0  0.0  0.0  0.0
    -35.79      1.45      5.31     -6.61     -3.63  0.0  0.0  0.0  0.0  0.0
                                  t000115_s6_p1_ai-el2ap.txt 12.3  6.4   64
 15.6  0.0  0.0  0.0  0.0  0.0  0.0  0.0  0.0  0.0  0.0  0.0  0.0  0.0  0.0
  0.0  0.0  0.0  0.0  0.0  0.0406.3187.5109.4 46.9  0.0  0.0  0.0  0.0 15.6
  0.0  0.0125.0  0.0  0.0  0.0  0.0  0.0  0.0  0.0  0.0  0.0  0.0 31.3  0.0
  0.0  0.0  0.0  0.0  0.0  0.0  0.0 31.3  0.0 15.6109.4  0.0  0.0 62.5  0.0
  0.0  0.0  0.0  0.0  0.0  0.0  0.0  0.0  0.0  0.0  0.0  0.0  0.0  0.0  0.0
  0.0  0.0  0.0  0.0  0.0  0.0  0.0  0.0  0.0  0.0  0.0  0.0  0.0  0.0  0.0
  0.0  0.0  0.0  0.0  0.0  0.0  0.0  0.0  0.0  0.0  0.0  0.0  0.0  0.0  0.0
  0.0  0.0  0.0  0.0  0.0  0.0  0.0  0.0  0.0  0.0  0.0  0.0  0.0  0.0  0.0
  0.0  0.0  0.0  0.0  0.0  0.0  0.0  0.0 31.3  0.0  0.0 15.6 15.6 31.3 15.6
  0.0  0.0  0.0  0.0  0.0  0.0  0.0 15.6  0.0 31.3  0.0  0.0  0.0  0.0  0.0
    -37.85     -4.19     17.47     -6.61      1.11  0.0  0.0  0.0  0.0  0.0
                                 t000115_s6_p10_ai-el2ap.txt 18.3  6.1   97
 10.3  0.0  0.0 30.9  0.0  0.0  0.0  0.0  0.0  0.0  0.0  0.0  0.0  0.0  0.0
  0.0  0.0  0.0  0.0  0.0  0.0340.2185.6 82.5 41.2  0.0  0.0  0.0  0.0  0.0
  0.0  0.0144.3  0.0  0.0  0.0 20.6  0.0 10.3  0.0  0.0  0.0  0.0 10.3  0.0
  0.0 10.3 10.3  0.0 10.3  0.0 10.3 10.3  0.0  0.0144.3  0.0  0.0 82.5  0.0
  0.0  0.0  0.0  0.0  0.0  0.0  0.0  0.0  0.0  0.0  0.0  0.0  0.0  0.0  0.0
  0.0  0.0  0.0  0.0  0.0 10.3  0.0  0.0  0.0 10.3  0.0  0.0  0.0  0.0  0.0
  0.0  0.0  0.0  0.0 10.3  0.0  0.0  0.0  0.0  0.0  0.0  0.0  0.0  0.0  0.0
 10.3 10.3  0.0 20.6  0.0 10.3 10.3  0.0  0.0  0.0  0.0  0.0  0.0  0.0  0.0
  0.0  0.0  0.0  0.0  0.0  0.0  0.0  0.0 61.9  0.0  0.0  0.0  0.0  0.0 10.3
 10.3  0.0  0.0  0.0  0.0 10.3  0.0  0.0  0.0 10.3 20.6  0.0  0.0  0.0  0.0
    -33.36     -4.37     11.00     -3.28     -2.06  0.0  0.0  0.0  0.0  0.0
                                  t000115_s6_p2_ai-el2ap.txt 17.0  5.5   85
  0.0  0.0  0.0 35.3  0.0  0.0  0.0 23.5  0.0 11.8  0.0  0.0  0.0  0.0  0.0
  0.0  0.0  0.0 23.5  0.0  0.0270.6 82.4 58.8 47.1  0.0  0.0  0.0  0.0 11.8
  0.0  0.0 58.8  0.0  0.0 23.5 11.8  0.0  0.0  0.0 11.8  0.0  0.0 11.8  0.0
 11.8  0.0 11.8  0.0 11.8 11.8 23.5 23.5  0.0 11.8 82.4  0.0  0.0105.9  0.0
  0.0  0.0  0.0  0.0  0.0  0.0  0.0  0.0  0.0  0.0  0.0  0.0  0.0  0.0  0.0
  0.0  0.0  0.0  0.0  0.0 11.8  0.0  0.0  0.0  0.0  0.0  0.0  0.0  0.0  0.0
  0.0  0.0  0.0  0.0  0.0  0.0  0.0  0.0  0.0  0.0  0.0  0.0  0.0  0.0  0.0
 11.8  0.0  0.0 11.8  0.0  0.0  0.0  0.0  0.0  0.0  0.0  0.0  0.0  0.0  0.0
  0.0  0.0  0.0  0.0  0.0  0.0  0.0 11.8 11.8 23.5  0.0 11.8  0.0  0.0  0.0
  0.0  0.0  0.0  0.0  0.0  0.0  0.0  0.0  0.0 23.5  0.0  0.0 23.5  0.0  0.0
    -13.33     -4.18      9.60     -1.00      1.95  0.0  0.0  0.0  0.0  0.0
                                  t000115_s6_p3_ai-el2ap.txt 23.5  5.2  135
  0.0  0.0  0.0 66.7  0.0  0.0  0.0  0.0  0.0 29.6  0.0  0.0  0.0  0.0  0.0
  0.0  0.0  7.4  7.4  0.0  0.0318.5140.7 96.3 14.8  0.0  7.4  0.0  0.0  0.0
  0.0  0.0 88.9  0.0  0.0  7.4  0.0  0.0  0.0  0.0  0.0  0.0  0.0 29.6  7.4
  0.0  0.0  0.0  0.0 22.2  7.4  7.4 37.0  0.0  0.0163.0  0.0  0.0 81.5  0.0
  0.0  0.0  0.0  0.0  0.0  0.0  0.0  0.0  0.0  0.0  0.0  0.0  0.0  0.0  0.0
  0.0  0.0  0.0  0.0  0.0  0.0  0.0  0.0  0.0  0.0  0.0  0.0  0.0  0.0  0.0
  0.0  0.0  0.0  0.0  0.0  0.0  0.0  0.0  0.0  0.0  0.0  0.0  0.0  0.0  0.0
  0.0  0.0  0.0  0.0  0.0  0.0  0.0  0.0  0.0  0.0  0.0  0.0  0.0  0.0  0.0
  0.0  0.0  0.0  0.0  0.0  0.0  0.0  7.4 37.0  0.0 14.8  7.4  0.0 14.8  0.0
  0.0 14.8  0.0  0.0  0.0  7.4  0.0 14.8 14.8  0.0  0.0  0.0  0.0  0.0  0.0
    -21.50     -3.82      6.73     -6.61      6.56  0.0  0.0  7.4  0.0  0.0
                                  t000115_s6_p4_ai-el2ap.txt 30.0  6.1  184
  0.0  0.0  0.0 48.9  0.0  0.0  0.0  0.0  0.0  0.0  0.0  0.0  0.0  0.0  0.0
  0.0  0.0 10.9 32.6  0.0  0.0347.8114.1 81.5 32.6  0.0  5.4  0.0  0.0  0.0
  0.0  0.0 97.8  0.0  0.0 32.6  5.4  0.0  0.0  0.0  0.0  5.4 16.3 27.2  0.0
  5.4 10.9  5.4  5.4 16.3 10.9 43.5 32.6  0.0  0.0108.7  0.0  0.0 87.0  0.0
  0.0  0.0  0.0  0.0  0.0  0.0  0.0  0.0  0.0  0.0  0.0  0.0  0.0  0.0  0.0
  0.0  0.0  0.0  5.4  0.0  0.0  0.0  0.0  0.0  0.0  0.0  0.0  0.0  0.0  0.0
  0.0  0.0  0.0  0.0  0.0  0.0  0.0  0.0  0.0  0.0  0.0  0.0  5.4  0.0  0.0
  5.4  0.0  0.0  5.4  0.0  0.0  0.0  5.4  0.0  0.0  0.0  0.0  0.0  0.0  0.0
  0.0  0.0  0.0  0.0  0.0  0.0  0.0 16.3 27.2  5.4 10.9 10.9  0.0  5.4  0.0
  5.4  0.0  0.0  0.0  0.0  5.4 10.9  0.0  0.0 21.7  0.0  0.0  0.0  0.0  0.0
    -21.32     -3.61      5.91     -4.43     12.43  0.0  0.0  0.0  0.0  0.0
                                  t000115_s6_p5_ai-el2ap.txt 17.5  6.4   85
  0.0  0.0  0.0 70.6  0.0  0.0 11.8  0.0  0.0  0.0  0.0  0.0  0.0  0.0  0.0
  0.0  0.0 23.5 11.8  0.0  0.0282.4141.2129.4 35.3  0.0 11.8  0.0  0.0  0.0
  0.0  0.0 82.4  0.0  0.0 35.3  0.0  0.0  0.0  0.0  0.0  0.0 11.8  0.0 11.8
  0.0 11.8  0.0  0.0  0.0 23.5 23.5 11.8  0.0  0.0141.2  0.0  0.0117.6 11.8
  0.0  0.0  0.0  0.0  0.0  0.0  0.0  0.0  0.0  0.0  0.0  0.0  0.0  0.0  0.0
  0.0  0.0  0.0  0.0  0.0  0.0  0.0  0.0  0.0  0.0  0.0  0.0  0.0  0.0  0.0
  0.0  0.0  0.0  0.0  0.0  0.0  0.0  0.0  0.0  0.0 11.8  0.0  0.0  0.0  0.0
  0.0  0.0  0.0  0.0  0.0  0.0  0.0 11.8  0.0  0.0  0.0  0.0  0.0  0.0  0.0
  0.0  0.0  0.0  0.0  0.0  0.0  0.0  0.0 23.5  0.0  0.0  0.0  0.0 11.8  0.0
 11.8 11.8  0.0  0.0  0.0 11.8  0.0  0.0 11.8  0.0  0.0 11.8  0.0  0.0  0.0
    -21.41     -2.30      4.69     -6.61     12.78  0.0  0.0  0.0  0.0  0.0
                                  t000115_s6_p6_ai-el2ap.txt 10.3  7.0   43
  0.0  0.0  0.0 46.5  0.0  0.0  0.0  0.0  0.0  0.0  0.0  0.0  0.0  0.0  0.0
  0.0  0.0  0.0  0.0  0.0  0.0325.6186.0 93.0 69.8  0.0 23.3  0.0  0.0  0.0
  0.0  0.0139.5  0.0  0.0 23.3  0.0  0.0  0.0  0.0  0.0  0.0  0.0 23.3  0.0
  0.0  0.0  0.0  0.0 23.3  0.0  0.0 23.3  0.0  0.0139.5  0.0  0.0116.3  0.0
 23.3  0.0  0.0  0.0  0.0  0.0  0.0  0.0  0.0  0.0  0.0  0.0  0.0  0.0  0.0
  0.0  0.0  0.0  0.0  0.0  0.0  0.0  0.0  0.0  0.0  0.0  0.0  0.0  0.0  0.0
  0.0  0.0  0.0  0.0  0.0  0.0  0.0  0.0  0.0  0.0  0.0  0.0  0.0  0.0  0.0
  0.0  0.0  0.0  0.0  0.0  0.0  0.0  0.0  0.0  0.0  0.0  0.0  0.0  0.0  0.0
  0.0  0.0  0.0  0.0  0.0  0.0  0.0  0.0 46.5  0.0  0.0  0.0  0.0 23.3  0.0
  0.0 23.3  0.0  0.0  0.0  0.0  0.0  0.0  0.0 23.3  0.0  0.0 23.3  0.0  0.0
    -36.17      1.04      9.34     -6.61     -0.10  0.0  0.0  0.0  0.0  0.0
                                  t000115_s6_p7_ai-el2ap.txt 24.5  6.3  124
  0.0  0.0  0.0 24.2  0.0  0.0  0.0  8.1  0.0  8.1  0.0  0.0  0.0  0.0  0.0
  0.0  0.0  0.0  0.0  0.0  0.0338.7121.0121.0 48.4  8.1  0.0  8.1  0.0  8.1
  0.0  0.0121.0  0.0  0.0  8.1  8.1  0.0  0.0  0.0  8.1  0.0  8.1  8.1  8.1
  0.0  0.0  8.1  0.0  0.0  8.1  0.0 16.1  0.0  8.1137.1  8.1  0.0 96.8  8.1
  0.0  0.0  0.0  0.0  0.0  0.0  0.0  0.0  0.0  0.0  0.0  0.0  0.0  0.0  0.0
  0.0  0.0  0.0  8.1  0.0  0.0  0.0  0.0  0.0  8.1  0.0  0.0  0.0  0.0  0.0
  0.0  0.0  0.0  0.0  0.0  0.0  0.0  8.1  0.0  0.0  0.0  0.0  0.0  0.0  0.0
  8.1  8.1  0.0 16.1  0.0  8.1  8.1  0.0  0.0  0.0  0.0  0.0  0.0  0.0  0.0
  0.0  0.0  0.0  0.0  0.0  0.0  0.0  0.0 32.3 16.1 32.3  8.1  0.0 16.1  0.0
  0.0  0.0  0.0  0.0  0.0  8.1  0.0  0.0  8.1 16.1  8.1  0.0 32.3  0.0  0.0
    -31.42     -2.28     12.95     -2.76      8.84  0.0  0.0  0.0  0.0  0.0
                                  t000115_s6_p8_ai-el2ap.txt 10.8  6.4   50
  0.0  0.0  0.0 60.0  0.0  0.0  0.0  0.0  0.0  0.0 20.0  0.0  0.0  0.0  0.0
  0.0  0.0 40.0  0.0  0.0  0.0320.0100.0220.0 20.0  0.0  0.0  0.0  0.0  0.0
  0.0  0.0120.0  0.0  0.0 20.0  0.0  0.0  0.0 20.0  0.0  0.0 20.0  0.0  0.0
  0.0  0.0  0.0  0.0 20.0 40.0 20.0  0.0  0.0  0.0240.0  0.0  0.0100.0  0.0
  0.0  0.0  0.0  0.0  0.0  0.0  0.0  0.0  0.0  0.0  0.0  0.0  0.0  0.0  0.0
  0.0  0.0  0.0  0.0  0.0  0.0  0.0  0.0  0.0  0.0  0.0  0.0  0.0  0.0  0.0
  0.0  0.0  0.0  0.0  0.0  0.0  0.0  0.0  0.0  0.0  0.0  0.0  0.0  0.0  0.0
  0.0  0.0  0.0  0.0  0.0  0.0  0.0  0.0  0.0  0.0  0.0  0.0  0.0  0.0  0.0
  0.0  0.0  0.0  0.0  0.0  0.0  0.0 40.0 40.0  0.0  0.0  0.0 20.0  0.0  0.0
  0.0 20.0  0.0  0.0  0.0 40.0  0.0 20.0  0.0  0.0  0.0  0.0  0.0  0.0  0.0
    -24.12     -5.07      8.17      2.49      8.87  0.0  0.0  0.0  0.0  0.0
                                  t000115_s6_p9_ai-el2ap.txt  8.8  6.9   46
  0.0  0.0  0.0 43.5  0.0  0.0  0.0  0.0  0.0  0.0  0.0  0.0  0.0  0.0  0.0
  0.0  0.0  0.0 43.5  0.0  0.0434.8130.4152.2  0.0  0.0  0.0  0.0  0.0  0.0
  0.0  0.0217.4  0.0  0.0  0.0 21.7  0.0  0.0  0.0  0.0  0.0  0.0 21.7  0.0
  0.0  0.0  0.0  0.0  0.0  0.0 43.5 21.7  0.0  0.0152.2  0.0 21.7 65.2  0.0
  0.0  0.0  0.0  0.0  0.0  0.0  0.0  0.0  0.0  0.0  0.0  0.0  0.0  0.0  0.0
  0.0  0.0  0.0  0.0  0.0  0.0  0.0  0.0  0.0  0.0  0.0  0.0  0.0  0.0  0.0
  0.0  0.0  0.0  0.0  0.0  0.0  0.0  0.0  0.0 21.7  0.0  0.0  0.0  0.0  0.0
  0.0  0.0  0.0  0.0  0.0  0.0 21.7  0.0  0.0  0.0  0.0  0.0  0.0  0.0  0.0
  0.0  0.0  0.0  0.0  0.0  0.0  0.0  0.0 87.0  0.0 65.2  0.0  0.0  0.0  0.0
  0.0  0.0  0.0  0.0  0.0 43.5  0.0  0.0 21.7  0.0  0.0  0.0  0.0  0.0  0.0
    -31.01     -5.73     16.07     -6.61     -0.33  0.0  0.0  0.0  0.0  0.0
                                  t000115_s8_p1_ai-el2ap.txt  5.5  5.6   23
  0.0  0.0  0.0 87.0  0.0  0.0  0.0  0.0  0.0  0.0  0.0  0.0  0.0  0.0  0.0
  0.0  0.0  0.0  0.0  0.0  0.0260.9130.4 87.0  0.0  0.0  0.0  0.0  0.0  0.0
  0.0  0.0 87.0  0.0  0.0  0.0  0.0  0.0  0.0  0.0  0.0  0.0  0.0 43.5 43.5
  0.0  0.0  0.0  0.0 43.5  0.0  0.0 87.0  0.0  0.0130.4  0.0  0.0130.4  0.0
  0.0  0.0  0.0  0.0  0.0  0.0  0.0  0.0  0.0  0.0  0.0  0.0  0.0  0.0  0.0
  0.0  0.0  0.0  0.0  0.0  0.0  0.0  0.0  0.0  0.0  0.0  0.0  0.0  0.0  0.0
  0.0  0.0  0.0  0.0  0.0  0.0  0.0  0.0  0.0  0.0  0.0  0.0  0.0  0.0  0.0
  0.0  0.0  0.0  0.0  0.0  0.0  0.0  0.0  0.0  0.0  0.0  0.0  0.0  0.0  0.0
  0.0  0.0  0.0  0.0  0.0  0.0  0.0  0.0  0.0  0.0  0.0  0.0  0.0  0.0  0.0
  0.0  0.0  0.0  0.0  0.0  0.0  0.0  0.0  0.0  0.0  0.0  0.0  0.0  0.0  0.0
    -27.30     -5.73      7.01     -6.61     36.41  0.0  0.0  0.0  0.0  0.0
                                  t000115_s8_p2_ai-el2ap.txt 11.5  6.9   54
  0.0  0.0  0.0 92.6  0.0  0.0  0.0  0.0  0.0  0.0  0.0  0.0  0.0  0.0  0.0
  0.0  0.0  0.0  0.0  0.0  0.0314.8111.1129.6  0.0  0.0  0.0  0.0  0.0 18.5
  0.0  0.0148.1  0.0  0.0 37.0 18.5  0.0  0.0  0.0  0.0  0.0 18.5  0.0 18.5
  0.0  0.0  0.0 18.5 18.5  0.0  0.0 18.5  0.0 18.5203.7  0.0  0.0111.1  0.0
  0.0  0.0  0.0  0.0  0.0  0.0  0.0  0.0  0.0  0.0  0.0  0.0  0.0  0.0  0.0
  0.0  0.0  0.0  0.0  0.0  0.0  0.0  0.0  0.0  0.0  0.0  0.0  0.0  0.0  0.0
  0.0  0.0  0.0  0.0  0.0 18.5  0.0  0.0  0.0  0.0  0.0  0.0  0.0  0.0  0.0
  0.0  0.0  0.0  0.0  0.0 18.5 18.5  0.0  0.0  0.0  0.0  0.0  0.0  0.0  0.0
  0.0  0.0  0.0  0.0  0.0  0.0  0.0  0.0  0.0 18.5 37.0  0.0  0.0  0.0  0.0
  0.0 18.5  0.0  0.0  0.0  0.0 18.5 18.5  0.0  0.0  0.0  0.0 37.0 18.5  0.0
    -33.50     -5.73     18.42     -6.61     22.19  0.0  0.0  0.0  0.0  0.0
                                  t000115_s8_p3_ai-el2ap.txt  7.5  5.1   36
  0.0  0.0  0.0 27.8  0.0  0.0  0.0  0.0  0.0  0.0  0.0  0.0  0.0  0.0  0.0
  0.0  0.0  0.0  0.0  0.0  0.0361.1222.2 83.3  0.0  0.0  0.0  0.0  0.0  0.0
  0.0  0.0 55.6  0.0  0.0 27.8  0.0  0.0  0.0  0.0  0.0  0.0  0.0  0.0  0.0
  0.0  0.0  0.0 27.8  0.0  0.0  0.0  0.0  0.0  0.0111.1  0.0  0.0 55.6  0.0
  0.0  0.0  0.0  0.0  0.0  0.0  0.0  0.0  0.0  0.0  0.0  0.0  0.0  0.0  0.0
  0.0  0.0  0.0  0.0  0.0  0.0  0.0  0.0  0.0  0.0  0.0  0.0  0.0  0.0  0.0
  0.0  0.0  0.0  0.0  0.0  0.0  0.0  0.0  0.0  0.0  0.0  0.0  0.0  0.0  0.0
  0.0  0.0  0.0  0.0  0.0  0.0  0.0  0.0  0.0  0.0  0.0  0.0  0.0  0.0  0.0
  0.0  0.0  0.0  0.0  0.0  0.0  0.0  0.0  0.0  0.0  0.0  0.0  0.0  0.0 27.8
  0.0 27.8  0.0  0.0  0.0  0.0  0.0  0.0  0.0  0.0  0.0  0.0  0.0  0.0  0.0
    -34.08     -5.73      3.25     -6.61     -3.63  0.0  0.0  0.0  0.0  0.0
                                  t000115_s8_p4_ai-el2ap.txt 10.5  5.9   50
  0.0  0.0  0.0 80.0  0.0  0.0  0.0  0.0  0.0  0.0  0.0  0.0  0.0  0.0  0.0
  0.0  0.0  0.0 20.0  0.0  0.0300.0180.0 80.0  0.0 20.0 40.0  0.0  0.0  0.0
  0.0  0.0100.0  0.0  0.0 20.0  0.0  0.0  0.0  0.0  0.0  0.0  0.0  0.0  0.0
  0.0  0.0  0.0 20.0  0.0  0.0 20.0  0.0  0.0  0.0 80.0 20.0  0.0 80.0  0.0
 20.0  0.0  0.0  0.0  0.0  0.0  0.0  0.0  0.0  0.0  0.0  0.0  0.0  0.0  0.0
  0.0  0.0  0.0  0.0  0.0  0.0  0.0  0.0  0.0  0.0  0.0  0.0  0.0  0.0  0.0
  0.0  0.0  0.0  0.0  0.0  0.0  0.0  0.0  0.0  0.0  0.0  0.0  0.0  0.0  0.0
  0.0  0.0  0.0  0.0  0.0  0.0  0.0  0.0  0.0  0.0  0.0  0.0  0.0  0.0  0.0
  0.0  0.0  0.0  0.0  0.0  0.0  0.0  0.0 20.0  0.0 20.0 40.0  0.0  0.0  0.0
  0.0  0.0  0.0  0.0  0.0  0.0 20.0  0.0  0.0 20.0  0.0  0.0  0.0  0.0  0.0
    -26.74      2.85      6.78     -6.61     -3.63 20.0  0.0  0.0  0.0  0.0
                                  t000115_s8_p5_ai-el2ap.txt 19.0  6.1  102
  0.0  0.0  0.0 39.2  0.0  0.0  0.0  0.0  0.0  0.0  0.0  0.0  0.0  0.0  0.0
  0.0  0.0  0.0 29.4  0.0  0.0362.7186.3 88.2 29.4  0.0 19.6  9.8  0.0  0.0
  0.0  9.8 98.0  0.0  0.0  9.8  0.0  0.0  0.0  0.0  0.0  9.8  0.0 19.6  0.0
  0.0  0.0  9.8  0.0  9.8  0.0 39.2 19.6  0.0  0.0117.6  0.0  0.0 88.2  9.8
  0.0  0.0  0.0  0.0  0.0  0.0  0.0  0.0  0.0  0.0  0.0  0.0  0.0  0.0  0.0
  0.0  0.0  0.0  9.8  0.0  0.0  0.0  0.0  0.0  0.0  0.0  0.0  0.0  0.0  0.0
  0.0  0.0  0.0  0.0  0.0  0.0  0.0  0.0  0.0  0.0  0.0  0.0  0.0  0.0  0.0
  9.8  0.0  0.0  9.8  0.0  0.0  0.0  0.0  0.0  0.0  0.0  0.0  0.0  0.0  0.0
  0.0  0.0  0.0  0.0  0.0  0.0  0.0  9.8 19.6  9.8  9.8 29.4  9.8  0.0  9.8
  0.0  9.8  0.0  0.0  0.0  9.8  9.8  0.0  9.8  9.8  0.0  0.0  0.0  0.0  0.0
    -28.84      0.83     10.86     -2.68     -0.66  0.0  0.0  0.0  0.0  0.0
                                  t000115_s8_p6_ai-el2ap.txt 16.3  5.9   84
  0.0  0.0  0.0 71.4  0.0  0.0  0.0  0.0  0.0  0.0  0.0  0.0  0.0  0.0  0.0
  0.0  0.0  0.0  0.0  0.0  0.0404.8178.6 83.3  0.0  0.0  0.0  0.0  0.0  0.0
  0.0  0.0190.5  0.0  0.0  0.0  0.0  0.0  0.0  0.0 11.9  0.0  0.0 11.9  0.0
  0.0  0.0  0.0  0.0  0.0 11.9  0.0 11.9  0.0  0.0 95.2  0.0  0.0 71.4 11.9
  0.0  0.0  0.0  0.0  0.0  0.0  0.0  0.0  0.0  0.0  0.0  0.0  0.0  0.0  0.0
  0.0  0.0  0.0  0.0  0.0  0.0  0.0  0.0  0.0  0.0  0.0  0.0  0.0  0.0  0.0
  0.0  0.0  0.0  0.0  0.0  0.0  0.0  0.0  0.0  0.0  0.0  0.0  0.0  0.0  0.0
  0.0  0.0  0.0  0.0  0.0  0.0  0.0  0.0  0.0  0.0  0.0  0.0  0.0  0.0  0.0
  0.0  0.0  0.0  0.0  0.0  0.0  0.0 23.8 47.6  0.0  0.0 11.9  0.0  0.0 11.9
 23.8 11.9  0.0  0.0  0.0 11.9 11.9 23.8  0.0  0.0 11.9  0.0  0.0  0.0  0.0
    -34.14     -5.73     14.20     -0.94     -1.82  0.0  0.0 11.9  0.0  0.0
                                  t000115_s8_p7_ai-el2ap.txt  8.3  6.5   36
  0.0  0.0  0.0 27.8  0.0  0.0  0.0  0.0  0.0  0.0  0.0  0.0  0.0  0.0  0.0
  0.0  0.0  0.0  0.0  0.0  0.0361.1166.7 83.3 27.8  0.0 27.8  0.0  0.0  0.0
  0.0  0.0138.9  0.0  0.0 27.8  0.0  0.0  0.0  0.0  0.0  0.0  0.0 55.6  0.0
  0.0  0.0 27.8  0.0  0.0  0.0  0.0 55.6  0.0  0.0 83.3  0.0  0.0111.1  0.0
  0.0  0.0  0.0  0.0  0.0  0.0  0.0  0.0  0.0  0.0  0.0  0.0  0.0  0.0  0.0
  0.0  0.0  0.0  0.0  0.0  0.0  0.0  0.0  0.0  0.0  0.0  0.0  0.0  0.0  0.0
  0.0  0.0  0.0  0.0  0.0  0.0  0.0  0.0  0.0  0.0  0.0  0.0  0.0  0.0  0.0
  0.0  0.0  0.0  0.0  0.0  0.0  0.0  0.0  0.0  0.0  0.0  0.0  0.0  0.0  0.0
  0.0  0.0  0.0  0.0  0.0  0.0  0.0  0.0111.1  0.0  0.0  0.0  0.0  0.0  0.0
  0.0  0.0  0.0  0.0  0.0  0.0  0.0  0.0  0.0  0.0  0.0  0.0 27.8  0.0  0.0
    -35.23      0.53      9.04     -6.61      4.79  0.0  0.0  0.0  0.0  0.0
                                  t000115_s8_p8_ai-el2ap.txt 12.0  6.1   57
  0.0  0.0  0.0 52.6  0.0  0.0  0.0  0.0  0.0 35.1  0.0  0.0  0.0  0.0  0.0
  0.0  0.0  0.0 17.5  0.0  0.0350.9 70.2140.4  0.0  0.0  0.0  0.0  0.0  0.0
  0.0 17.5157.9  0.0  0.0 17.5 17.5  0.0  0.0  0.0  0.0  0.0  0.0  0.0  0.0
  0.0  0.0  0.0  0.0  0.0  0.0 35.1  0.0  0.0  0.0157.9  0.0  0.0 70.2  0.0
 17.5  0.0  0.0  0.0  0.0  0.0  0.0  0.0  0.0  0.0  0.0  0.0  0.0  0.0  0.0
  0.0  0.0  0.0  0.0  0.0  0.0  0.0 17.5  0.0  0.0  0.0  0.0  0.0  0.0  0.0
  0.0  0.0  0.0  0.0  0.0  0.0  0.0  0.0  0.0  0.0  0.0  0.0  0.0  0.0  0.0
  0.0 17.5  0.0 17.5  0.0  0.0  0.0  0.0  0.0  0.0  0.0  0.0  0.0  0.0  0.0
  0.0  0.0  0.0  0.0  0.0  0.0  0.0  0.0 52.6 17.5 17.5  0.0  0.0 17.5  0.0
 17.5  0.0  0.0  0.0  0.0  0.0 17.5  0.0  0.0  0.0  0.0  0.0 17.5  0.0  0.0
    -24.02     -5.73     17.44     -6.61     -3.63  0.0  0.0 17.5  0.0  0.0
                                  t000115_s8_p9_ai-el2ap.txt 12.3  5.9   62
  0.0  0.0  0.0  0.0  0.0  0.0  0.0  0.0 16.1  0.0  0.0  0.0  0.0  0.0  0.0
  0.0  0.0  0.0  0.0  0.0  0.0338.7193.5129.0 32.3  0.0  0.0  0.0  0.0 16.1
  0.0  0.0129.0  0.0  0.0  0.0 16.1  0.0  0.0  0.0  0.0  0.0  0.0 16.1  0.0
  0.0  0.0  0.0  0.0  0.0  0.0  0.0 16.1  0.0 16.1129.0 16.1  0.0 64.5  0.0
  0.0  0.0  0.0  0.0  0.0  0.0  0.0  0.0  0.0  0.0  0.0  0.0  0.0  0.0  0.0
  0.0  0.0  0.0  0.0  0.0  0.0  0.0  0.0  0.0  0.0  0.0  0.0  0.0  0.0  0.0
  0.0 16.1  0.0  0.0  0.0  0.0  0.0  0.0  0.0  0.0  0.0  0.0  0.0  0.0  0.0
  0.0  0.0  0.0  0.0 16.1  0.0 16.1  0.0  0.0  0.0  0.0  0.0  0.0  0.0  0.0
  0.0  0.0  0.0  0.0  0.0  0.0  0.0  0.0 64.5  0.0 16.1  0.0 16.1  0.0 16.1
 16.1  0.0  0.0  0.0  0.0  0.0  0.0 16.1  0.0 16.1  0.0  0.0 16.1  0.0  0.0
    -36.74     -4.67     18.00     -6.61     -1.18  0.0  0.0  0.0  0.0  0.0
                                  t000116_s1_p1_ai-el2ap.txt  5.8  5.3   29
  0.0  0.0  0.0  0.0  0.0  0.0  0.0  0.0  0.0  0.0  0.0  0.0  0.0  0.0  0.0
  0.0  0.0  0.0  0.0  0.0  0.0517.2241.4 69.0  0.0  0.0  0.0  0.0  0.0  0.0
  0.0  0.0137.9  0.0  0.0  0.0  0.0  0.0  0.0  0.0  0.0  0.0  0.0  0.0  0.0
  0.0  0.0  0.0  0.0  0.0  0.0  0.0  0.0  0.0  0.0 69.0  0.0  0.0  0.0  0.0
  0.0  0.0  0.0  0.0  0.0  0.0  0.0  0.0  0.0  0.0  0.0  0.0  0.0  0.0  0.0
  0.0  0.0  0.0  0.0  0.0  0.0  0.0  0.0  0.0  0.0  0.0  0.0  0.0  0.0  0.0
  0.0  0.0  0.0  0.0  0.0  0.0  0.0  0.0  0.0  0.0  0.0  0.0  0.0  0.0  0.0
  0.0  0.0  0.0  0.0  0.0  0.0  0.0  0.0  0.0  0.0  0.0  0.0  0.0  0.0  0.0
  0.0  0.0  0.0  0.0  0.0  0.0  0.0  0.0  0.0  0.0 34.5  0.0  0.0  0.0 34.5
  0.0  0.0  0.0  0.0  0.0  0.0  0.0  0.0  0.0  0.0  0.0  0.0  0.0  0.0  0.0
    -39.61     -5.73     10.55     -6.61     -3.63  0.0  0.0  0.0  0.0  0.0
                                  t000116_s1_p2_ai-el2ap.txt  4.0  6.1   16
  0.0  0.0  0.0 62.5  0.0  0.0 62.5  0.0  0.0  0.0  0.0  0.0  0.0  0.0  0.0
  0.0  0.0  0.0  0.0  0.0  0.0375.0 62.5187.5  0.0  0.0  0.0  0.0  0.0  0.0
  0.0  0.0 62.5  0.0  0.0  0.0  0.0  0.0  0.0  0.0  0.0  0.0  0.0  0.0  0.0
 62.5  0.0  0.0  0.0  0.0  0.0  0.0 62.5  0.0  0.0187.5  0.0  0.0187.5  0.0
  0.0  0.0  0.0  0.0  0.0  0.0  0.0  0.0  0.0  0.0  0.0  0.0  0.0  0.0  0.0
  0.0  0.0  0.0  0.0  0.0  0.0  0.0  0.0  0.0  0.0  0.0  0.0  0.0  0.0  0.0
  0.0  0.0  0.0  0.0  0.0  0.0  0.0  0.0  0.0  0.0  0.0  0.0  0.0  0.0  0.0
  0.0  0.0  0.0  0.0  0.0  0.0  0.0  0.0  0.0  0.0  0.0  0.0  0.0  0.0  0.0
  0.0  0.0  0.0  0.0  0.0  0.0  0.0  0.0 62.5  0.0250.0  0.0 62.5  0.0  0.0
  0.0  0.0  0.0  0.0  0.0  0.0 62.5 62.5  0.0  0.0  0.0  0.0  0.0  0.0  0.0
    -22.00     -5.73      5.31     -6.61     16.53  0.0  0.0  0.0  0.0  0.0
                                  t000116_s1_p3_ai-el2ap.txt  9.8  5.5   43
  0.0  0.0  0.0  0.0  0.0  0.0  0.0  0.0 23.3  0.0  0.0  0.0  0.0  0.0  0.0
  0.0  0.0  0.0 23.3  0.0  0.0372.1 93.0116.3 46.5  0.0  0.0  0.0  0.0  0.0
  0.0  0.0 46.5  0.0  0.0  0.0 23.3  0.0  0.0  0.0  0.0  0.0  0.0  0.0  0.0
  0.0  0.0  0.0  0.0  0.0  0.0 23.3  0.0  0.0  0.0116.3 23.3  0.0 93.0  0.0
  0.0  0.0  0.0  0.0  0.0  0.0  0.0  0.0  0.0  0.0  0.0  0.0  0.0  0.0  0.0
  0.0  0.0  0.0  0.0  0.0  0.0  0.0  0.0  0.0  0.0  0.0  0.0  0.0  0.0  0.0
  0.0  0.0  0.0  0.0  0.0  0.0  0.0  0.0  0.0  0.0  0.0  0.0  0.0  0.0  0.0
  0.0  0.0  0.0  0.0  0.0  0.0  0.0  0.0  0.0  0.0  0.0  0.0  0.0  0.0  0.0
  0.0  0.0  0.0  0.0  0.0  0.0  0.0  0.0  0.0 23.3 93.0  0.0  0.0 23.3  0.0
  0.0  0.0  0.0  0.0  0.0 23.3  0.0 46.5  0.0 23.3  0.0  0.0  0.0  0.0  0.0
    -27.06     -4.20      4.20     -6.61     -3.63  0.0  0.0  0.0  0.0  0.0
                                  t000116_s1_p4_ai-el2ap.txt 12.3  5.3   72
  0.0  0.0  0.0 13.9  0.0  0.0  0.0  0.0  0.0  0.0  0.0  0.0  0.0  0.0  0.0
  0.0  0.0  0.0  0.0  0.0  0.0347.2180.6 69.4 69.4  0.0  0.0  0.0  0.0  0.0
  0.0  0.0 97.2  0.0  0.0  0.0  0.0  0.0  0.0  0.0  0.0  0.0  0.0 41.7  0.0
  0.0  0.0  0.0  0.0  0.0  0.0  0.0 41.7  0.0  0.0 69.4  0.0  0.0 69.4  0.0
  0.0  0.0  0.0  0.0  0.0  0.0  0.0  0.0  0.0  0.0  0.0  0.0  0.0  0.0  0.0
  0.0  0.0  0.0  0.0  0.0  0.0  0.0  0.0  0.0  0.0  0.0  0.0  0.0  0.0  0.0
  0.0  0.0  0.0  0.0  0.0  0.0  0.0  0.0  0.0  0.0 13.9  0.0  0.0  0.0  0.0
  0.0  0.0  0.0  0.0  0.0  0.0  0.0 13.9  0.0  0.0  0.0  0.0  0.0  0.0  0.0
  0.0  0.0  0.0  0.0  0.0  0.0  0.0  0.0  0.0  0.0 69.4  0.0  0.0 27.8  0.0
  0.0  0.0  0.0  0.0  0.0 13.9  0.0  0.0  0.0 13.9  0.0  0.0  0.0  0.0  0.0
    -32.00     -3.44      7.73     -6.61      2.69  0.0  0.0  0.0  0.0  0.0
                                  t000116_s1_p5_ai-el2ap.txt 10.5  5.6   53
 18.9  0.0  0.0132.1  0.0  0.0  0.0  0.0  0.0 18.9  0.0  0.0  0.0  0.0  0.0
  0.0  0.0  0.0  0.0  0.0  0.0396.2113.2 75.5  0.0  0.0  0.0  0.0  0.0  0.0
  0.0  0.0132.1  0.0  0.0  0.0 18.9  0.0  0.0  0.0  0.0  0.0  0.0  0.0  0.0
  0.0  0.0 18.9  0.0 18.9  0.0  0.0  0.0  0.0  0.0 94.3  0.0  0.0150.9  0.0
  0.0  0.0  0.0  0.0  0.0  0.0  0.0  0.0  0.0  0.0  0.0  0.0  0.0  0.0  0.0
  0.0  0.0  0.0 18.9  0.0  0.0 18.9  0.0  0.0  0.0  0.0  0.0  0.0  0.0  0.0
  0.0  0.0 18.9  0.0  0.0  0.0  0.0  0.0  0.0  0.0  0.0  0.0  0.0  0.0  0.0
 37.7  0.0  0.0 37.7 18.9  0.0 18.9  0.0  0.0  0.0  0.0  0.0  0.0  0.0  0.0
  0.0  0.0  0.0  0.0  0.0  0.0  0.0  0.0 18.9  0.0150.9  0.0  0.0 18.9 18.9
  0.0  0.0  0.0  0.0  0.0  0.0 18.9 18.9  0.0  0.0 18.9  0.0 37.7  0.0  0.0
    -24.06     -5.73     10.15     -6.61     -3.63  0.0  0.0  0.0  0.0  0.0
                                 t000116_s14_p1_ai-el2ap.txt 23.8  5.4  146
 13.7  0.0  0.0 34.2  0.0  0.0  0.0  0.0  0.0  0.0  0.0  0.0  0.0  0.0  0.0
  0.0  0.0  0.0  6.8  0.0  0.0383.6164.4 82.2 27.4  0.0  0.0  6.8  0.0  6.8
  6.8  0.0102.7  0.0  6.8  6.8  0.0  0.0  0.0  0.0  0.0  6.8  0.0 27.4  0.0
  6.8  0.0  0.0  0.0  0.0  0.0  6.8 34.2  0.0 13.7109.6  0.0  0.0 75.3  6.8
  0.0  0.0  0.0  0.0  0.0  0.0  0.0  0.0  0.0  0.0  0.0  0.0  0.0  0.0  0.0
  0.0  0.0  0.0  0.0  0.0  0.0  0.0  0.0  0.0  0.0  0.0  0.0  0.0  0.0  0.0
  0.0  0.0  0.0  0.0  0.0  0.0  0.0  0.0  0.0  0.0  0.0  0.0  0.0  0.0  0.0
  0.0  0.0  0.0  0.0  0.0  0.0  0.0  0.0  0.0  0.0  0.0  0.0  0.0  0.0  0.0
  0.0  0.0  0.0  0.0  0.0  0.0  0.0  0.0  6.8  6.8 75.3  6.8  6.8 13.7  6.8
  0.0  0.0  6.8  0.0  0.0  0.0 13.7  0.0  0.0 20.5  0.0  0.0 13.7  0.0  0.0
    -30.12     -3.56     15.36     -3.87      2.73  6.8  0.0  0.0  0.0  0.0
                                 t000116_s14_p2_ai-el2ap.txt 11.3  5.6   55
 36.4  0.0  0.0 36.4  0.0  0.0  0.0  0.0  0.0  0.0  0.0  0.0  0.0  0.0  0.0
  0.0  0.0  0.0  0.0  0.0  0.0309.1218.2 72.7 36.4  0.0  0.0  0.0  0.0 18.2
  0.0  0.0 90.9  0.0  0.0 18.2  0.0  0.0  0.0  0.0  0.0  0.0  0.0 18.2  0.0
 36.4  0.0  0.0  0.0  0.0  0.0  0.0 54.5  0.0 18.2109.1  0.0  0.0109.1  0.0
  0.0  0.0  0.0  0.0  0.0  0.0  0.0  0.0  0.0  0.0  0.0  0.0  0.0  0.0  0.0
  0.0  0.0  0.0  0.0  0.0  0.0  0.0  0.0  0.0  0.0  0.0  0.0  0.0  0.0  0.0
  0.0  0.0  0.0  0.0  0.0  0.0  0.0  0.0  0.0  0.0  0.0  0.0  0.0  0.0  0.0
  0.0  0.0  0.0  0.0  0.0  0.0  0.0  0.0  0.0  0.0  0.0  0.0  0.0  0.0  0.0
  0.0  0.0  0.0  0.0  0.0  0.0  0.0  0.0 18.2 18.2 18.2  0.0 18.2  0.0  0.0
  0.0  0.0  0.0  0.0  0.0  0.0  0.0  0.0  0.0 36.4  0.0  0.0 18.2  0.0  0.0
    -29.21     -4.53     15.34     -6.61     10.86  0.0  0.0  0.0  0.0  0.0
                                 t000116_s14_p4_ai-el2ap.txt 13.8  5.6   78
  0.0  0.0  0.0 51.3  0.0  0.0  0.0  0.0  0.0  0.0  0.0 12.8  0.0  0.0  0.0
  0.0  0.0  0.0 12.8  0.0  0.0256.4128.2 51.3 38.5  0.0  0.0  0.0  0.0  0.0
 12.8  0.0 64.1  0.0  0.0 64.1 12.8  0.0  0.0  0.0  0.0 12.8 38.5 51.3 12.8
  0.0  0.0  0.0  0.0 12.8  0.0 25.6 64.1  0.0 12.8 76.9  0.0  0.0102.6  0.0
  0.0  0.0  0.0  0.0  0.0  0.0  0.0  0.0  0.0  0.0  0.0  0.0  0.0  0.0  0.0
  0.0  0.0  0.0  0.0  0.0  0.0  0.0  0.0  0.0  0.0  0.0  0.0  0.0  0.0  0.0
  0.0  0.0  0.0  0.0  0.0  0.0  0.0  0.0  0.0  0.0 25.6  0.0  0.0  0.0  0.0
  0.0  0.0  0.0  0.0  0.0  0.0  0.0 25.6  0.0  0.0  0.0  0.0  0.0  0.0  0.0
  0.0  0.0  0.0  0.0  0.0  0.0  0.0  0.0  0.0 12.8 12.8  0.0 12.8 25.6  0.0
  0.0  0.0  0.0  0.0  0.0 25.6  0.0  0.0 12.8 12.8  0.0 12.8  0.0  0.0  0.0
    -15.97     -4.46     13.44     -1.48     38.04  0.0  0.0  0.0  0.0  0.0
                                 t000116_s14_p5_ai-el2ap.txt 19.0  5.4  121
  8.3  0.0  0.0  0.0  0.0  0.0  0.0  0.0 24.8  0.0  0.0  0.0  0.0 16.5  0.0
  0.0  0.0  0.0 16.5  0.0 24.8363.6148.8 41.3 57.9  0.0  0.0  0.0  0.0  0.0
  0.0  0.0 74.4  0.0  8.3 24.8 16.5  0.0  0.0  0.0  0.0  8.3  8.3  8.3  0.0
  0.0  0.0  0.0  0.0  0.0  0.0 16.5  8.3  0.0  0.0 49.6 24.8  0.0 99.2 16.5
  0.0  0.0  0.0  0.0  0.0  0.0  0.0  0.0  0.0  0.0  0.0  0.0  0.0  0.0  0.0
  0.0  0.0  0.0  0.0  0.0  0.0  0.0  0.0  0.0  0.0  0.0  0.0  0.0  0.0  0.0
  0.0  8.3  0.0  0.0  0.0  0.0  0.0  0.0  0.0  8.3  0.0  0.0  0.0  0.0  0.0
  0.0  0.0  0.0  0.0  8.3  0.0 16.5  0.0  0.0  0.0  0.0  0.0  0.0  0.0  0.0
  0.0  0.0  0.0  0.0  0.0  0.0  0.0  0.0 41.3  8.3  0.0 16.5 16.5 57.9  0.0
  0.0  0.0  0.0  0.0  0.0  8.3  0.0 24.8  0.0 24.8  8.3  0.0  8.3  0.0  0.0
     -7.87     -3.82      2.30     -3.30      2.79  0.0  0.0  0.0  0.0  0.0
                                 t000116_s14_p6_ai-el2ap.txt 22.3  5.6  131
 15.3  0.0  0.0 15.3  0.0  0.0  0.0  0.0 22.9 15.3  0.0  0.0  0.0  0.0  0.0
  0.0  0.0  0.0  0.0  0.0  0.0335.9129.8 84.0 30.5  0.0  7.6  0.0  0.0  0.0
  0.0  0.0 84.0  7.6  7.6  0.0 15.3  0.0  0.0  0.0  0.0  0.0  0.0  7.6  0.0
  0.0  0.0  0.0  0.0  7.6  0.0  0.0  7.6  0.0  0.0106.9 22.9  0.0122.1 15.3
  0.0  0.0  0.0  0.0  0.0  0.0  0.0  0.0  0.0  0.0  0.0  0.0  0.0  0.0  0.0
  0.0  0.0  0.0  0.0  0.0  0.0  0.0  0.0  0.0  0.0  0.0  0.0  0.0  0.0  0.0
  0.0  0.0  0.0  0.0  0.0  0.0  0.0  0.0  0.0  0.0  0.0  0.0  0.0  0.0  0.0
  0.0  0.0  0.0  0.0  0.0  0.0  0.0  0.0  0.0  0.0  0.0  0.0  0.0  0.0  0.0
  0.0  0.0  0.0  0.0  0.0  0.0  0.0  0.0  7.6  0.0 76.3  0.0  0.0 15.3  0.0
  0.0  0.0  0.0  0.0  0.0 15.3  0.0 30.5  7.6 15.3  0.0  0.0 15.3  0.0  0.0
    -26.89     -3.26      2.38     -6.61     -2.47  0.0  0.0  0.0  0.0  0.0
                                 t000116_s14_p7_ai-el2ap.txt 13.8  5.4   81
  0.0  0.0  0.0 37.0  0.0  0.0  0.0  0.0  0.0 12.3  0.0  0.0  0.0  0.0  0.0
  0.0  0.0 24.7 12.3  0.0  0.0358.0172.8 61.7 61.7  0.0  0.0  0.0  0.0  0.0
  0.0  0.0 61.7  0.0  0.0 24.7  0.0  0.0  0.0  0.0  0.0  0.0 12.3 37.0  0.0
  0.0 12.3 12.3  0.0  0.0 24.7 24.7 37.0  0.0  0.0 61.7  0.0  0.0 98.8 12.3
  0.0  0.0  0.0  0.0  0.0  0.0  0.0  0.0  0.0  0.0  0.0  0.0  0.0  0.0  0.0
  0.0  0.0  0.0  0.0 12.3  0.0  0.0  0.0  0.0  0.0  0.0  0.0  0.0  0.0  0.0
  0.0  0.0  0.0  0.0  0.0  0.0  0.0  0.0  0.0  0.0  0.0  0.0  0.0  0.0  0.0
 12.3  0.0  0.0 12.3  0.0  0.0  0.0  0.0  0.0  0.0  0.0  0.0  0.0  0.0  0.0
  0.0  0.0  0.0  0.0  0.0  0.0  0.0  0.0 37.0  0.0 61.7 24.7 12.3 12.3  0.0
  0.0  0.0  0.0  0.0  0.0  0.0  0.0 12.3  0.0 49.4  0.0  0.0 12.3  0.0  0.0
    -19.88     -3.70      3.86     -6.61      9.70  0.0  0.0  0.0  0.0  0.0
                                 t000116_s14_p8_ai-el2ap.txt 23.5  5.8  111
  0.0  0.0  0.0 18.0  0.0  0.0  0.0  0.0  9.0  0.0  0.0  0.0  0.0  0.0  0.0
  0.0  0.0  9.0  9.0  0.0  0.0396.4108.1 54.1 72.1  0.0  0.0  0.0  0.0  0.0
  0.0  0.0126.1  0.0  0.0 18.0  9.0  0.0  0.0  0.0  0.0  0.0  9.0 36.0  0.0
  0.0  0.0  0.0  0.0  0.0  9.0  9.0 36.0  0.0  0.0 99.1  9.0  0.0 90.1  9.0
  0.0  0.0  0.0  0.0  0.0  0.0  0.0  0.0  0.0  0.0  0.0  0.0  0.0  0.0  0.0
  0.0  0.0  0.0  0.0  0.0  0.0  0.0  0.0  0.0  0.0  0.0  0.0  0.0  0.0  0.0
  0.0  0.0  0.0  0.0  0.0  0.0  0.0  0.0  0.0  0.0  9.0  0.0  0.0  0.0  0.0
  0.0  0.0  0.0  0.0  0.0  0.0  0.0  9.0  0.0  0.0  0.0  0.0  0.0  0.0  0.0
  0.0  0.0  0.0  0.0  0.0  0.0  0.0  0.0 18.0 18.0 45.0  0.0  9.0  9.0  0.0
  0.0  0.0  0.0  0.0  0.0  0.0  0.0 18.0  0.0  9.0  0.0  0.0  0.0  0.0  0.0
    -26.17     -3.36      8.71     -6.61      7.46  0.0  0.0  0.0  0.0  0.0
                                 t000116_s19_p1_ai-el2ap.txt 26.8  5.7  191
 15.7  0.0  0.0 15.7  0.0  0.0  0.0  0.0  0.0  0.0  0.0  0.0  0.0  0.0  0.0
  0.0  0.0  0.0 31.4  0.0  0.0387.4120.4 89.0 47.1  0.0  0.0  0.0  0.0  0.0
  0.0  0.0 36.6  0.0  5.2 10.5  0.0  0.0  0.0  0.0  0.0  0.0  0.0 31.4  5.2
 10.5  0.0  0.0  0.0  0.0  0.0 31.4 47.1  0.0  0.0 94.2  0.0  0.0 94.2 15.7
  0.0  0.0  0.0  0.0  0.0  0.0  0.0  0.0  0.0  0.0  0.0  0.0  0.0  0.0  0.0
  0.0  0.0  0.0  0.0  0.0  0.0  0.0  0.0  0.0  0.0  0.0  0.0  0.0  0.0  0.0
  0.0  0.0  0.0  0.0  0.0  0.0  0.0  0.0  0.0  0.0  0.0  0.0  0.0  0.0  0.0
  0.0  0.0  0.0  0.0  0.0  0.0  0.0  0.0  0.0  0.0  0.0  0.0  0.0  0.0  0.0
  0.0  0.0  0.0  0.0  0.0  0.0  0.0  5.2  5.2  0.0 36.6  5.2  0.0 41.9  0.0
  0.0  0.0  0.0  0.0  0.0 10.5  0.0 20.9  0.0 31.4  0.0  5.2 20.9  0.0  0.0
    -24.81     -4.18      1.38     -6.61      8.54  0.0  0.0  0.0  0.0  0.0
                                 t000116_s19_p2_ai-el2ap.txt 21.0  6.1  116
  0.0  0.0  0.0 17.2  0.0  0.0  0.0  0.0  8.6  0.0  0.0  0.0  0.0  0.0  0.0
  0.0  0.0  0.0  8.6  0.0  0.0353.4112.1112.1 51.7  0.0  0.0  0.0  0.0  0.0
  0.0  0.0 77.6  0.0  0.0 60.3 17.2  0.0  8.6  0.0  0.0  8.6 17.2  8.6  0.0
  0.0  0.0  0.0  0.0  8.6  0.0  8.6  8.6  0.0  0.0155.2  8.6  0.0 86.2  8.6
  0.0  0.0  0.0  0.0  0.0  0.0  0.0  0.0  0.0  0.0  0.0  0.0  0.0  0.0  0.0
  0.0  0.0  0.0  0.0  0.0  0.0  0.0  0.0  0.0  0.0  0.0  0.0  0.0  0.0  0.0
  0.0  0.0  0.0  0.0  0.0  0.0  0.0  0.0  0.0  0.0  0.0  0.0  0.0  0.0  0.0
  0.0  0.0  0.0  0.0  0.0  0.0  0.0  0.0  0.0  0.0  0.0  0.0  0.0  0.0  0.0
  0.0  0.0  0.0  0.0  0.0  0.0  0.0  0.0  0.0  0.0 60.3 25.9  0.0 25.9  0.0
  0.0  0.0  8.6  0.0  0.0  8.6  8.6 17.2  0.0 17.2  0.0  0.0  0.0  8.6  0.0
    -31.52     -4.03      2.93     -0.38      8.46  0.0  0.0  0.0  0.0  0.0
                                 t000116_s19_p3_ai-el2ap.txt 17.3  5.4  109
  9.2  9.2  0.0 18.3  0.0  0.0  0.0  9.2  0.0  0.0  0.0  0.0  0.0  0.0  0.0
  0.0  0.0  0.0  9.2  0.0  0.0376.1183.5 55.0 36.7  0.0  0.0  9.2  0.0  0.0
  0.0  0.0110.1  0.0  9.2  9.2  0.0  0.0  9.2  0.0  0.0  0.0  0.0 27.5  0.0
  9.2  0.0  9.2  0.0  0.0  0.0  9.2 36.7  0.0  0.0 55.0  0.0  0.0 82.6  9.2
  0.0  0.0  0.0  0.0  0.0  0.0  0.0  0.0  0.0  0.0  0.0  0.0  0.0  0.0  0.0
  0.0  0.0  0.0 18.3  0.0  0.0  0.0  0.0  0.0  0.0  0.0  0.0  0.0  0.0  0.0
  0.0  0.0  0.0  0.0  0.0  0.0  0.0  0.0  0.0  0.0  0.0  0.0  0.0  0.0  0.0
 18.3  0.0  0.0 18.3  0.0  0.0  0.0  0.0  0.0  0.0  0.0  0.0  0.0  0.0  0.0
  0.0  0.0  0.0  0.0  0.0  0.0  0.0  0.0 36.7  0.0 27.5  0.0  0.0 45.9  0.0
  0.0  0.0  0.0  0.0  0.0  0.0  0.0 18.3  9.2  0.0  0.0  0.0  0.0  0.0  0.0
    -25.13     -2.82      5.40     -3.65      3.50  0.0  0.0  9.2  0.0  0.0
                                 t000116_s19_p4_ai-el2ap.txt 29.8  5.8  190
 15.8  0.0  0.0 21.1  0.0  0.0  0.0  5.3  0.0  0.0  0.0  0.0  0.0  0.0  0.0
  0.0  0.0  5.3 10.5  0.0  0.0310.5147.4 89.5 68.4  0.0  5.3  0.0  0.0  5.3
  0.0  0.0 47.4 10.5  5.3 36.8  0.0  0.0  0.0  0.0  0.0  0.0 15.8  5.3  0.0
  5.3  0.0  5.3  0.0  0.0  5.3 10.5 10.5  0.0  5.3100.0  0.0  0.0105.3 15.8
  0.0  0.0  0.0  0.0  0.0  0.0  0.0  0.0  0.0  0.0  0.0  0.0  0.0  0.0  0.0
  0.0  0.0  0.0  0.0  0.0  0.0  5.3  0.0  0.0  0.0  0.0  0.0  0.0  0.0  0.0
  0.0  0.0  0.0  0.0  0.0  0.0  0.0  0.0  0.0  0.0  0.0  0.0  0.0  0.0  0.0
  5.3  0.0  0.0  5.3  0.0  0.0  0.0  0.0  0.0  0.0  0.0  0.0  0.0  0.0  0.0
  0.0  0.0  0.0  0.0  0.0  0.0  0.0  0.0  5.3  0.0 15.8  0.0  0.0 42.1  0.0
  0.0  0.0 10.5  0.0  0.0 10.5  0.0 15.8  0.0  5.3  5.3  0.0 15.8  0.0  0.0
    -25.40     -2.46      0.25     -6.61      8.74  0.0  0.0  0.0  0.0  0.0
                                 t000116_s19_p5_ai-el2ap.txt 27.8  5.9  204
  0.0  0.0  0.0  0.0  0.0  0.0  0.0  9.8  0.0  0.0  0.0  0.0  0.0  0.0  0.0
  0.0  0.0  0.0 24.5  0.0  0.0436.3147.1 78.4 53.9  0.0  4.9  0.0  0.0  4.9
  0.0  0.0 83.3  4.9  0.0 24.5  0.0  0.0  0.0  0.0  0.0  4.9  9.8  9.8  0.0
  0.0  0.0  9.8  4.9  9.8  0.0 24.5  9.8  0.0  4.9 88.2  0.0  0.0 68.6  4.9
  0.0  0.0  0.0  0.0  0.0  0.0  0.0  0.0  0.0  0.0  0.0  0.0  0.0  0.0  0.0
  0.0  0.0  0.0  0.0  0.0  4.9  0.0  0.0  0.0  0.0  0.0  0.0  0.0  0.0  0.0
  0.0  0.0  0.0  0.0  0.0  0.0  0.0  0.0  0.0  0.0  0.0  0.0  0.0  0.0  0.0
  4.9  0.0  0.0  4.9  0.0  0.0  0.0  0.0  0.0  0.0  0.0  0.0  0.0  0.0  0.0
  0.0  0.0  0.0  0.0  0.0  0.0  0.0  4.9 44.1  4.9 24.5 24.5  0.0 19.6  0.0
  0.0  0.0  0.0  0.0  0.0  9.8  0.0  9.8  0.0 19.6  0.0  9.8  9.8  0.0  0.0
    -28.17     -3.01      6.42     -4.64      3.99  0.0  0.0  0.0  0.0  0.0
                                  t000116_s2_p1_ai-el2ap.txt  4.3  6.2   18
  0.0  0.0  0.0  0.0  0.0  0.0  0.0  0.0  0.0  0.0  0.0  0.0  0.0  0.0  0.0
  0.0  0.0  0.0  0.0  0.0  0.0666.7111.1  0.0 55.6  0.0  0.0  0.0  0.0  0.0
  0.0  0.0 55.6  0.0  0.0  0.0  0.0  0.0  0.0  0.0  0.0  0.0  0.0  0.0 55.6
  0.0  0.0  0.0  0.0  0.0  0.0  0.0 55.6  0.0  0.0  0.0  0.0  0.0 55.6  0.0
  0.0  0.0  0.0  0.0  0.0  0.0  0.0  0.0  0.0  0.0  0.0  0.0  0.0  0.0  0.0
  0.0  0.0  0.0  0.0  0.0  0.0  0.0  0.0  0.0  0.0  0.0  0.0  0.0  0.0  0.0
  0.0  0.0  0.0  0.0  0.0  0.0  0.0  0.0  0.0  0.0  0.0  0.0  0.0  0.0  0.0
  0.0  0.0  0.0  0.0  0.0  0.0  0.0  0.0  0.0  0.0  0.0  0.0  0.0  0.0  0.0
  0.0  0.0  0.0  0.0  0.0  0.0  0.0  0.0 55.6  0.0  0.0  0.0  0.0  0.0  0.0
  0.0  0.0  0.0  0.0  0.0  0.0  0.0  0.0  0.0  0.0  0.0  0.0  0.0  0.0  0.0
    -37.38     -3.90      4.83     -6.61     39.11  0.0  0.0  0.0  0.0  0.0
                                  t000116_s6_p1_ai-el2ap.txt 28.0  5.7  160
  0.0  0.0  0.0 43.8  0.0  0.0  0.0  6.3  0.0  0.0  0.0  0.0  0.0  0.0  0.0
  6.3  0.0 18.8  6.3  0.0  0.0393.8168.8100.0 12.5  0.0  0.0  0.0  0.0  0.0
  0.0  0.0 93.8  0.0  0.0 25.0  0.0  0.0  0.0  0.0  0.0  0.0  0.0 12.5  6.3
  0.0  0.0  0.0  0.0  6.3 18.8  6.3 18.8  0.0  0.0112.5  0.0  0.0 62.5  0.0
  6.3  0.0  0.0  0.0  0.0  0.0  0.0  0.0  0.0  0.0  0.0  0.0  0.0  0.0  0.0
  0.0  0.0  0.0  0.0  0.0  0.0  0.0  0.0  0.0  0.0  0.0  0.0  0.0  0.0  0.0
  0.0  0.0  0.0  0.0  0.0  0.0  0.0  0.0  0.0  0.0  6.3  0.0  0.0  0.0  0.0
  0.0  0.0  0.0  0.0  0.0  0.0  0.0  6.3  0.0  0.0  0.0  0.0  0.0  0.0  0.0
  0.0  0.0  0.0  0.0  0.0  0.0  0.0  0.0 12.5  0.0 56.3  0.0  6.3 12.5  6.3
  0.0  0.0  0.0  0.0  0.0  0.0  6.3  0.0  0.0  6.3  6.3  0.0 12.5  0.0  0.0
    -24.10     -5.32      6.06     -6.61      3.08  0.0  0.0  0.0  0.0  0.0
                                  t000116_s6_p2_ai-el2ap.txt 18.0  5.6   95
 21.1  0.0  0.0 73.7  0.0  0.0  0.0  0.0  0.0  0.0  0.0  0.0  0.0  0.0  0.0
  0.0  0.0  0.0  0.0  0.0  0.0326.3136.8 73.7 21.1 10.5 10.5  0.0  0.0  0.0
  0.0  0.0105.3  0.0  0.0 52.6 10.5  0.0 10.5  0.0  0.0  0.0  0.0 10.5  0.0
  0.0  0.0  0.0  0.0  0.0  0.0  0.0 10.5  0.0  0.0136.8 10.5 10.5105.3  0.0
 21.1  0.0  0.0  0.0  0.0  0.0  0.0  0.0  0.0  0.0  0.0  0.0  0.0  0.0  0.0
  0.0  0.0  0.0  0.0 10.5  0.0  0.0  0.0  0.0 10.5  0.0  0.0  0.0  0.0  0.0
 10.5  0.0  0.0  0.0  0.0  0.0  0.0  0.0  0.0  0.0  0.0  0.0  0.0  0.0  0.0
 10.5 10.5  0.0 21.1 10.5  0.0 10.5  0.0  0.0  0.0  0.0  0.0  0.0  0.0  0.0
  0.0  0.0  0.0  0.0  0.0  0.0  0.0  0.0  0.0  0.0115.8  0.0  0.0 10.5 10.5
  0.0  0.0  0.0  0.0  0.0  0.0  0.0  0.0  0.0 31.6 10.5 10.5  0.0  0.0  0.0
    -27.00     -2.54      5.29     -3.21     -2.03  0.0  0.0  0.0  0.0  0.0
                                  t000116_s6_p3_ai-el2ap.txt 17.5  5.9   95
 10.5 10.5  0.0 84.2  0.0  0.0  0.0  0.0  0.0  0.0 10.5  0.0  0.0  0.0  0.0
  0.0  0.0 21.1 10.5  0.0  0.0357.9189.5 52.6  0.0  0.0  0.0 10.5  0.0 10.5
  0.0  0.0136.8  0.0  0.0 21.1  0.0  0.0  0.0  0.0  0.0 10.5 10.5  0.0  0.0
  0.0  0.0 21.1  0.0 21.1 21.1 10.5  0.0  0.0 10.5105.3  0.0  0.0 84.2  0.0
 10.5  0.0  0.0  0.0  0.0  0.0  0.0  0.0  0.0  0.0  0.0  0.0  0.0  0.0  0.0
  0.0  0.0  0.0 10.5  0.0  0.0  0.0  0.0  0.0  0.0  0.0  0.0  0.0  0.0  0.0
  0.0  0.0  0.0  0.0  0.0  0.0  0.0  0.0  0.0  0.0  0.0  0.0  0.0  0.0  0.0
 10.5  0.0  0.0 10.5  0.0  0.0  0.0  0.0  0.0  0.0  0.0  0.0  0.0  0.0  0.0
  0.0  0.0  0.0  0.0  0.0  0.0  0.0  0.0  0.0  0.0 73.7  0.0  0.0  0.0  0.0
  0.0  0.0  0.0  0.0  0.0  0.0  0.0 21.1 10.5 10.5  0.0  0.0  0.0  0.0  0.0
    -18.31     -3.78     14.54     -2.39      2.95  0.0  0.0  0.0  0.0  0.0
                                  t000116_s6_p4_ai-el2ap.txt 33.3  6.1  214
  0.0  0.0  0.0 42.1  0.0  0.0  0.0  0.0  0.0  4.7  0.0  0.0  0.0  0.0  0.0
  0.0  0.0  4.7  9.3  0.0  0.0364.5172.9116.8  4.7  0.0 23.4  4.7  0.0  0.0
  0.0  9.3144.9  0.0  4.7 14.0  0.0  0.0  0.0  0.0  0.0  0.0  0.0  9.3  4.7
  9.3  4.7  9.3  0.0  0.0  4.7 23.4 23.4  0.0  0.0130.8  0.0  0.0 70.1  4.7
  0.0  0.0  0.0  0.0  0.0  0.0  0.0  0.0  0.0  0.0  0.0  0.0  0.0  0.0  0.0
  0.0  0.0  0.0  4.7  0.0  0.0  0.0  0.0  0.0  0.0  0.0  0.0  0.0  0.0  0.0
  0.0  0.0  0.0  0.0  0.0  0.0  0.0  0.0  0.0  0.0  0.0  0.0  0.0  0.0  0.0
  4.7  0.0  0.0  4.7  0.0  0.0  0.0  0.0  0.0  0.0  0.0  0.0  0.0  0.0  0.0
  0.0  0.0  0.0  0.0  0.0  0.0  0.0  0.0 18.7  4.7 56.1  0.0  0.0  4.7  4.7
  0.0  0.0  0.0  0.0  0.0  0.0  4.7  0.0 14.0  0.0  0.0  0.0  9.3  0.0  0.0
    -31.94     -0.22     12.32     -6.61      4.40  0.0  0.0  0.0  0.0  0.0
                                  t000116_s6_p5_ai-el2ap.txt 28.8  5.6  147
  6.8  0.0  0.0 95.2  0.0  0.0  6.8  0.0  0.0  0.0  0.0  6.8  0.0  0.0  0.0
  0.0  0.0  6.8  0.0  0.0  0.0306.1129.3 68.0 20.4 13.6  6.8  0.0  0.0  6.8
  0.0  0.0 88.4  6.8  0.0 47.6 13.6  6.8  0.0  0.0  0.0 13.6 13.6 13.6  6.8
  0.0  0.0  6.8 13.6  0.0 13.6  6.8 20.4  0.0  6.8 95.2 13.6  6.8136.1  6.8
  6.8  0.0  0.0  0.0  0.0  0.0  0.0  0.0  0.0  0.0  0.0  0.0  0.0  0.0  0.0
  0.0  0.0  0.0  0.0  0.0  6.8  6.8  0.0  0.0  0.0  0.0  0.0  0.0  0.0  0.0
  0.0  6.8  0.0  6.8  0.0  0.0  0.0  0.0  0.0  0.0 13.6  0.0  0.0  0.0  0.0
 13.6  0.0  0.0 13.6 13.6  0.0 13.6 13.6  0.0  0.0  0.0  0.0  0.0  0.0  0.0
  0.0  0.0  0.0  0.0  0.0  0.0  0.0  0.0 27.2  6.8 54.4  0.0 13.6 13.6  0.0
  0.0  0.0  0.0  0.0  0.0  0.0 13.6 13.6  6.8 20.4  6.8 20.4  6.8  0.0  0.0
    -19.23     -3.14      5.87      0.46     12.17  0.0  0.0  0.0  0.0  0.0
                                  t000116_s6_p6_ai-el2ap.txt 18.3  5.6   95
 10.5  0.0  0.0 42.1  0.0  0.0  0.0 10.5  0.0  0.0  0.0  0.0  0.0  0.0  0.0
  0.0  0.0  0.0  0.0  0.0  0.0305.3115.8 84.2 21.1  0.0 21.1  0.0  0.0  0.0
  0.0  0.0 84.2 10.5  0.0 10.5 31.6  0.0  0.0  0.0 10.5  0.0 10.5 10.5  0.0
 10.5 10.5 21.1 21.1 10.5 10.5 10.5 21.1  0.0  0.0 94.7  0.0  0.0115.8  0.0
  0.0  0.0  0.0  0.0  0.0  0.0  0.0  0.0  0.0  0.0  0.0  0.0  0.0  0.0  0.0
  0.0  0.0  0.0 10.5  0.0 10.5  0.0  0.0  0.0  0.0  0.0  0.0  0.0  0.0  0.0
  0.0  0.0  0.0  0.0  0.0  0.0  0.0  0.0 10.5  0.0  0.0  0.0  0.0  0.0  0.0
 21.1  0.0  0.0 21.1  0.0 10.5 10.5  0.0  0.0  0.0  0.0  0.0  0.0  0.0  0.0
  0.0  0.0  0.0  0.0  0.0  0.0  0.0  0.0 10.5  0.0 42.1  0.0  0.0 10.5  0.0
  0.0  0.0 10.5  0.0  0.0  0.0 10.5  0.0 10.5 21.1  0.0 10.5 21.1  0.0  0.0
    -25.56     -0.99      3.22     -1.59      7.94  0.0  0.0  0.0  0.0  0.0
                                  t000116_s6_p7_ai-el2ap.txt 22.0  5.7  127
  0.0  0.0  0.0 70.9  0.0  0.0  7.9  0.0  0.0  0.0  7.9  0.0  0.0  0.0  0.0
  0.0  0.0 31.5  7.9  0.0  0.0338.6133.9 86.6  0.0  0.0  0.0  0.0  0.0  7.9
  0.0  0.0133.9  0.0  0.0 39.4  0.0  0.0  7.9  0.0  0.0  7.9  0.0 23.6  0.0
  7.9  0.0  0.0  0.0 15.7 31.5  7.9 31.5  0.0  7.9118.1  0.0  0.0 94.5  7.9
 23.6  0.0  0.0  0.0  0.0  0.0  0.0  0.0  0.0  0.0  0.0  0.0  0.0  0.0  0.0
  0.0  0.0  0.0  0.0  0.0  0.0  0.0  0.0  0.0  0.0  0.0  0.0  0.0  0.0  0.0
  0.0  0.0  0.0  0.0  0.0  0.0  0.0  0.0  0.0  0.0  0.0  0.0  0.0  0.0  0.0
  0.0  0.0  0.0  0.0  0.0  0.0  0.0  0.0  0.0  0.0  0.0  0.0  0.0  0.0  0.0
  0.0  0.0  0.0  0.0  0.0  0.0  0.0  0.0 15.7 23.6 47.2  0.0  0.0  7.9  7.9
  7.9  0.0  7.9  0.0  0.0  7.9 15.7 15.7  7.9  7.9  7.9  0.0 15.7  0.0  0.0
    -17.15     -5.73     11.97     -0.92      2.49  0.0  0.0  0.0  0.0  0.0
                                  t000116_s8_p1_ai-el2ap.txt 20.3  5.6  116
  8.6  0.0  0.0 25.9  0.0  0.0  0.0  0.0  0.0  8.6  0.0  0.0  0.0  0.0  0.0
  0.0  0.0  0.0  8.6  0.0  0.0413.8129.3103.4 25.9  0.0  8.6  0.0  0.0  0.0
  0.0  8.6 86.2  0.0  0.0  0.0 17.2  0.0  0.0  0.0  0.0  0.0  0.0  8.6  8.6
  0.0  0.0  0.0  0.0  0.0  0.0 17.2 17.2  0.0  0.0103.4  0.0  0.0 77.6  8.6
  0.0  0.0  0.0  0.0  0.0  0.0  0.0  0.0  0.0  0.0  0.0  0.0  0.0  0.0  0.0
  0.0  0.0  0.0  0.0  0.0  0.0  0.0  0.0  0.0  0.0  0.0  0.0  0.0  0.0  0.0
  0.0  0.0  0.0  0.0  0.0  0.0  0.0  0.0  0.0  0.0  0.0  0.0  0.0  0.0  0.0
  0.0  0.0  0.0  0.0  0.0  0.0  0.0  0.0  0.0  0.0  0.0  0.0  0.0  0.0  0.0
  0.0  0.0  0.0  0.0  0.0  0.0  0.0  0.0 34.5  0.0 86.2  0.0  0.0  0.0  8.6
 17.2  0.0  0.0  0.0  0.0  0.0  0.0  0.0  0.0 17.2  0.0  0.0  8.6  0.0  0.0
    -30.25     -3.22     10.15     -6.61      4.31  0.0  0.0  0.0  0.0  0.0
                                  t000116_s8_p2_ai-el2ap.txt 22.0  5.3  129
  0.0  0.0  0.0  7.8  0.0  0.0  0.0  7.8  0.0  7.8  0.0  0.0  0.0  0.0  0.0
  0.0  0.0  0.0  7.8  0.0  0.0348.8162.8108.5 31.0  0.0  0.0  0.0  0.0  0.0
  7.8  7.8 69.8  0.0  0.0 23.3  0.0  0.0  0.0  0.0  0.0  0.0 15.5  7.8  0.0
 15.5  0.0  0.0  7.8  0.0  0.0 15.5 23.3  0.0  7.8124.0  0.0  7.8 54.3  7.8
  0.0  0.0  0.0  0.0  0.0  0.0  0.0  0.0  0.0  0.0  0.0  0.0  0.0  0.0  0.0
  0.0  0.0  0.0  0.0  0.0  0.0  0.0  0.0  0.0  0.0  0.0  0.0  0.0  0.0  0.0
  0.0  0.0  0.0  0.0  0.0  0.0  0.0  0.0  0.0  0.0  0.0  0.0  0.0  0.0  0.0
  0.0  0.0  0.0  0.0  0.0  0.0  0.0  0.0  0.0  0.0  0.0  0.0  0.0  0.0  0.0
  0.0  0.0  0.0  0.0  0.0  0.0  0.0  0.0  0.0  0.0 31.0  0.0  0.0  0.0 15.5
  7.8  0.0  0.0  0.0  0.0  0.0  0.0  0.0  0.0  7.8  0.0  0.0  0.0  0.0  0.0
    -29.14     -4.71     14.42     -6.61     12.24  0.0  0.0  0.0  0.0  0.0
                                  t000116_s8_p3_ai-el2ap.txt 24.3  6.0  136
  0.0  0.0  0.0 51.5  0.0  0.0  0.0  0.0  0.0  0.0  0.0  0.0  0.0  0.0  0.0
  0.0  0.0 14.7  7.4  0.0  0.0455.9154.4 58.8 14.7  0.0 14.7  0.0  0.0  7.4
  7.4  0.0125.0  0.0  0.0 22.1  7.4  0.0  0.0  0.0  0.0  7.4  0.0 14.7  0.0
  0.0  0.0  0.0  0.0  0.0 14.7  7.4 14.7  0.0 14.7 73.5  0.0  0.0 80.9  0.0
  0.0  0.0  0.0  0.0  0.0  0.0  0.0  0.0  0.0  0.0  0.0  0.0  0.0  0.0  0.0
  0.0  0.0  0.0  0.0  0.0  0.0  0.0  0.0  0.0  0.0  0.0  0.0  0.0  0.0  0.0
  0.0  0.0  0.0  0.0  7.4  0.0  0.0  0.0  0.0  0.0  0.0  0.0  0.0  0.0  0.0
  0.0  0.0  0.0  0.0  0.0  7.4  7.4  0.0  0.0  0.0  0.0  0.0  0.0  0.0  0.0
  0.0  0.0  0.0  0.0  0.0  0.0  0.0  0.0  7.4  0.0 58.8  0.0  7.4  7.4  0.0
  0.0  0.0  0.0  0.0  0.0  7.4  7.4 14.7  0.0  7.4  0.0  0.0  7.4  0.0  0.0
    -28.61     -2.42     18.76     -3.66     -1.40  0.0  0.0  7.4  0.0  0.0
                                  t000116_s8_p4_ai-el2ap.txt 14.8  5.7   85
 11.8  0.0  0.0  0.0  0.0  0.0  0.0  0.0  0.0  0.0  0.0  0.0  0.0  0.0  0.0
  0.0  0.0  0.0  0.0  0.0  0.0388.2200.0 47.1 35.3  0.0  0.0  0.0  0.0  0.0
  0.0  0.0129.4  0.0 11.8 23.5  0.0  0.0  0.0  0.0  0.0  0.0 11.8  0.0  0.0
  0.0  0.0 11.8 11.8  0.0  0.0  0.0  0.0  0.0  0.0 82.4  0.0  0.0 47.1 11.8
  0.0  0.0  0.0  0.0  0.0  0.0  0.0  0.0  0.0  0.0  0.0  0.0  0.0  0.0  0.0
  0.0  0.0  0.0  0.0  0.0  0.0 11.8  0.0  0.0  0.0  0.0  0.0  0.0  0.0  0.0
  0.0  0.0  0.0  0.0  0.0  0.0  0.0  0.0  0.0  0.0  0.0  0.0  0.0  0.0  0.0
 11.8  0.0  0.0 11.8  0.0  0.0  0.0  0.0  0.0  0.0  0.0  0.0  0.0  0.0  0.0
  0.0  0.0  0.0  0.0  0.0  0.0  0.0  0.0  0.0 11.8 23.5  0.0  0.0  0.0  0.0
  0.0  0.0  0.0  0.0  0.0  0.0 11.8  0.0  0.0 11.8  0.0 11.8 11.8  0.0  0.0
    -33.14     -4.57      5.16     -6.61      3.73  0.0  0.0  0.0  0.0  0.0
                                  t000116_s8_p5_ai-el2ap.txt 11.0  5.3   53
  0.0  0.0  0.0 37.7  0.0  0.0  0.0  0.0  0.0  0.0  0.0  0.0  0.0  0.0  0.0
  0.0  0.0  0.0  0.0  0.0  0.0434.0188.7132.1  0.0  0.0  0.0  0.0  0.0  0.0
  0.0  0.0 56.6  0.0  0.0 18.9  0.0  0.0  0.0  0.0  0.0  0.0 18.9  0.0  0.0
  0.0  0.0  0.0  0.0  0.0  0.0  0.0  0.0  0.0  0.0132.1  0.0  0.0 37.7  0.0
  0.0  0.0  0.0  0.0  0.0  0.0  0.0  0.0  0.0  0.0  0.0  0.0  0.0  0.0  0.0
  0.0  0.0  0.0  0.0  0.0  0.0  0.0  0.0  0.0  0.0  0.0  0.0  0.0  0.0  0.0
  0.0  0.0  0.0  0.0  0.0  0.0  0.0  0.0  0.0  0.0  0.0  0.0  0.0  0.0  0.0
  0.0  0.0  0.0  0.0  0.0  0.0  0.0  0.0  0.0  0.0  0.0  0.0  0.0  0.0  0.0
  0.0  0.0  0.0  0.0  0.0  0.0  0.0  0.0 18.9  0.0 75.5 18.9  0.0  0.0 18.9
  0.0  0.0  0.0  0.0  0.0  0.0 18.9  0.0  0.0  0.0  0.0  0.0 18.9  0.0  0.0
    -37.52     -5.73      3.83     -6.61      8.17  0.0  0.0 18.9  0.0  0.0
                                  t000117_s1_p1_ai-el2ap.txt 23.0  6.1  133
  7.5  0.0  0.0 45.1  0.0  0.0  0.0  0.0  0.0  0.0  0.0  0.0  0.0  0.0  0.0
  0.0  0.0  0.0  0.0  0.0  0.0345.9135.3 52.6  0.0  0.0 22.6  0.0  0.0  0.0
  7.5  7.5142.9  7.5  0.0 22.6  0.0  0.0  7.5  0.0  0.0  0.0  0.0  0.0  7.5
  0.0  7.5  7.5  0.0  0.0  0.0 15.0  7.5  0.0  7.5 82.7  0.0  0.0 75.2 15.0
 22.6  0.0  0.0  0.0  0.0  0.0  0.0  0.0  0.0  0.0  0.0  0.0  0.0  0.0  0.0
  0.0  0.0  0.0  0.0  0.0  0.0  0.0  0.0  0.0  0.0  0.0  0.0  0.0  0.0  0.0
  0.0  7.5  0.0  0.0  0.0  0.0  0.0  0.0  0.0  0.0  0.0  0.0  0.0  0.0  0.0
  0.0  0.0  0.0  0.0  7.5  0.0  7.5  0.0  0.0  0.0  0.0  0.0  0.0  0.0  0.0
  0.0  0.0  0.0  0.0  0.0  0.0  0.0  0.0 22.6 22.6 15.0  0.0  7.5  0.0  0.0
  0.0  0.0  0.0  0.0  0.0  0.0  0.0  0.0 15.0  7.5  0.0  7.5  0.0  0.0  0.0
    -29.73     -1.39     17.08     -4.18      2.16 15.0  7.5  0.0  0.0  0.0
                                 t000117_s13_p1_ai-el2ap.txt 18.8  5.8   99
  0.0  0.0  0.0 60.6  0.0  0.0  0.0  0.0  0.0  0.0  0.0  0.0  0.0  0.0  0.0
  0.0  0.0  0.0  0.0  0.0  0.0373.7151.5 70.7  0.0 10.1 10.1  0.0  0.0 10.1
  0.0  0.0111.1  0.0  0.0 20.2 10.1  0.0  0.0  0.0  0.0 10.1  0.0  0.0  0.0
  0.0  0.0  0.0  0.0  0.0  0.0  0.0  0.0  0.0 10.1 90.9 10.1  0.0 60.6  0.0
  0.0  0.0  0.0  0.0  0.0  0.0  0.0  0.0  0.0  0.0  0.0  0.0  0.0  0.0  0.0
  0.0  0.0  0.0  0.0  0.0  0.0  0.0  0.0  0.0  0.0  0.0  0.0  0.0 10.1  0.0
  0.0  0.0  0.0  0.0  0.0  0.0  0.0  0.0  0.0 10.1  0.0  0.0  0.0  0.0  0.0
  0.0  0.0 10.1 10.1  0.0  0.0 10.1  0.0  0.0  0.0  0.0  0.0  0.0  0.0  0.0
  0.0  0.0  0.0  0.0  0.0  0.0  0.0 10.1 10.1 10.1 20.2  0.0  0.0 20.2  0.0
  0.0  0.0  0.0  0.0  0.0  0.0  0.0  0.0 10.1 20.2  0.0  0.0 10.1  0.0  0.0
    -31.80     -3.34     12.59     -2.56     -3.63  0.0  0.0  0.0  0.0  0.0
                                t000117_s13_p10_ai-el2ap.txt 18.8  5.6  105
 28.6  0.0  0.0 28.6  0.0  0.0  0.0  0.0  0.0  0.0  0.0  0.0  0.0  0.0  0.0
  0.0  0.0  0.0  0.0  0.0  9.5285.7181.0114.3 28.6  0.0  0.0  0.0  0.0  0.0
  0.0 19.0 76.2  9.5  0.0  0.0 19.0  0.0  9.5  0.0  0.0  9.5  0.0  9.5  9.5
 28.6  0.0  0.0  9.5  0.0  0.0 19.0 47.6  0.0  0.0114.3  0.0  0.0123.8  9.5
  0.0  0.0  0.0  0.0  0.0  0.0  0.0  0.0  0.0  0.0  0.0  0.0  0.0  0.0  0.0
  0.0  0.0  0.0  0.0  0.0 19.0  0.0  0.0  0.0  0.0  0.0  0.0  0.0  0.0  0.0
 19.0  0.0  0.0  0.0  0.0  0.0  0.0  0.0  0.0  0.0  0.0  0.0  0.0  0.0  0.0
 19.0  0.0  0.0 19.0 19.0  0.0 19.0  0.0  0.0  0.0  0.0  0.0  0.0  0.0  0.0
  0.0  0.0  0.0  0.0  0.0  0.0  0.0  9.5 19.0  0.0  0.0  0.0  0.0  9.5  9.5
  0.0  0.0  0.0  0.0  0.0  0.0  0.0  9.5  9.5 28.6  0.0  0.0  0.0  0.0  0.0
    -26.87     -4.79     10.60      0.28     14.36  0.0  0.0  0.0  0.0  0.0
                                t000117_s13_p11_ai-el2ap.txt 28.3  5.7  174
  0.0  0.0  0.0 63.2  0.0  0.0 17.2  0.0  0.0 17.2  0.0  0.0  0.0 17.2  0.0
  0.0  0.0  0.0 23.0  0.0  0.0241.4132.2 57.5  0.0  0.0  0.0  0.0  5.7  0.0
  0.0  0.0 86.2  5.7  0.0 63.2 23.0  0.0  0.0  0.0  0.0  0.0 23.0 23.0  0.0
  5.7  0.0  0.0  0.0  5.7  0.0 23.0 28.7  0.0  5.7126.4  0.0  0.0103.4 11.5
 11.5  0.0  0.0  0.0  0.0  0.0  0.0  0.0  0.0  0.0  0.0  0.0  0.0  0.0  0.0
  0.0  0.0  0.0  0.0  0.0  0.0  0.0  0.0  0.0  0.0  0.0  0.0  0.0  0.0  0.0
  0.0  0.0  0.0  0.0  0.0  0.0  0.0  0.0  0.0 11.5  0.0  0.0  0.0  0.0  0.0
  0.0  0.0  0.0  0.0  0.0  0.0 11.5  0.0  0.0  0.0  0.0  0.0  0.0  0.0  0.0
  0.0  0.0  0.0  0.0  0.0  0.0  0.0  0.0 28.7 11.5 17.2 11.5  0.0 17.2  0.0
  5.7  0.0  0.0  0.0  0.0  0.0  0.0 11.5  5.7 11.5  0.0  0.0  5.7  0.0  0.0
     -6.81     -5.73      5.11     -6.61     16.08  0.0  0.0  0.0  0.0  0.0
                                t000117_s13_p12_ai-el2ap.txt 15.5  5.7   83
  0.0  0.0  0.0 84.3  0.0  0.0  0.0  0.0  0.0  0.0  0.0  0.0  0.0  0.0  0.0
 12.0  0.0  0.0  0.0  0.0  0.0265.1168.7156.6  0.0  0.0  0.0  0.0  0.0  0.0
 12.0  0.0 84.3  0.0  0.0 24.1  0.0  0.0  0.0  0.0  0.0  0.0 12.0 12.0  0.0
 12.0  0.0 12.0  0.0 12.0  0.0  0.0 24.1  0.0 12.0180.7  0.0  0.0120.5 24.1
  0.0  0.0  0.0  0.0  0.0  0.0  0.0  0.0  0.0  0.0  0.0  0.0  0.0  0.0  0.0
  0.0  0.0  0.0  0.0  0.0 12.0  0.0  0.0  0.0  0.0  0.0  0.0  0.0  0.0  0.0
  0.0  0.0  0.0  0.0  0.0  0.0  0.0  0.0  0.0  0.0  0.0  0.0 12.0  0.0  0.0
 12.0  0.0  0.0 12.0  0.0  0.0  0.0 12.0  0.0  0.0  0.0  0.0  0.0  0.0  0.0
  0.0  0.0  0.0  0.0  0.0  0.0  0.0  0.0 48.2 24.1 24.1  0.0  0.0  0.0  0.0
  0.0  0.0  0.0  0.0  0.0  0.0 12.0 12.0 12.0 12.0  0.0 12.0  0.0  0.0  0.0
    -28.41     -5.73     16.41     -6.61      9.62  0.0  0.0  0.0  0.0  0.0
                                t000117_s13_p13_ai-el2ap.txt 15.8  5.5   95
 10.5  0.0  0.0 31.6  0.0  0.0  0.0  0.0  0.0  0.0  0.0  0.0  0.0  0.0  0.0
  0.0  0.0  0.0  0.0  0.0  0.0347.4189.5 63.2  0.0  0.0  0.0  0.0  0.0  0.0
  0.0  0.0 63.2  0.0  0.0  0.0  0.0  0.0 10.5  0.0  0.0  0.0  0.0  0.0  0.0
  0.0  0.0  0.0  0.0  0.0  0.0  0.0  0.0  0.0  0.0 84.2  0.0  0.0 52.6 21.1
  0.0  0.0  0.0  0.0  0.0  0.0  0.0  0.0  0.0  0.0  0.0  0.0  0.0  0.0  0.0
  0.0  0.0  0.0  0.0  0.0  0.0  0.0  0.0  0.0  0.0  0.0  0.0  0.0  0.0  0.0
  0.0  0.0  0.0  0.0  0.0  0.0  0.0  0.0  0.0  0.0  0.0  0.0  0.0  0.0  0.0
  0.0  0.0  0.0  0.0  0.0  0.0  0.0  0.0  0.0  0.0  0.0  0.0  0.0  0.0  0.0
  0.0  0.0  0.0  0.0  0.0  0.0  0.0 21.1 31.6 10.5 21.1  0.0  0.0 21.1  0.0
  0.0  0.0  0.0  0.0  0.0  0.0  0.0 10.5 31.6 10.5  0.0  0.0  0.0  0.0  0.0
    -31.21     -5.73      5.36     -3.21     -3.63 10.5  0.0  0.0  0.0  0.0
                                t000117_s13_p14_ai-el2ap.txt 21.3  5.1  153
 65.4  0.0  0.0 58.8  0.0  0.0  0.0  0.0  0.0  0.0  0.0  0.0  0.0  0.0  0.0
  0.0  6.5  0.0  6.5  0.0  0.0235.3124.2 45.8  0.0  6.5  0.0  0.0  0.0  0.0
  0.0 13.1104.6  0.0  6.5 13.1 52.3  0.0  0.0  0.0  0.0  0.0  0.0 26.1  0.0
  0.0  0.0  0.0  0.0  0.0  0.0 19.6 26.1  6.5  0.0 58.8  6.5  0.0156.9 52.3
 13.1  0.0  0.0  0.0  0.0  0.0  0.0  0.0  0.0  0.0  0.0  0.0  0.0  0.0  0.0
  0.0  0.0  0.0  0.0  0.0 52.3  0.0  0.0  0.0  0.0  0.0  0.0  0.0  0.0  0.0
 52.3  0.0  0.0  0.0  0.0  0.0  0.0  0.0  0.0  6.5  0.0  0.0  0.0  0.0  0.0
 52.3  0.0  0.0 52.3 52.3  0.0 58.8  0.0  0.0  0.0  0.0  0.0  0.0  0.0  0.0
  0.0  0.0  0.0  0.0  0.0  0.0  0.0  0.0 32.7  6.5 13.1  0.0  0.0  6.5  0.0
  0.0  0.0  6.5  0.0  0.0  6.5  6.5  0.0  0.0 65.4  6.5  0.0 26.1  0.0  0.0
     -5.26     -5.44     10.41     -6.61      0.33  0.0  0.0  0.0  0.0  0.0
                                t000117_s13_p15_ai-el2ap.txt 25.0  5.5  144
 13.9  6.9  0.0 90.3  0.0  0.0  6.9  0.0  0.0 20.8  0.0  0.0  0.0  0.0  0.0
  0.0  0.0  0.0  6.9  0.0  0.0270.8152.8 83.3  0.0 13.9  0.0  6.9  0.0  6.9
  6.9 13.9 97.2  0.0  0.0 20.8  0.0  0.0  0.0  0.0 20.8  0.0  6.9 20.8  0.0
 13.9  0.0 13.9  0.0  0.0 20.8 20.8 34.7  0.0 13.9 97.2 13.9  0.0111.1  6.9
  0.0  0.0  0.0  0.0  0.0  0.0  0.0  0.0  0.0  0.0  0.0  0.0  0.0  0.0  0.0
  0.0  0.0  0.0  6.9  0.0 13.9  0.0  0.0  0.0  0.0  0.0  0.0  0.0  0.0  0.0
  0.0  0.0  0.0  0.0  0.0  0.0  0.0  0.0  0.0  0.0  0.0  0.0  0.0  0.0  0.0
 20.8  0.0  0.0 20.8  0.0  0.0  0.0  0.0  0.0  0.0  0.0  0.0  0.0  0.0  0.0
  0.0  0.0  0.0  0.0  0.0  0.0  0.0  6.9 20.8  0.0 27.8  6.9  0.0 13.9  6.9
  0.0  0.0  0.0  0.0  0.0 13.9  0.0  6.9 13.9 20.8  6.9 13.9  6.9  0.0  0.0
    -18.98     -3.82     21.47      3.32      8.35 20.8  0.0  0.0  0.0  0.0
                                t000117_s13_p16_ai-el2ap.txt 18.5  5.8   93
  0.0  0.0  0.0 53.8  0.0  0.0  0.0  0.0 10.8  0.0  0.0  0.0  0.0  0.0  0.0
  0.0  0.0  0.0 21.5  0.0  0.0376.3129.0118.3  0.0  0.0  0.0  0.0  0.0 10.8
  0.0  0.0129.0  0.0  0.0  0.0  0.0  0.0  0.0  0.0  0.0  0.0  0.0 10.8  0.0
 10.8  0.0  0.0 10.8  0.0  0.0 21.5 21.5  0.0 10.8129.0 10.8  0.0 64.5  0.0
 21.5  0.0  0.0  0.0  0.0  0.0  0.0  0.0  0.0  0.0  0.0  0.0  0.0  0.0  0.0
  0.0  0.0  0.0  0.0  0.0  0.0  0.0  0.0  0.0  0.0  0.0  0.0  0.0  0.0  0.0
  0.0  0.0  0.0  0.0  0.0  0.0  0.0  0.0  0.0  0.0  0.0  0.0  0.0  0.0  0.0
  0.0  0.0  0.0  0.0  0.0  0.0  0.0  0.0  0.0  0.0  0.0  0.0  0.0  0.0  0.0
  0.0  0.0  0.0  0.0  0.0  0.0  0.0 10.8 32.3 10.8 10.8  0.0  0.0 10.8  0.0
  0.0  0.0  0.0  0.0  0.0  0.0 21.5 10.8  0.0 10.8  0.0 10.8 10.8  0.0  0.0
    -28.61     -5.73     15.31     -6.61      1.47  0.0  0.0  0.0  0.0  0.0
                                t000117_s13_p17_ai-el2ap.txt 22.5  5.4  125
  0.0  0.0  0.0 24.0  0.0  0.0  0.0  0.0  0.0  0.0  0.0  0.0  0.0  0.0  0.0
  0.0  0.0  0.0  8.0  0.0  0.0312.0184.0 80.0  8.0  8.0  0.0  0.0  0.0  0.0
  0.0  8.0 56.0  0.0  8.0 56.0  0.0  0.0  0.0  0.0  8.0  8.0  8.0  0.0  0.0
  8.0  0.0  0.0  0.0  0.0  8.0 16.0  8.0  0.0  0.0112.0  8.0  0.0 32.0  0.0
  0.0  0.0  0.0  0.0  0.0  0.0  0.0  0.0  0.0  0.0  0.0  0.0  0.0  0.0  0.0
  0.0  0.0  0.0  0.0  0.0  0.0  0.0  0.0  0.0  0.0  0.0  0.0  0.0  0.0  0.0
  0.0  0.0  0.0  0.0  0.0  0.0  0.0  0.0  0.0  0.0  0.0  0.0  0.0  0.0  0.0
  0.0  0.0  0.0  0.0  0.0  0.0  0.0  0.0  0.0  0.0  0.0  0.0  0.0  0.0  0.0
  0.0  8.0  0.0  0.0  0.0  0.0  0.0  8.0 16.0  8.0 40.0  8.0  0.0  0.0  0.0
 16.0  0.0  0.0  0.0  0.0 16.0 16.0  8.0  0.0  0.0  0.0  8.0  0.0  0.0  0.0
    -30.14     -5.11      2.29      0.40      3.95  0.0  0.0  0.0  0.0  0.0
                                t000117_s13_p18_ai-el2ap.txt 20.3  5.4  146
  6.8  0.0  0.0 34.2  0.0  0.0  0.0  0.0 13.7  0.0  0.0  0.0  0.0  0.0  0.0
  0.0  0.0  0.0  6.8  0.0  0.0363.0150.7 89.0  0.0  0.0  0.0  6.8  0.0  0.0
  6.8 13.7116.4  0.0  0.0 20.5  0.0  0.0  6.8  0.0 13.7  0.0  0.0 13.7  0.0
  0.0  0.0 13.7  0.0  0.0 13.7 20.5 13.7  0.0  6.8116.4 13.7  0.0 47.9 13.7
 13.7  0.0  0.0  0.0  0.0  0.0  0.0  0.0  0.0  0.0  0.0  0.0  0.0  0.0  0.0
  0.0  0.0  0.0  0.0  0.0  0.0  6.8  0.0  0.0  0.0  0.0  0.0  0.0  0.0  0.0
  0.0  0.0  0.0  0.0  0.0  0.0  0.0  0.0  0.0  0.0  0.0  0.0  0.0  0.0  0.0
  6.8  0.0  0.0  6.8  0.0  0.0  0.0  0.0  0.0  0.0  0.0  0.0  0.0  0.0  0.0
  0.0  0.0  0.0  0.0  0.0  0.0  0.0  0.0 61.6 13.7 20.5  0.0  0.0  6.8  0.0
  6.8  0.0  0.0  0.0  0.0 27.4 34.2  0.0 13.7  0.0  0.0  0.0  6.8  0.0  0.0
    -29.54     -4.46     19.19      2.13     -1.55  6.8  0.0  0.0  0.0  0.0
                                t000117_s13_p19_ai-el2ap.txt 14.8  5.6   72
 27.8 13.9  0.0 27.8  0.0  0.0  0.0  0.0  0.0 13.9  0.0  0.0  0.0  0.0  0.0
  0.0  0.0  0.0  0.0  0.0  0.0416.7152.8 55.6 27.8 13.9  0.0 13.9 27.8  0.0
  0.0  0.0152.8  0.0  0.0 27.8  0.0  0.0  0.0  0.0  0.0  0.0 13.9  0.0  0.0
  0.0  0.0  0.0  0.0  0.0  0.0  0.0  0.0  0.0 27.8 69.4 13.9  0.0 69.4 13.9
 13.9  0.0  0.0  0.0  0.0  0.0  0.0  0.0  0.0  0.0  0.0  0.0  0.0  0.0  0.0
  0.0  0.0  0.0  0.0 13.9  0.0  0.0  0.0  0.0  0.0  0.0  0.0  0.0  0.0  0.0
  0.0  0.0  0.0  0.0  0.0  0.0  0.0  0.0  0.0  0.0  0.0  0.0  0.0  0.0  0.0
 13.9  0.0  0.0 13.9  0.0  0.0  0.0  0.0  0.0  0.0  0.0  0.0  0.0  0.0  0.0
  0.0  0.0  0.0  0.0  0.0  0.0  0.0 13.9 27.8 27.8 13.9 13.9  0.0  0.0 13.9
  0.0  0.0  0.0  0.0  0.0 13.9 27.8  0.0 13.9 13.9  0.0 13.9 13.9  0.0  0.0
    -24.49     -1.62     26.34     -6.61      5.05 13.9  0.0  0.0  0.0  0.0
                                 t000117_s13_p2_ai-el2ap.txt 23.5  5.9  129
  0.0  0.0  0.0 77.5  0.0  0.0  0.0  0.0  0.0  0.0  0.0  0.0  0.0  0.0  0.0
  0.0  7.8  0.0  0.0  0.0  0.0240.3147.3 85.3  7.8 23.3 15.5  0.0  0.0  7.8
  0.0  0.0 54.3  0.0  0.0 62.0 31.0  0.0  0.0  0.0  0.0 15.5 15.5 38.8  7.8
  7.8  0.0  0.0  0.0  7.8  0.0  0.0 54.3  7.8  7.8139.5 23.3  0.0131.8  0.0
  0.0  0.0  0.0  0.0  0.0  0.0  0.0  0.0  0.0  0.0  0.0  0.0  0.0  0.0  0.0
  0.0  0.0  0.0  0.0  7.8  0.0  7.8  0.0  0.0  0.0  0.0  0.0  0.0  0.0  0.0
  7.8  7.8  7.8  0.0  0.0  0.0  0.0  0.0  0.0  0.0  0.0  0.0  0.0  0.0  0.0
 15.5  0.0  0.0 15.5 23.3  0.0 23.3  0.0  0.0  0.0  0.0  0.0  0.0  0.0  0.0
  0.0  0.0  0.0  0.0  0.0  0.0  0.0 31.0  7.8  0.0 15.5  7.8  0.0  7.8  0.0
  7.8  0.0  0.0  0.0  0.0  0.0  7.8  7.8  7.8 31.0  0.0  7.8  0.0  0.0  0.0
    -15.35     -1.46      5.09     -0.40     20.40 15.5  0.0  0.0  0.0  0.0
                                t000117_s13_p20_ai-el2ap.txt 13.3  5.9   63
 15.9  0.0  0.0 47.6  0.0  0.0  0.0  0.0  0.0 15.9  0.0  0.0  0.0  0.0  0.0
  0.0  0.0  0.0  0.0  0.0  0.0333.3142.9 95.2 31.7  0.0  0.0 15.9  0.0  0.0
  0.0  0.0142.9  0.0  0.0 47.6 15.9  0.0 15.9  0.0  0.0 15.9  0.0 15.9  0.0
 15.9  0.0  0.0  0.0 15.9  0.0  0.0 31.7  0.0  0.0111.1  0.0  0.0127.0 15.9
  0.0  0.0  0.0  0.0  0.0  0.0  0.0  0.0  0.0  0.0  0.0  0.0  0.0  0.0  0.0
  0.0  0.0  0.0  0.0  0.0  0.0  0.0  0.0  0.0  0.0  0.0  0.0  0.0  0.0  0.0
  0.0  0.0  0.0  0.0  0.0  0.0  0.0  0.0  0.0 15.9  0.0  0.0  0.0  0.0  0.0
  0.0  0.0  0.0  0.0  0.0  0.0 15.9  0.0  0.0  0.0  0.0  0.0  0.0  0.0  0.0
  0.0  0.0  0.0  0.0  0.0  0.0  0.0  0.0 47.6 31.7 15.9 15.9  0.0  0.0  0.0
  0.0  0.0 15.9  0.0  0.0 31.7  0.0 31.7  0.0 15.9  0.0  0.0 31.7 15.9  0.0
    -28.43     -1.74      8.19      4.86      3.90  0.0  0.0  0.0  0.0  0.0
                                t000117_s13_p21_ai-el2ap.txt 18.8  5.8   96
  0.0  0.0  0.0 31.3  0.0  0.0  0.0  0.0  0.0 10.4  0.0  0.0  0.0  0.0  0.0
  0.0  0.0  0.0 31.3  0.0  0.0354.2114.6114.6  0.0  0.0  0.0  0.0  0.0  0.0
  0.0  0.0187.5  0.0 10.4 20.8 20.8  0.0  0.0  0.0 10.4 10.4  0.0 10.4  0.0
  0.0  0.0  0.0 10.4  0.0 10.4 31.3 10.4  0.0  0.0125.0  0.0  0.0 52.1  0.0
  0.0  0.0  0.0  0.0  0.0  0.0  0.0  0.0  0.0  0.0  0.0  0.0  0.0  0.0  0.0
  0.0  0.0  0.0  0.0  0.0  0.0  0.0  0.0  0.0  0.0  0.0  0.0  0.0  0.0  0.0
  0.0  0.0  0.0  0.0  0.0  0.0  0.0  0.0  0.0 10.4  0.0  0.0  0.0  0.0  0.0
  0.0  0.0  0.0  0.0  0.0  0.0 10.4  0.0  0.0  0.0  0.0  0.0  0.0  0.0  0.0
  0.0  0.0  0.0  0.0  0.0  0.0  0.0  0.0 52.1 41.7 41.7  0.0  0.0  0.0 10.4
  0.0  0.0  0.0  0.0  0.0 10.4 10.4  0.0 20.8  0.0 10.4  0.0  0.0  0.0  0.0
    -24.84     -5.73      9.75      2.52     -2.05  0.0  0.0  0.0  0.0  0.0
                                t000117_s13_p22_ai-el2ap.txt 12.3  5.9   63
 47.6  0.0  0.0 63.5  0.0  0.0  0.0  0.0  0.0  0.0  0.0  0.0  0.0  0.0  0.0
  0.0  0.0  0.0  0.0  0.0 15.9381.0142.9 63.5 15.9  0.0 15.9 15.9  0.0  0.0
  0.0  0.0127.0  0.0  0.0  0.0  0.0  0.0  0.0  0.0 15.9  0.0  0.0  0.0  0.0
  0.0  0.0 15.9  0.0  0.0 15.9  0.0  0.0  0.0  0.0 63.5  0.0  0.0111.1 15.9
 15.9  0.0  0.0  0.0  0.0  0.0  0.0  0.0  0.0  0.0  0.0  0.0  0.0  0.0  0.0
  0.0  0.0  0.0 15.9  0.0  0.0  0.0  0.0  0.0  0.0  0.0  0.0  0.0  0.0  0.0
  0.0  0.0  0.0  0.0  0.0  0.0  0.0  0.0  0.0  0.0  0.0  0.0  0.0  0.0  0.0
 15.9  0.0  0.0 15.9  0.0  0.0  0.0  0.0  0.0  0.0  0.0  0.0  0.0  0.0  0.0
  0.0  0.0  0.0  0.0  0.0  0.0  0.0 15.9 31.7  0.0 31.7 15.9  0.0 31.7  0.0
  0.0  0.0  0.0  0.0  0.0 15.9  0.0  0.0  0.0 15.9 15.9  0.0 15.9  0.0  0.0
    -20.92      0.79      9.79      0.95     -3.63  0.0  0.0  0.0  0.0  0.0
                                t000117_s13_p23_ai-el2ap.txt 17.5  6.4   84
  0.0  0.0  0.0 71.4  0.0  0.0  0.0  0.0  0.0  0.0 11.9  0.0  0.0  0.0  0.0
  0.0  0.0 11.9  0.0  0.0  0.0297.6107.1 83.3  0.0 11.9  0.0  0.0  0.0  0.0
 11.9 11.9119.0  0.0  0.0 47.6 23.8 11.9  0.0  0.0  0.0 23.8 11.9 23.8  0.0
 11.9  0.0  0.0  0.0 11.9 23.8 11.9 35.7  0.0 11.9107.1 11.9  0.0131.0 23.8
  0.0  0.0  0.0  0.0  0.0  0.0  0.0  0.0  0.0  0.0  0.0  0.0  0.0  0.0  0.0
  0.0  0.0  0.0  0.0  0.0  0.0  0.0 11.9  0.0  0.0  0.0  0.0  0.0  0.0  0.0
  0.0  0.0  0.0  0.0  0.0  0.0  0.0  0.0 11.9  0.0  0.0  0.0  0.0  0.0  0.0
  0.0 11.9  0.0 11.9  0.0 11.9 11.9  0.0  0.0  0.0  0.0  0.0  0.0  0.0  0.0
  0.0  0.0  0.0  0.0  0.0  0.0  0.0  0.0 23.8 11.9 11.9  0.0  0.0 11.9  0.0
 11.9  0.0  0.0  0.0  0.0 11.9  0.0 23.8  0.0 11.9  0.0 35.7  0.0 11.9  0.0
    -24.92     -5.20     21.77      5.75     11.26  0.0  0.0  0.0  0.0  0.0
                                t000117_s13_p24_ai-el2ap.txt 26.8  5.8  151
  0.0  0.0  0.0 39.7  0.0  0.0  6.6  0.0  0.0  6.6  0.0  0.0  6.6  0.0  0.0
  0.0  0.0  0.0  6.6  0.0  0.0324.5145.7 72.8 19.9  0.0  6.6  0.0  0.0  6.6
  0.0  6.6112.6  0.0  6.6 33.1  6.6  0.0  0.0  0.0  0.0  0.0 13.2  0.0 13.2
 13.2  0.0  0.0  6.6  0.0  0.0 13.2 26.5  0.0  6.6 86.1  0.0  0.0 86.1  0.0
  0.0  0.0  0.0  0.0  0.0  0.0  0.0  0.0  0.0  0.0  0.0  0.0  0.0  0.0  0.0
  0.0  0.0  0.0  0.0  0.0  0.0  0.0  0.0  0.0  0.0  0.0  0.0  0.0  0.0  0.0
  0.0  0.0  0.0  0.0  0.0  0.0  0.0  0.0  0.0 13.2  0.0  0.0  0.0  0.0  0.0
  0.0  0.0  0.0  0.0  0.0  0.0 13.2  0.0  0.0  0.0  0.0  0.0  0.0  0.0  0.0
  0.0  0.0  0.0  0.0  0.0  0.0  0.0  0.0 26.5 13.2 59.6  0.0  0.0  0.0  0.0
 19.9  0.0  0.0  0.0  0.0  0.0 13.2  6.6  0.0  6.6  0.0  0.0  0.0  0.0  0.0
    -24.10     -3.80     10.73     -6.61     19.11  6.6  0.0  6.6  0.0  0.0
                                t000117_s13_p25_ai-el2ap.txt 12.5  5.4   60
  0.0  0.0  0.0100.0  0.0  0.0  0.0  0.0  0.0  0.0  0.0  0.0  0.0  0.0  0.0
  0.0  0.0  0.0  0.0  0.0  0.0400.0116.7  0.0  0.0  0.0 16.7  0.0  0.0 16.7
 16.7  0.0100.0 16.7  0.0  0.0  0.0  0.0  0.0  0.0  0.0  0.0  0.0 16.7 16.7
  0.0  0.0  0.0  0.0  0.0  0.0  0.0 33.3  0.0 33.3 16.7  0.0  0.0100.0  0.0
 16.7  0.0  0.0  0.0  0.0  0.0  0.0  0.0  0.0  0.0  0.0  0.0  0.0  0.0  0.0
  0.0  0.0  0.0  0.0  0.0  0.0 16.7  0.0  0.0  0.0  0.0  0.0  0.0  0.0  0.0
  0.0  0.0  0.0  0.0  0.0  0.0  0.0  0.0  0.0  0.0  0.0  0.0  0.0  0.0  0.0
 16.7  0.0  0.0 16.7  0.0  0.0  0.0  0.0  0.0  0.0  0.0  0.0  0.0  0.0  0.0
  0.0  0.0  0.0  0.0  0.0  0.0  0.0  0.0 16.7  0.0  0.0 16.7  0.0  0.0 33.3
  0.0  0.0  0.0  0.0  0.0  0.0  0.0  0.0 16.7 16.7  0.0  0.0 16.7  0.0  0.0
    -25.18     -2.52     26.64     -6.61     11.72  0.0  0.0  0.0  0.0  0.0
                                t000117_s13_p26_ai-el2ap.txt 21.8  6.0  106
  9.4  0.0  9.4 66.0  0.0  0.0  0.0  0.0  0.0 18.9  0.0  0.0  0.0  0.0  0.0
  0.0  0.0  0.0  9.4  0.0  0.0386.8150.9 47.2 18.9  0.0  0.0 18.9  9.4  0.0
  0.0  0.0141.5  0.0  0.0 18.9  9.4  0.0  0.0  0.0  0.0  0.0  9.4  9.4  0.0
  9.4  0.0  9.4  9.4  0.0  0.0  9.4 18.9  0.0  9.4 75.5  0.0  0.0122.6 28.3
  0.0  0.0  0.0  0.0  0.0  0.0  0.0  0.0  0.0  0.0  0.0  0.0  0.0  0.0  0.0
  0.0  0.0  0.0  9.4  0.0  0.0  0.0  0.0  0.0  0.0  0.0  0.0  0.0  0.0  0.0
  0.0  0.0  0.0  0.0  0.0  0.0  0.0  0.0  0.0  0.0  0.0  0.0  0.0  0.0  0.0
  9.4  0.0  0.0  9.4  0.0  0.0  0.0  0.0  0.0  0.0  0.0  0.0  0.0  0.0  0.0
  0.0  0.0  0.0  0.0  0.0  0.0  0.0 18.9 28.3  0.0 18.9  9.4  9.4  0.0  0.0
  0.0  0.0  0.0  0.0  0.0  0.0 28.3  0.0 18.9 18.9  0.0  0.0  0.0  0.0  0.0
    -24.98     -1.61     15.28     -6.61      6.74  0.0  0.0  0.0  0.0  0.0
                                t000117_s13_p27_ai-el2ap.txt 17.3  5.9   88
 22.7 11.4 11.4 90.9  0.0  0.0  0.0  0.0  0.0  0.0  0.0  0.0  0.0  0.0  0.0
  0.0  0.0  0.0  0.0  0.0  0.0306.8136.4 90.9 34.1 11.4  0.0  0.0  0.0 11.4
  0.0  0.0113.6  0.0  0.0 11.4  0.0  0.0  0.0  0.0  0.0 11.4  0.0 11.4  0.0
  0.0  0.0  0.0 22.7 11.4  0.0  0.0 11.4  0.0 11.4113.6 11.4  0.0136.4 22.7
  0.0  0.0  0.0  0.0  0.0  0.0  0.0  0.0  0.0  0.0  0.0  0.0  0.0  0.0  0.0
  0.0  0.0  0.0  0.0  0.0 11.4  0.0  0.0  0.0  0.0  0.0  0.0  0.0 22.7  0.0
  0.0  0.0  0.0  0.0  0.0  0.0  0.0  0.0  0.0  0.0  0.0  0.0  0.0  0.0  0.0
 11.4  0.0 22.7 34.1  0.0  0.0  0.0  0.0  0.0  0.0  0.0  0.0  0.0  0.0  0.0
  0.0  0.0  0.0  0.0  0.0  0.0  0.0 11.4 22.7 22.7 34.1 11.4 11.4  0.0 22.7
  0.0  0.0  0.0  0.0  0.0  0.0 11.4 22.7  0.0 22.7  0.0 11.4  0.0  0.0  0.0
    -24.04     -4.10     13.90     -2.06     -1.90  0.0  0.0 11.4  0.0 11.4
                                t000117_s13_p28_ai-el2ap.txt 29.0  5.5  164
 12.2  0.0  0.0 61.0  0.0  0.0  6.1  0.0 12.2 12.2  0.0  0.0  0.0  6.1  0.0
  0.0  0.0  0.0 12.2  0.0  0.0341.5158.5 79.3  6.1  0.0  0.0  6.1  0.0  6.1
  6.1  6.1115.9  0.0  0.0  6.1  6.1  0.0  0.0  0.0  0.0  0.0  0.0 18.3  0.0
 12.2  0.0 12.2  0.0  0.0  0.0 18.3 30.5  0.0 12.2 97.6 12.2  0.0 91.5  0.0
  6.1  0.0  0.0  0.0  0.0  0.0  0.0  0.0  0.0  0.0  0.0  0.0  0.0  0.0  0.0
  0.0  0.0  0.0  6.1  0.0  0.0  6.1  0.0  0.0  0.0  0.0  0.0  0.0  0.0  0.0
  0.0  0.0  6.1  0.0  0.0  0.0  0.0  0.0  0.0  0.0  0.0  0.0  0.0  0.0  0.0
 12.2  0.0  0.0 12.2  6.1  0.0  6.1  0.0  0.0  0.0  0.0  0.0  0.0  0.0  0.0
  0.0  0.0  0.0  0.0  0.0  0.0  0.0  6.1 12.2 18.3 91.5  6.1  0.0  0.0  6.1
  6.1 12.2  0.0  0.0  0.0  6.1 12.2  6.1 12.2 18.3  0.0  0.0 12.2  0.0  0.0
    -20.65     -4.40     19.52     -6.61      3.08  0.0  0.0  6.1  0.0  0.0
                                t000117_s13_p29_ai-el2ap.txt 32.0  5.8  175
  0.0  0.0  0.0 45.7  0.0  0.0  0.0  0.0  0.0  0.0  0.0  0.0  0.0  0.0  0.0
  0.0  0.0  0.0 11.4  0.0  0.0365.7142.9108.6 11.4  5.7 11.4  0.0  0.0  5.7
  0.0  0.0 62.9  0.0  5.7 11.4  0.0  0.0  0.0  0.0  0.0  0.0  5.7 17.1  0.0
  5.7  0.0  0.0  0.0  0.0  0.0 11.4 22.9  0.0  5.7137.1  5.7  0.0 68.6  0.0
  5.7  0.0  0.0  0.0  0.0  0.0  0.0  0.0  0.0  0.0  0.0  0.0  0.0  0.0  0.0
  0.0  0.0  0.0  0.0  0.0  0.0  0.0  0.0  0.0  0.0  0.0  0.0  0.0  0.0  0.0
  0.0  0.0  0.0  0.0  0.0  0.0  0.0  0.0  0.0  0.0  0.0  0.0  0.0  0.0  0.0
  0.0  0.0  0.0  0.0  0.0  0.0  0.0  0.0  0.0  0.0  0.0  0.0  0.0  0.0  0.0
  0.0  0.0  0.0  0.0  0.0  0.0  0.0 11.4 22.9 11.4 28.6  0.0  0.0  0.0  0.0
  0.0  0.0  0.0  0.0  0.0  0.0  0.0  0.0 11.4  5.7  0.0  5.7  0.0  0.0  0.0
    -31.12     -2.90      5.87     -6.61      4.39  0.0  0.0  0.0  0.0  0.0
                                 t000117_s13_p3_ai-el2ap.txt 21.3  6.1  110
 27.3  0.0  0.0 81.8  0.0  0.0  0.0  0.0  9.1  0.0  0.0  0.0  0.0  9.1  0.0
  0.0  0.0  0.0 18.2  0.0  0.0354.5154.5 81.8  0.0  9.1  0.0  9.1  9.1  0.0
  0.0  0.0118.2  0.0  9.1  0.0  9.1  0.0  0.0  0.0  0.0  0.0  0.0  9.1  9.1
  0.0  0.0 18.2  0.0  0.0  0.0 18.2 18.2  0.0  9.1100.0 18.2  0.0127.3 18.2
  0.0  0.0  0.0  0.0  0.0  0.0  0.0  0.0  0.0  0.0  0.0  0.0  0.0  0.0  0.0
  0.0  0.0  0.0  9.1  0.0  9.1  0.0  0.0  0.0  0.0  0.0  0.0  0.0  0.0  0.0
  0.0  0.0  0.0  0.0  0.0  0.0  0.0  0.0  0.0  9.1  0.0  0.0  0.0  0.0  0.0
 18.2  0.0  0.0 18.2  0.0  0.0  9.1  0.0  0.0  0.0  0.0  0.0  0.0  0.0  0.0
  0.0  0.0  0.0  0.0  0.0  0.0  0.0  9.1  9.1 18.2 36.4  0.0  0.0  0.0  0.0
  0.0  0.0  0.0  0.0  0.0  9.1 18.2  9.1  9.1 27.3  9.1  0.0  0.0  0.0  0.0
    -20.72     -3.64     11.85     -6.61      4.74  0.0  0.0  0.0  0.0  0.0
                                t000117_s13_p30_ai-el2ap.txt 13.0  6.0   60
  0.0  0.0  0.0 33.3  0.0  0.0  0.0  0.0  0.0 16.7  0.0  0.0  0.0  0.0  0.0
  0.0  0.0  0.0 16.7  0.0  0.0333.3150.0116.7  0.0 16.7 16.7  0.0  0.0  0.0
  0.0 16.7166.7  0.0  0.0  0.0  0.0  0.0  0.0  0.0  0.0  0.0  0.0  0.0  0.0
 16.7  0.0  0.0  0.0 16.7  0.0 33.3 16.7  0.0  0.0150.0 16.7  0.0 50.0  0.0
  0.0  0.0  0.0  0.0  0.0  0.0  0.0  0.0  0.0  0.0  0.0  0.0  0.0  0.0  0.0
  0.0  0.0  0.0  0.0  0.0  0.0  0.0  0.0  0.0  0.0  0.0  0.0  0.0  0.0  0.0
  0.0  0.0  0.0  0.0  0.0  0.0  0.0  0.0  0.0 16.7  0.0  0.0  0.0  0.0  0.0
  0.0  0.0  0.0  0.0  0.0  0.0 16.7  0.0  0.0  0.0  0.0  0.0  0.0  0.0  0.0
  0.0  0.0  0.0  0.0  0.0  0.0  0.0  0.0  0.0  0.0 16.7  0.0  0.0  0.0 33.3
 16.7  0.0  0.0  0.0  0.0  0.0  0.0  0.0  0.0  0.0  0.0 16.7  0.0  0.0  0.0
    -28.49     -1.78     18.72     -6.61      1.75  0.0  0.0  0.0  0.0  0.0
                                t000117_s13_p31_ai-el2ap.txt 12.0  5.4   64
 15.6 15.6  0.0 46.9  0.0  0.0  0.0 15.6  0.0 15.6  0.0  0.0  0.0  0.0  0.0
  0.0  0.0  0.0  0.0  0.0  0.0281.3203.1 93.8  0.0 15.6  0.0  0.0  0.0  0.0
  0.0  0.0 78.1  0.0  0.0  0.0 15.6  0.0  0.0  0.0  0.0  0.0  0.0  0.0  0.0
  0.0  0.0 15.6  0.0 15.6  0.0  0.0  0.0  0.0  0.0109.4 15.6  0.0 62.5  0.0
  0.0  0.0  0.0  0.0  0.0  0.0  0.0  0.0  0.0  0.0  0.0  0.0  0.0  0.0  0.0
  0.0  0.0  0.0  0.0  0.0 31.3  0.0  0.0  0.0  0.0  0.0  0.0  0.0 15.6  0.0
  0.0  0.0  0.0  0.0  0.0  0.0  0.0  0.0 15.6  0.0  0.0  0.0  0.0  0.0  0.0
 31.3  0.0 15.6 46.9  0.0 15.6 15.6  0.0  0.0  0.0  0.0  0.0  0.0  0.0  0.0
  0.0  0.0  0.0  0.0  0.0  0.0  0.0  0.0 31.3 15.6 15.6 15.6  0.0  0.0 15.6
 31.3  0.0 15.6  0.0  0.0  0.0 15.6  0.0  0.0  0.0  0.0  0.0 15.6  0.0  0.0
    -20.44     -5.03      6.40     -6.61     -3.63  0.0  0.0  0.0  0.0  0.0
                                t000117_s13_p32_ai-el2ap.txt 20.8  5.2  131
 30.5  0.0  0.0 22.9  0.0  0.0  0.0  0.0  0.0  0.0  0.0  0.0  0.0  0.0  0.0
  0.0  0.0  0.0  0.0  0.0  7.6358.8183.2 38.2  7.6  7.6  0.0  0.0  0.0  0.0
  0.0  0.0106.9  0.0  0.0 15.3 22.9  0.0  0.0  0.0  0.0  0.0  0.0  7.6  0.0
  7.6  7.6  0.0  0.0  0.0  0.0  7.6 15.3  0.0  0.0 53.4  7.6  0.0 91.6 30.5
  7.6  0.0  0.0  0.0  0.0  0.0  0.0  0.0  0.0  0.0  0.0  0.0  0.0  0.0  0.0
  0.0  0.0  0.0  0.0  0.0  7.6  0.0  0.0  0.0  0.0  0.0  0.0  0.0  0.0  0.0
  7.6  0.0  0.0  0.0  0.0  0.0  0.0  0.0  0.0  0.0  0.0  0.0  0.0  0.0  0.0
  7.6  0.0  0.0  7.6  7.6  0.0  7.6  0.0  0.0  0.0  0.0  0.0  0.0  0.0  0.0
  0.0  0.0  0.0  0.0  0.0  0.0  0.0  0.0  7.6  7.6 15.3  0.0  0.0  0.0  7.6
  7.6  0.0  0.0  0.0  0.0  0.0  7.6  0.0  7.6 15.3  0.0  0.0  7.6  0.0  0.0
    -24.70     -5.14      7.53     -6.61     -0.01  0.0  0.0  0.0  0.0  0.0
                                t000117_s13_p33_ai-el2ap.txt 10.0  5.7   48
  0.0  0.0  0.0104.2  0.0  0.0 20.8  0.0  0.0  0.0  0.0  0.0  0.0  0.0  0.0
  0.0  0.0  0.0 20.8  0.0  0.0270.8104.2 83.3  0.0  0.0  0.0  0.0  0.0 20.8
  0.0  0.0104.2  0.0  0.0 20.8  0.0  0.0  0.0  0.0 20.8  0.0  0.0 20.8  0.0
  0.0  0.0  0.0 20.8  0.0 20.8 20.8 20.8  0.0 20.8145.8  0.0  0.0125.0 20.8
  0.0  0.0  0.0  0.0  0.0  0.0  0.0  0.0  0.0  0.0  0.0  0.0  0.0  0.0  0.0
  0.0  0.0  0.0  0.0  0.0  0.0  0.0  0.0  0.0  0.0  0.0  0.0  0.0  0.0  0.0
  0.0  0.0  0.0  0.0  0.0  0.0  0.0  0.0  0.0 41.7  0.0  0.0  0.0  0.0  0.0
  0.0  0.0  0.0  0.0  0.0  0.0 41.7  0.0  0.0  0.0  0.0  0.0  0.0  0.0  0.0
  0.0  0.0  0.0  0.0  0.0  0.0  0.0  0.0 20.8  0.0 83.3  0.0 20.8  0.0  0.0
  0.0  0.0  0.0  0.0  0.0  0.0  0.0 20.8  0.0 20.8  0.0  0.0 20.8  0.0  0.0
    -17.42     -5.73     17.44      3.32     -0.47 20.8  0.0  0.0  0.0  0.0
                                t000117_s13_p34_ai-el2ap.txt 12.0  4.9   57
  0.0  0.0  0.0 70.2  0.0  0.0  0.0  0.0  0.0 17.5  0.0  0.0  0.0  0.0  0.0
  0.0  0.0  0.0 17.5  0.0  0.0245.6105.3 70.2  0.0  0.0  0.0  0.0  0.0  0.0
  0.0 17.5 52.6  0.0  0.0 52.6 17.5  0.0  0.0  0.0  0.0  0.0 17.5  0.0  0.0
  0.0  0.0  0.0  0.0  0.0  0.0 35.1  0.0  0.0  0.0105.3  0.0  0.0 70.2  0.0
  0.0  0.0  0.0  0.0  0.0  0.0  0.0  0.0  0.0  0.0  0.0  0.0  0.0  0.0  0.0
  0.0  0.0  0.0  0.0  0.0  0.0  0.0  0.0  0.0  0.0  0.0  0.0  0.0  0.0  0.0
  0.0  0.0  0.0  0.0  0.0  0.0  0.0  0.0  0.0 17.5  0.0  0.0  0.0  0.0  0.0
  0.0  0.0  0.0  0.0  0.0  0.0 17.5  0.0  0.0  0.0  0.0  0.0  0.0  0.0  0.0
  0.0  0.0  0.0  0.0  0.0  0.0  0.0  0.0  0.0  0.0  0.0  0.0  0.0  0.0  0.0
  0.0  0.0  0.0  0.0  0.0  0.0  0.0  0.0  0.0  0.0  0.0 17.5  0.0  0.0  0.0
    -17.69     -5.73      8.14     -6.61      7.34 17.5  0.0  0.0  0.0  0.0
                                t000117_s13_p35_ai-el2ap.txt 21.5  5.2  122
  8.2  0.0  0.0114.8  0.0  0.0  8.2  0.0 16.4  0.0  0.0  0.0  0.0  8.2  0.0
  0.0  0.0  0.0  0.0  0.0  0.0237.7106.6 49.2 32.8 24.6 57.4  8.2  0.0  0.0
  0.0  0.0 65.6  8.2  0.0 32.8  0.0 16.4  0.0  0.0  0.0 24.6  0.0  0.0  0.0
  0.0 16.4 24.6  0.0  0.0 16.4 16.4  0.0  0.0  0.0 57.4 41.0  0.0147.5  0.0
  8.2  0.0  0.0  0.0  0.0  0.0  0.0  0.0  0.0  0.0  0.0  0.0  0.0  0.0  0.0
  0.0  0.0  0.0  8.2  0.0 16.4  0.0  0.0  0.0  0.0  0.0  0.0  0.0  0.0  0.0
  0.0  0.0  0.0  0.0  0.0  0.0  0.0  0.0  0.0  0.0  0.0  0.0  0.0  0.0  0.0
 24.6  0.0  0.0 24.6  0.0  0.0  0.0  0.0  0.0  0.0  0.0  0.0  0.0  0.0  0.0
  0.0  0.0  0.0  0.0  0.0  0.0  0.0  0.0 24.6  0.0 16.4  0.0  0.0 24.6  8.2
  0.0  0.0  8.2  0.0  8.2  0.0  0.0  8.2 24.6 24.6  0.0 24.6  8.2  0.0  0.0
    -14.74      9.00      1.32      7.13     -3.63  8.2  0.0  0.0  0.0  0.0
                                t000117_s13_p36_ai-el2ap.txt 20.3  5.6  103
  0.0  0.0  0.0 68.0  0.0  0.0  0.0  0.0  0.0  0.0  0.0  0.0  0.0  0.0  0.0
  0.0  0.0  0.0  9.7  0.0  0.0301.0126.2126.2  0.0  0.0 29.1  0.0  0.0  0.0
  0.0  9.7145.6  9.7  9.7 38.8  0.0  0.0  0.0  0.0  0.0  9.7 19.4  9.7  0.0
  0.0  9.7  0.0  0.0  0.0  0.0 29.1  9.7  0.0  0.0155.3  0.0  0.0 68.0  0.0
  9.7  0.0  0.0  0.0  0.0  0.0  0.0  0.0  0.0  0.0  0.0  0.0  0.0  0.0  0.0
  0.0  0.0  0.0  0.0  0.0  0.0  0.0  0.0  0.0  0.0  0.0  0.0  0.0  0.0  0.0
  0.0  0.0  0.0  0.0  0.0  0.0  0.0  0.0  0.0  9.7  0.0  0.0  0.0  0.0  0.0
  0.0  0.0  0.0  0.0  0.0  0.0  9.7  0.0  0.0  0.0  0.0  0.0  0.0  0.0  0.0
  0.0  0.0  0.0  0.0  0.0  0.0  0.0  0.0 29.1  9.7 48.5  0.0 19.4  0.0  0.0
  0.0  0.0  9.7  0.0  0.0  0.0 19.4  0.0  9.7  9.7  0.0 19.4  0.0  0.0  0.0
    -28.91     -0.13      6.85     -2.72      9.98  0.0  0.0  0.0  0.0  0.0
                                t000117_s13_p37_ai-el2ap.txt 18.5  6.2   87
  0.0  0.0  0.0 46.0  0.0  0.0  0.0  0.0  0.0  0.0  0.0  0.0  0.0  0.0  0.0
  0.0  0.0 23.0 34.5  0.0  0.0379.3126.4149.4 11.5  0.0  0.0  0.0  0.0  0.0
  0.0  0.0114.9  0.0  0.0 11.5 11.5  0.0  0.0  0.0  0.0  0.0  0.0 11.5  0.0
  0.0  0.0 11.5  0.0  0.0 23.0 34.5 11.5  0.0  0.0160.9  0.0  0.0 92.0 23.0
  0.0  0.0  0.0  0.0  0.0  0.0  0.0  0.0  0.0  0.0  0.0  0.0  0.0  0.0  0.0
  0.0  0.0  0.0  0.0  0.0 11.5  0.0 11.5  0.0  0.0  0.0  0.0  0.0  0.0  0.0
  0.0  0.0  0.0  0.0  0.0  0.0  0.0  0.0 11.5  0.0  0.0  0.0  0.0  0.0  0.0
 11.5 11.5  0.0 23.0  0.0 11.5 11.5  0.0  0.0  0.0  0.0  0.0  0.0  0.0  0.0
  0.0  0.0  0.0  0.0  0.0  0.0  0.0 11.5 34.5 11.5 11.5  0.0 11.5  0.0 11.5
  0.0  0.0  0.0  0.0  0.0  0.0 23.0 11.5  0.0 11.5  0.0  0.0  0.0  0.0  0.0
    -22.76     -5.35      8.30     -6.61     -1.88  0.0  0.0 23.0  0.0  0.0
                                t000117_s13_p38_ai-el2ap.txt 11.3  6.0   53
 18.9 18.9  0.0 75.5  0.0  0.0  0.0  0.0  0.0  0.0  0.0  0.0  0.0  0.0  0.0
  0.0  0.0  0.0  0.0  0.0  0.0339.6132.1 56.6 18.9  0.0 18.9 18.9  0.0  0.0
  0.0  0.0113.2  0.0  0.0 56.6  0.0  0.0  0.0  0.0 18.9 18.9  0.0  0.0  0.0
  0.0  0.0 18.9  0.0  0.0 18.9  0.0  0.0  0.0  0.0 75.5  0.0  0.0 75.5  0.0
 18.9  0.0  0.0  0.0  0.0  0.0  0.0  0.0  0.0  0.0  0.0  0.0  0.0  0.0  0.0
  0.0  0.0  0.0 37.7  0.0  0.0  0.0  0.0  0.0  0.0  0.0  0.0  0.0  0.0  0.0
  0.0  0.0  0.0  0.0  0.0  0.0  0.0  0.0  0.0  0.0  0.0  0.0  0.0  0.0  0.0
 37.7  0.0  0.0 37.7  0.0  0.0  0.0  0.0  0.0  0.0  0.0  0.0  0.0  0.0  0.0
  0.0  0.0  0.0  0.0  0.0  0.0  0.0  0.0 18.9 18.9113.2  0.0  0.0  0.0  0.0
 37.7  0.0 18.9  0.0  0.0  0.0  0.0  0.0 18.9 18.9  0.0 18.9  0.0  0.0  0.0
    -22.95      2.02      5.62      9.93     -3.63  0.0  0.0  0.0  0.0  0.0
                                t000117_s13_p39_ai-el2ap.txt 26.3  6.6  143
 14.0  0.0  0.0 69.9  0.0  0.0  0.0  0.0  0.0  7.0  0.0  0.0  0.0  0.0  0.0
  0.0  0.0  0.0  0.0  0.0  0.0272.7139.9111.9 14.0 21.0 14.0  0.0  0.0  0.0
  0.0  7.0139.9 14.0  7.0 35.0 14.0  0.0  0.0  0.0  0.0  7.0 14.0 21.0  7.0
  0.0  0.0  0.0  0.0  0.0  0.0  7.0 28.0  0.0  0.0153.8 21.0  0.0111.9  7.0
  7.0  0.0  0.0  0.0  0.0  0.0  0.0  0.0  0.0  0.0  0.0  0.0  0.0  0.0  0.0
  0.0  0.0  0.0  0.0  0.0  0.0  0.0  0.0  0.0  7.0  0.0  0.0  0.0  0.0  0.0
  0.0  0.0  0.0  0.0  0.0  0.0  0.0  7.0  0.0  0.0  0.0  0.0  0.0  0.0  0.0
  0.0  7.0  0.0  7.0  0.0  7.0  7.0  0.0  0.0  0.0  0.0  0.0  0.0  0.0  0.0
  0.0  0.0  0.0  0.0  0.0  0.0  0.0  0.0  7.0  0.0  7.0  7.0  0.0  0.0 14.0
  7.0  0.0  0.0  0.0  0.0  7.0  7.0  0.0  0.0  7.0  7.0  7.0  0.0  0.0  0.0
    -29.94     -1.65      5.24     -3.81     13.67  0.0  0.0  0.0  0.0  0.0
                                 t000117_s13_p4_ai-el2ap.txt 12.3  6.6   52
  0.0  0.0  0.0 57.7  0.0  0.0  0.0  0.0  0.0  0.0  0.0  0.0  0.0  0.0  0.0
  0.0  0.0  0.0  0.0  0.0  0.0365.4173.1115.4  0.0 19.2 19.2  0.0  0.0  0.0
  0.0  0.0153.8  0.0  0.0 19.2  0.0  0.0 19.2  0.0 19.2  0.0  0.0  0.0  0.0
  0.0  0.0 19.2  0.0 19.2 19.2  0.0  0.0  0.0  0.0134.6 19.2  0.0 57.7  0.0
  0.0  0.0  0.0  0.0  0.0  0.0  0.0  0.0  0.0  0.0  0.0  0.0  0.0  0.0  0.0
  0.0  0.0  0.0 19.2  0.0  0.0  0.0  0.0  0.0  0.0  0.0  0.0  0.0  0.0  0.0
  0.0  0.0  0.0  0.0  0.0  0.0  0.0  0.0  0.0  0.0  0.0  0.0  0.0  0.0  0.0
 19.2  0.0  0.0 19.2  0.0  0.0  0.0  0.0  0.0  0.0  0.0  0.0  0.0  0.0  0.0
  0.0  0.0  0.0  0.0  0.0  0.0  0.0  0.0 19.2  0.0  0.0  0.0  0.0 19.2  0.0
  0.0  0.0  0.0  0.0  0.0 38.5 19.2 19.2 19.2  0.0  0.0  0.0  0.0  0.0  0.0
    -36.70     -1.17     10.56      8.76     -3.63 19.2 19.2  0.0  0.0  0.0
                                 t000117_s13_p5_ai-el2ap.txt 11.0  5.8   63
 15.9  0.0  0.0 47.6  0.0  0.0  0.0  0.0  0.0  0.0  0.0  0.0  0.0  0.0  0.0
  0.0  0.0  0.0  0.0  0.0  0.0381.0190.5 63.5  0.0  0.0 15.9 15.9  0.0  0.0
  0.0  0.0 63.5  0.0  0.0  0.0  0.0  0.0  0.0  0.0  0.0  0.0  0.0  0.0  0.0
  0.0  0.0 15.9  0.0  0.0  0.0  0.0  0.0  0.0  0.0 79.4  0.0  0.0 79.4 15.9
 15.9  0.0  0.0  0.0  0.0  0.0  0.0  0.0  0.0  0.0  0.0  0.0  0.0  0.0  0.0
  0.0  0.0  0.0 15.9  0.0  0.0  0.0  0.0  0.0  0.0  0.0  0.0  0.0  0.0  0.0
  0.0  0.0  0.0  0.0  0.0  0.0  0.0  0.0  0.0  0.0  0.0  0.0  0.0  0.0  0.0
 15.9  0.0  0.0 15.9  0.0  0.0  0.0  0.0  0.0  0.0  0.0  0.0  0.0  0.0  0.0
  0.0  0.0  0.0  0.0  0.0  0.0  0.0  0.0 15.9  0.0 31.7  0.0  0.0  0.0 31.7
  0.0  0.0  0.0  0.0  0.0  0.0 15.9  0.0  0.0 15.9  0.0 15.9  0.0  0.0  0.0
    -31.91      0.26      5.38     -6.61     -3.63  0.0  0.0  0.0  0.0  0.0
                                 t000117_s13_p6_ai-el2ap.txt 15.8  5.5   79
 12.7  0.0  0.0 50.6  0.0 12.7  0.0  0.0  0.0  0.0  0.0  0.0  0.0  0.0  0.0
  0.0  0.0  0.0 12.7  0.0  0.0430.4139.2 50.6  0.0 12.7 12.7  0.0  0.0  0.0
  0.0  0.0 88.6  0.0  0.0 25.3  0.0  0.0  0.0  0.0  0.0  0.0  0.0  0.0  0.0
  0.0  0.0  0.0  0.0  0.0  0.0 12.7  0.0  0.0  0.0 50.6 12.7  0.0 63.3 12.7
 12.7  0.0  0.0  0.0  0.0  0.0  0.0  0.0  0.0  0.0  0.0  0.0  0.0  0.0  0.0
  0.0  0.0  0.0  0.0  0.0  0.0  0.0  0.0  0.0  0.0  0.0  0.0  0.0  0.0  0.0
  0.0  0.0  0.0  0.0  0.0  0.0  0.0  0.0  0.0  0.0  0.0  0.0  0.0  0.0  0.0
  0.0  0.0  0.0  0.0  0.0  0.0  0.0  0.0  0.0  0.0  0.0  0.0  0.0  0.0  0.0
  0.0  0.0  0.0  0.0  0.0  0.0  0.0  0.0 12.7  0.0  0.0 12.7  0.0 12.7 12.7
 12.7  0.0 12.7  0.0  0.0  0.0 25.3 12.7 12.7 12.7  0.0  0.0  0.0  0.0  0.0
    -23.80     -2.73      5.69     -6.61     -3.63  0.0  0.0  0.0  0.0  0.0
                                 t000117_s13_p7_ai-el2ap.txt 16.0  5.5   88
  0.0  0.0  0.0 56.8  0.0  0.0  0.0  0.0  0.0  0.0  0.0  0.0  0.0  0.0  0.0
  0.0  0.0  0.0  0.0  0.0  0.0261.4204.5 90.9 11.4  0.0  0.0  0.0  0.0  0.0
  0.0  0.0 79.5  0.0  0.0 22.7 11.4  0.0  0.0  0.0 11.4  0.0  0.0  0.0 11.4
 11.4  0.0  0.0  0.0  0.0 11.4  0.0 22.7  0.0  0.0102.3  0.0  0.0 90.9 11.4
  0.0  0.0  0.0  0.0  0.0  0.0  0.0  0.0  0.0  0.0  0.0  0.0  0.0  0.0  0.0
  0.0  0.0  0.0  0.0  0.0 11.4  0.0  0.0  0.0  0.0  0.0  0.0  0.0  0.0  0.0
  0.0  0.0  0.0  0.0  0.0  0.0  0.0  0.0  0.0  0.0  0.0  0.0  0.0  0.0  0.0
 11.4  0.0  0.0 11.4  0.0  0.0  0.0  0.0  0.0  0.0  0.0  0.0  0.0  0.0  0.0
  0.0  0.0  0.0  0.0  0.0  0.0  0.0 11.4 34.1 11.4 56.8  0.0  0.0 11.4 11.4
  0.0  0.0  0.0  0.0 11.4  0.0  0.0 11.4  0.0  0.0  0.0 11.4  0.0  0.0  0.0
    -30.93     -5.35      5.21     -1.19      8.78 11.4  0.0  0.0  0.0  0.0
                                 t000117_s13_p8_ai-el2ap.txt 22.0  6.1  118
 25.4  0.0  0.0 59.3  0.0  0.0  8.5  0.0  0.0  0.0  0.0  0.0  0.0  0.0  0.0
  0.0  0.0 16.9  0.0  0.0  0.0322.0144.1 76.3 25.4  8.5  0.0  0.0  0.0  0.0
  0.0  0.0144.1  8.5  0.0 33.9  8.5  0.0  0.0  0.0  0.0  0.0  8.5  8.5  8.5
  0.0  0.0  0.0  0.0  0.0 16.9  0.0 16.9  0.0  0.0 93.2  8.5  0.0118.6 16.9
  8.5  0.0  0.0  0.0  0.0  0.0  0.0  0.0  0.0  0.0  0.0  0.0  0.0  0.0  0.0
  0.0  0.0  0.0  0.0  8.5  0.0  0.0  0.0  0.0  0.0  0.0  0.0  0.0  0.0  0.0
  8.5  0.0  0.0  0.0  0.0  0.0  0.0  0.0  0.0  0.0  0.0  0.0  0.0  0.0  0.0
  8.5  0.0  0.0  8.5  8.5  0.0  8.5  0.0  0.0  0.0  0.0  0.0  0.0  0.0  0.0
  0.0  0.0  0.0  0.0  0.0  0.0  0.0 16.9 33.9 42.4 16.9  0.0  0.0  0.0  0.0
  0.0  0.0  0.0  0.0  0.0  0.0  0.0 16.9  0.0 33.9  0.0 16.9  0.0  0.0  0.0
    -21.84     -4.51      6.63     -6.61      9.47  0.0  0.0  8.5  0.0  0.0
                                 t000117_s13_p9_ai-el2ap.txt 11.5  5.6   53
  0.0  0.0  0.0 37.7  0.0  0.0  0.0  0.0  0.0  0.0  0.0  0.0  0.0  0.0  0.0
  0.0  0.0  0.0  0.0  0.0  0.0339.6132.1 94.3  0.0  0.0 18.9  0.0  0.0  0.0
  0.0  0.0 56.6  0.0  0.0 18.9  0.0 18.9  0.0  0.0  0.0  0.0 18.9 18.9  0.0
 18.9  0.0  0.0  0.0  0.0 18.9  0.0 37.7  0.0  0.0 94.3  0.0  0.0 75.5  0.0
 18.9  0.0  0.0  0.0  0.0  0.0  0.0  0.0  0.0  0.0  0.0  0.0  0.0  0.0  0.0
  0.0  0.0  0.0  0.0  0.0  0.0  0.0  0.0  0.0  0.0  0.0  0.0  0.0  0.0  0.0
  0.0  0.0  0.0  0.0  0.0  0.0  0.0  0.0  0.0  0.0  0.0  0.0  0.0  0.0  0.0
  0.0  0.0  0.0  0.0  0.0  0.0  0.0  0.0  0.0  0.0  0.0  0.0  0.0  0.0  0.0
  0.0  0.0  0.0  0.0  0.0  0.0  0.0  0.0  0.0 18.9  0.0  0.0  0.0 18.9  0.0
  0.0  0.0  0.0  0.0  0.0  0.0  0.0  0.0  0.0 18.9  0.0  0.0 18.9  0.0  0.0
    -31.34     -2.10      3.83     -2.11     17.11  0.0  0.0  0.0  0.0  0.0
                                  t000117_s2_p1_ai-el2ap.txt  6.5  4.6   29
  0.0  0.0  0.0  0.0  0.0  0.0  0.0  0.0  0.0  0.0  0.0  0.0  0.0  0.0  0.0
  0.0  0.0  0.0  0.0  0.0  0.0448.3172.4  0.0 34.5  0.0  0.0  0.0  0.0  0.0
  0.0  0.0 34.5  0.0  0.0  0.0  0.0  0.0  0.0  0.0  0.0  0.0  0.0  0.0 34.5
  0.0  0.0  0.0  0.0  0.0  0.0  0.0 34.5  0.0  0.0 34.5  0.0  0.0 34.5  0.0
  0.0  0.0  0.0  0.0  0.0  0.0  0.0  0.0  0.0  0.0  0.0  0.0  0.0  0.0  0.0
  0.0  0.0  0.0  0.0  0.0  0.0  0.0  0.0  0.0  0.0  0.0  0.0  0.0  0.0  0.0
  0.0  0.0  0.0  0.0  0.0  0.0  0.0  0.0  0.0  0.0  0.0  0.0  0.0  0.0  0.0
  0.0  0.0  0.0  0.0  0.0  0.0  0.0  0.0  0.0  0.0  0.0  0.0  0.0  0.0  0.0
  0.0  0.0  0.0  0.0  0.0  0.0  0.0  0.0 34.5  0.0  0.0  0.0  0.0 34.5  0.0
  0.0  0.0  0.0  0.0  0.0  0.0  0.0  0.0  0.0  0.0  0.0  0.0  0.0  0.0  0.0
    -29.48     -4.59      3.37     -6.61     22.90  0.0  0.0  0.0  0.0  0.0
                                  t000117_s4_p2_ai-el2ap.txt 17.8  6.0   91
  0.0  0.0  0.0 65.9  0.0  0.0  0.0  0.0  0.0  0.0  0.0  0.0  0.0  0.0  0.0
  0.0  0.0  0.0 11.0  0.0  0.0362.6131.9 54.9  0.0  0.0  0.0  0.0  0.0  0.0
  0.0  0.0131.9  0.0  0.0 11.0  0.0  0.0 11.0  0.0  0.0  0.0 11.0  0.0 11.0
  0.0 22.0 11.0  0.0  0.0  0.0 33.0 11.0  0.0  0.0 65.9  0.0  0.0 98.9 11.0
  0.0  0.0  0.0  0.0  0.0  0.0  0.0  0.0  0.0  0.0  0.0  0.0  0.0  0.0  0.0
  0.0  0.0  0.0  0.0  0.0  0.0  0.0  0.0  0.0  0.0  0.0  0.0 11.0  0.0  0.0
  0.0  0.0  0.0  0.0  0.0  0.0  0.0  0.0  0.0  0.0  0.0  0.0  0.0  0.0  0.0
  0.0  0.0 11.0 11.0  0.0  0.0  0.0  0.0  0.0  0.0  0.0  0.0  0.0  0.0  0.0
  0.0  0.0  0.0  0.0  0.0  0.0  0.0  0.0 22.0 22.0 54.9  0.0  0.0  0.0  0.0
 11.0  0.0  0.0  0.0  0.0  0.0  0.0 22.0  0.0  0.0  0.0  0.0 22.0  0.0  0.0
    -27.75     -5.73      9.51     -3.06     11.69  0.0  0.0  0.0  0.0  0.0
                                  t000117_s4_p3_ai-el2ap.txt 22.5  6.2  116
 17.2  0.0  0.0 69.0  0.0  0.0  0.0  0.0  0.0  0.0  0.0  0.0  0.0  0.0  0.0
  0.0  0.0  0.0  8.6  0.0  0.0319.0103.4 69.0 17.2  8.6  8.6  0.0  0.0  0.0
  0.0  0.0112.1  0.0  0.0 43.1  8.6  0.0  0.0  0.0  0.0  8.6  8.6 17.2  0.0
  0.0  0.0  8.6  8.6  0.0  0.0  8.6 17.2  0.0  0.0112.1  8.6  0.0 94.8  0.0
  8.6  0.0  0.0  0.0  0.0  0.0  0.0  0.0  0.0  0.0  0.0  0.0  0.0  0.0  0.0
  0.0  0.0  0.0  0.0  0.0  0.0  0.0  0.0  0.0  0.0  0.0  0.0  0.0  0.0  0.0
  0.0  0.0  0.0  0.0  0.0  0.0  0.0  0.0  0.0  0.0  0.0  0.0  0.0  0.0  0.0
  0.0  0.0  0.0  0.0  0.0  0.0  0.0  0.0  0.0  0.0  0.0  0.0  0.0  0.0  0.0
  0.0  0.0  0.0  0.0  0.0  0.0  0.0  0.0 25.9 17.2 17.2  0.0  0.0  8.6  8.6
  0.0  0.0  0.0  0.0  0.0  0.0  0.0  0.0  0.0  0.0  0.0  0.0 17.2  0.0  0.0
    -25.37     -3.12      6.31     -3.16      4.37  0.0  0.0  0.0  0.0  0.0
                                  t000117_s4_p4_ai-el2ap.txt 32.3  6.0  217
  0.0  0.0  0.0 64.5  0.0  0.0  0.0  4.6  0.0  4.6  0.0  0.0  0.0  0.0  0.0
  4.6  0.0  9.2 13.8  0.0  0.0327.2147.5115.2  4.6  0.0 13.8  0.0  0.0  0.0
  4.6  0.0119.8  0.0  0.0 23.0  0.0  4.6  9.2  0.0  0.0 13.8 13.8  9.2  9.2
  0.0  9.2  9.2  0.0  0.0 13.8 23.0 18.4  0.0  4.6124.4  0.0  0.0 82.9  4.6
  4.6  0.0  0.0  0.0  0.0  0.0  0.0  0.0  0.0  0.0  0.0  0.0  0.0  0.0  0.0
  0.0  0.0  0.0  4.6  0.0  0.0  0.0  0.0  0.0  0.0  0.0  0.0  0.0  0.0  0.0
  0.0  0.0  0.0  0.0  0.0  0.0  0.0  0.0  0.0  0.0  0.0  0.0  0.0  0.0  0.0
  4.6  0.0  0.0  4.6  0.0  0.0  0.0  0.0  0.0  0.0  0.0  0.0  0.0  0.0  0.0
  0.0  0.0  0.0  0.0  0.0  0.0  0.0  0.0 32.3  0.0 13.8  0.0  0.0  0.0  0.0
  4.6  0.0  0.0  0.0  0.0  0.0 13.8  9.2 18.4  4.6  0.0  0.0 13.8  0.0  0.0
    -24.04     -2.92     12.17      3.00     13.50  4.6  0.0  0.0  0.0  0.0
                                  t000117_s4_p5_ai-el2ap.txt 28.8  5.7  159
 18.9  0.0  0.0 62.9  0.0  0.0  0.0  0.0  0.0  0.0  0.0  0.0  0.0  0.0  0.0
  6.3  0.0  6.3 12.6  0.0  0.0239.0113.2125.8 18.9 18.9 12.6  6.3  0.0 12.6
  0.0  0.0 88.1  0.0  6.3 31.4 18.9  0.0  0.0  0.0  0.0  6.3  0.0  0.0  6.3
  0.0  6.3  6.3  6.3  6.3  6.3 18.9  6.3  0.0 12.6150.9 18.9  0.0125.8  6.3
  6.3  0.0  0.0  0.0  0.0  0.0  0.0  0.0  0.0  0.0  0.0  0.0  0.0  0.0  0.0
  0.0  0.0  0.0  6.3  0.0  6.3  0.0  0.0  0.0  0.0  0.0  0.0  0.0  0.0  0.0
  0.0 12.6  0.0  0.0  0.0  0.0  0.0  0.0  0.0  6.3  0.0  0.0  0.0  0.0  0.0
 12.6  0.0  0.0 12.6 12.6  0.0 18.9  0.0  0.0  0.0  0.0  0.0  0.0  0.0  0.0
  0.0  0.0  0.0  0.0  0.0  0.0  0.0  0.0 31.4 12.6 37.7  6.3  0.0  6.3  0.0
  6.3  0.0  6.3  0.0  0.0 18.9 12.6  6.3  6.3 31.4 12.6  6.3 25.2  0.0  0.0
    -20.47     -0.68      9.74     -4.09      1.21 12.6  0.0  0.0  0.0  0.0
                                  t000117_s7_p1_ai-el2ap.txt 29.5  6.0  169
  0.0  0.0  0.0 41.4  0.0  0.0  0.0  0.0  0.0  0.0  0.0  0.0  0.0  0.0  0.0
  0.0  0.0  0.0  5.9  0.0  0.0390.5147.9100.6 11.8 11.8  5.9  5.9  0.0  5.9
  0.0  0.0136.1  0.0  0.0 17.8 17.8  0.0  5.9  0.0  0.0  5.9  0.0  5.9  0.0
 11.8  0.0 11.8  0.0  0.0  0.0  5.9 17.8  0.0  5.9118.3 11.8  0.0 82.8  0.0
  0.0  0.0  0.0  0.0  0.0  0.0  0.0  0.0  0.0  0.0  0.0  0.0  0.0  0.0  0.0
  0.0  0.0  0.0 11.8  0.0  0.0  0.0  5.9  0.0  0.0  0.0  0.0  0.0  0.0  0.0
  0.0  5.9  0.0  0.0  0.0  0.0  0.0  0.0  5.9  0.0  0.0  0.0  0.0  0.0  0.0
 11.8  5.9  0.0 17.8  5.9  5.9 11.8  0.0  0.0  0.0  0.0  0.0  0.0  0.0  0.0
  0.0  0.0  0.0  0.0  0.0  0.0  0.0 11.8 41.4  0.0 17.8  5.9  0.0  0.0  0.0
  5.9  0.0 11.8  0.0  0.0 11.8  5.9 17.8 11.8  5.9  0.0 11.8  0.0  0.0  0.0
    -33.34     -2.58     12.37     -2.33      1.09  0.0  0.0  0.0  0.0  0.0
                                  t000117_s7_p2_ai-el2ap.txt 21.3  6.0  116
  8.6  0.0  0.0 60.3  0.0  0.0  0.0  0.0  0.0  8.6  0.0  0.0  0.0  0.0  0.0
  0.0  0.0  0.0  8.6  0.0  0.0293.1 86.2120.7  0.0  0.0 25.9  0.0  0.0  0.0
  0.0 25.9 94.8  8.6  0.0  8.6  8.6  8.6 17.2  0.0  0.0 17.2  0.0  8.6  8.6
  8.6  0.0  8.6  0.0  0.0  8.6 34.5 25.9  0.0  0.0155.2  0.0  0.0129.3 34.5
  0.0  0.0  0.0  0.0  0.0  0.0  0.0  0.0  0.0  0.0  0.0  0.0  0.0  0.0  0.0
  0.0  0.0  0.0  0.0  0.0  0.0  0.0  0.0  0.0  0.0  0.0  0.0  0.0  8.6  0.0
  0.0  0.0  0.0  0.0  0.0  0.0  0.0  0.0  0.0  0.0  0.0  0.0  0.0  0.0  0.0
  0.0  0.0  8.6  8.6  0.0  0.0  0.0  0.0  0.0  0.0  0.0  0.0  0.0  0.0  0.0
  0.0  0.0  0.0  0.0  0.0  0.0  0.0  0.0 17.2 17.2 25.9  8.6  8.6 17.2  0.0
  0.0  0.0  0.0  0.0  0.0  8.6 17.2  0.0 25.9 17.2 17.2  0.0  0.0  0.0  0.0
    -26.23     -0.75     14.18      7.91      7.09  0.0  0.0  0.0  0.0  0.0
                                  t000117_s7_p3_ai-el2ap.txt 33.3  5.8  195
  5.1  0.0  0.0 35.9  0.0  0.0  0.0  0.0  0.0  0.0  5.1  0.0  0.0  0.0  0.0
  0.0  0.0  0.0 10.3  0.0  0.0333.3159.0 66.7 25.6  0.0  5.1  5.1  0.0 10.3
  0.0  0.0138.5  5.1  0.0 25.6  0.0  5.1  0.0  0.0  0.0  5.1 10.3 15.4  5.1
  0.0  0.0  5.1  0.0 10.3  5.1 10.3 20.5  0.0 10.3 92.3  0.0  0.0 76.9  5.1
  5.1  0.0  0.0  0.0  0.0  0.0  0.0  0.0  0.0  0.0  0.0  0.0  0.0  0.0  0.0
  0.0  0.0  0.0  5.1  0.0  0.0  0.0  0.0  0.0  0.0  0.0  0.0  0.0  0.0  0.0
  0.0  0.0  0.0  0.0  0.0  0.0  0.0  0.0  0.0  0.0  0.0  0.0  0.0  0.0  0.0
  5.1  0.0  0.0  5.1  0.0  0.0  0.0  0.0  0.0  0.0  0.0  0.0  0.0  0.0  0.0
  0.0  0.0  0.0  0.0  0.0  0.0  0.0  0.0 15.4 15.4 35.9  0.0  0.0 10.3  0.0
 10.3  0.0  5.1  0.0  0.0  0.0 10.3  0.0  5.1  0.0  0.0  0.0 10.3  0.0  0.0
    -28.13     -2.95     12.80     -3.33      9.06  0.0  0.0  0.0  0.0  0.0
                                  t000117_s7_p4_ai-el2ap.txt 28.8  6.2  184
  5.4  0.0  0.0 43.5  0.0  0.0  0.0  0.0  0.0 10.9  0.0  0.0  0.0  0.0  0.0
  0.0  0.0  0.0  5.4  0.0  0.0385.9141.3 70.7  0.0  0.0  5.4  0.0  0.0  0.0
  0.0  0.0157.6  0.0  0.0 32.6  0.0  0.0  0.0  0.0  0.0  5.4  5.4  5.4  0.0
  0.0  0.0  5.4  0.0  0.0  0.0  5.4  5.4  0.0  0.0 76.1  0.0  0.0 65.2 10.9
  5.4  0.0  0.0  0.0  0.0  0.0  0.0  0.0  0.0  0.0  0.0  0.0  0.0  0.0  0.0
  0.0  0.0  0.0 10.9  0.0  0.0  0.0  0.0  0.0  0.0  0.0  0.0  0.0  0.0  0.0
  0.0  0.0  0.0  0.0  0.0  0.0  0.0  0.0  0.0  0.0  0.0  0.0  0.0  0.0  0.0
 10.9  0.0  0.0 10.9  0.0  0.0  0.0  0.0  0.0  0.0  0.0  0.0  0.0  0.0  0.0
  0.0  0.0  0.0  0.0  0.0  0.0  0.0  0.0  0.0 10.9 38.0  0.0  0.0 27.2 10.9
  0.0  0.0  0.0  0.0  0.0  0.0  0.0  0.0 10.9 16.3  0.0  0.0  5.4  0.0  0.0
    -29.82     -4.68     10.07     -4.43      0.59 21.7  0.0  0.0  0.0  0.0
                                  t000118_s1_p1_ai-el2ap.txt 15.8  5.4   95
  0.0  0.0  0.0 52.6  0.0  0.0  0.0  0.0  0.0 31.6  0.0  0.0  0.0  0.0  0.0
  0.0  0.0 10.5 42.1  0.0  0.0410.5115.8 63.2  0.0  0.0  0.0  0.0  0.0  0.0
  0.0 31.6 31.6  0.0  0.0 10.5 10.5  0.0  0.0  0.0  0.0 10.5  0.0 31.6 10.5
  0.0  0.0  0.0 21.1 10.5 10.5 73.7 42.1  0.0  0.0 73.7  0.0  0.0 84.2  0.0
  0.0  0.0  0.0  0.0  0.0  0.0  0.0  0.0  0.0  0.0  0.0  0.0  0.0  0.0  0.0
  0.0  0.0  0.0  0.0  0.0  0.0  0.0  0.0  0.0  0.0  0.0  0.0  0.0  0.0  0.0
  0.0  0.0  0.0  0.0  0.0  0.0  0.0  0.0  0.0  0.0  0.0  0.0  0.0  0.0  0.0
  0.0  0.0  0.0  0.0  0.0  0.0  0.0  0.0  0.0  0.0  0.0  0.0  0.0  0.0  0.0
  0.0  0.0  0.0  0.0  0.0  0.0  0.0 31.6  0.0  0.0 21.1 10.5  0.0 10.5  0.0
  0.0  0.0 10.5  0.0  0.0  0.0  0.0  0.0 10.5 10.5  0.0  0.0 10.5  0.0  0.0
    -13.83     -5.73     14.26     -2.39      9.26  0.0  0.0  0.0  0.0  0.0
                                 t000118_s14_p1_ai-el2ap.txt 10.0  5.6   47
  0.0  0.0  0.0  0.0  0.0  0.0  0.0  0.0  0.0  0.0  0.0  0.0  0.0  0.0  0.0
  0.0  0.0  0.0  0.0  0.0  0.0468.1127.7 21.3 85.1  0.0  0.0  0.0  0.0  0.0
  0.0  0.0 63.8  0.0  0.0 42.6  0.0  0.0  0.0  0.0  0.0  0.0  0.0 21.3  0.0
 42.6  0.0  0.0  0.0  0.0  0.0  0.0 63.8  0.0  0.0 42.6  0.0  0.0106.4  0.0
  0.0  0.0  0.0  0.0  0.0  0.0  0.0  0.0  0.0  0.0  0.0  0.0  0.0  0.0  0.0
  0.0  0.0  0.0  0.0  0.0  0.0  0.0  0.0  0.0  0.0  0.0  0.0  0.0  0.0  0.0
  0.0  0.0  0.0  0.0  0.0  0.0  0.0  0.0  0.0  0.0  0.0  0.0  0.0  0.0  0.0
  0.0  0.0  0.0  0.0  0.0  0.0  0.0  0.0  0.0  0.0  0.0  0.0  0.0  0.0  0.0
  0.0  0.0  0.0  0.0  0.0  0.0  0.0 21.3 21.3  0.0  0.0  0.0  0.0  0.0 21.3
  0.0  0.0  0.0  0.0  0.0  0.0  0.0 21.3  0.0  0.0  0.0  0.0  0.0  0.0  0.0
    -31.96     -2.93      2.99     -6.61     13.32  0.0  0.0  0.0  0.0  0.0
                                 t000118_s14_p2_ai-el2ap.txt  5.5  6.7   26
  0.0  0.0  0.0 38.5  0.0  0.0  0.0 38.5  0.0  0.0  0.0  0.0  0.0  0.0  0.0
  0.0  0.0  0.0  0.0  0.0  0.0230.8115.4153.8 38.5  0.0  0.0  0.0  0.0  0.0
  0.0  0.0 76.9  0.0  0.0 76.9  0.0  0.0  0.0  0.0  0.0  0.0  0.0  0.0  0.0
  0.0  0.0  0.0  0.0 38.5  0.0  0.0  0.0  0.0  0.0192.3  0.0  0.0 76.9  0.0
  0.0  0.0  0.0  0.0  0.0  0.0  0.0  0.0  0.0  0.0  0.0  0.0  0.0  0.0  0.0
  0.0  0.0  0.0  0.0  0.0  0.0  0.0  0.0  0.0  0.0  0.0  0.0  0.0  0.0  0.0
  0.0  0.0  0.0  0.0  0.0  0.0  0.0  0.0  0.0  0.0  0.0  0.0  0.0  0.0  0.0
  0.0  0.0  0.0  0.0  0.0  0.0  0.0  0.0  0.0  0.0  0.0  0.0  0.0  0.0  0.0
  0.0  0.0  0.0  0.0  0.0  0.0  0.0 76.9  0.0  0.0 38.5  0.0  0.0  0.0  0.0
  0.0  0.0 38.5  0.0  0.0 38.5  0.0  0.0  0.0 38.5  0.0  0.0  0.0  0.0  0.0
    -24.48     -4.46      1.94     -6.61     -3.63  0.0  0.0  0.0  0.0  0.0
                                 t000118_s14_p3_ai-el2ap.txt 13.3  5.3   60
  0.0  0.0  0.0 16.7  0.0 16.7  0.0  0.0  0.0  0.0  0.0  0.0  0.0  0.0  0.0
  0.0  0.0  0.0 16.7  0.0  0.0350.0100.0 66.7 33.3  0.0  0.0  0.0  0.0  0.0
  0.0  0.0 66.7  0.0  0.0 16.7  0.0  0.0  0.0  0.0  0.0  0.0  0.0 33.3  0.0
 16.7  0.0  0.0  0.0  0.0  0.0 16.7 50.0  0.0  0.0116.7  0.0  0.0 66.7  0.0
  0.0  0.0  0.0  0.0  0.0  0.0  0.0  0.0  0.0  0.0  0.0  0.0  0.0  0.0  0.0
  0.0  0.0  0.0  0.0  0.0  0.0  0.0  0.0  0.0  0.0  0.0  0.0  0.0  0.0  0.0
  0.0  0.0  0.0  0.0  0.0  0.0  0.0  0.0  0.0  0.0  0.0  0.0  0.0  0.0  0.0
  0.0  0.0  0.0  0.0  0.0  0.0  0.0  0.0  0.0  0.0  0.0  0.0  0.0  0.0  0.0
  0.0  0.0  0.0  0.0  0.0  0.0  0.0  0.0  0.0  0.0  0.0  0.0 16.7 16.7  0.0
  0.0  0.0  0.0  0.0  0.0  0.0  0.0 33.3  0.0  0.0  0.0  0.0  0.0  0.0  0.0
    -20.48     -4.63      4.66     -6.61      6.80  0.0  0.0  0.0  0.0  0.0
                                  t000118_s2_p1_ai-el2ap.txt  6.8  5.5   31
  0.0  0.0  0.0 32.3  0.0  0.0  0.0  0.0  0.0  0.0  0.0  0.0  0.0  0.0  0.0
  0.0  0.0  0.0 32.3  0.0  0.0451.6129.0 64.5  0.0 64.5  0.0  0.0  0.0  0.0
  0.0  0.0161.3  0.0  0.0  0.0  0.0  0.0  0.0  0.0  0.0  0.0  0.0  0.0  0.0
  0.0  0.0  0.0  0.0  0.0  0.0 32.3  0.0  0.0  0.0 64.5 64.5  0.0 32.3  0.0
  0.0  0.0  0.0  0.0  0.0  0.0  0.0  0.0  0.0  0.0  0.0  0.0  0.0  0.0  0.0
  0.0  0.0  0.0  0.0  0.0  0.0  0.0  0.0  0.0  0.0  0.0  0.0  0.0  0.0  0.0
  0.0  0.0  0.0  0.0  0.0  0.0  0.0  0.0  0.0  0.0  0.0  0.0  0.0  0.0  0.0
  0.0  0.0  0.0  0.0  0.0  0.0  0.0  0.0  0.0  0.0  0.0  0.0  0.0  0.0  0.0
  0.0  0.0  0.0  0.0  0.0  0.0  0.0  0.0  0.0  0.0  0.0  0.0  0.0  0.0  0.0
  0.0  0.0  0.0  0.0  0.0  0.0  0.0  0.0 32.3  0.0  0.0  0.0  0.0  0.0  0.0
    -25.97     -2.86     12.17     -6.61     -3.63  0.0  0.0 32.3  0.0  0.0
                                 t000118_s21_p1_ai-el2ap.txt 28.3  5.3  205
  0.0  0.0  0.0 82.9  0.0  0.0  0.0  0.0  0.0  0.0  0.0  0.0  0.0  0.0  0.0
  0.0  0.0  0.0 24.4  0.0  0.0341.5 92.7 68.3  9.8  4.9  0.0  0.0  0.0  0.0
  0.0  9.8 82.9  0.0  0.0 24.4  0.0  0.0  0.0  0.0  0.0  0.0  0.0  4.9  0.0
  0.0  0.0  0.0 34.1 48.8  0.0 34.1  4.9  0.0  0.0185.4  4.9  0.0 92.7  0.0
  9.8  0.0  0.0  0.0  0.0  0.0  0.0  0.0  0.0  0.0  0.0  0.0  0.0  0.0  0.0
  0.0  0.0  0.0  0.0  0.0  0.0  0.0  0.0  0.0  0.0  0.0  0.0  0.0  0.0  0.0
  0.0  0.0  0.0  0.0  0.0  0.0  0.0  0.0  0.0  0.0  0.0  0.0  0.0  0.0  0.0
  0.0  0.0  0.0  0.0  0.0  0.0  0.0  0.0  0.0  0.0  0.0  0.0  0.0  0.0  0.0
  0.0  0.0  0.0  0.0  0.0  0.0  0.0  0.0  0.0  0.0  0.0 19.5  4.9 14.6  0.0
  0.0  0.0  0.0  0.0  0.0  0.0  0.0  0.0  0.0  0.0  0.0  0.0  4.9  0.0  0.0
    -21.36     -5.19      8.96     -6.61     -2.89  0.0  0.0  0.0  0.0  0.0
                                 t000118_s21_p2_ai-el2ap.txt 29.3  4.9  527
  0.0  0.0  0.0 55.0  0.0  0.0  0.0  0.0  0.0  0.0  0.0  0.0  0.0  0.0  1.9
  1.9  0.0  1.9 13.3  0.0  0.0322.6100.6 60.7  1.9  3.8  3.8  0.0  0.0  0.0
  0.0  5.7 56.9  0.0  0.0 22.8  0.0  0.0  0.0  0.0  0.0  0.0  0.0  0.0  0.0
  0.0  0.0  0.0 43.6 11.4  1.9 19.0  0.0  0.0  0.0161.3  3.8  3.8 64.5  7.6
  0.0  0.0  0.0  0.0  0.0  0.0  0.0  0.0  0.0  0.0  0.0  0.0  0.0  0.0  0.0
  0.0  0.0  0.0  0.0  0.0  0.0  0.0  0.0  0.0  0.0  0.0  0.0  0.0  0.0  0.0
  0.0  0.0  0.0  0.0  0.0  0.0  0.0  0.0  0.0  0.0  1.9  0.0  0.0  0.0  0.0
  0.0  0.0  0.0  0.0  0.0  0.0  0.0  1.9  0.0  0.0  0.0  0.0  0.0  0.0  0.0
  0.0  0.0  0.0  0.0  0.0  0.0  0.0  0.0  0.0  0.0  3.8  5.7  1.9  7.6  0.0
  0.0  0.0  0.0  1.9  0.0  0.0  0.0  0.0  0.0  1.9  0.0  0.0  0.0  0.0  0.0
    -20.21     -4.77      5.74     -6.61     -3.63  0.0  1.9  0.0  0.0  0.0
                                 t000118_s21_p3_ai-el2ap.txt 17.0  5.7   79
 12.7  0.0  0.0 50.6  0.0  0.0  0.0  0.0  0.0 25.3  0.0  0.0  0.0  0.0  0.0
  0.0  0.0 12.7 12.7  0.0  0.0379.7101.3 88.6 12.7  0.0  0.0  0.0  0.0  0.0
  0.0 12.7 63.3  0.0  0.0 50.6  0.0  0.0  0.0  0.0  0.0  0.0  0.0 12.7  0.0
  0.0  0.0  0.0 12.7 12.7 12.7 25.3 12.7  0.0  0.0139.2  0.0  0.0 75.9 25.3
 12.7  0.0  0.0  0.0  0.0  0.0  0.0  0.0  0.0  0.0  0.0  0.0  0.0  0.0  0.0
  0.0  0.0  0.0  0.0  0.0  0.0  0.0  0.0  0.0  0.0  0.0  0.0  0.0  0.0  0.0
  0.0  0.0  0.0  0.0  0.0  0.0  0.0  0.0  0.0  0.0 12.7  0.0  0.0  0.0  0.0
  0.0  0.0  0.0  0.0  0.0  0.0  0.0 12.7  0.0  0.0  0.0  0.0  0.0  0.0  0.0
  0.0  0.0  0.0  0.0  0.0  0.0  0.0 38.0  0.0  0.0 12.7  0.0  0.0  0.0 12.7
  0.0  0.0  0.0 12.7  0.0  0.0  0.0  0.0  0.0 25.3  0.0 12.7  0.0  0.0  0.0
    -19.82     -5.31      7.18     -6.61     -1.71  0.0  0.0  0.0  0.0  0.0
                                 t000118_s21_p4_ai-el2ap.txt 13.8  5.5   67
  0.0 14.9  0.0 59.7  0.0  0.0  0.0  0.0  0.0  0.0  0.0  0.0  0.0  0.0  0.0
  0.0  0.0  0.0 14.9  0.0 14.9358.2164.2 74.6 14.9  0.0  0.0 14.9  0.0 14.9
  0.0 14.9 59.7  0.0  0.0 44.8  0.0  0.0  0.0  0.0  0.0  0.0  0.0  0.0 14.9
  0.0  0.0 14.9  0.0  0.0  0.0 29.9 14.9  0.0 14.9104.5  0.0  0.0 89.6  0.0
 14.9  0.0  0.0  0.0  0.0  0.0  0.0  0.0  0.0  0.0  0.0  0.0  0.0  0.0  0.0
  0.0  0.0  0.0 29.9  0.0  0.0  0.0  0.0  0.0  0.0  0.0  0.0  0.0  0.0  0.0
  0.0  0.0  0.0  0.0  0.0  0.0  0.0  0.0  0.0  0.0  0.0  0.0  0.0  0.0  0.0
 29.9  0.0  0.0 29.9  0.0  0.0  0.0  0.0  0.0  0.0  0.0  0.0  0.0  0.0  0.0
  0.0  0.0  0.0  0.0  0.0  0.0  0.0 29.9  0.0 14.9 14.9  0.0  0.0  0.0  0.0
  0.0  0.0  0.0  0.0  0.0  0.0  0.0  0.0  0.0  0.0  0.0  0.0 29.9  0.0  0.0
    -18.93     -2.47     15.57     -6.61      7.85  0.0  0.0  0.0  0.0  0.0
                                 t000118_s21_p5_ai-el2ap.txt 23.8  4.9  159
  6.3  0.0  0.0 37.7  0.0  0.0  0.0  0.0  0.0  6.3  0.0  0.0  0.0  0.0  0.0
  0.0  0.0  6.3 25.2  0.0  0.0371.1100.6106.9  0.0  0.0  0.0  0.0  0.0  0.0
  0.0  6.3 37.7  0.0  0.0 18.9 12.6  0.0  0.0  0.0  0.0  6.3  6.3  0.0  6.3
  0.0  0.0  0.0 12.6  6.3  6.3 31.4  6.3  0.0  0.0157.2  0.0  0.0 56.6  0.0
  0.0  0.0  0.0  0.0  0.0  0.0  0.0  0.0  0.0  0.0  0.0  0.0  0.0  0.0  0.0
  0.0  0.0  0.0  0.0  0.0  0.0  0.0  0.0  0.0  0.0  0.0  0.0  0.0  0.0  0.0
  0.0  0.0  0.0  0.0  0.0  0.0  0.0  0.0  0.0  0.0  6.3  0.0  0.0  0.0  0.0
  0.0  0.0  0.0  0.0  0.0  0.0  0.0  6.3  0.0  0.0  0.0  0.0  0.0  0.0  0.0
  0.0  0.0  0.0  0.0  0.0  0.0  0.0 12.6  0.0  0.0  6.3 12.6  0.0 18.9  0.0
  0.0  0.0  0.0 12.6  0.0  0.0  0.0  0.0  0.0 12.6  0.0  0.0  6.3  0.0  0.0
    -21.37     -5.73      4.85     -4.09      5.14  0.0  0.0  0.0  6.3  0.0
                                 t000118_s21_p6_ai-el2ap.txt 30.0  5.2  245
  0.0  0.0  0.0 65.3  0.0  0.0  0.0  0.0  0.0  8.2  0.0  0.0  0.0  0.0  0.0
  0.0  0.0  0.0 32.7  0.0  0.0326.5102.0 73.5  4.1  0.0  0.0  0.0  0.0  8.2
  0.0  0.0 53.1  0.0  0.0 61.2  0.0  0.0  0.0  0.0  0.0  4.1  4.1  4.1  4.1
  4.1  4.1  0.0 12.2 16.3  0.0 36.7 12.2  0.0  8.2142.9  0.0  0.0 81.6  4.1
  0.0  0.0  0.0  0.0  0.0  0.0  0.0  0.0  0.0  0.0  0.0  0.0  0.0  0.0  0.0
  0.0  0.0  0.0  0.0  0.0  0.0  0.0  0.0  0.0  0.0  0.0  0.0  0.0  0.0  0.0
  0.0  0.0  0.0  0.0  0.0  0.0  0.0  0.0  0.0  0.0  4.1  0.0  0.0  0.0  0.0
  0.0  0.0  0.0  0.0  0.0  0.0  0.0  4.1  0.0  0.0  0.0  0.0  0.0  0.0  0.0
  0.0  0.0  0.0  0.0  0.0  0.0  0.0 12.2  0.0  0.0 16.3  4.1  0.0 12.2 12.2
  0.0  0.0  0.0  8.2  0.0  8.2  0.0  4.1  0.0  4.1  0.0  4.1  4.1  0.0  0.0
    -18.84     -5.59      5.26     -4.97      4.00  0.0  0.0  0.0  0.0  0.0
                                 t000118_s21_p7_ai-el2ap.txt  8.8  5.4   44
  0.0  0.0  0.0 90.9  0.0  0.0  0.0  0.0  0.0 22.7  0.0  0.0  0.0  0.0  0.0
  0.0  0.0  0.0  0.0  0.0  0.0386.4136.4 68.2  0.0  0.0  0.0  0.0  0.0 22.7
  0.0  0.0 22.7  0.0  0.0 22.7  0.0  0.0  0.0  0.0  0.0  0.0  0.0  0.0  0.0
  0.0  0.0  0.0  0.0 22.7  0.0  0.0  0.0  0.0 22.7 90.9  0.0  0.0 90.9  0.0
  0.0  0.0  0.0  0.0  0.0  0.0  0.0  0.0  0.0  0.0  0.0  0.0  0.0  0.0  0.0
  0.0  0.0  0.0  0.0  0.0  0.0  0.0  0.0  0.0  0.0  0.0  0.0  0.0  0.0  0.0
  0.0  0.0  0.0  0.0  0.0  0.0  0.0  0.0  0.0  0.0  0.0  0.0  0.0  0.0  0.0
  0.0  0.0  0.0  0.0  0.0  0.0  0.0  0.0  0.0  0.0  0.0  0.0  0.0  0.0  0.0
  0.0  0.0  0.0  0.0  0.0  0.0  0.0  0.0  0.0  0.0  0.0  0.0  0.0  0.0 22.7
  0.0  0.0  0.0  0.0  0.0 22.7  0.0  0.0  0.0  0.0  0.0 22.7  0.0  0.0  0.0
    -26.24     -5.73     12.62     -6.61     -3.63  0.0  0.0  0.0  0.0  0.0
                                  t000118_s8_p1_ai-el2ap.txt 28.0  5.6  160
  0.0  0.0  0.0 56.3  0.0  6.3  0.0 12.5  0.0 12.5  0.0  0.0  0.0  0.0  0.0
  6.3  0.0  0.0 25.0  0.0  0.0293.8125.0 62.5  6.3  0.0  6.3  6.3  0.0  6.3
  0.0  6.3 43.8  0.0  6.3 31.3  6.3  0.0  0.0  0.0  0.0 12.5  0.0 12.5  6.3
 12.5  0.0  0.0 25.0 12.5  0.0 31.3 31.3  0.0  6.3125.0  0.0  0.0 87.5  6.3
 12.5  0.0  0.0  0.0  0.0  0.0  0.0  0.0  0.0  0.0  0.0  0.0  0.0  0.0  0.0
  0.0  0.0  0.0  0.0  0.0  0.0  0.0  0.0  0.0  0.0  0.0  0.0  0.0  0.0  0.0
  0.0  0.0  0.0  0.0  0.0  0.0  0.0  0.0  0.0  0.0  6.3  0.0  0.0  0.0  0.0
  0.0  0.0  0.0  0.0  0.0  0.0  0.0  6.3  0.0  0.0  0.0  0.0  0.0  0.0  0.0
  0.0  0.0  0.0  0.0  0.0  0.0  0.0 18.8  0.0  0.0 18.8  0.0  0.0  0.0  0.0
  0.0  0.0  6.3  0.0  0.0  0.0  0.0  0.0  0.0 12.5  0.0  0.0  0.0  0.0  0.0
    -13.44     -3.16      5.84     -1.61      7.11  0.0  0.0  0.0  0.0  0.0
                                  t000118_s8_p2_ai-el2ap.txt 24.3  5.9  116
  0.0  0.0  0.0 51.7  0.0  0.0  0.0  0.0  0.0  0.0  0.0  0.0  0.0  0.0  0.0
  0.0  0.0  0.0 25.9  0.0  0.0379.3112.1137.9  0.0  0.0  0.0  0.0  8.6  0.0
  0.0  0.0 60.3  0.0  0.0 17.2  0.0  0.0  0.0  0.0  0.0  0.0  0.0  8.6  8.6
  0.0  0.0  0.0  8.6  0.0  0.0 25.9 17.2  0.0  8.6172.4  0.0  8.6 60.3  8.6
  0.0  0.0  0.0  0.0  0.0  0.0  0.0  0.0  0.0  0.0  0.0  0.0  0.0  0.0  0.0
  0.0  0.0  0.0  0.0  0.0  0.0  0.0  0.0  0.0  0.0  0.0  0.0  0.0  0.0  0.0
  0.0  0.0  0.0  0.0  0.0  0.0  0.0  0.0  0.0  0.0  0.0  0.0  0.0  0.0  0.0
  0.0  0.0  0.0  0.0  0.0  0.0  0.0  0.0  0.0  0.0  0.0  0.0  0.0  0.0  0.0
  0.0  0.0  0.0  0.0  0.0  0.0  0.0  0.0  8.6  0.0 25.9  0.0  8.6  8.6 34.5
  0.0  8.6  0.0  0.0  0.0  8.6  8.6  8.6  0.0  0.0  0.0  0.0  0.0  0.0  0.0
    -29.10     -5.73      9.26     -6.61      4.31  0.0  0.0  0.0  0.0  0.0
                                  t000118_s8_p3_ai-el2ap.txt  5.8  5.3   28
  0.0  0.0  0.0 35.7  0.0  0.0  0.0  0.0107.1  0.0  0.0  0.0  0.0  0.0  0.0
  0.0  0.0  0.0  0.0  0.0  0.0357.1142.9107.1 35.7  0.0  0.0  0.0  0.0  0.0
  0.0  0.0 71.4 35.7  0.0  0.0  0.0  0.0 35.7  0.0  0.0  0.0  0.0  0.0  0.0
  0.0  0.0  0.0  0.0  0.0  0.0  0.0  0.0  0.0  0.0107.1107.1  0.0 71.4  0.0
  0.0  0.0  0.0  0.0  0.0  0.0  0.0  0.0  0.0  0.0  0.0  0.0  0.0  0.0  0.0
  0.0  0.0  0.0  0.0  0.0  0.0  0.0  0.0  0.0  0.0  0.0  0.0  0.0  0.0  0.0
  0.0  0.0  0.0  0.0  0.0  0.0  0.0  0.0  0.0  0.0  0.0  0.0  0.0  0.0  0.0
  0.0  0.0  0.0  0.0  0.0  0.0  0.0  0.0  0.0  0.0  0.0  0.0  0.0  0.0  0.0
  0.0  0.0  0.0  0.0  0.0  0.0  0.0 71.4 71.4  0.0  0.0  0.0  0.0  0.0  0.0
  0.0  0.0 35.7  0.0  0.0  0.0  0.0 35.7  0.0 35.7  0.0  0.0  0.0  0.0  0.0
    -28.14     -4.55     -4.27      4.92     -3.63  0.0  0.0  0.0  0.0  0.0
                                  t000119_s1_p1_ai-el2ap.txt 18.8  5.5   98
  0.0  0.0  0.0 20.4  0.0  0.0  0.0  0.0  0.0  0.0  0.0  0.0  0.0  0.0  0.0
  0.0  0.0  0.0 20.4  0.0  0.0459.2 91.8112.2 30.6  0.0 20.4  0.0  0.0  0.0
  0.0  0.0173.5  0.0  0.0 20.4  0.0  0.0  0.0  0.0  0.0  0.0  0.0 20.4  0.0
  0.0  0.0 10.2  0.0  0.0  0.0 20.4 20.4  0.0  0.0122.4  0.0  0.0 71.4 10.2
  0.0  0.0  0.0  0.0  0.0  0.0  0.0  0.0  0.0  0.0  0.0  0.0  0.0  0.0  0.0
  0.0  0.0  0.0  0.0  0.0  0.0  0.0  0.0  0.0  0.0  0.0  0.0  0.0  0.0  0.0
  0.0  0.0  0.0  0.0  0.0  0.0  0.0  0.0  0.0  0.0  0.0  0.0  0.0  0.0  0.0
  0.0  0.0  0.0  0.0  0.0  0.0  0.0  0.0  0.0  0.0  0.0  0.0  0.0  0.0  0.0
  0.0  0.0  0.0  0.0  0.0  0.0  0.0  0.0 30.6 10.2 10.2 10.2  0.0 40.8 10.2
  0.0  0.0  0.0  0.0  0.0 30.6  0.0 10.2  0.0 10.2  0.0 20.4  0.0  0.0  0.0
    -30.21     -0.80     11.86     -6.61     -0.53  0.0  0.0  0.0  0.0  0.0
                                 t000119_s14_p1_ai-el2ap.txt 14.0  5.2   65
  0.0  0.0  0.0  0.0  0.0  0.0  0.0  0.0  0.0  0.0  0.0  0.0  0.0  0.0  0.0
  0.0  0.0  0.0  0.0  0.0  0.0461.5153.8 76.9 46.2  0.0  0.0  0.0  0.0  0.0
  0.0 15.4 92.3  0.0  0.0 30.8 15.4  0.0  0.0  0.0  0.0  0.0  0.0 30.8  0.0
  0.0  0.0  0.0  0.0  0.0  0.0 15.4 30.8  0.0  0.0 92.3  0.0  0.0 61.5  0.0
  0.0  0.0  0.0  0.0  0.0  0.0  0.0  0.0  0.0  0.0  0.0  0.0  0.0  0.0  0.0
  0.0  0.0  0.0  0.0  0.0  0.0  0.0  0.0  0.0  0.0  0.0  0.0  0.0  0.0  0.0
  0.0  0.0  0.0  0.0  0.0  0.0  0.0  0.0  0.0  0.0  0.0  0.0  0.0  0.0  0.0
  0.0  0.0  0.0  0.0  0.0  0.0  0.0  0.0  0.0  0.0  0.0  0.0  0.0  0.0  0.0
  0.0  0.0  0.0  0.0  0.0  0.0  0.0  0.0 15.4  0.0  0.0 15.4  0.0  0.0  0.0
  0.0  0.0  0.0  0.0  0.0  0.0  0.0 15.4  0.0  0.0  0.0  0.0  0.0  0.0  0.0
    -34.87     -4.21     11.33     -6.61      1.04  0.0  0.0  0.0  0.0  0.0
                                 t000119_s14_p2_ai-el2ap.txt 15.8  5.1   81
  0.0  0.0 12.3 12.3  0.0  0.0  0.0  0.0  0.0  0.0  0.0  0.0  0.0  0.0  0.0
  0.0  0.0  0.0 12.3  0.0  0.0456.8123.5 61.7 37.0  0.0  0.0 12.3  0.0  0.0
  0.0  0.0 86.4  0.0  0.0  0.0 24.7  0.0  0.0  0.0  0.0  0.0  0.0 24.7  0.0
 12.3  0.0  0.0 12.3  0.0  0.0 12.3 37.0  0.0  0.0 61.7  0.0  0.0123.5 24.7
  0.0  0.0  0.0  0.0  0.0  0.0  0.0  0.0  0.0  0.0  0.0  0.0  0.0  0.0  0.0
  0.0  0.0  0.0  0.0 12.3  0.0  0.0  0.0  0.0  0.0  0.0  0.0  0.0  0.0  0.0
  0.0  0.0 12.3  0.0  0.0  0.0  0.0  0.0  0.0  0.0  0.0  0.0  0.0  0.0  0.0
 12.3  0.0  0.0 12.3 12.3  0.0 12.3  0.0  0.0  0.0  0.0  0.0  0.0  0.0  0.0
  0.0  0.0  0.0  0.0  0.0  0.0  0.0  0.0 12.3  0.0 12.3 24.7 12.3  0.0  0.0
  0.0  0.0  0.0  0.0  0.0 12.3  0.0 24.7 12.3 24.7 12.3  0.0  0.0  0.0  0.0
    -28.94     -2.22      6.98     -6.61      4.10  0.0  0.0  0.0  0.0  0.0
                                 t000119_s14_p3_ai-el2ap.txt  3.8  6.0   15
  0.0  0.0  0.0  0.0  0.0  0.0  0.0  0.0  0.0  0.0  0.0  0.0  0.0  0.0  0.0
  0.0  0.0  0.0  0.0  0.0  0.0333.3133.3200.0133.3  0.0  0.0  0.0  0.0  0.0
  0.0  0.0133.3  0.0  0.0  0.0  0.0  0.0  0.0  0.0  0.0  0.0  0.0  0.0  0.0
  0.0  0.0  0.0  0.0  0.0  0.0  0.0  0.0  0.0  0.0200.0  0.0  0.0133.3 66.7
  0.0  0.0  0.0  0.0  0.0  0.0  0.0  0.0  0.0  0.0  0.0  0.0  0.0  0.0  0.0
  0.0  0.0  0.0  0.0  0.0  0.0  0.0  0.0  0.0  0.0  0.0  0.0  0.0  0.0  0.0
  0.0  0.0  0.0  0.0  0.0  0.0  0.0  0.0  0.0  0.0  0.0  0.0  0.0  0.0  0.0
  0.0  0.0  0.0  0.0  0.0  0.0  0.0  0.0  0.0  0.0  0.0  0.0  0.0  0.0  0.0
  0.0  0.0  0.0  0.0  0.0  0.0  0.0  0.0  0.0  0.0 66.7 66.7  0.0  0.0  0.0
  0.0  0.0  0.0  0.0  0.0 66.7  0.0 66.7  0.0 66.7  0.0  0.0  0.0  0.0  0.0
    -38.97     -1.34     10.23     -6.61     -3.63  0.0  0.0  0.0  0.0  0.0
                                 t000119_s14_p4_ai-el2ap.txt 18.8  5.1   97
  0.0  0.0  0.0  0.0  0.0  0.0  0.0  0.0  0.0  0.0  0.0  0.0  0.0  0.0  0.0
  0.0  0.0  0.0  0.0  0.0  0.0340.2154.6 82.5 72.2  0.0  0.0 20.6  0.0  0.0
  0.0  0.0 41.2  0.0  0.0 10.3  0.0  0.0  0.0  0.0  0.0  0.0  0.0 20.6 10.3
  0.0  0.0  0.0  0.0  0.0  0.0  0.0 30.9  0.0  0.0 92.8  0.0  0.0 92.8 20.6
  0.0  0.0  0.0  0.0  0.0  0.0  0.0  0.0  0.0  0.0  0.0  0.0  0.0  0.0  0.0
  0.0  0.0  0.0  0.0  0.0  0.0  0.0  0.0  0.0  0.0  0.0  0.0  0.0  0.0  0.0
  0.0  0.0  0.0  0.0  0.0  0.0  0.0  0.0  0.0  0.0 10.3  0.0  0.0  0.0  0.0
  0.0  0.0  0.0  0.0  0.0  0.0  0.0 10.3  0.0  0.0  0.0  0.0  0.0  0.0  0.0
  0.0  0.0  0.0  0.0  0.0  0.0  0.0  0.0  0.0  0.0  0.0 41.2 30.9 41.2  0.0
  0.0  0.0  0.0  0.0  0.0 10.3  0.0 10.3 20.6 10.3  0.0  0.0 10.3  0.0  0.0
    -31.59      0.46      3.25     -6.61      7.43  0.0  0.0  0.0  0.0  0.0
                                 t000119_s14_p5_ai-el2ap.txt  6.3  5.5   32
  0.0  0.0  0.0 31.3  0.0  0.0  0.0  0.0  0.0  0.0  0.0  0.0  0.0  0.0  0.0
  0.0  0.0  0.0  0.0  0.0  0.0281.3187.5 31.3 93.8  0.0  0.0  0.0  0.0  0.0
 31.3  0.0 93.8  0.0  0.0 31.3  0.0  0.0  0.0  0.0  0.0  0.0  0.0 62.5  0.0
  0.0  0.0  0.0  0.0  0.0  0.0  0.0 62.5  0.0 31.3 62.5  0.0  0.0125.0  0.0
  0.0  0.0  0.0  0.0  0.0  0.0  0.0  0.0  0.0  0.0  0.0  0.0  0.0  0.0  0.0
  0.0  0.0  0.0  0.0  0.0  0.0  0.0  0.0  0.0  0.0  0.0  0.0  0.0  0.0  0.0
  0.0  0.0  0.0  0.0  0.0  0.0  0.0  0.0  0.0  0.0  0.0  0.0  0.0  0.0  0.0
  0.0  0.0  0.0  0.0  0.0  0.0  0.0  0.0  0.0  0.0  0.0  0.0  0.0  0.0  0.0
  0.0  0.0  0.0  0.0  0.0  0.0  0.0  0.0 62.5  0.0  0.0  0.0  0.0 62.5  0.0
  0.0  0.0  0.0  0.0  0.0  0.0 31.3  0.0 31.3 62.5  0.0  0.0  0.0  0.0  0.0
    -28.50     -2.64     34.12     -6.61      5.84  0.0  0.0  0.0  0.0  0.0
                                 t000119_s14_p6_ai-el2ap.txt 15.8  5.1   90
  0.0  0.0  0.0  0.0  0.0  0.0  0.0  0.0  0.0  0.0  0.0  0.0  0.0  0.0  0.0
  0.0  0.0  0.0  0.0  0.0  0.0288.9177.8 66.7 77.8  0.0  0.0 11.1  0.0 11.1
  0.0  0.0111.1  0.0  0.0 22.2  0.0  0.0  0.0  0.0  0.0  0.0  0.0 44.4 22.2
  0.0  0.0  0.0  0.0  0.0  0.0  0.0 66.7  0.0 11.1 88.9  0.0  0.0100.0 11.1
  0.0  0.0  0.0  0.0  0.0  0.0  0.0  0.0  0.0  0.0  0.0  0.0  0.0  0.0  0.0
  0.0  0.0  0.0  0.0  0.0  0.0  0.0  0.0  0.0  0.0  0.0  0.0  0.0  0.0  0.0
  0.0  0.0  0.0  0.0  0.0  0.0  0.0  0.0  0.0  0.0  0.0  0.0  0.0  0.0  0.0
  0.0  0.0  0.0  0.0  0.0  0.0  0.0  0.0  0.0  0.0  0.0  0.0  0.0  0.0  0.0
  0.0  0.0  0.0  0.0  0.0  0.0  0.0  0.0 11.1  0.0  0.0 33.3 11.1 22.2  0.0
  0.0  0.0  0.0  0.0  0.0 11.1 11.1 11.1 22.2 22.2  0.0  0.0  0.0  0.0  0.0
    -30.21     -1.11     12.98     -6.61     20.20  0.0  0.0  0.0  0.0  0.0
                                 t000119_s14_p7_ai-el2ap.txt 14.5  4.9   79
  0.0  0.0  0.0  0.0  0.0  0.0  0.0  0.0  0.0  0.0  0.0  0.0  0.0  0.0  0.0
  0.0  0.0  0.0 25.3  0.0  0.0278.5177.2 50.6 75.9  0.0  0.0  0.0  0.0  0.0
  0.0  0.0 88.6 25.3  0.0 12.7  0.0  0.0  0.0  0.0  0.0 12.7  0.0 63.3 12.7
  0.0 12.7  0.0  0.0  0.0  0.0 38.0 75.9  0.0  0.0 63.3  0.0  0.0113.9 25.3
  0.0  0.0  0.0  0.0  0.0  0.0  0.0  0.0  0.0  0.0  0.0  0.0  0.0  0.0  0.0
  0.0  0.0  0.0  0.0  0.0  0.0  0.0  0.0  0.0  0.0  0.0  0.0  0.0  0.0  0.0
  0.0  0.0  0.0  0.0  0.0  0.0  0.0  0.0  0.0  0.0  0.0  0.0  0.0  0.0  0.0
  0.0  0.0  0.0  0.0  0.0  0.0  0.0  0.0  0.0  0.0  0.0  0.0  0.0  0.0  0.0
  0.0  0.0  0.0  0.0  0.0  0.0  0.0  0.0  0.0  0.0 12.7 12.7  0.0 38.0  0.0
  0.0  0.0  0.0  0.0  0.0  0.0 12.7 12.7 25.3 12.7  0.0  0.0  0.0  0.0  0.0
    -23.12     -3.23     -0.83     -1.54     15.70  0.0  0.0  0.0  0.0  0.0
                                 t000119_s14_p8_ai-el2ap.txt 15.5  5.7   81
  0.0  0.0  0.0  0.0  0.0  0.0  0.0  0.0  0.0  0.0  0.0  0.0  0.0  0.0  0.0
 12.3  0.0  0.0  0.0  0.0  0.0382.7 86.4 74.1 86.4  0.0  0.0  0.0  0.0  0.0
  0.0  0.0 61.7  0.0  0.0 12.3  0.0  0.0  0.0  0.0  0.0  0.0  0.0 74.1 12.3
  0.0 12.3  0.0  0.0  0.0  0.0 12.3 86.4  0.0  0.0 74.1  0.0  0.0135.8 49.4
  0.0  0.0  0.0  0.0  0.0  0.0  0.0  0.0  0.0  0.0  0.0  0.0  0.0  0.0  0.0
  0.0  0.0  0.0  0.0  0.0  0.0  0.0  0.0  0.0  0.0  0.0  0.0  0.0  0.0  0.0
  0.0  0.0  0.0  0.0  0.0  0.0  0.0  0.0  0.0  0.0  0.0  0.0  0.0  0.0  0.0
  0.0  0.0  0.0  0.0  0.0  0.0  0.0  0.0  0.0  0.0  0.0  0.0  0.0  0.0  0.0
  0.0  0.0  0.0  0.0  0.0  0.0  0.0  0.0 37.0 37.0 24.7 12.3 49.4  0.0  0.0
  0.0  0.0  0.0  0.0  0.0  0.0  0.0 61.7  0.0 24.7  0.0  0.0  0.0  0.0  0.0
    -26.20     -2.88      4.56     -6.61     17.09  0.0  0.0  0.0  0.0  0.0
                                  t000119_s2_p1_ai-el2ap.txt  4.5  5.4   19
  0.0  0.0  0.0105.3  0.0  0.0  0.0  0.0  0.0  0.0  0.0  0.0  0.0  0.0  0.0
  0.0  0.0  0.0  0.0  0.0  0.0421.1105.3  0.0  0.0  0.0  0.0  0.0  0.0  0.0
  0.0  0.0  0.0  0.0  0.0  0.0  0.0  0.0  0.0  0.0  0.0  0.0  0.0 52.6  0.0
  0.0  0.0  0.0  0.0  0.0  0.0  0.0 52.6  0.0  0.0 52.6  0.0  0.0157.9  0.0
  0.0  0.0  0.0  0.0  0.0  0.0  0.0  0.0  0.0  0.0  0.0  0.0  0.0  0.0  0.0
  0.0  0.0  0.0  0.0  0.0  0.0  0.0  0.0  0.0  0.0  0.0  0.0  0.0  0.0  0.0
  0.0  0.0  0.0  0.0  0.0  0.0  0.0  0.0  0.0  0.0  0.0  0.0  0.0  0.0  0.0
  0.0  0.0  0.0  0.0  0.0  0.0  0.0  0.0  0.0  0.0  0.0  0.0  0.0  0.0  0.0
  0.0  0.0  0.0  0.0  0.0  0.0  0.0  0.0  0.0  0.0  0.0  0.0  0.0  0.0  0.0
  0.0  0.0  0.0  0.0  0.0  0.0  0.0 52.6 52.6  0.0  0.0  0.0  0.0  0.0  0.0
    -25.18     -5.73      0.97     -6.61      4.35  0.0  0.0  0.0  0.0  0.0
                                 t000119_s20_p1_ai-el2ap.txt 15.3  5.5   79
 12.7 12.7  0.0  0.0  0.0  0.0  0.0  0.0  0.0  0.0  0.0  0.0  0.0  0.0  0.0
  0.0  0.0  0.0  0.0  0.0  0.0354.4164.6101.3 63.3  0.0  0.0  0.0  0.0  0.0
  0.0  0.0164.6  0.0  0.0 25.3  0.0  0.0  0.0  0.0  0.0  0.0  0.0 12.7  0.0
  0.0 12.7  0.0  0.0  0.0  0.0 12.7 12.7  0.0  0.0151.9  0.0  0.0 63.3  0.0
  0.0  0.0  0.0  0.0  0.0  0.0  0.0  0.0  0.0  0.0  0.0  0.0  0.0  0.0  0.0
  0.0  0.0  0.0  0.0  0.0  0.0 12.7  0.0  0.0  0.0  0.0  0.0  0.0  0.0  0.0
  0.0  0.0  0.0  0.0  0.0  0.0  0.0  0.0  0.0  0.0  0.0  0.0  0.0  0.0  0.0
 12.7  0.0  0.0 12.7  0.0  0.0  0.0  0.0  0.0  0.0  0.0  0.0  0.0  0.0  0.0
  0.0  0.0  0.0  0.0  0.0  0.0  0.0  0.0 25.3  0.0 12.7 12.7 12.7 12.7  0.0
  0.0  0.0  0.0  0.0  0.0 12.7  0.0  0.0  0.0 12.7  0.0  0.0 25.3  0.0  0.0
    -29.97     -3.65     10.96     -6.61     -1.71  0.0  0.0  0.0  0.0  0.0
                                t000119_s20_p10_ai-el2ap.txt 15.3  5.9   74
  0.0  0.0  0.0 40.5  0.0  0.0  0.0  0.0  0.0  0.0  0.0  0.0  0.0  0.0  0.0
  0.0  0.0 13.5  0.0  0.0  0.0445.9135.1 67.6 27.0  0.0  0.0 13.5  0.0 13.5
  0.0  0.0162.2  0.0  0.0 40.5  0.0  0.0  0.0  0.0  0.0  0.0  0.0  0.0  0.0
  0.0  0.0 27.0  0.0 27.0 13.5  0.0  0.0  0.0 13.5 94.6  0.0  0.0 81.1  0.0
  0.0  0.0  0.0  0.0  0.0  0.0  0.0  0.0  0.0  0.0  0.0  0.0  0.0  0.0  0.0
  0.0  0.0  0.0 13.5  0.0  0.0  0.0  0.0  0.0  0.0  0.0  0.0  0.0  0.0  0.0
  0.0  0.0  0.0  0.0  0.0  0.0  0.0  0.0  0.0  0.0  0.0  0.0  0.0  0.0  0.0
 13.5  0.0  0.0 13.5  0.0  0.0  0.0  0.0  0.0  0.0  0.0  0.0  0.0  0.0  0.0
  0.0  0.0  0.0  0.0  0.0  0.0  0.0  0.0 27.0  0.0  0.0 40.5  0.0  0.0  0.0
  0.0  0.0  0.0  0.0  0.0 13.5  0.0 13.5  0.0 13.5  0.0  0.0  0.0  0.0  0.0
    -29.95     -2.34     16.69     -6.61     -3.63  0.0  0.0  0.0  0.0 13.5
                                t000119_s20_p11_ai-el2ap.txt 16.3  6.1   80
 12.5  0.0  0.0 50.0  0.0  0.0  0.0  0.0  0.0 12.5  0.0 12.5  0.0  0.0  0.0
  0.0  0.0  0.0 12.5  0.0  0.0400.0125.0137.5  0.0  0.0  0.0 12.5  0.0  0.0
  0.0  0.0187.5  0.0  0.0 12.5 25.0  0.0  0.0  0.0  0.0  0.0  0.0  0.0  0.0
 12.5  0.0 12.5  0.0  0.0  0.0 25.0 12.5  0.0  0.0150.0  0.0 12.5 87.5  0.0
  0.0  0.0  0.0  0.0  0.0  0.0  0.0  0.0  0.0  0.0  0.0  0.0  0.0  0.0  0.0
  0.0  0.0  0.0 12.5  0.0  0.0  0.0  0.0  0.0  0.0  0.0  0.0  0.0  0.0  0.0
  0.0  0.0  0.0  0.0  0.0  0.0  0.0  0.0  0.0 12.5  0.0  0.0  0.0  0.0  0.0
 12.5  0.0  0.0 12.5  0.0  0.0 12.5  0.0  0.0  0.0  0.0  0.0  0.0  0.0  0.0
  0.0  0.0  0.0  0.0  0.0  0.0  0.0 25.0 12.5 25.0 12.5 50.0  0.0  0.0  0.0
  0.0 12.5  0.0  0.0  0.0 25.0  0.0  0.0 12.5  0.0 12.5  0.0  0.0  0.0  0.0
    -23.00     -3.41     13.28     -6.61      0.41  0.0  0.0 12.5  0.0  0.0
                                 t000119_s20_p2_ai-el2ap.txt 23.3  5.9  115
  0.0  0.0  0.0 60.9  0.0  0.0  0.0  0.0  0.0  0.0  0.0  0.0  0.0  0.0  0.0
  8.7  0.0 26.1  0.0  0.0  0.0382.6121.7 60.9 34.8  0.0  0.0  8.7  0.0  0.0
  0.0  0.0147.8  0.0  0.0 17.4  8.7  0.0  0.0  0.0  0.0  0.0  8.7 17.4  0.0
  0.0  8.7  8.7  0.0  0.0 26.1  8.7 17.4  0.0  0.0 87.0  0.0  0.0130.4  8.7
  0.0  0.0  0.0  0.0  0.0  0.0  0.0  0.0  0.0  0.0  0.0  0.0  0.0  0.0  0.0
  0.0  0.0  0.0  0.0  0.0  8.7  0.0  0.0  0.0  0.0  0.0  0.0  0.0  0.0  0.0
  0.0  0.0  0.0  0.0  8.7  0.0  0.0  0.0  0.0  0.0  0.0  0.0  0.0  0.0  0.0
  8.7  0.0  0.0  8.7  0.0  8.7  8.7  0.0  0.0  0.0  0.0  0.0  0.0  0.0  0.0
  0.0  0.0  0.0  0.0  0.0  0.0  0.0  0.0 26.1  0.0  8.7 43.5  0.0 17.4  0.0
  0.0  0.0  8.7  0.0  0.0  0.0  8.7 17.4  0.0  8.7  8.7  8.7  0.0  8.7  0.0
    -19.71     -2.97     10.25     -6.61      4.44  0.0  0.0  0.0  0.0  0.0
                                 t000119_s20_p3_ai-el2ap.txt 21.0  5.5  134
 14.9  0.0  0.0  0.0  0.0  0.0  0.0  0.0  0.0  0.0  0.0  0.0  0.0  0.0  0.0
  0.0  0.0  0.0  0.0  0.0  0.0365.7119.4 82.1 29.9  0.0  7.5  7.5  0.0  0.0
  0.0  0.0119.4  0.0  0.0 59.7  0.0  0.0  0.0  0.0  0.0  7.5  7.5 14.9  0.0
  0.0  0.0 14.9  7.5  0.0  0.0  0.0 14.9  0.0  0.0104.5  0.0  0.0 89.6 14.9
  0.0  0.0  0.0  0.0  0.0  0.0  0.0  0.0  0.0  0.0  0.0  0.0  0.0  0.0  0.0
  0.0  0.0  0.0  0.0  0.0 14.9  0.0  0.0  0.0  0.0  0.0  0.0  0.0  0.0  0.0
  0.0  0.0  0.0  0.0  0.0  0.0  0.0  0.0  0.0  0.0  0.0  0.0  0.0  0.0  0.0
 14.9  0.0  0.0 14.9  0.0  0.0  0.0  0.0  0.0  0.0  0.0  0.0  0.0  0.0  0.0
  0.0  0.0  0.0  0.0  0.0  0.0  0.0  0.0  7.5  7.5  0.0  7.5  0.0 14.9  0.0
  0.0  0.0  0.0  0.0  0.0 29.9  0.0  0.0  0.0 22.4  0.0  7.5  0.0  0.0  0.0
    -30.34     -1.93      5.87     -3.62      3.30  7.5  0.0  0.0  7.5  0.0
                                 t000119_s20_p4_ai-el2ap.txt 15.8  5.5   81
  0.0  0.0  0.0 12.3  0.0  0.0  0.0  0.0  0.0  0.0  0.0  0.0  0.0  0.0  0.0
  0.0  0.0  0.0 24.7  0.0  0.0444.4 86.4 49.4 12.3  0.0 12.3 12.3  0.0  0.0
  0.0  0.0 74.1  0.0  0.0 37.0  0.0  0.0  0.0  0.0  0.0  0.0 12.3  0.0  0.0
  0.0  0.0 24.7  0.0  0.0  0.0 24.7  0.0  0.0  0.0 74.1  0.0  0.0 86.4 12.3
  0.0  0.0  0.0  0.0  0.0  0.0  0.0  0.0  0.0  0.0  0.0  0.0  0.0  0.0  0.0
  0.0  0.0  0.0 12.3  0.0 12.3  0.0  0.0  0.0  0.0  0.0  0.0  0.0  0.0  0.0
  0.0  0.0  0.0  0.0  0.0  0.0  0.0  0.0  0.0  0.0  0.0  0.0  0.0  0.0  0.0
 24.7  0.0  0.0 24.7  0.0  0.0  0.0  0.0  0.0  0.0  0.0  0.0  0.0  0.0  0.0
  0.0  0.0  0.0  0.0  0.0  0.0  0.0  0.0 12.3  0.0  0.0 12.3  0.0  0.0  0.0
  0.0  0.0  0.0  0.0  0.0 12.3  0.0  0.0  0.0  0.0  0.0  0.0 12.3  0.0  0.0
    -25.50     -0.66      4.01     -6.61      4.09  0.0  0.0  0.0  0.0  0.0
                                 t000119_s20_p5_ai-el2ap.txt 16.8  5.6   85
  0.0  0.0  0.0 47.1  0.0  0.0  0.0  0.0  0.0  0.0  0.0  0.0  0.0  0.0  0.0
  0.0  0.0 23.5 11.8  0.0  0.0435.3 94.1 82.4  0.0  0.0  0.0  0.0  0.0 11.8
  0.0  0.0117.6  0.0  0.0 11.8  0.0  0.0  0.0  0.0  0.0 11.8  0.0 11.8  0.0
  0.0  0.0  0.0 11.8  0.0 23.5 11.8 11.8  0.0 11.8105.9  0.0  0.0 58.8 11.8
 11.8  0.0  0.0  0.0  0.0  0.0  0.0  0.0  0.0  0.0  0.0  0.0  0.0  0.0  0.0
  0.0  0.0  0.0  0.0  0.0  0.0  0.0  0.0  0.0  0.0  0.0  0.0  0.0  0.0  0.0
  0.0  0.0  0.0  0.0  0.0  0.0  0.0  0.0  0.0  0.0  0.0  0.0  0.0  0.0  0.0
  0.0  0.0  0.0  0.0  0.0  0.0  0.0  0.0  0.0  0.0  0.0  0.0  0.0  0.0  0.0
  0.0  0.0  0.0  0.0  0.0  0.0  0.0  0.0 11.8 11.8 23.5 35.3 47.1 35.3  0.0
  0.0  0.0  0.0  0.0  0.0  0.0  0.0 11.8  0.0  0.0 11.8  0.0  0.0  0.0  0.0
    -22.37     -5.73     14.36     -1.90     -1.84  0.0  0.0  0.0  0.0  0.0
                                 t000119_s20_p6_ai-el2ap.txt 17.8  5.8  100
  0.0  0.0  0.0 20.0  0.0  0.0  0.0  0.0  0.0  0.0  0.0  0.0  0.0  0.0  0.0
  0.0  0.0 10.0 30.0  0.0  0.0470.0160.0 60.0  0.0  0.0  0.0  0.0  0.0  0.0
  0.0  0.0160.0  0.0  0.0  0.0  0.0  0.0  0.0  0.0  0.0  0.0  0.0  0.0  0.0
  0.0  0.0  0.0 10.0  0.0 10.0 30.0  0.0  0.0  0.0 90.0  0.0  0.0 30.0 10.0
 10.0  0.0  0.0  0.0  0.0  0.0  0.0  0.0  0.0  0.0  0.0  0.0  0.0  0.0  0.0
  0.0  0.0  0.0  0.0  0.0  0.0  0.0  0.0  0.0  0.0  0.0  0.0  0.0  0.0  0.0
  0.0  0.0  0.0  0.0  0.0  0.0  0.0  0.0  0.0  0.0  0.0  0.0  0.0  0.0  0.0
  0.0  0.0  0.0  0.0  0.0  0.0  0.0  0.0  0.0  0.0  0.0  0.0  0.0  0.0  0.0
  0.0  0.0  0.0  0.0  0.0  0.0  0.0  0.0 20.0  0.0 20.0100.0  0.0  0.0  0.0
  0.0 10.0  0.0  0.0  0.0  0.0  0.0  0.0  0.0  0.0  0.0 10.0  0.0  0.0  0.0
    -26.25     -5.73     12.08     -6.61     -3.63  0.0  0.0  0.0  0.0  0.0
                                 t000119_s20_p7_ai-el2ap.txt 20.0  4.9  128
  0.0  7.8  0.0 15.6  0.0  0.0  0.0  0.0  0.0  7.8  0.0  0.0  0.0  0.0  0.0
  7.8  0.0  7.8  0.0  0.0  0.0367.2132.8 70.3 54.7  0.0  0.0  0.0  0.0  0.0
  0.0  0.0101.6  0.0  0.0 23.4  0.0  0.0  0.0  0.0  7.8  0.0  7.8 15.6  0.0
  0.0  0.0  7.8  0.0  0.0 15.6  0.0 15.6  0.0  0.0109.4  0.0  7.8 70.3  0.0
  0.0  0.0  0.0  0.0  0.0  0.0  0.0  0.0  0.0  0.0  0.0  0.0  0.0  0.0  0.0
  0.0  0.0  0.0  0.0  0.0 15.6  0.0  0.0  0.0  0.0  0.0  0.0  0.0  0.0  0.0
  0.0  0.0  0.0  0.0  0.0  0.0  0.0  0.0  0.0  0.0  0.0  0.0  0.0  0.0  0.0
 15.6  0.0  0.0 15.6  0.0  0.0  0.0  0.0  0.0  0.0  0.0  0.0  0.0  0.0  0.0
  0.0  0.0  0.0  0.0  0.0  0.0  0.0  0.0 31.3  0.0  7.8 15.6 15.6 31.3  0.0
  0.0  7.8  0.0  0.0  0.0 15.6  7.8  7.8  0.0 23.4  0.0  0.0  7.8  0.0  0.0
    -21.47     -3.93      6.69     -2.88      3.62  0.0  7.8  0.0  0.0  0.0
                                 t000119_s20_p8_ai-el2ap.txt 19.8  5.2  112
  8.9  0.0  0.0 44.6  0.0  0.0  8.9  0.0  0.0  0.0  0.0  0.0  0.0  0.0  0.0
  0.0  0.0  0.0  8.9  0.0  0.0383.9151.8 80.4 35.7  0.0  8.9 17.9  0.0  0.0
  0.0  8.9 62.5  0.0  0.0 53.6  8.9  0.0  0.0  0.0  0.0  8.9  8.9  0.0 35.7
  0.0  8.9 17.9  0.0  8.9  0.0 26.8 35.7  0.0  0.0 89.3  0.0  0.0133.9  8.9
  0.0  0.0  0.0  0.0  0.0  0.0  0.0  0.0  0.0  0.0  0.0  0.0  0.0  0.0  0.0
  0.0  0.0  0.0  0.0  0.0  8.9  8.9  0.0  0.0  0.0  0.0  0.0  0.0  0.0  0.0
  0.0  0.0  8.9  0.0  0.0  0.0  0.0  0.0  0.0  0.0  0.0  0.0  0.0  0.0  0.0
 17.9  0.0  0.0 17.9  8.9  0.0  8.9  0.0  0.0  0.0  0.0  0.0  0.0  0.0  0.0
  0.0  0.0  0.0  0.0  0.0  0.0  0.0  0.0 17.9  0.0  0.0 53.6  0.0  0.0  0.0
  0.0 17.9  0.0  0.0  0.0 17.9  0.0  0.0  0.0 17.9  8.9  0.0  8.9  0.0  0.0
    -26.78      0.47      5.58     -3.03     29.43  0.0  0.0  0.0  0.0  0.0
                                 t000119_s20_p9_ai-el2ap.txt 23.3  5.2  133
  0.0  0.0  0.0 30.1  0.0  0.0  0.0  0.0  7.5  0.0  0.0  0.0  0.0  0.0  0.0
  0.0  0.0  7.5  0.0  0.0  0.0375.9165.4 45.1  0.0  0.0  0.0  0.0  0.0  7.5
  0.0  0.0 97.7  0.0  0.0 37.6 15.0  0.0  0.0  0.0  0.0  7.5  7.5  7.5  7.5
  7.5  0.0  0.0  7.5  0.0  7.5  0.0 22.6  0.0  7.5 60.2  7.5  0.0 67.7  7.5
  0.0  0.0  0.0  0.0  0.0  0.0  0.0  0.0  0.0  0.0  0.0  0.0  0.0  0.0  0.0
  0.0  0.0  0.0  0.0  0.0  0.0  0.0  0.0  0.0  0.0  0.0  0.0  0.0  0.0  0.0
  0.0  0.0  0.0  0.0  7.5  0.0  0.0  0.0  0.0  0.0  0.0  0.0  0.0  0.0  0.0
  0.0  0.0  0.0  0.0  0.0  7.5  7.5  0.0  0.0  0.0  0.0  0.0  0.0  0.0  0.0
  0.0  0.0  0.0  0.0  0.0  0.0  0.0  0.0 22.6  0.0 22.6 37.6  7.5  7.5  0.0
  0.0  0.0  0.0  0.0  0.0  0.0  0.0  0.0  0.0  0.0  7.5  0.0  0.0  0.0  0.0
    -27.81     -5.73      9.38     -3.60     10.42  0.0  0.0  0.0  0.0  0.0
                                  t000119_s4_p1_ai-el2ap.txt  5.8  5.5   30
  0.0  0.0  0.0 66.7  0.0  0.0  0.0  0.0  0.0  0.0  0.0  0.0  0.0  0.0  0.0
  0.0  0.0  0.0  0.0  0.0  0.0400.0166.7 66.7  0.0  0.0  0.0  0.0  0.0  0.0
  0.0  0.0133.3  0.0  0.0 33.3  0.0  0.0  0.0  0.0  0.0  0.0  0.0  0.0  0.0
  0.0  0.0  0.0  0.0  0.0  0.0  0.0  0.0  0.0  0.0 66.7  0.0  0.0 66.7  0.0
  0.0  0.0  0.0  0.0  0.0  0.0  0.0  0.0  0.0  0.0  0.0  0.0  0.0  0.0  0.0
  0.0  0.0  0.0  0.0  0.0  0.0  0.0  0.0  0.0  0.0  0.0  0.0  0.0  0.0  0.0
  0.0  0.0  0.0  0.0  0.0  0.0  0.0  0.0  0.0  0.0  0.0  0.0  0.0  0.0  0.0
  0.0  0.0  0.0  0.0  0.0  0.0  0.0  0.0  0.0  0.0  0.0  0.0  0.0  0.0  0.0
  0.0  0.0  0.0  0.0  0.0  0.0  0.0  0.0  0.0  0.0 66.7 66.7  0.0 33.3  0.0
  0.0  0.0  0.0  0.0  0.0 33.3  0.0  0.0  0.0  0.0  0.0  0.0  0.0  0.0  0.0
    -31.87     -5.73      8.34     -6.61     -3.63  0.0  0.0  0.0  0.0  0.0
                                  t000119_s8_p1_ai-el2ap.txt 18.3  6.0  103
  0.0  0.0  0.0 68.0  0.0  0.0  0.0  0.0  0.0 19.4  0.0  0.0  0.0  0.0  0.0
  0.0  0.0  9.7 38.8  0.0  0.0427.2126.2 58.3  0.0  0.0  0.0  0.0  0.0  0.0
  0.0  0.0155.3  0.0  0.0 29.1  0.0  0.0  0.0  0.0  0.0  0.0  0.0  0.0  9.7
  0.0  0.0  0.0  0.0  0.0  9.7 38.8  9.7  0.0  0.0 68.0  0.0  0.0 77.7  9.7
  0.0  0.0  0.0  0.0  0.0  0.0  0.0  0.0  0.0  0.0  0.0  0.0  0.0  0.0  0.0
  0.0  0.0  0.0  0.0  0.0  0.0  0.0  0.0  0.0  0.0  0.0  0.0  0.0  0.0  0.0
  0.0  0.0  0.0  0.0  0.0  0.0  0.0  0.0  0.0  0.0  0.0  0.0  0.0  0.0  0.0
  0.0  0.0  0.0  0.0  0.0  0.0  0.0  0.0  0.0  0.0  0.0  0.0  0.0  0.0  0.0
  0.0  0.0  0.0  0.0  0.0  0.0  0.0  0.0 19.4  0.0 19.4 38.8  9.7 48.5  0.0
  0.0  0.0  0.0  0.0  0.0  0.0  0.0  0.0  0.0  9.7  9.7  0.0  9.7  0.0  0.0
    -18.13     -5.73     10.11     -6.61      3.84  0.0  0.0  0.0  0.0  0.0
                                  t000119_s8_p2_ai-el2ap.txt 20.8  5.9  109
  0.0  0.0  0.0 64.2  0.0  0.0  0.0  0.0  0.0  0.0  0.0  0.0  0.0  0.0  0.0
  0.0  0.0  9.2  0.0  0.0  0.0422.0100.9 82.6  9.2  0.0  0.0  0.0  0.0  9.2
  0.0  0.0128.4  0.0  9.2 36.7  0.0  0.0  0.0  0.0  0.0  9.2  0.0  0.0  9.2
  0.0  0.0  0.0  9.2  0.0  9.2  0.0  9.2  0.0  9.2 91.7  0.0  0.0 73.4  0.0
  0.0  0.0  0.0  0.0  0.0  0.0  0.0  0.0  0.0  0.0  0.0  0.0  0.0  0.0  0.0
  0.0  0.0  0.0  0.0  0.0  0.0  0.0  0.0  0.0  0.0  0.0  0.0  0.0  0.0  0.0
  0.0  0.0  0.0  0.0  0.0  0.0  0.0  0.0  0.0  0.0  0.0  0.0  0.0  0.0  0.0
  0.0  0.0  0.0  0.0  0.0  0.0  0.0  0.0  0.0  0.0  0.0  0.0  0.0  0.0  0.0
  0.0  0.0  0.0  0.0  0.0  0.0  0.0  0.0 27.5  0.0 27.5 91.7  0.0  0.0 18.3
  0.0  9.2  0.0  0.0  0.0  0.0  0.0 18.3  0.0  0.0 18.3  0.0  9.2  0.0  0.0
    -29.29     -5.43      9.70     -2.94      3.43  0.0  0.0  9.2  0.0  0.0
                                  t000119_s8_p3_ai-el2ap.txt 21.0  5.7  105
  0.0  0.0  0.0 76.2  0.0  0.0  0.0  0.0  0.0  9.5  0.0  0.0  0.0  0.0  0.0
  0.0  0.0  0.0 19.0  0.0  0.0361.9142.9 76.2  0.0  0.0 19.0  9.5  0.0  9.5
  0.0  0.0 66.7  0.0  0.0 28.6  0.0  0.0  0.0  0.0  0.0 19.0  9.5 28.6 19.0
  0.0  0.0  0.0  0.0  0.0  0.0 19.0 47.6  0.0  9.5104.8  0.0  0.0 66.7  0.0
  0.0  0.0  0.0  0.0  0.0  0.0  0.0  0.0  0.0  0.0  0.0  0.0  0.0  0.0  0.0
  0.0  0.0  0.0  9.5  0.0  0.0  0.0  0.0  0.0  0.0  0.0  0.0  0.0  0.0  0.0
  0.0  0.0  0.0  0.0  0.0  0.0  0.0  0.0  0.0  0.0  9.5  0.0  0.0  0.0  0.0
  9.5  0.0  0.0  9.5  0.0  0.0  0.0  9.5  0.0  0.0  0.0  0.0  0.0  0.0  0.0
  0.0  0.0  0.0  0.0  0.0  0.0  0.0 19.0  0.0  0.0 19.0  9.5  0.0  0.0  0.0
  0.0  0.0  0.0  0.0  0.0 19.0  0.0  9.5  0.0  0.0  0.0  0.0  0.0  0.0  0.0
    -25.20     -0.30      8.74      1.01     21.31  0.0  0.0  0.0  0.0  0.0
                                  t000119_s8_p4_ai-el2ap.txt 17.3  5.4   78
 12.8  0.0  0.0102.6  0.0  0.0  0.0  0.0  0.0 38.5  0.0  0.0 12.8  0.0  0.0
  0.0  0.0 12.8  0.0  0.0  0.0282.1128.2 76.9 25.6  0.0  0.0 12.8  0.0  0.0
  0.0 12.8 51.3 12.8  0.0 51.3  0.0  0.0  0.0  0.0 12.8 12.8 12.8 38.5  0.0
 12.8  0.0  0.0  0.0 12.8 25.6 12.8 51.3  0.0  0.0102.6  0.0  0.0141.0  0.0
 12.8  0.0  0.0  0.0  0.0  0.0  0.0  0.0  0.0  0.0  0.0  0.0  0.0  0.0  0.0
  0.0  0.0  0.0  0.0  0.0  0.0  0.0  0.0  0.0  0.0  0.0  0.0  0.0  0.0  0.0
  0.0  0.0  0.0  0.0  0.0  0.0  0.0  0.0  0.0  0.0  0.0  0.0  0.0  0.0  0.0
  0.0  0.0  0.0  0.0  0.0  0.0  0.0  0.0  0.0  0.0  0.0  0.0  0.0  0.0  0.0
  0.0  0.0  0.0  0.0  0.0  0.0  0.0 12.8 25.6  0.0  0.0 12.8  0.0  0.0  0.0
  0.0  0.0  0.0  0.0  0.0 25.6  0.0  0.0  0.0  0.0  0.0 12.8  0.0  0.0  0.0
    -10.50     -2.51      2.71      4.63     14.35  0.0  0.0  0.0  0.0  0.0
                                  t000119_s8_p5_ai-el2ap.txt 12.0  5.9   54
  0.0  0.0  0.0 37.0  0.0  0.0  0.0  0.0  0.0  0.0  0.0  0.0  0.0  0.0  0.0
  0.0  0.0  0.0  0.0  0.0  0.0388.9129.6148.1 18.5  0.0  0.0  0.0  0.0 18.5
  0.0  0.0111.1  0.0  0.0 37.0 18.5  0.0  0.0  0.0  0.0 18.5 18.5  0.0 18.5
  0.0  0.0  0.0  0.0  0.0  0.0  0.0 18.5  0.0 18.5166.7  0.0  0.0 74.1  0.0
  0.0  0.0  0.0  0.0  0.0  0.0  0.0  0.0  0.0  0.0  0.0  0.0  0.0  0.0  0.0
  0.0  0.0  0.0  0.0  0.0  0.0  0.0  0.0  0.0  0.0  0.0  0.0  0.0  0.0  0.0
  0.0 18.5  0.0  0.0  0.0  0.0  0.0  0.0  0.0  0.0  0.0  0.0  0.0  0.0  0.0
  0.0  0.0  0.0  0.0 18.5  0.0 18.5  0.0  0.0  0.0  0.0  0.0  0.0  0.0  0.0
  0.0  0.0  0.0  0.0  0.0  0.0  0.0 18.5 55.6  0.0  0.0 37.0  0.0  0.0  0.0
  0.0  0.0  0.0  0.0  0.0 37.0  0.0  0.0  0.0 18.5  0.0  0.0  0.0  0.0  0.0
    -36.36     -5.12     15.84      0.80     22.19  0.0  0.0 18.5  0.0  0.0
                                  t000120_s1_p1_ai-el2ap.txt 28.8  5.9  148
  6.8  0.0  0.0 40.5  0.0  0.0  0.0  0.0  0.0  0.0  0.0  0.0  0.0  0.0  0.0
  0.0  0.0  6.8  6.8  0.0  0.0391.9114.9101.4 27.0  0.0  6.8  0.0  0.0  0.0
  0.0  0.0135.1  0.0  0.0 20.3  0.0  0.0  0.0  0.0  0.0  6.8  6.8 27.0  0.0
  6.8  0.0  6.8  0.0  6.8  6.8  6.8 33.8  0.0  0.0135.1  0.0  0.0 74.3 13.5
  0.0  0.0  0.0  0.0  0.0  0.0  0.0  0.0  0.0  0.0  0.0  0.0  0.0  0.0  0.0
  0.0  0.0  0.0  0.0  0.0  0.0  6.8  0.0  0.0  0.0  0.0  0.0  0.0  0.0  0.0
  0.0  0.0  0.0  0.0  6.8  0.0  0.0  0.0  0.0  0.0  0.0  0.0  0.0  0.0  0.0
  6.8  0.0  0.0  6.8  0.0  6.8  6.8  0.0  0.0  0.0  0.0  0.0  0.0  0.0  0.0
  0.0  0.0  0.0  0.0  0.0  0.0  0.0 20.3 27.0  0.0 33.8 13.5  6.8  0.0 13.5
  6.8  6.8  0.0  0.0  0.0  6.8 20.3  0.0  6.8  0.0  0.0  6.8  6.8  0.0  0.0
    -29.19     -3.54      9.21     -3.90      6.87  0.0  0.0  0.0  0.0  0.0
                                 t000120_s14_p1_ai-el2ap.txt 24.3  4.6  128
  0.0  0.0  0.0 39.1  0.0  0.0  0.0  0.0  0.0  7.8  0.0  0.0  0.0  0.0  0.0
  0.0  0.0  0.0 15.6  0.0  0.0289.1109.4 70.3 15.6  0.0 15.6  0.0  0.0  0.0
  0.0  0.0 78.1  0.0  0.0 15.6  0.0  0.0  0.0  0.0  0.0  0.0  7.8 15.6  7.8
  7.8  0.0  0.0  7.8  0.0  0.0 15.6 31.3  0.0  0.0117.2  0.0  0.0 62.5  0.0
  0.0  0.0  0.0  0.0  0.0  0.0  0.0  0.0  0.0  0.0  0.0  0.0  0.0  0.0  0.0
  0.0  0.0  0.0  0.0  0.0  0.0  0.0  0.0  0.0  0.0  0.0  0.0  0.0  0.0  0.0
  0.0  0.0  0.0  0.0  0.0  0.0  0.0  0.0  0.0  0.0  0.0  0.0  0.0  0.0  0.0
  0.0  0.0  0.0  0.0  0.0  0.0  0.0  0.0  0.0  0.0  0.0  0.0  0.0  0.0  0.0
  0.0  0.0  0.0  0.0  0.0  0.0  0.0  0.0  7.8  0.0 23.4 23.4  7.8  7.8 23.4
  0.0  7.8  0.0  0.0  0.0  0.0  0.0 23.4  0.0  0.0  0.0  0.0  7.8  0.0  0.0
    -20.92     -2.21      5.51     -6.61     12.15  0.0  0.0  0.0  0.0  0.0
                                t000120_s14_p11_ai-el2ap.txt  8.3  5.8   34
  0.0  0.0  0.0  0.0  0.0  0.0  0.0  0.0  0.0  0.0  0.0  0.0  0.0  0.0  0.0
  0.0  0.0  0.0 29.4  0.0  0.0352.9 88.2117.6 58.8  0.0  0.0  0.0  0.0  0.0
  0.0  0.0 88.2  0.0  0.0 29.4  0.0  0.0  0.0  0.0  0.0  0.0  0.0 88.2  0.0
  0.0  0.0  0.0  0.0  0.0  0.0 29.4 88.2  0.0  0.0147.1  0.0  0.0147.1 58.8
  0.0  0.0  0.0  0.0  0.0  0.0  0.0  0.0  0.0  0.0  0.0  0.0  0.0  0.0  0.0
  0.0  0.0  0.0  0.0  0.0  0.0  0.0  0.0  0.0  0.0  0.0  0.0  0.0  0.0  0.0
  0.0  0.0  0.0  0.0  0.0  0.0  0.0  0.0  0.0  0.0  0.0  0.0  0.0  0.0  0.0
  0.0  0.0  0.0  0.0  0.0  0.0  0.0  0.0  0.0  0.0  0.0  0.0  0.0  0.0  0.0
  0.0  0.0  0.0  0.0  0.0  0.0  0.0 29.4 29.4 29.4 29.4  0.0 58.8  0.0  0.0
  0.0  0.0  0.0  0.0  0.0  0.0  0.0 58.8  0.0  0.0  0.0  0.0  0.0  0.0  0.0
    -26.65     -3.79      5.43     -6.61      9.74  0.0  0.0  0.0  0.0  0.0
                                 t000120_s14_p2_ai-el2ap.txt 20.0  4.8  128
  0.0  0.0  0.0  7.8  0.0  0.0  0.0  0.0  0.0  0.0  0.0  0.0  0.0  0.0  0.0
  0.0  0.0  0.0  7.8  0.0  0.0281.3125.0 46.9 46.9  0.0  0.0  0.0  0.0  0.0
  0.0  7.8 23.4  7.8  0.0  7.8  7.8  0.0  0.0  0.0  0.0  0.0  0.0 31.3  0.0
 15.6  0.0  0.0  0.0  0.0  0.0 15.6 46.9  0.0  0.0101.6  0.0  0.0101.6 15.6
  0.0  0.0  0.0  0.0  0.0  0.0  0.0  0.0  0.0  0.0  0.0  0.0  0.0  0.0  0.0
  0.0  0.0  0.0  0.0  0.0  0.0  0.0  0.0  0.0  0.0  0.0  0.0  0.0  0.0  0.0
  0.0  0.0  0.0  0.0  0.0  0.0  0.0  0.0  0.0  0.0  0.0  0.0  0.0  0.0  0.0
  0.0  0.0  0.0  0.0  0.0  0.0  0.0  0.0  0.0  0.0  0.0  0.0  0.0  0.0  0.0
  0.0  0.0  0.0  0.0  0.0  0.0  0.0  0.0  7.8  0.0  7.8 23.4  7.8  0.0  7.8
  0.0  0.0  0.0  0.0  0.0  0.0  7.8 23.4  7.8  7.8  0.0  0.0  0.0  0.0  0.0
    -24.06     -4.19      2.82     -6.61      6.15  0.0  0.0  0.0  0.0  0.0
                                 t000120_s14_p3_ai-el2ap.txt 14.5  5.5   80
  0.0  0.0  0.0  0.0  0.0  0.0  0.0  0.0  0.0  0.0  0.0  0.0  0.0  0.0  0.0
  0.0  0.0  0.0 25.0  0.0  0.0350.0137.5100.0 50.0  0.0  0.0  0.0  0.0  0.0
  0.0  0.0 75.0  0.0  0.0  0.0  0.0  0.0  0.0  0.0  0.0  0.0  0.0 37.5  0.0
 12.5 12.5  0.0  0.0  0.0  0.0 37.5 50.0  0.0  0.0125.0  0.0  0.0 62.5  0.0
  0.0  0.0  0.0  0.0  0.0  0.0  0.0  0.0  0.0  0.0  0.0  0.0  0.0  0.0  0.0
  0.0  0.0  0.0  0.0  0.0  0.0  0.0  0.0  0.0  0.0  0.0  0.0  0.0  0.0  0.0
  0.0  0.0  0.0  0.0  0.0  0.0  0.0  0.0  0.0  0.0  0.0  0.0  0.0  0.0  0.0
  0.0  0.0  0.0  0.0  0.0  0.0  0.0  0.0  0.0  0.0  0.0  0.0  0.0  0.0  0.0
  0.0  0.0  0.0  0.0  0.0  0.0  0.0  0.0 37.5 12.5 12.5 12.5 12.5 25.0 12.5
  0.0  0.0 12.5  0.0  0.0  0.0  0.0 12.5  0.0  0.0  0.0  0.0 12.5  0.0  0.0
    -27.76     -4.08      6.18     -6.61      6.09  0.0  0.0  0.0  0.0  0.0
                                 t000120_s14_p4_ai-el2ap.txt 16.5  5.2   84
  0.0  0.0  0.0  0.0  0.0  0.0  0.0  0.0  0.0  0.0  0.0  0.0  0.0  0.0  0.0
  0.0  0.0  0.0  0.0  0.0  0.0321.4154.8 47.6 59.5  0.0  0.0  0.0  0.0  0.0
  0.0  0.0 23.8 23.8  0.0 11.9 11.9  0.0  0.0  0.0  0.0 11.9  0.0 59.5  0.0
  0.0  0.0  0.0  0.0  0.0  0.0  0.0 59.5  0.0  0.0 59.5  0.0  0.0107.1 11.9
  0.0  0.0  0.0  0.0  0.0  0.0  0.0  0.0  0.0  0.0  0.0  0.0  0.0  0.0  0.0
  0.0  0.0  0.0  0.0  0.0  0.0  0.0  0.0  0.0  0.0  0.0  0.0  0.0  0.0  0.0
  0.0  0.0  0.0  0.0  0.0  0.0  0.0  0.0  0.0  0.0  0.0  0.0  0.0  0.0  0.0
  0.0  0.0  0.0  0.0  0.0  0.0  0.0  0.0  0.0  0.0  0.0  0.0  0.0  0.0  0.0
  0.0  0.0  0.0  0.0  0.0  0.0  0.0  0.0 11.9  0.0 23.8 11.9 35.7 23.8  0.0
  0.0  0.0  0.0  0.0  0.0 11.9  0.0 11.9  0.0 23.8  0.0  0.0 11.9  0.0  0.0
    -29.29     -3.77     -4.85     -1.84      5.39  0.0  0.0  0.0  0.0  0.0
                                 t000120_s14_p5_ai-el2ap.txt 17.3  5.6   83
  0.0  0.0  0.0  0.0  0.0  0.0  0.0  0.0  0.0  0.0  0.0  0.0  0.0  0.0  0.0
  0.0  0.0  0.0 36.1  0.0  0.0397.6 96.4 36.1 72.3  0.0  0.0  0.0  0.0  0.0
  0.0  0.0 48.2  0.0  0.0  0.0 12.0  0.0  0.0  0.0  0.0  0.0  0.0 60.2 12.0
 12.0  0.0  0.0  0.0  0.0  0.0 36.1 84.3  0.0  0.0 60.2  0.0  0.0120.5 12.0
  0.0  0.0  0.0  0.0  0.0  0.0  0.0  0.0  0.0  0.0  0.0  0.0  0.0  0.0  0.0
  0.0  0.0  0.0  0.0  0.0  0.0  0.0  0.0  0.0  0.0  0.0  0.0  0.0  0.0  0.0
  0.0  0.0  0.0  0.0  0.0  0.0  0.0  0.0  0.0  0.0 12.0  0.0  0.0  0.0  0.0
  0.0  0.0  0.0  0.0  0.0  0.0  0.0 12.0  0.0  0.0  0.0  0.0  0.0  0.0  0.0
  0.0  0.0  0.0  0.0  0.0  0.0  0.0  0.0  0.0  0.0 24.1 24.1 12.0  0.0  0.0
  0.0  0.0  0.0  0.0  0.0  0.0  0.0 24.1 12.0 12.0  0.0  0.0  0.0  0.0  0.0
    -22.02     -3.35      4.32     -6.61     18.66  0.0  0.0  0.0  0.0  0.0
                                 t000120_s14_p6_ai-el2ap.txt  9.8  6.2   49
  0.0  0.0  0.0 20.4  0.0  0.0  0.0  0.0  0.0  0.0  0.0  0.0  0.0  0.0  0.0
  0.0  0.0  0.0 20.4  0.0  0.0367.3163.3142.9 61.2  0.0  0.0  0.0  0.0  0.0
  0.0  0.0 81.6  0.0  0.0  0.0  0.0  0.0  0.0  0.0  0.0  0.0  0.0 40.8  0.0
 20.4  0.0  0.0  0.0  0.0  0.0 20.4 61.2  0.0  0.0163.3  0.0  0.0122.4 20.4
  0.0  0.0  0.0  0.0  0.0  0.0  0.0  0.0  0.0  0.0  0.0  0.0  0.0  0.0  0.0
  0.0  0.0  0.0  0.0  0.0  0.0  0.0  0.0  0.0  0.0  0.0  0.0  0.0  0.0  0.0
  0.0  0.0  0.0  0.0  0.0  0.0  0.0  0.0  0.0  0.0  0.0  0.0  0.0  0.0  0.0
  0.0  0.0  0.0  0.0  0.0  0.0  0.0  0.0  0.0  0.0  0.0  0.0  0.0  0.0  0.0
  0.0  0.0  0.0  0.0  0.0  0.0  0.0 61.2  0.0 20.4  0.0  0.0  0.0 40.8  0.0
  0.0  0.0  0.0  0.0  0.0 61.2  0.0 20.4 40.8 40.8  0.0 20.4 20.4  0.0  0.0
    -33.63     -3.71      6.64     -6.61      9.14  0.0  0.0  0.0  0.0  0.0
                                 t000120_s14_p7_ai-el2ap.txt  5.8  4.6   24
  0.0  0.0  0.0125.0  0.0  0.0  0.0  0.0  0.0  0.0  0.0  0.0  0.0  0.0  0.0
  0.0  0.0  0.0  0.0  0.0  0.0333.3208.3 83.3  0.0  0.0  0.0  0.0  0.0  0.0
 41.7  0.0 41.7  0.0  0.0  0.0  0.0  0.0  0.0  0.0  0.0  0.0  0.0  0.0  0.0
  0.0  0.0  0.0  0.0  0.0  0.0  0.0  0.0  0.0 41.7 83.3  0.0  0.0 83.3  0.0
  0.0  0.0  0.0  0.0  0.0  0.0  0.0  0.0  0.0  0.0  0.0  0.0  0.0  0.0  0.0
  0.0  0.0  0.0  0.0  0.0  0.0  0.0  0.0  0.0  0.0  0.0  0.0  0.0  0.0  0.0
  0.0  0.0  0.0  0.0  0.0  0.0  0.0  0.0  0.0  0.0  0.0  0.0  0.0  0.0  0.0
  0.0  0.0  0.0  0.0  0.0  0.0  0.0  0.0  0.0  0.0  0.0  0.0  0.0  0.0  0.0
  0.0  0.0  0.0  0.0  0.0  0.0  0.0 41.7 83.3  0.0  0.0  0.0 41.7  0.0  0.0
  0.0  0.0  0.0  0.0  0.0  0.0  0.0  0.0  0.0  0.0  0.0  0.0  0.0  0.0  0.0
    -28.64     -5.73     41.75     -6.61     -3.63  0.0  0.0  0.0  0.0  0.0
                                 t000120_s20_p1_ai-el2ap.txt 14.3  4.9   72
 13.9 13.9  0.0  0.0  0.0  0.0  0.0  0.0  0.0  0.0  0.0  0.0  0.0  0.0  0.0
  0.0  0.0  0.0 13.9  0.0  0.0333.3208.3 55.6 41.7  0.0  0.0  0.0  0.0  0.0
  0.0  0.0 97.2  0.0 13.9  0.0  0.0  0.0  0.0  0.0  0.0  0.0  0.0 13.9  0.0
  0.0  0.0 13.9  0.0  0.0  0.0 13.9 13.9  0.0  0.0 83.3  0.0  0.0 55.6  0.0
  0.0  0.0  0.0  0.0  0.0  0.0  0.0  0.0  0.0  0.0  0.0  0.0  0.0  0.0  0.0
  0.0  0.0  0.0 27.8  0.0  0.0  0.0  0.0  0.0  0.0  0.0  0.0  0.0  0.0  0.0
  0.0  0.0  0.0  0.0  0.0  0.0  0.0  0.0  0.0  0.0  0.0  0.0  0.0  0.0  0.0
 27.8  0.0  0.0 27.8  0.0  0.0  0.0  0.0  0.0  0.0  0.0  0.0  0.0  0.0  0.0
  0.0  0.0  0.0  0.0  0.0  0.0  0.0 27.8 13.9  0.0  0.0 13.9 13.9 13.9  0.0
  0.0  0.0  0.0  0.0  0.0  0.0  0.0  0.0  0.0 13.9  0.0  0.0 13.9  0.0  0.0
    -23.92     -4.36      3.64     -6.61     -1.52  0.0  0.0  0.0  0.0  0.0
                                t000120_s20_p10_ai-el2ap.txt  8.5  6.7   38
  0.0  0.0  0.0 52.6  0.0  0.0  0.0  0.0  0.0  0.0  0.0  0.0  0.0  0.0  0.0
  0.0  0.0  0.0 26.3  0.0  0.0473.7 52.6  0.0  0.0 26.3 26.3  0.0  0.0  0.0
  0.0  0.0 26.3  0.0  0.0 26.3  0.0  0.0  0.0  0.0  0.0 26.3 26.3 52.6  0.0
  0.0  0.0  0.0  0.0  0.0  0.0 26.3 52.6  0.0  0.0 52.6 26.3  0.0 52.6  0.0
  0.0  0.0  0.0  0.0  0.0  0.0  0.0  0.0  0.0  0.0  0.0  0.0  0.0  0.0  0.0
  0.0  0.0  0.0  0.0  0.0  0.0  0.0  0.0  0.0  0.0  0.0  0.0  0.0  0.0  0.0
  0.0  0.0  0.0  0.0  0.0  0.0  0.0  0.0  0.0  0.0  0.0  0.0  0.0  0.0  0.0
  0.0  0.0  0.0  0.0  0.0  0.0  0.0  0.0  0.0  0.0  0.0  0.0  0.0  0.0  0.0
  0.0  0.0  0.0  0.0  0.0  0.0  0.0 26.3 26.3  0.0  0.0  0.0  0.0  0.0  0.0
  0.0  0.0  0.0  0.0  0.0  0.0  0.0  0.0  0.0  0.0  0.0  0.0  0.0  0.0  0.0
    -23.92      0.50      1.31      3.92     20.80  0.0  0.0  0.0  0.0  0.0
                                t000120_s20_p11_ai-el2ap.txt 23.5  5.7  134
 14.9  0.0  0.0 29.9  0.0  0.0  0.0  7.5  0.0  0.0  7.5  0.0  0.0  0.0  0.0
  0.0  0.0 22.4  7.5  0.0  0.0373.1134.3 82.1 29.9  0.0  0.0  0.0  0.0  0.0
  0.0  0.0104.5  0.0  0.0  7.5  7.5  0.0  0.0  0.0  0.0  0.0  7.5  0.0  0.0
  0.0  0.0  0.0  0.0  7.5 22.4  7.5  0.0  0.0  0.0104.5  0.0  0.0 67.2  7.5
  0.0  0.0  0.0  0.0  0.0  0.0  0.0  0.0  0.0  0.0  0.0  0.0  0.0  0.0  0.0
  0.0  0.0  0.0  0.0  0.0  0.0  0.0  0.0  0.0  0.0  0.0  0.0  0.0  0.0  0.0
  0.0  0.0  0.0  0.0  0.0  0.0  0.0  0.0  0.0  0.0  0.0  0.0  0.0  0.0  0.0
  0.0  0.0  0.0  0.0  0.0  0.0  0.0  0.0  0.0  0.0  0.0  0.0  0.0  0.0  0.0
  0.0  0.0  0.0  0.0  0.0  0.0  0.0 37.3 22.4  0.0 22.4  0.0 22.4  7.5  0.0
  0.0  0.0  0.0  0.0  0.0  0.0  0.0 14.9  0.0 14.9  7.5  0.0  7.5  0.0  0.0
    -20.29     -4.75      7.81     -6.61      1.04  0.0  0.0  0.0  7.5  0.0
                                t000120_s20_p12_ai-el2ap.txt 14.8  5.7   83
 12.0  0.0  0.0 24.1  0.0  0.0  0.0  0.0  0.0  0.0  0.0  0.0  0.0  0.0  0.0
  0.0  0.0 12.0  0.0  0.0  0.0373.5156.6 60.2 48.2  0.0  0.0 12.0  0.0 12.0
  0.0  0.0132.5  0.0 24.1 12.0 12.0  0.0  0.0  0.0  0.0 12.0  0.0 12.0  0.0
  0.0 12.0 12.0  0.0 24.1 12.0 12.0 12.0  0.0 12.0 84.3  0.0  0.0 96.4 12.0
  0.0  0.0  0.0  0.0  0.0  0.0  0.0  0.0  0.0  0.0  0.0  0.0  0.0  0.0  0.0
  0.0  0.0  0.0 12.0  0.0  0.0  0.0  0.0  0.0 12.0  0.0  0.0  0.0  0.0  0.0
  0.0  0.0  0.0  0.0 12.0  0.0  0.0  0.0  0.0  0.0  0.0  0.0  0.0  0.0  0.0
 12.0 12.0  0.0 24.1  0.0 12.0 12.0  0.0  0.0  0.0  0.0  0.0  0.0  0.0  0.0
  0.0  0.0  0.0  0.0  0.0  0.0  0.0 24.1 24.1  0.0 12.0  0.0  0.0  0.0  0.0
  0.0  0.0  0.0  0.0  0.0  0.0  0.0  0.0 12.0  0.0  0.0  0.0 12.0  0.0  0.0
    -27.59     -1.91      8.43     -1.79     -1.80  0.0  0.0  0.0  0.0  0.0
                                t000120_s20_p13_ai-el2ap.txt 26.0  5.4  156
  0.0  0.0  0.0 25.6  0.0  0.0  0.0  0.0  0.0  0.0  0.0  0.0  0.0  0.0  0.0
  0.0  0.0 12.8  6.4  0.0  0.0416.7166.7 96.2 19.2  0.0  6.4  6.4  0.0  6.4
  0.0  0.0160.3  0.0  0.0  6.4  6.4  0.0  0.0  0.0  0.0  0.0  0.0  6.4  6.4
  0.0  0.0  6.4  0.0  6.4 12.8  6.4 12.8  0.0  6.4109.0  0.0  0.0 51.3  0.0
  0.0  0.0  0.0  0.0  0.0  0.0  0.0  0.0  0.0  0.0  0.0  0.0  0.0  0.0  0.0
  0.0  0.0  0.0  0.0  0.0  0.0  0.0  0.0  0.0  0.0  0.0  0.0  0.0  0.0  0.0
  0.0  0.0  0.0  0.0  0.0  6.4  0.0  0.0  0.0  0.0  0.0  0.0  0.0  0.0  0.0
  0.0  0.0  0.0  0.0  0.0  6.4  6.4  0.0  0.0  0.0  0.0  0.0  0.0  0.0  0.0
  0.0  0.0  0.0  0.0  0.0  0.0  0.0 19.2 44.9  0.0  6.4  6.4 12.8 25.6  6.4
  0.0  6.4  0.0  0.0  0.0 12.8  0.0 12.8  0.0  0.0  0.0  0.0  0.0  0.0  0.0
    -29.96     -2.68     14.94     -6.61      2.28  0.0  0.0  0.0  0.0  0.0
                                t000120_s20_p14_ai-el2ap.txt 17.5  5.7   94
  0.0  0.0  0.0 63.8  0.0  0.0  0.0  0.0  0.0 10.6  0.0  0.0  0.0  0.0  0.0
  0.0  0.0 31.9  0.0  0.0  0.0372.3117.0117.0 10.6  0.0 10.6  0.0  0.0  0.0
  0.0 21.3 74.5  0.0  0.0 31.9 10.6  0.0  0.0  0.0  0.0  0.0 21.3  0.0 10.6
  0.0  0.0  0.0 10.6 10.6 31.9 21.3 10.6  0.0  0.0127.7  0.0  0.0 85.1  0.0
 10.6  0.0  0.0  0.0  0.0  0.0  0.0  0.0  0.0  0.0  0.0  0.0  0.0  0.0  0.0
  0.0  0.0  0.0  0.0  0.0  0.0  0.0 10.6  0.0  0.0  0.0  0.0  0.0  0.0  0.0
  0.0  0.0  0.0  0.0  0.0  0.0  0.0  0.0 10.6  0.0  0.0  0.0  0.0  0.0  0.0
  0.0 10.6  0.0 10.6  0.0 10.6 10.6  0.0  0.0  0.0  0.0  0.0  0.0  0.0  0.0
  0.0  0.0  0.0  0.0  0.0  0.0  0.0 10.6 21.3  0.0 31.9 42.6  0.0  0.0 10.6
  0.0  0.0  0.0  0.0  0.0  0.0 10.6  0.0  0.0 10.6 10.6 10.6  0.0  0.0  0.0
    -21.79     -3.33     12.21     -6.61     17.85  0.0  0.0  0.0  0.0  0.0
                                t000120_s20_p15_ai-el2ap.txt  8.0  5.7   41
  0.0  0.0  0.0 48.8  0.0  0.0  0.0  0.0  0.0  0.0  0.0  0.0  0.0  0.0  0.0
  0.0  0.0  0.0 24.4  0.0  0.0341.5 97.6 73.2  0.0  0.0  0.0  0.0  0.0  0.0
  0.0  0.0 73.2  0.0  0.0 24.4 48.8  0.0  0.0  0.0  0.0  0.0  0.0 24.4  0.0
 24.4  0.0  0.0  0.0  0.0  0.0 24.4 48.8  0.0  0.0 73.2  0.0 24.4122.0  0.0
  0.0  0.0  0.0  0.0  0.0  0.0  0.0  0.0  0.0  0.0  0.0  0.0  0.0  0.0  0.0
  0.0  0.0  0.0  0.0  0.0  0.0  0.0  0.0  0.0  0.0  0.0  0.0  0.0  0.0  0.0
  0.0  0.0  0.0  0.0  0.0  0.0  0.0  0.0  0.0 24.4  0.0  0.0  0.0  0.0  0.0
  0.0  0.0  0.0  0.0  0.0  0.0 24.4  0.0  0.0  0.0  0.0  0.0  0.0  0.0  0.0
  0.0  0.0  0.0  0.0  0.0  0.0  0.0  0.0 24.4  0.0 73.2 24.4  0.0  0.0  0.0
  0.0  0.0  0.0  0.0  0.0  0.0  0.0 24.4  0.0 24.4  0.0  0.0  0.0  0.0  0.0
    -23.69     -5.73      4.67     -6.61      7.94  0.0  0.0  0.0  0.0  0.0
                                 t000120_s20_p2_ai-el2ap.txt 13.8  6.0   64
  0.0  0.0  0.0 62.5  0.0  0.0  0.0  0.0  0.0  0.0  0.0  0.0  0.0  0.0  0.0
  0.0  0.0 15.6 15.6  0.0  0.0328.1125.0171.9  0.0 15.6 15.6  0.0 15.6  0.0
  0.0  0.0 93.8  0.0  0.0 31.3  0.0  0.0  0.0  0.0  0.0  0.0  0.0  0.0  0.0
  0.0  0.0  0.0  0.0  0.0 15.6 15.6  0.0  0.0 15.6187.5 15.6  0.0 78.1  0.0
 15.6  0.0  0.0  0.0  0.0  0.0  0.0  0.0  0.0  0.0  0.0  0.0  0.0  0.0  0.0
  0.0  0.0  0.0  0.0  0.0  0.0  0.0  0.0  0.0  0.0  0.0  0.0  0.0  0.0  0.0
  0.0  0.0  0.0  0.0  0.0  0.0  0.0  0.0  0.0  0.0  0.0  0.0  0.0  0.0  0.0
  0.0  0.0  0.0  0.0  0.0  0.0  0.0  0.0  0.0  0.0  0.0  0.0  0.0  0.0  0.0
  0.0  0.0  0.0  0.0  0.0  0.0  0.0 46.9 15.6  0.0 46.9 15.6  0.0  0.0  0.0
  0.0  0.0  0.0  0.0  0.0  0.0 15.6 15.6  0.0 15.6 15.6  0.0  0.0  0.0  0.0
    -27.50     -2.03     14.90     -6.61     -3.63  0.0  0.0  0.0  0.0  0.0
                                 t000120_s20_p3_ai-el2ap.txt 11.0  5.4   54
 37.0  0.0  0.0 18.5  0.0  0.0  0.0  0.0  0.0  0.0  0.0  0.0  0.0  0.0  0.0
  0.0  0.0  0.0  0.0  0.0  0.0407.4166.7 92.6 37.0  0.0  0.0  0.0  0.0  0.0
  0.0  0.0 55.6  0.0  0.0  0.0  0.0  0.0  0.0  0.0  0.0  0.0  0.0  0.0  0.0
 18.5  0.0 18.5  0.0  0.0  0.0  0.0 18.5  0.0  0.0 92.6  0.0  0.0 74.1  0.0
  0.0  0.0  0.0  0.0  0.0  0.0  0.0  0.0  0.0  0.0  0.0  0.0  0.0  0.0  0.0
  0.0  0.0  0.0  0.0  0.0  0.0 18.5  0.0  0.0  0.0  0.0  0.0  0.0  0.0  0.0
  0.0  0.0  0.0  0.0  0.0  0.0  0.0  0.0  0.0  0.0  0.0  0.0  0.0  0.0  0.0
 18.5  0.0  0.0 18.5  0.0  0.0  0.0  0.0  0.0  0.0  0.0  0.0  0.0  0.0  0.0
  0.0  0.0  0.0  0.0  0.0  0.0  0.0  0.0 18.5 18.5 18.5 74.1 37.0  0.0  0.0
  0.0  0.0  0.0  0.0  0.0  0.0  0.0  0.0  0.0 18.5  0.0  0.0 18.5  0.0  0.0
    -31.12     -4.51      4.83     -6.61      2.35  0.0  0.0  0.0  0.0  0.0
                                 t000120_s20_p4_ai-el2ap.txt 10.8  5.0   52
  0.0  0.0  0.0  0.0  0.0  0.0  0.0  0.0  0.0  0.0  0.0  0.0  0.0  0.0  0.0
  0.0  0.0  0.0  0.0  0.0  0.0307.7134.6 38.5 38.5  0.0  0.0  0.0  0.0  0.0
  0.0  0.0 57.7  0.0  0.0  0.0  0.0  0.0  0.0  0.0  0.0  0.0  0.0 19.2  0.0
 19.2  0.0  0.0  0.0  0.0  0.0  0.0 38.5  0.0  0.0 96.2  0.0  0.0 76.9 19.2
  0.0  0.0  0.0  0.0  0.0  0.0  0.0  0.0  0.0  0.0  0.0  0.0  0.0  0.0  0.0
  0.0  0.0  0.0  0.0  0.0  0.0  0.0  0.0  0.0  0.0  0.0  0.0  0.0  0.0  0.0
  0.0  0.0  0.0  0.0  0.0  0.0  0.0  0.0  0.0  0.0  0.0  0.0  0.0  0.0  0.0
  0.0  0.0  0.0  0.0  0.0  0.0  0.0  0.0  0.0  0.0  0.0  0.0  0.0  0.0  0.0
  0.0  0.0  0.0  0.0  0.0  0.0  0.0  0.0  0.0  0.0 57.7 38.5  0.0  0.0  0.0
  0.0  0.0  0.0  0.0  0.0  0.0  0.0 19.2  0.0  0.0  0.0  0.0  0.0  0.0  0.0
    -27.21     -4.46      4.98     -6.61      5.49  0.0  0.0  0.0  0.0  0.0
                                 t000120_s20_p5_ai-el2ap.txt 27.5  5.5  145
  6.9  6.9  0.0 34.5  0.0  0.0  0.0  0.0  0.0  6.9  0.0  0.0  0.0  0.0  0.0
  0.0  0.0 13.8  6.9  0.0  0.0351.7144.8103.4  6.9  0.0  0.0  6.9  0.0  0.0
  0.0  6.9 55.2  0.0  6.9 20.7  0.0  0.0  0.0  0.0  0.0  0.0  6.9  6.9  0.0
  6.9  0.0 13.8  0.0  0.0 13.8 13.8 13.8  0.0  0.0131.0  0.0  0.0 62.1 13.8
  0.0  0.0  0.0  0.0  0.0  0.0  0.0  0.0  0.0  0.0  0.0  0.0  0.0  0.0  0.0
  0.0  0.0  0.0 13.8  0.0  0.0  6.9  0.0  0.0  0.0  0.0  0.0  0.0  0.0  0.0
  0.0  0.0  0.0  0.0  6.9  0.0  0.0  0.0  0.0  0.0  0.0  0.0  0.0  0.0  0.0
 20.7  0.0  0.0 20.7  0.0  6.9  6.9  0.0  0.0  0.0  0.0  0.0  0.0  0.0  0.0
  0.0  0.0  0.0  0.0  0.0  0.0  0.0 13.8  6.9  0.0 27.6 27.6 13.8  6.9  0.0
  0.0  6.9  0.0  0.0  0.0  6.9  0.0  0.0  6.9  0.0  0.0  0.0 13.8  0.0  0.0
    -23.86     -4.22      4.16     -6.61      3.95  0.0  0.0  0.0  0.0  0.0
                                 t000120_s20_p6_ai-el2ap.txt 26.0  5.8  150
 13.3  0.0  0.0 33.3  0.0  0.0  0.0  0.0  0.0  6.7  0.0  0.0  0.0  0.0  0.0
  0.0  0.0  6.7  6.7  0.0  0.0326.7133.3 93.3 53.3  6.7  0.0 20.0  0.0  6.7
  0.0  0.0 73.3  0.0  0.0 26.7  6.7  0.0  0.0  0.0  0.0  6.7  0.0 13.3  6.7
 13.3  0.0  0.0  0.0  0.0  6.7  6.7 33.3  0.0  6.7133.3  6.7  0.0113.3  6.7
  0.0  0.0  0.0  0.0  0.0  0.0  0.0  0.0  0.0  0.0  0.0  0.0  0.0  0.0  0.0
  0.0  0.0  0.0  0.0  0.0  6.7  0.0  0.0  0.0  0.0  0.0  0.0  0.0  0.0  0.0
  6.7  0.0  0.0  0.0  0.0  0.0  0.0  0.0  0.0  0.0  0.0  0.0  0.0  0.0  0.0
  6.7  0.0  0.0  6.7  6.7  0.0  6.7  0.0  0.0  0.0  0.0  0.0  0.0  0.0  0.0
  0.0  0.0  0.0  0.0  0.0  0.0  0.0  0.0  6.7  6.7 40.0 26.7  6.7  6.7  0.0
  0.0  6.7  0.0  0.0  0.0  0.0  0.0  0.0 13.3 13.3  6.7  0.0  6.7  0.0  0.0
    -26.12      0.03      7.88     -3.94      7.82  0.0  0.0  0.0  0.0  0.0
                                 t000120_s20_p7_ai-el2ap.txt 10.5  7.2   48
  0.0  0.0  0.0 20.8  0.0  0.0  0.0  0.0  0.0  0.0  0.0  0.0  0.0  0.0  0.0
  0.0  0.0  0.0 41.7  0.0  0.0479.2 62.5  0.0 20.8  0.0  0.0  0.0  0.0  0.0
  0.0  0.0 20.8  0.0 20.8  0.0  0.0  0.0  0.0  0.0  0.0  0.0  0.0 41.7  0.0
  0.0  0.0  0.0  0.0  0.0  0.0 41.7 41.7  0.0  0.0  0.0  0.0  0.0 62.5 20.8
  0.0  0.0  0.0  0.0  0.0  0.0  0.0  0.0  0.0  0.0  0.0  0.0  0.0  0.0  0.0
  0.0  0.0  0.0  0.0  0.0  0.0  0.0  0.0  0.0  0.0  0.0  0.0  0.0  0.0  0.0
  0.0  0.0  0.0  0.0  0.0  0.0  0.0  0.0  0.0  0.0  0.0  0.0  0.0  0.0  0.0
  0.0  0.0  0.0  0.0  0.0  0.0  0.0  0.0  0.0  0.0  0.0  0.0  0.0  0.0  0.0
  0.0  0.0  0.0  0.0  0.0  0.0  0.0 41.7  0.0  0.0  0.0 20.8  0.0  0.0  0.0
  0.0  0.0  0.0  0.0  0.0  0.0  0.0  0.0  0.0  0.0  0.0  0.0 20.8  0.0  0.0
    -23.32     -5.04     -3.71     -6.61      2.69  0.0  0.0  0.0  0.0  0.0
                                 t000120_s20_p8_ai-el2ap.txt 20.0  5.0  103
  0.0  0.0  0.0 29.1  0.0  0.0  9.7  0.0  0.0  0.0  0.0  0.0  0.0  0.0  0.0
  0.0  0.0  0.0  9.7  0.0  0.0349.5106.8 77.7  9.7  0.0  0.0 19.4  0.0  9.7
  0.0  9.7 68.0  0.0  0.0  9.7  0.0  0.0  0.0  0.0  0.0  0.0  0.0  9.7  0.0
  0.0  0.0  0.0  0.0  0.0  0.0 19.4  9.7  0.0  9.7 87.4  0.0  0.0 68.0  9.7
  0.0  0.0  0.0  0.0  0.0  0.0  0.0  0.0  0.0  0.0  0.0  0.0  0.0  0.0  0.0
  0.0  0.0  0.0  0.0  0.0  0.0  0.0  0.0  0.0  0.0  0.0  0.0  0.0  0.0  0.0
  0.0  0.0  0.0  0.0  0.0  0.0  0.0  0.0  0.0  0.0  0.0  0.0  0.0  0.0  0.0
  0.0  0.0  0.0  0.0  0.0  0.0  0.0  0.0  0.0  0.0  0.0  0.0  0.0  0.0  0.0
  0.0  0.0  0.0  0.0  0.0  0.0  0.0  0.0 19.4  0.0  0.0 19.4  0.0  0.0  9.7
  0.0  9.7  0.0  0.0  0.0  9.7  0.0  0.0  9.7  9.7  0.0  0.0  9.7  0.0  0.0
    -24.38     -1.81     13.59     -6.61     -2.16  0.0  0.0  0.0  0.0  0.0
                                 t000120_s20_p9_ai-el2ap.txt 23.3  5.3  122
  8.2  0.0  0.0 24.6  0.0  0.0  0.0 16.4  0.0  0.0  0.0  0.0  0.0  0.0  0.0
  0.0  0.0  0.0 16.4  0.0  0.0336.1 90.2 57.4 16.4  0.0  8.2  0.0  0.0  0.0
  0.0  0.0 32.8  0.0 24.6 32.8  0.0  0.0  0.0  0.0  0.0  0.0  8.2 16.4  0.0
  0.0  0.0  0.0  0.0  0.0  0.0 16.4 16.4  0.0  0.0123.0  0.0  0.0 57.4  8.2
  0.0  0.0  0.0  0.0  0.0  0.0  0.0  0.0  0.0  0.0  0.0  0.0  0.0  0.0  0.0
  0.0  0.0  0.0  0.0  0.0  0.0  0.0  0.0  0.0  0.0  0.0  0.0  0.0  0.0  0.0
  0.0  0.0  0.0  0.0  0.0  0.0  0.0  0.0  0.0  0.0  0.0  0.0  0.0  0.0  0.0
  0.0  0.0  0.0  0.0  0.0  0.0  0.0  0.0  0.0  0.0  0.0  0.0  0.0  0.0  0.0
  0.0  0.0  0.0  0.0  0.0  0.0  0.0 24.6  8.2  0.0 16.4  8.2  0.0  0.0  0.0
  0.0  0.0  0.0  0.0  0.0 16.4  0.0  0.0  0.0  8.2  0.0  8.2  8.2  0.0  0.0
    -19.14     -3.61     -5.84     -6.61      3.98  0.0  0.0  0.0  0.0  0.0
                                  t000120_s4_p1_ai-el2ap.txt 12.0  6.3   55
  0.0  0.0  0.0 36.4  0.0  0.0  0.0  0.0  0.0 18.2  0.0  0.0  0.0  0.0  0.0
  0.0  0.0  0.0 18.2  0.0  0.0418.2163.6 90.9 36.4  0.0  0.0 18.2  0.0  0.0
  0.0  0.0109.1  0.0  0.0 18.2  0.0  0.0  0.0  0.0  0.0  0.0  0.0  0.0  0.0
 18.2  0.0 18.2  0.0 18.2  0.0 18.2 18.2  0.0  0.0127.3  0.0  0.0 90.9 18.2
  0.0  0.0  0.0  0.0  0.0  0.0  0.0  0.0  0.0  0.0  0.0  0.0  0.0  0.0  0.0
  0.0  0.0  0.0 18.2  0.0  0.0  0.0  0.0  0.0  0.0  0.0  0.0  0.0  0.0  0.0
  0.0  0.0  0.0  0.0  0.0  0.0  0.0  0.0  0.0  0.0  0.0  0.0  0.0  0.0  0.0
 18.2  0.0  0.0 18.2  0.0  0.0  0.0  0.0  0.0  0.0  0.0  0.0  0.0  0.0  0.0
  0.0  0.0  0.0  0.0  0.0  0.0  0.0 36.4 18.2  0.0  0.0 36.4  0.0  0.0  0.0
  0.0  0.0  0.0  0.0  0.0  0.0  0.0  0.0 18.2  0.0  0.0  0.0  0.0  0.0  0.0
    -30.02     -1.16      7.52     -6.61      2.24  0.0  0.0  0.0  0.0  0.0
                                  t000120_s8_p1_ai-el2ap.txt 29.0  6.3  148
  0.0  0.0  0.0 67.6  0.0 13.5  0.0  0.0  0.0  0.0  0.0  0.0  0.0  0.0  0.0
  0.0  0.0 13.5 27.0  0.0  0.0425.7101.4 87.8  6.8  0.0  0.0  0.0  0.0  0.0
  0.0  6.8148.6  0.0  0.0 27.0  6.8  0.0  0.0  0.0  0.0  0.0  6.8  6.8  0.0
  0.0  0.0  0.0  0.0  0.0 13.5 33.8  6.8  0.0  0.0 94.6  0.0  0.0 94.6  6.8
  6.8  0.0  0.0  0.0  0.0  0.0  0.0  0.0  0.0  0.0  0.0  0.0  0.0  0.0  0.0
  0.0  0.0  0.0  0.0  0.0  0.0  0.0  0.0  0.0  0.0  0.0  0.0  0.0  0.0  0.0
  0.0  0.0  6.8  0.0  0.0  0.0  0.0  0.0  0.0  0.0  0.0  0.0  0.0  0.0  0.0
  0.0  0.0  0.0  0.0  6.8  0.0  6.8  0.0  0.0  0.0  0.0  0.0  0.0  0.0  0.0
  0.0  0.0  0.0  0.0  0.0  0.0  0.0  0.0 13.5  0.0 33.8 27.0 13.5  0.0  0.0
  0.0  0.0  0.0  0.0  0.0  0.0 27.0  6.8  0.0  6.8  6.8  0.0  6.8  0.0  0.0
    -19.68     -5.51     12.26     -6.61      1.62  0.0  0.0  0.0  0.0  0.0
                                  t000120_s8_p2_ai-el2ap.txt 20.3  6.3  103
  9.7  0.0  0.0 29.1  0.0  0.0  0.0  0.0  0.0  0.0  0.0  0.0  0.0  0.0  0.0
  0.0  0.0  0.0  9.7  0.0  0.0378.6106.8 97.1  9.7  9.7  0.0  0.0  0.0  0.0
  0.0  9.7174.8  9.7  9.7  0.0 29.1  0.0  0.0  0.0  0.0  0.0  0.0  0.0  0.0
  0.0  0.0  0.0  0.0  0.0  0.0 19.4  0.0  0.0  0.0155.3  9.7  0.0 68.0  0.0
  9.7  0.0  0.0  0.0  0.0  0.0  0.0  0.0  0.0  0.0  0.0  0.0  0.0  0.0  0.0
  0.0  0.0  0.0  0.0  0.0  0.0  0.0  0.0  0.0  0.0  0.0  0.0  0.0  0.0  0.0
  0.0  9.7  0.0  0.0  0.0  0.0  0.0  0.0  0.0  0.0  0.0  0.0  0.0  0.0  0.0
  0.0  0.0  0.0  0.0  9.7  0.0  9.7  0.0  0.0  0.0  0.0  0.0  0.0  0.0  0.0
  0.0  0.0  0.0  0.0  0.0  0.0  0.0  0.0 29.1  0.0  9.7 19.4  9.7  0.0  9.7
  0.0  9.7  0.0  0.0  0.0  9.7  9.7  0.0  0.0  9.7  0.0  0.0  0.0  0.0  0.0
    -30.67     -4.98     11.08     -6.61     -3.63  0.0  0.0  0.0  0.0  0.0
                                  t000120_s8_p3_ai-el2ap.txt 31.8  5.6  203
  4.9  0.0  0.0 39.4  0.0  0.0  0.0  0.0  0.0  4.9  0.0  0.0  0.0  0.0  0.0
  4.9  0.0  4.9 14.8  0.0  0.0369.5118.2 83.7  4.9  0.0  0.0  0.0  4.9  0.0
  0.0  4.9108.4  0.0  0.0 14.8  9.9  0.0  0.0  0.0  0.0  0.0  0.0  0.0  4.9
  4.9  0.0  0.0  0.0 14.8  4.9 19.7  9.9  0.0  4.9123.2  0.0  0.0 64.0  0.0
  0.0  0.0  0.0  0.0  0.0  0.0  0.0  0.0  0.0  0.0  0.0  0.0  0.0  0.0  0.0
  0.0  0.0  0.0  0.0  0.0  0.0  0.0  4.9  0.0  0.0  0.0  0.0  0.0  0.0  0.0
  0.0  0.0  0.0  0.0  0.0  0.0  0.0  0.0  0.0  4.9  0.0  0.0  0.0  0.0  0.0
  0.0  4.9  0.0  4.9  0.0  0.0  4.9  0.0  0.0  0.0  0.0  0.0  0.0  0.0  0.0
  0.0  0.0  0.0  0.0  0.0  0.0  0.0  4.9  9.9  0.0  9.9 34.5  9.9  0.0  9.9
  0.0  0.0  0.0  0.0  0.0  4.9  4.9 14.8  0.0  4.9  4.9  0.0  4.9  4.9  0.0
    -23.57     -5.57     12.38     -6.61      1.75  0.0  0.0  0.0  0.0  0.0
                                  t000120_s8_p4_ai-el2ap.txt  7.8  6.1   40
  0.0  0.0  0.0  0.0  0.0  0.0  0.0  0.0  0.0 25.0  0.0  0.0  0.0  0.0  0.0
  0.0  0.0  0.0  0.0  0.0  0.0425.0200.0100.0  0.0  0.0  0.0  0.0  0.0  0.0
  0.0  0.0150.0  0.0  0.0  0.0  0.0  0.0  0.0  0.0  0.0  0.0  0.0  0.0  0.0
 25.0  0.0  0.0  0.0  0.0  0.0  0.0 25.0  0.0  0.0100.0  0.0  0.0 25.0  0.0
  0.0  0.0  0.0  0.0  0.0  0.0  0.0  0.0  0.0  0.0  0.0  0.0  0.0  0.0  0.0
  0.0  0.0  0.0  0.0  0.0  0.0  0.0  0.0  0.0  0.0  0.0  0.0  0.0  0.0  0.0
  0.0  0.0  0.0  0.0  0.0  0.0  0.0  0.0  0.0  0.0  0.0  0.0  0.0  0.0  0.0
  0.0  0.0  0.0  0.0  0.0  0.0  0.0  0.0  0.0  0.0  0.0  0.0  0.0  0.0  0.0
  0.0  0.0  0.0  0.0  0.0  0.0  0.0  0.0 25.0  0.0 25.0 25.0  0.0  0.0 25.0
 25.0  0.0  0.0  0.0  0.0  0.0  0.0  0.0  0.0  0.0  0.0  0.0  0.0  0.0  0.0
    -35.64     -5.73     11.39     -6.61      4.44  0.0 25.0  0.0  0.0  0.0
                                  t000121_s1_p1_ai-el2ap.txt 24.3  5.7  143
 14.0  0.0  0.0 42.0  0.0  0.0  0.0  0.0  0.0  0.0  0.0  0.0  0.0  0.0  0.0
  0.0  0.0  0.0 14.0  0.0  0.0363.6125.9 69.9 35.0  0.0  7.0  7.0  0.0  0.0
  0.0  0.0 69.9  0.0  0.0  7.0  0.0  0.0  0.0  0.0  0.0  0.0  0.0 14.0  0.0
  0.0  7.0 14.0  0.0  7.0  0.0 21.0 14.0  0.0  0.0104.9  0.0  0.0 90.9 14.0
  0.0  0.0  0.0  0.0  0.0  0.0  0.0  0.0  0.0  0.0  0.0  0.0  0.0  0.0  0.0
  0.0  0.0  0.0  7.0  0.0  0.0  7.0  0.0  0.0  0.0  0.0  0.0  0.0  0.0  0.0
  0.0  0.0  0.0  0.0  0.0  0.0  0.0  0.0  0.0  0.0  0.0  0.0  0.0  0.0  0.0
 14.0  0.0  0.0 14.0  0.0  0.0  0.0  0.0  0.0  0.0  0.0  0.0  0.0  0.0  0.0
  0.0  0.0  0.0  0.0  0.0  0.0  0.0  0.0 14.0  7.0 21.0  7.0  0.0  0.0  0.0
  0.0  7.0  0.0  0.0  0.0  0.0  0.0  0.0  7.0 21.0  0.0  0.0 14.0  0.0  0.0
    -26.29     -1.94      5.43     -6.61     -1.51  7.0  0.0  0.0  0.0  0.0
                                 t000121_s14_p1_ai-el2ap.txt 16.8  5.0   96
  0.0  0.0  0.0 10.4  0.0  0.0  0.0  0.0  0.0  0.0 10.4  0.0  0.0  0.0  0.0
  0.0  0.0  0.0 10.4  0.0  0.0291.7166.7 41.7 72.9  0.0  0.0  0.0  0.0  0.0
  0.0  0.0 52.1  0.0  0.0 10.4  0.0  0.0  0.0  0.0  0.0  0.0  0.0 31.3  0.0
  0.0  0.0  0.0  0.0  0.0  0.0 10.4 31.3  0.0  0.0 62.5  0.0  0.0 83.3  0.0
  0.0  0.0  0.0  0.0  0.0  0.0  0.0  0.0  0.0  0.0  0.0  0.0  0.0  0.0  0.0
  0.0  0.0  0.0  0.0  0.0  0.0  0.0  0.0  0.0  0.0  0.0  0.0  0.0  0.0  0.0
  0.0  0.0  0.0  0.0  0.0  0.0  0.0  0.0  0.0  0.0  0.0  0.0  0.0  0.0  0.0
  0.0  0.0  0.0  0.0  0.0  0.0  0.0  0.0  0.0  0.0  0.0  0.0  0.0  0.0  0.0
  0.0  0.0  0.0  0.0  0.0  0.0  0.0  0.0 20.8  0.0 10.4  0.0 20.8 10.4 31.3
  0.0  0.0  0.0  0.0  0.0  0.0  0.0  0.0  0.0  0.0  0.0  0.0 10.4  0.0  0.0
    -24.57     -3.33      4.00     -6.61      1.11  0.0  0.0  0.0  0.0  0.0
                                 t000121_s14_p2_ai-el2ap.txt 13.0  4.4   83
  0.0  0.0  0.0 12.0  0.0  0.0  0.0  0.0  0.0 12.0  0.0  0.0  0.0  0.0  0.0
  0.0  0.0  0.0 12.0  0.0  0.0373.5168.7 36.1 60.2  0.0  0.0 12.0  0.0 24.1
  0.0  0.0 48.2  0.0  0.0  0.0  0.0  0.0  0.0  0.0  0.0  0.0  0.0  0.0  0.0
  0.0  0.0  0.0  0.0  0.0  0.0 12.0  0.0  0.0 24.1 36.1  0.0  0.0 84.3  0.0
  0.0  0.0  0.0  0.0  0.0  0.0  0.0  0.0  0.0  0.0  0.0  0.0  0.0  0.0  0.0
  0.0  0.0  0.0  0.0  0.0  0.0  0.0  0.0  0.0  0.0  0.0  0.0  0.0  0.0  0.0
  0.0  0.0  0.0  0.0  0.0  0.0  0.0  0.0  0.0  0.0  0.0  0.0  0.0  0.0  0.0
  0.0  0.0  0.0  0.0  0.0  0.0  0.0  0.0  0.0  0.0  0.0  0.0  0.0  0.0  0.0
  0.0  0.0  0.0  0.0  0.0  0.0  0.0  0.0  0.0  0.0 36.1  0.0 24.1 12.0 12.0
 12.0  0.0  0.0  0.0  0.0  0.0 12.0  0.0 12.0  0.0  0.0  0.0 24.1  0.0  0.0
    -24.18     -1.51     16.37     -6.61     -3.63  0.0  0.0  0.0  0.0  0.0
                                 t000121_s14_p3_ai-el2ap.txt 16.0  5.5   81
 12.3  0.0  0.0  0.0  0.0  0.0  0.0  0.0  0.0  0.0  0.0  0.0  0.0  0.0  0.0
  0.0  0.0  0.0 24.7  0.0  0.0333.3111.1111.1 37.0  0.0  0.0  0.0  0.0  0.0
  0.0 37.0 98.8  0.0  0.0 24.7  0.0  0.0  0.0  0.0  0.0  0.0  0.0 24.7  0.0
  0.0  0.0  0.0  0.0  0.0  0.0 61.7 24.7  0.0  0.0246.9  0.0  0.0 49.4  0.0
  0.0  0.0  0.0  0.0  0.0  0.0  0.0  0.0  0.0  0.0  0.0  0.0  0.0  0.0  0.0
  0.0  0.0  0.0  0.0  0.0  0.0  0.0  0.0  0.0  0.0  0.0  0.0  0.0  0.0  0.0
  0.0  0.0  0.0  0.0  0.0  0.0  0.0  0.0  0.0  0.0  0.0  0.0  0.0  0.0  0.0
  0.0  0.0  0.0  0.0  0.0  0.0  0.0  0.0  0.0  0.0  0.0  0.0  0.0  0.0  0.0
  0.0  0.0  0.0  0.0  0.0  0.0  0.0  0.0 37.0  0.0 74.1  0.0 12.3 12.3 24.7
 12.3 24.7  0.0  0.0  0.0 24.7  0.0  0.0 12.3 24.7  0.0  0.0  0.0  0.0  0.0
    -25.74     -4.51     20.15     -6.61      0.11  0.0  0.0  0.0  0.0  0.0
                                 t000121_s14_p4_ai-el2ap.txt 26.0  5.3  151
 33.1  0.0  0.0 39.7  0.0  0.0  0.0  0.0  0.0  0.0  0.0  0.0  0.0  0.0  0.0
  0.0  0.0  0.0  0.0  0.0  0.0311.3132.5 86.1 19.9  0.0  0.0  0.0  0.0  0.0
  0.0  6.6 39.7  6.6  0.0 13.2  6.6  0.0  0.0  0.0  0.0  0.0  0.0 19.9 13.2
  6.6  0.0  0.0  6.6  0.0  0.0  6.6 39.7  0.0  0.0106.0  0.0  0.0112.6  6.6
  0.0  0.0  0.0  0.0  0.0  0.0  0.0  0.0  0.0  0.0  0.0  0.0  0.0  0.0  0.0
  0.0  0.0  0.0  0.0  0.0  0.0  0.0  0.0  0.0  0.0  0.0  0.0  0.0  0.0  0.0
  0.0  0.0  0.0  0.0  0.0  0.0  0.0  0.0  0.0  0.0  0.0  0.0 13.2  0.0  0.0
  0.0  0.0  0.0  0.0  0.0  0.0  0.0 13.2  0.0  0.0  0.0  0.0  0.0  0.0  0.0
  0.0  0.0  0.0  0.0  0.0  0.0  0.0  0.0  6.6  6.6 19.9 13.2  6.6 26.5  0.0
  0.0  0.0  0.0  0.0  6.6  6.6  0.0  6.6  6.6 33.1  6.6  6.6  6.6  0.0  0.0
    -26.16     -5.07      3.54     -6.61     11.71  0.0  0.0  0.0  0.0  0.0
                                 t000121_s14_p5_ai-el2ap.txt 30.3  5.3  189
 10.6  0.0  0.0 15.9  0.0  0.0  0.0  0.0 10.6  5.3  0.0  0.0  0.0  0.0  5.3
  5.3  0.0  0.0 10.6  0.0  0.0328.0132.3 84.7 37.0  0.0  0.0  0.0  0.0  0.0
  0.0  0.0 42.3  0.0  0.0 15.9 10.6  0.0  0.0  0.0  0.0  0.0  0.0  5.3  5.3
  0.0  0.0  0.0  0.0  0.0  0.0 10.6 10.6  0.0  0.0111.1 10.6  0.0 74.1  5.3
  0.0  0.0  0.0  0.0  0.0  0.0  0.0  0.0  0.0  0.0  0.0  0.0  0.0  0.0  0.0
  0.0  0.0  0.0  0.0  0.0  0.0  0.0  0.0  0.0  0.0  0.0  0.0  0.0  0.0  0.0
  0.0  0.0  0.0  0.0  0.0  5.3  0.0  0.0  0.0  0.0  0.0  0.0  5.3  0.0  0.0
  0.0  0.0  0.0  0.0  0.0  5.3  5.3  5.3  0.0  0.0  0.0  0.0  0.0  0.0  0.0
  0.0  0.0  0.0  0.0  0.0  0.0  0.0  0.0 10.6 15.9 21.2 31.7  5.3 10.6  0.0
  0.0 10.6  0.0  0.0  5.3  5.3  0.0  5.3  5.3 26.5  5.3  0.0  0.0  0.0  0.0
    -20.00     -4.51      3.01     -6.61      1.25  0.0  5.3  0.0  0.0  0.0
                                 t000121_s14_p6_ai-el2ap.txt 19.0  6.0  100
  0.0  0.0  0.0  0.0  0.0  0.0  0.0  0.0  0.0  0.0  0.0  0.0  0.0  0.0  0.0
  0.0  0.0  0.0 20.0  0.0  0.0350.0120.0 70.0 80.0 10.0 10.0  0.0  0.0  0.0
  0.0 10.0120.0  0.0 10.0 20.0 10.0  0.0 10.0  0.0  0.0  0.0  0.0 60.0  0.0
 10.0 10.0  0.0 20.0  0.0  0.0 40.0 70.0  0.0  0.0 80.0 10.0  0.0130.0  0.0
  0.0  0.0  0.0  0.0  0.0  0.0  0.0  0.0  0.0  0.0  0.0  0.0  0.0  0.0  0.0
  0.0  0.0  0.0  0.0  0.0  0.0  0.0  0.0  0.0  0.0  0.0  0.0  0.0  0.0  0.0
  0.0  0.0 10.0  0.0  0.0  0.0  0.0  0.0  0.0  0.0  0.0  0.0  0.0  0.0  0.0
  0.0  0.0  0.0  0.0 10.0  0.0 10.0  0.0  0.0  0.0  0.0  0.0  0.0  0.0  0.0
  0.0 10.0  0.0  0.0  0.0  0.0  0.0  0.0 10.0 10.0 10.0 10.0 10.0 10.0  0.0
  0.0  0.0  0.0  0.0  0.0 10.0 20.0 40.0 10.0  0.0 10.0  0.0  0.0  0.0  0.0
    -27.83     -0.73      8.93     -3.38      8.69  0.0  0.0  0.0  0.0  0.0
                                 t000121_s14_p7_ai-el2ap.txt 20.0  5.3  109
 18.3  0.0  0.0 27.5  0.0  0.0  0.0  0.0  0.0  0.0  0.0  0.0  0.0  0.0  0.0
  0.0  0.0  0.0 27.5  0.0  0.0376.1 91.7 82.6 27.5  0.0  0.0  0.0  0.0  0.0
  0.0  0.0100.9  0.0  0.0 27.5  0.0  0.0  0.0  0.0  0.0  0.0  9.2 18.3  9.2
  0.0  0.0  0.0  0.0  0.0  0.0 27.5 27.5  0.0  0.0128.4  0.0  0.0 82.6  9.2
  0.0  0.0  0.0  0.0  0.0  0.0  0.0  0.0  0.0  0.0  0.0  0.0  0.0  0.0  0.0
  0.0  0.0  0.0  0.0  0.0  0.0  0.0  0.0  0.0  0.0  0.0  0.0  0.0  0.0  0.0
  0.0  0.0  0.0  0.0  0.0  0.0  0.0  0.0  0.0  0.0  0.0  0.0  0.0  0.0  0.0
  0.0  0.0  0.0  0.0  0.0  0.0  0.0  0.0  0.0  0.0  0.0  0.0  0.0  0.0  0.0
  0.0  0.0  0.0  0.0  0.0  0.0  0.0  0.0 18.3 18.3 45.9  0.0  0.0 18.3  0.0
  0.0  0.0  0.0  0.0  0.0  9.2  0.0 36.7  0.0 18.3  0.0  0.0  0.0  0.0  0.0
    -22.32     -4.82      6.42     -6.61     11.94  0.0  0.0  0.0  0.0  0.0
                                 t000121_s14_p8_ai-el2ap.txt 25.0  5.7  143
 28.0  7.0  0.0 21.0  0.0  0.0  0.0  0.0  0.0  0.0  0.0  0.0  0.0  0.0  0.0
  0.0  0.0  0.0 21.0  0.0  0.0314.7 97.9 97.9 55.9  0.0  0.0  0.0  0.0  0.0
  0.0  7.0 83.9  7.0  0.0 21.0 14.0  0.0  0.0  0.0  0.0  0.0  7.0 42.0  0.0
 14.0  0.0  0.0  7.0  0.0  0.0 28.0 55.9  0.0  0.0 97.9  0.0  0.0125.9  7.0
  0.0  0.0  0.0  0.0  0.0  0.0  0.0  0.0  0.0  0.0  0.0  0.0  0.0  0.0  0.0
  0.0  0.0  0.0  0.0  7.0  0.0  7.0  0.0  0.0  0.0  0.0  0.0  0.0  0.0  0.0
  7.0  0.0  0.0  0.0  0.0  0.0  0.0  0.0  0.0  0.0  0.0  0.0  0.0  0.0  0.0
 14.0  0.0  0.0 14.0  7.0  0.0  7.0  0.0  0.0  0.0  0.0  0.0  0.0  0.0  0.0
  0.0  0.0  0.0  0.0  0.0  0.0  0.0  0.0 14.0  0.0 49.0  0.0  7.0  7.0  0.0
  0.0  0.0  0.0  0.0  7.0 14.0  0.0  7.0  0.0 28.0  0.0  0.0 35.0  0.0  0.0
    -21.42     -3.89      6.20     -6.61     11.61  0.0  0.0  0.0  0.0  0.0
                                 t000121_s19_p1_ai-el2ap.txt 28.8  4.3  172
  5.8  0.0  0.0 11.6  0.0  0.0  0.0  5.8  0.0  0.0  0.0  0.0  0.0  0.0  0.0
  0.0  0.0  0.0 17.4  0.0  0.0197.7 93.0 40.7 75.6 11.6 11.6 17.4  0.0  0.0
  0.0  0.0 52.3  0.0  0.0 23.3  0.0  0.0  0.0  0.0  0.0  5.8  5.8  5.8  0.0
  0.0 11.6  0.0  0.0  5.8  0.0 29.1  5.8  0.0  0.0 52.3 11.6  0.0104.7 11.6
  0.0  0.0  0.0  0.0  0.0  0.0  0.0  0.0  0.0  0.0  0.0  0.0  0.0  0.0  0.0
  0.0  0.0  0.0  0.0  0.0  0.0  0.0  0.0  0.0  0.0  0.0  0.0  0.0  0.0  0.0
  0.0  0.0  0.0  0.0  0.0  0.0  0.0  0.0  0.0  0.0  0.0  0.0  0.0  0.0  0.0
  0.0  0.0  0.0  0.0  0.0  0.0  0.0  0.0  0.0  0.0  0.0  0.0  0.0  0.0  0.0
  0.0  0.0  0.0  0.0  0.0  0.0  0.0 29.1 11.6  0.0 17.4  0.0  5.8  5.8  5.8
  0.0  0.0  0.0  0.0  0.0  0.0  0.0 17.4  0.0 11.6  0.0  0.0  5.8  5.8  0.0
    -14.93      2.74      3.29     -4.28      0.89  0.0  0.0  0.0  0.0  0.0
                                 t000121_s19_p2_ai-el2ap.txt 16.3  4.9  100
 20.0  0.0  0.0 30.0  0.0  0.0  0.0  0.0  0.0  0.0  0.0  0.0  0.0  0.0  0.0
  0.0  0.0  0.0 10.0  0.0  0.0290.0120.0 30.0 50.0  0.0  0.0  0.0  0.0  0.0
  0.0  0.0 30.0  0.0 10.0 10.0  0.0  0.0  0.0  0.0  0.0  0.0  0.0  0.0  0.0
  0.0 20.0  0.0 10.0  0.0  0.0 30.0  0.0  0.0  0.0 50.0  0.0  0.0 80.0 10.0
  0.0  0.0  0.0  0.0  0.0  0.0  0.0  0.0  0.0  0.0  0.0  0.0  0.0  0.0  0.0
  0.0  0.0  0.0  0.0  0.0  0.0  0.0  0.0  0.0  0.0  0.0  0.0  0.0  0.0  0.0
  0.0  0.0  0.0  0.0  0.0  0.0  0.0  0.0  0.0  0.0  0.0  0.0  0.0  0.0  0.0
  0.0  0.0  0.0  0.0  0.0  0.0  0.0  0.0  0.0  0.0  0.0  0.0  0.0  0.0  0.0
  0.0  0.0  0.0  0.0  0.0  0.0  0.0  0.0  0.0  0.0 10.0 10.0 10.0  0.0  0.0
  0.0  0.0  0.0  0.0  0.0 10.0  0.0 20.0  0.0 20.0  0.0  0.0  0.0  0.0  0.0
    -20.66     -4.08     -0.45     -6.61     -3.63  0.0  0.0  0.0  0.0  0.0
                                 t000121_s19_p3_ai-el2ap.txt 27.0  5.3  172
 29.1  0.0  0.0 40.7  0.0  0.0  5.8  0.0  0.0  0.0  0.0  0.0  0.0  5.8  0.0
  0.0  0.0  0.0  5.8  0.0  0.0255.8162.8 75.6 69.8 17.4  0.0  5.8  0.0 17.4
  5.8  0.0 69.8  0.0 11.6  5.8  0.0  0.0  0.0  0.0  0.0  0.0  0.0 11.6  0.0
  0.0  0.0  0.0  0.0  5.8  0.0  5.8 11.6  0.0 23.3122.1 17.4 17.4110.5  0.0
  0.0  0.0  0.0  0.0  0.0  0.0  0.0  0.0  0.0  0.0  0.0  0.0  0.0  0.0  0.0
  0.0  0.0  0.0  0.0  0.0  0.0  0.0  0.0  0.0  5.8  0.0  0.0  0.0  0.0  0.0
  0.0  0.0  0.0  0.0  5.8  0.0  0.0  0.0  0.0  0.0  0.0  0.0  0.0  0.0  0.0
  0.0  5.8  0.0  5.8  0.0  5.8  5.8  0.0  0.0  0.0  0.0  0.0  0.0  0.0  0.0
  0.0  0.0  0.0  0.0  0.0  0.0  0.0  0.0  5.8  0.0 17.4  0.0  0.0  0.0  0.0
  0.0  5.8  0.0  0.0  0.0  0.0  0.0 17.4  5.8 52.3  0.0  5.8  5.8  0.0  0.0
    -20.25     -1.58     16.07     -6.61     -1.86 17.4  0.0  0.0  0.0  0.0
                                 t000121_s19_p4_ai-el2ap.txt 20.8  4.9  153
 19.6  0.0  0.0 26.1  0.0  0.0  6.5  0.0  0.0  0.0  0.0  0.0  0.0  0.0  0.0
  0.0  0.0  0.0  6.5  0.0  0.0228.8111.1 39.2 58.8 19.6  0.0  0.0  0.0 13.1
  0.0  0.0 39.2  0.0  6.5 58.8  6.5  0.0  0.0  0.0  0.0  0.0  6.5  0.0  0.0
  0.0  0.0  0.0  6.5  0.0  0.0  6.5  0.0  0.0 13.1130.7 19.6  6.5111.1  6.5
  0.0  0.0  0.0  0.0  0.0  0.0  0.0  0.0  0.0  0.0  0.0  0.0  0.0  0.0  0.0
  0.0  0.0  0.0  0.0  0.0  0.0  0.0  0.0  0.0 13.1  0.0  0.0  0.0  0.0  0.0
  0.0  0.0  0.0  0.0 13.1  0.0  0.0  0.0  0.0  0.0  0.0  0.0  0.0  0.0  0.0
  0.0 13.1  0.0 13.1  0.0 13.1 13.1  0.0  0.0  0.0  0.0  0.0  0.0  0.0  0.0
  0.0  0.0  0.0  0.0  0.0  0.0  0.0  0.0  0.0  6.5 13.1  0.0  0.0  6.5  0.0
  0.0  0.0  0.0  0.0  0.0  0.0  0.0 19.6  0.0 45.8  0.0  6.5 13.1  0.0  0.0
    -18.57     -2.92      4.97     -6.61      0.46  6.5  0.0  0.0  0.0  0.0
                                 t000121_s19_p5_ai-el2ap.txt 20.5  4.9  146
 27.4  6.8  0.0 34.2  0.0  0.0 20.5  0.0  0.0  0.0  0.0  0.0  0.0  6.8  0.0
  0.0  0.0  0.0  6.8  0.0  0.0246.6137.0 61.6 68.5 13.7  0.0  0.0  0.0 34.2
  0.0  6.8 47.9  0.0  6.8 27.4 13.7  0.0  0.0  0.0  0.0  0.0  0.0  0.0  0.0
  0.0  0.0  0.0  6.8  6.8  0.0 13.7  0.0  0.0 34.2109.6 13.7 13.7116.4  0.0
  0.0  0.0  0.0  0.0  0.0  0.0  0.0  0.0  0.0  0.0  0.0  0.0  0.0  0.0  0.0
  0.0  0.0  0.0  0.0  6.8  0.0  0.0  0.0  0.0 13.7  0.0  0.0  0.0  0.0  0.0
  0.0  0.0  0.0  0.0 13.7  0.0  0.0  0.0  0.0  0.0  0.0  0.0  0.0  0.0  0.0
  6.8 13.7  0.0 20.5  0.0 13.7 13.7  0.0  0.0  0.0  0.0  0.0  0.0  0.0  0.0
  0.0  0.0  0.0  0.0  0.0  0.0  0.0  0.0  0.0  0.0  6.8  0.0  0.0  6.8  0.0
  0.0  0.0  0.0  0.0  0.0  0.0  0.0 20.5  0.0 54.8  0.0  0.0  0.0  0.0  0.0
    -12.06     -2.87     20.39     -6.61     -3.63 13.7  0.0  0.0  0.0  0.0
                                 t000121_s19_p6_ai-el2ap.txt 19.5  4.7  128
 23.4  7.8  0.0 15.6  0.0  0.0 15.6  0.0  0.0  0.0  0.0  0.0  0.0  0.0  0.0
  0.0  0.0  0.0  0.0  0.0  0.0234.4156.3 46.9 70.3  7.8  0.0  0.0  0.0 23.4
  0.0  7.8 46.9  0.0  7.8 31.3  7.8  0.0  0.0  0.0  0.0  0.0  0.0  7.8  0.0
  0.0  0.0  0.0  7.8  0.0  0.0  7.8  7.8  0.0 23.4109.4  7.8  0.0 93.8  0.0
  0.0  0.0  0.0  0.0  0.0  0.0  0.0  0.0  0.0  0.0  0.0  0.0  0.0  0.0  0.0
  0.0  0.0  0.0  0.0  7.8  0.0  0.0  0.0  0.0 15.6  0.0  0.0  0.0  0.0  0.0
  0.0  0.0  0.0  0.0  7.8  0.0  0.0  0.0  0.0  0.0  0.0  0.0  0.0  0.0  0.0
  7.8 15.6  0.0 23.4  0.0  7.8  7.8  0.0  0.0  0.0  0.0  0.0  0.0  0.0  0.0
  0.0  0.0  0.0  0.0  0.0  0.0  0.0  0.0  0.0 15.6 23.4  0.0  0.0  7.8  0.0
  0.0  0.0  7.8  0.0  0.0  0.0  0.0 15.6  0.0 39.1  0.0  0.0  7.8  0.0  0.0
    -17.82     -3.07     14.77     -6.61     -2.44 15.6  0.0  0.0  0.0  0.0
                                  t000121_s6_p1_ai-el2ap.txt 18.5  6.4   94
 42.6  0.0  0.0 21.3  0.0  0.0  0.0  0.0  0.0  0.0  0.0  0.0  0.0  0.0  0.0
  0.0  0.0  0.0 10.6  0.0  0.0351.1127.7159.6 42.6  0.0  0.0 10.6  0.0  0.0
  0.0  0.0 63.8  0.0 10.6 53.2  0.0  0.0  0.0  0.0  0.0  0.0 10.6  0.0  0.0
 10.6  0.0  0.0 10.6  0.0  0.0 10.6 10.6  0.0  0.0180.9  0.0  0.0 95.7  0.0
  0.0  0.0  0.0  0.0  0.0  0.0  0.0  0.0  0.0  0.0  0.0  0.0  0.0  0.0  0.0
  0.0  0.0  0.0  0.0  0.0  0.0  0.0  0.0  0.0  0.0  0.0  0.0  0.0  0.0  0.0
  0.0  0.0  0.0  0.0  0.0  0.0  0.0  0.0  0.0  0.0  0.0  0.0  0.0  0.0  0.0
  0.0  0.0  0.0  0.0  0.0  0.0  0.0  0.0  0.0  0.0  0.0  0.0  0.0  0.0  0.0
  0.0  0.0  0.0  0.0  0.0  0.0  0.0  0.0 21.3 10.6 31.9  0.0  0.0 10.6  0.0
  0.0 10.6  0.0  0.0  0.0 10.6  0.0  0.0 10.6 42.6  0.0 10.6 10.6  0.0  0.0
    -31.28     -2.36     -0.74     -6.61      6.45  0.0  0.0  0.0  0.0  0.0
                                  t000121_s6_p2_ai-el2ap.txt 33.3  5.8  187
  5.3  0.0  0.0 37.4  0.0  0.0  0.0  0.0  0.0  5.3  0.0  0.0  0.0  0.0  0.0
  0.0  0.0 10.7  0.0  0.0  0.0272.7144.4117.6 42.8 10.7  5.3  0.0  0.0  5.3
  5.3 10.7101.6  0.0  5.3 37.4  5.3  0.0  0.0  0.0  0.0  5.3  5.3 16.0  5.3
  0.0  0.0  5.3 16.0 16.0 10.7 10.7 21.4  0.0 10.7155.1 10.7  0.0 90.9  0.0
  5.3  0.0  0.0  0.0  0.0  0.0  0.0  0.0  0.0  0.0  0.0  0.0  0.0  0.0  0.0
  0.0  0.0  0.0  0.0  0.0  0.0  0.0  0.0  0.0  5.3  0.0  0.0  0.0  0.0  0.0
  0.0  0.0  0.0  0.0  5.3  0.0  0.0  0.0  5.3  0.0  5.3  0.0  0.0  0.0  0.0
  0.0  5.3  0.0  5.3  0.0 10.7 10.7  5.3  0.0  0.0  0.0  0.0  0.0  0.0  0.0
  0.0  0.0  0.0  0.0  0.0  0.0  0.0  0.0  0.0 10.7 10.7  0.0 10.7 16.0  0.0
  0.0  0.0  0.0  0.0  0.0  5.3  5.3 10.7  5.3 16.0  0.0  5.3 10.7  0.0  0.0
    -27.31     -2.82     15.83     -4.47      6.26 10.7  5.3  0.0  0.0  0.0
                                  t000121_s6_p3_ai-el2ap.txt 23.5  5.7  144
 20.8  0.0  0.0 62.5  0.0  0.0  0.0  0.0  0.0  0.0  0.0  0.0  0.0  0.0  0.0
  0.0  0.0  6.9  0.0  0.0  0.0291.7125.0 69.4 34.7 13.9 13.9  6.9  0.0  6.9
  0.0  0.0104.2  0.0  0.0 41.7  6.9  0.0  0.0  0.0  0.0 13.9  6.9 20.8  0.0
  0.0  0.0 13.9  0.0  0.0  6.9  0.0 20.8  0.0  6.9111.1 13.9 13.9118.1  6.9
  0.0  0.0  0.0  0.0  0.0  0.0  0.0  0.0  0.0  0.0  0.0  0.0  0.0  0.0  0.0
  0.0  0.0  0.0  6.9  0.0  0.0  6.9  0.0  0.0  6.9  0.0  0.0  0.0  0.0  0.0
  0.0  0.0  0.0  0.0  6.9  0.0  0.0  0.0  0.0  0.0  0.0  0.0  0.0  0.0  0.0
 13.9  6.9  0.0 20.8  0.0  6.9  6.9  0.0  0.0  0.0  0.0  0.0  0.0  0.0  0.0
  0.0  0.0  0.0  0.0  0.0  0.0  0.0  0.0  0.0 27.8 34.7  0.0  0.0  0.0  0.0
  0.0  0.0  0.0  0.0  6.9  0.0  0.0  0.0  0.0 13.9  0.0  6.9  6.9  0.0  0.0
    -23.92     -0.01      9.31     -1.05      3.87  6.9  0.0  0.0  6.9  0.0
                                  t000121_s6_p4_ai-el2ap.txt 17.5  5.4   84
 11.9  0.0  0.0 71.4  0.0  0.0  0.0  0.0  0.0 11.9  0.0  0.0  0.0  0.0  0.0
  0.0 11.9 23.8  0.0  0.0  0.0273.8 83.3 59.5 11.9 35.7  0.0  0.0  0.0 11.9
  0.0  0.0 59.5  0.0  0.0 71.4 35.7  0.0  0.0 11.9  0.0  0.0 23.8 23.8 11.9
  0.0 11.9 11.9 11.9 23.8 23.8 23.8 35.7 11.9 11.9107.1 35.7  0.0131.0  0.0
  0.0  0.0  0.0  0.0  0.0  0.0  0.0  0.0  0.0  0.0  0.0  0.0  0.0  0.0  0.0
  0.0  0.0  0.0  0.0  0.0 11.9  0.0  0.0  0.0 11.9  0.0  0.0  0.0  0.0  0.0
 11.9  0.0  0.0  0.0 11.9  0.0  0.0  0.0  0.0  0.0  0.0  0.0  0.0  0.0  0.0
 11.9 11.9  0.0 23.8 11.9 11.9 23.8  0.0  0.0  0.0  0.0  0.0  0.0  0.0  0.0
  0.0  0.0  0.0  0.0  0.0  0.0  0.0  0.0  0.0 11.9 11.9  0.0  0.0  0.0  0.0
  0.0  0.0  0.0  0.0  0.0  0.0 11.9 11.9  0.0 23.8 11.9 11.9 23.8  0.0  0.0
      5.27     -3.75      7.00     -1.19     24.02 11.9  0.0  0.0  0.0  0.0
                                  t000121_s6_p5_ai-el2ap.txt 31.0  5.9  186
 16.1  0.0  0.0 48.4  0.0  0.0  0.0  0.0  0.0  0.0  0.0  0.0  0.0  5.4  0.0
  0.0  0.0  5.4 16.1  0.0  0.0306.5145.2 64.5 21.5  0.0  5.4  0.0  0.0 16.1
  0.0  0.0 96.8  5.4  0.0 43.0  5.4  0.0  0.0  0.0  0.0  0.0  5.4  0.0 10.8
  0.0  0.0  5.4  5.4  5.4  5.4 16.1 10.8  0.0 16.1112.9  0.0  0.0112.9 10.8
  0.0  0.0  0.0  0.0  0.0  0.0  0.0  0.0  0.0  0.0  0.0  0.0  0.0  0.0  0.0
  0.0  0.0  0.0  0.0  0.0  0.0  5.4  0.0  0.0  0.0  0.0  0.0  0.0  0.0  0.0
  0.0  0.0  0.0  5.4  0.0  0.0  0.0  0.0  0.0  0.0  0.0  0.0  0.0  0.0  0.0
  5.4  0.0  0.0  5.4  5.4  0.0  5.4  0.0  0.0  0.0  0.0  0.0  0.0  0.0  0.0
  0.0  0.0  0.0  0.0  0.0  0.0  0.0  0.0 10.8  0.0 21.5  0.0  0.0  0.0  0.0
  0.0  0.0  0.0  0.0  0.0  0.0  5.4  5.4 10.8 32.3  5.4  5.4 16.1  0.0  0.0
    -20.67     -3.99     11.78     -6.61      8.01 16.1  0.0  0.0  0.0  0.0
                                  t000121_s6_p6_ai-el2ap.txt 29.3  5.9  159
 12.6  0.0  0.0 44.0  0.0  0.0  0.0  0.0  0.0  6.3  0.0  0.0  0.0  0.0  0.0
  0.0  0.0  6.3  0.0  0.0  0.0333.3125.8106.9 31.4  0.0  0.0  0.0  0.0  0.0
  0.0  0.0 88.1  0.0  0.0 44.0  0.0  0.0  0.0  0.0  6.3  0.0 18.9 18.9  0.0
  0.0  6.3  0.0  6.3  0.0 12.6  6.3 18.9  0.0  0.0125.8  0.0  0.0 75.5  0.0
  0.0  0.0  0.0  0.0  0.0  0.0  0.0  0.0  0.0  0.0  0.0  0.0  0.0  0.0  0.0
  0.0  0.0  0.0  0.0  0.0  0.0  0.0  0.0  0.0  0.0  0.0  0.0  0.0  0.0  0.0
  0.0  0.0  0.0  0.0  0.0  0.0  0.0  0.0  0.0  0.0  0.0  0.0  0.0  0.0  0.0
  0.0  0.0  0.0  0.0  0.0  0.0  0.0  0.0  0.0  0.0  0.0  0.0  0.0  0.0  0.0
  0.0  0.0  0.0  0.0  0.0  0.0  0.0  6.3 25.2  6.3 31.4  0.0 18.9  0.0  0.0
  0.0 18.9  0.0  0.0  0.0  6.3  6.3  6.3  6.3 25.2  0.0  0.0  0.0  0.0  0.0
    -28.42     -4.69      4.59     -3.61     11.02  0.0  0.0  0.0  0.0  0.0
                                  t000121_s6_p7_ai-el2ap.txt 12.8  6.0   61
  0.0  0.0  0.0 98.4  0.0  0.0  0.0  0.0  0.0  0.0  0.0  0.0  0.0  0.0  0.0
  0.0  0.0  0.0  0.0  0.0  0.0262.3114.8147.5 16.4  0.0  0.0  0.0  0.0 16.4
  0.0  0.0 65.6  0.0  0.0 32.8  0.0  0.0  0.0  0.0 16.4  0.0 16.4 32.8  0.0
  0.0  0.0  0.0  0.0  0.0 16.4  0.0 32.8  0.0 16.4163.9  0.0  0.0114.8  0.0
  0.0  0.0  0.0  0.0  0.0  0.0  0.0  0.0  0.0  0.0  0.0  0.0  0.0  0.0  0.0
  0.0  0.0  0.0  0.0  0.0  0.0  0.0  0.0  0.0  0.0  0.0  0.0  0.0  0.0  0.0
  0.0 16.4  0.0  0.0  0.0  0.0  0.0  0.0  0.0  0.0  0.0  0.0  0.0  0.0  0.0
  0.0  0.0  0.0  0.0 16.4  0.0 16.4  0.0  0.0  0.0  0.0  0.0  0.0  0.0  0.0
  0.0  0.0  0.0  0.0  0.0  0.0  0.0  0.0 16.4  0.0 82.0  0.0  0.0 16.4  0.0
  0.0 16.4  0.0  0.0  0.0  0.0 16.4  0.0  0.0 16.4  0.0  0.0 16.4  0.0  0.0
    -30.63     -5.19     11.86      1.20     11.59  0.0  0.0 16.4  0.0  0.0
                                  t000121_s8_p1_ai-el2ap.txt 20.3  5.5  110
  9.1  0.0  0.0 36.4  0.0  0.0  0.0  0.0  9.1  0.0  0.0  0.0  0.0  0.0  0.0
  0.0  0.0  0.0  9.1  0.0  0.0318.2118.2118.2  9.1  0.0  9.1  0.0  9.1  0.0
  0.0  9.1 45.5  9.1  0.0  9.1  0.0  0.0  0.0  0.0  0.0  9.1  0.0  9.1  0.0
  0.0  0.0  0.0  9.1  0.0  0.0 18.2  9.1  0.0  9.1136.4  9.1  0.0 54.5  0.0
  9.1  0.0  0.0  0.0  0.0  0.0  0.0  0.0  0.0  0.0  0.0  0.0  0.0  0.0  0.0
  0.0  0.0  0.0  0.0  0.0  0.0  0.0  0.0  0.0  0.0  0.0  0.0  0.0  0.0  0.0
  0.0  0.0  0.0  0.0  0.0  0.0  0.0  0.0  0.0  0.0  0.0  0.0  0.0  0.0  0.0
  0.0  0.0  0.0  0.0  0.0  0.0  0.0  0.0  0.0  0.0  0.0  0.0  0.0  0.0  0.0
  0.0  0.0  0.0  0.0  0.0  0.0  0.0  0.0  0.0  0.0 27.3  0.0  9.1  0.0  0.0
  0.0  0.0  0.0  0.0  0.0  0.0 36.4  0.0  9.1  0.0  9.1  0.0 18.2  0.0  0.0
    -28.06     -3.68      9.73     -2.97     -2.25  0.0  0.0  0.0  0.0  0.0
                                  t000121_s8_p2_ai-el2ap.txt 20.8  5.1  114
  0.0  0.0  0.0 35.1  0.0  0.0  0.0  0.0  0.0  0.0  0.0  0.0  0.0  0.0  0.0
  0.0  0.0  0.0  8.8  0.0  0.0350.9122.8 70.2  8.8  0.0 17.5  0.0 26.3  0.0
  0.0  0.0 61.4  0.0  0.0  8.8 17.5  0.0  0.0  0.0  0.0  0.0  0.0 17.5  0.0
  0.0  8.8  0.0  0.0  0.0  0.0 17.5 17.5  0.0 26.3 87.7  0.0  0.0 61.4  0.0
  0.0  0.0  0.0  0.0  0.0  0.0  0.0  0.0  0.0  0.0  0.0  0.0  0.0  0.0  0.0
  0.0  0.0  0.0  0.0  0.0  8.8  0.0  0.0  0.0  0.0  0.0  0.0  0.0  0.0  0.0
  8.8  0.0  0.0  0.0  0.0  0.0  0.0  0.0  0.0  0.0  0.0  0.0  0.0  0.0  0.0
  8.8  0.0  0.0  8.8  8.8  0.0  8.8  0.0  0.0  0.0  0.0  0.0  0.0  0.0  0.0
  0.0  0.0  0.0  0.0  0.0  0.0  0.0  0.0 26.3  0.0  0.0  8.8  8.8  8.8  0.0
  0.0  0.0  0.0  0.0  0.0  0.0 17.5  0.0  0.0  8.8  0.0  0.0  8.8  8.8  0.0
    -26.93     -2.07     20.22     -6.61     -0.97  0.0  0.0  0.0  0.0  0.0
                                  t000121_s8_p3_ai-el2ap.txt 32.8  5.7  211
  0.0  0.0  0.0 33.2  0.0  0.0  0.0  0.0  0.0  0.0  0.0  0.0  0.0  0.0  0.0
  0.0  0.0  0.0 14.2  0.0  0.0393.4128.0 94.8 14.2  0.0 14.2  0.0  4.7  0.0
  0.0  4.7113.7  0.0  0.0  4.7  0.0  0.0  0.0  0.0  0.0  9.5  0.0 19.0  0.0
  0.0  4.7  4.7  4.7  0.0  0.0 23.7 19.0  0.0  4.7113.7  0.0  4.7 56.9  0.0
  0.0  0.0  0.0  0.0  0.0  0.0  0.0  0.0  0.0  0.0  0.0  0.0  0.0  0.0  0.0
  0.0  0.0  0.0  0.0  0.0  0.0  4.7  0.0  0.0  0.0  0.0  0.0  0.0  0.0  0.0
  0.0  0.0  0.0  0.0  0.0  0.0  0.0  0.0  0.0  0.0  0.0  0.0  0.0  0.0  0.0
  4.7  0.0  0.0  4.7  0.0  0.0  0.0  0.0  0.0  0.0  0.0  0.0  0.0  0.0  0.0
  0.0  0.0  0.0  0.0  0.0  0.0  0.0  4.7  9.5  4.7 37.9  4.7  0.0  0.0  0.0
  0.0  0.0  0.0  0.0  0.0 19.0  0.0  0.0  4.7 14.2  0.0  0.0  9.5  0.0  0.0
    -30.15     -2.53     13.15     -2.81     -0.75  4.7  0.0  0.0  0.0  0.0
                                  t000121_s8_p4_ai-el2ap.txt 25.0  5.3  146
 13.7  0.0  0.0 68.5  0.0  0.0  0.0  0.0  0.0  0.0  0.0  0.0  0.0  0.0  0.0
  0.0  0.0  6.8 13.7  0.0  0.0301.4150.7 75.3 20.5  0.0 13.7  0.0  0.0  0.0
  6.8  0.0 75.3  0.0  0.0  6.8  6.8  0.0  0.0  0.0  0.0  0.0  0.0 13.7 13.7
  0.0  0.0  0.0  0.0  6.8  6.8 13.7 27.4  0.0  6.8 89.0  0.0  0.0102.7  0.0
  0.0  0.0  0.0  0.0  0.0  0.0  0.0  0.0  0.0  0.0  0.0  0.0  0.0  0.0  0.0
  0.0  0.0  0.0  0.0  0.0  6.8  0.0  0.0  0.0  0.0  0.0  0.0  0.0  0.0  0.0
  6.8  0.0  0.0  0.0  0.0  0.0  0.0  0.0  0.0  0.0  0.0  0.0  0.0  0.0  0.0
  6.8  0.0  0.0  6.8  6.8  0.0  6.8  0.0  0.0  0.0  0.0  0.0  0.0  0.0  0.0
  0.0  0.0  0.0  0.0  0.0  0.0  0.0  0.0  6.8 13.7 34.2  6.8  0.0 20.5  0.0
  0.0  0.0  0.0  0.0  0.0  0.0  6.8  6.8  6.8 41.1  0.0  0.0  6.8  0.0  0.0
    -22.31     -2.42     12.04     -6.61      8.99  0.0  0.0  0.0  0.0  0.0
                                  t000121_s8_p5_ai-el2ap.txt 22.8  5.8  129
  7.8  0.0  0.0 69.8  0.0  0.0  0.0  0.0  0.0  0.0  0.0  0.0  0.0  0.0  0.0
  0.0  0.0  0.0 15.5  0.0  0.0333.3116.3 69.8  7.8  7.8 15.5  0.0  0.0  0.0
  7.8  0.0 93.0  0.0  0.0 23.3  7.8  0.0  0.0  0.0  0.0 23.3  0.0 23.3  0.0
  7.8  0.0  7.8  7.8 23.3  0.0 15.5 31.0  0.0  7.8108.5  7.8  0.0100.8  0.0
  0.0  0.0  0.0  0.0  0.0  0.0  0.0  0.0  0.0  0.0  0.0  0.0  0.0  0.0  0.0
  0.0  0.0  0.0  0.0  0.0 15.5  0.0  0.0  0.0  0.0  0.0  0.0  0.0  0.0  7.8
  0.0  0.0  0.0  0.0  0.0  0.0  0.0  0.0  0.0  0.0  7.8  0.0  0.0  0.0  0.0
 15.5  0.0  0.0 15.5  7.8  0.0  7.8  7.8  0.0  0.0  0.0  0.0  0.0  0.0  0.0
  0.0  0.0  0.0  0.0  0.0  0.0  0.0  0.0 23.3  7.8 31.0  0.0  0.0  0.0  0.0
  0.0  0.0  0.0  0.0  0.0  7.8  0.0  7.8  0.0 23.3  0.0  0.0  0.0  0.0  0.0
    -24.98     -2.15     13.16      2.70      2.40  0.0  0.0  0.0  0.0  0.0
                                  t000121_s8_p6_ai-el2ap.txt 23.3  5.7  131
  7.6  0.0  0.0 38.2  0.0  0.0  0.0  0.0  0.0 15.3  0.0  0.0  0.0  0.0  0.0
  0.0  0.0  7.6  7.6  0.0  0.0389.3167.9 99.2  0.0  0.0  7.6  0.0  0.0  0.0
  0.0  0.0 76.3  0.0  0.0 22.9  0.0  0.0  0.0  0.0  0.0  0.0  0.0  0.0  0.0
  0.0  0.0  0.0  0.0  0.0  7.6  7.6  0.0  0.0  0.0137.4  0.0  0.0 38.2  0.0
  0.0  0.0  0.0  0.0  0.0  0.0  0.0  0.0  0.0  0.0  0.0  0.0  0.0  0.0  0.0
  0.0  0.0  0.0  0.0  0.0  0.0  0.0  0.0  0.0  0.0  0.0  0.0  0.0  0.0  0.0
  0.0  7.6  0.0  0.0  0.0  0.0  0.0  0.0  0.0  0.0  0.0  0.0  0.0  0.0  0.0
  0.0  0.0  0.0  0.0  7.6  0.0  7.6  0.0  0.0  0.0  0.0  0.0  0.0  0.0  0.0
  0.0  0.0  0.0  0.0  0.0  0.0  0.0  0.0  7.6 22.9 68.7  7.6  7.6  7.6  7.6
  0.0  0.0  0.0  0.0  0.0  7.6  7.6  0.0  0.0 15.3  0.0  0.0  0.0  0.0  0.0
    -27.92     -4.26      4.97     -6.61     -3.63  0.0  0.0  0.0  0.0  0.0
                                  t000121_s8_p7_ai-el2ap.txt 14.8  5.5   91
 44.0 11.0  0.0 44.0  0.0  0.0  0.0  0.0  0.0  0.0  0.0  0.0  0.0  0.0  0.0
  0.0  0.0  0.0  0.0  0.0  0.0329.7142.9 65.9 54.9  0.0  0.0  0.0  0.0  0.0
  0.0 11.0 65.9  0.0  0.0 33.0 22.0  0.0  0.0  0.0  0.0  0.0 33.0 44.0  0.0
 11.0  0.0  0.0  0.0  0.0  0.0 11.0 54.9  0.0  0.0 65.9  0.0  0.0142.9 11.0
  0.0  0.0  0.0  0.0  0.0  0.0  0.0  0.0  0.0  0.0  0.0  0.0  0.0  0.0  0.0
  0.0  0.0  0.0  0.0 11.0  0.0  0.0  0.0  0.0  0.0  0.0  0.0  0.0  0.0  0.0
  0.0 11.0  0.0  0.0  0.0  0.0  0.0  0.0  0.0  0.0  0.0  0.0  0.0  0.0  0.0
 11.0  0.0  0.0 11.0 11.0  0.0 11.0  0.0  0.0  0.0  0.0  0.0  0.0  0.0  0.0
  0.0  0.0  0.0  0.0  0.0  0.0  0.0  0.0 11.0  0.0 22.0 11.0  0.0  0.0  0.0
  0.0  0.0  0.0  0.0  0.0  0.0 11.0  0.0 11.0 76.9  0.0  0.0  0.0  0.0  0.0
    -22.77     -3.92      7.75     -6.61     27.18  0.0  0.0  0.0  0.0  0.0
                                  t000122_s1_p1_ai-el2ap.txt 25.3  5.9  168
  0.0  0.0  0.0 11.9  0.0  0.0  0.0  0.0  0.0  0.0  0.0  0.0  0.0  0.0  0.0
  0.0  0.0  0.0 11.9  0.0  0.0381.0178.6 95.2 47.6  0.0  0.0  0.0  0.0  0.0
  0.0  6.0 95.2  0.0  0.0 11.9  6.0  0.0  0.0  0.0  0.0  0.0  0.0 23.8  0.0
  0.0  6.0  0.0  0.0  6.0  0.0 23.8 23.8  0.0  0.0113.1  0.0  0.0 77.4 11.9
  0.0  0.0  0.0  0.0  0.0  0.0  0.0  0.0  0.0  0.0  0.0  0.0  0.0  0.0  0.0
  0.0  0.0  0.0  0.0  0.0  0.0  0.0  0.0  0.0  0.0  0.0  0.0  0.0  0.0  0.0
  0.0  0.0  0.0  0.0  0.0  0.0  0.0  0.0  0.0  0.0  0.0  0.0  0.0  0.0  0.0
  0.0  0.0  0.0  0.0  0.0  0.0  0.0  0.0  0.0  0.0  0.0  0.0  0.0  0.0  0.0
  0.0  0.0  0.0  0.0  0.0  0.0  0.0  0.0 11.9  0.0 23.8 17.9  0.0  6.0  0.0
  6.0  0.0  0.0  0.0  0.0 17.9  6.0  0.0 11.9  6.0  0.0  0.0  0.0  0.0  0.0
    -33.56     -4.16      9.12     -6.61     -0.02 11.9  0.0  0.0  0.0  0.0
                                 t000122_s14_p1_ai-el2ap.txt 13.0  4.9   70
  0.0  0.0  0.0 28.6  0.0 28.6  0.0  0.0  0.0  0.0  0.0  0.0  0.0  0.0  0.0
  0.0  0.0  0.0  0.0  0.0  0.0557.1114.3  0.0 42.9  0.0  0.0  0.0  0.0  0.0
  0.0  0.0 85.7  0.0  0.0  0.0  0.0  0.0  0.0  0.0  0.0  0.0  0.0 14.3  0.0
  0.0  0.0  0.0  0.0  0.0  0.0  0.0 14.3  0.0  0.0  0.0  0.0  0.0 71.4 14.3
  0.0  0.0  0.0  0.0  0.0  0.0  0.0  0.0  0.0  0.0  0.0  0.0  0.0  0.0  0.0
  0.0  0.0  0.0  0.0  0.0  0.0  0.0  0.0  0.0  0.0  0.0  0.0  0.0  0.0  0.0
  0.0  0.0  0.0  0.0  0.0  0.0  0.0  0.0  0.0  0.0  0.0  0.0  0.0  0.0  0.0
  0.0  0.0  0.0  0.0  0.0  0.0  0.0  0.0  0.0  0.0  0.0  0.0  0.0  0.0  0.0
  0.0  0.0  0.0  0.0  0.0  0.0  0.0  0.0  0.0  0.0  0.0 28.6  0.0  0.0 28.6
  0.0  0.0  0.0  0.0  0.0  0.0  0.0 14.3  0.0  0.0  0.0  0.0  0.0  0.0  0.0
    -22.02     -4.32      6.93     -6.61     -1.46  0.0  0.0  0.0  0.0  0.0
                                t000122_s14_p10_ai-el2ap.txt 16.0  5.1  101
  9.9  0.0  0.0  0.0  0.0  0.0  0.0  0.0  0.0  0.0  0.0  0.0  0.0  0.0  0.0
  0.0  0.0  0.0 19.8  0.0  0.0435.6128.7 49.5 39.6  0.0  0.0  0.0  0.0  0.0
  0.0  0.0 99.0  0.0  0.0  9.9  0.0  0.0  0.0  0.0  0.0  0.0  0.0 29.7  0.0
  0.0  0.0  0.0  0.0  0.0  0.0 19.8 29.7  0.0  0.0 69.3  0.0  0.0 69.3 19.8
  0.0  0.0  0.0  0.0  0.0  0.0  0.0  0.0  0.0  0.0  0.0  0.0  0.0  0.0  0.0
  0.0  0.0  0.0  0.0  0.0  0.0  0.0  0.0  0.0  0.0  0.0  0.0  0.0  0.0  0.0
  0.0  0.0  0.0  0.0  0.0  0.0  0.0  0.0  0.0  0.0  0.0  0.0  0.0  0.0  0.0
  0.0  0.0  0.0  0.0  0.0  0.0  0.0  0.0  0.0  0.0  0.0  0.0  0.0  0.0  0.0
  0.0  0.0  0.0  0.0  0.0  0.0  0.0  0.0 59.4  9.9 19.8 19.8  0.0 19.8  0.0
  0.0  0.0  0.0  0.0  0.0 19.8  0.0 59.4  0.0 19.8  0.0  0.0  0.0  0.0  0.0
    -26.45     -4.42      7.29     -6.61      0.87  0.0  0.0  0.0  0.0  0.0
                                t000122_s14_p11_ai-el2ap.txt 13.8  5.0  115
  8.7  0.0  0.0 17.4  0.0  0.0  0.0  0.0  0.0  0.0  0.0  0.0  0.0  0.0  0.0
  0.0  0.0  0.0  0.0  0.0  0.0408.7121.7 60.9 60.9  0.0  0.0  0.0  0.0  0.0
  0.0  0.0 34.8  0.0  8.7  0.0  8.7  0.0  0.0  0.0  0.0  0.0  0.0 26.1  0.0
  8.7  8.7  0.0  0.0  0.0  0.0  8.7 34.8  0.0  0.0 60.9  0.0  0.0113.0  0.0
  0.0  0.0  0.0  0.0  0.0  0.0  0.0  0.0  0.0  0.0  0.0  0.0  0.0  0.0  0.0
  0.0  0.0  0.0  0.0  0.0  0.0  0.0  0.0  0.0  0.0  0.0  0.0  0.0  0.0  0.0
  0.0  0.0  0.0  0.0  0.0  0.0  0.0  0.0  0.0  0.0  0.0  0.0  0.0  0.0  0.0
  0.0  0.0  0.0  0.0  0.0  0.0  0.0  0.0  0.0  0.0  0.0  0.0  0.0  0.0  0.0
  0.0  0.0  0.0  0.0  0.0  0.0  0.0  0.0 87.0  0.0  0.0 17.4  0.0  0.0  0.0
  0.0  0.0  0.0  0.0  0.0  8.7  0.0 87.0  0.0 34.8  0.0  0.0  0.0  0.0  0.0
    -29.43     -3.73      0.83     -6.61      3.13  0.0  0.0  0.0  0.0  0.0
                                t000122_s14_p12_ai-el2ap.txt  7.3  5.2   35
  0.0  0.0  0.0  0.0  0.0  0.0  0.0  0.0  0.0  0.0  0.0  0.0  0.0  0.0  0.0
  0.0  0.0  0.0 28.6  0.0  0.0371.4142.9 28.6 85.7  0.0  0.0  0.0  0.0  0.0
  0.0  0.0114.3  0.0  0.0  0.0  0.0  0.0  0.0  0.0  0.0  0.0  0.0 57.1  0.0
  0.0  0.0  0.0  0.0 28.6  0.0 28.6 57.1  0.0  0.0 57.1  0.0  0.0142.9  0.0
  0.0  0.0  0.0  0.0  0.0  0.0  0.0  0.0  0.0  0.0  0.0  0.0  0.0  0.0  0.0
  0.0  0.0  0.0  0.0  0.0  0.0  0.0  0.0  0.0  0.0  0.0  0.0  0.0  0.0  0.0
  0.0  0.0  0.0  0.0  0.0  0.0  0.0  0.0  0.0  0.0  0.0  0.0  0.0  0.0  0.0
  0.0  0.0  0.0  0.0  0.0  0.0  0.0  0.0  0.0  0.0  0.0  0.0  0.0  0.0  0.0
  0.0  0.0  0.0  0.0  0.0  0.0  0.0  0.0 57.1  0.0 57.1  0.0 28.6  0.0  0.0
  0.0  0.0  0.0  0.0  0.0  0.0  0.0 57.1  0.0 28.6  0.0  0.0  0.0  0.0  0.0
    -23.35     -2.91      8.91     -6.61      5.03  0.0  0.0  0.0  0.0  0.0
                                 t000122_s14_p2_ai-el2ap.txt 23.8  5.7  135
  7.4  0.0  0.0 14.8  0.0  0.0  0.0  0.0  0.0  7.4  0.0  0.0  0.0  0.0  0.0
  0.0  0.0  0.0 22.2  0.0  0.0325.9163.0 29.6 81.5  0.0  7.4  0.0  0.0  0.0
  0.0  0.0 74.1  0.0  0.0 22.2  0.0  0.0  0.0  0.0  0.0 14.8  0.0 37.0 14.8
  7.4  0.0  0.0  0.0  0.0  0.0 22.2 59.3  0.0  0.0 51.9  0.0  0.0140.7  0.0
  0.0  0.0  0.0  0.0  0.0  0.0  0.0  0.0  0.0  0.0  0.0  0.0  0.0  0.0  0.0
  0.0  0.0  0.0  7.4  0.0  0.0  0.0  0.0  0.0  0.0  0.0  0.0  0.0  0.0  0.0
  0.0  0.0  7.4  0.0  0.0  0.0  0.0  0.0  0.0  0.0  0.0  0.0  0.0  0.0  0.0
  7.4  0.0  0.0  7.4  7.4  0.0  7.4  0.0  0.0  0.0  0.0  0.0  0.0  0.0  0.0
  0.0  0.0  0.0  0.0  0.0  0.0  0.0  0.0  0.0  0.0  7.4 14.8  0.0  7.4  0.0
 14.8  0.0  0.0  0.0  0.0  0.0  0.0 22.2  0.0  0.0  0.0  0.0  7.4  0.0  0.0
    -23.33     -1.62      4.86     -0.68     15.77  0.0  0.0  0.0  0.0  0.0
                                 t000122_s14_p3_ai-el2ap.txt 20.3  5.0  104
  0.0  0.0  0.0  0.0  0.0  0.0  0.0  0.0  0.0  0.0  0.0  0.0  0.0  0.0  0.0
  0.0  0.0  0.0  0.0  0.0  0.0326.9182.7 19.2 28.8  0.0  0.0  0.0  0.0  0.0
  0.0  0.0 57.7  0.0  0.0  9.6  9.6  0.0  0.0  0.0  0.0  0.0  0.0 19.2  9.6
  0.0  0.0  0.0  9.6  0.0  0.0  0.0 28.8  0.0  0.0 67.3  0.0  0.0 67.3  0.0
  0.0  0.0  0.0  0.0  0.0  0.0  0.0  0.0  0.0  0.0  0.0  0.0  0.0  0.0  0.0
  0.0  0.0  0.0  0.0  0.0  0.0  0.0  0.0  0.0  0.0  0.0  0.0  0.0  0.0  0.0
  0.0  0.0  0.0  0.0  0.0  0.0  0.0  0.0  0.0  0.0  9.6  0.0  0.0  0.0  0.0
  0.0  0.0  0.0  0.0  0.0  0.0  0.0  9.6  0.0  0.0  0.0  0.0  0.0  0.0  0.0
  0.0  0.0  0.0  0.0  0.0  0.0  0.0  0.0  0.0  0.0 28.8 19.2  9.6 28.8  0.0
  9.6  0.0  0.0  0.0  0.0  0.0  0.0  0.0  0.0  0.0  0.0  0.0  9.6  0.0  0.0
    -28.67     -4.78      4.43     -6.61      6.68  0.0  0.0  0.0  0.0  0.0
                                 t000122_s14_p4_ai-el2ap.txt  8.0  6.5   38
  0.0  0.0  0.0  0.0  0.0  0.0  0.0  0.0  0.0  0.0  0.0  0.0  0.0  0.0  0.0
  0.0  0.0  0.0 26.3  0.0  0.0315.8157.9157.9 52.6  0.0  0.0  0.0  0.0  0.0
  0.0  0.0 78.9 26.3  0.0 26.3  0.0  0.0  0.0  0.0  0.0  0.0  0.0 52.6  0.0
  0.0  0.0  0.0  0.0  0.0  0.0 26.3 52.6  0.0  0.0184.2  0.0  0.0 78.9  0.0
  0.0  0.0  0.0  0.0  0.0  0.0  0.0  0.0  0.0  0.0  0.0  0.0  0.0  0.0  0.0
  0.0  0.0  0.0  0.0  0.0  0.0  0.0  0.0  0.0  0.0  0.0  0.0  0.0  0.0  0.0
  0.0  0.0  0.0  0.0  0.0  0.0  0.0  0.0  0.0  0.0  0.0  0.0  0.0  0.0  0.0
  0.0  0.0  0.0  0.0  0.0  0.0  0.0  0.0  0.0  0.0  0.0  0.0  0.0  0.0  0.0
  0.0  0.0  0.0  0.0  0.0  0.0  0.0  0.0  0.0  0.0  0.0  0.0  0.0  0.0  0.0
  0.0  0.0  0.0  0.0  0.0 26.3 26.3  0.0 26.3  0.0  0.0  0.0  0.0  0.0  0.0
    -32.97     -4.00     -2.56     -6.61      4.35  0.0  0.0  0.0  0.0  0.0
                                 t000122_s14_p5_ai-el2ap.txt 27.5  5.1  197
  5.1  0.0  0.0  0.0  0.0  0.0  0.0  0.0  0.0  0.0  0.0  0.0  0.0  0.0  0.0
  5.1  0.0  0.0 10.2  0.0  0.0324.9132.0 60.9 55.8  0.0  0.0  0.0  0.0  0.0
  0.0  0.0 86.3 15.2  0.0  5.1 10.2  0.0  0.0  0.0  0.0 15.2  5.1 30.5  0.0
 10.2  0.0  0.0  0.0  0.0  0.0 10.2 40.6  0.0  0.0 91.4  0.0  0.0 76.1  0.0
  5.1  0.0  0.0  0.0  0.0  0.0  0.0  0.0  0.0  0.0  0.0  0.0  0.0  0.0  0.0
  0.0  0.0  0.0  0.0  0.0  0.0  0.0  0.0  0.0  0.0  0.0  0.0  0.0  0.0  0.0
  0.0  0.0  0.0  0.0  0.0  0.0  0.0  0.0  0.0  0.0  0.0  0.0  0.0  0.0  0.0
  0.0  0.0  0.0  0.0  0.0  0.0  0.0  0.0  0.0  0.0  0.0  0.0  0.0  0.0  0.0
  0.0  0.0  0.0  0.0  0.0  0.0  0.0  0.0 50.8  0.0  5.1 40.6 10.2 15.2  0.0
  0.0  0.0  0.0  0.0  0.0  0.0  0.0  0.0  5.1  0.0  5.1  0.0  0.0  0.0  0.0
    -24.43     -3.89      2.33     -0.51      7.44  0.0  0.0  0.0  0.0  0.0
                                 t000122_s14_p6_ai-el2ap.txt 12.3  5.0   68
 14.7  0.0  0.0 29.4  0.0  0.0  0.0  0.0  0.0  0.0  0.0  0.0  0.0  0.0  0.0
  0.0  0.0  0.0 14.7  0.0  0.0323.5205.9  0.0 44.1  0.0  0.0  0.0  0.0  0.0
  0.0  0.0 58.8  0.0  0.0 14.7 14.7  0.0  0.0  0.0  0.0  0.0  0.0  0.0 14.7
  0.0  0.0  0.0  0.0  0.0  0.0 14.7 14.7  0.0  0.0 14.7  0.0  0.0102.9  0.0
  0.0  0.0  0.0  0.0  0.0  0.0  0.0  0.0  0.0  0.0  0.0  0.0  0.0  0.0  0.0
  0.0  0.0  0.0  0.0  0.0  0.0  0.0  0.0  0.0  0.0  0.0  0.0  0.0  0.0  0.0
  0.0 14.7  0.0  0.0  0.0  0.0  0.0  0.0  0.0  0.0  0.0  0.0  0.0  0.0  0.0
  0.0  0.0  0.0  0.0 14.7  0.0 14.7  0.0  0.0  0.0  0.0  0.0  0.0  0.0  0.0
  0.0  0.0  0.0  0.0  0.0  0.0  0.0  0.0 29.4  0.0  0.0 29.4  0.0  0.0  0.0
 29.4  0.0  0.0  0.0  0.0  0.0  0.0 44.1  0.0 14.7  0.0  0.0  0.0  0.0  0.0
    -22.97     -4.28      4.22     -6.61      7.69  0.0  0.0  0.0  0.0  0.0
                                 t000122_s14_p7_ai-el2ap.txt 11.3  6.1   57
  0.0  0.0  0.0  0.0  0.0  0.0 17.5  0.0  0.0  0.0  0.0  0.0  0.0  0.0  0.0
  0.0  0.0  0.0 17.5  0.0  0.0368.4175.4 17.5 70.2  0.0  0.0  0.0  0.0 17.5
  0.0  0.0140.4 17.5  0.0 17.5  0.0  0.0  0.0  0.0  0.0  0.0  0.0 35.1  0.0
  0.0  0.0  0.0  0.0 17.5  0.0 17.5 35.1  0.0 17.5 87.7  0.0  0.0 87.7 17.5
  0.0  0.0  0.0  0.0  0.0  0.0  0.0  0.0  0.0  0.0  0.0  0.0  0.0  0.0  0.0
  0.0  0.0  0.0  0.0  0.0  0.0  0.0  0.0  0.0  0.0  0.0  0.0  0.0  0.0  0.0
  0.0  0.0  0.0  0.0  0.0  0.0  0.0  0.0  0.0  0.0  0.0  0.0  0.0  0.0  0.0
  0.0  0.0  0.0  0.0  0.0  0.0  0.0  0.0  0.0  0.0  0.0  0.0  0.0  0.0  0.0
  0.0  0.0  0.0  0.0  0.0  0.0  0.0  0.0  0.0  0.0 52.6  0.0  0.0 17.5  0.0
 17.5  0.0  0.0  0.0  0.0  0.0  0.0  0.0 35.1  0.0  0.0  0.0 17.5  0.0  0.0
    -24.73     -3.42     13.48     -6.61      1.69  0.0  0.0  0.0  0.0  0.0
                                 t000122_s14_p8_ai-el2ap.txt 16.3  4.6   94
  0.0  0.0  0.0 31.9  0.0  0.0  0.0  0.0  0.0  0.0  0.0  0.0  0.0  0.0  0.0
  0.0  0.0  0.0 10.6  0.0  0.0340.4106.4 74.5 42.6  0.0  0.0  0.0  0.0  0.0
  0.0  0.0 53.2  0.0  0.0 21.3 10.6  0.0 10.6  0.0  0.0 10.6  0.0 42.6  0.0
 10.6  0.0  0.0  0.0  0.0  0.0 10.6 53.2  0.0  0.0117.0  0.0  0.0117.0 10.6
  0.0  0.0  0.0  0.0  0.0  0.0  0.0  0.0  0.0  0.0  0.0  0.0  0.0  0.0  0.0
  0.0  0.0  0.0  0.0  0.0  0.0  0.0  0.0  0.0  0.0  0.0  0.0  0.0  0.0  0.0
  0.0  0.0  0.0  0.0  0.0  0.0  0.0  0.0  0.0  0.0  0.0  0.0  0.0  0.0  0.0
  0.0  0.0  0.0  0.0  0.0  0.0  0.0  0.0  0.0  0.0  0.0  0.0  0.0  0.0  0.0
  0.0  0.0  0.0  0.0  0.0  0.0  0.0  0.0  0.0  0.0 42.6 21.3 10.6 53.2  0.0
  0.0  0.0  0.0  0.0  0.0  0.0  0.0 21.3 21.3 10.6  0.0  0.0  0.0  0.0  0.0
    -24.72     -4.33      3.46      1.08      6.25  0.0  0.0  0.0  0.0  0.0
                                 t000122_s14_p9_ai-el2ap.txt 16.3  5.1  103
  0.0  0.0  0.0 19.4  0.0  0.0  0.0  0.0  0.0  0.0  0.0  0.0  0.0  0.0  0.0
  0.0  0.0  0.0  9.7  0.0  0.0320.4135.9 68.0 58.3  9.7  0.0  0.0  0.0  0.0
  0.0 19.4 87.4  0.0  0.0 19.4  9.7  0.0  0.0  0.0  0.0  9.7  0.0 48.5  0.0
  0.0  9.7  0.0  0.0  0.0  0.0 38.8 48.5  0.0  0.0 87.4  9.7  0.0116.5  9.7
  0.0  0.0  0.0  0.0  0.0  0.0  0.0  0.0  0.0  0.0  0.0  0.0  0.0  0.0  0.0
  0.0  0.0  0.0  0.0  0.0  0.0  0.0  0.0  0.0  0.0  0.0  0.0  0.0  0.0  0.0
  0.0  0.0  0.0  0.0  0.0  0.0  0.0  0.0  0.0  0.0  0.0  0.0  0.0  0.0  0.0
  0.0  0.0  0.0  0.0  0.0  0.0  0.0  0.0  0.0  0.0  0.0  0.0  0.0  0.0  0.0
  0.0  0.0  0.0  0.0  0.0  0.0  0.0  0.0  0.0  9.7 29.1  0.0  9.7  9.7  0.0
  0.0  0.0  0.0  0.0  0.0  9.7  0.0 58.3  0.0  0.0  0.0  0.0  0.0  0.0  0.0
    -26.96     -3.38     13.13     -2.72      3.73  0.0  0.0  0.0  0.0  0.0
                                  t000122_s2_p1_ai-el2ap.txt 18.3  5.3   89
  0.0  0.0  0.0 44.9  0.0 22.5  0.0  0.0  0.0  0.0  0.0  0.0  0.0  0.0  0.0
  0.0  0.0  0.0 11.2  0.0  0.0550.6 89.9 33.7 11.2 11.2  0.0 11.2  0.0  0.0
  0.0  0.0 89.9  0.0  0.0 11.2  0.0  0.0  0.0  0.0  0.0 11.2  0.0  0.0 11.2
  0.0  0.0  0.0 11.2  0.0  0.0 11.2 11.2  0.0  0.0 56.2 11.2  0.0 56.2  0.0
  0.0  0.0  0.0  0.0  0.0  0.0  0.0  0.0  0.0  0.0  0.0  0.0  0.0  0.0  0.0
  0.0  0.0  0.0  0.0  0.0  0.0  0.0  0.0  0.0  0.0  0.0  0.0  0.0  0.0  0.0
  0.0  0.0  0.0  0.0  0.0  0.0  0.0  0.0  0.0  0.0  0.0  0.0  0.0  0.0  0.0
  0.0  0.0  0.0  0.0  0.0  0.0  0.0  0.0  0.0  0.0  0.0  0.0  0.0  0.0  0.0
  0.0  0.0  0.0  0.0  0.0  0.0  0.0  0.0 22.5  0.0 22.5  0.0 11.2  0.0  0.0
  0.0  0.0  0.0  0.0  0.0  0.0  0.0  0.0 22.5  0.0  0.0  0.0  0.0  0.0  0.0
    -22.73     -2.78      6.58     -2.11      5.02  0.0  0.0 11.2  0.0  0.0
                                 t000122_s21_p1_ai-el2ap.txt 13.3  6.0   70
 14.3  0.0  0.0 28.6  0.0  0.0  0.0  0.0  0.0  0.0  0.0  0.0  0.0  0.0  0.0
  0.0  0.0  0.0 14.3  0.0  0.0371.4142.9 71.4 42.9  0.0  0.0  0.0  0.0  0.0
  0.0 14.3100.0  0.0  0.0 14.3  0.0  0.0  0.0  0.0  0.0  0.0  0.0 14.3  0.0
 14.3  0.0  0.0  0.0  0.0  0.0 28.6 28.6  0.0  0.0100.0  0.0  0.0100.0 14.3
  0.0  0.0  0.0  0.0  0.0  0.0  0.0  0.0  0.0  0.0  0.0  0.0  0.0  0.0  0.0
  0.0  0.0  0.0  0.0  0.0  0.0  0.0  0.0  0.0  0.0  0.0  0.0  0.0  0.0  0.0
  0.0  0.0  0.0  0.0  0.0  0.0  0.0  0.0  0.0  0.0  0.0  0.0  0.0  0.0  0.0
  0.0  0.0  0.0  0.0  0.0  0.0  0.0  0.0  0.0  0.0  0.0  0.0  0.0  0.0  0.0
  0.0  0.0  0.0  0.0  0.0  0.0  0.0  0.0 28.6  0.0 14.3 14.3  0.0  0.0  0.0
  0.0 14.3  0.0  0.0  0.0  0.0  0.0 28.6  0.0  0.0  0.0  0.0 14.3  0.0  0.0
    -28.29     -4.32     12.40     -6.61      3.15  0.0  0.0  0.0  0.0  0.0
                                t000122_s21_p10_ai-el2ap.txt 10.8  6.2   52
 19.2  0.0  0.0 76.9  0.0  0.0  0.0  0.0  0.0 19.2  0.0  0.0  0.0  0.0  0.0
  0.0  0.0  0.0  0.0  0.0  0.0288.5153.8 19.2 38.5  0.0  0.0  0.0  0.0  0.0
  0.0  0.0 76.9  0.0  0.0 38.5 19.2  0.0  0.0  0.0 19.2 19.2 19.2 57.7  0.0
  0.0  0.0  0.0  0.0  0.0 19.2  0.0 57.7  0.0  0.0 19.2  0.0  0.0173.1  0.0
  0.0  0.0  0.0  0.0  0.0  0.0  0.0  0.0  0.0  0.0  0.0  0.0  0.0  0.0  0.0
  0.0  0.0  0.0  0.0  0.0  0.0  0.0  0.0  0.0  0.0  0.0  0.0  0.0  0.0  0.0
  0.0  0.0  0.0  0.0  0.0  0.0  0.0  0.0  0.0  0.0 19.2  0.0  0.0  0.0  0.0
  0.0  0.0  0.0  0.0  0.0  0.0  0.0 19.2  0.0  0.0  0.0  0.0  0.0  0.0  0.0
  0.0  0.0  0.0  0.0  0.0  0.0  0.0 19.2  0.0  0.0  0.0 38.5  0.0  0.0 19.2
 19.2  0.0  0.0  0.0  0.0  0.0  0.0 19.2 19.2  0.0  0.0  0.0 19.2  0.0  0.0
    -22.68     -4.46      4.13     10.24     17.13  0.0  0.0  0.0  0.0  0.0
                                t000122_s21_p11_ai-el2ap.txt 13.0  5.8   63
  0.0  0.0  0.0 63.5  0.0  0.0  0.0  0.0  0.0 15.9  0.0  0.0  0.0  0.0  0.0
  0.0  0.0  0.0  0.0  0.0  0.0349.2127.0 63.5 15.9  0.0  0.0  0.0  0.0  0.0
  0.0  0.0 63.5  0.0  0.0 15.9 47.6  0.0  0.0 15.9  0.0 15.9  0.0 31.7  0.0
  0.0  0.0  0.0  0.0  0.0  0.0 15.9 31.7  0.0  0.0 95.2  0.0  0.0127.0  0.0
  0.0  0.0  0.0  0.0  0.0  0.0  0.0  0.0  0.0  0.0  0.0  0.0  0.0  0.0  0.0
  0.0  0.0  0.0 15.9  0.0  0.0  0.0  0.0  0.0  0.0  0.0  0.0  0.0  0.0 15.9
  0.0  0.0  0.0  0.0  0.0  0.0  0.0  0.0  0.0  0.0  0.0  0.0  0.0  0.0  0.0
 15.9  0.0  0.0 15.9 15.9  0.0 15.9  0.0  0.0  0.0  0.0  0.0  0.0  0.0  0.0
  0.0  0.0  0.0  0.0  0.0  0.0  0.0 15.9 15.9  0.0 15.9 15.9  0.0  0.0  0.0
  0.0  0.0  0.0  0.0  0.0  0.0  0.0 15.9 31.7 15.9 15.9  0.0  0.0  0.0  0.0
    -27.42     -5.21      4.48      6.96      1.18  0.0  0.0  0.0  0.0  0.0
                                t000122_s21_p12_ai-el2ap.txt 20.5  5.6  134
 14.9  0.0  0.0 29.9  0.0  0.0  0.0  0.0  0.0  0.0  0.0  0.0  0.0  0.0  0.0
  0.0  0.0  0.0  0.0  0.0  0.0343.3194.0 59.7 67.2  0.0  0.0  0.0  0.0  0.0
  0.0  0.0 29.9  0.0  0.0 14.9  7.5  0.0  0.0  0.0  7.5  0.0  7.5 14.9  0.0
 22.4 14.9  0.0  0.0 14.9  7.5 14.9 37.3  0.0  0.0 89.6  0.0  0.0111.9  0.0
  0.0  0.0  0.0  0.0  0.0  0.0  0.0  0.0  0.0  0.0  0.0  0.0  0.0  0.0  0.0
  0.0  0.0  0.0  0.0  0.0  0.0  0.0  0.0  0.0  0.0  0.0  0.0  0.0  0.0  0.0
  0.0  0.0  0.0  0.0  0.0  0.0  0.0  0.0  0.0  0.0  0.0  0.0  0.0  0.0  0.0
  0.0  0.0  0.0  0.0  0.0  0.0  0.0  0.0  0.0  0.0  0.0  0.0  0.0  0.0  0.0
  0.0  0.0  0.0  0.0  0.0  0.0  0.0  0.0 22.4  0.0  0.0 29.9  7.5  7.5  0.0
  0.0  0.0  0.0  0.0  0.0  0.0  0.0 22.4  7.5  7.5  7.5  0.0  0.0  0.0  0.0
    -30.85     -3.52      2.20     -3.05     10.52 14.9  0.0  0.0  0.0  0.0
                                 t000122_s21_p2_ai-el2ap.txt 14.3  5.8   86
 23.3  0.0  0.0  0.0  0.0  0.0  0.0  0.0  0.0  0.0  0.0  0.0  0.0  0.0  0.0
 11.6  0.0  0.0 23.3  0.0  0.0372.1162.8 81.4 46.5  0.0 11.6  0.0  0.0 11.6
  0.0  0.0 93.0  0.0  0.0 11.6  0.0  0.0  0.0  0.0  0.0 11.6  0.0 11.6  0.0
 23.3  0.0  0.0  0.0 11.6  0.0 23.3 34.9  0.0 11.6 93.0  0.0  0.0 93.0  0.0
 11.6  0.0  0.0  0.0  0.0  0.0  0.0  0.0  0.0  0.0  0.0  0.0  0.0  0.0  0.0
  0.0  0.0  0.0  0.0  0.0  0.0  0.0  0.0  0.0  0.0  0.0  0.0  0.0  0.0  0.0
  0.0  0.0  0.0  0.0  0.0  0.0  0.0  0.0  0.0  0.0  0.0  0.0  0.0  0.0  0.0
  0.0  0.0  0.0  0.0  0.0  0.0  0.0  0.0  0.0  0.0  0.0  0.0  0.0  0.0  0.0
  0.0  0.0  0.0  0.0  0.0  0.0  0.0  0.0 11.6  0.0 11.6 58.1  0.0 11.6  0.0
  0.0 11.6  0.0  0.0  0.0  0.0  0.0 23.3  0.0  0.0  0.0  0.0 23.3  0.0  0.0
    -22.92     -1.96     12.59     -1.95      5.64  0.0  0.0  0.0  0.0  0.0
                                 t000122_s21_p3_ai-el2ap.txt 14.3  5.3   82
  0.0  0.0  0.0 24.4  0.0  0.0 12.2  0.0  0.0  0.0  0.0  0.0  0.0  0.0  0.0
  0.0  0.0 12.2  0.0  0.0  0.0304.9207.3 73.2 36.6  0.0  0.0  0.0  0.0  0.0
  0.0  0.0 85.4  0.0 12.2 24.4  0.0  0.0  0.0  0.0  0.0  0.0 12.2 24.4  0.0
  0.0  0.0  0.0  0.0  0.0 12.2  0.0 24.4  0.0  0.0 73.2  0.0  0.0 97.6 24.4
  0.0  0.0  0.0  0.0  0.0  0.0  0.0  0.0  0.0  0.0  0.0  0.0  0.0  0.0  0.0
  0.0  0.0  0.0  0.0  0.0  0.0  0.0  0.0  0.0  0.0  0.0  0.0  0.0  0.0  0.0
  0.0  0.0  0.0  0.0  0.0  0.0  0.0  0.0  0.0  0.0  0.0  0.0  0.0  0.0  0.0
  0.0  0.0  0.0  0.0  0.0  0.0  0.0  0.0  0.0  0.0  0.0  0.0  0.0  0.0  0.0
  0.0  0.0  0.0  0.0  0.0  0.0  0.0  0.0  0.0  0.0  0.0  0.0  0.0 24.4  0.0
  0.0  0.0  0.0  0.0  0.0 24.4  0.0  0.0  0.0 12.2  0.0  0.0 12.2  0.0  0.0
    -25.83     -4.52      1.93     -6.61      7.69  0.0  0.0  0.0  0.0  0.0
                                 t000122_s21_p4_ai-el2ap.txt 22.5  5.1  149
  6.7  0.0  0.0 20.1  0.0  0.0  0.0  0.0  0.0  0.0  0.0  0.0  0.0  0.0  0.0
  0.0  0.0  0.0  6.7  6.7  0.0409.4 94.0 20.1 67.1  0.0  0.0  0.0  0.0  6.7
  0.0  0.0 40.3  0.0  0.0 26.8  0.0  0.0  0.0  0.0  0.0  0.0  6.7 20.1  0.0
  6.7  6.7  6.7  0.0  6.7  0.0 13.4 26.8  6.7  6.7 60.4  0.0  6.7 94.0  6.7
  0.0  0.0  0.0  0.0  0.0  0.0  0.0  0.0  0.0  0.0  0.0  0.0  0.0  0.0  0.0
  0.0  0.0  0.0  0.0  0.0  0.0  0.0  0.0  0.0  0.0  0.0  0.0  0.0  0.0  0.0
  0.0  0.0  0.0  0.0  0.0  0.0  0.0  0.0  0.0  0.0  0.0  0.0  0.0  0.0  0.0
  0.0  0.0  0.0  0.0  0.0  0.0  0.0  0.0  0.0  0.0  0.0  0.0  0.0  0.0  0.0
  0.0  0.0  0.0  0.0  0.0  0.0  0.0  0.0 33.6  0.0  0.0 13.4  0.0 73.8  0.0
  0.0  0.0  0.0  0.0  0.0  0.0  0.0 26.8  6.7 33.6  6.7  0.0  6.7  0.0  0.0
    -18.28     -3.52      5.60     -6.61      5.78  0.0  0.0  0.0  0.0  0.0
                                 t000122_s21_p5_ai-el2ap.txt 16.0  5.9   97
 10.3  0.0  0.0 41.2  0.0  0.0  0.0  0.0  0.0 10.3  0.0  0.0  0.0  0.0  0.0
  0.0  0.0 10.3  0.0  0.0  0.0381.4164.9 41.2 20.6  0.0  0.0  0.0  0.0  0.0
  0.0  0.0113.4 10.3  0.0 20.6  0.0  0.0  0.0  0.0  0.0  0.0  0.0  0.0 10.3
  0.0  0.0 20.6  0.0 20.6 10.3  0.0 10.3  0.0  0.0 72.2  0.0  0.0 82.5 20.6
  0.0  0.0  0.0  0.0  0.0  0.0  0.0  0.0  0.0  0.0  0.0  0.0  0.0  0.0  0.0
  0.0  0.0  0.0  0.0  0.0  0.0 10.3  0.0  0.0  0.0  0.0  0.0  0.0  0.0  0.0
  0.0  0.0  0.0  0.0  0.0  0.0  0.0  0.0  0.0  0.0  0.0  0.0  0.0  0.0  0.0
 10.3  0.0  0.0 10.3  0.0  0.0  0.0  0.0  0.0  0.0  0.0  0.0  0.0  0.0  0.0
  0.0  0.0  0.0  0.0  0.0  0.0  0.0 10.3 20.6 10.3 10.3 20.6  0.0  0.0  0.0
  0.0  0.0  0.0  0.0  0.0  0.0  0.0  0.0  0.0  0.0  0.0  0.0 10.3  0.0  0.0
    -26.25     -5.05      4.73     -6.61      4.30 10.3  0.0  0.0  0.0  0.0
                                 t000122_s21_p6_ai-el2ap.txt 27.0  5.5  142
  7.0  0.0  0.0 56.3  0.0  0.0  0.0  0.0  0.0  0.0  0.0  0.0  0.0  0.0  0.0
  0.0  0.0  7.0  0.0  0.0  0.0359.2105.6 63.4 49.3  7.0  0.0  0.0  0.0 14.1
  0.0  0.0 56.3  0.0  7.0 42.3  0.0  0.0  0.0  0.0  0.0  7.0  7.0  7.0  0.0
  0.0  0.0  0.0  7.0  7.0  7.0  0.0  7.0  0.0 14.1 84.5  7.0  0.0 63.4  0.0
  7.0  0.0  0.0  0.0  0.0  0.0  0.0  0.0  0.0  0.0  0.0  0.0  0.0  0.0  0.0
  0.0  0.0  0.0  0.0  0.0  0.0  0.0  0.0  0.0  0.0  0.0  0.0  0.0  0.0  0.0
  0.0  0.0  0.0  0.0  0.0  0.0  0.0  0.0  0.0  0.0  0.0  0.0  0.0  0.0  0.0
  0.0  0.0  0.0  0.0  0.0  0.0  0.0  0.0  0.0  0.0  0.0  0.0  0.0  0.0  0.0
  0.0  0.0  0.0  0.0  0.0  0.0  0.0  0.0 56.3  0.0 21.1  7.0  0.0  7.0  0.0
  0.0  0.0  0.0  0.0  0.0  7.0  0.0  7.0  0.0  0.0  7.0  0.0  0.0  0.0  0.0
    -25.76     -3.79      7.46     -3.79      1.84  0.0  0.0  7.0  0.0  0.0
                                 t000122_s21_p7_ai-el2ap.txt 16.5  5.7   90
 11.1  0.0  0.0 11.1  0.0  0.0  0.0  0.0  0.0  0.0  0.0  0.0  0.0  0.0  0.0
  0.0  0.0 11.1  0.0  0.0  0.0366.7166.7 55.6 33.3  0.0  0.0 11.1  0.0  0.0
  0.0  0.0111.1  0.0  0.0 33.3 11.1  0.0  0.0  0.0  0.0  0.0  0.0 11.1  0.0
 11.1  0.0 11.1  0.0 11.1 11.1  0.0 22.2  0.0  0.0 66.7  0.0  0.0 88.9 11.1
  0.0  0.0  0.0  0.0  0.0  0.0  0.0  0.0  0.0  0.0  0.0  0.0  0.0  0.0  0.0
  0.0  0.0  0.0 11.1  0.0  0.0  0.0  0.0  0.0  0.0  0.0  0.0  0.0  0.0  0.0
  0.0  0.0  0.0  0.0  0.0 11.1  0.0  0.0  0.0  0.0  0.0  0.0  0.0  0.0  0.0
 11.1  0.0  0.0 11.1  0.0 11.1 11.1  0.0  0.0  0.0  0.0  0.0  0.0  0.0  0.0
  0.0  0.0  0.0  0.0  0.0  0.0  0.0  0.0 33.3  0.0  0.0  0.0  0.0  0.0  0.0
  0.0  0.0  0.0  0.0  0.0  0.0  0.0 11.1  0.0  0.0  0.0  0.0  0.0  0.0  0.0
    -28.28     -2.57      6.80     -6.61      1.64  0.0  0.0  0.0  0.0  0.0
                                 t000122_s21_p8_ai-el2ap.txt 22.0  5.8  126
  7.9  0.0  0.0 39.7  0.0  0.0  0.0  0.0  0.0  0.0  0.0  7.9  0.0  0.0  0.0
  0.0  0.0  0.0 15.9  0.0  0.0381.0 79.4 39.7 39.7 15.9  0.0  7.9  0.0  7.9
  0.0  0.0103.2  0.0  0.0 23.8  0.0  0.0  0.0  0.0  0.0  0.0  0.0  7.9  0.0
  0.0  0.0  7.9  7.9  7.9  0.0 23.8  7.9  0.0  7.9 63.5 15.9  0.0 87.3  7.9
  0.0  0.0  0.0  0.0  0.0  0.0  0.0  0.0  0.0  0.0  0.0  0.0  0.0  0.0  0.0
  0.0  0.0  0.0  7.9  0.0  0.0  0.0  0.0  0.0  0.0  0.0  0.0  0.0  0.0  0.0
  0.0  0.0  0.0  0.0  0.0  0.0  0.0  0.0  0.0  0.0  0.0  0.0  0.0  0.0  0.0
  7.9  0.0  0.0  7.9  0.0  0.0  0.0  0.0  0.0  0.0  0.0  0.0  0.0  0.0  0.0
  0.0  0.0  0.0  0.0  0.0  0.0  0.0  0.0  7.9  7.9  7.9 31.7 23.8  0.0  0.0
  0.0  0.0  0.0  0.0  0.0  0.0  7.9 15.9  0.0  7.9  0.0  0.0  7.9  0.0  0.0
    -19.21     -2.25     10.75     -6.61     -2.42  0.0  0.0  0.0  0.0  0.0
                                 t000122_s21_p9_ai-el2ap.txt 20.0  6.0  116
 17.2  0.0  0.0 34.5  0.0  0.0  0.0  0.0  0.0  0.0  0.0  0.0  0.0  0.0  0.0
  0.0  0.0  8.6  8.6  0.0  0.0353.4172.4 86.2 60.3  0.0  8.6  0.0  0.0  0.0
  0.0  0.0103.4  0.0  0.0 17.2  0.0  0.0  8.6  0.0  0.0  0.0 17.2  0.0  8.6
  0.0  8.6  0.0  0.0  8.6  8.6 17.2  8.6  0.0  0.0112.1  0.0  0.0103.4  8.6
  0.0  0.0  0.0  0.0  0.0  0.0  0.0  0.0  0.0  0.0  0.0  0.0  0.0  0.0  0.0
  0.0  0.0  0.0  0.0  0.0  0.0  0.0  8.6  0.0  0.0  0.0  0.0  0.0  0.0  0.0
  0.0  0.0  0.0  0.0  0.0  0.0  0.0  0.0  0.0  0.0  0.0  0.0  0.0  0.0  0.0
  0.0  8.6  0.0  8.6  0.0  0.0  0.0  0.0  0.0  0.0  0.0  0.0  0.0  0.0  0.0
  0.0  0.0  0.0  0.0  0.0  0.0  0.0  0.0 25.9  0.0  8.6 34.5  0.0  8.6  0.0
  0.0  0.0  0.0  0.0  0.0  0.0  0.0  8.6  8.6  8.6  0.0  0.0  8.6  0.0  0.0
    -28.17     -2.08      7.18     -3.82     13.78  0.0  0.0  0.0  0.0  0.0
                                  t000122_s8_p1_ai-el2ap.txt 20.0  6.4  112
  0.0  0.0  0.0 44.6  0.0  0.0  0.0  0.0  0.0  0.0  0.0  0.0  0.0  0.0  0.0
  0.0  0.0  8.9  8.9  0.0  0.0357.1169.6107.1  0.0  8.9  0.0  8.9  0.0  0.0
  0.0  8.9 80.4  0.0  0.0 44.6  0.0  0.0  0.0  0.0  0.0  0.0  8.9  0.0  0.0
  8.9  0.0  8.9  0.0  8.9  8.9 17.9  8.9  0.0  0.0133.9  8.9  0.0 80.4 17.9
  8.9  0.0  0.0  0.0  0.0  0.0  0.0  0.0  0.0  0.0  0.0  0.0  0.0  0.0  0.0
  0.0  0.0  0.0  8.9  0.0  0.0  0.0  0.0  0.0  0.0  0.0  0.0  0.0  0.0  0.0
  0.0  0.0  0.0  0.0  0.0  0.0  0.0  0.0  0.0  0.0  0.0  0.0  0.0  0.0  0.0
  8.9  0.0  0.0  8.9  0.0  0.0  0.0  0.0  0.0  0.0  0.0  0.0  0.0  0.0  0.0
  0.0  0.0  0.0  0.0  0.0  0.0  0.0  0.0 17.9  0.0 35.7  0.0  8.9  0.0  0.0
  0.0  0.0  0.0  0.0  0.0  0.0  0.0  0.0  0.0  0.0  0.0  0.0  8.9  0.0  0.0
    -31.38     -3.68      7.32     -6.61      4.83  0.0  0.0  0.0  0.0  0.0
                                  t000122_s8_p2_ai-el2ap.txt 19.3  5.3  115
  0.0  0.0  0.0 34.8  0.0  0.0  0.0  0.0  0.0  0.0  0.0  0.0  0.0  0.0  0.0
  0.0  0.0  8.7  8.7  0.0  0.0321.7 60.9 60.9  0.0  0.0  8.7  0.0  0.0  0.0
  0.0 17.4 60.9  0.0  0.0 34.8  8.7  0.0  0.0  0.0  8.7  0.0  8.7 26.1  0.0
  0.0  0.0  0.0  0.0  0.0 17.4 26.1 26.1  0.0  0.0 78.3  0.0  0.0 52.2  0.0
  0.0  0.0  0.0  0.0  0.0  0.0  0.0  0.0  0.0  0.0  0.0  0.0  0.0  0.0  0.0
  0.0  0.0  0.0  0.0  0.0  0.0  0.0  0.0  0.0  0.0  0.0  0.0  0.0  0.0  0.0
  0.0  0.0  0.0  0.0  0.0  0.0  0.0  0.0  0.0  0.0  0.0  0.0  0.0  0.0  0.0
  0.0  0.0  0.0  0.0  0.0  0.0  0.0  0.0  0.0  0.0  0.0  0.0  0.0  0.0  0.0
  0.0  0.0  0.0  0.0  0.0  0.0  0.0 17.4  8.7  0.0  0.0 17.4  0.0  0.0  0.0
  0.0  0.0  0.0  0.0  0.0  0.0  8.7  0.0  0.0  0.0  8.7  8.7 17.4  0.0  0.0
    -21.39     -4.06      9.67     -2.46      5.76  0.0  0.0  0.0  0.0  0.0
                                  t000122_s8_p3_ai-el2ap.txt 23.3  5.5  129
  0.0  0.0  0.0 46.5  0.0  0.0  0.0  0.0  0.0  0.0  0.0  0.0  0.0  0.0  0.0
  0.0  0.0  0.0 31.0  0.0  0.0348.8100.8 54.3  7.8  7.8  0.0  0.0  0.0  0.0
  0.0 15.5 38.8  0.0 15.5 23.3  0.0  0.0  0.0  0.0  0.0  0.0  0.0 15.5  0.0
  7.8  0.0  0.0  0.0  0.0  0.0 46.5 23.3  0.0  0.0 69.8  7.8  0.0 62.0  0.0
  7.8  0.0  0.0  0.0  0.0  0.0  0.0  0.0  0.0  0.0  0.0  0.0  0.0  0.0  0.0
  0.0  0.0  0.0  0.0  0.0  0.0  0.0  0.0  0.0  0.0  0.0  0.0  0.0  0.0  0.0
  0.0  0.0  0.0  0.0  0.0  0.0  0.0  0.0  0.0  0.0  0.0  0.0  0.0  0.0  0.0
  0.0  0.0  0.0  0.0  0.0  0.0  0.0  0.0  0.0  0.0  0.0  0.0  0.0  0.0  0.0
  0.0  0.0  0.0  0.0  0.0  0.0  0.0 23.3  7.8  0.0  0.0  0.0  0.0  7.8  0.0
 15.5  0.0  0.0  0.0  0.0  0.0  0.0  7.8  0.0  0.0  0.0  0.0  7.8  0.0  0.0
    -21.36     -5.13      3.53     -6.61      1.22  0.0  0.0  0.0  0.0  0.0
                                  t000122_s8_p4_ai-el2ap.txt 13.8  6.1   82
  0.0  0.0  0.0 85.4  0.0  0.0  0.0  0.0  0.0  0.0  0.0  0.0  0.0  0.0  0.0
  0.0  0.0  0.0  0.0  0.0  0.0414.6 85.4 73.2 12.2 12.2  0.0  0.0 12.2 12.2
  0.0 12.2 24.4 12.2 24.4 12.2  0.0  0.0  0.0  0.0  0.0  0.0  0.0 24.4  0.0
  0.0  0.0  0.0  0.0  0.0  0.0 12.2 24.4  0.0 24.4109.8 12.2  0.0 97.6  0.0
  0.0  0.0  0.0  0.0  0.0  0.0  0.0  0.0  0.0  0.0  0.0  0.0  0.0  0.0  0.0
  0.0  0.0  0.0  0.0  0.0  0.0  0.0  0.0  0.0  0.0  0.0  0.0  0.0  0.0  0.0
  0.0  0.0  0.0  0.0  0.0  0.0  0.0  0.0  0.0  0.0  0.0  0.0  0.0  0.0  0.0
  0.0  0.0  0.0  0.0  0.0  0.0  0.0  0.0  0.0  0.0  0.0  0.0  0.0  0.0  0.0
  0.0  0.0  0.0  0.0  0.0  0.0  0.0 24.4  0.0  0.0 48.8  0.0 12.2  0.0  0.0
  0.0  0.0  0.0  0.0  0.0  0.0  0.0 36.6  0.0  0.0  0.0 12.2  0.0  0.0  0.0
    -30.50     -4.78      9.10     -6.61      0.07  0.0  0.0  0.0  0.0  0.0
                                  t000122_s8_p5_ai-el2ap.txt 16.5  6.1   84
  0.0  0.0  0.0 59.5  0.0  0.0 11.9  0.0  0.0  0.0  0.0  0.0  0.0  0.0  0.0
  0.0  0.0 11.9 23.8  0.0  0.0404.8 95.2 71.4  0.0  0.0  0.0  0.0  0.0  0.0
  0.0  0.0 59.5  0.0  0.0 47.6  0.0  0.0  0.0  0.0  0.0  0.0 11.9 35.7  0.0
  0.0  0.0  0.0  0.0 11.9 11.9 23.8 35.7  0.0  0.0 83.3  0.0  0.0 83.3 23.8
  0.0  0.0  0.0  0.0  0.0  0.0  0.0  0.0  0.0  0.0  0.0  0.0  0.0  0.0  0.0
  0.0  0.0  0.0  0.0  0.0  0.0  0.0  0.0  0.0  0.0  0.0  0.0  0.0  0.0  0.0
  0.0  0.0  0.0  0.0  0.0  0.0  0.0  0.0  0.0  0.0  0.0  0.0  0.0  0.0  0.0
  0.0  0.0  0.0  0.0  0.0  0.0  0.0  0.0  0.0  0.0  0.0  0.0  0.0  0.0  0.0
  0.0  0.0  0.0  0.0  0.0  0.0  0.0 23.8 11.9 11.9  0.0  0.0  0.0  0.0  0.0
 11.9 11.9  0.0  0.0  0.0 11.9  0.0  0.0 11.9  0.0  0.0  0.0  0.0  0.0  0.0
    -20.42     -5.73      2.40     -6.61      9.23  0.0  0.0  0.0  0.0  0.0
                                  t000122_s8_p6_ai-el2ap.txt 17.5  6.0   95
 10.5  0.0  0.0 21.1  0.0  0.0 10.5  0.0  0.0  0.0 10.5  0.0  0.0  0.0  0.0
  0.0  0.0  0.0 10.5  0.0  0.0357.9136.8105.3 42.1  0.0  0.0  0.0  0.0  0.0
  0.0 10.5 63.2  0.0  0.0  0.0 10.5 10.5  0.0  0.0  0.0  0.0  0.0 10.5  0.0
 21.1  0.0 10.5  0.0 10.5 10.5 21.1 31.6  0.0  0.0126.3  0.0  0.0115.8  0.0
  0.0  0.0  0.0  0.0  0.0  0.0  0.0  0.0  0.0  0.0  0.0  0.0  0.0  0.0  0.0
  0.0  0.0  0.0  0.0  0.0  0.0  0.0  0.0  0.0  0.0  0.0  0.0  0.0  0.0  0.0
  0.0  0.0  0.0  0.0  0.0  0.0  0.0  0.0  0.0  0.0  0.0  0.0  0.0  0.0  0.0
  0.0  0.0  0.0  0.0  0.0  0.0  0.0  0.0  0.0  0.0  0.0  0.0  0.0  0.0  0.0
  0.0  0.0  0.0  0.0  0.0  0.0  0.0 10.5 10.5 10.5 31.6 21.1  0.0  0.0  0.0
 10.5  0.0  0.0  0.0  0.0  0.0 21.1 21.1  0.0  0.0  0.0 10.5 10.5  0.0  0.0
    -27.69     -4.34      9.26     -4.10      4.76 10.5  0.0  0.0  0.0  0.0
                                  t000125_s1_p1_ai-el2ap.txt 20.8  5.7  111
  0.0  0.0  0.0 63.1  0.0  0.0  0.0  0.0  0.0 18.0  0.0  0.0  0.0  0.0  0.0
  0.0  0.0  0.0  0.0  0.0  0.0234.2144.1 90.1 18.0  0.0  9.0  0.0  9.0  0.0
  0.0  0.0 90.1  0.0  9.0 27.0 18.0  0.0  0.0  0.0  0.0  0.0  0.0  9.0  9.0
  9.0  9.0  0.0 18.0  9.0  0.0  9.0 27.0  0.0  9.0153.2  0.0  0.0 99.1  0.0
  0.0  0.0  0.0  0.0  0.0  0.0  0.0  0.0  0.0  0.0  0.0  0.0  0.0  0.0  0.0
  0.0  0.0  0.0  0.0  0.0  0.0  0.0  0.0  0.0  0.0  0.0  0.0  0.0  0.0  0.0
  0.0  9.0  0.0  0.0  0.0  0.0  0.0  0.0  0.0  0.0  0.0  0.0  0.0  0.0  0.0
  0.0  0.0  0.0  0.0  9.0  0.0  9.0  0.0  0.0  0.0  0.0  0.0  0.0  0.0  0.0
  0.0  0.0  0.0  0.0  0.0  0.0  0.0  0.0 18.0  9.0 18.0  9.0  0.0  0.0  0.0
  0.0  9.0  0.0  0.0  0.0  0.0  9.0  0.0  0.0 27.0  0.0  9.0  9.0  0.0  0.0
    -25.65     -3.40      8.34     -6.61      7.57  0.0  0.0  0.0  0.0  0.0
                                 t000125_s13_p1_ai-el2ap.txt 25.8  5.6  158
  0.0  0.0  0.0 19.0  0.0  0.0  0.0  0.0  0.0  6.3  0.0  0.0  0.0  0.0  0.0
  0.0  0.0  6.3  6.3  0.0  0.0379.7132.9 75.9 38.0  0.0  6.3  0.0  0.0  0.0
  0.0  6.3 75.9  0.0  6.3 31.6  0.0  0.0  0.0  0.0  0.0  0.0  6.3 12.7 12.7
  0.0  0.0  0.0  6.3  6.3  6.3 12.7 25.3  0.0  0.0 88.6  0.0  0.0 63.3  6.3
  0.0  0.0  0.0  0.0  0.0  0.0  0.0  0.0  0.0  0.0  0.0  0.0  0.0  0.0  0.0
  0.0  0.0  0.0  0.0  0.0  0.0  0.0  0.0  0.0  0.0  0.0  0.0  0.0  0.0  0.0
  0.0  0.0  0.0  0.0  0.0  0.0  0.0  0.0  0.0  0.0  0.0  0.0  0.0  0.0  0.0
  0.0  0.0  0.0  0.0  0.0  0.0  0.0  0.0  0.0  0.0  0.0  0.0  0.0  0.0  0.0
  0.0  0.0  0.0  0.0  0.0  0.0  0.0  6.3  6.3  6.3 25.3  0.0  0.0  0.0  0.0
  0.0  0.0  0.0  0.0  0.0  0.0  0.0  6.3  0.0  0.0  0.0 12.7 12.7  0.0  0.0
    -27.98     -3.26      4.93     -6.61     11.98  0.0  0.0  0.0  0.0  0.0
                                t000125_s13_p10_ai-el2ap.txt 24.8  5.4  167
  0.0  0.0  0.0 59.9  0.0  0.0  0.0  6.0  0.0  0.0  0.0  0.0  0.0  0.0  0.0
  0.0  0.0  0.0 18.0  0.0  0.0275.4125.7 95.8  6.0  6.0 24.0 12.0 12.0  0.0
  0.0  6.0 77.8  0.0  0.0 35.9  6.0  0.0  0.0  0.0  0.0  0.0 18.0  6.0  0.0
  6.0  6.0  0.0  6.0  6.0  0.0 29.9 12.0  0.0 12.0125.7  6.0  6.0101.8  6.0
  0.0  0.0  0.0  0.0  0.0  0.0  0.0  0.0  0.0  0.0  0.0  0.0  0.0  0.0  0.0
  0.0  0.0  0.0  0.0  0.0  0.0  0.0  0.0  0.0  0.0  0.0  0.0  0.0  0.0  0.0
  0.0  0.0  6.0  0.0  0.0  0.0  0.0  0.0  0.0  0.0  0.0  0.0  0.0  0.0  0.0
  0.0  0.0  0.0  0.0  6.0  0.0  6.0  0.0  0.0  0.0  0.0  0.0  0.0  0.0  0.0
  0.0  0.0  0.0  0.0  0.0  0.0  0.0  0.0  6.0  0.0 29.9  6.0 59.9  6.0  0.0
  6.0  0.0  0.0  0.0  0.0  0.0  0.0  0.0 12.0  0.0  0.0  0.0 18.0  0.0  0.0
    -23.21      1.56     13.60     -6.61     10.44 12.0  0.0  0.0  0.0  0.0
                                t000125_s13_p11_ai-el2ap.txt 14.5  5.9   76
  0.0  0.0  0.0 65.8  0.0  0.0  0.0  0.0  0.0  0.0  0.0  0.0  0.0  0.0  0.0
  0.0  0.0  0.0 26.3  0.0  0.0368.4105.3 78.9 13.2 13.2  0.0  0.0  0.0  0.0
 13.2 13.2105.3  0.0  0.0 13.2 13.2  0.0  0.0  0.0  0.0  0.0  0.0 26.3 13.2
  0.0  0.0  0.0 26.3  0.0  0.0 39.5 39.5  0.0 13.2131.6 13.2  0.0105.3  0.0
  0.0  0.0  0.0  0.0  0.0  0.0  0.0  0.0  0.0  0.0  0.0  0.0  0.0  0.0  0.0
  0.0  0.0  0.0  0.0  0.0  0.0  0.0  0.0  0.0  0.0  0.0  0.0 13.2  0.0  0.0
  0.0  0.0  0.0  0.0  0.0  0.0  0.0  0.0  0.0  0.0  0.0  0.0  0.0  0.0  0.0
  0.0  0.0 13.2 13.2  0.0  0.0  0.0  0.0  0.0  0.0  0.0  0.0  0.0  0.0  0.0
  0.0  0.0  0.0  0.0  0.0  0.0  0.0  0.0 26.3 13.2 52.6 13.2 26.3 13.2 13.2
  0.0  0.0  0.0  0.0  0.0  0.0  0.0 13.2  0.0  0.0  0.0  0.0 26.3  0.0  0.0
    -24.88     -4.71     24.37     -6.61     10.48  0.0  0.0  0.0  0.0  0.0
                                t000125_s13_p12_ai-el2ap.txt 17.8  4.6  128
  7.8  0.0  0.0 39.1  0.0  7.8  0.0  0.0  0.0  0.0  0.0  0.0  0.0  0.0  0.0
  0.0  0.0  0.0 15.6  0.0  0.0312.5125.0 46.9 15.6  0.0  0.0  0.0  0.0  0.0
  0.0  0.0101.6  0.0  7.8 15.6  0.0  0.0  0.0  0.0  0.0  0.0  0.0  0.0  0.0
  0.0  7.8  7.8  7.8  0.0  0.0 23.4  0.0  0.0  0.0 78.1  0.0 15.6 62.5  7.8
  0.0  0.0  0.0  0.0  0.0  0.0  0.0  0.0  0.0  0.0  0.0  0.0  0.0  0.0  0.0
  0.0  0.0  0.0  0.0  0.0  0.0  0.0  0.0  0.0  0.0  0.0  0.0  0.0  0.0  0.0
  0.0  0.0  0.0  0.0  0.0  0.0  0.0  0.0  0.0  0.0  0.0  0.0  0.0  0.0  0.0
  0.0  0.0  0.0  0.0  0.0  0.0  0.0  0.0  0.0  0.0  0.0  0.0  0.0  0.0  0.0
  0.0  0.0  0.0  0.0  0.0  0.0  0.0  0.0  7.8  0.0 15.6  0.0 31.3  0.0  0.0
  0.0  0.0  0.0  0.0  0.0  0.0  0.0  7.8  0.0  0.0  0.0  0.0  7.8  0.0  0.0
    -19.14     -5.21      4.84     -6.61     -3.63  7.8  0.0  0.0  0.0  0.0
                                t000125_s13_p13_ai-el2ap.txt 16.3  5.7   97
 10.3  0.0  0.0 51.5  0.0  0.0  0.0  0.0  0.0  0.0  0.0  0.0  0.0  0.0  0.0
  0.0  0.0  0.0 20.6  0.0  0.0371.1154.6 61.9 20.6  0.0  0.0  0.0  0.0  0.0
  0.0  0.0103.1  0.0 10.3 20.6  0.0  0.0  0.0  0.0  0.0  0.0  0.0 10.3  0.0
 10.3  0.0  0.0 20.6  0.0  0.0 20.6 20.6  0.0  0.0103.1  0.0 10.3 92.8  0.0
  0.0  0.0  0.0  0.0  0.0  0.0  0.0  0.0  0.0  0.0  0.0  0.0  0.0  0.0  0.0
  0.0  0.0  0.0  0.0  0.0  0.0  0.0  0.0  0.0  0.0  0.0  0.0  0.0  0.0  0.0
  0.0  0.0  0.0  0.0  0.0  0.0  0.0  0.0  0.0  0.0  0.0  0.0  0.0  0.0  0.0
  0.0  0.0  0.0  0.0  0.0  0.0  0.0  0.0  0.0  0.0  0.0  0.0  0.0  0.0  0.0
  0.0  0.0  0.0  0.0  0.0  0.0  0.0  0.0 10.3  0.0 10.3  0.0 20.6  0.0  0.0
 20.6  0.0  0.0  0.0  0.0  0.0  0.0 10.3  0.0  0.0  0.0  0.0 10.3  0.0  0.0
    -25.91     -5.05      3.93     -6.61      1.26  0.0  0.0  0.0  0.0  0.0
                                t000125_s13_p14_ai-el2ap.txt 26.5  5.9  165
  6.1  0.0  0.0 42.4  0.0  0.0  0.0  0.0  0.0  6.1  0.0  0.0  0.0  0.0  0.0
  0.0  0.0  0.0 12.1  0.0  0.0345.5127.3 97.0 12.1 12.1  6.1  6.1  0.0  0.0
  6.1  0.0127.3  0.0  0.0 12.1  6.1  0.0  6.1  0.0  0.0  0.0  0.0 12.1  0.0
 12.1  6.1  6.1 18.2  0.0  0.0 18.2 24.2  0.0  6.1115.2 12.1  6.1 97.0 18.2
  0.0  0.0  0.0  0.0  0.0  0.0  0.0  0.0  0.0  0.0  0.0  0.0  0.0  0.0  0.0
  0.0  0.0  0.0  0.0  0.0  0.0  6.1  0.0  0.0  0.0  0.0  0.0  0.0  0.0  0.0
  0.0  0.0  0.0  0.0  0.0  0.0  0.0  0.0  0.0  6.1  0.0  0.0  0.0  0.0  0.0
  6.1  0.0  0.0  6.1  0.0  0.0  6.1  0.0  0.0  0.0  0.0  0.0  0.0  0.0  0.0
  0.0  0.0  0.0  0.0  0.0  0.0  0.0  0.0  6.1  0.0 42.4  0.0 24.2  0.0  0.0
  0.0  0.0  0.0  0.0  0.0  0.0  0.0 18.2  6.1  6.1  0.0  0.0 12.1  0.0  0.0
    -28.14     -2.50     14.63     -4.65      2.12  6.1  0.0  0.0  0.0  0.0
                                t000125_s13_p15_ai-el2ap.txt 23.0  5.7  145
  0.0  0.0  0.0 41.4  0.0  6.9  6.9  6.9  0.0  0.0  0.0  0.0  0.0  0.0  0.0
  0.0  0.0  0.0 13.8  0.0  0.0337.9151.7110.3 13.8  6.9  0.0  6.9  0.0  0.0
  0.0  0.0 96.6  0.0  6.9 13.8  0.0  0.0  6.9  0.0  0.0  0.0  6.9 13.8  0.0
 13.8  6.9  0.0  6.9  6.9  0.0 20.7 27.6  0.0  0.0124.1  6.9  0.0 89.7  0.0
  0.0  0.0  0.0  0.0  0.0  0.0  0.0  0.0  0.0  0.0  0.0  0.0  0.0  0.0  0.0
  0.0  0.0  0.0  0.0  0.0  0.0  0.0  0.0  0.0  0.0  0.0  0.0  0.0  0.0  0.0
  0.0  0.0  0.0  0.0  0.0  0.0  0.0  0.0  0.0  0.0  0.0  0.0  0.0  0.0  0.0
  0.0  0.0  0.0  0.0  0.0  0.0  0.0  0.0  0.0  0.0  0.0  0.0  0.0  0.0  0.0
  0.0  0.0  0.0  0.0  0.0  0.0  0.0  0.0  6.9  0.0 20.7  0.0 48.3  6.9 20.7
  0.0  6.9  0.0  0.0  0.0  0.0  0.0 34.5  0.0  0.0  0.0  0.0 13.8  0.0  0.0
    -25.06     -3.69      4.87     -4.38      7.22 13.8  0.0  0.0  0.0  0.0
                                t000125_s13_p16_ai-el2ap.txt  9.0  5.4   43
  0.0  0.0  0.0 69.8  0.0  0.0  0.0  0.0 23.3  0.0  0.0  0.0  0.0 23.3  0.0
  0.0  0.0  0.0  0.0  0.0  0.0232.6162.8139.5 23.3  0.0  0.0  0.0  0.0  0.0
  0.0  0.0 46.5  0.0 23.3 46.5  0.0  0.0  0.0  0.0  0.0  0.0  0.0  0.0  0.0
  0.0  0.0  0.0  0.0 23.3  0.0  0.0  0.0  0.0  0.0162.8 23.3  0.0116.3 23.3
  0.0  0.0  0.0  0.0  0.0  0.0  0.0  0.0  0.0  0.0  0.0  0.0  0.0  0.0  0.0
  0.0  0.0  0.0  0.0  0.0  0.0  0.0  0.0  0.0  0.0  0.0  0.0  0.0  0.0  0.0
  0.0  0.0  0.0  0.0  0.0  0.0  0.0  0.0  0.0  0.0  0.0  0.0  0.0  0.0  0.0
  0.0  0.0  0.0  0.0  0.0  0.0  0.0  0.0  0.0  0.0  0.0  0.0  0.0  0.0  0.0
  0.0  0.0  0.0  0.0  0.0  0.0  0.0  0.0  0.0 23.3 46.5  0.0 46.5 23.3  0.0
  0.0  0.0  0.0  0.0  0.0  0.0  0.0  0.0  0.0 23.3  0.0  0.0 23.3  0.0  0.0
    -17.96     -4.96     -5.28     -6.61     -3.63 23.3  0.0  0.0  0.0  0.0
                                t000125_s13_p17_ai-el2ap.txt 32.0  5.7  249
  4.0  0.0  0.0 20.1  0.0  0.0  0.0  0.0  0.0  0.0  0.0  0.0  0.0  0.0  0.0
  0.0  0.0  0.0 12.0  0.0  0.0409.6116.5108.4 24.1  0.0  0.0  0.0  0.0  4.0
  0.0  0.0140.6  0.0  4.0 20.1  0.0  0.0  0.0  0.0  0.0  0.0  0.0  8.0  4.0
 12.0  0.0  0.0  0.0  0.0  0.0 12.0 24.1  0.0  4.0116.5  0.0  0.0 52.2  0.0
  0.0  0.0  0.0  0.0  0.0  0.0  0.0  0.0  0.0  0.0  0.0  0.0  0.0  0.0  0.0
  0.0  0.0  0.0  0.0  0.0  0.0  0.0  0.0  0.0  0.0  0.0  0.0  0.0  0.0  0.0
  0.0  0.0  0.0  0.0  0.0  0.0  0.0  0.0  0.0  0.0  0.0  0.0  0.0  0.0  0.0
  0.0  0.0  0.0  0.0  0.0  0.0  0.0  0.0  0.0  0.0  0.0  0.0  0.0  0.0  0.0
  0.0  0.0  0.0  0.0  0.0  0.0  0.0  8.0 48.2  4.0 12.0  0.0  4.0 32.1 16.1
  0.0  0.0  0.0  0.0  0.0  0.0  0.0  8.0  0.0  4.0  0.0  0.0  8.0  0.0  0.0
    -31.31     -4.94     10.42     -6.61      4.57  0.0  0.0  0.0  0.0  0.0
                                t000125_s13_p18_ai-el2ap.txt 21.3  5.8  116
  0.0  0.0  0.0 34.5  0.0  0.0  0.0  0.0  0.0  0.0  0.0  0.0  0.0  0.0  0.0
  0.0  0.0  0.0 17.2  0.0  0.0362.1120.7 94.8  8.6  0.0  0.0  8.6  0.0  0.0
  0.0  0.0120.7  0.0 17.2 69.0  8.6  8.6  8.6  0.0  0.0  0.0 25.9  0.0  0.0
  0.0  0.0  8.6  8.6  8.6  8.6 17.2  0.0  0.0  0.0112.1  0.0  8.6 51.7  0.0
  0.0  0.0  0.0  0.0  0.0  0.0  0.0  0.0  0.0  0.0  0.0  0.0  0.0  0.0  0.0
  0.0  0.0  0.0  0.0  0.0  0.0  0.0  0.0  0.0  0.0  0.0  0.0  0.0  0.0  0.0
  0.0  0.0  0.0  0.0  0.0  0.0  0.0  0.0  0.0  0.0  0.0  0.0  0.0  0.0  0.0
  0.0  0.0  0.0  0.0  0.0  0.0  0.0  0.0  0.0  0.0  0.0  0.0  0.0  0.0  0.0
  0.0  0.0  0.0  0.0  0.0  0.0  0.0 17.2 25.9 17.2 34.5  0.0 34.5 17.2  0.0
  0.0  0.0  0.0  0.0  0.0  0.0  0.0  8.6  8.6  8.6  0.0  0.0  0.0  0.0  0.0
    -28.66     -3.85      0.37     -1.77     12.54  0.0  0.0  0.0  0.0  0.0
                                t000125_s13_p19_ai-el2ap.txt 13.3  5.5   68
  0.0  0.0  0.0 29.4  0.0  0.0 14.7  0.0  0.0  0.0  0.0  0.0  0.0  0.0  0.0
  0.0  0.0  0.0  0.0  0.0  0.0250.0161.8 88.2 14.7  0.0  0.0 14.7  0.0  0.0
  0.0  0.0117.6  0.0  0.0 14.7 14.7  0.0  0.0  0.0  0.0  0.0 14.7  0.0  0.0
  0.0  0.0 14.7  0.0  0.0  0.0  0.0  0.0  0.0  0.0147.1  0.0  0.0 58.8  0.0
  0.0  0.0  0.0  0.0  0.0  0.0  0.0  0.0  0.0  0.0  0.0  0.0  0.0  0.0  0.0
  0.0  0.0  0.0  0.0  0.0  0.0  0.0  0.0  0.0  0.0  0.0  0.0  0.0  0.0  0.0
  0.0  0.0  0.0  0.0  0.0 14.7  0.0  0.0  0.0  0.0  0.0  0.0  0.0  0.0  0.0
  0.0  0.0  0.0  0.0  0.0 14.7 14.7  0.0  0.0  0.0  0.0  0.0  0.0  0.0  0.0
  0.0  0.0  0.0  0.0  0.0  0.0  0.0  0.0  0.0  0.0 14.7  0.0 44.1 14.7  0.0
  0.0  0.0  0.0  0.0  0.0 14.7  0.0 14.7 14.7  0.0  0.0  0.0  0.0  0.0  0.0
    -26.56     -2.52      8.31     -6.61      5.56  0.0  0.0  0.0  0.0  0.0
                                 t000125_s13_p2_ai-el2ap.txt 13.5  6.3   64
  0.0  0.0  0.0 93.8  0.0  0.0  0.0 15.6  0.0  0.0  0.0  0.0  0.0  0.0  0.0
  0.0  0.0  0.0 15.6  0.0  0.0296.9 93.8 62.5 31.3 31.3  0.0 15.6  0.0 15.6
  0.0  0.0125.0 15.6  0.0 15.6 15.6  0.0 15.6  0.0  0.0  0.0 15.6 15.6  0.0
  0.0  0.0 15.6  0.0  0.0  0.0 15.6 15.6  0.0 15.6 78.1 31.3 15.6125.0  0.0
  0.0  0.0  0.0  0.0  0.0  0.0  0.0  0.0  0.0  0.0  0.0  0.0  0.0  0.0  0.0
  0.0  0.0  0.0  0.0  0.0  0.0 15.6  0.0  0.0  0.0  0.0  0.0  0.0  0.0  0.0
  0.0  0.0  0.0  0.0  0.0  0.0  0.0  0.0  0.0  0.0  0.0  0.0  0.0  0.0  0.0
 15.6  0.0  0.0 15.6  0.0  0.0  0.0  0.0  0.0  0.0  0.0  0.0  0.0  0.0  0.0
  0.0  0.0  0.0  0.0  0.0  0.0  0.0  0.0 31.3  0.0 15.6  0.0  0.0  0.0  0.0
 15.6  0.0  0.0  0.0  0.0 31.3  0.0 15.6 15.6  0.0  0.0  0.0 15.6  0.0  0.0
    -20.07     -0.42     12.11     -1.56      8.51  0.0  0.0  0.0  0.0  0.0
                                t000125_s13_p20_ai-el2ap.txt 19.0  5.8  110
  9.1  0.0  0.0 90.9  0.0  0.0  9.1  0.0  9.1  9.1  0.0  0.0  0.0  0.0  0.0
  0.0  0.0  9.1  9.1  0.0  0.0209.1109.1118.2 36.4  9.1  0.0  0.0  0.0  9.1
  0.0  0.0 63.6  0.0  0.0 36.4  0.0  0.0  0.0  0.0  0.0  0.0  9.1 18.2  0.0
  0.0  0.0  0.0 18.2 18.2  9.1  9.1 18.2  0.0  9.1163.6 18.2 18.2136.4  9.1
  0.0  0.0  0.0  0.0  0.0  0.0  0.0  0.0  0.0  0.0  0.0  0.0  0.0  0.0  0.0
  0.0  0.0  0.0  0.0  0.0  0.0  0.0  9.1  0.0  0.0  0.0  0.0  0.0  0.0  0.0
  0.0  0.0  0.0  0.0  0.0  0.0  0.0  0.0  0.0  0.0  0.0  0.0  0.0  0.0  0.0
  0.0  9.1  0.0  9.1  0.0  0.0  0.0  0.0  0.0  0.0  0.0  0.0  0.0  0.0  0.0
  0.0  0.0  0.0  0.0  0.0  0.0  0.0  0.0  9.1  0.0  0.0  0.0 45.5  0.0  0.0
  0.0  0.0  0.0  0.0  0.0  0.0  0.0 27.3  0.0 27.3  0.0  0.0 18.2  0.0  0.0
    -18.09     -4.13      7.87     -6.61      4.81  9.1  0.0  0.0  0.0  0.0
                                t000125_s13_p21_ai-el2ap.txt 16.0  5.7   85
  0.0  0.0  0.0 47.1  0.0  0.0  0.0  0.0  0.0  0.0  0.0  0.0  0.0  0.0  0.0
  0.0  0.0 11.8 11.8  0.0  0.0200.0129.4129.4 47.1 11.8  0.0  0.0  0.0  0.0
  0.0  0.0 82.4  0.0  0.0  0.0  0.0  0.0  0.0  0.0  0.0  0.0  0.0 11.8 11.8
  0.0 11.8  0.0 11.8 11.8 11.8 23.5 23.5  0.0  0.0188.2 11.8  0.0105.9 23.5
  0.0  0.0  0.0  0.0  0.0  0.0  0.0  0.0  0.0  0.0  0.0  0.0  0.0  0.0  0.0
  0.0  0.0  0.0  0.0  0.0  0.0  0.0  0.0  0.0  0.0  0.0  0.0  0.0  0.0  0.0
  0.0  0.0  0.0  0.0  0.0  0.0  0.0  0.0  0.0  0.0  0.0  0.0  0.0  0.0  0.0
  0.0  0.0  0.0  0.0  0.0  0.0  0.0  0.0  0.0  0.0  0.0  0.0  0.0  0.0  0.0
  0.0  0.0  0.0  0.0  0.0  0.0  0.0  0.0 23.5  0.0 11.8  0.0 35.3  0.0  0.0
  0.0  0.0  0.0  0.0  0.0  0.0  0.0  0.0  0.0 11.8  0.0  0.0 11.8  0.0  0.0
    -23.28     -3.66      6.69     -6.61      7.21  0.0  0.0  0.0  0.0  0.0
                                t000125_s13_p22_ai-el2ap.txt  7.5  5.9   36
  0.0  0.0  0.0 27.8  0.0  0.0  0.0  0.0  0.0  0.0  0.0  0.0  0.0  0.0  0.0
  0.0  0.0 27.8  0.0  0.0  0.0333.3194.4 55.6  0.0 55.6  0.0  0.0  0.0  0.0
  0.0  0.0194.4  0.0  0.0 27.8  0.0  0.0  0.0  0.0  0.0  0.0 27.8  0.0  0.0
  0.0  0.0 27.8  0.0  0.0 27.8  0.0  0.0  0.0  0.0111.1 55.6  0.0 27.8  0.0
  0.0  0.0  0.0  0.0  0.0  0.0  0.0  0.0  0.0  0.0  0.0  0.0  0.0  0.0  0.0
  0.0  0.0  0.0  0.0  0.0  0.0  0.0  0.0  0.0  0.0  0.0  0.0  0.0  0.0  0.0
  0.0  0.0  0.0  0.0  0.0  0.0  0.0  0.0  0.0  0.0  0.0  0.0  0.0  0.0  0.0
  0.0  0.0  0.0  0.0  0.0  0.0  0.0  0.0  0.0  0.0  0.0  0.0  0.0  0.0  0.0
  0.0  0.0  0.0  0.0  0.0  0.0  0.0  0.0  0.0  0.0 27.8  0.0 55.6 27.8  0.0
  0.0  0.0  0.0  0.0  0.0  0.0  0.0  0.0  0.0  0.0  0.0  0.0  0.0  0.0  0.0
    -24.74     -3.26     12.90     -6.61     13.73  0.0  0.0  0.0  0.0  0.0
                                t000125_s13_p23_ai-el2ap.txt 13.8  6.6   79
  0.0  0.0  0.0 12.7  0.0  0.0  0.0  0.0 12.7  0.0  0.0  0.0  0.0  0.0  0.0
  0.0  0.0  0.0 12.7  0.0  0.0405.1113.9113.9 50.6  0.0  0.0  0.0  0.0  0.0
 12.7  0.0189.9  0.0  0.0 25.3  0.0  0.0  0.0  0.0  0.0  0.0  0.0 12.7  0.0
 25.3  0.0  0.0 12.7 12.7  0.0 12.7 38.0  0.0 12.7164.6 12.7  0.0 88.6  0.0
 12.7  0.0  0.0  0.0  0.0  0.0  0.0  0.0  0.0  0.0  0.0  0.0  0.0  0.0  0.0
  0.0  0.0  0.0  0.0  0.0  0.0  0.0  0.0  0.0  0.0  0.0  0.0  0.0  0.0  0.0
  0.0  0.0  0.0  0.0  0.0  0.0  0.0  0.0  0.0  0.0  0.0  0.0  0.0  0.0  0.0
  0.0  0.0  0.0  0.0  0.0  0.0  0.0  0.0  0.0  0.0  0.0  0.0  0.0  0.0  0.0
  0.0  0.0  0.0  0.0  0.0  0.0  0.0  0.0 38.0  0.0  0.0  0.0 12.7 12.7 12.7
  0.0  0.0  0.0  0.0  0.0  0.0 12.7 12.7  0.0  0.0  0.0  0.0 12.7  0.0  0.0
    -33.64     -4.06     24.23     -6.61      6.46  0.0  0.0  0.0  0.0  0.0
                                t000125_s13_p24_ai-el2ap.txt 14.8  5.6   81
  0.0  0.0  0.0 61.7  0.0  0.0  0.0  0.0  0.0 12.3  0.0  0.0  0.0  0.0  0.0
  0.0  0.0  0.0  0.0  0.0  0.0246.9148.1 86.4 74.1  0.0  0.0  0.0  0.0 12.3
 12.3  0.0 98.8 12.3  0.0 12.3  0.0  0.0  0.0  0.0  0.0  0.0  0.0 24.7  0.0
  0.0  0.0  0.0 12.3 12.3  0.0  0.0 24.7  0.0 24.7111.1  0.0  0.0123.5  0.0
  0.0  0.0  0.0  0.0  0.0  0.0  0.0  0.0  0.0  0.0  0.0  0.0  0.0  0.0  0.0
  0.0  0.0  0.0  0.0  0.0  0.0  0.0  0.0  0.0  0.0  0.0  0.0  0.0  0.0  0.0
  0.0  0.0  0.0  0.0  0.0  0.0  0.0  0.0  0.0  0.0  0.0  0.0  0.0  0.0  0.0
  0.0  0.0  0.0  0.0  0.0  0.0  0.0  0.0  0.0  0.0  0.0  0.0  0.0  0.0  0.0
  0.0  0.0  0.0  0.0  0.0  0.0  0.0  0.0 12.3  0.0 24.7 12.3 24.7  0.0  0.0
  0.0  0.0  0.0  0.0  0.0 37.0  0.0 24.7 12.3  0.0  0.0  0.0  0.0  0.0  0.0
    -26.53     -3.29     21.00     -6.61      0.11  0.0  0.0  0.0  0.0  0.0
                                t000125_s13_p25_ai-el2ap.txt 18.0  4.6  113
  0.0  0.0  0.0 53.1  0.0  0.0  0.0  0.0  0.0  0.0  0.0  0.0  0.0  0.0  0.0
  0.0  0.0  0.0 17.7  0.0  0.0247.8123.9 61.9  0.0  8.8  8.8  0.0  8.8  0.0
  8.8  0.0 79.6  0.0  8.8  8.8 17.7  0.0  0.0  0.0  0.0  0.0  8.8 35.4  0.0
  0.0  8.8  0.0 17.7  0.0  0.0 26.5 35.4  0.0 17.7 70.8  8.8  0.0 79.6  0.0
  0.0  0.0  0.0  0.0  0.0  0.0  0.0  0.0  0.0  0.0  0.0  0.0  0.0  0.0  0.0
  0.0  0.0  0.0  0.0  0.0  0.0  0.0  0.0  0.0  0.0  0.0  0.0  0.0  0.0  0.0
  0.0  0.0  0.0  0.0  0.0  0.0  0.0  0.0  0.0  0.0  0.0  0.0  0.0  0.0  0.0
  0.0  0.0  0.0  0.0  0.0  0.0  0.0  0.0  0.0  0.0  0.0  0.0  0.0  0.0  0.0
  0.0  0.0  0.0  0.0  0.0  0.0  0.0  0.0  8.8  0.0  8.8  8.8  0.0  0.0  0.0
  0.0  0.0  0.0  0.0  0.0  0.0  0.0 26.5  0.0 17.7  0.0  0.0  0.0  0.0  0.0
    -20.03     -3.63     16.65     -6.61      7.27  0.0  0.0  0.0  0.0  0.0
                                t000125_s13_p26_ai-el2ap.txt 25.8  4.7  180
  5.6  0.0  0.0 66.7  0.0  0.0  0.0  0.0  0.0  5.6  0.0  5.6  0.0  0.0  0.0
  0.0  0.0 16.7 22.2  0.0  0.0244.4111.1 61.1  0.0  0.0  0.0  0.0  0.0  0.0
  0.0  0.0 72.2  0.0  5.6 11.1  0.0 16.7  0.0  5.6  0.0  5.6  5.6 22.2  0.0
 11.1 16.7  0.0  0.0 11.1 33.3 50.0 33.3  0.0  0.0 77.8  0.0  0.0 88.9 16.7
  0.0  0.0  0.0  0.0  0.0  0.0  0.0  0.0  0.0  0.0  0.0  0.0  0.0  0.0  0.0
  0.0  0.0  0.0  0.0  0.0  0.0  0.0  0.0  0.0  5.6  0.0  0.0  0.0  0.0  0.0
  0.0  0.0  0.0  0.0  5.6  0.0  0.0  0.0  0.0  0.0  5.6  0.0  0.0  0.0  0.0
  0.0  5.6  0.0  5.6  0.0  5.6  5.6  5.6  0.0  0.0  0.0  0.0  0.0  0.0  0.0
  0.0  0.0  0.0  0.0  0.0  0.0  0.0  0.0 22.2  5.6 27.8  0.0  0.0  0.0  0.0
  0.0  0.0  0.0  0.0  0.0 16.7  0.0 16.7  0.0  0.0  0.0  5.6 11.1  0.0  0.0
     -8.96     -5.73      3.72      2.11      6.80  0.0  0.0  0.0  0.0  0.0
                                t000125_s13_p27_ai-el2ap.txt 15.0  5.3   83
  0.0  0.0  0.0 72.3  0.0  0.0  0.0  0.0 24.1  0.0  0.0  0.0  0.0  0.0  0.0
  0.0  0.0  0.0 24.1  0.0  0.0277.1132.5 36.1  0.0 12.0 12.0 12.0  0.0  0.0
  0.0  0.0 60.2 12.0  0.0 24.1 12.0  0.0  0.0  0.0  0.0  0.0 12.0 12.0  0.0
 12.0  0.0  0.0 12.0  0.0  0.0 24.1 24.1  0.0  0.0 72.3 36.1  0.0108.4 12.0
  0.0  0.0  0.0  0.0  0.0  0.0  0.0  0.0  0.0  0.0  0.0  0.0  0.0  0.0  0.0
  0.0  0.0  0.0  0.0  0.0  0.0  0.0  0.0  0.0  0.0  0.0  0.0  0.0  0.0  0.0
  0.0  0.0  0.0  0.0  0.0  0.0  0.0  0.0  0.0  0.0  0.0  0.0  0.0  0.0  0.0
  0.0  0.0  0.0  0.0  0.0  0.0  0.0  0.0  0.0  0.0  0.0  0.0  0.0  0.0  0.0
  0.0  0.0  0.0  0.0  0.0  0.0  0.0  0.0 36.1  0.0 72.3 12.0  0.0 12.0  0.0
  0.0  0.0  0.0  0.0  0.0  0.0  0.0 24.1 12.0  0.0  0.0  0.0  0.0  0.0  0.0
    -18.97     -0.64      0.35     -6.61      9.62  0.0  0.0  0.0  0.0  0.0
                                t000125_s13_p28_ai-el2ap.txt 16.0  5.4   97
  0.0  0.0  0.0 20.6  0.0  0.0  0.0  0.0  0.0  0.0  0.0  0.0  0.0  0.0  0.0
  0.0  0.0  0.0 10.3  0.0  0.0319.6154.6 92.8 20.6  0.0  0.0  0.0  0.0 10.3
  0.0  0.0103.1  0.0 20.6 10.3 10.3  0.0  0.0  0.0  0.0  0.0 10.3 20.6 10.3
  0.0  0.0  0.0 10.3  0.0  0.0 10.3 30.9  0.0 10.3 92.8  0.0  0.0 61.9  0.0
  0.0  0.0  0.0  0.0  0.0  0.0  0.0  0.0  0.0  0.0  0.0  0.0  0.0  0.0  0.0
  0.0  0.0  0.0  0.0  0.0  0.0  0.0  0.0  0.0  0.0  0.0  0.0  0.0  0.0  0.0
  0.0  0.0  0.0  0.0  0.0  0.0  0.0  0.0  0.0  0.0  0.0  0.0  0.0  0.0  0.0
  0.0  0.0  0.0  0.0  0.0  0.0  0.0  0.0  0.0  0.0  0.0  0.0  0.0  0.0  0.0
  0.0  0.0  0.0  0.0  0.0  0.0  0.0  0.0 41.2  0.0  0.0 10.3 20.6 10.3  0.0
 30.9  0.0  0.0  0.0  0.0 10.3  0.0 10.3  0.0 10.3  0.0  0.0  0.0  0.0  0.0
    -29.50     -5.05      6.64     -6.61     13.87  0.0  0.0  0.0  0.0  0.0
                                t000125_s13_p29_ai-el2ap.txt 27.0  5.3  157
 12.7  0.0  0.0 25.5  0.0  0.0  0.0  0.0  0.0 19.1  0.0  0.0  0.0  0.0  0.0
  0.0  0.0  0.0  0.0  0.0  0.0312.1146.5 95.5 31.8  6.4  6.4  6.4  0.0  6.4
  6.4  0.0 82.8  0.0  6.4 31.8  6.4  0.0  6.4  0.0  0.0  6.4 12.7  0.0  0.0
  6.4  0.0  6.4 12.7  6.4  0.0  0.0  6.4  0.0 12.7108.3  6.4  0.0 82.8  0.0
  0.0  0.0  0.0  0.0  0.0  0.0  0.0  0.0  0.0  0.0  0.0  0.0  0.0  0.0  0.0
  0.0  0.0  0.0  0.0  0.0  6.4  0.0  0.0  0.0  0.0  0.0  0.0  0.0  0.0  0.0
  0.0  0.0  0.0  0.0  0.0  0.0  0.0  0.0  0.0  0.0  0.0  0.0  0.0  0.0  0.0
  6.4  0.0  0.0  6.4  0.0  0.0  0.0  0.0  0.0  0.0  0.0  0.0  0.0  0.0  0.0
  0.0  0.0  0.0  0.0  0.0  0.0  0.0  0.0  0.0  0.0 25.5 12.7  6.4  0.0  0.0
  0.0  0.0  0.0  0.0  0.0 12.7  0.0 12.7  0.0  0.0  6.4  0.0  0.0  0.0  0.0
    -27.02     -1.99     12.02     -2.00      6.39  0.0  6.4  0.0  0.0  0.0
                                 t000125_s13_p3_ai-el2ap.txt 11.5  5.9   52
  0.0  0.0  0.0 38.5  0.0  0.0  0.0  0.0  0.0  0.0  0.0  0.0  0.0  0.0  0.0
 19.2  0.0  0.0 19.2  0.0  0.0307.7173.1 38.5 19.2  0.0  0.0  0.0  0.0  0.0
  0.0  0.0115.4  0.0 19.2 19.2  0.0  0.0  0.0  0.0  0.0  0.0  0.0  0.0  0.0
  0.0  0.0  0.0 19.2  0.0  0.0 19.2  0.0  0.0  0.0134.6  0.0  0.0 76.9 19.2
  0.0  0.0  0.0  0.0  0.0  0.0  0.0  0.0  0.0  0.0  0.0  0.0  0.0  0.0  0.0
  0.0  0.0  0.0  0.0  0.0  0.0  0.0  0.0  0.0  0.0  0.0  0.0  0.0  0.0  0.0
  0.0  0.0  0.0  0.0  0.0  0.0  0.0  0.0  0.0  0.0  0.0  0.0  0.0  0.0  0.0
  0.0  0.0  0.0  0.0  0.0  0.0  0.0  0.0  0.0  0.0  0.0  0.0  0.0  0.0  0.0
  0.0  0.0  0.0  0.0  0.0  0.0  0.0  0.0 57.7  0.0 19.2  0.0  0.0  0.0  0.0
  0.0  0.0  0.0  0.0  0.0  0.0  0.0  0.0  0.0  0.0  0.0  0.0 19.2  0.0  0.0
    -18.46     -5.10      2.24     -6.61     -3.63  0.0  0.0  0.0  0.0  0.0
                                t000125_s13_p30_ai-el2ap.txt 28.0  5.0  180
  5.6  0.0  0.0  5.6  0.0  0.0  0.0  0.0  0.0 22.2  0.0  0.0  0.0  0.0  0.0
  0.0  0.0  0.0  0.0  0.0  0.0300.0150.0 77.8 61.1  5.6  5.6  5.6  0.0  5.6
  5.6  0.0 66.7  0.0  0.0 16.7  5.6  0.0  0.0  0.0  0.0  0.0  0.0  0.0  0.0
  0.0  5.6  0.0 11.1  0.0  0.0  5.6  0.0  0.0 11.1 77.8  5.6  0.0100.0  5.6
  0.0  0.0  0.0  0.0  0.0  0.0  0.0  0.0  0.0  0.0  0.0  0.0  0.0  0.0  0.0
  0.0  0.0  0.0  0.0  0.0  0.0  0.0  0.0  0.0  0.0  0.0  0.0  0.0  0.0  0.0
  0.0  0.0  0.0  0.0  0.0  0.0  0.0  0.0  0.0  0.0  0.0  0.0  0.0  0.0  0.0
  0.0  0.0  0.0  0.0  0.0  0.0  0.0  0.0  0.0  0.0  0.0  0.0  0.0  0.0  0.0
  0.0  0.0  0.0  0.0  0.0  0.0  0.0  0.0 11.1  0.0 16.7 33.3 11.1  0.0  0.0
  5.6  0.0  0.0  0.0  0.0  0.0  0.0 11.1  0.0  5.6  0.0  5.6 11.1  5.6  0.0
    -25.96     -1.37     12.48     -6.61     -3.63  0.0  0.0  0.0  0.0  0.0
                                t000125_s13_p31_ai-el2ap.txt 24.3  4.8  179
  0.0  0.0  0.0 27.9  0.0  0.0  0.0  0.0  0.0 11.2  0.0  0.0  5.6  0.0  0.0
  0.0  0.0  0.0  0.0  0.0  0.0329.6178.8 61.5 33.5  0.0  0.0 11.2  0.0  5.6
  0.0  5.6 72.6 11.2  0.0 16.8  0.0  0.0  0.0  0.0  0.0  0.0  0.0  5.6  0.0
  5.6  0.0  0.0  5.6  5.6  0.0  5.6 11.2  0.0  5.6 89.4  0.0  0.0 72.6  5.6
  0.0  0.0  0.0  0.0  0.0  0.0  0.0  0.0  0.0  0.0  0.0  0.0  0.0  0.0  0.0
  0.0  0.0  0.0  0.0  0.0  0.0  0.0  0.0  0.0  0.0  0.0  0.0  0.0  0.0  0.0
  0.0  0.0  0.0  0.0  0.0  0.0  0.0  0.0  0.0  0.0  0.0  0.0  0.0  0.0  0.0
  0.0  0.0  0.0  0.0  0.0  0.0  0.0  0.0  0.0  0.0  0.0  0.0  0.0  0.0  0.0
  0.0  0.0  0.0  0.0  0.0  0.0  0.0  0.0  5.6  0.0 11.2  5.6 16.8  5.6 27.9
  0.0  0.0  0.0  0.0  0.0  0.0  0.0  5.6  0.0  5.6  5.6  0.0  5.6  0.0  0.0
    -25.54     -2.56      6.73     -6.61     -0.98  0.0  0.0  0.0  0.0  0.0
                                t000125_s13_p32_ai-el2ap.txt 11.5  5.3   59
 16.9  0.0  0.0 84.7  0.0  0.0  0.0  0.0  0.0 16.9  0.0  0.0  0.0  0.0  0.0
  0.0  0.0  0.0  0.0  0.0  0.0322.0186.4 84.7  0.0  0.0  0.0  0.0  0.0  0.0
  0.0  0.0152.5 16.9  0.0 16.9  0.0  0.0  0.0  0.0  0.0  0.0  0.0  0.0  0.0
 16.9  0.0  0.0 16.9  0.0  0.0  0.0 16.9  0.0  0.0 84.7  0.0  0.0 84.7  0.0
  0.0  0.0  0.0  0.0  0.0  0.0  0.0  0.0  0.0  0.0  0.0  0.0  0.0  0.0  0.0
  0.0  0.0  0.0  0.0  0.0  0.0  0.0  0.0  0.0  0.0  0.0  0.0  0.0  0.0  0.0
  0.0  0.0  0.0  0.0  0.0  0.0  0.0  0.0  0.0  0.0  0.0  0.0  0.0  0.0  0.0
  0.0  0.0  0.0  0.0  0.0  0.0  0.0  0.0  0.0  0.0  0.0  0.0  0.0  0.0  0.0
  0.0  0.0  0.0  0.0  0.0  0.0  0.0  0.0 16.9  0.0 50.8  0.0  0.0  0.0 16.9
 16.9  0.0  0.0  0.0  0.0  0.0  0.0 33.9  0.0  0.0  0.0  0.0  0.0  0.0  0.0
    -26.43     -5.73      5.76     -6.61      1.84  0.0 16.9  0.0  0.0  0.0
                                t000125_s13_p33_ai-el2ap.txt  7.8  6.0   32
  0.0  0.0  0.0 62.5  0.0  0.0  0.0  0.0  0.0  0.0  0.0  0.0  0.0  0.0  0.0
  0.0  0.0  0.0 31.3  0.0  0.0312.5125.0156.3  0.0  0.0  0.0  0.0  0.0  0.0
  0.0  0.0125.0  0.0 31.3 62.5  0.0  0.0  0.0  0.0  0.0  0.0  0.0  0.0  0.0
  0.0  0.0  0.0  0.0  0.0  0.0 31.3  0.0  0.0  0.0218.8  0.0  0.0 93.8  0.0
  0.0  0.0  0.0  0.0  0.0  0.0  0.0  0.0  0.0  0.0  0.0  0.0  0.0  0.0  0.0
  0.0  0.0  0.0  0.0  0.0  0.0  0.0  0.0  0.0  0.0  0.0  0.0  0.0  0.0  0.0
  0.0  0.0  0.0  0.0  0.0  0.0  0.0  0.0  0.0  0.0  0.0  0.0  0.0  0.0  0.0
  0.0  0.0  0.0  0.0  0.0  0.0  0.0  0.0  0.0  0.0  0.0  0.0  0.0  0.0  0.0
  0.0  0.0  0.0  0.0  0.0  0.0  0.0  0.0  0.0 31.3 31.3  0.0 31.3  0.0 31.3
 31.3  0.0  0.0  0.0  0.0 31.3  0.0  0.0  0.0  0.0  0.0 31.3  0.0  0.0  0.0
    -27.48     -5.73     -3.09     -6.61     -3.63  0.0  0.0  0.0  0.0  0.0
                                t000125_s13_p34_ai-el2ap.txt  9.5  5.3   43
 23.3  0.0  0.0 46.5  0.0  0.0  0.0  0.0  0.0  0.0  0.0  0.0  0.0  0.0  0.0
  0.0  0.0  0.0  0.0  0.0  0.0279.1162.8 69.8  0.0  0.0 23.3  0.0  0.0  0.0
 23.3 23.3 69.8 23.3  0.0 23.3  0.0  0.0 23.3  0.0  0.0  0.0  0.0  0.0  0.0
  0.0  0.0  0.0  0.0 23.3  0.0 23.3  0.0  0.0 23.3116.3  0.0  0.0 93.0 46.5
  0.0  0.0  0.0  0.0  0.0  0.0  0.0  0.0  0.0  0.0  0.0  0.0  0.0  0.0  0.0
  0.0  0.0  0.0  0.0  0.0  0.0  0.0  0.0  0.0  0.0  0.0  0.0  0.0  0.0  0.0
  0.0  0.0  0.0  0.0  0.0  0.0  0.0  0.0  0.0  0.0  0.0  0.0  0.0  0.0  0.0
  0.0  0.0  0.0  0.0  0.0  0.0  0.0  0.0  0.0  0.0  0.0  0.0  0.0  0.0  0.0
  0.0  0.0  0.0  0.0  0.0  0.0  0.0  0.0  0.0  0.0 23.3  0.0 46.5  0.0  0.0
  0.0  0.0  0.0  0.0  0.0  0.0  0.0  0.0 23.3  0.0  0.0 23.3  0.0  0.0  0.0
    -26.46     -1.26     27.61      0.90     -3.63  0.0  0.0  0.0  0.0  0.0
                                t000125_s13_p35_ai-el2ap.txt 18.8  5.3  110
 18.2  0.0  0.0 81.8  0.0 18.2  0.0  0.0  0.0  9.1  0.0  0.0  0.0  0.0  0.0
  0.0  0.0  0.0 18.2  0.0  0.0354.5136.4 81.8 18.2  0.0  9.1  9.1  0.0  9.1
  0.0  0.0 90.9  0.0  0.0 18.2 18.2  0.0  0.0  0.0  0.0  0.0 18.2  9.1  0.0
  0.0  0.0 18.2  0.0 18.2  0.0 18.2  9.1  0.0  9.1118.2  0.0  0.0109.1  0.0
  9.1  0.0  0.0  0.0  0.0  0.0  0.0  0.0  0.0  0.0  0.0  0.0  0.0  0.0  0.0
  0.0  0.0  0.0  9.1  0.0  9.1  0.0  9.1  0.0  0.0  0.0  0.0  0.0  0.0  0.0
  0.0  0.0  0.0  0.0  0.0  0.0  0.0  0.0 18.2  0.0  0.0  0.0  0.0  0.0  0.0
 18.2  9.1  0.0 27.3  0.0 18.2 18.2  0.0  0.0  0.0  0.0  0.0  0.0  0.0  0.0
  0.0  0.0  0.0  0.0  0.0  0.0  0.0  0.0  9.1  0.0 18.2  0.0  9.1  0.0  9.1
 18.2  0.0  0.0  0.0  0.0  0.0  0.0  0.0 18.2 18.2  0.0  0.0 18.2  0.0  0.0
    -17.30     -1.70     10.80     -6.61      9.11 18.2  0.0  0.0  0.0  9.1
                                t000125_s13_p36_ai-el2ap.txt 19.0  5.0  120
  8.3  0.0  0.0 41.7  0.0  0.0  0.0  0.0  0.0 16.7  0.0  0.0  8.3  0.0  0.0
  0.0  0.0  0.0  0.0  0.0  0.0308.3141.7 58.3 16.7  0.0  8.3  0.0  0.0 16.7
  0.0  0.0 66.7  0.0  0.0 16.7  0.0  0.0  0.0  0.0  0.0  0.0  0.0  8.3  0.0
  0.0  0.0  0.0 16.7  0.0  0.0  0.0  8.3  0.0 16.7 91.7  0.0  0.0 83.3 16.7
  0.0  0.0  0.0  0.0  0.0  0.0  0.0  0.0  0.0  0.0  0.0  0.0  0.0  0.0  0.0
  0.0  0.0  0.0  0.0  0.0  0.0  0.0  0.0  0.0  0.0  0.0  0.0  0.0  0.0  0.0
  0.0  0.0  0.0  0.0  0.0  0.0  0.0  0.0  0.0  0.0  0.0  0.0  0.0  0.0  0.0
  0.0  0.0  0.0  0.0  0.0  0.0  0.0  0.0  0.0  0.0  0.0  0.0  0.0  0.0  0.0
  0.0  0.0  0.0  0.0  0.0  0.0  0.0  0.0  0.0  0.0  0.0 33.3  0.0  0.0 25.0
  0.0  0.0  0.0  0.0  0.0  0.0  0.0 16.7  0.0  8.3  0.0  8.3  8.3  0.0  0.0
    -20.60     -3.58     12.99     -6.61     -2.36  0.0  0.0  0.0  0.0  0.0
                                t000125_s13_p37_ai-el2ap.txt  8.3  4.9   46
  0.0  0.0  0.0 43.5  0.0 21.7  0.0  0.0  0.0  0.0  0.0  0.0  0.0  0.0  0.0
  0.0  0.0  0.0 21.7  0.0  0.0391.3195.7 65.2  0.0  0.0  0.0  0.0  0.0  0.0
  0.0  0.0108.7  0.0  0.0  0.0  0.0  0.0  0.0  0.0  0.0  0.0  0.0  0.0  0.0
  0.0  0.0  0.0  0.0  0.0  0.0 21.7  0.0  0.0  0.0 87.0  0.0  0.0 43.5  0.0
  0.0  0.0  0.0  0.0  0.0  0.0  0.0  0.0  0.0  0.0  0.0  0.0  0.0  0.0  0.0
  0.0  0.0  0.0  0.0  0.0  0.0  0.0  0.0  0.0  0.0  0.0  0.0  0.0  0.0  0.0
  0.0  0.0  0.0  0.0  0.0  0.0  0.0  0.0  0.0  0.0  0.0  0.0  0.0  0.0  0.0
  0.0  0.0  0.0  0.0  0.0  0.0  0.0  0.0  0.0  0.0  0.0  0.0  0.0  0.0  0.0
  0.0  0.0  0.0  0.0  0.0  0.0  0.0  0.0  0.0  0.0  0.0  0.0  0.0  0.0  0.0
  0.0  0.0  0.0  0.0  0.0  0.0  0.0  0.0  0.0  0.0  0.0  0.0 21.7  0.0  0.0
    -21.05     -5.73      8.52     -6.61     -3.63 21.7  0.0  0.0  0.0  0.0
                                t000125_s13_p38_ai-el2ap.txt  9.8  5.3   50
  0.0  0.0  0.0 60.0  0.0  0.0  0.0  0.0  0.0  0.0  0.0  0.0  0.0  0.0  0.0
  0.0  0.0  0.0  0.0  0.0  0.0380.0160.0 80.0  0.0  0.0  0.0  0.0  0.0  0.0
  0.0  0.0160.0 20.0  0.0  0.0 20.0  0.0  0.0  0.0  0.0  0.0  0.0  0.0  0.0
  0.0 20.0  0.0  0.0  0.0  0.0 20.0  0.0  0.0  0.0 80.0  0.0  0.0 80.0  0.0
  0.0  0.0  0.0  0.0  0.0  0.0  0.0  0.0  0.0  0.0  0.0  0.0  0.0  0.0  0.0
  0.0  0.0  0.0  0.0  0.0  0.0  0.0  0.0  0.0  0.0  0.0  0.0  0.0  0.0  0.0
  0.0  0.0  0.0  0.0  0.0  0.0  0.0  0.0  0.0  0.0  0.0  0.0  0.0  0.0  0.0
  0.0  0.0  0.0  0.0  0.0  0.0  0.0  0.0  0.0  0.0  0.0  0.0  0.0  0.0  0.0
  0.0  0.0  0.0  0.0  0.0  0.0  0.0  0.0  0.0  0.0 20.0  0.0  0.0  0.0  0.0
  0.0  0.0 20.0  0.0  0.0  0.0  0.0  0.0  0.0  0.0  0.0  0.0  0.0 20.0  0.0
    -31.55     -5.73      6.37     -6.61     -3.63  0.0  0.0  0.0  0.0  0.0
                                 t000125_s13_p4_ai-el2ap.txt 10.0  7.1   49
  0.0  0.0  0.0 40.8  0.0  0.0  0.0  0.0  0.0  0.0  0.0  0.0  0.0  0.0  0.0
  0.0  0.0  0.0 20.4  0.0  0.0408.2122.4102.0 20.4  0.0  0.0  0.0  0.0  0.0
  0.0  0.0 81.6  0.0  0.0 20.4 20.4  0.0 20.4  0.0  0.0  0.0  0.0 20.4  0.0
 20.4  0.0  0.0 20.4  0.0  0.0 20.4 40.8  0.0  0.0142.9  0.0  0.0102.0  0.0
  0.0  0.0  0.0  0.0  0.0  0.0  0.0  0.0  0.0  0.0  0.0  0.0  0.0  0.0  0.0
  0.0  0.0  0.0  0.0  0.0  0.0  0.0  0.0  0.0  0.0  0.0  0.0  0.0  0.0  0.0
  0.0  0.0  0.0  0.0  0.0  0.0  0.0  0.0  0.0  0.0  0.0  0.0  0.0  0.0  0.0
  0.0  0.0  0.0  0.0  0.0  0.0  0.0  0.0  0.0  0.0  0.0  0.0  0.0  0.0  0.0
  0.0  0.0  0.0  0.0  0.0  0.0  0.0  0.0  0.0  0.0 81.6  0.0 40.8  0.0  0.0
  0.0  0.0  0.0  0.0  0.0  0.0 20.4 20.4  0.0  0.0  0.0  0.0 20.4  0.0  0.0
    -32.65     -5.06      5.48     -0.02      6.05  0.0  0.0  0.0  0.0  0.0
                                 t000125_s13_p5_ai-el2ap.txt 12.0  5.5   67
 14.9  0.0  0.0134.3  0.0  0.0 14.9  0.0  0.0 14.9  0.0  0.0  0.0  0.0  0.0
  0.0  0.0 29.9  0.0  0.0  0.0238.8 89.6 74.6 14.9  0.0  0.0  0.0  0.0  0.0
  0.0  0.0 89.6  0.0  0.0 29.9 14.9  0.0 14.9  0.0  0.0  0.0 14.9 14.9  0.0
 14.9  0.0  0.0  0.0  0.0 29.9  0.0 29.9  0.0  0.0104.5  0.0  0.0164.2  0.0
  0.0  0.0  0.0  0.0  0.0  0.0  0.0  0.0  0.0  0.0  0.0  0.0  0.0  0.0  0.0
  0.0  0.0  0.0  0.0  0.0  0.0  0.0  0.0  0.0  0.0  0.0  0.0  0.0  0.0  0.0
  0.0  0.0  0.0  0.0  0.0  0.0  0.0  0.0  0.0  0.0  0.0  0.0 14.9  0.0  0.0
  0.0  0.0  0.0  0.0  0.0  0.0  0.0 14.9  0.0  0.0  0.0  0.0  0.0  0.0  0.0
  0.0  0.0  0.0  0.0  0.0  0.0  0.0  0.0  0.0  0.0 29.9  0.0 44.8  0.0  0.0
  0.0  0.0  0.0  0.0  0.0  0.0  0.0 29.9 14.9  0.0  0.0  0.0 14.9  0.0  0.0
     -7.53     -5.24      5.50     -1.79     12.78  0.0  0.0  0.0  0.0  0.0
                                 t000125_s13_p6_ai-el2ap.txt 34.5  6.2  281
  3.6  0.0  0.0 39.1  0.0  0.0  0.0  0.0  0.0  3.6  0.0  0.0  0.0  0.0  0.0
  0.0  0.0  0.0 24.9  0.0  3.6419.9 74.7117.4 10.7  0.0  0.0  0.0  0.0  0.0
  0.0  3.6145.9  0.0  0.0  7.1  0.0  0.0  7.1  0.0  3.6  0.0  3.6 10.7  7.1
 10.7  0.0  3.6  0.0  3.6  3.6 28.5 28.5  0.0  0.0142.3  0.0  0.0 78.3  7.1
  0.0  0.0  0.0  0.0  0.0  0.0  0.0  0.0  0.0  0.0  0.0  0.0  0.0  0.0  0.0
  0.0  0.0  0.0  0.0  0.0  3.6  0.0  0.0  0.0  0.0  0.0  0.0  0.0  0.0  0.0
  0.0  0.0  0.0  0.0  0.0  0.0  0.0  0.0  0.0  0.0  0.0  0.0  0.0  0.0  0.0
  3.6  0.0  0.0  3.6  0.0  0.0  0.0  0.0  0.0  0.0  0.0  0.0  0.0  0.0  0.0
  0.0  0.0  0.0  0.0  0.0  0.0  0.0  7.1 17.8  0.0 21.4  0.0  7.1 17.8 10.7
  0.0  0.0  0.0  0.0  0.0  3.6  0.0 17.8  0.0  0.0  0.0  0.0 21.4  0.0  0.0
    -26.61     -5.38     12.02     -2.61      9.13  0.0  0.0  3.6  0.0  0.0
                                 t000125_s13_p7_ai-el2ap.txt 16.5  5.1  101
  0.0  0.0  0.0 59.4  0.0  0.0  0.0  0.0  0.0  0.0  0.0  0.0  0.0  0.0  0.0
  0.0  0.0  0.0  0.0  0.0  0.0237.6178.2 49.5 29.7  0.0  0.0  0.0  0.0 19.8
  0.0  0.0 69.3  9.9  0.0  0.0 19.8  9.9  9.9  0.0  0.0  0.0  0.0  9.9  0.0
 19.8  0.0  0.0  0.0  0.0  9.9  0.0 29.7  0.0 19.8 69.3  0.0  0.0108.9  0.0
  0.0  0.0  0.0  0.0  0.0  0.0  0.0  0.0  0.0  0.0  0.0  0.0  0.0  0.0  0.0
  0.0  0.0  0.0  0.0  0.0  0.0  0.0  0.0  0.0  0.0  0.0  0.0  0.0  0.0  0.0
  0.0  0.0  0.0  0.0  0.0  0.0  0.0  0.0  0.0  0.0  0.0  0.0  0.0  0.0  0.0
  0.0  0.0  0.0  0.0  0.0  0.0  0.0  0.0  0.0  0.0  0.0  0.0  0.0  0.0  0.0
  0.0  0.0  0.0  0.0  0.0  0.0  0.0  0.0 39.6 29.7 19.8  0.0  0.0  9.9  0.0
  0.0  0.0  0.0  0.0  0.0  9.9  0.0 49.5  0.0  9.9  0.0  0.0 19.8  0.0  0.0
    -25.96     -4.75     12.86     -1.05      4.26  0.0  0.0  0.0  0.0  0.0
                                 t000125_s13_p8_ai-el2ap.txt 15.5  5.3  130
  7.7  0.0  0.0 30.8  0.0 15.4  0.0  0.0  0.0  0.0  0.0  0.0  0.0  0.0  0.0
  0.0  0.0  0.0  7.7  0.0  0.0476.9169.2115.4  7.7  0.0  0.0  0.0  0.0  0.0
  0.0  0.0169.2  0.0  0.0  0.0  0.0  0.0  0.0  0.0  0.0  0.0  0.0  0.0  0.0
  0.0  0.0  0.0  0.0  0.0  0.0  7.7  0.0  0.0  0.0123.1  0.0  0.0 30.8  0.0
  0.0  0.0  0.0  0.0  0.0  0.0  0.0  0.0  0.0  0.0  0.0  0.0  0.0  0.0  0.0
  0.0  0.0  0.0  0.0  0.0  0.0  0.0  0.0  0.0  0.0  0.0  0.0  0.0  0.0  0.0
  0.0  0.0  0.0  0.0  0.0  0.0  0.0  0.0  0.0  0.0  0.0  0.0  0.0  0.0  0.0
  0.0  0.0  0.0  0.0  0.0  0.0  0.0  0.0  0.0  0.0  0.0  0.0  0.0  0.0  0.0
  0.0  0.0  0.0  0.0  0.0  0.0  0.0  0.0  0.0  0.0  0.0  0.0  0.0  0.0  0.0
  0.0  0.0  0.0  0.0  0.0  0.0  0.0  7.7  0.0  0.0  0.0  0.0  7.7  0.0  0.0
    -30.44     -5.47     12.73     -6.61     -3.63  7.7  0.0  0.0  0.0  0.0
                                 t000125_s13_p9_ai-el2ap.txt 10.3  5.4   51
 19.6  0.0  0.0 78.4  0.0  0.0  0.0  0.0  0.0  0.0  0.0  0.0  0.0  0.0  0.0
  0.0  0.0  0.0  0.0  0.0  0.0294.1156.9 58.8 19.6 19.6  0.0  0.0  0.0 19.6
  0.0  0.0 78.4  0.0  0.0 19.6 19.6  0.0  0.0  0.0 19.6  0.0  0.0  0.0 19.6
  0.0  0.0  0.0  0.0 19.6 19.6  0.0 19.6  0.0 19.6 78.4 19.6  0.0176.5 19.6
  0.0  0.0  0.0  0.0  0.0  0.0  0.0  0.0  0.0  0.0  0.0  0.0  0.0  0.0  0.0
  0.0  0.0  0.0  0.0  0.0  0.0  0.0  0.0  0.0  0.0  0.0  0.0  0.0  0.0  0.0
  0.0  0.0 19.6  0.0  0.0  0.0  0.0  0.0  0.0  0.0  0.0  0.0  0.0  0.0  0.0
  0.0  0.0  0.0  0.0 19.6  0.0 19.6  0.0  0.0  0.0  0.0  0.0  0.0  0.0  0.0
  0.0  0.0  0.0  0.0  0.0  0.0  0.0  0.0  0.0  0.0 39.2  0.0 58.8  0.0  0.0
  0.0  0.0  0.0  0.0  0.0  0.0  0.0  0.0 19.6  0.0  0.0  0.0 58.8  0.0  0.0
    -25.64     -4.21     15.11      2.73     11.46 19.6  0.0  0.0  0.0  0.0
                                  t000125_s2_p1_ai-el2ap.txt  4.3  5.7   17
  0.0  0.0  0.0 58.8  0.0  0.0  0.0  0.0  0.0  0.0  0.0  0.0  0.0  0.0  0.0
  0.0  0.0  0.0  0.0  0.0  0.0294.1176.5  0.0117.6  0.0  0.0  0.0  0.0 58.8
  0.0  0.0  0.0  0.0  0.0  0.0  0.0  0.0  0.0  0.0  0.0  0.0  0.0 58.8  0.0
  0.0  0.0  0.0  0.0  0.0  0.0  0.0 58.8  0.0 58.8  0.0  0.0  0.0176.5  0.0
  0.0  0.0  0.0  0.0  0.0  0.0  0.0  0.0  0.0  0.0  0.0  0.0  0.0  0.0  0.0
  0.0  0.0  0.0  0.0  0.0  0.0  0.0  0.0  0.0  0.0  0.0  0.0  0.0  0.0  0.0
  0.0  0.0  0.0  0.0  0.0  0.0  0.0  0.0  0.0  0.0  0.0  0.0  0.0  0.0  0.0
  0.0  0.0  0.0  0.0  0.0  0.0  0.0  0.0  0.0  0.0  0.0  0.0  0.0  0.0  0.0
  0.0  0.0  0.0  0.0  0.0  0.0  0.0 58.8 58.8  0.0  0.0  0.0 58.8  0.0  0.0
  0.0  0.0  0.0  0.0  0.0  0.0  0.0 58.8 58.8  0.0  0.0  0.0  0.0  0.0  0.0
    -26.48     -1.86     30.39     -6.61      5.29  0.0  0.0 58.8  0.0  0.0
                                  t000125_s4_p1_ai-el2ap.txt 10.0  5.2   53
  0.0  0.0 18.9 75.5  0.0  0.0  0.0  0.0  0.0 18.9  0.0  0.0  0.0  0.0  0.0
  0.0  0.0  0.0  0.0  0.0  0.0283.0169.8113.2 18.9  0.0 18.9  0.0  0.0  0.0
  0.0  0.0 94.3  0.0  0.0  0.0 18.9  0.0  0.0  0.0  0.0  0.0  0.0  0.0 18.9
  0.0  0.0  0.0  0.0  0.0  0.0  0.0 18.9  0.0  0.0113.2  0.0  0.0113.2  0.0
 18.9  0.0  0.0  0.0  0.0  0.0  0.0  0.0  0.0  0.0  0.0  0.0  0.0  0.0  0.0
  0.0  0.0  0.0  0.0  0.0  0.0  0.0  0.0  0.0  0.0  0.0  0.0  0.0  0.0  0.0
  0.0  0.0  0.0  0.0  0.0  0.0  0.0  0.0  0.0  0.0  0.0  0.0  0.0  0.0  0.0
  0.0  0.0  0.0  0.0  0.0  0.0  0.0  0.0  0.0  0.0  0.0  0.0  0.0  0.0  0.0
  0.0  0.0  0.0  0.0  0.0  0.0  0.0  0.0 56.6 37.7 37.7  0.0  0.0  0.0 18.9
  0.0  0.0 18.9  0.0  0.0  0.0  0.0  0.0  0.0  0.0  0.0  0.0 18.9  0.0  0.0
    -26.52     -1.48      7.53     -6.61     10.89  0.0  0.0  0.0  0.0  0.0
                                  t000125_s4_p2_ai-el2ap.txt 10.5  5.8   47
  0.0  0.0  0.0 63.8  0.0  0.0  0.0  0.0  0.0  0.0  0.0  0.0  0.0  0.0  0.0
  0.0  0.0  0.0  0.0  0.0  0.0297.9127.7 85.1 42.6  0.0  0.0  0.0  0.0  0.0
  0.0  0.0127.7  0.0 21.3 42.6  0.0  0.0  0.0  0.0  0.0  0.0 21.3 21.3  0.0
 21.3  0.0  0.0 42.6  0.0  0.0  0.0 42.6  0.0  0.0106.4  0.0  0.0127.7  0.0
  0.0  0.0  0.0  0.0  0.0  0.0  0.0  0.0  0.0  0.0  0.0  0.0  0.0  0.0  0.0
  0.0  0.0  0.0  0.0  0.0  0.0  0.0  0.0  0.0  0.0  0.0  0.0  0.0  0.0  0.0
  0.0  0.0  0.0  0.0  0.0  0.0  0.0  0.0  0.0  0.0  0.0  0.0  0.0  0.0  0.0
  0.0  0.0  0.0  0.0  0.0  0.0  0.0  0.0  0.0  0.0  0.0  0.0  0.0  0.0  0.0
  0.0  0.0  0.0  0.0  0.0  0.0  0.0  0.0  0.0  0.0 21.3  0.0  0.0  0.0  0.0
  0.0  0.0  0.0  0.0  0.0  0.0  0.0  0.0 21.3 21.3  0.0  0.0 42.6  0.0  0.0
    -29.30     -4.33      1.16     -6.61     19.76  0.0  0.0  0.0  0.0  0.0
                                  t000125_s4_p3_ai-el2ap.txt 15.0  5.2   80
  0.0  0.0  0.0125.0  0.0  0.0  0.0  0.0  0.0 25.0  0.0  0.0  0.0  0.0  0.0
  0.0  0.0  0.0  0.0  0.0  0.0262.5150.0 87.5  0.0 12.5  0.0 12.5  0.0  0.0
 12.5  0.0 50.0  0.0  0.0 37.5  0.0  0.0 25.0  0.0  0.0  0.0 25.0 12.5  0.0
 25.0  0.0 25.0  0.0  0.0  0.0  0.0 37.5  0.0 12.5 87.5 12.5  0.0125.0  0.0
  0.0  0.0  0.0  0.0  0.0  0.0  0.0  0.0  0.0  0.0  0.0  0.0  0.0  0.0  0.0
  0.0  0.0  0.0  0.0  0.0  0.0 12.5  0.0  0.0  0.0  0.0  0.0  0.0  0.0  0.0
  0.0  0.0  0.0  0.0  0.0  0.0  0.0  0.0  0.0  0.0  0.0  0.0  0.0  0.0  0.0
 12.5  0.0  0.0 12.5  0.0  0.0  0.0  0.0  0.0  0.0  0.0  0.0  0.0  0.0  0.0
  0.0  0.0  0.0  0.0  0.0  0.0  0.0  0.0 12.5  0.0 25.0  0.0 25.0  0.0  0.0
  0.0 12.5  0.0  0.0 12.5 12.5  0.0 12.5  0.0  0.0 12.5  0.0 37.5  0.0  0.0
    -22.46     -2.86     13.68      1.46     21.96  0.0  0.0  0.0  0.0  0.0
                                  t000125_s4_p4_ai-el2ap.txt 12.5  4.6   63
  0.0  0.0  0.0 31.7  0.0  0.0 15.9  0.0  0.0  0.0  0.0  0.0  0.0  0.0  0.0
  0.0  0.0  0.0 15.9  0.0  0.0206.3190.5 47.6 31.7  0.0  0.0 15.9  0.0  0.0
  0.0  0.0111.1  0.0 31.7 15.9  0.0  0.0  0.0  0.0  0.0  0.0  0.0  0.0  0.0
  0.0  0.0  0.0  0.0  0.0  0.0 15.9  0.0  0.0  0.0 63.5  0.0  0.0 63.5  0.0
  0.0  0.0  0.0  0.0  0.0  0.0  0.0  0.0  0.0  0.0  0.0  0.0  0.0  0.0  0.0
  0.0  0.0  0.0  0.0  0.0  0.0  0.0  0.0  0.0  0.0  0.0  0.0  0.0  0.0  0.0
  0.0  0.0  0.0  0.0  0.0  0.0  0.0  0.0  0.0  0.0  0.0  0.0  0.0  0.0  0.0
  0.0  0.0  0.0  0.0  0.0  0.0  0.0  0.0  0.0  0.0  0.0  0.0  0.0  0.0  0.0
  0.0  0.0  0.0  0.0  0.0  0.0  0.0  0.0  0.0  0.0  0.0  0.0 15.9  0.0  0.0
  0.0  0.0  0.0  0.0  0.0  0.0  0.0  0.0  0.0  0.0  0.0 15.9 31.7  0.0  0.0
    -18.60     -1.74     -1.55     -6.61     -3.63  0.0  0.0  0.0  0.0  0.0
                                  t000125_s4_p5_ai-el2ap.txt 17.3  5.6   92
  0.0  0.0  0.0 10.9  0.0  0.0  0.0  0.0  0.0 10.9  0.0  0.0  0.0  0.0  0.0
  0.0  0.0  0.0  0.0  0.0  0.0293.5173.9108.7 65.2  0.0  0.0 21.7  0.0  0.0
  0.0  0.0108.7  0.0 10.9 10.9  0.0  0.0  0.0  0.0  0.0  0.0  0.0  0.0  0.0
  0.0  0.0 21.7  0.0  0.0  0.0  0.0  0.0  0.0  0.0130.4  0.0  0.0108.7 43.5
  0.0  0.0  0.0  0.0  0.0  0.0  0.0  0.0  0.0  0.0  0.0  0.0  0.0  0.0  0.0
  0.0  0.0  0.0 10.9  0.0  0.0  0.0  0.0  0.0  0.0  0.0  0.0  0.0  0.0  0.0
  0.0  0.0  0.0  0.0  0.0  0.0  0.0  0.0  0.0  0.0  0.0  0.0  0.0  0.0  0.0
 10.9  0.0  0.0 10.9  0.0  0.0  0.0  0.0  0.0  0.0  0.0  0.0  0.0  0.0  0.0
  0.0  0.0  0.0  0.0  0.0  0.0  0.0  0.0 21.7 10.9 32.6  0.0 10.9 10.9 10.9
  0.0  0.0 10.9  0.0  0.0 21.7  0.0  0.0 10.9  0.0  0.0 10.9  0.0 10.9  0.0
    -31.69      0.44      4.71     -6.61     -3.63  0.0  0.0  0.0  0.0  0.0
                                  t000125_s4_p6_ai-el2ap.txt  4.3  7.1   17
  0.0  0.0  0.0117.6  0.0  0.0  0.0  0.0  0.0  0.0  0.0  0.0  0.0  0.0  0.0
  0.0  0.0  0.0  0.0  0.0  0.0294.1  0.0176.5  0.0  0.0  0.0  0.0  0.0  0.0
  0.0  0.0117.6  0.0  0.0117.6  0.0  0.0  0.0  0.0  0.0  0.0 58.8  0.0  0.0
  0.0  0.0  0.0  0.0 58.8  0.0  0.0  0.0  0.0  0.0294.1  0.0  0.0117.6  0.0
  0.0  0.0  0.0  0.0  0.0  0.0  0.0  0.0  0.0  0.0  0.0  0.0  0.0  0.0  0.0
  0.0  0.0  0.0  0.0  0.0  0.0  0.0  0.0  0.0  0.0  0.0  0.0  0.0  0.0  0.0
  0.0  0.0  0.0  0.0  0.0  0.0  0.0  0.0  0.0  0.0  0.0  0.0  0.0  0.0  0.0
  0.0  0.0  0.0  0.0  0.0  0.0  0.0  0.0  0.0  0.0  0.0  0.0  0.0  0.0  0.0
  0.0  0.0  0.0  0.0  0.0  0.0  0.0  0.0117.6  0.0  0.0  0.0  0.0  0.0  0.0
  0.0  0.0  0.0  0.0  0.0  0.0  0.0  0.0  0.0  0.0  0.0  0.0 58.8  0.0  0.0
    -30.59     -5.73      2.46     -6.61     33.14  0.0  0.0  0.0  0.0  0.0
                                  t000125_s7_p1_ai-el2ap.txt 16.0  5.3   76
  0.0  0.0  0.0 52.6  0.0  0.0  0.0 13.2  0.0  0.0  0.0  0.0  0.0  0.0  0.0
  0.0  0.0  0.0 13.2  0.0  0.0328.9 52.6 52.6  0.0 26.3 26.3  0.0  0.0  0.0
  0.0  0.0 39.5  0.0  0.0 52.6 13.2  0.0  0.0  0.0  0.0  0.0  0.0  0.0  0.0
  0.0  0.0  0.0  0.0  0.0  0.0 13.2  0.0  0.0  0.0 92.1 26.3  0.0 78.9  0.0
  0.0  0.0  0.0  0.0  0.0  0.0  0.0  0.0  0.0  0.0  0.0  0.0  0.0  0.0  0.0
  0.0  0.0  0.0  0.0  0.0  0.0  0.0  0.0  0.0  0.0  0.0  0.0  0.0  0.0  0.0
  0.0  0.0 13.2  0.0  0.0  0.0  0.0  0.0  0.0  0.0  0.0  0.0  0.0  0.0  0.0
  0.0  0.0  0.0  0.0 13.2  0.0 13.2  0.0  0.0  0.0  0.0  0.0  0.0  0.0  0.0
  0.0  0.0  0.0  0.0  0.0  0.0  0.0  0.0 13.2 13.2 13.2  0.0  0.0 13.2  0.0
  0.0  0.0  0.0  0.0  0.0  0.0 13.2  0.0  0.0  0.0  0.0 13.2 13.2  0.0  0.0
    -18.75      0.50      0.72     -6.61     -3.63  0.0  0.0  0.0  0.0  0.0
                                  t000125_s7_p2_ai-el2ap.txt 22.8  4.9  119
  0.0  0.0  0.0 25.2  0.0  0.0  0.0  0.0  0.0  8.4  0.0  0.0  0.0  0.0  0.0
  0.0  0.0  0.0 33.6  0.0  0.0420.2 67.2 50.4  0.0  0.0 16.8  0.0  0.0  0.0
  0.0  0.0 58.8  0.0  0.0  8.4  0.0  0.0  0.0  0.0  0.0  0.0  0.0  0.0  0.0
  0.0  0.0  0.0  0.0  0.0  0.0 33.6  0.0  0.0  0.0 58.8  0.0  0.0 33.6  8.4
  0.0  0.0  0.0  0.0  0.0  0.0  0.0  0.0  0.0  0.0  0.0  0.0  0.0  0.0  0.0
  0.0  0.0  0.0  0.0  0.0  0.0  0.0  0.0  0.0  0.0  0.0  0.0  0.0  0.0  0.0
  0.0  0.0  0.0  0.0  0.0  0.0  0.0  0.0  0.0  0.0  0.0  0.0  0.0  0.0  0.0
  0.0  0.0  0.0  0.0  0.0  0.0  0.0  0.0  0.0  0.0  0.0  0.0  0.0  0.0  0.0
  0.0  0.0  0.0  0.0  0.0  0.0  0.0  0.0 16.8  0.0 16.8  8.4  0.0  0.0  8.4
  8.4  0.0  0.0  0.0  0.0  8.4  0.0  0.0  0.0  0.0  0.0 16.8  8.4  0.0  0.0
    -19.30     -2.50      4.58     -6.61     -3.63  0.0  0.0  0.0  0.0  0.0
                                  t000125_s7_p3_ai-el2ap.txt 13.0  5.4   66
 15.2  0.0  0.0  0.0  0.0  0.0  0.0  0.0  0.0  0.0  0.0  0.0  0.0  0.0  0.0
  0.0 15.2  0.0  0.0  0.0  0.0257.6106.1106.1 45.5  0.0  0.0  0.0  0.0  0.0
  0.0  0.0106.1  0.0 15.2 30.3 30.3  0.0  0.0  0.0  0.0  0.0  0.0 30.3  0.0
  0.0  0.0  0.0  0.0  0.0  0.0  0.0 30.3 15.2  0.0151.5  0.0  0.0106.1  0.0
  0.0  0.0  0.0  0.0  0.0  0.0  0.0  0.0  0.0  0.0  0.0  0.0  0.0  0.0  0.0
  0.0  0.0  0.0  0.0  0.0  0.0  0.0  0.0  0.0  0.0  0.0  0.0  0.0  0.0  0.0
  0.0  0.0  0.0  0.0  0.0  0.0  0.0  0.0  0.0  0.0  0.0  0.0  0.0  0.0  0.0
  0.0  0.0  0.0  0.0  0.0  0.0  0.0  0.0  0.0  0.0  0.0  0.0  0.0  0.0  0.0
  0.0  0.0  0.0  0.0  0.0  0.0  0.0  0.0 15.2  0.0  0.0  0.0  0.0  0.0  0.0
 30.3  0.0  0.0  0.0  0.0  0.0  0.0  0.0  0.0 15.2 15.2  0.0  0.0  0.0  0.0
     -2.66     -4.23      2.16     -6.61      0.96 15.2 15.2 15.2  0.0  0.0
                                  t000125_s7_p4_ai-el2ap.txt 15.0  5.5   78
  0.0  0.0  0.0  0.0  0.0  0.0  0.0  0.0  0.0  0.0  0.0  0.0  0.0  0.0  0.0
  0.0  0.0  0.0 12.8  0.0  0.0371.8 51.3 64.1 64.1 12.8  0.0  0.0  0.0  0.0
  0.0 12.8 89.7 12.8  0.0 12.8  0.0  0.0  0.0  0.0  0.0 12.8  0.0 38.5  0.0
  0.0  0.0  0.0  0.0  0.0  0.0 25.6 38.5  0.0  0.0 76.9 12.8  0.0 89.7  0.0
  0.0  0.0  0.0  0.0  0.0  0.0  0.0  0.0  0.0  0.0  0.0  0.0  0.0  0.0  0.0
  0.0  0.0  0.0  0.0  0.0  0.0  0.0  0.0  0.0  0.0  0.0  0.0  0.0  0.0  0.0
  0.0  0.0  0.0  0.0  0.0  0.0  0.0  0.0  0.0  0.0  0.0  0.0  0.0  0.0  0.0
  0.0  0.0  0.0  0.0  0.0  0.0  0.0  0.0  0.0  0.0  0.0  0.0  0.0  0.0  0.0
  0.0  0.0  0.0  0.0  0.0  0.0  0.0  0.0  0.0  0.0  0.0  0.0  0.0  0.0  0.0
 25.6  0.0  0.0  0.0  0.0  0.0 25.6 12.8  0.0  0.0  0.0 12.8  0.0  0.0  0.0
    -25.70     -3.05      7.56     -1.48      2.20  0.0  0.0  0.0  0.0  0.0
                                  t000125_s7_p5_ai-el2ap.txt 19.5  5.8   95
  0.0  0.0  0.0 21.1  0.0  0.0  0.0 10.5  0.0  0.0  0.0  0.0  0.0  0.0  0.0
  0.0  0.0  0.0 10.5  0.0  0.0347.4115.8 94.7 21.1 10.5  0.0  0.0  0.0  0.0
  0.0 10.5105.3  0.0 10.5 10.5  0.0  0.0 10.5  0.0  0.0  0.0  0.0 10.5  0.0
 10.5  0.0  0.0  0.0  0.0  0.0 21.1 21.1  0.0  0.0115.8 10.5  0.0 94.7 42.1
  0.0  0.0  0.0  0.0  0.0  0.0  0.0  0.0  0.0  0.0  0.0  0.0  0.0  0.0  0.0
  0.0  0.0  0.0  0.0  0.0  0.0  0.0  0.0  0.0  0.0  0.0  0.0  0.0  0.0  0.0
  0.0  0.0  0.0  0.0  0.0  0.0  0.0  0.0  0.0  0.0  0.0  0.0  0.0  0.0  0.0
  0.0  0.0  0.0  0.0  0.0  0.0  0.0  0.0  0.0  0.0  0.0  0.0  0.0  0.0  0.0
  0.0  0.0  0.0  0.0  0.0  0.0  0.0  0.0 31.6  0.0 52.6  0.0  0.0  0.0  0.0
  0.0  0.0 10.5  0.0  0.0 21.1  0.0 10.5  0.0  0.0 21.1 10.5  0.0  0.0  0.0
    -27.21     -4.57      8.49     -3.21      1.36  0.0  0.0  0.0  0.0  0.0
                                  t000125_s7_p6_ai-el2ap.txt 16.0  6.0   80
  0.0  0.0  0.0 87.5  0.0  0.0  0.0  0.0  0.0 12.5 12.5  0.0  0.0  0.0  0.0
  0.0  0.0  0.0 12.5  0.0  0.0262.5162.5 87.5 12.5 12.5  0.0  0.0  0.0  0.0
  0.0  0.0125.0  0.0  0.0 75.0  0.0 12.5 12.5  0.0  0.0 12.5 12.5 37.5  0.0
 25.0  0.0  0.0  0.0  0.0 12.5 12.5 62.5  0.0  0.0112.5 12.5  0.0125.0  0.0
  0.0  0.0  0.0  0.0  0.0  0.0  0.0  0.0  0.0  0.0  0.0  0.0  0.0  0.0  0.0
  0.0  0.0  0.0  0.0  0.0  0.0  0.0  0.0  0.0  0.0  0.0  0.0  0.0  0.0  0.0
  0.0  0.0  0.0  0.0  0.0  0.0  0.0  0.0  0.0  0.0  0.0  0.0  0.0  0.0  0.0
  0.0  0.0  0.0  0.0  0.0  0.0  0.0  0.0  0.0  0.0  0.0  0.0  0.0  0.0  0.0
  0.0  0.0  0.0  0.0  0.0  0.0  0.0  0.0  0.0 25.0 25.0  0.0 25.0  0.0  0.0
  0.0  0.0  0.0  0.0  0.0  0.0  0.0 50.0  0.0  0.0  0.0  0.0 25.0 12.5  0.0
    -24.04     -4.76      5.39      5.40     17.93  0.0  0.0  0.0  0.0  0.0
                                  t000125_s7_p7_ai-el2ap.txt 10.3  5.6   51
  0.0  0.0  0.0  0.0  0.0  0.0  0.0  0.0  0.0  0.0  0.0  0.0  0.0  0.0  0.0
  0.0  0.0  0.0 19.6  0.0  0.0333.3215.7117.6 19.6  0.0  0.0  0.0  0.0  0.0
  0.0  0.0117.6  0.0 19.6 19.6  0.0  0.0  0.0  0.0  0.0  0.0  0.0  0.0  0.0
  0.0  0.0  0.0 19.6  0.0  0.0 19.6  0.0  0.0  0.0137.3  0.0  0.0 19.6  0.0
  0.0  0.0  0.0  0.0  0.0  0.0  0.0  0.0  0.0  0.0  0.0  0.0  0.0  0.0  0.0
  0.0  0.0  0.0  0.0  0.0  0.0  0.0  0.0  0.0  0.0  0.0  0.0  0.0  0.0  0.0
  0.0  0.0  0.0  0.0  0.0  0.0  0.0  0.0  0.0  0.0  0.0  0.0  0.0  0.0  0.0
  0.0  0.0  0.0  0.0  0.0  0.0  0.0  0.0  0.0  0.0  0.0  0.0  0.0  0.0  0.0
  0.0  0.0  0.0  0.0  0.0  0.0  0.0  0.0  0.0  0.0 19.6  0.0  0.0  0.0  0.0
  0.0  0.0  0.0  0.0  0.0  0.0  0.0  0.0  0.0  0.0  0.0  0.0 19.6  0.0  0.0
    -32.77     -5.08      2.26     -6.61     -3.63  0.0  0.0  0.0  0.0  0.0
                                  t000128_s1_p1_ai-el2ap.txt 28.3  6.2  170
  5.9  0.0  0.0 23.5  0.0  0.0  0.0  0.0  0.0  0.0  0.0  0.0  0.0  0.0  0.0
  0.0  0.0  5.9 17.6  0.0  0.0452.9100.0 70.6 35.3  0.0  0.0  5.9  0.0  0.0
  0.0  0.0123.5  0.0  0.0 17.6  5.9  0.0  0.0  0.0  0.0 11.8  0.0 11.8  0.0
  5.9  5.9 11.8  0.0  5.9  5.9 23.5 17.6  0.0  0.0 82.4  0.0  0.0 76.5 11.8
  0.0  0.0  0.0  0.0  0.0  0.0  0.0  0.0  0.0  0.0  0.0  0.0  0.0  0.0  0.0
  0.0  0.0  0.0  5.9  0.0  0.0  5.9  0.0  0.0  0.0  0.0  0.0  0.0  0.0  0.0
  0.0  5.9  0.0  0.0  0.0  0.0  0.0  0.0  0.0  0.0  0.0  0.0  0.0  0.0  0.0
 11.8  0.0  0.0 11.8  5.9  0.0  5.9  0.0  0.0  0.0  0.0  0.0  0.0  0.0  0.0
  0.0  0.0  0.0  0.0  0.0  0.0  0.0  0.0 35.3 11.8 11.8 29.4  0.0  0.0  0.0
  0.0  0.0  0.0  0.0  0.0  5.9  0.0 11.8  5.9 23.5  0.0  5.9  5.9  0.0  0.0
    -28.03     -3.48      8.55     -1.90      0.05  0.0  0.0  0.0  0.0  0.0
                                 t000128_s14_p1_ai-el2ap.txt  8.3  6.5   50
  0.0  0.0  0.0 60.0  0.0 60.0  0.0  0.0  0.0  0.0  0.0  0.0  0.0  0.0  0.0
  0.0  0.0  0.0  0.0  0.0  0.0520.0 80.0 80.0 40.0  0.0  0.0  0.0  0.0  0.0
  0.0  0.0 80.0  0.0  0.0 40.0  0.0  0.0  0.0  0.0  0.0  0.0  0.0 40.0  0.0
  0.0  0.0  0.0  0.0  0.0  0.0  0.0 40.0  0.0  0.0100.0  0.0  0.0100.0  0.0
  0.0  0.0  0.0  0.0  0.0  0.0  0.0  0.0  0.0  0.0  0.0  0.0  0.0  0.0  0.0
  0.0  0.0  0.0  0.0  0.0  0.0  0.0  0.0  0.0  0.0  0.0  0.0  0.0  0.0  0.0
  0.0  0.0  0.0  0.0  0.0  0.0  0.0  0.0  0.0  0.0  0.0  0.0  0.0  0.0  0.0
  0.0  0.0  0.0  0.0  0.0  0.0  0.0  0.0  0.0  0.0  0.0  0.0  0.0  0.0  0.0
  0.0  0.0  0.0  0.0  0.0  0.0  0.0  0.0  0.0  0.0  0.0  0.0  0.0  0.0  0.0
  0.0  0.0  0.0  0.0  0.0  0.0  0.0  0.0  0.0  0.0  0.0  0.0  0.0  0.0  0.0
    -18.09     -4.41      4.26     -6.61      2.43  0.0  0.0  0.0  0.0  0.0
                                 t000128_s14_p2_ai-el2ap.txt 10.0  7.1   51
  0.0  0.0  0.0  0.0  0.0  0.0  0.0  0.0  0.0  0.0  0.0  0.0  0.0  0.0  0.0
  0.0  0.0  0.0 58.8  0.0  0.0588.2 39.2 19.6 39.2  0.0  0.0  0.0  0.0  0.0
  0.0  0.0 58.8  0.0  0.0 19.6  0.0  0.0  0.0  0.0  0.0  0.0  0.0  0.0  0.0
  0.0  0.0  0.0  0.0  0.0  0.0 58.8  0.0  0.0  0.0 19.6  0.0  0.0 39.2  0.0
  0.0  0.0  0.0  0.0  0.0  0.0  0.0  0.0  0.0  0.0  0.0  0.0  0.0  0.0  0.0
  0.0  0.0  0.0  0.0  0.0  0.0  0.0  0.0  0.0  0.0  0.0  0.0  0.0  0.0  0.0
  0.0  0.0  0.0  0.0  0.0  0.0  0.0  0.0  0.0  0.0  0.0  0.0  0.0  0.0  0.0
  0.0  0.0  0.0  0.0  0.0  0.0  0.0  0.0  0.0  0.0  0.0  0.0  0.0  0.0  0.0
  0.0  0.0  0.0  0.0  0.0  0.0  0.0  0.0 19.6  0.0  0.0  0.0  0.0  0.0 19.6
  0.0  0.0  0.0  0.0  0.0  0.0  0.0  0.0  0.0  0.0  0.0  0.0  0.0  0.0  0.0
    -23.27     -4.44      3.94     -6.61     -3.63  0.0  0.0  0.0  0.0  0.0
                                 t000128_s14_p3_ai-el2ap.txt 19.8  4.6  121
  8.3  0.0  0.0  8.3  0.0  0.0  0.0  0.0  0.0  0.0  0.0  0.0  0.0  0.0  0.0
  0.0  0.0  0.0  8.3  0.0  0.0289.3181.8 41.3 49.6  8.3  0.0  0.0  0.0  8.3
  0.0  0.0 90.9  8.3  0.0 16.5  8.3  0.0  0.0  0.0  0.0  8.3  0.0 41.3  0.0
  0.0  0.0  0.0  0.0  8.3  0.0  8.3 41.3  0.0  8.3 49.6  8.3  0.0 90.9  8.3
  0.0  0.0  0.0  0.0  0.0  0.0  0.0  0.0  0.0  0.0  0.0  0.0  0.0  0.0  0.0
  0.0  0.0  0.0  0.0  0.0  0.0  8.3  0.0  0.0  0.0  0.0  0.0  0.0  0.0  0.0
  8.3  0.0  0.0  0.0  0.0  0.0  0.0  0.0  0.0  0.0  0.0  0.0  0.0  0.0  0.0
  8.3  0.0  0.0  8.3  8.3  0.0  8.3  0.0  0.0  0.0  0.0  0.0  0.0  0.0  0.0
  0.0  0.0  0.0  0.0  0.0  0.0  0.0  0.0  0.0  8.3  0.0 49.6  8.3 16.5  0.0
  0.0  0.0  0.0  0.0  0.0  0.0  0.0 16.5  0.0  8.3  0.0  0.0  0.0  0.0  0.0
    -25.06     -3.73      8.12     -3.30      2.63  0.0  0.0  0.0  0.0  0.0
                                 t000128_s14_p4_ai-el2ap.txt 16.0  4.9   82
  0.0  0.0  0.0 12.2  0.0  0.0  0.0  0.0  0.0  0.0  0.0  0.0  0.0  0.0  0.0
  0.0  0.0  0.0 12.2  0.0  0.0390.2158.5 36.6 36.6  0.0  0.0  0.0  0.0  0.0
  0.0  0.0 85.4  0.0  0.0 36.6  0.0  0.0  0.0  0.0  0.0  0.0  0.0 36.6  0.0
  0.0  0.0  0.0  0.0  0.0  0.0 12.2 36.6  0.0  0.0 36.6  0.0  0.0 73.2  0.0
  0.0  0.0  0.0  0.0  0.0  0.0  0.0  0.0  0.0  0.0  0.0  0.0  0.0  0.0  0.0
  0.0  0.0  0.0  0.0  0.0  0.0  0.0  0.0  0.0  0.0  0.0  0.0  0.0  0.0  0.0
  0.0  0.0  0.0  0.0  0.0  0.0  0.0  0.0  0.0  0.0  0.0  0.0  0.0  0.0  0.0
  0.0  0.0  0.0  0.0  0.0  0.0  0.0  0.0  0.0  0.0  0.0  0.0  0.0  0.0  0.0
  0.0  0.0  0.0  0.0  0.0  0.0  0.0  0.0 24.4 24.4 12.2 36.6 12.2  0.0  0.0
  0.0  0.0  0.0  0.0  0.0  0.0  0.0 12.2  0.0 12.2  0.0  0.0  0.0  0.0  0.0
    -27.23     -4.52      4.82     -6.61      1.92  0.0  0.0  0.0  0.0  0.0
                                 t000128_s14_p5_ai-el2ap.txt 18.5  5.2  106
  0.0  0.0  0.0  0.0  0.0  0.0  0.0  0.0  0.0  0.0  0.0  0.0  0.0  0.0  0.0
  0.0  0.0  0.0 28.3  0.0  0.0339.6122.6 47.2 66.0  0.0  0.0  0.0  0.0  0.0
  0.0  9.4 56.6  9.4  0.0 28.3 28.3  0.0  0.0  0.0  0.0  9.4  9.4 47.2  9.4
  9.4  0.0  0.0  9.4  0.0  0.0 37.7 66.0  0.0  0.0 56.6  0.0  0.0122.6 18.9
  0.0  0.0  0.0  0.0  0.0  0.0  0.0  0.0  0.0  0.0  0.0  0.0  0.0  0.0  0.0
  0.0  0.0  0.0  0.0  0.0  0.0  0.0  0.0  0.0  0.0  0.0  0.0  0.0  0.0  0.0
  0.0  0.0  0.0  0.0  0.0  0.0  0.0  0.0  0.0  0.0  0.0  0.0  0.0  0.0  0.0
  0.0  0.0  0.0  0.0  0.0  0.0  0.0  0.0  0.0  0.0  0.0  0.0  0.0  0.0  0.0
  0.0  0.0  0.0  0.0  0.0  0.0  0.0  0.0 37.7 18.9  0.0 28.3  0.0  0.0  9.4
  0.0  0.0  0.0  0.0  0.0  0.0  0.0 37.7  9.4  9.4  9.4  0.0  0.0  0.0  0.0
    -22.60     -3.56      4.10     -2.83     19.72  0.0  0.0  0.0  0.0  0.0
                                 t000128_s14_p6_ai-el2ap.txt 20.8  5.3  112
  8.9  0.0  0.0 17.9  0.0  0.0  0.0  0.0  0.0  0.0  0.0  0.0  0.0  0.0  0.0
 17.9  0.0  0.0  8.9  0.0  0.0276.8142.9 44.6 89.3  0.0  0.0  0.0  0.0  0.0
  0.0  0.0 62.5  8.9  0.0 17.9  0.0  0.0  0.0  0.0  0.0  8.9  0.0  8.9  0.0
  0.0  8.9  0.0  0.0  0.0  0.0 17.9  8.9  0.0  0.0 62.5  0.0  0.0133.9  8.9
  0.0  0.0  0.0  0.0  0.0  0.0  0.0  0.0  0.0  0.0  0.0  0.0  0.0  0.0  0.0
  0.0  0.0  0.0  0.0  0.0  0.0  0.0  0.0  0.0  0.0  0.0  0.0  0.0  0.0  0.0
  0.0  0.0  0.0  0.0  0.0  0.0  0.0  0.0  0.0  0.0  0.0  0.0  0.0  0.0  0.0
  0.0  0.0  0.0  0.0  0.0  0.0  0.0  0.0  0.0  0.0  0.0  0.0  0.0  0.0  0.0
  0.0  0.0  0.0  0.0  0.0  0.0  0.0  8.9  8.9 17.9  8.9  0.0  0.0  0.0  0.0
  0.0  0.0  0.0  0.0  0.0  0.0  0.0 26.8  0.0 26.8  0.0  0.0  8.9  0.0  0.0
    -17.65     -2.79      1.75     -3.03     -2.27  0.0  0.0  0.0  0.0  0.0
                                 t000128_s14_p7_ai-el2ap.txt 20.3  6.1  112
 17.9  0.0  0.0  8.9  0.0  0.0  0.0  0.0  0.0  0.0  0.0  0.0  0.0  0.0  0.0
  0.0  0.0  0.0  8.9  0.0  0.0383.9 98.2 80.4 62.5  0.0  0.0  0.0  0.0  0.0
  0.0  0.0 98.2  0.0  0.0 26.8  0.0  0.0  0.0  0.0  0.0  0.0  8.9 35.7  0.0
  8.9  8.9  0.0  0.0  0.0  0.0 17.9 44.6  0.0  0.0 98.2  0.0  0.0107.1 35.7
  0.0  0.0  0.0  0.0  0.0  0.0  0.0  0.0  0.0  0.0  0.0  0.0  0.0  0.0  0.0
  0.0  0.0  0.0  0.0  0.0  0.0  0.0  0.0  0.0  0.0  0.0  0.0  0.0  0.0  0.0
  0.0  0.0  0.0  0.0  0.0  0.0  0.0  0.0  0.0  0.0  0.0  0.0  0.0  0.0  0.0
  0.0  0.0  0.0  0.0  0.0  0.0  0.0  0.0  0.0  0.0  0.0  0.0  0.0  0.0  0.0
  0.0  0.0  0.0  0.0  0.0  0.0  0.0  0.0 17.9 17.9 35.7  8.9 17.9  8.9  0.0
  0.0  0.0  0.0  0.0  0.0  8.9  0.0 44.6  0.0 35.7  0.0  0.0  0.0  0.0  0.0
    -28.94     -3.67      6.27     -6.61     10.25  0.0  0.0  0.0  0.0  0.0
                                 t000128_s20_p1_ai-el2ap.txt 16.3  5.5   84
  0.0  0.0  0.0 35.7  0.0  0.0  0.0  0.0  0.0  0.0  0.0  0.0  0.0  0.0  0.0
  0.0  0.0  0.0 11.9  0.0  0.0369.0131.0 23.8  0.0  0.0 11.9  0.0  0.0  0.0
  0.0  0.0107.1  0.0  0.0 23.8  0.0  0.0  0.0  0.0  0.0  0.0  0.0 23.8  0.0
 11.9  0.0  0.0  0.0  0.0  0.0 11.9 35.7  0.0  0.0 59.5  0.0  0.0 83.3  0.0
  0.0  0.0  0.0  0.0  0.0  0.0  0.0  0.0  0.0  0.0  0.0  0.0  0.0  0.0  0.0
  0.0  0.0  0.0  0.0  0.0  0.0  0.0  0.0  0.0  0.0  0.0  0.0  0.0  0.0  0.0
  0.0  0.0  0.0  0.0  0.0  0.0  0.0  0.0  0.0  0.0  0.0  0.0  0.0  0.0  0.0
  0.0  0.0  0.0  0.0  0.0  0.0  0.0  0.0  0.0  0.0  0.0  0.0  0.0  0.0  0.0
  0.0  0.0  0.0  0.0  0.0  0.0  0.0  0.0  0.0 11.9 11.9  0.0  0.0  0.0  0.0
  0.0  0.0  0.0  0.0  0.0  0.0  0.0 11.9  0.0 11.9  0.0  0.0  0.0  0.0  0.0
    -25.83     -3.44      7.06     -6.61      3.82  0.0  0.0  0.0  0.0  0.0
                                 t000128_s20_p2_ai-el2ap.txt 20.0  5.6  114
  0.0  0.0  0.0 26.3  0.0  0.0  0.0  0.0  0.0  0.0  0.0  0.0  0.0  0.0  0.0
  0.0  0.0  8.8 17.5  0.0  0.0359.6122.8 52.6  8.8  0.0  0.0  0.0  0.0  0.0
  0.0  8.8 70.2  0.0  0.0 17.5  8.8  0.0  0.0  0.0  0.0  0.0  8.8  8.8  0.0
 17.5  0.0  8.8  0.0  8.8  8.8 26.3 26.3  0.0  0.0 96.5  0.0  0.0 61.4  0.0
  0.0  0.0  0.0  0.0  0.0  0.0  0.0  0.0  0.0  0.0  0.0  0.0  0.0  0.0  0.0
  0.0  0.0  0.0  0.0  0.0  0.0  0.0  0.0  0.0  0.0  0.0  0.0  0.0  0.0  0.0
  0.0  0.0  0.0  0.0  0.0  0.0  0.0  0.0  0.0  8.8  0.0  0.0  0.0  0.0  0.0
  0.0  0.0  0.0  0.0  0.0  0.0  8.8  0.0  0.0  0.0  0.0  0.0  0.0  0.0  0.0
  0.0  0.0  0.0  0.0  0.0  0.0  0.0  0.0 26.3  8.8 26.3 17.5 26.3  0.0  0.0
  0.0  0.0  0.0  0.0  0.0  0.0  0.0 17.5  0.0  0.0  0.0  0.0  0.0  0.0  0.0
    -23.43     -5.44      8.10     -6.61      8.84  0.0  0.0  8.8  0.0  0.0
                                 t000128_s20_p3_ai-el2ap.txt 13.3  5.7   62
  0.0  0.0  0.0 64.5  0.0  0.0  0.0  0.0  0.0  0.0  0.0  0.0  0.0  0.0  0.0
  0.0  0.0 16.1 16.1  0.0  0.0451.6 80.6 48.4 16.1 16.1  0.0  0.0  0.0 16.1
  0.0  0.0 64.5  0.0  0.0  0.0  0.0  0.0  0.0  0.0  0.0  0.0  0.0 16.1  0.0
  0.0  0.0  0.0  0.0  0.0 16.1 16.1 16.1  0.0 16.1 64.5 16.1  0.0 64.5  0.0
 16.1  0.0  0.0  0.0  0.0  0.0  0.0  0.0  0.0  0.0  0.0  0.0  0.0  0.0  0.0
  0.0  0.0  0.0  0.0  0.0  0.0  0.0  0.0  0.0  0.0  0.0  0.0  0.0  0.0  0.0
  0.0  0.0  0.0  0.0  0.0  0.0  0.0  0.0  0.0  0.0  0.0  0.0  0.0  0.0  0.0
  0.0  0.0  0.0  0.0  0.0  0.0  0.0  0.0  0.0  0.0  0.0  0.0  0.0  0.0  0.0
  0.0  0.0  0.0  0.0  0.0  0.0  0.0  0.0  0.0  0.0 16.1 16.1 32.3  0.0  0.0
  0.0  0.0  0.0  0.0  0.0  0.0  0.0 16.1  0.0  0.0  0.0  0.0  0.0  0.0  0.0
    -21.62     -4.48     13.52     -6.61     -1.18  0.0  0.0  0.0  0.0  0.0
                                 t000128_s20_p4_ai-el2ap.txt 21.0  5.5  122
  8.2  0.0  0.0 16.4  0.0  0.0  0.0  0.0  0.0  0.0  0.0  0.0  0.0  0.0  0.0
  0.0  0.0  0.0  8.2  0.0  0.0377.0163.9 32.8 49.2  0.0  8.2  0.0  0.0  0.0
  0.0  0.0 82.0  0.0  0.0 32.8  0.0  0.0  0.0  0.0  0.0  0.0  8.2 24.6  0.0
  0.0  0.0  0.0  0.0  0.0  0.0  8.2 24.6  0.0  0.0 49.2  0.0  0.0 98.4  0.0
  8.2  0.0  0.0  0.0  0.0  0.0  0.0  0.0  0.0  0.0  0.0  0.0  0.0  0.0  0.0
  0.0  0.0  0.0  0.0  0.0  0.0  0.0  0.0  0.0  0.0  0.0  0.0  0.0  0.0  0.0
  0.0  0.0  0.0  0.0  0.0  0.0  0.0  0.0  0.0  0.0  0.0  0.0  0.0  0.0  0.0
  0.0  0.0  0.0  0.0  0.0  0.0  0.0  0.0  0.0  0.0  0.0  0.0  0.0  0.0  0.0
  0.0  0.0  0.0  0.0  0.0  0.0  0.0  0.0 24.6 16.4 16.4  0.0  0.0  0.0  0.0
  0.0  0.0  0.0  0.0  0.0  0.0  0.0 24.6  0.0 24.6  0.0  8.2  0.0  0.0  0.0
    -28.39     -2.53      4.80     -6.61      5.22  0.0  0.0  0.0  0.0  0.0
                                 t000128_s20_p5_ai-el2ap.txt 10.8  6.4   55
 18.2  0.0  0.0  0.0  0.0  0.0  0.0  0.0  0.0  0.0  0.0  0.0  0.0  0.0  0.0
  0.0  0.0  0.0  0.0  0.0  0.0381.8163.6127.3 36.4  0.0  0.0  0.0  0.0  0.0
  0.0  0.0163.6  0.0  0.0 18.2  0.0  0.0  0.0  0.0  0.0  0.0  0.0  0.0  0.0
  0.0  0.0 18.2  0.0  0.0  0.0  0.0  0.0  0.0  0.0145.5  0.0  0.0 36.4  0.0
  0.0  0.0  0.0  0.0  0.0  0.0  0.0  0.0  0.0  0.0  0.0  0.0  0.0  0.0  0.0
  0.0  0.0  0.0  0.0  0.0  0.0  0.0  0.0  0.0  0.0  0.0  0.0  0.0  0.0  0.0
  0.0  0.0  0.0  0.0  0.0  0.0  0.0  0.0  0.0  0.0  0.0  0.0  0.0  0.0  0.0
  0.0  0.0  0.0  0.0  0.0  0.0  0.0  0.0  0.0  0.0  0.0  0.0  0.0  0.0  0.0
  0.0  0.0  0.0  0.0  0.0  0.0  0.0  0.0 18.2  0.0  0.0 18.2  0.0  0.0  0.0
  0.0  0.0  0.0  0.0  0.0  0.0  0.0  0.0  0.0  0.0  0.0  0.0 18.2  0.0  0.0
    -36.82     -4.53     11.30     -6.61     -3.63  0.0  0.0  0.0  0.0  0.0
                                 t000128_s20_p6_ai-el2ap.txt 19.5  5.5  100
 10.0  0.0  0.0 40.0  0.0  0.0 10.0  0.0  0.0  0.0  0.0  0.0  0.0  0.0  0.0
  0.0  0.0 30.0 10.0  0.0  0.0340.0160.0 90.0 10.0 20.0  0.0  0.0  0.0 10.0
  0.0  0.0 80.0  0.0  0.0 10.0  0.0  0.0  0.0  0.0  0.0  0.0  0.0  0.0 10.0
 10.0  0.0 10.0  0.0 10.0 30.0 10.0 20.0  0.0 10.0120.0 20.0  0.0 80.0 10.0
  0.0  0.0  0.0  0.0  0.0  0.0  0.0  0.0  0.0  0.0  0.0  0.0  0.0  0.0  0.0
  0.0  0.0  0.0  0.0  0.0 10.0  0.0  0.0  0.0  0.0  0.0  0.0  0.0  0.0  0.0
  0.0  0.0  0.0  0.0  0.0  0.0  0.0  0.0  0.0  0.0  0.0  0.0  0.0  0.0  0.0
 10.0  0.0  0.0 10.0  0.0  0.0  0.0  0.0  0.0  0.0  0.0  0.0  0.0  0.0  0.0
  0.0  0.0  0.0  0.0  0.0  0.0  0.0  0.0 10.0  0.0 30.0  0.0 30.0  0.0  0.0
  0.0  0.0  0.0  0.0  0.0 10.0  0.0 10.0  0.0 10.0  0.0  0.0 20.0  0.0  0.0
    -18.37     -4.51     10.96     -6.61      7.29  0.0  0.0  0.0  0.0  0.0
                                 t000128_s20_p7_ai-el2ap.txt 18.8  5.8   88
 11.4  0.0  0.0 79.5  0.0  0.0  0.0  0.0  0.0  0.0 22.7  0.0  0.0  0.0  0.0
  0.0  0.0  0.0 22.7  0.0  0.0261.4125.0 68.2 45.5  0.0  0.0  0.0  0.0  0.0
  0.0 11.4 68.2  0.0 11.4 11.4  0.0  0.0  0.0  0.0 11.4  0.0  0.0 22.7 11.4
  0.0  0.0  0.0  0.0 34.1 11.4 34.1 34.1  0.0  0.0136.4  0.0  0.0136.4  0.0
  0.0  0.0  0.0  0.0  0.0  0.0  0.0  0.0  0.0  0.0  0.0  0.0  0.0  0.0  0.0
  0.0  0.0  0.0  0.0  0.0  0.0  0.0  0.0  0.0  0.0  0.0  0.0  0.0  0.0  0.0
  0.0  0.0  0.0  0.0  0.0  0.0  0.0  0.0 11.4  0.0  0.0  0.0  0.0  0.0  0.0
  0.0  0.0  0.0  0.0  0.0 11.4 11.4  0.0  0.0  0.0  0.0  0.0  0.0  0.0  0.0
  0.0  0.0  0.0  0.0  0.0  0.0  0.0  0.0 11.4  0.0 11.4 22.7  0.0 11.4 11.4
  0.0  0.0  0.0  0.0  0.0  0.0  0.0 22.7  0.0 45.5  0.0  0.0  0.0  0.0  0.0
    -18.67     -4.23      5.93     -1.19      8.56  0.0  0.0  0.0  0.0  0.0
                                 t000128_s20_p8_ai-el2ap.txt 20.0  5.9  102
  9.8  0.0  0.0 39.2  0.0  0.0  0.0  9.8  0.0  0.0  0.0  0.0  0.0  0.0  0.0
  0.0  0.0  0.0  9.8  0.0  0.0372.5156.9 68.6 19.6  0.0  0.0  0.0  0.0  0.0
  0.0  0.0107.8  0.0  9.8  9.8  0.0  0.0  0.0  0.0  0.0  0.0  9.8  9.8  0.0
  9.8  0.0  9.8  0.0  0.0  0.0  9.8 19.6  0.0  0.0117.6  0.0  0.0 68.6  0.0
  0.0  0.0  0.0  0.0  0.0  0.0  0.0  0.0  0.0  0.0  0.0  0.0  0.0  0.0  0.0
  0.0  0.0  0.0  9.8  0.0  0.0  0.0  0.0  0.0  0.0  0.0  0.0  0.0  0.0  0.0
  0.0  0.0  0.0  0.0  0.0  0.0  0.0  0.0  0.0  0.0  0.0  0.0  0.0  0.0  0.0
  9.8  0.0  0.0  9.8  0.0  0.0  0.0  0.0  0.0  0.0  0.0  0.0  0.0  0.0  0.0
  0.0  0.0  0.0  0.0  0.0  0.0  0.0  0.0  0.0  9.8 39.2 19.6  0.0 19.6  0.0
  0.0  0.0  0.0  0.0  0.0  0.0  9.8  9.8  9.8  9.8  0.0  0.0  0.0  0.0  0.0
    -27.33     -5.08      5.02     -6.61      7.15  0.0  0.0  0.0  0.0  0.0
                                  t000128_s4_p1_ai-el2ap.txt 10.3  6.5   47
 21.3  0.0  0.0 42.6  0.0  0.0  0.0  0.0  0.0  0.0  0.0  0.0  0.0  0.0  0.0
  0.0  0.0  0.0  0.0  0.0  0.0361.7106.4148.9  0.0 21.3 21.3  0.0  0.0  0.0
  0.0  0.0127.7  0.0  0.0  0.0 21.3  0.0  0.0  0.0  0.0  0.0  0.0 21.3  0.0
  0.0  0.0  0.0  0.0  0.0  0.0  0.0 21.3  0.0  0.0191.5 21.3  0.0 85.1 21.3
  0.0  0.0  0.0  0.0  0.0  0.0  0.0  0.0  0.0  0.0  0.0  0.0  0.0  0.0  0.0
  0.0  0.0  0.0  0.0  0.0 21.3  0.0  0.0  0.0  0.0  0.0  0.0  0.0  0.0 21.3
  0.0  0.0  0.0  0.0  0.0  0.0  0.0  0.0  0.0  0.0  0.0  0.0  0.0  0.0  0.0
 21.3  0.0  0.0 21.3 21.3  0.0 21.3  0.0  0.0  0.0  0.0  0.0  0.0  0.0  0.0
  0.0  0.0  0.0  0.0  0.0  0.0  0.0 21.3 21.3  0.0  0.0 21.3  0.0  0.0  0.0
  0.0 21.3  0.0  0.0  0.0  0.0  0.0 42.6  0.0  0.0  0.0  0.0 21.3  0.0  0.0
    -33.98     -0.69      9.84     -6.61     -0.40  0.0  0.0  0.0  0.0  0.0
                                  t000128_s8_p1_ai-el2ap.txt 14.8  5.8   73
  0.0  0.0  0.0 68.5  0.0  0.0  0.0  0.0  0.0  0.0  0.0  0.0  0.0  0.0  0.0
  0.0  0.0 27.4 41.1  0.0  0.0315.1137.0 68.5  0.0  0.0  0.0  0.0  0.0 13.7
  0.0  0.0109.6  0.0  0.0 41.1 13.7  0.0  0.0  0.0  0.0 13.7 13.7  0.0 13.7
  0.0  0.0  0.0  0.0 13.7 27.4 41.1 13.7  0.0 13.7 95.9  0.0  0.0 82.2 13.7
  0.0  0.0  0.0  0.0  0.0  0.0  0.0  0.0  0.0  0.0  0.0  0.0  0.0  0.0  0.0
  0.0  0.0  0.0  0.0  0.0  0.0  0.0  0.0  0.0  0.0  0.0  0.0  0.0  0.0  0.0
  0.0  0.0  0.0  0.0  0.0  0.0  0.0  0.0  0.0  0.0  0.0  0.0  0.0  0.0  0.0
  0.0  0.0  0.0  0.0  0.0  0.0  0.0  0.0  0.0  0.0  0.0  0.0  0.0  0.0  0.0
  0.0  0.0  0.0  0.0  0.0  0.0  0.0  0.0 41.1  0.0  0.0 41.1  0.0  0.0  0.0
  0.0  0.0  0.0  0.0  0.0  0.0  0.0 13.7  0.0  0.0  0.0 13.7  0.0  0.0  0.0
    -12.81     -5.73     13.10     -1.13     15.47  0.0  0.0  0.0  0.0  0.0
                                  t000128_s8_p2_ai-el2ap.txt 32.5  5.3  183
  0.0  0.0  0.0 54.6  0.0  0.0  0.0  0.0  0.0 10.9  0.0  0.0  0.0  0.0  0.0
  0.0  0.0  0.0 16.4  0.0  0.0355.2 76.5 49.2 10.9  0.0 10.9  0.0  0.0 16.4
  0.0  0.0 43.7  0.0  5.5 10.9  0.0  0.0  0.0  0.0  0.0  0.0  0.0 32.8  0.0
  0.0  0.0  5.5  0.0 10.9  0.0 16.4 32.8  0.0 16.4109.3  0.0  0.0 71.0  0.0
  0.0  0.0  0.0  0.0  0.0  0.0  0.0  0.0  0.0  0.0  0.0  0.0  0.0  0.0  0.0
  0.0  0.0  0.0  5.5  0.0  0.0  0.0  0.0  0.0  0.0  0.0  0.0  0.0  0.0  0.0
  0.0  0.0  0.0  0.0  0.0  0.0  0.0  0.0  0.0  0.0  0.0  0.0  0.0  0.0  0.0
  5.5  0.0  0.0  5.5  0.0  0.0  0.0  0.0  0.0  0.0  0.0  0.0  0.0  0.0  0.0
  0.0  0.0  0.0  0.0  0.0  0.0  0.0 10.9  5.5  0.0  0.0 10.9  0.0  0.0  0.0
  0.0  0.0  0.0  0.0  0.0  0.0 10.9  5.5 10.9  0.0  0.0  0.0  0.0  0.0  0.0
    -21.00     -3.27      9.98     -6.61      1.34  0.0  0.0  0.0  0.0  0.0
                                  t000128_s8_p3_ai-el2ap.txt  8.3  5.9   41
  0.0  0.0  0.0 24.4  0.0  0.0  0.0  0.0  0.0 24.4  0.0  0.0  0.0  0.0  0.0
  0.0  0.0  0.0  0.0  0.0  0.0365.9 97.6122.0 24.4  0.0  0.0  0.0  0.0  0.0
  0.0  0.0122.0  0.0  0.0 24.4  0.0  0.0  0.0  0.0  0.0  0.0 24.4  0.0  0.0
  0.0  0.0  0.0  0.0 24.4  0.0  0.0  0.0  0.0  0.0195.1  0.0  0.0 48.8  0.0
  0.0  0.0  0.0  0.0  0.0  0.0  0.0  0.0  0.0  0.0  0.0  0.0  0.0  0.0  0.0
  0.0  0.0  0.0  0.0  0.0  0.0  0.0 24.4  0.0  0.0  0.0  0.0  0.0  0.0  0.0
  0.0  0.0  0.0  0.0  0.0  0.0  0.0  0.0  0.0  0.0  0.0  0.0  0.0  0.0  0.0
  0.0 24.4  0.0 24.4  0.0  0.0  0.0  0.0  0.0  0.0  0.0  0.0  0.0  0.0  0.0
  0.0  0.0  0.0  0.0  0.0  0.0  0.0  0.0 48.8  0.0  0.0  0.0  0.0  0.0  0.0
  0.0  0.0  0.0  0.0  0.0 24.4  0.0  0.0  0.0  0.0  0.0  0.0  0.0  0.0  0.0
    -30.00     -4.93      8.06     -6.61     11.62  0.0  0.0  0.0  0.0  0.0
                                  t000131_s1_p1_ai-el2ap.txt 25.3  5.6  153
  6.5  0.0  0.0 13.1  0.0  0.0  0.0  0.0  0.0  0.0  0.0  0.0  0.0  0.0  0.0
  0.0  0.0  0.0 19.6  0.0  0.0431.4 91.5117.6 58.8  0.0  0.0  0.0  0.0  0.0
  0.0  6.5 65.4  0.0  0.0 19.6  0.0  0.0  0.0  0.0  0.0  0.0  0.0  6.5  0.0
  0.0 13.1  6.5  0.0 13.1  0.0 39.2  6.5  0.0  0.0169.9  0.0  0.0 71.9  0.0
  0.0  0.0  0.0  0.0  0.0  0.0  0.0  0.0  0.0  0.0  0.0  0.0  0.0  0.0  0.0
  0.0  0.0  0.0  0.0  0.0  0.0  0.0  0.0  0.0  0.0  0.0  0.0  0.0  0.0  0.0
  0.0  0.0  0.0  0.0  0.0  0.0  0.0  0.0  0.0  0.0  0.0  0.0  0.0  0.0  0.0
  0.0  0.0  0.0  0.0  0.0  0.0  0.0  0.0  0.0  0.0  0.0  0.0  0.0  0.0  0.0
  0.0  0.0  0.0  0.0  0.0  0.0  0.0  6.5 13.1  0.0  6.5  6.5  0.0 19.6  0.0
  0.0  6.5  0.0  0.0  0.0 13.1  0.0  6.5  0.0  6.5  0.0 19.6  0.0  0.0  0.0
    -29.66     -3.79      6.82     -6.61     -2.64  0.0  0.0  0.0  0.0  0.0
                                 t000131_s14_p1_ai-el2ap.txt 35.0  5.0  265
  0.0  0.0  0.0  7.5  0.0  0.0  0.0  0.0  0.0  0.0  0.0  0.0  0.0  0.0  0.0
  0.0  0.0  0.0 11.3  0.0  0.0354.7128.3 60.4 49.1  0.0  0.0  3.8  0.0  0.0
  0.0  0.0 64.2  7.5  0.0 11.3  7.5  0.0  3.8  0.0  0.0  3.8  0.0 41.5  0.0
 11.3  3.8  0.0  7.5  0.0  0.0 15.1 52.8  0.0  0.0 79.2  0.0  0.0 98.1 15.1
  0.0  0.0  0.0  0.0  0.0  0.0  0.0  0.0  0.0  0.0  0.0  0.0  0.0  0.0  0.0
  0.0  0.0  0.0  0.0  0.0  0.0  0.0  0.0  0.0  0.0  0.0  0.0  0.0  0.0  0.0
  0.0  0.0  0.0  0.0  0.0  0.0  0.0  0.0  0.0  0.0  3.8  0.0  0.0  0.0  0.0
  0.0  0.0  0.0  0.0  0.0  0.0  0.0  3.8  0.0  0.0  0.0  0.0  0.0  0.0  0.0
  0.0  0.0  0.0  0.0  0.0  0.0  0.0  3.8  7.5  0.0  3.8 26.4 11.3  7.5 15.1
  0.0  0.0  0.0  3.8  0.0  7.5  0.0 18.9  3.8  0.0  0.0  0.0  7.5  0.0  0.0
    -26.93     -3.42      2.63     -3.88      6.31  0.0  0.0  0.0  0.0  0.0
                                t000131_s14_p10_ai-el2ap.txt 18.0  5.2   87
  0.0  0.0  0.0  0.0  0.0  0.0  0.0  0.0  0.0  0.0  0.0  0.0  0.0  0.0  0.0
  0.0  0.0  0.0 34.5  0.0  0.0459.8 69.0 46.0 57.5 11.5  0.0  0.0  0.0  0.0
  0.0  0.0114.9  0.0  0.0 11.5 11.5  0.0  0.0  0.0  0.0  0.0  0.0 46.0  0.0
  0.0  0.0  0.0  0.0  0.0  0.0 34.5 46.0  0.0  0.0 57.5 11.5  0.0 80.5 11.5
  0.0  0.0  0.0  0.0  0.0  0.0  0.0  0.0  0.0  0.0  0.0  0.0  0.0  0.0  0.0
  0.0  0.0  0.0  0.0  0.0  0.0  0.0  0.0  0.0  0.0  0.0  0.0  0.0  0.0  0.0
  0.0  0.0  0.0  0.0  0.0  0.0  0.0  0.0  0.0  0.0  0.0  0.0  0.0  0.0  0.0
  0.0  0.0  0.0  0.0  0.0  0.0  0.0  0.0  0.0  0.0  0.0  0.0  0.0  0.0  0.0
  0.0  0.0  0.0  0.0  0.0  0.0  0.0 23.0 23.0 23.0 34.5 23.0 11.5  0.0  0.0
  0.0  0.0  0.0  0.0  0.0  0.0  0.0 23.0  0.0 46.0  0.0  0.0 11.5  0.0  0.0
    -22.63     -3.33      8.30     -6.61      3.34  0.0  0.0  0.0  0.0  0.0
                                 t000131_s14_p2_ai-el2ap.txt 10.5  5.6   52
  0.0  0.0  0.0  0.0  0.0  0.0  0.0  0.0  0.0  0.0  0.0  0.0  0.0  0.0  0.0
  0.0  0.0  0.0 57.7  0.0  0.0384.6 76.9 57.7 57.7  0.0  0.0  0.0  0.0  0.0
  0.0  0.0115.4  0.0  0.0 38.5  0.0  0.0  0.0  0.0  0.0  0.0  0.0 57.7  0.0
  0.0  0.0  0.0  0.0  0.0  0.0 57.7 57.7  0.0  0.0 96.2  0.0  0.0 57.7  0.0
  0.0  0.0  0.0  0.0  0.0  0.0  0.0  0.0  0.0  0.0  0.0  0.0  0.0  0.0  0.0
  0.0  0.0  0.0  0.0  0.0  0.0  0.0  0.0  0.0  0.0  0.0  0.0  0.0  0.0  0.0
  0.0  0.0  0.0  0.0  0.0  0.0  0.0  0.0  0.0  0.0  0.0  0.0  0.0  0.0  0.0
  0.0  0.0  0.0  0.0  0.0  0.0  0.0  0.0  0.0  0.0  0.0  0.0  0.0  0.0  0.0
  0.0  0.0  0.0  0.0  0.0  0.0  0.0  0.0 38.5  0.0 19.2 38.5  0.0  0.0  0.0
  0.0  0.0  0.0  0.0  0.0  0.0  0.0  0.0  0.0 19.2  0.0  0.0  0.0  0.0  0.0
    -17.54     -3.83      6.80     -6.61      5.11  0.0  0.0  0.0  0.0  0.0
                                 t000131_s14_p3_ai-el2ap.txt 14.8  5.3   76
  0.0  0.0  0.0  0.0  0.0  0.0  0.0  0.0  0.0  0.0  0.0  0.0  0.0  0.0  0.0
 13.2  0.0  0.0 26.3  0.0  0.0447.4 78.9 92.1 52.6  0.0  0.0  0.0  0.0  0.0
  0.0  0.0 92.1  0.0  0.0  0.0  0.0  0.0  0.0  0.0  0.0  0.0  0.0 39.5  0.0
  0.0  0.0  0.0  0.0  0.0  0.0 26.3 39.5  0.0  0.0131.6  0.0  0.0 65.8  0.0
  0.0  0.0  0.0  0.0  0.0  0.0  0.0  0.0  0.0  0.0  0.0  0.0  0.0  0.0  0.0
  0.0  0.0  0.0  0.0  0.0  0.0  0.0  0.0  0.0  0.0  0.0  0.0  0.0  0.0  0.0
  0.0  0.0  0.0  0.0  0.0  0.0  0.0  0.0  0.0  0.0  0.0  0.0  0.0  0.0  0.0
  0.0  0.0  0.0  0.0  0.0  0.0  0.0  0.0  0.0  0.0  0.0  0.0  0.0  0.0  0.0
  0.0  0.0  0.0  0.0  0.0  0.0  0.0  0.0 26.3 13.2  0.0 13.2  0.0 65.8  0.0
  0.0  0.0  0.0  0.0  0.0  0.0  0.0 26.3 13.2 13.2  0.0  0.0  0.0  0.0  0.0
    -22.01     -4.00      7.37     -6.61      2.35  0.0  0.0  0.0  0.0  0.0
                                 t000131_s14_p4_ai-el2ap.txt 25.5  5.2  129
  0.0  0.0  0.0 15.5  0.0  0.0  0.0  0.0  0.0  0.0  0.0  0.0  0.0  0.0  0.0
  7.8  0.0  0.0 23.3  0.0  0.0387.6116.3 69.8 69.8  0.0  0.0  0.0  0.0  0.0
  0.0  0.0 85.3  7.8  0.0  7.8  7.8  0.0  0.0  0.0  0.0  7.8  0.0 31.0  7.8
  0.0  0.0  0.0  0.0  7.8  0.0 23.3 38.8  0.0  0.0 93.0  0.0  0.0108.5  7.8
  0.0  0.0  0.0  0.0  0.0  0.0  0.0  0.0  0.0  0.0  0.0  0.0  0.0  0.0  0.0
  0.0  0.0  0.0  0.0  0.0  0.0  0.0  0.0  0.0  0.0  0.0  0.0  0.0  0.0  0.0
  0.0  0.0  0.0  0.0  0.0  0.0  0.0  0.0  0.0  0.0  0.0  0.0  0.0  0.0  0.0
  0.0  0.0  0.0  0.0  0.0  0.0  0.0  0.0  0.0  0.0  0.0  0.0  0.0  0.0  0.0
  0.0  0.0  0.0  0.0  0.0  0.0  0.0  0.0  0.0  0.0  7.8  0.0  0.0 38.8  0.0
  0.0  0.0  0.0  7.8  0.0  0.0  0.0 23.3  7.8 23.3  0.0  0.0  0.0  0.0  0.0
    -22.56     -3.43      4.24     -3.50      7.03  0.0  0.0  0.0  0.0  0.0
                                 t000131_s14_p5_ai-el2ap.txt 12.8  5.5   63
  0.0  0.0  0.0  0.0  0.0  0.0  0.0  0.0  0.0  0.0  0.0  0.0  0.0  0.0  0.0
  0.0  0.0  0.0 31.7  0.0  0.0301.6111.1 47.6 63.5  0.0  0.0  0.0  0.0  0.0
  0.0 15.9 63.5  0.0  0.0 15.9  0.0  0.0  0.0  0.0  0.0  0.0  0.0 79.4  0.0
 15.9  0.0  0.0  0.0  0.0  0.0 47.6 95.2  0.0  0.0 63.5  0.0  0.0127.0  0.0
  0.0  0.0  0.0  0.0  0.0  0.0  0.0  0.0  0.0  0.0  0.0  0.0  0.0  0.0  0.0
  0.0  0.0  0.0  0.0  0.0  0.0  0.0  0.0  0.0  0.0  0.0  0.0  0.0  0.0  0.0
  0.0  0.0  0.0  0.0  0.0  0.0  0.0  0.0  0.0  0.0 15.9  0.0  0.0  0.0  0.0
  0.0  0.0  0.0  0.0  0.0  0.0  0.0 15.9  0.0  0.0  0.0  0.0  0.0  0.0  0.0
  0.0  0.0  0.0  0.0  0.0  0.0  0.0  0.0 15.9  0.0  0.0  0.0  0.0  0.0  0.0
  0.0  0.0  0.0  0.0  0.0 15.9  0.0 15.9 31.7 15.9  0.0  0.0  0.0  0.0  0.0
    -21.22     -3.64     10.36     -6.61     13.52  0.0  0.0  0.0  0.0  0.0
                                 t000131_s14_p6_ai-el2ap.txt 23.0  5.4  121
  8.3  0.0  0.0  0.0  0.0  0.0  0.0  0.0  0.0  8.3  0.0  0.0  0.0  0.0  0.0
  0.0  0.0  0.0 24.8  0.0  0.0388.4107.4 49.6 66.1  0.0  0.0  0.0  0.0  0.0
  0.0  0.0 66.1  8.3  0.0 33.1  0.0  0.0  0.0  0.0  0.0  8.3  8.3 49.6  8.3
  0.0  0.0  0.0  0.0  0.0  0.0 24.8 57.9  0.0  0.0 74.4  0.0  0.0107.4 16.5
  0.0  0.0  0.0  0.0  0.0  0.0  0.0  0.0  0.0  0.0  0.0  0.0  0.0  0.0  0.0
  0.0  0.0  0.0  0.0  0.0  0.0  0.0  0.0  0.0  0.0  0.0  0.0  0.0  0.0  0.0
  0.0  0.0  0.0  0.0  0.0  0.0  0.0  0.0  0.0  0.0  8.3  0.0  0.0  0.0  0.0
  0.0  0.0  0.0  0.0  0.0  0.0  0.0  8.3  0.0  0.0  0.0  0.0  0.0  0.0  0.0
  0.0  0.0  0.0  0.0  0.0  0.0  0.0  8.3  0.0  8.3  8.3 16.5 16.5  0.0  0.0
  8.3  0.0  0.0  0.0  0.0  0.0  0.0 33.1  0.0  8.3  0.0  0.0  0.0  0.0  0.0
    -22.87     -3.55      1.33     -3.30     15.41  0.0  0.0  0.0  0.0  0.0
                                 t000131_s14_p7_ai-el2ap.txt 19.8  5.3  120
  0.0  0.0  0.0 16.7  0.0  0.0  0.0  0.0  0.0  0.0  0.0  0.0  0.0  0.0  0.0
  0.0  0.0  0.0 16.7  0.0  0.0366.7 91.7 83.3 58.3  0.0  0.0  0.0  0.0  0.0
  0.0  0.0 41.7  0.0  0.0  0.0  0.0  0.0  0.0  0.0  0.0  0.0  0.0 66.7  0.0
  8.3  0.0  0.0  0.0  0.0  0.0 16.7 75.0  0.0  0.0108.3  0.0  0.0125.0 25.0
  0.0  0.0  0.0  0.0  0.0  0.0  0.0  0.0  0.0  0.0  0.0  0.0  0.0  0.0  0.0
  0.0  0.0  0.0  0.0  0.0  0.0  0.0  0.0  0.0  0.0  0.0  0.0  0.0  0.0  0.0
  0.0  0.0  0.0  0.0  0.0  0.0  0.0  0.0  0.0  0.0  0.0  0.0  0.0  0.0  0.0
  0.0  0.0  0.0  0.0  0.0  0.0  0.0  0.0  0.0  0.0  0.0  0.0  0.0  0.0  0.0
  0.0  0.0  0.0  0.0  0.0  0.0  0.0  0.0  0.0 16.7  8.3 16.7 25.0  0.0  0.0
  8.3  0.0  0.0  0.0  0.0  0.0  0.0 33.3 16.7 25.0  0.0  0.0 16.7  0.0  0.0
    -26.37     -3.81      3.87     -6.61      9.16  0.0  0.0  0.0  0.0  0.0
                                 t000131_s14_p8_ai-el2ap.txt 10.5  4.2   68
  0.0  0.0  0.0  0.0  0.0  0.0  0.0  0.0  0.0  0.0  0.0  0.0  0.0  0.0  0.0
  0.0  0.0  0.0 14.7  0.0  0.0382.4132.4117.6 44.1  0.0  0.0  0.0  0.0  0.0
  0.0  0.0 14.7  0.0  0.0  0.0  0.0  0.0  0.0  0.0  0.0  0.0  0.0 29.4 14.7
  0.0  0.0  0.0  0.0  0.0  0.0 14.7 44.1  0.0  0.0147.1  0.0  0.0 58.8 14.7
  0.0  0.0  0.0  0.0  0.0  0.0  0.0  0.0  0.0  0.0  0.0  0.0  0.0  0.0  0.0
  0.0  0.0  0.0  0.0  0.0  0.0  0.0  0.0  0.0  0.0  0.0  0.0  0.0  0.0  0.0
  0.0  0.0  0.0  0.0  0.0  0.0  0.0  0.0  0.0  0.0  0.0  0.0  0.0  0.0  0.0
  0.0  0.0  0.0  0.0  0.0  0.0  0.0  0.0  0.0  0.0  0.0  0.0  0.0  0.0  0.0
  0.0  0.0  0.0  0.0  0.0  0.0  0.0  0.0  0.0  0.0  0.0117.6  0.0 44.1 73.5
  0.0  0.0  0.0  0.0  0.0 14.7  0.0 14.7 14.7 14.7  0.0  0.0  0.0  0.0  0.0
    -28.38     -4.28      1.99     -6.61     12.14  0.0  0.0  0.0  0.0  0.0
                                 t000131_s14_p9_ai-el2ap.txt 10.5  5.0   46
  0.0  0.0  0.0  0.0  0.0  0.0  0.0  0.0  0.0  0.0  0.0  0.0  0.0  0.0  0.0
  0.0  0.0  0.0 21.7  0.0  0.0347.8108.7 43.5108.7  0.0  0.0  0.0  0.0  0.0
  0.0  0.0 43.5 21.7  0.0 21.7  0.0  0.0  0.0  0.0  0.0 21.7 21.7108.7  0.0
  0.0 21.7  0.0  0.0  0.0  0.0 43.5108.7  0.0  0.0 43.5  0.0  0.0108.7  0.0
  0.0  0.0  0.0  0.0  0.0  0.0  0.0  0.0  0.0  0.0  0.0  0.0  0.0  0.0  0.0
  0.0  0.0  0.0  0.0  0.0  0.0  0.0  0.0  0.0  0.0  0.0  0.0  0.0  0.0  0.0
  0.0  0.0  0.0  0.0  0.0  0.0  0.0  0.0  0.0  0.0  0.0  0.0  0.0  0.0  0.0
  0.0  0.0  0.0  0.0  0.0  0.0  0.0  0.0  0.0  0.0  0.0  0.0  0.0  0.0  0.0
  0.0  0.0  0.0  0.0  0.0  0.0  0.0  0.0 21.7 21.7  0.0  0.0  0.0 21.7  0.0
  0.0  0.0  0.0  0.0  0.0  0.0  0.0  0.0  0.0  0.0  0.0  0.0  0.0  0.0  0.0
    -23.00     -2.15     -3.45      2.09     26.43  0.0  0.0  0.0  0.0  0.0
                                 t000131_s19_p1_ai-el2ap.txt 16.8  5.5   76
  0.0  0.0  0.0 13.2  0.0  0.0  0.0  0.0  0.0 13.2  0.0  0.0  0.0  0.0  0.0
  0.0  0.0  0.0  0.0  0.0  0.0407.9105.3144.7 52.6  0.0 13.2  0.0  0.0  0.0
  0.0  0.0 78.9  0.0 13.2 39.5  0.0  0.0  0.0  0.0  0.0  0.0  0.0 13.2  0.0
  0.0  0.0  0.0  0.0  0.0  0.0  0.0 13.2  0.0  0.0144.7  0.0  0.0 92.1 13.2
  0.0  0.0  0.0  0.0  0.0  0.0  0.0  0.0  0.0  0.0  0.0  0.0  0.0  0.0  0.0
  0.0  0.0  0.0  0.0  0.0  0.0  0.0  0.0  0.0  0.0  0.0  0.0  0.0  0.0  0.0
  0.0  0.0  0.0  0.0  0.0  0.0  0.0  0.0  0.0  0.0  0.0  0.0  0.0  0.0  0.0
  0.0  0.0  0.0  0.0  0.0  0.0  0.0  0.0  0.0  0.0  0.0  0.0  0.0  0.0  0.0
  0.0  0.0  0.0  0.0  0.0  0.0  0.0 26.3 13.2  0.0  0.0 13.2  0.0 13.2  0.0
  0.0  0.0  0.0  0.0  0.0  0.0  0.0 52.6  0.0 26.3 13.2 13.2  0.0  0.0  0.0
    -33.60     -1.47      0.34     -6.61     -1.63  0.0  0.0  0.0  0.0  0.0
                                t000131_s19_p10_ai-el2ap.txt  9.8  4.5   72
  0.0  0.0  0.0  0.0  0.0  0.0  0.0  0.0  0.0  0.0  0.0  0.0  0.0  0.0  0.0
  0.0  0.0  0.0 55.6  0.0  0.0430.6138.9 13.9 83.3  0.0  0.0  0.0  0.0  0.0
  0.0  0.0 27.8  0.0  0.0 13.9  0.0  0.0  0.0  0.0  0.0  0.0  0.0  0.0  0.0
  0.0  0.0  0.0  0.0  0.0  0.0 55.6  0.0  0.0  0.0 55.6  0.0  0.0 83.3  0.0
  0.0  0.0  0.0  0.0  0.0  0.0  0.0  0.0  0.0  0.0  0.0  0.0  0.0  0.0  0.0
  0.0  0.0  0.0  0.0  0.0  0.0  0.0  0.0  0.0  0.0  0.0  0.0  0.0  0.0  0.0
  0.0  0.0  0.0  0.0  0.0  0.0  0.0  0.0  0.0  0.0  0.0  0.0  0.0  0.0  0.0
  0.0  0.0  0.0  0.0  0.0  0.0  0.0  0.0  0.0  0.0  0.0  0.0  0.0  0.0  0.0
  0.0  0.0  0.0  0.0  0.0  0.0  0.0  0.0  0.0  0.0  0.0 55.6  0.0  0.0  0.0
  0.0  0.0  0.0  0.0  0.0  0.0  0.0 13.9  0.0 13.9  0.0 27.8  0.0  0.0  0.0
    -16.77     -2.99      2.11     -6.61     -3.63  0.0  0.0  0.0  0.0  0.0
                                 t000131_s19_p2_ai-el2ap.txt 25.5  5.1  158
  0.0  0.0  0.0  0.0  0.0  0.0  6.3  0.0  0.0  6.3  0.0  0.0  0.0  0.0  0.0
  0.0  0.0  0.0  6.3  0.0  0.0348.1145.6101.3 44.3  0.0  6.3  0.0  0.0  0.0
  0.0  0.0 57.0  0.0  0.0 25.3  0.0  0.0  0.0  0.0  0.0  6.3  0.0 12.7  6.3
 12.7  0.0  0.0  0.0  0.0  0.0  6.3 31.6  0.0  0.0145.6  0.0  0.0 69.6  6.3
  0.0  0.0  0.0  0.0  0.0  0.0  0.0  0.0  0.0  0.0  0.0  0.0  0.0  0.0  0.0
  0.0  0.0  0.0  0.0  0.0  0.0  0.0  0.0  0.0  0.0  0.0  0.0  0.0  0.0  0.0
  0.0  0.0  0.0  0.0  0.0  0.0  0.0  0.0  0.0  0.0  0.0  0.0  0.0  0.0  0.0
  0.0  0.0  0.0  0.0  0.0  0.0  0.0  0.0  0.0  0.0  0.0  0.0  0.0  0.0  0.0
  0.0  0.0  0.0  0.0  0.0  0.0  0.0 19.0 12.7  0.0 12.7  6.3  0.0 19.0  0.0
  0.0 19.0  0.0  0.0  0.0  0.0  0.0  6.3  0.0 19.0  6.3 19.0  0.0  0.0  0.0
    -28.89     -3.05      3.49     -4.07      7.24  0.0  0.0  0.0  0.0  0.0
                                 t000131_s19_p3_ai-el2ap.txt 12.3  5.4   75
 26.7  0.0  0.0 13.3  0.0  0.0  0.0  0.0  0.0  0.0  0.0  0.0  0.0  0.0  0.0
  0.0  0.0 13.3  0.0  0.0  0.0480.0120.0 66.7 66.7  0.0  0.0  0.0  0.0  0.0
  0.0  0.0 80.0  0.0  0.0  0.0  0.0  0.0  0.0  0.0  0.0  0.0  0.0 13.3  0.0
  0.0  0.0  0.0  0.0 13.3 13.3  0.0 13.3  0.0  0.0 93.3  0.0  0.0 80.0  0.0
  0.0  0.0  0.0  0.0  0.0  0.0  0.0  0.0  0.0  0.0  0.0  0.0  0.0  0.0  0.0
  0.0  0.0  0.0  0.0  0.0  0.0  0.0  0.0  0.0  0.0  0.0  0.0  0.0  0.0  0.0
  0.0  0.0  0.0  0.0  0.0  0.0  0.0  0.0  0.0  0.0  0.0  0.0  0.0  0.0  0.0
  0.0  0.0  0.0  0.0  0.0  0.0  0.0  0.0  0.0  0.0  0.0  0.0  0.0  0.0  0.0
  0.0  0.0  0.0  0.0  0.0  0.0  0.0  0.0 53.3  0.0 13.3 13.3  0.0  0.0  0.0
  0.0  0.0  0.0  0.0  0.0  0.0  0.0 13.3  0.0 26.7  0.0  0.0  0.0  0.0  0.0
    -27.15     -3.53      6.53     -6.61     -1.61  0.0  0.0  0.0  0.0  0.0
                                 t000131_s19_p4_ai-el2ap.txt 23.5  4.8  141
  7.1  7.1  0.0  7.1  0.0  0.0  0.0  0.0  0.0  0.0  0.0  0.0  0.0  0.0  0.0
  0.0  0.0  0.0  7.1  0.0  0.0340.4163.1 42.6 63.8  0.0  0.0  7.1  0.0  7.1
  0.0  0.0 70.9  0.0 14.2 42.6  0.0  0.0  0.0  0.0  0.0  7.1  7.1 21.3  0.0
  0.0  0.0  7.1 14.2 14.2  0.0  7.1 21.3  0.0  7.1 78.0  0.0  0.0 85.1  7.1
  0.0  0.0  0.0  0.0  0.0  0.0  0.0  0.0  0.0  0.0  0.0  0.0  0.0  0.0  0.0
  0.0  0.0  0.0  0.0  0.0 14.2  0.0  0.0  0.0  0.0  0.0  0.0  0.0  0.0  0.0
  0.0  0.0  0.0  0.0  0.0  0.0  0.0  0.0  0.0  0.0  7.1  0.0  0.0  0.0  0.0
 14.2  0.0  0.0 14.2  0.0  0.0  0.0  7.1  0.0  0.0  0.0  0.0  0.0  0.0  0.0
  0.0  0.0  0.0  0.0  0.0  0.0  0.0  7.1  0.0  0.0  0.0  0.0  0.0 14.2  0.0
  0.0  7.1  0.0  0.0  0.0 14.2  0.0 14.2  7.1 21.3  0.0 14.2  0.0  0.0  0.0
    -24.79     -2.31      2.86     -3.77      4.03  0.0  0.0  0.0  0.0  0.0
                                 t000131_s19_p5_ai-el2ap.txt 23.3  5.2  174
  0.0  0.0  0.0  0.0  0.0  0.0  5.7  0.0  0.0  0.0  0.0  0.0  0.0  0.0  0.0
  0.0  0.0  0.0  0.0  0.0  0.0413.8178.2 46.0 74.7  0.0  0.0  0.0  0.0  0.0
  0.0  0.0103.4  0.0  0.0 11.5  0.0  0.0  0.0  0.0  0.0  0.0  5.7  5.7  0.0
  0.0  0.0  0.0  0.0 11.5  0.0  0.0  5.7  0.0  0.0 69.0  0.0  0.0 74.7  0.0
  0.0  0.0  0.0  0.0  0.0  0.0  0.0  0.0  0.0  0.0  0.0  0.0  0.0  0.0  0.0
  0.0  0.0  0.0  0.0  0.0  0.0  0.0  0.0  0.0  0.0  0.0  0.0  0.0  0.0  0.0
  0.0  0.0  0.0  0.0  0.0  0.0  0.0  0.0  0.0  0.0  0.0  0.0  0.0  0.0  0.0
  0.0  0.0  0.0  0.0  0.0  0.0  0.0  0.0  0.0  0.0  0.0  0.0  0.0  0.0  0.0
  0.0  0.0  0.0  0.0  0.0  0.0  0.0 23.0 23.0  0.0 11.5  5.7  5.7  5.7  0.0
  0.0  5.7  0.0  0.0  0.0  5.7  0.0 11.5  0.0 17.2  0.0 23.0  0.0  0.0  0.0
    -31.72     -3.27      7.50     -6.61      0.84  5.7  0.0  0.0  0.0  0.0
                                 t000131_s19_p6_ai-el2ap.txt 18.5  4.7  162
  0.0  0.0  0.0  0.0  0.0  0.0  0.0  0.0  0.0  0.0  0.0  0.0  0.0  0.0  0.0
  0.0  0.0  0.0  6.2  0.0  0.0358.0172.8 24.7 37.0  0.0  6.2  0.0  0.0  0.0
  0.0  0.0 74.1  0.0  0.0 30.9  0.0  0.0  0.0  0.0  0.0  0.0  6.2  0.0  0.0
  0.0  0.0  0.0  6.2  6.2  0.0  6.2  0.0  0.0  0.0 98.8  0.0  0.0 43.2  0.0
  0.0  0.0  0.0  0.0  0.0  0.0  0.0  0.0  0.0  0.0  0.0  0.0  0.0  0.0  0.0
  0.0  0.0  0.0  0.0  0.0  0.0  0.0  0.0  0.0  0.0  0.0  0.0  0.0  0.0  0.0
  0.0  0.0  0.0  0.0  0.0  0.0  0.0  0.0  0.0  0.0  0.0  0.0  0.0  0.0  0.0
  0.0  0.0  0.0  0.0  0.0  0.0  0.0  0.0  0.0  0.0  0.0  0.0  0.0  0.0  0.0
  0.0  0.0  0.0  0.0  0.0  0.0  0.0  6.2 18.5  0.0  0.0 18.5  0.0  0.0  0.0
  0.0  0.0  0.0  0.0  0.0  0.0  0.0  0.0  0.0  0.0  0.0  6.2  0.0  0.0  0.0
    -27.29     -3.32      4.36     -6.61      0.23  0.0  0.0  0.0  0.0  0.0
                                 t000131_s19_p7_ai-el2ap.txt 15.3  4.7   91
  0.0  0.0  0.0  0.0  0.0  0.0  0.0  0.0  0.0  0.0  0.0  0.0  0.0  0.0  0.0
  0.0  0.0  0.0  0.0  0.0  0.0307.7131.9 33.0 44.0  0.0 11.0  0.0  0.0  0.0
  0.0  0.0 65.9  0.0 11.0 44.0  0.0  0.0  0.0  0.0  0.0  0.0 11.0 11.0  0.0
 11.0 11.0  0.0  0.0  0.0  0.0 11.0 22.0  0.0  0.0 76.9  0.0  0.0 65.9  0.0
  0.0  0.0  0.0  0.0  0.0  0.0  0.0  0.0  0.0  0.0  0.0  0.0  0.0  0.0  0.0
  0.0  0.0  0.0  0.0  0.0  0.0  0.0  0.0  0.0  0.0  0.0  0.0  0.0  0.0  0.0
  0.0  0.0  0.0  0.0  0.0  0.0  0.0  0.0  0.0  0.0  0.0  0.0  0.0  0.0  0.0
  0.0  0.0  0.0  0.0  0.0  0.0  0.0  0.0  0.0  0.0  0.0  0.0  0.0  0.0  0.0
  0.0  0.0  0.0  0.0  0.0  0.0  0.0 11.0  0.0  0.0 22.0 11.0  0.0  0.0  0.0
  0.0  0.0  0.0  0.0  0.0  0.0  0.0  0.0  0.0  0.0  0.0 11.0  0.0  0.0  0.0
    -26.18     -2.17     -0.18     -6.61      8.45  0.0  0.0  0.0  0.0  0.0
                                 t000131_s19_p8_ai-el2ap.txt 21.8  4.3  165
  0.0  0.0  0.0  6.1  0.0  0.0  6.1  0.0  0.0  0.0  0.0  0.0  0.0  0.0  0.0
  0.0  0.0  0.0 12.1  0.0  0.0321.2139.4 24.2 66.7  0.0  6.1  0.0  0.0  0.0
  0.0  0.0 24.2  0.0  0.0 36.4  0.0  0.0  0.0  0.0  0.0  0.0  6.1  0.0  0.0
  0.0  6.1  0.0  0.0  0.0  0.0 18.2  0.0  0.0  0.0 66.7  0.0  6.1 84.8  0.0
  6.1  0.0  0.0  0.0  0.0  0.0  0.0  0.0  0.0  0.0  0.0  0.0  0.0  0.0  0.0
  0.0  0.0  0.0  0.0  0.0  0.0  0.0  0.0  0.0  0.0  0.0  0.0  0.0  0.0  0.0
  0.0  0.0  0.0  0.0  0.0  0.0  0.0  0.0  0.0  0.0  0.0  0.0  0.0  0.0  0.0
  0.0  0.0  0.0  0.0  0.0  0.0  0.0  0.0  0.0  0.0  0.0  0.0  0.0  0.0  0.0
  0.0  0.0  0.0  0.0  0.0  0.0  0.0 12.1  6.1  0.0  0.0 12.1  0.0  0.0 12.1
  0.0  0.0  0.0  0.0  0.0  0.0  0.0  0.0  0.0  0.0  0.0 36.4  0.0  0.0  0.0
    -21.24     -2.37      0.59     -6.61      0.16  0.0  0.0  0.0  0.0  0.0
                                 t000131_s19_p9_ai-el2ap.txt 24.8  4.7  197
 15.2  0.0  0.0  5.1  0.0  0.0  5.1  0.0  0.0  0.0  0.0  0.0  0.0  0.0  0.0
  0.0  0.0  0.0 10.2  0.0  0.0365.5137.1 66.0 60.9  0.0  0.0  0.0  0.0  0.0
  0.0  0.0 50.8  0.0  0.0 30.5  0.0  0.0  0.0  0.0  0.0  0.0  5.1  5.1  5.1
  0.0 15.2  0.0  0.0 10.2  0.0 25.4 10.2  0.0  0.0106.6  0.0  0.0 76.1  0.0
  0.0  0.0  0.0  0.0  0.0  0.0  0.0  0.0  0.0  0.0  0.0  0.0  0.0  0.0  0.0
  0.0  0.0  0.0  0.0  0.0  0.0  0.0  0.0  0.0  0.0  0.0  0.0  0.0  0.0  0.0
  0.0  0.0  0.0  0.0  0.0  0.0  0.0  0.0  0.0  0.0  0.0  0.0  0.0  0.0  0.0
  0.0  0.0  0.0  0.0  0.0  0.0  0.0  0.0  0.0  0.0  0.0  0.0  0.0  0.0  0.0
  0.0  0.0  0.0  0.0  0.0  0.0  0.0 10.2 25.4  0.0 15.2 45.7  0.0 10.2  0.0
  0.0  0.0  0.0  0.0  0.0 10.2  0.0 35.5  0.0 10.2  0.0 10.2  0.0  0.0  0.0
    -24.81     -3.72      2.77     -6.61      4.22  0.0  0.0  0.0  0.0  0.0
                                  t000131_s2_p1_ai-el2ap.txt  5.3  4.6   23
  0.0  0.0  0.0  0.0  0.0  0.0  0.0  0.0  0.0  0.0  0.0  0.0  0.0  0.0  0.0
  0.0  0.0  0.0  0.0  0.0  0.0478.3 87.0  0.0 43.5  0.0  0.0  0.0  0.0  0.0
  0.0  0.0 43.5  0.0  0.0  0.0  0.0  0.0  0.0  0.0  0.0 43.5  0.0  0.0 43.5
  0.0  0.0  0.0 43.5  0.0  0.0  0.0 43.5  0.0  0.0 43.5  0.0  0.0 43.5  0.0
  0.0  0.0  0.0  0.0  0.0  0.0  0.0  0.0  0.0  0.0  0.0  0.0  0.0  0.0  0.0
  0.0  0.0  0.0  0.0  0.0  0.0  0.0  0.0  0.0  0.0  0.0  0.0  0.0  0.0  0.0
  0.0  0.0  0.0  0.0  0.0  0.0  0.0  0.0  0.0  0.0  0.0  0.0  0.0  0.0  0.0
  0.0  0.0  0.0  0.0  0.0  0.0  0.0  0.0  0.0  0.0  0.0  0.0  0.0  0.0  0.0
  0.0  0.0  0.0  0.0  0.0  0.0  0.0  0.0 43.5  0.0 43.5  0.0  0.0  0.0  0.0
  0.0  0.0  0.0  0.0  0.0  0.0  0.0  0.0  0.0  0.0  0.0  0.0  0.0  0.0  0.0
    -27.10     -4.30      3.99     10.79     29.82  0.0  0.0  0.0  0.0  0.0
                                  t000131_s4_p1_ai-el2ap.txt 20.3  6.3  110
  9.1  0.0  0.0 36.4  0.0  0.0  0.0  0.0  0.0  0.0  0.0  0.0  0.0  0.0  0.0
  0.0  0.0  9.1  0.0  0.0  0.0336.4118.2154.5 27.3  0.0  0.0  0.0  0.0 18.2
  0.0  0.0145.5  0.0  9.1 27.3  9.1  0.0  0.0  0.0  0.0  9.1 27.3 18.2  0.0
 18.2  9.1  9.1  9.1  0.0  9.1  9.1 36.4  0.0 18.2154.5  0.0  0.0 90.9  0.0
  0.0  0.0  0.0  0.0  0.0  0.0  0.0  0.0  0.0  0.0  0.0  0.0  0.0  0.0  0.0
  0.0  0.0  0.0  0.0  0.0  0.0  0.0  0.0  0.0  0.0  0.0  0.0  0.0  0.0  0.0
  0.0  0.0  0.0  0.0  0.0  0.0  0.0  0.0  0.0  0.0  9.1  0.0  0.0  0.0  0.0
  0.0  0.0  0.0  0.0  0.0  0.0  0.0  9.1  0.0  0.0  0.0  0.0  0.0  0.0  0.0
  0.0  0.0  0.0  0.0  0.0  0.0  0.0 27.3 27.3  9.1  0.0  0.0  9.1  0.0  0.0
  0.0  0.0  0.0  0.0  0.0  9.1  0.0  0.0  0.0  0.0  9.1  0.0  0.0  0.0  0.0
    -32.35     -4.83     15.94     -2.97     22.04  0.0  0.0  0.0  0.0  0.0
                                  t000131_s5_p1_ai-el2ap.txt 33.8  5.8  174
  0.0  0.0  0.0 17.2  0.0  0.0  0.0  0.0  5.7  0.0  0.0  0.0  0.0  0.0  0.0
  0.0  0.0  0.0 23.0  0.0  0.0419.5 92.0149.4 28.7  0.0  0.0  0.0  0.0  0.0
  0.0  0.0 97.7  0.0  0.0 23.0  5.7  0.0  0.0  0.0  0.0  0.0  0.0  5.7  0.0
  0.0 11.5  0.0  0.0  0.0  0.0 34.5  5.7  0.0  0.0160.9  5.7  0.0 63.2 17.2
  0.0  0.0  0.0  0.0  0.0  0.0  0.0  0.0  0.0  0.0  0.0  0.0  0.0  0.0  0.0
  0.0  0.0  0.0  0.0  0.0  0.0  0.0  0.0  0.0  0.0  0.0  0.0  0.0  0.0  0.0
  0.0  0.0  0.0  0.0  0.0  0.0  0.0  0.0  0.0  0.0  0.0  0.0  0.0  0.0  0.0
  0.0  0.0  0.0  0.0  0.0  0.0  0.0  0.0  0.0  0.0  0.0  0.0  0.0  0.0  0.0
  0.0  0.0  0.0  0.0  0.0  0.0  0.0 11.5 40.2  5.7  5.7 23.0  5.7 17.2 11.5
  0.0 11.5  0.0  0.0  0.0  0.0  0.0  5.7  0.0 11.5  0.0  0.0 11.5  0.0  0.0
    -31.07     -4.78      6.45     -6.61     -2.76  0.0  0.0  5.7  0.0  0.0
                                  t000131_s5_p2_ai-el2ap.txt 33.3  5.6  230
 13.0  0.0  0.0 39.1  0.0  0.0  4.3  0.0  0.0  0.0  0.0  0.0  0.0  0.0  0.0
  0.0  0.0  8.7  8.7  0.0  0.0382.6139.1108.7 39.1  0.0  4.3  4.3  0.0  0.0
  0.0  4.3121.7  0.0  0.0 13.0  4.3  0.0  4.3  0.0  0.0  0.0  4.3  0.0  0.0
  4.3  4.3  8.7  0.0  0.0  8.7 17.4  4.3  0.0  0.0139.1  0.0  0.0 95.7  4.3
  0.0  0.0  0.0  0.0  0.0  0.0  0.0  0.0  0.0  0.0  0.0  0.0  0.0  0.0  0.0
  0.0  0.0  0.0  4.3  0.0  0.0  0.0  0.0  0.0  0.0  0.0  0.0  0.0  0.0  0.0
  0.0  0.0  0.0  0.0  0.0  0.0  0.0  0.0  0.0  0.0  0.0  0.0  0.0  0.0  0.0
  4.3  0.0  0.0  4.3  0.0  0.0  0.0  0.0  0.0  0.0  0.0  0.0  0.0  0.0  0.0
  0.0  0.0  0.0  0.0  0.0  0.0  0.0  8.7 13.0  4.3 17.4  4.3 13.0  8.7  0.0
  0.0  0.0  0.0  0.0  0.0  8.7  0.0 21.7  4.3  8.7  8.7 21.7  4.3  0.0  0.0
    -27.25     -2.80     10.30     -5.20      0.49  0.0  0.0  0.0  0.0  0.0
                                  t000131_s5_p3_ai-el2ap.txt 26.3  5.6  157
  6.4  0.0  0.0 44.6  0.0  0.0  0.0  0.0  0.0  0.0  0.0  0.0  0.0  0.0  0.0
  0.0  0.0  6.4 12.7  0.0  0.0433.1152.9 70.1 25.5  0.0  6.4  0.0  0.0  6.4
  0.0  0.0 95.5  0.0  0.0  0.0  0.0  0.0  0.0  0.0  0.0  0.0  0.0 25.5  0.0
  6.4  0.0  0.0  0.0  0.0  6.4 12.7 31.8  0.0  6.4 89.2  0.0  0.0 76.4  0.0
  0.0  0.0  0.0  0.0  0.0  0.0  0.0  0.0  0.0  0.0  0.0  0.0  0.0  0.0  0.0
  0.0  0.0  0.0  0.0  0.0  0.0  0.0  0.0  0.0  0.0  0.0  0.0  0.0  0.0  0.0
  0.0  0.0  0.0  0.0  0.0  0.0  0.0  0.0  0.0  0.0  0.0  0.0  0.0  0.0  0.0
  0.0  0.0  0.0  0.0  0.0  0.0  0.0  0.0  0.0  0.0  0.0  0.0  0.0  0.0  0.0
  0.0  0.0  0.0  0.0  0.0  0.0  0.0 12.7  0.0  0.0 51.0  0.0 12.7 12.7  0.0
  0.0  6.4  0.0  0.0  0.0 12.7  0.0  6.4  0.0 19.1  0.0 19.1  0.0  0.0  0.0
    -28.26     -3.66     10.79     -6.61      2.29  0.0  0.0  0.0  0.0  0.0
                                  t000131_s5_p4_ai-el2ap.txt 14.5  5.9   68
  0.0  0.0  0.0 58.8  0.0  0.0  0.0  0.0 14.7  0.0  0.0  0.0  0.0  0.0  0.0
  0.0  0.0  0.0  0.0  0.0  0.0367.6147.1102.9 14.7 14.7  0.0  0.0  0.0  0.0
  0.0  0.0102.9  0.0  0.0  0.0  0.0  0.0  0.0  0.0  0.0  0.0  0.0 14.7  0.0
 14.7  0.0  0.0 14.7 14.7  0.0  0.0 29.4  0.0  0.0132.4 29.4  0.0102.9  0.0
  0.0  0.0  0.0  0.0  0.0  0.0  0.0  0.0  0.0  0.0  0.0  0.0  0.0  0.0  0.0
  0.0  0.0  0.0  0.0  0.0  0.0  0.0  0.0  0.0  0.0  0.0  0.0  0.0  0.0  0.0
  0.0  0.0  0.0  0.0  0.0  0.0  0.0  0.0  0.0  0.0 14.7  0.0  0.0  0.0  0.0
  0.0  0.0  0.0  0.0  0.0  0.0  0.0 14.7  0.0  0.0  0.0  0.0  0.0  0.0  0.0
  0.0  0.0  0.0  0.0  0.0  0.0  0.0  0.0 29.4  0.0  0.0  0.0 14.7 14.7  0.0
  0.0 29.4  0.0  0.0  0.0  0.0  0.0 14.7  0.0 14.7 14.7 29.4 14.7  0.0  0.0
    -32.67     -4.59      8.12     -6.61      3.35  0.0  0.0  0.0  0.0  0.0
                                  t000131_s5_p5_ai-el2ap.txt 21.3  5.5  112
  0.0  0.0  0.0 35.7  0.0  0.0  0.0  0.0  0.0  0.0  0.0  0.0  0.0  0.0  0.0
  0.0  0.0  0.0  0.0  0.0  0.0348.2160.7142.9  8.9  0.0  0.0  0.0  0.0  8.9
  0.0  0.0 98.2  0.0  0.0  0.0  8.9  0.0  0.0  0.0  0.0  0.0  0.0  0.0  0.0
  8.9  0.0  0.0  0.0  0.0  0.0  0.0  8.9  0.0  8.9178.6  0.0  0.0 62.5  0.0
  0.0  0.0  0.0  0.0  0.0  0.0  0.0  0.0  0.0  0.0  0.0  0.0  0.0  0.0  0.0
  0.0  0.0  0.0  0.0  0.0  0.0  0.0  0.0  0.0  0.0  0.0  0.0  0.0  0.0  0.0
  0.0  0.0  0.0  0.0  0.0  0.0  0.0  0.0  0.0  0.0  0.0  0.0  0.0  0.0  0.0
  0.0  0.0  0.0  0.0  0.0  0.0  0.0  0.0  0.0  0.0  0.0  0.0  0.0  0.0  0.0
  0.0  0.0  0.0  0.0  0.0  0.0  0.0  0.0 17.9  0.0  8.9 26.8  0.0  0.0 17.9
  0.0 17.9  0.0  0.0  0.0 17.9  0.0  0.0  0.0  8.9  8.9  8.9  0.0  0.0  0.0
    -35.18     -5.43     12.26     -6.61     -0.75  0.0  0.0  0.0  0.0  0.0
                                  t000131_s5_p6_ai-el2ap.txt 31.5  5.6  247
  0.0  0.0  0.0 24.3  0.0  0.0  0.0  0.0  0.0  0.0  0.0  0.0  0.0  0.0  0.0
  0.0  0.0  4.0  8.1  0.0  0.0392.7153.8129.6 20.2  0.0  0.0  8.1  0.0  4.0
  0.0  0.0133.6  0.0  0.0  8.1  0.0  0.0  0.0  0.0  0.0  4.0  0.0  0.0  4.0
  0.0  0.0  8.1  4.0  8.1  4.0  8.1  4.0  0.0  4.0161.9  0.0  0.0 48.6  0.0
  0.0  0.0  0.0  0.0  0.0  0.0  0.0  0.0  0.0  0.0  0.0  0.0  0.0  0.0  0.0
  0.0  0.0  0.0  4.0  0.0  0.0  4.0  0.0  0.0  0.0  0.0  0.0  0.0  0.0  0.0
  0.0  0.0  0.0  0.0  0.0  0.0  0.0  0.0  0.0  0.0  0.0  0.0  0.0  0.0  0.0
  8.1  0.0  0.0  8.1  0.0  0.0  0.0  0.0  0.0  0.0  0.0  0.0  0.0  0.0  0.0
  0.0  0.0  0.0  0.0  0.0  0.0  0.0  0.0 12.1  0.0  8.1 28.3  8.1  4.0  4.0
  0.0  8.1  0.0  0.0  0.0  4.0  0.0  0.0  8.1  0.0  4.0  8.1  4.0  0.0  0.0
    -33.15     -3.56     11.82     -4.99     -0.51  0.0  0.0  0.0  0.0  0.0
                                  t000131_s5_p7_ai-el2ap.txt 31.8  5.7  202
  0.0  0.0  0.0 24.8  0.0  0.0  0.0  0.0  0.0  0.0  0.0  0.0  0.0  0.0  0.0
  0.0  0.0  9.9  9.9  0.0  0.0405.9128.7 99.0 39.6  0.0  9.9  5.0  5.0 14.9
  0.0  0.0 94.1  0.0  0.0  9.9  0.0  0.0  0.0  0.0  0.0  0.0  0.0 14.9  0.0
  5.0  0.0  5.0  0.0  9.9  9.9  9.9 19.8  0.0 19.8133.7  0.0  0.0 74.3  0.0
  0.0  0.0  0.0  0.0  0.0  0.0  0.0  0.0  0.0  0.0  0.0  0.0  0.0  0.0  0.0
  0.0  0.0  0.0  0.0  0.0  0.0  0.0  0.0  0.0  0.0  0.0  0.0  0.0  0.0  0.0
  0.0  0.0  0.0  0.0  0.0  0.0  0.0  0.0  0.0  0.0  0.0  0.0  0.0  0.0  0.0
  0.0  0.0  0.0  0.0  0.0  0.0  0.0  0.0  0.0  0.0  0.0  0.0  0.0  0.0  0.0
  0.0  0.0  0.0  0.0  0.0  0.0  0.0 19.8 24.8  0.0  5.0 19.8 39.6  0.0  0.0
  0.0  5.0  0.0  0.0  0.0  5.0  0.0  0.0  0.0  9.9  5.0 19.8  0.0  0.0  0.0
    -29.21     -1.60     17.28     -6.61      0.22  0.0  0.0  0.0  0.0  0.0
                                  t000131_s5_p8_ai-el2ap.txt 29.3  5.9  227
  4.4  0.0  0.0 13.2  0.0  0.0  4.4  0.0  0.0  4.4  0.0  0.0  0.0  0.0  0.0
  0.0  0.0  4.4 13.2  0.0  0.0361.2132.2141.0 79.3  4.4  0.0  0.0  4.4  4.4
  0.0  0.0 70.5  0.0  0.0 13.2  8.8  0.0  0.0  0.0  0.0  0.0  4.4  4.4  0.0
  0.0  4.4  4.4  4.4  4.4  4.4 17.6  4.4  0.0  8.8193.8  4.4  0.0105.7  4.4
  4.4  0.0  0.0  0.0  0.0  0.0  0.0  0.0  0.0  0.0  0.0  0.0  0.0  0.0  0.0
  0.0  0.0  0.0  0.0  0.0  0.0  0.0  0.0  0.0  0.0  0.0  0.0  0.0  0.0  0.0
  0.0  0.0  0.0  0.0  0.0  0.0  0.0  0.0  0.0  0.0  0.0  0.0  0.0  0.0  0.0
  0.0  0.0  0.0  0.0  0.0  0.0  0.0  0.0  0.0  0.0  0.0  0.0  0.0  0.0  0.0
  0.0  0.0  0.0  0.0  0.0  0.0  0.0  4.4  8.8  0.0 26.4 17.6  8.8  4.4  8.8
  0.0  4.4  0.0  0.0  0.0  4.4  0.0 22.0  4.4 13.2  0.0 26.4  4.4  0.0  0.0
    -30.02     -2.92      9.91     -6.61     -0.21  0.0  0.0  0.0  0.0  0.0
                                  t000131_s8_p1_ai-el2ap.txt 32.5  5.5  185
  5.4  0.0  0.0 27.0  0.0  0.0  0.0  0.0  0.0  0.0  0.0  0.0  0.0  0.0  0.0
  0.0  0.0  0.0  5.4  0.0  0.0400.0 75.7 81.1  0.0 10.8  0.0  0.0  0.0  5.4
  0.0 10.8 97.3  0.0  0.0 54.1  5.4  0.0  5.4  0.0  0.0 10.8 16.2  5.4  0.0
  0.0  0.0  0.0  0.0 10.8  0.0 16.2  5.4  0.0  5.4108.1 10.8  0.0 43.2 16.2
  0.0  0.0  0.0  0.0  0.0  0.0  0.0  0.0  0.0  0.0  0.0  0.0  0.0  0.0  0.0
  0.0  0.0  0.0  0.0  0.0  0.0  0.0  0.0  0.0  0.0  0.0  0.0  0.0  0.0  0.0
  0.0  0.0  5.4  0.0  0.0  0.0  0.0  0.0  0.0  0.0  5.4  0.0  0.0  0.0  0.0
  0.0  0.0  0.0  0.0  5.4  0.0  5.4  5.4  0.0  0.0  0.0  0.0  0.0  0.0  0.0
  0.0  0.0  0.0  0.0  0.0  0.0  0.0 21.6  5.4  0.0 16.2 21.6  5.4  0.0  5.4
  0.0  5.4  0.0  0.0  0.0  0.0  0.0  5.4  0.0  0.0 10.8  5.4  5.4  0.0  0.0
    -28.59     -5.25     11.37     -0.54      7.33  0.0  0.0  0.0  0.0  0.0
                                  t000131_s8_p2_ai-el2ap.txt 34.0  5.7  210
  0.0  4.8  0.0 38.1  0.0  0.0  0.0  0.0  0.0  0.0  4.8  0.0  0.0  0.0  0.0
  0.0  0.0  4.8  4.8  0.0  0.0404.8104.8 95.2  0.0  4.8  9.5  4.8  0.0  4.8
  0.0  4.8157.1  0.0  0.0 14.3  9.5  0.0  0.0  0.0  0.0  4.8  4.8 14.3  0.0
  0.0  0.0  4.8  4.8  0.0  4.8  9.5 14.3  0.0  4.8104.8  4.8  0.0 57.1  4.8
  0.0  0.0  0.0  0.0  0.0  0.0  0.0  0.0  0.0  0.0  0.0  0.0  0.0  0.0  0.0
  0.0  0.0  0.0  9.5  4.8  4.8  0.0  0.0  0.0  0.0  0.0  0.0  0.0  0.0  0.0
  4.8  0.0  0.0  0.0  0.0  0.0  0.0  0.0  0.0  0.0  0.0  0.0  0.0  0.0  0.0
 19.0  0.0  0.0 19.0  4.8  0.0  4.8  0.0  0.0  0.0  0.0  0.0  0.0  0.0  0.0
  0.0  0.0  0.0  0.0  0.0  0.0  0.0  0.0 23.8  4.8 23.8 14.3  4.8  4.8  0.0
  0.0  9.5  0.0  0.0  0.0  4.8  0.0  4.8  4.8  4.8  4.8  4.8  4.8  0.0  0.0
    -28.30     -2.80     15.22     -4.70      1.51  4.8  0.0  0.0  0.0  0.0
                                  t000131_s8_p3_ai-el2ap.txt 33.0  5.2  205
  4.9  0.0  0.0 63.4  0.0  0.0  0.0  0.0  0.0  9.8  0.0  0.0  0.0  4.9  0.0
  4.9  0.0  0.0 14.6  0.0  0.0331.7 87.8 48.8  0.0 14.6  4.9  0.0  0.0  0.0
  0.0  0.0 34.1  0.0  0.0 29.3  0.0  0.0  0.0  0.0  0.0  9.8  4.9 19.5  0.0
  0.0  0.0  4.9  4.9  4.9  0.0 14.6 19.5  0.0  0.0 73.2 14.6  0.0 73.2  0.0
  0.0  0.0  0.0  0.0  0.0  0.0  0.0  0.0  0.0  0.0  0.0  0.0  0.0  0.0  0.0
  0.0  0.0  0.0  0.0  0.0  9.8  0.0  0.0  0.0  0.0  0.0  0.0  0.0  0.0  0.0
  4.9  0.0  0.0  0.0  0.0  0.0  0.0  0.0  0.0  0.0  0.0  0.0  0.0  0.0  0.0
  9.8  0.0  0.0  9.8  4.9  0.0  4.9  0.0  0.0  0.0  0.0  0.0  0.0  0.0  0.0
  0.0  0.0  0.0  0.0  0.0  0.0  0.0 24.4 14.6  0.0  4.9  0.0  4.9  4.9  9.8
  0.0  0.0  0.0  0.0  0.0  4.9  0.0 14.6  0.0 19.5  0.0  0.0  4.9  0.0  0.0
    -15.92     -4.14      1.68     -2.70      2.38  0.0  0.0  0.0  0.0  0.0
                                  t000131_s8_p4_ai-el2ap.txt 12.5  5.6   64
  0.0  0.0  0.0 31.3  0.0  0.0  0.0  0.0  0.0  0.0  0.0  0.0  0.0  0.0  0.0
  0.0  0.0  0.0 31.3  0.0  0.0453.1 93.8109.4 46.9  0.0  0.0  0.0  0.0  0.0
  0.0  0.0125.0  0.0  0.0  0.0 15.6 15.6  0.0  0.0  0.0  0.0  0.0  0.0  0.0
  0.0  0.0 15.6  0.0  0.0 15.6 31.3  0.0  0.0  0.0109.4  0.0  0.0 78.1  0.0
  0.0  0.0  0.0  0.0  0.0  0.0  0.0  0.0  0.0  0.0  0.0  0.0  0.0  0.0  0.0
  0.0  0.0  0.0  0.0  0.0  0.0  0.0  0.0  0.0  0.0  0.0  0.0  0.0  0.0  0.0
  0.0  0.0  0.0  0.0  0.0  0.0  0.0  0.0  0.0  0.0  0.0  0.0  0.0  0.0  0.0
  0.0  0.0  0.0  0.0  0.0  0.0  0.0  0.0  0.0  0.0  0.0  0.0  0.0  0.0  0.0
  0.0  0.0  0.0  0.0  0.0  0.0  0.0 31.3 62.5 15.6 15.6  0.0  0.0  0.0  0.0
  0.0  0.0  0.0  0.0  0.0 15.6  0.0  0.0  0.0 15.6  0.0 15.6  0.0  0.0  0.0
    -27.48     -4.19      9.65     -2.88     -3.63  0.0  0.0  0.0  0.0  0.0
                                  t000134_s1_p1_ai-el2ap.txt 31.8  5.8  288
  3.5  0.0  0.0 17.4  0.0  0.0  0.0  6.9 10.4  6.9  0.0  0.0  0.0  3.5  0.0
  0.0  0.0  0.0 20.8  0.0  0.0385.4100.7 86.8 48.6  0.0  3.5  3.5  0.0  0.0
  0.0  6.9107.6  3.5  0.0  3.5  3.5  0.0  0.0  0.0  0.0  3.5  3.5 24.3  0.0
  0.0  6.9  3.5  3.5  6.9  0.0 34.7 24.3  0.0  0.0118.1 10.4  0.0 76.4  3.5
  0.0  0.0  0.0  0.0  0.0  0.0  0.0  0.0  0.0  0.0  0.0  0.0  0.0  0.0  0.0
  0.0  0.0  0.0  0.0  0.0  0.0  3.5  0.0  0.0  0.0  0.0  0.0  0.0  0.0  0.0
  0.0  0.0  0.0  0.0  0.0  0.0  0.0  0.0  0.0  0.0  0.0  0.0  0.0  0.0  0.0
  3.5  0.0  0.0  3.5  0.0  0.0  0.0  0.0  0.0  0.0  0.0  0.0  0.0  0.0  0.0
  0.0  0.0  0.0  0.0  0.0  0.0  0.0 62.5  3.5  0.0 24.3  0.0  6.9  6.9  6.9
  0.0  0.0  0.0  3.5  0.0  0.0  0.0  3.5  0.0 17.4  0.0  3.5  6.9  0.0  0.0
    -22.67     -2.82      9.83     -5.22      2.23  0.0  0.0  0.0  0.0  0.0
                                 t000134_s14_p1_ai-el2ap.txt 24.5  4.8  124
  0.0  0.0  0.0 32.3  0.0  0.0  0.0  0.0  0.0  0.0  0.0  0.0  0.0  0.0  0.0
  0.0  0.0  0.0 16.1  0.0  0.0443.5104.8 48.4  0.0  0.0  0.0  0.0  0.0  0.0
  0.0  0.0 32.3  0.0  0.0  8.1  0.0  0.0  0.0  0.0  0.0  0.0  8.1 16.1  0.0
  8.1  0.0  0.0  0.0  0.0  0.0 16.1 24.2  0.0  0.0 56.5  0.0  0.0 48.4  0.0
  0.0  0.0  0.0  0.0  0.0  0.0  0.0  0.0  0.0  0.0  0.0  0.0  0.0  0.0  0.0
  0.0  0.0  0.0  0.0  0.0  0.0  0.0  0.0  0.0  0.0  0.0  0.0  0.0  0.0  0.0
  0.0  0.0  0.0  0.0  0.0  0.0  0.0  0.0  0.0  0.0  0.0  0.0  0.0  0.0  0.0
  0.0  0.0  0.0  0.0  0.0  0.0  0.0  0.0  0.0  0.0  0.0  0.0  0.0  0.0  0.0
  0.0  0.0  0.0  0.0  0.0  0.0  0.0  0.0  0.0  0.0 32.3  0.0  0.0  0.0 48.4
  0.0  0.0  0.0  0.0  0.0  8.1  0.0  8.1  0.0  0.0  0.0  0.0  8.1  0.0  0.0
    -25.48     -5.73      2.76     -6.61      6.46  0.0  0.0  0.0  0.0  0.0
                                 t000134_s14_p2_ai-el2ap.txt 15.5  4.9   77
  0.0  0.0  0.0 39.0  0.0  0.0  0.0  0.0  0.0  0.0  0.0  0.0  0.0  0.0  0.0
  0.0  0.0 13.0 13.0  0.0  0.0246.8142.9103.9  0.0  0.0 13.0  0.0  0.0  0.0
  0.0  0.0 77.9  0.0  0.0 39.0  0.0  0.0  0.0  0.0  0.0  0.0  0.0 13.0  0.0
  0.0 13.0  0.0 26.0  0.0 13.0 26.0 13.0  0.0  0.0129.9  0.0  0.0 51.9  0.0
  0.0  0.0  0.0  0.0  0.0  0.0  0.0  0.0  0.0  0.0  0.0  0.0  0.0  0.0  0.0
  0.0  0.0  0.0  0.0  0.0  0.0  0.0  0.0  0.0  0.0  0.0  0.0  0.0  0.0  0.0
  0.0  0.0  0.0  0.0  0.0  0.0  0.0  0.0  0.0  0.0 13.0  0.0  0.0  0.0  0.0
  0.0  0.0  0.0  0.0  0.0  0.0  0.0 13.0  0.0  0.0  0.0  0.0  0.0  0.0  0.0
  0.0  0.0  0.0  0.0  0.0  0.0  0.0  0.0  0.0  0.0 13.0  0.0  0.0 13.0  0.0
  0.0 13.0  0.0  0.0  0.0  0.0  0.0 13.0  0.0  0.0  0.0  0.0 13.0  0.0  0.0
    -21.49     -3.23      4.17     -6.61     -1.66  0.0  0.0  0.0  0.0  0.0
                                 t000134_s14_p3_ai-el2ap.txt 36.0  5.4  217
 13.8  0.0  0.0  4.6  0.0  4.6  0.0  4.6  0.0  0.0  0.0  0.0  0.0  0.0  0.0
  0.0  0.0  0.0  9.2  0.0  0.0364.1142.9 50.7 55.3  0.0  0.0  0.0  0.0  0.0
  0.0  4.6 87.6  0.0  0.0 13.8  9.2  0.0  4.6  0.0  0.0  0.0  0.0 36.9  0.0
  9.2  4.6  0.0  0.0  0.0  0.0 18.4 46.1  0.0  0.0 69.1  0.0  0.0 96.8  9.2
  0.0  0.0  0.0  0.0  0.0  0.0  0.0  0.0  0.0  0.0  0.0  0.0  0.0  0.0  0.0
  0.0  0.0  0.0  0.0  0.0  0.0  0.0  0.0  0.0  0.0  0.0  0.0  0.0  0.0  0.0
  0.0  0.0  0.0  0.0  0.0  0.0  0.0  0.0  0.0  0.0  4.6  0.0  0.0  0.0  0.0
  0.0  0.0  0.0  0.0  0.0  0.0  0.0  4.6  0.0  0.0  0.0  0.0  0.0  0.0  0.0
  0.0  0.0  0.0  0.0  0.0  0.0  0.0  4.6  4.6  0.0 13.8  9.2  4.6  9.2  9.2
  0.0  0.0  0.0  0.0  0.0  4.6  0.0 23.0  4.6  9.2  4.6  0.0  0.0  0.0  0.0
    -25.00     -3.91      7.98     -5.12      4.93  4.6  0.0  0.0  0.0  0.0
                                 t000134_s14_p4_ai-el2ap.txt 28.0  5.3  166
  0.0  0.0  0.0  6.0  0.0  0.0  0.0  0.0  0.0  0.0  0.0  0.0  0.0  0.0  0.0
  0.0  0.0  0.0  6.0  0.0  0.0397.6 96.4 18.1 66.3  0.0  0.0  0.0  0.0  6.0
  0.0  0.0132.5  0.0  0.0  0.0  6.0  0.0  0.0  0.0  0.0  0.0  0.0 36.1  0.0
  6.0  0.0  0.0  0.0  0.0  0.0  6.0 42.2  0.0  6.0 42.2  0.0  0.0108.4 24.1
  0.0  0.0  0.0  0.0  0.0  0.0  0.0  0.0  0.0  0.0  0.0  0.0  0.0  0.0  0.0
  0.0  0.0  0.0  0.0  0.0  0.0  0.0  0.0  0.0  0.0  0.0  0.0  0.0  0.0  0.0
  0.0  0.0  0.0  0.0  0.0  0.0  0.0  0.0  0.0  0.0  0.0  0.0  0.0  0.0  0.0
  0.0  0.0  0.0  0.0  0.0  0.0  0.0  0.0  0.0  0.0  0.0  0.0  0.0  0.0  0.0
  0.0  0.0  0.0  0.0  0.0  0.0  0.0 18.1 12.0  6.0 24.1  0.0  6.0 18.1  0.0
  0.0  0.0  0.0  0.0  0.0  0.0  0.0 18.1  6.0 18.1  0.0  0.0  6.0  0.0  0.0
    -26.57     -3.55     13.19     -6.61      3.79  0.0  0.0  0.0  0.0  0.0
                                 t000134_s14_p5_ai-el2ap.txt 14.0  4.8   87
  0.0  0.0  0.0  0.0  0.0  0.0  0.0  0.0  0.0  0.0  0.0  0.0  0.0  0.0  0.0
  0.0  0.0  0.0 34.5  0.0  0.0356.3137.9 46.0 34.5  0.0  0.0  0.0  0.0  0.0
  0.0  0.0 46.0  0.0  0.0  0.0  0.0  0.0  0.0  0.0  0.0  0.0  0.0 34.5  0.0
 11.5  0.0  0.0  0.0  0.0  0.0 34.5 46.0  0.0  0.0 57.5  0.0  0.0 69.0  0.0
  0.0  0.0  0.0  0.0  0.0  0.0  0.0  0.0  0.0  0.0  0.0  0.0  0.0  0.0  0.0
  0.0  0.0  0.0  0.0  0.0  0.0  0.0  0.0  0.0  0.0  0.0  0.0  0.0  0.0  0.0
  0.0  0.0  0.0  0.0  0.0  0.0  0.0  0.0  0.0  0.0  0.0  0.0  0.0  0.0  0.0
  0.0  0.0  0.0  0.0  0.0  0.0  0.0  0.0  0.0  0.0  0.0  0.0  0.0  0.0  0.0
  0.0  0.0  0.0  0.0  0.0  0.0  0.0 23.0  0.0  0.0 23.0  0.0  0.0  0.0  0.0
  0.0  0.0  0.0  0.0  0.0  0.0  0.0 34.5  0.0 23.0  0.0  0.0  0.0  0.0  0.0
    -21.43     -4.59      4.17     -6.61      5.31  0.0  0.0  0.0  0.0  0.0
                                 t000134_s19_p1_ai-el2ap.txt 29.0  5.2  195
  5.1  0.0  0.0  0.0  0.0  0.0  0.0  0.0  0.0  0.0  0.0  0.0  0.0  0.0  0.0
  0.0  0.0  0.0  5.1  0.0  0.0364.1 76.9 25.6 56.4  0.0  0.0  0.0  0.0  5.1
  0.0  0.0 30.8  0.0  5.1 10.3  0.0  0.0  0.0  0.0  0.0  0.0  0.0 15.4 10.3
  0.0  5.1  0.0  5.1  0.0  0.0 10.3 25.6  0.0  5.1 46.2  0.0  0.0 71.8  5.1
  0.0  0.0  0.0  0.0  0.0  0.0  0.0  0.0  0.0  0.0  0.0  0.0  0.0  0.0  0.0
  0.0  0.0  0.0  0.0  0.0  0.0  0.0  0.0  0.0  0.0  0.0  0.0  0.0  0.0  0.0
  0.0  0.0  0.0  0.0  0.0  0.0  0.0  0.0  0.0  0.0  0.0  0.0  0.0  0.0  0.0
  0.0  0.0  0.0  0.0  0.0  0.0  0.0  0.0  0.0  0.0  0.0  0.0  0.0  0.0  0.0
  0.0  0.0  0.0  0.0  0.0  0.0  0.0 66.7 10.3  0.0  5.1 20.5  0.0 15.4 10.3
  0.0  0.0  0.0  0.0  0.0  0.0  0.0  5.1  0.0  5.1  0.0  0.0 30.8  0.0  0.0
    -24.86     -3.87      3.58     -6.61      6.59  0.0  0.0  0.0  0.0  0.0
                                 t000134_s19_p2_ai-el2ap.txt 16.3  5.4  115
 26.1  0.0  0.0  8.7  0.0  0.0  0.0  0.0  0.0  0.0  0.0  0.0  0.0  0.0  0.0
  0.0  0.0  0.0  0.0  0.0  0.0391.3156.5 52.2 60.9  0.0  0.0  0.0  0.0  0.0
  0.0  0.0104.3  0.0  0.0  8.7  0.0  0.0  0.0  0.0  0.0  0.0  0.0  0.0  0.0
  8.7 17.4  0.0  0.0  8.7  0.0 17.4  8.7  0.0  0.0 69.6  0.0  0.0 95.7 17.4
  0.0  0.0  0.0  0.0  0.0  0.0  0.0  0.0  0.0  0.0  0.0  0.0  0.0  0.0  0.0
  0.0  0.0  0.0  0.0  0.0  0.0  0.0  0.0  0.0  0.0  0.0  0.0  0.0  0.0  0.0
  0.0  0.0  0.0  0.0  0.0  0.0  0.0  0.0  0.0  0.0  0.0  0.0  0.0  0.0  0.0
  0.0  0.0  0.0  0.0  0.0  0.0  0.0  0.0  0.0  0.0  0.0  0.0  0.0  0.0  0.0
  0.0  0.0  0.0  0.0  0.0  0.0  0.0 60.9 17.4  0.0 34.8  0.0  0.0  0.0  0.0
  0.0  8.7  0.0  0.0  0.0  8.7  0.0 26.1  0.0  8.7  0.0  0.0 17.4  0.0  0.0
    -29.30     -3.73      7.73     -6.61     -0.82 17.4  0.0  0.0  0.0  0.0
                                 t000134_s19_p3_ai-el2ap.txt 20.8  5.2  124
  8.1  8.1  0.0 16.1  0.0  0.0  0.0 24.2  0.0  0.0  0.0  0.0  0.0  0.0  0.0
  0.0  0.0  0.0 16.1  0.0  0.0362.9 88.7 40.3 40.3  0.0  0.0 16.1  0.0  8.1
  0.0  0.0 32.3  0.0  0.0  8.1  0.0  0.0  0.0  0.0  0.0  0.0  0.0  0.0  0.0
  0.0  0.0  0.0  0.0  0.0  0.0 16.1  0.0  0.0  8.1 40.3  0.0  0.0 72.6  0.0
  0.0  0.0  0.0  0.0  0.0  0.0  0.0  0.0  0.0  0.0  0.0  0.0  0.0  0.0  0.0
  0.0  0.0  0.0  0.0  0.0  8.1  0.0  0.0  0.0  0.0  0.0  0.0  0.0  0.0  0.0
  0.0  0.0  0.0  0.0  0.0  0.0  0.0  0.0  0.0  0.0  0.0  0.0  0.0  0.0  0.0
  8.1  0.0  0.0  8.1  0.0  0.0  0.0  0.0  0.0  0.0  0.0  0.0  0.0  0.0  0.0
  0.0  0.0  0.0  0.0  0.0  0.0  0.0 24.2  0.0  0.0 24.2 16.1  8.1  0.0  0.0
  0.0  0.0  0.0  0.0  0.0  0.0  0.0  8.1  0.0  0.0  0.0  0.0  8.1  0.0  0.0
    -15.20     -1.41      6.79     -6.61     -3.63  0.0  0.0  0.0  0.0  0.0
                                 t000134_s19_p4_ai-el2ap.txt 22.0  5.7  131
  7.6  0.0  0.0 45.8  0.0  0.0  0.0  0.0  0.0  0.0  0.0  0.0  0.0  0.0  0.0
  0.0  0.0  0.0 15.3  0.0  0.0389.3 84.0 38.2 22.9  0.0  0.0  0.0  0.0  0.0
  0.0  0.0 22.9  0.0  0.0 15.3  7.6  0.0  0.0  0.0  0.0  0.0  7.6 30.5  0.0
  0.0  0.0  0.0  7.6  7.6  0.0 15.3 30.5  0.0  0.0 99.2  0.0  0.0 68.7  7.6
  0.0  0.0  0.0  0.0  0.0  0.0  0.0  0.0  0.0  0.0  0.0  0.0  0.0  0.0  0.0
  0.0  0.0  0.0  0.0  0.0  0.0  7.6  0.0  0.0  0.0  0.0  0.0  0.0  0.0  0.0
  7.6  0.0  0.0  0.0  0.0  0.0  0.0  0.0  0.0  0.0  7.6  0.0  0.0  0.0  0.0
  7.6  0.0  0.0  7.6  7.6  0.0  7.6  7.6  0.0  0.0  0.0  0.0  0.0  0.0  0.0
  0.0  0.0  0.0  0.0  0.0  0.0  0.0 61.1  0.0  0.0 15.3  7.6  0.0  0.0  0.0
  0.0  0.0  0.0  0.0  0.0  0.0  0.0  0.0  0.0 22.9  0.0  0.0  0.0  0.0  0.0
    -23.94     -4.97      1.70     -6.61      5.77  0.0  0.0  0.0  0.0  0.0
                                  t000134_s2_p1_ai-el2ap.txt 29.0  4.8  175
  0.0  0.0  0.0 40.0  0.0 11.4  0.0  0.0  0.0  0.0  0.0  0.0  0.0  0.0  0.0
  0.0  0.0  0.0 22.9  0.0  0.0434.3 80.0 22.9 22.9  5.7  0.0  5.7  0.0  5.7
  0.0  0.0 74.3  0.0  0.0  0.0  0.0  0.0  5.7  0.0  0.0  0.0  0.0  5.7  5.7
  5.7  0.0  0.0  0.0  0.0  0.0 22.9 17.1  0.0  5.7 28.6  5.7  0.0 62.9  0.0
  0.0  0.0  0.0  0.0  0.0  0.0  0.0  0.0  0.0  0.0  0.0  0.0  0.0  0.0  0.0
  0.0  0.0  0.0  0.0  0.0  0.0  0.0  0.0  0.0  0.0  0.0  0.0  0.0  0.0  0.0
  0.0  0.0  0.0  0.0  0.0  0.0  0.0  0.0  0.0  0.0  0.0  0.0  0.0  0.0  0.0
  0.0  0.0  0.0  0.0  0.0  0.0  0.0  0.0  0.0  0.0  0.0  0.0  0.0  0.0  0.0
  0.0  0.0  0.0  0.0  0.0  0.0  0.0  0.0 34.3  0.0  0.0  0.0  5.7  0.0  0.0
  0.0  0.0  0.0  0.0  0.0  0.0  0.0 11.4 17.1  0.0  5.7  0.0  0.0  0.0  0.0
    -17.99     -3.66      8.99     -4.76      3.48  0.0  0.0  0.0  0.0  0.0
                                  t000134_s6_p1_ai-el2ap.txt 26.5  5.0  229
 17.5  0.0  0.0 13.1  0.0  0.0  0.0  0.0  0.0  0.0  0.0  0.0  0.0  0.0  0.0
  0.0  0.0  0.0  8.7  0.0  0.0331.9131.0 56.8 34.9  0.0  0.0  4.4  0.0  0.0
  0.0  4.4 69.9  0.0  0.0  8.7  0.0  0.0  0.0  0.0  0.0  0.0  0.0  0.0  0.0
  4.4  4.4  8.7  4.4  4.4  0.0 17.5  4.4  0.0  0.0 65.5  0.0  0.0 69.9 17.5
  0.0  0.0  0.0  0.0  0.0  0.0  0.0  0.0  0.0  0.0  0.0  0.0  0.0  0.0  0.0
  0.0  0.0  0.0  0.0  0.0  0.0  4.4  0.0  0.0  0.0  0.0  0.0  0.0  0.0  0.0
  0.0  0.0  0.0  0.0  0.0  0.0  0.0  0.0  0.0  0.0  0.0  0.0  0.0  0.0  0.0
  4.4  0.0  0.0  4.4  0.0  0.0  0.0  0.0  0.0  0.0  0.0  0.0  0.0  0.0  0.0
  0.0  0.0  0.0  0.0  0.0  0.0  0.0 30.6  8.7  0.0 30.6  0.0  8.7  4.4  8.7
  0.0  0.0  0.0  0.0  0.0  0.0  4.4  4.4  0.0 13.1  0.0  0.0 17.5  0.0  0.0
    -24.77     -3.77      6.95     -6.61     -2.22  0.0  0.0  0.0  0.0  0.0
                                 t000134_s6_p10_ai-el2ap.txt 27.5  5.0  231
  0.0  4.3  0.0 51.9  0.0  4.3  4.3  0.0  4.3  4.3  0.0  0.0  0.0  0.0  0.0
  0.0  0.0  0.0  0.0  0.0  0.0329.0129.9 51.9 17.3  4.3  0.0 13.0  0.0  4.3
  0.0  4.3 34.6  0.0  0.0 26.0  4.3  0.0  0.0  0.0  0.0  8.7  4.3 13.0  0.0
  0.0  0.0  0.0  8.7 30.3  0.0  4.3 13.0  0.0  4.3 95.2  8.7  0.0 86.6  4.3
  4.3  4.3  0.0  0.0  0.0  0.0  0.0  0.0  0.0  0.0  0.0  0.0  0.0  0.0  0.0
  0.0  0.0  0.0  0.0  0.0  4.3  0.0  4.3  0.0  4.3  0.0  0.0  0.0  0.0  0.0
  0.0  0.0  0.0  0.0  0.0  0.0  0.0  0.0  4.3  0.0  0.0  0.0  0.0  0.0  0.0
  4.3  8.7  0.0 13.0  0.0  4.3  4.3  0.0  0.0  0.0  0.0  0.0  0.0  0.0  0.0
  0.0  0.0  0.0  0.0  0.0  0.0  0.0 21.6  4.3  0.0 30.3  0.0  4.3  0.0  4.3
  0.0  4.3  0.0  0.0  0.0  0.0  0.0  4.3  0.0 21.6  0.0  4.3  0.0  0.0  0.0
    -22.94     -2.56      5.67     -3.14      1.05  0.0  0.0  0.0  0.0  0.0
                                 t000134_s6_p11_ai-el2ap.txt 33.0  5.3  314
  6.4  0.0  0.0 25.5  0.0  0.0  3.2  0.0  3.2  6.4  0.0  0.0  0.0  0.0  0.0
  0.0  0.0  0.0 15.9  0.0  0.0350.3143.3 47.8 15.9  3.2  3.2  0.0  0.0  6.4
  0.0  0.0 66.9  0.0  3.2 15.9  9.6  0.0  0.0  0.0  0.0  0.0  3.2 15.9  0.0
  0.0  0.0  0.0 15.9  0.0  0.0 15.9 15.9  0.0  6.4 63.7  6.4  0.0 54.1  6.4
  0.0  0.0  0.0  0.0  0.0  0.0  0.0  0.0  0.0  0.0  0.0  0.0  0.0  0.0  0.0
  0.0  0.0  0.0  0.0  0.0  0.0  3.2  0.0  0.0  0.0  0.0  0.0  0.0  0.0  0.0
  3.2  0.0  0.0  0.0  0.0  0.0  0.0  0.0  0.0  0.0  0.0  0.0  0.0  0.0  0.0
  3.2  0.0  0.0  3.2  3.2  0.0  3.2  0.0  0.0  0.0  0.0  0.0  0.0  0.0  0.0
  0.0  0.0  0.0  0.0  0.0  0.0  0.0 22.3  9.6  3.2  6.4  0.0  9.6  0.0 19.1
  0.0  0.0  0.0  9.6  0.0  0.0  0.0  3.2  0.0 19.1  0.0  0.0  3.2  3.2  0.0
    -23.54     -4.45      6.96     -6.61      0.78  0.0  0.0  0.0  0.0  0.0
                                 t000134_s6_p12_ai-el2ap.txt 32.3  5.0  205
  0.0  0.0  0.0 48.8  0.0  0.0  0.0  0.0  4.9  9.8  4.9  0.0  0.0  0.0  0.0
  0.0  0.0  4.9 19.5  0.0  0.0317.1107.3 19.5 14.6  4.9 19.5  4.9  0.0  0.0
  0.0  0.0 19.5  0.0  0.0 29.3  0.0  0.0  0.0  0.0  0.0  4.9  4.9 39.0  0.0
  0.0  4.9  4.9 14.6  4.9  4.9 24.4 39.0  0.0  0.0 48.8  9.8  0.0 63.4  0.0
  0.0  0.0  0.0  0.0  0.0  0.0  0.0  0.0  0.0  0.0  0.0  0.0  0.0  0.0  0.0
  0.0  0.0  0.0  4.9  0.0  0.0  0.0  0.0  0.0  0.0  0.0  0.0  0.0  0.0  0.0
  0.0  0.0  0.0  0.0  0.0  0.0  0.0  0.0  0.0  0.0  4.9  0.0  0.0  0.0  0.0
  4.9  0.0  0.0  4.9  0.0  0.0  0.0  4.9  0.0  0.0  0.0  0.0  0.0  0.0  0.0
  0.0  0.0  0.0  0.0  0.0  0.0  0.0 14.6  0.0  0.0 14.6  0.0  0.0  4.9  4.9
  0.0  0.0  0.0  0.0  0.0  0.0  0.0  0.0  0.0 19.5  0.0  0.0  9.8  0.0  0.0
    -16.56     -0.37      0.67     -4.65      5.34  4.9  0.0  0.0  0.0  0.0
                                 t000134_s6_p13_ai-el2ap.txt 21.8  5.4  119
  0.0  0.0  0.0 58.8  0.0  0.0  0.0  0.0  0.0  0.0  0.0  8.4  0.0  0.0  0.0
  0.0  0.0  0.0 16.8  0.0  0.0352.9126.1 50.4  8.4 50.4  0.0  0.0  0.0  8.4
  0.0  8.4 58.8  0.0  0.0 33.6  0.0  0.0  0.0  0.0  0.0 16.8  0.0 16.8  0.0
  0.0  0.0  0.0  8.4  8.4  0.0 33.6 16.8  0.0  8.4 84.0 50.4  0.0 67.2  0.0
  0.0  0.0  0.0  0.0  0.0  0.0  0.0  0.0  0.0  0.0  0.0  0.0  0.0  0.0  0.0
  0.0  0.0  0.0  0.0  0.0  0.0  0.0  0.0  0.0  0.0  0.0  0.0  0.0  0.0  0.0
  0.0  0.0  0.0  0.0  0.0  0.0  0.0  0.0  0.0  0.0 16.8  0.0  0.0  0.0  0.0
  0.0  0.0  0.0  0.0  0.0  0.0  0.0 16.8  0.0  0.0  0.0  0.0  0.0  0.0  0.0
  0.0  0.0  0.0  0.0  0.0  0.0  0.0 16.8  0.0  8.4  8.4  0.0  0.0  8.4 50.4
  0.0  8.4  0.0  0.0  0.0 16.8  0.0  0.0  0.0  8.4  0.0  0.0  8.4  0.0  0.0
    -19.54     -3.21     10.46      0.12     -1.08  0.0  0.0  0.0  0.0  0.0
                                 t000134_s6_p14_ai-el2ap.txt 23.8  5.0  140
  0.0  0.0  0.0 64.3  0.0  0.0  7.1  0.0  0.0 14.3  0.0  0.0  0.0  0.0  0.0
  0.0  0.0  0.0  0.0  0.0  0.0307.1135.7 28.6 42.9  0.0  7.1 14.3  0.0  7.1
  0.0  0.0 28.6  7.1  0.0 21.4  7.1  0.0  0.0  0.0  0.0 14.3  7.1 28.6  0.0
  0.0  7.1  7.1  7.1  0.0  0.0  7.1 28.6  0.0  7.1 42.9  0.0  0.0107.1 14.3
  0.0  0.0  0.0  0.0  0.0  0.0  0.0  0.0  0.0  0.0  0.0  0.0  0.0  0.0  0.0
  0.0  0.0  0.0  7.1  0.0  0.0  7.1  0.0  0.0  0.0  0.0  0.0  0.0  0.0  0.0
  7.1  0.0  0.0  0.0  0.0  0.0  0.0  0.0  0.0  0.0  0.0  0.0  0.0  0.0  0.0
 14.3  0.0  0.0 14.3  7.1  0.0  7.1  0.0  0.0  0.0  0.0  0.0  0.0  0.0  0.0
  0.0  0.0  0.0  0.0  0.0  0.0  0.0 14.3  7.1  0.0  7.1  0.0  0.0  7.1  0.0
  0.0  0.0  0.0  0.0  0.0  0.0  0.0  0.0  7.1 21.4  0.0  0.0  0.0  0.0  0.0
    -21.37     -0.30      3.27     -0.89      5.17  0.0  0.0  0.0  0.0  0.0
                                 t000134_s6_p15_ai-el2ap.txt 23.3  5.2  137
  7.3  0.0  0.0 43.8  0.0  0.0  0.0  0.0  0.0 14.6  0.0  0.0  0.0  0.0  0.0
  0.0  0.0  0.0 14.6  0.0  0.0350.4116.8 58.4 21.9  0.0 14.6  0.0  0.0  0.0
  0.0  0.0 73.0  7.3  0.0 14.6  0.0  0.0  0.0  0.0  0.0  0.0  0.0  7.3  7.3
  7.3  0.0  0.0  0.0  0.0  0.0 14.6 21.9  0.0  0.0 65.7  0.0  0.0 80.3  0.0
  0.0  0.0  0.0  0.0  0.0  0.0  0.0  0.0  0.0  0.0  0.0  0.0  0.0  0.0  0.0
  0.0  0.0  0.0  0.0  0.0  0.0  0.0  0.0  0.0  0.0  0.0  0.0  0.0  0.0  0.0
  0.0  0.0  0.0  0.0  0.0  0.0  0.0  0.0  0.0  0.0  0.0  0.0  0.0  0.0  0.0
  0.0  0.0  0.0  0.0  0.0  0.0  0.0  0.0  0.0  0.0  0.0  0.0  0.0  0.0  0.0
  0.0  0.0  0.0  0.0  0.0  0.0  0.0 14.6 29.2  0.0 21.9  7.3  0.0  7.3 14.6
  0.0  0.0  0.0  0.0  7.3  0.0  0.0  0.0  7.3  0.0  0.0  0.0  7.3  7.3  0.0
    -22.16     -2.20      3.13     -6.61      5.45  0.0  0.0  0.0  0.0  0.0
                                 t000134_s6_p16_ai-el2ap.txt 20.3  5.2  119
  8.4  0.0  0.0 33.6  0.0  0.0  8.4  0.0  0.0 25.2  0.0  0.0  0.0  0.0  0.0
  0.0  0.0  0.0  0.0  0.0  0.0319.3109.2 50.4 42.0  0.0  8.4 16.8  0.0  8.4
  0.0  0.0 58.8  8.4 16.8 16.8  8.4  0.0  0.0  0.0  0.0  8.4  0.0 25.2  0.0
  0.0  0.0  0.0  8.4  8.4  0.0  0.0 25.2  0.0  8.4 75.6  0.0  0.0 92.4  0.0
  0.0  0.0  0.0  0.0  0.0  0.0  0.0  0.0  0.0  0.0  0.0  0.0  0.0  0.0  0.0
  0.0  0.0  0.0  0.0  0.0  0.0  0.0  0.0  0.0  0.0  0.0  0.0  0.0  0.0  0.0
  0.0  0.0  0.0  0.0  0.0  0.0  0.0  0.0  0.0  8.4  0.0  0.0  0.0  0.0  0.0
  0.0  0.0  0.0  0.0  0.0  0.0  8.4  0.0  0.0  0.0  0.0  0.0  0.0  0.0  0.0
  0.0  0.0  0.0  0.0  0.0  0.0  0.0  8.4 16.8  8.4  8.4  0.0  0.0  8.4 16.8
  8.4  0.0  0.0  0.0  0.0 16.8 16.8  8.4  0.0 25.2  0.0  8.4  0.0  0.0  0.0
    -20.61      0.38      0.96     -3.24      0.19  0.0  0.0  0.0  0.0  0.0
                                 t000134_s6_p17_ai-el2ap.txt 24.8  4.8  134
  0.0  0.0  0.0 44.8  0.0  0.0  0.0  0.0  0.0  7.5  0.0  0.0  0.0  0.0  0.0
  0.0  0.0  0.0  0.0  0.0  0.0306.0119.4 67.2  7.5  0.0 29.9  0.0  0.0  0.0
  0.0  0.0 44.8  7.5  0.0 29.9  0.0  0.0  0.0  0.0  0.0  0.0 14.9 14.9  0.0
  7.5  0.0  0.0  0.0  7.5  0.0  0.0 22.4  0.0  0.0111.9  0.0  0.0 59.7  7.5
  0.0  0.0  0.0  0.0  0.0  0.0  0.0  0.0  0.0  0.0  0.0  0.0  0.0  0.0  0.0
  0.0  0.0  0.0  0.0  0.0  0.0  0.0  0.0  0.0  7.5  0.0  0.0  0.0  0.0  0.0
  0.0  0.0  0.0  0.0  0.0  0.0  0.0  0.0  0.0  0.0  0.0  0.0  0.0  0.0  0.0
  0.0  7.5  0.0  7.5  0.0  0.0  0.0  0.0  0.0  0.0  0.0  0.0  0.0  0.0  0.0
  0.0  0.0  0.0  0.0  0.0  0.0  0.0 14.9  7.5  0.0  7.5  0.0  0.0  0.0  0.0
  0.0  7.5  0.0  0.0  0.0  7.5  7.5  0.0  0.0  7.5  0.0  0.0  7.5  7.5  0.0
    -25.21      0.26      0.25     -6.61     10.37  0.0  0.0  0.0  0.0  0.0
                                 t000134_s6_p18_ai-el2ap.txt 20.3  5.6  123
  0.0  0.0  0.0 56.9  0.0  0.0  0.0  0.0  0.0  0.0  0.0  0.0  0.0  0.0  0.0
  0.0  0.0  0.0  8.1  0.0  0.0365.9178.9 48.8 16.3  0.0  0.0  8.1  0.0 16.3
  0.0  0.0113.8  0.0  0.0 32.5  0.0  0.0  0.0  0.0  0.0  0.0  0.0  8.1  0.0
  8.1  0.0  0.0  0.0  0.0  0.0  8.1 16.3  0.0 16.3 56.9  0.0  0.0 73.2  0.0
  8.1  0.0  0.0  0.0  0.0  0.0  0.0  0.0  0.0  0.0  0.0  0.0  0.0  0.0  0.0
  0.0  0.0  0.0  0.0  0.0  0.0  0.0  0.0  0.0  0.0  0.0  0.0  0.0  0.0  0.0
  0.0  0.0  0.0  0.0  0.0  0.0  0.0  0.0  0.0  0.0  0.0  0.0  0.0  0.0  0.0
  0.0  0.0  0.0  0.0  0.0  0.0  0.0  0.0  0.0  0.0  0.0  0.0  0.0  0.0  0.0
  0.0  0.0  0.0  0.0  0.0  0.0  0.0 24.4  0.0  8.1 24.4  0.0  0.0  0.0 16.3
  0.0  0.0  0.0  0.0  8.1  0.0  0.0  0.0  8.1  0.0  0.0  0.0 16.3  0.0  0.0
    -29.18     -3.69     15.16     -6.61      0.23  0.0  0.0  0.0  0.0  0.0
                                  t000134_s6_p2_ai-el2ap.txt 20.8  5.1  126
  7.9  0.0  0.0 79.4  0.0 15.9  0.0  0.0  0.0  0.0  0.0  0.0  0.0  0.0  0.0
  0.0  0.0  0.0  7.9  0.0  0.0349.2119.0 55.6 15.9  0.0  0.0  7.9  0.0  7.9
 15.9  0.0 47.6  0.0  0.0 47.6  0.0  0.0  0.0  0.0  0.0  0.0  0.0  0.0  0.0
  0.0  0.0  0.0  7.9 23.8  0.0  7.9  0.0  0.0 23.8127.0  0.0  0.0103.2  0.0
  0.0  0.0  0.0  0.0  0.0  0.0  0.0  0.0  0.0  0.0  0.0  0.0  0.0  0.0  0.0
  0.0  0.0  0.0  0.0  0.0  0.0  0.0  0.0  0.0  0.0  0.0  0.0  0.0  0.0  0.0
  0.0  0.0  0.0  0.0  0.0  0.0  0.0  0.0  0.0  0.0  0.0  0.0  0.0  0.0  0.0
  0.0  0.0  0.0  0.0  0.0  0.0  0.0  0.0  0.0  0.0  0.0  0.0  0.0  0.0  0.0
  0.0  0.0  0.0  0.0  0.0  0.0  0.0 31.7 23.8  0.0 15.9 15.9 15.9  7.9  0.0
  0.0  0.0  0.0  0.0  0.0  0.0  0.0  0.0  0.0  7.9  0.0  0.0 15.9  0.0  0.0
    -19.76     -3.74     19.97     -6.61     -3.63  0.0  0.0  0.0  0.0  0.0
                                  t000134_s6_p3_ai-el2ap.txt 17.3  4.6   96
  0.0  0.0  0.0 10.4  0.0 10.4  0.0 10.4  0.0  0.0  0.0  0.0  0.0  0.0  0.0
  0.0  0.0  0.0  0.0  0.0  0.0427.1 83.3 20.8 52.1  0.0  0.0  0.0  0.0  0.0
  0.0  0.0 41.7  0.0  0.0 31.3  0.0  0.0  0.0  0.0  0.0  0.0  0.0  0.0  0.0
  0.0 10.4  0.0  0.0  0.0  0.0 10.4  0.0  0.0  0.0 72.9  0.0  0.0 52.1  0.0
  0.0  0.0  0.0  0.0  0.0  0.0  0.0  0.0  0.0  0.0  0.0  0.0  0.0  0.0  0.0
  0.0  0.0  0.0  0.0  0.0  0.0  0.0  0.0  0.0  0.0  0.0  0.0  0.0  0.0  0.0
  0.0  0.0  0.0  0.0  0.0  0.0  0.0  0.0  0.0  0.0  0.0  0.0  0.0  0.0  0.0
  0.0  0.0  0.0  0.0  0.0  0.0  0.0  0.0  0.0  0.0  0.0  0.0  0.0  0.0  0.0
  0.0  0.0  0.0  0.0  0.0  0.0  0.0 41.7 31.3  0.0 10.4  0.0 10.4 31.3  0.0
  0.0  0.0  0.0  0.0  0.0  0.0  0.0  0.0  0.0 10.4  0.0  0.0 10.4  0.0  0.0
    -20.78     -4.01      2.09     -6.61     -3.63  0.0  0.0  0.0  0.0  0.0
                                  t000134_s6_p4_ai-el2ap.txt 18.0  4.8   99
 10.1  0.0  0.0 20.2  0.0  0.0  0.0 10.1  0.0  0.0  0.0  0.0  0.0  0.0  0.0
  0.0  0.0  0.0  0.0  0.0  0.0343.4131.3 40.4 20.2  0.0 20.2  0.0  0.0  0.0
  0.0  0.0 70.7  0.0 10.1 30.3  0.0  0.0  0.0  0.0  0.0  0.0  0.0 20.2  0.0
  0.0  0.0  0.0  0.0  0.0  0.0  0.0 20.2  0.0  0.0 40.4  0.0  0.0 50.5  0.0
  0.0  0.0  0.0  0.0  0.0  0.0  0.0  0.0  0.0  0.0  0.0  0.0  0.0  0.0  0.0
  0.0  0.0  0.0  0.0  0.0  0.0  0.0  0.0  0.0  0.0  0.0  0.0  0.0  0.0  0.0
  0.0  0.0  0.0  0.0  0.0  0.0  0.0  0.0  0.0  0.0  0.0  0.0  0.0  0.0  0.0
  0.0  0.0  0.0  0.0  0.0  0.0  0.0  0.0  0.0  0.0  0.0  0.0  0.0  0.0  0.0
  0.0  0.0  0.0  0.0  0.0  0.0  0.0 30.3  0.0  0.0 30.3  0.0 10.1  0.0 10.1
  0.0 10.1  0.0  0.0  0.0  0.0  0.0 10.1  0.0  0.0  0.0  0.0  0.0  0.0  0.0
    -23.77     -1.18      1.19     -6.61     -0.57  0.0  0.0  0.0  0.0  0.0
                                  t000134_s6_p5_ai-el2ap.txt 14.8  4.7   90
  0.0  0.0  0.0 22.2  0.0  0.0  0.0 11.1  0.0  0.0  0.0  0.0  0.0  0.0  0.0
  0.0  0.0  0.0  0.0  0.0  0.0355.6122.2 22.2 22.2  0.0  0.0  0.0  0.0  0.0
  0.0  0.0 44.4  0.0 11.1 33.3  0.0  0.0  0.0  0.0  0.0 11.1  0.0 22.2  0.0
  0.0  0.0  0.0  0.0  0.0  0.0  0.0 22.2  0.0  0.0 22.2  0.0  0.0 55.6  0.0
 11.1  0.0  0.0  0.0  0.0  0.0  0.0  0.0  0.0  0.0  0.0  0.0  0.0  0.0  0.0
  0.0  0.0  0.0  0.0  0.0  0.0  0.0  0.0  0.0  0.0  0.0  0.0  0.0  0.0  0.0
  0.0  0.0  0.0  0.0  0.0  0.0  0.0  0.0  0.0  0.0  0.0  0.0  0.0  0.0  0.0
  0.0  0.0  0.0  0.0  0.0  0.0  0.0  0.0  0.0  0.0  0.0  0.0  0.0  0.0  0.0
  0.0  0.0  0.0  0.0  0.0  0.0  0.0 44.4  0.0  0.0 33.3  0.0  0.0  0.0 11.1
  0.0  0.0  0.0  0.0  0.0  0.0  0.0 11.1  0.0 11.1  0.0  0.0  0.0  0.0  0.0
    -23.27     -5.00     -1.10     -2.16     -0.26  0.0  0.0  0.0  0.0  0.0
                                  t000134_s6_p6_ai-el2ap.txt 23.3  5.2  145
 13.8  0.0  0.0 34.5  0.0 20.7  0.0  0.0  0.0  0.0  0.0  0.0  0.0  0.0  0.0
  0.0  0.0 13.8  6.9  0.0  0.0344.8124.1 48.3 34.5  6.9  6.9  0.0  0.0  0.0
  0.0  0.0 75.9  6.9  0.0 20.7  6.9  0.0  0.0  0.0  0.0 13.8  6.9  6.9  6.9
  0.0  6.9  0.0  6.9 13.8 13.8 13.8 13.8  0.0  0.0 62.1  6.9  0.0 82.8  0.0
  0.0  0.0  0.0  0.0  0.0  0.0  0.0  0.0  0.0  0.0  0.0  0.0  0.0  0.0  0.0
  0.0  0.0  0.0  0.0  0.0  0.0  0.0  0.0  0.0  0.0  0.0  0.0  0.0  0.0  0.0
  0.0  0.0  0.0  0.0  0.0  0.0  0.0  0.0  0.0  0.0  0.0  0.0  0.0  0.0  0.0
  0.0  0.0  0.0  0.0  0.0  0.0  0.0  0.0  0.0  0.0  0.0  0.0  0.0  0.0  0.0
  0.0  0.0  0.0  0.0  0.0  0.0  0.0 34.5  0.0  0.0 20.7  0.0  0.0  6.9 20.7
  0.0  0.0  0.0  0.0  0.0  0.0  0.0  6.9  6.9  0.0  6.9  0.0  6.9  0.0  0.0
    -15.16     -2.96      3.10     -1.09      7.03  6.9  0.0  0.0  0.0  0.0
                                  t000134_s6_p7_ai-el2ap.txt 33.0  5.7  217
  0.0  0.0  0.0 41.5  0.0  0.0  0.0  9.2  0.0  0.0  0.0  0.0  0.0  0.0  0.0
  0.0  0.0  0.0  4.6  0.0  0.0359.4115.2 87.6 18.4  4.6  0.0  4.6  0.0  4.6
  0.0  4.6 50.7  0.0  0.0 36.9  0.0  0.0  0.0  0.0  0.0  0.0  0.0  0.0  0.0
  0.0  0.0  0.0  4.6 13.8  0.0  9.2  0.0  0.0  4.6119.8  4.6  0.0 64.5  4.6
  4.6  0.0  0.0  0.0  0.0  0.0  0.0  0.0  0.0  0.0  0.0  0.0  0.0  0.0  0.0
  0.0  0.0  0.0  0.0  0.0  0.0  0.0  0.0  0.0  0.0  0.0  0.0  0.0  0.0  0.0
  0.0  0.0  0.0  0.0  0.0  0.0  0.0  0.0  0.0  0.0  4.6  0.0  0.0  0.0  0.0
  0.0  0.0  0.0  0.0  0.0  0.0  0.0  4.6  0.0  0.0  0.0  0.0  0.0  0.0  0.0
  0.0  0.0  0.0  0.0  0.0  0.0  0.0 36.9  9.2  4.6 23.0  4.6  0.0  4.6 18.4
  0.0  4.6  0.0  0.0  0.0  0.0  0.0  4.6  0.0  0.0  0.0  0.0  0.0  0.0  0.0
    -27.78     -4.06      6.41     -6.61     -3.63  0.0  0.0  0.0  0.0  0.0
                                  t000134_s6_p8_ai-el2ap.txt 22.8  5.3  130
  0.0  0.0  0.0  7.7  0.0  0.0  0.0  7.7  0.0  0.0  0.0  0.0  0.0  0.0  0.0
  0.0  0.0  0.0  0.0  0.0  0.0415.4115.4 53.8 53.8  0.0  0.0  0.0  0.0  7.7
  0.0  0.0 38.5  0.0  0.0 15.4  7.7  0.0  0.0  0.0  0.0  7.7  0.0 15.4  0.0
  0.0  0.0  0.0 15.4  7.7  0.0  0.0 15.4  0.0  7.7 84.6  0.0  0.0 69.2  0.0
  0.0  0.0  0.0  0.0  0.0  0.0  0.0  0.0  0.0  0.0  0.0  0.0  0.0  0.0  0.0
  0.0  0.0  0.0  0.0  0.0  7.7  0.0  0.0  0.0  0.0  0.0  0.0  0.0  0.0  0.0
  7.7  0.0  0.0  0.0  0.0  0.0  0.0  0.0  0.0  0.0 15.4  0.0  0.0  0.0  0.0
  7.7  0.0  0.0  7.7  7.7  0.0  7.7 15.4  0.0  0.0  0.0  0.0  0.0  0.0  0.0
  0.0  0.0  0.0  0.0  0.0  0.0  0.0 23.1 15.4  0.0  7.7  7.7  7.7 15.4 15.4
  0.0  0.0  0.0  0.0  0.0 15.4  7.7  7.7  0.0 30.8  0.0  0.0  0.0  0.0  0.0
    -28.97     -3.96      6.62     -3.53     -1.30  0.0  0.0  0.0  0.0  0.0
                                  t000134_s6_p9_ai-el2ap.txt 14.3  4.8   73
  0.0  0.0  0.0 41.1  0.0 13.7  0.0 41.1 13.7  0.0  0.0  0.0  0.0  0.0  0.0
  0.0  0.0  0.0  0.0  0.0  0.0342.5 95.9 27.4 54.8  0.0  0.0  0.0  0.0 13.7
  0.0  0.0  0.0  0.0  0.0 27.4  0.0  0.0  0.0  0.0  0.0 13.7  0.0 13.7  0.0
  0.0  0.0  0.0  0.0  0.0  0.0  0.0 13.7  0.0 13.7 41.1 13.7  0.0 95.9  0.0
  0.0  0.0  0.0  0.0  0.0  0.0  0.0  0.0  0.0  0.0  0.0  0.0  0.0  0.0  0.0
  0.0  0.0  0.0  0.0  0.0  0.0  0.0  0.0  0.0  0.0  0.0  0.0  0.0  0.0  0.0
  0.0  0.0  0.0  0.0  0.0  0.0  0.0  0.0  0.0  0.0  0.0  0.0  0.0  0.0  0.0
  0.0  0.0  0.0  0.0  0.0  0.0  0.0  0.0  0.0  0.0  0.0  0.0  0.0  0.0  0.0
  0.0  0.0  0.0  0.0  0.0  0.0  0.0 41.1  0.0  0.0  0.0  0.0  0.0  0.0  0.0
  0.0  0.0  0.0  0.0  0.0  0.0  0.0  0.0  0.0 13.7  0.0  0.0  0.0  0.0  0.0
    -10.21     -3.93      6.27     -1.13     -1.55  0.0  0.0  0.0  0.0  0.0
                                  t000134_s8_p1_ai-el2ap.txt 25.8  4.7  168
  0.0  0.0  0.0 35.7  0.0  0.0  0.0  0.0  0.0 17.9  0.0  0.0  0.0  6.0  0.0
  0.0  0.0  0.0  6.0  0.0  0.0309.5 71.4 65.5  0.0  0.0 11.9  0.0  0.0  0.0
  0.0  0.0 35.7  0.0  0.0  6.0  6.0  0.0  0.0  0.0  0.0  0.0  0.0 29.8  0.0
  0.0  0.0  0.0  6.0  0.0  0.0  6.0 29.8  0.0  0.0 77.4  0.0  0.0 47.6  0.0
  0.0  0.0  0.0  0.0  0.0  0.0  0.0  0.0  0.0  0.0  0.0  0.0  0.0  0.0  0.0
  0.0  0.0  0.0  0.0  0.0  0.0  0.0  0.0  0.0  0.0  0.0  0.0  0.0  0.0  0.0
  0.0  0.0  0.0  0.0  6.0  0.0  0.0  0.0  0.0  0.0  0.0  0.0  0.0  0.0  0.0
  0.0  0.0  0.0  0.0  0.0  6.0  6.0  0.0  0.0  0.0  0.0  0.0  0.0  0.0  0.0
  0.0  0.0  0.0  0.0  0.0  0.0  0.0 29.8  0.0  0.0 17.9  0.0  0.0  0.0 11.9
  0.0  6.0  6.0  0.0  0.0  0.0  0.0  6.0  6.0 11.9  0.0  0.0  0.0  6.0  0.0
    -17.74     -3.44      3.12     -6.61      0.88  0.0  0.0  0.0  0.0  0.0
                                  t000134_s8_p2_ai-el2ap.txt 35.0  5.1  254
  3.9  0.0  0.0 19.7  0.0  0.0  0.0  0.0  0.0  7.9  0.0  0.0  0.0  3.9  7.9
  7.9  0.0  0.0  3.9  0.0  0.0311.0114.2 78.7 43.3  0.0  3.9  0.0  0.0 11.8
  0.0  0.0 55.1  7.9  0.0 35.4  3.9  0.0  0.0  0.0  0.0  7.9  7.9  3.9  0.0
  3.9  0.0  0.0 11.8  3.9  0.0  3.9  7.9  0.0 11.8102.4  0.0  0.0 74.8  0.0
  3.9  3.9  0.0  0.0  0.0  0.0  0.0  0.0  0.0  0.0  0.0  0.0  0.0  0.0  0.0
  0.0  0.0  0.0  0.0  0.0  0.0  0.0  0.0  0.0  3.9  0.0  0.0  0.0  0.0  0.0
  0.0  0.0  0.0  0.0  0.0  0.0  0.0  0.0  0.0  0.0  0.0  0.0  0.0  0.0  0.0
  0.0  3.9  0.0  3.9  0.0  0.0  0.0  0.0  0.0  0.0  0.0  0.0  0.0  0.0  0.0
  0.0  0.0  0.0  0.0  0.0  0.0  0.0  3.9  3.9  0.0 19.7  3.9  0.0 11.8 31.5
  0.0  3.9  0.0  0.0  3.9  3.9 11.8  7.9  0.0  3.9  0.0  0.0  7.9  7.9  0.0
    -15.06     -3.55      6.44     -3.46      3.16  0.0  0.0  0.0  0.0  0.0
                                  t000134_s8_p3_ai-el2ap.txt 35.3  5.3  249
  0.0  0.0  0.0 24.1  0.0  8.0  0.0  0.0  4.0  0.0  0.0  0.0  0.0  0.0  0.0
  0.0  0.0  0.0  8.0  0.0  0.0405.6 96.4 56.2 24.1  0.0  8.0  0.0  0.0  0.0
  0.0  0.0 60.2  0.0  0.0 16.1  4.0  0.0  0.0  0.0  0.0  0.0  4.0 16.1  0.0
  8.0  0.0  0.0  0.0  0.0  0.0  8.0 24.1  0.0  0.0 68.3  4.0  0.0 68.3  4.0
  0.0  0.0  0.0  0.0  0.0  0.0  0.0  0.0  0.0  0.0  0.0  0.0  0.0  0.0  0.0
  0.0  0.0  0.0  0.0  0.0  0.0  0.0  0.0  0.0  0.0  0.0  0.0  0.0  0.0  0.0
  0.0  0.0  0.0  0.0  0.0  0.0  0.0  0.0  0.0  0.0  0.0  0.0  0.0  0.0  0.0
  0.0  0.0  0.0  0.0  0.0  0.0  0.0  0.0  0.0  0.0  0.0  0.0  0.0  0.0  0.0
  0.0  0.0  0.0  0.0  0.0  0.0  0.0 16.1 20.1  0.0  8.0  4.0  0.0  4.0 24.1
  0.0  4.0  0.0  0.0  0.0  0.0  4.0  8.0  0.0  4.0  0.0  0.0  0.0  0.0  0.0
    -25.37     -3.39      4.24     -6.61      3.91  0.0  0.0  0.0  0.0  0.0
                                  t000135_s1_p1_ai-el2ap.txt  4.8  4.3   21
  0.0  0.0  0.0  0.0  0.0  0.0  0.0  0.0  0.0  0.0  0.0  0.0  0.0  0.0  0.0
  0.0  0.0  0.0  0.0  0.0  0.0381.0238.1 47.6 47.6  0.0  0.0  0.0  0.0  0.0
  0.0  0.0  0.0  0.0  0.0  0.0  0.0  0.0  0.0  0.0  0.0  0.0  0.0  0.0  0.0
  0.0  0.0  0.0  0.0  0.0  0.0  0.0  0.0  0.0  0.0 95.2  0.0  0.0 47.6  0.0
  0.0  0.0  0.0  0.0  0.0  0.0  0.0  0.0  0.0  0.0  0.0  0.0  0.0  0.0  0.0
  0.0  0.0  0.0  0.0  0.0  0.0  0.0  0.0  0.0  0.0  0.0  0.0  0.0  0.0  0.0
  0.0  0.0  0.0  0.0  0.0  0.0  0.0  0.0  0.0  0.0  0.0  0.0  0.0  0.0  0.0
  0.0  0.0  0.0  0.0  0.0  0.0  0.0  0.0  0.0  0.0  0.0  0.0  0.0  0.0  0.0
  0.0  0.0  0.0  0.0  0.0  0.0  0.0  0.0 47.6  0.0190.5  0.0  0.0  0.0  0.0
  0.0  0.0  0.0  0.0  0.0  0.0  0.0  0.0  0.0  0.0  0.0  0.0  0.0  0.0  0.0
    -32.16     -4.16      0.97     -6.61     -3.63  0.0  0.0  0.0  0.0  0.0
                                  t000135_s1_p2_ai-el2ap.txt 15.3  6.0   82
 12.2  0.0  0.0 24.4  0.0  0.0  0.0  0.0  0.0  0.0  0.0  0.0  0.0  0.0  0.0
  0.0  0.0  0.0 12.2  0.0  0.0365.9134.1 97.6 73.2  0.0  0.0 12.2  0.0  0.0
  0.0  0.0 85.4  0.0  0.0  0.0  0.0  0.0  0.0  0.0  0.0  0.0  0.0 12.2  0.0
  0.0  0.0  0.0  0.0  0.0  0.0 12.2 12.2  0.0  0.0134.1  0.0  0.0122.0 12.2
  0.0  0.0  0.0  0.0  0.0  0.0  0.0  0.0  0.0  0.0  0.0  0.0  0.0  0.0  0.0
  0.0  0.0  0.0  0.0  0.0  0.0  0.0  0.0  0.0  0.0  0.0  0.0  0.0  0.0  0.0
  0.0  0.0  0.0  0.0  0.0  0.0  0.0  0.0  0.0  0.0  0.0  0.0  0.0  0.0  0.0
  0.0  0.0  0.0  0.0  0.0  0.0  0.0  0.0  0.0  0.0  0.0  0.0  0.0  0.0  0.0
  0.0  0.0  0.0  0.0  0.0  0.0  0.0  0.0  0.0  0.0 24.4 12.2 12.2 12.2  0.0
  0.0  0.0  0.0  0.0  0.0  0.0  0.0 12.2  0.0 24.4  0.0  0.0 12.2  0.0  0.0
    -30.01     -1.06      6.90     -6.61     -1.78  0.0  0.0  0.0  0.0  0.0
                                  t000135_s1_p3_ai-el2ap.txt 15.5  4.8   92
  0.0  0.0  0.0 21.7  0.0  0.0  0.0 10.9  0.0  0.0  0.0  0.0  0.0  0.0  0.0
  0.0  0.0 32.6  0.0  0.0  0.0380.4141.3 65.2 43.5  0.0  0.0  0.0  0.0  0.0
  0.0  0.0 65.2  0.0  0.0 10.9  0.0  0.0  0.0  0.0  0.0 10.9  0.0 43.5  0.0
  0.0  0.0  0.0  0.0  0.0 32.6  0.0 43.5  0.0  0.0108.7  0.0 10.9 76.1  0.0
  0.0  0.0  0.0  0.0  0.0  0.0  0.0  0.0  0.0  0.0  0.0  0.0  0.0  0.0  0.0
  0.0  0.0  0.0  0.0  0.0  0.0  0.0  0.0  0.0  0.0  0.0  0.0  0.0  0.0  0.0
  0.0  0.0  0.0  0.0  0.0  0.0  0.0  0.0  0.0  0.0  0.0  0.0  0.0  0.0  0.0
  0.0  0.0  0.0  0.0  0.0  0.0  0.0  0.0  0.0  0.0  0.0  0.0  0.0  0.0  0.0
  0.0  0.0  0.0  0.0  0.0  0.0  0.0  0.0 10.9  0.0 21.7  0.0  0.0  0.0  0.0
  0.0  0.0  0.0  0.0  0.0 10.9  0.0  0.0  0.0 10.9  0.0 10.9  0.0  0.0  0.0
    -17.99     -4.30      4.89     -2.26      2.96  0.0  0.0  0.0  0.0  0.0
                                  t000135_s1_p4_ai-el2ap.txt  7.5  5.7   33
  0.0  0.0  0.0  0.0  0.0  0.0  0.0  0.0  0.0  0.0  0.0  0.0  0.0  0.0  0.0
  0.0  0.0  0.0 30.3  0.0  0.0454.5121.2 90.9 30.3  0.0  0.0  0.0  0.0  0.0
  0.0  0.0 60.6  0.0  0.0  0.0  0.0  0.0  0.0  0.0  0.0  0.0  0.0  0.0  0.0
  0.0  0.0  0.0  0.0  0.0  0.0 30.3  0.0  0.0  0.0 90.9  0.0  0.0 60.6  0.0
  0.0  0.0  0.0  0.0  0.0  0.0  0.0  0.0  0.0  0.0  0.0  0.0  0.0  0.0  0.0
  0.0  0.0  0.0  0.0  0.0  0.0  0.0  0.0  0.0  0.0  0.0  0.0  0.0  0.0  0.0
  0.0  0.0  0.0  0.0  0.0  0.0  0.0  0.0  0.0  0.0  0.0  0.0  0.0  0.0  0.0
  0.0  0.0  0.0  0.0  0.0  0.0  0.0  0.0  0.0  0.0  0.0  0.0  0.0  0.0  0.0
  0.0  0.0  0.0  0.0  0.0  0.0  0.0  0.0  0.0  0.0 30.3  0.0  0.0  0.0  0.0
  0.0  0.0  0.0  0.0  0.0  0.0  0.0 30.3  0.0  0.0  0.0  0.0  0.0  0.0  0.0
    -28.95     -4.73      5.18     -6.61     -3.63  0.0  0.0  0.0  0.0  0.0
                                 t000135_s14_p1_ai-el2ap.txt 16.0  6.1   77
  0.0  0.0  0.0 26.0  0.0  0.0  0.0  0.0  0.0  0.0  0.0  0.0  0.0  0.0  0.0
  0.0  0.0  0.0 13.0  0.0  0.0324.7103.9129.9 90.9  0.0  0.0  0.0  0.0 13.0
  0.0  0.0103.9  0.0  0.0 13.0  0.0  0.0  0.0  0.0  0.0  0.0  0.0 26.0  0.0
  0.0  0.0  0.0  0.0  0.0  0.0 13.0 26.0  0.0 13.0181.8  0.0  0.0 90.9  0.0
  0.0  0.0  0.0  0.0  0.0  0.0  0.0  0.0  0.0  0.0  0.0  0.0  0.0  0.0  0.0
  0.0  0.0  0.0  0.0  0.0  0.0  0.0  0.0  0.0  0.0  0.0  0.0  0.0  0.0  0.0
  0.0  0.0  0.0  0.0  0.0  0.0  0.0  0.0  0.0  0.0  0.0  0.0  0.0  0.0  0.0
  0.0  0.0  0.0  0.0  0.0  0.0  0.0  0.0  0.0  0.0  0.0  0.0  0.0  0.0  0.0
  0.0  0.0  0.0  0.0  0.0  0.0  0.0 13.0 13.0  0.0 13.0  0.0 26.0  0.0 13.0
  0.0  0.0  0.0  0.0  0.0  0.0 13.0 13.0  0.0 13.0 13.0  0.0 26.0  0.0  0.0
    -30.64     -2.74     13.94     -6.61      0.31  0.0  0.0  0.0  0.0  0.0
                                 t000135_s14_p2_ai-el2ap.txt 24.0  5.8  135
  0.0  0.0  0.0  0.0  0.0  0.0  0.0  0.0  0.0  0.0  0.0  0.0  0.0  0.0  0.0
  0.0  0.0  0.0 29.6  0.0  0.0414.8133.3103.7 59.3  7.4  0.0  0.0  0.0 14.8
  0.0  7.4111.1  0.0  7.4  7.4  0.0  0.0  0.0  0.0  0.0  7.4  0.0 29.6  0.0
  0.0  0.0  0.0  0.0  0.0  0.0 37.0 29.6  0.0 14.8111.1  7.4  0.0 66.7  0.0
  0.0  0.0  0.0  0.0  0.0  0.0  0.0  0.0  0.0  0.0  0.0  0.0  0.0  0.0  0.0
  0.0  0.0  0.0  0.0  0.0  0.0  0.0  0.0  0.0  0.0  0.0  0.0  0.0  0.0  0.0
  0.0  0.0  0.0  0.0  0.0  0.0  0.0  0.0  0.0  0.0  0.0  0.0  0.0  0.0  0.0
  0.0  0.0  0.0  0.0  0.0  0.0  0.0  0.0  0.0  0.0  0.0  0.0  0.0  0.0  0.0
  0.0  0.0  0.0  0.0  0.0  0.0  0.0  7.4 14.8  0.0  7.4  7.4  0.0  0.0  0.0
  7.4  0.0  0.0  0.0  0.0  7.4  0.0  7.4  7.4 14.8  0.0  0.0 22.2  0.0  0.0
    -29.54     -3.45     16.24     -3.64      0.86  0.0  0.0  0.0  0.0  0.0
                                 t000135_s14_p3_ai-el2ap.txt 16.8  4.8  101
  0.0  0.0  0.0 19.8  0.0  0.0  0.0  0.0  0.0  0.0  0.0  0.0  0.0  0.0  0.0
  0.0  0.0  0.0  0.0  0.0  0.0306.9198.0 69.3 49.5  0.0  0.0  9.9  0.0  0.0
  0.0  0.0 59.4  0.0  0.0  0.0  9.9  0.0  0.0  0.0  0.0  0.0  0.0 29.7  0.0
  0.0  0.0  0.0  0.0  0.0  0.0  0.0 29.7  0.0  0.0 79.2  0.0  0.0 79.2  0.0
  0.0  0.0  0.0  0.0  0.0  0.0  0.0  0.0  0.0  0.0  0.0  0.0  0.0  0.0  0.0
  0.0  0.0  0.0  9.9  0.0  0.0  9.9  0.0  0.0  0.0  0.0  0.0  0.0  0.0  0.0
  9.9  0.0  9.9  0.0  0.0  0.0  0.0  0.0  0.0  0.0  0.0  0.0  0.0  0.0  0.0
 19.8  0.0  0.0 19.8 19.8  0.0 19.8  0.0  0.0  0.0  0.0  0.0  0.0  0.0  0.0
  0.0  0.0  0.0  0.0  0.0  0.0  0.0  0.0  9.9  9.9 19.8  9.9  0.0 19.8  0.0
  0.0  0.0  0.0  0.0  0.0  0.0  0.0 19.8  0.0 39.6  0.0  0.0  9.9  0.0  0.0
    -30.33     -2.27      5.10     -6.61      0.87  9.9  0.0  0.0  0.0  0.0
                                 t000135_s14_p4_ai-el2ap.txt 30.3  5.6  187
 10.7  0.0  0.0 16.0  0.0  0.0  0.0  0.0  0.0  0.0  0.0  0.0  0.0  0.0  0.0
  5.3  0.0  0.0 21.4  0.0  0.0363.6101.6 58.8 48.1  0.0  0.0  0.0  0.0  0.0
  0.0  0.0112.3  0.0 10.7  5.3  0.0  0.0  0.0  0.0  0.0  0.0  0.0 42.8  0.0
  0.0  0.0  0.0  0.0  0.0  0.0 21.4 42.8  0.0  0.0117.6  0.0  0.0 64.2  0.0
  0.0  0.0  0.0  0.0  0.0  0.0  0.0  0.0  0.0  0.0  0.0  0.0  0.0  0.0  0.0
  0.0  0.0  0.0  0.0  0.0  0.0  0.0  0.0  0.0  0.0  0.0  0.0  0.0  0.0  0.0
  0.0  0.0  0.0  0.0  0.0  0.0  0.0  0.0  0.0  0.0  5.3  0.0  0.0  0.0  0.0
  0.0  0.0  0.0  0.0  0.0  0.0  0.0  5.3  0.0  0.0  0.0  0.0  0.0  0.0  0.0
  0.0  0.0  0.0  0.0  0.0  0.0  0.0  0.0 10.7  0.0 26.7  0.0  0.0 10.7  0.0
  0.0  0.0  0.0  0.0  0.0  5.3  5.3 21.4  5.3  5.3  0.0  0.0  5.3  0.0  0.0
    -21.93     -4.14      5.32     -6.61      2.86  0.0  0.0  0.0  0.0  0.0
                                 t000135_s14_p5_ai-el2ap.txt 19.0  5.8   95
 10.5  0.0  0.0  0.0  0.0  0.0  0.0  0.0  0.0  0.0  0.0  0.0  0.0  0.0  0.0
  0.0  0.0  0.0 10.5  0.0  0.0347.4105.3 94.7 63.2 10.5  0.0  0.0  0.0  0.0
  0.0  0.0 84.2  0.0  0.0 10.5 10.5  0.0  0.0  0.0  0.0  0.0  0.0 42.1  0.0
 10.5 10.5  0.0 10.5  0.0  0.0 21.1 52.6  0.0  0.0115.8 10.5  0.0105.3 31.6
  0.0  0.0  0.0  0.0  0.0  0.0  0.0  0.0  0.0  0.0  0.0  0.0  0.0  0.0  0.0
  0.0  0.0  0.0  0.0  0.0  0.0  0.0  0.0  0.0  0.0  0.0  0.0  0.0  0.0  0.0
  0.0  0.0  0.0  0.0  0.0  0.0  0.0  0.0  0.0  0.0  0.0  0.0  0.0  0.0  0.0
  0.0  0.0  0.0  0.0  0.0  0.0  0.0  0.0  0.0  0.0  0.0  0.0  0.0  0.0  0.0
  0.0  0.0  0.0  0.0  0.0  0.0  0.0  0.0 21.1 10.5 42.1  0.0 10.5 10.5  0.0
  0.0  0.0  0.0  0.0  0.0 10.5  0.0 21.1 10.5 21.1  0.0  0.0  0.0  0.0  0.0
    -28.96     -3.18      6.22     -6.61      6.15  0.0  0.0  0.0  0.0  0.0
                                 t000135_s19_p1_ai-el2ap.txt 11.8  5.2   77
  0.0  0.0  0.0 13.0  0.0  0.0  0.0  0.0  0.0  0.0  0.0  0.0  0.0  0.0  0.0
  0.0  0.0  0.0  0.0  0.0  0.0311.7155.8103.9 39.0  0.0  0.0  0.0  0.0  0.0
  0.0  0.0 51.9  0.0  0.0  0.0  0.0  0.0  0.0  0.0  0.0  0.0  0.0 13.0  0.0
  0.0  0.0  0.0  0.0  0.0  0.0  0.0 13.0  0.0  0.0103.9  0.0  0.0 51.9  0.0
  0.0  0.0  0.0  0.0  0.0  0.0  0.0  0.0  0.0  0.0  0.0  0.0  0.0  0.0  0.0
  0.0  0.0  0.0  0.0  0.0  0.0  0.0  0.0  0.0  0.0  0.0  0.0  0.0  0.0  0.0
  0.0  0.0  0.0  0.0  0.0  0.0  0.0  0.0  0.0  0.0  0.0  0.0  0.0  0.0  0.0
  0.0  0.0  0.0  0.0  0.0  0.0  0.0  0.0  0.0  0.0  0.0  0.0  0.0  0.0  0.0
  0.0  0.0  0.0  0.0  0.0  0.0  0.0  0.0  0.0  0.0  0.0  0.0 13.0 64.9  0.0
  0.0  0.0  0.0  0.0  0.0  0.0  0.0  0.0  0.0  0.0  0.0  0.0 13.0  0.0  0.0
    -31.68     -4.45      4.58     -6.61     -1.66  0.0  0.0  0.0  0.0  0.0
                                 t000135_s19_p2_ai-el2ap.txt 14.8  5.1   80
  0.0  0.0  0.0 12.5  0.0  0.0  0.0  0.0  0.0  0.0  0.0  0.0  0.0  0.0  0.0
  0.0  0.0  0.0  0.0  0.0  0.0412.5125.0100.0 37.5  0.0  0.0  0.0  0.0  0.0
  0.0  0.0 62.5  0.0  0.0 37.5  0.0  0.0  0.0  0.0  0.0  0.0  0.0 25.0  0.0
  0.0  0.0  0.0  0.0  0.0  0.0  0.0 25.0  0.0  0.0125.0  0.0  0.0 62.5  0.0
  0.0  0.0  0.0  0.0  0.0  0.0  0.0  0.0  0.0  0.0  0.0  0.0  0.0  0.0  0.0
  0.0  0.0  0.0  0.0  0.0  0.0  0.0  0.0  0.0  0.0  0.0  0.0  0.0  0.0  0.0
  0.0  0.0  0.0  0.0  0.0  0.0  0.0  0.0  0.0  0.0  0.0  0.0  0.0  0.0  0.0
  0.0  0.0  0.0  0.0  0.0  0.0  0.0  0.0  0.0  0.0  0.0  0.0  0.0  0.0  0.0
  0.0  0.0  0.0  0.0  0.0  0.0  0.0  0.0 12.5 12.5  0.0  0.0  0.0 50.0  0.0
  0.0  0.0  0.0  0.0  0.0  0.0  0.0 12.5  0.0 25.0  0.0  0.0 12.5  0.0  0.0
    -33.03     -4.49      3.18     -6.61      0.16  0.0  0.0  0.0  0.0  0.0
                                 t000135_s19_p3_ai-el2ap.txt 23.8  4.9  158
  0.0  0.0  0.0  6.3  0.0  0.0  0.0  6.3  0.0  0.0  0.0  0.0  0.0  0.0  0.0
  0.0  0.0 12.7 12.7  0.0  0.0493.7107.6 44.3 44.3  0.0  6.3  0.0  0.0  6.3
  0.0  0.0 88.6  0.0  0.0 19.0  0.0  0.0  0.0  0.0  0.0  0.0  0.0 12.7  6.3
  0.0  0.0  0.0  6.3  0.0 12.7 12.7 19.0  0.0  6.3 63.3  0.0  0.0 63.3  6.3
  0.0  0.0  0.0  0.0  0.0  0.0  0.0  0.0  0.0  0.0  0.0  0.0  0.0  0.0  0.0
  0.0  0.0  0.0  0.0  0.0  0.0  0.0  0.0  0.0  0.0  0.0  0.0  0.0  0.0  0.0
  0.0  0.0  0.0  0.0  0.0  0.0  0.0  0.0  0.0  0.0  0.0  0.0  0.0  0.0  0.0
  0.0  0.0  0.0  0.0  0.0  0.0  0.0  0.0  0.0  0.0  0.0  0.0  0.0  0.0  0.0
  0.0  0.0  0.0  0.0  0.0  0.0  0.0  0.0 12.7  0.0 12.7  0.0  0.0  6.3  0.0
  0.0  0.0  0.0  0.0  0.0  0.0  0.0  0.0  0.0 19.0  0.0  6.3  6.3  6.3  0.0
    -23.51     -3.05      9.21     -6.61      3.16  0.0  0.0  0.0  0.0  0.0
                                  t000135_s6_p1_ai-el2ap.txt 28.3  5.8  166
  6.0  0.0  0.0 54.2  0.0  0.0  0.0  0.0  0.0  0.0  0.0  0.0  0.0  0.0  0.0
  0.0  0.0 18.1 18.1  0.0  0.0379.5192.8 66.3 24.1  0.0 36.1  6.0  0.0  6.0
  0.0  0.0144.6  0.0  6.0 24.1  0.0  0.0  6.0  0.0  0.0  6.0  6.0 12.0  0.0
  0.0  0.0  0.0  0.0  0.0 18.1 18.1 12.0  0.0  6.0 84.3  0.0  6.0 96.4  0.0
  0.0  0.0  0.0  0.0  0.0  0.0  0.0  0.0  0.0  0.0  0.0  0.0  0.0  0.0  0.0
  0.0  0.0  0.0  0.0  0.0  0.0  0.0  0.0  0.0  0.0  0.0  0.0  0.0  0.0  0.0
  0.0  0.0  0.0  0.0  0.0  0.0  0.0  0.0  0.0  0.0  0.0  0.0  0.0  0.0  0.0
  0.0  0.0  0.0  0.0  0.0  0.0  0.0  0.0  0.0  0.0  0.0  0.0  0.0  0.0  0.0
  0.0  0.0  0.0  0.0  0.0  0.0  0.0  0.0 24.1  0.0 66.3  0.0  0.0  0.0  0.0
  0.0  0.0  0.0  0.0  0.0  6.0  6.0  6.0  6.0  6.0 12.0  0.0 12.0  0.0  0.0
    -24.02      3.13     10.88     -2.25      1.96  0.0  0.0  0.0  0.0  0.0
                                  t000135_s6_p2_ai-el2ap.txt 14.3  6.1   80
  0.0  0.0  0.0 75.0  0.0  0.0  0.0  0.0  0.0  0.0  0.0  0.0  0.0  0.0  0.0
  0.0  0.0  0.0 12.5  0.0  0.0337.5100.0150.0  0.0  0.0  0.0  0.0  0.0 12.5
 12.5 12.5112.5  0.0  0.0 25.0  0.0  0.0 25.0  0.0  0.0  0.0 12.5  0.0 12.5
 12.5  0.0  0.0 12.5 12.5  0.0 25.0 25.0  0.0 25.0175.0  0.0  0.0112.5  0.0
 25.0  0.0  0.0  0.0  0.0  0.0  0.0  0.0  0.0  0.0  0.0  0.0  0.0  0.0  0.0
  0.0  0.0  0.0  0.0  0.0  0.0  0.0  0.0  0.0  0.0  0.0  0.0  0.0  0.0  0.0
  0.0  0.0  0.0  0.0  0.0  0.0  0.0  0.0  0.0  0.0 12.5  0.0  0.0  0.0  0.0
  0.0  0.0  0.0  0.0  0.0  0.0  0.0 12.5  0.0  0.0  0.0  0.0  0.0  0.0  0.0
  0.0  0.0  0.0  0.0  0.0  0.0  0.0  0.0 25.0 12.5100.0  0.0  0.0  0.0  0.0
  0.0  0.0  0.0  0.0  0.0  0.0  0.0  0.0  0.0  0.0 25.0  0.0 25.0 12.5  0.0
    -30.54     -5.73     29.61      1.46     17.83  0.0  0.0  0.0  0.0  0.0
                                  t000135_s6_p3_ai-el2ap.txt 22.0  5.8  135
  7.4  0.0  0.0 51.9  0.0  0.0  0.0  0.0  0.0  0.0  0.0  0.0  0.0  0.0  0.0
  0.0  0.0  7.4  7.4  0.0  0.0348.1170.4133.3  7.4  7.4 29.6  0.0  0.0  0.0
  0.0  0.0103.7  0.0  7.4 22.2  0.0  0.0  0.0  0.0  0.0 14.8  7.4 29.6  0.0
  7.4  0.0  0.0  0.0  0.0  7.4  7.4 37.0  0.0  0.0155.6  7.4  0.0 66.7  0.0
  0.0  0.0  0.0  0.0  0.0  0.0  0.0  0.0  0.0  0.0  0.0  0.0  0.0  0.0  0.0
  0.0  0.0  0.0  0.0  0.0  0.0  0.0  0.0  0.0  0.0  0.0  0.0  0.0  0.0  0.0
  0.0  0.0  0.0  0.0  0.0  0.0  0.0  0.0  0.0  0.0  0.0  0.0  0.0  0.0  0.0
  0.0  0.0  0.0  0.0  0.0  0.0  0.0  0.0  0.0  0.0  0.0  0.0  0.0  0.0  0.0
  0.0  0.0  0.0  0.0  0.0  0.0  0.0  7.4 14.8 14.8 59.3  0.0  0.0 14.8  7.4
  7.4  0.0  0.0  0.0  0.0  0.0  0.0  7.4  7.4 14.8  7.4  7.4  0.0  0.0  0.0
    -31.01      0.54      4.73     -0.68      7.88  0.0  0.0  0.0  0.0  0.0
                                  t000135_s6_p4_ai-el2ap.txt 27.0  5.6  156
  0.0  0.0  0.0 44.9  0.0  0.0  6.4  0.0  0.0  0.0  0.0  0.0  0.0  0.0  0.0
  6.4  0.0  0.0 19.2  0.0  0.0352.6128.2 70.5 44.9  0.0  0.0  0.0  0.0  0.0
  0.0  6.4 64.1  0.0  0.0 19.2  0.0  0.0 12.8  0.0  0.0  6.4  6.4 25.6  6.4
  6.4  0.0  0.0  0.0  6.4  0.0 25.6 38.5  0.0  0.0 96.2  0.0  0.0109.0  6.4
  6.4  0.0  0.0  0.0  0.0  0.0  0.0  0.0  0.0  0.0  0.0  0.0  0.0  0.0  0.0
  0.0  0.0  0.0  0.0  0.0  0.0  0.0  0.0  0.0  0.0  0.0  0.0  6.4  0.0  0.0
  0.0  6.4  0.0  0.0  0.0  0.0  0.0  0.0  0.0  0.0  0.0  0.0  0.0  0.0  0.0
  0.0  0.0  6.4  6.4  6.4  0.0  6.4  0.0  0.0  0.0  0.0  0.0  0.0  0.0  0.0
  0.0  0.0  0.0  0.0  0.0  0.0  0.0  0.0 12.8  6.4 89.7  0.0  6.4  6.4  6.4
  0.0  0.0  0.0  0.0  0.0  6.4  0.0 12.8 12.8  6.4  6.4  0.0  0.0  0.0  0.0
    -22.41     -4.25      6.71      0.09     11.26  6.4  6.4  0.0  0.0  0.0
                                  t000135_s6_p5_ai-el2ap.txt 19.5  6.0  101
  0.0  0.0  0.0 39.6  0.0  0.0  0.0  0.0  0.0  9.9  0.0  0.0  0.0  0.0  0.0
  0.0  0.0  9.9 19.8  0.0  0.0396.0128.7 89.1  0.0  0.0  9.9  0.0  0.0  0.0
  0.0  0.0118.8  0.0  0.0 19.8  9.9  0.0  9.9  0.0  0.0  0.0  0.0  0.0  0.0
  9.9  0.0  0.0  0.0  0.0  9.9 19.8  9.9  0.0  0.0118.8  0.0  0.0 69.3  9.9
  9.9  0.0  0.0  0.0  0.0  0.0  0.0  0.0  0.0  0.0  0.0  0.0  0.0  0.0  0.0
  0.0  0.0  0.0  0.0  0.0  0.0  0.0  0.0  0.0  0.0  0.0  0.0  0.0  0.0  0.0
  0.0  0.0  0.0  0.0  0.0  0.0  0.0  0.0  0.0  0.0  0.0  0.0  0.0  0.0  0.0
  0.0  0.0  0.0  0.0  0.0  0.0  0.0  0.0  0.0  0.0  0.0  0.0  0.0  0.0  0.0
  0.0  0.0  0.0  0.0  0.0  0.0  0.0  9.9 19.8  0.0 59.4  0.0  0.0  0.0  0.0
  0.0  0.0  0.0  0.0  0.0  0.0  0.0  0.0  0.0  9.9  9.9  9.9  0.0  0.0  0.0
    -25.08     -3.82      8.10     -3.41     -0.43  0.0  0.0  0.0  0.0  0.0
                                  t000135_s6_p6_ai-el2ap.txt 21.8  6.5  115
  0.0  0.0  0.0 52.2  0.0  0.0  0.0  0.0  0.0  8.7  0.0  0.0  0.0  0.0  0.0
  0.0  0.0  0.0 26.1  0.0  0.0400.0147.8130.4  0.0  0.0  8.7  8.7  0.0  0.0
  0.0  0.0121.7  0.0  8.7 17.4  8.7  0.0  8.7  0.0  0.0  0.0  8.7  0.0  0.0
  0.0  0.0  8.7  0.0  0.0  0.0 26.1  0.0  0.0  0.0147.8  0.0  0.0 78.3  8.7
  0.0  0.0  0.0  0.0  0.0  0.0  0.0  0.0  0.0  0.0  0.0  0.0  0.0  0.0  0.0
  0.0  0.0  0.0  8.7  0.0  0.0  0.0  8.7  0.0  0.0  0.0  0.0  0.0  0.0  0.0
  0.0  0.0  0.0  0.0  0.0  0.0  0.0  0.0  8.7  0.0  0.0  0.0  0.0  0.0  0.0
  8.7  8.7  0.0 17.4  0.0  8.7  8.7  0.0  0.0  0.0  0.0  0.0  0.0  0.0  0.0
  0.0  0.0  0.0  0.0  0.0  0.0  0.0  8.7 26.1  0.0 43.5  8.7  0.0  0.0  0.0
  0.0  0.0  0.0  0.0  0.0  8.7  0.0  0.0 17.4  0.0  8.7  0.0  0.0  0.0  0.0
    -30.88     -2.45      5.88     -3.80      1.81  0.0  0.0  0.0  0.0  0.0
                                  t000135_s6_p7_ai-el2ap.txt 25.5  5.4  152
  6.6  0.0  0.0 65.8  0.0  0.0  6.6  0.0  0.0 13.2  0.0  0.0  0.0  6.6  0.0
  0.0  0.0 13.2 13.2  0.0  0.0315.8151.3 65.8 26.3  6.6  6.6  0.0  0.0  0.0
  0.0  0.0 92.1  0.0  6.6 32.9  6.6  0.0  6.6  0.0  0.0  0.0 13.2  6.6  0.0
 13.2  0.0  0.0  6.6  6.6 13.2 13.2 19.7  0.0  0.0 85.5  6.6  0.0118.4  0.0
  0.0  0.0  0.0  0.0  0.0  0.0  0.0  0.0  0.0  0.0  0.0  0.0  0.0  0.0  0.0
  0.0  0.0  0.0  0.0  0.0  0.0  0.0  0.0  0.0  6.6  0.0  0.0  0.0  0.0  0.0
  0.0  0.0  0.0  0.0  0.0  0.0  0.0  6.6  0.0  0.0  0.0  0.0  0.0  0.0  0.0
  0.0  6.6  0.0  6.6  0.0  6.6  6.6  0.0  0.0  0.0  0.0  0.0  0.0  0.0  0.0
  0.0  0.0  0.0  0.0  0.0  0.0  0.0  0.0 26.3  0.0 46.1  0.0 39.5  0.0  0.0
  0.0  0.0  0.0  0.0  0.0  6.6  0.0 19.7  0.0  0.0  0.0  0.0 13.2  0.0  0.0
    -14.97     -3.30      3.57     -4.48      9.84  0.0  0.0  0.0  0.0  0.0
                                  t000135_s6_p8_ai-el2ap.txt 29.8  6.0  173
  0.0  0.0  0.0 57.8  0.0  0.0  0.0  0.0  0.0  5.8  0.0  0.0  0.0  0.0  0.0
  0.0  0.0  5.8 11.6  0.0  0.0404.6144.5 69.4  5.8  0.0  0.0  0.0  0.0  0.0
  0.0 11.6138.7  0.0  0.0 23.1  0.0  0.0  0.0  0.0  0.0  0.0  0.0  5.8  0.0
  5.8  5.8  0.0  0.0 11.6  5.8 28.9 11.6  0.0  0.0121.4  0.0  0.0 86.7  5.8
  0.0  0.0  0.0  0.0  0.0  0.0  0.0  0.0  0.0  0.0  0.0  0.0  0.0  0.0  0.0
  0.0  0.0  0.0  5.8  0.0  0.0  0.0  5.8  0.0  0.0  0.0  0.0  0.0  0.0  0.0
  0.0  0.0  5.8  0.0  5.8  0.0  0.0  0.0  0.0  0.0  0.0  0.0  0.0  0.0  0.0
  5.8  5.8  0.0 11.6  5.8  5.8 11.6  0.0  0.0  0.0  0.0  0.0  0.0  0.0  0.0
  0.0  0.0  0.0  0.0  0.0  0.0  0.0 11.6 34.7 11.6 28.9 11.6 11.6  0.0  0.0
 11.6  0.0  5.8  0.0  0.0  0.0  0.0  0.0  0.0  5.8  0.0  0.0 11.6  0.0  0.0
    -27.98     -5.54     13.58     -6.61     -0.89  0.0  0.0  0.0  0.0  0.0
                                  t000135_s8_p1_ai-el2ap.txt 15.3  5.7   87
  0.0 11.5  0.0 11.5  0.0  0.0  0.0  0.0  0.0  0.0  0.0  0.0  0.0  0.0  0.0
  0.0  0.0  0.0 11.5  0.0  0.0344.8160.9 11.5 23.0  0.0 23.0 11.5  0.0  0.0
  0.0  0.0 92.0  0.0  0.0 23.0 11.5  0.0  0.0  0.0  0.0 11.5  0.0 23.0  0.0
 11.5  0.0  0.0 23.0  0.0  0.0 11.5 34.5  0.0  0.0 23.0  0.0  0.0 92.0 11.5
  0.0  0.0  0.0  0.0  0.0  0.0  0.0  0.0  0.0  0.0  0.0  0.0  0.0  0.0  0.0
  0.0  0.0  0.0  0.0  0.0 11.5  0.0  0.0  0.0  0.0  0.0  0.0  0.0  0.0  0.0
  0.0  0.0  0.0  0.0  0.0  0.0  0.0  0.0  0.0  0.0  0.0  0.0  0.0  0.0  0.0
 11.5  0.0  0.0 11.5  0.0  0.0  0.0  0.0  0.0  0.0  0.0  0.0  0.0  0.0  0.0
  0.0  0.0  0.0  0.0  0.0  0.0  0.0  0.0 11.5  0.0 34.5 11.5  0.0  0.0 11.5
  0.0  0.0  0.0  0.0  0.0  0.0  0.0 11.5 11.5 23.0  0.0  0.0 11.5  0.0  0.0
    -23.96      1.58      6.05     -2.01      3.56  0.0 23.0  0.0  0.0  0.0
                                  t000135_s8_p2_ai-el2ap.txt 14.8  6.1   80
  0.0  0.0  0.0 37.5  0.0  0.0  0.0  0.0  0.0  0.0  0.0  0.0  0.0  0.0  0.0
  0.0  0.0  0.0 12.5  0.0  0.0362.5137.5137.5 12.5  0.0 12.5  0.0  0.0  0.0
  0.0 12.5 75.0  0.0  0.0 12.5 12.5  0.0 12.5  0.0  0.0  0.0 12.5 12.5  0.0
  0.0 12.5  0.0 12.5  0.0  0.0 37.5 12.5  0.0  0.0150.0  0.0  0.0 75.0 12.5
  0.0  0.0  0.0  0.0  0.0  0.0  0.0  0.0  0.0  0.0  0.0  0.0  0.0  0.0  0.0
  0.0  0.0  0.0  0.0 12.5  0.0  0.0  0.0  0.0  0.0  0.0  0.0  0.0  0.0  0.0
 12.5  0.0  0.0  0.0  0.0  0.0  0.0  0.0  0.0  0.0  0.0  0.0  0.0  0.0  0.0
 12.5  0.0  0.0 12.5 12.5  0.0 12.5  0.0  0.0  0.0  0.0  0.0  0.0  0.0  0.0
  0.0  0.0  0.0  0.0  0.0  0.0  0.0  0.0 12.5  0.0 62.5  0.0  0.0  0.0  0.0
  0.0  0.0  0.0  0.0  0.0 12.5  0.0 12.5  0.0 12.5  0.0  0.0  0.0  0.0  0.0
    -33.15     -2.91     10.10     -2.57      6.08  0.0  0.0  0.0  0.0  0.0
                                  t000135_s8_p3_ai-el2ap.txt 20.8  5.5  126
  0.0  0.0  0.0 39.7  0.0  0.0  0.0  0.0  0.0  0.0  0.0  0.0  0.0  0.0  0.0
  0.0  0.0  0.0 23.8  0.0  0.0381.0158.7111.1  7.9  0.0  7.9  0.0  0.0  0.0
  0.0  7.9 63.5  0.0  0.0 31.7 15.9  0.0  0.0  0.0  0.0  0.0 15.9  0.0  0.0
  0.0  0.0  0.0  0.0  7.9  0.0 31.7  0.0  0.0  0.0142.9  0.0  0.0 63.5  7.9
  0.0  0.0  0.0  0.0  0.0  0.0  0.0  0.0  0.0  0.0  0.0  0.0  0.0  0.0  0.0
  0.0  0.0  0.0  0.0  0.0  0.0  0.0  0.0  0.0  0.0  0.0  0.0  0.0  0.0  0.0
  0.0  0.0  0.0  0.0  0.0  0.0  0.0  0.0  0.0  0.0  0.0  0.0  0.0  0.0  0.0
  0.0  0.0  0.0  0.0  0.0  0.0  0.0  0.0  0.0  0.0  0.0  0.0  0.0  0.0  0.0
  0.0  0.0  0.0  0.0  0.0  0.0  0.0  0.0  7.9  7.9 79.4  0.0  0.0  0.0  0.0
 15.9  0.0  0.0  0.0  0.0  7.9  7.9 23.8  7.9  7.9  0.0  0.0  7.9  0.0  0.0
    -29.33     -3.94      6.52     -6.61      6.29  0.0  0.0  0.0  0.0  0.0
                                  t000136_s1_p1_ai-el2ap.txt 27.0  6.4  148
  0.0  0.0  0.0 54.1  0.0  6.8  0.0  0.0  0.0  6.8  0.0  0.0  0.0  0.0  0.0
  0.0  0.0  0.0  6.8  0.0  0.0412.2155.4 87.8 27.0  0.0  0.0  6.8  0.0  0.0
  0.0  0.0195.9  0.0  0.0 13.5  6.8  0.0  6.8  0.0  0.0  0.0  6.8 20.3  0.0
  6.8 13.5 13.5  0.0  6.8  0.0 20.3 27.0  0.0  0.0108.1  0.0  0.0101.4 13.5
  0.0  0.0  0.0  0.0  0.0  0.0  0.0  0.0  0.0  0.0  0.0  0.0  0.0  0.0  0.0
  0.0  0.0  0.0  6.8  0.0  0.0  0.0  0.0  0.0  0.0  0.0  0.0  0.0  0.0  0.0
  0.0  0.0  0.0  0.0  0.0  0.0  0.0  0.0  0.0  0.0  0.0  0.0  0.0  0.0  0.0
  6.8  0.0  0.0  6.8  0.0  0.0  0.0  0.0  0.0  0.0  0.0  0.0  0.0  0.0  0.0
  0.0  0.0  0.0  0.0  0.0  0.0  0.0  0.0 13.5 13.5 27.0  0.0  6.8  0.0 13.5
  0.0  0.0  0.0  0.0  0.0  6.8 20.3 13.5  6.8 20.3  0.0  0.0  0.0  0.0  0.0
    -31.27     -3.59     13.81     -4.43      5.85  0.0  0.0  0.0  0.0  0.0
                                 t000136_s11_p1_ai-el2ap.txt 10.5  5.9   48
  0.0  0.0  0.0 62.5  0.0  0.0  0.0  0.0  0.0 20.8  0.0  0.0  0.0  0.0  0.0
  0.0  0.0  0.0  0.0  0.0  0.0333.3104.2145.8  0.0  0.0 20.8  0.0  0.0 20.8
  0.0  0.0 83.3  0.0  0.0 20.8  0.0  0.0  0.0  0.0  0.0  0.0  0.0 20.8 20.8
  0.0  0.0  0.0  0.0  0.0  0.0  0.0 41.7  0.0 20.8145.8  0.0  0.0 83.3  0.0
  0.0  0.0  0.0  0.0  0.0  0.0  0.0  0.0  0.0  0.0  0.0  0.0  0.0  0.0  0.0
  0.0  0.0  0.0  0.0  0.0  0.0  0.0  0.0  0.0  0.0  0.0  0.0  0.0  0.0  0.0
  0.0  0.0  0.0  0.0  0.0  0.0  0.0  0.0  0.0  0.0  0.0  0.0  0.0  0.0  0.0
  0.0  0.0  0.0  0.0  0.0  0.0  0.0  0.0  0.0  0.0  0.0  0.0  0.0  0.0  0.0
  0.0  0.0  0.0  0.0  0.0  0.0  0.0  0.0 41.7 62.5  0.0  0.0  0.0  0.0  0.0
  0.0  0.0 20.8  0.0  0.0  0.0  0.0  0.0  0.0  0.0  0.0 20.8  0.0  0.0  0.0
    -29.98     -1.72     15.99     -6.61     15.56  0.0  0.0  0.0  0.0  0.0
                                t000136_s11_p10_ai-el2ap.txt  9.5  6.2   45
  0.0  0.0  0.0 44.4  0.0  0.0  0.0  0.0  0.0  0.0  0.0  0.0  0.0  0.0  0.0
  0.0  0.0 22.2  0.0  0.0  0.0422.2155.6 44.4  0.0 44.4  0.0  0.0  0.0  0.0
  0.0  0.0177.8  0.0  0.0  0.0  0.0  0.0  0.0  0.0  0.0  0.0  0.0  0.0  0.0
  0.0  0.0  0.0  0.0  0.0 22.2  0.0  0.0  0.0  0.0 44.4 44.4  0.0 66.7  0.0
  0.0  0.0  0.0  0.0  0.0  0.0  0.0  0.0  0.0  0.0  0.0  0.0  0.0  0.0  0.0
  0.0  0.0  0.0  0.0  0.0  0.0  0.0  0.0  0.0  0.0  0.0  0.0  0.0  0.0  0.0
  0.0  0.0  0.0  0.0  0.0  0.0  0.0  0.0  0.0  0.0  0.0  0.0  0.0  0.0  0.0
  0.0  0.0  0.0  0.0  0.0  0.0  0.0  0.0  0.0  0.0  0.0  0.0  0.0  0.0  0.0
  0.0  0.0  0.0  0.0  0.0  0.0  0.0  0.0  0.0  0.0111.1  0.0  0.0  0.0 22.2
  0.0  0.0  0.0  0.0  0.0  0.0  0.0 22.2 22.2  0.0  0.0  0.0 22.2  0.0  0.0
    -26.98     -3.75     13.32     -6.61     -3.63  0.0  0.0  0.0  0.0  0.0
                                t000136_s11_p11_ai-el2ap.txt 20.0  5.9   95
 10.5  0.0  0.0 42.1  0.0  0.0  0.0  0.0 10.5  0.0  0.0  0.0  0.0  0.0  0.0
  0.0  0.0 10.5 10.5  0.0  0.0378.9115.8105.3 21.1 10.5 21.1  0.0  0.0 10.5
  0.0  0.0126.3  0.0  0.0 31.6  0.0  0.0  0.0  0.0  0.0  0.0 10.5 10.5  0.0
  0.0  0.0 10.5  0.0  0.0 10.5 10.5 10.5  0.0 10.5105.3 21.1  0.0 84.2  0.0
 10.5  0.0  0.0  0.0  0.0  0.0  0.0  0.0  0.0  0.0  0.0  0.0  0.0  0.0  0.0
  0.0  0.0  0.0  0.0  0.0 10.5  0.0  0.0  0.0  0.0  0.0  0.0  0.0  0.0  0.0
  0.0  0.0  0.0  0.0  0.0  0.0  0.0  0.0  0.0  0.0  0.0  0.0  0.0  0.0  0.0
 10.5  0.0  0.0 10.5  0.0  0.0  0.0  0.0  0.0  0.0  0.0  0.0  0.0  0.0  0.0
  0.0  0.0  0.0  0.0  0.0  0.0  0.0  0.0  0.0 10.5 21.1  0.0  0.0  0.0  0.0
 10.5  0.0  0.0  0.0  0.0 10.5 10.5 21.1  0.0 10.5  0.0  0.0  0.0  0.0  0.0
    -26.42     -0.52     13.21     -6.61      4.55  0.0  0.0  0.0  0.0  0.0
                                t000136_s11_p12_ai-el2ap.txt  5.3  6.8   21
  0.0  0.0  0.0  0.0  0.0  0.0  0.0  0.0  0.0  0.0  0.0  0.0  0.0  0.0  0.0
  0.0  0.0  0.0  0.0  0.0  0.0523.8142.9 47.6  0.0  0.0  0.0  0.0  0.0  0.0
  0.0  0.0333.3  0.0  0.0  0.0  0.0  0.0  0.0  0.0  0.0  0.0  0.0  0.0  0.0
  0.0  0.0  0.0  0.0  0.0  0.0  0.0  0.0  0.0  0.0 47.6  0.0  0.0 47.6 47.6
  0.0  0.0  0.0  0.0  0.0  0.0  0.0  0.0  0.0  0.0  0.0  0.0  0.0  0.0  0.0
  0.0  0.0  0.0  0.0  0.0  0.0  0.0  0.0  0.0  0.0  0.0  0.0  0.0  0.0  0.0
  0.0  0.0  0.0  0.0  0.0  0.0  0.0  0.0  0.0  0.0  0.0  0.0  0.0  0.0  0.0
  0.0  0.0  0.0  0.0  0.0  0.0  0.0  0.0  0.0  0.0  0.0  0.0  0.0  0.0  0.0
  0.0  0.0  0.0  0.0  0.0  0.0  0.0  0.0 47.6  0.0 95.2  0.0  0.0  0.0  0.0
  0.0  0.0  0.0  0.0  0.0  0.0  0.0  0.0  0.0  0.0  0.0  0.0  0.0  0.0  0.0
    -38.62     -5.73     24.12     -6.61     -3.63  0.0  0.0  0.0  0.0  0.0
                                t000136_s11_p13_ai-el2ap.txt 30.5  6.1  173
  5.8  0.0  0.0 75.1  0.0  0.0  0.0  0.0  0.0  5.8  0.0  0.0  0.0  0.0  0.0
  0.0  0.0  0.0  5.8  0.0  0.0369.9 98.3 57.8  0.0 11.6  5.8 11.6  0.0  5.8
  0.0  0.0173.4  0.0  0.0 34.7 11.6  0.0  5.8  0.0  0.0  5.8 11.6 11.6  5.8
  5.8  0.0 17.3  0.0  5.8  0.0  5.8 23.1  0.0  5.8 98.3 11.6  0.0 92.5  5.8
 11.6  0.0  0.0  0.0  0.0  0.0  0.0  0.0  0.0  0.0  0.0  0.0  0.0  0.0  0.0
  0.0  0.0  0.0  5.8  0.0  5.8  0.0  0.0  0.0  5.8  0.0  0.0  0.0  0.0  0.0
  0.0  0.0  0.0  0.0  0.0  0.0  0.0  0.0  0.0  0.0  5.8  0.0  0.0  0.0  0.0
 11.6  5.8  0.0 17.3  0.0  0.0  0.0  5.8  0.0  0.0  0.0  0.0  0.0  0.0  0.0
  0.0  0.0  0.0  0.0  0.0  0.0  0.0  0.0 23.1 11.6 34.7  0.0  0.0  5.8  0.0
  0.0  0.0  0.0  0.0  5.8  5.8  5.8 11.6  5.8  5.8  5.8  0.0  0.0  0.0  0.0
    -26.42     -1.96     13.94     -2.43     11.66  0.0  0.0  0.0  0.0  0.0
                                 t000136_s11_p2_ai-el2ap.txt 10.5  5.7   54
  0.0  0.0  0.0111.1  0.0  0.0  0.0  0.0  0.0 18.5  0.0  0.0  0.0  0.0  0.0
  0.0  0.0 18.5  0.0  0.0  0.0407.4111.1  0.0 18.5  0.0  0.0  0.0  0.0  0.0
  0.0  0.0148.1  0.0  0.0 18.5  0.0  0.0  0.0  0.0  0.0  0.0 18.5  0.0  0.0
  0.0  0.0  0.0  0.0  0.0 18.5  0.0  0.0  0.0  0.0 18.5  0.0  0.0129.6  0.0
 37.0  0.0  0.0  0.0  0.0  0.0  0.0  0.0  0.0  0.0  0.0  0.0  0.0  0.0  0.0
  0.0  0.0  0.0 18.5  0.0  0.0  0.0  0.0  0.0  0.0  0.0  0.0  0.0  0.0  0.0
  0.0  0.0 18.5  0.0  0.0  0.0  0.0  0.0  0.0  0.0  0.0  0.0  0.0  0.0  0.0
 18.5  0.0  0.0 18.5 18.5  0.0 18.5  0.0  0.0  0.0  0.0  0.0  0.0  0.0  0.0
  0.0  0.0  0.0  0.0  0.0  0.0  0.0 18.5 37.0 18.5 55.6  0.0  0.0  0.0 18.5
  0.0  0.0  0.0  0.0  0.0  0.0  0.0 18.5  0.0 18.5  0.0 18.5  0.0  0.0  0.0
    -17.71     -5.12     10.21     -6.61      7.95  0.0  0.0  0.0  0.0  0.0
                                 t000136_s11_p3_ai-el2ap.txt 13.8  5.7   68
  0.0  0.0  0.0 58.8  0.0  0.0  0.0  0.0  0.0 14.7  0.0  0.0  0.0  0.0  0.0
  0.0  0.0  0.0  0.0  0.0  0.0382.4117.6 44.1 14.7  0.0  0.0  0.0  0.0  0.0
  0.0  0.0191.2  0.0  0.0 14.7  0.0  0.0  0.0  0.0  0.0  0.0  0.0 14.7 14.7
  0.0  0.0 29.4  0.0  0.0  0.0  0.0 29.4  0.0  0.0 58.8  0.0  0.0 88.2  0.0
  0.0  0.0  0.0  0.0  0.0  0.0  0.0  0.0  0.0  0.0  0.0  0.0  0.0  0.0  0.0
  0.0  0.0  0.0  0.0  0.0 14.7 14.7  0.0  0.0  0.0  0.0  0.0  0.0  0.0  0.0
  0.0  0.0  0.0  0.0  0.0  0.0  0.0  0.0  0.0  0.0  0.0  0.0  0.0  0.0  0.0
 29.4  0.0  0.0 29.4  0.0  0.0  0.0  0.0  0.0  0.0  0.0  0.0  0.0  0.0  0.0
  0.0  0.0  0.0  0.0  0.0  0.0  0.0 14.7 29.4 14.7 44.1  0.0  0.0  0.0 14.7
  0.0  0.0  0.0  0.0  0.0  0.0  0.0 14.7  0.0 29.4  0.0 14.7  0.0  0.0  0.0
    -26.99     -5.24     13.41     -6.61      9.91  0.0  0.0  0.0  0.0  0.0
                                 t000136_s11_p4_ai-el2ap.txt 11.0  5.9   52
  0.0  0.0  0.0  0.0  0.0  0.0  0.0  0.0  0.0  0.0  0.0  0.0  0.0 19.2  0.0
  0.0  0.0  0.0  0.0  0.0  0.0346.2153.8 76.9 38.5  0.0  0.0  0.0  0.0  0.0
  0.0  0.0192.3  0.0  0.0 38.5 19.2  0.0  0.0  0.0  0.0 19.2  0.0 19.2  0.0
  0.0  0.0  0.0  0.0  0.0  0.0  0.0 19.2  0.0  0.0 76.9  0.0  0.0 76.9  0.0
  0.0  0.0  0.0  0.0  0.0  0.0  0.0  0.0  0.0  0.0  0.0  0.0  0.0  0.0  0.0
  0.0  0.0  0.0  0.0  0.0  0.0  0.0  0.0  0.0  0.0  0.0  0.0  0.0  0.0  0.0
  0.0  0.0  0.0  0.0  0.0  0.0  0.0  0.0  0.0  0.0  0.0  0.0  0.0  0.0  0.0
  0.0  0.0  0.0  0.0  0.0  0.0  0.0  0.0  0.0  0.0  0.0  0.0  0.0  0.0  0.0
  0.0  0.0  0.0  0.0  0.0  0.0  0.0  0.0 19.2  0.0 76.9  0.0  0.0  0.0  0.0
  0.0  0.0  0.0  0.0  0.0 19.2  0.0  0.0 19.2 19.2  0.0  0.0  0.0  0.0  0.0
    -23.74     -4.46     12.14      1.09     -0.71  0.0  0.0  0.0  0.0  0.0
                                 t000136_s11_p5_ai-el2ap.txt  8.0  6.0   41
  0.0  0.0  0.0 48.8  0.0  0.0  0.0  0.0  0.0  0.0  0.0  0.0  0.0  0.0  0.0
  0.0  0.0  0.0 24.4  0.0  0.0390.2146.3 48.8 24.4  0.0  0.0  0.0  0.0 24.4
  0.0 24.4219.5  0.0  0.0 24.4  0.0  0.0  0.0  0.0  0.0  0.0  0.0  0.0  0.0
  0.0  0.0  0.0  0.0  0.0  0.0 48.8  0.0  0.0 24.4 48.8  0.0  0.0 73.2  0.0
  0.0  0.0  0.0  0.0  0.0  0.0  0.0  0.0  0.0  0.0  0.0  0.0  0.0  0.0  0.0
  0.0  0.0  0.0  0.0  0.0  0.0  0.0  0.0  0.0  0.0  0.0  0.0  0.0  0.0  0.0
  0.0  0.0  0.0  0.0  0.0  0.0  0.0  0.0  0.0  0.0  0.0  0.0  0.0  0.0  0.0
  0.0  0.0  0.0  0.0  0.0  0.0  0.0  0.0  0.0  0.0  0.0  0.0  0.0  0.0  0.0
  0.0  0.0  0.0  0.0  0.0  0.0  0.0  0.0 73.2 24.4 24.4  0.0  0.0  0.0  0.0
  0.0  0.0  0.0  0.0  0.0  0.0  0.0  0.0  0.0  0.0  0.0  0.0  0.0  0.0  0.0
    -26.47     -4.93     36.06     -6.61     -3.63  0.0  0.0  0.0  0.0  0.0
                                 t000136_s11_p6_ai-el2ap.txt 24.0  5.6  142
  0.0  0.0  0.0 56.3  0.0  0.0  0.0  0.0  0.0 14.1  0.0  0.0  0.0  0.0  0.0
  0.0  0.0  7.0 28.2  0.0  0.0380.3119.7 21.1  7.0  7.0  0.0  0.0  0.0  0.0
  0.0  0.0133.8  0.0  0.0 14.1 14.1  7.0  0.0  0.0  0.0  0.0 14.1 21.1  0.0
  0.0 14.1  0.0  0.0  0.0 14.1 42.3 21.1  0.0  0.0 42.3  7.0  0.0 77.5  0.0
 14.1  0.0  0.0  0.0  0.0  0.0  0.0  0.0  0.0  0.0  0.0  0.0  0.0  0.0  0.0
  0.0  0.0  0.0  0.0  0.0  0.0  0.0  0.0  0.0  0.0  0.0  0.0  0.0  0.0  0.0
  0.0  0.0  0.0  0.0  0.0  0.0  0.0  0.0  0.0  0.0  0.0  0.0  0.0  0.0  0.0
  0.0  0.0  0.0  0.0  0.0  0.0  0.0  0.0  0.0  0.0  0.0  0.0  0.0  0.0  0.0
  0.0  0.0  0.0  0.0  0.0  0.0  0.0  7.0 35.2 14.1 42.3  0.0  0.0  0.0 28.2
  0.0  0.0  0.0  0.0  0.0  0.0  0.0 21.1  0.0  7.0  7.0 14.1  7.0  0.0  0.0
    -17.78     -5.18      9.47     -4.93      8.38  0.0  7.0  0.0  0.0  0.0
                                 t000136_s11_p7_ai-el2ap.txt  3.8  6.6   15
  0.0  0.0  0.0 66.7  0.0  0.0  0.0  0.0  0.0  0.0  0.0  0.0  0.0  0.0  0.0
  0.0  0.0  0.0  0.0  0.0  0.0400.0200.0200.0  0.0  0.0  0.0  0.0  0.0  0.0
  0.0  0.0266.7  0.0  0.0  0.0  0.0  0.0  0.0  0.0  0.0  0.0  0.0  0.0  0.0
  0.0  0.0  0.0  0.0  0.0  0.0  0.0  0.0  0.0  0.0200.0  0.0  0.0 66.7  0.0
  0.0  0.0  0.0  0.0  0.0  0.0  0.0  0.0  0.0  0.0  0.0  0.0  0.0  0.0  0.0
  0.0  0.0  0.0  0.0  0.0  0.0  0.0  0.0  0.0  0.0  0.0  0.0  0.0  0.0  0.0
  0.0  0.0  0.0  0.0  0.0  0.0  0.0  0.0  0.0  0.0  0.0  0.0  0.0  0.0  0.0
  0.0  0.0  0.0  0.0  0.0  0.0  0.0  0.0  0.0  0.0  0.0  0.0  0.0  0.0  0.0
  0.0  0.0  0.0  0.0  0.0  0.0  0.0  0.0 66.7  0.0  0.0  0.0  0.0  0.0  0.0
  0.0  0.0  0.0  0.0  0.0  0.0  0.0  0.0  0.0  0.0  0.0  0.0  0.0  0.0  0.0
    -43.03     -5.73     19.49     -6.61     -3.63  0.0  0.0  0.0  0.0  0.0
                                 t000136_s11_p8_ai-el2ap.txt 17.8  5.8   93
 10.8  0.0  0.0 43.0  0.0  0.0  0.0  0.0  0.0  0.0  0.0  0.0  0.0  0.0  0.0
  0.0  0.0  0.0 10.8  0.0  0.0397.8139.8 75.3  0.0 10.8  0.0  0.0  0.0  0.0
  0.0  0.0150.5  0.0  0.0 10.8  0.0 10.8 10.8  0.0  0.0  0.0 10.8 21.5  0.0
  0.0  0.0  0.0  0.0  0.0 10.8 10.8 21.5  0.0  0.0 86.0 10.8  0.0 53.8  0.0
 32.3  0.0  0.0  0.0  0.0  0.0  0.0  0.0  0.0  0.0  0.0  0.0  0.0  0.0  0.0
  0.0  0.0  0.0  0.0  0.0  0.0  0.0  0.0  0.0  0.0  0.0  0.0  0.0  0.0  0.0
  0.0  0.0  0.0  0.0  0.0  0.0  0.0  0.0  0.0  0.0  0.0  0.0  0.0  0.0  0.0
  0.0  0.0  0.0  0.0  0.0  0.0  0.0  0.0  0.0  0.0  0.0  0.0  0.0  0.0  0.0
  0.0  0.0  0.0  0.0  0.0  0.0  0.0 21.5 10.8 10.8 64.5  0.0  0.0  0.0  0.0
  0.0  0.0  0.0  0.0  0.0  0.0  0.0 10.8  0.0 10.8  0.0 10.8 10.8  0.0  0.0
    -29.31     -5.25     10.82     -0.58      6.35  0.0 10.8  0.0  0.0  0.0
                                 t000136_s11_p9_ai-el2ap.txt 23.3  5.9  117
  0.0  0.0  0.0 59.8  0.0  0.0  0.0  0.0  0.0  0.0  0.0  0.0  0.0  0.0  0.0
  0.0  0.0 34.2  8.5  0.0  0.0376.1 94.0 59.8  8.5 34.2  0.0  8.5  0.0  8.5
  0.0  0.0145.3  0.0  8.5 59.8 17.1  0.0  0.0  0.0  0.0  0.0  8.5  0.0  0.0
  0.0  0.0  8.5  0.0  0.0 34.2  8.5  0.0  0.0  8.5 68.4 34.2  8.5 85.5  0.0
  0.0  0.0  0.0  0.0  0.0  0.0  0.0  0.0  0.0  0.0  0.0  0.0  0.0  0.0  0.0
  0.0  0.0  0.0  0.0  0.0  0.0  0.0  0.0  0.0  0.0  0.0  0.0  0.0  0.0  0.0
  0.0  0.0  0.0  8.5  0.0  0.0  0.0  0.0  0.0  8.5  0.0  0.0  0.0  0.0  0.0
  0.0  0.0  0.0  0.0  8.5  0.0 17.1  0.0  0.0  0.0  0.0  0.0  0.0  0.0  0.0
  0.0  0.0  0.0  0.0  0.0  0.0  0.0  0.0  8.5 25.6 59.8  0.0  0.0  0.0  8.5
  0.0  0.0  0.0  0.0  0.0  8.5  8.5  8.5  0.0  0.0  0.0  0.0 17.1  0.0  0.0
    -17.60     -2.34      9.42     -6.61      1.72  0.0  0.0  0.0  0.0  0.0
                                 t000136_s14_p1_ai-el2ap.txt  3.5  7.1   15
  0.0  0.0  0.0  0.0  0.0  0.0  0.0  0.0  0.0  0.0  0.0  0.0  0.0  0.0  0.0
  0.0  0.0  0.0  0.0  0.0  0.0400.0 66.7 66.7 66.7  0.0  0.0  0.0  0.0  0.0
  0.0  0.0266.7  0.0  0.0  0.0 66.7  0.0  0.0  0.0  0.0  0.0  0.0  0.0  0.0
  0.0  0.0  0.0  0.0  0.0  0.0  0.0  0.0  0.0  0.0 66.7  0.0  0.0133.3  0.0
  0.0  0.0  0.0  0.0  0.0  0.0  0.0  0.0  0.0  0.0  0.0  0.0  0.0  0.0  0.0
  0.0  0.0  0.0  0.0  0.0  0.0  0.0  0.0  0.0  0.0  0.0  0.0  0.0  0.0  0.0
  0.0  0.0  0.0  0.0  0.0  0.0  0.0  0.0  0.0  0.0  0.0  0.0  0.0  0.0  0.0
  0.0  0.0  0.0  0.0  0.0  0.0  0.0  0.0  0.0  0.0  0.0  0.0  0.0  0.0  0.0
  0.0  0.0  0.0  0.0  0.0  0.0  0.0  0.0  0.0  0.0 66.7  0.0  0.0 66.7  0.0
  0.0  0.0  0.0  0.0  0.0  0.0  0.0  0.0  0.0 66.7  0.0  0.0  0.0  0.0  0.0
    -33.96     -3.53     19.49     -6.61     -3.63  0.0  0.0  0.0  0.0  0.0
                                t000136_s14_p10_ai-el2ap.txt  7.5  6.2   34
  0.0  0.0  0.0  0.0  0.0  0.0  0.0  0.0 29.4  0.0  0.0  0.0  0.0  0.0  0.0
  0.0  0.0  0.0  0.0  0.0  0.0382.4176.5117.6 58.8  0.0  0.0  0.0  0.0  0.0
  0.0  0.0205.9  0.0  0.0  0.0 29.4  0.0 29.4  0.0  0.0  0.0  0.0  0.0  0.0
  0.0  0.0  0.0  0.0  0.0  0.0  0.0  0.0  0.0  0.0117.6 29.4  0.0 88.2  0.0
  0.0  0.0  0.0  0.0  0.0  0.0  0.0  0.0  0.0  0.0  0.0  0.0  0.0  0.0  0.0
  0.0  0.0  0.0  0.0  0.0  0.0  0.0  0.0  0.0  0.0  0.0  0.0  0.0  0.0  0.0
  0.0  0.0  0.0  0.0  0.0  0.0  0.0  0.0  0.0  0.0  0.0  0.0  0.0  0.0  0.0
  0.0  0.0  0.0  0.0  0.0  0.0  0.0  0.0  0.0  0.0  0.0  0.0  0.0  0.0  0.0
  0.0  0.0  0.0  0.0  0.0  0.0  0.0  0.0 29.4  0.0 29.4  0.0  0.0  0.0  0.0
 29.4  0.0  0.0  0.0  0.0  0.0 29.4  0.0  0.0 29.4  0.0  0.0 29.4  0.0  0.0
    -37.13     -3.79     15.27      2.88     -3.63  0.0  0.0  0.0  0.0  0.0
                                t000136_s14_p11_ai-el2ap.txt  8.0  5.5   35
 28.6  0.0  0.0 28.6  0.0  0.0  0.0  0.0 28.6  0.0  0.0  0.0  0.0  0.0  0.0
  0.0  0.0  0.0  0.0  0.0  0.0485.7114.3  0.0 28.6  0.0  0.0  0.0  0.0  0.0
  0.0  0.0142.9  0.0  0.0  0.0 28.6  0.0 28.6  0.0  0.0  0.0  0.0  0.0  0.0
  0.0  0.0  0.0  0.0  0.0  0.0  0.0  0.0  0.0  0.0  0.0 28.6  0.0 85.7  0.0
 28.6  0.0  0.0  0.0  0.0  0.0  0.0  0.0  0.0  0.0  0.0  0.0  0.0  0.0  0.0
  0.0  0.0  0.0  0.0  0.0  0.0  0.0  0.0  0.0  0.0  0.0  0.0  0.0  0.0  0.0
  0.0  0.0 28.6  0.0  0.0  0.0  0.0  0.0  0.0  0.0  0.0  0.0  0.0  0.0  0.0
  0.0  0.0  0.0  0.0 28.6  0.0 28.6  0.0  0.0  0.0  0.0  0.0  0.0  0.0  0.0
  0.0  0.0  0.0  0.0  0.0  0.0  0.0  0.0 28.6  0.0 28.6  0.0  0.0 57.1  0.0
  0.0  0.0  0.0  0.0  0.0  0.0  0.0  0.0  0.0 28.6 28.6  0.0  0.0  0.0  0.0
    -25.90     -4.79     10.89      2.61     -3.63 28.6  0.0  0.0  0.0  0.0
                                t000136_s14_p12_ai-el2ap.txt 10.0  5.3   45
  0.0  0.0  0.0 22.2  0.0  0.0  0.0  0.0  0.0  0.0  0.0  0.0  0.0  0.0  0.0
  0.0  0.0  0.0  0.0  0.0  0.0377.8111.1 22.2 44.4  0.0  0.0 22.2  0.0  0.0
  0.0  0.0133.3  0.0  0.0  0.0 22.2  0.0  0.0  0.0  0.0  0.0  0.0  0.0  0.0
  0.0  0.0  0.0 22.2 22.2  0.0  0.0  0.0  0.0  0.0 88.9  0.0  0.0 66.7  0.0
  0.0  0.0  0.0  0.0  0.0  0.0  0.0  0.0  0.0  0.0  0.0  0.0  0.0  0.0  0.0
  0.0  0.0  0.0  0.0  0.0  0.0  0.0  0.0  0.0  0.0  0.0  0.0  0.0  0.0  0.0
  0.0  0.0  0.0  0.0  0.0 22.2  0.0  0.0  0.0  0.0 22.2  0.0  0.0  0.0  0.0
  0.0  0.0  0.0  0.0  0.0 22.2 22.2 22.2  0.0  0.0  0.0  0.0  0.0  0.0  0.0
  0.0  0.0  0.0  0.0  0.0  0.0  0.0  0.0  0.0  0.0  0.0 22.2  0.0  0.0  0.0
  0.0  0.0  0.0  0.0  0.0  0.0  0.0  0.0  0.0  0.0  0.0  0.0 22.2  0.0  0.0
    -27.46     -0.15     10.23     -6.61     -3.63  0.0  0.0  0.0  0.0  0.0
                                t000136_s14_p13_ai-el2ap.txt 14.3  6.1   66
  0.0  0.0  0.0 45.5  0.0  0.0  0.0  0.0 30.3  0.0  0.0 15.2  0.0  0.0  0.0
  0.0  0.0  0.0 15.2  0.0  0.0363.6 90.9 90.9 30.3  0.0  0.0  0.0  0.0  0.0
  0.0 15.2106.1  0.0  0.0 15.2 15.2  0.0  0.0  0.0  0.0  0.0 15.2  0.0  0.0
  0.0  0.0  0.0  0.0 15.2  0.0 45.5  0.0  0.0  0.0151.5 30.3  0.0 90.9  0.0
  0.0  0.0  0.0  0.0  0.0  0.0  0.0  0.0  0.0  0.0  0.0  0.0  0.0  0.0  0.0
  0.0  0.0  0.0  0.0  0.0  0.0  0.0  0.0  0.0  0.0  0.0  0.0  0.0  0.0  0.0
  0.0  0.0  0.0  0.0  0.0  0.0  0.0  0.0  0.0  0.0  0.0  0.0  0.0  0.0  0.0
  0.0  0.0  0.0  0.0  0.0  0.0  0.0  0.0  0.0  0.0  0.0  0.0  0.0  0.0  0.0
  0.0  0.0  0.0  0.0  0.0  0.0  0.0  0.0 30.3  0.0 15.2 15.2  0.0  0.0  0.0
  0.0  0.0  0.0  0.0  0.0  0.0  0.0  0.0  0.0 15.2  0.0  0.0  0.0  0.0  0.0
    -17.95     -4.73     13.09     -6.61      5.84  0.0  0.0  0.0  0.0  0.0
                                t000136_s14_p14_ai-el2ap.txt  9.0  5.9   46
  0.0  0.0  0.0 43.5  0.0  0.0  0.0  0.0 21.7  0.0  0.0  0.0  0.0  0.0  0.0
  0.0  0.0  0.0  0.0  0.0  0.0282.6152.2 65.2 65.2  0.0  0.0  0.0  0.0  0.0
  0.0  0.0 65.2  0.0  0.0  0.0 21.7  0.0  0.0  0.0  0.0  0.0  0.0  0.0  0.0
 65.2  0.0  0.0  0.0  0.0  0.0  0.0 65.2  0.0  0.0108.7 21.7  0.0195.7  0.0
  0.0  0.0  0.0  0.0  0.0  0.0  0.0  0.0  0.0  0.0  0.0  0.0  0.0  0.0  0.0
  0.0  0.0  0.0  0.0  0.0  0.0  0.0  0.0  0.0  0.0  0.0  0.0  0.0  0.0  0.0
  0.0  0.0  0.0  0.0  0.0  0.0  0.0  0.0  0.0  0.0  0.0  0.0  0.0  0.0  0.0
  0.0  0.0  0.0  0.0  0.0  0.0  0.0  0.0  0.0  0.0  0.0  0.0  0.0  0.0  0.0
  0.0  0.0  0.0  0.0  0.0  0.0  0.0  0.0 21.7 21.7 43.5 43.5  0.0  0.0  0.0
  0.0  0.0  0.0  0.0  0.0  0.0  0.0 43.5  0.0 21.7  0.0  0.0 43.5  0.0  0.0
    -28.69     -3.58      5.50     -6.61     17.41  0.0  0.0  0.0  0.0  0.0
                                t000136_s14_p15_ai-el2ap.txt  7.8  5.0   35
  0.0  0.0  0.0  0.0  0.0  0.0  0.0  0.0 28.6  0.0  0.0  0.0  0.0  0.0  0.0
  0.0  0.0  0.0  0.0  0.0  0.0285.7 57.1 57.1 57.1  0.0  0.0  0.0  0.0  0.0
  0.0  0.0 28.6  0.0  0.0 28.6  0.0  0.0  0.0  0.0  0.0  0.0  0.0  0.0  0.0
  0.0 28.6  0.0  0.0 28.6  0.0 28.6  0.0  0.0  0.0114.3 28.6  0.0 85.7  0.0
  0.0  0.0  0.0  0.0  0.0  0.0  0.0  0.0  0.0  0.0  0.0  0.0  0.0  0.0  0.0
  0.0  0.0  0.0  0.0  0.0  0.0  0.0  0.0  0.0  0.0  0.0  0.0  0.0  0.0  0.0
  0.0  0.0  0.0  0.0  0.0  0.0  0.0  0.0  0.0  0.0  0.0  0.0  0.0  0.0  0.0
  0.0  0.0  0.0  0.0  0.0  0.0  0.0  0.0  0.0  0.0  0.0  0.0  0.0  0.0  0.0
  0.0  0.0  0.0  0.0  0.0  0.0  0.0  0.0 57.1 28.6  0.0  0.0 28.6  0.0  0.0
  0.0  0.0  0.0  0.0  0.0  0.0  0.0 28.6  0.0 28.6  0.0  0.0  0.0  0.0  0.0
    -23.51     -3.85      1.33     -6.61     -3.63  0.0  0.0  0.0  0.0  0.0
                                t000136_s14_p16_ai-el2ap.txt  9.3  5.8   44
  0.0  0.0  0.0  0.0  0.0  0.0  0.0  0.0  0.0  0.0  0.0  0.0  0.0  0.0  0.0
  0.0  0.0  0.0 22.7  0.0  0.0454.5 68.2 45.5 90.9  0.0  0.0  0.0  0.0  0.0
  0.0  0.0181.8  0.0  0.0  0.0  0.0  0.0  0.0  0.0  0.0  0.0  0.0 90.9  0.0
  0.0  0.0  0.0  0.0  0.0  0.0 22.7 90.9  0.0  0.0 68.2  0.0  0.0136.4 22.7
  0.0  0.0  0.0  0.0  0.0  0.0  0.0  0.0  0.0  0.0  0.0  0.0  0.0  0.0  0.0
  0.0  0.0  0.0  0.0  0.0  0.0  0.0  0.0  0.0  0.0  0.0  0.0  0.0  0.0  0.0
  0.0  0.0  0.0  0.0  0.0  0.0  0.0  0.0  0.0  0.0  0.0  0.0  0.0  0.0  0.0
  0.0  0.0  0.0  0.0  0.0  0.0  0.0  0.0  0.0  0.0  0.0  0.0  0.0  0.0  0.0
  0.0  0.0  0.0  0.0  0.0  0.0  0.0  0.0  0.0 22.7  0.0 45.5 45.5  0.0 22.7
  0.0  0.0  0.0  0.0  0.0  0.0  0.0 45.5  0.0  0.0  0.0  0.0  0.0  0.0  0.0
    -26.40     -2.74     13.60     -6.61     10.15  0.0  0.0  0.0  0.0  0.0
                                 t000136_s14_p2_ai-el2ap.txt 11.0  5.5   62
  0.0  0.0  0.0 16.1  0.0  0.0  0.0  0.0 16.1  0.0  0.0  0.0  0.0  0.0  0.0
  0.0  0.0  0.0  0.0  0.0  0.0338.7193.5 96.8 32.3  0.0  0.0  0.0  0.0  0.0
  0.0  0.0 80.6  0.0 16.1  0.0  0.0  0.0  0.0  0.0  0.0  0.0  0.0  0.0  0.0
 16.1  0.0  0.0  0.0  0.0  0.0  0.0 16.1  0.0  0.0129.0 16.1  0.0 80.6 16.1
  0.0  0.0  0.0  0.0  0.0  0.0  0.0  0.0  0.0  0.0  0.0  0.0  0.0  0.0  0.0
  0.0  0.0  0.0  0.0  0.0  0.0  0.0  0.0  0.0  0.0  0.0  0.0  0.0  0.0  0.0
  0.0  0.0  0.0  0.0  0.0  0.0  0.0  0.0  0.0  0.0  0.0  0.0  0.0  0.0  0.0
  0.0  0.0  0.0  0.0  0.0  0.0  0.0  0.0  0.0  0.0  0.0  0.0  0.0  0.0  0.0
  0.0  0.0  0.0  0.0  0.0  0.0  0.0  0.0 32.3 32.3 32.3  0.0  0.0  0.0 32.3
  0.0  0.0  0.0  0.0  0.0 16.1 16.1 16.1  0.0 16.1  0.0  0.0  0.0  0.0  0.0
    -33.54     -4.67      1.83     -6.61      1.58  0.0  0.0  0.0  0.0  0.0
                                 t000136_s14_p3_ai-el2ap.txt 12.8  4.9   70
 14.3  0.0  0.0  0.0  0.0  0.0  0.0  0.0  0.0  0.0  0.0  0.0  0.0  0.0  0.0
  0.0  0.0  0.0 14.3  0.0  0.0371.4100.0 42.9 71.4  0.0 14.3  0.0  0.0  0.0
  0.0  0.0 85.7  0.0  0.0 14.3  0.0  0.0  0.0  0.0  0.0  0.0  0.0 28.6  0.0
 14.3 14.3  0.0  0.0  0.0  0.0 28.6 42.9  0.0  0.0 57.1  0.0  0.0100.0 14.3
  0.0  0.0  0.0  0.0  0.0  0.0  0.0  0.0  0.0  0.0  0.0  0.0  0.0  0.0  0.0
  0.0  0.0  0.0  0.0  0.0  0.0  0.0  0.0  0.0  0.0  0.0  0.0  0.0  0.0  0.0
  0.0  0.0  0.0  0.0  0.0  0.0  0.0  0.0  0.0  0.0  0.0  0.0  0.0  0.0  0.0
  0.0  0.0  0.0  0.0  0.0  0.0  0.0  0.0  0.0  0.0  0.0  0.0  0.0  0.0  0.0
  0.0  0.0  0.0  0.0  0.0  0.0  0.0  0.0 28.6 14.3 42.9 14.3 28.6  0.0  0.0
  0.0  0.0  0.0  0.0  0.0 14.3  0.0 28.6  0.0  0.0 14.3 14.3  0.0  0.0  0.0
    -23.27     -0.63      6.11     -6.61      5.31  0.0  0.0  0.0  0.0  0.0
                                 t000136_s14_p4_ai-el2ap.txt  7.5  5.2   31
  0.0  0.0  0.0  0.0  0.0  0.0  0.0  0.0  0.0  0.0  0.0  0.0  0.0  0.0  0.0
  0.0  0.0  0.0  0.0  0.0  0.0354.8161.3129.0 32.3  0.0  0.0  0.0  0.0  0.0
  0.0  0.0129.0  0.0  0.0  0.0  0.0  0.0  0.0  0.0  0.0  0.0  0.0 32.3  0.0
  0.0  0.0  0.0  0.0  0.0  0.0  0.0 32.3  0.0  0.0161.3  0.0  0.0 64.5 32.3
  0.0  0.0  0.0  0.0  0.0  0.0  0.0  0.0  0.0  0.0  0.0  0.0  0.0  0.0  0.0
  0.0  0.0  0.0  0.0  0.0  0.0  0.0  0.0  0.0  0.0  0.0  0.0  0.0  0.0  0.0
  0.0  0.0  0.0  0.0  0.0  0.0  0.0  0.0  0.0  0.0  0.0  0.0  0.0  0.0  0.0
  0.0  0.0  0.0  0.0  0.0  0.0  0.0  0.0  0.0  0.0  0.0  0.0  0.0  0.0  0.0
  0.0  0.0  0.0  0.0  0.0  0.0  0.0  0.0 32.3  0.0 32.3  0.0 64.5  0.0  0.0
  0.0  0.0  0.0  0.0 32.3  0.0  0.0 32.3  0.0  0.0  0.0  0.0  0.0  0.0  0.0
    -34.80     -4.67      9.93     -6.61      1.26  0.0  0.0  0.0  0.0  0.0
                                 t000136_s14_p5_ai-el2ap.txt 13.5  6.2   64
  0.0  0.0  0.0 31.3  0.0  0.0  0.0  0.0 15.6  0.0  0.0  0.0  0.0  0.0  0.0
  0.0  0.0  0.0 15.6  0.0  0.0375.0140.6 93.8 78.1  0.0  0.0  0.0 15.6 15.6
  0.0  0.0125.0  0.0  0.0 31.3  0.0  0.0 15.6  0.0  0.0  0.0  0.0 46.9  0.0
  0.0  0.0  0.0  0.0  0.0  0.0 15.6 46.9  0.0 31.3109.4 15.6  0.0125.0  0.0
  0.0  0.0  0.0  0.0  0.0  0.0  0.0  0.0  0.0  0.0  0.0  0.0  0.0  0.0  0.0
  0.0  0.0  0.0  0.0  0.0  0.0  0.0  0.0  0.0  0.0  0.0  0.0  0.0  0.0  0.0
  0.0  0.0  0.0  0.0  0.0  0.0  0.0  0.0  0.0  0.0  0.0  0.0  0.0  0.0  0.0
  0.0  0.0  0.0  0.0  0.0  0.0  0.0  0.0  0.0  0.0  0.0  0.0  0.0  0.0  0.0
  0.0  0.0  0.0  0.0  0.0  0.0  0.0  0.0 15.6  0.0 46.9 15.6  0.0  0.0 15.6
  0.0  0.0  0.0  0.0  0.0  0.0 15.6 31.3  0.0  0.0  0.0  0.0  0.0  0.0  0.0
    -30.60     -3.16     24.88     -1.56      3.48  0.0  0.0  0.0  0.0  0.0
                                 t000136_s14_p6_ai-el2ap.txt 12.0  5.1   61
  0.0  0.0  0.0 16.4  0.0  0.0  0.0  0.0  0.0  0.0  0.0 16.4  0.0  0.0  0.0
  0.0  0.0 16.4  0.0  0.0  0.0229.5147.5114.8 32.8  0.0 16.4  0.0  0.0  0.0
  0.0 16.4 49.2  0.0  0.0 49.2 16.4  0.0  0.0  0.0  0.0  0.0 16.4 16.4  0.0
  0.0  0.0  0.0 16.4 16.4 16.4 32.8 16.4  0.0  0.0131.1  0.0  0.0 98.4 16.4
  0.0  0.0  0.0  0.0  0.0  0.0  0.0  0.0  0.0  0.0  0.0  0.0  0.0  0.0  0.0
  0.0  0.0  0.0  0.0  0.0  0.0  0.0  0.0  0.0  0.0  0.0  0.0  0.0  0.0  0.0
  0.0  0.0  0.0  0.0  0.0  0.0  0.0  0.0  0.0  0.0  0.0  0.0  0.0  0.0  0.0
  0.0  0.0  0.0  0.0  0.0  0.0  0.0  0.0  0.0  0.0  0.0  0.0  0.0  0.0  0.0
  0.0  0.0  0.0  0.0  0.0  0.0  0.0  0.0 16.4  0.0 65.6  0.0 16.4  0.0  0.0
  0.0  0.0  0.0  0.0  0.0 16.4  0.0 16.4  0.0 16.4  0.0  0.0  0.0  0.0  0.0
    -15.14     -1.50      7.67     -6.61      9.10  0.0  0.0  0.0  0.0  0.0
                                 t000136_s14_p7_ai-el2ap.txt  7.3  6.1   34
  0.0  0.0  0.0  0.0  0.0  0.0  0.0  0.0  0.0  0.0  0.0  0.0  0.0  0.0  0.0
  0.0  0.0  0.0  0.0  0.0  0.0411.8147.1 29.4 58.8  0.0  0.0  0.0  0.0  0.0
  0.0  0.0176.5  0.0  0.0  0.0 29.4  0.0  0.0  0.0  0.0  0.0  0.0 29.4  0.0
 29.4  0.0  0.0  0.0  0.0  0.0  0.0 58.8  0.0  0.0 29.4  0.0  0.0117.6  0.0
  0.0  0.0  0.0  0.0  0.0  0.0  0.0  0.0  0.0  0.0  0.0  0.0  0.0  0.0  0.0
  0.0  0.0  0.0  0.0  0.0  0.0  0.0  0.0  0.0  0.0  0.0  0.0  0.0  0.0  0.0
  0.0 29.4  0.0  0.0  0.0  0.0  0.0  0.0  0.0  0.0  0.0  0.0  0.0  0.0  0.0
  0.0  0.0  0.0  0.0 29.4  0.0 29.4  0.0  0.0  0.0  0.0  0.0  0.0  0.0  0.0
  0.0  0.0  0.0  0.0  0.0  0.0  0.0  0.0 29.4 29.4 88.2  0.0  0.0  0.0  0.0
  0.0  0.0  0.0  0.0  0.0  0.0  0.0 29.4  0.0 29.4  0.0  0.0  0.0  0.0  0.0
    -32.79     -3.79     13.23     -6.61     10.32  0.0  0.0  0.0  0.0  0.0
                                 t000136_s14_p8_ai-el2ap.txt 18.5  6.4   94
  0.0  0.0  0.0 21.3  0.0  0.0  0.0  0.0  0.0  0.0  0.0  0.0  0.0  0.0  0.0
  0.0  0.0  0.0 10.6  0.0  0.0340.4138.3117.0 21.3 42.6  0.0  0.0  0.0  0.0
  0.0 10.6127.7  0.0  0.0 21.3 10.6  0.0 10.6  0.0  0.0  0.0 10.6  0.0  0.0
 10.6  0.0  0.0  0.0  0.0  0.0 21.3 10.6  0.0  0.0148.9 42.6  0.0 74.5  0.0
  0.0  0.0  0.0  0.0  0.0  0.0  0.0  0.0  0.0  0.0  0.0  0.0  0.0  0.0  0.0
  0.0  0.0  0.0  0.0  0.0  0.0  0.0  0.0  0.0  0.0  0.0  0.0  0.0  0.0  0.0
  0.0  0.0  0.0  0.0  0.0  0.0  0.0  0.0  0.0 10.6 10.6  0.0  0.0  0.0  0.0
  0.0  0.0  0.0  0.0  0.0  0.0 10.6 10.6  0.0  0.0  0.0  0.0  0.0  0.0  0.0
  0.0  0.0  0.0  0.0  0.0  0.0  0.0  0.0 10.6  0.0  0.0  0.0  0.0  0.0  0.0
  0.0  0.0  0.0  0.0  0.0 10.6 42.6 21.3  0.0  0.0  0.0  0.0 10.6  0.0  0.0
    -33.15     -3.14     12.57     -3.17      6.45  0.0  0.0  0.0  0.0  0.0
                                 t000136_s14_p9_ai-el2ap.txt  7.0  5.1   31
  0.0  0.0  0.0  0.0  0.0  0.0  0.0  0.0  0.0  0.0  0.0  0.0  0.0  0.0  0.0
  0.0  0.0  0.0  0.0  0.0  0.0354.8129.0 32.3 64.5  0.0  0.0  0.0  0.0  0.0
  0.0  0.0 64.5  0.0  0.0 32.3  0.0  0.0  0.0  0.0  0.0  0.0  0.0 32.3  0.0
 32.3  0.0  0.0  0.0  0.0  0.0  0.0 64.5  0.0  0.0 32.3  0.0  0.0129.0 32.3
  0.0  0.0  0.0  0.0  0.0  0.0  0.0  0.0  0.0  0.0  0.0  0.0  0.0  0.0  0.0
  0.0  0.0  0.0  0.0  0.0  0.0  0.0  0.0  0.0  0.0  0.0  0.0  0.0  0.0  0.0
  0.0  0.0  0.0  0.0  0.0  0.0  0.0  0.0  0.0  0.0  0.0  0.0  0.0  0.0  0.0
  0.0  0.0  0.0  0.0  0.0  0.0  0.0  0.0  0.0  0.0  0.0  0.0  0.0  0.0  0.0
  0.0  0.0  0.0  0.0  0.0  0.0  0.0  0.0 32.3  0.0 32.3  0.0  0.0  0.0  0.0
  0.0  0.0  0.0  0.0  0.0  0.0  0.0 32.3  0.0 32.3  0.0  0.0  0.0  0.0  0.0
    -28.23     -3.61      3.62     -6.61     11.67  0.0  0.0  0.0  0.0  0.0
                                 t000136_s20_p1_ai-el2ap.txt  5.8  5.3   28
  0.0  0.0  0.0  0.0  0.0  0.0  0.0  0.0  0.0  0.0  0.0  0.0  0.0  0.0  0.0
  0.0  0.0  0.0  0.0  0.0  0.0428.6250.0  0.0 35.7  0.0  0.0  0.0  0.0  0.0
  0.0  0.0107.1  0.0  0.0  0.0  0.0  0.0  0.0  0.0  0.0  0.0  0.0 35.7  0.0
  0.0  0.0  0.0  0.0  0.0  0.0  0.0 35.7  0.0  0.0 35.7  0.0  0.0 35.7  0.0
  0.0  0.0  0.0  0.0  0.0  0.0  0.0  0.0  0.0  0.0  0.0  0.0  0.0  0.0  0.0
  0.0  0.0  0.0  0.0  0.0  0.0  0.0  0.0  0.0  0.0  0.0  0.0  0.0  0.0  0.0
  0.0  0.0  0.0  0.0  0.0  0.0  0.0  0.0  0.0  0.0  0.0  0.0  0.0  0.0  0.0
  0.0  0.0  0.0  0.0  0.0  0.0  0.0  0.0  0.0  0.0  0.0  0.0  0.0  0.0  0.0
  0.0  0.0  0.0  0.0  0.0  0.0  0.0  0.0  0.0  0.0 35.7 35.7 35.7 35.7  0.0
  0.0  0.0  0.0  0.0  0.0  0.0  0.0  0.0  0.0  0.0  0.0  0.0  0.0  0.0  0.0
    -33.82     -4.55      8.41     -6.61      1.78  0.0  0.0  0.0  0.0  0.0
                                t000136_s20_p10_ai-el2ap.txt 16.8  5.5   99
 10.1  0.0  0.0 40.4  0.0  0.0  0.0  0.0  0.0 50.5  0.0  0.0  0.0  0.0  0.0
  0.0  0.0  0.0 30.3  0.0  0.0363.6111.1 50.5 10.1  0.0  0.0  0.0  0.0  0.0
  0.0  0.0161.6  0.0  0.0 20.2 10.1  0.0  0.0  0.0  0.0  0.0 10.1  0.0  0.0
  0.0  0.0  0.0  0.0  0.0  0.0 30.3  0.0  0.0  0.0 60.6  0.0  0.0 60.6 10.1
 10.1  0.0  0.0  0.0  0.0  0.0  0.0  0.0  0.0  0.0  0.0  0.0  0.0  0.0  0.0
  0.0  0.0  0.0  0.0  0.0  0.0  0.0  0.0  0.0  0.0  0.0  0.0  0.0  0.0  0.0
  0.0  0.0  0.0  0.0  0.0  0.0  0.0  0.0  0.0  0.0  0.0  0.0  0.0  0.0  0.0
  0.0  0.0  0.0  0.0  0.0  0.0  0.0  0.0  0.0  0.0  0.0  0.0  0.0  0.0  0.0
  0.0  0.0  0.0  0.0  0.0  0.0  0.0  0.0 20.2 10.1 30.3 10.1  0.0  0.0 10.1
  0.0  0.0  0.0  0.0  0.0  0.0  0.0 10.1  0.0  0.0  0.0  0.0 20.2  0.0  0.0
    -14.16     -5.40     11.05     -6.61      2.69  0.0  0.0  0.0  0.0  0.0
                                t000136_s20_p11_ai-el2ap.txt 10.5  5.5   57
 17.5  0.0  0.0 52.6  0.0  0.0  0.0  0.0  0.0  0.0  0.0  0.0  0.0  0.0  0.0
  0.0  0.0  0.0  0.0  0.0  0.0333.3175.4 35.1  0.0 17.5  0.0  0.0  0.0  0.0
  0.0  0.0140.4  0.0  0.0 35.1  0.0  0.0  0.0  0.0  0.0  0.0  0.0  0.0  0.0
  0.0  0.0 17.5  0.0 17.5  0.0  0.0  0.0  0.0  0.0 52.6 17.5  0.0 87.7 17.5
  0.0  0.0  0.0  0.0  0.0  0.0  0.0  0.0  0.0  0.0  0.0  0.0  0.0  0.0  0.0
  0.0  0.0  0.0  0.0  0.0  0.0  0.0  0.0  0.0  0.0  0.0  0.0  0.0  0.0  0.0
  0.0  0.0  0.0  0.0  0.0  0.0  0.0  0.0  0.0  0.0  0.0  0.0  0.0  0.0  0.0
  0.0  0.0  0.0  0.0  0.0  0.0  0.0  0.0  0.0  0.0  0.0  0.0  0.0  0.0  0.0
  0.0  0.0  0.0  0.0  0.0  0.0  0.0  0.0 70.2  0.0 17.5  0.0  0.0  0.0  0.0
  0.0  0.0  0.0  0.0  0.0  0.0  0.0  0.0  0.0 17.5  0.0  0.0  0.0  0.0  0.0
    -27.41     -4.95      8.73     -6.61     -3.63  0.0  0.0 17.5  0.0  0.0
                                t000136_s20_p12_ai-el2ap.txt 15.0  5.4   81
  0.0  0.0  0.0 74.1  0.0 12.3  0.0  0.0  0.0  0.0  0.0  0.0  0.0  0.0  0.0
  0.0  0.0  0.0 24.7  0.0  0.0321.0 86.4 61.7  0.0  0.0  0.0  0.0  0.0 12.3
  0.0  0.0111.1  0.0  0.0 24.7  0.0  0.0  0.0  0.0  0.0  0.0 12.3 12.3  0.0
  0.0  0.0  0.0  0.0  0.0  0.0 24.7 12.3  0.0 12.3 98.8  0.0  0.0 74.1  0.0
 24.7  0.0  0.0  0.0  0.0  0.0  0.0  0.0  0.0  0.0  0.0  0.0  0.0  0.0  0.0
  0.0  0.0  0.0  0.0  0.0  0.0  0.0  0.0  0.0  0.0  0.0  0.0  0.0  0.0  0.0
  0.0  0.0  0.0  0.0  0.0  0.0  0.0  0.0  0.0  0.0  0.0  0.0  0.0  0.0  0.0
  0.0  0.0  0.0  0.0  0.0  0.0  0.0  0.0  0.0  0.0  0.0  0.0  0.0  0.0  0.0
  0.0  0.0  0.0  0.0  0.0  0.0  0.0 12.3 12.3  0.0 12.3  0.0  0.0  0.0  0.0
  0.0  0.0  0.0  0.0  0.0  0.0  0.0  0.0  0.0  0.0  0.0  0.0  0.0  0.0  0.0
    -16.99     -5.73     13.46     -6.61      5.96  0.0  0.0  0.0  0.0  0.0
                                t000136_s20_p13_ai-el2ap.txt 14.5  6.1   68
  0.0  0.0  0.0 58.8  0.0  0.0  0.0  0.0  0.0  0.0  0.0  0.0  0.0  0.0  0.0
  0.0  0.0 29.4 14.7  0.0  0.0441.2147.1 44.1 14.7 14.7  0.0  0.0  0.0  0.0
  0.0  0.0191.2  0.0  0.0 14.7  0.0  0.0 14.7  0.0  0.0  0.0  0.0  0.0  0.0
  0.0  0.0 14.7  0.0  0.0 29.4 14.7  0.0  0.0  0.0 73.5 14.7  0.0 58.8 14.7
  0.0  0.0  0.0  0.0  0.0  0.0  0.0  0.0  0.0  0.0  0.0  0.0  0.0  0.0  0.0
  0.0  0.0  0.0  0.0  0.0  0.0  0.0  0.0  0.0  0.0  0.0  0.0  0.0  0.0  0.0
  0.0  0.0  0.0  0.0  0.0  0.0  0.0  0.0  0.0  0.0  0.0  0.0  0.0  0.0  0.0
  0.0  0.0  0.0  0.0  0.0  0.0  0.0  0.0  0.0  0.0  0.0  0.0  0.0  0.0  0.0
  0.0  0.0  0.0  0.0  0.0  0.0  0.0  0.0 14.7  0.0 44.1  0.0  0.0  0.0  0.0
  0.0  0.0  0.0  0.0  0.0  0.0  0.0 29.4  0.0  0.0 29.4  0.0  0.0  0.0  0.0
    -21.33     -4.59     13.41     -1.86     -3.63  0.0  0.0  0.0  0.0  0.0
                                t000136_s20_p14_ai-el2ap.txt 18.0  6.0  101
  0.0  0.0  0.0 39.6  0.0  0.0  0.0  0.0  0.0 19.8  0.0  0.0  0.0  0.0  0.0
  0.0  0.0  9.9  9.9  0.0  0.0297.0138.6148.5  0.0  0.0  0.0  9.9  0.0  9.9
  0.0  9.9148.5  0.0  0.0  9.9  0.0  0.0  0.0  0.0  0.0  9.9  0.0  9.9  0.0
  0.0  9.9  0.0  9.9  9.9  9.9 29.7  9.9  0.0  9.9168.3  0.0  0.0 49.5  0.0
  0.0  0.0  0.0  0.0  0.0  0.0  0.0  0.0  0.0  0.0  0.0  0.0  0.0  0.0  0.0
  0.0  0.0  0.0  0.0  0.0  0.0  0.0  0.0  0.0  0.0  0.0  0.0  0.0  0.0  0.0
  0.0  0.0  0.0  0.0  0.0  0.0  0.0  0.0  0.0  0.0  0.0  0.0  0.0  0.0  0.0
  0.0  0.0  0.0  0.0  0.0  0.0  0.0  0.0  0.0  0.0  0.0  0.0  0.0  0.0  0.0
  0.0  0.0  0.0  0.0  0.0  0.0  0.0  0.0 19.8  9.9 19.8  9.9  0.0  0.0 19.8
  0.0  0.0  0.0  0.0  0.0  9.9  0.0  0.0  9.9  0.0  0.0  0.0  9.9  0.0  0.0
    -26.49     -3.89     19.34     -2.64     -2.13  0.0  0.0  0.0  0.0  0.0
                                t000136_s20_p15_ai-el2ap.txt 12.0  6.7   62
  0.0  0.0  0.0 16.1  0.0  0.0  0.0  0.0  0.0  0.0  0.0  0.0  0.0  0.0  0.0
  0.0  0.0  0.0 16.1  0.0  0.0387.1129.0112.9 48.4  0.0  0.0  0.0  0.0  0.0
  0.0 16.1129.0  0.0  0.0 16.1  0.0  0.0  0.0  0.0  0.0  0.0 16.1 32.3  0.0
  0.0  0.0  0.0  0.0  0.0  0.0 32.3 32.3  0.0  0.0112.9  0.0  0.0 64.5  0.0
  0.0  0.0  0.0  0.0  0.0  0.0  0.0  0.0  0.0  0.0  0.0  0.0  0.0  0.0  0.0
  0.0  0.0  0.0  0.0  0.0  0.0  0.0  0.0  0.0  0.0  0.0  0.0  0.0  0.0  0.0
  0.0  0.0  0.0  0.0  0.0  0.0  0.0  0.0  0.0  0.0  0.0  0.0  0.0  0.0  0.0
  0.0  0.0  0.0  0.0  0.0  0.0  0.0  0.0  0.0  0.0  0.0  0.0  0.0  0.0  0.0
  0.0  0.0  0.0  0.0  0.0  0.0  0.0 16.1 16.1  0.0 48.4 16.1  0.0  0.0 16.1
  0.0  0.0  0.0  0.0  0.0  0.0 32.3 16.1  0.0  0.0  0.0  0.0 16.1  0.0  0.0
    -33.54     -4.14     14.99     -6.61     11.34  0.0  0.0  0.0  0.0  0.0
                                t000136_s20_p16_ai-el2ap.txt 11.8  5.3   62
  0.0  0.0  0.0 80.6  0.0  0.0 16.1  0.0  0.0  0.0  0.0  0.0  0.0  0.0  0.0
  0.0  0.0  0.0  0.0  0.0  0.0258.1193.5 96.8  0.0 16.1  0.0  0.0  0.0  0.0
  0.0  0.0 80.6  0.0  0.0  0.0  0.0  0.0  0.0  0.0  0.0  0.0  0.0  0.0 32.3
 16.1  0.0  0.0  0.0  0.0  0.0  0.0 48.4  0.0  0.0129.0 16.1  0.0129.0  0.0
  0.0  0.0  0.0  0.0  0.0  0.0  0.0  0.0  0.0  0.0  0.0  0.0  0.0  0.0  0.0
  0.0  0.0  0.0 16.1  0.0  0.0  0.0  0.0  0.0  0.0  0.0  0.0  0.0  0.0  0.0
  0.0  0.0  0.0  0.0  0.0  0.0  0.0  0.0  0.0  0.0  0.0  0.0  0.0  0.0  0.0
 16.1  0.0  0.0 16.1  0.0  0.0  0.0  0.0  0.0  0.0  0.0  0.0  0.0  0.0  0.0
  0.0  0.0  0.0  0.0  0.0  0.0  0.0 16.1 16.1 16.1 48.4 16.1  0.0  0.0  0.0
  0.0  0.0  0.0  0.0  0.0  0.0  0.0 16.1  0.0  0.0  0.0  0.0  0.0  0.0  0.0
    -26.37     -5.01      6.57     -6.61     26.39  0.0  0.0  0.0  0.0  0.0
                                t000136_s20_p17_ai-el2ap.txt  6.0  6.3   25
 40.0  0.0  0.0120.0  0.0  0.0  0.0  0.0  0.0  0.0  0.0  0.0  0.0  0.0  0.0
  0.0  0.0  0.0  0.0  0.0  0.0400.0160.0 40.0  0.0  0.0  0.0 40.0  0.0 40.0
  0.0  0.0120.0  0.0  0.0 40.0  0.0  0.0 40.0  0.0  0.0  0.0  0.0  0.0  0.0
  0.0  0.0  0.0  0.0  0.0  0.0  0.0  0.0  0.0 40.0 80.0  0.0  0.0120.0  0.0
  0.0  0.0  0.0  0.0  0.0  0.0  0.0  0.0  0.0  0.0  0.0  0.0  0.0  0.0  0.0
  0.0  0.0  0.0  0.0  0.0  0.0  0.0  0.0  0.0  0.0  0.0  0.0  0.0  0.0  0.0
  0.0  0.0  0.0  0.0  0.0  0.0  0.0  0.0  0.0  0.0  0.0  0.0  0.0  0.0  0.0
  0.0  0.0  0.0  0.0  0.0  0.0  0.0  0.0  0.0  0.0  0.0  0.0  0.0  0.0  0.0
  0.0  0.0  0.0  0.0  0.0  0.0  0.0  0.0 40.0  0.0 40.0  0.0  0.0  0.0  0.0
  0.0  0.0  0.0  0.0  0.0  0.0  0.0 80.0  0.0  0.0  0.0  0.0  0.0  0.0  0.0
    -26.74      1.68     27.03      6.30     -3.63  0.0  0.0  0.0  0.0  0.0
                                t000136_s20_p18_ai-el2ap.txt 12.5  5.8   56
  0.0  0.0  0.0142.9  0.0  0.0  0.0  0.0  0.0  0.0  0.0  0.0  0.0  0.0  0.0
  0.0  0.0  0.0  0.0  0.0  0.0232.1125.0 71.4  0.0  0.0  0.0  0.0  0.0 17.9
  0.0  0.0 89.3  0.0  0.0  0.0  0.0  0.0 17.9  0.0  0.0  0.0  0.0 17.9  0.0
  0.0  0.0  0.0  0.0 17.9  0.0  0.0 17.9  0.0 17.9160.7  0.0  0.0142.9  0.0
  0.0  0.0  0.0  0.0  0.0  0.0  0.0  0.0  0.0  0.0  0.0  0.0  0.0  0.0  0.0
  0.0  0.0  0.0  0.0  0.0  0.0  0.0  0.0  0.0  0.0  0.0  0.0  0.0  0.0  0.0
  0.0  0.0  0.0  0.0  0.0  0.0  0.0  0.0  0.0  0.0  0.0  0.0  0.0  0.0  0.0
  0.0  0.0  0.0  0.0  0.0  0.0  0.0  0.0  0.0  0.0  0.0  0.0  0.0  0.0  0.0
  0.0  0.0  0.0  0.0  0.0  0.0  0.0  0.0  0.0 17.9 17.9 17.9  0.0  0.0 17.9
  0.0  0.0  0.0  0.0  0.0  0.0  0.0 35.7  0.0  0.0  0.0  0.0 17.9  0.0  0.0
    -24.31     -5.73     16.10     -0.84     -0.92  0.0  0.0  0.0  0.0  0.0
                                t000136_s20_p19_ai-el2ap.txt 11.5  5.0   65
  0.0  0.0  0.0 76.9  0.0  0.0  0.0  0.0  0.0  0.0  0.0  0.0  0.0  0.0  0.0
  0.0  0.0  0.0  0.0  0.0  0.0323.1138.5 46.2  0.0  0.0  0.0  0.0  0.0  0.0
  0.0 15.4123.1  0.0  0.0 15.4 15.4  0.0 15.4  0.0  0.0  0.0  0.0  0.0  0.0
 15.4  0.0  0.0  0.0 15.4  0.0 15.4 15.4  0.0  0.0 61.5  0.0  0.0107.7  0.0
 15.4  0.0  0.0  0.0  0.0  0.0  0.0  0.0  0.0  0.0  0.0  0.0  0.0  0.0  0.0
  0.0  0.0  0.0  0.0  0.0  0.0  0.0  0.0  0.0 15.4  0.0  0.0  0.0  0.0  0.0
  0.0  0.0  0.0  0.0 15.4  0.0  0.0  0.0  0.0  0.0  0.0  0.0  0.0  0.0  0.0
  0.0 15.4  0.0 15.4  0.0 15.4 15.4  0.0  0.0  0.0  0.0  0.0  0.0  0.0  0.0
  0.0  0.0  0.0  0.0  0.0  0.0  0.0  0.0 15.4 15.4 15.4  0.0  0.0  0.0  0.0
  0.0  0.0  0.0  0.0  0.0  0.0  0.0 15.4  0.0  0.0  0.0  0.0  0.0  0.0  0.0
    -25.88     -5.73     14.34     -1.64      1.34  0.0  0.0  0.0  0.0  0.0
                                 t000136_s20_p2_ai-el2ap.txt  7.5  5.4   37
  0.0  0.0  0.0 27.0  0.0  0.0  0.0  0.0  0.0  0.0  0.0  0.0  0.0  0.0  0.0
  0.0  0.0  0.0  0.0  0.0  0.0378.4162.2 54.1 27.0  0.0  0.0  0.0  0.0 27.0
  0.0  0.0 54.1  0.0  0.0  0.0  0.0  0.0  0.0  0.0  0.0  0.0  0.0 27.0  0.0
  0.0  0.0  0.0  0.0  0.0  0.0  0.0 27.0  0.0 27.0 81.1  0.0  0.0 54.1  0.0
  0.0  0.0  0.0  0.0  0.0  0.0  0.0  0.0  0.0  0.0  0.0  0.0  0.0  0.0  0.0
  0.0  0.0  0.0  0.0  0.0  0.0  0.0  0.0  0.0  0.0  0.0  0.0  0.0  0.0  0.0
  0.0  0.0  0.0  0.0  0.0  0.0  0.0  0.0  0.0  0.0  0.0  0.0  0.0  0.0  0.0
  0.0  0.0  0.0  0.0  0.0  0.0  0.0  0.0  0.0  0.0  0.0  0.0  0.0  0.0  0.0
  0.0  0.0  0.0  0.0  0.0  0.0  0.0  0.0  0.0  0.0  0.0  0.0 27.0 27.0  0.0
  0.0  0.0  0.0  0.0  0.0  0.0  0.0  0.0  0.0  0.0  0.0  0.0  0.0  0.0  0.0
    -31.27     -4.84     18.24     -6.61      0.47  0.0  0.0  0.0  0.0  0.0
                                t000136_s20_p20_ai-el2ap.txt 14.5  5.6   75
 13.3  0.0  0.0 13.3  0.0  0.0  0.0  0.0  0.0 13.3  0.0  0.0  0.0  0.0  0.0
  0.0  0.0  0.0  0.0  0.0  0.0373.3106.7 26.7 40.0  0.0  0.0  0.0  0.0  0.0
  0.0 13.3106.7  0.0  0.0 53.3 13.3  0.0 13.3  0.0  0.0  0.0 26.7 13.3  0.0
 13.3  0.0  0.0  0.0 13.3  0.0 13.3 26.7  0.0  0.0 66.7  0.0  0.0 80.0  0.0
  0.0  0.0  0.0  0.0  0.0  0.0  0.0  0.0  0.0  0.0  0.0  0.0  0.0  0.0  0.0
  0.0  0.0  0.0  0.0  0.0  0.0  0.0 13.3  0.0  0.0  0.0  0.0  0.0 13.3  0.0
  0.0  0.0  0.0  0.0  0.0  0.0  0.0  0.0 13.3  0.0  0.0  0.0  0.0  0.0  0.0
  0.0 13.3 13.3 26.7  0.0 13.3 13.3  0.0  0.0  0.0  0.0  0.0  0.0  0.0  0.0
  0.0  0.0  0.0  0.0  0.0  0.0  0.0  0.0  0.0 40.0 40.0  0.0  0.0 40.0  0.0
  0.0  0.0  0.0  0.0  0.0  0.0  0.0  0.0  0.0 13.3 13.3  0.0 40.0  0.0  0.0
    -25.28     -4.41     10.29     -2.30     19.36  0.0  0.0  0.0  0.0  0.0
                                t000136_s20_p21_ai-el2ap.txt 27.0  6.4  146
  0.0  0.0  0.0 41.1  0.0  0.0  0.0  0.0 13.7  0.0  0.0  0.0  0.0  0.0  0.0
  0.0  0.0  0.0 13.7  0.0  0.0349.3130.1102.7 41.1 13.7  0.0  6.8  0.0  6.8
  6.8  0.0198.6  0.0  0.0 41.1  6.8  6.8  6.8  0.0  0.0  0.0 13.7 13.7  0.0
  0.0  0.0  6.8  0.0  0.0  6.8 13.7 13.7  0.0 13.7116.4 27.4  0.0 95.9 13.7
  0.0  0.0  0.0  0.0  0.0  0.0  0.0  0.0  0.0  0.0  0.0  0.0  0.0  0.0  0.0
  0.0  0.0  0.0  0.0  0.0  0.0  6.8  0.0  0.0  0.0  0.0  0.0  0.0  0.0  0.0
  0.0  0.0  0.0  0.0  0.0  0.0  0.0  0.0  0.0  0.0  0.0  0.0  0.0  0.0  0.0
  6.8  0.0  0.0  6.8  0.0  0.0  0.0  0.0  0.0  0.0  0.0  0.0  0.0  0.0  0.0
  0.0  0.0  0.0  0.0  0.0  0.0  0.0  0.0 13.7  0.0 41.1 13.7  0.0  6.8  6.8
  0.0  0.0  0.0  0.0  0.0  6.8 20.5 13.7  0.0  0.0  0.0  0.0  6.8  0.0  0.0
    -30.49     -2.50     22.08     -2.76      7.01  0.0  0.0  0.0  0.0  0.0
                                t000136_s20_p22_ai-el2ap.txt 26.5  5.6  179
  0.0  0.0  0.0 78.2  0.0  0.0  0.0  0.0  0.0  0.0  0.0  0.0  0.0  0.0  0.0
  0.0  0.0  0.0 22.3  0.0  0.0329.6134.1 67.0 11.2  0.0 22.3  0.0  0.0  0.0
  0.0  5.6100.6  0.0  0.0 22.3  0.0  0.0  0.0  0.0  0.0  5.6 11.2  5.6  0.0
  0.0  0.0  0.0 11.2  0.0  0.0 27.9  5.6  0.0  0.0 72.6  0.0  0.0 89.4  0.0
  5.6  0.0  0.0  0.0  0.0  0.0  0.0  0.0  0.0  0.0  0.0  0.0  0.0  0.0  0.0
  0.0  0.0  0.0  0.0  0.0  0.0  0.0  0.0  0.0  0.0  0.0  0.0  0.0  0.0  0.0
  0.0  0.0  0.0  0.0  0.0  0.0  0.0  0.0  0.0  0.0  0.0  0.0  0.0  0.0  0.0
  0.0  0.0  0.0  0.0  0.0  0.0  0.0  0.0  0.0  0.0  0.0  0.0  0.0  0.0  0.0
  0.0  0.0  0.0  0.0  0.0  0.0  0.0  0.0 16.8 16.8 33.5  0.0  0.0  0.0  5.6
  0.0  0.0  0.0  0.0  0.0 22.3  0.0 11.2  0.0  5.6  0.0  5.6  5.6  0.0  0.0
    -23.80     -1.06      8.76     -4.37      4.20  0.0  0.0  0.0  0.0  0.0
                                t000136_s20_p23_ai-el2ap.txt 16.8  6.1  102
  0.0  0.0  0.0 19.6  0.0  0.0  0.0  0.0  0.0  9.8  0.0  0.0  0.0  0.0  0.0
  0.0  0.0  0.0 19.6  0.0  0.0352.9127.5 78.4 39.2  0.0  0.0  0.0  0.0  0.0
  0.0  0.0127.5  0.0  0.0 49.0  9.8  0.0  0.0  0.0  0.0  0.0 29.4 29.4  0.0
  0.0  0.0  0.0  0.0  0.0  0.0 19.6 29.4  0.0  0.0117.6  0.0  0.0 98.0 19.6
  0.0  0.0  0.0  0.0  0.0  0.0  0.0  0.0  0.0  0.0  0.0  0.0  0.0  0.0  0.0
  0.0  0.0  0.0  0.0  0.0  0.0  0.0  0.0  0.0  0.0  0.0  0.0  0.0  0.0  0.0
  0.0  0.0  0.0  0.0  0.0  0.0  0.0  0.0  0.0  0.0  0.0  0.0  0.0  0.0  0.0
  0.0  0.0  0.0  0.0  0.0  0.0  0.0  0.0  0.0  0.0  0.0  0.0  0.0  0.0  0.0
  0.0  0.0  0.0  0.0  0.0  0.0  0.0  0.0 49.0  0.0 49.0  0.0  0.0  0.0  0.0
  0.0  0.0  0.0  0.0  0.0  9.8  0.0  9.8  0.0 19.6  0.0  0.0 19.6  0.0  0.0
    -27.08     -4.44      7.04     -6.61     19.21  0.0  0.0  0.0  0.0  0.0
                                t000136_s20_p24_ai-el2ap.txt  8.3  5.6   43
  0.0  0.0  0.0  0.0  0.0  0.0  0.0  0.0  0.0  0.0  0.0  0.0  0.0  0.0  0.0
  0.0  0.0  0.0 23.3  0.0  0.0325.6139.5 69.8 23.3  0.0  0.0  0.0  0.0  0.0
  0.0  0.0139.5  0.0  0.0 23.3 23.3  0.0  0.0  0.0  0.0  0.0  0.0 23.3  0.0
  0.0  0.0  0.0  0.0  0.0  0.0 23.3 23.3  0.0  0.0 69.8  0.0  0.0 69.8 23.3
  0.0  0.0  0.0  0.0  0.0  0.0  0.0  0.0  0.0  0.0  0.0  0.0  0.0  0.0  0.0
  0.0  0.0  0.0  0.0  0.0  0.0  0.0  0.0  0.0  0.0  0.0  0.0  0.0  0.0  0.0
  0.0  0.0  0.0  0.0  0.0  0.0  0.0  0.0  0.0  0.0  0.0  0.0  0.0  0.0  0.0
  0.0  0.0  0.0  0.0  0.0  0.0  0.0  0.0  0.0  0.0  0.0  0.0  0.0  0.0  0.0
  0.0  0.0  0.0  0.0  0.0  0.0  0.0  0.0 23.3  0.0 46.5 23.3  0.0  0.0  0.0
  0.0  0.0  0.0  0.0  0.0  0.0  0.0 23.3  0.0  0.0  0.0  0.0  0.0  0.0  0.0
    -26.30     -4.96      9.34     -6.61     -0.10  0.0  0.0  0.0  0.0  0.0
                                t000136_s20_p25_ai-el2ap.txt 19.5  5.1  117
  8.5  0.0  0.0 42.7  0.0  0.0  0.0  0.0  0.0  0.0  0.0  0.0  0.0  0.0  0.0
  0.0  0.0  0.0 17.1  0.0  0.0316.2 85.5 34.2 59.8  0.0 17.1  8.5  0.0  0.0
  0.0  0.0 94.0  0.0  0.0  0.0  8.5  0.0  0.0  0.0  0.0  0.0  0.0 25.6  8.5
  8.5  0.0 25.6  0.0  8.5  0.0 17.1 42.7  0.0  0.0 59.8  0.0  0.0136.8 17.1
  0.0  0.0  0.0  0.0  0.0  0.0  0.0  0.0  0.0  0.0  0.0  0.0  0.0  0.0  0.0
  0.0  0.0  0.0  0.0  0.0  0.0  8.5  0.0  0.0  0.0  0.0  0.0  0.0  0.0  0.0
  0.0  0.0  0.0  0.0  0.0  0.0  0.0  0.0  0.0  0.0  0.0  0.0  0.0  0.0  0.0
  8.5  0.0  0.0  8.5  0.0  0.0  0.0  0.0  0.0  0.0  0.0  0.0  0.0  0.0  0.0
  0.0  0.0  0.0  0.0  0.0  0.0  0.0  0.0  8.5  8.5 68.4  0.0  8.5  0.0  0.0
  0.0  0.0  0.0  0.0  0.0  0.0  0.0 17.1  0.0  8.5  8.5  0.0  8.5  0.0  0.0
    -19.96      1.11      7.50     -6.61      9.59  0.0  0.0  0.0  0.0  0.0
                                t000136_s20_p26_ai-el2ap.txt 21.5  5.4  137
  7.3  0.0  0.0 58.4  0.0  0.0  0.0  0.0 14.6 14.6  0.0  0.0  0.0  0.0  0.0
  0.0  0.0  0.0 21.9  0.0  0.0277.4124.1 43.8 58.4  0.0  0.0  7.3  0.0  0.0
  7.3  0.0 73.0  0.0  0.0 14.6  0.0  0.0  0.0  0.0  7.3  0.0  7.3  0.0 14.6
 14.6  0.0 29.2  0.0 14.6  7.3 21.9 29.2  0.0  7.3 94.9 14.6  0.0138.7  0.0
  0.0  0.0  0.0  0.0  0.0  0.0  0.0  0.0  0.0  0.0  0.0  0.0  0.0  0.0  0.0
  0.0  0.0  0.0  0.0  7.3  7.3  0.0  0.0  0.0  0.0  0.0  0.0  0.0  0.0  0.0
  0.0  0.0  0.0  0.0  0.0  0.0  0.0  0.0  0.0  0.0  0.0  0.0  0.0  0.0  0.0
 14.6  0.0  0.0 14.6  0.0  0.0  0.0  0.0  0.0  0.0  0.0  0.0  0.0  0.0  0.0
  0.0  0.0  0.0  0.0  0.0  0.0  0.0  0.0  0.0  0.0  7.3  7.3  7.3  0.0  0.0
  0.0  0.0  0.0  0.0  0.0  0.0  0.0  7.3  0.0 21.9  7.3  7.3  0.0  0.0  0.0
    -17.74     -2.46     11.85     -3.13     16.87  0.0  0.0  0.0  0.0  0.0
                                t000136_s20_p27_ai-el2ap.txt 18.0  5.8   96
 20.8  0.0  0.0 20.8  0.0  0.0  0.0  0.0  0.0  0.0 10.4  0.0  0.0  0.0  0.0
  0.0  0.0 10.4  0.0  0.0  0.0302.1145.8135.4 31.3  0.0  0.0  0.0  0.0  0.0
  0.0 20.8 72.9  0.0  0.0 10.4  0.0  0.0  0.0  0.0  0.0  0.0  0.0  0.0  0.0
  0.0  0.0 10.4  0.0 20.8 10.4 20.8  0.0  0.0  0.0187.5  0.0  0.0 62.5  0.0
  0.0  0.0  0.0  0.0  0.0  0.0  0.0  0.0  0.0  0.0  0.0  0.0  0.0  0.0  0.0
  0.0  0.0  0.0  0.0  0.0  0.0  0.0  0.0  0.0  0.0  0.0  0.0 10.4  0.0  0.0
  0.0  0.0  0.0  0.0  0.0  0.0  0.0  0.0  0.0  0.0  0.0  0.0  0.0  0.0  0.0
  0.0  0.0 10.4 10.4  0.0  0.0  0.0  0.0  0.0  0.0  0.0  0.0  0.0  0.0  0.0
  0.0  0.0  0.0  0.0  0.0  0.0  0.0  0.0  0.0 10.4 31.3 10.4  0.0  0.0  0.0
  0.0  0.0  0.0  0.0  0.0 10.4  0.0 10.4  0.0  0.0  0.0  0.0  0.0  0.0  0.0
    -27.89     -4.70     13.16     -6.61     -3.63  0.0  0.0  0.0  0.0  0.0
                                t000136_s20_p28_ai-el2ap.txt  4.5  5.5   19
  0.0  0.0  0.0 52.6  0.0  0.0  0.0  0.0  0.0  0.0  0.0  0.0  0.0  0.0  0.0
  0.0  0.0  0.0  0.0  0.0  0.0421.1210.5 52.6  0.0  0.0  0.0  0.0  0.0  0.0
  0.0  0.0157.9  0.0  0.0 52.6  0.0  0.0  0.0  0.0  0.0  0.0  0.0  0.0  0.0
  0.0  0.0 52.6  0.0  0.0  0.0  0.0  0.0  0.0  0.0 52.6  0.0  0.0 52.6  0.0
  0.0  0.0  0.0  0.0  0.0  0.0  0.0  0.0  0.0  0.0  0.0  0.0  0.0  0.0  0.0
  0.0  0.0  0.0  0.0  0.0  0.0  0.0  0.0  0.0  0.0  0.0  0.0  0.0  0.0  0.0
  0.0  0.0  0.0  0.0  0.0  0.0  0.0  0.0  0.0  0.0  0.0  0.0  0.0  0.0  0.0
  0.0  0.0  0.0  0.0  0.0  0.0  0.0  0.0  0.0  0.0  0.0  0.0  0.0  0.0  0.0
  0.0  0.0  0.0  0.0  0.0  0.0  0.0  0.0 52.6  0.0  0.0  0.0  0.0  0.0  0.0
  0.0  0.0  0.0  0.0  0.0  0.0  0.0  0.0  0.0  0.0  0.0  0.0  0.0  0.0  0.0
    -33.92     -5.73      8.95     -6.61     -3.63  0.0  0.0  0.0  0.0  0.0
                                t000136_s20_p29_ai-el2ap.txt 23.8  5.9  129
  0.0  0.0  0.0 54.3  0.0  0.0  7.8  0.0  0.0  0.0  0.0  0.0  0.0  0.0  0.0
  0.0  0.0  0.0  7.8  0.0  0.0426.4139.5 46.5  7.8  0.0  0.0  0.0  0.0 15.5
  0.0  7.8186.0  0.0  0.0 23.3  7.8  7.8  7.8  0.0  0.0  0.0  7.8  0.0  0.0
  0.0  0.0  7.8  0.0  7.8  7.8 15.5  0.0  0.0 15.5 69.8  0.0  0.0 77.5  7.8
  0.0  0.0  0.0  0.0  0.0  0.0  0.0  0.0  0.0  0.0  0.0  0.0  0.0  0.0  0.0
  0.0  0.0  0.0  0.0  0.0 15.5  0.0  0.0  0.0  0.0  0.0  0.0  0.0  0.0  0.0
  0.0  7.8  0.0  0.0  0.0  0.0  0.0  0.0  0.0  0.0  0.0  0.0  0.0  0.0  0.0
 15.5  0.0  0.0 15.5  7.8  0.0  7.8  0.0  0.0  0.0  0.0  0.0  0.0  0.0  0.0
  0.0  0.0  0.0  0.0  0.0  0.0  0.0  0.0 31.0  7.8 23.3  0.0  0.0  0.0 15.5
  0.0  0.0  0.0  0.0  0.0  0.0  0.0 15.5  0.0  7.8  0.0  0.0  0.0  0.0  0.0
    -28.70     -5.47     23.20     -2.26      1.22  0.0  0.0  0.0  0.0  0.0
                                 t000136_s20_p3_ai-el2ap.txt  8.0  5.9   37
  0.0  0.0  0.0  0.0  0.0  0.0  0.0  0.0 27.0  0.0  0.0  0.0  0.0  0.0  0.0
  0.0  0.0  0.0  0.0  0.0  0.0351.4135.1 81.1 54.1  0.0  0.0  0.0  0.0  0.0
  0.0  0.0 81.1  0.0  0.0  0.0 27.0  0.0  0.0  0.0  0.0  0.0  0.0 27.0  0.0
  0.0  0.0  0.0  0.0  0.0  0.0  0.0 27.0  0.0  0.0135.1 27.0  0.0 81.1  0.0
  0.0  0.0  0.0  0.0  0.0  0.0  0.0  0.0  0.0  0.0  0.0  0.0  0.0  0.0  0.0
  0.0  0.0  0.0  0.0  0.0  0.0  0.0  0.0  0.0  0.0  0.0  0.0  0.0  0.0  0.0
  0.0  0.0  0.0  0.0  0.0  0.0  0.0  0.0  0.0  0.0  0.0  0.0  0.0  0.0  0.0
  0.0  0.0  0.0  0.0  0.0  0.0  0.0  0.0  0.0  0.0  0.0  0.0  0.0  0.0  0.0
  0.0  0.0  0.0  0.0  0.0  0.0  0.0  0.0  0.0 54.1 27.0  0.0  0.0  0.0  0.0
  0.0  0.0  0.0  0.0  0.0  0.0  0.0  0.0  0.0 27.0  0.0  0.0  0.0  0.0  0.0
    -31.92     -3.95      6.60     -6.61      0.47  0.0  0.0  0.0  0.0  0.0
                                t000136_s20_p30_ai-el2ap.txt 18.8  5.5  104
  9.6  0.0  0.0 86.5  0.0  0.0  0.0  0.0  0.0 28.8  0.0  0.0  0.0  0.0  0.0
  0.0  0.0  9.6  9.6  0.0 19.2278.8 96.2 86.5  9.6  0.0  0.0  9.6  0.0  9.6
  0.0  0.0 57.7  0.0  0.0 28.8 19.2  0.0  0.0  0.0  0.0  0.0  9.6 19.2  0.0
  0.0  0.0 19.2  0.0  9.6  9.6  9.6 19.2  0.0  9.6105.8  0.0  0.0134.6  0.0
  0.0  0.0  0.0  0.0  0.0  0.0  0.0  0.0  0.0  0.0  0.0  0.0  0.0  0.0  0.0
  0.0  0.0  0.0  9.6  0.0  9.6  0.0  0.0  0.0  0.0  0.0  0.0  0.0  0.0  0.0
  0.0  0.0  0.0  0.0  0.0  0.0  0.0  0.0  9.6  9.6  0.0  0.0  0.0  0.0  0.0
 19.2  0.0  0.0 19.2  0.0  9.6 19.2  0.0  0.0  0.0  0.0  0.0  0.0  0.0  0.0
  0.0  0.0  0.0  0.0  0.0  0.0  0.0  0.0  9.6  0.0 57.7  0.0  0.0  0.0  0.0
  0.0  0.0  0.0  0.0  0.0  0.0  0.0  0.0  9.6  0.0  0.0  0.0 19.2  0.0  0.0
     -9.43     -3.63      8.15     -6.61      5.30  0.0  0.0  0.0  0.0  0.0
                                t000136_s20_p31_ai-el2ap.txt 24.5  5.3  190
  5.3  0.0  0.0 68.4  0.0  0.0  0.0  0.0  0.0 10.5  0.0  0.0  0.0  0.0  0.0
  0.0  0.0  0.0  5.3  0.0  0.0284.2126.3 84.2 10.5  5.3  0.0  5.3  0.0  5.3
  0.0  0.0 84.2  0.0  0.0 10.5  0.0  0.0  0.0  0.0  0.0  0.0  0.0  5.3  5.3
 10.5  5.3 15.8  0.0  0.0  0.0 10.5 21.1  0.0  5.3110.5  5.3  0.0100.0 10.5
  0.0  0.0  0.0  0.0  0.0  0.0  0.0  0.0  0.0  0.0  0.0  0.0  0.0  0.0  0.0
  0.0  0.0  0.0 10.5  0.0  0.0  0.0  0.0  0.0  0.0  0.0  0.0  0.0  0.0  0.0
  0.0  0.0  0.0  0.0  0.0  0.0  0.0  0.0  0.0  0.0  0.0  0.0  0.0  0.0  0.0
 10.5  0.0  0.0 10.5  0.0  0.0  0.0  0.0  0.0  0.0  0.0  0.0  0.0  0.0  0.0
  0.0  0.0  0.0  0.0  0.0  0.0  0.0  0.0  0.0  0.0 63.2  0.0  0.0  0.0  0.0
  0.0 10.5  0.0  0.0  0.0  0.0  5.3 10.5 21.1  5.3  0.0  0.0 26.3  0.0  0.0
    -24.30     -4.17      8.86     -6.61      4.62  0.0  0.0  0.0  0.0  0.0
                                t000136_s20_p32_ai-el2ap.txt  6.3  6.3   26
  0.0  0.0  0.0  0.0  0.0  0.0  0.0  0.0  0.0  0.0  0.0  0.0  0.0  0.0  0.0
  0.0  0.0  0.0  0.0  0.0  0.0384.6153.8 76.9 38.5  0.0  0.0  0.0  0.0  0.0
  0.0  0.0192.3  0.0  0.0  0.0 38.5  0.0  0.0  0.0  0.0  0.0  0.0 38.5  0.0
  0.0  0.0  0.0  0.0  0.0  0.0  0.0 38.5  0.0  0.0115.4  0.0  0.0 76.9  0.0
  0.0  0.0  0.0  0.0  0.0  0.0  0.0  0.0  0.0  0.0  0.0  0.0  0.0  0.0  0.0
  0.0  0.0  0.0  0.0  0.0  0.0  0.0  0.0  0.0  0.0  0.0  0.0  0.0  0.0  0.0
  0.0  0.0  0.0  0.0  0.0  0.0  0.0  0.0  0.0  0.0  0.0  0.0  0.0  0.0  0.0
  0.0  0.0  0.0  0.0  0.0  0.0  0.0  0.0  0.0  0.0  0.0  0.0  0.0  0.0  0.0
  0.0  0.0  0.0  0.0  0.0  0.0  0.0  0.0 38.5 38.5 38.5  0.0  0.0  0.0  0.0
  0.0  0.0  0.0  0.0  0.0  0.0  0.0  0.0  0.0 38.5  0.0  0.0  0.0  0.0  0.0
    -35.35     -4.46     14.33     -6.61      2.20  0.0  0.0  0.0  0.0  0.0
                                t000136_s20_p33_ai-el2ap.txt  9.5  6.3   50
 20.0  0.0  0.0 20.0  0.0  0.0  0.0  0.0  0.0  0.0  0.0  0.0  0.0  0.0  0.0
  0.0  0.0  0.0  0.0  0.0  0.0380.0 80.0 40.0 40.0  0.0  0.0  0.0  0.0  0.0
  0.0  0.0240.0  0.0  0.0 40.0  0.0 20.0  0.0  0.0  0.0  0.0 20.0  0.0 20.0
  0.0  0.0 20.0  0.0  0.0 20.0  0.0 20.0  0.0  0.0 80.0  0.0  0.0 80.0  0.0
  0.0  0.0  0.0  0.0  0.0  0.0  0.0  0.0  0.0  0.0  0.0  0.0  0.0  0.0  0.0
  0.0  0.0  0.0  0.0  0.0  0.0  0.0  0.0  0.0  0.0  0.0  0.0  0.0 20.0  0.0
  0.0  0.0  0.0  0.0  0.0  0.0  0.0  0.0  0.0  0.0  0.0  0.0  0.0  0.0  0.0
  0.0  0.0 20.0 20.0  0.0  0.0  0.0  0.0  0.0  0.0  0.0  0.0  0.0  0.0  0.0
  0.0  0.0  0.0  0.0  0.0  0.0  0.0  0.0  0.0 20.0 40.0  0.0 20.0  0.0  0.0
  0.0  0.0  0.0  0.0  0.0  0.0  0.0  0.0  0.0  0.0  0.0  0.0 20.0  0.0  0.0
    -28.02     -4.41     15.37     -1.84     24.26  0.0  0.0  0.0  0.0  0.0
                                t000136_s20_p34_ai-el2ap.txt 29.3  5.9  185
 10.8  0.0  0.0 43.2  0.0  0.0  5.4  0.0  0.0  5.4  0.0  0.0  0.0  0.0  0.0
  0.0  0.0  5.4 10.8  0.0  0.0373.0151.4 48.6 32.4  5.4  0.0 10.8  0.0 10.8
  0.0  5.4140.5  0.0  0.0 16.2 16.2  0.0  0.0  0.0  0.0  0.0  5.4  5.4  5.4
  5.4  0.0 27.0  0.0  5.4  5.4 16.2 16.2  0.0 10.8 70.3  5.4  0.0108.1  5.4
  0.0  0.0  0.0  0.0  0.0  0.0  0.0  0.0  0.0  0.0  0.0  0.0  0.0  0.0  0.0
  0.0  0.0  0.0 10.8  0.0 16.2  0.0  0.0  0.0  5.4  0.0  0.0  0.0  0.0  0.0
  0.0  0.0  0.0  0.0  5.4  0.0  0.0  0.0  5.4  0.0  0.0  0.0  0.0  0.0  0.0
 27.0  5.4  0.0 32.4  0.0 10.8 10.8  0.0  0.0  0.0  0.0  0.0  0.0  0.0  0.0
  0.0  0.0  0.0  0.0  0.0  0.0  0.0  0.0 37.8  5.4 21.6  0.0  5.4  0.0  0.0
  0.0  0.0  0.0  0.0  5.4  0.0  5.4 21.6 10.8 21.6  0.0  0.0  5.4  0.0  0.0
    -24.42     -2.42     17.22     -6.61      6.47  0.0  0.0  0.0  5.4  0.0
                                t000136_s20_p35_ai-el2ap.txt 28.0  6.1  161
  6.2  0.0  0.0 62.1  0.0  0.0  0.0  0.0  6.2  6.2  0.0  0.0  0.0  0.0  0.0
  0.0  0.0 24.8 12.4  0.0  0.0329.2136.6 80.7  6.2  0.0 12.4 12.4  0.0 12.4
  0.0  6.2136.6  0.0  0.0 31.1 12.4  0.0  6.2  0.0  0.0  6.2  6.2  0.0  6.2
 12.4  0.0 12.4  0.0  0.0 24.8 18.6 18.6  0.0 12.4 99.4  6.2  0.0 99.4  6.2
  0.0  0.0  0.0  0.0  0.0  0.0  0.0  0.0  0.0  0.0  0.0  0.0  0.0  0.0  0.0
  0.0  0.0  0.0  6.2  0.0  0.0  6.2  0.0  0.0  0.0  0.0  0.0  0.0  6.2  0.0
  0.0  0.0  0.0  6.2  0.0  0.0  0.0  0.0  0.0  0.0  6.2  0.0  0.0  0.0  0.0
 12.4  0.0  6.2 18.6  6.2  0.0  6.2  6.2  0.0  0.0  0.0  0.0  0.0  0.0  0.0
  0.0  0.0  0.0  0.0  0.0  0.0  0.0  0.0  6.2 12.4  6.2  0.0  6.2  6.2  0.0
  0.0  0.0  0.0  0.0  0.0  0.0  6.2  6.2 24.8 12.4  0.0  0.0  6.2  0.0  0.0
    -19.61     -0.83     17.21     -2.12      9.04  6.2  0.0  0.0  0.0  0.0
                                t000136_s20_p36_ai-el2ap.txt 11.3  4.7   62
  0.0  0.0  0.0 48.4  0.0  0.0  0.0  0.0  0.0  0.0  0.0  0.0  0.0  0.0  0.0
  0.0  0.0  0.0 16.1  0.0  0.0338.7129.0 64.5 32.3  0.0  0.0  0.0  0.0 16.1
  0.0  0.0 64.5  0.0  0.0  0.0  0.0  0.0  0.0  0.0  0.0  0.0  0.0 64.5  0.0
 16.1  0.0  0.0  0.0  0.0  0.0 16.1 80.6  0.0 16.1112.9  0.0  0.0112.9 16.1
  0.0  0.0  0.0  0.0  0.0  0.0  0.0  0.0  0.0  0.0  0.0  0.0  0.0  0.0  0.0
  0.0  0.0  0.0  0.0  0.0  0.0  0.0  0.0  0.0  0.0  0.0  0.0  0.0  0.0  0.0
  0.0  0.0  0.0  0.0  0.0  0.0  0.0  0.0  0.0  0.0  0.0  0.0  0.0  0.0  0.0
  0.0  0.0  0.0  0.0  0.0  0.0  0.0  0.0  0.0  0.0  0.0  0.0  0.0  0.0  0.0
  0.0  0.0  0.0  0.0  0.0  0.0  0.0  0.0 16.1  0.0 96.8  0.0  0.0  0.0  0.0
  0.0 16.1  0.0  0.0  0.0  0.0  0.0 16.1 16.1 64.5  0.0  0.0  0.0  0.0  0.0
    -23.67     -4.67     13.52     -6.61     11.35  0.0  0.0  0.0  0.0  0.0
                                t000136_s20_p37_ai-el2ap.txt  6.0  5.8   28
 35.7  0.0  0.0  0.0  0.0  0.0  0.0  0.0  0.0  0.0  0.0  0.0  0.0  0.0  0.0
  0.0  0.0  0.0  0.0  0.0  0.0428.6178.6 35.7 35.7 35.7  0.0  0.0  0.0  0.0
  0.0  0.0250.0  0.0  0.0  0.0  0.0  0.0  0.0  0.0  0.0  0.0  0.0  0.0  0.0
  0.0  0.0  0.0  0.0  0.0  0.0  0.0  0.0  0.0  0.0 35.7 35.7  0.0 71.4 35.7
  0.0  0.0  0.0  0.0  0.0  0.0  0.0  0.0  0.0  0.0  0.0  0.0  0.0  0.0  0.0
  0.0  0.0  0.0  0.0  0.0  0.0  0.0  0.0  0.0  0.0  0.0  0.0  0.0  0.0  0.0
  0.0  0.0  0.0  0.0  0.0  0.0  0.0  0.0  0.0  0.0  0.0  0.0  0.0  0.0  0.0
  0.0  0.0  0.0  0.0  0.0  0.0  0.0  0.0  0.0  0.0  0.0  0.0  0.0  0.0  0.0
  0.0  0.0  0.0  0.0  0.0  0.0  0.0  0.0  0.0  0.0 35.7  0.0  0.0  0.0  0.0
  0.0  0.0  0.0  0.0  0.0  0.0  0.0  0.0  0.0 71.4  0.0  0.0  0.0  0.0  0.0
    -30.81     -2.97     18.33     -6.61     -3.63  0.0  0.0  0.0  0.0  0.0
                                t000136_s20_p38_ai-el2ap.txt 10.5  6.4   54
  0.0  0.0  0.0 37.0  0.0  0.0  0.0  0.0  0.0  0.0  0.0  0.0  0.0  0.0  0.0
  0.0  0.0  0.0  0.0  0.0  0.0407.4185.2 55.6 18.5  0.0  0.0  0.0  0.0  0.0
  0.0  0.0203.7  0.0  0.0 37.0  0.0  0.0  0.0  0.0  0.0  0.0 37.0  0.0  0.0
  0.0  0.0  0.0  0.0  0.0  0.0  0.0  0.0  0.0  0.0 74.1  0.0  0.0 55.6  0.0
  0.0  0.0  0.0  0.0  0.0  0.0  0.0  0.0  0.0  0.0  0.0  0.0  0.0  0.0  0.0
  0.0  0.0  0.0  0.0  0.0  0.0  0.0  0.0  0.0  0.0  0.0  0.0  0.0  0.0  0.0
  0.0  0.0  0.0  0.0  0.0  0.0  0.0  0.0  0.0  0.0  0.0  0.0  0.0  0.0  0.0
  0.0  0.0  0.0  0.0  0.0  0.0  0.0  0.0  0.0  0.0  0.0  0.0  0.0  0.0  0.0
  0.0  0.0  0.0  0.0  0.0  0.0  0.0  0.0 18.5 18.5 74.1  0.0 18.5  0.0  0.0
  0.0  0.0  0.0  0.0  0.0  0.0  0.0 18.5  0.0  0.0 18.5  0.0  0.0  0.0  0.0
    -35.40     -5.12     13.02     -6.61     19.52  0.0  0.0  0.0  0.0  0.0
                                t000136_s20_p39_ai-el2ap.txt 18.0  5.7  100
  0.0  0.0  0.0 50.0  0.0  0.0  0.0  0.0  0.0  0.0  0.0  0.0  0.0  0.0  0.0
  0.0  0.0 10.0  0.0  0.0  0.0360.0160.0 30.0 20.0 10.0 20.0  0.0  0.0  0.0
  0.0  0.0110.0 10.0  0.0 10.0 10.0  0.0  0.0  0.0  0.0 20.0  0.0 20.0 10.0
  0.0 10.0  0.0  0.0  0.0 10.0 10.0 30.0  0.0  0.0 50.0 10.0  0.0100.0 10.0
  0.0  0.0  0.0  0.0  0.0  0.0  0.0  0.0  0.0  0.0  0.0  0.0  0.0  0.0  0.0
  0.0  0.0  0.0  0.0 10.0  0.0  0.0  0.0  0.0  0.0  0.0  0.0  0.0  0.0  0.0
  0.0 10.0  0.0  0.0  0.0  0.0  0.0  0.0  0.0  0.0  0.0  0.0  0.0  0.0  0.0
 10.0  0.0  0.0 10.0 10.0  0.0 10.0  0.0  0.0  0.0  0.0  0.0  0.0  0.0  0.0
  0.0  0.0  0.0  0.0  0.0  0.0  0.0  0.0 40.0  0.0 30.0  0.0  0.0  0.0 20.0
  0.0  0.0  0.0  0.0  0.0  0.0  0.0 10.0  0.0  0.0 10.0  0.0 20.0  0.0  0.0
    -26.59     -0.78      5.19      1.39      7.10  0.0  0.0  0.0  0.0  0.0
                                 t000136_s20_p4_ai-el2ap.txt 11.8  5.6   69
 14.5 14.5  0.0 43.5  0.0  0.0  0.0  0.0  0.0 14.5  0.0 14.5  0.0  0.0  0.0
  0.0  0.0  0.0  0.0  0.0  0.0275.4159.4 43.5 87.0  0.0  0.0  0.0  0.0  0.0
  0.0  0.0 87.0  0.0  0.0 14.5  0.0  0.0  0.0  0.0  0.0  0.0  0.0 14.5  0.0
  0.0  0.0 14.5  0.0  0.0  0.0 14.5 14.5  0.0  0.0 43.5  0.0  0.0115.9  0.0
  0.0  0.0  0.0  0.0  0.0  0.0  0.0  0.0  0.0  0.0  0.0  0.0  0.0  0.0  0.0
  0.0  0.0  0.0  0.0 29.0  0.0  0.0  0.0  0.0  0.0  0.0  0.0  0.0  0.0  0.0
  0.0  0.0  0.0  0.0  0.0  0.0  0.0  0.0  0.0  0.0  0.0  0.0  0.0  0.0  0.0
 29.0  0.0  0.0 29.0  0.0  0.0  0.0  0.0  0.0  0.0  0.0  0.0  0.0  0.0  0.0
  0.0  0.0  0.0  0.0  0.0  0.0  0.0  0.0 43.5 14.5 58.0  0.0  0.0  0.0  0.0
  0.0  0.0  0.0  0.0  0.0  0.0  0.0 14.5  0.0  0.0 14.5  0.0  0.0  0.0  0.0
    -12.23     -2.87      6.19     -6.61     -1.43  0.0  0.0  0.0  0.0  0.0
                                t000136_s20_p40_ai-el2ap.txt 22.8  5.8  146
 13.7  0.0  0.0 68.5  0.0  0.0  0.0  0.0  0.0  0.0  0.0  0.0  0.0  0.0  0.0
  0.0  0.0  0.0 13.7  0.0  0.0356.2137.0 61.6  0.0  6.8  0.0  0.0  0.0  6.8
  0.0  0.0116.4  0.0  0.0 13.7  6.8  0.0  0.0  0.0  0.0  0.0  6.8 13.7 13.7
  6.8  0.0  0.0  0.0  0.0  0.0 13.7 34.2  0.0  6.8 68.5  6.8  0.0 89.0  0.0
  6.8  0.0  0.0  0.0  0.0  0.0  0.0  0.0  0.0  0.0  0.0  0.0  0.0  0.0  0.0
  0.0  0.0  0.0  0.0  0.0  0.0  0.0  0.0  0.0  0.0  0.0  0.0  0.0  0.0  0.0
  0.0  0.0  0.0  0.0  0.0  0.0  0.0  0.0  0.0  0.0  6.8  0.0  0.0  0.0  0.0
  0.0  0.0  0.0  0.0  0.0  0.0  0.0  6.8  0.0  0.0  0.0  0.0  0.0  0.0  0.0
  0.0  0.0  0.0  0.0  0.0  0.0  0.0  6.8 13.7 13.7 54.8  6.8  0.0  0.0 20.5
  0.0  0.0  0.0  0.0  0.0 13.7  0.0  6.8  0.0  0.0  0.0  0.0 13.7  0.0  0.0
    -25.65     -5.42     11.71     -6.61     15.48  0.0  0.0  0.0  0.0  0.0
                                t000136_s20_p41_ai-el2ap.txt 21.5  5.8  124
  0.0  0.0  0.0 80.6  0.0  0.0  0.0  0.0  0.0  8.1  0.0  0.0  0.0  0.0  0.0
  0.0  0.0  8.1  8.1  0.0  0.0330.6153.2 72.6  0.0  8.1  0.0  8.1  0.0  0.0
  0.0  8.1145.2  0.0  0.0 24.2  0.0  0.0  8.1  0.0  0.0 16.1  8.1  8.1 16.1
  0.0  8.1  8.1  0.0  0.0  8.1 24.2 24.2  0.0  0.0 80.6  8.1  0.0 80.6  0.0
  0.0  0.0  0.0  0.0  0.0  0.0  0.0  0.0  0.0  0.0  0.0  0.0  0.0  0.0  0.0
  0.0  0.0  0.0  8.1  0.0  0.0  0.0  0.0  0.0  0.0  0.0  0.0  0.0  0.0  0.0
  0.0  0.0  0.0  0.0  0.0  0.0  0.0  0.0  0.0  0.0  8.1  0.0  0.0  0.0  0.0
  8.1  0.0  0.0  8.1  0.0  0.0  0.0  8.1  0.0  0.0  0.0  0.0  0.0  0.0  0.0
  0.0  0.0  0.0  0.0  0.0  0.0  0.0  0.0 32.3  8.1 16.1  0.0  0.0  0.0  0.0
  0.0  0.0  8.1  0.0  0.0 16.1  0.0  8.1  8.1  0.0  8.1  0.0  0.0  0.0  0.0
    -24.83     -3.88     12.67      2.45     15.04  0.0  0.0  0.0  0.0  0.0
                                t000136_s20_p42_ai-el2ap.txt 18.5  5.7  103
  0.0  0.0  0.0 48.5  0.0  0.0  0.0  0.0  0.0  0.0  0.0  0.0  0.0  0.0  0.0
  0.0  0.0  0.0  0.0  0.0  0.0330.1174.8 87.4  0.0  0.0  0.0  9.7  0.0  9.7
  0.0  9.7135.9  0.0  0.0 29.1  0.0  0.0  0.0  0.0  0.0  9.7  0.0  9.7  9.7
  0.0  0.0  9.7  0.0 19.4  0.0  9.7 19.4  0.0  9.7145.6  0.0  0.0 58.3  9.7
  0.0  0.0  0.0  0.0  0.0  0.0  0.0  0.0  0.0  0.0  0.0  0.0  0.0  0.0  0.0
  0.0  0.0  0.0  9.7  0.0  0.0  0.0  0.0  0.0  0.0  0.0  0.0  0.0  0.0  0.0
  0.0  0.0  0.0  0.0  0.0  0.0  0.0  0.0  0.0  0.0  9.7  0.0  0.0  0.0  0.0
  9.7  0.0  0.0  9.7  0.0  0.0  0.0  9.7  0.0  0.0  0.0  0.0  0.0  0.0  0.0
  0.0  0.0  0.0  0.0  0.0  0.0  0.0  0.0 19.4 19.4 48.5  0.0  0.0  0.0 29.1
  0.0  9.7  0.0  0.0  0.0 19.4  9.7  0.0  9.7  0.0  0.0  0.0  9.7  0.0  0.0
    -32.40     -3.93     17.21     -2.72      5.31  0.0  0.0  0.0  0.0  0.0
                                t000136_s20_p43_ai-el2ap.txt 21.3  6.3  125
  0.0  0.0  0.0 32.0  0.0  0.0  0.0  0.0  0.0  8.0  0.0  0.0  0.0  0.0  0.0
  0.0  0.0  0.0  0.0  0.0  0.0416.0168.0 72.0  0.0  0.0  0.0  8.0  0.0  0.0
  0.0 16.0176.0  0.0  0.0 24.0  0.0  0.0  8.0  0.0  0.0  0.0  0.0  0.0 16.0
  8.0  0.0 16.0  0.0  0.0  0.0 16.0 24.0  0.0  0.0 96.0  0.0  0.0 64.0  8.0
  0.0  0.0  0.0  0.0  0.0  0.0  0.0  0.0  0.0  0.0  0.0  0.0  0.0  0.0  0.0
  0.0  0.0  0.0 16.0  0.0  0.0  0.0  0.0  0.0  0.0  0.0  0.0  0.0  0.0  0.0
  0.0  0.0  0.0  0.0  0.0  0.0  0.0  0.0  0.0  0.0  8.0  0.0  0.0  0.0  0.0
 16.0  0.0  0.0 16.0  0.0  0.0  0.0  8.0  0.0  0.0  0.0  0.0  0.0  0.0  0.0
  0.0  0.0  0.0  0.0  0.0  0.0  0.0  0.0 48.0 16.0 40.0  8.0  0.0  0.0 40.0
  0.0  0.0  0.0  0.0  0.0  0.0  0.0  0.0 24.0  8.0  0.0  0.0 16.0  0.0  0.0
    -34.51     -4.25     17.76     -4.02     11.26  0.0  0.0  0.0  0.0  0.0
                                 t000136_s20_p5_ai-el2ap.txt  9.0  6.3   57
  0.0  0.0  0.0 17.5  0.0  0.0  0.0  0.0 17.5  0.0  0.0  0.0  0.0  0.0  0.0
  0.0  0.0  0.0  0.0  0.0  0.0263.2122.8 87.7105.3 70.2 17.5  0.0  0.0  0.0
 17.5  0.0 70.2  0.0  0.0 35.1  0.0  0.0  0.0  0.0  0.0  0.0 17.5 35.1  0.0
  0.0  0.0  0.0  0.0  0.0  0.0  0.0 35.1  0.0 17.5 87.7 87.7  0.0140.4  0.0
  0.0  0.0  0.0  0.0  0.0  0.0  0.0  0.0  0.0  0.0  0.0  0.0  0.0  0.0  0.0
  0.0  0.0  0.0  0.0  0.0  0.0  0.0  0.0  0.0  0.0  0.0  0.0  0.0  0.0  0.0
  0.0  0.0  0.0  0.0  0.0  0.0  0.0  0.0  0.0  0.0  0.0  0.0  0.0  0.0  0.0
  0.0  0.0  0.0  0.0  0.0  0.0  0.0  0.0  0.0  0.0  0.0  0.0  0.0  0.0  0.0
  0.0  0.0  0.0  0.0  0.0  0.0  0.0  0.0 52.6  0.0 17.5  0.0  0.0  0.0  0.0
  0.0  0.0  0.0  0.0  0.0  0.0  0.0  0.0  0.0  0.0  0.0  0.0  0.0  0.0  0.0
    -30.22      4.23     19.80     -6.61     12.65  0.0  0.0  0.0  0.0  0.0
                                 t000136_s20_p6_ai-el2ap.txt  3.3  5.8   14
  0.0  0.0  0.0  0.0  0.0  0.0  0.0  0.0  0.0  0.0  0.0  0.0  0.0  0.0  0.0
  0.0  0.0  0.0  0.0  0.0  0.0285.7142.9 71.4142.9  0.0  0.0  0.0  0.0  0.0
  0.0  0.0 71.4  0.0  0.0  0.0  0.0  0.0  0.0  0.0  0.0  0.0  0.0142.9  0.0
  0.0  0.0  0.0  0.0  0.0  0.0  0.0142.9  0.0  0.0 71.4  0.0  0.0214.3  0.0
  0.0  0.0  0.0  0.0  0.0  0.0  0.0  0.0  0.0  0.0  0.0  0.0  0.0  0.0  0.0
  0.0  0.0  0.0  0.0  0.0  0.0  0.0  0.0  0.0  0.0  0.0  0.0  0.0  0.0  0.0
  0.0  0.0  0.0  0.0  0.0  0.0  0.0  0.0  0.0  0.0  0.0  0.0  0.0  0.0  0.0
  0.0  0.0  0.0  0.0  0.0  0.0  0.0  0.0  0.0  0.0  0.0  0.0  0.0  0.0  0.0
  0.0  0.0  0.0  0.0  0.0  0.0  0.0  0.0  0.0  0.0 71.4 71.4  0.0  0.0  0.0
  0.0  0.0  0.0  0.0  0.0  0.0  0.0  0.0  0.0  0.0  0.0  0.0  0.0  0.0  0.0
    -30.63     -1.03      5.93     -6.61     18.02  0.0  0.0  0.0  0.0  0.0
                                 t000136_s20_p7_ai-el2ap.txt  8.3  5.7   38
  0.0  0.0  0.0 78.9  0.0  0.0  0.0  0.0  0.0  0.0  0.0  0.0  0.0  0.0  0.0
  0.0  0.0 26.3  0.0  0.0  0.0342.1105.3 52.6 26.3  0.0  0.0  0.0  0.0  0.0
  0.0  0.0105.3  0.0  0.0 26.3  0.0  0.0  0.0  0.0  0.0  0.0  0.0 26.3  0.0
  0.0  0.0  0.0  0.0  0.0 26.3  0.0 26.3  0.0  0.0105.3  0.0  0.0105.3  0.0
 26.3  0.0  0.0  0.0  0.0  0.0  0.0  0.0  0.0  0.0  0.0  0.0  0.0  0.0  0.0
  0.0  0.0  0.0  0.0  0.0  0.0  0.0  0.0  0.0  0.0  0.0  0.0  0.0  0.0  0.0
  0.0  0.0  0.0  0.0  0.0  0.0  0.0  0.0  0.0  0.0  0.0  0.0  0.0  0.0  0.0
  0.0  0.0  0.0  0.0  0.0  0.0  0.0  0.0  0.0  0.0  0.0  0.0  0.0  0.0  0.0
  0.0  0.0  0.0  0.0  0.0  0.0  0.0 26.3  0.0  0.0 52.6  0.0  0.0  0.0  0.0
  0.0  0.0  0.0  0.0  0.0  0.0  0.0 26.3  0.0  0.0  0.0  0.0 26.3  0.0  0.0
    -19.60     -4.86      6.79     -6.61      0.36  0.0  0.0  0.0  0.0  0.0
                                 t000136_s20_p8_ai-el2ap.txt 13.0  6.1   70
 14.3  0.0  0.0100.0  0.0  0.0  0.0  0.0  0.0  0.0  0.0  0.0  0.0  0.0  0.0
  0.0  0.0 14.3  0.0  0.0  0.0242.9142.9 57.1 14.3  0.0  0.0  0.0  0.0  0.0
  0.0  0.0 85.7  0.0  0.0 14.3  0.0  0.0  0.0  0.0  0.0  0.0 14.3 28.6  0.0
  0.0  0.0 14.3  0.0  0.0 14.3  0.0 28.6  0.0  0.0114.3  0.0  0.0128.6 14.3
 14.3  0.0  0.0  0.0  0.0  0.0  0.0  0.0  0.0  0.0  0.0  0.0  0.0  0.0  0.0
  0.0  0.0  0.0  0.0  0.0  0.0 14.3  0.0  0.0  0.0  0.0  0.0  0.0  0.0  0.0
  0.0  0.0  0.0  0.0  0.0  0.0  0.0  0.0  0.0  0.0  0.0  0.0  0.0  0.0  0.0
 14.3  0.0  0.0 14.3  0.0  0.0  0.0  0.0  0.0  0.0  0.0  0.0  0.0  0.0  0.0
  0.0  0.0  0.0  0.0  0.0  0.0  0.0  0.0 14.3  0.0 42.9  0.0  0.0  0.0  0.0
  0.0  0.0  0.0  0.0  0.0  0.0  0.0  0.0  0.0 14.3  0.0  0.0 28.6  0.0  0.0
    -20.98     -5.26      6.11     -6.61      9.63  0.0  0.0  0.0  0.0  0.0
                                 t000136_s20_p9_ai-el2ap.txt  9.3  7.2   40
 25.0  0.0  0.0 75.0  0.0  0.0  0.0  0.0  0.0  0.0  0.0  0.0  0.0  0.0  0.0
  0.0  0.0  0.0 25.0  0.0  0.0375.0125.0125.0  0.0  0.0  0.0  0.0  0.0  0.0
  0.0  0.0150.0  0.0  0.0  0.0  0.0  0.0  0.0  0.0  0.0  0.0  0.0 25.0  0.0
 50.0  0.0  0.0  0.0  0.0  0.0 25.0 75.0  0.0  0.0125.0  0.0  0.0150.0  0.0
  0.0  0.0  0.0  0.0  0.0  0.0  0.0  0.0  0.0  0.0  0.0  0.0  0.0  0.0  0.0
  0.0  0.0  0.0  0.0  0.0  0.0  0.0  0.0  0.0  0.0  0.0  0.0  0.0  0.0  0.0
  0.0  0.0  0.0  0.0  0.0  0.0  0.0  0.0  0.0  0.0  0.0  0.0  0.0  0.0  0.0
  0.0  0.0  0.0  0.0  0.0  0.0  0.0  0.0  0.0  0.0  0.0  0.0  0.0  0.0  0.0
  0.0  0.0  0.0  0.0  0.0  0.0  0.0  0.0  0.0  0.0  0.0  0.0  0.0  0.0  0.0
  0.0  0.0  0.0  0.0  0.0 25.0  0.0 25.0  0.0 25.0  0.0  0.0 50.0  0.0  0.0
    -29.03     -5.73     11.39     -6.61     16.29  0.0  0.0  0.0  0.0  0.0
                                  t000136_s4_p1_ai-el2ap.txt 12.5  6.0   65
  0.0  0.0  0.0 30.8  0.0  0.0  0.0  0.0  0.0 15.4  0.0  0.0  0.0  0.0  0.0
  0.0  0.0  0.0  0.0  0.0  0.0400.0184.6 46.2 30.8  0.0  0.0  0.0  0.0  0.0
  0.0  0.0184.6  0.0  0.0 30.8 15.4  0.0 15.4  0.0  0.0  0.0 15.4  0.0  0.0
 15.4  0.0  0.0  0.0 15.4  0.0  0.0 15.4  0.0  0.0 92.3  0.0  0.0 92.3  0.0
 15.4  0.0  0.0  0.0  0.0  0.0  0.0  0.0  0.0  0.0  0.0  0.0  0.0  0.0  0.0
  0.0  0.0  0.0  0.0  0.0  0.0  0.0  0.0  0.0 15.4  0.0  0.0  0.0  0.0  0.0
  0.0  0.0  0.0  0.0 15.4  0.0  0.0  0.0  0.0  0.0  0.0  0.0  0.0  0.0  0.0
  0.0 15.4  0.0 15.4  0.0 15.4 15.4  0.0  0.0  0.0  0.0  0.0  0.0  0.0  0.0
  0.0  0.0  0.0  0.0  0.0  0.0  0.0  0.0  0.0  0.0 46.2 15.4  0.0 15.4  0.0
 15.4  0.0  0.0  0.0  0.0 15.4  0.0 46.2  0.0  0.0  0.0  0.0  0.0  0.0  0.0
    -31.62     -4.72     12.05     -1.64     10.95  0.0  0.0  0.0  0.0  0.0
                                  t000136_s4_p2_ai-el2ap.txt 12.8  6.4   57
  0.0  0.0  0.0 52.6  0.0  0.0  0.0  0.0  0.0 17.5  0.0  0.0  0.0  0.0  0.0
  0.0  0.0  0.0  0.0  0.0  0.0350.9175.4 70.2  0.0 17.5  0.0  0.0  0.0  0.0
  0.0  0.0157.9  0.0  0.0 52.6  0.0  0.0  0.0  0.0  0.0  0.0  0.0 17.5  0.0
  0.0  0.0 17.5 17.5 17.5  0.0  0.0 17.5  0.0  0.0 87.7 17.5  0.0 87.7 35.1
  0.0  0.0  0.0  0.0  0.0  0.0  0.0  0.0  0.0  0.0  0.0  0.0  0.0  0.0  0.0
  0.0  0.0  0.0 17.5  0.0  0.0  0.0  0.0  0.0  0.0  0.0  0.0  0.0  0.0  0.0
  0.0  0.0  0.0  0.0  0.0  0.0  0.0  0.0  0.0  0.0  0.0  0.0  0.0  0.0  0.0
 17.5  0.0  0.0 17.5  0.0  0.0  0.0  0.0  0.0  0.0  0.0  0.0  0.0  0.0  0.0
  0.0  0.0  0.0  0.0  0.0  0.0  0.0  0.0 35.1  0.0 52.6  0.0  0.0  0.0 17.5
  0.0  0.0  0.0  0.0  0.0  0.0 17.5  0.0 17.5  0.0 35.1 17.5  0.0  0.0  0.0
    -31.31     -4.95      8.95     -6.61     -0.97  0.0  0.0  0.0  0.0  0.0
                                  t000136_s4_p3_ai-el2ap.txt 11.0  5.9   64
  0.0  0.0  0.0 31.3  0.0  0.0  0.0  0.0  0.0  0.0  0.0  0.0  0.0  0.0  0.0
 15.6  0.0  0.0 15.6  0.0  0.0390.6156.3 15.6 31.3  0.0  0.0  0.0  0.0 15.6
  0.0  0.0203.1  0.0  0.0 15.6  0.0  0.0  0.0  0.0  0.0  0.0  0.0  0.0  0.0
 15.6  0.0  0.0  0.0 15.6  0.0 15.6 15.6  0.0 15.6 62.5  0.0  0.0 93.8  0.0
  0.0  0.0  0.0  0.0  0.0  0.0  0.0  0.0  0.0  0.0  0.0  0.0  0.0  0.0  0.0
  0.0  0.0  0.0  0.0  0.0  0.0  0.0  0.0  0.0  0.0  0.0  0.0  0.0  0.0  0.0
  0.0  0.0  0.0  0.0  0.0  0.0  0.0  0.0  0.0  0.0  0.0  0.0  0.0  0.0  0.0
  0.0  0.0  0.0  0.0  0.0  0.0  0.0  0.0  0.0  0.0  0.0  0.0  0.0  0.0  0.0
  0.0  0.0  0.0  0.0  0.0  0.0  0.0  0.0 78.1  0.0 78.1  0.0  0.0  0.0  0.0
  0.0  0.0  0.0  0.0  0.0  0.0  0.0 31.3  0.0 15.6  0.0  0.0  0.0  0.0  0.0
    -21.23     -4.70     22.00     -6.61      1.41  0.0  0.0  0.0  0.0  0.0
                                  t000136_s4_p4_ai-el2ap.txt 13.0  6.3   62
  0.0  0.0  0.0 32.3  0.0  0.0  0.0  0.0  0.0  0.0  0.0  0.0  0.0  0.0  0.0
  0.0  0.0  0.0  0.0  0.0  0.0419.4161.3 80.6 16.1  0.0  0.0  0.0  0.0  0.0
  0.0  0.0177.4  0.0  0.0 32.3  0.0  0.0  0.0  0.0  0.0  0.0  0.0  0.0  0.0
 16.1  0.0  0.0  0.0  0.0  0.0  0.0 16.1  0.0  0.0112.9  0.0  0.0 80.6 16.1
  0.0  0.0  0.0  0.0  0.0  0.0  0.0  0.0  0.0  0.0  0.0  0.0  0.0  0.0  0.0
  0.0  0.0  0.0  0.0  0.0  0.0  0.0  0.0  0.0  0.0  0.0  0.0  0.0  0.0  0.0
  0.0  0.0  0.0  0.0  0.0  0.0  0.0  0.0  0.0  0.0  0.0  0.0  0.0  0.0  0.0
  0.0  0.0  0.0  0.0  0.0  0.0  0.0  0.0  0.0  0.0  0.0  0.0  0.0  0.0  0.0
  0.0  0.0  0.0  0.0  0.0  0.0  0.0  0.0 64.5 16.1 16.1  0.0 16.1  0.0 16.1
  0.0  0.0  0.0  0.0  0.0  0.0  0.0 16.1 16.1  0.0  0.0  0.0 16.1  0.0  0.0
    -35.93     -5.20     11.46     -6.61      1.58  0.0  0.0  0.0  0.0  0.0
                                  t000136_s4_p5_ai-el2ap.txt 13.3  5.6   70
  0.0  0.0  0.0 42.9  0.0  0.0  0.0  0.0  0.0 28.6  0.0  0.0  0.0  0.0  0.0
  0.0  0.0 28.6 14.3  0.0  0.0371.4100.0100.0 14.3  0.0  0.0  0.0  0.0  0.0
  0.0  0.0185.7  0.0  0.0 14.3 14.3  0.0  0.0  0.0  0.0  0.0  0.0  0.0  0.0
  0.0 14.3  0.0  0.0  0.0 28.6 28.6  0.0  0.0  0.0142.9  0.0 14.3 71.4  0.0
  0.0  0.0  0.0  0.0  0.0  0.0  0.0  0.0  0.0  0.0  0.0  0.0  0.0  0.0  0.0
  0.0  0.0  0.0  0.0  0.0  0.0  0.0  0.0 14.3 28.6  0.0  0.0  0.0 14.3  0.0
  0.0  0.0  0.0  0.0  0.0  0.0  0.0 14.3  0.0  0.0  0.0  0.0  0.0  0.0  0.0
  0.0 42.9 14.3 57.1  0.0 14.3 14.3  0.0  0.0  0.0  0.0  0.0  0.0  0.0  0.0
  0.0  0.0  0.0  0.0  0.0  0.0  0.0  0.0 14.3 14.3 42.9  0.0  0.0  0.0  0.0
 14.3  0.0  0.0  0.0  0.0 14.3  0.0  0.0  0.0  0.0  0.0  0.0  0.0  0.0  0.0
    -15.96     -5.26     13.06     -6.61     -3.63  0.0  0.0 14.3  0.0  0.0
                                  t000136_s4_p6_ai-el2ap.txt 15.8  6.0   77
  0.0  0.0  0.0 64.9  0.0  0.0  0.0  0.0 13.0  0.0  0.0  0.0  0.0  0.0  0.0
  0.0  0.0 13.0  0.0  0.0  0.0363.6142.9 39.0  0.0  0.0 13.0  0.0  0.0  0.0
  0.0  0.0168.8  0.0 13.0  0.0  0.0  0.0 13.0  0.0  0.0  0.0  0.0 13.0  0.0
  0.0 13.0 13.0 13.0 13.0 13.0 13.0 13.0  0.0  0.0 64.9 13.0  0.0 90.9 13.0
 13.0  0.0  0.0  0.0  0.0  0.0  0.0  0.0  0.0  0.0  0.0  0.0  0.0  0.0  0.0
  0.0  0.0  0.0 13.0  0.0  0.0  0.0  0.0  0.0  0.0  0.0  0.0  0.0  0.0  0.0
  0.0  0.0  0.0  0.0  0.0  0.0  0.0  0.0  0.0  0.0 13.0  0.0  0.0  0.0  0.0
 13.0  0.0  0.0 13.0  0.0  0.0  0.0 13.0  0.0  0.0  0.0  0.0  0.0  0.0  0.0
  0.0  0.0  0.0  0.0  0.0  0.0  0.0  0.0 13.0 26.0 39.0  0.0  0.0  0.0 13.0
  0.0  0.0  0.0  0.0  0.0  0.0  0.0  0.0 26.0  0.0  0.0 13.0  0.0  0.0  0.0
    -25.47     -3.23      8.88     -2.42     -1.66  0.0  0.0  0.0  0.0  0.0
                                  t000136_s4_p7_ai-el2ap.txt 16.8  6.1   87
  0.0  0.0  0.0 92.0  0.0  0.0  0.0  0.0  0.0 57.5  0.0  0.0  0.0  0.0  0.0
  0.0  0.0 11.5 11.5  0.0  0.0310.3114.9114.9 11.5  0.0  0.0  0.0  0.0  0.0
  0.0  0.0149.4  0.0  0.0 11.5 11.5  0.0  0.0  0.0  0.0  0.0  0.0  0.0  0.0
  0.0 11.5  0.0  0.0 23.0 11.5 23.0  0.0  0.0  0.0149.4  0.0  0.0103.4  0.0
 11.5  0.0  0.0  0.0  0.0  0.0  0.0  0.0  0.0  0.0  0.0  0.0  0.0  0.0  0.0
  0.0  0.0  0.0  0.0  0.0  0.0  0.0 11.5  0.0  0.0  0.0  0.0  0.0  0.0  0.0
  0.0  0.0  0.0  0.0  0.0  0.0  0.0  0.0  0.0  0.0  0.0  0.0  0.0  0.0  0.0
  0.0 11.5  0.0 11.5  0.0  0.0  0.0  0.0  0.0  0.0  0.0  0.0  0.0  0.0  0.0
  0.0  0.0  0.0  0.0  0.0  0.0  0.0  0.0 34.5  0.0 11.5 11.5  0.0  0.0 11.5
 11.5  0.0  0.0  0.0  0.0 11.5  0.0  0.0 11.5 23.0  0.0  0.0  0.0  0.0  0.0
    -16.77     -5.35     10.70     -6.61     -3.63 11.5  0.0  0.0  0.0  0.0
                                  t000136_s4_p8_ai-el2ap.txt 18.8  6.3   92
 10.9  0.0  0.0 43.5  0.0  0.0 10.9  0.0  0.0 10.9  0.0  0.0  0.0  0.0  0.0
  0.0  0.0 10.9  0.0  0.0  0.0304.3152.2 97.8 21.7 21.7  0.0  0.0 10.9  0.0
  0.0  0.0 97.8  0.0  0.0 65.2 10.9  0.0  0.0  0.0 10.9  0.0 21.7  0.0 10.9
 10.9  0.0  0.0  0.0 10.9 21.7  0.0 21.7  0.0 10.9141.3 21.7  0.0 87.0  0.0
 10.9  0.0  0.0  0.0  0.0  0.0  0.0  0.0  0.0  0.0  0.0  0.0  0.0  0.0  0.0
  0.0  0.0  0.0  0.0  0.0  0.0  0.0  0.0  0.0  0.0  0.0  0.0  0.0  0.0  0.0
  0.0  0.0  0.0  0.0  0.0  0.0  0.0  0.0  0.0  0.0 10.9  0.0  0.0  0.0  0.0
  0.0  0.0  0.0  0.0  0.0  0.0  0.0 10.9  0.0  0.0  0.0  0.0  0.0  0.0  0.0
  0.0  0.0  0.0  0.0  0.0  0.0  0.0  0.0 10.9  0.0 21.7  0.0  0.0 21.7  0.0
  0.0  0.0  0.0  0.0  0.0 21.7  0.0 10.9  0.0 10.9  0.0  0.0  0.0  0.0  0.0
    -24.93     -4.05     10.46     -1.43     21.83  0.0  0.0  0.0  0.0  0.0
                                  t000136_s4_p9_ai-el2ap.txt  5.8  6.0   26
  0.0  0.0  0.0 76.9  0.0  0.0  0.0  0.0 38.5 38.5  0.0  0.0  0.0  0.0  0.0
  0.0  0.0  0.0  0.0  0.0  0.0307.7192.3153.8  0.0  0.0  0.0  0.0  0.0  0.0
  0.0  0.0153.8  0.0  0.0  0.0  0.0  0.0 38.5  0.0  0.0  0.0  0.0  0.0  0.0
  0.0  0.0 38.5  0.0  0.0  0.0  0.0  0.0  0.0  0.0153.8 38.5  0.0 76.9  0.0
  0.0  0.0  0.0  0.0  0.0  0.0  0.0  0.0  0.0  0.0  0.0  0.0  0.0  0.0  0.0
  0.0  0.0  0.0 38.5  0.0  0.0  0.0  0.0  0.0  0.0  0.0  0.0  0.0  0.0  0.0
  0.0  0.0  0.0  0.0  0.0  0.0  0.0  0.0  0.0  0.0  0.0  0.0  0.0  0.0  0.0
 38.5  0.0  0.0 38.5  0.0  0.0  0.0  0.0  0.0  0.0  0.0  0.0  0.0  0.0  0.0
  0.0  0.0  0.0  0.0  0.0  0.0  0.0  0.0  0.0  0.0115.4  0.0  0.0  0.0  0.0
  0.0  0.0  0.0  0.0  0.0  0.0  0.0  0.0 38.5 38.5  0.0  0.0  0.0  0.0  0.0
    -28.98     -5.73     11.66      5.80     -3.63  0.0  0.0  0.0  0.0  0.0
                                  t000136_s7_p1_ai-el2ap.txt 11.5  5.8   60
 16.7  0.0  0.0 66.7  0.0  0.0  0.0  0.0  0.0 16.7  0.0  0.0  0.0  0.0  0.0
  0.0  0.0  0.0 16.7  0.0  0.0366.7183.3 50.0 16.7  0.0  0.0  0.0  0.0  0.0
  0.0 16.7166.7  0.0  0.0 16.7 16.7  0.0  0.0  0.0  0.0  0.0  0.0  0.0  0.0
  0.0  0.0  0.0  0.0  0.0  0.0 33.3  0.0  0.0  0.0 50.0  0.0  0.0100.0  0.0
  0.0  0.0  0.0  0.0  0.0  0.0  0.0  0.0  0.0  0.0  0.0  0.0  0.0  0.0  0.0
  0.0  0.0  0.0  0.0  0.0  0.0  0.0  0.0  0.0  0.0  0.0  0.0  0.0  0.0  0.0
  0.0  0.0  0.0  0.0  0.0  0.0  0.0  0.0  0.0  0.0 16.7  0.0  0.0  0.0  0.0
  0.0  0.0  0.0  0.0  0.0  0.0  0.0 16.7  0.0  0.0  0.0  0.0  0.0  0.0  0.0
  0.0  0.0  0.0  0.0  0.0  0.0  0.0  0.0 16.7  0.0 50.0  0.0  0.0  0.0 33.3
  0.0  0.0  0.0  0.0  0.0  0.0  0.0  0.0  0.0  0.0 33.3  0.0  0.0  0.0  0.0
    -23.95     -5.18     17.77     -6.61     -3.63  0.0  0.0  0.0  0.0  0.0
                                  t000136_s7_p2_ai-el2ap.txt 20.5  5.9  109
  9.2  0.0  0.0 64.2  0.0  0.0  0.0  0.0  0.0  0.0  0.0  0.0  0.0  0.0  0.0
  0.0  0.0  0.0 18.3  0.0  0.0394.5119.3 82.6  9.2  0.0 18.3  0.0  0.0 18.3
  0.0  0.0110.1  0.0  0.0 18.3  0.0  0.0  0.0  0.0  0.0 18.3  0.0 27.5  0.0
  0.0  0.0  9.2  0.0  0.0  0.0 18.3 27.5  0.0 18.3 82.6  0.0  0.0 82.6  0.0
  0.0  0.0  0.0  0.0  0.0  0.0  0.0  0.0  0.0  0.0  0.0  0.0  0.0  0.0  0.0
  0.0  0.0  0.0  0.0  0.0  9.2  0.0  0.0  0.0  0.0  0.0  0.0  0.0  9.2  0.0
  0.0  0.0  0.0  0.0  0.0  0.0  0.0  0.0  0.0  0.0  9.2  0.0  0.0  0.0  0.0
  9.2  0.0  9.2 18.3  0.0  0.0  0.0  9.2  0.0  0.0  0.0  0.0  0.0  0.0  0.0
  0.0  0.0  0.0  0.0  0.0  0.0  0.0  9.2 36.7 18.3 36.7 18.3  0.0  0.0  0.0
  9.2  0.0  0.0  0.0  0.0  9.2  0.0 18.3  0.0 18.3  0.0  0.0  0.0  0.0  0.0
    -27.17     -1.90     16.75      0.73      0.54  0.0  0.0  0.0  0.0  0.0
                                  t000136_s7_p3_ai-el2ap.txt 19.3  6.3  111
  9.0  0.0  0.0 72.1  0.0  0.0  0.0  0.0  0.0  0.0  0.0  0.0  0.0  0.0  0.0
  0.0  0.0  0.0  9.0  0.0  0.0369.4126.1 72.1  0.0  9.0 27.0  0.0  0.0  0.0
  0.0  0.0108.1  0.0  9.0 18.0  9.0  0.0  0.0  0.0  0.0  0.0 18.0  0.0  0.0
  9.0  0.0  0.0  0.0  9.0  0.0  9.0  9.0  0.0  0.0 81.1  9.0  0.0108.1  0.0
  0.0  0.0  0.0  0.0  0.0  0.0  0.0  0.0  0.0  0.0  0.0  0.0  0.0  0.0  0.0
  0.0  0.0  0.0  0.0  0.0  0.0  0.0  0.0  0.0  0.0  0.0  0.0  0.0  0.0  0.0
  0.0  0.0  0.0  0.0  0.0  0.0  0.0  0.0  0.0  0.0  0.0  0.0  0.0  0.0  0.0
  0.0  0.0  0.0  0.0  0.0  0.0  0.0  0.0  0.0  0.0  0.0  0.0  0.0  0.0  0.0
  0.0  0.0  0.0  0.0  0.0  0.0  0.0  0.0 27.0  0.0  9.0  9.0  0.0  0.0  0.0
  0.0  0.0  0.0  0.0  0.0  9.0  0.0 18.0  0.0 18.0  0.0  9.0 18.0  0.0  0.0
    -28.79     -0.13      4.81     -6.61     10.54  0.0  0.0  9.0  0.0  0.0
                                  t000136_s7_p4_ai-el2ap.txt 13.3  6.0   69
  0.0  0.0  0.0115.9  0.0  0.0  0.0  0.0  0.0 43.5  0.0  0.0  0.0  0.0  0.0
  0.0  0.0  0.0 14.5  0.0  0.0202.9 87.0115.9  0.0  0.0  0.0  0.0  0.0  0.0
 14.5  0.0101.4  0.0  0.0 43.5  0.0  0.0  0.0  0.0  0.0  0.0 14.5 14.5 14.5
  0.0  0.0  0.0  0.0  0.0  0.0 14.5 29.0  0.0 14.5130.4  0.0  0.0130.4  0.0
  0.0  0.0  0.0  0.0  0.0  0.0  0.0  0.0  0.0  0.0  0.0  0.0  0.0  0.0  0.0
  0.0  0.0  0.0  0.0  0.0  0.0  0.0  0.0  0.0  0.0  0.0  0.0  0.0  0.0  0.0
  0.0  0.0  0.0  0.0  0.0  0.0  0.0  0.0  0.0  0.0  0.0  0.0  0.0  0.0  0.0
  0.0  0.0  0.0  0.0  0.0  0.0  0.0  0.0  0.0  0.0  0.0  0.0  0.0  0.0  0.0
  0.0  0.0  0.0  0.0  0.0  0.0  0.0  0.0 14.5 14.5  0.0  0.0  0.0  0.0  0.0
  0.0  0.0  0.0  0.0  0.0 14.5  0.0  0.0  0.0  0.0  0.0  0.0 14.5  0.0  0.0
    -16.49     -5.73     18.72     -6.61     18.78  0.0  0.0 14.5  0.0  0.0
                                  t000136_s7_p5_ai-el2ap.txt 21.3  5.9  130
  7.7  0.0  0.0 69.2  0.0  7.7  0.0  0.0  0.0  0.0  0.0  0.0  0.0  0.0  0.0
  7.7  0.0  0.0  0.0  0.0  0.0307.7146.2 61.5 23.1  0.0 15.4  7.7  0.0  7.7
  0.0  0.0138.5  0.0  7.7 30.8  7.7  0.0  0.0  0.0  0.0  0.0 15.4  7.7  0.0
  7.7  7.7  0.0  0.0  0.0  0.0  7.7 15.4  0.0  7.7 84.6  0.0  0.0115.4  0.0
  0.0  0.0  0.0  0.0  0.0  0.0  0.0  0.0  0.0  0.0  0.0  0.0  0.0  0.0  0.0
  0.0  0.0  0.0  0.0  0.0  7.7  0.0  0.0  0.0  0.0  0.0  0.0  0.0  0.0  0.0
  7.7  0.0  0.0  0.0  0.0  0.0  0.0  0.0  0.0  0.0  0.0  0.0  0.0  0.0  0.0
  7.7  0.0  0.0  7.7  7.7  0.0  7.7  0.0  0.0  0.0  0.0  0.0  0.0  0.0  0.0
  0.0  0.0  0.0  0.0  0.0  0.0  0.0  0.0 30.8  0.0 23.1  0.0  0.0  0.0  0.0
  0.0  0.0  0.0  0.0  0.0 15.4  0.0 15.4  7.7 15.4  7.7  0.0  0.0  0.0  0.0
    -23.32     -0.59     10.42     -6.61      9.64  0.0  0.0  0.0  0.0  0.0
                                  t000136_s7_p6_ai-el2ap.txt 14.3  5.8   60
 16.7  0.0  0.0 33.3  0.0  0.0  0.0  0.0 16.7  0.0  0.0  0.0  0.0  0.0  0.0
  0.0  0.0  0.0  0.0  0.0  0.0400.0133.3 66.7 33.3  0.0 16.7  0.0  0.0  0.0
  0.0  0.0 66.7  0.0  0.0 16.7 16.7  0.0  0.0  0.0  0.0  0.0 16.7  0.0  0.0
 16.7  0.0  0.0  0.0  0.0  0.0  0.0 16.7  0.0  0.0100.0 16.7  0.0133.3 16.7
 16.7  0.0  0.0  0.0  0.0  0.0  0.0  0.0  0.0  0.0  0.0  0.0  0.0  0.0  0.0
  0.0  0.0  0.0  0.0  0.0  0.0  0.0  0.0  0.0  0.0  0.0  0.0  0.0  0.0  0.0
  0.0  0.0  0.0  0.0  0.0  0.0  0.0  0.0  0.0  0.0  0.0  0.0  0.0  0.0  0.0
  0.0  0.0  0.0  0.0  0.0  0.0  0.0  0.0  0.0  0.0  0.0  0.0  0.0  0.0  0.0
  0.0  0.0  0.0  0.0  0.0  0.0  0.0  0.0 33.3 16.7 33.3  0.0  0.0  0.0  0.0
  0.0 16.7  0.0  0.0  0.0 16.7  0.0 33.3  0.0 16.7  0.0  0.0 33.3  0.0  0.0
    -30.00     -1.43      4.66     -6.61     12.17  0.0  0.0  0.0  0.0  0.0
                                  t000136_s7_p7_ai-el2ap.txt 20.3  6.0  123
  8.1  0.0  0.0 40.7  0.0  0.0  0.0  0.0  0.0  0.0  0.0  0.0  0.0  0.0  0.0
  0.0  0.0 16.3  0.0  0.0  0.0374.0170.7 81.3  0.0  0.0  0.0  0.0  0.0  0.0
  0.0  0.0146.3  0.0  0.0 24.4  0.0  0.0  0.0  0.0  0.0  0.0  8.1  8.1  0.0
  8.1  0.0  0.0  0.0  0.0 16.3  0.0 16.3  0.0  0.0 97.6  0.0  8.1 65.0 16.3
  0.0  0.0  0.0  0.0  0.0  0.0  0.0  0.0  0.0  0.0  0.0  0.0  0.0  0.0  0.0
  0.0  0.0  0.0  0.0  0.0  0.0  0.0  0.0  0.0  0.0  0.0  0.0  0.0  0.0  0.0
  0.0  0.0  0.0  0.0  0.0  0.0  0.0  0.0  0.0  0.0  0.0  0.0  0.0  0.0  0.0
  0.0  0.0  0.0  0.0  0.0  0.0  0.0  0.0  0.0  0.0  0.0  0.0  0.0  0.0  0.0
  0.0  0.0  0.0  0.0  0.0  0.0  0.0  0.0 16.3  8.1 56.9  0.0  0.0  0.0 16.3
  0.0  8.1  0.0  0.0  0.0  0.0  0.0  0.0  0.0  0.0  8.1  0.0  8.1  0.0  0.0
    -28.60     -5.73      9.75     -6.61      5.31  0.0  0.0  0.0  0.0  0.0
                                  t000140_s1_p1_ai-el2ap.txt 32.0  5.8  217
  4.6  0.0  0.0 59.9  0.0  0.0  0.0  9.2  0.0  0.0  0.0  0.0  0.0  0.0  0.0
  0.0  0.0  0.0  9.2  0.0  0.0354.8152.1 78.3  4.6  0.0  0.0  0.0  4.6  0.0
  0.0  0.0 82.9  0.0  9.2 23.0  9.2  0.0  4.6  0.0  0.0  0.0  9.2 13.8  0.0
  0.0  9.2  0.0  0.0  4.6  0.0 18.4 13.8  0.0  4.6101.4  0.0  0.0 96.8 18.4
  0.0  0.0  0.0  0.0  0.0  0.0  0.0  0.0  0.0  0.0  0.0  0.0  0.0  0.0  0.0
  0.0  0.0  0.0  0.0  0.0  0.0  0.0  0.0  0.0  4.6  0.0  0.0  0.0  0.0  0.0
  0.0  4.6  0.0  0.0  4.6  0.0  0.0  0.0  0.0  0.0  0.0  0.0  0.0  0.0  0.0
  0.0  4.6  0.0  4.6  4.6  4.6  9.2  0.0  0.0  0.0  0.0  0.0  0.0  0.0  0.0
  0.0  0.0  0.0  0.0  0.0  0.0  0.0 13.8 23.0  9.2 23.0 41.5 13.8  9.2  0.0
  4.6  0.0  0.0  0.0  0.0  0.0  4.6  0.0  4.6 13.8 18.4  0.0 13.8  0.0  0.0
    -26.95     -5.58      5.42     -5.12      4.23  4.6  0.0  0.0  0.0  0.0
                                 t000140_s15_p1_ai-el2ap.txt 21.3  5.7  106
  0.0  0.0  0.0  9.4  0.0  0.0  9.4  0.0 18.9  0.0  0.0  0.0  0.0  0.0  0.0
  0.0  0.0  0.0  0.0  0.0  0.0283.0141.5 47.2 75.5  9.4  9.4  0.0  0.0  0.0
  9.4  9.4 56.6  0.0  9.4  0.0  9.4  0.0 18.9  0.0  0.0  0.0  0.0 18.9  0.0
  0.0  0.0  0.0  9.4  9.4  0.0  9.4 18.9  0.0  9.4 75.5 28.3  0.0113.2  0.0
  9.4  0.0  0.0  0.0  0.0  0.0  0.0  0.0  0.0  0.0  0.0  0.0  0.0  0.0  0.0
  0.0  0.0  0.0  0.0  0.0  0.0  0.0  0.0  0.0  0.0  0.0  0.0  0.0  0.0  0.0
  0.0  9.4  0.0  0.0  0.0  0.0  0.0  0.0  0.0  0.0  0.0  0.0  0.0  0.0  0.0
  0.0  0.0  0.0  0.0  9.4  0.0  9.4  0.0  0.0  0.0  0.0  0.0  0.0  0.0  0.0
  0.0  0.0  0.0  0.0  0.0  0.0  0.0  0.0  9.4  0.0  0.0  9.4  9.4  9.4  0.0
  0.0  0.0  0.0  0.0  0.0  9.4  0.0 18.9 18.9  9.4  0.0  0.0  9.4  0.0  0.0
    -26.08     -1.01     14.20     -0.52     -0.77  0.0  0.0  0.0  0.0  0.0
                                t000140_s15_p10_ai-el2ap.txt 19.3  5.4  120
  0.0  0.0  0.0 16.7  0.0  0.0  0.0  0.0  0.0  0.0  0.0  0.0  0.0  0.0  0.0
  0.0  0.0  0.0  0.0  0.0  0.0366.7191.7 33.3 50.0  8.3 16.7  0.0  0.0  0.0
  0.0  0.0 58.3  0.0  8.3 16.7  0.0  0.0  0.0  0.0  0.0  0.0  0.0 16.7  0.0
  0.0  0.0  0.0  0.0  0.0  0.0  0.0 16.7  0.0  0.0 41.7  8.3  0.0100.0 16.7
 16.7  0.0  0.0  0.0  0.0  0.0  0.0  0.0  0.0  0.0  0.0  0.0  0.0  0.0  0.0
  0.0  0.0  0.0  0.0  0.0  0.0  0.0  0.0  0.0  0.0  0.0  0.0  0.0  0.0  0.0
  0.0  0.0  0.0  0.0  0.0  0.0  0.0  0.0  0.0  0.0  0.0  0.0  0.0  0.0  0.0
  0.0  0.0  0.0  0.0  0.0  0.0  0.0  0.0  0.0  0.0  0.0  0.0  0.0  0.0  0.0
  0.0  0.0  0.0  0.0  0.0  0.0  0.0  0.0  8.3  0.0  8.3 66.7  0.0 41.7  0.0
  0.0  0.0  0.0  0.0  0.0  8.3  0.0  0.0  8.3  0.0  0.0  0.0 50.0  0.0  0.0
    -31.37     -0.51      1.63     -6.61     -1.10 16.7  0.0  0.0  0.0  0.0
                                t000140_s15_p11_ai-el2ap.txt 15.5  5.6  100
  0.0  0.0  0.0  0.0  0.0  0.0  0.0 10.0  0.0  0.0  0.0  0.0  0.0  0.0  0.0
  0.0  0.0  0.0  0.0  0.0  0.0360.0220.0 40.0 70.0  0.0  0.0 10.0  0.0  0.0
  0.0  0.0 50.0  0.0 10.0 30.0  0.0  0.0  0.0  0.0  0.0  0.0 10.0 20.0  0.0
  0.0  0.0 10.0  0.0 10.0  0.0  0.0 20.0  0.0  0.0 50.0  0.0  0.0110.0 20.0
  0.0  0.0  0.0  0.0  0.0  0.0  0.0  0.0  0.0  0.0  0.0  0.0  0.0  0.0  0.0
  0.0  0.0  0.0 10.0  0.0  0.0  0.0  0.0  0.0  0.0  0.0  0.0  0.0  0.0  0.0
  0.0  0.0  0.0  0.0  0.0  0.0  0.0  0.0  0.0  0.0  0.0  0.0  0.0  0.0  0.0
 10.0  0.0  0.0 10.0  0.0  0.0  0.0  0.0  0.0  0.0  0.0  0.0  0.0  0.0  0.0
  0.0  0.0  0.0  0.0  0.0  0.0  0.0  0.0 30.0  0.0 20.0 40.0  0.0  0.0  0.0
  0.0  0.0  0.0  0.0  0.0 10.0  0.0 10.0 10.0 10.0  0.0  0.0 50.0  0.0  0.0
    -31.14     -1.57     -0.20     -6.61      5.65  0.0 10.0  0.0  0.0  0.0
                                t000140_s15_p12_ai-el2ap.txt 16.0  5.5  104
  9.6  0.0  0.0  0.0  0.0  0.0  0.0 19.2  0.0  0.0  0.0  0.0  0.0  0.0  0.0
  0.0  0.0  0.0  0.0  0.0  0.0336.5144.2 76.9 48.1  0.0  0.0  0.0  0.0  9.6
  0.0  9.6 86.5  0.0 19.2 19.2  0.0  0.0  0.0  0.0  0.0  0.0  0.0  0.0  0.0
  9.6  9.6  0.0  9.6  0.0  0.0 19.2  9.6  0.0  9.6 76.9  0.0  0.0 76.9  9.6
  0.0  0.0  0.0  0.0  0.0  0.0  0.0  0.0  0.0  0.0  0.0  0.0  0.0  0.0  0.0
  0.0  0.0  0.0  0.0  0.0  0.0  0.0  0.0  0.0  0.0  0.0  0.0  0.0  0.0  0.0
  0.0  0.0  0.0  0.0  0.0  0.0  0.0  0.0  0.0  0.0  0.0  0.0  0.0  0.0  0.0
  0.0  0.0  0.0  0.0  0.0  0.0  0.0  0.0  0.0  0.0  0.0  0.0  0.0  0.0  0.0
  0.0  0.0  0.0  0.0  0.0  0.0  0.0  0.0 19.2  0.0  9.6 57.7  0.0  0.0  0.0
  0.0  0.0  0.0  0.0  0.0  0.0 19.2  9.6  9.6  9.6  0.0  0.0  9.6  0.0  0.0
    -26.26     -4.15      8.60     -6.61     -0.52  9.6  0.0  0.0  0.0  0.0
                                t000140_s15_p13_ai-el2ap.txt 14.5  5.8   72
  0.0  0.0  0.0 41.7  0.0  0.0  0.0  0.0  0.0 13.9  0.0  0.0  0.0  0.0  0.0
  0.0  0.0  0.0  0.0  0.0  0.0361.1194.4 69.4 13.9 13.9  0.0  0.0  0.0  0.0
  0.0  0.0166.7  0.0 27.8 13.9 13.9 13.9  0.0  0.0  0.0  0.0  0.0  0.0  0.0
 13.9  0.0  0.0  0.0  0.0 13.9  0.0 13.9  0.0  0.0 69.4 13.9 13.9 69.4  0.0
 13.9  0.0  0.0  0.0  0.0  0.0  0.0  0.0  0.0  0.0  0.0  0.0  0.0  0.0  0.0
  0.0  0.0  0.0  0.0  0.0  0.0  0.0  0.0  0.0  0.0  0.0  0.0  0.0  0.0  0.0
  0.0  0.0  0.0  0.0  0.0  0.0  0.0  0.0  0.0  0.0  0.0  0.0  0.0  0.0  0.0
  0.0  0.0  0.0  0.0  0.0  0.0  0.0  0.0  0.0  0.0  0.0  0.0  0.0  0.0  0.0
  0.0  0.0  0.0  0.0  0.0  0.0  0.0  0.0 55.6 13.9 41.7 13.9  0.0 13.9 13.9
  0.0  0.0  0.0  0.0  0.0  0.0 13.9 27.8  0.0 13.9  0.0  0.0  0.0  0.0  0.0
    -31.45     -4.65      3.59     -3.30      0.85  0.0  0.0  0.0  0.0  0.0
                                t000140_s15_p14_ai-el2ap.txt 24.3  5.5  144
  6.9  0.0  0.0 48.6  0.0  0.0  0.0  0.0  0.0 13.9  0.0  0.0  0.0  0.0  0.0
  0.0  0.0  0.0  6.9  0.0  0.0354.2159.7 62.5 13.9  0.0  6.9  0.0  0.0 13.9
  0.0  0.0 62.5  0.0  6.9 13.9  6.9  0.0  6.9  0.0  0.0  0.0  0.0  0.0  0.0
  0.0  6.9  6.9  6.9 20.8  0.0 13.9  0.0  0.0 13.9 97.2  0.0  6.9 90.3  0.0
  0.0  6.9  0.0  0.0  0.0  0.0  0.0  0.0  0.0  0.0  0.0  0.0  0.0  0.0  0.0
  0.0  0.0  0.0  0.0  0.0  6.9  0.0  6.9  0.0  0.0  0.0  0.0  0.0  0.0  0.0
  0.0  0.0  0.0  0.0  0.0  0.0  0.0  0.0  0.0  0.0  0.0  0.0  0.0  0.0  0.0
  6.9  6.9  0.0 13.9  0.0  0.0  0.0  0.0  0.0  0.0  0.0  0.0  0.0  0.0  0.0
  0.0  0.0  0.0  0.0  0.0  0.0  0.0  0.0 20.8  6.9 13.9 34.7  6.9 34.7  0.0
  0.0  0.0  0.0  0.0  0.0  0.0  6.9  6.9  0.0  6.9  6.9  0.0  6.9  0.0  0.0
    -26.54     -3.94      9.43     -4.37     -3.63  0.0  0.0  0.0  0.0  0.0
                                t000140_s15_p15_ai-el2ap.txt 18.8  5.2  100
  0.0  0.0  0.0 30.0  0.0  0.0  0.0  0.0 10.0 20.0  0.0  0.0  0.0  0.0  0.0
  0.0  0.0  0.0 20.0  0.0  0.0320.0120.0 40.0 30.0  0.0  0.0  0.0  0.0  0.0
  0.0  0.0 70.0  0.0  0.0 50.0 10.0  0.0 10.0  0.0  0.0  0.0 10.0 30.0  0.0
  0.0 20.0  0.0  0.0  0.0  0.0 40.0 30.0  0.0  0.0 50.0 10.0  0.0 70.0 20.0
 10.0  0.0  0.0  0.0  0.0  0.0  0.0  0.0  0.0  0.0  0.0  0.0  0.0  0.0  0.0
  0.0  0.0  0.0  0.0  0.0  0.0  0.0  0.0  0.0  0.0  0.0  0.0  0.0  0.0  0.0
  0.0 10.0  0.0  0.0  0.0  0.0  0.0  0.0  0.0  0.0  0.0  0.0  0.0  0.0  0.0
  0.0  0.0  0.0  0.0 10.0  0.0 10.0  0.0  0.0  0.0  0.0  0.0  0.0  0.0  0.0
  0.0  0.0  0.0  0.0  0.0  0.0  0.0  0.0 30.0  0.0  0.0 40.0 10.0 10.0  0.0
  0.0  0.0  0.0  0.0  0.0  0.0  0.0  0.0  0.0 10.0 10.0  0.0 10.0  0.0  0.0
    -19.35     -4.74      2.99     -3.38      7.17  0.0  0.0  0.0  0.0  0.0
                                t000140_s15_p16_ai-el2ap.txt 16.0  5.0   98
 10.2  0.0  0.0 51.0  0.0  0.0 20.4  0.0  0.0  0.0  0.0  0.0  0.0  0.0  0.0
  0.0  0.0  0.0  0.0  0.0  0.0367.3204.1 30.6 30.6  0.0  0.0  0.0  0.0 10.2
  0.0  0.0 30.6  0.0 10.2 10.2  0.0  0.0  0.0  0.0  0.0  0.0  0.0 20.4  0.0
 10.2  0.0 10.2 10.2  0.0  0.0  0.0 30.6  0.0 10.2 30.6  0.0  0.0112.2 10.2
  0.0  0.0  0.0  0.0  0.0  0.0  0.0  0.0  0.0  0.0  0.0  0.0  0.0  0.0  0.0
  0.0  0.0  0.0  0.0  0.0  0.0  0.0  0.0  0.0  0.0  0.0  0.0  0.0  0.0  0.0
  0.0  0.0  0.0  0.0  0.0  0.0  0.0  0.0  0.0  0.0 10.2  0.0  0.0  0.0  0.0
  0.0  0.0  0.0  0.0  0.0  0.0  0.0 10.2  0.0  0.0  0.0  0.0  0.0  0.0  0.0
  0.0  0.0  0.0  0.0  0.0  0.0  0.0 20.4  0.0 10.2 20.4 30.6 20.4  0.0  0.0
  0.0  0.0  0.0  0.0  0.0  0.0  0.0  0.0 10.2 40.8  0.0  0.0 10.2  0.0  0.0
    -24.51     -4.72      4.62     -6.61      2.76 10.2  0.0  0.0  0.0  0.0
                                t000140_s15_p17_ai-el2ap.txt 18.0  5.4   98
  0.0  0.0  0.0 51.0  0.0  0.0  0.0  0.0  0.0  0.0  0.0  0.0  0.0  0.0  0.0
  0.0  0.0 10.2 10.2  0.0  0.0387.8163.3 20.4 10.2  0.0 10.2  0.0  0.0  0.0
  0.0  0.0 71.4  0.0  0.0 30.6  0.0  0.0  0.0  0.0  0.0 10.2 10.2 10.2  0.0
 10.2 10.2  0.0 10.2 10.2 10.2 20.4 20.4  0.0  0.0 61.2  0.0  0.0 81.6 10.2
  0.0  0.0  0.0  0.0  0.0  0.0  0.0  0.0  0.0  0.0  0.0  0.0  0.0  0.0  0.0
  0.0  0.0  0.0  0.0  0.0  0.0  0.0  0.0  0.0  0.0  0.0  0.0  0.0  0.0  0.0
  0.0  0.0  0.0  0.0  0.0  0.0  0.0  0.0  0.0  0.0  0.0  0.0  0.0  0.0  0.0
  0.0  0.0  0.0  0.0  0.0  0.0  0.0  0.0  0.0  0.0  0.0  0.0  0.0  0.0  0.0
  0.0  0.0  0.0  0.0  0.0  0.0  0.0  0.0 20.4  0.0 10.2 30.6 30.6 40.8 10.2
  0.0  0.0  0.0  0.0  0.0  0.0  0.0 20.4  0.0 10.2 10.2  0.0  0.0  0.0  0.0
    -24.09     -3.43      4.19     -2.52      7.59  0.0  0.0  0.0  0.0  0.0
                                 t000140_s15_p2_ai-el2ap.txt 31.3  5.2  193
  0.0  0.0  0.0 20.7  0.0  0.0  0.0  0.0  0.0  5.2  0.0  0.0  0.0  0.0  0.0
  0.0  0.0  0.0  5.2  0.0  0.0321.2196.9 36.3 41.5  0.0  0.0  0.0  0.0  0.0
  0.0  0.0 88.1  5.2  0.0 15.5  0.0  0.0  5.2  5.2  0.0  0.0  0.0 15.5  0.0
 10.4  5.2  5.2  5.2 10.4  0.0 15.5 25.9  0.0  0.0 51.8  0.0  0.0 77.7  5.2
  0.0  0.0  0.0  0.0  0.0  0.0  0.0  0.0  0.0  0.0  0.0  0.0  0.0  0.0  0.0
  0.0  0.0  0.0  0.0  0.0  0.0  5.2  0.0  0.0  0.0  0.0  0.0  0.0  0.0  0.0
  0.0  0.0  0.0  0.0  0.0  0.0  0.0  0.0  0.0  0.0  0.0  0.0  0.0  0.0  0.0
  5.2  0.0  0.0  5.2  0.0  0.0  0.0  0.0  0.0  0.0  0.0  0.0  0.0  0.0  0.0
  0.0  0.0  0.0  0.0  0.0  0.0  0.0  5.2 10.4  0.0  5.2  0.0 15.5 10.4  5.2
 20.7  0.0  0.0  0.0  0.0 10.4  5.2 10.4 10.4  5.2  0.0  0.0 10.4  0.0  0.0
    -28.03     -4.36      4.73     -2.58      2.07  0.0  0.0  0.0  0.0  0.0
                                 t000140_s15_p3_ai-el2ap.txt 11.0  6.1   55
  0.0  0.0  0.0  0.0  0.0  0.0  0.0  0.0  0.0  0.0  0.0  0.0  0.0  0.0  0.0
  0.0  0.0  0.0  0.0  0.0  0.0327.3127.3109.1 72.7  0.0  0.0  0.0  0.0  0.0
 18.2  0.0 54.5  0.0  0.0  0.0 18.2  0.0  0.0  0.0  0.0  0.0  0.0 18.2  0.0
 18.2  0.0  0.0  0.0  0.0  0.0  0.0 36.4  0.0 18.2145.5  0.0  0.0145.5 18.2
  0.0  0.0  0.0  0.0  0.0  0.0  0.0  0.0  0.0  0.0  0.0  0.0  0.0  0.0  0.0
  0.0  0.0  0.0  0.0  0.0  0.0  0.0  0.0  0.0  0.0  0.0  0.0  0.0  0.0  0.0
  0.0  0.0  0.0  0.0  0.0  0.0  0.0  0.0  0.0  0.0  0.0  0.0  0.0  0.0  0.0
  0.0  0.0  0.0  0.0  0.0  0.0  0.0  0.0  0.0  0.0  0.0  0.0  0.0  0.0  0.0
  0.0  0.0  0.0  0.0  0.0  0.0  0.0 18.2 36.4  0.0  0.0  0.0  0.0  0.0  0.0
  0.0  0.0  0.0  0.0  0.0  0.0  0.0  0.0  0.0 18.2 18.2  0.0  0.0  0.0  0.0
    -33.95     -3.34     21.29     -6.61      4.99  0.0  0.0  0.0  0.0  0.0
                                 t000140_s15_p4_ai-el2ap.txt  4.8  5.6   22
  0.0  0.0  0.0 45.5  0.0  0.0  0.0  0.0  0.0  0.0  0.0  0.0  0.0  0.0  0.0
  0.0  0.0  0.0  0.0  0.0  0.0363.6181.8 45.5  0.0  0.0  0.0  0.0  0.0  0.0
  0.0  0.0 90.9  0.0  0.0  0.0  0.0  0.0  0.0  0.0  0.0  0.0  0.0 45.5  0.0
  0.0  0.0  0.0  0.0  0.0  0.0  0.0 45.5  0.0  0.0 45.5  0.0  0.0 45.5  0.0
  0.0  0.0  0.0  0.0  0.0  0.0  0.0  0.0  0.0  0.0  0.0  0.0  0.0  0.0  0.0
  0.0  0.0  0.0  0.0  0.0  0.0  0.0  0.0  0.0  0.0  0.0  0.0  0.0  0.0  0.0
  0.0  0.0  0.0  0.0  0.0  0.0  0.0  0.0  0.0  0.0  0.0  0.0  0.0  0.0  0.0
  0.0  0.0  0.0  0.0  0.0  0.0  0.0  0.0  0.0  0.0  0.0  0.0  0.0  0.0  0.0
  0.0  0.0  0.0  0.0  0.0  0.0  0.0  0.0  0.0  0.0 90.9 45.5  0.0 45.5  0.0
  0.0  0.0  0.0  0.0  0.0  0.0  0.0  0.0  0.0 45.5  0.0  0.0  0.0  0.0  0.0
    -31.28     -5.73      7.29     -6.61      3.26  0.0  0.0  0.0  0.0  0.0
                                 t000140_s15_p5_ai-el2ap.txt  6.3  5.1   29
  0.0  0.0  0.0  0.0  0.0  0.0  0.0  0.0  0.0  0.0  0.0  0.0  0.0  0.0  0.0
  0.0  0.0  0.0 34.5  0.0  0.0379.3172.4103.4 34.5  0.0  0.0  0.0  0.0  0.0
  0.0  0.0137.9  0.0  0.0  0.0  0.0  0.0  0.0  0.0  0.0  0.0  0.0 34.5  0.0
  0.0  0.0  0.0  0.0  0.0  0.0 34.5 34.5  0.0  0.0103.4  0.0  0.0 34.5  0.0
  0.0  0.0  0.0  0.0  0.0  0.0  0.0  0.0  0.0  0.0  0.0  0.0  0.0  0.0  0.0
  0.0  0.0  0.0  0.0  0.0  0.0  0.0  0.0  0.0  0.0  0.0  0.0  0.0  0.0  0.0
  0.0  0.0  0.0  0.0  0.0  0.0  0.0  0.0  0.0  0.0  0.0  0.0  0.0  0.0  0.0
  0.0  0.0  0.0  0.0  0.0  0.0  0.0  0.0  0.0  0.0  0.0  0.0  0.0  0.0  0.0
  0.0  0.0  0.0  0.0  0.0  0.0  0.0  0.0  0.0  0.0 34.5 69.0 34.5  0.0  0.0
 34.5  0.0  0.0  0.0  0.0  0.0  0.0  0.0  0.0 34.5  0.0  0.0  0.0  0.0  0.0
    -27.33     -4.59     10.55     -6.61      1.60 34.5  0.0  0.0  0.0  0.0
                                 t000140_s15_p6_ai-el2ap.txt  9.3  4.6   45
 22.2  0.0  0.0  0.0  0.0  0.0  0.0  0.0  0.0 22.2  0.0  0.0  0.0  0.0  0.0
  0.0  0.0  0.0  0.0  0.0  0.0288.9111.1 66.7133.3  0.0  0.0  0.0  0.0  0.0
  0.0  0.0 22.2  0.0  0.0 44.4  0.0  0.0  0.0 22.2  0.0 22.2  0.0 22.2 22.2
  0.0  0.0  0.0  0.0  0.0  0.0 22.2 44.4  0.0  0.0 88.9  0.0  0.0 88.9  0.0
  0.0  0.0  0.0  0.0  0.0  0.0  0.0  0.0  0.0  0.0  0.0  0.0  0.0  0.0  0.0
  0.0  0.0  0.0  0.0  0.0  0.0  0.0  0.0  0.0  0.0  0.0  0.0  0.0  0.0  0.0
  0.0  0.0  0.0  0.0  0.0  0.0  0.0  0.0  0.0  0.0  0.0  0.0  0.0  0.0  0.0
  0.0  0.0  0.0  0.0  0.0  0.0  0.0  0.0  0.0  0.0  0.0  0.0  0.0  0.0  0.0
  0.0  0.0  0.0  0.0  0.0  0.0  0.0  0.0  0.0  0.0 22.2 44.4 44.4  0.0  0.0
  0.0  0.0  0.0  0.0  0.0  0.0  0.0 22.2  0.0 44.4  0.0  0.0  0.0  0.0  0.0
    -21.05     -1.34     -0.01     12.38     16.83 22.2  0.0  0.0  0.0  0.0
                                 t000140_s15_p7_ai-el2ap.txt  6.0  5.5   28
  0.0  0.0  0.0  0.0  0.0  0.0  0.0  0.0  0.0  0.0  0.0  0.0  0.0  0.0  0.0
  0.0  0.0  0.0  0.0  0.0  0.0357.1178.6 71.4 35.7 35.7  0.0  0.0  0.0  0.0
  0.0  0.0107.1  0.0  0.0  0.0  0.0  0.0  0.0  0.0  0.0  0.0  0.0 35.7  0.0
  0.0  0.0  0.0  0.0  0.0  0.0  0.0 35.7  0.0  0.0 71.4 35.7  0.0 35.7  0.0
  0.0  0.0  0.0  0.0  0.0  0.0  0.0  0.0  0.0  0.0  0.0  0.0  0.0  0.0  0.0
  0.0  0.0  0.0  0.0  0.0  0.0  0.0  0.0  0.0  0.0  0.0  0.0  0.0  0.0  0.0
  0.0  0.0  0.0  0.0  0.0  0.0  0.0  0.0  0.0  0.0  0.0  0.0  0.0  0.0  0.0
  0.0  0.0  0.0  0.0  0.0  0.0  0.0  0.0  0.0  0.0  0.0  0.0  0.0  0.0  0.0
  0.0  0.0  0.0  0.0  0.0  0.0  0.0  0.0  0.0  0.0 35.7 71.4  0.0  0.0  0.0
  0.0  0.0  0.0  0.0  0.0  0.0  0.0  0.0  0.0 35.7  0.0  0.0  0.0  0.0  0.0
    -33.24     -2.97      8.41     -6.61      1.78  0.0  0.0  0.0  0.0  0.0
                                 t000140_s15_p8_ai-el2ap.txt 13.8  5.6   64
  0.0  0.0  0.0 46.9  0.0  0.0  0.0  0.0  0.0  0.0  0.0 15.6  0.0  0.0  0.0
  0.0  0.0  0.0 31.3  0.0  0.0328.1125.0 15.6 62.5  0.0  0.0  0.0  0.0  0.0
  0.0  0.0 46.9  0.0  0.0 93.8 15.6  0.0  0.0  0.0  0.0  0.0 46.9 31.3  0.0
  0.0  0.0  0.0  0.0  0.0  0.0 46.9 31.3  0.0  0.0 15.6  0.0  0.0109.4  0.0
  0.0  0.0  0.0  0.0  0.0  0.0  0.0  0.0  0.0  0.0  0.0  0.0  0.0  0.0  0.0
  0.0  0.0  0.0 15.6  0.0  0.0  0.0  0.0  0.0  0.0  0.0  0.0  0.0  0.0 15.6
  0.0  0.0  0.0  0.0  0.0  0.0  0.0  0.0  0.0  0.0  0.0  0.0  0.0  0.0  0.0
 15.6  0.0  0.0 15.6 15.6  0.0 15.6  0.0  0.0  0.0  0.0  0.0  0.0  0.0  0.0
  0.0  0.0  0.0  0.0  0.0  0.0  0.0  0.0 78.1  0.0  0.0  0.0  0.0  0.0  0.0
  0.0  0.0  0.0  0.0  0.0  0.0  0.0 15.6 15.6 15.6  0.0  0.0  0.0  0.0  0.0
    -10.65     -3.67     -1.10     -6.61     30.41  0.0  0.0  0.0  0.0  0.0
                                 t000140_s15_p9_ai-el2ap.txt 23.3  5.3  146
 13.7  6.8  0.0 13.7  0.0  0.0  0.0  0.0  0.0  0.0  0.0  0.0  0.0  0.0  0.0
  0.0  0.0  0.0  6.8  0.0  0.0335.6164.4 54.8 82.2  0.0 13.7  0.0  0.0 13.7
  0.0  0.0 41.1  6.8  0.0  0.0  6.8  0.0  0.0  0.0  0.0  6.8  0.0 27.4 13.7
  0.0  0.0  0.0  0.0  0.0  0.0  6.8 41.1  0.0 13.7 89.0  0.0  0.0123.3 13.7
  6.8  0.0  0.0  0.0  0.0  0.0  0.0  0.0  0.0  0.0  0.0  0.0  0.0  0.0  0.0
  0.0  0.0  0.0  0.0  6.8  6.8  0.0  0.0  0.0  0.0  0.0  0.0  0.0  0.0  0.0
  0.0  0.0  6.8  0.0  0.0  0.0  0.0  0.0  0.0  0.0  6.8  0.0  0.0  0.0  0.0
 13.7  0.0  0.0 13.7  6.8  0.0  6.8  6.8  0.0  0.0  0.0  0.0  0.0  0.0  0.0
  0.0  0.0  0.0  0.0  0.0  0.0  0.0 20.5 13.7  0.0 20.5 20.5 54.8 13.7  0.0
  0.0  6.8  0.0  0.0  0.0  6.8  0.0 20.5  0.0 20.5  6.8  0.0 13.7  0.0  0.0
    -25.92     -0.39      8.72     -3.87     11.06  6.8  0.0  0.0  0.0  0.0
                                  t000140_s2_p1_ai-el2ap.txt 21.8  5.5  100
  0.0  0.0  0.0 30.0  0.0  0.0  0.0  0.0  0.0  0.0  0.0  0.0  0.0  0.0  0.0
  0.0  0.0 10.0 20.0  0.0  0.0540.0110.0 60.0 10.0 10.0  0.0 10.0 10.0  0.0
  0.0  0.0 70.0  0.0  0.0 10.0 10.0 10.0  0.0  0.0  0.0  0.0  0.0  0.0  0.0
  0.0  0.0  0.0  0.0  0.0 20.0 20.0  0.0  0.0 10.0 90.0 10.0  0.0 50.0  0.0
  0.0  0.0  0.0  0.0  0.0  0.0  0.0  0.0  0.0  0.0  0.0  0.0  0.0  0.0  0.0
  0.0  0.0  0.0  0.0  0.0  0.0  0.0 10.0  0.0  0.0  0.0  0.0  0.0  0.0  0.0
  0.0 10.0  0.0  0.0  0.0  0.0  0.0  0.0  0.0  0.0  0.0  0.0  0.0  0.0  0.0
  0.0 10.0  0.0 10.0 10.0  0.0 10.0  0.0  0.0  0.0  0.0  0.0  0.0  0.0  0.0
  0.0  0.0  0.0  0.0  0.0  0.0  0.0 10.0 20.0 10.0 10.0 10.0 10.0  0.0  0.0
  0.0  0.0  0.0  0.0  0.0 10.0  0.0  0.0 20.0 10.0  0.0  0.0  0.0  0.0  0.0
    -27.26     -3.10     11.15     -4.22     -3.63  0.0  0.0  0.0  0.0  0.0
                                  t000140_s4_p1_ai-el2ap.txt 22.5  6.2  122
  0.0  0.0  0.0 73.8  0.0  0.0  0.0  0.0  0.0  8.2  0.0  0.0  0.0  0.0  0.0
  0.0  0.0  0.0  8.2  0.0  0.0360.7163.9 65.6  8.2  8.2  0.0  8.2  0.0  0.0
  0.0  0.0 98.4  0.0  0.0 16.4  8.2  0.0  0.0  0.0  0.0  0.0  0.0  0.0  0.0
  0.0  8.2  8.2  0.0  0.0  0.0 16.4  0.0  0.0  0.0 82.0  8.2  8.2106.6  8.2
  0.0  0.0  0.0  0.0  0.0  0.0  0.0  0.0  0.0  0.0  0.0  0.0  0.0  0.0  0.0
  0.0  0.0  0.0  0.0  0.0  8.2  0.0  0.0  0.0  0.0  0.0  0.0  0.0  0.0  0.0
  0.0  8.2  0.0  0.0  0.0  0.0  0.0  0.0  0.0  0.0  0.0  0.0  0.0  0.0  0.0
  8.2  0.0  0.0  8.2  8.2  0.0  8.2  0.0  0.0  0.0  0.0  0.0  0.0  0.0  0.0
  0.0  0.0  0.0  0.0  0.0  0.0  0.0  0.0 24.6 16.4 41.0  8.2  0.0  0.0  0.0
 16.4  0.0  0.0  0.0  0.0  8.2  8.2  0.0  8.2  0.0  8.2  0.0  8.2  0.0  0.0
    -29.25     -3.58      6.87     -6.61     -3.63  0.0  0.0 24.6  0.0  0.0
                                  t000140_s5_p1_ai-el2ap.txt 31.5  5.8  213
  4.7  0.0  0.0 65.7  0.0  0.0  0.0  0.0  0.0  4.7  0.0  0.0  0.0  0.0  0.0
  0.0  0.0  0.0  4.7  0.0  0.0319.2140.8 70.4 28.2  0.0  4.7  0.0  0.0  9.4
  0.0  4.7 84.5  0.0  0.0 28.2  9.4  0.0  4.7  0.0  4.7  4.7  9.4 18.8  0.0
  4.7  0.0  4.7  0.0  4.7  4.7  9.4 23.5  0.0  9.4 84.5  0.0  0.0131.5  4.7
  4.7  0.0  0.0  0.0  0.0  0.0  0.0  0.0  0.0  0.0  0.0  0.0  0.0  0.0  0.0
  0.0  0.0  0.0  4.7  0.0  4.7  0.0  0.0  0.0  0.0  0.0  0.0  0.0  0.0  4.7
  0.0  4.7  0.0  0.0  0.0  0.0  0.0  0.0  0.0  0.0  0.0  0.0  0.0  0.0  0.0
  9.4  0.0  0.0  9.4  9.4  0.0  9.4  0.0  0.0  0.0  0.0  0.0  0.0  0.0  0.0
  0.0  0.0  0.0  0.0  0.0  0.0  0.0  0.0 51.6  9.4 18.8 18.8  4.7  9.4  0.0
 18.8  0.0  0.0  0.0  0.0  0.0  0.0 18.8  9.4 18.8  0.0  0.0  9.4  0.0  0.0
    -27.47     -3.90     11.68     -0.98      6.60  0.0  0.0  9.4  0.0  0.0
                                  t000140_s5_p2_ai-el2ap.txt 14.8  6.4   75
  0.0  0.0  0.0106.7  0.0  0.0  0.0  0.0  0.0  0.0  0.0  0.0  0.0  0.0  0.0
  0.0  0.0  0.0  0.0  0.0  0.0293.3106.7120.0  0.0  0.0  0.0  0.0  0.0  0.0
  0.0  0.0 93.3  0.0  0.0 26.7 13.3 40.0  0.0  0.0 13.3 13.3  0.0 26.7  0.0
 13.3  0.0  0.0  0.0 13.3 53.3  0.0 40.0  0.0  0.0146.7  0.0  0.0146.7  0.0
  0.0  0.0  0.0  0.0  0.0  0.0  0.0  0.0  0.0  0.0  0.0  0.0  0.0  0.0  0.0
  0.0  0.0  0.0  0.0  0.0  0.0  0.0  0.0  0.0  0.0  0.0  0.0  0.0  0.0  0.0
  0.0  0.0  0.0  0.0  0.0  0.0  0.0  0.0  0.0  0.0  0.0  0.0  0.0  0.0  0.0
  0.0  0.0  0.0  0.0  0.0  0.0  0.0  0.0  0.0  0.0  0.0  0.0  0.0  0.0  0.0
  0.0  0.0  0.0  0.0  0.0  0.0  0.0  0.0  0.0 13.3 13.3  0.0  0.0  0.0  0.0
 26.7  0.0  0.0  0.0  0.0  0.0  0.0  0.0 13.3 13.3  0.0  0.0 13.3  0.0  0.0
    -30.43     -5.73      5.94     14.60      4.72  0.0  0.0  0.0  0.0  0.0
                                  t000140_s5_p3_ai-el2ap.txt 26.5  5.6  160
  6.3  0.0  0.0106.3  0.0  0.0  0.0  0.0  0.0  0.0  0.0  0.0  0.0  0.0  0.0
  0.0  0.0 18.8  0.0  0.0  0.0293.8131.3 93.8  6.3 25.0  6.3  0.0  0.0 12.5
  0.0  6.3100.0  0.0  0.0 25.0  6.3  0.0  0.0  0.0  0.0  6.3  0.0 18.8 18.8
  0.0  0.0  6.3  0.0  6.3 18.8  6.3 37.5  0.0 12.5112.5 25.0  0.0131.3  0.0
 12.5  0.0  0.0  0.0  0.0  0.0  0.0  0.0  0.0  0.0  0.0  0.0  0.0  0.0  0.0
  0.0  0.0  0.0  0.0  0.0  0.0  0.0  0.0  0.0  0.0  0.0  0.0  0.0  0.0  0.0
  0.0  0.0  0.0  0.0  0.0  0.0  0.0  0.0  0.0  0.0  0.0  0.0  0.0  0.0  0.0
  0.0  0.0  0.0  0.0  0.0  0.0  0.0  0.0  0.0  0.0  0.0  0.0  0.0  0.0  0.0
  0.0  0.0  0.0  0.0  0.0  0.0  0.0  0.0 37.5  0.0  6.3  6.3  0.0  6.3  0.0
  6.3  0.0  0.0  0.0  0.0  0.0  0.0  0.0 12.5  6.3  0.0  0.0  0.0  6.3  0.0
    -22.09     -3.21     15.06     -4.11     13.64  0.0  0.0  0.0  0.0  0.0
                                  t000140_s5_p4_ai-el2ap.txt 23.8  6.2  112
  0.0  0.0  0.0 89.3  0.0  0.0  8.9  0.0  8.9  0.0  0.0  8.9  0.0  0.0  0.0
  0.0  0.0  8.9  0.0  0.0  0.0267.9 89.3116.1  0.0 35.7  0.0  0.0  8.9  8.9
  0.0  8.9 98.2  0.0  0.0 44.6  8.9  0.0  0.0  0.0  8.9 17.9  8.9 17.9  8.9
  0.0  8.9  0.0 17.9  8.9 17.9 26.8 26.8  0.0 17.9160.7 44.6  0.0107.1  8.9
  0.0  0.0  0.0  0.0  0.0  0.0  0.0  0.0  0.0  0.0  0.0  0.0  0.0  0.0  0.0
  0.0  0.0  0.0  0.0  0.0  0.0  0.0  0.0  0.0  0.0  0.0  0.0  0.0  0.0  0.0
  0.0  0.0  0.0  0.0  0.0  0.0  0.0  0.0  0.0  0.0  0.0  0.0  0.0  0.0  0.0
  0.0  0.0  0.0  0.0  0.0  0.0  0.0  0.0  0.0  0.0  0.0  0.0  0.0  0.0  0.0
  0.0  0.0  0.0  0.0  0.0  0.0  0.0  8.9 26.8 17.9  8.9  8.9  0.0  0.0  8.9
  8.9  0.0  0.0  0.0  0.0  0.0  0.0 26.8  0.0  0.0  0.0  0.0  0.0  0.0  0.0
    -18.91     -4.14     18.28      4.79     11.53  0.0  0.0  0.0  0.0  0.0
                                  t000140_s5_p5_ai-el2ap.txt 20.5  4.8  126
  7.9  0.0  0.0 55.6  0.0  0.0 15.9  0.0  0.0  7.9  0.0  0.0  0.0  0.0  0.0
  0.0  0.0  0.0  0.0  0.0  0.0388.9190.5 47.6 15.9  0.0  0.0  0.0  0.0  0.0
  0.0  0.0 47.6  0.0  0.0  7.9  7.9  0.0  0.0  0.0  0.0  0.0  0.0 15.9  0.0
  7.9  0.0  7.9  7.9  0.0  0.0  0.0 23.8  0.0  0.0 47.6  0.0  0.0 95.2  0.0
  0.0  0.0  0.0  0.0  0.0  0.0  0.0  0.0  0.0  0.0  0.0  0.0  0.0  0.0  0.0
  0.0  0.0  0.0  7.9  0.0  0.0  0.0  0.0  0.0  0.0  0.0  0.0  0.0  0.0  0.0
  0.0  0.0  0.0  0.0  0.0  0.0  0.0  0.0  0.0  0.0  0.0  0.0  0.0  0.0  0.0
  7.9  0.0  0.0  7.9  0.0  0.0  0.0  0.0  0.0  0.0  0.0  0.0  0.0  0.0  0.0
  0.0  0.0  0.0  0.0  0.0  0.0  0.0 23.8 31.7  7.9  7.9 47.6  7.9 39.7  0.0
  0.0  0.0  0.0  0.0  0.0  0.0  0.0 15.9  7.9 23.8  0.0  0.0  7.9  0.0  0.0
    -24.75     -5.21      3.83     -6.61      1.34  0.0  0.0  0.0  0.0  0.0
                                  t000140_s5_p6_ai-el2ap.txt 27.0  5.6  147
  0.0  0.0  0.0 68.0  0.0  0.0  0.0  0.0  6.8  0.0  0.0  0.0  0.0  0.0  0.0
  0.0  0.0  6.8  6.8  0.0  0.0346.9163.3 61.2 13.6 34.0  0.0  6.8  0.0  0.0
  6.8  0.0 74.8  0.0  0.0 27.2  0.0 13.6  6.8  0.0  0.0  0.0  6.8  6.8  6.8
  6.8  0.0  0.0  6.8  6.8 20.4  6.8 20.4  0.0  6.8 95.2 40.8  0.0102.0  6.8
  6.8  0.0  0.0  0.0  0.0  0.0  0.0  0.0  0.0  0.0  0.0  0.0  0.0  0.0  0.0
  0.0  0.0  0.0  0.0  0.0  0.0  0.0  0.0  0.0  0.0  0.0  0.0  0.0  0.0  0.0
  0.0  0.0  0.0  0.0  0.0  0.0  0.0  0.0  0.0  0.0  6.8  0.0  0.0  0.0  0.0
  0.0  0.0  0.0  0.0  0.0  0.0  0.0  6.8  0.0  0.0  0.0  0.0  0.0  0.0  0.0
  0.0  0.0  0.0  0.0  0.0  0.0  0.0  6.8 27.2  6.8 20.4 13.6  0.0 13.6  6.8
 13.6  0.0  0.0  0.0  0.0  6.8  6.8 27.2  0.0 20.4  0.0  0.0  6.8  0.0  0.0
    -26.49     -2.51     10.81     -1.17      9.08  0.0  0.0  6.8  0.0  0.0
                                  t000140_s5_p7_ai-el2ap.txt 23.0  5.3  117
  0.0  0.0  0.0 51.3  0.0  0.0  0.0  0.0 17.1  8.5  0.0  0.0  0.0  0.0  0.0
  0.0  0.0  8.5  8.5  0.0  0.0324.8136.8 51.3 17.1  8.5  0.0 17.1  0.0  8.5
  0.0  0.0 51.3  8.5  0.0 34.2 17.1  0.0  8.5  0.0  0.0  8.5  8.5  8.5  0.0
  8.5  8.5  8.5  8.5  0.0  8.5 17.1 17.1  0.0  8.5 59.8 25.6  0.0102.6  8.5
  8.5  0.0  0.0  0.0  0.0  0.0  0.0  0.0  0.0  0.0  0.0  0.0  0.0  0.0  0.0
  0.0  0.0  0.0  8.5  0.0  0.0  0.0  0.0  0.0  0.0  0.0  0.0  0.0  0.0  0.0
  0.0  8.5  0.0  0.0  0.0  0.0  0.0  0.0  0.0  8.5  0.0  0.0  0.0  0.0  0.0
  8.5  0.0  0.0  8.5  8.5  0.0 17.1  0.0  0.0  0.0  0.0  0.0  0.0  0.0  0.0
  0.0  0.0  0.0  0.0  0.0  0.0  0.0 17.1  8.5 17.1 17.1 25.6  0.0 17.1  0.0
  0.0  0.0  0.0  0.0  0.0  0.0  0.0  8.5 25.6  0.0  0.0  8.5 34.2  0.0  0.0
    -21.61     -1.62      4.42     -0.43      5.77  0.0  0.0  0.0  0.0  0.0
                                  t000140_s8_p1_ai-el2ap.txt 26.8  5.9  132
  7.6  0.0  0.0 37.9  0.0  0.0  0.0  7.6  0.0  0.0  0.0  0.0  0.0  0.0  0.0
  0.0  0.0  0.0  7.6  0.0  0.0363.6136.4 83.3 37.9  0.0  7.6  0.0  0.0  7.6
  0.0  0.0128.8  0.0  0.0 37.9  7.6  0.0  7.6  0.0  0.0  0.0 15.2  0.0  7.6
  0.0  0.0  0.0  0.0  0.0  0.0  7.6  7.6  0.0  7.6106.1  0.0  7.6 90.9  0.0
  0.0  0.0  0.0  0.0  0.0  0.0  0.0  0.0  0.0  0.0  0.0  0.0  0.0  0.0  0.0
  0.0  0.0  0.0  0.0  0.0  0.0  0.0  0.0  0.0  0.0  0.0  0.0  0.0  0.0  0.0
  0.0  0.0  0.0  0.0  0.0  0.0  0.0  0.0  0.0  0.0  0.0  0.0  0.0  0.0  0.0
  0.0  0.0  0.0  0.0  0.0  0.0  0.0  0.0  0.0  0.0  0.0  0.0  0.0  0.0  0.0
  0.0  0.0  0.0  0.0  0.0  0.0  0.0  0.0 30.3  0.0 30.3 22.7  0.0  0.0  0.0
  7.6  0.0  0.0  0.0  0.0  0.0  7.6  7.6  0.0  7.6  0.0 15.2  7.6  0.0  0.0
    -28.18     -3.02     11.55     -4.16     11.67  0.0  0.0  0.0  0.0  0.0
                                  t000140_s8_p2_ai-el2ap.txt 33.0  6.0  213
  0.0  0.0  0.0 51.6  0.0  0.0  0.0  0.0  0.0  0.0  0.0  0.0  0.0  0.0  0.0
  0.0  0.0  0.0  4.7  0.0  0.0319.2145.5 93.9  4.7 18.8 28.2  0.0  0.0  9.4
  0.0  9.4 89.2  0.0  4.7 37.6  4.7  0.0  4.7  0.0  0.0  4.7  4.7 23.5  0.0
  4.7  9.4  0.0  9.4  0.0  0.0 23.5 28.2  0.0  9.4136.2 18.8  0.0 93.9  0.0
  4.7  0.0  0.0  0.0  0.0  0.0  0.0  0.0  0.0  0.0  0.0  0.0  0.0  0.0  0.0
  0.0  0.0  0.0  0.0  0.0  0.0  0.0  0.0  0.0  0.0  0.0  0.0  0.0  0.0  0.0
  0.0  0.0  0.0  0.0  0.0  0.0  0.0  0.0  0.0  0.0  0.0  0.0  0.0  0.0  0.0
  0.0  0.0  0.0  0.0  0.0  0.0  0.0  0.0  0.0  0.0  0.0  0.0  0.0  0.0  0.0
  0.0  0.0  0.0  0.0  0.0  0.0  0.0  4.7 18.8  0.0 14.1 14.1  4.7  9.4  0.0
 18.8  4.7  0.0  0.0  0.0  0.0  0.0 23.5  0.0  0.0  0.0  4.7  4.7  4.7  0.0
    -31.05      0.68     11.83     -3.21      4.38  0.0  0.0  0.0  0.0  0.0
                                  t000140_s8_p3_ai-el2ap.txt 32.8  5.4  211
  4.7  0.0  0.0 37.9  0.0  0.0  0.0  9.5  0.0  0.0  0.0  0.0  0.0  4.7  0.0
  4.7  0.0  4.7  4.7  0.0  0.0350.7161.1 47.4 14.2  9.5  4.7  0.0  0.0  0.0
  0.0  0.0 71.1  0.0  0.0 33.2  4.7  0.0  9.5  0.0  0.0  0.0  4.7  4.7  4.7
  9.5  0.0  9.5  0.0  4.7  4.7  4.7 19.0  0.0  0.0 90.0  9.5  0.0 80.6  9.5
  4.7  0.0  0.0  0.0  0.0  0.0  0.0  0.0  0.0  0.0  0.0  0.0  0.0  0.0  0.0
  0.0  0.0  0.0  0.0  0.0  4.7  4.7  0.0  0.0  0.0  0.0  0.0  0.0  0.0  0.0
  0.0  4.7  0.0  0.0  0.0  0.0  0.0  0.0  0.0  0.0  4.7  0.0  9.5  0.0  0.0
  9.5  0.0  0.0  9.5  4.7  0.0  4.7 14.2  0.0  0.0  0.0  0.0  0.0  0.0  0.0
  0.0  0.0  0.0  0.0  0.0  0.0  0.0  4.7 28.4  0.0 14.2  4.7  0.0 14.2 14.2
  9.5  0.0  0.0  0.0  0.0  0.0  0.0  4.7  9.5 19.0  4.7  0.0  0.0  0.0  0.0
    -20.60     -3.93      4.03     -3.55      6.76  0.0  0.0  0.0  0.0  0.0
                                  t000140_s8_p4_ai-el2ap.txt 31.8  5.3  289
 10.4  0.0  0.0 41.5  0.0  0.0  0.0  0.0  0.0 10.4  0.0  0.0  0.0  0.0  0.0
  0.0  0.0  0.0 10.4  0.0  0.0332.2128.0 62.3 45.0  0.0  0.0  3.5  0.0  6.9
  0.0  0.0 65.7  3.5  0.0  6.9  6.9  0.0  3.5  0.0  0.0  3.5  3.5  6.9  0.0
 10.4  3.5 20.8  6.9  3.5  0.0 13.8 17.3  0.0  6.9 90.0  0.0  3.5124.6 13.8
  0.0  0.0  0.0  0.0  0.0  0.0  0.0  0.0  0.0  0.0  0.0  0.0  0.0  0.0  0.0
  0.0  0.0  0.0  3.5  0.0 10.4  3.5  0.0  0.0  0.0  0.0  0.0  0.0  0.0  0.0
  0.0  3.5  3.5  0.0  3.5  0.0  0.0  0.0  0.0  0.0  0.0  0.0  0.0  0.0  0.0
 17.3  0.0  0.0 17.3  6.9  3.5 10.4  0.0  0.0  0.0  0.0  0.0  0.0  0.0  0.0
  0.0  0.0  0.0  0.0  0.0  0.0  0.0  6.9 20.8  0.0 10.4  6.9  0.0 10.4  3.5
  3.5  0.0  0.0  0.0  0.0  0.0  0.0  6.9  3.5 24.2  3.5  0.0  3.5  0.0  0.0
    -23.78     -3.61      7.62     -4.10      2.93  0.0  0.0  3.5  0.0  0.0
                                  t000140_s8_p5_ai-el2ap.txt 23.3  6.0  130
  0.0  0.0  0.0 46.2  0.0  0.0  0.0  0.0  0.0 15.4  7.7  0.0  0.0  0.0  0.0
  0.0  0.0 15.4  0.0  0.0  0.0307.7130.8123.1  7.7  0.0  7.7  0.0  0.0  7.7
  0.0 23.1107.7  0.0  0.0 15.4  7.7  0.0  0.0  0.0  0.0  0.0  7.7  0.0  0.0
  7.7  0.0  0.0  0.0  7.7 15.4 23.1  7.7  0.0  7.7169.2  0.0  0.0107.7  7.7
  7.7  0.0  0.0  0.0  0.0  0.0  0.0  0.0  0.0  0.0  0.0  0.0  0.0  0.0  0.0
  0.0  0.0  0.0  0.0  0.0  0.0  0.0  0.0  0.0  0.0  0.0  0.0  0.0  0.0  0.0
  0.0  7.7  0.0  0.0  0.0  0.0  0.0  0.0  0.0  0.0  0.0  0.0  0.0  0.0  0.0
  0.0  0.0  0.0  0.0  7.7  0.0  7.7  0.0  0.0  0.0  0.0  0.0  0.0  0.0  0.0
  0.0  0.0  0.0  0.0  0.0  0.0  0.0  0.0 30.8  7.7 15.4  0.0  0.0  0.0 15.4
 15.4  0.0 15.4  0.0  0.0  7.7  0.0  0.0  7.7  7.7  7.7  0.0  7.7  0.0  0.0
    -25.34     -4.00     19.97     -6.61      3.66  0.0  0.0  0.0  0.0  0.0
                                  t000141_s1_p1_ai-el2ap.txt 11.3  5.6   57
  0.0  0.0  0.0  0.0  0.0  0.0  0.0  0.0  0.0  0.0  0.0  0.0  0.0  0.0  0.0
  0.0  0.0  0.0 17.5  0.0  0.0368.4140.4 70.2 70.2  0.0 17.5 35.1  0.0  0.0
  0.0  0.0 87.7  0.0  0.0  0.0  0.0  0.0  0.0  0.0  0.0  0.0  0.0  0.0  0.0
  0.0  0.0  0.0  0.0  0.0  0.0 17.5  0.0  0.0  0.0 87.7  0.0  0.0 87.7  0.0
  0.0  0.0  0.0  0.0  0.0  0.0  0.0  0.0  0.0  0.0  0.0  0.0  0.0  0.0  0.0
  0.0  0.0  0.0  0.0  0.0  0.0  0.0  0.0  0.0  0.0  0.0  0.0  0.0  0.0  0.0
  0.0  0.0  0.0  0.0  0.0  0.0  0.0  0.0  0.0  0.0  0.0  0.0  0.0  0.0  0.0
  0.0  0.0  0.0  0.0  0.0  0.0  0.0  0.0  0.0  0.0  0.0  0.0  0.0  0.0  0.0
  0.0  0.0  0.0  0.0  0.0  0.0  0.0  0.0  0.0  0.0  0.0  0.0 17.5  0.0  0.0
  0.0  0.0  0.0  0.0  0.0  0.0 17.5  0.0 17.5 17.5  0.0  0.0  0.0 17.5  0.0
    -28.80      6.45      7.07     -6.61     -3.63  0.0  0.0  0.0  0.0  0.0
                                  t000141_s1_p2_ai-el2ap.txt 18.3  5.9   92
  0.0  0.0  0.0 10.9  0.0  0.0  0.0  0.0  0.0  0.0  0.0  0.0  0.0  0.0  0.0
  0.0  0.0 10.9 10.9  0.0  0.0391.3141.3 87.0 43.5  0.0 10.9  0.0  0.0  0.0
  0.0  0.0119.6  0.0  0.0  0.0  0.0  0.0  0.0  0.0  0.0  0.0  0.0  0.0  0.0
  0.0  0.0  0.0 10.9  0.0 10.9 10.9  0.0  0.0  0.0 97.8  0.0  0.0 65.2 10.9
 21.7  0.0  0.0  0.0  0.0  0.0  0.0  0.0  0.0  0.0  0.0  0.0  0.0  0.0  0.0
  0.0  0.0  0.0  0.0  0.0  0.0  0.0  0.0  0.0  0.0  0.0  0.0  0.0  0.0  0.0
  0.0  0.0  0.0  0.0  0.0  0.0  0.0  0.0  0.0  0.0  0.0  0.0  0.0  0.0  0.0
  0.0  0.0  0.0  0.0  0.0  0.0  0.0  0.0  0.0  0.0  0.0  0.0  0.0  0.0  0.0
  0.0  0.0  0.0  0.0  0.0  0.0  0.0  0.0 21.7 21.7 54.3  0.0 10.9 10.9  0.0
  0.0  0.0  0.0  0.0  0.0  0.0 21.7 10.9  0.0  0.0  0.0  0.0  0.0  0.0  0.0
    -28.97     -2.21      9.28     -6.61     -3.63  0.0  0.0  0.0  0.0  0.0
                                  t000141_s1_p3_ai-el2ap.txt 13.3  5.8   66
  0.0  0.0  0.0  0.0  0.0  0.0  0.0  0.0  0.0  0.0  0.0  0.0  0.0  0.0  0.0
  0.0  0.0  0.0 30.3  0.0  0.0333.3136.4121.2 60.6  0.0  0.0  0.0  0.0  0.0
  0.0 15.2121.2  0.0  0.0 15.2  0.0  0.0  0.0  0.0  0.0  0.0  0.0 30.3  0.0
 15.2  0.0  0.0  0.0  0.0  0.0 45.5 45.5  0.0  0.0121.2  0.0  0.0 75.8  0.0
  0.0  0.0  0.0  0.0  0.0  0.0  0.0  0.0  0.0  0.0  0.0  0.0  0.0  0.0  0.0
  0.0  0.0  0.0  0.0  0.0  0.0  0.0  0.0  0.0  0.0  0.0  0.0  0.0  0.0  0.0
  0.0  0.0  0.0  0.0  0.0  0.0  0.0  0.0  0.0  0.0  0.0  0.0  0.0  0.0  0.0
  0.0  0.0  0.0  0.0  0.0  0.0  0.0  0.0  0.0  0.0  0.0  0.0  0.0  0.0  0.0
  0.0  0.0  0.0  0.0  0.0  0.0  0.0  0.0 30.3  0.0 30.3 15.2  0.0 30.3  0.0
  0.0  0.0  0.0  0.0  0.0  0.0 15.2  0.0  0.0 30.3  0.0  0.0  0.0  0.0  0.0
    -28.06     -3.73     14.14     -6.61      5.85  0.0  0.0  0.0  0.0  0.0
                                  t000141_s1_p4_ai-el2ap.txt 17.5  6.1   89
  0.0  0.0  0.0 56.2  0.0  0.0  0.0  0.0  0.0  0.0  0.0  0.0  0.0  0.0  0.0
  0.0  0.0 11.2  0.0  0.0  0.0359.6168.5 67.4 11.2  0.0  0.0  0.0  0.0  0.0
  0.0  0.0 67.4  0.0 11.2 33.7  0.0  0.0  0.0  0.0  0.0  0.0  0.0 11.2  0.0
  0.0  0.0  0.0  0.0  0.0 11.2  0.0 11.2  0.0  0.0112.4  0.0  0.0 78.7 11.2
  0.0  0.0  0.0  0.0  0.0  0.0  0.0  0.0  0.0  0.0  0.0  0.0  0.0  0.0  0.0
  0.0  0.0  0.0  0.0  0.0  0.0  0.0  0.0  0.0  0.0  0.0  0.0  0.0  0.0  0.0
  0.0  0.0  0.0  0.0  0.0  0.0  0.0  0.0  0.0  0.0  0.0  0.0  0.0  0.0  0.0
  0.0  0.0  0.0  0.0  0.0  0.0  0.0  0.0  0.0  0.0  0.0  0.0  0.0  0.0  0.0
  0.0  0.0  0.0  0.0  0.0  0.0  0.0  0.0 33.7 11.2 33.7  0.0  0.0  0.0 11.2
  0.0  0.0  0.0  0.0  0.0 11.2 22.5  0.0 11.2  0.0 11.2  0.0 11.2  0.0  0.0
    -29.56     -5.36      0.44     -6.61     -1.92  0.0  0.0  0.0  0.0  0.0
                                 t000141_s14_p1_ai-el2ap.txt 10.0  6.1   49
  0.0  0.0  0.0  0.0  0.0  0.0  0.0  0.0  0.0  0.0  0.0  0.0  0.0  0.0  0.0
  0.0  0.0 20.4  0.0  0.0  0.0285.7142.9183.7 40.8  0.0  0.0  0.0  0.0  0.0
  0.0  0.0122.4  0.0  0.0  0.0 20.4  0.0  0.0  0.0  0.0  0.0  0.0 40.8  0.0
  0.0  0.0  0.0  0.0  0.0 20.4  0.0 40.8  0.0  0.0204.1  0.0  0.0 81.6  0.0
 20.4  0.0  0.0  0.0  0.0  0.0  0.0  0.0  0.0  0.0  0.0  0.0  0.0  0.0  0.0
  0.0  0.0  0.0  0.0  0.0  0.0  0.0  0.0  0.0  0.0  0.0  0.0  0.0  0.0  0.0
  0.0  0.0  0.0  0.0  0.0  0.0  0.0  0.0  0.0  0.0  0.0  0.0  0.0  0.0  0.0
  0.0  0.0  0.0  0.0  0.0  0.0  0.0  0.0  0.0  0.0  0.0  0.0  0.0  0.0  0.0
  0.0  0.0  0.0  0.0  0.0  0.0  0.0  0.0 20.4  0.0  0.0  0.0  0.0  0.0  0.0
 20.4  0.0  0.0  0.0  0.0  0.0  0.0  0.0  0.0 20.4  0.0  0.0  0.0  0.0  0.0
    -31.67     -4.39      9.48     -6.61      2.56  0.0  0.0  0.0  0.0  0.0
                                 t000141_s14_p2_ai-el2ap.txt 12.8  5.9   64
 31.3 15.6  0.0 15.6  0.0  0.0  0.0  0.0  0.0  0.0  0.0  0.0  0.0  0.0  0.0
  0.0  0.0  0.0 15.6  0.0  0.0328.1109.4 62.5 78.1 15.6  0.0  0.0  0.0  0.0
 15.6 15.6 93.8  0.0  0.0 15.6 15.6  0.0  0.0  0.0  0.0  0.0  0.0 62.5  0.0
 15.6  0.0  0.0  0.0  0.0  0.0 31.3 78.1  0.0 15.6 93.8 15.6  0.0156.3 15.6
  0.0  0.0  0.0  0.0  0.0  0.0  0.0  0.0  0.0  0.0  0.0  0.0  0.0  0.0  0.0
  0.0  0.0  0.0  0.0  0.0 15.6  0.0  0.0  0.0  0.0  0.0  0.0  0.0  0.0  0.0
  0.0  0.0  0.0  0.0  0.0  0.0  0.0  0.0  0.0  0.0  0.0  0.0  0.0  0.0  0.0
 15.6  0.0  0.0 15.6  0.0  0.0  0.0  0.0  0.0  0.0  0.0  0.0  0.0  0.0  0.0
  0.0  0.0  0.0  0.0  0.0  0.0  0.0 31.3 46.9  0.0 15.6  0.0 46.9  0.0  0.0
  0.0  0.0  0.0  0.0  0.0  0.0  0.0 62.5  0.0  0.0 15.6 15.6  0.0  0.0  0.0
    -19.85     -2.46     26.59     -6.61     10.88  0.0  0.0  0.0  0.0  0.0
                                 t000141_s14_p3_ai-el2ap.txt 10.5  5.9   49
  0.0  0.0  0.0  0.0  0.0  0.0  0.0  0.0  0.0  0.0  0.0  0.0  0.0  0.0  0.0
  0.0  0.0  0.0 20.4  0.0  0.0408.2 81.6 61.2 40.8 20.4 20.4  0.0  0.0  0.0
  0.0  0.0102.0  0.0  0.0 20.4  0.0  0.0  0.0  0.0  0.0  0.0  0.0 20.4 20.4
  0.0  0.0  0.0  0.0  0.0  0.0 20.4 40.8  0.0  0.0122.4 20.4  0.0 61.2  0.0
 20.4  0.0  0.0  0.0  0.0  0.0  0.0  0.0  0.0  0.0  0.0  0.0  0.0  0.0  0.0
  0.0  0.0  0.0  0.0  0.0  0.0  0.0  0.0  0.0  0.0  0.0  0.0  0.0  0.0  0.0
  0.0  0.0  0.0  0.0  0.0  0.0  0.0  0.0  0.0  0.0  0.0  0.0  0.0  0.0  0.0
  0.0  0.0  0.0  0.0  0.0  0.0  0.0  0.0  0.0  0.0  0.0  0.0  0.0  0.0  0.0
  0.0  0.0  0.0  0.0  0.0  0.0  0.0  0.0 81.6  0.0  0.0  0.0  0.0  0.0  0.0
  0.0  0.0  0.0  0.0  0.0  0.0  0.0 20.4  0.0  0.0  0.0  0.0  0.0  0.0  0.0
    -27.20      0.45      6.90     -6.61     15.16  0.0  0.0  0.0  0.0  0.0
                                 t000141_s14_p4_ai-el2ap.txt 16.8  6.1   83
  0.0  0.0  0.0  0.0  0.0  0.0  0.0  0.0  0.0  0.0  0.0  0.0  0.0  0.0  0.0
  0.0  0.0  0.0 24.1  0.0  0.0349.4132.5144.6 60.2 12.0  0.0  0.0  0.0  0.0
  0.0 12.0 84.3 12.0  0.0  0.0  0.0  0.0  0.0 24.1  0.0  0.0  0.0 12.0  0.0
 24.1  0.0  0.0  0.0 12.0  0.0 60.2 36.1  0.0  0.0192.8 12.0  0.0 84.3  0.0
 12.0  0.0  0.0  0.0  0.0  0.0  0.0  0.0  0.0  0.0  0.0  0.0  0.0  0.0  0.0
  0.0  0.0  0.0  0.0  0.0  0.0  0.0  0.0  0.0  0.0  0.0  0.0  0.0  0.0  0.0
  0.0  0.0  0.0  0.0  0.0  0.0  0.0  0.0  0.0  0.0  0.0  0.0  0.0  0.0  0.0
  0.0  0.0  0.0  0.0  0.0  0.0  0.0  0.0  0.0  0.0  0.0  0.0  0.0  0.0  0.0
  0.0  0.0  0.0  0.0  0.0  0.0  0.0  0.0  0.0  0.0 60.2  0.0 24.1 12.0  0.0
 12.0  0.0  0.0  0.0  0.0 24.1 36.1 24.1  0.0  0.0  0.0  0.0  0.0  0.0  0.0
    -31.78     -3.21      7.85      4.35      5.97  0.0  0.0  0.0  0.0  0.0
                                 t000141_s14_p5_ai-el2ap.txt 14.5  5.7   90
  0.0  0.0  0.0 22.2  0.0  0.0  0.0  0.0  0.0  0.0  0.0  0.0  0.0  0.0  0.0
  0.0  0.0  0.0 22.2  0.0  0.0277.8100.0 88.9 77.8  0.0  0.0 11.1  0.0  0.0
 11.1 22.2100.0  0.0  0.0 44.4 33.3  0.0  0.0  0.0  0.0  0.0 44.4 66.7  0.0
  0.0  0.0  0.0  0.0  0.0  0.0 44.4 66.7  0.0 11.1100.0  0.0  0.0144.4 11.1
  0.0  0.0  0.0  0.0  0.0  0.0  0.0  0.0  0.0  0.0  0.0  0.0  0.0  0.0  0.0
  0.0  0.0  0.0  0.0  0.0  0.0  0.0  0.0  0.0  0.0  0.0  0.0  0.0  0.0  0.0
  0.0  0.0  0.0  0.0  0.0  0.0  0.0  0.0  0.0  0.0  0.0  0.0  0.0  0.0  0.0
  0.0  0.0  0.0  0.0  0.0  0.0  0.0  0.0  0.0  0.0  0.0  0.0  0.0  0.0  0.0
  0.0  0.0  0.0  0.0  0.0  0.0  0.0  0.0 11.1 22.2 66.7 22.2 22.2  0.0  0.0
  0.0  0.0  0.0  0.0  0.0  0.0  0.0 11.1  0.0 55.6  0.0  0.0 11.1  0.0  0.0
    -24.13     -1.11     23.72     -6.61     34.25  0.0  0.0  0.0  0.0  0.0
                                 t000141_s14_p6_ai-el2ap.txt 11.0  5.9   61
  0.0  0.0  0.0  0.0  0.0  0.0  0.0  0.0  0.0  0.0  0.0  0.0  0.0  0.0  0.0
  0.0  0.0  0.0 65.6  0.0  0.0459.0 98.4 49.2 49.2  0.0 16.4  0.0  0.0  0.0
  0.0 16.4180.3  0.0  0.0  0.0  0.0  0.0  0.0  0.0  0.0  0.0  0.0  0.0  0.0
 32.8  0.0  0.0  0.0  0.0  0.0 82.0 32.8  0.0  0.0 82.0  0.0  0.0 98.4  0.0
  0.0  0.0  0.0  0.0  0.0  0.0  0.0  0.0  0.0  0.0  0.0  0.0  0.0  0.0  0.0
  0.0  0.0  0.0  0.0  0.0  0.0  0.0  0.0  0.0  0.0  0.0  0.0  0.0  0.0  0.0
  0.0  0.0  0.0  0.0  0.0  0.0  0.0  0.0  0.0  0.0  0.0  0.0  0.0  0.0  0.0
  0.0  0.0  0.0  0.0  0.0  0.0  0.0  0.0  0.0  0.0  0.0  0.0  0.0  0.0  0.0
  0.0  0.0  0.0  0.0  0.0  0.0  0.0  0.0  0.0 16.4114.8 32.8  0.0  0.0  0.0
  0.0  0.0  0.0  0.0  0.0 32.8  0.0 32.8 16.4 16.4  0.0  0.0 16.4  0.0  0.0
    -19.28     -0.96     19.57     -6.61      6.95  0.0  0.0  0.0  0.0  0.0
                                 t000141_s19_p1_ai-el2ap.txt 15.5  5.6   72
 13.9  0.0  0.0 41.7  0.0  0.0 13.9  0.0  0.0  0.0  0.0 13.9  0.0  0.0  0.0
  0.0  0.0  0.0 27.8  0.0  0.0347.2 69.4111.1 41.7 13.9  0.0  0.0  0.0  0.0
  0.0  0.0 69.4  0.0  0.0 13.9 13.9  0.0  0.0  0.0  0.0  0.0  0.0 41.7  0.0
  0.0  0.0  0.0 13.9  0.0  0.0 41.7 41.7  0.0  0.0125.0 13.9 13.9 97.2  0.0
 13.9  0.0  0.0  0.0  0.0  0.0  0.0  0.0  0.0  0.0  0.0  0.0  0.0  0.0  0.0
  0.0  0.0  0.0  0.0  0.0  0.0  0.0  0.0  0.0  0.0  0.0  0.0  0.0  0.0  0.0
  0.0  0.0  0.0  0.0  0.0  0.0  0.0  0.0  0.0 13.9  0.0  0.0  0.0  0.0  0.0
  0.0  0.0  0.0  0.0  0.0  0.0 13.9  0.0  0.0  0.0  0.0  0.0  0.0  0.0  0.0
  0.0  0.0  0.0  0.0  0.0  0.0  0.0  0.0  0.0 13.9 27.8  0.0  0.0  0.0  0.0
 13.9  0.0  0.0  0.0  0.0  0.0 27.8  0.0  0.0  0.0  0.0  0.0 13.9  0.0  0.0
    -11.75     -3.74      5.01     -6.61      2.69  0.0  0.0  0.0  0.0  0.0
                                 t000141_s19_p2_ai-el2ap.txt 13.3  5.7   71
  0.0  0.0  0.0 14.1  0.0  0.0  0.0  0.0  0.0  0.0  0.0 14.1  0.0  0.0  0.0
  0.0  0.0  0.0 14.1  0.0  0.0323.9140.8 98.6 70.4 14.1  0.0  0.0  0.0  0.0
  0.0 14.1112.7  0.0  0.0 14.1 14.1  0.0  0.0  0.0  0.0  0.0  0.0  0.0  0.0
  0.0  0.0  0.0  0.0 14.1  0.0 42.3  0.0  0.0  0.0154.9 14.1  0.0 98.6 14.1
  0.0  0.0  0.0  0.0  0.0  0.0  0.0  0.0  0.0  0.0  0.0  0.0  0.0  0.0  0.0
  0.0  0.0  0.0  0.0  0.0  0.0  0.0  0.0  0.0  0.0  0.0  0.0  0.0  0.0  0.0
  0.0  0.0  0.0  0.0  0.0  0.0  0.0  0.0  0.0  0.0  0.0  0.0  0.0  0.0  0.0
  0.0  0.0  0.0  0.0  0.0  0.0  0.0  0.0  0.0  0.0  0.0  0.0  0.0  0.0  0.0
  0.0  0.0  0.0  0.0  0.0  0.0  0.0  0.0 28.2 28.2 56.3  0.0  0.0  0.0  0.0
  0.0 14.1  0.0  0.0  0.0  0.0 14.1 14.1 14.1  0.0  0.0 14.1 42.3  0.0  0.0
    -21.31     -2.79     13.21     -6.61     -3.63  0.0  0.0  0.0  0.0  0.0
                                 t000141_s19_p3_ai-el2ap.txt 21.8  5.3  123
  0.0  0.0  0.0 32.5  0.0 24.4  0.0  0.0  0.0  0.0  0.0  0.0  0.0  0.0  0.0
  0.0  0.0  0.0 40.7  0.0  0.0520.3 65.0 56.9 48.8  8.1  0.0  0.0  0.0  0.0
  0.0  0.0 40.7  0.0  0.0  8.1  0.0  0.0  8.1  0.0  0.0  0.0  0.0  8.1  0.0
  0.0  0.0  0.0  0.0  0.0  0.0 40.7  8.1  0.0  0.0 73.2  8.1  0.0 81.3  0.0
  8.1  0.0  0.0  0.0  0.0  0.0  0.0  0.0  0.0  0.0  0.0  0.0  0.0  0.0  0.0
  0.0  0.0  0.0  0.0  0.0  0.0  0.0  0.0  0.0  0.0  0.0  0.0  0.0  0.0  0.0
  0.0  0.0  0.0  0.0  0.0  0.0  0.0  0.0  0.0  0.0  0.0  0.0  0.0  0.0  0.0
  0.0  0.0  0.0  0.0  0.0  0.0  0.0  0.0  0.0  0.0  0.0  0.0  0.0  0.0  0.0
  0.0  0.0  0.0  0.0  0.0  0.0  0.0  0.0  8.1  0.0 16.3  0.0  8.1  0.0  0.0
  0.0  0.0  0.0  0.0  0.0  0.0  8.1 16.3  0.0 16.3  0.0  0.0  8.1  0.0  0.0
    -15.75     -3.76      3.33     -3.98     -2.39  0.0  0.0  0.0  0.0  0.0
                                 t000141_s19_p4_ai-el2ap.txt 19.8  5.1  123
  0.0  0.0  0.0 40.7  0.0 24.4  0.0  0.0  0.0  0.0  0.0  0.0  0.0  0.0  0.0
  0.0  0.0  0.0 32.5  8.1  0.0487.8 89.4 16.3 40.7 16.3  0.0  8.1  0.0  0.0
  0.0  0.0122.0  0.0  0.0  0.0  0.0  0.0  8.1  0.0  0.0  0.0  0.0  8.1  8.1
  8.1  8.1  0.0  0.0  0.0  0.0 40.7 24.4  8.1  0.0 24.4 16.3  0.0 81.3  0.0
  0.0  0.0  0.0  0.0  0.0  0.0  0.0  0.0  0.0  0.0  0.0  0.0  0.0  0.0  0.0
  0.0  0.0  0.0  0.0  0.0  0.0  0.0  0.0  0.0  0.0  0.0  0.0  0.0  0.0  0.0
  0.0  0.0  0.0  0.0  0.0  0.0  0.0  0.0  0.0  0.0  0.0  0.0  0.0  0.0  0.0
  0.0  0.0  0.0  0.0  0.0  0.0  0.0  0.0  0.0  0.0  0.0  0.0  0.0  0.0  0.0
  0.0  0.0  0.0  0.0  0.0  0.0  0.0  0.0  0.0  0.0 16.3 16.3  0.0  0.0  0.0
  8.1  0.0  0.0  0.0  0.0  0.0  0.0 16.3 16.3  0.0  0.0  0.0  8.1  0.0  0.0
     -6.45     -2.16      9.44     -3.98      6.48  0.0  0.0  0.0  0.0  0.0
                                 t000141_s19_p5_ai-el2ap.txt 16.3  5.5   89
 11.2  0.0  0.0 33.7  0.0 11.2  0.0 11.2  0.0  0.0  0.0  0.0  0.0  0.0  0.0
  0.0  0.0  0.0 22.5  0.0  0.0337.1 78.7 67.4 67.4  0.0  0.0 11.2  0.0  0.0
  0.0  0.0 22.5  0.0  0.0 22.5  0.0  0.0  0.0  0.0  0.0  0.0  0.0 11.2  0.0
 33.7  0.0  0.0  0.0  0.0  0.0 22.5 44.9  0.0  0.0 78.7  0.0  0.0134.8  0.0
  0.0  0.0  0.0  0.0  0.0  0.0  0.0  0.0  0.0  0.0  0.0  0.0  0.0  0.0  0.0
  0.0  0.0  0.0  0.0  0.0  0.0  0.0  0.0  0.0  0.0  0.0  0.0  0.0  0.0  0.0
  0.0  0.0  0.0  0.0  0.0  0.0  0.0  0.0  0.0  0.0  0.0  0.0  0.0  0.0  0.0
  0.0  0.0  0.0  0.0  0.0  0.0  0.0  0.0  0.0  0.0  0.0  0.0  0.0  0.0  0.0
  0.0  0.0  0.0  0.0  0.0  0.0  0.0  0.0 11.2  0.0 44.9  0.0  0.0  0.0  0.0
  0.0  0.0  0.0  0.0 11.2  0.0  0.0 22.5 22.5 11.2  0.0  0.0 11.2  0.0  0.0
    -16.03     -1.43      1.26     -6.61      8.95  0.0  0.0  0.0  0.0  0.0
                                 t000141_s19_p6_ai-el2ap.txt  9.8  5.9   48
  0.0  0.0  0.0  0.0  0.0  0.0  0.0  0.0  0.0  0.0  0.0  0.0  0.0  0.0  0.0
  0.0  0.0  0.0  0.0  0.0  0.0270.8145.8 83.3104.2  0.0  0.0  0.0  0.0  0.0
  0.0  0.0 62.5  0.0  0.0 62.5 20.8  0.0  0.0  0.0  0.0  0.0 20.8 20.8  0.0
 20.8  0.0  0.0  0.0 20.8  0.0  0.0 41.7  0.0  0.0104.2  0.0  0.0145.8 20.8
  0.0  0.0  0.0  0.0  0.0  0.0  0.0  0.0  0.0  0.0  0.0  0.0  0.0  0.0  0.0
  0.0  0.0  0.0  0.0  0.0  0.0  0.0  0.0  0.0  0.0  0.0  0.0  0.0  0.0  0.0
  0.0  0.0  0.0  0.0  0.0  0.0  0.0  0.0  0.0  0.0  0.0  0.0  0.0  0.0  0.0
  0.0  0.0  0.0  0.0  0.0  0.0  0.0  0.0  0.0  0.0  0.0  0.0  0.0  0.0  0.0
  0.0  0.0  0.0  0.0  0.0  0.0  0.0  0.0  0.0 20.8 20.8  0.0  0.0  0.0  0.0
  0.0  0.0  0.0  0.0 41.7  0.0  0.0 41.7 20.8  0.0  0.0  0.0  0.0  0.0  0.0
    -31.14     -2.30      1.76     -6.61     19.27  0.0  0.0  0.0  0.0  0.0
                                 t000141_s19_p7_ai-el2ap.txt 17.0  6.2   91
  0.0  0.0  0.0 33.0  0.0  0.0  0.0  0.0  0.0  0.0  0.0  0.0  0.0  0.0  0.0
  0.0  0.0  0.0 11.0  0.0  0.0362.6120.9120.9 11.0  0.0  0.0  0.0  0.0 11.0
  0.0 22.0131.9  0.0  0.0  0.0  0.0  0.0  0.0  0.0  0.0  0.0  0.0 44.0  0.0
 11.0  0.0  0.0  0.0  0.0  0.0 33.0 54.9  0.0 11.0120.9  0.0  0.0 65.9  0.0
  0.0  0.0  0.0  0.0  0.0  0.0  0.0  0.0  0.0  0.0  0.0  0.0  0.0  0.0  0.0
  0.0  0.0  0.0  0.0  0.0  0.0  0.0  0.0  0.0  0.0  0.0  0.0  0.0  0.0  0.0
  0.0  0.0  0.0  0.0  0.0  0.0  0.0  0.0  0.0  0.0 11.0  0.0  0.0  0.0  0.0
  0.0  0.0  0.0  0.0  0.0  0.0  0.0 11.0  0.0  0.0  0.0  0.0  0.0  0.0  0.0
  0.0  0.0  0.0  0.0  0.0  0.0  0.0  0.0 44.0  0.0 44.0 11.0 11.0 11.0  0.0
  0.0  0.0  0.0  0.0  0.0 22.0 11.0 22.0 11.0  0.0  0.0  0.0  0.0  0.0  0.0
    -32.23     -5.37     23.77     -6.61      6.58  0.0  0.0  0.0  0.0  0.0
                                  t000141_s4_p1_ai-el2ap.txt 14.0  5.6   75
  0.0  0.0  0.0 26.7  0.0  0.0  0.0  0.0  0.0 13.3  0.0  0.0  0.0  0.0  0.0
  0.0  0.0 13.3  0.0  0.0  0.0320.0186.7 80.0 13.3  0.0 13.3 13.3  0.0  0.0
  0.0  0.0106.7  0.0 13.3  0.0  0.0  0.0  0.0  0.0  0.0  0.0  0.0 13.3  0.0
 26.7  0.0 13.3 13.3  0.0 13.3  0.0 40.0  0.0  0.0106.7  0.0  0.0 93.3 13.3
  0.0  0.0  0.0  0.0  0.0  0.0  0.0  0.0  0.0  0.0  0.0  0.0  0.0  0.0  0.0
  0.0  0.0  0.0  0.0  0.0 13.3  0.0  0.0  0.0  0.0  0.0  0.0  0.0  0.0  0.0
  0.0  0.0  0.0  0.0  0.0  0.0  0.0  0.0  0.0  0.0  0.0  0.0  0.0  0.0  0.0
 13.3  0.0  0.0 13.3  0.0  0.0  0.0  0.0  0.0  0.0  0.0  0.0  0.0  0.0  0.0
  0.0  0.0  0.0  0.0  0.0  0.0  0.0  0.0 40.0  0.0 66.7  0.0 13.3  0.0  0.0
 13.3  0.0  0.0  0.0  0.0 13.3 13.3  0.0 13.3 26.7  0.0 13.3  0.0  0.0  0.0
    -26.88     -0.26      4.46     -6.61      7.00  0.0  0.0  0.0  0.0  0.0
                                  t000141_s4_p2_ai-el2ap.txt 21.8  6.7  106
  9.4  0.0  0.0 56.6  0.0  0.0  0.0  9.4  0.0  0.0  0.0  0.0  0.0  0.0  0.0
  9.4  0.0  0.0  9.4  0.0  0.0311.3 84.9141.5 18.9  0.0 18.9  0.0  0.0  0.0
  0.0  0.0 94.3  0.0  0.0 56.6  0.0  0.0  0.0  0.0  0.0  9.4  0.0  9.4  0.0
  9.4  9.4  0.0  0.0  0.0  0.0 18.9 18.9  0.0  0.0160.4  0.0  0.0 94.3 18.9
 28.3  0.0  0.0  0.0  0.0  0.0  0.0  0.0  0.0  0.0  0.0  0.0  0.0  0.0  0.0
  0.0  0.0  0.0  0.0  0.0  0.0  0.0  0.0  0.0  0.0  0.0  0.0  0.0  0.0  0.0
  0.0  0.0  0.0  0.0  0.0  0.0  0.0  0.0  0.0  0.0  0.0  0.0  0.0  0.0  0.0
  0.0  0.0  0.0  0.0  0.0  0.0  0.0  0.0  0.0  0.0  0.0  0.0  0.0  0.0  0.0
  0.0  0.0  0.0  0.0  0.0  0.0  0.0  0.0  9.4 28.3 37.7  0.0  0.0  0.0  0.0
  0.0  0.0  0.0  0.0  9.4  0.0 28.3 18.9  9.4  9.4  0.0  9.4 28.3  0.0  0.0
    -24.59     -1.48      4.31     -2.83      0.85  0.0  0.0  0.0  0.0  0.0
                                  t000141_s5_p1_ai-el2ap.txt 10.8  6.2   52
  0.0  0.0  0.0  0.0  0.0  0.0  0.0  0.0  0.0  0.0  0.0  0.0  0.0  0.0  0.0
  0.0  0.0  0.0  0.0  0.0  0.0365.4115.4134.6 38.5  0.0  0.0  0.0  0.0  0.0
  0.0  0.0153.8  0.0  0.0 19.2 19.2  0.0  0.0  0.0  0.0  0.0 19.2 19.2  0.0
 38.5  0.0  0.0  0.0  0.0  0.0  0.0 57.7  0.0  0.0134.6  0.0  0.0 96.2  0.0
  0.0  0.0  0.0  0.0  0.0  0.0  0.0  0.0  0.0  0.0  0.0  0.0  0.0  0.0  0.0
  0.0  0.0  0.0  0.0  0.0  0.0  0.0  0.0  0.0  0.0  0.0  0.0  0.0  0.0  0.0
  0.0  0.0  0.0  0.0  0.0  0.0  0.0  0.0  0.0  0.0  0.0  0.0  0.0  0.0  0.0
  0.0  0.0  0.0  0.0  0.0  0.0  0.0  0.0  0.0  0.0  0.0  0.0  0.0  0.0  0.0
  0.0  0.0  0.0  0.0  0.0  0.0  0.0  0.0 19.2  0.0 57.7  0.0  0.0  0.0  0.0
  0.0  0.0  0.0  0.0  0.0  0.0 19.2  0.0  0.0  0.0  0.0  0.0 19.2  0.0  0.0
    -36.17     -4.46     10.56     -6.61     23.71  0.0  0.0  0.0  0.0  0.0
                                 t000141_s5_p10_ai-el2ap.txt 18.3  6.0  106
  0.0  0.0  0.0 18.9  0.0  0.0  0.0  0.0  0.0  0.0  0.0  0.0  0.0  0.0  0.0
  0.0  0.0  9.4  0.0  0.0  0.0358.5160.4 84.9 56.6  0.0  0.0 18.9  0.0  0.0
  0.0  0.0198.1  0.0  0.0  9.4  9.4  0.0  0.0  0.0  0.0  0.0  0.0  9.4  0.0
  0.0  0.0  0.0  9.4  0.0  9.4  0.0  9.4  0.0  0.0103.8  0.0  0.0 94.3  9.4
  0.0  0.0  0.0  0.0  0.0  0.0  0.0  0.0  0.0  0.0  0.0  0.0  0.0  0.0  0.0
  0.0  0.0  0.0  0.0  0.0  0.0  0.0  0.0  0.0  0.0  0.0  0.0  0.0  0.0  0.0
  0.0  0.0  0.0  0.0  0.0  0.0  0.0  0.0  0.0  9.4  0.0  0.0  0.0  0.0  0.0
  0.0  0.0  0.0  0.0  0.0  0.0  9.4  0.0  0.0  0.0  0.0  0.0  0.0  0.0  0.0
  0.0  0.0  0.0  0.0  0.0  0.0  0.0  0.0 37.7  0.0  9.4  9.4  0.0  0.0  0.0
 28.3  0.0  0.0  0.0  0.0  0.0 18.9  0.0  9.4 18.9  0.0  0.0  9.4  0.0  0.0
    -31.35     -0.37     14.20     -6.61     -2.20  0.0  0.0  0.0  0.0  0.0
                                 t000141_s5_p11_ai-el2ap.txt 27.3  5.8  151
  0.0  0.0  0.0 46.4  0.0  6.6  0.0  0.0  0.0  0.0  0.0  0.0  0.0  0.0  0.0
  0.0  0.0  0.0 13.2  0.0  0.0351.0152.3 66.2 33.1  0.0  0.0  0.0  0.0  6.6
  0.0  6.6119.2  0.0  0.0 26.5  6.6  0.0  0.0  0.0  6.6  0.0  6.6 19.9  0.0
  0.0  0.0  0.0  0.0  0.0  6.6 19.9 19.9  0.0  6.6 66.2  0.0  6.6 99.3 13.2
  6.6  0.0  0.0  0.0  0.0  0.0  0.0  0.0  0.0  0.0  0.0  0.0  0.0  0.0  0.0
  0.0  0.0  0.0  0.0  0.0  0.0  0.0  0.0  0.0  0.0  0.0  0.0  0.0  0.0  0.0
  0.0  0.0  0.0  0.0  0.0  0.0  0.0  0.0  0.0  0.0  6.6  0.0  0.0  0.0  0.0
  0.0  0.0  0.0  0.0  0.0  0.0  0.0  6.6  0.0  0.0  0.0  0.0  0.0  0.0  0.0
  0.0  0.0  0.0  0.0  0.0  0.0  0.0  0.0 19.9  6.6 46.4  0.0  0.0  0.0  0.0
  6.6  0.0  0.0  0.0  6.6  0.0  0.0 13.2  0.0 13.2 13.2  0.0 13.2  0.0  0.0
    -26.60     -4.64     13.51     -3.45      3.52  0.0  0.0  6.6  6.6  0.0
                                 t000141_s5_p12_ai-el2ap.txt 14.8  6.1   77
  0.0  0.0  0.0 64.9  0.0  0.0  0.0  0.0  0.0 26.0  0.0  0.0  0.0  0.0  0.0
  0.0  0.0  0.0 26.0  0.0  0.0285.7142.9 90.9 39.0  0.0  0.0 13.0  0.0  0.0
  0.0  0.0142.9  0.0  0.0 26.0  0.0  0.0  0.0  0.0 13.0  0.0 26.0 13.0  0.0
 13.0  0.0  0.0  0.0 13.0 13.0 26.0 26.0  0.0  0.0116.9  0.0  0.0116.9  0.0
  0.0  0.0  0.0  0.0  0.0  0.0  0.0  0.0  0.0  0.0  0.0  0.0  0.0  0.0  0.0
  0.0  0.0  0.0  0.0  0.0  0.0  0.0  0.0  0.0  0.0  0.0  0.0  0.0  0.0  0.0
  0.0  0.0  0.0  0.0  0.0  0.0  0.0  0.0  0.0  0.0  0.0  0.0  0.0  0.0  0.0
  0.0  0.0  0.0  0.0  0.0  0.0  0.0  0.0  0.0  0.0  0.0  0.0  0.0  0.0  0.0
  0.0  0.0  0.0  0.0  0.0  0.0  0.0  0.0 51.9 39.0 13.0  0.0 13.0  0.0  0.0
  0.0  0.0  0.0  0.0  0.0  0.0  0.0  0.0  0.0 13.0  0.0  0.0 26.0  0.0  0.0
    -21.54     -2.04      9.42     -0.42     18.76  0.0 13.0 13.0  0.0  0.0
                                  t000141_s5_p2_ai-el2ap.txt 13.3  6.6   62
 16.1  0.0  0.0 80.6  0.0  0.0  0.0  0.0  0.0  0.0  0.0  0.0  0.0  0.0  0.0
  0.0  0.0  0.0 32.3  0.0  0.0354.8145.2145.2  0.0 16.1  0.0  0.0  0.0  0.0
  0.0  0.0177.4  0.0  0.0 32.3  0.0  0.0  0.0  0.0 16.1  0.0  0.0  0.0  0.0
  0.0  0.0  0.0  0.0  0.0 16.1 32.3  0.0  0.0  0.0177.4 16.1  0.0 80.6  0.0
  0.0  0.0  0.0  0.0  0.0  0.0  0.0  0.0  0.0  0.0  0.0  0.0  0.0  0.0  0.0
  0.0  0.0  0.0  0.0  0.0  0.0  0.0  0.0  0.0  0.0  0.0  0.0  0.0  0.0  0.0
  0.0  0.0  0.0  0.0  0.0  0.0  0.0  0.0  0.0  0.0  0.0  0.0  0.0  0.0  0.0
  0.0  0.0  0.0  0.0  0.0  0.0  0.0  0.0  0.0  0.0  0.0  0.0  0.0  0.0  0.0
  0.0  0.0  0.0  0.0  0.0  0.0  0.0  0.0 16.1  0.0 32.3  0.0 16.1  0.0  0.0
 16.1  0.0  0.0  0.0  0.0 16.1 32.3  0.0 16.1  0.0 16.1 16.1  0.0  0.0  0.0
    -28.07     -5.01     11.46      1.08     -3.63 16.1  0.0  0.0  0.0  0.0
                                  t000141_s5_p3_ai-el2ap.txt 16.5  6.8   77
  0.0  0.0  0.0 39.0  0.0  0.0  0.0  0.0  0.0  0.0  0.0  0.0  0.0  0.0  0.0
  0.0  0.0  0.0 13.0  0.0  0.0389.6129.9142.9 13.0  0.0 26.0  0.0  0.0 13.0
  0.0  0.0129.9  0.0  0.0 13.0  0.0  0.0  0.0  0.0  0.0  0.0  0.0  0.0 13.0
 13.0  0.0  0.0  0.0  0.0  0.0 13.0 26.0  0.0 13.0194.8  0.0  0.0 90.9 13.0
  0.0  0.0  0.0  0.0  0.0  0.0  0.0  0.0  0.0  0.0  0.0  0.0  0.0  0.0  0.0
  0.0  0.0  0.0  0.0  0.0  0.0  0.0  0.0  0.0  0.0  0.0  0.0  0.0  0.0  0.0
  0.0  0.0  0.0  0.0  0.0  0.0  0.0  0.0  0.0  0.0  0.0  0.0  0.0  0.0  0.0
  0.0  0.0  0.0  0.0  0.0  0.0  0.0  0.0  0.0  0.0  0.0  0.0  0.0  0.0  0.0
  0.0  0.0  0.0  0.0  0.0  0.0  0.0  0.0  0.0 13.0 51.9  0.0  0.0  0.0  0.0
  0.0  0.0  0.0  0.0  0.0  0.0 39.0 26.0  0.0  0.0  0.0  0.0 13.0  0.0  0.0
    -35.42     -0.31     15.75     -6.61     10.55  0.0 13.0  0.0  0.0  0.0
                                  t000141_s5_p4_ai-el2ap.txt 12.3  6.1   62
  0.0  0.0  0.0  0.0  0.0  0.0  0.0 16.1  0.0  0.0  0.0  0.0  0.0  0.0  0.0
  0.0  0.0  0.0 16.1  0.0  0.0371.0145.2 96.8 16.1 32.3 16.1  0.0  0.0  0.0
  0.0  0.0177.4  0.0  0.0 16.1 16.1  0.0  0.0  0.0  0.0  0.0 16.1  0.0 16.1
  0.0  0.0  0.0  0.0  0.0  0.0 16.1 16.1  0.0  0.0 96.8 32.3  0.0 64.5 16.1
 16.1  0.0  0.0  0.0  0.0  0.0  0.0  0.0  0.0  0.0  0.0  0.0  0.0  0.0  0.0
  0.0  0.0  0.0  0.0  0.0  0.0  0.0  0.0  0.0  0.0  0.0  0.0  0.0  0.0  0.0
  0.0  0.0  0.0  0.0  0.0  0.0  0.0  0.0  0.0  0.0  0.0  0.0  0.0  0.0  0.0
  0.0  0.0  0.0  0.0  0.0  0.0  0.0  0.0  0.0  0.0  0.0  0.0  0.0  0.0  0.0
  0.0  0.0  0.0  0.0  0.0  0.0  0.0  0.0 32.3  0.0 64.5  0.0  0.0  0.0  0.0
  0.0  0.0  0.0  0.0  0.0  0.0 32.3  0.0  0.0  0.0  0.0 16.1  0.0  0.0  0.0
    -28.09     -0.66     12.38     -6.61     18.86  0.0  0.0 16.1  0.0  0.0
                                  t000141_s5_p5_ai-el2ap.txt 13.8  6.0   64
 15.6  0.0  0.0 31.3  0.0  0.0  0.0  0.0  0.0  0.0  0.0  0.0  0.0  0.0  0.0
  0.0  0.0  0.0 15.6  0.0  0.0250.0109.4125.0 46.9  0.0  0.0  0.0 15.6  0.0
  0.0  0.0 31.3  0.0  0.0 15.6 15.6  0.0  0.0  0.0  0.0  0.0  0.0 15.6  0.0
 15.6  0.0  0.0 31.3  0.0  0.0 15.6 31.3  0.0 15.6140.6  0.0  0.0 93.8  0.0
 15.6  0.0  0.0  0.0  0.0  0.0  0.0  0.0  0.0  0.0  0.0  0.0  0.0  0.0  0.0
  0.0  0.0  0.0  0.0  0.0  0.0  0.0  0.0  0.0  0.0  0.0  0.0  0.0  0.0  0.0
  0.0  0.0  0.0  0.0  0.0  0.0  0.0  0.0  0.0 15.6  0.0  0.0  0.0  0.0  0.0
  0.0  0.0  0.0  0.0  0.0  0.0 15.6  0.0  0.0  0.0  0.0  0.0  0.0  0.0  0.0
  0.0  0.0  0.0  0.0  0.0  0.0  0.0  0.0 31.3  0.0 46.9  0.0  0.0  0.0  0.0
  0.0  0.0  0.0  0.0  0.0  0.0 15.6  0.0  0.0  0.0  0.0  0.0  0.0  0.0  0.0
    -25.91     -4.19     11.45     -6.61      3.78  0.0  0.0  0.0  0.0  0.0
                                  t000141_s5_p6_ai-el2ap.txt 12.5  5.5   62
 16.1  0.0  0.0 64.5  0.0  0.0  0.0  0.0  0.0 16.1  0.0  0.0  0.0  0.0  0.0
  0.0  0.0  0.0  0.0  0.0  0.0322.6161.3 96.8 16.1  0.0  0.0  0.0  0.0  0.0
  0.0 32.3161.3  0.0  0.0  0.0 32.3  0.0  0.0  0.0  0.0  0.0  0.0  0.0  0.0
 16.1  0.0  0.0  0.0 16.1  0.0 32.3 16.1  0.0  0.0112.9  0.0 16.1145.2 16.1
  0.0  0.0  0.0  0.0  0.0  0.0  0.0  0.0  0.0  0.0  0.0  0.0  0.0  0.0  0.0
  0.0  0.0  0.0  0.0  0.0  0.0  0.0  0.0  0.0  0.0  0.0  0.0  0.0  0.0  0.0
  0.0  0.0  0.0  0.0  0.0  0.0  0.0  0.0  0.0  0.0  0.0  0.0  0.0  0.0  0.0
  0.0  0.0  0.0  0.0  0.0  0.0  0.0  0.0  0.0  0.0  0.0  0.0  0.0  0.0  0.0
  0.0  0.0  0.0  0.0  0.0  0.0  0.0  0.0 16.1 16.1 64.5 16.1  0.0  0.0  0.0
  0.0  0.0  0.0  0.0  0.0  0.0 64.5 16.1  0.0 16.1  0.0  0.0 16.1  0.0  0.0
    -27.33     -5.20     24.12     -6.61      1.58  0.0  0.0  0.0  0.0  0.0
                                  t000141_s5_p7_ai-el2ap.txt 14.3  5.9   80
 37.5 25.0  0.0 75.0  0.0  0.0 12.5 12.5  0.0  0.0  0.0  0.0 12.5  0.0  0.0
  0.0  0.0 12.5 25.0  0.0  0.0237.5112.5 37.5 25.0 12.5  0.0  0.0  0.0  0.0
  0.0 12.5100.0  0.0  0.0 62.5 37.5  0.0  0.0  0.0  0.0  0.0 25.0 12.5 12.5
  0.0  0.0  0.0  0.0 25.0 12.5 37.5 25.0  0.0  0.0112.5 12.5  0.0175.0 12.5
 12.5  0.0  0.0  0.0  0.0  0.0  0.0  0.0  0.0  0.0  0.0  0.0  0.0  0.0  0.0
  0.0  0.0  0.0  0.0 12.5 12.5  0.0 12.5  0.0  0.0  0.0  0.0  0.0  0.0  0.0
  0.0  0.0 12.5  0.0  0.0  0.0  0.0  0.0 12.5  0.0  0.0 12.5  0.0  0.0  0.0
 25.0 12.5  0.0 37.5 12.5 12.5 25.0 12.5  0.0  0.0  0.0  0.0  0.0  0.0  0.0
  0.0  0.0  0.0  0.0  0.0  0.0  0.0 12.5 12.5 12.5 25.0  0.0  0.0  0.0  0.0
 25.0  0.0  0.0  0.0  0.0 12.5  0.0 25.0  0.0 37.5 25.0  0.0 25.0  0.0  0.0
      5.06     -4.35      9.00     -6.61     23.51  0.0  0.0  0.0  0.0  0.0
                                  t000141_s5_p8_ai-el2ap.txt 14.5  6.1   77
  0.0  0.0  0.0  0.0  0.0  0.0  0.0  0.0  0.0  0.0  0.0  0.0  0.0  0.0  0.0
  0.0  0.0  0.0 26.0  0.0  0.0402.6116.9 90.9 26.0  0.0  0.0  0.0  0.0  0.0
  0.0  0.0155.8  0.0  0.0 13.0 13.0  0.0  0.0  0.0  0.0  0.0  0.0 13.0  0.0
  0.0  0.0  0.0  0.0  0.0  0.0 26.0 13.0  0.0  0.0116.9  0.0  0.0 39.0  0.0
 13.0  0.0  0.0  0.0  0.0  0.0  0.0  0.0  0.0  0.0  0.0  0.0  0.0  0.0  0.0
  0.0  0.0  0.0  0.0  0.0  0.0  0.0  0.0  0.0  0.0  0.0  0.0  0.0  0.0  0.0
  0.0  0.0  0.0  0.0  0.0  0.0  0.0  0.0  0.0  0.0  0.0  0.0  0.0  0.0  0.0
  0.0  0.0  0.0  0.0  0.0  0.0  0.0  0.0  0.0  0.0  0.0  0.0  0.0  0.0  0.0
  0.0  0.0  0.0  0.0  0.0  0.0  0.0  0.0 39.0  0.0 64.9  0.0  0.0 13.0  0.0
  0.0  0.0  0.0  0.0  0.0  0.0 39.0  0.0  0.0 13.0  0.0  0.0  0.0  0.0  0.0
    -29.22     -4.87     11.06     -6.61     -1.66  0.0  0.0 13.0  0.0  0.0
                                  t000141_s5_p9_ai-el2ap.txt 19.8  5.5   99
 10.1 10.1  0.0 60.6  0.0 10.1  0.0 10.1  0.0  0.0  0.0 10.1  0.0  0.0  0.0
  0.0  0.0 10.1 20.2  0.0  0.0292.9121.2 30.3 50.5  0.0  0.0 20.2  0.0  0.0
  0.0  0.0 80.8  0.0  0.0 30.3  0.0  0.0  0.0  0.0  0.0  0.0 10.1 30.3  0.0
 10.1  0.0 10.1 20.2 10.1 10.1 30.3 40.4  0.0  0.0 50.5  0.0  0.0111.1  0.0
  0.0  0.0  0.0  0.0  0.0  0.0  0.0  0.0  0.0  0.0  0.0  0.0  0.0  0.0  0.0
  0.0  0.0  0.0 10.1  0.0  0.0  0.0  0.0  0.0  0.0  0.0  0.0  0.0  0.0  0.0
  0.0  0.0  0.0  0.0  0.0  0.0  0.0  0.0  0.0  0.0  0.0  0.0  0.0  0.0  0.0
 10.1  0.0  0.0 10.1  0.0  0.0  0.0  0.0  0.0  0.0  0.0  0.0  0.0  0.0  0.0
  0.0  0.0  0.0  0.0  0.0  0.0  0.0  0.0 10.1  0.0 60.6  0.0  0.0  0.0  0.0
  0.0  0.0  0.0  0.0  0.0  0.0  0.0 10.1 10.1  0.0  0.0  0.0 20.2  0.0  0.0
     -3.57     -0.33      4.86     -6.61     10.54 10.1  0.0  0.0  0.0  0.0
                                  t000141_s8_p1_ai-el2ap.txt 17.3  5.7   84
  0.0  0.0  0.0 35.7  0.0  0.0  0.0  0.0  0.0  0.0  0.0  0.0  0.0  0.0  0.0
  0.0  0.0  0.0 11.9  0.0  0.0369.0 83.3 95.2 47.6 11.9  0.0 11.9  0.0 11.9
  0.0  0.0 95.2 11.9  0.0 71.4  0.0  0.0  0.0  0.0  0.0  0.0 23.8 11.9  0.0
  0.0  0.0  0.0  0.0  0.0  0.0 11.9 11.9  0.0 11.9 95.2 11.9 11.9 83.3 11.9
  0.0  0.0  0.0  0.0  0.0  0.0  0.0  0.0  0.0  0.0  0.0  0.0  0.0  0.0  0.0
  0.0  0.0  0.0  0.0  0.0  0.0  0.0  0.0  0.0  0.0  0.0  0.0  0.0  0.0  0.0
  0.0  0.0  0.0  0.0  0.0  0.0  0.0  0.0  0.0  0.0  0.0  0.0  0.0  0.0  0.0
  0.0  0.0  0.0  0.0  0.0  0.0  0.0  0.0  0.0  0.0  0.0  0.0  0.0  0.0  0.0
  0.0  0.0  0.0  0.0  0.0  0.0  0.0  0.0 23.8 11.9 23.8 11.9  0.0  0.0  0.0
  0.0  0.0  0.0  0.0  0.0 11.9 11.9 11.9 11.9 11.9  0.0  0.0  0.0  0.0  0.0
    -28.08     -1.43      6.08     -6.61     13.06  0.0  0.0  0.0  0.0  0.0
                                  t000141_s8_p2_ai-el2ap.txt 22.5  6.2  119
  8.4  0.0  0.0 42.0  0.0  0.0  8.4  0.0  0.0  0.0  0.0  0.0  0.0  0.0  0.0
  0.0  0.0  8.4  8.4  0.0  0.0302.5117.6176.5 33.6  0.0  0.0  8.4  0.0  0.0
  0.0 16.8 84.0  0.0  8.4  8.4  0.0  0.0  0.0  0.0  0.0  0.0  0.0  0.0  8.4
  0.0  8.4  8.4 16.8  8.4  8.4 33.6  8.4  0.0  0.0210.1  0.0  0.0100.8  8.4
  0.0  0.0  0.0  0.0  0.0  0.0  0.0  0.0  0.0  0.0  0.0  0.0  0.0  0.0  0.0
  0.0  0.0  0.0  0.0  0.0  8.4  0.0  0.0  0.0  0.0  0.0  0.0  0.0  0.0  0.0
  0.0  0.0  0.0  0.0  0.0  0.0  0.0  0.0  0.0  0.0  0.0  0.0  0.0  0.0  0.0
  8.4  0.0  0.0  8.4  0.0  0.0  0.0  0.0  0.0  0.0  0.0  0.0  0.0  0.0  0.0
  0.0  0.0  0.0  0.0  0.0  0.0  0.0  0.0  8.4  0.0 33.6  0.0  0.0  8.4  0.0
  0.0  8.4  0.0  0.0  0.0  0.0 50.4  8.4 16.8  8.4  0.0  0.0  8.4  0.0  0.0
    -28.91     -3.07     10.08     -6.61      2.84  0.0  0.0  0.0  0.0  0.0
                                  t000141_s8_p3_ai-el2ap.txt 16.8  5.6   90
  0.0  0.0  0.0 11.1  0.0  0.0  0.0  0.0  0.0 11.1  0.0  0.0  0.0  0.0  0.0
  0.0  0.0  0.0  0.0  0.0  0.0366.7155.6111.1 22.2  0.0  0.0  0.0  0.0 11.1
  0.0  0.0100.0  0.0  0.0 11.1 22.2  0.0  0.0  0.0  0.0  0.0  0.0  0.0 11.1
 11.1  0.0  0.0  0.0  0.0  0.0  0.0 22.2  0.0 11.1122.2  0.0  0.0 66.7  0.0
  0.0  0.0  0.0  0.0  0.0  0.0  0.0  0.0  0.0  0.0  0.0  0.0  0.0  0.0  0.0
  0.0  0.0  0.0  0.0  0.0  0.0  0.0 11.1  0.0  0.0  0.0  0.0  0.0  0.0  0.0
  0.0  0.0  0.0  0.0  0.0  0.0  0.0  0.0 11.1 11.1  0.0  0.0  0.0  0.0  0.0
  0.0 11.1  0.0 11.1  0.0 11.1 22.2  0.0  0.0  0.0  0.0  0.0  0.0  0.0  0.0
  0.0  0.0  0.0  0.0  0.0  0.0  0.0  0.0  0.0  0.0 44.4  0.0  0.0 11.1  0.0
  0.0  0.0  0.0  0.0  0.0  0.0 22.2  0.0  0.0  0.0  0.0 22.2 11.1  0.0  0.0
    -33.25     -5.00     12.84     -6.61      8.50  0.0 11.1  0.0  0.0  0.0
                                  t000141_s8_p4_ai-el2ap.txt  9.3  5.6   48
  0.0  0.0  0.0  0.0  0.0  0.0  0.0  0.0  0.0  0.0  0.0  0.0  0.0  0.0  0.0
  0.0  0.0  0.0  0.0  0.0  0.0354.2250.0104.2 41.7  0.0  0.0  0.0  0.0  0.0
  0.0  0.0104.2  0.0  0.0 20.8  0.0  0.0  0.0  0.0  0.0  0.0  0.0  0.0  0.0
  0.0  0.0  0.0  0.0  0.0  0.0  0.0  0.0  0.0  0.0104.2  0.0  0.0 41.7  0.0
  0.0  0.0  0.0  0.0  0.0  0.0  0.0  0.0  0.0  0.0  0.0  0.0  0.0  0.0  0.0
  0.0  0.0  0.0  0.0  0.0  0.0  0.0  0.0  0.0  0.0  0.0  0.0  0.0  0.0  0.0
  0.0  0.0  0.0  0.0  0.0  0.0  0.0  0.0  0.0  0.0  0.0  0.0  0.0  0.0  0.0
  0.0  0.0  0.0  0.0  0.0  0.0  0.0  0.0  0.0  0.0  0.0  0.0  0.0  0.0  0.0
  0.0  0.0  0.0  0.0  0.0  0.0  0.0  0.0 41.7  0.0 62.5  0.0  0.0  0.0  0.0
  0.0  0.0  0.0  0.0  0.0  0.0 20.8  0.0  0.0 20.8  0.0  0.0  0.0 20.8  0.0
    -38.12     -4.36      7.02     -6.61     -3.63  0.0  0.0 20.8  0.0  0.0
                                  t000141_s8_p5_ai-el2ap.txt 17.8  6.3   96
  0.0  0.0  0.0  0.0  0.0  0.0  0.0  0.0  0.0  0.0  0.0  0.0  0.0  0.0  0.0
  0.0  0.0  0.0 10.4  0.0  0.0364.6177.1114.6 52.1  0.0  0.0 10.4  0.0  0.0
  0.0  0.0135.4  0.0  0.0 20.8  0.0  0.0  0.0  0.0  0.0  0.0  0.0  0.0  0.0
 20.8  0.0  0.0  0.0  0.0  0.0 10.4 20.8  0.0  0.0114.6  0.0  0.0 83.3  0.0
 10.4  0.0  0.0  0.0  0.0  0.0  0.0  0.0  0.0  0.0  0.0  0.0  0.0  0.0  0.0
  0.0  0.0  0.0  0.0  0.0  0.0  0.0  0.0  0.0  0.0  0.0  0.0  0.0  0.0  0.0
  0.0  0.0  0.0  0.0  0.0  0.0  0.0  0.0  0.0  0.0  0.0  0.0  0.0  0.0  0.0
  0.0  0.0  0.0  0.0  0.0  0.0  0.0  0.0  0.0  0.0  0.0  0.0  0.0  0.0  0.0
  0.0  0.0  0.0  0.0  0.0  0.0  0.0  0.0 10.4 20.8 31.3  0.0 10.4  0.0  0.0
 10.4  0.0  0.0  0.0  0.0 10.4 41.7  0.0 10.4  0.0 10.4 10.4  0.0  0.0  0.0
    -35.54     -2.09      9.19     -6.61      3.09  0.0  0.0 10.4  0.0  0.0
                                  t000141_s8_p6_ai-el2ap.txt 12.5  6.0   61
  0.0  0.0  0.0 16.4  0.0  0.0  0.0  0.0  0.0  0.0  0.0  0.0  0.0  0.0  0.0
  0.0  0.0  0.0  0.0  0.0  0.0327.9180.3114.8 32.8  0.0 16.4  0.0  0.0  0.0
  0.0  0.0 98.4  0.0  0.0  0.0 16.4  0.0 16.4  0.0  0.0  0.0  0.0  0.0  0.0
 32.8  0.0  0.0  0.0  0.0  0.0  0.0 32.8  0.0  0.0114.8  0.0  0.0147.5 32.8
 16.4  0.0  0.0  0.0  0.0  0.0  0.0  0.0  0.0  0.0  0.0  0.0  0.0  0.0  0.0
  0.0  0.0  0.0  0.0  0.0  0.0  0.0  0.0  0.0  0.0  0.0  0.0  0.0  0.0  0.0
  0.0 16.4  0.0  0.0  0.0  0.0  0.0  0.0  0.0  0.0  0.0  0.0  0.0  0.0  0.0
  0.0  0.0  0.0  0.0 16.4  0.0 16.4  0.0  0.0  0.0  0.0  0.0  0.0  0.0  0.0
  0.0  0.0  0.0  0.0  0.0  0.0  0.0  0.0 16.4 16.4 16.4  0.0  0.0  0.0  0.0
  0.0  0.0  0.0  0.0  0.0  0.0 32.8 49.2  0.0  0.0  0.0  0.0 16.4  0.0  0.0
    -35.66     -1.50      7.80     -1.32      6.95  0.0  0.0  0.0  0.0  0.0
                                  t000142_s1_p1_ai-el2ap.txt 25.3  5.6  155
  6.5  0.0  0.0 38.7  0.0  0.0  0.0  0.0  6.5 12.9  0.0  0.0  0.0  0.0  0.0
  0.0  0.0  0.0  0.0  0.0  0.0329.0122.6109.7 19.4  0.0  0.0  0.0  0.0  6.5
  0.0  0.0 58.1  0.0  0.0 12.9  6.5  6.5  0.0  0.0  0.0  0.0  6.5 12.9  0.0
 12.9  6.5 12.9 12.9 12.9  6.5  6.5 25.8  0.0  6.5154.8  6.5  0.0 83.9  0.0
  0.0  0.0  0.0  0.0  0.0  0.0  0.0  0.0  0.0  0.0  0.0  0.0  0.0  0.0  0.0
  0.0  0.0  0.0  0.0  0.0  0.0  0.0  0.0  0.0  0.0  0.0  0.0  0.0  0.0  0.0
  0.0  6.5  0.0  0.0  0.0  0.0  0.0  0.0  0.0  0.0  0.0  0.0  0.0  0.0  0.0
  0.0  0.0  0.0  0.0  6.5  0.0  6.5  0.0  0.0  0.0  0.0  0.0  0.0  0.0  0.0
  0.0  0.0  0.0  0.0  0.0  0.0  0.0  0.0 38.7 25.8 51.6  0.0  0.0 25.8  0.0
  0.0  0.0  0.0  0.0  0.0 12.9 45.2 12.9  0.0 12.9  0.0  0.0  0.0  0.0  0.0
    -28.76     -5.09      7.50     -5.07      6.52  0.0  0.0  0.0  0.0  0.0
                                 t000142_s17_p1_ai-el2ap.txt 19.5  5.2  106
  0.0  0.0  0.0 18.9  0.0  0.0  0.0  0.0 18.9  0.0  0.0  0.0  0.0  0.0  0.0
  0.0  0.0  0.0  9.4  0.0  0.0367.9132.1 75.5 37.7  0.0  0.0  0.0  0.0  9.4
  0.0  0.0 66.0  0.0  9.4  0.0  9.4  9.4  0.0  0.0  0.0  0.0  0.0 37.7  0.0
  0.0  0.0  0.0  0.0  0.0  9.4  9.4 37.7  0.0  9.4 84.9 18.9  0.0 84.9  9.4
  0.0  0.0  0.0  0.0  0.0  0.0  0.0  0.0  0.0  0.0  0.0  0.0  0.0  0.0  0.0
  0.0  0.0  0.0  0.0  0.0  0.0  0.0  0.0  0.0  0.0  0.0  0.0  0.0  0.0  0.0
  0.0  0.0  0.0  0.0  0.0  0.0  0.0  0.0  0.0  0.0  0.0  0.0  0.0  0.0  0.0
  0.0  0.0  0.0  0.0  0.0  0.0  0.0  0.0  0.0  0.0  0.0  0.0  0.0  0.0  0.0
  0.0  0.0  0.0  0.0  0.0  0.0  0.0  0.0 37.7  0.0  9.4  9.4  9.4 37.7  0.0
  0.0  0.0  0.0  0.0  0.0  9.4  0.0 37.7  0.0 18.9  0.0  0.0  0.0  0.0  0.0
    -28.12     -4.49      7.50     -4.36      2.09  0.0  0.0  0.0  0.0  0.0
                                t000142_s17_p11_ai-el2ap.txt 12.8  4.8   71
  0.0  0.0  0.0 70.4  0.0  0.0  0.0  0.0  0.0  0.0  0.0  0.0  0.0  0.0  0.0
  0.0  0.0  0.0 14.1  0.0  0.0309.9112.7 42.3 14.1  0.0  0.0  0.0  0.0  0.0
  0.0  0.0 70.4  0.0  0.0  0.0  0.0  0.0 42.3  0.0  0.0  0.0  0.0  0.0  0.0
 28.2  0.0  0.0  0.0 14.1  0.0 14.1 28.2  0.0  0.0 70.4  0.0  0.0112.7  0.0
  0.0  0.0  0.0  0.0  0.0  0.0  0.0  0.0  0.0  0.0  0.0  0.0  0.0  0.0  0.0
  0.0  0.0  0.0  0.0  0.0  0.0  0.0  0.0  0.0  0.0  0.0  0.0  0.0  0.0  0.0
  0.0  0.0  0.0  0.0  0.0  0.0  0.0  0.0  0.0  0.0  0.0  0.0  0.0  0.0  0.0
  0.0  0.0  0.0  0.0  0.0  0.0  0.0  0.0  0.0  0.0  0.0  0.0  0.0  0.0  0.0
  0.0  0.0  0.0  0.0  0.0  0.0  0.0  0.0 28.2 14.1 28.2  0.0  0.0  0.0  0.0
  0.0  0.0  0.0  0.0  0.0  0.0  0.0 14.1 14.1  0.0  0.0  0.0 14.1  0.0  0.0
    -21.20     -5.26      5.86      7.02      5.46  0.0  0.0  0.0  0.0  0.0
                                t000142_s17_p12_ai-el2ap.txt  8.5  5.0   46
  0.0  0.0  0.0 43.5  0.0  0.0  0.0  0.0  0.0  0.0  0.0  0.0  0.0  0.0  0.0
  0.0  0.0  0.0 21.7  0.0  0.0434.8152.2  0.0  0.0  0.0  0.0  0.0  0.0 21.7
  0.0  0.0152.2  0.0  0.0 21.7  0.0  0.0  0.0  0.0  0.0  0.0  0.0  0.0 21.7
  0.0  0.0  0.0  0.0  0.0  0.0 21.7 21.7  0.0 21.7  0.0  0.0  0.0 43.5  0.0
  0.0  0.0  0.0  0.0  0.0  0.0  0.0  0.0  0.0  0.0  0.0  0.0  0.0  0.0  0.0
  0.0  0.0  0.0  0.0  0.0  0.0  0.0  0.0  0.0  0.0  0.0  0.0  0.0  0.0  0.0
  0.0  0.0  0.0  0.0  0.0  0.0  0.0  0.0  0.0  0.0  0.0  0.0  0.0  0.0  0.0
  0.0  0.0  0.0  0.0  0.0  0.0  0.0  0.0  0.0  0.0  0.0  0.0  0.0  0.0  0.0
  0.0  0.0  0.0  0.0  0.0  0.0  0.0  0.0 65.2  0.0 87.0  0.0  0.0 21.7  0.0
  0.0  0.0  0.0  0.0  0.0  0.0  0.0  0.0  0.0  0.0  0.0  0.0  0.0  0.0  0.0
    -23.52     -5.73     21.18     -6.61     13.10  0.0  0.0  0.0  0.0  0.0
                                t000142_s17_p13_ai-el2ap.txt  5.5  5.4   26
  0.0  0.0  0.0 38.5  0.0  0.0  0.0  0.0  0.0  0.0  0.0  0.0  0.0  0.0  0.0
  0.0  0.0  0.0  0.0  0.0  0.0384.6192.3 76.9 38.5  0.0  0.0  0.0  0.0  0.0
  0.0  0.0230.8  0.0  0.0  0.0  0.0  0.0 38.5  0.0  0.0  0.0  0.0  0.0  0.0
  0.0  0.0  0.0  0.0  0.0  0.0  0.0  0.0  0.0  0.0 76.9  0.0  0.0 38.5  0.0
  0.0  0.0  0.0  0.0  0.0  0.0  0.0  0.0  0.0  0.0  0.0  0.0  0.0  0.0  0.0
  0.0  0.0  0.0  0.0  0.0  0.0  0.0  0.0  0.0  0.0  0.0  0.0  0.0  0.0  0.0
  0.0  0.0  0.0  0.0  0.0  0.0  0.0  0.0  0.0  0.0  0.0  0.0  0.0  0.0  0.0
  0.0  0.0  0.0  0.0  0.0  0.0  0.0  0.0  0.0  0.0  0.0  0.0  0.0  0.0  0.0
  0.0  0.0  0.0  0.0  0.0  0.0  0.0  0.0  0.0 76.9  0.0  0.0 76.9  0.0  0.0
  0.0  0.0  0.0  0.0  0.0  0.0  0.0  0.0  0.0  0.0  0.0  0.0  0.0  0.0  0.0
    -33.62     -4.46     17.00      5.80     -3.63  0.0  0.0  0.0  0.0  0.0
                                t000142_s17_p14_ai-el2ap.txt 10.5  4.4   78
 12.8  0.0  0.0 64.1  0.0  0.0  0.0  0.0  0.0  0.0  0.0  0.0  0.0 25.6  0.0
  0.0  0.0  0.0 25.6  0.0  0.0141.0 51.3 76.9  0.0  0.0  0.0 25.6  0.0  0.0
  0.0  0.0  0.0  0.0  0.0 51.3  0.0  0.0  0.0  0.0  0.0  0.0  0.0  0.0  0.0
  0.0  0.0 38.5  0.0  0.0  0.0 25.6  0.0  0.0  0.0102.6  0.0 12.8 89.7 25.6
 12.8  0.0  0.0  0.0  0.0  0.0  0.0  0.0  0.0  0.0  0.0  0.0  0.0  0.0  0.0
  0.0  0.0  0.0 25.6  0.0  0.0 12.8  0.0  0.0  0.0  0.0  0.0  0.0  0.0  0.0
  0.0  0.0  0.0  0.0  0.0  0.0  0.0  0.0  0.0  0.0  0.0  0.0  0.0  0.0  0.0
 38.5  0.0  0.0 38.5  0.0  0.0  0.0  0.0  0.0  0.0  0.0  0.0  0.0  0.0  0.0
  0.0  0.0  0.0  0.0  0.0  0.0  0.0  0.0 25.6 25.6  0.0  0.0  0.0  0.0  0.0
  0.0  0.0  0.0  0.0  0.0  0.0  0.0  0.0 12.8  0.0  0.0  0.0 12.8  0.0  0.0
      1.57     -0.98     -1.94     -6.61     -3.63  0.0  0.0  0.0  0.0  0.0
                                t000142_s17_p15_ai-el2ap.txt 13.3  4.2  122
  8.2  0.0  0.0 65.6  0.0  0.0  0.0  0.0  0.0  0.0  0.0  0.0  0.0  0.0  0.0
  0.0  0.0  0.0 32.8  0.0  0.0319.7 41.0 16.4  8.2  0.0 24.6  0.0  0.0  0.0
  0.0  0.0 24.6  0.0  0.0 32.8  8.2  0.0 24.6  0.0  0.0  0.0 24.6  8.2  0.0
  0.0  0.0  0.0  0.0  0.0  0.0 32.8  8.2  0.0  0.0 32.8  0.0  0.0106.6  0.0
  0.0  0.0  0.0  0.0  0.0  0.0  0.0  0.0  0.0  0.0  0.0  0.0  0.0  0.0  0.0
  0.0  0.0  0.0  0.0  0.0  0.0  0.0  0.0  0.0  0.0  0.0  0.0  0.0  0.0  0.0
  0.0  0.0  0.0  0.0  0.0  0.0  0.0  0.0  0.0  0.0  0.0  0.0  0.0  0.0  0.0
  0.0  0.0  0.0  0.0  0.0  0.0  0.0  0.0  0.0  0.0  0.0  0.0  0.0  0.0  0.0
  0.0  0.0  0.0  0.0  0.0  0.0  0.0  0.0  0.0  0.0 24.6  0.0  0.0 16.4  0.0
  0.0  0.0  0.0  0.0  0.0  0.0  0.0  8.2  8.2  0.0  0.0  0.0 16.4  0.0  0.0
    -11.21     -0.73      0.82      1.33     12.98  0.0  0.0  0.0  0.0  0.0
                                t000142_s17_p16_ai-el2ap.txt  3.8  5.1   15
  0.0  0.0  0.0 66.7  0.0  0.0  0.0  0.0  0.0  0.0  0.0  0.0  0.0  0.0  0.0
  0.0  0.0 66.7  0.0  0.0  0.0200.0133.3  0.0  0.0  0.0  0.0  0.0  0.0  0.0
  0.0  0.0 66.7  0.0  0.0  0.0  0.0  0.0  0.0  0.0  0.0  0.0  0.0  0.0 66.7
  0.0  0.0  0.0  0.0  0.0 66.7  0.0 66.7  0.0  0.0  0.0  0.0  0.0133.3 66.7
  0.0  0.0  0.0  0.0  0.0  0.0  0.0  0.0  0.0  0.0  0.0  0.0  0.0  0.0  0.0
  0.0  0.0  0.0  0.0  0.0  0.0  0.0  0.0  0.0  0.0  0.0  0.0  0.0  0.0  0.0
  0.0  0.0  0.0  0.0  0.0  0.0  0.0  0.0  0.0  0.0  0.0  0.0  0.0  0.0  0.0
  0.0  0.0  0.0  0.0  0.0  0.0  0.0  0.0  0.0  0.0  0.0  0.0  0.0  0.0  0.0
  0.0  0.0  0.0  0.0  0.0  0.0  0.0  0.0  0.0  0.0  0.0  0.0 66.7  0.0  0.0
  0.0  0.0  0.0  0.0  0.0  0.0  0.0  0.0  0.0  0.0  0.0  0.0  0.0  0.0  0.0
     -1.26     -5.73      5.60     -6.61     47.66  0.0  0.0  0.0  0.0  0.0
                                t000142_s17_p17_ai-el2ap.txt 11.3  4.6   64
 15.6  0.0  0.0 93.8  0.0  0.0  0.0  0.0  0.0  0.0  0.0  0.0  0.0  0.0  0.0
  0.0  0.0  0.0 46.9  0.0  0.0234.4109.4 15.6 15.6  0.0 31.3  0.0  0.0  0.0
  0.0  0.0 46.9  0.0  0.0 46.9  0.0  0.0 31.3  0.0  0.0  0.0 15.6  0.0  0.0
  0.0  0.0  0.0  0.0  0.0  0.0 46.9  0.0  0.0  0.0 46.9  0.0  0.0125.0  0.0
  0.0  0.0  0.0  0.0  0.0  0.0  0.0  0.0  0.0  0.0  0.0  0.0  0.0  0.0  0.0
  0.0  0.0  0.0  0.0  0.0  0.0  0.0  0.0  0.0  0.0  0.0  0.0  0.0  0.0  0.0
  0.0  0.0  0.0  0.0  0.0  0.0  0.0  0.0  0.0  0.0  0.0  0.0  0.0  0.0  0.0
  0.0  0.0  0.0  0.0  0.0  0.0  0.0  0.0  0.0  0.0  0.0  0.0  0.0  0.0  0.0
  0.0  0.0  0.0  0.0  0.0  0.0  0.0  0.0  0.0  0.0 62.5  0.0  0.0 31.3  0.0
  0.0  0.0  0.0  0.0  0.0  0.0  0.0 15.6 15.6  0.0  0.0  0.0 15.6  0.0  0.0
     -7.85      0.80      1.57      3.48      6.14  0.0  0.0  0.0  0.0  0.0
                                t000142_s17_p18_ai-el2ap.txt 10.3  4.7   66
 15.2  0.0  0.0 90.9  0.0  0.0  0.0  0.0  0.0  0.0  0.0  0.0  0.0  0.0  0.0
  0.0  0.0  0.0 30.3  0.0  0.0333.3 60.6  0.0  0.0  0.0  0.0  0.0  0.0  0.0
  0.0  0.0 75.8  0.0  0.0  0.0  0.0  0.0 30.3  0.0  0.0  0.0  0.0  0.0  0.0
 15.2  0.0  0.0  0.0  0.0  0.0 30.3 15.2  0.0  0.0 30.3  0.0  0.0106.1  0.0
  0.0  0.0  0.0  0.0  0.0  0.0  0.0  0.0  0.0  0.0  0.0  0.0  0.0  0.0  0.0
  0.0  0.0  0.0  0.0  0.0  0.0  0.0  0.0  0.0  0.0  0.0  0.0  0.0  0.0  0.0
  0.0  0.0  0.0  0.0  0.0  0.0  0.0  0.0  0.0  0.0  0.0  0.0  0.0  0.0  0.0
  0.0  0.0  0.0  0.0  0.0  0.0  0.0  0.0  0.0  0.0  0.0  0.0  0.0  0.0  0.0
  0.0  0.0  0.0  0.0  0.0  0.0  0.0  0.0 60.6  0.0  0.0  0.0  0.0  0.0  0.0
  0.0  0.0  0.0  0.0  0.0  0.0  0.0 15.2 15.2 30.3  0.0  0.0 15.2  0.0  0.0
    -11.68     -5.73      6.23      3.17      1.26  0.0  0.0  0.0  0.0  0.0
                                t000142_s17_p19_ai-el2ap.txt  3.5  6.1   14
  0.0  0.0  0.0  0.0  0.0  0.0  0.0  0.0  0.0  0.0  0.0  0.0  0.0  0.0  0.0
  0.0  0.0  0.0  0.0  0.0  0.0500.0142.9  0.0142.9  0.0  0.0  0.0  0.0  0.0
  0.0  0.0142.9  0.0  0.0  0.0  0.0  0.0  0.0  0.0  0.0  0.0  0.0  0.0  0.0
  0.0  0.0  0.0  0.0  0.0  0.0  0.0  0.0  0.0  0.0  0.0  0.0  0.0 71.4  0.0
  0.0  0.0  0.0  0.0  0.0  0.0  0.0  0.0  0.0  0.0  0.0  0.0  0.0  0.0  0.0
  0.0  0.0  0.0  0.0  0.0  0.0  0.0  0.0  0.0  0.0  0.0  0.0  0.0  0.0  0.0
  0.0  0.0  0.0  0.0  0.0  0.0  0.0  0.0  0.0  0.0  0.0  0.0  0.0  0.0  0.0
  0.0  0.0  0.0  0.0  0.0  0.0  0.0  0.0  0.0  0.0  0.0  0.0  0.0  0.0  0.0
  0.0  0.0  0.0  0.0  0.0  0.0  0.0  0.0  0.0  0.0 71.4 71.4 71.4  0.0  0.0
  0.0  0.0  0.0  0.0  0.0  0.0  0.0  0.0  0.0  0.0  0.0  0.0  0.0  0.0  0.0
    -33.57     -1.03     10.89     -6.61     -3.63  0.0  0.0  0.0  0.0  0.0
                                 t000142_s17_p2_ai-el2ap.txt  9.3  5.9   52
  0.0  0.0  0.0  0.0  0.0  0.0  0.0  0.0  0.0  0.0  0.0  0.0  0.0  0.0  0.0
  0.0  0.0  0.0 19.2  0.0  0.0384.6134.6 38.5 38.5  0.0  0.0  0.0  0.0  0.0
  0.0  0.0134.6  0.0  0.0 19.2 19.2  0.0  0.0  0.0  0.0  0.0 19.2 38.5  0.0
 19.2  0.0  0.0  0.0  0.0  0.0 19.2 57.7  0.0  0.0 57.7  0.0  0.0 96.2 19.2
  0.0  0.0  0.0  0.0  0.0  0.0  0.0  0.0  0.0  0.0  0.0  0.0  0.0  0.0  0.0
  0.0  0.0  0.0  0.0  0.0  0.0  0.0  0.0  0.0  0.0  0.0  0.0  0.0  0.0  0.0
  0.0  0.0  0.0  0.0  0.0  0.0  0.0  0.0  0.0  0.0  0.0  0.0  0.0  0.0  0.0
  0.0  0.0  0.0  0.0  0.0  0.0  0.0  0.0  0.0  0.0  0.0  0.0  0.0  0.0  0.0
  0.0  0.0  0.0  0.0  0.0  0.0  0.0  0.0 19.2  0.0 57.7  0.0 19.2  0.0  0.0
  0.0  0.0  0.0  0.0  0.0  0.0 19.2 19.2 19.2 19.2  0.0  0.0  0.0  0.0  0.0
    -27.62     -4.46      9.23     -6.61     20.42  0.0  0.0  0.0  0.0  0.0
                                t000142_s17_p20_ai-el2ap.txt 16.8  6.2   85
  0.0  0.0  0.0 58.8  0.0  0.0  0.0  0.0  0.0  0.0  0.0  0.0  0.0  0.0  0.0
  0.0  0.0  0.0 11.8  0.0  0.0376.5105.9117.6 23.5  0.0  0.0  0.0  0.0  0.0
  0.0  0.0105.9  0.0  0.0 11.8 11.8  0.0 11.8  0.0  0.0  0.0 11.8  0.0 11.8
  0.0  0.0  0.0 11.8  0.0  0.0 11.8 11.8  0.0  0.0152.9  0.0  0.0117.6 11.8
 23.5  0.0  0.0  0.0  0.0  0.0  0.0  0.0  0.0  0.0  0.0  0.0  0.0  0.0  0.0
  0.0  0.0  0.0  0.0  0.0  0.0  0.0  0.0  0.0  0.0  0.0  0.0  0.0  0.0  0.0
  0.0  0.0  0.0  0.0  0.0  0.0  0.0  0.0  0.0  0.0  0.0  0.0  0.0  0.0  0.0
  0.0  0.0  0.0  0.0  0.0  0.0  0.0  0.0  0.0  0.0  0.0  0.0  0.0  0.0  0.0
  0.0  0.0  0.0  0.0  0.0  0.0  0.0  0.0 94.1  0.0 35.3 23.5 23.5  0.0  0.0
  0.0  0.0  0.0  0.0  0.0  0.0  0.0 11.8 11.8  0.0 11.8  0.0 11.8  0.0  0.0
    -31.00     -4.95      7.66     -2.81     12.78  0.0  0.0  0.0  0.0  0.0
                                t000142_s17_p27_ai-el2ap.txt 16.8  4.6  104
  0.0  0.0  0.0 57.7  0.0  0.0  0.0  0.0  0.0  0.0  0.0  0.0  0.0  0.0  9.6
  0.0  0.0  0.0  9.6  0.0  0.0288.5134.6 57.7  0.0  0.0  0.0  0.0  0.0  0.0
  0.0  0.0125.0  0.0  0.0 57.7  9.6  0.0  9.6  0.0  0.0  0.0  9.6  0.0  0.0
  0.0  9.6  0.0  0.0  0.0  0.0 19.2  0.0  0.0  0.0 67.3  0.0  0.0 76.9  9.6
  0.0  0.0  0.0  0.0  0.0  0.0  0.0  0.0  0.0  0.0  0.0  0.0  0.0  0.0  0.0
  0.0  0.0  0.0  0.0  0.0  0.0  0.0  0.0  0.0  0.0  0.0  0.0  0.0  0.0  0.0
  0.0  0.0  0.0  0.0  0.0  0.0  0.0  0.0  0.0  0.0  0.0  0.0  0.0  0.0  0.0
  0.0  0.0  0.0  0.0  0.0  0.0  0.0  0.0  0.0  0.0  0.0  0.0  0.0  0.0  0.0
  0.0  0.0  0.0  0.0  0.0  0.0  0.0  0.0 86.5  0.0  9.6  0.0  0.0 19.2  0.0
  0.0  0.0  0.0  0.0  0.0  0.0  0.0  0.0  9.6 19.2  9.6  0.0 19.2  0.0  0.0
    -15.72     -5.73      6.38     -3.50      2.38  0.0  0.0  0.0  0.0  0.0
                                t000142_s17_p29_ai-el2ap.txt 14.3  4.4  113
  0.0  0.0  0.0 70.8  0.0  0.0  0.0  0.0  0.0 17.7  0.0  0.0  0.0  0.0  0.0
  0.0  0.0  0.0  8.8  0.0  0.0203.5141.6 53.1  0.0  0.0  0.0  0.0  0.0  0.0
  0.0  0.0 44.2  0.0  0.0 79.6  0.0  0.0  0.0  0.0  0.0  0.0 44.2  8.8  0.0
  0.0  8.8 17.7  0.0  8.8  0.0 17.7  8.8  0.0  0.0 79.6  0.0  0.0 70.8  0.0
  0.0  0.0  0.0  0.0  0.0  0.0  0.0  0.0  0.0  0.0  0.0  0.0  0.0  0.0  0.0
  0.0  0.0  0.0  0.0  0.0  8.8  8.8  0.0  0.0  0.0  0.0  0.0  0.0  0.0  0.0
  0.0  0.0  0.0  0.0  0.0  0.0  0.0  0.0  0.0  0.0  0.0  0.0  0.0  0.0  0.0
 17.7  0.0  0.0 17.7  0.0  0.0  0.0  0.0  0.0  0.0  0.0  0.0  0.0  0.0  0.0
  0.0  0.0  0.0  0.0  0.0  0.0  0.0  0.0 17.7  0.0 17.7  0.0  0.0 35.4  0.0
  0.0  0.0  0.0  0.0  0.0  0.0  0.0  0.0  0.0 17.7  0.0  8.8 17.7  0.0  0.0
    -17.50     -5.73     -0.48     -6.61     25.37  0.0  0.0  0.0  0.0  0.0
                                 t000142_s17_p3_ai-el2ap.txt  6.5  5.5   29
  0.0  0.0  0.0103.4  0.0  0.0  0.0  0.0  0.0  0.0  0.0  0.0  0.0  0.0  0.0
  0.0  0.0 34.5  0.0  0.0  0.0310.3206.9103.4  0.0  0.0  0.0  0.0  0.0  0.0
  0.0  0.0 34.5  0.0  0.0  0.0  0.0  0.0  0.0  0.0 34.5  0.0  0.0 34.5  0.0
  0.0  0.0  0.0  0.0  0.0 69.0  0.0 34.5  0.0  0.0137.9  0.0  0.0103.4  0.0
 34.5  0.0  0.0  0.0  0.0  0.0  0.0  0.0  0.0  0.0  0.0  0.0  0.0  0.0  0.0
  0.0  0.0  0.0  0.0  0.0  0.0  0.0  0.0  0.0  0.0  0.0  0.0  0.0  0.0  0.0
  0.0  0.0  0.0  0.0  0.0  0.0  0.0  0.0  0.0  0.0  0.0  0.0  0.0  0.0  0.0
  0.0  0.0  0.0  0.0  0.0  0.0  0.0  0.0  0.0  0.0  0.0  0.0  0.0  0.0  0.0
  0.0  0.0  0.0  0.0  0.0  0.0  0.0  0.0 34.5 34.5 69.0  0.0  0.0  0.0  0.0
  0.0  0.0  0.0  0.0  0.0  0.0  0.0  0.0  0.0  0.0  0.0  0.0  0.0  0.0  0.0
    -22.01     -5.73      3.37      9.82      1.60  0.0  0.0  0.0  0.0  0.0
                                t000142_s17_p30_ai-el2ap.txt  7.5  5.9   33
  0.0  0.0  0.0 90.9  0.0  0.0  0.0  0.0  0.0  0.0  0.0  0.0  0.0  0.0  0.0
  0.0  0.0  0.0 30.3  0.0  0.0333.3 90.9 90.9 30.3  0.0  0.0  0.0  0.0  0.0
  0.0  0.0 60.6  0.0  0.0  0.0  0.0  0.0  0.0  0.0  0.0  0.0  0.0 60.6  0.0
  0.0  0.0  0.0 30.3  0.0  0.0 30.3 60.6  0.0  0.0 90.9  0.0  0.0151.5 30.3
  0.0  0.0  0.0  0.0  0.0  0.0  0.0  0.0  0.0  0.0  0.0  0.0  0.0  0.0  0.0
  0.0  0.0  0.0  0.0  0.0  0.0  0.0  0.0  0.0  0.0  0.0  0.0  0.0  0.0  0.0
  0.0  0.0  0.0  0.0  0.0  0.0  0.0  0.0  0.0  0.0  0.0  0.0  0.0  0.0  0.0
  0.0  0.0  0.0  0.0  0.0  0.0  0.0  0.0  0.0  0.0  0.0  0.0  0.0  0.0  0.0
  0.0  0.0  0.0  0.0  0.0  0.0  0.0  0.0 30.3 30.3 60.6  0.0  0.0  0.0  0.0
  0.0  0.0  0.0  0.0  0.0  0.0  0.0 60.6  0.0  0.0  0.0  0.0 60.6  0.0  0.0
    -22.31     -4.73      5.18     -6.61      5.56  0.0  0.0  0.0  0.0  0.0
                                t000142_s17_p37_ai-el2ap.txt  5.3  5.6   25
  0.0  0.0  0.0 40.0  0.0  0.0  0.0  0.0  0.0  0.0  0.0  0.0  0.0  0.0  0.0
  0.0  0.0  0.0  0.0  0.0  0.0440.0 80.0  0.0  0.0  0.0  0.0  0.0  0.0  0.0
  0.0  0.0 80.0  0.0  0.0  0.0  0.0  0.0  0.0  0.0  0.0  0.0  0.0  0.0  0.0
  0.0  0.0  0.0  0.0  0.0  0.0  0.0  0.0  0.0  0.0  0.0  0.0  0.0120.0 40.0
  0.0  0.0  0.0  0.0  0.0  0.0  0.0  0.0  0.0  0.0  0.0  0.0  0.0  0.0  0.0
  0.0  0.0  0.0  0.0  0.0  0.0  0.0  0.0  0.0  0.0  0.0  0.0  0.0  0.0  0.0
  0.0  0.0  0.0  0.0  0.0  0.0  0.0  0.0  0.0  0.0  0.0  0.0  0.0  0.0  0.0
  0.0  0.0  0.0  0.0  0.0  0.0  0.0  0.0  0.0  0.0  0.0  0.0  0.0  0.0  0.0
  0.0  0.0  0.0  0.0  0.0  0.0  0.0  0.0 40.0  0.0 40.0 40.0 80.0  0.0  0.0
  0.0  0.0  0.0  0.0  0.0  0.0  0.0 40.0  0.0  0.0  0.0  0.0 40.0  0.0  0.0
    -27.16     -5.73      6.53     -6.61     -3.63  0.0  0.0  0.0  0.0  0.0
                                t000142_s17_p38_ai-el2ap.txt  6.8  5.2   31
  0.0  0.0  0.0 64.5  0.0  0.0  0.0  0.0  0.0  0.0  0.0  0.0  0.0  0.0  0.0
  0.0  0.0  0.0  0.0  0.0  0.0322.6129.0 64.5  0.0  0.0  0.0  0.0  0.0  0.0
  0.0  0.0161.3  0.0  0.0  0.0  0.0  0.0  0.0  0.0  0.0  0.0  0.0 32.3 32.3
  0.0  0.0  0.0  0.0  0.0  0.0  0.0 64.5  0.0  0.0 64.5  0.0  0.0 96.8 32.3
  0.0  0.0  0.0  0.0  0.0  0.0  0.0  0.0  0.0  0.0  0.0  0.0  0.0  0.0  0.0
  0.0  0.0  0.0  0.0  0.0  0.0  0.0  0.0  0.0  0.0  0.0  0.0  0.0  0.0  0.0
  0.0  0.0  0.0  0.0  0.0  0.0  0.0  0.0  0.0  0.0  0.0  0.0  0.0  0.0  0.0
  0.0  0.0  0.0  0.0  0.0  0.0  0.0  0.0  0.0  0.0  0.0  0.0  0.0  0.0  0.0
  0.0  0.0  0.0  0.0  0.0  0.0  0.0  0.0 32.3 32.3  0.0 32.3 32.3  0.0  0.0
  0.0  0.0  0.0  0.0  0.0  0.0  0.0 32.3 32.3  0.0  0.0  0.0  0.0  0.0  0.0
    -27.48     -5.73     12.17     -6.61     26.08  0.0  0.0  0.0  0.0  0.0
                                t000142_s17_p39_ai-el2ap.txt 10.5  5.9   46
  0.0  0.0  0.0 21.7  0.0  0.0  0.0  0.0  0.0  0.0  0.0  0.0  0.0  0.0  0.0
  0.0  0.0  0.0 21.7  0.0  0.0347.8152.2 65.2 65.2  0.0  0.0  0.0  0.0  0.0
  0.0  0.0108.7 43.5  0.0  0.0  0.0  0.0  0.0  0.0  0.0 21.7  0.0 65.2 21.7
  0.0  0.0  0.0  0.0  0.0  0.0 21.7 87.0  0.0  0.0 65.2  0.0  0.0130.4  0.0
  0.0  0.0  0.0  0.0  0.0  0.0  0.0  0.0  0.0  0.0  0.0  0.0  0.0  0.0  0.0
  0.0  0.0  0.0  0.0  0.0  0.0  0.0  0.0  0.0  0.0  0.0  0.0  0.0  0.0  0.0
  0.0  0.0  0.0  0.0  0.0  0.0  0.0  0.0  0.0  0.0  0.0  0.0  0.0  0.0  0.0
  0.0  0.0  0.0  0.0  0.0  0.0  0.0  0.0  0.0  0.0  0.0  0.0  0.0  0.0  0.0
  0.0  0.0  0.0  0.0  0.0  0.0  0.0  0.0 65.2  0.0  0.0 21.7 21.7  0.0  0.0
  0.0  0.0  0.0  0.0  0.0  0.0  0.0 21.7  0.0  0.0  0.0 21.7  0.0  0.0  0.0
    -27.46     -3.58     -3.90      2.09     22.98  0.0  0.0  0.0  0.0  0.0
                                 t000142_s17_p4_ai-el2ap.txt 14.5  5.8   75
  0.0  0.0  0.0 53.3  0.0  0.0  0.0  0.0  0.0  0.0  0.0  0.0  0.0  0.0  0.0
  0.0  0.0  0.0 13.3  0.0  0.0360.0146.7 53.3 13.3 13.3  0.0  0.0  0.0  0.0
  0.0  0.0106.7  0.0  0.0  0.0 13.3  0.0 13.3  0.0  0.0  0.0  0.0 26.7 13.3
 13.3  0.0  0.0  0.0  0.0  0.0 13.3 53.3  0.0  0.0 80.0 13.3  0.0120.0  0.0
  0.0  0.0  0.0  0.0  0.0  0.0  0.0  0.0  0.0  0.0  0.0  0.0  0.0  0.0  0.0
  0.0  0.0  0.0  0.0  0.0  0.0  0.0  0.0  0.0  0.0  0.0  0.0  0.0  0.0  0.0
  0.0  0.0  0.0  0.0  0.0  0.0  0.0  0.0  0.0  0.0  0.0  0.0  0.0  0.0  0.0
  0.0  0.0  0.0  0.0  0.0  0.0  0.0  0.0  0.0  0.0  0.0  0.0  0.0  0.0  0.0
  0.0  0.0  0.0  0.0  0.0  0.0  0.0  0.0 26.7  0.0 26.7  0.0 26.7  0.0  0.0
  0.0  0.0  0.0  0.0  0.0 13.3  0.0  0.0  0.0 13.3 13.3 13.3  0.0  0.0  0.0
    -27.58     -4.70      8.38     -2.30     14.97 13.3  0.0 13.3  0.0  0.0
                                t000142_s17_p46_ai-el2ap.txt  5.3  4.5   34
  0.0  0.0  0.0 29.4  0.0  0.0  0.0  0.0  0.0  0.0  0.0  0.0  0.0  0.0  0.0
  0.0  0.0  0.0  0.0  0.0  0.0411.8 88.2 29.4  0.0  0.0  0.0  0.0  0.0  0.0
  0.0  0.0 88.2  0.0  0.0  0.0  0.0  0.0  0.0  0.0  0.0  0.0  0.0  0.0  0.0
  0.0  0.0  0.0 29.4  0.0  0.0  0.0  0.0  0.0  0.0 29.4  0.0  0.0 29.4  0.0
  0.0  0.0  0.0  0.0  0.0  0.0  0.0  0.0  0.0  0.0  0.0  0.0  0.0  0.0  0.0
  0.0  0.0  0.0  0.0  0.0  0.0  0.0  0.0  0.0  0.0  0.0  0.0  0.0  0.0  0.0
  0.0  0.0  0.0  0.0  0.0  0.0  0.0  0.0  0.0  0.0  0.0  0.0  0.0  0.0  0.0
  0.0  0.0  0.0  0.0  0.0  0.0  0.0  0.0  0.0  0.0  0.0  0.0  0.0  0.0  0.0
  0.0  0.0  0.0  0.0  0.0  0.0  0.0  0.0  0.0  0.0 29.4  0.0 29.4  0.0  0.0
  0.0  0.0  0.0  0.0  0.0  0.0  0.0  0.0  0.0  0.0  0.0  0.0 29.4  0.0  0.0
    -25.64     -5.73      7.10     -6.61     -3.63  0.0  0.0  0.0  0.0  0.0
                                t000142_s17_p47_ai-el2ap.txt  6.0  4.8   27
  0.0  0.0  0.0 74.1  0.0  0.0  0.0  0.0  0.0  0.0  0.0  0.0  0.0  0.0  0.0
  0.0  0.0  0.0  0.0  0.0  0.0333.3148.1111.1  0.0  0.0  0.0  0.0  0.0  0.0
  0.0  0.0148.1  0.0  0.0  0.0  0.0  0.0 37.0  0.0  0.0  0.0  0.0  0.0  0.0
  0.0  0.0  0.0  0.0  0.0  0.0  0.0  0.0  0.0  0.0111.1  0.0  0.0 74.1  0.0
  0.0  0.0  0.0  0.0  0.0  0.0  0.0  0.0  0.0  0.0  0.0  0.0  0.0  0.0  0.0
  0.0  0.0  0.0  0.0  0.0  0.0  0.0  0.0  0.0  0.0  0.0  0.0  0.0  0.0  0.0
  0.0  0.0  0.0  0.0  0.0  0.0  0.0  0.0  0.0  0.0  0.0  0.0  0.0  0.0  0.0
  0.0  0.0  0.0  0.0  0.0  0.0  0.0  0.0  0.0  0.0  0.0  0.0  0.0  0.0  0.0
  0.0  0.0  0.0  0.0  0.0  0.0  0.0  0.0111.1  0.0 37.0  0.0  0.0 37.0  0.0
  0.0  0.0  0.0  0.0  0.0  0.0  0.0  0.0  0.0  0.0  0.0  0.0 37.0  0.0  0.0
    -29.61     -5.73     11.26      5.34     -3.63  0.0  0.0  0.0  0.0  0.0
                                t000142_s17_p48_ai-el2ap.txt  4.8  5.1   28
  0.0  0.0  0.0107.1  0.0  0.0  0.0  0.0  0.0  0.0  0.0  0.0  0.0  0.0  0.0
  0.0  0.0  0.0  0.0  0.0  0.0285.7107.1 35.7 35.7  0.0  0.0  0.0  0.0  0.0
  0.0  0.0178.6  0.0  0.0  0.0  0.0  0.0 35.7  0.0  0.0  0.0  0.0  0.0  0.0
  0.0 35.7  0.0  0.0  0.0  0.0 35.7  0.0  0.0  0.0 35.7  0.0  0.0107.1  0.0
  0.0  0.0  0.0  0.0  0.0  0.0  0.0  0.0  0.0  0.0  0.0  0.0  0.0  0.0  0.0
  0.0  0.0  0.0  0.0  0.0  0.0  0.0  0.0  0.0  0.0  0.0  0.0  0.0  0.0  0.0
  0.0  0.0  0.0  0.0  0.0  0.0  0.0  0.0  0.0  0.0  0.0  0.0  0.0  0.0  0.0
  0.0  0.0  0.0  0.0  0.0  0.0  0.0  0.0  0.0  0.0  0.0  0.0  0.0  0.0  0.0
  0.0  0.0  0.0  0.0  0.0  0.0  0.0  0.0142.9  0.0  0.0  0.0  0.0  0.0  0.0
  0.0  0.0  0.0  0.0  0.0  0.0  0.0  0.0  0.0  0.0 35.7  0.0 35.7  0.0  0.0
    -22.60     -4.55     13.37      4.92     -3.63  0.0  0.0  0.0  0.0  0.0
                                t000142_s17_p49_ai-el2ap.txt  3.5  4.8   15
  0.0  0.0  0.0 66.7  0.0  0.0  0.0  0.0  0.0  0.0  0.0  0.0  0.0  0.0  0.0
  0.0  0.0  0.0  0.0  0.0  0.0400.0133.3  0.0  0.0  0.0  0.0  0.0  0.0  0.0
  0.0  0.0200.0  0.0  0.0  0.0  0.0  0.0 66.7  0.0  0.0  0.0  0.0  0.0  0.0
  0.0  0.0  0.0  0.0  0.0  0.0  0.0  0.0  0.0  0.0  0.0  0.0  0.0 66.7  0.0
  0.0  0.0  0.0  0.0  0.0  0.0  0.0  0.0  0.0  0.0  0.0  0.0  0.0  0.0  0.0
  0.0  0.0  0.0  0.0  0.0  0.0  0.0  0.0  0.0  0.0  0.0  0.0  0.0  0.0  0.0
  0.0  0.0  0.0  0.0  0.0  0.0  0.0  0.0  0.0  0.0  0.0  0.0  0.0  0.0  0.0
  0.0  0.0  0.0  0.0  0.0  0.0  0.0  0.0  0.0  0.0  0.0  0.0  0.0  0.0  0.0
  0.0  0.0  0.0  0.0  0.0  0.0  0.0  0.0  0.0 66.7  0.0 66.7200.0  0.0  0.0
  0.0  0.0  0.0  0.0  0.0  0.0  0.0  0.0 66.7  0.0  0.0  0.0  0.0  0.0  0.0
    -25.26     -5.73     14.86     14.90     -3.63  0.0  0.0  0.0  0.0  0.0
                                 t000142_s17_p5_ai-el2ap.txt 10.0  5.4   48
  0.0  0.0  0.0 83.3  0.0  0.0  0.0  0.0  0.0 20.8  0.0  0.0  0.0  0.0  0.0
  0.0  0.0  0.0 20.8  0.0  0.0354.2166.7 41.7  0.0  0.0  0.0  0.0  0.0  0.0
  0.0  0.0145.8  0.0  0.0 20.8  0.0  0.0 20.8  0.0  0.0  0.0  0.0  0.0 20.8
  0.0  0.0  0.0  0.0  0.0  0.0 20.8 20.8  0.0  0.0 62.5  0.0  0.0 62.5  0.0
  0.0  0.0  0.0  0.0  0.0  0.0  0.0  0.0  0.0  0.0  0.0  0.0  0.0  0.0  0.0
  0.0  0.0  0.0  0.0  0.0  0.0  0.0  0.0  0.0  0.0  0.0  0.0  0.0  0.0  0.0
  0.0  0.0  0.0  0.0  0.0  0.0  0.0  0.0  0.0  0.0  0.0  0.0  0.0  0.0  0.0
  0.0  0.0  0.0  0.0  0.0  0.0  0.0  0.0  0.0  0.0  0.0  0.0  0.0  0.0  0.0
  0.0  0.0  0.0  0.0  0.0  0.0  0.0  0.0 41.7  0.0 41.7  0.0 20.8  0.0  0.0
  0.0  0.0  0.0  0.0  0.0 41.7  0.0  0.0  0.0  0.0 20.8  0.0  0.0  0.0  0.0
    -21.28     -5.73      9.92      0.12     12.40  0.0  0.0  0.0  0.0  0.0
                                t000142_s17_p50_ai-el2ap.txt  8.0  5.1   39
 25.6  0.0  0.0102.6  0.0  0.0  0.0  0.0  0.0  0.0  0.0  0.0  0.0  0.0  0.0
  0.0  0.0 25.6 25.6  0.0  0.0307.7 76.9  0.0  0.0  0.0  0.0  0.0  0.0 25.6
  0.0  0.0 25.6  0.0  0.0  0.0  0.0  0.0  0.0  0.0  0.0  0.0  0.0 25.6  0.0
 51.3  0.0  0.0  0.0  0.0 25.6 25.6 76.9  0.0 25.6 25.6  0.0  0.0205.1 51.3
  0.0  0.0  0.0  0.0  0.0  0.0  0.0  0.0  0.0  0.0  0.0  0.0  0.0  0.0  0.0
  0.0  0.0  0.0  0.0  0.0  0.0  0.0  0.0  0.0  0.0  0.0  0.0  0.0  0.0  0.0
  0.0  0.0  0.0  0.0  0.0  0.0  0.0  0.0  0.0  0.0  0.0  0.0  0.0  0.0  0.0
  0.0  0.0  0.0  0.0  0.0  0.0  0.0  0.0  0.0  0.0  0.0  0.0  0.0  0.0  0.0
  0.0  0.0  0.0  0.0  0.0  0.0  0.0  0.0102.6  0.0  0.0 25.6  0.0  0.0  0.0
  0.0  0.0  0.0  0.0  0.0  0.0  0.0 51.3 25.6  0.0  0.0  0.0  0.0  0.0  0.0
     -5.03     -5.73     15.57     -6.61     16.80  0.0  0.0  0.0  0.0  0.0
                                t000142_s17_p51_ai-el2ap.txt  9.3  5.1   46
  0.0  0.0  0.0 65.2  0.0  0.0  0.0  0.0  0.0  0.0  0.0  0.0  0.0  0.0  0.0
  0.0  0.0  0.0 65.2  0.0  0.0478.3 65.2  0.0 21.7  0.0  0.0  0.0  0.0 43.5
  0.0  0.0152.2  0.0  0.0 21.7  0.0  0.0 21.7  0.0  0.0  0.0  0.0 43.5  0.0
  0.0  0.0  0.0  0.0  0.0  0.0 65.2 43.5  0.0 43.5  0.0  0.0  0.0 87.0  0.0
  0.0  0.0  0.0  0.0  0.0  0.0  0.0  0.0  0.0  0.0  0.0  0.0  0.0  0.0  0.0
  0.0  0.0  0.0  0.0  0.0  0.0  0.0  0.0  0.0  0.0  0.0  0.0  0.0  0.0  0.0
  0.0  0.0  0.0  0.0  0.0  0.0  0.0  0.0  0.0  0.0  0.0  0.0  0.0  0.0  0.0
  0.0  0.0  0.0  0.0  0.0  0.0  0.0  0.0  0.0  0.0  0.0  0.0  0.0  0.0  0.0
  0.0  0.0  0.0  0.0  0.0  0.0  0.0  0.0 43.5 21.7  0.0  0.0  0.0 21.7  0.0
  0.0  0.0  0.0  0.0  0.0  0.0  0.0 21.7  0.0  0.0  0.0  0.0  0.0  0.0  0.0
    -12.01     -5.01     32.05      0.41      2.96  0.0  0.0  0.0  0.0  0.0
                                t000142_s17_p52_ai-el2ap.txt  9.3  5.8   47
  0.0  0.0  0.0 21.3  0.0  0.0  0.0  0.0  0.0 21.3  0.0  0.0  0.0  0.0  0.0
  0.0  0.0  0.0 21.3  0.0  0.0425.5148.9 63.8 21.3 21.3  0.0 21.3  0.0  0.0
  0.0  0.0148.9  0.0  0.0  0.0  0.0  0.0  0.0  0.0  0.0  0.0  0.0  0.0  0.0
  0.0 21.3  0.0  0.0  0.0  0.0 42.6  0.0  0.0  0.0 85.1 21.3  0.0 42.6  0.0
  0.0  0.0  0.0  0.0  0.0  0.0  0.0  0.0  0.0  0.0  0.0  0.0  0.0  0.0  0.0
  0.0  0.0  0.0  0.0  0.0  0.0  0.0  0.0  0.0  0.0  0.0  0.0  0.0  0.0  0.0
  0.0  0.0  0.0  0.0  0.0  0.0  0.0  0.0  0.0  0.0  0.0  0.0  0.0  0.0  0.0
  0.0  0.0  0.0  0.0  0.0  0.0  0.0  0.0  0.0  0.0  0.0  0.0  0.0  0.0  0.0
  0.0  0.0  0.0  0.0  0.0  0.0  0.0  0.0 42.6 42.6 63.8  0.0  0.0 21.3  0.0
  0.0  0.0  0.0  0.0  0.0  0.0  0.0 21.3  0.0  0.0  0.0  0.0  0.0  0.0  0.0
    -26.46     -0.14     11.32     -6.61     -3.63  0.0  0.0  0.0  0.0  0.0
                                t000142_s17_p53_ai-el2ap.txt  5.5  5.2   25
  0.0  0.0  0.0 40.0  0.0  0.0  0.0  0.0  0.0  0.0  0.0  0.0  0.0  0.0  0.0
  0.0  0.0 40.0 40.0  0.0  0.0360.0 40.0240.0  0.0  0.0  0.0  0.0 40.0  0.0
  0.0  0.0 80.0  0.0  0.0  0.0  0.0  0.0  0.0  0.0  0.0  0.0  0.0 40.0  0.0
  0.0  0.0  0.0  0.0  0.0 40.0 40.0 40.0  0.0 40.0240.0  0.0  0.0120.0  0.0
  0.0  0.0  0.0  0.0  0.0  0.0  0.0  0.0  0.0  0.0  0.0  0.0  0.0  0.0  0.0
  0.0  0.0  0.0  0.0  0.0  0.0  0.0  0.0  0.0  0.0  0.0  0.0  0.0  0.0  0.0
  0.0  0.0  0.0  0.0  0.0  0.0  0.0  0.0  0.0  0.0  0.0  0.0  0.0  0.0  0.0
  0.0  0.0  0.0  0.0  0.0  0.0  0.0  0.0  0.0  0.0  0.0  0.0  0.0  0.0  0.0
  0.0  0.0  0.0  0.0  0.0  0.0  0.0  0.0 80.0  0.0 40.0  0.0120.0  0.0  0.0
  0.0  0.0  0.0  0.0  0.0  0.0  0.0120.0  0.0  0.0  0.0  0.0  0.0  0.0  0.0
    -15.15     -5.73     30.06     -6.61      2.43  0.0  0.0  0.0  0.0  0.0
                                t000142_s17_p54_ai-el2ap.txt 12.5  5.2   67
  0.0  0.0  0.0 44.8  0.0  0.0  0.0  0.0  0.0 29.9  0.0  0.0  0.0  0.0  0.0
  0.0  0.0  0.0 29.9  0.0  0.0358.2134.3 59.7 14.9  0.0 29.9  0.0  0.0  0.0
  0.0 14.9 74.6  0.0  0.0 14.9  0.0  0.0  0.0  0.0  0.0 14.9  0.0 14.9  0.0
  0.0  0.0  0.0  0.0  0.0  0.0 44.8 14.9  0.0  0.0 74.6  0.0  0.0 89.6  0.0
 14.9  0.0  0.0  0.0  0.0  0.0  0.0  0.0  0.0  0.0  0.0  0.0  0.0  0.0  0.0
  0.0  0.0  0.0  0.0  0.0  0.0  0.0  0.0  0.0  0.0  0.0  0.0  0.0  0.0  0.0
  0.0  0.0  0.0  0.0  0.0  0.0  0.0  0.0  0.0  0.0  0.0  0.0  0.0  0.0  0.0
  0.0  0.0  0.0  0.0  0.0  0.0  0.0  0.0  0.0  0.0  0.0  0.0  0.0  0.0  0.0
  0.0  0.0  0.0  0.0  0.0  0.0  0.0  0.0 29.9  0.0 44.8  0.0  0.0 14.9  0.0
  0.0  0.0  0.0  0.0  0.0  0.0  0.0 14.9  0.0  0.0  0.0  0.0  0.0  0.0  0.0
    -18.43      0.50     10.84     -0.64     -1.36  0.0  0.0  0.0  0.0  0.0
                                t000142_s17_p55_ai-el2ap.txt 10.0  5.4   61
  0.0  0.0  0.0 82.0  0.0  0.0 16.4  0.0  0.0  0.0  0.0  0.0  0.0  0.0  0.0
  0.0  0.0  0.0  0.0  0.0  0.0229.5114.8 65.6 16.4  0.0  0.0 16.4  0.0  0.0
  0.0  0.0 98.4  0.0  0.0 32.8  0.0  0.0  0.0  0.0  0.0  0.0 16.4 32.8  0.0
  0.0 16.4  0.0  0.0  0.0  0.0 16.4 32.8  0.0  0.0 98.4  0.0  0.0 82.0  0.0
  0.0  0.0  0.0  0.0  0.0  0.0  0.0  0.0  0.0  0.0  0.0  0.0  0.0  0.0  0.0
  0.0  0.0  0.0  0.0  0.0  0.0  0.0  0.0  0.0  0.0  0.0  0.0  0.0 16.4  0.0
  0.0  0.0  0.0  0.0  0.0  0.0  0.0  0.0  0.0  0.0  0.0  0.0  0.0  0.0  0.0
  0.0  0.0 16.4 16.4  0.0  0.0  0.0  0.0  0.0  0.0  0.0  0.0  0.0  0.0  0.0
  0.0  0.0  0.0  0.0  0.0  0.0  0.0  0.0  0.0 49.2 65.6  0.0  0.0  0.0  0.0
  0.0  0.0  0.0  0.0  0.0  0.0  0.0  0.0 16.4  0.0  0.0  0.0  0.0  0.0  0.0
    -20.81     -2.15      5.94     -6.61     11.59  0.0  0.0  0.0  0.0  0.0
                                t000142_s17_p56_ai-el2ap.txt  6.0  5.3   30
  0.0  0.0  0.0 66.7  0.0  0.0  0.0  0.0  0.0  0.0  0.0  0.0  0.0  0.0  0.0
  0.0  0.0  0.0  0.0  0.0  0.0366.7166.7 33.3 66.7  0.0  0.0  0.0  0.0  0.0
  0.0  0.0100.0  0.0  0.0  0.0  0.0  0.0  0.0  0.0  0.0  0.0  0.0 33.3  0.0
  0.0  0.0  0.0  0.0  0.0  0.0  0.0 33.3  0.0  0.0 33.3  0.0  0.0133.3  0.0
  0.0  0.0  0.0  0.0  0.0  0.0  0.0  0.0  0.0  0.0  0.0  0.0  0.0  0.0  0.0
  0.0  0.0  0.0  0.0  0.0  0.0  0.0  0.0  0.0  0.0  0.0  0.0  0.0  0.0  0.0
  0.0  0.0  0.0  0.0  0.0  0.0  0.0  0.0  0.0  0.0  0.0  0.0  0.0  0.0  0.0
  0.0  0.0  0.0  0.0  0.0  0.0  0.0  0.0  0.0  0.0  0.0  0.0  0.0  0.0  0.0
  0.0  0.0  0.0  0.0  0.0  0.0  0.0  0.0  0.0  0.0 33.3 33.3  0.0 33.3  0.0
  0.0  0.0  0.0  0.0  0.0  0.0  0.0  0.0  0.0  0.0  0.0  0.0 33.3  0.0  0.0
    -28.58     -3.53      7.92     -6.61      1.42  0.0  0.0  0.0  0.0  0.0
                                t000142_s17_p57_ai-el2ap.txt 11.3  5.5   69
  0.0  0.0  0.0 29.0  0.0  0.0  0.0  0.0  0.0  0.0  0.0  0.0  0.0  0.0  0.0
  0.0  0.0  0.0 14.5  0.0  0.0463.8144.9 14.5 14.5  0.0  0.0 14.5  0.0  0.0
  0.0  0.0115.9  0.0  0.0  0.0  0.0  0.0  0.0  0.0  0.0  0.0  0.0 29.0  0.0
  0.0 14.5  0.0  0.0  0.0  0.0 29.0 29.0  0.0  0.0 14.5  0.0  0.0 58.0 14.5
  0.0  0.0  0.0  0.0  0.0  0.0  0.0  0.0  0.0  0.0  0.0  0.0  0.0  0.0  0.0
  0.0  0.0  0.0  0.0  0.0  0.0  0.0  0.0  0.0  0.0  0.0  0.0  0.0  0.0  0.0
  0.0  0.0  0.0  0.0  0.0  0.0  0.0  0.0  0.0  0.0  0.0  0.0  0.0  0.0  0.0
  0.0  0.0  0.0  0.0  0.0  0.0  0.0  0.0  0.0  0.0  0.0  0.0  0.0  0.0  0.0
  0.0  0.0  0.0  0.0  0.0  0.0  0.0  0.0 43.5  0.0 72.5 29.0 14.5 14.5  0.0
  0.0  0.0  0.0  0.0  0.0  0.0  0.0 14.5 14.5 14.5  0.0  0.0  0.0  0.0  0.0
    -28.13     -2.57      9.03     -6.61      0.77  0.0  0.0  0.0  0.0  0.0
                                t000142_s17_p58_ai-el2ap.txt 11.0  5.4   57
  0.0  0.0  0.0 17.5  0.0  0.0  0.0  0.0  0.0  0.0  0.0  0.0  0.0  0.0  0.0
  0.0  0.0  0.0  0.0  0.0  0.0386.0105.3 17.5 35.1 17.5  0.0 17.5  0.0  0.0
  0.0  0.0 70.2 17.5  0.0  0.0 17.5  0.0  0.0  0.0  0.0 17.5  0.0 52.6  0.0
 17.5  0.0 17.5  0.0  0.0  0.0  0.0 70.2  0.0  0.0 52.6 17.5  0.0 87.7  0.0
  0.0  0.0  0.0  0.0  0.0  0.0  0.0  0.0  0.0  0.0  0.0  0.0  0.0  0.0  0.0
  0.0  0.0  0.0  0.0  0.0  0.0  0.0  0.0  0.0  0.0  0.0  0.0  0.0  0.0  0.0
  0.0  0.0  0.0  0.0  0.0  0.0  0.0  0.0  0.0  0.0  0.0  0.0  0.0  0.0  0.0
  0.0  0.0  0.0  0.0  0.0  0.0  0.0  0.0  0.0  0.0  0.0  0.0  0.0  0.0  0.0
  0.0  0.0  0.0  0.0  0.0  0.0  0.0  0.0  0.0  0.0 35.1 52.6 35.1  0.0  0.0
  0.0  0.0  0.0  0.0  0.0  0.0  0.0  0.0  0.0 17.5  0.0  0.0  0.0  0.0  0.0
    -27.51     -0.54      0.83      0.41     10.01  0.0  0.0  0.0  0.0  0.0
                                t000142_s17_p59_ai-el2ap.txt  8.5  5.7   44
  0.0  0.0  0.0 22.7  0.0  0.0  0.0  0.0  0.0  0.0  0.0  0.0  0.0  0.0  0.0
  0.0  0.0  0.0 22.7  0.0  0.0386.4 68.2 22.7 68.2  0.0  0.0  0.0  0.0  0.0
  0.0  0.0 90.9 22.7  0.0  0.0  0.0  0.0  0.0  0.0  0.0 22.7  0.0 68.2  0.0
  0.0  0.0  0.0  0.0  0.0  0.0 22.7 68.2  0.0  0.0 68.2  0.0  0.0113.6  0.0
  0.0  0.0  0.0  0.0  0.0  0.0  0.0  0.0  0.0  0.0  0.0  0.0  0.0  0.0  0.0
  0.0  0.0  0.0  0.0  0.0  0.0  0.0  0.0  0.0  0.0  0.0  0.0  0.0  0.0  0.0
  0.0  0.0  0.0  0.0  0.0  0.0  0.0  0.0  0.0  0.0  0.0  0.0  0.0  0.0  0.0
  0.0  0.0  0.0  0.0  0.0  0.0  0.0  0.0  0.0  0.0  0.0  0.0  0.0  0.0  0.0
  0.0  0.0  0.0  0.0  0.0  0.0  0.0  0.0 68.2  0.0 68.2  0.0  0.0 45.5  0.0
  0.0  0.0  0.0  0.0  0.0  0.0  0.0 45.5  0.0 22.7  0.0  0.0  0.0  0.0  0.0
    -22.33     -3.48      0.79      2.49      6.70 22.7  0.0  0.0  0.0  0.0
                                 t000142_s17_p6_ai-el2ap.txt 13.8  4.4  117
  8.5  0.0  0.0 68.4  0.0  0.0  0.0  0.0  0.0  8.5  0.0  0.0  0.0  0.0  0.0
  0.0  0.0  0.0 17.1  0.0  0.0384.6 42.7 25.6  0.0  0.0 17.1  0.0  0.0  0.0
  0.0  8.5 34.2  0.0  0.0  8.5  8.5  0.0 17.1  0.0  0.0  0.0  0.0  8.5  0.0
  0.0  0.0  0.0  0.0  0.0  0.0 25.6  8.5  0.0  0.0 42.7  0.0  0.0 85.5  0.0
  0.0  0.0  0.0  0.0  0.0  0.0  0.0  0.0  0.0  0.0  0.0  0.0  0.0  0.0  0.0
  0.0  0.0  0.0  0.0  0.0  0.0  0.0  0.0  0.0  0.0  0.0  0.0  0.0  0.0  0.0
  0.0  0.0  0.0  0.0  0.0  0.0  0.0  0.0  0.0  0.0  0.0  0.0  0.0  0.0  0.0
  0.0  0.0  0.0  0.0  0.0  0.0  0.0  0.0  0.0  0.0  0.0  0.0  0.0  0.0  0.0
  0.0  0.0  0.0  0.0  0.0  0.0  0.0  0.0  0.0  0.0 25.6  0.0  0.0 17.1  0.0
  0.0  0.0  0.0  0.0  0.0  0.0  0.0  8.5  8.5  0.0  8.5  0.0  8.5  0.0  0.0
    -16.02     -2.44      6.03     -1.09     -2.33  0.0  0.0  0.0  0.0  0.0
                                t000142_s17_p60_ai-el2ap.txt  3.3  5.2   14
  0.0  0.0  0.0  0.0  0.0  0.0  0.0  0.0  0.0  0.0  0.0  0.0  0.0  0.0  0.0
  0.0  0.0  0.0  0.0  0.0  0.0357.1142.9 71.4142.9  0.0  0.0  0.0  0.0  0.0
  0.0  0.0 71.4  0.0  0.0  0.0  0.0  0.0  0.0  0.0  0.0  0.0  0.0 71.4  0.0
  0.0  0.0  0.0  0.0  0.0  0.0  0.0 71.4  0.0  0.0 71.4  0.0  0.0142.9  0.0
  0.0  0.0  0.0  0.0  0.0  0.0  0.0  0.0  0.0  0.0  0.0  0.0  0.0  0.0  0.0
  0.0  0.0  0.0  0.0  0.0  0.0  0.0  0.0  0.0  0.0  0.0  0.0  0.0  0.0  0.0
  0.0  0.0  0.0  0.0  0.0  0.0  0.0  0.0  0.0  0.0  0.0  0.0  0.0  0.0  0.0
  0.0  0.0  0.0  0.0  0.0  0.0  0.0  0.0  0.0  0.0  0.0  0.0  0.0  0.0  0.0
  0.0  0.0  0.0  0.0  0.0  0.0  0.0  0.0 71.4  0.0 71.4  0.0  0.0 71.4  0.0
  0.0  0.0  0.0  0.0  0.0  0.0  0.0 71.4  0.0 71.4  0.0  0.0  0.0  0.0  0.0
    -31.21     -1.03      5.93     -6.61      7.20  0.0  0.0  0.0  0.0  0.0
                                t000142_s17_p61_ai-el2ap.txt  9.8  5.1   46
 21.7  0.0  0.0 65.2  0.0  0.0  0.0  0.0  0.0  0.0  0.0  0.0  0.0  0.0  0.0
  0.0  0.0 21.7  0.0  0.0  0.0326.1130.4 21.7 21.7  0.0  0.0 21.7  0.0  0.0
  0.0  0.0108.7  0.0  0.0  0.0 21.7  0.0  0.0  0.0  0.0  0.0  0.0  0.0 21.7
 21.7  0.0 21.7 21.7  0.0 21.7  0.0 43.5  0.0  0.0 21.7  0.0  0.0108.7  0.0
  0.0  0.0  0.0  0.0  0.0  0.0  0.0  0.0  0.0  0.0  0.0  0.0  0.0  0.0  0.0
  0.0  0.0  0.0 21.7 21.7  0.0  0.0  0.0  0.0  0.0  0.0  0.0  0.0  0.0  0.0
 21.7  0.0  0.0  0.0  0.0  0.0  0.0  0.0  0.0  0.0  0.0  0.0  0.0  0.0  0.0
 43.5  0.0  0.0 43.5 21.7  0.0 21.7  0.0  0.0  0.0  0.0  0.0  0.0  0.0  0.0
  0.0  0.0  0.0  0.0  0.0  0.0  0.0  0.0 21.7 21.7 43.5  0.0  0.0 43.5  0.0
  0.0  0.0  0.0  0.0  0.0  0.0  0.0  0.0 43.5 43.5  0.0  0.0  0.0  0.0  0.0
    -16.63     -0.99      8.52     -6.61     20.11  0.0  0.0  0.0  0.0  0.0
                                t000142_s17_p62_ai-el2ap.txt  7.3  5.8   34
  0.0  0.0  0.0 88.2  0.0  0.0  0.0  0.0  0.0  0.0  0.0  0.0  0.0  0.0  0.0
  0.0  0.0  0.0 29.4  0.0  0.0470.6117.6 29.4  0.0  0.0  0.0  0.0  0.0 29.4
  0.0  0.0235.3  0.0  0.0  0.0  0.0  0.0  0.0  0.0  0.0  0.0  0.0  0.0 29.4
  0.0  0.0  0.0  0.0  0.0  0.0 29.4 29.4  0.0 29.4 58.8  0.0  0.0117.6  0.0
  0.0  0.0  0.0  0.0  0.0  0.0  0.0  0.0  0.0  0.0  0.0  0.0  0.0  0.0  0.0
  0.0  0.0  0.0  0.0  0.0  0.0  0.0  0.0  0.0  0.0  0.0  0.0  0.0  0.0  0.0
  0.0  0.0  0.0  0.0  0.0  0.0  0.0  0.0  0.0  0.0  0.0  0.0  0.0  0.0  0.0
  0.0  0.0  0.0  0.0  0.0  0.0  0.0  0.0  0.0  0.0  0.0  0.0  0.0  0.0  0.0
  0.0  0.0  0.0  0.0  0.0  0.0  0.0  0.0 58.8  0.0 58.8  0.0  0.0 29.4  0.0
  0.0  0.0  0.0  0.0  0.0  0.0  0.0 29.4  0.0  0.0  0.0 29.4  0.0  0.0  0.0
    -23.99     -5.73     32.02     -6.61     19.00  0.0  0.0  0.0  0.0  0.0
                                 t000142_s17_p7_ai-el2ap.txt  4.0  6.3   20
100.0  0.0  0.0150.0  0.0  0.0  0.0  0.0  0.0  0.0  0.0  0.0  0.0  0.0  0.0
  0.0  0.0  0.0 50.0  0.0  0.0250.0 50.0100.0 50.0  0.0  0.0  0.0  0.0100.0
  0.0  0.0150.0  0.0  0.0 50.0  0.0  0.0  0.0  0.0  0.0  0.0  0.0  0.0  0.0
  0.0  0.0  0.0  0.0  0.0  0.0 50.0  0.0  0.0100.0100.0  0.0  0.0150.0  0.0
  0.0  0.0  0.0  0.0  0.0  0.0  0.0  0.0  0.0  0.0  0.0  0.0  0.0  0.0  0.0
  0.0  0.0  0.0  0.0  0.0  0.0  0.0  0.0  0.0  0.0  0.0  0.0  0.0  0.0  0.0
  0.0  0.0  0.0  0.0  0.0  0.0  0.0  0.0  0.0  0.0  0.0  0.0  0.0  0.0  0.0
  0.0  0.0  0.0  0.0  0.0  0.0  0.0  0.0  0.0  0.0  0.0  0.0  0.0  0.0  0.0
  0.0  0.0  0.0  0.0  0.0  0.0  0.0  0.0  0.0100.0  0.0  0.0  0.0  0.0  0.0
  0.0  0.0  0.0  0.0  0.0  0.0  0.0  0.0  0.0100.0  0.0  0.0  0.0  0.0  0.0
     -4.38     -4.08     58.55     -6.61     -3.63  0.0  0.0  0.0  0.0  0.0
                                 t000142_s17_p8_ai-el2ap.txt  7.5  3.4   52
 19.2  0.0  0.0 57.7  0.0  0.0 19.2  0.0  0.0  0.0  0.0  0.0  0.0 19.2  0.0
  0.0  0.0  0.0 38.5  0.0  0.0115.4 19.2 38.5  0.0  0.0  0.0  0.0  0.0  0.0
  0.0  0.0  0.0  0.0  0.0 19.2  0.0  0.0  0.0  0.0  0.0  0.0  0.0  0.0  0.0
  0.0  0.0 19.2  0.0  0.0  0.0 38.5  0.0  0.0  0.0 76.9  0.0  0.0 76.9 19.2
 38.5  0.0  0.0  0.0  0.0  0.0  0.0  0.0  0.0  0.0  0.0  0.0  0.0  0.0  0.0
  0.0  0.0  0.0  0.0  0.0  0.0 19.2  0.0  0.0  0.0  0.0  0.0  0.0  0.0  0.0
  0.0  0.0  0.0  0.0  0.0  0.0  0.0  0.0  0.0  0.0  0.0  0.0  0.0  0.0  0.0
 19.2  0.0  0.0 19.2  0.0  0.0  0.0  0.0  0.0  0.0  0.0  0.0  0.0  0.0  0.0
  0.0  0.0  0.0  0.0  0.0  0.0  0.0  0.0  0.0 38.5  0.0  0.0  0.0  0.0  0.0
  0.0  0.0  0.0  0.0  0.0  0.0  0.0  0.0  0.0  0.0  0.0  0.0 19.2  0.0  0.0
     11.80     -5.73     -0.12     -6.61     -3.63  0.0  0.0  0.0  0.0  0.0
                                 t000142_s17_p9_ai-el2ap.txt  4.0  4.5   16
  0.0  0.0  0.0 62.5  0.0  0.0  0.0  0.0  0.0  0.0  0.0  0.0  0.0  0.0  0.0
  0.0  0.0  0.0  0.0  0.0  0.0375.0125.0  0.0 62.5  0.0  0.0  0.0  0.0  0.0
  0.0  0.0 62.5  0.0  0.0  0.0  0.0  0.0 62.5  0.0  0.0  0.0  0.0  0.0  0.0
 62.5  0.0  0.0  0.0  0.0  0.0  0.0 62.5  0.0  0.0  0.0  0.0  0.0125.0  0.0
  0.0  0.0  0.0  0.0  0.0  0.0  0.0  0.0  0.0  0.0  0.0  0.0  0.0  0.0  0.0
  0.0  0.0  0.0  0.0  0.0  0.0  0.0  0.0  0.0  0.0  0.0  0.0  0.0  0.0  0.0
  0.0  0.0  0.0  0.0  0.0  0.0  0.0  0.0  0.0  0.0  0.0  0.0  0.0  0.0  0.0
  0.0  0.0  0.0  0.0  0.0  0.0  0.0  0.0  0.0  0.0  0.0  0.0  0.0  0.0  0.0
  0.0  0.0  0.0  0.0  0.0  0.0  0.0  0.0 62.5  0.0  0.0  0.0  0.0  0.0  0.0
  0.0  0.0  0.0  0.0  0.0  0.0  0.0  0.0 62.5  0.0  0.0  0.0  0.0  0.0  0.0
    -23.60     -3.67      5.31     13.56     16.53  0.0  0.0  0.0  0.0  0.0
                                  t000142_s2_p1_ai-el2ap.txt 12.0  5.2   53
  0.0  0.0  0.0 37.7  0.0  0.0  0.0  0.0 37.7  0.0  0.0  0.0  0.0  0.0  0.0
  0.0  0.0  0.0 18.9  0.0  0.0434.0150.9 37.7  0.0 37.7  0.0  0.0  0.0  0.0
  0.0  0.0 75.5  0.0  0.0 18.9 18.9 37.7  0.0  0.0  0.0  0.0  0.0  0.0  0.0
  0.0  0.0  0.0  0.0  0.0 37.7 18.9  0.0  0.0  0.0 56.6 75.5  0.0 75.5 18.9
  0.0  0.0  0.0  0.0  0.0  0.0  0.0  0.0  0.0  0.0  0.0  0.0  0.0  0.0  0.0
  0.0  0.0  0.0  0.0  0.0  0.0  0.0  0.0  0.0  0.0  0.0  0.0  0.0  0.0  0.0
  0.0 18.9  0.0  0.0  0.0  0.0  0.0  0.0  0.0  0.0  0.0  0.0  0.0  0.0  0.0
  0.0  0.0  0.0  0.0 18.9  0.0 18.9  0.0  0.0  0.0  0.0  0.0  0.0  0.0  0.0
  0.0  0.0  0.0  0.0  0.0  0.0  0.0  0.0  0.0 37.7 18.9  0.0 18.9  0.0  0.0
  0.0  0.0  0.0  0.0  0.0  0.0  0.0  0.0 18.9 18.9  0.0  0.0  0.0  0.0  0.0
    -25.36     -4.05      5.14      2.38     -3.63  0.0 18.9  0.0  0.0  0.0
                                  t000142_s4_p1_ai-el2ap.txt 14.5  6.4   72
  0.0  0.0  0.0 27.8  0.0  0.0  0.0  0.0  0.0 13.9  0.0  0.0  0.0  0.0  0.0
  0.0  0.0  0.0 13.9  0.0  0.0277.8111.1166.7  0.0 13.9  0.0  0.0  0.0  0.0
  0.0 13.9111.1  0.0  0.0 69.4 27.8  0.0  0.0  0.0  0.0  0.0 27.8 13.9  0.0
  0.0  0.0  0.0  0.0 13.9  0.0 27.8 13.9  0.0  0.0236.1 13.9  0.0111.1 27.8
  0.0  0.0  0.0  0.0  0.0  0.0  0.0  0.0  0.0  0.0  0.0  0.0  0.0  0.0  0.0
  0.0  0.0  0.0  0.0  0.0  0.0  0.0 27.8  0.0  0.0  0.0  0.0  0.0  0.0  0.0
  0.0  0.0  0.0  0.0  0.0  0.0  0.0  0.0 27.8  0.0  0.0  0.0  0.0  0.0  0.0
  0.0 27.8  0.0 27.8  0.0 27.8 27.8  0.0  0.0  0.0  0.0  0.0  0.0  0.0  0.0
  0.0  0.0  0.0  0.0  0.0  0.0  0.0 13.9 27.8 13.9 41.7  0.0  0.0  0.0  0.0
  0.0  0.0  0.0  0.0  0.0  0.0 41.7  0.0 13.9 13.9 13.9  0.0 13.9  0.0  0.0
    -30.18     -5.11      9.89     -6.61     15.84  0.0  0.0  0.0  0.0  0.0
                                  t000142_s4_p2_ai-el2ap.txt 15.8  5.5   87
 11.5  0.0  0.0 69.0  0.0  0.0  0.0  0.0  0.0  0.0  0.0  0.0  0.0  0.0  0.0
  0.0  0.0 34.5  0.0  0.0  0.0333.3195.4114.9 23.0  0.0  0.0  0.0 11.5  0.0
  0.0  0.0114.9  0.0  0.0 11.5 11.5  0.0  0.0  0.0  0.0 11.5  0.0 11.5  0.0
  0.0  0.0  0.0  0.0  0.0 34.5  0.0 11.5  0.0 11.5114.9  0.0  0.0103.4  0.0
  0.0  0.0  0.0  0.0  0.0  0.0  0.0  0.0  0.0  0.0  0.0  0.0  0.0  0.0  0.0
  0.0  0.0  0.0  0.0  0.0  0.0  0.0  0.0  0.0  0.0  0.0  0.0  0.0  0.0  0.0
  0.0  0.0  0.0  0.0  0.0  0.0  0.0  0.0  0.0  0.0  0.0  0.0  0.0  0.0  0.0
  0.0  0.0  0.0  0.0  0.0  0.0  0.0  0.0  0.0  0.0  0.0  0.0  0.0  0.0  0.0
  0.0  0.0  0.0  0.0  0.0  0.0  0.0  0.0 23.0  0.0 23.0  0.0  0.0  0.0  0.0
  0.0  0.0  0.0  0.0  0.0  0.0 34.5 11.5  0.0  0.0  0.0 23.0  0.0  0.0  0.0
    -22.77     -4.97     15.06     -2.01     -1.88  0.0  0.0  0.0  0.0  0.0
                                  t000142_s4_p3_ai-el2ap.txt 34.3  5.5  219
  0.0  0.0  0.0 41.1  0.0  0.0  0.0  0.0  9.1  9.1  0.0  0.0  0.0  0.0  0.0
  0.0  0.0  4.6  0.0  0.0  0.0333.3132.4105.0 18.3  4.6  0.0  0.0  4.6  4.6
  0.0  4.6 86.8  0.0  0.0 22.8 13.7  4.6  0.0  0.0  4.6  0.0 13.7 22.8  0.0
  0.0  0.0  0.0  0.0  4.6 13.7  4.6 22.8  0.0  9.1118.7 13.7  4.6 77.6  0.0
  4.6  0.0  0.0  0.0  0.0  0.0  0.0  0.0  0.0  0.0  0.0  0.0  0.0  0.0  0.0
  0.0  0.0  0.0  0.0  0.0  0.0  0.0  0.0  0.0  0.0  0.0  0.0  0.0  0.0  0.0
  0.0  4.6  4.6  0.0  0.0  0.0  0.0  0.0  4.6  0.0  4.6  0.0  0.0  0.0  0.0
  0.0  0.0  0.0  0.0  9.1  4.6 13.7  4.6  0.0  0.0  0.0  0.0  0.0  0.0  0.0
  0.0  0.0  0.0  0.0  0.0  0.0  0.0  0.0 32.0  9.1 41.1  0.0 18.3 18.3  4.6
  0.0  0.0  0.0  0.0  0.0  9.1 13.7  9.1  0.0  9.1  0.0  4.6  0.0  0.0  0.0
    -28.53     -4.92     12.36     -3.34      8.39  0.0  0.0  0.0  0.0  0.0
                                  t000142_s4_p4_ai-el2ap.txt  3.8  6.2   16
  0.0  0.0  0.0 62.5  0.0  0.0  0.0  0.0  0.0  0.0  0.0  0.0  0.0  0.0  0.0
  0.0  0.0  0.0  0.0  0.0  0.0312.5125.0125.0 62.5  0.0  0.0  0.0  0.0  0.0
  0.0  0.0125.0  0.0  0.0  0.0  0.0  0.0  0.0  0.0  0.0  0.0  0.0 62.5  0.0
  0.0  0.0  0.0  0.0  0.0  0.0  0.0 62.5  0.0  0.0187.5  0.0  0.0125.0  0.0
  0.0  0.0  0.0  0.0  0.0  0.0  0.0  0.0  0.0  0.0  0.0  0.0  0.0  0.0  0.0
  0.0  0.0  0.0  0.0  0.0  0.0  0.0  0.0  0.0  0.0  0.0  0.0  0.0  0.0  0.0
  0.0  0.0  0.0  0.0  0.0  0.0  0.0  0.0  0.0  0.0  0.0  0.0  0.0  0.0  0.0
  0.0  0.0  0.0  0.0  0.0  0.0  0.0  0.0  0.0  0.0  0.0  0.0  0.0  0.0  0.0
  0.0  0.0  0.0  0.0  0.0  0.0  0.0  0.0 62.5  0.0 62.5  0.0  0.0 62.5  0.0
  0.0  0.0  0.0  0.0  0.0  0.0  0.0 62.5  0.0 62.5  0.0  0.0  0.0  0.0  0.0
    -32.72     -3.67      9.65     -6.61      5.84  0.0  0.0  0.0  0.0  0.0
                                  t000142_s4_p5_ai-el2ap.txt  5.0  5.3   21
  0.0  0.0  0.0  0.0  0.0  0.0  0.0  0.0  0.0  0.0  0.0  0.0  0.0  0.0  0.0
  0.0  0.0  0.0  0.0  0.0  0.0333.3142.9  0.0 47.6  0.0  0.0  0.0  0.0  0.0
  0.0  0.0 47.6  0.0  0.0  0.0  0.0  0.0  0.0  0.0  0.0  0.0  0.0 47.6  0.0
  0.0 47.6 47.6 47.6  0.0  0.0 47.6 47.6  0.0  0.0  0.0  0.0  0.0 95.2  0.0
  0.0  0.0  0.0  0.0  0.0  0.0  0.0  0.0  0.0  0.0  0.0  0.0  0.0  0.0  0.0
  0.0  0.0  0.0  0.0  0.0 47.6  0.0  0.0  0.0  0.0  0.0  0.0  0.0  0.0  0.0
  0.0  0.0  0.0  0.0  0.0  0.0  0.0  0.0  0.0  0.0  0.0  0.0  0.0  0.0  0.0
 47.6  0.0  0.0 47.6  0.0  0.0  0.0  0.0  0.0  0.0  0.0  0.0  0.0  0.0  0.0
  0.0  0.0  0.0  0.0  0.0  0.0  0.0  0.0 47.6  0.0 47.6  0.0  0.0 47.6  0.0
  0.0  0.0  0.0  0.0  0.0  0.0  0.0  0.0  0.0 47.6  0.0  0.0  0.0  0.0  0.0
    -27.04     -4.16      4.28     -6.61      3.59  0.0  0.0  0.0  0.0  0.0
                                  t000142_s4_p6_ai-el2ap.txt 23.5  6.2  136
  0.0  0.0  0.0 66.2  0.0  0.0  0.0  0.0  0.0  7.4  0.0  0.0  0.0  0.0  0.0
  0.0  0.0  0.0 14.7  0.0  0.0316.2132.4139.7  0.0  0.0  7.4  7.4  7.4  7.4
  0.0 14.7 95.6  0.0  0.0 22.1 14.7  0.0  0.0  0.0  7.4  0.0  0.0  0.0  0.0
  0.0  0.0  0.0  0.0  7.4  7.4 29.4  0.0  0.0 14.7161.8  0.0  7.4 80.9  0.0
  0.0  0.0  0.0  0.0  0.0  0.0  0.0  0.0  0.0  0.0  0.0  0.0  0.0  0.0  0.0
  0.0  0.0  0.0  0.0  0.0  0.0  0.0  0.0  0.0  0.0  0.0  0.0  0.0  0.0  0.0
  0.0  0.0  0.0  0.0  0.0  0.0  0.0  0.0  7.4  0.0  0.0  0.0  0.0  0.0  0.0
  0.0  0.0  0.0  0.0  0.0  7.4  7.4  0.0  0.0  0.0  0.0  0.0  0.0  0.0  0.0
  0.0  0.0  0.0  0.0  0.0  0.0  0.0  0.0 29.4 14.7 36.8  0.0  0.0  7.4  0.0
  0.0  0.0  0.0  0.0  0.0  7.4 29.4 14.7  0.0  0.0  0.0  7.4  0.0  0.0  0.0
    -29.67     -2.95     19.81     -3.10     -3.63  0.0  7.4  0.0  0.0  0.0
                                  t000142_s8_p1_ai-el2ap.txt 32.0  5.6  244
 12.3  0.0  0.0 36.9  4.1  0.0  0.0  0.0  0.0 12.3  0.0  0.0  0.0  4.1  0.0
  0.0  0.0  4.1  0.0  0.0  0.0303.3159.8102.5 28.7  0.0 12.3  4.1  0.0  0.0
  0.0  0.0 69.7  0.0  0.0 24.6  8.2  0.0  4.1  0.0  4.1  4.1  8.2 12.3  0.0
  4.1  4.1  4.1  0.0  0.0  8.2  4.1 16.4  0.0  0.0118.9  4.1  0.0110.7 16.4
  0.0  0.0  0.0  0.0  0.0  0.0  0.0  0.0  0.0  0.0  0.0  0.0  0.0  0.0  0.0
  0.0  0.0  0.0  4.1  0.0  0.0  0.0  0.0  0.0  0.0  0.0  0.0  0.0  0.0  0.0
  0.0  0.0  0.0  0.0  0.0  0.0  0.0  0.0  0.0  4.1  0.0  0.0  0.0  0.0  0.0
  4.1  0.0  0.0  4.1  0.0  0.0  4.1  0.0  0.0  0.0  0.0  0.0  0.0  0.0  0.0
  0.0  0.0  0.0  0.0  0.0  0.0  0.0 16.4  4.1 12.3 20.5  0.0  0.0 12.3  0.0
  0.0  0.0  0.0  0.0  0.0  0.0  4.1  4.1 16.4  4.1  0.0  0.0 12.3  0.0  0.0
    -25.54     -1.66      4.41     -1.69      4.68  4.1  0.0  0.0  0.0  0.0
                                  t000142_s8_p2_ai-el2ap.txt 20.5  5.8  117
  0.0  0.0  0.0 76.9  0.0  0.0  0.0  0.0  0.0  0.0  0.0  0.0  0.0  0.0  0.0
  0.0  0.0  0.0 17.1  0.0  0.0324.8128.2128.2 17.1 17.1  8.5  0.0  8.5  8.5
  0.0  8.5 76.9  0.0  0.0  8.5  0.0  0.0  0.0  0.0  0.0  8.5  0.0  8.5  8.5
  0.0  0.0  0.0  0.0  8.5  0.0 25.6 17.1  0.0 17.1153.8 17.1  0.0 94.0  0.0
 17.1  0.0  0.0  0.0  0.0  0.0  0.0  0.0  0.0  0.0  0.0  0.0  0.0  0.0  0.0
  0.0  0.0  0.0  0.0  0.0  0.0  0.0  0.0  0.0  0.0  0.0  0.0  0.0  0.0  0.0
  0.0  0.0  8.5  0.0  0.0  0.0  0.0  0.0  0.0  0.0  0.0  0.0  0.0  0.0  0.0
  0.0  0.0  0.0  0.0  8.5  0.0  8.5  0.0  0.0  0.0  0.0  0.0  0.0  0.0  0.0
  0.0  0.0  0.0  0.0  0.0  0.0  0.0  0.0 17.1 17.1 68.4  0.0  0.0 17.1  0.0
  0.0  0.0  0.0  0.0  0.0  8.5 17.1  0.0  8.5  0.0  0.0  8.5  8.5  0.0  0.0
    -28.48     -2.76     18.30     -3.19      4.24  0.0  0.0  0.0  0.0  0.0
                                  t000142_s8_p3_ai-el2ap.txt 18.8  6.0   92
 10.9  0.0  0.0 76.1  0.0  0.0  0.0  0.0  0.0  0.0  0.0  0.0  0.0  0.0  0.0
  0.0  0.0 10.9  0.0  0.0  0.0315.2130.4 87.0 10.9 10.9 10.9 21.7  0.0  0.0
  0.0 10.9119.6  0.0  0.0 65.2 21.7  0.0  0.0  0.0  0.0  0.0 21.7 43.5  0.0
 10.9  0.0 21.7  0.0 21.7 10.9 10.9 54.3  0.0  0.0108.7 10.9 10.9130.4  0.0
  0.0  0.0  0.0  0.0  0.0  0.0  0.0  0.0  0.0  0.0  0.0  0.0  0.0  0.0  0.0
  0.0  0.0  0.0 10.9  0.0  0.0  0.0  0.0  0.0  0.0  0.0  0.0  0.0  0.0  0.0
  0.0  0.0  0.0  0.0  0.0  0.0  0.0  0.0  0.0  0.0 10.9  0.0  0.0  0.0  0.0
 10.9  0.0  0.0 10.9  0.0  0.0  0.0 10.9  0.0  0.0  0.0  0.0  0.0  0.0  0.0
  0.0  0.0  0.0  0.0  0.0  0.0  0.0  0.0 32.6  0.0 43.5 10.9 10.9  0.0  0.0
  0.0 10.9  0.0  0.0  0.0 10.9 10.9 10.9 10.9 21.7 10.9  0.0  0.0  0.0  0.0
    -25.89      1.23      9.60     -6.61     20.05  0.0  0.0  0.0  0.0  0.0
                                  t000142_s8_p4_ai-el2ap.txt 34.8  6.1  213
  0.0  0.0  0.0 61.0  0.0  0.0  0.0  0.0  0.0 18.8  0.0  0.0  0.0  0.0  0.0
  4.7  0.0  0.0  9.4  0.0  0.0323.9117.4112.7  9.4  0.0 14.1  0.0  0.0  4.7
  0.0  4.7103.3  0.0  0.0 18.8  9.4  0.0  0.0  0.0  0.0  4.7  9.4  9.4  0.0
  4.7  0.0  9.4  4.7 14.1  0.0 14.1 14.1  0.0  4.7150.2  0.0  0.0103.3  4.7
  0.0  0.0  0.0  0.0  0.0  0.0  0.0  0.0  0.0  0.0  0.0  0.0  0.0  0.0  0.0
  0.0  0.0  0.0  0.0  0.0  0.0  0.0  0.0  0.0  0.0  0.0  0.0  0.0  0.0  0.0
  0.0  0.0  0.0  0.0  0.0  0.0  0.0  0.0  0.0  0.0  0.0  0.0  0.0  0.0  0.0
  0.0  0.0  0.0  0.0  0.0  0.0  0.0  0.0  0.0  0.0  0.0  0.0  0.0  0.0  0.0
  0.0  0.0  0.0  0.0  0.0  0.0  0.0  4.7  9.4  9.4 28.2  0.0 28.2  4.7  0.0
  0.0  0.0  0.0  0.0  0.0  4.7 28.2  9.4  4.7 14.1  4.7  4.7  4.7  4.7  0.0
    -25.45     -2.71     11.17     -4.73      5.18  0.0  0.0  0.0  0.0  0.0
                                  t000142_s8_p5_ai-el2ap.txt 32.5  5.7  388
  0.0  0.0  0.0 36.1  0.0  0.0  0.0  0.0  0.0  7.7  0.0  0.0  0.0  0.0  0.0
  0.0  0.0  2.6 15.5  0.0  0.0350.5144.3118.6 15.5  0.0 15.5  0.0  0.0  0.0
  0.0  5.2 87.6  0.0  2.6 18.0  5.2  0.0  0.0  0.0  0.0  5.2  5.2 10.3  2.6
 10.3  2.6  2.6  2.6  2.6  2.6 23.2 23.2  0.0  0.0128.9  0.0  2.6 74.7  7.7
  0.0  0.0  0.0  0.0  0.0  0.0  0.0  0.0  0.0  0.0  0.0  0.0  0.0  0.0  0.0
  0.0  0.0  0.0  0.0  0.0  2.6  0.0  2.6  0.0  0.0  0.0  0.0  0.0  2.6  0.0
  0.0  0.0  0.0  0.0  0.0  0.0  0.0  0.0  2.6  0.0  0.0  0.0  0.0  0.0  0.0
  2.6  2.6  2.6  7.7  0.0  2.6  2.6  0.0  0.0  0.0  0.0  0.0  0.0  0.0  0.0
  0.0  0.0  0.0  0.0  0.0  0.0  0.0  5.2 36.1  2.6 46.4  2.6  0.0 23.2  5.2
  0.0  0.0  0.0  0.0  0.0  5.2 20.6  5.2  2.6 10.3  2.6  5.2  2.6  0.0  0.0
    -28.59     -2.25      7.19     -4.54      6.47  0.0  0.0  2.6  0.0  0.0
                                  t000142_s8_p6_ai-el2ap.txt 37.3  6.2  256
  3.9  3.9  0.0 50.8  0.0  0.0  0.0  0.0  0.0  0.0  0.0  0.0  0.0  0.0  0.0
  0.0  0.0  0.0 23.4  0.0  0.0375.0 97.7117.2 19.5  0.0 19.5  7.8  0.0  0.0
  0.0  0.0117.2  0.0  0.0 23.4  0.0  0.0  0.0  0.0  0.0  0.0  0.0 19.5  0.0
  3.9  0.0 15.6  0.0  0.0  0.0 23.4 23.4  0.0  0.0140.6  0.0  0.0 97.7  3.9
  0.0  0.0  0.0  0.0  0.0  0.0  0.0  0.0  0.0  0.0  0.0  0.0  0.0  0.0  0.0
  0.0  0.0  0.0  0.0  0.0 19.5  3.9  0.0  0.0  0.0  0.0  0.0  0.0  0.0  0.0
  0.0  0.0  0.0  0.0  0.0  0.0  0.0  0.0  0.0  0.0  0.0  0.0  0.0  0.0  0.0
 23.4  0.0  0.0 23.4  0.0  0.0  0.0  0.0  0.0  0.0  0.0  0.0  0.0  0.0  0.0
  0.0  0.0  0.0  0.0  0.0  0.0  0.0  3.9  7.8  0.0 46.9  3.9  0.0 15.6  0.0
  3.9  0.0  0.0  0.0  0.0  7.8  7.8  7.8  3.9 19.5  0.0  7.8  7.8  0.0  0.0
    -27.20      0.12      7.78     -6.61      0.59  3.9  0.0  0.0  0.0  0.0
                                  t000142_s8_p7_ai-el2ap.txt 14.5  6.0   68
 14.7  0.0  0.0 73.5  0.0  0.0  0.0  0.0  0.0  0.0  0.0  0.0  0.0  0.0  0.0
  0.0  0.0  0.0 14.7  0.0  0.0323.5102.9 88.2 44.1  0.0  0.0  0.0  0.0 14.7
  0.0  0.0117.6  0.0  0.0 29.4  0.0  0.0  0.0  0.0  0.0  0.0 14.7 29.4  0.0
  0.0  0.0  0.0  0.0  0.0  0.0 14.7 29.4  0.0 14.7 88.2  0.0  0.0117.6  0.0
  0.0  0.0  0.0  0.0  0.0  0.0  0.0  0.0  0.0  0.0  0.0  0.0  0.0  0.0  0.0
  0.0  0.0  0.0  0.0  0.0  0.0  0.0  0.0  0.0  0.0  0.0  0.0  0.0  0.0  0.0
  0.0  0.0  0.0  0.0  0.0  0.0  0.0  0.0  0.0  0.0  0.0  0.0  0.0  0.0  0.0
  0.0  0.0  0.0  0.0  0.0  0.0  0.0  0.0  0.0  0.0  0.0  0.0  0.0  0.0  0.0
  0.0  0.0  0.0  0.0  0.0  0.0  0.0  0.0 44.1 14.7 44.1  0.0 14.7 14.7  0.0
  0.0  0.0  0.0  0.0  0.0  0.0 14.7 29.4  0.0 14.7  0.0  0.0  0.0  0.0  0.0
    -25.04     -4.28     14.83     -6.61     10.02  0.0  0.0  0.0  0.0  0.0
                                  t000143_s1_p1_ai-el2ap.txt  6.0  6.4   32
  0.0  0.0  0.0  0.0  0.0  0.0  0.0  0.0  0.0  0.0  0.0  0.0  0.0  0.0  0.0
  0.0  0.0  0.0  0.0  0.0  0.0375.0187.5156.3 62.5  0.0  0.0  0.0  0.0  0.0
  0.0  0.0 93.8  0.0  0.0  0.0  0.0  0.0  0.0  0.0  0.0  0.0  0.0 31.3  0.0
  0.0  0.0  0.0  0.0  0.0  0.0  0.0 31.3  0.0  0.0156.3  0.0  0.0 93.8  0.0
  0.0  0.0  0.0  0.0  0.0  0.0  0.0  0.0  0.0  0.0  0.0  0.0  0.0  0.0  0.0
  0.0  0.0  0.0  0.0  0.0  0.0  0.0  0.0  0.0  0.0  0.0  0.0  0.0  0.0  0.0
  0.0  0.0  0.0  0.0  0.0  0.0  0.0  0.0  0.0  0.0  0.0  0.0  0.0  0.0  0.0
  0.0  0.0  0.0  0.0  0.0  0.0  0.0  0.0  0.0  0.0  0.0  0.0  0.0  0.0  0.0
  0.0  0.0  0.0  0.0  0.0  0.0  0.0  0.0 62.5  0.0 31.3  0.0  0.0  0.0  0.0
  0.0  0.0  0.0  0.0  0.0  0.0  0.0  0.0  0.0 31.3  0.0  0.0  0.0  0.0  0.0
    -40.96     -3.67      7.48     -6.61      1.11  0.0  0.0  0.0  0.0  0.0
                                  t000143_s1_p2_ai-el2ap.txt 16.3  6.1   78
  0.0  0.0  0.0 12.8  0.0  0.0  0.0  0.0 25.6  0.0  0.0  0.0  0.0  0.0  0.0
  0.0  0.0  0.0 38.5  0.0  0.0397.4102.6115.4 51.3  0.0  0.0  0.0  0.0  0.0
  0.0 12.8 38.5  0.0 12.8 12.8  0.0  0.0  0.0  0.0  0.0  0.0  0.0 12.8  0.0
  0.0  0.0  0.0  0.0  0.0  0.0 51.3 12.8  0.0  0.0141.0 25.6  0.0 76.9 12.8
  0.0  0.0  0.0  0.0  0.0  0.0  0.0  0.0  0.0  0.0  0.0  0.0  0.0  0.0  0.0
  0.0  0.0  0.0  0.0  0.0  0.0  0.0  0.0  0.0  0.0  0.0  0.0  0.0  0.0  0.0
  0.0  0.0  0.0  0.0  0.0  0.0  0.0  0.0  0.0  0.0  0.0  0.0  0.0  0.0  0.0
  0.0  0.0  0.0  0.0  0.0  0.0  0.0  0.0  0.0  0.0  0.0  0.0  0.0  0.0  0.0
  0.0  0.0  0.0  0.0  0.0  0.0  0.0  0.0 12.8 25.6 12.8  0.0  0.0 12.8  0.0
  0.0  0.0  0.0  0.0  0.0  0.0 12.8 12.8  0.0 25.6  0.0  0.0  0.0  0.0  0.0
    -25.88     -4.04      3.89     -6.61     -1.68  0.0  0.0  0.0  0.0  0.0
                                  t000143_s1_p3_ai-el2ap.txt 14.8  5.9   83
 24.1  0.0  0.0 12.0  0.0  0.0  0.0  0.0  0.0  0.0  0.0  0.0  0.0  0.0  0.0
  0.0  0.0  0.0  0.0  0.0  0.0373.5168.7108.4 48.2  0.0  0.0  0.0  0.0  0.0
  0.0  0.0108.4  0.0  0.0 24.1  0.0  0.0  0.0  0.0  0.0 12.0  0.0 12.0  0.0
  0.0  0.0  0.0  0.0  0.0  0.0  0.0 12.0  0.0  0.0132.5  0.0  0.0 72.3 12.0
  0.0  0.0  0.0  0.0  0.0  0.0  0.0  0.0  0.0  0.0  0.0  0.0  0.0  0.0  0.0
  0.0  0.0  0.0  0.0  0.0  0.0  0.0  0.0  0.0  0.0  0.0  0.0  0.0  0.0  0.0
  0.0  0.0  0.0  0.0 12.0  0.0  0.0  0.0  0.0  0.0  0.0  0.0  0.0  0.0  0.0
  0.0  0.0  0.0  0.0  0.0 12.0 12.0  0.0  0.0  0.0  0.0  0.0  0.0  0.0  0.0
  0.0  0.0  0.0  0.0  0.0  0.0  0.0  0.0 24.1 24.1 24.1  0.0  0.0 24.1 12.0
  0.0  0.0  0.0  0.0  0.0  0.0  0.0  0.0  0.0 12.0  0.0  0.0 12.0  0.0  0.0
    -33.62     -4.14      7.13     -1.79     -1.80  0.0  0.0  0.0  0.0  0.0
                                  t000143_s1_p4_ai-el2ap.txt 11.0  5.8   54
  0.0  0.0  0.0 18.5  0.0  0.0  0.0  0.0  0.0  0.0  0.0  0.0  0.0  0.0  0.0
  0.0  0.0  0.0 18.5  0.0  0.0388.9203.7148.1 37.0  0.0  0.0  0.0  0.0  0.0
  0.0  0.0129.6  0.0  0.0 18.5  0.0  0.0  0.0  0.0  0.0  0.0  0.0  0.0  0.0
 18.5  0.0  0.0  0.0  0.0  0.0 18.5 18.5  0.0  0.0148.1  0.0  0.0 74.1  0.0
  0.0  0.0  0.0  0.0  0.0  0.0  0.0  0.0  0.0  0.0  0.0  0.0  0.0  0.0  0.0
  0.0  0.0  0.0  0.0  0.0  0.0  0.0  0.0  0.0  0.0  0.0  0.0  0.0  0.0  0.0
  0.0  0.0  0.0  0.0  0.0  0.0  0.0  0.0  0.0  0.0  0.0  0.0  0.0  0.0  0.0
  0.0  0.0  0.0  0.0  0.0  0.0  0.0  0.0  0.0  0.0  0.0  0.0  0.0  0.0  0.0
  0.0  0.0  0.0  0.0  0.0  0.0  0.0 18.5 37.0  0.0 55.6  0.0  0.0  0.0 18.5
  0.0  0.0  0.0  0.0  0.0  0.0 37.0 18.5  0.0  0.0  0.0  0.0  0.0  0.0  0.0
    -35.73     -4.51      8.92     -6.61      2.35  0.0  0.0  0.0  0.0  0.0
                                 t000143_s14_p1_ai-el2ap.txt  6.8  6.8   31
  0.0  0.0  0.0  0.0  0.0  0.0  0.0  0.0  0.0  0.0  0.0  0.0  0.0  0.0  0.0
  0.0  0.0  0.0  0.0  0.0  0.0322.6193.5225.8  0.0  0.0  0.0  0.0  0.0  0.0
  0.0  0.0 96.8  0.0  0.0 32.3  0.0  0.0  0.0  0.0  0.0  0.0  0.0 32.3  0.0
  0.0  0.0  0.0  0.0  0.0  0.0  0.0 32.3  0.0  0.0225.8  0.0  0.0 64.5  0.0
  0.0  0.0  0.0  0.0  0.0  0.0  0.0  0.0  0.0  0.0  0.0  0.0  0.0  0.0  0.0
  0.0  0.0  0.0  0.0  0.0  0.0  0.0  0.0  0.0  0.0  0.0  0.0  0.0  0.0  0.0
  0.0  0.0  0.0  0.0  0.0  0.0  0.0  0.0  0.0  0.0  0.0  0.0  0.0  0.0  0.0
  0.0  0.0  0.0  0.0  0.0  0.0  0.0  0.0  0.0  0.0  0.0  0.0  0.0  0.0  0.0
  0.0  0.0  0.0  0.0  0.0  0.0  0.0  0.0 32.3  0.0  0.0  0.0 32.3  0.0  0.0
  0.0  0.0  0.0  0.0  0.0  0.0  0.0 32.3  0.0  0.0  0.0  0.0  0.0  0.0  0.0
    -44.51     -5.73      5.86     -6.61      1.26  0.0  0.0  0.0  0.0  0.0
                                t000143_s14_p10_ai-el2ap.txt 16.0  5.7   89
 22.5  0.0  0.0 11.2  0.0  0.0  0.0  0.0  0.0  0.0  0.0  0.0  0.0 11.2  0.0
  0.0  0.0  0.0 11.2  0.0  0.0359.6157.3 44.9 44.9 11.2  0.0  0.0  0.0  0.0
  0.0  0.0112.4  0.0  0.0  0.0 11.2  0.0  0.0  0.0  0.0  0.0  0.0 33.7  0.0
 11.2  0.0  0.0  0.0  0.0  0.0 11.2 44.9  0.0  0.0 56.2 11.2  0.0 89.9  0.0
  0.0  0.0  0.0  0.0  0.0  0.0  0.0  0.0  0.0  0.0  0.0  0.0  0.0  0.0  0.0
  0.0  0.0  0.0  0.0  0.0  0.0  0.0  0.0  0.0  0.0  0.0  0.0  0.0  0.0  0.0
  0.0 11.2  0.0  0.0  0.0  0.0  0.0  0.0  0.0  0.0  0.0  0.0  0.0  0.0  0.0
  0.0  0.0  0.0  0.0 11.2  0.0 11.2  0.0  0.0  0.0  0.0  0.0  0.0  0.0  0.0
  0.0  0.0  0.0  0.0  0.0  0.0  0.0  0.0 11.2  0.0 56.2  0.0  0.0  0.0  0.0
  0.0  0.0  0.0  0.0  0.0  0.0  0.0 22.5  0.0 11.2  0.0  0.0 22.5  0.0  0.0
    -21.17     -3.75      8.78     -6.61      5.11  0.0  0.0  0.0  0.0  0.0
                                t000143_s14_p11_ai-el2ap.txt 22.8  5.4  145
  0.0  0.0  0.0  0.0  0.0  0.0  0.0  0.0  6.9  0.0  0.0  0.0  0.0  0.0  0.0
  0.0  0.0  0.0 13.8  0.0  0.0317.2172.4124.1 34.5  6.9  6.9  0.0  0.0  0.0
  0.0  0.0 55.2  0.0  0.0 13.8  0.0  0.0  0.0  0.0  0.0  0.0  6.9 27.6  0.0
  0.0  0.0  0.0  0.0  6.9  0.0 13.8 27.6  0.0  0.0151.7 13.8  0.0 48.3  6.9
 13.8  0.0  0.0  0.0  0.0  0.0  0.0  0.0  0.0  0.0  0.0  0.0  0.0  0.0  0.0
  0.0  0.0  0.0  0.0  0.0  0.0  0.0  0.0  0.0  0.0  0.0  0.0  0.0  0.0  0.0
  0.0  0.0  0.0  0.0  0.0  0.0  0.0  0.0  0.0  0.0  0.0  0.0  0.0  0.0  0.0
  0.0  0.0  0.0  0.0  0.0  0.0  0.0  0.0  0.0  0.0  0.0  0.0  0.0  0.0  0.0
  0.0  0.0  0.0  0.0  0.0  0.0  0.0  0.0 13.8 27.6 62.1  6.9  0.0  0.0  0.0
  0.0  0.0  0.0  0.0  6.9 27.6  0.0  6.9  0.0  0.0  0.0  0.0  0.0  0.0  0.0
    -31.42     -2.96      4.02     -6.61      4.86  6.9  0.0  0.0  0.0  0.0
                                 t000143_s14_p2_ai-el2ap.txt 22.3  5.2  131
  0.0  0.0  0.0 38.2  0.0  0.0  0.0  7.6  0.0  0.0  0.0  0.0  0.0  0.0  0.0
  0.0  0.0  0.0  7.6  0.0  0.0366.4106.9 76.3  0.0  0.0  7.6  0.0  0.0  7.6
  0.0  0.0 84.0  0.0  0.0 22.9  0.0  0.0  0.0  0.0  0.0  7.6  0.0  7.6  0.0
  0.0  7.6  0.0  7.6  0.0  0.0 15.3  7.6  0.0  7.6 91.6  0.0  7.6 45.8  0.0
  0.0  0.0  0.0  0.0  0.0  0.0  0.0  0.0  0.0  0.0  0.0  0.0  0.0  0.0  0.0
  0.0  0.0  0.0  0.0  0.0  0.0  0.0  0.0  0.0  0.0  0.0  0.0  0.0  0.0  0.0
  0.0  0.0  0.0  0.0  0.0  0.0  0.0  0.0  0.0  0.0  0.0  0.0  0.0  0.0  0.0
  0.0  0.0  0.0  0.0  0.0  0.0  0.0  0.0  0.0  0.0  0.0  0.0  0.0  0.0  0.0
  0.0  0.0  0.0  0.0  0.0  0.0  0.0  0.0 15.3  0.0 53.4  0.0  0.0  0.0 22.9
  0.0 15.3  0.0  0.0  0.0  0.0  7.6  7.6  7.6  0.0  0.0  0.0  0.0  0.0  0.0
    -25.83     -4.26      9.32     -3.55     -2.47  0.0  0.0  0.0  0.0  0.0
                                 t000143_s14_p3_ai-el2ap.txt  6.3  6.0   29
  0.0  0.0  0.0  0.0  0.0  0.0  0.0  0.0  0.0  0.0  0.0  0.0  0.0  0.0  0.0
  0.0  0.0  0.0 34.5  0.0  0.0448.3206.9 69.0 34.5  0.0  0.0  0.0  0.0  0.0
  0.0  0.0103.4  0.0  0.0  0.0  0.0  0.0  0.0  0.0  0.0  0.0  0.0 34.5  0.0
  0.0  0.0  0.0  0.0  0.0  0.0 34.5 34.5  0.0  0.0 69.0  0.0  0.0 34.5  0.0
  0.0  0.0  0.0  0.0  0.0  0.0  0.0  0.0  0.0  0.0  0.0  0.0  0.0  0.0  0.0
  0.0  0.0  0.0  0.0  0.0  0.0  0.0  0.0  0.0  0.0  0.0  0.0  0.0  0.0  0.0
  0.0  0.0  0.0  0.0  0.0  0.0  0.0  0.0  0.0  0.0  0.0  0.0  0.0  0.0  0.0
  0.0  0.0  0.0  0.0  0.0  0.0  0.0  0.0  0.0  0.0  0.0  0.0  0.0  0.0  0.0
  0.0  0.0  0.0  0.0  0.0  0.0  0.0  0.0  0.0  0.0  0.0  0.0 34.5  0.0 69.0
 34.5  0.0  0.0  0.0  0.0  0.0  0.0 34.5  0.0  0.0  0.0  0.0  0.0  0.0  0.0
    -31.03     -4.59      8.16     -6.61      1.60  0.0  0.0  0.0  0.0  0.0
                                 t000143_s14_p4_ai-el2ap.txt 21.8  5.5  149
 13.4  0.0  0.0 20.1  0.0  0.0  0.0  0.0  0.0  0.0  0.0  0.0  0.0  0.0  0.0
  0.0  0.0  0.0  0.0  0.0  0.0335.6201.3 80.5 40.3  0.0  0.0  0.0  0.0  0.0
  0.0  6.7107.4  0.0  0.0 13.4  6.7  0.0  6.7  0.0  0.0  0.0  0.0 20.1  6.7
 13.4  0.0  0.0  0.0  0.0  0.0  6.7 40.3  0.0  0.0100.7  0.0  0.0 94.0  6.7
  0.0  0.0  0.0  0.0  0.0  0.0  0.0  0.0  0.0  0.0  0.0  0.0  0.0  0.0  0.0
  0.0  0.0  0.0  0.0  0.0  0.0  0.0  0.0  0.0  0.0  0.0  0.0  0.0  0.0  0.0
  0.0  0.0  0.0  0.0 20.1  0.0  0.0  0.0  0.0  0.0  6.7  0.0  0.0  0.0  0.0
  0.0  0.0  0.0  0.0  0.0 20.1 20.1  6.7  0.0  0.0  0.0  0.0  0.0  0.0  0.0
  0.0  0.0  0.0  0.0  0.0  0.0  0.0 13.4 20.1  0.0  0.0  0.0  0.0 26.8  0.0
  0.0  6.7  0.0  0.0  0.0 13.4  0.0 13.4 13.4 26.8  0.0  0.0  0.0  0.0  0.0
    -32.32     -4.40     10.15     -4.44      8.92  0.0  0.0  0.0  0.0  0.0
                                 t000143_s14_p5_ai-el2ap.txt  9.8  5.4   42
 23.8  0.0  0.0 23.8  0.0  0.0  0.0  0.0  0.0  0.0  0.0  0.0  0.0  0.0  0.0
  0.0  0.0  0.0  0.0  0.0  0.0190.5166.7119.0 47.6  0.0  0.0  0.0  0.0  0.0
  0.0  0.0 23.8  0.0  0.0 23.8  0.0  0.0  0.0  0.0  0.0  0.0  0.0 47.6  0.0
 23.8  0.0  0.0  0.0  0.0  0.0  0.0 71.4  0.0  0.0166.7  0.0  0.0119.0  0.0
  0.0  0.0  0.0  0.0  0.0  0.0  0.0  0.0  0.0  0.0  0.0  0.0  0.0  0.0  0.0
  0.0  0.0  0.0  0.0  0.0  0.0  0.0  0.0  0.0  0.0  0.0  0.0  0.0  0.0  0.0
  0.0  0.0  0.0  0.0  0.0  0.0  0.0  0.0  0.0  0.0  0.0  0.0  0.0  0.0  0.0
  0.0  0.0  0.0  0.0  0.0  0.0  0.0  0.0  0.0  0.0  0.0  0.0  0.0  0.0  0.0
  0.0  0.0  0.0  0.0  0.0  0.0  0.0  0.0 23.8  0.0  0.0  0.0 23.8 23.8  0.0
  0.0  0.0  0.0  0.0  0.0  0.0 23.8 47.6 23.8 23.8  0.0  0.0  0.0  0.0  0.0
    -27.49     -4.16      1.27     -6.61     11.27  0.0  0.0  0.0  0.0  0.0
                                 t000143_s14_p6_ai-el2ap.txt 12.5  6.1   63
  0.0  0.0  0.0  0.0  0.0  0.0  0.0  0.0  0.0  0.0  0.0  0.0  0.0  0.0  0.0
  0.0  0.0  0.0 15.9  0.0  0.0476.2127.0127.0 47.6  0.0  0.0  0.0  0.0  0.0
  0.0  0.0111.1  0.0  0.0 15.9  0.0  0.0  0.0  0.0  0.0  0.0  0.0 15.9  0.0
  0.0  0.0  0.0  0.0 15.9  0.0 15.9 15.9  0.0  0.0158.7  0.0  0.0 63.5  0.0
  0.0  0.0  0.0  0.0  0.0  0.0  0.0  0.0  0.0  0.0  0.0  0.0  0.0  0.0  0.0
  0.0  0.0  0.0  0.0  0.0  0.0  0.0  0.0  0.0  0.0  0.0  0.0  0.0  0.0  0.0
  0.0  0.0  0.0  0.0  0.0  0.0  0.0  0.0  0.0  0.0  0.0  0.0  0.0  0.0  0.0
  0.0  0.0  0.0  0.0  0.0  0.0  0.0  0.0  0.0  0.0  0.0  0.0  0.0  0.0  0.0
  0.0  0.0  0.0  0.0  0.0  0.0  0.0  0.0 15.9  0.0  0.0  0.0  0.0 63.5  0.0
 31.7  0.0  0.0  0.0  0.0  0.0 15.9 31.7  0.0 15.9  0.0  0.0  0.0  0.0  0.0
    -35.86     -4.16      7.79     -6.61     -1.22  0.0  0.0  0.0  0.0  0.0
                                 t000143_s14_p7_ai-el2ap.txt  6.0  6.0   47
  0.0  0.0  0.0  0.0  0.0  0.0  0.0  0.0  0.0  0.0  0.0  0.0  0.0  0.0  0.0
  0.0  0.0  0.0 21.3  0.0  0.0383.0212.8106.4 21.3  0.0  0.0  0.0  0.0  0.0
  0.0 21.3276.6  0.0  0.0  0.0  0.0  0.0  0.0  0.0  0.0  0.0  0.0 21.3  0.0
  0.0  0.0  0.0  0.0  0.0  0.0 42.6 21.3  0.0  0.0106.4  0.0  0.0 21.3  0.0
  0.0  0.0  0.0  0.0  0.0  0.0  0.0  0.0  0.0  0.0  0.0  0.0  0.0  0.0  0.0
  0.0  0.0  0.0  0.0  0.0  0.0  0.0  0.0  0.0  0.0  0.0  0.0  0.0  0.0  0.0
  0.0  0.0  0.0  0.0  0.0  0.0  0.0  0.0  0.0  0.0  0.0  0.0  0.0  0.0  0.0
  0.0  0.0  0.0  0.0  0.0  0.0  0.0  0.0  0.0  0.0  0.0  0.0  0.0  0.0  0.0
  0.0  0.0  0.0  0.0  0.0  0.0  0.0  0.0  0.0  0.0  0.0  0.0  0.0127.7  0.0
  0.0  0.0  0.0  0.0  0.0  0.0  0.0 21.3  0.0  0.0  0.0  0.0  0.0  0.0  0.0
    -34.03     -5.03     28.06     -6.61     -0.40  0.0  0.0  0.0  0.0  0.0
                                 t000143_s14_p8_ai-el2ap.txt  8.3  5.8   46
  0.0  0.0  0.0  0.0  0.0  0.0  0.0  0.0  0.0  0.0  0.0  0.0  0.0  0.0  0.0
  0.0  0.0  0.0 21.7  0.0  0.0478.3173.9108.7 21.7  0.0  0.0  0.0  0.0  0.0
  0.0  0.0130.4  0.0  0.0  0.0  0.0  0.0  0.0  0.0  0.0  0.0  0.0 21.7  0.0
 21.7  0.0  0.0  0.0  0.0  0.0 21.7 43.5  0.0  0.0108.7  0.0  0.0 43.5  0.0
  0.0  0.0  0.0  0.0  0.0  0.0  0.0  0.0  0.0  0.0  0.0  0.0  0.0  0.0  0.0
  0.0  0.0  0.0  0.0  0.0  0.0  0.0  0.0  0.0  0.0  0.0  0.0  0.0  0.0  0.0
  0.0  0.0  0.0  0.0  0.0  0.0  0.0  0.0  0.0  0.0  0.0  0.0  0.0  0.0  0.0
  0.0  0.0  0.0  0.0  0.0  0.0  0.0  0.0  0.0  0.0  0.0  0.0  0.0  0.0  0.0
  0.0  0.0  0.0  0.0  0.0  0.0  0.0  0.0  0.0  0.0 21.7  0.0  0.0 87.0  0.0
  0.0  0.0  0.0  0.0  0.0  0.0  0.0 43.5  0.0  0.0  0.0  0.0  0.0  0.0  0.0
    -34.82     -5.01     10.03     -6.61      6.68  0.0  0.0  0.0  0.0  0.0
                                 t000143_s14_p9_ai-el2ap.txt 16.3  5.5   91
 11.0  0.0  0.0 33.0  0.0  0.0  0.0  0.0 33.0  0.0  0.0  0.0  0.0  0.0  0.0
  0.0  0.0 11.0 11.0  0.0  0.0329.7142.9 98.9 11.0  0.0  0.0  0.0  0.0  0.0
  0.0  0.0120.9  0.0  0.0 11.0 11.0 11.0  0.0  0.0  0.0  0.0  0.0 33.0  0.0
  0.0  0.0  0.0  0.0  0.0 22.0 11.0 33.0  0.0  0.0131.9 33.0  0.0 76.9 11.0
  0.0  0.0  0.0  0.0  0.0  0.0  0.0  0.0  0.0  0.0  0.0  0.0  0.0  0.0  0.0
  0.0  0.0  0.0  0.0  0.0  0.0  0.0  0.0  0.0  0.0  0.0  0.0  0.0  0.0  0.0
  0.0  0.0  0.0  0.0  0.0  0.0  0.0  0.0  0.0  0.0  0.0  0.0  0.0  0.0  0.0
  0.0  0.0  0.0  0.0  0.0  0.0  0.0  0.0  0.0  0.0  0.0  0.0  0.0  0.0  0.0
  0.0  0.0  0.0  0.0  0.0  0.0  0.0  0.0 11.0 11.0  0.0 11.0 11.0  0.0  0.0
  0.0  0.0  0.0  0.0  0.0 11.0  0.0 11.0  0.0 22.0  0.0  0.0 11.0  0.0  0.0
    -23.89     -5.37      8.74     -3.99      1.37  0.0  0.0  0.0  0.0  0.0
                                 t000143_s19_p1_ai-el2ap.txt 17.0  4.9   91
  0.0  0.0  0.0 11.0  0.0  0.0  0.0  0.0  0.0  0.0  0.0  0.0  0.0  0.0  0.0
  0.0  0.0  0.0 11.0  0.0  0.0384.6153.8 44.0 33.0  0.0  0.0  0.0  0.0  0.0
  0.0  0.0 44.0  0.0  0.0  0.0  0.0  0.0  0.0  0.0  0.0  0.0  0.0 22.0  0.0
  0.0  0.0  0.0  0.0  0.0  0.0 11.0 22.0  0.0  0.0 54.9  0.0  0.0 44.0  0.0
  0.0  0.0  0.0  0.0  0.0  0.0  0.0  0.0  0.0  0.0  0.0  0.0  0.0  0.0  0.0
  0.0  0.0  0.0  0.0  0.0  0.0  0.0  0.0  0.0  0.0  0.0  0.0  0.0  0.0  0.0
  0.0  0.0  0.0  0.0  0.0  0.0  0.0  0.0  0.0  0.0  0.0  0.0  0.0  0.0  0.0
  0.0  0.0  0.0  0.0  0.0  0.0  0.0  0.0  0.0  0.0  0.0  0.0  0.0  0.0  0.0
  0.0  0.0  0.0  0.0  0.0  0.0  0.0  0.0 11.0  0.0 33.0  0.0  0.0 11.0  0.0
  0.0  0.0  0.0  0.0  0.0  0.0  0.0  0.0  0.0 11.0  0.0  0.0  0.0  0.0  0.0
    -27.45     -4.64      4.03     -6.61     -0.30  0.0  0.0  0.0  0.0  0.0
                                 t000143_s19_p2_ai-el2ap.txt 21.8  5.9  142
 21.1  0.0  0.0 14.1  0.0  0.0  0.0  0.0  7.0  0.0  0.0  0.0  0.0  0.0  0.0
  0.0  0.0  0.0 14.1  0.0  0.0394.4119.7112.7 42.3  0.0  0.0  0.0  0.0  0.0
  0.0  0.0112.7  0.0  0.0 21.1  0.0  0.0  0.0  0.0  0.0  0.0 14.1 21.1  0.0
  7.0  7.0  7.0  0.0  0.0  0.0 21.1 28.2  0.0  0.0176.1  7.0  7.0 77.5 14.1
  0.0  0.0  0.0  0.0  0.0  0.0  0.0  0.0  0.0  0.0  0.0  0.0  0.0  0.0  0.0
  0.0  0.0  0.0  0.0  0.0  0.0  7.0  0.0  0.0  0.0  0.0  0.0  0.0  0.0  0.0
  0.0  0.0  0.0  0.0  7.0  0.0  0.0  0.0  0.0  0.0  0.0  0.0  0.0  0.0  0.0
  7.0  0.0  0.0  7.0  0.0  7.0  7.0  0.0  0.0  0.0  0.0  0.0  0.0  0.0  0.0
  0.0  0.0  0.0  0.0  0.0  0.0  0.0  0.0  7.0  0.0 21.1 14.1  0.0  0.0  7.0
  0.0 28.2  0.0  0.0  0.0  0.0  0.0  0.0  0.0 21.1  0.0  0.0 14.1  0.0  0.0
    -29.65     -4.34      7.60     -6.61     10.65  0.0  0.0  0.0  0.0  0.0
                                 t000143_s19_p3_ai-el2ap.txt 14.8  5.7   82
  0.0  0.0  0.0 48.8  0.0  0.0  0.0  0.0 12.2 12.2  0.0  0.0  0.0  0.0  0.0
  0.0  0.0  0.0  0.0  0.0  0.0378.0170.7122.0  0.0  0.0  0.0 12.2  0.0  0.0
  0.0  0.0 97.6  0.0  0.0 12.2  0.0  0.0  0.0  0.0  0.0  0.0  0.0  0.0  0.0
 12.2  0.0  0.0  0.0  0.0  0.0  0.0 12.2  0.0  0.0122.0 12.2  0.0 61.0  0.0
  0.0  0.0  0.0  0.0  0.0  0.0  0.0  0.0  0.0  0.0  0.0  0.0  0.0  0.0  0.0
  0.0  0.0  0.0  0.0  0.0  0.0  0.0  0.0  0.0  0.0  0.0  0.0  0.0  0.0  0.0
  0.0  0.0  0.0  0.0  0.0  0.0  0.0  0.0  0.0  0.0  0.0  0.0  0.0  0.0  0.0
  0.0  0.0  0.0  0.0  0.0  0.0  0.0  0.0  0.0  0.0  0.0  0.0  0.0  0.0  0.0
  0.0  0.0  0.0  0.0  0.0  0.0  0.0  0.0 12.2 24.4 24.4 12.2 12.2 12.2 12.2
  0.0  0.0  0.0  0.0  0.0  0.0  0.0  0.0 12.2 12.2  0.0  0.0  0.0  0.0  0.0
    -33.24     -3.47      7.06     -6.61      0.31  0.0  0.0  0.0  0.0  0.0
                                 t000143_s19_p4_ai-el2ap.txt 11.0  5.9   61
 16.4  0.0  0.0  0.0  0.0  0.0  0.0  0.0  0.0  0.0  0.0  0.0  0.0  0.0  0.0
  0.0  0.0  0.0  0.0  0.0  0.0327.9 98.4 98.4 65.6  0.0  0.0  0.0  0.0  0.0
  0.0  0.0131.1  0.0  0.0 65.6 16.4  0.0  0.0  0.0  0.0  0.0  0.0  0.0  0.0
  0.0  0.0  0.0  0.0  0.0  0.0  0.0  0.0  0.0  0.0114.8  0.0  0.0 82.0  0.0
  0.0  0.0  0.0  0.0  0.0  0.0  0.0  0.0  0.0  0.0  0.0  0.0  0.0  0.0  0.0
  0.0  0.0  0.0  0.0  0.0 16.4  0.0  0.0  0.0  0.0  0.0  0.0  0.0  0.0  0.0
 16.4  0.0  0.0  0.0  0.0  0.0  0.0  0.0  0.0  0.0  0.0  0.0  0.0  0.0  0.0
 16.4  0.0  0.0 16.4 16.4  0.0 16.4  0.0  0.0  0.0  0.0  0.0  0.0  0.0  0.0
  0.0  0.0  0.0  0.0  0.0  0.0  0.0  0.0  0.0 16.4  0.0 16.4  0.0 32.8  0.0
  0.0  0.0  0.0  0.0  0.0  0.0  0.0 16.4  0.0 32.8  0.0  0.0  0.0  0.0  0.0
    -30.21     -3.57      6.36     -6.61     -3.63  0.0  0.0  0.0  0.0  0.0
                                 t000143_s19_p5_ai-el2ap.txt 11.8  5.7   63
  0.0  0.0  0.0 15.9  0.0  0.0  0.0  0.0  0.0  0.0  0.0  0.0  0.0  0.0  0.0
  0.0  0.0  0.0  0.0  0.0  0.0381.0158.7 63.5 63.5  0.0  0.0  0.0  0.0  0.0
  0.0  0.0 79.4  0.0  0.0 31.7  0.0  0.0  0.0  0.0  0.0 15.9  0.0 15.9  0.0
  0.0  0.0  0.0  0.0  0.0  0.0  0.0 15.9  0.0  0.0 79.4  0.0  0.0 63.5  0.0
  0.0  0.0  0.0  0.0  0.0  0.0  0.0  0.0  0.0  0.0  0.0  0.0  0.0  0.0  0.0
  0.0  0.0  0.0  0.0  0.0  0.0  0.0  0.0  0.0  0.0  0.0  0.0  0.0  0.0  0.0
  0.0  0.0  0.0  0.0  0.0  0.0  0.0  0.0  0.0  0.0  0.0  0.0  0.0  0.0  0.0
  0.0  0.0  0.0  0.0  0.0  0.0  0.0  0.0  0.0  0.0  0.0  0.0  0.0  0.0  0.0
  0.0  0.0  0.0  0.0  0.0  0.0  0.0  0.0  0.0 15.9 31.7  0.0  0.0 15.9  0.0
  0.0  0.0  0.0  0.0  0.0 15.9  0.0  0.0  0.0 15.9  0.0  0.0  0.0  0.0  0.0
    -32.79     -3.64      4.68     -0.26     -1.22  0.0  0.0  0.0  0.0  0.0
                                  t000143_s6_p1_ai-el2ap.txt 16.5  5.9   83
 12.0  0.0  0.0 84.3  0.0  0.0  0.0  0.0  0.0 12.0 12.0  0.0  0.0  0.0  0.0
  0.0  0.0 36.1  0.0  0.0  0.0337.3108.4 84.3 24.1  0.0 12.0  0.0  0.0  0.0
  0.0  0.0144.6  0.0  0.0 48.2  0.0  0.0  0.0  0.0  0.0  0.0 12.0 12.0  0.0
 12.0  0.0  0.0  0.0  0.0 36.1  0.0 24.1  0.0  0.0108.4  0.0  0.0120.5  0.0
  0.0  0.0  0.0  0.0  0.0  0.0  0.0  0.0  0.0  0.0  0.0  0.0  0.0  0.0  0.0
  0.0  0.0  0.0  0.0  0.0  0.0  0.0  0.0  0.0  0.0  0.0  0.0  0.0  0.0  0.0
  0.0  0.0  0.0  0.0  0.0  0.0  0.0  0.0  0.0  0.0  0.0  0.0  0.0  0.0  0.0
  0.0  0.0  0.0  0.0  0.0  0.0  0.0  0.0  0.0  0.0  0.0  0.0  0.0  0.0  0.0
  0.0  0.0  0.0  0.0  0.0  0.0  0.0  0.0 48.2 12.0 72.3  0.0 12.0  0.0  0.0
  0.0  0.0  0.0  0.0  0.0 12.0 12.0 12.0  0.0 12.0  0.0  0.0 36.1  0.0  0.0
    -14.74     -2.62      8.28     -6.61      9.62  0.0  0.0  0.0  0.0  0.0
                                  t000143_s6_p2_ai-el2ap.txt 22.5  5.5  143
  7.0  0.0  0.0 28.0  0.0  0.0  0.0  0.0  0.0  7.0  0.0  0.0  0.0  0.0  0.0
  7.0  0.0 14.0  0.0  0.0  0.0342.7209.8 55.9 14.0  0.0  7.0  0.0  0.0  7.0
  0.0  0.0 97.9  0.0  7.0  7.0 14.0  0.0  0.0  0.0  0.0  7.0  7.0  7.0  0.0
  0.0  0.0  7.0  7.0  7.0 14.0  0.0  7.0  0.0  7.0111.9  0.0  0.0 62.9  0.0
  0.0  0.0  0.0  0.0  0.0  0.0  0.0  0.0  0.0  0.0  0.0  0.0  0.0  0.0  0.0
  0.0  0.0  0.0  0.0  0.0  7.0  0.0  0.0  0.0  0.0  0.0  0.0  0.0  0.0  0.0
  0.0  0.0  0.0  0.0  0.0  0.0  0.0  0.0  7.0  0.0  0.0  0.0  0.0  0.0  0.0
  7.0  0.0  0.0  7.0  0.0  7.0  7.0  0.0  0.0  0.0  0.0  0.0  0.0  0.0  0.0
  0.0  0.0  0.0  0.0  0.0  0.0  0.0  0.0 49.0  7.0 14.0  0.0  0.0 21.0  7.0
  0.0  0.0  0.0  0.0  0.0  0.0  0.0  7.0  0.0  7.0  0.0  0.0  7.0  0.0  0.0
    -24.16     -3.92      8.81     -3.81      1.80  0.0  0.0  0.0  0.0  0.0
                                  t000143_s6_p3_ai-el2ap.txt 31.5  5.7  216
  0.0  0.0  0.0 60.2  0.0  0.0  0.0  0.0  0.0  0.0  0.0  0.0  0.0  0.0  0.0
  0.0  0.0  0.0  9.3  0.0  0.0347.2171.3115.7 13.9  0.0 18.5  4.6  0.0  4.6
  4.6  0.0101.9  0.0  0.0 13.9  0.0  0.0  0.0  0.0  0.0  4.6  4.6 23.1  0.0
  4.6  0.0  4.6  0.0 13.9  0.0  9.3 27.8  0.0  9.3152.8  0.0  0.0 83.3  0.0
  4.6  0.0  0.0  0.0  0.0  0.0  0.0  0.0  0.0  0.0  0.0  0.0  0.0  0.0  0.0
  0.0  0.0  0.0  4.6  0.0  0.0  0.0  0.0  0.0  0.0  0.0  0.0  0.0  0.0  0.0
  0.0  0.0  0.0  0.0  0.0  0.0  0.0  0.0  0.0  0.0  0.0  0.0  0.0  0.0  0.0
  4.6  0.0  0.0  4.6  0.0  0.0  0.0  0.0  0.0  0.0  0.0  0.0  0.0  0.0  0.0
  0.0  0.0  0.0  0.0  0.0  0.0  0.0  0.0  9.3  9.3 41.7  9.3  0.0  0.0  4.6
  0.0  0.0  0.0  0.0  0.0  0.0  4.6  4.6  4.6 13.9  0.0  4.6  4.6  0.0  0.0
    -31.82     -0.85     13.78     -4.75      4.27  0.0  0.0  0.0  0.0  0.0
                                  t000143_s6_p4_ai-el2ap.txt 13.0  6.1   60
  0.0  0.0  0.0 16.7  0.0  0.0  0.0  0.0  0.0 16.7  0.0  0.0  0.0  0.0  0.0
  0.0  0.0  0.0  0.0  0.0  0.0383.3116.7166.7 16.7  0.0 16.7  0.0 16.7  0.0
  0.0  0.0150.0  0.0  0.0 16.7 16.7  0.0  0.0  0.0  0.0 16.7  0.0 33.3  0.0
  0.0  0.0  0.0  0.0  0.0  0.0  0.0 33.3  0.0 16.7166.7  0.0  0.0 50.0  0.0
 16.7  0.0  0.0  0.0  0.0  0.0  0.0  0.0  0.0  0.0  0.0  0.0  0.0  0.0  0.0
  0.0  0.0  0.0  0.0  0.0 16.7  0.0  0.0  0.0  0.0  0.0  0.0  0.0  0.0  0.0
 16.7  0.0  0.0  0.0  0.0  0.0  0.0  0.0  0.0  0.0  0.0  0.0  0.0  0.0  0.0
 16.7  0.0  0.0 16.7 16.7  0.0 16.7  0.0  0.0  0.0  0.0  0.0  0.0  0.0  0.0
  0.0  0.0  0.0  0.0  0.0  0.0  0.0  0.0 33.3 16.7 50.0  0.0  0.0  0.0  0.0
  0.0  0.0  0.0  0.0  0.0  0.0 33.3  0.0  0.0 16.7  0.0  0.0  0.0  0.0  0.0
    -35.41     -1.97     20.25      0.06      1.42  0.0  0.0  0.0  0.0  0.0
                                  t000143_s6_p5_ai-el2ap.txt 23.0  6.0  130
  7.7  0.0  0.0 69.2  0.0  0.0  7.7  0.0  0.0  7.7  0.0  0.0  0.0  0.0  0.0
  0.0  0.0  0.0  7.7  0.0  0.0292.3123.1123.1 38.5  0.0  0.0 15.4  0.0 23.1
  0.0  0.0107.7  0.0  0.0  7.7  7.7  0.0  0.0  0.0  0.0  0.0  7.7  7.7  0.0
  0.0  0.0 15.4  0.0  7.7  0.0  7.7  7.7  0.0 23.1176.9  0.0  0.0123.1  7.7
  0.0  0.0  0.0  0.0  0.0  0.0  0.0  0.0  0.0  0.0  0.0  0.0  0.0  0.0  0.0
  0.0  0.0  0.0  7.7  0.0  0.0  7.7  0.0  0.0  0.0  0.0  0.0  0.0  0.0  0.0
  0.0  0.0  0.0  0.0  7.7  0.0  0.0  0.0  7.7  0.0  0.0  0.0  0.0  0.0  0.0
 15.4  0.0  0.0 15.4  0.0 15.4 15.4  0.0  0.0  0.0  0.0  0.0  0.0  0.0  0.0
  0.0  0.0  0.0  0.0  0.0  0.0  0.0  7.7  0.0  7.7 23.1  0.0  0.0  0.0  0.0
  0.0  0.0  0.0  0.0  0.0  7.7 23.1  7.7 15.4 23.1  0.0  0.0  7.7  0.0  0.0
    -26.16     -1.61     19.55     -6.61      2.35  0.0  0.0  0.0  0.0  0.0
                                  t000143_s6_p6_ai-el2ap.txt 11.0  6.5   56
 17.9  0.0  0.0 35.7  0.0  0.0  0.0  0.0  0.0  0.0  0.0  0.0  0.0  0.0  0.0
  0.0  0.0 35.7  0.0  0.0  0.0339.3178.6 89.3 53.6  0.0  0.0 17.9  0.0  0.0
  0.0  0.0 35.7  0.0  0.0 53.6 17.9  0.0  0.0  0.0  0.0 17.9 17.9 17.9  0.0
  0.0  0.0 17.9  0.0  0.0 35.7  0.0 17.9  0.0  0.0107.1  0.0  0.0107.1  0.0
  0.0  0.0  0.0  0.0  0.0  0.0  0.0  0.0  0.0  0.0  0.0  0.0  0.0  0.0  0.0
  0.0  0.0  0.0 17.9  0.0  0.0  0.0  0.0  0.0  0.0  0.0  0.0  0.0  0.0  0.0
  0.0  0.0  0.0  0.0  0.0  0.0  0.0  0.0  0.0  0.0  0.0  0.0  0.0  0.0  0.0
 17.9  0.0  0.0 17.9  0.0  0.0  0.0  0.0  0.0  0.0  0.0  0.0  0.0  0.0  0.0
  0.0  0.0  0.0  0.0  0.0  0.0  0.0  0.0 35.7  0.0 53.6  0.0  0.0 17.9  0.0
  0.0  0.0  0.0  0.0  0.0  0.0  0.0  0.0 17.9  0.0  0.0 17.9  0.0  0.0  0.0
    -23.27     -0.66      0.41      0.54     10.24  0.0  0.0  0.0  0.0  0.0
                                  t000143_s6_p7_ai-el2ap.txt 10.5  6.9   49
  0.0  0.0  0.0102.0  0.0  0.0  0.0  0.0  0.0  0.0  0.0  0.0  0.0  0.0  0.0
  0.0  0.0  0.0 20.4  0.0  0.0285.7122.4122.4  0.0  0.0  0.0  0.0  0.0  0.0
  0.0  0.0 81.6  0.0  0.0 40.8  0.0  0.0  0.0  0.0  0.0 40.8  0.0 40.8 20.4
  0.0  0.0  0.0  0.0 20.4  0.0 20.4 61.2  0.0  0.0204.1  0.0  0.0122.4  0.0
  0.0  0.0  0.0  0.0  0.0  0.0  0.0  0.0  0.0  0.0  0.0  0.0  0.0  0.0  0.0
  0.0  0.0  0.0  0.0  0.0  0.0  0.0  0.0  0.0  0.0  0.0  0.0  0.0  0.0  0.0
  0.0  0.0  0.0  0.0  0.0  0.0  0.0  0.0  0.0  0.0  0.0  0.0  0.0  0.0  0.0
  0.0  0.0  0.0  0.0  0.0  0.0  0.0  0.0  0.0  0.0  0.0  0.0  0.0  0.0  0.0
  0.0  0.0  0.0  0.0  0.0  0.0  0.0 20.4  0.0  0.0 40.8  0.0  0.0  0.0  0.0
  0.0  0.0  0.0  0.0  0.0 40.8 20.4  0.0  0.0  0.0  0.0  0.0  0.0  0.0  0.0
    -28.15     -5.73      4.32      9.72     18.26  0.0  0.0  0.0  0.0  0.0
                                  t000143_s6_p8_ai-el2ap.txt 25.0  5.9  153
  0.0  0.0  0.0 39.2  0.0  0.0  0.0  0.0  0.0  6.5  0.0  0.0  0.0  0.0  0.0
  6.5  0.0  0.0 13.1  0.0  0.0326.8196.1117.6 19.6  0.0  0.0  6.5  0.0  0.0
  0.0  0.0104.6  0.0  0.0 26.1  6.5  0.0  0.0  0.0  0.0  0.0  0.0  6.5  6.5
  6.5  0.0  0.0  0.0  6.5  0.0 13.1 19.6  0.0  0.0150.3  0.0  0.0 98.0  6.5
  0.0  0.0  0.0  0.0  0.0  0.0  0.0  0.0  0.0  0.0  0.0  0.0  0.0  0.0  0.0
  0.0  0.0  0.0  0.0  0.0  0.0  0.0  6.5  0.0  0.0  0.0  0.0  0.0  0.0  0.0
  0.0  0.0  0.0  0.0  0.0  0.0  0.0  0.0  6.5  0.0  0.0  0.0  0.0  0.0  0.0
  0.0  6.5  0.0  6.5  0.0  6.5  6.5  0.0  0.0  0.0  0.0  0.0  0.0  0.0  0.0
  0.0  0.0  0.0  0.0  0.0  0.0  0.0  6.5 26.1 13.1 26.1  0.0  0.0  0.0  6.5
  0.0  6.5  0.0  0.0  0.0  6.5 19.6 13.1  6.5 13.1  6.5  6.5  0.0  0.0  0.0
    -29.45     -3.87      6.75     -6.61      4.50  0.0  0.0  0.0  0.0  0.0
                                  t000143_s8_p1_ai-el2ap.txt  8.8  5.4   40
  0.0  0.0  0.0 75.0  0.0  0.0  0.0  0.0  0.0 25.0  0.0  0.0  0.0  0.0  0.0
  0.0  0.0  0.0 25.0  0.0  0.0300.0150.0100.0  0.0  0.0  0.0  0.0  0.0  0.0
  0.0  0.0 50.0  0.0  0.0 75.0  0.0  0.0  0.0  0.0  0.0 25.0  0.0 50.0  0.0
  0.0  0.0  0.0  0.0  0.0  0.0 25.0 50.0  0.0  0.0150.0  0.0  0.0 75.0  0.0
  0.0  0.0  0.0  0.0  0.0  0.0  0.0  0.0  0.0  0.0  0.0  0.0  0.0  0.0  0.0
  0.0  0.0  0.0  0.0  0.0  0.0  0.0  0.0  0.0  0.0  0.0  0.0  0.0  0.0  0.0
  0.0  0.0  0.0  0.0  0.0  0.0  0.0  0.0  0.0  0.0  0.0  0.0  0.0  0.0  0.0
  0.0  0.0  0.0  0.0  0.0  0.0  0.0  0.0  0.0  0.0  0.0  0.0  0.0  0.0  0.0
  0.0  0.0  0.0  0.0  0.0  0.0  0.0  0.0  0.0  0.0100.0  0.0  0.0  0.0 25.0
  0.0  0.0  0.0  0.0  0.0  0.0 50.0  0.0  0.0 25.0  0.0  0.0  0.0  0.0  0.0
    -21.02     -5.73      0.18      3.39      3.95  0.0  0.0  0.0  0.0  0.0
                                  t000143_s8_p2_ai-el2ap.txt 28.8  5.1  175
  5.7  0.0  0.0 28.6  0.0  5.7  0.0  0.0  0.0  0.0  0.0  0.0  0.0  0.0  0.0
  0.0  0.0  0.0 11.4  0.0  0.0331.4177.1 51.4 28.6  0.0  5.7  5.7  0.0  5.7
  0.0  0.0 28.6  0.0  0.0 17.1  0.0  0.0  0.0  0.0  0.0  0.0  5.7  0.0  0.0
 11.4  0.0  0.0  5.7  0.0  0.0 11.4 11.4  0.0  5.7 62.9  0.0  0.0 80.0  5.7
  0.0  0.0  0.0  0.0  0.0  0.0  0.0  0.0  0.0  0.0  0.0  0.0  0.0  0.0  0.0
  0.0  0.0  0.0  0.0  0.0  0.0  0.0  0.0  0.0  0.0  0.0  0.0  0.0  0.0  0.0
  0.0  0.0  0.0  0.0  5.7  0.0  0.0  0.0  0.0  0.0  0.0  0.0  0.0  0.0  0.0
  0.0  0.0  0.0  0.0  0.0  5.7  5.7  0.0  0.0  0.0  0.0  0.0  0.0  0.0  0.0
  0.0  0.0  0.0  0.0  0.0  0.0  0.0 11.4  0.0  0.0  0.0  0.0  0.0 22.9  5.7
  0.0  5.7  0.0  0.0  0.0  0.0  0.0  0.0  0.0 11.4  0.0 22.9  0.0  0.0  0.0
    -24.99     -2.63      4.84     -6.61      3.63  0.0  0.0  0.0  0.0  0.0
                                  t000143_s8_p3_ai-el2ap.txt 29.5  5.0  175
  5.7  0.0  0.0 40.0  0.0  0.0  0.0  0.0  0.0 11.4  0.0  0.0  0.0  0.0  0.0
  0.0  0.0 11.4  0.0  0.0  0.0354.3137.1 45.7 28.6  0.0  5.7  5.7  0.0  5.7
  5.7  5.7 68.6  0.0  0.0 17.1 17.1  0.0  0.0  0.0  0.0  5.7  0.0 17.1  0.0
  0.0  5.7  0.0  0.0  5.7 11.4 11.4 17.1  0.0 11.4 68.6  0.0  0.0 85.7  5.7
  0.0  0.0  0.0  0.0  0.0  0.0  0.0  0.0  0.0  0.0  0.0  0.0  0.0  0.0  0.0
  0.0  0.0  0.0  0.0  0.0  0.0  0.0  0.0  0.0  0.0  0.0  0.0  0.0  0.0  0.0
  0.0  5.7  0.0  0.0  5.7  0.0  0.0  0.0  0.0  0.0  0.0  0.0  0.0  0.0  0.0
  0.0  0.0  0.0  0.0  5.7  5.7 11.4  0.0  0.0  0.0  0.0  0.0  0.0  0.0  0.0
  0.0  0.0  0.0  0.0  0.0  0.0  0.0 17.1  0.0  0.0 22.9  0.0  0.0  0.0  0.0
  0.0  0.0  0.0  0.0  0.0  0.0  0.0  0.0  0.0  5.7 11.4  0.0  5.7  0.0  0.0
    -22.47     -2.63     14.93     -4.32     -1.03  0.0  5.7  0.0  0.0  0.0
                                  t000143_s8_p4_ai-el2ap.txt 18.0  6.2   85
 11.8  0.0  0.0 58.8  0.0  0.0  0.0  0.0  0.0  0.0  0.0  0.0  0.0  0.0  0.0
  0.0  0.0  0.0 11.8  0.0  0.0258.8117.6 94.1  0.0  0.0 23.5  0.0  0.0  0.0
  0.0  0.0 35.3  0.0  0.0 47.1  0.0  0.0  0.0  0.0  0.0 11.8  0.0 23.5 11.8
  0.0  0.0 11.8  0.0  0.0  0.0 11.8 35.3  0.0  0.0164.7  0.0  0.0105.9 23.5
  0.0  0.0  0.0  0.0  0.0  0.0  0.0  0.0  0.0  0.0  0.0  0.0  0.0  0.0  0.0
  0.0  0.0  0.0  0.0  0.0  0.0 11.8  0.0  0.0  0.0  0.0  0.0  0.0  0.0  0.0
  0.0  0.0  0.0  0.0  0.0  0.0  0.0  0.0  0.0  0.0  0.0  0.0  0.0  0.0  0.0
 11.8  0.0  0.0 11.8  0.0  0.0  0.0  0.0  0.0  0.0  0.0  0.0  0.0  0.0  0.0
  0.0  0.0  0.0  0.0  0.0  0.0  0.0  0.0 11.8  0.0 35.3  0.0  0.0  0.0  0.0
  0.0 11.8  0.0  0.0  0.0  0.0 11.8  0.0  0.0 11.8 23.5  0.0 35.3  0.0  0.0
    -25.77     -1.20      0.75     -1.90      8.99  0.0  0.0  0.0  0.0  0.0
                                  t000143_s8_p5_ai-el2ap.txt 19.8  6.0  104
  9.6  0.0  0.0 48.1  0.0  0.0  0.0  0.0  0.0  0.0  0.0  0.0  0.0  0.0  0.0
  0.0  0.0  9.6  9.6  0.0  0.0336.5163.5125.0  9.6  0.0  0.0  9.6  0.0  9.6
  0.0  0.0 86.5  0.0  0.0 28.8 28.8  0.0  0.0  0.0  0.0  9.6  0.0  9.6  0.0
  0.0  0.0  9.6  0.0  0.0  9.6  9.6  9.6  0.0  9.6125.0  0.0  0.0125.0 19.2
  0.0  0.0  0.0  0.0  0.0  0.0  0.0  0.0  0.0  0.0  0.0  0.0  0.0  0.0  0.0
  0.0  0.0  0.0  0.0  0.0  0.0  0.0  0.0  0.0  0.0  0.0  0.0  9.6  0.0  0.0
  0.0  0.0  0.0  9.6  0.0  0.0  0.0  0.0  0.0  0.0  0.0  0.0  0.0  0.0  0.0
  0.0  0.0  9.6  9.6  9.6  0.0  9.6  0.0  0.0  0.0  0.0  0.0  0.0  0.0  0.0
  0.0  0.0  0.0  0.0  0.0  0.0  0.0  0.0 19.2  9.6 86.5  0.0  0.0  0.0  0.0
  0.0  0.0  0.0  0.0  0.0  0.0 19.2  0.0  0.0  0.0  0.0  9.6 28.8  9.6  0.0
    -29.30     -3.63     10.15     -2.76     -2.17  0.0  0.0  0.0  0.0  0.0
                                  t000143_s8_p6_ai-el2ap.txt  9.8  5.6   44
  0.0  0.0  0.0 45.5  0.0  0.0  0.0  0.0  0.0  0.0  0.0  0.0  0.0  0.0  0.0
  0.0  0.0  0.0 22.7  0.0  0.0295.5136.4113.6  0.0  0.0  0.0  0.0  0.0  0.0
  0.0  0.0 90.9  0.0  0.0 22.7  0.0  0.0  0.0  0.0  0.0  0.0  0.0  0.0  0.0
  0.0  0.0  0.0  0.0  0.0  0.0 22.7  0.0  0.0  0.0113.6  0.0  0.0 45.5  0.0
  0.0  0.0  0.0  0.0  0.0  0.0  0.0  0.0  0.0  0.0  0.0  0.0  0.0  0.0  0.0
  0.0  0.0  0.0  0.0  0.0  0.0  0.0  0.0  0.0  0.0  0.0  0.0  0.0  0.0  0.0
  0.0 22.7  0.0  0.0  0.0  0.0  0.0  0.0  0.0  0.0  0.0  0.0  0.0  0.0  0.0
  0.0  0.0  0.0  0.0 22.7  0.0 22.7  0.0  0.0  0.0  0.0  0.0  0.0  0.0  0.0
  0.0  0.0  0.0  0.0  0.0  0.0  0.0  0.0 45.5  0.0 22.7  0.0  0.0  0.0  0.0
  0.0  0.0  0.0  0.0  0.0  0.0  0.0  0.0  0.0  0.0  0.0  0.0  0.0  0.0  0.0
    -26.46     -5.73      6.00     -6.61     -3.63  0.0  0.0  0.0  0.0  0.0
                                  t000146_s1_p1_ai-el2ap.txt  6.5  5.3   30
  0.0  0.0  0.0 33.3  0.0  0.0  0.0  0.0  0.0 33.3  0.0  0.0  0.0  0.0  0.0
  0.0  0.0  0.0  0.0  0.0  0.0333.3166.7100.0 33.3  0.0  0.0  0.0  0.0  0.0
  0.0  0.0100.0  0.0  0.0  0.0 33.3  0.0  0.0  0.0  0.0  0.0  0.0  0.0  0.0
  0.0  0.0  0.0  0.0  0.0  0.0  0.0  0.0  0.0  0.0100.0  0.0  0.0100.0  0.0
  0.0  0.0  0.0  0.0  0.0  0.0  0.0  0.0  0.0  0.0  0.0  0.0  0.0  0.0  0.0
  0.0  0.0  0.0  0.0  0.0  0.0  0.0  0.0  0.0  0.0  0.0  0.0  0.0  0.0  0.0
  0.0 33.3  0.0  0.0  0.0  0.0  0.0  0.0  0.0  0.0  0.0  0.0  0.0  0.0  0.0
  0.0  0.0  0.0  0.0 33.3  0.0 33.3  0.0  0.0  0.0  0.0  0.0  0.0  0.0  0.0
  0.0  0.0  0.0  0.0  0.0  0.0  0.0  0.0 33.3  0.0200.0  0.0  0.0  0.0 33.3
  0.0  0.0  0.0  0.0  0.0  0.0  0.0  0.0  0.0 33.3  0.0  0.0  0.0  0.0  0.0
    -27.55     -4.63      7.92     -6.61     -3.63  0.0  0.0  0.0  0.0  0.0
                                  t000146_s1_p2_ai-el2ap.txt 10.0  5.5   50
  0.0  0.0  0.0  0.0  0.0  0.0  0.0 20.0  0.0  0.0  0.0  0.0  0.0  0.0  0.0
  0.0  0.0  0.0 20.0  0.0  0.0400.0160.0 80.0 80.0  0.0  0.0  0.0  0.0  0.0
  0.0  0.0 60.0  0.0  0.0  0.0  0.0  0.0  0.0  0.0  0.0  0.0  0.0 20.0  0.0
  0.0  0.0  0.0  0.0  0.0  0.0 20.0 20.0  0.0  0.0 80.0  0.0  0.0 60.0  0.0
  0.0  0.0  0.0  0.0  0.0  0.0  0.0  0.0  0.0  0.0  0.0  0.0  0.0  0.0  0.0
  0.0  0.0  0.0  0.0  0.0  0.0  0.0  0.0  0.0  0.0  0.0  0.0  0.0  0.0  0.0
  0.0  0.0  0.0  0.0  0.0  0.0  0.0  0.0  0.0  0.0 20.0  0.0  0.0  0.0  0.0
  0.0  0.0  0.0  0.0  0.0  0.0  0.0 20.0  0.0  0.0  0.0  0.0  0.0  0.0  0.0
  0.0  0.0  0.0  0.0  0.0  0.0  0.0  0.0 20.0  0.0 60.0  0.0  0.0 20.0 20.0
  0.0  0.0  0.0  0.0  0.0  0.0  0.0 20.0  0.0 20.0  0.0  0.0  0.0  0.0  0.0
    -25.33     -3.10      5.14     -6.61     -0.60  0.0  0.0  0.0  0.0  0.0
                                  t000146_s1_p3_ai-el2ap.txt 16.8  5.8  129
  7.8  0.0  0.0  0.0  0.0  0.0  0.0  0.0  7.8  0.0  0.0  0.0  0.0  0.0  0.0
  0.0  0.0  0.0  0.0  0.0  0.0333.3217.1 62.0 69.8 15.5  0.0  0.0  0.0  0.0
  0.0  0.0162.8  0.0  0.0 23.3  0.0  0.0  0.0  0.0  0.0  0.0  0.0  7.8  0.0
  0.0 23.3  0.0  0.0  0.0  0.0 23.3  7.8  0.0  0.0100.8 23.3  0.0 69.8  0.0
  0.0  0.0  0.0  0.0  0.0  0.0  0.0  0.0  0.0  0.0  0.0  0.0  0.0  0.0  0.0
  0.0  0.0  0.0  0.0  0.0  0.0  0.0  0.0  0.0  0.0  0.0  0.0  0.0  0.0  0.0
  0.0  0.0  0.0  0.0  0.0  0.0  0.0  0.0  0.0  0.0  0.0  0.0  0.0  0.0  0.0
  0.0  0.0  0.0  0.0  0.0  0.0  0.0  0.0  0.0  0.0  0.0  0.0  0.0  0.0  0.0
  0.0  0.0  0.0  0.0  0.0  0.0  0.0  0.0  0.0  0.0 77.5  0.0  0.0  0.0  0.0
  0.0  0.0  0.0  0.0  0.0  0.0 15.5 15.5  0.0  0.0  0.0  0.0  0.0  0.0  0.0
    -33.32     -2.74     10.96     -6.61     -2.45  7.8  0.0  0.0  0.0  0.0
                                  t000146_s1_p4_ai-el2ap.txt 12.5  5.7   59
  0.0  0.0  0.0 67.8  0.0  0.0  0.0  0.0 16.9  0.0  0.0  0.0  0.0  0.0  0.0
  0.0  0.0 16.9  0.0  0.0  0.0339.0169.5 50.8  0.0  0.0  0.0  0.0  0.0  0.0
  0.0  0.0152.5  0.0  0.0 16.9  0.0  0.0 16.9  0.0  0.0  0.0  0.0 33.9  0.0
 16.9  0.0  0.0  0.0 16.9 16.9  0.0 50.8  0.0  0.0101.7 16.9  0.0101.7  0.0
  0.0  0.0  0.0  0.0  0.0  0.0  0.0  0.0  0.0  0.0  0.0  0.0  0.0  0.0  0.0
  0.0  0.0  0.0  0.0  0.0  0.0  0.0  0.0  0.0  0.0  0.0  0.0  0.0  0.0  0.0
  0.0  0.0  0.0  0.0  0.0  0.0  0.0  0.0  0.0  0.0 16.9  0.0  0.0  0.0  0.0
  0.0  0.0  0.0  0.0  0.0  0.0  0.0 16.9  0.0  0.0  0.0  0.0  0.0  0.0  0.0
  0.0  0.0  0.0  0.0  0.0  0.0  0.0  0.0  0.0 16.9 84.7  0.0  0.0  0.0 16.9
  0.0  0.0  0.0  0.0  0.0  0.0 16.9 33.9  0.0 16.9  0.0  0.0 16.9  0.0  0.0
    -24.43     -5.73     10.60     -1.14      6.98  0.0  0.0  0.0  0.0  0.0
                                 t000146_s11_p1_ai-el2ap.txt 29.0  5.5  218
  4.6  0.0  0.0 27.5  0.0  0.0  0.0  4.6  0.0  0.0  0.0  0.0  0.0  0.0  0.0
  0.0  0.0  0.0 18.3  0.0  0.0293.6192.7 96.3 27.5  0.0  0.0  4.6  0.0  0.0
  0.0  0.0 96.3  0.0  0.0 22.9  0.0  0.0  0.0  0.0  0.0  0.0  0.0  9.2  0.0
  4.6  0.0  4.6  0.0  4.6  0.0 18.3 13.8  0.0  0.0156.0  0.0  0.0 82.6  4.6
  0.0  0.0  0.0  0.0  0.0  0.0  0.0  0.0  0.0  0.0  0.0  0.0  0.0  0.0  0.0
  0.0  0.0  0.0  0.0  0.0  0.0  0.0  0.0  0.0  0.0  0.0  0.0  0.0  0.0  0.0
  0.0  0.0  0.0  0.0  0.0  0.0  0.0  0.0  0.0  0.0  0.0  0.0  0.0  0.0  0.0
  0.0  0.0  0.0  0.0  0.0  0.0  0.0  0.0  0.0  0.0  0.0  0.0  0.0  0.0  0.0
  0.0  0.0  0.0  0.0  0.0  0.0  0.0  4.6  4.6  0.0 32.1  0.0  4.6  4.6  4.6
  0.0  0.0  0.0  0.0  0.0  0.0  4.6 18.3  4.6  0.0  0.0  9.2  0.0  0.0  0.0
    -27.22     -3.97      6.36     -6.61     -0.76  0.0  0.0  0.0  0.0  0.0
                                 t000146_s11_p2_ai-el2ap.txt 24.5  6.1  135
  0.0  0.0  7.4 51.9  0.0  0.0  0.0  0.0  0.0  7.4  0.0  0.0  0.0  0.0  0.0
  0.0  0.0  7.4 29.6  0.0  0.0370.4133.3 81.5  0.0  7.4  0.0  0.0  0.0  0.0
  0.0  0.0 88.9  0.0  0.0 29.6 14.8  0.0  0.0  0.0  0.0  0.0 14.8  0.0  0.0
  0.0  7.4  7.4  0.0  0.0  7.4 37.0  0.0  0.0  0.0125.9  7.4  7.4 74.1  7.4
  0.0  0.0  0.0  0.0  0.0  0.0  0.0  0.0  0.0  0.0  0.0  0.0  0.0  0.0  0.0
  0.0  0.0  0.0  0.0  0.0  7.4  0.0  0.0  0.0  0.0  0.0  0.0  0.0  0.0  0.0
  0.0  0.0  0.0  0.0  0.0  0.0  0.0  0.0  0.0  0.0  0.0  0.0  0.0  0.0  0.0
  7.4  0.0  0.0  7.4  0.0  0.0  0.0  0.0  0.0  0.0  0.0  0.0  0.0  0.0  0.0
  0.0  0.0  0.0  0.0  0.0  0.0  0.0  0.0 14.8  0.0 14.8  0.0  0.0  0.0  7.4
  0.0  0.0  0.0  0.0  0.0  7.4 37.0  0.0  0.0 14.8  0.0  7.4  0.0  0.0  0.0
    -22.61     -5.40      5.46     -6.61      5.63  0.0  0.0  0.0  0.0  0.0
                                 t000146_s11_p3_ai-el2ap.txt 31.3  5.8  220
  4.5  0.0  0.0 36.4  0.0  0.0  0.0  0.0  0.0  0.0  0.0  0.0  0.0  0.0  0.0
  0.0  0.0  0.0  9.1  0.0  0.0318.2163.6 54.5  4.5  4.5  0.0  4.5  0.0  0.0
  0.0  0.0122.7  0.0  0.0 27.3  4.5  0.0  0.0  0.0  0.0  9.1  9.1  9.1  4.5
 13.6  9.1  9.1 18.2  9.1  0.0 18.2 27.3  0.0  0.0136.4  4.5  0.0 72.7  9.1
  0.0  0.0  0.0  0.0  0.0  0.0  0.0  0.0  0.0  0.0  0.0  0.0  0.0  0.0  0.0
  0.0  0.0  0.0  0.0  0.0  0.0  0.0  0.0  0.0  0.0  0.0  0.0  0.0  0.0  0.0
  0.0  0.0  0.0  0.0  0.0  0.0  0.0  0.0  0.0  0.0  0.0  0.0  0.0  0.0  0.0
  0.0  0.0  0.0  0.0  0.0  0.0  0.0  0.0  0.0  0.0  0.0  0.0  0.0  0.0  0.0
  0.0  0.0  0.0  0.0  0.0  0.0  0.0  0.0 13.6  9.1  9.1  0.0  0.0  0.0  9.1
  0.0  0.0  0.0  0.0  0.0  0.0  0.0  4.5  9.1  4.5  4.5  0.0  9.1  0.0  0.0
    -28.20     -4.53      7.95     -2.97     11.33  0.0  0.0  0.0  0.0  0.0
                                 t000146_s11_p4_ai-el2ap.txt 34.0  6.2  234
  4.3  0.0  0.0 59.8  0.0  0.0  0.0  4.3  0.0  8.5  4.3  0.0  0.0  0.0  0.0
  4.3  0.0  4.3 12.8  0.0  0.0341.9141.0 76.9  8.5  0.0  8.5  0.0  4.3  0.0
  0.0  8.5153.8  0.0  0.0 38.5 17.1  0.0  8.5  0.0  0.0  0.0  8.5 12.8  4.3
  0.0  8.5  4.3  4.3  8.5  4.3 29.9 17.1  0.0  4.3123.9  0.0  0.0 98.3  0.0
  0.0  0.0  0.0  0.0  0.0  0.0  0.0  0.0  0.0  0.0  0.0  0.0  0.0  0.0  0.0
  0.0  0.0  0.0  0.0  0.0  0.0  4.3  0.0  0.0  0.0  0.0  0.0  0.0  0.0  0.0
  0.0  4.3  0.0  0.0  0.0  0.0  0.0  0.0  4.3  4.3  0.0  0.0  0.0  0.0  0.0
  4.3  0.0  0.0  4.3  4.3  4.3 12.8  0.0  0.0  0.0  0.0  0.0  0.0  0.0  0.0
  0.0  0.0  0.0  0.0  0.0  0.0  0.0  8.5 25.6  4.3 34.2  0.0  4.3  0.0  8.5
  0.0  0.0  0.0  0.0  0.0  0.0 25.6 12.8  8.5  4.3  8.5  0.0  8.5  0.0  0.0
    -23.11     -3.80     15.15     -3.85      6.95  0.0  0.0  0.0  0.0  0.0
                                 t000146_s11_p5_ai-el2ap.txt 23.3  6.6  133
  0.0  0.0  0.0 75.2  0.0  0.0  0.0  0.0  0.0 15.0  0.0  0.0  0.0  0.0  0.0
  0.0  0.0  7.5 15.0  0.0  0.0315.8150.4105.3 15.0  0.0 15.0  0.0  0.0  0.0
  7.5  7.5112.8  0.0  0.0 22.6 15.0  7.5  0.0  0.0  0.0 15.0  0.0 30.1  7.5
  0.0  0.0  7.5  0.0  7.5 15.0 22.6 37.6  0.0  7.5120.3  0.0  0.0105.3  0.0
  0.0  0.0  0.0  0.0  0.0  0.0  0.0  0.0  0.0  0.0  0.0  0.0  0.0  0.0  0.0
  0.0  0.0  0.0  7.5  0.0  0.0  0.0  0.0  0.0  0.0  0.0  0.0  0.0  0.0  0.0
  0.0  0.0  0.0  0.0  0.0  0.0  0.0  0.0  0.0  0.0  0.0  0.0  0.0  0.0  0.0
  7.5  0.0  0.0  7.5  0.0  0.0  0.0  0.0  0.0  0.0  0.0  0.0  0.0  0.0  0.0
  0.0  0.0  0.0  0.0  0.0  0.0  0.0  0.0 30.1  0.0 52.6  0.0  0.0  0.0  0.0
  0.0  0.0  0.0  0.0  0.0 15.0 15.0  0.0  7.5  0.0  0.0  7.5  7.5  0.0  0.0
    -25.93     -2.34     17.14      1.20      6.71  0.0  0.0  0.0  0.0  0.0
                                 t000146_s11_p6_ai-el2ap.txt 27.5  5.8  156
  0.0  0.0  0.0 64.1  0.0  0.0  0.0  0.0  0.0  6.4  6.4  0.0  0.0  0.0  0.0
  0.0  0.0 25.6  0.0  0.0  0.0326.9141.0 76.9  6.4  6.4 12.8  0.0  0.0  0.0
  0.0  6.4102.6  0.0 12.8 25.6  6.4  0.0  6.4  0.0  0.0  6.4 12.8 19.2  0.0
  0.0  0.0  0.0  0.0  0.0 25.6  6.4 19.2  0.0  0.0 89.7  6.4  0.0102.6  6.4
  6.4  0.0  0.0  0.0  0.0  0.0  0.0  0.0  0.0  0.0  0.0  0.0  0.0  0.0  0.0
  0.0  0.0  0.0  0.0  0.0  0.0  0.0  0.0  0.0  0.0  0.0  0.0  0.0  0.0  0.0
  0.0  0.0  0.0  0.0  0.0  0.0  0.0  0.0  0.0  0.0  0.0  0.0  0.0  0.0  0.0
  0.0  0.0  0.0  0.0  0.0  0.0  0.0  0.0  0.0  0.0  0.0  0.0  0.0  0.0  0.0
  0.0  0.0  0.0  0.0  0.0  0.0  0.0  6.4 44.9  0.0 25.6  0.0  0.0  0.0 19.2
  6.4  0.0  0.0  0.0  0.0 25.6 12.8 19.2  0.0 12.8  0.0  0.0  6.4  0.0  0.0
    -21.36     -2.77      5.24     -1.97      7.30  0.0  0.0  0.0  0.0  0.0
                                 t000146_s14_p1_ai-el2ap.txt  7.3  6.4   34
  0.0  0.0  0.0  0.0  0.0  0.0  0.0  0.0  0.0  0.0  0.0  0.0  0.0  0.0  0.0
  0.0  0.0  0.0 29.4  0.0  0.0235.3 58.8205.9 88.2  0.0  0.0  0.0  0.0  0.0
  0.0  0.0 29.4  0.0  0.0  0.0 58.8  0.0  0.0  0.0  0.0  0.0  0.0 58.8  0.0
  0.0  0.0  0.0  0.0 29.4  0.0 29.4 58.8  0.0  0.0235.3  0.0  0.0176.5 29.4
  0.0  0.0  0.0  0.0  0.0  0.0  0.0  0.0  0.0  0.0  0.0  0.0  0.0  0.0  0.0
  0.0  0.0  0.0  0.0  0.0  0.0  0.0  0.0  0.0  0.0  0.0  0.0  0.0  0.0  0.0
  0.0  0.0  0.0  0.0  0.0  0.0  0.0  0.0  0.0  0.0  0.0  0.0  0.0  0.0  0.0
  0.0  0.0  0.0  0.0  0.0  0.0  0.0  0.0  0.0  0.0  0.0  0.0  0.0  0.0  0.0
  0.0  0.0  0.0  0.0  0.0  0.0  0.0  0.0 58.8 29.4 58.8  0.0 29.4  0.0  0.0
  0.0  0.0  0.0  0.0 29.4  0.0  0.0 29.4  0.0 29.4  0.0  0.0  0.0  0.0  0.0
    -28.50     -2.83      3.02     -6.61      5.29  0.0  0.0  0.0  0.0  0.0
                                 t000146_s14_p2_ai-el2ap.txt  7.3  5.0   35
  0.0  0.0  0.0  0.0  0.0  0.0  0.0  0.0  0.0  0.0  0.0  0.0  0.0  0.0  0.0
  0.0  0.0  0.0  0.0  0.0  0.0400.0142.9 57.1 28.6  0.0  0.0  0.0  0.0  0.0
  0.0  0.0 28.6  0.0  0.0  0.0  0.0  0.0  0.0  0.0  0.0  0.0  0.0 28.6  0.0
  0.0  0.0  0.0  0.0  0.0  0.0  0.0 28.6  0.0  0.0 57.1  0.0  0.0 28.6  0.0
  0.0  0.0  0.0  0.0  0.0  0.0  0.0  0.0  0.0  0.0  0.0  0.0  0.0  0.0  0.0
  0.0  0.0  0.0  0.0  0.0  0.0  0.0  0.0  0.0  0.0  0.0  0.0  0.0  0.0  0.0
  0.0  0.0  0.0  0.0  0.0  0.0  0.0  0.0  0.0  0.0  0.0  0.0  0.0  0.0  0.0
  0.0  0.0  0.0  0.0  0.0  0.0  0.0  0.0  0.0  0.0  0.0  0.0  0.0  0.0  0.0
  0.0  0.0  0.0  0.0  0.0  0.0  0.0  0.0  0.0  0.0 85.7  0.0 28.6 28.6  0.0
  0.0  0.0  0.0  0.0  0.0  0.0  0.0 28.6  0.0  0.0  0.0  0.0  0.0  0.0  0.0
    -31.12     -4.79      2.96     -6.61      0.70  0.0  0.0 28.6  0.0  0.0
                                 t000146_s14_p3_ai-el2ap.txt 14.3  5.4   77
  0.0  0.0  0.0 64.9  0.0  0.0  0.0  0.0  0.0 13.0  0.0 13.0  0.0 13.0  0.0
  0.0  0.0  0.0  0.0  0.0  0.0337.7155.8129.9 13.0 13.0  0.0  0.0  0.0 13.0
  0.0 13.0103.9  0.0  0.0 13.0  0.0  0.0 13.0  0.0  0.0  0.0  0.0 26.0  0.0
  0.0  0.0  0.0  0.0 13.0  0.0 26.0 26.0  0.0 13.0155.8 13.0  0.0 77.9  0.0
  0.0  0.0  0.0  0.0  0.0  0.0  0.0  0.0  0.0  0.0  0.0  0.0  0.0  0.0  0.0
  0.0  0.0  0.0  0.0  0.0  0.0  0.0  0.0  0.0  0.0  0.0  0.0  0.0  0.0  0.0
  0.0  0.0  0.0  0.0  0.0  0.0  0.0  0.0  0.0  0.0  0.0  0.0  0.0  0.0  0.0
  0.0  0.0  0.0  0.0  0.0  0.0  0.0  0.0  0.0  0.0  0.0  0.0  0.0  0.0  0.0
  0.0  0.0  0.0  0.0  0.0  0.0  0.0  0.0 39.0  0.0 13.0  0.0  0.0  0.0  0.0
  0.0  0.0  0.0  0.0  0.0  0.0 13.0 13.0  0.0  0.0  0.0  0.0 13.0  0.0  0.0
    -16.97     -4.72     18.75     -2.42      0.31  0.0  0.0  0.0  0.0  0.0
                                 t000146_s14_p5_ai-el2ap.txt  5.8  5.5   35
  0.0  0.0  0.0  0.0  0.0  0.0  0.0  0.0  0.0  0.0  0.0  0.0  0.0  0.0  0.0
  0.0  0.0  0.0 28.6  0.0  0.0342.9228.6114.3 28.6  0.0  0.0  0.0  0.0  0.0
  0.0  0.0257.1  0.0  0.0  0.0  0.0  0.0  0.0  0.0  0.0  0.0  0.0  0.0  0.0
  0.0  0.0  0.0  0.0  0.0  0.0 28.6  0.0  0.0  0.0142.9  0.0  0.0 28.6  0.0
  0.0  0.0  0.0  0.0  0.0  0.0  0.0  0.0  0.0  0.0  0.0  0.0  0.0  0.0  0.0
  0.0  0.0  0.0  0.0  0.0  0.0  0.0  0.0  0.0  0.0  0.0  0.0  0.0  0.0  0.0
  0.0  0.0  0.0  0.0  0.0  0.0  0.0  0.0  0.0  0.0  0.0  0.0  0.0  0.0  0.0
  0.0  0.0  0.0  0.0  0.0  0.0  0.0  0.0  0.0  0.0  0.0  0.0  0.0  0.0  0.0
  0.0  0.0  0.0  0.0  0.0  0.0  0.0 28.6  0.0 28.6 85.7  0.0  0.0  0.0 28.6
  0.0  0.0  0.0  0.0  0.0 28.6 28.6  0.0  0.0  0.0  0.0  0.0  0.0  0.0  0.0
    -31.12     -4.79     18.83     -6.61     -3.63  0.0  0.0  0.0  0.0  0.0
                                 t000146_s14_p6_ai-el2ap.txt  6.8  5.1   30
  0.0  0.0  0.0 33.3  0.0  0.0  0.0  0.0  0.0  0.0  0.0  0.0  0.0  0.0  0.0
  0.0  0.0  0.0  0.0  0.0  0.0500.0266.7 33.3  0.0  0.0  0.0  0.0  0.0  0.0
  0.0  0.0200.0  0.0 33.3  0.0  0.0  0.0  0.0  0.0  0.0  0.0  0.0 33.3  0.0
  0.0  0.0  0.0  0.0  0.0  0.0  0.0 33.3  0.0  0.0 33.3  0.0  0.0 33.3  0.0
  0.0  0.0  0.0  0.0  0.0  0.0  0.0  0.0  0.0  0.0  0.0  0.0  0.0  0.0  0.0
  0.0  0.0  0.0  0.0  0.0  0.0  0.0  0.0  0.0  0.0  0.0  0.0  0.0  0.0  0.0
  0.0  0.0  0.0  0.0  0.0  0.0  0.0  0.0  0.0  0.0  0.0  0.0  0.0  0.0  0.0
  0.0  0.0  0.0  0.0  0.0  0.0  0.0  0.0  0.0  0.0  0.0  0.0  0.0  0.0  0.0
  0.0  0.0  0.0  0.0  0.0  0.0  0.0  0.0  0.0 33.3  0.0  0.0  0.0  0.0  0.0
  0.0  0.0  0.0  0.0  0.0 33.3  0.0  0.0  0.0 33.3  0.0  0.0  0.0  0.0  0.0
    -36.82     -5.73      5.06     -6.61      1.42  0.0  0.0  0.0  0.0  0.0
                                 t000146_s14_p7_ai-el2ap.txt  9.3  5.6   47
  0.0  0.0 21.3 21.3  0.0  0.0  0.0  0.0  0.0  0.0  0.0  0.0  0.0  0.0  0.0
  0.0  0.0  0.0  0.0  0.0  0.0361.7191.5 63.8 63.8  0.0  0.0  0.0  0.0  0.0
  0.0  0.0148.9  0.0  0.0  0.0  0.0  0.0  0.0  0.0  0.0  0.0  0.0 42.6  0.0
 21.3  0.0  0.0  0.0  0.0  0.0  0.0 63.8  0.0  0.0 63.8  0.0  0.0106.4  0.0
  0.0  0.0  0.0  0.0  0.0  0.0  0.0  0.0  0.0  0.0  0.0  0.0  0.0  0.0  0.0
  0.0  0.0  0.0  0.0  0.0  0.0  0.0  0.0  0.0  0.0  0.0  0.0  0.0  0.0  0.0
  0.0  0.0  0.0  0.0  0.0  0.0  0.0  0.0  0.0  0.0  0.0  0.0  0.0  0.0  0.0
  0.0  0.0  0.0  0.0  0.0  0.0  0.0  0.0  0.0  0.0  0.0  0.0  0.0  0.0  0.0
  0.0  0.0  0.0  0.0  0.0  0.0  0.0 21.3  0.0 21.3 21.3 21.3 42.6 21.3 21.3
  0.0  0.0  0.0  0.0  0.0  0.0 21.3  0.0  0.0 21.3  0.0  0.0  0.0  0.0  0.0
    -31.93     -3.63     11.32     -6.61      9.68  0.0  0.0  0.0  0.0  0.0
                                 t000146_s14_p8_ai-el2ap.txt  8.5  5.5   39
  0.0  0.0  0.0  0.0  0.0  0.0  0.0  0.0  0.0  0.0  0.0  0.0  0.0  0.0  0.0
  0.0  0.0  0.0  0.0  0.0  0.0333.3128.2 76.9 51.3  0.0 25.6  0.0  0.0  0.0
  0.0  0.0102.6  0.0  0.0 25.6 25.6  0.0  0.0  0.0  0.0  0.0  0.0 51.3  0.0
  0.0  0.0  0.0 25.6  0.0  0.0  0.0 51.3  0.0  0.0 76.9  0.0  0.0102.6  0.0
 25.6  0.0  0.0  0.0  0.0  0.0  0.0  0.0  0.0  0.0  0.0  0.0  0.0  0.0  0.0
  0.0  0.0  0.0  0.0  0.0  0.0  0.0  0.0  0.0  0.0  0.0  0.0  0.0  0.0  0.0
  0.0  0.0  0.0  0.0  0.0  0.0  0.0  0.0  0.0  0.0  0.0  0.0  0.0  0.0  0.0
  0.0  0.0  0.0  0.0  0.0  0.0  0.0  0.0  0.0  0.0  0.0  0.0  0.0  0.0  0.0
  0.0  0.0  0.0  0.0  0.0  0.0  0.0  0.0  0.0  0.0 51.3  0.0 25.6  0.0  0.0
  0.0  0.0  0.0  0.0  0.0  0.0  0.0 25.6 25.6 25.6  0.0  0.0 25.6  0.0  0.0
    -31.01      0.89      6.64     -6.61      4.14  0.0  0.0  0.0  0.0  0.0
                                 t000146_s20_p1_ai-el2ap.txt 16.3  4.9  101
  0.0  0.0  0.0 89.1  0.0  0.0  0.0  9.9  0.0 19.8  0.0  0.0  0.0  0.0  0.0
  0.0  0.0  0.0  9.9  0.0  0.0356.4178.2 29.7 29.7  0.0  0.0  0.0  0.0  0.0
  0.0  0.0118.8  0.0  0.0 19.8  0.0  0.0  0.0  0.0  0.0  9.9  0.0  9.9  0.0
  0.0  0.0  0.0  9.9  9.9  0.0  9.9  9.9  0.0  0.0 39.6  0.0  9.9108.9  0.0
 19.8  9.9  0.0  0.0  0.0  0.0  0.0  0.0  0.0  0.0  0.0  0.0  0.0  0.0  0.0
  0.0  0.0  0.0  0.0  0.0  0.0  0.0  9.9  0.0  0.0  0.0  0.0  0.0  0.0  0.0
  0.0  0.0  0.0  0.0  0.0  0.0  0.0  0.0  0.0  0.0  0.0  0.0  0.0  0.0  0.0
  0.0  9.9  0.0  9.9  0.0  0.0  0.0  0.0  0.0  0.0  0.0  0.0  0.0  0.0  0.0
  0.0  0.0  0.0  0.0  0.0  0.0  0.0  0.0 29.7  0.0 29.7  0.0  0.0 19.8  0.0
  0.0  0.0  0.0  0.0  0.0  0.0 19.8  0.0  0.0  9.9  0.0  0.0  9.9  0.0  0.0
    -19.80     -4.75      8.10     -2.64     -2.13  0.0  0.0  0.0  0.0  0.0
                                t000146_s20_p10_ai-el2ap.txt 25.3  5.3  158
 12.7  0.0  0.0 50.6  0.0  0.0  0.0  0.0  0.0 19.0  0.0  0.0  0.0  0.0  0.0
  0.0  0.0  0.0 12.7  0.0  0.0354.4151.9 38.0 25.3  0.0  0.0  0.0  0.0  0.0
  0.0  0.0 75.9  6.3  0.0 25.3 12.7  0.0  0.0  0.0  0.0  0.0  0.0  0.0  0.0
  0.0  6.3  6.3 12.7 12.7  0.0 19.0  0.0  0.0  0.0 88.6  0.0  0.0 88.6  6.3
  0.0  0.0  0.0  0.0  0.0  0.0  0.0  0.0  0.0  0.0  0.0  0.0  0.0  0.0  0.0
  0.0  0.0  0.0  0.0  0.0  6.3  6.3  0.0  0.0  0.0  0.0  0.0  0.0  0.0  0.0
  0.0  0.0  0.0  6.3  6.3  0.0  0.0  0.0  6.3  0.0  0.0  0.0  0.0  0.0  0.0
 12.7  0.0  0.0 12.7  6.3 12.7 19.0  0.0  0.0  0.0  0.0  0.0  0.0  0.0  0.0
  0.0  0.0  0.0  0.0  0.0  0.0  0.0  0.0 25.3  0.0 57.0 12.7  6.3  6.3  6.3
  0.0  0.0  0.0  0.0  0.0  0.0  0.0  0.0  6.3 12.7  0.0  0.0 19.0  0.0  0.0
    -21.84     -4.89      3.00     -6.61     -3.63  0.0  0.0  0.0  0.0  0.0
                                 t000146_s20_p2_ai-el2ap.txt 15.5  5.9   84
 23.8  0.0  0.0 35.7  0.0  0.0  0.0  0.0 11.9 23.8  0.0  0.0  0.0  0.0  0.0
  0.0  0.0  0.0  0.0  0.0  0.0333.3226.2 95.2 11.9 11.9 11.9  0.0  0.0  0.0
  0.0  0.0166.7  0.0  0.0 23.8  0.0  0.0  0.0  0.0  0.0 11.9  0.0 11.9  0.0
  0.0  0.0  0.0  0.0  0.0  0.0  0.0 11.9  0.0  0.0107.1 23.8  0.0 71.4 11.9
  0.0  0.0  0.0  0.0  0.0  0.0  0.0  0.0  0.0  0.0  0.0  0.0  0.0  0.0  0.0
  0.0  0.0  0.0  0.0  0.0  0.0  0.0  0.0  0.0  0.0  0.0  0.0  0.0  0.0  0.0
  0.0  0.0  0.0  0.0  0.0  0.0  0.0  0.0  0.0  0.0  0.0  0.0  0.0  0.0  0.0
  0.0  0.0  0.0  0.0  0.0  0.0  0.0  0.0  0.0  0.0  0.0  0.0  0.0  0.0  0.0
  0.0  0.0  0.0  0.0  0.0  0.0  0.0  0.0 23.8  0.0 35.7  0.0  0.0  0.0  0.0
  0.0  0.0  0.0  0.0  0.0  0.0 11.9 11.9  0.0  0.0  0.0  0.0 11.9  0.0  0.0
    -29.77     -2.52     11.19     -1.84     -1.82  0.0  0.0  0.0  0.0  0.0
                                 t000146_s20_p3_ai-el2ap.txt 11.8  4.7   68
  0.0  0.0  0.0 14.7  0.0  0.0  0.0  0.0  0.0  0.0  0.0  0.0  0.0  0.0  0.0
  0.0  0.0  0.0 14.7  0.0  0.0367.6161.8 44.1 29.4 14.7  0.0  0.0  0.0  0.0
  0.0  0.0176.5  0.0  0.0  0.0  0.0  0.0  0.0  0.0  0.0  0.0  0.0  0.0  0.0
 29.4  0.0  0.0  0.0  0.0  0.0 14.7 29.4  0.0  0.0 73.5 14.7  0.0 73.5  0.0
  0.0  0.0  0.0  0.0  0.0  0.0  0.0  0.0  0.0  0.0  0.0  0.0  0.0  0.0  0.0
  0.0  0.0  0.0  0.0  0.0  0.0  0.0  0.0  0.0  0.0  0.0  0.0  0.0  0.0  0.0
  0.0  0.0  0.0  0.0  0.0  0.0  0.0  0.0  0.0  0.0  0.0  0.0  0.0  0.0  0.0
  0.0  0.0  0.0  0.0  0.0  0.0  0.0  0.0  0.0  0.0  0.0  0.0  0.0  0.0  0.0
  0.0  0.0  0.0  0.0  0.0  0.0  0.0  0.0  0.0  0.0 44.1 14.7  0.0  0.0  0.0
  0.0  0.0  0.0  0.0  0.0 14.7 14.7 44.1  0.0 29.4  0.0  0.0  0.0  0.0  0.0
    -26.00     -4.11     13.23     -6.61      5.86  0.0  0.0  0.0  0.0  0.0
                                 t000146_s20_p4_ai-el2ap.txt 12.0  5.0   76
  0.0  0.0  0.0 65.8  0.0  0.0  0.0  0.0  0.0 13.2  0.0  0.0  0.0  0.0  0.0
  0.0  0.0  0.0 13.2  0.0  0.0276.3171.1 26.3 39.5  0.0 13.2  0.0  0.0  0.0
  0.0  0.0 78.9  0.0  0.0 13.2  0.0  0.0  0.0  0.0  0.0  0.0  0.0 26.3  0.0
 13.2  0.0  0.0 26.3  0.0  0.0 13.2 39.5  0.0  0.0 52.6  0.0  0.0118.4  0.0
 13.2  0.0  0.0  0.0  0.0  0.0  0.0  0.0  0.0  0.0  0.0  0.0  0.0  0.0  0.0
  0.0  0.0  0.0  0.0  0.0  0.0  0.0  0.0  0.0  0.0  0.0  0.0  0.0  0.0  0.0
  0.0  0.0  0.0  0.0  0.0  0.0  0.0  0.0  0.0  0.0  0.0  0.0  0.0  0.0  0.0
  0.0  0.0  0.0  0.0  0.0  0.0  0.0  0.0  0.0  0.0  0.0  0.0  0.0  0.0  0.0
  0.0  0.0  0.0  0.0  0.0  0.0  0.0  0.0  0.0  0.0 65.8  0.0  0.0  0.0 13.2
  0.0  0.0  0.0  0.0  0.0  0.0  0.0  0.0 13.2 13.2  0.0  0.0 13.2  0.0  0.0
    -20.67     -1.90      5.71     -6.61      4.61  0.0  0.0  0.0  0.0  0.0
                                 t000146_s20_p5_ai-el2ap.txt 11.3  4.9   83
  0.0  0.0  0.0 84.3  0.0  0.0  0.0  0.0  0.0  0.0  0.0  0.0  0.0  0.0  0.0
  0.0  0.0  0.0  0.0  0.0  0.0289.2180.7 48.2 36.1  0.0  0.0  0.0  0.0  0.0
  0.0  0.0 60.2  0.0  0.0 48.2  0.0  0.0  0.0  0.0  0.0 12.0  0.0 36.1  0.0
  0.0 12.0  0.0  0.0  0.0  0.0 12.0 36.1  0.0  0.0 72.3  0.0  0.0132.5 12.0
  0.0  0.0  0.0  0.0  0.0  0.0  0.0  0.0  0.0  0.0  0.0  0.0  0.0  0.0  0.0
  0.0  0.0  0.0  0.0  0.0  0.0  0.0  0.0  0.0  0.0  0.0  0.0  0.0  0.0  0.0
  0.0  0.0  0.0  0.0  0.0  0.0  0.0  0.0  0.0  0.0  0.0  0.0  0.0  0.0  0.0
  0.0  0.0  0.0  0.0  0.0  0.0  0.0  0.0  0.0  0.0  0.0  0.0  0.0  0.0  0.0
  0.0  0.0  0.0  0.0  0.0  0.0  0.0  0.0  0.0  0.0 36.1 36.1  0.0 24.1  0.0
  0.0  0.0  0.0  0.0  0.0 12.0  0.0  0.0  0.0 12.0  0.0  0.0  0.0  0.0  0.0
    -26.23     -4.54      2.42     -1.79      1.85  0.0  0.0  0.0  0.0  0.0
                                 t000146_s20_p6_ai-el2ap.txt 19.0  5.9  107
  9.3  0.0  0.0 37.4  0.0  0.0  0.0  0.0  0.0 18.7  0.0  0.0  0.0  0.0  0.0
  0.0  0.0  9.3  0.0  0.0  0.0345.8168.2112.1  0.0 18.7  0.0  0.0  0.0  9.3
  0.0  0.0112.1  0.0  0.0 37.4  0.0  0.0  0.0  0.0  0.0  0.0  9.3  9.3  0.0
  0.0  0.0  9.3  0.0  0.0  9.3  0.0  9.3  0.0  9.3149.5 18.7  0.0 56.1  9.3
  0.0  0.0  0.0  0.0  0.0  0.0  0.0  0.0  0.0  0.0  0.0  0.0  0.0  0.0  0.0
  0.0  0.0  0.0  0.0  0.0  0.0  0.0  0.0  0.0  0.0  0.0  0.0  0.0  0.0  0.0
  0.0  0.0  0.0  0.0  0.0  0.0  0.0  0.0  0.0  0.0  0.0  0.0  0.0  0.0  0.0
  0.0  0.0  0.0  0.0  0.0  0.0  0.0  0.0  0.0  0.0  0.0  0.0  0.0  0.0  0.0
  0.0  0.0  0.0  0.0  0.0  0.0  0.0  0.0  9.3  0.0 56.1  0.0  0.0  9.3  0.0
  0.0  0.0  0.0  0.0  0.0  0.0 18.7  0.0  9.3  0.0  0.0  9.3  9.3  0.0  0.0
    -28.54     -4.90     11.31     -6.61      3.63  0.0  0.0  0.0  0.0  0.0
                                 t000146_s20_p7_ai-el2ap.txt 17.3  5.0   97
  0.0  0.0  0.0 51.5  0.0  0.0  0.0 10.3  0.0  0.0  0.0  0.0  0.0  0.0  0.0
  0.0  0.0  0.0  0.0  0.0  0.0402.1195.9 20.6 10.3  0.0  0.0  0.0  0.0  0.0
  0.0  0.0123.7  0.0 10.3 20.6 10.3  0.0 10.3  0.0  0.0  0.0  0.0  0.0  0.0
  0.0  0.0  0.0 30.9 10.3  0.0  0.0  0.0  0.0  0.0 41.2  0.0 10.3 72.2  0.0
  0.0  0.0  0.0  0.0  0.0  0.0  0.0  0.0  0.0  0.0  0.0  0.0  0.0  0.0  0.0
  0.0  0.0  0.0  0.0  0.0  0.0  0.0  0.0  0.0  0.0  0.0  0.0  0.0  0.0  0.0
  0.0  0.0  0.0  0.0  0.0  0.0  0.0  0.0  0.0  0.0  0.0  0.0  0.0  0.0  0.0
  0.0  0.0  0.0  0.0  0.0  0.0  0.0  0.0  0.0  0.0  0.0  0.0  0.0  0.0  0.0
  0.0  0.0  0.0  0.0  0.0  0.0  0.0 10.3 10.3  0.0 20.6  0.0 20.6 10.3  0.0
  0.0  0.0  0.0  0.0  0.0  0.0  0.0 20.6  0.0 10.3  0.0  0.0  0.0  0.0  0.0
    -27.34     -5.39      5.36     -3.28     -3.63  0.0  0.0  0.0  0.0  0.0
                                 t000146_s20_p8_ai-el2ap.txt 16.8  5.4  104
 28.8  0.0  0.0 38.5  0.0  0.0  0.0  0.0  0.0  9.6  0.0  0.0  0.0  0.0  0.0
  0.0  0.0  0.0  0.0  0.0  0.0355.8192.3 38.5  9.6  9.6  0.0  0.0  0.0  0.0
  0.0  0.0 76.9  0.0  0.0 48.1  9.6  0.0  0.0  0.0  0.0  9.6  9.6  9.6  0.0
  0.0  0.0  9.6  9.6  9.6  0.0  0.0  9.6  0.0  0.0 86.5  9.6  0.0 67.3  0.0
  0.0  0.0  0.0  0.0  0.0  0.0  0.0  0.0  0.0  0.0  0.0  0.0  0.0  0.0  0.0
  0.0  0.0  0.0  0.0  0.0  9.6  0.0  0.0  0.0  0.0  0.0  0.0  0.0  0.0  0.0
  0.0  0.0  0.0  0.0  0.0  0.0  0.0  0.0  9.6  0.0  0.0  0.0  0.0  0.0  0.0
  9.6  0.0  0.0  9.6  0.0  9.6  9.6  0.0  0.0  0.0  0.0  0.0  0.0  0.0  0.0
  0.0  0.0  0.0  0.0  0.0  0.0  0.0  0.0  0.0  0.0 76.9  0.0  0.0  0.0  0.0
  0.0  0.0  0.0  0.0  0.0  0.0  0.0  9.6  0.0 19.2  0.0  0.0  0.0  0.0  0.0
    -26.64     -4.98      3.58     -2.76      3.84  0.0  0.0  0.0  0.0  0.0
                                 t000146_s20_p9_ai-el2ap.txt  8.8  6.0   52
  0.0  0.0  0.0 38.5  0.0  0.0  0.0  0.0  0.0  0.0  0.0  0.0  0.0  0.0  0.0
  0.0  0.0  0.0  0.0  0.0  0.0346.2173.1 76.9 19.2  0.0  0.0  0.0  0.0  0.0
  0.0  0.0230.8 38.5  0.0  0.0  0.0  0.0  0.0  0.0  0.0 19.2  0.0 19.2  0.0
  0.0  0.0 19.2  0.0  0.0  0.0  0.0 19.2  0.0  0.0 96.2  0.0  0.0 76.9  0.0
  0.0  0.0  0.0  0.0  0.0  0.0  0.0  0.0  0.0  0.0  0.0  0.0  0.0  0.0  0.0
  0.0  0.0  0.0  0.0  0.0  0.0  0.0  0.0  0.0  0.0  0.0  0.0  0.0  0.0  0.0
  0.0  0.0  0.0  0.0  0.0  0.0  0.0  0.0  0.0  0.0  0.0  0.0  0.0  0.0  0.0
  0.0  0.0  0.0  0.0  0.0  0.0  0.0  0.0  0.0  0.0  0.0  0.0  0.0  0.0  0.0
  0.0  0.0  0.0  0.0  0.0  0.0  0.0  0.0  0.0 19.2 96.2  0.0  0.0 57.7  0.0
  0.0  0.0  0.0  0.0  0.0  0.0 38.5  0.0 19.2  0.0  0.0 19.2 19.2  0.0  0.0
    -33.32     -5.10      6.01      1.09     -0.71  0.0  0.0  0.0  0.0  0.0
                                  t000146_s4_p1_ai-el2ap.txt 21.3  6.1  121
  8.3  0.0  0.0 57.9  0.0  0.0  0.0  0.0  0.0 16.5  0.0  0.0  0.0  0.0  0.0
  0.0  0.0  0.0  0.0  0.0  0.0338.8124.0 82.6 33.1  0.0 24.8  0.0  0.0  8.3
  0.0  0.0148.8  0.0  0.0 41.3 16.5  0.0  0.0  0.0  0.0  8.3  8.3  8.3 16.5
  8.3  0.0  8.3  8.3  0.0  0.0  0.0 33.1  0.0  8.3 99.2  0.0  0.0140.5  8.3
  8.3  0.0  0.0  0.0  0.0  0.0  0.0  0.0  0.0  0.0  0.0  0.0  0.0  0.0  0.0
  0.0  0.0  0.0  0.0  0.0  8.3  0.0  0.0  0.0  0.0  0.0  0.0  0.0  0.0  0.0
  0.0  0.0  0.0  8.3  0.0  0.0  0.0  0.0  0.0  8.3  0.0  0.0  0.0  0.0  0.0
  8.3  0.0  0.0  8.3  8.3  0.0 16.5  0.0  0.0  0.0  0.0  0.0  0.0  0.0  0.0
  0.0  0.0  0.0  0.0  0.0  0.0  0.0  8.3 16.5 16.5 41.3  0.0  0.0  0.0  8.3
  0.0  0.0  0.0  0.0  0.0  0.0  0.0 24.8  8.3 24.8  8.3  8.3 16.5  0.0  0.0
    -27.93      0.13     13.09     -3.30     18.17  0.0  0.0  0.0  0.0  0.0
                                  t000146_s4_p2_ai-el2ap.txt 20.5  5.5  116
  0.0  0.0  0.0 51.7  0.0  0.0  0.0 17.2  0.0  8.6  0.0  0.0  0.0  0.0  0.0
  0.0  0.0  0.0  0.0  0.0  0.0362.1163.8 77.6  8.6  0.0  8.6  0.0  0.0 17.2
  0.0  8.6112.1  0.0  0.0 17.2  0.0  0.0  0.0  0.0  0.0  0.0  0.0  8.6  8.6
  0.0  0.0  0.0  0.0 17.2  0.0  8.6 17.2  0.0 17.2112.1  0.0  0.0 60.3  0.0
  8.6  0.0  0.0  0.0  0.0  0.0  0.0  0.0  0.0  0.0  0.0  0.0  0.0  0.0  0.0
  0.0  0.0  0.0  0.0  0.0  0.0  0.0  0.0  0.0  0.0  0.0  0.0  0.0  0.0  0.0
  0.0  0.0  0.0  0.0  0.0  0.0  0.0  0.0  0.0  0.0  0.0  0.0  0.0  0.0  0.0
  0.0  0.0  0.0  0.0  0.0  0.0  0.0  0.0  0.0  0.0  0.0  0.0  0.0  0.0  0.0
  0.0  0.0  0.0  0.0  0.0  0.0  0.0  0.0 25.9 17.2 25.9  0.0  0.0  0.0  8.6
  0.0  0.0  0.0  0.0  0.0  0.0 25.9  0.0  0.0  8.6  8.6  0.0  0.0  0.0  0.0
    -26.32     -3.79     19.59     -6.61      4.31  0.0  0.0  0.0  0.0  0.0
                                  t000146_s4_p3_ai-el2ap.txt 21.8  5.7  148
  6.8  0.0  0.0 40.5  0.0  0.0  0.0  0.0  0.0  6.8  0.0  0.0  0.0  0.0  0.0
  0.0  0.0  0.0  6.8  0.0  0.0364.9141.9 87.8 13.5 33.8  0.0  6.8  0.0  0.0
  0.0  0.0114.9  0.0  0.0 13.5  0.0  0.0  0.0  0.0  0.0 13.5  6.8 27.0  0.0
 13.5  0.0 13.5 13.5  0.0  0.0  6.8 40.5  0.0  0.0108.1 33.8  0.0 94.6 20.3
  6.8  0.0  0.0  0.0  0.0  0.0  0.0  0.0  0.0  0.0  0.0  0.0  0.0  0.0  0.0
  0.0  0.0  0.0  6.8  0.0  6.8  0.0  0.0  0.0  0.0  0.0  0.0  0.0  0.0  0.0
  0.0  0.0  0.0  0.0  0.0  0.0  0.0  0.0  0.0  0.0  0.0  0.0  0.0  0.0  0.0
 13.5  0.0  0.0 13.5  0.0  0.0  0.0  0.0  0.0  0.0  0.0  0.0  0.0  0.0  0.0
  0.0  0.0  0.0  0.0  0.0  0.0  0.0  6.8 20.3  6.8 81.1  0.0  6.8  0.0 13.5
  6.8  0.0  0.0  0.0  0.0  0.0  0.0 13.5 13.5 20.3  0.0  0.0  6.8  0.0  0.0
    -29.19     -2.53      8.18     -1.20      9.05  0.0  0.0  0.0  0.0  0.0
                                  t000146_s4_p4_ai-el2ap.txt 17.0  6.1   95
  0.0  0.0  0.0 52.6  0.0  0.0  0.0  0.0  0.0 10.5  0.0  0.0  0.0  0.0  0.0
  0.0  0.0  0.0  0.0  0.0  0.0284.2168.4157.9  0.0  0.0 31.6  0.0  0.0  0.0
 10.5 21.1 94.7  0.0 10.5 42.1  0.0  0.0  0.0  0.0  0.0  0.0 21.1 21.1  0.0
  0.0  0.0  0.0  0.0  0.0  0.0 21.1 21.1  0.0 10.5178.9  0.0  0.0 52.6  0.0
  0.0  0.0  0.0  0.0  0.0  0.0  0.0  0.0  0.0  0.0  0.0  0.0  0.0  0.0  0.0
  0.0  0.0  0.0  0.0  0.0  0.0  0.0  0.0  0.0  0.0  0.0  0.0  0.0  0.0  0.0
  0.0  0.0  0.0  0.0  0.0  0.0  0.0  0.0  0.0  0.0  0.0  0.0  0.0  0.0  0.0
  0.0  0.0  0.0  0.0  0.0  0.0  0.0  0.0  0.0  0.0  0.0  0.0  0.0  0.0  0.0
  0.0  0.0  0.0  0.0  0.0  0.0  0.0  0.0 73.7 10.5 42.1  0.0  0.0  0.0  0.0
 10.5  0.0  0.0  0.0  0.0  0.0 10.5  0.0 10.5  0.0  0.0 10.5 10.5  0.0  0.0
    -33.95      0.35     19.43     -6.61     12.72 10.5 10.5 10.5  0.0  0.0
                                  t000146_s4_p5_ai-el2ap.txt 24.8  6.0  133
  7.5  0.0  0.0 67.7  0.0  0.0  7.5  0.0  0.0  0.0  0.0  0.0  0.0  0.0  0.0
  0.0  0.0  7.5  7.5  0.0  0.0330.8127.8 90.2 15.0  0.0  0.0  0.0  7.5  0.0
  0.0 15.0150.4  0.0  0.0 37.6  0.0  0.0  0.0  0.0  7.5  7.5  7.5 15.0  7.5
  0.0  0.0  7.5  0.0  7.5 15.0 22.6 22.6  0.0  7.5165.4  0.0  0.0 90.2  7.5
  7.5  0.0  0.0  0.0  0.0  0.0  0.0  0.0  0.0  0.0  0.0  0.0  0.0  0.0  0.0
  0.0  0.0  0.0  0.0  0.0  0.0  0.0  0.0  0.0  0.0  0.0  0.0  0.0  0.0  0.0
  0.0  0.0  0.0  0.0  0.0  0.0  0.0  0.0  0.0  0.0  0.0  0.0  0.0  0.0  0.0
  0.0  0.0  0.0  0.0  0.0  0.0  0.0  0.0  0.0  0.0  0.0  0.0  0.0  0.0  0.0
  0.0  0.0  0.0  0.0  0.0  0.0  0.0  0.0 30.1  0.0 60.2 15.0  7.5  0.0  0.0
  0.0  0.0  0.0  0.0  0.0  0.0 15.0 15.0 15.0 22.6  0.0  0.0  0.0  0.0  0.0
    -24.89     -5.23     19.27     -0.02      9.13  0.0  0.0  0.0  0.0  0.0
                                  t000146_s4_p6_ai-el2ap.txt 14.0  6.2   70
  0.0  0.0  0.0 57.1  0.0  0.0  0.0  0.0  0.0  0.0  0.0  0.0  0.0  0.0  0.0
  0.0  0.0  0.0  0.0  0.0  0.0300.0142.9185.7  0.0  0.0  0.0 14.3  0.0  0.0
  0.0 42.9171.4  0.0 14.3 28.6 14.3  0.0  0.0  0.0  0.0  0.0  0.0  0.0  0.0
  0.0 14.3  0.0  0.0 14.3  0.0 57.1  0.0  0.0  0.0200.0  0.0  0.0 71.4  0.0
 14.3  0.0  0.0  0.0  0.0  0.0  0.0  0.0  0.0  0.0  0.0  0.0  0.0  0.0  0.0
  0.0  0.0  0.0 14.3  0.0  0.0  0.0  0.0  0.0  0.0  0.0  0.0  0.0  0.0  0.0
  0.0  0.0 14.3  0.0  0.0  0.0  0.0  0.0 14.3  0.0  0.0  0.0  0.0  0.0  0.0
 14.3  0.0  0.0 14.3 14.3 14.3 28.6  0.0  0.0  0.0  0.0  0.0  0.0  0.0  0.0
  0.0  0.0  0.0  0.0  0.0  0.0  0.0  0.0 28.6 14.3  0.0  0.0  0.0  0.0  0.0
  0.0  0.0  0.0  0.0  0.0 14.3 28.6  0.0 14.3  0.0  0.0  0.0  0.0  0.0  0.0
    -36.48     -3.08     22.93     -6.61     -3.63  0.0  0.0  0.0  0.0  0.0
                                  t000146_s7_p1_ai-el2ap.txt 23.8  6.1  136
  0.0  0.0  0.0 51.5  0.0  0.0  0.0  0.0  0.0 14.7  0.0  0.0  0.0  0.0  0.0
  0.0  0.0  0.0  7.4  0.0  0.0294.1147.1169.1  7.4  0.0  7.4  0.0  0.0 14.7
  0.0  0.0125.0  0.0  0.0 36.8  7.4  0.0  0.0  0.0  0.0  7.4 14.7 22.1  0.0
  0.0  0.0  0.0  0.0  7.4  0.0  7.4 22.1  0.0 14.7191.2  0.0  0.0 80.9  7.4
  0.0  0.0  0.0  0.0  0.0  0.0  0.0  0.0  0.0  0.0  0.0  0.0  0.0  0.0  0.0
  0.0  0.0  0.0  0.0  0.0  0.0  0.0  0.0  0.0  0.0  0.0  0.0  0.0  0.0  0.0
  0.0  0.0  0.0  0.0  0.0  0.0  0.0  0.0  0.0  7.4  0.0  0.0  0.0  0.0  0.0
  0.0  0.0  0.0  0.0  0.0  0.0  7.4  0.0  0.0  0.0  0.0  0.0  0.0  0.0  0.0
  0.0  0.0  0.0  0.0  0.0  0.0  0.0  0.0 22.1  0.0 51.5  0.0  0.0 14.7  7.4
  0.0  7.4  0.0  0.0  0.0  0.0 44.1  7.4  7.4 14.7  0.0  0.0  0.0  0.0  0.0
    -31.92     -4.07     14.92     -3.66      8.91  0.0  0.0  0.0  0.0  0.0
                                  t000146_s7_p2_ai-el2ap.txt 17.5  5.9   98
 20.4  0.0  0.0 71.4  0.0  0.0  0.0  0.0  0.0  0.0  0.0  0.0  0.0  0.0  0.0
  0.0  0.0  0.0  0.0  0.0  0.0285.7163.3102.0 20.4  0.0  0.0  0.0  0.0 20.4
  0.0  0.0142.9 10.2  0.0 30.6  0.0  0.0  0.0  0.0  0.0  0.0  0.0  0.0  0.0
 10.2 10.2  0.0 10.2 10.2  0.0 10.2 10.2  0.0 20.4142.9  0.0  0.0102.0 10.2
  0.0  0.0  0.0  0.0  0.0  0.0  0.0  0.0  0.0  0.0  0.0  0.0  0.0  0.0  0.0
  0.0  0.0  0.0  0.0  0.0  0.0  0.0  0.0  0.0  0.0  0.0  0.0  0.0  0.0  0.0
  0.0  0.0  0.0  0.0  0.0  0.0  0.0  0.0  0.0  0.0  0.0  0.0  0.0  0.0  0.0
  0.0  0.0  0.0  0.0  0.0  0.0  0.0  0.0  0.0  0.0  0.0  0.0  0.0  0.0  0.0
  0.0  0.0  0.0  0.0  0.0  0.0  0.0 10.2 30.6  0.0 40.8  0.0  0.0  0.0  0.0
  0.0  0.0  0.0  0.0  0.0  0.0 61.2 10.2  0.0 20.4 10.2  0.0  0.0  0.0  0.0
    -29.43     -5.06     16.44     -6.61     -0.33 10.2  0.0  0.0  0.0  0.0
                                  t000146_s7_p3_ai-el2ap.txt 12.5  6.0   73
  0.0  0.0  0.0 27.4  0.0  0.0  0.0  0.0  0.0  0.0  0.0  0.0  0.0  0.0  0.0
  0.0  0.0  0.0 13.7  0.0  0.0315.1123.3137.0  0.0 27.4  0.0  0.0  0.0  0.0
  0.0 13.7164.4  0.0  0.0 27.4 27.4  0.0  0.0  0.0  0.0  0.0 13.7  0.0  0.0
  0.0  0.0  0.0  0.0  0.0  0.0 27.4  0.0  0.0  0.0178.1 27.4  0.0 54.8  0.0
  0.0  0.0  0.0  0.0  0.0  0.0  0.0  0.0  0.0  0.0  0.0  0.0  0.0  0.0  0.0
  0.0  0.0  0.0 13.7  0.0  0.0  0.0  0.0  0.0  0.0  0.0  0.0  0.0  0.0  0.0
  0.0  0.0 13.7  0.0  0.0  0.0  0.0  0.0  0.0  0.0  0.0  0.0  0.0  0.0  0.0
 13.7  0.0  0.0 13.7 13.7  0.0 13.7  0.0  0.0  0.0  0.0  0.0  0.0  0.0  0.0
  0.0  0.0  0.0  0.0  0.0  0.0  0.0 13.7 41.1  0.0 27.4  0.0  0.0  0.0 27.4
 13.7  0.0  0.0  0.0  0.0  0.0 54.8  0.0  0.0  0.0  0.0 13.7  0.0  0.0  0.0
    -31.13     -4.51     15.91     -6.61      4.94  0.0  0.0  0.0  0.0  0.0
                                  t000149_s1_p1_ai-el2ap.txt 29.5  5.7  197
  0.0  0.0  0.0 20.3  0.0  0.0  0.0  5.1  0.0  0.0  0.0  0.0  0.0  0.0  0.0
  0.0  0.0  0.0 15.2  0.0  0.0385.8142.1 76.1 55.8 15.2 10.2  0.0  0.0  0.0
  0.0  0.0 86.3  0.0  0.0 10.2  0.0  0.0  5.1  0.0  0.0  0.0  0.0 30.5  0.0
  5.1 10.2  0.0  0.0  5.1  0.0 25.4 35.5  0.0  0.0 86.3 15.2  0.0 91.4  0.0
  0.0  0.0  0.0  0.0  0.0  0.0  0.0  0.0  0.0  0.0  0.0  0.0  0.0  0.0  0.0
  0.0  0.0  0.0  0.0  0.0  0.0  0.0  0.0  0.0  0.0  0.0  0.0  0.0  0.0  0.0
  0.0  0.0  0.0  0.0  0.0  0.0  0.0  0.0  0.0  0.0  0.0  0.0  0.0  0.0  0.0
  0.0  0.0  0.0  0.0  0.0  0.0  0.0  0.0  0.0  0.0  0.0  0.0  0.0  0.0  0.0
  0.0  0.0  0.0  0.0  0.0  0.0  0.0 45.7 40.6  5.1 10.2 15.2  0.0  0.0 15.2
  0.0  0.0  0.0  0.0  0.0  0.0  0.0 15.2  0.0 25.4  5.1  0.0  5.1  0.0  0.0
    -28.48     -1.26      6.39     -4.97      2.63  0.0  0.0  0.0  0.0  0.0
                                 t000149_s14_p1_ai-el2ap.txt 13.8  4.3   60
  0.0  0.0  0.0 33.3  0.0  0.0  0.0  0.0  0.0 16.7  0.0  0.0  0.0  0.0  0.0
  0.0  0.0  0.0  0.0  0.0  0.0250.0116.7100.0 16.7  0.0  0.0  0.0  0.0  0.0
  0.0  0.0 33.3  0.0  0.0 16.7  0.0  0.0  0.0  0.0  0.0 16.7  0.0 33.3  0.0
  0.0  0.0  0.0  0.0 16.7  0.0  0.0 33.3  0.0  0.0116.7  0.0  0.0 50.0  0.0
  0.0  0.0  0.0  0.0  0.0  0.0  0.0  0.0  0.0  0.0  0.0  0.0  0.0  0.0  0.0
  0.0  0.0  0.0  0.0  0.0  0.0  0.0  0.0  0.0  0.0  0.0  0.0  0.0  0.0  0.0
  0.0  0.0  0.0  0.0  0.0  0.0  0.0  0.0  0.0  0.0  0.0  0.0  0.0  0.0  0.0
  0.0  0.0  0.0  0.0  0.0  0.0  0.0  0.0  0.0  0.0  0.0  0.0  0.0  0.0  0.0
  0.0  0.0  0.0  0.0  0.0  0.0  0.0  0.0 33.3  0.0  0.0 16.7  0.0  0.0 33.3
  0.0  0.0  0.0  0.0  0.0  0.0  0.0  0.0  0.0  0.0  0.0  0.0  0.0  0.0  0.0
    -23.21     -5.18      2.34      0.06      1.42  0.0  0.0  0.0  0.0 16.7
                                 t000149_s14_p2_ai-el2ap.txt  7.5  5.4   40
  0.0  0.0  0.0 50.0  0.0  0.0  0.0  0.0  0.0  0.0  0.0  0.0  0.0  0.0  0.0
  0.0  0.0  0.0  0.0  0.0  0.0300.0150.0150.0  0.0  0.0  0.0  0.0  0.0  0.0
  0.0 25.0100.0  0.0  0.0 25.0  0.0  0.0  0.0  0.0  0.0  0.0  0.0  0.0  0.0
  0.0  0.0  0.0  0.0  0.0  0.0 25.0  0.0  0.0  0.0175.0  0.0  0.0 50.0  0.0
  0.0  0.0  0.0  0.0  0.0  0.0  0.0  0.0  0.0  0.0  0.0  0.0  0.0  0.0  0.0
  0.0  0.0  0.0  0.0  0.0  0.0  0.0  0.0  0.0  0.0  0.0  0.0  0.0  0.0  0.0
  0.0  0.0  0.0  0.0  0.0  0.0  0.0  0.0  0.0  0.0  0.0  0.0  0.0  0.0  0.0
  0.0  0.0  0.0  0.0  0.0  0.0  0.0  0.0  0.0  0.0  0.0  0.0  0.0  0.0  0.0
  0.0  0.0  0.0  0.0  0.0  0.0  0.0  0.0 25.0  0.0 25.0  0.0  0.0 25.0 50.0
  0.0  0.0  0.0  0.0  0.0  0.0 25.0  0.0  0.0  0.0  0.0 25.0  0.0  0.0  0.0
    -33.07     -5.73     15.76     -6.61     -3.63  0.0  0.0  0.0  0.0  0.0
                                 t000149_s14_p3_ai-el2ap.txt  7.5  5.2   32
  0.0  0.0  0.0  0.0  0.0  0.0  0.0  0.0  0.0  0.0  0.0  0.0  0.0  0.0  0.0
  0.0  0.0  0.0 62.5  0.0  0.0531.3 93.8 62.5 31.3  0.0  0.0  0.0  0.0  0.0
  0.0  0.0 31.3  0.0  0.0  0.0  0.0  0.0  0.0  0.0  0.0  0.0  0.0  0.0  0.0
 31.3  0.0  0.0  0.0  0.0  0.0 62.5 31.3  0.0  0.0 93.8  0.0  0.0 31.3  0.0
  0.0  0.0  0.0  0.0  0.0  0.0  0.0  0.0  0.0  0.0  0.0  0.0  0.0  0.0  0.0
  0.0  0.0  0.0  0.0  0.0  0.0  0.0  0.0  0.0  0.0  0.0  0.0  0.0  0.0  0.0
  0.0  0.0  0.0  0.0  0.0  0.0  0.0  0.0  0.0  0.0  0.0  0.0  0.0  0.0  0.0
  0.0  0.0  0.0  0.0  0.0  0.0  0.0  0.0  0.0  0.0  0.0  0.0  0.0  0.0  0.0
  0.0  0.0  0.0  0.0  0.0  0.0  0.0  0.0  0.0  0.0  0.0  0.0  0.0  0.0  0.0
  0.0  0.0  0.0  0.0  0.0  0.0  0.0  0.0  0.0  0.0  0.0  0.0  0.0  0.0  0.0
    -20.69     -4.70      3.14     -6.61      6.45  0.0  0.0  0.0  0.0  0.0
                                 t000149_s14_p4_ai-el2ap.txt 28.5  6.3  141
  7.1  0.0  0.0  7.1  0.0  0.0  0.0  0.0  0.0  0.0  0.0  0.0  0.0  0.0  0.0
  0.0  0.0  0.0  7.1  0.0  0.0361.7106.4 99.3 70.9  7.1  0.0  7.1  0.0  0.0
  0.0  7.1 49.6  0.0 14.2 28.4 14.2  0.0  0.0  0.0  0.0  7.1  7.1 56.7  0.0
  7.1  0.0  0.0  0.0  0.0  0.0 14.2 63.8  0.0  0.0113.5  7.1  0.0 99.3  0.0
  0.0  0.0  0.0  0.0  0.0  0.0  0.0  0.0  0.0  0.0  0.0  0.0  0.0  0.0  0.0
  0.0  0.0  0.0  0.0  0.0  0.0  0.0  0.0  0.0  0.0  0.0  0.0  0.0  0.0  0.0
  0.0  0.0  0.0  0.0  0.0  0.0  0.0  0.0  0.0  0.0  0.0  0.0  0.0  0.0  0.0
  0.0  0.0  0.0  0.0  0.0  0.0  0.0  0.0  0.0  0.0  0.0  0.0  0.0  0.0  0.0
  0.0  7.1  0.0  0.0  0.0  0.0  0.0  7.1  7.1  7.1 14.2  7.1 14.2  0.0  0.0
  0.0  0.0  0.0  0.0  0.0 14.2  7.1 21.3  0.0  7.1  0.0  0.0  0.0  0.0  0.0
    -31.64     -1.77      1.26     -3.77     11.69  0.0  0.0  0.0  0.0  0.0
                                 t000149_s14_p5_ai-el2ap.txt 20.3  5.9  104
  0.0  0.0  0.0  9.6  0.0  0.0  0.0  0.0  0.0  0.0  0.0  0.0  0.0  0.0  0.0
  0.0  0.0  0.0  9.6  0.0  0.0355.8153.8105.8105.8  9.6  0.0  0.0  0.0  9.6
  0.0  0.0125.0  0.0  0.0  0.0  9.6  0.0  9.6  0.0  0.0  0.0  0.0 48.1  0.0
  9.6  0.0  0.0  0.0  0.0  0.0  9.6 57.7  0.0  9.6105.8  9.6  0.0125.0  0.0
  0.0  0.0  0.0  0.0  0.0  0.0  0.0  0.0  0.0  0.0  0.0  0.0  0.0  0.0  0.0
  0.0  0.0  0.0  0.0  0.0  0.0  0.0  0.0  0.0  0.0  0.0  0.0  0.0  0.0  0.0
  0.0  0.0  0.0  0.0  0.0  0.0  0.0  0.0  0.0  0.0  0.0  0.0  0.0  0.0  0.0
  0.0  0.0  0.0  0.0  0.0  0.0  0.0  0.0  0.0  0.0  0.0  0.0  0.0  0.0  0.0
  0.0  0.0  0.0  0.0  0.0  0.0  0.0 28.8  0.0 19.2 48.1  9.6  9.6  0.0  0.0
  0.0  0.0  0.0  0.0  0.0  9.6  9.6 19.2  9.6 19.2  0.0  0.0  9.6  0.0  0.0
    -32.97     -1.82     14.46     -3.50      6.76  0.0  0.0  0.0  0.0  0.0
                                 t000149_s20_p1_ai-el2ap.txt  8.0  5.0   40
  0.0  0.0  0.0 50.0  0.0  0.0  0.0  0.0  0.0  0.0  0.0  0.0  0.0  0.0  0.0
 25.0  0.0  0.0 50.0  0.0  0.0350.0125.0 25.0 50.0  0.0  0.0  0.0  0.0  0.0
  0.0  0.0 50.0  0.0  0.0 25.0  0.0  0.0  0.0  0.0  0.0  0.0  0.0 75.0  0.0
  0.0  0.0  0.0  0.0 25.0  0.0 50.0 75.0  0.0  0.0 50.0  0.0  0.0125.0  0.0
  0.0  0.0  0.0  0.0  0.0  0.0  0.0  0.0  0.0  0.0  0.0  0.0  0.0  0.0  0.0
  0.0  0.0  0.0  0.0  0.0  0.0  0.0  0.0  0.0  0.0  0.0  0.0  0.0  0.0  0.0
  0.0  0.0  0.0  0.0  0.0  0.0  0.0  0.0  0.0  0.0  0.0  0.0  0.0  0.0  0.0
  0.0  0.0  0.0  0.0  0.0  0.0  0.0  0.0  0.0  0.0  0.0  0.0  0.0  0.0  0.0
  0.0  0.0  0.0  0.0  0.0  0.0  0.0 50.0 50.0  0.0  0.0  0.0 25.0  0.0 25.0
  0.0  0.0  0.0  0.0  0.0  0.0  0.0 25.0  0.0 25.0  0.0  0.0  0.0  0.0  0.0
     -5.69     -4.08      3.03     -6.61      7.74  0.0  0.0  0.0  0.0  0.0
                                t000149_s20_p10_ai-el2ap.txt 26.0  5.9  133
  0.0  0.0  0.0 67.7  0.0  0.0  0.0  0.0  0.0  0.0  0.0  0.0  0.0  0.0  0.0
  7.5  0.0  0.0 30.1  0.0  0.0533.8 60.2 15.0  7.5  0.0  0.0  0.0  7.5  7.5
  7.5  0.0  7.5  0.0 15.0 37.6  0.0  0.0  0.0  0.0  0.0 15.0  0.0 22.6 15.0
  0.0  0.0  0.0  0.0  7.5  0.0 30.1 37.6  0.0 22.6 22.6  0.0  0.0 67.7  0.0
  0.0  0.0  0.0  0.0  0.0  0.0  0.0  0.0  0.0  0.0  0.0  0.0  0.0  0.0  0.0
  0.0  0.0  0.0  0.0  0.0  0.0  0.0  0.0  0.0  0.0  0.0  0.0  0.0  0.0  0.0
  0.0  0.0  0.0  0.0  0.0  0.0  0.0  0.0  0.0  0.0  7.5  0.0  0.0  0.0  0.0
  0.0  0.0  0.0  0.0  0.0  0.0  0.0  7.5  0.0  0.0  0.0  0.0  0.0  0.0  0.0
  0.0  0.0  0.0  0.0  0.0  0.0  0.0 45.1  7.5  0.0 15.0  0.0  0.0  0.0 15.0
  0.0  0.0  0.0  0.0  0.0  0.0  0.0  0.0  0.0  7.5  0.0  7.5 22.6  0.0  0.0
    -20.58     -5.48      9.95     -0.59     11.36  0.0  0.0  0.0  0.0  0.0
                                t000149_s20_p11_ai-el2ap.txt  6.3  6.6   26
  0.0  0.0  0.0 76.9  0.0  0.0  0.0  0.0  0.0  0.0  0.0  0.0  0.0  0.0  0.0
  0.0  0.0  0.0 38.5  0.0  0.0346.2 38.5115.4  0.0  0.0  0.0  0.0  0.0  0.0
  0.0  0.0115.4  0.0  0.0 76.9 38.5  0.0  0.0  0.0  0.0  0.0  0.0  0.0  0.0
 38.5  0.0  0.0  0.0 38.5  0.0 38.5 38.5  0.0  0.0153.8  0.0  0.0153.8  0.0
 38.5  0.0  0.0  0.0  0.0  0.0  0.0  0.0  0.0  0.0  0.0  0.0  0.0  0.0  0.0
  0.0  0.0  0.0  0.0  0.0  0.0  0.0  0.0  0.0  0.0  0.0  0.0  0.0  0.0  0.0
  0.0  0.0  0.0  0.0  0.0  0.0  0.0  0.0  0.0  0.0  0.0  0.0  0.0  0.0  0.0
  0.0  0.0  0.0  0.0  0.0  0.0  0.0  0.0  0.0  0.0  0.0  0.0  0.0  0.0  0.0
  0.0  0.0  0.0  0.0  0.0  0.0  0.0 38.5  0.0  0.0  0.0  0.0  0.0  0.0  0.0
  0.0  0.0  0.0  0.0  0.0  0.0  0.0  0.0  0.0  0.0  0.0  0.0  0.0  0.0  0.0
    -22.28     -5.73      4.62     -6.61      8.78  0.0  0.0  0.0  0.0  0.0
                                t000149_s20_p12_ai-el2ap.txt 28.3  5.5  188
  5.3  0.0  0.0 31.9  0.0  0.0  5.3  0.0  0.0  0.0  0.0  0.0  0.0  0.0  0.0
  0.0  0.0  0.0 21.3  0.0  0.0409.6 90.4 58.5 37.2  0.0  0.0  0.0  0.0  5.3
  0.0  0.0  5.3  0.0  0.0 10.6  5.3  0.0  0.0  0.0  0.0  5.3  0.0 31.9  5.3
  5.3  0.0  0.0 10.6 16.0  0.0 21.3 42.6  0.0  5.3 85.1  0.0  0.0 74.5  0.0
  5.3  0.0  0.0  0.0  0.0  0.0  0.0  0.0  0.0  0.0  0.0  0.0  0.0  0.0  0.0
  0.0  0.0  0.0  0.0  0.0  5.3  0.0  0.0  0.0  0.0  0.0  0.0  0.0  0.0  0.0
  5.3  0.0  0.0  0.0  0.0  0.0  0.0  5.3  0.0  0.0  5.3  0.0  0.0  0.0  0.0
  5.3  0.0  0.0  5.3  5.3  5.3 10.6  5.3  0.0  0.0  0.0  0.0  0.0  0.0  0.0
  0.0  0.0  0.0  0.0  0.0  0.0  0.0 90.4  0.0  0.0  0.0 10.6  0.0  0.0  0.0
  0.0  0.0  0.0  0.0  0.0  5.3  0.0  0.0  0.0 26.6  0.0  0.0  0.0  0.0  0.0
    -23.77     -4.50      3.40     -4.48      7.02  0.0  0.0  0.0  0.0  0.0
                                t000149_s20_p13_ai-el2ap.txt 19.5  5.0  117
  0.0  0.0  0.0 59.8  0.0  0.0  0.0  0.0  0.0  0.0  0.0  0.0  0.0  0.0  0.0
  0.0  0.0 17.1  0.0  0.0  0.0324.8128.2102.6 17.1 17.1  0.0  0.0  0.0  8.5
  0.0  0.0102.6  0.0  0.0 17.1  8.5  0.0  0.0  0.0  0.0  0.0  8.5 17.1  8.5
  0.0  8.5  8.5  0.0  0.0 17.1  8.5 25.6  0.0  8.5102.6 17.1  8.5 85.5  0.0
  0.0  0.0  0.0  0.0  0.0  0.0  0.0  0.0  0.0  0.0  0.0  0.0  0.0  0.0  0.0
  0.0  0.0  0.0  0.0  0.0  0.0  0.0  0.0  0.0  0.0  0.0  0.0  0.0  0.0  0.0
  0.0  0.0  0.0  0.0  0.0  0.0  0.0  0.0  0.0  0.0  0.0  0.0  0.0  0.0  0.0
  0.0  0.0  0.0  0.0  0.0  0.0  0.0  0.0  0.0  0.0  0.0  0.0  0.0  0.0  0.0
  0.0  0.0  0.0  0.0  0.0  0.0  0.0 51.3 17.1  0.0 25.6 25.6  0.0  8.5  8.5
  0.0  0.0  0.0  0.0  0.0  0.0  8.5  0.0  0.0  8.5  0.0  8.5  8.5  0.0  0.0
    -24.13     -4.41     11.40     -6.61     10.88  0.0  0.0  0.0  0.0  0.0
                                t000149_s20_p14_ai-el2ap.txt 15.3  4.7  101
  0.0  0.0  0.0  9.9  0.0  0.0  0.0  0.0  0.0  0.0  0.0  0.0  0.0  0.0  0.0
  0.0  0.0  0.0  0.0  0.0  0.0356.4108.9 69.3 39.6  9.9  0.0  0.0  0.0  9.9
  0.0  0.0 49.5  0.0  0.0  9.9  0.0  0.0  0.0  0.0  0.0  0.0  0.0 19.8  0.0
 29.7  0.0  0.0  0.0  0.0  0.0  0.0 49.5  0.0  9.9 79.2  9.9  0.0 89.1  0.0
  0.0  0.0  0.0  0.0  0.0  0.0  0.0  0.0  0.0  0.0  0.0  0.0  0.0  0.0  0.0
  0.0  0.0  0.0  0.0  0.0  0.0  0.0  0.0  0.0  0.0  0.0  0.0  0.0  0.0  0.0
  0.0  0.0  0.0  0.0  0.0  0.0  0.0  0.0  0.0  0.0  0.0  0.0  0.0  0.0  0.0
  0.0  0.0  0.0  0.0  0.0  0.0  0.0  0.0  0.0  0.0  0.0  0.0  0.0  0.0  0.0
  0.0  0.0  0.0  0.0  0.0  0.0  0.0 89.1  0.0  0.0 39.6 29.7  0.0  9.9  9.9
  0.0  9.9  0.0  0.0  0.0  9.9  0.0  0.0  0.0 19.8  0.0  0.0  0.0  0.0  0.0
    -28.25     -3.98      8.80     -6.61      8.96  0.0  0.0  0.0  0.0  0.0
                                t000149_s20_p15_ai-el2ap.txt  3.5  5.1   15
  0.0  0.0  0.0 66.7  0.0  0.0  0.0  0.0  0.0  0.0  0.0  0.0  0.0  0.0  0.0
  0.0  0.0  0.0  0.0  0.0  0.0266.7 66.7 66.7  0.0  0.0  0.0  0.0  0.0  0.0
  0.0  0.0  0.0  0.0  0.0133.3  0.0  0.0  0.0  0.0  0.0  0.0  0.0 66.7  0.0
  0.0  0.0  0.0  0.0  0.0  0.0  0.0 66.7  0.0  0.0133.3  0.0  0.0133.3  0.0
  0.0  0.0  0.0  0.0  0.0  0.0  0.0  0.0  0.0  0.0  0.0  0.0  0.0  0.0  0.0
  0.0  0.0  0.0  0.0  0.0  0.0  0.0  0.0  0.0  0.0  0.0  0.0  0.0  0.0  0.0
  0.0  0.0  0.0  0.0  0.0  0.0  0.0  0.0  0.0  0.0  0.0  0.0  0.0  0.0  0.0
  0.0  0.0  0.0  0.0  0.0  0.0  0.0  0.0  0.0  0.0  0.0  0.0  0.0  0.0  0.0
  0.0  0.0  0.0  0.0  0.0  0.0  0.0 66.7  0.0  0.0  0.0 66.7  0.0  0.0  0.0
  0.0  0.0  0.0  0.0  0.0  0.0  0.0  0.0  0.0 66.7  0.0  0.0  0.0  0.0  0.0
    -23.11     -5.73     -6.60     -6.61      6.47  0.0  0.0  0.0  0.0  0.0
                                t000149_s20_p16_ai-el2ap.txt 16.5  5.5   91
  0.0  0.0  0.0 11.0  0.0  0.0  0.0  0.0  0.0  0.0  0.0  0.0  0.0  0.0  0.0
  0.0  0.0  0.0 11.0  0.0  0.0505.5 98.9142.9 11.0  0.0  0.0  0.0  0.0  0.0
  0.0  0.0 44.0  0.0  0.0 22.0  0.0  0.0  0.0  0.0  0.0  0.0  0.0  0.0  0.0
  0.0  0.0 11.0  0.0  0.0  0.0 11.0  0.0  0.0  0.0153.8  0.0  0.0 22.0  0.0
  0.0  0.0  0.0  0.0  0.0  0.0  0.0  0.0  0.0  0.0  0.0  0.0  0.0  0.0  0.0
  0.0  0.0  0.0  0.0  0.0  0.0  0.0  0.0  0.0  0.0  0.0  0.0  0.0  0.0  0.0
  0.0  0.0  0.0  0.0  0.0  0.0  0.0  0.0  0.0  0.0  0.0  0.0  0.0  0.0  0.0
  0.0  0.0  0.0  0.0  0.0  0.0  0.0  0.0  0.0  0.0  0.0  0.0  0.0  0.0  0.0
  0.0  0.0  0.0  0.0  0.0  0.0  0.0 54.9  0.0 11.0 33.0 11.0  0.0 22.0  0.0
  0.0  0.0  0.0  0.0  0.0 22.0  0.0  0.0  0.0  0.0  0.0  0.0  0.0  0.0  0.0
    -35.51     -5.37      2.78     -6.61     -3.63  0.0  0.0  0.0  0.0  0.0
                                t000149_s20_p17_ai-el2ap.txt 16.8  5.5   89
  0.0  0.0  0.0 44.9  0.0  0.0  0.0  0.0  0.0  0.0  0.0  0.0  0.0  0.0  0.0
  0.0  0.0  0.0  0.0  0.0  0.0292.1101.1 78.7 78.7 22.5  0.0  0.0  0.0 11.2
  0.0  0.0101.1  0.0  0.0 33.7  0.0  0.0  0.0  0.0  0.0 22.5  0.0 22.5 11.2
  0.0  0.0 11.2 11.2 11.2  0.0  0.0 33.7  0.0 11.2112.4 22.5  0.0123.6 11.2
  0.0  0.0  0.0  0.0  0.0  0.0  0.0  0.0  0.0  0.0  0.0  0.0  0.0  0.0  0.0
  0.0  0.0  0.0  0.0  0.0  0.0  0.0  0.0  0.0 11.2  0.0  0.0  0.0  0.0  0.0
  0.0  0.0  0.0  0.0  0.0  0.0  0.0  0.0  0.0 11.2 11.2  0.0  0.0  0.0  0.0
  0.0 11.2  0.0 11.2  0.0  0.0 11.2 11.2  0.0  0.0  0.0  0.0  0.0  0.0  0.0
  0.0  0.0  0.0  0.0  0.0  0.0  0.0 22.5  0.0 11.2 11.2 11.2  0.0  0.0  0.0
  0.0  0.0  0.0  0.0  0.0  0.0  0.0 22.5 11.2 11.2  0.0  0.0  0.0  0.0  0.0
    -27.49     -2.14     11.70      2.38      8.42  0.0  0.0  0.0  0.0  0.0
                                 t000149_s20_p2_ai-el2ap.txt 17.0  5.5  101
  9.9  0.0  0.0 39.6  0.0  0.0  9.9  9.9  0.0  0.0  0.0  0.0  0.0  0.0  0.0
  0.0  0.0  0.0 19.8  0.0  0.0336.6178.2 69.3  0.0 19.8  0.0  0.0  0.0  0.0
  9.9  0.0 49.5  0.0  0.0  9.9  0.0  0.0  0.0  0.0  0.0  0.0  0.0  0.0  9.9
  9.9  0.0  0.0  0.0  0.0  0.0 19.8 19.8  0.0  9.9 79.2 19.8  0.0 59.4  9.9
  0.0  0.0  0.0  0.0  0.0  0.0  0.0  0.0  0.0  0.0  0.0  0.0  0.0  0.0  0.0
  0.0  0.0  0.0  0.0  0.0  0.0  0.0  0.0  0.0  0.0  0.0  0.0  0.0  0.0  0.0
  0.0  0.0  0.0  0.0  0.0  0.0  0.0  0.0  0.0  0.0  0.0  0.0  0.0  0.0  0.0
  0.0  0.0  0.0  0.0  0.0  0.0  0.0  0.0  0.0  0.0  0.0  0.0  0.0  0.0  0.0
  0.0  0.0  0.0  0.0  0.0  0.0  0.0 99.0  9.9  0.0  9.9  9.9  0.0  0.0  9.9
  0.0 19.8  0.0  0.0  0.0 29.7  0.0  9.9  0.0  9.9  0.0  0.0  9.9  0.0  0.0
    -21.87     -4.85     12.85     -6.61      7.18  0.0  0.0  0.0  0.0  0.0
                                 t000149_s20_p3_ai-el2ap.txt 21.0  6.0  110
  0.0  0.0  0.0 27.3  0.0  0.0  0.0  0.0  0.0  0.0  0.0  0.0  0.0  0.0  0.0
  0.0  0.0  0.0  9.1  0.0  0.0372.7127.3 72.7 27.3  0.0  0.0  0.0  0.0  9.1
  0.0  0.0109.1  0.0  0.0  9.1  0.0  0.0  0.0  0.0  0.0  9.1  0.0  9.1  0.0
  9.1  0.0  0.0  0.0 27.3  0.0  9.1 18.2  0.0  9.1118.2  0.0  0.0 81.8  0.0
  0.0  0.0  0.0  0.0  0.0  0.0  0.0  0.0  0.0  0.0  0.0  0.0  0.0  0.0  0.0
  0.0  0.0  0.0  0.0  0.0  0.0  0.0  0.0  0.0  0.0  0.0  0.0  0.0  0.0  0.0
  0.0  0.0  0.0  0.0  0.0  0.0  0.0  0.0  0.0  0.0  0.0  0.0  0.0  0.0  0.0
  0.0  0.0  0.0  0.0  0.0  0.0  0.0  0.0  0.0  0.0  0.0  0.0  0.0  0.0  0.0
  0.0  0.0  0.0  0.0  0.0  0.0  0.0 27.3  0.0  9.1 36.4 18.2  0.0  0.0  0.0
  0.0  0.0  0.0  0.0  0.0  0.0  0.0  0.0  0.0 18.2  0.0  0.0  0.0  0.0  0.0
    -30.31     -4.83     12.58     -2.97      0.68  0.0  0.0  0.0  0.0  0.0
                                 t000149_s20_p4_ai-el2ap.txt  8.5  5.6   39
 25.6  0.0  0.0  0.0  0.0  0.0  0.0  0.0  0.0  0.0  0.0  0.0  0.0  0.0  0.0
  0.0  0.0  0.0  0.0  0.0  0.0384.6128.2 76.9 76.9  0.0  0.0  0.0  0.0  0.0
  0.0  0.0 51.3  0.0  0.0 25.6  0.0  0.0  0.0  0.0  0.0  0.0  0.0 25.6  0.0
  0.0  0.0  0.0  0.0  0.0  0.0  0.0 25.6  0.0  0.0102.6  0.0  0.0102.6  0.0
  0.0  0.0  0.0  0.0  0.0  0.0  0.0  0.0  0.0  0.0  0.0  0.0  0.0  0.0  0.0
  0.0  0.0  0.0  0.0  0.0  0.0  0.0  0.0  0.0  0.0  0.0  0.0  0.0  0.0  0.0
  0.0  0.0  0.0  0.0  0.0  0.0  0.0  0.0  0.0  0.0  0.0  0.0  0.0  0.0  0.0
  0.0  0.0  0.0  0.0  0.0  0.0  0.0  0.0  0.0  0.0  0.0  0.0  0.0  0.0  0.0
  0.0  0.0  0.0  0.0  0.0  0.0  0.0 51.3  0.0  0.0  0.0 25.6  0.0  0.0  0.0
  0.0  0.0  0.0  0.0  0.0  0.0  0.0 25.6  0.0  0.0  0.0  0.0 51.3  0.0  0.0
    -30.17     -3.20      3.08     -6.61      0.26  0.0  0.0  0.0  0.0  0.0
                                 t000149_s20_p5_ai-el2ap.txt 11.5  5.0   68
  0.0  0.0  0.0 14.7  0.0  0.0  0.0 14.7  0.0  0.0  0.0  0.0  0.0  0.0  0.0
  0.0  0.0  0.0  0.0  0.0  0.0352.9132.4 73.5 58.8  0.0  0.0  0.0  0.0  0.0
 14.7  0.0 29.4  0.0  0.0  0.0  0.0  0.0  0.0  0.0  0.0  0.0  0.0  0.0 14.7
 14.7 14.7 14.7  0.0  0.0  0.0 14.7 29.4  0.0 14.7 88.2  0.0  0.0 88.2  0.0
  0.0  0.0  0.0  0.0  0.0  0.0  0.0  0.0  0.0  0.0  0.0  0.0  0.0  0.0  0.0
  0.0  0.0  0.0  0.0  0.0  0.0  0.0  0.0  0.0  0.0  0.0  0.0  0.0  0.0  0.0
  0.0  0.0  0.0  0.0  0.0  0.0  0.0  0.0  0.0  0.0  0.0  0.0  0.0  0.0  0.0
  0.0  0.0  0.0  0.0  0.0  0.0  0.0  0.0  0.0  0.0  0.0  0.0  0.0  0.0  0.0
  0.0  0.0  0.0  0.0  0.0  0.0  0.0117.6 14.7  0.0 14.7 29.4  0.0  0.0  0.0
  0.0  0.0  0.0  0.0  0.0  0.0  0.0 14.7  0.0 14.7  0.0  0.0  0.0  0.0  0.0
    -26.36     -3.79     16.39     -6.61     12.43  0.0  0.0  0.0  0.0  0.0
                                 t000149_s20_p6_ai-el2ap.txt 19.8  5.4  100
  0.0  0.0  0.0 50.0  0.0  0.0  0.0  0.0  0.0  0.0  0.0  0.0  0.0  0.0  0.0
  0.0  0.0  0.0 10.0  0.0  0.0480.0110.0 60.0  0.0  0.0  0.0  0.0  0.0  0.0
  0.0  0.0 40.0  0.0  0.0 30.0  0.0  0.0  0.0  0.0  0.0  0.0  0.0 10.0  0.0
 10.0  0.0 10.0  0.0 10.0  0.0 10.0 20.0  0.0  0.0110.0  0.0  0.0 60.0  0.0
  0.0  0.0  0.0  0.0  0.0  0.0  0.0  0.0  0.0  0.0  0.0  0.0  0.0  0.0  0.0
  0.0  0.0  0.0  0.0  0.0  0.0  0.0  0.0  0.0  0.0  0.0  0.0  0.0  0.0  0.0
  0.0  0.0  0.0  0.0  0.0  0.0  0.0  0.0  0.0  0.0  0.0  0.0  0.0  0.0  0.0
  0.0  0.0  0.0  0.0  0.0  0.0  0.0  0.0  0.0  0.0  0.0  0.0  0.0  0.0  0.0
  0.0  0.0  0.0  0.0  0.0  0.0  0.0 50.0  0.0  0.0 10.0 30.0  0.0  0.0 10.0
 10.0 20.0  0.0  0.0  0.0  0.0  0.0 10.0  0.0  0.0  0.0  0.0  0.0  0.0  0.0
    -29.79     -5.73      2.05     -6.61      1.11  0.0  0.0  0.0  0.0  0.0
                                 t000149_s20_p7_ai-el2ap.txt 23.8  5.4  129
  0.0  0.0  0.0 62.0  0.0  0.0  7.8  0.0  0.0  0.0  0.0  7.8  0.0  0.0  0.0
  0.0  0.0  0.0 31.0  0.0  0.0410.9108.5 46.5  7.8  0.0 15.5  0.0  0.0  0.0
  7.8  0.0 46.5  7.8  0.0  7.8  0.0  0.0  0.0  0.0  0.0  0.0  0.0  0.0  0.0
  7.8  0.0  0.0  0.0 23.3  0.0 38.8  7.8  0.0  7.8 85.3  0.0  0.0 77.5  0.0
  7.8  0.0  0.0  0.0  0.0  0.0  0.0  0.0  0.0  0.0  0.0  0.0  0.0  0.0  0.0
  0.0  0.0  0.0  0.0  0.0  0.0  0.0  0.0  0.0  0.0  0.0  0.0  0.0  0.0  0.0
  0.0  0.0  0.0  0.0  0.0  0.0  0.0  0.0  0.0  0.0  0.0  0.0  0.0  0.0  0.0
  0.0  0.0  0.0  0.0  0.0  0.0  0.0  0.0  0.0  0.0  0.0  0.0  0.0  0.0  0.0
  0.0  0.0  0.0  0.0  0.0  0.0  0.0 38.8  7.8  7.8  0.0  7.8  0.0  0.0  0.0
  0.0  0.0  0.0  0.0  0.0  7.8  0.0  0.0  0.0  0.0  0.0 15.5  7.8  0.0  0.0
    -16.13     -2.49      8.60     -6.61     -1.13  0.0  0.0  0.0  0.0  0.0
                                 t000149_s20_p8_ai-el2ap.txt 14.5  5.0   86
 11.6  0.0  0.0 11.6  0.0  0.0  0.0  0.0  0.0  0.0  0.0  0.0  0.0  0.0  0.0
  0.0  0.0  0.0 46.5  0.0  0.0407.0139.5 23.3 23.3  0.0  0.0  0.0  0.0  0.0
  0.0  0.0 58.1  0.0  0.0 34.9  0.0  0.0  0.0  0.0  0.0  0.0  0.0 34.9  0.0
  0.0  0.0 11.6  0.0  0.0  0.0 46.5 34.9  0.0  0.0 58.1  0.0  0.0 58.1  0.0
  0.0  0.0  0.0  0.0  0.0  0.0  0.0  0.0  0.0  0.0  0.0  0.0  0.0  0.0  0.0
  0.0  0.0  0.0  0.0  0.0  0.0  0.0  0.0  0.0  0.0  0.0  0.0  0.0  0.0  0.0
  0.0  0.0  0.0  0.0  0.0  0.0  0.0  0.0  0.0  0.0  0.0  0.0  0.0  0.0  0.0
  0.0  0.0  0.0  0.0  0.0  0.0  0.0  0.0  0.0  0.0  0.0  0.0  0.0  0.0  0.0
  0.0  0.0  0.0  0.0  0.0  0.0  0.0 23.3 23.3 11.6  0.0  0.0  0.0  0.0  0.0
  0.0  0.0  0.0  0.0  0.0  0.0  0.0  0.0  0.0  0.0  0.0  0.0 11.6  0.0  0.0
    -18.21     -4.96      3.03     -6.61      1.66  0.0  0.0  0.0  0.0  0.0
                                 t000149_s20_p9_ai-el2ap.txt 12.0  5.8   69
  0.0  0.0  0.0 14.5  0.0  0.0  0.0  0.0  0.0  0.0  0.0  0.0  0.0  0.0  0.0
  0.0  0.0  0.0 43.5  0.0  0.0449.3 43.5  0.0 29.0  0.0 29.0  0.0  0.0  0.0
  0.0  0.0  0.0  0.0  0.0 43.5  0.0  0.0  0.0  0.0  0.0  0.0 14.5 14.5  0.0
 14.5 14.5  0.0  0.0  0.0  0.0 58.0 29.0  0.0  0.0 14.5  0.0  0.0101.4 29.0
  0.0  0.0  0.0  0.0  0.0  0.0  0.0  0.0  0.0  0.0  0.0  0.0  0.0  0.0  0.0
  0.0  0.0  0.0  0.0  0.0  0.0  0.0  0.0  0.0  0.0  0.0  0.0  0.0  0.0  0.0
  0.0  0.0  0.0  0.0  0.0  0.0  0.0  0.0  0.0  0.0  0.0  0.0  0.0  0.0  0.0
  0.0  0.0  0.0  0.0  0.0  0.0  0.0  0.0  0.0  0.0  0.0  0.0  0.0  0.0  0.0
  0.0  0.0  0.0  0.0  0.0  0.0  0.0  0.0 14.5  0.0  0.0 14.5  0.0  0.0 14.5
  0.0  0.0  0.0  0.0  0.0  0.0  0.0 29.0  0.0 29.0  0.0  0.0  0.0  0.0  0.0
    -18.10      0.80     -1.50     -6.61     12.30  0.0  0.0  0.0  0.0  0.0
                                  t000149_s4_p1_ai-el2ap.txt 20.5  5.6  113
  8.8  0.0  0.0 35.4  0.0  0.0  0.0  0.0  0.0  0.0  8.8  0.0  0.0  0.0  0.0
  0.0  0.0  0.0  8.8  0.0  0.0380.5132.7 70.8  0.0  0.0  0.0  0.0  0.0  0.0
  0.0  0.0 61.9  0.0  0.0 17.7  0.0  0.0  0.0  0.0  0.0  8.8  0.0 17.7 17.7
  8.8  8.8  8.8  8.8  8.8  0.0 17.7 44.2  0.0  0.0106.2  0.0  0.0 70.8  0.0
  0.0  0.0  0.0  0.0  0.0  0.0  0.0  0.0  0.0  0.0  0.0  0.0  0.0  0.0  0.0
  0.0  0.0  0.0  0.0  0.0  0.0  0.0  0.0  0.0  0.0  0.0  0.0  0.0  0.0  0.0
  0.0  0.0  0.0  0.0  0.0  0.0  0.0  0.0  0.0  0.0  0.0  0.0  0.0  0.0  0.0
  0.0  0.0  0.0  0.0  0.0  0.0  0.0  0.0  0.0  0.0  0.0  0.0  0.0  0.0  0.0
  0.0  0.0  0.0  0.0  0.0  0.0  0.0 97.3  8.8  0.0 17.7  0.0  8.8  0.0  0.0
  0.0  0.0  0.0  0.0  0.0  0.0  0.0 17.7  0.0  8.8  8.8  0.0  0.0  0.0  0.0
    -27.81     -5.73      4.27     -3.07     15.52  0.0  0.0  0.0  0.0  0.0
                                  t000149_s4_p2_ai-el2ap.txt  5.8  5.3   27
  0.0  0.0  0.0  0.0  0.0  0.0  0.0  0.0  0.0  0.0  0.0  0.0  0.0  0.0  0.0
  0.0  0.0  0.0 37.0  0.0  0.0481.5148.1 37.0 37.0  0.0  0.0  0.0  0.0  0.0
  0.0  0.0 74.1  0.0  0.0  0.0  0.0  0.0  0.0  0.0  0.0  0.0  0.0  0.0  0.0
  0.0  0.0  0.0  0.0  0.0  0.0 37.0  0.0  0.0  0.0 37.0  0.0  0.0 37.0  0.0
  0.0  0.0  0.0  0.0  0.0  0.0  0.0  0.0  0.0  0.0  0.0  0.0  0.0  0.0  0.0
  0.0  0.0  0.0  0.0  0.0  0.0  0.0  0.0  0.0  0.0  0.0  0.0  0.0  0.0  0.0
  0.0  0.0  0.0  0.0  0.0  0.0  0.0  0.0  0.0  0.0  0.0  0.0  0.0  0.0  0.0
  0.0  0.0  0.0  0.0  0.0  0.0  0.0  0.0  0.0  0.0  0.0  0.0  0.0  0.0  0.0
  0.0  0.0  0.0  0.0  0.0  0.0  0.0 37.0  0.0  0.0 37.0 37.0  0.0  0.0 37.0
  0.0  0.0  0.0  0.0  0.0  0.0  0.0  0.0  0.0 37.0  0.0  0.0  0.0  0.0  0.0
    -25.57     -4.51      6.12     -6.61     -3.63  0.0  0.0  0.0  0.0  0.0
                                  t000149_s4_p3_ai-el2ap.txt  8.0  5.5   47
  0.0  0.0  0.0  0.0  0.0  0.0  0.0  0.0  0.0  0.0  0.0  0.0  0.0  0.0  0.0
  0.0  0.0  0.0  0.0  0.0  0.0425.5148.9 63.8 42.6  0.0  0.0  0.0  0.0  0.0
  0.0  0.0106.4  0.0  0.0  0.0  0.0  0.0  0.0  0.0  0.0  0.0  0.0 21.3  0.0
  0.0  0.0  0.0 21.3  0.0  0.0  0.0 21.3  0.0  0.0 85.1  0.0  0.0 63.8 21.3
  0.0  0.0  0.0  0.0  0.0  0.0  0.0  0.0  0.0  0.0  0.0  0.0  0.0  0.0  0.0
  0.0  0.0  0.0  0.0  0.0  0.0  0.0  0.0  0.0  0.0  0.0  0.0  0.0  0.0  0.0
  0.0  0.0  0.0  0.0  0.0  0.0  0.0  0.0  0.0  0.0  0.0  0.0  0.0  0.0  0.0
  0.0  0.0  0.0  0.0  0.0  0.0  0.0  0.0  0.0  0.0  0.0  0.0  0.0  0.0  0.0
  0.0  0.0  0.0  0.0  0.0  0.0  0.0 42.6 21.3 21.3 21.3  0.0  0.0  0.0  0.0
  0.0  0.0  0.0  0.0  0.0  0.0  0.0 21.3  0.0 21.3  0.0  0.0  0.0  0.0  0.0
    -33.66     -4.33      8.36     -6.61     -0.40  0.0  0.0  0.0  0.0  0.0
                                  t000149_s4_p4_ai-el2ap.txt  8.5  5.7   45
  0.0  0.0  0.0 22.2  0.0  0.0  0.0  0.0  0.0  0.0  0.0  0.0  0.0  0.0  0.0
  0.0  0.0  0.0  0.0  0.0  0.0333.3177.8 88.9 22.2  0.0  0.0  0.0  0.0  0.0
  0.0  0.0133.3  0.0  0.0 22.2  0.0  0.0 22.2  0.0  0.0  0.0  0.0  0.0  0.0
 44.4  0.0  0.0  0.0  0.0  0.0  0.0 44.4  0.0  0.0133.3  0.0  0.0 88.9  0.0
  0.0  0.0  0.0  0.0  0.0  0.0  0.0  0.0  0.0  0.0  0.0  0.0  0.0  0.0  0.0
  0.0  0.0  0.0  0.0  0.0  0.0  0.0  0.0  0.0  0.0  0.0  0.0  0.0  0.0  0.0
  0.0  0.0  0.0  0.0  0.0  0.0  0.0  0.0  0.0  0.0  0.0  0.0  0.0  0.0  0.0
  0.0  0.0  0.0  0.0  0.0  0.0  0.0  0.0  0.0  0.0  0.0  0.0  0.0  0.0  0.0
  0.0  0.0  0.0  0.0  0.0  0.0  0.0  0.0 44.4 22.2 44.4 22.2 22.2  0.0 22.2
  0.0  0.0  0.0  0.0  0.0  0.0  0.0 66.7  0.0  0.0  0.0  0.0  0.0  0.0  0.0
    -33.50     -5.00      8.97      0.56     10.71  0.0  0.0  0.0  0.0  0.0
                                  t000149_s8_p1_ai-el2ap.txt 36.0  5.7  337
  3.0  0.0  0.0 38.6  0.0  0.0  0.0  0.0  0.0  3.0  0.0  0.0  0.0  0.0  0.0
  0.0  0.0  0.0 32.6  0.0  0.0442.1 83.1 77.2  0.0  5.9  0.0  0.0  0.0  3.0
  0.0  8.9 38.6  0.0  0.0 14.8  0.0  0.0  0.0  0.0  0.0  8.9  0.0  5.9  5.9
  0.0  3.0  0.0  5.9  8.9  0.0 44.5 11.9  0.0  3.0106.8  5.9  0.0 38.6  0.0
  5.9  0.0  0.0  0.0  0.0  0.0  0.0  0.0  0.0  0.0  0.0  0.0  0.0  0.0  0.0
  0.0  0.0  0.0  0.0  0.0  0.0  0.0  0.0  0.0  0.0  0.0  0.0  0.0  0.0  0.0
  0.0  0.0  0.0  0.0  0.0  0.0  0.0  0.0  0.0  0.0  0.0  0.0  0.0  0.0  0.0
  0.0  0.0  0.0  0.0  0.0  0.0  0.0  0.0  0.0  0.0  0.0  0.0  0.0  0.0  0.0
  0.0  0.0  0.0  0.0  0.0  0.0  0.0 23.7  3.0  0.0  3.0  0.0  3.0  5.9 14.8
  0.0  8.9  0.0  0.0  0.0  3.0  0.0  3.0  0.0  0.0  0.0  0.0  8.9  0.0  0.0
    -24.08     -5.46      7.59     -3.04      1.84  0.0  0.0  0.0  0.0  0.0
                                  t000149_s8_p2_ai-el2ap.txt 14.5  6.2   77
  0.0  0.0  0.0 26.0  0.0  0.0  0.0  0.0  0.0  0.0  0.0  0.0  0.0  0.0  0.0
  0.0  0.0  0.0  0.0  0.0  0.0324.7194.8103.9 39.0  0.0  0.0  0.0  0.0 13.0
  0.0  0.0 77.9  0.0  0.0 13.0  0.0  0.0  0.0  0.0  0.0  0.0  0.0 26.0  0.0
  0.0  0.0  0.0 13.0  0.0  0.0  0.0 26.0  0.0 13.0155.8  0.0  0.0 77.9 13.0
  0.0  0.0  0.0  0.0  0.0  0.0  0.0  0.0  0.0  0.0  0.0  0.0  0.0  0.0  0.0
  0.0  0.0  0.0  0.0  0.0  0.0  0.0  0.0  0.0  0.0  0.0  0.0  0.0  0.0  0.0
  0.0  0.0  0.0  0.0  0.0  0.0  0.0  0.0  0.0  0.0  0.0  0.0  0.0  0.0  0.0
  0.0  0.0  0.0  0.0  0.0  0.0  0.0  0.0  0.0  0.0  0.0  0.0  0.0  0.0  0.0
  0.0  0.0  0.0  0.0  0.0  0.0  0.0  0.0 26.0  0.0 39.0  0.0  0.0 13.0 13.0
  0.0  0.0  0.0  0.0  0.0  0.0  0.0  0.0  0.0  0.0  0.0  0.0  0.0  0.0  0.0
    -35.80     -4.45     12.14     -6.61      0.31  0.0  0.0  0.0  0.0  0.0
                                  t000149_s8_p3_ai-el2ap.txt 19.3  6.0   99
  0.0  0.0  0.0 50.5  0.0  0.0  0.0  0.0  0.0  0.0  0.0  0.0  0.0  0.0  0.0
  0.0  0.0  0.0 10.1  0.0  0.0404.0121.2 60.6  0.0  0.0  0.0  0.0 10.1  0.0
  0.0  0.0141.4  0.0  0.0 20.2  0.0  0.0  0.0  0.0  0.0  0.0  0.0  0.0  0.0
  0.0  0.0  0.0  0.0 10.1  0.0 10.1  0.0  0.0 10.1 90.9  0.0  0.0 60.6  0.0
 10.1  0.0  0.0  0.0  0.0  0.0  0.0  0.0  0.0  0.0  0.0  0.0  0.0  0.0  0.0
  0.0  0.0  0.0  0.0  0.0  0.0  0.0  0.0  0.0  0.0  0.0  0.0  0.0  0.0  0.0
  0.0  0.0  0.0  0.0  0.0  0.0  0.0  0.0  0.0  0.0  0.0  0.0  0.0  0.0  0.0
  0.0  0.0  0.0  0.0  0.0  0.0  0.0  0.0  0.0  0.0  0.0  0.0  0.0  0.0  0.0
  0.0  0.0  0.0  0.0  0.0  0.0  0.0 30.3 10.1  0.0  0.0 10.1 10.1  0.0 20.2
  0.0  0.0  0.0  0.0  0.0  0.0 10.1 20.2  0.0  0.0  0.0  0.0 10.1  0.0  0.0
    -29.41     -5.73     15.59     -6.61     -3.63  0.0  0.0  0.0  0.0  0.0
                                  t000149_s8_p4_ai-el2ap.txt  7.0  5.9   36
  0.0  0.0  0.0 27.8  0.0  0.0  0.0  0.0  0.0 27.8  0.0  0.0  0.0  0.0  0.0
  0.0  0.0  0.0  0.0  0.0  0.0305.6166.7 55.6  0.0  0.0 27.8  0.0  0.0  0.0
  0.0  0.0111.1  0.0  0.0  0.0  0.0  0.0  0.0  0.0  0.0  0.0  0.0  0.0  0.0
  0.0  0.0 27.8  0.0  0.0  0.0  0.0  0.0  0.0  0.0111.1  0.0  0.0 55.6  0.0
  0.0  0.0  0.0  0.0  0.0  0.0  0.0  0.0  0.0  0.0  0.0  0.0  0.0  0.0  0.0
  0.0  0.0  0.0 27.8  0.0  0.0  0.0  0.0  0.0  0.0  0.0  0.0  0.0  0.0  0.0
  0.0  0.0  0.0  0.0  0.0  0.0  0.0  0.0  0.0  0.0  0.0  0.0  0.0  0.0  0.0
 27.8  0.0  0.0 27.8  0.0  0.0  0.0  0.0  0.0  0.0  0.0  0.0  0.0  0.0  0.0
  0.0  0.0  0.0  0.0  0.0  0.0  0.0  0.0 55.6  0.0 27.8  0.0  0.0  0.0  0.0
  0.0  0.0  0.0  0.0  0.0  0.0  0.0  0.0 27.8  0.0  0.0  0.0  0.0  0.0  0.0
    -26.96     -0.39      8.69     -6.61     -3.63  0.0  0.0  0.0  0.0  0.0
                                  t000149_s8_p5_ai-el2ap.txt 11.3  5.7   59
  0.0  0.0  0.0 84.7  0.0  0.0  0.0  0.0  0.0  0.0  0.0  0.0  0.0  0.0  0.0
  0.0  0.0  0.0  0.0  0.0  0.0372.9152.5 67.8 16.9  0.0  0.0  0.0  0.0  0.0
  0.0  0.0118.6  0.0  0.0 16.9 16.9 16.9  0.0  0.0  0.0  0.0 16.9  0.0  0.0
 16.9  0.0  0.0  0.0 16.9 16.9  0.0 16.9  0.0  0.0118.6  0.0  0.0135.6  0.0
  0.0  0.0  0.0  0.0  0.0  0.0  0.0  0.0  0.0  0.0  0.0  0.0  0.0  0.0  0.0
  0.0  0.0  0.0  0.0  0.0  0.0  0.0 16.9  0.0  0.0  0.0  0.0  0.0  0.0  0.0
  0.0 16.9  0.0  0.0  0.0  0.0  0.0  0.0 16.9  0.0  0.0  0.0  0.0  0.0  0.0
  0.0 16.9  0.0 16.9 16.9 16.9 33.9  0.0  0.0  0.0  0.0  0.0  0.0  0.0  0.0
  0.0  0.0  0.0  0.0  0.0  0.0  0.0 16.9 84.7  0.0  0.0 16.9 16.9  0.0 33.9
  0.0  0.0  0.0  0.0  0.0  0.0 16.9 16.9  0.0  0.0  0.0  0.0  0.0  0.0  0.0
    -30.66     -5.17      8.25     -2.57     12.43  0.0  0.0  0.0  0.0  0.0
                                  t000150_s1_p1_ai-el2ap.txt 16.3  5.5   87
  0.0  0.0  0.0 57.5  0.0  0.0  0.0  0.0 11.5  0.0  0.0  0.0  0.0  0.0  0.0
  0.0  0.0 11.5 11.5  0.0  0.0321.8137.9 57.5 23.0  0.0  0.0 11.5  0.0  0.0
  0.0  0.0 92.0  0.0  0.0 80.5 34.5  0.0  0.0 11.5  0.0 23.0  0.0 11.5  0.0
 11.5  0.0 11.5  0.0  0.0 11.5 23.0 23.0  0.0  0.0 57.5 11.5  0.0114.9  0.0
 11.5  0.0  0.0  0.0  0.0  0.0  0.0  0.0  0.0  0.0  0.0  0.0  0.0  0.0  0.0
  0.0  0.0  0.0 11.5  0.0  0.0  0.0  0.0  0.0  0.0  0.0  0.0  0.0  0.0  0.0
  0.0  0.0  0.0  0.0  0.0  0.0  0.0  0.0  0.0  0.0  0.0  0.0  0.0  0.0  0.0
 11.5  0.0  0.0 11.5  0.0  0.0  0.0  0.0  0.0  0.0  0.0  0.0  0.0  0.0  0.0
  0.0  0.0  0.0  0.0  0.0  0.0  0.0 34.5 23.0 34.5 34.5 34.5  0.0 11.5  0.0
  0.0  0.0  0.0  0.0  0.0  0.0  0.0 11.5 23.0 23.0  0.0  0.0  0.0  0.0  0.0
    -22.30     -2.84      2.79      7.81      1.82  0.0  0.0  0.0  0.0  0.0
                                 t000150_s11_p1_ai-el2ap.txt 21.5  6.1  118
  8.5  0.0  0.0 50.8  0.0  0.0  0.0  0.0  0.0  0.0  0.0  0.0  0.0  0.0  0.0
  0.0  0.0  0.0 16.9  0.0  0.0322.0161.0118.6 16.9  0.0  0.0  8.5  0.0  0.0
  0.0  8.5152.5  0.0  0.0 25.4 16.9  0.0  0.0  0.0  0.0  8.5  8.5  0.0  0.0
  8.5  0.0  0.0  8.5  8.5  0.0 25.4  8.5  0.0  0.0127.1  0.0  0.0101.7  8.5
 16.9  0.0  0.0  0.0  0.0  0.0  0.0  0.0  0.0  0.0  0.0  0.0  0.0  0.0  0.0
  0.0  0.0  0.0  0.0  0.0  0.0  0.0  0.0  0.0  0.0  0.0  0.0  0.0  0.0  0.0
  0.0  0.0  8.5  8.5  0.0  0.0  0.0  0.0  0.0  0.0  0.0  0.0  0.0  0.0  0.0
  0.0  0.0  0.0  0.0 16.9  0.0 16.9  0.0  0.0  0.0  0.0  0.0  0.0  0.0  0.0
  0.0  0.0  0.0  0.0  0.0  0.0  0.0 33.9  8.5 33.9 16.9  8.5  0.0  0.0  8.5
  0.0  0.0  0.0  0.0  0.0  8.5 33.9  0.0  8.5 25.4  0.0  0.0 25.4  0.0  0.0
    -29.76     -3.60     13.26     -3.22      4.40  0.0  8.5  0.0  0.0  0.0
                                 t000150_s11_p2_ai-el2ap.txt 20.3  6.0  115
  0.0  0.0  0.0 34.8  0.0  0.0  0.0  0.0  0.0  0.0  0.0  0.0  0.0  0.0  0.0
  0.0  0.0  0.0 17.4  0.0  0.0347.8156.5139.1  0.0  0.0  0.0  0.0  0.0  0.0
  0.0 26.1139.1  0.0  8.7 34.8  0.0  0.0  0.0  0.0  0.0  0.0 17.4  0.0  0.0
  0.0  0.0  0.0  0.0  0.0  0.0 43.5  0.0  0.0  0.0147.8  0.0  0.0 52.2  0.0
  8.7  0.0  0.0  0.0  0.0  0.0  0.0  0.0  0.0  0.0  0.0  0.0  0.0  0.0  0.0
  0.0  0.0  0.0  0.0  0.0  0.0  0.0  0.0  0.0  0.0  0.0  0.0  0.0  0.0  0.0
  0.0  0.0  0.0  0.0  0.0  0.0  0.0  0.0  0.0  0.0  0.0  0.0  0.0  0.0  0.0
  0.0  0.0  0.0  0.0  0.0  0.0  0.0  0.0  0.0  0.0  0.0  0.0  0.0  0.0  0.0
  0.0  0.0  0.0  0.0  0.0  0.0  0.0 17.4 26.1  8.7 43.5  0.0  8.7  0.0  8.7
  0.0  0.0  0.0  0.0  0.0  0.0 34.8  0.0  0.0  0.0  0.0  8.7  8.7  0.0  0.0
    -32.46     -5.73     15.76     -6.61      7.24  0.0  0.0  0.0  0.0  0.0
                                 t000150_s11_p3_ai-el2ap.txt 20.8  5.9  127
  7.9  0.0  0.0110.2  0.0  0.0  0.0  0.0  0.0 23.6  0.0 15.7  0.0  7.9  0.0
  0.0  0.0  0.0 15.7  0.0  0.0275.6110.2102.4  0.0  0.0  0.0  0.0  0.0  0.0
  0.0  0.0102.4  0.0  0.0 47.2 15.7  0.0  0.0  7.9  0.0  7.9 15.7 23.6  7.9
  0.0  0.0  7.9  0.0  7.9  0.0 39.4 31.5  0.0  0.0133.9  0.0  0.0126.0  0.0
  0.0  0.0  0.0  0.0  0.0  0.0  0.0  0.0  0.0  0.0  0.0  0.0  0.0  0.0  0.0
  0.0  0.0  0.0  7.9  0.0  7.9  0.0  0.0  0.0  0.0  0.0  0.0  0.0  0.0  0.0
  0.0  0.0 15.7  0.0  0.0  0.0  0.0  0.0  7.9  0.0  7.9  0.0  0.0  0.0  0.0
 15.7  0.0  0.0 15.7 15.7  7.9 23.6  7.9  0.0  0.0  0.0  0.0  0.0  0.0  0.0
  0.0  0.0  0.0  0.0  0.0  0.0  0.0 47.2  7.9 15.7 31.5  7.9  0.0 15.7  0.0
  0.0  0.0  0.0  0.0  0.0  0.0  0.0  7.9  0.0 23.6 15.7  7.9  0.0  0.0  0.0
     -7.09     -5.73      5.40      0.12     15.85  0.0  0.0  0.0  0.0  0.0
                                 t000150_s11_p4_ai-el2ap.txt 12.8  6.1   72
  0.0  0.0  0.0 69.4  0.0  0.0  0.0  0.0  0.0  0.0  0.0  0.0  0.0  0.0  0.0
  0.0  0.0 13.9 13.9  0.0  0.0333.3152.8 55.6  0.0  0.0 41.7  0.0  0.0  0.0
  0.0  0.0194.4  0.0  0.0 41.7  0.0  0.0  0.0  0.0  0.0 27.8  0.0 27.8  0.0
  0.0  0.0 13.9 13.9  0.0 13.9 13.9 27.8  0.0  0.0 55.6  0.0  0.0 97.2 13.9
 13.9  0.0  0.0  0.0  0.0  0.0  0.0  0.0  0.0  0.0  0.0  0.0  0.0  0.0  0.0
  0.0  0.0  0.0 13.9  0.0  0.0  0.0  0.0  0.0  0.0  0.0  0.0  0.0  0.0  0.0
  0.0  0.0  0.0  0.0  0.0  0.0  0.0  0.0  0.0  0.0  0.0  0.0 13.9  0.0  0.0
 13.9  0.0  0.0 13.9  0.0  0.0  0.0 13.9  0.0  0.0  0.0  0.0  0.0  0.0  0.0
  0.0  0.0  0.0  0.0  0.0  0.0  0.0 13.9 13.9 27.8 13.9  0.0  0.0  0.0  0.0
  0.0  0.0  0.0  0.0  0.0  0.0  0.0 27.8 27.8 13.9  0.0  0.0 13.9  0.0  0.0
    -23.31      2.29     12.11      4.51      0.58 13.9  0.0  0.0  0.0  0.0
                                 t000150_s11_p5_ai-el2ap.txt 16.8  6.2   90
 11.1  0.0  0.0 77.8  0.0  0.0  0.0  0.0  0.0  0.0  0.0  0.0  0.0 11.1  0.0
  0.0  0.0  0.0 11.1  0.0  0.0333.3133.3111.1  0.0 11.1  0.0  0.0  0.0 11.1
  0.0 11.1177.8  0.0  0.0 44.4 11.1  0.0  0.0  0.0  0.0 11.1  0.0  0.0 11.1
  0.0  0.0  0.0  0.0  0.0  0.0 22.2 11.1  0.0 11.1122.2 11.1  0.0 88.9  0.0
 22.2  0.0  0.0  0.0  0.0  0.0  0.0  0.0  0.0  0.0  0.0  0.0  0.0  0.0  0.0
  0.0  0.0  0.0  0.0  0.0  0.0  0.0  0.0  0.0  0.0  0.0  0.0  0.0  0.0  0.0
  0.0  0.0  0.0 11.1  0.0  0.0  0.0  0.0  0.0  0.0  0.0  0.0  0.0  0.0  0.0
  0.0  0.0  0.0  0.0 11.1  0.0 11.1  0.0  0.0  0.0  0.0  0.0  0.0  0.0  0.0
  0.0  0.0  0.0  0.0  0.0  0.0  0.0 22.2 11.1  0.0 33.3  0.0  0.0  0.0  0.0
  0.0  0.0  0.0  0.0  0.0  0.0  0.0  0.0  0.0  0.0  0.0  0.0 22.2  0.0  0.0
    -23.48     -5.23     20.46     -2.16      4.92  0.0  0.0 11.1  0.0  0.0
                                 t000150_s17_p1_ai-el2ap.txt 14.0  6.1   70
  0.0  0.0  0.0 57.1  0.0  0.0  0.0  0.0  0.0  0.0  0.0  0.0  0.0  0.0  0.0
  0.0  0.0  0.0  0.0  0.0  0.0371.4171.4128.6  0.0  0.0  0.0 14.3  0.0  0.0
  0.0  0.0171.4  0.0  0.0 14.3 14.3  0.0  0.0  0.0  0.0  0.0  0.0  0.0  0.0
  0.0  0.0  0.0  0.0  0.0  0.0  0.0  0.0  0.0  0.0171.4  0.0  0.0 85.7 14.3
 14.3  0.0  0.0  0.0  0.0  0.0  0.0  0.0  0.0  0.0  0.0  0.0  0.0  0.0  0.0
  0.0  0.0  0.0  0.0  0.0  0.0  0.0  0.0  0.0  0.0  0.0  0.0  0.0  0.0  0.0
  0.0  0.0  0.0  0.0  0.0  0.0  0.0  0.0  0.0  0.0  0.0  0.0  0.0  0.0  0.0
  0.0  0.0  0.0  0.0  0.0  0.0  0.0  0.0  0.0  0.0  0.0  0.0  0.0  0.0  0.0
  0.0  0.0  0.0  0.0  0.0  0.0  0.0 14.3 14.3  0.0 42.9  0.0  0.0  0.0 14.3
 28.6  0.0  0.0  0.0  0.0  0.0  0.0  0.0 28.6 14.3  0.0  0.0 28.6 14.3  0.0
    -36.40     -3.08     12.07     -6.61     -3.63  0.0  0.0  0.0  0.0  0.0
                                t000150_s17_p10_ai-el2ap.txt 15.8  5.7   86
  0.0  0.0  0.0  0.0  0.0  0.0  0.0  0.0  0.0  0.0  0.0  0.0  0.0  0.0  0.0
  0.0  0.0  0.0 11.6  0.0  0.0314.0186.0 69.8 34.9 11.6  0.0  0.0  0.0  0.0
  0.0  0.0151.2 11.6  0.0 23.3  0.0  0.0  0.0  0.0  0.0  0.0  0.0 23.3 11.6
 11.6  0.0  0.0  0.0 11.6  0.0 11.6 46.5  0.0  0.0116.3 11.6  0.0 81.4  0.0
 23.3  0.0  0.0  0.0  0.0  0.0  0.0  0.0  0.0  0.0  0.0  0.0  0.0  0.0  0.0
  0.0  0.0  0.0  0.0  0.0  0.0  0.0  0.0  0.0  0.0  0.0  0.0  0.0  0.0  0.0
  0.0  0.0  0.0  0.0  0.0  0.0  0.0  0.0  0.0  0.0  0.0  0.0  0.0  0.0  0.0
  0.0  0.0  0.0  0.0  0.0  0.0  0.0  0.0  0.0  0.0  0.0  0.0  0.0  0.0  0.0
  0.0  0.0  0.0  0.0  0.0  0.0  0.0  0.0 23.3 11.6  0.0  0.0  0.0 11.6  0.0
  0.0  0.0  0.0  0.0  0.0  0.0  0.0 11.6  0.0  0.0  0.0  0.0  0.0  0.0  0.0
    -30.48     -4.06      6.83     -6.61     12.59  0.0  0.0  0.0  0.0  0.0
                                t000150_s17_p11_ai-el2ap.txt 28.0  5.6  155
  6.5  0.0  0.0 83.9  0.0  0.0 12.9  0.0  0.0  6.5  0.0  0.0  0.0  0.0  0.0
  0.0  0.0  6.5  0.0  0.0  0.0348.4154.8 90.3  6.5  6.5 25.8  6.5  0.0 32.3
  0.0  0.0167.7 12.9  0.0 25.8 19.4  0.0  0.0  0.0  0.0  0.0  6.5  6.5  0.0
  6.5  0.0  6.5  0.0  6.5  6.5  0.0 12.9  0.0 32.3 96.8  6.5  6.5129.0 12.9
  6.5  0.0  0.0  0.0  0.0  0.0  0.0  0.0  0.0  0.0  0.0  0.0  0.0  0.0  0.0
  0.0  0.0  0.0  6.5  0.0  0.0  6.5  0.0  0.0  0.0  0.0  0.0  0.0  0.0  0.0
  0.0  0.0  0.0 12.9  0.0  0.0  0.0  0.0  0.0  0.0  0.0  0.0  0.0  0.0  0.0
 12.9  0.0  0.0 12.9 12.9  0.0 12.9  0.0  0.0  0.0  0.0  0.0  0.0  0.0  0.0
  0.0  0.0  0.0  0.0  0.0  0.0  0.0  6.5 12.9  0.0 19.4  0.0  0.0  0.0 12.9
  0.0  0.0 19.4  0.0  0.0  6.5  6.5  6.5 12.9  6.5  6.5  6.5 32.3  6.5  0.0
    -25.01      0.93     23.60     -6.61      3.46  0.0  0.0  0.0  0.0  0.0
                                 t000150_s17_p2_ai-el2ap.txt 27.8  6.0  161
  0.0  0.0  0.0  6.2  0.0  0.0  0.0  0.0  6.2  0.0  0.0  0.0  0.0  0.0  0.0
  0.0  0.0  0.0  0.0  0.0  0.0304.3155.3 93.2 80.7 37.3  0.0  6.2  0.0 18.6
  0.0  0.0130.4  0.0  0.0 31.1 12.4  0.0  0.0  0.0  0.0  6.2 12.4 24.8  6.2
  6.2  0.0  0.0 18.6  0.0  0.0  0.0 37.3  0.0 18.6118.0 43.5  0.0111.8  6.2
  0.0  0.0  0.0  0.0  0.0  0.0  0.0  0.0  0.0  0.0  0.0  0.0  0.0  0.0  0.0
  0.0  0.0  0.0  0.0  0.0  0.0  0.0  0.0  0.0  0.0  0.0  0.0  0.0  0.0  0.0
  0.0  0.0  0.0  0.0  0.0  0.0  0.0  0.0  0.0  6.2  0.0  0.0  0.0  0.0  0.0
  0.0  0.0  0.0  0.0  0.0  0.0  6.2  0.0  0.0  0.0  0.0  0.0  0.0  0.0  0.0
  0.0  0.0  0.0  0.0  0.0  0.0  0.0  0.0 12.4 12.4 18.6  6.2  6.2  0.0 18.6
 12.4  0.0  6.2  0.0  6.2  6.2 24.8 18.6  0.0  6.2  6.2  0.0  0.0  0.0  0.0
    -33.01     -0.27     17.58     -4.12     14.68  0.0  0.0  0.0  0.0  0.0
                                 t000150_s17_p3_ai-el2ap.txt 10.5  6.0   51
  0.0  0.0  0.0  0.0  0.0  0.0  0.0  0.0  0.0  0.0  0.0  0.0  0.0  0.0  0.0
  0.0  0.0  0.0 19.6  0.0  0.0313.7176.5 58.8 78.4 19.6  0.0  0.0  0.0 19.6
  0.0 19.6156.9  0.0  0.0 58.8 19.6  0.0  0.0  0.0  0.0 19.6  0.0 19.6  0.0
  0.0  0.0  0.0  0.0  0.0  0.0 39.2 19.6  0.0 19.6 58.8 19.6  0.0 98.0  0.0
  0.0  0.0  0.0  0.0  0.0  0.0  0.0  0.0  0.0  0.0  0.0  0.0  0.0  0.0  0.0
  0.0  0.0  0.0  0.0  0.0  0.0  0.0  0.0  0.0  0.0  0.0  0.0  0.0  0.0  0.0
  0.0  0.0  0.0  0.0  0.0  0.0  0.0  0.0  0.0  0.0  0.0  0.0  0.0  0.0  0.0
  0.0  0.0  0.0  0.0  0.0  0.0  0.0  0.0  0.0  0.0  0.0  0.0  0.0  0.0  0.0
  0.0  0.0  0.0  0.0  0.0  0.0  0.0  0.0  0.0 19.6 19.6  0.0  0.0  0.0 19.6
  0.0  0.0  0.0  0.0  0.0  0.0  0.0 19.6  0.0  0.0 19.6  0.0  0.0  0.0  0.0
    -28.48     -2.28     25.59      1.24     -0.66  0.0 19.6  0.0  0.0  0.0
                                 t000150_s17_p4_ai-el2ap.txt 18.3  6.2   95
 42.1 10.5 10.5 73.7  0.0  0.0  0.0  0.0  0.0  0.0  0.0  0.0  0.0  0.0  0.0
  0.0  0.0  0.0  0.0  0.0  0.0336.8147.4 73.7 21.1 10.5  0.0  0.0 10.5 10.5
  0.0  0.0136.8 10.5  0.0 31.6 10.5 10.5  0.0  0.0  0.0  0.0  0.0 10.5 21.1
  0.0 21.1  0.0  0.0  0.0 10.5 21.1 31.6  0.0 21.1 84.2 10.5  0.0126.3 10.5
 10.5  0.0  0.0  0.0  0.0  0.0  0.0  0.0  0.0  0.0  0.0  0.0  0.0  0.0  0.0
  0.0  0.0  0.0  0.0 10.5  0.0  0.0  0.0  0.0  0.0  0.0  0.0  0.0  0.0  0.0
  0.0  0.0  0.0  0.0  0.0  0.0  0.0  0.0  0.0  0.0  0.0  0.0  0.0  0.0  0.0
 10.5  0.0  0.0 10.5  0.0  0.0  0.0  0.0  0.0  0.0  0.0  0.0  0.0  0.0  0.0
  0.0  0.0  0.0  0.0  0.0  0.0  0.0 31.6  0.0 21.1 10.5 10.5  0.0  0.0 10.5
  0.0  0.0  0.0  0.0  0.0 10.5 10.5  0.0  0.0  0.0 10.5  0.0 21.1  0.0  0.0
    -24.05     -4.57     17.13     -4.10     14.16  0.0  0.0  0.0  0.0  0.0
                                 t000150_s17_p5_ai-el2ap.txt 19.0  6.5   97
  0.0  0.0  0.0 10.3  0.0  0.0  0.0 10.3  0.0  0.0  0.0  0.0  0.0  0.0  0.0
  0.0  0.0  0.0 10.3  0.0  0.0319.6134.0154.6 51.5 20.6  0.0  0.0  0.0  0.0
  0.0  0.0154.6 10.3  0.0 30.9 20.6  0.0  0.0  0.0  0.0  0.0  0.0  0.0  0.0
  0.0 10.3  0.0 10.3  0.0  0.0 20.6  0.0  0.0  0.0154.6 20.6  0.0103.1 10.3
  0.0  0.0  0.0  0.0  0.0  0.0  0.0  0.0  0.0  0.0  0.0  0.0  0.0  0.0  0.0
  0.0  0.0  0.0  0.0  0.0  0.0  0.0  0.0  0.0  0.0  0.0  0.0  0.0  0.0  0.0
  0.0  0.0  0.0  0.0  0.0  0.0  0.0  0.0  0.0 10.3  0.0  0.0  0.0  0.0  0.0
  0.0  0.0  0.0  0.0  0.0  0.0 10.3  0.0  0.0  0.0  0.0  0.0  0.0  0.0  0.0
  0.0  0.0  0.0  0.0  0.0  0.0  0.0  0.0  0.0  0.0 30.9  0.0  0.0  0.0  0.0
  0.0  0.0  0.0  0.0  0.0 20.6 10.3  0.0  0.0  0.0  0.0 10.3 30.9  0.0  0.0
    -32.66     -3.12      7.01     -6.61     -3.63 10.3  0.0 10.3  0.0  0.0
                                 t000150_s17_p6_ai-el2ap.txt  9.3  6.5   50
  0.0  0.0  0.0 80.0  0.0  0.0  0.0  0.0  0.0  0.0  0.0  0.0  0.0  0.0  0.0
  0.0  0.0  0.0  0.0  0.0  0.0460.0180.0 40.0  0.0 40.0  0.0  0.0  0.0  0.0
  0.0  0.0200.0  0.0  0.0 20.0 20.0  0.0  0.0  0.0  0.0  0.0  0.0  0.0  0.0
  0.0 20.0  0.0  0.0  0.0  0.0 20.0  0.0  0.0  0.0 40.0 40.0  0.0120.0  0.0
 20.0  0.0  0.0  0.0  0.0  0.0  0.0  0.0  0.0  0.0  0.0  0.0  0.0  0.0  0.0
  0.0  0.0  0.0 20.0  0.0  0.0  0.0  0.0  0.0  0.0  0.0  0.0  0.0  0.0  0.0
  0.0  0.0 20.0 20.0  0.0  0.0  0.0  0.0  0.0  0.0  0.0  0.0  0.0  0.0  0.0
 20.0  0.0  0.0 20.0 40.0  0.0 40.0  0.0  0.0  0.0  0.0  0.0  0.0  0.0  0.0
  0.0  0.0  0.0  0.0  0.0  0.0  0.0  0.0  0.0  0.0 80.0  0.0  0.0  0.0 20.0
  0.0  0.0  0.0  0.0  0.0  0.0 20.0  0.0 20.0  0.0  0.0  0.0 40.0  0.0  0.0
    -34.72     -3.95     13.73     -6.61     -3.63  0.0  0.0  0.0  0.0  0.0
                                 t000150_s17_p7_ai-el2ap.txt 18.3  5.9  104
  0.0  0.0  0.0 48.1  0.0  9.6  0.0  0.0  0.0  0.0  0.0  0.0  0.0  0.0  0.0
  9.6  0.0 19.2  9.6  0.0  0.0307.7163.5 86.5  0.0  0.0  0.0  0.0  0.0  0.0
  0.0  0.0163.5  0.0  0.0 57.7  9.6  0.0  0.0  0.0  0.0  0.0  9.6 19.2  0.0
  9.6  9.6  0.0  0.0  9.6 19.2 19.2 28.8  0.0  0.0105.8  0.0  0.0 76.9  9.6
  9.6  0.0  0.0  0.0  0.0  0.0  0.0  0.0  0.0  0.0  0.0  0.0  0.0  0.0  0.0
  0.0  0.0  0.0  0.0  0.0  0.0  9.6  0.0  0.0  0.0  0.0  0.0  0.0  0.0  0.0
  0.0  0.0  0.0  9.6  0.0  0.0  0.0  0.0  0.0  0.0  9.6  0.0  0.0  0.0  0.0
  9.6  0.0  0.0  9.6  9.6  0.0  9.6  9.6  0.0  0.0  0.0  0.0  0.0  0.0  0.0
  0.0  0.0  0.0  0.0  0.0  0.0  0.0  0.0  0.0  9.6 48.1  0.0  0.0  0.0  0.0
  0.0  0.0  0.0  0.0  0.0  9.6 28.8  0.0 19.2  0.0  0.0  0.0  9.6  0.0  0.0
    -17.84     -5.73      9.05     -6.61      8.40  0.0 19.2  0.0  0.0  0.0
                                 t000150_s17_p8_ai-el2ap.txt 20.8  5.6  108
  9.3  0.0  0.0 27.8  0.0  0.0  0.0  0.0  0.0  0.0  0.0  0.0  0.0  0.0  0.0
  0.0  9.3  0.0 18.5  0.0  0.0333.3148.1 27.8 46.3  0.0 18.5  0.0  0.0  0.0
  0.0  0.0138.9  0.0  0.0 37.0  9.3  0.0  0.0  0.0  0.0 18.5  0.0 18.5  9.3
  0.0  0.0  9.3  0.0  0.0  0.0 18.5 27.8  9.3  0.0 55.6  0.0  0.0 92.6  9.3
  0.0  0.0  0.0  0.0  0.0  0.0  0.0  0.0  0.0  0.0  0.0  0.0  0.0  0.0  0.0
  0.0  0.0  0.0  0.0  0.0  0.0  0.0  0.0  0.0  0.0  0.0  0.0  0.0  0.0  0.0
  0.0  0.0  0.0  0.0  0.0  0.0  0.0  0.0  0.0  0.0  0.0  0.0  0.0  0.0  0.0
  0.0  0.0  0.0  0.0  0.0  0.0  0.0  0.0  0.0  0.0  0.0  0.0  0.0  0.0  0.0
  0.0  0.0  0.0  0.0  0.0  0.0  0.0  0.0 18.5  0.0  9.3  0.0  0.0  0.0  0.0
  0.0  9.3  0.0  0.0  0.0  0.0  0.0  0.0 18.5 18.5  0.0  0.0  0.0  0.0  0.0
     -8.45     -0.64      8.51      0.80      6.30  0.0  0.0  0.0  0.0  0.0
                                 t000150_s17_p9_ai-el2ap.txt 19.0  5.8  114
 17.5  0.0  0.0 43.9  0.0  0.0  0.0  8.8  0.0  0.0  0.0  0.0  0.0  0.0  0.0
  8.8  0.0  8.8 17.5  0.0  0.0307.0166.7 70.2 26.3  0.0 17.5  0.0  0.0  8.8
  0.0  0.0131.6  0.0  0.0 17.5  8.8  0.0  0.0  0.0  0.0  8.8  0.0  8.8  0.0
  0.0  0.0  8.8  0.0 17.5  8.8 17.5  8.8  0.0  8.8140.4  0.0  0.0 87.7  0.0
  0.0  0.0  0.0  0.0  0.0  0.0  0.0  0.0  0.0  0.0  0.0  0.0  0.0  0.0  0.0
  0.0  0.0  0.0  0.0  0.0  8.8  0.0  0.0  0.0  0.0  0.0  0.0  0.0  0.0  0.0
  0.0  0.0  0.0  0.0  0.0  0.0  0.0  0.0  0.0  8.8  0.0  0.0  0.0  0.0  0.0
  8.8  0.0  0.0  8.8  0.0  0.0  8.8  0.0  0.0  0.0  0.0  0.0  0.0  0.0  0.0
  0.0  0.0  0.0  0.0  0.0  0.0  0.0  0.0 43.9  0.0 35.1  0.0  0.0  8.8  0.0
  0.0  0.0  0.0  0.0  0.0  0.0 26.3  0.0  0.0 17.5  0.0  0.0 17.5  0.0  0.0
    -17.55     -1.49     13.50     -3.10     -2.30  0.0  0.0  0.0  0.0  0.0
                                  t000150_s4_p1_ai-el2ap.txt 20.3  5.9  109
  9.2  0.0  0.0 55.0  0.0  0.0  0.0  0.0  0.0  0.0  0.0  0.0  0.0  0.0  0.0
  0.0  0.0  0.0  9.2  0.0  0.0302.8119.3100.9  0.0 36.7  0.0  9.2  0.0  0.0
  0.0 18.3 64.2  0.0  0.0 55.0 27.5  0.0  9.2  0.0  0.0  0.0 27.5  0.0  9.2
  0.0  0.0  0.0  0.0  0.0  0.0 27.5  9.2  0.0  0.0110.1 36.7  0.0 91.7  0.0
  0.0  0.0  0.0  0.0  0.0  0.0  0.0  0.0  0.0  0.0  0.0  0.0  0.0  0.0  0.0
  0.0  0.0  0.0  0.0  0.0  0.0  0.0  0.0  0.0  0.0  0.0  0.0  0.0  0.0  0.0
  0.0  0.0  9.2  9.2  0.0  0.0  0.0  0.0  0.0  0.0  0.0  0.0  0.0  0.0  0.0
  0.0  0.0  0.0  0.0 18.3  0.0 18.3  0.0  0.0  0.0  0.0  0.0  0.0  0.0  0.0
  0.0  0.0  0.0  0.0  0.0  0.0  0.0 36.7 18.3  0.0  9.2  0.0  0.0  0.0  0.0
  0.0  0.0  0.0  0.0  0.0  0.0  9.2  9.2  9.2  0.0  0.0  0.0 18.3  0.0  0.0
    -27.75     -2.40      9.10     -3.65     20.63  9.2  0.0  0.0  0.0  0.0
                                  t000150_s4_p2_ai-el2ap.txt 16.3  5.9   88
 11.4  0.0  0.0 68.2  0.0  0.0  0.0  0.0 11.4  0.0  0.0  0.0  0.0  0.0  0.0
  0.0  0.0  0.0  0.0  0.0  0.0318.2147.7102.3 22.7  0.0 11.4  0.0  0.0  0.0
  0.0 11.4181.8  0.0  0.0 22.7 11.4  0.0  0.0  0.0  0.0  0.0 11.4  0.0  0.0
  0.0  0.0 11.4  0.0  0.0  0.0 11.4  0.0  0.0  0.0113.6 11.4  0.0 90.9  0.0
 22.7  0.0  0.0  0.0  0.0  0.0  0.0  0.0  0.0  0.0  0.0  0.0  0.0  0.0  0.0
  0.0  0.0  0.0  0.0  0.0  0.0  0.0  0.0  0.0  0.0  0.0  0.0  0.0  0.0  0.0
  0.0  0.0  0.0  0.0  0.0  0.0  0.0  0.0  0.0  0.0  0.0  0.0  0.0  0.0  0.0
  0.0  0.0  0.0  0.0  0.0  0.0  0.0  0.0  0.0  0.0  0.0  0.0  0.0  0.0  0.0
  0.0  0.0  0.0  0.0  0.0  0.0  0.0  0.0 11.4 34.1 11.4  0.0  0.0  0.0  0.0
  0.0  0.0  0.0  0.0  0.0 11.4  0.0 11.4 11.4  0.0 11.4 11.4 11.4  0.0  0.0
    -30.14     -2.79     16.52     -6.61      3.48  0.0  0.0  0.0  0.0  0.0
                                  t000150_s4_p3_ai-el2ap.txt 27.3  6.1  147
  6.8  0.0  0.0 74.8  0.0  0.0  0.0  6.8  0.0  0.0  0.0  0.0  0.0  0.0  0.0
  0.0  0.0  6.8 13.6  0.0  0.0299.3170.1 95.2  6.8 20.4 13.6  0.0  0.0  0.0
  6.8  6.8183.7 13.6  0.0 40.8  0.0  0.0  0.0  0.0  0.0  0.0 13.6  6.8  6.8
  0.0  0.0  0.0  0.0  0.0  6.8 20.4 13.6  0.0  6.8108.8 20.4  0.0 95.2  6.8
 13.6  0.0  0.0  0.0  0.0  0.0  0.0  0.0  0.0  0.0  0.0  0.0  0.0  0.0  0.0
  0.0  0.0  0.0  0.0  0.0  0.0  0.0  0.0  0.0  0.0  0.0  0.0  0.0  0.0  0.0
  0.0  0.0  0.0  0.0  0.0  0.0  0.0  0.0  0.0  0.0  0.0  0.0  0.0  0.0  0.0
  0.0  0.0  0.0  0.0  0.0  0.0  0.0  0.0  0.0  0.0  0.0  0.0  0.0  0.0  0.0
  0.0  0.0  0.0  0.0  0.0  0.0  0.0  6.8  6.8  0.0  6.8  0.0  0.0  6.8  0.0
  6.8  0.0  0.0  0.0  0.0  6.8  0.0  6.8  0.0  0.0  6.8  6.8  0.0  0.0  0.0
    -24.83     -1.98     16.23     -6.61     11.14  0.0  0.0  6.8  0.0  0.0
                                  t000150_s7_p1_ai-el2ap.txt 16.3  5.4   89
  0.0  0.0  0.0 67.4  0.0  0.0  0.0  0.0 44.9  0.0  0.0  0.0  0.0  0.0  0.0
  0.0 11.2 11.2 11.2  0.0  0.0280.9146.1 56.2 11.2  0.0  0.0 11.2  0.0  0.0
  0.0  0.0 89.9  0.0  0.0 67.4 33.7 22.5  0.0 11.2  0.0 33.7  0.0 33.7  0.0
 11.2  0.0 11.2  0.0  0.0 33.7 22.5 44.9 11.2  0.0 67.4 44.9  0.0112.4  0.0
 11.2  0.0  0.0  0.0  0.0  0.0  0.0  0.0  0.0  0.0  0.0  0.0  0.0  0.0  0.0
  0.0  0.0  0.0 11.2  0.0  0.0  0.0  0.0  0.0  0.0  0.0  0.0  0.0  0.0  0.0
  0.0  0.0  0.0  0.0  0.0  0.0  0.0  0.0  0.0  0.0  0.0  0.0  0.0  0.0  0.0
 11.2  0.0  0.0 11.2  0.0  0.0  0.0  0.0  0.0  0.0  0.0  0.0  0.0  0.0  0.0
  0.0  0.0  0.0  0.0  0.0  0.0  0.0 33.7 22.5 22.5 22.5 11.2  0.0 22.5  0.0
  0.0  0.0  0.0  0.0  0.0 11.2  0.0  0.0 33.7 22.5  0.0  0.0 11.2  0.0  0.0
     -0.81     -3.28      3.39     17.34      5.11  0.0  0.0  0.0  0.0  0.0
                                  t000150_s7_p2_ai-el2ap.txt 13.5  5.9   73
 27.4  0.0  0.0 68.5  0.0  0.0 13.7  0.0  0.0 13.7  0.0  0.0  0.0  0.0  0.0
  0.0  0.0  0.0  0.0  0.0  0.0274.0123.3 54.8 13.7 27.4  0.0  0.0  0.0  0.0
  0.0 13.7123.3  0.0  0.0 13.7 27.4  0.0  0.0  0.0  0.0  0.0 13.7 13.7  0.0
  0.0 13.7 27.4  0.0 13.7  0.0 27.4 13.7  0.0  0.0 68.5 27.4  0.0123.3 13.7
  0.0  0.0  0.0  0.0  0.0  0.0  0.0  0.0  0.0  0.0  0.0  0.0  0.0  0.0  0.0
  0.0  0.0  0.0 13.7  0.0 13.7 13.7  0.0  0.0  0.0  0.0  0.0  0.0  0.0  0.0
  0.0 13.7  0.0  0.0  0.0  0.0  0.0  0.0 13.7  0.0  0.0  0.0  0.0  0.0  0.0
 41.1  0.0  0.0 41.1 13.7 13.7 27.4  0.0  0.0  0.0  0.0  0.0  0.0  0.0  0.0
  0.0  0.0  0.0  0.0  0.0  0.0  0.0  0.0 41.1 27.4 13.7  0.0  0.0 13.7  0.0
  0.0  0.0  0.0  0.0  0.0  0.0  0.0  0.0 13.7 54.8  0.0  0.0  0.0  0.0  0.0
    -19.50     -4.06     13.83     -6.61      7.01  0.0  0.0 27.4  0.0  0.0
                                  t000150_s7_p3_ai-el2ap.txt 18.8  5.7  102
  0.0  0.0  0.0 78.4  0.0  0.0  0.0  0.0  0.0  9.8  9.8  0.0  0.0  9.8  0.0
  0.0  0.0 19.6  0.0  0.0  0.0294.1117.6 58.8  0.0  0.0  0.0  0.0  0.0  0.0
  9.8  0.0 78.4  0.0  0.0 49.0 19.6  0.0  0.0  0.0  9.8  0.0 19.6  9.8  0.0
  9.8  0.0  0.0  0.0  0.0 29.4  0.0 19.6  0.0  9.8 68.6  0.0  0.0 98.0  9.8
 19.6  0.0  0.0  0.0  0.0  0.0  0.0  0.0  0.0  0.0  0.0  0.0  0.0  0.0  0.0
  0.0  0.0  0.0  0.0  0.0  0.0  9.8  0.0  0.0  0.0  0.0  0.0  0.0  0.0  0.0
  0.0  9.8  0.0  0.0  0.0  0.0  0.0  0.0  0.0  9.8  0.0  0.0  9.8  0.0  0.0
  9.8  0.0  0.0  9.8  9.8  0.0 19.6  9.8  0.0  0.0  0.0  0.0  0.0  0.0  0.0
  0.0  0.0  0.0  0.0  0.0  0.0  0.0  0.0 19.6  9.8 58.8  9.8  0.0  0.0  0.0
  0.0  0.0  0.0  0.0  0.0  0.0  0.0  0.0  0.0  9.8  0.0  9.8  0.0  0.0  0.0
    -13.80     -5.73     12.55     -1.94     13.28  0.0  0.0  0.0  0.0  0.0
                                  t000150_s7_p4_ai-el2ap.txt 20.0  5.9  115
  0.0  0.0  0.0 69.6  0.0  0.0  8.7  0.0  0.0  8.7  0.0  0.0  0.0  0.0  0.0
  0.0  0.0 17.4  0.0  0.0  0.0260.9121.7 87.0 26.1  8.7  8.7  8.7  0.0  0.0
  0.0  8.7139.1  0.0  0.0 43.5 26.1  0.0  0.0  0.0  0.0  8.7 26.1 34.8  0.0
  0.0  0.0  0.0  0.0  0.0 17.4  8.7 34.8  0.0  0.0121.7  8.7  0.0139.1 17.4
 17.4  0.0  0.0  0.0  0.0  0.0  0.0  0.0  0.0  0.0  0.0  0.0  0.0  0.0  0.0
  0.0  0.0  0.0  0.0  0.0  0.0  8.7  0.0  0.0  0.0  0.0  0.0  0.0  0.0  0.0
  0.0  8.7  0.0  0.0  0.0  0.0  0.0  0.0  0.0  8.7  0.0  0.0  0.0  0.0  0.0
  8.7  0.0  0.0  8.7  8.7  0.0 17.4  0.0  0.0  0.0  0.0  0.0  0.0  0.0  0.0
  0.0  0.0  0.0  0.0  0.0  0.0  0.0  0.0 17.4 17.4  8.7  8.7  0.0  8.7  0.0
  0.0  0.0  0.0  0.0  0.0  0.0  0.0  0.0 26.1 17.4  0.0 17.4  0.0  0.0  0.0
    -20.26     -1.20     11.39     -3.13     17.95  0.0  0.0  0.0  0.0  0.0
                                  t000150_s7_p5_ai-el2ap.txt 18.3  5.5  104
  0.0  0.0  0.0 67.3  0.0  0.0  0.0  0.0  0.0 19.2  0.0  0.0  0.0  0.0  0.0
  0.0  0.0 19.2  9.6  0.0  0.0269.2115.4 86.5 19.2  0.0  0.0  0.0  0.0  0.0
  0.0  9.6 67.3  0.0  0.0 38.5 28.8  0.0  0.0  9.6  0.0  0.0  9.6 28.8  0.0
  0.0  0.0  0.0  9.6 19.2 19.2 28.8 28.8  0.0  0.0105.8  0.0  0.0115.4  0.0
  0.0  0.0  0.0  0.0  0.0  0.0  0.0  0.0  0.0  0.0  0.0  0.0  0.0  0.0  0.0
  0.0  0.0  0.0  0.0  0.0  0.0  0.0  9.6  0.0  0.0  0.0  0.0  0.0  0.0  0.0
  0.0  0.0  0.0  0.0  0.0  0.0  0.0  0.0  9.6  0.0  0.0  0.0  0.0  0.0  0.0
  0.0  9.6  0.0  9.6  0.0  9.6  9.6  0.0  0.0  0.0  0.0  0.0  0.0  0.0  0.0
  0.0  0.0  0.0  0.0  0.0  0.0  0.0 28.8  9.6  0.0 57.7  0.0 19.2  0.0  0.0
  0.0  0.0  9.6  0.0  0.0  0.0  0.0  0.0  0.0 19.2  0.0  9.6  0.0  0.0  0.0
    -17.08     -5.10      7.02     -2.23      6.75  0.0  0.0  0.0  0.0  0.0
                                  t000152_s1_p1_ai-el2ap.txt 31.3  6.0  200
  0.0  0.0  0.0 60.0  0.0  0.0  0.0  0.0  0.0  0.0  0.0  0.0  0.0  0.0  0.0
  0.0  0.0  0.0 10.0  0.0  0.0340.0125.0145.0  0.0  0.0 20.0  0.0  0.0  5.0
  0.0 25.0130.0  0.0  5.0 35.0  0.0  0.0  5.0  0.0  0.0  5.0 10.0  0.0  0.0
 10.0  5.0  0.0  0.0  5.0  0.0 40.0 10.0  0.0  5.0200.0  0.0  0.0 70.0  0.0
  5.0  0.0  0.0  0.0  0.0  0.0  0.0  0.0  0.0  0.0  0.0  0.0  0.0  0.0  0.0
  0.0  0.0  0.0  0.0  0.0  0.0  0.0  0.0  0.0  0.0  0.0  0.0  0.0  0.0  0.0
  0.0  5.0  0.0  0.0  0.0  0.0  0.0  0.0  0.0  0.0  0.0  0.0  0.0  0.0  0.0
  0.0  0.0  0.0  0.0  5.0  0.0  5.0  0.0  0.0  0.0  0.0  0.0  0.0  0.0  0.0
  0.0  0.0  0.0  0.0  0.0  0.0  0.0 10.0 40.0  5.0 15.0  5.0  5.0  5.0 10.0
  5.0  0.0  0.0  0.0  0.0  5.0 25.0 10.0 10.0  5.0  5.0  0.0 10.0  0.0  0.0
    -32.04     -1.88     18.30     -2.99      5.85  0.0  5.0  0.0  0.0  0.0
                                 t000152_s13_p1_ai-el2ap.txt 14.0  5.8   76
  0.0  0.0  0.0  0.0  0.0  0.0  0.0  0.0  0.0  0.0  0.0  0.0  0.0  0.0  0.0
  0.0  0.0  0.0  0.0  0.0  0.0289.5184.2105.3 65.8  0.0  0.0  0.0  0.0 13.2
  0.0  0.0 92.1  0.0  0.0 13.2 13.2  0.0  0.0  0.0  0.0 13.2  0.0 26.3  0.0
  0.0  0.0  0.0 26.3 13.2  0.0  0.0 26.3  0.0 13.2118.4  0.0  0.0 92.1 13.2
  0.0  0.0  0.0  0.0  0.0  0.0  0.0  0.0  0.0  0.0  0.0  0.0  0.0  0.0  0.0
  0.0  0.0  0.0  0.0  0.0  0.0  0.0  0.0  0.0  0.0  0.0  0.0  0.0  0.0  0.0
  0.0 13.2  0.0  0.0  0.0  0.0  0.0  0.0  0.0  0.0  0.0  0.0  0.0  0.0  0.0
  0.0  0.0  0.0  0.0 13.2  0.0 13.2  0.0  0.0  0.0  0.0  0.0  0.0  0.0  0.0
  0.0  0.0  0.0  0.0  0.0  0.0  0.0 13.2 52.6  0.0  0.0  0.0  0.0 26.3 13.2
  0.0  0.0  0.0 13.2  0.0  0.0  0.0  0.0  0.0  0.0  0.0  0.0  0.0 26.3  0.0
    -34.14     -3.56     13.20     -1.34      0.36  0.0  0.0  0.0  0.0  0.0
                                t000152_s13_p10_ai-el2ap.txt 28.0  6.0  150
  0.0  0.0  0.0 53.3  0.0  6.7  0.0  0.0  0.0  6.7  0.0  0.0  0.0  0.0  0.0
  0.0  0.0  0.0  0.0  0.0  0.0400.0120.0 93.3 20.0  0.0  6.7  6.7  0.0  0.0
  0.0  6.7180.0  0.0  0.0 13.3  0.0  0.0  0.0  0.0 13.3  0.0  0.0  0.0  6.7
  0.0  0.0  6.7  0.0  0.0 13.3  6.7  6.7  0.0  0.0100.0  0.0  0.0 86.7  6.7
 13.3  0.0  0.0  0.0  0.0  0.0  0.0  0.0  0.0  0.0  0.0  0.0  0.0  0.0  0.0
  0.0  0.0  0.0  6.7  0.0  0.0  0.0  0.0  0.0  0.0  0.0  0.0  0.0  0.0  0.0
  0.0  0.0  0.0  0.0  0.0  0.0  0.0  0.0  0.0  0.0  0.0  0.0  0.0  0.0  0.0
  6.7  0.0  0.0  6.7  0.0  0.0  0.0  0.0  0.0  0.0  0.0  0.0  0.0  0.0  0.0
  0.0  0.0  0.0  0.0  0.0  0.0  0.0  0.0 40.0  6.7 33.3  6.7  0.0  6.7  0.0
 13.3  6.7  0.0  0.0  0.0  0.0 20.0  0.0  0.0  6.7  0.0  0.0  6.7  0.0  0.0
    -30.16     -2.55     15.19     -0.26      1.50  0.0  0.0  0.0  0.0  0.0
                                t000152_s13_p11_ai-el2ap.txt 21.5  6.3  124
  8.1  0.0  0.0 32.3  0.0  0.0  0.0  0.0  0.0  0.0  0.0  0.0  0.0  0.0  0.0
  0.0  0.0  0.0 32.3  0.0  0.0371.0129.0153.2 24.2  0.0  8.1  0.0  0.0  0.0
  0.0  8.1185.5  0.0  0.0 32.3  8.1  0.0  0.0  0.0  0.0  8.1  8.1  0.0  0.0
  0.0  0.0  8.1  0.0  8.1  0.0 40.3  0.0  0.0  0.0201.6  0.0  0.0 64.5  0.0
  0.0  0.0  0.0  0.0  0.0  0.0  0.0  0.0  0.0  0.0  0.0  0.0  0.0  0.0  0.0
  0.0  0.0  0.0  0.0  0.0  0.0  0.0  0.0  0.0  0.0  0.0  0.0  0.0  0.0  0.0
  0.0  0.0  0.0  0.0  0.0  8.1  0.0  0.0  0.0  0.0  0.0  0.0  0.0  0.0  0.0
  0.0  0.0  0.0  0.0  0.0  8.1  8.1  0.0  0.0  0.0  0.0  0.0  0.0  0.0  0.0
  0.0  0.0  0.0  0.0  0.0  0.0  0.0  0.0 48.4  0.0 40.3  0.0  8.1  0.0  8.1
  8.1  0.0  0.0  0.0  0.0  0.0 24.2  8.1  0.0  0.0  8.1  0.0 24.2  0.0  0.0
    -29.80     -3.38     15.01     -3.38      1.41  0.0  0.0  0.0  0.0  0.0
                                t000152_s13_p12_ai-el2ap.txt 15.0  6.6   72
  0.0  0.0  0.0 55.6  0.0  0.0 13.9  0.0  0.0 13.9  0.0  0.0  0.0  0.0  0.0
  0.0  0.0  0.0 41.7  0.0  0.0375.0 83.3166.7 41.7  0.0 41.7  0.0  0.0  0.0
  0.0  0.0125.0  0.0  0.0 13.9  0.0 13.9  0.0  0.0  0.0 13.9  0.0  0.0  0.0
  0.0  0.0  0.0  0.0  0.0 13.9 41.7  0.0  0.0  0.0166.7  0.0  0.0111.1 13.9
  0.0  0.0  0.0  0.0  0.0  0.0  0.0  0.0  0.0  0.0  0.0  0.0  0.0  0.0  0.0
  0.0  0.0  0.0  0.0  0.0  0.0  0.0  0.0  0.0  0.0  0.0  0.0  0.0  0.0  0.0
  0.0  0.0  0.0  0.0  0.0  0.0  0.0  0.0  0.0  0.0  0.0  0.0  0.0  0.0  0.0
  0.0  0.0  0.0  0.0  0.0  0.0  0.0  0.0  0.0  0.0  0.0  0.0  0.0  0.0  0.0
  0.0  0.0  0.0  0.0  0.0  0.0  0.0 13.9 41.7  0.0 41.7  0.0  0.0  0.0  0.0
 13.9  0.0  0.0  0.0  0.0 13.9 55.6 13.9  0.0 13.9  0.0  0.0 13.9  0.0  0.0
    -22.81      3.66      8.87      2.26     -3.63  0.0  0.0  0.0  0.0  0.0
                                t000152_s13_p13_ai-el2ap.txt 22.5  6.1  124
  8.1  0.0  0.0 24.2  0.0  0.0  0.0  0.0  0.0  0.0  0.0  0.0  0.0  0.0  0.0
  8.1  0.0  8.1  8.1  0.0  0.0314.5137.1 88.7 24.2 40.3  8.1  8.1  0.0  8.1
  0.0  8.1121.0  0.0  8.1  8.1 32.3  0.0  0.0  0.0  0.0  0.0  0.0  0.0  8.1
 16.1  8.1  0.0  8.1  8.1  8.1 24.2 24.2  0.0  8.1112.9 40.3  8.1129.0 16.1
  0.0  0.0  0.0  0.0  0.0  0.0  0.0  0.0  0.0  0.0  0.0  0.0  0.0  0.0  0.0
  0.0  0.0  0.0  0.0  0.0  0.0  0.0  0.0  0.0  0.0  0.0  0.0  0.0  0.0  0.0
  0.0  8.1  0.0  0.0  0.0  0.0  0.0  0.0  0.0 24.2  0.0  0.0  0.0  0.0  0.0
  0.0  0.0  0.0  0.0  8.1  0.0 32.3  0.0  0.0  0.0  0.0  0.0  0.0  0.0  0.0
  0.0  0.0  0.0  0.0  0.0  0.0  0.0  8.1 40.3  8.1 16.1  0.0  0.0  8.1  8.1
  0.0  0.0  0.0  0.0  0.0  0.0  0.0  0.0  8.1 24.2  0.0  8.1 16.1  8.1  0.0
    -24.25     -0.10     13.56     -6.61      7.78  0.0  0.0  0.0  0.0  0.0
                                t000152_s13_p14_ai-el2ap.txt 27.3  6.1  155
  0.0  6.5  0.0 51.6  0.0  0.0  0.0  0.0  0.0  6.5  0.0  0.0  0.0  0.0  0.0
  0.0  0.0  6.5  6.5  0.0  0.0361.3116.1 38.7 25.8 25.8  6.5  6.5  6.5  0.0
  0.0  0.0187.1  0.0  0.0 19.4  6.5  0.0  6.5  0.0  0.0  0.0 12.9  6.5  0.0
  6.5  6.5 12.9  6.5  6.5  6.5 12.9 12.9  0.0  6.5 71.0 25.8  0.0 90.3  0.0
  0.0  0.0  0.0  0.0  0.0  0.0  0.0  0.0  0.0  0.0  0.0  0.0  0.0  0.0  0.0
  0.0  0.0  0.0  6.5  0.0  0.0  6.5  0.0  0.0  0.0  6.5  0.0  0.0  0.0  0.0
  0.0  0.0  6.5  0.0  0.0  0.0  0.0  0.0  0.0  6.5  0.0  0.0  0.0  0.0  0.0
 12.9  0.0  6.5 19.4  6.5  0.0 12.9  0.0  0.0  0.0  0.0  0.0  0.0  0.0  0.0
  0.0  0.0  0.0  0.0  0.0  0.0  0.0  0.0 71.0 12.9 32.3  0.0  6.5  0.0  6.5
  0.0  0.0  0.0  0.0  0.0  0.0  0.0  6.5 12.9  6.5  6.5  0.0 12.9  0.0  0.0
    -23.49     -1.30     16.66     -4.52      7.50  6.5  0.0  0.0  0.0  0.0
                                t000152_s13_p15_ai-el2ap.txt 16.3  5.4   82
  0.0  0.0  0.0 24.4  0.0  0.0  0.0  0.0  0.0  0.0  0.0  0.0  0.0  0.0  0.0
  0.0  0.0 12.2 12.2  0.0  0.0317.1146.3 61.0 61.0  0.0  0.0  0.0  0.0  0.0
  0.0  0.0 85.4  0.0  0.0 12.2  0.0  0.0  0.0  0.0  0.0  0.0  0.0  0.0  0.0
  0.0 12.2  0.0 24.4  0.0 12.2 24.4  0.0  0.0  0.0 73.2  0.0 12.2 97.6 12.2
  0.0  0.0  0.0  0.0  0.0  0.0  0.0  0.0  0.0  0.0  0.0  0.0  0.0  0.0  0.0
  0.0  0.0  0.0  0.0  0.0  0.0  0.0  0.0  0.0  0.0  0.0  0.0  0.0  0.0  0.0
  0.0  0.0  0.0  0.0  0.0  0.0  0.0  0.0  0.0  0.0  0.0  0.0  0.0  0.0  0.0
  0.0  0.0  0.0  0.0  0.0  0.0  0.0  0.0  0.0  0.0  0.0  0.0  0.0  0.0  0.0
  0.0  0.0  0.0  0.0  0.0  0.0  0.0 12.2 12.2  0.0 24.4 12.2  0.0 12.2  0.0
  0.0  0.0  0.0  0.0  0.0  0.0 24.4 24.4  0.0 12.2  0.0  0.0 12.2  0.0  0.0
    -23.34     -3.72      6.21     -6.61     -3.63  0.0  0.0  0.0  0.0  0.0
                                t000152_s13_p16_ai-el2ap.txt 28.5  5.7  159
  0.0  0.0  0.0 50.3  0.0  0.0  0.0  0.0  0.0  0.0  0.0  0.0  0.0  0.0  0.0
  0.0  0.0  0.0 18.9  0.0  0.0358.5157.2 94.3 31.4  6.3 31.4 12.6  0.0  0.0
  0.0  0.0150.9  0.0  0.0 18.9 12.6  0.0  0.0  0.0  0.0  0.0  0.0  6.3 12.6
  6.3  0.0  0.0  0.0  0.0  0.0 18.9 25.2  0.0  0.0 94.3  6.3  0.0100.6  0.0
  0.0  0.0  0.0  0.0  0.0  0.0  0.0  0.0  0.0  0.0  0.0  0.0  0.0  0.0  0.0
  0.0  0.0  0.0  0.0  0.0  0.0  0.0  0.0  0.0  0.0  0.0  0.0  0.0  0.0  0.0
  0.0  0.0  0.0  0.0  0.0  0.0  0.0  0.0  0.0  0.0  0.0  0.0  0.0  0.0  0.0
  0.0  0.0  0.0  0.0  0.0  0.0  0.0  0.0  0.0  0.0  0.0  0.0  0.0  0.0  0.0
  0.0  0.0  0.0  0.0  0.0  0.0  0.0  6.3 18.9  0.0 31.4  0.0  0.0  0.0  6.3
  6.3  0.0  0.0  0.0  0.0  6.3  0.0  6.3 12.6  6.3  0.0  6.3  6.3  0.0  0.0
    -28.94      3.96     10.38     -6.61      9.03  6.3  0.0  0.0  0.0  0.0
                                t000152_s13_p17_ai-el2ap.txt 31.5  6.0  188
  5.3  0.0  0.0 37.2  0.0  0.0  0.0  0.0  0.0  0.0  0.0  0.0  0.0  0.0  0.0
  0.0  0.0  0.0  5.3  0.0  0.0388.3148.9 85.1 16.0 16.0 10.6  0.0  0.0  5.3
  0.0  5.3159.6  0.0  0.0 16.0  5.3  0.0  5.3  0.0  0.0  5.3  5.3  5.3  0.0
  5.3  5.3  5.3  0.0  0.0  0.0 16.0 10.6  0.0  5.3111.7 16.0  5.3 85.1  0.0
  0.0  0.0  0.0  0.0  0.0  0.0  0.0  0.0  0.0  0.0  0.0  0.0  0.0  0.0  0.0
  0.0  0.0  0.0  0.0  0.0  5.3  0.0  0.0  0.0  0.0  0.0  0.0  0.0  0.0  0.0
  0.0  0.0  0.0  0.0  0.0  0.0  0.0  0.0  0.0  5.3  0.0  0.0  0.0  0.0  0.0
  5.3  0.0  0.0  5.3  0.0  0.0  5.3  0.0  0.0  0.0  0.0  0.0  0.0  0.0  0.0
  0.0  0.0  0.0  0.0  0.0  0.0  0.0  0.0 37.2  0.0 26.6  0.0  0.0  0.0  0.0
  5.3  0.0  0.0  0.0  0.0  5.3  5.3  5.3 21.3 16.0  5.3  0.0 10.6  0.0  0.0
    -32.43     -2.45     15.78     -2.76      2.22  0.0  0.0  0.0  0.0  0.0
                                t000152_s13_p18_ai-el2ap.txt 25.8  6.5  129
  7.8  0.0  0.0 54.3  0.0  0.0  0.0  0.0  0.0  0.0  0.0  0.0  0.0  0.0  0.0
  0.0  0.0  0.0  7.8  0.0  0.0441.9 93.0 85.3  7.8 15.5  0.0  0.0  0.0  7.8
  0.0  0.0155.0  0.0  0.0 23.3  7.8  0.0  0.0  0.0  7.8  0.0  0.0  0.0  0.0
  7.8  7.8  7.8  7.8  0.0  7.8 15.5  7.8  0.0  7.8100.8 15.5  0.0 85.3  7.8
  0.0  0.0  0.0  0.0  0.0  0.0  0.0  0.0  0.0  0.0  0.0  0.0  0.0  0.0  0.0
  0.0  0.0  0.0  0.0  0.0  0.0  0.0  0.0  0.0  0.0  0.0  0.0  0.0  0.0  0.0
  0.0  0.0  0.0  0.0  0.0  7.8  0.0  0.0  0.0  0.0  0.0  0.0  0.0  0.0  0.0
  0.0  0.0  0.0  0.0  0.0  7.8  7.8  0.0  0.0  0.0  0.0  0.0  0.0  0.0  0.0
  0.0  0.0  0.0  0.0  0.0  0.0  0.0 23.3 46.5 15.5 31.0  0.0  0.0  0.0  0.0
  0.0  0.0  0.0  0.0  0.0  0.0  7.8  7.8  7.8 23.3  0.0  7.8  7.8  0.0  0.0
    -31.57     -4.78     14.29     -2.91     -1.13  0.0  0.0  0.0  0.0  0.0
                                t000152_s13_p19_ai-el2ap.txt 25.5  6.1  138
  0.0  0.0  0.0 36.2  0.0  0.0  0.0  0.0  0.0  0.0  0.0  0.0  0.0  0.0  0.0
  0.0  0.0  0.0  7.2  0.0  0.0326.1159.4130.4 21.7  7.2 29.0  0.0  0.0  7.2
  0.0  0.0137.7  0.0  0.0 43.5 14.5  0.0  7.2  0.0  0.0 29.0  0.0 21.7  7.2
  7.2  0.0  7.2  0.0  0.0  0.0  7.2 36.2  0.0  7.2144.9  7.2  0.0 94.2  0.0
  0.0  0.0  0.0  0.0  0.0  0.0  0.0  0.0  0.0  0.0  0.0  0.0  0.0  0.0  0.0
  0.0  0.0  0.0  0.0  0.0  7.2  0.0  0.0  0.0  0.0  0.0  0.0  0.0  0.0  0.0
  0.0  0.0  0.0  0.0  0.0  0.0  0.0  0.0  0.0  7.2  0.0  0.0  0.0  0.0  0.0
  7.2  0.0  0.0  7.2  0.0  0.0  7.2  0.0  0.0  0.0  0.0  0.0  0.0  0.0  0.0
  0.0  0.0  0.0  0.0  0.0  0.0  0.0  7.2 43.5  0.0 14.5  7.2  0.0  0.0  0.0
  0.0  0.0  7.2  0.0  0.0  0.0 21.7 14.5  7.2  7.2  7.2  0.0  0.0  0.0  0.0
    -33.80      0.88     11.69      7.33      7.58  0.0  0.0  0.0  0.0  0.0
                                 t000152_s13_p2_ai-el2ap.txt 26.3  5.8  155
  6.5  0.0  0.0  6.5  0.0  0.0  0.0  0.0  0.0  0.0  0.0  0.0  0.0  0.0  0.0
  0.0  0.0  0.0  6.5  0.0  0.0271.0180.6122.6 51.6  0.0  0.0  6.5  0.0  0.0
  0.0  6.5 96.8  6.5  6.5 32.3  0.0  0.0  6.5  0.0  0.0  6.5  6.5 12.9  0.0
  6.5  0.0  6.5  6.5  0.0  0.0 12.9 19.4  0.0  0.0154.8  0.0  0.0 64.5  6.5
  6.5  0.0  0.0  0.0  0.0  0.0  0.0  0.0  0.0  0.0  0.0  0.0  0.0  0.0  0.0
  0.0  0.0  0.0  6.5  0.0  0.0  0.0  0.0  0.0  0.0  0.0  0.0  0.0  0.0  0.0
  0.0  0.0  0.0  0.0  0.0  0.0  0.0  0.0  0.0  0.0  0.0  0.0  0.0  0.0  0.0
  6.5  0.0  0.0  6.5  0.0  0.0  0.0  0.0  0.0  0.0  0.0  0.0  0.0  0.0  0.0
  0.0  0.0  0.0  0.0  0.0  0.0  0.0  0.0 38.7  0.0  6.5  0.0  6.5  6.5  0.0
  6.5  0.0  0.0  0.0  0.0 12.9 25.8  0.0  6.5  0.0  0.0  6.5  0.0  0.0  0.0
    -32.34     -2.84      4.51     -1.94      4.44  0.0  0.0  0.0  0.0  0.0
                                t000152_s13_p20_ai-el2ap.txt 16.3  6.0   87
  0.0  0.0  0.0 46.0  0.0  0.0  0.0 11.5  0.0  0.0  0.0  0.0  0.0  0.0  0.0
  0.0  0.0  0.0  0.0  0.0  0.0321.8183.9103.4  0.0  0.0 11.5 11.5  0.0  0.0
  0.0 11.5137.9  0.0  0.0 34.5  0.0  0.0  0.0  0.0  0.0 11.5  0.0 11.5  0.0
 11.5  0.0 11.5 11.5  0.0  0.0 11.5 23.0  0.0  0.0103.4  0.0  0.0 92.0  0.0
  0.0  0.0  0.0  0.0  0.0  0.0  0.0  0.0  0.0  0.0  0.0  0.0  0.0  0.0  0.0
  0.0  0.0  0.0  0.0  0.0  0.0  0.0  0.0  0.0  0.0  0.0  0.0  0.0  0.0  0.0
  0.0  0.0  0.0  0.0  0.0  0.0  0.0  0.0  0.0  0.0  0.0  0.0  0.0  0.0  0.0
  0.0  0.0  0.0  0.0  0.0  0.0  0.0  0.0  0.0  0.0  0.0  0.0  0.0  0.0  0.0
  0.0  0.0  0.0  0.0  0.0  0.0  0.0  0.0  0.0  0.0  0.0  0.0 34.5  0.0  0.0
  0.0 11.5  0.0  0.0  0.0  0.0  0.0  0.0  0.0 11.5  0.0  0.0  0.0  0.0  0.0
    -31.31     -1.39     12.85     -2.01      1.82  0.0  0.0  0.0  0.0  0.0
                                t000152_s13_p21_ai-el2ap.txt 28.5  5.7  169
  5.9  0.0  0.0 71.0  0.0  0.0  0.0 11.8  0.0  0.0  5.9  0.0  0.0  0.0  0.0
  0.0  0.0  5.9  5.9  0.0  0.0319.5124.3 94.7  0.0  0.0  5.9  0.0  0.0  5.9
  5.9  0.0 71.0  0.0  0.0 65.1  5.9  0.0  0.0  0.0  0.0  0.0  5.9  0.0  0.0
  0.0  0.0 11.8  0.0 17.8  5.9  5.9  0.0  0.0 11.8153.8  0.0  5.9 71.0  5.9
  0.0  0.0  0.0  0.0  0.0  0.0  0.0  0.0  0.0  0.0  0.0  0.0  0.0  0.0  0.0
  0.0  0.0  0.0  0.0  0.0  5.9  0.0  0.0  0.0  0.0  0.0  0.0  0.0  0.0  0.0
  0.0  0.0  0.0  0.0  5.9  0.0  0.0  0.0  5.9  0.0  5.9  0.0  5.9  0.0  0.0
  5.9  0.0  0.0  5.9  0.0 11.8 11.8 11.8  0.0  0.0  0.0  0.0  0.0  0.0  0.0
  0.0  0.0  0.0  0.0  0.0  0.0  0.0  5.9  5.9  0.0  5.9  5.9 29.6  0.0 11.8
  0.0  5.9  0.0  0.0  0.0  5.9  0.0  5.9  0.0  0.0  0.0  0.0  0.0  0.0  0.0
    -22.88     -4.59     10.54     -6.61      0.07  5.9  0.0  0.0  0.0  0.0
                                t000152_s13_p22_ai-el2ap.txt 10.5  5.5   66
  0.0  0.0  0.0 60.6  0.0  0.0  0.0  0.0  0.0  0.0  0.0  0.0  0.0  0.0  0.0
  0.0  0.0  0.0  0.0  0.0  0.0348.5151.5 60.6  0.0  0.0  0.0  0.0  0.0  0.0
  0.0 15.2 75.8  0.0 15.2 60.6 15.2  0.0  0.0  0.0  0.0 15.2 30.3 15.2  0.0
  0.0  0.0  0.0 30.3 15.2  0.0 15.2 15.2  0.0  0.0106.1  0.0 30.3 75.8  0.0
  0.0  0.0  0.0  0.0  0.0  0.0  0.0  0.0  0.0  0.0  0.0  0.0  0.0  0.0  0.0
  0.0  0.0  0.0  0.0  0.0  0.0  0.0  0.0  0.0  0.0  0.0  0.0  0.0  0.0  0.0
  0.0  0.0  0.0  0.0  0.0  0.0  0.0  0.0  0.0  0.0  0.0  0.0  0.0  0.0  0.0
  0.0  0.0  0.0  0.0  0.0  0.0  0.0  0.0  0.0  0.0  0.0  0.0  0.0  0.0  0.0
  0.0  0.0  0.0  0.0  0.0  0.0  0.0  0.0  0.0  0.0 30.3  0.0 15.2  0.0  0.0
  0.0  0.0  0.0 30.3  0.0  0.0  0.0  0.0  0.0  0.0  0.0  0.0  0.0  0.0  0.0
    -29.64     -5.73      3.95     -0.54     17.61  0.0  0.0  0.0  0.0  0.0
                                t000152_s13_p23_ai-el2ap.txt 18.5  6.1   91
  0.0  0.0  0.0 22.0  0.0  0.0  0.0  0.0  0.0 11.0  0.0  0.0  0.0  0.0  0.0
  0.0  0.0  0.0  0.0  0.0  0.0384.6 98.9142.9 11.0  0.0 11.0  0.0  0.0  0.0
  0.0  0.0109.9  0.0  0.0 44.0  0.0  0.0 11.0  0.0  0.0  0.0 11.0  0.0  0.0
  0.0  0.0 22.0  0.0  0.0  0.0  0.0  0.0  0.0  0.0186.8  0.0  0.0 44.0  0.0
  0.0  0.0  0.0  0.0  0.0  0.0  0.0  0.0  0.0  0.0  0.0  0.0  0.0  0.0  0.0
  0.0  0.0  0.0  0.0  0.0 11.0  0.0  0.0  0.0 11.0  0.0  0.0  0.0  0.0  0.0
  0.0  0.0  0.0  0.0  0.0  0.0  0.0  0.0  0.0  0.0  0.0  0.0  0.0  0.0  0.0
 11.0 11.0  0.0 22.0  0.0  0.0  0.0  0.0  0.0  0.0  0.0  0.0  0.0  0.0  0.0
  0.0  0.0  0.0  0.0  0.0  0.0  0.0  0.0  0.0  0.0  0.0 22.0 22.0  0.0  0.0
  0.0  0.0  0.0  0.0  0.0  0.0  0.0  0.0  0.0  0.0 11.0 11.0 11.0  0.0  0.0
    -34.08     -3.25      6.11     -3.06      3.24  0.0  0.0  0.0  0.0  0.0
                                t000152_s13_p24_ai-el2ap.txt 17.0  6.2   80
  0.0  0.0  0.0 75.0  0.0  0.0  0.0 12.5  0.0  0.0 12.5  0.0  0.0  0.0  0.0
  0.0  0.0 37.5 12.5  0.0  0.0325.0100.0125.0 25.0  0.0  0.0  0.0  0.0  0.0
  0.0  0.0 75.0  0.0  0.0100.0  0.0  0.0  0.0  0.0  0.0  0.0 25.0 12.5  0.0
  0.0  0.0  0.0  0.0 12.5 37.5 12.5 12.5  0.0  0.0150.0  0.0  0.0100.0  0.0
 12.5  0.0  0.0  0.0  0.0  0.0  0.0  0.0  0.0  0.0  0.0  0.0  0.0  0.0  0.0
  0.0  0.0  0.0  0.0  0.0  0.0  0.0  0.0  0.0  0.0  0.0  0.0  0.0  0.0  0.0
  0.0  0.0  0.0  0.0  0.0  0.0  0.0  0.0  0.0  0.0  0.0  0.0  0.0  0.0  0.0
  0.0  0.0  0.0  0.0  0.0  0.0  0.0  0.0  0.0  0.0  0.0  0.0  0.0  0.0  0.0
  0.0  0.0  0.0  0.0  0.0  0.0  0.0  0.0 12.5  0.0 12.5  0.0 25.0 12.5  0.0
  0.0  0.0  0.0  0.0  0.0 12.5 12.5 12.5  0.0  0.0 12.5 12.5 12.5  0.0  0.0
    -14.11     -4.91      0.50     -6.61     13.89  0.0  0.0  0.0  0.0  0.0
                                t000152_s13_p25_ai-el2ap.txt 20.8  6.2  105
  0.0  0.0  0.0 38.1  0.0  0.0  9.5  0.0  0.0  0.0  0.0  0.0  0.0  0.0  0.0
  0.0  0.0  0.0 28.6  0.0  0.0342.9171.4133.3 47.6  0.0  0.0  0.0  0.0  9.5
  9.5 38.1133.3  0.0  0.0 19.0  0.0  0.0  9.5  0.0  0.0  9.5  9.5  0.0  9.5
  0.0  9.5  0.0  0.0  0.0  0.0 76.2  9.5  0.0 19.0152.4  0.0  0.0 95.2  0.0
  0.0  0.0  0.0  0.0  0.0  0.0  0.0  0.0  0.0  0.0  0.0  0.0  0.0  0.0  0.0
  0.0  0.0  0.0  0.0  0.0  0.0  0.0  0.0  0.0  0.0  0.0  0.0  0.0  0.0  0.0
  0.0  0.0  0.0  0.0  0.0  0.0  0.0  0.0  0.0  0.0  0.0  0.0  0.0  0.0  0.0
  0.0  0.0  0.0  0.0  0.0  0.0  0.0  0.0  0.0  0.0  0.0  0.0  0.0  0.0  0.0
  0.0  0.0  0.0  0.0  0.0  0.0  0.0 19.0 38.1  9.5 28.6  0.0  0.0  0.0  0.0
  9.5  0.0  0.0  0.0  0.0  0.0 19.0  0.0  0.0  9.5 19.0  9.5 19.0  0.0  0.0
    -28.65     -4.16     36.68      0.28      9.65  0.0  0.0  9.5  0.0  0.0
                                t000152_s13_p26_ai-el2ap.txt 17.8  6.0   86
 11.6  0.0  0.0 34.9  0.0  0.0  0.0  0.0  0.0  0.0  0.0  0.0  0.0  0.0  0.0
  0.0  0.0  0.0 23.3  0.0  0.0372.1127.9151.2 23.3 11.6 11.6  0.0  0.0  0.0
  0.0 11.6139.5  0.0  0.0  0.0 23.3  0.0  0.0  0.0  0.0  0.0  0.0 11.6  0.0
  0.0 11.6  0.0  0.0  0.0  0.0 46.5 11.6  0.0  0.0162.8 11.6 11.6 81.4  0.0
  0.0  0.0  0.0  0.0  0.0  0.0  0.0  0.0  0.0  0.0  0.0  0.0  0.0  0.0  0.0
  0.0  0.0  0.0  0.0 11.6  0.0  0.0  0.0  0.0  0.0  0.0  0.0  0.0  0.0  0.0
  0.0  0.0 11.6  0.0  0.0  0.0  0.0  0.0  0.0  0.0  0.0  0.0  0.0  0.0  0.0
 11.6  0.0  0.0 11.6 11.6  0.0 11.6  0.0  0.0  0.0  0.0  0.0  0.0  0.0  0.0
  0.0  0.0  0.0  0.0  0.0  0.0  0.0 11.6 11.6  0.0  0.0  0.0  0.0  0.0 11.6
  0.0  0.0  0.0  0.0  0.0  0.0 34.9  0.0  0.0 23.3 11.6  0.0  0.0  0.0  0.0
    -30.24     -2.21     14.97     -6.61     -1.86  0.0  0.0  0.0  0.0  0.0
                                t000152_s13_p27_ai-el2ap.txt 26.3  5.7  153
  0.0  6.5  0.0 45.8  0.0  0.0  0.0  0.0  0.0  0.0  0.0  0.0  0.0  0.0  0.0
  0.0  0.0  6.5  0.0  0.0  0.0346.4163.4111.1 26.1  0.0 26.1 13.1  0.0  6.5
  0.0  0.0111.1  6.5  0.0 26.1 13.1  0.0  0.0  0.0  0.0 19.6  6.5  6.5  6.5
  0.0  0.0  6.5  0.0  0.0  6.5  0.0 13.1  0.0  6.5111.1  0.0  0.0 85.0  0.0
  0.0  0.0  0.0  0.0  0.0  0.0  0.0  0.0  0.0  0.0  0.0  0.0  0.0  0.0  0.0
  0.0  0.0  0.0  0.0  6.5  0.0 13.1  0.0  0.0  0.0  0.0  0.0  0.0  0.0  0.0
  6.5  6.5  0.0  0.0  0.0  0.0  0.0  0.0  0.0  0.0  0.0  0.0  0.0  0.0  0.0
 19.6  0.0  0.0 19.6 13.1  0.0 13.1  0.0  0.0  0.0  0.0  0.0  0.0  0.0  0.0
  0.0  0.0  0.0  0.0  0.0  0.0  0.0  0.0 39.2 13.1 32.7  6.5 13.1  0.0  6.5
  6.5  0.0  0.0  0.0  0.0  0.0 19.6  0.0  0.0 13.1 13.1  6.5  6.5  0.0  0.0
    -30.21      2.58      8.60      1.24      6.48  0.0  6.5  0.0  0.0  0.0
                                t000152_s13_p28_ai-el2ap.txt 14.3  6.3   66
  0.0  0.0  0.0 30.3  0.0  0.0  0.0  0.0  0.0  0.0  0.0  0.0  0.0  0.0  0.0
  0.0  0.0  0.0  0.0  0.0  0.0303.0151.5136.4 45.5 15.2 15.2  0.0  0.0  0.0
  0.0 15.2 90.9  0.0  0.0 30.3 15.2  0.0  0.0  0.0  0.0 15.2  0.0  0.0 15.2
  0.0  0.0 15.2  0.0  0.0  0.0 15.2 15.2  0.0  0.0151.5 15.2  0.0106.1 15.2
  0.0  0.0  0.0  0.0  0.0  0.0  0.0  0.0  0.0  0.0  0.0  0.0  0.0  0.0  0.0
  0.0  0.0  0.0  0.0  0.0 15.2  0.0  0.0  0.0  0.0  0.0  0.0  0.0  0.0  0.0
  0.0  0.0  0.0  0.0  0.0  0.0  0.0  0.0  0.0  0.0  0.0  0.0  0.0  0.0  0.0
 15.2  0.0  0.0 15.2  0.0  0.0  0.0  0.0  0.0  0.0  0.0  0.0  0.0  0.0  0.0
  0.0  0.0  0.0  0.0  0.0  0.0  0.0  0.0 15.2 15.2 15.2  0.0 15.2  0.0  0.0
  0.0  0.0  0.0  0.0  0.0  0.0 15.2 15.2  0.0  0.0 15.2  0.0 15.2  0.0  0.0
    -35.29     -0.65     11.18     -0.54      8.03  0.0  0.0 15.2  0.0  0.0
                                t000152_s13_p29_ai-el2ap.txt 25.0  6.0  131
  0.0  0.0  0.0 30.5  0.0  0.0  0.0  7.6  0.0  0.0  0.0  0.0  0.0  0.0  0.0
  0.0  0.0  7.6  0.0  0.0  0.0351.1129.8 76.3 38.2 15.3 15.3 22.9  0.0  0.0
  0.0  0.0145.0  7.6  0.0 22.9 30.5  7.6  0.0  0.0  0.0  0.0  7.6  7.6  0.0
  7.6 15.3  7.6  0.0  0.0 15.3 15.3 15.3  0.0  0.0 76.3 15.3  0.0106.9  0.0
  7.6  0.0  0.0  0.0  0.0  0.0  0.0  0.0  0.0  0.0  0.0  0.0  0.0  0.0  0.0
  0.0  0.0  0.0  7.6  0.0  0.0  0.0  0.0  0.0  0.0  0.0  0.0  0.0  0.0  0.0
  0.0  7.6  0.0  0.0  0.0  0.0  0.0  0.0  0.0  0.0  0.0  0.0  0.0  0.0  0.0
  7.6  0.0  0.0  7.6  7.6  0.0  7.6  0.0  0.0  0.0  0.0  0.0  0.0  0.0  0.0
  0.0  0.0  0.0  0.0  0.0  0.0  0.0  7.6 15.3  7.6 22.9  0.0 15.3  0.0  0.0
  7.6  0.0  0.0  0.0  0.0  0.0 22.9  7.6 15.3 15.3  7.6  0.0  0.0  0.0  0.0
    -27.75      3.38      7.56     -4.79      4.76  0.0  0.0  0.0  0.0  0.0
                                 t000152_s13_p3_ai-el2ap.txt 31.3  5.8  235
  8.5  0.0  0.0 12.8  0.0  0.0  4.3  0.0  0.0  4.3  0.0  0.0  0.0  0.0  0.0
  0.0  0.0  0.0 17.0  0.0  0.0280.9144.7123.4 38.3  0.0  0.0  0.0  0.0  0.0
  0.0 12.8123.4  0.0  0.0 25.5  4.3  0.0  0.0  0.0  0.0  4.3  8.5  8.5  0.0
  0.0  4.3  0.0  4.3  4.3  0.0 34.0  8.5  0.0  0.0153.2  0.0  0.0 72.3  8.5
  0.0  0.0  0.0  0.0  0.0  0.0  0.0  0.0  0.0  0.0  0.0  0.0  0.0  0.0  0.0
  0.0  0.0  0.0  0.0  0.0  0.0  0.0  0.0  0.0  0.0  0.0  0.0  0.0  0.0  0.0
  0.0  0.0  0.0  0.0  0.0  0.0  0.0  0.0  0.0  0.0  0.0  0.0  0.0  0.0  0.0
  0.0  0.0  0.0  0.0  0.0  0.0  0.0  0.0  0.0  0.0  0.0  0.0  0.0  0.0  0.0
  0.0  0.0  0.0  0.0  0.0  0.0  0.0  0.0 42.6  0.0 29.8  4.3  4.3  0.0  4.3
  4.3  4.3  0.0  0.0  0.0  0.0 17.0 17.0  4.3  4.3  4.3  4.3  8.5  4.3  0.0
    -27.04     -4.47     12.82     -4.90      2.98  0.0  0.0  0.0  0.0  0.0
                                 t000152_s13_p4_ai-el2ap.txt 29.3  6.2  168
  0.0  0.0  0.0 11.9  0.0  0.0  0.0  0.0  0.0  0.0  0.0  0.0  0.0  0.0  0.0
  0.0  0.0  0.0  0.0  0.0  0.0375.0107.1148.8 47.6  0.0  6.0  0.0  0.0  6.0
  0.0  0.0148.8  6.0  0.0 35.7 17.9  0.0  0.0  0.0  0.0  0.0 11.9 11.9  0.0
 11.9  6.0  0.0  0.0  6.0  0.0  6.0 23.8  0.0  6.0166.7  0.0  0.0101.2 11.9
  0.0  0.0  0.0  0.0  0.0  0.0  0.0  0.0  0.0  0.0  0.0  0.0  0.0  0.0  0.0
  0.0  0.0  0.0  0.0  0.0  0.0  0.0  0.0  0.0  0.0  0.0  0.0  0.0  0.0  0.0
  0.0  0.0  6.0  0.0  0.0  0.0  0.0  0.0  0.0  0.0  0.0  0.0  0.0  0.0  0.0
  0.0  0.0  0.0  0.0  6.0  0.0  6.0  0.0  0.0  0.0  0.0  0.0  0.0  0.0  0.0
  0.0  0.0  0.0  0.0  0.0  0.0  0.0  0.0 41.7  0.0 11.9  6.0  0.0  0.0  0.0
 11.9 11.9  6.0  0.0  0.0  0.0 23.8  6.0  6.0  0.0  0.0 11.9 17.9  6.0  0.0
    -36.47     -3.02     10.55     -6.61      9.46  0.0  0.0  0.0  0.0  0.0
                                 t000152_s13_p5_ai-el2ap.txt 16.8  5.5   97
 10.3  0.0  0.0 20.6  0.0  0.0  0.0  0.0  0.0  0.0  0.0  0.0  0.0  0.0  0.0
  0.0  0.0  0.0  0.0  0.0  0.0350.5185.6 82.5 41.2  0.0  0.0  0.0  0.0  0.0
  0.0  0.0144.3  0.0  0.0 41.2 20.6  0.0 10.3  0.0  0.0  0.0  0.0 20.6  0.0
  0.0  0.0  0.0  0.0  0.0  0.0  0.0 20.6  0.0  0.0 82.5  0.0  0.0 92.8  0.0
  0.0  0.0  0.0  0.0  0.0  0.0  0.0  0.0  0.0  0.0  0.0  0.0  0.0  0.0  0.0
  0.0  0.0  0.0  0.0  0.0  0.0  0.0  0.0  0.0  0.0  0.0  0.0  0.0  0.0  0.0
  0.0  0.0  0.0  0.0  0.0  0.0  0.0  0.0  0.0  0.0  0.0  0.0  0.0  0.0  0.0
  0.0  0.0  0.0  0.0  0.0  0.0  0.0  0.0  0.0  0.0  0.0  0.0  0.0  0.0  0.0
  0.0  0.0  0.0  0.0  0.0  0.0  0.0  0.0 20.6  0.0 10.3  0.0  0.0  0.0  0.0
  0.0  0.0  0.0  0.0  0.0  0.0  0.0 30.9  0.0  0.0 10.3 10.3  0.0  0.0  0.0
    -32.33     -4.37      8.65     -3.28     -0.50 10.3  0.0 10.3  0.0  0.0
                                 t000152_s13_p6_ai-el2ap.txt 22.0  5.7  135
  0.0  0.0  0.0 22.2  0.0  0.0  0.0  7.4  0.0  0.0  0.0  0.0  0.0  0.0  0.0
  0.0  0.0 14.8  7.4  0.0  0.0348.1177.8125.9 37.0  7.4  0.0  0.0  0.0  7.4
  0.0  7.4125.9  7.4  7.4  7.4  7.4  0.0  0.0  0.0  0.0  7.4  0.0  0.0  0.0
  0.0  7.4  0.0  7.4  0.0 14.8 22.2  0.0  0.0  7.4125.9  7.4  0.0 66.7  0.0
  0.0  0.0  0.0  0.0  0.0  0.0  0.0  0.0  0.0  0.0  0.0  0.0  0.0  0.0  0.0
  0.0  0.0  0.0  0.0  0.0  0.0  0.0  0.0  0.0  0.0  0.0  0.0  0.0  0.0  0.0
  0.0  0.0  0.0  0.0  0.0  0.0  0.0  0.0  0.0  0.0  0.0  0.0  0.0  0.0  0.0
  0.0  0.0  0.0  0.0  0.0  0.0  0.0  0.0  0.0  0.0  0.0  0.0  0.0  0.0  0.0
  0.0  0.0  0.0  0.0  0.0  0.0  0.0  0.0 44.4  0.0 29.6  0.0  0.0  0.0  0.0
  7.4  0.0  0.0  0.0  0.0  0.0 37.0 22.2  0.0  0.0  0.0 14.8 14.8  0.0  0.0
    -28.16     -4.18     11.45     -3.64     -3.63  0.0  0.0  0.0  0.0  0.0
                                 t000152_s13_p7_ai-el2ap.txt 35.0  5.4  195
  5.1  0.0  0.0 30.8  0.0  0.0  5.1 10.3  0.0  0.0  0.0  0.0  0.0  0.0  0.0
  0.0  0.0  0.0  5.1  0.0  0.0292.3153.8 66.7 35.9  5.1  5.1  5.1  0.0 10.3
  0.0  5.1 71.8  5.1  0.0 25.6  5.1  5.1  0.0  0.0  0.0  0.0  5.1 10.3 10.3
  0.0  0.0  5.1 15.4  5.1  5.1 10.3 20.5  0.0 10.3 82.1  5.1  5.1 82.1  0.0
  0.0  0.0  0.0  0.0  0.0  0.0  0.0  0.0  0.0  0.0  0.0  0.0  0.0  0.0  0.0
  0.0  0.0  0.0  0.0  0.0  0.0  0.0  0.0  0.0  0.0  0.0  0.0  0.0  0.0  0.0
  0.0  0.0  0.0  0.0  0.0  5.1  0.0  0.0  0.0  0.0  0.0  0.0  0.0  0.0  0.0
  0.0  0.0  0.0  0.0  0.0  5.1  5.1  0.0  0.0  0.0  0.0  0.0  0.0  0.0  0.0
  0.0  0.0  0.0  0.0  0.0  0.0  0.0 20.5 10.3  0.0 10.3  0.0  0.0  0.0  0.0
  0.0  0.0  5.1  0.0  0.0  5.1  5.1  0.0  5.1 10.3  0.0 15.4  5.1  0.0  0.0
    -24.08     -2.38     10.06     -5.38      9.02  5.1  0.0  0.0  0.0  0.0
                                 t000152_s13_p8_ai-el2ap.txt 23.3  5.9  119
  8.4  8.4  0.0 75.6  0.0  0.0  0.0  0.0  0.0  0.0  0.0  0.0  0.0  0.0  0.0
  8.4  0.0  0.0  0.0  0.0  0.0344.5142.9176.5  8.4  0.0  8.4  0.0  0.0 25.2
  0.0  8.4134.5  8.4  8.4 16.8  8.4  0.0  0.0  0.0  0.0  8.4 16.8  0.0  0.0
  8.4  0.0  0.0  8.4  8.4  0.0  8.4  8.4  0.0 25.2184.9  0.0  8.4 92.4  0.0
  0.0  0.0  0.0  0.0  0.0  0.0  0.0  0.0  0.0  0.0  0.0  0.0  0.0  0.0  0.0
  0.0  0.0  0.0  0.0  0.0  8.4  0.0  0.0  0.0  0.0  0.0  0.0  0.0  0.0  0.0
  0.0  0.0  0.0  0.0  0.0  0.0  0.0  0.0  0.0  0.0  0.0  0.0  0.0  0.0  0.0
  8.4  0.0  0.0  8.4  0.0  0.0  0.0  0.0  0.0  0.0  0.0  0.0  0.0  0.0  0.0
  0.0  0.0  0.0  0.0  0.0  0.0  0.0  0.0 33.6  0.0  8.4  0.0  0.0  8.4  8.4
 16.8 16.8  0.0  0.0  0.0  8.4 16.8  8.4  0.0  8.4  0.0  0.0  0.0 16.8  0.0
    -29.91     -3.84     20.20     -3.24      9.59  0.0  0.0  0.0  0.0  0.0
                                 t000152_s13_p9_ai-el2ap.txt 15.0  6.0   73
  0.0  0.0  0.0 54.8  0.0  0.0  0.0  0.0  0.0 13.7  0.0  0.0  0.0  0.0  0.0
  0.0  0.0  0.0  0.0  0.0  0.0342.5178.1109.6  0.0 13.7 13.7  0.0  0.0  0.0
  0.0  0.0164.4  0.0  0.0 41.1 27.4  0.0 13.7  0.0  0.0  0.0  0.0  0.0  0.0
  0.0 13.7  0.0  0.0 27.4  0.0 13.7  0.0  0.0  0.0137.0 13.7  0.0109.6 13.7
  0.0  0.0  0.0  0.0  0.0  0.0  0.0  0.0  0.0  0.0  0.0  0.0  0.0  0.0  0.0
  0.0  0.0  0.0  0.0  0.0  0.0  0.0  0.0  0.0  0.0  0.0  0.0  0.0  0.0  0.0
  0.0  0.0 13.7  0.0  0.0  0.0  0.0  0.0  0.0  0.0  0.0  0.0  0.0  0.0  0.0
  0.0  0.0  0.0  0.0 13.7  0.0 13.7  0.0  0.0  0.0  0.0  0.0  0.0  0.0  0.0
  0.0  0.0  0.0  0.0  0.0  0.0  0.0  0.0 41.1  0.0 13.7  0.0  0.0 13.7 13.7
  0.0  0.0  0.0  0.0  0.0  0.0  0.0 54.8  0.0  0.0 13.7  0.0 13.7  0.0  0.0
    -32.69     -2.48     10.05     -2.19     -3.63  0.0  0.0  0.0  0.0  0.0
                                  t000152_s4_p1_ai-el2ap.txt 17.0  7.2   80
  0.0  0.0  0.0 75.0  0.0  0.0  0.0  0.0  0.0  0.0  0.0  0.0  0.0  0.0  0.0
  0.0  0.0  0.0 25.0  0.0  0.0387.5 87.5162.5  0.0 12.5 25.0  0.0  0.0  0.0
  0.0  0.0150.0  0.0  0.0 50.0 12.5  0.0  0.0  0.0  0.0 12.5  0.0  0.0  0.0
  0.0 12.5  0.0  0.0  0.0  0.0 37.5  0.0  0.0  0.0175.0 12.5  0.0 87.5  0.0
  0.0  0.0  0.0  0.0  0.0  0.0  0.0  0.0  0.0  0.0  0.0  0.0  0.0  0.0  0.0
  0.0  0.0  0.0  0.0  0.0  0.0  0.0  0.0  0.0  0.0  0.0  0.0  0.0  0.0  0.0
  0.0  0.0  0.0  0.0  0.0  0.0  0.0  0.0  0.0 12.5  0.0  0.0  0.0  0.0  0.0
  0.0  0.0  0.0  0.0  0.0  0.0 12.5  0.0  0.0  0.0  0.0  0.0  0.0  0.0  0.0
  0.0  0.0  0.0  0.0  0.0  0.0  0.0 12.5 25.0  0.0 25.0  0.0  0.0  0.0 12.5
  0.0  0.0  0.0  0.0  0.0  0.0  0.0  0.0 12.5  0.0 12.5  0.0 12.5 12.5  0.0
    -32.24     -0.36      8.55     -1.61     -3.63  0.0  0.0 12.5  0.0  0.0
                                  t000152_s4_p2_ai-el2ap.txt 20.8  6.4  102
  0.0  0.0  0.0 68.6  0.0  0.0  9.8  0.0  0.0  0.0  0.0  0.0  0.0  0.0  0.0
  0.0  0.0  0.0  9.8  0.0  0.0362.7147.1176.5 19.6  0.0 19.6  0.0  0.0  0.0
  9.8  0.0147.1  0.0  0.0 19.6  0.0  0.0  0.0  0.0  0.0  9.8  0.0 19.6  9.8
  0.0  9.8  0.0  0.0  0.0  0.0 19.6 29.4  0.0  9.8215.7  0.0  0.0 98.0  9.8
  0.0  0.0  0.0  0.0  0.0  0.0  0.0  0.0  0.0  0.0  0.0  0.0  0.0  0.0  0.0
  0.0  0.0  0.0  0.0  0.0  0.0  0.0  0.0  0.0  0.0  0.0  0.0  0.0  0.0  0.0
  0.0  0.0  0.0  0.0  0.0  0.0  0.0  0.0  0.0  0.0  0.0  0.0  0.0  0.0  0.0
  0.0  0.0  0.0  0.0  0.0  0.0  0.0  0.0  0.0  0.0  0.0  0.0  0.0  0.0  0.0
  0.0  0.0  0.0  0.0  0.0  0.0  0.0  9.8 29.4  0.0 29.4  9.8  9.8  0.0  0.0
  0.0  9.8  0.0  0.0  0.0  9.8  9.8  0.0  9.8  0.0  0.0  0.0 19.6  0.0  0.0
    -34.01     -1.31     18.98     -2.68      6.89  0.0  0.0  0.0  0.0  0.0
                                  t000152_s4_p3_ai-el2ap.txt 15.0  5.9   84
  0.0  0.0  0.0 59.5  0.0  0.0  0.0  0.0  0.0 11.9  0.0  0.0  0.0  0.0  0.0
  0.0  0.0  0.0  0.0  0.0  0.0250.0166.7154.8 11.9  0.0 11.9  0.0  0.0  0.0
  0.0 23.8 95.2  0.0  0.0 35.7  0.0  0.0  0.0  0.0  0.0  0.0  0.0  0.0 11.9
  0.0  0.0  0.0  0.0  0.0  0.0 23.8 11.9  0.0  0.0214.3  0.0  0.0 83.3  0.0
  0.0 11.9  0.0  0.0  0.0  0.0  0.0  0.0  0.0  0.0  0.0  0.0  0.0  0.0  0.0
  0.0  0.0  0.0  0.0  0.0  0.0  0.0 11.9  0.0  0.0  0.0  0.0  0.0  0.0  0.0
  0.0 11.9  0.0  0.0  0.0  0.0  0.0  0.0  0.0  0.0  0.0  0.0  0.0  0.0  0.0
  0.0 11.9  0.0 11.9 11.9  0.0 11.9  0.0  0.0  0.0  0.0  0.0  0.0  0.0  0.0
  0.0  0.0  0.0  0.0  0.0  0.0  0.0  0.0 47.6 11.9 35.7 11.9  0.0  0.0  0.0
  0.0  0.0  0.0  0.0  0.0  0.0 11.9 11.9  0.0 23.8  0.0  0.0  0.0  0.0  0.0
    -31.95     -3.05     14.38     -6.61      5.53 11.9  0.0  0.0  0.0  0.0
                                  t000152_s4_p4_ai-el2ap.txt 24.0  5.8  151
 13.2  0.0  0.0 39.7  0.0  0.0  0.0  6.6  0.0 13.2  0.0  0.0  0.0  0.0  0.0
  0.0  0.0  0.0  6.6  0.0  6.6351.0158.9106.0  0.0  0.0  0.0  0.0  0.0  0.0
  0.0  6.6125.8  0.0  0.0 13.2 19.9  0.0  6.6  0.0 13.2  0.0  0.0  6.6  0.0
  0.0  0.0  0.0  0.0  6.6 13.2 13.2  6.6  0.0  0.0132.5  0.0  0.0 66.2  6.6
  0.0  6.6  0.0  0.0  0.0  0.0  0.0  0.0  0.0  0.0  0.0  0.0  0.0  0.0  0.0
  0.0  0.0  0.0  0.0  0.0  0.0  0.0  6.6  0.0  0.0  0.0  0.0  0.0  0.0  0.0
  0.0  0.0  0.0  0.0  0.0  0.0  0.0  0.0  0.0  0.0  0.0  0.0  0.0  0.0  0.0
  0.0  6.6  0.0  6.6  0.0  0.0  0.0  0.0  0.0  0.0  0.0  0.0  0.0  0.0  0.0
  0.0  0.0  0.0  0.0  0.0  0.0  0.0  0.0 26.5  6.6 26.5  0.0 13.2  0.0  0.0
  0.0  0.0  0.0  0.0  0.0  0.0 13.2 13.2  0.0  0.0 13.2  6.6  0.0  0.0  0.0
    -25.30     -5.73     11.41      1.84     -2.62  6.6  0.0  6.6  0.0  0.0
                                  t000152_s4_p5_ai-el2ap.txt 18.8  6.2  100
 10.0  0.0  0.0 40.0  0.0  0.0  0.0  0.0  0.0  0.0  0.0  0.0  0.0  0.0  0.0
  0.0  0.0 10.0 10.0  0.0  0.0360.0140.0100.0 20.0  0.0  0.0  0.0  0.0  0.0
  0.0  0.0160.0  0.0 10.0 40.0 30.0  0.0  0.0  0.0 20.0 20.0  0.0 10.0  0.0
  0.0  0.0  0.0  0.0  0.0 30.0 10.0 10.0  0.0  0.0100.0  0.0  0.0 90.0  0.0
  0.0  0.0  0.0  0.0  0.0  0.0  0.0  0.0  0.0  0.0  0.0  0.0  0.0  0.0  0.0
  0.0  0.0  0.0  0.0 10.0  0.0  0.0  0.0  0.0  0.0  0.0  0.0  0.0  0.0  0.0
  0.0 10.0 10.0  0.0  0.0  0.0  0.0  0.0  0.0 10.0  0.0  0.0  0.0  0.0  0.0
 10.0  0.0  0.0 10.0 20.0  0.0 30.0  0.0  0.0  0.0  0.0  0.0  0.0  0.0  0.0
  0.0  0.0  0.0  0.0  0.0  0.0  0.0 10.0 50.0 10.0 80.0  0.0  0.0  0.0  0.0
 10.0  0.0  0.0  0.0  0.0  0.0 30.0 30.0 10.0 30.0 20.0 10.0  0.0  0.0  0.0
    -28.12     -5.07      6.87     10.92     -2.11  0.0  0.0  0.0  0.0  0.0
                                  t000152_s4_p6_ai-el2ap.txt  4.3  5.4   18
  0.0  0.0  0.0111.1  0.0  0.0  0.0  0.0  0.0  0.0  0.0  0.0  0.0  0.0  0.0
  0.0  0.0  0.0  0.0  0.0  0.0333.3166.7  0.0 55.6  0.0  0.0 55.6  0.0  0.0
  0.0  0.0 55.6  0.0  0.0  0.0  0.0  0.0  0.0  0.0  0.0  0.0  0.0  0.0  0.0
  0.0  0.0 55.6  0.0  0.0  0.0  0.0  0.0  0.0  0.0  0.0  0.0  0.0166.7  0.0
  0.0  0.0  0.0  0.0  0.0  0.0  0.0  0.0  0.0  0.0  0.0  0.0  0.0  0.0  0.0
  0.0  0.0  0.0 55.6  0.0  0.0  0.0  0.0  0.0  0.0  0.0  0.0  0.0  0.0  0.0
  0.0  0.0  0.0  0.0  0.0  0.0  0.0  0.0  0.0  0.0  0.0  0.0  0.0  0.0  0.0
 55.6  0.0  0.0 55.6  0.0  0.0  0.0  0.0  0.0  0.0  0.0  0.0  0.0  0.0  0.0
  0.0  0.0  0.0  0.0  0.0  0.0  0.0  0.0  0.0  0.0 55.6  0.0  0.0  0.0  0.0
  0.0  0.0  0.0  0.0  0.0  0.0  0.0  0.0 55.6  0.0  0.0  0.0 55.6  0.0  0.0
    -25.02      6.39      4.83     -6.61     -3.63  0.0  0.0  0.0  0.0  0.0
                                  t000152_s7_p1_ai-el2ap.txt  9.8  6.2   50
  0.0  0.0  0.0 20.0  0.0  0.0  0.0  0.0  0.0  0.0  0.0  0.0  0.0  0.0  0.0
  0.0  0.0  0.0  0.0  0.0  0.0340.0180.0140.0 20.0 20.0  0.0  0.0  0.0  0.0
  0.0  0.0 80.0  0.0  0.0 60.0  0.0  0.0  0.0  0.0  0.0  0.0  0.0  0.0  0.0
 20.0  0.0  0.0  0.0  0.0  0.0  0.0 20.0  0.0  0.0140.0 20.0  0.0 80.0 20.0
  0.0  0.0  0.0  0.0  0.0  0.0  0.0  0.0  0.0  0.0  0.0  0.0  0.0  0.0  0.0
  0.0  0.0  0.0  0.0  0.0  0.0  0.0  0.0  0.0  0.0  0.0  0.0  0.0  0.0  0.0
  0.0  0.0  0.0  0.0  0.0  0.0  0.0  0.0  0.0  0.0  0.0  0.0  0.0  0.0  0.0
  0.0  0.0  0.0  0.0  0.0  0.0  0.0  0.0  0.0  0.0  0.0  0.0  0.0  0.0  0.0
  0.0  0.0  0.0  0.0  0.0  0.0  0.0  0.0 40.0  0.0 20.0  0.0  0.0  0.0  0.0
  0.0  0.0  0.0  0.0  0.0  0.0 20.0 20.0  0.0  0.0  0.0  0.0  0.0  0.0  0.0
    -37.82     -4.18      3.12     -6.61      2.83  0.0 20.0  0.0  0.0  0.0
                                  t000152_s7_p2_ai-el2ap.txt 17.8  5.5  104
  0.0  0.0  0.0 67.3  0.0  0.0  0.0  0.0  0.0  9.6  0.0  0.0  0.0  0.0  0.0
  0.0  9.6  0.0 19.2  0.0  0.0307.7134.6105.8  0.0  0.0  9.6  0.0  0.0  9.6
  0.0  9.6 86.5  0.0  0.0  9.6 19.2  0.0  0.0  0.0  0.0  0.0  9.6  0.0  9.6
  0.0  0.0  9.6  0.0  9.6  0.0 28.8  9.6  9.6  9.6153.8  0.0  0.0 86.5  0.0
  0.0  0.0  0.0  0.0  0.0  0.0  0.0  0.0  0.0  0.0  0.0  0.0  0.0  0.0  0.0
  0.0  0.0  0.0  0.0  0.0  0.0  0.0  0.0  0.0  9.6  0.0  0.0  0.0  0.0  0.0
  0.0  0.0  9.6  0.0  9.6  0.0  0.0  0.0  0.0  0.0  0.0  0.0  0.0  0.0  0.0
  0.0  9.6  0.0  9.6  9.6  9.6 19.2  0.0  0.0  0.0  0.0  0.0  0.0  0.0  0.0
  0.0  0.0  0.0  0.0  0.0  0.0  0.0  0.0 57.7 28.8  9.6  9.6  0.0  9.6  0.0
  0.0  9.6  0.0  0.0  0.0  0.0  9.6  0.0 19.2 19.2  0.0  9.6  0.0  0.0  0.0
     -8.59     -3.88     14.81     -6.61      9.78  0.0  9.6  0.0  0.0  0.0
                                  t000152_s7_p3_ai-el2ap.txt 25.3  5.5  140
  0.0  7.1  0.0 28.6  0.0  0.0  0.0  7.1  0.0 14.3  0.0  0.0  0.0  0.0  0.0
  0.0  0.0  0.0  7.1  0.0  0.0321.4 85.7 85.7 35.7  7.1 21.4 28.6  0.0  0.0
  0.0  0.0 42.9 14.3  0.0 21.4  7.1  0.0  0.0  0.0  0.0  7.1  7.1  7.1  0.0
  0.0  0.0  0.0  0.0  0.0  0.0  7.1  7.1  0.0  0.0100.0  7.1  0.0 92.9  7.1
  0.0  0.0  0.0  0.0  0.0  0.0  0.0  0.0  0.0  0.0  0.0  0.0  0.0  0.0  0.0
  0.0  0.0  0.0  7.1  0.0  0.0  0.0  0.0  0.0  0.0  0.0  0.0  0.0  0.0  0.0
  0.0  0.0  0.0  0.0  7.1  0.0  0.0  0.0  0.0  0.0  0.0  0.0  0.0  0.0  0.0
  7.1  0.0  0.0  7.1  0.0  7.1  7.1  0.0  0.0  0.0  0.0  0.0  0.0  0.0  0.0
  0.0  0.0  0.0  0.0  0.0  0.0  0.0  0.0  7.1  0.0 21.4 14.3  7.1  7.1 14.3
  0.0  0.0  0.0  0.0  0.0  7.1 14.3  7.1  7.1 21.4  0.0  0.0  0.0  0.0  0.0
    -21.78      5.18     -1.35     -3.75      1.92  0.0  7.1  0.0  0.0  0.0
                                  t000152_s7_p4_ai-el2ap.txt 23.8  5.8  126
  0.0  0.0  0.0  7.9  0.0  0.0  0.0  0.0  0.0  0.0  0.0  0.0  0.0  0.0  0.0
  0.0  0.0  0.0 15.9  0.0  0.0365.1142.9 79.4 23.8  0.0  0.0  7.9  0.0  0.0
  0.0  0.0111.1  0.0  7.9  0.0 15.9  0.0  0.0  0.0  0.0  0.0  0.0  7.9  0.0
 15.9  7.9  0.0  7.9  7.9  0.0 23.8 23.8  0.0  0.0111.1  0.0  0.0 79.4 15.9
  0.0  0.0  0.0  0.0  0.0  0.0  0.0  0.0  0.0  0.0  0.0  0.0  0.0  0.0  0.0
  0.0  0.0  0.0  0.0  7.9  0.0  0.0  0.0  0.0  0.0  0.0  0.0  0.0  0.0  0.0
  0.0  0.0  7.9  0.0  0.0  0.0  0.0  0.0  0.0  0.0  0.0  0.0  0.0  0.0  0.0
  7.9  0.0  0.0  7.9  7.9  0.0  7.9  0.0  0.0  0.0  0.0  0.0  0.0  0.0  0.0
  0.0  0.0  0.0  0.0  0.0  0.0  0.0  7.9 31.7  7.9 15.9  0.0  0.0  0.0  0.0
  0.0  7.9  0.0  0.0  0.0  0.0  7.9  0.0  0.0  0.0 15.9  0.0  7.9  0.0  0.0
    -29.91     -3.47      6.36     -6.61      2.70  0.0  0.0  0.0  0.0  0.0
                                  t000152_s7_p5_ai-el2ap.txt 26.3  5.7  141
  0.0  0.0  0.0 35.5  0.0  0.0  0.0  7.1  0.0  7.1  0.0  0.0  0.0  0.0  0.0
  0.0  0.0  0.0  7.1  0.0  0.0354.6156.0 70.9  0.0 14.2  7.1  0.0  0.0  0.0
  0.0  0.0120.6  0.0  0.0 21.3  7.1  0.0  0.0  0.0  0.0  0.0  0.0  0.0  7.1
  7.1  7.1  7.1  7.1  0.0  0.0 14.2 14.2  0.0  0.0120.6 14.2  0.0 70.9  7.1
  0.0  0.0  0.0  0.0  0.0  0.0  0.0  0.0  0.0  0.0  0.0  0.0  0.0  0.0  0.0
  0.0  0.0  0.0  7.1  0.0  0.0  0.0  0.0  0.0  0.0  0.0  0.0  0.0  0.0  0.0
  0.0  0.0  0.0  0.0  0.0  0.0  0.0  0.0  0.0  0.0  0.0  0.0  0.0  0.0  0.0
  7.1  0.0  0.0  7.1  0.0  0.0  0.0  0.0  0.0  0.0  0.0  0.0  0.0  0.0  0.0
  0.0  0.0  0.0  0.0  0.0  0.0  0.0  7.1  7.1  7.1 21.3  7.1  0.0  0.0  0.0
  0.0  0.0  0.0  0.0  0.0  7.1  7.1  0.0  7.1  7.1  7.1  0.0 14.2  7.1  0.0
    -27.67     -3.73      8.14     -6.61      4.12  0.0  0.0  0.0  0.0  0.0
                                  t000152_s7_p6_ai-el2ap.txt  8.0  5.6   36
  0.0  0.0  0.0 27.8  0.0  0.0  0.0 27.8  0.0  0.0  0.0  0.0  0.0  0.0  0.0
  0.0  0.0  0.0  0.0  0.0  0.0305.6138.9111.1  0.0 27.8  0.0  0.0  0.0  0.0
  0.0 27.8111.1  0.0  0.0 27.8  0.0  0.0  0.0  0.0  0.0  0.0  0.0  0.0  0.0
  0.0  0.0  0.0  0.0  0.0  0.0 27.8  0.0  0.0  0.0138.9 27.8  0.0 27.8  0.0
  0.0  0.0  0.0  0.0  0.0  0.0  0.0  0.0  0.0  0.0  0.0  0.0  0.0  0.0  0.0
  0.0  0.0  0.0  0.0  0.0  0.0  0.0  0.0  0.0  0.0  0.0  0.0  0.0  0.0  0.0
  0.0  0.0  0.0  0.0  0.0  0.0  0.0  0.0  0.0  0.0  0.0  0.0  0.0  0.0  0.0
  0.0  0.0  0.0  0.0  0.0  0.0  0.0  0.0  0.0  0.0  0.0  0.0  0.0  0.0  0.0
  0.0  0.0  0.0  0.0  0.0  0.0  0.0  0.0 55.6  0.0 27.8  0.0  0.0  0.0  0.0
  0.0  0.0  0.0  0.0  0.0  0.0  0.0  0.0  0.0  0.0  0.0  0.0  0.0  0.0  0.0
    -25.36     -4.49     17.40     -6.61     -3.63  0.0  0.0  0.0  0.0  0.0
                                  t000152_s7_p7_ai-el2ap.txt 28.5  5.8  171
  5.8  0.0  0.0 35.1  0.0  5.8  0.0  0.0  0.0  0.0  0.0  0.0  0.0  0.0  0.0
  0.0  0.0  0.0 35.1  0.0  0.0456.1117.0111.1  0.0  0.0  0.0  0.0  0.0  0.0
  0.0  0.0134.5  0.0  0.0 11.7  0.0  0.0  5.8  0.0  0.0  0.0  0.0 11.7  0.0
  0.0  0.0  0.0  0.0  0.0  0.0 35.1 11.7  0.0  0.0134.5  0.0  0.0 46.8  5.8
  0.0  0.0  0.0  0.0  0.0  0.0  0.0  0.0  0.0  0.0  0.0  0.0  0.0  0.0  0.0
  0.0  0.0  0.0  0.0  0.0  0.0  0.0  0.0  0.0  0.0  0.0  0.0  0.0  0.0  0.0
  0.0  0.0  0.0  0.0  0.0  0.0  0.0  0.0  0.0  0.0  0.0  0.0  0.0  0.0  0.0
  0.0  0.0  0.0  0.0  0.0  0.0  0.0  0.0  0.0  0.0  0.0  0.0  0.0  0.0  0.0
  0.0  0.0  0.0  0.0  0.0  0.0  0.0  5.8 46.8  0.0 17.5  5.8 17.5 11.7  0.0
  0.0  0.0  0.0  0.0  0.0  5.8 11.7  5.8  0.0  5.8  0.0  0.0  5.8  0.0  0.0
    -25.90     -5.73      9.65     -4.72     -1.85  0.0  0.0  0.0  0.0  0.0
                                  t000153_s1_p1_ai-el2ap.txt 27.8  6.2  161
  6.2  0.0  0.0 31.1  0.0  0.0  0.0  0.0  0.0  0.0  0.0  0.0  0.0  0.0  0.0
  0.0  0.0  6.2  6.2  0.0  0.0409.9161.5 62.1 24.8 12.4 18.6  6.2  0.0  6.2
  0.0  0.0173.9  0.0  0.0  0.0 18.6  0.0  6.2  0.0  0.0  0.0  0.0  6.2  0.0
  0.0  0.0 12.4  0.0  0.0  6.2  6.2  6.2  0.0  6.2 62.1 12.4  0.0 99.4  6.2
  0.0  0.0  0.0  0.0  0.0  0.0  0.0  0.0  0.0  0.0  0.0  0.0  0.0  0.0  0.0
  0.0  0.0  0.0  0.0  0.0  0.0  0.0  0.0  0.0  0.0  0.0  0.0  0.0  0.0  0.0
  0.0  6.2  0.0  0.0  0.0  0.0  0.0  0.0  0.0  6.2  0.0  0.0  0.0  0.0  0.0
  0.0  0.0  0.0  0.0  6.2  0.0 12.4  0.0  0.0  0.0  0.0  0.0  0.0  0.0  0.0
  0.0  0.0  0.0  0.0  0.0  0.0  0.0 12.4 12.4 12.4 37.3  6.2  0.0  6.2  0.0
  0.0  0.0  0.0  0.0  0.0  6.2  6.2 24.8  0.0 12.4  0.0  6.2  6.2  0.0  0.0
    -30.93      0.38     16.16     -4.60     -2.69  0.0  6.2  0.0  0.0  0.0
                                 t000153_s14_p1_ai-el2ap.txt 16.0  5.9   93
 32.3  0.0  0.0 75.3  0.0  0.0  0.0  0.0  0.0  0.0  0.0  0.0  0.0  0.0  0.0
  0.0  0.0  0.0 21.5 10.8  0.0376.3182.8 75.3  0.0 32.3  0.0  0.0  0.0 10.8
  0.0 10.8150.5  0.0  0.0  0.0 21.5  0.0  0.0  0.0  0.0  0.0  0.0  0.0  0.0
 10.8  0.0  0.0  0.0  0.0  0.0 32.3 10.8 10.8 10.8 75.3 32.3  0.0107.5  0.0
  0.0  0.0  0.0  0.0  0.0  0.0  0.0  0.0  0.0  0.0  0.0  0.0  0.0  0.0  0.0
  0.0  0.0  0.0  0.0  0.0  0.0  0.0  0.0  0.0  0.0  0.0  0.0  0.0  0.0  0.0
  0.0 10.8 10.8  0.0  0.0  0.0  0.0  0.0  0.0  0.0  0.0  0.0  0.0  0.0  0.0
  0.0  0.0  0.0  0.0 21.5  0.0 21.5  0.0  0.0  0.0  0.0  0.0  0.0  0.0  0.0
  0.0  0.0  0.0  0.0  0.0  0.0  0.0  0.0 43.0 10.8 32.3  0.0  0.0  0.0  0.0
  0.0  0.0  0.0  0.0  0.0  0.0 10.8  0.0  0.0 53.8  0.0  0.0 32.3  0.0  0.0
    -14.78     -4.29     20.79     -6.61     -0.16  0.0  0.0  0.0  0.0  0.0
                                t000153_s14_p10_ai-el2ap.txt 25.0  5.7  150
  0.0  0.0  0.0 46.7  0.0  0.0  0.0  0.0  0.0  6.7  0.0  0.0  0.0  0.0  0.0
  0.0  0.0  0.0 33.3  0.0  0.0360.0160.0 66.7  0.0  6.7  0.0  0.0  0.0  6.7
  0.0  6.7166.7  0.0  0.0 13.3  6.7  0.0  0.0  0.0  0.0  0.0  6.7 20.0  6.7
  0.0  0.0  0.0  0.0  0.0  0.0 40.0 26.7  0.0  6.7 93.3  6.7  0.0 60.0  0.0
  6.7  0.0  0.0  0.0  0.0  0.0  0.0  0.0  0.0  0.0  0.0  0.0  0.0  0.0  0.0
  0.0  0.0  0.0  0.0  0.0  0.0  0.0  0.0  0.0  0.0  0.0  0.0  0.0  0.0  0.0
  0.0  0.0  0.0  0.0  0.0  0.0  0.0  0.0  0.0  0.0  0.0  0.0  0.0  0.0  0.0
  0.0  0.0  0.0  0.0  0.0  0.0  0.0  0.0  0.0  0.0  0.0  0.0  0.0  0.0  0.0
  0.0  0.0  0.0  0.0  0.0  0.0  0.0  0.0 40.0  0.0 40.0  0.0  0.0  0.0  0.0
  0.0  0.0  0.0  0.0  0.0  6.7 20.0  0.0  0.0  0.0 13.3  6.7  6.7  0.0  0.0
    -23.67     -5.43     17.59     -6.61      8.70  0.0  0.0  0.0  0.0  0.0
                                 t000153_s14_p2_ai-el2ap.txt 15.8  6.3   75
  0.0  0.0  0.0 13.3  0.0  0.0  0.0  0.0  0.0  0.0  0.0  0.0  0.0  0.0  0.0
  0.0  0.0 13.3 13.3  0.0  0.0413.3160.0106.7 26.7  0.0  0.0  0.0  0.0  0.0
  0.0  0.0160.0  0.0  0.0  0.0  0.0  0.0  0.0  0.0  0.0  0.0  0.0 13.3 13.3
 13.3  0.0  0.0  0.0  0.0 13.3 13.3 40.0  0.0  0.0106.7  0.0  0.0 93.3  0.0
  0.0  0.0  0.0  0.0  0.0  0.0  0.0  0.0  0.0  0.0  0.0  0.0  0.0  0.0  0.0
  0.0  0.0  0.0  0.0  0.0  0.0  0.0  0.0  0.0  0.0  0.0  0.0  0.0  0.0  0.0
  0.0  0.0  0.0  0.0  0.0  0.0  0.0  0.0  0.0  0.0  0.0  0.0  0.0  0.0  0.0
  0.0  0.0  0.0  0.0  0.0  0.0  0.0  0.0  0.0  0.0  0.0  0.0  0.0  0.0  0.0
  0.0  0.0  0.0  0.0  0.0  0.0  0.0  0.0 26.7  0.0 13.3  0.0  0.0  0.0  0.0
  0.0  0.0  0.0  0.0  0.0 40.0 26.7 13.3  0.0  0.0  0.0  0.0 13.3  0.0  0.0
    -31.19     -4.85     12.08     -6.61     12.95  0.0  0.0  0.0  0.0  0.0
                                 t000153_s14_p3_ai-el2ap.txt 32.0  5.7  328
  3.0  0.0  0.0 15.2  0.0  0.0  0.0  0.0  0.0  0.0  0.0  0.0  0.0  0.0  0.0
  0.0  0.0  3.0 27.4  0.0  0.0378.0118.9 61.0 57.9  0.0  6.1  0.0  0.0  0.0
  0.0 12.2134.1  0.0  0.0 12.2  6.1  0.0  3.0  0.0  0.0  0.0  3.0 45.7  0.0
  3.0  3.0  0.0  6.1  3.0  3.0 42.7 48.8  0.0  0.0 85.4  0.0  0.0 94.5  3.0
  0.0  0.0  0.0  0.0  0.0  0.0  0.0  0.0  0.0  0.0  0.0  0.0  0.0  0.0  0.0
  0.0  0.0  0.0  0.0  0.0  0.0  0.0  0.0  0.0  0.0  0.0  0.0  0.0  0.0  0.0
  0.0  0.0  0.0  0.0  0.0  0.0  0.0  0.0  0.0  3.0  0.0  0.0  0.0  0.0  0.0
  0.0  0.0  0.0  0.0  0.0  0.0  3.0  0.0  0.0  0.0  0.0  0.0  0.0  0.0  0.0
  0.0  0.0  0.0  0.0  0.0  0.0  0.0  6.1 15.2  9.1 12.2  6.1 12.2  6.1  3.0
  0.0  0.0  0.0  0.0  0.0  3.0  6.1 15.2  6.1  6.1  0.0  9.1  3.0  0.0  0.0
    -24.27     -2.65     14.11     -5.62      6.19  0.0  0.0  0.0  0.0  0.0
                                 t000153_s14_p4_ai-el2ap.txt 11.3  6.0   51
  0.0  0.0  0.0 98.0  0.0  0.0  0.0  0.0  0.0 19.6  0.0  0.0  0.0  0.0  0.0
  0.0  0.0 19.6  0.0  0.0  0.0313.7 58.8117.6 19.6 19.6 19.6  0.0 19.6  0.0
  0.0 19.6117.6  0.0  0.0 39.2  0.0  0.0  0.0 19.6  0.0  0.0 19.6 19.6  0.0
  0.0  0.0 19.6  0.0  0.0 19.6 39.2 19.6  0.0 19.6117.6 19.6  0.0156.9 39.2
 19.6  0.0  0.0  0.0  0.0  0.0  0.0  0.0  0.0  0.0  0.0  0.0  0.0  0.0  0.0
  0.0  0.0  0.0 19.6  0.0  0.0  0.0  0.0  0.0  0.0  0.0  0.0  0.0  0.0  0.0
  0.0  0.0  0.0  0.0  0.0  0.0  0.0  0.0  0.0  0.0  0.0  0.0  0.0  0.0  0.0
 19.6  0.0  0.0 19.6  0.0  0.0  0.0  0.0  0.0  0.0  0.0  0.0  0.0  0.0  0.0
  0.0  0.0  0.0  0.0  0.0  0.0  0.0  0.0 19.6  0.0 19.6  0.0  0.0  0.0  0.0
  0.0  0.0  0.0  0.0  0.0  0.0 19.6 19.6 19.6 39.2 39.2  0.0 19.6  0.0  0.0
    -19.93     -0.44     25.71      2.31     11.60  0.0 19.6  0.0  0.0  0.0
                                 t000153_s14_p5_ai-el2ap.txt 17.0  5.6   83
  0.0  0.0  0.0 60.2  0.0  0.0  0.0  0.0  0.0  0.0  0.0  0.0  0.0  0.0  0.0
  0.0  0.0 12.0  0.0  0.0  0.0313.3168.7 84.3 12.0 12.0  0.0  0.0  0.0  0.0
  0.0  0.0 84.3  0.0  0.0  0.0  0.0  0.0 12.0  0.0  0.0  0.0  0.0  0.0  0.0
  0.0  0.0 12.0  0.0  0.0 12.0  0.0  0.0  0.0  0.0 96.4 12.0  0.0 84.3 12.0
 12.0  0.0  0.0  0.0  0.0  0.0  0.0  0.0  0.0  0.0  0.0  0.0  0.0  0.0  0.0
  0.0  0.0  0.0  0.0  0.0  0.0  0.0  0.0  0.0  0.0  0.0  0.0  0.0  0.0  0.0
  0.0  0.0  0.0  0.0  0.0  0.0  0.0  0.0  0.0  0.0  0.0  0.0  0.0  0.0  0.0
  0.0  0.0  0.0  0.0  0.0  0.0  0.0  0.0  0.0  0.0  0.0  0.0  0.0  0.0  0.0
  0.0  0.0  0.0  0.0  0.0  0.0  0.0  0.0 36.1  0.0 48.2 12.0  0.0  0.0  0.0
  0.0  0.0  0.0  0.0  0.0  0.0  0.0 12.0  0.0  0.0  0.0  0.0 24.1  0.0  0.0
    -27.36     -4.80      6.83     -2.72     -3.63  0.0  0.0 24.1  0.0  0.0
                                 t000153_s14_p6_ai-el2ap.txt  8.0  6.9   34
  0.0  0.0  0.0 88.2  0.0  0.0  0.0  0.0  0.0  0.0  0.0  0.0  0.0  0.0  0.0
  0.0  0.0 29.4  0.0  0.0  0.0352.9 88.2117.6  0.0  0.0  0.0 29.4  0.0 29.4
  0.0 29.4176.5  0.0  0.0  0.0  0.0  0.0 29.4  0.0  0.0  0.0  0.0  0.0  0.0
 29.4  0.0  0.0  0.0  0.0 29.4 29.4 29.4  0.0 29.4176.5  0.0  0.0117.6  0.0
  0.0  0.0  0.0  0.0  0.0  0.0  0.0  0.0  0.0  0.0  0.0  0.0  0.0  0.0  0.0
  0.0  0.0  0.0  0.0  0.0  0.0  0.0  0.0  0.0  0.0  0.0  0.0  0.0  0.0  0.0
  0.0  0.0  0.0  0.0  0.0  0.0  0.0  0.0  0.0  0.0  0.0  0.0  0.0  0.0  0.0
  0.0  0.0  0.0  0.0  0.0  0.0  0.0  0.0  0.0  0.0  0.0  0.0  0.0  0.0  0.0
  0.0  0.0  0.0  0.0  0.0  0.0  0.0  0.0 58.8 29.4  0.0  0.0  0.0  0.0 29.4
  0.0  0.0  0.0  0.0  0.0 29.4  0.0 58.8 58.8  0.0  0.0  0.0  0.0  0.0  0.0
    -24.52     -0.28     38.83      2.88      5.86  0.0  0.0  0.0  0.0  0.0
                                 t000153_s14_p7_ai-el2ap.txt 39.0  6.2  202
  0.0  0.0  0.0 44.6  0.0  0.0  0.0  0.0  0.0  0.0  0.0  0.0  0.0  0.0  0.0
  0.0  0.0  0.0  0.0  0.0  0.0519.8 99.0 74.3  5.0  9.9  9.9  0.0  0.0  5.0
  0.0  9.9118.8  0.0  5.0 19.8  0.0  0.0  0.0  0.0  0.0  5.0  0.0  0.0  0.0
  0.0  5.0  5.0  0.0  0.0  0.0 14.9  0.0  0.0  5.0 89.1  9.9  0.0 54.5  0.0
  0.0  0.0  0.0  0.0  0.0  0.0  0.0  0.0  0.0  0.0  0.0  0.0  0.0  0.0  0.0
  0.0  0.0  0.0  0.0  0.0  0.0  0.0  0.0  0.0  0.0  0.0  0.0  0.0  0.0  0.0
  0.0  0.0  0.0  0.0  0.0  0.0  0.0  0.0  0.0  0.0  0.0  0.0  0.0  0.0  0.0
  0.0  0.0  0.0  0.0  0.0  0.0  0.0  0.0  0.0  0.0  0.0  0.0  0.0  0.0  0.0
  0.0  0.0  0.0  0.0  0.0  0.0  0.0  5.0  9.9  5.0 24.8  0.0  0.0  0.0  0.0
  0.0  0.0  0.0  0.0  0.0  0.0  5.0  0.0  5.0  9.9  0.0  0.0 14.9  0.0  0.0
    -35.45     -3.22     12.79     -4.62     -3.63  9.9  5.0  0.0  0.0  0.0
                                 t000153_s14_p8_ai-el2ap.txt 30.8  5.7  268
 14.9  7.5  0.0115.7  0.0  0.0 11.2  3.7  3.7  3.7  7.5  0.0  0.0  0.0  0.0
  3.7  0.0 11.2 11.2  0.0  0.0197.8100.7 52.2 11.2 22.4  0.0  7.5  0.0  7.5
  3.7  7.5 70.9  3.7  0.0 41.0  3.7  0.0  0.0  3.7  3.7 11.2 11.2 26.1  0.0
  3.7  3.7 14.9  3.7  7.5 14.9 26.1 29.9  0.0 11.2134.3 26.1  0.0149.3 11.2
  0.0  0.0  0.0  0.0  0.0  0.0  0.0  0.0  0.0  0.0  0.0  0.0  0.0  0.0  0.0
  0.0  0.0  0.0  3.7  0.0  3.7 11.2  0.0  0.0  0.0  0.0  0.0  0.0  0.0  0.0
  0.0  0.0  0.0  0.0  0.0  0.0  0.0  0.0  0.0  0.0  3.7  0.0  3.7  0.0  0.0
 18.7  0.0  0.0 18.7  0.0  0.0  0.0  7.5  0.0  0.0  0.0  0.0  0.0  0.0  0.0
  0.0  0.0  0.0  0.0  0.0  0.0  0.0 14.9  7.5  0.0 44.8  3.7  3.7  0.0  0.0
  0.0  0.0  0.0  0.0  0.0 11.2 11.2  0.0  3.7 33.6  0.0  3.7  7.5  0.0  0.0
     -7.11     -2.98     12.39      1.35      8.53  0.0  0.0  0.0  0.0  0.0
                                 t000153_s14_p9_ai-el2ap.txt  7.0  5.8   34
  0.0  0.0  0.0 29.4  0.0  0.0  0.0  0.0  0.0  0.0  0.0  0.0  0.0  0.0  0.0
  0.0  0.0  0.0 29.4  0.0  0.0352.9176.5 58.8  0.0  0.0 29.4  0.0  0.0  0.0
  0.0  0.0 88.2  0.0  0.0 29.4 29.4  0.0  0.0  0.0  0.0  0.0  0.0 29.4  0.0
  0.0  0.0  0.0  0.0  0.0  0.0 29.4 29.4  0.0  0.0 58.8  0.0  0.0 58.8  0.0
  0.0  0.0  0.0  0.0  0.0  0.0  0.0  0.0  0.0  0.0  0.0  0.0  0.0  0.0  0.0
  0.0  0.0  0.0  0.0  0.0  0.0  0.0  0.0  0.0  0.0  0.0  0.0  0.0  0.0  0.0
  0.0  0.0  0.0  0.0  0.0  0.0  0.0  0.0  0.0  0.0  0.0  0.0  0.0  0.0  0.0
  0.0  0.0  0.0  0.0  0.0  0.0  0.0  0.0  0.0  0.0  0.0  0.0  0.0  0.0  0.0
  0.0  0.0  0.0  0.0  0.0  0.0  0.0 58.8  0.0  0.0 29.4  0.0  0.0  0.0  0.0
  0.0  0.0  0.0  0.0  0.0 29.4  0.0  0.0 29.4  0.0  0.0  0.0  0.0  0.0  0.0
    -26.21     -0.07      5.43     -6.61      0.83  0.0  0.0  0.0  0.0  0.0
                                  t000153_s8_p1_ai-el2ap.txt 11.0  5.5   55
  0.0  0.0  0.0 72.7  0.0  0.0 18.2  0.0  0.0  0.0  0.0  0.0  0.0  0.0  0.0
  0.0  0.0 18.2 36.4  0.0  0.0381.8 90.9 18.2 36.4  0.0  0.0  0.0  0.0 36.4
  0.0 18.2145.5  0.0  0.0 36.4 36.4  0.0 18.2  0.0  0.0  0.0 18.2  0.0  0.0
  0.0  0.0  0.0  0.0  0.0 18.2 54.5  0.0  0.0 36.4 18.2  0.0 18.2145.5  0.0
  0.0  0.0  0.0  0.0  0.0  0.0  0.0  0.0  0.0  0.0  0.0  0.0  0.0  0.0  0.0
  0.0  0.0  0.0  0.0  0.0  0.0  0.0  0.0  0.0  0.0  0.0  0.0  0.0  0.0  0.0
  0.0 18.2  0.0  0.0  0.0  0.0  0.0  0.0  0.0 18.2  0.0  0.0  0.0  0.0  0.0
  0.0  0.0  0.0  0.0 18.2  0.0 36.4  0.0  0.0  0.0  0.0  0.0  0.0  0.0  0.0
  0.0  0.0  0.0  0.0  0.0  0.0  0.0  0.0  0.0 18.2 72.7  0.0  0.0  0.0  0.0
  0.0  0.0  0.0  0.0  0.0 18.2  0.0 18.2  0.0 36.4  0.0  0.0 18.2  0.0  0.0
     -9.04     -4.53     33.92     -0.74      7.74  0.0  0.0  0.0  0.0  0.0
                                  t000153_s8_p2_ai-el2ap.txt 19.0  5.7  102
  0.0  0.0  0.0 39.2  0.0  0.0  0.0  0.0  0.0  0.0  0.0  0.0  0.0  0.0  0.0
  0.0  0.0  0.0 19.6  0.0  0.0323.5 98.0 58.8 29.4  0.0 29.4  0.0  0.0  0.0
  0.0  0.0107.8  0.0  0.0 39.2  9.8  0.0  0.0  0.0  0.0  0.0  9.8  9.8  0.0
  0.0  0.0  9.8  0.0  0.0  0.0 19.6  9.8  0.0  0.0 58.8  0.0  0.0 98.0  0.0
  0.0  0.0  0.0  0.0  0.0  0.0  0.0  0.0  0.0  0.0  0.0  0.0  0.0  0.0  0.0
  0.0  0.0  0.0  0.0  0.0  0.0  0.0  0.0  0.0  0.0  0.0  0.0  0.0  0.0  0.0
  0.0  0.0  0.0  0.0  0.0  0.0  0.0  0.0  0.0  0.0  0.0  0.0  0.0  0.0  0.0
  0.0  0.0  0.0  0.0  0.0  0.0  0.0  0.0  0.0  0.0  0.0  0.0  0.0  0.0  0.0
  0.0  0.0  0.0  0.0  0.0  0.0  0.0  0.0  0.0  0.0 58.8  0.0  0.0  0.0  9.8
  0.0  0.0  0.0  0.0  0.0  9.8  9.8  0.0 19.6  9.8 19.6  0.0  9.8  0.0  0.0
    -23.81      0.90      6.23     -6.61      3.99  9.8  9.8  0.0  0.0  0.0
                                  t000153_s8_p3_ai-el2ap.txt 13.3  6.6   66
  0.0  0.0  0.0 15.2  0.0  0.0  0.0  0.0  0.0  0.0  0.0  0.0  0.0  0.0  0.0
  0.0  0.0  0.0 15.2  0.0  0.0409.1181.8166.7  0.0  0.0  0.0  0.0  0.0  0.0
  0.0 15.2227.3  0.0  0.0 15.2  0.0  0.0  0.0  0.0  0.0  0.0  0.0  0.0  0.0
  0.0  0.0  0.0  0.0  0.0  0.0 30.3  0.0  0.0  0.0181.8  0.0  0.0 45.5  0.0
  0.0  0.0  0.0  0.0  0.0  0.0  0.0  0.0  0.0  0.0  0.0  0.0  0.0  0.0  0.0
  0.0  0.0  0.0  0.0  0.0  0.0  0.0  0.0  0.0  0.0  0.0  0.0  0.0  0.0  0.0
  0.0  0.0  0.0  0.0  0.0  0.0  0.0  0.0  0.0  0.0  0.0  0.0  0.0  0.0  0.0
  0.0  0.0  0.0  0.0  0.0  0.0  0.0  0.0  0.0  0.0  0.0  0.0  0.0  0.0  0.0
  0.0  0.0  0.0  0.0  0.0  0.0  0.0  0.0  0.0  0.0 45.5  0.0  0.0  0.0  0.0
  0.0  0.0  0.0  0.0  0.0 15.2  0.0  0.0  0.0  0.0  0.0 15.2 30.3  0.0  0.0
    -39.19     -5.73     21.51     -6.61     -3.63  0.0  0.0  0.0  0.0  0.0
                                  t000153_s8_p4_ai-el2ap.txt  9.3  7.0   43
  0.0  0.0  0.0 93.0  0.0  0.0  0.0  0.0  0.0  0.0  0.0  0.0  0.0  0.0  0.0
  0.0  0.0  0.0  0.0  0.0  0.0348.8139.5139.5 23.3  0.0  0.0 23.3 23.3 23.3
  0.0  0.0162.8  0.0  0.0 46.5 23.3  0.0  0.0  0.0  0.0 23.3  0.0  0.0  0.0
  0.0  0.0  0.0  0.0  0.0  0.0  0.0  0.0  0.0 46.5139.5  0.0  0.0116.3  0.0
  0.0  0.0  0.0  0.0  0.0  0.0  0.0  0.0  0.0  0.0  0.0  0.0  0.0  0.0  0.0
  0.0  0.0  0.0  0.0 23.3  0.0  0.0  0.0  0.0  0.0  0.0  0.0  0.0  0.0  0.0
  0.0  0.0 23.3  0.0  0.0  0.0  0.0  0.0  0.0 23.3  0.0  0.0  0.0  0.0  0.0
 23.3  0.0  0.0 23.3 23.3  0.0 46.5  0.0  0.0  0.0  0.0  0.0  0.0  0.0  0.0
  0.0  0.0  0.0  0.0  0.0  0.0  0.0  0.0  0.0 23.3 46.5  0.0  0.0  0.0  0.0
  0.0  0.0  0.0  0.0  0.0  0.0  0.0  0.0  0.0  0.0 23.3  0.0  0.0  0.0  0.0
    -36.11     -0.66     34.94      2.70     -3.63  0.0  0.0  0.0  0.0  0.0
                                  t000153_s8_p5_ai-el2ap.txt 19.3  5.8   91
  0.0  0.0  0.0 87.9  0.0  0.0  0.0  0.0  0.0  0.0  0.0  0.0  0.0  0.0  0.0
  0.0  0.0  0.0  0.0  0.0  0.0384.6109.9 76.9  0.0  0.0 11.0  0.0  0.0 22.0
  0.0  0.0120.9  0.0  0.0 22.0  0.0  0.0  0.0  0.0  0.0  0.0  0.0 22.0  0.0
  0.0  0.0  0.0  0.0 11.0  0.0  0.0 22.0  0.0 22.0109.9  0.0  0.0 98.9 11.0
  0.0  0.0  0.0  0.0  0.0  0.0  0.0  0.0  0.0  0.0  0.0  0.0  0.0  0.0  0.0
  0.0  0.0  0.0  0.0  0.0  0.0  0.0  0.0  0.0  0.0  0.0  0.0  0.0 11.0  0.0
  0.0  0.0  0.0  0.0  0.0  0.0  0.0  0.0  0.0  0.0  0.0  0.0  0.0  0.0  0.0
  0.0  0.0 11.0 11.0  0.0  0.0  0.0  0.0  0.0  0.0  0.0  0.0  0.0  0.0  0.0
  0.0  0.0  0.0  0.0  0.0  0.0  0.0  0.0  0.0 11.0 11.0  0.0  0.0  0.0  0.0
  0.0  0.0 11.0  0.0  0.0  0.0  0.0  0.0  0.0 11.0  0.0  0.0 11.0  0.0  0.0
    -29.86     -3.61     19.11     -6.61     -0.30  0.0  0.0  0.0  0.0  0.0
                                  t000153_s8_p6_ai-el2ap.txt 31.3  5.6  176
  5.7  0.0  0.0 45.5  0.0  0.0  5.7  5.7  0.0  0.0  0.0  0.0  0.0  5.7  0.0
  0.0  0.0  5.7  5.7  0.0  0.0329.5147.7 79.5 28.4  5.7  5.7  0.0  0.0  5.7
  5.7  0.0108.0  0.0  0.0 28.4 11.4  0.0  0.0 11.4  0.0 11.4  0.0  5.7  0.0
  5.7  5.7  0.0  0.0  0.0  5.7 22.7 11.4  0.0 11.4108.0  5.7  0.0 85.2  0.0
  0.0  0.0  0.0  0.0  0.0  0.0  0.0  0.0  0.0  0.0  0.0  0.0  0.0  0.0  0.0
  0.0  0.0  0.0  0.0  0.0  0.0  0.0  0.0  0.0  0.0  0.0  0.0  0.0  0.0  0.0
  0.0  0.0  0.0  0.0  0.0  0.0  0.0  0.0  0.0  0.0  0.0  0.0  0.0  0.0  0.0
  0.0  0.0  0.0  0.0  0.0  0.0  0.0  0.0  0.0  0.0  0.0  0.0  0.0  0.0  0.0
  0.0  0.0  0.0  0.0  0.0  0.0  0.0  5.7 17.0  0.0 39.8  0.0  0.0  0.0  0.0
  0.0  0.0  0.0  0.0  0.0  5.7 11.4  0.0  5.7 11.4  0.0  5.7 11.4  0.0  0.0
    -21.85     -3.45     14.86      3.11     -0.93  0.0  0.0  0.0  0.0  0.0
