                                    t000288_s19_p10_qjpp.txt 16.0  5.0   85
 23.5  0.0  0.0 94.1  0.0 11.8  0.0  0.0 11.8  0.0  0.0  0.0  0.0  0.0  0.0
  0.0  0.0  0.0 11.8  0.0  0.0305.9152.9 47.1  0.0  0.0  0.0 11.8  0.0  0.0
  0.0  0.0  0.0  0.0  0.0 47.1  0.0  0.0  0.0  0.0  0.0  0.0 11.8 11.8 11.8
  0.0 11.8  0.0  0.0  0.0  0.0 23.5 23.5  0.0  0.0 47.1 11.8  0.0 94.1  0.0
 23.5  0.0  0.0  0.0  0.0  0.0  0.0  0.0  0.0  0.0  0.0  0.0  0.0  0.0  0.0
  0.0  0.0  0.0  0.0  0.0  0.0  0.0  0.0  0.0  0.0  0.0  0.0  0.0  0.0  0.0
  0.0  0.0  0.0  0.0  0.0  0.0  0.0  0.0  0.0  0.0  0.0  0.0  0.0  0.0  0.0
  0.0  0.0  0.0  0.0  0.0  0.0  0.0  0.0  0.0  0.0  0.0  0.0  0.0  0.0  0.0
  0.0  0.0  0.0  0.0  0.0  0.0  0.0  0.0 11.8  0.0 11.8 23.5 11.8  0.0 11.8
  0.0  0.0  0.0  0.0  0.0  0.0  0.0  0.0  0.0 23.5  0.0  0.0 23.5  0.0  0.0
    -16.95     -3.55     -1.70     -6.61     14.56  0.0  0.0  0.0  0.0  0.0
                                    t000288_s19_p11_qjpp.txt  5.5  4.3   23
  0.0  0.0  0.0130.4  0.0  0.0  0.0  0.0  0.0 43.5  0.0  0.0  0.0  0.0  0.0
  0.0  0.0  0.0  0.0  0.0  0.0173.9  0.0  0.0  0.0  0.0  0.0  0.0  0.0  0.0
  0.0  0.0  0.0 43.5 43.5 43.5 87.0  0.0  0.0  0.0  0.0  0.0  0.0  0.0  0.0
  0.0  0.0  0.0  0.0  0.0  0.0  0.0  0.0  0.0  0.0 87.0  0.0  0.0217.4  0.0
  0.0  0.0  0.0  0.0  0.0  0.0  0.0  0.0  0.0  0.0  0.0  0.0  0.0  0.0  0.0
  0.0  0.0  0.0  0.0  0.0  0.0  0.0  0.0  0.0  0.0  0.0  0.0  0.0  0.0  0.0
  0.0  0.0  0.0 43.5  0.0  0.0  0.0  0.0  0.0  0.0  0.0  0.0  0.0  0.0  0.0
  0.0  0.0  0.0  0.0 43.5  0.0 43.5  0.0  0.0  0.0  0.0  0.0  0.0  0.0  0.0
  0.0  0.0  0.0  0.0  0.0  0.0  0.0 43.5  0.0  0.0  0.0  0.0  0.0  0.0  0.0
  0.0  0.0  0.0  0.0  0.0  0.0  0.0 43.5  0.0  0.0  0.0  0.0 43.5  0.0  0.0
     -4.33     -5.73    -26.71     -6.61     -3.63  0.0  0.0  0.0  0.0  0.0
                                    t000288_s19_p12_qjpp.txt  5.3  4.3   21
  0.0  0.0  0.0142.9  0.0  0.0  0.0  0.0  0.0  0.0 47.6  0.0  0.0  0.0  0.0
  0.0  0.0 47.6  0.0  0.0  0.0285.7 47.6 47.6  0.0  0.0  0.0  0.0  0.0  0.0
  0.0  0.0  0.0 47.6  0.0  0.0 47.6  0.0  0.0  0.0  0.0  0.0  0.0  0.0  0.0
  0.0  0.0  0.0  0.0 47.6 47.6  0.0  0.0  0.0  0.0 95.2  0.0  0.0190.5  0.0
  0.0  0.0  0.0  0.0  0.0  0.0  0.0  0.0  0.0  0.0  0.0  0.0  0.0  0.0  0.0
  0.0  0.0  0.0  0.0  0.0  0.0  0.0  0.0  0.0  0.0  0.0  0.0  0.0  0.0  0.0
  0.0  0.0  0.0  0.0  0.0  0.0  0.0  0.0  0.0  0.0  0.0  0.0  0.0  0.0  0.0
  0.0  0.0  0.0  0.0  0.0  0.0  0.0  0.0  0.0  0.0  0.0  0.0  0.0  0.0  0.0
  0.0  0.0  0.0  0.0  0.0  0.0  0.0  0.0  0.0  0.0 47.6  0.0  0.0  0.0  0.0
  0.0  0.0  0.0  0.0  0.0  0.0  0.0 47.6  0.0  0.0  0.0  0.0  0.0  0.0  0.0
      0.80     -5.73    -12.63     -6.61     -3.63  0.0  0.0  0.0  0.0  0.0
                                    t000288_s19_p13_qjpp.txt  5.5  4.2   22
  0.0  0.0  0.0136.4  0.0  0.0  0.0 45.5  0.0  0.0 45.5  0.0  0.0  0.0  0.0
 45.5  0.0  0.0  0.0  0.0  0.0272.7136.4  0.0  0.0  0.0  0.0  0.0  0.0  0.0
  0.0  0.0  0.0 45.5  0.0  0.0  0.0 45.5  0.0  0.0  0.0  0.0  0.0  0.0  0.0
  0.0  0.0  0.0  0.0 45.5 45.5  0.0  0.0  0.0  0.0 45.5  0.0  0.0136.4  0.0
  0.0  0.0  0.0  0.0  0.0  0.0  0.0  0.0  0.0  0.0  0.0  0.0  0.0  0.0  0.0
  0.0  0.0  0.0  0.0  0.0  0.0  0.0  0.0  0.0  0.0  0.0  0.0  0.0  0.0  0.0
  0.0  0.0  0.0  0.0  0.0  0.0  0.0  0.0  0.0  0.0  0.0  0.0 45.5  0.0  0.0
  0.0  0.0  0.0  0.0  0.0  0.0  0.0 45.5  0.0  0.0  0.0  0.0  0.0  0.0  0.0
  0.0  0.0  0.0  0.0  0.0  0.0  0.0 45.5  0.0  0.0  0.0  0.0  0.0  0.0  0.0
  0.0  0.0  0.0  0.0  0.0  0.0  0.0  0.0  0.0  0.0  0.0  0.0  0.0  0.0  0.0
     14.75     -5.73    -12.01      4.22     -3.63  0.0  0.0  0.0  0.0  0.0
                                    t000288_s19_p14_qjpp.txt  4.5  3.7   19
  0.0  0.0  0.0 52.6  0.0  0.0  0.0  0.0  0.0  0.0  0.0  0.0  0.0  0.0  0.0
  0.0  0.0  0.0  0.0  0.0  0.0315.8 52.6  0.0  0.0  0.0 52.6  0.0  0.0  0.0
  0.0  0.0  0.0 52.6  0.0  0.0  0.0  0.0  0.0  0.0  0.0  0.0  0.0  0.0  0.0
  0.0  0.0  0.0  0.0  0.0  0.0  0.0  0.0  0.0  0.0 52.6  0.0  0.0105.3  0.0
  0.0  0.0  0.0  0.0  0.0  0.0  0.0  0.0  0.0  0.0  0.0  0.0  0.0  0.0  0.0
  0.0  0.0  0.0  0.0  0.0  0.0  0.0  0.0  0.0  0.0  0.0  0.0  0.0  0.0  0.0
  0.0  0.0  0.0  0.0  0.0  0.0  0.0  0.0  0.0  0.0  0.0  0.0  0.0  0.0  0.0
  0.0  0.0  0.0  0.0  0.0  0.0  0.0  0.0  0.0  0.0  0.0  0.0  0.0  0.0  0.0
  0.0  0.0  0.0  0.0  0.0  0.0  0.0  0.0  0.0  0.0  0.0  0.0  0.0  0.0  0.0
  0.0  0.0  0.0  0.0  0.0  0.0  0.0  0.0  0.0  0.0  0.0 52.6  0.0  0.0  0.0
    -17.47      4.39    -14.06     -6.61     -3.63  0.0  0.0  0.0  0.0  0.0
                                    t000288_s19_p15_qjpp.txt 19.3  5.0  118
 25.4  0.0  0.0 59.3  0.0  0.0  8.5  0.0  0.0  0.0  0.0  0.0  0.0  0.0  8.5
  0.0  0.0  0.0 25.4  0.0  0.0364.4135.6 67.8  0.0  0.0  0.0  8.5  0.0  0.0
  0.0  0.0  0.0  0.0  0.0  8.5  8.5  0.0  0.0  0.0  0.0  0.0  0.0  0.0  0.0
  0.0 25.4  0.0  8.5  8.5  0.0 50.8  0.0  0.0  0.0 93.2  0.0  8.5 67.8  0.0
 25.4  0.0  0.0  0.0  0.0  0.0  0.0  0.0  0.0  0.0  0.0  0.0  0.0  0.0  0.0
  0.0  0.0  0.0  0.0  0.0  0.0  0.0  0.0  0.0  0.0  0.0  0.0  0.0  0.0  0.0
  0.0  0.0  0.0  0.0  0.0  0.0  0.0  0.0  0.0  0.0  0.0  0.0  0.0  0.0  0.0
  0.0  0.0  0.0  0.0  0.0  0.0  0.0  0.0  0.0  0.0  0.0  0.0  0.0  0.0  0.0
  0.0  0.0  0.0  0.0  0.0  0.0  0.0  0.0  0.0  8.5 33.9 25.4  0.0  0.0  0.0
  0.0  0.0  0.0  0.0  0.0  0.0  0.0  8.5  0.0 16.9  0.0  0.0  0.0  0.0  0.0
    -12.58     -4.16      0.49     -6.61     -3.63  0.0  0.0  0.0  0.0  0.0
                                    t000288_s19_p16_qjpp.txt  9.8  4.8   51
 39.2 19.6  0.0137.3  0.0  0.0  0.0  0.0 19.6 19.6  0.0  0.0  0.0  0.0  0.0
  0.0  0.0  0.0  0.0  0.0  0.0215.7 98.0 58.8  0.0  0.0  0.0  0.0  0.0  0.0
  0.0  0.0  0.0  0.0  0.0 58.8  0.0 19.6  0.0  0.0  0.0  0.0  0.0 19.6  0.0
  0.0  0.0  0.0  0.0  0.0 19.6  0.0 19.6  0.0  0.0 58.8 19.6  0.0117.6  0.0
  0.0  0.0  0.0  0.0  0.0  0.0  0.0  0.0  0.0  0.0  0.0  0.0  0.0  0.0  0.0
  0.0  0.0  0.0  0.0 19.6  0.0  0.0  0.0  0.0  0.0  0.0  0.0  0.0  0.0  0.0
  0.0  0.0  0.0  0.0  0.0  0.0  0.0  0.0  0.0  0.0  0.0  0.0  0.0  0.0  0.0
 19.6  0.0  0.0 19.6  0.0  0.0  0.0  0.0  0.0  0.0  0.0  0.0  0.0  0.0  0.0
  0.0  0.0  0.0  0.0  0.0  0.0  0.0  0.0  0.0  0.0 19.6  0.0 19.6  0.0  0.0
  0.0  0.0  0.0  0.0  0.0  0.0  0.0  0.0  0.0 19.6  0.0 19.6 39.2  0.0  0.0
     -7.61     -5.73     -2.37     -1.94     -0.66  0.0  0.0  0.0  0.0  0.0
                                    t000288_s19_p17_qjpp.txt  7.0  3.8   30
  0.0  0.0  0.0100.0  0.0  0.0  0.0  0.0 33.3  0.0  0.0  0.0  0.0  0.0  0.0
  0.0  0.0  0.0  0.0  0.0 33.3266.7100.0 33.3  0.0 33.3  0.0  0.0  0.0  0.0
  0.0  0.0  0.0 33.3  0.0  0.0  0.0  0.0  0.0  0.0  0.0  0.0  0.0  0.0  0.0
  0.0  0.0 33.3  0.0  0.0  0.0  0.0  0.0  0.0  0.0 66.7 66.7  0.0100.0  0.0
  0.0  0.0  0.0  0.0  0.0  0.0  0.0  0.0  0.0  0.0  0.0  0.0  0.0  0.0  0.0
  0.0  0.0  0.0  0.0  0.0  0.0  0.0  0.0  0.0  0.0  0.0  0.0  0.0  0.0  0.0
  0.0  0.0  0.0  0.0  0.0 33.3  0.0  0.0  0.0  0.0  0.0  0.0  0.0  0.0  0.0
  0.0  0.0  0.0  0.0  0.0 33.3 33.3  0.0  0.0  0.0  0.0  0.0  0.0  0.0  0.0
  0.0  0.0  0.0  0.0  0.0  0.0  0.0 33.3  0.0  0.0 33.3  0.0  0.0  0.0 33.3
 33.3  0.0  0.0  0.0  0.0  0.0  0.0  0.0  0.0  0.0  0.0  0.0  0.0  0.0  0.0
     -4.88     -4.25     -8.55     -6.61     -3.63  0.0  0.0  0.0  0.0  0.0
                                    t000288_s19_p18_qjpp.txt  4.5  4.4   18
  0.0  0.0  0.0111.1  0.0  0.0  0.0111.1  0.0  0.0  0.0  0.0  0.0  0.0  0.0
  0.0  0.0  0.0  0.0  0.0  0.0277.8  0.0  0.0  0.0  0.0  0.0  0.0  0.0  0.0
  0.0  0.0  0.0 55.6  0.0  0.0  0.0  0.0  0.0  0.0  0.0  0.0  0.0  0.0  0.0
  0.0  0.0 55.6  0.0  0.0  0.0  0.0  0.0  0.0  0.0111.1  0.0  0.0111.1  0.0
  0.0  0.0  0.0  0.0  0.0  0.0  0.0  0.0  0.0  0.0  0.0  0.0  0.0  0.0  0.0
  0.0  0.0  0.0  0.0  0.0  0.0  0.0  0.0  0.0  0.0  0.0  0.0  0.0  0.0  0.0
  0.0  0.0  0.0  0.0  0.0  0.0  0.0  0.0  0.0  0.0  0.0  0.0  0.0  0.0  0.0
  0.0  0.0  0.0  0.0  0.0  0.0  0.0  0.0  0.0  0.0  0.0  0.0  0.0  0.0  0.0
  0.0  0.0  0.0  0.0  0.0  0.0  0.0  0.0  0.0  0.0 55.6  0.0  0.0  0.0  0.0
  0.0  0.0  0.0  0.0  0.0  0.0  0.0  0.0  0.0  0.0  0.0  0.0  0.0  0.0  0.0
     12.06     -5.73    -14.90     -6.61     -3.63  0.0  0.0  0.0  0.0  0.0
                                    t000288_s19_p19_qjpp.txt 10.3  5.2   56
  0.0  0.0  0.0 71.4  0.0  0.0  0.0  0.0  0.0 17.9 17.9  0.0  0.0  0.0  0.0
  0.0  0.0 17.9 17.9  0.0  0.0321.4196.4  0.0  0.0  0.0 17.9 17.9  0.0  0.0
  0.0  0.0  0.0  0.0  0.0 17.9  0.0 17.9  0.0  0.0  0.0  0.0 17.9 35.7  0.0
  0.0  0.0 17.9  0.0 17.9 35.7 17.9 35.7  0.0  0.0 17.9  0.0  0.0107.1 17.9
  0.0  0.0  0.0  0.0  0.0  0.0  0.0  0.0  0.0  0.0  0.0  0.0  0.0  0.0  0.0
  0.0  0.0  0.0 17.9  0.0  0.0  0.0  0.0  0.0  0.0  0.0  0.0  0.0  0.0  0.0
  0.0  0.0  0.0  0.0  0.0  0.0  0.0  0.0  0.0  0.0  0.0  0.0  0.0  0.0  0.0
 17.9  0.0  0.0 17.9  0.0  0.0  0.0  0.0  0.0  0.0  0.0  0.0  0.0  0.0  0.0
  0.0  0.0  0.0  0.0  0.0  0.0  0.0  0.0 17.9  0.0  0.0  0.0  0.0 35.7  0.0
  0.0  0.0  0.0  0.0  0.0  0.0  0.0  0.0 17.9  0.0  0.0  0.0 17.9  0.0  0.0
    -13.26      1.01     -0.04     -2.35     12.95  0.0  0.0  0.0  0.0  0.0
                                    t000288_s19_p20_qjpp.txt  5.5  3.9   22
  0.0  0.0  0.0 90.9  0.0  0.0 45.5  0.0  0.0  0.0  0.0  0.0  0.0  0.0  0.0
  0.0  0.0  0.0  0.0  0.0  0.0363.6 45.5  0.0  0.0 45.5  0.0  0.0  0.0  0.0
  0.0  0.0  0.0 45.5  0.0  0.0  0.0  0.0  0.0  0.0  0.0  0.0  0.0  0.0  0.0
  0.0  0.0  0.0  0.0  0.0  0.0  0.0  0.0  0.0  0.0 45.5 45.5  0.0 90.9  0.0
  0.0  0.0  0.0  0.0  0.0  0.0  0.0  0.0  0.0  0.0  0.0  0.0  0.0  0.0  0.0
  0.0  0.0  0.0  0.0  0.0  0.0  0.0  0.0  0.0  0.0  0.0  0.0  0.0  0.0  0.0
  0.0  0.0  0.0  0.0  0.0  0.0  0.0  0.0  0.0  0.0  0.0  0.0  0.0  0.0  0.0
  0.0  0.0  0.0  0.0  0.0  0.0  0.0  0.0  0.0  0.0  0.0  0.0  0.0  0.0  0.0
  0.0  0.0  0.0  0.0  0.0  0.0  0.0 45.5  0.0  0.0 90.9  0.0  0.0 45.5  0.0
  0.0  0.0  0.0  0.0  0.0  0.0  0.0 45.5  0.0  0.0  0.0  0.0  0.0  0.0  0.0
     -8.38     -3.71    -12.01     -6.61     -3.63  0.0  0.0  0.0  0.0  0.0
                                    t000288_s19_p21_qjpp.txt  4.8  3.3   21
  0.0  0.0  0.0142.9  0.0  0.0 47.6  0.0  0.0  0.0  0.0  0.0  0.0  0.0  0.0
  0.0  0.0  0.0  0.0  0.0  0.0238.1  0.0 47.6 47.6 47.6  0.0 47.6  0.0  0.0
  0.0 47.6  0.0 47.6  0.0  0.0  0.0 47.6  0.0  0.0  0.0  0.0  0.0  0.0  0.0
  0.0  0.0  0.0  0.0  0.0 47.6 47.6  0.0  0.0  0.0 47.6 47.6  0.0190.5  0.0
  0.0  0.0  0.0  0.0  0.0  0.0  0.0  0.0  0.0  0.0  0.0  0.0  0.0  0.0  0.0
  0.0  0.0  0.0  0.0  0.0  0.0  0.0  0.0  0.0  0.0  0.0  0.0  0.0  0.0  0.0
  0.0  0.0  0.0  0.0  0.0  0.0  0.0  0.0  0.0  0.0  0.0  0.0  0.0  0.0  0.0
  0.0  0.0  0.0  0.0  0.0  0.0  0.0  0.0  0.0  0.0  0.0  0.0  0.0  0.0  0.0
  0.0  0.0  0.0  0.0  0.0  0.0  0.0  0.0  0.0  0.0 47.6  0.0  0.0 47.6  0.0
  0.0 47.6  0.0  0.0  0.0  0.0  0.0 95.2 47.6  0.0  0.0  0.0  0.0  0.0  0.0
     -2.07      6.77      5.00      4.73     -3.63  0.0  0.0  0.0  0.0  0.0
                                    t000288_s19_p22_qjpp.txt  4.3  4.3   17
  0.0  0.0  0.0 58.8  0.0  0.0 58.8  0.0  0.0  0.0  0.0  0.0  0.0  0.0  0.0
  0.0  0.0 58.8  0.0  0.0  0.0235.3  0.0 58.8  0.0 58.8  0.0  0.0  0.0  0.0
  0.0  0.0  0.0 58.8  0.0  0.0  0.0  0.0  0.0  0.0  0.0  0.0  0.0  0.0  0.0
  0.0 58.8  0.0  0.0  0.0 58.8 58.8  0.0  0.0  0.0 58.8 58.8  0.0 58.8  0.0
  0.0  0.0  0.0  0.0  0.0  0.0  0.0  0.0  0.0  0.0  0.0  0.0  0.0  0.0  0.0
  0.0  0.0  0.0  0.0  0.0  0.0  0.0  0.0  0.0  0.0  0.0  0.0  0.0  0.0  0.0
  0.0  0.0  0.0  0.0  0.0  0.0  0.0  0.0  0.0  0.0  0.0  0.0  0.0  0.0  0.0
  0.0  0.0  0.0  0.0  0.0  0.0  0.0  0.0  0.0  0.0  0.0  0.0  0.0  0.0  0.0
  0.0  0.0  0.0  0.0  0.0  0.0  0.0  0.0 58.8  0.0 58.8  0.0  0.0  0.0  0.0
  0.0  0.0  0.0  0.0  0.0  0.0  0.0  0.0  0.0  0.0  0.0  0.0  0.0  0.0  0.0
     11.58     -3.11    -15.83     -6.61     -3.63  0.0  0.0  0.0  0.0  0.0
                                    t000288_s19_p23_qjpp.txt  6.0  4.1   24
  0.0  0.0  0.0 83.3  0.0  0.0 41.7  0.0  0.0  0.0  0.0  0.0  0.0  0.0  0.0
  0.0  0.0  0.0  0.0  0.0  0.0333.3 83.3 83.3  0.0 41.7  0.0  0.0  0.0  0.0
  0.0  0.0  0.0 83.3  0.0  0.0  0.0  0.0  0.0  0.0  0.0  0.0  0.0  0.0  0.0
  0.0  0.0  0.0  0.0  0.0  0.0  0.0  0.0  0.0  0.0 83.3 41.7  0.0 83.3  0.0
  0.0  0.0  0.0  0.0  0.0  0.0  0.0  0.0  0.0  0.0  0.0  0.0  0.0  0.0  0.0
  0.0  0.0  0.0  0.0  0.0  0.0  0.0  0.0  0.0  0.0  0.0  0.0  0.0  0.0  0.0
  0.0  0.0  0.0  0.0  0.0  0.0  0.0  0.0  0.0  0.0  0.0  0.0  0.0  0.0  0.0
  0.0  0.0  0.0  0.0  0.0  0.0  0.0  0.0  0.0  0.0  0.0  0.0  0.0  0.0  0.0
  0.0  0.0  0.0  0.0  0.0  0.0  0.0  0.0  0.0 41.7  0.0 41.7  0.0 41.7  0.0
  0.0  0.0  0.0  0.0  0.0  0.0  0.0  0.0  0.0  0.0  0.0  0.0  0.0  0.0  0.0
    -14.90     -3.88    -22.84     -6.61     -3.63  0.0  0.0  0.0  0.0  0.0
                                    t000288_s19_p24_qjpp.txt  5.8  4.6   23
  0.0  0.0  0.0 87.0  0.0  0.0 43.5  0.0  0.0  0.0  0.0  0.0  0.0  0.0  0.0
  0.0  0.0  0.0  0.0  0.0  0.0304.3 87.0 43.5 43.5  0.0  0.0  0.0  0.0  0.0
  0.0  0.0  0.0 43.5  0.0  0.0  0.0  0.0  0.0  0.0  0.0  0.0  0.0 43.5  0.0
  0.0  0.0  0.0  0.0  0.0  0.0  0.0 43.5  0.0  0.0 43.5  0.0  0.0130.4  0.0
  0.0  0.0  0.0  0.0  0.0  0.0  0.0  0.0  0.0  0.0  0.0  0.0  0.0  0.0  0.0
  0.0  0.0  0.0  0.0  0.0  0.0  0.0  0.0  0.0  0.0  0.0  0.0  0.0  0.0  0.0
  0.0  0.0  0.0  0.0  0.0  0.0  0.0  0.0  0.0  0.0  0.0  0.0  0.0  0.0  0.0
  0.0  0.0  0.0  0.0  0.0  0.0  0.0  0.0  0.0  0.0  0.0  0.0  0.0  0.0  0.0
  0.0  0.0  0.0  0.0  0.0  0.0  0.0  0.0 43.5  0.0 43.5  0.0  0.0  0.0  0.0
  0.0  0.0  0.0  0.0  0.0  0.0  0.0  0.0  0.0  0.0  0.0  0.0  0.0  0.0  0.0
    -12.83     -4.30    -11.45     -6.61      2.96  0.0  0.0  0.0  0.0  0.0
                                    t000288_s19_p25_qjpp.txt  5.5  3.7   23
  0.0  0.0  0.0 87.0  0.0  0.0 43.5  0.0  0.0  0.0  0.0  0.0  0.0  0.0  0.0
  0.0  0.0  0.0  0.0  0.0  0.0260.9 87.0  0.0  0.0 43.5  0.0  0.0  0.0  0.0
  0.0  0.0  0.0 43.5  0.0 43.5  0.0  0.0  0.0  0.0 43.5  0.0  0.0  0.0  0.0
  0.0  0.0  0.0  0.0  0.0 43.5  0.0  0.0  0.0  0.0  0.0 43.5  0.0 87.0 43.5
  0.0  0.0  0.0  0.0  0.0  0.0  0.0  0.0  0.0  0.0  0.0  0.0  0.0  0.0  0.0
  0.0  0.0  0.0  0.0  0.0  0.0  0.0  0.0  0.0  0.0  0.0  0.0  0.0  0.0  0.0
  0.0  0.0  0.0  0.0  0.0  0.0  0.0  0.0  0.0  0.0  0.0  0.0  0.0 43.5  0.0
  0.0  0.0  0.0  0.0  0.0  0.0  0.0 43.5  0.0  0.0  0.0  0.0  0.0  0.0  0.0
  0.0  0.0  0.0  0.0  0.0  0.0  0.0  0.0  0.0  0.0 43.5  0.0 43.5 43.5  0.0
  0.0  0.0  0.0  0.0  0.0  0.0  0.0 43.5  0.0  0.0  0.0  0.0  0.0  0.0  0.0
     -7.01     -3.80    -13.92     14.10     -3.63  0.0  0.0  0.0  0.0  0.0
                                    t000288_s19_p26_qjpp.txt 19.0  5.2  101
  0.0  0.0  0.0 59.4  0.0  0.0  0.0  0.0  0.0  0.0  0.0  0.0  0.0  0.0  0.0
  0.0  0.0  9.9  9.9  0.0  0.0316.8158.4 59.4  9.9  0.0  9.9  0.0  0.0  0.0
  0.0  0.0  0.0  9.9  0.0  9.9  9.9  0.0  0.0  0.0  9.9  0.0  0.0 19.8  9.9
  9.9  0.0  0.0  0.0  0.0 19.8  9.9 39.6  0.0  0.0 69.3  0.0  0.0 89.1  0.0
 29.7  0.0  0.0  0.0  0.0  0.0  0.0  0.0  0.0  0.0  0.0  0.0  0.0  0.0  0.0
  0.0  0.0  0.0  0.0  0.0  0.0  0.0  0.0  0.0  0.0  0.0  0.0  0.0  0.0  0.0
  0.0  0.0  0.0  0.0  0.0  0.0  0.0  0.0  0.0  0.0  0.0  0.0  0.0  0.0  0.0
  0.0  0.0  0.0  0.0  0.0  0.0  0.0  0.0  0.0  0.0  0.0  0.0  0.0  0.0  0.0
  0.0  0.0  0.0  0.0  0.0  0.0  0.0  0.0  0.0  9.9  9.9  9.9  9.9 19.8  0.0
  0.0  0.0  0.0  0.0  0.0  9.9  0.0  9.9  0.0  0.0  0.0  0.0 19.8  0.0  0.0
    -23.36     -3.50     -2.42     -1.89     10.18  0.0  0.0  0.0  0.0  0.0
                                    t000288_s19_p27_qjpp.txt  8.0  4.2   33
  0.0  0.0  0.0 60.6  0.0  0.0 30.3  0.0 60.6 30.3  0.0  0.0  0.0  0.0  0.0
  0.0  0.0 60.6  0.0  0.0 30.3212.1 90.9 30.3 30.3  0.0  0.0  0.0  0.0  0.0
  0.0  0.0  0.0 30.3  0.0  0.0  0.0  0.0 30.3  0.0  0.0  0.0  0.0  0.0  0.0
  0.0  0.0 30.3  0.0  0.0 60.6  0.0  0.0  0.0  0.0 90.9 60.6  0.0 90.9  0.0
  0.0  0.0  0.0  0.0  0.0  0.0  0.0  0.0  0.0  0.0  0.0  0.0  0.0  0.0  0.0
  0.0  0.0  0.0 30.3  0.0  0.0  0.0  0.0  0.0  0.0  0.0  0.0  0.0  0.0  0.0
  0.0  0.0  0.0  0.0  0.0  0.0  0.0  0.0  0.0  0.0  0.0  0.0  0.0  0.0  0.0
 30.3  0.0  0.0 30.3  0.0  0.0  0.0  0.0  0.0  0.0  0.0  0.0  0.0  0.0  0.0
  0.0  0.0  0.0  0.0  0.0  0.0  0.0  0.0  0.0  0.0  0.0  0.0  0.0  0.0 30.3
  0.0  0.0  0.0  0.0 30.3  0.0  0.0 30.3  0.0 30.3  0.0  0.0  0.0  0.0  0.0
     22.81     -4.73     -7.68      3.17     -3.63  0.0  0.0  0.0  0.0  0.0
                                    t000288_s19_p28_qjpp.txt  4.5  2.9   18
  0.0  0.0  0.0166.7  0.0  0.0 55.6  0.0 55.6 55.6  0.0  0.0  0.0  0.0  0.0
  0.0  0.0  0.0  0.0  0.0  0.0166.7  0.0 55.6  0.0  0.0  0.0  0.0  0.0  0.0
  0.0 55.6  0.0 55.6  0.0 55.6  0.0  0.0  0.0  0.0  0.0  0.0 55.6  0.0  0.0
  0.0  0.0  0.0  0.0  0.0  0.0 55.6  0.0  0.0  0.0 55.6 55.6  0.0166.7  0.0
  0.0  0.0  0.0  0.0  0.0  0.0  0.0  0.0  0.0  0.0  0.0  0.0  0.0  0.0  0.0
  0.0  0.0  0.0  0.0  0.0  0.0  0.0  0.0  0.0  0.0  0.0  0.0  0.0  0.0  0.0
  0.0  0.0  0.0  0.0  0.0  0.0  0.0  0.0  0.0  0.0  0.0  0.0  0.0  0.0  0.0
  0.0  0.0  0.0  0.0  0.0  0.0  0.0  0.0  0.0  0.0  0.0  0.0  0.0  0.0  0.0
  0.0  0.0  0.0  0.0  0.0  0.0  0.0  0.0  0.0  0.0  0.0  0.0  0.0  0.0  0.0
  0.0  0.0  0.0  0.0  0.0  0.0  0.0111.1  0.0  0.0  0.0  0.0  0.0  0.0  0.0
     12.81     -5.73      2.52     -6.61     31.10  0.0  0.0  0.0  0.0  0.0
                                    t000288_s19_p29_qjpp.txt  4.0  3.6   16
  0.0  0.0  0.0125.0  0.0  0.0 62.5  0.0  0.0  0.0  0.0  0.0  0.0  0.0  0.0
  0.0 62.5  0.0  0.0  0.0  0.0187.5 62.5  0.0 62.5 62.5  0.0  0.0  0.0  0.0
  0.0  0.0  0.0 62.5  0.0  0.0  0.0  0.0  0.0  0.0  0.0  0.0  0.0  0.0  0.0
  0.0  0.0  0.0  0.0  0.0  0.0  0.0  0.0 62.5  0.0  0.0 62.5  0.0187.5  0.0
  0.0  0.0  0.0  0.0  0.0  0.0  0.0  0.0  0.0  0.0  0.0  0.0  0.0  0.0  0.0
  0.0  0.0  0.0  0.0  0.0  0.0  0.0  0.0  0.0  0.0  0.0  0.0  0.0  0.0  0.0
  0.0  0.0  0.0  0.0  0.0  0.0  0.0  0.0  0.0  0.0  0.0  0.0  0.0  0.0  0.0
  0.0  0.0  0.0  0.0  0.0  0.0  0.0  0.0  0.0  0.0  0.0  0.0  0.0  0.0  0.0
  0.0  0.0  0.0  0.0  0.0  0.0  0.0  0.0  0.0  0.0  0.0  0.0  0.0  0.0  0.0
  0.0  0.0  0.0  0.0  0.0  0.0  0.0 62.5  0.0  0.0  0.0  0.0  0.0  0.0  0.0
    105.32     -0.89    -16.88     -6.61     -3.63  0.0  0.0  0.0  0.0  0.0
                                    t000288_s19_p30_qjpp.txt  6.0  3.8   24
  0.0  0.0  0.0 83.3  0.0  0.0  0.0  0.0  0.0  0.0  0.0  0.0  0.0  0.0  0.0
  0.0  0.0  0.0  0.0  0.0  0.0291.7 41.7 83.3 41.7  0.0  0.0  0.0  0.0  0.0
  0.0  0.0  0.0 41.7  0.0  0.0  0.0  0.0  0.0  0.0  0.0  0.0  0.0  0.0  0.0
  0.0  0.0 41.7  0.0  0.0  0.0  0.0  0.0  0.0  0.0 83.3  0.0  0.0125.0  0.0
  0.0  0.0  0.0  0.0  0.0  0.0  0.0  0.0  0.0  0.0  0.0  0.0  0.0  0.0  0.0
  0.0  0.0  0.0  0.0  0.0  0.0  0.0  0.0  0.0  0.0  0.0  0.0  0.0  0.0  0.0
  0.0  0.0  0.0  0.0  0.0  0.0  0.0  0.0  0.0  0.0  0.0  0.0  0.0  0.0  0.0
  0.0  0.0  0.0  0.0  0.0  0.0  0.0  0.0  0.0  0.0  0.0  0.0  0.0  0.0  0.0
  0.0  0.0  0.0  0.0  0.0  0.0  0.0  0.0  0.0  0.0  0.0  0.0  0.0  0.0  0.0
  0.0  0.0 41.7  0.0  0.0  0.0  0.0 83.3  0.0  0.0  0.0  0.0  0.0  0.0  0.0
    -20.04     -4.36    -10.93     -6.61     -3.63  0.0  0.0  0.0  0.0  0.0
                                    t000288_s19_p31_qjpp.txt 13.0  4.5   74
 27.0  0.0  0.0135.1  0.0  0.0 27.0  0.0  0.0  0.0  0.0  0.0  0.0  0.0  0.0
  0.0  0.0 27.0 13.5  0.0  0.0229.7121.6 40.5  0.0  0.0  0.0  0.0  0.0  0.0
  0.0  0.0  0.0 13.5  0.0 40.5  0.0  0.0  0.0  0.0  0.0  0.0 13.5 13.5 13.5
  0.0 27.0  0.0  0.0  0.0 27.0 40.5 27.0  0.0  0.0 54.1  0.0 13.5148.6 27.0
 27.0  0.0  0.0  0.0  0.0  0.0  0.0  0.0  0.0  0.0  0.0  0.0  0.0  0.0  0.0
  0.0  0.0  0.0  0.0  0.0  0.0  0.0  0.0  0.0  0.0  0.0  0.0  0.0  0.0  0.0
  0.0  0.0  0.0  0.0  0.0  0.0  0.0  0.0  0.0  0.0  0.0  0.0  0.0  0.0  0.0
  0.0  0.0  0.0  0.0  0.0  0.0  0.0  0.0  0.0  0.0  0.0  0.0  0.0  0.0  0.0
  0.0  0.0  0.0  0.0  0.0  0.0  0.0  0.0  0.0  0.0  0.0  0.0  0.0 27.0  0.0
  0.0 27.0  0.0  0.0  0.0  0.0  0.0 27.0  0.0 40.5  0.0  0.0 27.0  0.0  0.0
     -0.66     -5.73     -5.19     -6.61     17.26  0.0  0.0  0.0  0.0  0.0
                                    t000288_s19_p32_qjpp.txt  4.0  3.9   16
  0.0  0.0  0.0 62.5  0.0  0.0 62.5  0.0  0.0 62.5  0.0  0.0  0.0  0.0  0.0
  0.0  0.0  0.0  0.0  0.0 62.5312.5 62.5 62.5  0.0  0.0  0.0  0.0  0.0  0.0
  0.0  0.0  0.0 62.5  0.0  0.0  0.0  0.0  0.0  0.0  0.0  0.0  0.0  0.0  0.0
  0.0  0.0  0.0  0.0  0.0  0.0  0.0  0.0  0.0  0.0 62.5  0.0  0.0 62.5  0.0
  0.0  0.0  0.0  0.0  0.0  0.0  0.0  0.0  0.0  0.0  0.0  0.0  0.0  0.0  0.0
  0.0  0.0  0.0  0.0  0.0  0.0  0.0  0.0  0.0  0.0  0.0  0.0  0.0  0.0  0.0
  0.0  0.0  0.0  0.0  0.0  0.0  0.0  0.0  0.0  0.0  0.0  0.0  0.0  0.0  0.0
  0.0  0.0  0.0  0.0  0.0  0.0  0.0  0.0  0.0  0.0  0.0  0.0  0.0  0.0  0.0
  0.0  0.0  0.0  0.0  0.0  0.0  0.0  0.0  0.0  0.0  0.0  0.0 62.5  0.0  0.0
  0.0  0.0  0.0  0.0 62.5  0.0  0.0  0.0  0.0  0.0  0.0  0.0  0.0  0.0  0.0
     23.67     -5.73    -16.88     -6.61     -3.63  0.0  0.0  0.0  0.0  0.0
                                    t000288_s19_p33_qjpp.txt  5.3  4.9   21
 47.6  0.0  0.0 95.2  0.0  0.0  0.0  0.0 95.2  0.0  0.0  0.0  0.0  0.0  0.0
 47.6  0.0  0.0  0.0  0.0 47.6285.7 95.2 47.6  0.0  0.0  0.0  0.0  0.0  0.0
  0.0  0.0  0.0 47.6  0.0  0.0  0.0  0.0  0.0  0.0  0.0  0.0  0.0  0.0  0.0
  0.0  0.0 47.6  0.0  0.0  0.0  0.0  0.0  0.0  0.0 47.6 95.2  0.0 95.2  0.0
  0.0  0.0  0.0  0.0  0.0  0.0  0.0  0.0  0.0  0.0  0.0  0.0  0.0  0.0  0.0
  0.0  0.0  0.0  0.0  0.0  0.0  0.0  0.0  0.0  0.0  0.0  0.0  0.0  0.0  0.0
  0.0  0.0  0.0  0.0  0.0  0.0  0.0  0.0  0.0  0.0  0.0  0.0  0.0  0.0  0.0
  0.0  0.0  0.0  0.0  0.0  0.0  0.0  0.0  0.0  0.0  0.0  0.0  0.0  0.0  0.0
  0.0  0.0  0.0  0.0  0.0  0.0  0.0  0.0  0.0 47.6 47.6  0.0  0.0  0.0  0.0
  0.0  0.0  0.0  0.0  0.0 47.6  0.0  0.0  0.0 47.6  0.0  0.0  0.0  0.0  0.0
     21.67     -5.73    -12.63     -6.61     -3.63  0.0  0.0  0.0  0.0  0.0
                                    t000288_s19_p34_qjpp.txt  5.5  4.3   22
  0.0  0.0  0.0 90.9  0.0  0.0 45.5  0.0  0.0  0.0  0.0  0.0  0.0  0.0  0.0
 45.5 45.5 45.5  0.0  0.0 45.5227.3 45.5 45.5 45.5 45.5  0.0  0.0  0.0  0.0
  0.0  0.0  0.0 90.9  0.0  0.0  0.0  0.0  0.0  0.0  0.0  0.0  0.0 45.5  0.0
  0.0  0.0  0.0  0.0  0.0 45.5  0.0 45.5 45.5  0.0 45.5 45.5  0.0136.4  0.0
  0.0  0.0  0.0  0.0  0.0  0.0  0.0  0.0  0.0  0.0  0.0  0.0  0.0  0.0  0.0
  0.0  0.0  0.0  0.0  0.0  0.0  0.0  0.0  0.0  0.0  0.0  0.0  0.0  0.0  0.0
  0.0  0.0  0.0  0.0  0.0  0.0  0.0  0.0  0.0  0.0  0.0  0.0  0.0  0.0  0.0
  0.0  0.0  0.0  0.0  0.0  0.0  0.0  0.0  0.0  0.0  0.0  0.0  0.0  0.0  0.0
  0.0  0.0  0.0  0.0  0.0  0.0  0.0  0.0  0.0  0.0 45.5 90.9  0.0  0.0  0.0
  0.0  0.0  0.0  0.0  0.0  0.0  0.0  0.0  0.0  0.0  0.0  0.0  0.0  0.0  0.0
    115.07     -2.21    -25.00     -6.61      3.26  0.0  0.0  0.0  0.0  0.0
                                    t000288_s19_p35_qjpp.txt  8.0  5.2   38
  0.0  0.0  0.0 78.9  0.0  0.0  0.0  0.0  0.0  0.0  0.0  0.0  0.0  0.0 26.3
  0.0  0.0  0.0  0.0  0.0  0.0289.5157.9 52.6  0.0  0.0  0.0  0.0  0.0  0.0
  0.0  0.0  0.0 26.3  0.0 52.6  0.0  0.0 26.3  0.0  0.0  0.0  0.0  0.0  0.0
  0.0  0.0  0.0  0.0  0.0  0.0  0.0  0.0  0.0  0.0 52.6  0.0  0.0 78.9  0.0
  0.0  0.0  0.0  0.0  0.0  0.0  0.0  0.0  0.0  0.0  0.0  0.0  0.0  0.0  0.0
  0.0  0.0  0.0  0.0  0.0  0.0  0.0  0.0  0.0  0.0  0.0  0.0  0.0  0.0  0.0
  0.0  0.0  0.0  0.0  0.0  0.0  0.0  0.0  0.0  0.0  0.0  0.0  0.0 26.3  0.0
  0.0  0.0  0.0  0.0  0.0  0.0  0.0 26.3  0.0  0.0  0.0  0.0  0.0  0.0  0.0
  0.0  0.0  0.0  0.0  0.0  0.0  0.0  0.0  0.0  0.0 26.3  0.0  0.0  0.0  0.0
  0.0  0.0  0.0  0.0  0.0  0.0  0.0 26.3  0.0  0.0  0.0  0.0 26.3  0.0  0.0
     -6.28     -5.73     -9.54      1.88     -3.63  0.0  0.0  0.0  0.0  0.0
                                    t000288_s19_p36_qjpp.txt  4.0  4.9   16
  0.0  0.0  0.0125.0  0.0  0.0 62.5  0.0  0.0  0.0  0.0  0.0  0.0  0.0  0.0
  0.0  0.0  0.0  0.0  0.0  0.0375.0  0.0  0.0  0.0  0.0 62.5  0.0  0.0  0.0
  0.0  0.0  0.0 62.5  0.0 62.5  0.0  0.0  0.0  0.0  0.0 62.5  0.0  0.0  0.0
  0.0  0.0  0.0  0.0  0.0  0.0  0.0  0.0  0.0  0.0  0.0  0.0  0.0125.0  0.0
  0.0  0.0  0.0  0.0  0.0  0.0  0.0  0.0  0.0  0.0  0.0  0.0  0.0  0.0  0.0
  0.0  0.0  0.0  0.0  0.0  0.0  0.0  0.0  0.0  0.0  0.0  0.0  0.0  0.0  0.0
  0.0  0.0  0.0  0.0  0.0  0.0  0.0  0.0  0.0  0.0  0.0  0.0  0.0  0.0  0.0
  0.0  0.0  0.0  0.0  0.0  0.0  0.0  0.0  0.0  0.0  0.0  0.0  0.0  0.0  0.0
  0.0  0.0  0.0  0.0  0.0  0.0  0.0 62.5  0.0  0.0 62.5  0.0  0.0  0.0  0.0
  0.0  0.0  0.0  0.0  0.0  0.0  0.0  0.0  0.0  0.0  0.0 62.5  0.0  0.0  0.0
     -4.78      6.29    -20.43     18.39     -3.63  0.0  0.0  0.0  0.0  0.0
                                    t000288_s19_p37_qjpp.txt  6.5  3.9   29
  0.0 34.5  0.0 69.0  0.0  0.0 34.5 34.5 34.5103.4  0.0  0.0  0.0  0.0  0.0
  0.0  0.0  0.0 34.5  0.0  0.0103.4  0.0  0.0137.9  0.0  0.0 34.5  0.0  0.0
  0.0  0.0  0.0 69.0  0.0 34.5  0.0  0.0  0.0  0.0  0.0  0.0 34.5  0.0  0.0
  0.0  0.0 34.5  0.0 34.5  0.0 34.5  0.0  0.0  0.0103.4 34.5  0.0206.9  0.0
  0.0  0.0  0.0  0.0  0.0  0.0  0.0  0.0  0.0  0.0  0.0  0.0  0.0  0.0  0.0
  0.0  0.0  0.0 34.5  0.0  0.0  0.0  0.0  0.0  0.0  0.0  0.0  0.0  0.0  0.0
  0.0  0.0  0.0  0.0  0.0  0.0  0.0  0.0  0.0  0.0  0.0  0.0 34.5  0.0  0.0
 34.5  0.0  0.0 34.5  0.0  0.0  0.0 34.5  0.0  0.0  0.0  0.0  0.0  0.0  0.0
  0.0  0.0  0.0  0.0  0.0  0.0  0.0  0.0  0.0  0.0 34.5  0.0  0.0  0.0  0.0
  0.0  0.0  0.0  0.0  0.0  0.0  0.0  0.0 34.5  0.0  0.0 34.5  0.0 34.5  0.0
     37.52      5.20    -20.69     -6.61     17.93  0.0  0.0  0.0  0.0  0.0
                                    t000288_s19_p38_qjpp.txt  5.5  4.0   23
  0.0  0.0  0.0 87.0  0.0  0.0 43.5  0.0  0.0 43.5  0.0  0.0  0.0  0.0  0.0
  0.0  0.0  0.0  0.0  0.0  0.0173.9  0.0 87.0 43.5 43.5 43.5  0.0  0.0  0.0
  0.0  0.0  0.0 43.5  0.0  0.0  0.0 43.5  0.0  0.0  0.0  0.0  0.0  0.0  0.0
  0.0  0.0  0.0  0.0  0.0 43.5  0.0  0.0  0.0  0.0173.9 43.5  0.0130.4  0.0
  0.0 43.5  0.0  0.0  0.0  0.0  0.0  0.0  0.0  0.0  0.0  0.0  0.0  0.0  0.0
  0.0  0.0  0.0  0.0  0.0  0.0  0.0  0.0  0.0  0.0  0.0  0.0  0.0  0.0  0.0
  0.0  0.0  0.0  0.0  0.0  0.0  0.0  0.0  0.0  0.0  0.0  0.0  0.0  0.0  0.0
  0.0  0.0  0.0  0.0  0.0  0.0  0.0  0.0  0.0  0.0  0.0  0.0  0.0  0.0  0.0
  0.0  0.0  0.0  0.0  0.0  0.0  0.0  0.0  0.0  0.0  0.0  0.0  0.0 43.5  0.0
  0.0 43.5  0.0  0.0  0.0  0.0  0.0 43.5  0.0  0.0  0.0  0.0  0.0  0.0  0.0
     -0.51      6.00    -11.45      3.75     -3.63  0.0  0.0  0.0  0.0  0.0
                                    t000288_s19_p39_qjpp.txt 11.0  4.5   61
  0.0  0.0  0.0 98.4  0.0  0.0 16.4  0.0  0.0 16.4 16.4  0.0  0.0  0.0  0.0
  0.0  0.0 16.4  0.0  0.0  0.0295.1180.3 32.8  0.0  0.0 16.4  0.0  0.0  0.0
  0.0  0.0  0.0  0.0  0.0 16.4  0.0  0.0  0.0  0.0  0.0  0.0 16.4  0.0  0.0
  0.0  0.0  0.0  0.0 16.4 16.4  0.0  0.0  0.0  0.0 65.6  0.0  0.0114.8  0.0
 16.4  0.0  0.0  0.0  0.0  0.0  0.0  0.0  0.0  0.0  0.0  0.0  0.0  0.0  0.0
  0.0  0.0  0.0  0.0  0.0  0.0  0.0  0.0  0.0  0.0  0.0  0.0  0.0  0.0  0.0
  0.0  0.0  0.0  0.0  0.0  0.0  0.0  0.0  0.0  0.0  0.0  0.0  0.0  0.0  0.0
  0.0  0.0  0.0  0.0  0.0  0.0  0.0  0.0  0.0  0.0  0.0  0.0  0.0  0.0  0.0
  0.0  0.0  0.0  0.0  0.0  0.0  0.0  0.0 16.4  0.0 16.4 16.4 16.4 16.4  0.0
  0.0  0.0  0.0  0.0  0.0  0.0  0.0 32.8 16.4  0.0  0.0  0.0  0.0  0.0  0.0
    -12.04     -2.58      0.04     -6.61      6.62  0.0  0.0  0.0  0.0  0.0
                                    t000288_s19_p40_qjpp.txt  5.8  4.0   23
  0.0  0.0  0.0 87.0  0.0  0.0 43.5 43.5  0.0  0.0  0.0  0.0  0.0  0.0  0.0
  0.0  0.0 43.5  0.0  0.0  0.0217.4 43.5 43.5 43.5 43.5 43.5  0.0  0.0  0.0
  0.0  0.0  0.0  0.0  0.0  0.0  0.0  0.0  0.0  0.0  0.0  0.0  0.0  0.0  0.0
  0.0  0.0  0.0  0.0  0.0 43.5  0.0  0.0  0.0  0.0 87.0 43.5  0.0130.4  0.0
  0.0  0.0  0.0  0.0  0.0  0.0  0.0  0.0  0.0  0.0  0.0  0.0  0.0  0.0  0.0
  0.0  0.0  0.0  0.0  0.0  0.0  0.0  0.0  0.0  0.0  0.0  0.0  0.0  0.0  0.0
  0.0  0.0  0.0  0.0  0.0  0.0  0.0  0.0  0.0  0.0  0.0  0.0 43.5  0.0  0.0
  0.0  0.0  0.0  0.0  0.0  0.0  0.0 43.5  0.0  0.0  0.0  0.0  0.0  0.0  0.0
  0.0  0.0  0.0  0.0  0.0  0.0  0.0  0.0  0.0  0.0  0.0  0.0  0.0  0.0  0.0
  0.0  0.0  0.0  0.0  0.0  0.0  0.0  0.0  0.0  0.0  0.0  0.0  0.0  0.0  0.0
     15.52      6.00      0.97     -6.61     -3.63  0.0  0.0  0.0  0.0  0.0
                                    t000288_s19_p41_qjpp.txt  8.8  5.6   44
  0.0  0.0  0.0113.6  0.0  0.0  0.0  0.0  0.0 22.7  0.0  0.0  0.0 22.7  0.0
  0.0  0.0  0.0  0.0  0.0  0.0250.0136.4 22.7  0.0  0.0 45.5 22.7  0.0  0.0
  0.0  0.0  0.0  0.0  0.0136.4 22.7  0.0  0.0  0.0  0.0  0.0 68.2 22.7  0.0
  0.0  0.0  0.0  0.0 22.7  0.0  0.0 22.7  0.0  0.0 45.5  0.0  0.0159.1  0.0
  0.0  0.0  0.0  0.0  0.0  0.0  0.0  0.0  0.0  0.0  0.0  0.0  0.0  0.0  0.0
  0.0  0.0  0.0  0.0  0.0  0.0  0.0  0.0  0.0  0.0  0.0  0.0  0.0  0.0  0.0
  0.0  0.0  0.0  0.0  0.0  0.0  0.0 22.7  0.0  0.0  0.0  0.0  0.0  0.0  0.0
  0.0  0.0  0.0  0.0  0.0 22.7 22.7  0.0  0.0  0.0  0.0  0.0  0.0  0.0  0.0
  0.0  0.0  0.0  0.0  0.0  0.0  0.0  0.0  0.0  0.0 22.7  0.0  0.0  0.0  0.0
  0.0  0.0  0.0  0.0  0.0  0.0  0.0  0.0 22.7 22.7  0.0  0.0  0.0  0.0  0.0
     -8.36      7.22     -6.77     -6.61     42.43  0.0 22.7  0.0  0.0  0.0
                                    t000288_s19_p42_qjpp.txt 16.8  4.9   85
 11.8  0.0  0.0152.9  0.0 11.8  0.0  0.0 23.5  0.0 11.8  0.0  0.0  0.0  0.0
  0.0  0.0 23.5  0.0  0.0  0.0235.3129.4 58.8 23.5 11.8 11.8 35.3  0.0  0.0
  0.0  0.0  0.0 11.8  0.0 47.1 11.8  0.0  0.0  0.0  0.0 11.8 11.8  0.0  0.0
  0.0 11.8 23.5  0.0 11.8 23.5 11.8  0.0  0.0  0.0 82.4 35.3  0.0164.7  0.0
  0.0  0.0  0.0  0.0  0.0  0.0  0.0  0.0  0.0  0.0  0.0  0.0  0.0  0.0  0.0
  0.0  0.0  0.0 23.5  0.0  0.0  0.0  0.0  0.0  0.0  0.0  0.0  0.0  0.0  0.0
  0.0  0.0 11.8  0.0  0.0  0.0  0.0  0.0  0.0  0.0  0.0  0.0 11.8  0.0  0.0
 23.5  0.0  0.0 23.5 11.8  0.0 11.8 11.8  0.0  0.0  0.0  0.0  0.0  0.0  0.0
  0.0  0.0  0.0  0.0  0.0  0.0  0.0  0.0 35.3  0.0 35.3  0.0 11.8  0.0  0.0
  0.0  0.0  0.0  0.0 11.8 11.8  0.0  0.0 35.3 11.8 11.8 23.5  0.0  0.0  0.0
     -8.00      4.37     -5.06     -1.90      3.73  0.0  0.0  0.0  0.0  0.0
                                    t000288_s19_p43_qjpp.txt  3.5  4.3   15
  0.0  0.0  0.0266.7  0.0  0.0  0.0  0.0 66.7  0.0  0.0  0.0  0.0  0.0  0.0
 66.7  0.0  0.0  0.0  0.0  0.0133.3  0.0  0.0  0.0  0.0  0.0  0.0  0.0  0.0
  0.0  0.0  0.0 66.7  0.0  0.0  0.0  0.0  0.0  0.0  0.0  0.0  0.0  0.0  0.0
  0.0  0.0  0.0  0.0  0.0  0.0  0.0  0.0  0.0  0.0 66.7 66.7  0.0266.7  0.0
  0.0  0.0  0.0  0.0  0.0  0.0  0.0  0.0  0.0  0.0  0.0  0.0  0.0  0.0  0.0
  0.0  0.0  0.0  0.0  0.0  0.0  0.0  0.0  0.0  0.0  0.0  0.0  0.0  0.0  0.0
  0.0  0.0  0.0  0.0  0.0  0.0  0.0  0.0  0.0  0.0  0.0  0.0  0.0  0.0  0.0
  0.0  0.0  0.0  0.0  0.0  0.0  0.0  0.0  0.0  0.0  0.0  0.0  0.0  0.0  0.0
  0.0  0.0  0.0  0.0  0.0  0.0  0.0  0.0  0.0  0.0 66.7  0.0  0.0  0.0  0.0
  0.0  0.0  0.0  0.0  0.0  0.0  0.0  0.0  0.0  0.0  0.0  0.0  0.0  0.0  0.0
     22.84     -5.73    -18.07     -6.61     -3.63  0.0  0.0  0.0  0.0  0.0
                                    t000288_s19_p44_qjpp.txt  4.0  3.9   17
  0.0  0.0  0.0117.6  0.0  0.0  0.0  0.0 58.8  0.0  0.0  0.0  0.0  0.0  0.0
  0.0  0.0  0.0  0.0  0.0 58.8235.3 58.8  0.0 58.8  0.0  0.0  0.0  0.0  0.0
  0.0  0.0  0.0 58.8  0.0  0.0  0.0  0.0 58.8  0.0  0.0  0.0  0.0  0.0  0.0
  0.0  0.0  0.0  0.0  0.0  0.0  0.0  0.0  0.0  0.0 58.8 58.8  0.0176.5  0.0
  0.0  0.0  0.0  0.0  0.0  0.0  0.0  0.0  0.0  0.0  0.0  0.0  0.0  0.0  0.0
  0.0  0.0  0.0  0.0  0.0  0.0  0.0  0.0  0.0  0.0  0.0  0.0  0.0  0.0  0.0
  0.0  0.0  0.0  0.0  0.0  0.0  0.0  0.0  0.0  0.0  0.0  0.0  0.0  0.0  0.0
  0.0  0.0  0.0  0.0  0.0  0.0  0.0  0.0  0.0  0.0  0.0  0.0  0.0  0.0  0.0
  0.0  0.0  0.0  0.0  0.0  0.0  0.0  0.0  0.0  0.0117.6  0.0  0.0  0.0  0.0
  0.0  0.0  0.0  0.0  0.0  0.0  0.0  0.0  0.0 58.8  0.0  0.0  0.0  0.0  0.0
     10.12     -3.79    -15.83     12.37     -3.63  0.0  0.0  0.0  0.0  0.0
                                    t000288_s19_p45_qjpp.txt 14.5  4.5   77
  0.0  0.0  0.0116.9  0.0  0.0 13.0  0.0  0.0  0.0  0.0  0.0  0.0  0.0  0.0
  0.0  0.0  0.0 13.0  0.0  0.0194.8155.8 26.0  0.0 26.0  0.0  0.0  0.0  0.0
  0.0  0.0  0.0  0.0  0.0 77.9 13.0 13.0  0.0  0.0  0.0  0.0  0.0  0.0 13.0
  0.0 13.0  0.0 13.0 13.0 13.0 26.0 13.0  0.0  0.0 64.9 26.0  0.0116.9  0.0
  0.0  0.0  0.0  0.0  0.0  0.0  0.0  0.0  0.0  0.0  0.0  0.0  0.0  0.0  0.0
  0.0  0.0  0.0  0.0  0.0  0.0 13.0  0.0  0.0  0.0  0.0  0.0  0.0  0.0  0.0
  0.0  0.0  0.0 13.0  0.0  0.0  0.0  0.0  0.0  0.0  0.0  0.0  0.0  0.0  0.0
 13.0  0.0  0.0 13.0 13.0  0.0 13.0  0.0  0.0  0.0  0.0  0.0  0.0  0.0  0.0
  0.0  0.0  0.0  0.0  0.0  0.0  0.0  0.0 13.0  0.0 26.0  0.0  0.0  0.0  0.0
  0.0  0.0  0.0  0.0 13.0  0.0  0.0  0.0 13.0 13.0  0.0  0.0 26.0  0.0  0.0
    -14.19     -4.57     -3.45     -3.51      6.36  0.0  0.0  0.0  0.0  0.0
                                     t000288_s19_p7_qjpp.txt 13.0  4.7   67
 14.9  0.0  0.0 74.6  0.0  0.0  0.0 14.9  0.0 14.9  0.0  0.0  0.0  0.0  0.0
  0.0  0.0  0.0  0.0  0.0  0.0268.7134.3 59.7 14.9  0.0  0.0  0.0  0.0  0.0
  0.0  0.0  0.0  0.0 14.9 59.7  0.0  0.0  0.0  0.0  0.0  0.0  0.0 14.9  0.0
  0.0 14.9 14.9  0.0  0.0  0.0 14.9 14.9  0.0  0.0 89.6  0.0  0.0104.5  0.0
  0.0  0.0  0.0  0.0  0.0  0.0  0.0  0.0  0.0  0.0  0.0  0.0  0.0  0.0  0.0
  0.0  0.0  0.0  0.0  0.0  0.0  0.0  0.0  0.0  0.0  0.0  0.0  0.0  0.0  0.0
  0.0  0.0  0.0  0.0  0.0  0.0  0.0  0.0  0.0  0.0  0.0  0.0  0.0  0.0  0.0
  0.0  0.0  0.0  0.0  0.0  0.0  0.0  0.0  0.0  0.0  0.0  0.0  0.0  0.0  0.0
  0.0  0.0  0.0  0.0  0.0  0.0  0.0  0.0 14.9  0.0 59.7 14.9  0.0  0.0  0.0
  0.0  0.0  0.0  0.0 14.9  0.0  0.0 14.9  0.0  0.0  0.0  0.0  0.0  0.0  0.0
    -17.26     -5.24     -6.81     -6.61     -1.36  0.0  0.0  0.0  0.0  0.0
                                     t000288_s19_p8_qjpp.txt 15.5  5.1   72
  0.0  0.0  0.0 41.7  0.0  0.0  0.0  0.0  0.0  0.0  0.0  0.0  0.0  0.0  0.0
  0.0  0.0  0.0  0.0  0.0  0.0402.8125.0 69.4  0.0 13.9  0.0  0.0  0.0 13.9
 13.9  0.0  0.0 13.9  0.0 13.9  0.0  0.0 13.9  0.0  0.0  0.0  0.0 13.9  0.0
  0.0 13.9  0.0 13.9  0.0  0.0 13.9 13.9  0.0 27.8 83.3 13.9  0.0 55.6  0.0
  0.0  0.0  0.0  0.0  0.0  0.0  0.0  0.0  0.0  0.0  0.0  0.0  0.0  0.0  0.0
  0.0  0.0  0.0  0.0  0.0  0.0  0.0  0.0  0.0  0.0  0.0  0.0  0.0  0.0  0.0
  0.0  0.0  0.0  0.0  0.0  0.0  0.0  0.0  0.0  0.0  0.0  0.0  0.0  0.0  0.0
  0.0  0.0  0.0  0.0  0.0  0.0  0.0  0.0  0.0  0.0  0.0  0.0  0.0  0.0  0.0
  0.0  0.0  0.0  0.0  0.0  0.0  0.0  0.0  0.0  0.0 55.6  0.0  0.0  0.0  0.0
  0.0  0.0  0.0  0.0 13.9 13.9  0.0 13.9  0.0  0.0  0.0  0.0  0.0  0.0  0.0
    -30.25     -5.11     15.79     -2.12     -1.52  0.0  0.0  0.0  0.0  0.0
                                     t000288_s19_p9_qjpp.txt 19.3  4.9  116
 17.2  0.0  0.0 94.8  0.0  0.0  8.6  8.6  0.0  0.0  8.6  0.0  0.0  0.0  0.0
  0.0  8.6  8.6  8.6  0.0  0.0232.8155.2 51.7  0.0  8.6  8.6  8.6  0.0  0.0
  0.0  0.0  0.0  0.0  8.6 17.2 25.9  0.0  0.0  8.6  0.0  0.0  0.0  8.6 17.2
  0.0  0.0 17.2  0.0 17.2  8.6 17.2 25.9  8.6  0.0 77.6  8.6  0.0120.7  0.0
 17.2  0.0  0.0  0.0  0.0  0.0  0.0  0.0  0.0  0.0  0.0  0.0  0.0  0.0  0.0
  0.0  0.0  0.0  0.0  0.0  0.0  0.0  0.0  0.0  8.6  0.0  0.0  0.0  0.0  0.0
  0.0  0.0  0.0  0.0  8.6  0.0  0.0  8.6  0.0  0.0  0.0  0.0  0.0  0.0  0.0
  0.0  8.6  0.0  8.6  0.0 17.2 17.2  0.0  0.0  0.0  0.0  0.0  0.0  0.0  0.0
  0.0  0.0  0.0  0.0  0.0  0.0  0.0  0.0  0.0  0.0  8.6  8.6  8.6  0.0  0.0
  0.0  8.6  0.0  0.0  0.0  0.0  0.0 34.5  0.0  8.6  0.0  8.6 25.9  0.0  0.0
      1.49     -2.09     -2.54     -2.69     10.94  0.0  0.0  0.0  0.0  0.0
                                      t000288_s2_p1_qjpp.txt 10.5  5.5   52
  0.0  0.0  0.0 19.2  0.0  0.0  0.0  0.0  0.0  0.0  0.0  0.0  0.0  0.0  0.0
 38.5  0.0  0.0 19.2  0.0  0.0307.7115.4115.4 57.7  0.0  0.0  0.0 19.2  0.0
  0.0 19.2  0.0  0.0  0.0 19.2  0.0  0.0 19.2  0.0  0.0  0.0  0.0 19.2 19.2
  0.0  0.0  0.0  0.0  0.0  0.0 38.5 38.5  0.0 19.2134.6  0.0  0.0 96.2  0.0
  0.0  0.0  0.0  0.0  0.0  0.0  0.0  0.0  0.0  0.0  0.0  0.0  0.0  0.0  0.0
  0.0  0.0  0.0  0.0  0.0  0.0  0.0  0.0  0.0  0.0  0.0  0.0  0.0  0.0  0.0
  0.0  0.0  0.0  0.0  0.0  0.0  0.0  0.0  0.0  0.0  0.0  0.0  0.0  0.0  0.0
  0.0  0.0  0.0  0.0  0.0  0.0  0.0  0.0  0.0  0.0  0.0  0.0  0.0  0.0  0.0
  0.0  0.0  0.0  0.0  0.0  0.0  0.0 38.5 19.2  0.0 19.2 38.5 19.2  0.0  0.0
  0.0  0.0  0.0  0.0  0.0  0.0  0.0 38.5 19.2  0.0  0.0  0.0  0.0  0.0  0.0
    -12.48     -3.83     18.32     -0.40     14.08  0.0  0.0  0.0  0.0  0.0
                                      t000288_s6_p1_qjpp.txt 25.8  5.1  154
  6.5  0.0  0.0 90.9  0.0  0.0  6.5  0.0 13.0  0.0  0.0  0.0  0.0  0.0  0.0
  0.0  0.0  6.5  6.5  0.0  0.0331.2136.4 64.9 26.0  0.0  0.0 13.0  0.0  0.0
  0.0  6.5  0.0  0.0  0.0 32.5  6.5  6.5  0.0  0.0  0.0  0.0  0.0 13.0  0.0
  0.0  0.0  0.0  0.0  6.5 13.0 13.0 13.0  0.0  0.0 84.4 13.0  0.0116.9  0.0
 19.5  0.0  0.0  0.0  0.0  0.0  0.0  0.0  0.0  0.0  0.0  0.0  0.0  0.0  0.0
  0.0  0.0  0.0  6.5  0.0  0.0  0.0  0.0  0.0  0.0  0.0  0.0  0.0  0.0  0.0
  0.0  0.0  0.0  0.0  0.0  6.5  0.0  0.0  0.0  0.0  0.0  0.0  0.0  0.0  0.0
  6.5  0.0  0.0  6.5  0.0  6.5  6.5  0.0  0.0  0.0  0.0  0.0  0.0  0.0  0.0
  0.0  0.0  0.0  0.0  0.0  0.0  0.0  6.5 71.4  6.5 32.5  6.5 19.5  6.5  0.0
  0.0  0.0  0.0  0.0  0.0  0.0  0.0 39.0 13.0 13.0  0.0  0.0  0.0  0.0  0.0
    -21.35     -2.47      1.53     -5.06     -1.66  0.0  0.0  0.0  0.0  6.5
                                      t000288_s6_p2_qjpp.txt 22.5  5.5  142
  0.0  0.0  0.0 84.5  0.0  0.0  0.0  7.0  0.0  7.0  0.0  7.0  0.0  0.0  0.0
  7.0  0.0  7.0  0.0  0.0  0.0309.9140.8 63.4  0.0  0.0 14.1  0.0  0.0  7.0
  0.0  0.0  0.0  7.0  0.0 35.2 21.1  7.0  7.0  0.0  0.0  0.0 14.1 14.1  0.0
  0.0  7.0 14.1  0.0 14.1 14.1 14.1 14.1  0.0  7.0 84.5  0.0  0.0112.7  0.0
  7.0  0.0  0.0  0.0  0.0  0.0  0.0  0.0  0.0  0.0  0.0  0.0  0.0  0.0  0.0
  0.0  0.0  0.0  7.0  0.0 14.1  0.0  0.0  0.0  0.0  0.0  0.0  0.0  0.0  7.0
  0.0  0.0  0.0  0.0  0.0  0.0  0.0 14.1  0.0  0.0  0.0  0.0  0.0  0.0  0.0
 21.1  0.0  0.0 21.1  7.0 14.1 21.1  0.0  0.0  0.0  0.0  0.0  0.0  0.0  0.0
  0.0  0.0  0.0  0.0  0.0  0.0  0.0  0.0 28.2  0.0 35.2 21.1  7.0  7.0  0.0
  0.0  0.0  0.0  0.0 14.1  0.0  0.0 14.1 14.1 14.1  0.0  0.0  7.0  0.0  0.0
    -15.99     -3.02      0.48     -2.66      7.31  0.0  0.0  0.0  0.0  0.0
                                      t000288_s6_p3_qjpp.txt 32.8  5.1  336
  8.9  0.0  0.0 77.4  0.0  0.0  0.0  0.0  6.0  6.0  0.0  0.0  0.0  0.0  0.0
  6.0  0.0  3.0 14.9  0.0  0.0312.5142.9 47.6 11.9  3.0  3.0  6.0  0.0  0.0
  3.0  0.0  0.0  3.0 26.8 44.6  6.0  6.0  3.0  0.0  0.0  0.0  8.9  6.0  0.0
  0.0  6.0  6.0  0.0  8.9  8.9 20.8  6.0  0.0  3.0 83.3  8.9  0.0 80.4  3.0
  3.0  0.0  0.0  0.0  0.0  0.0  0.0  0.0  0.0  0.0  0.0  0.0  0.0  0.0  0.0
  0.0  0.0  0.0  0.0  0.0  0.0  0.0  0.0  0.0  0.0  0.0  0.0  0.0  0.0  0.0
  0.0  0.0  0.0  0.0  0.0  0.0  0.0  6.0  0.0  0.0 11.9  0.0  0.0  0.0  0.0
  0.0  0.0  0.0  0.0  0.0  6.0  6.0 11.9  0.0  0.0  0.0  0.0  0.0  0.0  0.0
  0.0  0.0  0.0  0.0  0.0  3.0  0.0  0.0 11.9  0.0 68.5  6.0  3.0  0.0 17.9
  0.0  0.0  0.0  0.0  0.0  6.0  0.0 14.9  3.0 14.9  0.0  3.0  6.0  0.0  0.0
    -17.94     -3.53     -7.59     -4.23      2.86  0.0  0.0  0.0  0.0  0.0
                                      t000288_s6_p4_qjpp.txt 30.3  5.2  242
  8.3  0.0  0.0 90.9  0.0  0.0 12.4  0.0  0.0 12.4  4.1  4.1  0.0  0.0  0.0
  0.0  0.0  0.0  4.1  0.0  0.0260.3169.4 78.5  8.3  4.1  4.1  0.0  4.1  4.1
  0.0  0.0  0.0  0.0  8.3 66.1  8.3 16.5  0.0  4.1  0.0  8.3  8.3  4.1  8.3
  0.0  4.1  0.0  0.0 12.4 16.5 16.5 12.4  0.0  8.3 95.0  4.1  0.0 90.9  0.0
  8.3  0.0  0.0  0.0  0.0  0.0  0.0  0.0  0.0  0.0  0.0  0.0  0.0  0.0  0.0
  0.0  0.0  0.0  0.0  0.0  0.0  0.0  0.0  0.0  4.1  0.0  0.0  0.0  0.0  0.0
  0.0  0.0  0.0  0.0  4.1  0.0  0.0  0.0  0.0  0.0  0.0  0.0  0.0  0.0  0.0
  0.0  4.1  0.0  4.1  0.0  4.1  4.1  0.0  0.0  0.0  0.0  0.0  0.0  0.0  0.0
  0.0  0.0  0.0  0.0  0.0  4.1  0.0  4.1 16.5 28.9 33.1  0.0 12.4  4.1  0.0
  0.0  0.0  0.0  0.0  0.0  4.1  0.0 20.7  4.1  4.1  0.0  8.3  8.3  0.0  0.0
    -18.35     -4.48     -0.72      2.51      8.52  0.0  0.0  0.0  0.0  0.0
                                      t000288_s6_p5_qjpp.txt 29.3  5.2  265
  7.5  0.0  0.0 83.0  0.0  0.0  7.5  0.0  0.0  7.5  7.5  0.0  0.0  0.0  0.0
  3.8  0.0 15.1  3.8  0.0  0.0290.6135.8 52.8  0.0  0.0 15.1  3.8  0.0  0.0
  0.0  0.0  0.0  3.8  7.5 30.2 26.4  7.5  0.0  0.0  3.8  7.5  3.8  7.5  3.8
  0.0  3.8  7.5  3.8 11.3 26.4  7.5 11.3  0.0  0.0 71.7  0.0  0.0117.0  3.8
  7.5  0.0  0.0  0.0  0.0  0.0  0.0  0.0  0.0  0.0  0.0  0.0  0.0  0.0  0.0
  0.0  0.0  0.0  3.8  0.0  3.8  0.0  3.8  0.0  0.0  0.0  0.0  0.0  7.5  3.8
  0.0  3.8  3.8  0.0  0.0  0.0  0.0  0.0  3.8  0.0  0.0  0.0  0.0  0.0  0.0
  7.5  3.8  7.5 18.9 11.3  3.8 15.1  0.0  0.0  0.0  0.0  0.0  0.0  0.0  0.0
  0.0  0.0  0.0  0.0  0.0  0.0  0.0  3.8 34.0 11.3 22.6 11.3  7.5  3.8  0.0
  0.0  0.0  0.0  0.0  0.0  0.0  0.0 15.1  3.8 22.6  0.0 11.3  3.8  0.0  0.0
    -14.92     -2.13     -4.04      0.01      2.78  0.0  0.0  0.0  0.0  0.0
                                      t000289_s1_p1_qjpp.txt 28.8  5.2  240
  8.3  0.0  0.0 54.2  0.0  0.0  0.0  0.0  0.0  8.3  0.0  0.0  0.0  0.0  0.0
  4.2  0.0  8.3  8.3  0.0  0.0345.8170.8 54.2 12.5  4.2  4.2  4.2  0.0  4.2
  0.0  8.3  0.0  4.2  4.2  8.3 12.5  4.2  4.2  0.0  0.0  0.0  0.0  8.3  0.0
  4.2  8.3  4.2  8.3  4.2 12.5 25.0 12.5  0.0  4.2100.0  4.2  0.0 83.3  4.2
  4.2  0.0  0.0  0.0  0.0  0.0  0.0  0.0  0.0  0.0  0.0  0.0  0.0  0.0  0.0
  0.0  0.0  0.0  0.0  0.0  8.3  0.0  0.0  0.0  0.0  0.0  0.0  0.0  0.0  0.0
  4.2  0.0  0.0  0.0  0.0  0.0  0.0  0.0  0.0  0.0  4.2  0.0  0.0  0.0  0.0
  8.3  0.0  0.0  8.3  4.2  0.0  4.2  4.2  0.0  0.0  0.0  0.0  0.0  0.0  0.0
  0.0  0.0  0.0  0.0  0.0  0.0  0.0  0.0 33.3  8.3  8.3 12.5  0.0 29.2  0.0
  0.0  4.2  0.0  0.0  0.0  8.3  0.0  4.2 12.5 12.5  0.0  4.2  8.3  4.2  0.0
    -21.69     -3.56      3.25     -4.27     -1.02  0.0  0.0  0.0  0.0  0.0
                                     t000289_s11_p1_qjpp.txt 31.8  5.3  497
  8.0  0.0  0.0 62.4  0.0  0.0  2.0  0.0  2.0  8.0  2.0  0.0  0.0  2.0  0.0
  0.0  0.0  4.0  6.0  0.0  0.0384.3112.7 54.3  2.0  6.0 14.1  0.0  0.0  6.0
  0.0  4.0  0.0  0.0  2.0 26.2  8.0  0.0  0.0  0.0  6.0  2.0  6.0  6.0  2.0
  2.0  4.0  2.0  2.0  4.0 10.1 14.1 10.1  0.0  6.0 68.4  8.0  0.0 84.5  6.0
  0.0  0.0  0.0  0.0  0.0  0.0  0.0  0.0  0.0  0.0  0.0  0.0  0.0  0.0  0.0
  0.0  0.0  0.0  2.0  0.0  4.0  0.0  0.0  0.0  0.0  0.0  0.0  0.0  2.0  2.0
  2.0  0.0  0.0  0.0  0.0  0.0  0.0  0.0  0.0  0.0  2.0  0.0  0.0  0.0  0.0
  6.0  0.0  2.0  8.0  4.0  0.0  4.0  2.0  0.0  0.0  0.0  0.0  0.0  0.0  0.0
  0.0  2.0  0.0  0.0  0.0  0.0  0.0  2.0 16.1  6.0 30.2  8.0 12.1  6.0  2.0
  0.0  4.0  0.0  0.0  0.0  6.0  0.0 18.1  4.0 10.1  0.0  2.0 10.1  0.0  0.0
    -22.21     -2.68      3.40     -2.93      3.26  0.0  0.0  0.0  0.0  0.0
                                     t000289_s11_p2_qjpp.txt 32.0  5.1  220
  4.5  0.0  0.0 81.8  0.0  0.0  0.0  4.5  4.5  0.0  0.0  0.0  0.0  4.5  0.0
  9.1  0.0  4.5 18.2  0.0  0.0281.8113.6 45.5 18.2  4.5 13.6  0.0  4.5  4.5
  4.5  4.5  0.0  0.0  4.5 40.9  4.5  4.5  0.0  0.0  9.1  4.5  0.0  9.1  4.5
  0.0  4.5  0.0  0.0  0.0 18.2 27.3 13.6  0.0 13.6 77.3  9.1  4.5104.5 13.6
  4.5  0.0  0.0  0.0  0.0  0.0  0.0  0.0  0.0  0.0  0.0  0.0  0.0  0.0  0.0
  0.0  0.0  0.0  0.0  0.0  4.5  0.0  0.0  0.0  0.0  0.0  0.0  0.0  0.0  0.0
  4.5  0.0  0.0  0.0  0.0  0.0  0.0  0.0  0.0  0.0  0.0  0.0  0.0  0.0  0.0
  4.5  0.0  0.0  4.5  4.5  0.0  4.5  0.0  0.0  0.0  0.0  0.0  0.0  0.0  0.0
  0.0  0.0  0.0  0.0  0.0  0.0  0.0  4.5  9.1  0.0  9.1  9.1  4.5  4.5  4.5
  0.0  0.0  0.0  0.0  0.0  4.5  0.0  4.5  4.5 22.7  0.0  9.1  0.0  4.5  0.0
    -11.40     -2.31      8.07      0.62      1.25  4.5  0.0  0.0  0.0  0.0
                                     t000289_s11_p3_qjpp.txt 31.5  5.3  258
  3.9  3.9  0.0 85.3  0.0  0.0  3.9  0.0  0.0  3.9  0.0  0.0  0.0  0.0  0.0
  3.9  0.0 11.6 11.6  0.0  0.0329.5155.0 42.6  3.9 11.6  7.8  3.9  0.0  3.9
  0.0  3.9  0.0  0.0  7.8 42.6  7.8  0.0  3.9  0.0  0.0  7.8  3.9 31.0  0.0
  0.0 15.5  3.9  0.0  0.0 11.6 31.0 31.0  0.0  3.9 62.0 11.6  0.0100.8  7.8
  0.0  0.0  0.0  0.0  0.0  0.0  0.0  0.0  0.0  0.0  0.0  0.0  0.0  0.0  0.0
  0.0  0.0  0.0  7.8  0.0  3.9  0.0  0.0  0.0  0.0  0.0  0.0  0.0  0.0  0.0
  3.9  0.0  0.0  0.0  0.0  0.0  0.0  0.0  0.0  0.0  7.8  0.0  0.0  0.0  0.0
 11.6  0.0  0.0 11.6  3.9  0.0  3.9  7.8  0.0  0.0  0.0  0.0  0.0  0.0  0.0
  0.0  0.0  0.0  0.0  0.0  0.0  0.0  7.8 11.6  0.0  7.8  3.9  0.0 15.5  0.0
  0.0  0.0  3.9  0.0  3.9  0.0  0.0 15.5 15.5  7.8  0.0  7.8  0.0  3.9  0.0
    -17.32     -2.87     -0.36     -2.25      3.49  0.0  7.8  0.0  0.0  0.0
                                     t000289_s14_p1_qjpp.txt 28.0  5.2  168
  0.0  0.0  0.0 65.5  0.0  0.0  0.0  0.0  0.0  6.0  0.0  0.0  0.0  0.0  0.0
  0.0  0.0  6.0  0.0  0.0  0.0345.2148.8 53.6  6.0  0.0  6.0  0.0  0.0  0.0
  0.0  0.0  0.0  0.0  0.0 47.6 11.9  0.0  0.0  0.0 11.9  0.0 23.8 23.8  0.0
  6.0  0.0 11.9  0.0  0.0 17.9  0.0 29.8  0.0  0.0 71.4  0.0  0.0 89.3  0.0
  6.0  0.0  0.0  0.0  0.0  0.0  0.0  0.0  0.0  0.0  0.0  0.0  0.0  0.0  0.0
  0.0  0.0  0.0 11.9  6.0  0.0  0.0  0.0  0.0  0.0  0.0  0.0  0.0  0.0  0.0
  0.0  0.0  6.0  0.0  0.0  0.0  0.0  0.0  0.0  6.0  0.0  0.0  0.0  0.0  0.0
 17.9  0.0  0.0 17.9  6.0  0.0 11.9  0.0  0.0  0.0  0.0  0.0  0.0  0.0  0.0
  0.0  0.0  0.0  0.0  0.0  0.0  0.0  0.0 41.7  6.0 29.8  6.0  6.0  0.0  0.0
  0.0  0.0  0.0  0.0  0.0 11.9  0.0 11.9  6.0 29.8  0.0  0.0  6.0  0.0  0.0
    -25.74     -4.39     -1.73     -0.94     16.78  6.0  0.0  0.0  0.0  0.0
                                    t000289_s14_p10_qjpp.txt 32.0  5.3  211
  0.0  0.0  0.0 80.6  0.0  0.0  4.7  0.0  0.0  9.5  0.0  0.0  0.0  4.7  0.0
  0.0  0.0  9.5 14.2  0.0  0.0312.8104.3 37.9 28.4  9.5  0.0  0.0  0.0 14.2
  4.7  0.0  0.0  0.0  4.7 19.0  9.5  0.0  0.0  4.7  0.0  9.5  4.7 19.0  9.5
  4.7  4.7  0.0  4.7 14.2  9.5 23.7 33.2  0.0 19.0 75.8  9.5  4.7118.5  0.0
  4.7  4.7  0.0  0.0  0.0  0.0  0.0  0.0  0.0  0.0  0.0  0.0  0.0  0.0  0.0
  0.0  0.0  0.0  0.0  0.0  0.0  0.0  0.0  4.7  0.0  0.0  0.0  0.0  0.0  0.0
  0.0  4.7  0.0  0.0  0.0  0.0  0.0  0.0  0.0  4.7  4.7  0.0  0.0  0.0  0.0
  0.0  4.7  0.0  4.7  4.7  0.0  9.5  4.7  0.0  0.0  0.0  0.0  0.0  0.0  0.0
  0.0  4.7  0.0  0.0  0.0  0.0  0.0  9.5  4.7 23.7 28.4  0.0  0.0  0.0  0.0
  0.0  4.7  0.0  0.0  0.0  0.0  4.7 14.2 23.7  9.5  4.7  0.0  0.0  0.0  0.0
    -14.06     -4.37      9.92     -0.66     11.03  0.0  0.0  0.0  0.0  0.0
                                    t000289_s14_p11_qjpp.txt 18.5  4.8  120
  0.0  0.0  0.0 33.3  0.0  0.0  0.0  0.0  8.3  8.3  0.0  0.0  0.0  0.0  0.0
  0.0  0.0 50.0 41.7  0.0  0.0250.0 75.0108.3  8.3  0.0  0.0  0.0  8.3  0.0
  8.3  8.3  0.0  0.0  0.0 50.0  8.3 16.7  0.0  8.3  8.3  8.3  0.0  8.3  0.0
  0.0  8.3  0.0  8.3  0.0 75.0 66.7  8.3  0.0 16.7133.3  8.3  8.3 50.0  0.0
  0.0  0.0  0.0  0.0  0.0  0.0  0.0  0.0  0.0  0.0  0.0  0.0  0.0  0.0  0.0
  0.0  0.0  0.0  0.0  0.0  0.0  0.0  0.0  0.0  0.0  0.0  0.0  0.0  0.0  0.0
  0.0  0.0  0.0  0.0  0.0  0.0  0.0  0.0  0.0  0.0  0.0  0.0  0.0  0.0  0.0
  0.0  0.0  0.0  0.0  0.0  0.0  0.0  0.0  0.0  0.0  0.0  0.0  0.0  0.0  0.0
  0.0  0.0  0.0  0.0  0.0  0.0  0.0  0.0 41.7  8.3  8.3  8.3  0.0  8.3  0.0
  0.0  0.0  0.0  0.0  8.3  8.3  0.0  8.3  0.0  0.0  0.0  0.0  0.0  0.0  0.0
     -1.03     -5.45     13.70      8.45     -2.36  0.0  0.0  0.0  0.0  0.0
                                    t000289_s14_p12_qjpp.txt  6.0  5.8   27
  0.0  0.0  0.0111.1  0.0  0.0  0.0  0.0  0.0  0.0  0.0  0.0  0.0  0.0  0.0
  0.0  0.0 37.0  0.0  0.0  0.0259.3148.1 74.1 37.0  0.0  0.0 37.0 37.0  0.0
  0.0 37.0  0.0  0.0  0.0 74.1  0.0  0.0  0.0  0.0  0.0 37.0  0.0 74.1  0.0
  0.0  0.0  0.0  0.0 37.0 37.0 37.0 74.1  0.0 37.0148.1  0.0  0.0148.1  0.0
  0.0  0.0  0.0  0.0  0.0  0.0  0.0  0.0  0.0  0.0  0.0  0.0  0.0  0.0  0.0
  0.0  0.0  0.0  0.0  0.0  0.0  0.0  0.0  0.0  0.0  0.0  0.0  0.0  0.0  0.0
  0.0  0.0  0.0  0.0  0.0  0.0  0.0  0.0  0.0  0.0  0.0  0.0  0.0  0.0  0.0
  0.0  0.0  0.0  0.0  0.0  0.0  0.0  0.0  0.0  0.0  0.0  0.0  0.0  0.0  0.0
  0.0  0.0  0.0  0.0  0.0  0.0  0.0  0.0  0.0  0.0 74.1  0.0  0.0  0.0  0.0
  0.0  0.0  0.0  0.0  0.0  0.0  0.0 37.0  0.0  0.0  0.0  0.0  0.0  0.0  0.0
    -16.49      2.35     32.27      8.21      7.60  0.0  0.0  0.0  0.0  0.0
                                     t000289_s14_p2_qjpp.txt 20.3  5.4  113
 17.7  0.0  0.0 88.5  0.0  0.0  0.0  0.0  0.0  8.8  0.0  8.8  0.0  0.0  0.0
  0.0  0.0  0.0  8.8  0.0  0.0274.3106.2 61.9  8.8 17.7  8.8  0.0  0.0  0.0
  8.8  8.8  0.0  0.0  0.0 35.4  8.8  0.0  0.0  0.0  0.0  0.0  8.8  8.8  0.0
  0.0  0.0  0.0  0.0 17.7  0.0 26.5  8.8  0.0  8.8132.7 17.7  8.8132.7 26.5
  8.8  0.0  0.0  0.0  0.0  0.0  0.0  0.0  0.0  0.0  0.0  0.0  0.0  0.0  0.0
  0.0  0.0  0.0  0.0  0.0  0.0  0.0  0.0  0.0  8.8  0.0  0.0  0.0  0.0  0.0
  0.0  0.0  0.0  0.0  8.8  0.0  0.0  0.0  0.0  0.0  0.0  0.0  0.0  0.0  0.0
  0.0  8.8  0.0  8.8  0.0  8.8  8.8  0.0  0.0  0.0  0.0  0.0  0.0  0.0  0.0
  0.0  0.0  0.0  0.0  0.0  0.0  0.0  0.0  0.0  0.0 35.4  8.8  0.0  0.0  8.8
  0.0  0.0  0.0  0.0  0.0  8.8  0.0 26.5 26.5 17.7  0.0  0.0 17.7  0.0  0.0
    -14.75     -2.95     10.29     -6.61      3.25  0.0  0.0  0.0  0.0  0.0
                                     t000289_s14_p3_qjpp.txt 26.3  4.9  278
  0.0  0.0  0.0 46.8  0.0  0.0  0.0  0.0  0.0  7.2  0.0  0.0  0.0  3.6  0.0
  0.0  0.0  0.0  3.6  0.0  0.0338.1154.7 36.0 25.2  0.0  0.0  0.0  0.0  3.6
  3.6  3.6  0.0  0.0  7.2  7.2  0.0  0.0  0.0  0.0  0.0  0.0  0.0 10.8  3.6
  0.0  7.2  0.0  7.2  3.6  0.0 14.4 14.4  0.0  7.2 61.2  0.0  0.0 75.5  0.0
  0.0  0.0  0.0  0.0  0.0  0.0  0.0  0.0  0.0  0.0  0.0  0.0  0.0  0.0  0.0
  0.0  0.0  0.0  0.0  0.0  0.0  0.0  0.0  0.0  0.0  0.0  0.0  0.0  0.0  0.0
  0.0  0.0  0.0  0.0  0.0  0.0  0.0  0.0  0.0  0.0  0.0  0.0  0.0  0.0  0.0
  0.0  0.0  0.0  0.0  0.0  0.0  0.0  0.0  0.0  0.0  0.0  0.0  0.0  0.0  0.0
  0.0  3.6  0.0  0.0  0.0  0.0  0.0  0.0  3.6  0.0  7.2  3.6  3.6  7.2  3.6
  0.0  0.0  0.0  0.0  0.0  3.6  7.2 28.8  0.0  0.0  0.0  0.0 10.8  0.0  0.0
    -23.62     -4.90      4.85     -6.61      0.78  0.0  0.0  0.0  0.0  0.0
                                     t000289_s14_p4_qjpp.txt 26.3  5.0  147
  0.0  0.0  0.0 54.4  0.0  0.0  0.0  0.0  0.0  0.0  6.8  6.8  0.0  0.0  0.0
  0.0  0.0  6.8  0.0  0.0  0.0319.7122.4 34.0 40.8  6.8  0.0  0.0  0.0  0.0
  0.0  6.8  0.0  6.8  0.0 27.2  6.8  0.0  0.0  0.0  0.0  6.8  0.0 34.0  0.0
  0.0  6.8  0.0  6.8  0.0  6.8 20.4 34.0  0.0  0.0 61.2  6.8  0.0102.0  0.0
  6.8  0.0  0.0  0.0  0.0  0.0  0.0  0.0  0.0  0.0  0.0  0.0  0.0  0.0  0.0
  0.0  0.0  0.0  0.0  0.0  0.0  0.0  0.0  0.0  0.0  0.0  0.0  0.0  0.0  0.0
  6.8  6.8  0.0  0.0  0.0  0.0  0.0  0.0  0.0  0.0  0.0  0.0  0.0  0.0  0.0
  0.0  0.0  0.0  0.0 13.6  0.0 13.6  0.0  0.0  0.0  0.0  0.0  0.0  0.0  0.0
  0.0  0.0  0.0  0.0  0.0  0.0  0.0  6.8  0.0  0.0 13.6  0.0  6.8 13.6  6.8
  0.0  0.0  0.0  0.0  0.0  0.0 13.6 20.4  0.0  6.8  0.0  0.0 13.6  0.0  0.0
    -18.70     -4.08      0.00     -3.88      1.53  0.0  0.0  0.0  0.0  0.0
                                     t000289_s14_p5_qjpp.txt 26.0  5.1  150
  0.0  0.0  0.0 80.0  0.0  0.0  6.7  0.0  0.0  0.0  0.0  0.0  0.0  0.0  0.0
  0.0  0.0  0.0 13.3  0.0  0.0280.0140.0 46.7 13.3 13.3  0.0  0.0  0.0  0.0
  0.0  0.0  0.0  0.0  6.7 46.7  0.0  0.0  0.0  0.0  6.7  0.0  6.7 13.3  6.7
  0.0  0.0  0.0 20.0  6.7  6.7 13.3 20.0  0.0  0.0 60.0 13.3  0.0 93.3  0.0
  0.0  0.0  0.0  0.0  0.0  0.0  0.0  0.0  0.0  0.0  0.0  0.0  0.0  0.0  0.0
  0.0  0.0  0.0  0.0  0.0  0.0  0.0  0.0  0.0  0.0  0.0  0.0  6.7  0.0  0.0
  0.0  0.0  0.0  0.0  0.0  0.0  0.0  0.0  0.0  0.0  6.7  0.0  0.0  6.7  0.0
  0.0  0.0  6.7  6.7  0.0  0.0  0.0 13.3  0.0  0.0  0.0  0.0  0.0  0.0  0.0
  0.0  0.0  0.0  0.0  0.0  0.0  0.0  0.0  6.7 20.0 13.3  6.7  0.0 13.3  0.0
  0.0  6.7  0.0  0.0  6.7 13.3  0.0 13.3  6.7  6.7  6.7  0.0 13.3  0.0  0.0
    -20.71     -4.70     -3.64     -3.43      7.69  0.0  0.0  0.0  0.0  0.0
                                     t000289_s14_p6_qjpp.txt 13.5  5.0   73
  0.0  0.0  0.0 41.1  0.0  0.0 13.7  0.0  0.0  0.0  0.0  0.0  0.0  0.0  0.0
  0.0  0.0  0.0 27.4  0.0  0.0287.7137.0 68.5 13.7  0.0  0.0  0.0  0.0  0.0
  0.0 13.7  0.0  0.0  0.0 54.8  0.0  0.0  0.0  0.0  0.0  0.0 13.7  0.0  0.0
  0.0 13.7  0.0  0.0 13.7  0.0 54.8  0.0  0.0  0.0109.6  0.0  0.0 54.8  0.0
  0.0 13.7  0.0  0.0  0.0  0.0  0.0  0.0  0.0  0.0  0.0  0.0  0.0  0.0  0.0
  0.0  0.0  0.0  0.0  0.0  0.0  0.0 13.7  0.0  0.0  0.0  0.0  0.0  0.0  0.0
  0.0  0.0  0.0  0.0  0.0  0.0  0.0  0.0  0.0  0.0  0.0  0.0  0.0  0.0  0.0
  0.0 13.7  0.0 13.7  0.0  0.0  0.0  0.0  0.0  0.0  0.0  0.0  0.0  0.0  0.0
  0.0  0.0  0.0  0.0  0.0  0.0  0.0 13.7  0.0  0.0 13.7 41.1 13.7  0.0  0.0
  0.0  0.0  0.0  0.0  0.0  0.0  0.0 13.7  0.0  0.0 13.7  0.0  0.0  0.0  0.0
    -18.48     -5.28      2.93     -6.61      4.94  0.0  0.0  0.0  0.0  0.0
                                     t000289_s14_p7_qjpp.txt 23.3  4.2  159
 12.6  0.0  0.0157.2  0.0  0.0  0.0  0.0  6.3 18.9 31.4  0.0  0.0  0.0  0.0
  0.0  0.0 25.2 25.2  0.0 12.6213.8 88.1 18.9 12.6  0.0  6.3  0.0  0.0  6.3
  0.0  0.0  0.0  0.0 12.6  6.3  6.3 18.9  0.0  0.0 18.9  0.0  0.0 18.9  6.3
  6.3  6.3  0.0  0.0 12.6 62.9 31.4 31.4  0.0  6.3 56.6  6.3 18.9176.1 12.6
  0.0  0.0  0.0  0.0  0.0  0.0  0.0  0.0  0.0  0.0  0.0  0.0  0.0  0.0  0.0
  0.0  0.0  0.0  0.0  0.0  0.0  6.3  0.0  0.0  0.0  0.0  0.0  0.0  0.0  0.0
  0.0  6.3  0.0  0.0  0.0  0.0  0.0  0.0  0.0  0.0  0.0  0.0  0.0  0.0  0.0
  6.3  0.0  0.0  6.3  6.3  0.0  6.3  0.0  0.0  0.0  0.0  0.0  0.0  0.0  0.0
  0.0  0.0  0.0  0.0  0.0  0.0  0.0  0.0  6.3  6.3  0.0  6.3  6.3  0.0  0.0
  0.0  0.0  0.0  0.0  0.0  0.0  0.0 18.9  0.0 50.3  0.0  0.0  6.3  0.0  0.0
      9.40     -4.10      0.06      6.87      6.10  0.0  0.0  0.0  0.0  0.0
                                     t000289_s14_p8_qjpp.txt 15.8  4.8   81
  0.0  0.0 24.7 24.7  0.0  0.0 12.3  0.0  0.0  0.0  0.0  0.0  0.0 12.3  0.0
  0.0  0.0  0.0 12.3  0.0  0.0358.0123.5 12.3 24.7  0.0  0.0  0.0  0.0  0.0
  0.0  0.0  0.0  0.0  0.0 49.4  0.0  0.0  0.0  0.0 12.3  0.0  0.0 24.7 12.3
  0.0 24.7  0.0 12.3  0.0 12.3 37.0 37.0  0.0  0.0 12.3  0.0  0.0 61.7  0.0
  0.0  0.0  0.0  0.0  0.0  0.0  0.0  0.0  0.0  0.0  0.0  0.0  0.0  0.0  0.0
  0.0  0.0  0.0  0.0  0.0  0.0  0.0  0.0  0.0  0.0  0.0  0.0  0.0  0.0  0.0
  0.0  0.0  0.0  0.0  0.0  0.0  0.0  0.0  0.0  0.0 12.3  0.0  0.0  0.0  0.0
  0.0  0.0  0.0  0.0  0.0  0.0  0.0 12.3  0.0  0.0  0.0  0.0  0.0  0.0  0.0
  0.0  0.0  0.0  0.0  0.0  0.0  0.0  0.0  0.0  0.0 37.0  0.0 12.3  0.0  0.0
  0.0  0.0  0.0  0.0  0.0  0.0  0.0  0.0  0.0 24.7  0.0  0.0  0.0  0.0  0.0
    -12.97     -4.92     -1.83     -0.73      9.61  0.0  0.0  0.0  0.0  0.0
                                     t000289_s14_p9_qjpp.txt 11.5  4.8   50
 20.0  0.0  0.0 20.0  0.0  0.0  0.0  0.0  0.0 20.0  0.0  0.0  0.0  0.0  0.0
  0.0  0.0 40.0 20.0  0.0  0.0300.0 40.0  0.0120.0  0.0  0.0  0.0  0.0  0.0
  0.0  0.0  0.0  0.0  0.0 60.0 20.0  0.0  0.0 20.0  0.0  0.0  0.0 20.0  0.0
  0.0  0.0  0.0  0.0 20.0 40.0 40.0 20.0  0.0  0.0 60.0  0.0  0.0180.0  0.0
 20.0  0.0  0.0  0.0  0.0  0.0  0.0  0.0  0.0  0.0  0.0  0.0  0.0  0.0  0.0
  0.0  0.0  0.0  0.0  0.0  0.0  0.0  0.0 20.0  0.0  0.0  0.0  0.0  0.0  0.0
  0.0  0.0  0.0  0.0 20.0  0.0  0.0  0.0  0.0  0.0  0.0  0.0  0.0  0.0  0.0
  0.0 20.0  0.0 20.0  0.0 20.0 20.0  0.0  0.0  0.0  0.0  0.0  0.0  0.0  0.0
  0.0  0.0  0.0  0.0  0.0  0.0  0.0 20.0  0.0 20.0 40.0  0.0  0.0  0.0  0.0
  0.0  0.0  0.0  0.0  0.0  0.0  0.0 40.0  0.0 20.0  0.0  0.0 20.0  0.0  0.0
      0.15     -1.78     -2.44      2.49     -0.60  0.0  0.0  0.0  0.0  0.0
                                     t000289_s19_p1_qjpp.txt 35.8  4.6  247
  4.0  0.0  0.0 28.3  0.0  0.0  0.0  0.0  0.0  4.0  0.0  0.0  0.0  0.0  0.0
  0.0  4.0 36.4  8.1  0.0  0.0198.4 97.2 36.4  4.0  4.0  4.0  0.0  0.0  0.0
  0.0  4.0  0.0  0.0  0.0 12.1  8.1 24.3  4.0  0.0 28.3  0.0  0.0  8.1  8.1
  0.0  0.0  0.0  4.0  4.0 89.1 12.1 16.2  4.0  0.0 52.6  4.0  0.0 52.6  4.0
  0.0  0.0  0.0  0.0  0.0  0.0  0.0  0.0  0.0  0.0  0.0  0.0  0.0  0.0  0.0
  0.0  0.0  0.0  4.0  0.0  0.0  0.0  0.0  0.0  0.0  0.0  0.0  0.0  0.0  4.0
  0.0  0.0  0.0  0.0  0.0  0.0  0.0  0.0  0.0  0.0  0.0  0.0  0.0  4.0  0.0
  4.0  0.0  0.0  4.0  4.0  0.0  4.0  4.0  0.0  0.0  0.0  0.0  0.0  0.0  0.0
  0.0  0.0  0.0  0.0  0.0  0.0  0.0  0.0 16.2  4.0  4.0  0.0  0.0 28.3  0.0
  0.0  0.0  0.0  0.0  0.0  4.0  0.0 16.2  4.0  8.1  0.0  4.0  0.0  0.0  0.0
     -0.98     -4.64      1.78     13.98      3.83  0.0  0.0  0.0  0.0  0.0
                                    t000289_s19_p10_qjpp.txt 38.8  4.4  394
  0.0  0.0  0.0 12.7  0.0  0.0  0.0  2.5  0.0  0.0  0.0  0.0  0.0  0.0  0.0
  0.0  0.0 25.4  2.5  0.0  0.0203.0 58.4 17.8  7.6  0.0  2.5  2.5  0.0  2.5
  0.0  0.0  0.0  0.0  0.0 10.2  0.0 15.2  0.0  0.0 17.8  0.0  0.0  5.1  0.0
  2.5  0.0  0.0  0.0  2.5 58.4  2.5  7.6  0.0  2.5 27.9  0.0  0.0 25.4  0.0
  0.0  0.0  0.0  0.0  0.0  0.0  0.0  0.0  0.0  0.0  0.0  0.0  0.0  0.0  0.0
  0.0  0.0  0.0  0.0  0.0  0.0  0.0  0.0  0.0  0.0  0.0  0.0  0.0  0.0  0.0
  0.0  0.0  0.0  0.0  0.0  0.0  0.0  0.0  0.0  0.0  0.0  0.0  0.0  0.0  0.0
  0.0  0.0  0.0  0.0  0.0  0.0  0.0  0.0  0.0  0.0  0.0  0.0  0.0  0.0  0.0
  0.0  0.0  0.0  0.0  0.0  0.0  0.0  0.0 15.2  0.0  2.5  0.0  0.0 12.7  0.0
  0.0  0.0  0.0  0.0  0.0  0.0  0.0  5.1  0.0  5.1  0.0  0.0  0.0  0.0  0.0
     -9.94     -4.52      1.67      5.48     -2.04  0.0  0.0  0.0  0.0  0.0
                                    t000289_s19_p11_qjpp.txt 22.8  4.6  161
 18.6  0.0  0.0 68.3  0.0  0.0  0.0  0.0  0.0  0.0  0.0  0.0  0.0  0.0  0.0
  0.0  0.0 31.1 18.6  0.0  0.0223.6173.9 37.3  6.2  6.2  6.2  0.0  0.0  6.2
  0.0  0.0  0.0  0.0  6.2 43.5 12.4 18.6  0.0  0.0 24.8  0.0  6.2  0.0  0.0
  0.0 12.4  0.0  6.2 24.8 74.5 31.1  0.0  0.0  6.2 93.2  6.2  0.0 93.2  0.0
  0.0  0.0  0.0  0.0  0.0  0.0  0.0  0.0  0.0  0.0  0.0  0.0  0.0  0.0  0.0
  0.0  0.0  0.0  0.0  0.0  0.0 12.4  0.0  0.0  0.0  0.0  0.0  0.0  0.0  0.0
  0.0  0.0  0.0 12.4  0.0  0.0  0.0  0.0  0.0  0.0  0.0  0.0  0.0  0.0  0.0
 12.4  0.0  0.0 12.4 12.4  0.0 12.4  0.0  0.0  0.0  0.0  0.0  0.0  0.0  0.0
  0.0  0.0  0.0  0.0  0.0  0.0  0.0  0.0  0.0 12.4  0.0  0.0  0.0 37.3  0.0
  0.0  0.0  0.0  0.0  0.0  0.0  0.0 18.6 12.4  6.2  0.0  0.0 18.6  0.0  0.0
     -8.83     -4.05     -0.22      9.66      0.26  0.0  0.0  0.0  0.0  0.0
                                    t000289_s19_p12_qjpp.txt 32.5  4.9  214
  4.7  0.0  0.0 88.8  0.0  4.7  4.7  0.0  0.0  9.3  0.0  0.0  0.0  0.0  0.0
  0.0  0.0  9.3  4.7  0.0  0.0303.7163.6 42.1  0.0  9.3 14.0  0.0  0.0  4.7
  0.0  4.7  0.0  4.7  4.7 32.7  0.0  4.7  0.0  0.0  0.0  4.7  4.7  9.3  4.7
  9.3  4.7  4.7  0.0  9.3 14.0 14.0 23.4  0.0  4.7 56.1  9.3  4.7112.1  4.7
  0.0  4.7  0.0  0.0  0.0  0.0  0.0  0.0  0.0  0.0  0.0  0.0  0.0  0.0  0.0
  0.0  0.0  0.0  0.0  0.0  0.0  4.7  0.0  0.0  4.7  0.0  0.0  0.0  9.3  0.0
  0.0  0.0  0.0  0.0  0.0  0.0  0.0  0.0  0.0  0.0  0.0  0.0  0.0  0.0  0.0
  4.7  4.7  9.3 18.7  0.0  0.0  0.0  0.0  0.0  0.0  0.0  0.0  0.0  0.0  0.0
  0.0  0.0  0.0  0.0  0.0  0.0  0.0  0.0 14.0 14.0  9.3  0.0  4.7 18.7  0.0
  0.0  0.0  0.0  0.0  0.0  0.0  0.0 18.7 14.0  9.3  0.0  4.7 18.7  0.0  0.0
    -17.84     -2.62      0.47     -3.62      7.32  0.0  0.0  0.0  0.0  0.0
                                    t000289_s19_p13_qjpp.txt 32.3  3.8  431
  2.3  0.0  0.0 27.8  0.0  2.3  2.3  0.0  0.0  0.0  0.0  0.0  0.0  0.0  0.0
  0.0  0.0  0.0  2.3  0.0  0.0218.1 58.0 23.2  7.0  0.0  2.3  0.0  0.0  0.0
  0.0  0.0  0.0  4.6  0.0  9.3  2.3  0.0  0.0  0.0  0.0  0.0  0.0  0.0  0.0
  2.3  0.0  0.0  2.3  4.6  0.0  2.3  2.3  0.0  0.0 46.4  0.0  2.3 46.4  0.0
  0.0  0.0  0.0  0.0  0.0  0.0  0.0  0.0  0.0  0.0  0.0  0.0  0.0  0.0  0.0
  0.0  0.0  0.0  0.0  0.0  0.0  4.6  0.0  0.0  2.3  0.0  0.0  2.3  0.0  0.0
  2.3  0.0  2.3  0.0  2.3  2.3  0.0  0.0  0.0  0.0  2.3  0.0  0.0  0.0  0.0
  4.6  2.3  2.3  9.3  4.6  4.6  9.3  2.3  0.0  0.0  0.0  0.0  0.0  0.0  0.0
  0.0  0.0  0.0  0.0  0.0  0.0  0.0  0.0 13.9  4.6  0.0  0.0  0.0  7.0  0.0
  0.0  0.0  0.0  0.0  0.0  0.0  0.0  9.3  2.3  4.6  0.0  0.0  2.3  0.0  0.0
    -15.18     -5.05     -0.88     -6.61     -2.88  0.0  0.0  0.0  0.0  0.0
                                    t000289_s19_p14_qjpp.txt 23.3  4.5  146
  6.8  0.0  0.0143.8  0.0  0.0  0.0  0.0  0.0  6.8 20.5  0.0  0.0  0.0  0.0
  0.0  0.0  6.8 13.7  0.0 13.7191.8137.0 34.2  6.8  0.0  6.8  0.0  0.0  0.0
  0.0  0.0  0.0  0.0 13.7 47.9  0.0  0.0  0.0  0.0  0.0  0.0  6.8 13.7  0.0
  0.0  6.8  6.8  0.0 34.2  6.8 20.5 13.7  0.0  0.0 82.2  0.0 13.7143.8  6.8
  0.0  0.0  0.0  0.0  0.0  0.0  0.0  0.0  0.0  0.0  0.0  0.0  0.0  0.0  0.0
  0.0  0.0  0.0  0.0  0.0  6.8  6.8  0.0  0.0  0.0  0.0  0.0  0.0  0.0  0.0
  0.0  0.0  0.0  0.0  0.0  0.0  0.0  0.0  0.0  0.0  0.0  0.0  0.0  0.0  0.0
 13.7  0.0  0.0 13.7  0.0  0.0  0.0  0.0  0.0  0.0  0.0  0.0  0.0  0.0  0.0
  0.0  0.0  0.0  0.0  0.0  0.0  0.0  0.0  0.0  6.8  6.8  6.8  0.0 27.4  0.0
  0.0  0.0  0.0  0.0  0.0  0.0  0.0 20.5  0.0 27.4  0.0  6.8  0.0  0.0  0.0
     -4.78     -4.19     -5.78     -6.61      2.73  0.0  0.0  0.0  0.0  0.0
                                    t000289_s19_p15_qjpp.txt 27.5  4.9  214
  0.0  0.0  0.0 74.8  0.0  0.0  4.7  0.0  0.0 18.7  4.7  4.7  0.0  0.0  0.0
  0.0  0.0  9.3  0.0  0.0  0.0285.0140.2 60.7 18.7  0.0  0.0  0.0  0.0  0.0
  0.0  0.0  0.0  0.0  0.0 18.7  0.0  0.0  0.0  0.0 23.4  0.0  0.0  4.7  4.7
  0.0  4.7  4.7  0.0  0.0 32.7  9.3  9.3  0.0  0.0130.8  0.0 14.0 93.5  0.0
  4.7  0.0  0.0  0.0  0.0  0.0  0.0  0.0  0.0  0.0  0.0  0.0  0.0  0.0  0.0
  0.0  0.0  0.0  0.0  0.0  0.0  0.0  0.0  0.0  0.0  0.0  0.0  4.7  0.0  0.0
  0.0  0.0  0.0  0.0  0.0  0.0  0.0  0.0  0.0  0.0  0.0  0.0  0.0  0.0  0.0
  0.0  0.0  4.7  4.7  0.0  0.0  0.0  0.0  0.0  0.0  0.0  0.0  0.0  0.0  0.0
  0.0  0.0  0.0  0.0  0.0  0.0  0.0  0.0 14.0  4.7  4.7  0.0  0.0  9.3  0.0
  0.0  4.7  0.0  0.0  0.0  0.0  0.0 23.4  0.0 18.7  0.0  4.7  0.0  0.0  0.0
    -15.99     -5.11     -0.09      4.52      0.68  0.0  0.0  0.0  0.0  0.0
                                    t000289_s19_p16_qjpp.txt 11.5  4.8   59
 33.9  0.0  0.0 67.8  0.0  0.0  0.0  0.0 16.9  0.0  0.0  0.0  0.0 16.9  0.0
  0.0  0.0 16.9  0.0  0.0  0.0271.2169.5 50.8101.7  0.0  0.0  0.0 16.9  0.0
  0.0  0.0  0.0  0.0  0.0 16.9 16.9  0.0  0.0  0.0  0.0  0.0 16.9  0.0  0.0
  0.0 16.9  0.0  0.0  0.0 16.9 16.9  0.0  0.0 16.9 84.7 16.9  0.0169.5  0.0
  0.0  0.0  0.0  0.0  0.0  0.0  0.0  0.0  0.0  0.0  0.0  0.0  0.0  0.0  0.0
  0.0  0.0  0.0 16.9  0.0  0.0  0.0  0.0  0.0  0.0  0.0  0.0  0.0  0.0  0.0
  0.0  0.0 16.9  0.0  0.0  0.0  0.0  0.0  0.0  0.0  0.0  0.0  0.0  0.0  0.0
 16.9  0.0  0.0 16.9 16.9  0.0 16.9  0.0  0.0  0.0  0.0  0.0  0.0  0.0  0.0
  0.0  0.0  0.0  0.0  0.0  0.0  0.0  0.0 33.9 16.9  0.0  0.0  0.0 33.9  0.0
  0.0  0.0  0.0  0.0  0.0  0.0  0.0 16.9 50.8 16.9  0.0  0.0  0.0  0.0  0.0
     -8.55     -2.38      9.98     -6.61      6.97  0.0  0.0  0.0  0.0  0.0
                                    t000289_s19_p17_qjpp.txt 28.3  4.9  171
  5.8  0.0  0.0 58.5  0.0  0.0  5.8  5.8  0.0  0.0  0.0  0.0  0.0  0.0  0.0
  0.0  0.0  0.0  0.0  0.0  0.0321.6117.0 58.5  0.0  0.0  0.0  0.0  0.0  0.0
  5.8  0.0  0.0  0.0 11.7 11.7  0.0  0.0  0.0  0.0  0.0  0.0  5.8  5.8  0.0
  0.0  0.0  5.8  0.0 11.7  0.0  0.0  5.8  0.0  5.8 93.6  0.0  0.0 64.3  5.8
  0.0  0.0  0.0  0.0  0.0  0.0  0.0  0.0  0.0  0.0  0.0  0.0  0.0  0.0  0.0
  0.0  0.0  0.0  0.0  0.0  0.0  0.0  0.0  0.0  0.0  0.0  0.0  0.0  0.0  0.0
  0.0  0.0  0.0  0.0  0.0  0.0  0.0  0.0  0.0  0.0  0.0  0.0  0.0  0.0  0.0
  0.0  0.0  0.0  0.0  0.0  0.0  0.0  0.0  0.0  0.0  0.0  0.0  0.0  0.0  0.0
  0.0  0.0  0.0  0.0  0.0  0.0  0.0  0.0 23.4  0.0  0.0  0.0  0.0 17.5  0.0
  0.0  0.0  0.0  0.0  0.0 11.7  0.0 11.7  0.0 11.7  5.8  0.0  0.0  0.0  0.0
    -22.95     -5.73      2.19     -6.61      0.91  0.0  0.0  0.0  0.0  0.0
                                    t000289_s19_p18_qjpp.txt 36.3  4.6  229
  8.7  0.0  0.0 34.9  0.0  0.0  0.0  4.4  4.4  0.0  0.0  0.0  0.0  0.0  0.0
  0.0  0.0 17.5  4.4  0.0  0.0235.8 96.1 30.6  8.7  0.0  0.0  0.0  0.0  0.0
  0.0  0.0  0.0  4.4  0.0 13.1  4.4 13.1  0.0  0.0 13.1  0.0  4.4  8.7  0.0
  0.0  8.7  0.0  0.0  8.7 43.7 13.1  8.7  0.0  0.0 52.4  4.4  0.0 48.0  0.0
  0.0  0.0  0.0  0.0  0.0  0.0  0.0  0.0  0.0  0.0  0.0  0.0  0.0  0.0  0.0
  0.0  0.0  0.0  0.0  0.0  0.0  4.4  0.0  0.0  0.0  0.0  0.0  0.0  0.0  0.0
  0.0  0.0  0.0  4.4  0.0  0.0  0.0  0.0  0.0  0.0  0.0  0.0  0.0  0.0  0.0
  4.4  0.0  0.0  4.4  4.4  0.0  4.4  0.0  0.0  0.0  0.0  0.0  0.0  0.0  0.0
  0.0  0.0  0.0  0.0  0.0  0.0  0.0  0.0 13.1  0.0  4.4  0.0  0.0  4.4  0.0
  0.0  0.0  0.0  0.0  0.0  4.4  0.0  0.0  4.4  8.7  4.4  4.4  8.7  0.0  0.0
    -13.34     -5.44     -1.02      2.75      0.43  0.0  0.0  0.0  0.0  0.0
                                    t000289_s19_p19_qjpp.txt 10.5  5.5   48
 20.8  0.0  0.0187.5  0.0  0.0  0.0  0.0 41.7  0.0  0.0  0.0  0.0  0.0  0.0
  0.0  0.0  0.0  0.0  0.0  0.0291.7104.2 62.5  0.0  0.0 20.8  0.0  0.0  0.0
  0.0  0.0  0.0  0.0  0.0  0.0  0.0  0.0 20.8  0.0  0.0  0.0  0.0  0.0  0.0
 20.8  0.0 41.7  0.0  0.0  0.0  0.0 20.8  0.0  0.0125.0 41.7  0.0208.3  0.0
  0.0  0.0  0.0  0.0  0.0  0.0  0.0  0.0  0.0  0.0  0.0  0.0  0.0  0.0  0.0
  0.0  0.0  0.0 20.8  0.0 20.8  0.0  0.0  0.0  0.0  0.0  0.0  0.0  0.0  0.0
  0.0  0.0  0.0  0.0  0.0  0.0  0.0  0.0  0.0 20.8  0.0  0.0  0.0  0.0  0.0
 41.7  0.0  0.0 41.7  0.0  0.0 20.8  0.0  0.0  0.0  0.0  0.0  0.0  0.0  0.0
  0.0  0.0  0.0  0.0  0.0  0.0  0.0  0.0 20.8 20.8 41.7 20.8 20.8  0.0  0.0
  0.0  0.0  0.0  0.0  0.0 20.8  0.0 41.7 20.8  0.0  0.0 20.8  0.0  0.0  0.0
    -19.08     -1.72      0.97      0.12      3.09  0.0  0.0  0.0  0.0  0.0
                                     t000289_s19_p2_qjpp.txt 15.0  5.1   95
 31.6  0.0  0.0 73.7  0.0  0.0  0.0  0.0  0.0 10.5  0.0  0.0  0.0  0.0  0.0
  0.0  0.0 10.5 21.1  0.0  0.0200.0147.4 73.7  0.0  0.0  0.0  0.0  0.0  0.0
  0.0  0.0  0.0  0.0  0.0 21.1  0.0 10.5  0.0  0.0 21.1  0.0 10.5 10.5  0.0
  0.0  0.0 10.5  0.0 10.5 42.1 21.1 10.5  0.0  0.0 84.2  0.0  0.0 94.7 10.5
  0.0  0.0  0.0  0.0  0.0  0.0  0.0  0.0  0.0  0.0  0.0  0.0  0.0  0.0  0.0
  0.0  0.0  0.0  0.0  0.0 10.5  0.0  0.0  0.0  0.0  0.0  0.0  0.0  0.0  0.0
  0.0  0.0  0.0  0.0  0.0  0.0  0.0  0.0  0.0  0.0  0.0  0.0  0.0  0.0  0.0
 10.5  0.0  0.0 10.5  0.0  0.0  0.0  0.0  0.0  0.0  0.0  0.0  0.0  0.0  0.0
  0.0  0.0  0.0  0.0  0.0  0.0  0.0  0.0 21.1  0.0  0.0 10.5  0.0 31.6  0.0
  0.0  0.0 10.5  0.0  0.0  0.0  0.0 31.6 10.5  0.0  0.0  0.0 10.5  0.0  0.0
    -12.84     -5.73     -0.22      5.93      4.55  0.0  0.0  0.0  0.0  0.0
                                    t000289_s19_p20_qjpp.txt  7.3  4.6   30
  0.0  0.0  0.0133.3  0.0  0.0  0.0  0.0  0.0  0.0  0.0  0.0  0.0  0.0  0.0
  0.0  0.0 33.3 66.7  0.0  0.0233.3133.3 66.7  0.0  0.0  0.0  0.0 33.3  0.0
  0.0  0.0  0.0  0.0  0.0 33.3  0.0 33.3 33.3  0.0 66.7  0.0 33.3  0.0  0.0
  0.0  0.0  0.0  0.0 33.3133.3 66.7  0.0  0.0 33.3100.0  0.0 33.3133.3  0.0
 33.3  0.0  0.0  0.0  0.0  0.0  0.0  0.0  0.0  0.0  0.0  0.0  0.0  0.0  0.0
  0.0  0.0  0.0  0.0  0.0  0.0  0.0  0.0  0.0  0.0  0.0  0.0  0.0  0.0  0.0
  0.0  0.0  0.0  0.0  0.0  0.0  0.0  0.0  0.0  0.0  0.0  0.0  0.0  0.0  0.0
  0.0  0.0  0.0  0.0  0.0  0.0  0.0  0.0  0.0  0.0  0.0  0.0  0.0  0.0  0.0
  0.0  0.0  0.0  0.0  0.0  0.0  0.0  0.0 66.7  0.0 33.3  0.0  0.0 33.3  0.0
  0.0  0.0  0.0  0.0  0.0  0.0  0.0 33.3  0.0  0.0  0.0  0.0 33.3  0.0  0.0
      1.65     -5.73     18.69     43.83     17.21  0.0  0.0  0.0  0.0  0.0
                                    t000289_s19_p21_qjpp.txt 28.3  5.0  181
  5.5  5.5  0.0 71.8  0.0  0.0  0.0  0.0  0.0 16.6  0.0  5.5  0.0  0.0  0.0
  0.0  5.5  0.0  5.5  0.0  0.0221.0127.1 60.8 22.1  0.0  0.0  5.5  0.0  0.0
  0.0 11.0  0.0  0.0  5.5 22.1  5.5 44.2  0.0  0.0  0.0  0.0  0.0 38.7  0.0
  5.5  5.5  0.0  0.0 16.6 44.2 27.6 44.2  5.5  0.0127.1  0.0  0.0121.5  5.5
  0.0  0.0  0.0  0.0  0.0  0.0  0.0  0.0  0.0  0.0  0.0  0.0  0.0  0.0  0.0
  0.0  0.0  0.0  5.5  0.0  0.0  0.0  0.0  0.0  0.0  0.0  0.0  0.0  0.0  0.0
  0.0  0.0  0.0  0.0  0.0  0.0  0.0  0.0  0.0  0.0  5.5  0.0  0.0  0.0  0.0
  5.5  0.0  0.0  5.5  0.0  0.0  0.0  5.5  0.0  0.0  0.0  0.0  0.0  0.0  0.0
  0.0  5.5  0.0  0.0  0.0  0.0  0.0  5.5 16.6  0.0 11.0 16.6  0.0 11.0  0.0
  0.0  5.5  0.0  0.0  0.0  0.0  0.0 33.1 16.6 11.0  0.0  0.0 11.0  0.0  0.0
     -5.72     -3.98      2.19      3.92      4.02  0.0  0.0  0.0  0.0  0.0
                                    t000289_s19_p22_qjpp.txt 22.3  5.0  117
  8.5  0.0  0.0 59.8  0.0  0.0  0.0  0.0  0.0  8.5  8.5  0.0  0.0  0.0  0.0
  0.0  0.0 17.1  0.0  0.0  0.0222.2 85.5 51.3  8.5  0.0  0.0  0.0  0.0  0.0
  0.0  0.0  0.0  0.0  0.0 25.6  0.0  8.5  0.0  0.0  0.0  0.0  8.5  0.0  0.0
  0.0  0.0  8.5  8.5  8.5 25.6  0.0  0.0  0.0  0.0102.6  0.0  0.0 68.4  0.0
  0.0  0.0  0.0  0.0  0.0  0.0  0.0  0.0  0.0  0.0  0.0  0.0  0.0  0.0  0.0
  0.0  0.0  0.0  0.0  0.0  0.0  0.0  0.0  0.0  0.0  0.0  0.0  0.0  0.0  0.0
  0.0  0.0  0.0  0.0  0.0  0.0  0.0  0.0  0.0  0.0  8.5  0.0  0.0  0.0  0.0
  0.0  0.0  0.0  0.0  0.0  0.0  0.0  8.5  0.0  0.0  0.0  0.0  0.0  0.0  0.0
  0.0  0.0  0.0  0.0  0.0  0.0  0.0  0.0 25.6  0.0 17.1  0.0  0.0 34.2  0.0
  0.0  0.0  0.0  0.0  0.0  0.0  0.0 17.1  0.0  0.0  0.0  0.0  8.5  0.0  0.0
    -13.98     -5.45     -0.48     -4.57      1.72  0.0  0.0  0.0  0.0  0.0
                                    t000289_s19_p23_qjpp.txt 22.8  4.9  148
  6.8  0.0  0.0101.4  0.0  0.0  6.8  6.8  6.8  6.8  6.8  0.0  0.0  6.8  0.0
  0.0  0.0 13.5  0.0  0.0  0.0216.2162.2 47.3 13.5  0.0  6.8  0.0  6.8 13.5
  0.0  0.0  0.0  6.8  0.0 40.5 13.5 40.5  0.0  0.0  0.0  0.0  6.8  6.8  6.8
  0.0  0.0  0.0  0.0  6.8 54.1  0.0 13.5  0.0 20.3 67.6  6.8  0.0128.4  0.0
  0.0  0.0  0.0  0.0  0.0  0.0  0.0  0.0  0.0  0.0  0.0  0.0  0.0  0.0  0.0
  0.0  0.0  0.0  0.0  0.0  0.0  6.8  0.0  0.0  0.0  0.0  0.0  0.0  0.0  0.0
  0.0  0.0  0.0  6.8  6.8  0.0  0.0  0.0  0.0  0.0  0.0  0.0  0.0  0.0  0.0
  6.8  0.0  0.0  6.8  6.8  6.8 13.5  0.0  0.0  0.0  0.0  0.0  0.0  0.0  0.0
  0.0  0.0  0.0  0.0  0.0  0.0  0.0  0.0  6.8  0.0 13.5  0.0  0.0 33.8  0.0
  0.0 13.5  0.0  0.0  0.0  0.0  0.0 13.5 27.0 20.3 13.5 13.5 20.3  0.0  0.0
    -10.14     -3.98      7.47      3.05      6.82  0.0  0.0  0.0  0.0  0.0
                                    t000289_s19_p24_qjpp.txt 31.0  4.8  402
  2.5  0.0  0.0 42.3  0.0  0.0  7.5  0.0  0.0 12.4  2.5  2.5  0.0  0.0  0.0
  2.5  0.0  2.5  2.5  0.0  0.0251.2 94.5 47.3  5.0  0.0  5.0  0.0  0.0  0.0
  0.0  2.5  0.0  0.0  2.5 24.9  5.0  7.5  0.0  0.0 12.4  0.0  5.0 10.0  0.0
  0.0  5.0  5.0  0.0 14.9 22.4 12.4 10.0  0.0  0.0 79.6  0.0  0.0 57.2  5.0
  0.0  2.5  0.0  0.0  0.0  0.0  0.0  0.0  0.0  0.0  0.0  0.0  0.0  0.0  0.0
  0.0  0.0  0.0  2.5  0.0  0.0  2.5  2.5  0.0  0.0  2.5  0.0  0.0  2.5  0.0
  0.0  0.0  0.0  2.5  0.0  0.0  0.0  2.5  0.0  0.0  0.0  0.0  0.0  0.0  0.0
  5.0  2.5  5.0 12.4  2.5  2.5  5.0  0.0  0.0  0.0  0.0  0.0  0.0  0.0  0.0
  0.0  0.0  0.0  0.0  0.0  0.0  0.0  0.0 19.9  0.0  7.5 10.0  0.0  5.0  0.0
  0.0  0.0  0.0  0.0  0.0  2.5  0.0  7.5 12.4  0.0  0.0  0.0  5.0  0.0  0.0
    -15.20     -4.61     -0.25      1.09      0.99  2.5  0.0  0.0  0.0  0.0
                                    t000289_s19_p25_qjpp.txt 10.3  5.1   53
 18.9  0.0  0.0113.2  0.0  0.0 18.9  0.0  0.0  0.0  0.0  0.0  0.0 37.7  0.0
  0.0  0.0  0.0 37.7  0.0  0.0113.2132.1 18.9 37.7 18.9  0.0  0.0  0.0  0.0
  0.0  0.0  0.0  0.0  0.0 37.7  0.0  0.0  0.0  0.0 37.7  0.0  0.0 18.9  0.0
 18.9 18.9 18.9 18.9  0.0 37.7 56.6 37.7  0.0  0.0132.1 18.9  0.0169.8  0.0
  0.0  0.0  0.0  0.0  0.0  0.0  0.0  0.0  0.0  0.0  0.0  0.0  0.0  0.0  0.0
  0.0  0.0  0.0 18.9  0.0  0.0  0.0  0.0  0.0  0.0  0.0  0.0  0.0  0.0  0.0
  0.0  0.0  0.0  0.0  0.0  0.0  0.0  0.0  0.0  0.0  0.0  0.0  0.0  0.0  0.0
 18.9  0.0  0.0 18.9  0.0  0.0  0.0  0.0  0.0  0.0  0.0  0.0  0.0  0.0  0.0
  0.0  0.0  0.0  0.0  0.0  0.0  0.0  0.0  0.0  0.0  0.0  0.0  0.0  0.0  0.0
  0.0 18.9  0.0  0.0  0.0  0.0  0.0 37.7  0.0 37.7  0.0 37.7  0.0  0.0  0.0
     14.94     -3.65     -1.17     11.36      5.32  0.0  0.0  0.0  0.0  0.0
                                    t000289_s19_p26_qjpp.txt 17.8  5.2   99
 20.2  0.0  0.0 90.9  0.0  0.0  0.0  0.0  0.0 20.2 10.1  0.0  0.0  0.0  0.0
  0.0  0.0 10.1  0.0  0.0  0.0252.5151.5 30.3 10.1 10.1  0.0  0.0  0.0  0.0
 20.2  0.0  0.0  0.0 10.1 20.2  0.0 20.2  0.0  0.0 30.3  0.0 10.1  0.0 10.1
  0.0 10.1 10.1 10.1 20.2 60.6 10.1 10.1  0.0 20.2 50.5 10.1  0.0131.3  0.0
  0.0 10.1  0.0  0.0  0.0  0.0  0.0  0.0  0.0  0.0  0.0  0.0  0.0  0.0  0.0
  0.0  0.0  0.0  0.0  0.0  0.0 10.1  0.0 10.1  0.0  0.0  0.0  0.0  0.0  0.0
  0.0  0.0  0.0  0.0  0.0  0.0  0.0  0.0  0.0  0.0  0.0  0.0  0.0  0.0  0.0
 10.1 10.1  0.0 20.2  0.0  0.0  0.0  0.0  0.0  0.0  0.0  0.0  0.0  0.0  0.0
  0.0  0.0  0.0  0.0  0.0  0.0  0.0  0.0 10.1 20.2 20.2  0.0  0.0 10.1  0.0
 10.1  0.0  0.0  0.0  0.0  0.0  0.0 10.1 10.1 20.2  0.0 10.1 10.1  0.0  0.0
    -15.01     -4.95     15.22     12.63     10.46  0.0  0.0  0.0  0.0  0.0
                                    t000289_s19_p27_qjpp.txt  8.8  5.0   40
 25.0  0.0  0.0100.0  0.0  0.0  0.0  0.0  0.0  0.0  0.0  0.0  0.0  0.0  0.0
  0.0  0.0  0.0 25.0  0.0  0.0200.0150.0 50.0 25.0  0.0  0.0  0.0  0.0  0.0
  0.0  0.0  0.0  0.0 25.0 50.0  0.0 25.0  0.0  0.0 25.0 25.0 25.0  0.0  0.0
  0.0  0.0  0.0  0.0 25.0 50.0 25.0  0.0  0.0  0.0125.0  0.0  0.0125.0 25.0
  0.0  0.0  0.0  0.0  0.0  0.0  0.0  0.0  0.0  0.0  0.0  0.0  0.0  0.0  0.0
  0.0  0.0  0.0  0.0  0.0  0.0  0.0  0.0  0.0  0.0  0.0  0.0  0.0  0.0  0.0
  0.0  0.0  0.0  0.0  0.0  0.0  0.0  0.0  0.0  0.0  0.0  0.0  0.0  0.0  0.0
  0.0  0.0  0.0  0.0  0.0  0.0  0.0  0.0  0.0  0.0  0.0  0.0  0.0  0.0  0.0
  0.0  0.0  0.0  0.0  0.0  0.0  0.0  0.0 50.0  0.0  0.0  0.0  0.0 25.0  0.0
  0.0  0.0  0.0  0.0  0.0  0.0  0.0 25.0  0.0 50.0  0.0 25.0  0.0  0.0  0.0
    -14.75     -4.91     -9.22     21.25     12.00  0.0  0.0  0.0  0.0  0.0
                                    t000289_s19_p28_qjpp.txt 32.3  5.1  186
 10.8  0.0  0.0 75.3  0.0  0.0  0.0  0.0  0.0 21.5 10.8  0.0  0.0  0.0  0.0
  0.0  0.0 10.8 26.9  0.0  5.4317.2155.9 37.6  5.4 10.8  5.4  0.0  0.0 10.8
  0.0  0.0  0.0  0.0  5.4 43.0 10.8  0.0  0.0  0.0 16.1  5.4  5.4 10.8  5.4
  5.4 10.8  5.4  0.0 10.8 26.9 37.6 21.5  0.0 10.8 59.1 10.8  5.4107.5 16.1
  0.0  0.0  0.0  0.0  0.0  0.0  0.0  0.0  0.0  0.0  0.0  0.0  0.0  0.0  0.0
  0.0  0.0  0.0  0.0  0.0  0.0  0.0  0.0  0.0  0.0  0.0  0.0  0.0  0.0  0.0
  0.0  0.0  0.0  5.4  0.0  0.0  0.0  0.0  0.0  0.0  5.4  0.0  0.0  0.0  0.0
  0.0  0.0  0.0  0.0  5.4  0.0  5.4  5.4  0.0  0.0  0.0  0.0  0.0  0.0  0.0
  0.0  0.0  0.0  0.0  0.0  0.0  0.0  0.0 16.1  0.0 21.5 10.8  5.4  0.0  0.0
  0.0  0.0  0.0  0.0  0.0  5.4  0.0 32.3  0.0  5.4  0.0  5.4  5.4  0.0  0.0
    -10.58     -4.04      2.32      3.23      7.23  0.0  0.0  0.0  0.0  0.0
                                    t000289_s19_p29_qjpp.txt 32.3  4.4  206
  0.0  0.0  0.0 38.8  0.0  0.0  0.0  0.0  0.0  0.0  0.0  0.0  0.0  0.0  0.0
  0.0  0.0  0.0  0.0  0.0  0.0237.9 63.1 24.3  9.7  0.0  0.0  0.0  0.0  0.0
  0.0  0.0  0.0  4.9  0.0 29.1  4.9  0.0  0.0  0.0 19.4  9.7  0.0  9.7  4.9
  0.0  0.0  0.0  0.0  4.9 19.4  0.0 14.6  0.0  0.0 48.5  0.0  9.7 53.4  0.0
  0.0  0.0  0.0  0.0  0.0  0.0  0.0  0.0  0.0  0.0  0.0  0.0  0.0  0.0  0.0
  0.0  0.0  0.0  4.9  4.9  0.0  0.0  0.0  0.0  0.0  0.0  0.0  0.0  0.0  4.9
  0.0  0.0  0.0  0.0  0.0  0.0  0.0  0.0  0.0  0.0  4.9  0.0  0.0  0.0  0.0
  9.7  0.0  0.0  9.7  4.9  0.0  4.9  4.9  0.0  0.0  0.0  0.0  0.0  0.0  0.0
  0.0  0.0  0.0  0.0  0.0  0.0  0.0  0.0 29.1  0.0  0.0  0.0  0.0  4.9  4.9
  0.0  0.0  0.0  0.0  0.0  0.0  0.0  9.7  4.9  4.9  0.0  0.0  0.0  0.0  0.0
    -18.93     -5.41     -2.07      6.52      1.58  0.0  0.0  0.0  0.0  0.0
                                     t000289_s19_p3_qjpp.txt 28.8  4.0  256
 11.7  0.0  0.0 78.1  0.0  3.9  0.0  0.0  0.0  0.0  7.8  0.0  0.0  0.0  0.0
  0.0  0.0  3.9 11.7  0.0  0.0179.7 66.4 27.3  7.8  0.0  0.0  0.0  0.0  0.0
  0.0  0.0  0.0  0.0  3.9 11.7  3.9  3.9  3.9  0.0  0.0  0.0  0.0  3.9  0.0
  0.0  7.8  0.0  3.9  3.9  7.8 19.5  3.9  0.0  0.0 50.8  0.0  7.8 82.0  3.9
  0.0  0.0  0.0  0.0  0.0  0.0  0.0  0.0  0.0  0.0  0.0  0.0  0.0  0.0  0.0
  0.0  0.0  0.0  0.0  0.0  0.0  7.8  0.0  0.0  0.0  0.0  0.0  0.0  0.0  0.0
  0.0  0.0  3.9  0.0  0.0  0.0  0.0  0.0  0.0  0.0  0.0  0.0  0.0  0.0  0.0
  7.8  0.0  0.0  7.8  3.9  0.0  3.9  0.0  0.0  0.0  0.0  0.0  0.0  0.0  0.0
  0.0  0.0  0.0  0.0  0.0  0.0  0.0  0.0 11.7  0.0  0.0  7.8  0.0  7.8  0.0
  0.0  0.0  0.0  0.0  0.0  0.0  0.0 23.4  0.0 15.6  0.0  7.8  0.0  0.0  0.0
     -8.98     -5.47     -0.84     -4.42     -3.03  0.0  0.0  0.0  0.0  0.0
                                    t000289_s19_p30_qjpp.txt 25.5  5.0  157
  0.0  0.0  0.0101.9  6.4  0.0  6.4  0.0  0.0 12.7 12.7  0.0  0.0  0.0  0.0
  0.0  0.0  6.4  6.4  0.0  0.0293.0127.4 31.8  0.0  6.4  0.0  0.0  0.0  0.0
  0.0  0.0  0.0  0.0  0.0 57.3  0.0  0.0  0.0  0.0 51.0  0.0 12.7  6.4  0.0
  6.4 12.7  6.4  6.4 12.7 57.3 19.1 12.7  0.0  0.0 76.4 12.7 25.5133.8 19.1
  6.4  0.0  0.0  0.0  0.0  0.0  0.0  0.0  0.0  0.0  0.0  0.0  0.0  0.0  0.0
  0.0  0.0  0.0  0.0  6.4  0.0  0.0  0.0  0.0  0.0  0.0  0.0  0.0  0.0  0.0
  0.0  6.4  0.0  0.0  0.0  0.0  0.0  0.0  0.0  0.0  0.0  0.0  0.0  0.0  0.0
  6.4  0.0  0.0  6.4  6.4  0.0  6.4  0.0  0.0  0.0  0.0  0.0  0.0  0.0  0.0
  0.0  0.0  0.0  0.0  0.0  0.0  0.0  6.4 19.1 25.5  0.0  6.4  6.4  0.0  0.0
  0.0  0.0  0.0  0.0  0.0  0.0  0.0  6.4 12.7 12.7  0.0  6.4  6.4  0.0  0.0
    -15.10     -5.44     -2.28     17.66      7.36  0.0  0.0  0.0  0.0  0.0
                                    t000289_s19_p31_qjpp.txt 31.3  4.9  241
 12.4  0.0  0.0 41.5  0.0  0.0  4.1  0.0  0.0 12.4 12.4  0.0  0.0  0.0  0.0
  0.0  0.0 37.3  8.3  0.0  0.0253.1116.2 66.4 12.4  0.0  4.1  4.1  0.0  4.1
  0.0  0.0  0.0  4.1  4.1 41.5  4.1  0.0  0.0  0.0  0.0  4.1  8.3  4.1  4.1
  0.0  4.1  0.0  0.0  4.1 37.3 12.4  8.3  0.0  4.1 91.3  0.0  0.0 62.2  4.1
  0.0  0.0  0.0  0.0  0.0  0.0  0.0  0.0  0.0  0.0  0.0  0.0  0.0  0.0  0.0
  0.0  0.0  0.0  0.0  0.0  0.0  0.0  0.0  0.0  0.0  0.0  0.0  0.0  0.0  0.0
  0.0  0.0  0.0  0.0  0.0  0.0  0.0  0.0  0.0  0.0  0.0  0.0  4.1  4.1  0.0
  0.0  0.0  0.0  0.0  0.0  0.0  0.0  8.3  0.0  0.0  0.0  0.0  0.0  0.0  0.0
  0.0  0.0  0.0  0.0  0.0  0.0  0.0  4.1 20.7 12.4  8.3  4.1  0.0 16.6  0.0
  0.0  0.0  0.0  0.0  0.0 12.4  0.0 16.6  0.0  8.3  0.0  0.0  4.1  0.0  0.0
     -7.39     -3.75     -1.72     -4.95      5.38  0.0  0.0  0.0  0.0  0.0
                                     t000289_s19_p4_qjpp.txt 15.3  4.8   81
 12.3  0.0  0.0 98.8  0.0  0.0  0.0  0.0  0.0  0.0 12.3 12.3  0.0  0.0  0.0
  0.0  0.0 12.3  0.0  0.0  0.0246.9111.1 49.4 49.4 24.7 12.3  0.0 12.3 12.3
  0.0  0.0  0.0  0.0 12.3 24.7  0.0 12.3  0.0  0.0  0.0  0.0  0.0  0.0  0.0
  0.0 12.3  0.0  0.0 12.3 24.7 24.7  0.0  0.0 24.7 74.1 24.7  0.0111.1  0.0
  0.0  0.0  0.0  0.0  0.0  0.0  0.0  0.0  0.0  0.0  0.0  0.0  0.0  0.0  0.0
  0.0  0.0  0.0  0.0  0.0  0.0  0.0  0.0  0.0  0.0  0.0  0.0  0.0  0.0  0.0
  0.0  0.0  0.0  0.0  0.0  0.0  0.0  0.0  0.0  0.0  0.0  0.0  0.0  0.0  0.0
  0.0  0.0  0.0  0.0  0.0  0.0  0.0  0.0  0.0  0.0  0.0  0.0  0.0  0.0  0.0
  0.0  0.0  0.0  0.0  0.0  0.0  0.0 12.3 12.3  0.0 12.3  0.0 12.3  0.0  0.0
  0.0  0.0  0.0  0.0  0.0  0.0  0.0 24.7  0.0 12.3 12.3  0.0  0.0  0.0  0.0
     -8.45     -0.63      9.37     -3.67     -3.63  0.0 12.3  0.0  0.0  0.0
                                     t000289_s19_p5_qjpp.txt 14.8  4.4   79
 12.7  0.0  0.0151.9  0.0  0.0 12.7  0.0  0.0 12.7 12.7  0.0  0.0  0.0  0.0
 12.7  0.0 12.7 12.7  0.0 12.7151.9126.6 25.3  0.0  0.0 12.7  0.0  0.0  0.0
  0.0  0.0  0.0  0.0  0.0 38.0 38.0  0.0  0.0 12.7  0.0 12.7 12.7 25.3  0.0
  0.0 25.3  0.0  0.0 12.7 12.7 50.6 25.3  0.0  0.0101.3  0.0  0.0151.9  0.0
  0.0  0.0  0.0  0.0  0.0  0.0  0.0  0.0  0.0  0.0  0.0  0.0  0.0  0.0  0.0
  0.0  0.0  0.0  0.0  0.0  0.0 12.7  0.0  0.0  0.0  0.0  0.0  0.0  0.0  0.0
 12.7 12.7  0.0  0.0  0.0  0.0  0.0  0.0  0.0  0.0  0.0  0.0 12.7 12.7  0.0
 12.7  0.0  0.0 12.7 25.3  0.0 25.3 25.3  0.0  0.0  0.0  0.0  0.0  0.0  0.0
  0.0  0.0  0.0  0.0  0.0  0.0  0.0  0.0  0.0  0.0 12.7  0.0  0.0 25.3  0.0
  0.0 12.7  0.0  0.0  0.0  0.0  0.0 12.7  0.0 38.0  0.0 38.0  0.0  0.0  0.0
      6.81     -3.29     -1.18      4.21      8.12  0.0  0.0  0.0  0.0  0.0
                                     t000289_s19_p6_qjpp.txt 15.8  4.2  101
  0.0  0.0  0.0158.4  0.0  9.9  0.0  9.9  9.9  0.0 29.7  0.0  0.0  0.0  0.0
  0.0  0.0  0.0  9.9  0.0  0.0198.0108.9 29.7  0.0 19.8  0.0  9.9  0.0  9.9
  0.0  0.0  0.0  0.0  0.0 39.6  9.9  0.0  0.0  0.0  0.0  0.0  9.9  9.9  0.0
  0.0 19.8  9.9  0.0 19.8  0.0 29.7  9.9  0.0  9.9 59.4 29.7 29.7178.2  9.9
  0.0  0.0  0.0  0.0  0.0  0.0  0.0  0.0  0.0  0.0  0.0  0.0  0.0  0.0  0.0
  0.0  0.0  0.0  0.0  0.0  0.0  9.9  0.0  0.0  0.0  0.0  0.0  0.0  0.0  0.0
  0.0  0.0  9.9  0.0  0.0  9.9  0.0  0.0  0.0  0.0  0.0  0.0  0.0  0.0  0.0
  9.9  0.0  0.0  9.9  9.9  9.9 19.8  0.0  0.0  0.0  0.0  0.0  0.0  0.0  0.0
  0.0  0.0  0.0  0.0  0.0  0.0  0.0  0.0  0.0  0.0  9.9  0.0  0.0  0.0  0.0
  0.0  0.0  0.0  0.0  0.0  0.0  0.0 19.8  0.0 19.8  9.9 19.8  9.9  0.0  0.0
     -5.17     -3.01      3.67     -6.61      4.06  0.0  0.0  0.0  0.0  0.0
                                     t000289_s19_p7_qjpp.txt 21.0  4.8  145
 20.7  0.0  0.0 55.2  0.0  0.0  0.0  0.0  0.0  0.0  0.0  0.0  0.0  0.0  0.0
  0.0  0.0  6.9  0.0  0.0  0.0317.2158.6 62.1 34.5  6.9 20.7  0.0  0.0  6.9
  6.9  0.0  0.0  0.0  0.0 34.5  6.9  6.9  0.0  0.0  0.0  6.9  6.9  6.9  0.0
  0.0  6.9 27.6  0.0  6.9 13.8  6.9  6.9  0.0 13.8 75.9  6.9  0.0110.3  6.9
  0.0  0.0  0.0  0.0  0.0  0.0  0.0  0.0  0.0  0.0  0.0  0.0  0.0  0.0  0.0
  0.0  0.0  0.0 13.8  0.0 13.8  0.0  0.0  0.0  0.0  0.0  0.0  0.0  0.0  0.0
  0.0  0.0  0.0  0.0  0.0  0.0  0.0  0.0  0.0  0.0  0.0  0.0  0.0  0.0  0.0
 27.6  0.0  0.0 27.6  0.0  0.0  0.0  0.0  0.0  0.0  0.0  0.0  0.0  0.0  0.0
  0.0  0.0  0.0  0.0  0.0  0.0  0.0  0.0 20.7  6.9 13.8 13.8  0.0  0.0  6.9
  0.0  0.0  0.0  0.0  6.9  0.0  0.0 27.6 13.8 20.7  0.0  6.9  6.9  0.0  0.0
    -23.54     -0.31      8.73     -2.20      1.73  0.0  0.0  0.0  0.0  0.0
                                     t000289_s19_p8_qjpp.txt 31.8  5.1  193
  5.2  0.0  0.0 93.3  0.0  0.0  5.2  5.2  5.2 10.4  5.2  0.0  0.0  0.0  0.0
  0.0  0.0 20.7 15.5  0.0  0.0352.3134.7 15.5 10.4 15.5  0.0  0.0  5.2  5.2
  0.0  0.0  0.0  0.0  0.0 46.6 20.7  0.0  5.2  0.0  0.0  0.0  0.0 15.5  0.0
  0.0  5.2  0.0  0.0 15.5 20.7 20.7 15.5  0.0 10.4 57.0 20.7 10.4119.2  0.0
  0.0  0.0  0.0  0.0  0.0  0.0  0.0  0.0  0.0  0.0  0.0  0.0  0.0  0.0  0.0
  0.0  0.0  0.0  0.0  0.0  0.0  0.0  0.0  0.0 10.4  0.0  0.0  5.2  0.0  0.0
  0.0  0.0  0.0  0.0  5.2  0.0  0.0  5.2  0.0  0.0  0.0  0.0  0.0  0.0  0.0
  0.0 10.4  5.2 15.5  0.0 10.4 10.4  0.0  0.0  0.0  0.0  0.0  0.0  0.0  0.0
  0.0  0.0  0.0  0.0  0.0  0.0  0.0  5.2 20.7  5.2 41.5  5.2  0.0  5.2  0.0
  0.0  0.0  0.0  0.0  0.0  5.2  0.0 25.9  5.2 10.4  0.0  0.0 15.5  0.0  0.0
    -10.68     -4.70      3.96     -4.93     -1.27  0.0  0.0  0.0  0.0  0.0
                                     t000289_s19_p9_qjpp.txt 13.3  5.2   66
  0.0  0.0  0.0121.2  0.0  0.0  0.0  0.0  0.0  0.0  0.0  0.0  0.0  0.0  0.0
  0.0  0.0 15.2 15.2  0.0  0.0212.1166.7 45.5 15.2 15.2  0.0  0.0 15.2 15.2
  0.0  0.0  0.0  0.0  0.0 75.8  0.0  0.0  0.0  0.0  0.0 15.2 15.2 15.2  0.0
  0.0  0.0  0.0 15.2 15.2 15.2 15.2 15.2  0.0 30.3106.1 15.2  0.0121.2  0.0
 15.2  0.0  0.0  0.0  0.0  0.0  0.0  0.0  0.0  0.0  0.0  0.0  0.0  0.0  0.0
  0.0  0.0  0.0  0.0  0.0  0.0  0.0  0.0  0.0  0.0  0.0  0.0  0.0  0.0  0.0
  0.0  0.0  0.0  0.0  0.0  0.0  0.0  0.0  0.0  0.0  0.0  0.0 15.2  0.0  0.0
  0.0  0.0  0.0  0.0  0.0  0.0  0.0 15.2  0.0  0.0  0.0  0.0  0.0  0.0  0.0
  0.0  0.0  0.0  0.0  0.0  0.0  0.0  0.0  0.0  0.0 15.2  0.0 15.2 15.2  0.0
  0.0  0.0  0.0  0.0  0.0  0.0  0.0 30.3 15.2  0.0  0.0  0.0  0.0  0.0  0.0
    -15.52     -4.56     13.16     -0.54      8.14  0.0  0.0  0.0  0.0  0.0
                                      t000289_s2_p1_qjpp.txt  8.8  5.3   42
  0.0  0.0  0.0 47.6  0.0  0.0  0.0  0.0 23.8  0.0  0.0  0.0  0.0  0.0  0.0
  0.0  0.0  0.0 23.8  0.0  0.0357.1142.9 95.2  0.0 47.6  0.0  0.0  0.0  0.0
  0.0  0.0  0.0  0.0  0.0 47.6  0.0  0.0  0.0  0.0  0.0  0.0  0.0  0.0  0.0
  0.0 47.6  0.0  0.0 23.8  0.0 71.4  0.0  0.0  0.0119.0 71.4  0.0 47.6  0.0
  0.0  0.0  0.0  0.0  0.0  0.0  0.0  0.0  0.0  0.0  0.0  0.0  0.0  0.0  0.0
  0.0  0.0  0.0  0.0  0.0  0.0  0.0  0.0  0.0  0.0  0.0  0.0  0.0  0.0  0.0
  0.0  0.0  0.0  0.0  0.0  0.0  0.0  0.0  0.0  0.0  0.0  0.0  0.0  0.0  0.0
  0.0  0.0  0.0  0.0  0.0  0.0  0.0  0.0  0.0  0.0  0.0  0.0  0.0  0.0  0.0
  0.0  0.0  0.0  0.0  0.0  0.0  0.0  0.0 23.8  0.0 23.8  0.0  0.0  0.0  0.0
  0.0  0.0  0.0  0.0  0.0  0.0  0.0  0.0 23.8  0.0  0.0  0.0  0.0  0.0  0.0
    -25.52     -3.61     -1.73     -6.61     -3.63  0.0  0.0  0.0  0.0  0.0
                                      t000289_s6_p1_qjpp.txt 20.8  5.3  125
 16.0  0.0  0.0 64.0  0.0  0.0  8.0  0.0 16.0  0.0 16.0  0.0  0.0  0.0  0.0
  0.0  0.0  0.0  0.0  0.0  0.0368.0 96.0 24.0 40.0  0.0 16.0  0.0  8.0  0.0
  0.0  0.0  0.0  0.0  0.0 32.0 16.0 32.0  0.0  0.0 24.0  0.0  8.0  0.0  0.0
  0.0  8.0 24.0  0.0  8.0 56.0  8.0  0.0  0.0  8.0 32.0 16.0  0.0128.0  8.0
  8.0  0.0  0.0  0.0  0.0  0.0  0.0  0.0  0.0  0.0  0.0  0.0  0.0  0.0  0.0
  0.0  0.0  0.0  0.0  0.0  0.0  8.0  0.0  0.0  0.0  0.0  0.0  0.0  8.0  0.0
  0.0  0.0  0.0  0.0  0.0  0.0  0.0  0.0  0.0  0.0  0.0  0.0  0.0  0.0  0.0
  8.0  0.0  8.0 16.0  0.0  0.0  0.0  0.0  0.0  0.0  0.0  0.0  0.0  0.0  0.0
  0.0  0.0  0.0  0.0  0.0  0.0  0.0  0.0  8.0 24.0 48.0  8.0  8.0 24.0  0.0
  0.0  0.0  0.0  0.0  0.0  0.0  0.0 32.0 16.0 16.0  0.0  8.0  8.0  0.0  0.0
    -20.07     -1.34      3.86     12.44      1.37  0.0  0.0  0.0  0.0  0.0
                                      t000289_s6_p2_qjpp.txt 18.3  5.5  104
  9.6  0.0  0.0105.8  0.0  0.0  0.0  0.0  0.0  0.0  0.0  0.0  0.0  0.0  0.0
  0.0  0.0  0.0 19.2  0.0  0.0259.6105.8 48.1 19.2  9.6  9.6  9.6  0.0  9.6
  0.0  9.6  0.0  0.0  0.0 38.5  9.6  0.0  0.0  0.0  0.0  0.0  9.6 19.2  0.0
  0.0  0.0  9.6 19.2  9.6  0.0 28.8 19.2  0.0  9.6 86.5  9.6  9.6125.0  0.0
  0.0  0.0  0.0  0.0  0.0  0.0  0.0  0.0  0.0  0.0  0.0  0.0  0.0  0.0  0.0
  0.0  0.0  0.0  0.0  0.0  9.6  0.0  0.0  0.0  0.0  0.0  0.0  0.0  0.0  0.0
  0.0  9.6  0.0  0.0  0.0  0.0  0.0  0.0  0.0  0.0  0.0  0.0  0.0  0.0  0.0
  9.6  0.0  0.0  9.6  9.6  0.0  9.6  0.0  0.0  0.0  0.0  0.0  0.0  0.0  0.0
  0.0  0.0  0.0  0.0  0.0  0.0  0.0  9.6  0.0  9.6 28.8  9.6  0.0 28.8  0.0
  0.0  0.0  0.0  0.0  0.0  0.0  0.0  9.6  9.6  9.6  0.0  9.6  0.0  0.0  0.0
    -18.40     -1.04      7.16     -6.61      5.30  0.0  0.0  0.0  0.0  0.0
                                      t000289_s6_p3_qjpp.txt 27.8  4.8  369
  5.4  0.0  0.0 75.9  0.0  2.7  5.4  5.4  0.0  8.1  0.0  0.0  0.0  0.0  0.0
  0.0  0.0 24.4 16.3  0.0  0.0262.9162.6 37.9  5.4  8.1  2.7  0.0  0.0  2.7
  0.0  2.7  0.0  0.0  5.4 46.1  8.1 10.8  0.0  0.0  2.7  0.0  8.1  2.7  2.7
  5.4  2.7  0.0  5.4  2.7 37.9 21.7 10.8  0.0  2.7 67.8  8.1  0.0 97.6 10.8
  0.0  0.0  0.0  0.0  0.0  0.0  0.0  0.0  0.0  0.0  0.0  0.0  0.0  0.0  0.0
  0.0  0.0  0.0  0.0  0.0  0.0  5.4  0.0  0.0  0.0  0.0  0.0  2.7  5.4  0.0
  0.0  0.0  0.0  5.4  0.0  0.0  0.0  0.0  0.0  0.0  0.0  0.0  0.0  2.7  0.0
  5.4  0.0  8.1 13.6  5.4  0.0  5.4  2.7  0.0  0.0  0.0  0.0  0.0  0.0  0.0
  0.0  0.0  0.0  0.0  0.0  0.0  0.0  0.0  5.4  5.4  5.4 10.8  2.7 29.8  2.7
  0.0  0.0  0.0  0.0  0.0 10.8  0.0  2.7 10.8  2.7  0.0 10.8 16.3  0.0  0.0
     -9.12     -4.67     -0.88     -2.73      5.70  2.7  0.0  0.0  0.0  0.0
                                      t000289_s6_p4_qjpp.txt 33.0  5.3  207
  9.7  0.0  0.0 87.0  0.0  0.0  0.0  4.8  0.0  0.0  0.0  0.0  0.0  0.0  4.8
  0.0  0.0  0.0  9.7  0.0  0.0285.0130.4 38.6 14.5  9.7 14.5  4.8  0.0  4.8
  0.0  4.8  0.0  0.0  0.0 53.1  9.7  0.0  0.0  0.0  0.0  0.0  4.8  9.7  0.0
  4.8 14.5 14.5  0.0 14.5  0.0 29.0 14.5  0.0  4.8 91.8  9.7  0.0115.9  9.7
  0.0  0.0  0.0  0.0  0.0  0.0  0.0  0.0  0.0  0.0  0.0  0.0  0.0  0.0  0.0
  0.0  0.0  0.0  0.0  0.0  4.8  9.7  0.0  0.0  0.0  0.0  0.0  4.8  4.8  0.0
  4.8  0.0  0.0  0.0  0.0  0.0  0.0  0.0  0.0  0.0  0.0  0.0  0.0  0.0  0.0
 14.5  0.0  9.7 24.2  4.8  0.0  4.8  0.0  0.0  0.0  0.0  0.0  0.0  0.0  0.0
  0.0  0.0  0.0  0.0  0.0  0.0  0.0  0.0  4.8  4.8 38.6  4.8  0.0  4.8  9.7
  0.0  0.0  0.0  0.0  0.0  4.8  0.0 14.5  9.7  4.8  0.0  4.8 24.2  0.0  0.0
    -16.76     -1.14      2.16     -6.61      2.42  0.0  0.0  0.0  0.0  0.0
                                      t000289_s6_p5_qjpp.txt 33.3  5.2  201
  0.0  0.0  0.0 64.7  0.0  0.0  0.0  5.0  5.0  5.0  0.0  0.0  0.0  5.0  0.0
  0.0  0.0  0.0  5.0  0.0  0.0338.3174.1 59.7  0.0  0.0  0.0  0.0  0.0  0.0
  5.0  0.0  0.0  0.0  0.0 54.7  0.0  5.0  0.0  0.0  5.0  5.0 14.9  5.0  0.0
  0.0  5.0  0.0  5.0  0.0 10.0 10.0  5.0  0.0  5.0 84.6  5.0  0.0 74.6  5.0
  5.0  0.0  0.0  0.0  0.0  0.0  0.0  0.0  0.0  0.0  0.0  0.0  0.0  0.0  0.0
  0.0  0.0  0.0  0.0  0.0  0.0  0.0  0.0  0.0  0.0  0.0  0.0  0.0  0.0  0.0
  0.0  0.0  0.0  0.0  0.0  5.0  0.0  0.0  0.0  0.0  0.0  5.0  0.0  0.0  0.0
  0.0  0.0  0.0  0.0  0.0  5.0  5.0  5.0  0.0  0.0  0.0  0.0  0.0  0.0  0.0
  0.0  0.0  0.0  0.0  0.0  0.0  0.0  5.0 19.9  0.0 14.9 14.9 19.9  5.0  0.0
  0.0 10.0  0.0  0.0  0.0 10.0  0.0 14.9  5.0  0.0  0.0  0.0 10.0  5.0  0.0
    -23.88     -5.73      2.39     -1.06      6.46  0.0  0.0  0.0  0.0  0.0
                                      t000289_s7_p1_qjpp.txt 32.3  5.2  247
  4.0  0.0  0.0 56.7  0.0  0.0  0.0  0.0  0.0 20.2  4.0  4.0  0.0  0.0  0.0
  0.0  0.0  4.0  8.1  0.0  0.0372.5137.7 44.5 16.2  4.0 28.3  0.0  0.0  0.0
  0.0  4.0  0.0  0.0  4.0 36.4  8.1  0.0  0.0  0.0  0.0  4.0  8.1 16.2  0.0
  0.0  0.0  0.0  4.0  0.0  4.0 16.2 16.2  0.0  0.0 68.8  4.0  0.0 85.0  4.0
  4.0  0.0  0.0  0.0  0.0  0.0  0.0  0.0  0.0  0.0  0.0  0.0  0.0  0.0  0.0
  0.0  0.0  0.0  0.0  0.0  0.0  0.0  4.0  0.0  0.0  0.0  0.0  4.0  0.0  0.0
  0.0  0.0  0.0  0.0  0.0  0.0  0.0  0.0  4.0  0.0  0.0  0.0  0.0  0.0  0.0
  0.0  4.0  4.0  8.1  0.0  4.0  4.0  0.0  0.0  0.0  0.0  0.0  0.0  0.0  0.0
  0.0  0.0  0.0  0.0  0.0  0.0  0.0  4.0 40.5  8.1 36.4  4.0 16.2  8.1  0.0
  0.0  0.0  0.0  0.0  0.0 12.1  0.0  8.1 16.2 12.1  0.0  0.0 12.1  4.0  0.0
    -19.37      0.43     -0.79     -4.99      3.89  0.0  0.0  0.0  0.0  0.0
                                      t000289_s7_p2_qjpp.txt 30.8  5.6  179
  0.0  0.0  0.0 61.5  0.0  0.0  0.0  5.6  0.0  0.0  0.0 11.2  0.0  0.0  0.0
  0.0  0.0 11.2  5.6  0.0  0.0312.8150.8 83.8  0.0 11.2 11.2  0.0  0.0 11.2
  0.0  0.0  0.0  0.0  5.6 39.1  0.0  0.0 11.2  0.0  0.0 11.2 11.2  5.6  5.6
  0.0  0.0  5.6  5.6  5.6 11.2 16.8 11.2  0.0 11.2122.9 11.2  0.0 67.0  0.0
  5.6  0.0  0.0  0.0  0.0  0.0  0.0  0.0  0.0  0.0  0.0  0.0  0.0  0.0  0.0
  0.0  0.0  0.0  5.6  0.0  0.0  0.0  0.0  0.0  0.0  0.0  0.0  0.0  0.0  0.0
  0.0  0.0  0.0  0.0  0.0  0.0  0.0  0.0  0.0  0.0  0.0  0.0  0.0  0.0  0.0
  5.6  0.0  0.0  5.6  0.0  0.0  0.0  0.0  0.0  0.0  0.0  0.0  0.0  0.0  0.0
  0.0  0.0  0.0  0.0  0.0  0.0  0.0  0.0 16.8  0.0 33.5  0.0  5.6  0.0  0.0
  0.0  0.0  0.0  0.0  0.0  5.6  0.0 11.2 11.2  0.0  0.0  5.6  0.0  0.0  0.0
    -17.76     -3.08      2.70      1.47      8.50  5.6  0.0  0.0  0.0  0.0
                                      t000289_s7_p3_qjpp.txt 15.0  5.0   77
  0.0  0.0  0.0 90.9  0.0  0.0  0.0  0.0  0.0 13.0  0.0  0.0  0.0  0.0  0.0
  0.0  0.0  0.0 13.0  0.0  0.0285.7129.9 51.9 13.0 13.0  0.0  0.0  0.0 13.0
  0.0  0.0  0.0  0.0 13.0 13.0 13.0  0.0  0.0  0.0  0.0  0.0  0.0 13.0  0.0
  0.0  0.0  0.0 13.0  0.0  0.0 13.0 13.0  0.0 13.0 90.9 13.0 13.0129.9  0.0
  0.0  0.0  0.0  0.0  0.0  0.0  0.0  0.0  0.0  0.0  0.0  0.0  0.0  0.0  0.0
  0.0  0.0  0.0  0.0 13.0  0.0  0.0  0.0  0.0  0.0  0.0  0.0  0.0  0.0  0.0
 13.0  0.0  0.0  0.0  0.0  0.0  0.0  0.0  0.0  0.0 13.0  0.0  0.0  0.0  0.0
 13.0  0.0  0.0 13.0 13.0  0.0 13.0 13.0  0.0  0.0  0.0  0.0  0.0  0.0  0.0
  0.0  0.0  0.0  0.0  0.0  0.0  0.0  0.0 26.0 13.0  0.0 13.0 13.0 13.0  0.0
  0.0  0.0 13.0  0.0  0.0  0.0  0.0 13.0  0.0 13.0  0.0  0.0  0.0  0.0  0.0
    -19.91     -4.72      2.91     -6.61     -1.66  0.0  0.0  0.0  0.0  0.0
                                      t000289_s7_p4_qjpp.txt 24.8  5.4  146
  0.0  6.8  0.0 89.0  0.0  0.0  0.0  0.0  6.8  6.8 13.7  0.0  0.0  0.0  0.0
  0.0  0.0 13.7 13.7  0.0  6.8308.2137.0 20.5 13.7  0.0 20.5 13.7  6.8  6.8
  6.8  0.0  0.0  6.8  6.8 27.4 13.7  6.8  6.8  0.0  6.8  0.0  6.8  6.8  0.0
 13.7  0.0 20.5  0.0 13.7 27.4 13.7 20.5  0.0 20.5 41.1  6.8  0.0137.0 20.5
  6.8  0.0  0.0  0.0  0.0  0.0  0.0  0.0  0.0  0.0  0.0  0.0  0.0  0.0  0.0
  0.0  0.0  0.0  6.8  0.0 13.7  0.0  0.0  0.0  0.0  0.0  0.0  6.8  6.8  0.0
  6.8  0.0  6.8  0.0  0.0  0.0  0.0  0.0  0.0  0.0  0.0  0.0  0.0  0.0  0.0
 20.5  0.0 13.7 34.2 13.7  0.0 13.7  0.0  0.0  0.0  0.0  0.0  0.0  0.0  0.0
  0.0  0.0  0.0  0.0  0.0  0.0  0.0  0.0 34.2 20.5 20.5  6.8  6.8 20.5  0.0
  0.0  0.0  0.0  0.0  0.0  0.0  0.0 20.5  6.8 34.2  0.0  0.0 20.5  0.0  0.0
    -11.12      1.21      9.13      0.50      6.11  0.0  0.0  0.0  0.0  0.0
                                      t000289_s7_p5_qjpp.txt 16.0  5.4   89
  0.0  0.0  0.0 44.9  0.0  0.0  0.0  0.0  0.0  0.0  0.0  0.0  0.0  0.0  0.0
  0.0  0.0  0.0 11.2  0.0  0.0393.3179.8 67.4  0.0 22.5  0.0  0.0  0.0  0.0
  0.0 11.2  0.0  0.0  0.0 11.2  0.0  0.0  0.0  0.0  0.0  0.0  0.0 11.2  0.0
  0.0 11.2  0.0  0.0  0.0  0.0 33.7 11.2  0.0  0.0 78.7 22.5  0.0 56.2  0.0
  0.0  0.0  0.0  0.0  0.0  0.0  0.0  0.0  0.0  0.0  0.0  0.0  0.0  0.0  0.0
  0.0  0.0  0.0  0.0  0.0  0.0  0.0  0.0  0.0  0.0  0.0  0.0  0.0  0.0  0.0
  0.0  0.0  0.0  0.0  0.0  0.0  0.0  0.0  0.0  0.0  0.0  0.0  0.0  0.0  0.0
  0.0  0.0  0.0  0.0  0.0  0.0  0.0  0.0  0.0  0.0  0.0  0.0  0.0  0.0  0.0
  0.0  0.0  0.0  0.0  0.0  0.0  0.0  0.0 44.9 11.2 22.5 11.2  0.0 44.9  0.0
  0.0  0.0  0.0  0.0  0.0  0.0  0.0 11.2 11.2  0.0  0.0  0.0  0.0  0.0  0.0
    -30.35     -4.73      4.50     -6.61     -1.92  0.0  0.0  0.0  0.0  0.0
                                      t000290_s1_p1_qjpp.txt 30.8  5.6  215
 14.0  4.7  0.0 69.8  0.0  0.0  9.3  0.0  0.0  4.7  0.0  0.0  0.0  0.0  0.0
  0.0  0.0  4.7  9.3  0.0  0.0302.3158.1 51.2  4.7  4.7 14.0  4.7  4.7  0.0
  0.0  9.3  0.0  4.7  4.7 37.2  4.7  0.0  0.0  0.0  0.0  4.7  4.7 18.6  4.7
  0.0 23.3  9.3  0.0  0.0  4.7 41.9 23.3  0.0  4.7 83.7  4.7  0.0102.3 14.0
  0.0  0.0  0.0  0.0  0.0  0.0  0.0  0.0  0.0  0.0  0.0  0.0  0.0  0.0  0.0
  0.0  0.0  0.0  4.7  0.0  9.3  0.0  0.0  0.0  0.0  0.0  0.0  0.0  0.0  0.0
  4.7  0.0  0.0  0.0  0.0  0.0  0.0  0.0  0.0  0.0  9.3  0.0  0.0  0.0  0.0
 14.0  0.0  0.0 14.0  4.7  0.0  4.7  9.3  0.0  0.0  0.0  0.0  0.0  0.0  0.0
  0.0  0.0  0.0  0.0  0.0  0.0  0.0  0.0 23.3  4.7 23.3  0.0  0.0  0.0  4.7
  0.0  0.0  0.0  0.0  0.0  4.7  4.7 18.6  9.3 27.9  0.0  0.0  4.7  0.0  0.0
    -19.84     -1.82      2.34     -4.74      5.68  4.7  4.7  0.0  0.0  0.0
                                     t000290_s11_p1_qjpp.txt 22.5  5.4  120
  8.3  0.0  0.0 58.3  0.0  0.0  0.0  0.0  0.0  8.3  0.0  0.0  0.0  0.0  0.0
  8.3  0.0  8.3 16.7  0.0  8.3333.3116.7 66.7  8.3  0.0 25.0  8.3  0.0  8.3
  0.0  0.0  0.0  0.0  8.3 33.3  8.3  0.0  0.0  0.0  0.0  0.0  0.0  8.3  0.0
  0.0  8.3  0.0  0.0  0.0  8.3 25.0  8.3  0.0  8.3108.3  0.0  0.0 91.7  8.3
  0.0  0.0  0.0  0.0  0.0  0.0  0.0  0.0  0.0  0.0  0.0  0.0  0.0  0.0  0.0
  0.0  0.0  0.0  0.0  0.0  0.0  0.0  0.0  0.0  0.0  0.0  0.0  0.0  0.0  0.0
  0.0  0.0  8.3  0.0  0.0  0.0  0.0  0.0  0.0  0.0  0.0  0.0  0.0  0.0  0.0
  0.0  0.0  0.0  0.0  8.3  0.0  8.3  0.0  0.0  0.0  0.0  0.0  0.0  0.0  0.0
  0.0  0.0  0.0  0.0  0.0  0.0  0.0  0.0  8.3  0.0 16.7  0.0  0.0  0.0 25.0
  0.0  0.0  0.0  0.0  0.0  8.3  0.0  8.3  0.0 25.0  0.0  8.3  8.3  0.0  0.0
    -13.99      0.90      0.80     -6.61     -2.36  0.0  0.0  0.0  0.0  0.0
                                    t000290_s11_p10_qjpp.txt 34.0  5.4  298
  3.4  0.0  0.0 13.4  0.0  0.0  0.0  0.0  0.0  3.4  0.0  0.0  0.0  3.4  0.0
  0.0  0.0  0.0  6.7  0.0  0.0332.2147.7 83.9 47.0 13.4  6.7  0.0  3.4  6.7
  0.0  0.0  0.0  3.4 23.5 26.8  3.4  0.0  0.0  0.0  0.0  3.4  6.7  6.7  3.4
  3.4  3.4  3.4  6.7  0.0  0.0 10.1 13.4  0.0 10.1114.1 13.4  0.0 73.8  3.4
  0.0  0.0  0.0  0.0  0.0  0.0  0.0  0.0  0.0  0.0  0.0  0.0  0.0  0.0  0.0
  0.0  0.0  0.0  0.0  0.0  0.0  3.4  0.0  0.0  0.0  0.0  0.0  0.0  0.0  0.0
  0.0  0.0  0.0  0.0  0.0  0.0  0.0  0.0  0.0  0.0  0.0  0.0  0.0  0.0  0.0
  3.4  0.0  0.0  3.4  0.0  0.0  0.0  0.0  0.0  0.0  0.0  0.0  0.0  0.0  0.0
  0.0  0.0  0.0  0.0  0.0  0.0  0.0  3.4  6.7  3.4 13.4  0.0  0.0 16.8 13.4
  6.7  0.0  0.0  0.0  0.0  3.4  0.0  3.4  3.4 10.1  0.0 13.4  6.7  0.0  0.0
    -27.67     -2.30     -3.09     -5.26      5.25  0.0  0.0  0.0  0.0  0.0
                                    t000290_s11_p11_qjpp.txt 30.8  4.4  388
  0.0  2.6  0.0 67.0 18.0  2.6  0.0  2.6 33.5 15.5  0.0  7.7  0.0  5.2  2.6
  2.6  0.0  7.7 25.8  0.0  2.6265.5108.2 36.1 36.1 15.5  5.2 10.3  0.0  0.0
  0.0  0.0  0.0  2.6  2.6 36.1  2.6  2.6  0.0  5.2  5.2  0.0 10.3  7.7  0.0
  2.6  2.6  7.7  2.6  0.0 15.5 41.2 10.3  0.0  0.0 54.1 67.0 12.9110.8  7.7
  5.2  0.0  0.0  0.0  0.0  0.0  0.0  0.0  0.0  0.0  0.0  0.0  0.0  0.0  0.0
  0.0  0.0  0.0  7.7  0.0  2.6  0.0  0.0  0.0  0.0  0.0  0.0  2.6  0.0  0.0
  0.0  0.0  0.0  0.0  0.0  0.0  0.0  0.0  0.0  0.0  0.0  0.0  7.7  2.6  0.0
 10.3  0.0  2.6 12.9  0.0  0.0  0.0 10.3  0.0  0.0  0.0  0.0  0.0  0.0  0.0
  0.0  0.0  0.0  0.0  0.0  0.0  0.0 10.3  7.7  5.2 33.5  0.0  0.0 15.5 10.3
 15.5  0.0  0.0  0.0  0.0  5.2  2.6 20.6 15.5  2.6  0.0  7.7  0.0  2.6  0.0
      3.93     -0.95     -2.57     -1.19      4.82  2.6  0.0  0.0  0.0  0.0
                                    t000290_s11_p12_qjpp.txt 15.8  5.6   85
 11.8  0.0  0.0 82.4  0.0  0.0  0.0 11.8  0.0 23.5 11.8  0.0  0.0  0.0  0.0
  0.0  0.0 11.8  0.0  0.0  0.0247.1105.9 70.6 23.5 35.3  0.0  0.0  0.0  0.0
  0.0  0.0  0.0  0.0  0.0 70.6  0.0  0.0  0.0  0.0  0.0  0.0 23.5  0.0  0.0
  0.0  0.0 11.8  0.0  0.0 11.8  0.0  0.0  0.0  0.0 94.1 35.3  0.0105.9 11.8
  0.0  0.0  0.0  0.0  0.0  0.0  0.0  0.0  0.0  0.0  0.0  0.0  0.0  0.0  0.0
  0.0  0.0  0.0  0.0  0.0  0.0  0.0  0.0  0.0  0.0  0.0  0.0  0.0 11.8  0.0
  0.0  0.0  0.0  0.0  0.0  0.0  0.0  0.0  0.0  0.0  0.0  0.0  0.0  0.0  0.0
  0.0  0.0 11.8 11.8  0.0  0.0  0.0  0.0  0.0  0.0  0.0  0.0  0.0  0.0  0.0
  0.0  0.0  0.0  0.0  0.0  0.0  0.0  0.0 11.8 11.8 11.8  0.0 11.8 11.8 11.8
  0.0  0.0  0.0  0.0  0.0 23.5  0.0  0.0 11.8 11.8  0.0  0.0 23.5  0.0  0.0
    -13.31     -3.39     -3.04     -6.61     11.08  0.0  0.0  0.0  0.0  0.0
                                    t000290_s11_p13_qjpp.txt 32.0  5.5  183
  5.5  0.0  0.0 32.8  0.0  0.0  0.0 10.9  0.0 16.4  0.0  0.0  0.0  5.5  0.0
  0.0  0.0  0.0  0.0  0.0  0.0355.2147.5 65.6 10.9  0.0  5.5  0.0  0.0 10.9
  0.0 10.9  0.0  5.5  0.0 38.3  5.5  0.0  0.0  0.0  0.0 10.9  5.5  0.0  0.0
  0.0  0.0  0.0  0.0  0.0  0.0 10.9  0.0  0.0 10.9109.3  0.0  0.0 60.1 10.9
  0.0  0.0  0.0  0.0  0.0  0.0  0.0  0.0  0.0  0.0  0.0  0.0  0.0  0.0  0.0
  0.0  0.0  0.0  0.0  0.0  0.0  0.0  0.0  0.0  0.0  0.0  0.0  0.0  0.0  0.0
  0.0  0.0  5.5  0.0  0.0  0.0  0.0  0.0  0.0  0.0  0.0  0.0  0.0  0.0  0.0
  0.0  0.0  0.0  0.0  5.5  0.0  5.5  0.0  0.0  0.0  0.0  0.0  0.0  0.0  0.0
  0.0  5.5  0.0  0.0  0.0  0.0  0.0  5.5  0.0  0.0 21.9  0.0  0.0 32.8 21.9
  0.0  0.0  0.0  0.0  0.0 10.9  0.0 16.4  0.0  0.0  5.5 10.9  5.5  5.5  0.0
    -22.67     -4.32      6.75     -2.23     -0.21  0.0  0.0  0.0  0.0  0.0
                                    t000290_s11_p14_qjpp.txt 19.5  5.4  133
  7.5  0.0  0.0 67.7  0.0  0.0  0.0  7.5  0.0 15.0  0.0  0.0  0.0  0.0  0.0
  0.0  0.0  0.0 15.0  0.0  0.0330.8120.3 52.6  0.0  0.0  7.5  7.5  0.0  0.0
  7.5  0.0  0.0  7.5  7.5 30.1  7.5  0.0  0.0  0.0  0.0  0.0  0.0  7.5  0.0
  0.0 15.0  7.5  7.5  7.5  0.0 30.1  7.5  0.0  7.5105.3  0.0  0.0 82.7  0.0
  7.5  0.0  0.0  0.0  0.0  0.0  0.0  0.0  0.0  0.0  0.0  0.0  0.0  0.0  0.0
  0.0  0.0  0.0  7.5  0.0  0.0  0.0  0.0  0.0  0.0  0.0  0.0  0.0  0.0  0.0
  0.0  0.0  0.0  0.0  0.0  0.0  0.0  0.0  7.5  0.0  7.5  0.0  0.0  0.0  0.0
  7.5  0.0  0.0  7.5  0.0  7.5  7.5  7.5  0.0  0.0  0.0  0.0  0.0  0.0  0.0
  0.0  0.0  0.0  0.0  0.0  0.0  0.0  7.5  0.0  0.0 15.0  0.0  0.0  0.0  0.0
  0.0  0.0  0.0  0.0  0.0  0.0  0.0  0.0 15.0  7.5  0.0  0.0 15.0  0.0  0.0
    -19.23     -2.89      1.74     -6.61     -2.49  0.0  0.0  0.0  0.0  0.0
                                    t000290_s11_p15_qjpp.txt 20.0  4.7  118
 25.4  8.5  0.0 76.3  0.0  0.0  0.0 25.4 67.8  0.0  0.0 16.9  0.0  0.0  0.0
  8.5  0.0 16.9 25.4  0.0  0.0330.5 93.2 42.4 16.9  0.0  0.0  0.0  0.0  0.0
  8.5  0.0  0.0  0.0  8.5 25.4  0.0  0.0  0.0  0.0  0.0  0.0  0.0 16.9  0.0
  0.0  8.5  0.0  0.0  8.5 16.9 50.8 16.9  0.0  8.5 67.8 67.8  0.0101.7  0.0
  0.0  0.0  0.0  0.0  0.0  0.0  0.0  0.0  0.0  0.0  0.0  0.0  0.0  0.0  0.0
  0.0  0.0  0.0  0.0  8.5  0.0  0.0  0.0  0.0  0.0  0.0  0.0  0.0  0.0  0.0
  0.0  0.0  0.0  0.0  0.0  0.0  0.0  0.0  0.0  0.0  8.5  0.0  8.5  8.5  0.0
  8.5  0.0  0.0  8.5  0.0  0.0  0.0 25.4  0.0  0.0  0.0  0.0  0.0  0.0  0.0
  0.0  0.0  0.0  0.0  0.0  0.0  0.0  0.0 16.9  0.0 42.4  0.0  0.0  0.0  0.0
  0.0  0.0  0.0  0.0  0.0 16.9  0.0  0.0  8.5 42.4  0.0  0.0  0.0  0.0  0.0
     12.98     -5.17      4.74     -6.61     -1.06  0.0  0.0  0.0  0.0  0.0
                                    t000290_s11_p16_qjpp.txt 15.5  4.8   88
 22.7  0.0  0.0 90.9  0.0  0.0 11.4  0.0125.0  0.0  0.0 11.4  0.0  0.0  0.0
  0.0 11.4  0.0  0.0  0.0  0.0272.7113.6 11.4 45.5 34.1  0.0  0.0  0.0  0.0
  0.0  0.0  0.0  0.0 11.4 45.5  0.0  0.0 11.4  0.0  0.0  0.0 22.7  0.0  0.0
  0.0 11.4  0.0  0.0  0.0  0.0 22.7  0.0 11.4  0.0 22.7159.1 11.4113.6  0.0
  0.0  0.0  0.0  0.0  0.0  0.0  0.0  0.0  0.0  0.0  0.0  0.0  0.0  0.0  0.0
  0.0  0.0  0.0  0.0  0.0  0.0  0.0  0.0  0.0  0.0  0.0  0.0  0.0  0.0  0.0
  0.0  0.0  0.0  0.0  0.0  0.0  0.0  0.0  0.0  0.0  0.0  0.0  0.0  0.0  0.0
  0.0  0.0  0.0  0.0  0.0  0.0  0.0  0.0  0.0  0.0  0.0  0.0  0.0  0.0  0.0
  0.0  0.0  0.0  0.0  0.0  0.0  0.0 11.4 11.4 11.4  0.0  0.0  0.0  0.0  0.0
  0.0  0.0  0.0  0.0  0.0  0.0  0.0 11.4 11.4 34.1  0.0  0.0 11.4  0.0  0.0
     14.08     -2.72     -4.95     -2.94     10.58  0.0  0.0  0.0  0.0  0.0
                                    t000290_s11_p17_qjpp.txt 12.5  4.5   68
 14.7 14.7  0.0 73.5  0.0  0.0  0.0 29.4132.4  0.0 14.7  0.0  0.0  0.0  0.0
  0.0  0.0 14.7 14.7  0.0  0.0382.4132.4  0.0  0.0  0.0  0.0 14.7  0.0  0.0
  0.0  0.0  0.0  0.0  0.0 29.4  0.0 29.4  0.0  0.0  0.0  0.0  0.0  0.0  0.0
  0.0  0.0  0.0  0.0  0.0 44.1 14.7  0.0  0.0  0.0 14.7132.4  0.0 73.5  0.0
  0.0  0.0  0.0  0.0  0.0  0.0  0.0  0.0  0.0  0.0  0.0  0.0  0.0  0.0  0.0
  0.0  0.0  0.0 14.7  0.0  0.0  0.0  0.0  0.0  0.0  0.0  0.0  0.0  0.0  0.0
  0.0  0.0  0.0  0.0  0.0  0.0  0.0  0.0  0.0  0.0  0.0  0.0  0.0  0.0  0.0
 14.7  0.0  0.0 14.7  0.0  0.0  0.0  0.0  0.0  0.0  0.0  0.0  0.0  0.0  0.0
  0.0  0.0  0.0  0.0  0.0  0.0  0.0 14.7  0.0  0.0 73.5 14.7  0.0  0.0  0.0
  0.0  0.0  0.0  0.0  0.0  0.0  0.0  0.0 14.7 14.7  0.0  0.0  0.0  0.0  0.0
      2.04     -3.00     -0.70      0.40     -3.63  0.0  0.0  0.0  0.0  0.0
                                     t000290_s11_p2_qjpp.txt 31.8  5.3  274
  3.6  0.0  0.0 43.8  0.0  0.0  0.0  0.0  0.0  3.6  0.0  0.0  0.0  3.6  0.0
  0.0  0.0  0.0 10.9  0.0  0.0313.9171.5 80.3 14.6  0.0 10.9  0.0  0.0  0.0
  0.0  0.0  0.0  0.0 18.2 32.8  3.6  0.0  0.0  0.0  3.6  0.0  7.3  7.3  3.6
  0.0  3.6  7.3 10.9  7.3  3.6 14.6 10.9  0.0  0.0142.3  0.0  0.0 80.3  0.0
  0.0  0.0  0.0  0.0  0.0  0.0  0.0  0.0  0.0  0.0  0.0  0.0  0.0  0.0  0.0
  0.0  0.0  0.0  0.0  0.0  7.3  3.6  0.0  0.0  0.0  0.0  0.0  0.0  0.0  0.0
  0.0  0.0  0.0  3.6  0.0  0.0  0.0  0.0  0.0  0.0  7.3  0.0  0.0  0.0  0.0
 10.9  0.0  0.0 10.9  3.6  0.0  3.6  7.3  0.0  0.0  0.0  0.0  0.0  0.0  0.0
  0.0  0.0  0.0  0.0  0.0  0.0  0.0  7.3 14.6  0.0 18.2 18.2  3.6  0.0 10.9
  0.0  0.0  0.0  0.0  3.6  0.0  0.0  0.0  7.3  7.3  0.0  3.6  7.3  0.0  0.0
    -25.63     -3.14     -6.26     -4.87      4.85  7.3  0.0  3.6  0.0  0.0
                                     t000290_s11_p3_qjpp.txt 27.5  5.3  179
  5.6  0.0  0.0 22.3  0.0  0.0  5.6  5.6  0.0  0.0  0.0  0.0  0.0  0.0  0.0
  5.6  0.0  0.0 27.9  0.0  0.0340.8150.8 44.7 61.5  0.0  5.6  5.6  0.0  0.0
  0.0  0.0  0.0  5.6  0.0 22.3  0.0  0.0  0.0  0.0  0.0  0.0  0.0  5.6  0.0
  0.0  5.6 11.2  0.0  0.0  0.0 33.5  5.6  0.0  0.0 78.2  0.0  0.0134.1 16.8
  0.0  0.0  0.0  0.0  0.0  0.0  0.0  0.0  0.0  0.0  0.0  0.0  0.0  0.0  0.0
  0.0  0.0  0.0  0.0  0.0 11.2  0.0  0.0  0.0  0.0  0.0  0.0  0.0  0.0  0.0
  0.0  0.0  0.0  0.0  0.0  0.0  0.0  0.0  0.0  0.0  0.0  0.0  0.0  5.6  0.0
 11.2  0.0  0.0 11.2  0.0  0.0  0.0  5.6  0.0  0.0  0.0  0.0  0.0  0.0  0.0
  0.0  0.0  0.0  0.0  0.0  0.0  0.0  5.6 33.5  0.0 11.2 27.9  0.0  5.6  5.6
  0.0  0.0  0.0  0.0  0.0  0.0  0.0  5.6  0.0 16.8  0.0  0.0  5.6  5.6  0.0
    -18.17     -1.60     -1.89     -6.61     -2.78  0.0  0.0  5.6  0.0  0.0
                                     t000290_s11_p4_qjpp.txt 33.3  5.0  206
 14.6  0.0  0.0 29.1  0.0  0.0 14.6  4.9  0.0  4.9  4.9  0.0  0.0  0.0  0.0
  0.0  0.0  4.9 19.4  0.0  0.0305.8121.4 58.3 53.4  0.0  0.0  0.0  0.0  4.9
  0.0  0.0  0.0  0.0  4.9 43.7  9.7  0.0  0.0  4.9  0.0  0.0  0.0  4.9  0.0
  4.9  0.0 14.6 14.6  9.7  4.9 24.3  9.7  0.0  4.9116.5  0.0  0.0116.5 14.6
  0.0  0.0  0.0  0.0  0.0  0.0  0.0  0.0  0.0  0.0  0.0  0.0  0.0  0.0  0.0
  0.0  0.0  0.0  0.0  0.0 14.6  4.9  0.0  0.0  0.0  0.0  0.0  0.0  0.0  0.0
  4.9  0.0  0.0  4.9  0.0  0.0  0.0  0.0  0.0  0.0  4.9  0.0  0.0  0.0  0.0
 19.4  0.0  0.0 19.4  9.7  0.0  9.7  4.9  0.0  0.0  0.0  0.0  0.0  0.0  0.0
  0.0  0.0  0.0  0.0  0.0  0.0  0.0  0.0 24.3  0.0 24.3 14.6  0.0  9.7  9.7
  0.0  0.0  0.0  0.0  0.0  4.9  0.0  4.9  0.0  9.7  0.0  0.0 14.6  0.0  0.0
    -14.74     -3.97     -0.51     -4.40     -1.32  0.0  0.0  0.0  0.0  0.0
                                     t000290_s11_p5_qjpp.txt 33.0  5.4  260
  7.7  0.0  0.0 57.7  0.0  0.0 11.5  0.0  0.0  3.8  0.0  0.0  0.0  0.0  0.0
  0.0  0.0  0.0 15.4  0.0  0.0303.8134.6 69.2 30.8  3.8  7.7  0.0  7.7  3.8
  0.0  3.8  0.0  0.0  7.7 53.8  0.0  0.0  0.0  0.0  0.0  0.0 11.5  7.7  0.0
  0.0  0.0  0.0  7.7  3.8  0.0 19.2  7.7  0.0 11.5103.8  3.8  3.8103.8  3.8
  3.8  0.0  0.0  0.0  0.0  0.0  0.0  0.0  0.0  0.0  0.0  0.0  0.0  0.0  0.0
  0.0  0.0  0.0  0.0  0.0  0.0  0.0  0.0  0.0  0.0  0.0  0.0  0.0  0.0  0.0
  0.0  0.0  0.0  0.0  0.0  0.0  0.0  0.0  0.0  0.0  3.8  0.0  0.0  3.8  0.0
  0.0  0.0  0.0  0.0  0.0  0.0  0.0  7.7  0.0  0.0  0.0  0.0  0.0  0.0  0.0
  0.0  0.0  0.0  0.0  0.0  0.0  0.0  0.0 26.9  0.0 26.9  7.7  0.0 11.5  0.0
  0.0  0.0  0.0  0.0  7.7  0.0  7.7 15.4  0.0 11.5  0.0  7.7  7.7  0.0  0.0
    -21.13     -3.07      3.52     -6.61      4.75  0.0  0.0  0.0  0.0  0.0
                                     t000290_s11_p6_qjpp.txt 27.0  5.0  162
  0.0  0.0  0.0 24.7  0.0  0.0  0.0  0.0  6.2  0.0  0.0  0.0  0.0  0.0  0.0
  0.0  0.0  0.0 12.3  0.0  0.0382.7135.8 37.0 24.7  0.0 18.5  0.0  0.0  0.0
  0.0  0.0  0.0  6.2  6.2 30.9  0.0  0.0  0.0  0.0  0.0  6.2  0.0  6.2  6.2
  0.0  0.0  0.0  0.0  0.0  0.0 12.3 12.3  0.0  0.0 61.7  6.2  0.0 80.2  0.0
  0.0  0.0  0.0  0.0  0.0  0.0  0.0  0.0  0.0  0.0  0.0  0.0  0.0  0.0  0.0
  0.0  0.0  0.0  0.0  0.0  0.0  0.0  0.0  0.0  0.0  0.0  0.0  0.0  0.0  0.0
  0.0  0.0  0.0  0.0  0.0  0.0  0.0  0.0  0.0  0.0  0.0  0.0  0.0  0.0  0.0
  0.0  0.0  0.0  0.0  0.0  0.0  0.0  0.0  0.0  0.0  0.0  0.0  0.0  0.0  0.0
  0.0  0.0  0.0  0.0  0.0  0.0  0.0  0.0 12.3 12.3 18.5 12.3  0.0  0.0  6.2
  0.0  0.0  0.0  0.0  0.0  0.0  0.0  6.2  6.2  6.2  0.0  0.0  0.0  6.2  0.0
    -25.73     -1.35     -4.36     -4.14      2.06  0.0  0.0  0.0  0.0  0.0
                                     t000290_s11_p7_qjpp.txt 34.8  5.6  187
  0.0  0.0  0.0 53.5  0.0  0.0  0.0  0.0  5.3 21.4  5.3  0.0  0.0  0.0  0.0
  5.3  0.0  0.0 10.7  0.0  0.0299.5123.0 96.3  5.3  0.0  5.3  0.0  0.0  0.0
  5.3 10.7  0.0 10.7 10.7 53.5  0.0  5.3  5.3  5.3  0.0  5.3 10.7  5.3  0.0
  0.0  0.0  0.0  5.3  0.0  5.3 26.7  5.3  0.0  5.3128.3  5.3  0.0 64.2  0.0
  0.0  0.0  0.0  0.0  0.0  0.0  0.0  0.0  0.0  0.0  0.0  0.0  0.0  0.0  0.0
  0.0  0.0  0.0  0.0  0.0  0.0  0.0  0.0  0.0  0.0  0.0  0.0  0.0  0.0  0.0
  0.0  0.0  0.0  0.0  0.0  0.0  0.0  0.0  0.0  0.0  0.0  0.0  5.3  0.0  0.0
  0.0  0.0  0.0  0.0  0.0  0.0  0.0  5.3  0.0  0.0  0.0  0.0  0.0  0.0  0.0
  0.0  0.0  0.0  0.0  0.0  0.0  0.0  0.0  0.0  0.0 21.4  0.0  5.3  0.0  0.0
  0.0  0.0  0.0  0.0  5.3 10.7 10.7 10.7  0.0  0.0  0.0  0.0  0.0  0.0  0.0
    -21.41     -4.52      0.56      0.96      3.87  0.0  0.0  0.0  0.0  0.0
                                     t000290_s11_p8_qjpp.txt 32.8  5.4  277
  3.6  0.0  0.0 32.5  0.0  0.0  0.0  3.6  0.0  3.6  0.0  3.6  0.0  0.0  0.0
  7.2  0.0  0.0 14.4  0.0  0.0350.2140.8 46.9 14.4 14.4  7.2  3.6  0.0  0.0
  0.0  0.0  0.0  0.0  3.6 25.3  0.0  0.0  0.0  0.0  0.0  7.2  3.6  7.2  3.6
  0.0  3.6  0.0  3.6  7.2  0.0 21.7 10.8  0.0  0.0101.1 14.4  3.6 61.4  0.0
  0.0  0.0  0.0  0.0  0.0  0.0  0.0  0.0  0.0  0.0  0.0  0.0  0.0  0.0  0.0
  0.0  0.0  0.0  0.0  0.0  0.0  0.0  0.0  0.0  0.0  0.0  0.0  0.0  0.0  0.0
  0.0  0.0  0.0  0.0  0.0  0.0  0.0  0.0  0.0  0.0  0.0  0.0  3.6  0.0  0.0
  0.0  0.0  0.0  0.0  0.0  0.0  0.0  3.6  0.0  0.0  0.0  0.0  0.0  0.0  0.0
  0.0  0.0  0.0  0.0  0.0  0.0  0.0  3.6  7.2  0.0 28.9  0.0  7.2 72.2  3.6
  0.0  0.0  0.0  0.0  0.0  0.0  0.0 10.8  3.6  0.0  0.0  0.0  7.2  0.0  0.0
    -19.64     -2.55     -1.52     -3.72      2.50  0.0  0.0  0.0  0.0  0.0
                                     t000290_s11_p9_qjpp.txt 17.0  6.0   84
 11.9  0.0  0.0 47.6  0.0  0.0  0.0  0.0  0.0 11.9  0.0  0.0  0.0  0.0  0.0
  0.0  0.0  0.0  0.0  0.0  0.0381.0119.0107.1 35.7  0.0 11.9  0.0  0.0  0.0
  0.0 11.9  0.0 11.9  0.0 23.8  0.0  0.0 11.9  0.0  0.0 23.8 11.9 23.8  0.0
  0.0  0.0  0.0 11.9  0.0  0.0 11.9 23.8  0.0  0.0107.1  0.0  0.0 95.2 11.9
  0.0  0.0  0.0  0.0  0.0  0.0  0.0  0.0  0.0  0.0  0.0  0.0  0.0  0.0  0.0
  0.0  0.0  0.0  0.0  0.0  0.0  0.0  0.0  0.0  0.0  0.0  0.0  0.0  0.0  0.0
  0.0  0.0  0.0  0.0  0.0  0.0  0.0  0.0  0.0  0.0  0.0  0.0  0.0  0.0  0.0
  0.0  0.0  0.0  0.0  0.0  0.0  0.0  0.0  0.0  0.0  0.0  0.0  0.0  0.0  0.0
  0.0  0.0  0.0  0.0  0.0  0.0  0.0  0.0 23.8  0.0 23.8  0.0  0.0 11.9  0.0
 11.9  0.0  0.0  0.0  0.0 35.7 11.9 11.9  0.0 11.9  0.0  0.0 11.9  0.0  0.0
    -30.69     -2.26      0.63      6.76      7.42  0.0  0.0  0.0  0.0  0.0
                                     t000290_s14_p1_qjpp.txt 35.0  5.2  277
  3.6  0.0  0.0 39.7  0.0  0.0  3.6  3.6  3.6  0.0  3.6  3.6  0.0  3.6  0.0
  3.6  0.0  3.6  0.0  0.0  0.0343.0111.9 61.4 28.9  3.6  0.0  7.2  3.6  3.6
  0.0 10.8  0.0  0.0 14.4 10.8  0.0  3.6  3.6  0.0  0.0  0.0  0.0 14.4  0.0
  3.6  3.6  3.6  0.0  0.0  7.2 18.1 18.1  0.0  7.2 93.9  7.2  3.6 86.6  3.6
  0.0  0.0  0.0  0.0  0.0  0.0  0.0  0.0  0.0  0.0  0.0  0.0  0.0  0.0  0.0
  0.0  0.0  0.0  3.6  0.0  0.0  0.0  0.0  0.0  0.0  0.0  0.0  0.0  0.0  0.0
  0.0  0.0  0.0  0.0  0.0  0.0  0.0  0.0  0.0  0.0  0.0  0.0  0.0  0.0  0.0
  3.6  0.0  0.0  3.6  0.0  0.0  0.0  0.0  0.0  0.0  0.0  0.0  0.0  0.0  0.0
  0.0  0.0  0.0  0.0  0.0  0.0  0.0  0.0 18.1  0.0 14.4  0.0  3.6  7.2  3.6
  0.0  0.0  0.0  0.0  3.6  0.0  0.0  3.6  0.0  7.2  0.0  0.0 10.8  0.0  0.0
    -18.95     -3.28      4.05     -4.58     -0.27  0.0  0.0  0.0  0.0  0.0
                                     t000290_s14_p2_qjpp.txt 30.3  5.6  157
  0.0  0.0  0.0 25.5  0.0  0.0  0.0 12.7  0.0 12.7  0.0  6.4  0.0  0.0  0.0
  0.0  0.0  6.4  6.4  0.0  0.0350.3114.6 44.6 57.3  0.0  6.4  0.0  6.4  6.4
  0.0  0.0  0.0  0.0  6.4 51.0  6.4  0.0  0.0  0.0  0.0  6.4 12.7 19.1  6.4
  0.0  0.0  0.0  6.4  0.0  6.4 12.7 25.5  0.0 12.7 70.1  0.0  0.0127.4  6.4
  0.0  0.0  0.0  0.0  0.0  0.0  0.0  0.0  0.0  0.0  0.0  0.0  0.0  0.0  0.0
  0.0  0.0  0.0  0.0  0.0  0.0  0.0  0.0  0.0  6.4  0.0  0.0  0.0  6.4  0.0
  0.0  0.0  0.0  0.0  0.0  0.0  0.0  0.0  0.0  0.0 12.7  0.0  6.4  0.0  0.0
  0.0  6.4  6.4 12.7  0.0  0.0  0.0 19.1  0.0  0.0  0.0  0.0  0.0  0.0  0.0
  0.0  0.0  0.0  0.0  0.0  0.0  0.0  0.0 31.8  6.4 25.5  0.0 25.5  0.0  6.4
  0.0  6.4  0.0  0.0  0.0  6.4  0.0 19.1  0.0  0.0  6.4  0.0 12.7  0.0  0.0
    -17.11     -2.62      3.14     -4.06     12.13  0.0  0.0  0.0  0.0  0.0
                                     t000290_s14_p3_qjpp.txt 34.3  5.2  188
  0.0  0.0  0.0  5.3  0.0  0.0  0.0  0.0  0.0  5.3  0.0  0.0  0.0  0.0  0.0
  0.0  0.0  0.0  5.3  0.0  5.3398.9117.0 58.5 26.6  0.0  0.0  0.0  0.0  5.3
  0.0  0.0  0.0  5.3  5.3 10.6  5.3  0.0  5.3  0.0  0.0  5.3  0.0 26.6  0.0
  0.0  5.3  0.0  0.0  0.0  0.0 10.6 26.6  0.0  5.3 69.1  0.0  0.0 63.8 21.3
  0.0  0.0  0.0  0.0  0.0  0.0  0.0  0.0  0.0  0.0  0.0  0.0  0.0  0.0  0.0
  0.0  0.0  0.0  0.0  0.0  0.0  0.0  0.0  0.0  0.0  0.0  0.0  0.0  0.0  0.0
  0.0  0.0  0.0  0.0  0.0  0.0  0.0  0.0  0.0  0.0  0.0  0.0  0.0  0.0  0.0
  0.0  0.0  0.0  0.0  0.0  0.0  0.0  0.0  0.0  0.0  0.0  0.0  0.0  0.0  0.0
  0.0  5.3  0.0  0.0  0.0  0.0  0.0  0.0  5.3  5.3 16.0 21.3 16.0 10.6  0.0
  0.0  0.0  0.0  0.0  0.0  0.0  0.0 16.0  0.0  5.3  0.0  5.3  0.0  0.0  0.0
    -26.63     -4.85     -0.06     -2.76      0.40  0.0  0.0  0.0  0.0  0.0
                                     t000290_s14_p4_qjpp.txt 19.5  5.6  100
  0.0  0.0  0.0 40.0  0.0  0.0  0.0  0.0  0.0  0.0  0.0  0.0  0.0  0.0  0.0
  0.0  0.0 10.0 10.0  0.0  0.0360.0120.0 80.0 40.0 10.0 10.0  0.0  0.0  0.0
  0.0  0.0  0.0  0.0 20.0 30.0  0.0  0.0 10.0  0.0  0.0  0.0 10.0 40.0  0.0
 10.0  0.0  0.0  0.0 10.0 10.0 10.0 50.0  0.0  0.0110.0 10.0  0.0100.0  0.0
 10.0  0.0  0.0  0.0  0.0  0.0  0.0  0.0  0.0  0.0  0.0  0.0  0.0  0.0  0.0
  0.0  0.0  0.0  0.0  0.0  0.0  0.0  0.0  0.0  0.0  0.0  0.0  0.0  0.0  0.0
  0.0  0.0  0.0  0.0  0.0  0.0  0.0  0.0  0.0  0.0  0.0  0.0  0.0  0.0  0.0
  0.0  0.0  0.0  0.0  0.0  0.0  0.0  0.0  0.0  0.0  0.0  0.0  0.0  0.0  0.0
  0.0  0.0  0.0  0.0  0.0  0.0  0.0 10.0 10.0  0.0  0.0 20.0 20.0 10.0  0.0
  0.0  0.0  0.0  0.0  0.0 20.0  0.0 40.0  0.0  0.0  0.0  0.0  0.0  0.0  0.0
    -25.63     -2.04     -6.61     -3.38     11.91  0.0  0.0  0.0  0.0  0.0
                                     t000290_s14_p5_qjpp.txt 34.3  5.5  181
 11.0  0.0  0.0 77.3  0.0  0.0  5.5  0.0  0.0  0.0  0.0  0.0  0.0  0.0  0.0
  5.5  0.0 11.0  0.0  5.5  0.0337.0110.5 60.8  5.5 16.6  5.5  0.0  0.0  5.5
  0.0  0.0  0.0  0.0  0.0 22.1 11.0  0.0  0.0  0.0  5.5  0.0  5.5 11.0  5.5
  0.0 11.0  5.5  0.0  0.0 16.6 11.0 16.6  5.5  5.5 71.8 16.6  0.0 99.4  0.0
  0.0  0.0  0.0  0.0  0.0  0.0  0.0  0.0  0.0  0.0  0.0  0.0  0.0  0.0  0.0
  0.0  0.0  0.0  0.0  0.0  5.5  0.0  0.0  0.0  0.0  0.0  0.0  0.0  0.0  0.0
  0.0  0.0  0.0  0.0  0.0  0.0  0.0  0.0  0.0  0.0  0.0  0.0  0.0  0.0  0.0
  5.5  0.0  0.0  5.5  0.0  0.0  0.0  0.0  0.0  0.0  0.0  0.0  0.0  0.0  0.0
  0.0  0.0  0.0  0.0  0.0  0.0  0.0  0.0 11.0  5.5 22.1 11.0 11.0  0.0  0.0
  0.0 11.0  0.0  0.0  0.0  0.0  0.0  5.5 11.0 11.0  0.0  0.0 11.0  0.0  0.0
    -14.31     -3.75      2.48     -3.97      5.75  5.5  0.0  0.0  0.0  0.0
                                     t000290_s14_p6_qjpp.txt 19.0  5.6  101
  0.0  0.0  0.0  9.9  0.0  0.0  9.9  0.0  0.0  0.0  0.0  0.0  0.0  0.0  0.0
  0.0  0.0  0.0  9.9  0.0  0.0495.0 59.4 99.0 49.5  0.0  0.0  0.0  0.0  0.0
  0.0  0.0  0.0  0.0  0.0 19.8  0.0  0.0  0.0  0.0  0.0  9.9  0.0 29.7  0.0
  0.0  0.0  0.0  0.0  0.0  0.0  9.9 29.7  0.0  0.0138.6  0.0  0.0 69.3  9.9
  0.0  0.0  0.0  0.0  0.0  0.0  0.0  0.0  0.0  0.0  0.0  0.0  0.0  0.0  0.0
  0.0  0.0  0.0  0.0  0.0  0.0  0.0  0.0  0.0  0.0  0.0  0.0  0.0  0.0  0.0
  0.0  0.0  0.0  0.0  0.0  0.0  0.0  0.0  0.0  0.0  0.0  0.0  0.0  0.0  0.0
  0.0  0.0  0.0  0.0  0.0  0.0  0.0  0.0  0.0  0.0  0.0  0.0  0.0  0.0  0.0
  0.0  0.0  0.0  0.0  0.0  0.0  0.0 29.7  0.0  9.9 19.8  9.9  9.9  9.9  0.0
  0.0  0.0  0.0  0.0  0.0  0.0  9.9  9.9  0.0  9.9  0.0  0.0 29.7  0.0  0.0
    -29.70     -4.10     -0.15     -2.64      0.87  0.0  0.0  0.0  0.0  0.0
                                     t000290_s14_p7_qjpp.txt 30.0  5.5  255
  3.9  0.0  0.0 47.1  0.0  0.0  0.0  3.9  0.0  0.0  0.0  0.0  0.0  0.0  0.0
  0.0  0.0  7.8 15.7  0.0  0.0333.3125.5 70.6 27.5  7.8  0.0  3.9  0.0  7.8
  0.0  0.0  0.0  7.8  3.9 62.7 11.8  0.0  0.0  0.0  0.0 11.8  3.9 19.6  3.9
  3.9  3.9  0.0  7.8  0.0  7.8 19.6 27.5  0.0  7.8 90.2  7.8  0.0102.0  7.8
  0.0  0.0  0.0  0.0  0.0  0.0  0.0  0.0  0.0  0.0  0.0  0.0  0.0  0.0  0.0
  0.0  0.0  0.0  0.0  3.9  3.9  0.0  0.0  0.0  0.0  0.0  0.0  0.0  0.0  0.0
  7.8  0.0  0.0  0.0  0.0  0.0  0.0  0.0  0.0  0.0  7.8  0.0  0.0  0.0  0.0
  7.8  0.0  0.0  7.8  7.8  0.0  7.8  7.8  0.0  0.0  0.0  0.0  0.0  0.0  0.0
  0.0  0.0  0.0  0.0  0.0  0.0  0.0  7.8  3.9  3.9 51.0  3.9 11.8 11.8  0.0
  0.0  0.0  0.0  0.0  0.0  0.0 15.7 15.7  0.0 15.7  0.0  0.0  3.9  0.0  0.0
    -22.24     -3.75     -2.06     -1.90      6.08  0.0  0.0  0.0  0.0  0.0
                                     t000290_s14_p8_qjpp.txt 13.3  6.4   63
 15.9  0.0  0.0 79.4  0.0  0.0 15.9  0.0  0.0  0.0  0.0  0.0  0.0  0.0  0.0
  0.0  0.0 15.9  0.0  0.0  0.0333.3111.1111.1 15.9  0.0  0.0  0.0  0.0 15.9
  0.0  0.0  0.0  0.0  0.0 15.9  0.0  0.0  0.0  0.0  0.0 15.9 15.9 31.7 15.9
 15.9  0.0 15.9  0.0  0.0 15.9  0.0 63.5  0.0 15.9111.1  0.0  0.0142.9 15.9
  0.0  0.0  0.0  0.0  0.0  0.0  0.0  0.0  0.0  0.0  0.0  0.0  0.0  0.0  0.0
  0.0  0.0  0.0  0.0  0.0 15.9  0.0  0.0  0.0  0.0  0.0  0.0  0.0  0.0  0.0
  0.0  0.0  0.0  0.0  0.0  0.0  0.0  0.0  0.0  0.0  0.0  0.0  0.0  0.0  0.0
 15.9  0.0  0.0 15.9  0.0  0.0  0.0  0.0  0.0  0.0  0.0  0.0  0.0  0.0  0.0
  0.0  0.0  0.0  0.0  0.0  0.0  0.0  0.0  0.0 15.9 31.7 15.9  0.0  0.0  0.0
  0.0  0.0  0.0  0.0  0.0  0.0  0.0 63.5 15.9 31.7  0.0  0.0 15.9  0.0  0.0
    -22.64     -5.21      8.01     -0.26     28.43  0.0 15.9 15.9  0.0  0.0
                                     t000290_s14_p9_qjpp.txt 36.5  5.2  186
  0.0  0.0  0.0 59.1  0.0  0.0  0.0  0.0  0.0 10.8  0.0  0.0  0.0  0.0  0.0
  0.0  0.0  5.4 16.1  0.0  0.0322.6 96.8102.2 16.1 10.8  0.0  5.4  0.0  0.0
  0.0  0.0  0.0  0.0 10.8 32.3  5.4  0.0  5.4  0.0  0.0  0.0  5.4 16.1  5.4
  5.4  0.0  0.0  0.0  5.4  5.4 16.1 26.9  0.0  0.0123.7 10.8  0.0 96.8 10.8
  5.4  0.0  0.0  0.0  0.0  0.0  0.0  0.0  0.0  0.0  0.0  0.0  0.0  0.0  0.0
  0.0  0.0  0.0  0.0  0.0  0.0  0.0  0.0  0.0  5.4  0.0  0.0  0.0  0.0  0.0
  0.0  0.0  0.0  0.0  0.0  0.0  0.0  5.4  0.0  0.0  0.0  0.0  0.0  0.0  0.0
  0.0  5.4  0.0  5.4  0.0  5.4  5.4  0.0  0.0  0.0  0.0  0.0  0.0  0.0  0.0
  0.0  0.0  0.0  0.0  0.0  0.0  0.0  5.4 10.8  0.0 32.3  0.0 10.8  5.4  0.0
  0.0  0.0  0.0  0.0  0.0 37.6  0.0 21.5 10.8  5.4  5.4  0.0 26.9  0.0  0.0
    -21.91     -3.72     -4.02     -4.87      8.05  0.0  0.0  0.0  0.0  0.0
                                     t000290_s19_p1_qjpp.txt 23.3  4.8  136
  7.4  0.0  0.0 58.8  0.0  0.0  0.0  7.4  0.0 22.1  0.0  0.0  0.0  0.0  0.0
  7.4  0.0  0.0 14.7  0.0  0.0345.6147.1 36.8 14.7  0.0  0.0  7.4  0.0  7.4
  0.0  7.4  0.0  7.4 14.7 14.7  0.0  0.0  0.0  0.0  0.0  7.4  0.0  7.4  7.4
  0.0  0.0  7.4  7.4 22.1  0.0 22.1 14.7  0.0  7.4102.9  0.0  0.0 80.9  0.0
  0.0  0.0  0.0  0.0  0.0  0.0  0.0  0.0  0.0  0.0  0.0  0.0  0.0  0.0  0.0
  0.0  0.0  0.0  7.4  0.0  0.0  0.0  0.0  0.0  0.0  0.0  0.0  0.0  0.0  0.0
  0.0  0.0  0.0  0.0  0.0  0.0  0.0  0.0  0.0  0.0  0.0  0.0  0.0  0.0  0.0
  7.4  0.0  0.0  7.4  0.0  0.0  0.0  0.0  0.0  0.0  0.0  0.0  0.0  0.0  0.0
  0.0  0.0  0.0  0.0  0.0  0.0  0.0  0.0 14.7  0.0 36.8 14.7  0.0  7.4  7.4
  0.0  0.0  0.0  0.0  0.0  0.0  0.0  7.4  7.4  7.4  0.0  0.0  0.0  0.0  0.0
    -14.93     -3.88      0.11     -3.66      3.14  0.0  0.0  0.0  0.0  0.0
                                    t000290_s19_p10_qjpp.txt 23.5  5.0  136
  7.4  0.0  0.0 22.1  0.0  0.0  0.0  0.0  0.0  0.0  0.0  0.0  0.0  0.0  0.0
  0.0  0.0  0.0  0.0  0.0  0.0514.7 51.5 29.4  0.0  0.0  0.0  0.0  0.0  0.0
  0.0  0.0  0.0  0.0 14.7  7.4  0.0  0.0  0.0  0.0  0.0  0.0  0.0  7.4  0.0
  0.0  0.0  0.0  0.0  0.0  0.0  0.0  7.4  0.0  0.0 44.1  0.0  0.0 22.1  0.0
  0.0  0.0  0.0  0.0  0.0  0.0  0.0  0.0  0.0  0.0  0.0  0.0  0.0  0.0  0.0
  0.0  0.0  0.0  0.0  0.0  0.0  0.0  0.0  0.0  0.0  0.0  0.0  0.0  0.0  0.0
  0.0  0.0  0.0  0.0  0.0  0.0  0.0  0.0  0.0  0.0  0.0  0.0  0.0  0.0  0.0
  0.0  0.0  0.0  0.0  0.0  0.0  0.0  0.0  0.0  0.0  0.0  0.0  0.0  0.0  0.0
  0.0  0.0  0.0  0.0  0.0  0.0  0.0 44.1  0.0  0.0  0.0  0.0 44.1  7.4  0.0
  0.0  0.0  0.0  0.0  0.0  7.4  0.0  0.0  0.0  7.4  0.0  0.0  0.0  0.0  0.0
    -27.83     -5.73     -3.77     -6.61     -2.51  0.0  0.0  0.0  0.0  0.0
                                    t000290_s19_p11_qjpp.txt 21.8  5.5  124
  8.1  0.0  0.0 56.5  0.0  0.0  0.0  0.0  0.0  8.1  0.0  0.0  0.0  0.0  0.0
  0.0  0.0  0.0  8.1  0.0  0.0387.1185.5 72.6  8.1  0.0  0.0  0.0  0.0  0.0
  8.1  0.0  0.0  0.0  0.0 32.3  8.1  0.0  0.0  0.0  0.0  0.0  8.1  0.0  0.0
  0.0 16.1  0.0  8.1  8.1  0.0 24.2  0.0  0.0  8.1104.8  0.0  0.0 80.6  0.0
  0.0  0.0  0.0  0.0  0.0  0.0  0.0  0.0  0.0  0.0  0.0  0.0  0.0  0.0  0.0
  0.0  0.0  0.0  0.0  0.0  0.0  0.0  0.0  0.0  0.0  0.0  0.0  0.0  0.0  0.0
  0.0  0.0  0.0  0.0  0.0  0.0  0.0  0.0  0.0  0.0  0.0  0.0  0.0  0.0  0.0
  0.0  0.0  0.0  0.0  0.0  0.0  0.0  0.0  0.0  0.0  0.0  0.0  0.0  0.0  0.0
  0.0  0.0  0.0  0.0  0.0  0.0  0.0  0.0 16.1  0.0 56.5  8.1  0.0  8.1  0.0
  0.0  0.0  0.0  0.0  0.0  8.1  8.1 24.2  0.0 16.1  0.0  8.1  8.1  0.0  0.0
    -29.25     -5.46      6.47     -6.61      1.41  0.0  0.0  0.0  0.0  0.0
                                    t000290_s19_p12_qjpp.txt 32.5  5.0  261
  3.8  0.0  0.0 49.8  0.0  0.0  0.0  0.0  0.0  3.8  0.0  0.0  0.0  0.0  0.0
  0.0  0.0  0.0  0.0  0.0  0.0413.8118.8 26.8  0.0  0.0  0.0  0.0  0.0  0.0
  0.0  0.0  0.0  0.0  3.8 34.5  0.0  0.0  0.0  0.0  0.0  3.8  3.8 15.3  0.0
  0.0  3.8  0.0 11.5  3.8  0.0  3.8 15.3  0.0  0.0 38.3  0.0  0.0 49.8  0.0
  0.0  0.0  0.0  0.0  0.0  0.0  0.0  0.0  0.0  0.0  0.0  0.0  0.0  0.0  0.0
  0.0  0.0  0.0  0.0  0.0  0.0  0.0  0.0  0.0  0.0  0.0  0.0  0.0  0.0  0.0
  0.0  0.0  0.0  0.0  0.0  0.0  0.0  0.0  0.0  0.0  0.0  0.0  0.0  0.0  0.0
  0.0  0.0  0.0  0.0  0.0  0.0  0.0  0.0  0.0  0.0  0.0  0.0  0.0  0.0  0.0
  0.0  0.0  0.0  0.0  0.0  0.0  0.0 30.7  3.8  0.0 11.5  3.8 30.7  0.0  0.0
  0.0  0.0  0.0  0.0  0.0  0.0  3.8 11.5  0.0  3.8  0.0  3.8  7.7  0.0  0.0
    -26.55     -5.73     -2.11     -5.07      1.09  0.0  0.0  0.0  0.0  0.0
                                    t000290_s19_p13_qjpp.txt 10.3  5.4   69
  0.0  0.0  0.0 58.0  0.0  0.0  0.0  0.0 14.5  0.0  0.0  0.0  0.0  0.0  0.0
  0.0  0.0  0.0  0.0  0.0 14.5434.8173.9 87.0  0.0  0.0  0.0  0.0  0.0  0.0
  0.0  0.0  0.0  0.0  0.0 43.5 14.5  0.0  0.0  0.0  0.0  0.0  0.0  0.0  0.0
  0.0  0.0  0.0  0.0 14.5  0.0  0.0  0.0  0.0  0.0144.9 14.5  0.0 72.5  0.0
  0.0  0.0  0.0  0.0  0.0  0.0  0.0  0.0  0.0  0.0  0.0  0.0  0.0  0.0  0.0
  0.0  0.0  0.0  0.0  0.0  0.0  0.0  0.0  0.0  0.0  0.0  0.0  0.0  0.0  0.0
  0.0  0.0  0.0  0.0  0.0  0.0  0.0  0.0  0.0  0.0  0.0  0.0  0.0  0.0  0.0
  0.0  0.0  0.0  0.0  0.0  0.0  0.0  0.0  0.0  0.0  0.0  0.0  0.0  0.0  0.0
  0.0  0.0  0.0  0.0  0.0  0.0  0.0  0.0  0.0  0.0 29.0  0.0  0.0  0.0  0.0
  0.0  0.0  0.0  0.0  0.0  0.0  0.0 14.5  0.0  0.0  0.0  0.0  0.0  0.0  0.0
    -28.27     -5.73     -1.50     -6.61     -3.63  0.0  0.0  0.0  0.0  0.0
                                    t000290_s19_p14_qjpp.txt 11.5  5.2   71
  0.0  0.0  0.0 28.2  0.0  0.0  0.0  0.0  0.0  0.0  0.0  0.0  0.0  0.0  0.0
  0.0  0.0  0.0 14.1  0.0  0.0507.0183.1 42.3  0.0  0.0  0.0  0.0  0.0  0.0
  0.0 14.1  0.0  0.0 28.2  0.0  0.0  0.0  0.0  0.0  0.0  0.0  0.0 14.1  0.0
  0.0  0.0  0.0  0.0  0.0  0.0 28.2 14.1  0.0  0.0 70.4  0.0  0.0 42.3 14.1
  0.0  0.0  0.0  0.0  0.0  0.0  0.0  0.0  0.0  0.0  0.0  0.0  0.0  0.0  0.0
  0.0  0.0  0.0  0.0  0.0  0.0  0.0  0.0  0.0  0.0  0.0  0.0  0.0  0.0  0.0
  0.0  0.0  0.0  0.0  0.0  0.0  0.0  0.0  0.0  0.0  0.0  0.0  0.0  0.0  0.0
  0.0  0.0  0.0  0.0  0.0  0.0  0.0  0.0  0.0  0.0  0.0  0.0  0.0  0.0  0.0
  0.0  0.0  0.0  0.0  0.0  0.0  0.0  0.0  0.0  0.0  0.0  0.0 14.1  0.0  0.0
  0.0  0.0  0.0  0.0  0.0  0.0  0.0 14.1  0.0  0.0  0.0  0.0  0.0  0.0  0.0
    -31.55     -5.73     -2.09     -6.61     -1.49  0.0  0.0  0.0  0.0  0.0
                                    t000290_s19_p15_qjpp.txt 20.5  4.9  146
  6.8  0.0  0.0 75.3  0.0  6.8  0.0  0.0  0.0  0.0  0.0  0.0  0.0  0.0  0.0
  0.0  0.0  0.0  6.8  0.0  0.0267.1178.1 54.8  0.0  6.8  0.0  6.8  0.0  6.8
  0.0  0.0  0.0  0.0  6.8 41.1  0.0  0.0  0.0  0.0  0.0  6.8  0.0  6.8  0.0
  0.0 27.4  6.8  0.0 13.7  0.0 34.2  6.8  0.0  6.8102.7  6.8  6.8 68.5  0.0
  0.0  0.0  0.0  0.0  0.0  0.0  0.0  0.0  0.0  0.0  0.0  0.0  0.0  0.0  0.0
  0.0  0.0  0.0  0.0  0.0  0.0  6.8  0.0  0.0  0.0  0.0  0.0  0.0  0.0  0.0
  0.0  0.0  0.0  0.0  0.0  0.0  0.0  0.0  0.0  0.0  0.0  0.0  0.0  0.0  0.0
  6.8  0.0  0.0  6.8  0.0  0.0  0.0  0.0  0.0  0.0  0.0  0.0  0.0  0.0  0.0
  0.0  0.0  0.0  0.0  0.0  0.0  0.0  0.0  0.0  6.8  0.0  0.0  0.0  0.0  0.0
  0.0  0.0  0.0  0.0  0.0 13.7  0.0 13.7  0.0  0.0  0.0  0.0  6.8  0.0  0.0
    -22.15     -4.15      0.05     -3.87     -2.59  0.0  0.0  0.0  0.0  0.0
                                    t000290_s19_p16_qjpp.txt 18.3  5.1  149
  6.7  0.0  0.0 47.0  0.0  0.0  0.0  6.7  0.0  6.7  0.0  0.0  0.0  0.0  0.0
 13.4  0.0  0.0  6.7  0.0  0.0295.3181.2 60.4  6.7  0.0  0.0  0.0  0.0  0.0
  0.0  0.0  0.0 13.4  0.0 47.0  0.0  0.0  0.0  0.0  0.0 13.4  6.7 20.1  0.0
  0.0 20.1  0.0  6.7  6.7  0.0 26.8 20.1  0.0  0.0 80.5  0.0  0.0 60.4  6.7
  0.0  0.0  0.0  0.0  0.0  0.0  0.0  0.0  0.0  0.0  0.0  0.0  0.0  0.0  0.0
  0.0  0.0  0.0  0.0  0.0  0.0  0.0  0.0  0.0  0.0  0.0  0.0  0.0  0.0  0.0
  0.0  0.0  0.0  0.0  0.0  0.0  0.0  0.0  0.0  0.0  0.0  0.0  0.0  0.0  0.0
  0.0  0.0  0.0  0.0  0.0  0.0  0.0  0.0  0.0  0.0  0.0  0.0  0.0  0.0  0.0
  0.0  0.0  0.0  0.0  0.0  0.0  0.0  0.0  0.0  0.0 13.4  0.0  0.0  0.0  0.0
  0.0  0.0  0.0  0.0  0.0  0.0  0.0  6.7  0.0  0.0  0.0  0.0  0.0  0.0  0.0
    -18.91     -5.51     -5.53     -1.24      3.62  0.0  0.0  0.0  0.0  0.0
                                    t000290_s19_p17_qjpp.txt 10.5  5.2   76
 13.2  0.0  0.0 52.6  0.0  0.0  0.0 13.2 13.2  0.0  0.0  0.0  0.0  0.0  0.0
 26.3  0.0  0.0  0.0  0.0 13.2447.4144.7 65.8  0.0  0.0 13.2  0.0  0.0  0.0
  0.0  0.0  0.0  0.0 13.2  0.0 13.2  0.0  0.0  0.0  0.0 13.2  0.0 13.2  0.0
  0.0 13.2  0.0 26.3  0.0  0.0 13.2 13.2  0.0  0.0 92.1 13.2  0.0 78.9  0.0
  0.0  0.0  0.0  0.0  0.0  0.0  0.0  0.0  0.0  0.0  0.0  0.0  0.0  0.0  0.0
  0.0  0.0  0.0  0.0  0.0  0.0  0.0  0.0  0.0  0.0  0.0  0.0  0.0  0.0  0.0
  0.0  0.0  0.0  0.0  0.0  0.0  0.0  0.0  0.0  0.0 26.3  0.0  0.0  0.0  0.0
  0.0  0.0  0.0  0.0  0.0  0.0  0.0 26.3  0.0  0.0  0.0  0.0  0.0  0.0  0.0
  0.0  0.0  0.0  0.0  0.0  0.0  0.0  0.0  0.0  0.0  0.0  0.0  0.0  0.0  0.0
  0.0  0.0  0.0  0.0  0.0 13.2  0.0 13.2  0.0  0.0  0.0  0.0  0.0  0.0  0.0
    -12.15     -3.20     -2.90     -1.34     -1.63  0.0  0.0  0.0  0.0  0.0
                                     t000290_s19_p2_qjpp.txt 10.8  5.5   62
  0.0  0.0  0.0 80.6  0.0  0.0  0.0  0.0  0.0  0.0  0.0  0.0  0.0  0.0  0.0
  0.0  0.0  0.0  0.0  0.0  0.0354.8177.4112.9  0.0 32.3  0.0  0.0  0.0  0.0
  0.0  0.0  0.0  0.0  0.0 16.1  0.0  0.0  0.0  0.0  0.0  0.0  0.0  0.0  0.0
  0.0  0.0  0.0  0.0  0.0  0.0  0.0  0.0  0.0  0.0112.9 32.3  0.0 96.8  0.0
  0.0  0.0  0.0  0.0  0.0  0.0  0.0  0.0  0.0  0.0  0.0  0.0  0.0  0.0  0.0
  0.0  0.0  0.0  0.0  0.0  0.0  0.0  0.0  0.0  0.0  0.0  0.0  0.0  0.0  0.0
  0.0  0.0  0.0  0.0  0.0  0.0  0.0  0.0  0.0  0.0 32.3  0.0  0.0  0.0  0.0
  0.0  0.0  0.0  0.0  0.0  0.0  0.0 32.3  0.0  0.0  0.0  0.0  0.0  0.0  0.0
  0.0  0.0  0.0  0.0  0.0  0.0  0.0  0.0  0.0 16.1 32.3 16.1 16.1  0.0  0.0
  0.0  0.0  0.0  0.0  0.0 48.4  0.0 48.4  0.0 32.3  0.0 32.3  0.0  0.0  0.0
    -33.20     -4.29      0.06     -6.61     -3.63  0.0  0.0  0.0  0.0  0.0
                                     t000290_s19_p3_qjpp.txt 29.0  5.0  292
  3.4  0.0  0.0 13.7  0.0  0.0  0.0  0.0  0.0  0.0  0.0  0.0  0.0  0.0  0.0
  0.0  0.0  0.0  0.0  0.0  0.0469.2 54.8 27.4 24.0  0.0  0.0  0.0  0.0  0.0
  0.0  0.0  0.0  0.0  0.0 24.0  0.0  3.4  0.0  0.0  0.0  0.0  0.0 13.7  0.0
  0.0  3.4  0.0  3.4  0.0  3.4  3.4 13.7  0.0  0.0 54.8  0.0  3.4 34.2  0.0
  0.0  0.0  0.0  0.0  0.0  0.0  0.0  0.0  0.0  0.0  0.0  0.0  0.0  0.0  0.0
  0.0  0.0  0.0  0.0  0.0  0.0  0.0  0.0  0.0  0.0  0.0  0.0  0.0  0.0  0.0
  0.0  0.0  0.0  0.0  0.0  0.0  0.0  0.0  0.0  0.0  0.0  0.0  0.0  0.0  0.0
  0.0  0.0  0.0  0.0  0.0  0.0  0.0  0.0  0.0  0.0  0.0  0.0  0.0  0.0  0.0
  0.0  0.0  0.0  0.0  0.0  0.0  0.0 41.1  0.0  0.0  6.8  0.0 41.1  3.4  0.0
  0.0  0.0  0.0  0.0  0.0  0.0  3.4  3.4  0.0  3.4  0.0  0.0  0.0  0.0  0.0
    -27.32     -4.94     -0.39     -5.79     -1.55  0.0  0.0  0.0  0.0  0.0
                                     t000290_s19_p4_qjpp.txt 27.5  5.3  194
  0.0  0.0  0.0 72.2  0.0  0.0 10.3  5.2  0.0  0.0  0.0  0.0  0.0  0.0  0.0
  0.0  0.0  5.2  0.0  0.0  0.0340.2164.9 82.5  5.2  0.0  0.0  0.0  0.0  5.2
  0.0  0.0  0.0  0.0  5.2 15.5  0.0  0.0  0.0  0.0  0.0  5.2 10.3 20.6  0.0
  0.0  5.2  5.2 25.8  0.0  5.2  5.2 20.6  0.0  5.2128.9  0.0  0.0 72.2  0.0
  0.0  0.0  0.0  0.0  0.0  0.0  0.0  0.0  0.0  0.0  0.0  0.0  0.0  0.0  0.0
  0.0  0.0  0.0  0.0  0.0  0.0  0.0  0.0  0.0  5.2  0.0  0.0  0.0  0.0  0.0
  0.0  0.0  0.0  0.0  0.0  0.0  0.0  0.0  0.0  0.0  5.2  0.0  0.0  0.0  0.0
  0.0  5.2  0.0  5.2  0.0  0.0  0.0  5.2  0.0  0.0  0.0  0.0  0.0  0.0  0.0
  0.0  0.0  0.0  0.0  0.0  0.0  0.0  0.0  5.2  0.0 46.4  0.0  0.0  5.2  0.0
  0.0 10.3  0.0  0.0  0.0 10.3  0.0 25.8  0.0 10.3  0.0 10.3  0.0  0.0  0.0
    -25.40     -5.56      1.16     -4.54      5.94  0.0  0.0  0.0  0.0  0.0
                                     t000290_s19_p5_qjpp.txt 21.5  5.0  123
  8.1  0.0  0.0 48.8  0.0  0.0  8.1  0.0  0.0  8.1  0.0  0.0  0.0  0.0  0.0
 24.4  0.0  0.0  8.1  0.0  8.1243.9178.9 65.0 16.3  0.0  0.0  0.0  0.0  8.1
  8.1  0.0  0.0  0.0 16.3 40.7  8.1  0.0  0.0  0.0  8.1  0.0  0.0  8.1  0.0
  0.0 16.3  0.0  0.0  8.1  8.1 24.4  8.1  0.0 16.3113.8  0.0  0.0 73.2  8.1
  0.0  0.0  0.0  0.0  0.0  0.0  0.0  0.0  0.0  0.0  0.0  0.0  0.0  0.0  0.0
  0.0  0.0  0.0  0.0  0.0  0.0  0.0  0.0  0.0  0.0  0.0  0.0  0.0  0.0  0.0
  0.0  0.0  0.0  0.0  0.0  0.0  0.0  0.0  0.0  0.0  0.0  0.0  0.0  0.0  0.0
  0.0  0.0  0.0  0.0  0.0  0.0  0.0  0.0  0.0  0.0  0.0  0.0  0.0  0.0  0.0
  0.0  0.0  0.0  0.0  0.0  0.0  0.0  0.0 16.3  0.0 32.5  0.0  8.1  0.0  0.0
  0.0  0.0  0.0  0.0  8.1  8.1  0.0 24.4  0.0  0.0  0.0  0.0  0.0  0.0  0.0
     -9.38     -5.19      5.34     -2.73     -2.39  0.0  0.0  0.0  0.0  0.0
                                     t000290_s19_p6_qjpp.txt 28.0  4.9  479
  2.1  0.0  0.0 41.8  0.0  0.0  2.1  0.0  2.1  2.1  0.0  2.1  0.0  0.0  0.0
  0.0  0.0  0.0  2.1  0.0  0.0409.2106.5 29.2  0.0  4.2  0.0  6.3  0.0  4.2
  0.0  2.1  0.0  0.0  2.1 31.3  2.1  4.2  0.0  0.0  0.0  0.0  8.4  4.2  0.0
  0.0 14.6  2.1  4.2  8.4  4.2 20.9  4.2  0.0  4.2 56.4  6.3  0.0 52.2  6.3
  0.0  0.0  0.0  0.0  0.0  0.0  0.0  0.0  0.0  0.0  0.0  0.0  0.0  0.0  0.0
  0.0  0.0  0.0  0.0  0.0  0.0  2.1  0.0  0.0  0.0  0.0  0.0  0.0  0.0  0.0
  0.0  0.0  0.0  0.0  0.0  0.0  0.0  0.0  0.0  2.1  0.0  0.0  0.0  0.0  0.0
  2.1  0.0  0.0  2.1  0.0  0.0  2.1  0.0  0.0  0.0  0.0  0.0  0.0  0.0  0.0
  0.0  0.0  0.0  0.0  0.0  0.0  0.0 33.4  0.0  4.2 16.7  4.2 33.4  2.1  4.2
  0.0  2.1  0.0  0.0  0.0  2.1  0.0  2.1  4.2  4.2  0.0  2.1  4.2  0.0  0.0
    -24.25     -4.38      1.44     -5.61      2.23  0.0  0.0  0.0  0.0  0.0
                                     t000290_s19_p7_qjpp.txt 12.3  5.4   73
 13.7  0.0  0.0 41.1  0.0  0.0  0.0  0.0  0.0  0.0  0.0  0.0  0.0  0.0  0.0
  0.0  0.0  0.0  0.0  0.0  0.0356.2178.1 95.9  0.0  0.0  0.0  0.0  0.0  0.0
  0.0  0.0  0.0  0.0  0.0 27.4  0.0  0.0  0.0  0.0  0.0  0.0  0.0 13.7  0.0
  0.0 13.7  0.0 13.7  0.0  0.0 13.7 13.7  0.0  0.0205.5  0.0  0.0 54.8  0.0
  0.0  0.0  0.0  0.0  0.0  0.0  0.0  0.0  0.0  0.0  0.0  0.0  0.0  0.0  0.0
  0.0  0.0  0.0  0.0  0.0  0.0  0.0  0.0  0.0  0.0  0.0  0.0  0.0  0.0  0.0
  0.0  0.0  0.0  0.0  0.0  0.0  0.0  0.0  0.0  0.0  0.0  0.0  0.0  0.0  0.0
  0.0  0.0  0.0  0.0  0.0  0.0  0.0  0.0  0.0  0.0  0.0  0.0  0.0  0.0  0.0
  0.0  0.0  0.0  0.0  0.0  0.0  0.0  0.0  0.0  0.0 27.4  0.0  0.0 13.7  0.0
  0.0  0.0  0.0  0.0  0.0  0.0 13.7 13.7  0.0  0.0  0.0 13.7  0.0  0.0  0.0
    -31.85     -5.73     -0.58     -6.61     -1.55  0.0  0.0  0.0  0.0  0.0
                                     t000290_s19_p8_qjpp.txt 28.5  4.9  203
 14.8  0.0  0.0 78.8  0.0  4.9  4.9  0.0  0.0  0.0  0.0  0.0  0.0  0.0  0.0
  4.9  0.0  0.0 14.8  0.0  4.9325.1167.5 54.2  4.9  0.0  0.0  4.9  4.9  0.0
  0.0  0.0  0.0  0.0  4.9 49.3  4.9  0.0  0.0  4.9  4.9  0.0  9.9  9.9  0.0
  0.0 14.8  4.9  9.9  4.9  4.9 34.5  9.9  0.0  4.9 98.5  0.0  0.0 93.6  0.0
  0.0  0.0  0.0  0.0  0.0  0.0  0.0  0.0  0.0  0.0  0.0  0.0  0.0  0.0  0.0
  0.0  0.0  0.0  0.0  0.0  4.9  4.9  0.0  0.0  0.0  0.0  0.0  0.0  0.0  0.0
  0.0  0.0  0.0  4.9  0.0  0.0  0.0  0.0  0.0  0.0  0.0  0.0  4.9  0.0  0.0
  9.9  0.0  0.0  9.9  4.9  0.0  4.9  4.9  0.0  0.0  0.0  0.0  0.0  0.0  0.0
  0.0  0.0  0.0  0.0  0.0  0.0  0.0  0.0  9.9  0.0 14.8 19.7  0.0  4.9  9.9
  0.0  9.9  0.0  0.0  4.9  0.0  0.0 14.8  4.9  4.9  0.0  4.9  4.9  0.0  0.0
    -16.58     -4.65     -0.38     -2.02      4.02  0.0  0.0  0.0  0.0  0.0
                                     t000290_s19_p9_qjpp.txt 14.0  4.7   83
  0.0  0.0  0.0 72.3  0.0  0.0  0.0  0.0 12.0  0.0  0.0  0.0  0.0  0.0  0.0
  0.0  0.0  0.0 36.1  0.0  0.0325.3 96.4 24.1 36.1  0.0  0.0  0.0  0.0  0.0
  0.0  0.0  0.0  0.0 12.0 36.1 24.1  0.0  0.0  0.0  0.0  0.0  0.0  0.0  0.0
  0.0  0.0  0.0  0.0 36.1  0.0 36.1  0.0  0.0  0.0168.7 12.0  0.0120.5  0.0
  0.0  0.0  0.0  0.0  0.0  0.0  0.0  0.0  0.0  0.0  0.0  0.0  0.0  0.0  0.0
  0.0  0.0  0.0  0.0  0.0  0.0 12.0  0.0  0.0  0.0  0.0  0.0  0.0  0.0  0.0
  0.0  0.0  0.0 12.0  0.0  0.0  0.0  0.0  0.0  0.0  0.0  0.0  0.0  0.0  0.0
 12.0  0.0  0.0 12.0 12.0  0.0 12.0  0.0  0.0  0.0  0.0  0.0  0.0  0.0  0.0
  0.0  0.0  0.0  0.0  0.0  0.0  0.0  0.0  0.0  0.0 24.1  0.0  0.0  0.0  0.0
  0.0  0.0  0.0  0.0  0.0  0.0  0.0  0.0 12.0  0.0  0.0  0.0 12.0  0.0  0.0
    -14.67     -4.54     -4.62     -6.61     -3.63  0.0  0.0  0.0  0.0  0.0
                                      t000290_s2_p1_qjpp.txt 24.3  5.3  133
  0.0  0.0  0.0  7.5  0.0  0.0  0.0  0.0 15.0  0.0  0.0  0.0 15.0  0.0  0.0
  0.0  0.0  7.5 15.0  0.0  0.0413.5150.4 37.6 15.0  0.0  7.5  0.0  0.0  0.0
  7.5  0.0  0.0  0.0  0.0 30.1  7.5  0.0  0.0  0.0  0.0  0.0  7.5 22.6  0.0
  0.0  0.0  0.0  0.0  0.0  7.5 15.0 22.6  0.0  7.5 60.2 15.0  0.0 52.6 15.0
  0.0  0.0  0.0  0.0  0.0  0.0  0.0  0.0  0.0  0.0  0.0  0.0  0.0  0.0  0.0
  0.0  0.0  0.0  0.0  0.0  0.0  0.0  0.0  0.0  0.0  0.0  0.0  0.0  0.0  0.0
  0.0  0.0  0.0  0.0  0.0  0.0  0.0  0.0  0.0  0.0  0.0  0.0  0.0  0.0  0.0
  0.0  0.0  0.0  0.0  0.0  0.0  0.0  0.0  0.0  0.0  0.0  0.0  0.0  0.0  0.0
  0.0  0.0  0.0  0.0  0.0  0.0  0.0 15.0 37.6  0.0  0.0  0.0  0.0 15.0  7.5
  7.5  0.0  0.0  0.0  0.0  0.0  0.0 22.6  0.0  0.0  7.5  0.0  0.0  7.5  0.0
    -18.97     -3.79      6.10     -6.61      4.49  0.0  0.0  7.5  0.0  0.0
                                      t000290_s6_p1_qjpp.txt 27.3  5.3  168
  6.0  0.0  0.0 65.5  0.0  0.0 11.9  0.0 17.9  6.0  0.0  6.0  0.0  0.0  0.0
  0.0  0.0  6.0 11.9  6.0  0.0369.0148.8 47.6  6.0  0.0  6.0  0.0  0.0  6.0
  0.0  0.0  0.0  0.0  6.0 29.8  6.0  0.0 11.9  0.0  0.0  6.0  6.0  6.0  0.0
  0.0  0.0  0.0  6.0  6.0  6.0 17.9  6.0  6.0  6.0 71.4 17.9  0.0 89.3  0.0
  0.0  0.0  0.0  0.0  0.0  0.0  0.0  0.0  0.0  0.0  0.0  0.0  0.0  0.0  0.0
  0.0  0.0  0.0  0.0  0.0  0.0  0.0  0.0  0.0  0.0  0.0  0.0  0.0  0.0  0.0
  0.0  0.0  0.0  0.0  0.0  0.0  0.0  0.0  0.0  0.0  0.0  0.0  0.0  0.0  0.0
  0.0  0.0  0.0  0.0  0.0  0.0  0.0  0.0  0.0  0.0  0.0  0.0  0.0  0.0  0.0
  0.0  0.0  0.0  0.0  0.0  0.0  0.0  0.0 53.6 29.8 47.6  6.0  0.0  0.0  0.0
  6.0  0.0  0.0  0.0  6.0 17.9  0.0 11.9  0.0  0.0  0.0  6.0 17.9  6.0  0.0
    -10.65     -4.39      0.51     -0.38      1.00  0.0  0.0  0.0  0.0  0.0
                                     t000290_s6_p10_qjpp.txt 33.0  4.9  328
  6.1  0.0  0.0 82.3  0.0  0.0  6.1  0.0  3.0  3.0  0.0  0.0  0.0  3.0  0.0
  6.1  0.0  6.1 12.2  0.0  0.0268.3146.3 57.9 15.2  0.0  9.1  0.0  0.0  0.0
  0.0  6.1  0.0  0.0  6.1 51.8  6.1  0.0  3.0  0.0  0.0  3.0  6.1  0.0  0.0
  0.0  9.1  9.1  6.1  3.0  6.1 27.4  0.0  0.0  0.0 88.4  3.0  0.0118.9  6.1
  6.1  0.0  0.0  0.0  0.0  0.0  0.0  0.0  0.0  0.0  0.0  0.0  0.0  0.0  0.0
  0.0  0.0  0.0  3.0  0.0  3.0  0.0  0.0  0.0  0.0  0.0  0.0  0.0  3.0  0.0
  0.0  0.0  3.0  0.0  0.0  0.0  0.0  0.0  0.0  0.0  3.0  3.0  3.0  9.1  0.0
  6.1  0.0  3.0  9.1  3.0  0.0  3.0 18.3  0.0  0.0  0.0  0.0  0.0  0.0  0.0
  0.0  0.0  0.0  0.0  0.0  0.0  0.0  0.0  9.1  3.0 12.2 18.3  3.0  0.0 15.2
  0.0  0.0  0.0  0.0  3.0  3.0  0.0  6.1  3.0 12.2  0.0  6.1 15.2  0.0  0.0
    -14.27     -3.47     -1.51     -4.40      0.18  0.0  0.0  0.0  0.0  0.0
                                     t000290_s6_p11_qjpp.txt 20.3  5.5  119
  0.0  0.0  0.0 50.4  0.0  0.0  0.0  0.0  8.4  8.4  0.0  0.0  0.0  0.0  0.0
  0.0  0.0  0.0  8.4  0.0  0.0327.7184.9 75.6  8.4  8.4 16.8  0.0  0.0  0.0
  0.0  0.0  0.0  0.0  8.4 25.2  8.4  0.0  0.0  0.0  0.0  8.4  0.0  8.4  0.0
  8.4  0.0  0.0  0.0  0.0  0.0  8.4 16.8  0.0  0.0 92.4 16.8  0.0 92.4  8.4
  0.0  0.0  0.0  0.0  0.0  0.0  0.0  0.0  0.0  0.0  0.0  0.0  0.0  0.0  0.0
  0.0  0.0  0.0  0.0  0.0  8.4  0.0  0.0  0.0  0.0  0.0  0.0  0.0  0.0  0.0
  8.4  0.0  0.0  0.0  0.0  0.0  0.0  0.0  0.0  0.0  0.0  0.0  0.0  0.0  0.0
  8.4  0.0  0.0  8.4  8.4  0.0  8.4  0.0  0.0  0.0  0.0  0.0  0.0  0.0  0.0
  0.0  0.0  0.0  0.0  0.0  0.0  0.0  0.0 75.6  8.4  8.4  0.0  8.4  0.0  8.4
  0.0  0.0  0.0  0.0 16.8  0.0 16.8  0.0  8.4  8.4  0.0  8.4 25.2  0.0  0.0
    -28.28     -1.85     -2.93     -3.24      0.36  0.0  0.0  0.0  0.0  0.0
                                      t000290_s6_p2_qjpp.txt 26.8  5.1  141
 21.3  7.1  0.0 63.8  0.0  0.0  7.1  7.1  7.1  0.0  0.0  0.0  0.0  7.1  0.0
  7.1  0.0  7.1  7.1  0.0  0.0255.3127.7 70.9  0.0  0.0 14.2  0.0  0.0  7.1
  0.0  0.0  0.0  0.0  7.1 28.4  0.0  0.0  0.0  0.0  0.0  0.0  7.1  7.1  0.0
  0.0 21.3  7.1  7.1  7.1  7.1 28.4  7.1  0.0  7.1170.2  7.1  0.0 92.2  7.1
  0.0  0.0  0.0  0.0  0.0  0.0  0.0  0.0  0.0  0.0  0.0  0.0  0.0  0.0  0.0
  0.0  0.0  0.0  0.0  0.0  7.1  0.0  0.0  0.0  0.0  0.0  0.0  0.0  0.0  0.0
  0.0  0.0  0.0  0.0  0.0  0.0  0.0  0.0  0.0  0.0  0.0  0.0  0.0  0.0  0.0
  7.1  0.0  0.0  7.1  0.0  0.0  0.0  0.0  0.0  0.0  0.0  0.0  0.0  0.0  0.0
  0.0  0.0  0.0  0.0  0.0  0.0  0.0  0.0 21.3 14.2 14.2  7.1  0.0  7.1  7.1
  0.0  0.0  0.0  0.0  0.0  7.1  0.0 28.4  0.0 14.2  0.0  0.0  7.1  0.0  0.0
     -8.71     -3.00      0.82     -6.61      1.88  7.1  0.0  0.0  0.0  0.0
                                      t000290_s6_p3_qjpp.txt 30.8  4.9  360
 13.9  0.0  0.0 86.1  0.0  0.0  2.8  2.8  0.0  8.3  0.0  0.0  0.0  0.0  0.0
  0.0  0.0  0.0 13.9  0.0  0.0286.1158.3 44.4  0.0 11.1  0.0 13.9  0.0  0.0
  0.0  2.8  0.0  0.0  8.3 61.1  8.3  0.0  0.0  0.0  0.0  0.0 13.9  0.0  0.0
  2.8 16.7  5.6  2.8  8.3  0.0 33.3  2.8  0.0  0.0 72.2 11.1  0.0 97.2  5.6
  2.8  0.0  0.0  0.0  0.0  0.0  0.0  0.0  0.0  0.0  0.0  0.0  0.0  0.0  0.0
  0.0  0.0  0.0  5.6  0.0  0.0  2.8  0.0  0.0  0.0  0.0  0.0  0.0  0.0  0.0
  0.0  0.0  0.0  2.8  0.0  0.0  0.0  0.0  0.0  0.0  0.0  0.0  5.6  0.0  0.0
  8.3  0.0  0.0  8.3  2.8  0.0  2.8  5.6  0.0  0.0  0.0  0.0  0.0  0.0  0.0
  0.0  0.0  0.0  0.0  0.0  0.0  0.0  0.0 19.4  2.8 13.9 13.9  5.6  2.8  0.0
  0.0  5.6  0.0  0.0  2.8  2.8  0.0 11.1  8.3  8.3  0.0 11.1 11.1  0.0  0.0
    -18.33     -2.66     -3.92     -6.61      5.95  0.0  2.8  0.0  0.0  0.0
                                      t000290_s6_p4_qjpp.txt 12.5  6.4   64
  0.0  0.0  0.0 78.1  0.0  0.0  0.0  0.0  0.0  0.0  0.0  0.0  0.0  0.0  0.0
  0.0  0.0  0.0 15.6  0.0  0.0390.6109.4 46.9 31.3 15.6 15.6  0.0  0.0  0.0
  0.0 15.6  0.0  0.0  0.0 78.1  0.0  0.0  0.0  0.0  0.0  0.0 15.6  0.0  0.0
  0.0  0.0  0.0  0.0  0.0  0.0 31.3  0.0  0.0  0.0109.4 15.6  0.0109.4  0.0
  0.0  0.0  0.0  0.0  0.0  0.0  0.0  0.0  0.0  0.0  0.0  0.0  0.0  0.0  0.0
  0.0  0.0  0.0  0.0  0.0  0.0  0.0  0.0  0.0  0.0  0.0  0.0  0.0  0.0  0.0
  0.0  0.0  0.0  0.0  0.0  0.0  0.0  0.0  0.0  0.0  0.0  0.0  0.0  0.0  0.0
  0.0  0.0  0.0  0.0  0.0  0.0  0.0  0.0  0.0  0.0  0.0  0.0  0.0  0.0  0.0
  0.0  0.0  0.0  0.0  0.0  0.0  0.0  0.0 15.6  0.0  0.0  0.0  0.0  0.0  0.0
  0.0  0.0  0.0  0.0  0.0  0.0  0.0 62.5  0.0  0.0  0.0  0.0 15.6  0.0  0.0
    -26.94     -1.00      2.32     -6.61      6.14  0.0  0.0  0.0  0.0  0.0
                                      t000290_s6_p5_qjpp.txt 25.0  5.4  139
 21.6  0.0  0.0 64.7  0.0  0.0  7.2  7.2  0.0 14.4  7.2  0.0  0.0  0.0  0.0
  0.0  0.0 14.4  7.2  0.0  0.0230.2100.7 79.1 36.0  7.2  0.0  0.0  0.0  7.2
  0.0  0.0  0.0  0.0  7.2 28.8 28.8  7.2  0.0  0.0  7.2  0.0  0.0 36.0  0.0
  0.0  0.0  7.2  0.0  7.2 28.8  7.2 36.0  0.0  7.2136.7  7.2  7.2143.9 14.4
  0.0  0.0  0.0  0.0  0.0  0.0  0.0  0.0  0.0  0.0  0.0  0.0  0.0  0.0  0.0
  0.0  0.0  0.0  0.0  0.0  7.2  7.2  0.0  0.0  7.2  0.0  0.0  0.0  7.2  0.0
  0.0  0.0 14.4  7.2  7.2  0.0  0.0  0.0  0.0  0.0  0.0  0.0  0.0  0.0  0.0
 14.4  7.2  7.2 28.8 21.6  7.2 28.8  0.0  0.0  0.0  0.0  0.0  0.0  0.0  0.0
  0.0  0.0  0.0  0.0  0.0  0.0  0.0  0.0 21.6  7.2 36.0  0.0  0.0  7.2  0.0
  0.0  0.0  0.0  0.0  0.0  0.0 21.6 14.4  0.0 36.0  7.2  0.0  7.2  0.0  0.0
    -11.41     -4.22      0.82     -1.47      1.82  0.0  0.0  0.0  0.0  0.0
                                      t000290_s6_p6_qjpp.txt 30.3  5.4  434
  9.2  0.0  0.0 59.9  0.0  0.0  2.3  4.6  0.0  9.2  2.3  0.0  0.0  0.0  2.3
  2.3  0.0  9.2  6.9  0.0  0.0292.6165.9 43.8  9.2 11.5  0.0  0.0  2.3  6.9
  0.0  0.0  0.0  0.0  4.6 32.3 16.1  4.6  2.3  0.0  0.0  6.9  4.6 11.5  0.0
  2.3  2.3  2.3  4.6  9.2 13.8  9.2 13.8  0.0  9.2 96.8 11.5  0.0 92.2  4.6
  0.0  2.3  0.0  0.0  0.0  0.0  0.0  0.0  0.0  0.0  0.0  0.0  0.0  0.0  0.0
  0.0  0.0  0.0  0.0  0.0  2.3  0.0  0.0  0.0  2.3  0.0  0.0  2.3  2.3  0.0
  2.3  4.6  0.0  0.0  0.0  0.0  0.0  0.0  0.0  0.0  2.3  0.0  2.3  0.0  0.0
  2.3  2.3  4.6  9.2  6.9  0.0  6.9  4.6  0.0  0.0  0.0  0.0  0.0  0.0  0.0
  0.0  0.0  0.0  0.0  0.0  0.0  0.0  0.0 25.3  6.9  9.2  9.2  0.0  2.3  0.0
  0.0  0.0  0.0  0.0  0.0  6.9  6.9  9.2  2.3 11.5  0.0  9.2  9.2  0.0  0.0
    -16.90     -4.91      2.60     -2.00      1.74  0.0  0.0  0.0  0.0  0.0
                                      t000290_s6_p7_qjpp.txt 19.5  5.0  106
  0.0  0.0  0.0 37.7  0.0  0.0  0.0  0.0  0.0  0.0  0.0  0.0  0.0  0.0  0.0
  0.0  0.0  9.4  9.4  0.0  0.0330.2103.8 56.6  9.4  0.0  0.0  0.0  0.0  0.0
  9.4 18.9  0.0  9.4  0.0 56.6  9.4  0.0  0.0  0.0  0.0  9.4  0.0 37.7  9.4
  0.0  0.0  0.0  9.4  0.0  9.4 28.3 47.2  0.0  9.4 94.3  0.0  0.0 94.3  9.4
  0.0  0.0  0.0  0.0  0.0  0.0  0.0  0.0  0.0  0.0  0.0  0.0  0.0  0.0  0.0
  0.0  0.0  0.0  0.0  0.0  0.0  0.0  0.0  0.0  0.0  0.0  0.0  0.0  0.0  0.0
  0.0  0.0  0.0  0.0  0.0  0.0  0.0  0.0  0.0  0.0  9.4  0.0  0.0  0.0  0.0
  0.0  0.0  0.0  0.0  0.0  0.0  0.0  9.4  0.0  0.0  0.0  0.0  0.0  0.0  0.0
  0.0  0.0  0.0  0.0  0.0  0.0  0.0  0.0 37.7  9.4 18.9  9.4  0.0  0.0  0.0
  0.0  0.0  0.0  0.0  0.0  0.0  0.0  0.0  9.4  9.4  0.0  0.0 18.9  0.0  0.0
    -21.95     -5.42     10.63     -2.83      9.35  9.4  0.0  0.0  0.0  0.0
                                      t000290_s6_p8_qjpp.txt 33.0  5.2  292
 10.3  3.4  0.0 47.9  0.0  3.4  3.4  0.0  0.0  0.0  3.4  0.0  0.0  3.4  0.0
  0.0  0.0  3.4  6.8  0.0  3.4315.1154.1 44.5 17.1  3.4  3.4  6.8  0.0  0.0
  0.0  0.0  0.0  0.0 10.3 37.7  0.0  3.4  0.0  0.0  0.0  3.4 13.7 10.3  3.4
  3.4 17.1  6.8  3.4  6.8  6.8 24.0 17.1  0.0  0.0 95.9  3.4  0.0 92.5 10.3
  0.0  0.0  0.0  0.0  0.0  0.0  0.0  0.0  0.0  0.0  0.0  0.0  0.0  0.0  0.0
  0.0  0.0  0.0  0.0  0.0 10.3  0.0  0.0  0.0  0.0  0.0  0.0  3.4  0.0  0.0
  0.0  0.0  0.0  0.0  0.0  0.0  0.0  0.0  0.0  0.0  0.0  0.0  0.0  0.0  0.0
 10.3  0.0  3.4 13.7  0.0  0.0  0.0  0.0  0.0  0.0  0.0  0.0  0.0  0.0  0.0
  0.0  3.4  0.0  0.0  0.0  0.0  0.0  0.0 20.5  3.4 10.3  3.4  3.4  3.4  0.0
  0.0  3.4  0.0  0.0  0.0  3.4  0.0 10.3  6.8 13.7  0.0  0.0 27.4  0.0  0.0
    -18.45     -3.09     -4.19     -4.42     10.23  0.0  3.4  0.0  0.0  0.0
                                      t000290_s6_p9_qjpp.txt 28.8  5.0  260
  0.0  0.0  0.0111.5  0.0  3.8  3.8  3.8  0.0  3.8  3.8  0.0  0.0  0.0  0.0
  3.8  0.0  3.8  7.7  0.0  0.0269.2123.1 46.2  7.7  0.0  7.7 11.5  0.0  7.7
  0.0  3.8  0.0  3.8  3.8 42.3 11.5  0.0  0.0  0.0  0.0 11.5  7.7 11.5  0.0
  0.0  7.7 15.4 19.2  3.8  3.8 19.2 11.5  0.0  7.7 69.2  0.0  0.0138.5 11.5
  0.0  0.0  0.0  0.0  0.0  0.0  0.0  0.0  0.0  0.0  0.0  0.0  0.0  0.0  0.0
  0.0  0.0  0.0 11.5  0.0  3.8  3.8  0.0  0.0  0.0  0.0  0.0  0.0  0.0  3.8
  0.0  0.0  0.0  0.0  0.0  0.0  0.0  0.0  0.0  0.0  0.0  0.0  3.8  0.0  0.0
 19.2  0.0  0.0 19.2  3.8  0.0  3.8  3.8  0.0  0.0  0.0  0.0  0.0  0.0  0.0
  0.0  0.0  0.0  0.0  0.0  0.0  0.0  3.8 19.2  0.0 11.5 42.3  3.8  0.0  3.8
  0.0  3.8  0.0  0.0  0.0  3.8  0.0 11.5 15.4  0.0  0.0 11.5  3.8  0.0  0.0
    -14.77     -1.86      1.61     -1.99      2.93  3.8  0.0  0.0  0.0  0.0
                                      t000290_s7_p1_qjpp.txt 30.0  5.5  329
  3.0  0.0  0.0 60.8  0.0  0.0  0.0  0.0  3.0  3.0  0.0  0.0  0.0  0.0  0.0
  0.0  0.0  3.0  3.0  0.0  0.0337.4139.8 76.0  6.1  3.0  6.1  0.0  0.0  6.1
  0.0  6.1  0.0  6.1  9.1 33.4  0.0  0.0  3.0  0.0  0.0  6.1  9.1 18.2  3.0
  0.0  3.0  0.0  0.0  3.0  3.0 12.2 21.3  0.0  6.1 97.3  6.1  0.0 91.2  3.0
  3.0  0.0  0.0  0.0  0.0  0.0  0.0  0.0  0.0  0.0  0.0  0.0  0.0  0.0  0.0
  0.0  0.0  0.0  0.0  0.0  0.0  0.0  0.0  0.0  0.0  0.0  0.0  0.0  0.0  0.0
  0.0  0.0  0.0  0.0  0.0  0.0  0.0  0.0  0.0  0.0  3.0  0.0  0.0  0.0  0.0
  0.0  0.0  0.0  0.0  0.0  0.0  0.0  3.0  0.0  0.0  0.0  0.0  0.0  0.0  0.0
  0.0  0.0  0.0  0.0  0.0  0.0  0.0  0.0 21.3  3.0 15.2 15.2  0.0  0.0  3.0
  0.0  0.0  0.0  0.0  0.0  9.1  3.0 12.2  3.0  6.1  0.0  3.0  6.1  0.0  0.0
    -27.36     -4.22     -0.05     -3.19      7.17  0.0  0.0  0.0  0.0  0.0
                                      t000290_s7_p2_qjpp.txt 27.3  5.6  147
  6.8  0.0  0.0 68.0  0.0  0.0  0.0  0.0 13.6  6.8  0.0  0.0  0.0  0.0  0.0
  0.0  0.0  0.0  0.0  0.0  0.0381.0136.1 95.2  0.0  0.0  0.0  0.0  0.0 13.6
  0.0  0.0  0.0  6.8 13.6 13.6  0.0  0.0 20.4  0.0  0.0  6.8  6.8 13.6  6.8
  0.0  0.0  0.0  0.0  0.0  0.0  0.0 20.4  0.0 13.6108.8 13.6  0.0108.8 13.6
  0.0  0.0  0.0  0.0  0.0  0.0  0.0  0.0  0.0  0.0  0.0  0.0  0.0  0.0  0.0
  0.0  0.0  0.0  0.0  0.0  0.0  0.0  0.0  0.0  0.0  0.0  0.0  0.0  0.0  0.0
  0.0  0.0  0.0  0.0  0.0  0.0  0.0  0.0  0.0  0.0  0.0  0.0  0.0  0.0  0.0
  0.0  0.0  0.0  0.0  0.0  0.0  0.0  0.0  0.0  0.0  0.0  0.0  0.0  0.0  0.0
  0.0  6.8  0.0  0.0  0.0  0.0  0.0  0.0 20.4 13.6 34.0  6.8  6.8 20.4 13.6
  0.0  0.0  0.0  0.0 13.6 13.6  6.8 54.4 13.6  6.8  0.0  0.0  6.8  0.0  0.0
    -29.84     -5.73      1.06      2.70      7.92  0.0  0.0  0.0  0.0  0.0
                                      t000291_s1_p1_qjpp.txt 16.0  5.9  105
 19.0  0.0  0.0 57.1  0.0  0.0  0.0  0.0 28.6  0.0  0.0  0.0  0.0  0.0  0.0
  0.0  0.0  0.0  0.0  0.0  0.0419.0152.4 57.1  0.0  0.0  0.0  0.0  0.0  0.0
  9.5  0.0  0.0  0.0  0.0  0.0  9.5  0.0  0.0  0.0  0.0  0.0  0.0  9.5  9.5
  0.0  0.0  0.0  0.0  0.0  0.0  0.0 19.0  0.0  9.5 66.7 28.6  0.0 85.7  9.5
 28.6  0.0  0.0  0.0  0.0  0.0  0.0  0.0  0.0  0.0  0.0  0.0  0.0  0.0  0.0
  0.0  0.0  0.0  0.0  0.0  0.0  0.0  0.0  0.0  0.0  0.0  0.0  0.0  0.0  0.0
  0.0  0.0  0.0  0.0  0.0  0.0  0.0  0.0  0.0  0.0  0.0  0.0  0.0  0.0  0.0
  0.0  0.0  0.0  0.0  0.0  0.0  0.0  0.0  0.0  0.0  0.0  0.0  0.0  0.0  0.0
  0.0  0.0  0.0  0.0  0.0  0.0  0.0  0.0  9.5  0.0 19.0  9.5 19.0  0.0  0.0
  0.0  0.0  0.0  0.0  0.0  0.0  9.5  0.0  0.0 19.0  0.0  0.0 28.6  0.0  0.0
    -29.72     -5.73      9.63     -6.61      5.14  0.0  0.0  0.0  0.0  0.0
                                     t000291_s13_p1_qjpp.txt 30.0  5.1  280
  3.6  0.0  0.0 60.7  0.0  0.0  0.0  0.0  0.0  3.6  0.0  0.0  0.0  0.0  0.0
  3.6  0.0  0.0 10.7  0.0  0.0339.3146.4 60.7  7.1 14.3  7.1  3.6  0.0  0.0
  7.1  3.6  0.0  7.1 17.9 17.9 17.9  0.0  0.0  0.0  0.0  0.0  3.6 14.3  0.0
  0.0  0.0 10.7  0.0  0.0  0.0 14.3 14.3  0.0  7.1 92.9 14.3  0.0 96.4 10.7
  3.6  0.0  0.0  0.0  0.0  0.0  0.0  0.0  0.0  0.0  0.0  0.0  0.0  0.0  0.0
  0.0  0.0  0.0  3.6  0.0  3.6  0.0  0.0  0.0  0.0  0.0  0.0  0.0  0.0  0.0
  0.0  0.0  3.6  3.6  0.0  0.0  0.0  0.0  0.0  0.0  0.0  0.0  0.0  0.0  0.0
  7.1  0.0  0.0  7.1  7.1  0.0  7.1  0.0  0.0  0.0  0.0  0.0  0.0  0.0  0.0
  0.0  0.0  0.0  0.0  0.0  0.0  0.0  3.6  0.0  7.1 14.3  0.0  0.0  7.1  7.1
  0.0  0.0  0.0  0.0  0.0  0.0 10.7 10.7 10.7 10.7  0.0  0.0  7.1 10.7  0.0
    -23.88     -2.82      0.48     -6.61      0.77  3.6  0.0  0.0  0.0  0.0
                                    t000291_s13_p10_qjpp.txt 23.3  5.3  162
 24.7  0.0  0.0 61.7  0.0  0.0  0.0  6.2  0.0  6.2  6.2  0.0  0.0  0.0  0.0
  6.2  0.0  0.0 12.3  0.0  0.0351.9123.5 61.7 30.9  0.0  0.0  6.2  0.0  6.2
  0.0  6.2  0.0  0.0  0.0 37.0  0.0  6.2  0.0  0.0  0.0  0.0 12.3  6.2  6.2
  0.0  6.2 30.9  0.0 12.3  6.2 24.7 12.3  0.0  6.2 74.1  0.0  0.0 98.8  0.0
  0.0  6.2  0.0  0.0  0.0  0.0  0.0  0.0  0.0  0.0  0.0  0.0  0.0  0.0  0.0
  0.0  0.0  0.0 12.3  0.0  0.0 12.3  0.0  0.0  6.2  0.0  0.0  0.0  0.0  0.0
  0.0  0.0  0.0  0.0  0.0  0.0  0.0  0.0  0.0  0.0  0.0  0.0  6.2  0.0  0.0
 24.7  6.2  0.0 30.9  0.0  0.0  0.0  6.2  0.0  0.0  0.0  0.0  0.0  0.0  0.0
  0.0  0.0  0.0  0.0  0.0  0.0  0.0  0.0 24.7 30.9  6.2  0.0  0.0 30.9  0.0
  0.0  0.0  0.0  0.0  0.0  0.0  0.0  6.2  6.2 18.5  0.0  6.2 30.9  0.0  0.0
    -17.80     -3.57      4.24     -5.14      9.77  0.0  0.0  0.0  0.0  0.0
                                    t000291_s13_p11_qjpp.txt 29.8  5.3  323
 15.5  0.0  3.1 58.8  0.0  0.0  0.0  0.0 21.7  0.0  0.0  0.0  0.0  0.0  0.0
  0.0  0.0  6.2  3.1  3.1  3.1337.5120.7 77.4 24.8  6.2 12.4  3.1  0.0  0.0
  0.0  6.2  0.0  0.0  0.0 31.0  9.3  0.0  0.0  0.0  6.2  3.1  9.3  9.3  0.0
  0.0  3.1  9.3  0.0  0.0 12.4 12.4  9.3  3.1  0.0 83.6 27.9  3.1108.4 12.4
  6.2  0.0  0.0  0.0  0.0  0.0  0.0  0.0  0.0  0.0  0.0  0.0  0.0  0.0  0.0
  0.0  0.0  0.0  9.3  0.0  6.2  0.0  0.0  0.0  0.0  0.0  0.0  0.0  0.0  0.0
  0.0  3.1  0.0  0.0  0.0  0.0  0.0  0.0  0.0  0.0  0.0  0.0  0.0  0.0  0.0
 15.5  0.0  0.0 15.5  3.1  0.0  3.1  0.0  0.0  0.0  0.0  0.0  0.0  0.0  0.0
  0.0  0.0  0.0  0.0  0.0  0.0  0.0  0.0 27.9 18.6 18.6  0.0 21.7  0.0  0.0
  0.0  3.1  0.0  0.0  3.1  0.0  0.0 43.3  3.1 18.6  0.0  0.0 15.5  0.0  0.0
    -19.53     -1.68      1.51     -2.42      3.59  3.1  0.0  0.0  0.0  0.0
                                    t000291_s13_p12_qjpp.txt 20.0  5.0  113
 17.7  0.0  0.0 79.6  0.0  0.0  0.0  0.0  8.8 17.7  0.0  0.0  0.0  0.0  0.0
  8.8  0.0  0.0 17.7  0.0  0.0283.2141.6 53.1 35.4  0.0  8.8  0.0  0.0  0.0
  0.0  8.8  0.0  8.8  0.0 79.6  0.0  0.0  0.0  0.0  0.0  0.0 26.5  0.0  0.0
  0.0  0.0  8.8  0.0  8.8  0.0 26.5  0.0  0.0  0.0 61.9  8.8  0.0115.0  0.0
  8.8  0.0  0.0  0.0  0.0  0.0  0.0  0.0  0.0  0.0  0.0  0.0  0.0  0.0  0.0
  0.0  0.0  0.0  8.8  0.0  0.0  0.0  0.0  0.0  0.0  0.0  0.0  8.8  0.0  0.0
  0.0  0.0  0.0  0.0  0.0  0.0  0.0  0.0  0.0  0.0  0.0  0.0  0.0  0.0  0.0
  8.8  0.0  8.8 17.7  0.0  0.0  0.0  0.0  0.0  0.0  0.0  0.0  0.0  0.0  0.0
  0.0  0.0  0.0  0.0  0.0  0.0  0.0  8.8 17.7 17.7  8.8  0.0  0.0  0.0  0.0
  0.0  8.8  0.0  0.0  0.0  0.0  0.0  8.8  0.0  8.8  0.0  8.8 17.7  0.0  0.0
    -13.61     -2.86     -2.80     -6.61     12.97  0.0  0.0  0.0  0.0  0.0
                                    t000291_s13_p13_qjpp.txt 21.5  5.0  124
  0.0  0.0  0.0 88.7  0.0  0.0  0.0  0.0 16.1  0.0  0.0  0.0  0.0  0.0  0.0
  0.0  0.0  0.0  8.1  0.0  0.0338.7177.4 72.6  8.1  0.0  0.0  8.1  0.0  0.0
  8.1  0.0  0.0  0.0  0.0  8.1  8.1  0.0  0.0  0.0  0.0  0.0  0.0  8.1  8.1
  0.0 16.1  0.0  0.0  0.0  0.0 24.2 16.1  0.0  8.1 72.6 16.1  0.0104.8  0.0
  0.0  0.0  0.0  0.0  0.0  0.0  0.0  0.0  0.0  0.0  0.0  0.0  0.0  0.0  0.0
  0.0  0.0  0.0  0.0  0.0  0.0  0.0  0.0  0.0  0.0  0.0  0.0  0.0  0.0  0.0
  0.0  0.0  8.1  0.0  0.0  0.0  0.0  0.0  0.0  0.0  0.0  0.0  0.0  0.0  0.0
  0.0  0.0  0.0  0.0  8.1  0.0  8.1  0.0  0.0  0.0  0.0  0.0  0.0  0.0  0.0
  0.0  0.0  0.0  0.0  0.0  0.0  0.0  0.0  0.0  0.0 24.2  0.0  8.1 16.1  0.0
  0.0  0.0  0.0  0.0  0.0  0.0  8.1  0.0 16.1  0.0  8.1  8.1 24.2  0.0  0.0
    -26.82     -3.97      7.85     -6.61      3.80  8.1  0.0  0.0  0.0  0.0
                                    t000291_s13_p14_qjpp.txt 22.0  5.1  125
  0.0  0.0  0.0 16.0  0.0  0.0  0.0  0.0 16.0  0.0  0.0  0.0  0.0  0.0  0.0
  0.0  0.0  0.0  8.0  0.0  0.0376.0144.0 32.0 56.0  8.0  8.0  0.0  0.0  0.0
  0.0  0.0  0.0  0.0  8.0 16.0  8.0  8.0  0.0  0.0  0.0  0.0  0.0 24.0  8.0
 16.0  0.0  0.0  0.0  0.0  8.0  8.0 48.0  0.0  0.0 56.0 24.0  0.0104.0 16.0
 16.0  0.0  0.0  0.0  0.0  0.0  0.0  0.0  0.0  0.0  0.0  0.0  0.0  0.0  0.0
  0.0  0.0  0.0  0.0  0.0  8.0  0.0  0.0  0.0  0.0  0.0  0.0  0.0  0.0  0.0
  8.0  0.0  0.0  0.0  0.0  0.0  0.0  0.0  0.0  0.0  8.0  0.0  0.0  0.0  0.0
  8.0  0.0  0.0  8.0  8.0  0.0  8.0  8.0  0.0  0.0  0.0  0.0  0.0  0.0  0.0
  0.0  8.0  0.0  0.0  0.0  0.0  0.0  0.0 32.0  0.0 32.0  8.0  8.0 16.0  0.0
  0.0  0.0  0.0  0.0  0.0  0.0 16.0 24.0  8.0  8.0  0.0  0.0 24.0  0.0  0.0
    -26.65     -1.99     -2.29     -4.70     11.33  0.0  0.0  0.0  0.0  0.0
                                    t000291_s13_p15_qjpp.txt 34.0  5.4  290
  3.4  3.4  0.0 34.5  0.0  0.0  0.0  0.0 10.3 10.3  0.0  0.0  0.0  0.0  0.0
  0.0  0.0  0.0 10.3  0.0  0.0327.6155.2127.6 13.8  0.0 10.3  0.0  0.0  0.0
  0.0  6.9  0.0  3.4  6.9 27.6 13.8  0.0  0.0  0.0  0.0  0.0 13.8  0.0  0.0
  3.4  6.9  3.4  3.4  0.0  0.0 24.1  3.4  0.0  0.0148.3 10.3  0.0 79.3  3.4
  0.0  0.0  0.0  0.0  0.0  0.0  0.0  0.0  0.0  0.0  0.0  0.0  0.0  0.0  0.0
  0.0  0.0  0.0  3.4  0.0  3.4  0.0  0.0  0.0  0.0  0.0  0.0  3.4  0.0  0.0
  0.0  0.0  6.9  0.0  0.0  0.0  0.0  0.0  0.0  0.0  0.0  0.0  0.0  0.0  0.0
  6.9  0.0  3.4 10.3  6.9  0.0  6.9  0.0  0.0  0.0  0.0  0.0  0.0  0.0  0.0
  0.0  0.0  0.0  0.0  0.0  0.0  0.0  0.0 27.6 13.8 31.0  3.4  6.9  3.4  0.0
  0.0  0.0  0.0  0.0  3.4  3.4 44.8 10.3  6.9  6.9  6.9  3.4 10.3  6.9  0.0
    -28.21     -3.28     -1.05     -6.61      6.11  0.0  3.4  3.4  0.0  0.0
                                    t000291_s13_p16_qjpp.txt 13.8  5.7   88
  0.0  0.0  0.0 68.2  0.0  0.0  0.0  0.0 22.7  0.0  0.0  0.0  0.0  0.0  0.0
  0.0  0.0  0.0 11.4  0.0  0.0318.2147.7136.4  0.0  0.0  0.0 11.4  0.0  0.0
  0.0  0.0  0.0  0.0  0.0 22.7 22.7  0.0  0.0  0.0  0.0  0.0 22.7  0.0  0.0
  0.0  0.0 11.4 11.4 11.4  0.0 11.4  0.0  0.0  0.0159.1 22.7  0.0102.3 11.4
 34.1  0.0  0.0  0.0  0.0  0.0  0.0  0.0  0.0  0.0  0.0  0.0  0.0  0.0  0.0
  0.0  0.0  0.0 11.4  0.0  0.0  0.0  0.0  0.0  0.0  0.0  0.0  0.0  0.0  0.0
  0.0  0.0 11.4  0.0  0.0  0.0  0.0  0.0  0.0  0.0  0.0 11.4  0.0  0.0  0.0
 11.4  0.0  0.0 11.4 11.4  0.0 11.4 11.4  0.0  0.0  0.0  0.0  0.0  0.0  0.0
  0.0  0.0  0.0  0.0  0.0  0.0  0.0  0.0  0.0 11.4 34.1  0.0 11.4  0.0  0.0
  0.0  0.0  0.0  0.0  0.0 22.7 34.1 11.4 11.4 11.4 11.4  0.0  0.0  0.0  0.0
    -29.76     -3.62     -0.32     -6.61     10.58  0.0  0.0  0.0  0.0  0.0
                                    t000291_s13_p17_qjpp.txt 16.0  5.3   93
 10.8  0.0  0.0 86.0  0.0  0.0  0.0  0.0  0.0 10.8  0.0  0.0  0.0  0.0  0.0
  0.0  0.0  0.0  0.0  0.0  0.0279.6129.0 75.3 32.3  0.0 10.8 10.8  0.0  0.0
  0.0 32.3  0.0  0.0  0.0 10.8 10.8  0.0  0.0  0.0  0.0  0.0  0.0 21.5  0.0
 10.8  0.0 10.8  0.0  0.0  0.0 32.3 32.3  0.0  0.0150.5  0.0  0.0150.5 21.5
 21.5  0.0  0.0  0.0  0.0  0.0  0.0  0.0  0.0  0.0  0.0  0.0  0.0  0.0  0.0
  0.0  0.0  0.0 10.8  0.0  0.0  0.0  0.0  0.0  0.0  0.0  0.0  0.0  0.0  0.0
  0.0 10.8  0.0  0.0  0.0  0.0  0.0  0.0  0.0  0.0 10.8  0.0  0.0  0.0  0.0
 10.8  0.0  0.0 10.8 10.8  0.0 10.8 10.8  0.0  0.0  0.0  0.0  0.0  0.0  0.0
  0.0  0.0  0.0  0.0  0.0  0.0  0.0  0.0 10.8 10.8 32.3 10.8  0.0 21.5  0.0
  0.0  0.0  0.0  0.0  0.0  0.0 32.3 32.3 10.8 10.8  0.0 10.8 21.5  0.0  0.0
    -23.85     -0.61     12.31     -6.61      3.10  0.0  0.0  0.0  0.0  0.0
                                    t000291_s13_p18_qjpp.txt 26.0  5.1  174
  5.7  0.0  0.0 74.7  0.0  0.0  0.0  0.0  0.0  0.0  0.0  0.0  0.0  0.0  0.0
  0.0  0.0  0.0  0.0  0.0  0.0373.6155.2 57.5  0.0 11.5  0.0  5.7  0.0  5.7
  0.0  5.7  0.0  0.0  0.0 17.2  0.0  0.0  0.0  0.0  5.7  0.0  5.7 11.5  5.7
 11.5  0.0  5.7  0.0  0.0  5.7  5.7 28.7  0.0  5.7 92.0 11.5  0.0 80.5  0.0
  5.7  0.0  0.0  0.0  0.0  0.0  0.0  0.0  0.0  0.0  0.0  0.0  0.0  0.0  0.0
  0.0  0.0  0.0  5.7  0.0  0.0  0.0  0.0  0.0  0.0  0.0  0.0  0.0  0.0  0.0
  0.0  0.0  0.0  0.0  0.0  0.0  0.0  0.0  0.0  0.0  0.0  0.0  0.0  0.0  0.0
  5.7  0.0  0.0  5.7  0.0  0.0  0.0  0.0  0.0  0.0  0.0  0.0  0.0  0.0  0.0
  0.0  0.0  0.0  0.0  0.0  0.0  0.0  0.0 23.0  0.0 34.5  5.7 11.5 23.0  0.0
  0.0  5.7  0.0  0.0  0.0  0.0 11.5  5.7  5.7 11.5  0.0  5.7 11.5  0.0  0.0
    -28.52     -4.15      5.00     -3.87      9.84  0.0  0.0  0.0  0.0  0.0
                                    t000291_s13_p19_qjpp.txt 25.0  5.3  141
  0.0  0.0  0.0 85.1  0.0  0.0  0.0  7.1  7.1  0.0  0.0  0.0  0.0  0.0  0.0
 14.2  0.0  7.1 21.3  0.0  7.1312.1148.9 56.7 21.3  7.1  0.0 14.2  7.1  7.1
  7.1  0.0  0.0  0.0  0.0 14.2  7.1  0.0  0.0  0.0  0.0  0.0  7.1 21.3  0.0
 14.2  0.0  7.1  0.0  7.1  7.1 21.3 35.5  0.0 21.3 85.1 14.2  0.0141.8 14.2
  7.1  0.0  0.0  0.0  0.0  0.0  0.0  0.0  0.0  0.0  0.0  0.0  0.0  0.0  0.0
  0.0  0.0  0.0  7.1  0.0  0.0  0.0  0.0  0.0  0.0  0.0  0.0  0.0  0.0  0.0
  0.0  0.0  7.1  0.0  0.0  0.0  0.0  0.0  0.0  0.0  0.0  0.0  0.0  7.1  0.0
  7.1  0.0  0.0  7.1  7.1  0.0  7.1  7.1  0.0  0.0  0.0  0.0  0.0  0.0  0.0
  0.0  0.0  0.0  0.0  0.0  0.0  0.0  0.0 21.3  0.0 14.2  0.0  0.0  7.1 14.2
  0.0  0.0  0.0  0.0  0.0  0.0 35.5 21.3 14.2  7.1  0.0  0.0 21.3  0.0  0.0
    -10.63     -2.09     14.33     -6.61      8.61  0.0  0.0  0.0  0.0  0.0
                                     t000291_s13_p2_qjpp.txt 22.5  6.1  133
  0.0  0.0  0.0 37.6  0.0  0.0  0.0  0.0  0.0  7.5  0.0  0.0  0.0  0.0  0.0
  0.0  0.0  0.0 45.1  0.0  0.0413.5 90.2165.4  0.0  0.0 15.0  0.0  0.0  0.0
  0.0 22.6  0.0  7.5 15.0  7.5  0.0  0.0  0.0  0.0  0.0  0.0  7.5  0.0  7.5
  0.0  0.0  0.0  0.0  0.0  0.0 67.7  7.5  0.0  0.0165.4  0.0  0.0 45.1  0.0
  0.0  0.0  0.0  0.0  0.0  0.0  0.0  0.0  0.0  0.0  0.0  0.0  0.0  0.0  0.0
  0.0  0.0  0.0  0.0  0.0  0.0  0.0  0.0  0.0  0.0  0.0  0.0  0.0  0.0  0.0
  0.0  0.0  0.0  0.0  0.0  0.0  0.0  0.0  0.0  0.0  0.0  0.0  0.0  0.0  0.0
  0.0  0.0  0.0  0.0  0.0  0.0  0.0  0.0  0.0  0.0  0.0  0.0  0.0  0.0  0.0
  0.0  0.0  0.0  0.0  0.0  0.0  0.0  0.0  7.5  0.0 37.6  0.0  0.0  0.0  7.5
  0.0  0.0  0.0  0.0  0.0  0.0 75.2  0.0  0.0  7.5  0.0  0.0  7.5  0.0  0.0
    -26.43     -2.84      2.33     -6.61      6.86  0.0  0.0  0.0  0.0  0.0
                                    t000291_s13_p20_qjpp.txt 16.3  5.5   92
 10.9  0.0  0.0 54.3  0.0  0.0  0.0  0.0 21.7 10.9  0.0  0.0  0.0  0.0  0.0
  0.0  0.0  0.0  0.0  0.0  0.0347.8184.8 54.3 43.5 10.9  0.0  0.0  0.0 10.9
 10.9  0.0  0.0  0.0  0.0 32.6  0.0  0.0  0.0  0.0  0.0  0.0 10.9  0.0  0.0
  0.0 10.9  0.0  0.0  0.0  0.0 10.9  0.0  0.0 21.7 87.0 32.6  0.0130.4 32.6
  0.0  0.0  0.0  0.0  0.0  0.0  0.0  0.0  0.0  0.0  0.0  0.0  0.0  0.0  0.0
  0.0  0.0  0.0  0.0  0.0  0.0  0.0  0.0  0.0  0.0  0.0  0.0  0.0  0.0  0.0
  0.0  0.0  0.0  0.0  0.0  0.0  0.0  0.0  0.0  0.0 10.9  0.0  0.0  0.0  0.0
  0.0  0.0  0.0  0.0  0.0  0.0  0.0 10.9  0.0  0.0  0.0  0.0  0.0  0.0  0.0
  0.0  0.0  0.0  0.0  0.0  0.0  0.0  0.0 21.7  0.0 21.7 10.9  0.0  0.0 10.9
  0.0  0.0  0.0  0.0  0.0  0.0 43.5 43.5  0.0 21.7  0.0  0.0 32.6  0.0  0.0
    -27.52     -3.81     14.44     -6.61      3.17  0.0  0.0  0.0  0.0  0.0
                                    t000291_s13_p21_qjpp.txt 23.8  5.6  135
  0.0  0.0  0.0 59.3  0.0  0.0  0.0  0.0 22.2 14.8  0.0  0.0  0.0  0.0  0.0
  0.0  0.0  0.0  0.0  0.0  0.0340.7103.7111.1  7.4  7.4  0.0  7.4  0.0  0.0
  0.0  0.0  0.0  0.0 29.6 51.9 14.8  0.0  0.0  0.0  0.0  0.0 29.6  0.0  7.4
  0.0  7.4  7.4  0.0  7.4  0.0  7.4  7.4  0.0  0.0148.1 29.6  0.0 88.9  0.0
  0.0  0.0  0.0  0.0  0.0  0.0  0.0  0.0  0.0  0.0  0.0  0.0  0.0  0.0  0.0
  0.0  0.0  0.0  7.4  0.0  0.0  7.4  0.0  0.0  0.0  0.0  0.0  0.0  0.0  0.0
  0.0  0.0  0.0  7.4  0.0  0.0  0.0  0.0  0.0  0.0  0.0  0.0  0.0  0.0  0.0
 14.8  0.0  0.0 14.8  7.4  0.0  7.4  0.0  0.0  0.0  0.0  0.0  0.0  0.0  0.0
  0.0  0.0  0.0  0.0  0.0  0.0  0.0  0.0 14.8  0.0  7.4  0.0  0.0  0.0  0.0
  0.0  0.0  0.0  0.0  0.0  0.0 44.4  0.0 29.6  0.0  7.4  0.0  7.4  0.0  0.0
    -27.62     -3.78    -10.69     -6.61     20.59  0.0  0.0  0.0  0.0  0.0
                                    t000291_s13_p22_qjpp.txt 12.5  5.0   66
  0.0  0.0  0.0 60.6  0.0  0.0  0.0  0.0  0.0 15.2  0.0  0.0  0.0  0.0  0.0
  0.0  0.0  0.0 15.2  0.0  0.0333.3181.8 75.8 15.2  0.0  0.0 15.2  0.0  0.0
  0.0  0.0  0.0 30.3  0.0 15.2  0.0  0.0  0.0  0.0  0.0  0.0  0.0  0.0 15.2
  0.0 30.3  0.0  0.0 15.2  0.0 45.5 15.2  0.0  0.0106.1  0.0  0.0 75.8  0.0
  0.0  0.0  0.0  0.0  0.0  0.0  0.0  0.0  0.0  0.0  0.0  0.0  0.0  0.0  0.0
  0.0  0.0  0.0  0.0  0.0  0.0  0.0  0.0  0.0  0.0  0.0  0.0  0.0  0.0  0.0
  0.0  0.0  0.0  0.0  0.0  0.0  0.0  0.0  0.0  0.0  0.0  0.0  0.0  0.0  0.0
  0.0  0.0  0.0  0.0  0.0  0.0  0.0  0.0  0.0  0.0  0.0  0.0  0.0  0.0  0.0
  0.0  0.0  0.0  0.0  0.0  0.0  0.0  0.0  0.0 15.2 15.2  0.0 15.2 30.3  0.0
  0.0 30.3  0.0  0.0  0.0  0.0 15.2 15.2 15.2  0.0  0.0  0.0  0.0  0.0  0.0
    -24.64     -2.42     -8.55     -6.61      8.03  0.0  0.0  0.0  0.0  0.0
                                    t000291_s13_p23_qjpp.txt 12.8  4.7   67
  0.0  0.0  0.0 44.8  0.0  0.0  0.0  0.0 14.9  0.0  0.0  0.0  0.0  0.0 14.9
  0.0  0.0  0.0  0.0  0.0  0.0343.3149.3 44.8  0.0  0.0  0.0  0.0 14.9  0.0
  0.0  0.0  0.0  0.0  0.0 44.8  0.0  0.0  0.0  0.0  0.0  0.0 14.9 29.9  0.0
  0.0  0.0  0.0 29.9  0.0  0.0  0.0 29.9  0.0 14.9 89.6 14.9 14.9 44.8  0.0
  0.0  0.0  0.0  0.0  0.0  0.0  0.0  0.0  0.0  0.0  0.0  0.0  0.0  0.0  0.0
  0.0  0.0  0.0  0.0  0.0  0.0  0.0  0.0  0.0  0.0  0.0  0.0  0.0  0.0  0.0
  0.0  0.0  0.0  0.0  0.0  0.0  0.0  0.0  0.0  0.0  0.0  0.0  0.0  0.0  0.0
  0.0  0.0  0.0  0.0  0.0  0.0  0.0  0.0  0.0  0.0  0.0  0.0  0.0  0.0  0.0
  0.0  0.0  0.0  0.0  0.0  0.0  0.0  0.0 14.9 14.9  0.0  0.0  0.0 14.9  0.0
 14.9  0.0  0.0  0.0  0.0  0.0 44.8 29.9  0.0  0.0  0.0  0.0  0.0  0.0  0.0
    -14.98     -5.73      7.21     -6.61     10.22  0.0  0.0  0.0  0.0  0.0
                                    t000291_s13_p24_qjpp.txt 34.8  4.7  200
  5.0  0.0  0.0 60.0  0.0  0.0  0.0  5.0  0.0  0.0  0.0  0.0  0.0  0.0  0.0
  0.0  0.0  0.0  0.0  0.0  0.0445.0110.0 95.0  0.0  0.0  0.0  0.0  0.0  0.0
  0.0  0.0  0.0  5.0 15.0 10.0  0.0  0.0  0.0  0.0  0.0  0.0  5.0  0.0  0.0
  0.0  0.0  5.0  0.0  0.0  0.0  0.0  0.0  0.0  0.0110.0  0.0  0.0 60.0  0.0
 10.0  0.0  0.0  0.0  0.0  0.0  0.0  0.0  0.0  0.0  0.0  0.0  0.0  0.0  0.0
  0.0  0.0  0.0  0.0  0.0  0.0  0.0  0.0  0.0  0.0  0.0  0.0  0.0  0.0  0.0
  0.0  0.0  0.0  0.0  0.0  0.0  0.0  0.0  0.0  0.0  0.0  0.0  0.0  0.0  0.0
  0.0  0.0  0.0  0.0  0.0  0.0  0.0  0.0  0.0  0.0  0.0  0.0  0.0  0.0  0.0
  0.0  0.0  0.0  0.0  0.0  0.0  0.0 10.0 15.0  0.0 30.0  0.0  0.0 10.0  5.0
  5.0 25.0  0.0  0.0  0.0 10.0 15.0 15.0  5.0  0.0  0.0  0.0 10.0  0.0  0.0
    -28.93     -5.73     -5.43     -6.61     -0.50  0.0  0.0  0.0  0.0  0.0
                                    t000291_s13_p25_qjpp.txt 12.0  5.3   63
  0.0  0.0  0.0 47.6  0.0  0.0  0.0 15.9  0.0 15.9  0.0  0.0  0.0  0.0  0.0
  0.0  0.0  0.0  0.0  0.0  0.0349.2111.1127.0 15.9  0.0  0.0  0.0  0.0 15.9
  0.0  0.0  0.0  0.0  0.0 31.7  0.0  0.0  0.0  0.0  0.0  0.0  0.0  0.0  0.0
  0.0 15.9  0.0  0.0  0.0  0.0 15.9  0.0  0.0 15.9158.7  0.0  0.0 79.4 15.9
  0.0  0.0  0.0  0.0  0.0  0.0  0.0  0.0  0.0  0.0  0.0  0.0  0.0  0.0  0.0
  0.0  0.0  0.0  0.0  0.0  0.0  0.0  0.0  0.0  0.0  0.0  0.0  0.0  0.0  0.0
  0.0  0.0  0.0  0.0  0.0  0.0  0.0  0.0  0.0  0.0  0.0  0.0  0.0  0.0  0.0
  0.0  0.0  0.0  0.0  0.0  0.0  0.0  0.0  0.0  0.0  0.0  0.0  0.0  0.0  0.0
  0.0  0.0  0.0  0.0  0.0  0.0  0.0 15.9 15.9  0.0 31.7 15.9  0.0 31.7 15.9
  0.0 31.7  0.0  0.0  0.0  0.0 47.6 15.9  0.0  0.0  0.0 31.7  0.0  0.0  0.0
    -25.59     -5.21      7.11     -6.61     -3.63  0.0  0.0  0.0  0.0  0.0
                                    t000291_s13_p26_qjpp.txt 21.8  5.5  129
  0.0  0.0  0.0 54.3  0.0  0.0  0.0  0.0  0.0  7.8  0.0  0.0  0.0  0.0  0.0
  0.0  0.0  0.0  0.0  0.0  0.0341.1147.3 93.0  0.0  7.8  0.0  0.0  0.0  0.0
  7.8  0.0  0.0  0.0  7.8 54.3  7.8  0.0  0.0  0.0  0.0  0.0 23.3 15.5  7.8
  0.0  0.0  7.8  7.8  7.8  0.0  0.0 23.3  0.0  7.8108.5  7.8  0.0 62.0  0.0
  7.8  0.0  0.0  0.0  0.0  0.0  0.0  0.0  0.0  0.0  0.0  0.0  0.0  0.0  0.0
  0.0  0.0  0.0  0.0  0.0  0.0  7.8  0.0  0.0  0.0  0.0  0.0  0.0  0.0  0.0
  0.0  0.0  0.0  7.8  0.0  0.0  0.0  0.0  0.0  0.0  0.0  0.0  0.0  0.0  0.0
  7.8  0.0  0.0  7.8  7.8  0.0  7.8  0.0  0.0  0.0  0.0  0.0  0.0  0.0  0.0
  0.0  0.0  0.0  0.0  0.0  0.0  0.0  0.0 23.3  0.0 15.5  7.8  7.8  0.0  0.0
  0.0  0.0  0.0  0.0  0.0  0.0 38.8 15.5  7.8  0.0  0.0  0.0  7.8  0.0  0.0
    -30.08     -5.38      2.66     -6.61     19.22  0.0  0.0  0.0  0.0  0.0
                                    t000291_s13_p27_qjpp.txt 22.3  4.6  151
  6.6  0.0  0.0 79.5  0.0  0.0  6.6  0.0  0.0  0.0  0.0  0.0  0.0  0.0  0.0
  0.0  0.0  0.0 13.2  0.0  0.0331.1172.2 39.7  6.6  0.0  0.0  6.6  0.0  0.0
  0.0  6.6  0.0  0.0  0.0 13.2 13.2  0.0  0.0  0.0  0.0  0.0 13.2  0.0  0.0
  0.0  0.0 13.2  6.6  6.6  0.0 19.9  0.0  0.0  0.0 72.8  0.0  0.0 99.3  0.0
  0.0  0.0  0.0  0.0  0.0  0.0  0.0  0.0  0.0  0.0  0.0  0.0  0.0  0.0  0.0
  0.0  0.0  0.0  6.6  0.0  6.6  0.0  0.0  0.0  0.0  0.0  0.0  0.0  6.6  0.0
  0.0  0.0  0.0  0.0  0.0  0.0  0.0  0.0  0.0  0.0  0.0  0.0  0.0  0.0  0.0
 13.2  0.0  6.6 19.9  0.0  0.0  0.0  0.0  0.0  0.0  0.0  0.0  0.0  0.0  0.0
  0.0  0.0  0.0  0.0  0.0  0.0  0.0 13.2  6.6 13.2 19.9  6.6 13.2 13.2  0.0
  0.0  0.0  0.0  0.0  6.6  6.6 13.2 33.1 26.5  0.0  0.0 19.9  0.0  0.0  0.0
    -21.44     -4.28      2.67     -6.61      4.65  0.0  0.0  0.0  0.0  0.0
                                    t000291_s13_p28_qjpp.txt  8.8  5.5   42
  0.0  0.0  0.0 71.4  0.0  0.0  0.0  0.0  0.0  0.0  0.0 23.8  0.0  0.0  0.0
  0.0  0.0  0.0  0.0  0.0  0.0333.3119.0 95.2  0.0  0.0  0.0 23.8  0.0  0.0
 23.8  0.0  0.0  0.0  0.0 47.6  0.0  0.0  0.0  0.0  0.0  0.0  0.0  0.0  0.0
  0.0  0.0  0.0  0.0 23.8  0.0 23.8  0.0  0.0 23.8119.0  0.0  0.0 71.4  0.0
 23.8  0.0  0.0  0.0  0.0  0.0  0.0  0.0  0.0  0.0  0.0  0.0  0.0  0.0  0.0
  0.0  0.0  0.0  0.0  0.0  0.0  0.0  0.0  0.0  0.0  0.0  0.0  0.0  0.0  0.0
  0.0  0.0  0.0  0.0  0.0  0.0  0.0  0.0  0.0  0.0  0.0  0.0  0.0  0.0  0.0
  0.0  0.0  0.0  0.0  0.0  0.0  0.0  0.0  0.0  0.0  0.0  0.0  0.0  0.0  0.0
  0.0  0.0  0.0  0.0  0.0  0.0  0.0 23.8 23.8  0.0 23.8 23.8  0.0  0.0  0.0
  0.0  0.0  0.0  0.0  0.0 23.8  0.0  0.0 47.6  0.0  0.0  0.0 47.6  0.0  0.0
    -15.56     -1.32     19.91     -6.61     -3.63  0.0  0.0  0.0  0.0  0.0
                                    t000291_s13_p29_qjpp.txt 13.5  4.8   68
 29.4  0.0  0.0 88.2  0.0  0.0  0.0  0.0  0.0 14.7  0.0  0.0  0.0  0.0  0.0
  0.0  0.0  0.0 14.7  0.0  0.0308.8191.2 29.4  0.0  0.0  0.0  0.0  0.0  0.0
 14.7  0.0  0.0  0.0  0.0 14.7 29.4  0.0  0.0  0.0  0.0  0.0  0.0  0.0 14.7
  0.0  0.0  0.0  0.0  0.0  0.0 14.7 14.7  0.0 14.7 58.8  0.0  0.0117.6 14.7
  0.0  0.0  0.0  0.0  0.0  0.0  0.0  0.0  0.0  0.0  0.0  0.0  0.0  0.0  0.0
  0.0  0.0  0.0  0.0  0.0  0.0  0.0  0.0  0.0  0.0  0.0  0.0  0.0  0.0  0.0
  0.0  0.0  0.0 14.7  0.0  0.0  0.0  0.0  0.0 14.7  0.0  0.0  0.0  0.0  0.0
  0.0  0.0  0.0  0.0 14.7  0.0 29.4  0.0  0.0  0.0  0.0  0.0  0.0  0.0  0.0
  0.0  0.0  0.0  0.0  0.0  0.0  0.0 14.7  0.0  0.0  0.0 29.4  0.0  0.0  0.0
  0.0  0.0  0.0  0.0  0.0  0.0  0.0 29.4 29.4  0.0  0.0 14.7 29.4  0.0  0.0
    -17.94     -5.73     13.51     -6.61      7.69  0.0  0.0  0.0  0.0  0.0
                                     t000291_s13_p3_qjpp.txt 16.0  5.2   99
  0.0  0.0  0.0 40.4  0.0  0.0  0.0 10.1  0.0  0.0  0.0  0.0  0.0  0.0  0.0
  0.0  0.0  0.0 20.2  0.0  0.0434.3101.0 70.7  0.0  0.0 30.3  0.0  0.0  0.0
  0.0 10.1  0.0  0.0 10.1 10.1  0.0  0.0  0.0  0.0  0.0  0.0 10.1  0.0  0.0
  0.0 10.1  0.0 10.1  0.0  0.0 40.4  0.0  0.0  0.0 90.9  0.0  0.0 50.5  0.0
 10.1  0.0  0.0  0.0  0.0  0.0  0.0  0.0  0.0  0.0  0.0  0.0  0.0  0.0  0.0
  0.0  0.0  0.0  0.0  0.0  0.0  0.0  0.0  0.0  0.0  0.0  0.0  0.0  0.0  0.0
  0.0  0.0  0.0  0.0  0.0  0.0  0.0  0.0  0.0  0.0  0.0  0.0  0.0  0.0  0.0
  0.0  0.0  0.0  0.0  0.0  0.0  0.0  0.0  0.0  0.0  0.0  0.0  0.0  0.0  0.0
  0.0  0.0  0.0  0.0  0.0  0.0  0.0  0.0 30.3 10.1  0.0  0.0  0.0  0.0  0.0
  0.0  0.0  0.0  0.0  0.0  0.0  0.0 10.1  0.0  0.0 10.1  0.0  0.0  0.0  0.0
    -23.77      0.10      1.17     -6.61      2.69  0.0  0.0  0.0  0.0  0.0
                                    t000291_s13_p30_qjpp.txt 13.8  5.0   64
  0.0  0.0  0.0 93.8  0.0  0.0  0.0  0.0  0.0  0.0  0.0 15.6  0.0  0.0  0.0
  0.0  0.0  0.0 15.6  0.0  0.0328.1171.9 15.6  0.0 31.3  0.0 15.6  0.0 15.6
  0.0  0.0  0.0  0.0  0.0 31.3 15.6  0.0  0.0  0.0  0.0  0.0  0.0  0.0 15.6
  0.0  0.0  0.0  0.0 15.6  0.0 31.3 15.6  0.0 15.6 31.3 31.3  0.0109.4 15.6
  0.0  0.0  0.0  0.0  0.0  0.0  0.0  0.0  0.0  0.0  0.0  0.0  0.0  0.0  0.0
  0.0  0.0  0.0  0.0  0.0  0.0  0.0  0.0  0.0  0.0  0.0  0.0  0.0  0.0  0.0
  0.0  0.0  0.0  0.0  0.0  0.0  0.0  0.0  0.0  0.0  0.0  0.0  0.0  0.0  0.0
  0.0  0.0  0.0  0.0  0.0  0.0  0.0  0.0  0.0  0.0  0.0  0.0  0.0  0.0  0.0
  0.0  0.0  0.0  0.0  0.0  0.0  0.0  0.0 15.6  0.0 31.3 15.6  0.0  0.0  0.0
  0.0  0.0  0.0  0.0  0.0  0.0  0.0 31.3 31.3  0.0  0.0  0.0  0.0  0.0  0.0
    -12.90     -1.45      7.01     -6.61      8.39  0.0  0.0  0.0  0.0  0.0
                                    t000291_s13_p31_qjpp.txt 14.3  5.2   79
  0.0  0.0 12.7 88.6  0.0  0.0  0.0  0.0  0.0  0.0  0.0 12.7  0.0  0.0  0.0
  0.0  0.0  0.0 12.7  0.0  0.0240.5126.6 75.9 12.7 38.0  0.0  0.0  0.0  0.0
  0.0 12.7  0.0 12.7  0.0 25.3 63.3  0.0 12.7  0.0  0.0 12.7  0.0 38.0  0.0
  0.0  0.0  0.0  0.0  0.0  0.0 38.0 38.0  0.0  0.0126.6 38.0  0.0164.6  0.0
 12.7  0.0  0.0  0.0  0.0  0.0  0.0  0.0  0.0  0.0  0.0  0.0  0.0  0.0  0.0
  0.0  0.0  0.0  0.0  0.0  0.0 12.7  0.0  0.0  0.0  0.0  0.0  0.0  0.0  0.0
  0.0  0.0 25.3 12.7  0.0  0.0  0.0  0.0  0.0  0.0  0.0  0.0  0.0  0.0  0.0
 12.7  0.0  0.0 12.7 38.0  0.0 38.0  0.0  0.0  0.0  0.0  0.0  0.0  0.0  0.0
  0.0  0.0  0.0  0.0  0.0  0.0  0.0  0.0 25.3  0.0 38.0  0.0  0.0  0.0 12.7
  0.0  0.0  0.0  0.0  0.0  0.0 12.7 12.7 12.7  0.0  0.0 12.7 38.0  0.0  0.0
    -14.03     -3.62      0.61      2.54      2.13  0.0  0.0  0.0  0.0  0.0
                                    t000291_s13_p32_qjpp.txt 17.5  4.1  114
  0.0  0.0  0.0 61.4  0.0  0.0  0.0  0.0  0.0  0.0  0.0  0.0  0.0  0.0  0.0
  0.0  0.0  0.0  0.0  0.0  0.0377.2114.0 26.3  8.8  0.0  0.0  0.0  0.0  0.0
  0.0  0.0  0.0  0.0  8.8  0.0 17.5  0.0  0.0  0.0  0.0  0.0  0.0  8.8  0.0
  0.0  0.0  0.0  0.0  8.8  0.0  0.0  8.8  0.0  0.0 52.6  0.0  0.0 78.9  0.0
  0.0  0.0  0.0  0.0  0.0  0.0  0.0  0.0  0.0  0.0  0.0  0.0  0.0  0.0  0.0
  0.0  0.0  0.0  0.0  0.0  0.0  8.8  0.0  0.0  0.0  0.0  0.0  0.0  0.0  0.0
  0.0  0.0  0.0  8.8  0.0  0.0  0.0  0.0  0.0  0.0  0.0  0.0  0.0  0.0  0.0
  8.8  0.0  0.0  8.8  8.8  0.0  8.8  0.0  0.0  0.0  0.0  0.0  0.0  0.0  0.0
  0.0  0.0  0.0  0.0  0.0  0.0  0.0  8.8 17.5  8.8 17.5  8.8  0.0 17.5  0.0
  0.0  0.0  0.0  0.0  0.0  0.0  0.0  8.8 17.5  0.0  0.0  8.8 17.5  0.0  0.0
    -23.70     -5.44     -1.61     -6.61     -2.30  0.0  0.0  0.0  0.0  0.0
                                    t000291_s13_p33_qjpp.txt 12.3  4.4   57
  0.0  0.0  0.0 52.6  0.0  0.0  0.0  0.0  0.0 17.5  0.0  0.0  0.0  0.0  0.0
  0.0  0.0  0.0  0.0  0.0  0.0350.9157.9 17.5  0.0  0.0  0.0  0.0 17.5  0.0
  0.0  0.0  0.0  0.0  0.0 17.5  0.0  0.0  0.0  0.0  0.0  0.0  0.0 17.5 17.5
  0.0  0.0  0.0  0.0 17.5  0.0  0.0 35.1  0.0 17.5 35.1  0.0  0.0 52.6  0.0
  0.0  0.0  0.0  0.0  0.0  0.0  0.0  0.0  0.0  0.0  0.0  0.0  0.0  0.0  0.0
  0.0  0.0  0.0  0.0  0.0  0.0  0.0  0.0  0.0  0.0  0.0  0.0  0.0  0.0  0.0
  0.0  0.0  0.0  0.0  0.0  0.0  0.0  0.0  0.0  0.0  0.0  0.0  0.0  0.0  0.0
  0.0  0.0  0.0  0.0  0.0  0.0  0.0  0.0  0.0  0.0  0.0  0.0  0.0  0.0  0.0
  0.0  0.0  0.0  0.0  0.0  0.0  0.0 17.5  0.0 35.1  0.0 17.5  0.0 17.5  0.0
  0.0  0.0  0.0  0.0  0.0  0.0  0.0 17.5 17.5  0.0  0.0  0.0 17.5  0.0  0.0
    -22.60     -5.73     10.30     -6.61     12.53  0.0  0.0  0.0  0.0  0.0
                                    t000291_s13_p34_qjpp.txt  7.5  4.6   38
  0.0  0.0  0.0 26.3  0.0  0.0  0.0  0.0  0.0  0.0  0.0  0.0  0.0  0.0  0.0
  0.0  0.0  0.0  0.0  0.0  0.0315.8184.2 78.9  0.0  0.0  0.0  0.0  0.0  0.0
  0.0 26.3  0.0  0.0  0.0 52.6  0.0  0.0  0.0  0.0  0.0  0.0  0.0  0.0  0.0
  0.0 26.3  0.0  0.0  0.0  0.0 52.6  0.0  0.0  0.0 78.9  0.0  0.0 26.3  0.0
  0.0  0.0  0.0  0.0  0.0  0.0  0.0  0.0  0.0  0.0  0.0  0.0  0.0  0.0  0.0
  0.0  0.0  0.0  0.0  0.0  0.0  0.0  0.0  0.0  0.0  0.0  0.0  0.0  0.0  0.0
  0.0  0.0  0.0  0.0  0.0  0.0  0.0  0.0  0.0  0.0  0.0  0.0  0.0  0.0  0.0
  0.0  0.0  0.0  0.0  0.0  0.0  0.0  0.0  0.0  0.0  0.0  0.0  0.0  0.0  0.0
  0.0  0.0  0.0  0.0  0.0  0.0  0.0  0.0  0.0  0.0 26.3  0.0  0.0  0.0  0.0
  0.0  0.0  0.0  0.0  0.0  0.0  0.0  0.0  0.0  0.0  0.0  0.0 26.3  0.0  0.0
    -29.66     -5.73      7.73     -6.61     -3.63  0.0  0.0  0.0  0.0  0.0
                                    t000291_s13_p35_qjpp.txt 26.0  4.6  240
  8.3  0.0  0.0 75.0  0.0  0.0  0.0  4.2  0.0  8.3  0.0 20.8  0.0  0.0  0.0
  0.0  0.0  0.0  0.0  0.0  0.0312.5141.7 54.2  4.2 12.5  0.0  0.0  0.0  0.0
  0.0  0.0  0.0  0.0  0.0 25.0 16.7  0.0  4.2  0.0  0.0  0.0 12.5  8.3  0.0
  0.0  0.0  0.0  4.2  8.3  0.0 20.8  8.3  0.0  0.0 70.8 12.5  0.0 91.7  0.0
  8.3  0.0  0.0  0.0  0.0  0.0  0.0  0.0  0.0  0.0  0.0  0.0  0.0  0.0  0.0
  0.0  0.0  0.0  4.2  4.2  0.0  8.3  0.0  0.0  0.0  0.0  0.0  4.2  4.2  0.0
  0.0  4.2  4.2  8.3  0.0  0.0  0.0  0.0  0.0  4.2  0.0  0.0  0.0  0.0  0.0
 16.7  0.0  8.3 25.0 16.7  0.0 20.8  0.0  0.0  0.0  0.0  0.0  0.0  0.0  0.0
  0.0  0.0  0.0  0.0  0.0  0.0  0.0  0.0 12.5 12.5 12.5 16.7  4.2  0.0  0.0
  0.0  0.0  0.0  0.0  4.2  0.0 16.7 12.5 12.5  8.3  0.0  8.3 16.7  0.0  0.0
    -10.09     -5.04     -0.45     -5.26      5.45  0.0  0.0  0.0  0.0  0.0
                                    t000291_s13_p36_qjpp.txt 13.5  5.3   77
 13.0  0.0 13.0 77.9  0.0  0.0  0.0  0.0 13.0  0.0  0.0  0.0  0.0  0.0  0.0
  0.0  0.0 13.0 13.0  0.0  0.0311.7168.8103.9 13.0  0.0  0.0  0.0  0.0  0.0
  0.0 26.0  0.0  0.0  0.0 26.0  0.0  0.0  0.0  0.0  0.0  0.0 26.0  0.0  0.0
  0.0  0.0  0.0  0.0  0.0 13.0 39.0  0.0  0.0  0.0142.9 13.0  0.0 77.9  0.0
  0.0  0.0  0.0  0.0  0.0  0.0  0.0  0.0  0.0  0.0  0.0  0.0  0.0  0.0  0.0
  0.0  0.0  0.0  0.0  0.0  0.0  0.0  0.0  0.0  0.0  0.0  0.0  0.0  0.0  0.0
  0.0  0.0  0.0  0.0  0.0  0.0  0.0  0.0  0.0  0.0  0.0  0.0  0.0  0.0  0.0
  0.0  0.0  0.0  0.0  0.0  0.0  0.0  0.0  0.0  0.0  0.0  0.0  0.0  0.0  0.0
  0.0  0.0  0.0  0.0  0.0  0.0  0.0  0.0  0.0  0.0  0.0 39.0  0.0  0.0 13.0
  0.0  0.0  0.0  0.0  0.0  0.0 39.0 13.0  0.0 13.0  0.0  0.0 13.0  0.0  0.0
    -21.80     -5.30      9.12     -6.61     12.61  0.0  0.0  0.0  0.0  0.0
                                    t000291_s13_p37_qjpp.txt 12.8  4.8   70
  0.0  0.0  0.0142.9  0.0  0.0  0.0  0.0  0.0  0.0  0.0  0.0  0.0 14.3  0.0
  0.0  0.0  0.0  0.0  0.0  0.0271.4 85.7 85.7  0.0  0.0  0.0  0.0  0.0 14.3
 28.6  0.0  0.0 14.3  0.0 28.6  0.0  0.0  0.0  0.0  0.0 14.3  0.0 28.6  0.0
  0.0 14.3 14.3 14.3 28.6  0.0 14.3 28.6  0.0 42.9114.3  0.0  0.0128.6  0.0
  0.0  0.0  0.0  0.0  0.0  0.0  0.0  0.0  0.0  0.0  0.0  0.0  0.0  0.0  0.0
  0.0  0.0  0.0  0.0  0.0  0.0  0.0  0.0  0.0  0.0  0.0  0.0  0.0  0.0  0.0
  0.0  0.0  0.0  0.0  0.0  0.0  0.0  0.0  0.0  0.0  0.0  0.0  0.0  0.0  0.0
  0.0  0.0  0.0  0.0  0.0  0.0  0.0  0.0  0.0  0.0  0.0  0.0  0.0  0.0  0.0
  0.0  0.0  0.0  0.0  0.0  0.0  0.0  0.0  0.0 14.3 14.3 42.9  0.0  0.0  0.0
  0.0  0.0  0.0  0.0  0.0  0.0 57.1  0.0  0.0  0.0  0.0 14.3 14.3  0.0  0.0
    -15.01     -5.73     28.39     -0.89      0.70  0.0  0.0  0.0  0.0  0.0
                                    t000291_s13_p38_qjpp.txt 11.0  4.8   65
  0.0  0.0  0.0138.5  0.0 15.4  0.0  0.0  0.0 30.8  0.0  0.0  0.0  0.0  0.0
  0.0 15.4  0.0 15.4  0.0  0.0292.3107.7 30.8 46.2 30.8  0.0  0.0  0.0  0.0
 15.4  0.0  0.0  0.0  0.0  0.0 15.4  0.0  0.0  0.0  0.0  0.0  0.0 15.4  0.0
  0.0  0.0  0.0  0.0  0.0  0.0 15.4 15.4 15.4 15.4 46.2 30.8  0.0138.5  0.0
  0.0  0.0  0.0  0.0  0.0  0.0  0.0  0.0  0.0  0.0  0.0  0.0  0.0  0.0  0.0
  0.0  0.0  0.0  0.0  0.0  0.0  0.0  0.0  0.0  0.0  0.0  0.0 15.4 15.4  0.0
  0.0  0.0 15.4  0.0  0.0  0.0  0.0  0.0  0.0  0.0  0.0  0.0  0.0  0.0  0.0
  0.0  0.0 30.8 30.8 15.4  0.0 15.4  0.0  0.0  0.0  0.0  0.0  0.0  0.0  0.0
  0.0  0.0  0.0  0.0  0.0  0.0  0.0  0.0 30.8 46.2 15.4 30.8  0.0  0.0  0.0
  0.0  0.0  0.0  0.0  0.0  0.0 15.4 30.8  0.0  0.0  0.0 15.4 15.4  0.0  0.0
     16.92     -2.84     14.96     -6.61     -1.30 15.4  0.0  0.0  0.0  0.0
                                    t000291_s13_p39_qjpp.txt 19.5  5.0  131
  7.6  0.0  7.6 68.7  0.0  0.0  0.0  0.0  0.0  0.0  0.0  0.0  0.0  0.0  0.0
  0.0  0.0  0.0  7.6  0.0  0.0313.0106.9 99.2  7.6  0.0  0.0  0.0  0.0  7.6
  0.0  0.0  0.0 15.3 22.9 38.2 15.3  0.0  0.0  0.0  0.0  7.6 15.3 15.3  0.0
  0.0 15.3  0.0  0.0  0.0  0.0 22.9 15.3  0.0  7.6114.5  0.0  0.0 99.2  7.6
 15.3  0.0  0.0  0.0  0.0  0.0  0.0  0.0  0.0  0.0  0.0  0.0  0.0  0.0  0.0
  0.0  0.0  0.0  0.0  0.0  0.0  7.6  0.0  0.0  0.0  0.0  0.0  0.0  0.0  0.0
  0.0  7.6  0.0  0.0  0.0  0.0  0.0  0.0  0.0  0.0  0.0  0.0  0.0  0.0  0.0
  7.6  0.0  0.0  7.6  7.6  0.0  7.6  0.0  0.0  0.0  0.0  0.0  0.0  0.0  0.0
  0.0  0.0  0.0  0.0  0.0  0.0  0.0  0.0 15.3  7.6 22.9 30.5  0.0  7.6  0.0
  0.0  0.0  0.0  0.0  0.0  0.0 30.5 15.3  0.0 15.3  0.0 22.9  7.6  0.0  0.0
    -24.88     -5.48     -8.48     -3.55      8.23  0.0  0.0  0.0  0.0  0.0
                                     t000291_s13_p4_qjpp.txt 24.8  5.2  159
  6.3  0.0  0.0 62.9  0.0  0.0  0.0  0.0  6.3  0.0  0.0  0.0  0.0  0.0  0.0
  0.0  0.0  6.3  6.3  6.3  0.0364.8113.2 62.9  6.3 12.6  0.0  0.0  0.0 12.6
  0.0 12.6  0.0  0.0  6.3 37.7  6.3  0.0  0.0  0.0  0.0  0.0  0.0 12.6  0.0
  0.0  0.0  0.0  0.0  0.0  6.3 18.9 12.6  6.3 12.6 69.2 18.9  0.0 75.5  0.0
 12.6  0.0  0.0  0.0  0.0  0.0  0.0  0.0  0.0  0.0  0.0  0.0  0.0  0.0  0.0
  0.0  0.0  0.0  0.0  0.0  0.0  0.0  0.0  0.0  0.0  0.0  0.0  0.0  0.0  0.0
  0.0  0.0  0.0  0.0  0.0  0.0  0.0  0.0  0.0  0.0  0.0  0.0  0.0  0.0  0.0
  0.0  0.0  0.0  0.0  0.0  0.0  0.0  0.0  0.0  0.0  0.0  0.0  0.0  0.0  0.0
  0.0  0.0  0.0  0.0  0.0  0.0  0.0 12.6  6.3  6.3 12.6  0.0  0.0 12.6  0.0
  0.0  0.0  0.0  0.0  0.0  6.3  0.0  6.3  6.3  6.3  0.0 12.6 18.9  0.0  0.0
    -17.57     -4.96      7.93     -6.61     -1.72  0.0  0.0  0.0  0.0  0.0
                                    t000291_s13_p40_qjpp.txt 11.5  4.9   58
  0.0  0.0  0.0 86.2  0.0  0.0  0.0  0.0  0.0  0.0  0.0 17.2  0.0  0.0  0.0
  0.0  0.0 17.2  0.0  0.0  0.0293.1155.2 51.7  0.0 34.5  0.0  0.0  0.0  0.0
  0.0  0.0  0.0  0.0  0.0 34.5 17.2  0.0  0.0  0.0 17.2  0.0 17.2  0.0  0.0
  0.0  0.0  0.0  0.0  0.0 34.5 17.2  0.0  0.0  0.0 69.0 34.5  0.0103.4  0.0
 17.2  0.0  0.0  0.0  0.0  0.0  0.0  0.0  0.0  0.0  0.0  0.0  0.0  0.0  0.0
  0.0  0.0  0.0  0.0  0.0  0.0  0.0  0.0  0.0  0.0  0.0  0.0  0.0  0.0  0.0
  0.0  0.0  0.0  0.0  0.0  0.0  0.0  0.0  0.0  0.0  0.0  0.0  0.0  0.0  0.0
  0.0  0.0  0.0  0.0  0.0  0.0  0.0  0.0  0.0  0.0  0.0  0.0  0.0  0.0  0.0
  0.0  0.0  0.0  0.0  0.0  0.0  0.0  0.0 17.2  0.0 34.5 17.2  0.0  0.0  0.0
  0.0  0.0  0.0  0.0  0.0  0.0 17.2  0.0  0.0  0.0  0.0  0.0 17.2 17.2  0.0
    -10.47     -4.20     -0.99      1.60      7.15  0.0  0.0  0.0  0.0  0.0
                                    t000291_s13_p41_qjpp.txt 13.5  4.7   78
  0.0  0.0  0.0 51.3  0.0  0.0  0.0  0.0  0.0  0.0  0.0  0.0  0.0  0.0  0.0
  0.0  0.0  0.0  0.0  0.0  0.0384.6153.8 38.5  0.0 25.6  0.0  0.0  0.0  0.0
  0.0  0.0  0.0  0.0  0.0 51.3 12.8  0.0  0.0  0.0  0.0  0.0 12.8  0.0  0.0
  0.0  0.0  0.0  0.0 12.8  0.0  0.0  0.0  0.0  0.0 51.3 25.6  0.0 64.1 12.8
  0.0  0.0  0.0  0.0  0.0  0.0  0.0  0.0  0.0  0.0  0.0  0.0  0.0  0.0  0.0
  0.0  0.0  0.0  0.0  0.0  0.0  0.0  0.0  0.0  0.0  0.0  0.0  0.0  0.0  0.0
  0.0  0.0  0.0  0.0  0.0  0.0  0.0  0.0  0.0  0.0  0.0  0.0  0.0  0.0  0.0
  0.0  0.0  0.0  0.0  0.0  0.0  0.0  0.0  0.0  0.0  0.0  0.0  0.0  0.0  0.0
  0.0  0.0  0.0  0.0  0.0  0.0  0.0  0.0 12.8 12.8 76.9 25.6  0.0  0.0 25.6
  0.0  0.0  0.0  0.0  0.0  0.0 25.6 12.8  0.0  0.0  0.0 12.8  0.0  0.0  0.0
    -27.80     -4.59     -1.94     -6.61      4.39  0.0  0.0  0.0  0.0  0.0
                                    t000291_s13_p42_qjpp.txt 15.5  4.7   89
 11.2  0.0 11.2 56.2  0.0  0.0  0.0  0.0 11.2  0.0  0.0  0.0  0.0  0.0  0.0
  0.0  0.0  0.0 22.5  0.0  0.0348.3157.3101.1 11.2  0.0  0.0  0.0  0.0  0.0
  0.0 11.2  0.0  0.0 11.2 33.7 11.2  0.0  0.0  0.0  0.0  0.0  0.0  0.0  0.0
  0.0  0.0  0.0 11.2  0.0  0.0 33.7  0.0  0.0  0.0101.1 11.2  0.0 89.9 11.2
  0.0  0.0  0.0  0.0  0.0  0.0  0.0  0.0  0.0  0.0  0.0  0.0  0.0  0.0  0.0
  0.0  0.0  0.0  0.0  0.0  0.0  0.0  0.0  0.0  0.0  0.0  0.0  0.0  0.0  0.0
  0.0  0.0 11.2  0.0  0.0  0.0  0.0  0.0  0.0  0.0  0.0  0.0  0.0  0.0  0.0
  0.0  0.0  0.0  0.0 11.2  0.0 11.2  0.0  0.0  0.0  0.0  0.0  0.0  0.0  0.0
  0.0  0.0  0.0  0.0  0.0  0.0  0.0 11.2  0.0 11.2  0.0 44.9  0.0  0.0 22.5
  0.0  0.0  0.0  0.0  0.0  0.0 22.5 11.2 22.5  0.0 11.2  0.0  0.0  0.0  0.0
    -23.44     -5.36     -0.08     -6.61     -3.63  0.0  0.0  0.0  0.0  0.0
                                    t000291_s13_p43_qjpp.txt  9.8  4.3   49
 20.4  0.0  0.0 61.2  0.0  0.0  0.0  0.0  0.0  0.0  0.0  0.0  0.0  0.0  0.0
  0.0  0.0  0.0  0.0  0.0  0.0326.5163.3 61.2  0.0 20.4  0.0  0.0  0.0  0.0
  0.0  0.0  0.0  0.0 20.4  0.0  0.0  0.0  0.0  0.0  0.0  0.0  0.0  0.0  0.0
  0.0  0.0  0.0  0.0 20.4  0.0  0.0  0.0  0.0  0.0 81.6 20.4  0.0 61.2  0.0
  0.0  0.0  0.0  0.0  0.0  0.0  0.0  0.0  0.0  0.0  0.0  0.0  0.0  0.0  0.0
  0.0  0.0  0.0  0.0  0.0  0.0  0.0  0.0  0.0  0.0  0.0  0.0  0.0  0.0  0.0
  0.0  0.0  0.0  0.0  0.0  0.0  0.0  0.0  0.0  0.0  0.0  0.0  0.0  0.0  0.0
  0.0  0.0  0.0  0.0  0.0  0.0  0.0  0.0  0.0  0.0  0.0  0.0  0.0  0.0  0.0
  0.0  0.0  0.0  0.0  0.0  0.0  0.0  0.0  0.0 20.4  0.0 40.8  0.0  0.0  0.0
  0.0  0.0  0.0  0.0  0.0 20.4  0.0  0.0  0.0 20.4  0.0 20.4 20.4  0.0  0.0
    -24.49     -4.82     -5.03     -6.61     -3.63  0.0  0.0  0.0  0.0  0.0
                                    t000291_s13_p44_qjpp.txt  8.0  5.0   37
  0.0  0.0  0.0 81.1  0.0  0.0  0.0  0.0  0.0  0.0  0.0  0.0  0.0  0.0  0.0
  0.0  0.0  0.0  0.0  0.0  0.0297.3108.1135.1  0.0  0.0  0.0  0.0  0.0  0.0
  0.0  0.0  0.0  0.0  0.0 54.1  0.0  0.0  0.0  0.0  0.0  0.0 27.0  0.0  0.0
  0.0  0.0  0.0  0.0  0.0  0.0  0.0  0.0  0.0  0.0189.2  0.0  0.0 81.1  0.0
  0.0  0.0  0.0  0.0  0.0  0.0  0.0  0.0  0.0  0.0  0.0  0.0  0.0  0.0  0.0
  0.0  0.0  0.0  0.0  0.0  0.0  0.0  0.0  0.0  0.0  0.0  0.0  0.0  0.0  0.0
  0.0  0.0  0.0  0.0  0.0  0.0  0.0  0.0  0.0  0.0  0.0  0.0 27.0  0.0  0.0
  0.0  0.0  0.0  0.0  0.0  0.0  0.0 27.0  0.0  0.0  0.0  0.0  0.0  0.0  0.0
  0.0  0.0  0.0  0.0  0.0  0.0  0.0 27.0 27.0  0.0  0.0 27.0  0.0  0.0  0.0
  0.0  0.0  0.0  0.0  0.0  0.0  0.0  0.0  0.0  0.0  0.0  0.0  0.0  0.0  0.0
    -28.65     -5.73     -2.10     -6.61     13.27  0.0  0.0  0.0  0.0  0.0
                                    t000291_s13_p45_qjpp.txt  7.3  5.0   36
 27.8  0.0  0.0138.9  0.0  0.0  0.0  0.0 27.8  0.0  0.0  0.0  0.0  0.0  0.0
  0.0  0.0  0.0  0.0  0.0  0.0361.1 83.3 55.6  0.0  0.0  0.0  0.0  0.0  0.0
  0.0  0.0  0.0 27.8  0.0 27.8  0.0  0.0  0.0  0.0  0.0  0.0  0.0  0.0  0.0
  0.0  0.0  0.0  0.0  0.0  0.0  0.0  0.0  0.0  0.0 55.6 27.8  0.0166.7 27.8
 55.6  0.0  0.0  0.0  0.0  0.0  0.0  0.0  0.0  0.0  0.0  0.0  0.0  0.0  0.0
  0.0  0.0  0.0  0.0  0.0  0.0  0.0  0.0  0.0  0.0  0.0  0.0  0.0  0.0  0.0
  0.0  0.0  0.0  0.0  0.0  0.0  0.0  0.0  0.0  0.0  0.0  0.0  0.0  0.0  0.0
  0.0  0.0  0.0  0.0  0.0  0.0  0.0  0.0  0.0  0.0  0.0  0.0  0.0  0.0  0.0
  0.0  0.0  0.0  0.0  0.0  0.0  0.0  0.0  0.0  0.0  0.0 55.6  0.0  0.0  0.0
  0.0  0.0  0.0  0.0  0.0  0.0  0.0 27.8  0.0 27.8  0.0 27.8 27.8  0.0  0.0
    -19.89     -5.73     -8.54     -6.61     -3.63  0.0  0.0  0.0  0.0  0.0
                                    t000291_s13_p46_qjpp.txt 24.5  4.8  268
  7.5  0.0  0.0100.7  0.0  0.0  3.7  3.7  3.7  0.0  0.0  0.0  0.0  0.0  0.0
  0.0  0.0  0.0  0.0  3.7  7.5324.6126.9 48.5  3.7  7.5  0.0  0.0  3.7 11.2
  0.0  0.0  0.0  0.0  0.0 14.9 11.2  3.7  0.0  0.0  0.0  3.7  3.7 14.9 11.2
 11.2  0.0  0.0  0.0  3.7  3.7  0.0 37.3  3.7 14.9 56.0 11.2  0.0123.1  0.0
 11.2  0.0  0.0  0.0  0.0  0.0  0.0  0.0  0.0  0.0  0.0  0.0  0.0  0.0  0.0
  0.0  0.0  0.0  0.0  0.0  0.0  0.0  0.0  0.0  0.0  0.0  0.0  0.0  0.0  0.0
  0.0  0.0  3.7  0.0  3.7  0.0  0.0  0.0  0.0  0.0  0.0  0.0  3.7  0.0  0.0
  0.0  0.0  0.0  0.0  3.7  3.7  7.5  3.7  0.0  0.0  0.0  0.0  0.0  0.0  0.0
  0.0  0.0  0.0  0.0  0.0  0.0  0.0 22.4  7.5  3.7 18.7 11.2  3.7  0.0  3.7
  0.0  0.0  0.0  0.0  0.0  0.0  7.5 33.6 11.2 11.2  0.0  0.0 18.7  0.0  0.0
    -15.47     -5.27      7.92     -4.22     13.19  0.0  0.0  0.0  0.0  0.0
                                    t000291_s13_p47_qjpp.txt  7.8  4.9   40
 25.0  0.0  0.0 50.0  0.0  0.0  0.0  0.0  0.0  0.0  0.0  0.0  0.0  0.0  0.0
  0.0  0.0  0.0  0.0  0.0  0.0325.0150.0 75.0  0.0  0.0  0.0  0.0  0.0  0.0
  0.0  0.0  0.0  0.0  0.0  0.0 25.0  0.0  0.0  0.0  0.0  0.0  0.0 50.0  0.0
  0.0  0.0  0.0  0.0  0.0  0.0  0.0 50.0  0.0  0.0125.0  0.0  0.0100.0 25.0
 25.0  0.0  0.0  0.0  0.0  0.0  0.0  0.0  0.0  0.0  0.0  0.0  0.0  0.0  0.0
  0.0  0.0  0.0  0.0  0.0 25.0  0.0  0.0  0.0  0.0  0.0  0.0  0.0  0.0  0.0
  0.0  0.0  0.0  0.0  0.0 25.0  0.0  0.0  0.0  0.0  0.0  0.0  0.0  0.0  0.0
 25.0  0.0  0.0 25.0  0.0 25.0 25.0  0.0  0.0  0.0  0.0  0.0  0.0  0.0  0.0
  0.0  0.0  0.0  0.0  0.0  0.0  0.0  0.0  0.0  0.0  0.0  0.0  0.0  0.0 25.0
  0.0  0.0  0.0  0.0  0.0  0.0  0.0 25.0  0.0 25.0  0.0  0.0 25.0  0.0  0.0
    -26.20     -5.73      0.97     -6.61      3.95  0.0  0.0  0.0  0.0  0.0
                                    t000291_s13_p48_qjpp.txt 18.5  4.9  107
  0.0  0.0  0.0 65.4  0.0  0.0  0.0  0.0  0.0  9.3  0.0  0.0  0.0  0.0  0.0
  9.3  0.0  0.0  0.0  0.0  0.0271.0140.2 84.1  0.0  9.3  0.0  9.3  0.0  0.0
  0.0 18.7  0.0  0.0  0.0 37.4  0.0  0.0  0.0  0.0  0.0  0.0  0.0 18.7  0.0
  9.3  9.3  0.0  9.3  0.0  0.0 28.0 28.0  0.0  0.0121.5  9.3  0.0 84.1  0.0
  0.0  0.0  0.0  0.0  0.0  0.0  0.0  0.0  0.0  0.0  0.0  0.0  0.0  0.0  0.0
  0.0  0.0  0.0  0.0  0.0  0.0  0.0  0.0  0.0  0.0  0.0  0.0  0.0  0.0  0.0
  0.0  0.0  0.0  0.0  0.0  0.0  0.0  0.0  0.0  0.0  0.0  0.0  9.3  0.0  0.0
  0.0  0.0  0.0  0.0  0.0  0.0  0.0  9.3  0.0  0.0  0.0  0.0  0.0  0.0  0.0
  0.0  0.0  0.0  0.0  0.0  0.0  0.0 28.0  0.0  0.0 37.4 28.0  0.0  0.0  9.3
  0.0  0.0  9.3  0.0  0.0  0.0 28.0 18.7  9.3  0.0  0.0  0.0 18.7  0.0  0.0
    -21.85     -3.58      5.77     -6.61      2.22  9.3  0.0  0.0  0.0  0.0
                                    t000291_s13_p49_qjpp.txt 10.5  5.4   60
  0.0  0.0  0.0 33.3  0.0  0.0  0.0  0.0  0.0  0.0  0.0  0.0  0.0  0.0  0.0
  0.0  0.0  0.0 33.3  0.0  0.0383.3133.3133.3 16.7  0.0  0.0  0.0  0.0  0.0
  0.0  0.0  0.0  0.0  0.0  0.0  0.0  0.0  0.0  0.0  0.0  0.0  0.0 16.7  0.0
  0.0  0.0  0.0  0.0  0.0  0.0 33.3 16.7  0.0  0.0133.3  0.0  0.0 50.0  0.0
  0.0  0.0  0.0  0.0  0.0  0.0  0.0  0.0  0.0  0.0  0.0  0.0  0.0  0.0  0.0
  0.0  0.0  0.0  0.0  0.0  0.0  0.0  0.0  0.0  0.0  0.0  0.0  0.0  0.0  0.0
  0.0  0.0  0.0  0.0  0.0  0.0  0.0  0.0  0.0  0.0  0.0  0.0  0.0  0.0  0.0
  0.0  0.0  0.0  0.0  0.0  0.0  0.0  0.0  0.0  0.0  0.0  0.0  0.0  0.0  0.0
  0.0  0.0  0.0  0.0  0.0  0.0  0.0  0.0  0.0  0.0 16.7 16.7  0.0  0.0 16.7
  0.0  0.0 16.7  0.0  0.0  0.0 16.7  0.0 16.7  0.0  0.0  0.0  0.0  0.0  0.0
    -27.33     -5.18      0.97     -6.61     -1.10  0.0  0.0  0.0  0.0  0.0
                                     t000291_s13_p5_qjpp.txt 30.3  5.4  203
  9.9  0.0  0.0 83.7  0.0  0.0  4.9  0.0 34.5  4.9  0.0  0.0  0.0  0.0  0.0
  0.0  4.9  0.0  0.0  0.0  0.0310.3167.5 44.3  4.9  9.9  0.0  0.0  0.0  9.9
  0.0  0.0  0.0  0.0  9.9  4.9  4.9  0.0  4.9  4.9  4.9  0.0  0.0  4.9  0.0
  4.9  4.9  0.0  0.0  4.9  4.9  9.9  9.9  4.9  9.9 54.2 44.3  0.0118.2  0.0
  9.9  0.0  0.0  0.0  0.0  0.0  0.0  0.0  0.0  0.0  0.0  0.0  0.0  0.0  0.0
  0.0  0.0  0.0  0.0  0.0  0.0  0.0  0.0  0.0  0.0  0.0  0.0  0.0  0.0  0.0
  0.0  0.0  0.0  0.0  0.0  0.0  0.0  0.0  4.9  0.0  0.0  0.0  0.0  0.0  0.0
  0.0  0.0  0.0  0.0  0.0  4.9  4.9  0.0  0.0  0.0  0.0  0.0  0.0  0.0  0.0
  0.0  0.0  0.0  0.0  0.0  0.0  0.0  0.0  9.9  0.0  4.9  0.0  4.9  0.0  4.9
  0.0  0.0  0.0  0.0  0.0  0.0 14.8 14.8  4.9  9.9  0.0  4.9 14.8  0.0  0.0
    -15.25     -5.13      2.72     -0.43     -1.29  0.0  0.0  0.0  0.0  0.0
                                    t000291_s13_p50_qjpp.txt 20.5  5.6   94
  0.0  0.0  0.0 53.2  0.0  0.0 10.6 10.6 21.3 10.6  0.0  0.0  0.0  0.0  0.0
 10.6  0.0  0.0 21.3  0.0  0.0361.7 74.5 85.1 31.9 10.6 10.6  0.0  0.0  0.0
  0.0  0.0  0.0  0.0  0.0 21.3 10.6  0.0  0.0  0.0  0.0  0.0  0.0 10.6  0.0
  0.0  0.0  0.0  0.0  0.0  0.0 21.3 10.6  0.0  0.0138.3 31.9  0.0106.4  0.0
  0.0  0.0  0.0  0.0  0.0  0.0  0.0  0.0  0.0  0.0  0.0  0.0  0.0  0.0  0.0
  0.0  0.0  0.0  0.0  0.0  0.0  0.0 10.6  0.0  0.0  0.0  0.0 10.6  0.0  0.0
  0.0  0.0  0.0  0.0  0.0  0.0  0.0  0.0 10.6  0.0  0.0  0.0 10.6  0.0  0.0
  0.0 10.6 10.6 21.3  0.0 10.6 10.6 10.6  0.0  0.0  0.0  0.0  0.0  0.0  0.0
  0.0  0.0  0.0  0.0  0.0  0.0  0.0 10.6  0.0 10.6 21.3  0.0  0.0  0.0 21.3
  0.0  0.0 10.6  0.0  0.0  0.0 31.9  0.0  0.0  0.0  0.0  0.0  0.0  0.0  0.0
    -13.30     -2.16     -0.24     -6.61     -2.01  0.0  0.0  0.0  0.0  0.0
                                    t000291_s13_p51_qjpp.txt 26.8  5.0  170
  0.0  0.0  5.9 76.5  0.0  0.0  0.0  5.9 17.6  0.0  0.0  0.0  0.0  0.0  0.0
  0.0  0.0  0.0  0.0  0.0  0.0270.6129.4 76.5 11.8  5.9  5.9  0.0  0.0 17.6
  5.9  0.0  0.0  0.0 17.6 29.4 17.6  0.0  0.0  0.0  0.0  0.0  5.9 23.5  5.9
 11.8 17.6  0.0  0.0 11.8  0.0 17.6 41.2  0.0 23.5117.6 23.5  0.0123.5  0.0
  0.0  0.0  0.0  0.0  0.0  0.0  0.0  0.0  0.0  0.0  0.0  0.0  0.0  0.0  0.0
  0.0  0.0  0.0  0.0  0.0  5.9  0.0  0.0  0.0  0.0  0.0  0.0  0.0  5.9  0.0
  0.0  5.9  0.0  0.0  0.0  0.0  0.0  0.0  0.0  0.0  0.0  0.0  5.9  0.0  0.0
  5.9  0.0  5.9 11.8  5.9  0.0  5.9  5.9  0.0  0.0  0.0  0.0  0.0  0.0  0.0
  0.0  0.0  0.0  0.0  0.0  0.0  0.0 17.6 23.5  5.9 17.6  5.9  0.0  5.9 11.8
  0.0  0.0  0.0  0.0  0.0  0.0 11.8  5.9  0.0  5.9  0.0  0.0 11.8  0.0  0.0
    -23.41     -3.95      8.28     -6.61     11.94  0.0  0.0  0.0  0.0  0.0
                                    t000291_s13_p52_qjpp.txt 19.3  5.1  120
  8.3  0.0  0.0 66.7  0.0  0.0  0.0  0.0  8.3  8.3  0.0  0.0  0.0  0.0  0.0
  0.0  0.0  0.0  0.0  0.0  0.0341.7158.3108.3  0.0  0.0  0.0  8.3  0.0  0.0
  0.0  8.3  0.0  0.0  0.0 50.0  0.0  0.0  0.0  0.0  0.0  8.3 16.7  8.3  0.0
  0.0  0.0  0.0  0.0  0.0  0.0  8.3  8.3  0.0  0.0133.3  8.3  0.0 66.7  0.0
  8.3  0.0  0.0  0.0  0.0  0.0  0.0  0.0  0.0  0.0  0.0  0.0  0.0  0.0  0.0
  0.0  0.0  0.0  0.0  0.0  0.0  0.0  0.0  0.0  0.0  0.0  0.0  8.3  8.3  0.0
  0.0  0.0  0.0  0.0  0.0  0.0  0.0  0.0  0.0  0.0  8.3  0.0  0.0  0.0  0.0
  0.0  0.0 16.7 16.7  0.0  0.0  0.0  8.3  0.0  0.0  0.0  0.0  0.0  0.0  0.0
  0.0  0.0  0.0  0.0  0.0  0.0  0.0 16.7  8.3 16.7  0.0 16.7  0.0  8.3  0.0
  0.0  0.0  0.0  0.0  0.0  8.3  0.0  0.0  8.3 25.0  0.0  0.0  0.0  0.0  0.0
    -28.74     -4.18      1.22     -3.27      8.05  0.0  0.0  0.0  0.0  0.0
                                    t000291_s13_p53_qjpp.txt 13.8  4.3   84
  0.0  0.0  0.0 11.9 71.4  0.0  0.0  0.0  0.0  0.0  0.0  0.0  0.0  0.0  0.0
  0.0  0.0  0.0 11.9  0.0  0.0321.4107.1 59.5  0.0  0.0  0.0  0.0  0.0  0.0
  0.0  0.0  0.0  0.0  0.0  0.0  0.0  0.0  0.0  0.0  0.0  0.0  0.0  0.0  0.0
 11.9  0.0  0.0  0.0  0.0  0.0 11.9 11.9  0.0  0.0119.0 71.4  0.0 35.7  0.0
 11.9  0.0  0.0  0.0  0.0  0.0  0.0  0.0  0.0  0.0  0.0  0.0  0.0  0.0  0.0
  0.0  0.0  0.0  0.0  0.0  0.0  0.0  0.0  0.0  0.0  0.0  0.0  0.0  0.0  0.0
  0.0  0.0  0.0  0.0  0.0  0.0  0.0  0.0  0.0  0.0  0.0  0.0  0.0  0.0  0.0
  0.0  0.0  0.0  0.0  0.0  0.0  0.0  0.0  0.0  0.0  0.0  0.0  0.0  0.0  0.0
  0.0  0.0  0.0  0.0  0.0  0.0  0.0  0.0  0.0  0.0 11.9 11.9  0.0  0.0  0.0
 11.9  0.0  0.0  0.0  0.0  0.0 11.9 23.8  0.0  0.0  0.0  0.0  0.0  0.0  0.0
    -17.93     -5.73      0.97     -6.61      0.21  0.0  0.0  0.0  0.0  0.0
                                    t000291_s13_p54_qjpp.txt 26.5  5.2  175
  5.7  0.0  0.0 74.3  0.0  0.0  0.0  0.0 17.1  0.0  0.0  0.0  0.0  0.0  0.0
  0.0  0.0 17.1  0.0  0.0  0.0302.9131.4108.6  0.0  0.0  0.0 11.4  0.0  0.0
  0.0  0.0  0.0  0.0  0.0 28.6  5.7  0.0  0.0  5.7  0.0  0.0  5.7  5.7  0.0
  0.0  5.7 11.4  0.0  5.7 17.1 11.4  5.7  0.0  0.0142.9 17.1  0.0 80.0  5.7
  5.7  0.0  0.0  0.0  0.0  0.0  0.0  0.0  0.0  0.0  0.0  0.0  0.0  0.0  0.0
  0.0  0.0  0.0 11.4  0.0  0.0  5.7  0.0  0.0  0.0  0.0  0.0  0.0  0.0  0.0
  0.0  0.0  0.0  5.7  0.0  0.0  0.0  0.0  0.0  0.0  0.0  0.0  0.0  0.0  0.0
 17.1  0.0  0.0 17.1  5.7  0.0  5.7  0.0  0.0  0.0  0.0  0.0  0.0  0.0  0.0
  0.0  0.0  0.0  0.0  0.0  0.0  0.0 22.9  0.0  0.0 17.1  5.7  0.0 11.4 11.4
  0.0  0.0  0.0  0.0  5.7 11.4 17.1  0.0 17.1  5.7  0.0  0.0 17.1  0.0  0.0
    -23.01     -3.61     -0.65     -4.01      0.81  0.0  0.0  0.0  0.0  0.0
                                    t000291_s13_p55_qjpp.txt 29.3  4.9  225
  4.4  0.0  0.0 71.1  0.0  0.0  0.0  0.0  8.9  8.9  0.0  0.0  0.0  0.0  0.0
  0.0  0.0  4.4  8.9  0.0  0.0275.6111.1 75.6  4.4 17.8  0.0  0.0  0.0  0.0
  0.0 13.3  0.0  0.0  8.9 35.6 22.2  0.0  0.0  0.0  0.0  0.0 13.3 13.3  4.4
  4.4  4.4  4.4  8.9  0.0  4.4 26.7 22.2  0.0  0.0128.9 26.7  8.9111.1  4.4
  8.9  0.0  0.0  0.0  0.0  0.0  0.0  0.0  0.0  0.0  0.0  0.0  0.0  0.0  0.0
  0.0  0.0  0.0  0.0  0.0  0.0  4.4  0.0  0.0  0.0  0.0  0.0  0.0  0.0  0.0
  0.0  0.0  4.4  4.4  0.0  4.4  0.0  0.0  4.4  0.0  0.0  0.0  0.0  0.0  0.0
  4.4  0.0  0.0  4.4  8.9  8.9 17.8  0.0  0.0  0.0  0.0  0.0  0.0  0.0  0.0
  0.0  0.0  0.0  0.0  0.0  0.0  0.0  8.9 13.3  0.0 13.3 17.8  0.0  0.0  4.4
  0.0  0.0  0.0  0.0  0.0  0.0 13.3 22.2  8.9  4.4  0.0  0.0 13.3  0.0  0.0
    -19.92     -4.79      1.28     -6.61     11.58  0.0  0.0  0.0  0.0  0.0
                                    t000291_s13_p56_qjpp.txt 16.0  4.4   87
  0.0  0.0  0.0 92.0  0.0 11.5  0.0 11.5  0.0  0.0  0.0  0.0  0.0 11.5  0.0
  0.0  0.0  0.0 23.0  0.0  0.0287.4114.9 34.5  0.0 34.5 11.5  0.0  0.0  0.0
  0.0 23.0  0.0  0.0 11.5 11.5 11.5  0.0  0.0  0.0  0.0  0.0  0.0 34.5  0.0
  0.0 11.5  0.0  0.0  0.0  0.0 57.5 34.5  0.0  0.0 80.5 34.5  0.0126.4  0.0
 11.5  0.0  0.0  0.0  0.0  0.0  0.0  0.0  0.0  0.0  0.0  0.0  0.0  0.0  0.0
  0.0  0.0  0.0  0.0  0.0  0.0  0.0  0.0  0.0  0.0  0.0  0.0  0.0  0.0  0.0
  0.0  0.0  0.0  0.0  0.0  0.0  0.0  0.0  0.0  0.0  0.0  0.0  0.0  0.0  0.0
  0.0  0.0  0.0  0.0  0.0  0.0  0.0  0.0  0.0  0.0  0.0  0.0  0.0  0.0  0.0
  0.0  0.0  0.0  0.0  0.0  0.0  0.0 23.0 11.5  0.0 46.0  0.0  0.0  0.0  0.0
  0.0  0.0  0.0  0.0  0.0  0.0  0.0 23.0  0.0 11.5  0.0  0.0  0.0  0.0  0.0
     -4.86     -1.98      5.45     -6.61      1.60  0.0  0.0  0.0  0.0  0.0
                                    t000291_s13_p57_qjpp.txt 11.5  5.5   52
  0.0  0.0  0.0115.4  0.0  0.0  0.0  0.0  0.0  0.0  0.0  0.0  0.0  0.0  0.0
  0.0  0.0  0.0 38.5  0.0  0.0326.9 76.9 76.9 38.5 19.2 19.2  0.0  0.0 19.2
  0.0  0.0  0.0 19.2 19.2 19.2  0.0  0.0  0.0  0.0  0.0  0.0  0.0 38.5  0.0
  0.0  0.0  0.0  0.0  0.0  0.0 38.5 38.5  0.0 19.2 76.9 19.2  0.0134.6  0.0
 19.2  0.0  0.0  0.0  0.0  0.0  0.0  0.0  0.0  0.0  0.0  0.0  0.0  0.0  0.0
  0.0  0.0  0.0  0.0  0.0  0.0  0.0  0.0  0.0  0.0  0.0  0.0  0.0  0.0  0.0
  0.0  0.0  0.0  0.0  0.0  0.0  0.0  0.0  0.0  0.0  0.0  0.0  0.0  0.0  0.0
  0.0  0.0  0.0  0.0  0.0  0.0  0.0  0.0  0.0  0.0  0.0  0.0  0.0  0.0  0.0
  0.0  0.0  0.0  0.0  0.0  0.0  0.0  0.0 19.2  0.0  0.0  0.0  0.0 19.2 19.2
 19.2  0.0  0.0  0.0 19.2  0.0 19.2 19.2  0.0 19.2  0.0  0.0 19.2  0.0  0.0
    -17.49      0.09     -1.65     -6.61      2.20  0.0  0.0  0.0  0.0  0.0
                                    t000291_s13_p58_qjpp.txt 11.0  5.5   51
  0.0  0.0  0.0 39.2  0.0  0.0  0.0  0.0  0.0  0.0  0.0  0.0  0.0  0.0  0.0
  0.0  0.0  0.0 19.6  0.0  0.0235.3 98.0176.5 58.8  0.0  0.0  0.0  0.0  0.0
  0.0 39.2  0.0  0.0  0.0 39.2  0.0  0.0  0.0  0.0  0.0 19.6  0.0 19.6  0.0
 19.6 39.2  0.0  0.0  0.0  0.0 98.0 39.2  0.0  0.0196.1  0.0  0.0137.3 19.6
  0.0  0.0  0.0  0.0  0.0  0.0  0.0  0.0  0.0  0.0  0.0  0.0  0.0  0.0  0.0
  0.0  0.0  0.0  0.0  0.0  0.0  0.0  0.0  0.0  0.0  0.0  0.0  0.0  0.0  0.0
  0.0  0.0  0.0  0.0  0.0  0.0  0.0  0.0  0.0  0.0  0.0  0.0  0.0  0.0  0.0
  0.0  0.0  0.0  0.0  0.0  0.0  0.0  0.0  0.0  0.0  0.0  0.0  0.0  0.0  0.0
  0.0  0.0  0.0  0.0  0.0  0.0  0.0 19.6 19.6  0.0  0.0 19.6  0.0  0.0  0.0
  0.0  0.0  0.0  0.0  0.0  0.0  0.0  0.0  0.0  0.0 19.6  0.0 39.2  0.0  0.0
    -27.12     -3.79     13.27      1.24      5.67 19.6  0.0  0.0  0.0  0.0
                                    t000291_s13_p59_qjpp.txt 11.3  4.9   53
 37.7  0.0  0.0 94.3 18.9  0.0  0.0  0.0 18.9  0.0  0.0  0.0  0.0  0.0  0.0
  0.0  0.0  0.0  0.0  0.0  0.0264.2169.8 37.7  0.0 18.9  0.0  0.0  0.0 18.9
  0.0  0.0  0.0  0.0  0.0 37.7  0.0  0.0  0.0  0.0  0.0  0.0 18.9  0.0  0.0
  0.0  0.0 18.9  0.0  0.0  0.0  0.0  0.0  0.0 18.9 56.6 56.6  0.0 94.3  0.0
  0.0  0.0  0.0  0.0  0.0  0.0  0.0  0.0  0.0  0.0  0.0  0.0  0.0  0.0  0.0
  0.0  0.0  0.0  0.0  0.0 18.9  0.0  0.0  0.0  0.0  0.0  0.0  0.0  0.0  0.0
  0.0  0.0  0.0  0.0  0.0  0.0  0.0  0.0  0.0  0.0 18.9  0.0  0.0  0.0  0.0
 18.9  0.0  0.0 18.9  0.0  0.0  0.0 18.9  0.0  0.0  0.0  0.0  0.0  0.0  0.0
  0.0  0.0  0.0  0.0  0.0  0.0  0.0 37.7  0.0  0.0 37.7  0.0  0.0  0.0  0.0
  0.0  0.0  0.0  0.0  0.0  0.0  0.0  0.0 18.9 18.9  0.0  0.0  0.0  0.0  0.0
    -18.53     -4.89      8.26     -6.61      8.17  0.0  0.0  0.0  0.0  0.0
                                     t000291_s13_p6_qjpp.txt 29.3  5.5  158
 19.0  0.0  6.3 75.9  0.0  0.0  0.0  0.0  0.0 19.0  0.0  0.0  0.0  0.0  0.0
  0.0  0.0  6.3 25.3  0.0  0.0360.8132.9 38.0  6.3  0.0 12.7  0.0  6.3  0.0
  0.0  0.0  0.0  0.0  0.0 12.7 19.0  0.0  0.0  0.0  0.0  6.3  0.0 19.0  0.0
  0.0  6.3 12.7  0.0  0.0  6.3 31.6 19.0  0.0  6.3 50.6  0.0  0.0101.3  6.3
  6.3  0.0  0.0  0.0  0.0  0.0  0.0  0.0  0.0  0.0  0.0  0.0  0.0  0.0  0.0
  0.0  0.0  0.0  6.3  6.3  0.0  0.0  0.0  0.0  0.0  0.0  0.0  6.3  0.0  0.0
  0.0  0.0  6.3  0.0  0.0  0.0  0.0  0.0  0.0  0.0  0.0  0.0  0.0  0.0  0.0
 12.7  0.0  6.3 19.0  6.3  0.0  6.3  0.0  0.0  0.0  0.0  0.0  0.0  0.0  0.0
  0.0  0.0  0.0  0.0  0.0  0.0  0.0  6.3 25.3 12.7 44.3  0.0 12.7  0.0  0.0
  0.0  0.0  0.0  0.0  0.0 12.7  6.3 19.0 12.7 19.0  6.3  0.0  0.0  0.0  0.0
    -15.69     -3.09      3.98     -4.07     -0.75  6.3  0.0  6.3  0.0  0.0
                                    t000291_s13_p60_qjpp.txt 19.5  5.3  115
  8.7  0.0  0.0 60.9  0.0  0.0  0.0  0.0  8.7  0.0  0.0  0.0  0.0  0.0  0.0
  0.0  0.0  8.7 26.1  0.0  0.0347.8130.4 69.6  0.0  8.7  0.0  0.0  0.0  0.0
  0.0  0.0  0.0  0.0  0.0 26.1  8.7  0.0  0.0  0.0  0.0  0.0  8.7  8.7  0.0
  0.0  0.0  0.0  0.0  0.0  8.7 26.1  8.7  0.0  0.0104.3 17.4  0.0 78.3  8.7
  8.7  0.0  0.0  0.0  0.0  0.0  0.0  0.0  0.0  0.0  0.0  0.0  0.0  0.0  0.0
  0.0  0.0  0.0  0.0  0.0  0.0  0.0  0.0  0.0  0.0  0.0  0.0  0.0  0.0  0.0
  0.0  0.0  8.7  0.0  0.0  0.0  0.0  0.0  0.0  0.0  0.0  0.0  0.0  0.0  0.0
  0.0  0.0  0.0  0.0  8.7  0.0  8.7  0.0  0.0  0.0  0.0  0.0  0.0  0.0  0.0
  0.0  0.0  0.0  0.0  0.0  0.0  0.0  8.7  8.7  0.0  8.7 17.4  0.0  8.7  0.0
  0.0  0.0  0.0  0.0  0.0  0.0  8.7  8.7  0.0  8.7  0.0  0.0 26.1  0.0  0.0
    -19.81     -5.34     -0.51     -6.61      3.13  0.0  0.0  0.0  0.0  0.0
                                     t000291_s13_p7_qjpp.txt 19.8  5.5  117
  0.0  0.0  0.0 94.0 17.1  0.0  0.0  0.0  8.5  0.0  0.0  0.0  0.0  0.0  0.0
  0.0  8.5  0.0  0.0  0.0  0.0350.4136.8 68.4  8.5  0.0  8.5  8.5  0.0  0.0
  0.0  0.0  0.0  0.0  0.0 34.2  0.0  8.5  0.0  0.0  8.5  8.5 17.1 17.1 17.1
  0.0  0.0  8.5  0.0  0.0 17.1  0.0 34.2  8.5  0.0 85.5 25.6  8.5 94.0  0.0
 17.1  0.0  0.0  0.0  0.0  0.0  0.0  0.0  0.0  0.0  0.0  0.0  0.0  0.0  0.0
  0.0  0.0  0.0  8.5  0.0  0.0  0.0  0.0  0.0  0.0  0.0  0.0  0.0  0.0  0.0
  0.0  0.0  0.0  0.0  0.0  0.0  0.0  0.0  0.0  0.0  0.0  0.0  0.0  0.0  0.0
  8.5  0.0  0.0  8.5  0.0  0.0  0.0  0.0  0.0  0.0  0.0  0.0  0.0  0.0  0.0
  0.0  0.0  0.0  0.0  0.0  0.0  0.0  0.0 34.2 25.6 42.7  8.5  0.0  0.0  0.0
  0.0  0.0  0.0  0.0  0.0  0.0 17.1 17.1  8.5  8.5  0.0  0.0 17.1  0.0  0.0
    -12.67     -2.22     -0.97      2.92     22.80  0.0  0.0  0.0  0.0  0.0
                                     t000291_s13_p8_qjpp.txt 27.0  4.8  154
  6.5  6.5  0.0 19.5  0.0  0.0  0.0 13.0 19.5  6.5  0.0  0.0  0.0  0.0  0.0
  0.0  0.0  0.0  0.0  0.0  0.0298.7149.4 90.9 32.5  0.0  6.5  0.0  0.0  0.0
  0.0 13.0  0.0  0.0  0.0 32.5 13.0  0.0  0.0  0.0  0.0  0.0  0.0  6.5  6.5
 13.0 13.0 13.0 13.0  0.0  0.0 26.0 26.0  0.0  0.0116.9 19.5  0.0 90.9  0.0
  0.0  0.0  0.0  0.0  0.0  0.0  0.0  0.0  0.0  0.0  0.0  0.0  0.0  0.0  0.0
  0.0  0.0  0.0  0.0  6.5 13.0  0.0  0.0  0.0  0.0  0.0  0.0  0.0  0.0  0.0
  0.0  0.0  6.5  0.0  0.0  0.0  0.0  0.0  0.0  0.0  0.0  0.0  0.0  6.5  0.0
 19.5  0.0  0.0 19.5  6.5  0.0  6.5  6.5  0.0  0.0  0.0  0.0  0.0  0.0  0.0
  0.0  0.0  0.0  0.0  0.0  0.0  0.0  0.0 13.0  0.0  6.5  0.0  6.5  6.5  0.0
  0.0 13.0  0.0  0.0  0.0  6.5 13.0  0.0  0.0 19.5 13.0  0.0 13.0  0.0  0.0
    -22.26     -3.41      3.94     -6.61      6.54  0.0  0.0  0.0  0.0  0.0
                                     t000291_s13_p9_qjpp.txt 26.5  4.9  162
  0.0  0.0  0.0 12.3  0.0  0.0  0.0  0.0 18.5  0.0  0.0  0.0  0.0  0.0  0.0
  0.0  0.0  0.0 12.3  0.0  0.0321.0123.5 55.6 61.7  0.0  0.0  0.0  0.0  0.0
  0.0  0.0  0.0  0.0  0.0 30.9 12.3  6.2  0.0  0.0  0.0  6.2 12.3 12.3  0.0
  0.0  0.0  0.0  0.0  0.0  6.2 12.3 12.3  0.0  0.0 67.9 18.5  0.0 98.8 18.5
  6.2  0.0  0.0  0.0  0.0  0.0  0.0  0.0  0.0  0.0  0.0  0.0  0.0  0.0  0.0
  0.0  0.0  0.0  0.0  0.0  0.0  0.0  0.0  0.0  0.0  0.0  0.0  0.0  0.0  0.0
  0.0  0.0  6.2  0.0  0.0  0.0  0.0  0.0  0.0  0.0  6.2  0.0  0.0  0.0  0.0
  0.0  0.0  0.0  0.0  6.2  0.0  6.2  6.2  0.0  0.0  0.0  0.0  0.0  0.0  0.0
  0.0  0.0  0.0  0.0  0.0  0.0  0.0  0.0  6.2  6.2 24.7  6.2 18.5  0.0  0.0
  0.0  0.0  0.0  0.0  0.0  0.0 24.7 24.7  0.0  0.0  6.2  0.0  6.2  6.2  0.0
    -24.07     -3.70     -0.78     -2.67      5.96  0.0  0.0  0.0  0.0  0.0
                                      t000291_s2_p1_qjpp.txt  5.3  5.2   25
  0.0  0.0  0.0  0.0  0.0  0.0  0.0  0.0  0.0  0.0  0.0  0.0  0.0  0.0  0.0
  0.0  0.0  0.0  0.0  0.0  0.0480.0160.0 40.0 80.0  0.0  0.0  0.0  0.0  0.0
  0.0  0.0  0.0  0.0  0.0  0.0  0.0  0.0  0.0  0.0  0.0  0.0  0.0  0.0 40.0
  0.0  0.0  0.0  0.0  0.0  0.0  0.0 40.0  0.0  0.0 40.0  0.0  0.0 80.0  0.0
  0.0  0.0  0.0  0.0  0.0  0.0  0.0  0.0  0.0  0.0  0.0  0.0  0.0  0.0  0.0
  0.0  0.0  0.0  0.0  0.0  0.0  0.0  0.0  0.0  0.0  0.0  0.0  0.0  0.0  0.0
  0.0  0.0  0.0  0.0  0.0  0.0  0.0  0.0  0.0  0.0  0.0  0.0  0.0  0.0  0.0
  0.0  0.0  0.0  0.0  0.0  0.0  0.0  0.0  0.0  0.0  0.0  0.0  0.0  0.0  0.0
  0.0  0.0  0.0  0.0  0.0  0.0  0.0  0.0 40.0  0.0  0.0  0.0  0.0  0.0  0.0
 40.0  0.0  0.0  0.0  0.0  0.0  0.0  0.0  0.0  0.0  0.0  0.0  0.0  0.0  0.0
    -33.63     -3.10      0.97     -6.61     27.14  0.0  0.0  0.0  0.0  0.0
                                      t000291_s4_p1_qjpp.txt 31.0  5.1  243
  4.1  0.0  4.1 74.1  0.0  0.0  0.0  4.1  0.0  0.0  0.0  0.0  0.0  0.0  0.0
  0.0  0.0  0.0  0.0  4.1  0.0353.9148.1 53.5 12.3  4.1  0.0  4.1  8.2  0.0
  0.0  4.1  0.0  0.0  8.2 16.5  8.2  8.2  4.1  0.0  0.0  0.0  0.0 16.5  4.1
  4.1  0.0  8.2  0.0  0.0  8.2  4.1 24.7  4.1  8.2 82.3  4.1  0.0107.0  8.2
 16.5  0.0  0.0  0.0  0.0  0.0  0.0  0.0  0.0  0.0  0.0  0.0  0.0  0.0  0.0
  0.0  0.0  0.0  8.2  0.0  0.0  0.0  0.0  0.0  0.0  0.0  0.0  0.0  0.0  0.0
  0.0  0.0  0.0  4.1  0.0  0.0  0.0  0.0  0.0  0.0  0.0  0.0  0.0  0.0  0.0
  8.2  0.0  0.0  8.2  4.1  0.0  4.1  0.0  0.0  0.0  0.0  0.0  0.0  0.0  0.0
  0.0  0.0  0.0  0.0  0.0  0.0  0.0  4.1 16.5 12.3 32.9  0.0  0.0  0.0  8.2
  0.0  0.0  0.0  0.0  0.0  0.0 16.5  4.1 12.3  0.0  0.0  0.0 20.6  0.0  0.0
    -22.18     -4.38      3.98     -3.32      3.36  0.0  0.0  0.0  0.0  0.0
                                      t000291_s4_p2_qjpp.txt 28.3  5.4  166
  0.0  0.0  0.0 84.3  0.0  0.0  0.0  0.0 36.1  0.0  0.0  0.0  0.0  0.0  0.0
  0.0  0.0  0.0  0.0  0.0  0.0289.2132.5 78.3 12.0  0.0 24.1  0.0  0.0  6.0
  0.0  6.0  0.0  0.0  6.0 36.1  0.0  0.0  6.0  0.0  6.0  0.0 12.0 12.0  0.0
  0.0  0.0  6.0  0.0  0.0  6.0  6.0 12.0  0.0  6.0102.4 36.1  0.0 90.4  6.0
  0.0  0.0  0.0  0.0  0.0  0.0  0.0  0.0  0.0  0.0  0.0  0.0  0.0  0.0  0.0
  0.0  0.0  0.0  6.0  6.0  0.0  0.0  0.0  0.0  0.0  0.0  0.0  0.0  0.0  0.0
  0.0  0.0  6.0  0.0  0.0  0.0  0.0  0.0  0.0  0.0  0.0  0.0  0.0  0.0  0.0
 12.0  0.0  0.0 12.0  6.0  0.0  6.0  0.0  0.0  0.0  0.0  0.0  0.0  0.0  0.0
  0.0  6.0  0.0  0.0  0.0  0.0  0.0  6.0 12.0 24.1 12.0  6.0 24.1  0.0  0.0
  0.0  6.0  0.0  0.0  6.0  0.0  6.0 18.1  0.0  0.0 12.0  0.0 12.0  0.0  0.0
    -25.94     -0.70      2.39     -1.79      5.73  0.0  0.0  0.0  0.0  0.0
                                      t000291_s4_p3_qjpp.txt 20.3  5.5  124
  8.1  0.0  0.0 24.2  0.0  0.0  0.0  0.0 56.5  0.0  0.0  0.0  0.0  0.0  0.0
  0.0  0.0  0.0  0.0  0.0  0.0282.3153.2 96.8 40.3  8.1  0.0  0.0  0.0  0.0
  0.0  8.1  0.0  0.0  0.0 32.3 24.2  0.0  0.0  0.0  0.0  0.0  8.1  8.1  0.0
 16.1  0.0  8.1  8.1  8.1  0.0  8.1 24.2  0.0  0.0129.0 64.5  0.0112.9  0.0
  8.1  0.0  0.0  0.0  0.0  0.0  0.0  0.0  0.0  0.0  0.0  0.0  0.0  0.0  0.0
  0.0  0.0  0.0  0.0  0.0  8.1  0.0  0.0  0.0  0.0  0.0  0.0  0.0  8.1  0.0
  0.0  0.0  8.1  0.0  0.0  0.0  0.0  0.0  0.0  0.0  0.0  0.0  0.0  0.0  0.0
  8.1  0.0  8.1 16.1  8.1  0.0  8.1  0.0  0.0  0.0  0.0  0.0  0.0  0.0  0.0
  0.0  0.0  0.0  0.0  0.0  0.0  0.0  0.0  8.1 40.3 16.1  0.0  8.1  0.0  0.0
  0.0 16.1  0.0  0.0  0.0  0.0  8.1 24.2  0.0  0.0  0.0  8.1  8.1  0.0  0.0
    -27.81     -4.04      2.13     -6.61      7.84  0.0  0.0  0.0  0.0  0.0
                                      t000291_s4_p4_qjpp.txt 20.3  5.7  121
 16.5  0.0  0.0 74.4  0.0  0.0  0.0  0.0  8.3  0.0  0.0  0.0  0.0  0.0  0.0
  0.0  0.0  0.0 16.5  8.3  0.0338.8132.2 74.4  8.3  0.0  8.3  8.3  8.3  8.3
  0.0  0.0  0.0  0.0  0.0 24.8  8.3  0.0  0.0  0.0  0.0  0.0  0.0 24.8  8.3
  0.0  0.0 16.5  0.0  0.0  0.0 16.5 33.1  8.3 16.5 99.2  8.3  0.0115.7 16.5
  0.0  0.0  0.0  0.0  0.0  0.0  0.0  0.0  0.0  0.0  0.0  0.0  0.0  0.0  0.0
  0.0  0.0  0.0  0.0  0.0  0.0  0.0  0.0  0.0  0.0  0.0  0.0  0.0  0.0  0.0
  0.0  0.0  0.0  0.0  0.0  0.0  0.0  0.0  0.0  0.0  0.0  0.0  0.0  0.0  0.0
  0.0  0.0  0.0  0.0  0.0  0.0  0.0  0.0  0.0  0.0  0.0  0.0  0.0  0.0  0.0
  0.0  8.3  0.0  0.0  0.0  0.0  0.0  8.3  8.3  8.3 16.5  8.3 16.5  0.0  0.0
  0.0  0.0  0.0  0.0  8.3  8.3 16.5 24.8  0.0  0.0  8.3  0.0  0.0  8.3  0.0
    -15.85     -2.34      8.56     -6.61      6.49  0.0  0.0  8.3  0.0  0.0
                                      t000291_s4_p5_qjpp.txt 22.5  5.5  139
  7.2  0.0  0.0 64.7  0.0  0.0  7.2  7.2  0.0  0.0  0.0  7.2  0.0  0.0  0.0
  0.0  0.0  0.0  0.0  0.0  0.0338.1158.3 86.3 14.4 14.4  0.0  0.0  7.2  7.2
  0.0  7.2  0.0  0.0  0.0 50.4  7.2  0.0  7.2  0.0  0.0  7.2 28.8  0.0  7.2
  0.0  0.0  0.0 14.4  0.0  0.0 14.4  7.2  0.0 14.4100.7 14.4  0.0 86.3  7.2
  0.0  0.0  0.0  0.0  0.0  0.0  0.0  0.0  0.0  0.0  0.0  0.0  0.0  0.0  0.0
  0.0  0.0  0.0  0.0  0.0  0.0  0.0  0.0  0.0  0.0  0.0  0.0  0.0  0.0  0.0
  0.0  0.0  0.0  0.0  0.0  0.0  0.0  0.0  0.0  0.0  0.0  0.0  0.0  0.0  0.0
  0.0  0.0  0.0  0.0  0.0  0.0  0.0  0.0  0.0  0.0  0.0  0.0  0.0  0.0  0.0
  0.0  0.0  0.0  0.0  0.0  0.0  0.0  7.2  0.0  0.0 21.6 14.4  0.0  7.2  0.0
  7.2  0.0  0.0  0.0  0.0  0.0 14.4 14.4  0.0  7.2  0.0  7.2 21.6  0.0  0.0
    -22.85     -4.61      8.61     -1.41     19.89  0.0  0.0  0.0  0.0  0.0
                                      t000291_s7_p1_qjpp.txt  2.8  4.3   11
  0.0  0.0  0.0 90.9  0.0  0.0  0.0  0.0  0.0  0.0  0.0  0.0  0.0  0.0  0.0
  0.0  0.0  0.0  0.0  0.0  0.0454.5  0.0  0.0  0.0  0.0  0.0  0.0 90.9  0.0
  0.0  0.0  0.0  0.0  0.0 90.9  0.0  0.0  0.0  0.0  0.0  0.0  0.0  0.0  0.0
  0.0  0.0  0.0  0.0  0.0  0.0  0.0  0.0  0.0 90.9  0.0  0.0  0.0 90.9  0.0
  0.0  0.0  0.0  0.0  0.0  0.0  0.0  0.0  0.0  0.0  0.0  0.0  0.0  0.0  0.0
  0.0  0.0  0.0  0.0  0.0  0.0  0.0  0.0  0.0  0.0  0.0  0.0  0.0  0.0  0.0
  0.0  0.0  0.0  0.0  0.0  0.0  0.0  0.0  0.0  0.0  0.0  0.0 90.9  0.0  0.0
  0.0  0.0  0.0  0.0  0.0  0.0  0.0 90.9  0.0  0.0  0.0  0.0  0.0  0.0  0.0
  0.0  0.0  0.0  0.0  0.0  0.0  0.0  0.0  0.0  0.0  0.0  0.0  0.0  0.0 90.9
  0.0  0.0  0.0  0.0  0.0  0.0  0.0  0.0  0.0  0.0  0.0  0.0  0.0  0.0  0.0
    -19.52     -5.73     49.28     -6.61     -3.63  0.0  0.0  0.0  0.0  0.0
                                      t000291_s7_p2_qjpp.txt 27.5  5.9  165
  0.0  0.0  0.0 48.5  0.0  0.0  0.0  0.0  0.0  0.0  0.0  0.0  0.0  0.0  0.0
  0.0  0.0  6.1 24.2  0.0  0.0351.5 78.8175.8  6.1  0.0  6.1  0.0  6.1  0.0
  0.0 42.4  0.0 12.1 12.1 24.2 12.1  0.0  0.0  0.0  0.0  6.1  6.1  0.0 12.1
  0.0  0.0  6.1  0.0  0.0  6.1 66.7 12.1  0.0  6.1193.9  0.0  0.0 72.7  0.0
  6.1  0.0  0.0  0.0  0.0  0.0  0.0  0.0  0.0  0.0  0.0  0.0  0.0  0.0  0.0
  0.0  0.0  0.0  0.0  0.0  6.1  0.0  0.0  0.0  0.0  0.0  0.0  0.0  0.0  0.0
  0.0  0.0  0.0  0.0  0.0  0.0  0.0  0.0  0.0  0.0  0.0  0.0  0.0  0.0  0.0
  6.1  0.0  0.0  6.1  0.0  0.0  0.0  0.0  0.0  0.0  0.0  0.0  0.0  0.0  0.0
  0.0  0.0  0.0  0.0  0.0  0.0  0.0  0.0  6.1  6.1 12.1  0.0  0.0  6.1  6.1
  0.0  0.0  0.0  0.0  6.1  0.0 84.8  6.1  6.1 18.2  6.1  0.0  0.0  0.0  0.0
    -27.49     -4.36     11.85     -4.18      9.49  0.0  0.0  0.0  0.0  0.0
                                      t000291_s7_p3_qjpp.txt 31.8  5.5  230
  4.3  0.0  0.0 47.8  0.0  0.0  0.0  8.7  4.3  0.0  0.0  0.0  0.0  0.0  0.0
  0.0  0.0  0.0  0.0  4.3  0.0334.8134.8 87.0  8.7  0.0  8.7  0.0  0.0  0.0
  0.0  4.3  0.0  4.3  8.7 17.4 17.4  4.3  0.0  4.3  0.0  0.0  0.0  4.3  0.0
  0.0  4.3  4.3  0.0  4.3  4.3 13.0  4.3  4.3  0.0126.1  4.3  4.3 78.3  8.7
  4.3  0.0  0.0  0.0  0.0  0.0  0.0  0.0  0.0  0.0  0.0  0.0  0.0  0.0  0.0
  0.0  0.0  0.0  0.0  0.0  0.0  0.0  0.0  0.0  0.0  0.0  0.0  0.0  0.0  0.0
  0.0  0.0  0.0  0.0  0.0  0.0  0.0  0.0  0.0  0.0  0.0  0.0  0.0  0.0  0.0
  0.0  0.0  0.0  0.0  0.0  0.0  0.0  0.0  0.0  0.0  0.0  0.0  0.0  0.0  0.0
  0.0  0.0  0.0  0.0  0.0  0.0  0.0 13.0 17.4  8.7 21.7  0.0  4.3  4.3  0.0
  0.0  0.0  0.0  0.0  0.0  4.3 17.4  8.7  8.7  0.0  0.0  0.0  4.3  4.3  0.0
    -23.37     -3.77     -2.20     -3.59     -2.97  0.0  0.0  0.0  0.0  0.0
                                      t000291_s7_p4_qjpp.txt 16.3  6.1   84
 11.9  0.0  0.0 47.6  0.0 11.9  0.0  0.0 11.9  0.0  0.0  0.0  0.0  0.0  0.0
  0.0  0.0  0.0  0.0  0.0 11.9357.1131.0 83.3 23.8  0.0  0.0  0.0  0.0  0.0
  0.0 23.8  0.0  0.0  0.0 23.8 11.9  0.0  0.0  0.0  0.0  0.0  0.0  0.0  0.0
  0.0  0.0  0.0  0.0  0.0  0.0 23.8  0.0  0.0  0.0142.9 11.9  0.0107.1 23.8
 11.9  0.0  0.0  0.0  0.0  0.0  0.0  0.0  0.0  0.0  0.0  0.0  0.0  0.0  0.0
  0.0  0.0  0.0  0.0  0.0  0.0  0.0  0.0  0.0  0.0  0.0  0.0  0.0  0.0  0.0
  0.0  0.0  0.0  0.0  0.0  0.0  0.0  0.0  0.0  0.0  0.0  0.0  0.0  0.0  0.0
  0.0  0.0  0.0  0.0  0.0  0.0  0.0  0.0  0.0  0.0  0.0  0.0  0.0  0.0  0.0
  0.0  0.0  0.0  0.0  0.0  0.0  0.0  0.0  0.0 11.9 11.9  0.0  0.0  0.0  0.0
  0.0  0.0  0.0  0.0  0.0  0.0 35.7 23.8  0.0  0.0  0.0 11.9 11.9  0.0  0.0
    -22.84     -4.94      8.44     -6.61     -3.63  0.0  0.0  0.0  0.0  0.0
                                      t000291_s7_p5_qjpp.txt 18.5  5.7  110
  9.1  0.0  9.1 72.7  0.0  0.0  9.1  0.0 36.4  0.0  0.0  0.0  0.0  0.0  0.0
  0.0  0.0  9.1  9.1  0.0  0.0309.1145.5109.1  9.1  9.1  0.0  0.0  0.0  9.1
  0.0 18.2  0.0  9.1  9.1  0.0  9.1  0.0  0.0  0.0  0.0  0.0  0.0  9.1  9.1
  0.0  0.0  0.0  0.0  0.0  9.1 27.3 18.2  0.0  9.1127.3 45.5  0.0109.1  9.1
  9.1  0.0  0.0  0.0  0.0  0.0  0.0  0.0  0.0  0.0  0.0  0.0  0.0  0.0  0.0
  0.0  0.0  0.0  0.0  0.0  0.0  0.0  0.0  0.0  0.0  0.0  0.0  0.0  0.0  0.0
  0.0  0.0  0.0  0.0  0.0  0.0  0.0  0.0  0.0  9.1  0.0  0.0  0.0  0.0  0.0
  0.0  0.0  0.0  0.0  0.0  0.0  9.1  0.0  0.0  0.0  0.0  0.0  0.0  0.0  0.0
  0.0  0.0  0.0  0.0  0.0  0.0  0.0  0.0 63.6 27.3  0.0  0.0  0.0 27.3  0.0
  0.0  0.0  0.0  0.0  0.0  9.1 36.4 18.2 18.2 27.3  0.0  9.1  9.1  0.0  0.0
    -21.94     -5.02      6.98     -6.61      4.74  0.0  9.1  0.0  0.0  0.0
                                      t000292_s1_p1_qjpp.txt 25.3  5.5  140
  7.1  0.0  0.0 71.4  0.0  0.0  7.1  0.0  7.1  0.0  0.0  0.0  0.0  0.0  0.0
  0.0  0.0  0.0 14.3  0.0  0.0264.3100.0114.3  0.0 14.3  0.0  0.0  0.0  0.0
  0.0  0.0  0.0  0.0  7.1 28.6 14.3  0.0  7.1  7.1  0.0 21.4  0.0 14.3  0.0
  7.1  0.0  0.0  7.1  7.1  0.0 21.4 21.4  0.0  0.0142.9 21.4  0.0100.0 21.4
  7.1  0.0  0.0  0.0  0.0  0.0  0.0  0.0  0.0  0.0  0.0  0.0  0.0  0.0  0.0
  0.0  0.0  0.0  0.0  0.0  7.1  0.0  0.0  0.0  0.0  0.0  0.0  0.0  0.0  0.0
  0.0  7.1  0.0  0.0  0.0  0.0  0.0  7.1  0.0  0.0  0.0  0.0  0.0  0.0  0.0
  7.1  0.0  0.0  7.1  7.1  7.1 14.3  0.0  0.0  0.0  0.0  0.0  0.0  0.0  0.0
  0.0  0.0  0.0  0.0  0.0  0.0  0.0  0.0  0.0  0.0 21.4  0.0  7.1  7.1  7.1
  0.0  0.0  0.0  0.0  7.1  0.0  7.1 21.4  7.1 14.3  0.0  7.1  7.1  7.1  0.0
    -22.33     -5.09     -2.75      7.52      0.84  0.0  0.0  0.0  0.0  0.0
                                     t000292_s13_p1_qjpp.txt 31.8  5.1  246
  4.1  0.0  0.0 65.0  0.0  0.0  4.1  0.0 12.2  0.0  0.0  0.0  0.0  0.0  0.0
  0.0  0.0  0.0  4.1  0.0  0.0369.9134.1 61.0 20.3 16.3  8.1  0.0  0.0  4.1
  0.0  4.1  0.0  0.0  0.0 12.2  4.1  0.0  0.0  0.0  0.0  0.0  4.1 12.2  4.1
  4.1  0.0  0.0  4.1  0.0  0.0  8.1 20.3  0.0  4.1 81.3 28.5  4.1101.6  4.1
  8.1  0.0  0.0  0.0  0.0  0.0  0.0  0.0  0.0  0.0  0.0  0.0  0.0  0.0  0.0
  0.0  0.0  0.0  0.0  0.0  0.0  0.0  0.0  0.0  0.0  0.0  0.0  0.0  0.0  0.0
  0.0  0.0  0.0  0.0  0.0  0.0  0.0  0.0  0.0  0.0  0.0  0.0  0.0  0.0  0.0
  0.0  0.0  0.0  0.0  0.0  0.0  0.0  0.0  0.0  0.0  0.0  0.0  0.0  0.0  0.0
  0.0  0.0  0.0  0.0  0.0  0.0  0.0  4.1 40.7  4.1 32.5 12.2 12.2 16.3  0.0
  0.0  0.0  0.0  0.0  0.0  0.0  4.1 20.3  8.1  8.1  0.0  0.0  4.1  4.1  0.0
    -25.84     -2.77      3.82     -6.61      5.20  0.0  0.0  0.0  0.0  0.0
                                     t000292_s13_p2_qjpp.txt 18.8  5.1  112
  0.0  0.0  0.0  8.9  0.0  0.0  0.0  0.0  8.9  0.0  0.0  0.0  0.0  0.0  0.0
  0.0  0.0  0.0  8.9  0.0  0.0330.4169.6 62.5 53.6  0.0  0.0  0.0  0.0  8.9
  8.9  0.0  0.0  0.0  8.9 26.8  8.9  0.0  8.9  0.0  0.0  8.9  0.0 44.6  0.0
 17.9  0.0  0.0  0.0  0.0  0.0  8.9 62.5  0.0 17.9 71.4  8.9  0.0 98.2  0.0
  0.0  0.0  0.0  0.0  0.0  0.0  0.0  0.0  0.0  0.0  0.0  0.0  0.0  0.0  0.0
  0.0  0.0  0.0  0.0  0.0  0.0  0.0  0.0  0.0  0.0  0.0  0.0  0.0  0.0  0.0
  0.0  0.0  0.0  0.0  0.0  0.0  0.0  0.0  0.0  0.0  0.0  0.0  0.0  0.0  0.0
  0.0  0.0  0.0  0.0  0.0  0.0  0.0  0.0  0.0  0.0  0.0  0.0  0.0  0.0  0.0
  0.0  0.0  0.0  0.0  0.0  0.0  0.0 17.9 26.8  0.0 35.7  8.9  0.0 17.9  0.0
  0.0  0.0  0.0  0.0  0.0  8.9  0.0 35.7  8.9 17.9  0.0  0.0  0.0  8.9  0.0
    -28.31     -3.97      9.41     -0.15      8.90  0.0  0.0  0.0  0.0  0.0
                                     t000292_s13_p3_qjpp.txt  9.8  5.0   52
  0.0  0.0  0.0 76.9  0.0  0.0  0.0  0.0 38.5  0.0  0.0  0.0  0.0  0.0  0.0
  0.0  0.0 19.2 19.2  0.0  0.0173.1 96.2 38.5  0.0  0.0  0.0  0.0  0.0 19.2
  0.0 38.5  0.0  0.0  0.0  0.0 19.2  0.0  0.0  0.0 19.2 19.2  0.0 19.2  0.0
  0.0  0.0  0.0 19.2  0.0 38.5 57.7 19.2  0.0 19.2173.1 38.5  0.0 96.2  0.0
 19.2  0.0  0.0  0.0  0.0  0.0  0.0  0.0  0.0  0.0  0.0  0.0  0.0  0.0  0.0
  0.0  0.0  0.0 19.2  0.0  0.0  0.0  0.0  0.0  0.0  0.0  0.0  0.0  0.0  0.0
  0.0  0.0 19.2  0.0  0.0  0.0  0.0  0.0  0.0  0.0  0.0  0.0  0.0  0.0  0.0
 19.2  0.0  0.0 19.2 19.2  0.0 19.2  0.0  0.0  0.0  0.0  0.0  0.0  0.0  0.0
  0.0  0.0  0.0  0.0  0.0  0.0  0.0  0.0 19.2  0.0  0.0  0.0  0.0  0.0  0.0
  0.0  0.0  0.0  0.0 19.2  0.0  0.0  0.0 19.2  0.0  0.0  0.0 19.2  0.0  0.0
     -8.79     -5.73     24.83     10.24     -0.71  0.0  0.0  0.0  0.0  0.0
                                     t000292_s13_p4_qjpp.txt 33.5  4.9  440
  2.3  0.0  0.0 56.8  0.0  0.0  2.3  2.3  6.8  6.8  2.3  2.3  0.0  0.0  0.0
  2.3  0.0  9.1  4.5  0.0  2.3320.5 93.2 27.3 40.9  6.8  0.0  0.0  0.0  9.1
  0.0  6.8  0.0  0.0  0.0 20.5 13.6  2.3  0.0  0.0  0.0  4.5  4.5 20.5  6.8
  4.5  4.5  0.0  9.1  4.5 11.4 18.2 31.8  0.0  9.1 43.2 13.6  2.3131.8  4.5
  6.8  0.0  0.0  0.0  0.0  0.0  0.0  0.0  0.0  0.0  0.0  0.0  0.0  0.0  0.0
  0.0  0.0  0.0  0.0  0.0  0.0  0.0  0.0  0.0  0.0  0.0  0.0  0.0  0.0  0.0
  0.0  0.0  0.0  0.0  0.0  0.0  0.0  0.0  0.0  0.0  4.5  0.0  0.0  0.0  0.0
  0.0  0.0  0.0  0.0  0.0  0.0  0.0  4.5  0.0  0.0  0.0  0.0  0.0  0.0  0.0
  0.0  0.0  0.0  0.0  0.0  0.0  0.0 20.5 15.9  0.0 22.7 11.4  2.3  4.5  4.5
  0.0  0.0  0.0  0.0  0.0  6.8  0.0 15.9  4.5 13.6  0.0  0.0 13.6  9.1  0.0
    -14.14     -4.08      6.88     -4.25      9.02  0.0  0.0  0.0  0.0  0.0
                                     t000292_s13_p5_qjpp.txt  8.5  4.5   37
  0.0  0.0  0.0 54.1  0.0  0.0  0.0  0.0  0.0  0.0  0.0  0.0  0.0  0.0  0.0
  0.0  0.0  0.0  0.0  0.0  0.0459.5 54.1 27.0 27.0  0.0  0.0  0.0 27.0  0.0
  0.0  0.0  0.0  0.0  0.0  0.0 27.0  0.0  0.0  0.0  0.0  0.0  0.0 54.1  0.0
  0.0  0.0  0.0  0.0  0.0  0.0  0.0 54.1  0.0 27.0 27.0  0.0  0.0135.1  0.0
  0.0  0.0  0.0  0.0  0.0  0.0  0.0  0.0  0.0  0.0  0.0  0.0  0.0  0.0  0.0
  0.0  0.0  0.0  0.0  0.0  0.0  0.0  0.0  0.0  0.0  0.0  0.0  0.0  0.0  0.0
  0.0  0.0  0.0  0.0  0.0  0.0  0.0  0.0  0.0  0.0  0.0  0.0  0.0  0.0  0.0
  0.0  0.0  0.0  0.0  0.0  0.0  0.0  0.0  0.0  0.0  0.0  0.0  0.0  0.0  0.0
  0.0  0.0  0.0  0.0  0.0  0.0  0.0  0.0 27.0  0.0 54.1 27.0  0.0  0.0  0.0
  0.0  0.0  0.0  0.0  0.0  0.0  0.0 27.0 54.1  0.0  0.0  0.0  0.0  0.0  0.0
    -24.77     -4.84     16.87     -6.61      4.56  0.0  0.0  0.0  0.0  0.0
                                     t000292_s13_p6_qjpp.txt 10.3  6.4   58
  0.0  0.0  0.0 17.2  0.0  0.0  0.0  0.0 17.2  0.0  0.0  0.0  0.0  0.0  0.0
  0.0  0.0  0.0  0.0  0.0  0.0775.9 17.2 17.2  0.0  0.0  0.0  0.0  0.0  0.0
  0.0  0.0  0.0  0.0  0.0 17.2  0.0  0.0  0.0  0.0  0.0  0.0  0.0 17.2  0.0
  0.0  0.0  0.0  0.0  0.0  0.0  0.0 17.2  0.0  0.0 17.2 17.2  0.0 17.2  0.0
  0.0  0.0  0.0  0.0  0.0  0.0  0.0  0.0  0.0  0.0  0.0  0.0  0.0  0.0  0.0
  0.0  0.0  0.0  0.0  0.0  0.0  0.0  0.0  0.0  0.0  0.0  0.0  0.0  0.0  0.0
  0.0  0.0  0.0  0.0  0.0  0.0  0.0  0.0  0.0  0.0  0.0  0.0  0.0  0.0  0.0
  0.0  0.0  0.0  0.0  0.0  0.0  0.0  0.0  0.0  0.0  0.0  0.0  0.0  0.0  0.0
  0.0  0.0  0.0  0.0  0.0  0.0  0.0103.4 17.2  0.0 17.2 51.7 51.7  0.0  0.0
  0.0  0.0  0.0  0.0  0.0 17.2  0.0  0.0  0.0  0.0  0.0  0.0  0.0  0.0  0.0
    -36.94     -5.73     -0.01     -6.61     -1.01  0.0  0.0  0.0  0.0  0.0
                                     t000292_s13_p7_qjpp.txt 17.8  5.2  100
  0.0  0.0  0.0 70.0  0.0  0.0  0.0  0.0  0.0 10.0  0.0  0.0  0.0  0.0  0.0
  0.0  0.0  0.0  0.0  0.0  0.0410.0 90.0 30.0 30.0  0.0  0.0 10.0  0.0 10.0
 10.0  0.0  0.0 10.0  0.0 30.0  0.0  0.0  0.0  0.0  0.0  0.0 10.0  0.0  0.0
  0.0  0.0  0.0 10.0  0.0  0.0  0.0  0.0  0.0 20.0 60.0  0.0  0.0100.0  0.0
 10.0  0.0  0.0  0.0  0.0  0.0  0.0  0.0  0.0  0.0  0.0  0.0  0.0  0.0  0.0
  0.0  0.0  0.0  0.0  0.0  0.0  0.0  0.0  0.0  0.0  0.0  0.0  0.0  0.0  0.0
  0.0  0.0  0.0  0.0  0.0  0.0  0.0  0.0  0.0  0.0  0.0  0.0 10.0  0.0  0.0
  0.0  0.0  0.0  0.0  0.0  0.0  0.0 10.0  0.0  0.0  0.0  0.0  0.0  0.0  0.0
  0.0  0.0  0.0  0.0  0.0  0.0  0.0  0.0 50.0  0.0 10.0 20.0 20.0 40.0 20.0
 10.0  0.0  0.0  0.0  0.0  0.0  0.0 30.0  0.0  0.0  0.0  0.0 20.0  0.0  0.0
    -25.03     -2.89     10.50     -6.61      2.62  0.0  0.0  0.0  0.0  0.0
                                     t000292_s13_p8_qjpp.txt 27.8  5.0  215
  0.0  0.0  0.0107.0  0.0  0.0 23.3  0.0  4.7  9.3  0.0  4.7  0.0  0.0  0.0
  0.0  0.0  0.0  0.0  0.0  0.0344.2 93.0 32.6  9.3  0.0  0.0  0.0  0.0  0.0
  4.7  0.0  0.0  0.0  4.7 23.3  4.7  4.7  0.0  0.0  0.0  4.7  4.7 18.6  4.7
  9.3  0.0  0.0  4.7  4.7  4.7  4.7 32.6  0.0  4.7 37.2  4.7  4.7144.2  4.7
  9.3  0.0  0.0  0.0  0.0  0.0  0.0  0.0  0.0  0.0  0.0  0.0  0.0  0.0  0.0
  0.0  0.0  0.0  0.0  0.0  0.0  0.0  0.0  0.0  0.0  0.0  0.0  0.0  0.0  0.0
  0.0  0.0  0.0  0.0  0.0  0.0  0.0  0.0  0.0  4.7  0.0  0.0  0.0  0.0  0.0
  0.0  0.0  0.0  0.0  0.0  0.0  4.7  0.0  0.0  0.0  0.0  0.0  0.0  0.0  0.0
  0.0  0.0  0.0  0.0  0.0  0.0  0.0 32.6 18.6  4.7 37.2 41.9 23.3  0.0  0.0
  0.0  0.0  0.0  0.0  0.0  0.0  0.0  9.3  9.3 14.0  4.7  0.0 18.6 18.6  0.0
    -14.06     -5.42      2.51     -3.64      8.68  0.0  0.0  0.0  0.0  0.0
                                      t000292_s2_p1_qjpp.txt 15.8  4.3   87
  0.0  0.0  0.0 11.5  0.0  0.0  0.0  0.0  0.0  0.0  0.0  0.0  0.0  0.0  0.0
  0.0  0.0  0.0 11.5  0.0  0.0471.3126.4 11.5 23.0  0.0  0.0  0.0  0.0  0.0
  0.0  0.0  0.0  0.0  0.0  0.0 11.5  0.0  0.0  0.0  0.0 11.5  0.0 11.5 11.5
  0.0  0.0  0.0 11.5  0.0  0.0 11.5 23.0  0.0  0.0 23.0  0.0 11.5 46.0  0.0
  0.0  0.0  0.0  0.0  0.0  0.0  0.0  0.0  0.0  0.0  0.0  0.0  0.0  0.0  0.0
  0.0  0.0  0.0  0.0  0.0  0.0  0.0  0.0  0.0  0.0  0.0  0.0  0.0  0.0  0.0
  0.0  0.0  0.0  0.0  0.0  0.0  0.0  0.0  0.0 11.5  0.0  0.0  0.0  0.0  0.0
  0.0  0.0  0.0  0.0  0.0  0.0 11.5  0.0  0.0  0.0  0.0  0.0  0.0  0.0  0.0
  0.0  0.0  0.0  0.0  0.0  0.0  0.0  0.0 34.5 23.0 34.5  0.0 11.5  0.0  0.0
  0.0  0.0  0.0  0.0  0.0  0.0  0.0 11.5  0.0  0.0  0.0  0.0  0.0  0.0  0.0
    -25.51     -4.97      0.97     -2.01      6.96  0.0  0.0  0.0  0.0  0.0
                                      t000292_s4_p1_qjpp.txt 13.3  5.1   73
 13.7  0.0  0.0123.3  0.0  0.0  0.0  0.0  0.0  0.0  0.0  0.0  0.0  0.0  0.0
  0.0  0.0 13.7  0.0  0.0  0.0232.9150.7 95.9  0.0  0.0  0.0  0.0  0.0  0.0
 13.7  0.0  0.0  0.0  0.0 13.7  0.0  0.0  0.0  0.0  0.0  0.0  0.0  0.0  0.0
  0.0  0.0  0.0  0.0  0.0 13.7  0.0  0.0  0.0 13.7137.0  0.0  0.0123.3  0.0
  0.0  0.0  0.0  0.0  0.0  0.0  0.0  0.0  0.0  0.0  0.0  0.0  0.0  0.0  0.0
  0.0  0.0  0.0  0.0  0.0  0.0  0.0  0.0  0.0  0.0  0.0  0.0  0.0  0.0  0.0
  0.0  0.0  0.0  0.0  0.0  0.0  0.0  0.0  0.0  0.0  0.0  0.0  0.0  0.0  0.0
  0.0  0.0  0.0  0.0  0.0  0.0  0.0  0.0  0.0  0.0  0.0  0.0  0.0  0.0  0.0
  0.0  0.0  0.0  0.0  0.0  0.0  0.0  0.0 13.7  0.0  0.0  0.0  0.0 13.7  0.0
  0.0  0.0  0.0  0.0  0.0  0.0  0.0 13.7  0.0 13.7  0.0  0.0 27.4  0.0  0.0
    -20.18     -5.73     12.65     -6.61     -3.63  0.0  0.0  0.0  0.0  0.0
                                      t000292_s4_p2_qjpp.txt 19.0  4.8  115
 17.4  0.0  0.0 26.1  0.0  0.0  0.0  0.0  0.0  0.0  0.0  0.0  0.0  0.0  0.0
  0.0  0.0 17.4  0.0  0.0  0.0417.4182.6 17.4 17.4  8.7  8.7  0.0  0.0  0.0
  0.0  0.0  0.0  0.0  0.0  8.7  8.7  0.0  0.0  0.0  0.0  0.0  0.0 17.4  0.0
  8.7  0.0  0.0  0.0  0.0 17.4  0.0 26.1  0.0  0.0 17.4  8.7  0.0 69.6  0.0
  8.7  0.0  0.0  0.0  0.0  0.0  0.0  0.0  0.0  0.0  0.0  0.0  0.0  0.0  0.0
  0.0  0.0  0.0  0.0  0.0  0.0  0.0  0.0  0.0  0.0  0.0  0.0  0.0  0.0  0.0
  0.0  0.0  0.0  0.0  0.0  0.0  0.0  0.0  0.0  0.0  0.0  0.0  0.0  0.0  0.0
  0.0  0.0  0.0  0.0  0.0  0.0  0.0  0.0  0.0  0.0  0.0  0.0  0.0  0.0  0.0
  0.0  0.0  0.0  0.0  0.0  0.0  0.0  8.7 17.4  8.7 26.1  0.0 26.1 34.8  0.0
  0.0  0.0  0.0  0.0  0.0  0.0  8.7  0.0  0.0 26.1  0.0  8.7 17.4  0.0  0.0
    -23.11     -3.10      0.48     -6.61      1.81  0.0  0.0  0.0  0.0  0.0
                                      t000292_s4_p3_qjpp.txt 13.5  5.6   67
  0.0  0.0  0.0 74.6  0.0  0.0 14.9  0.0  0.0  0.0  0.0  0.0  0.0  0.0  0.0
  0.0  0.0  0.0  0.0  0.0  0.0343.3149.3164.2 14.9  0.0  0.0 14.9  0.0  0.0
  0.0 14.9  0.0  0.0  0.0 29.9  0.0  0.0  0.0  0.0 14.9  0.0  0.0  0.0  0.0
  0.0  0.0  0.0  0.0 29.9 14.9 14.9  0.0  0.0  0.0194.0  0.0  0.0 89.6  0.0
  0.0  0.0  0.0  0.0  0.0  0.0  0.0  0.0  0.0  0.0  0.0  0.0  0.0  0.0  0.0
  0.0  0.0  0.0  0.0  0.0  0.0  0.0  0.0  0.0  0.0  0.0  0.0  0.0  0.0  0.0
  0.0  0.0  0.0  0.0  0.0  0.0  0.0  0.0  0.0 14.9  0.0  0.0  0.0  0.0  0.0
  0.0  0.0  0.0  0.0  0.0  0.0 14.9  0.0  0.0  0.0  0.0  0.0  0.0  0.0  0.0
  0.0  0.0  0.0  0.0  0.0  0.0  0.0 14.9  0.0 14.9 29.9  0.0 14.9  0.0  0.0
  0.0 14.9  0.0  0.0 29.9  0.0 14.9 14.9  0.0  0.0 14.9  0.0  0.0  0.0  0.0
    -31.75     -2.47      4.81      0.50     -3.63  0.0  0.0  0.0  0.0  0.0
                                      t000292_s4_p4_qjpp.txt 10.5  4.6   52
  0.0  0.0  0.0 57.7  0.0  0.0  0.0  0.0 19.2 19.2  0.0  0.0  0.0  0.0  0.0
  0.0  0.0  0.0  0.0  0.0  0.0307.7153.8 57.7  0.0  0.0  0.0  0.0  0.0  0.0
  0.0  0.0  0.0  0.0  0.0 19.2 19.2 19.2  0.0  0.0  0.0  0.0  0.0 19.2  0.0
  0.0 38.5  0.0  0.0  0.0 19.2 38.5 19.2  0.0  0.0 76.9 19.2  0.0 76.9 19.2
  0.0  0.0  0.0  0.0  0.0  0.0  0.0  0.0  0.0  0.0  0.0  0.0  0.0  0.0  0.0
  0.0  0.0  0.0  0.0  0.0  0.0  0.0  0.0  0.0  0.0  0.0  0.0  0.0  0.0  0.0
  0.0  0.0  0.0  0.0  0.0  0.0  0.0  0.0  0.0  0.0  0.0  0.0  0.0  0.0  0.0
  0.0  0.0  0.0  0.0  0.0  0.0  0.0  0.0  0.0  0.0  0.0  0.0  0.0  0.0  0.0
  0.0  0.0  0.0  0.0  0.0  0.0  0.0  0.0 19.2  0.0 19.2  0.0 19.2  0.0  0.0
  0.0  0.0  0.0  0.0  0.0  0.0  0.0 38.5  0.0  0.0  0.0  0.0  0.0  0.0  0.0
    -22.80     -5.73     -0.12     -2.03     -0.71  0.0  0.0  0.0  0.0  0.0
                                      t000292_s7_p1_qjpp.txt 29.8  5.6  160
  0.0  0.0  0.0 56.3  0.0  0.0  0.0  0.0  0.0  0.0  0.0  0.0  0.0  0.0  0.0
  6.3  0.0  6.3 37.5  0.0  0.0306.3118.8 87.5  6.3  0.0  6.3  0.0  0.0  0.0
  0.0  6.3  0.0  0.0  0.0 68.8 18.8  6.3  0.0  0.0  0.0  0.0 18.8 18.8  0.0
  6.3  0.0  0.0  0.0  6.3 12.5 43.8 25.0  0.0  0.0118.8  0.0  6.3 93.8  6.3
  6.3  0.0  0.0  0.0  0.0  0.0  0.0  0.0  0.0  0.0  0.0  0.0  0.0  0.0  0.0
  0.0  0.0  0.0  0.0  0.0  0.0  6.3  6.3  0.0  0.0  0.0  0.0  0.0  0.0  0.0
  0.0  6.3  0.0  0.0  0.0  0.0  0.0  0.0  6.3  0.0  6.3  0.0  0.0  0.0  0.0
  6.3  6.3  0.0 12.5  6.3  6.3 12.5  6.3  0.0  0.0  0.0  0.0  0.0  0.0  0.0
  0.0  0.0  6.3  0.0  0.0  0.0  0.0  0.0  6.3 12.5 31.3  0.0  6.3  6.3  6.3
  0.0  6.3  0.0  0.0  6.3  6.3 18.8 12.5  0.0 18.8  0.0  0.0 12.5  0.0  0.0
    -16.98     -4.32     -0.62     -5.12     12.95  0.0  0.0  0.0  0.0  0.0
                                      t000292_s7_p2_qjpp.txt 28.8  5.8  149
  0.0  0.0  0.0 67.1  0.0  0.0  0.0  0.0  6.7  6.7  0.0  0.0  0.0  0.0  0.0
  6.7  0.0  0.0 13.4  0.0  0.0308.7 80.5100.7  0.0  6.7 20.1  0.0  0.0  6.7
  0.0 13.4  0.0  0.0  0.0 67.1  6.7  0.0  0.0  0.0  0.0  6.7  6.7  6.7  0.0
  0.0  0.0  0.0  6.7 13.4  0.0 26.8  6.7  0.0  6.7120.8 13.4  0.0 94.0  6.7
  0.0  0.0  0.0  0.0  0.0  0.0  0.0  0.0  0.0  0.0  0.0  0.0  0.0  0.0  0.0
  0.0  0.0  0.0  0.0  0.0  0.0  0.0  0.0  0.0  6.7  0.0  0.0  0.0  0.0  0.0
  0.0  0.0  0.0  0.0  0.0  0.0  0.0  6.7  0.0  0.0  6.7  0.0  0.0  0.0  0.0
  0.0  6.7  0.0  6.7  0.0  6.7  6.7  6.7  0.0  0.0  0.0  0.0  0.0  0.0  0.0
  0.0  0.0  0.0  0.0  0.0  0.0  0.0  0.0 13.4  0.0  6.7  0.0 13.4  0.0  0.0
  6.7  6.7  0.0  0.0  0.0  6.7 20.1 13.4  0.0 13.4  0.0  6.7  6.7  0.0  0.0
    -21.91     -1.56      5.49     -3.92      1.59  0.0  0.0  0.0  0.0  0.0
                                      t000292_s7_p3_qjpp.txt 11.0  5.4   47
  0.0  0.0  0.0 63.8  0.0  0.0  0.0  0.0 21.3  0.0  0.0  0.0  0.0  0.0  0.0
  0.0  0.0 21.3  0.0  0.0 21.3361.7148.9 85.1  0.0  0.0  0.0  0.0  0.0  0.0
  0.0  0.0  0.0  0.0 21.3  0.0  0.0  0.0  0.0  0.0  0.0  0.0  0.0 21.3  0.0
  0.0  0.0  0.0  0.0  0.0 21.3  0.0 21.3  0.0  0.0 85.1 21.3  0.0 85.1  0.0
 21.3  0.0  0.0  0.0  0.0  0.0  0.0  0.0  0.0  0.0  0.0  0.0  0.0  0.0  0.0
  0.0  0.0  0.0  0.0  0.0  0.0  0.0  0.0  0.0  0.0  0.0  0.0  0.0  0.0  0.0
  0.0  0.0  0.0  0.0  0.0  0.0  0.0  0.0  0.0  0.0  0.0  0.0  0.0  0.0  0.0
  0.0  0.0  0.0  0.0  0.0  0.0  0.0  0.0  0.0  0.0  0.0  0.0  0.0  0.0  0.0
  0.0  0.0  0.0  0.0  0.0  0.0  0.0  0.0 21.3 42.6 42.6  0.0  0.0  0.0  0.0
  0.0  0.0  0.0  0.0  0.0  0.0  0.0 21.3 21.3  0.0  0.0  0.0  0.0  0.0  0.0
    -16.25     -5.73     -5.28     -6.61     -0.40  0.0  0.0  0.0  0.0  0.0
                                      t000292_s7_p4_qjpp.txt 21.8  5.7  111
 18.0  0.0  0.0 54.1  0.0  0.0 18.0  0.0  0.0  0.0  0.0  0.0  0.0  0.0  0.0
  0.0  0.0  0.0  0.0  0.0  0.0324.3144.1108.1 18.0  9.0  0.0 18.0  0.0  0.0
  0.0  0.0  0.0  0.0  0.0 18.0  9.0  0.0  0.0  0.0  0.0  0.0  0.0  0.0  0.0
 18.0  9.0  0.0  0.0  0.0  0.0  9.0 18.0  0.0  0.0126.1  9.0  0.0 99.1  9.0
  0.0  0.0  0.0  0.0  0.0  0.0  0.0  0.0  0.0  0.0  0.0  0.0  0.0  0.0  0.0
  0.0  0.0  0.0  0.0  0.0  0.0  0.0  0.0  0.0  0.0  0.0  0.0  0.0  0.0  0.0
  0.0  0.0  0.0  0.0  0.0  0.0  0.0  0.0  0.0  0.0  0.0  0.0  0.0  0.0  0.0
  0.0  0.0  0.0  0.0  0.0  0.0  0.0  0.0  0.0  0.0  0.0  0.0  0.0  0.0  0.0
  0.0  0.0  0.0  0.0  0.0  0.0  0.0  0.0  0.0  0.0 18.0  9.0  9.0 18.0  9.0
  9.0  0.0  0.0  0.0  0.0  0.0  0.0 18.0  0.0  9.0  9.0  0.0 18.0  9.0  0.0
    -26.36     -1.40     -0.05     -6.61      2.19  0.0  0.0  0.0  0.0  0.0
                                      t000292_s7_p5_qjpp.txt 34.3  5.1  335
  0.0  0.0  0.0 53.7  0.0  0.0  9.0  0.0  0.0 11.9  3.0  0.0  0.0  0.0  0.0
  6.0  0.0  3.0 17.9  0.0  0.0316.4140.3 83.6  9.0  0.0  0.0  0.0  0.0  0.0
  0.0  3.0  0.0  0.0  0.0 41.8  9.0  3.0  0.0  0.0  0.0  0.0 14.9  3.0  0.0
  3.0  6.0  0.0  0.0  3.0  6.0 26.9  6.0  0.0  0.0 95.5  0.0  6.0 89.6 11.9
  0.0  0.0  0.0  0.0  0.0  0.0  0.0  0.0  0.0  0.0  0.0  0.0  0.0  0.0  0.0
  0.0  0.0  0.0  0.0  0.0  0.0  0.0  0.0  0.0  0.0  0.0  0.0  0.0  0.0  0.0
  0.0  0.0  0.0  0.0  0.0  3.0  0.0  0.0  0.0  3.0  0.0  0.0  0.0  0.0  0.0
  0.0  0.0  0.0  0.0  0.0  3.0  6.0  0.0  0.0  0.0  0.0  0.0  0.0  0.0  0.0
  0.0  0.0  0.0  0.0  0.0  0.0  0.0  3.0 23.9  3.0 26.9  6.0  3.0  0.0  3.0
  3.0  3.0  3.0  0.0  6.0  9.0 11.9  6.0  6.0  3.0  3.0  3.0 11.9  3.0  0.0
    -17.93     -5.43     -0.30     -5.89      7.12  0.0  3.0  0.0  0.0  0.0
                                      t000292_s7_p6_qjpp.txt 18.5  5.2  101
  0.0  0.0  0.0 29.7  0.0  0.0  0.0  0.0  9.9  0.0  0.0  0.0  0.0  0.0  0.0
  0.0  0.0  0.0  9.9  0.0  0.0326.7 89.1118.8 19.8  0.0  0.0  0.0  9.9  0.0
  0.0  9.9  0.0  0.0  0.0 39.6  0.0  0.0  0.0  0.0  0.0  0.0  9.9  9.9  0.0
  0.0  0.0  0.0  0.0  0.0  0.0 19.8  9.9  0.0  9.9118.8  9.9  0.0 59.4  9.9
  9.9  0.0  0.0  0.0  0.0  0.0  0.0  0.0  0.0  0.0  0.0  0.0  0.0  0.0  0.0
  0.0  0.0  0.0  0.0  0.0  0.0  0.0  0.0  0.0  0.0  0.0  0.0  0.0  0.0  0.0
  0.0  0.0  0.0  0.0  0.0  0.0  0.0  0.0  0.0  0.0  0.0  0.0  0.0  0.0  0.0
  0.0  0.0  0.0  0.0  0.0  0.0  0.0  0.0  0.0  0.0  0.0  0.0  0.0  0.0  0.0
  0.0  0.0  0.0  0.0  0.0  0.0  0.0  0.0  0.0  9.9  9.9  9.9  0.0  0.0  9.9
  0.0  0.0  0.0  0.0  0.0  9.9 19.8 29.7  0.0  0.0  0.0  0.0  0.0  0.0  0.0
    -27.44     -5.08      8.21     -6.61      4.06  0.0  0.0  0.0  0.0  0.0
                                      t000293_s1_p1_qjpp.txt 26.8  5.3  224
  0.0  0.0  0.0 26.8  0.0  0.0  0.0  0.0  0.0  4.5  0.0  0.0  0.0  0.0  0.0
  0.0  0.0  0.0  0.0  0.0  0.0415.2120.5 84.8 31.3  0.0  8.9  4.5  0.0  0.0
  0.0  4.5  0.0  0.0  4.5 26.8  4.5 17.9  8.9  0.0  0.0  8.9  4.5  8.9  0.0
  0.0  8.9  0.0  0.0  0.0 17.9 13.4  8.9  0.0  0.0120.5  0.0  0.0 75.9  4.5
  4.5  0.0  0.0  0.0  0.0  0.0  0.0  0.0  0.0  0.0  0.0  0.0  0.0  0.0  0.0
  0.0  0.0  0.0  0.0  0.0  0.0  0.0  0.0  0.0  0.0  0.0  0.0  0.0  0.0  0.0
  0.0  0.0  0.0  0.0  0.0  0.0  0.0  0.0  0.0  0.0  0.0  0.0  0.0  0.0  0.0
  0.0  0.0  0.0  0.0  0.0  0.0  0.0  0.0  0.0  0.0  0.0  0.0  0.0  0.0  0.0
  0.0  0.0  0.0  0.0  0.0  0.0  0.0 35.7 31.3  8.9  4.5  8.9  8.9  0.0  0.0
  0.0  0.0  0.0  0.0  0.0  0.0  0.0 22.3  8.9  0.0  0.0  4.5  0.0  4.5  0.0
    -31.50     -2.16     -0.21      4.10      0.52  0.0  0.0  0.0  0.0  0.0
                                     t000293_s13_p1_qjpp.txt 18.0  5.2  114
  8.8  0.0  0.0 52.6  0.0  0.0  0.0  0.0  0.0  0.0  0.0  0.0  0.0  0.0  0.0
  0.0  0.0  0.0  0.0  0.0  0.0438.6105.3 78.9 17.5  0.0  0.0  0.0  0.0  0.0
  0.0  0.0  0.0  0.0  0.0 26.3  0.0  8.8  8.8  0.0  0.0  0.0  0.0  8.8  8.8
  0.0  0.0  0.0  0.0  0.0  8.8  0.0 17.5  0.0  0.0122.8  0.0  0.0 96.5  8.8
  0.0  0.0  0.0  0.0  0.0  0.0  0.0  0.0  0.0  0.0  0.0  0.0  0.0  0.0  0.0
  0.0  0.0  0.0  0.0  0.0  0.0  0.0  0.0  0.0  0.0  0.0  0.0  0.0  0.0  0.0
  0.0  0.0  0.0  0.0  0.0  0.0  0.0  0.0  0.0  0.0  0.0  0.0  0.0  0.0  0.0
  0.0  0.0  0.0  0.0  0.0  0.0  0.0  0.0  0.0  0.0  0.0  0.0  0.0  0.0  0.0
  0.0  0.0  0.0  0.0  0.0  0.0  0.0 26.3  8.8  0.0  0.0  0.0  8.8  0.0  0.0
  0.0  0.0  0.0  0.0  0.0  0.0  0.0 17.5  8.8 17.5  0.0  0.0  8.8  0.0  0.0
    -29.92     -5.15     -0.52     -1.69      4.45  0.0  0.0  0.0  0.0  0.0
                                    t000293_s13_p10_qjpp.txt 21.8  5.1  144
  0.0  0.0  0.0 20.8  0.0  0.0  6.9  0.0  0.0 13.9  6.9  0.0  0.0  0.0  0.0
 13.9  0.0  0.0  6.9  0.0  0.0277.8125.0 62.5 83.3  0.0  0.0  6.9  0.0  0.0
  0.0  0.0  0.0  6.9  6.9  6.9 20.8  6.9  6.9  0.0  0.0  0.0  0.0 20.8  6.9
  0.0 13.9  6.9  6.9  6.9  6.9 20.8 27.8  0.0  0.0 90.3  0.0  0.0118.1  0.0
  6.9  0.0  0.0  0.0  0.0  0.0  0.0  0.0  0.0  0.0  0.0  0.0  0.0  0.0  0.0
  0.0  0.0  0.0  6.9  0.0  0.0  0.0  0.0  0.0  0.0  0.0  0.0  0.0  0.0  0.0
  0.0  0.0  0.0  0.0  0.0  0.0  0.0  0.0  6.9  0.0  0.0  0.0  0.0  0.0  0.0
  6.9  0.0  0.0  6.9  0.0  6.9  6.9  0.0  0.0  0.0  0.0  0.0  0.0  0.0  0.0
  0.0  0.0  0.0  0.0  0.0  0.0  0.0  6.9 62.5  0.0  6.9  0.0  0.0  6.9  0.0
  0.0  0.0  0.0  0.0  0.0  0.0  6.9  0.0 13.9  0.0  0.0  6.9  6.9 20.8  0.0
    -16.02     -1.70     -3.45     -2.71      4.87  0.0  0.0  0.0  0.0  0.0
                                    t000293_s13_p11_qjpp.txt 14.3  5.1   85
 11.8  0.0  0.0 47.1  0.0  0.0  0.0  0.0  0.0 11.8  0.0  0.0  0.0  0.0  0.0
  0.0  0.0  0.0  0.0  0.0  0.0329.4129.4 94.1 35.3  0.0 11.8  0.0  0.0  0.0
  0.0  0.0  0.0 11.8 11.8 23.5  0.0 11.8  0.0  0.0  0.0  0.0 11.8  0.0  0.0
  0.0 23.5  0.0  0.0  0.0 11.8 23.5  0.0  0.0  0.0 94.1  0.0  0.0105.9  0.0
  0.0  0.0  0.0  0.0  0.0  0.0  0.0  0.0  0.0  0.0  0.0  0.0  0.0  0.0  0.0
  0.0  0.0  0.0  0.0  0.0  0.0  0.0  0.0  0.0  0.0  0.0  0.0  0.0  0.0  0.0
  0.0  0.0  0.0  0.0  0.0  0.0  0.0  0.0  0.0  0.0  0.0  0.0  0.0  0.0  0.0
  0.0  0.0  0.0  0.0  0.0  0.0  0.0  0.0  0.0  0.0  0.0  0.0  0.0  0.0  0.0
  0.0  0.0  0.0  0.0  0.0  0.0  0.0 35.3 35.3  0.0 11.8  0.0  0.0 11.8  0.0
  0.0  0.0  0.0  0.0  0.0 11.8  0.0  0.0 11.8 35.3  0.0 11.8  0.0  0.0  0.0
    -26.62     -2.30     -7.18     -3.80      3.73  0.0  0.0 11.8  0.0  0.0
                                    t000293_s13_p12_qjpp.txt 19.5  4.9  106
  9.4  0.0  0.0 28.3  0.0  0.0  0.0  0.0  9.4  0.0  0.0  0.0  0.0  0.0  0.0
  0.0  0.0  9.4  9.4  0.0  0.0292.5160.4 66.0 18.9  0.0  9.4  0.0  0.0  0.0
  0.0  0.0  0.0  0.0  0.0  9.4  0.0  0.0  0.0  0.0  0.0  0.0  0.0  0.0  0.0
  9.4  9.4  9.4  9.4  0.0  9.4 18.9  9.4  0.0  0.0 84.9  9.4  0.0 75.5 18.9
  0.0  0.0  0.0  0.0  0.0  0.0  0.0  0.0  0.0  0.0  0.0  0.0  0.0  0.0  0.0
  0.0  0.0  0.0  0.0  0.0  9.4  0.0  0.0  0.0  0.0  0.0  0.0  0.0  0.0  0.0
  0.0  0.0  0.0  0.0  0.0  0.0  0.0  0.0  0.0  0.0  0.0  0.0  0.0  0.0  0.0
  9.4  0.0  0.0  9.4  0.0  0.0  0.0  0.0  0.0  0.0  0.0  0.0  0.0  0.0  0.0
  0.0  0.0  0.0  0.0  0.0  0.0  0.0 18.9  0.0  0.0  0.0  9.4 18.9  9.4  0.0
  0.0  0.0  0.0  0.0  0.0  9.4  0.0  9.4  0.0 18.9  9.4  9.4  0.0  0.0  0.0
    -22.22     -3.29      0.44     -6.61     -0.58  0.0  0.0  0.0  0.0  0.0
                                    t000293_s13_p13_qjpp.txt 14.5  4.7  112
  0.0  0.0  0.0 44.6  0.0  0.0  0.0  0.0  0.0  0.0  0.0  0.0  0.0  0.0  0.0
  0.0  0.0  0.0  8.9  0.0  0.0321.4178.6 17.9 71.4  0.0  0.0  0.0  0.0  0.0
  0.0  0.0  0.0  0.0 17.9  0.0  0.0  0.0 17.9  0.0  0.0  0.0  0.0 26.8  0.0
  8.9  0.0  0.0  0.0  0.0  0.0  8.9 35.7  0.0  0.0 17.9  0.0  0.0125.0  0.0
  8.9  0.0  0.0  0.0  0.0  0.0  0.0  0.0  0.0  0.0  0.0  0.0  0.0  0.0  0.0
  0.0  0.0  0.0  0.0  0.0  0.0  0.0  0.0  0.0  0.0  0.0  0.0  0.0  0.0  0.0
  0.0  0.0  0.0  0.0  0.0  0.0  0.0  0.0  0.0  0.0  0.0  0.0  0.0  0.0  0.0
  0.0  0.0  0.0  0.0  0.0  0.0  0.0  0.0  0.0  0.0  0.0  0.0  0.0  0.0  0.0
  0.0  0.0  0.0  0.0  0.0  0.0  0.0 17.9 26.8  0.0  8.9  0.0 26.8  0.0  0.0
  0.0  8.9  0.0  0.0  0.0  8.9  0.0 35.7  0.0  8.9  0.0  0.0 17.9  0.0  0.0
    -24.40     -3.38     -4.28     -0.84      3.31  0.0  0.0  0.0  0.0  0.0
                                    t000293_s13_p14_qjpp.txt 19.5  4.8  139
  7.2  0.0  0.0 21.6  0.0  0.0  0.0  0.0  0.0  0.0  0.0  0.0  0.0  0.0  0.0
  0.0  0.0  0.0  7.2  0.0  0.0323.7179.9 36.0 21.6  7.2  0.0  0.0  0.0  0.0
  0.0  7.2  0.0  7.2  0.0 14.4  7.2  7.2  0.0  0.0  0.0  7.2  0.0 28.8  0.0
  0.0  0.0  0.0  0.0  0.0  7.2 14.4 28.8  0.0  0.0 57.6  7.2  0.0 64.7  7.2
  0.0  0.0  0.0  0.0  0.0  0.0  0.0  0.0  0.0  0.0  0.0  0.0  0.0  0.0  0.0
  0.0  0.0  0.0  0.0  0.0  0.0  0.0  0.0  0.0  0.0  0.0  0.0  0.0  0.0  0.0
  0.0  0.0  0.0  0.0  0.0  0.0  0.0  0.0  0.0  0.0  0.0  0.0  0.0  0.0  0.0
  0.0  0.0  0.0  0.0  0.0  0.0  0.0  0.0  0.0  0.0  0.0  0.0  0.0  0.0  0.0
  0.0  0.0  0.0  0.0  0.0  0.0  0.0 28.8 14.4  7.2  7.2  7.2  7.2  7.2  0.0
  0.0  0.0  0.0  0.0  0.0  7.2  7.2  7.2  0.0  7.2  0.0  0.0  7.2  7.2  0.0
    -26.09     -4.70      0.77     -2.01      0.73  0.0  0.0  0.0  0.0  0.0
                                    t000293_s13_p15_qjpp.txt 24.0  5.3  170
  0.0  0.0  0.0 35.3  0.0  0.0  5.9  5.9  0.0  0.0  0.0  0.0  0.0  5.9  0.0
  0.0  0.0  5.9 17.6  0.0  0.0358.8135.3 35.3 11.8  5.9  0.0  0.0  0.0  0.0
  0.0  0.0  0.0  0.0  0.0 41.2 11.8  0.0  0.0  0.0  0.0  5.9  5.9 11.8  0.0
  0.0  5.9  0.0 11.8  0.0  5.9 23.5 11.8  0.0  0.0 70.6  5.9  0.0 64.7  0.0
  0.0  0.0  0.0  0.0  0.0  0.0  0.0  0.0  0.0  0.0  0.0  0.0  0.0  0.0  0.0
  0.0  0.0  0.0  0.0  0.0  0.0  0.0  0.0  0.0  0.0  0.0  0.0  0.0  0.0  0.0
  0.0  0.0  0.0  0.0  0.0  0.0  0.0  0.0  0.0  0.0  0.0  0.0  0.0  0.0  0.0
  0.0  0.0  0.0  0.0  0.0  0.0  0.0  0.0  0.0  0.0  0.0  0.0  0.0  0.0  0.0
  0.0  0.0  0.0  0.0  0.0  0.0  0.0  5.9 23.5 29.4 17.6  0.0  0.0  0.0  0.0
  0.0  0.0 11.8  0.0  0.0  0.0  0.0 11.8  0.0  0.0  0.0  5.9  5.9  0.0  0.0
    -17.32     -5.08     -1.37     -4.25      1.83  0.0  0.0  0.0  0.0  0.0
                                    t000293_s13_p16_qjpp.txt 17.3  4.9   91
 22.0 11.0  0.0 76.9  0.0  0.0  0.0  0.0  0.0 11.0  0.0  0.0  0.0  0.0  0.0
 11.0  0.0  0.0  0.0  0.0  0.0307.7142.9 22.0 22.0 11.0 11.0  0.0  0.0  0.0
  0.0  0.0  0.0  0.0 11.0  0.0  0.0  0.0  0.0  0.0  0.0 11.0  0.0 11.0  0.0
  0.0 22.0 11.0 33.0  0.0  0.0 22.0 11.0  0.0  0.0 44.0 11.0  0.0 98.9  0.0
 11.0  0.0  0.0  0.0  0.0  0.0  0.0  0.0  0.0  0.0  0.0  0.0  0.0  0.0  0.0
  0.0  0.0  0.0  0.0  0.0 22.0  0.0  0.0  0.0  0.0  0.0  0.0  0.0  0.0  0.0
  0.0  0.0  0.0  0.0  0.0  0.0  0.0  0.0  0.0  0.0  0.0  0.0  0.0  0.0  0.0
 22.0  0.0  0.0 22.0  0.0  0.0  0.0  0.0  0.0  0.0  0.0  0.0  0.0  0.0  0.0
  0.0  0.0 11.0  0.0  0.0  0.0  0.0 11.0 33.0 11.0 33.0 11.0  0.0 33.0  0.0
  0.0  0.0  0.0  0.0  0.0  0.0  0.0 22.0  0.0 11.0  0.0  0.0 11.0  0.0  0.0
    -13.68     -2.40     -2.26     -2.21     -1.96  0.0  0.0  0.0  0.0  0.0
                                    t000293_s13_p17_qjpp.txt 21.8  5.2  143
  0.0  0.0  0.0 49.0  0.0  0.0  0.0  7.0  0.0  0.0  0.0  0.0  0.0  7.0  0.0
  0.0  0.0  0.0  7.0  0.0  0.0328.7146.9 83.9  7.0  0.0  7.0  0.0  0.0  7.0
  0.0  7.0  0.0  0.0  7.0  7.0 14.0  0.0  0.0  0.0  0.0  0.0  0.0 21.0  0.0
  0.0  7.0  0.0 14.0  0.0  0.0 21.0 21.0  0.0  7.0 83.9  0.0  0.0 76.9  7.0
  0.0  0.0  0.0  0.0  0.0  0.0  0.0  0.0  0.0  0.0  0.0  0.0  0.0  0.0  0.0
  0.0  0.0  0.0  0.0  0.0  0.0  0.0  0.0  0.0  0.0  0.0  0.0  0.0  0.0  0.0
  0.0  0.0  0.0  0.0  0.0  0.0  0.0  0.0  0.0  0.0  0.0  0.0  0.0  0.0  0.0
  0.0  0.0  0.0  0.0  0.0  0.0  0.0  0.0  0.0  0.0  0.0  0.0  0.0  0.0  0.0
  0.0  7.0  0.0  0.0  0.0  0.0  0.0 28.0 49.0 21.0 14.0  7.0  0.0  0.0  0.0
  0.0  0.0  0.0  0.0  0.0 14.0  0.0 28.0  0.0 21.0  0.0  0.0  7.0  0.0  0.0
    -23.14     -4.15      4.61     -6.61     -0.45  0.0  0.0  0.0  0.0  0.0
                                    t000293_s13_p18_qjpp.txt 25.8  5.0  165
  6.1  0.0  0.0 60.6  0.0  0.0  0.0 12.1  0.0  6.1  0.0  0.0  0.0  0.0  0.0
 12.1  0.0  0.0 18.2  0.0  0.0345.5121.2 60.6 12.1 12.1  6.1  0.0  6.1  0.0
  0.0  6.1  0.0  0.0  6.1 42.4 18.2  0.0  0.0  0.0  0.0  6.1 18.2  6.1  0.0
  6.1  0.0  0.0  6.1 12.1  0.0 24.2 12.1  0.0  6.1 84.8 12.1  0.0 97.0  6.1
  0.0  0.0  0.0  0.0  0.0  0.0  0.0  0.0  0.0  0.0  0.0  0.0  0.0  0.0  0.0
  0.0  0.0  0.0  0.0  0.0  0.0  6.1  0.0  0.0  0.0  0.0  0.0  0.0  0.0  0.0
  6.1  0.0  0.0  6.1  0.0  0.0  0.0  0.0  0.0  0.0  0.0  0.0  0.0  0.0  0.0
  6.1  0.0  0.0  6.1 12.1  0.0 12.1  0.0  0.0  0.0  0.0  0.0  0.0  0.0  0.0
  0.0  0.0  0.0  0.0  0.0  0.0  0.0 12.1 18.2 36.4 54.5 18.2  6.1  6.1  0.0
  0.0  0.0  0.0  0.0  0.0 12.1  0.0 12.1  0.0  6.1  0.0  0.0  6.1  0.0  0.0
    -14.37     -3.62      2.59     -4.18     10.61  0.0  0.0  0.0  0.0  0.0
                                    t000293_s13_p19_qjpp.txt 26.8  4.8  199
  0.0  0.0  0.0 55.3  0.0  0.0  5.0  0.0  0.0 15.1  0.0  0.0  0.0  0.0  0.0
  0.0  0.0  0.0 10.1  0.0  0.0251.3135.7 40.2 15.1 20.1 25.1  5.0  0.0  0.0
  0.0  5.0  0.0  0.0 20.1 45.2 15.1  0.0  0.0  0.0  5.0 10.1  5.0  5.0  5.0
  5.0 10.1  5.0  0.0  5.0  5.0 25.1 15.1  0.0  0.0 75.4 20.1  0.0120.6 10.1
  5.0  5.0  0.0  0.0  0.0  0.0  0.0  0.0  0.0  0.0  0.0  0.0  0.0  0.0  0.0
  0.0  0.0  0.0  0.0  0.0  0.0 10.1  0.0  0.0  0.0  0.0  0.0  0.0  0.0  0.0
  0.0  0.0  0.0  5.0  0.0  0.0  0.0  0.0  0.0  0.0  5.0  0.0  0.0  0.0  0.0
 10.1  0.0  0.0 10.1  5.0  0.0  5.0  5.0  0.0  0.0  0.0  0.0  0.0  0.0  0.0
  0.0  0.0  0.0  0.0  0.0  0.0  0.0 15.1 15.1  0.0  5.0  0.0 15.1 15.1  0.0
  0.0  5.0  0.0  0.0  0.0  5.0  0.0 30.2 20.1  5.0  0.0  5.0 10.1  0.0  0.0
    -18.32      1.42     -5.65     -0.19      5.76  0.0  0.0  0.0  0.0  0.0
                                     t000293_s13_p2_qjpp.txt 28.5  4.8  197
  5.1  0.0  0.0 71.1  0.0  0.0  5.1  5.1  0.0  5.1  0.0  0.0  0.0  0.0  0.0
  0.0  0.0  5.1  5.1  0.0  0.0345.2182.7 55.8 15.2  0.0  0.0  0.0  0.0  5.1
  5.1  0.0  0.0  0.0  5.1 15.2  5.1  5.1  0.0  0.0  0.0  0.0  0.0 15.2  5.1
  5.1  5.1  0.0  0.0  0.0 10.2 10.2 25.4  0.0 10.2 60.9  0.0  0.0 96.4  5.1
  0.0  0.0  0.0  0.0  0.0  0.0  0.0  0.0  0.0  0.0  0.0  0.0  0.0  0.0  0.0
  0.0  0.0  0.0  0.0  0.0  0.0  0.0  0.0  0.0  0.0  0.0  0.0  0.0  0.0  0.0
  0.0  0.0  5.1  0.0  0.0  0.0  0.0  0.0  0.0  0.0  5.1  0.0  0.0  0.0  0.0
  0.0  0.0  0.0  0.0  5.1  0.0  5.1  5.1  0.0  0.0  0.0  0.0  0.0  0.0  0.0
  0.0 10.2  0.0  0.0  0.0  0.0  0.0  0.0  0.0  0.0 50.8 10.2  5.1 30.5  0.0
  0.0  0.0  0.0  0.0  0.0  5.1  0.0 20.3 10.2  5.1  5.1  5.1 10.2  0.0  0.0
    -22.65     -5.23      5.77     -5.40      4.22  5.1  0.0  0.0  0.0  0.0
                                    t000293_s13_p20_qjpp.txt 25.3  5.1  198
  5.1  0.0  0.0 35.4  0.0  0.0  0.0  5.1  0.0  0.0  0.0  0.0  0.0  0.0  5.1
  0.0  0.0  0.0  5.1  0.0  0.0318.2121.2 25.3 65.7  5.1 10.1  0.0  0.0  5.1
  0.0  5.1  0.0  5.1  0.0 60.6 10.1  0.0  0.0  0.0  0.0  5.1 10.1  0.0  0.0
  5.1  5.1  5.1  5.1 10.1  0.0 15.2  5.1  0.0  5.1 35.4  5.1  0.0141.4 10.1
  0.0  0.0  0.0  0.0  0.0  0.0  0.0  0.0  0.0  0.0  0.0  0.0  0.0  0.0  0.0
  0.0  0.0  0.0  0.0  0.0  0.0  0.0  0.0  0.0  0.0  0.0  0.0  0.0  0.0  0.0
  0.0  0.0  0.0  0.0  0.0  0.0  0.0  0.0  0.0  0.0  0.0  0.0  0.0  0.0  0.0
  0.0  0.0  0.0  0.0  0.0  0.0  0.0  0.0  0.0  0.0  0.0  0.0  0.0  0.0  0.0
  0.0  0.0  0.0  0.0  0.0  0.0  0.0 25.3 20.2  0.0  5.1  0.0  0.0 20.2 10.1
  0.0  0.0  0.0  0.0  0.0 10.1  0.0 75.8  0.0  0.0  5.1  0.0 15.2  5.1  0.0
    -18.85     -1.40      0.48     -4.58      4.32  0.0  0.0  0.0  0.0  0.0
                                     t000293_s13_p3_qjpp.txt 26.5  5.0  152
  6.6  0.0  0.0 52.6  0.0  0.0  0.0  0.0  0.0  0.0  0.0  0.0  0.0  0.0  0.0
  0.0  0.0  6.6  0.0  0.0  0.0355.3144.7 59.2 19.7  0.0  0.0  0.0  0.0  6.6
  0.0  0.0  0.0  0.0  0.0 13.2  0.0  0.0  0.0  0.0  0.0  0.0  6.6 19.7  0.0
  0.0  0.0  0.0  0.0  6.6  6.6  0.0 19.7  0.0  6.6 72.4  0.0  0.0 78.9  0.0
  0.0  0.0  0.0  0.0  0.0  0.0  0.0  0.0  0.0  0.0  0.0  0.0  0.0  0.0  0.0
  0.0  0.0  0.0  0.0  0.0  0.0  0.0  0.0  0.0  0.0  0.0  0.0  0.0  0.0  0.0
  0.0  0.0  0.0  0.0  0.0  0.0  0.0  0.0  0.0  0.0  0.0  0.0  0.0  0.0  0.0
  0.0  0.0  0.0  0.0  0.0  0.0  0.0  0.0  0.0  0.0  0.0  0.0  0.0  0.0  0.0
  0.0  0.0  0.0  0.0  0.0  0.0  0.0  6.6  6.6  0.0 19.7  0.0  0.0  0.0  0.0
 19.7  0.0  0.0  0.0  0.0  6.6  0.0  6.6 13.2  6.6  0.0  0.0  6.6  0.0  0.0
    -25.90     -5.08      3.52     -6.61      3.48  0.0  0.0  0.0  0.0  0.0
                                     t000293_s13_p4_qjpp.txt 18.8  5.0  111
  0.0  0.0  0.0 36.0  0.0  0.0  0.0  0.0  0.0  0.0  0.0  0.0  0.0  9.0  0.0
  0.0  0.0  0.0  0.0  0.0  0.0333.3171.2 18.0 36.0  0.0  0.0  0.0  0.0  0.0
  0.0  0.0  0.0  0.0  0.0  9.0  9.0  0.0  0.0  0.0  0.0  0.0  0.0 27.0  0.0
 27.0  0.0  0.0  0.0  9.0  0.0  0.0 54.1  0.0  0.0 27.0  0.0  0.0126.1  9.0
  0.0  0.0  0.0  0.0  0.0  0.0  0.0  0.0  0.0  0.0  0.0  0.0  0.0  0.0  0.0
  0.0  0.0  0.0  9.0  0.0  0.0  0.0  0.0  0.0  0.0  0.0  0.0  0.0  0.0  9.0
  0.0  0.0  0.0  0.0  0.0  0.0  0.0  0.0  0.0  0.0  0.0  0.0  0.0  0.0  0.0
  9.0  0.0  0.0  9.0  9.0  0.0  9.0  0.0  0.0  0.0  0.0  0.0  0.0  0.0  0.0
  0.0  0.0  0.0  0.0  0.0  0.0  0.0  0.0  0.0  0.0 18.0  0.0  0.0  0.0  0.0
  0.0  0.0  0.0  0.0  0.0  0.0  0.0 36.0 18.0  0.0  0.0  0.0  9.0  0.0  0.0
    -22.82     -4.54      0.46     -6.61      9.19  0.0  0.0  0.0  0.0  0.0
                                     t000293_s13_p5_qjpp.txt 23.0  5.3  137
  0.0  0.0  0.0 36.5  0.0  0.0  0.0  0.0  0.0  0.0  0.0  7.3  0.0  0.0  0.0
  0.0  0.0  0.0  7.3  0.0  0.0379.6160.6 51.1 29.2  0.0  0.0  0.0  0.0  7.3
  0.0  0.0  0.0  0.0 14.6 29.2  0.0  0.0  0.0  0.0  0.0  7.3 14.6  0.0  7.3
  7.3  0.0  0.0  7.3  0.0  0.0 14.6 14.6  0.0  7.3 87.6  0.0  0.0 73.0  0.0
  7.3  0.0  0.0  0.0  0.0  0.0  0.0  0.0  0.0  0.0  0.0  0.0  0.0  0.0  0.0
  0.0  0.0  0.0  0.0  0.0  0.0  0.0  0.0  0.0  0.0  0.0  0.0  0.0  0.0  0.0
  0.0  0.0  0.0  0.0  0.0  0.0  0.0  0.0  0.0  0.0  0.0  0.0  0.0  0.0  0.0
  0.0  0.0  0.0  0.0  0.0  0.0  0.0  0.0  0.0  0.0  0.0  0.0  0.0  0.0  0.0
  0.0  0.0  0.0  0.0  0.0  0.0  0.0  0.0 14.6  0.0 14.6  0.0 14.6  7.3  0.0
  7.3  0.0  0.0  0.0  0.0  0.0 14.6 14.6  0.0  7.3  0.0  7.3  0.0  0.0  0.0
    -24.74     -4.77     -1.33     -3.69     13.47  0.0  0.0  0.0  0.0  0.0
                                     t000293_s13_p6_qjpp.txt 22.5  4.8  158
  0.0  0.0  0.0 63.3  0.0  0.0  6.3  0.0  0.0  0.0  6.3  6.3  0.0  6.3  0.0
 19.0  0.0  6.3  6.3  0.0  0.0316.5158.2 50.6  6.3 25.3 19.0  0.0  0.0  0.0
  0.0  0.0  0.0  0.0  0.0 25.3  6.3  0.0  0.0  0.0  0.0  0.0  0.0  0.0  0.0
  0.0  6.3  6.3  0.0 12.7  6.3 19.0  0.0  0.0  0.0101.3 25.3  0.0 88.6  0.0
  0.0  0.0  0.0  0.0  0.0  0.0  0.0  0.0  0.0  0.0  0.0  0.0  0.0  0.0  0.0
  0.0  0.0  0.0  0.0  0.0  0.0  0.0  0.0  0.0  6.3  0.0  0.0  0.0  0.0  0.0
  0.0  0.0  0.0  0.0  6.3  0.0  0.0  0.0  0.0  0.0  0.0  0.0  0.0  0.0  0.0
  0.0  6.3  0.0  6.3  0.0  6.3  6.3  0.0  0.0  0.0  0.0  0.0  0.0  0.0  0.0
  0.0  0.0  0.0  0.0  0.0  0.0  0.0 12.7 12.7  0.0  0.0  6.3  0.0  0.0  6.3
  0.0  0.0  0.0  0.0  0.0  0.0  6.3 12.7 12.7  0.0  0.0  0.0  6.3  0.0  0.0
     -7.51     -0.74     -0.46     -6.61     -3.63  0.0  0.0  0.0  0.0  0.0
                                     t000293_s13_p7_qjpp.txt 32.5  5.2  200
  0.0  0.0  0.0 40.0  0.0  0.0  0.0  5.0  0.0  0.0  5.0  0.0  0.0  0.0  0.0
  0.0  0.0  0.0  0.0  0.0  0.0380.0170.0 60.0 20.0  5.0  0.0  0.0  0.0 10.0
  0.0  0.0  0.0  0.0  5.0 10.0  0.0 15.0  5.0  0.0  0.0  5.0  5.0 25.0  0.0
 10.0  5.0  0.0  0.0 10.0 15.0  5.0 35.0  0.0 10.0 80.0  5.0  0.0 90.0  0.0
  0.0  0.0  0.0  0.0  0.0  0.0  0.0  0.0  0.0  0.0  0.0  0.0  0.0  0.0  0.0
  0.0  0.0  0.0  0.0  0.0  0.0  0.0  0.0  0.0  0.0  0.0  0.0  0.0  0.0  0.0
  0.0  0.0  0.0  0.0  0.0  0.0  0.0  0.0  0.0  0.0  0.0  0.0  0.0  0.0  0.0
  0.0  0.0  0.0  0.0  0.0  0.0  0.0  0.0  0.0  0.0  0.0  0.0  0.0  0.0  0.0
  0.0  0.0  0.0  0.0  0.0  0.0  0.0 10.0 25.0  0.0 30.0 10.0 15.0  0.0 15.0
  0.0  0.0  0.0  0.0  0.0  5.0  0.0 15.0 20.0  5.0  0.0  0.0  0.0  0.0  0.0
    -29.41     -4.85      3.93      0.58      6.51  0.0  0.0  0.0  0.0  0.0
                                     t000293_s13_p8_qjpp.txt 21.5  5.2  126
 15.9  0.0  0.0 23.8  0.0  0.0  0.0  0.0  0.0  0.0  0.0  0.0  0.0  7.9  0.0
  0.0  0.0  0.0  7.9  0.0  0.0309.5127.0 87.3 31.7  0.0  0.0  0.0  0.0  0.0
  0.0  0.0  0.0  0.0  0.0 15.9  0.0  0.0  0.0  0.0  0.0  0.0  0.0 15.9  0.0
  0.0  0.0  0.0  0.0  0.0  0.0  7.9 15.9  0.0  0.0198.4  0.0  0.0 55.6  0.0
  0.0  0.0  0.0  0.0  0.0  0.0  0.0  0.0  0.0  0.0  0.0  0.0  0.0  0.0  0.0
  0.0  0.0  0.0  0.0  0.0  0.0  0.0  0.0  0.0  0.0  0.0  0.0  0.0  0.0  0.0
  0.0  0.0  0.0  0.0  0.0  0.0  0.0  0.0  0.0  0.0  0.0  0.0  0.0  0.0  0.0
  0.0  0.0  0.0  0.0  0.0  0.0  0.0  0.0  0.0  0.0  0.0  0.0  0.0  0.0  0.0
  0.0  0.0  0.0  0.0  0.0  0.0  0.0  0.0  7.9  0.0 15.9  0.0  0.0 15.9  0.0
  0.0 15.9  0.0  0.0  0.0  0.0  0.0  7.9 15.9  7.9  0.0  0.0 15.9  0.0  0.0
    -22.23     -4.68      0.07     -6.61     -1.22  0.0  0.0  0.0  0.0  0.0
                                     t000293_s13_p9_qjpp.txt 14.3  5.1   81
  0.0  0.0  0.0 74.1  0.0  0.0  0.0 12.3  0.0  0.0  0.0  0.0  0.0  0.0  0.0
  0.0  0.0 12.3  0.0  0.0  0.0296.3135.8 37.0 24.7  0.0 12.3  0.0  0.0  0.0
  0.0  0.0  0.0  0.0  0.0111.1  0.0  0.0  0.0  0.0  0.0 12.3 49.4 49.4  0.0
 12.3  0.0 12.3  0.0  0.0 12.3  0.0 61.7  0.0  0.0 49.4  0.0  0.0123.5  0.0
  0.0  0.0  0.0  0.0  0.0  0.0  0.0  0.0  0.0  0.0  0.0  0.0  0.0  0.0  0.0
  0.0  0.0  0.0  0.0  0.0  0.0  0.0  0.0  0.0  0.0  0.0  0.0  0.0  0.0  0.0
  0.0  0.0  0.0  0.0  0.0  0.0  0.0  0.0  0.0  0.0  0.0  0.0  0.0  0.0  0.0
  0.0  0.0  0.0  0.0  0.0  0.0  0.0  0.0  0.0  0.0  0.0  0.0  0.0  0.0  0.0
  0.0  0.0  0.0  0.0  0.0  0.0  0.0 12.3  0.0  0.0 24.7  0.0 74.1  0.0 12.3
  0.0  0.0  0.0  0.0  0.0 12.3  0.0 24.7 24.7  0.0  0.0  0.0 24.7  0.0  0.0
    -18.54     -2.54     -5.34     -1.67     38.70  0.0  0.0  0.0  0.0  0.0
                                      t000293_s4_p1_qjpp.txt 13.8  5.6   74
  0.0  0.0  0.0 27.0  0.0  0.0  0.0  0.0 27.0 27.0  0.0  0.0  0.0  0.0  0.0
  0.0  0.0  0.0 13.5  0.0  0.0364.9121.6 81.1 94.6  0.0 13.5  0.0  0.0  0.0
  0.0  0.0  0.0  0.0  0.0 40.5  0.0  0.0  0.0  0.0  0.0  0.0  0.0  0.0  0.0
  0.0  0.0  0.0  0.0  0.0  0.0 13.5  0.0  0.0  0.0108.1 27.0  0.0135.1  0.0
  0.0  0.0  0.0  0.0  0.0  0.0  0.0  0.0  0.0  0.0  0.0  0.0  0.0  0.0  0.0
  0.0  0.0  0.0  0.0  0.0  0.0  0.0  0.0  0.0  0.0  0.0  0.0  0.0  0.0  0.0
  0.0  0.0  0.0  0.0  0.0  0.0  0.0  0.0  0.0  0.0  0.0  0.0  0.0  0.0  0.0
  0.0  0.0  0.0  0.0  0.0  0.0  0.0  0.0  0.0  0.0  0.0  0.0  0.0  0.0  0.0
  0.0  0.0  0.0  0.0  0.0  0.0  0.0 27.0 54.1  0.0  0.0 13.5  0.0  0.0 13.5
  0.0  0.0  0.0  0.0  0.0 13.5  0.0 13.5  0.0 27.0  0.0  0.0 13.5  0.0  0.0
    -23.65     -0.02     -1.33     -6.61     -3.63  0.0  0.0  0.0  0.0  0.0
                                      t000293_s4_p2_qjpp.txt 19.8  5.0  113
  0.0  0.0  0.0 70.8  0.0  0.0  0.0  0.0  8.8  0.0  8.8  0.0  0.0  8.8  0.0
  0.0  0.0  8.8  0.0  0.0  0.0336.3150.4 35.4 17.7  0.0  0.0  0.0  0.0  8.8
  0.0  0.0  0.0  0.0  0.0 44.2  0.0  0.0  0.0  0.0  8.8  0.0  8.8  0.0  8.8
  0.0  0.0  8.8 17.7 26.5 17.7  0.0  8.8  0.0  8.8 79.6  8.8  0.0 97.3  0.0
  0.0  0.0  0.0  0.0  0.0  0.0  0.0  0.0  0.0  0.0  0.0  0.0  0.0  0.0  0.0
  0.0  0.0  0.0  0.0  0.0  0.0  0.0  0.0  0.0  0.0  0.0  0.0  0.0  0.0  0.0
  0.0  0.0  0.0  0.0  0.0  0.0  0.0  0.0  0.0  0.0  8.8  0.0  0.0  0.0  0.0
  0.0  0.0  0.0  0.0  0.0  0.0  0.0  8.8  0.0  0.0  0.0  0.0  0.0  0.0  0.0
  0.0  0.0  0.0  0.0  0.0  0.0  0.0 26.5  8.8  0.0 17.7  8.8 35.4 17.7  0.0
  0.0  0.0  0.0  0.0  0.0 26.5  0.0 17.7  0.0  0.0  8.8  0.0  8.8  0.0  0.0
    -18.30     -5.15      2.88     -2.39      8.71  0.0  0.0  0.0  0.0  0.0
                                      t000293_s4_p3_qjpp.txt 14.3  5.4   77
  0.0  0.0  0.0 64.9  0.0  0.0  0.0  0.0  0.0  0.0  0.0  0.0  0.0  0.0  0.0
 13.0  0.0  0.0 13.0  0.0  0.0389.6181.8 77.9  0.0  0.0  0.0 13.0  0.0  0.0
  0.0  0.0  0.0  0.0  0.0 64.9  0.0 13.0  0.0  0.0 13.0 13.0 13.0 26.0  0.0
  0.0  0.0 13.0  0.0  0.0 26.0 13.0 26.0  0.0  0.0103.9  0.0  0.0 64.9  0.0
  0.0  0.0  0.0  0.0  0.0  0.0  0.0  0.0  0.0  0.0  0.0  0.0  0.0  0.0  0.0
  0.0  0.0  0.0  0.0  0.0  0.0  0.0  0.0  0.0  0.0  0.0  0.0  0.0  0.0  0.0
  0.0  0.0  0.0  0.0  0.0  0.0  0.0  0.0  0.0  0.0  0.0  0.0  0.0  0.0  0.0
  0.0  0.0  0.0  0.0  0.0  0.0  0.0  0.0  0.0  0.0  0.0  0.0  0.0  0.0  0.0
  0.0  0.0  0.0  0.0  0.0  0.0  0.0 39.0  0.0 13.0 64.9 13.0 26.0  0.0  0.0
  0.0  0.0  0.0  0.0  0.0 26.0  0.0  0.0  0.0 13.0 13.0  0.0  0.0  0.0  0.0
    -24.98     -3.32     -2.72      7.87      8.43  0.0  0.0  0.0  0.0  0.0
                                      t000293_s4_p4_qjpp.txt 22.3  5.3  128
  0.0  0.0  0.0 85.9  0.0  0.0  0.0  0.0  0.0  7.8  0.0  0.0  0.0  0.0  0.0
  7.8  0.0 15.6  0.0  0.0  0.0312.5117.2 46.9  7.8 15.6  0.0  0.0  0.0  0.0
  0.0  7.8  0.0  0.0  0.0 85.9 23.4  7.8  0.0  0.0  0.0  0.0 31.3  7.8  0.0
  0.0  0.0  0.0  7.8 23.4 23.4  7.8  7.8  0.0  0.0101.6 15.6  7.8117.2  0.0
  7.8  0.0  0.0  0.0  0.0  0.0  0.0  0.0  0.0  0.0  0.0  0.0  0.0  0.0  0.0
  0.0  0.0  0.0  0.0  0.0  0.0  0.0  7.8  0.0  0.0  0.0  0.0  0.0  0.0  0.0
  0.0  0.0  0.0  0.0  0.0  0.0  0.0  0.0  7.8  0.0  0.0  0.0  7.8  0.0  0.0
  0.0  7.8  0.0  7.8  0.0  7.8  7.8  7.8  0.0  0.0  0.0  0.0  0.0  0.0  0.0
  0.0  0.0  0.0  0.0  0.0  0.0  0.0 39.1 15.6 15.6 23.4  0.0 31.3  0.0  0.0
  0.0 15.6  0.0  0.0  0.0  7.8  0.0  7.8  7.8  0.0  7.8  0.0  0.0  0.0  0.0
    -16.71     -4.78     -1.02     -4.75     17.09  0.0  0.0  0.0  0.0  0.0
                                      t000293_s4_p5_qjpp.txt 23.8  5.2  145
  6.9  0.0  0.0 62.1  0.0  0.0  0.0  0.0  0.0 13.8  0.0  6.9  0.0  0.0  0.0
  6.9  0.0  6.9  0.0  0.0  0.0344.8151.7 48.3 20.7  0.0 13.8  6.9  0.0  0.0
  0.0  0.0  0.0  0.0  0.0 34.5  6.9  0.0  0.0  0.0  0.0  6.9 13.8 13.8  0.0
  6.9 20.7  6.9  6.9  6.9  6.9 27.6 20.7  0.0  0.0 75.9  0.0  0.0 89.7  6.9
  6.9  0.0  0.0  0.0  0.0  0.0  0.0  0.0  0.0  0.0  0.0  0.0  0.0  0.0  0.0
  0.0  0.0  0.0  0.0  0.0  6.9  0.0  0.0  0.0  0.0  0.0  0.0  0.0  0.0  0.0
  0.0  0.0  0.0  0.0  0.0  0.0  0.0  0.0  0.0  0.0  0.0  0.0  0.0  0.0  0.0
  6.9  0.0  0.0  6.9  0.0  0.0  0.0  0.0  0.0  0.0  0.0  0.0  0.0  0.0  0.0
  0.0  0.0  0.0  0.0  0.0  0.0  0.0 34.5 34.5 13.8 13.8 13.8  6.9  0.0  0.0
  0.0  0.0  6.9  0.0  0.0  6.9  6.9  0.0  6.9  6.9  0.0  0.0 13.8  0.0  0.0
    -16.97     -1.12     -0.99     -3.85      9.31  0.0  0.0  0.0  0.0  0.0
                                      t000293_s4_p6_qjpp.txt 16.5  5.3   96
  0.0  0.0  0.0 52.1  0.0  0.0  0.0  0.0  0.0 10.4  0.0  0.0  0.0  0.0  0.0
  0.0  0.0  0.0  0.0  0.0  0.0385.4145.8 52.1  0.0  0.0  0.0  0.0  0.0  0.0
  0.0  0.0  0.0  0.0 10.4 10.4 20.8 20.8 20.8  0.0  0.0  0.0  0.0 10.4  0.0
  0.0  0.0 10.4  0.0  0.0 20.8  0.0 10.4  0.0  0.0 62.5  0.0  0.0 93.8  0.0
  0.0  0.0  0.0  0.0  0.0  0.0  0.0  0.0  0.0  0.0  0.0  0.0  0.0  0.0  0.0
  0.0  0.0  0.0  0.0 10.4  0.0  0.0  0.0  0.0  0.0  0.0  0.0  0.0  0.0  0.0
  0.0  0.0  0.0  0.0  0.0  0.0  0.0  0.0  0.0  0.0  0.0  0.0 10.4  0.0  0.0
 10.4  0.0  0.0 10.4  0.0  0.0  0.0 10.4  0.0  0.0  0.0  0.0  0.0  0.0  0.0
  0.0  0.0  0.0  0.0  0.0  0.0  0.0 52.1 31.3 10.4 20.8  0.0 10.4  0.0 10.4
  0.0  0.0  0.0  0.0  0.0  0.0  0.0 10.4 10.4 20.8  0.0  0.0  0.0 10.4  0.0
    -28.20     -5.73     -2.68      5.08     -2.05  0.0  0.0 10.4  0.0  0.0
                                      t000293_s7_p1_qjpp.txt 30.8  5.3  222
  4.5  0.0  0.0 36.0  0.0  0.0  0.0  0.0  0.0  0.0  0.0  0.0  0.0  0.0  0.0
  0.0  0.0  0.0 13.5  0.0  0.0360.4117.1 72.1 22.5  4.5 18.0  0.0  0.0  0.0
  0.0  9.0  0.0  4.5  0.0 40.5 18.0  0.0  4.5  0.0  0.0  4.5  0.0  4.5  4.5
  4.5  4.5  0.0  4.5  4.5  0.0 27.0 13.5  0.0  0.0 94.6  4.5  0.0103.6  0.0
  4.5  0.0  0.0  0.0  0.0  0.0  0.0  0.0  0.0  0.0  0.0  0.0  0.0  0.0  0.0
  0.0  0.0  0.0  0.0  0.0  0.0  0.0  0.0  0.0  0.0  0.0  0.0  0.0  0.0  0.0
  0.0  0.0  0.0  0.0  0.0  0.0  0.0  0.0  0.0  0.0  0.0  0.0  0.0  0.0  0.0
  0.0  0.0  0.0  0.0  0.0  0.0  0.0  0.0  0.0  0.0  0.0  0.0  0.0  0.0  0.0
  0.0  0.0  0.0  0.0  0.0  0.0  0.0 22.5 22.5  4.5 27.0  9.0  0.0  4.5 13.5
  0.0  0.0  4.5  0.0  0.0  4.5  0.0  4.5 27.0  4.5  0.0 13.5  9.0 18.0  0.0
    -26.36     -1.32      0.72     -3.35      1.97  0.0  0.0  0.0  0.0  0.0
                                      t000293_s7_p2_qjpp.txt 17.3  5.2  106
  0.0  0.0  0.0 47.2  0.0  0.0  0.0  0.0  9.4  0.0  0.0  0.0  0.0  0.0  0.0
  0.0  0.0  0.0  9.4  0.0  0.0273.6132.1 84.9  9.4  0.0 18.9  0.0  0.0  9.4
  0.0  0.0  0.0  0.0  0.0 28.3 28.3  9.4  9.4  0.0  0.0 18.9  9.4 37.7  9.4
  0.0  0.0  0.0  0.0  0.0  9.4  9.4 47.2  0.0  9.4122.6  9.4  0.0 84.9  9.4
  9.4  0.0  0.0  0.0  0.0  0.0  0.0  0.0  0.0  0.0  0.0  0.0  0.0  0.0  0.0
  0.0  0.0  0.0  0.0  0.0  0.0  0.0  0.0  0.0  0.0  0.0  0.0  9.4  0.0  0.0
  0.0  0.0  0.0  0.0  0.0  0.0  0.0  0.0  0.0  0.0  0.0  0.0  0.0  0.0  0.0
  0.0  0.0  9.4  9.4  0.0  0.0  0.0  0.0  0.0  0.0  0.0  0.0  0.0  0.0  0.0
  0.0  0.0  0.0  0.0  0.0  0.0  0.0 18.9 28.3 18.9 18.9  9.4  0.0  0.0  0.0
  0.0  0.0  0.0  0.0  0.0  0.0  0.0 28.3  9.4  9.4  0.0  0.0  9.4  0.0  0.0
    -25.51     -1.79      4.08      6.23     15.24  0.0  0.0  0.0  0.0  0.0
                                      t000293_s7_p3_qjpp.txt 24.0  5.6  158
  0.0  0.0  0.0 44.3  0.0  0.0  0.0  0.0  0.0 12.7  0.0  0.0  0.0  0.0  0.0
  0.0  0.0  0.0  6.3  0.0  0.0341.8139.2 75.9 19.0  0.0  6.3  0.0  0.0  0.0
  0.0  6.3  0.0  0.0  0.0 19.0 25.3  0.0  6.3  6.3  0.0  6.3  0.0 12.7  0.0
 25.3  0.0  0.0  0.0  6.3  0.0 19.0 38.0  0.0  0.0 94.9  0.0  0.0113.9  0.0
  6.3  0.0  0.0  0.0  0.0  0.0  0.0  0.0  0.0  0.0  0.0  0.0  0.0  0.0  0.0
  0.0  0.0  0.0  0.0  0.0  0.0  0.0  0.0  0.0  0.0  0.0  0.0  0.0  0.0  0.0
  0.0  6.3  0.0  0.0  0.0  0.0  0.0  0.0  0.0  0.0  6.3  0.0  0.0  0.0  0.0
  0.0  0.0  0.0  0.0  6.3  0.0  6.3  6.3  0.0  0.0  0.0  0.0  0.0  0.0  0.0
  0.0  0.0  0.0  0.0  0.0  0.0  0.0  6.3 44.3  6.3 38.0 31.6  6.3  0.0  0.0
  0.0  0.0  6.3  0.0  0.0  0.0  0.0 12.7  6.3  6.3  0.0  0.0  6.3  0.0  0.0
    -27.34     -3.89      2.24      0.84      6.46  0.0  0.0  0.0  0.0  0.0
                                      t000294_s1_p1_qjpp.txt 30.3  5.3  195
 20.5  0.0  0.0 66.7  0.0  0.0  0.0  5.1  0.0  5.1  5.1  0.0  0.0  0.0  0.0
  0.0  0.0  0.0  5.1  5.1  0.0348.7133.3 71.8 10.3 15.4  0.0  0.0  0.0  0.0
  5.1 10.3  0.0  5.1  0.0 56.4 10.3  0.0  0.0  0.0  0.0  0.0 15.4  0.0  0.0
  5.1  0.0  5.1  5.1 10.3  0.0 15.4  5.1  5.1  5.1102.6 15.4  0.0107.7 15.4
  5.1  0.0  0.0  0.0  0.0  0.0  0.0  0.0  0.0  0.0  0.0  0.0  0.0  0.0  0.0
  0.0  0.0  0.0  0.0  0.0  0.0  5.1  0.0  0.0  0.0  0.0  0.0  0.0  0.0  0.0
  0.0  0.0  0.0  5.1  0.0  0.0  0.0  0.0  0.0  0.0  0.0  0.0  0.0  0.0  0.0
  5.1  0.0  0.0  5.1  5.1  0.0  5.1  0.0  0.0  0.0  0.0  0.0  0.0  0.0  0.0
  0.0  0.0  0.0  0.0  0.0  0.0  0.0 15.4 25.6  0.0 25.6  5.1 20.5  0.0  0.0
  5.1  0.0  0.0  0.0  0.0 10.3  0.0  5.1 15.4 25.6  0.0  5.1 20.5  0.0  0.0
    -18.22     -4.71      4.76     -6.61      7.64  0.0  0.0  0.0  0.0  0.0
                                     t000294_s14_p1_qjpp.txt 28.0  4.8  208
  0.0  0.0  0.0 48.1  0.0  0.0  0.0  0.0  0.0  0.0  4.8  0.0  0.0  0.0  0.0
  0.0  0.0  4.8  4.8  0.0  0.0322.1129.8 38.5 33.7  0.0  4.8  0.0  0.0  4.8
  0.0  0.0  0.0  4.8  0.0 28.8 14.4  0.0  0.0  0.0  4.8  4.8  0.0  4.8  0.0
  9.6 14.4  0.0  0.0  4.8  9.6 19.2 14.4  0.0  4.8 48.1  0.0  0.0105.8  0.0
  4.8  0.0  0.0  0.0  0.0  0.0  0.0  0.0  0.0  0.0  0.0  0.0  0.0  0.0  0.0
  0.0  0.0  0.0  0.0  0.0  0.0  0.0  0.0  0.0  0.0  0.0  0.0  4.8  0.0  0.0
  0.0  0.0  0.0  0.0  0.0  0.0  0.0  0.0  0.0  0.0  0.0  0.0  0.0  0.0  0.0
  0.0  0.0  4.8  4.8  0.0  0.0  0.0  0.0  0.0  0.0  0.0  0.0  0.0  0.0  0.0
  0.0  0.0  0.0  0.0  0.0  0.0  0.0  0.0  4.8 33.7 24.0  4.8 33.7 19.2  0.0
  0.0  0.0  0.0  0.0  0.0  0.0  0.0 14.4 14.4  9.6  4.8  0.0 19.2  0.0  0.0
    -22.64     -3.70      0.36     -2.39      0.20  0.0  0.0  0.0  0.0  0.0
                                     t000294_s14_p2_qjpp.txt 12.3  4.3   86
  0.0  0.0  0.0 58.1  0.0  0.0  0.0  0.0 11.6  0.0  0.0  0.0  0.0  0.0  0.0
  0.0  0.0  0.0  0.0  0.0  0.0314.0116.3 23.3 11.6  0.0  0.0  0.0  0.0 11.6
  0.0  0.0  0.0  0.0  0.0 46.5  0.0  0.0 11.6  0.0  0.0  0.0  0.0 11.6 23.3
 11.6  0.0  0.0 11.6  0.0  0.0  0.0 46.5  0.0 11.6 34.9 11.6  0.0 93.0 11.6
  0.0  0.0  0.0  0.0  0.0  0.0  0.0  0.0  0.0  0.0  0.0  0.0  0.0  0.0  0.0
  0.0  0.0  0.0  0.0  0.0  0.0  0.0  0.0  0.0  0.0  0.0  0.0 11.6  0.0  0.0
  0.0  0.0  0.0  0.0  0.0  0.0  0.0  0.0  0.0  0.0 11.6  0.0  0.0  0.0  0.0
  0.0  0.0 11.6 11.6  0.0  0.0  0.0 11.6  0.0  0.0  0.0  0.0  0.0  0.0  0.0
  0.0  0.0  0.0  0.0  0.0  0.0  0.0  0.0  0.0 11.6  0.0 11.6 11.6  0.0  0.0
  0.0  0.0  0.0  0.0  0.0  0.0  0.0 23.3 11.6  0.0  0.0  0.0 11.6 23.3  0.0
    -21.91     -5.35      4.14     -2.85     19.78  0.0  0.0  0.0  0.0  0.0
                                     t000294_s20_p1_qjpp.txt 18.3  4.2  178
  5.6  0.0  0.0 61.8  0.0  0.0  0.0  0.0  0.0  0.0  0.0  0.0  0.0  0.0  0.0
  5.6  0.0  0.0 22.5  0.0  0.0280.9123.6106.7 11.2  0.0  0.0  5.6  0.0  5.6
  0.0 16.9  0.0  0.0  0.0  0.0  0.0  0.0  0.0  0.0  0.0  0.0  0.0 11.2 11.2
 11.2  0.0  0.0 16.9  5.6  0.0 39.3 33.7  0.0  5.6112.4  0.0  0.0 84.3  0.0
  0.0  0.0  0.0  0.0  0.0  0.0  0.0  0.0  0.0  0.0  0.0  0.0  0.0  0.0  0.0
  0.0  0.0  0.0  0.0  0.0  0.0  0.0  0.0  0.0  0.0  0.0  0.0  0.0  0.0  0.0
  0.0  0.0  0.0  0.0  0.0  0.0  0.0  0.0  0.0  0.0  0.0  0.0  0.0  0.0  0.0
  0.0  0.0  0.0  0.0  0.0  0.0  0.0  0.0  0.0  0.0  0.0  0.0  0.0  0.0  0.0
  0.0  0.0  0.0  0.0  0.0  0.0  0.0  0.0 11.2  0.0  5.6  5.6  0.0 22.5  0.0
  0.0  5.6  0.0  0.0  0.0  5.6  0.0 39.3  5.6  5.6  0.0  0.0  5.6  0.0  0.0
    -18.42     -4.32     10.02     -6.61     10.34  0.0  0.0  0.0  0.0  0.0
                                    t000294_s20_p10_qjpp.txt 23.5  4.3  154
 39.0 26.0  0.0123.4  0.0  0.0  0.0  0.0 26.0 32.5  0.0  6.5  0.0  0.0  0.0
  0.0  0.0  6.5 13.0  0.0  0.0266.2110.4 58.4  0.0  0.0  0.0  0.0  0.0  0.0
  0.0  0.0  0.0  0.0  6.5 39.0 13.0  0.0  0.0  0.0  0.0  0.0  0.0  0.0  0.0
  0.0 13.0  0.0  0.0  0.0  6.5 32.5  0.0  0.0  0.0 84.4 26.0  0.0136.4  0.0
  0.0  0.0  0.0  0.0  0.0  0.0  0.0  0.0  0.0  0.0  0.0  0.0  0.0  0.0  0.0
  0.0  0.0  0.0  0.0  0.0  0.0 26.0  0.0  0.0  0.0  0.0  0.0  0.0  0.0  0.0
  0.0  0.0  0.0  6.5  0.0  0.0  0.0  0.0  0.0  0.0  0.0  0.0  0.0  0.0  0.0
 26.0  0.0  0.0 26.0  6.5  0.0  6.5  0.0  0.0  0.0  0.0  0.0  0.0  0.0  0.0
  0.0  0.0  0.0  0.0  0.0  0.0  0.0  0.0 13.0  0.0 13.0  0.0 13.0  6.5  6.5
  0.0  0.0  0.0  0.0  6.5 13.0  0.0 45.5  0.0 32.5  0.0  0.0 13.0 13.0  0.0
      3.26     -5.73     -3.15     -6.61     -3.63  0.0  0.0  0.0  0.0  0.0
                                    t000294_s20_p11_qjpp.txt 20.3  4.3  144
 48.6 20.8  0.0 90.3  0.0  0.0  0.0  0.0 34.7  6.9  0.0  0.0  0.0  6.9  0.0
  0.0  0.0  0.0  6.9  0.0  0.0236.1125.0 76.4 20.8  6.9  0.0  0.0  0.0  6.9
  6.9 13.9  0.0  0.0  0.0 27.8  6.9  0.0  0.0  0.0  0.0  0.0  0.0  0.0  6.9
  0.0  6.9 20.8  6.9  0.0  0.0 27.8  6.9  0.0 13.9 97.2 41.7  0.0118.1  6.9
  0.0  0.0  0.0  0.0  0.0  0.0  0.0  0.0  0.0  0.0  0.0  0.0  0.0  0.0  0.0
  0.0  0.0  0.0  0.0  0.0  0.0 34.7  0.0  0.0  0.0  0.0  0.0  0.0  0.0  0.0
  0.0  0.0  0.0  0.0  0.0  0.0  0.0  0.0  0.0  6.9  0.0  0.0  0.0  0.0  0.0
 34.7  0.0  0.0 34.7  0.0  0.0  6.9  0.0  0.0  0.0  0.0  0.0  0.0  0.0  0.0
  0.0  0.0  0.0  0.0  0.0  0.0  0.0  0.0  0.0  0.0  0.0  0.0  6.9 13.9  0.0
  0.0  6.9  0.0  0.0  0.0  0.0  0.0 13.9  6.9 55.6  0.0  6.9 20.8  6.9  0.0
     -5.50     -4.73     14.32     -6.61      1.72  0.0  0.0  0.0  0.0  0.0
                                    t000294_s20_p12_qjpp.txt 30.5  4.8  196
 15.3  0.0  0.0 56.1  0.0  0.0  0.0  0.0 10.2 10.2  0.0  0.0  0.0  0.0  0.0
 10.2  0.0 10.2 10.2  0.0  0.0280.6127.6 61.2 20.4  0.0  5.1  5.1  0.0  0.0
  0.0 10.2  0.0  5.1  5.1 25.5  5.1  5.1  0.0  0.0  5.1  5.1 10.2 25.5  0.0
  0.0  0.0  5.1  0.0  0.0 20.4 20.4 25.5  0.0  0.0 96.9 10.2  0.0 91.8  5.1
  5.1  0.0  0.0  0.0  0.0  0.0  0.0  0.0  0.0  0.0  0.0  0.0  0.0  0.0  0.0
  0.0  0.0  0.0  0.0  5.1  0.0  0.0  0.0  0.0  0.0  0.0  0.0  0.0  0.0  0.0
  0.0  5.1  0.0  0.0  0.0  0.0  0.0  0.0  0.0  0.0  0.0  0.0  0.0  0.0  0.0
  5.1  0.0  0.0  5.1  5.1  0.0  5.1  0.0  0.0  0.0  0.0  0.0  0.0  0.0  0.0
  0.0  0.0  0.0  0.0  0.0  0.0  0.0  5.1 30.6  0.0 10.2 25.5 15.3  0.0  0.0
  5.1  0.0  0.0  0.0  0.0  5.1  0.0  5.1 10.2 30.6  0.0  5.1  5.1  0.0  0.0
    -12.97     -3.13      0.35     -0.92      6.62  5.1  0.0  0.0  0.0  0.0
                                     t000294_s20_p2_qjpp.txt 19.0  5.0  114
  8.8  0.0  0.0 43.9  0.0  0.0  8.8  0.0  0.0  0.0  0.0  0.0  0.0  0.0  0.0
  0.0  0.0  0.0 17.5  0.0  0.0307.0122.8 61.4  8.8  0.0  0.0  0.0  0.0  8.8
  0.0  8.8  0.0  0.0  0.0 43.9  8.8  0.0  0.0  0.0  0.0  0.0 17.5 17.5  0.0
  0.0  0.0  8.8  8.8  8.8  0.0 26.3 17.5  0.0  8.8105.3  0.0  0.0 61.4  0.0
  0.0  0.0  0.0  0.0  0.0  0.0  0.0  0.0  0.0  0.0  0.0  0.0  0.0  0.0  0.0
  0.0  0.0  0.0  0.0  0.0  0.0  8.8  0.0  0.0  0.0  0.0  0.0  0.0  0.0  0.0
  8.8  0.0  0.0  0.0  0.0  0.0  0.0  0.0  0.0  0.0  0.0  0.0  0.0  0.0  0.0
  8.8  0.0  0.0  8.8  8.8  0.0  8.8  0.0  0.0  0.0  0.0  0.0  0.0  0.0  0.0
  0.0  0.0  0.0  0.0  0.0  0.0  0.0  0.0  0.0  0.0  0.0  0.0  0.0 61.4  0.0
  0.0  8.8  0.0  0.0  0.0  8.8  0.0 17.5  8.8  8.8  0.0  0.0  0.0  0.0  0.0
    -20.23     -5.44      6.12     -6.61     10.00  0.0  0.0  0.0  0.0  0.0
                                     t000294_s20_p3_qjpp.txt 19.5  4.2  139
  7.2  7.2  0.0 93.5  0.0  0.0  0.0  7.2 21.6 14.4  0.0  0.0  0.0  0.0  7.2
  0.0  0.0  0.0  0.0  0.0  0.0259.0122.3 57.6 21.6  7.2  0.0  7.2  0.0  0.0
  0.0 14.4  0.0  0.0  0.0 64.7 14.4  0.0  0.0  0.0  0.0  0.0 21.6  0.0  7.2
 21.6  7.2  0.0  0.0  7.2  0.0 21.6 28.8  0.0  0.0 64.7 28.8  0.0158.3  0.0
  7.2  0.0  0.0  0.0  0.0  0.0  0.0  0.0  0.0  0.0  0.0  0.0  0.0  0.0  0.0
  0.0  0.0  0.0  0.0  0.0  0.0  7.2  0.0  0.0  0.0  0.0  0.0  7.2  0.0  0.0
  0.0 14.4  0.0  0.0  0.0  0.0  0.0  0.0  0.0  0.0  0.0  0.0  7.2  0.0  0.0
  7.2  0.0  7.2 14.4 14.4  0.0 14.4  7.2  0.0  0.0  0.0  0.0  0.0  0.0  0.0
  0.0  0.0  0.0  0.0  0.0  0.0  0.0  7.2  7.2  0.0  0.0  7.2  7.2 36.0  0.0
  0.0  0.0  0.0  0.0  0.0 14.4  0.0 28.8 14.4 21.6  0.0  0.0  7.2  0.0  0.0
     -9.19     -3.37      2.62     -6.61     22.36  0.0  0.0  0.0  0.0  0.0
                                     t000294_s20_p4_qjpp.txt 25.8  4.5  190
 10.5  0.0  0.0 42.1  0.0  0.0  0.0  0.0  0.0  0.0  5.3  0.0  0.0  0.0  0.0
  0.0  0.0  5.3  5.3  0.0  0.0300.0152.6 47.4 10.5  5.3  5.3  0.0  0.0 10.5
  0.0 10.5  0.0  5.3  5.3 36.8  0.0  0.0  0.0  0.0  0.0  5.3  0.0 10.5 10.5
 15.8 10.5  0.0  0.0  0.0  5.3 26.3 36.8  0.0 10.5 73.7  5.3  0.0 84.2 10.5
 15.8  0.0  0.0  0.0  0.0  0.0  0.0  0.0  0.0  0.0  0.0  0.0  0.0  0.0  0.0
  0.0  0.0  0.0  0.0  0.0  0.0  0.0  0.0  0.0  0.0  0.0  0.0 10.5  0.0  0.0
  0.0  0.0  0.0  0.0  0.0  0.0  0.0  0.0  0.0  0.0  0.0  0.0  0.0  0.0  0.0
  0.0  0.0 10.5 10.5  0.0  0.0  0.0  0.0  0.0  0.0  0.0  0.0  0.0  0.0  0.0
  0.0  0.0  0.0  0.0  0.0  0.0  0.0 10.5 21.1 10.5 15.8  5.3  5.3 21.1  0.0
  0.0  0.0  0.0  0.0  0.0  0.0  0.0 36.8  5.3  0.0  0.0  0.0  5.3  5.3  0.0
    -21.52     -4.14      4.99     -4.50     11.16  0.0  0.0  0.0  0.0  0.0
                                     t000294_s20_p5_qjpp.txt 19.8  4.3  143
 14.0  0.0  0.0 35.0  0.0  0.0  0.0  7.0 21.0  0.0  0.0  0.0  0.0  7.0  7.0
  0.0  0.0  0.0  7.0  0.0  0.0272.7160.8 42.0 28.0  0.0  0.0  0.0  0.0  7.0
  0.0  7.0  0.0  0.0  7.0 55.9  0.0  0.0  0.0  0.0  0.0 14.0  7.0 14.0  7.0
  0.0 14.0  0.0  0.0  0.0  0.0 28.0 21.0  0.0  7.0 62.9 21.0  0.0 55.9  0.0
  0.0  0.0  0.0  0.0  0.0  0.0  0.0  0.0  0.0  0.0  0.0  0.0  0.0  0.0  0.0
  0.0  0.0  0.0  0.0  0.0  0.0  0.0  0.0  0.0  0.0  0.0  0.0 14.0  0.0  0.0
  0.0  0.0  0.0  0.0  0.0  0.0  0.0  0.0  0.0  0.0  0.0  0.0  7.0  0.0  0.0
  0.0  0.0 14.0 14.0  0.0  0.0  0.0  7.0  0.0  0.0  0.0  0.0  0.0  0.0  0.0
  0.0  0.0  0.0  0.0  0.0  0.0  0.0  0.0 14.0 14.0  0.0  0.0 14.0 28.0  0.0
  0.0  7.0  0.0  0.0  0.0  0.0  0.0 21.0  7.0 14.0  0.0  7.0 14.0  0.0  0.0
    -10.58     -4.81      1.82     -1.01      8.24  0.0  0.0  0.0  0.0  0.0
                                     t000294_s20_p6_qjpp.txt 29.3  4.7  266
 30.1  7.5  0.0120.3  0.0  3.8  0.0  3.8 22.6  7.5  3.8  0.0  0.0  0.0  0.0
  7.5  0.0  0.0  7.5  0.0  0.0278.2112.8 56.4 15.0 11.3  0.0  7.5  0.0  7.5
  3.8  3.8  0.0  3.8  3.8 41.4 11.3  0.0  3.8  0.0  0.0  0.0 11.3  0.0  0.0
  7.5  3.8 15.0  3.8  7.5  0.0 15.0  7.5  0.0 11.3 94.0 33.8  0.0154.1  0.0
  3.8  0.0  0.0  0.0  0.0  0.0  0.0  0.0  0.0  0.0  0.0  0.0  0.0  0.0  0.0
  0.0  0.0  0.0  7.5  0.0  3.8  7.5  0.0  0.0  0.0  0.0  0.0  0.0  0.0  0.0
  0.0  7.5  0.0  0.0  0.0  0.0  0.0  0.0  0.0  0.0  0.0  0.0  0.0  0.0  0.0
 18.8  0.0  0.0 18.8  7.5  0.0  7.5  0.0  0.0  0.0  0.0  0.0  0.0  0.0  0.0
  0.0  0.0  0.0  0.0  0.0  0.0  0.0  3.8 26.3  0.0  3.8  0.0  0.0 26.3  0.0
  0.0  0.0  0.0  0.0  0.0  3.8  0.0  7.5 18.8 45.1  0.0  3.8  7.5  3.8  0.0
     -8.81     -3.34      5.01     -5.39      5.85  0.0  0.0  0.0  0.0  0.0
                                     t000294_s20_p7_qjpp.txt 21.8  4.9  140
  7.1  7.1  0.0 85.7  0.0  0.0  0.0  0.0  0.0  0.0  0.0  0.0  0.0  0.0  0.0
  0.0  0.0  7.1  7.1  0.0  0.0328.6114.3 64.3 14.3 21.4  0.0  7.1  0.0  0.0
  0.0 14.3  0.0  0.0  7.1 14.3  0.0  0.0  0.0  0.0  0.0  0.0  0.0 14.3  0.0
  0.0  0.0 14.3 14.3  0.0  7.1 21.4 14.3  0.0  0.0 78.6 21.4  0.0100.0  0.0
  0.0  0.0  0.0  0.0  0.0  0.0  0.0  0.0  0.0  0.0  0.0  0.0  0.0  0.0  0.0
  0.0  0.0  0.0 14.3  0.0  7.1  0.0  0.0  0.0  0.0  0.0  0.0  0.0  0.0  0.0
  7.1  0.0  0.0  0.0  0.0  0.0  0.0  0.0  0.0  0.0  0.0  0.0  0.0  0.0  0.0
 21.4  0.0  0.0 21.4  7.1  0.0  7.1  0.0  0.0  0.0  0.0  0.0  0.0  0.0  0.0
  0.0  0.0  0.0  0.0  0.0  0.0  0.0  7.1  7.1  0.0  7.1  0.0 28.6 14.3  0.0
  0.0  0.0  0.0  0.0  0.0  7.1  0.0 28.6  7.1  7.1  0.0  0.0  7.1  0.0  0.0
    -19.77     -2.98      3.35     -6.61     -1.46  0.0  0.0  0.0  0.0  0.0
                                     t000294_s20_p8_qjpp.txt 18.8  4.4  122
  0.0  0.0  0.0 65.6  0.0  0.0  0.0  8.2  8.2  8.2  0.0  8.2  0.0  0.0  0.0
  8.2  0.0  0.0  8.2  0.0  0.0254.1114.8114.8 16.4  0.0  0.0  0.0  0.0  0.0
  0.0 16.4  0.0  0.0  0.0 16.4  0.0  0.0  0.0  0.0  8.2  0.0  8.2  8.2 16.4
  0.0 24.6  0.0  0.0  0.0  8.2 57.4 24.6  0.0  0.0131.1  8.2  0.0 82.0  0.0
  0.0  0.0  0.0  0.0  0.0  0.0  0.0  0.0  0.0  0.0  0.0  0.0  0.0  0.0  0.0
  0.0  0.0  0.0  0.0  0.0  0.0  0.0  0.0  0.0  0.0  0.0  0.0  0.0  0.0  0.0
  0.0  0.0  0.0  0.0  0.0  0.0  0.0  0.0  0.0  0.0  0.0  0.0  0.0  0.0  0.0
  0.0  0.0  0.0  0.0  0.0  0.0  0.0  0.0  0.0  0.0  0.0  0.0  0.0  0.0  0.0
  0.0  0.0  0.0  0.0  0.0  0.0  0.0  0.0  8.2  0.0  0.0  8.2 16.4  0.0  0.0
  0.0  0.0  0.0  0.0  0.0  8.2  0.0  8.2  8.2  0.0  0.0 16.4  8.2  0.0  0.0
    -12.53     -5.19      6.11     -2.70     15.35  0.0  0.0  0.0  0.0  0.0
                                     t000294_s20_p9_qjpp.txt 10.8  4.8   61
 16.4  0.0  0.0 65.6  0.0  0.0  0.0  0.0 16.4  0.0  0.0  0.0  0.0  0.0  0.0
  0.0  0.0  0.0  0.0  0.0  0.0311.5114.8 49.2 16.4  0.0  0.0 16.4  0.0  0.0
  0.0  0.0  0.0  0.0  0.0 16.4  0.0  0.0  0.0  0.0  0.0  0.0  0.0  0.0  0.0
  0.0  0.0 16.4  0.0  0.0  0.0  0.0  0.0  0.0  0.0131.1 16.4  0.0 82.0  0.0
  0.0  0.0  0.0  0.0  0.0  0.0  0.0  0.0  0.0  0.0  0.0  0.0  0.0  0.0  0.0
  0.0  0.0  0.0  0.0  0.0  0.0 16.4  0.0  0.0  0.0  0.0  0.0  0.0  0.0  0.0
  0.0  0.0  0.0  0.0  0.0  0.0  0.0  0.0  0.0  0.0  0.0  0.0  0.0  0.0  0.0
 16.4  0.0  0.0 16.4  0.0  0.0  0.0  0.0  0.0  0.0  0.0  0.0  0.0  0.0  0.0
  0.0  0.0  0.0  0.0  0.0  0.0  0.0  0.0  0.0  0.0  0.0 16.4  0.0 49.2  0.0
  0.0  0.0  0.0  0.0  0.0  0.0  0.0  0.0  0.0 16.4  0.0 16.4  0.0  0.0  0.0
    -22.50     -2.15      0.04     -6.61     -3.63  0.0  0.0  0.0  0.0  0.0
                                      t000294_s4_p1_qjpp.txt 30.8  5.2  241
 16.6  0.0  0.0 37.3  0.0  0.0  0.0  0.0  0.0  0.0  0.0  0.0  0.0  0.0  0.0
  4.1  0.0  0.0  4.1  0.0  0.0344.4145.2 83.0 24.9  0.0  0.0  0.0  0.0  0.0
  4.1  8.3  0.0  0.0  4.1 45.6 12.4  0.0  0.0  0.0  0.0  0.0  4.1  8.3  4.1
  8.3  8.3  0.0  0.0  4.1  0.0 20.7 20.7  0.0  4.1 99.6  0.0  0.0 99.6  8.3
  0.0  0.0  0.0  0.0  0.0  0.0  0.0  0.0  0.0  0.0  0.0  0.0  0.0  0.0  0.0
  0.0  0.0  0.0  0.0  0.0  0.0  8.3  0.0  0.0  0.0  0.0  0.0  0.0  0.0  0.0
  4.1  0.0  0.0  8.3  0.0  0.0  0.0  0.0  0.0  0.0  0.0  0.0  0.0  0.0  0.0
  8.3  0.0  0.0  8.3 12.4  0.0 12.4  0.0  0.0  0.0  0.0  0.0  0.0  0.0  0.0
  0.0  0.0  0.0  0.0  0.0  0.0  0.0  0.0 16.6  0.0 12.4 12.4  8.3 12.4  0.0
  0.0  4.1  0.0  0.0  0.0 12.4  0.0 20.7 16.6 16.6  0.0  0.0 24.9  0.0  0.0
    -26.34     -4.91      4.01     -6.61      6.09  0.0  0.0  0.0  0.0  0.0
                                      t000294_s4_p2_qjpp.txt 29.5  5.4  204
 19.6  4.9  0.0 68.6  0.0  0.0  0.0  0.0  0.0  0.0  4.9  0.0  0.0  0.0  0.0
  0.0  0.0 34.3  9.8  0.0  0.0284.3127.5 63.7 24.5 19.6  0.0  4.9  0.0  9.8
  0.0  0.0  0.0  4.9  0.0 29.4 29.4  0.0  4.9  0.0  0.0  0.0  9.8  4.9  4.9
  4.9  4.9  4.9  4.9  9.8 34.3 14.7 14.7  0.0  9.8 88.2 19.6  4.9142.2  4.9
  9.8  0.0  0.0  0.0  0.0  0.0  0.0  0.0  0.0  0.0  0.0  0.0  0.0  0.0  0.0
  0.0  0.0  0.0  4.9  0.0  4.9  9.8  0.0  0.0  0.0  0.0  0.0  0.0  0.0  9.8
  4.9  0.0  0.0  0.0  0.0  0.0  0.0  0.0  0.0  0.0  0.0  0.0  0.0  0.0  0.0
 19.6  0.0  0.0 19.6 14.7  0.0 14.7  0.0  0.0  0.0  0.0  0.0  0.0  0.0  0.0
  0.0  0.0  0.0  0.0  0.0  0.0  0.0  0.0  0.0  9.8 24.5  0.0  9.8  0.0  0.0
  0.0  0.0  0.0  0.0  0.0 24.5  0.0 39.2  9.8 29.4  0.0  0.0 14.7  0.0  0.0
    -11.07     -3.14      2.80     -5.02      8.60  9.8  0.0  4.9  0.0  0.0
                                      t000294_s4_p3_qjpp.txt 27.3  5.2  143
  7.0  0.0  0.0 42.0  0.0  0.0  0.0  0.0  0.0  0.0  0.0  0.0  0.0  0.0  0.0
  0.0  0.0 14.0  0.0  0.0  0.0307.7132.9111.9 28.0  0.0  0.0  0.0  0.0  0.0
  7.0  7.0  0.0  0.0  0.0 42.0  7.0  0.0  7.0  0.0  0.0  0.0  7.0 14.0  0.0
  7.0 14.0 14.0  0.0 14.0 14.0 21.0 21.0  0.0  7.0153.8  0.0  0.0104.9 14.0
  7.0  0.0  0.0  0.0  0.0  0.0  0.0  0.0  0.0  0.0  0.0  0.0  0.0  0.0  0.0
  0.0  0.0  0.0  0.0  0.0  7.0  0.0  0.0  0.0  0.0  0.0  0.0  7.0  0.0  0.0
  0.0  0.0  0.0  0.0  0.0  0.0  0.0  0.0  0.0  0.0  0.0  0.0  0.0  0.0  0.0
  7.0  0.0  7.0 14.0  0.0  0.0  0.0  0.0  0.0  0.0  0.0  0.0  0.0  0.0  0.0
  0.0  0.0  0.0  0.0  0.0  0.0  0.0  0.0 35.0  7.0 14.0  7.0 21.0  0.0  0.0
  0.0  0.0  0.0  0.0  0.0  0.0  7.0  7.0 14.0 14.0  0.0  0.0  0.0  0.0  0.0
    -25.68     -4.81      7.54     -4.35      5.12  7.0  7.0  0.0  0.0  0.0
                                      t000294_s8_p1_qjpp.txt 23.8  5.0  142
  0.0  0.0  0.0 49.3  0.0  0.0  0.0  0.0  0.0  0.0  0.0  0.0  0.0  0.0  0.0
  0.0  0.0 21.1 21.1  0.0  0.0302.8133.8 63.4 14.1 14.1  7.0  0.0  0.0  7.0
  0.0  0.0  0.0  0.0  0.0 49.3  7.0  0.0  0.0  0.0  0.0  7.0  7.0  7.0  0.0
  0.0  0.0  7.0  0.0  0.0 21.1 21.1  7.0  0.0  7.0 84.5 14.1  0.0 70.4  0.0
  7.0  0.0  0.0  0.0  0.0  0.0  0.0  0.0  0.0  0.0  0.0  0.0  0.0  0.0  0.0
  0.0  0.0  0.0  0.0  0.0  7.0  0.0  0.0  0.0  0.0  0.0  0.0  0.0  0.0  0.0
  0.0  0.0  0.0  0.0  0.0  0.0  0.0  0.0  0.0  0.0  0.0  0.0  7.0  0.0  0.0
  7.0  0.0  0.0  7.0  0.0  0.0  0.0  7.0  0.0  0.0  0.0  0.0  0.0  0.0  0.0
  0.0  0.0  0.0  0.0  0.0  0.0  0.0  0.0 28.2  7.0 14.1  0.0  0.0  0.0  7.0
  0.0  0.0  0.0  0.0  0.0  7.0  0.0 21.1  7.0  0.0  7.0  0.0  0.0  0.0  0.0
    -16.51     -3.28      1.69     -3.79      1.84  0.0  0.0  7.0  0.0  0.0
                                      t000294_s8_p2_qjpp.txt 29.5  4.9  345
  8.7  0.0  0.0 49.3  2.9  0.0  0.0  2.9  2.9  8.7  0.0  0.0  0.0  0.0  0.0
  0.0  0.0  2.9 17.4  0.0  0.0318.8133.3 40.6 26.1  8.7 11.6  5.8  0.0  5.8
  0.0  0.0  0.0  0.0  0.0 49.3  5.8  2.9  0.0  2.9  0.0  0.0  5.8  0.0  0.0
  5.8  5.8  8.7  0.0 11.6  5.8 26.1  5.8  0.0  5.8 87.0 14.5  5.8 98.6  0.0
  5.8  2.9  0.0  0.0  0.0  0.0  0.0  0.0  0.0  0.0  0.0  0.0  0.0  0.0  0.0
  0.0  0.0  0.0  2.9  0.0  5.8  0.0  0.0  2.9  0.0  0.0  0.0  0.0  0.0  0.0
  0.0  0.0  0.0  2.9  2.9  0.0  0.0  0.0  0.0  0.0  0.0  0.0  0.0  0.0  0.0
  8.7  2.9  0.0 11.6  2.9  2.9  5.8  0.0  0.0  0.0  0.0  0.0  0.0  0.0  0.0
  0.0  0.0  0.0  0.0  0.0  0.0  0.0  2.9 14.5  0.0  8.7  0.0  5.8  2.9  0.0
  0.0  0.0  0.0  0.0  0.0 11.6  0.0 11.6  8.7 17.4  0.0  0.0  8.7  2.9  0.0
    -18.40     -1.18      1.07     -4.60      1.87  0.0  0.0  0.0  0.0  0.0
                                      t000294_s8_p3_qjpp.txt 32.0  4.7  263
  7.6  0.0  0.0 60.8  0.0  7.6  3.8  3.8  3.8  0.0  0.0  0.0  0.0  0.0  0.0
  0.0  0.0  3.8  7.6  0.0  0.0342.2117.9 64.6 15.2  3.8  7.6  0.0  0.0  3.8
  0.0  0.0  0.0  0.0  0.0 19.0  3.8  3.8  3.8  0.0  0.0  0.0  3.8  3.8  0.0
 11.4  0.0  7.6  7.6  3.8  7.6  7.6 15.2  0.0  3.8102.7  7.6  3.8110.3  7.6
  7.6  0.0  0.0  0.0  0.0  0.0  0.0  0.0  0.0  0.0  0.0  0.0  0.0  0.0  0.0
  0.0  0.0  0.0  3.8  0.0  7.6  0.0  0.0  0.0  0.0  0.0  0.0  0.0  0.0  0.0
  0.0  0.0  3.8  0.0  0.0  3.8  0.0  0.0  0.0  0.0  0.0  0.0  3.8  0.0  0.0
 11.4  0.0  0.0 11.4  3.8  3.8  7.6  3.8  0.0  0.0  0.0  0.0  0.0  0.0  0.0
  0.0  0.0  0.0  0.0  0.0  0.0  0.0  7.6 38.0 11.4  3.8  3.8 22.8  3.8  0.0
  3.8  0.0  0.0  0.0  3.8 22.8  0.0 19.0  7.6 15.2  0.0  3.8  0.0  3.8  0.0
    -18.98     -3.60      1.79     -4.47      3.01  0.0  0.0  3.8  0.0  0.0
                                      t000294_s8_p4_qjpp.txt 24.3  5.0  140
  7.1  0.0  0.0 35.7  0.0  0.0  0.0  0.0  0.0  0.0  0.0  0.0  0.0  7.1  0.0
  0.0  0.0  0.0  0.0  0.0  0.0314.3128.6 92.9 35.7 14.3  0.0  0.0  0.0  7.1
  7.1  0.0  0.0  0.0  0.0 14.3 21.4  0.0  0.0  0.0  0.0  0.0  0.0 14.3  7.1
 14.3  0.0  0.0  0.0  0.0  0.0  0.0 35.7  0.0 14.3 92.9 14.3  0.0114.3  0.0
  0.0  0.0  0.0  0.0  0.0  0.0  0.0  0.0  0.0  0.0  0.0  0.0  0.0  0.0  0.0
  0.0  0.0  0.0  0.0  7.1  0.0  0.0  0.0  0.0  0.0  0.0  0.0  0.0  0.0  0.0
  0.0  0.0  7.1  0.0  0.0  0.0  0.0  0.0  0.0  0.0  0.0  0.0  0.0  0.0  0.0
  7.1  0.0  0.0  7.1  7.1  0.0  7.1  0.0  0.0  0.0  0.0  0.0  0.0  0.0  0.0
  0.0  0.0  0.0  0.0  0.0  0.0  0.0 21.4 28.6  7.1  7.1 14.3  7.1  7.1  0.0
  0.0  0.0  7.1  0.0  0.0  7.1  7.1 35.7 14.3  7.1  7.1  0.0  7.1  0.0  0.0
    -24.82     -3.92     10.23     -6.61      8.64  0.0  0.0  0.0  0.0  0.0
                                      t000294_s8_p5_qjpp.txt 16.0  4.7  109
  0.0  0.0  0.0 64.2  0.0  9.2  0.0  0.0  0.0  9.2  0.0  0.0  0.0  0.0  0.0
  0.0  0.0  0.0 18.3  0.0  0.0275.2100.9 82.6  9.2  0.0  9.2  0.0  0.0  0.0
  0.0 18.3  0.0  0.0  0.0 36.7  9.2  0.0  0.0  0.0  0.0  0.0  0.0  0.0  9.2
  9.2  9.2  0.0  0.0  0.0  0.0 45.9 18.3  0.0  0.0100.9  0.0  0.0100.9  0.0
  9.2  0.0  0.0  0.0  0.0  0.0  0.0  0.0  0.0  0.0  0.0  0.0  0.0  0.0  0.0
  0.0  0.0  0.0  0.0  0.0  0.0  0.0  0.0  0.0  0.0  0.0  0.0  0.0  0.0  0.0
  0.0  0.0  0.0  0.0  0.0  0.0  0.0  0.0  0.0  0.0  9.2  0.0  0.0  0.0  0.0
  0.0  0.0  0.0  0.0  0.0  0.0  0.0  9.2  0.0  0.0  0.0  0.0  0.0  0.0  0.0
  0.0  0.0  0.0  0.0  0.0  0.0  0.0  9.2  9.2  0.0  0.0  0.0  9.2  0.0  0.0
  0.0  0.0  0.0  0.0  0.0  0.0  0.0 27.5  9.2  0.0  0.0  0.0 18.3  0.0  0.0
    -16.88     -3.66      5.68     -6.61      6.39  0.0  0.0  0.0  0.0  0.0
                                      t000295_s1_p1_qjpp.txt 29.3  5.7  200
  5.0  0.0  0.0 50.0  0.0  0.0  5.0  0.0  0.0  5.0  0.0  0.0  0.0  0.0  0.0
  0.0  0.0  0.0 15.0  0.0  0.0425.0105.0105.0 15.0 10.0  0.0  0.0  0.0  0.0
  0.0  0.0  0.0  0.0  0.0 15.0 10.0  0.0  0.0  0.0  0.0  0.0  5.0  5.0  5.0
  0.0  5.0  0.0  0.0 15.0  0.0 20.0 10.0  0.0  0.0135.0 10.0  5.0 80.0  0.0
  0.0  0.0  0.0  0.0  0.0  0.0  0.0  0.0  0.0  0.0  0.0  0.0  0.0  0.0  0.0
  0.0  0.0  0.0  0.0  0.0  0.0  0.0  0.0  0.0  0.0  0.0  0.0  0.0  0.0  0.0
  0.0  5.0  0.0  0.0  0.0  0.0  0.0  0.0  0.0  0.0  0.0  0.0  0.0  0.0  0.0
  0.0  0.0  0.0  0.0  5.0  0.0  5.0  0.0  0.0  0.0  0.0  0.0  0.0  0.0  0.0
  0.0  0.0  0.0  0.0  0.0  0.0  0.0  0.0 15.0  0.0 30.0  5.0 10.0  5.0  0.0
  0.0  0.0  0.0  0.0  0.0  0.0  0.0 20.0  0.0  5.0  5.0  0.0  0.0  0.0  0.0
    -27.74     -4.79      0.12     -6.61      4.10  0.0  5.0  0.0  0.0  0.0
                                     t000295_s11_p1_qjpp.txt  4.8  5.1   21
  0.0  0.0  0.0 95.2  0.0  0.0  0.0  0.0  0.0  0.0  0.0  0.0  0.0  0.0  0.0
  0.0  0.0 47.6  0.0  0.0  0.0285.7142.9 95.2  0.0  0.0  0.0  0.0  0.0  0.0
  0.0 47.6  0.0  0.0  0.0 47.6  0.0  0.0  0.0  0.0  0.0  0.0  0.0 95.2  0.0
  0.0  0.0  0.0  0.0  0.0 47.6 47.6 95.2  0.0  0.0190.5  0.0  0.0 95.2  0.0
 47.6  0.0  0.0  0.0  0.0  0.0  0.0  0.0  0.0  0.0  0.0  0.0  0.0  0.0  0.0
  0.0  0.0  0.0  0.0  0.0  0.0  0.0  0.0  0.0  0.0  0.0  0.0  0.0  0.0  0.0
  0.0  0.0  0.0  0.0  0.0  0.0  0.0  0.0  0.0  0.0  0.0  0.0  0.0  0.0  0.0
  0.0  0.0  0.0  0.0  0.0  0.0  0.0  0.0  0.0  0.0  0.0  0.0  0.0  0.0  0.0
  0.0  0.0  0.0  0.0  0.0  0.0  0.0  0.0  0.0  0.0  0.0  0.0  0.0  0.0  0.0
  0.0  0.0  0.0  0.0  0.0  0.0  0.0 47.6  0.0  0.0  0.0  0.0 47.6  0.0  0.0
    -13.79     -5.73     15.90     -6.61     10.80  0.0  0.0  0.0  0.0  0.0
                                     t000295_s11_p2_qjpp.txt 25.3  4.8  176
 17.0  0.0  0.0 79.5  0.0  0.0 17.0  0.0  0.0  5.7  0.0  0.0  0.0  0.0  0.0
  0.0  0.0  0.0  0.0  0.0  0.0318.2 79.5102.3 11.4 11.4 22.7  0.0  0.0  0.0
  0.0  0.0  0.0  0.0  0.0 22.7  0.0 11.4  0.0  5.7  0.0  0.0  5.7  0.0  0.0
  0.0 17.0 22.7  0.0  5.7 11.4 22.7  0.0  0.0  0.0136.4 11.4  0.0113.6  0.0
  0.0  0.0  0.0  0.0  0.0  0.0  0.0  0.0  0.0  0.0  0.0  0.0  0.0  0.0  0.0
  0.0  0.0  0.0  0.0  0.0 17.0  5.7  0.0  0.0  0.0  0.0  0.0  0.0  0.0  0.0
  0.0  0.0  0.0  0.0  0.0  0.0  0.0  0.0  0.0  0.0  5.7  0.0  0.0  0.0  0.0
 22.7  0.0  0.0 22.7  0.0  0.0  0.0  5.7  0.0  0.0  0.0  0.0  0.0  0.0  0.0
  0.0  0.0  0.0  0.0  0.0  0.0  0.0  0.0 11.4 11.4 17.0  5.7  0.0 11.4  0.0
  0.0  0.0  0.0  0.0  0.0  0.0  0.0  5.7  0.0 28.4  0.0  5.7 28.4  0.0  0.0
    -19.90     -0.48     -0.32     -1.32     -0.08  0.0  0.0  0.0  0.0  0.0
                                     t000295_s11_p3_qjpp.txt 27.0  4.2  268
 18.7  0.0  0.0 52.2  0.0  0.0  3.7  3.7  7.5  7.5  0.0  0.0  0.0  0.0  0.0
  7.5  0.0  0.0 11.2  0.0  0.0354.5 74.6 48.5 26.1  0.0  3.7  3.7  0.0  3.7
  0.0  0.0  0.0  0.0  3.7 14.9 14.9  0.0  0.0  0.0  0.0  3.7  7.5  7.5  0.0
  0.0  0.0 11.2  0.0  0.0  0.0 11.2  7.5  0.0  3.7 52.2  7.5  0.0100.7  0.0
  0.0  0.0  0.0  0.0  0.0  0.0  0.0  0.0  0.0  0.0  0.0  0.0  0.0  0.0  0.0
  0.0  0.0  0.0  0.0  0.0  7.5  3.7  0.0  0.0  0.0  0.0  0.0  0.0  0.0  0.0
  0.0  0.0  0.0 11.2  0.0  0.0  0.0  0.0  0.0  0.0  0.0  0.0  3.7  0.0  0.0
 11.2  0.0  0.0 11.2 11.2  0.0 11.2  3.7  0.0  0.0  0.0  0.0  0.0  0.0  0.0
  0.0  0.0  0.0  0.0  0.0  0.0  0.0  7.5 11.2  0.0 18.7 14.9 11.2  0.0  0.0
  0.0  0.0  0.0  0.0  0.0  3.7  0.0 14.9 11.2 18.7  0.0  0.0 18.7  0.0  0.0
    -13.14     -3.46      0.89     -5.11      2.17  0.0  0.0  0.0  0.0  0.0
                                     t000295_s11_p4_qjpp.txt 20.0  5.2  131
 15.3  0.0  0.0 61.1  0.0  0.0 22.9  0.0  0.0  0.0  7.6  0.0  0.0  0.0  0.0
  0.0  0.0  7.6  7.6  0.0  0.0320.6114.5 84.0 30.5 15.3  7.6 22.9  0.0  0.0
  0.0  7.6  0.0  0.0  0.0 22.9  7.6  0.0  0.0  0.0  0.0  7.6  7.6  7.6  7.6
  0.0  7.6 30.5  0.0  7.6  7.6 22.9 15.3  0.0  0.0122.1 15.3  7.6106.9  0.0
  0.0  0.0  0.0  0.0  0.0  0.0  0.0  0.0  0.0  0.0  0.0  0.0  0.0  0.0  0.0
  0.0  0.0  0.0  0.0  0.0 15.3 15.3  0.0  0.0  0.0  0.0  0.0  0.0  0.0  0.0
  0.0  0.0  0.0  0.0  0.0  0.0  0.0  0.0  0.0  7.6  0.0  0.0  0.0  0.0  0.0
 30.5  0.0  0.0 30.5  0.0  0.0  7.6  0.0  0.0  0.0  0.0  0.0  0.0  0.0  0.0
  0.0  0.0  0.0  0.0  0.0  0.0  0.0  0.0  0.0  0.0 53.4  0.0  0.0  0.0  0.0
  0.0  0.0  0.0  0.0  0.0 15.3  0.0 22.9  7.6 30.5  0.0  0.0 15.3  0.0  0.0
    -17.10      1.66      2.50     -3.55      8.17  0.0  0.0  0.0  0.0  0.0
                                     t000295_s11_p5_qjpp.txt 13.3  4.9   82
  0.0  0.0  0.0 73.2  0.0  0.0  0.0  0.0  0.0  0.0  0.0  0.0  0.0  0.0  0.0
  0.0  0.0  0.0 12.2  0.0  0.0353.7 61.0 97.6 12.2  0.0 12.2 12.2  0.0 12.2
  0.0  0.0  0.0  0.0  0.0 12.2 12.2  0.0 12.2  0.0  0.0  0.0 12.2 12.2  0.0
  0.0  0.0  0.0  0.0  0.0  0.0 12.2 12.2  0.0 12.2 97.6  0.0  0.0122.0  0.0
  0.0  0.0  0.0  0.0  0.0  0.0  0.0  0.0  0.0  0.0  0.0  0.0  0.0  0.0  0.0
  0.0  0.0  0.0  0.0  0.0  0.0  0.0  0.0  0.0  0.0  0.0  0.0  0.0  0.0  0.0
  0.0  0.0  0.0  0.0  0.0  0.0  0.0  0.0  0.0  0.0  0.0  0.0  0.0  0.0  0.0
  0.0  0.0  0.0  0.0  0.0  0.0  0.0  0.0  0.0  0.0  0.0  0.0  0.0  0.0  0.0
  0.0  0.0  0.0  0.0  0.0  0.0  0.0  0.0 36.6 12.2 12.2 12.2  0.0 12.2  0.0
  0.0  0.0  0.0  0.0  0.0  0.0  0.0 12.2 12.2 12.2 36.6  0.0 24.4  0.0  0.0
    -23.89     -0.72      6.38     -2.67      5.84  0.0  0.0  0.0  0.0  0.0
                                     t000295_s11_p6_qjpp.txt 16.0  5.4   79
  0.0  0.0  0.0 63.3  0.0  0.0 12.7  0.0  0.0  0.0 12.7  0.0  0.0  0.0  0.0
  0.0  0.0 12.7 38.0  0.0  0.0341.8113.9 50.6  0.0 12.7 12.7  0.0  0.0  0.0
  0.0  0.0  0.0  0.0  0.0 25.3  0.0  0.0  0.0  0.0 12.7 12.7 12.7 38.0  0.0
 12.7  0.0  0.0  0.0  0.0 25.3 38.0 50.6  0.0  0.0 75.9 12.7  0.0 75.9  0.0
  0.0  0.0  0.0  0.0  0.0  0.0  0.0  0.0  0.0  0.0  0.0  0.0  0.0  0.0  0.0
  0.0  0.0  0.0  0.0  0.0  0.0  0.0  0.0  0.0  0.0  0.0  0.0  0.0  0.0  0.0
  0.0  0.0  0.0  0.0  0.0  0.0  0.0  0.0  0.0  0.0  0.0  0.0  0.0  0.0  0.0
  0.0  0.0  0.0  0.0  0.0  0.0  0.0  0.0  0.0  0.0  0.0  0.0  0.0  0.0  0.0
  0.0  0.0  0.0  0.0  0.0  0.0  0.0  0.0 25.3  0.0 25.3  0.0  0.0  0.0  0.0
  0.0  0.0  0.0  0.0  0.0 12.7  0.0 12.7  0.0  0.0  0.0  0.0  0.0  0.0  0.0
    -11.54     -2.73     -0.46      4.49     14.12  0.0  0.0  0.0  0.0  0.0
                                     t000295_s11_p7_qjpp.txt 12.5  5.2   66
  0.0  0.0  0.0121.2  0.0  0.0  0.0  0.0 15.2  0.0 15.2  0.0  0.0  0.0  0.0
  0.0  0.0 15.2  0.0  0.0  0.0318.2 75.8 45.5  0.0 30.3  0.0  0.0  0.0  0.0
  0.0  0.0  0.0  0.0  0.0 15.2  0.0 15.2  0.0  0.0  0.0  0.0  0.0  0.0  0.0
  0.0  0.0  0.0  0.0  0.0 30.3  0.0  0.0  0.0  0.0121.2 45.5 15.2121.2  0.0
  0.0  0.0  0.0  0.0  0.0  0.0  0.0  0.0  0.0  0.0  0.0  0.0  0.0  0.0  0.0
  0.0  0.0  0.0  0.0  0.0  0.0  0.0  0.0  0.0  0.0  0.0  0.0  0.0  0.0  0.0
  0.0 15.2  0.0  0.0  0.0  0.0  0.0  0.0  0.0  0.0  0.0  0.0  0.0  0.0  0.0
  0.0  0.0  0.0  0.0 15.2  0.0 15.2  0.0  0.0  0.0  0.0  0.0  0.0  0.0  0.0
  0.0  0.0  0.0  0.0  0.0  0.0  0.0  0.0 15.2  0.0 60.6  0.0  0.0  0.0  0.0
  0.0  0.0  0.0  0.0  0.0  0.0  0.0 15.2 15.2  0.0 15.2  0.0  0.0  0.0  0.0
    -16.01     -4.38      0.11     -3.00     -3.63  0.0  0.0  0.0  0.0  0.0
                                     t000295_s14_p1_qjpp.txt 24.0  4.9  134
  0.0  0.0  0.0 29.9  0.0  0.0  7.5  0.0 14.9  7.5  0.0  0.0  0.0  0.0  0.0
  7.5  0.0  0.0  7.5  0.0  0.0313.4 97.0 67.2 37.3  0.0  0.0  0.0  0.0  0.0
  0.0  0.0  0.0  0.0  7.5 52.2  0.0  0.0  0.0  0.0 14.9  0.0  7.5 14.9  0.0
  7.5  7.5  0.0  0.0  7.5 14.9 14.9 22.4  0.0  0.0 89.6 14.9  0.0 89.6  7.5
  7.5  0.0  0.0  0.0  0.0  0.0  0.0  0.0  0.0  0.0  0.0  0.0  0.0  0.0  0.0
  0.0  0.0  0.0  0.0  0.0  0.0  0.0  0.0  0.0  0.0  0.0  0.0  0.0  0.0  0.0
  0.0  0.0  0.0  0.0  0.0  0.0  0.0  0.0  0.0  0.0  0.0  0.0  0.0  0.0  0.0
  0.0  0.0  0.0  0.0  0.0  0.0  0.0  0.0  0.0  0.0  0.0  0.0  0.0  0.0  0.0
  0.0  0.0  0.0  0.0  0.0  0.0  0.0 14.9  7.5  0.0 22.4 29.9 22.4  0.0  7.5
  7.5  0.0  0.0  0.0  7.5 22.4  0.0 14.9  0.0  0.0  0.0  0.0 14.9  0.0  0.0
    -18.76     -4.50     -4.19      0.50      5.71  0.0  0.0  0.0  0.0  0.0
                                     t000295_s14_p2_qjpp.txt 17.8  5.7  106
  9.4  0.0  0.0  9.4  0.0  0.0  0.0  0.0  0.0  0.0  0.0  0.0  0.0  0.0  0.0
  0.0  0.0  0.0  9.4  0.0  0.0396.2160.4113.2 28.3  0.0  0.0  0.0  0.0  0.0
  0.0  0.0  0.0  0.0  0.0 18.9  0.0  0.0  0.0  0.0  0.0  0.0  0.0  9.4  9.4
  9.4  0.0  0.0  0.0  9.4  0.0  9.4 28.3  0.0  0.0160.4  0.0  0.0 56.6  0.0
  0.0  0.0  0.0  0.0  0.0  0.0  0.0  0.0  0.0  0.0  0.0  0.0  0.0  0.0  0.0
  0.0  0.0  0.0  0.0  0.0  0.0  0.0  0.0  0.0  0.0  0.0  0.0  0.0  0.0  0.0
  0.0  0.0  0.0  0.0  0.0  0.0  0.0  0.0  0.0  0.0  0.0  0.0  0.0  0.0  0.0
  0.0  0.0  0.0  0.0  0.0  0.0  0.0  0.0  0.0  0.0  0.0  0.0  0.0  0.0  0.0
  0.0  0.0  0.0  0.0  0.0  0.0  0.0  0.0  9.4  0.0 18.9  0.0  0.0 18.9  0.0
  0.0  0.0  0.0  0.0  0.0  0.0  0.0 18.9  0.0  9.4  9.4  0.0  0.0  0.0  0.0
    -33.17     -4.80     -0.10     -6.61      8.10  0.0  0.0  0.0  0.0  0.0
                                     t000295_s14_p3_qjpp.txt 23.8  5.1  129
  0.0  0.0  0.0 93.0  0.0  0.0  7.8  0.0  0.0  7.8  0.0  0.0  0.0  0.0  0.0
  0.0  0.0  7.8 23.3  0.0  0.0348.8116.3  7.8 31.0  7.8  7.8  0.0  0.0  0.0
  0.0  0.0  0.0  0.0  0.0  7.8  0.0  0.0  0.0  0.0  0.0  7.8  0.0 31.0 15.5
 23.3  0.0  0.0  0.0  0.0  7.8 23.3 69.8  0.0  0.0 54.3  7.8  0.0131.8  0.0
  0.0  0.0  0.0  0.0  0.0  0.0  0.0  0.0  0.0  0.0  0.0  0.0  0.0  0.0  0.0
  0.0  0.0  0.0  0.0  0.0  0.0  0.0  0.0  0.0  0.0  0.0  0.0  0.0  0.0  0.0
  0.0  0.0  0.0  0.0  0.0  0.0  0.0  0.0  0.0  0.0  7.8  0.0  0.0  0.0  0.0
  0.0  0.0  0.0  0.0  0.0  0.0  0.0  7.8  0.0  0.0  0.0  0.0  0.0  0.0  0.0
  0.0  0.0  0.0  0.0  0.0  0.0  0.0  0.0 23.3  0.0  7.8 15.5  0.0  0.0  0.0
  0.0  0.0  0.0  0.0  0.0  0.0  0.0 23.3  0.0 31.0  0.0  0.0 15.5  0.0  0.0
    -13.71     -2.87      0.53     -3.50     20.50  0.0  0.0  0.0  0.0  0.0
                                     t000295_s14_p4_qjpp.txt 10.3  6.2   57
  0.0  0.0  0.0 35.1  0.0  0.0  0.0  0.0 17.5  0.0  0.0  0.0  0.0  0.0  0.0
  0.0  0.0 17.5 35.1  0.0  0.0386.0 35.1157.9 17.5 17.5  0.0  0.0  0.0 17.5
  0.0  0.0  0.0  0.0  0.0 17.5 17.5  0.0  0.0  0.0  0.0  0.0  0.0  0.0  0.0
  0.0  0.0  0.0  0.0  0.0 17.5 35.1  0.0  0.0 17.5157.9 35.1  0.0 70.2  0.0
  0.0  0.0  0.0  0.0  0.0  0.0  0.0  0.0  0.0  0.0  0.0  0.0  0.0  0.0  0.0
  0.0  0.0  0.0  0.0  0.0  0.0  0.0  0.0  0.0  0.0  0.0  0.0  0.0  0.0  0.0
  0.0  0.0  0.0  0.0  0.0  0.0  0.0  0.0  0.0  0.0  0.0  0.0  0.0  0.0  0.0
  0.0  0.0  0.0  0.0  0.0  0.0  0.0  0.0  0.0  0.0  0.0  0.0  0.0  0.0  0.0
  0.0  0.0  0.0  0.0  0.0  0.0  0.0  0.0 17.5  0.0 35.1 17.5  0.0  0.0 17.5
  0.0  0.0  0.0  0.0  0.0  0.0  0.0 35.1 17.5  0.0  0.0  0.0  0.0  0.0  0.0
    -20.72     -4.37      8.75     -6.61     -3.63  0.0  0.0  0.0  0.0  0.0
                                     t000295_s14_p5_qjpp.txt 26.5  5.3  179
  0.0  0.0  0.0100.6  0.0  0.0  5.6  0.0  0.0 16.8 11.2  0.0  0.0  0.0  0.0
  0.0  0.0 16.8  0.0  0.0  0.0268.2 95.0 83.8  0.0 11.2  0.0  0.0  0.0 16.8
  0.0 11.2  0.0  0.0  5.6 44.7  5.6 11.2  0.0 11.2  0.0  0.0 16.8 22.3 11.2
  0.0 11.2  0.0  0.0 22.3 27.9 33.5 33.5  0.0 16.8122.9 11.2  0.0111.7  0.0
  5.6  0.0  0.0  0.0  0.0  0.0  0.0  0.0  0.0  0.0  0.0  0.0  0.0  0.0  0.0
  0.0  0.0  0.0  0.0  0.0  0.0  0.0  0.0  0.0  5.6  0.0  0.0  0.0  0.0  0.0
  0.0  0.0  0.0  0.0  5.6  0.0  0.0  0.0  0.0  0.0 11.2  0.0  0.0  0.0  0.0
  0.0  5.6  0.0  5.6  0.0  5.6  5.6 11.2  0.0  0.0  0.0  0.0  0.0  0.0  0.0
  0.0  0.0  0.0  0.0  0.0  0.0  0.0  0.0 16.8  0.0 27.9  5.6  5.6  0.0  5.6
  0.0  5.6  0.0  0.0  0.0 11.2  0.0 22.3  0.0  5.6  0.0  5.6  5.6  0.0  0.0
    -15.20     -5.23      9.31      1.13     18.83  5.6  0.0  0.0  0.0  0.0
                                     t000295_s19_p1_qjpp.txt  4.5  5.6   18
  0.0  0.0  0.0 55.6  0.0  0.0  0.0  0.0  0.0  0.0  0.0  0.0  0.0  0.0  0.0
  0.0  0.0  0.0  0.0  0.0  0.0388.9111.1111.1  0.0  0.0  0.0  0.0  0.0  0.0
  0.0  0.0  0.0  0.0  0.0  0.0  0.0  0.0  0.0  0.0  0.0  0.0  0.0 55.6  0.0
  0.0  0.0  0.0  0.0  0.0  0.0  0.0 55.6  0.0  0.0111.1  0.0  0.0 55.6  0.0
  0.0  0.0  0.0  0.0  0.0  0.0  0.0  0.0  0.0  0.0  0.0  0.0  0.0  0.0  0.0
  0.0  0.0  0.0  0.0  0.0  0.0  0.0  0.0  0.0  0.0  0.0  0.0  0.0  0.0  0.0
  0.0  0.0  0.0  0.0  0.0  0.0  0.0  0.0  0.0  0.0  0.0  0.0  0.0  0.0  0.0
  0.0  0.0  0.0  0.0  0.0  0.0  0.0  0.0  0.0  0.0  0.0  0.0  0.0  0.0  0.0
  0.0  0.0  0.0  0.0  0.0  0.0  0.0  0.0  0.0  0.0111.1  0.0  0.0  0.0  0.0
  0.0  0.0  0.0  0.0  0.0 55.6  0.0 55.6  0.0  0.0  0.0  0.0  0.0  0.0  0.0
    -32.20     -5.73      0.97     -6.61      4.79  0.0  0.0  0.0  0.0  0.0
                                     t000295_s19_p2_qjpp.txt 18.0  5.7  107
  0.0  0.0  0.0 65.4  0.0  0.0 18.7  0.0  0.0  0.0  0.0  0.0  0.0  0.0  0.0
  0.0  0.0  9.3  9.3  0.0  0.0401.9102.8 74.8 18.7  0.0  0.0  0.0  0.0  0.0
  0.0  0.0  0.0  0.0  0.0 18.7  0.0  0.0  0.0  0.0  0.0  9.3  9.3  0.0  0.0
  0.0  0.0  0.0  0.0  9.3  9.3  9.3  0.0  0.0  0.0 84.1  0.0  9.3 84.1  0.0
  9.3  0.0  0.0  0.0  0.0  0.0  0.0  0.0  0.0  0.0  0.0  0.0  0.0  0.0  0.0
  0.0  0.0  0.0  0.0  0.0  0.0  0.0  0.0  0.0  0.0  0.0  0.0  0.0  0.0  0.0
  0.0  0.0  0.0  0.0  0.0  0.0  0.0  0.0  0.0  0.0  9.3  0.0  0.0  0.0  0.0
  0.0  0.0  0.0  0.0  0.0  0.0  0.0  9.3  0.0  0.0  0.0  0.0  0.0  0.0  0.0
  0.0  0.0  0.0  0.0  0.0  0.0  0.0  0.0  0.0  0.0 74.8  0.0  0.0 28.0  0.0
  0.0  0.0  0.0  0.0  9.3  0.0  0.0 18.7  0.0  0.0  0.0  0.0 18.7  0.0  0.0
    -21.80     -5.11     -0.09     -2.87      2.21  0.0  0.0  0.0  0.0  0.0
                                     t000295_s19_p3_qjpp.txt 23.8  3.7  497
 10.1  0.0  0.0 78.5  0.0  0.0  8.0  0.0  2.0  4.0  0.0  2.0  0.0  0.0  0.0
  4.0  0.0  2.0  0.0  0.0  2.0269.6 78.5 36.2 12.1  6.0  2.0  4.0  0.0  0.0
  0.0  0.0  0.0  6.0  0.0 28.2  2.0 10.1  0.0  6.0  0.0  2.0  2.0 16.1  2.0
  0.0  4.0  0.0  0.0  0.0 12.1 12.1 18.1  0.0  0.0 44.3  8.0  2.0 94.6  4.0
  2.0  0.0  0.0  0.0  0.0  0.0  0.0  0.0  0.0  0.0  0.0  0.0  0.0  0.0  0.0
  0.0  0.0  0.0  0.0  0.0  0.0  0.0  0.0  0.0  0.0  0.0  0.0  0.0  0.0  0.0
  0.0  0.0  0.0  0.0  0.0  0.0  0.0  0.0  0.0  0.0  2.0  0.0  0.0  0.0  0.0
  0.0  0.0  0.0  0.0  0.0  0.0  0.0  2.0  0.0  0.0  0.0  0.0  0.0  0.0  0.0
  0.0  2.0  0.0  0.0  0.0  0.0  0.0  0.0  0.0  0.0 24.1 26.2  2.0 10.1  2.0
  0.0  0.0  0.0  0.0  8.0  0.0  0.0 22.1  8.0 10.1  0.0  0.0  4.0  0.0  0.0
    -10.89     -3.93     -2.35     -0.66      1.62  2.0  0.0  0.0  0.0  0.0
                                     t000295_s19_p4_qjpp.txt 25.3  3.6  516
  0.0  0.0  0.0 89.1  0.0  0.0  5.8  1.9 27.1  1.9  1.9  0.0  0.0  1.9  0.0
  0.0  0.0  5.8  1.9  0.0  0.0310.1 60.1 19.4  3.9  1.9  0.0  0.0  1.9  3.9
  0.0  0.0  0.0  5.8  0.0 17.4  1.9  0.0  0.0  3.9  3.9  1.9  1.9  5.8  0.0
  0.0  5.8  0.0  0.0  3.9  9.7 11.6  5.8  0.0  5.8 40.7 29.1  3.9 91.1  0.0
  3.9  0.0  0.0  0.0  0.0  0.0  0.0  0.0  0.0  0.0  0.0  0.0  0.0  0.0  0.0
  0.0  0.0  0.0  0.0  0.0  0.0  0.0  0.0  0.0  0.0  0.0  0.0  0.0  0.0  0.0
  0.0  1.9  0.0  0.0  0.0  3.9  0.0  0.0  0.0  0.0  0.0  0.0  0.0  0.0  0.0
  0.0  0.0  0.0  0.0  1.9  3.9  5.8  0.0  0.0  0.0  0.0  0.0  0.0  0.0  0.0
  0.0  0.0  0.0  0.0  0.0  0.0  0.0 13.6  1.9 11.6 23.3 13.6  0.0  3.9  7.8
  0.0  0.0  0.0  0.0  0.0  1.9  0.0  3.9  0.0 11.6  7.8  3.9  3.9  0.0  0.0
    -10.99     -5.51      1.40     -2.22     -1.53  0.0  0.0  0.0  0.0  0.0
                                     t000295_s19_p5_qjpp.txt  8.5  7.6   40
  0.0  0.0  0.0 25.0  0.0  0.0  0.0  0.0  0.0  0.0  0.0  0.0  0.0  0.0  0.0
  0.0  0.0 25.0  0.0  0.0  0.0475.0100.0 75.0 25.0  0.0 25.0  0.0  0.0  0.0
  0.0  0.0  0.0  0.0  0.0 50.0  0.0  0.0  0.0  0.0  0.0 25.0  0.0 25.0  0.0
  0.0  0.0  0.0  0.0  0.0 25.0  0.0 25.0  0.0  0.0100.0  0.0  0.0 50.0  0.0
  0.0  0.0  0.0  0.0  0.0  0.0  0.0  0.0  0.0  0.0  0.0  0.0  0.0  0.0  0.0
  0.0  0.0  0.0  0.0  0.0  0.0  0.0  0.0  0.0  0.0  0.0  0.0  0.0  0.0  0.0
  0.0  0.0  0.0  0.0  0.0  0.0  0.0  0.0  0.0  0.0  0.0  0.0  0.0  0.0  0.0
  0.0  0.0  0.0  0.0  0.0  0.0  0.0  0.0  0.0  0.0  0.0  0.0  0.0  0.0  0.0
  0.0  0.0  0.0  0.0  0.0  0.0  0.0  0.0  0.0  0.0125.0  0.0  0.0  0.0 25.0
  0.0  0.0  0.0  0.0  0.0 25.0  0.0  0.0  0.0  0.0  0.0  0.0  0.0  0.0  0.0
    -31.12     -0.10     -1.87      3.39      0.16  0.0  0.0  0.0  0.0  0.0
                                     t000295_s19_p6_qjpp.txt 26.5  5.6  168
  0.0  0.0  0.0 77.4  0.0  0.0 11.9 11.9  0.0 11.9  6.0  0.0  0.0  0.0  0.0
  0.0  0.0  6.0  6.0  0.0  0.0303.6 95.2 71.4 23.8  6.0  0.0  0.0  0.0  6.0
  0.0  6.0  0.0  0.0  6.0 47.6  0.0  6.0  0.0  0.0  0.0 11.9 23.8 29.8  6.0
  0.0  0.0 11.9 11.9 23.8 11.9 11.9 35.7  0.0  6.0107.1  6.0  0.0107.1  0.0
  0.0  0.0  0.0  0.0  0.0  0.0  0.0  0.0  0.0  0.0  0.0  0.0  0.0  0.0  0.0
  0.0  0.0  0.0  0.0  0.0  0.0  6.0  0.0  0.0  0.0  0.0  0.0  0.0  0.0  0.0
  0.0  0.0  0.0  0.0  0.0  0.0  0.0  0.0  0.0  0.0  6.0  0.0  0.0  0.0  0.0
  6.0  0.0  0.0  6.0  0.0  0.0  0.0  6.0  0.0  0.0  0.0  0.0  0.0  0.0  0.0
  0.0  0.0  0.0  0.0  0.0  0.0  0.0  0.0  6.0  6.0 47.6  0.0  0.0 17.9 17.9
  0.0  0.0  0.0  6.0 11.9  6.0  0.0  6.0  0.0  0.0  0.0  0.0  6.0  0.0  0.0
    -16.04     -4.68      1.70     -0.43     20.34  0.0 11.9  0.0  0.0  0.0
                                     t000295_s19_p7_qjpp.txt 19.5  5.4  119
  8.4  0.0  0.0 84.0  0.0  0.0 25.2  0.0  0.0 33.6  0.0  0.0  0.0  0.0  0.0
  8.4  0.0  0.0  8.4  0.0  0.0327.7 92.4 67.2 16.8  0.0  0.0  8.4  0.0  0.0
  0.0  0.0  0.0  0.0  0.0 58.8  8.4  0.0  0.0  0.0  0.0 16.8 16.8 16.8  8.4
  8.4  0.0  0.0  0.0  8.4  0.0  8.4 33.6  0.0  0.0100.8  0.0  0.0117.6  0.0
  8.4  0.0  0.0  0.0  0.0  0.0  0.0  0.0  0.0  0.0  0.0  0.0  0.0  0.0  0.0
  0.0  0.0  0.0  0.0  0.0  0.0  0.0  0.0  0.0  0.0  0.0  0.0  0.0  0.0  0.0
  0.0  0.0  8.4  0.0  0.0  0.0  0.0  8.4  0.0  0.0  0.0  0.0  0.0  0.0  0.0
  0.0  0.0  0.0  0.0  8.4  8.4 16.8  0.0  0.0  0.0  0.0  0.0  0.0  0.0  0.0
  0.0  0.0  0.0  0.0  0.0  0.0  0.0  0.0  0.0  0.0 42.0  8.4  8.4  0.0 16.8
  0.0  8.4  0.0  0.0  0.0  0.0  0.0 16.8  8.4  8.4  0.0  0.0 16.8  0.0  0.0
    -10.53     -3.62     -2.37      0.12     18.60  0.0  0.0  0.0  0.0  0.0
                                     t000295_s19_p8_qjpp.txt 13.3  5.7   73
 13.7  0.0  0.0 54.8  0.0  0.0  0.0  0.0  0.0 13.7  0.0  0.0  0.0  0.0  0.0
  0.0  0.0  0.0  0.0  0.0  0.0438.4 54.8 68.5  0.0  0.0  0.0  0.0  0.0  0.0
  0.0  0.0  0.0  0.0  0.0 27.4 27.4  0.0  0.0  0.0  0.0  0.0 13.7 13.7  0.0
  0.0  0.0  0.0 13.7  0.0  0.0  0.0 13.7  0.0  0.0 95.9  0.0  0.0 68.5  0.0
  0.0  0.0  0.0  0.0  0.0  0.0  0.0  0.0  0.0  0.0  0.0  0.0  0.0  0.0  0.0
  0.0  0.0  0.0  0.0  0.0  0.0  0.0  0.0  0.0  0.0  0.0  0.0  0.0  0.0  0.0
  0.0  0.0  0.0  0.0  0.0  0.0  0.0  0.0  0.0  0.0  0.0  0.0  0.0  0.0  0.0
  0.0  0.0  0.0  0.0  0.0  0.0  0.0  0.0  0.0  0.0  0.0  0.0  0.0  0.0  0.0
  0.0  0.0  0.0  0.0  0.0  0.0  0.0  0.0 13.7  0.0109.6  0.0  0.0  0.0 27.4
  0.0  0.0  0.0  0.0  0.0 41.1  0.0 13.7  0.0  0.0  0.0  0.0 27.4  0.0  0.0
    -26.24     -5.73     -0.58     -6.61      7.01  0.0  0.0  0.0  0.0  0.0
                                     t000295_s19_p9_qjpp.txt 13.5  4.6   83
  0.0 12.0  0.0 96.4  0.0  0.0  0.0  0.0  0.0 24.1  0.0  0.0  0.0  0.0  0.0
  0.0  0.0  0.0  0.0  0.0  0.0277.1 96.4 60.2 24.1  0.0  0.0 24.1  0.0  0.0
  0.0  0.0  0.0  0.0  0.0 36.1  0.0  0.0  0.0  0.0  0.0 12.0  0.0 36.1  0.0
  0.0  0.0 12.0  0.0 24.1  0.0  0.0 36.1  0.0  0.0 84.3  0.0  0.0120.5  0.0
  0.0  0.0  0.0  0.0  0.0  0.0  0.0  0.0  0.0  0.0  0.0  0.0  0.0  0.0  0.0
  0.0  0.0  0.0  0.0  0.0  0.0 24.1  0.0  0.0  0.0  0.0  0.0  0.0  0.0  0.0
  0.0  0.0  0.0  0.0  0.0  0.0  0.0  0.0  0.0  0.0  0.0  0.0  0.0  0.0  0.0
 24.1  0.0  0.0 24.1  0.0  0.0  0.0  0.0  0.0  0.0  0.0  0.0  0.0  0.0  0.0
  0.0  0.0  0.0  0.0  0.0  0.0  0.0  0.0  0.0 24.1 72.3 12.0  0.0  0.0  0.0
  0.0  0.0  0.0  0.0  0.0 12.0  0.0  0.0  0.0 48.2  0.0  0.0 36.1  0.0  0.0
    -15.96     -0.47     -1.08     -1.79      1.85  0.0  0.0  0.0  0.0  0.0
                                      t000295_s2_p1_qjpp.txt  8.8  6.2   39
  0.0  0.0  0.0 25.6  0.0  0.0  0.0  0.0  0.0  0.0  0.0  0.0  0.0  0.0  0.0
  0.0  0.0  0.0  0.0  0.0  0.0435.9179.5128.2  0.0  0.0  0.0  0.0  0.0  0.0
  0.0  0.0  0.0  0.0  0.0  0.0  0.0  0.0  0.0  0.0  0.0  0.0  0.0  0.0 25.6
  0.0  0.0  0.0  0.0  0.0  0.0  0.0 25.6  0.0  0.0153.8  0.0  0.0 25.6  0.0
  0.0  0.0  0.0  0.0  0.0  0.0  0.0  0.0  0.0  0.0  0.0  0.0  0.0  0.0  0.0
  0.0  0.0  0.0  0.0  0.0  0.0  0.0  0.0  0.0  0.0  0.0  0.0  0.0  0.0  0.0
  0.0  0.0  0.0  0.0  0.0  0.0  0.0  0.0  0.0  0.0  0.0  0.0  0.0  0.0  0.0
  0.0  0.0  0.0  0.0  0.0  0.0  0.0  0.0  0.0  0.0  0.0  0.0  0.0  0.0  0.0
  0.0  0.0  0.0  0.0  0.0  0.0  0.0  0.0 25.6  0.0  0.0  0.0  0.0  0.0  0.0
 25.6  0.0  0.0  0.0  0.0  0.0  0.0  0.0  0.0  0.0  0.0  0.0  0.0  0.0  0.0
    -39.49     -5.73      0.97     -6.61     16.10  0.0  0.0  0.0  0.0  0.0
                                      t000295_s4_p1_qjpp.txt 16.8  6.2   89
 11.2  0.0  0.0 11.2  0.0  0.0  0.0  0.0 11.2  0.0  0.0  0.0  0.0  0.0  0.0
  0.0  0.0  0.0 11.2  0.0  0.0438.2112.4112.4 56.2  0.0  0.0  0.0  0.0  0.0
  0.0  0.0  0.0  0.0  0.0 11.2 11.2  0.0  0.0  0.0  0.0  0.0 11.2 11.2  0.0
 11.2  0.0  0.0  0.0  0.0  0.0 11.2 22.5  0.0  0.0134.8 11.2  0.0101.1  0.0
  0.0  0.0  0.0  0.0  0.0  0.0  0.0  0.0  0.0  0.0  0.0  0.0  0.0  0.0  0.0
  0.0  0.0  0.0  0.0  0.0  0.0  0.0  0.0  0.0  0.0  0.0  0.0  0.0  0.0  0.0
  0.0  0.0  0.0  0.0  0.0  0.0  0.0  0.0  0.0  0.0  0.0  0.0  0.0  0.0  0.0
  0.0  0.0  0.0  0.0  0.0  0.0  0.0  0.0  0.0  0.0  0.0  0.0  0.0  0.0  0.0
  0.0  0.0  0.0  0.0  0.0  0.0  0.0  0.0 33.7  0.0 33.7  0.0 11.2  0.0  0.0
  0.0  0.0  0.0  0.0  0.0  0.0  0.0 11.2  0.0  0.0  0.0  0.0  0.0  0.0  0.0
    -32.84     -3.88      0.34     -6.61      8.72  0.0  0.0  0.0  0.0  0.0
                                      t000295_s4_p2_qjpp.txt 13.0  5.5   69
 14.5 14.5  0.0 87.0  0.0  0.0 14.5  0.0  0.0 14.5  0.0  0.0  0.0  0.0  0.0
  0.0  0.0 43.5  0.0  0.0  0.0318.8 87.0 43.5 14.5  0.0  0.0  0.0  0.0  0.0
  0.0  0.0  0.0  0.0  0.0 43.5 14.5  0.0  0.0  0.0  0.0  0.0  0.0 14.5 29.0
  0.0  0.0 14.5  0.0  0.0 43.5  0.0 43.5  0.0  0.0 72.5  0.0  0.0101.4  0.0
  0.0  0.0  0.0  0.0  0.0  0.0  0.0  0.0  0.0  0.0  0.0  0.0  0.0  0.0  0.0
  0.0  0.0  0.0 29.0  0.0  0.0  0.0  0.0  0.0  0.0  0.0  0.0  0.0  0.0  0.0
  0.0  0.0  0.0  0.0  0.0  0.0  0.0  0.0  0.0  0.0  0.0  0.0  0.0  0.0  0.0
 29.0  0.0  0.0 29.0  0.0  0.0  0.0  0.0  0.0  0.0  0.0  0.0  0.0  0.0  0.0
  0.0  0.0  0.0  0.0  0.0  0.0  0.0  0.0 58.0  0.0 14.5  0.0  0.0  0.0  0.0
  0.0  0.0  0.0  0.0  0.0  0.0  0.0 29.0 14.5 14.5  0.0  0.0 29.0  0.0  0.0
     -2.13     -5.25     -1.50     -6.61     20.87  0.0  0.0  0.0  0.0  0.0
                                      t000295_s5_p1_qjpp.txt 26.8  4.1  703
  7.1  0.0  0.0 82.5  2.8  0.0 10.0  0.0 14.2 14.2  0.0  0.0  0.0  0.0  0.0
  0.0  0.0  4.3  2.8  0.0  2.8301.6 91.0 52.6  1.4  2.8  1.4  0.0  1.4  4.3
  1.4  1.4  0.0  0.0  0.0 28.4  8.5  8.5  0.0  1.4  0.0  2.8  4.3  4.3  2.8
  1.4  7.1  5.7  0.0 15.6 12.8 12.8  8.5  0.0  7.1 82.5 19.9  2.8 92.5  0.0
  2.8  0.0  0.0  0.0  0.0  0.0  0.0  0.0  0.0  0.0  0.0  0.0  0.0  0.0  0.0
  0.0  0.0  0.0  0.0  0.0  2.8  1.4  0.0  0.0  0.0  0.0  0.0  0.0  0.0  0.0
  0.0  1.4  1.4  2.8  0.0  1.4  0.0  0.0  0.0  0.0  0.0  0.0  0.0  0.0  0.0
  4.3  0.0  0.0  4.3  5.7  1.4  7.1  0.0  0.0  0.0  0.0  0.0  0.0  0.0  0.0
  0.0  1.4  0.0  0.0  0.0  0.0  0.0 11.4 22.8  1.4 18.5 12.8 12.8  4.3  0.0
  0.0  0.0  0.0  0.0  0.0  1.4  0.0 12.8  5.7 19.9  1.4  2.8  7.1  0.0  0.0
    -13.00     -5.28      4.15     -2.79      2.33  0.0  0.0  0.0  0.0  0.0
                                      t000295_s5_p2_qjpp.txt 18.5  5.2  124
  8.1  0.0  0.0104.8  0.0  0.0  0.0  0.0  0.0  8.1  0.0  0.0  0.0  0.0  0.0
  0.0  0.0  8.1  0.0  0.0  0.0290.3 72.6 32.3 16.1 24.2  0.0  0.0  8.1  8.1
  0.0  0.0  0.0  0.0  0.0 24.2 32.3  0.0  0.0  0.0  0.0  0.0  8.1  0.0  8.1
  8.1 16.1  0.0  0.0 32.3  8.1 16.1 16.1  0.0 16.1 88.7 24.2 16.1169.4  0.0
  8.1  0.0  0.0  0.0  0.0  0.0  0.0  0.0  0.0  0.0  0.0  0.0  0.0  0.0  0.0
  0.0  0.0  0.0  0.0  0.0  0.0  0.0  0.0  0.0  0.0  0.0  0.0  0.0  0.0  0.0
  0.0  0.0  0.0 16.1  0.0  0.0  0.0  8.1  0.0  0.0  0.0  0.0  0.0  0.0  0.0
  0.0  0.0  0.0  0.0 16.1  8.1 24.2  0.0  0.0  0.0  0.0  0.0  0.0  0.0  0.0
  0.0  0.0  0.0  0.0  0.0  0.0  0.0  0.0  8.1  0.0 32.3  0.0  0.0  8.1  0.0
  0.0  0.0  0.0  0.0  0.0  0.0  0.0 16.1  0.0 16.1  0.0  0.0 16.1  0.0  0.0
    -17.20     -4.12      8.38     -6.61     10.22  0.0  0.0  0.0  0.0  0.0
                                      t000295_s5_p3_qjpp.txt 23.3  4.8  398
  2.5  0.0  0.0 90.5  0.0  0.0 10.1  0.0  2.5 12.6  5.0  0.0  0.0  0.0  2.5
  0.0  0.0  7.5  2.5  0.0  0.0306.5113.1 55.3  0.0  2.5  2.5  2.5  0.0  0.0
  0.0  0.0  0.0  0.0  2.5 45.2 17.6  0.0  0.0  0.0  0.0  0.0 17.6  5.0  2.5
  2.5  5.0  2.5  2.5 20.1  7.5  7.5 10.1  0.0  0.0123.1  5.0  5.0118.1  2.5
  5.0  0.0  0.0  0.0  0.0  0.0  0.0  0.0  0.0  0.0  0.0  0.0  0.0  0.0  0.0
  0.0  0.0  0.0  0.0  0.0  2.5  0.0  0.0  0.0  0.0  0.0  0.0  0.0  0.0  0.0
  0.0  0.0  0.0  5.0  0.0  0.0  0.0  2.5  0.0  2.5  0.0  2.5  0.0  0.0  0.0
  2.5  0.0  0.0  2.5  5.0  2.5 10.1  2.5  0.0  0.0  0.0  0.0  0.0  0.0  0.0
  0.0  0.0  0.0  0.0  0.0  0.0  0.0  0.0 20.1  2.5 15.1  5.0  0.0  0.0  5.0
  0.0  0.0  0.0  0.0  0.0  2.5  0.0 12.6  2.5  5.0  0.0  0.0  5.0  2.5  0.0
    -14.86     -4.67     -2.34     -6.61     10.87  5.0  0.0  0.0  0.0  0.0
                                      t000295_s7_p1_qjpp.txt 19.5  4.4  132
 15.2  0.0  0.0 75.8  0.0  0.0  0.0  0.0  0.0  0.0  0.0  0.0  0.0  0.0  0.0
  0.0  0.0 15.2  7.6  0.0  0.0333.3 83.3 83.3  7.6 15.2  0.0  0.0  0.0  7.6
  0.0  7.6  0.0  0.0  0.0  7.6  7.6  0.0  0.0  0.0  0.0  0.0  7.6 15.2  7.6
  0.0  0.0  0.0  0.0  0.0 15.2 15.2 22.7  0.0  7.6 90.9 15.2  7.6 90.9  0.0
  0.0  0.0  0.0  0.0  0.0  0.0  0.0  0.0  0.0  0.0  0.0  0.0  0.0  0.0  0.0
  0.0  0.0  0.0  0.0  0.0  0.0  0.0  0.0  0.0  0.0  0.0  0.0  0.0  0.0  0.0
  0.0  0.0  0.0  0.0  0.0  0.0  0.0  0.0  0.0  0.0  0.0  0.0  0.0  0.0  0.0
  0.0  0.0  0.0  0.0  0.0  0.0  0.0  0.0  0.0  0.0  0.0  0.0  0.0  0.0  0.0
  0.0  0.0  0.0  0.0  0.0  0.0  0.0  0.0  0.0  0.0 15.2 15.2 22.7  7.6  0.0
  0.0  0.0  0.0  0.0  0.0  7.6  0.0 22.7  0.0  7.6  0.0  0.0  7.6  0.0  0.0
    -17.17     -4.81      7.14     -6.61      9.23  0.0  0.0  0.0  0.0  0.0
                                      t000295_s7_p2_qjpp.txt 27.3  3.9  290
  0.0  0.0  0.0 72.4  0.0  0.0  0.0 13.8 24.1  3.4  0.0  0.0  0.0  0.0  0.0
  0.0  0.0 10.3 10.3  0.0  0.0286.2 51.7 48.3  6.9  6.9  6.9  0.0  0.0 13.8
  0.0  0.0  0.0 13.8  0.0 24.1  6.9  0.0  0.0  0.0  0.0  3.4 13.8  3.4  6.9
  0.0  0.0  0.0  0.0  6.9 10.3 10.3 10.3  0.0 13.8 79.3 31.0  3.4 86.2  0.0
  0.0  0.0  0.0  0.0  0.0  0.0  0.0  0.0  0.0  0.0  0.0  0.0  0.0  0.0  0.0
  0.0  0.0  0.0  0.0  0.0  0.0  0.0  0.0  0.0  0.0  0.0  0.0  0.0  0.0  0.0
  0.0  3.4  0.0  0.0  0.0  3.4  0.0  0.0  0.0  0.0  3.4  0.0  0.0  0.0  0.0
  0.0  0.0  0.0  0.0  3.4  3.4  6.9  3.4  0.0  0.0  0.0  0.0  0.0  0.0  0.0
  0.0  0.0  0.0  0.0  0.0  0.0  0.0 20.7  0.0  0.0 10.3  3.4  0.0  0.0  0.0
  0.0  0.0  0.0  0.0  0.0  0.0  0.0 24.1  0.0  0.0  6.9  0.0  0.0  0.0  0.0
     -9.26     -3.87      2.56     -5.23     10.82  0.0  0.0  0.0  0.0  0.0
                                      t000296_s1_p1_qjpp.txt 30.0  5.2  245
  8.2  4.1  0.0 40.8  0.0  0.0  0.0  0.0 16.3  8.2  0.0  0.0  0.0  0.0  0.0
  0.0  0.0  4.1  0.0  0.0  0.0383.7126.5 44.9 36.7  8.2  8.2  4.1  0.0  0.0
  4.1  0.0  0.0  0.0  4.1 28.6 16.3  0.0  4.1  0.0  0.0  4.1  4.1  8.2  0.0
  8.2  0.0  8.2  0.0  8.2  4.1  0.0 16.3  0.0  4.1 61.2 24.5  4.1 93.9  0.0
  4.1  0.0  0.0  0.0  0.0  0.0  0.0  0.0  0.0  0.0  0.0  0.0  0.0  0.0  0.0
  0.0  0.0  0.0  8.2  0.0  8.2  0.0  0.0  0.0  0.0  0.0  0.0  0.0  0.0  0.0
  4.1  0.0  4.1  0.0  0.0  0.0  0.0  4.1  0.0  0.0  4.1  0.0  0.0  0.0  0.0
 16.3  0.0  0.0 16.3  8.2  4.1 12.2  4.1  0.0  0.0  0.0  0.0  0.0  0.0  0.0
  0.0  0.0  0.0  4.1  0.0  0.0  0.0  8.2 24.5  0.0 49.0 12.2  8.2  0.0  0.0
  0.0  0.0  0.0  0.0  0.0  4.1  0.0 32.7 16.3  8.2  4.1  0.0  0.0  0.0  0.0
    -23.84     -1.83      1.86     -3.66      2.79  0.0  0.0  0.0  0.0  0.0
                                     t000296_s11_p1_qjpp.txt 12.0  5.0   57
 17.5  0.0  0.0 52.6  0.0  0.0 17.5 17.5  0.0 17.5  0.0  0.0  0.0  0.0  0.0
 17.5  0.0  0.0 17.5  0.0  0.0280.7 87.7 17.5 17.5  0.0 17.5 17.5  0.0  0.0
  0.0  0.0  0.0  0.0  0.0 52.6 17.5  0.0  0.0  0.0  0.0 17.5  0.0 17.5  0.0
  0.0  0.0  0.0  0.0  0.0  0.0 17.5 17.5  0.0  0.0 17.5  0.0  0.0 87.7  0.0
  0.0  0.0  0.0  0.0  0.0  0.0  0.0  0.0  0.0  0.0  0.0  0.0  0.0  0.0  0.0
  0.0  0.0  0.0  0.0  0.0  0.0  0.0  0.0  0.0  0.0  0.0  0.0  0.0  0.0  0.0
  0.0  0.0 17.5  0.0  0.0  0.0  0.0  0.0  0.0  0.0  0.0  0.0  0.0  0.0  0.0
  0.0  0.0  0.0  0.0 17.5  0.0 17.5  0.0  0.0  0.0  0.0  0.0  0.0  0.0  0.0
  0.0  0.0  0.0  0.0  0.0  0.0  0.0  0.0 17.5  0.0 35.1  0.0 17.5 35.1  0.0
  0.0  0.0  0.0  0.0  0.0 17.5  0.0 17.5  0.0 17.5  0.0  0.0 35.1  0.0  0.0
      0.52      1.47     -2.02      0.41     -0.97  0.0  0.0  0.0  0.0  0.0
                                    t000296_s11_p10_qjpp.txt 14.8  5.6   67
 14.9  0.0  0.0 89.6  0.0  0.0  0.0  0.0  0.0  0.0  0.0  0.0  0.0  0.0  0.0
  0.0  0.0 14.9 14.9  0.0  0.0388.1 44.8 44.8  0.0 29.9  0.0  0.0  0.0  0.0
  0.0  0.0  0.0  0.0  0.0 59.7 29.9  0.0  0.0  0.0  0.0  0.0  0.0 14.9  0.0
  0.0  0.0  0.0  0.0  0.0 14.9 14.9 14.9  0.0  0.0 74.6 29.9  0.0149.3 44.8
  0.0  0.0  0.0  0.0  0.0  0.0  0.0  0.0  0.0  0.0  0.0  0.0  0.0  0.0  0.0
  0.0  0.0  0.0  0.0  0.0  0.0  0.0  0.0  0.0  0.0  0.0  0.0  0.0  0.0  0.0
  0.0  0.0  0.0 14.9  0.0  0.0  0.0  0.0  0.0  0.0  0.0  0.0  0.0  0.0  0.0
  0.0  0.0  0.0  0.0 14.9  0.0 14.9  0.0  0.0  0.0  0.0  0.0  0.0  0.0  0.0
  0.0  0.0  0.0  0.0  0.0  0.0  0.0  0.0 14.9 14.9 44.8 14.9 14.9 14.9  0.0
  0.0  0.0  0.0  0.0  0.0  0.0  0.0 74.6 14.9  0.0 14.9  0.0 14.9 14.9  0.0
    -16.45     -4.40     -2.42     -6.61     -1.36  0.0  0.0  0.0  0.0  0.0
                                    t000296_s11_p11_qjpp.txt 16.3  5.6   86
  0.0  0.0  0.0 69.8  0.0  0.0  0.0  0.0  0.0  0.0  0.0  0.0  0.0  0.0  0.0
  0.0  0.0 11.6  0.0  0.0  0.0465.1 58.1 46.5 34.9 23.3 11.6 11.6  0.0  0.0
  0.0  0.0  0.0  0.0  0.0 34.9 23.3  0.0 11.6  0.0 11.6  0.0 11.6  0.0  0.0
  0.0  0.0  0.0 11.6  0.0 23.3  0.0  0.0  0.0  0.0 46.5 23.3  0.0116.3  0.0
  0.0  0.0  0.0  0.0  0.0  0.0  0.0  0.0  0.0  0.0  0.0  0.0  0.0  0.0  0.0
  0.0  0.0  0.0  0.0  0.0  0.0  0.0  0.0  0.0  0.0  0.0  0.0  0.0  0.0  0.0
  0.0 11.6 11.6  0.0  0.0  0.0  0.0  0.0  0.0  0.0  0.0  0.0  0.0  0.0  0.0
  0.0  0.0  0.0  0.0 23.3  0.0 23.3  0.0  0.0  0.0  0.0  0.0  0.0  0.0  0.0
  0.0  0.0  0.0  0.0  0.0  0.0  0.0  0.0 81.4  0.0 81.4 11.6 34.9  0.0  0.0
  0.0  0.0  0.0  0.0  0.0  0.0  0.0 11.6 11.6 34.9 11.6  0.0 11.6  0.0  0.0
    -25.09      0.84     -1.01      2.68      3.64  0.0  0.0  0.0  0.0  0.0
                                    t000296_s11_p12_qjpp.txt 16.0  6.1   98
 30.6  0.0  0.0 71.4  0.0  0.0  0.0  0.0  0.0  0.0  0.0  0.0  0.0  0.0  0.0
  0.0  0.0  0.0  0.0  0.0  0.0387.8163.3 91.8 10.2 20.4 10.2  0.0  0.0  0.0
  0.0  0.0  0.0  0.0  0.0 51.0 10.2  0.0  0.0  0.0  0.0  0.0 10.2  0.0  0.0
  0.0 10.2  0.0 10.2 10.2  0.0 10.2  0.0  0.0  0.0122.4 20.4  0.0 61.2  0.0
  0.0  0.0  0.0  0.0  0.0  0.0  0.0  0.0  0.0  0.0  0.0  0.0  0.0  0.0  0.0
  0.0  0.0  0.0  0.0  0.0  0.0  0.0 10.2  0.0  0.0  0.0  0.0  0.0  0.0  0.0
  0.0  0.0  0.0  0.0  0.0  0.0  0.0  0.0 10.2  0.0  0.0  0.0  0.0  0.0  0.0
  0.0 10.2  0.0 10.2  0.0 10.2 10.2  0.0  0.0  0.0  0.0  0.0  0.0  0.0  0.0
  0.0  0.0  0.0  0.0  0.0  0.0  0.0  0.0 40.8 30.6  0.0  0.0 20.4 10.2  0.0
  0.0  0.0  0.0  0.0  0.0  0.0  0.0 10.2  0.0 10.2  0.0  0.0 10.2  0.0  0.0
    -31.23     -2.52     -1.93     -6.61      2.75 10.2  0.0  0.0  0.0  0.0
                                    t000296_s11_p13_qjpp.txt 28.8  5.4  193
 10.4  0.0  0.0108.8  0.0 10.4  5.2  0.0  0.0  0.0  0.0  0.0  0.0  0.0  0.0
  0.0  0.0  5.2 10.4  0.0  0.0409.3114.0 62.2  5.2  5.2  5.2  0.0  0.0 10.4
  0.0  0.0  0.0  0.0  0.0 25.9 10.4  5.2  0.0  0.0  0.0  0.0  5.2 15.5  0.0
  5.2  0.0  5.2  0.0  0.0 10.4 10.4 20.7  0.0 10.4 82.9  5.2  0.0139.9 10.4
  0.0  0.0  0.0  0.0  0.0  0.0  0.0  0.0  0.0  0.0  0.0  0.0  0.0  0.0  0.0
  0.0  0.0  0.0  0.0  0.0  5.2  0.0  0.0  0.0  0.0  0.0  0.0  0.0  0.0  0.0
  0.0  5.2  0.0  0.0  0.0  0.0  0.0  0.0  0.0  0.0  0.0  0.0  0.0  0.0  0.0
  5.2  0.0  0.0  5.2  5.2  0.0  5.2  0.0  0.0  0.0  0.0  0.0  0.0  0.0  0.0
  0.0  0.0  0.0  0.0  0.0  0.0  0.0  0.0 46.6 10.4 31.1 10.4 15.5  5.2  0.0
  0.0  0.0  0.0  0.0  0.0 10.4  0.0 67.4  5.2  5.2  5.2 10.4  0.0  0.0  0.0
    -19.57     -4.33      4.68     -5.37      3.64  0.0  0.0  0.0  0.0  0.0
                                     t000296_s11_p2_qjpp.txt 11.8  4.6   67
  0.0  0.0  0.0 89.6  0.0  0.0  0.0  0.0  0.0  0.0  0.0  0.0  0.0  0.0  0.0
  0.0  0.0 14.9  0.0  0.0  0.0298.5134.3 44.8  0.0  0.0  0.0  0.0  0.0  0.0
  0.0 14.9  0.0  0.0  0.0 29.9  0.0  0.0  0.0  0.0  0.0  0.0  0.0 59.7  0.0
  0.0 14.9  0.0 14.9  0.0 14.9 29.9 59.7  0.0  0.0 59.7  0.0  0.0104.5  0.0
  0.0  0.0  0.0  0.0  0.0  0.0  0.0  0.0  0.0  0.0  0.0  0.0  0.0  0.0  0.0
  0.0  0.0  0.0  0.0  0.0  0.0  0.0  0.0  0.0  0.0  0.0  0.0  0.0  0.0  0.0
  0.0  0.0  0.0  0.0  0.0  0.0  0.0  0.0  0.0  0.0  0.0  0.0  0.0  0.0  0.0
  0.0  0.0  0.0  0.0  0.0  0.0  0.0  0.0  0.0  0.0  0.0  0.0  0.0  0.0  0.0
  0.0  0.0  0.0  0.0  0.0  0.0  0.0  0.0  0.0 29.9 14.9 14.9  0.0  0.0  0.0
  0.0  0.0  0.0  0.0  0.0  0.0  0.0 44.8  0.0 29.9  0.0  0.0  0.0  0.0  0.0
    -19.28     -5.73      4.81     -6.61      5.42  0.0  0.0  0.0  0.0  0.0
                                     t000296_s11_p3_qjpp.txt 12.5  5.5   72
  0.0  0.0  0.0 69.4  0.0  0.0 13.9  0.0 13.9  0.0  0.0  0.0  0.0  0.0  0.0
 13.9  0.0  0.0 13.9  0.0  0.0347.2152.8 69.4 13.9  0.0  0.0  0.0  0.0  0.0
 13.9  0.0  0.0  0.0  0.0 27.8  0.0  0.0  0.0  0.0  0.0 13.9 13.9 13.9  0.0
  0.0  0.0  0.0 13.9  0.0  0.0 13.9 13.9  0.0 13.9 97.2 13.9  0.0 83.3  0.0
  0.0  0.0  0.0  0.0  0.0  0.0  0.0  0.0  0.0  0.0  0.0  0.0  0.0  0.0  0.0
  0.0  0.0  0.0  0.0  0.0  0.0  0.0  0.0  0.0  0.0  0.0  0.0  0.0  0.0  0.0
  0.0  0.0  0.0  0.0  0.0  0.0  0.0  0.0  0.0  0.0 13.9  0.0  0.0  0.0  0.0
  0.0  0.0  0.0  0.0  0.0  0.0  0.0 13.9  0.0  0.0  0.0  0.0  0.0  0.0  0.0
  0.0  0.0  0.0  0.0  0.0  0.0  0.0  0.0 41.7  0.0 27.8 13.9 13.9  0.0  0.0
  0.0  0.0  0.0  0.0  0.0  0.0  0.0 41.7 13.9  0.0  0.0  0.0  0.0  0.0  0.0
    -18.35     -5.27     12.02     -1.05      7.16  0.0  0.0  0.0  0.0  0.0
                                     t000296_s11_p4_qjpp.txt 20.8  5.6  118
  0.0  0.0  0.0 93.2  0.0  0.0  0.0  8.5  0.0  0.0  0.0  0.0  0.0  0.0  0.0
  0.0  0.0  0.0  0.0  0.0  0.0406.8152.5 42.4  8.5 33.9  0.0  0.0  0.0 16.9
  0.0  0.0  0.0  0.0  8.5 16.9  0.0  0.0  0.0  0.0  0.0  0.0  0.0  0.0  8.5
  8.5  0.0  0.0  0.0  0.0  0.0  0.0 16.9  0.0 16.9 50.8 33.9 16.9127.1  0.0
  8.5  0.0  0.0  0.0  0.0  0.0  0.0  0.0  0.0  0.0  0.0  0.0  0.0  0.0  0.0
  0.0  0.0  0.0  0.0  0.0  8.5  0.0  0.0  0.0  0.0  0.0  0.0  0.0  0.0  0.0
  8.5  0.0  0.0  0.0  0.0  0.0  0.0  0.0  0.0  0.0  0.0  0.0  0.0  0.0  0.0
  8.5  0.0  0.0  8.5  8.5  0.0  8.5  0.0  0.0  0.0  0.0  0.0  0.0  0.0  0.0
  0.0  0.0  0.0  0.0  0.0  0.0  0.0  0.0  8.5  8.5 16.9  8.5  0.0 16.9 16.9
  0.0  8.5  0.0  0.0  0.0  0.0  0.0  8.5  8.5  8.5  8.5  0.0  0.0  0.0  0.0
    -27.63     -3.94      5.99     -6.61      5.63  0.0  0.0  0.0  0.0  0.0
                                     t000296_s11_p5_qjpp.txt 20.8  5.6  117
  8.5  0.0  0.0 51.3  0.0  0.0  0.0  0.0  0.0  0.0  0.0  8.5  0.0  0.0  0.0
  0.0  0.0  0.0  0.0  0.0  0.0350.4 85.5 51.3 25.6 17.1  0.0  8.5  0.0  8.5
  0.0  0.0  0.0  0.0  0.0 42.7  8.5  0.0  0.0  0.0  0.0  0.0  8.5  0.0  0.0
  0.0  0.0  0.0  0.0  8.5  0.0  8.5  0.0  0.0  8.5128.2 17.1  8.5 94.0  0.0
  0.0  0.0  0.0  0.0  0.0  0.0  0.0  0.0  0.0  0.0  0.0  0.0  0.0  0.0  0.0
  0.0  0.0  0.0  0.0  0.0  0.0  0.0  0.0  0.0  8.5  0.0  0.0  0.0  0.0  0.0
  0.0  0.0  0.0  0.0  8.5  0.0  0.0  0.0  0.0  0.0  0.0  0.0  0.0  0.0  0.0
  0.0  8.5  0.0  8.5  0.0  8.5  8.5  0.0  0.0  0.0  0.0  0.0  0.0  0.0  0.0
  0.0  0.0  0.0  0.0  0.0  0.0  0.0  0.0  0.0  0.0  0.0  8.5  0.0  0.0  0.0
  0.0  0.0  0.0  8.5  0.0  8.5  0.0 17.1  0.0 17.1  0.0  8.5  0.0  0.0  0.0
    -21.39     -2.54      2.82     -6.61      1.72  0.0  0.0  0.0  0.0  0.0
                                     t000296_s11_p6_qjpp.txt 11.8  6.3   63
  0.0  0.0  0.0 63.5  0.0  0.0  0.0  0.0  0.0  0.0  0.0  0.0  0.0  0.0  0.0
  0.0  0.0  0.0 15.9  0.0  0.0396.8 79.4127.0  0.0 31.7 31.7  0.0  0.0  0.0
  0.0  0.0  0.0  0.0  0.0 31.7 15.9  0.0  0.0  0.0  0.0  0.0 15.9  0.0  0.0
  0.0 15.9  0.0  0.0  0.0  0.0 31.7  0.0  0.0  0.0142.9 31.7  0.0 79.4  0.0
  0.0  0.0  0.0  0.0  0.0  0.0  0.0  0.0  0.0  0.0  0.0  0.0  0.0  0.0  0.0
  0.0  0.0  0.0  0.0  0.0  0.0  0.0  0.0  0.0  0.0  0.0  0.0  0.0  0.0  0.0
  0.0  0.0  0.0  0.0  0.0  0.0  0.0  0.0  0.0  0.0  0.0  0.0  0.0  0.0  0.0
  0.0  0.0  0.0  0.0  0.0  0.0  0.0  0.0  0.0  0.0  0.0  0.0  0.0  0.0  0.0
  0.0  0.0  0.0  0.0  0.0  0.0  0.0  0.0  0.0 47.6 15.9  0.0  0.0  0.0  0.0
  0.0  0.0  0.0  0.0  0.0 15.9  0.0 31.7  0.0  0.0  0.0  0.0  0.0 15.9  0.0
    -30.38      1.79     -0.83     -6.61      6.29  0.0  0.0  0.0  0.0  0.0
                                     t000296_s11_p7_qjpp.txt 12.0  5.7   65
  0.0  0.0  0.0 92.3  0.0  0.0 15.4 15.4  0.0  0.0  0.0  0.0  0.0  0.0  0.0
  0.0  0.0  0.0 15.4  0.0  0.0384.6153.8 61.5 15.4  0.0 30.8  0.0  0.0  0.0
  0.0  0.0  0.0  0.0  0.0 15.4  0.0  0.0  0.0  0.0  0.0  0.0  0.0 15.4  0.0
  0.0  0.0  0.0  0.0  0.0  0.0 15.4 15.4  0.0  0.0 76.9  0.0  0.0 92.3  0.0
  0.0  0.0  0.0  0.0  0.0  0.0  0.0  0.0  0.0  0.0  0.0  0.0  0.0  0.0  0.0
  0.0  0.0  0.0  0.0  0.0  0.0  0.0  0.0  0.0  0.0  0.0  0.0  0.0  0.0  0.0
  0.0  0.0  0.0  0.0  0.0  0.0  0.0  0.0  0.0  0.0  0.0  0.0  0.0  0.0  0.0
  0.0  0.0  0.0  0.0  0.0  0.0  0.0  0.0  0.0  0.0  0.0  0.0  0.0  0.0  0.0
  0.0  0.0  0.0  0.0  0.0  0.0  0.0  0.0 15.4 30.8 30.8  0.0  0.0  0.0  0.0
  0.0  0.0  0.0  0.0  0.0  0.0  0.0  0.0  0.0  0.0 15.4  0.0 30.8  0.0  0.0
    -20.40      0.70      0.10     -6.61     -1.30  0.0  0.0  0.0  0.0  0.0
                                     t000296_s11_p8_qjpp.txt 29.5  5.5  250
 12.0  0.0  0.0112.0  0.0  0.0  0.0  0.0  0.0  4.0  0.0  0.0  0.0 12.0  0.0
  0.0  0.0  4.0  0.0  0.0  0.0316.0 84.0 68.0 16.0 20.0  8.0  0.0  0.0 12.0
  4.0  0.0  0.0  0.0  4.0 44.0  8.0  0.0  0.0  0.0  0.0  0.0 12.0  4.0  0.0
  0.0  4.0  8.0  0.0  4.0  4.0  4.0  4.0  0.0 16.0112.0 20.0  0.0140.0  4.0
  0.0  0.0  0.0  0.0  0.0  0.0  0.0  0.0  0.0  0.0  0.0  0.0  0.0  0.0  0.0
  0.0  0.0  0.0  0.0  0.0  4.0  4.0  0.0  0.0  0.0  0.0  0.0  0.0  4.0  0.0
  0.0  0.0  0.0  0.0  0.0  0.0  0.0  0.0  0.0  4.0  0.0  0.0  4.0  4.0  0.0
  8.0  0.0  4.0 12.0  0.0  0.0  4.0  8.0  0.0  0.0  0.0  0.0  0.0  0.0  0.0
  0.0  0.0  0.0  0.0  0.0  0.0  0.0  0.0 24.0  0.0 44.0  8.0  0.0 12.0  0.0
  4.0  0.0  0.0  0.0  0.0 20.0  0.0 60.0  0.0 16.0  0.0  4.0  8.0  0.0  0.0
    -16.21     -2.77      6.93     -6.61      4.48  0.0  0.0  0.0  0.0  0.0
                                     t000296_s11_p9_qjpp.txt  6.5  5.7   27
 37.0  0.0  0.0 74.1  0.0  0.0  0.0  0.0  0.0  0.0  0.0  0.0  0.0  0.0  0.0
  0.0  0.0  0.0  0.0  0.0  0.0481.5111.1 37.0  0.0 37.0  0.0  0.0  0.0  0.0
  0.0  0.0  0.0  0.0  0.0  0.0  0.0  0.0  0.0  0.0  0.0  0.0  0.0  0.0  0.0
  0.0  0.0 37.0  0.0  0.0  0.0  0.0  0.0  0.0  0.0 74.1 37.0  0.0111.1 37.0
  0.0  0.0  0.0  0.0  0.0  0.0  0.0  0.0  0.0  0.0  0.0  0.0  0.0  0.0  0.0
  0.0  0.0  0.0  0.0  0.0 37.0  0.0  0.0  0.0  0.0  0.0  0.0  0.0  0.0  0.0
  0.0  0.0  0.0  0.0  0.0  0.0  0.0  0.0  0.0  0.0  0.0  0.0  0.0  0.0  0.0
 37.0  0.0  0.0 37.0  0.0  0.0  0.0  0.0  0.0  0.0  0.0  0.0  0.0  0.0  0.0
  0.0  0.0  0.0  0.0  0.0  0.0  0.0  0.0 37.0  0.0 37.0 37.0  0.0 37.0  0.0
  0.0  0.0  0.0  0.0  0.0  0.0  0.0 37.0  0.0  0.0 37.0  0.0 37.0  0.0  0.0
    -27.22     -4.08      0.97     -6.61     -3.63  0.0 37.0  0.0  0.0  0.0
                                     t000296_s14_p1_qjpp.txt 23.5  5.1  159
  6.3  0.0  0.0 69.2  0.0 12.6  0.0  0.0  0.0 18.9  0.0  0.0  0.0  0.0  0.0
  0.0  0.0  6.3  0.0  6.3  0.0389.9 94.3 94.3 18.9  6.3  0.0  0.0  0.0  6.3
  0.0  6.3  0.0  0.0  0.0 18.9 25.2  0.0  0.0  6.3  0.0  0.0  0.0 12.6  0.0
  6.3  6.3  0.0  0.0  0.0  6.3 18.9 18.9  6.3  6.3119.5  6.3  0.0119.5  6.3
  0.0  0.0  0.0  0.0  0.0  0.0  0.0  0.0  0.0  0.0  0.0  0.0  0.0  0.0  0.0
  0.0  0.0  0.0  0.0  0.0  0.0  0.0  0.0  0.0  6.3  0.0  0.0  0.0  0.0  0.0
  0.0  0.0  0.0  0.0  6.3  0.0  0.0  6.3  0.0  0.0  0.0  0.0  0.0  6.3  0.0
  0.0  6.3  0.0  6.3  0.0 12.6 12.6  6.3  0.0  0.0  0.0  0.0  0.0  0.0  0.0
  0.0  0.0  0.0  0.0  0.0  0.0  0.0  6.3 25.2  0.0 25.2  0.0 12.6 18.9  0.0
  0.0  0.0  0.0  0.0  0.0  6.3  0.0 25.2  0.0 12.6  0.0  6.3  0.0  0.0  0.0
    -14.14     -4.83      5.38     -3.75      0.31  0.0  0.0  0.0  0.0  0.0
                                    t000296_s14_p10_qjpp.txt 23.0  5.3  139
  7.2  0.0  0.0 50.4  0.0  0.0  0.0  0.0 14.4  0.0  0.0  0.0  0.0  7.2  0.0
  0.0  0.0  0.0  0.0  0.0  0.0402.9136.7 36.0 36.0  7.2  7.2  7.2  7.2  0.0
  0.0  7.2  0.0  0.0  0.0  7.2  7.2  0.0  0.0  7.2  0.0  0.0  0.0 14.4  7.2
 14.4  0.0  7.2  0.0  0.0  0.0 14.4 36.0  0.0  7.2 86.3 21.6  0.0115.1  0.0
  7.2  0.0  0.0  0.0  0.0  0.0  0.0  0.0  0.0  0.0  0.0  0.0  0.0  0.0  0.0
  0.0  0.0  0.0  0.0  0.0  0.0  7.2  0.0  0.0  0.0  0.0  0.0  0.0  0.0  0.0
  0.0  0.0  0.0  0.0  0.0  7.2  0.0  0.0  0.0  0.0  0.0  0.0  0.0  0.0  0.0
  7.2  0.0  0.0  7.2  0.0  7.2  7.2  0.0  0.0  0.0  0.0  0.0  0.0  0.0  0.0
  0.0  0.0  0.0  0.0  0.0  0.0  0.0  7.2 21.6  7.2 71.9  7.2 14.4 28.8  7.2
  0.0  0.0  0.0  0.0  0.0 14.4  0.0 43.2  7.2 21.6 14.4  0.0  0.0  0.0  0.0
    -24.32     -1.51      7.46     -3.34      8.73  0.0  0.0  0.0  0.0  0.0
                                    t000296_s14_p11_qjpp.txt 18.8  5.0  111
  9.0  0.0  0.0 99.1  0.0  9.0  9.0  0.0  0.0  0.0  0.0  9.0  0.0  0.0  0.0
  0.0  0.0  0.0  0.0  0.0  0.0315.3144.1 81.1  0.0 27.0  0.0  0.0  0.0  9.0
  0.0  9.0  0.0  0.0  0.0 27.0  9.0  0.0  0.0  0.0  9.0  0.0  9.0  9.0  0.0
  9.0  9.0  9.0  0.0  9.0  9.0 27.0 18.0  0.0  9.0117.1 27.0  0.0117.1  0.0
  0.0  0.0  0.0  0.0  0.0  0.0  0.0  0.0  0.0  0.0  0.0  0.0  0.0  0.0  0.0
  0.0  0.0  0.0  0.0  0.0  9.0  0.0  0.0  0.0  0.0  0.0  0.0  0.0  0.0  0.0
  0.0  0.0  0.0  0.0  0.0  0.0  0.0  0.0  0.0  0.0  0.0  0.0  9.0  0.0  0.0
  9.0  0.0  0.0  9.0  0.0  0.0  0.0  9.0  0.0  0.0  0.0  0.0  0.0  0.0  0.0
  0.0  0.0  0.0  0.0  0.0  0.0  0.0  0.0  9.0 18.0 18.0  0.0 27.0  0.0  0.0
  0.0  0.0  0.0  0.0  0.0  9.0  0.0 54.1  9.0  0.0  0.0  0.0  0.0  0.0  0.0
    -16.54     -4.53      7.28     -2.32      6.28  0.0  0.0  0.0  0.0  0.0
                                    t000296_s14_p12_qjpp.txt  9.8  5.0   57
 17.5  0.0  0.0 87.7  0.0  0.0  0.0  0.0 17.5 17.5  0.0  0.0  0.0  0.0  0.0
  0.0  0.0  0.0  0.0  0.0  0.0315.8105.3 35.1 35.1  0.0  0.0  0.0  0.0  0.0
  0.0  0.0  0.0  0.0  0.0 17.5 17.5  0.0  0.0  0.0  0.0  0.0  0.0  0.0  0.0
  0.0  0.0  0.0  0.0  0.0  0.0  0.0  0.0  0.0  0.0 70.2 17.5  0.0140.4  0.0
  0.0  0.0  0.0  0.0  0.0  0.0  0.0  0.0  0.0  0.0  0.0  0.0  0.0  0.0  0.0
  0.0  0.0  0.0  0.0  0.0  0.0  0.0  0.0  0.0  0.0  0.0  0.0  0.0  0.0  0.0
  0.0  0.0  0.0  0.0  0.0  0.0  0.0  0.0  0.0  0.0 17.5  0.0  0.0  0.0  0.0
  0.0  0.0  0.0  0.0  0.0  0.0  0.0 17.5  0.0  0.0  0.0  0.0  0.0  0.0  0.0
  0.0  0.0  0.0  0.0  0.0  0.0  0.0  0.0 17.5  0.0 17.5  0.0  0.0  0.0  0.0
  0.0  0.0  0.0  0.0  0.0  0.0  0.0 87.7  0.0 17.5  0.0  0.0  0.0  0.0  0.0
    -18.76     -4.57     -0.02     -6.61     -3.63  0.0  0.0  0.0  0.0  0.0
                                     t000296_s14_p2_qjpp.txt  9.8  5.7   43
 46.5  0.0  0.0 46.5  0.0  0.0  0.0  0.0  0.0  0.0  0.0  0.0  0.0  0.0  0.0
  0.0  0.0  0.0  0.0  0.0  0.0418.6139.5 69.8 23.3 69.8  0.0  0.0  0.0  0.0
  0.0  0.0  0.0  0.0  0.0 23.3  0.0  0.0  0.0  0.0  0.0  0.0  0.0  0.0  0.0
  0.0  0.0  0.0  0.0  0.0  0.0  0.0  0.0  0.0  0.0 69.8 69.8  0.0 69.8  0.0
  0.0  0.0  0.0  0.0  0.0  0.0  0.0  0.0  0.0  0.0  0.0  0.0  0.0  0.0  0.0
  0.0  0.0  0.0  0.0  0.0  0.0  0.0  0.0  0.0  0.0  0.0  0.0  0.0  0.0  0.0
  0.0  0.0  0.0  0.0  0.0  0.0  0.0  0.0  0.0  0.0  0.0  0.0  0.0  0.0  0.0
  0.0  0.0  0.0  0.0  0.0  0.0  0.0  0.0  0.0  0.0  0.0  0.0  0.0  0.0  0.0
  0.0  0.0  0.0  0.0  0.0  0.0  0.0 23.3  0.0  0.0 23.3  0.0  0.0  0.0  0.0
  0.0  0.0  0.0  0.0  0.0  0.0  0.0  0.0 23.3 23.3  0.0  0.0 23.3  0.0  0.0
    -28.16     -1.86     -0.35     -6.61     -3.63  0.0  0.0  0.0  0.0  0.0
                                     t000296_s14_p3_qjpp.txt 12.8  5.3   63
 15.9  0.0  0.0 79.4  0.0  0.0 31.7  0.0  0.0 15.9  0.0  0.0  0.0  0.0  0.0
  0.0  0.0  0.0 15.9  0.0  0.0333.3 79.4 79.4 63.5  0.0  0.0  0.0  0.0 31.7
  0.0  0.0  0.0  0.0  0.0 15.9 31.7  0.0  0.0  0.0  0.0  0.0  0.0  0.0  0.0
  0.0 15.9  0.0  0.0  0.0  0.0 31.7  0.0  0.0 31.7127.0  0.0  0.0174.6  0.0
  0.0  0.0  0.0  0.0  0.0  0.0  0.0  0.0  0.0  0.0  0.0  0.0  0.0  0.0  0.0
  0.0  0.0  0.0  0.0  0.0 15.9  0.0  0.0  0.0  0.0  0.0  0.0  0.0  0.0  0.0
 15.9  0.0  0.0  0.0  0.0  0.0  0.0  0.0  0.0  0.0  0.0  0.0  0.0  0.0  0.0
 15.9  0.0  0.0 15.9 15.9  0.0 15.9  0.0  0.0  0.0  0.0  0.0  0.0  0.0  0.0
  0.0  0.0  0.0  0.0  0.0  0.0  0.0  0.0 47.6  0.0 15.9  0.0  0.0  0.0  0.0
  0.0  0.0  0.0  0.0  0.0 15.9  0.0 47.6 15.9 15.9 15.9  0.0  0.0  0.0  0.0
    -12.57     -3.64     15.94     -6.61     -3.63  0.0  0.0  0.0  0.0  0.0
                                     t000296_s14_p4_qjpp.txt 27.3  5.3  163
 12.3  0.0  0.0 36.8  0.0  0.0  0.0  0.0  6.1  6.1  0.0  0.0  0.0  0.0  0.0
  0.0  0.0  0.0  6.1  0.0  0.0417.2116.6 67.5 24.5 12.3  0.0  0.0  0.0  0.0
  0.0  0.0  0.0  0.0  6.1 12.3 12.3  0.0  0.0  0.0  0.0  0.0  0.0  6.1  6.1
  6.1  0.0  0.0  0.0  6.1  0.0  6.1 18.4  0.0  0.0 85.9 18.4  0.0 85.9  0.0
  0.0  0.0  0.0  0.0  0.0  0.0  0.0  0.0  0.0  0.0  0.0  0.0  0.0  0.0  0.0
  0.0  0.0  0.0  0.0  0.0  0.0  0.0  6.1  0.0  0.0  0.0  0.0  0.0  0.0  0.0
  0.0  0.0  0.0  0.0  0.0  0.0  0.0  0.0  6.1  0.0 12.3  0.0  0.0  0.0  0.0
  0.0  6.1  0.0  6.1  0.0  6.1  6.1 12.3  0.0  0.0  0.0  0.0  0.0  0.0  0.0
  0.0  0.0  0.0  6.1  0.0  0.0  0.0  6.1 18.4  0.0  0.0  6.1  6.1 18.4  0.0
  0.0  0.0  0.0  0.0  0.0 12.3  0.0 24.5  0.0  0.0  0.0  0.0  6.1  0.0  0.0
    -27.29     -4.38     -1.53     -6.61      4.00  0.0  0.0  0.0  0.0  0.0
                                     t000296_s14_p5_qjpp.txt 15.8  5.7   94
  0.0  0.0  0.0 85.1  0.0  0.0  0.0  0.0  0.0  0.0  0.0  0.0  0.0  0.0  0.0
  0.0  0.0 21.3 10.6  0.0  0.0383.0127.7 85.1 10.6 10.6  0.0  0.0 31.9  0.0
  0.0  0.0  0.0  0.0  0.0 31.9 10.6  0.0  0.0  0.0  0.0  0.0 31.9 31.9  0.0
  0.0  0.0  0.0  0.0 10.6 21.3 10.6 31.9  0.0 31.9106.4 10.6  0.0117.0 10.6
  0.0  0.0  0.0  0.0  0.0  0.0  0.0  0.0  0.0  0.0  0.0  0.0  0.0  0.0  0.0
  0.0  0.0  0.0  0.0  0.0  0.0  0.0  0.0  0.0  0.0  0.0  0.0  0.0  0.0  0.0
  0.0  0.0  0.0  0.0  0.0  0.0  0.0  0.0  0.0  0.0  0.0  0.0  0.0  0.0  0.0
  0.0  0.0  0.0  0.0  0.0  0.0  0.0  0.0  0.0  0.0  0.0  0.0  0.0  0.0  0.0
  0.0  0.0  0.0  0.0  0.0  0.0  0.0  0.0 10.6  0.0 10.6  0.0  0.0 10.6  0.0
 10.6  0.0  0.0  0.0  0.0  0.0 10.6 31.9 10.6 31.9  0.0  0.0 10.6  0.0  0.0
    -22.40     -4.90     17.93     -6.61     21.16  0.0  0.0  0.0  0.0  0.0
                                     t000296_s14_p6_qjpp.txt  5.0  4.9   22
  0.0  0.0  0.0 90.9  0.0  0.0  0.0  0.0  0.0 45.5  0.0  0.0  0.0  0.0  0.0
  0.0  0.0  0.0  0.0  0.0  0.0409.1136.4  0.0 45.5  0.0  0.0  0.0  0.0  0.0
  0.0  0.0  0.0  0.0  0.0 45.5  0.0  0.0  0.0  0.0  0.0  0.0  0.0  0.0  0.0
  0.0  0.0  0.0  0.0  0.0  0.0  0.0  0.0  0.0  0.0  0.0  0.0  0.0136.4  0.0
  0.0  0.0  0.0  0.0  0.0  0.0  0.0  0.0  0.0  0.0  0.0  0.0  0.0  0.0  0.0
  0.0  0.0  0.0  0.0  0.0  0.0  0.0  0.0  0.0  0.0  0.0  0.0  0.0  0.0  0.0
  0.0  0.0  0.0  0.0  0.0  0.0  0.0  0.0  0.0  0.0  0.0  0.0  0.0  0.0  0.0
  0.0  0.0  0.0  0.0  0.0  0.0  0.0  0.0  0.0  0.0  0.0  0.0  0.0  0.0  0.0
  0.0  0.0  0.0  0.0  0.0  0.0  0.0  0.0 90.9  0.0  0.0  0.0 45.5  0.0  0.0
  0.0  0.0  0.0  0.0  0.0  0.0  0.0 45.5  0.0  0.0 45.5  0.0  0.0  0.0  0.0
    -18.69     -4.23     -1.61     -6.61     -3.63  0.0  0.0  0.0  0.0  0.0
                                     t000296_s14_p7_qjpp.txt 26.3  5.0  180
 11.1  5.6  0.0 72.2  0.0  0.0 11.1  0.0 11.1  0.0  0.0  0.0  0.0  0.0  0.0
  0.0  0.0  5.6  5.6  0.0  0.0350.0100.0 44.4 61.1  0.0  5.6  0.0  0.0 11.1
  0.0  5.6  0.0  0.0  0.0 16.7  5.6  0.0  5.6  0.0  0.0  0.0  5.6 38.9  0.0
  5.6  0.0  0.0  0.0  0.0  5.6 11.1 44.4  0.0 11.1 44.4 11.1  0.0161.1 11.1
  0.0  0.0  0.0  0.0  0.0  0.0  0.0  0.0  0.0  0.0  0.0  0.0  0.0  0.0  0.0
  0.0  0.0  0.0  0.0  0.0  0.0  0.0  0.0  0.0  0.0  0.0  0.0  0.0  0.0  0.0
  0.0  0.0  0.0  0.0  0.0  0.0  0.0  0.0  0.0  0.0  0.0  0.0  0.0  0.0  0.0
  0.0  0.0  0.0  0.0  0.0  0.0  0.0  0.0  0.0  0.0  0.0  0.0  0.0  0.0  0.0
  0.0  0.0  0.0  0.0  0.0  0.0  0.0 16.7 16.7 16.7 11.1  5.6 33.3  5.6  5.6
  0.0  0.0  0.0  0.0  0.0 11.1  0.0 77.8  0.0 27.8  0.0  0.0 11.1  0.0  0.0
    -17.26     -2.65      7.64     -4.81      7.53  0.0  0.0  0.0  0.0  0.0
                                     t000296_s14_p8_qjpp.txt 13.3  5.3   75
 26.7  0.0  0.0 80.0  0.0  0.0  0.0  0.0  0.0  0.0  0.0  0.0  0.0  0.0  0.0
  0.0  0.0  0.0  0.0  0.0  0.0266.7120.0 80.0 40.0 13.3  0.0  0.0  0.0 13.3
  0.0 13.3  0.0  0.0 13.3 66.7 40.0  0.0  0.0  0.0  0.0  0.0 13.3 26.7  0.0
  0.0  0.0  0.0  0.0  0.0  0.0 13.3 26.7  0.0 13.3133.3 13.3  0.0160.0  0.0
  0.0  0.0  0.0  0.0  0.0  0.0  0.0  0.0  0.0  0.0  0.0  0.0  0.0  0.0  0.0
  0.0  0.0  0.0  0.0  0.0  0.0  0.0  0.0  0.0  0.0  0.0  0.0  0.0  0.0  0.0
  0.0 13.3  0.0  0.0  0.0  0.0  0.0  0.0  0.0  0.0  0.0  0.0  0.0  0.0  0.0
  0.0  0.0  0.0  0.0 13.3  0.0 13.3  0.0  0.0  0.0  0.0  0.0  0.0  0.0  0.0
  0.0  0.0  0.0  0.0  0.0  0.0  0.0  0.0 26.7  0.0 66.7 13.3  0.0 26.7  0.0
  0.0  0.0  0.0  0.0  0.0  0.0  0.0 53.3  0.0 40.0  0.0  0.0 13.3  0.0  0.0
    -23.49     -3.82      4.87     -6.61      8.75  0.0  0.0  0.0  0.0  0.0
                                     t000296_s14_p9_qjpp.txt 28.5  5.2  194
 15.5  0.0  0.0 56.7  0.0  0.0  0.0  5.2  0.0 10.3  0.0  5.2  0.0  0.0  0.0
  5.2  0.0  5.2  5.2  0.0  0.0293.8113.4 30.9 61.9  5.2  0.0  5.2  5.2 10.3
  0.0  0.0  0.0  0.0  0.0 10.3 15.5  0.0  5.2  5.2  0.0  0.0  5.2 20.6  5.2
  5.2  0.0  5.2  5.2 20.6  5.2 15.5 30.9  0.0 15.5 92.8  5.2  0.0134.0  0.0
  5.2  0.0  0.0  0.0  0.0  0.0  0.0  0.0  0.0  0.0  0.0  0.0  0.0  0.0  0.0
  0.0  0.0  0.0  5.2  0.0  0.0  5.2  0.0  0.0  0.0  0.0  0.0  0.0  0.0  0.0
  5.2  0.0  0.0  0.0  0.0  0.0  0.0  5.2  0.0  0.0  0.0  0.0  0.0  0.0  0.0
 10.3  0.0  0.0 10.3  5.2  5.2 10.3  0.0  0.0  0.0  0.0  0.0  0.0  0.0  0.0
  0.0  0.0  0.0  0.0  0.0  0.0  0.0  5.2 15.5  0.0  5.2  0.0 25.8 15.5  0.0
  0.0  5.2  0.0  0.0  0.0  5.2  0.0 30.9  5.2 30.9  0.0  0.0 10.3  0.0  0.0
    -12.62     -2.51      8.57     -2.60      8.35  0.0  0.0  0.0  0.0  0.0
                                     t000296_s19_p1_qjpp.txt 17.5  5.5  103
 19.4  0.0  0.0 58.3  0.0  0.0  0.0  0.0  9.7  0.0  0.0  0.0  0.0  0.0  0.0
  0.0  0.0  0.0  0.0  0.0  0.0456.3126.2 19.4 38.8  0.0  0.0  9.7  0.0  0.0
  0.0  0.0  0.0  0.0  0.0 38.8  0.0  0.0  0.0  0.0  0.0  0.0  9.7  0.0  9.7
  0.0  0.0  9.7  9.7  0.0  0.0  0.0  9.7  0.0  0.0 29.1  9.7  0.0 97.1  0.0
  0.0  0.0  0.0  0.0  0.0  0.0  0.0  0.0  0.0  0.0  0.0  0.0  0.0  0.0  0.0
  0.0  0.0  0.0  9.7  0.0  0.0  0.0  0.0  0.0  0.0  0.0  0.0  0.0  0.0  0.0
  0.0  0.0  0.0  0.0  0.0  0.0  0.0  0.0  0.0  0.0  0.0  0.0  0.0  0.0  0.0
  9.7  0.0  0.0  9.7  0.0  0.0  0.0  0.0  0.0  0.0  0.0  0.0  0.0  0.0  0.0
  0.0  0.0  0.0  0.0  0.0  0.0  0.0  0.0 48.5  9.7 87.4  0.0  9.7 29.1  0.0
  0.0  0.0  0.0  0.0  0.0  0.0  0.0 29.1 19.4  9.7  9.7  0.0  0.0  0.0  0.0
    -27.24     -2.65     -1.23     -6.61      9.91  0.0  0.0  0.0  0.0  0.0
                                     t000296_s19_p2_qjpp.txt 15.8  5.3   95
 21.1  0.0  0.0 94.7  0.0  0.0 10.5 10.5  0.0  0.0  0.0  0.0  0.0  0.0 10.5
  0.0  0.0  0.0 10.5  0.0  0.0305.3105.3 31.6 31.6 21.1  0.0 10.5  0.0  0.0
  0.0  0.0  0.0  0.0  0.0 42.1 21.1  0.0  0.0  0.0  0.0  0.0 21.1 10.5 10.5
  0.0  0.0 10.5  0.0  0.0  0.0 10.5 21.1  0.0  0.0 73.7 21.1  0.0147.4  0.0
  0.0  0.0  0.0  0.0  0.0  0.0  0.0  0.0  0.0  0.0  0.0  0.0  0.0  0.0  0.0
  0.0  0.0  0.0  0.0  0.0  0.0 21.1  0.0  0.0  0.0  0.0  0.0  0.0  0.0  0.0
  0.0  0.0  0.0 10.5  0.0  0.0  0.0  0.0  0.0  0.0  0.0  0.0  0.0  0.0  0.0
 21.1  0.0  0.0 21.1 10.5  0.0 10.5  0.0  0.0  0.0  0.0  0.0  0.0  0.0  0.0
  0.0  0.0  0.0  0.0  0.0  0.0  0.0  0.0 21.1 10.5  0.0  0.0  0.0 21.1  0.0
  0.0  0.0  0.0  0.0  0.0  0.0  0.0 73.7 10.5 10.5  0.0  0.0 31.6 10.5  0.0
     -6.71     -1.80     -1.42     -6.61     19.22  0.0  0.0  0.0  0.0  0.0
                                     t000296_s19_p3_qjpp.txt 13.0  5.0   91
 65.9  0.0  0.0131.9  0.0  0.0  0.0  0.0 11.0  0.0  0.0  0.0  0.0  0.0  0.0
  0.0  0.0 22.0  0.0  0.0  0.0219.8142.9 44.0 33.0 11.0  0.0  0.0  0.0  0.0
  0.0  0.0  0.0  0.0  0.0 11.0  0.0  0.0  0.0  0.0  0.0  0.0  0.0 11.0  0.0
  0.0 11.0 22.0  0.0  0.0 22.0 11.0 11.0  0.0  0.0120.9 22.0  0.0175.8 22.0
  0.0  0.0  0.0  0.0  0.0  0.0  0.0  0.0  0.0  0.0  0.0  0.0  0.0  0.0  0.0
  0.0  0.0  0.0  0.0  0.0  0.0 22.0  0.0  0.0  0.0  0.0  0.0  0.0  0.0  0.0
  0.0  0.0  0.0  0.0  0.0  0.0  0.0  0.0  0.0  0.0  0.0  0.0  0.0  0.0  0.0
 22.0  0.0  0.0 22.0  0.0  0.0  0.0  0.0  0.0  0.0  0.0  0.0  0.0  0.0  0.0
  0.0  0.0  0.0  0.0  0.0  0.0  0.0  0.0 44.0  0.0  0.0  0.0  0.0  0.0  0.0
  0.0  0.0  0.0  0.0  0.0  0.0  0.0 76.9  0.0 54.9  0.0  0.0 44.0  0.0  0.0
     -8.53     -4.15      0.35     -6.61     -1.96  0.0  0.0  0.0  0.0  0.0
                                      t000296_s4_p1_qjpp.txt 13.3  5.7   83
 12.0  0.0  0.0 48.2  0.0  0.0 12.0  0.0  0.0  0.0  0.0  0.0  0.0  0.0  0.0
  0.0  0.0  0.0  0.0  0.0  0.0457.8144.6 84.3 48.2  0.0  0.0  0.0  0.0  0.0
  0.0  0.0  0.0  0.0  0.0 12.0  0.0  0.0  0.0  0.0  0.0  0.0  0.0 12.0  0.0
  0.0  0.0  0.0  0.0  0.0  0.0  0.0 12.0  0.0  0.0 96.4  0.0  0.0 96.4  0.0
  0.0  0.0  0.0  0.0  0.0  0.0  0.0  0.0  0.0  0.0  0.0  0.0  0.0  0.0  0.0
  0.0  0.0  0.0  0.0  0.0  0.0  0.0  0.0  0.0  0.0  0.0  0.0  0.0  0.0  0.0
  0.0  0.0  0.0  0.0  0.0  0.0  0.0  0.0  0.0  0.0  0.0  0.0  0.0  0.0  0.0
  0.0  0.0  0.0  0.0  0.0  0.0  0.0  0.0  0.0  0.0  0.0  0.0  0.0  0.0  0.0
  0.0  0.0  0.0  0.0  0.0  0.0  0.0  0.0 72.3 12.0 36.1  0.0 12.0 12.0  0.0
  0.0  0.0  0.0  0.0  0.0  0.0  0.0 60.2  0.0 36.1  0.0  0.0  0.0  0.0  0.0
    -30.99     -4.14      0.29     -6.61     -1.80  0.0  0.0  0.0  0.0  0.0
                                      t000296_s4_p2_qjpp.txt 27.3  5.6  180
 16.7  0.0  0.0 50.0  0.0  0.0  0.0  5.6  5.6 11.1  0.0  0.0  0.0  0.0  0.0
  0.0  0.0  0.0  5.6  0.0  0.0372.2127.8 83.3 33.3  0.0 11.1  0.0  0.0  5.6
  0.0  0.0  0.0  0.0  0.0 38.9  5.6  0.0  5.6  0.0  5.6  0.0 11.1  0.0  0.0
  0.0 11.1 11.1  5.6  0.0  5.6 16.7  0.0  0.0  5.6 88.9  5.6  0.0 94.4  0.0
  0.0  0.0  0.0  0.0  0.0  0.0  0.0  0.0  0.0  0.0  0.0  0.0  0.0  0.0  0.0
  0.0  0.0  0.0 11.1  0.0  0.0  0.0  0.0  0.0  0.0  0.0  0.0  0.0  0.0  0.0
  0.0  0.0  0.0  0.0  0.0  0.0  0.0  0.0  0.0  0.0  5.6  0.0  0.0  0.0  0.0
 11.1  0.0  0.0 11.1  0.0  0.0  0.0  5.6  0.0  0.0  0.0  0.0  0.0  0.0  0.0
  0.0  0.0  0.0  0.0  0.0  0.0  0.0  0.0 77.8  5.6 50.0  0.0  0.0  0.0  5.6
  0.0  5.6  0.0  0.0  0.0  0.0  0.0 27.8 11.1 11.1 11.1  5.6 11.1  0.0  0.0
    -25.32     -2.49      1.54     -2.17      3.32 11.1  0.0  0.0  0.0  0.0
                                      t000296_s4_p3_qjpp.txt 16.8  5.4  106
  9.4  0.0  0.0103.8  0.0  0.0  0.0  0.0  0.0  9.4  0.0  0.0  0.0  0.0  0.0
  0.0  0.0  9.4  0.0  0.0  0.0301.9122.6 56.6 18.9  0.0  0.0  0.0  0.0  9.4
  0.0  0.0  0.0  0.0  0.0 47.2 28.3  0.0  9.4  0.0  0.0  0.0  0.0  0.0  0.0
  9.4  0.0  0.0  9.4  0.0  9.4  0.0  9.4  0.0  9.4 75.5  0.0  0.0160.4  0.0
  0.0  0.0  0.0  0.0  0.0  0.0  0.0  0.0  0.0  0.0  0.0  0.0  0.0  0.0  0.0
  0.0  0.0  0.0  0.0  0.0  9.4  0.0  0.0  0.0  0.0  0.0  0.0  0.0  0.0  0.0
  9.4  9.4  9.4  0.0  0.0  0.0  0.0  0.0  0.0  0.0  0.0  0.0  0.0  0.0  0.0
  9.4  0.0  0.0  9.4 28.3  0.0 28.3  0.0  0.0  0.0  0.0  0.0  0.0  0.0  0.0
  0.0  0.0  0.0  0.0  0.0  0.0  0.0  0.0 47.2  9.4  0.0  0.0  9.4  0.0  0.0
  0.0  0.0  0.0  0.0  0.0  9.4  0.0 66.0  9.4 18.9 18.9  0.0  9.4  0.0  0.0
    -20.62     -5.11      3.01     -3.56     -0.58  0.0  0.0  0.0  0.0  0.0
                                      t000296_s4_p4_qjpp.txt 14.0  5.8   75
 53.3 13.3  0.0 66.7  0.0  0.0  0.0  0.0  0.0 40.0  0.0  0.0  0.0  0.0  0.0
 13.3  0.0 26.7  0.0  0.0  0.0386.7 93.3 26.7 53.3 26.7 13.3  0.0  0.0  0.0
  0.0  0.0  0.0  0.0  0.0 26.7 13.3  0.0  0.0  0.0 13.3  0.0 13.3  0.0  0.0
  0.0 13.3 13.3  0.0  0.0 40.0 13.3  0.0  0.0  0.0 53.3 26.7  0.0120.0  0.0
 13.3  0.0  0.0  0.0  0.0  0.0  0.0  0.0  0.0  0.0  0.0  0.0  0.0  0.0  0.0
  0.0  0.0  0.0  0.0  0.0 26.7  0.0  0.0  0.0  0.0  0.0  0.0  0.0  0.0  0.0
  0.0  0.0  0.0  0.0  0.0  0.0  0.0  0.0  0.0  0.0  0.0  0.0  0.0  0.0  0.0
 26.7  0.0  0.0 26.7  0.0  0.0  0.0  0.0  0.0  0.0  0.0  0.0  0.0  0.0  0.0
  0.0  0.0  0.0  0.0  0.0  0.0  0.0  0.0 53.3 13.3 40.0  0.0 26.7  0.0  0.0
  0.0  0.0  0.0  0.0  0.0  0.0  0.0 26.7  0.0 40.0  0.0  0.0 13.3  0.0  0.0
     -0.50     -0.22     -0.54     -0.26      4.71  0.0  0.0  0.0  0.0  0.0
                                      t000296_s4_p5_qjpp.txt 16.0  5.5   72
  0.0  0.0  0.0 97.2  0.0  0.0  0.0  0.0  0.0  0.0  0.0  0.0  0.0  0.0  0.0
  0.0  0.0 13.9  0.0  0.0  0.0361.1 83.3 41.7 41.7  0.0  0.0  0.0  0.0  0.0
  0.0 13.9  0.0  0.0  0.0 83.3 13.9  0.0  0.0  0.0 13.9 13.9 41.7 13.9  0.0
  0.0 13.9  0.0  0.0  0.0 27.8 27.8 13.9  0.0  0.0 97.2  0.0  0.0138.9  0.0
  0.0  0.0  0.0  0.0  0.0  0.0  0.0  0.0  0.0  0.0  0.0  0.0  0.0  0.0  0.0
  0.0  0.0  0.0  0.0  0.0  0.0  0.0  0.0  0.0  0.0  0.0  0.0  0.0  0.0  0.0
  0.0 13.9  0.0  0.0  0.0  0.0  0.0  0.0  0.0  0.0  0.0  0.0  0.0  0.0  0.0
  0.0  0.0  0.0  0.0 13.9  0.0 13.9  0.0  0.0  0.0  0.0  0.0  0.0  0.0  0.0
  0.0  0.0  0.0  0.0  0.0  0.0  0.0 13.9 55.6  0.0 13.9  0.0 27.8 13.9  0.0
  0.0  0.0  0.0  0.0  0.0  0.0  0.0 55.6  0.0 13.9  0.0  0.0  0.0  0.0  0.0
    -21.24     -4.36      1.38      5.56     24.52  0.0  0.0  0.0  0.0  0.0
                                      t000296_s5_p1_qjpp.txt 19.5  5.4  116
 17.2  0.0  0.0 51.7  0.0  0.0 17.2  0.0  0.0  0.0  0.0  0.0  0.0  0.0  0.0
  0.0  0.0  0.0  0.0  0.0  0.0370.7120.7 51.7 25.9  8.6  0.0  0.0  0.0  8.6
  0.0  0.0  0.0  0.0  0.0 43.1  8.6  0.0  0.0  0.0  0.0  0.0  0.0  0.0  8.6
 17.2  8.6  8.6  8.6 17.2  0.0  8.6 25.9  0.0  8.6 94.8  8.6  0.0112.1 17.2
  0.0  0.0  0.0  0.0  0.0  0.0  0.0  0.0  0.0  0.0  0.0  0.0  0.0  0.0  0.0
  0.0  0.0  0.0  0.0  0.0  8.6  0.0  0.0  0.0  8.6  0.0  0.0  0.0  0.0  0.0
  0.0  0.0  0.0  0.0  8.6  0.0  0.0  0.0  0.0  0.0  8.6  0.0  0.0  8.6  0.0
  8.6  8.6  0.0 17.2  0.0  8.6  8.6 17.2  0.0  0.0  0.0  0.0  0.0  0.0  0.0
  0.0  0.0  0.0  0.0  0.0  0.0  0.0  0.0 51.7  0.0 34.5  8.6 25.9  0.0  0.0
  0.0  0.0  0.0  0.0  0.0  0.0  0.0 43.1  0.0 17.2  8.6  0.0  0.0  0.0  0.0
    -23.28     -4.49      2.83     -6.61      8.57  0.0  0.0  0.0  0.0  0.0
                                      t000296_s5_p2_qjpp.txt 11.5  5.3   71
 14.1  0.0  0.0 98.6  0.0  0.0  0.0  0.0  0.0 14.1  0.0  0.0  0.0  0.0  0.0
  0.0  0.0  0.0  0.0  0.0  0.0450.7112.7 14.1 28.2  0.0  0.0 14.1  0.0  0.0
  0.0  0.0  0.0  0.0  0.0 84.5  0.0  0.0  0.0  0.0  0.0  0.0  0.0  0.0  0.0
  0.0  0.0 28.2  0.0  0.0  0.0  0.0  0.0  0.0  0.0 28.2  0.0  0.0126.8  0.0
  0.0  0.0  0.0  0.0  0.0  0.0  0.0  0.0  0.0  0.0  0.0  0.0  0.0  0.0  0.0
  0.0  0.0  0.0  0.0  0.0  0.0 28.2  0.0  0.0  0.0  0.0  0.0  0.0  0.0  0.0
  0.0  0.0  0.0  0.0  0.0  0.0  0.0  0.0  0.0  0.0  0.0  0.0  0.0  0.0  0.0
 28.2  0.0  0.0 28.2  0.0  0.0  0.0  0.0  0.0  0.0  0.0  0.0  0.0  0.0  0.0
  0.0  0.0  0.0  0.0  0.0  0.0  0.0  0.0 28.2  0.0 70.4  0.0  0.0  0.0  0.0
  0.0  0.0  0.0  0.0  0.0  0.0  0.0 98.6  0.0  0.0  0.0  0.0 28.2  0.0  0.0
    -23.49     -2.19     -3.83     -6.61     -3.63  0.0  0.0  0.0  0.0  0.0
                                      t000296_s5_p3_qjpp.txt 11.8  4.9   66
  0.0  0.0  0.0106.1  0.0  0.0 15.2  0.0  0.0  0.0  0.0  0.0  0.0  0.0  0.0
  0.0  0.0  0.0  0.0  0.0  0.0287.9136.4 60.6 15.2 30.3  0.0 15.2  0.0 15.2
  0.0  0.0  0.0  0.0  0.0 30.3 30.3  0.0  0.0  0.0  0.0  0.0  0.0  0.0  0.0
  0.0  0.0 15.2  0.0 30.3  0.0  0.0  0.0  0.0 15.2 90.9 30.3  0.0151.5  0.0
 15.2  0.0  0.0  0.0  0.0  0.0  0.0  0.0  0.0  0.0  0.0  0.0  0.0  0.0  0.0
  0.0  0.0  0.0  0.0  0.0  0.0 30.3  0.0  0.0  0.0  0.0  0.0  0.0  0.0  0.0
  0.0  0.0  0.0 30.3  0.0  0.0  0.0  0.0  0.0  0.0  0.0  0.0  0.0  0.0  0.0
 30.3  0.0  0.0 30.3 30.3  0.0 30.3  0.0  0.0  0.0  0.0  0.0  0.0  0.0  0.0
  0.0  0.0  0.0  0.0  0.0  0.0  0.0  0.0  0.0  0.0  0.0  0.0  0.0  0.0  0.0
  0.0  0.0  0.0  0.0  0.0  0.0  0.0 45.5 15.2  0.0 15.2  0.0 45.5  0.0  0.0
    -21.31     -1.08      6.83     -6.61     -3.63  0.0  0.0  0.0  0.0  0.0
                                      t000296_s5_p4_qjpp.txt 23.8  5.5  145
 13.8  0.0  0.0 55.2  0.0  0.0  6.9  0.0  0.0  0.0  0.0  0.0  0.0  0.0  0.0
  0.0  0.0  6.9 20.7  0.0  0.0337.9144.8 34.5 55.2  0.0  6.9  6.9  0.0 13.8
  0.0  0.0  0.0  0.0  0.0 27.6  6.9  0.0  0.0  0.0  0.0  0.0 13.8  6.9  0.0
  0.0  0.0 13.8  6.9  0.0  6.9 20.7  6.9  0.0 13.8 55.2  0.0  0.0124.1  0.0
  0.0  0.0  0.0  0.0  0.0  0.0  0.0  0.0  0.0  0.0  0.0  0.0  0.0  0.0  0.0
  0.0  0.0  0.0  6.9  0.0  6.9  0.0  0.0  0.0  0.0  0.0  0.0  0.0  0.0  0.0
  0.0  0.0  0.0  6.9  0.0  0.0  0.0  0.0  0.0  0.0  6.9  0.0  0.0  0.0  0.0
 13.8  0.0  0.0 13.8  6.9  0.0  6.9  6.9  0.0  0.0  0.0  0.0  0.0  0.0  0.0
  0.0  0.0  0.0  0.0  0.0  0.0  0.0  0.0 27.6 13.8  0.0  0.0  6.9  6.9  0.0
  0.0  0.0  0.0  0.0  0.0  0.0  0.0 55.2  0.0 20.7  0.0  6.9  6.9  0.0  0.0
    -18.73     -1.31      6.30     -6.61      6.04  0.0  0.0  0.0  0.0  0.0
                                      t000296_s5_p5_qjpp.txt 13.0  4.8   93
 10.8 10.8  0.0107.5  0.0  0.0 10.8  0.0  0.0  0.0  0.0  0.0  0.0  0.0  0.0
  0.0  0.0 10.8  0.0  0.0  0.0301.1161.3 32.3 21.5  0.0 10.8  0.0  0.0  0.0
  0.0 10.8  0.0  0.0  0.0  0.0  0.0  0.0  0.0  0.0  0.0  0.0  0.0 10.8  0.0
  0.0  0.0 10.8  0.0  0.0 10.8 10.8 10.8  0.0  0.0 96.8  0.0  0.0139.8  0.0
  0.0  0.0  0.0  0.0  0.0  0.0  0.0  0.0  0.0  0.0  0.0  0.0  0.0  0.0  0.0
  0.0  0.0  0.0  0.0  0.0 10.8  0.0  0.0  0.0  0.0  0.0  0.0  0.0  0.0  0.0
  0.0  0.0  0.0  0.0  0.0  0.0  0.0  0.0  0.0  0.0  0.0  0.0  0.0  0.0  0.0
 10.8  0.0  0.0 10.8  0.0  0.0  0.0  0.0  0.0  0.0  0.0  0.0  0.0  0.0  0.0
  0.0  0.0  0.0  0.0  0.0  0.0  0.0  0.0 21.5  0.0 10.8  0.0 10.8 10.8  0.0
  0.0  0.0  0.0  0.0  0.0 10.8  0.0 96.8  0.0 10.8  0.0  0.0  0.0  0.0  0.0
    -15.02     -2.95      4.96     -6.61     -2.00  0.0  0.0  0.0  0.0  0.0
                                      t000296_s5_p6_qjpp.txt 15.8  6.0   75
  0.0  0.0  0.0133.3  0.0  0.0 13.3  0.0  0.0  0.0  0.0  0.0  0.0  0.0  0.0
  0.0  0.0  0.0 13.3  0.0  0.0426.7 93.3 53.3 13.3 13.3  0.0  0.0  0.0 13.3
  0.0  0.0  0.0  0.0  0.0 40.0 13.3  0.0  0.0  0.0  0.0  0.0  0.0 13.3  0.0
  0.0 13.3  0.0  0.0  0.0  0.0 26.7 13.3  0.0 13.3 66.7 13.3  0.0173.3  0.0
 13.3  0.0  0.0  0.0  0.0  0.0  0.0  0.0  0.0  0.0  0.0  0.0  0.0  0.0  0.0
  0.0  0.0  0.0  0.0  0.0  0.0  0.0  0.0  0.0  0.0  0.0  0.0  0.0  0.0  0.0
  0.0  0.0  0.0  0.0  0.0  0.0  0.0  0.0  0.0  0.0  0.0  0.0  0.0  0.0  0.0
  0.0  0.0  0.0  0.0  0.0  0.0  0.0  0.0  0.0  0.0  0.0  0.0  0.0  0.0  0.0
  0.0  0.0  0.0  0.0  0.0  0.0  0.0  0.0 13.3 26.7 40.0  0.0  0.0  0.0  0.0
  0.0  0.0  0.0  0.0  0.0 26.7  0.0 80.0  0.0 13.3  0.0  0.0 13.3 26.7  0.0
    -22.74     -4.70      5.37     -6.61     -1.61  0.0  0.0  0.0  0.0  0.0
                                      t000296_s5_p7_qjpp.txt  8.0  5.8   38
 26.3  0.0  0.0 78.9  0.0  0.0  0.0  0.0  0.0  0.0  0.0  0.0  0.0  0.0  0.0
  0.0  0.0  0.0  0.0  0.0  0.0394.7131.6 78.9  0.0 26.3  0.0  0.0  0.0  0.0
  0.0  0.0  0.0  0.0  0.0 26.3  0.0  0.0  0.0  0.0  0.0  0.0  0.0  0.0  0.0
  0.0  0.0  0.0  0.0  0.0  0.0  0.0  0.0  0.0  0.0 78.9 26.3  0.0 78.9  0.0
  0.0  0.0  0.0  0.0  0.0  0.0  0.0  0.0  0.0  0.0  0.0  0.0  0.0  0.0  0.0
  0.0  0.0  0.0  0.0  0.0  0.0  0.0  0.0  0.0  0.0  0.0  0.0  0.0  0.0  0.0
  0.0  0.0  0.0  0.0  0.0  0.0  0.0  0.0  0.0  0.0  0.0  0.0  0.0  0.0  0.0
  0.0  0.0  0.0  0.0  0.0  0.0  0.0  0.0  0.0  0.0  0.0  0.0  0.0  0.0  0.0
  0.0  0.0  0.0  0.0  0.0  0.0  0.0  0.0 52.6 26.3 26.3  0.0  0.0  0.0  0.0
  0.0  0.0  0.0  0.0  0.0 26.3  0.0 52.6  0.0  0.0  0.0  0.0  0.0  0.0  0.0
    -28.83     -4.56     -0.52     -6.61     -3.63  0.0  0.0  0.0  0.0  0.0
                                      t000296_s7_p1_qjpp.txt 18.3  5.6  111
  0.0  0.0  0.0 45.0  0.0  0.0  0.0  0.0  0.0  0.0  0.0  0.0  0.0  0.0  0.0
  0.0  0.0  0.0  9.0  0.0  9.0315.3135.1 81.1  9.0 18.0 18.0  9.0  0.0  9.0
  0.0 18.0  0.0  0.0  0.0 27.0  0.0  0.0  0.0  0.0  0.0  0.0  0.0  0.0  0.0
  0.0  0.0 18.0  9.0  0.0  0.0 27.0  0.0  0.0  9.0144.1 18.0  0.0 63.1  0.0
  0.0  0.0  0.0  0.0  0.0  0.0  0.0  0.0  0.0  0.0  0.0  0.0  0.0  0.0  0.0
  0.0  0.0  0.0  9.0  0.0  0.0  0.0  0.0  0.0  0.0  0.0  0.0  0.0  0.0  0.0
  0.0  0.0  0.0  0.0  0.0  0.0  0.0  0.0  0.0  0.0  0.0  0.0  0.0  9.0  0.0
  9.0  0.0  0.0  9.0  0.0  0.0  0.0  9.0  0.0  0.0  0.0  0.0  0.0  0.0  0.0
  0.0  0.0  0.0  0.0  0.0  0.0  0.0  9.0 27.0  9.0 45.0  0.0  9.0  9.0  0.0
  0.0  0.0  0.0  0.0  0.0  0.0  9.0 18.0  9.0  0.0  0.0  0.0 18.0  0.0  0.0
    -24.72      0.50     10.62     -6.61     -3.63  0.0  0.0  0.0  0.0  0.0
                                      t000296_s7_p2_qjpp.txt 16.8  6.0  109
  9.2  0.0  0.0 45.9  0.0  0.0  0.0  0.0  0.0  0.0  0.0  0.0  0.0  0.0  0.0
  0.0  0.0  0.0  9.2  0.0  0.0376.1 64.2100.9 18.3  0.0 18.3  0.0  0.0  0.0
  0.0  9.2  0.0  0.0  0.0 36.7  0.0  0.0  9.2  0.0  0.0  0.0  9.2  0.0  0.0
 18.3  0.0 18.3  0.0  0.0  0.0 18.3 18.3  0.0  0.0137.6  0.0  9.2128.4  9.2
  0.0  0.0  0.0  0.0  0.0  0.0  0.0  0.0  0.0  0.0  0.0  0.0  0.0  0.0  0.0
  0.0  0.0  0.0  9.2  0.0  9.2  0.0  0.0  0.0  0.0  0.0  0.0  0.0  0.0  0.0
  0.0  0.0  0.0  0.0  0.0  0.0  0.0  0.0  0.0  0.0  0.0  0.0  0.0  0.0  0.0
 18.3  0.0  0.0 18.3  0.0  0.0  0.0  0.0  0.0  0.0  0.0  0.0  0.0  0.0  0.0
  0.0  0.0  0.0  0.0  0.0  0.0  0.0  0.0 18.3  9.2 18.3  0.0  0.0  0.0  0.0
  0.0  0.0  0.0  0.0  0.0  9.2  0.0 55.0 18.3 18.3  0.0  0.0 18.3  0.0  0.0
    -28.10     -1.60      2.29     -3.65      8.03  0.0  0.0  0.0  0.0  0.0
                                      t000296_s7_p3_qjpp.txt 18.8  5.7  102
 19.6  0.0  0.0 49.0  0.0  0.0  0.0  0.0  0.0  0.0  0.0  0.0  0.0  0.0  0.0
  0.0  0.0  9.8  0.0  0.0  0.0382.4107.8 19.6 29.4  9.8 29.4  0.0  0.0  0.0
  0.0  0.0  0.0  0.0  0.0 58.8  0.0  0.0  0.0  0.0  0.0  9.8  0.0  9.8  9.8
  9.8  0.0 29.4  9.8  9.8  9.8  0.0 29.4  0.0  0.0 68.6  9.8  0.0117.6 19.6
  9.8  0.0  0.0  0.0  0.0  0.0  0.0  0.0  0.0  0.0  0.0  0.0  0.0  0.0  0.0
  0.0  0.0  0.0  9.8  0.0 19.6  0.0  0.0  0.0  0.0  0.0  0.0  0.0  0.0  0.0
  0.0  0.0  0.0  0.0  0.0  0.0  0.0  0.0  0.0  0.0  0.0  0.0  0.0  0.0  0.0
 29.4  0.0  0.0 29.4  0.0  0.0  0.0  0.0  0.0  0.0  0.0  0.0  0.0  0.0  0.0
  0.0  0.0  0.0  0.0  0.0  0.0  0.0  0.0  9.8  9.8 39.2  0.0  0.0  0.0  0.0
  0.0  0.0  0.0  0.0  0.0  0.0  0.0  9.8  9.8 29.4 19.6  0.0  9.8  0.0  0.0
    -22.90      1.33     -2.37     -2.68      8.56  0.0  0.0  0.0  0.0  0.0
                                      t000296_s7_p4_qjpp.txt 21.5  6.3  131
  7.6  0.0  0.0 61.1  0.0  0.0  7.6  0.0  0.0  0.0  0.0  7.6  0.0  0.0  0.0
  0.0  0.0  0.0  0.0  0.0  0.0435.1 68.7 84.0 15.3 30.5  0.0  0.0  0.0  0.0
  0.0  7.6  0.0  0.0  0.0 53.4 15.3  7.6  0.0  0.0  0.0  0.0 30.5  7.6  0.0
  0.0  0.0  0.0  0.0  7.6  7.6 15.3  7.6  0.0  0.0106.9 30.5  0.0106.9 15.3
  7.6  0.0  0.0  0.0  0.0  0.0  0.0  0.0  0.0  0.0  0.0  0.0  0.0  0.0  0.0
  0.0  0.0  0.0  0.0  0.0  0.0  0.0  0.0  0.0  0.0  0.0  0.0  0.0  0.0  0.0
  0.0  0.0  0.0  0.0  0.0  0.0  0.0  0.0  0.0  0.0  0.0  0.0  7.6  0.0  0.0
  0.0  0.0  0.0  0.0  0.0  0.0  0.0  7.6  0.0  0.0  0.0  0.0  0.0  0.0  0.0
  0.0  0.0  0.0  0.0  0.0  0.0  0.0  0.0 68.7 22.9 38.2  0.0 15.3  0.0  0.0
  0.0  0.0  0.0  0.0  0.0  0.0  0.0  0.0 15.3 15.3 15.3  0.0  7.6  0.0  0.0
    -25.24     -3.87      0.76     -4.79     16.61  0.0  0.0  0.0  0.0  0.0
                                      t000297_s1_p1_qjpp.txt 31.8  5.3  239
  8.4  0.0  0.0 66.9  0.0  0.0  0.0  0.0  4.2  0.0  0.0  0.0  0.0 12.6  0.0
  0.0  0.0  8.4  8.4  0.0  0.0355.6171.5 66.9 12.6  8.4 16.7  0.0  0.0  0.0
  0.0  4.2  0.0  0.0  4.2 29.3  4.2  0.0  8.4  0.0  0.0  8.4 12.6 16.7  0.0
  4.2  0.0  4.2  4.2  0.0  8.4 12.6 20.9  0.0  0.0 83.7 12.6  0.0 92.1  8.4
  4.2  0.0  0.0  0.0  0.0  0.0  0.0  0.0  0.0  0.0  0.0  0.0  0.0  0.0  0.0
  0.0  0.0  0.0  0.0  0.0  4.2  0.0  0.0  0.0  0.0  0.0  0.0  0.0  0.0  0.0
  0.0  0.0  0.0  0.0  0.0  0.0  0.0  0.0  0.0  0.0  0.0  0.0  0.0  0.0  0.0
  4.2  0.0  0.0  4.2  0.0  0.0  0.0  0.0  0.0  0.0  0.0  0.0  0.0  0.0  0.0
  0.0  0.0  0.0  0.0  0.0  0.0  0.0 16.7 37.7  8.4 58.6 12.6  0.0  4.2  8.4
  0.0  4.2  0.0  0.0  4.2  8.4  0.0 20.9  4.2 16.7  0.0  0.0 12.6  0.0  0.0
    -18.99     -1.72     -0.37     -0.56      8.10  0.0  0.0  0.0  0.0  0.0
                                     t000297_s11_p1_qjpp.txt 25.0  5.6  148
  0.0  0.0  0.0 27.0  0.0  0.0  0.0  0.0  6.8  0.0  0.0  0.0  0.0  0.0  0.0
  0.0  0.0  6.8  0.0  0.0  0.0337.8 87.8 67.6 40.5  6.8  6.8  0.0  0.0  0.0
  6.8  6.8  0.0  0.0  0.0 27.0 27.0  0.0  0.0  0.0  0.0  6.8  0.0  0.0  0.0
  0.0  0.0  0.0  0.0  0.0  6.8  6.8  0.0  0.0  6.8 94.6 13.5  0.0101.4  0.0
  6.8  0.0  0.0  0.0  0.0  0.0  0.0  0.0  0.0  0.0  0.0  0.0  0.0  0.0  0.0
  0.0  0.0  0.0  0.0  0.0  0.0  0.0  0.0  0.0  0.0  0.0  0.0  0.0  0.0  0.0
  0.0  0.0  0.0  6.8  6.8  0.0  0.0  0.0  0.0  0.0  0.0  0.0  0.0  0.0  0.0
  0.0  0.0  0.0  0.0  6.8  6.8 13.5  0.0  0.0  0.0  0.0  0.0  0.0  0.0  0.0
  0.0  0.0  0.0  0.0  0.0  0.0  0.0 20.3 20.3  0.0 40.5  0.0  0.0  0.0  0.0
  0.0  0.0  6.8  0.0  0.0  0.0  6.8 13.5  0.0 13.5  0.0  6.8  6.8  6.8  0.0
    -26.17     -2.79      8.08     -3.90     -3.63  0.0  0.0  0.0  0.0  0.0
                                     t000297_s11_p2_qjpp.txt 28.0  5.1  178
 11.2  0.0  0.0 22.5  0.0  0.0  5.6  0.0  0.0  0.0  0.0  0.0  0.0  0.0  0.0
  0.0  0.0  0.0  0.0  0.0  0.0393.3157.3 56.2 28.1 11.2 16.9  0.0  0.0  0.0
  0.0  5.6  0.0  0.0  0.0 33.7  5.6  0.0  0.0  0.0  0.0  5.6  0.0  5.6  5.6
  0.0  0.0 22.5  0.0  0.0  0.0  5.6 11.2  0.0  0.0 73.0 11.2  0.0 95.5 28.1
  0.0  0.0  0.0  0.0  0.0  0.0  0.0  0.0  0.0  0.0  0.0  0.0  0.0  0.0  0.0
  0.0  0.0  0.0  0.0  0.0 16.9  0.0  0.0  0.0  0.0  0.0  0.0  0.0  0.0  0.0
  0.0  0.0  0.0  0.0  0.0  0.0  0.0  0.0  0.0  0.0  0.0  0.0  0.0  0.0  0.0
 16.9  0.0  0.0 16.9  0.0  0.0  0.0  0.0  0.0  0.0  0.0  0.0  0.0  0.0  0.0
  0.0  0.0  0.0  0.0  0.0  0.0  0.0 16.9 16.9  0.0 16.9  0.0  0.0  0.0  0.0
  0.0  0.0  0.0  0.0  0.0  0.0  0.0 22.5 11.2 22.5  0.0  0.0  0.0  0.0  0.0
    -28.84     -1.06      1.14     -4.36      1.55  0.0  5.6  0.0  0.0  0.0
                                     t000297_s11_p3_qjpp.txt 31.8  5.7  328
  9.1  0.0  0.0 15.2  0.0  0.0  0.0  3.0  0.0  0.0  3.0  3.0  0.0  0.0  0.0
  0.0  0.0  3.0  3.0  0.0  3.0359.8118.9 67.1 61.0 12.2 24.4  3.0  3.0  6.1
  0.0  0.0  0.0  6.1  0.0 33.5 15.2  0.0  0.0  0.0  0.0  3.0  9.1 12.2  3.0
  6.1  0.0 24.4  0.0  0.0  3.0  6.1 21.3  0.0  9.1112.8 12.2  0.0128.0  6.1
  3.0  0.0  0.0  0.0  0.0  0.0  0.0  0.0  0.0  0.0  0.0  0.0  0.0  0.0  0.0
  0.0  0.0  0.0  9.1  0.0 15.2  0.0  0.0  0.0  0.0  0.0  0.0  0.0  3.0  0.0
  0.0  0.0  3.0  6.1  0.0  0.0  0.0  0.0  0.0  0.0  3.0  0.0  0.0  0.0  0.0
 24.4  0.0  3.0 27.4  9.1  0.0  9.1  3.0  0.0  0.0  0.0  0.0  0.0  0.0  0.0
  0.0  0.0  0.0  0.0  0.0  0.0  0.0 12.2 21.3  6.1 21.3  6.1  0.0  0.0  0.0
  0.0  0.0  0.0  0.0  0.0  3.0  3.0 24.4 12.2 24.4  3.0  0.0 12.2  3.0  0.0
    -24.46      2.08      2.17     -5.39      8.25  0.0  0.0  0.0  0.0  0.0
                                     t000297_s11_p4_qjpp.txt 31.3  5.4  308
  6.5  0.0  0.0 35.7  0.0  0.0  3.2  0.0  0.0  9.7  0.0  3.2  0.0  0.0  0.0
  3.2  0.0  3.2  3.2  0.0  0.0396.1155.8 48.7 13.0  9.7 19.5  3.2  0.0  0.0
  0.0  0.0  0.0  0.0  0.0 29.2 13.0  0.0  0.0  0.0  6.5  3.2 13.0  6.5  6.5
  3.2  0.0  6.5  0.0  0.0  9.7  6.5 16.2  0.0  0.0 64.9  9.7  3.2 87.7  6.5
  6.5  0.0  0.0  0.0  0.0  0.0  0.0  0.0  0.0  0.0  0.0  0.0  0.0  0.0  0.0
  0.0  0.0  0.0  0.0  0.0  6.5  0.0  0.0  0.0  0.0  0.0  3.2  0.0  0.0  0.0
  0.0  0.0  0.0  3.2  0.0  0.0  0.0  0.0  0.0  0.0  3.2  0.0  3.2  0.0  0.0
  6.5  0.0  3.2  9.7  3.2  0.0  3.2  6.5  0.0  0.0  0.0  0.0  0.0  0.0  0.0
  0.0  0.0  0.0  0.0  0.0  0.0  0.0 13.0 26.0  6.5 64.9  6.5  3.2  0.0  0.0
  0.0  0.0  0.0  0.0  0.0  0.0  3.2  6.5  9.7 13.0  3.2  0.0  6.5  3.2  0.0
    -23.71     -0.52     -0.69     -2.21     11.52  3.2  3.2  0.0  0.0  0.0
                                     t000297_s11_p5_qjpp.txt 33.8  5.8  219
 27.4  0.0  0.0 18.3  0.0  0.0  0.0  0.0  0.0  0.0  0.0  0.0  0.0  4.6  0.0
  0.0  0.0  4.6  4.6  4.6  0.0397.3118.7 68.5 41.1  9.1  4.6  9.1  0.0  4.6
  0.0  0.0  0.0  0.0  0.0 18.3  9.1  0.0  0.0  0.0  0.0  0.0  4.6  0.0  0.0
 13.7  0.0  9.1  0.0  0.0  4.6  4.6 13.7  4.6  4.6 82.2  9.1  0.0118.7 13.7
  0.0  0.0  0.0  0.0  0.0  0.0  0.0  0.0  0.0  0.0  0.0  0.0  0.0  0.0  0.0
  0.0  0.0  0.0  4.6  0.0  4.6  0.0  0.0  0.0  0.0  0.0  0.0  0.0  0.0  0.0
  0.0  0.0  4.6  0.0  0.0  0.0  0.0  0.0  0.0  0.0  0.0  0.0  0.0  0.0  0.0
  9.1  0.0  0.0  9.1  4.6  0.0  4.6  0.0  0.0  0.0  0.0  0.0  0.0  0.0  0.0
  0.0  0.0  0.0  0.0  0.0  0.0  0.0 27.4 18.3  9.1 27.4  0.0  0.0  0.0  0.0
  4.6  0.0  0.0  0.0  0.0  4.6  0.0 22.8 18.3 27.4  4.6  0.0  4.6  0.0  0.0
    -20.42     -1.40      2.22     -6.61      3.65  4.6  0.0  0.0  0.0  0.0
                                     t000297_s11_p6_qjpp.txt 31.3  5.7  205
  4.9  0.0  0.0 24.4  0.0  0.0  0.0  0.0  0.0  0.0  0.0  0.0  0.0  4.9  0.0
  4.9  0.0  0.0  4.9  0.0  0.0409.8117.1102.4 34.1  0.0 14.6  4.9  0.0  0.0
  0.0 19.5  0.0  4.9  4.9 24.4  0.0  0.0  0.0  0.0  0.0  9.8  0.0  0.0  0.0
  4.9  0.0  9.8  0.0  0.0  0.0 24.4  4.9  0.0  0.0146.3  0.0  0.0 82.9 19.5
  0.0  0.0  0.0  0.0  0.0  0.0  0.0  0.0  0.0  0.0  0.0  0.0  0.0  0.0  0.0
  0.0  0.0  0.0  0.0  0.0  9.8  0.0  0.0  0.0  0.0  0.0  0.0  0.0  0.0  0.0
  0.0  0.0  0.0  0.0  0.0  0.0  0.0  0.0  0.0  0.0  0.0  0.0  0.0  0.0  0.0
  9.8  0.0  0.0  9.8  0.0  0.0  0.0  0.0  0.0  0.0  0.0  0.0  0.0  0.0  0.0
  0.0  0.0  0.0  0.0  0.0  0.0  0.0  4.9 24.4  9.8 29.3  0.0  9.8  4.9  0.0
  4.9  0.0  0.0  0.0  0.0  4.9  0.0 24.4 19.5  4.9  0.0  4.9  9.8  0.0  0.0
    -28.11     -0.89      3.99     -2.70     -2.05  0.0  4.9  0.0  0.0  0.0
                                     t000297_s16_p1_qjpp.txt 27.0  4.7  187
  5.3  0.0  0.0 42.8  0.0  0.0  0.0  0.0  0.0  0.0  5.3  0.0  0.0  0.0  0.0
  0.0  0.0  5.3  5.3  0.0  0.0369.0123.0 37.4 21.4 10.7 21.4  5.3  0.0  0.0
  0.0  0.0  0.0  0.0  0.0 42.8 10.7  0.0  0.0  0.0  0.0  5.3  5.3  5.3  0.0
  0.0  5.3  0.0 10.7  0.0  5.3 10.7  5.3  0.0  0.0 53.5 10.7  0.0 90.9 10.7
  0.0  0.0  0.0  0.0  0.0  0.0  0.0  0.0  0.0  0.0  0.0  0.0  0.0  0.0  0.0
  0.0  0.0  0.0  0.0  0.0  0.0  5.3  0.0  0.0  0.0  0.0  0.0  0.0  0.0  0.0
  5.3  0.0  0.0  5.3  0.0  0.0  0.0  0.0  0.0  0.0  0.0  0.0  0.0  0.0  0.0
  5.3  0.0  0.0  5.3 10.7  0.0 10.7  0.0  0.0  0.0  0.0  0.0  0.0  0.0  0.0
  0.0  0.0  0.0  0.0  0.0  0.0  0.0  0.0 16.0  0.0 21.4  0.0  5.3  0.0  0.0
  0.0  5.3  0.0  0.0  0.0  5.3  0.0 16.0  0.0  5.3  5.3  0.0 16.0  0.0  0.0
    -22.60      0.56     -1.46     -4.47      0.53  0.0  0.0  0.0  0.0  0.0
                                    t000297_s16_p10_qjpp.txt 22.0  5.3  116
  8.6  0.0  0.0 34.5  0.0  0.0  0.0  0.0  0.0  0.0  0.0  0.0  0.0  8.6  0.0
  0.0  0.0  0.0 25.9  0.0  0.0405.2 86.2 43.1  0.0  0.0 17.2  8.6  0.0  0.0
  0.0  8.6  0.0  0.0  0.0 43.1  8.6  0.0  0.0  0.0  0.0  8.6  0.0  8.6  0.0
  0.0  8.6  0.0  0.0  0.0  0.0 43.1  8.6  0.0  0.0 51.7  0.0  0.0 60.3 17.2
  0.0  0.0  0.0  0.0  0.0  0.0  0.0  0.0  0.0  0.0  0.0  0.0  0.0  0.0  0.0
  0.0  0.0  0.0  0.0  0.0  0.0  0.0  0.0  0.0  0.0  0.0  0.0  0.0  0.0  0.0
  0.0  0.0  0.0  0.0  0.0  0.0  0.0  0.0  0.0  0.0  0.0  0.0  0.0  0.0  0.0
  0.0  0.0  0.0  0.0  0.0  0.0  0.0  0.0  0.0  0.0  0.0  0.0  0.0  0.0  0.0
  0.0  0.0  0.0  0.0  0.0  0.0  0.0  0.0  8.6  0.0 34.5  0.0  0.0  0.0  0.0
  0.0  0.0  0.0  0.0  0.0  0.0  0.0  8.6  8.6  8.6  0.0  0.0 17.2  0.0  0.0
    -17.51     -0.82      1.72     -3.16     -2.32  0.0  0.0  0.0  0.0  0.0
                                    t000297_s16_p11_qjpp.txt 29.0  5.3  160
  0.0  0.0  0.0 62.5  0.0  0.0  0.0  0.0  0.0  6.3  0.0  0.0  0.0  0.0  0.0
  6.3  0.0  6.3 18.8  0.0  0.0412.5 75.0 56.3  6.3  0.0 25.0  0.0  0.0  6.3
  0.0  0.0  0.0  0.0  0.0 31.3  0.0  0.0  0.0  0.0  6.3  6.3  6.3 18.8  6.3
  0.0  0.0  6.3  0.0  0.0 12.5 18.8 25.0  0.0  6.3 56.3  0.0  6.3 75.0  6.3
  6.3  0.0  0.0  0.0  0.0  0.0  0.0  0.0  0.0  0.0  0.0  0.0  0.0  0.0  0.0
  0.0  0.0  0.0  0.0  0.0  6.3  0.0  0.0  0.0  0.0  0.0  0.0  0.0  0.0  0.0
  0.0  0.0  0.0  0.0  0.0  0.0  0.0  0.0  0.0  0.0  0.0  0.0  0.0  0.0  0.0
  6.3  0.0  0.0  6.3  0.0  0.0  0.0  0.0  0.0  0.0  0.0  0.0  0.0  0.0  0.0
  0.0  0.0  0.0  0.0  0.0  0.0  0.0  0.0 12.5  6.3 12.5  0.0  6.3  6.3  0.0
  0.0  0.0  0.0  0.0  0.0  6.3  0.0 18.8  0.0  0.0  6.3  6.3  6.3  0.0  0.0
    -18.64     -0.71      2.32     -1.13      7.93  0.0  0.0  0.0  0.0  0.0
                                    t000297_s16_p12_qjpp.txt 23.8  5.3  137
  7.3  0.0  0.0 43.8  0.0  0.0  7.3  0.0  0.0  0.0  0.0  0.0  0.0  0.0  0.0
  0.0  0.0  0.0  0.0  0.0  0.0401.5102.2 73.0 14.6  0.0 21.9  0.0  0.0  7.3
  0.0  0.0  0.0  0.0  7.3 58.4  7.3  0.0  0.0  0.0  0.0 14.6 14.6  0.0  0.0
  0.0  0.0  0.0  0.0  7.3  0.0  0.0  0.0  0.0  7.3109.5  0.0  0.0 65.7  7.3
  0.0  0.0  0.0  0.0  0.0  0.0  0.0  0.0  0.0  0.0  0.0  0.0  0.0  0.0  0.0
  0.0  0.0  0.0  0.0  0.0  0.0  0.0  0.0  0.0  0.0  0.0  0.0  0.0  0.0  0.0
  0.0  0.0  0.0  0.0  0.0  0.0  0.0  0.0  0.0  0.0  0.0  0.0  0.0  0.0  0.0
  0.0  0.0  0.0  0.0  0.0  0.0  0.0  0.0  0.0  0.0  0.0  0.0  0.0  0.0  0.0
  0.0  0.0  0.0  0.0  0.0  0.0  0.0  0.0 21.9 14.6  0.0 14.6 21.9  7.3  0.0
  0.0  0.0  0.0  0.0  0.0  0.0 14.6  7.3  0.0 14.6  0.0  0.0  0.0  0.0  0.0
    -27.62     -1.04     -0.84     -0.77      5.50  0.0  0.0  0.0  0.0  0.0
                                    t000297_s16_p13_qjpp.txt 31.0  5.2  269
 11.2  0.0  0.0 33.5  0.0  0.0  3.7  0.0  0.0  3.7  0.0  0.0  0.0  0.0  0.0
  0.0  0.0  0.0  7.4  0.0  0.0390.3119.0 70.6 40.9 14.9  7.4  0.0  0.0  0.0
  0.0  0.0  0.0  0.0  0.0 18.6 11.2  0.0  0.0  0.0  0.0  0.0  3.7  3.7  0.0
  3.7  3.7  3.7  3.7  0.0  0.0 11.2  7.4  0.0  0.0100.4 14.9  0.0 92.9  3.7
  0.0  0.0  0.0  0.0  0.0  0.0  0.0  0.0  0.0  0.0  0.0  0.0  0.0  0.0  0.0
  0.0  0.0  0.0  0.0  3.7  0.0  0.0  0.0  0.0  0.0  0.0  0.0  0.0  0.0  0.0
  0.0  0.0  0.0  3.7  0.0  0.0  0.0  0.0  0.0  0.0  0.0  0.0  0.0  0.0  0.0
  3.7  0.0  0.0  3.7  3.7  0.0  3.7  0.0  0.0  0.0  0.0  0.0  0.0  0.0  0.0
  0.0  0.0  0.0  0.0  0.0  0.0  0.0  3.7 11.2  3.7 26.0  7.4  7.4  0.0  0.0
  0.0  0.0  0.0  0.0  0.0  7.4  3.7 29.7  3.7 11.2  3.7  3.7 11.2  0.0  0.0
    -26.14     -2.29     -0.08     -6.61      0.46  7.4  0.0  0.0  0.0  0.0
                                    t000297_s16_p14_qjpp.txt 10.0  6.4   43
  0.0  0.0  0.0 69.8  0.0  0.0 23.3  0.0  0.0  0.0  0.0  0.0  0.0  0.0  0.0
  0.0  0.0 23.3 23.3  0.0  0.0325.6 93.0139.5  0.0  0.0 23.3  0.0  0.0  0.0
  0.0  0.0  0.0  0.0  0.0 46.5 23.3  0.0  0.0  0.0  0.0  0.0  0.0 23.3  0.0
  0.0  0.0  0.0  0.0  0.0 23.3 23.3 23.3  0.0  0.0139.5  0.0  0.0 93.0  0.0
  0.0  0.0  0.0  0.0  0.0  0.0  0.0  0.0  0.0  0.0  0.0  0.0  0.0  0.0  0.0
  0.0  0.0  0.0  0.0  0.0  0.0  0.0  0.0  0.0  0.0  0.0  0.0  0.0  0.0  0.0
  0.0  0.0  0.0  0.0  0.0  0.0  0.0  0.0  0.0  0.0  0.0  0.0  0.0  0.0  0.0
  0.0  0.0  0.0  0.0  0.0  0.0  0.0  0.0  0.0  0.0  0.0  0.0  0.0  0.0  0.0
  0.0  0.0  0.0  0.0  0.0  0.0  0.0  0.0  0.0  0.0 23.3  0.0 23.3  0.0  0.0
  0.0  0.0  0.0  0.0  0.0  0.0  0.0 23.3  0.0 23.3  0.0  0.0 23.3  0.0  0.0
    -16.51     -1.26     -1.67     -6.61     -0.10  0.0  0.0  0.0  0.0  0.0
                                     t000297_s16_p2_qjpp.txt 31.0  5.0  216
  0.0  0.0  0.0 32.4  0.0  0.0  4.6  4.6  4.6  0.0  9.3  0.0  0.0  9.3  0.0
  0.0  0.0 13.9  4.6  0.0  0.0384.3111.1 60.2 46.3 13.9  9.3  4.6  0.0  4.6
  0.0  0.0  0.0  0.0  4.6 23.1 13.9  0.0  0.0  0.0  0.0  0.0  4.6  9.3  0.0
  4.6  4.6  0.0  0.0  4.6 13.9  9.3 13.9  0.0  4.6 78.7 18.5  0.0120.4 13.9
  0.0  0.0  0.0  0.0  0.0  0.0  0.0  0.0  0.0  0.0  0.0  0.0  0.0  0.0  0.0
  0.0  0.0  0.0  4.6  0.0  0.0  0.0  0.0  0.0  0.0  0.0  0.0  0.0  0.0  0.0
  0.0  0.0  4.6  9.3  0.0  0.0  0.0  0.0  0.0  0.0  0.0  0.0  0.0  0.0  0.0
  4.6  0.0  0.0  4.6 13.9  0.0 13.9  0.0  0.0  0.0  0.0  0.0  0.0  0.0  0.0
  0.0  0.0  0.0  0.0  0.0  0.0  0.0 18.5 41.7  0.0 18.5  4.6  9.3  4.6  0.0
  0.0  4.6  9.3  0.0  0.0  9.3  0.0 41.7  0.0  4.6  0.0  0.0 18.5  0.0  0.0
    -15.96     -0.95      0.61     -6.61      2.16  0.0  0.0  0.0  0.0  0.0
                                     t000297_s16_p3_qjpp.txt 33.5  5.5  251
  4.0  0.0  0.0 51.8  0.0  0.0  0.0  0.0  0.0  8.0  0.0  0.0  0.0  0.0  0.0
  4.0  0.0  8.0  8.0  0.0  0.0326.7119.5 47.8 35.9  0.0 39.8  8.0  4.0  4.0
  0.0  8.0  0.0  0.0  4.0 47.8  8.0  0.0  0.0  0.0  8.0 15.9  8.0 12.0  0.0
  0.0  8.0  4.0  4.0  0.0 15.9 23.9 12.0  0.0  8.0 71.7  0.0  4.0135.5 12.0
  0.0  0.0  0.0  0.0  0.0  0.0  0.0  0.0  0.0  0.0  0.0  0.0  0.0  0.0  0.0
  0.0  0.0  0.0  0.0  0.0  0.0  4.0  0.0  0.0  0.0  0.0  0.0  0.0  0.0  0.0
  0.0  0.0  4.0  0.0  0.0  0.0  0.0  0.0  0.0  0.0  8.0  0.0  0.0  0.0  0.0
  4.0  0.0  0.0  4.0  4.0  0.0  4.0  8.0  0.0  0.0  0.0  0.0  0.0  0.0  0.0
  0.0  0.0  0.0  0.0  0.0  0.0  0.0  4.0 23.9  4.0 12.0  0.0  4.0  8.0  0.0
  0.0  0.0  0.0  0.0  0.0  4.0  0.0 19.9 35.9  4.0 12.0  0.0 15.9  0.0  0.0
    -20.38      4.59      4.37      3.56      3.16  0.0  0.0  0.0  0.0  0.0
                                     t000297_s16_p4_qjpp.txt 26.8  5.0  157
 12.7  0.0  0.0 31.8  0.0  0.0  0.0  0.0 12.7  6.4  0.0  0.0  0.0  0.0  0.0
  0.0  0.0  0.0 12.7  0.0  0.0375.8108.3 51.0 31.8  0.0  0.0  6.4  0.0  0.0
  6.4  0.0  0.0  6.4  0.0 51.0  6.4  0.0  0.0  0.0  0.0  6.4  6.4 12.7  0.0
 19.1  6.4 12.7  0.0  0.0  0.0 19.1 31.8  0.0  6.4 70.1 12.7  0.0 95.5  0.0
  0.0  0.0  0.0  0.0  0.0  0.0  0.0  0.0  0.0  0.0  0.0  0.0  0.0  0.0  0.0
  0.0  0.0  0.0  0.0  0.0  6.4  6.4  0.0  0.0  0.0  0.0  0.0  0.0  0.0  0.0
  0.0  0.0  0.0  6.4  0.0  0.0  0.0  0.0  0.0  0.0  6.4  0.0  0.0  0.0  0.0
 12.7  0.0  0.0 12.7  6.4  0.0  6.4  6.4  0.0  0.0  0.0  0.0  0.0  0.0  0.0
  0.0  6.4  0.0  0.0  0.0  0.0  0.0 12.7 12.7  0.0 12.7  0.0  0.0  0.0  6.4
 12.7  6.4  0.0  0.0  0.0  0.0  0.0 19.1 31.8 12.7  0.0  0.0 19.1  0.0  0.0
    -22.67     -3.50      2.05     -4.06      8.45  0.0  0.0  0.0  0.0  0.0
                                     t000297_s16_p5_qjpp.txt 31.5  5.4  246
  0.0  0.0  0.0 28.5  0.0  0.0  0.0  0.0  4.1  0.0  0.0  0.0  0.0  0.0  0.0
  0.0  0.0  0.0  4.1  0.0  0.0402.4130.1 65.0 32.5  0.0  0.0  0.0  4.1  0.0
  0.0  0.0  0.0  0.0  4.1 40.7 12.2  4.1  8.1  0.0  0.0  0.0  4.1  8.1  0.0
  4.1 12.2  0.0  8.1  0.0  4.1 16.3 12.2  0.0  4.1 81.3  4.1  8.1 93.5  4.1
  0.0  0.0  0.0  0.0  0.0  0.0  0.0  0.0  0.0  0.0  0.0  0.0  0.0  0.0  0.0
  0.0  0.0  0.0  0.0  0.0  0.0  0.0  0.0  0.0  0.0  0.0  0.0  0.0  0.0  0.0
  0.0  0.0  4.1  0.0  0.0  0.0  0.0  0.0  0.0  0.0  0.0  4.1  0.0  0.0  0.0
  0.0  0.0  0.0  0.0  4.1  0.0  4.1  4.1  0.0  0.0  0.0  0.0  0.0  0.0  0.0
  0.0  0.0  0.0  4.1  0.0  0.0  0.0  8.1 16.3  0.0 36.6  4.1  8.1  0.0  0.0
 12.2  4.1  0.0  0.0  0.0  0.0  0.0 28.5  0.0  0.0  4.1  0.0  4.1  0.0  0.0
    -30.21     -4.66     -0.14     -3.01      1.46  0.0  0.0  0.0  0.0  0.0
                                     t000297_s16_p6_qjpp.txt 23.5  5.2  131
  0.0  0.0  0.0 45.8  0.0  0.0  0.0  0.0  0.0  7.6  7.6  0.0  0.0  0.0  0.0
  0.0  0.0  7.6  7.6  0.0  0.0328.2129.8 68.7 30.5 15.3  7.6  0.0  0.0  7.6
  0.0  7.6  0.0  0.0 15.3 22.9 15.3  0.0  0.0  0.0  0.0  0.0  7.6  0.0  0.0
  0.0 15.3  7.6  0.0  7.6  7.6 30.5  0.0  0.0  7.6 84.0 15.3  0.0106.9  7.6
  7.6  0.0  0.0  0.0  0.0  0.0  0.0  0.0  0.0  0.0  0.0  0.0  0.0  0.0  0.0
  0.0  0.0  0.0  7.6  0.0  0.0  7.6  0.0  0.0  0.0  0.0  0.0  0.0  0.0  0.0
  0.0  0.0  0.0  7.6  0.0  0.0  0.0  0.0  0.0  0.0  0.0  0.0  0.0  0.0  0.0
 15.3  0.0  0.0 15.3  7.6  0.0  7.6  0.0  0.0  0.0  0.0  0.0  0.0  0.0  0.0
  0.0  0.0  0.0  0.0  0.0  0.0  0.0 15.3 22.9  7.6 30.5  7.6 15.3  0.0  0.0
  0.0  0.0  0.0  0.0  7.6  0.0  7.6  7.6 15.3  0.0  0.0  0.0  7.6  0.0  0.0
    -22.62     -2.58      1.83     -6.61      1.14  7.6  0.0  0.0  0.0  0.0
                                     t000297_s16_p7_qjpp.txt 11.3  5.8   59
  0.0  0.0  0.0 16.9  0.0  0.0  0.0  0.0  0.0  0.0  0.0  0.0  0.0  0.0  0.0
  0.0  0.0  0.0 16.9  0.0 16.9355.9186.4135.6  0.0  0.0 16.9  0.0  0.0  0.0
  0.0 16.9  0.0  0.0  0.0 50.8  0.0  0.0  0.0  0.0  0.0 16.9 16.9  0.0  0.0
  0.0  0.0  0.0  0.0  0.0  0.0 33.9  0.0  0.0  0.0135.6  0.0  0.0 33.9  0.0
  0.0  0.0  0.0  0.0  0.0  0.0  0.0  0.0  0.0  0.0  0.0  0.0  0.0  0.0  0.0
  0.0  0.0  0.0  0.0  0.0  0.0  0.0  0.0  0.0  0.0  0.0  0.0  0.0  0.0  0.0
  0.0  0.0  0.0  0.0  0.0  0.0  0.0  0.0  0.0  0.0  0.0  0.0  0.0  0.0  0.0
  0.0  0.0  0.0  0.0  0.0  0.0  0.0  0.0  0.0  0.0  0.0  0.0  0.0  0.0  0.0
  0.0  0.0  0.0  0.0  0.0  0.0  0.0  0.0118.6 16.9 16.9  0.0 16.9 16.9  0.0
  0.0  0.0  0.0  0.0  0.0  0.0  0.0  0.0  0.0 16.9  0.0  0.0  0.0  0.0  0.0
    -27.55     -2.47      4.36      0.17      6.97  0.0  0.0  0.0  0.0  0.0
                                     t000297_s16_p8_qjpp.txt 33.3  5.4  218
  4.6  0.0  0.0 55.0  0.0  0.0  0.0  0.0  0.0  9.2  0.0  4.6  0.0  0.0  0.0
  0.0  0.0  4.6 13.8  0.0  0.0408.3114.7 64.2  9.2  4.6 13.8  9.2  0.0  9.2
  0.0  4.6  0.0  0.0  0.0 41.3  4.6  0.0  4.6  0.0  0.0  9.2  0.0  9.2  0.0
  4.6  0.0  4.6  0.0  9.2  4.6 22.9 13.8  0.0  9.2 82.6  4.6  0.0 82.6  9.2
  4.6  0.0  0.0  0.0  0.0  0.0  0.0  0.0  0.0  0.0  0.0  0.0  0.0  0.0  0.0
  0.0  0.0  0.0  0.0  0.0  4.6  0.0  0.0  0.0  0.0  0.0  0.0  0.0  0.0  0.0
  0.0  0.0  0.0  0.0  0.0  0.0  0.0  0.0  0.0  0.0  0.0  0.0  0.0  0.0  0.0
  4.6  0.0  0.0  4.6  0.0  0.0  0.0  0.0  0.0  0.0  0.0  0.0  0.0  0.0  0.0
  0.0  0.0  0.0  0.0  0.0  0.0  0.0  9.2 22.9 13.8  4.6  4.6  9.2  4.6  0.0
  0.0  0.0  0.0  0.0  0.0  0.0  4.6  9.2  4.6  9.2  0.0  4.6  9.2  4.6  0.0
    -21.31     -0.88      4.91     -1.46     -0.76  0.0  0.0  0.0  0.0  0.0
                                     t000297_s16_p9_qjpp.txt 36.0  5.3  240
  8.3  0.0  0.0 20.8  0.0  0.0  4.2  0.0  0.0  0.0  0.0  0.0  0.0  0.0  0.0
  0.0  0.0  0.0  4.2  0.0  0.0425.0129.2 70.8 37.5  4.2 20.8  0.0  0.0  0.0
  0.0  4.2  0.0  4.2  0.0 37.5 12.5  0.0  0.0  0.0  0.0  4.2  0.0  0.0  4.2
  4.2  4.2  4.2  0.0  0.0  0.0 12.5  8.3  0.0  0.0 87.5  4.2  0.0 95.8  4.2
  4.2  0.0  0.0  0.0  0.0  0.0  0.0  0.0  0.0  0.0  0.0  0.0  0.0  0.0  0.0
  0.0  0.0  0.0  0.0  0.0  4.2  4.2  4.2  0.0  0.0  0.0  0.0  0.0  0.0  0.0
  0.0  0.0  0.0  4.2  0.0  0.0  0.0  0.0  0.0  0.0  0.0  0.0  0.0  0.0  0.0
  8.3  4.2  0.0 12.5  4.2  0.0  4.2  0.0  0.0  0.0  0.0  0.0  0.0  0.0  0.0
  0.0  0.0  0.0  0.0  0.0  0.0  0.0  8.3 29.2  4.2 33.3  0.0  4.2  8.3  0.0
  8.3  4.2  0.0  0.0  0.0  8.3  0.0 37.5 12.5 20.8  0.0  0.0  4.2  4.2  0.0
    -29.57     -0.30     -0.80     -4.94      0.92  4.2  0.0  0.0  0.0  0.0
                                      t000297_s2_p1_qjpp.txt  4.8  4.8   20
  0.0  0.0  0.0  0.0  0.0  0.0  0.0  0.0  0.0  0.0  0.0  0.0  0.0  0.0  0.0
  0.0  0.0  0.0  0.0  0.0  0.0600.0150.0 50.0 50.0  0.0  0.0  0.0  0.0  0.0
  0.0  0.0  0.0  0.0  0.0  0.0  0.0  0.0  0.0  0.0  0.0  0.0  0.0  0.0  0.0
  0.0  0.0  0.0  0.0  0.0  0.0  0.0  0.0  0.0  0.0 50.0  0.0  0.0 50.0  0.0
  0.0  0.0  0.0  0.0  0.0  0.0  0.0  0.0  0.0  0.0  0.0  0.0  0.0  0.0  0.0
  0.0  0.0  0.0  0.0  0.0  0.0  0.0  0.0  0.0  0.0  0.0  0.0  0.0  0.0  0.0
  0.0  0.0  0.0  0.0  0.0  0.0  0.0  0.0  0.0  0.0  0.0  0.0  0.0  0.0  0.0
  0.0  0.0  0.0  0.0  0.0  0.0  0.0  0.0  0.0  0.0  0.0  0.0  0.0  0.0  0.0
  0.0  0.0  0.0  0.0  0.0  0.0  0.0  0.0100.0  0.0  0.0  0.0  0.0  0.0  0.0
  0.0  0.0  0.0  0.0  0.0  0.0  0.0  0.0  0.0  0.0  0.0  0.0  0.0  0.0  0.0
    -36.14     -4.08      0.97     -6.61     -3.63  0.0  0.0  0.0  0.0  0.0
                                      t000297_s4_p1_qjpp.txt 22.3  5.2  121
  8.3  0.0  0.0 57.9  0.0  0.0  0.0  0.0  8.3  8.3  8.3  0.0  0.0  0.0  0.0
  0.0  0.0  8.3  8.3  0.0  0.0380.2115.7 57.9 16.5  8.3  0.0  0.0  0.0  0.0
  0.0  0.0  0.0  0.0  0.0 16.5  0.0  0.0  0.0  8.3 16.5  0.0  0.0 16.5  0.0
  8.3  8.3  8.3  0.0  8.3 24.8 24.8 24.8  0.0  0.0 74.4 16.5  0.0 99.2 16.5
  8.3  0.0  0.0  0.0  0.0  0.0  0.0  0.0  0.0  0.0  0.0  0.0  0.0  0.0  0.0
  0.0  0.0  0.0  0.0  0.0  0.0  8.3  0.0  0.0  0.0  0.0  0.0  0.0  0.0  0.0
  0.0  0.0  0.0  0.0  0.0  0.0  0.0  0.0  0.0  0.0  0.0  0.0  0.0  0.0  0.0
  8.3  0.0  0.0  8.3  0.0  0.0  0.0  0.0  0.0  0.0  0.0  0.0  0.0  0.0  0.0
  0.0  0.0  0.0  0.0  0.0  0.0  0.0  8.3  8.3  0.0 24.8  8.3 24.8 16.5  0.0
 16.5  0.0  0.0  0.0  0.0  0.0  0.0 33.1  0.0 16.5  0.0  0.0  0.0  0.0  0.0
    -21.13     -4.82      0.03      5.02      1.54  0.0  0.0  0.0  0.0  0.0
                                      t000297_s4_p2_qjpp.txt 31.5  5.4  217
  0.0  0.0  0.0 55.3  0.0  0.0  4.6  0.0  0.0  0.0  0.0  0.0  0.0  4.6  0.0
  0.0  0.0 13.8  4.6  0.0  0.0428.6147.5 50.7  9.2  9.2 13.8  0.0  0.0  0.0
  0.0  0.0  0.0  0.0  9.2 46.1 13.8  0.0  0.0  0.0  0.0 13.8  4.6 13.8  0.0
  9.2  9.2  0.0  0.0  4.6 13.8 13.8 23.0  0.0  0.0 82.9  9.2  0.0 82.9  0.0
  0.0  0.0  0.0  0.0  0.0  0.0  0.0  0.0  0.0  0.0  0.0  0.0  0.0  0.0  0.0
  0.0  0.0  0.0  4.6  4.6  0.0  0.0  0.0  0.0  0.0  0.0  0.0  0.0  0.0  0.0
  0.0  4.6  9.2  0.0  0.0  0.0  0.0  0.0  0.0  0.0  0.0  0.0  0.0  0.0  0.0
  9.2  0.0  0.0  9.2 13.8  0.0 13.8  0.0  0.0  0.0  0.0  0.0  0.0  0.0  0.0
  0.0  0.0  0.0  0.0  0.0  0.0  0.0 13.8 18.4  0.0 46.1  9.2  0.0  4.6  4.6
 32.3  0.0  4.6  0.0  4.6  0.0  0.0  9.2  4.6  9.2  9.2  0.0  9.2  0.0  0.0
    -22.89     -2.36     -4.36     -1.08      4.32  0.0  0.0  0.0  0.0  0.0
                                      t000297_s4_p3_qjpp.txt 21.3  5.1  129
  7.8  0.0  0.0 62.0  0.0  0.0  7.8  0.0  7.8 15.5  0.0  0.0  0.0  0.0  0.0
  0.0  0.0 23.3  7.8  0.0  0.0341.1139.5 93.0  7.8  0.0  7.8 15.5  0.0  0.0
  0.0  7.8  0.0  0.0  0.0 54.3  0.0  0.0  0.0  0.0  0.0  7.8  7.8  0.0  0.0
  0.0  7.8 15.5  0.0  0.0 23.3 23.3  0.0  0.0  0.0124.0  7.8  0.0 77.5  7.8
  7.8  0.0  0.0  0.0  0.0  0.0  0.0  0.0  0.0  0.0  0.0  0.0  0.0  0.0  0.0
  0.0  0.0  0.0  0.0  0.0  7.8  7.8  0.0  0.0  0.0  0.0  0.0  0.0  0.0  0.0
  0.0  0.0  0.0  0.0  0.0  0.0  0.0  0.0  0.0  0.0  0.0  0.0  0.0  0.0  0.0
 15.5  0.0  0.0 15.5  0.0  0.0  0.0  0.0  0.0  0.0  0.0  0.0  0.0  0.0  0.0
  0.0  0.0  0.0  0.0  0.0  0.0  0.0  7.8 31.0  0.0 38.8  0.0  0.0  0.0  0.0
  0.0  0.0  0.0  0.0  0.0  0.0  0.0 15.5 15.5  7.8  0.0  0.0 23.3  0.0  0.0
    -16.66     -1.11      0.76     -3.50      1.22  0.0  7.8  0.0  0.0  0.0
                                      t000297_s7_p1_qjpp.txt 31.8  4.7  222
  9.0  0.0  0.0 58.6  0.0  0.0  0.0  0.0  4.5 18.0  0.0  4.5  0.0  4.5  0.0
  0.0  0.0  0.0  9.0  0.0  0.0288.3121.6 49.5  4.5  0.0 18.0  0.0  0.0  0.0
  0.0  0.0  0.0  0.0  4.5 63.1  0.0  0.0  0.0  0.0  0.0 13.5 13.5 18.0  0.0
  0.0  4.5  4.5  0.0  4.5  0.0 18.0 18.0  0.0  0.0108.1  4.5  0.0 72.1  0.0
  0.0  0.0  0.0  0.0  0.0  0.0  0.0  0.0  0.0  0.0  0.0  0.0  0.0  0.0  0.0
  0.0  0.0  0.0  0.0  0.0  0.0  4.5  0.0  0.0  0.0  0.0  0.0  0.0  0.0  0.0
  0.0  0.0  0.0  0.0  0.0  0.0  0.0  0.0  0.0  0.0  0.0  0.0  0.0  4.5  0.0
  4.5  0.0  0.0  4.5  0.0  0.0  0.0  4.5  0.0  0.0  0.0  0.0  0.0  0.0  0.0
  0.0  0.0  0.0  0.0  0.0  0.0  0.0  4.5  9.0  4.5 36.0  4.5  4.5  0.0  0.0
  4.5  0.0  0.0  0.0  0.0  0.0  0.0  4.5  9.0 13.5  0.0  4.5  4.5  4.5  0.0
    -13.88     -2.11     -3.93     -1.20      7.55  0.0  0.0  0.0  0.0  0.0
                                      t000297_s7_p2_qjpp.txt 28.5  5.4  174
  0.0  0.0  0.0 46.0  0.0  0.0  0.0  0.0  0.0  0.0  0.0  0.0  0.0  0.0  5.7
  0.0  0.0  5.7  5.7  0.0  0.0408.0114.9 80.5 11.5  5.7 11.5  0.0  0.0  5.7
  0.0  0.0  0.0  0.0  0.0 17.2 40.2  0.0  0.0  0.0  0.0  5.7  0.0 11.5  0.0
  0.0  0.0  0.0  0.0  0.0  5.7  5.7 11.5  0.0  5.7 97.7  5.7  5.7103.4  0.0
  0.0  0.0  0.0  0.0  0.0  0.0  0.0  0.0  0.0  0.0  0.0  0.0  0.0  0.0  0.0
  0.0  0.0  0.0  0.0  0.0  0.0  0.0  0.0  0.0  0.0  0.0  0.0  0.0  0.0  0.0
  0.0  5.7  0.0  0.0  0.0  0.0  0.0  0.0  0.0  5.7  0.0  0.0  0.0  0.0  0.0
  0.0  0.0  0.0  0.0  5.7  0.0 11.5  0.0  0.0  0.0  0.0  0.0  0.0  0.0  0.0
  0.0  0.0  0.0  0.0  0.0  0.0  0.0 23.0 34.5  5.7 17.2 11.5  0.0  0.0  0.0
  0.0  5.7  0.0  0.0  0.0  5.7  0.0 23.0  0.0 17.2  0.0  5.7  0.0  5.7  0.0
    -23.95     -2.88      2.87     -4.31     -1.88  0.0  0.0  0.0  0.0  0.0
                                      t000297_s7_p3_qjpp.txt 24.0  5.7  133
  7.5  0.0  0.0 45.1  0.0  0.0  0.0  0.0  0.0  7.5  7.5  0.0  0.0  0.0  0.0
  0.0  0.0  7.5  0.0  0.0  0.0360.9127.8 97.7 15.0  0.0 15.0  0.0  0.0  0.0
  0.0 15.0  0.0  0.0 15.0 15.0  7.5  7.5  0.0  0.0  0.0  7.5  0.0 15.0  0.0
 15.0  0.0  0.0  0.0 15.0 15.0 15.0 30.1  0.0  0.0150.4  0.0  0.0120.3  7.5
  0.0  0.0  0.0  0.0  0.0  0.0  0.0  0.0  0.0  0.0  0.0  0.0  0.0  0.0  0.0
  0.0  0.0  0.0  0.0  0.0  0.0  0.0  0.0  0.0  0.0  0.0  0.0  0.0  0.0  0.0
  0.0  0.0  0.0  0.0  0.0  0.0  0.0  0.0  0.0  0.0  7.5  0.0  0.0  0.0  0.0
  0.0  0.0  0.0  0.0  0.0  0.0  0.0  7.5  0.0  0.0  0.0  0.0  0.0  0.0  0.0
  0.0  0.0  0.0  0.0  0.0  0.0  0.0 15.0 15.0  0.0 52.6  0.0 15.0  0.0  0.0
  0.0  0.0  0.0  0.0  0.0 15.0  7.5 22.6 30.1  0.0  0.0  0.0  7.5  7.5  0.0
    -27.24     -2.34      1.27     -1.81      3.50  0.0  0.0  0.0  0.0  0.0
                                      t000297_s7_p4_qjpp.txt 21.3  4.8  112
  8.9  0.0  0.0 17.9  0.0  0.0  0.0  0.0 35.7  0.0  0.0  8.9  0.0  0.0  0.0
  0.0  0.0  0.0  0.0  0.0  0.0357.1 98.2 53.6 62.5 17.9 17.9  0.0  0.0  8.9
  0.0  0.0  0.0  0.0  0.0 26.8  0.0  0.0  0.0  0.0  0.0  0.0 17.9  8.9  8.9
  8.9  0.0  0.0  0.0  0.0  0.0  8.9 26.8  0.0  8.9 53.6 53.6  0.0 98.2  0.0
  8.9  0.0  0.0  0.0  0.0  0.0  0.0  0.0  0.0  0.0  0.0  0.0  0.0  0.0  0.0
  0.0  0.0  0.0  0.0  0.0  0.0  0.0  0.0  0.0  0.0  0.0  0.0  0.0  0.0  0.0
  0.0  0.0  0.0  0.0  0.0  0.0  0.0  0.0  0.0  0.0  0.0  0.0  0.0  0.0  0.0
  0.0  0.0  0.0  0.0  0.0  0.0  0.0  0.0  0.0  0.0  0.0  0.0  0.0  0.0  0.0
  0.0  0.0  0.0  0.0  0.0  0.0  0.0 35.7  0.0  0.0  0.0  8.9  0.0  0.0  0.0
  0.0  0.0  0.0  0.0  0.0 17.9  0.0  8.9  0.0 17.9  0.0  0.0  8.9  0.0  0.0
    -19.48      0.56      3.92     -6.61     18.64  0.0  0.0  0.0  0.0  0.0
                                      t000298_s1_p1_qjpp.txt 26.0  5.1  244
  8.2  0.0  0.0 32.8  0.0  0.0  0.0 32.8 16.4 16.4  0.0  0.0  0.0  0.0  0.0
  0.0  0.0  0.0 16.4  0.0  0.0274.6139.3 86.1 32.8  8.2  4.1  0.0  0.0  0.0
  0.0  4.1  0.0  0.0  0.0 41.0  8.2  4.1  4.1  0.0  4.1  4.1 24.6 12.3  8.2
  0.0  0.0 12.3  0.0 12.3  8.2 20.5 20.5  0.0  0.0127.0 24.6  4.1 77.9  4.1
  0.0  0.0  0.0  0.0  0.0  0.0  0.0  0.0  0.0  0.0  0.0  0.0  0.0  0.0  0.0
  0.0  0.0  0.0  0.0  4.1  8.2  0.0  0.0  0.0  0.0  0.0  0.0  0.0  0.0  0.0
  0.0  0.0  0.0  0.0  0.0  0.0  0.0  0.0  0.0  0.0  0.0  0.0  0.0  0.0  0.0
 12.3  0.0  0.0 12.3  0.0  0.0  0.0  0.0  0.0  0.0  0.0  0.0  0.0  0.0  0.0
  0.0  0.0  0.0  0.0  0.0  0.0  0.0 20.5 20.5  4.1 12.3  0.0  8.2  0.0  0.0
  0.0  0.0  0.0  0.0  0.0 24.6  0.0 12.3  4.1 16.4  0.0  4.1  0.0  0.0  0.0
    -13.26     -3.50      0.16     -0.72     19.91  0.0  4.1  0.0  0.0  0.0
                                     t000298_s11_p1_qjpp.txt 13.3  5.1   66
  0.0  0.0  0.0 60.6  0.0  0.0  0.0 30.3  0.0 45.5  0.0  0.0  0.0  0.0  0.0
  0.0  0.0  0.0 15.2  0.0  0.0287.9121.2 75.8 30.3  0.0 15.2  0.0  0.0  0.0
  0.0  0.0  0.0 15.2  0.0  0.0  0.0  0.0  0.0  0.0  0.0  0.0  0.0  0.0  0.0
  0.0  0.0 15.2  0.0  0.0  0.0 15.2  0.0  0.0  0.0136.4  0.0  0.0121.2 15.2
  0.0  0.0  0.0  0.0  0.0  0.0  0.0  0.0  0.0  0.0  0.0  0.0  0.0  0.0  0.0
  0.0  0.0  0.0  0.0  0.0  0.0 15.2  0.0  0.0  0.0  0.0  0.0  0.0  0.0  0.0
  0.0  0.0  0.0  0.0  0.0  0.0  0.0  0.0  0.0  0.0  0.0  0.0  0.0  0.0  0.0
 15.2  0.0  0.0 15.2  0.0  0.0  0.0  0.0  0.0  0.0  0.0  0.0  0.0  0.0  0.0
  0.0  0.0  0.0  0.0  0.0  0.0  0.0  0.0  0.0  0.0 15.2 15.2  0.0 45.5  0.0
  0.0  0.0  0.0  0.0  0.0  0.0  0.0 30.3  0.0 15.2  0.0 15.2  0.0  0.0  0.0
     -9.80     -1.82     -3.36     -6.61     -3.63  0.0  0.0  0.0  0.0  0.0
                                    t000298_s11_p10_qjpp.txt 21.8  4.9  130
  0.0  0.0  0.0 46.2  0.0  0.0  0.0 38.5  0.0  0.0  0.0  0.0  0.0  0.0  0.0
  0.0  0.0  7.7  0.0  0.0  0.0338.5153.8 61.5 23.1  7.7 15.4  7.7  0.0  7.7
  0.0  0.0  0.0  0.0  0.0 23.1  7.7  0.0  0.0  0.0  0.0  0.0  0.0 15.4  7.7
 23.1  7.7  7.7  7.7  7.7  7.7  7.7 46.2  0.0  7.7 76.9  7.7  0.0100.0  0.0
  0.0  0.0  0.0  0.0  0.0  0.0  0.0  0.0  0.0  0.0  0.0  0.0  0.0  0.0  0.0
  0.0  0.0  0.0  7.7  0.0  0.0  7.7  0.0  0.0  0.0  0.0  0.0  0.0  0.0  0.0
  7.7  0.0  0.0  0.0  0.0  0.0  0.0  0.0  0.0  0.0  0.0  0.0  0.0  0.0  0.0
 15.4  0.0  0.0 15.4  7.7  0.0  7.7  0.0  0.0  0.0  0.0  0.0  0.0  0.0  0.0
  0.0  0.0  0.0  0.0  0.0  0.0  0.0  7.7 15.4 15.4  0.0  0.0  0.0 15.4  0.0
  7.7  7.7  0.0  0.0  0.0  0.0  0.0 23.1 15.4 15.4  0.0  0.0  0.0  0.0  0.0
    -17.07     -0.24      3.51     -6.61     12.07  0.0  0.0  0.0  0.0  0.0
                                    t000298_s11_p11_qjpp.txt 13.0  4.9   74
  0.0  0.0  0.0 13.5  0.0  0.0  0.0 81.1  0.0 13.5  0.0  0.0  0.0  0.0  0.0
  0.0  0.0  0.0  0.0  0.0  0.0283.8148.6 67.6 67.6  0.0  0.0  0.0  0.0  0.0
  0.0  0.0  0.0  0.0  0.0 27.0 13.5  0.0  0.0  0.0  0.0  0.0 27.0 27.0  0.0
 13.5  0.0  0.0  0.0  0.0  0.0  0.0 40.5  0.0  0.0 81.1  0.0  0.0108.1 13.5
  0.0  0.0  0.0  0.0  0.0  0.0  0.0  0.0  0.0  0.0  0.0  0.0  0.0  0.0  0.0
  0.0  0.0  0.0  0.0  0.0  0.0  0.0  0.0  0.0  0.0  0.0  0.0  0.0  0.0  0.0
  0.0  0.0 13.5  0.0  0.0  0.0  0.0  0.0  0.0  0.0  0.0  0.0  0.0  0.0  0.0
  0.0  0.0  0.0  0.0 13.5  0.0 13.5  0.0  0.0  0.0  0.0  0.0  0.0  0.0  0.0
  0.0  0.0  0.0  0.0  0.0  0.0  0.0  0.0 27.0  0.0 13.5 13.5  0.0 13.5  0.0
  0.0 13.5  0.0  0.0  0.0 13.5  0.0 54.1  0.0  0.0  0.0  0.0  0.0  0.0  0.0
     -6.83     -3.51     -0.56     -6.61     21.72  0.0  0.0  0.0  0.0  0.0
                                     t000298_s11_p2_qjpp.txt 24.3  4.8  176
  0.0  0.0  0.0 45.5 11.4  0.0  0.0 45.5  0.0  5.7  0.0  0.0  0.0  5.7  0.0
  0.0  0.0  5.7  0.0  0.0  0.0267.0125.0 51.1 39.8  0.0  0.0  5.7  0.0  0.0
  5.7  0.0  0.0  0.0  5.7 22.7  5.7  0.0  0.0 11.4  0.0  5.7  5.7 28.4  5.7
  5.7  5.7  5.7  0.0  0.0  5.7 17.0 39.8  0.0  5.7 79.5 11.4  0.0 96.6  0.0
 17.0  0.0  0.0  0.0  0.0  0.0  0.0  0.0  0.0  0.0  0.0  0.0  0.0  0.0  0.0
  0.0  0.0  0.0  5.7  0.0  0.0  0.0  0.0  0.0  0.0  0.0  0.0  0.0  0.0  0.0
  0.0  0.0  0.0  0.0  0.0  0.0  0.0  0.0  0.0  0.0  0.0  0.0  0.0  0.0  0.0
  5.7  0.0  0.0  5.7  0.0  0.0  0.0  0.0  0.0  0.0  0.0  0.0  0.0  0.0  0.0
  0.0  0.0  0.0  0.0  0.0  0.0  0.0 11.4 73.9  0.0  5.7  0.0  5.7  0.0  0.0
  0.0 11.4  0.0  0.0  0.0 11.4  0.0 34.1 11.4 17.0  0.0  5.7  0.0  0.0  0.0
     -7.55     -3.37      3.18      0.83     10.43  5.7  0.0  0.0  0.0  0.0
                                     t000298_s11_p3_qjpp.txt 13.5  5.2   87
 11.5  0.0  0.0 92.0  0.0  0.0  0.0 46.0  0.0  0.0  0.0  0.0  0.0  0.0  0.0
  0.0  0.0  0.0  0.0  0.0  0.0310.3126.4 57.5  0.0  0.0  0.0  0.0  0.0 11.5
 11.5  0.0  0.0  0.0  0.0 46.0 11.5  0.0  0.0  0.0  0.0 11.5 11.5 11.5  0.0
  0.0  0.0  0.0  0.0 11.5  0.0  0.0 11.5  0.0 23.0 69.0  0.0  0.0 92.0  0.0
  0.0  0.0  0.0  0.0  0.0  0.0  0.0  0.0  0.0  0.0  0.0  0.0  0.0  0.0  0.0
  0.0  0.0  0.0  0.0  0.0  0.0  0.0  0.0  0.0  0.0  0.0  0.0  0.0  0.0  0.0
  0.0  0.0  0.0  0.0  0.0  0.0  0.0  0.0  0.0  0.0  0.0  0.0  0.0  0.0  0.0
  0.0  0.0  0.0  0.0  0.0  0.0  0.0  0.0  0.0  0.0  0.0  0.0  0.0  0.0  0.0
  0.0  0.0  0.0  0.0  0.0  0.0  0.0  0.0 46.0 11.5 46.0 11.5  0.0  0.0  0.0
  0.0  0.0  0.0  0.0  0.0 11.5 11.5 11.5  0.0  0.0  0.0  0.0 11.5  0.0  0.0
    -13.64     -5.73     14.56     -2.01      5.30  0.0 11.5  0.0  0.0  0.0
                                     t000298_s11_p4_qjpp.txt 29.5  4.7  224
  4.5  4.5  0.0 84.8  4.5  0.0  0.0 35.7 17.9  4.5  0.0  0.0  0.0  0.0  0.0
  4.5  0.0  4.5  0.0  0.0  0.0227.7102.7 22.3 26.8  8.9  0.0  0.0  0.0  0.0
  0.0  0.0  0.0  0.0  0.0 31.3  4.5  0.0  0.0  4.5  0.0  0.0  8.9 13.4  4.5
  4.5  4.5  8.9  4.5  4.5  4.5  8.9 22.3  0.0  0.0 58.0 31.3  0.0129.5  4.5
  4.5  0.0  0.0  0.0  0.0  0.0  0.0  0.0  0.0  0.0  0.0  0.0  0.0  0.0  0.0
  0.0  0.0  0.0  4.5  0.0  4.5  0.0  0.0  0.0  0.0  0.0  0.0  0.0  0.0  0.0
  0.0  0.0  4.5  0.0  0.0  0.0  0.0  0.0  0.0  0.0  0.0  0.0  0.0  0.0  0.0
  8.9  0.0  0.0  8.9  4.5  0.0  4.5  0.0  0.0  0.0  0.0  0.0  0.0  0.0  0.0
  0.0  0.0  0.0  0.0  0.0  0.0  0.0  8.9 13.4  8.9 13.4  0.0  0.0  0.0  0.0
  0.0  0.0  0.0  0.0  4.5  0.0  0.0 13.4 22.3 31.3  4.5  0.0  8.9  0.0  0.0
     -4.90     -4.45     -0.80     -4.58      8.86  0.0  0.0  0.0  0.0  0.0
                                     t000298_s11_p5_qjpp.txt 14.0  4.6   73
  0.0  0.0  0.0 82.2  0.0  0.0  0.0 54.8 13.7 13.7  0.0  0.0  0.0  0.0  0.0
  0.0  0.0 13.7  0.0  0.0  0.0260.3 82.2 27.4 41.1 13.7  0.0 13.7  0.0 13.7
  0.0  0.0  0.0  0.0  0.0  0.0  0.0  0.0 13.7  0.0  0.0  0.0  0.0 13.7  0.0
  0.0 13.7 13.7  0.0  0.0 13.7 13.7 13.7  0.0 13.7 41.1 27.4  0.0123.3  0.0
  0.0  0.0  0.0  0.0  0.0  0.0  0.0  0.0  0.0  0.0  0.0  0.0  0.0  0.0  0.0
  0.0  0.0  0.0  0.0  0.0 13.7  0.0  0.0  0.0  0.0  0.0  0.0  0.0  0.0  0.0
  0.0  0.0  0.0  0.0  0.0  0.0  0.0  0.0  0.0  0.0  0.0  0.0  0.0  0.0  0.0
 13.7  0.0  0.0 13.7  0.0  0.0  0.0  0.0  0.0  0.0  0.0  0.0  0.0  0.0  0.0
  0.0  0.0  0.0  0.0  0.0  0.0  0.0  0.0  0.0 27.4 27.4  0.0  0.0  0.0  0.0
  0.0  0.0  0.0  0.0  0.0  0.0  0.0 41.1 27.4 13.7  0.0 13.7  0.0  0.0  0.0
     -0.32     -1.23      7.82     -2.19     -1.55  0.0  0.0  0.0  0.0  0.0
                                     t000298_s11_p6_qjpp.txt 11.8  4.9   67
  0.0  0.0  0.0 74.6  0.0  0.0  0.0 89.6 14.9 14.9  0.0  0.0  0.0  0.0  0.0
  0.0  0.0 14.9  0.0  0.0  0.0179.1104.5  0.0 14.9  0.0  0.0  0.0  0.0 14.9
 14.9  0.0  0.0  0.0  0.0 14.9 14.9  0.0  0.0  0.0  0.0  0.0  0.0 14.9  0.0
  0.0  0.0  0.0  0.0  0.0 14.9  0.0 14.9  0.0 29.9 74.6 14.9  0.0164.2 29.9
  0.0  0.0  0.0  0.0  0.0  0.0  0.0  0.0  0.0  0.0  0.0  0.0  0.0  0.0  0.0
  0.0  0.0  0.0  0.0  0.0  0.0  0.0  0.0  0.0  0.0  0.0  0.0  0.0  0.0  0.0
  0.0  0.0  0.0  0.0  0.0  0.0  0.0  0.0  0.0  0.0  0.0  0.0  0.0  0.0  0.0
  0.0  0.0  0.0  0.0  0.0  0.0  0.0  0.0  0.0  0.0  0.0  0.0  0.0  0.0  0.0
  0.0  0.0  0.0  0.0  0.0  0.0  0.0  0.0 29.9  0.0 14.9  0.0 14.9  0.0 14.9
  0.0  0.0  0.0  0.0  0.0  0.0  0.0  0.0 14.9 29.9  0.0  0.0  0.0 14.9  0.0
     10.44     -5.24     21.16     -6.61     -1.36  0.0  0.0  0.0  0.0  0.0
                                     t000298_s11_p7_qjpp.txt 29.8  4.9  211
  9.5  0.0  0.0 37.9  4.7  0.0  4.7 37.9  0.0  9.5  0.0  0.0  0.0  0.0  0.0
  0.0  0.0  4.7  4.7  0.0  4.7274.9 90.0 33.2 19.0  4.7  9.5  0.0  4.7  0.0
  0.0  0.0  0.0  0.0  4.7 23.7  0.0  4.7  0.0  0.0  4.7  0.0 14.2 14.2  0.0
  9.5  9.5  4.7  0.0  0.0 14.2 14.2 23.7  0.0  4.7 90.0  9.5  0.0 85.3  9.5
  4.7  0.0  0.0  0.0  0.0  0.0  0.0  0.0  0.0  0.0  0.0  0.0  0.0  0.0  0.0
  0.0  0.0  0.0  0.0  0.0  0.0  0.0  0.0  0.0  0.0  0.0  0.0  0.0  0.0  0.0
  0.0  0.0  0.0  0.0  0.0  0.0  0.0  0.0  0.0  0.0  0.0  0.0  0.0  0.0  0.0
  0.0  0.0  0.0  0.0  0.0  0.0  0.0  0.0  0.0  0.0  0.0  0.0  0.0  0.0  0.0
  0.0  0.0  0.0  0.0  0.0  0.0  0.0 14.2  9.5  0.0 14.2  4.7  4.7  4.7  4.7
  0.0  4.7  0.0  0.0  0.0  4.7  0.0 19.0  4.7  0.0  4.7  4.7  4.7  0.0  0.0
     -6.16     -3.07      1.02     -3.22     10.47  0.0  0.0  0.0  0.0  0.0
                                     t000298_s11_p8_qjpp.txt  7.5  4.5   34
  0.0  0.0  0.0 88.2  0.0  0.0  0.0 29.4 29.4 58.8  0.0  0.0  0.0  0.0  0.0
  0.0  0.0 29.4  0.0  0.0  0.0205.9117.6 29.4 29.4  0.0  0.0  0.0  0.0  0.0
 29.4  0.0  0.0  0.0  0.0 29.4 29.4  0.0  0.0  0.0  0.0  0.0  0.0  0.0  0.0
 29.4  0.0 29.4  0.0  0.0 29.4  0.0 29.4  0.0 29.4 58.8 29.4 29.4147.1  0.0
 29.4  0.0  0.0  0.0  0.0  0.0  0.0  0.0  0.0  0.0  0.0  0.0  0.0  0.0  0.0
  0.0  0.0  0.0 29.4  0.0  0.0  0.0  0.0  0.0  0.0  0.0  0.0  0.0  0.0  0.0
  0.0  0.0  0.0  0.0  0.0  0.0  0.0  0.0  0.0  0.0  0.0  0.0  0.0  0.0  0.0
 29.4  0.0  0.0 29.4  0.0  0.0  0.0  0.0  0.0  0.0  0.0  0.0  0.0  0.0  0.0
  0.0  0.0  0.0  0.0  0.0  0.0  0.0  0.0  0.0  0.0 29.4  0.0  0.0  0.0  0.0
  0.0  0.0  0.0  0.0  0.0  0.0  0.0 29.4 29.4  0.0  0.0  0.0  0.0  0.0  0.0
      5.37     -4.76     26.04     -6.61      5.86  0.0  0.0  0.0  0.0  0.0
                                     t000298_s11_p9_qjpp.txt 27.5  5.2  173
  5.8  0.0  0.0 52.0  0.0  0.0  0.0 57.8  0.0  0.0  0.0  0.0  0.0  0.0  0.0
  0.0  0.0  0.0 17.3  0.0  0.0283.2132.9 63.6 40.5  5.8  5.8  5.8  0.0  0.0
  0.0  0.0  0.0  0.0  0.0 57.8 23.1  0.0  0.0  0.0  0.0  5.8  5.8 11.6  0.0
  0.0  0.0 11.6  0.0  5.8  0.0 17.3 11.6  0.0  0.0 80.9  5.8  0.0109.8  0.0
  0.0  0.0  0.0  0.0  0.0  0.0  0.0  0.0  0.0  0.0  0.0  0.0  0.0  0.0  0.0
  0.0  0.0  0.0  5.8  0.0  5.8  5.8  0.0  0.0  0.0  0.0  0.0  0.0  0.0  0.0
  0.0  0.0  5.8  5.8  0.0  0.0  0.0  0.0  0.0  0.0  0.0  0.0  0.0  0.0  0.0
 17.3  0.0  0.0 17.3 11.6  0.0 11.6  0.0  0.0  0.0  0.0  0.0  0.0  0.0  0.0
  0.0  0.0  0.0  0.0  0.0  0.0  0.0  0.0 11.6  5.8 34.7  0.0  0.0  0.0  0.0
  0.0  0.0  0.0  0.0  0.0  0.0  0.0 11.6 11.6 17.3  5.8 11.6 11.6  0.0  0.0
     -8.72     -1.96     -2.31     -4.29      1.74  0.0  0.0  0.0  0.0  0.0
                                     t000298_s14_p1_qjpp.txt 28.5  5.1  270
 11.1  3.7  0.0 33.3  0.0  0.0  0.0 11.1 18.5  3.7  3.7  0.0  0.0  0.0  0.0
  0.0  0.0  0.0  0.0  3.7  0.0363.0137.0 59.3 55.6  0.0  0.0  0.0  0.0  3.7
  0.0  3.7  0.0  3.7  0.0 25.9  3.7  3.7  3.7  0.0  3.7  3.7 11.1 22.2  3.7
 18.5  3.7  3.7 14.8  7.4  7.4  7.4 44.4  3.7  3.7 88.9 18.5  0.0125.9  0.0
  0.0  0.0  0.0  0.0  0.0  0.0  0.0  0.0  0.0  0.0  0.0  0.0  0.0  0.0  0.0
  0.0  0.0  0.0  0.0  0.0 11.1  0.0  0.0  0.0  0.0  0.0  0.0  0.0  0.0  0.0
  3.7  3.7  0.0  0.0  0.0  0.0  0.0  0.0  0.0  0.0  0.0  0.0  0.0  0.0  0.0
 11.1  0.0  0.0 11.1  7.4  0.0  7.4  0.0  0.0  0.0  0.0  0.0  0.0  0.0  0.0
  0.0  7.4  0.0  0.0  0.0  0.0  0.0  7.4 14.8  7.4  0.0  3.7 25.9  7.4  0.0
 14.8  3.7  0.0  0.0  0.0  3.7  0.0 25.9 11.1 14.8  0.0  0.0  3.7  0.0  0.0
    -19.34     -3.90      1.67     -1.28     15.51  0.0  0.0  0.0  0.0  0.0
                                     t000298_s14_p2_qjpp.txt 15.8  4.7  112
  0.0  0.0  0.0 35.7  0.0  0.0  0.0 35.7 17.9  0.0  0.0  0.0  0.0  0.0  0.0
  0.0  0.0  0.0  8.9  0.0  0.0321.4151.8 17.9 44.6  0.0  0.0  0.0  0.0  0.0
  0.0  0.0  0.0  0.0  8.9 35.7  8.9  0.0  0.0  0.0  0.0  0.0  8.9 17.9  0.0
  0.0  0.0  0.0  0.0  0.0  0.0  8.9 17.9  0.0  0.0 35.7 17.9  0.0 80.4  0.0
  0.0  0.0  0.0  0.0  0.0  0.0  0.0  0.0  0.0  0.0  0.0  0.0  0.0  0.0  0.0
  0.0  0.0  0.0  0.0  0.0  0.0  0.0  0.0  0.0  0.0  0.0  0.0  0.0  0.0  0.0
  0.0  0.0  0.0  0.0  0.0  0.0  0.0  0.0  0.0  0.0  0.0  0.0  0.0  0.0  0.0
  0.0  0.0  0.0  0.0  0.0  0.0  0.0  0.0  0.0  0.0  0.0  0.0  0.0  0.0  0.0
  0.0  0.0  0.0  0.0  0.0  0.0  0.0  0.0  8.9  0.0  0.0  8.9  8.9  0.0  0.0
  0.0  0.0  0.0  0.0  0.0  8.9  0.0 35.7  0.0  0.0  0.0  0.0  8.9  0.0  0.0
    -14.26     -4.26     -3.68     -6.61      4.66  0.0  0.0  0.0  0.0  0.0
                                     t000298_s14_p3_qjpp.txt 19.5  4.8  146
  0.0  0.0  0.0  6.8  0.0  0.0  6.8 41.1 34.2  6.8  0.0  0.0  0.0  0.0  0.0
  0.0  0.0  0.0  0.0  0.0  0.0274.0164.4 34.2 47.9  6.8  0.0  0.0  0.0  0.0
  0.0  0.0  0.0  0.0  0.0  0.0 20.5  0.0  6.8  0.0  0.0  0.0  0.0 13.7 20.5
 13.7  0.0  0.0  0.0  0.0  0.0  0.0 47.9  0.0  0.0 75.3 41.1  0.0102.7  0.0
  6.8  0.0  0.0  0.0  0.0  0.0  0.0  0.0  0.0  0.0  0.0  0.0  0.0  0.0  0.0
  0.0  0.0  0.0  0.0  0.0  0.0  6.8  0.0  0.0  0.0  0.0  0.0  0.0  0.0  0.0
  6.8  0.0  0.0  6.8  0.0  0.0  0.0  0.0  0.0  0.0  0.0  0.0  0.0  0.0  0.0
  6.8  0.0  0.0  6.8 13.7  0.0 13.7  0.0  0.0  0.0  0.0  0.0  0.0  0.0  0.0
  0.0  0.0  0.0  0.0  0.0  0.0  0.0  0.0  0.0  6.8  0.0  6.8  6.8  6.8  0.0
  0.0  0.0  0.0  0.0  0.0  0.0  0.0 13.7 13.7 20.5  0.0  6.8  6.8  0.0  0.0
    -13.11     -3.85      0.97     -4.40     18.67  0.0  0.0  0.0  0.0  0.0
                                     t000298_s14_p4_qjpp.txt 18.3  5.4  114
  8.8  0.0  0.0 26.3  0.0  0.0  8.8 61.4 17.5  0.0  8.8  0.0  0.0  0.0  0.0
  0.0  0.0  0.0  0.0  0.0  0.0245.6131.6 87.7 61.4  0.0  8.8  0.0  0.0  0.0
 17.5  8.8  0.0  8.8  0.0 17.5 17.5  0.0  8.8  0.0  0.0  8.8  0.0 43.9  0.0
  8.8  0.0  0.0  0.0  0.0  0.0  8.8 52.6  0.0 17.5114.0 17.5  0.0131.6  8.8
  8.8  0.0  0.0  0.0  0.0  0.0  0.0  0.0  0.0  0.0  0.0  0.0  0.0  0.0  0.0
  0.0  0.0  0.0  0.0  0.0  0.0  0.0  0.0  0.0  0.0  0.0  0.0  0.0  0.0  0.0
  0.0  0.0  0.0  0.0  0.0  0.0  0.0  0.0  0.0  0.0  8.8  0.0  0.0  0.0  0.0
  0.0  0.0  0.0  0.0  0.0  0.0  0.0  8.8  0.0  0.0  0.0  0.0  0.0  0.0  0.0
  0.0  0.0  0.0  0.0  0.0  0.0  0.0  0.0 17.5  8.8 26.3  8.8  8.8  0.0  8.8
  0.0  0.0  0.0  0.0  0.0  8.8  0.0 35.1  8.8  8.8  0.0  8.8  0.0  8.8  0.0
     -9.37     -2.02     16.67     -0.27      5.85  0.0  0.0  0.0  0.0  0.0
                                     t000298_s20_p1_qjpp.txt  9.0  4.8   47
 21.3  0.0  0.0 21.3  0.0  0.0  0.0 42.6  0.0  0.0  0.0  0.0  0.0  0.0  0.0
  0.0  0.0  0.0  0.0  0.0  0.0255.3148.9 63.8 85.1  0.0  0.0  0.0  0.0  0.0
  0.0  0.0  0.0  0.0  0.0 85.1  0.0  0.0  0.0  0.0  0.0  0.0 21.3  0.0  0.0
 21.3 21.3  0.0 21.3 21.3  0.0 21.3 21.3  0.0  0.0 85.1  0.0  0.0106.4  0.0
  0.0  0.0  0.0  0.0  0.0  0.0  0.0  0.0  0.0  0.0  0.0  0.0  0.0  0.0  0.0
  0.0  0.0  0.0  0.0  0.0  0.0  0.0  0.0  0.0  0.0  0.0  0.0  0.0  0.0  0.0
  0.0  0.0  0.0  0.0  0.0  0.0  0.0  0.0  0.0  0.0  0.0  0.0  0.0  0.0  0.0
  0.0  0.0  0.0  0.0  0.0  0.0  0.0  0.0  0.0  0.0  0.0  0.0  0.0  0.0  0.0
  0.0  0.0  0.0  0.0  0.0  0.0  0.0 21.3  0.0  0.0  0.0 21.3  0.0  0.0  0.0
  0.0  0.0  0.0  0.0  0.0 21.3  0.0 63.8  0.0  0.0  0.0  0.0  0.0  0.0  0.0
    -14.37     -2.93     -3.86     -6.61     16.53  0.0  0.0  0.0  0.0  0.0
                                    t000298_s20_p10_qjpp.txt 13.8  4.8   71
 14.1  0.0  0.0 42.3  0.0  0.0  0.0 14.1 14.1 14.1  0.0  0.0  0.0 14.1  0.0
  0.0  0.0 14.1 14.1  0.0  0.0211.3 98.6 28.2 84.5 28.2  0.0 14.1  0.0  0.0
  0.0  0.0  0.0  0.0 14.1 56.3  0.0  0.0  0.0  0.0  0.0  0.0 14.1 28.2  0.0
  0.0  0.0 28.2  0.0 14.1 14.1 14.1 28.2  0.0  0.0 70.4 42.3  0.0126.8  0.0
  0.0  0.0  0.0  0.0  0.0  0.0  0.0  0.0  0.0  0.0  0.0  0.0  0.0  0.0  0.0
  0.0  0.0  0.0 14.1  0.0 14.1  0.0  0.0  0.0  0.0  0.0  0.0  0.0  0.0  0.0
  0.0  0.0  0.0  0.0  0.0  0.0  0.0  0.0  0.0  0.0  0.0  0.0  0.0  0.0  0.0
 28.2  0.0  0.0 28.2  0.0  0.0  0.0  0.0  0.0  0.0  0.0  0.0  0.0  0.0  0.0
  0.0  0.0  0.0  0.0  0.0  0.0  0.0 28.2  0.0  0.0 42.3 14.1 28.2  0.0  0.0
  0.0  0.0  0.0  0.0  0.0  0.0  0.0 14.1 14.1 28.2  0.0 14.1 14.1  0.0  0.0
      0.39      0.91     -6.37     -6.61      9.44 14.1  0.0  0.0  0.0  0.0
                                    t000298_s20_p11_qjpp.txt 18.0  5.1  142
  7.0  0.0  0.0  7.0  0.0  0.0  0.0 56.3  0.0  0.0  0.0 14.1  0.0  0.0  0.0
  0.0  0.0  0.0 14.1  0.0  0.0373.2 98.6 35.2 49.3  7.0  0.0  0.0  0.0  0.0
  0.0  0.0  0.0  0.0  0.0 42.3  0.0  0.0  0.0  0.0  0.0  0.0  0.0  0.0  0.0
  0.0  0.0  7.0  7.0  0.0  0.0 28.2  0.0  0.0  0.0 98.6  7.0  0.0 63.4  7.0
  0.0  0.0  0.0  0.0  0.0  0.0  0.0  0.0  0.0  0.0  0.0  0.0  0.0  0.0  0.0
  0.0  0.0  0.0  7.0  0.0  0.0  0.0  0.0  0.0  0.0  0.0  0.0  0.0  0.0  0.0
  0.0  0.0  0.0  0.0  0.0  0.0  0.0  0.0  0.0  0.0  0.0  0.0  0.0  0.0  0.0
  7.0  0.0  0.0  7.0  0.0  0.0  0.0  0.0  0.0  0.0  0.0  0.0  0.0  0.0  0.0
  0.0 14.1  0.0  0.0  0.0  0.0  0.0 42.3  7.0  0.0  0.0  0.0 21.1 63.4  0.0
  0.0  7.0  0.0  0.0  0.0  0.0  0.0 28.2  0.0  0.0  0.0  0.0  7.0  0.0  0.0
     -2.31     -3.79     -1.43     -6.61     -3.63  0.0  0.0  0.0  0.0  0.0
                                    t000298_s20_p12_qjpp.txt 10.0  5.3   59
  0.0  0.0  0.0 16.9  0.0  0.0  0.0 50.8 16.9  0.0  0.0  0.0  0.0  0.0  0.0
  0.0  0.0  0.0  0.0  0.0  0.0220.3101.7 33.9101.7  0.0 16.9 16.9  0.0  0.0
 16.9  0.0  0.0  0.0  0.0 33.9  0.0 16.9 16.9  0.0  0.0  0.0 16.9 16.9  0.0
  0.0  0.0 16.9  0.0  0.0 16.9  0.0 16.9  0.0 16.9135.6 16.9  0.0135.6  0.0
 16.9  0.0  0.0  0.0  0.0  0.0  0.0  0.0  0.0  0.0  0.0  0.0  0.0  0.0  0.0
  0.0  0.0  0.0  0.0  0.0 16.9  0.0  0.0  0.0  0.0  0.0  0.0  0.0  0.0  0.0
  0.0  0.0  0.0  0.0  0.0  0.0  0.0  0.0  0.0  0.0  0.0  0.0  0.0  0.0  0.0
 16.9  0.0  0.0 16.9  0.0  0.0  0.0  0.0  0.0  0.0  0.0  0.0  0.0  0.0  0.0
  0.0  0.0  0.0  0.0  0.0  0.0  0.0  0.0 16.9  0.0  0.0  0.0 16.9 16.9  0.0
  0.0  0.0  0.0  0.0  0.0  0.0  0.0 16.9 33.9 16.9  0.0 16.9 16.9  0.0  0.0
    -10.64      4.02     14.46      2.90      9.53  0.0  0.0  0.0  0.0  0.0
                                    t000298_s20_p13_qjpp.txt 23.5  4.6  151
  0.0  0.0  0.0 66.2 33.1  0.0 13.2 26.5  0.0  6.6  0.0  0.0  0.0  6.6  0.0
  0.0  0.0  6.6  6.6  0.0  0.0278.1 99.3 19.9 26.5  6.6  6.6  0.0 13.2  6.6
  0.0  0.0  0.0  0.0  0.0 39.7 19.9  0.0  6.6  0.0  0.0  0.0  6.6  6.6  0.0
  0.0  0.0  6.6  0.0  0.0  6.6  6.6  6.6  0.0 19.9 72.8 39.7  0.0125.8  6.6
  0.0  0.0  0.0  0.0  0.0  0.0  0.0  0.0  0.0  0.0  0.0  0.0  0.0  0.0  0.0
  0.0  0.0  0.0  6.6  0.0  0.0  0.0  0.0  0.0  0.0  0.0  0.0  6.6  0.0  0.0
  0.0  0.0 13.2  0.0  0.0  0.0  0.0  0.0  0.0  0.0  0.0  0.0  0.0  0.0  0.0
  6.6  0.0  6.6 13.2 13.2  0.0 13.2  0.0  0.0  0.0  0.0  0.0  0.0  0.0  0.0
  0.0  0.0  0.0  0.0  0.0  0.0  0.0  6.6  0.0 19.9 26.5  0.0  0.0 53.0  0.0
  6.6  0.0  0.0  0.0  0.0  0.0  0.0 19.9 19.9  6.6 19.9  0.0 19.9  0.0  0.0
     -2.13     -3.29      9.82     -4.47      1.52  6.6  0.0  0.0  0.0  0.0
                                    t000298_s20_p14_qjpp.txt 19.0  5.0  108
 18.5  0.0  0.0  9.3  0.0  0.0  0.0 46.3  0.0  9.3  0.0  0.0  0.0  9.3  0.0
  0.0  0.0  0.0  0.0  0.0  0.0268.5111.1 18.5 64.8  0.0  9.3  0.0  0.0  0.0
  0.0  9.3  0.0  0.0  0.0 46.3  0.0  0.0  0.0  0.0  0.0  0.0  0.0  0.0  0.0
  9.3  9.3 18.5  9.3  0.0  0.0 18.5  9.3  0.0  0.0 92.6  0.0  0.0111.1  9.3
  9.3  0.0  0.0  0.0  0.0  0.0  0.0  0.0  0.0  0.0  0.0  0.0  0.0  0.0  0.0
  0.0  0.0  0.0  9.3  0.0  0.0  0.0  0.0  0.0  0.0  0.0  0.0  0.0  0.0  0.0
  0.0  0.0  0.0  0.0  0.0  0.0  0.0  0.0  0.0  0.0  0.0  0.0  0.0  0.0  0.0
  9.3  0.0  0.0  9.3  0.0  0.0  0.0  0.0  0.0  0.0  0.0  0.0  0.0  0.0  0.0
  0.0  0.0  0.0  0.0  0.0  0.0  0.0  9.3 18.5  9.3 37.0  0.0  0.0  0.0  0.0
  0.0  0.0  0.0  0.0  0.0  0.0  0.0  0.0  0.0 18.5  0.0  9.3  9.3  0.0  0.0
     -5.05     -1.82      1.77     -6.61     -0.64  0.0  0.0  0.0  0.0  0.0
                                    t000298_s20_p15_qjpp.txt  8.8  5.0   40
  0.0  0.0  0.0  0.0  0.0  0.0  0.0 25.0  0.0 25.0  0.0  0.0  0.0  0.0  0.0
  0.0  0.0  0.0  0.0  0.0  0.0325.0100.0 25.0 25.0 75.0 50.0  0.0  0.0 25.0
  0.0  0.0  0.0  0.0  0.0  0.0  0.0  0.0  0.0  0.0  0.0  0.0  0.0  0.0  0.0
  0.0  0.0  0.0  0.0  0.0  0.0  0.0  0.0  0.0 25.0 75.0 75.0  0.0 75.0  0.0
  0.0  0.0  0.0  0.0  0.0  0.0  0.0  0.0  0.0  0.0  0.0  0.0  0.0  0.0  0.0
  0.0  0.0  0.0  0.0  0.0  0.0  0.0  0.0  0.0  0.0  0.0  0.0  0.0  0.0  0.0
  0.0  0.0  0.0  0.0  0.0  0.0  0.0  0.0  0.0  0.0  0.0  0.0  0.0  0.0  0.0
  0.0  0.0  0.0  0.0  0.0  0.0  0.0  0.0  0.0  0.0  0.0  0.0  0.0  0.0  0.0
  0.0  0.0  0.0  0.0  0.0  0.0  0.0 25.0 25.0  0.0 50.0 25.0  0.0  0.0  0.0
  0.0  0.0  0.0  0.0  0.0  0.0  0.0  0.0  0.0  0.0 25.0 25.0  0.0  0.0  0.0
    -16.27      8.04     13.47     -6.61     -3.63  0.0  0.0  0.0  0.0  0.0
                                    t000298_s20_p16_qjpp.txt  7.5  4.6   36
  0.0  0.0  0.0 27.8  0.0  0.0  0.0 27.8  0.0  0.0  0.0  0.0  0.0  0.0  0.0
  0.0  0.0  0.0 27.8  0.0  0.0250.0138.9 27.8 83.3 27.8  0.0  0.0  0.0  0.0
  0.0  0.0  0.0  0.0  0.0 27.8  0.0  0.0 27.8  0.0  0.0  0.0  0.0 55.6  0.0
  0.0  0.0  0.0  0.0  0.0  0.0 27.8 55.6  0.0  0.0 55.6 27.8  0.0111.1  0.0
  0.0  0.0  0.0  0.0  0.0  0.0  0.0  0.0  0.0  0.0  0.0  0.0  0.0  0.0  0.0
  0.0  0.0  0.0  0.0  0.0  0.0  0.0  0.0  0.0  0.0  0.0  0.0  0.0  0.0  0.0
  0.0  0.0  0.0  0.0  0.0  0.0  0.0  0.0  0.0  0.0  0.0  0.0  0.0  0.0  0.0
  0.0  0.0  0.0  0.0  0.0  0.0  0.0  0.0  0.0  0.0  0.0  0.0  0.0  0.0  0.0
  0.0  0.0  0.0  0.0  0.0  0.0  0.0  0.0 27.8  0.0  0.0  0.0  0.0 55.6  0.0
  0.0  0.0  0.0  0.0  0.0 27.8  0.0 27.8 27.8 55.6  0.0  0.0  0.0  0.0  0.0
    -10.87     -1.75     -0.60      2.36      4.79  0.0  0.0  0.0  0.0  0.0
                                    t000298_s20_p17_qjpp.txt 28.0  4.7  220
 13.6  0.0  0.0 45.5  0.0  0.0  4.5 40.9  9.1  4.5  9.1  4.5  0.0  0.0  0.0
  0.0  0.0  9.1  0.0  0.0  4.5277.3131.8 59.1 40.9 31.8  4.5  0.0  0.0  4.5
  0.0  0.0  0.0  0.0  0.0 31.8  4.5  0.0  0.0  0.0  0.0 18.2  4.5 18.2  0.0
  4.5 22.7  4.5  4.5  0.0  9.1 27.3 22.7  0.0  4.5113.6 40.9  0.0 86.4  0.0
  4.5  0.0  0.0  0.0  0.0  0.0  0.0  0.0  0.0  0.0  0.0  0.0  0.0  0.0  0.0
  0.0  0.0  0.0  0.0  0.0  4.5  0.0  0.0  0.0  0.0  0.0  0.0  0.0  0.0  0.0
  0.0  0.0  0.0  0.0  0.0  0.0  0.0  0.0  0.0  0.0  0.0  0.0  0.0  0.0  0.0
  4.5  0.0  0.0  4.5  0.0  0.0  0.0  0.0  0.0  0.0  0.0  0.0  0.0  0.0  0.0
  0.0  0.0  0.0  0.0  0.0  0.0  0.0 22.7  9.1  9.1 18.2  0.0  0.0 13.6  0.0
  4.5  0.0  0.0  0.0  0.0  0.0  4.5 13.6  4.5 22.7  0.0  0.0  4.5  9.1  0.0
     -4.44     -2.09      1.44      0.67      3.44  0.0  0.0  0.0  0.0  0.0
                                    t000298_s20_p18_qjpp.txt 10.3  4.7   45
  0.0  0.0  0.0 44.4  0.0  0.0  0.0 22.2 22.2  0.0  0.0  0.0  0.0  0.0  0.0
  0.0  0.0  0.0  0.0  0.0  0.0288.9133.3 44.4 22.2  0.0 22.2  0.0  0.0  0.0
  0.0  0.0  0.0  0.0  0.0 22.2 22.2  0.0  0.0  0.0  0.0  0.0  0.0  0.0  0.0
 22.2  0.0 22.2  0.0  0.0  0.0  0.0 22.2  0.0  0.0 88.9 22.2 22.2133.3 22.2
  0.0  0.0  0.0  0.0  0.0  0.0  0.0  0.0  0.0  0.0  0.0  0.0  0.0  0.0  0.0
  0.0  0.0  0.0  0.0  0.0  0.0 22.2  0.0  0.0  0.0  0.0  0.0  0.0  0.0  0.0
  0.0  0.0  0.0  0.0  0.0  0.0  0.0  0.0  0.0  0.0  0.0  0.0  0.0  0.0  0.0
 22.2  0.0  0.0 22.2  0.0  0.0  0.0  0.0  0.0  0.0  0.0  0.0  0.0  0.0  0.0
  0.0  0.0  0.0  0.0  0.0  0.0  0.0  0.0 22.2  0.0 22.2  0.0  0.0 22.2  0.0
  0.0  0.0  0.0  0.0  0.0  0.0  0.0  0.0 22.2  0.0  0.0  0.0 22.2  0.0  0.0
    -18.68     -0.72     -0.29     -6.61      3.54  0.0  0.0  0.0  0.0  0.0
                                    t000298_s20_p19_qjpp.txt 12.0  4.9   68
 14.7  0.0  0.0 14.7  0.0  0.0  0.0 73.5 14.7 14.7  0.0  0.0  0.0  0.0  0.0
  0.0  0.0  0.0  0.0  0.0  0.0367.6 58.8 14.7 73.5 14.7 29.4  0.0  0.0  0.0
  0.0  0.0  0.0  0.0 14.7  0.0 29.4  0.0  0.0  0.0  0.0  0.0  0.0  0.0  0.0
  0.0  0.0  0.0 14.7  0.0  0.0  0.0  0.0  0.0  0.0 14.7 29.4  0.0132.4  0.0
  0.0  0.0  0.0  0.0  0.0  0.0  0.0  0.0  0.0  0.0  0.0  0.0  0.0  0.0  0.0
  0.0  0.0  0.0  0.0  0.0  0.0  0.0  0.0  0.0  0.0  0.0  0.0  0.0  0.0  0.0
  0.0 14.7  0.0  0.0  0.0  0.0  0.0  0.0  0.0  0.0  0.0  0.0  0.0  0.0  0.0
  0.0  0.0  0.0  0.0 14.7  0.0 14.7  0.0  0.0  0.0  0.0  0.0  0.0  0.0  0.0
  0.0  0.0  0.0  0.0  0.0  0.0  0.0  0.0 44.1 14.7 14.7 14.7 29.4  0.0  0.0
  0.0  0.0  0.0  0.0  0.0  0.0  0.0 14.7 14.7 14.7  0.0 14.7 44.1 14.7  0.0
     -2.33      3.00     -3.35     -6.61     -3.63  0.0  0.0  0.0  0.0  0.0
                                     t000298_s20_p2_qjpp.txt 19.3  5.2  154
 13.0  0.0  0.0  6.5  0.0  0.0  0.0 64.9  6.5  0.0  0.0  0.0  0.0  0.0  0.0
  0.0  0.0  0.0  6.5  0.0  0.0259.7 90.9 32.5 58.4  6.5  0.0  0.0  0.0  0.0
  0.0  0.0  0.0  0.0  0.0 71.4  0.0  0.0  0.0  0.0  0.0  0.0  6.5  6.5  0.0
  0.0  6.5  6.5  0.0 13.0  0.0 13.0  6.5  0.0  0.0116.9 13.0  0.0 84.4  6.5
  0.0  0.0  0.0  0.0  0.0  0.0  0.0  0.0  0.0  0.0  0.0  0.0  0.0  0.0  0.0
  0.0  0.0  0.0  0.0  0.0  0.0  0.0  0.0  0.0  0.0  0.0  0.0  0.0  0.0  0.0
  0.0  0.0  0.0  0.0  0.0  0.0  0.0  0.0  0.0  0.0  0.0  0.0  0.0  0.0  0.0
  0.0  0.0  0.0  0.0  0.0  0.0  0.0  0.0  0.0  0.0  0.0  0.0  0.0  0.0  0.0
  0.0  6.5  0.0  0.0  0.0  0.0  0.0 26.0  0.0  0.0 19.5  0.0  0.0 51.9  0.0
  0.0  0.0  0.0  0.0  0.0  6.5  0.0 32.5  0.0  6.5  0.0  0.0  6.5  0.0  0.0
     -5.73     -3.52     -3.08     -6.61      1.42  0.0  0.0  0.0  0.0  0.0
                                    t000298_s20_p20_qjpp.txt 22.0  4.6  132
  7.6  0.0  0.0 98.5  0.0  0.0  7.6 30.3  0.0  7.6  0.0  0.0  0.0  0.0  0.0
  0.0  0.0 22.7  0.0  0.0  0.0280.3113.6 37.9 22.7  0.0  0.0  7.6  0.0  0.0
  0.0 15.2  0.0  0.0  0.0 15.2 15.2  0.0  7.6  0.0  0.0  7.6 15.2  7.6  0.0
  0.0  0.0  0.0 15.2  0.0 22.7 15.2  7.6  0.0  0.0 53.0  0.0  0.0143.9  7.6
 15.2  0.0  0.0  0.0  0.0  0.0  0.0  0.0  0.0  0.0  0.0  0.0  0.0  0.0  0.0
  0.0  0.0  0.0  0.0  0.0  0.0  0.0  0.0  0.0  0.0  0.0  0.0  0.0  0.0  0.0
  0.0  7.6  0.0  0.0  0.0  0.0  0.0  0.0  0.0  0.0  0.0  0.0  0.0  0.0  0.0
  0.0  0.0  0.0  0.0  7.6  0.0  7.6  0.0  0.0  0.0  0.0  0.0  0.0  0.0  0.0
  0.0  0.0  0.0  0.0  0.0  0.0  0.0  0.0 22.7  7.6 22.7 22.7 22.7 15.2  7.6
  0.0  0.0  0.0  0.0  0.0  0.0  7.6 22.7 30.3 15.2  0.0  0.0 30.3  0.0  0.0
     -4.55     -3.58      5.72     -1.13      6.99  0.0  0.0  0.0  0.0  0.0
                                    t000298_s20_p21_qjpp.txt 15.5  4.4  101
  0.0  0.0  0.0 89.1  0.0  0.0  0.0 79.2 19.8  0.0 39.6  0.0  0.0  0.0  0.0
  0.0  0.0  0.0  0.0  0.0  0.0207.9 99.0 39.6 29.7  0.0  9.9  0.0  0.0  0.0
  0.0  0.0  0.0  0.0  0.0  9.9  9.9  0.0  0.0  0.0  0.0  0.0  0.0 39.6  0.0
  9.9  0.0  9.9  0.0  0.0  0.0  0.0 49.5  0.0  0.0 69.3 19.8  0.0148.5  0.0
  0.0  0.0  0.0  0.0  0.0  0.0  0.0  0.0  0.0  0.0  0.0  0.0  0.0  0.0  0.0
  0.0  0.0  0.0  9.9  0.0  0.0  0.0  0.0  0.0  0.0  0.0  0.0  0.0  0.0  0.0
  0.0  0.0  0.0  0.0  0.0  0.0  0.0  0.0  0.0  0.0  0.0  0.0  9.9  0.0  0.0
  9.9  0.0  0.0  9.9  0.0  0.0  0.0  9.9  0.0  0.0  0.0  0.0  0.0  0.0  0.0
  0.0  0.0  0.0  0.0  0.0  0.0  0.0  0.0  0.0  0.0 19.8  0.0  0.0  0.0  0.0
  9.9  9.9  0.0  0.0  0.0  0.0  0.0 19.8  9.9  0.0  0.0  0.0  0.0  0.0  0.0
      4.80     -2.85      0.41     -6.61      5.57  0.0  0.0  0.0  0.0  0.0
                                    t000298_s20_p22_qjpp.txt 10.5  4.5   61
 16.4  0.0  0.0 32.8  0.0  0.0  0.0 32.8  0.0  0.0 32.8  0.0  0.0  0.0  0.0
  0.0  0.0  0.0  0.0  0.0  0.0311.5131.1 32.8 65.6  0.0 16.4  0.0  0.0 32.8
  0.0  0.0  0.0  0.0  0.0 16.4 16.4  0.0  0.0  0.0  0.0  0.0  0.0  0.0  0.0
  0.0  0.0 16.4  0.0  0.0  0.0  0.0  0.0  0.0 32.8 49.2  0.0  0.0147.5 16.4
  0.0  0.0  0.0  0.0  0.0  0.0  0.0  0.0  0.0  0.0  0.0  0.0  0.0  0.0  0.0
  0.0  0.0  0.0  0.0  0.0 16.4  0.0  0.0  0.0  0.0  0.0  0.0  0.0  0.0  0.0
  0.0  0.0  0.0 16.4  0.0  0.0  0.0  0.0  0.0  0.0  0.0  0.0  0.0  0.0  0.0
 16.4  0.0  0.0 16.4 16.4  0.0 16.4  0.0  0.0  0.0  0.0  0.0  0.0  0.0  0.0
  0.0 16.4  0.0  0.0  0.0  0.0  0.0 32.8  0.0  0.0  0.0  0.0  0.0 49.2  0.0
  0.0  0.0  0.0  0.0  0.0  0.0  0.0 49.2  0.0 16.4  0.0  0.0 16.4  0.0  0.0
    -11.82     -0.42     16.44     -6.61     -3.63  0.0  0.0  0.0  0.0  0.0
                                    t000298_s20_p23_qjpp.txt 11.5  4.3   57
  0.0  0.0  0.0 52.6  0.0  0.0  0.0 52.6 17.5  0.0 17.5  0.0  0.0 17.5  0.0
  0.0  0.0  0.0  0.0  0.0  0.0263.2140.4 35.1 35.1  0.0  0.0  0.0  0.0  0.0
  0.0  0.0  0.0  0.0  0.0 35.1 17.5  0.0  0.0  0.0  0.0  0.0  0.0 35.1  0.0
  0.0 17.5  0.0  0.0  0.0  0.0 17.5 35.1  0.0  0.0 52.6 17.5  0.0105.3  0.0
  0.0  0.0  0.0  0.0  0.0  0.0  0.0  0.0  0.0  0.0  0.0  0.0  0.0  0.0  0.0
  0.0  0.0  0.0  0.0  0.0  0.0  0.0  0.0  0.0  0.0  0.0  0.0  0.0  0.0  0.0
  0.0  0.0  0.0  0.0  0.0  0.0  0.0  0.0  0.0  0.0  0.0  0.0  0.0  0.0  0.0
  0.0  0.0  0.0  0.0  0.0  0.0  0.0  0.0  0.0  0.0  0.0  0.0  0.0  0.0  0.0
  0.0  0.0  0.0  0.0  0.0 17.5  0.0 17.5  0.0  0.0  0.0 17.5  0.0 17.5  0.0
  0.0 17.5  0.0  0.0  0.0  0.0  0.0 52.6  0.0 17.5  0.0  0.0  0.0  0.0  0.0
      1.15     -4.57     -1.02     -6.61      1.69  0.0  0.0  0.0  0.0  0.0
                                    t000298_s20_p24_qjpp.txt 19.0  4.3  113
  8.8  0.0  0.0 88.5  0.0  0.0  8.8 44.2  0.0  0.0 17.7  0.0  0.0  0.0  0.0
  0.0  0.0 26.5 17.7  0.0  0.0194.7106.2  8.8 26.5  0.0  0.0  0.0  0.0  8.8
  0.0  0.0  0.0  0.0  0.0 17.7 26.5  0.0  0.0  0.0  0.0  8.8  0.0 17.7  0.0
  0.0  0.0  8.8 17.7 17.7 26.5 17.7 17.7  0.0  8.8 61.9  0.0  0.0141.6  0.0
  0.0  0.0  0.0  0.0  0.0  0.0  0.0  0.0  0.0  0.0  0.0  0.0  0.0  0.0  0.0
  0.0  0.0  0.0  0.0  0.0 17.7  8.8  0.0  0.0 17.7  0.0  0.0  8.8  8.8  0.0
  8.8  0.0  0.0  0.0  8.8  0.0  0.0  0.0  0.0  0.0  0.0  0.0  0.0  0.0  0.0
 26.5 17.7 17.7 61.9  8.8  8.8 17.7  0.0  0.0  0.0  0.0  0.0  0.0  0.0  0.0
  0.0  0.0  0.0  0.0  0.0  0.0  0.0  8.8  0.0  8.8  0.0  8.8  8.8  0.0  0.0
  0.0  0.0  0.0  0.0  0.0  0.0  0.0 17.7  0.0 35.4  8.8  0.0  0.0  0.0  0.0
      9.26     -4.85      4.39     -3.07     -0.94  0.0  0.0  0.0  0.0  0.0
                                    t000298_s20_p25_qjpp.txt 12.0  5.3   83
  0.0  0.0  0.0 24.1  0.0  0.0  0.0 48.2  0.0 12.0  0.0  0.0  0.0  0.0  0.0
  0.0  0.0  0.0  0.0  0.0  0.0409.6 72.3 36.1 24.1  0.0  0.0 12.0  0.0  0.0
  0.0  0.0  0.0  0.0  0.0 12.0 12.0  0.0  0.0  0.0  0.0  0.0  0.0  0.0 12.0
  0.0  0.0  0.0  0.0  0.0  0.0  0.0 12.0  0.0  0.0108.4  0.0 12.0 84.3 12.0
  0.0  0.0  0.0  0.0  0.0  0.0  0.0  0.0  0.0  0.0  0.0  0.0  0.0  0.0  0.0
  0.0  0.0  0.0  0.0 12.0  0.0  0.0  0.0  0.0  0.0  0.0  0.0  0.0  0.0  0.0
  0.0 12.0  0.0  0.0  0.0  0.0  0.0  0.0  0.0  0.0  0.0  0.0  0.0  0.0  0.0
 12.0  0.0  0.0 12.0 12.0  0.0 12.0  0.0  0.0  0.0  0.0  0.0  0.0  0.0  0.0
  0.0  0.0  0.0  0.0  0.0  0.0  0.0 60.2 12.0  0.0 24.1  0.0  0.0 60.2  0.0
  0.0  0.0  0.0  0.0  0.0  0.0  0.0 36.1  0.0 12.0  0.0  0.0 12.0  0.0  0.0
    -14.41     -2.70      0.29     -6.61      5.64  0.0  0.0  0.0  0.0  0.0
                                    t000298_s20_p26_qjpp.txt 20.0  4.8  115
  8.7  0.0  0.0 34.8  0.0  0.0  8.7 69.6  8.7 17.4  0.0  0.0  0.0  0.0  0.0
  0.0  0.0  8.7  0.0  0.0  0.0243.5104.3 17.4 43.5 17.4  0.0  0.0  0.0  8.7
  0.0  0.0  0.0  0.0  0.0 43.5  8.7  0.0  8.7  0.0  0.0  8.7  0.0  8.7  8.7
  8.7  8.7  8.7  0.0  8.7  8.7  8.7 26.1  0.0  8.7104.3 26.1  8.7104.3  0.0
  8.7  0.0  0.0  0.0  0.0  0.0  0.0  0.0  0.0  0.0  0.0  0.0  0.0  0.0  0.0
  0.0  0.0  0.0  0.0  0.0  8.7  0.0  0.0  0.0  0.0  0.0  0.0  0.0  0.0  0.0
  0.0  0.0  0.0  8.7  0.0  0.0  0.0  0.0  0.0  0.0  0.0  0.0  0.0  0.0  0.0
  8.7  0.0  0.0  8.7  8.7  0.0  8.7  0.0  0.0  0.0  0.0  0.0  0.0  0.0  0.0
  0.0  0.0  0.0  0.0  0.0  0.0  0.0  8.7  8.7  0.0 34.8  8.7  0.0  8.7  0.0
  0.0  0.0  0.0  0.0  0.0  0.0  0.0 26.1  0.0  8.7  0.0  0.0 17.4  0.0  0.0
      2.86     -3.52      2.85     -0.32      7.19  0.0  0.0  0.0  0.0  0.0
                                    t000298_s20_p27_qjpp.txt 10.3  5.4   52
  0.0  0.0  0.0 19.2  0.0  0.0  0.0 38.5  0.0 57.7  0.0  0.0  0.0  0.0  0.0
  0.0  0.0 19.2  0.0  0.0  0.0173.1134.6 76.9 19.2  0.0  0.0  0.0  0.0  0.0
  0.0  0.0  0.0  0.0  0.0 57.7  0.0  0.0  0.0  0.0  0.0  0.0 57.7  0.0  0.0
 38.5  0.0  0.0  0.0  0.0 19.2  0.0 38.5  0.0  0.0192.3  0.0  0.0 96.2  0.0
  0.0  0.0  0.0  0.0  0.0  0.0  0.0  0.0  0.0  0.0  0.0  0.0  0.0  0.0  0.0
  0.0  0.0  0.0  0.0  0.0  0.0  0.0  0.0  0.0  0.0  0.0  0.0  0.0  0.0  0.0
  0.0  0.0  0.0  0.0  0.0  0.0  0.0  0.0  0.0  0.0  0.0  0.0  0.0  0.0  0.0
  0.0  0.0  0.0  0.0  0.0  0.0  0.0  0.0  0.0  0.0  0.0  0.0  0.0  0.0  0.0
  0.0  0.0  0.0  0.0  0.0  0.0  0.0  0.0 19.2  0.0  0.0  0.0  0.0  0.0 19.2
  0.0  0.0  0.0  0.0  0.0  0.0  0.0 38.5  0.0 38.5  0.0  0.0  0.0  0.0  0.0
     -3.24     -5.10     -2.30     -6.61     44.84  0.0  0.0  0.0  0.0  0.0
                                     t000298_s20_p3_qjpp.txt  8.3  6.1   42
  0.0  0.0  0.0  0.0  0.0  0.0  0.0 47.6 23.8 23.8  0.0 23.8  0.0  0.0  0.0
  0.0  0.0  0.0 23.8  0.0  0.0476.2 47.6 47.6 71.4  0.0  0.0  0.0  0.0  0.0
  0.0  0.0  0.0  0.0  0.0  0.0 23.8  0.0  0.0  0.0  0.0  0.0  0.0  0.0 23.8
  0.0  0.0  0.0  0.0  0.0  0.0 47.6 23.8  0.0  0.0 47.6 23.8  0.0 95.2  0.0
 23.8  0.0  0.0  0.0  0.0  0.0  0.0  0.0  0.0  0.0  0.0  0.0  0.0  0.0  0.0
  0.0  0.0  0.0  0.0  0.0  0.0  0.0  0.0  0.0  0.0  0.0  0.0  0.0  0.0  0.0
  0.0  0.0  0.0 23.8  0.0  0.0  0.0  0.0  0.0  0.0  0.0  0.0  0.0  0.0  0.0
  0.0  0.0  0.0  0.0 23.8  0.0 23.8  0.0  0.0  0.0  0.0  0.0  0.0  0.0  0.0
  0.0  0.0  0.0  0.0  0.0  0.0  0.0  0.0 23.8  0.0  0.0  0.0 23.8  0.0  0.0
  0.0  0.0  0.0  0.0  0.0  0.0  0.0  0.0  0.0  0.0  0.0  0.0 47.6  0.0  0.0
      2.89     -3.38      0.97     -6.61     14.69  0.0  0.0  0.0  0.0  0.0
                                     t000298_s20_p4_qjpp.txt 26.0  4.6  195
  5.1  0.0  0.0 41.0  0.0  0.0  0.0 46.2 20.5 15.4 20.5  0.0  0.0 15.4  0.0
  0.0  0.0  0.0  5.1  0.0  0.0307.7107.7 15.4 41.0  0.0 10.3  0.0  0.0  0.0
  0.0  0.0  0.0  0.0  0.0 25.6 20.5  0.0  0.0  0.0  0.0  0.0  0.0  5.1  5.1
  0.0  0.0  0.0  0.0  0.0  0.0  5.1 10.3  0.0  0.0 46.2 20.5  0.0107.7  5.1
 15.4  0.0  0.0  0.0  0.0  0.0  0.0  0.0  0.0  0.0  0.0  0.0  0.0  0.0  0.0
  0.0  0.0  0.0  0.0  0.0  0.0  0.0  0.0  0.0  0.0  0.0  0.0  0.0  0.0  5.1
  0.0  0.0  0.0  0.0  0.0  0.0  0.0  0.0  0.0  5.1  0.0  0.0  0.0  0.0  0.0
  0.0  0.0  0.0  0.0  5.1  0.0 10.3  0.0  0.0  0.0  0.0  0.0  0.0  0.0  0.0
  0.0  0.0  0.0  0.0  0.0  0.0  0.0  0.0 25.6  5.1 35.9 15.4  0.0 15.4  0.0
  0.0  0.0  0.0  0.0  0.0  0.0  0.0 41.0  0.0  5.1  0.0  5.1  0.0  0.0  0.0
      2.72     -2.41     -0.48     -6.61      1.10  0.0  0.0  0.0  0.0  0.0
                                     t000298_s20_p5_qjpp.txt  8.5  5.3   68
 29.4  0.0  0.0 58.8  0.0  0.0  0.0102.9  0.0  0.0 58.8  0.0  0.0  0.0  0.0
  0.0  0.0  0.0  0.0  0.0  0.0426.5 44.1 14.7 29.4  0.0  0.0  0.0  0.0  0.0
  0.0  0.0  0.0  0.0  0.0 14.7  0.0  0.0  0.0  0.0  0.0  0.0  0.0  0.0  0.0
  0.0 14.7  0.0  0.0  0.0  0.0 14.7  0.0  0.0  0.0 58.8  0.0  0.0102.9  0.0
  0.0  0.0  0.0  0.0  0.0  0.0  0.0  0.0  0.0  0.0  0.0  0.0  0.0  0.0  0.0
  0.0  0.0  0.0  0.0  0.0  0.0  0.0  0.0  0.0  0.0  0.0  0.0  0.0  0.0  0.0
  0.0  0.0  0.0  0.0  0.0  0.0  0.0  0.0  0.0  0.0  0.0  0.0  0.0  0.0  0.0
  0.0  0.0  0.0  0.0  0.0  0.0  0.0  0.0  0.0  0.0  0.0  0.0  0.0  0.0  0.0
  0.0  0.0  0.0  0.0  0.0  0.0  0.0 29.4  0.0  0.0 14.7  0.0  0.0 88.2  0.0
  0.0  0.0  0.0  0.0  0.0  0.0  0.0 29.4  0.0  0.0  0.0  0.0  0.0  0.0  0.0
      8.75     -4.76      0.14     -6.61     -3.63  0.0  0.0  0.0  0.0  0.0
                                     t000298_s20_p6_qjpp.txt 14.5  5.1   82
  0.0 12.2  0.0 61.0  0.0  0.0 12.2 36.6 24.4 12.2  0.0  0.0  0.0  0.0  0.0
  0.0  0.0  0.0  0.0  0.0 12.2317.1109.8 24.4 12.2 12.2 12.2 24.4 12.2  0.0
  0.0  0.0  0.0  0.0  0.0 61.0 12.2  0.0  0.0  0.0  0.0  0.0 24.4  0.0  0.0
 12.2  0.0 12.2 12.2  0.0  0.0  0.0 12.2  0.0 12.2 73.2 36.6 12.2109.8  0.0
  0.0  0.0  0.0  0.0  0.0  0.0  0.0  0.0  0.0  0.0  0.0  0.0  0.0  0.0  0.0
  0.0  0.0  0.0 24.4  0.0  0.0  0.0  0.0  0.0  0.0  0.0  0.0  0.0  0.0  0.0
  0.0  0.0  0.0  0.0  0.0  0.0  0.0  0.0  0.0 12.2  0.0  0.0  0.0  0.0  0.0
 24.4  0.0  0.0 24.4  0.0  0.0 12.2  0.0  0.0  0.0  0.0  0.0  0.0  0.0  0.0
  0.0 12.2  0.0  0.0  0.0  0.0  0.0 12.2  0.0  0.0 24.4  0.0  0.0 12.2  0.0
  0.0  0.0  0.0  0.0  0.0  0.0  0.0 61.0 24.4  0.0  0.0  0.0  0.0  0.0  0.0
     -2.79      2.08      4.68     -6.61     15.55  0.0  0.0  0.0  0.0  0.0
                                     t000298_s20_p7_qjpp.txt 15.5  5.2   76
  0.0  0.0  0.0 52.6  0.0  0.0  0.0 13.2 13.2  0.0  0.0  0.0  0.0  0.0  0.0
  0.0  0.0 26.3  0.0  0.0  0.0328.9144.7 52.6 13.2 39.5 13.2  0.0  0.0  0.0
  0.0  0.0  0.0  0.0 13.2 13.2  0.0  0.0  0.0  0.0  0.0  0.0 13.2  0.0  0.0
  0.0  0.0 26.3  0.0  0.0 26.3  0.0  0.0  0.0  0.0105.3 52.6  0.0 78.9 13.2
  0.0  0.0  0.0  0.0  0.0  0.0  0.0  0.0  0.0  0.0  0.0  0.0  0.0  0.0  0.0
  0.0  0.0  0.0  0.0  0.0  0.0 13.2  0.0  0.0  0.0  0.0  0.0  0.0  0.0  0.0
  0.0  0.0  0.0  0.0  0.0  0.0  0.0  0.0  0.0  0.0  0.0  0.0  0.0  0.0  0.0
 13.2  0.0  0.0 13.2  0.0  0.0  0.0  0.0  0.0  0.0  0.0  0.0  0.0  0.0  0.0
  0.0  0.0  0.0  0.0  0.0  0.0  0.0 13.2  0.0  0.0 13.2 13.2  0.0 13.2  0.0
  0.0  0.0  0.0  0.0  0.0  0.0  0.0 13.2  0.0  0.0  0.0  0.0 13.2  0.0  0.0
    -16.86     -1.01     -3.64     -6.61      4.60 13.2  0.0  0.0  0.0  0.0
                                     t000298_s20_p8_qjpp.txt 14.0  4.5   85
 23.5  0.0  0.0 35.3  0.0  0.0  0.0 35.3 11.8  0.0  0.0  0.0  0.0 11.8  0.0
  0.0  0.0  0.0  0.0  0.0  0.0235.3141.2 94.1 58.8 35.3  0.0  0.0  0.0  0.0
  0.0  0.0  0.0  0.0  0.0 23.5 11.8  0.0 11.8  0.0  0.0  0.0  0.0 11.8  0.0
  0.0 11.8 23.5  0.0  0.0  0.0 11.8 11.8  0.0  0.0105.9 47.1  0.0117.6  0.0
  0.0  0.0  0.0  0.0  0.0  0.0  0.0  0.0  0.0  0.0  0.0  0.0  0.0  0.0  0.0
  0.0  0.0  0.0  0.0  0.0 11.8 11.8  0.0  0.0  0.0 11.8  0.0  0.0  0.0  0.0
  0.0  0.0  0.0  0.0  0.0  0.0  0.0  0.0  0.0  0.0  0.0  0.0  0.0  0.0  0.0
 23.5  0.0 11.8 35.3  0.0  0.0  0.0  0.0  0.0  0.0  0.0  0.0  0.0  0.0  0.0
  0.0  0.0  0.0  0.0  0.0  0.0  0.0 35.3  0.0  0.0 11.8  0.0 23.5  0.0  0.0
  0.0  0.0  0.0  0.0  0.0  0.0 23.5 35.3  0.0 23.5  0.0 23.5  0.0  0.0  0.0
     -9.01     -2.22     -0.36     -2.81     -1.84  0.0  0.0  0.0  0.0  0.0
                                     t000298_s20_p9_qjpp.txt 14.0  4.6   66
 30.3 15.2  0.0 75.8  0.0  0.0 15.2 45.5 60.6 15.2  0.0  0.0  0.0 15.2  0.0
  0.0  0.0  0.0 15.2 15.2  0.0272.7106.1 45.5 30.3  0.0  0.0  0.0  0.0  0.0
  0.0  0.0  0.0  0.0  0.0 30.3  0.0  0.0  0.0  0.0 15.2  0.0 15.2 30.3  0.0
  0.0  0.0  0.0  0.0  0.0 15.2 15.2 30.3 15.2  0.0 45.5 60.6 15.2136.4 15.2
  0.0  0.0  0.0  0.0  0.0  0.0  0.0  0.0  0.0  0.0  0.0  0.0  0.0  0.0  0.0
  0.0  0.0  0.0  0.0 15.2  0.0  0.0  0.0  0.0  0.0  0.0  0.0  0.0  0.0  0.0
  0.0  0.0  0.0  0.0  0.0  0.0  0.0  0.0  0.0  0.0  0.0  0.0  0.0  0.0  0.0
 15.2  0.0  0.0 15.2  0.0  0.0  0.0  0.0  0.0  0.0  0.0  0.0  0.0  0.0  0.0
  0.0  0.0  0.0  0.0  0.0  0.0  0.0  0.0  0.0  0.0 45.5 30.3  0.0 15.2  0.0
  0.0  0.0  0.0  0.0  0.0 15.2  0.0 15.2 15.2 60.6  0.0  0.0  0.0  0.0  0.0
     28.72     -4.73     -0.75      0.61     10.43  0.0  0.0  0.0  0.0  0.0
                                      t000298_s4_p1_qjpp.txt  8.3  5.5   42
  0.0  0.0  0.0  0.0  0.0  0.0  0.0 47.6  0.0  0.0  0.0  0.0  0.0  0.0  0.0
  0.0  0.0  0.0 23.8  0.0  0.0309.5142.9119.0 95.2  0.0  0.0  0.0  0.0  0.0
 23.8  0.0  0.0  0.0  0.0 23.8 23.8  0.0  0.0  0.0  0.0  0.0  0.0  0.0 23.8
  0.0  0.0  0.0  0.0  0.0  0.0 23.8 23.8  0.0 23.8119.0  0.0  0.0 95.2 23.8
  0.0  0.0  0.0  0.0  0.0  0.0  0.0  0.0  0.0  0.0  0.0  0.0  0.0  0.0  0.0
  0.0  0.0  0.0  0.0  0.0  0.0  0.0  0.0  0.0  0.0  0.0  0.0  0.0  0.0  0.0
  0.0  0.0  0.0  0.0  0.0  0.0  0.0  0.0  0.0  0.0  0.0  0.0  0.0  0.0  0.0
  0.0  0.0  0.0  0.0  0.0  0.0  0.0  0.0  0.0  0.0  0.0  0.0  0.0  0.0  0.0
  0.0  0.0  0.0  0.0  0.0  0.0  0.0  0.0 23.8  0.0 23.8  0.0  0.0  0.0  0.0
  0.0  0.0  0.0  0.0  0.0 47.6  0.0 47.6  0.0 23.8  0.0  0.0  0.0  0.0  0.0
    -16.82     -2.59     21.27     -6.61     14.69  0.0  0.0  0.0  0.0  0.0
                                      t000298_s4_p2_qjpp.txt 13.3  5.1   78
 12.8  0.0  0.0  0.0  0.0  0.0  0.0 51.3 12.8  0.0  0.0  0.0  0.0  0.0  0.0
  0.0  0.0  0.0  0.0  0.0  0.0243.6102.6 38.5 76.9  0.0  0.0 12.8  0.0  0.0
  0.0  0.0  0.0  0.0  0.0 76.9  0.0  0.0  0.0  0.0  0.0 12.8  0.0  0.0  0.0
 25.6 25.6 25.6  0.0  0.0  0.0 25.6 25.6  0.0  0.0 89.7 12.8  0.0 89.7  0.0
  0.0  0.0  0.0  0.0  0.0  0.0  0.0  0.0  0.0  0.0  0.0  0.0  0.0  0.0  0.0
  0.0  0.0  0.0 12.8  0.0 12.8  0.0  0.0  0.0  0.0  0.0  0.0  0.0  0.0  0.0
  0.0  0.0  0.0  0.0  0.0  0.0  0.0  0.0  0.0  0.0  0.0  0.0  0.0  0.0  0.0
 25.6  0.0  0.0 25.6  0.0  0.0  0.0  0.0  0.0  0.0  0.0  0.0  0.0  0.0  0.0
  0.0 12.8  0.0  0.0  0.0  0.0  0.0 12.8  0.0  0.0 12.8  0.0  0.0 25.6  0.0
  0.0 12.8  0.0  0.0  0.0 12.8  0.0 25.6 12.8 12.8  0.0  0.0  0.0  0.0  0.0
    -10.37     -0.82     -3.40     -1.48      4.64  0.0  0.0  0.0  0.0  0.0
                                      t000298_s4_p3_qjpp.txt 13.5  5.9   75
 13.3  0.0  0.0 53.3  0.0  0.0  0.0 26.7 13.3  0.0  0.0 13.3  0.0  0.0  0.0
  0.0  0.0 26.7  0.0  0.0  0.0266.7146.7146.7 53.3  0.0 13.3  0.0  0.0  0.0
 13.3  0.0  0.0  0.0  0.0 13.3  0.0  0.0  0.0 13.3  0.0  0.0  0.0 13.3 13.3
  0.0  0.0 13.3  0.0  0.0 26.7 26.7 26.7  0.0 13.3160.0 13.3  0.0106.7  0.0
  0.0  0.0  0.0  0.0  0.0  0.0  0.0  0.0  0.0  0.0  0.0  0.0  0.0  0.0  0.0
  0.0  0.0  0.0  0.0  0.0  0.0 13.3  0.0  0.0  0.0  0.0  0.0  0.0  0.0  0.0
  0.0  0.0  0.0  0.0  0.0  0.0  0.0  0.0  0.0  0.0  0.0  0.0  0.0  0.0  0.0
 13.3  0.0  0.0 13.3  0.0  0.0  0.0  0.0  0.0  0.0  0.0  0.0  0.0  0.0  0.0
  0.0  0.0  0.0  0.0  0.0  0.0  0.0  0.0  0.0 13.3  0.0  0.0  0.0  0.0  0.0
  0.0  0.0  0.0  0.0  0.0 26.7  0.0 40.0  0.0 13.3  0.0 40.0  0.0  0.0  0.0
     -9.36     -1.41     12.34     -0.54      8.65  0.0  0.0  0.0  0.0  0.0
                                      t000298_s4_p4_qjpp.txt 19.8  5.2  111
  9.0  9.0  0.0 81.1  0.0  0.0  0.0 27.0 18.0  0.0  0.0  0.0  0.0  0.0  0.0
  0.0  0.0 18.0  9.0  9.0  0.0243.2126.1 99.1 54.1  0.0  9.0  0.0  0.0  0.0
  0.0  0.0  0.0  0.0  0.0 27.0 18.0  0.0 18.0  0.0  9.0  0.0  0.0 45.0  0.0
  0.0 18.0  0.0  0.0  0.0 27.0 27.0 45.0  9.0  0.0108.1 18.0  0.0171.2  9.0
  9.0  0.0  0.0  0.0  0.0  0.0  0.0  0.0  0.0  0.0  0.0  0.0  0.0  0.0  0.0
  0.0  0.0  0.0  9.0  0.0  9.0  0.0  0.0  0.0  0.0  0.0  0.0  0.0  0.0  0.0
  0.0  9.0  0.0  0.0  0.0  0.0  0.0  0.0  0.0  0.0  0.0  0.0  0.0  0.0  0.0
 18.0  0.0  0.0 18.0  9.0  0.0  9.0  0.0  0.0  0.0  0.0  0.0  0.0  0.0  0.0
  0.0  0.0  0.0  0.0  0.0  0.0  0.0  0.0  9.0  9.0  9.0  0.0  9.0  9.0  0.0
  0.0  0.0  0.0  0.0  9.0  9.0  0.0 45.0  9.0 45.0  9.0  0.0 18.0  0.0  0.0
     -0.13     -2.22     -0.56      3.50      3.20  0.0  0.0  0.0  0.0  0.0
                                      t000298_s7_p1_qjpp.txt 21.3  4.9  129
  0.0  0.0  0.0 69.8  0.0  0.0  0.0 46.5  0.0 15.5  0.0  0.0  0.0  0.0  0.0
  0.0  0.0  0.0 15.5  0.0  0.0271.3116.3 54.3 23.3  7.8 15.5  0.0  0.0  0.0
  0.0  0.0  0.0  0.0  7.8 23.3  0.0  0.0  0.0  0.0  0.0  7.8 15.5 31.0  7.8
  0.0  0.0  0.0  7.8  0.0  0.0 15.5 38.8  0.0  0.0 77.5  7.8  0.0 85.3  0.0
  0.0  0.0  0.0  0.0  0.0  0.0  0.0  0.0  0.0  0.0  0.0  0.0  0.0  0.0  0.0
  0.0  0.0  0.0  0.0  0.0  7.8  0.0  0.0  0.0  0.0  0.0  0.0  0.0  0.0  0.0
  7.8  0.0  0.0  0.0  0.0  0.0  0.0  0.0  0.0  0.0  0.0  0.0  0.0  0.0  0.0
  7.8  0.0  0.0  7.8  7.8  0.0  7.8  0.0  0.0  0.0  0.0  0.0  0.0  0.0  0.0
  0.0  0.0  0.0  7.8  0.0  0.0  0.0  0.0  0.0  7.8  0.0  0.0  0.0 15.5  7.8
  0.0  0.0  0.0  0.0  0.0  7.8  0.0 31.0  7.8  7.8  0.0  0.0  7.8  0.0  0.0
     -7.46     -1.64     -2.63     -3.50     16.72  0.0  0.0  0.0  0.0  0.0
                                      t000298_s7_p2_qjpp.txt 15.0  4.9  104
  0.0  0.0  0.0 86.5  0.0  9.6  0.0 48.1 19.2  0.0  0.0  0.0  0.0  0.0  0.0
  0.0  0.0  0.0  9.6  0.0  0.0307.7125.0 96.2  0.0  9.6  0.0  0.0  0.0  9.6
  0.0  0.0  0.0  0.0  0.0  9.6 19.2 19.2  0.0  0.0  9.6  0.0  0.0 19.2  9.6
  0.0  0.0  0.0  0.0  9.6 28.8  9.6 28.8  0.0  9.6105.8 28.8  0.0115.4  0.0
  0.0  0.0  0.0  0.0  0.0  0.0  0.0  0.0  0.0  0.0  0.0  0.0  0.0  0.0  0.0
  0.0  0.0  0.0  0.0  0.0  0.0  0.0  0.0  0.0  0.0  0.0  0.0  0.0  0.0  0.0
  0.0  9.6  0.0  0.0  0.0  0.0  0.0  0.0  0.0  0.0  0.0  0.0  0.0  0.0  0.0
  0.0  0.0  0.0  0.0  9.6  0.0  9.6  0.0  0.0  0.0  0.0  0.0  0.0  0.0  0.0
  0.0  0.0  0.0  0.0  0.0  0.0  0.0  0.0 48.1  0.0  9.6 19.2  0.0  0.0  0.0
  0.0  0.0  0.0  0.0  0.0 28.8  0.0 38.5  9.6  9.6  0.0  0.0  0.0  0.0  0.0
    -10.20     -5.30      5.24      2.55      6.68  0.0  0.0  0.0  0.0  0.0
                                      t000299_s1_p1_qjpp.txt 23.8  5.5  161
  0.0  0.0  0.0 37.3  0.0  0.0  0.0  6.2  6.2 12.4  0.0  0.0  0.0  6.2  0.0
  6.2  0.0  0.0  6.2  0.0  0.0397.5167.7 62.1  6.2  6.2 24.8  0.0  0.0  0.0
  0.0 12.4  0.0  0.0  6.2 24.8  0.0  0.0  0.0  0.0  0.0 18.6  6.2  0.0  0.0
  0.0  0.0  0.0  0.0  0.0  0.0 18.6  0.0  0.0  0.0 68.3 12.4  0.0 62.1 18.6
  0.0  0.0  0.0  0.0  0.0  0.0  0.0  0.0  0.0  0.0  0.0  0.0  0.0  0.0  0.0
  0.0  0.0  0.0  0.0  0.0  0.0  0.0  0.0  0.0  0.0  0.0  0.0  0.0  0.0  0.0
  0.0  0.0  0.0  0.0  0.0  0.0  0.0  0.0  0.0  0.0  0.0  0.0  0.0  0.0  0.0
  0.0  0.0  0.0  0.0  0.0  0.0  0.0  0.0  0.0  0.0  0.0  0.0  0.0  0.0  0.0
  0.0  6.2  0.0  0.0  0.0  0.0  0.0 37.3 49.7 12.4 37.3  6.2  0.0  6.2 12.4
  0.0  0.0  6.2  0.0  0.0  6.2  0.0 18.6 12.4  0.0  0.0  0.0  0.0  0.0  0.0
    -22.15     -0.47      2.34      0.85      0.26  0.0  0.0  0.0  0.0  0.0
                                     t000299_s13_p1_qjpp.txt 22.3  5.7  127
  0.0  0.0  0.0 39.4  0.0  0.0  0.0  0.0  7.9  7.9  0.0  0.0  0.0  0.0  0.0
  7.9  0.0  0.0  7.9  0.0  0.0409.4149.6110.2  0.0  0.0  7.9  0.0  0.0  0.0
  0.0 15.7  0.0  0.0  0.0  0.0  0.0  0.0  0.0  0.0  0.0  0.0  0.0  0.0  0.0
 15.7  7.9  0.0  0.0  7.9  0.0 31.5 15.7  0.0  0.0173.2  7.9  0.0 55.1  0.0
  7.9  0.0  0.0  0.0  0.0  0.0  0.0  0.0  0.0  0.0  0.0  0.0  0.0  0.0  0.0
  0.0  0.0  0.0  0.0  0.0  0.0  0.0  0.0  0.0  0.0  0.0  0.0  0.0  0.0  0.0
  0.0  0.0  0.0  0.0  0.0  0.0  0.0  0.0  0.0  0.0  0.0  0.0  0.0  0.0  0.0
  0.0  0.0  0.0  0.0  0.0  0.0  0.0  0.0  0.0  0.0  0.0  0.0  0.0  0.0  0.0
  0.0  0.0  0.0  0.0  0.0  0.0  0.0  0.0 31.5  0.0 15.7  0.0  7.9 15.7  0.0
 31.5  0.0  0.0  0.0  0.0 23.6  0.0  7.9  7.9  0.0  0.0  0.0  0.0  0.0  0.0
    -28.96     -4.21      6.81     -6.61      1.45  0.0  0.0  0.0  0.0  0.0
                                    t000299_s13_p10_qjpp.txt 27.3  5.5  158
  0.0  0.0  0.0  6.3  0.0  0.0  0.0  0.0 19.0  0.0  0.0  0.0  0.0  0.0  0.0
  6.3  0.0  0.0  6.3  0.0  0.0392.4132.9 44.3 38.0  0.0  0.0  0.0  0.0  0.0
 12.7  0.0  0.0  0.0  0.0 31.6  0.0  0.0  0.0  0.0  0.0  0.0  0.0 19.0  6.3
  6.3  0.0  0.0  0.0  0.0  0.0  6.3 31.6  0.0 12.7101.3 19.0  0.0 63.3 12.7
  6.3  0.0  0.0  0.0  0.0  0.0  0.0  0.0  0.0  0.0  0.0  0.0  0.0  0.0  0.0
  0.0  0.0  0.0  0.0  0.0  0.0  0.0  0.0  0.0  0.0  0.0  0.0  0.0  0.0  0.0
  0.0  0.0  0.0  0.0  0.0  0.0  0.0  0.0  0.0  0.0  0.0  0.0  0.0  0.0  0.0
  0.0  0.0  0.0  0.0  0.0  0.0  0.0  0.0  0.0  0.0  0.0  0.0  0.0  0.0  0.0
  0.0  0.0  0.0  0.0  0.0  0.0  0.0 12.7 25.3  0.0 38.0  6.3  0.0 44.3  0.0
 12.7  0.0  0.0  0.0  0.0  6.3  0.0  0.0 19.0 12.7  0.0  0.0  0.0  0.0  0.0
    -26.31     -4.48     10.68     -6.61      6.16  0.0  0.0  0.0  0.0  0.0
                                    t000299_s13_p11_qjpp.txt 31.5  5.4  174
 11.5  0.0  0.0 40.2  0.0  0.0  0.0  0.0  0.0  0.0  0.0  0.0  0.0  0.0  0.0
  0.0  0.0  0.0  0.0  0.0  0.0298.9120.7 69.0 46.0  0.0  5.7  0.0  5.7  5.7
  0.0  5.7  0.0  5.7  5.7 63.2 17.2  0.0  0.0  0.0  0.0 11.5  0.0 28.7  0.0
  0.0  0.0  5.7  0.0  0.0  0.0  5.7 28.7  0.0 11.5 86.2  0.0  0.0137.9 17.2
  0.0  0.0  0.0  0.0  0.0  0.0  0.0  0.0  0.0  0.0  0.0  0.0  0.0  0.0  0.0
  0.0  0.0  0.0  0.0  0.0 23.0  0.0  0.0  0.0  0.0  0.0  0.0  0.0  0.0  5.7
  5.7  0.0  0.0  0.0  0.0  0.0  0.0  0.0  0.0  0.0  0.0  0.0  0.0  0.0  0.0
 23.0  0.0  0.0 23.0 11.5  0.0 11.5  0.0  0.0  0.0  0.0  0.0  0.0  0.0  0.0
  0.0  0.0  0.0  0.0  0.0  0.0  0.0 11.5 40.2 11.5 11.5  5.7 11.5 17.2  5.7
  0.0  0.0  0.0  0.0  0.0  0.0  0.0 28.7  5.7 11.5  5.7  0.0 11.5  5.7  0.0
    -26.75     -3.11      2.43     -2.01      0.73  0.0  0.0  0.0  0.0  0.0
                                    t000299_s13_p12_qjpp.txt 28.0  5.6  159
 12.6  0.0  0.0 50.3  0.0  0.0  0.0  0.0  0.0  0.0  0.0  6.3  0.0  6.3  0.0
  6.3  0.0  0.0  6.3  0.0  0.0339.6119.5 56.6 44.0 12.6  0.0  6.3  0.0  0.0
  0.0  6.3  0.0  0.0  6.3 25.2 12.6  0.0  0.0  0.0  0.0  0.0  0.0  6.3  0.0
  6.3  6.3 12.6 12.6  0.0  0.0 25.2 12.6  0.0  0.0106.9 12.6  0.0106.9  0.0
  0.0  0.0  0.0  0.0  0.0  0.0  0.0  0.0  0.0  0.0  0.0  0.0  0.0  0.0  0.0
  0.0  0.0  0.0  6.3  0.0  6.3  0.0  0.0  0.0  0.0  0.0  0.0  0.0  0.0  0.0
  0.0  0.0  6.3  0.0  0.0  0.0  0.0  0.0  0.0  0.0  0.0  0.0  0.0  0.0  0.0
 12.6  0.0  0.0 12.6  6.3  0.0  6.3  0.0  0.0  0.0  0.0  0.0  0.0  0.0  0.0
  0.0  0.0  0.0  0.0  0.0  0.0  0.0  6.3 31.4  6.3 12.6 12.6  6.3 12.6  0.0
  0.0  0.0  0.0  0.0  0.0  6.3  0.0  6.3 18.9 12.6  6.3  0.0  0.0  0.0  0.0
    -16.77     -2.56      0.02     -6.61     -0.64  0.0  0.0  0.0  0.0  0.0
                                    t000299_s13_p13_qjpp.txt 30.3  5.3  168
 11.9  0.0  0.0 53.6  0.0  0.0  0.0  6.0  0.0  6.0  0.0  0.0  0.0  0.0  0.0
  0.0  0.0  6.0 11.9  0.0  0.0291.7154.8 83.3 17.9  6.0  0.0  0.0  6.0  0.0
  0.0 11.9  0.0  0.0  6.0 89.3  0.0  0.0  6.0  0.0  0.0  0.0 29.8  6.0  0.0
 11.9  0.0  6.0  6.0 11.9  6.0 23.8 17.9  0.0  6.0107.1  6.0  0.0101.2 11.9
  6.0  0.0  0.0  0.0  0.0  0.0  0.0  0.0  0.0  0.0  0.0  0.0  0.0  0.0  0.0
  0.0  0.0  0.0  0.0  0.0  0.0  0.0  0.0  0.0  0.0  0.0  0.0  0.0  0.0  0.0
  0.0  0.0  0.0  0.0  0.0  0.0  0.0  0.0  0.0  0.0  0.0  0.0  0.0  0.0  0.0
  0.0  0.0  0.0  0.0  0.0  0.0  0.0  0.0  0.0  0.0  0.0  0.0  0.0  0.0  0.0
  0.0  0.0  0.0  0.0  0.0  0.0  0.0  0.0 23.8 11.9  6.0  6.0 17.9 17.9 11.9
  0.0  0.0  0.0  0.0  0.0  6.0  0.0  6.0  0.0  6.0  0.0 11.9 23.8  0.0  0.0
    -21.61     -4.88      2.06     -4.69     19.72  0.0  0.0  0.0  0.0  0.0
                                    t000299_s13_p14_qjpp.txt 19.0  5.8  114
  8.8  0.0  0.0 43.9  0.0  0.0  0.0  0.0  8.8  0.0  0.0  0.0  0.0  0.0  0.0
  0.0  0.0  0.0 17.5  0.0  0.0438.6149.1 78.9  0.0  8.8 17.5  0.0  0.0  0.0
  0.0  8.8  0.0  0.0  8.8 26.3  8.8  0.0  0.0  0.0  0.0  8.8  8.8  8.8  0.0
  0.0 17.5  0.0  0.0  8.8  0.0 43.9  8.8  0.0  0.0 96.5 17.5  0.0 96.5  8.8
  0.0  0.0  0.0  0.0  0.0  0.0  0.0  0.0  0.0  0.0  0.0  0.0  0.0  0.0  0.0
  0.0  0.0  0.0  0.0  0.0  0.0  0.0  0.0  0.0  0.0  0.0  0.0  0.0  0.0  0.0
  0.0  8.8  0.0  0.0  0.0  0.0  0.0  0.0  0.0  0.0  0.0  0.0  0.0  0.0  0.0
  0.0  0.0  0.0  0.0  8.8  0.0  8.8  0.0  0.0  0.0  0.0  0.0  0.0  0.0  0.0
  0.0  0.0  0.0  0.0  0.0  0.0  0.0 35.1 26.3 17.5  8.8 17.5  0.0  8.8  0.0
 17.5  0.0  0.0  0.0  0.0  0.0  0.0  0.0 35.1  8.8  0.0  0.0  0.0  0.0  0.0
    -29.43     -1.96      0.15     -3.10      3.19  0.0  0.0  0.0  0.0  0.0
                                    t000299_s13_p15_qjpp.txt 13.8  5.7   79
 12.7  0.0  0.0 50.6  0.0  0.0  0.0 12.7  0.0  0.0  0.0  0.0  0.0  0.0  0.0
  0.0  0.0  0.0  0.0  0.0  0.0417.7151.9101.3  0.0 25.3 12.7  0.0  0.0  0.0
  0.0  0.0  0.0  0.0  0.0 38.0  0.0  0.0  0.0  0.0  0.0  0.0  0.0  0.0  0.0
 25.3  0.0  0.0  0.0 12.7  0.0  0.0 25.3  0.0  0.0113.9 25.3  0.0 75.9  0.0
 12.7  0.0  0.0  0.0  0.0  0.0  0.0  0.0  0.0  0.0  0.0  0.0  0.0  0.0  0.0
  0.0  0.0  0.0  0.0  0.0  0.0  0.0  0.0  0.0  0.0  0.0  0.0  0.0  0.0  0.0
  0.0  0.0  0.0  0.0  0.0  0.0  0.0  0.0  0.0  0.0  0.0  0.0  0.0  0.0  0.0
  0.0  0.0  0.0  0.0  0.0  0.0  0.0  0.0  0.0  0.0  0.0  0.0  0.0  0.0  0.0
  0.0  0.0  0.0  0.0  0.0  0.0  0.0  0.0  0.0  0.0 38.0  0.0  0.0  0.0  0.0
 38.0  0.0  0.0  0.0  0.0  0.0 12.7 12.7  0.0 12.7  0.0 12.7  0.0  0.0  0.0
    -30.42     -2.17     -1.18     -6.61      4.54  0.0 12.7  0.0  0.0  0.0
                                    t000299_s13_p16_qjpp.txt 23.3  5.3  143
  0.0  0.0  0.0 42.0  0.0  0.0  7.0  0.0  0.0  7.0  0.0  0.0  0.0  0.0  0.0
  0.0  0.0  0.0  7.0  0.0  0.0412.6160.8 42.0 28.0  0.0  0.0  0.0  0.0  0.0
  0.0  0.0  0.0  0.0  0.0 28.0  0.0  0.0  0.0  0.0  0.0  7.0  0.0  7.0  0.0
 14.0  0.0 14.0  0.0  7.0  0.0  7.0 21.0  0.0  0.0 62.9  0.0  0.0 90.9  7.0
  0.0  0.0  0.0  0.0  0.0  0.0  0.0  0.0  0.0  0.0  0.0  0.0  0.0  0.0  0.0
  0.0  0.0  0.0  0.0  0.0 14.0  0.0  0.0  0.0  0.0  7.0  0.0  0.0  0.0  0.0
  0.0  0.0  0.0  0.0  0.0  0.0  0.0  0.0  0.0  0.0  0.0  0.0  0.0  0.0  0.0
 14.0  0.0  7.0 21.0  0.0  0.0  0.0  0.0  0.0  0.0  0.0  0.0  0.0  0.0  0.0
  0.0  0.0  0.0  0.0  0.0  0.0  0.0  0.0 62.9  0.0  7.0  0.0  0.0  0.0  0.0
  7.0  7.0  0.0  0.0  0.0  7.0  0.0 14.0  7.0  0.0  0.0  7.0  0.0  0.0  0.0
    -27.02     -4.81     -0.62     -3.81      1.94  7.0  0.0  0.0  0.0  0.0
                                    t000299_s13_p17_qjpp.txt 15.0  5.5  104
  0.0  0.0  0.0 19.2  0.0  0.0  0.0  0.0  0.0  0.0  0.0  0.0  0.0  0.0  0.0
  0.0  0.0  0.0  0.0  0.0  0.0442.3134.6 57.7 38.5  0.0  0.0  9.6  0.0  0.0
  0.0  0.0  0.0  0.0  0.0 28.8  9.6  9.6  0.0  0.0  0.0  0.0  0.0  0.0  0.0
  9.6  0.0 19.2  0.0 19.2  9.6  0.0  9.6  0.0  0.0 86.5  0.0  0.0 76.9  0.0
  0.0  0.0  0.0  0.0  0.0  0.0  0.0  0.0  0.0  0.0  0.0  0.0  0.0  0.0  0.0
  0.0  0.0  0.0  9.6  0.0  0.0  0.0  0.0  0.0  0.0  0.0  0.0  0.0  0.0  0.0
  0.0  0.0  0.0  0.0  0.0  0.0  0.0  0.0  0.0  0.0  0.0  0.0  0.0  0.0  0.0
  9.6  0.0  0.0  9.6  0.0  0.0  0.0  0.0  0.0  0.0  0.0  0.0  0.0  0.0  0.0
  0.0  0.0  0.0  0.0  0.0  0.0  0.0  0.0 19.2  0.0  9.6  0.0  0.0  0.0  0.0
 38.5  0.0  0.0  0.0  0.0  0.0  0.0  9.6  9.6  0.0  0.0  0.0  0.0  0.0  0.0
    -32.78     -2.68     -0.67     -4.32     -0.52  0.0  0.0  0.0  0.0  0.0
                                    t000299_s13_p18_qjpp.txt 22.5  5.0  165
 12.1  0.0  0.0 18.2  0.0  0.0 12.1  0.0  0.0  0.0 18.2  0.0  0.0  0.0  0.0
  0.0  0.0 66.7 12.1  0.0  0.0303.0175.8 72.7 48.5  0.0  0.0  0.0  0.0  0.0
  0.0  0.0  0.0  0.0  0.0 24.2  0.0 12.1  6.1  6.1  0.0  6.1  6.1 12.1  0.0
  6.1  0.0  0.0  0.0 12.1 78.8 18.2 18.2  0.0  0.0 97.0  0.0  0.0 78.8  0.0
  0.0  0.0  0.0  0.0  0.0  0.0  0.0  0.0  0.0  0.0  0.0  0.0  0.0  0.0  0.0
  0.0  0.0  0.0  0.0  0.0  0.0  0.0  0.0  0.0  0.0  0.0  0.0  0.0  0.0  0.0
  0.0  0.0  0.0  0.0  0.0  0.0  0.0  0.0  0.0  0.0  0.0  0.0  0.0  0.0  0.0
  0.0  0.0  0.0  0.0  0.0  0.0  0.0  0.0  0.0  0.0  0.0  0.0  0.0  0.0  0.0
  0.0  0.0  0.0  0.0  0.0  0.0  0.0 12.1 72.7  0.0 12.1  0.0  0.0  6.1  0.0
  6.1  6.1  6.1  0.0  0.0  0.0  0.0 18.2  6.1 12.1  0.0  0.0  0.0  0.0  0.0
     -2.84     -4.13     -0.40      3.41      3.95  0.0  0.0  0.0  0.0  0.0
                                    t000299_s13_p19_qjpp.txt 24.5  5.5  145
  6.9  0.0  0.0 62.1  0.0  0.0  6.9  6.9  6.9 13.8  0.0  0.0  0.0  0.0  0.0
  0.0  0.0 13.8  0.0  0.0  0.0351.7151.7 62.1 13.8  0.0  0.0  0.0  0.0  0.0
  0.0  0.0  0.0  0.0  0.0 34.5  0.0  0.0  0.0  0.0  0.0  6.9  0.0  6.9  0.0
  0.0 27.6  0.0  0.0 13.8 13.8 27.6  6.9  0.0  0.0 89.7  6.9  0.0 89.7  6.9
 20.7  0.0  0.0  0.0  0.0  0.0  0.0  0.0  0.0  0.0  0.0  0.0  0.0  0.0  0.0
  0.0  0.0  0.0  0.0  0.0  0.0  0.0  0.0  0.0  0.0  0.0  0.0  0.0  0.0  0.0
  0.0  0.0  0.0  0.0  0.0  0.0  0.0  0.0  0.0  0.0  0.0  0.0  0.0  0.0  0.0
  0.0  0.0  0.0  0.0  0.0  0.0  0.0  0.0  0.0  0.0  0.0  0.0  0.0  0.0  0.0
  0.0  0.0  0.0  0.0  0.0  0.0  0.0 20.7 34.5  0.0 34.5  0.0  0.0  6.9  0.0
  6.9  0.0  0.0  0.0  6.9  6.9  0.0 13.8 20.7  6.9  0.0  0.0 13.8  0.0  0.0
    -19.99     -5.27     -0.99     -3.85     -2.58  0.0  0.0  0.0  0.0  0.0
                                     t000299_s13_p2_qjpp.txt  6.0  5.3   29
 34.5  0.0  0.0103.4  0.0  0.0  0.0  0.0 69.0  0.0  0.0  0.0  0.0  0.0  0.0
  0.0  0.0  0.0 34.5  0.0  0.0241.4 69.0 69.0 34.5  0.0 34.5  0.0  0.0  0.0
  0.0  0.0  0.0 34.5  0.0  0.0  0.0  0.0  0.0  0.0  0.0  0.0  0.0 34.5  0.0
  0.0  0.0  0.0  0.0  0.0  0.0 34.5 34.5  0.0  0.0 69.0 69.0  0.0206.9  0.0
 69.0  0.0  0.0  0.0  0.0  0.0  0.0  0.0  0.0  0.0  0.0  0.0  0.0  0.0  0.0
  0.0  0.0  0.0  0.0  0.0  0.0  0.0  0.0  0.0  0.0  0.0  0.0  0.0  0.0  0.0
  0.0  0.0  0.0  0.0  0.0  0.0  0.0  0.0  0.0  0.0  0.0  0.0  0.0  0.0  0.0
  0.0  0.0  0.0  0.0  0.0  0.0  0.0  0.0  0.0  0.0  0.0  0.0  0.0  0.0  0.0
  0.0  0.0  0.0  0.0  0.0  0.0  0.0 34.5  0.0  0.0 34.5  0.0  0.0  0.0  0.0
  0.0  0.0  0.0  0.0  0.0  0.0  0.0137.9  0.0 34.5  0.0  0.0  0.0  0.0  0.0
     -9.00      2.04     -8.88     -6.61      1.60  0.0  0.0  0.0  0.0  0.0
                                    t000299_s13_p20_qjpp.txt 12.5  4.9   56
  0.0  0.0  0.0 17.9  0.0  0.0  0.0  0.0  0.0  0.0  0.0  0.0  0.0  0.0  0.0
  0.0  0.0  0.0  0.0  0.0  0.0357.1142.9 17.9 53.6 17.9  0.0  0.0 17.9 17.9
  0.0  0.0  0.0  0.0 17.9  0.0 17.9  0.0  0.0  0.0  0.0  0.0  0.0 17.9 17.9
 35.7  0.0  0.0  0.0  0.0  0.0  0.0 71.4  0.0 35.7 35.7 17.9  0.0160.7 17.9
  0.0  0.0  0.0  0.0  0.0  0.0  0.0  0.0  0.0  0.0  0.0  0.0  0.0  0.0  0.0
  0.0  0.0  0.0  0.0  0.0  0.0  0.0  0.0  0.0  0.0  0.0  0.0  0.0  0.0  0.0
  0.0  0.0  0.0  0.0  0.0  0.0  0.0  0.0  0.0  0.0  0.0  0.0  0.0  0.0  0.0
  0.0  0.0  0.0  0.0  0.0  0.0  0.0  0.0  0.0  0.0  0.0  0.0  0.0  0.0  0.0
  0.0  0.0  0.0  0.0  0.0  0.0  0.0 35.7  0.0  0.0 17.9 17.9  0.0  0.0  0.0
 35.7  0.0  0.0  0.0  0.0  0.0  0.0 35.7 17.9 17.9  0.0  0.0  0.0  0.0  0.0
    -27.17     -3.17     15.15     -6.61     24.34 17.9  0.0  0.0  0.0  0.0
                                    t000299_s13_p21_qjpp.txt 11.0  5.0   50
  0.0  0.0  0.0  0.0  0.0  0.0 20.0  0.0 20.0  0.0  0.0  0.0  0.0  0.0  0.0
  0.0  0.0  0.0  0.0  0.0  0.0300.0140.0 40.0 80.0  0.0  0.0  0.0 20.0  0.0
  0.0  0.0  0.0  0.0  0.0  0.0  0.0  0.0  0.0  0.0  0.0  0.0  0.0 40.0  0.0
  0.0  0.0  0.0  0.0  0.0  0.0  0.0 40.0  0.0 20.0120.0 20.0  0.0 80.0  0.0
  0.0  0.0  0.0  0.0  0.0  0.0  0.0  0.0  0.0  0.0  0.0  0.0  0.0  0.0  0.0
  0.0  0.0  0.0  0.0  0.0  0.0  0.0  0.0  0.0  0.0  0.0  0.0  0.0  0.0  0.0
  0.0  0.0  0.0  0.0  0.0  0.0  0.0  0.0  0.0  0.0  0.0  0.0  0.0  0.0  0.0
  0.0  0.0  0.0  0.0  0.0  0.0  0.0  0.0  0.0  0.0  0.0  0.0  0.0  0.0  0.0
  0.0  0.0  0.0  0.0  0.0  0.0  0.0 20.0 20.0  0.0  0.0 20.0  0.0  0.0  0.0
 20.0 20.0  0.0  0.0  0.0  0.0  0.0 40.0  0.0 40.0  0.0  0.0  0.0  0.0  0.0
    -22.35     -3.10     12.74     -6.61      2.43  0.0  0.0  0.0  0.0  0.0
                                    t000299_s13_p22_qjpp.txt 20.8  4.5  116
 25.9  8.6  0.0 60.3  0.0  0.0  0.0  0.0 77.6 17.2  0.0  8.6  0.0  8.6  0.0
  0.0  0.0  0.0  0.0  0.0  0.0293.1 77.6 34.5 34.5  8.6  8.6  8.6  0.0  0.0
  0.0  0.0  0.0  0.0  0.0 43.1 34.5 17.2  0.0  0.0  8.6  0.0  0.0  8.6  0.0
 17.2  0.0  0.0  0.0  8.6 25.9  8.6 25.9  0.0  0.0 69.0 86.2  0.0146.6  8.6
  8.6  0.0  0.0  0.0  0.0  0.0  0.0  0.0  0.0  0.0  0.0  0.0  0.0  0.0  0.0
  0.0  0.0  0.0  8.6  0.0  0.0  8.6  0.0  0.0  0.0  0.0  0.0  0.0  0.0  0.0
  0.0  0.0  0.0  8.6  0.0  0.0  0.0  0.0  0.0  0.0  0.0  0.0  0.0  0.0  0.0
 17.2  0.0  0.0 17.2  8.6  0.0  8.6  0.0  0.0  0.0  0.0  0.0  0.0  0.0  0.0
  0.0  0.0  0.0  0.0  0.0  0.0  0.0  8.6  8.6  0.0 17.2  0.0  8.6 25.9  0.0
  0.0  0.0  0.0  0.0  8.6  8.6  0.0 60.3 17.2 17.2  0.0  0.0 25.9  0.0  0.0
     -2.00     -0.96     -1.48      1.60      3.24  0.0  0.0  0.0  0.0  0.0
                                    t000299_s13_p23_qjpp.txt  9.0  5.8   44
 22.7  0.0  0.0  0.0  0.0  0.0  0.0  0.0  0.0  0.0  0.0  0.0  0.0 22.7  0.0
  0.0  0.0  0.0  0.0  0.0  0.0340.9136.4 68.2 45.5 68.2  0.0  0.0  0.0  0.0
  0.0  0.0  0.0  0.0  0.0 45.5  0.0  0.0  0.0  0.0  0.0  0.0  0.0 22.7  0.0
  0.0 22.7 22.7  0.0  0.0  0.0 22.7 22.7  0.0  0.0 90.9 68.2  0.0113.6 68.2
  0.0  0.0  0.0  0.0  0.0  0.0  0.0  0.0  0.0  0.0  0.0  0.0  0.0  0.0  0.0
  0.0  0.0  0.0  0.0  0.0 22.7  0.0  0.0  0.0  0.0  0.0  0.0  0.0  0.0  0.0
  0.0  0.0  0.0  0.0  0.0  0.0  0.0  0.0  0.0  0.0  0.0  0.0  0.0  0.0  0.0
 22.7  0.0  0.0 22.7  0.0  0.0  0.0  0.0  0.0  0.0  0.0  0.0  0.0  0.0  0.0
  0.0  0.0  0.0  0.0  0.0  0.0  0.0113.6 22.7  0.0 45.5  0.0  0.0  0.0  0.0
  0.0  0.0  0.0  0.0 22.7 22.7  0.0  0.0 22.7 22.7  0.0  0.0  0.0  0.0  0.0
    -18.35     -1.20     -1.61     -6.61     -0.18  0.0  0.0  0.0  0.0  0.0
                                    t000299_s13_p24_qjpp.txt 24.5  5.1  163
 12.3  0.0  0.0 55.2  0.0  0.0  0.0  0.0  0.0  6.1  0.0  0.0  0.0  0.0  0.0
  0.0  0.0  0.0  0.0  0.0  0.0319.0116.6 42.9 49.1  6.1  0.0  0.0  0.0  0.0
  0.0  0.0  0.0  0.0  0.0 30.7  0.0  0.0  0.0  0.0 42.9  0.0  6.1 12.3  0.0
 24.5  0.0 12.3  0.0  6.1 42.9  0.0 36.8  0.0  0.0 61.3  6.1  6.1141.1 12.3
  6.1  0.0  0.0  0.0  0.0  0.0  0.0  0.0  0.0  0.0  0.0  0.0  0.0  0.0  0.0
  0.0  0.0  0.0  0.0  0.0  6.1  0.0  0.0  0.0  0.0  0.0  0.0  0.0  0.0  0.0
  0.0  0.0  0.0  0.0  0.0  0.0  0.0  0.0  0.0  0.0  0.0  0.0  0.0  0.0  0.0
  6.1  0.0  0.0  6.1  0.0  0.0  0.0  0.0  0.0  0.0  0.0  0.0  0.0  0.0  0.0
  0.0  0.0  0.0  0.0  0.0  0.0  0.0 18.4 12.3  0.0 18.4  0.0 18.4 18.4  6.1
  0.0  6.1  0.0  0.0  0.0  6.1  0.0 49.1  0.0 18.4  0.0  0.0 12.3  0.0  0.0
    -23.77     -3.84     -0.77     13.84      9.98  0.0  0.0  0.0  0.0  0.0
                                    t000299_s13_p25_qjpp.txt 13.3  5.5   72
 13.9  0.0  0.0 55.6  0.0  0.0  0.0  0.0  0.0  0.0  0.0  0.0  0.0  0.0  0.0
  0.0  0.0  0.0 13.9 13.9  0.0388.9125.0 13.9 41.7 83.3  0.0  0.0  0.0  0.0
  0.0  0.0  0.0  0.0  0.0 13.9  0.0  0.0  0.0  0.0  0.0  0.0  0.0 13.9  0.0
  0.0 27.8  0.0  0.0  0.0  0.0 41.7 13.9 13.9  0.0 13.9 83.3  0.0125.0  0.0
  0.0  0.0  0.0  0.0  0.0  0.0  0.0  0.0  0.0  0.0  0.0  0.0  0.0  0.0  0.0
  0.0  0.0  0.0  0.0  0.0  0.0  0.0  0.0  0.0  0.0  0.0  0.0  0.0  0.0  0.0
  0.0  0.0  0.0  0.0  0.0  0.0  0.0  0.0  0.0  0.0  0.0  0.0  0.0  0.0  0.0
  0.0  0.0  0.0  0.0  0.0  0.0  0.0  0.0  0.0  0.0  0.0  0.0  0.0  0.0  0.0
  0.0  0.0  0.0  0.0  0.0  0.0  0.0 27.8 27.8  0.0 27.8  0.0 13.9  0.0  0.0
  0.0  0.0  0.0  0.0  0.0  0.0  0.0 27.8 27.8 13.9  0.0  0.0 13.9  0.0  0.0
     -9.39     -0.65      0.18     -6.61     -1.52  0.0  0.0  0.0  0.0  0.0
                                    t000299_s13_p26_qjpp.txt 14.5  5.1   76
 52.6  0.0  0.0 92.1  0.0  0.0 13.2  0.0  0.0  0.0  0.0  0.0  0.0  0.0  0.0
  0.0  0.0  0.0 13.2  0.0  0.0276.3131.6 65.8 39.5 39.5  0.0 13.2  0.0  0.0
  0.0 13.2  0.0  0.0  0.0 39.5 13.2  0.0  0.0  0.0  0.0  0.0  0.0  0.0  0.0
 13.2 26.3  0.0  0.0 13.2  0.0 52.6 13.2  0.0  0.0 92.1 39.5  0.0184.2  0.0
  0.0  0.0  0.0  0.0  0.0  0.0  0.0  0.0  0.0  0.0  0.0  0.0  0.0  0.0  0.0
  0.0  0.0  0.0  0.0  0.0  0.0  0.0  0.0  0.0  0.0  0.0  0.0  0.0  0.0  0.0
  0.0  0.0  0.0  0.0  0.0  0.0  0.0  0.0  0.0 13.2  0.0  0.0  0.0  0.0  0.0
  0.0  0.0  0.0  0.0  0.0  0.0 13.2  0.0  0.0  0.0  0.0  0.0  0.0  0.0  0.0
  0.0  0.0  0.0  0.0  0.0  0.0  0.0  0.0 26.3 26.3 26.3  0.0  0.0  0.0  0.0
  0.0  0.0  0.0  0.0  0.0 13.2  0.0 65.8 26.3 39.5  0.0  0.0  0.0 13.2  0.0
    -14.80     -0.24      3.60     -6.61      0.62 13.2  0.0  0.0  0.0  0.0
                                    t000299_s13_p27_qjpp.txt 14.8  5.8   80
  0.0  0.0  0.0 37.5  0.0  0.0  0.0  0.0  0.0  0.0  0.0  0.0  0.0  0.0  0.0
  0.0  0.0  0.0  0.0  0.0  0.0437.5112.5 37.5 50.0  0.0  0.0  0.0  0.0 12.5
  0.0 12.5  0.0  0.0  0.0 12.5  0.0  0.0  0.0  0.0  0.0  0.0  0.0 25.0  0.0
  0.0  0.0  0.0  0.0  0.0  0.0 12.5 25.0  0.0 12.5 87.5  0.0  0.0100.0  0.0
  0.0  0.0  0.0  0.0  0.0  0.0  0.0  0.0  0.0  0.0  0.0  0.0  0.0  0.0  0.0
  0.0  0.0  0.0  0.0  0.0  0.0  0.0  0.0  0.0  0.0  0.0  0.0  0.0  0.0  0.0
  0.0  0.0  0.0  0.0  0.0  0.0  0.0  0.0  0.0  0.0  0.0  0.0  0.0  0.0  0.0
  0.0  0.0  0.0  0.0  0.0  0.0  0.0  0.0  0.0  0.0  0.0  0.0  0.0  0.0  0.0
  0.0  0.0  0.0  0.0  0.0  0.0  0.0  0.0 62.5  0.0 37.5  0.0 12.5  0.0  0.0
 12.5  0.0  0.0  0.0 12.5  0.0  0.0 25.0 37.5 12.5  0.0  0.0  0.0  0.0  0.0
    -30.75     -4.08     11.14     -6.61      0.16  0.0  0.0  0.0  0.0  0.0
                                    t000299_s13_p28_qjpp.txt 18.0  5.7  101
  0.0  0.0  0.0 39.6  0.0  0.0  9.9  9.9  0.0  0.0  0.0  9.9  0.0  0.0  0.0
  0.0  0.0  0.0  0.0  0.0  0.0386.1158.4 59.4 39.6  9.9  0.0  9.9  0.0  0.0
  0.0  0.0  0.0  0.0  0.0 69.3  9.9  0.0  0.0  0.0  0.0  0.0  9.9  0.0  0.0
  0.0  0.0  0.0  0.0  0.0  0.0  9.9  0.0  0.0  0.0 99.0  9.9  0.0 99.0  0.0
  0.0  0.0  0.0  0.0  0.0  0.0  0.0  0.0  0.0  0.0  0.0  0.0  0.0  0.0  0.0
  0.0  0.0  0.0  0.0  0.0  0.0  0.0  0.0  0.0  0.0  0.0  0.0  0.0  0.0  0.0
  0.0  0.0  0.0  0.0  0.0  0.0  0.0  0.0  0.0  9.9  9.9  0.0  0.0  0.0  0.0
  0.0  0.0  0.0  0.0  0.0  0.0  9.9  9.9  0.0  0.0  0.0  0.0  0.0  0.0  0.0
  0.0  0.0  0.0  0.0  0.0  0.0  0.0  9.9 59.4  0.0 19.8  0.0  0.0  0.0  0.0
  0.0  0.0  0.0  0.0  0.0  0.0  0.0 39.6 19.8  9.9  0.0  0.0  9.9  0.0  0.0
    -21.72     -2.15     -2.96     -6.61      2.56  9.9  0.0  0.0  0.0  0.0
                                    t000299_s13_p29_qjpp.txt 10.0  5.6   50
 20.0  0.0  0.0 60.0  0.0  0.0  0.0  0.0 20.0 20.0  0.0  0.0  0.0  0.0  0.0
 20.0  0.0 20.0  0.0  0.0  0.0360.0120.0 80.0  0.0  0.0  0.0  0.0  0.0  0.0
  0.0  0.0  0.0  0.0  0.0 60.0  0.0  0.0  0.0  0.0  0.0  0.0 40.0  0.0  0.0
 20.0  0.0  0.0  0.0  0.0 20.0  0.0 20.0  0.0  0.0 80.0 20.0  0.0160.0 40.0
 20.0  0.0  0.0  0.0  0.0  0.0  0.0  0.0  0.0  0.0  0.0  0.0  0.0  0.0  0.0
  0.0  0.0  0.0  0.0  0.0  0.0  0.0  0.0  0.0  0.0  0.0  0.0  0.0  0.0  0.0
  0.0  0.0  0.0  0.0  0.0  0.0  0.0  0.0  0.0  0.0  0.0  0.0  0.0  0.0  0.0
  0.0  0.0  0.0  0.0  0.0  0.0  0.0  0.0  0.0  0.0  0.0  0.0  0.0  0.0  0.0
  0.0  0.0  0.0  0.0  0.0  0.0  0.0  0.0 80.0  0.0 20.0 40.0  0.0 20.0  0.0
  0.0  0.0  0.0  0.0  0.0  0.0  0.0  0.0 80.0  0.0  0.0  0.0 20.0  0.0  0.0
    -11.25     -5.73     -2.44     -6.61     27.83  0.0  0.0  0.0  0.0  0.0
                                     t000299_s13_p3_qjpp.txt 20.3  5.0  116
  8.6  0.0  0.0 94.8  0.0  0.0  0.0  0.0  0.0 17.2  8.6  0.0  0.0  0.0  0.0
 17.2  0.0  8.6  8.6  0.0  0.0293.1137.9112.1  0.0  0.0  8.6  0.0  0.0  0.0
  0.0  8.6  0.0  0.0 17.2 34.5  0.0  0.0  0.0  0.0  0.0  0.0  0.0  8.6  0.0
  0.0  0.0  0.0  0.0  0.0  8.6 17.2  8.6  0.0  0.0137.9  0.0  0.0112.1 17.2
  8.6  0.0  0.0  0.0  0.0  0.0  0.0  0.0  0.0  0.0  0.0  0.0  0.0  0.0  0.0
  0.0  0.0  0.0  0.0  8.6  0.0  0.0  0.0  0.0  0.0  0.0  0.0  0.0  0.0  0.0
  0.0  8.6  0.0  0.0  0.0  0.0  0.0  0.0  0.0  8.6  0.0  0.0  0.0  0.0  0.0
  8.6  0.0  0.0  8.6  8.6  0.0 17.2  0.0  0.0  0.0  0.0  0.0  0.0  0.0  0.0
  0.0  0.0  0.0  0.0  0.0  0.0  0.0 25.9 25.9  0.0 43.1  0.0  0.0  0.0  0.0
  0.0  0.0  8.6  0.0  0.0  0.0  8.6 25.9  0.0 25.9  0.0  0.0  0.0  0.0  0.0
    -12.94     -4.07     -2.86     -6.61     -2.32  0.0  0.0  0.0  0.0  0.0
                                    t000299_s13_p30_qjpp.txt 12.5  5.4   71
  0.0  0.0  0.0 14.1  0.0  0.0  0.0  0.0  0.0  0.0  0.0  0.0  0.0  0.0  0.0
  0.0  0.0  0.0  0.0  0.0  0.0478.9140.8 56.3 28.2 28.2  0.0  0.0  0.0  0.0
  0.0  0.0  0.0  0.0  0.0  0.0 28.2  0.0  0.0  0.0  0.0  0.0  0.0  0.0  0.0
  0.0  0.0  0.0  0.0  0.0  0.0  0.0  0.0  0.0  0.0 56.3 28.2  0.0 70.4  0.0
 14.1  0.0  0.0  0.0  0.0  0.0  0.0  0.0  0.0  0.0  0.0  0.0  0.0  0.0  0.0
  0.0  0.0  0.0  0.0  0.0  0.0  0.0  0.0  0.0  0.0  0.0  0.0  0.0  0.0  0.0
  0.0  0.0  0.0  0.0  0.0  0.0  0.0  0.0  0.0  0.0  0.0  0.0  0.0  0.0  0.0
  0.0  0.0  0.0  0.0  0.0  0.0  0.0  0.0  0.0  0.0  0.0  0.0  0.0  0.0  0.0
  0.0  0.0  0.0  0.0  0.0  0.0  0.0  0.0 84.5  0.0 28.2  0.0  0.0  0.0  0.0
  0.0  0.0  0.0  0.0  0.0  0.0  0.0 28.2  0.0 14.1  0.0  0.0  0.0  0.0  0.0
    -33.82     -3.55      0.97     -6.61     -3.63  0.0  0.0  0.0  0.0  0.0
                                    t000299_s13_p31_qjpp.txt 13.3  5.7   72
  0.0  0.0  0.0 27.8  0.0  0.0  0.0  0.0 13.9  0.0  0.0  0.0  0.0  0.0  0.0
  0.0  0.0  0.0  0.0  0.0  0.0430.6111.1 41.7 27.8 13.9 13.9 13.9  0.0  0.0
  0.0  0.0  0.0  0.0  0.0 83.3  0.0  0.0 13.9  0.0  0.0  0.0  0.0  0.0  0.0
 13.9  0.0 13.9  0.0  0.0  0.0  0.0 13.9  0.0  0.0 69.4 27.8  0.0 83.3  0.0
 13.9  0.0  0.0  0.0  0.0  0.0  0.0  0.0  0.0  0.0  0.0  0.0  0.0  0.0  0.0
  0.0  0.0  0.0  0.0  0.0 13.9  0.0  0.0  0.0  0.0  0.0  0.0  0.0  0.0  0.0
  0.0  0.0  0.0  0.0  0.0  0.0  0.0  0.0  0.0  0.0  0.0  0.0  0.0  0.0  0.0
 13.9  0.0  0.0 13.9  0.0  0.0  0.0  0.0  0.0  0.0  0.0  0.0  0.0  0.0  0.0
  0.0  0.0  0.0  0.0  0.0  0.0  0.0  0.0 27.8  0.0 27.8  0.0  0.0  0.0  0.0
  0.0  0.0  0.0  0.0  0.0  0.0  0.0 55.6 13.9 13.9  0.0  0.0  0.0  0.0  0.0
    -30.27      1.05     -3.76     -2.12      0.85  0.0  0.0  0.0  0.0  0.0
                                    t000299_s13_p32_qjpp.txt 11.3  6.1   66
 30.3  0.0  0.0 15.2  0.0  0.0  0.0  0.0  0.0  0.0  0.0  0.0  0.0  0.0  0.0
  0.0  0.0  0.0  0.0  0.0  0.0424.2 90.9 90.9 30.3  0.0  0.0  0.0  0.0  0.0
  0.0  0.0  0.0  0.0  0.0166.7  0.0  0.0  0.0  0.0  0.0  0.0 15.2  0.0  0.0
 30.3  0.0 15.2  0.0  0.0  0.0  0.0 30.3  0.0  0.0106.1  0.0  0.0 90.9 15.2
  0.0  0.0  0.0  0.0  0.0  0.0  0.0  0.0  0.0  0.0  0.0  0.0  0.0  0.0  0.0
  0.0  0.0  0.0  0.0  0.0 15.2  0.0  0.0  0.0  0.0  0.0  0.0  0.0  0.0  0.0
  0.0  0.0  0.0  0.0  0.0  0.0  0.0  0.0  0.0  0.0  0.0  0.0  0.0  0.0  0.0
 15.2  0.0  0.0 15.2  0.0  0.0  0.0  0.0  0.0  0.0  0.0  0.0  0.0  0.0  0.0
  0.0  0.0  0.0  0.0  0.0  0.0  0.0  0.0 15.2 15.2  0.0 15.2  0.0  0.0  0.0
  0.0  0.0  0.0  0.0  0.0  0.0  0.0 45.5  0.0 30.3  0.0  0.0 15.2  0.0  0.0
    -30.89     -4.73     -8.50     -6.61     15.62  0.0  0.0  0.0  0.0  0.0
                                    t000299_s13_p33_qjpp.txt 28.0  4.9  231
 13.0  0.0  0.0 30.3  0.0  0.0  4.3  0.0  0.0  0.0  0.0  0.0  0.0  0.0  0.0
  4.3  0.0  0.0  4.3  0.0  0.0320.3125.5 64.9 39.0  8.7  0.0  0.0  4.3  4.3
  0.0  8.7  0.0  0.0  0.0 26.0  8.7  0.0  0.0  0.0  0.0  4.3  4.3  4.3  0.0
  4.3  0.0  4.3  4.3  8.7  0.0 13.0  8.7  0.0  8.7121.2  8.7  0.0 99.6  8.7
  8.7  0.0  0.0  0.0  0.0  0.0  0.0  0.0  0.0  0.0  0.0  0.0  0.0  0.0  0.0
  0.0  0.0  0.0  0.0  4.3  0.0  0.0  0.0  0.0  0.0  0.0  0.0  0.0  0.0  0.0
  0.0  0.0  0.0  0.0  0.0  0.0  0.0  0.0  0.0  0.0  0.0  0.0  0.0  0.0  0.0
  4.3  0.0  0.0  4.3  0.0  0.0  0.0  0.0  0.0  0.0  0.0  0.0  0.0  0.0  0.0
  0.0  0.0  0.0  0.0  0.0  0.0  0.0 17.3 26.0  8.7 13.0 13.0  4.3  0.0  0.0
  0.0  0.0  4.3  0.0  0.0  0.0  0.0  8.7 17.3 17.3  8.7  0.0  4.3  0.0  0.0
    -22.72     -4.06      7.42     -4.87      1.13  0.0  0.0  0.0  0.0  0.0
                                    t000299_s13_p34_qjpp.txt 17.0  5.7  106
  9.4  0.0  0.0 37.7  0.0  0.0  0.0  0.0  0.0  0.0  0.0  0.0  0.0  0.0  0.0
  0.0  0.0  0.0  0.0  0.0  0.0434.0132.1 37.7 47.2  9.4  0.0  9.4  0.0  9.4
  0.0  0.0  0.0  0.0  0.0 18.9  0.0  0.0  0.0  0.0  0.0  0.0  0.0  0.0  0.0
  9.4  9.4 28.3  0.0 18.9  0.0  9.4  9.4  0.0  9.4 66.0  9.4  0.0 94.3  0.0
  0.0  0.0  0.0  0.0  0.0  0.0  0.0  0.0  0.0  0.0  0.0  0.0  0.0  0.0  0.0
  0.0  0.0  0.0  9.4  0.0  0.0  9.4  0.0  0.0  0.0  0.0  0.0  0.0  0.0  0.0
  0.0  0.0  0.0  0.0  0.0  0.0  0.0  0.0  0.0  0.0  0.0  0.0  0.0  0.0  0.0
 18.9  0.0  0.0 18.9  0.0  0.0  0.0  0.0  0.0  0.0  0.0  0.0  0.0  0.0  0.0
  0.0  0.0  0.0  0.0  0.0  0.0  0.0  0.0 28.3  9.4  9.4  9.4  0.0  0.0  0.0
  0.0  0.0  0.0  0.0  0.0  0.0  0.0 18.9  9.4  0.0  0.0  0.0  9.4  0.0  0.0
    -30.26     -2.01      4.62     -6.61     -0.58  0.0  0.0  0.0  0.0  0.0
                                     t000299_s13_p4_qjpp.txt 31.0  5.0  198
 20.2  0.0  0.0 40.4  0.0  0.0  0.0  0.0  0.0  5.1  0.0  5.1  0.0 10.1  0.0
  5.1  0.0  0.0  0.0  0.0  5.1378.8141.4 65.7 40.4  5.1  0.0  0.0  0.0  5.1
  0.0  5.1  0.0  0.0  0.0 20.2 10.1  0.0  0.0  0.0  0.0  0.0  5.1 10.1  0.0
  5.1  5.1  0.0  0.0 10.1  0.0 15.2 15.2  0.0  5.1101.0  5.1  0.0116.2 15.2
  0.0  0.0  0.0  0.0  0.0  0.0  0.0  0.0  0.0  0.0  0.0  0.0  0.0  0.0  0.0
  0.0  0.0  0.0  0.0  0.0  5.1  0.0  0.0  0.0  0.0  0.0  0.0  0.0  0.0  0.0
  5.1  0.0  0.0  0.0  0.0  0.0  0.0  0.0  0.0  0.0  0.0  0.0  0.0  0.0  0.0
  5.1  0.0  0.0  5.1  5.1  0.0  5.1  0.0  0.0  0.0  0.0  0.0  0.0  0.0  0.0
  0.0  0.0  0.0  0.0  0.0  0.0  0.0  0.0 20.2  0.0  5.1  0.0 10.1 15.2  0.0
 15.2  5.1  0.0  0.0  0.0  5.1  0.0 15.2  5.1 40.4  0.0  0.0 15.2  0.0  0.0
    -15.19     -4.17      4.22     -6.61      2.69  0.0  0.0  0.0  0.0  0.0
                                     t000299_s13_p5_qjpp.txt 27.3  4.8  239
  0.0  0.0  0.0 25.1  0.0  0.0  0.0  0.0  0.0  8.4  4.2  0.0  0.0  0.0  0.0
  4.2  0.0  0.0  8.4  0.0  0.0364.0125.5 58.6 25.1 12.6  4.2  4.2  0.0  0.0
  0.0  4.2  0.0  0.0  0.0 83.7  8.4  0.0  0.0  0.0  0.0  8.4  4.2 12.6  4.2
 12.6  4.2  4.2  8.4 16.7  0.0 16.7 29.3  0.0  0.0100.4 12.6  0.0 92.1  4.2
  0.0  8.4  0.0  0.0  0.0  0.0  0.0  0.0  0.0  0.0  0.0  0.0  0.0  0.0  0.0
  0.0  0.0  0.0  4.2  0.0  8.4  0.0  4.2  4.2  4.2  0.0  0.0  0.0  0.0  0.0
  8.4  0.0  0.0  0.0  0.0  0.0  0.0  0.0  0.0  0.0  4.2  0.0  0.0  0.0  0.0
 12.6 12.6  0.0 25.1  8.4  0.0  8.4  4.2  0.0  0.0  0.0  0.0  0.0  0.0  0.0
  0.0  0.0  0.0  0.0  0.0  0.0  0.0  4.2 12.6 12.6 16.7  4.2  8.4  0.0  0.0
  0.0  4.2  4.2  0.0  0.0  4.2  0.0 12.6  8.4 16.7  0.0  0.0  0.0  0.0  0.0
    -23.27     -2.76     -2.23     -3.26      8.16  0.0  0.0  0.0  0.0  0.0
                                     t000299_s13_p6_qjpp.txt 27.0  4.9  195
  0.0  0.0  0.0 15.4  0.0  0.0  5.1  0.0  0.0 25.6  0.0  0.0  0.0  0.0  0.0
  0.0  0.0  0.0  0.0  0.0  0.0302.6138.5 35.9 71.8  0.0  0.0  0.0  0.0  5.1
  0.0  0.0  0.0  0.0  5.1 46.2 15.4  0.0  0.0  0.0  0.0  5.1  5.1 35.9  5.1
  0.0  5.1 10.3  5.1  5.1  0.0  5.1 41.0  0.0  5.1 87.2  0.0  0.0123.1  5.1
  0.0  0.0  0.0  0.0  0.0  0.0  0.0  0.0  0.0  0.0  0.0  0.0  0.0  0.0  0.0
  0.0  0.0  0.0  5.1  0.0 15.4  0.0  0.0  0.0  0.0  0.0  0.0  0.0  0.0  0.0
 10.3  0.0  5.1  0.0  0.0  0.0  0.0  0.0  0.0  0.0  0.0  0.0  0.0  0.0  0.0
 20.5  0.0  0.0 20.5 15.4  0.0 15.4  0.0  0.0  0.0  0.0  0.0  0.0  0.0  0.0
  0.0  0.0  0.0  0.0  0.0  0.0  0.0 30.8  5.1  0.0  0.0  5.1 10.3  0.0  0.0
  0.0  0.0  0.0  0.0  0.0  0.0  0.0 30.8 20.5 35.9  0.0  5.1  5.1  0.0  0.0
    -21.82     -3.37     -0.59     -4.55      8.96  0.0  0.0  0.0  0.0  0.0
                                     t000299_s13_p7_qjpp.txt 29.5  5.1  303
 13.2  0.0  0.0 59.4  0.0  0.0  0.0  3.3  3.3  6.6  0.0  0.0  0.0  3.3  0.0
  0.0  0.0  0.0  0.0  0.0  0.0402.6105.6 52.8 26.4  3.3  3.3  0.0  6.6  3.3
  0.0  0.0  0.0  3.3  0.0 36.3  3.3  0.0  0.0  0.0  0.0  3.3  9.9  6.6  0.0
  6.6  6.6  3.3  0.0  6.6  0.0  6.6 13.2  0.0  9.9 92.4  6.6  0.0 99.0  0.0
 16.5  0.0  0.0  0.0  0.0  0.0  0.0  0.0  0.0  0.0  0.0  0.0  0.0  0.0  0.0
  0.0  0.0  0.0  0.0  0.0  3.3  0.0  0.0  0.0  0.0  0.0  0.0  0.0  0.0  0.0
  0.0  0.0  0.0  0.0  0.0  0.0  0.0  0.0  0.0  0.0  0.0  0.0  0.0  0.0  0.0
  3.3  0.0  0.0  3.3  0.0  0.0  0.0  0.0  0.0  0.0  0.0  0.0  0.0  0.0  0.0
  0.0  3.3  0.0  0.0  0.0  0.0  0.0  0.0 13.2  3.3 23.1  0.0  3.3  6.6  0.0
  9.9  0.0  0.0  0.0  0.0  6.6  0.0 23.1  6.6 16.5 16.5  0.0  9.9  0.0  0.0
    -23.23     -4.08      3.50     -5.29      5.69  0.0  0.0  0.0  0.0  0.0
                                     t000299_s13_p8_qjpp.txt 25.8  4.8  255
  0.0  0.0  0.0  3.9  0.0  0.0  7.8 11.8  0.0  0.0  0.0  0.0  0.0  0.0  0.0
  0.0  0.0  0.0  3.9  0.0  0.0341.2172.5 62.7 43.1  3.9  3.9  3.9  0.0  0.0
  0.0  7.8  0.0 15.7  7.8 39.2  3.9  0.0  0.0  0.0  0.0 11.8  7.8 31.4  0.0
  7.8  0.0  0.0  7.8  3.9  0.0 11.8 39.2  0.0  0.0109.8  3.9  0.0 70.6  0.0
  0.0  0.0  0.0  0.0  0.0  0.0  0.0  0.0  0.0  0.0  0.0  0.0  0.0  0.0  0.0
  0.0  0.0  0.0  0.0  0.0  7.8  0.0  0.0  0.0  0.0  0.0  0.0  0.0  0.0  0.0
  3.9  0.0  0.0  0.0  0.0  0.0  0.0  0.0  0.0  0.0  0.0  0.0  7.8  0.0  0.0
  7.8  0.0  0.0  7.8  3.9  0.0  3.9  7.8  0.0  0.0  0.0  0.0  0.0  0.0  0.0
  0.0  0.0  0.0  0.0  0.0  0.0  0.0  0.0 19.6  0.0 23.5  0.0 47.1  7.8  0.0
  0.0  0.0  0.0  0.0  7.8  0.0  0.0  7.8  7.8 27.5  0.0  0.0  0.0  0.0  0.0
    -25.08     -2.65     -5.14     -1.90      8.56  0.0  0.0  0.0  0.0  0.0
                                     t000299_s13_p9_qjpp.txt 28.5  4.8  283
 21.2  0.0  0.0 45.9  0.0  0.0  3.5  0.0  7.1  3.5  0.0  0.0  0.0  0.0  0.0
  0.0  0.0  0.0  3.5  0.0  0.0321.6159.0 60.1 38.9  3.5  3.5  7.1  0.0  0.0
  0.0 10.6  0.0  0.0  7.1 49.5  3.5  0.0  0.0  0.0  3.5  0.0  3.5  7.1  0.0
 14.1 14.1  3.5  0.0  3.5  3.5 28.3 21.2  0.0  0.0 84.8 10.6  7.1113.1  3.5
  7.1  0.0  0.0  0.0  0.0  0.0  0.0  0.0  0.0  0.0  0.0  0.0  0.0  0.0  0.0
  0.0  0.0  0.0  3.5  0.0  0.0  0.0  0.0  0.0  0.0  0.0  0.0  0.0  0.0  0.0
  0.0  0.0  0.0  0.0  0.0  0.0  0.0  0.0  0.0  0.0  0.0  0.0  3.5  0.0  0.0
  3.5  0.0  0.0  3.5  0.0  0.0  0.0  3.5  0.0  0.0  0.0  0.0  0.0  0.0  0.0
  0.0  0.0  0.0  0.0  0.0  0.0  0.0  3.5 14.1  7.1  7.1  0.0 14.1  7.1  3.5
  0.0  3.5  0.0  0.0  0.0  3.5  3.5 17.7 28.3 24.7  0.0  3.5 17.7  0.0  0.0
    -23.49     -2.30      0.01     -4.92      4.21  0.0  0.0  0.0  0.0  0.0
                                      t000299_s4_p1_qjpp.txt 27.5  5.2  215
 14.0  0.0  0.0 37.2  0.0  0.0  4.7  0.0 27.9  0.0  0.0  4.7  0.0  0.0  0.0
  0.0  0.0  0.0  4.7  0.0  0.0339.5162.8 60.5 46.5  0.0  0.0  0.0  0.0  4.7
  0.0  9.3  0.0  0.0  4.7 27.9 14.0  0.0  0.0  0.0  0.0  0.0  9.3  4.7  0.0
  9.3  0.0  9.3  4.7  4.7  0.0 18.6 14.0  0.0  4.7 93.0 27.9  0.0116.3 14.0
  0.0  0.0  0.0  0.0  0.0  0.0  0.0  0.0  0.0  0.0  0.0  0.0  0.0  0.0  0.0
  0.0  0.0  0.0  0.0  4.7  0.0  0.0  0.0  0.0  0.0  0.0  0.0  0.0  0.0  0.0
  0.0  0.0  9.3  0.0  0.0  0.0  0.0  0.0  0.0  0.0  9.3  0.0  0.0  0.0  0.0
  4.7  0.0  0.0  4.7  9.3  0.0  9.3  9.3  0.0  0.0  0.0  0.0  0.0  0.0  0.0
  0.0  4.7  0.0  0.0  0.0  0.0  0.0 27.9 18.6  9.3 27.9  4.7  0.0  4.7  9.3
  0.0  0.0  4.7  0.0  0.0  0.0  0.0 18.6  9.3  0.0  4.7  0.0 14.0  0.0  0.0
    -22.67     -4.20      3.79     -6.61      5.89  0.0  0.0  0.0  0.0  0.0
                                      t000299_s4_p2_qjpp.txt  9.5  4.8   45
  0.0  0.0  0.0 66.7  0.0  0.0  0.0  0.0 44.4 22.2  0.0  0.0  0.0  0.0  0.0
  0.0  0.0  0.0  0.0  0.0  0.0355.6133.3 44.4  0.0  0.0  0.0  0.0  0.0  0.0
  0.0  0.0  0.0  0.0  0.0 44.4 22.2 22.2  0.0  0.0  0.0 22.2 22.2  0.0  0.0
 22.2  0.0 22.2 22.2  0.0 22.2  0.0 22.2  0.0  0.0 44.4 44.4  0.0111.1  0.0
  0.0  0.0  0.0  0.0  0.0  0.0  0.0  0.0  0.0  0.0  0.0  0.0  0.0  0.0  0.0
  0.0  0.0  0.0  0.0 22.2  0.0  0.0  0.0  0.0  0.0  0.0  0.0  0.0  0.0  0.0
  0.0  0.0  0.0  0.0  0.0  0.0  0.0  0.0  0.0  0.0  0.0  0.0  0.0  0.0  0.0
 22.2  0.0  0.0 22.2  0.0  0.0  0.0  0.0  0.0  0.0  0.0  0.0  0.0  0.0  0.0
  0.0  0.0  0.0  0.0  0.0  0.0  0.0 44.4 22.2  0.0 22.2 66.7  0.0 22.2  0.0
  0.0  0.0 22.2  0.0  0.0  0.0  0.0  0.0  0.0 22.2 22.2  0.0  0.0  0.0  0.0
    -21.60     -5.73     -1.55      7.57     17.43  0.0  0.0  0.0  0.0  0.0
                                      t000299_s7_p1_qjpp.txt 30.0  5.2  240
  8.3  0.0  0.0 54.2  0.0  0.0  0.0  0.0  0.0  0.0  0.0  0.0  0.0  4.2  0.0
  8.3  0.0  4.2  0.0  0.0  0.0383.3179.2 41.7 20.8 12.5  8.3  0.0  0.0  0.0
  0.0  0.0  0.0  4.2  0.0 16.7 12.5  0.0  4.2  0.0  0.0  0.0  4.2  4.2  0.0
  4.2  0.0  0.0  0.0  4.2  4.2  0.0  8.3  0.0  0.0 66.7 12.5  0.0104.2  8.3
  8.3  0.0  0.0  0.0  0.0  0.0  0.0  0.0  0.0  0.0  0.0  0.0  0.0  0.0  0.0
  0.0  0.0  0.0  4.2  0.0  0.0  0.0  0.0  0.0  0.0  0.0  0.0  0.0  0.0  4.2
  0.0  0.0  0.0  0.0  0.0  0.0  0.0  0.0  0.0  0.0  0.0  0.0  0.0  0.0  0.0
  4.2  0.0  0.0  4.2  4.2  0.0  4.2  0.0  0.0  0.0  0.0  0.0  0.0  0.0  0.0
  0.0  0.0  0.0  0.0  0.0  0.0  0.0 20.8 45.8  4.2 25.0  4.2  8.3  0.0 12.5
  0.0  0.0  4.2  0.0  0.0  4.2  4.2 12.5 12.5  8.3  4.2  4.2  8.3  0.0  0.0
    -22.77     -2.88     -1.16     -5.26      0.95  0.0  0.0  0.0  0.0  0.0
                                      t000299_s7_p2_qjpp.txt 26.5  4.9  177
  0.0  0.0  0.0 73.4  0.0  0.0  0.0  0.0 16.9 11.3  0.0  0.0  0.0  0.0  0.0
  0.0  0.0  0.0  0.0  0.0  0.0276.8158.2 62.1 22.6  0.0 16.9 11.3  0.0  0.0
  0.0  5.6  0.0  0.0  5.6 16.9 11.3  0.0  5.6  0.0  5.6  0.0 11.3 16.9  5.6
 16.9  0.0  5.6  5.6  0.0  5.6  5.6 39.5  0.0  0.0 84.7 16.9  0.0124.3 16.9
  0.0  0.0  0.0  0.0  0.0  0.0  0.0  0.0  0.0  0.0  0.0  0.0  0.0  0.0  0.0
  0.0  0.0  0.0  0.0  0.0  5.6 11.3  0.0  0.0  0.0  0.0  0.0  0.0  0.0  0.0
  5.6 11.3  0.0  0.0  0.0  0.0  0.0  0.0  0.0  0.0  0.0  0.0  0.0  0.0  0.0
 16.9  0.0  0.0 16.9 16.9  0.0 16.9  0.0  0.0  0.0  0.0  0.0  0.0  0.0  0.0
  0.0  0.0  0.0  0.0  0.0  0.0  0.0 16.9  5.6  5.6 11.3  5.6  5.6  5.6 16.9
  0.0  0.0  0.0  0.0  0.0  0.0  0.0 11.3 16.9 11.3  0.0  0.0  5.6  0.0  0.0
    -23.89      0.37      0.44     -2.09     15.82  0.0  0.0  0.0  0.0  0.0
