                                     t000000_s1_p1_el2ap.txt 26.3  5.8  162
  0.0  0.0  0.0 30.9  0.0  0.0  0.0  0.0 30.9  0.0  0.0  0.0  0.0  0.0  0.0
  6.2  0.0  0.0 24.7  0.0  0.0518.5 92.6 37.0 12.3  0.0  6.2  0.0  0.0  0.0
  0.0  0.0 74.1  0.0  6.2  6.2  0.0  0.0  0.0  0.0  0.0  0.0  0.0  0.0  0.0
  0.0  0.0  0.0  6.2 12.3  0.0 24.7  0.0  0.0  0.0 55.6 30.9  0.0 55.6  0.0
  0.0  0.0  0.0  0.0  0.0  0.0  0.0  0.0  0.0  0.0  0.0  0.0  0.0  0.0  0.0
  0.0  0.0  0.0  0.0  0.0  0.0  0.0  0.0  0.0  0.0  0.0  0.0  0.0  0.0  0.0
  0.0  0.0  0.0  0.0  0.0  0.0  0.0  0.0  0.0  0.0  0.0  0.0  0.0  0.0  0.0
  0.0  0.0  0.0  0.0  0.0  0.0  0.0  0.0  0.0  0.0  0.0  0.0  0.0  0.0  0.0
  0.0  0.0  0.0  0.0  0.0  0.0  0.0  0.0  6.2  0.0  0.0  0.0  0.0  6.2 18.5
  0.0  0.0  0.0  0.0  0.0  0.0  0.0  0.0  0.0  6.2  0.0  6.2  0.0  0.0  0.0
    -23.71     -4.13      3.95     -6.61     -3.63  0.0  0.0  0.0  0.0  0.0
                                    t000000_s14_p1_el2ap.txt 10.3  4.7   45
  0.0  0.0  0.0 22.2  0.0  0.0  0.0  0.0  0.0  0.0  0.0  0.0  0.0  0.0  0.0
  0.0  0.0  0.0 22.2  0.0  0.0444.4 66.7 88.9  0.0  0.0  0.0  0.0  0.0  0.0
  0.0  0.0 22.2  0.0  0.0  0.0  0.0  0.0  0.0  0.0  0.0  0.0  0.0 22.2  0.0
  0.0  0.0  0.0  0.0  0.0  0.0 22.2 22.2  0.0  0.0111.1  0.0  0.0 22.2  0.0
  0.0  0.0  0.0  0.0  0.0  0.0  0.0  0.0  0.0  0.0  0.0  0.0  0.0  0.0  0.0
  0.0  0.0  0.0  0.0  0.0  0.0  0.0  0.0  0.0  0.0  0.0  0.0  0.0  0.0  0.0
  0.0  0.0  0.0  0.0  0.0  0.0  0.0  0.0  0.0  0.0  0.0  0.0  0.0  0.0  0.0
  0.0  0.0  0.0  0.0  0.0  0.0  0.0  0.0  0.0  0.0  0.0  0.0  0.0  0.0  0.0
  0.0  0.0  0.0  0.0  0.0  0.0  0.0  0.0  0.0  0.0  0.0  0.0  0.0  0.0 44.4
  0.0  0.0  0.0  0.0  0.0  0.0 22.2  0.0  0.0  0.0  0.0  0.0  0.0  0.0  0.0
    -25.00     -5.73      2.52     -6.61     -0.26  0.0  0.0  0.0  0.0  0.0
                                    t000000_s14_p2_el2ap.txt 21.5  5.0  108
  0.0  0.0  0.0 27.8  0.0  0.0  0.0  0.0 37.0  0.0  0.0  0.0  0.0  0.0  0.0
  9.3  0.0  0.0  9.3  0.0  0.0342.6138.9 37.0 46.3  0.0  9.3  0.0  0.0  0.0
  0.0  9.3 83.3  9.3  9.3 18.5  9.3  0.0  0.0  0.0  0.0  0.0  0.0 37.0  0.0
  0.0  0.0  0.0  0.0  0.0  0.0 18.5 37.0  0.0  0.0 46.3 37.0  0.0101.9  0.0
  0.0  0.0  0.0  0.0  0.0  0.0  0.0  0.0  0.0  0.0  0.0  0.0  0.0  0.0  0.0
  0.0  0.0  0.0  0.0  0.0  0.0  0.0  0.0  0.0  0.0  0.0  0.0  0.0  0.0  0.0
  0.0  0.0  0.0  0.0  0.0  0.0  0.0  0.0  0.0  0.0 18.5  0.0  0.0  0.0  0.0
  0.0  0.0  0.0  0.0  0.0  0.0  0.0 18.5  0.0  0.0  0.0  0.0  0.0  0.0  0.0
  0.0  0.0  0.0  0.0  0.0  0.0  0.0  0.0  0.0  0.0 18.5  0.0  0.0  0.0  9.3
  0.0  0.0  0.0  0.0  0.0  0.0  0.0 18.5  0.0  0.0  0.0  0.0  0.0  0.0  0.0
    -20.61     -2.42      3.77     -6.61      1.99  0.0  0.0  0.0  0.0  0.0
                                     t000000_s2_p1_el2ap.txt 13.5  4.4   71
  0.0  0.0  0.0 28.2  0.0 14.1  0.0  0.0  0.0  0.0  0.0  0.0  0.0  0.0  0.0
  0.0  0.0  0.0 14.1  0.0  0.0493.0 98.6 14.1  0.0  0.0  0.0  0.0  0.0  0.0
  0.0  0.0 42.3  0.0  0.0  0.0  0.0  0.0  0.0  0.0  0.0  0.0  0.0  0.0  0.0
  0.0  0.0  0.0  0.0  0.0  0.0 14.1  0.0  0.0  0.0 42.3  0.0  0.0 28.2  0.0
  0.0  0.0  0.0  0.0  0.0  0.0  0.0  0.0  0.0  0.0  0.0  0.0  0.0  0.0  0.0
  0.0  0.0  0.0  0.0  0.0  0.0  0.0  0.0  0.0  0.0  0.0  0.0  0.0  0.0  0.0
  0.0  0.0  0.0  0.0  0.0  0.0  0.0  0.0  0.0  0.0  0.0  0.0  0.0  0.0  0.0
  0.0  0.0  0.0  0.0  0.0  0.0  0.0  0.0  0.0  0.0  0.0  0.0  0.0  0.0  0.0
  0.0  0.0  0.0  0.0  0.0  0.0  0.0  0.0  0.0  0.0  0.0  0.0  0.0  0.0  0.0
  0.0  0.0  0.0  0.0  0.0  0.0  0.0  0.0 14.1  0.0  0.0  0.0  0.0  0.0  0.0
    -20.33     -5.73      3.91     -6.61     -3.63  0.0  0.0  0.0  0.0  0.0
                                    t000000_s21_p1_el2ap.txt 28.3  5.7  169
  0.0  0.0  0.0 41.4  0.0  0.0  0.0  0.0 11.8  0.0  0.0  0.0  0.0  0.0  0.0
  0.0  0.0  0.0 29.6  0.0  0.0443.8 65.1 23.7 35.5 11.8  0.0  0.0  0.0 11.8
  0.0  0.0 29.6  5.9 11.8 23.7  0.0  0.0  0.0  0.0  0.0  0.0  5.9 11.8  0.0
  0.0  0.0  0.0  5.9 11.8  0.0 29.6 11.8  0.0 11.8 47.3 23.7  5.9 71.0  0.0
  0.0  0.0  0.0  0.0  0.0  0.0  0.0  0.0  0.0  0.0  0.0  0.0  0.0  0.0  0.0
  0.0  0.0  0.0  0.0  0.0  0.0  0.0  0.0  0.0  0.0  0.0  0.0  0.0  0.0  0.0
  0.0  0.0  0.0  0.0  5.9  0.0  0.0  0.0  0.0  0.0  0.0  0.0  5.9  0.0  0.0
  0.0  0.0  0.0  0.0  0.0  5.9  5.9  5.9  0.0  0.0  0.0  0.0  0.0  0.0  0.0
  0.0  0.0  0.0  0.0  0.0  0.0  0.0 11.8  0.0  0.0  0.0  5.9  0.0  5.9  5.9
  0.0  0.0  0.0  0.0  0.0  5.9  0.0  5.9  0.0  0.0  0.0  5.9  5.9  0.0  0.0
    -21.33     -4.03      2.43     -6.61      1.86  0.0  0.0  0.0  0.0  0.0
                                   t000000_s21_p10_el2ap.txt 20.5  5.9  125
  0.0  0.0  0.0  8.0  0.0  0.0  0.0  0.0  0.0  0.0  0.0  0.0  0.0  0.0  0.0
  0.0  0.0  0.0  0.0  0.0  0.0336.0 72.0 80.0  0.0  0.0  0.0  0.0  0.0  0.0
  0.0  8.0 72.0  0.0  0.0128.0  0.0  0.0  0.0  0.0  0.0  0.0 16.0  0.0  0.0
  0.0  0.0  0.0  0.0  0.0  0.0  8.0  0.0  0.0  0.0280.0  0.0  0.0 24.0 16.0
  0.0  0.0  0.0  0.0  0.0  0.0  0.0  0.0  0.0  0.0  0.0  0.0  0.0  0.0  0.0
  0.0  0.0  0.0  0.0  0.0  0.0  0.0  0.0  0.0  0.0  0.0  0.0  0.0  0.0  0.0
  0.0  0.0  0.0  0.0  0.0  0.0  0.0  0.0  0.0  0.0  0.0  0.0  0.0  0.0  0.0
  0.0  0.0  0.0  0.0  0.0  0.0  0.0  0.0  0.0  0.0  0.0  0.0  0.0  0.0  0.0
  0.0  0.0  0.0  0.0  0.0  0.0  0.0  0.0  0.0  0.0  0.0 24.0  8.0  0.0  0.0
  0.0  0.0  0.0  0.0  8.0  0.0  0.0  8.0  0.0  0.0  0.0  0.0  0.0  0.0  0.0
    -29.88     -5.73      1.66     -6.61      6.37  0.0  0.0  0.0  0.0  0.0
                                   t000000_s21_p11_el2ap.txt  8.0  5.6   39
  0.0  0.0  0.0 51.3  0.0  0.0  0.0  0.0  0.0  0.0  0.0  0.0  0.0  0.0  0.0
  0.0  0.0  0.0 25.6  0.0  0.0384.6153.8102.6  0.0  0.0  0.0  0.0  0.0  0.0
  0.0  0.0 25.6  0.0  0.0102.6  0.0  0.0  0.0  0.0  0.0  0.0  0.0  0.0 25.6
  0.0  0.0  0.0  0.0 25.6  0.0 25.6 25.6  0.0  0.0128.2  0.0  0.0 51.3  0.0
  0.0  0.0  0.0  0.0  0.0  0.0  0.0  0.0  0.0  0.0  0.0  0.0  0.0  0.0  0.0
  0.0  0.0  0.0  0.0  0.0  0.0  0.0  0.0  0.0  0.0  0.0  0.0  0.0  0.0  0.0
  0.0  0.0  0.0  0.0  0.0  0.0  0.0  0.0  0.0  0.0  0.0  0.0 25.6  0.0  0.0
  0.0  0.0  0.0  0.0  0.0  0.0  0.0 25.6  0.0  0.0  0.0  0.0  0.0  0.0  0.0
  0.0  0.0  0.0  0.0  0.0  0.0  0.0  0.0  0.0  0.0  0.0 25.6  0.0  0.0  0.0
  0.0  0.0  0.0  0.0  0.0  0.0  0.0  0.0  0.0 25.6  0.0  0.0  0.0  0.0  0.0
    -28.30     -5.73     -3.07     -6.61     16.10  0.0  0.0  0.0  0.0  0.0
                                   t000000_s21_p12_el2ap.txt 15.8  6.0   78
  0.0  0.0  0.0  0.0  0.0  0.0  0.0  0.0  0.0  0.0  0.0  0.0  0.0  0.0  0.0
  0.0  0.0  0.0 25.6  0.0  0.0269.2 76.9 25.6 38.5  0.0  0.0  0.0  0.0  0.0
  0.0 12.8 76.9 12.8  0.0 76.9  0.0  0.0  0.0  0.0  0.0  0.0  0.0  0.0  0.0
 12.8  0.0  0.0 25.6  0.0  0.0 38.5 12.8  0.0  0.0243.6  0.0  0.0 76.9 25.6
  0.0  0.0  0.0  0.0  0.0  0.0  0.0  0.0  0.0  0.0  0.0  0.0  0.0  0.0  0.0
  0.0  0.0  0.0  0.0  0.0  0.0  0.0  0.0  0.0  0.0  0.0  0.0  0.0  0.0  0.0
  0.0  0.0  0.0  0.0  0.0  0.0  0.0  0.0  0.0  0.0 12.8  0.0  0.0  0.0  0.0
  0.0  0.0  0.0  0.0  0.0  0.0  0.0 12.8  0.0  0.0  0.0  0.0  0.0  0.0  0.0
  0.0  0.0  0.0  0.0  0.0  0.0  0.0  0.0  0.0  0.0  0.0  0.0  0.0  0.0  0.0
  0.0  0.0  0.0  0.0  0.0  0.0  0.0  0.0  0.0 12.8  0.0  0.0 12.8  0.0  0.0
    -20.30     -4.46      3.03     -6.61      0.51  0.0  0.0  0.0  0.0  0.0
                                   t000000_s21_p13_el2ap.txt 12.0  5.0   55
  0.0  0.0  0.0 18.2  0.0  0.0  0.0  0.0  0.0  0.0  0.0  0.0  0.0  0.0  0.0
  0.0  0.0  0.0  0.0  0.0  0.0327.3 72.7 72.7 18.2  0.0  0.0  0.0  0.0  0.0
  0.0 18.2 90.9  0.0  0.0 18.2  0.0  0.0  0.0  0.0  0.0  0.0  0.0 18.2  0.0
  0.0  0.0  0.0 18.2  0.0  0.0 18.2 18.2  0.0  0.0236.4  0.0  0.0 72.7 18.2
  0.0  0.0  0.0  0.0  0.0  0.0  0.0  0.0  0.0  0.0  0.0  0.0  0.0  0.0  0.0
  0.0  0.0  0.0  0.0  0.0  0.0  0.0  0.0  0.0  0.0  0.0  0.0  0.0  0.0  0.0
  0.0  0.0  0.0  0.0  0.0  0.0  0.0  0.0  0.0  0.0 18.2  0.0  0.0  0.0  0.0
  0.0  0.0  0.0  0.0  0.0  0.0  0.0 18.2  0.0  0.0  0.0  0.0  0.0  0.0  0.0
  0.0  0.0  0.0  0.0  0.0  0.0  0.0  0.0  0.0  0.0  0.0  0.0  0.0  0.0  0.0
  0.0  0.0  0.0  0.0  0.0  0.0  0.0  0.0  0.0  0.0  0.0  0.0  0.0  0.0  0.0
    -26.57     -5.13     12.99     -6.61     -0.87  0.0  0.0  0.0  0.0  0.0
                                   t000000_s21_p14_el2ap.txt  5.0  3.3   21
  0.0  0.0  0.0  0.0  0.0  0.0  0.0  0.0 47.6  0.0  0.0  0.0  0.0  0.0  0.0
  0.0  0.0  0.0  0.0  0.0  0.0238.1 95.2  0.0  0.0  0.0  0.0  0.0  0.0  0.0
  0.0  0.0  0.0  0.0  0.0  0.0  0.0  0.0  0.0  0.0  0.0  0.0  0.0  0.0  0.0
  0.0  0.0  0.0  0.0  0.0  0.0  0.0  0.0  0.0  0.0 47.6 47.6  0.0 47.6 47.6
  0.0  0.0  0.0  0.0  0.0  0.0  0.0  0.0  0.0  0.0  0.0  0.0  0.0  0.0  0.0
  0.0  0.0  0.0  0.0  0.0  0.0  0.0  0.0  0.0  0.0  0.0  0.0  0.0  0.0  0.0
  0.0  0.0  0.0  0.0  0.0  0.0  0.0  0.0  0.0  0.0  0.0  0.0  0.0  0.0  0.0
  0.0  0.0  0.0  0.0  0.0  0.0  0.0  0.0  0.0  0.0  0.0  0.0  0.0  0.0  0.0
  0.0  0.0  0.0  0.0  0.0  0.0  0.0 47.6  0.0  0.0  0.0  0.0  0.0  0.0  0.0
  0.0  0.0  0.0  0.0  0.0  0.0  0.0  0.0  0.0  0.0  0.0 47.6  0.0  0.0  0.0
    -15.67     -5.73      0.97     -6.61     -3.63  0.0  0.0  0.0  0.0  0.0
                                   t000000_s21_p15_el2ap.txt 17.5  5.7  112
  0.0  0.0  0.0  8.9  0.0  0.0  0.0  0.0  0.0  0.0  0.0  0.0  0.0  0.0  0.0
  0.0  0.0  0.0  0.0  0.0  0.0339.3 62.5 53.6  0.0  0.0  0.0  0.0  0.0  0.0
  0.0 26.8 53.6  0.0  0.0 80.4  0.0  0.0  0.0  0.0  0.0  0.0  8.9  0.0  0.0
  0.0  0.0  0.0  0.0  0.0  0.0 26.8  0.0  0.0  0.0276.8  0.0  0.0 17.9  8.9
  0.0  0.0  0.0  0.0  0.0  0.0  0.0  0.0  0.0  0.0  0.0  0.0  0.0  0.0  0.0
  0.0  0.0  0.0  0.0  0.0  0.0  0.0  0.0  0.0  0.0  0.0  0.0  0.0  0.0  0.0
  0.0  0.0  0.0  0.0  0.0  0.0  0.0  0.0  0.0  0.0  0.0  0.0  0.0  0.0  0.0
  0.0  0.0  0.0  0.0  0.0  0.0  0.0  0.0  0.0  0.0  0.0  0.0  0.0  0.0  0.0
  0.0  0.0  0.0  0.0  0.0  0.0  0.0  0.0  0.0  0.0  0.0 17.9  0.0  0.0  0.0
  0.0  0.0  0.0  0.0  0.0  0.0  0.0  0.0  0.0  0.0  0.0  0.0  0.0  0.0  0.0
    -27.48     -5.73     10.05     -6.61      1.95  0.0  0.0  0.0  0.0  0.0
                                   t000000_s21_p16_el2ap.txt 12.5  4.9   95
  0.0  0.0  0.0 42.1  0.0  0.0  0.0  0.0  0.0  0.0  0.0  0.0  0.0  0.0  0.0
  0.0  0.0  0.0 21.1  0.0  0.0421.1136.8 10.5  0.0  0.0  0.0  0.0  0.0  0.0
  0.0  0.0 63.2  0.0  0.0 10.5  0.0  0.0  0.0  0.0  0.0  0.0  0.0  0.0  0.0
  0.0  0.0  0.0  0.0 21.1  0.0 21.1  0.0  0.0  0.0 63.2  0.0  0.0 42.1  0.0
 10.5  0.0  0.0  0.0  0.0  0.0  0.0  0.0  0.0  0.0  0.0  0.0  0.0  0.0  0.0
  0.0  0.0  0.0  0.0  0.0  0.0  0.0  0.0  0.0  0.0  0.0  0.0  0.0  0.0  0.0
  0.0  0.0  0.0  0.0  0.0  0.0  0.0  0.0  0.0  0.0  0.0  0.0  0.0  0.0  0.0
  0.0  0.0  0.0  0.0  0.0  0.0  0.0  0.0  0.0  0.0  0.0  0.0  0.0  0.0  0.0
  0.0  0.0  0.0  0.0  0.0  0.0  0.0  0.0 10.5  0.0  0.0  0.0  0.0  0.0  0.0
  0.0  0.0  0.0  0.0  0.0  0.0  0.0  0.0  0.0  0.0  0.0  0.0  0.0  0.0  0.0
    -23.04     -5.73      4.76     -6.61     -3.63  0.0  0.0  0.0  0.0  0.0
                                   t000000_s21_p17_el2ap.txt 15.5  5.4  111
  0.0  0.0  0.0  9.0  0.0  0.0  0.0  0.0  0.0  0.0  0.0  0.0  0.0  0.0  0.0
  9.0  0.0  0.0  0.0  0.0  0.0369.4 63.1 54.1  0.0  0.0  0.0  0.0  0.0  0.0
  0.0 18.0 54.1  0.0  0.0 72.1  0.0  0.0  0.0  0.0  0.0  0.0  0.0  0.0  0.0
  0.0  0.0  0.0  0.0  0.0  0.0 18.0  0.0  0.0  0.0252.3  0.0  0.0 18.0  9.0
  0.0  0.0  0.0  0.0  0.0  0.0  0.0  0.0  0.0  0.0  0.0  0.0  0.0  0.0  0.0
  0.0  0.0  0.0  0.0  0.0  0.0  0.0  0.0  0.0  0.0  0.0  0.0  0.0  0.0  0.0
  0.0  0.0  0.0  0.0  0.0  0.0  0.0  0.0  0.0  0.0  0.0  0.0  0.0  0.0  0.0
  0.0  0.0  0.0  0.0  0.0  0.0  0.0  0.0  0.0  0.0  0.0  0.0  0.0  0.0  0.0
  0.0  0.0  0.0  0.0  0.0  0.0  0.0  0.0  0.0  0.0  0.0 18.0  9.0  0.0  0.0
  0.0  0.0  0.0  0.0  0.0  0.0  0.0  0.0  0.0  0.0  0.0  0.0  0.0  0.0  0.0
    -24.33     -5.73      7.31     -6.61     -3.63  0.0  0.0  0.0  0.0  0.0
                                   t000000_s21_p18_el2ap.txt 18.0  5.4  131
  0.0  0.0  0.0  7.6  0.0  0.0  0.0  0.0  0.0  0.0  0.0  0.0  0.0  0.0  0.0
  0.0  0.0  0.0  0.0  0.0  0.0320.6 61.1 53.4  7.6  0.0  0.0  0.0  0.0  0.0
  0.0 22.9 61.1  0.0  0.0 91.6  0.0  0.0  0.0  0.0  0.0  0.0  7.6  0.0  0.0
  0.0  0.0  0.0  0.0  0.0  0.0 22.9  0.0  0.0  0.0251.9  0.0  0.0 22.9  7.6
  0.0  0.0  0.0  0.0  0.0  0.0  0.0  0.0  0.0  0.0  0.0  0.0  0.0  0.0  0.0
  0.0  0.0  0.0  0.0  0.0  0.0  0.0  0.0  0.0  0.0  0.0  0.0  0.0  0.0  0.0
  0.0  0.0  0.0  0.0  0.0  0.0  0.0  0.0  0.0  0.0  0.0  0.0  0.0  0.0  0.0
  0.0  0.0  0.0  0.0  0.0  0.0  0.0  0.0  0.0  0.0  0.0  0.0  0.0  0.0  0.0
  0.0  0.0  0.0  0.0  0.0  0.0  0.0  0.0  0.0  0.0  0.0 15.3  0.0  0.0  0.0
  0.0  0.0  0.0  0.0  0.0  0.0  0.0  0.0  0.0  0.0  0.0  0.0  0.0  0.0  0.0
    -26.26     -5.48      8.49     -6.61      1.14  0.0  0.0  0.0  0.0  0.0
                                   t000000_s21_p19_el2ap.txt 13.8  5.8   63
  0.0  0.0  0.0  0.0  0.0  0.0  0.0  0.0  0.0  0.0  0.0  0.0  0.0  0.0  0.0
  0.0  0.0  0.0  0.0  0.0  0.0381.0 63.5 47.6 31.7  0.0  0.0  0.0  0.0  0.0
  0.0  0.0 79.4  0.0  0.0 47.6  0.0  0.0  0.0  0.0  0.0  0.0  0.0  0.0  0.0
 15.9  0.0  0.0  0.0  0.0  0.0  0.0 15.9  0.0  0.0206.3  0.0  0.0 79.4 31.7
  0.0  0.0  0.0  0.0  0.0  0.0  0.0  0.0  0.0  0.0  0.0  0.0  0.0  0.0  0.0
  0.0  0.0  0.0  0.0  0.0  0.0  0.0  0.0  0.0  0.0  0.0  0.0  0.0  0.0  0.0
  0.0  0.0  0.0  0.0  0.0  0.0  0.0  0.0  0.0  0.0  0.0  0.0  0.0  0.0  0.0
  0.0  0.0  0.0  0.0  0.0  0.0  0.0  0.0  0.0  0.0  0.0  0.0  0.0  0.0  0.0
  0.0  0.0  0.0  0.0  0.0  0.0  0.0  0.0  0.0  0.0  0.0  0.0  0.0  0.0  0.0
  0.0 15.9  0.0  0.0  0.0  0.0  0.0 15.9  0.0 15.9  0.0  0.0  0.0  0.0  0.0
    -28.90     -4.68      3.78     -6.61      1.49  0.0  0.0  0.0  0.0  0.0
                                    t000000_s21_p2_el2ap.txt 16.3  5.6   88
  0.0  0.0  0.0  0.0  0.0  0.0  0.0  0.0  0.0  0.0  0.0  0.0  0.0  0.0  0.0
  0.0  0.0  0.0 22.7  0.0  0.0318.2 68.2 45.5 22.7  0.0  0.0  0.0  0.0  0.0
  0.0 22.7 45.5 11.4  0.0 79.5  0.0  0.0  0.0  0.0  0.0  0.0  0.0  0.0  0.0
 11.4  0.0  0.0 11.4  0.0  0.0 45.5 11.4  0.0  0.0193.2  0.0  0.0 56.8 22.7
  0.0  0.0  0.0  0.0  0.0  0.0  0.0  0.0  0.0  0.0  0.0  0.0  0.0  0.0  0.0
  0.0  0.0  0.0  0.0  0.0  0.0  0.0  0.0  0.0  0.0  0.0  0.0  0.0  0.0  0.0
  0.0  0.0  0.0  0.0  0.0  0.0  0.0  0.0  0.0  0.0  0.0  0.0  0.0  0.0  0.0
  0.0  0.0  0.0  0.0  0.0  0.0  0.0  0.0  0.0  0.0  0.0  0.0  0.0  0.0  0.0
  0.0  0.0  0.0  0.0  0.0  0.0  0.0  0.0  0.0  0.0  0.0  0.0  0.0  0.0  0.0
  0.0  0.0  0.0  0.0  0.0  0.0  0.0 11.4  0.0 11.4  0.0  0.0 11.4  0.0  0.0
    -22.15     -4.98      4.78     -6.61      0.04  0.0  0.0  0.0  0.0  0.0
                                   t000000_s21_p20_el2ap.txt 11.3  6.4   53
  0.0  0.0  0.0 75.5  0.0  0.0  0.0  0.0  0.0  0.0  0.0  0.0  0.0  0.0  0.0
  0.0  0.0  0.0 18.9  0.0  0.0358.5132.1 37.7  0.0  0.0  0.0  0.0  0.0  0.0
  0.0  0.0 18.9  0.0  0.0 75.5  0.0  0.0  0.0  0.0  0.0 37.7 18.9 37.7  0.0
  0.0  0.0  0.0 18.9 18.9  0.0 18.9 37.7  0.0  0.0 56.6  0.0  0.0 75.5  0.0
  0.0  0.0  0.0  0.0  0.0  0.0  0.0  0.0  0.0  0.0  0.0  0.0  0.0  0.0  0.0
  0.0  0.0  0.0  0.0  0.0  0.0  0.0  0.0  0.0  0.0  0.0  0.0  0.0  0.0  0.0
  0.0  0.0  0.0  0.0  0.0  0.0  0.0  0.0  0.0  0.0  0.0  0.0  0.0  0.0  0.0
  0.0  0.0  0.0  0.0  0.0  0.0  0.0  0.0  0.0  0.0  0.0  0.0  0.0  0.0  0.0
  0.0  0.0  0.0  0.0  0.0  0.0  0.0 56.6  0.0  0.0 18.9  0.0  0.0  0.0  0.0
  0.0  0.0  0.0  0.0  0.0  0.0  0.0  0.0  0.0 37.7  0.0  0.0 18.9  0.0  0.0
    -25.86     -5.73     -2.00      8.49     13.88  0.0  0.0  0.0  0.0  0.0
                                   t000000_s21_p21_el2ap.txt 20.5  5.5  109
  0.0  0.0  0.0 18.3  0.0  0.0  0.0  0.0  0.0  0.0  0.0  0.0  0.0  0.0  0.0
  0.0  0.0  0.0  0.0  0.0  9.2302.8 82.6 64.2  0.0  0.0  0.0  0.0  0.0  0.0
  0.0 18.3 55.0  0.0  0.0119.3  0.0  0.0  0.0  0.0  0.0  0.0  0.0  0.0  0.0
  9.2  0.0  0.0  0.0  0.0  0.0 18.3  9.2  0.0  0.0247.7  0.0  0.0 27.5  0.0
  0.0  0.0  0.0  0.0  0.0  0.0  0.0  0.0  0.0  0.0  0.0  0.0  0.0  0.0  0.0
  0.0  0.0  0.0  0.0  0.0  0.0  0.0  0.0  0.0  0.0  0.0  0.0  0.0  0.0  0.0
  0.0  0.0  0.0  0.0  0.0  0.0  0.0  0.0  0.0  0.0  0.0  0.0  0.0  0.0  0.0
  0.0  0.0  0.0  0.0  0.0  0.0  0.0  0.0  0.0  0.0  0.0  0.0  0.0  0.0  0.0
  0.0  0.0  0.0  0.0  0.0  0.0  0.0  0.0  0.0  0.0 27.5  9.2  0.0  0.0  0.0
  0.0  0.0  0.0  0.0  0.0  0.0  0.0  0.0  9.2  0.0  0.0  0.0  0.0  0.0  0.0
    -23.67     -5.73      4.82     -6.61     -0.67  0.0  0.0  0.0  0.0  0.0
                                    t000000_s21_p3_el2ap.txt  9.0  5.7   42
  0.0  0.0  0.0 47.6  0.0  0.0  0.0  0.0 23.8  0.0  0.0  0.0  0.0  0.0  0.0
  0.0  0.0  0.0 23.8  0.0  0.0381.0 23.8  0.0  0.0  0.0  0.0  0.0  0.0  0.0
  0.0  0.0 23.8  0.0  0.0 23.8  0.0  0.0  0.0  0.0  0.0  0.0  0.0  0.0  0.0
  0.0  0.0  0.0  0.0 23.8  0.0 23.8  0.0  0.0  0.0 47.6 23.8  0.0 71.4  0.0
  0.0  0.0  0.0  0.0  0.0  0.0  0.0  0.0  0.0  0.0  0.0  0.0  0.0  0.0  0.0
  0.0  0.0  0.0  0.0  0.0  0.0  0.0  0.0  0.0  0.0  0.0  0.0  0.0  0.0  0.0
  0.0  0.0  0.0  0.0  0.0  0.0  0.0  0.0  0.0  0.0  0.0  0.0  0.0  0.0  0.0
  0.0  0.0  0.0  0.0  0.0  0.0  0.0  0.0  0.0  0.0  0.0  0.0  0.0  0.0  0.0
  0.0  0.0  0.0  0.0  0.0  0.0  0.0 47.6  0.0  0.0  0.0  0.0  0.0  0.0  0.0
  0.0  0.0  0.0  0.0  0.0  0.0  0.0  0.0  0.0 23.8  0.0  0.0 23.8  0.0  0.0
    -17.38     -5.73      1.27     -6.61     -3.63  0.0  0.0  0.0  0.0  0.0
                                    t000000_s21_p4_el2ap.txt 11.5  4.6   56
  0.0  0.0  0.0  0.0  0.0  0.0  0.0  0.0  0.0  0.0  0.0  0.0  0.0  0.0  0.0
  0.0  0.0  0.0 17.9  0.0  0.0375.0 89.3 53.6  0.0  0.0  0.0  0.0  0.0  0.0
  0.0 17.9 71.4  0.0  0.0 35.7  0.0  0.0  0.0  0.0  0.0  0.0  0.0  0.0  0.0
 17.9  0.0  0.0  0.0  0.0  0.0 35.7 17.9  0.0  0.0232.1  0.0  0.0 35.7 17.9
  0.0  0.0  0.0  0.0  0.0  0.0  0.0  0.0  0.0  0.0  0.0  0.0  0.0  0.0  0.0
  0.0  0.0  0.0  0.0  0.0  0.0  0.0  0.0  0.0  0.0  0.0  0.0  0.0  0.0  0.0
  0.0  0.0  0.0  0.0  0.0  0.0  0.0  0.0  0.0  0.0  0.0  0.0  0.0  0.0  0.0
  0.0  0.0  0.0  0.0  0.0  0.0  0.0  0.0  0.0  0.0  0.0  0.0  0.0  0.0  0.0
  0.0  0.0  0.0  0.0  0.0  0.0  0.0  0.0  0.0  0.0  0.0 17.9  0.0  0.0  0.0
  0.0  0.0  0.0  0.0  0.0  0.0  0.0 17.9  0.0  0.0  0.0  0.0  0.0  0.0  0.0
    -23.46     -5.73     10.52     -6.61      2.13  0.0  0.0  0.0  0.0  0.0
                                    t000000_s21_p5_el2ap.txt  7.0  5.1   33
  0.0  0.0  0.0 90.9  0.0  0.0  0.0  0.0  0.0  0.0  0.0  0.0  0.0  0.0  0.0
  0.0  0.0  0.0 30.3  0.0  0.0303.0151.5 30.3  0.0  0.0  0.0  0.0  0.0  0.0
  0.0  0.0 30.3  0.0  0.0 30.3  0.0  0.0  0.0  0.0  0.0  0.0  0.0  0.0  0.0
  0.0  0.0  0.0  0.0 30.3  0.0 30.3  0.0  0.0  0.0 60.6  0.0  0.0 90.9  0.0
  0.0  0.0  0.0  0.0  0.0  0.0  0.0  0.0  0.0  0.0  0.0  0.0  0.0  0.0  0.0
  0.0  0.0  0.0  0.0  0.0  0.0  0.0  0.0  0.0  0.0  0.0  0.0  0.0  0.0  0.0
  0.0  0.0  0.0  0.0  0.0  0.0  0.0  0.0  0.0  0.0  0.0  0.0  0.0 30.3  0.0
  0.0  0.0  0.0  0.0  0.0  0.0  0.0 30.3  0.0  0.0  0.0  0.0  0.0  0.0  0.0
  0.0  0.0  0.0  0.0  0.0  0.0  0.0 90.9  0.0  0.0  0.0  0.0  0.0  0.0  0.0
  0.0  0.0  0.0  0.0  0.0  0.0  0.0  0.0  0.0  0.0  0.0 30.3  0.0  0.0  0.0
    -18.65     -5.73      1.36     -6.61     -3.63  0.0  0.0  0.0  0.0  0.0
                                    t000000_s21_p6_el2ap.txt 19.3  5.4  142
  0.0  0.0  0.0  7.0  0.0  0.0  0.0  0.0  0.0  0.0  0.0  0.0  0.0  0.0  0.0
  0.0  0.0  0.0  0.0  0.0  0.0359.2119.7 63.4  0.0  0.0  0.0  0.0  0.0  0.0
  0.0 35.2 77.5  0.0  0.0105.6  0.0  0.0  0.0  0.0  0.0  0.0 14.1  0.0  0.0
  0.0  0.0  0.0  0.0  0.0  0.0 35.2  0.0  0.0  0.0225.4  0.0  0.0 14.1  7.0
  0.0  0.0  0.0  0.0  0.0  0.0  0.0  0.0  0.0  0.0  0.0  0.0  0.0  0.0  0.0
  0.0  0.0  0.0  0.0  0.0  0.0  0.0  0.0  0.0  0.0  0.0  0.0  0.0  0.0  0.0
  0.0  0.0  0.0  0.0  0.0  0.0  0.0  0.0  0.0  0.0  0.0  0.0  0.0  0.0  0.0
  0.0  0.0  0.0  0.0  0.0  0.0  0.0  0.0  0.0  0.0  0.0  0.0  0.0  0.0  0.0
  0.0  0.0  0.0  0.0  0.0  0.0  0.0  0.0  0.0  0.0  0.0 14.1  0.0  0.0  0.0
  0.0  0.0  0.0  0.0  0.0  0.0  0.0  0.0  0.0  0.0  0.0  0.0  0.0  0.0  0.0
    -30.28     -5.73     13.39     -6.61      5.18  0.0  0.0  0.0  0.0  0.0
                                    t000000_s21_p7_el2ap.txt  4.5  5.6   25
  0.0  0.0  0.0 40.0  0.0  0.0  0.0  0.0  0.0  0.0  0.0  0.0  0.0  0.0  0.0
  0.0  0.0  0.0  0.0  0.0  0.0480.0160.0 40.0  0.0  0.0  0.0  0.0  0.0  0.0
  0.0  0.0 80.0  0.0  0.0 40.0  0.0  0.0  0.0  0.0  0.0  0.0  0.0  0.0 40.0
  0.0  0.0  0.0  0.0  0.0  0.0  0.0 40.0  0.0  0.0 80.0  0.0  0.0 40.0  0.0
  0.0  0.0  0.0  0.0  0.0  0.0  0.0  0.0  0.0  0.0  0.0  0.0  0.0  0.0  0.0
  0.0  0.0  0.0  0.0  0.0  0.0  0.0  0.0  0.0  0.0  0.0  0.0  0.0  0.0  0.0
  0.0  0.0  0.0  0.0  0.0  0.0  0.0  0.0  0.0  0.0  0.0  0.0  0.0  0.0  0.0
  0.0  0.0  0.0  0.0  0.0  0.0  0.0  0.0  0.0  0.0  0.0  0.0  0.0  0.0  0.0
  0.0  0.0  0.0  0.0  0.0  0.0  0.0  0.0  0.0  0.0  0.0 40.0  0.0  0.0  0.0
  0.0  0.0  0.0  0.0  0.0  0.0  0.0  0.0  0.0 40.0  0.0  0.0  0.0  0.0  0.0
    -33.46     -5.73      4.26     -6.61     27.14  0.0  0.0  0.0  0.0  0.0
                                    t000000_s21_p8_el2ap.txt 11.0  5.3   52
  0.0  0.0  0.0  0.0  0.0  0.0  0.0  0.0  0.0  0.0  0.0  0.0  0.0  0.0  0.0
  0.0  0.0  0.0 19.2  0.0  0.0423.1 76.9 76.9  0.0  0.0  0.0  0.0  0.0  0.0
  0.0  0.0 57.7  0.0  0.0 19.2  0.0  0.0  0.0  0.0  0.0  0.0  0.0  0.0  0.0
 19.2  0.0  0.0  0.0  0.0  0.0 19.2 19.2  0.0  0.0230.8  0.0  0.0 38.5 19.2
  0.0  0.0  0.0  0.0  0.0  0.0  0.0  0.0  0.0  0.0  0.0  0.0  0.0  0.0  0.0
  0.0  0.0  0.0  0.0  0.0  0.0  0.0  0.0  0.0  0.0  0.0  0.0  0.0  0.0  0.0
  0.0  0.0  0.0  0.0  0.0  0.0  0.0  0.0  0.0  0.0  0.0  0.0  0.0  0.0  0.0
  0.0  0.0  0.0  0.0  0.0  0.0  0.0  0.0  0.0  0.0  0.0  0.0  0.0  0.0  0.0
  0.0  0.0  0.0  0.0  0.0  0.0  0.0  0.0  0.0  0.0  0.0  0.0  0.0 19.2  0.0
  0.0  0.0  0.0  0.0  0.0  0.0  0.0 19.2  0.0  0.0  0.0  0.0  0.0  0.0  0.0
    -26.84     -5.73      3.89     -6.61      2.58  0.0  0.0  0.0  0.0  0.0
                                    t000000_s21_p9_el2ap.txt 22.5  5.2  138
  0.0  0.0  0.0 36.2  0.0  0.0  0.0  7.2  0.0  0.0  0.0  0.0  0.0  0.0  0.0
  0.0  0.0  0.0 21.7  0.0  0.0463.8 65.2 29.0  0.0  0.0  0.0  0.0  7.2  0.0
  0.0  0.0 29.0  0.0  0.0 36.2  0.0  0.0  0.0  0.0  0.0 21.7  0.0 21.7  0.0
  0.0  0.0  0.0  0.0  7.2  0.0 21.7 21.7  0.0  7.2 43.5  0.0  0.0 36.2  0.0
  0.0  0.0  0.0  0.0  0.0  0.0  0.0  0.0  0.0  0.0  0.0  0.0  0.0  0.0  0.0
  0.0  0.0  0.0  0.0  0.0  0.0  0.0  0.0  0.0  0.0  0.0  0.0  0.0  0.0  0.0
  0.0  0.0  0.0  0.0  0.0  0.0  0.0  0.0  0.0  0.0  0.0  0.0  0.0  0.0  0.0
  0.0  0.0  0.0  0.0  0.0  0.0  0.0  0.0  0.0  0.0  0.0  0.0  0.0  0.0  0.0
  0.0  0.0  0.0  0.0  0.0  0.0  0.0 14.5  7.2  0.0  7.2  0.0  0.0  0.0  0.0
  0.0  0.0  0.0  0.0  0.0 21.7  7.2  0.0  0.0 21.7  0.0  0.0  0.0  0.0  0.0
    -21.46     -5.73      5.19      2.09     -0.33  0.0  0.0  0.0  0.0  0.0
                                     t000000_s8_p1_el2ap.txt 20.5  5.4  109
  0.0  0.0  0.0 18.3  0.0  0.0  0.0  0.0  9.2  0.0  0.0  0.0  0.0  0.0  0.0
  0.0  0.0  0.0 18.3  0.0  0.0348.6 73.4 55.0 36.7  0.0  0.0  0.0  0.0  0.0
  9.2  0.0 27.5  9.2  0.0 18.3  0.0  0.0  0.0  0.0  0.0  9.2  0.0 36.7  9.2
  0.0  0.0  0.0  0.0  0.0  0.0 18.3 45.9  0.0  9.2 64.2  9.2  0.0 55.0  0.0
  0.0  0.0  0.0  0.0  0.0  0.0  0.0  0.0  0.0  0.0  0.0  0.0  0.0  0.0  0.0
  0.0  0.0  0.0  0.0  0.0  0.0  0.0  0.0  0.0  0.0  0.0  0.0  0.0  0.0  0.0
  0.0  0.0  9.2  0.0  0.0  0.0  0.0  0.0  0.0  0.0  0.0  0.0  0.0  0.0  0.0
  0.0  0.0  0.0  0.0  9.2  0.0  9.2  0.0  0.0  0.0  0.0  0.0  0.0  0.0  0.0
  0.0  0.0  0.0  0.0  0.0  0.0  0.0  9.2  0.0  0.0 18.3  9.2 18.3  0.0  0.0
  0.0 18.3  0.0  0.0  0.0  0.0  0.0  0.0  0.0  9.2  0.0  0.0  9.2  0.0  0.0
    -23.11     -4.52      7.56     -2.94      8.99  0.0  0.0  0.0  0.0  0.0
                                     t000000_s8_p2_el2ap.txt 22.0  5.2  118
  8.5  0.0  0.0 33.9  0.0  0.0  8.5  0.0  8.5  0.0  0.0  0.0  0.0  0.0  0.0
  8.5  0.0  0.0 16.9  0.0  0.0296.6 93.2 59.3  0.0  0.0  0.0  0.0  0.0  0.0
  0.0 16.9 16.9  0.0  0.0 16.9  0.0  0.0  0.0  0.0  0.0  0.0  0.0  0.0  8.5
 16.9  0.0  0.0  0.0 16.9  0.0 33.9 25.4  0.0  0.0118.6  8.5  0.0 59.3  8.5
  8.5  0.0  0.0  0.0  0.0  0.0  0.0  0.0  0.0  0.0  0.0  0.0  0.0  0.0  0.0
  0.0  0.0  0.0  0.0  0.0  0.0  0.0  0.0  0.0  0.0  0.0  0.0  0.0  0.0  0.0
  0.0  0.0  0.0  0.0  0.0  0.0  0.0  0.0  0.0  0.0  0.0  0.0  0.0  0.0  0.0
  0.0  0.0  0.0  0.0  0.0  0.0  0.0  0.0  0.0  0.0  0.0  0.0  0.0  0.0  0.0
  0.0  0.0  0.0  0.0  0.0  0.0  0.0  8.5  0.0  0.0  8.5  8.5  0.0  0.0  0.0
  0.0  0.0  0.0  0.0  0.0  0.0  0.0  8.5  0.0  8.5  0.0  0.0  8.5  0.0  0.0
    -16.08     -5.73      7.47     -6.61      8.36  0.0  0.0  0.0  0.0  0.0
                                     t000000_s8_p3_el2ap.txt 18.3  4.8   97
  0.0  0.0  0.0 61.9  0.0  0.0  0.0 10.3  0.0 72.2 10.3  0.0  0.0  0.0  0.0
  0.0  0.0 10.3 10.3  0.0  0.0268.0 61.9 41.2 10.3  0.0 10.3  0.0  0.0  0.0
  0.0  0.0 41.2  0.0 10.3 51.5 10.3  0.0  0.0 10.3  0.0  0.0  0.0 20.6  0.0
  0.0  0.0  0.0  0.0  0.0 10.3 20.6 20.6  0.0  0.0 61.9  0.0  0.0103.1  0.0
  0.0  0.0  0.0  0.0  0.0  0.0  0.0  0.0  0.0  0.0  0.0  0.0  0.0  0.0  0.0
  0.0  0.0  0.0  0.0  0.0  0.0  0.0  0.0  0.0  0.0  0.0  0.0  0.0  0.0  0.0
  0.0  0.0  0.0  0.0  0.0  0.0  0.0 10.3 10.3  0.0  0.0  0.0  0.0  0.0  0.0
  0.0  0.0  0.0  0.0  0.0 20.6 20.6  0.0  0.0  0.0  0.0  0.0  0.0  0.0  0.0
  0.0  0.0  0.0 10.3  0.0  0.0  0.0  0.0  0.0  0.0  0.0  0.0  0.0  0.0  0.0
  0.0  0.0  0.0  0.0  0.0  0.0 20.6 20.6  0.0  0.0 10.3  0.0  0.0  0.0  0.0
     -2.16     -3.41     -2.12     -1.92     -0.50  0.0  0.0  0.0  0.0  0.0
                                     t000000_s8_p4_el2ap.txt 16.8  5.2   94
  0.0  0.0  0.0 21.3  0.0  0.0  0.0  0.0 10.6  0.0  0.0  0.0  0.0  0.0  0.0
  0.0  0.0  0.0 21.3  0.0  0.0457.4138.3 21.3 10.6  0.0  0.0  0.0  0.0  0.0
  0.0  0.0 31.9  0.0 10.6 10.6  0.0  0.0  0.0  0.0  0.0  0.0  0.0  0.0 10.6
  0.0  0.0  0.0  0.0  0.0  0.0 21.3 10.6  0.0  0.0 21.3 10.6  0.0 31.9  0.0
  0.0  0.0  0.0  0.0  0.0  0.0  0.0  0.0  0.0  0.0  0.0  0.0  0.0  0.0  0.0
  0.0  0.0  0.0  0.0  0.0  0.0  0.0  0.0  0.0  0.0  0.0  0.0  0.0  0.0  0.0
  0.0  0.0  0.0  0.0  0.0  0.0  0.0  0.0  0.0  0.0  0.0  0.0  0.0  0.0  0.0
  0.0  0.0  0.0  0.0  0.0  0.0  0.0  0.0  0.0  0.0  0.0  0.0  0.0  0.0  0.0
  0.0  0.0  0.0  0.0  0.0  0.0  0.0 10.6 10.6  0.0  0.0  0.0  0.0 10.6 21.3
  0.0  0.0  0.0  0.0  0.0  0.0  0.0  0.0  0.0  0.0  0.0  0.0 10.6  0.0  0.0
    -25.59     -5.38     -0.54     -6.61      4.56  0.0  0.0  0.0  0.0  0.0
                                     t000001_s1_p1_el2ap.txt 22.8  5.7  127
 47.2  0.0  0.0126.0  0.0  0.0  7.9  0.0 31.5  0.0  0.0  0.0  0.0  0.0  0.0
  0.0  0.0  7.9  7.9  0.0  0.0299.2 86.6 70.9  7.9  0.0 15.7  0.0  0.0  0.0
  0.0  0.0 86.6  0.0  7.9 23.6  7.9  0.0 15.7  0.0  0.0  0.0  0.0  0.0  0.0
  0.0  7.9  0.0  0.0  7.9  7.9 15.7  0.0  0.0  0.0149.6 31.5  0.0189.0 31.5
  0.0  0.0  0.0  0.0  0.0  0.0  0.0  0.0  0.0  0.0  0.0  0.0  0.0  0.0  0.0
  0.0  0.0  0.0  0.0  0.0  0.0  0.0  0.0  0.0  0.0  0.0  0.0  0.0  0.0  0.0
  0.0  0.0  0.0  0.0  0.0  0.0  0.0  7.9  0.0  0.0  0.0  0.0  0.0  0.0  0.0
  0.0  0.0  0.0  0.0  0.0  7.9  7.9  0.0  0.0  0.0  0.0  0.0  0.0  0.0  0.0
  0.0  0.0  0.0  0.0  0.0  0.0  0.0  0.0  7.9  0.0  7.9  7.9 23.6  0.0  0.0
  0.0  0.0  0.0  0.0  0.0  0.0  0.0 31.5 23.6 55.1  0.0  0.0  7.9  0.0  0.0
    -13.55     -2.44      3.33     -1.53     -3.63  0.0  0.0  7.9  0.0  0.0
                                    t000001_s13_p1_el2ap.txt 32.3  5.4  193
 10.4  0.0  0.0124.4  0.0  0.0  0.0 10.4  0.0  0.0  0.0  0.0  0.0  0.0  0.0
  0.0  0.0 25.9 10.4  0.0  0.0342.0 93.3 88.1  5.2  0.0  0.0  0.0  0.0  0.0
  0.0  5.2 62.2  0.0  0.0 15.5 20.7 10.4  0.0  0.0 20.7  0.0  5.2 20.7  5.2
  0.0  5.2  0.0  0.0 10.4 57.0 20.7 25.9  0.0  0.0119.2  0.0  0.0165.8 10.4
  5.2  0.0  0.0  0.0  0.0  0.0  0.0  0.0  0.0  0.0  0.0  0.0  0.0  0.0  0.0
  0.0  0.0  0.0  0.0  0.0  0.0  0.0  0.0  0.0  0.0  0.0  0.0  0.0  0.0  0.0
  0.0  5.2  0.0  0.0  0.0  0.0  0.0  5.2  0.0  0.0  0.0  0.0  0.0  0.0  0.0
  0.0  0.0  0.0  0.0  5.2  5.2 10.4  0.0  0.0  0.0  0.0  0.0  0.0  0.0  0.0
  0.0  0.0  0.0  0.0  0.0  0.0  0.0  0.0 15.5  0.0 10.4  0.0 25.9 10.4  0.0
  5.2  0.0  0.0  0.0  0.0  0.0  0.0 36.3  5.2 31.1 10.4  0.0 10.4  0.0  0.0
    -13.61     -5.56      6.33      5.73      6.74  0.0  0.0  5.2  0.0  0.0
                                   t000001_s13_p10_el2ap.txt 17.3  5.2   84
 11.9  0.0  0.0142.9  0.0  0.0  0.0 11.9 23.8  0.0  0.0  0.0  0.0  0.0  0.0
  0.0  0.0 11.9  0.0  0.0  0.0226.2 71.4 47.6  0.0 11.9 11.9  0.0 23.8  0.0
  0.0  0.0 59.5  0.0  0.0 47.6 23.8  0.0 11.9  0.0 11.9  0.0 11.9 11.9  0.0
  0.0  0.0  0.0 11.9  0.0 23.8  0.0 11.9  0.0 23.8 83.3 35.7  0.0190.5 11.9
 11.9  0.0  0.0  0.0  0.0  0.0  0.0  0.0  0.0  0.0  0.0  0.0  0.0  0.0  0.0
  0.0  0.0  0.0  0.0  0.0 11.9  0.0  0.0  0.0  0.0  0.0  0.0  0.0  0.0  0.0
 11.9 11.9  0.0  0.0  0.0  0.0  0.0  0.0  0.0  0.0  0.0  0.0  0.0  0.0  0.0
 11.9  0.0  0.0 11.9 23.8  0.0 23.8  0.0  0.0  0.0  0.0  0.0  0.0  0.0  0.0
  0.0  0.0  0.0  0.0  0.0  0.0  0.0  0.0  0.0  0.0 23.8 11.9  0.0  0.0  0.0
  0.0  0.0  0.0  0.0  0.0 11.9  0.0 83.3 11.9 59.5  0.0  0.0  0.0  0.0  0.0
    -10.97     -2.91     16.41      2.90      5.62  0.0  0.0  0.0  0.0  0.0
                                   t000001_s13_p11_el2ap.txt 17.0  4.8  107
 28.0  0.0  0.0121.5  0.0  0.0  0.0  0.0  0.0  9.3  0.0  9.3  0.0  0.0  0.0
  0.0  0.0  9.3  9.3  0.0  0.0271.0112.1 28.0  0.0  0.0  0.0  9.3  9.3  0.0
  0.0  0.0 46.7  0.0  0.0 56.1  9.3 18.7  0.0  0.0  0.0  9.3 37.4 18.7  9.3
  0.0 18.7  9.3  0.0  0.0 28.0 37.4 28.0  0.0  9.3 46.7  0.0  0.0186.9 56.1
  0.0  0.0  0.0  0.0  0.0  0.0  0.0  0.0  0.0  0.0  0.0  0.0  0.0  0.0  0.0
  0.0  0.0  0.0  0.0  9.3  0.0  0.0  0.0  0.0  0.0  0.0  0.0  0.0  0.0  0.0
  0.0  0.0  0.0  0.0  0.0  0.0  0.0  0.0  0.0  0.0  0.0  0.0  0.0  0.0  0.0
  9.3  0.0  0.0  9.3  0.0  0.0  0.0  0.0  0.0  0.0  0.0  0.0  0.0  0.0  0.0
  0.0  0.0  0.0  0.0  0.0  0.0  0.0  0.0  0.0  9.3  9.3  0.0  0.0  0.0  0.0
  0.0  0.0  0.0  0.0  0.0  0.0  0.0 18.7  0.0 46.7 18.7  9.3  9.3  0.0  0.0
     -6.49     -4.00      6.53      1.58     29.76  0.0  0.0  0.0  0.0  0.0
                                   t000001_s13_p12_el2ap.txt 15.0  5.3   87
 34.5  0.0  0.0114.9  0.0  0.0  0.0  0.0 11.5 11.5 11.5  0.0  0.0  0.0  0.0
  0.0  0.0 11.5 11.5  0.0  0.0275.9 69.0 57.5  0.0  0.0  0.0  0.0  0.0 11.5
 11.5  0.0 57.5  0.0  0.0 57.5 23.0  0.0 11.5  0.0 11.5  0.0 23.0  0.0  0.0
  0.0  0.0  0.0 11.5 23.0 23.0 11.5  0.0  0.0 23.0114.9 11.5  0.0172.4 34.5
  0.0  0.0  0.0  0.0  0.0  0.0  0.0  0.0  0.0  0.0  0.0  0.0  0.0  0.0  0.0
  0.0  0.0  0.0  0.0  0.0  0.0  0.0  0.0  0.0  0.0  0.0  0.0  0.0  0.0  0.0
  0.0  0.0  0.0  0.0  0.0  0.0  0.0  0.0  0.0  0.0  0.0  0.0  0.0  0.0  0.0
  0.0  0.0  0.0  0.0  0.0  0.0  0.0  0.0  0.0  0.0  0.0  0.0  0.0  0.0  0.0
  0.0  0.0  0.0  0.0  0.0  0.0  0.0  0.0 11.5 11.5 23.0 46.0  0.0  0.0  0.0
  0.0  0.0  0.0  0.0  0.0 11.5  0.0  0.0 11.5 46.0 11.5  0.0  0.0  0.0  0.0
     -9.90     -5.73     17.90      2.58     10.74  0.0  0.0  0.0  0.0  0.0
                                   t000001_s13_p13_el2ap.txt 15.5  5.1   75
 40.0  0.0  0.0160.0  0.0  0.0  0.0 13.3  0.0  0.0 13.3  0.0  0.0  0.0  0.0
  0.0  0.0 26.7 13.3  0.0  0.0226.7106.7 53.3 13.3  0.0 13.3  0.0  0.0 13.3
  0.0  0.0 40.0  0.0  0.0 26.7 13.3  0.0  0.0 13.3  0.0  0.0  0.0 13.3 13.3
  0.0 13.3  0.0 13.3 13.3 26.7 40.0 26.7  0.0 13.3133.3  0.0  0.0200.0 26.7
  0.0  0.0  0.0  0.0  0.0  0.0  0.0  0.0  0.0  0.0  0.0  0.0  0.0  0.0  0.0
  0.0  0.0  0.0  0.0  0.0  0.0  0.0  0.0  0.0  0.0  0.0  0.0  0.0  0.0  0.0
  0.0  0.0  0.0  0.0  0.0  0.0  0.0  0.0  0.0  0.0  0.0  0.0  0.0  0.0  0.0
  0.0  0.0  0.0  0.0  0.0  0.0  0.0  0.0  0.0  0.0  0.0  0.0  0.0  0.0  0.0
  0.0  0.0  0.0  0.0  0.0  0.0  0.0  0.0  0.0  0.0 13.3  0.0  0.0  0.0  0.0
  0.0  0.0  0.0  0.0  0.0  0.0  0.0 26.7  0.0 80.0  0.0  0.0  0.0  0.0  0.0
     -1.27     -2.73      8.90     -0.54      8.65  0.0  0.0  0.0  0.0  0.0
                                   t000001_s13_p14_el2ap.txt 19.0  5.0   97
 30.9  0.0  0.0 82.5  0.0  0.0  0.0  0.0 10.3  0.0 10.3  0.0  0.0  0.0  0.0
 10.3  0.0 10.3  0.0  0.0  0.0237.1113.4 10.3 41.2  0.0  0.0  0.0  0.0  0.0
  0.0  0.0 51.5  0.0  0.0 41.2 30.9 10.3 10.3  0.0  0.0 10.3  0.0 10.3 10.3
 10.3 10.3  0.0 10.3  0.0 20.6 10.3 30.9  0.0  0.0 41.2 10.3  0.0164.9  0.0
 10.3  0.0  0.0  0.0  0.0  0.0  0.0  0.0  0.0  0.0  0.0  0.0  0.0  0.0  0.0
  0.0  0.0  0.0  0.0  0.0  0.0  0.0  0.0  0.0  0.0  0.0  0.0  0.0  0.0  0.0
  0.0  0.0  0.0  0.0  0.0  0.0  0.0  0.0  0.0  0.0  0.0  0.0  0.0  0.0  0.0
  0.0  0.0  0.0  0.0  0.0  0.0  0.0  0.0  0.0  0.0  0.0  0.0  0.0  0.0  0.0
  0.0  0.0  0.0  0.0  0.0  0.0  0.0  0.0 10.3 10.3 10.3 10.3  0.0 10.3  0.0
  0.0  0.0  0.0  0.0  0.0  0.0  0.0 10.3 10.3 41.2  0.0 10.3  0.0  0.0  0.0
     -9.23     -4.37      2.21      3.30      9.19 10.3  0.0  0.0  0.0  0.0
                                   t000001_s13_p15_el2ap.txt 20.0  5.1  117
 25.6  8.5  0.0 94.0  0.0  0.0  0.0  0.0  8.5 42.7  8.5  0.0  0.0  0.0  0.0
  0.0  0.0 42.7  0.0  0.0  0.0265.0 59.8 34.2 25.6  0.0  0.0  0.0  0.0  8.5
 17.1  0.0 76.9  0.0  0.0 34.2 17.1  0.0  8.5  0.0 17.1  0.0 17.1  8.5  0.0
  0.0  8.5  0.0  0.0  8.5 59.8  8.5  8.5  0.0 25.6 76.9  8.5  0.0179.5 34.2
  8.5  0.0  0.0  0.0  0.0  0.0  0.0  0.0  0.0  0.0  0.0  0.0  0.0  0.0  0.0
  0.0  0.0  0.0  0.0  0.0  0.0  0.0  0.0  0.0  0.0  0.0  0.0  0.0  0.0  0.0
  0.0  0.0  0.0  0.0  0.0  0.0  0.0  0.0  0.0  8.5  0.0  0.0  0.0  0.0  0.0
  0.0  0.0  0.0  0.0  0.0  0.0  8.5  0.0  0.0  0.0  0.0  0.0  0.0  0.0  0.0
  0.0  0.0  0.0  0.0  0.0  0.0  0.0  0.0  8.5  8.5 17.1 25.6  0.0  8.5  0.0
  0.0 17.1  8.5  0.0  0.0  8.5  0.0 51.3  8.5 42.7  0.0  0.0  8.5  0.0  0.0
      3.76     -4.88     24.19      4.29      8.35  0.0  0.0  0.0  0.0  0.0
                                   t000001_s13_p16_el2ap.txt 14.3  5.4   68
 29.4  0.0  0.0147.1  0.0  0.0 14.7  0.0  0.0 14.7  0.0  0.0  0.0  0.0  0.0
  0.0  0.0 14.7 14.7  0.0  0.0250.0 88.2 58.8 14.7  0.0  0.0  0.0  0.0  0.0
  0.0  0.0 73.5  0.0 14.7 58.8 14.7  0.0  0.0  0.0  0.0  0.0 14.7 14.7  0.0
  0.0  0.0 14.7  0.0 29.4 14.7 14.7 14.7  0.0  0.0132.4  0.0  0.0191.2 29.4
  0.0  0.0  0.0  0.0  0.0  0.0  0.0  0.0  0.0  0.0  0.0  0.0  0.0  0.0  0.0
  0.0  0.0  0.0  0.0 14.7  0.0  0.0  0.0  0.0  0.0  0.0  0.0  0.0  0.0  0.0
  0.0  0.0 14.7  0.0  0.0  0.0  0.0  0.0  0.0  0.0  0.0  0.0  0.0  0.0  0.0
 14.7  0.0  0.0 14.7 14.7  0.0 14.7  0.0  0.0  0.0  0.0  0.0  0.0  0.0  0.0
  0.0  0.0  0.0  0.0  0.0  0.0  0.0  0.0 29.4 14.7 14.7  0.0 14.7  0.0  0.0
  0.0  0.0  0.0  0.0  0.0  0.0 14.7 29.4 14.7 14.7 44.1  0.0  0.0  0.0  0.0
     -6.21     -5.24     -1.59     -6.61      7.79  0.0  0.0  0.0  0.0  0.0
                                   t000001_s13_p17_el2ap.txt 20.5  5.2  106
 18.9  9.4  0.0113.2  0.0  0.0  9.4  0.0  9.4  9.4  9.4  0.0  0.0  0.0  0.0
  0.0  0.0 18.9  0.0  0.0  0.0292.5103.8 56.6  0.0  0.0  0.0  0.0  9.4  0.0
  0.0  0.0 75.5  0.0  9.4 47.2 18.9  9.4  9.4  0.0  9.4  0.0  0.0 28.3  0.0
  9.4  0.0  0.0  0.0 18.9 37.7  0.0 37.7  0.0  9.4103.8  9.4  0.0160.4 18.9
  0.0  0.0  0.0  0.0  0.0  0.0  0.0  0.0  0.0  0.0  0.0  0.0  0.0  0.0  0.0
  0.0  0.0  0.0  9.4  0.0  0.0  0.0  0.0  0.0  9.4  0.0  0.0  0.0  0.0  0.0
  0.0  0.0  0.0  0.0  9.4  9.4  0.0  0.0  0.0  0.0  0.0  0.0  0.0  0.0  0.0
  9.4  9.4  0.0 18.9  0.0 18.9 18.9  0.0  0.0  0.0  0.0  0.0  0.0  0.0  0.0
  0.0  0.0  0.0  0.0  0.0  0.0  0.0  0.0  0.0  0.0 18.9  0.0  0.0  0.0  9.4
  0.0  0.0  0.0  0.0  9.4  0.0  0.0 37.7  9.4 18.9  9.4  0.0  0.0  0.0  0.0
     -9.50     -5.73      6.31      3.18      3.70  0.0  0.0  0.0  0.0  0.0
                                   t000001_s13_p18_el2ap.txt  6.8  5.6   29
 34.5  0.0  0.0206.9  0.0  0.0 34.5  0.0  0.0  0.0  0.0  0.0  0.0  0.0  0.0
  0.0  0.0  0.0  0.0  0.0  0.0206.9  0.0 69.0  0.0  0.0 34.5  0.0  0.0  0.0
  0.0  0.0 34.5  0.0  0.0103.4  0.0  0.0  0.0  0.0 34.5  0.0  0.0  0.0  0.0
  0.0  0.0 34.5  0.0 34.5 34.5  0.0  0.0  0.0  0.0137.9  0.0  0.0241.4  0.0
  0.0  0.0  0.0  0.0  0.0  0.0  0.0  0.0  0.0  0.0  0.0  0.0  0.0  0.0  0.0
  0.0  0.0  0.0  0.0  0.0  0.0 34.5  0.0  0.0  0.0  0.0  0.0  0.0  0.0  0.0
  0.0 34.5  0.0  0.0  0.0  0.0  0.0  0.0  0.0  0.0  0.0  0.0  0.0  0.0  0.0
 34.5  0.0  0.0 34.5 34.5  0.0 34.5  0.0  0.0  0.0  0.0  0.0  0.0  0.0  0.0
  0.0  0.0  0.0  0.0  0.0  0.0  0.0  0.0  0.0  0.0 34.5  0.0  0.0  0.0  0.0
  0.0  0.0  0.0  0.0  0.0  0.0  0.0  0.0  0.0 34.5  0.0  0.0  0.0  0.0  0.0
     -5.72      0.90     -2.51      9.82     -3.63  0.0  0.0  0.0  0.0  0.0
                                   t000001_s13_p19_el2ap.txt 16.0  5.2   85
 23.5 11.8  0.0117.6  0.0  0.0 11.8  0.0  0.0  0.0  0.0  0.0  0.0  0.0  0.0
  0.0  0.0 35.3  0.0  0.0  0.0258.8 70.6 82.4  0.0 11.8  0.0  0.0  0.0  0.0
  0.0  0.0 58.8  0.0  0.0 70.6 11.8  0.0  0.0  0.0  0.0  0.0 11.8 23.5 11.8
  0.0  0.0  0.0 23.5  0.0 35.3  0.0 35.3  0.0  0.0105.9 11.8  0.0141.2 11.8
  0.0  0.0  0.0  0.0  0.0  0.0  0.0  0.0  0.0  0.0  0.0  0.0  0.0  0.0  0.0
  0.0  0.0  0.0  0.0  0.0  0.0 11.8  0.0  0.0  0.0  0.0  0.0  0.0  0.0  0.0
  0.0  0.0 11.8  0.0  0.0  0.0  0.0  0.0  0.0  0.0  0.0  0.0  0.0  0.0  0.0
 11.8  0.0  0.0 11.8 11.8  0.0 11.8  0.0  0.0  0.0  0.0  0.0  0.0  0.0  0.0
  0.0  0.0  0.0  0.0  0.0  0.0  0.0  0.0  0.0  0.0 11.8  0.0 11.8  0.0  0.0
  0.0 11.8  0.0  0.0  0.0  0.0  0.0 11.8 11.8 47.1  0.0  0.0 11.8  0.0  0.0
     -5.00     -5.20      1.05     -6.61     16.34  0.0  0.0  0.0  0.0  0.0
                                    t000001_s13_p2_el2ap.txt 13.5  5.2   67
  0.0  0.0  0.0104.5  0.0  0.0 14.9  0.0 14.9 14.9 14.9  0.0  0.0  0.0  0.0
  0.0  0.0 29.9  0.0  0.0  0.0223.9119.4 89.6  0.0  0.0  0.0  0.0  0.0  0.0
  0.0  0.0 44.8 44.8  0.0 29.9 14.9  0.0 14.9  0.0  0.0 14.9  0.0 29.9  0.0
  0.0  0.0  0.0  0.0 14.9 29.9  0.0 29.9  0.0  0.0134.3 14.9  0.0149.3 14.9
  0.0  0.0  0.0  0.0  0.0  0.0  0.0  0.0  0.0  0.0  0.0  0.0  0.0  0.0  0.0
  0.0  0.0  0.0  0.0  0.0  0.0  0.0  0.0  0.0  0.0  0.0  0.0  0.0  0.0  0.0
  0.0  0.0  0.0  0.0  0.0  0.0  0.0  0.0  0.0  0.0  0.0  0.0  0.0  0.0  0.0
  0.0  0.0  0.0  0.0  0.0  0.0  0.0  0.0  0.0  0.0  0.0  0.0  0.0  0.0  0.0
  0.0  0.0  0.0  0.0  0.0  0.0  0.0  0.0  0.0  0.0 14.9 14.9  0.0  0.0  0.0
  0.0  0.0  0.0  0.0  0.0  0.0  0.0 29.9 14.9  0.0 14.9  0.0  0.0  0.0  0.0
     -8.46     -5.73    -10.41      4.18      0.90  0.0  0.0  0.0  0.0  0.0
                                   t000001_s13_p20_el2ap.txt 19.8  5.5  103
 29.1  0.0  0.0 87.4  0.0  0.0  0.0  0.0  0.0  9.7  0.0  9.7  0.0  0.0  0.0
  0.0  0.0 19.4  0.0  0.0  0.0339.8126.2 29.1  9.7  9.7  9.7  9.7  0.0  0.0
  0.0  0.0 87.4  0.0  0.0  0.0 48.5  0.0  0.0  0.0  0.0  0.0  0.0  0.0  0.0
  0.0  0.0  0.0  9.7  9.7 19.4  9.7  0.0  0.0  0.0 97.1  9.7  0.0194.2 38.8
  0.0  0.0  0.0  0.0  0.0  0.0  0.0  0.0  0.0  0.0  0.0  0.0  0.0  0.0  0.0
  0.0  0.0  0.0  0.0  0.0  0.0  0.0  0.0  0.0  0.0  0.0  0.0  0.0  0.0  0.0
  0.0  0.0 19.4  0.0  0.0  0.0  0.0  0.0  0.0  0.0  0.0  0.0  0.0  0.0  0.0
  0.0  0.0  0.0  0.0 19.4  0.0 19.4  0.0  0.0  0.0  0.0  0.0  0.0  0.0  0.0
  0.0  0.0  0.0  0.0  0.0  0.0  0.0  0.0  9.7  9.7  0.0  9.7  0.0  0.0  0.0
  0.0  0.0  0.0  0.0  0.0  0.0  0.0 48.5  9.7 38.8  9.7  0.0  0.0  0.0  0.0
    -10.45     -1.31      7.04     -6.61     -3.63  0.0  0.0  0.0  0.0  0.0
                                   t000001_s13_p21_el2ap.txt 12.0  4.9   54
 18.5  0.0  0.0129.6  0.0  0.0  0.0  0.0  0.0 18.5 18.5  0.0  0.0  0.0  0.0
  0.0  0.0 18.5  0.0  0.0  0.0351.9 92.6 37.0 18.5  0.0  0.0  0.0  0.0  0.0
  0.0  0.0 18.5  0.0  0.0 55.6  0.0  0.0  0.0  0.0  0.0  0.0  0.0  0.0  0.0
  0.0  0.0  0.0  0.0 37.0 18.5  0.0  0.0  0.0  0.0 92.6  0.0  0.0129.6  0.0
  0.0  0.0  0.0  0.0  0.0  0.0  0.0  0.0  0.0  0.0  0.0  0.0  0.0  0.0  0.0
  0.0  0.0  0.0  0.0  0.0  0.0  0.0  0.0  0.0  0.0  0.0  0.0  0.0  0.0  0.0
  0.0  0.0  0.0  0.0  0.0  0.0  0.0  0.0  0.0  0.0  0.0  0.0  0.0  0.0  0.0
  0.0  0.0  0.0  0.0  0.0  0.0  0.0  0.0  0.0  0.0  0.0  0.0  0.0  0.0  0.0
  0.0  0.0  0.0  0.0  0.0  0.0  0.0  0.0  0.0  0.0  0.0  0.0  0.0  0.0  0.0
  0.0  0.0  0.0  0.0  0.0  0.0  0.0  0.0  0.0 55.6  0.0  0.0 18.5  0.0  0.0
    -11.13     -5.12     -0.90     -6.61     -3.63  0.0  0.0  0.0  0.0  0.0
                                   t000001_s13_p22_el2ap.txt 15.8  5.3   76
 13.2  0.0  0.0118.4  0.0  0.0  0.0 13.2  0.0 13.2  0.0  0.0  0.0  0.0  0.0
 13.2  0.0 39.5  0.0  0.0  0.0263.2105.3 52.6 13.2  0.0  0.0  0.0  0.0  0.0
  0.0  0.0 26.3  0.0  0.0 26.3 13.2  0.0  0.0  0.0 13.2  0.0  0.0 13.2  0.0
 13.2  0.0  0.0  0.0  0.0 52.6  0.0 26.3  0.0  0.0105.3  0.0  0.0157.9 13.2
  0.0  0.0  0.0  0.0  0.0  0.0  0.0  0.0  0.0  0.0  0.0  0.0  0.0  0.0  0.0
  0.0  0.0  0.0  0.0  0.0  0.0  0.0  0.0  0.0  0.0  0.0  0.0  0.0  0.0  0.0
  0.0  0.0  0.0  0.0  0.0  0.0  0.0  0.0  0.0  0.0  0.0  0.0  0.0  0.0  0.0
  0.0  0.0  0.0  0.0  0.0  0.0  0.0  0.0  0.0  0.0  0.0  0.0  0.0  0.0  0.0
  0.0  0.0  0.0  0.0  0.0  0.0  0.0  0.0  0.0  0.0 26.3 13.2  0.0  0.0  0.0
  0.0  0.0  0.0  0.0  0.0  0.0  0.0 26.3 13.2 26.3  0.0 26.3 26.3  0.0  0.0
     -0.14     -5.29      1.31     -0.34      2.61  0.0  0.0  0.0  0.0  0.0
                                   t000001_s13_p23_el2ap.txt 26.0  5.3  157
  0.0  0.0  0.0 95.5  0.0  0.0  6.4  0.0  0.0 12.7  6.4  0.0  0.0  0.0  0.0
  0.0  0.0 31.8  0.0  0.0  0.0273.9108.3 76.4  0.0  0.0  0.0  0.0  0.0  6.4
  0.0  0.0 70.1  6.4  0.0 70.1  6.4  6.4  0.0  0.0  0.0  6.4  6.4  0.0  6.4
  6.4  0.0  0.0  0.0  6.4 38.2  0.0 12.7  0.0  6.4101.9  0.0  0.0114.6  6.4
  0.0  0.0  0.0  0.0  0.0  0.0  0.0  0.0  0.0  0.0  0.0  0.0  0.0  0.0  0.0
  0.0  0.0  0.0  0.0  0.0  0.0  0.0  6.4  0.0  0.0  0.0  0.0  0.0  0.0  0.0
  0.0  0.0  0.0  0.0  0.0  0.0  0.0  0.0  0.0  0.0  6.4  0.0  0.0  0.0  0.0
  0.0  6.4  0.0  6.4  0.0  0.0  0.0  6.4  0.0  0.0  0.0  0.0  0.0  0.0  0.0
  0.0  0.0  0.0  0.0  0.0  0.0  0.0  0.0  0.0  0.0 44.6 25.5  0.0  0.0  0.0
  0.0 19.1  0.0  0.0  0.0 12.7  0.0 12.7  0.0 19.1 19.1 25.5  0.0  0.0  0.0
    -12.28     -5.73      3.22     -2.54      7.31  0.0  0.0  0.0  0.0  0.0
                                    t000001_s13_p3_el2ap.txt 19.5  4.9  103
 68.0  0.0  0.0145.6  0.0  0.0  9.7  0.0  0.0  0.0  9.7  0.0  0.0  0.0  0.0
  0.0  0.0  9.7  0.0  0.0  0.0252.4 77.7 48.5 19.4  0.0  0.0  0.0  0.0  0.0
  0.0  0.0 58.3  0.0  0.0  9.7  9.7  9.7  9.7  0.0 19.4  0.0  0.0  0.0  0.0
  0.0  9.7  0.0  0.0 19.4 38.8  9.7  0.0  0.0  0.0145.6  0.0  0.0233.0 68.0
  0.0  0.0  0.0  0.0  0.0  0.0  0.0  0.0  0.0  0.0  0.0  0.0  0.0  0.0  0.0
  0.0  0.0  0.0  0.0  0.0  0.0  0.0  0.0  0.0  0.0  0.0  0.0  0.0  0.0  0.0
  0.0  0.0  0.0  0.0  0.0  0.0  0.0  0.0  0.0  0.0  0.0  0.0  0.0  0.0  0.0
  0.0  0.0  0.0  0.0  0.0  0.0  0.0  0.0  0.0  0.0  0.0  0.0  0.0  0.0  0.0
  0.0  0.0  0.0  0.0  0.0  0.0  0.0  0.0  9.7  9.7  0.0  0.0  9.7  0.0  0.0
  0.0  0.0  0.0  0.0  0.0  0.0  0.0 19.4  0.0 68.0  9.7  0.0 29.1  0.0  0.0
     -7.04     -5.09      4.47      8.08     -3.63  0.0  0.0  0.0  0.0  0.0
                                    t000001_s13_p4_el2ap.txt 16.8  4.6   91
 33.0  0.0  0.0131.9  0.0  0.0 11.0  0.0  0.0  0.0 22.0  0.0  0.0  0.0  0.0
  0.0  0.0 11.0  0.0  0.0  0.0285.7 54.9 65.9 33.0  0.0  0.0  0.0  0.0 11.0
  0.0  0.0 33.0  0.0  0.0 65.9 11.0  0.0  0.0  0.0 22.0  0.0  0.0  0.0  0.0
  0.0  0.0  0.0 11.0  0.0 33.0  0.0  0.0  0.0 11.0109.9  0.0 11.0175.8 11.0
  0.0  0.0  0.0  0.0  0.0  0.0  0.0  0.0  0.0  0.0  0.0  0.0  0.0  0.0  0.0
  0.0  0.0  0.0  0.0  0.0  0.0  0.0  0.0  0.0  0.0  0.0  0.0  0.0  0.0  0.0
  0.0  0.0  0.0  0.0  0.0  0.0  0.0  0.0  0.0  0.0  0.0  0.0  0.0  0.0  0.0
  0.0  0.0  0.0  0.0  0.0  0.0  0.0  0.0  0.0  0.0  0.0  0.0  0.0  0.0  0.0
  0.0  0.0  0.0  0.0  0.0  0.0  0.0  0.0  0.0 11.0  0.0 11.0 11.0 33.0  0.0
  0.0  0.0  0.0  0.0 11.0  0.0  0.0 33.0  0.0 33.0 11.0  0.0 11.0  0.0  0.0
     -9.25     -4.64      5.01      3.86     -3.63  0.0  0.0  0.0  0.0  0.0
                                    t000001_s13_p5_el2ap.txt 26.0  5.5  144
  6.9  0.0  0.0 97.2  0.0  0.0  0.0  6.9  0.0  6.9  0.0  0.0  0.0  0.0  0.0
  0.0  0.0 13.9  0.0  0.0  0.0305.6 97.2 76.4 34.7  6.9  0.0  0.0  0.0  0.0
  0.0  0.0125.0  6.9  0.0 27.8  0.0  6.9  6.9  6.9  6.9  0.0  0.0  0.0  0.0
  6.9 13.9  0.0  0.0  6.9 27.8 20.8  6.9  0.0  0.0125.0  6.9  6.9138.9  6.9
  0.0  0.0  0.0  0.0  0.0  0.0  0.0  0.0  0.0  0.0  0.0  0.0  0.0  0.0  0.0
  0.0  0.0  0.0  0.0  6.9  0.0  0.0  0.0  0.0  0.0  0.0  0.0  0.0  0.0  0.0
  0.0  0.0  6.9  0.0  0.0  0.0  0.0  0.0  0.0  0.0  0.0  0.0  0.0  0.0  0.0
  6.9  0.0  0.0  6.9  6.9  0.0  6.9  0.0  0.0  0.0  0.0  0.0  0.0  0.0  0.0
  0.0  0.0  0.0  0.0  0.0  0.0  0.0  0.0 27.8  0.0 20.8  6.9  0.0  0.0  6.9
  0.0  0.0  0.0  0.0  6.9  6.9  0.0 13.9 13.9  6.9  6.9  0.0  0.0  0.0  0.0
    -18.93     -4.28      6.09      3.75     -1.39  6.9  0.0  0.0  0.0  0.0
                                    t000001_s13_p6_el2ap.txt 13.0  4.7   60
 16.7  0.0  0.0166.7  0.0  0.0 16.7  0.0 16.7  0.0  0.0  0.0  0.0  0.0  0.0
 16.7  0.0 50.0  0.0  0.0 16.7216.7 50.0 50.0 16.7  0.0  0.0  0.0  0.0  0.0
  0.0  0.0 66.7 16.7  0.0 33.3 16.7  0.0 16.7 16.7  0.0  0.0  0.0  0.0  0.0
  0.0 16.7  0.0  0.0  0.0 50.0 33.3  0.0  0.0  0.0150.0 16.7  0.0216.7  0.0
  0.0  0.0  0.0  0.0  0.0  0.0  0.0  0.0  0.0  0.0  0.0  0.0  0.0  0.0  0.0
  0.0  0.0  0.0  0.0  0.0  0.0  0.0  0.0  0.0  0.0  0.0  0.0  0.0  0.0  0.0
  0.0  0.0  0.0  0.0  0.0  0.0  0.0  0.0  0.0  0.0  0.0  0.0  0.0  0.0  0.0
  0.0  0.0  0.0  0.0  0.0  0.0  0.0  0.0  0.0  0.0  0.0  0.0  0.0  0.0  0.0
  0.0  0.0  0.0  0.0  0.0  0.0  0.0  0.0  0.0  0.0 16.7  0.0  0.0  0.0  0.0
  0.0 33.3  0.0  0.0  0.0  0.0  0.0 16.7 16.7 66.7 16.7  0.0 16.7  0.0  0.0
     16.21     -5.18     -1.05      6.35     -3.63  0.0  0.0  0.0  0.0  0.0
                                    t000001_s13_p7_el2ap.txt 26.8  5.1  141
 28.4  0.0  0.0141.8  0.0  0.0  0.0  7.1  7.1  0.0  7.1  0.0  0.0  0.0  0.0
  7.1  0.0 14.2  0.0  0.0  0.0361.7 63.8 56.7  7.1  7.1  0.0  0.0  0.0  0.0
  0.0  0.0 78.0  0.0  0.0 49.6  7.1 14.2  7.1  7.1  7.1  0.0  7.1 21.3  0.0
  7.1  7.1  0.0  7.1  7.1 35.5 14.2 28.4  0.0  0.0 99.3 14.2  7.1191.5 14.2
  0.0  0.0  0.0  0.0  0.0  0.0  0.0  0.0  0.0  0.0  0.0  0.0  0.0  0.0  0.0
  0.0  0.0  0.0  0.0  0.0  0.0  0.0  0.0  0.0  0.0  0.0  0.0  0.0  0.0  0.0
  0.0  0.0  0.0  0.0  0.0  0.0  0.0  0.0  0.0  0.0  0.0  0.0  0.0  0.0  0.0
  0.0  0.0  0.0  0.0  0.0  0.0  0.0  0.0  0.0  0.0  0.0  0.0  0.0  0.0  0.0
  0.0  0.0  0.0  0.0  0.0  0.0  0.0  0.0 14.2  0.0 35.5 14.2  7.1  0.0  7.1
  0.0 14.2  0.0  0.0  0.0  7.1  0.0 49.6  7.1 49.6  0.0  0.0 14.2  0.0  0.0
    -10.88     -5.18      3.57      5.66      6.32  0.0  0.0  0.0  0.0  0.0
                                    t000001_s13_p8_el2ap.txt 10.5  5.0   53
 18.9 18.9  0.0132.1  0.0  0.0 18.9  0.0  0.0  0.0 37.7 18.9  0.0  0.0  0.0
  0.0  0.0 37.7  0.0  0.0  0.0301.9 56.6 75.5  0.0  0.0  0.0  0.0  0.0  0.0
  0.0  0.0 75.5 18.9  0.0 37.7 18.9  0.0  0.0  0.0 18.9  0.0  0.0  0.0  0.0
  0.0  0.0  0.0 18.9 18.9 56.6 18.9  0.0  0.0  0.0150.9  0.0  0.0132.1  0.0
  0.0  0.0  0.0  0.0  0.0  0.0  0.0  0.0  0.0  0.0  0.0  0.0  0.0  0.0  0.0
  0.0  0.0  0.0  0.0  0.0  0.0  0.0  0.0  0.0  0.0  0.0  0.0  0.0  0.0  0.0
  0.0  0.0  0.0  0.0  0.0 18.9  0.0  0.0  0.0  0.0  0.0  0.0  0.0  0.0  0.0
  0.0  0.0  0.0  0.0  0.0 18.9 18.9  0.0  0.0  0.0  0.0  0.0  0.0  0.0  0.0
  0.0  0.0  0.0  0.0  0.0  0.0  0.0  0.0  0.0  0.0 18.9  0.0  0.0  0.0  0.0
  0.0  0.0  0.0  0.0  0.0  0.0  0.0 37.7  0.0 18.9  0.0  0.0  0.0  0.0  0.0
     14.20     -5.73     -1.32      2.38     -3.63  0.0  0.0  0.0  0.0  0.0
                                    t000001_s13_p9_el2ap.txt 22.0  5.8  123
 40.7  8.1  0.0130.1  0.0  0.0  8.1  8.1  8.1 16.3  0.0  0.0  0.0  0.0  0.0
  0.0  0.0  0.0 16.3  0.0  0.0284.6 65.0122.0  8.1  8.1  8.1  0.0  0.0  0.0
  8.1  0.0 81.3  0.0  0.0 40.7 24.4  0.0  8.1  0.0  0.0  0.0 24.4  8.1  0.0
  8.1  0.0 16.3  0.0 16.3  0.0 16.3 16.3  0.0  8.1178.9 16.3  8.1178.9  8.1
  0.0  0.0  0.0  0.0  0.0  0.0  0.0  0.0  0.0  0.0  0.0  0.0  0.0  0.0  0.0
  0.0  0.0  0.0  0.0  8.1  8.1  0.0  0.0  0.0  8.1  0.0  0.0  0.0  0.0  0.0
  0.0  0.0  8.1  0.0  8.1  0.0  0.0  0.0  0.0  0.0  0.0  0.0  0.0  0.0  0.0
 16.3  8.1  0.0 24.4  8.1  8.1 16.3  0.0  0.0  0.0  0.0  0.0  0.0  0.0  0.0
  0.0  0.0  0.0  0.0  0.0  0.0  0.0  0.0  0.0 16.3  0.0  8.1  0.0  0.0  0.0
  0.0  0.0  0.0  0.0  0.0 24.4  8.1 32.5  8.1 32.5 24.4  8.1  8.1  0.0  0.0
    -10.93     -3.54     11.70     -3.98     15.47  0.0  0.0  0.0  0.0  0.0
                                     t000001_s2_p1_el2ap.txt 17.0  5.4   83
  0.0  0.0  0.0 36.1  0.0  0.0  0.0  0.0  0.0  0.0  0.0  0.0  0.0  0.0  0.0
  0.0  0.0 12.0 12.0  0.0  0.0469.9120.5 24.1 36.1  0.0 12.0  0.0  0.0  0.0
  0.0  0.0108.4  0.0  0.0 24.1 12.0  0.0  0.0  0.0  0.0 24.1  0.0 24.1 12.0
  0.0  0.0  0.0  0.0  0.0 12.0 12.0 36.1  0.0  0.0 24.1  0.0 12.0 84.3  0.0
 12.0  0.0  0.0  0.0  0.0  0.0  0.0  0.0  0.0  0.0  0.0  0.0  0.0  0.0  0.0
  0.0  0.0  0.0  0.0  0.0  0.0  0.0  0.0  0.0  0.0  0.0  0.0  0.0  0.0  0.0
  0.0  0.0  0.0  0.0  0.0  0.0  0.0  0.0  0.0 12.0  0.0  0.0  0.0  0.0  0.0
  0.0  0.0  0.0  0.0  0.0  0.0 12.0  0.0  0.0  0.0  0.0  0.0  0.0  0.0  0.0
  0.0  0.0  0.0  0.0  0.0  0.0  0.0  0.0 36.1 24.1 48.2  0.0 12.0 12.0  0.0
  0.0  0.0  0.0  0.0  0.0  0.0  0.0  0.0  0.0  0.0  0.0 12.0  0.0  0.0  0.0
    -24.37     -2.22      7.13      3.03      9.29  0.0  0.0  0.0  0.0  0.0
                                     t000001_s4_p1_el2ap.txt 22.3  5.8  128
 54.7  0.0  0.0140.6  0.0  0.0  7.8  0.0 23.4  7.8  0.0  0.0  0.0  0.0  0.0
  0.0  0.0  0.0  0.0  0.0  0.0312.5 78.1 78.1  7.8 15.6  0.0  7.8  0.0  0.0
  0.0  0.0 78.1  0.0  0.0 54.7  7.8  0.0  7.8  0.0  0.0  0.0  7.8  0.0  0.0
  7.8  0.0  0.0  7.8 15.6  0.0  0.0  7.8  0.0  0.0148.4 39.1  0.0203.1 31.3
  7.8  0.0  0.0  0.0  0.0  0.0  0.0  0.0  0.0  0.0  0.0  0.0  0.0  0.0  0.0
  0.0  0.0  0.0  0.0  0.0  0.0  0.0  0.0  0.0  0.0  0.0  0.0  0.0  0.0  0.0
  0.0  0.0  0.0  0.0  0.0  0.0  0.0  7.8  0.0  0.0  0.0  0.0  0.0  0.0  0.0
  0.0  0.0  0.0  0.0  0.0  7.8  7.8  0.0  0.0  0.0  0.0  0.0  0.0  0.0  0.0
  0.0  0.0  0.0  0.0  0.0  0.0  0.0  0.0 15.6  0.0 23.4  0.0 15.6  0.0  7.8
  0.0  0.0  0.0  0.0  0.0  0.0  0.0 31.3 15.6 54.7  0.0  0.0  7.8  0.0  0.0
    -16.12     -3.33      3.29     -4.09      3.78  0.0  0.0  0.0  0.0  0.0
                                     t000001_s4_p2_el2ap.txt 18.5  5.5   98
  0.0  0.0  0.0 91.8  0.0  0.0 10.2  0.0  0.0 10.2 10.2  0.0  0.0  0.0  0.0
 10.2  0.0 10.2 10.2  0.0  0.0255.1 81.6 81.6  0.0 10.2  0.0  0.0  0.0  0.0
  0.0  0.0 91.8 10.2  0.0 40.8 30.6 20.4  0.0  0.0  0.0 10.2  0.0 40.8  0.0
  0.0  0.0  0.0 10.2 20.4 30.6 10.2 40.8  0.0  0.0153.1 10.2  0.0132.7 10.2
 10.2  0.0  0.0  0.0  0.0  0.0  0.0  0.0  0.0  0.0  0.0  0.0  0.0  0.0  0.0
  0.0  0.0  0.0  0.0  0.0  0.0  0.0  0.0  0.0  0.0  0.0  0.0  0.0  0.0  0.0
  0.0 10.2  0.0  0.0  0.0  0.0  0.0  0.0  0.0  0.0  0.0  0.0 10.2  0.0  0.0
  0.0  0.0  0.0  0.0 10.2  0.0 10.2 10.2  0.0  0.0  0.0  0.0  0.0  0.0  0.0
  0.0  0.0  0.0  0.0  0.0  0.0  0.0  0.0  0.0 10.2 10.2  0.0  0.0 10.2  0.0
  0.0  0.0  0.0  0.0  0.0  0.0  0.0 30.6  0.0 30.6 10.2  0.0 10.2  0.0  0.0
    -10.96     -5.27      2.12      2.34      2.56  0.0  0.0  0.0  0.0  0.0
                                     t000001_s7_p1_el2ap.txt 25.5  5.2  152
 13.2  0.0  0.0 72.4  0.0  0.0  0.0  6.6  6.6 19.7  6.6  6.6  0.0  0.0  0.0
  0.0  0.0  0.0  6.6  0.0  0.0296.1111.8 78.9  6.6  6.6  0.0  0.0  0.0  6.6
  0.0  0.0 46.1  0.0  0.0 59.2 19.7  6.6  6.6  0.0  0.0  0.0 13.2  0.0  0.0
  0.0  0.0  6.6  0.0 26.3  6.6 13.2  0.0  0.0  6.6131.6 13.2  6.6111.8 13.2
  0.0  0.0  0.0  0.0  0.0  0.0  0.0  0.0  0.0  0.0  0.0  0.0  0.0  0.0  0.0
  0.0  0.0  0.0  0.0  6.6  0.0  0.0  6.6  0.0  0.0  0.0  0.0  0.0  0.0  0.0
  0.0  0.0  0.0  0.0  0.0  0.0  0.0  0.0  6.6  0.0  6.6  0.0  0.0  0.0  0.0
  6.6  6.6  0.0 13.2  0.0  6.6  6.6  6.6  0.0  0.0  0.0  0.0  0.0  0.0  0.0
  0.0  0.0  0.0  0.0  0.0  0.0  0.0  0.0  6.6  0.0 19.7  6.6 13.2 19.7  0.0
  0.0 13.2  0.0  0.0  0.0  6.6  0.0 19.7  0.0 19.7  6.6  0.0  6.6  0.0  0.0
    -14.64     -5.22      4.10     -2.92      4.60  0.0  0.0  0.0  0.0  0.0
                                     t000001_s7_p2_el2ap.txt 21.5  5.2  134
  0.0  0.0  0.0 82.1  0.0  0.0  0.0  0.0  7.5  0.0  7.5  0.0  0.0  0.0  0.0
  0.0  0.0  7.5  0.0  0.0  0.0320.9119.4 89.6  0.0  0.0  0.0  0.0  0.0  7.5
  0.0  0.0 89.6  0.0  0.0 37.3  0.0  7.5  0.0  0.0  0.0  0.0  0.0  0.0  0.0
  0.0  0.0  0.0  0.0 14.9 14.9  0.0  0.0  0.0  7.5126.9  7.5  0.0 89.6  0.0
  0.0  0.0  0.0  0.0  0.0  0.0  0.0  0.0  0.0  0.0  0.0  0.0  0.0  0.0  0.0
  0.0  0.0  0.0  0.0  0.0  0.0  0.0  0.0  0.0  0.0  0.0  0.0  0.0  0.0  0.0
  0.0  0.0  0.0  0.0  0.0  0.0  0.0  0.0  0.0  0.0  0.0  0.0  0.0  0.0  0.0
  0.0  0.0  0.0  0.0  0.0  0.0  0.0  0.0  0.0  0.0  0.0  0.0  0.0  0.0  0.0
  0.0  0.0  0.0  0.0  0.0  0.0  0.0  0.0 14.9  0.0 14.9  7.5  7.5 14.9  0.0
  0.0  0.0  0.0  0.0  0.0  0.0  0.0  0.0  0.0  7.5  0.0  0.0 22.4  0.0  0.0
    -24.70     -5.73      8.80     -4.83     -3.63  7.5  0.0  0.0  0.0  0.0
                                     t000001_s7_p3_el2ap.txt 19.8  5.7   99
  0.0  0.0  0.0101.0  0.0  0.0  0.0  0.0 10.1  0.0  0.0  0.0  0.0  0.0  0.0
  0.0  0.0 30.3  0.0  0.0  0.0303.0 70.7 70.7  0.0 10.1  0.0  0.0  0.0 20.2
  0.0  0.0 70.7  0.0 20.2 70.7  0.0  0.0 20.2  0.0  0.0  0.0 10.1  0.0 10.1
  0.0  0.0  0.0  0.0  0.0 30.3  0.0 10.1  0.0 20.2111.1 20.2 10.1141.4 40.4
  0.0  0.0  0.0  0.0  0.0  0.0  0.0  0.0  0.0  0.0  0.0  0.0  0.0  0.0  0.0
  0.0  0.0  0.0  0.0  0.0  0.0  0.0  0.0  0.0  0.0  0.0  0.0  0.0  0.0  0.0
  0.0  0.0  0.0  0.0  0.0  0.0  0.0  0.0  0.0  0.0  0.0  0.0  0.0  0.0  0.0
  0.0  0.0  0.0  0.0  0.0  0.0  0.0  0.0  0.0  0.0  0.0  0.0  0.0  0.0  0.0
  0.0  0.0  0.0  0.0  0.0  0.0  0.0 10.1 10.1  0.0 30.3  0.0 10.1  0.0  0.0
  0.0 10.1  0.0  0.0  0.0  0.0  0.0 30.3 10.1 20.2 20.2  0.0 10.1  0.0  0.0
    -15.93     -5.28      6.03     -0.09     10.46  0.0  0.0  0.0  0.0  0.0
                                     t000001_s7_p4_el2ap.txt 22.8  5.4  140
 28.6  0.0  0.0100.0  0.0  0.0  7.1  0.0 21.4  0.0  0.0  0.0  0.0  0.0  0.0
  0.0  0.0 14.3  7.1  0.0  0.0342.9100.0 42.9  7.1 14.3  7.1  0.0  0.0  0.0
  0.0  7.1 57.1 21.4  0.0 42.9  0.0  0.0  7.1  0.0  0.0  0.0  0.0  7.1  0.0
  0.0  7.1  7.1  7.1  0.0 14.3 21.4  7.1  0.0  0.0 85.7 35.7  0.0128.6  7.1
  0.0  0.0  0.0  0.0  0.0  0.0  0.0  0.0  0.0  0.0  0.0  0.0  0.0  0.0  0.0
  0.0  0.0  0.0  0.0  0.0  7.1  0.0  0.0  0.0  0.0  0.0  0.0  0.0  0.0  0.0
  0.0  0.0  0.0  0.0  0.0  0.0  0.0  0.0  0.0  0.0  0.0  0.0  0.0  0.0  0.0
  7.1  0.0  0.0  7.1  0.0  0.0  0.0  0.0  0.0  0.0  0.0  0.0  0.0  0.0  0.0
  0.0  0.0  0.0  0.0  0.0  0.0  0.0  0.0 35.7  0.0 14.3  0.0 21.4  0.0  7.1
  0.0  0.0  0.0  0.0  0.0  0.0  0.0 42.9  7.1 64.3  0.0  0.0  0.0  0.0  0.0
    -14.51     -3.48     -0.97     -4.30     -2.54  0.0  0.0  7.1  0.0  0.0
                                     t000002_s1_p1_el2ap.txt 30.5  5.8  202
  5.0  0.0  0.0 74.3  0.0  0.0  0.0  0.0  0.0  5.0  0.0  0.0  0.0  5.0  0.0
  0.0  0.0  9.9  0.0  5.0  0.0316.8128.7 84.2  5.0  5.0  0.0  0.0  5.0  0.0
  5.0  9.9 49.5  0.0  0.0  5.0  9.9  0.0  0.0  0.0  0.0  0.0  0.0 44.6  0.0
  0.0  0.0  0.0  0.0  0.0  9.9  9.9 44.6  5.0  9.9 99.0  5.0  0.0 99.0  5.0
  9.9  0.0  0.0  0.0  0.0  0.0  0.0  0.0  0.0  0.0  0.0  0.0  0.0  0.0  0.0
  0.0  0.0  0.0  0.0  0.0  0.0  0.0  0.0  0.0  0.0  0.0  0.0  0.0  0.0  0.0
  0.0  0.0  0.0  0.0  0.0  0.0  0.0  0.0  0.0  0.0  0.0  0.0  0.0  0.0  0.0
  0.0  0.0  0.0  0.0  0.0  0.0  0.0  0.0  0.0  0.0  0.0  0.0  0.0  0.0  0.0
  0.0  0.0  0.0  0.0  0.0  0.0  0.0  5.0 39.6 14.9 19.8  0.0  5.0  9.9 14.9
  0.0  5.0  0.0  0.0  0.0  9.9  0.0  9.9 29.7  9.9  0.0  0.0  9.9  0.0  0.0
    -17.97     -5.34     15.21     -6.61      3.12  0.0  0.0  5.0  0.0  0.0
                                    t000002_s11_p1_el2ap.txt 13.0  5.4   69
  0.0  0.0  0.0 29.0  0.0  0.0  0.0  0.0  0.0  0.0  0.0  0.0  0.0  0.0  0.0
  0.0  0.0  0.0 14.5  0.0  0.0347.8115.9 72.5  0.0 14.5  0.0  0.0  0.0  0.0
  0.0 14.5130.4  0.0 14.5 43.5  0.0  0.0  0.0  0.0  0.0  0.0 14.5  0.0  0.0
  0.0  0.0  0.0 14.5  0.0  0.0 29.0  0.0  0.0  0.0 87.0 14.5  0.0 29.0  0.0
 14.5  0.0  0.0  0.0  0.0  0.0  0.0  0.0  0.0  0.0  0.0  0.0  0.0  0.0  0.0
  0.0  0.0  0.0  0.0  0.0  0.0  0.0  0.0  0.0  0.0  0.0 14.5  0.0  0.0  0.0
  0.0  0.0  0.0  0.0  0.0  0.0  0.0  0.0  0.0  0.0  0.0  0.0  0.0  0.0  0.0
  0.0  0.0 14.5 14.5  0.0  0.0  0.0  0.0  0.0  0.0  0.0  0.0  0.0  0.0  0.0
  0.0  0.0  0.0  0.0  0.0  0.0  0.0 14.5 72.5 43.5 29.0  0.0 14.5  0.0  0.0
  0.0  0.0  0.0  0.0  0.0 14.5  0.0 14.5  0.0  0.0  0.0  0.0  0.0  0.0  0.0
    -26.49     -5.08      8.67     -6.61      5.43  0.0  0.0  0.0  0.0  0.0
                                   t000002_s11_p10_el2ap.txt 12.3  5.7   62
  0.0  0.0  0.0 96.8  0.0  0.0  0.0  0.0  0.0  0.0 16.1  0.0  0.0  0.0  0.0
  0.0  0.0 48.4  0.0  0.0  0.0306.5112.9 80.6  0.0 16.1  0.0  0.0  0.0  0.0
  0.0  0.0 96.8  0.0  0.0 48.4  0.0  0.0  0.0  0.0  0.0  0.0 16.1 16.1  0.0
  0.0  0.0 16.1  0.0  0.0 48.4  0.0 16.1  0.0  0.0 80.6 16.1  0.0 96.8  0.0
 16.1  0.0  0.0  0.0  0.0  0.0  0.0  0.0  0.0  0.0  0.0  0.0  0.0  0.0  0.0
  0.0  0.0  0.0  0.0  0.0 16.1  0.0  0.0  0.0  0.0  0.0  0.0  0.0  0.0  0.0
  0.0  0.0  0.0  0.0  0.0  0.0  0.0  0.0  0.0  0.0  0.0  0.0  0.0  0.0  0.0
 16.1  0.0  0.0 16.1  0.0  0.0  0.0  0.0  0.0  0.0  0.0  0.0  0.0  0.0  0.0
  0.0  0.0  0.0  0.0  0.0  0.0  0.0  0.0 48.4 32.3 32.3  0.0  0.0  0.0  0.0
  0.0  0.0  0.0  0.0  0.0  0.0  0.0 16.1 16.1  0.0  0.0  0.0  0.0  0.0  0.0
    -11.91     -5.01      4.94     -6.61      8.90  0.0  0.0  0.0  0.0  0.0
                                   t000002_s11_p11_el2ap.txt 17.8  4.9  106
  9.4  0.0  0.0 94.3  0.0  0.0  0.0  9.4  0.0 28.3  0.0  0.0  0.0  0.0  0.0
  0.0  0.0  0.0  9.4  0.0  0.0226.4103.8 56.6  9.4  9.4  0.0  9.4  0.0  0.0
  0.0 18.9 47.2  0.0  9.4 56.6  0.0  0.0  9.4  9.4 28.3  0.0 37.7 18.9  0.0
  0.0  0.0  0.0  0.0  9.4 28.3 37.7 18.9  0.0  0.0 84.9  9.4  9.4103.8  0.0
 18.9  0.0  0.0  0.0  0.0  0.0  0.0  0.0  0.0  0.0  0.0  0.0  0.0  0.0  0.0
  0.0  0.0  0.0  0.0  0.0  0.0  0.0  0.0  0.0  0.0  0.0  0.0  0.0  0.0  0.0
  0.0  0.0  0.0  0.0  0.0  0.0  0.0  0.0  0.0  0.0  0.0  0.0  0.0  0.0  0.0
  0.0  0.0  0.0  0.0  0.0  0.0  0.0  0.0  0.0  0.0  0.0  0.0  0.0  0.0  0.0
  0.0  0.0  0.0  0.0  0.0  0.0  0.0  0.0 47.2  9.4 37.7  9.4  0.0  0.0  0.0
  0.0  0.0  0.0  0.0  0.0 28.3  0.0  9.4  9.4 18.9  0.0  0.0  0.0  0.0  0.0
    -12.47     -3.25      5.25     14.20     22.82  9.4  0.0  0.0  0.0  0.0
                                   t000002_s11_p12_el2ap.txt 24.8  5.6  130
 15.4  0.0  0.0 53.8  0.0  0.0  7.7  0.0  7.7  7.7  0.0  0.0  0.0  7.7  0.0
  0.0  0.0 15.4  0.0  0.0  7.7300.0107.7 69.2  7.7  0.0  0.0  7.7  0.0  0.0
  0.0  7.7 53.8  0.0  0.0 30.8 15.4  0.0  7.7  0.0  0.0  0.0 15.4 15.4  0.0
  0.0  7.7  0.0  0.0  0.0 15.4 15.4 15.4  0.0  0.0115.4  7.7  0.0107.7 23.1
 15.4  0.0  0.0  0.0  0.0  0.0  0.0  0.0  0.0  0.0  0.0  0.0  0.0  0.0  0.0
  0.0  0.0  0.0  0.0  0.0  0.0  0.0  0.0  0.0  0.0  0.0  0.0  0.0  0.0  0.0
  0.0  0.0  0.0  0.0  0.0  0.0  0.0  0.0  0.0  0.0  0.0  0.0  0.0  0.0  0.0
  0.0  0.0  0.0  0.0  0.0  0.0  0.0  0.0  0.0  0.0  0.0  0.0  0.0  0.0  0.0
  0.0  0.0  0.0  0.0  0.0  0.0  0.0  0.0 38.5  7.7 30.8 23.1  0.0  0.0 15.4
  0.0  0.0  7.7  0.0  0.0 15.4  7.7 23.1 15.4 15.4 23.1  0.0  0.0  0.0  0.0
    -11.89     -4.05      5.81     -4.12      8.32  0.0  0.0  0.0  0.0  0.0
                                   t000002_s11_p13_el2ap.txt 14.8  5.4   72
  0.0  0.0  0.0 69.4  0.0  0.0 13.9 13.9  0.0 13.9  0.0  0.0  0.0  0.0  0.0
  0.0  0.0  0.0  0.0  0.0  0.0263.9138.9125.0  0.0 13.9 13.9  0.0  0.0  0.0
  0.0 13.9 55.6  0.0 13.9 13.9 13.9  0.0 13.9  0.0  0.0  0.0 13.9 27.8  0.0
  0.0  0.0  0.0  0.0  0.0  0.0 13.9 27.8  0.0  0.0125.0 13.9  0.0111.1 13.9
  0.0  0.0  0.0  0.0  0.0  0.0  0.0  0.0  0.0  0.0  0.0  0.0  0.0  0.0  0.0
  0.0  0.0  0.0  0.0  0.0  0.0  0.0  0.0  0.0  0.0  0.0  0.0  0.0  0.0  0.0
  0.0  0.0  0.0  0.0  0.0  0.0  0.0  0.0  0.0  0.0  0.0  0.0  0.0  0.0  0.0
  0.0  0.0  0.0  0.0  0.0  0.0  0.0  0.0  0.0  0.0  0.0  0.0  0.0  0.0  0.0
  0.0  0.0  0.0  0.0  0.0  0.0  0.0  0.0 55.6 13.9 27.8  0.0 13.9  0.0 13.9
  0.0  0.0 13.9  0.0  0.0  0.0  0.0 13.9 27.8  0.0  0.0  0.0  0.0  0.0  0.0
    -21.61     -2.44      5.10     -2.12      9.26 13.9  0.0  0.0  0.0  0.0
                                    t000002_s11_p2_el2ap.txt  9.3  7.1   46
  0.0  0.0  0.0 43.5  0.0  0.0  0.0  0.0  0.0  0.0  0.0  0.0  0.0  0.0  0.0
  0.0  0.0  0.0 43.5  0.0  0.0413.0 87.0173.9  0.0  0.0  0.0 21.7  0.0  0.0
  0.0 43.5130.4  0.0  0.0  0.0  0.0  0.0  0.0  0.0 21.7  0.0  0.0  0.0  0.0
  0.0  0.0 21.7  0.0  0.0 21.7 87.0  0.0  0.0  0.0173.9  0.0  0.0 65.2 21.7
  0.0  0.0  0.0  0.0  0.0  0.0  0.0  0.0  0.0  0.0  0.0  0.0  0.0  0.0  0.0
  0.0  0.0  0.0 21.7  0.0  0.0  0.0  0.0  0.0  0.0  0.0  0.0  0.0  0.0  0.0
  0.0  0.0  0.0  0.0  0.0  0.0  0.0  0.0  0.0  0.0  0.0  0.0  0.0  0.0  0.0
 21.7  0.0  0.0 21.7  0.0  0.0  0.0  0.0  0.0  0.0  0.0  0.0  0.0  0.0  0.0
  0.0  0.0  0.0  0.0  0.0  0.0  0.0  0.0 65.2 43.5 43.5  0.0 21.7  0.0  0.0
  0.0  0.0  0.0  0.0  0.0 21.7  0.0  0.0 21.7  0.0  0.0  0.0  0.0  0.0  0.0
    -30.50     -1.70     26.13      3.75     -3.63  0.0  0.0 21.7  0.0  0.0
                                    t000002_s11_p3_el2ap.txt 16.5  5.0   90
 11.1  0.0  0.0 77.8  0.0  0.0  0.0  0.0  0.0  0.0  0.0  0.0  0.0  0.0  0.0
  0.0  0.0  0.0 22.2  0.0  0.0366.7100.0 22.2  0.0 11.1  0.0  0.0  0.0  0.0
  0.0  0.0 55.6  0.0  0.0 33.3  0.0  0.0  0.0  0.0  0.0 11.1  0.0 22.2  0.0
  0.0  0.0  0.0 11.1  0.0  0.0 22.2 22.2  0.0  0.0 33.3 11.1  0.0 77.8  0.0
 11.1  0.0  0.0  0.0  0.0  0.0  0.0  0.0  0.0  0.0  0.0  0.0  0.0  0.0  0.0
  0.0  0.0  0.0  0.0  0.0  0.0  0.0  0.0  0.0  0.0  0.0  0.0  0.0 11.1  0.0
  0.0  0.0  0.0  0.0  0.0  0.0  0.0  0.0  0.0  0.0  0.0  0.0  0.0  0.0  0.0
  0.0  0.0 11.1 11.1  0.0  0.0  0.0  0.0  0.0  0.0  0.0  0.0  0.0  0.0  0.0
  0.0  0.0  0.0  0.0  0.0  0.0  0.0 11.1 66.7 22.2 33.3  0.0  0.0  0.0  0.0
  0.0  0.0  0.0  0.0  0.0 11.1  0.0 11.1 11.1 22.2  0.0  0.0 11.1  0.0  0.0
    -18.65     -5.23      2.94     -2.16     -0.26  0.0  0.0  0.0  0.0  0.0
                                    t000002_s11_p4_el2ap.txt 28.5  5.6  167
 12.0  0.0  0.0 83.8  0.0  0.0  0.0  6.0  0.0 35.9  0.0  6.0  0.0  0.0  0.0
  6.0  0.0  6.0 18.0  0.0  0.0251.5 65.9101.8 12.0  0.0  0.0  6.0  6.0  0.0
  0.0  6.0 71.9  0.0  6.0  6.0 18.0  0.0  0.0  0.0  0.0  0.0  0.0 24.0  6.0
  0.0 18.0 12.0  0.0 12.0  6.0 47.9 29.9  0.0  6.0131.7  0.0  0.0125.7  6.0
  6.0  0.0  0.0  0.0  0.0  0.0  0.0  0.0  0.0  0.0  0.0  0.0  0.0  0.0  0.0
  0.0  0.0  0.0  0.0  0.0  0.0 18.0  0.0  0.0  6.0  0.0  0.0  0.0  0.0  0.0
 12.0  0.0  0.0  0.0  0.0  0.0  0.0  6.0  0.0  0.0  0.0  0.0  0.0  0.0  0.0
 18.0  6.0  0.0 24.0 12.0  6.0 18.0  0.0  0.0  0.0  0.0  0.0  0.0  0.0  0.0
  0.0  0.0  0.0  6.0  0.0  0.0  0.0  0.0 12.0 12.0 18.0 12.0  0.0  0.0  6.0
  0.0  0.0  0.0  0.0  0.0  6.0 18.0  0.0  0.0 29.9  6.0  0.0 18.0  0.0  0.0
     -6.34     -4.22      9.60     -6.61      4.61  0.0  0.0  0.0  0.0  0.0
                                    t000002_s11_p5_el2ap.txt 13.8  6.1   65
  0.0  0.0  0.0 30.8  0.0  0.0  0.0  0.0  0.0  0.0  0.0  0.0  0.0  0.0  0.0
  0.0  0.0  0.0  0.0  0.0  0.0369.2 92.3 46.2 15.4  0.0  0.0  0.0  0.0  0.0
  0.0  0.0153.8  0.0  0.0 46.2 30.8  0.0  0.0  0.0  0.0 15.4  0.0 15.4  0.0
  0.0  0.0  0.0  0.0  0.0  0.0  0.0 15.4  0.0  0.0 92.3  0.0  0.0 92.3 15.4
  0.0  0.0  0.0  0.0  0.0  0.0  0.0  0.0  0.0  0.0  0.0  0.0  0.0  0.0  0.0
  0.0  0.0  0.0  0.0  0.0  0.0  0.0  0.0  0.0  0.0  0.0  0.0  0.0  0.0  0.0
  0.0  0.0 15.4  0.0  0.0  0.0  0.0  0.0  0.0  0.0  0.0  0.0  0.0  0.0  0.0
  0.0  0.0  0.0  0.0 15.4  0.0 15.4  0.0  0.0  0.0  0.0  0.0  0.0  0.0  0.0
  0.0  0.0  0.0  0.0  0.0  0.0  0.0  0.0 46.2 15.4 46.2  0.0  0.0  0.0  0.0
  0.0  0.0  0.0  0.0  0.0  0.0 15.4 30.8  0.0  0.0  0.0  0.0 15.4  0.0  0.0
    -29.52     -5.22      9.04     -0.45     -1.30  0.0  0.0  0.0  0.0  0.0
                                    t000002_s11_p6_el2ap.txt 30.0  5.7  181
  5.5  0.0  0.0 99.4  0.0  0.0  5.5  0.0  0.0  5.5  0.0  5.5  0.0  0.0  0.0
  0.0  0.0  5.5  0.0  0.0  0.0287.3 88.4 49.7  5.5 27.6 11.0  0.0  0.0  0.0
  0.0 16.6121.5  0.0  0.0 22.1  5.5  0.0  5.5  0.0  0.0  0.0  5.5 33.1  0.0
  0.0  5.5 22.1  0.0  5.5  5.5 27.6 33.1  0.0  0.0 82.9 27.6  0.0121.5  0.0
  5.5  0.0  0.0  0.0  0.0  0.0  0.0  0.0  0.0  0.0  0.0  0.0  0.0  0.0  0.0
  0.0  0.0  0.0  5.5  0.0  0.0 16.6  0.0  0.0  0.0  0.0  0.0  0.0  0.0  0.0
  5.5  0.0  0.0  0.0  0.0  0.0  0.0  0.0  0.0  0.0  0.0  0.0  0.0  0.0  0.0
 22.1  0.0  0.0 22.1  5.5  0.0  5.5  0.0  0.0  0.0  0.0  0.0  0.0  0.0  0.0
  0.0  0.0  0.0  0.0  0.0  0.0  0.0  0.0 11.0 16.6 11.0  5.5  0.0  0.0  5.5
  0.0  0.0  0.0  0.0  0.0  5.5 11.0 11.0  5.5 16.6  0.0  0.0 11.0  0.0  0.0
    -16.98     -2.19     14.30     -4.82      4.85  0.0  0.0  0.0  0.0  0.0
                                    t000002_s11_p7_el2ap.txt 10.3  5.6   47
 21.3  0.0  0.0 63.8  0.0  0.0  0.0  0.0  0.0 21.3  0.0  0.0  0.0  0.0  0.0
  0.0  0.0  0.0  0.0  0.0  0.0276.6 85.1106.4  0.0  0.0  0.0  0.0  0.0  0.0
  0.0 21.3 85.1  0.0  0.0 21.3 21.3  0.0  0.0  0.0  0.0  0.0  0.0  0.0  0.0
  0.0  0.0  0.0  0.0  0.0  0.0 21.3  0.0  0.0  0.0148.9  0.0  0.0106.4 21.3
  0.0  0.0  0.0  0.0  0.0  0.0  0.0  0.0  0.0  0.0  0.0  0.0  0.0  0.0  0.0
  0.0  0.0  0.0  0.0  0.0  0.0  0.0  0.0  0.0  0.0  0.0  0.0  0.0  0.0  0.0
  0.0  0.0 21.3  0.0  0.0  0.0  0.0  0.0  0.0  0.0 21.3  0.0  0.0  0.0  0.0
  0.0  0.0  0.0  0.0 21.3  0.0 21.3 21.3  0.0  0.0  0.0  0.0  0.0  0.0  0.0
  0.0  0.0  0.0  0.0  0.0  0.0  0.0  0.0 21.3 21.3  0.0 21.3 21.3  0.0  0.0
  0.0  0.0  0.0  0.0  0.0  0.0 42.6  0.0  0.0 63.8  0.0  0.0  0.0  0.0  0.0
    -22.48     -5.73     13.56     -6.61     -3.63  0.0  0.0  0.0  0.0  0.0
                                    t000002_s11_p8_el2ap.txt 13.3  5.4   63
 31.7  0.0  0.0111.1  0.0  0.0  0.0  0.0  0.0  0.0  0.0  0.0  0.0  0.0  0.0
  0.0  0.0 31.7  0.0  0.0  0.0206.3 79.4 15.9  0.0 15.9 15.9  0.0  0.0  0.0
  0.0 15.9127.0  0.0  0.0 47.6  0.0  0.0  0.0  0.0  0.0 15.9  0.0 47.6  0.0
  0.0  0.0 15.9  0.0  0.0 31.7 15.9 47.6  0.0  0.0111.1 15.9  0.0111.1 15.9
  0.0  0.0  0.0  0.0  0.0  0.0  0.0  0.0  0.0  0.0  0.0  0.0  0.0  0.0  0.0
  0.0  0.0  0.0  0.0  0.0  0.0 15.9  0.0  0.0  0.0  0.0  0.0  0.0  0.0  0.0
  0.0  0.0  0.0  0.0  0.0  0.0  0.0  0.0  0.0  0.0  0.0  0.0  0.0  0.0  0.0
 15.9  0.0  0.0 15.9  0.0  0.0  0.0  0.0  0.0  0.0  0.0  0.0  0.0  0.0  0.0
  0.0  0.0  0.0  0.0  0.0  0.0  0.0  0.0 15.9  0.0 15.9  0.0  0.0 15.9  0.0
  0.0  0.0  0.0  0.0  0.0  0.0  0.0 15.9  0.0 31.7  0.0  0.0 15.9  0.0  0.0
     -6.73     -1.97     12.97     -0.26      3.59  0.0  0.0  0.0  0.0  0.0
                                    t000002_s11_p9_el2ap.txt 12.5  5.2   63
 15.9  0.0  0.0 63.5  0.0  0.0  0.0  0.0  0.0  0.0  0.0  0.0  0.0  0.0  0.0
  0.0  0.0  0.0  0.0  0.0  0.0365.1 15.9 79.4  0.0  0.0  0.0 31.7  0.0  0.0
  0.0 31.7127.0  0.0  0.0  0.0 15.9  0.0  0.0  0.0  0.0  0.0  0.0  0.0  0.0
  0.0  0.0 15.9  0.0  0.0  0.0 31.7  0.0  0.0  0.0 95.2  0.0  0.0111.1 15.9
 15.9  0.0  0.0  0.0  0.0  0.0  0.0  0.0  0.0  0.0  0.0  0.0  0.0  0.0  0.0
  0.0  0.0  0.0 15.9  0.0  0.0  0.0  0.0  0.0  0.0  0.0  0.0  0.0  0.0  0.0
  0.0  0.0  0.0  0.0  0.0  0.0  0.0  0.0  0.0  0.0  0.0  0.0  0.0  0.0  0.0
 15.9  0.0  0.0 15.9  0.0  0.0  0.0  0.0  0.0  0.0  0.0  0.0  0.0  0.0  0.0
  0.0  0.0  0.0  0.0  0.0  0.0  0.0  0.0 31.7 15.9 47.6  0.0  0.0  0.0  0.0
  0.0  0.0  0.0  0.0  0.0  0.0 47.6 31.7 15.9 15.9  0.0  0.0 15.9  0.0  0.0
    -23.42      0.15     21.55     -6.61     -3.63  0.0  0.0  0.0  0.0  0.0
                                    t000002_s15_p1_el2ap.txt 13.5  5.7   60
  0.0  0.0  0.0 66.7  0.0  0.0  0.0  0.0  0.0 16.7  0.0  0.0  0.0  0.0  0.0
  0.0  0.0  0.0 16.7  0.0  0.0283.3116.7 66.7  0.0 16.7  0.0  0.0  0.0 16.7
  0.0 16.7116.7  0.0  0.0 50.0  0.0  0.0  0.0  0.0  0.0  0.0 16.7 16.7 16.7
  0.0  0.0  0.0  0.0  0.0  0.0 33.3 33.3  0.0 16.7100.0 16.7  0.0100.0 16.7
  0.0  0.0  0.0  0.0  0.0  0.0  0.0  0.0  0.0  0.0  0.0  0.0  0.0  0.0  0.0
  0.0  0.0  0.0  0.0  0.0  0.0  0.0  0.0  0.0  0.0  0.0  0.0  0.0  0.0  0.0
  0.0  0.0  0.0  0.0  0.0  0.0  0.0  0.0  0.0  0.0  0.0  0.0  0.0  0.0  0.0
  0.0  0.0  0.0  0.0  0.0  0.0  0.0  0.0  0.0  0.0  0.0  0.0  0.0  0.0  0.0
  0.0  0.0  0.0  0.0  0.0  0.0  0.0  0.0 50.0  0.0 16.7  0.0  0.0  0.0  0.0
  0.0 16.7  0.0  0.0  0.0  0.0  0.0 16.7  0.0  0.0 16.7  0.0 16.7  0.0  0.0
    -21.18     -4.99     20.74     -6.61     22.14 16.7  0.0  0.0  0.0  0.0
                                   t000002_s15_p10_el2ap.txt 17.0  5.6   86
 11.6  0.0  0.0 81.4  0.0  0.0  0.0  0.0  0.0 11.6  0.0 11.6  0.0  0.0  0.0
  0.0  0.0  0.0  0.0  0.0  0.0325.6 93.0 81.4 58.1 23.3  0.0  0.0  0.0  0.0
 11.6  0.0116.3  0.0  0.0 23.3  0.0  0.0  0.0  0.0  0.0  0.0 11.6 58.1  0.0
  0.0  0.0  0.0 11.6  0.0  0.0 11.6 58.1  0.0 11.6 93.0 23.3  0.0151.2  0.0
 23.3  0.0  0.0  0.0  0.0  0.0  0.0  0.0  0.0  0.0  0.0  0.0  0.0  0.0  0.0
  0.0  0.0  0.0  0.0  0.0  0.0  0.0  0.0  0.0  0.0  0.0  0.0  0.0  0.0  0.0
  0.0  0.0  0.0  0.0  0.0  0.0  0.0  0.0  0.0  0.0  0.0  0.0  0.0  0.0  0.0
  0.0  0.0  0.0  0.0  0.0  0.0  0.0  0.0  0.0  0.0  0.0  0.0  0.0  0.0  0.0
  0.0  0.0  0.0  0.0  0.0  0.0  0.0  0.0 46.5 23.3 34.9  0.0  0.0  0.0  0.0
  0.0  0.0  0.0  0.0  0.0  0.0  0.0 34.9 23.3  0.0  0.0 11.6 11.6  0.0  0.0
    -17.90     -2.78     18.30     -6.61     12.45  0.0  0.0  0.0  0.0  0.0
                                   t000002_s15_p11_el2ap.txt 11.8  6.1   57
  0.0  0.0  0.0 35.1  0.0  0.0  0.0  0.0  0.0  0.0  0.0  0.0  0.0  0.0  0.0
  0.0  0.0  0.0  0.0  0.0  0.0298.2157.9 70.2 17.5  0.0  0.0  0.0  0.0  0.0
 17.5  0.0 87.7  0.0  0.0 52.6 17.5  0.0  0.0  0.0  0.0  0.0  0.0  0.0 17.5
  0.0  0.0  0.0  0.0  0.0  0.0  0.0 17.5  0.0 17.5122.8  0.0  0.0105.3 17.5
  0.0  0.0  0.0  0.0  0.0  0.0  0.0  0.0  0.0  0.0  0.0  0.0  0.0  0.0  0.0
  0.0  0.0  0.0  0.0  0.0  0.0  0.0  0.0  0.0  0.0  0.0  0.0  0.0  0.0  0.0
  0.0  0.0 17.5  0.0  0.0  0.0  0.0  0.0  0.0  0.0  0.0  0.0  0.0  0.0  0.0
  0.0  0.0  0.0  0.0 17.5  0.0 17.5  0.0  0.0  0.0  0.0  0.0  0.0  0.0  0.0
  0.0  0.0  0.0  0.0  0.0  0.0  0.0  0.0 52.6 17.5 35.1  0.0  0.0 17.5  0.0
  0.0  0.0  0.0  0.0  0.0  0.0  0.0 70.2  0.0  0.0  0.0  0.0  0.0  0.0  0.0
    -31.20     -5.15     20.02     -6.61      9.87  0.0 17.5  0.0  0.0  0.0
                                   t000002_s15_p12_el2ap.txt 11.8  5.7   56
 17.9  0.0  0.0 17.9  0.0  0.0  0.0  0.0  0.0 17.9  0.0  0.0  0.0 17.9  0.0
  0.0  0.0 17.9  0.0  0.0  0.0375.0125.0 53.6 35.7  0.0  0.0  0.0  0.0  0.0
  0.0  0.0142.9  0.0 17.9 17.9 35.7  0.0  0.0  0.0  0.0  0.0  0.0  0.0 17.9
 17.9  0.0  0.0  0.0  0.0 17.9  0.0 35.7  0.0  0.0 71.4  0.0  0.0107.1  0.0
  0.0  0.0  0.0  0.0  0.0  0.0  0.0  0.0  0.0  0.0  0.0  0.0  0.0  0.0  0.0
  0.0  0.0  0.0  0.0  0.0  0.0  0.0  0.0  0.0 17.9  0.0  0.0  0.0  0.0  0.0
  0.0  0.0  0.0  0.0  0.0  0.0  0.0 17.9  0.0  0.0  0.0  0.0  0.0  0.0  0.0
  0.0 17.9  0.0 17.9  0.0 17.9 17.9  0.0  0.0  0.0  0.0  0.0  0.0  0.0  0.0
  0.0  0.0  0.0  0.0  0.0  0.0  0.0  0.0 53.6 17.9 71.4  0.0  0.0 17.9 17.9
  0.0  0.0  0.0  0.0 17.9  0.0  0.0 17.9 35.7 17.9  0.0  0.0  0.0  0.0  0.0
    -12.53     -4.55      4.63     -6.61     15.87  0.0  0.0  0.0  0.0  0.0
                                   t000002_s15_p13_el2ap.txt  9.8  5.9   48
 41.7  0.0  0.0104.2  0.0  0.0  0.0  0.0  0.0  0.0  0.0  0.0  0.0  0.0  0.0
  0.0  0.0 20.8 20.8  0.0  0.0354.2 62.5 41.7 20.8  0.0  0.0  0.0  0.0  0.0
  0.0  0.0125.0  0.0  0.0 62.5 20.8  0.0  0.0  0.0  0.0  0.0 20.8 20.8  0.0
  0.0  0.0 20.8  0.0  0.0 20.8 20.8 20.8  0.0  0.0 41.7  0.0  0.0145.8  0.0
  0.0  0.0  0.0  0.0  0.0  0.0  0.0  0.0  0.0  0.0  0.0  0.0  0.0  0.0  0.0
  0.0  0.0  0.0  0.0  0.0  0.0 20.8  0.0  0.0  0.0  0.0  0.0  0.0  0.0  0.0
  0.0  0.0  0.0  0.0  0.0  0.0  0.0  0.0  0.0  0.0  0.0  0.0  0.0 20.8  0.0
 20.8  0.0  0.0 20.8  0.0  0.0  0.0 20.8  0.0  0.0  0.0  0.0  0.0  0.0  0.0
  0.0  0.0  0.0  0.0  0.0  0.0  0.0 20.8  0.0  0.0  0.0  0.0  0.0  0.0  0.0
  0.0  0.0  0.0  0.0  0.0  0.0  0.0 20.8  0.0 20.8  0.0  0.0  0.0  0.0  0.0
    -10.80     -5.04      6.10     -6.61     12.55  0.0 20.8  0.0  0.0  0.0
                                   t000002_s15_p14_el2ap.txt 20.3  4.9  115
  0.0  0.0  0.0 17.4  0.0  0.0  0.0  0.0  0.0  0.0  0.0  0.0  0.0  0.0  0.0
  0.0  0.0  0.0 17.4  0.0  0.0313.0 95.7 34.8 69.6  0.0  0.0  0.0  0.0  0.0
  0.0  8.7 52.2  8.7  8.7 34.8  0.0  0.0  0.0  0.0  0.0  0.0  0.0 52.2  8.7
 17.4  8.7  0.0  0.0  0.0  0.0 34.8 78.3  0.0  0.0 43.5  0.0  0.0121.7  8.7
  0.0  0.0  0.0  0.0  0.0  0.0  0.0  0.0  0.0  0.0  0.0  0.0  0.0  0.0  0.0
  0.0  0.0  0.0  0.0  0.0  0.0  0.0  0.0  0.0  0.0  0.0  0.0  0.0  0.0  0.0
  0.0  0.0  0.0  0.0  0.0  0.0  0.0  0.0  0.0  0.0  0.0  0.0  0.0  0.0  0.0
  0.0  0.0  0.0  0.0  0.0  0.0  0.0  0.0  0.0  0.0  0.0  0.0  0.0  0.0  0.0
  0.0  0.0  0.0  0.0  0.0  0.0  0.0  8.7 34.8  0.0 34.8  0.0  0.0  0.0  0.0
  0.0  0.0  0.0  0.0  0.0  0.0  0.0 26.1 26.1  8.7  0.0  0.0  0.0  0.0  0.0
    -21.24     -3.44      0.80     -6.61     16.58  0.0  0.0  0.0  0.0  0.0
                                   t000002_s15_p15_el2ap.txt 18.0  4.9  111
 18.0  0.0  0.0 36.0  0.0  0.0  0.0  0.0  0.0  0.0  0.0  0.0  0.0  0.0  9.0
  0.0  0.0  0.0 27.0  0.0  0.0297.3 90.1 27.0 63.1  9.0  0.0  0.0  0.0  9.0
  0.0  0.0 54.1  0.0 18.0 54.1  0.0  0.0  0.0  0.0  0.0  9.0  9.0 36.0  9.0
  0.0  0.0  9.0  9.0  0.0  0.0 27.0 45.0  0.0  9.0 36.0  9.0  0.0144.1 18.0
  0.0  0.0  0.0  0.0  0.0  0.0  0.0  0.0  0.0  0.0  0.0  0.0  0.0  0.0  0.0
  0.0  0.0  0.0  0.0  0.0  0.0  0.0  0.0  0.0  0.0  0.0  0.0  0.0  0.0  0.0
  0.0  0.0  0.0  0.0  0.0  0.0  0.0  0.0  0.0  0.0  0.0  0.0  0.0  9.0  0.0
  0.0  0.0  0.0  0.0  0.0  0.0  0.0  9.0  0.0  0.0  0.0  0.0  0.0  0.0  0.0
  0.0  0.0  0.0  0.0  0.0  0.0  0.0  0.0 72.1  0.0 81.1  0.0  0.0  9.0  0.0
  0.0  0.0  0.0  0.0  0.0  0.0  0.0 27.0  9.0 27.0  0.0  0.0 27.0  0.0  0.0
     -8.92     -3.25      0.86     -3.00     14.39  0.0  0.0  0.0  0.0  0.0
                                   t000002_s15_p16_el2ap.txt 17.8  5.3   95
 10.5  0.0  0.0 10.5  0.0  0.0  0.0  0.0  0.0  0.0  0.0  0.0  0.0  0.0  0.0
  0.0  0.0 10.5  0.0  0.0  0.0336.8 94.7 73.7 42.1  0.0  0.0  0.0  0.0  0.0
  0.0  0.0 52.6  0.0 21.1 10.5 31.6  0.0  0.0  0.0  0.0  0.0  0.0 21.1 10.5
 10.5  0.0  0.0  0.0 21.1 10.5  0.0 42.1  0.0  0.0105.3  0.0  0.0115.8  0.0
  0.0  0.0  0.0  0.0  0.0  0.0  0.0  0.0  0.0  0.0  0.0  0.0  0.0  0.0  0.0
  0.0  0.0  0.0  0.0  0.0  0.0  0.0  0.0  0.0  0.0  0.0  0.0  0.0  0.0  0.0
  0.0  0.0  0.0  0.0  0.0  0.0  0.0  0.0  0.0  0.0  0.0  0.0  0.0  0.0  0.0
  0.0  0.0  0.0  0.0  0.0  0.0  0.0  0.0  0.0  0.0  0.0  0.0  0.0  0.0  0.0
  0.0  0.0  0.0  0.0  0.0  0.0  0.0  0.0 52.6 21.1 21.1 10.5 10.5  0.0  0.0
  0.0  0.0  0.0  0.0  0.0  0.0  0.0 21.1  0.0 31.6 10.5  0.0  0.0  0.0  0.0
    -24.72     -4.34     -2.16     -6.61     11.06  0.0  0.0  0.0  0.0  0.0
                                   t000002_s15_p17_el2ap.txt 15.3  4.4   95
 10.5  0.0  0.0  0.0  0.0  0.0  0.0  0.0  0.0  0.0  0.0  0.0  0.0  0.0  0.0
  0.0  0.0  0.0 10.5  0.0  0.0357.9147.4 42.1 42.1  0.0  0.0  0.0  0.0  0.0
  0.0  0.0 73.7  0.0 31.6 21.1  0.0  0.0  0.0  0.0  0.0  0.0  0.0 21.1  0.0
  0.0  0.0  0.0 21.1  0.0  0.0 10.5 21.1  0.0  0.0 52.6  0.0  0.0 42.1  0.0
  0.0  0.0  0.0  0.0  0.0  0.0  0.0  0.0  0.0  0.0  0.0  0.0  0.0  0.0  0.0
  0.0  0.0  0.0  0.0  0.0  0.0  0.0  0.0  0.0  0.0  0.0  0.0  0.0  0.0  0.0
  0.0  0.0  0.0  0.0  0.0  0.0  0.0  0.0  0.0  0.0  0.0  0.0  0.0  0.0  0.0
  0.0  0.0  0.0  0.0  0.0  0.0  0.0  0.0  0.0  0.0  0.0  0.0  0.0  0.0  0.0
  0.0  0.0  0.0  0.0  0.0  0.0  0.0  0.0 10.5 10.5 73.7  0.0  0.0  0.0  0.0
  0.0 10.5  0.0  0.0  0.0  0.0  0.0 10.5 10.5 21.1  0.0  0.0  0.0  0.0  0.0
    -24.64     -4.34     -4.39     -6.61     -0.44  0.0  0.0  0.0  0.0  0.0
                                   t000002_s15_p18_el2ap.txt 11.0  4.6   61
  0.0  0.0  0.0 65.6  0.0  0.0  0.0 16.4  0.0 32.8  0.0  0.0  0.0 16.4  0.0
  0.0  0.0  0.0  0.0  0.0  0.0180.3 98.4 65.6 32.8 16.4  0.0  0.0  0.0  0.0
  0.0  0.0 32.8  0.0  0.0 16.4 16.4  0.0  0.0  0.0  0.0  0.0  0.0 32.8  0.0
  0.0  0.0  0.0  0.0  0.0  0.0  0.0 32.8  0.0  0.0114.8 16.4  0.0114.8  0.0
  0.0  0.0  0.0  0.0  0.0  0.0  0.0  0.0  0.0  0.0  0.0  0.0  0.0  0.0  0.0
  0.0  0.0  0.0 16.4  0.0  0.0  0.0  0.0  0.0  0.0  0.0  0.0  0.0  0.0  0.0
  0.0  0.0 16.4  0.0  0.0  0.0  0.0  0.0  0.0  0.0  0.0  0.0  0.0  0.0  0.0
 16.4  0.0  0.0 16.4 16.4  0.0 16.4  0.0  0.0  0.0  0.0  0.0  0.0  0.0  0.0
  0.0  0.0  0.0  0.0  0.0  0.0  0.0  0.0 16.4 16.4  0.0  0.0  0.0  0.0  0.0
  0.0  0.0  0.0  0.0  0.0  0.0  0.0 16.4 16.4 16.4  0.0 16.4  0.0  0.0  0.0
     -4.03     -3.92      2.32     -6.61      1.34  0.0  0.0  0.0  0.0  0.0
                                   t000002_s15_p19_el2ap.txt 15.3  4.3   92
 32.6  0.0  0.0 43.5  0.0  0.0  0.0 21.7  0.0 10.9  0.0  0.0  0.0  0.0  0.0
  0.0  0.0 21.7  0.0  0.0  0.0271.7 87.0 32.6 54.3  0.0  0.0 10.9  0.0  0.0
  0.0  0.0 54.3  0.0  0.0 10.9  0.0  0.0  0.0  0.0  0.0  0.0 10.9 21.7  0.0
  0.0 10.9 10.9 10.9  0.0 21.7 10.9 21.7  0.0  0.0 43.5  0.0  0.0 97.8  0.0
 21.7  0.0  0.0  0.0  0.0  0.0  0.0  0.0  0.0  0.0  0.0  0.0  0.0  0.0  0.0
  0.0  0.0  0.0  0.0  0.0 10.9  0.0  0.0  0.0  0.0  0.0  0.0  0.0  0.0  0.0
  0.0  0.0  0.0  0.0  0.0  0.0  0.0  0.0  0.0  0.0  0.0  0.0  0.0  0.0  0.0
 10.9  0.0  0.0 10.9  0.0  0.0  0.0  0.0  0.0  0.0  0.0  0.0  0.0  0.0  0.0
  0.0  0.0  0.0  0.0  0.0  0.0  0.0  0.0 43.5 10.9  0.0  0.0  0.0  0.0  0.0
  0.0  0.0  0.0  0.0  0.0  0.0  0.0 32.6  0.0 21.7  0.0  0.0 10.9  0.0  0.0
     -4.92     -1.93      4.13     -6.61      6.46 10.9  0.0  0.0  0.0  0.0
                                    t000002_s15_p2_el2ap.txt 19.8  5.2  101
  9.9  0.0  0.0 39.6  0.0  0.0  0.0  0.0  0.0  0.0  0.0  0.0  0.0  0.0  0.0
  0.0  0.0  9.9 19.8  0.0  0.0336.6138.6 69.3  0.0 19.8  9.9  0.0  9.9  0.0
  0.0  9.9 49.5  0.0  0.0 19.8  0.0  0.0  0.0  0.0  0.0  9.9  0.0 19.8  0.0
  0.0  9.9  0.0  0.0  0.0  9.9 39.6 19.8  0.0  9.9 99.0 19.8  0.0 59.4  9.9
  0.0  0.0  0.0  0.0  0.0  0.0  0.0  0.0  0.0  0.0  0.0  0.0  0.0  0.0  0.0
  0.0  0.0  0.0  0.0  0.0  0.0  0.0  0.0  0.0  0.0  0.0  0.0  0.0  0.0  0.0
  0.0  0.0  0.0  0.0  0.0  0.0  0.0  0.0  0.0  0.0  0.0  0.0  9.9  0.0  0.0
  0.0  0.0  0.0  0.0  0.0  0.0  0.0  9.9  0.0  0.0  0.0  0.0  0.0  0.0  0.0
  0.0  0.0  0.0  0.0  0.0  0.0  0.0  0.0 19.8 29.7  9.9  9.9 29.7  0.0  0.0
  0.0  0.0  0.0  0.0  0.0  9.9  0.0  0.0  9.9  0.0  0.0  0.0  9.9  0.0  0.0
    -21.38     -2.94     12.78     -2.64     -0.63  9.9  9.9  0.0  0.0  0.0
                                   t000002_s15_p20_el2ap.txt 17.3  5.3   96
 10.4  0.0  0.0 41.7  0.0  0.0  0.0 10.4  0.0 10.4  0.0  0.0  0.0  0.0  0.0
 10.4  0.0  0.0  0.0  0.0  0.0312.5156.3 62.5 10.4  0.0  0.0  0.0  0.0  0.0
  0.0  0.0114.6  0.0  0.0 10.4 10.4 10.4  0.0  0.0  0.0 10.4 10.4 20.8  0.0
  0.0  0.0 10.4  0.0 10.4 10.4  0.0 20.8  0.0  0.0 72.9  0.0  0.0 72.9 10.4
  0.0 10.4  0.0  0.0  0.0  0.0  0.0  0.0  0.0  0.0  0.0  0.0  0.0  0.0  0.0
  0.0  0.0  0.0  0.0  0.0 10.4  0.0  0.0 10.4  0.0  0.0  0.0  0.0  0.0  0.0
  0.0  0.0  0.0  0.0  0.0  0.0  0.0  0.0  0.0  0.0  0.0  0.0  0.0  0.0  0.0
 10.4 10.4  0.0 20.8  0.0  0.0  0.0  0.0  0.0  0.0  0.0  0.0  0.0  0.0  0.0
  0.0  0.0  0.0  0.0  0.0  0.0  0.0 10.4 62.5 10.4 20.8  0.0  0.0 20.8 10.4
  0.0 10.4  0.0  0.0  0.0  0.0  0.0 20.8  0.0 20.8  0.0  0.0  0.0  0.0  0.0
    -19.98     -5.39      8.34      0.04      6.04  0.0  0.0  0.0  0.0  0.0
                                   t000002_s15_p21_el2ap.txt 16.3  5.2   86
  0.0  0.0  0.0 11.6  0.0  0.0  0.0  0.0  0.0  0.0  0.0  0.0  0.0 11.6  0.0
  0.0  0.0  0.0  0.0  0.0  0.0255.8162.8 58.1 58.1  0.0  0.0  0.0  0.0  0.0
  0.0  0.0 81.4  0.0 23.3 34.9  0.0  0.0  0.0  0.0  0.0  0.0 11.6 11.6  0.0
  0.0 11.6  0.0 11.6 11.6  0.0 11.6 11.6  0.0  0.0 93.0  0.0  0.0 69.8  0.0
 11.6  0.0  0.0  0.0  0.0  0.0  0.0  0.0  0.0  0.0  0.0  0.0  0.0  0.0  0.0
  0.0  0.0  0.0  0.0  0.0  0.0  0.0  0.0  0.0  0.0  0.0  0.0  0.0  0.0  0.0
  0.0  0.0  0.0  0.0  0.0  0.0  0.0  0.0  0.0  0.0  0.0  0.0  0.0  0.0  0.0
  0.0  0.0  0.0  0.0  0.0  0.0  0.0  0.0  0.0  0.0  0.0  0.0  0.0  0.0  0.0
  0.0  0.0  0.0  0.0  0.0  0.0  0.0  0.0 23.3  0.0  0.0  0.0  0.0 11.6  0.0
  0.0 11.6  0.0  0.0  0.0  0.0  0.0  0.0  0.0 23.3  0.0 11.6  0.0  0.0  0.0
    -22.34     -3.82     -2.20     -6.61      5.40  0.0  0.0  0.0  0.0  0.0
                                   t000002_s15_p22_el2ap.txt 20.8  5.6  109
  0.0  0.0  0.0 55.0  0.0  0.0  0.0  9.2  0.0  9.2  0.0  9.2  0.0  0.0  0.0
  0.0  0.0  9.2 18.3  0.0  0.0339.4 91.7 73.4  0.0  9.2  0.0  9.2  0.0  0.0
  0.0  9.2 45.9  0.0  0.0 36.7  0.0  0.0  0.0  0.0  0.0  9.2  0.0 27.5  0.0
  9.2  0.0  9.2  9.2  0.0  9.2 36.7 36.7  0.0  0.0 91.7  9.2  0.0 73.4  9.2
  9.2  0.0  0.0  0.0  0.0  0.0  0.0  0.0  0.0  0.0  0.0  0.0  0.0  0.0  0.0
  0.0  0.0  0.0  9.2  0.0  0.0  0.0  0.0  0.0  0.0  0.0  0.0  0.0  0.0  0.0
  0.0  0.0  0.0  0.0  0.0  0.0  0.0  0.0  0.0  0.0  9.2  0.0  0.0  0.0  0.0
  9.2  0.0  0.0  9.2  0.0  0.0  0.0  9.2  0.0  0.0  0.0  0.0  0.0  0.0  0.0
  0.0  0.0  0.0  0.0  0.0  0.0  0.0  0.0 18.3 45.9 55.0  0.0  0.0  9.2  9.2
  0.0  0.0  0.0  0.0  0.0  0.0 18.3  9.2 18.3  0.0  0.0  0.0  9.2  0.0  0.0
    -12.86     -3.62      5.47     -2.94      3.50  0.0  0.0  0.0  0.0  0.0
                                   t000002_s15_p23_el2ap.txt  9.0  6.4   39
  0.0  0.0  0.0 25.6  0.0  0.0  0.0  0.0  0.0  0.0  0.0  0.0  0.0  0.0  0.0
  0.0  0.0  0.0  0.0  0.0  0.0359.0 51.3102.6  0.0  0.0  0.0  0.0  0.0  0.0
  0.0 25.6  0.0  0.0  0.0  0.0 25.6  0.0  0.0  0.0  0.0  0.0  0.0  0.0  0.0
  0.0  0.0  0.0  0.0  0.0  0.0 25.6  0.0  0.0  0.0102.6  0.0  0.0179.5102.6
  0.0  0.0  0.0  0.0  0.0  0.0  0.0  0.0  0.0  0.0  0.0  0.0  0.0  0.0  0.0
  0.0  0.0  0.0  0.0  0.0  0.0  0.0  0.0  0.0  0.0  0.0  0.0  0.0  0.0  0.0
  0.0  0.0  0.0  0.0  0.0  0.0  0.0  0.0  0.0  0.0  0.0  0.0  0.0  0.0  0.0
  0.0  0.0  0.0  0.0  0.0  0.0  0.0  0.0  0.0  0.0  0.0  0.0  0.0  0.0  0.0
  0.0  0.0  0.0  0.0  0.0  0.0  0.0  0.0  0.0 25.6 51.3  0.0 25.6  0.0  0.0
  0.0  0.0  0.0  0.0  0.0  0.0  0.0  0.0 25.6 25.6  0.0  0.0  0.0  0.0  0.0
    -31.49     -5.73     10.47     -6.61     -3.63  0.0  0.0  0.0  0.0  0.0
                                   t000002_s15_p24_el2ap.txt 21.0  6.0   99
  0.0  0.0  0.0 30.3  0.0  0.0  0.0  0.0  0.0  0.0  0.0  0.0  0.0  0.0  0.0
  0.0  0.0 10.1 10.1  0.0  0.0343.4111.1 90.9 30.3 20.2  0.0  0.0  0.0  0.0
  0.0  0.0111.1  0.0  0.0 30.3 20.2  0.0  0.0  0.0  0.0  0.0  0.0 20.2  0.0
  0.0  0.0  0.0  0.0  0.0 10.1 10.1 20.2  0.0  0.0101.0 20.2  0.0121.2 30.3
 10.1  0.0  0.0  0.0  0.0  0.0  0.0  0.0  0.0  0.0  0.0  0.0  0.0  0.0  0.0
  0.0  0.0  0.0  0.0  0.0  0.0  0.0  0.0  0.0  0.0  0.0  0.0  0.0  0.0  0.0
  0.0  0.0 10.1  0.0  0.0  0.0  0.0  0.0  0.0  0.0  0.0  0.0  0.0  0.0  0.0
  0.0  0.0  0.0  0.0 10.1  0.0 10.1  0.0  0.0  0.0  0.0  0.0  0.0  0.0  0.0
  0.0  0.0  0.0  0.0  0.0  0.0  0.0  0.0 50.5 30.3 40.4  0.0  0.0 10.1 10.1
  0.0  0.0  0.0  0.0  0.0 30.3 10.1 20.2  0.0 10.1 10.1 10.1 10.1  0.0  0.0
    -26.63     -3.83      6.97     -6.61     -0.57  0.0  0.0  0.0  0.0  0.0
                                   t000002_s15_p25_el2ap.txt 14.3  4.9   85
  0.0  0.0  0.0 58.8  0.0  0.0  0.0  0.0  0.0 11.8  0.0  0.0  0.0  0.0  0.0
  0.0  0.0 11.8  0.0  0.0  0.0317.6129.4 82.4  0.0  0.0  0.0  0.0  0.0  0.0
 11.8  0.0 58.8  0.0 11.8 23.5  0.0  0.0  0.0  0.0 11.8  0.0 11.8 11.8  0.0
  0.0  0.0 11.8  0.0  0.0 23.5  0.0 11.8  0.0 11.8 82.4  0.0  0.0 58.8  0.0
  0.0  0.0  0.0  0.0  0.0  0.0  0.0  0.0  0.0  0.0  0.0  0.0  0.0  0.0  0.0
  0.0  0.0  0.0  0.0  0.0  0.0  0.0  0.0  0.0  0.0  0.0  0.0  0.0  0.0  0.0
  0.0  0.0  0.0  0.0  0.0  0.0  0.0  0.0  0.0  0.0  0.0  0.0  0.0  0.0  0.0
  0.0  0.0  0.0  0.0  0.0  0.0  0.0  0.0  0.0  0.0  0.0  0.0  0.0  0.0  0.0
  0.0  0.0  0.0  0.0  0.0  0.0  0.0  0.0 58.8 35.3 35.3  0.0 23.5  0.0  0.0
  0.0  0.0  0.0  0.0  0.0  0.0  0.0  0.0  0.0 11.8  0.0 11.8  0.0  0.0  0.0
    -22.62     -5.73     10.96     -1.00      5.51  0.0  0.0  0.0  0.0  0.0
                                   t000002_s15_p26_el2ap.txt 27.5  5.3  159
 12.6  0.0  0.0 50.3  0.0  0.0  6.3  0.0  0.0  6.3  0.0  0.0  0.0  0.0  0.0
  0.0  0.0 12.6 18.9  0.0  0.0295.6119.5 69.2  6.3  0.0  0.0  6.3  0.0  0.0
  0.0  0.0 44.0  0.0  0.0 31.4 12.6  0.0  6.3  0.0  0.0 12.6  6.3 12.6  6.3
 12.6  0.0 12.6  0.0  0.0 12.6 18.9 31.4  0.0  0.0106.9  0.0  6.3 94.3  6.3
 12.6  0.0  0.0  0.0  0.0  0.0  0.0  0.0  0.0  0.0  0.0  0.0  0.0  0.0  0.0
  0.0  0.0  0.0  0.0  0.0  6.3  0.0  0.0  0.0  0.0  0.0  0.0  0.0  0.0  0.0
  0.0  0.0  0.0  0.0  0.0  0.0  0.0  0.0  0.0  0.0  0.0  0.0  0.0  6.3  0.0
  6.3  0.0  0.0  6.3  0.0  0.0  0.0  6.3  0.0  0.0  0.0  0.0  0.0  0.0  0.0
  0.0  0.0  0.0  0.0  0.0  0.0  0.0  6.3 18.9 44.0 50.3  6.3  6.3  0.0 12.6
  0.0  0.0  0.0  0.0  0.0  6.3  0.0 25.2  0.0 18.9  0.0  0.0 25.2  0.0  0.0
    -16.14     -4.36      2.24      0.46     11.11  0.0  0.0  6.3  0.0  0.0
                                   t000002_s15_p27_el2ap.txt 12.0  5.6   61
  0.0  0.0  0.0 32.8  0.0  0.0  0.0  0.0  0.0  0.0  0.0  0.0  0.0  0.0  0.0
  0.0  0.0  0.0  0.0  0.0  0.0311.5114.8 65.6 32.8 16.4  0.0  0.0  0.0  0.0
  0.0  0.0 65.6  0.0  0.0  0.0 32.8  0.0  0.0  0.0  0.0  0.0  0.0 16.4  0.0
 16.4 16.4  0.0  0.0  0.0  0.0 16.4 32.8  0.0  0.0 98.4 16.4  0.0163.9 16.4
 32.8  0.0  0.0  0.0  0.0  0.0  0.0  0.0  0.0  0.0  0.0  0.0  0.0  0.0  0.0
  0.0  0.0  0.0  0.0  0.0  0.0  0.0  0.0  0.0  0.0  0.0  0.0  0.0  0.0  0.0
  0.0  0.0 16.4  0.0  0.0  0.0  0.0  0.0  0.0  0.0  0.0  0.0  0.0  0.0  0.0
  0.0  0.0  0.0  0.0 16.4  0.0 16.4  0.0  0.0  0.0  0.0  0.0  0.0  0.0  0.0
  0.0  0.0  0.0  0.0  0.0  0.0  0.0 16.4  0.0  0.0  0.0 16.4 16.4 16.4 32.8
  0.0  0.0  0.0  0.0  0.0  0.0  0.0 16.4 16.4 16.4 16.4 16.4  0.0  0.0  0.0
    -28.58     -3.92      5.53     -6.61      4.15  0.0  0.0  0.0  0.0  0.0
                                   t000002_s15_p28_el2ap.txt  9.8  6.1   52
  0.0  0.0  0.0 76.9  0.0  0.0  0.0  0.0  0.0 19.2  0.0  0.0  0.0  0.0  0.0
  0.0  0.0  0.0  0.0  0.0  0.0307.7134.6 57.7 57.7  0.0  0.0  0.0  0.0  0.0
  0.0  0.0153.8  0.0 19.2 38.5  0.0  0.0  0.0  0.0  0.0  0.0 19.2 19.2  0.0
  0.0  0.0 19.2  0.0  0.0  0.0  0.0 19.2  0.0  0.0 96.2  0.0  0.0134.6  0.0
  0.0  0.0  0.0  0.0  0.0  0.0  0.0  0.0  0.0  0.0  0.0  0.0  0.0  0.0  0.0
  0.0  0.0  0.0 19.2  0.0  0.0  0.0  0.0  0.0  0.0  0.0  0.0  0.0  0.0  0.0
  0.0  0.0  0.0  0.0  0.0  0.0  0.0  0.0  0.0  0.0  0.0  0.0  0.0  0.0  0.0
 19.2  0.0  0.0 19.2  0.0  0.0  0.0  0.0  0.0  0.0  0.0  0.0  0.0  0.0  0.0
  0.0  0.0  0.0  0.0  0.0  0.0  0.0  0.0 96.2 19.2 19.2 19.2  0.0  0.0 19.2
  0.0  0.0  0.0  0.0  0.0  0.0  0.0  0.0 57.7  0.0  0.0 19.2  0.0  0.0  0.0
    -25.93     -3.83      3.82     -6.61     11.31  0.0  0.0  0.0  0.0  0.0
                                   t000002_s15_p29_el2ap.txt 12.8  5.3   62
  0.0  0.0  0.0 48.4  0.0  0.0  0.0  0.0  0.0 32.3  0.0 16.1  0.0  0.0  0.0
  0.0  0.0  0.0  0.0  0.0  0.0290.3129.0 48.4 16.1  0.0  0.0  0.0  0.0  0.0
  0.0  0.0 64.5  0.0  0.0  0.0 16.1  0.0  0.0  0.0  0.0  0.0  0.0 16.1  0.0
  0.0  0.0  0.0  0.0  0.0  0.0 16.1 16.1  0.0  0.0 80.6  0.0  0.0112.9 32.3
 32.3  0.0  0.0  0.0  0.0  0.0  0.0  0.0  0.0  0.0  0.0  0.0  0.0  0.0  0.0
  0.0  0.0  0.0  0.0  0.0  0.0  0.0  0.0  0.0  0.0  0.0  0.0  0.0  0.0  0.0
  0.0  0.0  0.0  0.0  0.0  0.0  0.0  0.0  0.0  0.0  0.0  0.0  0.0  0.0  0.0
  0.0  0.0  0.0  0.0  0.0  0.0  0.0  0.0  0.0  0.0  0.0  0.0  0.0  0.0  0.0
  0.0  0.0  0.0  0.0  0.0  0.0  0.0  0.0 64.5 16.1 64.5  0.0 16.1  0.0  0.0
  0.0  0.0  0.0  0.0  0.0  0.0  0.0  0.0  0.0 32.3  0.0  0.0 16.1  0.0  0.0
    -12.31     -5.20      5.45     -6.61     -1.18  0.0 16.1  0.0  0.0  0.0
                                    t000002_s15_p3_el2ap.txt 18.0  4.9  102
 19.6  0.0  0.0 78.4  0.0  0.0  0.0  9.8  0.0 19.6  0.0  0.0  0.0  0.0  0.0
  0.0  0.0 19.6  0.0  0.0  0.0245.1 88.2 39.2  0.0 29.4  0.0  0.0  0.0  0.0
 19.6 19.6 68.6  0.0  0.0 19.6 19.6  9.8  0.0  0.0  9.8  0.0  0.0 29.4  0.0
  0.0  0.0 29.4  0.0  9.8 39.2 19.6 29.4  0.0 19.6 49.0 29.4  0.0117.6 19.6
  0.0  0.0  0.0  0.0  0.0  0.0  0.0  0.0  0.0  0.0  0.0  0.0  0.0  0.0  0.0
  0.0  0.0  0.0  9.8  0.0  0.0 19.6  0.0  0.0  0.0  0.0  0.0  0.0  0.0  0.0
  0.0  0.0  0.0  0.0  0.0  0.0  0.0  0.0  0.0  0.0  0.0  0.0  0.0  0.0  0.0
 29.4  0.0  0.0 29.4  0.0  0.0  0.0  0.0  0.0  0.0  0.0  0.0  0.0  0.0  0.0
  0.0  0.0  0.0  0.0  0.0  0.0  0.0 19.6  9.8  0.0  9.8  0.0 29.4  9.8  0.0
  0.0  0.0  0.0  0.0  0.0  0.0  0.0  0.0  9.8 19.6  0.0  0.0 19.6  0.0  0.0
     -8.48     -4.42     29.71      0.40      0.83  0.0  0.0  9.8  0.0  0.0
                                   t000002_s15_p30_el2ap.txt 21.3  5.9  115
  0.0  0.0  0.0 60.9  0.0  0.0  0.0  0.0  0.0 17.4  0.0  0.0  0.0  0.0  0.0
  8.7  0.0  8.7 17.4  0.0  0.0365.2104.3 60.9 26.1  8.7  0.0  0.0  0.0  0.0
  0.0  0.0165.2  0.0  0.0 43.5  8.7  8.7  0.0  0.0  0.0  0.0 34.8 26.1  0.0
  0.0  0.0  0.0  0.0  0.0 17.4 17.4 26.1  0.0  0.0 69.6  8.7  0.0113.0 17.4
  8.7  0.0  0.0  0.0  0.0  0.0  0.0  0.0  0.0  0.0  0.0  0.0  0.0  0.0  0.0
  0.0  0.0  0.0  0.0  8.7  0.0  0.0  0.0  0.0  8.7  0.0  0.0  0.0  0.0  0.0
  0.0  0.0  8.7  0.0  0.0  0.0  0.0  0.0  0.0  0.0  0.0  0.0  0.0  0.0  0.0
  8.7  8.7  0.0 17.4  8.7  0.0  8.7  0.0  0.0  0.0  0.0  0.0  0.0  0.0  0.0
  0.0  0.0  0.0  0.0  0.0  0.0  0.0  0.0 52.2 26.1 34.8  0.0 17.4  0.0  8.7
  0.0  0.0  0.0  0.0  0.0  0.0  0.0  8.7 17.4  8.7 17.4  0.0 17.4  0.0  0.0
    -17.32     -4.48      9.98     -4.53     22.07  0.0  0.0  0.0  0.0  0.0
                                   t000002_s15_p31_el2ap.txt 13.0  5.6   59
  0.0  0.0  0.0 16.9  0.0  0.0  0.0  0.0  0.0  0.0  0.0  0.0  0.0  0.0  0.0
  0.0  0.0  0.0 16.9  0.0  0.0254.2152.5 84.7 67.8  0.0  0.0 16.9  0.0  0.0
  0.0 16.9118.6  0.0  0.0  0.0  0.0  0.0  0.0  0.0  0.0  0.0  0.0 50.8  0.0
 16.9  0.0  0.0  0.0  0.0  0.0 33.9 67.8  0.0  0.0101.7  0.0  0.0169.5 50.8
  0.0  0.0  0.0  0.0  0.0  0.0  0.0  0.0  0.0  0.0  0.0  0.0  0.0  0.0  0.0
  0.0  0.0  0.0 16.9  0.0  0.0  0.0  0.0  0.0  0.0  0.0  0.0  0.0  0.0  0.0
  0.0  0.0  0.0  0.0  0.0  0.0  0.0  0.0  0.0  0.0  0.0  0.0  0.0  0.0  0.0
 16.9  0.0  0.0 16.9  0.0  0.0  0.0  0.0  0.0  0.0  0.0  0.0  0.0  0.0  0.0
  0.0  0.0  0.0  0.0  0.0  0.0  0.0  0.0 33.9  0.0  0.0  0.0 16.9  0.0 16.9
  0.0  0.0  0.0  0.0  0.0  0.0  0.0 50.8  0.0  0.0  0.0  0.0  0.0  0.0  0.0
    -26.25     -0.36     15.49     -6.61      9.55  0.0  0.0  0.0  0.0  0.0
                                   t000002_s15_p32_el2ap.txt 15.5  5.8   72
  0.0  0.0  0.0 69.4  0.0  0.0  0.0  0.0  0.0 13.9  0.0  0.0  0.0  0.0  0.0
  0.0  0.0  0.0 13.9  0.0  0.0291.7 97.2 97.2 27.8 13.9  0.0  0.0  0.0  0.0
  0.0 13.9125.0  0.0  0.0 27.8  0.0  0.0 13.9  0.0 13.9  0.0 13.9 13.9  0.0
  0.0  0.0  0.0  0.0  0.0 13.9 27.8 13.9  0.0  0.0152.8 13.9 13.9 97.2  0.0
  0.0  0.0  0.0  0.0  0.0  0.0  0.0  0.0  0.0  0.0  0.0  0.0  0.0  0.0  0.0
  0.0  0.0  0.0  0.0  0.0  0.0  0.0  0.0  0.0  0.0  0.0  0.0  0.0  0.0  0.0
  0.0  0.0  0.0  0.0  0.0  0.0  0.0 13.9  0.0  0.0  0.0  0.0  0.0  0.0  0.0
  0.0  0.0  0.0  0.0  0.0 13.9 13.9  0.0  0.0  0.0  0.0  0.0  0.0  0.0  0.0
  0.0  0.0  0.0  0.0  0.0  0.0  0.0  0.0 13.9 13.9  0.0  0.0  0.0  0.0 13.9
  0.0  0.0  0.0  0.0  0.0 13.9  0.0 13.9 13.9  0.0  0.0 13.9 13.9  0.0  0.0
    -23.52     -4.20     13.22      4.49      7.16 13.9  0.0  0.0  0.0  0.0
                                   t000002_s15_p33_el2ap.txt 16.0  6.1   83
  0.0  0.0  0.0 12.0  0.0  0.0  0.0 12.0  0.0  0.0  0.0  0.0  0.0  0.0  0.0
 12.0  0.0  0.0 36.1  0.0  0.0277.1120.5 60.2 72.3  0.0  0.0  0.0  0.0  0.0
 12.0  0.0 96.4  0.0  0.0 48.2 12.0  0.0  0.0  0.0  0.0  0.0 12.0  0.0  0.0
 36.1  0.0  0.0  0.0 12.0  0.0 36.1 36.1  0.0 12.0108.4  0.0  0.0192.8 60.2
  0.0  0.0  0.0  0.0  0.0  0.0  0.0  0.0  0.0  0.0  0.0  0.0  0.0  0.0  0.0
  0.0  0.0  0.0  0.0  0.0  0.0  0.0  0.0  0.0  0.0  0.0  0.0  0.0  0.0  0.0
  0.0  0.0  0.0  0.0  0.0  0.0  0.0  0.0  0.0 12.0  0.0  0.0  0.0 12.0  0.0
  0.0  0.0  0.0  0.0  0.0  0.0 12.0 12.0  0.0  0.0  0.0  0.0  0.0  0.0  0.0
  0.0  0.0  0.0  0.0  0.0  0.0  0.0 24.1 36.1  0.0  0.0  0.0 12.0  0.0  0.0
  0.0  0.0  0.0  0.0  0.0  0.0  0.0 72.3 12.0 12.0  0.0  0.0 12.0  0.0  0.0
    -14.40     -3.35     15.88     -6.61     15.56  0.0  0.0  0.0  0.0  0.0
                                   t000002_s15_p34_el2ap.txt 11.5  5.5   54
  0.0  0.0  0.0 55.6  0.0  0.0  0.0  0.0 18.5  0.0  0.0  0.0  0.0 18.5  0.0
  0.0  0.0  0.0 18.5  0.0  0.0351.9185.2 37.0  0.0 18.5  0.0  0.0  0.0  0.0
  0.0 18.5 74.1  0.0  0.0  0.0  0.0  0.0  0.0  0.0  0.0  0.0  0.0  0.0  0.0
  0.0 18.5  0.0 18.5  0.0  0.0 55.6  0.0  0.0  0.0 37.0 37.0  0.0148.1 92.6
  0.0  0.0  0.0  0.0  0.0  0.0  0.0  0.0  0.0  0.0  0.0  0.0  0.0  0.0  0.0
  0.0  0.0  0.0  0.0  0.0  0.0  0.0  0.0  0.0  0.0  0.0  0.0  0.0  0.0  0.0
  0.0  0.0  0.0  0.0  0.0  0.0  0.0  0.0  0.0  0.0  0.0  0.0  0.0  0.0  0.0
  0.0  0.0  0.0  0.0  0.0  0.0  0.0  0.0  0.0  0.0  0.0  0.0  0.0  0.0  0.0
  0.0  0.0  0.0  0.0  0.0  0.0  0.0 18.5 37.0  0.0  0.0 37.0 18.5  0.0  0.0
  0.0  0.0  0.0  0.0  0.0 18.5  0.0 37.0 55.6  0.0  0.0  0.0  0.0  0.0  0.0
    -16.12     -4.90     12.98     -6.61     -3.63  0.0  0.0  0.0  0.0  0.0
                                   t000002_s15_p35_el2ap.txt 18.0  5.0  102
 39.2  0.0  0.0 39.2  0.0  0.0  9.8  9.8  0.0  0.0  0.0  0.0  0.0  9.8  0.0
  0.0  0.0  9.8  0.0  0.0  0.0323.5 88.2 39.2 49.0  0.0  0.0  0.0  0.0  0.0
  0.0  9.8 49.0  0.0  9.8  9.8 29.4  0.0  0.0  0.0  0.0  0.0  0.0  0.0  0.0
  0.0  0.0  9.8  0.0  0.0  9.8  9.8  0.0  0.0  0.0 49.0  0.0  0.0127.5  9.8
  9.8  0.0  0.0  0.0  0.0  0.0  0.0  0.0  0.0  0.0  0.0  0.0  0.0  0.0  0.0
  0.0  0.0  0.0  0.0  0.0  9.8  0.0  0.0  0.0  0.0  0.0  0.0  0.0  0.0  0.0
  0.0  9.8  0.0  0.0  0.0  0.0  0.0  0.0  0.0  0.0  0.0  0.0  0.0  0.0  0.0
  9.8  0.0  0.0  9.8  9.8  0.0  9.8  0.0  0.0  0.0  0.0  0.0  0.0  0.0  0.0
  0.0  0.0  0.0  0.0  0.0  0.0  0.0  9.8 29.4  9.8  9.8 39.2  9.8  0.0  0.0
  0.0  0.0  0.0  0.0  0.0  0.0  0.0 49.0  9.8 39.2  0.0  9.8  9.8  0.0  0.0
     -8.97     -4.12      4.57     -6.61     -3.63 29.4  0.0  0.0  0.0  0.0
                                   t000002_s15_p36_el2ap.txt 13.0  4.4   76
 26.3  0.0  0.0 65.8  0.0  0.0  0.0  0.0 13.2  0.0  0.0  0.0  0.0  0.0  0.0
  0.0  0.0  0.0  0.0  0.0  0.0263.2 92.1 39.5 65.8 65.8  0.0 13.2  0.0  0.0
  0.0  0.0 39.5  0.0  0.0  0.0 13.2  0.0 13.2  0.0  0.0  0.0  0.0  0.0  0.0
  0.0  0.0 13.2  0.0 26.3  0.0  0.0  0.0  0.0  0.0 65.8 78.9  0.0157.9 13.2
  0.0  0.0  0.0  0.0  0.0  0.0  0.0  0.0  0.0  0.0  0.0  0.0  0.0  0.0  0.0
  0.0  0.0  0.0  0.0  0.0  0.0  0.0  0.0  0.0  0.0  0.0  0.0  0.0  0.0  0.0
  0.0  0.0  0.0  0.0  0.0  0.0  0.0  0.0  0.0  0.0  0.0  0.0  0.0  0.0  0.0
  0.0  0.0  0.0  0.0  0.0  0.0  0.0  0.0  0.0  0.0  0.0  0.0  0.0  0.0  0.0
  0.0  0.0  0.0  0.0  0.0  0.0  0.0 39.5 52.6 26.3  0.0  0.0  0.0  0.0 13.2
  0.0  0.0  0.0  0.0 13.2  0.0  0.0 39.5 26.3 13.2  0.0  0.0 13.2  0.0  0.0
    -17.91      1.80      3.71     -2.36     -3.63  0.0  0.0 13.2  0.0  0.0
                                   t000002_s15_p37_el2ap.txt 15.8  5.0   82
  0.0  0.0  0.0 12.2  0.0  0.0 12.2  0.0  0.0 36.6  0.0  0.0  0.0  0.0  0.0
  0.0  0.0  0.0 12.2  0.0  0.0243.9 97.6 85.4 97.6 12.2  0.0  0.0  0.0  0.0
  0.0  0.0 85.4 12.2  0.0 24.4  0.0  0.0  0.0  0.0  0.0  0.0  0.0  0.0  0.0
  0.0  0.0 12.2 12.2  0.0  0.0 12.2  0.0  0.0  0.0 85.4 12.2  0.0158.5 48.8
  0.0  0.0  0.0  0.0  0.0  0.0  0.0  0.0  0.0  0.0  0.0  0.0  0.0  0.0  0.0
  0.0  0.0  0.0 12.2  0.0  0.0  0.0  0.0  0.0  0.0  0.0 12.2  0.0  0.0  0.0
  0.0  0.0  0.0  0.0  0.0  0.0  0.0  0.0  0.0  0.0  0.0  0.0  0.0  0.0  0.0
 12.2  0.0 12.2 24.4  0.0  0.0  0.0  0.0  0.0  0.0  0.0  0.0  0.0  0.0  0.0
  0.0  0.0  0.0  0.0  0.0  0.0  0.0 36.6 48.8  0.0  0.0  0.0 12.2  0.0 12.2
  0.0  0.0  0.0  0.0  0.0 12.2  0.0 24.4 12.2  0.0  0.0 12.2 12.2  0.0  0.0
    -15.86     -1.98      2.03     -6.61     -3.63 12.2  0.0  0.0  0.0  0.0
                                   t000002_s15_p38_el2ap.txt 26.0  5.2  146
 20.5  6.8  0.0 27.4  0.0  0.0  0.0  6.8  0.0 13.7  0.0  6.8  0.0  0.0  0.0
  0.0  0.0  6.8 27.4  0.0  0.0253.4 95.9 34.2 82.2 34.2 20.5  6.8  0.0  0.0
  0.0  0.0 54.8  0.0  6.8 68.5 13.7  0.0  6.8  0.0  0.0 13.7  6.8  6.8  0.0
  0.0  6.8 13.7 13.7  6.8  6.8 41.1  6.8  0.0  0.0 54.8 34.2  0.0130.1 13.7
  0.0  0.0  0.0  0.0  0.0  0.0  0.0  0.0  0.0  0.0  0.0  0.0  0.0  0.0  0.0
  0.0  0.0  0.0 13.7  6.8  0.0  0.0  0.0  0.0  0.0  0.0  0.0  0.0  0.0  0.0
  0.0  6.8  0.0  0.0  0.0  0.0  0.0  0.0  0.0  0.0  6.8  0.0  0.0  0.0  0.0
 20.5  0.0  0.0 20.5  6.8  0.0  6.8  6.8  0.0  0.0  0.0  0.0  0.0  0.0  0.0
  0.0  0.0  0.0  0.0  0.0  0.0  0.0 20.5  6.8  6.8  0.0 20.5  6.8  6.8  0.0
  0.0  0.0  0.0  0.0  0.0  6.8  0.0 41.1 27.4 27.4  0.0  0.0  0.0  0.0  0.0
     -4.68      3.72     -1.13      1.08      1.69  0.0  0.0  0.0  0.0  0.0
                                   t000002_s15_p39_el2ap.txt 13.8  5.6   71
 28.2  0.0  0.0 56.3  0.0  0.0  0.0  0.0 14.1 14.1  0.0  0.0  0.0  0.0  0.0
  0.0  0.0 14.1  0.0  0.0  0.0295.8112.7 70.4 56.3 28.2  0.0 14.1  0.0  0.0
  0.0  0.0112.7  0.0  0.0 28.2 14.1 14.1  0.0  0.0  0.0  0.0 28.2 14.1  0.0
  0.0  0.0 28.2  0.0 14.1 28.2  0.0 14.1  0.0  0.0 84.5 42.3 14.1126.8  0.0
  0.0  0.0  0.0  0.0  0.0  0.0  0.0  0.0  0.0  0.0  0.0  0.0  0.0  0.0  0.0
  0.0  0.0  0.0 28.2  0.0  0.0  0.0  0.0  0.0  0.0  0.0  0.0  0.0  0.0  0.0
  0.0  0.0 14.1  0.0  0.0  0.0  0.0  0.0  0.0  0.0  0.0  0.0  0.0 14.1  0.0
 28.2  0.0  0.0 28.2 14.1  0.0 14.1 14.1  0.0  0.0  0.0  0.0  0.0  0.0  0.0
  0.0  0.0  0.0  0.0  0.0  0.0  0.0 14.1 28.2  0.0  0.0 14.1  0.0  0.0  0.0
  0.0  0.0  0.0  0.0  0.0  0.0  0.0 42.3 28.2  0.0  0.0  0.0  0.0  0.0  0.0
    -18.33     -0.01      7.20     -3.25     16.11 28.2  0.0  0.0  0.0  0.0
                                    t000002_s15_p4_el2ap.txt  8.5  5.5   40
  0.0  0.0  0.0 75.0  0.0  0.0  0.0  0.0  0.0  0.0  0.0  0.0  0.0  0.0  0.0
  0.0  0.0  0.0  0.0  0.0  0.0275.0175.0 75.0 25.0  0.0  0.0  0.0  0.0  0.0
  0.0  0.0 50.0  0.0 25.0 25.0  0.0  0.0 25.0  0.0  0.0  0.0  0.0 25.0  0.0
  0.0  0.0  0.0  0.0  0.0  0.0  0.0 25.0  0.0  0.0125.0  0.0  0.0125.0 25.0
  0.0  0.0  0.0  0.0  0.0  0.0  0.0  0.0  0.0  0.0  0.0  0.0  0.0  0.0  0.0
  0.0  0.0  0.0  0.0  0.0  0.0  0.0  0.0  0.0  0.0  0.0  0.0  0.0  0.0  0.0
  0.0  0.0  0.0  0.0  0.0  0.0  0.0  0.0  0.0  0.0  0.0  0.0  0.0  0.0  0.0
  0.0  0.0  0.0  0.0  0.0  0.0  0.0  0.0  0.0  0.0  0.0  0.0  0.0  0.0  0.0
  0.0 25.0  0.0  0.0  0.0  0.0  0.0  0.0  0.0 50.0 25.0  0.0  0.0  0.0 25.0
  0.0  0.0  0.0  0.0  0.0 25.0  0.0 50.0 25.0  0.0  0.0  0.0  0.0  0.0  0.0
    -28.76     -4.91     -4.33      1.46      0.16  0.0  0.0  0.0  0.0  0.0
                                   t000002_s15_p40_el2ap.txt 11.8  5.3   58
  0.0  0.0  0.0 51.7  0.0  0.0  0.0  0.0 17.2 17.2  0.0  0.0  0.0  0.0  0.0
  0.0  0.0  0.0  0.0  0.0  0.0310.3172.4 51.7 17.2  0.0 17.2  0.0  0.0  0.0
  0.0  0.0 34.5  0.0  0.0 17.2 17.2  0.0  0.0  0.0  0.0  0.0  0.0  0.0  0.0
 17.2  0.0  0.0  0.0 17.2  0.0  0.0 17.2  0.0  0.0120.7 17.2 17.2103.4  0.0
 17.2  0.0  0.0  0.0  0.0  0.0  0.0  0.0  0.0  0.0  0.0  0.0  0.0  0.0  0.0
  0.0  0.0  0.0  0.0  0.0  0.0  0.0  0.0  0.0 17.2  0.0  0.0  0.0  0.0  0.0
  0.0  0.0 17.2  0.0  0.0  0.0  0.0 17.2  0.0  0.0  0.0  0.0  0.0  0.0  0.0
  0.0 17.2  0.0 17.2 17.2 17.2 34.5  0.0  0.0  0.0  0.0  0.0  0.0  0.0  0.0
  0.0  0.0  0.0  0.0  0.0  0.0  0.0 17.2 51.7 17.2 51.7  0.0  0.0  0.0 34.5
  0.0  0.0  0.0  0.0  0.0 17.2  0.0 17.2  0.0  0.0 17.2  0.0  0.0  0.0  0.0
    -25.66     -1.84      2.39     -6.61      1.94  0.0  0.0  0.0  0.0 17.2
                                    t000002_s15_p5_el2ap.txt 31.3  4.9  199
  5.0  0.0  0.0105.5  0.0  0.0  5.0 10.1  5.0 10.1  0.0  0.0  0.0  0.0  0.0
  5.0  0.0  5.0  0.0  0.0  5.0241.2120.6 70.4  0.0 10.1  0.0  0.0  0.0  0.0
  0.0  5.0 60.3  5.0  0.0 15.1 10.1  0.0  0.0  0.0  5.0  0.0 10.1 15.1  5.0
  0.0 15.1  0.0  0.0  5.0 10.1 20.1 20.1  0.0  0.0 85.4 15.1  0.0130.7 15.1
 10.1  0.0  0.0  0.0  0.0  0.0  0.0  0.0  0.0  0.0  0.0  0.0  0.0  0.0  0.0
  0.0  0.0  0.0  0.0  0.0  0.0  0.0  0.0  0.0  0.0  0.0  0.0  0.0  0.0  0.0
  0.0  5.0  5.0  0.0  0.0  0.0  0.0  0.0  0.0  0.0  0.0  0.0  0.0  0.0  0.0
  0.0  0.0  0.0  0.0 10.1  0.0 10.1  0.0  0.0  0.0  0.0  0.0  0.0  0.0  0.0
  0.0  0.0  0.0  0.0  0.0  0.0  0.0  5.0 35.2  5.0 25.1  5.0 30.2 10.1  0.0
  0.0  0.0  0.0  0.0  0.0 15.1  0.0 15.1 10.1 20.1  5.0  0.0 15.1  5.0  0.0
    -12.52     -5.28      4.73     -4.21      8.80  0.0  0.0  5.0  0.0  0.0
                                    t000002_s15_p6_el2ap.txt 17.8  4.9   99
 10.1  0.0  0.0111.1  0.0  0.0  0.0  0.0  0.0  0.0  0.0  0.0  0.0  0.0  0.0
  0.0  0.0 20.2  0.0  0.0  0.0292.9 90.9 20.2 10.1  0.0  0.0  0.0  0.0  0.0
  0.0  0.0 50.5  0.0 10.1 20.2  0.0  0.0 20.2  0.0  0.0  0.0 20.2 20.2  0.0
  0.0  0.0 10.1  0.0  0.0 20.2  0.0 20.2  0.0  0.0 60.6  0.0  0.0121.2 10.1
 10.1  0.0  0.0  0.0  0.0  0.0  0.0  0.0  0.0  0.0  0.0  0.0  0.0  0.0  0.0
  0.0  0.0  0.0  0.0  0.0 10.1  0.0  0.0  0.0  0.0  0.0  0.0  0.0  0.0  0.0
  0.0  0.0  0.0  0.0  0.0  0.0  0.0  0.0  0.0  0.0  0.0  0.0  0.0  0.0  0.0
 10.1  0.0  0.0 10.1  0.0  0.0  0.0  0.0  0.0  0.0  0.0  0.0  0.0  0.0  0.0
  0.0  0.0  0.0  0.0  0.0  0.0  0.0  0.0 30.3  0.0 10.1  0.0 30.3  0.0  0.0
  0.0  0.0  0.0  0.0  0.0  0.0  0.0 40.4  0.0 20.2 10.1  0.0 10.1  0.0  0.0
    -13.82     -5.40      0.36     -0.09     12.06  0.0  0.0  0.0  0.0  0.0
                                    t000002_s15_p7_el2ap.txt 14.5  5.1   74
  0.0  0.0  0.0 27.0  0.0  0.0  0.0  0.0  0.0 13.5  0.0  0.0  0.0  0.0  0.0
  0.0  0.0 13.5 13.5  0.0  0.0337.8108.1 54.1 67.6  0.0  0.0 13.5  0.0  0.0
  0.0  0.0 54.1  0.0  0.0 40.5 13.5  0.0  0.0  0.0  0.0  0.0  0.0 27.0  0.0
  0.0  0.0  0.0  0.0  0.0 13.5 13.5 27.0  0.0  0.0108.1  0.0  0.0108.1  0.0
  0.0  0.0  0.0  0.0  0.0  0.0  0.0  0.0  0.0  0.0  0.0  0.0  0.0  0.0  0.0
  0.0  0.0  0.0  0.0  0.0  0.0  0.0  0.0  0.0  0.0  0.0  0.0  0.0  0.0  0.0
  0.0  0.0  0.0  0.0  0.0  0.0  0.0  0.0  0.0  0.0  0.0  0.0  0.0  0.0  0.0
  0.0  0.0  0.0  0.0  0.0  0.0  0.0  0.0  0.0  0.0  0.0  0.0  0.0  0.0  0.0
  0.0  0.0  0.0  0.0  0.0  0.0  0.0 13.5108.1  0.0 13.5  0.0  0.0  0.0 13.5
 13.5  0.0  0.0  0.0  0.0  0.0  0.0  0.0  0.0  0.0  0.0 13.5  0.0  0.0  0.0
    -18.78     -1.00      2.42     -6.61      0.47  0.0  0.0  0.0  0.0  0.0
                                    t000002_s15_p8_el2ap.txt 10.5  5.0   55
 18.2  0.0  0.0 36.4  0.0  0.0  0.0 18.2  0.0  0.0 18.2  0.0  0.0  0.0  0.0
  0.0  0.0  0.0 36.4  0.0  0.0272.7 90.9 72.7 36.4  0.0 18.2  0.0  0.0  0.0
  0.0  0.0 36.4  0.0  0.0 18.2 18.2 18.2  0.0  0.0  0.0 18.2  0.0 36.4  0.0
  0.0  0.0  0.0  0.0  0.0 18.2 36.4 36.4  0.0  0.0 90.9  0.0  0.0109.1  0.0
 18.2  0.0  0.0  0.0  0.0  0.0  0.0  0.0  0.0  0.0  0.0  0.0  0.0  0.0  0.0
  0.0  0.0  0.0  0.0  0.0  0.0  0.0  0.0  0.0  0.0  0.0  0.0  0.0  0.0  0.0
  0.0  0.0  0.0  0.0  0.0  0.0  0.0  0.0  0.0  0.0  0.0  0.0  0.0  0.0  0.0
  0.0  0.0  0.0  0.0  0.0  0.0  0.0  0.0  0.0  0.0  0.0  0.0  0.0  0.0  0.0
  0.0  0.0  0.0  0.0  0.0  0.0  0.0  0.0 36.4 18.2 54.5  0.0 18.2 18.2  0.0
  0.0  0.0  0.0  0.0  0.0 18.2  0.0  0.0  0.0 18.2  0.0 36.4  0.0  0.0  0.0
     -9.70     -1.04      2.47      5.00      1.88  0.0  0.0  0.0  0.0  0.0
                                    t000002_s15_p9_el2ap.txt 16.3  4.9   98
  0.0  0.0  0.0 51.0  0.0  0.0 10.2  0.0  0.0 20.4  0.0  0.0  0.0  0.0  0.0
  0.0  0.0 10.2 10.2  0.0  0.0336.7102.0 40.8 61.2  0.0  0.0  0.0  0.0  0.0
  0.0  0.0 51.0  0.0 20.4 20.4 10.2  0.0 10.2 30.6  0.0  0.0 10.2 40.8  0.0
 10.2  0.0  0.0  0.0  0.0 10.2 40.8 51.0  0.0  0.0 51.0  0.0  0.0132.7  0.0
 10.2  0.0  0.0  0.0  0.0  0.0  0.0  0.0  0.0  0.0  0.0  0.0  0.0  0.0  0.0
  0.0  0.0  0.0  0.0  0.0  0.0  0.0  0.0  0.0  0.0  0.0  0.0  0.0  0.0  0.0
  0.0  0.0 10.2  0.0  0.0  0.0  0.0  0.0  0.0  0.0  0.0  0.0  0.0  0.0  0.0
  0.0  0.0  0.0  0.0 10.2  0.0 10.2  0.0  0.0  0.0  0.0  0.0  0.0  0.0  0.0
  0.0  0.0  0.0  0.0  0.0  0.0  0.0  0.0 81.6  0.0 81.6 10.2  0.0  0.0 20.4
  0.0  0.0  0.0  0.0  0.0  0.0  0.0 30.6 10.2 10.2  0.0  0.0 30.6  0.0  0.0
    -15.06     -3.71     -2.65     10.60     12.23  0.0  0.0  0.0  0.0  0.0
                                     t000002_s6_p1_el2ap.txt 21.5  6.2   99
 10.1  0.0  0.0 20.2  0.0  0.0  0.0  0.0 10.1  0.0  0.0  0.0  0.0  0.0  0.0
  0.0  0.0 10.1  0.0 10.1  0.0282.8 80.8121.2 20.2 10.1 10.1  0.0  0.0  0.0
 10.1 10.1 70.7  0.0  0.0 20.2 30.3  0.0  0.0  0.0  0.0  0.0  0.0 30.3  0.0
 10.1  0.0  0.0  0.0  0.0 10.1 10.1 40.4 10.1 10.1181.8 20.2  0.0121.2 20.2
 10.1  0.0  0.0  0.0  0.0  0.0  0.0  0.0  0.0  0.0  0.0  0.0  0.0  0.0  0.0
  0.0  0.0  0.0  0.0  0.0  0.0  0.0  0.0  0.0  0.0  0.0  0.0  0.0  0.0  0.0
  0.0  0.0  0.0  0.0  0.0  0.0  0.0  0.0  0.0  0.0  0.0  0.0  0.0  0.0  0.0
  0.0  0.0  0.0  0.0  0.0  0.0  0.0  0.0  0.0  0.0  0.0  0.0  0.0  0.0  0.0
  0.0  0.0  0.0  0.0  0.0  0.0  0.0  0.0 30.3 20.2  0.0 10.1 20.2 10.1  0.0
  0.0 10.1  0.0  0.0  0.0 10.1  0.0  0.0 10.1 20.2 10.1  0.0  0.0  0.0  0.0
    -16.94     -2.67     17.66     -6.61      4.22  0.0  0.0  0.0  0.0  0.0
                                     t000002_s6_p2_el2ap.txt 20.0  5.1   97
  0.0  0.0  0.0 41.2  0.0  0.0  0.0  0.0 10.3  0.0  0.0 10.3  0.0  0.0  0.0
  0.0  0.0 10.3 10.3  0.0  0.0247.4134.0 82.5 30.9 10.3 10.3  0.0  0.0  0.0
  0.0 10.3 61.9  0.0 20.6 30.9 20.6  0.0  0.0  0.0  0.0  0.0 10.3 10.3 10.3
 10.3  0.0  0.0  0.0 10.3 10.3 30.9 30.9  0.0  0.0134.0 20.6 10.3113.4 10.3
 10.3  0.0  0.0  0.0  0.0  0.0  0.0  0.0  0.0  0.0  0.0  0.0  0.0  0.0  0.0
  0.0  0.0  0.0 10.3  0.0  0.0  0.0  0.0  0.0  0.0  0.0  0.0  0.0  0.0 10.3
  0.0  0.0  0.0  0.0  0.0  0.0  0.0  0.0  0.0  0.0  0.0  0.0  0.0  0.0  0.0
 10.3  0.0  0.0 10.3 10.3  0.0 10.3  0.0  0.0  0.0  0.0  0.0  0.0  0.0  0.0
  0.0  0.0  0.0  0.0  0.0  0.0  0.0  0.0 41.2 10.3 10.3 10.3  0.0 10.3  0.0
 10.3 10.3  0.0  0.0  0.0 10.3  0.0  0.0 10.3  0.0 10.3  0.0 20.6  0.0  0.0
    -15.26     -2.27      1.27     -6.61     15.63  0.0  0.0  0.0  0.0  0.0
                                     t000002_s6_p3_el2ap.txt 18.5  5.6   97
  0.0  0.0  0.0 72.2  0.0  0.0  0.0  0.0  0.0 10.3  0.0  0.0  0.0  0.0  0.0
  0.0  0.0 20.6  0.0  0.0  0.0350.5154.6 30.9 10.3  0.0 10.3  0.0  0.0  0.0
 10.3  0.0113.4  0.0  0.0 20.6 20.6  0.0  0.0  0.0  0.0  0.0  0.0 10.3  0.0
  0.0 10.3  0.0  0.0  0.0 20.6 10.3 10.3  0.0 10.3 51.5  0.0  0.0113.4  0.0
  0.0  0.0  0.0  0.0  0.0  0.0  0.0  0.0  0.0  0.0  0.0  0.0  0.0  0.0  0.0
  0.0  0.0  0.0  0.0  0.0  0.0  0.0  0.0  0.0  0.0  0.0  0.0  0.0  0.0  0.0
  0.0  0.0 10.3  0.0  0.0  0.0  0.0  0.0  0.0  0.0  0.0  0.0  0.0  0.0  0.0
  0.0  0.0  0.0  0.0 10.3  0.0 10.3  0.0  0.0  0.0  0.0  0.0  0.0  0.0  0.0
  0.0  0.0  0.0  0.0  0.0  0.0  0.0 10.3 10.3 20.6 30.9 20.6 10.3  0.0  0.0
  0.0  0.0  0.0  0.0  0.0  0.0  0.0 30.9  0.0 20.6 10.3  0.0  0.0  0.0  0.0
    -20.95     -3.41     17.05     -6.61     -2.06  0.0  0.0  0.0  0.0  0.0
                                     t000002_s6_p4_el2ap.txt 12.3  5.8   59
  0.0  0.0  0.0 33.9  0.0  0.0  0.0  0.0  0.0 33.9  0.0  0.0  0.0  0.0  0.0
  0.0  0.0 16.9 16.9 33.9  0.0339.0101.7 16.9 84.7  0.0  0.0  0.0  0.0  0.0
  0.0  0.0118.6  0.0 16.9 16.9 16.9  0.0  0.0  0.0  0.0  0.0  0.0 67.8  0.0
  0.0 16.9  0.0 16.9  0.0 16.9 33.9 67.8 33.9  0.0 16.9  0.0  0.0152.5 16.9
  0.0  0.0  0.0  0.0  0.0  0.0  0.0  0.0  0.0  0.0  0.0  0.0  0.0  0.0  0.0
  0.0  0.0  0.0  0.0  0.0  0.0  0.0  0.0  0.0  0.0  0.0  0.0  0.0  0.0  0.0
  0.0  0.0  0.0  0.0  0.0  0.0  0.0  0.0  0.0  0.0  0.0  0.0  0.0  0.0  0.0
  0.0  0.0  0.0  0.0  0.0  0.0  0.0  0.0  0.0  0.0  0.0  0.0  0.0  0.0  0.0
  0.0  0.0  0.0  0.0  0.0  0.0  0.0  0.0101.7  0.0  0.0  0.0  0.0  0.0 33.9
  0.0  0.0  0.0  0.0  0.0  0.0  0.0 16.9  0.0 33.9  0.0  0.0 16.9  0.0  0.0
     20.31     -2.94      3.26     -6.61      6.65 16.9  0.0  0.0  0.0  0.0
                                     t000002_s6_p5_el2ap.txt 21.5  6.1  106
  0.0  0.0  0.0 47.2  0.0  0.0  0.0  0.0  0.0  0.0  0.0  0.0  0.0  0.0  0.0
  0.0  0.0 18.9  0.0  0.0  0.0301.9 84.9132.1  9.4  0.0  9.4  0.0  0.0  0.0
  0.0  9.4 66.0  0.0  9.4  0.0  0.0  0.0  0.0  0.0  0.0  0.0  0.0 18.9  0.0
  0.0 18.9  0.0  0.0  0.0 18.9 28.3 18.9  0.0  0.0198.1  0.0  0.0 66.0  9.4
  0.0  0.0  0.0  0.0  0.0  0.0  0.0  0.0  0.0  0.0  0.0  0.0  0.0  0.0  0.0
  0.0  0.0  0.0  0.0  0.0  0.0  0.0  0.0  0.0  0.0  0.0  0.0  0.0  0.0  0.0
  0.0  0.0  0.0  0.0  0.0  0.0  0.0  0.0  0.0  0.0  0.0  0.0  0.0  0.0  0.0
  0.0  0.0  0.0  0.0  0.0  0.0  0.0  0.0  0.0  0.0  0.0  0.0  0.0  0.0  0.0
  0.0  0.0  0.0  0.0  0.0  0.0  0.0  0.0  9.4 18.9  0.0  9.4 28.3  0.0  9.4
  0.0  0.0  0.0  0.0  0.0  9.4  0.0  9.4  9.4  9.4  9.4  0.0  9.4  0.0  0.0
    -26.04     -3.60      6.28     -6.61     -0.77  0.0  0.0  9.4  0.0  0.0
                                     t000002_s6_p6_el2ap.txt 20.3  5.6  109
  0.0  0.0  0.0100.9  0.0  0.0  0.0  0.0  0.0  0.0  0.0  0.0  0.0  0.0  0.0
  0.0  0.0  9.2 18.3  0.0  0.0266.1119.3 82.6  0.0  9.2  0.0 18.3  9.2  9.2
  0.0  9.2 91.7  0.0  0.0 36.7  9.2  0.0  0.0  0.0  0.0  0.0 18.3 18.3  0.0
  0.0  0.0 18.3  0.0 18.3  9.2 27.5 18.3  0.0 18.3110.1  9.2  0.0110.1  0.0
  9.2  0.0  0.0  0.0  0.0  0.0  0.0  0.0  0.0  0.0  0.0  0.0  0.0  0.0  0.0
  0.0  0.0  0.0 18.3  0.0  0.0  0.0  0.0  0.0  0.0  0.0  0.0  0.0  0.0  0.0
  0.0  0.0  0.0  0.0  0.0  0.0  0.0  0.0  0.0  0.0  9.2  0.0  0.0  0.0  0.0
 18.3  0.0  0.0 18.3  0.0  0.0  0.0  9.2  0.0  0.0  0.0  0.0  0.0  0.0  0.0
  0.0  0.0  0.0  0.0  0.0  0.0  0.0  0.0 18.3 18.3  9.2  0.0  9.2  0.0  0.0
  0.0  0.0  0.0  0.0  0.0  0.0  0.0 27.5 18.3  9.2  0.0  0.0  0.0  0.0  0.0
    -19.93     -1.92     18.64     -6.61     10.62  0.0  0.0  0.0  0.0  0.0
                                     t000002_s6_p7_el2ap.txt 16.8  5.9   87
  0.0  0.0  0.0 92.0  0.0  0.0 11.5  0.0 11.5 11.5  0.0  0.0  0.0  0.0  0.0
  0.0  0.0 11.5  0.0  0.0  0.0298.9 92.0114.9  0.0  0.0  0.0 11.5  0.0  0.0
  0.0  0.0 69.0  0.0  0.0 23.0  0.0  0.0  0.0  0.0 11.5  0.0  0.0 11.5  0.0
  0.0 11.5  0.0  0.0 11.5 23.0 11.5 11.5  0.0  0.0172.4 11.5  0.0 92.0 11.5
  0.0  0.0  0.0  0.0  0.0  0.0  0.0  0.0  0.0  0.0  0.0  0.0  0.0  0.0  0.0
  0.0  0.0  0.0 11.5  0.0  0.0  0.0  0.0  0.0 11.5  0.0  0.0  0.0  0.0  0.0
  0.0  0.0 11.5  0.0  0.0  0.0  0.0  0.0  0.0  0.0 11.5  0.0  0.0  0.0  0.0
 11.5 11.5  0.0 23.0 11.5  0.0 11.5 11.5  0.0  0.0  0.0  0.0  0.0  0.0  0.0
  0.0  0.0  0.0  0.0  0.0  0.0  0.0  0.0 69.0 11.5 34.5  0.0  0.0  0.0  0.0
  0.0  0.0  0.0  0.0  0.0 11.5  0.0 11.5 23.0  0.0 11.5  0.0  0.0  0.0  0.0
    -21.09     -3.60      4.46     -1.13     -1.88  0.0  0.0  0.0  0.0  0.0
                                     t000002_s7_p1_el2ap.txt 19.5  5.3  106
  0.0  0.0  0.0 47.2  0.0  0.0  0.0  0.0  0.0  0.0  0.0  0.0  0.0  0.0  0.0
  0.0  0.0  0.0  9.4  0.0  0.0396.2 94.3 66.0  0.0  0.0 28.3  0.0  0.0  0.0
  0.0  0.0 66.0  0.0  0.0  9.4  0.0  0.0  0.0  0.0  0.0  0.0  0.0  9.4  0.0
  0.0  0.0  0.0  0.0  0.0  0.0  9.4  9.4  0.0  0.0 84.9  0.0  0.0 47.2  0.0
  9.4  0.0  0.0  0.0  0.0  0.0  0.0  0.0  0.0  0.0  0.0  0.0  0.0  0.0  0.0
  0.0  0.0  0.0  0.0  0.0  0.0  0.0  0.0  0.0  0.0  0.0  0.0  0.0  0.0  0.0
  0.0  0.0  0.0  0.0  0.0  0.0  0.0  0.0  0.0  0.0  0.0  0.0  0.0  0.0  0.0
  0.0  0.0  0.0  0.0  0.0  0.0  0.0  0.0  0.0  0.0  0.0  0.0  0.0  0.0  0.0
  0.0  0.0  0.0  0.0  0.0  0.0  0.0  9.4 37.7 18.9 28.3  0.0  0.0  0.0 47.2
  0.0  0.0  0.0  0.0  0.0  0.0  0.0  9.4  9.4  0.0  0.0  9.4  0.0  0.0  0.0
    -26.94     -0.29      5.02     -6.61     -2.20  0.0  0.0  0.0  0.0  0.0
                                     t000002_s7_p2_el2ap.txt 21.5  4.8  123
  0.0  0.0  0.0 81.3  0.0  0.0  8.1  8.1  0.0  0.0  0.0  0.0  0.0  0.0  0.0
  0.0  0.0  8.1 16.3  0.0  0.0349.6 97.6 40.7 16.3  0.0  8.1  0.0  0.0  8.1
  0.0  0.0 40.7  0.0  0.0 40.7  0.0  0.0  0.0  0.0  0.0  0.0  0.0 16.3  8.1
  0.0  0.0  0.0  0.0  0.0  8.1 16.3 24.4  0.0  8.1 65.0  0.0  0.0 97.6  8.1
  0.0  0.0  0.0  0.0  0.0  0.0  0.0  0.0  0.0  0.0  0.0  0.0  0.0  0.0  0.0
  0.0  0.0  0.0  0.0  0.0  0.0  0.0  0.0  0.0  0.0  0.0  0.0  0.0  0.0  0.0
  0.0  0.0  0.0  0.0  0.0  0.0  0.0  0.0  0.0  0.0  0.0  0.0  0.0 16.3  0.0
  0.0  0.0  0.0  0.0  0.0  0.0  0.0 16.3  0.0  0.0  0.0  0.0  0.0  0.0  0.0
  0.0  0.0  0.0  0.0  0.0  0.0  0.0 32.5 48.8  8.1 32.5  0.0  0.0  8.1 24.4
  0.0  0.0  0.0  0.0  0.0  8.1  0.0  8.1  0.0  0.0  0.0  0.0  0.0  0.0  0.0
    -14.89     -3.63      5.55     -6.61      5.09  0.0  0.0  0.0  0.0  0.0
                                     t000002_s7_p3_el2ap.txt 12.3  5.2   64
 31.3  0.0  0.0 93.8  0.0  0.0  0.0  0.0  0.0  0.0  0.0  0.0  0.0  0.0  0.0
  0.0  0.0  0.0  0.0  0.0  0.0296.9 93.8 46.9  0.0  0.0 15.6  0.0  0.0  0.0
  0.0 15.6 62.5  0.0  0.0 46.9 15.6  0.0 15.6  0.0  0.0 15.6  0.0 31.3  0.0
  0.0  0.0 15.6  0.0  0.0  0.0 15.6 31.3  0.0  0.0 62.5  0.0 15.6156.3  0.0
 15.6  0.0  0.0  0.0  0.0  0.0  0.0  0.0  0.0  0.0  0.0  0.0  0.0  0.0  0.0
  0.0  0.0  0.0  0.0  0.0  0.0  0.0  0.0  0.0  0.0  0.0  0.0  0.0  0.0  0.0
  0.0  0.0  0.0  0.0  0.0  0.0  0.0  0.0  0.0  0.0  0.0  0.0  0.0  0.0  0.0
  0.0  0.0  0.0  0.0  0.0  0.0  0.0  0.0  0.0  0.0  0.0  0.0  0.0  0.0  0.0
  0.0  0.0  0.0  0.0  0.0  0.0  0.0 46.9 15.6 15.6 46.9  0.0  0.0  0.0 15.6
  0.0  0.0  0.0  0.0  0.0  0.0  0.0 15.6 31.3 46.9  0.0  0.0  0.0  0.0  0.0
    -20.55     -2.72      8.44      4.69      1.11 15.6  0.0  0.0  0.0  0.0
                                     t000002_s7_p4_el2ap.txt 20.3  5.9  113
  8.8  0.0  0.0 53.1  0.0  0.0  0.0  0.0  0.0  8.8  0.0  0.0  0.0  0.0  0.0
  0.0  0.0  0.0  0.0  0.0  0.0318.6132.7 70.8  0.0  0.0  8.8  0.0  0.0  0.0
  0.0 17.7 35.4  0.0  0.0 44.2 17.7  0.0  0.0  0.0  0.0  8.8 26.5 44.2  0.0
  8.8  0.0  0.0  0.0  0.0  0.0 17.7 53.1  0.0  0.0 88.5  0.0  0.0 97.3  8.8
  8.8  0.0  0.0  0.0  0.0  0.0  0.0  0.0  0.0  0.0  0.0  0.0  0.0  0.0  0.0
  0.0  0.0  0.0  0.0  0.0  0.0  0.0  0.0  0.0  0.0  0.0  0.0  0.0  0.0  0.0
  0.0  0.0  0.0  0.0  0.0  0.0  0.0  0.0  0.0  0.0  0.0  0.0  0.0  0.0  0.0
  0.0  0.0  0.0  0.0  0.0  0.0  0.0  0.0  0.0  0.0  0.0  0.0  0.0  0.0  0.0
  0.0  0.0  0.0  0.0  0.0  0.0  0.0  0.0 44.2  8.8  8.8 17.7  8.8  8.8 26.5
  0.0  0.0  0.0  0.0  0.0  0.0  0.0  0.0 17.7  0.0  0.0  0.0 17.7  8.8  0.0
    -27.68     -4.03      7.47     -3.07     22.53  0.0  0.0  8.8  0.0  0.0
                                     t000003_s1_p1_el2ap.txt 30.3  5.3  223
  0.0  0.0  0.0 13.5  0.0  0.0  0.0  0.0 17.9  0.0  0.0  0.0  0.0  0.0  0.0
  0.0  0.0  0.0 13.5  0.0  0.0340.8148.0107.6 44.8 22.4  0.0  0.0  0.0  9.0
  4.5  9.0 89.7  0.0  9.0 13.5  0.0  0.0  0.0  0.0  0.0  0.0  0.0 17.9  0.0
  0.0  0.0  0.0  0.0  0.0  0.0 22.4 17.9  0.0 13.5125.6 40.4  0.0 62.8  9.0
 22.4  0.0  0.0  0.0  0.0  0.0  0.0  0.0  0.0  0.0  0.0  0.0  0.0  0.0  0.0
  0.0  0.0  0.0  0.0  0.0  0.0  0.0  0.0  0.0  0.0  0.0  0.0  0.0  0.0  0.0
  0.0  0.0  0.0  0.0  0.0  0.0  0.0  0.0  0.0  0.0  0.0  0.0  0.0  0.0  0.0
  0.0  0.0  0.0  0.0  0.0  0.0  0.0  0.0  0.0  0.0  0.0  0.0  0.0  0.0  0.0
  0.0  4.5  0.0  0.0  0.0  0.0  0.0  0.0 17.9  4.5 31.4  9.0  0.0  4.5  0.0
  0.0  4.5  9.0  0.0  0.0 22.4 17.9  9.0  4.5  0.0  0.0  4.5  4.5  0.0  0.0
    -29.31     -3.26     15.68     -6.61     -0.91  0.0  0.0  0.0  0.0  0.0
                                    t000003_s11_p1_el2ap.txt 17.0  5.5  106
  9.4  0.0  0.0  0.0  0.0  0.0  0.0  0.0  0.0  0.0  0.0  0.0  0.0  0.0  0.0
  0.0  0.0  0.0  0.0  0.0  0.0320.8179.2141.5 37.7  0.0  0.0  0.0  0.0  0.0
  0.0 28.3103.8  0.0  9.4 18.9  0.0  0.0  0.0  0.0  0.0  0.0  0.0  9.4  0.0
  0.0  0.0  0.0  0.0  0.0  0.0 28.3  9.4  0.0  0.0150.9  0.0  0.0 37.7  0.0
  0.0  0.0  0.0  0.0  0.0  0.0  0.0  0.0  0.0  0.0  0.0  0.0  0.0  0.0  0.0
  0.0  0.0  0.0  0.0  0.0  0.0  0.0  0.0  0.0  0.0  0.0  0.0  0.0  0.0  0.0
  0.0  0.0  0.0  0.0  0.0  0.0  0.0  0.0  0.0  0.0  0.0  0.0  0.0  0.0  0.0
  0.0  0.0  0.0  0.0  0.0  0.0  0.0  0.0  0.0  0.0  0.0  0.0  0.0  0.0  0.0
  0.0  0.0  0.0  0.0  0.0  0.0  0.0  0.0  9.4  9.4  9.4  0.0  0.0 37.7  9.4
  0.0  0.0  9.4  0.0  0.0 18.9 37.7  0.0  0.0  9.4  0.0  0.0  0.0  0.0  0.0
    -35.20     -4.49     14.82     -6.61     -2.20  0.0  0.0  0.0  0.0  0.0
                                   t000003_s11_p10_el2ap.txt 22.0  4.8  128
  0.0  0.0  0.0 85.9  0.0  0.0  0.0  0.0 15.6 15.6  0.0  0.0  0.0  0.0  0.0
  0.0  0.0  0.0  7.8  0.0  0.0250.0125.0 62.5  0.0  0.0  7.8  0.0  0.0  0.0
  0.0  0.0 62.5  0.0 54.7 31.3  7.8  0.0  0.0  0.0  0.0  0.0  0.0 15.6  0.0
  0.0  0.0  0.0  0.0 15.6  0.0  7.8 15.6  0.0  0.0132.8 15.6  0.0109.4 15.6
  7.8  0.0  0.0  0.0  0.0  0.0  0.0  0.0  0.0  0.0  0.0  0.0  0.0  0.0  0.0
  0.0  0.0  0.0  0.0  0.0  0.0  0.0  0.0  0.0  0.0  0.0  0.0  7.8  0.0  0.0
  0.0  7.8  0.0  0.0  0.0  0.0  0.0  0.0  0.0  0.0  0.0  0.0  0.0  0.0  0.0
  0.0  0.0  7.8  7.8  7.8  0.0  7.8  0.0  0.0  0.0  0.0  0.0  0.0  0.0  0.0
  0.0  0.0  0.0  7.8  0.0  0.0  0.0  0.0  0.0 15.6 23.4  0.0  0.0  7.8 23.4
  0.0  0.0  0.0  0.0  0.0  0.0 23.4  7.8  0.0 15.6  0.0  7.8  7.8  0.0  0.0
    -18.97     -4.23    -12.55     -6.61     -1.26  0.0  0.0  0.0  0.0  0.0
                                   t000003_s11_p11_el2ap.txt 19.3  5.1  140
  7.1  0.0  0.0 50.0  0.0  0.0  0.0  0.0 35.7  0.0  0.0  0.0  0.0  0.0  0.0
  0.0  0.0  0.0  0.0  0.0  0.0300.0171.4 78.6  7.1 64.3  0.0  0.0  0.0  0.0
 21.4  0.0 57.1  7.1  0.0 14.3 14.3  0.0  0.0  0.0  0.0  7.1  0.0  7.1  0.0
  7.1  7.1  0.0  0.0  0.0  0.0  7.1 14.3  0.0 21.4 92.9100.0  0.0 92.9 28.6
  7.1  0.0  0.0  0.0  0.0  0.0  0.0  0.0  0.0  0.0  0.0  0.0  0.0  0.0  0.0
  0.0  0.0  0.0  0.0  0.0  0.0  0.0  0.0  0.0  0.0  0.0  0.0  0.0  0.0  0.0
  0.0  0.0  0.0  0.0  0.0  0.0  0.0  0.0  0.0  0.0  0.0  0.0  0.0  0.0  0.0
  0.0  0.0  0.0  0.0  0.0  0.0  0.0  0.0  0.0  0.0  0.0  0.0  0.0  0.0  0.0
  0.0  0.0  0.0  0.0  0.0  0.0  0.0  7.1 21.4 28.6 28.6  7.1  0.0 14.3  0.0
  0.0  0.0  7.1  0.0  0.0 21.4 21.4  7.1  0.0  7.1  0.0  0.0 14.3  0.0  0.0
    -27.26     -2.64     21.57     -3.75     -0.24  7.1  0.0  0.0  0.0  0.0
                                    t000003_s11_p2_el2ap.txt 20.3  5.4  118
  8.5  0.0  0.0 42.4  0.0  0.0  8.5  0.0 33.9  0.0  0.0  0.0  0.0  0.0  0.0
  0.0  0.0  0.0  0.0  8.5  0.0271.2144.1 59.3 25.4 16.9  8.5  0.0  0.0  0.0
  8.5 16.9 93.2  0.0  8.5  8.5  8.5  0.0  8.5  0.0  0.0  0.0  0.0  0.0  0.0
  8.5  0.0  0.0  0.0  0.0  0.0 16.9  8.5  8.5  8.5 93.2 50.8  0.0 93.2  0.0
  0.0  0.0  0.0  0.0  0.0  0.0  0.0  0.0  0.0  0.0  0.0  0.0  0.0  0.0  0.0
  0.0  0.0  0.0  0.0  0.0  0.0  0.0  0.0  0.0  0.0  0.0  0.0  0.0  0.0  0.0
  0.0  0.0  0.0  0.0  0.0  0.0  0.0  0.0  0.0  0.0  0.0  0.0  0.0  0.0  0.0
  0.0  0.0  0.0  0.0  0.0  0.0  0.0  0.0  0.0  0.0  0.0  0.0  0.0  0.0  0.0
  0.0  0.0  0.0  0.0  0.0  0.0  0.0  0.0 25.4  8.5  8.5  8.5  0.0  8.5 16.9
  0.0  0.0  0.0  0.0  0.0  8.5  8.5 25.4  0.0  0.0  0.0  0.0  0.0  8.5  0.0
    -15.01     -2.51     18.45     -3.87     -0.89  0.0  0.0  0.0  0.0  0.0
                                    t000003_s11_p3_el2ap.txt 15.5  5.2   91
  0.0  0.0  0.0 11.0  0.0  0.0  0.0 11.0  0.0  0.0  0.0  0.0  0.0  0.0  0.0
  0.0  0.0  0.0  0.0  0.0  0.0296.7208.8 98.9 44.0 11.0  0.0 11.0  0.0  0.0
  0.0 33.0 98.9  0.0  0.0 11.0 11.0 11.0  0.0  0.0  0.0  0.0  0.0 11.0  0.0
  0.0  0.0 11.0  0.0  0.0 11.0 33.0 11.0  0.0  0.0109.9 11.0  0.0 65.9  0.0
 11.0  0.0  0.0  0.0  0.0  0.0  0.0  0.0  0.0  0.0  0.0  0.0  0.0  0.0  0.0
  0.0  0.0  0.0 11.0  0.0  0.0  0.0  0.0  0.0  0.0  0.0  0.0  0.0  0.0  0.0
  0.0  0.0  0.0  0.0  0.0  0.0  0.0  0.0  0.0  0.0  0.0  0.0  0.0  0.0  0.0
 11.0  0.0  0.0 11.0  0.0  0.0  0.0  0.0  0.0  0.0  0.0  0.0  0.0  0.0  0.0
  0.0  0.0  0.0  0.0  0.0  0.0  0.0  0.0 22.0 22.0 33.0  0.0  0.0 11.0  0.0
 11.0  0.0  0.0  0.0  0.0 22.0 11.0  0.0 22.0  0.0  0.0  0.0  0.0  0.0  0.0
    -30.70     -1.76     19.43     -3.99     -1.96  0.0  0.0  0.0  0.0  0.0
                                    t000003_s11_p4_el2ap.txt 31.8  5.4  254
  3.9  0.0  0.0 43.3  0.0  0.0  3.9  0.0 19.7  7.9  0.0  0.0  0.0  0.0  0.0
  0.0  0.0  0.0  7.9  0.0  0.0318.9189.0 74.8 31.5  7.9  3.9  3.9  0.0  0.0
  0.0  0.0114.2  0.0 15.7 15.7  3.9  0.0  7.9  0.0  0.0  0.0  7.9  3.9  0.0
  3.9  0.0  7.9  0.0  0.0  0.0  7.9  7.9  0.0  0.0 78.7 27.6  0.0 86.6  0.0
  0.0  0.0  0.0  0.0  0.0  0.0  0.0  0.0  0.0  0.0  0.0  0.0  0.0  0.0  0.0
  0.0  0.0  0.0  7.9  0.0  0.0  0.0  0.0  0.0  0.0  0.0  0.0  0.0  0.0  0.0
  0.0  7.9  3.9  0.0  0.0  0.0  0.0  0.0  0.0  0.0  0.0  0.0  0.0  0.0  0.0
  7.9  0.0  0.0  7.9 11.8  0.0 11.8  0.0  0.0  0.0  0.0  0.0  0.0  0.0  0.0
  0.0  3.9  0.0  0.0  0.0  0.0  0.0  0.0 31.5 19.7 15.7  7.9  0.0  7.9  7.9
  3.9  0.0  7.9  0.0  0.0  7.9 11.8 31.5  3.9 11.8  7.9  0.0  3.9  0.0  0.0
    -26.53     -2.86      3.38     -4.07      3.16  3.9  0.0  3.9  0.0  0.0
                                    t000003_s11_p5_el2ap.txt 12.5  5.8   67
 14.9  0.0  0.0 44.8  0.0  0.0 14.9  0.0 14.9  0.0  0.0  0.0  0.0  0.0  0.0
  0.0  0.0  0.0 14.9  0.0  0.0253.7149.3104.5 29.9 29.9  0.0 14.9  0.0  0.0
  0.0 29.9 29.9  0.0 29.9 14.9  0.0  0.0  0.0  0.0  0.0  0.0 14.9  0.0  0.0
  0.0  0.0 14.9  0.0  0.0  0.0 44.8  0.0  0.0  0.0134.3 44.8  0.0 74.6  0.0
 29.9  0.0  0.0  0.0  0.0  0.0  0.0  0.0  0.0  0.0  0.0  0.0  0.0  0.0  0.0
  0.0  0.0  0.0 14.9  0.0  0.0  0.0  0.0  0.0  0.0  0.0  0.0  0.0  0.0  0.0
  0.0  0.0  0.0  0.0  0.0  0.0  0.0  0.0  0.0  0.0  0.0  0.0  0.0  0.0  0.0
 14.9  0.0  0.0 14.9  0.0  0.0  0.0  0.0  0.0  0.0  0.0  0.0  0.0  0.0  0.0
  0.0  0.0  0.0  0.0  0.0  0.0  0.0  0.0  0.0 29.9 14.9  0.0  0.0 14.9  0.0
  0.0  0.0  0.0  0.0  0.0  0.0  0.0 29.9 14.9  0.0  0.0  0.0 14.9  0.0  0.0
    -22.34     -0.66      4.47     -6.61      5.70  0.0  0.0  0.0  0.0  0.0
                                    t000003_s11_p6_el2ap.txt 21.5  5.4  123
  0.0  0.0  0.0 65.0  0.0  0.0  0.0  0.0  0.0  0.0  0.0  0.0  0.0  0.0  0.0
  0.0  0.0  0.0  8.1  0.0  0.0317.1138.2 65.0  0.0  8.1 32.5  8.1  0.0  0.0
  0.0  0.0138.2  0.0 24.4 24.4  0.0  0.0  0.0  0.0  0.0 16.3  8.1  8.1  8.1
  0.0  0.0 16.3  0.0  8.1  0.0  8.1 16.3  0.0  0.0 73.2  8.1  0.0 65.0  8.1
  8.1  0.0  0.0  0.0  0.0  0.0  0.0  0.0  0.0  0.0  0.0  0.0  0.0  0.0  0.0
  0.0  0.0  0.0 16.3  0.0  0.0  0.0  0.0  0.0  0.0  0.0  0.0  0.0  0.0  0.0
  0.0  0.0  0.0  0.0  0.0  0.0  0.0  0.0  0.0  0.0  0.0  0.0  8.1  0.0  0.0
 16.3  0.0  0.0 16.3  0.0  0.0  0.0  8.1  0.0  0.0  0.0  0.0  0.0  0.0  0.0
  0.0  0.0  0.0  0.0  0.0  0.0  0.0  0.0 16.3  0.0 16.3  0.0  0.0  0.0  0.0
  0.0  0.0  8.1  0.0  0.0  8.1  8.1  8.1 16.3  0.0  0.0 16.3  0.0  0.0  0.0
    -26.54      2.39      2.01     -0.10      8.94  0.0  0.0  0.0  0.0  0.0
                                    t000003_s11_p7_el2ap.txt 29.3  4.9  180
  0.0  0.0  0.0 55.6  0.0  0.0  0.0  0.0 38.9  5.6  0.0  0.0  0.0  0.0  0.0
  0.0  0.0  0.0  5.6  0.0  0.0255.6133.3 83.3 11.1  5.6 11.1  0.0  0.0  0.0
 11.1  5.6 77.8  0.0  0.0 27.8 11.1  0.0  5.6  0.0  0.0  0.0  0.0  5.6  0.0
  0.0  5.6  0.0  0.0  0.0  0.0 16.7  5.6  0.0 11.1111.1 44.4  0.0 83.3  5.6
  0.0  0.0  0.0  0.0  0.0  0.0  0.0  0.0  0.0  0.0  0.0  0.0  0.0  0.0  0.0
  0.0  0.0  0.0  0.0  0.0  0.0  0.0  0.0  0.0  0.0  0.0  5.6  0.0  0.0  0.0
  0.0 16.7  0.0  5.6  0.0  0.0  0.0  0.0  0.0  0.0  0.0  0.0  0.0  0.0  0.0
  0.0  0.0  5.6  5.6 22.2  0.0 22.2  0.0  0.0  0.0  0.0  0.0  0.0  0.0  0.0
  0.0  0.0  0.0  0.0  0.0  0.0  0.0  0.0 11.1 11.1  5.6  0.0  0.0  5.6  5.6
  0.0  0.0 16.7  0.0  0.0 11.1 22.2 33.3  0.0 16.7  0.0 11.1  5.6  5.6  0.0
    -22.75     -2.98     16.96     -4.81     -2.78  0.0  0.0  0.0  0.0  0.0
                                    t000003_s11_p8_el2ap.txt 11.5  5.4   65
 15.4  0.0  0.0 76.9  0.0  0.0  0.0  0.0  0.0 15.4  0.0  0.0  0.0  0.0  0.0
  0.0  0.0 30.8 46.2  0.0  0.0230.8123.1 92.3 30.8  0.0  0.0  0.0  0.0  0.0
 15.4  0.0 76.9  0.0 15.4 46.2  0.0  0.0  0.0  0.0  0.0  0.0  0.0 30.8  0.0
  0.0  0.0  0.0  0.0 15.4 30.8 46.2 30.8  0.0 15.4107.7  0.0  0.0123.1 15.4
  0.0  0.0  0.0  0.0  0.0  0.0  0.0  0.0  0.0  0.0  0.0  0.0  0.0  0.0  0.0
  0.0  0.0  0.0  0.0  0.0  0.0  0.0  0.0  0.0  0.0  0.0  0.0  0.0  0.0  0.0
  0.0  0.0  0.0  0.0  0.0  0.0  0.0  0.0  0.0  0.0  0.0  0.0  0.0  0.0  0.0
  0.0  0.0  0.0  0.0  0.0  0.0  0.0  0.0  0.0  0.0  0.0  0.0  0.0  0.0  0.0
  0.0  0.0  0.0  0.0  0.0  0.0  0.0  0.0 15.4  0.0 15.4 30.8  0.0  0.0 15.4
  0.0  0.0  0.0  0.0  0.0  0.0 30.8 15.4  0.0  0.0  0.0  0.0 46.2  0.0  0.0
     -4.12     -4.72     13.15     -6.61      1.04 15.4  0.0  0.0  0.0  0.0
                                    t000003_s11_p9_el2ap.txt 28.3  5.1  193
  5.2  0.0  0.0 46.6  0.0  5.2  0.0  0.0 31.1  5.2  0.0  0.0  5.2  0.0  0.0
  0.0  0.0  0.0 15.5  0.0  0.0316.1217.6 72.5  5.2  5.2  5.2  0.0  0.0  0.0
  5.2  5.2108.8  0.0  5.2 15.5 15.5  0.0  5.2  0.0  0.0  0.0  0.0 10.4  5.2
  5.2  0.0  0.0  0.0  0.0  0.0 20.7 20.7  0.0  5.2 93.3 36.3  0.0 77.7  5.2
  0.0  0.0  0.0  0.0  0.0  0.0  0.0  0.0  0.0  0.0  0.0  0.0  0.0  0.0  0.0
  0.0  0.0  0.0  0.0  0.0  0.0  0.0  0.0  0.0  0.0  0.0  0.0  0.0  0.0  0.0
  0.0  0.0  0.0  5.2  0.0  0.0  0.0  0.0  0.0  0.0  0.0  0.0  0.0  0.0  0.0
  0.0  0.0  0.0  0.0  5.2  0.0  5.2  0.0  0.0  0.0  0.0  0.0  0.0  0.0  0.0
  0.0  0.0  0.0  0.0  0.0  0.0  0.0  5.2 10.4  5.2 36.3  0.0  0.0  5.2  0.0
  0.0  0.0 15.5  0.0  0.0  5.2 10.4 25.9 10.4  5.2  0.0  0.0  0.0  0.0  0.0
    -22.00     -4.33     12.75     -4.93      3.60  5.2  0.0  0.0  0.0  0.0
                                    t000003_s16_p1_el2ap.txt 25.5  5.1  159
  6.3  6.3  0.0  6.3  0.0  0.0  0.0 12.6  0.0  0.0  0.0  0.0  0.0  0.0  0.0
  0.0  0.0  0.0  0.0  0.0  6.3320.8201.3 75.5 50.3 25.2  6.3  0.0  0.0  6.3
  0.0  0.0 94.3 18.9  0.0 18.9 12.6  0.0  0.0  0.0  0.0  6.3  6.3  0.0  6.3
  0.0  0.0  0.0  0.0  0.0  0.0  0.0  6.3  0.0  6.3 88.1 25.2  0.0 69.2  0.0
  0.0  0.0  0.0  0.0  0.0  0.0  0.0  0.0  0.0  0.0  0.0  0.0  0.0  0.0  0.0
  0.0  0.0  0.0  0.0  0.0  6.3  0.0  0.0  0.0  0.0  0.0  0.0  0.0  0.0  0.0
  0.0  0.0  0.0  0.0  0.0  0.0  0.0  0.0  0.0  0.0  0.0  0.0  0.0  0.0  0.0
  6.3  0.0  0.0  6.3  0.0  0.0  0.0  0.0  0.0  0.0  0.0  0.0  0.0  0.0  0.0
  0.0  0.0  0.0  0.0  0.0  0.0  0.0  6.3  0.0  6.3 31.4  0.0  0.0  6.3 12.6
  0.0  0.0  0.0  0.0  0.0 18.9  0.0 31.4  0.0  6.3  0.0  0.0  0.0  6.3  0.0
    -24.79     -1.75      4.21     -4.09      5.14  0.0  0.0  0.0  0.0  0.0
                                   t000003_s16_p10_el2ap.txt 12.8  4.8   70
  0.0  0.0  0.0 28.6  0.0  0.0  0.0  0.0 14.3  0.0  0.0  0.0  0.0  0.0  0.0
 14.3  0.0  0.0  0.0  0.0  0.0314.3214.3 28.6 57.1 14.3 42.9  0.0  0.0  0.0
  0.0  0.0 57.1  0.0  0.0 42.9 14.3  0.0  0.0  0.0  0.0  0.0 14.3  0.0  0.0
  0.0  0.0  0.0  0.0  0.0  0.0  0.0  0.0  0.0  0.0 28.6 28.6 14.3 85.7  0.0
  0.0  0.0  0.0  0.0  0.0  0.0  0.0  0.0  0.0  0.0  0.0  0.0  0.0  0.0  0.0
  0.0  0.0  0.0  0.0  0.0  0.0  0.0  0.0  0.0  0.0  0.0  0.0  0.0  0.0  0.0
  0.0  0.0  0.0  0.0  0.0  0.0  0.0  0.0  0.0  0.0  0.0  0.0  0.0  0.0  0.0
  0.0  0.0  0.0  0.0  0.0  0.0  0.0  0.0  0.0  0.0  0.0  0.0  0.0  0.0  0.0
  0.0  0.0  0.0  0.0  0.0  0.0  0.0  0.0 14.3  0.0 14.3  0.0  0.0  0.0  0.0
  0.0  0.0  0.0  0.0  0.0  0.0  0.0 14.3  0.0 14.3  0.0  0.0  0.0  0.0  0.0
    -22.70      5.03      2.51     -6.61      5.30  0.0  0.0  0.0  0.0  0.0
                                   t000003_s16_p11_el2ap.txt 17.5  4.8  108
  0.0  0.0  0.0  9.3  0.0  0.0  9.3  9.3  0.0  0.0  0.0  0.0  0.0  0.0  0.0
  0.0  0.0  0.0  0.0  0.0  0.0296.3129.6 55.6 64.8 18.5 37.0  0.0  0.0 27.8
  0.0  0.0 74.1  0.0  0.0 55.6  9.3  0.0  0.0  0.0  0.0  9.3  9.3  0.0  0.0
  0.0  0.0  0.0  9.3  0.0  0.0  0.0  0.0  0.0 27.8 64.8 18.5  0.0 83.3  9.3
  0.0  0.0  0.0  0.0  0.0  0.0  0.0  0.0  0.0  0.0  0.0  0.0  0.0  0.0  0.0
  0.0  0.0  0.0  0.0  0.0  0.0  0.0  0.0  0.0  0.0  0.0  0.0  0.0  0.0  0.0
  0.0  0.0  0.0  0.0  0.0  0.0  0.0  0.0  0.0  0.0  0.0  0.0  0.0  0.0  0.0
  0.0  0.0  0.0  0.0  0.0  0.0  0.0  0.0  0.0  0.0  0.0  0.0  0.0  0.0  0.0
  0.0  0.0  0.0  0.0  0.0  0.0  0.0  9.3  0.0  0.0 27.8  0.0  0.0  9.3  0.0
  0.0  0.0  9.3  0.0  0.0  0.0  0.0 27.8 27.8  0.0  0.0  9.3  0.0  0.0  0.0
    -22.76      4.35     16.85     -2.90      2.16  0.0  0.0  0.0  0.0  0.0
                                   t000003_s16_p12_el2ap.txt 14.5  5.3   78
  0.0  0.0  0.0 25.6  0.0  0.0  0.0  0.0  0.0  0.0  0.0  0.0  0.0  0.0  0.0
  0.0  0.0  0.0  0.0  0.0  0.0333.3217.9102.6 38.5  0.0 12.8  0.0  0.0  0.0
  0.0  0.0 76.9  0.0 12.8  0.0  0.0  0.0  0.0  0.0  0.0  0.0  0.0  0.0 12.8
  0.0  0.0  0.0  0.0 12.8  0.0  0.0 12.8  0.0  0.0128.2  0.0  0.0 76.9  0.0
  0.0  0.0  0.0  0.0  0.0  0.0  0.0  0.0  0.0  0.0  0.0  0.0  0.0  0.0  0.0
  0.0  0.0  0.0  0.0  0.0  0.0  0.0  0.0  0.0  0.0  0.0  0.0  0.0  0.0  0.0
  0.0  0.0  0.0  0.0  0.0  0.0  0.0  0.0  0.0  0.0  0.0  0.0  0.0  0.0  0.0
  0.0  0.0  0.0  0.0  0.0  0.0  0.0  0.0  0.0  0.0  0.0  0.0  0.0  0.0  0.0
  0.0  0.0  0.0  0.0  0.0  0.0  0.0  0.0  0.0  0.0 64.1  0.0  0.0  0.0  0.0
  0.0  0.0 12.8  0.0  0.0 12.8 38.5 25.6 12.8 12.8  0.0  0.0  0.0  0.0  0.0
    -34.71     -2.00      2.54     -6.61      6.24  0.0  0.0  0.0  0.0  0.0
                                   t000003_s16_p13_el2ap.txt 28.3  5.1  214
  4.7  0.0  0.0 14.0  0.0  0.0  4.7  0.0  0.0  0.0  0.0  0.0  0.0  0.0  0.0
  0.0  0.0  0.0  4.7  0.0  0.0331.8177.6 74.8 18.7  0.0  9.3  0.0  0.0  0.0
  0.0  0.0 65.4  0.0 14.0 37.4  4.7  0.0  0.0  0.0  0.0  0.0 14.0  0.0  0.0
  4.7  0.0  0.0  4.7  9.3  0.0  4.7  4.7  0.0  0.0107.5  0.0  0.0 42.1  0.0
  0.0  0.0  0.0  0.0  0.0  0.0  0.0  0.0  0.0  0.0  0.0  0.0  0.0  0.0  0.0
  0.0  0.0  0.0  0.0  0.0  0.0  0.0  0.0  0.0  0.0  0.0  0.0  0.0  0.0  0.0
  0.0  0.0  0.0  0.0  0.0  0.0  0.0  0.0  0.0  0.0  0.0  0.0  0.0  0.0  0.0
  0.0  0.0  0.0  0.0  0.0  0.0  0.0  0.0  0.0  0.0  0.0  0.0  0.0  0.0  0.0
  0.0  0.0  0.0  4.7  0.0  0.0  0.0  0.0  4.7  0.0  9.3  0.0  0.0  9.3  4.7
  0.0  0.0  0.0  0.0  0.0  4.7 14.0  0.0  0.0  4.7  0.0  0.0  4.7  4.7  0.0
    -28.83     -3.32     -0.73     -6.61      6.64  0.0  0.0  0.0  0.0  0.0
                                   t000003_s16_p14_el2ap.txt 31.0  5.0  201
  0.0  5.0  0.0 29.9  0.0  0.0  5.0  5.0 10.0  5.0  0.0  5.0  0.0  0.0  0.0
  0.0  0.0  0.0  0.0  0.0  0.0283.6174.1 89.6 34.8 14.9  5.0  5.0  0.0  5.0
  0.0  0.0 54.7  0.0  0.0 39.8  5.0  0.0  0.0  0.0  0.0  0.0 10.0  5.0  0.0
  0.0  0.0 10.0  0.0  0.0  0.0  5.0  5.0  0.0  5.0109.5 24.9 14.9 69.7  0.0
  0.0  0.0  0.0  0.0  0.0  0.0  0.0  0.0  0.0  0.0  0.0  0.0  0.0  0.0  0.0
  0.0  0.0  0.0  5.0  0.0 10.0  0.0  0.0  0.0  0.0  0.0  0.0  0.0  0.0  0.0
  0.0  0.0  0.0  0.0  0.0  0.0  0.0  0.0  0.0  0.0  0.0  0.0  0.0  0.0  0.0
 14.9  0.0  0.0 14.9  0.0  0.0  0.0  0.0  0.0  0.0  0.0  0.0  0.0  0.0  0.0
  0.0  0.0  0.0  0.0  0.0  0.0  0.0  0.0 19.9 10.0 10.0  0.0  5.0 29.9  0.0
  0.0 19.9  0.0  0.0  0.0 10.0 10.0 14.9  0.0  0.0  0.0 10.0  0.0  0.0  0.0
    -22.49     -2.04      5.00     -6.61      3.35  0.0  5.0  0.0  0.0  0.0
                                   t000003_s16_p15_el2ap.txt 24.3  5.2  138
  0.0  0.0  0.0 21.7  0.0  0.0  7.2  0.0  7.2  0.0  0.0  0.0  0.0  0.0  0.0
  0.0  0.0  0.0  0.0  0.0  0.0333.3159.4 94.2 36.2  7.2 58.0  0.0  0.0  7.2
  0.0  0.0101.4  0.0  7.2 36.2  7.2  0.0  7.2  0.0  0.0 14.5  0.0  7.2  0.0
  0.0  0.0 14.5  0.0  7.2  0.0  0.0  7.2  0.0  7.2101.4 14.5  0.0 79.7  0.0
  0.0  0.0  0.0  0.0  0.0  0.0  0.0  0.0  0.0  0.0  0.0  0.0  0.0  0.0  0.0
  0.0  0.0  0.0  0.0  0.0  7.2  7.2  0.0  0.0  0.0  0.0  0.0  0.0  0.0  0.0
  0.0  0.0  0.0  0.0  0.0  0.0  0.0  0.0  0.0  0.0  0.0  0.0  0.0  0.0  0.0
 14.5  0.0  0.0 14.5  0.0  0.0  0.0  0.0  0.0  0.0  0.0  0.0  0.0  0.0  0.0
  0.0  0.0  0.0  0.0  0.0  0.0  0.0  0.0 14.5  0.0 21.7  7.2  0.0  7.2 14.5
  0.0  0.0  0.0  0.0  0.0  7.2 36.2 14.5  0.0  7.2  0.0  0.0  7.2  0.0  0.0
    -30.03      6.93      7.45      1.53     -2.53  0.0  0.0  0.0  0.0  0.0
                                   t000003_s16_p16_el2ap.txt 11.3  4.8   54
  0.0  0.0  0.0 92.6  0.0  0.0  0.0  0.0  0.0  0.0  0.0  0.0  0.0  0.0  0.0
  0.0  0.0  0.0  0.0  0.0  0.0351.9166.7 92.6  0.0  0.0  0.0  0.0  0.0 18.5
  0.0  0.0 74.1  0.0  0.0 37.0  0.0  0.0  0.0  0.0  0.0  0.0 18.5 18.5  0.0
  0.0  0.0  0.0  0.0 18.5  0.0  0.0 18.5  0.0 18.5129.6  0.0  0.0 92.6  0.0
  0.0  0.0  0.0  0.0  0.0  0.0  0.0  0.0  0.0  0.0  0.0  0.0  0.0  0.0  0.0
  0.0  0.0  0.0  0.0  0.0  0.0  0.0  0.0  0.0  0.0  0.0  0.0  0.0  0.0  0.0
  0.0  0.0  0.0  0.0  0.0  0.0  0.0  0.0  0.0  0.0  0.0  0.0  0.0  0.0  0.0
  0.0  0.0  0.0  0.0  0.0  0.0  0.0  0.0  0.0  0.0  0.0  0.0  0.0  0.0  0.0
  0.0  0.0  0.0  0.0  0.0  0.0  0.0 37.0  0.0  0.0 37.0  0.0  0.0  0.0  0.0
 18.5  0.0  0.0  0.0  0.0 18.5  0.0  0.0  0.0  0.0  0.0  0.0  0.0  0.0  0.0
    -29.34     -5.73     13.27     -6.61     10.75 18.5  0.0  0.0  0.0  0.0
                                   t000003_s16_p17_el2ap.txt 22.8  4.9  126
 15.9  0.0  0.0 47.6  0.0  0.0  7.9  0.0 15.9 15.9  0.0  0.0  0.0  7.9  0.0
  0.0  0.0  0.0 15.9  0.0  0.0325.4174.6 55.6 31.7  0.0  7.9  0.0  0.0  0.0
  0.0  0.0 31.7 15.9  0.0 23.8  0.0  0.0  0.0  0.0  0.0  0.0  0.0  7.9  7.9
  0.0  0.0  7.9  0.0  0.0  0.0 15.9 15.9  0.0  0.0 55.6 15.9  0.0 95.2  7.9
  7.9  0.0  0.0  0.0  0.0  0.0  0.0  0.0  0.0  0.0  0.0  0.0  0.0  0.0  0.0
  0.0  0.0  0.0  0.0  0.0  7.9  0.0  0.0  0.0  0.0  0.0  0.0  0.0  0.0  0.0
  0.0  0.0  0.0  0.0  0.0  0.0  0.0  0.0  0.0  0.0  0.0  0.0  0.0  0.0  0.0
  7.9  0.0  0.0  7.9  0.0  0.0  0.0  0.0  0.0  0.0  0.0  0.0  0.0  0.0  0.0
  0.0  0.0  0.0  0.0  0.0  0.0  0.0  7.9 23.8  0.0 15.9 15.9  0.0  0.0 23.8
  7.9  0.0  0.0  0.0  0.0  0.0  7.9  0.0  0.0 15.9  0.0  0.0  7.9  0.0  0.0
    -15.15     -3.16     -2.71     -6.61      3.68  0.0  0.0  0.0  0.0  0.0
                                   t000003_s16_p18_el2ap.txt 35.3  4.5  197
  5.1  0.0  0.0 71.1  0.0  0.0  5.1  5.1 25.4  5.1  0.0  0.0  0.0  5.1  0.0
  0.0  0.0  5.1 10.2  0.0  0.0319.8 96.4 35.5 35.5 35.5 15.2  0.0  0.0 15.2
  0.0  0.0 81.2  5.1 10.2 35.5  5.1  0.0  0.0  0.0  0.0  5.1 10.2  5.1  0.0
  5.1  5.1  5.1  0.0  0.0  5.1 15.2 10.2  0.0 15.2 50.8 60.9  5.1111.7 10.2
  0.0  0.0  0.0  0.0  0.0  0.0  0.0  0.0  0.0  0.0  0.0  0.0  0.0  0.0  0.0
  0.0  0.0  0.0  0.0  0.0  5.1  0.0  0.0  0.0  0.0  0.0  0.0  0.0  0.0  0.0
  0.0  0.0  0.0  0.0  0.0  0.0  0.0  0.0  0.0  0.0  0.0  0.0  0.0  0.0  0.0
  5.1  0.0  0.0  5.1  0.0  0.0  0.0  0.0  0.0  0.0  0.0  0.0  0.0  0.0  0.0
  0.0  0.0  0.0  0.0  0.0  0.0  0.0  0.0 20.3  0.0 35.5  0.0  0.0 45.7  5.1
  0.0  0.0  0.0  0.0  0.0 15.2  5.1 40.6 10.2 15.2  0.0  5.1  0.0  0.0  0.0
    -12.12     -0.05      7.77     -4.57      5.13  0.0  0.0  0.0  0.0  0.0
                                   t000003_s16_p19_el2ap.txt 24.8  5.5  127
  0.0  0.0  0.0 70.9  0.0  0.0 15.7  0.0  0.0  0.0  0.0  0.0  0.0  0.0  0.0
  0.0  0.0  0.0  0.0  0.0  0.0307.1149.6 55.1  7.9 23.6 15.7  0.0  0.0 15.7
  7.9  0.0133.9  7.9  0.0 47.2 15.7  0.0  0.0  0.0  0.0 15.7  7.9 15.7  7.9
 15.7  7.9  7.9  0.0  0.0  0.0  7.9 39.4  0.0 23.6 63.0 23.6  7.9133.9 23.6
  0.0  0.0  0.0  0.0  0.0  0.0  0.0  0.0  0.0  0.0  0.0  0.0  0.0  0.0  0.0
  0.0  0.0  0.0  0.0  0.0  7.9  0.0  0.0  0.0  0.0  0.0  0.0  0.0  0.0  0.0
  0.0  0.0  0.0  0.0  0.0  0.0  0.0  0.0  0.0  7.9  0.0  0.0  0.0  0.0  0.0
  7.9  0.0  0.0  7.9  0.0  0.0  7.9  0.0  0.0  0.0  0.0  0.0  0.0  0.0  0.0
  0.0  7.9  0.0  0.0  0.0  0.0  0.0  0.0 23.6 23.6 31.5  0.0  0.0  0.0  0.0
  0.0  0.0  7.9  0.0  0.0  0.0  0.0 31.5 15.7 15.7  7.9  0.0  0.0  0.0  0.0
    -24.58     -1.39     20.37     -0.31     14.82  0.0  0.0  0.0  0.0  0.0
                                    t000003_s16_p2_el2ap.txt 24.8  5.2  150
  6.7  0.0  0.0 13.3  0.0  0.0  6.7  0.0  0.0  6.7  0.0  6.7  0.0  0.0  0.0
  0.0  0.0  6.7  6.7  0.0  0.0326.7180.0106.7 26.7  0.0 13.3  0.0  0.0  0.0
  0.0  6.7140.0  6.7 13.3 13.3  6.7  0.0  0.0  0.0  0.0  0.0  6.7  0.0  0.0
 13.3  0.0  0.0  0.0  0.0  6.7 20.0 13.3  0.0  0.0113.3  0.0  0.0 60.0  6.7
  0.0  0.0  0.0  0.0  0.0  0.0  0.0  0.0  0.0  0.0  0.0  0.0  0.0  0.0  0.0
  0.0  0.0  0.0  0.0  0.0  0.0  0.0  0.0  0.0  0.0  0.0  0.0  0.0  0.0  0.0
  0.0  0.0  0.0  0.0  0.0  0.0  0.0  0.0  0.0  0.0  0.0  0.0  0.0  0.0  0.0
  0.0  0.0  0.0  0.0  0.0  0.0  0.0  0.0  0.0  0.0  0.0  0.0  0.0  0.0  0.0
  0.0  0.0  0.0  0.0  0.0  0.0  0.0  6.7 20.0  0.0 26.7  0.0  0.0  6.7 20.0
  6.7  6.7 20.0  0.0  0.0  0.0 13.3 20.0  0.0  0.0  6.7  0.0  6.7  0.0  0.0
    -23.17     -2.29      6.58     -6.61      4.84  0.0  0.0  0.0  0.0  0.0
                                   t000003_s16_p20_el2ap.txt 17.3  5.0   94
  0.0  0.0  0.0 63.8  0.0  0.0  0.0  0.0 21.3  0.0  0.0  0.0  0.0  0.0  0.0
  0.0  0.0  0.0  0.0  0.0  0.0276.6138.3 85.1 21.3 63.8 31.9  0.0  0.0  0.0
 10.6 10.6 63.8  0.0 10.6 21.3  0.0  0.0  0.0  0.0  0.0 10.6  0.0  0.0  0.0
  0.0  0.0  0.0  0.0  0.0  0.0 10.6  0.0  0.0 10.6148.9 85.1  0.0 85.1 10.6
  0.0  0.0  0.0  0.0  0.0  0.0  0.0  0.0  0.0  0.0  0.0  0.0  0.0  0.0  0.0
  0.0  0.0  0.0  0.0  0.0  0.0  0.0  0.0  0.0  0.0  0.0  0.0  0.0  0.0  0.0
  0.0  0.0  0.0  0.0  0.0  0.0  0.0  0.0  0.0  0.0  0.0  0.0  0.0  0.0  0.0
  0.0  0.0  0.0  0.0  0.0  0.0  0.0  0.0  0.0  0.0  0.0  0.0  0.0  0.0  0.0
  0.0  0.0  0.0  0.0  0.0  0.0  0.0  0.0  0.0 10.6 21.3 10.6  0.0 10.6  0.0
  0.0 10.6 31.9  0.0  0.0  0.0 10.6 21.3 21.3 10.6  0.0  0.0  0.0  0.0  0.0
    -26.23      3.95     14.68     -2.35     -3.63  0.0 10.6  0.0  0.0  0.0
                                   t000003_s16_p21_el2ap.txt 13.8  4.9   73
  0.0  0.0  0.0 82.2  0.0  0.0 13.7  0.0 41.1  0.0  0.0  0.0  0.0  0.0  0.0
  0.0  0.0  0.0  0.0  0.0  0.0274.0164.4 82.2 13.7  0.0 27.4  0.0  0.0 13.7
  0.0  0.0 54.8 13.7 13.7 27.4  0.0  0.0  0.0  0.0  0.0  0.0 13.7  0.0  0.0
  0.0  0.0  0.0  0.0  0.0  0.0  0.0  0.0  0.0 13.7109.6 41.1  0.0 95.9  0.0
 27.4  0.0  0.0  0.0  0.0  0.0  0.0  0.0  0.0  0.0  0.0  0.0  0.0  0.0  0.0
  0.0  0.0  0.0  0.0  0.0  0.0  0.0  0.0  0.0  0.0  0.0  0.0  0.0  0.0  0.0
  0.0  0.0  0.0  0.0  0.0  0.0  0.0  0.0  0.0  0.0  0.0  0.0  0.0  0.0  0.0
  0.0  0.0  0.0  0.0  0.0  0.0  0.0  0.0  0.0  0.0  0.0  0.0  0.0  0.0  0.0
  0.0  0.0  0.0  0.0  0.0  0.0  0.0  0.0 41.1  0.0 13.7 13.7  0.0 27.4  0.0
 13.7  0.0  0.0  0.0  0.0 41.1  0.0 27.4 13.7  0.0  0.0 13.7  0.0  0.0  0.0
    -22.59     -0.01      2.13     -6.61      4.94  0.0  0.0  0.0  0.0  0.0
                                   t000003_s16_p22_el2ap.txt 22.3  4.9  199
  0.0  0.0  0.0 35.2  0.0  0.0  0.0  0.0 30.2  0.0  0.0  0.0  0.0  0.0  0.0
  0.0  0.0  0.0 10.1  0.0  0.0296.5175.9 55.3 30.2 10.1  0.0  0.0  0.0  0.0
 15.1  5.0 75.4  0.0 20.1 15.1  0.0  0.0  5.0  0.0  0.0  0.0  0.0  5.0  0.0
  5.0  0.0  0.0  0.0  0.0  0.0 15.1 10.1  0.0 15.1 75.4 40.2  0.0 70.4 10.1
  5.0  0.0  0.0  0.0  0.0  0.0  0.0  0.0  0.0  0.0  0.0  0.0  0.0  0.0  0.0
  0.0  0.0  0.0  0.0  0.0  0.0  0.0  0.0  0.0  0.0  0.0  0.0  0.0  0.0  0.0
  0.0  0.0  0.0  0.0  0.0  5.0  0.0  0.0  0.0  0.0  0.0  0.0  0.0  0.0  0.0
  0.0  0.0  0.0  0.0  0.0  5.0  5.0  0.0  0.0  0.0  0.0  0.0  0.0  0.0  0.0
  0.0  0.0  0.0  0.0  0.0  0.0  0.0  0.0  5.0 10.1 30.2 10.1  0.0  0.0  0.0
  0.0  0.0  0.0  0.0  0.0 10.1  5.0  5.0  0.0  0.0  0.0  5.0 10.1  0.0  0.0
    -24.84     -4.29     15.01     -4.98     -1.24  0.0  0.0  0.0  0.0  0.0
                                   t000003_s16_p23_el2ap.txt 17.8  4.7  122
  8.2  0.0  0.0  8.2  0.0  0.0  0.0  8.2  8.2  0.0  0.0  0.0  0.0  0.0  0.0
  0.0  0.0  0.0 16.4  0.0 16.4352.5180.3 57.4 73.8 32.8  0.0  0.0  0.0  0.0
  0.0  8.2 82.0  0.0  0.0 24.6  0.0  0.0  0.0  0.0  0.0  0.0  8.2 24.6  0.0
  8.2  8.2  8.2  0.0  0.0  0.0 32.8 32.8  0.0  0.0 65.6 41.0  0.0 90.2  0.0
  0.0  0.0  0.0  0.0  0.0  0.0  0.0  0.0  0.0  0.0  0.0  0.0  0.0  0.0  0.0
  0.0  0.0  0.0  0.0  0.0  8.2  0.0  0.0  0.0  0.0  0.0  0.0  0.0  0.0  0.0
  0.0  0.0  0.0  0.0  0.0  0.0  0.0  0.0  0.0  0.0  0.0  0.0  0.0  0.0  0.0
  8.2  0.0  0.0  8.2  0.0  0.0  0.0  0.0  0.0  0.0  0.0  0.0  0.0  0.0  0.0
  0.0  0.0  0.0  0.0  0.0  0.0  0.0  0.0  0.0  0.0 41.0  8.2  0.0  0.0 24.6
  0.0  0.0  0.0  0.0  0.0  8.2  0.0  0.0  8.2 16.4  0.0  0.0  0.0  0.0  0.0
    -17.76     -1.84      8.30     -6.61      7.87  0.0  0.0  0.0  0.0  0.0
                                   t000003_s16_p24_el2ap.txt 22.8  4.6  144
  0.0  0.0  0.0 55.6  0.0  0.0  0.0  0.0  0.0 13.9  0.0  6.9  0.0  6.9  0.0
  0.0  0.0  0.0  0.0  0.0  6.9326.4131.9 69.4 20.8 20.8  0.0  0.0  0.0  6.9
  0.0  0.0 48.6  0.0 13.9 41.7 13.9  0.0  0.0  0.0  0.0  6.9 13.9 41.7  0.0
  6.9 13.9  0.0  0.0  6.9  0.0 20.8 48.6  0.0  6.9 97.2 20.8  6.9104.2 13.9
  0.0  0.0  0.0  0.0  0.0  0.0  0.0  0.0  0.0  0.0  0.0  0.0  0.0  0.0  0.0
  0.0  0.0  0.0  6.9  0.0  6.9  0.0  0.0  0.0  0.0  0.0  0.0  0.0  0.0  6.9
  6.9  0.0  0.0  0.0  0.0  0.0  0.0  0.0  0.0  0.0  0.0  0.0  0.0  0.0  0.0
 13.9  0.0  0.0 13.9 13.9  0.0 13.9  0.0  0.0  0.0  0.0  0.0  0.0  0.0  0.0
  0.0  0.0  0.0  0.0  0.0  0.0  0.0  6.9  6.9  0.0 41.7  6.9  0.0  0.0  0.0
  0.0  0.0 13.9  0.0  0.0  0.0  0.0  6.9 27.8  6.9  0.0  6.9  0.0  0.0  0.0
    -14.53     -4.12      1.37     -3.83     13.61  0.0  0.0  0.0  0.0  0.0
                                   t000003_s16_p25_el2ap.txt 31.8  4.7  255
  7.8  0.0  0.0 15.7  0.0  0.0  0.0  0.0  3.9  0.0  0.0  0.0  0.0 11.8  0.0
  0.0  0.0  0.0  0.0  0.0  0.0356.9129.4 39.2 54.9 23.5 11.8  7.8  0.0  0.0
  0.0  0.0 90.2  0.0  3.9 15.7  7.8  0.0  0.0  0.0  0.0  3.9  0.0 11.8  0.0
  7.8  3.9  7.8  3.9  3.9  0.0  3.9 19.6  0.0  0.0 58.8 27.5  3.9 98.0 11.8
  7.8  0.0  0.0  0.0  0.0  0.0  0.0  0.0  0.0  0.0  0.0  0.0  0.0  0.0  0.0
  0.0  0.0  0.0  7.8  0.0  0.0  0.0  0.0  0.0  0.0  0.0  0.0  0.0  0.0  0.0
  0.0  0.0  3.9  0.0  0.0  0.0  0.0  0.0  0.0  0.0  0.0  0.0  0.0  0.0  0.0
  7.8  0.0  0.0  7.8  3.9  0.0  3.9  0.0  0.0  0.0  0.0  0.0  0.0  0.0  0.0
  0.0  0.0  0.0  3.9  0.0  0.0  0.0  3.9  3.9  0.0 31.4 23.5  0.0  3.9  0.0
  0.0  0.0  0.0  0.0  0.0 15.7  3.9  7.8 11.8  7.8  0.0  0.0 15.7  0.0  0.0
    -20.34      0.84      5.19     -5.04      0.69  3.9  0.0  0.0  0.0  0.0
                                   t000003_s16_p26_el2ap.txt 19.5  4.8  139
  7.2  0.0  0.0 14.4  0.0  0.0  0.0  0.0  7.2 21.6  0.0  0.0  0.0 14.4  0.0
  7.2  0.0  0.0 21.6  0.0  0.0338.1151.1 57.6 71.9  0.0  0.0  0.0  0.0  7.2
  0.0  0.0 57.6  0.0  0.0 28.8  0.0  0.0  0.0  0.0  0.0  7.2  7.2  7.2  0.0
  7.2 14.4  0.0  0.0  0.0  0.0 36.0 14.4  0.0  7.2 57.6  7.2  0.0 93.5  0.0
  0.0  0.0  0.0  0.0  0.0  0.0  0.0  0.0  0.0  0.0  0.0  0.0  0.0  0.0  0.0
  0.0  0.0  0.0  0.0  0.0  0.0  0.0  0.0  0.0  0.0  0.0  0.0  0.0  0.0  0.0
  0.0  0.0  0.0  0.0  0.0  0.0  0.0  0.0  0.0  0.0  7.2  0.0  7.2  0.0  0.0
  0.0  0.0  0.0  0.0  0.0  0.0  0.0 14.4  0.0  0.0  0.0  0.0  0.0  0.0  0.0
  0.0  0.0  0.0  0.0  0.0  0.0  0.0  0.0  7.2  0.0 14.4  7.2 21.6  0.0  0.0
  0.0  0.0  0.0  0.0  0.0  0.0  7.2 28.8  0.0  0.0  0.0  0.0 21.6 14.4  0.0
    -10.23     -3.36      6.93     -3.73      4.28  0.0  0.0  0.0  0.0  0.0
                                   t000003_s16_p27_el2ap.txt 10.5  4.2   52
  0.0  0.0  0.0 38.5  0.0  0.0  0.0  0.0 19.2 57.7  0.0  0.0  0.0  0.0  0.0
  0.0  0.0  0.0 19.2  0.0 19.2307.7153.8 57.7 19.2  0.0  0.0  0.0  0.0  0.0
  0.0  0.0 19.2  0.0  0.0 19.2  0.0  0.0  0.0  0.0  0.0 19.2  0.0 19.2  0.0
  0.0  0.0  0.0  0.0  0.0  0.0 19.2 19.2  0.0  0.0 57.7 19.2 19.2 76.9 19.2
  0.0  0.0  0.0  0.0  0.0  0.0  0.0  0.0  0.0  0.0  0.0  0.0  0.0  0.0  0.0
  0.0  0.0  0.0  0.0  0.0  0.0  0.0  0.0  0.0  0.0  0.0  0.0  0.0  0.0  0.0
  0.0  0.0  0.0  0.0  0.0  0.0  0.0  0.0  0.0  0.0  0.0  0.0  0.0  0.0  0.0
  0.0  0.0  0.0  0.0  0.0  0.0  0.0  0.0  0.0  0.0  0.0  0.0  0.0  0.0  0.0
  0.0  0.0  0.0  0.0  0.0  0.0  0.0  0.0  0.0  0.0 19.2  0.0  0.0  0.0  0.0
  0.0  0.0  0.0  0.0  0.0  0.0  0.0 19.2  0.0  0.0  0.0  0.0 19.2  0.0  0.0
     -5.91     -5.10      1.22      1.09     -0.71  0.0  0.0  0.0  0.0  0.0
                                   t000003_s16_p28_el2ap.txt 13.0  4.4   85
  0.0  0.0  0.0 11.8  0.0  0.0  0.0  0.0  0.0  0.0  0.0  0.0  0.0  0.0  0.0
  0.0  0.0  0.0  0.0  0.0  0.0364.7141.2 70.6 35.3 11.8  0.0  0.0  0.0 11.8
  0.0 11.8 11.8  0.0  0.0  0.0  0.0  0.0  0.0  0.0  0.0 11.8  0.0 23.5  0.0
  0.0  0.0  0.0 11.8  0.0  0.0 11.8 23.5  0.0 11.8117.6 11.8  0.0 47.1  0.0
 23.5  0.0  0.0  0.0  0.0  0.0  0.0  0.0  0.0  0.0  0.0  0.0  0.0  0.0  0.0
  0.0  0.0  0.0  0.0  0.0  0.0  0.0  0.0  0.0  0.0  0.0  0.0  0.0  0.0  0.0
  0.0  0.0  0.0  0.0  0.0  0.0  0.0  0.0  0.0  0.0  0.0  0.0  0.0  0.0  0.0
  0.0  0.0  0.0  0.0  0.0  0.0  0.0  0.0  0.0  0.0  0.0  0.0  0.0  0.0  0.0
  0.0  0.0  0.0  0.0  0.0  0.0  0.0  0.0  0.0  0.0 23.5 11.8 11.8  0.0  0.0
  0.0  0.0  0.0  0.0  0.0  0.0 11.8 11.8 11.8  0.0  0.0  0.0 11.8  0.0  0.0
    -29.02     -4.04     12.03     -1.90     -0.06  0.0  0.0  0.0  0.0  0.0
                                   t000003_s16_p29_el2ap.txt 16.3  4.3  103
  0.0  0.0  0.0 48.5  0.0  0.0  9.7  0.0 29.1  9.7  0.0  0.0  9.7  9.7  0.0
  0.0  0.0  0.0  0.0  0.0  9.7271.8165.0 29.1 19.4  0.0 19.4  0.0  0.0  0.0
  0.0 19.4 29.1  0.0  0.0 58.3  0.0  0.0  0.0  0.0  0.0  9.7  0.0  9.7  0.0
  9.7  0.0  0.0  0.0  0.0  0.0 19.4 19.4  0.0  0.0 97.1 29.1  0.0 68.0  0.0
  0.0  0.0  0.0  0.0  0.0  0.0  0.0  0.0  0.0  0.0  0.0  0.0  0.0  0.0  0.0
  0.0  0.0  0.0  0.0  0.0  0.0  0.0  0.0  0.0  0.0  0.0  0.0  0.0  0.0  0.0
  0.0  0.0  0.0  0.0  0.0  0.0  0.0  0.0  0.0  0.0  0.0  0.0  0.0  0.0  0.0
  0.0  0.0  0.0  0.0  0.0  0.0  0.0  0.0  0.0  0.0  0.0  0.0  0.0  0.0  0.0
  0.0  0.0  0.0  0.0  0.0  0.0  0.0  0.0  0.0  0.0 29.1 19.4  0.0  0.0  0.0
  0.0  0.0  0.0  0.0  0.0  0.0  9.7 29.1  0.0  0.0  0.0  0.0  0.0  0.0  0.0
     -6.54     -1.35      6.88     -2.72      0.98  0.0  0.0  0.0  0.0  0.0
                                    t000003_s16_p3_el2ap.txt 23.0  4.9  126
  7.9  0.0  0.0 63.5  0.0  0.0  7.9  0.0  7.9 15.9  0.0  7.9  0.0  0.0  0.0
  7.9  0.0  0.0  7.9  0.0  0.0261.9158.7 39.7 15.9  7.9 23.8  0.0  0.0  7.9
  0.0  7.9 95.2  7.9  0.0 39.7 15.9  0.0  0.0  0.0  0.0  7.9  0.0 15.9  0.0
  0.0  0.0  7.9  0.0 15.9  0.0 23.8 15.9  0.0  7.9111.1 15.9  0.0 95.2  0.0
  0.0  0.0  0.0  0.0  0.0  0.0  0.0  0.0  0.0  0.0  0.0  0.0  0.0  0.0  0.0
  0.0  0.0  0.0  0.0  0.0  0.0  7.9  0.0  0.0  7.9  0.0  0.0  0.0  0.0  0.0
  0.0  0.0  0.0  0.0  7.9  0.0  0.0  0.0  0.0  0.0  7.9  0.0  0.0  0.0  0.0
  7.9  7.9  0.0 15.9  0.0  7.9  7.9  7.9  0.0  0.0  0.0  0.0  0.0  0.0  0.0
  0.0  7.9  0.0  0.0  0.0  0.0  0.0 15.9  7.9  0.0  0.0  0.0  0.0  0.0  0.0
  0.0  0.0  0.0  0.0  0.0  0.0  0.0 15.9  0.0  7.9  0.0  0.0  7.9  0.0  0.0
    -10.60     -0.27      9.97     -3.43     -1.22  0.0  0.0  0.0  0.0  0.0
                                   t000003_s16_p30_el2ap.txt 25.3  4.8  178
  5.6  0.0  0.0 28.1  0.0  0.0  5.6  5.6  5.6  0.0  0.0  0.0  0.0  0.0  0.0
  0.0  0.0  0.0 11.2  0.0  0.0359.6179.8 39.3 44.9 28.1  5.6  0.0  0.0  5.6
  0.0  0.0 95.5  0.0  0.0 22.5  0.0  0.0  0.0  0.0 11.2  0.0  0.0  0.0  0.0
  0.0  0.0  0.0  0.0  0.0 11.2 11.2  0.0  0.0  5.6 61.8 33.7 11.2 73.0  0.0
  5.6  0.0  0.0  0.0  0.0  0.0  0.0  0.0  0.0  0.0  0.0  0.0  0.0  0.0  0.0
  0.0  0.0  0.0  0.0  0.0  0.0  0.0  0.0  0.0  0.0  0.0  0.0  0.0  0.0  0.0
  0.0  0.0  0.0  0.0  0.0  0.0  0.0  0.0  0.0  0.0  0.0  0.0  0.0  0.0  0.0
  0.0  0.0  0.0  0.0  0.0  0.0  0.0  0.0  0.0  0.0  0.0  0.0  0.0  0.0  0.0
  0.0  5.6  0.0  0.0  0.0  0.0  0.0  0.0  5.6  5.6 16.9 33.7  0.0  5.6  0.0
  5.6  0.0  0.0  0.0  0.0  5.6 22.5 22.5  0.0  5.6  0.0  0.0  0.0  0.0  0.0
    -23.63     -1.92      9.14     -1.25     -3.63  0.0  0.0  0.0  0.0  0.0
                                   t000003_s16_p31_el2ap.txt 29.8  4.7  257
 11.7  0.0  0.0 23.3  0.0  0.0  7.8  0.0 11.7  3.9  0.0  0.0  0.0  7.8  0.0
  0.0  0.0  0.0  3.9  0.0  0.0358.0159.5 35.0 58.4 19.5  7.8  0.0  0.0  0.0
  0.0  0.0 81.7  0.0  3.9 23.3  3.9  0.0  0.0  3.9  0.0  0.0  0.0  3.9  0.0
  3.9  3.9  0.0  0.0  0.0  0.0 11.7  7.8  0.0  0.0 58.4 31.1  0.0105.1 11.7
  0.0  0.0  0.0  0.0  0.0  0.0  0.0  0.0  0.0  0.0  0.0  0.0  0.0  0.0  0.0
  0.0  0.0  0.0  0.0  0.0  0.0  0.0  0.0  0.0  0.0  0.0  0.0  0.0  0.0  0.0
  0.0  0.0  3.9  0.0  0.0  0.0  0.0  0.0  0.0  0.0  0.0  0.0  0.0  0.0  0.0
  0.0  0.0  0.0  0.0  3.9  0.0  3.9  0.0  0.0  0.0  0.0  0.0  0.0  0.0  0.0
  0.0  0.0  0.0  3.9  0.0  0.0  0.0 15.6 19.5  3.9 23.3 35.0  0.0  7.8  0.0
  0.0  0.0  0.0  0.0  0.0  0.0  0.0 23.3  7.8  7.8  7.8  7.8 11.7  0.0  0.0
    -19.65     -1.45      4.18     -4.84     -1.78  0.0  3.9  0.0  0.0  0.0
                                   t000003_s16_p32_el2ap.txt 16.3  4.8   92
  0.0  0.0  0.0 43.5  0.0  0.0  0.0  0.0 10.9  0.0  0.0  0.0  0.0  0.0  0.0
  0.0  0.0 21.7 10.9  0.0 10.9293.5228.3 54.3 10.9 10.9  0.0  0.0  0.0  0.0
  0.0  0.0 97.8  0.0  0.0 21.7 10.9  0.0  0.0  0.0  0.0  0.0  0.0 10.9  0.0
 21.7  0.0  0.0  0.0  0.0 21.7 10.9 32.6  0.0  0.0 65.2 21.7  0.0 97.8  0.0
  0.0  0.0  0.0  0.0  0.0  0.0  0.0  0.0  0.0  0.0  0.0  0.0  0.0  0.0  0.0
  0.0  0.0  0.0  0.0  0.0  0.0  0.0  0.0  0.0  0.0  0.0  0.0  0.0  0.0  0.0
  0.0 10.9  0.0  0.0  0.0  0.0  0.0  0.0  0.0  0.0  0.0  0.0  0.0  0.0  0.0
  0.0  0.0  0.0  0.0 10.9  0.0 10.9  0.0  0.0  0.0  0.0  0.0  0.0  0.0  0.0
  0.0  0.0  0.0  0.0  0.0  0.0  0.0 10.9  0.0  0.0 10.9 10.9  0.0  0.0  0.0
  0.0  0.0  0.0  0.0  0.0 10.9 21.7 21.7  0.0  0.0 10.9  0.0 21.7  0.0  0.0
    -16.69     -4.89      6.53     -6.61      5.03  0.0  0.0  0.0  0.0  0.0
                                   t000003_s16_p33_el2ap.txt  8.8  4.2   67
 44.8  0.0  0.0 89.6  0.0  0.0  0.0  0.0  0.0 14.9  0.0  0.0  0.0  0.0  0.0
  0.0  0.0  0.0  0.0  0.0  0.0298.5179.1 14.9 14.9  0.0  0.0  0.0  0.0 29.9
  0.0  0.0 29.9  0.0  0.0 14.9  0.0  0.0  0.0  0.0  0.0  0.0  0.0 14.9  0.0
  0.0  0.0  0.0  0.0 14.9  0.0  0.0 14.9  0.0 29.9 59.7  0.0  0.0104.5  0.0
  0.0  0.0  0.0  0.0  0.0  0.0  0.0  0.0  0.0  0.0  0.0  0.0  0.0  0.0  0.0
  0.0  0.0  0.0  0.0  0.0  0.0  0.0  0.0  0.0  0.0  0.0  0.0  0.0  0.0  0.0
  0.0  0.0  0.0  0.0  0.0  0.0  0.0  0.0  0.0  0.0  0.0  0.0  0.0  0.0  0.0
  0.0  0.0  0.0  0.0  0.0  0.0  0.0  0.0  0.0  0.0  0.0  0.0  0.0  0.0  0.0
  0.0  0.0  0.0  0.0  0.0  0.0  0.0  0.0  0.0  0.0 29.9  0.0  0.0 14.9 14.9
  0.0  0.0  0.0  0.0  0.0  0.0 14.9 44.8  0.0  0.0  0.0  0.0  0.0  0.0  0.0
    -16.34     -5.24     17.12     -6.61     -1.36  0.0  0.0  0.0  0.0  0.0
                                   t000003_s16_p34_el2ap.txt 27.5  4.9  236
  8.5  4.2  0.0 50.8  0.0  0.0  0.0  4.2 12.7  4.2  0.0  0.0  0.0  0.0  0.0
  0.0  0.0  4.2  4.2  0.0  0.0364.4173.7 55.1 21.2  4.2  4.2  0.0  0.0  0.0
  0.0  4.2 50.8  4.2 25.4 29.7  8.5  0.0  0.0  0.0  0.0  4.2  4.2 25.4  0.0
  0.0  4.2  4.2  0.0  0.0  4.2 12.7 25.4  0.0  0.0 63.6 16.9  0.0 89.0  4.2
  0.0  0.0  0.0  0.0  0.0  0.0  0.0  0.0  0.0  0.0  0.0  0.0  0.0  0.0  0.0
  0.0  0.0  0.0  0.0  0.0  8.5  0.0  0.0  0.0  0.0  0.0  0.0  0.0  0.0  0.0
  0.0  4.2  0.0  0.0  0.0  0.0  0.0  0.0  0.0  0.0  0.0  0.0  0.0  0.0  0.0
  8.5  0.0  0.0  8.5  4.2  0.0  4.2  0.0  0.0  0.0  0.0  0.0  0.0  0.0  0.0
  0.0  4.2  0.0  0.0  0.0  0.0  0.0  8.5  8.5  0.0  4.2  8.5  0.0  0.0  0.0
  0.0  0.0  0.0  0.0  0.0  8.5 12.7 25.4  0.0  8.5  0.0  4.2  0.0  0.0  0.0
    -23.38     -4.03     -4.30     -4.91      2.87  4.2  0.0  0.0  0.0  0.0
                                   t000003_s16_p35_el2ap.txt 27.3  5.2  178
  5.6  0.0  0.0  0.0  0.0  0.0  5.6  0.0 16.9  0.0  0.0  0.0  0.0  0.0  0.0
  0.0  0.0  0.0 16.9  0.0  0.0325.8157.3 89.9 56.2  0.0  0.0 11.2  0.0  0.0
  0.0  0.0 78.7  0.0  0.0 16.9  0.0  0.0  0.0  0.0  0.0  0.0  5.6  5.6  0.0
 16.9  0.0  0.0  0.0  5.6  0.0 16.9 22.5  0.0  0.0118.0 16.9  0.0 73.0  5.6
 11.2  0.0  0.0  0.0  0.0  0.0  0.0  0.0  0.0  0.0  0.0  0.0  0.0  0.0  0.0
  0.0  0.0  0.0  0.0  0.0  0.0  0.0  0.0  0.0  0.0  0.0  0.0  0.0  0.0  0.0
  0.0  0.0  0.0  0.0  0.0  0.0  0.0  0.0  0.0  0.0  0.0  0.0  0.0  0.0  0.0
  0.0  0.0  0.0  0.0  0.0  0.0  0.0  0.0  0.0  0.0  0.0  0.0  0.0  0.0  0.0
  0.0  0.0  0.0  0.0  0.0  0.0  0.0  0.0 28.1  0.0 28.1  0.0  0.0  0.0  5.6
  0.0  0.0  0.0  0.0  0.0 11.2 16.9 11.2  0.0  5.6  0.0  0.0  5.6  0.0  0.0
    -25.99     -1.80      5.48     -6.61      6.17  5.6  0.0  0.0  0.0  0.0
                                   t000003_s16_p36_el2ap.txt 31.5  5.3  267
  0.0  0.0  0.0 41.2  0.0  0.0  7.5  0.0  3.7  7.5  3.7  0.0  0.0  0.0  0.0
  0.0  0.0  0.0  3.7  0.0  0.0303.4164.8119.9 22.5 11.2  7.5  3.7  0.0  0.0
  0.0  7.5 78.7  0.0 11.2 33.7  3.7  0.0  0.0  0.0  0.0  7.5  7.5 11.2  3.7
  0.0  0.0  7.5  0.0  0.0  0.0 11.2 15.0  0.0  0.0131.1 15.0  0.0 74.9  7.5
 11.2  0.0  0.0  0.0  0.0  0.0  0.0  0.0  0.0  0.0  0.0  0.0  0.0  0.0  0.0
  0.0  0.0  0.0  0.0  0.0  0.0  0.0  0.0  0.0  0.0  0.0  0.0  0.0  0.0  0.0
  0.0  0.0  3.7  0.0  0.0  0.0  0.0  0.0  0.0  0.0  0.0  0.0  0.0  0.0  0.0
  0.0  0.0  0.0  0.0  3.7  0.0  3.7  0.0  0.0  0.0  0.0  0.0  0.0  0.0  0.0
  0.0  3.7  0.0  0.0  0.0  0.0  0.0  3.7  0.0 11.2 22.5  3.7  3.7 11.2  3.7
  3.7  0.0  3.7  0.0  0.0 22.5 11.2  7.5  3.7  3.7  3.7  3.7  7.5  0.0  0.0
    -28.28     -2.36      3.99     -3.61      5.64  3.7  3.7  7.5  0.0  0.0
                                    t000003_s16_p4_el2ap.txt 28.3  5.4  173
 11.6  0.0  0.0 75.1  0.0  0.0  5.8  0.0  0.0  0.0  0.0  0.0  0.0  0.0  0.0
  0.0  0.0  0.0  5.8  0.0  0.0364.2150.3 75.1 17.3 17.3 34.7  0.0  0.0  0.0
  0.0  5.8 80.9  0.0  5.8 28.9  0.0  0.0  0.0  0.0  0.0  5.8  5.8 11.6  5.8
  5.8  5.8  0.0  5.8  0.0  0.0 17.3 23.1  0.0  0.0 86.7 17.3  0.0104.0  5.8
  0.0  0.0  0.0  0.0  0.0  0.0  0.0  0.0  0.0  0.0  0.0  0.0  0.0  0.0  0.0
  0.0  0.0  0.0  0.0  5.8  0.0  0.0  0.0  0.0  0.0  0.0  0.0  0.0  0.0  0.0
  5.8  0.0  0.0  0.0  0.0  0.0  0.0  0.0  0.0  0.0  5.8  0.0  0.0  0.0  0.0
  5.8  0.0  0.0  5.8  5.8  0.0  5.8  5.8  0.0  0.0  0.0  0.0  0.0  0.0  0.0
  0.0  0.0  0.0  0.0  0.0  0.0  0.0  0.0 17.3  0.0 17.3  5.8  0.0  5.8 11.6
  0.0  5.8  5.8  0.0  0.0  0.0  5.8 17.3  0.0 11.6  0.0  5.8  0.0  0.0  0.0
    -26.68      2.28      5.39     -4.29      8.05  0.0  0.0  0.0  0.0  0.0
                                    t000003_s16_p5_el2ap.txt 29.8  5.4  180
  5.6  0.0  0.0 11.1  0.0  0.0  0.0  0.0 33.3  0.0  0.0  0.0  0.0  0.0  0.0
  0.0  0.0  0.0  0.0  0.0  0.0350.0155.6 72.2 77.8 16.7  5.6  0.0  0.0  0.0
  0.0  0.0 66.7  0.0 16.7 27.8  0.0  0.0  0.0  0.0  0.0  0.0  0.0  5.6  0.0
  0.0  0.0  0.0 11.1  5.6  0.0  0.0  5.6  0.0  0.0 83.3 50.0  0.0105.6  5.6
  0.0  0.0  0.0  0.0  0.0  0.0  0.0  0.0  0.0  0.0  0.0  0.0  0.0  0.0  0.0
  0.0  0.0  0.0  0.0  0.0  0.0  0.0  0.0  0.0  0.0  0.0  0.0  0.0  0.0  0.0
  0.0  0.0  0.0  0.0  0.0  0.0  0.0  0.0  0.0  0.0  0.0  0.0  0.0  0.0  0.0
  0.0  0.0  0.0  0.0  0.0  0.0  0.0  0.0  0.0  0.0  0.0  0.0  0.0  0.0  0.0
  0.0 11.1  0.0  0.0  0.0  0.0  0.0  5.6 11.1  5.6 11.1 16.7  0.0  5.6 11.1
  0.0  0.0  0.0  0.0  0.0 22.2  5.6 33.3  0.0  5.6  0.0  5.6 27.8  5.6  0.0
    -29.91     -1.36     -0.88     -6.61     -2.78  5.6  0.0  0.0  0.0  0.0
                                    t000003_s16_p6_el2ap.txt 21.3  5.3  115
  8.7  0.0  0.0 52.2  0.0  0.0  0.0  0.0 17.4  8.7  0.0  0.0  0.0  0.0  0.0
  0.0  0.0  0.0 17.4  0.0  0.0339.1121.7 60.9  8.7 34.8  0.0  0.0  0.0  0.0
  0.0 17.4 78.3  0.0  0.0 52.2  0.0  0.0  0.0  0.0  0.0  0.0  8.7  0.0  0.0
  0.0  8.7  0.0  0.0  0.0  0.0 43.5  0.0  0.0  0.0 95.7 52.2  8.7 60.9  8.7
  0.0  8.7  0.0  0.0  0.0  0.0  0.0  0.0  0.0  0.0  0.0  0.0  0.0  0.0  0.0
  0.0  0.0  0.0  0.0  0.0  0.0  0.0  0.0  8.7  0.0  0.0  0.0  0.0  0.0  0.0
  0.0  0.0  0.0  0.0  0.0  0.0  0.0  0.0  0.0  0.0  0.0  0.0  0.0  0.0  0.0
  0.0  8.7  0.0  8.7  0.0  0.0  0.0  0.0  0.0  0.0  0.0  0.0  0.0  0.0  0.0
  0.0  0.0  0.0  0.0  0.0  0.0  0.0  8.7 26.1  8.7 17.4  0.0  0.0  0.0  0.0
  0.0  0.0  8.7  0.0  0.0 17.4  0.0 17.4  8.7  0.0  0.0  8.7  0.0  0.0  0.0
    -21.65     -3.90      9.89     -6.61      1.81  0.0  0.0  0.0  0.0  0.0
                                    t000003_s16_p7_el2ap.txt  8.5  4.7   43
  0.0  0.0  0.0116.3  0.0  0.0  0.0  0.0  0.0  0.0  0.0  0.0  0.0  0.0  0.0
  0.0  0.0  0.0  0.0  0.0  0.0348.8 93.0 23.3  0.0 46.5  0.0  0.0  0.0  0.0
  0.0  0.0 46.5  0.0 23.3  0.0 46.5  0.0  0.0  0.0  0.0  0.0  0.0  0.0  0.0
  0.0 23.3  0.0  0.0  0.0  0.0 23.3  0.0  0.0  0.0 46.5 46.5 46.5162.8 46.5
  0.0  0.0  0.0  0.0  0.0  0.0  0.0  0.0  0.0  0.0  0.0  0.0  0.0  0.0  0.0
  0.0  0.0  0.0  0.0  0.0  0.0  0.0  0.0  0.0  0.0  0.0  0.0  0.0  0.0  0.0
 23.3  0.0  0.0  0.0  0.0  0.0  0.0  0.0  0.0 23.3  0.0  0.0  0.0  0.0  0.0
  0.0  0.0  0.0  0.0 23.3  0.0 46.5  0.0  0.0  0.0  0.0  0.0  0.0  0.0  0.0
  0.0  0.0  0.0  0.0  0.0  0.0  0.0  0.0  0.0 23.3 23.3  0.0  0.0  0.0 23.3
 23.3  0.0  0.0  0.0  0.0  0.0  0.0 69.8  0.0  0.0  0.0  0.0 23.3  0.0  0.0
    -21.71     -3.66     -2.64     -6.61     -3.63  0.0  0.0  0.0  0.0  0.0
                                    t000003_s16_p8_el2ap.txt 24.5  4.6  164
  0.0  0.0  0.0 48.8  0.0  0.0  0.0  0.0  0.0  0.0  0.0  0.0  0.0  0.0  0.0
  0.0  0.0  0.0  6.1  0.0  0.0365.9158.5 18.3 36.6 18.3 42.7  0.0  0.0  6.1
  0.0  0.0 61.0 12.2  6.1  6.1 12.2  0.0  0.0  0.0  0.0  6.1  0.0  6.1  0.0
  0.0  6.1  0.0  0.0  0.0  0.0 12.2  6.1  0.0  6.1 24.4 18.3 12.2103.7 18.3
  0.0  0.0  0.0  0.0  0.0  0.0  0.0  0.0  0.0  0.0  0.0  0.0  0.0  0.0  0.0
  0.0  0.0  0.0  0.0  0.0  0.0  0.0  0.0  0.0  0.0  0.0  0.0  0.0  0.0  0.0
  6.1  0.0  0.0  0.0  0.0  0.0  0.0  0.0  0.0  6.1  0.0  0.0  0.0  0.0  0.0
  0.0  0.0  0.0  0.0  6.1  0.0 12.2  0.0  0.0  0.0  0.0  0.0  0.0  0.0  0.0
  0.0  0.0  0.0  0.0  0.0  0.0  6.1 18.3 18.3  6.1 12.2  0.0  0.0  0.0  6.1
 18.3  0.0  0.0  0.0  0.0  0.0  6.1 48.8  0.0  0.0  0.0  0.0  6.1  0.0  0.0
    -25.06      4.50      2.63     -4.17     -2.70  0.0  0.0  0.0  0.0  0.0
                                    t000003_s16_p9_el2ap.txt 12.3  4.7   62
  0.0  0.0  0.0 32.3  0.0  0.0  0.0  0.0 16.1  0.0  0.0  0.0  0.0 16.1  0.0
  0.0  0.0  0.0  0.0  0.0  0.0290.3209.7 32.3 48.4 32.3 64.5  0.0  0.0 16.1
  0.0  0.0 96.8 16.1 16.1 16.1  0.0  0.0  0.0  0.0  0.0 16.1 16.1 16.1  0.0
  0.0  0.0  0.0  0.0  0.0  0.0  0.0 16.1  0.0 16.1 32.3 48.4 16.1 80.6  0.0
  0.0  0.0  0.0  0.0  0.0  0.0  0.0  0.0  0.0  0.0  0.0  0.0  0.0  0.0  0.0
  0.0  0.0  0.0  0.0  0.0  0.0  0.0  0.0  0.0  0.0  0.0  0.0  0.0  0.0  0.0
  0.0  0.0  0.0  0.0  0.0  0.0  0.0  0.0  0.0  0.0  0.0  0.0  0.0  0.0  0.0
  0.0  0.0  0.0  0.0  0.0  0.0  0.0  0.0  0.0  0.0  0.0  0.0  0.0  0.0  0.0
  0.0  0.0  0.0  0.0  0.0  0.0  0.0  0.0  0.0 16.1  0.0  0.0  0.0 16.1 16.1
  0.0  0.0  0.0  0.0  0.0  0.0  0.0 32.3  0.0  0.0  0.0  0.0  0.0  0.0  0.0
    -19.08      9.70      5.49     -0.15      8.90  0.0  0.0  0.0  0.0  0.0
                                     t000003_s4_p1_el2ap.txt 19.0  5.3  115
  0.0  0.0  0.0 26.1  0.0  0.0  0.0  0.0  0.0  0.0  0.0  0.0  0.0  0.0  0.0
  0.0  0.0  0.0  0.0  0.0  0.0330.4226.1121.7  8.7  0.0  8.7  0.0  0.0  0.0
  8.7  0.0130.4  0.0 43.5 17.4  8.7  0.0  0.0  0.0  0.0  0.0  8.7  0.0  0.0
  0.0  0.0  0.0  0.0  0.0  0.0  0.0  0.0  0.0  8.7130.4  0.0  0.0 43.5  8.7
  0.0  0.0  0.0  0.0  0.0  0.0  0.0  0.0  0.0  0.0  0.0  0.0  0.0  0.0  0.0
  0.0  0.0  0.0  0.0  0.0  0.0  0.0  0.0  0.0  0.0  0.0  0.0  0.0  0.0  0.0
  0.0  0.0  0.0  0.0  0.0  0.0  0.0  0.0  0.0  0.0  0.0  0.0  0.0  0.0  0.0
  0.0  0.0  0.0  0.0  0.0  0.0  0.0  0.0  0.0  0.0  0.0  0.0  0.0  0.0  0.0
  0.0  0.0  0.0  0.0  0.0  0.0  0.0  0.0 17.4 17.4 43.5 17.4  0.0  0.0  8.7
  0.0  0.0  8.7  0.0  0.0 34.8 17.4 17.4  0.0  0.0  0.0  0.0  8.7  0.0  0.0
    -35.90     -3.77      4.16     -6.61      1.81  8.7  0.0  0.0  0.0  0.0
                                     t000003_s4_p2_el2ap.txt  6.8  5.4   34
  0.0  0.0  0.0 29.4  0.0  0.0  0.0  0.0  0.0  0.0  0.0  0.0  0.0  0.0  0.0
  0.0  0.0  0.0  0.0  0.0  0.0294.1176.5176.5  0.0  0.0  0.0  0.0  0.0  0.0
  0.0  0.0176.5  0.0  0.0  0.0  0.0  0.0  0.0  0.0  0.0  0.0  0.0  0.0  0.0
  0.0 29.4  0.0  0.0  0.0  0.0 29.4  0.0  0.0  0.0176.5  0.0  0.0 29.4  0.0
  0.0  0.0  0.0  0.0  0.0  0.0  0.0  0.0  0.0  0.0  0.0  0.0  0.0  0.0  0.0
  0.0  0.0  0.0  0.0  0.0  0.0  0.0  0.0  0.0  0.0  0.0  0.0  0.0  0.0  0.0
  0.0  0.0  0.0  0.0  0.0  0.0  0.0  0.0  0.0  0.0  0.0  0.0  0.0  0.0  0.0
  0.0  0.0  0.0  0.0  0.0  0.0  0.0  0.0  0.0  0.0  0.0  0.0  0.0  0.0  0.0
  0.0  0.0  0.0  0.0  0.0  0.0  0.0  0.0 58.8  0.0 58.8  0.0  0.0  0.0 58.8
  0.0  0.0  0.0  0.0  0.0 88.2 29.4  0.0  0.0  0.0  0.0  0.0  0.0  0.0  0.0
    -35.99     -5.73     13.23     -6.61     -3.63  0.0  0.0  0.0  0.0  0.0
                                     t000003_s4_p3_el2ap.txt 16.8  5.8  100
 10.0  0.0  0.0 40.0  0.0  0.0  0.0  0.0 10.0 10.0  0.0  0.0  0.0  0.0  0.0
  0.0  0.0  0.0 10.0  0.0  0.0380.0170.0120.0  0.0  0.0  0.0  0.0  0.0 10.0
 20.0  0.0110.0  0.0  0.0 10.0  0.0  0.0  0.0  0.0  0.0  0.0  0.0  0.0  0.0
  0.0  0.0  0.0  0.0  0.0  0.0 10.0  0.0  0.0 30.0130.0 10.0 10.0 40.0  0.0
  0.0  0.0  0.0  0.0  0.0  0.0  0.0  0.0  0.0  0.0  0.0  0.0  0.0  0.0  0.0
  0.0  0.0  0.0  0.0  0.0  0.0  0.0  0.0  0.0  0.0  0.0  0.0  0.0  0.0  0.0
  0.0  0.0  0.0  0.0  0.0 10.0  0.0  0.0  0.0  0.0  0.0  0.0  0.0  0.0  0.0
  0.0  0.0  0.0  0.0  0.0 10.0 10.0  0.0  0.0  0.0  0.0  0.0  0.0  0.0  0.0
  0.0  0.0  0.0  0.0  0.0  0.0  0.0  0.0 10.0 20.0 60.0 10.0  0.0  0.0 10.0
  0.0  0.0  0.0  0.0  0.0 20.0 30.0  0.0  0.0 10.0 10.0  0.0  0.0  0.0  0.0
    -30.87     -5.73     31.23     -6.61     -3.63 10.0 10.0  0.0  0.0  0.0
                                     t000003_s4_p4_el2ap.txt 18.3  5.3  102
  0.0  0.0  0.0 49.0  0.0  0.0  0.0  0.0 19.6  9.8  0.0  0.0  0.0  0.0  0.0
  0.0  0.0  0.0  0.0  0.0  0.0294.1166.7107.8  9.8  0.0  9.8  0.0  0.0  0.0
 19.6  9.8 88.2  0.0  9.8  0.0 29.4  0.0  0.0  0.0  0.0  0.0  0.0  0.0  0.0
  0.0  0.0  0.0  0.0  9.8  0.0  9.8  0.0  0.0 19.6176.5 19.6  0.0 88.2  0.0
  0.0  0.0  0.0  0.0  0.0  0.0  0.0  0.0  0.0  0.0  0.0  0.0  0.0  0.0  0.0
  0.0  0.0  0.0  0.0  0.0  0.0  0.0  0.0  0.0  9.8  0.0  0.0  0.0  0.0  0.0
  0.0  0.0  9.8  9.8  0.0  0.0  0.0  9.8  0.0  0.0  0.0  0.0  0.0  0.0  0.0
  0.0  9.8  0.0  9.8 19.6  9.8 29.4  0.0  0.0  0.0  0.0  0.0  0.0  0.0  0.0
  0.0  0.0  0.0  0.0  0.0  0.0  0.0  0.0 19.6  9.8  9.8  0.0  0.0  0.0  0.0
  0.0  0.0  0.0  0.0  0.0  9.8 19.6 19.6  9.8  9.8  9.8  9.8  9.8  0.0  0.0
    -29.05     -3.52     25.67     -6.61     -3.63  9.8  0.0  0.0  0.0  0.0
                                     t000003_s4_p5_el2ap.txt 12.0  5.8   64
  0.0  0.0  0.0 31.3  0.0  0.0  0.0  0.0 15.6  0.0  0.0  0.0  0.0  0.0  0.0
  0.0  0.0  0.0  0.0  0.0  0.0390.6218.8109.4 15.6  0.0  0.0  0.0  0.0  0.0
  0.0  0.0 93.8  0.0  0.0 15.6  0.0  0.0 15.6  0.0  0.0  0.0 15.6  0.0  0.0
  0.0  0.0  0.0  0.0  0.0  0.0  0.0  0.0  0.0  0.0140.6 15.6  0.0 31.3  0.0
  0.0  0.0  0.0  0.0  0.0  0.0  0.0  0.0  0.0  0.0  0.0  0.0  0.0  0.0  0.0
  0.0  0.0  0.0  0.0  0.0  0.0  0.0  0.0  0.0  0.0  0.0  0.0  0.0  0.0  0.0
  0.0  0.0  0.0  0.0  0.0  0.0  0.0  0.0  0.0  0.0  0.0  0.0  0.0  0.0  0.0
  0.0  0.0  0.0  0.0  0.0  0.0  0.0  0.0  0.0  0.0  0.0  0.0  0.0  0.0  0.0
  0.0  0.0  0.0  0.0  0.0  0.0  0.0 15.6 46.9  0.0 46.9  0.0  0.0  0.0 15.6
  0.0  0.0  0.0  0.0  0.0  0.0 15.6 15.6  0.0  0.0  0.0  0.0  0.0  0.0  0.0
    -37.22     -5.21      6.60     -1.56      6.14  0.0  0.0  0.0  0.0  0.0
                                     t000003_s4_p6_el2ap.txt 12.8  5.1   61
  0.0  0.0  0.0 98.4  0.0  0.0  0.0  0.0  0.0  0.0  0.0  0.0  0.0  0.0  0.0
  0.0  0.0 16.4 16.4  0.0  0.0327.9131.1 32.8  0.0  0.0  0.0  0.0  0.0 16.4
  0.0  0.0114.8  0.0  0.0 16.4  0.0  0.0  0.0  0.0  0.0  0.0  0.0 49.2  0.0
  0.0  0.0 16.4 16.4  0.0 16.4 16.4 49.2  0.0 16.4 49.2  0.0  0.0 98.4  0.0
  0.0  0.0  0.0  0.0  0.0  0.0  0.0  0.0  0.0  0.0  0.0  0.0  0.0  0.0  0.0
  0.0  0.0  0.0  0.0  0.0  0.0  0.0  0.0  0.0  0.0  0.0  0.0  0.0  0.0  0.0
  0.0  0.0  0.0  0.0  0.0  0.0  0.0  0.0  0.0  0.0  0.0  0.0  0.0  0.0  0.0
  0.0  0.0  0.0  0.0  0.0  0.0  0.0  0.0  0.0  0.0  0.0  0.0  0.0  0.0  0.0
  0.0  0.0  0.0  0.0  0.0  0.0  0.0  0.0 32.8  0.0 16.4  0.0 16.4  0.0  0.0
  0.0  0.0  0.0  0.0  0.0  0.0 16.4 32.8  0.0 16.4  0.0  0.0 16.4  0.0  0.0
    -16.62     -5.73     16.21     -6.61      3.83  0.0  0.0  0.0  0.0  0.0
                                     t000003_s7_p1_el2ap.txt 23.5  5.2  152
  0.0  0.0  0.0 13.2  0.0  0.0  0.0  0.0  0.0  0.0  0.0  0.0  0.0  0.0  0.0
  0.0  0.0  0.0  6.6  0.0  0.0328.9190.8118.4 39.5 39.5  0.0  0.0  0.0  0.0
 19.7 13.2 85.5  0.0  0.0  0.0 13.2  0.0  0.0  0.0  0.0  0.0  0.0  0.0  0.0
  0.0  0.0  0.0  0.0  0.0  0.0 19.7  0.0  0.0 19.7144.7 39.5  0.0 65.8 19.7
  0.0  0.0  0.0  0.0  0.0  0.0  0.0  0.0  0.0  0.0  0.0  0.0  0.0  0.0  0.0
  0.0  0.0  0.0  0.0  0.0  0.0  0.0  0.0  0.0  0.0  0.0  0.0  0.0  0.0  0.0
  0.0  0.0  0.0  0.0  0.0  0.0  0.0  0.0  0.0  0.0  0.0  0.0  0.0  0.0  0.0
  0.0  0.0  0.0  0.0  0.0  0.0  0.0  0.0  0.0  0.0  0.0  0.0  0.0  0.0  0.0
  0.0  0.0  0.0  0.0  0.0  0.0  0.0  0.0 26.3  6.6 46.1 13.2  6.6  0.0  0.0
  0.0 13.2 19.7  0.0  0.0  0.0 19.7  6.6  0.0  0.0  0.0  0.0  0.0  0.0  0.0
    -32.93     -2.67     29.73     -6.61     -3.63  0.0  0.0  0.0  0.0  0.0
                                     t000003_s7_p2_el2ap.txt 21.5  5.4  149
  0.0  0.0  0.0 13.4  0.0  0.0  0.0  0.0 13.4  0.0  0.0  0.0  0.0  0.0  0.0
  0.0  0.0  0.0  6.7  0.0  0.0328.9127.5107.4 33.6 20.1  6.7  0.0  0.0  0.0
  0.0 20.1 73.8  0.0  0.0 13.4  0.0  0.0  0.0  0.0  0.0  0.0  0.0 13.4  0.0
  0.0  0.0  0.0  0.0  0.0  0.0 26.8 13.4  0.0  0.0140.9 33.6  0.0 53.7  6.7
 33.6  0.0  0.0  0.0  0.0  0.0  0.0  0.0  0.0  0.0  0.0  0.0  0.0  0.0  0.0
  0.0  0.0  0.0  0.0  0.0  0.0  0.0  0.0  0.0  0.0  0.0  0.0  0.0  0.0  0.0
  0.0  0.0  0.0  0.0  0.0  0.0  0.0  0.0  0.0  0.0  0.0  0.0  0.0  0.0  0.0
  0.0  0.0  0.0  0.0  0.0  0.0  0.0  0.0  0.0  0.0  0.0  0.0  0.0  0.0  0.0
  0.0  0.0  0.0  0.0  0.0  0.0  0.0  0.0 13.4  6.7 26.8 13.4  0.0  0.0  0.0
  0.0  0.0  0.0  0.0  0.0 33.6  6.7  6.7  6.7  0.0  0.0  6.7  6.7  0.0  0.0
    -29.78     -2.44     12.79     -6.61     -1.59  0.0  0.0  0.0  0.0  0.0
                                     t000003_s7_p3_el2ap.txt 24.0  5.5  168
 11.9  0.0  0.0 41.7  0.0  0.0  0.0  0.0 11.9 11.9  0.0  0.0  0.0  0.0  0.0
  0.0  0.0  6.0  6.0  0.0  0.0273.8160.7107.1 41.7  6.0  0.0  0.0  0.0  0.0
 29.8 11.9101.2  0.0  0.0  6.0  6.0  0.0  0.0  0.0  0.0  0.0  0.0 11.9  6.0
  0.0  6.0  0.0  6.0  0.0  6.0 23.8 17.9  0.0 29.8125.0 17.9  0.0 83.3  6.0
 11.9  0.0  0.0  0.0  0.0  0.0  0.0  0.0  0.0  0.0  0.0  0.0  0.0  0.0  0.0
  0.0  0.0  0.0  0.0  0.0  0.0  0.0  0.0  0.0  0.0  0.0  0.0  0.0  0.0  0.0
  0.0 11.9  0.0  0.0  0.0  0.0  0.0  0.0  0.0  0.0  0.0  0.0  0.0  0.0  0.0
  0.0  0.0  0.0  0.0 11.9  0.0 11.9  0.0  0.0  0.0  0.0  0.0  0.0  0.0  0.0
  0.0  0.0  0.0  0.0  0.0  0.0  0.0  0.0 11.9  6.0 47.6 11.9  0.0  0.0  0.0
  0.0  0.0  0.0  0.0  0.0 23.8 11.9  6.0  0.0 17.9  0.0  0.0  6.0  0.0  0.0
    -24.81     -4.09     39.13     -6.61      2.76  6.0  0.0  0.0  0.0  0.0
                                     t000003_s7_p4_el2ap.txt 27.8  5.2  288
  3.5  0.0  0.0 55.6  0.0  0.0  3.5  6.9 59.0  0.0  0.0  0.0  0.0  0.0  0.0
  0.0  0.0  0.0  6.9  3.5  0.0302.1197.9 79.9  3.5  6.9 13.9  0.0  0.0  0.0
  6.9 10.4111.1  6.9  3.5 10.4  0.0  0.0  0.0  0.0  0.0  0.0  3.5 10.4  0.0
  0.0  0.0  0.0  0.0  0.0  0.0 17.4 10.4  3.5  6.9100.7 66.0  0.0 59.0  0.0
 10.4  0.0  0.0  0.0  0.0  0.0  0.0  0.0  0.0  0.0  0.0  0.0  0.0  0.0  0.0
  0.0  0.0  0.0  0.0  0.0  0.0  0.0  0.0  0.0  0.0  0.0  0.0  0.0  0.0  0.0
  0.0  0.0  0.0  0.0  0.0  0.0  0.0  0.0  0.0  0.0  0.0  0.0  0.0  0.0  0.0
  0.0  0.0  0.0  0.0  0.0  0.0  0.0  0.0  0.0  0.0  0.0  0.0  0.0  0.0  0.0
  0.0  0.0  0.0  0.0  0.0  0.0  0.0  0.0 31.3 10.4 10.4  6.9  3.5 24.3  6.9
  0.0  0.0  0.0  0.0  0.0 10.4  6.9  6.9  6.9  0.0  0.0  0.0  0.0  0.0  0.0
    -20.64     -2.63     15.26     -6.61      0.12  3.5  0.0  0.0  0.0  3.5
                                     t000004_s1_p1_el2ap.txt 30.3  5.7  223
  0.0  0.0  0.0 31.4  0.0  0.0  4.5  0.0 13.5  9.0  0.0  0.0  0.0  0.0  0.0
  0.0  0.0  0.0  0.0  0.0  0.0354.3143.5125.6  4.5  0.0  9.0  0.0  4.5  0.0
  0.0 13.5 80.7  0.0  0.0 17.9  4.5  4.5  0.0  0.0  0.0  0.0  0.0  9.0  0.0
  4.5  0.0  0.0  0.0  0.0  4.5 13.5 13.5  0.0  4.5152.5 13.5  0.0 71.7 13.5
  0.0  0.0  0.0  0.0  0.0  0.0  0.0  0.0  0.0  0.0  0.0  0.0  0.0  0.0  0.0
  0.0  0.0  0.0  0.0  0.0  0.0  4.5  0.0  0.0  0.0  0.0  0.0  0.0  0.0  0.0
  0.0  0.0  0.0  4.5  0.0  0.0  0.0  0.0  0.0  0.0  0.0  0.0  0.0  0.0  0.0
  4.5  0.0  0.0  4.5  4.5  0.0  4.5  0.0  0.0  0.0  0.0  0.0  0.0  0.0  0.0
  0.0  0.0  0.0  0.0  0.0  0.0  0.0  0.0 13.5  4.5 40.4  9.0  4.5  0.0  0.0
  4.5  0.0  0.0  0.0  0.0  0.0  0.0 17.9  4.5 13.5  0.0  4.5  9.0  0.0  0.0
    -31.67     -3.86     13.18     -5.54     -0.82  0.0  0.0  4.5  0.0  0.0
                                    t000004_s13_p1_el2ap.txt 20.3  5.2  121
 24.8  0.0  0.0 57.9  0.0  0.0  8.3  0.0  0.0  8.3  0.0  0.0  0.0  0.0  0.0
  0.0  0.0  0.0  0.0  0.0  0.0272.7132.2 57.9 49.6  0.0  0.0  0.0  0.0  8.3
  8.3  8.3 49.6  8.3  8.3 24.8 16.5  0.0  8.3  0.0  0.0  0.0  8.3 16.5  8.3
  0.0  0.0  0.0  0.0 16.5  0.0  8.3 24.8  0.0 16.5107.4  0.0  0.0140.5  8.3
  0.0  0.0  0.0  0.0  0.0  0.0  0.0  0.0  0.0  0.0  0.0  0.0  0.0  0.0  0.0
  0.0  0.0  0.0  0.0  0.0  0.0  0.0  0.0  0.0  0.0  0.0  0.0  0.0  0.0  0.0
  0.0  0.0  0.0  0.0  0.0  0.0  0.0  0.0  8.3  0.0  0.0  0.0  0.0  0.0  0.0
  0.0  0.0  0.0  0.0  0.0  8.3  8.3  0.0  0.0  0.0  0.0  0.0  0.0  0.0  0.0
  0.0  0.0  0.0  0.0  0.0  0.0  0.0 16.5 33.1  0.0 24.8  0.0  0.0  8.3 16.5
  0.0  8.3  0.0  0.0  0.0  0.0  0.0  8.3 16.5  8.3  8.3  0.0  8.3 16.5  0.0
    -20.70     -4.10     12.92     -3.94     10.40  0.0  0.0  0.0  0.0  0.0
                                   t000004_s13_p10_el2ap.txt 13.8  5.2   72
  0.0  0.0  0.0 83.3  0.0  0.0  0.0 13.9  0.0  0.0  0.0  0.0  0.0  0.0  0.0
  0.0  0.0 13.9 13.9  0.0  0.0361.1111.1 27.8 27.8 13.9  0.0  0.0  0.0 13.9
  0.0  0.0 83.3  0.0  0.0 27.8  0.0  0.0  0.0  0.0  0.0  0.0 13.9  0.0  0.0
 27.8  0.0  0.0  0.0  0.0 13.9 13.9 27.8  0.0 13.9 69.4 13.9 13.9138.9 13.9
  0.0  0.0  0.0  0.0  0.0  0.0  0.0  0.0  0.0  0.0  0.0  0.0  0.0  0.0  0.0
  0.0  0.0  0.0  0.0  0.0  0.0  0.0  0.0  0.0  0.0  0.0  0.0  0.0  0.0  0.0
  0.0  0.0  0.0  0.0  0.0  0.0  0.0  0.0  0.0  0.0  0.0  0.0  0.0  0.0  0.0
  0.0  0.0  0.0  0.0  0.0  0.0  0.0  0.0  0.0  0.0  0.0  0.0  0.0  0.0  0.0
  0.0  0.0  0.0  0.0  0.0  0.0  0.0  0.0  0.0  0.0 13.9 27.8 13.9  0.0  0.0
  0.0  0.0  0.0  0.0  0.0  0.0  0.0 55.6  0.0  0.0  0.0  0.0 13.9  0.0  0.0
    -15.17     -4.20     12.13     -6.61     14.01  0.0  0.0  0.0  0.0  0.0
                                   t000004_s13_p11_el2ap.txt 30.3  4.7  245
  4.1  0.0  0.0 81.6  0.0  4.1  4.1  0.0  0.0  0.0  0.0  0.0  0.0  8.2  0.0
  4.1  0.0  8.2  8.2  0.0  0.0269.4114.3 20.4  8.2 16.3  0.0  0.0  0.0 12.2
  0.0  4.1 49.0  0.0  4.1 44.9 12.2  0.0  0.0  0.0  0.0  4.1  8.2  4.1  8.2
  4.1  8.2  4.1 16.3  4.1  8.2 20.4 16.3  0.0 12.2 49.0 16.3  4.1122.4  8.2
  0.0  0.0  0.0  0.0  0.0  0.0  0.0  0.0  0.0  0.0  0.0  0.0  0.0  0.0  0.0
  0.0  0.0  0.0  0.0  0.0  0.0  0.0  0.0  0.0  0.0  0.0  0.0  0.0  0.0  0.0
  0.0  0.0  4.1  0.0  0.0  0.0  0.0  0.0  0.0  0.0  4.1  0.0  4.1  0.0  0.0
  0.0  0.0  0.0  0.0  4.1  0.0  4.1  8.2  0.0  0.0  0.0  0.0  0.0  0.0  0.0
  0.0  0.0  0.0  0.0  0.0  0.0  0.0 16.3  0.0  0.0 16.3 24.5  4.1  8.2  0.0
  0.0  0.0  0.0  0.0  0.0  0.0  0.0 53.1  0.0  0.0  0.0  0.0  0.0 12.2  0.0
     -9.06     -4.73      8.26     -4.97      9.69  0.0  4.1  0.0  0.0  0.0
                                   t000004_s13_p12_el2ap.txt 12.3  4.4   71
 28.2  0.0  0.0 70.4  0.0  0.0  0.0  0.0 14.1 14.1 14.1  0.0  0.0  0.0  0.0
  0.0  0.0  0.0  0.0  0.0  0.0239.4126.8  0.0 14.1 14.1  0.0 14.1  0.0  0.0
  0.0  0.0  0.0  0.0  0.0 42.3 14.1  0.0  0.0  0.0  0.0  0.0  0.0  0.0  0.0
 28.2  0.0  0.0  0.0 14.1  0.0  0.0 28.2  0.0  0.0 28.2 28.2  0.0169.0 42.3
  0.0  0.0  0.0  0.0  0.0  0.0  0.0  0.0  0.0  0.0  0.0  0.0  0.0  0.0  0.0
  0.0  0.0  0.0  0.0  0.0  0.0  0.0  0.0  0.0  0.0  0.0  0.0  0.0  0.0  0.0
  0.0  0.0  0.0  0.0  0.0  0.0  0.0  0.0  0.0  0.0  0.0  0.0  0.0  0.0  0.0
  0.0  0.0  0.0  0.0  0.0  0.0  0.0  0.0  0.0  0.0  0.0  0.0  0.0  0.0  0.0
  0.0  0.0  0.0  0.0  0.0  0.0  0.0 28.2 14.1  0.0 28.2 28.2  0.0 14.1 14.1
  0.0  0.0  0.0  0.0  0.0  0.0  0.0 56.3  0.0 14.1  0.0  0.0 14.1  0.0  0.0
    -12.73     -2.03     -1.43     -6.61      5.46  0.0  0.0  0.0  0.0  0.0
                                   t000004_s13_p13_el2ap.txt  8.5  4.4   43
  0.0  0.0  0.0 46.5  0.0  0.0  0.0  0.0  0.0  0.0  0.0  0.0  0.0  0.0  0.0
  0.0  0.0 69.8  0.0  0.0  0.0232.6186.0 46.5 46.5  0.0  0.0  0.0  0.0  0.0
  0.0  0.0 23.3  0.0  0.0 93.0  0.0  0.0  0.0  0.0  0.0  0.0  0.0  0.0  0.0
  0.0 23.3  0.0 23.3  0.0 69.8 23.3  0.0  0.0  0.0 69.8  0.0  0.0 93.0  0.0
  0.0  0.0  0.0  0.0  0.0  0.0  0.0  0.0  0.0  0.0  0.0  0.0  0.0  0.0  0.0
  0.0  0.0  0.0  0.0  0.0  0.0  0.0  0.0  0.0  0.0  0.0  0.0  0.0  0.0  0.0
  0.0  0.0  0.0  0.0  0.0  0.0  0.0  0.0  0.0  0.0  0.0  0.0  0.0  0.0  0.0
  0.0  0.0  0.0  0.0  0.0  0.0  0.0  0.0  0.0  0.0  0.0  0.0  0.0  0.0  0.0
  0.0 23.3  0.0  0.0  0.0  0.0  0.0  0.0  0.0  0.0 23.3  0.0  0.0  0.0 23.3
  0.0  0.0  0.0  0.0  0.0 23.3  0.0  0.0  0.0  0.0  0.0  0.0 23.3  0.0  0.0
     -4.69     -4.20     -2.70     -6.61     -3.63  0.0  0.0  0.0  0.0  0.0
                                   t000004_s13_p14_el2ap.txt 13.0  5.3   59
 16.9  0.0  0.0 84.7  0.0  0.0  0.0  0.0 16.9 16.9  0.0  0.0  0.0  0.0  0.0
 16.9  0.0  0.0  0.0  0.0 16.9288.1169.5 67.8 16.9 16.9 16.9  0.0  0.0 33.9
  0.0 16.9 33.9  0.0 16.9  0.0  0.0  0.0  0.0  0.0  0.0  0.0  0.0  0.0 16.9
  0.0 16.9  0.0  0.0  0.0  0.0 33.9 16.9  0.0 33.9118.6 33.9  0.0118.6 16.9
  0.0  0.0  0.0  0.0  0.0  0.0  0.0  0.0  0.0  0.0  0.0  0.0  0.0  0.0  0.0
  0.0  0.0  0.0  0.0  0.0  0.0  0.0  0.0  0.0  0.0  0.0  0.0  0.0  0.0  0.0
  0.0  0.0  0.0  0.0  0.0  0.0  0.0  0.0  0.0  0.0  0.0  0.0  0.0  0.0  0.0
  0.0  0.0  0.0  0.0  0.0  0.0  0.0  0.0  0.0  0.0  0.0  0.0  0.0  0.0  0.0
  0.0  0.0  0.0  0.0  0.0  0.0  0.0  0.0 16.9 16.9  0.0  0.0  0.0  0.0  0.0
  0.0  0.0  0.0  0.0  0.0  0.0  0.0 33.9 33.9  0.0  0.0  0.0  0.0  0.0  0.0
    -10.51     -1.16     21.57     -6.61      9.41  0.0  0.0  0.0  0.0  0.0
                                   t000004_s13_p15_el2ap.txt  8.0  4.1   41
  0.0  0.0  0.0 73.2  0.0  0.0  0.0  0.0  0.0  0.0  0.0  0.0  0.0  0.0  0.0
  0.0  0.0  0.0  0.0  0.0  0.0341.5 97.6 24.4  0.0 73.2  0.0  0.0  0.0  0.0
  0.0  0.0  0.0  0.0  0.0  0.0  0.0  0.0  0.0  0.0  0.0  0.0  0.0  0.0 24.4
  0.0  0.0  0.0  0.0  0.0  0.0  0.0 24.4  0.0  0.0 24.4 73.2  0.0 97.6 24.4
  0.0  0.0  0.0  0.0  0.0  0.0  0.0  0.0  0.0  0.0  0.0  0.0  0.0  0.0  0.0
  0.0  0.0  0.0  0.0  0.0  0.0  0.0  0.0  0.0  0.0  0.0  0.0  0.0  0.0  0.0
  0.0  0.0  0.0  0.0  0.0  0.0  0.0  0.0  0.0  0.0  0.0  0.0  0.0  0.0  0.0
  0.0  0.0  0.0  0.0  0.0  0.0  0.0  0.0  0.0  0.0  0.0  0.0  0.0  0.0  0.0
  0.0  0.0  0.0  0.0  0.0  0.0  0.0 24.4  0.0  0.0 73.2  0.0  0.0  0.0  0.0
  0.0  0.0  0.0  0.0  0.0 24.4  0.0 24.4  0.0  0.0  0.0  0.0  0.0  0.0  0.0
    -21.68     -2.48      0.97     -6.61     15.14  0.0  0.0  0.0  0.0  0.0
                                   t000004_s13_p16_el2ap.txt  6.8  5.2   33
 30.3  0.0  0.0121.2  0.0  0.0 60.6  0.0 30.3  0.0  0.0  0.0  0.0  0.0  0.0
  0.0  0.0  0.0  0.0  0.0  0.0181.8151.5  0.0  0.0  0.0  0.0 30.3  0.0 60.6
  0.0  0.0 30.3  0.0  0.0 30.3 30.3  0.0  0.0  0.0  0.0  0.0  0.0 30.3  0.0
  0.0  0.0  0.0  0.0  0.0  0.0  0.0 30.3  0.0 60.6 60.6 30.3  0.0121.2  0.0
  0.0  0.0  0.0  0.0  0.0  0.0  0.0  0.0  0.0  0.0  0.0  0.0  0.0  0.0  0.0
  0.0  0.0  0.0  0.0  0.0  0.0  0.0  0.0  0.0  0.0  0.0  0.0  0.0  0.0  0.0
  0.0  0.0 30.3  0.0  0.0  0.0  0.0  0.0  0.0  0.0  0.0  0.0  0.0  0.0  0.0
  0.0  0.0  0.0  0.0 30.3  0.0 30.3  0.0  0.0  0.0  0.0  0.0  0.0  0.0  0.0
  0.0  0.0  0.0  0.0  0.0  0.0  0.0  0.0 30.3  0.0  0.0  0.0  0.0  0.0  0.0
  0.0  0.0  0.0  0.0  0.0  0.0  0.0  0.0 60.6 30.3 30.3  0.0  0.0  0.0  0.0
     -2.66     -0.12     31.66     -6.61      0.96  0.0  0.0  0.0  0.0  0.0
                                   t000004_s13_p17_el2ap.txt  7.0  4.9   30
  0.0  0.0  0.0133.3  0.0  0.0  0.0  0.0  0.0 66.7  0.0  0.0  0.0  0.0  0.0
  0.0  0.0  0.0  0.0  0.0  0.0266.7 33.3100.0  0.0 33.3  0.0  0.0  0.0  0.0
  0.0  0.0 33.3  0.0  0.0  0.0  0.0  0.0  0.0  0.0  0.0  0.0  0.0  0.0  0.0
  0.0  0.0  0.0  0.0  0.0  0.0  0.0  0.0  0.0  0.0100.0 33.3  0.0133.3  0.0
 33.3  0.0  0.0  0.0  0.0  0.0  0.0  0.0  0.0  0.0  0.0  0.0  0.0  0.0  0.0
  0.0  0.0  0.0  0.0  0.0  0.0  0.0  0.0  0.0  0.0  0.0  0.0  0.0  0.0  0.0
  0.0  0.0  0.0  0.0  0.0  0.0  0.0  0.0  0.0  0.0  0.0  0.0  0.0  0.0  0.0
  0.0  0.0  0.0  0.0  0.0  0.0  0.0  0.0  0.0  0.0  0.0  0.0  0.0  0.0  0.0
  0.0  0.0  0.0  0.0  0.0  0.0  0.0  0.0 33.3  0.0 33.3  0.0  0.0  0.0  0.0
  0.0  0.0  0.0  0.0  0.0  0.0 33.3 33.3 33.3  0.0  0.0  0.0  0.0  0.0  0.0
    -11.82     -4.25      3.29     -6.61     -3.63  0.0  0.0  0.0  0.0  0.0
                                   t000004_s13_p18_el2ap.txt 19.8  5.3  113
  0.0  0.0  0.0 44.2  0.0  0.0  0.0  0.0 44.2  8.8  0.0  0.0  0.0  0.0  0.0
  0.0  0.0  8.8  0.0  0.0  0.0336.3150.4 53.1  8.8  8.8  8.8  0.0  0.0  0.0
  0.0  8.8 53.1  0.0  8.8 17.7  8.8  0.0  0.0  0.0  0.0  0.0  0.0  8.8  0.0
  8.8  0.0  0.0  0.0  0.0  8.8  8.8 17.7  0.0  0.0 88.5 53.1  0.0 79.6  0.0
  8.8  0.0  0.0  0.0  0.0  0.0  0.0  0.0  0.0  0.0  0.0  0.0  0.0  0.0  0.0
  0.0  0.0  0.0  0.0  0.0  0.0  0.0  0.0  0.0  0.0  0.0  0.0  0.0  0.0  0.0
  0.0  0.0  0.0  0.0  0.0  0.0  0.0  0.0  0.0  0.0  0.0  0.0  0.0  0.0  0.0
  0.0  0.0  0.0  0.0  0.0  0.0  0.0  0.0  0.0  0.0  0.0  0.0  0.0  0.0  0.0
  0.0  8.8  0.0  0.0  0.0  0.0  0.0  0.0 17.7 35.4 35.4 35.4  8.8  0.0  0.0
  0.0  0.0  0.0  0.0  0.0 17.7  0.0 44.2  8.8  8.8  0.0  0.0  8.8  0.0  0.0
    -23.30     -3.34      4.33     -6.61      0.57  8.8  0.0  0.0  0.0  0.0
                                   t000004_s13_p19_el2ap.txt 21.3  4.4  143
  7.0  0.0  0.0  7.0  0.0  0.0  0.0  0.0 28.0  0.0  0.0  0.0  0.0 35.0  0.0
  0.0  0.0  0.0  0.0  0.0  0.0286.7167.8 42.0 49.0  7.0  7.0  0.0  0.0  0.0
  7.0  0.0 14.0  0.0  0.0 49.0  0.0  0.0  0.0  0.0  0.0  7.0  0.0  7.0 14.0
 14.0  0.0  0.0  0.0  0.0  0.0  0.0 35.0  0.0  7.0 69.9 35.0  0.0 90.9 14.0
  0.0  0.0  0.0  0.0  0.0  0.0  0.0  0.0  0.0  0.0  0.0  0.0  0.0  0.0  0.0
  0.0  0.0  0.0  0.0  0.0  0.0  0.0  0.0  0.0  0.0  0.0  0.0  0.0  0.0  0.0
  0.0  0.0  0.0  0.0  0.0  0.0  0.0  0.0  0.0  0.0  0.0  0.0  0.0  0.0  0.0
  0.0  0.0  0.0  0.0  0.0  0.0  0.0  0.0  0.0  0.0  0.0  0.0  0.0  0.0  0.0
  0.0  0.0  0.0  0.0  0.0  0.0  0.0  7.0  0.0  0.0  0.0 35.0  0.0 14.0 28.0
 28.0  0.0  0.0  0.0  0.0  7.0  7.0 42.0  7.0 14.0  0.0  7.0  0.0  0.0  0.0
     -7.16     -2.46      5.52     -3.81     12.70  0.0  0.0  0.0  0.0  0.0
                                    t000004_s13_p2_el2ap.txt 19.5  5.2  108
  9.3  0.0  0.0 27.8  0.0  0.0  0.0  0.0  0.0  9.3  0.0  0.0  0.0  0.0  0.0
  0.0  0.0  0.0 18.5  0.0  0.0305.6138.9 83.3 55.6  0.0  9.3  0.0  0.0  9.3
  0.0  0.0111.1  0.0  9.3 37.0 27.8  0.0  9.3  0.0  0.0  9.3  0.0 18.5  0.0
  0.0  9.3  0.0  9.3  9.3  0.0 27.8 18.5  0.0  9.3101.9  0.0  0.0120.4  9.3
  0.0  0.0  0.0  0.0  0.0  0.0  0.0  0.0  0.0  0.0  0.0  0.0  0.0  0.0  0.0
  0.0  0.0  0.0  0.0  0.0  0.0  0.0  0.0  0.0  0.0  0.0  0.0  0.0  0.0  0.0
  0.0  0.0  0.0  0.0  0.0  9.3  0.0  9.3  0.0  0.0  0.0  0.0  0.0  0.0  0.0
  0.0  0.0  0.0  0.0  0.0 18.5 18.5  0.0  0.0  0.0  0.0  0.0  0.0  0.0  0.0
  0.0  0.0  0.0  0.0  0.0  0.0  0.0 46.3  9.3  0.0  0.0  0.0  0.0  0.0  9.3
  0.0 18.5  0.0  0.0  0.0  0.0  9.3 27.8 18.5  0.0  0.0  9.3  0.0  9.3  0.0
    -23.44     -2.12      8.49      0.09     -0.82  0.0  0.0  0.0  0.0  0.0
                                   t000004_s13_p20_el2ap.txt 10.8  5.7   50
  0.0  0.0  0.0 60.0  0.0  0.0  0.0 20.0  0.0  0.0  0.0  0.0  0.0  0.0  0.0
  0.0  0.0  0.0 20.0  0.0  0.0280.0120.0 60.0 60.0  0.0  0.0 20.0  0.0  0.0
  0.0 20.0 40.0  0.0  0.0 80.0  0.0  0.0  0.0  0.0  0.0 20.0  0.0  0.0 20.0
  0.0 20.0  0.0  0.0 40.0  0.0 60.0 20.0  0.0  0.0140.0  0.0  0.0120.0  0.0
  0.0  0.0  0.0  0.0  0.0  0.0  0.0  0.0  0.0  0.0  0.0  0.0  0.0  0.0  0.0
  0.0  0.0  0.0  0.0  0.0  0.0  0.0  0.0  0.0  0.0  0.0  0.0  0.0  0.0  0.0
  0.0  0.0  0.0  0.0  0.0  0.0  0.0  0.0  0.0  0.0  0.0  0.0 40.0  0.0  0.0
  0.0  0.0  0.0  0.0  0.0  0.0  0.0 40.0  0.0  0.0  0.0  0.0  0.0  0.0  0.0
  0.0  0.0  0.0  0.0  0.0  0.0  0.0  0.0 20.0  0.0 80.0  0.0  0.0  0.0  0.0
  0.0  0.0  0.0  0.0  0.0  0.0  0.0 20.0 20.0  0.0  0.0  0.0  0.0  0.0  0.0
    -17.97     -0.05      6.61      1.39     11.76  0.0  0.0  0.0  0.0  0.0
                                   t000004_s13_p21_el2ap.txt 13.8  4.6   82
 36.6  0.0  0.0 73.2  0.0  0.0  0.0  0.0  0.0  0.0  0.0  0.0  0.0  0.0  0.0
  0.0  0.0  0.0 24.4 12.2  0.0268.3109.8 36.6 24.4 36.6  0.0  0.0  0.0  0.0
  0.0  0.0 12.2  0.0 12.2 12.2 61.0  0.0 12.2  0.0  0.0  0.0  0.0 36.6  0.0
  0.0  0.0  0.0 12.2  0.0  0.0 24.4 36.6 12.2  0.0 36.6 36.6  0.0170.7  0.0
  0.0  0.0  0.0  0.0  0.0  0.0  0.0  0.0  0.0  0.0  0.0  0.0  0.0  0.0  0.0
  0.0  0.0  0.0  0.0  0.0  0.0  0.0  0.0  0.0  0.0  0.0  0.0  0.0  0.0 12.2
  0.0  0.0  0.0  0.0  0.0  0.0  0.0  0.0  0.0  0.0  0.0  0.0  0.0  0.0  0.0
  0.0  0.0  0.0  0.0 12.2  0.0 12.2  0.0  0.0  0.0  0.0  0.0  0.0  0.0  0.0
  0.0  0.0  0.0  0.0  0.0  0.0  0.0  0.0  0.0  0.0 48.8 48.8  0.0  0.0 12.2
  0.0  0.0  0.0  0.0  0.0  0.0  0.0 48.8 24.4 36.6  0.0  0.0  0.0  0.0  0.0
     -1.21     -3.30     -2.46     -2.67      1.92  0.0  0.0  0.0  0.0  0.0
                                   t000004_s13_p22_el2ap.txt 12.5  4.1   68
 14.7  0.0  0.0 58.8  0.0  0.0  0.0  0.0 29.4 29.4  0.0  0.0  0.0  0.0  0.0
  0.0  0.0  0.0 14.7  0.0  0.0220.6 88.2 14.7 58.8  0.0  0.0 14.7  0.0  0.0
  0.0  0.0 29.4 14.7  0.0  0.0 29.4 14.7  0.0  0.0 29.4  0.0  0.0 14.7  0.0
  0.0  0.0 14.7  0.0  0.0 44.1 14.7 14.7  0.0  0.0 29.4 29.4  0.0117.6 14.7
  0.0  0.0  0.0  0.0  0.0  0.0  0.0  0.0  0.0  0.0  0.0  0.0  0.0  0.0  0.0
  0.0  0.0  0.0 14.7  0.0  0.0  0.0  0.0  0.0  0.0  0.0  0.0  0.0  0.0  0.0
  0.0  0.0  0.0  0.0  0.0  0.0  0.0  0.0  0.0  0.0  0.0  0.0  0.0  0.0  0.0
 14.7  0.0  0.0 14.7  0.0  0.0  0.0  0.0  0.0  0.0  0.0  0.0  0.0  0.0  0.0
  0.0  0.0  0.0  0.0  0.0  0.0  0.0 14.7  0.0  0.0 44.1 14.7 14.7  0.0  0.0
  0.0  0.0  0.0  0.0  0.0  0.0  0.0 44.1 14.7 14.7  0.0  0.0  0.0  0.0  0.0
     -8.04     -1.07     -1.19     10.90     -1.40  0.0  0.0  0.0  0.0  0.0
                                   t000004_s13_p23_el2ap.txt 20.5  4.2  131
 15.3  0.0  0.0 99.2 15.3  7.6  0.0 22.9 22.9  0.0  0.0  0.0  0.0  7.6  0.0
  7.6  0.0  7.6 15.3  0.0  0.0244.3122.1  7.6 22.9 15.3  0.0  7.6  0.0 22.9
  0.0  0.0 15.3  0.0  0.0 53.4 22.9  7.6  0.0  0.0  0.0 15.3  7.6  7.6  0.0
  0.0  7.6  0.0  0.0  0.0 15.3 22.9  7.6  0.0 22.9 38.2 53.4  0.0137.4  7.6
  0.0  0.0  0.0  0.0  0.0  0.0  0.0  0.0  0.0  0.0  0.0  0.0  0.0  0.0  0.0
  0.0  0.0  0.0  7.6  0.0  0.0  0.0  7.6  0.0  0.0  0.0  0.0  0.0  0.0  7.6
  0.0  0.0  0.0  0.0  0.0  0.0  7.6  0.0  0.0  7.6  0.0  0.0  7.6  0.0  0.0
  7.6  7.6  0.0 15.3  7.6  7.6 22.9  7.6  0.0  0.0  0.0  0.0  0.0  0.0  0.0
  0.0  0.0  0.0  0.0  0.0  0.0  0.0 15.3  0.0  0.0 15.3 22.9  7.6  0.0  0.0
  0.0  0.0  0.0  0.0  0.0  0.0  0.0 15.3 45.8 15.3  0.0  0.0  0.0  7.6  0.0
      4.86     -2.88     10.45      1.32      2.30  0.0  0.0  0.0  0.0  0.0
                                   t000004_s13_p24_el2ap.txt 12.3  3.9   81
  0.0  0.0  0.0 61.7  0.0  0.0  0.0  0.0  0.0  0.0  0.0  0.0  0.0  0.0  0.0
  0.0  0.0 24.7  0.0  0.0  0.0246.9172.8 12.3  0.0 61.7  0.0  0.0  0.0  0.0
  0.0  0.0 12.3  0.0  0.0 49.4 12.3  0.0  0.0 12.3  0.0 12.3 12.3 12.3  0.0
  0.0  0.0  0.0  0.0  0.0 24.7 12.3 12.3  0.0  0.0 37.0 61.7  0.0 74.1  0.0
 12.3  0.0  0.0  0.0  0.0  0.0  0.0  0.0  0.0  0.0  0.0  0.0  0.0  0.0  0.0
  0.0  0.0  0.0  0.0  0.0  0.0  0.0  0.0  0.0  0.0  0.0  0.0  0.0  0.0 12.3
  0.0  0.0  0.0  0.0  0.0  0.0  0.0  0.0  0.0  0.0  0.0  0.0  0.0  0.0  0.0
  0.0  0.0  0.0  0.0 12.3  0.0 12.3  0.0  0.0  0.0  0.0  0.0  0.0  0.0  0.0
  0.0  0.0  0.0  0.0  0.0  0.0  0.0 24.7  0.0  0.0 24.7 61.7 12.3  0.0  0.0
  0.0  0.0  0.0  0.0  0.0  0.0  0.0  0.0  0.0 24.7  0.0 12.3  0.0  0.0  0.0
    -13.92     -2.98     -0.97      3.94      5.96  0.0  0.0  0.0  0.0  0.0
                                   t000004_s13_p25_el2ap.txt 17.3  4.4  103
 19.4  0.0  0.0 87.4  0.0  0.0  0.0  0.0  9.7  9.7  0.0  0.0  0.0  0.0  0.0
  0.0  0.0 29.1  9.7  0.0  0.0310.7106.8 38.8  9.7  9.7  0.0  0.0  0.0  9.7
  0.0  0.0 48.5  0.0  0.0 29.1  9.7  0.0  0.0  0.0  0.0  0.0  9.7  9.7  0.0
  0.0  0.0  0.0  0.0  0.0 29.1  9.7  9.7  0.0  9.7 48.5 19.4  9.7106.8  0.0
  0.0  0.0  0.0  0.0  0.0  0.0  0.0  0.0  0.0  0.0  0.0  0.0  0.0  0.0  0.0
  0.0  0.0  0.0  0.0  0.0  0.0  9.7  0.0  0.0  0.0  0.0  0.0  9.7  0.0  0.0
  9.7  0.0  0.0  0.0  0.0  0.0  0.0  0.0  0.0  0.0  0.0  0.0  0.0  0.0  0.0
  9.7  0.0  9.7 19.4  9.7  0.0  9.7  0.0  0.0  0.0  0.0  0.0  0.0  0.0  0.0
  0.0  0.0  0.0  0.0  0.0  0.0  0.0  9.7  9.7  9.7 19.4  0.0  0.0  0.0 19.4
  0.0  0.0  0.0  0.0  0.0  0.0  0.0 29.1  9.7 19.4  0.0  0.0 29.1  0.0  0.0
     -8.12     -4.98      7.54     -6.61      3.91  0.0  0.0  0.0  0.0  0.0
                                   t000004_s13_p26_el2ap.txt 15.5  4.5   80
  0.0  0.0  0.0 50.0  0.0  0.0  0.0  0.0  0.0  0.0  0.0  0.0 12.5  0.0  0.0
  0.0  0.0 12.5 25.0  0.0  0.0400.0 62.5  0.0 75.0 62.5  0.0 12.5  0.0  0.0
  0.0  0.0 50.0  0.0  0.0 50.0 12.5  0.0  0.0  0.0  0.0  0.0  0.0  0.0  0.0
  0.0  0.0  0.0  0.0  0.0 12.5 25.0  0.0  0.0  0.0  0.0 62.5  0.0125.0  0.0
  0.0  0.0  0.0  0.0  0.0  0.0  0.0  0.0  0.0  0.0  0.0  0.0  0.0  0.0  0.0
  0.0  0.0  0.0  0.0  0.0  0.0  0.0  0.0  0.0  0.0  0.0  0.0  0.0  0.0  0.0
  0.0  0.0  0.0  0.0  0.0  0.0  0.0  0.0  0.0  0.0  0.0  0.0  0.0  0.0  0.0
  0.0  0.0  0.0  0.0  0.0  0.0  0.0  0.0  0.0  0.0  0.0  0.0  0.0  0.0  0.0
  0.0  0.0  0.0  0.0  0.0  0.0  0.0 12.5  0.0  0.0 12.5  0.0  0.0 12.5  0.0
  0.0  0.0  0.0  0.0  0.0  0.0  0.0 50.0 12.5 12.5  0.0  0.0  0.0  0.0  0.0
     -8.12      1.83      1.60     -6.61     -3.63  0.0  0.0  0.0  0.0  0.0
                                   t000004_s13_p27_el2ap.txt  7.5  4.6   36
  0.0  0.0  0.0 55.6  0.0  0.0  0.0  0.0  0.0  0.0  0.0  0.0  0.0 27.8  0.0
  0.0  0.0 55.6  0.0  0.0  0.0250.0166.7 27.8 55.6 27.8  0.0  0.0  0.0  0.0
  0.0  0.0 55.6  0.0  0.0  0.0  0.0  0.0  0.0  0.0  0.0  0.0  0.0 27.8  0.0
  0.0 27.8  0.0  0.0  0.0 55.6 27.8 27.8  0.0  0.0 55.6 27.8  0.0111.1  0.0
 27.8  0.0  0.0  0.0  0.0  0.0  0.0  0.0  0.0  0.0  0.0  0.0  0.0  0.0  0.0
  0.0  0.0  0.0  0.0  0.0  0.0  0.0  0.0  0.0  0.0  0.0  0.0  0.0  0.0  0.0
  0.0  0.0  0.0  0.0  0.0  0.0  0.0  0.0  0.0  0.0  0.0  0.0  0.0  0.0  0.0
  0.0  0.0  0.0  0.0  0.0  0.0  0.0  0.0  0.0  0.0  0.0  0.0  0.0  0.0  0.0
  0.0  0.0  0.0  0.0  0.0  0.0  0.0  0.0  0.0  0.0  0.0  0.0  0.0  0.0  0.0
  0.0  0.0  0.0  0.0  0.0  0.0  0.0 83.3  0.0  0.0  0.0  0.0  0.0  0.0  0.0
      6.21     -2.67      4.83     -6.61      0.58  0.0  0.0  0.0  0.0  0.0
                                   t000004_s13_p28_el2ap.txt  8.5  3.8   49
 20.4  0.0  0.0102.0 20.4  0.0  0.0  0.0 40.8 81.6  0.0  0.0  0.0  0.0  0.0
  0.0 20.4  0.0 20.4  0.0  0.0265.3 20.4 40.8 40.8  0.0  0.0  0.0  0.0  0.0
  0.0  0.0  0.0  0.0  0.0 20.4  0.0 20.4  0.0  0.0  0.0  0.0 20.4  0.0  0.0
  0.0  0.0  0.0  0.0  0.0 20.4 20.4  0.0 20.4  0.0 40.8 61.2  0.0142.9  0.0
  0.0  0.0  0.0  0.0  0.0  0.0  0.0  0.0  0.0  0.0  0.0  0.0  0.0  0.0  0.0
  0.0  0.0  0.0  0.0  0.0  0.0  0.0  0.0  0.0  0.0  0.0  0.0  0.0  0.0  0.0
  0.0  0.0  0.0  0.0  0.0  0.0  0.0  0.0  0.0  0.0  0.0  0.0  0.0  0.0  0.0
  0.0  0.0  0.0  0.0  0.0  0.0  0.0  0.0  0.0  0.0  0.0  0.0  0.0  0.0  0.0
  0.0  0.0  0.0  0.0  0.0  0.0  0.0  0.0  0.0  0.0 20.4  0.0  0.0  0.0  0.0
  0.0  0.0  0.0  0.0  0.0  0.0  0.0  0.0 20.4  0.0  0.0  0.0  0.0  0.0  0.0
     39.11     -4.39     -0.19     -1.75      9.13  0.0  0.0  0.0  0.0  0.0
                                   t000004_s13_p29_el2ap.txt 11.3  4.3   67
 14.9  0.0  0.0104.5  0.0  0.0  0.0  0.0 14.9  0.0  0.0  0.0  0.0  0.0  0.0
  0.0  0.0 14.9  0.0  0.0  0.0328.4104.5 14.9 14.9 14.9 14.9  0.0  0.0  0.0
  0.0  0.0 29.9 14.9  0.0 44.8 14.9  0.0  0.0 14.9  0.0  0.0  0.0  0.0  0.0
  0.0  0.0 14.9  0.0  0.0 14.9 14.9  0.0  0.0  0.0 14.9 29.9  0.0134.3  0.0
  0.0  0.0  0.0  0.0  0.0  0.0  0.0  0.0  0.0  0.0  0.0  0.0  0.0  0.0  0.0
  0.0  0.0  0.0  0.0  0.0 14.9  0.0  0.0  0.0  0.0  0.0  0.0  0.0 14.9  0.0
  0.0 14.9  0.0  0.0  0.0  0.0  0.0  0.0  0.0  0.0  0.0  0.0  0.0  0.0  0.0
 14.9  0.0 14.9 29.9 14.9  0.0 14.9  0.0  0.0  0.0  0.0  0.0  0.0  0.0  0.0
  0.0  0.0  0.0  0.0  0.0  0.0  0.0  0.0  0.0 29.9 29.9  0.0  0.0 14.9  0.0
  0.0  0.0  0.0  0.0  0.0  0.0  0.0 14.9 14.9 29.9  0.0  0.0  0.0  0.0  0.0
    -14.28     -1.70     -3.76      0.18     -3.63 14.9  0.0  0.0  0.0  0.0
                                    t000004_s13_p3_el2ap.txt 13.5  5.0   73
 13.7  0.0  0.0 13.7  0.0  0.0  0.0  0.0  0.0  0.0  0.0  0.0  0.0  0.0  0.0
 13.7  0.0  0.0 13.7  0.0  0.0287.7178.1 27.4 68.5 68.5  0.0  0.0  0.0  0.0
  0.0  0.0 95.9 41.1  0.0 27.4  0.0  0.0  0.0  0.0  0.0  0.0  0.0 13.7  0.0
  0.0 13.7  0.0  0.0 13.7  0.0 27.4 13.7  0.0  0.0 41.1 68.5  0.0 95.9  0.0
  0.0  0.0  0.0  0.0  0.0  0.0  0.0  0.0  0.0  0.0  0.0  0.0  0.0  0.0  0.0
  0.0  0.0  0.0  0.0  0.0  0.0  0.0  0.0  0.0  0.0  0.0  0.0  0.0  0.0  0.0
  0.0  0.0  0.0  0.0  0.0  0.0  0.0  0.0  0.0  0.0  0.0  0.0  0.0  0.0  0.0
  0.0  0.0  0.0  0.0  0.0  0.0  0.0  0.0  0.0  0.0  0.0  0.0  0.0  0.0  0.0
  0.0  0.0  0.0  0.0  0.0  0.0  0.0  0.0  0.0  0.0  0.0 13.7  0.0  0.0  0.0
  0.0  0.0  0.0  0.0  0.0  0.0  0.0 13.7  0.0 13.7  0.0 27.4 13.7  0.0  0.0
    -18.00     -0.43     -5.67     -6.61     -1.55  0.0  0.0  0.0  0.0  0.0
                                   t000004_s13_p30_el2ap.txt 15.5  4.7   90
  0.0  0.0  0.0111.1  0.0 11.1  0.0  0.0  0.0 22.2  0.0  0.0  0.0  0.0  0.0
  0.0  0.0  0.0  0.0  0.0  0.0244.4144.4 55.6  0.0 11.1  0.0  0.0  0.0  0.0
  0.0  0.0 44.4 11.1  0.0 44.4 11.1 11.1  0.0  0.0  0.0  0.0 22.2  0.0  0.0
  0.0  0.0  0.0  0.0 11.1 11.1  0.0  0.0  0.0  0.0 77.8 11.1  0.0133.3 22.2
  0.0  0.0  0.0  0.0  0.0  0.0  0.0  0.0  0.0  0.0  0.0  0.0  0.0  0.0  0.0
  0.0  0.0  0.0  0.0  0.0  0.0  0.0  0.0  0.0  0.0  0.0  0.0  0.0  0.0  0.0
  0.0 11.1  0.0  0.0  0.0  0.0  0.0  0.0  0.0  0.0  0.0  0.0  0.0  0.0  0.0
  0.0  0.0  0.0  0.0 11.1  0.0 11.1  0.0  0.0  0.0  0.0  0.0  0.0  0.0  0.0
  0.0  0.0  0.0  0.0  0.0  0.0  0.0 11.1  0.0  0.0 55.6  0.0  0.0 22.2  0.0
  0.0  0.0  0.0  0.0  0.0  0.0  0.0 33.3  0.0  0.0  0.0  0.0  0.0  0.0  0.0
    -16.35     -5.23     -1.64     -3.96     10.26  0.0  0.0  0.0  0.0  0.0
                                   t000004_s13_p31_el2ap.txt 15.8  4.6  100
  0.0  0.0  0.0120.0  0.0  0.0  0.0  0.0  0.0 20.0  0.0  0.0  0.0 20.0  0.0
  0.0  0.0 20.0 10.0  0.0 10.0250.0140.0 60.0  0.0 40.0  0.0  0.0  0.0 10.0
 10.0  0.0 60.0  0.0  0.0 20.0  0.0  0.0  0.0  0.0  0.0  0.0  0.0 10.0  0.0
  0.0  0.0  0.0  0.0  0.0 20.0 10.0 10.0  0.0 20.0 60.0 40.0  0.0110.0  0.0
  0.0  0.0  0.0  0.0  0.0  0.0  0.0  0.0  0.0  0.0  0.0  0.0  0.0  0.0  0.0
  0.0  0.0  0.0  0.0  0.0  0.0  0.0  0.0  0.0  0.0  0.0  0.0  0.0  0.0  0.0
  0.0  0.0 10.0  0.0  0.0  0.0  0.0  0.0  0.0  0.0  0.0  0.0  0.0  0.0  0.0
  0.0  0.0  0.0  0.0 10.0  0.0 10.0  0.0  0.0  0.0  0.0  0.0  0.0  0.0  0.0
  0.0  0.0  0.0  0.0  0.0  0.0  0.0 10.0 20.0  0.0 20.0 20.0  0.0  0.0  0.0
  0.0  0.0  0.0  0.0  0.0  0.0  0.0 40.0 30.0  0.0  0.0  0.0 10.0  0.0  0.0
      1.97     -3.95     18.09     -6.61     -2.11 10.0  0.0  0.0  0.0  0.0
                                   t000004_s13_p32_el2ap.txt  6.0  5.1   32
 31.3  0.0  0.0 31.3  0.0  0.0  0.0  0.0  0.0  0.0  0.0  0.0  0.0  0.0  0.0
  0.0  0.0 31.3  0.0  0.0  0.0312.5125.0 62.5 62.5  0.0  0.0  0.0  0.0  0.0
  0.0  0.0 31.3  0.0  0.0  0.0  0.0  0.0  0.0  0.0  0.0  0.0  0.0 31.3  0.0
  0.0  0.0  0.0  0.0  0.0 31.3  0.0 31.3  0.0  0.0 62.5  0.0  0.0 93.8  0.0
  0.0  0.0  0.0  0.0  0.0  0.0  0.0  0.0  0.0  0.0  0.0  0.0  0.0  0.0  0.0
  0.0  0.0  0.0  0.0  0.0  0.0  0.0  0.0  0.0  0.0  0.0  0.0  0.0  0.0  0.0
  0.0  0.0  0.0  0.0  0.0  0.0  0.0  0.0  0.0  0.0  0.0  0.0  0.0  0.0  0.0
  0.0  0.0  0.0  0.0  0.0  0.0  0.0  0.0  0.0  0.0  0.0  0.0  0.0  0.0  0.0
  0.0  0.0  0.0  0.0  0.0  0.0  0.0  0.0  0.0  0.0  0.0  0.0  0.0  0.0  0.0
  0.0  0.0  0.0  0.0  0.0 31.3  0.0  0.0  0.0 31.3  0.0  0.0  0.0  0.0  0.0
    -15.63     -3.67      3.14     -6.61      1.11  0.0  0.0  0.0  0.0  0.0
                                   t000004_s13_p39_el2ap.txt  4.3  4.9   17
  0.0  0.0  0.0 58.8  0.0  0.0  0.0  0.0 58.8  0.0  0.0  0.0  0.0  0.0  0.0
  0.0  0.0  0.0  0.0  0.0  0.0176.5117.6  0.0  0.0 58.8  0.0  0.0  0.0  0.0
  0.0  0.0117.6  0.0  0.0176.5  0.0 58.8  0.0  0.0  0.0  0.0  0.0 58.8  0.0
  0.0  0.0  0.0  0.0  0.0 58.8  0.0 58.8  0.0  0.0  0.0117.6  0.0117.6  0.0
  0.0  0.0  0.0  0.0  0.0  0.0  0.0  0.0  0.0  0.0  0.0  0.0  0.0  0.0  0.0
  0.0  0.0  0.0  0.0  0.0  0.0  0.0  0.0  0.0  0.0  0.0  0.0  0.0  0.0  0.0
  0.0  0.0  0.0  0.0  0.0  0.0  0.0  0.0  0.0  0.0  0.0  0.0  0.0  0.0  0.0
  0.0  0.0  0.0  0.0  0.0  0.0  0.0  0.0  0.0  0.0  0.0  0.0  0.0  0.0  0.0
  0.0  0.0  0.0  0.0  0.0  0.0  0.0  0.0  0.0  0.0 58.8  0.0  0.0  0.0  0.0
  0.0  0.0  0.0  0.0  0.0  0.0  0.0  0.0  0.0  0.0  0.0  0.0 58.8  0.0  0.0
    -16.55     -3.11     -0.88      7.40      5.29  0.0  0.0  0.0  0.0  0.0
                                    t000004_s13_p4_el2ap.txt 30.8  5.1  179
 11.2  0.0  0.0 11.2  0.0  0.0  5.6  5.6  0.0  5.6  0.0  0.0  0.0  5.6  0.0
  5.6  0.0  0.0  0.0  0.0  0.0284.9173.2 50.3 78.2 27.9  0.0  0.0  0.0 11.2
  5.6  5.6 72.6  0.0  0.0 27.9  5.6  0.0  0.0  0.0  0.0  0.0  0.0 11.2  5.6
  0.0  0.0  0.0  5.6  0.0  0.0  5.6 16.8  0.0 16.8 83.8 27.9  0.0106.1  0.0
  0.0  0.0  0.0  0.0  0.0  0.0  0.0  0.0  0.0  0.0  0.0  0.0  0.0  0.0  0.0
  0.0  0.0  0.0  0.0  0.0  0.0  0.0  0.0  0.0  0.0  0.0  0.0  0.0  0.0  0.0
  0.0  0.0  5.6  0.0  0.0  0.0  0.0  0.0  0.0  5.6  0.0  0.0  0.0  0.0  0.0
  0.0  0.0  0.0  0.0  5.6  0.0 11.2  0.0  0.0  0.0  0.0  0.0  0.0  0.0  0.0
  0.0  0.0  0.0  0.0  0.0  0.0  0.0 11.2  5.6  0.0  5.6  5.6  5.6 11.2  0.0
  0.0  5.6  0.0  0.0  0.0  5.6  0.0  5.6  0.0  5.6  0.0 11.2 11.2  0.0  0.0
    -19.22     -1.91     17.16     -6.61      2.36  0.0  0.0  0.0  0.0  0.0
                                   t000004_s13_p40_el2ap.txt 19.0  4.4  107
  9.3  0.0  0.0 65.4  0.0  0.0  9.3  0.0  0.0  0.0  9.3  0.0  0.0  0.0  0.0
  0.0  0.0 28.0  0.0  0.0  0.0196.3140.2 28.0 46.7 37.4  9.3  0.0  0.0  0.0
  0.0  0.0  9.3  0.0  0.0 56.1  0.0  0.0  0.0  0.0  0.0  0.0 18.7  9.3  0.0
  0.0  0.0  0.0  9.3 18.7 28.0  0.0  9.3  0.0  0.0 84.1 37.4  0.0112.1 18.7
  0.0  0.0  0.0  0.0  0.0  0.0  0.0  0.0  0.0  0.0  0.0  0.0  0.0  0.0  0.0
  0.0  0.0  0.0  0.0  0.0  0.0  0.0  0.0  0.0  0.0  0.0  0.0  9.3  0.0  0.0
  0.0  0.0  0.0  0.0  0.0  0.0  0.0  0.0  0.0  0.0  0.0  0.0  0.0  0.0  0.0
  0.0  0.0  9.3  9.3  0.0  0.0  0.0  0.0  0.0  0.0  0.0  0.0  0.0  0.0  0.0
  0.0  0.0  0.0  0.0  0.0  0.0  0.0  0.0  0.0 18.7  0.0  0.0  0.0 28.0 18.7
  0.0  9.3  0.0  0.0  0.0  9.3  0.0 28.0  9.3 18.7  0.0  0.0 18.7  0.0  0.0
     -8.50     -0.73     -1.56     -6.61      9.47  0.0  0.0  0.0  0.0  0.0
                                   t000004_s13_p41_el2ap.txt 14.0  5.0   83
  0.0  0.0  0.0 60.2  0.0  0.0 12.0  0.0  0.0  0.0  0.0  0.0  0.0  0.0  0.0
  0.0  0.0  0.0  0.0  0.0  0.0253.0156.6 24.1 12.0 36.1 24.1  0.0  0.0 24.1
  0.0  0.0 84.3  0.0  0.0 48.2 24.1 12.0  0.0  0.0  0.0  0.0 12.0  0.0  0.0
  0.0  0.0  0.0 36.1 12.0 12.0  0.0  0.0  0.0 24.1 48.2 36.1  0.0156.6 24.1
  0.0  0.0  0.0  0.0  0.0  0.0  0.0  0.0  0.0  0.0  0.0  0.0  0.0  0.0  0.0
  0.0  0.0  0.0  0.0  0.0  0.0  0.0  0.0  0.0  0.0  0.0  0.0  0.0  0.0  0.0
  0.0  0.0  0.0  0.0  0.0  0.0  0.0  0.0  0.0  0.0  0.0  0.0  0.0  0.0  0.0
  0.0  0.0  0.0  0.0  0.0  0.0  0.0  0.0  0.0  0.0  0.0  0.0  0.0  0.0  0.0
  0.0  0.0  0.0  0.0  0.0  0.0  0.0  0.0  0.0  0.0 12.0  0.0  0.0 24.1 12.0
  0.0  0.0  0.0  0.0  0.0  0.0  0.0 60.2 36.1  0.0  0.0 12.0  0.0  0.0  0.0
    -21.54      0.91     16.14     -3.74      3.90  0.0  0.0  0.0  0.0  0.0
                                   t000004_s13_p42_el2ap.txt  9.0  4.9   51
  0.0  0.0  0.0 98.0  0.0  0.0  0.0  0.0  0.0  0.0  0.0  0.0  0.0  0.0  0.0
  0.0  0.0  0.0  0.0  0.0 19.6254.9156.9 39.2  0.0 19.6  0.0  0.0  0.0  0.0
  0.0  0.0 58.8 19.6  0.0  0.0 39.2  0.0  0.0  0.0  0.0  0.0  0.0  0.0  0.0
  0.0  0.0  0.0 39.2  0.0  0.0  0.0  0.0  0.0  0.0 58.8 19.6  0.0137.3  0.0
  0.0  0.0  0.0  0.0  0.0  0.0  0.0  0.0  0.0  0.0  0.0  0.0  0.0  0.0  0.0
  0.0  0.0  0.0  0.0  0.0  0.0  0.0  0.0  0.0  0.0  0.0  0.0  0.0  0.0 19.6
  0.0  0.0  0.0  0.0  0.0  0.0  0.0  0.0  0.0  0.0  0.0  0.0  0.0  0.0  0.0
  0.0  0.0  0.0  0.0 19.6  0.0 19.6  0.0  0.0  0.0  0.0  0.0  0.0  0.0  0.0
  0.0  0.0  0.0  0.0  0.0  0.0  0.0  0.0 19.6  0.0  0.0 19.6 19.6 19.6 39.2
  0.0  0.0  0.0  0.0  0.0  0.0  0.0 39.2 19.6  0.0  0.0  0.0  0.0 19.6  0.0
    -16.18     -4.86     -0.54     -6.61     -3.63 19.6  0.0  0.0  0.0  0.0
                                   t000004_s13_p43_el2ap.txt  9.3  6.2   42
  0.0  0.0  0.0 47.6  0.0  0.0  0.0  0.0  0.0 23.8  0.0  0.0  0.0  0.0  0.0
  0.0  0.0  0.0  0.0  0.0  0.0238.1166.7 95.2  0.0  0.0  0.0  0.0  0.0  0.0
  0.0  0.0119.0  0.0  0.0 71.4  0.0  0.0  0.0  0.0  0.0  0.0 23.8  0.0  0.0
  0.0  0.0  0.0  0.0  0.0  0.0  0.0  0.0  0.0  0.0190.5  0.0  0.0 71.4 23.8
  0.0  0.0  0.0  0.0  0.0  0.0  0.0  0.0  0.0  0.0  0.0  0.0  0.0  0.0  0.0
  0.0  0.0  0.0  0.0  0.0  0.0  0.0  0.0  0.0  0.0  0.0  0.0  0.0  0.0  0.0
  0.0  0.0  0.0  0.0  0.0  0.0  0.0  0.0  0.0  0.0  0.0  0.0  0.0  0.0  0.0
  0.0  0.0  0.0  0.0  0.0  0.0  0.0  0.0  0.0  0.0  0.0  0.0  0.0  0.0  0.0
  0.0  0.0  0.0  0.0  0.0  0.0  0.0  0.0  0.0  0.0 23.8  0.0  0.0  0.0 23.8
  0.0  0.0  0.0  0.0  0.0  0.0  0.0  0.0  0.0  0.0  0.0  0.0 23.8  0.0  0.0
    -27.89     -5.73      5.18     -6.61     11.25  0.0  0.0  0.0  0.0  0.0
                                   t000004_s13_p44_el2ap.txt 15.0  4.9   75
  0.0  0.0  0.0 93.3  0.0  0.0  0.0  0.0  0.0  0.0  0.0  0.0  0.0  0.0  0.0
  0.0  0.0  0.0  0.0  0.0  0.0293.3160.0 80.0 13.3 40.0 13.3 13.3  0.0  0.0
  0.0 13.3 66.7  0.0 13.3 26.7  0.0  0.0  0.0  0.0  0.0 13.3  0.0 13.3  0.0
  0.0  0.0  0.0 13.3  0.0  0.0 13.3 13.3  0.0  0.0 80.0 40.0  0.0106.7 13.3
  0.0  0.0  0.0  0.0  0.0  0.0  0.0  0.0  0.0  0.0  0.0  0.0  0.0  0.0  0.0
  0.0  0.0  0.0  0.0  0.0  0.0  0.0  0.0  0.0  0.0  0.0  0.0  0.0  0.0  0.0
  0.0  0.0  0.0  0.0  0.0  0.0  0.0  0.0  0.0  0.0  0.0  0.0  0.0  0.0  0.0
  0.0  0.0  0.0  0.0  0.0  0.0  0.0  0.0  0.0  0.0  0.0  0.0  0.0  0.0  0.0
  0.0  0.0  0.0  0.0  0.0  0.0  0.0  0.0 13.3  0.0 40.0  0.0 13.3  0.0 13.3
  0.0  0.0  0.0  0.0  0.0  0.0  0.0 13.3 26.7  0.0  0.0  0.0 13.3 13.3  0.0
    -27.09      1.52      5.10     -1.27     -1.61  0.0  0.0  0.0  0.0  0.0
                                   t000004_s13_p46_el2ap.txt 25.8  3.7  258
  3.9  3.9  3.9100.8 65.9  0.0 11.6 15.5 65.9 11.6  7.8  7.8  0.0 11.6  3.9
  0.0  3.9  3.9  7.8  3.9  3.9255.8100.8  3.9 19.4 15.5  0.0  7.8  0.0  3.9
  0.0  0.0 19.4  0.0  0.0 11.6  3.9 11.6  0.0  0.0  0.0  0.0  3.9  0.0  3.9
  0.0  3.9  0.0  0.0  7.8 15.5 19.4  3.9  7.8  3.9 23.3147.3  3.9143.4 11.6
  3.9  0.0  0.0  0.0  0.0  0.0  0.0  0.0  0.0  0.0  0.0  0.0  0.0  0.0  0.0
  0.0  0.0  0.0  3.9  0.0  0.0  0.0  0.0  0.0  0.0  0.0  0.0  0.0  0.0  0.0
  0.0  3.9  3.9  0.0  0.0  0.0  0.0  0.0  0.0  0.0  0.0  0.0  7.8 15.5  0.0
  3.9  0.0  0.0  3.9  7.8  0.0  7.8 23.3  0.0  0.0  0.0  0.0  0.0  0.0  0.0
  0.0  0.0  0.0  0.0  0.0  0.0  0.0 15.5  0.0  7.8  0.0  3.9  3.9  7.8  7.8
  0.0  0.0  3.9  0.0  0.0  0.0  0.0 38.8 34.9 19.4  0.0  0.0  0.0  0.0  0.0
     28.82     -2.97      3.60     -3.84      1.78  0.0  0.0  0.0  0.0  0.0
                                   t000004_s13_p47_el2ap.txt 20.0  5.2  115
  8.7  0.0  0.0104.3  8.7  0.0  0.0  0.0  0.0 17.4  0.0  0.0  0.0  0.0  0.0
  0.0  0.0  0.0  0.0  8.7  0.0295.7104.3 26.1  0.0 17.4  0.0 26.1  0.0  8.7
  0.0  0.0 52.2  0.0  0.0 52.2 17.4  0.0 17.4  0.0  0.0  0.0  0.0  8.7  0.0
  0.0  8.7  0.0  8.7  8.7  0.0  8.7  8.7  8.7  8.7 78.3 26.1  0.0121.7  8.7
  0.0  0.0  0.0  0.0  0.0  0.0  0.0  0.0  0.0  0.0  0.0  0.0  0.0  0.0  0.0
  0.0  0.0  0.0  0.0  0.0  0.0  0.0  0.0  0.0  0.0  0.0  0.0  0.0  0.0  8.7
  0.0  0.0  0.0  0.0  0.0  0.0  0.0  0.0  0.0  0.0  8.7  0.0  8.7  0.0  0.0
  0.0  0.0  0.0  0.0  8.7  0.0  8.7 17.4  0.0  0.0  0.0  0.0  0.0  0.0  0.0
  0.0  0.0  0.0  0.0  0.0  0.0  0.0  0.0  0.0  0.0 34.8  0.0  0.0  0.0  0.0
  0.0  0.0  0.0  0.0  0.0  0.0  0.0 17.4 43.5  8.7  0.0  0.0 34.8  0.0  0.0
     -9.78     -0.12      5.98     -1.00     -2.31  0.0  0.0  0.0  0.0  0.0
                                   t000004_s13_p48_el2ap.txt 24.0  4.2  175
 34.3  5.7  0.0 97.1 11.4  0.0  0.0 17.1  5.7 11.4  0.0  0.0  0.0  0.0  0.0
  0.0  0.0  5.7 22.9  0.0  5.7308.6108.6 40.0 22.9 45.7  0.0  5.7  0.0  0.0
  0.0  0.0 40.0  0.0  0.0 17.1  0.0  5.7  0.0  5.7  0.0  0.0  5.7  0.0  0.0
  0.0 11.4  0.0  0.0 11.4 11.4 40.0  0.0  0.0  0.0 68.6 62.9  0.0120.0  5.7
  0.0  0.0  0.0  0.0  0.0  0.0  0.0  0.0  0.0  0.0  0.0  0.0  0.0  0.0  0.0
  0.0  0.0  0.0  0.0  0.0  0.0  5.7  0.0  0.0  0.0  0.0  0.0  0.0  0.0  0.0
  0.0  0.0  0.0  0.0  0.0  0.0  0.0  0.0  0.0  0.0  0.0  0.0  5.7  0.0  0.0
  5.7  0.0  0.0  5.7  0.0  0.0  0.0  5.7  0.0  0.0  0.0  0.0  0.0  0.0  0.0
  0.0  0.0  0.0  0.0  0.0  0.0  0.0 40.0 11.4  5.7 34.3 22.9  5.7  5.7  0.0
  0.0  0.0 11.4  5.7  0.0 17.1  0.0 22.9 28.6 34.3  0.0  0.0  0.0  0.0  0.0
     -1.60     -1.89      2.78     -2.65     -0.05  0.0  0.0  0.0  0.0  0.0
                                   t000004_s13_p49_el2ap.txt 11.5  4.9   59
 16.9  0.0  0.0118.6  0.0  0.0  0.0 16.9  0.0  0.0 16.9  0.0  0.0  0.0  0.0
  0.0  0.0 33.9 16.9  0.0 16.9254.2118.6 33.9  0.0 33.9 16.9  0.0  0.0  0.0
  0.0  0.0101.7 16.9  0.0 33.9  0.0  0.0  0.0  0.0  0.0 16.9  0.0  0.0 16.9
  0.0  0.0  0.0  0.0 16.9 33.9 16.9 16.9  0.0  0.0 50.8 33.9  0.0169.5 33.9
  0.0  0.0  0.0  0.0  0.0  0.0  0.0  0.0  0.0  0.0  0.0  0.0  0.0  0.0  0.0
  0.0  0.0  0.0  0.0  0.0 16.9  0.0  0.0  0.0  0.0  0.0  0.0  0.0  0.0  0.0
 16.9  0.0  0.0  0.0  0.0  0.0  0.0  0.0  0.0  0.0  0.0  0.0  0.0  0.0  0.0
 16.9  0.0  0.0 16.9 16.9  0.0 16.9  0.0  0.0  0.0  0.0  0.0  0.0  0.0  0.0
  0.0  0.0  0.0  0.0  0.0  0.0  0.0  0.0 16.9  0.0 33.9 16.9 16.9 16.9  0.0
  0.0  0.0  0.0  0.0  0.0  0.0  0.0 16.9 33.9 50.8  0.0  0.0  0.0  0.0  0.0
      5.82     -0.96      1.27      0.17      9.41 16.9  0.0  0.0  0.0  0.0
                                    t000004_s13_p5_el2ap.txt 16.5  4.9   92
  0.0  0.0  0.0 32.6  0.0  0.0  0.0  0.0  0.0 10.9  0.0  0.0  0.0  0.0  0.0
  0.0  0.0  0.0 10.9  0.0  0.0369.6119.6 32.6 54.3 10.9 10.9  0.0  0.0 10.9
  0.0  0.0 43.5  0.0 10.9 21.7 10.9  0.0  0.0  0.0  0.0  0.0  0.0 21.7  0.0
  0.0  0.0  0.0  0.0  0.0  0.0 10.9 21.7  0.0 10.9 54.3 10.9 10.9108.7 10.9
 10.9  0.0  0.0  0.0  0.0  0.0  0.0  0.0  0.0  0.0  0.0  0.0  0.0  0.0  0.0
  0.0  0.0  0.0  0.0  0.0  0.0 10.9  0.0  0.0  0.0  0.0  0.0  0.0  0.0  0.0
 10.9  0.0  0.0  0.0  0.0  0.0  0.0  0.0  0.0  0.0  0.0  0.0  0.0 10.9  0.0
 10.9  0.0  0.0 10.9 10.9  0.0 10.9 10.9  0.0  0.0  0.0  0.0  0.0  0.0  0.0
  0.0  0.0  0.0  0.0  0.0  0.0  0.0  0.0 10.9  0.0 32.6 21.7  0.0 32.6 10.9
  0.0  0.0  0.0  0.0  0.0  0.0  0.0  0.0  0.0 10.9  0.0 21.7  0.0  0.0  0.0
    -23.08     -1.37      5.00     -6.61     -0.33  0.0  0.0  0.0  0.0  0.0
                                   t000004_s13_p50_el2ap.txt 11.8  4.4   57
 17.5  0.0  0.0 52.6  0.0  0.0  0.0  0.0 17.5 35.1 17.5  0.0  0.0  0.0  0.0
  0.0  0.0 17.5 17.5  0.0  0.0210.5 52.6  0.0 70.2  0.0  0.0 17.5  0.0 17.5
  0.0 17.5  0.0 17.5 17.5 35.1  0.0  0.0  0.0  0.0  0.0  0.0  0.0  0.0  0.0
  0.0 17.5  0.0  0.0 17.5 17.5 52.6  0.0  0.0 17.5 70.2 17.5  0.0157.9 52.6
  0.0  0.0  0.0  0.0  0.0  0.0  0.0  0.0  0.0  0.0  0.0  0.0  0.0  0.0  0.0
  0.0  0.0  0.0  0.0  0.0  0.0  0.0  0.0  0.0  0.0  0.0  0.0  0.0  0.0  0.0
  0.0  0.0  0.0  0.0  0.0  0.0  0.0  0.0  0.0  0.0  0.0  0.0  0.0  0.0  0.0
  0.0  0.0  0.0  0.0  0.0  0.0  0.0  0.0  0.0  0.0  0.0  0.0  0.0  0.0  0.0
  0.0  0.0  0.0  0.0  0.0  0.0  0.0  0.0  0.0  0.0 17.5  0.0  0.0 17.5  0.0
  0.0  0.0  0.0  0.0  0.0  0.0  0.0 52.6 35.1 17.5  0.0  0.0  0.0 17.5  0.0
      1.72     -0.17      4.08     -6.61     -3.63  0.0  0.0  0.0  0.0  0.0
                                   t000004_s13_p51_el2ap.txt 20.0  4.8  124
  8.1  0.0  0.0 96.8  0.0  0.0  0.0  0.0  0.0 40.3  0.0  0.0  0.0  0.0  0.0
  8.1  0.0  0.0 16.1  0.0  8.1266.1121.0 24.2  0.0  8.1  0.0  0.0  0.0  0.0
  0.0  0.0 24.2 24.2  0.0 40.3  8.1  0.0  0.0  0.0  8.1 16.1  8.1  8.1  0.0
  0.0  0.0  0.0  8.1  0.0  8.1 16.1  8.1  0.0  0.0 56.5  8.1  0.0129.0 16.1
  8.1  0.0  0.0  0.0  0.0  0.0  0.0  0.0  0.0  0.0  0.0  0.0  0.0  0.0  0.0
  0.0  0.0  0.0  0.0  0.0  0.0  0.0  0.0  0.0  0.0  0.0  0.0  0.0  0.0  0.0
  0.0  0.0  0.0  0.0  0.0  0.0  0.0  0.0  0.0  0.0  0.0  0.0  0.0  0.0  0.0
  0.0  0.0  0.0  0.0  0.0  0.0  0.0  0.0  0.0  0.0  0.0  0.0  0.0  0.0  0.0
  0.0  0.0  0.0  0.0  0.0  0.0  0.0  0.0  8.1  0.0  8.1  0.0  8.1  8.1 16.1
  0.0  8.1  0.0  0.0  0.0  0.0  0.0 24.2  8.1 16.1  0.0  8.1  8.1 24.2  0.0
     -5.44     -5.37     -6.55      3.69      2.64  0.0  0.0  0.0  0.0  0.0
                                   t000004_s13_p52_el2ap.txt 29.3  5.1  211
 14.2  0.0  0.0 80.6  0.0  0.0  4.7  0.0  4.7  4.7  0.0  0.0  4.7  4.7  0.0
  0.0  0.0  4.7  4.7  0.0  0.0270.1123.2 61.6  9.5 19.0  0.0  0.0  0.0  0.0
  4.7  0.0 85.3  4.7  0.0 66.4  9.5  0.0  0.0  0.0  0.0  9.5  4.7  9.5 19.0
  9.5  0.0  0.0  4.7  4.7  4.7  4.7 37.9  0.0  4.7 80.6 23.7  0.0137.4  4.7
  0.0  0.0  0.0  0.0  0.0  0.0  0.0  0.0  0.0  0.0  0.0  0.0  0.0  0.0  0.0
  0.0  0.0  0.0  0.0  0.0  0.0  0.0  0.0  0.0  0.0  0.0  0.0  4.7  0.0  0.0
  0.0  0.0  0.0  0.0  0.0  0.0  0.0  4.7  0.0  0.0  0.0  0.0  4.7  0.0  0.0
  0.0  0.0  4.7  4.7  0.0  4.7  4.7  4.7  0.0  0.0  0.0  0.0  0.0  0.0  0.0
  0.0  0.0  0.0  0.0  0.0  0.0  0.0  0.0 28.4  4.7 28.4  0.0  0.0 33.2  0.0
  0.0  0.0  0.0  0.0  0.0  0.0  9.5 61.6  0.0 23.7  0.0  0.0  4.7  4.7  0.0
    -14.93     -4.57      6.08     -2.81     18.41  0.0  0.0  0.0  0.0  0.0
                                   t000004_s13_p53_el2ap.txt 11.5  4.9   62
  0.0  0.0  0.0 96.8  0.0  0.0  0.0  0.0  0.0  0.0  0.0  0.0  0.0  0.0  0.0
  0.0  0.0 16.1  0.0  0.0  0.0274.2161.3  0.0  0.0 80.6  0.0 16.1  0.0  0.0
  0.0  0.0112.9  0.0  0.0 48.4  0.0  0.0  0.0  0.0  0.0  0.0  0.0  0.0 16.1
  0.0  0.0  0.0  0.0 16.1 16.1  0.0 16.1  0.0  0.0 16.1 80.6  0.0129.0 32.3
  0.0  0.0  0.0  0.0  0.0  0.0  0.0  0.0  0.0  0.0  0.0  0.0  0.0  0.0  0.0
  0.0  0.0  0.0  0.0  0.0  0.0  0.0  0.0  0.0  0.0  0.0  0.0  0.0  0.0  0.0
  0.0 16.1  0.0  0.0  0.0  0.0  0.0  0.0  0.0  0.0  0.0  0.0  0.0  0.0  0.0
  0.0  0.0  0.0  0.0 16.1  0.0 16.1  0.0  0.0  0.0  0.0  0.0  0.0  0.0  0.0
  0.0  0.0  0.0  0.0  0.0  0.0  0.0  0.0 16.1  0.0 48.4  0.0  0.0  0.0 32.3
  0.0  0.0  0.0  0.0  0.0  0.0  0.0 32.3 16.1 16.1 16.1  0.0  0.0 16.1  0.0
    -17.48      0.84      6.06     -6.61      8.78  0.0  0.0  0.0  0.0  0.0
                                   t000004_s13_p54_el2ap.txt 11.0  5.3   56
  0.0  0.0  0.0 71.4  0.0  0.0  0.0  0.0  0.0  0.0  0.0  0.0  0.0  0.0  0.0
  0.0  0.0 17.9 17.9  0.0 17.9303.6178.6 71.4  0.0  0.0  0.0  0.0  0.0  0.0
  0.0  0.0125.0  0.0 17.9 35.7  0.0  0.0  0.0  0.0 17.9  0.0  0.0 17.9  0.0
 17.9  0.0  0.0  0.0  0.0 35.7 17.9 35.7  0.0  0.0 71.4  0.0  0.0107.1 17.9
  0.0  0.0  0.0  0.0  0.0  0.0  0.0  0.0  0.0  0.0  0.0  0.0  0.0  0.0  0.0
  0.0  0.0  0.0  0.0  0.0  0.0  0.0  0.0  0.0  0.0  0.0  0.0  0.0  0.0  0.0
  0.0  0.0  0.0  0.0  0.0  0.0  0.0  0.0  0.0  0.0  0.0  0.0  0.0  0.0  0.0
  0.0  0.0  0.0  0.0  0.0  0.0  0.0  0.0  0.0  0.0  0.0  0.0  0.0  0.0  0.0
  0.0  0.0  0.0  0.0  0.0  0.0  0.0  0.0  0.0 17.9 53.6  0.0  0.0 17.9 17.9
  0.0  0.0 17.9  0.0  0.0  0.0  0.0 71.4  0.0  0.0  0.0  0.0 35.7  0.0  0.0
    -13.86     -5.73      2.37      1.90      4.84  0.0  0.0  0.0  0.0  0.0
                                   t000004_s13_p55_el2ap.txt 13.5  4.5   71
 14.1  0.0  0.0126.8 28.2  0.0  0.0  0.0 28.2  0.0 14.1  0.0  0.0  0.0 14.1
 14.1  0.0  0.0  0.0  0.0  0.0169.0 56.3 28.2 56.3 70.4  0.0 28.2  0.0  0.0
  0.0  0.0 14.1 14.1  0.0 14.1  0.0 28.2  0.0 14.1 14.1 14.1  0.0 28.2  0.0
  0.0 14.1 42.3  0.0 28.2 42.3 28.2 28.2  0.0  0.0 84.5126.8  0.0183.1  0.0
  0.0  0.0  0.0  0.0  0.0  0.0  0.0  0.0  0.0  0.0  0.0  0.0  0.0  0.0  0.0
  0.0  0.0  0.0 14.1 14.1  0.0  0.0  0.0  0.0  0.0  0.0  0.0  0.0  0.0  0.0
  0.0  0.0  0.0  0.0  0.0  0.0  0.0  0.0  0.0  0.0  0.0  0.0  0.0  0.0  0.0
 28.2  0.0  0.0 28.2  0.0  0.0  0.0  0.0  0.0  0.0  0.0  0.0  0.0  0.0  0.0
  0.0  0.0  0.0  0.0  0.0  0.0  0.0  0.0  0.0  0.0  0.0  0.0 14.1  0.0 14.1
  0.0  0.0 14.1  0.0  0.0  0.0  0.0 56.3 28.2 14.1  0.0  0.0  0.0  0.0  0.0
      7.56      4.47     -2.87     18.84      0.64  0.0  0.0  0.0  0.0  0.0
                                   t000004_s13_p56_el2ap.txt 21.0  5.4  126
 15.9  0.0  0.0 87.3  0.0  0.0  0.0  0.0  0.0  7.9  0.0  0.0  0.0  0.0  0.0
  0.0  0.0  7.9  7.9  0.0  0.0277.8127.0 55.6  7.9  7.9  0.0  0.0  0.0  0.0
  0.0 15.9111.1  0.0  0.0 55.6 15.9  0.0  7.9  0.0  0.0  7.9 15.9 31.7  0.0
 15.9  7.9  0.0  7.9 15.9  7.9 31.7 47.6  0.0  0.0 71.4  7.9  0.0142.9  7.9
  0.0  0.0  0.0  0.0  0.0  0.0  0.0  0.0  0.0  0.0  0.0  0.0  0.0  0.0  0.0
  0.0  0.0  0.0  0.0  0.0  0.0  0.0  0.0  0.0  7.9  0.0  0.0  0.0  0.0  0.0
  0.0  0.0  0.0  0.0  7.9  0.0  0.0  0.0  0.0  7.9  7.9  0.0  0.0  0.0  0.0
  0.0  7.9  0.0  7.9  0.0  7.9 15.9  7.9  0.0  0.0  0.0  0.0  0.0  0.0  0.0
  0.0  0.0  0.0  0.0  0.0  0.0  0.0  7.9 23.8  0.0 23.8 39.7  0.0  0.0  0.0
  0.0  0.0  0.0  0.0  0.0  7.9  0.0 31.7  0.0 15.9  0.0  0.0 15.9  0.0  0.0
    -18.86     -5.11     11.41     -0.87     16.22  0.0  0.0  0.0  0.0  0.0
                                   t000004_s13_p57_el2ap.txt 13.0  5.4   62
  0.0  0.0  0.0 32.3  0.0  0.0  0.0  0.0  0.0  0.0  0.0  0.0  0.0  0.0  0.0
  0.0  0.0  0.0 16.1  0.0  0.0290.3 80.6  0.0 96.8  0.0  0.0  0.0  0.0  0.0
  0.0  0.0 80.6  0.0 16.1 32.3  0.0  0.0 16.1  0.0 16.1  0.0  0.0  0.0  0.0
 16.1  0.0  0.0  0.0 16.1 16.1 16.1 16.1  0.0  0.0 48.4  0.0  0.0145.2 16.1
  0.0  0.0  0.0  0.0  0.0  0.0  0.0  0.0  0.0  0.0  0.0  0.0  0.0  0.0  0.0
  0.0  0.0  0.0  0.0  0.0  0.0  0.0  0.0  0.0  0.0  0.0  0.0 16.1  0.0  0.0
  0.0  0.0  0.0  0.0  0.0  0.0  0.0  0.0  0.0  0.0 16.1  0.0  0.0  0.0  0.0
  0.0  0.0 16.1 16.1  0.0  0.0  0.0 16.1  0.0  0.0  0.0  0.0  0.0  0.0  0.0
  0.0  0.0  0.0  0.0  0.0  0.0  0.0  0.0  0.0 16.1  0.0 16.1  0.0  0.0  0.0
  0.0  0.0  0.0  0.0  0.0  0.0  0.0 16.1 16.1 16.1  0.0  0.0  0.0  0.0  0.0
    -19.14     -2.54      0.00      6.28      1.58  0.0  0.0  0.0  0.0  0.0
                                   t000004_s13_p58_el2ap.txt 12.3  5.4   71
  0.0  0.0  0.0 70.4  0.0  0.0  0.0  0.0  0.0  0.0  0.0  0.0  0.0  0.0  0.0
  0.0  0.0 14.1  0.0  0.0  0.0281.7154.9 42.3  0.0 14.1  0.0  0.0  0.0  0.0
  0.0  0.0140.8  0.0  0.0 28.2 14.1  0.0  0.0  0.0  0.0  0.0  0.0  0.0 14.1
  0.0  0.0  0.0  0.0  0.0 14.1  0.0 14.1  0.0  0.0 70.4 14.1  0.0112.7 28.2
  0.0  0.0  0.0  0.0  0.0  0.0  0.0  0.0  0.0  0.0  0.0  0.0  0.0  0.0  0.0
  0.0  0.0  0.0  0.0  0.0  0.0 14.1  0.0  0.0  0.0  0.0  0.0  0.0  0.0  0.0
  0.0  0.0  0.0 14.1  0.0 14.1  0.0  0.0  0.0  0.0  0.0  0.0  0.0  0.0  0.0
 14.1  0.0  0.0 14.1 14.1 14.1 28.2  0.0  0.0  0.0  0.0  0.0  0.0  0.0  0.0
  0.0  0.0  0.0  0.0  0.0  0.0  0.0 14.1  0.0  0.0  0.0  0.0 14.1  0.0 14.1
  0.0  0.0  0.0  0.0  0.0  0.0  0.0 28.2 28.2 14.1  0.0  0.0 14.1  0.0  0.0
    -22.35     -5.10      9.15     -6.61      7.21  0.0  0.0  0.0  0.0  0.0
                                   t000004_s13_p59_el2ap.txt 15.5  4.7   79
  0.0  0.0  0.0 38.0  0.0  0.0  0.0  0.0  0.0 50.6  0.0  0.0  0.0  0.0  0.0
  0.0  0.0  0.0 12.7  0.0  0.0253.2126.6 38.0 50.6  0.0  0.0  0.0  0.0  0.0
  0.0 12.7 38.0  0.0  0.0 63.3  0.0  0.0  0.0  0.0  0.0  0.0 12.7  0.0  0.0
  0.0  0.0  0.0 12.7  0.0  0.0 25.3  0.0  0.0  0.0 50.6  0.0  0.0139.2 63.3
  0.0  0.0  0.0  0.0  0.0  0.0  0.0  0.0  0.0  0.0  0.0  0.0  0.0  0.0  0.0
  0.0  0.0  0.0  0.0  0.0  0.0  0.0  0.0  0.0  0.0  0.0  0.0  0.0  0.0  0.0
  0.0  0.0  0.0  0.0 12.7  0.0  0.0  0.0  0.0  0.0 12.7  0.0 12.7  0.0  0.0
  0.0  0.0  0.0  0.0  0.0 12.7 12.7 25.3  0.0  0.0  0.0  0.0  0.0  0.0  0.0
  0.0  0.0  0.0  0.0  0.0  0.0  0.0 12.7 12.7  0.0 25.3 12.7  0.0 25.3 25.3
  0.0 12.7  0.0  0.0  0.0  0.0  0.0 38.0 25.3 12.7  0.0 25.3  0.0  0.0  0.0
    -13.67     -4.06      4.70     -6.61      4.29  0.0  0.0 12.7  0.0  0.0
                                    t000004_s13_p6_el2ap.txt 15.3  4.6   76
  0.0  0.0  0.0 78.9  0.0  0.0 13.2  0.0  0.0 26.3  0.0  0.0  0.0  0.0  0.0
  0.0  0.0  0.0 13.2  0.0  0.0236.8 65.8 52.6 26.3 52.6 13.2 13.2  0.0  0.0
 13.2  0.0  0.0 13.2  0.0 39.5 26.3 13.2  0.0  0.0  0.0 26.3 13.2 26.3 13.2
  0.0  0.0 13.2  0.0  0.0 13.2 13.2 39.5  0.0 13.2 65.8 52.6  0.0144.7  0.0
 13.2  0.0  0.0  0.0  0.0  0.0  0.0  0.0  0.0  0.0  0.0  0.0  0.0  0.0  0.0
  0.0  0.0  0.0  0.0  0.0  0.0 13.2  0.0  0.0  0.0  0.0  0.0  0.0  0.0  0.0
  0.0  0.0  0.0  0.0  0.0  0.0  0.0  0.0  0.0  0.0  0.0  0.0  0.0  0.0  0.0
 13.2  0.0  0.0 13.2  0.0  0.0  0.0  0.0  0.0  0.0  0.0  0.0  0.0  0.0  0.0
  0.0  0.0  0.0  0.0  0.0  0.0  0.0  0.0  0.0 13.2 26.3  0.0 26.3  0.0 52.6
  0.0  0.0 13.2  0.0  0.0  0.0  0.0 39.5  0.0 26.3  0.0  0.0  0.0  0.0  0.0
    -10.82      2.44      6.93      7.05     18.71  0.0  0.0  0.0  0.0  0.0
                                   t000004_s13_p60_el2ap.txt 17.8  5.1   95
 21.1  0.0  0.0 52.6  0.0  0.0  0.0  0.0 10.5  0.0  0.0  0.0  0.0 10.5  0.0
  0.0  0.0  0.0  0.0  0.0  0.0284.2126.3 84.2 31.6 21.1  0.0  0.0  0.0 10.5
  0.0  0.0 10.5  0.0  0.0 42.1 21.1  0.0  0.0  0.0  0.0 10.5 10.5 10.5  0.0
  0.0  0.0  0.0  0.0  0.0  0.0  0.0 10.5  0.0 10.5 94.7 31.6  0.0105.3  0.0
  0.0  0.0  0.0  0.0  0.0  0.0  0.0  0.0  0.0  0.0  0.0  0.0  0.0  0.0  0.0
  0.0  0.0  0.0  0.0  0.0  0.0  0.0  0.0  0.0  0.0  0.0  0.0  0.0  0.0  0.0
  0.0  0.0 10.5  0.0  0.0  0.0  0.0  0.0  0.0  0.0  0.0  0.0  0.0  0.0  0.0
  0.0  0.0  0.0  0.0 10.5  0.0 10.5  0.0  0.0  0.0  0.0  0.0  0.0  0.0  0.0
  0.0  0.0  0.0  0.0  0.0  0.0  0.0  0.0 10.5 10.5 31.6 10.5  0.0 10.5  0.0
 21.1  0.0  0.0  0.0  0.0 21.1  0.0 21.1 21.1 21.1  0.0  0.0 10.5 10.5  0.0
    -19.77     -3.75      4.58     -2.39      4.55  0.0  0.0  0.0 10.5  0.0
                                   t000004_s13_p61_el2ap.txt 10.0  4.3   51
 19.6  0.0  0.0 98.0  0.0  0.0  0.0  0.0 19.6  0.0  0.0  0.0  0.0  0.0  0.0
  0.0  0.0 19.6 19.6  0.0  0.0274.5117.6 58.8 19.6  0.0  0.0  0.0  0.0 19.6
 19.6  0.0 19.6  0.0  0.0 39.2  0.0 19.6  0.0  0.0  0.0  0.0 19.6 19.6  0.0
  0.0  0.0  0.0  0.0  0.0 39.2 19.6 19.6  0.0 39.2 58.8 19.6  0.0117.6  0.0
  0.0  0.0  0.0  0.0  0.0  0.0  0.0  0.0  0.0  0.0  0.0  0.0  0.0  0.0  0.0
  0.0  0.0  0.0  0.0  0.0  0.0  0.0  0.0  0.0  0.0  0.0  0.0  0.0  0.0  0.0
  0.0  0.0  0.0  0.0  0.0  0.0  0.0  0.0  0.0  0.0  0.0  0.0  0.0  0.0  0.0
  0.0  0.0  0.0  0.0  0.0  0.0  0.0  0.0  0.0  0.0  0.0  0.0  0.0  0.0  0.0
  0.0  0.0  0.0  0.0  0.0  0.0  0.0 19.6  0.0 19.6 78.4  0.0 39.2 19.6 19.6
  0.0  0.0  0.0  0.0  0.0  0.0 19.6 58.8  0.0 19.6  0.0  0.0  0.0  0.0  0.0
     -9.84     -5.08     27.74     -1.94     11.60  0.0  0.0  0.0  0.0  0.0
                                   t000004_s13_p62_el2ap.txt 11.5  4.7   63
 15.9  0.0  0.0127.0  0.0  0.0  0.0 15.9  0.0 31.7  0.0  0.0  0.0  0.0  0.0
  0.0  0.0  0.0 15.9  0.0  0.0269.8 95.2 15.9 15.9 15.9  0.0  0.0  0.0  0.0
  0.0  0.0 63.5  0.0 15.9 47.6  0.0 15.9  0.0 15.9  0.0  0.0  0.0  0.0  0.0
  0.0  0.0  0.0  0.0 15.9 15.9 31.7  0.0  0.0  0.0 31.7 15.9  0.0127.0  0.0
  0.0 15.9  0.0  0.0  0.0  0.0  0.0  0.0  0.0  0.0  0.0  0.0  0.0  0.0  0.0
  0.0  0.0  0.0  0.0  0.0  0.0  0.0  0.0  0.0 15.9  0.0  0.0  0.0  0.0  0.0
  0.0  0.0  0.0  0.0  0.0  0.0  0.0  0.0  0.0  0.0 15.9  0.0  0.0  0.0  0.0
  0.0 15.9  0.0 15.9  0.0  0.0  0.0 15.9  0.0  0.0  0.0  0.0  0.0  0.0  0.0
  0.0  0.0  0.0  0.0  0.0  0.0  0.0 31.7  0.0  0.0 31.7 31.7  0.0  0.0  0.0
  0.0  0.0  0.0  0.0  0.0  0.0  0.0 31.7  0.0 15.9  0.0  0.0  0.0  0.0  0.0
     -5.89     -4.50     -1.99      4.39     -3.63 15.9  0.0  0.0  0.0  0.0
                                   t000004_s13_p66_el2ap.txt  4.0  4.2   17
  0.0  0.0  0.0 58.8  0.0  0.0  0.0  0.0  0.0  0.0  0.0  0.0  0.0  0.0  0.0
  0.0  0.0  0.0  0.0  0.0  0.0352.9117.6 58.8  0.0  0.0  0.0  0.0  0.0  0.0
  0.0  0.0  0.0  0.0  0.0  0.0  0.0  0.0  0.0  0.0  0.0  0.0  0.0  0.0  0.0
  0.0  0.0  0.0  0.0 58.8  0.0  0.0  0.0  0.0  0.0117.6  0.0  0.0117.6 58.8
  0.0  0.0  0.0  0.0  0.0  0.0  0.0  0.0  0.0  0.0  0.0  0.0  0.0  0.0  0.0
  0.0  0.0  0.0  0.0  0.0  0.0  0.0  0.0  0.0  0.0  0.0  0.0  0.0  0.0  0.0
  0.0  0.0  0.0  0.0  0.0  0.0  0.0  0.0  0.0  0.0  0.0  0.0  0.0  0.0  0.0
  0.0  0.0  0.0  0.0  0.0  0.0  0.0  0.0  0.0  0.0  0.0  0.0  0.0  0.0  0.0
  0.0  0.0  0.0  0.0  0.0  0.0  0.0  0.0  0.0  0.0  0.0 58.8  0.0  0.0  0.0
  0.0  0.0  0.0  0.0  0.0  0.0  0.0 58.8  0.0  0.0  0.0  0.0  0.0  0.0  0.0
    -25.12     -5.73      0.97     -6.61     -3.63  0.0  0.0  0.0  0.0  0.0
                                   t000004_s13_p67_el2ap.txt 11.0  4.8   52
 19.2  0.0  0.0115.4  0.0  0.0  0.0  0.0 19.2 38.5  0.0  0.0  0.0  0.0  0.0
  0.0  0.0 19.2  0.0  0.0  0.0250.0 76.9 19.2  0.0  0.0  0.0  0.0  0.0  0.0
  0.0  0.0  0.0  0.0  0.0 19.2 19.2  0.0  0.0  0.0  0.0  0.0 19.2 57.7  0.0
  0.0 19.2 19.2  0.0  0.0 19.2 19.2 57.7  0.0  0.0 19.2 19.2  0.0173.1 19.2
  0.0  0.0  0.0  0.0  0.0  0.0  0.0  0.0  0.0  0.0  0.0  0.0  0.0  0.0  0.0
  0.0  0.0  0.0  0.0  0.0 19.2  0.0  0.0  0.0  0.0  0.0  0.0 19.2  0.0  0.0
  0.0 19.2  0.0  0.0  0.0  0.0  0.0  0.0  0.0  0.0  0.0  0.0  0.0  0.0  0.0
 19.2  0.0 19.2 38.5 19.2  0.0 19.2  0.0  0.0  0.0  0.0  0.0  0.0  0.0  0.0
  0.0  0.0  0.0  0.0  0.0  0.0  0.0  0.0  0.0 19.2 76.9 19.2  0.0  0.0  0.0
  0.0  0.0  0.0  0.0  0.0  0.0  0.0 38.5  0.0 57.7  0.0  0.0 19.2  0.0  0.0
     -4.86     -5.73     -0.12     -6.61     17.13  0.0  0.0  0.0  0.0  0.0
                                   t000004_s13_p68_el2ap.txt 15.8  4.9  106
  9.4  0.0  0.0 37.7  0.0  0.0  0.0  0.0  0.0  0.0  0.0  0.0  0.0  9.4  0.0
  0.0  0.0  0.0  0.0  0.0  0.0311.3113.2 37.7  0.0 18.9  0.0  0.0  0.0  0.0
  0.0  0.0 47.2  0.0  0.0 37.7 18.9  0.0  0.0  0.0  0.0  0.0 18.9  0.0  0.0
  0.0  0.0  0.0  0.0  0.0  0.0  0.0  0.0  0.0  0.0 47.2 18.9  0.0103.8 37.7
  0.0  0.0  0.0  0.0  0.0  0.0  0.0  0.0  0.0  0.0  0.0  0.0  0.0  0.0  0.0
  0.0  0.0  0.0  0.0  0.0  0.0  0.0  0.0  0.0  0.0  0.0  0.0  0.0  0.0  0.0
  0.0  9.4  0.0  0.0  0.0  0.0  0.0  0.0  0.0  0.0  0.0  0.0  0.0  0.0  0.0
  0.0  0.0  0.0  0.0  9.4  0.0  9.4  0.0  0.0  0.0  0.0  0.0  0.0  0.0  0.0
  0.0  0.0  0.0  0.0  0.0  0.0  0.0  0.0 47.2  0.0 37.7  0.0  0.0 18.9 18.9
  0.0  0.0  0.0  0.0  0.0  0.0  0.0  9.4  0.0  9.4  0.0  0.0  9.4  0.0  0.0
    -19.49     -4.89      2.11     -6.61      8.17  0.0  0.0  0.0  0.0  0.0
                                   t000004_s13_p69_el2ap.txt  4.5  4.0   23
  0.0  0.0  0.0130.4  0.0 43.5  0.0  0.0  0.0  0.0  0.0  0.0  0.0  0.0  0.0
  0.0  0.0  0.0  0.0  0.0  0.0304.3173.9  0.0  0.0  0.0  0.0  0.0  0.0  0.0
  0.0  0.0  0.0  0.0  0.0 43.5  0.0  0.0  0.0  0.0  0.0  0.0  0.0  0.0  0.0
  0.0  0.0 43.5  0.0  0.0  0.0  0.0  0.0  0.0  0.0  0.0  0.0  0.0130.4  0.0
  0.0  0.0  0.0  0.0  0.0  0.0  0.0  0.0  0.0  0.0  0.0  0.0  0.0  0.0  0.0
  0.0  0.0  0.0  0.0  0.0  0.0  0.0  0.0  0.0  0.0  0.0  0.0  0.0  0.0  0.0
  0.0  0.0  0.0  0.0  0.0  0.0  0.0  0.0  0.0  0.0  0.0  0.0  0.0  0.0  0.0
  0.0  0.0  0.0  0.0  0.0  0.0  0.0  0.0  0.0  0.0  0.0  0.0  0.0  0.0  0.0
  0.0  0.0  0.0  0.0  0.0  0.0  0.0 43.5  0.0  0.0  0.0 87.0  0.0  0.0  0.0
  0.0  0.0  0.0  0.0  0.0  0.0  0.0  0.0  0.0  0.0  0.0  0.0  0.0 43.5  0.0
     -8.00     -5.73     -1.50     -6.61     -3.63  0.0  0.0  0.0  0.0  0.0
                                    t000004_s13_p7_el2ap.txt 12.8  4.8   68
 29.4  0.0  0.0 44.1  0.0  0.0  0.0  0.0 14.7  0.0  0.0  0.0  0.0 14.7  0.0
  0.0  0.0 14.7  0.0  0.0  0.0308.8161.8 58.8 14.7  0.0 14.7  0.0  0.0  0.0
  0.0  0.0 58.8 14.7 14.7 44.1 14.7  0.0  0.0  0.0  0.0  0.0  0.0  0.0  0.0
  0.0  0.0  0.0  0.0  0.0 14.7  0.0  0.0  0.0  0.0 58.8 14.7  0.0 73.5  0.0
  0.0  0.0  0.0  0.0  0.0  0.0  0.0  0.0  0.0  0.0  0.0  0.0  0.0  0.0  0.0
  0.0  0.0  0.0  0.0  0.0  0.0  0.0  0.0  0.0  0.0  0.0  0.0  0.0  0.0  0.0
  0.0  0.0  0.0  0.0  0.0  0.0  0.0  0.0  0.0  0.0  0.0  0.0  0.0  0.0  0.0
  0.0  0.0  0.0  0.0  0.0  0.0  0.0  0.0  0.0  0.0  0.0  0.0  0.0  0.0  0.0
  0.0  0.0  0.0  0.0  0.0  0.0  0.0  0.0 14.7  0.0 14.7  0.0  0.0 29.4 14.7
 14.7 14.7  0.0  0.0  0.0 14.7  0.0  0.0  0.0 44.1  0.0 14.7  0.0  0.0  0.0
    -12.76     -2.42     -5.98     -6.61     -3.63  0.0  0.0  0.0  0.0  0.0
                                   t000004_s13_p70_el2ap.txt  7.3  4.4   43
  0.0  0.0  0.0116.3  0.0  0.0  0.0  0.0  0.0 23.3  0.0  0.0  0.0  0.0  0.0
  0.0  0.0  0.0 23.3  0.0  0.0255.8116.3  0.0  0.0  0.0  0.0  0.0  0.0  0.0
  0.0  0.0 46.5  0.0  0.0 69.8  0.0  0.0 23.3  0.0  0.0  0.0  0.0  0.0  0.0
  0.0  0.0  0.0  0.0  0.0  0.0 23.3  0.0  0.0  0.0 23.3  0.0  0.0116.3  0.0
  0.0  0.0  0.0  0.0  0.0  0.0  0.0  0.0  0.0  0.0  0.0  0.0  0.0  0.0  0.0
  0.0  0.0  0.0  0.0  0.0  0.0  0.0  0.0  0.0  0.0  0.0  0.0  0.0  0.0  0.0
  0.0  0.0  0.0  0.0  0.0  0.0  0.0  0.0  0.0  0.0  0.0  0.0  0.0  0.0  0.0
  0.0  0.0  0.0  0.0  0.0  0.0  0.0  0.0  0.0  0.0  0.0  0.0  0.0  0.0  0.0
  0.0  0.0  0.0  0.0  0.0  0.0  0.0  0.0  0.0  0.0 23.3 46.5  0.0  0.0 46.5
  0.0  0.0  0.0  0.0  0.0  0.0  0.0  0.0 23.3  0.0  0.0  0.0  0.0  0.0  0.0
    -10.02     -5.73      0.24      0.90     -3.63  0.0  0.0  0.0  0.0  0.0
                                   t000004_s13_p71_el2ap.txt  2.8  4.2   14
  0.0  0.0  0.0 71.4  0.0  0.0  0.0  0.0  0.0  0.0  0.0  0.0  0.0  0.0  0.0
  0.0  0.0  0.0  0.0  0.0  0.0357.1142.9  0.0  0.0  0.0  0.0  0.0  0.0  0.0
  0.0  0.0 71.4  0.0  0.0  0.0  0.0  0.0  0.0  0.0  0.0  0.0  0.0  0.0  0.0
  0.0  0.0  0.0  0.0  0.0  0.0  0.0  0.0  0.0  0.0  0.0  0.0  0.0 71.4  0.0
  0.0  0.0  0.0  0.0  0.0  0.0  0.0  0.0  0.0  0.0  0.0  0.0  0.0  0.0  0.0
  0.0  0.0  0.0  0.0  0.0  0.0  0.0  0.0  0.0  0.0  0.0  0.0  0.0  0.0  0.0
  0.0  0.0  0.0  0.0  0.0  0.0  0.0  0.0  0.0  0.0  0.0  0.0  0.0  0.0  0.0
  0.0  0.0  0.0  0.0  0.0  0.0  0.0  0.0  0.0  0.0  0.0  0.0  0.0  0.0  0.0
  0.0  0.0  0.0  0.0  0.0  0.0  0.0  0.0  0.0  0.0  0.0 71.4  0.0  0.0  0.0
  0.0  0.0  0.0  0.0  0.0  0.0  0.0  0.0  0.0  0.0  0.0  0.0  0.0 71.4  0.0
    -22.83     -5.73      5.93     -6.61     -3.63  0.0  0.0  0.0  0.0  0.0
                                   t000004_s13_p72_el2ap.txt  9.8  4.5   61
 32.8  0.0  0.0 98.4  0.0  0.0  0.0  0.0  0.0  0.0  0.0  0.0  0.0  0.0  0.0
  0.0  0.0  0.0  0.0  0.0  0.0213.1114.8 65.6 32.8 16.4  0.0  0.0  0.0  0.0
  0.0 16.4 32.8  0.0  0.0  0.0 32.8 16.4  0.0  0.0  0.0 16.4  0.0  0.0 16.4
  0.0  0.0  0.0 32.8  0.0 16.4 16.4 16.4  0.0  0.0 65.6 16.4  0.0196.7  0.0
  0.0  0.0  0.0  0.0  0.0  0.0  0.0  0.0  0.0  0.0  0.0  0.0  0.0  0.0  0.0
  0.0  0.0  0.0  0.0  0.0  0.0  0.0  0.0  0.0  0.0  0.0  0.0  0.0  0.0  0.0
 16.4  0.0 16.4  0.0  0.0 16.4  0.0  0.0  0.0  0.0  0.0  0.0  0.0  0.0  0.0
  0.0  0.0  0.0  0.0 32.8 16.4 49.2  0.0  0.0  0.0  0.0  0.0  0.0  0.0  0.0
  0.0  0.0  0.0  0.0  0.0  0.0  0.0 16.4  0.0  0.0 49.2 16.4  0.0  0.0  0.0
  0.0  0.0  0.0  0.0  0.0  0.0  0.0 49.2  0.0 32.8  0.0  0.0  0.0  0.0  0.0
    -17.96     -3.92      9.32      3.86      8.98  0.0  0.0  0.0  0.0  0.0
                                   t000004_s13_p73_el2ap.txt 19.8  4.4  117
 17.1  0.0  0.0 85.5  0.0  0.0  0.0  8.5  0.0  0.0  0.0  0.0  0.0  0.0  0.0
  0.0  0.0 25.6  0.0  8.5  0.0222.2111.1 68.4  0.0 68.4  0.0  0.0  0.0  0.0
  0.0  8.5 25.6  0.0  0.0 17.1 25.6  8.5  0.0  0.0  8.5  0.0  8.5  8.5  0.0
  0.0 17.1  0.0  0.0  0.0 42.7 25.6  8.5  8.5  0.0 76.9 68.4  0.0119.7 25.6
  8.5  0.0  0.0  0.0  0.0  0.0  0.0  0.0  0.0  0.0  0.0  0.0  0.0  0.0  0.0
  0.0  0.0  0.0  0.0  0.0  0.0  0.0  0.0  0.0  0.0  0.0  0.0  0.0  0.0  0.0
  0.0  0.0 17.1  0.0  0.0  0.0  0.0  0.0  0.0  0.0  0.0  0.0  8.5  0.0  0.0
  0.0  0.0  0.0  0.0 17.1  0.0 17.1  8.5  0.0  0.0  0.0  0.0  0.0  0.0  0.0
  0.0  0.0  0.0  0.0  0.0  0.0  0.0  8.5  0.0  0.0 34.2 42.7  0.0  0.0  8.5
  0.0  0.0  0.0  0.0  0.0  0.0  8.5 34.2  0.0 17.1  0.0  0.0  0.0  0.0  0.0
     -1.87     -2.69      4.95     -0.50      3.01  0.0  0.0  0.0  0.0  0.0
                                   t000004_s13_p74_el2ap.txt 13.3  5.0   65
  0.0  0.0  0.0107.7  0.0  0.0  0.0 15.4  0.0  0.0 15.4  0.0  0.0  0.0  0.0
 15.4  0.0 30.8  0.0  0.0  0.0184.6 92.3 30.8  0.0 76.9  0.0  0.0  0.0  0.0
  0.0  0.0 61.5  0.0  0.0 92.3 15.4  0.0  0.0  0.0  0.0  0.0 30.8 15.4  0.0
  0.0 15.4  0.0 15.4 15.4 30.8 15.4 15.4  0.0  0.0 46.2 76.9  0.0107.7  0.0
  0.0  0.0  0.0  0.0  0.0  0.0  0.0  0.0  0.0  0.0  0.0  0.0  0.0  0.0  0.0
  0.0  0.0  0.0  0.0  0.0  0.0  0.0  0.0  0.0  0.0  0.0  0.0  0.0  0.0  0.0
  0.0 15.4  0.0  0.0  0.0  0.0  0.0  0.0  0.0  0.0  0.0  0.0  0.0  0.0  0.0
  0.0  0.0  0.0  0.0 15.4  0.0 15.4  0.0  0.0  0.0  0.0  0.0  0.0  0.0  0.0
  0.0  0.0  0.0  0.0  0.0  0.0  0.0  0.0  0.0  0.0 15.4  0.0  0.0 15.4  0.0
  0.0  0.0  0.0  0.0  0.0  0.0  0.0 30.8  0.0  0.0  0.0  0.0 15.4  0.0  0.0
      1.38     -2.31      0.00     -6.61     17.94  0.0  0.0  0.0  0.0  0.0
                                   t000004_s13_p75_el2ap.txt 16.3  4.6   74
 13.5  0.0  0.0108.1  0.0 13.5  0.0  0.0  0.0  0.0  0.0  0.0  0.0  0.0  0.0
  0.0  0.0  0.0  0.0  0.0  0.0297.3121.6 40.5  0.0 67.6 13.5  0.0 13.5  0.0
 13.5  0.0 40.5 13.5  0.0 40.5 13.5  0.0  0.0  0.0  0.0  0.0  0.0  0.0  0.0
  0.0 13.5  0.0  0.0  0.0  0.0 13.5  0.0  0.0 27.0 67.6 67.6  0.0121.6  0.0
  0.0  0.0  0.0  0.0  0.0  0.0  0.0  0.0  0.0  0.0  0.0  0.0  0.0  0.0  0.0
  0.0  0.0  0.0  0.0  0.0  0.0  0.0  0.0  0.0  0.0  0.0  0.0  0.0  0.0  0.0
  0.0  0.0  0.0  0.0  0.0  0.0  0.0  0.0  0.0 13.5 13.5  0.0  0.0  0.0  0.0
  0.0  0.0  0.0  0.0  0.0  0.0 13.5 13.5  0.0  0.0  0.0  0.0  0.0  0.0  0.0
  0.0  0.0  0.0  0.0  0.0  0.0  0.0  0.0 13.5  0.0  0.0 27.0  0.0  0.0 13.5
  0.0  0.0 13.5  0.0  0.0  0.0  0.0  0.0  0.0 13.5  0.0  0.0  0.0 13.5  0.0
    -17.26     -0.13     17.86     -6.61     -3.63  0.0  0.0  0.0  0.0  0.0
                                   t000004_s13_p76_el2ap.txt  8.0  4.9   41
  0.0  0.0  0.0 97.6  0.0  0.0  0.0  0.0  0.0 24.4  0.0  0.0  0.0  0.0  0.0
  0.0  0.0  0.0  0.0  0.0  0.0292.7122.0 48.8  0.0  0.0  0.0  0.0  0.0  0.0
  0.0  0.0 24.4  0.0  0.0 24.4  0.0  0.0  0.0  0.0  0.0  0.0  0.0  0.0  0.0
  0.0  0.0  0.0  0.0  0.0  0.0  0.0  0.0  0.0  0.0 97.6  0.0  0.0 73.2  0.0
  0.0  0.0  0.0  0.0  0.0  0.0  0.0  0.0  0.0  0.0  0.0  0.0  0.0  0.0  0.0
  0.0  0.0  0.0  0.0  0.0  0.0  0.0  0.0  0.0  0.0  0.0  0.0  0.0  0.0  0.0
  0.0  0.0  0.0  0.0  0.0  0.0  0.0  0.0  0.0  0.0  0.0  0.0  0.0  0.0  0.0
  0.0  0.0  0.0  0.0  0.0  0.0  0.0  0.0  0.0  0.0  0.0  0.0  0.0  0.0  0.0
  0.0  0.0  0.0  0.0  0.0  0.0  0.0  0.0  0.0  0.0 48.8 48.8  0.0  0.0  0.0
  0.0  0.0  0.0  0.0  0.0  0.0 24.4  0.0  0.0  0.0  0.0  0.0  0.0  0.0  0.0
    -20.19     -5.73      1.28     -6.61     -3.63  0.0  0.0  0.0  0.0  0.0
                                   t000004_s13_p77_el2ap.txt 16.3  5.2   95
 10.5  0.0  0.0 73.7  0.0  0.0  0.0 10.5  0.0 10.5  0.0  0.0  0.0  0.0  0.0
  0.0  0.0  0.0  0.0  0.0  0.0263.2 94.7105.3 10.5  0.0  0.0  0.0  0.0  0.0
  0.0 10.5 63.2  0.0  0.0 63.2  0.0  0.0  0.0  0.0 10.5  0.0 10.5 21.1  0.0
  0.0 10.5  0.0 21.1  0.0 10.5 21.1 21.1  0.0  0.0136.8  0.0  0.0 94.7  0.0
 10.5  0.0  0.0  0.0  0.0  0.0  0.0  0.0  0.0  0.0  0.0  0.0  0.0  0.0  0.0
  0.0  0.0  0.0  0.0  0.0  0.0  0.0  0.0  0.0  0.0  0.0  0.0  0.0  0.0  0.0
  0.0  0.0  0.0  0.0  0.0  0.0  0.0  0.0  0.0  0.0 10.5  0.0 10.5  0.0  0.0
  0.0  0.0  0.0  0.0  0.0  0.0  0.0 21.1  0.0  0.0  0.0  0.0  0.0  0.0  0.0
  0.0  0.0  0.0  0.0  0.0  0.0  0.0  0.0 21.1  0.0 42.1 10.5 10.5  0.0  0.0
  0.0  0.0  0.0  0.0  0.0  0.0  0.0  0.0  0.0 10.5  0.0  0.0 10.5  0.0  0.0
    -21.35     -5.38      5.67     -1.59      6.14  0.0  0.0  0.0  0.0  0.0
                                   t000004_s13_p78_el2ap.txt 10.8  5.2   54
  0.0  0.0  0.0 92.6  0.0  0.0 18.5  0.0  0.0  0.0  0.0  0.0 18.5  0.0  0.0
  0.0  0.0  0.0 18.5  0.0  0.0259.3111.1 74.1  0.0  0.0 18.5  0.0  0.0 18.5
  0.0  0.0 74.1  0.0  0.0 74.1 18.5  0.0  0.0  0.0  0.0  0.0 18.5 18.5  0.0
  0.0  0.0  0.0  0.0  0.0  0.0 18.5 18.5  0.0 18.5 92.6  0.0  0.0129.6  0.0
  0.0  0.0  0.0  0.0  0.0  0.0  0.0  0.0  0.0  0.0  0.0  0.0  0.0  0.0  0.0
  0.0  0.0  0.0  0.0  0.0  0.0  0.0  0.0  0.0  0.0  0.0  0.0  0.0  0.0  0.0
  0.0  0.0  0.0  0.0  0.0  0.0  0.0  0.0  0.0  0.0  0.0  0.0  0.0  0.0  0.0
  0.0  0.0  0.0  0.0  0.0  0.0  0.0  0.0  0.0  0.0  0.0  0.0  0.0  0.0  0.0
  0.0  0.0  0.0  0.0  0.0  0.0  0.0  0.0 18.5  0.0 37.0  0.0  0.0  0.0  0.0
  0.0  0.0  0.0  0.0  0.0  0.0  0.0 18.5  0.0  0.0  0.0  0.0 37.0  0.0  0.0
     -8.86     -2.17     11.17     -6.61     10.75  0.0  0.0  0.0  0.0  0.0
                                   t000004_s13_p79_el2ap.txt  8.3  4.1   47
  0.0  0.0  0.0 42.6  0.0  0.0  0.0  0.0  0.0  0.0  0.0  0.0  0.0  0.0  0.0
  0.0  0.0  0.0  0.0  0.0  0.0574.5 42.6 42.6  0.0  0.0  0.0  0.0  0.0  0.0
  0.0  0.0 63.8  0.0  0.0  0.0  0.0  0.0  0.0  0.0  0.0  0.0  0.0  0.0  0.0
  0.0  0.0  0.0  0.0  0.0  0.0  0.0  0.0  0.0  0.0 42.6  0.0  0.0 42.6  0.0
  0.0  0.0  0.0  0.0  0.0  0.0  0.0  0.0  0.0  0.0  0.0  0.0  0.0  0.0  0.0
  0.0  0.0  0.0  0.0  0.0  0.0  0.0  0.0  0.0  0.0  0.0  0.0  0.0  0.0  0.0
  0.0  0.0  0.0  0.0  0.0  0.0  0.0  0.0  0.0  0.0  0.0  0.0  0.0  0.0  0.0
  0.0  0.0  0.0  0.0  0.0  0.0  0.0  0.0  0.0  0.0  0.0  0.0  0.0  0.0  0.0
  0.0  0.0  0.0  0.0  0.0  0.0  0.0  0.0  0.0  0.0 42.6 63.8 21.3  0.0 21.3
  0.0  0.0  0.0  0.0  0.0 21.3  0.0  0.0 21.3  0.0  0.0  0.0 21.3  0.0  0.0
    -27.93     -5.73      5.41     -6.61     -3.63  0.0  0.0  0.0  0.0  0.0
                                    t000004_s13_p8_el2ap.txt 11.0  4.6   51
 19.6  0.0  0.0117.6  0.0  0.0 19.6  0.0  0.0 19.6  0.0  0.0  0.0  0.0  0.0
 19.6  0.0 39.2 19.6  0.0  0.0254.9137.3 58.8  0.0 19.6 19.6  0.0  0.0  0.0
 19.6  0.0 58.8  0.0 19.6 39.2  0.0  0.0  0.0  0.0  0.0  0.0 19.6 19.6  0.0
  0.0  0.0  0.0  0.0  0.0 39.2 19.6 19.6  0.0 19.6 58.8 19.6  0.0117.6  0.0
  0.0  0.0  0.0  0.0  0.0  0.0  0.0  0.0  0.0  0.0  0.0  0.0  0.0  0.0  0.0
  0.0  0.0  0.0  0.0  0.0  0.0  0.0  0.0  0.0  0.0  0.0  0.0  0.0  0.0  0.0
  0.0  0.0  0.0  0.0  0.0  0.0  0.0  0.0  0.0  0.0  0.0  0.0 19.6  0.0  0.0
  0.0  0.0  0.0  0.0  0.0  0.0  0.0 19.6  0.0  0.0  0.0  0.0  0.0  0.0  0.0
  0.0  0.0  0.0  0.0  0.0  0.0  0.0 19.6 19.6 19.6 19.6 19.6  0.0  0.0  0.0
 19.6  0.0  0.0  0.0  0.0 19.6  0.0 19.6  0.0  0.0  0.0  0.0 58.8  0.0  0.0
      9.01     -1.09     14.89     -6.61     11.60  0.0  0.0  0.0  0.0  0.0
                                   t000004_s13_p80_el2ap.txt  3.0  6.3   12
  0.0  0.0  0.0  0.0  0.0  0.0  0.0  0.0  0.0  0.0  0.0  0.0  0.0  0.0  0.0
  0.0  0.0  0.0  0.0  0.0  0.0750.0 83.3  0.0  0.0  0.0  0.0  0.0  0.0  0.0
  0.0  0.0 83.3  0.0  0.0  0.0  0.0  0.0  0.0  0.0  0.0  0.0  0.0  0.0  0.0
  0.0  0.0  0.0  0.0  0.0  0.0  0.0  0.0  0.0  0.0 83.3  0.0  0.0  0.0  0.0
  0.0  0.0  0.0  0.0  0.0  0.0  0.0  0.0  0.0  0.0  0.0  0.0  0.0  0.0  0.0
  0.0  0.0  0.0  0.0  0.0  0.0  0.0  0.0  0.0  0.0  0.0  0.0  0.0  0.0  0.0
  0.0  0.0  0.0  0.0  0.0  0.0  0.0  0.0  0.0  0.0  0.0  0.0  0.0  0.0  0.0
  0.0  0.0  0.0  0.0  0.0  0.0  0.0  0.0  0.0  0.0  0.0  0.0  0.0  0.0  0.0
  0.0  0.0  0.0  0.0  0.0  0.0  0.0  0.0  0.0  0.0  0.0  0.0  0.0  0.0  0.0
  0.0  0.0  0.0  0.0  0.0  0.0  0.0  0.0  0.0  0.0  0.0  0.0  0.0  0.0  0.0
    -38.69     -5.73      6.76     -6.61     -3.63  0.0  0.0  0.0  0.0  0.0
                                   t000004_s13_p81_el2ap.txt  4.0  5.8   20
  0.0  0.0  0.0 50.0  0.0  0.0  0.0  0.0  0.0  0.0  0.0  0.0  0.0  0.0  0.0
  0.0  0.0  0.0  0.0  0.0  0.0500.0 50.0 50.0  0.0  0.0  0.0  0.0  0.0  0.0
  0.0  0.0100.0  0.0  0.0  0.0  0.0  0.0  0.0  0.0  0.0  0.0  0.0 50.0  0.0
  0.0  0.0  0.0  0.0  0.0  0.0  0.0 50.0  0.0  0.0150.0  0.0  0.0 50.0  0.0
  0.0  0.0  0.0  0.0  0.0  0.0  0.0  0.0  0.0  0.0  0.0  0.0  0.0  0.0  0.0
  0.0  0.0  0.0  0.0  0.0  0.0  0.0  0.0  0.0  0.0  0.0  0.0  0.0  0.0  0.0
  0.0  0.0  0.0  0.0  0.0  0.0  0.0  0.0  0.0  0.0  0.0  0.0  0.0  0.0  0.0
  0.0  0.0  0.0  0.0  0.0  0.0  0.0  0.0  0.0  0.0  0.0  0.0  0.0  0.0  0.0
  0.0  0.0  0.0  0.0  0.0  0.0  0.0  0.0 50.0  0.0  0.0  0.0  0.0  0.0  0.0
  0.0  0.0  0.0  0.0  0.0  0.0  0.0 50.0  0.0  0.0  0.0  0.0  0.0  0.0  0.0
    -30.56     -5.73      7.92     -6.61      3.95  0.0  0.0  0.0  0.0  0.0
                                   t000004_s13_p82_el2ap.txt  3.5  5.9   17
 58.8  0.0  0.0 58.8  0.0  0.0  0.0  0.0  0.0  0.0  0.0  0.0  0.0  0.0  0.0
  0.0  0.0  0.0  0.0  0.0  0.0411.8117.6  0.0  0.0  0.0  0.0  0.0  0.0  0.0
  0.0  0.0  0.0  0.0  0.0  0.0  0.0  0.0  0.0  0.0  0.0  0.0  0.0  0.0  0.0
  0.0  0.0  0.0  0.0  0.0  0.0  0.0  0.0  0.0  0.0  0.0  0.0  0.0 58.8  0.0
  0.0  0.0  0.0  0.0  0.0  0.0  0.0  0.0  0.0  0.0  0.0  0.0  0.0  0.0  0.0
  0.0  0.0  0.0  0.0  0.0  0.0  0.0  0.0  0.0  0.0  0.0  0.0  0.0  0.0  0.0
  0.0  0.0  0.0  0.0  0.0  0.0  0.0  0.0  0.0  0.0  0.0  0.0  0.0  0.0  0.0
  0.0  0.0  0.0  0.0  0.0  0.0  0.0  0.0  0.0  0.0  0.0  0.0  0.0  0.0  0.0
  0.0  0.0  0.0  0.0  0.0  0.0  0.0  0.0  0.0  0.0 58.8  0.0  0.0  0.0  0.0
  0.0  0.0  0.0  0.0  0.0  0.0  0.0  0.0  0.0 58.8  0.0  0.0 58.8  0.0  0.0
    -22.25     -5.73      0.97     -6.61     -3.63  0.0  0.0  0.0  0.0  0.0
                                   t000004_s13_p83_el2ap.txt  3.0  5.8   12
  0.0  0.0  0.0 83.3  0.0  0.0  0.0  0.0  0.0  0.0  0.0  0.0  0.0  0.0  0.0
  0.0  0.0  0.0  0.0  0.0  0.0250.0166.7 83.3 83.3  0.0  0.0  0.0  0.0  0.0
  0.0  0.0  0.0  0.0  0.0 83.3  0.0  0.0  0.0  0.0  0.0  0.0  0.0 83.3  0.0
  0.0  0.0  0.0  0.0  0.0  0.0  0.0 83.3  0.0  0.0 83.3  0.0  0.0166.7  0.0
 83.3  0.0  0.0  0.0  0.0  0.0  0.0  0.0  0.0  0.0  0.0  0.0  0.0  0.0  0.0
  0.0  0.0  0.0  0.0  0.0  0.0  0.0  0.0  0.0  0.0  0.0  0.0  0.0  0.0  0.0
  0.0  0.0  0.0  0.0  0.0  0.0  0.0  0.0  0.0  0.0  0.0  0.0  0.0  0.0  0.0
  0.0  0.0  0.0  0.0  0.0  0.0  0.0  0.0  0.0  0.0  0.0  0.0  0.0  0.0  0.0
  0.0  0.0  0.0  0.0  0.0  0.0  0.0  0.0  0.0  0.0  0.0  0.0  0.0  0.0  0.0
  0.0  0.0  0.0  0.0  0.0  0.0  0.0  0.0  0.0  0.0  0.0  0.0 83.3  0.0  0.0
    -28.89     -2.99     -3.76     -6.61      9.00  0.0  0.0  0.0  0.0  0.0
                                   t000004_s13_p85_el2ap.txt 10.3  4.8   48
  0.0  0.0  0.0104.2  0.0  0.0  0.0 20.8  0.0  0.0  0.0  0.0  0.0  0.0  0.0
  0.0  0.0 20.8 20.8  0.0  0.0312.5104.2  0.0 20.8 20.8  0.0  0.0  0.0 20.8
  0.0 20.8 41.7  0.0  0.0 62.5  0.0  0.0  0.0  0.0  0.0  0.0 20.8 20.8  0.0
  0.0  0.0  0.0 20.8 20.8 20.8 41.7 20.8  0.0 20.8 41.7 20.8  0.0125.0  0.0
  0.0  0.0  0.0  0.0  0.0  0.0  0.0  0.0  0.0  0.0  0.0  0.0  0.0  0.0  0.0
  0.0  0.0  0.0  0.0  0.0  0.0  0.0  0.0  0.0  0.0  0.0  0.0  0.0  0.0  0.0
  0.0  0.0  0.0  0.0  0.0  0.0  0.0  0.0  0.0  0.0 20.8  0.0  0.0  0.0  0.0
  0.0  0.0  0.0  0.0  0.0  0.0  0.0 20.8  0.0  0.0  0.0  0.0  0.0  0.0  0.0
  0.0  0.0  0.0  0.0  0.0  0.0  0.0  0.0  0.0  0.0 41.7  0.0  0.0 20.8  0.0
  0.0  0.0  0.0  0.0  0.0  0.0  0.0 41.7  0.0  0.0  0.0  0.0  0.0  0.0  0.0
     -5.34     -4.12     18.45     -6.61     12.55  0.0  0.0  0.0  0.0  0.0
                                   t000004_s13_p86_el2ap.txt 18.8  4.7  113
  0.0  0.0  0.0 97.3  0.0  0.0  0.0  8.8  8.8  8.8  0.0  0.0  0.0  0.0  0.0
  8.8  0.0  0.0  0.0  0.0  0.0256.6141.6 44.2  0.0 35.4  8.8  8.8 17.7  0.0
  0.0  8.8 53.1  0.0  8.8 35.4 26.5  0.0  0.0  0.0  0.0  8.8  8.8 17.7  0.0
  0.0  8.8  8.8  0.0  8.8  0.0 17.7 17.7  0.0 17.7 61.9 44.2  0.0123.9  0.0
  0.0  0.0  0.0  0.0  0.0  0.0  0.0  0.0  0.0  0.0  0.0  0.0  0.0  0.0  0.0
  0.0  0.0  0.0  0.0  8.8  8.8  0.0  0.0  0.0  0.0  0.0  0.0  0.0  0.0  0.0
  0.0 17.7  8.8  0.0  0.0  0.0  0.0  0.0  0.0  0.0  8.8  0.0  0.0  0.0  0.0
 17.7  0.0  0.0 17.7 26.5  0.0 26.5  8.8  0.0  0.0  0.0  0.0  0.0  0.0  0.0
  0.0  0.0  0.0  8.8  0.0  0.0  0.0  0.0  8.8  0.0 26.5  0.0  0.0  0.0 17.7
  0.0  8.8  0.0  0.0  8.8  0.0  0.0  0.0 17.7 35.4  8.8  0.0 26.5  0.0  0.0
    -15.76     -0.81     13.74     -3.07      4.59  0.0  0.0  0.0  0.0  0.0
                                   t000004_s13_p87_el2ap.txt 11.0  5.2   55
  0.0  0.0  0.0 36.4  0.0  0.0  0.0  0.0 18.2  0.0  0.0  0.0  0.0  0.0  0.0
  0.0  0.0  0.0 18.2  0.0  0.0381.8163.6 72.7 54.5  0.0 18.2  0.0  0.0  0.0
  0.0  0.0127.3  0.0  0.0 72.7  0.0  0.0  0.0  0.0  0.0  0.0 18.2  0.0  0.0
  0.0  0.0  0.0  0.0  0.0  0.0 18.2  0.0  0.0  0.0 90.9 18.2  0.0 90.9 18.2
  0.0  0.0  0.0  0.0  0.0  0.0  0.0  0.0  0.0  0.0  0.0  0.0  0.0  0.0  0.0
  0.0  0.0  0.0  0.0  0.0  0.0  0.0  0.0  0.0  0.0  0.0  0.0  0.0  0.0  0.0
  0.0  0.0  0.0  0.0  0.0  0.0  0.0  0.0  0.0  0.0  0.0  0.0  0.0  0.0  0.0
  0.0  0.0  0.0  0.0  0.0  0.0  0.0  0.0  0.0  0.0  0.0  0.0  0.0  0.0  0.0
  0.0  0.0  0.0  0.0  0.0  0.0  0.0  0.0 54.5  0.0 54.5  0.0  0.0  0.0  0.0
  0.0  0.0  0.0  0.0  0.0 18.2  0.0 36.4  0.0 18.2  0.0  0.0  0.0  0.0  0.0
    -27.12     -0.44      5.68     -6.61      7.74  0.0  0.0  0.0  0.0  0.0
                                   t000004_s13_p88_el2ap.txt 18.8  5.1  110
  0.0  0.0  0.0 72.7  0.0  0.0  0.0  0.0  9.1  0.0  0.0  0.0  0.0  0.0  0.0
  0.0  0.0 18.2  9.1  0.0  0.0263.6163.6 45.5 18.2 36.4 18.2  0.0  0.0  0.0
  0.0  0.0 63.6  0.0  9.1 45.5  9.1  0.0  0.0  0.0  0.0  9.1  0.0 18.2  9.1
  0.0  0.0  0.0  9.1  9.1 18.2  9.1 27.3  0.0  0.0 54.5 45.5  0.0109.1 18.2
  0.0  0.0  0.0  0.0  0.0  0.0  0.0  0.0  0.0  0.0  0.0  0.0  0.0  0.0  0.0
  0.0  0.0  0.0  0.0  0.0  0.0  0.0  0.0  0.0  9.1  0.0  0.0  0.0  0.0  0.0
  0.0  0.0  0.0  0.0  9.1  0.0  0.0  0.0  0.0  0.0  0.0  0.0  0.0  0.0  0.0
  0.0  9.1  0.0  9.1  0.0  9.1  9.1  0.0  0.0  0.0  0.0  0.0  0.0  0.0  0.0
  0.0  0.0  0.0  0.0  0.0  0.0  0.0  0.0  9.1  0.0 36.4  9.1  0.0  9.1 18.2
  0.0  0.0  0.0  0.0  0.0  0.0  0.0 54.5  9.1 18.2  0.0  0.0  0.0  0.0  0.0
    -18.16     -0.02      0.14     -2.97      6.12 18.2  0.0  0.0  0.0  0.0
                                   t000004_s13_p89_el2ap.txt 18.8  4.7  107
 18.7  0.0  0.0 84.1  0.0  0.0  0.0  0.0  0.0  0.0  0.0  0.0  0.0  0.0  0.0
  0.0  0.0  0.0  0.0  0.0  0.0317.8130.8 37.4  9.3 18.7  0.0  0.0  0.0  0.0
  0.0  0.0 56.1  0.0  0.0  9.3 18.7  0.0  0.0  0.0  0.0  9.3  0.0 18.7  0.0
  0.0  0.0  0.0  0.0  0.0  0.0  0.0 18.7  0.0  0.0 56.1 18.7  0.0121.5  0.0
  0.0  0.0  0.0  0.0  0.0  0.0  0.0  0.0  0.0  0.0  0.0  0.0  0.0  0.0  0.0
  0.0  0.0  0.0  0.0  0.0  0.0  9.3  0.0  0.0  0.0  0.0  0.0  0.0  0.0  0.0
  9.3  0.0  0.0  0.0  0.0  0.0  0.0  0.0  0.0  0.0  0.0  0.0  0.0  0.0  0.0
  9.3  0.0  0.0  9.3  9.3  0.0  9.3  0.0  0.0  0.0  0.0  0.0  0.0  0.0  0.0
  0.0  0.0  0.0  0.0  0.0  0.0  0.0  9.3  9.3  0.0 65.4  9.3  0.0  9.3  0.0
  0.0  0.0  0.0  0.0  9.3  0.0  0.0 37.4  0.0  9.3  0.0  0.0  9.3  0.0  0.0
    -22.36     -4.59      4.34     -2.87     -0.79  0.0  0.0  0.0  0.0  0.0
                                    t000004_s13_p9_el2ap.txt 11.5  4.6   73
  0.0  0.0  0.0 95.9  0.0  0.0  0.0  0.0  0.0 13.7  0.0  0.0  0.0  0.0  0.0
  0.0  0.0 13.7 41.1  0.0  0.0287.7137.0  0.0 13.7  0.0  0.0  0.0  0.0  0.0
 13.7  0.0 68.5  0.0  0.0 54.8  0.0  0.0  0.0  0.0  0.0 27.4 13.7 82.2  0.0
  0.0  0.0  0.0  0.0  0.0 13.7 41.1 82.2  0.0 13.7 41.1  0.0  0.0109.6  0.0
  0.0  0.0  0.0  0.0  0.0  0.0  0.0  0.0  0.0  0.0  0.0  0.0  0.0  0.0  0.0
  0.0  0.0  0.0  0.0  0.0  0.0  0.0  0.0  0.0  0.0  0.0  0.0  0.0  0.0  0.0
  0.0  0.0  0.0  0.0  0.0  0.0  0.0  0.0  0.0  0.0  0.0  0.0  0.0  0.0  0.0
  0.0  0.0  0.0  0.0  0.0  0.0  0.0  0.0  0.0  0.0  0.0  0.0  0.0  0.0  0.0
  0.0  0.0  0.0  0.0  0.0  0.0  0.0  0.0  0.0  0.0 13.7 13.7 41.1  0.0 13.7
  0.0  0.0  0.0  0.0  0.0  0.0  0.0 68.5  0.0  0.0  0.0  0.0  0.0  0.0  0.0
     -6.50     -5.28     15.07      4.35     17.39  0.0  0.0  0.0  0.0  0.0
                                   t000004_s13_p90_el2ap.txt 21.3  4.6  125
  8.0  0.0  0.0 80.0  0.0  8.0  0.0  0.0  0.0 24.0  0.0  0.0  0.0  0.0  0.0
  0.0  0.0  0.0  8.0  0.0  0.0248.0 96.0 16.0 16.0 48.0  0.0  0.0  8.0  0.0
  0.0 16.0 24.0  0.0  0.0 32.0 16.0  0.0  0.0  0.0  0.0  0.0  0.0  8.0  8.0
  0.0  8.0  0.0  8.0  0.0  0.0 32.0 16.0  0.0  8.0 40.0 48.0  0.0120.0 16.0
  0.0  0.0  0.0  0.0  0.0  0.0  0.0  0.0  0.0  0.0  0.0  0.0  0.0  0.0  0.0
  0.0  0.0  0.0  0.0  0.0  0.0  0.0  0.0  0.0  0.0  0.0  0.0  0.0  0.0  0.0
  0.0  8.0  0.0  0.0  0.0  0.0  0.0  0.0  0.0  0.0  0.0  0.0  0.0  0.0  0.0
  0.0  0.0  0.0  0.0  8.0  0.0  8.0  0.0  0.0  0.0  0.0  0.0  0.0  0.0  0.0
  0.0  0.0  0.0  0.0  0.0  0.0  0.0  8.0  0.0  0.0  0.0 16.0  0.0  0.0  8.0
  0.0  0.0  8.0  0.0  0.0  0.0  0.0 48.0 16.0  8.0  0.0  0.0  0.0  8.0  0.0
    -11.34     -3.07     11.45     -6.61      3.74  0.0  0.0  0.0  0.0  0.0
                                   t000004_s13_p91_el2ap.txt 10.0  5.4   48
  0.0  0.0  0.0 62.5  0.0  0.0  0.0  0.0  0.0  0.0  0.0  0.0  0.0  0.0  0.0
  0.0  0.0 20.8 20.8  0.0  0.0312.5208.3 20.8  0.0 20.8  0.0  0.0  0.0  0.0
  0.0  0.0104.2  0.0  0.0 20.8  0.0  0.0  0.0  0.0  0.0  0.0  0.0 20.8  0.0
  0.0  0.0  0.0 20.8  0.0 20.8 20.8 20.8  0.0  0.0 20.8 20.8  0.0 62.5  0.0
  0.0  0.0  0.0  0.0  0.0  0.0  0.0  0.0  0.0  0.0  0.0  0.0  0.0  0.0  0.0
  0.0  0.0  0.0  0.0  0.0  0.0  0.0  0.0  0.0  0.0  0.0  0.0  0.0  0.0  0.0
  0.0  0.0  0.0  0.0  0.0  0.0  0.0  0.0  0.0  0.0  0.0  0.0  0.0  0.0  0.0
  0.0  0.0  0.0  0.0  0.0  0.0  0.0  0.0  0.0  0.0  0.0  0.0  0.0  0.0  0.0
  0.0  0.0  0.0  0.0  0.0  0.0  0.0 20.8  0.0  0.0 83.3  0.0  0.0  0.0  0.0
  0.0  0.0  0.0  0.0  0.0  0.0  0.0  0.0  0.0 41.7  0.0  0.0  0.0  0.0  0.0
    -18.24     -4.80      7.02     -6.61     -0.47 20.8  0.0  0.0  0.0  0.0
                                   t000004_s13_p92_el2ap.txt 13.3  3.7   79
 38.0  0.0  0.0 88.6 50.6  0.0  0.0  0.0 50.6 50.6  0.0  0.0  0.0  0.0 12.7
  0.0  0.0  0.0  0.0 25.3 12.7215.2 88.6  0.0  0.0  0.0  0.0  0.0  0.0  0.0
 12.7  0.0 25.3  0.0  0.0 50.6 25.3  0.0  0.0  0.0  0.0  0.0  0.0  0.0  0.0
  0.0 12.7  0.0  0.0  0.0  0.0 12.7  0.0 25.3 12.7  0.0101.3 12.7126.6 12.7
  0.0  0.0  0.0  0.0  0.0  0.0  0.0  0.0  0.0  0.0  0.0  0.0  0.0  0.0  0.0
  0.0  0.0  0.0  0.0  0.0  0.0  0.0  0.0  0.0  0.0  0.0  0.0  0.0  0.0  0.0
  0.0 12.7  0.0  0.0  0.0  0.0  0.0  0.0  0.0  0.0  0.0  0.0  0.0 12.7  0.0
  0.0  0.0  0.0  0.0 12.7  0.0 12.7 12.7  0.0  0.0  0.0  0.0  0.0  0.0  0.0
  0.0  0.0  0.0  0.0  0.0  0.0  0.0  0.0 12.7  0.0 50.6  0.0 12.7  0.0  0.0
  0.0  0.0  0.0  0.0  0.0  0.0  0.0 25.3  0.0 63.3  0.0  0.0 12.7  0.0  0.0
     41.13     -5.73     11.36     -6.61     -3.63  0.0  0.0  0.0  0.0  0.0
                                   t000004_s13_p93_el2ap.txt 19.8  4.6  131
 15.3  0.0  0.0 76.3  0.0  0.0  0.0  0.0  0.0  0.0  0.0  0.0  0.0  7.6  0.0
  0.0  0.0 15.3  7.6  0.0  7.6244.3167.9 15.3  0.0 22.9  0.0  0.0  0.0  7.6
  0.0  7.6 30.5  0.0  7.6 22.9 30.5  0.0  0.0  0.0  0.0  7.6  7.6  7.6  0.0
  7.6  0.0  7.6  7.6  0.0 15.3 15.3 15.3  0.0  7.6 38.2 22.9  0.0145.0 15.3
  0.0  0.0  0.0  0.0  0.0  0.0  0.0  0.0  0.0  0.0  0.0  0.0  0.0  0.0  0.0
  0.0  0.0  0.0  0.0  0.0  0.0  7.6  0.0  0.0  0.0  0.0  0.0  0.0  0.0  0.0
  0.0 15.3  0.0  0.0  0.0  0.0  0.0  0.0  0.0  0.0  0.0  0.0  0.0  0.0  0.0
  7.6  0.0  0.0  7.6 15.3  0.0 15.3  0.0  0.0  0.0  0.0  0.0  0.0  0.0  0.0
  0.0  0.0  0.0  0.0  0.0  0.0  0.0 22.9 22.9  0.0 30.5 45.8  0.0  7.6  0.0
  0.0  0.0  0.0  0.0  0.0  0.0  0.0 38.2  7.6 30.5  0.0  0.0 22.9  0.0  0.0
     -8.19     -4.71      6.19     -3.55      4.76  7.6  0.0  7.6  0.0  0.0
                                   t000004_s13_p94_el2ap.txt 14.8  4.7   81
 24.7  0.0  0.0 74.1  0.0  0.0 12.3  0.0  0.0  0.0  0.0  0.0  0.0  0.0  0.0
  0.0  0.0 24.7  0.0  0.0  0.0209.9111.1  0.0  0.0 49.4 12.3 12.3  0.0  0.0
  0.0 12.3 37.0  0.0  0.0 74.1 24.7  0.0  0.0  0.0  0.0 12.3 24.7 12.3  0.0
  0.0  0.0  0.0  0.0  0.0 24.7 12.3 12.3  0.0  0.0  0.0 49.4  0.0148.1 24.7
  0.0  0.0  0.0  0.0  0.0  0.0  0.0  0.0  0.0  0.0  0.0  0.0  0.0  0.0  0.0
  0.0  0.0  0.0  0.0  0.0 12.3  0.0  0.0  0.0  0.0  0.0  0.0  0.0  0.0  0.0
  0.0 12.3 12.3  0.0  0.0  0.0  0.0  0.0  0.0  0.0  0.0  0.0  0.0  0.0  0.0
 12.3  0.0  0.0 12.3 24.7  0.0 24.7  0.0  0.0  0.0  0.0  0.0  0.0  0.0  0.0
  0.0  0.0  0.0  0.0  0.0  0.0  0.0  0.0  0.0 12.3  0.0 12.3  0.0 12.3  0.0
  0.0  0.0  0.0  0.0  0.0  0.0  0.0 49.4 12.3 37.0  0.0  0.0  0.0  0.0  0.0
     -6.56      1.13      3.91     -1.67     13.68  0.0  0.0  0.0  0.0  0.0
                                   t000004_s13_p95_el2ap.txt 14.5  5.1   72
  0.0  0.0  0.0 83.3  0.0  0.0 13.9  0.0  0.0  0.0  0.0  0.0  0.0  0.0  0.0
 13.9  0.0 27.8 13.9  0.0  0.0319.4 83.3 69.4  0.0  0.0  0.0  0.0  0.0  0.0
  0.0 13.9 83.3  0.0  0.0 55.6 13.9  0.0  0.0  0.0  0.0  0.0 13.9 13.9  0.0
  0.0  0.0  0.0  0.0  0.0 27.8 27.8 13.9  0.0  0.0 83.3  0.0  0.0111.1  0.0
  0.0  0.0  0.0  0.0  0.0  0.0  0.0  0.0  0.0  0.0  0.0  0.0  0.0  0.0  0.0
  0.0  0.0  0.0  0.0  0.0  0.0  0.0  0.0  0.0  0.0  0.0  0.0  0.0  0.0  0.0
  0.0  0.0  0.0  0.0  0.0  0.0  0.0  0.0  0.0 13.9  0.0  0.0  0.0  0.0  0.0
  0.0  0.0  0.0  0.0  0.0  0.0 13.9  0.0  0.0  0.0  0.0  0.0  0.0  0.0  0.0
  0.0  0.0  0.0  0.0  0.0  0.0  0.0  0.0 27.8 27.8  0.0 13.9  0.0  0.0  0.0
  0.0 13.9  0.0  0.0  0.0  0.0  0.0  0.0  0.0  0.0  0.0  0.0  0.0  0.0  0.0
     -5.85     -5.73      8.75     -6.61      7.16  0.0  0.0  0.0  0.0  0.0
                                   t000004_s13_p96_el2ap.txt 16.8  4.6   94
  0.0  0.0  0.0 85.1  0.0  0.0  0.0  0.0  0.0  0.0 10.6  0.0  0.0  0.0  0.0
  0.0  0.0 21.3  0.0  0.0  0.0287.2159.6 63.8 21.3  0.0 10.6  0.0  0.0  0.0
  0.0  0.0 63.8  0.0 21.3 10.6  0.0 10.6  0.0  0.0  0.0  0.0  0.0 21.3 10.6
  0.0 10.6  0.0 10.6 10.6 31.9 10.6 31.9  0.0  0.0 74.5  0.0  0.0117.0  0.0
  0.0  0.0  0.0  0.0  0.0  0.0  0.0  0.0  0.0  0.0  0.0  0.0  0.0  0.0  0.0
  0.0  0.0  0.0  0.0  0.0  0.0  0.0  0.0  0.0  0.0  0.0  0.0  0.0  0.0  0.0
  0.0  0.0  0.0  0.0  0.0  0.0  0.0  0.0  0.0  0.0  0.0  0.0  0.0  0.0  0.0
  0.0  0.0  0.0  0.0  0.0  0.0  0.0  0.0  0.0  0.0  0.0  0.0  0.0  0.0  0.0
  0.0  0.0  0.0 10.6  0.0  0.0  0.0 10.6  0.0  0.0 42.6 42.6  0.0  0.0 10.6
  0.0  0.0  0.0  0.0  0.0 21.3 10.6 21.3 21.3 10.6  0.0  0.0  0.0  0.0  0.0
    -18.30     -2.98     -1.46     -4.07      7.78  0.0  0.0  0.0  0.0  0.0
                                     t000004_s4_p1_el2ap.txt 32.0  5.3  269
  3.7  0.0  0.0 89.2  0.0  0.0  3.7  0.0  3.7  3.7  0.0  0.0  0.0  3.7  0.0
  0.0  0.0 14.9  0.0  0.0  0.0308.6119.0 55.8  3.7 11.2  3.7  3.7  0.0  3.7
  0.0  3.7100.4  0.0  7.4 37.2 11.2  7.4  0.0  3.7  0.0 11.2  3.7 11.2  3.7
  3.7 11.2  7.4  0.0  7.4 22.3 18.6 18.6  0.0  3.7 89.2 14.9  3.7111.5  3.7
  7.4  0.0  0.0  0.0  0.0  0.0  0.0  0.0  0.0  0.0  0.0  0.0  0.0  0.0  0.0
  0.0  0.0  0.0  3.7  3.7  0.0  3.7  0.0  0.0  0.0  0.0  0.0  0.0  0.0  0.0
  3.7  7.4  0.0  0.0  0.0  3.7  0.0  0.0  0.0  0.0  3.7  0.0  0.0  0.0  0.0
 11.2  0.0  0.0 11.2 11.2  3.7 14.9  3.7  0.0  0.0  0.0  0.0  0.0  0.0  0.0
  0.0  0.0  0.0  0.0  0.0  0.0  0.0  0.0  7.4 14.9 29.7  3.7  3.7  7.4  3.7
  0.0  0.0  3.7  0.0  3.7  0.0  3.7 18.6  7.4 22.3  0.0  0.0 11.2  0.0  0.0
    -17.88     -3.71      6.88      1.32      4.45  0.0  0.0  3.7  0.0  0.0
                                     t000004_s4_p2_el2ap.txt 27.0  5.6  175
 17.1  0.0  0.0 57.1  0.0  0.0  0.0  0.0  5.7  0.0  5.7  0.0  0.0  0.0  0.0
  0.0  0.0  5.7 11.4  0.0  0.0302.9131.4108.6  5.7  5.7 11.4  5.7  0.0  5.7
  0.0  0.0114.3  5.7  5.7 34.3  0.0  0.0  5.7  0.0  0.0  0.0  0.0  5.7  0.0
  0.0  5.7  5.7  5.7  0.0  5.7 17.1  5.7  0.0  5.7120.0 11.4  0.0 91.4  5.7
  0.0  0.0  0.0  0.0  0.0  0.0  0.0  0.0  0.0  0.0  0.0  0.0  0.0  0.0  0.0
  0.0  0.0  0.0  5.7  0.0  0.0  0.0  0.0  0.0  0.0  0.0  0.0  0.0  0.0  0.0
  0.0  5.7  0.0  0.0  0.0  0.0  0.0  0.0  0.0  0.0  0.0  0.0  0.0  0.0  0.0
  5.7  0.0  0.0  5.7  5.7  0.0  5.7  0.0  0.0  0.0  0.0  0.0  0.0  0.0  0.0
  0.0  0.0  0.0  0.0  0.0  0.0  0.0 11.4 17.1 28.6 62.9 11.4  0.0  0.0  0.0
  0.0  0.0  0.0  0.0  0.0  0.0  0.0 22.9 11.4 28.6 11.4  0.0  0.0  0.0  0.0
    -24.13     -2.03      6.51     -4.76     -2.76  5.7  5.7  5.7  0.0  0.0
                                     t000004_s4_p3_el2ap.txt 24.3  5.5  147
 13.6  0.0  0.0 47.6  6.8  0.0  0.0  6.8 13.6  0.0  0.0  0.0  0.0  0.0  0.0
  0.0  0.0  0.0  6.8  0.0  0.0312.9108.8 74.8  0.0  0.0  0.0  6.8  0.0 13.6
  6.8  6.8108.8  0.0  0.0 40.8 20.4  6.8  6.8  0.0  0.0  0.0  6.8  0.0  6.8
  6.8  0.0  0.0 13.6  6.8  6.8 13.6 13.6  0.0 20.4108.8 20.4  0.0 95.2  6.8
  0.0  0.0  0.0  0.0  0.0  0.0  0.0  0.0  0.0  0.0  0.0  0.0  0.0  0.0  0.0
  0.0  0.0  0.0  6.8  0.0  0.0  0.0  0.0  0.0  0.0  0.0  0.0  0.0  0.0  6.8
  0.0  0.0  0.0  0.0  0.0  0.0  0.0  0.0  0.0  0.0  0.0  0.0  0.0  0.0  0.0
  6.8  0.0  0.0  6.8  6.8  0.0  6.8  0.0  0.0  0.0  0.0  0.0  0.0  0.0  0.0
  0.0  0.0  0.0  0.0  0.0  0.0  0.0  0.0 13.6 20.4 61.2  6.8 13.6  0.0  0.0
  0.0  0.0  0.0  0.0  0.0  0.0  0.0 13.6 13.6 34.0  0.0  0.0  0.0  0.0  0.0
    -22.89     -4.47     21.72     -2.79      8.05  6.8  0.0  0.0  0.0  0.0
                                     t000004_s4_p4_el2ap.txt 31.5  5.2  189
  5.3  0.0  0.0 52.9  0.0  5.3  0.0  0.0  0.0 21.2  0.0  0.0  0.0  0.0  0.0
  0.0  0.0  0.0  5.3  0.0  0.0386.2142.9 63.5  5.3  0.0  5.3  0.0  0.0  5.3
  0.0  0.0 95.2  0.0  5.3 37.0  0.0  0.0  0.0  0.0  0.0 10.6  0.0 15.9  0.0
  0.0  0.0  5.3  0.0 10.6  0.0  5.3 15.9  0.0  5.3 79.4  0.0  0.0 79.4 10.6
  0.0  0.0  0.0  0.0  0.0  0.0  0.0  0.0  0.0  0.0  0.0  0.0  0.0  0.0  0.0
  0.0  0.0  0.0  0.0  0.0  0.0  0.0  0.0  0.0  0.0  0.0  0.0  0.0  0.0  0.0
  0.0  0.0  0.0  0.0  0.0  0.0  0.0  0.0  0.0  0.0  0.0  0.0  0.0  0.0  0.0
  0.0  0.0  0.0  0.0  0.0  0.0  0.0  0.0  0.0  0.0  0.0  0.0  0.0  0.0  0.0
  0.0  0.0  0.0  0.0  0.0  0.0  0.0  5.3 15.9  5.3 47.6 15.9  5.3  5.3  5.3
  0.0  0.0  0.0  0.0  0.0  5.3  0.0 15.9  5.3  5.3  0.0  0.0  0.0  0.0  0.0
    -23.93     -4.54      6.57     -2.37     -1.22  5.3  5.3  0.0  0.0  0.0
                                     t000004_s4_p5_el2ap.txt 27.3  5.7  144
  0.0  0.0  0.0 69.4  0.0  0.0  0.0  0.0 34.7  6.9  0.0  0.0  0.0  0.0  0.0
  0.0  0.0  0.0  0.0  0.0  0.0305.6104.2 76.4 13.9  6.9 20.8  6.9  0.0  0.0
  0.0  6.9 90.3  0.0 13.9 55.6  0.0  0.0  0.0  0.0  0.0 13.9  0.0  0.0  0.0
  6.9 13.9  6.9  6.9  6.9  0.0 20.8  6.9  0.0  0.0125.0 41.7  0.0104.2 13.9
 13.9  0.0  0.0  0.0  0.0  0.0  0.0  0.0  0.0  0.0  0.0  0.0  0.0  0.0  0.0
  0.0  0.0  0.0  0.0  0.0  6.9  0.0  0.0  0.0  0.0  0.0  0.0  0.0  0.0  0.0
  0.0  0.0  0.0  0.0  0.0  0.0  0.0  0.0  0.0  0.0  0.0  0.0  0.0  0.0  0.0
  6.9  0.0  0.0  6.9  0.0  0.0  0.0  0.0  0.0  0.0  0.0  0.0  0.0  0.0  0.0
  0.0  6.9  0.0  0.0  0.0  0.0  0.0  6.9 55.6  6.9 20.8 20.8  0.0  0.0  0.0
  0.0  0.0  0.0  0.0  0.0 13.9  0.0 34.7  6.9  6.9  0.0  0.0  0.0  6.9  0.0
    -25.37      0.33      2.57     -1.05     -1.39  0.0  0.0  0.0  0.0  0.0
                                     t000004_s4_p6_el2ap.txt 29.5  5.2  186
 26.9  0.0  0.0 80.6  0.0  0.0 16.1  0.0 21.5 10.8  5.4  5.4  0.0  0.0  0.0
  0.0  0.0 16.1  5.4  0.0  0.0279.6166.7 48.4 16.1  0.0  0.0  0.0  0.0  5.4
  5.4  0.0 69.9  5.4  0.0 37.6  0.0  0.0  0.0  0.0  0.0 10.8  5.4 16.1  5.4
  5.4 10.8  0.0  0.0 10.8 16.1 21.5 26.9  0.0 10.8 64.5 21.5  0.0107.5  5.4
  5.4  0.0  0.0  0.0  0.0  0.0  0.0  0.0  0.0  0.0  0.0  0.0  0.0  0.0  0.0
  0.0  0.0  0.0  0.0  0.0  0.0  0.0  0.0  0.0  0.0  0.0  0.0  0.0  0.0  0.0
  0.0  0.0  0.0  0.0  0.0  5.4  0.0  0.0  0.0  0.0  0.0  0.0  0.0  0.0  0.0
  0.0  0.0  0.0  0.0  0.0  5.4  5.4  0.0  0.0  0.0  0.0  0.0  0.0  0.0  0.0
  0.0  0.0  0.0  0.0  0.0  0.0  0.0  0.0 10.8  0.0 37.6 16.1  0.0  0.0  0.0
  0.0  0.0  0.0  0.0  0.0  5.4  0.0  5.4  5.4 32.3  0.0  0.0  0.0  0.0  0.0
     -8.63     -5.20      9.73     -2.30      8.05  5.4  0.0  0.0  0.0  0.0
                                     t000004_s4_p7_el2ap.txt 31.3  5.3  261
 11.5  7.7  0.0 99.6  7.7  0.0  3.8 11.5 11.5 15.3  3.8  0.0  0.0  7.7  0.0
  3.8  0.0 15.3 11.5  3.8  3.8249.0126.4 42.1 11.5  0.0  7.7  0.0  0.0  0.0
  0.0 11.5 88.1  7.7  3.8 42.1 11.5  0.0  0.0  0.0  0.0  3.8 15.3 26.8  7.7
  0.0  0.0  3.8  0.0  3.8 15.3 23.0 34.5  3.8  0.0 76.6 19.2  0.0137.9  7.7
 19.2  0.0  0.0  0.0  0.0  0.0  0.0  0.0  0.0  0.0  0.0  0.0  0.0  0.0  0.0
  0.0  0.0  0.0  0.0  0.0  7.7 11.5  0.0  0.0  0.0  0.0  0.0  0.0  0.0  0.0
  3.8  0.0  0.0  0.0  0.0  0.0  0.0  0.0  0.0  0.0  0.0  0.0  7.7  0.0  0.0
 19.2  0.0  0.0 19.2  3.8  0.0  3.8  7.7  0.0  0.0  0.0  0.0  0.0  0.0  0.0
  0.0  0.0  0.0  3.8  0.0  0.0  0.0  3.8 23.0  3.8 30.7 11.5  0.0  0.0  0.0
  0.0  0.0  0.0  0.0  0.0  0.0  0.0  0.0  3.8 30.7  0.0  0.0 19.2  3.8  0.0
      4.17     -3.88      5.64     -5.07     15.91  0.0  0.0  0.0  0.0  0.0
                                     t000004_s4_p8_el2ap.txt 26.8  5.5  275
 54.5  7.3  0.0 43.6  0.0  0.0  7.3  3.6 36.4  7.3  7.3  0.0  0.0  0.0  0.0
  0.0  3.6 10.9  0.0  0.0  3.6283.6156.4 29.1 47.3  3.6  0.0  7.3  0.0  0.0
  0.0  7.3101.8  7.3  3.6 40.0 21.8 10.9  7.3  0.0  0.0  3.6 10.9  3.6  0.0
  0.0  0.0 10.9  3.6  3.6 21.8  7.3  3.6  3.6  0.0 69.1 40.0  0.0145.5  0.0
  0.0  0.0  0.0  0.0  0.0  0.0  0.0  0.0  0.0  0.0  0.0  0.0  0.0  0.0  0.0
  0.0  0.0  0.0  7.3  0.0  7.3  0.0  3.6  0.0  0.0  0.0  0.0  0.0  0.0  0.0
  0.0  0.0  3.6  0.0  0.0  3.6  0.0  0.0  0.0  0.0  3.6  0.0  0.0  0.0  0.0
 14.5  3.6  0.0 18.2  3.6  3.6  7.3  3.6  0.0  0.0  0.0  0.0  0.0  0.0  0.0
  0.0  0.0  0.0  0.0  0.0  0.0  0.0  0.0 21.8 10.9 58.2  3.6  3.6  3.6  0.0
  0.0  0.0  0.0  0.0  3.6  3.6  0.0 10.9 10.9 61.8  0.0  0.0 18.2 14.5  0.0
     -3.66     -2.66      5.32     -0.21      3.74  7.3  0.0  0.0  0.0  0.0
                                     t000004_s4_p9_el2ap.txt  8.0  5.1   39
  0.0  0.0  0.0102.6  0.0  0.0  0.0  0.0  0.0  0.0  0.0  0.0  0.0  0.0  0.0
  0.0  0.0 25.6  0.0  0.0  0.0333.3153.8102.6  0.0  0.0  0.0  0.0  0.0  0.0
  0.0  0.0 51.3  0.0  0.0  0.0  0.0  0.0  0.0  0.0  0.0  0.0  0.0 25.6  0.0
  0.0  0.0  0.0  0.0  0.0 25.6  0.0 25.6  0.0  0.0128.2  0.0  0.0102.6  0.0
  0.0  0.0  0.0  0.0  0.0  0.0  0.0  0.0  0.0  0.0  0.0  0.0  0.0  0.0  0.0
  0.0  0.0  0.0  0.0  0.0  0.0  0.0  0.0  0.0  0.0  0.0  0.0  0.0  0.0  0.0
  0.0  0.0  0.0  0.0  0.0  0.0  0.0  0.0  0.0  0.0  0.0  0.0  0.0  0.0  0.0
  0.0  0.0  0.0  0.0  0.0  0.0  0.0  0.0  0.0  0.0  0.0  0.0  0.0  0.0  0.0
  0.0  0.0  0.0  0.0  0.0  0.0  0.0  0.0 51.3  0.0  0.0 51.3 76.9  0.0  0.0
  0.0  0.0  0.0  0.0  0.0  0.0  0.0  0.0  0.0 25.6  0.0  0.0  0.0  0.0  0.0
    -22.04     -5.73      4.53     -6.61      0.26  0.0  0.0  0.0  0.0  0.0
                                     t000004_s7_p1_el2ap.txt 31.0  5.4  208
 14.4  0.0  0.0 52.9  0.0  0.0  4.8  4.8  0.0  4.8  0.0  0.0  0.0  4.8  0.0
  0.0  0.0  0.0  4.8  0.0  0.0278.8125.0 57.7  9.6  0.0 24.0  0.0  0.0  4.8
  0.0  4.8 62.5  4.8  9.6 33.7  9.6  0.0  0.0  0.0  0.0  9.6  0.0  0.0  9.6
  4.8  0.0  0.0  0.0  0.0  0.0  9.6 14.4  0.0  4.8 81.7  0.0  0.0139.4  9.6
  4.8  0.0  0.0  0.0  0.0  0.0  0.0  0.0  0.0  0.0  0.0  0.0  0.0  0.0  0.0
  0.0  0.0  0.0  0.0  0.0  0.0  0.0  0.0  0.0  0.0  0.0  0.0  0.0  0.0  0.0
  0.0  0.0  4.8  0.0  0.0  0.0  0.0  0.0  0.0  4.8  0.0  0.0  4.8  0.0  0.0
  0.0  0.0  0.0  0.0  4.8  0.0  9.6  4.8  0.0  0.0  0.0  0.0  0.0  0.0  0.0
  0.0  0.0  0.0  0.0  0.0  0.0  0.0  9.6  9.6  9.6 62.5  4.8  0.0  0.0 19.2
  0.0  0.0  0.0  0.0  0.0  0.0  0.0 14.4  9.6 43.3  0.0  4.8 14.4  0.0  0.0
    -18.80     -0.79      3.38     -2.76      5.32  0.0  0.0  0.0  0.0  0.0
                                    t000004_s7_p11_el2ap.txt  2.8  5.4   11
181.8  0.0  0.0 90.9  0.0  0.0  0.0  0.0 90.9  0.0  0.0  0.0  0.0  0.0  0.0
  0.0  0.0 90.9  0.0  0.0  0.0181.8  0.0 90.9  0.0  0.0  0.0  0.0  0.0  0.0
  0.0  0.0 90.9  0.0  0.0  0.0  0.0  0.0  0.0  0.0  0.0  0.0  0.0  0.0  0.0
  0.0 90.9  0.0  0.0  0.0 90.9 90.9  0.0  0.0  0.0 90.9 90.9  0.0181.8 90.9
  0.0  0.0  0.0  0.0  0.0  0.0  0.0  0.0  0.0  0.0  0.0  0.0  0.0  0.0  0.0
  0.0  0.0  0.0  0.0  0.0  0.0  0.0  0.0  0.0  0.0  0.0  0.0  0.0  0.0  0.0
  0.0  0.0  0.0  0.0  0.0  0.0  0.0  0.0  0.0  0.0  0.0  0.0  0.0  0.0  0.0
  0.0  0.0  0.0  0.0  0.0  0.0  0.0  0.0  0.0  0.0  0.0  0.0  0.0  0.0  0.0
  0.0  0.0  0.0  0.0  0.0  0.0  0.0  0.0  0.0  0.0  0.0  0.0  0.0  0.0  0.0
  0.0  0.0  0.0  0.0  0.0  0.0  0.0  0.0  0.0181.8  0.0  0.0  0.0  0.0  0.0
     27.52     -5.73      7.29     -6.61     -3.63  0.0  0.0  0.0  0.0  0.0
                                    t000004_s7_p12_el2ap.txt 15.8  4.7   85
  0.0  0.0  0.0 58.8  0.0  0.0  0.0  0.0 11.8 11.8  0.0  0.0  0.0  0.0  0.0
  0.0  0.0  0.0 11.8  0.0  0.0329.4117.6 82.4 35.3117.6 11.8  0.0  0.0  0.0
  0.0  0.0 23.5 11.8  0.0 11.8  0.0  0.0  0.0  0.0  0.0  0.0  0.0 11.8  0.0
  0.0 11.8  0.0 11.8  0.0  0.0 23.5 11.8  0.0  0.0 82.4129.4 11.8105.9  0.0
  0.0  0.0  0.0  0.0  0.0  0.0  0.0  0.0  0.0  0.0  0.0  0.0  0.0  0.0  0.0
  0.0  0.0  0.0  0.0  0.0  0.0  0.0  0.0  0.0  0.0  0.0  0.0  0.0  0.0  0.0
  0.0  0.0  0.0  0.0  0.0  0.0  0.0  0.0  0.0  0.0  0.0  0.0  0.0  0.0  0.0
  0.0  0.0  0.0  0.0  0.0  0.0  0.0  0.0  0.0  0.0  0.0  0.0  0.0  0.0  0.0
  0.0  0.0  0.0  0.0  0.0  0.0  0.0 11.8 11.8  0.0 23.5 23.5  0.0  0.0  0.0
 23.5  0.0  0.0 11.8  0.0  0.0  0.0 11.8 11.8 11.8 11.8  0.0  0.0 11.8  0.0
    -22.45      2.92     -1.42     -6.61     -1.84  0.0  0.0  0.0  0.0  0.0
                                    t000004_s7_p13_el2ap.txt 21.5  4.2  120
 25.0  0.0  0.0 58.3  8.3  0.0 16.7 25.0 66.7  8.3  0.0  0.0  0.0  0.0  0.0
  8.3  8.3  0.0 25.0  8.3  8.3225.0 75.0 16.7 75.0  8.3  0.0  8.3  0.0 16.7
  8.3  0.0 16.7  0.0  8.3 41.7  0.0  0.0 16.7  0.0  0.0  0.0 16.7  0.0  0.0
  0.0  8.3  0.0  8.3  0.0  0.0 33.3  0.0 16.7 25.0 25.0 83.3  0.0158.3 25.0
  0.0  0.0  0.0  0.0  0.0  0.0  0.0  0.0  0.0  0.0  0.0  0.0  0.0  0.0  0.0
  0.0  0.0  0.0  0.0  0.0  0.0  0.0  0.0  0.0  0.0  0.0  0.0  0.0  0.0  0.0
  0.0  0.0  0.0  0.0  0.0  0.0  0.0  0.0  0.0  0.0  0.0  0.0  8.3  0.0  0.0
  0.0  0.0  0.0  0.0  0.0  0.0  0.0  8.3  0.0  0.0  0.0  0.0  0.0  0.0  0.0
  0.0  0.0  0.0  0.0  0.0  0.0  0.0 33.3  0.0  8.3  8.3  8.3  0.0 16.7  8.3
  8.3  8.3  0.0  0.0  0.0  0.0  0.0 25.0 25.0 25.0  8.3  0.0  0.0  0.0  0.0
     32.31     -1.35     13.22     -1.23      6.79  0.0  0.0  0.0  0.0  0.0
                                    t000004_s7_p14_el2ap.txt  9.0  4.8   38
  0.0  0.0  0.0 52.6  0.0  0.0  0.0  0.0  0.0  0.0  0.0  0.0  0.0  0.0  0.0
  0.0  0.0  0.0  0.0  0.0  0.0394.7105.3 26.3  0.0105.3  0.0  0.0  0.0  0.0
  0.0  0.0 26.3 26.3  0.0 26.3  0.0  0.0  0.0  0.0  0.0  0.0  0.0  0.0  0.0
  0.0  0.0  0.0  0.0  0.0  0.0  0.0  0.0  0.0  0.0 26.3105.3  0.0 78.9  0.0
  0.0  0.0  0.0  0.0  0.0  0.0  0.0  0.0  0.0  0.0  0.0  0.0  0.0  0.0  0.0
  0.0  0.0  0.0  0.0  0.0  0.0  0.0  0.0  0.0  0.0  0.0  0.0  0.0  0.0  0.0
  0.0  0.0  0.0  0.0  0.0  0.0  0.0  0.0  0.0  0.0  0.0  0.0  0.0  0.0  0.0
  0.0  0.0  0.0  0.0  0.0  0.0  0.0  0.0  0.0  0.0  0.0  0.0  0.0  0.0  0.0
  0.0  0.0  0.0  0.0  0.0  0.0  0.0  0.0 26.3  0.0 52.6  0.0  0.0  0.0  0.0
  0.0  0.0  0.0  0.0  0.0  0.0  0.0 26.3  0.0  0.0  0.0  0.0  0.0  0.0  0.0
    -25.79     -1.05     -6.21     -6.61     -3.63  0.0  0.0  0.0  0.0  0.0
                                    t000004_s7_p15_el2ap.txt 16.3  3.9   91
 11.0  0.0  0.0 76.9 33.0  0.0  0.0  0.0131.9  0.0  0.0 11.0  0.0 11.0  0.0
  0.0  0.0 11.0 22.0  0.0  0.0274.7 87.9  0.0 33.0  0.0 33.0 11.0  0.0  0.0
  0.0  0.0 22.0  0.0  0.0 11.0 11.0  0.0  0.0  0.0  0.0  0.0  0.0  0.0 22.0
 11.0 11.0  0.0  0.0  0.0 11.0 44.0 33.0  0.0  0.0  0.0164.8 11.0175.8  0.0
  0.0  0.0  0.0  0.0  0.0  0.0  0.0  0.0  0.0  0.0  0.0  0.0  0.0  0.0  0.0
  0.0  0.0  0.0  0.0  0.0  0.0  0.0  0.0  0.0  0.0  0.0  0.0  0.0  0.0  0.0
  0.0  0.0  0.0  0.0  0.0  0.0  0.0  0.0  0.0  0.0  0.0  0.0  0.0  0.0  0.0
  0.0  0.0  0.0  0.0  0.0  0.0  0.0  0.0  0.0  0.0  0.0  0.0  0.0  0.0  0.0
  0.0  0.0  0.0  0.0  0.0  0.0  0.0 11.0  0.0  0.0 11.0 22.0  0.0 11.0  0.0
  0.0  0.0  0.0  0.0  0.0  0.0  0.0 11.0 11.0 11.0  0.0 11.0 11.0  0.0  0.0
     10.85      3.73      1.88     -6.61     16.82  0.0  0.0  0.0  0.0  0.0
                                    t000004_s7_p16_el2ap.txt 20.3  5.3  126
  0.0  0.0  0.0 63.5  0.0  0.0  0.0  7.9  7.9  0.0  0.0  0.0  0.0  7.9  0.0
  7.9  0.0  0.0  0.0  0.0  7.9293.7166.7 63.5  0.0 71.4  0.0  7.9  0.0  0.0
  0.0  7.9 55.6  0.0 15.9 39.7  0.0  0.0  0.0  0.0  0.0  0.0  7.9  0.0  0.0
  0.0  7.9  0.0  0.0  7.9  0.0 15.9  0.0  0.0  0.0111.1 79.4  0.0 79.4  7.9
  0.0  0.0  0.0  0.0  0.0  0.0  0.0  0.0  0.0  0.0  0.0  0.0  0.0  0.0  0.0
  0.0  0.0  0.0  0.0  0.0  0.0  0.0  0.0  0.0  0.0  0.0  0.0  0.0  0.0  0.0
  0.0  0.0  0.0  0.0  0.0  0.0  0.0  0.0  0.0  0.0  0.0  0.0  0.0  0.0  0.0
  0.0  0.0  0.0  0.0  0.0  0.0  0.0  0.0  0.0  0.0  0.0  0.0  0.0  0.0  0.0
  0.0  0.0  0.0  0.0  0.0  0.0  0.0  0.0  7.9 15.9 31.7  7.9  0.0  0.0  7.9
  0.0  0.0  7.9  0.0  7.9  0.0  0.0  7.9  7.9  0.0  0.0  0.0  0.0  7.9  0.0
    -16.04     -1.08      0.85     -6.61      1.33  0.0  0.0  7.9  0.0  0.0
                                    t000004_s7_p17_el2ap.txt 18.0  4.8   97
 10.3  0.0  0.0 61.9  0.0  0.0  0.0  0.0  0.0  0.0  0.0  0.0  0.0 10.3  0.0
 10.3  0.0  0.0  0.0  0.0  0.0226.8123.7 61.9 20.6 92.8  0.0  0.0  0.0 10.3
  0.0 10.3 41.2  0.0  0.0 41.2 10.3 10.3  0.0  0.0  0.0 10.3  0.0  0.0  0.0
  0.0  0.0  0.0  0.0 10.3 10.3 10.3  0.0  0.0 10.3123.7 92.8  0.0 92.8 20.6
  0.0  0.0  0.0  0.0  0.0  0.0  0.0  0.0  0.0  0.0  0.0  0.0  0.0  0.0  0.0
  0.0  0.0  0.0  0.0  0.0  0.0  0.0  0.0  0.0  0.0  0.0  0.0  0.0  0.0  0.0
  0.0 10.3  0.0  0.0  0.0  0.0  0.0  0.0  0.0  0.0  0.0  0.0  0.0  0.0  0.0
  0.0  0.0  0.0  0.0 10.3  0.0 10.3  0.0  0.0  0.0  0.0  0.0  0.0  0.0  0.0
  0.0  0.0  0.0  0.0  0.0  0.0  0.0 10.3  0.0  0.0 20.6  0.0  0.0 10.3 10.3
  0.0  0.0  0.0  0.0  0.0  0.0  0.0 10.3  0.0 20.6  0.0  0.0 10.3  0.0  0.0
    -13.27     -0.93     10.47     -0.03     -3.63  0.0  0.0  0.0  0.0  0.0
                                     t000004_s7_p2_el2ap.txt 23.0  5.3  159
 25.2  6.3  0.0 81.8  0.0  0.0  6.3  0.0 62.9 12.6  0.0  0.0  0.0  0.0  0.0
  0.0  6.3  6.3  0.0  0.0  0.0314.5150.9 56.6 18.9  0.0  6.3  0.0  6.3  0.0
  0.0  6.3106.9  0.0  0.0 12.6  6.3  6.3  0.0  0.0  0.0  0.0  6.3  0.0  0.0
  0.0  0.0  0.0  0.0  0.0 12.6  6.3  0.0  6.3  6.3 69.2 62.9  6.3125.8 12.6
  0.0  0.0  0.0  0.0  0.0  0.0  0.0  0.0  0.0  0.0  0.0  0.0  0.0  0.0  0.0
  0.0  0.0  0.0  0.0  0.0  6.3  0.0  0.0  0.0  0.0  0.0  0.0  0.0  0.0  0.0
  0.0  6.3  0.0  0.0  0.0  0.0  0.0  0.0  0.0  0.0  0.0  0.0  0.0  0.0  0.0
  6.3  0.0  0.0  6.3  6.3  0.0  6.3  0.0  0.0  0.0  0.0  0.0  0.0  0.0  0.0
  0.0  0.0  0.0  0.0  0.0  0.0  6.3  0.0 18.9  6.3 62.9  6.3  0.0  0.0  0.0
  0.0  6.3  0.0  0.0  0.0  0.0  0.0  0.0 18.9 56.6  0.0  0.0  0.0  6.3  0.0
     -5.53     -3.90     13.71     -5.11      0.30  0.0  0.0  0.0  0.0  0.0
                                     t000004_s7_p3_el2ap.txt 19.3  5.3  115
 17.4  0.0  0.0 60.9  0.0  0.0  0.0  0.0 34.8  0.0  0.0  0.0  0.0  0.0  0.0
  0.0  0.0  0.0  0.0  0.0  0.0339.1165.2 43.5 26.1  0.0  0.0  0.0  0.0  8.7
  0.0  8.7121.7  0.0  8.7  0.0  8.7  0.0  0.0  0.0  0.0  0.0  0.0  8.7  8.7
  0.0  0.0  0.0  0.0  0.0  0.0  8.7 17.4  0.0  8.7 60.9 34.8  0.0104.3  0.0
  0.0  0.0  0.0  0.0  0.0  0.0  0.0  0.0  0.0  0.0  0.0  0.0  0.0  0.0  0.0
  0.0  0.0  0.0  0.0  0.0  0.0  0.0  0.0  0.0  0.0  0.0  0.0  0.0  0.0  0.0
  0.0  0.0  0.0  0.0  0.0  0.0  0.0  0.0  0.0  0.0  0.0  0.0  0.0  0.0  0.0
  0.0  0.0  0.0  0.0  0.0  0.0  0.0  0.0  0.0  0.0  0.0  0.0  0.0  0.0  0.0
  0.0  0.0  0.0  8.7  0.0  0.0  0.0  0.0 26.1  0.0 26.1  8.7  0.0  0.0  0.0
  0.0  0.0  0.0  0.0  0.0  8.7  0.0  0.0  0.0 17.4  8.7  0.0  8.7  0.0  0.0
    -25.52     -4.87     14.44     -6.61      4.38  8.7  0.0  0.0  0.0  0.0
                                     t000004_s7_p4_el2ap.txt 13.3  5.8   69
  0.0  0.0  0.0 58.0  0.0  0.0  0.0  0.0  0.0  0.0  0.0  0.0  0.0  0.0  0.0
  0.0  0.0  0.0 14.5  0.0  0.0318.8144.9 87.0 14.5  0.0  0.0  0.0  0.0  0.0
  0.0  0.0144.9  0.0  0.0  0.0  0.0  0.0  0.0  0.0  0.0  0.0  0.0  0.0  0.0
  0.0  0.0  0.0  0.0  0.0  0.0 14.5  0.0  0.0  0.0159.4  0.0  0.0 72.5  0.0
  0.0  0.0  0.0  0.0  0.0  0.0  0.0  0.0  0.0  0.0  0.0  0.0  0.0  0.0  0.0
  0.0  0.0  0.0  0.0  0.0  0.0  0.0  0.0  0.0  0.0  0.0  0.0  0.0  0.0  0.0
  0.0  0.0  0.0  0.0  0.0  0.0  0.0  0.0  0.0  0.0  0.0  0.0  0.0  0.0  0.0
  0.0  0.0  0.0  0.0  0.0  0.0  0.0  0.0  0.0  0.0  0.0  0.0  0.0  0.0  0.0
  0.0  0.0  0.0  0.0  0.0  0.0  0.0  0.0 29.0 43.5 43.5  0.0  0.0  0.0  0.0
  0.0  0.0  0.0  0.0  0.0  0.0  0.0 14.5 14.5  0.0 14.5  0.0  0.0  0.0  0.0
    -27.72     -5.25     11.04     -6.61     -3.63  0.0 14.5  0.0  0.0  0.0
                                     t000004_s7_p5_el2ap.txt 13.5  5.7   69
  0.0  0.0  0.0 14.5  0.0  0.0  0.0  0.0  0.0  0.0  0.0  0.0  0.0 14.5  0.0
  0.0  0.0  0.0  0.0  0.0  0.0347.8130.4 58.0 14.5 14.5 29.0  0.0 14.5  0.0
  0.0  0.0159.4  0.0  0.0  0.0  0.0  0.0  0.0  0.0  0.0  0.0  0.0  0.0  0.0
  0.0  0.0  0.0  0.0  0.0  0.0  0.0  0.0  0.0 14.5 87.0 14.5  0.0 58.0 14.5
  0.0  0.0  0.0  0.0  0.0  0.0  0.0  0.0  0.0  0.0  0.0  0.0  0.0  0.0  0.0
  0.0  0.0  0.0  0.0  0.0  0.0  0.0  0.0  0.0  0.0  0.0  0.0  0.0  0.0  0.0
  0.0  0.0  0.0  0.0  0.0  0.0  0.0  0.0  0.0  0.0  0.0  0.0  0.0  0.0  0.0
  0.0  0.0  0.0  0.0  0.0  0.0  0.0  0.0  0.0  0.0  0.0  0.0  0.0  0.0  0.0
  0.0  0.0  0.0  0.0  0.0  0.0  0.0  0.0 29.0 14.5  0.0  0.0  0.0  0.0  0.0
  0.0  0.0  0.0  0.0  0.0 14.5  0.0 43.5  0.0  0.0  0.0  0.0  0.0  0.0  0.0
    -23.21      0.97     20.57     -6.61     -3.63  0.0  0.0  0.0  0.0  0.0
                                     t000004_s7_p6_el2ap.txt 20.8  5.4  131
  0.0  0.0  0.0 61.1  0.0  0.0  0.0  0.0  7.6  0.0  0.0  0.0  0.0  0.0  0.0
  0.0  0.0  0.0  0.0  0.0  0.0343.5137.4 76.3  7.6 22.9  0.0  0.0  0.0  0.0
  0.0  0.0 76.3  0.0 15.3 22.9  0.0  0.0  0.0  0.0  0.0  0.0  0.0  7.6  0.0
  7.6  0.0  0.0  0.0  0.0  0.0  0.0 15.3  0.0  0.0 84.0 30.5  0.0 91.6  7.6
  0.0  0.0  0.0  0.0  0.0  0.0  0.0  0.0  0.0  0.0  0.0  0.0  0.0  0.0  0.0
  0.0  0.0  0.0  0.0  0.0  0.0  0.0  0.0  0.0  0.0  0.0  0.0  0.0  0.0  0.0
  0.0  0.0  0.0  0.0  0.0  7.6  0.0  0.0  0.0  0.0  0.0  0.0  0.0  7.6  0.0
  0.0  0.0  0.0  0.0  0.0  7.6  7.6  7.6  0.0  0.0  0.0  0.0  0.0  0.0  0.0
  0.0  7.6  0.0  0.0  0.0  0.0  0.0  0.0 30.5  7.6 38.2 15.3  0.0  0.0  0.0
  0.0  0.0  0.0  0.0  7.6  7.6  0.0 30.5 15.3  0.0  0.0  0.0  0.0  0.0  0.0
    -29.35     -4.46      0.48     -6.61     -0.01  0.0  0.0  0.0  0.0  0.0
                                     t000004_s7_p7_el2ap.txt 20.0  4.9  121
  0.0  0.0  0.0 41.3  0.0  0.0  0.0  0.0 16.5 16.5  0.0  0.0  0.0  8.3  0.0
  8.3  0.0  0.0 16.5  0.0  0.0380.2115.7 74.4  0.0  8.3  0.0  0.0  0.0  0.0
  0.0  0.0 57.9  0.0  0.0 33.1  0.0  0.0  0.0  0.0  0.0  0.0  0.0  0.0  0.0
  8.3  0.0  0.0  0.0 16.5  0.0 16.5  8.3  0.0  0.0107.4 24.8  0.0 49.6  0.0
  0.0  0.0  0.0  0.0  0.0  0.0  0.0  0.0  0.0  0.0  0.0  0.0  0.0  0.0  0.0
  0.0  0.0  0.0  0.0  0.0  0.0  0.0  0.0  0.0  0.0  0.0  0.0  0.0  0.0  0.0
  0.0  0.0  0.0  0.0  0.0  0.0  0.0  0.0  0.0  0.0  0.0  0.0  0.0  0.0  0.0
  0.0  0.0  0.0  0.0  0.0  0.0  0.0  0.0  0.0  0.0  0.0  0.0  0.0  0.0  0.0
  0.0  0.0  0.0  0.0  0.0  0.0  0.0 24.8  0.0  0.0 16.5 16.5  0.0 24.8  0.0
  8.3 16.5  0.0  0.0  0.0  8.3  0.0  8.3  0.0  0.0  0.0  0.0  0.0  0.0  0.0
    -15.35     -5.36      3.11     -6.61     -0.96  0.0  0.0  0.0  0.0  0.0
                                     t000004_s7_p8_el2ap.txt  2.8  5.7   12
  0.0  0.0  0.0 83.3  0.0  0.0  0.0  0.0  0.0  0.0  0.0  0.0  0.0  0.0  0.0
  0.0  0.0  0.0  0.0  0.0  0.0500.0166.7  0.0  0.0  0.0  0.0  0.0  0.0  0.0
  0.0  0.0166.7  0.0  0.0  0.0  0.0  0.0  0.0  0.0  0.0  0.0  0.0  0.0  0.0
  0.0  0.0  0.0  0.0  0.0  0.0  0.0  0.0  0.0  0.0  0.0  0.0  0.0 83.3  0.0
  0.0  0.0  0.0  0.0  0.0  0.0  0.0  0.0  0.0  0.0  0.0  0.0  0.0  0.0  0.0
  0.0  0.0  0.0  0.0  0.0  0.0  0.0  0.0  0.0  0.0  0.0  0.0  0.0  0.0  0.0
  0.0  0.0  0.0  0.0  0.0  0.0  0.0  0.0  0.0  0.0  0.0  0.0  0.0  0.0  0.0
  0.0  0.0  0.0  0.0  0.0  0.0  0.0  0.0  0.0  0.0  0.0  0.0  0.0  0.0  0.0
  0.0  0.0  0.0  0.0  0.0  0.0  0.0  0.0  0.0  0.0  0.0  0.0  0.0  0.0  0.0
  0.0  0.0  0.0  0.0  0.0  0.0  0.0  0.0  0.0  0.0  0.0  0.0  0.0  0.0  0.0
    -31.06     -5.73     12.55     -6.61     -3.63  0.0  0.0  0.0  0.0  0.0
                                     t000008_s1_p1_el2ap.txt 28.8  5.1  219
  0.0  0.0  0.0 27.4  0.0  0.0  0.0  0.0  9.1  0.0  0.0  0.0  0.0  0.0  4.6
  0.0  0.0 18.3 13.7  0.0  0.0438.4137.0 50.2 27.4  4.6  4.6  0.0  0.0  0.0
  0.0  9.1127.9  0.0  0.0  4.6  0.0  0.0  0.0  0.0  0.0  0.0  0.0 18.3  0.0
  4.6  0.0  0.0  4.6  0.0 18.3 22.8 22.8  0.0  0.0 63.9 13.7  0.0 63.9  4.6
  4.6  0.0  0.0  0.0  0.0  0.0  0.0  0.0  0.0  0.0  0.0  0.0  0.0  0.0  0.0
  0.0  0.0  0.0  0.0  0.0  0.0  0.0  0.0  0.0  0.0  0.0  0.0  0.0  0.0  0.0
  0.0  0.0  0.0  0.0  0.0  0.0  0.0  0.0  0.0  0.0  0.0  0.0  0.0  0.0  0.0
  0.0  0.0  0.0  0.0  0.0  0.0  0.0  0.0  0.0  0.0  0.0  0.0  0.0  0.0  0.0
  0.0  0.0  0.0  0.0  0.0  0.0  0.0  4.6 13.7  0.0 18.3 73.1  0.0 18.3  9.1
  0.0  0.0  0.0  0.0  0.0  0.0  0.0  9.1  0.0  4.6  4.6  4.6  0.0  0.0  0.0
    -19.20     -3.75     12.98     -6.61      0.61  0.0  0.0  0.0  0.0  0.0
                                    t000008_s14_p1_el2ap.txt 32.8  4.7  306
  0.0  0.0  0.0 13.1  0.0  9.8  0.0  0.0 13.1  0.0  0.0  0.0  0.0  0.0  0.0
  0.0  0.0  0.0  6.5  0.0  0.0339.9137.3 78.4 35.9  0.0  0.0  0.0  0.0  3.3
  0.0  0.0 55.6  9.8  3.3  9.8  0.0  0.0  0.0  0.0  0.0  0.0  0.0 19.6  6.5
  9.8  3.3  0.0  0.0  0.0  0.0  9.8 35.9  0.0  3.3104.6 13.1  0.0 75.2  6.5
  3.3  0.0  0.0  0.0  0.0  0.0  0.0  0.0  0.0  0.0  0.0  0.0  0.0  0.0  0.0
  0.0  0.0  0.0  0.0  0.0  0.0  0.0  0.0  0.0  0.0  0.0  0.0  0.0  0.0  0.0
  0.0  0.0  0.0  0.0  0.0  0.0  0.0  0.0  0.0  0.0  3.3  0.0  0.0  0.0  0.0
  0.0  0.0  0.0  0.0  0.0  0.0  0.0  3.3  0.0  0.0  0.0  0.0  0.0  0.0  0.0
  0.0  3.3  0.0  0.0  0.0  0.0  0.0  0.0  6.5  3.3 13.1 26.1  0.0  9.8  9.8
  0.0  0.0  0.0  9.8  0.0  3.3  6.5 13.1  0.0  6.5  0.0  3.3  3.3  3.3  0.0
    -24.47     -4.55      2.15     -6.61      7.53  0.0  0.0  0.0  0.0  0.0
                                    t000008_s14_p2_el2ap.txt 13.8  4.7   86
  0.0 11.6  0.0 23.3  0.0  0.0  0.0  0.0  0.0  0.0  0.0  0.0  0.0  0.0  0.0
  0.0  0.0  0.0 23.3  0.0  0.0302.3186.0 58.1 81.4  0.0  0.0 11.6  0.0  0.0
  0.0  0.0 34.9  0.0  0.0 11.6  0.0  0.0 11.6  0.0  0.0  0.0  0.0 11.6  0.0
 11.6  0.0  0.0  0.0  0.0  0.0 23.3 23.3  0.0  0.0 58.1  0.0  0.0116.3  0.0
  0.0  0.0  0.0  0.0  0.0  0.0  0.0  0.0  0.0  0.0  0.0  0.0  0.0  0.0  0.0
  0.0  0.0  0.0 11.6  0.0  0.0  0.0  0.0  0.0  0.0  0.0  0.0  0.0  0.0  0.0
  0.0  0.0  0.0  0.0  0.0  0.0  0.0  0.0  0.0  0.0  0.0  0.0  0.0  0.0  0.0
 11.6  0.0  0.0 11.6  0.0  0.0  0.0  0.0  0.0  0.0  0.0  0.0  0.0  0.0  0.0
  0.0  0.0  0.0  0.0  0.0  0.0  0.0  0.0 23.3  0.0  0.0 58.1 11.6 11.6 11.6
 11.6  0.0  0.0  0.0  0.0  0.0  0.0 34.9  0.0 23.3  0.0  0.0  0.0  0.0  0.0
    -20.93     -0.90      2.74     -2.85      1.89 11.6  0.0  0.0  0.0  0.0
                                    t000008_s14_p3_el2ap.txt 23.3  4.9  128
  0.0  0.0  0.0  0.0  0.0  0.0  0.0  0.0  7.8  0.0  0.0  0.0  0.0  0.0  0.0
  0.0  0.0  0.0  0.0  0.0  0.0382.8132.8 70.3 54.7  0.0  0.0  0.0  0.0  0.0
  0.0  7.8 54.7  0.0  7.8  7.8  7.8  0.0  0.0  0.0  0.0  0.0  0.0 39.1  0.0
  0.0  0.0  0.0  0.0  0.0  0.0  7.8 39.1  0.0  0.0 85.9  7.8  0.0 70.3  0.0
  0.0  0.0  0.0  0.0  0.0  0.0  0.0  0.0  0.0  0.0  0.0  0.0  0.0  0.0  0.0
  0.0  0.0  0.0  0.0  0.0  0.0  0.0  0.0  0.0  0.0  0.0  0.0  0.0  0.0  0.0
  0.0  0.0  0.0  0.0  0.0  0.0  0.0  0.0  0.0  0.0  0.0  0.0  0.0  0.0  0.0
  0.0  0.0  0.0  0.0  0.0  0.0  0.0  0.0  0.0  0.0  0.0  0.0  0.0  0.0  0.0
  0.0  7.8  0.0  0.0  0.0  0.0  0.0  0.0  0.0  0.0  7.8 46.9  7.8 23.4  7.8
  0.0  0.0  0.0  0.0  0.0  0.0  0.0  7.8  0.0  0.0  7.8  0.0  0.0  7.8  0.0
    -30.39     -3.93      4.92     -6.61      2.29  0.0  0.0  0.0  0.0  0.0
                                    t000008_s14_p4_el2ap.txt 17.0  5.6  100
 20.0  0.0  0.0 40.0  0.0  0.0  0.0 10.0  0.0  0.0  0.0  0.0  0.0  0.0  0.0
  0.0  0.0 20.0 10.0  0.0  0.0360.0120.0 20.0 30.0  0.0 10.0  0.0  0.0  0.0
  0.0  0.0140.0  0.0  0.0 20.0  0.0  0.0  0.0  0.0  0.0  0.0  0.0 10.0  0.0
 10.0  0.0  0.0 10.0  0.0 20.0 10.0 20.0  0.0  0.0100.0  0.0  0.0120.0 10.0
  0.0  0.0  0.0  0.0  0.0  0.0  0.0  0.0  0.0  0.0  0.0  0.0  0.0  0.0  0.0
  0.0  0.0  0.0  0.0  0.0  0.0  0.0  0.0  0.0  0.0  0.0  0.0  0.0  0.0  0.0
  0.0  0.0  0.0  0.0  0.0  0.0  0.0  0.0  0.0  0.0  0.0  0.0  0.0  0.0  0.0
  0.0  0.0  0.0  0.0  0.0  0.0  0.0  0.0  0.0  0.0  0.0  0.0  0.0  0.0  0.0
  0.0  0.0  0.0  0.0  0.0  0.0  0.0 10.0 10.0  0.0  0.0 30.0  0.0 30.0  0.0
  0.0  0.0  0.0  0.0  0.0  0.0  0.0 30.0  0.0 30.0  0.0  0.0 10.0  0.0  0.0
    -15.40     -2.82      9.56     -6.61      1.11  0.0  0.0  0.0  0.0  0.0
                                    t000008_s14_p5_el2ap.txt 12.3  5.6   76
 26.3  0.0  0.0 26.3  0.0  0.0  0.0  0.0  0.0  0.0  0.0  0.0  0.0  0.0  0.0
  0.0  0.0  0.0  0.0  0.0  0.0342.1144.7 26.3118.4  0.0  0.0  0.0  0.0  0.0
  0.0 13.2131.6 13.2  0.0 13.2  0.0  0.0  0.0  0.0  0.0 13.2  0.0 39.5  0.0
  0.0  0.0  0.0  0.0  0.0  0.0 13.2 39.5  0.0  0.0 52.6  0.0  0.0157.9 13.2
  0.0  0.0  0.0  0.0  0.0  0.0  0.0  0.0  0.0  0.0  0.0  0.0  0.0  0.0  0.0
  0.0  0.0  0.0  0.0  0.0  0.0  0.0  0.0  0.0  0.0  0.0  0.0  0.0  0.0  0.0
  0.0  0.0  0.0  0.0  0.0  0.0  0.0  0.0  0.0  0.0  0.0  0.0  0.0  0.0  0.0
  0.0  0.0  0.0  0.0  0.0  0.0  0.0  0.0  0.0  0.0  0.0  0.0  0.0  0.0  0.0
  0.0  0.0  0.0  0.0  0.0  0.0  0.0  0.0 13.2  0.0 13.2 52.6  0.0  0.0  0.0
 13.2  0.0  0.0  0.0  0.0  0.0  0.0 26.3 13.2 26.3  0.0  0.0 26.3 13.2  0.0
    -26.11     -1.83     10.48     -1.34      2.35  0.0  0.0  0.0  0.0  0.0
                                    t000008_s14_p6_el2ap.txt 14.3  5.2   77
  0.0  0.0  0.0  0.0  0.0  0.0  0.0  0.0 26.0  0.0  0.0  0.0  0.0  0.0  0.0
  0.0  0.0  0.0  0.0  0.0  0.0363.6 77.9 39.0116.9  0.0  0.0  0.0  0.0  0.0
  0.0 26.0 90.9  0.0  0.0  0.0  0.0  0.0  0.0 13.0  0.0  0.0  0.0 13.0  0.0
  0.0  0.0  0.0  0.0  0.0  0.0 39.0 13.0  0.0  0.0 77.9 26.0  0.0 77.9  0.0
  0.0  0.0  0.0  0.0  0.0  0.0  0.0  0.0  0.0  0.0  0.0  0.0  0.0  0.0  0.0
  0.0  0.0  0.0  0.0  0.0  0.0  0.0  0.0  0.0  0.0  0.0  0.0  0.0  0.0  0.0
  0.0  0.0  0.0  0.0  0.0  0.0  0.0  0.0  0.0  0.0 13.0  0.0  0.0  0.0  0.0
  0.0  0.0  0.0  0.0  0.0  0.0  0.0 13.0  0.0  0.0  0.0  0.0  0.0  0.0  0.0
  0.0  0.0  0.0  0.0  0.0  0.0  0.0  0.0 13.0  0.0 13.0  0.0 13.0 26.0  0.0
  0.0  0.0  0.0  0.0  0.0  0.0  0.0  0.0  0.0 13.0  0.0  0.0 13.0  0.0  0.0
    -26.10     -1.88     16.91     -0.70     -1.66  0.0  0.0  0.0  0.0  0.0
                                    t000008_s14_p7_el2ap.txt 10.3  4.6   54
  0.0  0.0  0.0  0.0  0.0  0.0  0.0  0.0  0.0  0.0  0.0  0.0  0.0  0.0  0.0
 18.5  0.0  0.0 37.0  0.0  0.0240.7129.6 74.1 92.6  0.0  0.0  0.0  0.0  0.0
  0.0 18.5 92.6  0.0  0.0  0.0  0.0  0.0  0.0  0.0  0.0  0.0  0.0 18.5  0.0
  0.0  0.0  0.0  0.0  0.0  0.0 55.6 18.5  0.0  0.0 92.6  0.0  0.0 74.1  0.0
  0.0  0.0  0.0  0.0  0.0  0.0  0.0  0.0  0.0  0.0  0.0  0.0  0.0  0.0  0.0
  0.0  0.0  0.0  0.0  0.0  0.0  0.0  0.0  0.0  0.0  0.0  0.0  0.0  0.0  0.0
  0.0  0.0  0.0  0.0  0.0  0.0  0.0  0.0  0.0  0.0  0.0  0.0  0.0  0.0  0.0
  0.0  0.0  0.0  0.0  0.0  0.0  0.0  0.0  0.0  0.0  0.0  0.0  0.0  0.0  0.0
  0.0  0.0  0.0  0.0  0.0  0.0  0.0  0.0 55.6  0.0 18.5 18.5  0.0  0.0  0.0
  0.0  0.0  0.0  0.0  0.0 18.5  0.0 37.0  0.0  0.0  0.0  0.0  0.0 37.0  0.0
    -11.31     -2.68     14.26     -6.61     -0.82  0.0  0.0  0.0  0.0  0.0
                                    t000008_s14_p8_el2ap.txt 20.3  5.4   94
 10.6  0.0  0.0 10.6  0.0  0.0  0.0  0.0  0.0  0.0  0.0  0.0  0.0  0.0  0.0
  0.0  0.0  0.0 31.9  0.0  0.0457.4138.3 53.2 42.6 10.6  0.0  0.0  0.0  0.0
  0.0 10.6127.7  0.0  0.0 10.6  0.0  0.0  0.0  0.0  0.0  0.0  0.0 10.6 10.6
 10.6  0.0  0.0  0.0  0.0  0.0 42.6 31.9  0.0  0.0 53.2 10.6  0.0 74.5 10.6
  0.0  0.0  0.0  0.0  0.0  0.0  0.0  0.0  0.0  0.0  0.0  0.0  0.0  0.0  0.0
  0.0  0.0  0.0  0.0  0.0  0.0  0.0  0.0  0.0  0.0  0.0  0.0  0.0  0.0  0.0
  0.0  0.0  0.0  0.0  0.0  0.0  0.0  0.0  0.0  0.0  0.0  0.0  0.0  0.0  0.0
  0.0  0.0  0.0  0.0  0.0  0.0  0.0  0.0  0.0  0.0  0.0  0.0  0.0  0.0  0.0
  0.0  0.0  0.0  0.0  0.0  0.0  0.0  0.0 31.9 21.3 10.6 53.2 10.6 10.6  0.0
  0.0  0.0  0.0  0.0  0.0  0.0  0.0 21.3  0.0 21.3  0.0  0.0 10.6 10.6  0.0
    -25.35     -3.86     13.17     -6.61      9.60  0.0  0.0  0.0  0.0  0.0
                                     t000008_s2_p1_el2ap.txt 23.5  4.7  162
  0.0  0.0  0.0 43.2  0.0 37.0  0.0  0.0  0.0  0.0  0.0  0.0  6.2  0.0  0.0
  0.0  0.0  0.0 12.3  0.0  0.0567.9 49.4 18.5  6.2  0.0  0.0  0.0  0.0  0.0
  0.0  0.0 49.4  0.0  0.0  6.2  0.0  0.0  0.0  0.0  0.0  0.0  0.0  0.0  6.2
  0.0  0.0  0.0  0.0  0.0  0.0 12.3  6.2  0.0  0.0 30.9  0.0  0.0 49.4  0.0
  0.0  0.0  0.0  0.0  0.0  0.0  0.0  0.0  0.0  0.0  0.0  0.0  0.0  0.0  0.0
  0.0  0.0  0.0  0.0  0.0  0.0  0.0  0.0  0.0  0.0  0.0  0.0  0.0  0.0  0.0
  0.0  0.0  0.0  0.0  0.0  0.0  0.0  0.0  0.0  0.0  0.0  0.0  0.0  0.0  0.0
  0.0  0.0  0.0  0.0  0.0  0.0  0.0  0.0  0.0  0.0  0.0  0.0  0.0  0.0  0.0
  0.0  0.0  0.0  0.0  0.0  0.0  0.0  6.2  6.2  0.0  0.0  0.0  0.0  0.0  0.0
  0.0  0.0  0.0  0.0  0.0  0.0  0.0  0.0  6.2  0.0  0.0  0.0  0.0  0.0  0.0
    -12.33     -5.52      4.05     -6.61      1.12  0.0  0.0  6.2  0.0  0.0
                                    t000008_s20_p1_el2ap.txt 32.3  5.1  287
 10.5  0.0  0.0 34.8  0.0  3.5  0.0  0.0  7.0  3.5  3.5  0.0  0.0  0.0  0.0
  0.0  0.0 17.4  3.5  0.0  0.0362.4122.0 48.8 20.9  0.0  3.5  0.0  0.0  0.0
  0.0  0.0 73.2  0.0  0.0 20.9  0.0  0.0  0.0  0.0  0.0  0.0  3.5  7.0  0.0
 17.4 10.5  3.5  0.0  7.0 17.4 13.9 24.4  0.0  0.0 76.7  7.0  0.0 87.1  7.0
  0.0  0.0  0.0  0.0  0.0  0.0  0.0  0.0  0.0  0.0  0.0  0.0  0.0  0.0  0.0
  0.0  0.0  0.0  3.5  0.0  3.5  0.0  0.0  0.0  0.0  0.0  0.0  0.0  0.0  3.5
  0.0  0.0  0.0  0.0  0.0  0.0  0.0  0.0  0.0  0.0  0.0  0.0  0.0  0.0  0.0
  7.0  0.0  0.0  7.0  3.5  0.0  3.5  0.0  0.0  0.0  0.0  0.0  0.0  0.0  0.0
  0.0  0.0  0.0  0.0  0.0  0.0  0.0 20.9 10.5  0.0  7.0 20.9  0.0  3.5  7.0
  3.5  3.5  0.0  0.0  0.0  7.0  7.0  0.0  0.0  3.5  7.0  0.0  3.5  0.0  0.0
    -19.33     -4.37      4.87     -6.61      5.23  0.0  0.0  0.0  0.0  0.0
                                    t000008_s20_p2_el2ap.txt 32.5  5.0  242
 12.4  0.0  0.0 24.8  0.0  0.0  0.0  0.0  0.0  0.0  0.0  0.0  0.0  0.0  0.0
  0.0  0.0 12.4  4.1  0.0  0.0351.2 95.0 41.3 33.1  0.0  8.3  4.1  0.0  0.0
  0.0  4.1107.4  0.0  0.0 28.9  8.3  0.0  0.0  0.0  4.1  4.1  4.1 16.5  0.0
  8.3  8.3  4.1  4.1  0.0 16.5 16.5 24.8  0.0  0.0 57.9  0.0  0.0 82.6  0.0
  0.0  0.0  0.0  0.0  0.0  0.0  0.0  0.0  0.0  0.0  0.0  0.0  0.0  0.0  0.0
  0.0  0.0  0.0  0.0  0.0  4.1  0.0  0.0  0.0  0.0  0.0  0.0  0.0  0.0  0.0
  0.0  0.0  0.0  0.0  0.0  0.0  0.0  0.0  0.0  0.0  0.0  0.0  0.0  4.1  0.0
  4.1  0.0  0.0  4.1  0.0  0.0  0.0  4.1  0.0  0.0  0.0  0.0  0.0  0.0  0.0
  0.0  0.0  0.0  0.0  0.0  0.0  0.0 12.4 24.8  0.0  8.3 12.4  4.1 33.1  0.0
  0.0  0.0  0.0  0.0  0.0  4.1  0.0 28.9  0.0  8.3  0.0  4.1 12.4  0.0  0.0
    -20.71     -2.29      8.32     -2.98      4.13  4.1  0.0  4.1  0.0  0.0
                                    t000008_s20_p3_el2ap.txt 35.0  5.2  267
  7.5  0.0  0.0 59.9  0.0  0.0  0.0  3.7  3.7  0.0  0.0  0.0  0.0  0.0  0.0
  0.0  0.0 15.0  0.0  0.0  0.0363.3104.9 56.2 15.0  3.7 11.2 11.2  0.0  0.0
  0.0  0.0 97.4  0.0  3.7 22.5  3.7  0.0  0.0  3.7  3.7  0.0 15.0 15.0  0.0
  0.0  7.5  7.5  0.0  0.0 18.7 11.2 15.0  0.0  0.0 89.9  7.5  0.0 86.1  0.0
  7.5  0.0  0.0  0.0  0.0  0.0  0.0  0.0  0.0  0.0  0.0  0.0  0.0  0.0  0.0
  0.0  0.0  0.0  3.7  0.0  3.7  0.0  0.0  0.0  0.0  0.0  0.0  0.0  0.0  0.0
  0.0  0.0  0.0  0.0  0.0  0.0  0.0  0.0  0.0  0.0  0.0  0.0  0.0  0.0  0.0
  7.5  0.0  0.0  7.5  0.0  0.0  0.0  0.0  0.0  0.0  0.0  0.0  0.0  0.0  0.0
  0.0  0.0  0.0  3.7  0.0  0.0  0.0 15.0  7.5  7.5 18.7 22.5  3.7  7.5  0.0
  0.0  7.5  0.0  0.0  0.0  3.7  3.7 15.0  3.7 11.2  0.0  7.5 18.7  3.7  0.0
    -21.27     -0.83      5.36     -3.12      8.01  0.0  3.7  0.0  0.0  0.0
                                    t000008_s20_p4_el2ap.txt 29.0  5.2  230
  0.0  0.0  0.0 21.7  0.0  0.0  4.3  0.0  0.0  0.0  0.0  0.0  0.0  0.0  0.0
  0.0  0.0  8.7  4.3  0.0  0.0382.6143.5 30.4 30.4  4.3  4.3  4.3  4.3  0.0
  0.0  0.0 91.3  0.0  0.0 52.2  4.3  0.0  0.0  0.0  0.0  0.0  8.7  0.0  4.3
 17.4  8.7  4.3  0.0  0.0  8.7 13.0 21.7  0.0  4.3 34.8  4.3  0.0 87.0  8.7
  0.0  0.0  0.0  0.0  0.0  0.0  0.0  0.0  0.0  0.0  0.0  0.0  0.0  0.0  0.0
  0.0  0.0  0.0  4.3  0.0  0.0  4.3  0.0  0.0  0.0  0.0  0.0  0.0  0.0  0.0
  0.0  0.0  0.0  4.3  0.0  0.0  0.0  0.0  0.0  0.0  0.0  0.0  0.0  0.0  0.0
  8.7  0.0  0.0  8.7  4.3  0.0  4.3  0.0  0.0  0.0  0.0  0.0  0.0  0.0  0.0
  0.0  0.0  0.0  0.0  0.0  0.0  0.0  4.3 17.4  4.3  4.3 34.8  0.0 13.0  4.3
  0.0  0.0  0.0  0.0  0.0  0.0  4.3 17.4  4.3  4.3  4.3  4.3  4.3  0.0  0.0
    -24.86     -2.89      6.91     -6.61     10.76  0.0  0.0  0.0  0.0  0.0
                                    t000008_s20_p5_el2ap.txt 23.5  4.8  145
  0.0  0.0  0.0  6.9  0.0  0.0  0.0  0.0  0.0  0.0  0.0  0.0  0.0  0.0  0.0
  0.0  0.0  0.0  0.0  0.0  0.0406.9103.4 27.6 34.5  0.0  0.0  0.0  0.0  0.0
  0.0  0.0103.4  0.0  0.0 48.3  0.0  0.0  0.0  0.0  0.0  0.0  6.9  0.0  0.0
 20.7  0.0  0.0  0.0  0.0  0.0  0.0 20.7  0.0  0.0 48.3  0.0  0.0 55.2  0.0
  0.0  0.0  0.0  0.0  0.0  0.0  0.0  0.0  0.0  0.0  0.0  0.0  0.0  0.0  0.0
  0.0  0.0  0.0  0.0  0.0  0.0  0.0  0.0  0.0  0.0  0.0  0.0  0.0  0.0  0.0
  0.0  0.0  0.0  0.0  0.0  0.0  0.0  0.0  0.0  0.0  0.0  0.0  0.0  0.0  0.0
  0.0  0.0  0.0  0.0  0.0  0.0  0.0  0.0  0.0  0.0  0.0  0.0  0.0  0.0  0.0
  0.0  0.0  0.0  0.0  0.0  0.0  0.0  0.0 20.7  0.0  0.0 34.5  0.0 20.7  0.0
  0.0  0.0  0.0  0.0  0.0  0.0  0.0  6.9  0.0  0.0  6.9  0.0  0.0  0.0  0.0
    -27.47     -4.59      5.41     -6.61      7.36  0.0  0.0  0.0  0.0  0.0
                                    t000008_s20_p6_el2ap.txt 12.3  5.3   57
 17.5  0.0  0.0 70.2  0.0  0.0  0.0 17.5  0.0  0.0 35.1  0.0  0.0  0.0  0.0
  0.0  0.0 17.5  0.0  0.0  0.0298.2 70.2105.3  0.0  0.0  0.0  0.0  0.0  0.0
  0.0 17.5 87.7  0.0  0.0 17.5 35.1  0.0  0.0 17.5 17.5  0.0  0.0 35.1  0.0
  0.0 35.1  0.0  0.0  0.0 35.1 70.2 35.1  0.0  0.0140.4  0.0  0.0105.3  0.0
  0.0  0.0  0.0  0.0  0.0  0.0  0.0  0.0  0.0  0.0  0.0  0.0  0.0  0.0  0.0
  0.0  0.0  0.0  0.0  0.0  0.0  0.0  0.0  0.0  0.0  0.0  0.0  0.0  0.0  0.0
  0.0  0.0  0.0  0.0  0.0  0.0  0.0  0.0  0.0  0.0  0.0  0.0  0.0  0.0  0.0
  0.0  0.0  0.0  0.0  0.0  0.0  0.0  0.0  0.0  0.0  0.0  0.0  0.0  0.0  0.0
  0.0  0.0  0.0  0.0  0.0  0.0  0.0  0.0  0.0  0.0 35.1 17.5  0.0 17.5  0.0
  0.0  0.0  0.0  0.0  0.0  0.0  0.0  0.0  0.0 17.5  0.0  0.0  0.0  0.0  0.0
    -12.18     -5.73     12.57      9.72      1.69  0.0  0.0 17.5  0.0  0.0
                                     t000008_s4_p1_el2ap.txt 22.8  5.3  132
  7.6  0.0  0.0 15.2  0.0  0.0  0.0  0.0 15.2  0.0  0.0  0.0  0.0  0.0  7.6
  0.0  0.0  0.0  0.0  0.0  0.0378.8106.1 45.5 30.3  0.0  7.6  7.6  0.0  0.0
  0.0  7.6113.6  0.0  0.0 22.7  0.0  0.0  0.0  0.0  7.6  0.0 15.2  7.6  0.0
 22.7  0.0 15.2  0.0  0.0  7.6  7.6 30.3  0.0  0.0 75.8 15.2  0.0106.1 22.7
  0.0  0.0  0.0  0.0  0.0  0.0  0.0  0.0  0.0  0.0  0.0  0.0  0.0  0.0  0.0
  0.0  0.0  0.0 15.2  0.0  0.0  0.0  0.0  0.0  0.0  0.0  0.0  0.0  0.0  0.0
  0.0  0.0  0.0  0.0  0.0  0.0  0.0  0.0  0.0  0.0  0.0  0.0  0.0  0.0  0.0
 15.2  0.0  0.0 15.2  0.0  0.0  0.0  0.0  0.0  0.0  0.0  0.0  0.0  0.0  0.0
  0.0  0.0  0.0  0.0  0.0  0.0  0.0 15.2 22.7  0.0  7.6 45.5  0.0 22.7  0.0
  0.0  7.6  0.0  0.0  7.6  0.0  0.0  7.6  7.6  0.0  0.0  0.0 15.2  7.6  0.0
    -21.71     -1.87     10.38     -3.00     14.32  0.0  0.0  0.0  0.0  0.0
                                     t000008_s8_p1_el2ap.txt 21.8  4.8  135
  0.0  0.0  0.0 29.6  0.0  0.0  0.0  0.0  0.0  0.0  0.0  0.0  0.0  0.0  0.0
  0.0  0.0 14.8  0.0  0.0  0.0348.1 51.9 51.9  0.0  0.0  7.4  0.0  0.0  0.0
  0.0  0.0 66.7  0.0  0.0 14.8  0.0  0.0  0.0  0.0  0.0  0.0  0.0  7.4  0.0
  0.0  0.0  0.0  0.0  0.0 14.8  0.0  7.4  0.0  0.0 74.1  0.0  0.0 29.6  0.0
  7.4  0.0  0.0  0.0  0.0  0.0  0.0  0.0  0.0  0.0  0.0  0.0  0.0  0.0  0.0
  0.0  0.0  0.0  0.0  0.0  0.0  0.0  0.0  0.0  0.0  0.0  0.0  0.0  0.0  0.0
  0.0  0.0  0.0  0.0  0.0  0.0  0.0  0.0  0.0  0.0  0.0  0.0  0.0  0.0  0.0
  0.0  0.0  0.0  0.0  0.0  0.0  0.0  0.0  0.0  0.0  0.0  0.0  0.0  0.0  0.0
  0.0  0.0  0.0  0.0  0.0  0.0  0.0  0.0  7.4  0.0  0.0 14.8  7.4  0.0  0.0
  0.0  0.0  0.0  0.0  0.0  0.0  0.0  0.0  0.0  0.0  0.0  0.0  0.0  0.0  0.0
    -20.18     -4.30      4.76     -6.61     -2.50  0.0  0.0  0.0  0.0  0.0
                                     t000008_s8_p2_el2ap.txt 32.0  5.0  243
  4.1  0.0  0.0 28.8  0.0  0.0  0.0  4.1  0.0  0.0  0.0  0.0  0.0  0.0  0.0
  0.0  0.0  8.2 12.3  0.0  0.0415.6 94.7 53.5  0.0  0.0 12.3  0.0  0.0  0.0
  0.0  0.0 82.3  0.0  4.1 16.5  0.0  0.0  0.0  0.0  0.0  0.0  4.1 16.5  0.0
  0.0  0.0  4.1  0.0  0.0  8.2 12.3 16.5  0.0  0.0 57.6  0.0  0.0 41.2  8.2
  0.0  0.0  0.0  0.0  0.0  0.0  0.0  0.0  0.0  0.0  0.0  0.0  0.0  0.0  0.0
  0.0  0.0  0.0  0.0  0.0  4.1  0.0  0.0  0.0  0.0  0.0  0.0  0.0  0.0  0.0
  0.0  0.0  0.0  0.0  0.0  0.0  0.0  0.0  0.0  0.0  4.1  0.0  0.0  0.0  0.0
  4.1  0.0  0.0  4.1  0.0  0.0  0.0  4.1  0.0  0.0  0.0  0.0  0.0  0.0  0.0
  0.0  0.0  0.0  0.0  0.0  0.0  0.0  8.2  4.1  0.0 12.3 32.9  0.0 16.5  0.0
  8.2  8.2  0.0  0.0  0.0  0.0  0.0  8.2  4.1  0.0  0.0  0.0  4.1  0.0  0.0
    -22.42     -3.35      4.54     -6.61      1.44  0.0  0.0  4.1  0.0  0.0
                                     t000008_s8_p3_el2ap.txt 22.0  4.9  138
  7.2  0.0  0.0 36.2  0.0  0.0  0.0  7.2  0.0  0.0  0.0  0.0  0.0  0.0  0.0
  0.0  0.0  0.0  7.2  0.0  0.0347.8 79.7 36.2  0.0  0.0 14.5  0.0  0.0  0.0
  0.0  0.0 94.2  0.0  7.2 36.2 36.2  0.0  0.0  0.0  0.0  7.2 14.5 14.5  0.0
  0.0  0.0  0.0  0.0 14.5  0.0  7.2 14.5  0.0  0.0 58.0  0.0  0.0 72.5  0.0
  0.0  0.0  0.0  0.0  0.0  0.0  0.0  0.0  0.0  0.0  0.0  0.0  0.0  0.0  0.0
  0.0  0.0  0.0  0.0  0.0  0.0  0.0  7.2  0.0  0.0  0.0  0.0  0.0  0.0  0.0
  0.0  0.0  0.0  0.0  0.0  0.0  0.0  0.0  7.2  7.2  0.0  0.0  0.0  0.0  0.0
  0.0  7.2  0.0  7.2  0.0  7.2 14.5  0.0  0.0  0.0  0.0  0.0  0.0  0.0  0.0
  0.0  0.0  7.2  0.0  0.0  0.0  0.0 21.7  0.0  0.0  7.2 29.0  7.2  0.0  7.2
  0.0  7.2  0.0  0.0  0.0  0.0  0.0  7.2  0.0 14.5  0.0  0.0  0.0  0.0  0.0
    -20.80     -2.94      3.33     -3.71      7.63  0.0  0.0  0.0  0.0  0.0
                                     t000008_s8_p4_el2ap.txt 25.8  4.9  149
  6.7  0.0  0.0 33.6  0.0  0.0  0.0  0.0  0.0 20.1  0.0  0.0  0.0  0.0  0.0
  0.0  0.0 13.4 20.1  0.0  0.0416.1100.7 53.7  0.0  0.0  0.0  0.0  0.0  6.7
  0.0  6.7 60.4  0.0  6.7 26.8  0.0  0.0  6.7  0.0  0.0 13.4  0.0 13.4  0.0
  6.7  0.0  0.0  0.0  0.0 13.4 26.8 20.1  0.0  6.7 67.1  0.0  0.0 53.7 13.4
  0.0  0.0  0.0  0.0  0.0  0.0  0.0  0.0  0.0  0.0  0.0  0.0  0.0  0.0  0.0
  0.0  0.0  0.0  0.0  0.0  0.0  0.0  0.0  0.0  0.0  0.0  0.0  0.0  0.0  0.0
  0.0  0.0  0.0  0.0  0.0  0.0  0.0  0.0  0.0  0.0  0.0  0.0  0.0  0.0  0.0
  0.0  0.0  0.0  0.0  0.0  0.0  0.0  0.0  0.0  0.0  0.0  0.0  0.0  0.0  0.0
  0.0  0.0  0.0  0.0  0.0  0.0  0.0 13.4  0.0  0.0  0.0 26.8  0.0  0.0  0.0
  0.0  0.0  0.0  0.0  0.0  0.0 13.4 20.1  0.0  0.0  0.0  6.7  6.7  0.0  0.0
    -16.87     -5.73      7.51      0.93      0.57  0.0  0.0  0.0  0.0  0.0
                                     t000008_s8_p5_el2ap.txt 28.0  5.2  193
 20.7  0.0  0.0 77.7  0.0 10.4  0.0  0.0 10.4  0.0  0.0  0.0  0.0  0.0  0.0
  0.0  0.0 25.9 15.5  0.0  0.0404.1 77.7 15.5 20.7  0.0  0.0  0.0  0.0  0.0
  0.0  5.2129.5  0.0  5.2 31.1  5.2  0.0  0.0  0.0  0.0  0.0 15.5  5.2  0.0
  5.2  5.2  5.2  0.0  5.2 25.9 25.9 10.4  0.0  0.0 20.7 10.4  0.0108.8  0.0
  5.2  0.0  0.0  0.0  0.0  0.0  0.0  0.0  0.0  0.0  0.0  0.0  0.0  0.0  0.0
  0.0  0.0  0.0  0.0 10.4  0.0  0.0  0.0  0.0  0.0  0.0  0.0  0.0  0.0  0.0
  5.2  0.0  0.0  0.0  0.0  0.0  0.0  0.0  0.0  0.0  0.0  0.0  0.0  0.0  0.0
 10.4  0.0  0.0 10.4  5.2  0.0  5.2  0.0  0.0  0.0  0.0  0.0  0.0  0.0  0.0
  0.0  0.0  0.0  5.2  0.0  0.0  0.0 15.5 10.4  5.2  0.0 51.8  0.0  5.2  0.0
  0.0  0.0  0.0  0.0  0.0  5.2  0.0 15.5  5.2 10.4  0.0  0.0 10.4  0.0  0.0
     -8.77     -5.05      8.60     -6.61      8.55  0.0  0.0  0.0  0.0  0.0
                                     t000009_s1_p1_el2ap.txt 29.3  6.0  174
  0.0  0.0  0.0 23.0  0.0  0.0  0.0  0.0  0.0  0.0  0.0  0.0  0.0  0.0  0.0
  0.0  0.0 11.5  0.0  0.0  0.0385.1155.2114.9 28.7  0.0  0.0  0.0  5.7 11.5
  0.0  0.0126.4  0.0  0.0 17.2  5.7  0.0  0.0  0.0  0.0  0.0  0.0 23.0  0.0
  5.7  0.0  0.0  0.0  5.7 11.5  0.0 28.7  0.0 17.2132.2  0.0  0.0 69.0  5.7
  5.7  0.0  0.0  0.0  0.0  0.0  0.0  0.0  0.0  0.0  0.0  0.0  0.0  0.0  0.0
  0.0  0.0  0.0  0.0  0.0  0.0  0.0  0.0  0.0  0.0  0.0  0.0  0.0  0.0  0.0
  0.0  0.0  0.0  0.0  0.0  0.0  0.0  0.0  0.0  0.0  0.0  0.0  0.0  0.0  0.0
  0.0  0.0  0.0  0.0  0.0  0.0  0.0  0.0  0.0  0.0  0.0  0.0  0.0  0.0  0.0
  0.0  0.0  0.0  0.0  0.0  0.0  0.0  0.0 17.2 17.2 57.5 17.2  0.0  5.7  5.7
  5.7  0.0  0.0  0.0  0.0  5.7  0.0  5.7  5.7 11.5  0.0  0.0  0.0  0.0  0.0
    -32.81     -4.78     17.90     -6.61      1.71  5.7  0.0  5.7  0.0  0.0
                                    t000009_s11_p1_el2ap.txt 11.3  4.8   59
  0.0  0.0  0.0 50.8  0.0  0.0  0.0  0.0  0.0 16.9  0.0  0.0  0.0  0.0  0.0
  0.0  0.0  0.0  0.0  0.0  0.0355.9169.5 16.9  0.0  0.0  0.0  0.0  0.0 16.9
  0.0  0.0 84.7  0.0 16.9 16.9 33.9  0.0  0.0  0.0  0.0  0.0 16.9 33.9  0.0
  0.0  0.0  0.0  0.0  0.0  0.0  0.0 33.9  0.0 16.9 33.9  0.0  0.0118.6  0.0
  0.0  0.0  0.0  0.0  0.0  0.0  0.0  0.0  0.0  0.0  0.0  0.0  0.0  0.0  0.0
  0.0  0.0  0.0  0.0  0.0  0.0  0.0  0.0  0.0  0.0  0.0  0.0  0.0  0.0  0.0
  0.0  0.0  0.0  0.0  0.0  0.0  0.0  0.0  0.0  0.0  0.0  0.0  0.0  0.0  0.0
  0.0  0.0  0.0  0.0  0.0  0.0  0.0  0.0  0.0  0.0  0.0  0.0  0.0  0.0  0.0
  0.0  0.0  0.0  0.0  0.0  0.0  0.0  0.0 16.9 50.8 67.8 16.9  0.0 16.9  0.0
  0.0  0.0  0.0  0.0  0.0  0.0  0.0 33.9 16.9 33.9  0.0  0.0  0.0  0.0  0.0
    -24.50     -5.73      9.39     -6.61     12.10  0.0  0.0  0.0  0.0  0.0
                                   t000009_s11_p10_el2ap.txt 14.0  5.2   77
 26.0  0.0  0.0 77.9  0.0  0.0  0.0  0.0  0.0 13.0  0.0  0.0  0.0 26.0  0.0
  0.0  0.0 13.0 13.0 13.0  0.0376.6116.9 26.0  0.0 13.0  0.0  0.0  0.0  0.0
  0.0  0.0116.9 26.0  0.0 13.0 39.0  0.0  0.0  0.0  0.0  0.0  0.0 26.0  0.0
 13.0  0.0  0.0  0.0  0.0 13.0 13.0 39.0 13.0  0.0 39.0 13.0  0.0129.9  0.0
  0.0  0.0  0.0  0.0  0.0  0.0  0.0  0.0  0.0  0.0  0.0  0.0  0.0  0.0  0.0
  0.0  0.0  0.0  0.0  0.0 13.0  0.0  0.0  0.0  0.0  0.0  0.0  0.0  0.0  0.0
  0.0 13.0  0.0  0.0  0.0  0.0  0.0  0.0  0.0  0.0  0.0  0.0  0.0  0.0  0.0
 13.0  0.0  0.0 13.0 13.0  0.0 13.0  0.0  0.0  0.0  0.0  0.0  0.0  0.0  0.0
  0.0  0.0  0.0  0.0  0.0  0.0  0.0 26.0 13.0 26.0 51.9 26.0  0.0  0.0  0.0
 13.0  0.0  0.0  0.0  0.0  0.0  0.0 39.0 13.0 39.0  0.0  0.0  0.0  0.0  0.0
     10.69     -5.15      0.93     -6.61      4.50  0.0  0.0  0.0  0.0  0.0
                                   t000009_s11_p11_el2ap.txt 14.0  5.9   72
  0.0  0.0  0.0 27.8  0.0  0.0  0.0  0.0  0.0  0.0  0.0  0.0 13.9  0.0  0.0
  0.0  0.0  0.0 13.9  0.0  0.0305.6152.8152.8 41.7 13.9  0.0 13.9  0.0  0.0
  0.0 13.9111.1 13.9  0.0 27.8  0.0  0.0  0.0  0.0  0.0  0.0  0.0 13.9  0.0
 13.9  0.0 13.9  0.0  0.0  0.0 27.8 27.8  0.0  0.0180.6 13.9  0.0 97.2  0.0
  0.0  0.0  0.0  0.0  0.0  0.0  0.0  0.0  0.0  0.0  0.0  0.0  0.0  0.0  0.0
  0.0  0.0  0.0 13.9  0.0  0.0  0.0  0.0  0.0  0.0  0.0  0.0  0.0  0.0  0.0
  0.0  0.0  0.0  0.0  0.0  0.0  0.0  0.0  0.0  0.0 13.9  0.0  0.0  0.0  0.0
 13.9  0.0  0.0 13.9  0.0  0.0  0.0 13.9  0.0  0.0  0.0  0.0  0.0  0.0  0.0
  0.0  0.0  0.0  0.0  0.0  0.0  0.0  0.0 13.9  0.0 55.6 13.9  0.0  0.0  0.0
 27.8  0.0  0.0  0.0  0.0 41.7  0.0 27.8 13.9  0.0 13.9  0.0 13.9  0.0  0.0
    -26.36     -1.17      8.29     -6.61      2.96  0.0  0.0  0.0  0.0  0.0
                                   t000009_s11_p12_el2ap.txt 20.0  5.2  106
  0.0  0.0  0.0 94.3  0.0  0.0  0.0  0.0  0.0  9.4  0.0  0.0  0.0  9.4  0.0
  0.0  0.0 18.9 18.9  0.0  0.0311.3103.8 28.3 28.3 28.3  0.0  0.0  0.0  0.0
 18.9  9.4 84.9  0.0  9.4 28.3  9.4  0.0  0.0  0.0  9.4  0.0  0.0 18.9  0.0
  0.0  0.0  0.0  0.0  0.0 28.3 28.3 18.9  0.0 18.9 66.0 28.3  0.0141.5  0.0
  9.4  0.0  0.0  0.0  0.0  0.0  0.0  0.0  0.0  0.0  0.0  0.0  0.0  0.0  0.0
  0.0  0.0  0.0  0.0  0.0  0.0  0.0  0.0  0.0  0.0  0.0  0.0  0.0  0.0  0.0
  0.0  0.0  0.0  9.4  0.0  0.0  0.0  0.0  0.0  0.0  0.0  0.0  0.0  0.0  0.0
  0.0  0.0  0.0  0.0  9.4  0.0  9.4  0.0  0.0  0.0  0.0  0.0  0.0  0.0  0.0
  0.0  9.4  0.0  0.0  0.0  0.0  0.0  0.0  9.4 28.3 18.9 28.3  9.4  0.0  9.4
  9.4  0.0  0.0  0.0  0.0  9.4  0.0 28.3  0.0 18.9  0.0  9.4  9.4  0.0  0.0
     -7.84     -3.54     23.13     -2.11     -0.77  0.0  0.0  0.0  0.0  0.0
                                   t000009_s11_p13_el2ap.txt 20.5  5.4  119
  0.0  0.0  0.0 84.0  0.0  0.0  0.0  0.0  0.0  0.0  0.0  0.0  0.0  0.0  0.0
  0.0  0.0  0.0 16.8  0.0  0.0344.5159.7 75.6  8.4  8.4  0.0  0.0  0.0  8.4
  0.0  8.4 84.0  8.4  0.0 33.6  8.4  0.0  8.4  0.0  8.4  0.0  8.4  0.0  0.0
  0.0  8.4  0.0  0.0  0.0  8.4 33.6  0.0  0.0  8.4100.8  8.4  0.0100.8  0.0
  8.4  0.0  0.0  0.0  0.0  0.0  0.0  0.0  0.0  0.0  0.0  0.0  0.0  0.0  0.0
  0.0  0.0  0.0  0.0  0.0  0.0  0.0  0.0  0.0  0.0  0.0  0.0  0.0  0.0  0.0
  0.0  0.0  0.0  0.0  0.0  0.0  0.0  0.0  0.0  0.0  0.0  0.0  0.0  0.0  0.0
  0.0  0.0  0.0  0.0  0.0  0.0  0.0  0.0  0.0  0.0  0.0  0.0  0.0  0.0  0.0
  0.0  0.0  0.0  0.0  0.0  0.0  0.0  0.0  8.4 42.0 42.0 25.2  0.0  0.0  0.0
 16.8  0.0  0.0  0.0  0.0  0.0  0.0 16.8  8.4  8.4  0.0  0.0  8.4  0.0  0.0
    -26.35     -5.08      9.81      0.11      1.63  8.4  0.0  8.4  0.0  0.0
                                   t000009_s11_p14_el2ap.txt 16.3  5.2   93
  0.0  0.0  0.0 21.5  0.0  0.0  0.0 21.5  0.0  0.0  0.0  0.0  0.0  0.0  0.0
  0.0  0.0  0.0 10.8  0.0  0.0408.6172.0 21.5 10.8  0.0 10.8  0.0  0.0  0.0
  0.0  0.0107.5 10.8 10.8 10.8 10.8  0.0  0.0  0.0  0.0 10.8  0.0 21.5  0.0
 21.5  0.0  0.0  0.0  0.0  0.0 10.8 43.0  0.0  0.0 43.0  0.0  0.0 75.3 10.8
  0.0  0.0  0.0  0.0  0.0  0.0  0.0  0.0  0.0  0.0  0.0  0.0  0.0  0.0  0.0
  0.0  0.0  0.0  0.0  0.0  0.0  0.0  0.0  0.0  0.0  0.0  0.0  0.0  0.0  0.0
  0.0  0.0  0.0  0.0  0.0  0.0  0.0  0.0  0.0 10.8  0.0  0.0  0.0  0.0  0.0
  0.0  0.0  0.0  0.0  0.0  0.0 10.8  0.0  0.0  0.0  0.0  0.0  0.0  0.0  0.0
  0.0  0.0  0.0  0.0  0.0  0.0  0.0 21.5 32.3 10.8 10.8 32.3 32.3  0.0  0.0
 32.3  0.0  0.0  0.0  0.0  0.0  0.0 21.5  0.0  0.0 10.8  0.0 10.8  0.0  0.0
    -23.22     -3.31      1.60     -2.30      6.57  0.0  0.0  0.0  0.0  0.0
                                   t000009_s11_p15_el2ap.txt 15.5  5.1   78
  0.0  0.0  0.0 64.1  0.0  0.0  0.0  0.0  0.0 12.8 12.8  0.0  0.0  0.0  0.0
  0.0  0.0 25.6 12.8  0.0  0.0371.8128.2 51.3  0.0  0.0 12.8  0.0  0.0 12.8
  0.0  0.0128.2  0.0  0.0 25.6  0.0 12.8  0.0  0.0  0.0  0.0 12.8 25.6  0.0
  0.0 12.8  0.0  0.0  0.0 38.5 25.6 25.6  0.0 12.8 64.1  0.0  0.0115.4 25.6
  0.0  0.0  0.0  0.0  0.0  0.0  0.0  0.0  0.0  0.0  0.0  0.0  0.0  0.0  0.0
  0.0  0.0  0.0  0.0  0.0  0.0  0.0  0.0  0.0  0.0  0.0  0.0  0.0  0.0  0.0
  0.0  0.0  0.0  0.0  0.0  0.0  0.0  0.0  0.0  0.0  0.0  0.0  0.0  0.0  0.0
  0.0  0.0  0.0  0.0  0.0  0.0  0.0  0.0  0.0  0.0  0.0  0.0  0.0  0.0  0.0
  0.0  0.0  0.0  0.0  0.0  0.0  0.0 12.8 25.6 12.8 25.6 25.6 25.6  0.0  0.0
  0.0  0.0  0.0  0.0  0.0  0.0  0.0 25.6  0.0 12.8  0.0  0.0  0.0  0.0  0.0
    -14.71     -3.26     14.83     -3.55      8.27  0.0  0.0  0.0  0.0  0.0
                                    t000009_s11_p2_el2ap.txt 16.3  5.6  102
  0.0  0.0  0.0 58.8  0.0  0.0  0.0  0.0  0.0  0.0  0.0  0.0  0.0  0.0  0.0
  0.0  0.0  0.0  9.8  0.0  0.0372.5137.3 68.6  9.8  9.8  0.0  0.0  9.8  0.0
  0.0  9.8147.1  0.0  9.8 29.4  0.0  0.0  0.0  0.0  0.0  0.0  0.0  0.0  0.0
  0.0  0.0  0.0  0.0  0.0  0.0 19.6  0.0  0.0  9.8 88.2  9.8  0.0117.6  9.8
  9.8  0.0  0.0  0.0  0.0  0.0  0.0  0.0  0.0  0.0  0.0  0.0  0.0  0.0  0.0
  0.0  0.0  0.0  0.0  0.0  0.0  0.0  0.0  0.0  0.0  0.0  0.0  0.0  0.0  0.0
  0.0  0.0  0.0  0.0  0.0  0.0  0.0  0.0  0.0  0.0  0.0  0.0  0.0  0.0  0.0
  0.0  0.0  0.0  0.0  0.0  0.0  0.0  0.0  0.0  0.0  0.0  0.0  0.0  0.0  0.0
  0.0  0.0  0.0  0.0  0.0  0.0  0.0  9.8 29.4  0.0 68.6 19.6  0.0  0.0  0.0
  9.8  0.0  0.0  0.0  0.0  0.0 19.6  0.0 19.6 29.4  0.0  9.8  9.8  0.0  0.0
    -28.43     -4.97     16.03     -6.61     -3.63  0.0  0.0  0.0  0.0  0.0
                                    t000009_s11_p3_el2ap.txt 15.0  5.2   93
  0.0  0.0  0.0 75.3  0.0  0.0  0.0  0.0  0.0 21.5  0.0  0.0  0.0 10.8  0.0
  0.0  0.0  0.0 21.5  0.0  0.0301.1150.5 75.3  0.0 10.8 10.8  0.0  0.0 10.8
  0.0  0.0 75.3  0.0  0.0 21.5 43.0  0.0 10.8  0.0  0.0  0.0 10.8 10.8 10.8
  0.0 10.8  0.0  0.0  0.0  0.0 32.3 21.5  0.0 10.8 96.8 10.8  0.0129.0 10.8
 10.8  0.0  0.0  0.0  0.0  0.0  0.0  0.0  0.0  0.0  0.0  0.0  0.0  0.0  0.0
  0.0  0.0  0.0  0.0  0.0  0.0  0.0  0.0  0.0  0.0  0.0  0.0  0.0  0.0  0.0
  0.0 21.5  0.0  0.0  0.0  0.0  0.0  0.0  0.0  0.0  0.0  0.0  0.0  0.0  0.0
  0.0  0.0  0.0  0.0 21.5  0.0 21.5  0.0  0.0  0.0  0.0  0.0  0.0  0.0  0.0
  0.0  0.0  0.0  0.0  0.0  0.0  0.0  0.0 53.8 10.8 43.0 10.8  0.0  0.0  0.0
 10.8  0.0  0.0  0.0  0.0  0.0 10.8 10.8 21.5 32.3  0.0 10.8  0.0  0.0  0.0
    -14.96     -3.18     10.36     -3.14     12.99  0.0  0.0  0.0  0.0  0.0
                                    t000009_s11_p4_el2ap.txt 17.5  5.8   98
 10.2  0.0  0.0 61.2  0.0  0.0  0.0  0.0  0.0 10.2  0.0  0.0  0.0  0.0  0.0
  0.0  0.0  0.0  0.0  0.0  0.0387.8132.7 51.0  0.0 10.2 10.2 10.2 10.2  0.0
 10.2  0.0112.2  0.0  0.0  0.0 10.2  0.0  0.0  0.0  0.0  0.0  0.0 10.2  0.0
  0.0  0.0 10.2  0.0  0.0  0.0  0.0 10.2  0.0 20.4 91.8 10.2  0.0 71.4  0.0
  0.0  0.0  0.0  0.0  0.0  0.0  0.0  0.0  0.0  0.0  0.0  0.0  0.0  0.0  0.0
  0.0  0.0  0.0 10.2  0.0  0.0  0.0  0.0  0.0  0.0  0.0  0.0  0.0  0.0  0.0
  0.0  0.0  0.0  0.0  0.0  0.0  0.0  0.0  0.0  0.0  0.0  0.0  0.0  0.0  0.0
 10.2  0.0  0.0 10.2  0.0  0.0  0.0  0.0  0.0  0.0  0.0  0.0  0.0  0.0  0.0
  0.0  0.0  0.0  0.0  0.0  0.0  0.0  0.0 61.2 10.2 30.6 10.2  0.0  0.0 10.2
  0.0  0.0  0.0  0.0  0.0  0.0  0.0  0.0 20.4 10.2  0.0 10.2  0.0  0.0  0.0
    -27.73     -1.42     24.05     -6.61     -2.08  0.0  0.0  0.0  0.0  0.0
                                    t000009_s11_p5_el2ap.txt 22.8  5.4  132
  0.0  0.0  0.0 75.8  0.0  0.0  0.0  7.6  0.0 15.2  0.0  0.0  0.0  0.0  0.0
  0.0  0.0  7.6  0.0  0.0  0.0265.2136.4 75.8  0.0 15.2 15.2  0.0  7.6  0.0
  0.0  0.0 83.3  7.6  7.6 22.7 15.2  0.0  0.0  0.0  0.0  7.6  0.0 22.7  0.0
  0.0  0.0  0.0  7.6  0.0  7.6  0.0 22.7  0.0  7.6 98.5 15.2  0.0113.6 15.2
  7.6  0.0  0.0  0.0  0.0  0.0  0.0  0.0  0.0  0.0  0.0  0.0  0.0  0.0  0.0
  0.0  0.0  0.0  7.6  0.0  0.0  0.0  0.0  0.0  0.0  0.0  0.0  0.0  0.0  0.0
  0.0  7.6  7.6  0.0  0.0  0.0  0.0  0.0  0.0  0.0  0.0  0.0  0.0  0.0  0.0
  7.6  0.0  0.0  7.6 15.2  0.0 15.2  0.0  0.0  0.0  0.0  0.0  0.0  0.0  0.0
  0.0  0.0  0.0  0.0  0.0  0.0  0.0  0.0  7.6  7.6 30.3  0.0  0.0  0.0  7.6
  7.6  0.0  0.0  0.0  0.0  0.0  7.6  7.6  7.6 22.7  0.0 15.2 15.2  0.0  0.0
    -20.82     -2.14      5.53     -3.57     -0.18  0.0  0.0  0.0  0.0  0.0
                                    t000009_s11_p6_el2ap.txt 21.3  5.4  117
  8.5  0.0  0.0 59.8  0.0  0.0  0.0  0.0  0.0  0.0  8.5  0.0  0.0  0.0  0.0
  0.0  0.0 17.1 25.6  0.0  0.0273.5111.1 51.3  0.0 51.3  0.0  8.5  8.5  8.5
  0.0  8.5102.6 17.1  0.0 17.1 34.2  0.0  0.0  0.0  0.0  0.0  0.0  8.5  8.5
  0.0  0.0 17.1  8.5  8.5 17.1 34.2 17.1  0.0 17.1 76.9 51.3  0.0111.1  8.5
  0.0  0.0  0.0  0.0  0.0  0.0  0.0  0.0  0.0  0.0  0.0  0.0  0.0  0.0  0.0
  0.0  0.0  0.0  8.5  0.0  0.0  0.0  0.0  0.0  0.0  0.0  0.0  0.0  0.0  0.0
  0.0  8.5  8.5  0.0  0.0  0.0  0.0  0.0  0.0  0.0  0.0  0.0  0.0  0.0  0.0
  8.5  0.0  0.0  8.5 17.1  0.0 17.1  0.0  0.0  0.0  0.0  0.0  0.0  0.0  0.0
  0.0  0.0  0.0  0.0  0.0  0.0  0.0  0.0  8.5  8.5 42.7 25.6  0.0  8.5  0.0
 17.1  0.0  0.0  0.0  0.0  0.0  8.5  0.0  8.5 25.6  8.5  8.5  8.5  0.0  0.0
    -13.23     -1.87     14.71     -6.61      4.24  0.0  0.0  0.0  0.0  0.0
                                    t000009_s11_p7_el2ap.txt 14.8  5.3   78
 12.8  0.0  0.0 38.5  0.0  0.0  0.0  0.0  0.0  0.0 12.8  0.0  0.0  0.0  0.0
  0.0  0.0 12.8 12.8  0.0  0.0346.2128.2 89.7 12.8  0.0  0.0  0.0  0.0 25.6
  0.0  0.0115.4  0.0  0.0 38.5 25.6  0.0  0.0  0.0  0.0  0.0 12.8  0.0  0.0
  0.0  0.0  0.0 12.8  0.0 12.8 12.8  0.0  0.0 25.6102.6  0.0  0.0 64.1  0.0
  0.0  0.0  0.0  0.0  0.0  0.0  0.0  0.0  0.0  0.0  0.0  0.0  0.0  0.0  0.0
  0.0  0.0  0.0  0.0  0.0  0.0  0.0  0.0  0.0  0.0  0.0  0.0  0.0  0.0  0.0
  0.0 12.8  0.0  0.0  0.0  0.0  0.0  0.0  0.0  0.0  0.0  0.0  0.0  0.0  0.0
  0.0  0.0  0.0  0.0 12.8  0.0 12.8  0.0  0.0  0.0  0.0  0.0  0.0  0.0  0.0
  0.0  0.0  0.0  0.0  0.0 12.8  0.0  0.0 25.6  0.0 25.6  0.0  0.0  0.0  0.0
 38.5  0.0 12.8  0.0 12.8  0.0  0.0 12.8  0.0 12.8  0.0  0.0  0.0  0.0  0.0
    -21.46     -5.31     19.62     -6.61      4.39  0.0 12.8  0.0  0.0  0.0
                                    t000009_s11_p8_el2ap.txt 15.3  5.4   77
  0.0  0.0  0.0 64.9  0.0  0.0  0.0  0.0  0.0  0.0 13.0  0.0  0.0 13.0  0.0
  0.0  0.0  0.0 26.0  0.0  0.0311.7129.9103.9  0.0 39.0  0.0  0.0  0.0  0.0
  0.0 13.0 77.9 26.0  0.0 77.9 26.0  0.0  0.0  0.0 13.0  0.0 39.0  0.0  0.0
  0.0  0.0  0.0  0.0  0.0 13.0 39.0  0.0  0.0  0.0116.9 39.0  0.0116.9 26.0
  0.0  0.0  0.0  0.0  0.0  0.0  0.0  0.0  0.0  0.0  0.0  0.0  0.0  0.0  0.0
  0.0  0.0  0.0  0.0  0.0  0.0  0.0  0.0  0.0  0.0  0.0  0.0  0.0  0.0  0.0
  0.0  0.0 13.0 13.0  0.0  0.0  0.0  0.0  0.0  0.0  0.0  0.0  0.0  0.0  0.0
  0.0  0.0  0.0  0.0 26.0  0.0 26.0  0.0  0.0  0.0  0.0  0.0  0.0  0.0  0.0
  0.0  0.0  0.0  0.0  0.0  0.0  0.0  0.0 64.9 13.0 26.0 26.0  0.0 13.0  0.0
  0.0 13.0  0.0  0.0 13.0  0.0 51.9 13.0  0.0  0.0 13.0 26.0 13.0 26.0  0.0
    -16.33     -4.00     -0.65     -0.42     20.72  0.0  0.0  0.0  0.0  0.0
                                    t000009_s11_p9_el2ap.txt 20.5  5.1  122
  8.2  0.0  0.0 82.0  0.0  0.0  0.0  0.0  0.0  0.0  0.0  0.0  0.0  8.2  0.0
  0.0  0.0 16.4 16.4  0.0  0.0434.4106.6 32.8 16.4  8.2  8.2  0.0  0.0  0.0
  0.0  0.0106.6  0.0  0.0  8.2  0.0  0.0  0.0  0.0  0.0  0.0  8.2 16.4  0.0
  0.0  0.0  0.0  0.0  0.0 16.4 16.4 16.4  0.0  0.0 32.8  8.2  0.0114.8  8.2
  0.0  0.0  0.0  0.0  0.0  0.0  0.0  0.0  0.0  0.0  0.0  0.0  0.0  0.0  0.0
  0.0  0.0  0.0  0.0  0.0  0.0  0.0  0.0  0.0  0.0  0.0  0.0  0.0  0.0  0.0
  0.0  0.0  0.0  0.0  0.0  0.0  0.0  0.0  0.0  0.0  0.0  0.0  0.0  0.0  0.0
  0.0  0.0  0.0  0.0  0.0  0.0  0.0  0.0  0.0  0.0  0.0  0.0  0.0  0.0  0.0
  0.0  0.0  0.0  0.0  0.0  0.0  0.0  0.0 24.6 16.4 32.8 32.8  0.0  8.2  0.0
  0.0  0.0  8.2  0.0  0.0  8.2  0.0 24.6  0.0 16.4  8.2  0.0  8.2  0.0  0.0
    -14.15     -3.25      7.91     -6.61      3.98  0.0  0.0  0.0  0.0  0.0
                                    t000009_s16_p1_el2ap.txt 22.5  5.7  122
  8.2  0.0  0.0 49.2  0.0  0.0  8.2  8.2  0.0  0.0  0.0  8.2  0.0  0.0  0.0
  0.0  0.0  0.0  0.0  0.0  0.0385.2123.0 90.2 24.6 16.4  8.2  8.2  8.2  0.0
  0.0  8.2155.7  8.2  0.0  8.2 24.6  0.0 16.4  0.0  8.2  0.0  0.0  8.2  0.0
  8.2  0.0  0.0  0.0  0.0  8.2 16.4 16.4  0.0  8.2 98.4 16.4  0.0 98.4  0.0
  0.0  0.0  0.0  0.0  0.0  0.0  0.0  0.0  0.0  0.0  0.0  0.0  0.0  0.0  0.0
  0.0  0.0  0.0  0.0  8.2  0.0  0.0  0.0  0.0  0.0  0.0  0.0  0.0  0.0  0.0
  0.0  8.2  8.2  0.0  0.0  0.0  0.0  0.0  0.0  0.0  0.0  0.0  0.0  0.0  0.0
  8.2  0.0  0.0  8.2 16.4  0.0 16.4  0.0  0.0  0.0  0.0  0.0  0.0  0.0  0.0
  0.0  0.0  0.0  0.0  0.0  0.0  0.0  8.2  8.2  0.0 32.8 16.4  8.2  0.0  8.2
  0.0  0.0  0.0  0.0  0.0  0.0  8.2 32.8 24.6 16.4  8.2  0.0  0.0  0.0  0.0
    -22.74     -1.10     16.84      2.59      0.26  0.0  0.0  0.0  0.0  0.0
                                   t000009_s16_p10_el2ap.txt 17.8  5.9   97
  0.0  0.0  0.0 20.6  0.0  0.0  0.0  0.0  0.0  0.0  0.0 10.3  0.0  0.0  0.0
  0.0  0.0  0.0 20.6  0.0  0.0340.2144.3 82.5 51.5 20.6 10.3  0.0  0.0 20.6
  0.0  0.0154.6 10.3 10.3 20.6 10.3 10.3  0.0  0.0  0.0 10.3  0.0 20.6  0.0
  0.0  0.0 10.3  0.0  0.0 10.3 30.9 20.6  0.0 20.6 92.8 20.6  0.0 92.8 10.3
  0.0  0.0  0.0  0.0  0.0  0.0  0.0  0.0  0.0  0.0  0.0  0.0  0.0  0.0  0.0
  0.0  0.0  0.0  0.0  0.0  0.0  0.0  0.0  0.0  0.0  0.0  0.0  0.0  0.0  0.0
  0.0  0.0  0.0  0.0  0.0  0.0  0.0  0.0  0.0  0.0  0.0  0.0  0.0  0.0  0.0
  0.0  0.0  0.0  0.0  0.0  0.0  0.0  0.0  0.0  0.0  0.0  0.0  0.0  0.0  0.0
  0.0  0.0  0.0  0.0  0.0  0.0  0.0 20.6 10.3 10.3 20.6 41.2  0.0  0.0 10.3
 10.3  0.0  0.0  0.0  0.0 10.3  0.0 10.3 20.6  0.0  0.0  0.0  0.0  0.0  0.0
    -22.10     -1.13     14.87     -0.03     -0.50  0.0  0.0  0.0  0.0  0.0
                                   t000009_s16_p11_el2ap.txt 11.0  5.1   54
  0.0  0.0  0.0  0.0  0.0  0.0  0.0  0.0  0.0  0.0  0.0  0.0  0.0  0.0  0.0
  0.0  0.0  0.0 18.5  0.0  0.0370.4166.7 18.5 92.6  0.0  0.0 18.5  0.0 18.5
  0.0  0.0 74.1  0.0  0.0 18.5  0.0  0.0  0.0  0.0  0.0  0.0  0.0 37.0  0.0
  0.0  0.0  0.0  0.0  0.0  0.0 18.5 37.0  0.0 18.5 18.5  0.0  0.0 92.6  0.0
  0.0  0.0  0.0  0.0  0.0  0.0  0.0  0.0  0.0  0.0  0.0  0.0  0.0  0.0  0.0
  0.0  0.0  0.0  0.0  0.0  0.0  0.0  0.0  0.0  0.0  0.0  0.0  0.0  0.0  0.0
  0.0  0.0  0.0  0.0  0.0  0.0  0.0  0.0  0.0  0.0  0.0  0.0  0.0  0.0  0.0
  0.0  0.0  0.0  0.0  0.0  0.0  0.0  0.0  0.0  0.0  0.0  0.0  0.0  0.0  0.0
  0.0  0.0  0.0  0.0  0.0  0.0  0.0  0.0 18.5  0.0 18.5 74.1 18.5  0.0  0.0
  0.0  0.0  0.0  0.0  0.0  0.0  0.0 18.5 18.5 18.5  0.0  0.0  0.0  0.0  0.0
    -25.64      0.75     14.32     -6.61      1.99  0.0  0.0  0.0  0.0  0.0
                                   t000009_s16_p12_el2ap.txt 12.5  5.3   65
  0.0  0.0  0.0 46.2  0.0  0.0  0.0  0.0  0.0  0.0  0.0  0.0  0.0  0.0  0.0
  0.0  0.0  0.0  0.0  0.0  0.0323.1169.2 46.2 76.9 15.4  0.0  0.0  0.0  0.0
 15.4  0.0 46.2  0.0  0.0 15.4  0.0  0.0 15.4  0.0 15.4  0.0 15.4 46.2  0.0
 15.4  0.0  0.0  0.0  0.0 15.4  0.0 61.5  0.0 15.4 46.2 15.4  0.0153.8 15.4
  0.0  0.0  0.0  0.0  0.0  0.0  0.0  0.0  0.0  0.0  0.0  0.0  0.0  0.0  0.0
  0.0  0.0  0.0  0.0  0.0  0.0  0.0  0.0  0.0  0.0  0.0  0.0  0.0  0.0  0.0
  0.0  0.0  0.0  0.0  0.0  0.0  0.0  0.0  0.0  0.0  0.0  0.0  0.0  0.0  0.0
  0.0  0.0  0.0  0.0  0.0  0.0  0.0  0.0  0.0  0.0  0.0  0.0  0.0  0.0  0.0
  0.0  0.0  0.0  0.0  0.0  0.0  0.0  0.0 15.4 61.5  0.0  0.0 61.5  0.0  0.0
  0.0  0.0  0.0  0.0  0.0  0.0  0.0 30.8 15.4  0.0  0.0  0.0  0.0 15.4  0.0
    -28.91     -2.51     17.29      5.68     17.94  0.0  0.0  0.0  0.0  0.0
                                   t000009_s16_p13_el2ap.txt 11.8  5.4   58
 34.5  0.0  0.0  0.0  0.0  0.0  0.0  0.0  0.0  0.0  0.0  0.0  0.0  0.0  0.0
  0.0  0.0  0.0 17.2  0.0  0.0327.6137.9 34.5103.4 17.2  0.0 17.2  0.0  0.0
 17.2  0.0 69.0  0.0  0.0  0.0 17.2  0.0 17.2  0.0  0.0  0.0  0.0 34.5  0.0
  0.0 17.2  0.0  0.0  0.0  0.0 34.5 34.5  0.0 17.2 86.2 17.2  0.0103.4  0.0
  0.0  0.0  0.0  0.0  0.0  0.0  0.0  0.0  0.0  0.0  0.0  0.0  0.0  0.0  0.0
  0.0  0.0  0.0  0.0  0.0  0.0  0.0  0.0  0.0  0.0  0.0  0.0  0.0  0.0  0.0
  0.0  0.0  0.0  0.0  0.0  0.0  0.0  0.0  0.0  0.0  0.0  0.0  0.0  0.0  0.0
  0.0  0.0  0.0  0.0  0.0  0.0  0.0  0.0  0.0  0.0  0.0  0.0  0.0  0.0  0.0
  0.0  0.0  0.0  0.0  0.0  0.0  0.0  0.0  0.0 17.2 34.5  0.0  0.0  0.0 17.2
  0.0  0.0  0.0  0.0  0.0 17.2  0.0 34.5 34.5 17.2  0.0  0.0  0.0  0.0  0.0
    -21.73      1.63     21.44     -1.04      1.60  0.0 17.2  0.0  0.0  0.0
                                   t000009_s16_p14_el2ap.txt  3.0  5.6   12
  0.0  0.0  0.0  0.0  0.0  0.0  0.0  0.0 83.3  0.0  0.0  0.0  0.0  0.0  0.0
  0.0  0.0  0.0  0.0  0.0  0.0500.0166.7 83.3  0.0  0.0  0.0  0.0  0.0  0.0
  0.0  0.0250.0  0.0  0.0  0.0  0.0  0.0  0.0  0.0  0.0  0.0  0.0  0.0  0.0
  0.0  0.0  0.0  0.0  0.0  0.0  0.0  0.0  0.0  0.0166.7 83.3  0.0  0.0  0.0
  0.0  0.0  0.0  0.0  0.0  0.0  0.0  0.0  0.0  0.0  0.0  0.0  0.0  0.0  0.0
  0.0  0.0  0.0  0.0  0.0  0.0  0.0  0.0  0.0  0.0  0.0  0.0  0.0  0.0  0.0
  0.0  0.0  0.0  0.0  0.0  0.0  0.0  0.0  0.0  0.0  0.0  0.0  0.0  0.0  0.0
  0.0  0.0  0.0  0.0  0.0  0.0  0.0  0.0  0.0  0.0  0.0  0.0  0.0  0.0  0.0
  0.0  0.0  0.0  0.0  0.0  0.0  0.0  0.0  0.0 83.3166.7 83.3  0.0  0.0  0.0
  0.0  0.0  0.0  0.0  0.0  0.0  0.0  0.0  0.0  0.0  0.0  0.0  0.0  0.0  0.0
    -34.53     -5.73     18.33     -6.61     -3.63  0.0  0.0  0.0  0.0  0.0
                                   t000009_s16_p15_el2ap.txt  2.8  4.8   11
  0.0  0.0  0.0  0.0  0.0  0.0  0.0  0.0  0.0  0.0  0.0  0.0  0.0  0.0 90.9
  0.0  0.0  0.0  0.0  0.0  0.0363.6  0.0  0.0  0.0  0.0  0.0  0.0  0.0  0.0
  0.0  0.0  0.0  0.0  0.0  0.0 90.9  0.0  0.0  0.0  0.0  0.0  0.0  0.0  0.0
  0.0 90.9  0.0  0.0  0.0  0.0 90.9  0.0  0.0  0.0 90.9  0.0  0.0 90.9  0.0
  0.0  0.0  0.0  0.0  0.0  0.0  0.0  0.0  0.0  0.0  0.0  0.0  0.0  0.0  0.0
  0.0  0.0  0.0  0.0  0.0  0.0  0.0 90.9  0.0  0.0  0.0  0.0  0.0  0.0  0.0
  0.0  0.0  0.0  0.0  0.0  0.0  0.0  0.0 90.9  0.0  0.0  0.0  0.0 90.9  0.0
  0.0 90.9  0.0 90.9  0.0 90.9 90.9 90.9  0.0  0.0  0.0  0.0  0.0  0.0  0.0
  0.0  0.0  0.0  0.0  0.0  0.0  0.0  0.0  0.0 90.9  0.0 90.9  0.0  0.0  0.0
  0.0  0.0  0.0  0.0  0.0  0.0  0.0 90.9  0.0  0.0  0.0  0.0  0.0  0.0  0.0
     48.95     -5.73      0.97     -6.61     -3.63  0.0  0.0  0.0  0.0  0.0
                                   t000009_s16_p16_el2ap.txt  5.8  6.2   25
  0.0  0.0  0.0  0.0  0.0  0.0  0.0  0.0  0.0  0.0  0.0  0.0  0.0  0.0  0.0
  0.0  0.0  0.0 40.0  0.0  0.0400.0120.0 40.0  0.0 40.0  0.0  0.0  0.0  0.0
  0.0  0.0160.0  0.0  0.0 40.0  0.0  0.0  0.0  0.0  0.0  0.0  0.0  0.0  0.0
  0.0  0.0  0.0  0.0  0.0  0.0 40.0  0.0  0.0  0.0 80.0 40.0  0.0  0.0  0.0
 40.0  0.0  0.0  0.0  0.0  0.0  0.0  0.0  0.0  0.0  0.0  0.0  0.0  0.0  0.0
  0.0  0.0  0.0  0.0  0.0  0.0  0.0  0.0  0.0  0.0  0.0  0.0  0.0  0.0  0.0
  0.0  0.0  0.0  0.0  0.0  0.0  0.0  0.0  0.0  0.0  0.0  0.0  0.0  0.0  0.0
  0.0  0.0  0.0  0.0  0.0  0.0  0.0  0.0  0.0  0.0  0.0  0.0  0.0  0.0  0.0
  0.0  0.0  0.0  0.0  0.0  0.0  0.0  0.0 80.0  0.0  0.0 80.0  0.0  0.0  0.0
  0.0  0.0  0.0  0.0  0.0  0.0  0.0  0.0  0.0  0.0  0.0  0.0  0.0  0.0  0.0
    -23.98     -3.95      9.81     -6.61     -3.63 40.0  0.0 40.0  0.0  0.0
                                   t000009_s16_p17_el2ap.txt  2.8  5.3   12
  0.0  0.0  0.0 83.3  0.0  0.0  0.0  0.0  0.0  0.0  0.0  0.0  0.0  0.0  0.0
  0.0  0.0  0.0 83.3  0.0  0.0416.7 83.3 83.3  0.0  0.0  0.0  0.0  0.0  0.0
  0.0  0.0250.0  0.0  0.0  0.0  0.0  0.0  0.0  0.0  0.0  0.0  0.0  0.0  0.0
  0.0  0.0  0.0  0.0  0.0  0.0 83.3  0.0  0.0  0.0 83.3  0.0  0.0 83.3  0.0
 83.3  0.0  0.0  0.0  0.0  0.0  0.0  0.0  0.0  0.0  0.0  0.0  0.0  0.0  0.0
  0.0  0.0  0.0  0.0  0.0  0.0  0.0  0.0  0.0  0.0  0.0  0.0  0.0  0.0  0.0
  0.0  0.0  0.0  0.0  0.0  0.0  0.0  0.0  0.0  0.0  0.0  0.0  0.0  0.0  0.0
  0.0  0.0  0.0  0.0  0.0  0.0  0.0  0.0  0.0  0.0  0.0  0.0  0.0  0.0  0.0
  0.0  0.0  0.0  0.0  0.0  0.0  0.0  0.0  0.0  0.0  0.0  0.0  0.0  0.0  0.0
  0.0  0.0  0.0  0.0  0.0  0.0  0.0  0.0  0.0  0.0  0.0  0.0 83.3  0.0  0.0
    -11.68     -5.73     18.33     -6.61     -3.63  0.0  0.0  0.0  0.0  0.0
                                   t000009_s16_p19_el2ap.txt 21.0  5.5  109
  0.0  0.0  0.0 36.7  0.0  0.0  0.0  0.0  0.0  9.2  0.0  0.0  9.2  0.0  0.0
  0.0  0.0  9.2  9.2  0.0  0.0330.3100.9 18.3 27.5 36.7  0.0  0.0  0.0  9.2
  0.0  0.0137.6  9.2  0.0 27.5  0.0  0.0  0.0  0.0  0.0  9.2  0.0 27.5  0.0
  0.0  0.0  9.2  0.0  9.2  9.2  9.2 27.5  0.0  9.2 45.9 36.7  9.2100.9 18.3
  0.0  0.0  0.0  0.0  0.0  0.0  0.0  0.0  0.0  0.0  0.0  0.0  0.0  0.0  0.0
  0.0  0.0  0.0  0.0  0.0  0.0  0.0  0.0  0.0  0.0  0.0  0.0  0.0  0.0  0.0
  0.0  0.0  0.0  0.0  0.0  0.0  0.0  0.0  0.0  0.0  0.0  0.0  0.0  0.0  0.0
  0.0  0.0  0.0  0.0  0.0  0.0  0.0  0.0  0.0  0.0  0.0  0.0  0.0  0.0  0.0
  0.0  0.0  0.0  0.0  0.0  0.0  0.0 45.9  9.2  9.2  9.2 18.3 18.3  0.0  0.0
  0.0  0.0  0.0  0.0  0.0  0.0  0.0 18.3  0.0  0.0 18.3  0.0  0.0  0.0  0.0
    -15.76     -3.19     10.93     -2.94      0.54  0.0  0.0  0.0  0.0  0.0
                                    t000009_s16_p2_el2ap.txt 19.0  5.6  104
  9.6  0.0  0.0  9.6  0.0  0.0  0.0  0.0  0.0  0.0  0.0  0.0  0.0  0.0  0.0
  0.0  0.0  9.6  0.0  0.0  0.0384.6 86.5 86.5 57.7  0.0  0.0  0.0  0.0  0.0
  9.6  0.0134.6  9.6  9.6 38.5 19.2  0.0  0.0  0.0  0.0  9.6 19.2 28.8  0.0
  9.6  0.0  9.6  0.0  0.0  9.6  0.0 38.5  0.0  9.6105.8  0.0  0.0 86.5  0.0
 19.2  0.0  0.0  0.0  0.0  0.0  0.0  0.0  0.0  0.0  0.0  0.0  0.0  0.0  0.0
  0.0  0.0  0.0  0.0  0.0  0.0  9.6  0.0  0.0  0.0  0.0  0.0  0.0  0.0  0.0
  0.0  0.0  0.0  0.0  0.0  0.0  0.0  0.0  0.0  0.0  0.0  0.0  0.0  0.0  0.0
  9.6  0.0  0.0  9.6  0.0  0.0  0.0  0.0  0.0  0.0  0.0  0.0  0.0  0.0  0.0
  0.0  0.0  0.0  0.0  0.0  0.0  0.0  0.0 38.5 48.1 19.2  9.6  0.0  9.6  9.6
  9.6  0.0  0.0  0.0  0.0  0.0  0.0  0.0  9.6  0.0  0.0  0.0  9.6  0.0  0.0
    -27.67     -3.83     11.30     -2.76     15.87  0.0  0.0  0.0  0.0  0.0
                                   t000009_s16_p20_el2ap.txt 14.8  5.6   69
  0.0  0.0  0.0 29.0  0.0  0.0  0.0  0.0  0.0  0.0  0.0  0.0  0.0  0.0  0.0
  0.0  0.0 14.5 14.5  0.0  0.0275.4115.9101.4 58.0 14.5 29.0  0.0  0.0 14.5
  0.0 14.5 87.0 14.5  0.0 14.5 14.5  0.0  0.0  0.0  0.0  0.0  0.0 43.5  0.0
  0.0  0.0  0.0  0.0  0.0 14.5 29.0 43.5  0.0 14.5101.4 14.5  0.0115.9  0.0
 14.5  0.0  0.0  0.0  0.0  0.0  0.0  0.0  0.0  0.0  0.0  0.0  0.0  0.0  0.0
  0.0  0.0  0.0 14.5  0.0  0.0  0.0  0.0  0.0  0.0  0.0  0.0  0.0  0.0 14.5
  0.0  0.0  0.0  0.0  0.0  0.0  0.0  0.0  0.0  0.0 14.5  0.0  0.0  0.0  0.0
 14.5  0.0  0.0 14.5 14.5  0.0 14.5 14.5  0.0  0.0  0.0  0.0  0.0  0.0  0.0
  0.0  0.0  0.0  0.0  0.0  0.0  0.0  0.0  0.0  0.0 43.5 14.5 14.5  0.0  0.0
  0.0  0.0  0.0  0.0  0.0  0.0 14.5  0.0 14.5 14.5  0.0  0.0  0.0  0.0  0.0
    -22.47      2.40     14.66     -6.61      2.96  0.0  0.0  0.0  0.0  0.0
                                   t000009_s16_p21_el2ap.txt 23.8  4.8  142
  0.0  0.0  0.0 42.3  0.0  0.0  0.0  0.0  0.0 21.1  0.0  0.0  7.0  0.0  0.0
  0.0  0.0  7.0  7.0  0.0  0.0267.6119.7 35.2 28.2  7.0  0.0  7.0  0.0  0.0
  0.0  0.0 56.3  7.0  0.0 77.5 28.2  0.0  0.0  0.0  0.0  7.0  7.0  0.0  0.0
 14.1  0.0  0.0  0.0 35.2  7.0  7.0 14.1  0.0  0.0 84.5  7.0  0.0133.8  7.0
 14.1  0.0  0.0  0.0  0.0  0.0  0.0  0.0  0.0  0.0  0.0  0.0  0.0  0.0  0.0
  0.0  0.0  0.0  0.0  0.0  0.0  0.0  0.0  0.0  7.0  0.0  0.0  0.0  0.0  0.0
  0.0  7.0  0.0  0.0  0.0  7.0  0.0  0.0  0.0  0.0  0.0  0.0  0.0  0.0  0.0
  0.0  7.0  0.0  7.0  7.0  7.0 14.1  0.0  0.0  0.0  0.0  0.0  0.0  0.0  0.0
  0.0  0.0  0.0  0.0  0.0  7.0  0.0 28.2 28.2 14.1 14.1 42.3 35.2  7.0  0.0
  0.0  0.0  0.0  0.0  0.0  7.0  0.0 28.2  7.0  7.0  0.0  0.0  0.0  0.0  0.0
    -14.06     -3.18     -1.53     -3.79      5.32  0.0  0.0  0.0  0.0  0.0
                                   t000009_s16_p22_el2ap.txt 27.3  5.7  155
 19.4  0.0  0.0 32.3  0.0  0.0  0.0  0.0  0.0  0.0  0.0  0.0  0.0  0.0  0.0
  0.0  0.0  6.5 12.9  0.0  6.5341.9129.0 71.0 32.3 32.3  0.0  0.0  0.0  0.0
  0.0  6.5161.3  0.0  0.0 25.8 32.3  0.0  0.0  0.0  0.0  0.0  6.5  0.0  0.0
  6.5  0.0  0.0  6.5  0.0  6.5 19.4  6.5  0.0  0.0 90.3 32.3  0.0129.0 25.8
 12.9  0.0  0.0  0.0  0.0  0.0  0.0  0.0  0.0  0.0  0.0  0.0  0.0  0.0  0.0
  0.0  0.0  0.0  6.5  0.0  6.5  0.0  0.0  0.0  0.0  0.0  0.0  0.0  0.0  6.5
  6.5  0.0  6.5  0.0  0.0  0.0  0.0  0.0  0.0  0.0  0.0  0.0  0.0  0.0  0.0
 12.9  0.0  0.0 12.9 19.4  0.0 19.4  0.0  0.0  0.0  0.0  0.0  0.0  0.0  0.0
  0.0  0.0  0.0  0.0  0.0  0.0  0.0  6.5 12.9 12.9 25.8  6.5  0.0  6.5 25.8
  6.5  0.0  0.0  0.0  0.0 12.9  6.5 32.3 19.4 19.4 19.4  0.0  0.0  0.0  0.0
    -21.67     -3.23     13.10     -6.61      2.49  6.5  0.0  0.0  0.0  0.0
                                   t000009_s16_p23_el2ap.txt 16.0  5.2   86
 11.6 11.6  0.0104.7  0.0  0.0  0.0  0.0  0.0  0.0  0.0  0.0  0.0 23.3  0.0
  0.0  0.0 23.3 11.6  0.0  0.0197.7151.2127.9 11.6 46.5  0.0  0.0  0.0  0.0
  0.0 11.6 93.0  0.0  0.0 34.9 11.6  0.0  0.0  0.0  0.0  0.0  0.0 11.6 11.6
 11.6  0.0 11.6  0.0  0.0 23.3 23.3 34.9  0.0  0.0174.4 46.5 34.9116.3  0.0
 11.6  0.0  0.0  0.0  0.0  0.0  0.0  0.0  0.0  0.0  0.0  0.0  0.0  0.0  0.0
  0.0  0.0  0.0 11.6  0.0  0.0 11.6  0.0  0.0  0.0  0.0  0.0  0.0  0.0  0.0
  0.0  0.0  0.0  0.0  0.0  0.0  0.0  0.0  0.0  0.0  0.0  0.0 11.6  0.0  0.0
 23.3  0.0  0.0 23.3  0.0  0.0  0.0 11.6  0.0  0.0  0.0  0.0  0.0  0.0  0.0
  0.0  0.0  0.0  0.0  0.0  0.0  0.0  0.0 11.6 23.3 23.3  0.0  0.0  0.0  0.0
 11.6  0.0  0.0  0.0 23.3 11.6 23.3 11.6 23.3 23.3  0.0  0.0  0.0  0.0  0.0
     -2.35     -3.28      9.76     -6.61     10.83  0.0  0.0  0.0  0.0  0.0
                                   t000009_s16_p24_el2ap.txt 24.5  5.2  131
  7.6  0.0  0.0 45.8  0.0  0.0  0.0  0.0  0.0  7.6  0.0  0.0  0.0  0.0  0.0
  0.0  0.0  7.6  0.0  0.0  0.0335.9106.9 84.0  7.6  7.6  0.0  0.0  0.0  0.0
  0.0  0.0 68.7  0.0 15.3 15.3  7.6  0.0  0.0  0.0  0.0  0.0  7.6  0.0  0.0
  0.0  7.6 15.3  0.0  0.0  7.6  7.6  0.0  0.0  0.0137.4  7.6  0.0 61.1  7.6
  7.6  0.0  0.0  0.0  0.0  0.0  0.0  0.0  0.0  0.0  0.0  0.0  0.0  0.0  0.0
  0.0  0.0  0.0  7.6  0.0  7.6  0.0  0.0  0.0  7.6  0.0  0.0  0.0  0.0  0.0
  0.0  7.6  0.0  0.0  0.0  0.0  0.0  7.6  0.0  0.0  0.0  0.0  0.0  0.0  0.0
 15.3  7.6  0.0 22.9  7.6  7.6 15.3  0.0  0.0  0.0  0.0  0.0  0.0  0.0  0.0
  0.0  0.0  0.0  0.0  0.0  0.0  0.0 15.3 15.3  7.6 45.8  7.6  7.6  0.0  0.0
  0.0  0.0  0.0  0.0  0.0 15.3  7.6 15.3  7.6 15.3  7.6  0.0  0.0  0.0  0.0
    -24.48     -5.14      0.39     -6.61      1.14  0.0  0.0  0.0  0.0  0.0
                                   t000009_s16_p25_el2ap.txt 19.5  5.5  121
 24.8  0.0  0.0  8.3  0.0  0.0  0.0  8.3  0.0  0.0  0.0  0.0  0.0  0.0  0.0
  0.0  0.0  8.3  8.3  0.0  0.0330.6165.3 49.6 49.6 16.5  0.0  0.0  0.0  8.3
  0.0  0.0173.6  8.3 24.8 16.5  0.0  0.0  0.0  0.0  0.0  8.3  0.0 16.5  0.0
 24.8  8.3  8.3  8.3  0.0  8.3 16.5 41.3  0.0  8.3 66.1 16.5  0.0 82.6  8.3
  8.3  0.0  0.0  0.0  0.0  0.0  0.0  0.0  0.0  0.0  0.0  0.0  0.0  0.0  0.0
  0.0  0.0  0.0  0.0  0.0  0.0  8.3  0.0  0.0  0.0  0.0  0.0  0.0  0.0  0.0
  0.0  0.0  0.0  0.0  0.0  0.0  0.0  0.0  0.0  0.0  0.0  0.0  0.0  0.0  0.0
  8.3  0.0  0.0  8.3  0.0  0.0  0.0  0.0  0.0  0.0  0.0  0.0  0.0  0.0  0.0
  0.0  0.0  0.0  0.0  0.0  0.0  0.0  8.3 24.8  8.3 49.6  8.3  8.3  8.3 16.5
  0.0  8.3  0.0  0.0  0.0  8.3  0.0  8.3  0.0 33.1  0.0  0.0  0.0  0.0  0.0
    -22.22     -3.36      6.57     -3.30      6.88  0.0  0.0  0.0  0.0  0.0
                                   t000009_s16_p26_el2ap.txt 20.0  5.6  100
  0.0  0.0  0.0 20.0  0.0  0.0  0.0  0.0  0.0  0.0  0.0  0.0  0.0  0.0  0.0
  0.0  0.0 10.0 10.0  0.0  0.0330.0160.0 40.0 40.0 50.0  0.0  0.0  0.0  0.0
 10.0  0.0160.0 10.0  0.0 20.0 20.0  0.0 10.0  0.0  0.0 10.0  0.0 10.0 10.0
  0.0  0.0  0.0  0.0 10.0 10.0 10.0 20.0  0.0 10.0 70.0 50.0  0.0 90.0 10.0
  0.0  0.0  0.0  0.0  0.0  0.0  0.0  0.0  0.0  0.0  0.0  0.0  0.0  0.0  0.0
  0.0  0.0  0.0  0.0  0.0  0.0  0.0  0.0  0.0  0.0  0.0  0.0  0.0  0.0  0.0
  0.0  0.0  0.0  0.0  0.0  0.0  0.0  0.0  0.0  0.0  0.0  0.0  0.0  0.0  0.0
  0.0  0.0  0.0  0.0  0.0  0.0  0.0  0.0  0.0  0.0  0.0  0.0  0.0  0.0  0.0
  0.0  0.0  0.0  0.0  0.0  0.0  0.0 20.0 30.0 10.0 30.0 20.0  0.0  0.0  0.0
 20.0  0.0  0.0  0.0  0.0 10.0  0.0 10.0 10.0 10.0 10.0  0.0  0.0  0.0  0.0
    -24.92     -2.19     17.18      0.62      5.58 10.0  0.0  0.0  0.0  0.0
                                   t000009_s16_p27_el2ap.txt 17.3  4.9   85
 11.8  0.0  0.0  0.0  0.0  0.0  0.0  0.0  0.0  0.0  0.0  0.0  0.0  0.0  0.0
  0.0  0.0  0.0 23.5  0.0  0.0294.1129.4 70.6 58.8 11.8 11.8  0.0  0.0  0.0
 11.8 11.8 70.6  0.0  0.0 23.5 11.8  0.0  0.0  0.0  0.0 11.8  0.0 23.5 11.8
  0.0  0.0  0.0  0.0  0.0  0.0 35.3 35.3  0.0 11.8105.9 11.8  0.0 82.4 11.8
 11.8  0.0  0.0  0.0  0.0  0.0  0.0  0.0  0.0  0.0  0.0  0.0  0.0  0.0  0.0
  0.0  0.0  0.0 11.8  0.0  0.0  0.0  0.0  0.0  0.0  0.0  0.0  0.0  0.0 11.8
  0.0  0.0  0.0  0.0  0.0  0.0  0.0  0.0  0.0  0.0  0.0  0.0  0.0  0.0  0.0
 11.8  0.0  0.0 11.8 11.8  0.0 11.8  0.0  0.0  0.0  0.0  0.0  0.0  0.0  0.0
  0.0  0.0  0.0  0.0  0.0  0.0  0.0 23.5 11.8 23.5 58.8 47.1 11.8  0.0  0.0
  0.0  0.0  0.0  0.0  0.0 23.5  0.0 35.3 11.8 11.8  0.0  0.0 11.8  0.0  0.0
    -22.09     -1.01     19.59     -1.90      8.99  0.0  0.0 11.8  0.0  0.0
                                   t000009_s16_p28_el2ap.txt 15.3  5.0   84
  0.0  0.0  0.0 71.4  0.0  0.0  0.0  0.0  0.0 11.9 11.9 23.8  0.0  0.0  0.0
 11.9  0.0  0.0 23.8  0.0  0.0321.4119.0 71.4 11.9  0.0  0.0  0.0  0.0  0.0
  0.0  0.0 59.5  0.0 11.9 23.8 23.8 11.9  0.0  0.0  0.0  0.0 23.8 11.9  0.0
  0.0  0.0  0.0 23.8 23.8 11.9 47.6 11.9  0.0  0.0 95.2  0.0  0.0107.1  0.0
  0.0  0.0  0.0  0.0  0.0  0.0  0.0  0.0  0.0  0.0  0.0  0.0  0.0  0.0  0.0
  0.0  0.0  0.0  0.0  0.0  0.0  0.0  0.0  0.0  0.0  0.0  0.0  0.0  0.0  0.0
  0.0  0.0  0.0  0.0  0.0  0.0  0.0  0.0  0.0  0.0  0.0  0.0  0.0  0.0  0.0
  0.0  0.0  0.0  0.0  0.0  0.0  0.0  0.0  0.0  0.0  0.0  0.0  0.0  0.0  0.0
  0.0  0.0  0.0  0.0  0.0  0.0  0.0 11.9 23.8 11.9 35.7  0.0 11.9 11.9  0.0
  0.0  0.0  0.0  0.0  0.0  0.0  0.0 11.9  0.0  0.0  0.0  0.0  0.0  0.0  0.0
     -0.24     -5.34      0.25     -3.77     13.06  0.0  0.0  0.0  0.0  0.0
                                   t000009_s16_p29_el2ap.txt 14.0  5.3   80
 12.5  0.0  0.0 37.5  0.0  0.0  0.0 12.5  0.0  0.0  0.0  0.0  0.0  0.0  0.0
  0.0  0.0 12.5  0.0  0.0  0.0312.5150.0 25.0 25.0  0.0  0.0  0.0  0.0  0.0
 12.5 25.0112.5  0.0  0.0 12.5 12.5  0.0 12.5  0.0  0.0  0.0  0.0 12.5  0.0
 25.0  0.0  0.0  0.0  0.0 12.5 25.0 37.5  0.0 12.5 62.5  0.0  0.0112.5 12.5
 12.5  0.0  0.0  0.0  0.0  0.0  0.0  0.0  0.0  0.0  0.0  0.0  0.0  0.0  0.0
  0.0  0.0  0.0  0.0  0.0  0.0  0.0  0.0  0.0  0.0  0.0  0.0  0.0  0.0  0.0
  0.0  0.0  0.0  0.0  0.0  0.0  0.0  0.0  0.0  0.0  0.0  0.0  0.0  0.0  0.0
  0.0  0.0  0.0  0.0  0.0  0.0  0.0  0.0  0.0  0.0  0.0  0.0  0.0  0.0  0.0
  0.0  0.0  0.0  0.0  0.0  0.0  0.0  0.0 37.5 37.5 12.5 12.5 12.5 12.5 12.5
  0.0  0.0  0.0  0.0 12.5 12.5  0.0 12.5 12.5  0.0  0.0  0.0  0.0  0.0  0.0
    -19.02     -4.91     28.70     -2.57      6.33  0.0  0.0  0.0  0.0  0.0
                                    t000009_s16_p3_el2ap.txt 16.8  5.7  100
 10.0  0.0  0.0 40.0  0.0  0.0 10.0  0.0  0.0  0.0  0.0  0.0  0.0  0.0  0.0
  0.0  0.0  0.0 10.0  0.0  0.0410.0150.0 30.0 20.0  0.0  0.0  0.0 10.0  0.0
 10.0  0.0180.0  0.0 10.0 40.0 10.0  0.0  0.0  0.0  0.0  0.0 20.0 10.0  0.0
  0.0  0.0  0.0  0.0  0.0  0.0 10.0 10.0  0.0 20.0 50.0  0.0 10.0 70.0  0.0
  0.0  0.0  0.0  0.0  0.0  0.0  0.0  0.0  0.0  0.0  0.0  0.0  0.0  0.0  0.0
  0.0  0.0  0.0  0.0 10.0  0.0  0.0  0.0  0.0  0.0  0.0  0.0  0.0  0.0  0.0
  0.0 10.0  0.0  0.0  0.0  0.0  0.0  0.0  0.0 10.0 10.0  0.0  0.0  0.0  0.0
 10.0  0.0  0.0 10.0 10.0  0.0 20.0 10.0  0.0  0.0  0.0  0.0  0.0  0.0  0.0
  0.0  0.0  0.0  0.0  0.0  0.0  0.0  0.0 70.0  0.0 20.0 10.0  0.0  0.0  0.0
  0.0  0.0  0.0  0.0  0.0  0.0  0.0  0.0  0.0 10.0  0.0 10.0 10.0  0.0  0.0
    -25.79     -5.07     23.23     -6.61     10.39  0.0  0.0  0.0  0.0  0.0
                                   t000009_s16_p30_el2ap.txt 18.0  5.5  104
  9.6  0.0  0.0  9.6  0.0  0.0  0.0 19.2  0.0  9.6  0.0  0.0  0.0  0.0  0.0
  0.0  0.0  0.0 19.2  0.0  0.0307.7144.2 48.1 48.1  9.6  0.0 19.2  0.0  0.0
  0.0  0.0134.6  0.0  0.0 28.8  9.6  0.0  0.0  0.0  0.0  0.0  9.6  9.6  0.0
  9.6  0.0  0.0  0.0  0.0  0.0 19.2 19.2  0.0  0.0 67.3  9.6  0.0 96.2  9.6
  0.0  0.0  0.0  0.0  0.0  0.0  0.0  0.0  0.0  0.0  0.0  0.0  0.0  0.0  0.0
  0.0  0.0  0.0  0.0  0.0  0.0  0.0  0.0  0.0  0.0  0.0  0.0  0.0  0.0  0.0
  0.0  0.0  0.0  0.0  0.0  0.0  0.0  0.0  0.0  0.0  0.0  0.0  0.0  0.0  0.0
  0.0  0.0  0.0  0.0  0.0  0.0  0.0  0.0  0.0  0.0  0.0  0.0  0.0  0.0  0.0
  0.0  0.0  0.0  0.0  0.0  0.0  0.0  0.0 57.7 19.2 28.8 19.2  9.6  0.0  9.6
  0.0  0.0  0.0  0.0  9.6  0.0  0.0 19.2 19.2  0.0  0.0  0.0 28.8  0.0  0.0
    -18.28     -0.16      8.68     -6.61      6.94  0.0  0.0  0.0  0.0  0.0
                                   t000009_s16_p31_el2ap.txt 20.5  5.4  113
 17.7  0.0  0.0 70.8  0.0  0.0  8.8  0.0  0.0 17.7  0.0  0.0  0.0  0.0  0.0
  0.0  0.0  8.8  8.8  0.0  0.0327.4132.7 53.1  8.8  0.0  0.0  0.0  0.0  0.0
  0.0  0.0141.6  0.0  0.0 26.5 17.7  0.0  0.0  0.0  0.0  0.0  8.8  8.8  0.0
  0.0  0.0  0.0  0.0  8.8  8.8  8.8  8.8  0.0  0.0106.2  0.0  0.0 97.3  0.0
  0.0  0.0  0.0  0.0  0.0  0.0  0.0  0.0  0.0  0.0  0.0  0.0  0.0  0.0  0.0
  0.0  0.0  0.0  0.0  0.0  0.0  0.0  0.0  0.0  0.0  0.0  0.0  0.0  0.0  0.0
  0.0  0.0  0.0  0.0  0.0  0.0  0.0  0.0  0.0  8.8  0.0  0.0  0.0  0.0  0.0
  0.0  0.0  0.0  0.0  0.0  0.0  8.8  0.0  0.0  0.0  0.0  0.0  0.0  0.0  0.0
  0.0  0.0  0.0  0.0  0.0  0.0  0.0 17.7  8.8  8.8 61.9 26.5  0.0  0.0  8.8
  0.0  0.0  0.0  0.0  8.8  0.0  0.0  8.8  8.8 35.4  8.8  0.0  0.0  0.0  0.0
    -16.95     -5.44      9.30     -6.61      3.25  0.0  0.0  8.8  0.0  0.0
                                    t000009_s16_p4_el2ap.txt 23.5  5.1  136
  0.0  0.0  0.0 51.5  0.0  0.0  0.0  0.0  0.0  0.0  7.4  0.0  0.0  0.0  0.0
  7.4  0.0  0.0  7.4  0.0  0.0330.9176.5 44.1 29.4  0.0  7.4  0.0  0.0  7.4
  0.0  0.0110.3  0.0  7.4 22.1  7.4  7.4  0.0  0.0  0.0  0.0  7.4 14.7  0.0
  7.4  0.0  0.0  0.0  0.0  7.4  7.4 22.1  0.0  7.4 51.5  0.0  0.0117.6 22.1
  7.4  0.0  0.0  0.0  0.0  0.0  0.0  0.0  0.0  0.0  0.0  0.0  0.0  0.0  0.0
  0.0  0.0  0.0  0.0  0.0  0.0  0.0  0.0  0.0  0.0  0.0  0.0  0.0  0.0  7.4
  0.0  0.0  0.0  0.0  0.0  0.0  0.0  0.0  0.0  0.0  7.4  0.0  0.0  0.0  0.0
  0.0  0.0  0.0  0.0  7.4  0.0  7.4  7.4  0.0  0.0  0.0  0.0  0.0  0.0  0.0
  0.0  0.0  0.0  0.0  0.0  0.0  0.0  7.4  0.0  7.4 44.1 29.4  7.4 14.7  7.4
  7.4  0.0  0.0  0.0  0.0  0.0  7.4 36.8 14.7  0.0  0.0  7.4  0.0  0.0  0.0
    -23.51     -3.35      8.89     -4.85      5.57  0.0  0.0  0.0  0.0  0.0
                                    t000009_s16_p5_el2ap.txt 14.8  5.6   75
  0.0  0.0  0.0  0.0  0.0  0.0  0.0  0.0  0.0  0.0  0.0  0.0  0.0  0.0  0.0
  0.0  0.0  0.0 13.3  0.0  0.0360.0146.7 26.7 66.7  0.0  0.0 13.3  0.0  0.0
  0.0  0.0106.7  0.0  0.0 26.7 13.3  0.0  0.0  0.0  0.0  0.0 13.3 13.3  0.0
 13.3  0.0  0.0  0.0  0.0  0.0 13.3 26.7  0.0  0.0 66.7  0.0  0.0120.0 26.7
  0.0  0.0  0.0  0.0  0.0  0.0  0.0  0.0  0.0  0.0  0.0  0.0  0.0  0.0  0.0
  0.0  0.0  0.0  0.0  0.0  0.0  0.0  0.0  0.0  0.0  0.0  0.0  0.0  0.0  0.0
  0.0  0.0  0.0  0.0  0.0  0.0  0.0  0.0  0.0  0.0  0.0  0.0  0.0  0.0  0.0
  0.0  0.0  0.0  0.0  0.0  0.0  0.0  0.0  0.0  0.0  0.0  0.0  0.0  0.0  0.0
  0.0  0.0  0.0  0.0  0.0  0.0  0.0  0.0 26.7 26.7 53.3 13.3  0.0 26.7  0.0
  0.0  0.0  0.0  0.0  0.0 13.3  0.0 40.0  0.0  0.0  0.0  0.0  0.0 13.3  0.0
    -27.15     -1.07      6.87     -6.61     11.03  0.0  0.0  0.0  0.0  0.0
                                    t000009_s16_p6_el2ap.txt 20.0  5.1  119
  0.0  0.0  0.0 16.8  0.0  0.0  0.0  0.0  0.0  0.0  0.0  0.0  0.0  0.0  0.0
  0.0  0.0  0.0  0.0  0.0  0.0302.5159.7 42.0 67.2 25.2  0.0  8.4  0.0  8.4
  0.0  0.0 67.2  8.4  0.0  8.4  0.0  0.0  0.0  0.0  0.0  8.4  0.0  8.4  8.4
 16.8  0.0  0.0  0.0  0.0  0.0  0.0 33.6  0.0  8.4 58.8 25.2  0.0 92.4  0.0
  0.0  0.0  0.0  0.0  0.0  0.0  0.0  0.0  0.0  0.0  0.0  0.0  0.0  0.0  0.0
  0.0  0.0  0.0  0.0  0.0  0.0  0.0  0.0  0.0  0.0  0.0  0.0  0.0  0.0  0.0
  0.0  0.0  0.0  0.0  0.0  0.0  0.0  0.0  0.0  0.0  0.0  0.0  0.0  0.0  0.0
  0.0  0.0  0.0  0.0  0.0  0.0  0.0  0.0  0.0  0.0  0.0  0.0  0.0  0.0  0.0
  0.0  8.4  0.0  0.0  0.0  0.0  0.0  8.4 16.8  0.0 25.2 16.8  8.4  8.4  0.0
  0.0  0.0  0.0  0.0  0.0  0.0  0.0 33.6  8.4  0.0  0.0  0.0  8.4  0.0  0.0
    -27.96     -0.84      6.97     -3.24      9.53  0.0  0.0  0.0  0.0  0.0
                                    t000009_s16_p7_el2ap.txt 13.3  5.4   64
  0.0  0.0  0.0 15.6  0.0  0.0  0.0  0.0  0.0  0.0  0.0  0.0  0.0  0.0  0.0
  0.0  0.0  0.0 31.3  0.0  0.0328.1171.9 62.5 31.3 15.6  0.0  0.0  0.0  0.0
  0.0  0.0 93.8  0.0  0.0 31.3  0.0  0.0  0.0  0.0  0.0  0.0  0.0  0.0  0.0
  0.0  0.0  0.0  0.0  0.0  0.0 31.3  0.0  0.0  0.0109.4 15.6  0.0 62.5 15.6
 15.6  0.0  0.0  0.0  0.0  0.0  0.0  0.0  0.0  0.0  0.0  0.0  0.0  0.0  0.0
  0.0  0.0  0.0  0.0  0.0  0.0  0.0  0.0  0.0  0.0  0.0  0.0  0.0  0.0  0.0
  0.0  0.0  0.0  0.0  0.0  0.0  0.0  0.0  0.0  0.0 15.6  0.0  0.0  0.0  0.0
  0.0  0.0  0.0  0.0  0.0  0.0  0.0 15.6  0.0  0.0  0.0  0.0  0.0  0.0  0.0
  0.0  0.0  0.0  0.0  0.0  0.0  0.0  0.0 15.6 15.6 62.5  0.0 31.3 15.6  0.0
  0.0  0.0  0.0  0.0  0.0  0.0  0.0  0.0  0.0  0.0  0.0  0.0 31.3  0.0  0.0
    -24.50     -4.01      5.71     -6.61     -3.63  0.0  0.0  0.0  0.0  0.0
                                    t000009_s16_p8_el2ap.txt 12.5  5.4   75
  0.0  0.0  0.0 13.3  0.0  0.0  0.0  0.0  0.0  0.0  0.0 13.3  0.0  0.0  0.0
  0.0  0.0  0.0 53.3  0.0  0.0293.3133.3 40.0 93.3  0.0  0.0  0.0  0.0  0.0
 13.3 13.3 26.7  0.0  0.0 26.7  0.0  0.0  0.0  0.0  0.0 13.3  0.0 66.7  0.0
 26.7  0.0  0.0  0.0  0.0  0.0 80.0 93.3  0.0 13.3 66.7  0.0  0.0120.0  0.0
 13.3  0.0  0.0  0.0  0.0  0.0  0.0  0.0  0.0  0.0  0.0  0.0  0.0  0.0  0.0
  0.0  0.0  0.0  0.0  0.0  0.0  0.0  0.0  0.0  0.0  0.0  0.0  0.0  0.0  0.0
  0.0  0.0  0.0  0.0  0.0  0.0  0.0  0.0  0.0  0.0  0.0  0.0  0.0  0.0  0.0
  0.0  0.0  0.0  0.0  0.0  0.0  0.0  0.0  0.0  0.0  0.0  0.0  0.0  0.0  0.0
  0.0  0.0  0.0  0.0  0.0  0.0  0.0  0.0 13.3 26.7 13.3  0.0 40.0  0.0  0.0
  0.0  0.0  0.0  0.0  0.0  0.0  0.0 13.3  0.0 13.3  0.0  0.0  0.0  0.0  0.0
     -8.43     -2.66     18.37     -1.27     15.08  0.0  0.0  0.0  0.0  0.0
                                    t000009_s16_p9_el2ap.txt 22.5  5.4  114
  0.0  0.0  0.0 61.4  0.0  0.0  0.0  0.0  0.0  8.8 17.5  8.8  0.0  0.0  0.0
  0.0  0.0 35.1 17.5  0.0  0.0342.1 96.5 61.4  8.8 26.3  0.0  0.0  0.0  0.0
  0.0  0.0 87.7  0.0  0.0 43.9  8.8  0.0  0.0  0.0  0.0  0.0 17.5  8.8  0.0
 17.5  0.0  0.0  0.0  8.8 35.1 26.3 26.3  0.0  0.0 96.5 26.3  8.8122.8 17.5
  8.8  0.0  0.0  0.0  0.0  0.0  0.0  0.0  0.0  0.0  0.0  0.0  0.0  0.0  0.0
  0.0  0.0  0.0  0.0  0.0  0.0  0.0  0.0  0.0  8.8  0.0  0.0  0.0  0.0  0.0
  0.0  0.0  0.0  0.0  0.0  0.0  0.0  8.8  0.0  0.0  0.0  0.0  0.0  0.0  0.0
  0.0  8.8  0.0  8.8  0.0  8.8  8.8  0.0  0.0  0.0  0.0  0.0  0.0  0.0  0.0
  0.0  0.0  0.0  0.0  0.0  0.0  0.0  0.0 17.5  8.8  0.0 17.5 17.5  8.8  0.0
  0.0  0.0  0.0  0.0  0.0  0.0  0.0 52.6  0.0  0.0  0.0  0.0  0.0  0.0  0.0
     -5.24     -4.27      4.57     -6.61     14.33  8.8  0.0  0.0  0.0  0.0
                                     t000009_s2_p1_el2ap.txt 11.8  5.5   51
  0.0  0.0  0.0  0.0  0.0  0.0  0.0  0.0 19.6  0.0  0.0  0.0  0.0  0.0  0.0
  0.0  0.0  0.0 19.6  0.0  0.0451.0156.9 78.4 19.6  0.0  0.0  0.0  0.0  0.0
  0.0  0.0117.6  0.0 19.6 19.6  0.0  0.0  0.0  0.0  0.0  0.0  0.0 19.6  0.0
  0.0  0.0  0.0  0.0  0.0  0.0 19.6 19.6  0.0  0.0 98.0 19.6  0.0 19.6  0.0
  0.0  0.0  0.0  0.0  0.0  0.0  0.0  0.0  0.0  0.0  0.0  0.0  0.0  0.0  0.0
  0.0  0.0  0.0  0.0  0.0  0.0  0.0  0.0  0.0  0.0  0.0  0.0  0.0  0.0  0.0
  0.0  0.0  0.0  0.0  0.0  0.0  0.0  0.0  0.0  0.0  0.0  0.0  0.0  0.0  0.0
  0.0  0.0  0.0  0.0  0.0  0.0  0.0  0.0  0.0  0.0  0.0  0.0  0.0  0.0  0.0
  0.0 19.6  0.0  0.0  0.0  0.0  0.0  0.0 19.6  0.0 39.2 19.6  0.0  0.0  0.0
  0.0  0.0  0.0  0.0  0.0  0.0  0.0 19.6  0.0  0.0  0.0  0.0  0.0  0.0  0.0
    -30.63     -5.08      2.26     -6.61     -0.66  0.0  0.0  0.0  0.0  0.0
                                     t000009_s4_p1_el2ap.txt 13.0  5.2   67
 44.8  0.0  0.0 14.9  0.0  0.0  0.0  0.0  0.0  0.0  0.0  0.0  0.0  0.0  0.0
  0.0  0.0  0.0 29.9  0.0 14.9417.9 89.6 29.9 44.8 14.9  0.0  0.0  0.0  0.0
  0.0  0.0119.4  0.0  0.0 14.9 59.7  0.0  0.0  0.0  0.0  0.0 14.9  0.0  0.0
  0.0  0.0 14.9  0.0  0.0  0.0 29.9  0.0  0.0  0.0 29.9 14.9  0.0119.4  0.0
 14.9  0.0  0.0  0.0  0.0  0.0  0.0  0.0  0.0  0.0  0.0  0.0  0.0  0.0  0.0
  0.0  0.0  0.0  0.0  0.0 14.9  0.0  0.0  0.0  0.0  0.0  0.0  0.0  0.0  0.0
  0.0 14.9 14.9  0.0  0.0  0.0  0.0  0.0  0.0  0.0  0.0  0.0  0.0  0.0  0.0
 14.9  0.0  0.0 14.9 29.9  0.0 29.9  0.0  0.0  0.0  0.0  0.0  0.0  0.0  0.0
  0.0  0.0  0.0  0.0  0.0  0.0  0.0 14.9 29.9 14.9  0.0 29.9 29.9  0.0  0.0
  0.0  0.0  0.0  0.0  0.0  0.0  0.0 14.9 14.9  0.0 29.9  0.0  0.0  0.0  0.0
    -12.07     -3.59      8.42     -6.61      5.70 14.9  0.0  0.0  0.0  0.0
                                     t000009_s4_p2_el2ap.txt 14.5  5.5   76
  0.0  0.0  0.0 39.5  0.0  0.0  0.0  0.0  0.0  0.0  0.0  0.0  0.0  0.0  0.0
  0.0  0.0 13.2  0.0  0.0  0.0355.3144.7 65.8 13.2 26.3 13.2  0.0  0.0 26.3
  0.0  0.0131.6  0.0  0.0 52.6  0.0  0.0  0.0  0.0  0.0 13.2  0.0 13.2  0.0
 13.2  0.0  0.0  0.0  0.0 13.2  0.0 26.3  0.0 26.3 78.9 26.3  0.0 65.8  0.0
  0.0  0.0  0.0  0.0  0.0  0.0  0.0  0.0  0.0  0.0  0.0  0.0  0.0  0.0  0.0
  0.0  0.0  0.0  0.0  0.0  0.0  0.0  0.0  0.0  0.0  0.0  0.0  0.0  0.0  0.0
  0.0 13.2  0.0  0.0  0.0  0.0  0.0  0.0  0.0  0.0  0.0  0.0  0.0  0.0  0.0
  0.0  0.0  0.0  0.0 13.2  0.0 13.2  0.0  0.0  0.0  0.0  0.0  0.0  0.0  0.0
  0.0  0.0  0.0  0.0  0.0  0.0  0.0 13.2 13.2  0.0  0.0 26.3  0.0 13.2  0.0
 13.2  0.0  0.0  0.0  0.0 26.3  0.0 13.2 13.2 13.2  0.0  0.0  0.0  0.0  0.0
    -26.70     -1.59     20.28     -1.34      2.61  0.0  0.0  0.0  0.0  0.0
                                     t000009_s4_p3_el2ap.txt 11.5  5.9   59
 16.9  0.0  0.0 33.9  0.0  0.0  0.0  0.0  0.0  0.0  0.0  0.0  0.0  0.0  0.0
  0.0  0.0  0.0 16.9  0.0 16.9372.9186.4 67.8 33.9 16.9  0.0  0.0  0.0  0.0
  0.0  0.0186.4  0.0  0.0  0.0  0.0  0.0  0.0  0.0  0.0  0.0  0.0 16.9  0.0
 16.9  0.0  0.0  0.0  0.0  0.0 16.9 33.9  0.0  0.0 84.7 16.9  0.0 84.7  0.0
  0.0  0.0  0.0  0.0  0.0  0.0  0.0  0.0  0.0  0.0  0.0  0.0  0.0  0.0  0.0
  0.0  0.0  0.0  0.0  0.0  0.0  0.0  0.0  0.0  0.0  0.0  0.0  0.0  0.0  0.0
  0.0  0.0  0.0  0.0  0.0  0.0  0.0  0.0  0.0  0.0  0.0  0.0  0.0  0.0  0.0
  0.0  0.0  0.0  0.0  0.0  0.0  0.0  0.0  0.0  0.0  0.0  0.0  0.0  0.0  0.0
  0.0  0.0  0.0  0.0  0.0  0.0  0.0 16.9 33.9 16.9 33.9 16.9  0.0  0.0  0.0
 16.9  0.0  0.0  0.0  0.0  0.0 16.9 16.9  0.0 33.9 16.9  0.0 16.9  0.0  0.0
    -22.50     -3.86     13.92     -6.61      4.41  0.0  0.0  0.0  0.0  0.0
                                     t000009_s4_p4_el2ap.txt 18.5  5.2   98
  0.0  0.0  0.0 40.8  0.0  0.0  0.0  0.0  0.0  0.0  0.0  0.0  0.0  0.0  0.0
  0.0  0.0  0.0 10.2  0.0  0.0295.9153.1 51.0 51.0 61.2  0.0 10.2 10.2  0.0
 10.2  0.0 71.4 10.2  0.0 20.4  0.0  0.0 20.4  0.0  0.0  0.0 10.2  0.0  0.0
  0.0  0.0  0.0 10.2  0.0  0.0 10.2  0.0  0.0 20.4 91.8 61.2  0.0122.4 30.6
  0.0  0.0  0.0  0.0  0.0  0.0  0.0  0.0  0.0  0.0  0.0  0.0  0.0  0.0  0.0
  0.0  0.0  0.0  0.0  0.0  0.0  0.0  0.0  0.0  0.0  0.0  0.0  0.0  0.0  0.0
  0.0 10.2  0.0  0.0  0.0  0.0  0.0  0.0  0.0  0.0 10.2  0.0  0.0  0.0  0.0
  0.0  0.0  0.0  0.0 10.2  0.0 10.2 10.2  0.0  0.0  0.0  0.0  0.0  0.0  0.0
  0.0  0.0  0.0  0.0  0.0  0.0  0.0 20.4 20.4 10.2 40.8 20.4  0.0  0.0  0.0
 10.2  0.0  0.0  0.0  0.0  0.0  0.0 61.2 20.4 10.2  0.0  0.0  0.0  0.0  0.0
    -25.52      0.56     17.14     -0.02      2.75  0.0  0.0  0.0  0.0  0.0
                                     t000009_s4_p5_el2ap.txt 28.0  5.6  163
  0.0  0.0  0.0 61.3  0.0  0.0  0.0  6.1  0.0  0.0 12.3  0.0  6.1  0.0  0.0
  6.1  0.0 18.4 18.4  0.0 12.3355.8135.0 73.6  0.0  6.1  0.0  0.0  0.0  6.1
  0.0  0.0116.6  6.1  6.1 18.4 24.5  0.0  6.1  0.0  6.1 12.3  6.1  0.0  0.0
  0.0  0.0  0.0 18.4  6.1 24.5 18.4  0.0  0.0  6.1104.3  6.1  0.0 98.2 18.4
 12.3  0.0  0.0  0.0  0.0  0.0  0.0  0.0  0.0  0.0  0.0  0.0  0.0  0.0  0.0
  0.0  0.0  0.0  0.0  0.0  0.0  0.0  0.0  0.0  0.0  0.0  0.0  0.0  0.0  0.0
  0.0  0.0  0.0  0.0  0.0  0.0  0.0  0.0  0.0  0.0  0.0  0.0  0.0  0.0  0.0
  0.0  0.0  0.0  0.0  0.0  0.0  0.0  0.0  0.0  0.0  0.0  0.0  0.0  0.0  0.0
  0.0  0.0  0.0  0.0  0.0  0.0  0.0  0.0 18.4  6.1 30.7 24.5  6.1  0.0 18.4
  6.1  6.1  0.0  0.0  0.0  6.1  6.1  0.0 24.5  0.0  6.1  6.1 12.3  6.1  0.0
     -8.68     -5.46      7.53      3.20      0.21  0.0  0.0  0.0  0.0  0.0
                                     t000009_s4_p6_el2ap.txt 23.0  5.3  122
  0.0  0.0  0.0 82.0  0.0  0.0  0.0  0.0  0.0 24.6  0.0  0.0  0.0  0.0  0.0
  0.0  0.0  8.2  0.0  0.0  0.0344.3106.6 41.0  0.0  8.2  0.0  0.0  0.0  0.0
  0.0  0.0131.1  0.0  8.2 49.2 24.6  0.0  0.0  0.0  0.0  8.2 24.6  0.0  0.0
  0.0  0.0 16.4  0.0 16.4  8.2  0.0  0.0  0.0  0.0 73.8  8.2  8.2123.0 16.4
 16.4  0.0  0.0  0.0  0.0  0.0  0.0  0.0  0.0  0.0  0.0  0.0  0.0  0.0  0.0
  0.0  0.0  0.0  0.0  0.0  0.0  0.0  8.2  0.0  0.0  0.0  0.0  0.0  0.0  0.0
  0.0  8.2  0.0  0.0  0.0  0.0  0.0  0.0  0.0  0.0  0.0  0.0  0.0  0.0  0.0
  0.0  8.2  0.0  8.2  8.2  0.0  8.2  0.0  0.0  0.0  0.0  0.0  0.0  0.0  0.0
  0.0  0.0  0.0  0.0  0.0  0.0  0.0  0.0  8.2  0.0 24.6  0.0  8.2  0.0  0.0
  8.2  0.0  0.0  0.0  0.0  0.0 16.4 32.8  0.0  0.0  0.0  0.0  0.0  8.2  0.0
    -19.79     -5.36      4.88     -3.33     11.74  0.0  0.0  8.2  0.0  0.0
                                     t000009_s7_p1_el2ap.txt 15.8  5.9   83
  0.0  0.0  0.0 72.3  0.0  0.0  0.0  0.0  0.0  0.0  0.0  0.0  0.0  0.0  0.0
  0.0  0.0  0.0 24.1  0.0  0.0301.2120.5120.5  0.0 12.0  0.0  0.0  0.0  0.0
  0.0 24.1108.4  0.0 12.0 48.2  0.0  0.0  0.0  0.0  0.0 12.0  0.0 12.0 12.0
  0.0  0.0  0.0  0.0  0.0  0.0 48.2 24.1  0.0  0.0168.7 12.0  0.0 84.3 12.0
 24.1  0.0  0.0  0.0  0.0  0.0  0.0  0.0  0.0  0.0  0.0  0.0  0.0  0.0  0.0
  0.0  0.0  0.0  0.0  0.0  0.0  0.0  0.0  0.0  0.0  0.0  0.0  0.0  0.0  0.0
  0.0  0.0  0.0  0.0  0.0  0.0  0.0  0.0  0.0  0.0  0.0  0.0 12.0  0.0  0.0
  0.0  0.0  0.0  0.0  0.0  0.0  0.0 12.0  0.0  0.0  0.0  0.0  0.0  0.0  0.0
  0.0  0.0  0.0  0.0  0.0  0.0  0.0  0.0 36.1 12.0 36.1  0.0  0.0 12.0  0.0
  0.0  0.0  0.0  0.0  0.0  0.0 12.0  0.0  0.0  0.0  0.0 12.0  0.0 12.0  0.0
    -25.97     -5.19     11.15     -1.79      7.47  0.0  0.0  0.0  0.0  0.0
                                     t000009_s7_p2_el2ap.txt 26.5  5.7  157
 19.1  0.0  0.0 25.5  0.0  0.0  0.0  0.0  0.0  0.0  0.0  0.0  0.0  0.0  0.0
  0.0  0.0  0.0  6.4  0.0  0.0356.7172.0 70.1 25.5 12.7 12.7  6.4  0.0  0.0
  0.0  6.4127.4  0.0  0.0 19.1  6.4  0.0  0.0  0.0  0.0  6.4  6.4 12.7  0.0
  6.4  0.0 19.1  0.0  0.0  0.0 12.7 19.1  0.0  0.0 76.4 12.7  0.0 82.8 12.7
  0.0  0.0  0.0  0.0  0.0  0.0  0.0  0.0  0.0  0.0  0.0  0.0  0.0  0.0  0.0
  0.0  0.0  0.0  0.0  0.0 12.7  6.4  0.0  0.0  0.0  0.0  0.0  0.0  0.0  0.0
  0.0  0.0  0.0  0.0  0.0  0.0  0.0  0.0  0.0  0.0  0.0  0.0  0.0  0.0  0.0
 19.1  0.0  0.0 19.1  0.0  0.0  0.0  0.0  0.0  0.0  0.0  0.0  0.0  0.0  0.0
  0.0  0.0  0.0  0.0  0.0  0.0  0.0  0.0 12.7  6.4 19.1  0.0  6.4  6.4  0.0
  0.0  0.0  6.4  0.0  0.0  0.0  6.4 12.7  6.4  6.4 12.7  6.4 12.7  0.0  0.0
    -29.52     -0.69     11.09     -4.06      4.34  0.0  0.0  0.0  0.0  0.0
                                     t000009_s7_p3_el2ap.txt 30.0  5.6  194
  0.0  0.0  0.0 56.7  0.0  0.0  0.0  0.0  5.2  0.0  0.0  0.0  0.0  0.0  0.0
  0.0  0.0  0.0 10.3  0.0  0.0350.5154.6 87.6  0.0  5.2 30.9  0.0  0.0  0.0
  0.0  0.0 97.9  0.0  0.0 30.9 10.3  0.0  5.2  0.0  0.0 10.3  5.2 10.3  0.0
 10.3  0.0  0.0  0.0  0.0  0.0 10.3 20.6  0.0  0.0108.2 10.3  0.0108.2 15.5
  0.0  0.0  0.0  0.0  0.0  0.0  0.0  0.0  0.0  0.0  0.0  0.0  0.0  0.0  0.0
  0.0  0.0  0.0  0.0  0.0  0.0  0.0  0.0  0.0  0.0  0.0  0.0  0.0  0.0  0.0
  0.0  0.0  5.2  0.0  0.0  0.0  0.0  0.0  0.0  0.0 10.3  0.0  0.0  0.0  0.0
  0.0  0.0  0.0  0.0  5.2  0.0  5.2 10.3  0.0  0.0  0.0  0.0  0.0  0.0  0.0
  0.0  0.0  0.0  0.0  0.0  0.0  0.0  0.0 30.9 15.5 25.8 15.5  0.0  0.0  0.0
  5.2  0.0 20.6  0.0  0.0  5.2  0.0 30.9  5.2 10.3  5.2  5.2  0.0  0.0  0.0
    -29.27      0.45      6.02     -0.82      4.48 10.3  0.0  0.0  0.0  0.0
                                     t000009_s7_p4_el2ap.txt 16.0  5.9   75
  0.0  0.0  0.0 40.0  0.0  0.0  0.0  0.0  0.0  0.0  0.0  0.0  0.0  0.0  0.0
  0.0  0.0 13.3  0.0  0.0  0.0440.0173.3 80.0 26.7  0.0  0.0  0.0  0.0  0.0
  0.0  0.0160.0  0.0 13.3 13.3  0.0  0.0  0.0  0.0  0.0  0.0  0.0 13.3  0.0
  0.0  0.0  0.0  0.0  0.0 13.3  0.0 13.3  0.0  0.0 93.3  0.0  0.0 66.7  0.0
  0.0  0.0  0.0  0.0  0.0  0.0  0.0  0.0  0.0  0.0  0.0  0.0  0.0  0.0  0.0
  0.0  0.0  0.0  0.0  0.0  0.0  0.0  0.0  0.0  0.0  0.0  0.0  0.0  0.0  0.0
  0.0  0.0  0.0  0.0  0.0  0.0  0.0  0.0  0.0  0.0  0.0  0.0  0.0  0.0  0.0
  0.0  0.0  0.0  0.0  0.0  0.0  0.0  0.0  0.0  0.0  0.0  0.0  0.0  0.0  0.0
  0.0 13.3  0.0  0.0  0.0  0.0  0.0  0.0 26.7 13.3 66.7 40.0  0.0 13.3  0.0
  0.0  0.0  0.0  0.0  0.0  0.0  0.0 13.3  0.0  0.0  0.0  0.0 13.3  0.0  0.0
    -32.02     -4.85      7.41     -6.61     -1.61  0.0  0.0 13.3  0.0  0.0
                                     t000010_s1_p1_el2ap.txt 20.5  6.7  130
  7.7  0.0  0.0  7.7  0.0  0.0  0.0  0.0  0.0  0.0  0.0  0.0  0.0  7.7  0.0
  0.0  0.0  0.0  7.7  0.0  0.0369.2130.8138.5 38.5  0.0  0.0  7.7  0.0  0.0
  0.0  7.7161.5  0.0  0.0 15.4 15.4  0.0  0.0  0.0  0.0  0.0  0.0 23.1  0.0
  0.0  0.0  7.7  0.0  0.0  0.0 15.4 23.1  0.0  0.0138.5  0.0  0.0 76.9  7.7
 15.4  0.0  0.0  0.0  0.0  0.0  0.0  0.0  0.0  0.0  0.0  0.0  0.0  0.0  0.0
  0.0  0.0  0.0  7.7  0.0  0.0  0.0  0.0  0.0  0.0  0.0  0.0  0.0  0.0  0.0
  0.0  0.0  0.0  0.0  0.0  0.0  0.0  0.0  0.0  0.0  0.0  0.0  0.0  0.0  0.0
  7.7  0.0  0.0  7.7  0.0  0.0  0.0  0.0  0.0  0.0  0.0  0.0  0.0  0.0  0.0
  0.0  0.0  0.0  0.0  0.0  0.0  0.0  0.0 46.2  7.7 23.1  0.0  0.0  0.0  0.0
  0.0  0.0  0.0  0.0  0.0  7.7  0.0 15.4  7.7 15.4  7.7  0.0  7.7  0.0  0.0
    -32.04     -3.04     14.17     -6.61     -0.13  0.0  0.0  0.0  0.0  0.0
                                    t000010_s14_p1_el2ap.txt 16.3  5.3   87
  0.0  0.0  0.0 11.5  0.0  0.0  0.0  0.0  0.0  0.0  0.0  0.0  0.0  0.0  0.0
  0.0  0.0  0.0  0.0  0.0  0.0298.9172.4 80.5 46.0 11.5  0.0  0.0  0.0  0.0
  0.0 11.5 57.5  0.0  0.0  0.0  0.0  0.0  0.0  0.0  0.0  0.0  0.0 46.0  0.0
 11.5  0.0  0.0  0.0  0.0  0.0 11.5 57.5  0.0  0.0114.9 11.5  0.0 80.5  0.0
  0.0  0.0  0.0  0.0  0.0  0.0  0.0  0.0  0.0  0.0  0.0  0.0  0.0  0.0  0.0
  0.0  0.0  0.0  0.0  0.0  0.0  0.0  0.0  0.0  0.0  0.0  0.0  0.0  0.0  0.0
  0.0  0.0  0.0  0.0  0.0  0.0  0.0  0.0  0.0  0.0 23.0  0.0  0.0  0.0  0.0
  0.0  0.0  0.0  0.0  0.0  0.0  0.0 23.0  0.0  0.0  0.0  0.0  0.0  0.0  0.0
  0.0  0.0  0.0  0.0  0.0  0.0  0.0  0.0 46.0 11.5 23.0 11.5  0.0 11.5 23.0
  0.0  0.0  0.0  0.0  0.0 11.5 11.5 11.5  0.0 11.5  0.0  0.0  0.0  0.0  0.0
    -31.10     -3.70      9.22     -6.61      7.05  0.0  0.0  0.0  0.0  0.0
                                   t000010_s14_p10_el2ap.txt 16.0  5.7   96
  0.0  0.0  0.0 20.8  0.0  0.0  0.0  0.0 10.4  0.0  0.0  0.0  0.0  0.0  0.0
  0.0  0.0  0.0  0.0  0.0  0.0302.1156.3 93.8 52.1  0.0  0.0 10.4  0.0  0.0
  0.0  0.0 62.5 10.4  0.0  0.0  0.0  0.0  0.0  0.0  0.0  0.0  0.0 31.3  0.0
 20.8 10.4 10.4  0.0  0.0  0.0 10.4 52.1  0.0  0.0104.2 10.4  0.0104.2 10.4
  0.0  0.0  0.0  0.0  0.0  0.0  0.0  0.0  0.0  0.0  0.0  0.0  0.0  0.0  0.0
  0.0  0.0  0.0 10.4  0.0  0.0  0.0  0.0  0.0  0.0  0.0  0.0  0.0  0.0  0.0
  0.0  0.0  0.0  0.0  0.0  0.0  0.0  0.0  0.0  0.0  0.0  0.0  0.0  0.0  0.0
 10.4  0.0  0.0 10.4  0.0  0.0  0.0  0.0  0.0  0.0  0.0  0.0  0.0  0.0  0.0
  0.0  0.0  0.0  0.0  0.0  0.0  0.0  0.0 31.3 10.4  0.0  0.0 10.4  0.0 20.8
  0.0  0.0  0.0  0.0 10.4  0.0  0.0 31.3 10.4  0.0  0.0  0.0 10.4  0.0  0.0
    -31.63     -2.09      2.34     -6.61      7.83 10.4  0.0  0.0  0.0  0.0
                                    t000010_s14_p2_el2ap.txt 17.3  5.2   90
  0.0  0.0  0.0 22.2  0.0  0.0  0.0  0.0  0.0  0.0  0.0  0.0  0.0  0.0  0.0
  0.0  0.0  0.0  0.0  0.0  0.0344.4133.3 66.7 55.6  0.0  0.0  0.0  0.0  0.0
  0.0 11.1 77.8  0.0 11.1 11.1 11.1  0.0 11.1  0.0 22.2 11.1  0.0 22.2  0.0
 11.1  0.0  0.0  0.0  0.0 22.2 11.1 33.3  0.0  0.0 66.7  0.0  0.0111.1 11.1
  0.0  0.0  0.0  0.0  0.0  0.0  0.0  0.0  0.0  0.0  0.0  0.0  0.0  0.0  0.0
  0.0  0.0  0.0  0.0  0.0  0.0  0.0  0.0  0.0  0.0  0.0  0.0  0.0  0.0  0.0
  0.0  0.0  0.0  0.0  0.0  0.0  0.0  0.0  0.0  0.0 11.1  0.0  0.0  0.0  0.0
  0.0  0.0  0.0  0.0  0.0  0.0  0.0 11.1  0.0  0.0  0.0  0.0  0.0  0.0  0.0
  0.0  0.0  0.0  0.0  0.0  0.0  0.0  0.0 44.4  0.0 11.1  0.0 11.1  0.0 11.1
 11.1  0.0  0.0  0.0  0.0 11.1  0.0 44.4  0.0  0.0  0.0  0.0  0.0  0.0  0.0
    -29.49     -3.90      6.59     12.01      3.32  0.0  0.0  0.0  0.0  0.0
                                    t000010_s14_p3_el2ap.txt 14.8  4.8   78
 12.8  0.0  0.0 76.9  0.0  0.0  0.0  0.0  0.0 25.6  0.0  0.0  0.0  0.0  0.0
  0.0  0.0  0.0  0.0  0.0  0.0320.5115.4 89.7 25.6 12.8  0.0  0.0  0.0 12.8
  0.0  0.0 89.7  0.0  0.0  0.0 12.8  0.0  0.0  0.0 12.8  0.0  0.0 25.6  0.0
  0.0  0.0 12.8  0.0  0.0 12.8  0.0 25.6  0.0 12.8102.6 12.8  0.0115.4  0.0
  0.0  0.0  0.0  0.0  0.0  0.0  0.0  0.0  0.0  0.0  0.0  0.0  0.0  0.0  0.0
  0.0  0.0  0.0  0.0  0.0  0.0 12.8  0.0  0.0  0.0  0.0  0.0  0.0  0.0  0.0
  0.0  0.0  0.0  0.0  0.0  0.0  0.0  0.0  0.0  0.0  0.0  0.0  0.0  0.0  0.0
 12.8  0.0  0.0 12.8  0.0  0.0  0.0  0.0  0.0  0.0  0.0  0.0  0.0  0.0  0.0
  0.0  0.0  0.0  0.0  0.0  0.0  0.0 12.8 25.6 12.8 12.8 25.6  0.0  0.0  0.0
  0.0  0.0  0.0  0.0 12.8  0.0  0.0 25.6  0.0  0.0  0.0  0.0 12.8 12.8  0.0
    -22.07     -4.31     13.62     -0.50      0.26  0.0  0.0  0.0  0.0  0.0
                                    t000010_s14_p4_el2ap.txt 26.5  5.2  159
 18.9  0.0  0.0 37.7  0.0  0.0  6.3  0.0  0.0  6.3  0.0  0.0  0.0  0.0  0.0
  0.0  0.0  0.0  6.3  0.0  0.0371.1 94.3132.1  6.3  0.0  0.0  0.0  0.0  0.0
  0.0  0.0106.9  0.0  0.0 12.6  0.0  0.0  0.0  0.0  0.0  0.0  0.0 18.9  0.0
  0.0  0.0  0.0  0.0  0.0  0.0  6.3 18.9  0.0  0.0163.5  0.0  0.0 50.3  6.3
  6.3  0.0  0.0  0.0  0.0  0.0  0.0  0.0  0.0  0.0  0.0  0.0  0.0  0.0  0.0
  0.0  0.0  0.0  6.3  0.0  0.0  0.0  0.0  0.0  0.0  0.0  0.0  0.0  0.0  0.0
  0.0  0.0  6.3  0.0  0.0  0.0  0.0  0.0  0.0  0.0  0.0  0.0  0.0  0.0  0.0
  6.3  0.0  0.0  6.3  6.3  0.0  6.3  0.0  0.0  0.0  0.0  0.0  0.0  0.0  0.0
  0.0  6.3  0.0  0.0  0.0  0.0  0.0  6.3 37.7 37.7  6.3 12.6  0.0  0.0  0.0
  0.0  0.0  0.0  0.0  0.0  0.0  0.0 12.6  0.0  6.3  0.0  0.0  0.0  0.0  0.0
    -26.53     -5.52      7.68     -6.61     -0.77  0.0  0.0  6.3  0.0  0.0
                                    t000010_s14_p5_el2ap.txt  8.8  6.4   47
  0.0  0.0  0.0  0.0  0.0  0.0  0.0  0.0  0.0  0.0  0.0  0.0  0.0  0.0  0.0
  0.0  0.0  0.0  0.0  0.0  0.0297.9 85.1 85.1148.9  0.0  0.0  0.0  0.0  0.0
  0.0 21.3 63.8 21.3  0.0 42.6 21.3  0.0  0.0  0.0  0.0 21.3 21.3106.4  0.0
  0.0  0.0  0.0  0.0  0.0  0.0 21.3106.4  0.0  0.0 85.1  0.0  0.0170.2  0.0
  0.0  0.0  0.0  0.0  0.0  0.0  0.0  0.0  0.0  0.0  0.0  0.0  0.0  0.0  0.0
  0.0  0.0  0.0  0.0  0.0  0.0  0.0  0.0  0.0  0.0  0.0  0.0  0.0  0.0  0.0
  0.0 21.3  0.0  0.0  0.0  0.0  0.0  0.0  0.0  0.0  0.0  0.0  0.0  0.0  0.0
  0.0  0.0  0.0  0.0 21.3  0.0 21.3  0.0  0.0  0.0  0.0  0.0  0.0  0.0  0.0
  0.0  0.0  0.0  0.0  0.0  0.0  0.0  0.0 21.3  0.0  0.0  0.0  0.0 21.3  0.0
 21.3  0.0  0.0  0.0  0.0 21.3  0.0 63.8 42.6 21.3  0.0  0.0  0.0 21.3  0.0
    -31.08     -0.83      4.79      1.91     25.79  0.0  0.0  0.0  0.0  0.0
                                    t000010_s14_p6_el2ap.txt  5.8  5.1   31
  0.0  0.0  0.0  0.0  0.0  0.0  0.0  0.0  0.0  0.0  0.0  0.0  0.0  0.0  0.0
  0.0  0.0  0.0  0.0  0.0  0.0548.4193.5 32.3 32.3  0.0  0.0  0.0  0.0  0.0
  0.0  0.0129.0  0.0  0.0  0.0  0.0  0.0  0.0  0.0  0.0  0.0  0.0  0.0  0.0
  0.0  0.0  0.0  0.0  0.0  0.0  0.0  0.0  0.0  0.0 32.3  0.0  0.0 32.3  0.0
  0.0  0.0  0.0  0.0  0.0  0.0  0.0  0.0  0.0  0.0  0.0  0.0  0.0  0.0  0.0
  0.0  0.0  0.0  0.0  0.0  0.0  0.0  0.0  0.0  0.0  0.0  0.0  0.0  0.0  0.0
  0.0  0.0  0.0  0.0  0.0  0.0  0.0  0.0  0.0  0.0  0.0  0.0  0.0  0.0  0.0
  0.0  0.0  0.0  0.0  0.0  0.0  0.0  0.0  0.0  0.0  0.0  0.0  0.0  0.0  0.0
  0.0  0.0  0.0  0.0  0.0  0.0  0.0  0.0 32.3  0.0  0.0  0.0  0.0  0.0  0.0
  0.0  0.0  0.0  0.0  0.0  0.0  0.0  0.0  0.0 32.3  0.0  0.0  0.0  0.0  0.0
    -36.20     -4.67      9.93     -6.61     -3.63  0.0  0.0  0.0  0.0  0.0
                                    t000010_s14_p7_el2ap.txt 12.3  4.9   70
  0.0  0.0  0.0  0.0  0.0  0.0  0.0  0.0  0.0 14.3  0.0  0.0  0.0  0.0  0.0
  0.0  0.0  0.0 14.3  0.0  0.0300.0157.1 28.6 71.4 14.3  0.0  0.0  0.0  0.0
  0.0  0.0 57.1  0.0 14.3  0.0  0.0  0.0  0.0  0.0  0.0  0.0  0.0 57.1  0.0
  0.0  0.0  0.0  0.0  0.0  0.0 14.3 57.1  0.0  0.0 28.6 14.3  0.0 71.4  0.0
  0.0  0.0  0.0  0.0  0.0  0.0  0.0  0.0  0.0  0.0  0.0  0.0  0.0  0.0  0.0
  0.0  0.0  0.0  0.0  0.0  0.0  0.0  0.0  0.0  0.0  0.0  0.0  0.0  0.0  0.0
  0.0  0.0  0.0  0.0  0.0  0.0  0.0  0.0  0.0  0.0  0.0  0.0  0.0  0.0  0.0
  0.0  0.0  0.0  0.0  0.0  0.0  0.0  0.0  0.0  0.0  0.0  0.0  0.0  0.0  0.0
  0.0 14.3  0.0  0.0  0.0  0.0  0.0 14.3 42.9  0.0 28.6 14.3  0.0  0.0  0.0
  0.0  0.0  0.0  0.0  0.0  0.0  0.0 14.3 14.3  0.0 14.3  0.0  0.0  0.0  0.0
    -22.04     -2.74      0.74     -6.61      5.03 14.3  0.0  0.0  0.0  0.0
                                    t000010_s14_p8_el2ap.txt  8.5  6.0   44
  0.0  0.0  0.0  0.0  0.0  0.0  0.0  0.0  0.0  0.0  0.0  0.0  0.0  0.0  0.0
  0.0  0.0  0.0  0.0  0.0  0.0386.4 68.2 68.2 68.2  0.0  0.0  0.0  0.0  0.0
  0.0  0.0 90.9  0.0  0.0  0.0  0.0  0.0  0.0  0.0  0.0  0.0  0.0 68.2  0.0
  0.0  0.0  0.0  0.0  0.0  0.0  0.0 68.2  0.0  0.0113.6  0.0  0.0113.6 45.5
  0.0  0.0  0.0  0.0  0.0  0.0  0.0  0.0  0.0  0.0  0.0  0.0  0.0  0.0  0.0
  0.0  0.0  0.0  0.0  0.0  0.0  0.0  0.0  0.0  0.0  0.0  0.0  0.0  0.0  0.0
  0.0  0.0  0.0  0.0  0.0  0.0  0.0  0.0  0.0  0.0  0.0  0.0  0.0  0.0  0.0
  0.0  0.0  0.0  0.0  0.0  0.0  0.0  0.0  0.0  0.0  0.0  0.0  0.0  0.0  0.0
  0.0  0.0  0.0  0.0  0.0  0.0  0.0  0.0 45.5  0.0 45.5 45.5 22.7  0.0  0.0
  0.0  0.0  0.0  0.0  0.0  0.0  0.0 45.5  0.0  0.0  0.0  0.0  0.0  0.0  0.0
    -30.77     -3.48      7.29     -6.61      6.70  0.0  0.0  0.0  0.0  0.0
                                    t000010_s14_p9_el2ap.txt 14.5  4.9   93
  0.0  0.0  0.0 53.8  0.0  0.0  0.0  0.0  0.0  0.0  0.0  0.0  0.0  0.0  0.0
  0.0  0.0  0.0  0.0  0.0  0.0344.1118.3 75.3 53.8  0.0  0.0  0.0  0.0  0.0
  0.0 10.8 32.3  0.0  0.0 10.8  0.0  0.0  0.0  0.0  0.0  0.0  0.0 21.5  0.0
  0.0  0.0  0.0  0.0  0.0  0.0 10.8 21.5  0.0  0.0 86.0  0.0  0.0107.5  0.0
  0.0  0.0  0.0  0.0  0.0  0.0  0.0  0.0  0.0  0.0  0.0  0.0  0.0  0.0  0.0
  0.0  0.0  0.0 10.8  0.0  0.0  0.0  0.0  0.0  0.0  0.0  0.0  0.0  0.0  0.0
  0.0  0.0 10.8  0.0  0.0  0.0  0.0  0.0  0.0  0.0  0.0  0.0  0.0  0.0  0.0
 10.8  0.0  0.0 10.8 10.8  0.0 10.8  0.0  0.0  0.0  0.0  0.0  0.0  0.0  0.0
  0.0  0.0  0.0  0.0  0.0  0.0  0.0  0.0 86.0 10.8 21.5  0.0 10.8  0.0  0.0
  0.0 10.8  0.0  0.0  0.0 10.8  0.0 53.8  0.0 43.0  0.0  0.0 10.8  0.0  0.0
    -27.84     -3.96      6.59     -6.61     -0.37  0.0  0.0  0.0  0.0  0.0
                                    t000010_s19_p1_el2ap.txt  5.3  4.6   25
  0.0  0.0  0.0  0.0  0.0  0.0  0.0  0.0  0.0  0.0  0.0  0.0  0.0  0.0  0.0
  0.0  0.0  0.0  0.0  0.0  0.0360.0200.0 40.0 40.0  0.0  0.0  0.0  0.0  0.0
  0.0  0.0 40.0  0.0  0.0  0.0  0.0  0.0  0.0  0.0  0.0  0.0  0.0 40.0  0.0
  0.0  0.0  0.0  0.0  0.0  0.0  0.0 40.0  0.0  0.0 40.0  0.0  0.0 40.0  0.0
  0.0  0.0  0.0  0.0  0.0  0.0  0.0  0.0  0.0  0.0  0.0  0.0  0.0  0.0  0.0
  0.0  0.0  0.0  0.0  0.0  0.0  0.0  0.0  0.0  0.0  0.0  0.0  0.0  0.0  0.0
  0.0  0.0  0.0  0.0  0.0  0.0  0.0  0.0  0.0  0.0  0.0  0.0  0.0  0.0  0.0
  0.0  0.0  0.0  0.0  0.0  0.0  0.0  0.0  0.0  0.0  0.0  0.0  0.0  0.0  0.0
  0.0  0.0  0.0  0.0  0.0  0.0  0.0  0.0  0.0 40.0 80.0 40.0  0.0 40.0 40.0
  0.0  0.0  0.0  0.0  0.0  0.0  0.0  0.0  0.0 40.0  0.0  0.0  0.0  0.0  0.0
    -30.33     -4.41      3.75     -6.61      2.43  0.0  0.0  0.0  0.0  0.0
                                    t000010_s19_p2_el2ap.txt 14.8  5.7   98
 10.2  0.0  0.0 10.2  0.0  0.0  0.0  0.0  0.0  0.0  0.0  0.0  0.0  0.0  0.0
  0.0  0.0  0.0  0.0  0.0  0.0387.8193.9112.2 10.2  0.0  0.0  0.0  0.0  0.0
  0.0  0.0132.7  0.0  0.0 10.2  0.0  0.0  0.0  0.0  0.0  0.0 10.2 10.2  0.0
  0.0  0.0  0.0  0.0  0.0  0.0  0.0 10.2  0.0  0.0112.2  0.0  0.0 51.0  0.0
  0.0  0.0  0.0  0.0  0.0  0.0  0.0  0.0  0.0  0.0  0.0  0.0  0.0  0.0  0.0
  0.0  0.0  0.0  0.0  0.0  0.0  0.0  0.0  0.0  0.0  0.0  0.0  0.0  0.0  0.0
  0.0  0.0  0.0  0.0  0.0  0.0  0.0  0.0  0.0  0.0  0.0  0.0  0.0  0.0  0.0
  0.0  0.0  0.0  0.0  0.0  0.0  0.0  0.0  0.0  0.0  0.0  0.0  0.0  0.0  0.0
  0.0  0.0  0.0  0.0  0.0  0.0  0.0  0.0 30.6 10.2  0.0 30.6  0.0  0.0 10.2
  0.0  0.0  0.0  0.0  0.0  0.0  0.0 10.2  0.0  0.0  0.0  0.0  0.0  0.0  0.0
    -36.12     -5.39      9.61     -6.61      4.30  0.0  0.0  0.0  0.0  0.0
                                    t000010_s19_p3_el2ap.txt  5.5  5.0   24
  0.0  0.0  0.0  0.0  0.0  0.0  0.0  0.0  0.0  0.0  0.0  0.0  0.0  0.0  0.0
  0.0  0.0  0.0  0.0  0.0  0.0333.3125.0 41.7 83.3  0.0  0.0  0.0  0.0  0.0
  0.0  0.0 83.3  0.0  0.0  0.0 41.7  0.0  0.0  0.0  0.0  0.0  0.0 83.3  0.0
  0.0  0.0  0.0  0.0  0.0  0.0  0.0 83.3  0.0  0.0 41.7  0.0  0.0125.0  0.0
  0.0  0.0  0.0  0.0  0.0  0.0  0.0  0.0  0.0  0.0  0.0  0.0  0.0  0.0  0.0
  0.0  0.0  0.0  0.0  0.0  0.0  0.0  0.0  0.0  0.0  0.0  0.0  0.0  0.0  0.0
  0.0  0.0  0.0  0.0  0.0  0.0  0.0  0.0  0.0  0.0  0.0  0.0  0.0  0.0  0.0
  0.0  0.0  0.0  0.0  0.0  0.0  0.0  0.0  0.0  0.0  0.0  0.0  0.0  0.0  0.0
  0.0  0.0  0.0  0.0  0.0  0.0  0.0  0.0 41.7  0.0  0.0 41.7  0.0  0.0 41.7
  0.0  0.0  0.0  0.0  0.0  0.0  0.0 41.7 41.7 83.3  0.0  0.0  0.0  0.0  0.0
    -27.62     -2.99      6.76     -6.61      9.00  0.0  0.0  0.0  0.0  0.0
                                    t000010_s19_p4_el2ap.txt  6.3  5.9   31
  0.0  0.0  0.0  0.0  0.0  0.0  0.0  0.0  0.0  0.0  0.0  0.0  0.0  0.0  0.0
  0.0  0.0  0.0  0.0  0.0  0.0322.6193.5 96.8 64.5  0.0  0.0  0.0  0.0  0.0
  0.0 32.3 64.5  0.0  0.0  0.0  0.0  0.0  0.0  0.0  0.0  0.0  0.0 64.5  0.0
 32.3  0.0  0.0  0.0  0.0  0.0 32.3 96.8  0.0  0.0 96.8  0.0  0.0 96.8  0.0
  0.0  0.0  0.0  0.0  0.0  0.0  0.0  0.0  0.0  0.0  0.0  0.0  0.0  0.0  0.0
  0.0  0.0  0.0  0.0  0.0  0.0  0.0  0.0  0.0  0.0  0.0  0.0  0.0  0.0  0.0
  0.0  0.0  0.0  0.0  0.0  0.0  0.0  0.0  0.0  0.0  0.0  0.0  0.0  0.0  0.0
  0.0  0.0  0.0  0.0  0.0  0.0  0.0  0.0  0.0  0.0  0.0  0.0  0.0  0.0  0.0
  0.0  0.0  0.0  0.0  0.0  0.0  0.0  0.0  0.0  0.0 32.3  0.0  0.0  0.0  0.0
  0.0  0.0  0.0  0.0  0.0  0.0  0.0 32.3  0.0 32.3  0.0  0.0  0.0  0.0  0.0
    -35.31     -3.61     17.40     -6.61     16.55  0.0  0.0  0.0  0.0  0.0
                                    t000010_s19_p5_el2ap.txt  9.5  5.9   43
  0.0  0.0  0.0  0.0  0.0  0.0  0.0  0.0  0.0  0.0  0.0  0.0  0.0  0.0  0.0
  0.0  0.0  0.0 23.3  0.0  0.0395.3 93.0139.5 23.3  0.0  0.0  0.0  0.0  0.0
  0.0  0.0186.0  0.0  0.0 23.3  0.0  0.0  0.0  0.0  0.0  0.0  0.0  0.0  0.0
  0.0  0.0  0.0  0.0  0.0  0.0 23.3  0.0  0.0  0.0162.8  0.0  0.0 46.5 23.3
  0.0  0.0  0.0  0.0  0.0  0.0  0.0  0.0  0.0  0.0  0.0  0.0  0.0  0.0  0.0
  0.0  0.0  0.0  0.0  0.0  0.0  0.0  0.0  0.0  0.0  0.0  0.0  0.0  0.0  0.0
  0.0  0.0  0.0  0.0  0.0  0.0  0.0  0.0  0.0  0.0  0.0  0.0  0.0  0.0  0.0
  0.0  0.0  0.0  0.0  0.0  0.0  0.0  0.0  0.0  0.0  0.0  0.0  0.0  0.0  0.0
  0.0  0.0  0.0  0.0  0.0  0.0  0.0  0.0 93.0  0.0  0.0  0.0  0.0  0.0  0.0
  0.0  0.0  0.0  0.0  0.0  0.0  0.0  0.0  0.0  0.0  0.0  0.0  0.0  0.0  0.0
    -30.77     -4.96     12.57     -6.61     -3.63  0.0  0.0  0.0  0.0  0.0
                                    t000010_s19_p6_el2ap.txt 18.8  5.5  107
  0.0  0.0  0.0 56.1  0.0  0.0  0.0  0.0  0.0  9.3  0.0  0.0  0.0  0.0  0.0
  0.0  0.0  0.0  0.0  0.0  0.0327.1158.9 74.8  9.3  0.0 18.7  9.3  0.0  0.0
  0.0  0.0 74.8  0.0  0.0  9.3  0.0  0.0  0.0  0.0  0.0  0.0  0.0  0.0  0.0
  0.0  9.3  0.0  0.0  9.3  0.0  9.3  0.0  0.0  0.0102.8  0.0  0.0 65.4  0.0
 18.7  9.3  0.0  0.0  0.0  0.0  0.0  0.0  0.0  0.0  0.0  0.0  0.0  0.0  0.0
  0.0  0.0  0.0  0.0  0.0  0.0  0.0  0.0  9.3  0.0  0.0  0.0  0.0  0.0  0.0
  0.0  0.0  0.0  0.0  0.0  0.0  0.0  0.0  0.0  0.0  0.0  0.0  0.0  0.0  0.0
  0.0  9.3  0.0  9.3  0.0  0.0  0.0  0.0  0.0  0.0  0.0  0.0  0.0  0.0  0.0
  0.0  0.0  0.0  0.0  0.0  0.0  0.0  0.0 37.4  0.0  9.3 28.0  0.0  0.0  9.3
  0.0  0.0  0.0  0.0  9.3  9.3  0.0  0.0  0.0  9.3  0.0  0.0  0.0  0.0  0.0
    -28.93     -0.10      5.63     -6.61     -3.63  0.0  0.0  0.0  0.0  0.0
                                    t000010_s19_p7_el2ap.txt 14.0  5.3   81
  0.0  0.0  0.0  0.0  0.0  0.0  0.0  0.0  0.0  0.0  0.0  0.0  0.0  0.0  0.0
  0.0  0.0  0.0 12.3  0.0  0.0345.7148.1 24.7 24.7  0.0  0.0 12.3  0.0  0.0
  0.0  0.0 86.4  0.0  0.0 12.3 12.3  0.0  0.0  0.0  0.0 12.3  0.0 12.3  0.0
  0.0  0.0  0.0  0.0  0.0  0.0 12.3 12.3  0.0  0.0 86.4  0.0  0.0 61.7 12.3
  0.0  0.0  0.0  0.0  0.0  0.0  0.0  0.0  0.0  0.0  0.0  0.0  0.0  0.0  0.0
  0.0  0.0  0.0  0.0  0.0 12.3  0.0  0.0  0.0  0.0  0.0  0.0  0.0  0.0  0.0
  0.0  0.0  0.0  0.0  0.0  0.0  0.0  0.0  0.0  0.0  0.0  0.0  0.0  0.0  0.0
 12.3  0.0  0.0 12.3  0.0  0.0  0.0  0.0  0.0  0.0  0.0  0.0  0.0  0.0  0.0
  0.0  0.0  0.0  0.0  0.0  0.0  0.0  0.0 24.7  0.0 24.7 37.0  0.0  0.0  0.0
  0.0  0.0  0.0  0.0  0.0  0.0  0.0  0.0  0.0 37.0  0.0  0.0  0.0  0.0  0.0
    -26.15     -2.63      6.27     -1.67     -1.76  0.0  0.0  0.0  0.0  0.0
                                     t000010_s6_p1_el2ap.txt 14.3  6.4   77
 26.0  0.0  0.0  0.0  0.0  0.0  0.0  0.0  0.0  0.0  0.0  0.0  0.0  0.0  0.0
  0.0  0.0  0.0  0.0  0.0  0.0402.6116.9155.8 51.9  0.0  0.0  0.0  0.0  0.0
  0.0  0.0116.9  0.0  0.0 26.0  0.0  0.0  0.0  0.0  0.0  0.0  0.0  0.0  0.0
 13.0  0.0 13.0  0.0 13.0  0.0  0.0 13.0  0.0  0.0168.8  0.0  0.0 77.9 13.0
 13.0  0.0  0.0  0.0  0.0  0.0  0.0  0.0  0.0  0.0  0.0  0.0  0.0  0.0  0.0
  0.0  0.0  0.0 13.0  0.0  0.0  0.0  0.0  0.0  0.0  0.0  0.0  0.0  0.0  0.0
  0.0  0.0  0.0  0.0  0.0  0.0  0.0  0.0  0.0  0.0  0.0  0.0  0.0  0.0  0.0
 13.0  0.0  0.0 13.0  0.0  0.0  0.0  0.0  0.0  0.0  0.0  0.0  0.0  0.0  0.0
  0.0  0.0  0.0  0.0  0.0  0.0  0.0  0.0 39.0 26.0 26.0 13.0  0.0  0.0  0.0
  0.0  0.0  0.0  0.0  0.0  0.0  0.0 13.0  0.0  0.0  0.0  0.0 13.0  0.0  0.0
    -36.40     -4.02      7.61     -6.61      0.56  0.0 26.0  0.0  0.0  0.0
                                    t000010_s6_p10_el2ap.txt 16.5  6.4   97
 10.3  0.0  0.0 41.2  0.0  0.0  0.0  0.0  0.0 10.3 10.3  0.0  0.0  0.0  0.0
  0.0  0.0  0.0 10.3  0.0  0.0402.1154.6103.1 10.3 20.6  0.0  0.0  0.0  0.0
  0.0 10.3185.6  0.0 10.3  0.0 10.3 20.6  0.0  0.0 10.3  0.0  0.0  0.0 10.3
  0.0  0.0 10.3  0.0 10.3 30.9 20.6 10.3  0.0  0.0113.4 20.6  0.0 61.9  0.0
 10.3  0.0  0.0  0.0  0.0  0.0  0.0  0.0  0.0  0.0  0.0  0.0  0.0  0.0  0.0
  0.0  0.0  0.0  0.0  0.0  0.0  0.0  0.0  0.0  0.0  0.0  0.0  0.0  0.0  0.0
  0.0  0.0  0.0  0.0  0.0  0.0  0.0  0.0  0.0  0.0  0.0  0.0  0.0  0.0  0.0
  0.0  0.0  0.0  0.0  0.0  0.0  0.0  0.0  0.0  0.0  0.0  0.0  0.0  0.0  0.0
  0.0 10.3  0.0  0.0  0.0  0.0  0.0 10.3 61.9  0.0 72.2  0.0  0.0 20.6 10.3
  0.0  0.0  0.0  0.0  0.0 10.3  0.0 10.3  0.0 10.3 10.3  0.0  0.0  0.0  0.0
    -30.76     -4.47     14.65      3.21      4.30  0.0  0.0  0.0  0.0  0.0
                                     t000010_s6_p2_el2ap.txt 13.0  5.0   64
  0.0  0.0  0.0 46.9  0.0  0.0  0.0  0.0  0.0 15.6  0.0  0.0  0.0  0.0  0.0
  0.0  0.0 15.6  0.0  0.0  0.0359.4 78.1 62.5 15.6  0.0 15.6  0.0  0.0  0.0
  0.0  0.0125.0  0.0  0.0 15.6  0.0  0.0  0.0  0.0  0.0  0.0 15.6  0.0  0.0
  0.0  0.0 31.3  0.0  0.0 15.6  0.0  0.0  0.0  0.0 78.1  0.0  0.0 62.5  0.0
 15.6  0.0  0.0  0.0  0.0  0.0  0.0  0.0  0.0  0.0  0.0  0.0  0.0  0.0  0.0
  0.0  0.0  0.0  0.0  0.0 15.6  0.0  0.0  0.0  0.0  0.0  0.0  0.0  0.0  0.0
  0.0  0.0  0.0  0.0  0.0  0.0  0.0  0.0  0.0  0.0  0.0  0.0  0.0  0.0  0.0
 15.6  0.0  0.0 15.6  0.0  0.0  0.0  0.0  0.0  0.0  0.0  0.0  0.0  0.0  0.0
  0.0  0.0  0.0  0.0  0.0  0.0  0.0 15.6 46.9  0.0 31.3 15.6  0.0  0.0  0.0
  0.0  0.0  0.0  0.0  0.0  0.0  0.0 15.6  0.0  0.0  0.0  0.0 15.6  0.0  0.0
    -19.57     -2.21      8.77     -6.61      6.14  0.0  0.0  0.0  0.0  0.0
                                     t000010_s6_p3_el2ap.txt 21.8  5.2  127
 15.7  0.0  0.0 55.1  0.0  0.0  0.0  0.0  0.0 31.5  7.9  0.0  0.0  0.0  0.0
 15.7  0.0  7.9  7.9  0.0  0.0283.5118.1 78.7 15.7  7.9  0.0  0.0  0.0  0.0
  0.0  7.9126.0  0.0  7.9 31.5 15.7  0.0  0.0  0.0  7.9  0.0 23.6  7.9  0.0
  0.0  7.9  0.0  0.0  0.0 15.7 23.6  7.9  0.0  0.0 86.6  7.9  0.0 86.6  0.0
  0.0  0.0  0.0  0.0  0.0  0.0  0.0  0.0  0.0  0.0  0.0  0.0  0.0  0.0  0.0
  0.0  0.0  0.0  0.0  0.0  0.0  0.0  0.0  0.0  0.0  0.0  0.0  0.0  0.0  0.0
  0.0  0.0  0.0  0.0  0.0  0.0  0.0  0.0  0.0  0.0  7.9  0.0  0.0  0.0  0.0
  0.0  0.0  0.0  0.0  0.0  0.0  0.0  7.9  0.0  0.0  0.0  0.0  0.0  0.0  0.0
  0.0  0.0  0.0  0.0  0.0  0.0  0.0 23.6 31.5  0.0 63.0  0.0  0.0  7.9  0.0
  0.0  0.0  0.0  0.0 15.7  7.9  0.0 15.7  0.0 15.7  0.0  0.0  0.0  0.0  0.0
    -10.28     -4.86      8.53     -2.86     12.33  0.0  0.0  0.0  0.0  0.0
                                     t000010_s6_p4_el2ap.txt 18.3  5.1   98
 10.2  0.0  0.0 91.8  0.0 10.2 10.2  0.0  0.0  0.0  0.0  0.0  0.0  0.0  0.0
  0.0  0.0 20.4  0.0  0.0  0.0346.9153.1 71.4 10.2 40.8  0.0  0.0  0.0 20.4
  0.0  0.0 81.6  0.0  0.0 20.4  0.0  0.0  0.0  0.0  0.0  0.0  0.0  0.0  0.0
  0.0  0.0 10.2  0.0  0.0 20.4  0.0  0.0  0.0 20.4 91.8 40.8 10.2 81.6  0.0
 10.2  0.0  0.0  0.0  0.0  0.0  0.0  0.0  0.0  0.0  0.0  0.0  0.0  0.0  0.0
  0.0  0.0  0.0  0.0  0.0 10.2  0.0  0.0  0.0  0.0  0.0  0.0  0.0  0.0  0.0
  0.0  0.0  0.0  0.0  0.0  0.0  0.0  0.0  0.0  0.0  0.0  0.0  0.0 10.2  0.0
 10.2  0.0  0.0 10.2  0.0  0.0  0.0 10.2  0.0  0.0  0.0  0.0  0.0  0.0  0.0
  0.0  0.0  0.0  0.0  0.0  0.0  0.0  0.0 61.2 20.4  0.0  0.0 10.2 10.2  0.0
  0.0  0.0 10.2  0.0  0.0  0.0  0.0 30.6  0.0 10.2  0.0 10.2  0.0  0.0  0.0
    -16.46     -3.58     15.69     -6.61     -3.63  0.0  0.0  0.0  0.0  0.0
                                     t000010_s6_p5_el2ap.txt 11.5  5.9   66
 15.2  0.0  0.0 75.8  0.0  0.0  0.0  0.0  0.0  0.0  0.0  0.0  0.0  0.0  0.0
  0.0  0.0  0.0 15.2  0.0  0.0363.6106.1 75.8 30.3  0.0  0.0  0.0  0.0  0.0
  0.0  0.0151.5  0.0  0.0 45.5  0.0  0.0  0.0  0.0  0.0  0.0 30.3 15.2  0.0
  0.0  0.0  0.0  0.0 15.2  0.0 15.2 15.2  0.0  0.0106.1  0.0  0.0 75.8  0.0
  0.0  0.0  0.0  0.0  0.0  0.0  0.0  0.0  0.0  0.0  0.0  0.0  0.0  0.0  0.0
  0.0  0.0  0.0  0.0  0.0  0.0  0.0  0.0  0.0  0.0  0.0  0.0  0.0  0.0  0.0
  0.0  0.0  0.0  0.0  0.0  0.0  0.0  0.0  0.0  0.0  0.0  0.0  0.0  0.0  0.0
  0.0  0.0  0.0  0.0  0.0  0.0  0.0  0.0  0.0  0.0  0.0  0.0  0.0  0.0  0.0
  0.0  0.0  0.0  0.0  0.0  0.0  0.0  0.0 30.3 15.2 30.3  0.0  0.0 15.2  0.0
  0.0  0.0  0.0  0.0  0.0  0.0  0.0 30.3  0.0 15.2  0.0  0.0  0.0  0.0  0.0
    -25.02     -4.73      8.91     -6.61     17.61  0.0  0.0  0.0  0.0  0.0
                                     t000010_s6_p6_el2ap.txt 20.5  5.6  111
  9.0  0.0  0.0 81.1  0.0  0.0  0.0  9.0  0.0 18.0  0.0  9.0  0.0  0.0  0.0
  0.0  0.0 18.0  9.0  0.0  0.0270.3 90.1 99.1  0.0 27.0  9.0  9.0  0.0  0.0
  0.0  9.0126.1  0.0  0.0 27.0 18.0  0.0  0.0  0.0  0.0  0.0  9.0 45.0  0.0
  9.0  0.0  9.0  0.0  9.0 18.0 27.0 54.1  0.0  0.0126.1 27.0  0.0117.1  0.0
  0.0  0.0  0.0  0.0  0.0  0.0  0.0  0.0  0.0  0.0  0.0  0.0  0.0  0.0  0.0
  0.0  0.0  0.0  0.0  9.0  0.0  9.0  0.0  0.0  9.0  0.0  0.0  0.0  0.0  0.0
  0.0  0.0  9.0  0.0  0.0  0.0  0.0  9.0  0.0  0.0 18.0  0.0  0.0  0.0  0.0
 18.0  9.0  0.0 27.0  9.0  9.0 18.0 18.0  0.0  0.0  0.0  0.0  0.0  0.0  0.0
  0.0  0.0  0.0  0.0  0.0  0.0  0.0  9.0 36.0  0.0  9.0 18.0  0.0  9.0  0.0
  0.0 18.0  0.0  0.0  0.0  0.0  0.0 27.0  9.0 36.0  9.0  0.0  9.0  0.0  0.0
     -8.88     -1.13     11.53     -6.61     11.74  0.0  0.0  0.0  0.0  0.0
                                     t000010_s6_p7_el2ap.txt 20.0  6.4   99
  0.0  0.0  0.0 70.7  0.0  0.0  0.0  0.0  0.0 20.2  0.0  0.0  0.0  0.0  0.0
  0.0  0.0 10.1  0.0  0.0  0.0343.4 90.9 90.9 20.2 10.1  0.0  0.0  0.0 10.1
  0.0  0.0141.4  0.0  0.0 50.5  0.0  0.0 10.1  0.0  0.0  0.0 20.2 10.1  0.0
  0.0  0.0 10.1  0.0  0.0 10.1  0.0 10.1  0.0 10.1141.4 10.1  0.0 90.9  0.0
 10.1  0.0  0.0  0.0  0.0  0.0  0.0  0.0  0.0  0.0  0.0  0.0  0.0  0.0  0.0
  0.0  0.0  0.0  0.0  0.0 10.1  0.0  0.0  0.0  0.0  0.0  0.0  0.0 10.1  0.0
  0.0  0.0  0.0  0.0  0.0  0.0  0.0  0.0  0.0  0.0  0.0  0.0  0.0  0.0  0.0
 10.1  0.0 10.1 20.2  0.0  0.0  0.0  0.0  0.0  0.0  0.0  0.0  0.0  0.0  0.0
  0.0  0.0  0.0  0.0  0.0  0.0  0.0  0.0 50.5 30.3 10.1 10.1 10.1  0.0  0.0
  0.0  0.0  0.0  0.0 10.1  0.0  0.0 10.1 10.1 10.1 10.1  0.0 20.2  0.0  0.0
    -25.00     -4.61     12.97     -3.35     10.53  0.0  0.0  0.0  0.0  0.0
                                     t000010_s6_p8_el2ap.txt 12.8  5.9   60
 16.7  0.0  0.0 16.7  0.0  0.0  0.0  0.0  0.0 16.7  0.0  0.0  0.0  0.0  0.0
  0.0  0.0  0.0  0.0  0.0  0.0366.7150.0166.7 33.3  0.0  0.0  0.0  0.0 16.7
  0.0  0.0 83.3  0.0  0.0 16.7  0.0  0.0  0.0  0.0  0.0  0.0 16.7 16.7  0.0
  0.0  0.0 33.3  0.0 16.7  0.0  0.0 16.7  0.0 16.7183.3  0.0  0.0 66.7 16.7
  0.0  0.0  0.0  0.0  0.0  0.0  0.0  0.0  0.0  0.0  0.0  0.0  0.0  0.0  0.0
  0.0  0.0  0.0  0.0  0.0 16.7 16.7  0.0  0.0  0.0  0.0  0.0  0.0  0.0  0.0
  0.0  0.0  0.0  0.0  0.0  0.0  0.0  0.0  0.0  0.0  0.0  0.0  0.0  0.0  0.0
 33.3  0.0  0.0 33.3  0.0  0.0  0.0  0.0  0.0  0.0  0.0  0.0  0.0  0.0  0.0
  0.0  0.0  0.0  0.0  0.0  0.0  0.0  0.0 50.0  0.0 16.7 16.7  0.0  0.0  0.0
  0.0  0.0  0.0  0.0  0.0 16.7  0.0 16.7  0.0 16.7  0.0  0.0  0.0  0.0  0.0
    -34.15     -4.63     14.15     -6.61      9.32  0.0  0.0  0.0  0.0  0.0
                                     t000010_s6_p9_el2ap.txt 32.3  5.7  190
 15.8  0.0  5.3 52.6  0.0  0.0  5.3  0.0  0.0  5.3  0.0  0.0  0.0  0.0  0.0
  0.0  0.0  5.3  5.3  5.3  0.0315.8131.6 84.2  0.0  5.3  5.3  5.3  0.0  5.3
  5.3 15.8110.5  0.0  0.0 31.6 10.5  0.0  0.0  0.0  5.3  0.0 21.1 10.5  0.0
  5.3  0.0 21.1  5.3  5.3 10.5 21.1 15.8  5.3 10.5 89.5  5.3  0.0 78.9  5.3
  0.0  0.0  0.0  0.0  0.0  0.0  0.0  0.0  0.0  0.0  0.0  0.0  0.0  0.0  0.0
  0.0  0.0  0.0  5.3  0.0  0.0  0.0  0.0  0.0  0.0  0.0  0.0  0.0  0.0  0.0
  0.0  0.0  0.0  0.0  0.0  0.0  0.0  0.0  0.0  0.0  5.3  0.0  0.0  0.0  0.0
  5.3  0.0  0.0  5.3  0.0  0.0  0.0  5.3  0.0  0.0  0.0  0.0  0.0  0.0  0.0
  0.0  0.0  0.0  0.0  0.0  0.0  0.0 15.8 36.8 21.1 15.8 21.1  5.3  0.0 10.5
  0.0  0.0  0.0  0.0  0.0  0.0  5.3 15.8  0.0 10.5  0.0  0.0 15.8  0.0  0.0
    -18.54     -3.51     20.12     -4.10     12.82  0.0  0.0  5.3  0.0  0.0
                                     t000010_s8_p1_el2ap.txt 17.5  5.7  105
  0.0  0.0  0.0 28.6  0.0  0.0  0.0  0.0  0.0  9.5  0.0  0.0  0.0  0.0  0.0
  0.0  0.0  0.0  0.0  0.0  0.0304.8152.4104.8  0.0  0.0  9.5  0.0  0.0  0.0
  0.0  9.5142.9  0.0  0.0 19.0  9.5  0.0  0.0  0.0  0.0  0.0  0.0 19.0  0.0
  0.0  0.0  0.0  0.0  0.0  0.0  9.5 19.0  0.0  0.0114.3  0.0  0.0 38.1  0.0
  0.0  0.0  0.0  0.0  0.0  0.0  0.0  0.0  0.0  0.0  0.0  0.0  0.0  0.0  0.0
  0.0  0.0  0.0  0.0  0.0  0.0  0.0  0.0  0.0  0.0  0.0  0.0  0.0  0.0  0.0
  0.0  0.0  0.0  0.0  0.0  0.0  0.0  0.0  0.0  0.0  0.0  0.0  0.0  0.0  0.0
  0.0  0.0  0.0  0.0  0.0  0.0  0.0  0.0  0.0  0.0  0.0  0.0  0.0  0.0  0.0
  0.0  0.0  0.0  0.0  0.0  0.0  0.0  0.0 19.0  9.5 38.1  0.0  0.0  0.0  0.0
  9.5  0.0  0.0  0.0  9.5  9.5  0.0  0.0  0.0  9.5  0.0  0.0  0.0  0.0  0.0
    -30.82     -3.90     13.34     -6.61     -0.74  0.0  0.0  0.0  0.0  0.0
                                    t000010_s8_p10_el2ap.txt 12.5  6.1   65
  0.0  0.0  0.0 61.5  0.0  0.0  0.0  0.0  0.0  0.0  0.0  0.0  0.0  0.0  0.0
  0.0  0.0  0.0 30.8  0.0  0.0323.1184.6123.1  0.0  0.0  0.0  0.0  0.0  0.0
  0.0  0.0123.1  0.0  0.0  0.0  0.0  0.0  0.0  0.0  0.0  0.0  0.0  0.0  0.0
  0.0  0.0  0.0  0.0  0.0  0.0 30.8  0.0  0.0  0.0138.5  0.0  0.0 76.9  0.0
 30.8  0.0  0.0  0.0  0.0  0.0  0.0  0.0  0.0  0.0  0.0  0.0  0.0  0.0  0.0
  0.0  0.0  0.0  0.0  0.0  0.0  0.0  0.0  0.0  0.0  0.0  0.0  0.0  0.0  0.0
  0.0  0.0  0.0  0.0  0.0  0.0  0.0  0.0  0.0  0.0  0.0  0.0  0.0  0.0  0.0
  0.0  0.0  0.0  0.0  0.0  0.0  0.0  0.0  0.0  0.0  0.0  0.0  0.0  0.0  0.0
  0.0  0.0  0.0  0.0  0.0  0.0  0.0  0.0 61.5  0.0 46.2  0.0  0.0  0.0  0.0
  0.0  0.0  0.0  0.0  0.0 30.8  0.0 15.4  0.0  0.0  0.0  0.0  0.0  0.0  0.0
    -28.56     -5.73      9.52     -6.61     -3.63  0.0  0.0  0.0  0.0  0.0
                                     t000010_s8_p2_el2ap.txt 27.5  5.1  194
  0.0  0.0  0.0 56.7  0.0  0.0  0.0  0.0  5.2  5.2  0.0  0.0  0.0  0.0  0.0
  0.0  0.0 10.3  5.2  0.0  0.0278.4118.6 82.5  5.2 10.3  5.2  0.0  0.0  0.0
  0.0 10.3 87.6  0.0  0.0 25.8 15.5  0.0  5.2  0.0  0.0  0.0 15.5  0.0  5.2
  5.2  0.0  0.0  0.0  5.2 10.3 15.5 10.3  0.0  0.0103.1 15.5  0.0 82.5  5.2
  5.2  0.0  0.0  0.0  0.0  0.0  0.0  0.0  0.0  0.0  0.0  0.0  0.0  0.0  0.0
  0.0  0.0  0.0  0.0  0.0  0.0  0.0  0.0  0.0  0.0  0.0  0.0  0.0  0.0  0.0
  0.0  0.0  0.0  0.0  0.0  0.0  0.0  0.0  0.0  0.0  5.2  0.0  0.0  0.0  0.0
  0.0  0.0  0.0  0.0  0.0  0.0  0.0  5.2  0.0  0.0  0.0  0.0  0.0  0.0  0.0
  0.0  0.0  0.0  0.0  0.0  0.0  0.0 10.3 36.1  0.0 41.2 10.3 10.3  0.0  5.2
  0.0  0.0  0.0  0.0  0.0  5.2  0.0 15.5  5.2  0.0 10.3 10.3  0.0  0.0  0.0
    -21.69     -4.11      9.41     -4.94     11.67  0.0  0.0  0.0  0.0  0.0
                                     t000010_s8_p3_el2ap.txt 15.5  4.9   80
  0.0  0.0  0.0 75.0  0.0  0.0  0.0  0.0  0.0 25.0  0.0  0.0  0.0  0.0  0.0
 12.5  0.0  0.0  0.0  0.0 12.5262.5112.5125.0  0.0  0.0  0.0  0.0  0.0  0.0
  0.0 12.5 37.5  0.0  0.0 50.0 12.5  0.0  0.0  0.0 12.5  0.0 25.0 12.5  0.0
 12.5  0.0  0.0  0.0  0.0 12.5 12.5 25.0  0.0  0.0175.0  0.0  0.0 87.5  0.0
  0.0  0.0  0.0  0.0  0.0  0.0  0.0  0.0  0.0  0.0  0.0  0.0  0.0  0.0  0.0
  0.0  0.0  0.0  0.0  0.0  0.0  0.0  0.0  0.0  0.0  0.0  0.0  0.0  0.0  0.0
  0.0  0.0  0.0  0.0  0.0  0.0  0.0  0.0  0.0  0.0  0.0  0.0  0.0  0.0  0.0
  0.0  0.0  0.0  0.0  0.0  0.0  0.0  0.0  0.0  0.0  0.0  0.0  0.0  0.0  0.0
  0.0  0.0  0.0  0.0  0.0  0.0  0.0 12.5 25.0 12.5 75.0 25.0 25.0  0.0  0.0
  0.0 12.5  0.0  0.0  0.0  0.0  0.0 25.0  0.0 12.5  0.0  0.0 12.5  0.0  0.0
    -14.34     -5.73      5.37     -0.65     17.92  0.0  0.0  0.0  0.0  0.0
                                     t000010_s8_p4_el2ap.txt 11.0  6.3   55
 18.2  0.0  0.0 72.7  0.0  0.0  0.0  0.0  0.0  0.0  0.0  0.0  0.0  0.0  0.0
  0.0  0.0  0.0  0.0  0.0  0.0327.3 90.9 90.9  0.0  0.0 18.2 18.2  0.0  0.0
  0.0  0.0127.3  0.0  0.0 18.2 18.2  0.0  0.0  0.0  0.0  0.0  0.0 18.2  0.0
  0.0 18.2 18.2  0.0 18.2  0.0 18.2 18.2  0.0  0.0109.1  0.0  0.0 90.9  0.0
 18.2  0.0  0.0  0.0  0.0  0.0  0.0  0.0  0.0  0.0  0.0  0.0  0.0  0.0  0.0
  0.0  0.0  0.0  0.0  0.0 18.2  0.0  0.0  0.0  0.0  0.0  0.0  0.0  0.0  0.0
  0.0  0.0  0.0  0.0  0.0  0.0  0.0  0.0  0.0  0.0  0.0  0.0  0.0  0.0  0.0
 18.2  0.0  0.0 18.2  0.0  0.0  0.0  0.0  0.0  0.0  0.0  0.0  0.0  0.0  0.0
  0.0  0.0  0.0  0.0  0.0  0.0  0.0  0.0 36.4 18.2  0.0  0.0  0.0  0.0  0.0
  0.0  0.0  0.0  0.0  0.0  0.0  0.0  0.0 18.2 36.4  0.0  0.0 18.2  0.0  0.0
    -28.10      1.14      8.78     -6.61     -0.87  0.0  0.0  0.0  0.0  0.0
                                     t000010_s8_p5_el2ap.txt 13.0  6.1   67
  0.0  0.0  0.0 74.6  0.0  0.0  0.0  0.0  0.0  0.0  0.0  0.0  0.0  0.0  0.0
  0.0  0.0 14.9  0.0  0.0  0.0298.5 89.6 89.6  0.0  0.0 29.9  0.0  0.0  0.0
  0.0 14.9104.5  0.0  0.0 59.7  0.0  0.0 14.9  0.0  0.0  0.0 14.9  0.0  0.0
  0.0  0.0 29.9  0.0 14.9 14.9 14.9  0.0  0.0  0.0134.3  0.0  0.0 74.6  0.0
  0.0  0.0  0.0  0.0  0.0  0.0  0.0  0.0  0.0  0.0  0.0  0.0  0.0  0.0  0.0
  0.0  0.0  0.0  0.0  0.0 14.9  0.0  0.0  0.0  0.0  0.0  0.0  0.0  0.0  0.0
  0.0  0.0  0.0  0.0  0.0  0.0  0.0  0.0  0.0  0.0  0.0  0.0  0.0  0.0  0.0
 14.9  0.0  0.0 14.9  0.0  0.0  0.0  0.0  0.0  0.0  0.0  0.0  0.0  0.0  0.0
  0.0  0.0  0.0  0.0  0.0  0.0  0.0 14.9 59.7  0.0 14.9  0.0  0.0  0.0  0.0
  0.0  0.0  0.0  0.0  0.0  0.0  0.0 14.9 14.9  0.0  0.0  0.0 29.9  0.0  0.0
    -24.14      0.01     10.36     -1.79      5.70  0.0  0.0  0.0  0.0  0.0
                                     t000010_s8_p6_el2ap.txt 18.8  6.0  120
  0.0  0.0  0.0 25.0  0.0  0.0  0.0  0.0  0.0  8.3  0.0  0.0  0.0  0.0  0.0
  0.0  0.0  0.0 16.7  0.0  0.0341.7166.7158.3  0.0  0.0  0.0  8.3  0.0  8.3
  0.0 16.7133.3  0.0  0.0 16.7  0.0  0.0  0.0  0.0  8.3  0.0  0.0  0.0  0.0
  0.0  0.0  0.0  0.0  0.0  8.3 33.3  0.0  0.0  8.3166.7  0.0  8.3 25.0  0.0
  0.0  0.0  0.0  0.0  0.0  0.0  0.0  0.0  0.0  0.0  0.0  0.0  0.0  0.0  0.0
  0.0  0.0  0.0  0.0  0.0  0.0  0.0  0.0  0.0  0.0  0.0  0.0  0.0  0.0  0.0
  0.0  0.0  0.0  0.0  0.0  0.0  0.0  0.0  0.0  0.0  0.0  0.0  0.0  0.0  0.0
  0.0  0.0  0.0  0.0  0.0  0.0  0.0  0.0  0.0  0.0  0.0  0.0  0.0  0.0  0.0
  0.0  0.0  0.0  0.0  0.0  0.0  0.0  0.0 41.7 41.7 33.3 16.7  0.0  0.0  8.3
  0.0  0.0  0.0  0.0  0.0 16.7  8.3  8.3  8.3  0.0  0.0  0.0  0.0  0.0  0.0
    -32.93     -4.18     19.63     -2.64     -3.63  0.0  0.0  0.0  0.0  0.0
                                     t000010_s8_p7_el2ap.txt  9.5  6.1   47
  0.0  0.0  0.0 42.6  0.0  0.0  0.0  0.0  0.0 21.3  0.0  0.0  0.0  0.0  0.0
  0.0  0.0  0.0 21.3  0.0  0.0340.4127.7106.4  0.0  0.0 42.6  0.0  0.0  0.0
  0.0  0.0127.7  0.0  0.0 21.3 21.3  0.0  0.0  0.0  0.0  0.0 21.3 21.3  0.0
  0.0  0.0  0.0  0.0  0.0  0.0 21.3 21.3  0.0  0.0106.4  0.0  0.0 63.8  0.0
  0.0  0.0  0.0  0.0  0.0  0.0  0.0  0.0  0.0  0.0  0.0  0.0  0.0  0.0  0.0
  0.0  0.0  0.0  0.0  0.0  0.0  0.0  0.0  0.0  0.0  0.0  0.0  0.0  0.0  0.0
  0.0  0.0  0.0  0.0  0.0  0.0  0.0  0.0  0.0  0.0  0.0  0.0  0.0  0.0  0.0
  0.0  0.0  0.0  0.0  0.0  0.0  0.0  0.0  0.0  0.0  0.0  0.0  0.0  0.0  0.0
  0.0  0.0  0.0  0.0  0.0  0.0  0.0  0.0  0.0  0.0 42.6  0.0  0.0  0.0  0.0
  0.0  0.0  0.0  0.0  0.0 21.3  0.0 42.6  0.0  0.0  0.0  0.0  0.0  0.0  0.0
    -25.46      2.46      8.63     -6.61     12.90  0.0  0.0  0.0  0.0  0.0
                                     t000010_s8_p8_el2ap.txt 12.5  5.5   55
  0.0  0.0  0.0 54.5  0.0  0.0  0.0  0.0  0.0  0.0  0.0  0.0  0.0  0.0  0.0
  0.0  0.0  0.0  0.0 18.2  0.0290.9145.5127.3  0.0  0.0 18.2  0.0  0.0  0.0
  0.0  0.0 54.5  0.0  0.0 18.2  0.0  0.0  0.0  0.0  0.0  0.0  0.0 36.4  0.0
  0.0  0.0  0.0  0.0  0.0  0.0  0.0 36.4 18.2  0.0127.3  0.0  0.0 72.7  0.0
  0.0  0.0  0.0  0.0  0.0  0.0  0.0  0.0  0.0  0.0  0.0  0.0  0.0  0.0  0.0
  0.0  0.0  0.0  0.0  0.0  0.0  0.0  0.0  0.0  0.0  0.0  0.0  0.0  0.0  0.0
  0.0  0.0  0.0  0.0  0.0  0.0  0.0  0.0  0.0  0.0  0.0  0.0  0.0  0.0  0.0
  0.0  0.0  0.0  0.0  0.0  0.0  0.0  0.0  0.0  0.0  0.0  0.0  0.0  0.0  0.0
  0.0  0.0  0.0  0.0  0.0  0.0  0.0  0.0 36.4 18.2 18.2  0.0  0.0  0.0 18.2
  0.0  0.0  0.0  0.0  0.0  0.0  0.0 18.2  0.0 18.2  0.0  0.0 18.2  0.0  0.0
    -13.39     -2.23      3.73     -6.61      1.88  0.0  0.0  0.0  0.0  0.0
                                     t000010_s8_p9_el2ap.txt 11.8  6.3   55
  0.0  0.0  0.0 54.5  0.0  0.0  0.0  0.0  0.0 18.2 18.2  0.0  0.0  0.0  0.0
  0.0  0.0 18.2  0.0  0.0  0.0309.1145.5 72.7 18.2  0.0 36.4  0.0  0.0 18.2
  0.0  0.0109.1  0.0  0.0 18.2 18.2  0.0  0.0  0.0  0.0  0.0 18.2 36.4  0.0
  0.0  0.0  0.0  0.0  0.0 18.2  0.0 36.4  0.0 18.2 72.7  0.0  0.0 90.9  0.0
  0.0  0.0  0.0  0.0  0.0  0.0  0.0  0.0  0.0  0.0  0.0  0.0  0.0  0.0  0.0
  0.0  0.0  0.0  0.0  0.0  0.0  0.0  0.0  0.0  0.0  0.0  0.0  0.0  0.0  0.0
  0.0  0.0  0.0  0.0  0.0  0.0  0.0  0.0  0.0  0.0 18.2  0.0  0.0  0.0  0.0
  0.0  0.0  0.0  0.0  0.0  0.0  0.0 18.2  0.0  0.0  0.0  0.0  0.0  0.0  0.0
  0.0  0.0  0.0  0.0  0.0  0.0  0.0  0.0 36.4  0.0 36.4  0.0  0.0  0.0  0.0
  0.0  0.0  0.0  0.0  0.0 18.2  0.0  0.0  0.0  0.0  0.0  0.0  0.0  0.0  0.0
    -21.37      1.86     16.61     -6.61     13.25  0.0  0.0  0.0  0.0  0.0
                                     t000011_s1_p1_el2ap.txt 30.0  5.8  228
  8.8  0.0  0.0 26.3  0.0  0.0  0.0  0.0  8.8  0.0  0.0  0.0  0.0  0.0  0.0
  0.0  0.0  4.4  0.0  0.0  0.0403.5114.0100.9 35.1  8.8  4.4  0.0  4.4  0.0
  0.0  4.4109.6  4.4  4.4 21.9  0.0  0.0  0.0  0.0  0.0  8.8  8.8 13.2  4.4
  0.0  4.4  4.4  0.0  4.4  4.4  8.8 17.5  0.0  4.4118.4 17.5  0.0 65.8  0.0
  0.0  0.0  0.0  0.0  0.0  0.0  0.0  0.0  0.0  0.0  0.0  0.0  0.0  0.0  0.0
  0.0  0.0  0.0  0.0  0.0  4.4  0.0  0.0  0.0  0.0  0.0  0.0  0.0  0.0  0.0
  0.0  0.0  0.0  0.0  0.0  0.0  0.0  0.0  0.0  0.0  0.0  0.0  0.0  0.0  0.0
  4.4  0.0  0.0  4.4  0.0  0.0  0.0  0.0  0.0  0.0  0.0  0.0  0.0  0.0  0.0
  0.0  0.0  0.0  0.0  0.0  0.0  0.0  0.0 17.5  0.0  8.8 48.2  0.0 13.2  0.0
  0.0  0.0  0.0  0.0  0.0  4.4  8.8  8.8  0.0  4.4  4.4  0.0  0.0  8.8  0.0
    -31.16     -3.34      9.00     -3.10      7.22  0.0  0.0  0.0  0.0  0.0
                                    t000011_s14_p1_el2ap.txt 16.0  5.0   86
  0.0  0.0  0.0 11.6  0.0  0.0  0.0  0.0 11.6  0.0  0.0  0.0  0.0  0.0  0.0
  0.0  0.0  0.0  0.0  0.0  0.0407.0127.9 69.8 11.6  0.0 11.6  0.0  0.0  0.0
  0.0  0.0 58.1 11.6  0.0  0.0  0.0  0.0  0.0  0.0  0.0 11.6  0.0 11.6  0.0
 11.6  0.0  0.0  0.0  0.0  0.0  0.0 23.3  0.0  0.0 69.8 11.6  0.0 34.9  0.0
  0.0  0.0  0.0  0.0  0.0  0.0  0.0  0.0  0.0  0.0  0.0  0.0  0.0  0.0  0.0
  0.0  0.0  0.0  0.0  0.0  0.0  0.0  0.0  0.0  0.0  0.0  0.0  0.0  0.0  0.0
  0.0  0.0  0.0  0.0  0.0  0.0  0.0  0.0  0.0  0.0  0.0  0.0  0.0  0.0  0.0
  0.0  0.0  0.0  0.0  0.0  0.0  0.0  0.0  0.0  0.0  0.0  0.0  0.0  0.0  0.0
  0.0  0.0  0.0  0.0  0.0  0.0  0.0 23.3 23.3  0.0 11.6  0.0  0.0 11.6  0.0
  0.0  0.0  0.0  0.0  0.0 11.6  0.0 23.3  0.0  0.0  0.0  0.0  0.0  0.0  0.0
    -30.61     -3.11      1.69     -1.95      1.89  0.0  0.0  0.0  0.0  0.0
                                    t000011_s14_p2_el2ap.txt 29.0  5.2  172
  5.8  0.0  0.0  0.0  0.0  0.0  0.0  0.0 11.6  0.0  0.0  0.0  0.0  0.0  0.0
  0.0  0.0  0.0  5.8  0.0  0.0325.6110.5 75.6 64.0  5.8  0.0  0.0  0.0  0.0
  0.0  5.8 81.4  5.8  5.8 34.9  5.8  0.0  0.0  0.0  0.0  5.8  5.8 29.1  0.0
  0.0  5.8  0.0  5.8  0.0  0.0 17.4 29.1  0.0  0.0 98.8 17.4  0.0 87.2  0.0
  0.0  0.0  0.0  0.0  0.0  0.0  0.0  0.0  0.0  0.0  0.0  0.0  0.0  0.0  0.0
  0.0  0.0  0.0  0.0  0.0  0.0  0.0  0.0  0.0  0.0  0.0  0.0  0.0  0.0  0.0
  0.0  0.0  0.0  0.0  0.0  0.0  0.0  0.0  0.0  0.0  0.0  0.0  0.0  0.0  0.0
  0.0  0.0  0.0  0.0  0.0  0.0  0.0  0.0  0.0  0.0  0.0  0.0  0.0  0.0  0.0
  0.0  5.8  0.0  0.0  0.0  0.0  0.0  5.8 17.4  0.0 23.3 40.7  0.0 11.6  0.0
  0.0  0.0  0.0  0.0  0.0  0.0 11.6 17.4  0.0  5.8  0.0  0.0  0.0  5.8  0.0
    -26.96     -3.37      3.43     -4.28      4.41  0.0  0.0  0.0  0.0  0.0
                                    t000011_s14_p3_el2ap.txt 32.0  4.7  333
 12.0  0.0  0.0 18.0  0.0  0.0  0.0  0.0 24.0  0.0  3.0  0.0  0.0  0.0  0.0
  3.0  0.0  0.0  0.0  0.0  0.0351.4105.1 51.1 30.0  0.0  0.0  0.0  0.0  0.0
  0.0  0.0 84.1  0.0  3.0 12.0  6.0  3.0  0.0  0.0  0.0  0.0  6.0 12.0  0.0
  3.0  0.0  6.0  6.0  3.0  3.0  0.0 15.0  0.0  0.0 75.1 24.0  0.0 93.1 15.0
  0.0  0.0  0.0  0.0  0.0  0.0  0.0  0.0  0.0  0.0  0.0  0.0  0.0  0.0  0.0
  0.0  0.0  0.0  0.0  3.0  3.0  0.0  0.0  0.0  0.0  0.0  0.0  0.0  0.0  0.0
  0.0  0.0  0.0  0.0  0.0  0.0  0.0  0.0  0.0  0.0  0.0  0.0  0.0  0.0  0.0
  6.0  0.0  0.0  6.0  0.0  0.0  0.0  0.0  0.0  0.0  0.0  0.0  0.0  0.0  0.0
  0.0  0.0  0.0  0.0  0.0  0.0  0.0  3.0 12.0  0.0 15.0 27.0 18.0 15.0  3.0
  0.0  3.0  0.0  0.0  0.0  0.0  0.0 21.0 15.0 18.0  3.0  0.0  6.0  0.0  0.0
    -23.19     -4.74      5.25     -5.89      2.92  0.0  0.0  3.0  0.0  0.0
                                    t000011_s14_p4_el2ap.txt 28.5  4.5  298
  3.4  3.4  0.0 47.0  0.0  0.0  0.0  0.0  6.7  3.4  0.0  0.0  0.0  0.0  0.0
  0.0  0.0  0.0 10.1  0.0  0.0338.9124.2 40.3 36.9  6.7  0.0  6.7  0.0  6.7
  3.4  0.0 40.3  3.4  3.4 10.1  6.7  0.0  0.0  0.0  0.0  0.0  3.4 40.3  0.0
 13.4  3.4  0.0  0.0  0.0  0.0 13.4 53.7  0.0 10.1 60.4 13.4  0.0114.1  6.7
  0.0  0.0  0.0  0.0  0.0  0.0  0.0  0.0  0.0  0.0  0.0  0.0  0.0  0.0  0.0
  0.0  0.0  0.0  0.0  0.0  3.4  0.0  0.0  0.0  0.0  0.0  0.0  0.0  0.0  0.0
  0.0  0.0  0.0  0.0  0.0  0.0  0.0  0.0  0.0  0.0  0.0  0.0  0.0  0.0  0.0
  3.4  0.0  0.0  3.4  0.0  0.0  0.0  0.0  0.0  0.0  0.0  0.0  0.0  0.0  0.0
  0.0  0.0  0.0  0.0  0.0  0.0  0.0  0.0 33.6  0.0  3.4 30.2 23.5 13.4 10.1
  0.0  0.0  3.4  0.0  0.0  0.0  0.0 33.6 10.1 10.1  0.0  0.0  0.0  0.0  0.0
    -21.13     -2.97      7.66     -6.61      8.90  0.0  0.0  0.0  0.0  0.0
                                    t000011_s14_p5_el2ap.txt 25.5  4.5  277
  0.0  0.0  0.0 14.4  0.0  0.0  0.0  0.0 10.8  0.0  0.0  0.0  0.0  0.0  0.0
  0.0  0.0  0.0 14.4  0.0  0.0350.2111.9 57.8 50.5  0.0  0.0  0.0  0.0  0.0
  0.0  0.0 39.7  0.0  0.0 32.5 14.4  0.0  0.0  0.0  0.0  3.6  0.0 32.5  0.0
  3.6  7.2  0.0  0.0  0.0  0.0 21.7 36.1  0.0  0.0 65.0 10.8  0.0 90.3 10.8
  0.0  0.0  0.0  0.0  0.0  0.0  0.0  0.0  0.0  0.0  0.0  0.0  0.0  0.0  0.0
  0.0  0.0  0.0  0.0  0.0  0.0  0.0  0.0  0.0  0.0  0.0  0.0  0.0  0.0  0.0
  0.0  0.0  0.0  0.0  0.0  0.0  0.0  0.0  0.0  0.0  0.0  0.0  0.0  0.0  0.0
  0.0  0.0  0.0  0.0  0.0  0.0  0.0  0.0  0.0  0.0  0.0  0.0  0.0  0.0  0.0
  0.0  0.0  0.0  0.0  0.0  0.0  0.0  0.0  0.0  0.0 21.7 50.5 10.8 10.8  0.0
  0.0  0.0  0.0  0.0  0.0  7.2  0.0 18.1  3.6  7.2  3.6  3.6  0.0  0.0  0.0
    -23.48     -4.07      1.89     -5.16      2.46  0.0  0.0  0.0  0.0  0.0
                                    t000011_s14_p6_el2ap.txt 31.0  5.5  186
  0.0  0.0  0.0 16.1  0.0  0.0  0.0  0.0 16.1  0.0  0.0  0.0  0.0  0.0  0.0
  0.0  0.0  0.0 10.8  0.0  0.0360.2102.2 86.0 59.1  0.0  0.0  0.0  0.0  0.0
  0.0  0.0 69.9  0.0  0.0 43.0  0.0  0.0  0.0  0.0  0.0  5.4 16.1 21.5 10.8
  0.0  0.0  0.0  0.0  0.0  0.0 10.8 32.3  0.0  0.0102.2 16.1  0.0107.5 16.1
  0.0  0.0  0.0  0.0  0.0  0.0  0.0  0.0  0.0  0.0  0.0  0.0  0.0  0.0  0.0
  0.0  0.0  0.0  0.0  0.0  0.0  0.0  0.0  0.0  0.0  0.0  0.0  0.0  0.0  0.0
  0.0  0.0  0.0  0.0  0.0  0.0  0.0  0.0  0.0  0.0  0.0  0.0  5.4  0.0  0.0
  0.0  0.0  0.0  0.0  0.0  0.0  0.0  5.4  0.0  0.0  0.0  0.0  0.0  0.0  0.0
  0.0  0.0  0.0  0.0  0.0  0.0  0.0  0.0 16.1 10.8 37.6 10.8  5.4 21.5  0.0
  0.0  0.0  0.0  0.0  0.0  0.0  0.0 26.9  5.4  5.4  0.0  0.0 10.8  0.0  0.0
    -27.79     -3.78      3.38     -4.45     17.98  0.0  0.0  0.0  0.0  0.0
                                    t000011_s19_p1_el2ap.txt 17.3  5.6   85
 11.8  0.0  0.0 82.4  0.0  0.0  0.0  0.0  0.0  0.0  0.0  0.0  0.0  0.0  0.0
  0.0  0.0 11.8  0.0  0.0  0.0376.5 94.1 70.6  0.0  0.0  0.0  0.0  0.0  0.0
  0.0  0.0 23.5  0.0  0.0 11.8  0.0  0.0  0.0  0.0  0.0 11.8  0.0 11.8 11.8
  0.0  0.0  0.0 11.8 35.3 11.8  0.0 23.5  0.0  0.0152.9  0.0 11.8105.9  0.0
 11.8  0.0  0.0  0.0  0.0  0.0  0.0  0.0  0.0  0.0  0.0  0.0  0.0  0.0  0.0
  0.0  0.0  0.0  0.0  0.0  0.0  0.0  0.0  0.0  0.0  0.0  0.0  0.0  0.0  0.0
  0.0  0.0  0.0  0.0  0.0  0.0  0.0  0.0  0.0  0.0  0.0  0.0  0.0  0.0  0.0
  0.0  0.0  0.0  0.0  0.0  0.0  0.0  0.0  0.0  0.0  0.0  0.0  0.0  0.0  0.0
  0.0  0.0  0.0  0.0  0.0  0.0  0.0  0.0  0.0  0.0 23.5 11.8  0.0 11.8  0.0
  0.0  0.0  0.0  0.0  0.0  0.0  0.0  0.0  0.0 23.5  0.0  0.0  0.0  0.0  0.0
    -23.77     -5.73      1.94     -1.90      7.21  0.0  0.0  0.0  0.0  0.0
                                    t000011_s19_p2_el2ap.txt 23.8  4.9  196
  5.1  0.0  0.0 20.4  0.0  0.0  0.0  0.0  0.0  0.0  0.0  0.0  0.0  0.0  0.0
  0.0  0.0  0.0  0.0  0.0  0.0357.1112.2107.1 20.4  0.0  0.0  0.0  0.0  0.0
  0.0  0.0 40.8  5.1  0.0 25.5  0.0  0.0  0.0  0.0  0.0  0.0  5.1  0.0  0.0
  0.0  5.1  0.0  5.1  5.1  0.0  5.1  0.0  0.0  0.0137.8  0.0  0.0 56.1  5.1
  0.0  0.0  0.0  0.0  0.0  0.0  0.0  0.0  0.0  0.0  0.0  0.0  0.0  0.0  0.0
  0.0  0.0  0.0  0.0  0.0  0.0  0.0  0.0  0.0  0.0  0.0  0.0  0.0  0.0  0.0
  0.0  0.0  0.0  0.0  0.0  0.0  0.0  0.0  0.0  0.0  0.0  0.0  0.0  0.0  0.0
  0.0  0.0  0.0  0.0  0.0  0.0  0.0  0.0  0.0  0.0  0.0  0.0  0.0  0.0  0.0
  0.0  0.0  0.0  0.0  0.0  0.0  0.0  0.0  0.0  0.0 51.0 40.8  0.0 15.3  0.0
  0.0  0.0  0.0  0.0  0.0  0.0  0.0  5.1  0.0  0.0  0.0  5.1  0.0  5.1  0.0
    -29.99     -5.06      0.90     -6.61     -0.44  0.0  0.0  0.0  0.0  0.0
                                    t000011_s19_p3_el2ap.txt 20.3  4.9  154
  6.5  0.0  0.0 19.5  0.0  0.0  0.0  0.0  0.0  0.0  0.0  0.0  0.0  0.0  0.0
  0.0  0.0  0.0  0.0  0.0  0.0448.1110.4 51.9 26.0  0.0  0.0  0.0  0.0  0.0
  0.0  0.0 71.4  0.0  0.0 19.5  0.0  0.0  0.0  0.0  0.0  0.0  0.0  0.0  0.0
  0.0  6.5  0.0  0.0  6.5  0.0  6.5  0.0  0.0  0.0 97.4  0.0  0.0 58.4  0.0
  0.0  0.0  0.0  0.0  0.0  0.0  0.0  0.0  0.0  0.0  0.0  0.0  0.0  0.0  0.0
  0.0  0.0  0.0  0.0  0.0  0.0  0.0  0.0  0.0  0.0  0.0  0.0  0.0  0.0  0.0
  0.0  0.0  0.0  0.0  0.0  0.0  0.0  0.0  0.0  0.0  0.0  0.0  0.0  0.0  0.0
  0.0  0.0  0.0  0.0  0.0  0.0  0.0  0.0  0.0  0.0  0.0  0.0  0.0  0.0  0.0
  0.0  0.0  0.0  0.0  0.0  0.0  0.0  0.0  6.5  0.0 45.5 71.4  0.0 19.5  0.0
  0.0  0.0  0.0  0.0  0.0  0.0  0.0  6.5  0.0  0.0  0.0  6.5  0.0  6.5  0.0
    -29.56     -4.87      4.83     -6.61     -3.63  0.0  0.0  0.0  0.0  0.0
                                     t000011_s2_p1_el2ap.txt 15.3  4.5   80
  0.0  0.0  0.0 37.5  0.0 12.5  0.0  0.0 25.0  0.0  0.0  0.0  0.0  0.0  0.0
  0.0  0.0  0.0 25.0  0.0  0.0400.0 75.0 62.5 12.5  0.0  0.0  0.0  0.0  0.0
  0.0  0.0 75.0  0.0  0.0 12.5  0.0  0.0  0.0  0.0  0.0  0.0  0.0  0.0 12.5
  0.0  0.0  0.0  0.0  0.0  0.0 25.0 12.5  0.0  0.0 62.5 25.0  0.0 50.0  0.0
  0.0  0.0  0.0  0.0  0.0  0.0  0.0  0.0  0.0  0.0  0.0  0.0  0.0  0.0  0.0
  0.0  0.0  0.0  0.0  0.0  0.0  0.0  0.0  0.0  0.0  0.0  0.0  0.0  0.0  0.0
  0.0  0.0  0.0  0.0  0.0  0.0  0.0  0.0  0.0  0.0  0.0  0.0  0.0  0.0  0.0
  0.0  0.0  0.0  0.0  0.0  0.0  0.0  0.0  0.0  0.0  0.0  0.0  0.0  0.0  0.0
  0.0  0.0  0.0  0.0  0.0  0.0  0.0  0.0 12.5  0.0 12.5 12.5  0.0  0.0  0.0
  0.0  0.0  0.0  0.0  0.0  0.0  0.0  0.0 25.0  0.0  0.0  0.0  0.0  0.0  0.0
    -16.68     -5.32      5.47     -6.61      5.99  0.0  0.0 12.5  0.0  0.0
                                     t000011_s6_p1_el2ap.txt 14.3  6.5   71
  0.0  0.0  0.0 56.3  0.0  0.0  0.0  0.0 14.1  0.0  0.0  0.0  0.0  0.0  0.0
  0.0  0.0  0.0  0.0  0.0  0.0394.4 98.6 70.4 14.1  0.0  0.0  0.0  0.0  0.0
  0.0  0.0 98.6 14.1  0.0 56.3  0.0  0.0  0.0  0.0  0.0  0.0  0.0 14.1  0.0
  0.0 14.1  0.0  0.0  0.0  0.0 14.1 14.1  0.0  0.0112.7 14.1  0.0112.7 28.2
 14.1  0.0  0.0  0.0  0.0  0.0  0.0  0.0  0.0  0.0  0.0  0.0  0.0  0.0  0.0
  0.0  0.0  0.0  0.0  0.0  0.0  0.0  0.0  0.0  0.0  0.0  0.0  0.0  0.0  0.0
  0.0  0.0  0.0  0.0 14.1  0.0  0.0  0.0  0.0  0.0  0.0  0.0  0.0  0.0  0.0
  0.0  0.0  0.0  0.0  0.0 14.1 14.1  0.0  0.0  0.0  0.0  0.0  0.0  0.0  0.0
  0.0  0.0  0.0  0.0  0.0  0.0  0.0 14.1  0.0  0.0  0.0  0.0  0.0  0.0  0.0
  0.0  0.0  0.0  0.0  0.0  0.0  0.0 14.1 28.2  0.0 28.2  0.0  0.0 14.1  0.0
    -31.55     -5.26      0.60     -6.61     -1.49 14.1  0.0  0.0  0.0  0.0
                                     t000011_s6_p2_el2ap.txt 18.5  5.4  102
  9.8  0.0  0.0 39.2  0.0  0.0  0.0  9.8  0.0  9.8  0.0  0.0  0.0  0.0  0.0
  0.0  0.0  0.0  0.0  0.0  0.0333.3127.5 68.6 19.6  0.0  0.0  0.0  0.0  0.0
  0.0  0.0 98.0  0.0  0.0 39.2  9.8  0.0  0.0  0.0  0.0  9.8  9.8  9.8  0.0
  0.0 29.4  9.8  0.0  0.0  0.0 29.4  9.8  0.0  0.0 88.2  0.0  0.0 58.8  0.0
  0.0  0.0  0.0  0.0  0.0  0.0  0.0  0.0  0.0  0.0  0.0  0.0  0.0  0.0  0.0
  0.0  0.0  0.0  0.0  0.0  9.8  0.0  0.0  0.0  0.0  0.0  0.0  0.0  0.0  0.0
  0.0  0.0  0.0  0.0  0.0  0.0  0.0  0.0  0.0  0.0  0.0  0.0  0.0  0.0  0.0
  9.8  0.0  0.0  9.8  0.0  0.0  0.0  0.0  0.0  0.0  0.0  0.0  0.0  0.0  0.0
  0.0  0.0  0.0  0.0  0.0  0.0  0.0  0.0 19.6  9.8 19.6 19.6  0.0  9.8 19.6
  0.0  0.0  0.0  0.0  0.0  0.0  9.8  9.8  0.0 19.6 19.6  0.0  0.0  9.8  0.0
    -24.51     -5.08      5.55     -2.68      3.99  9.8  0.0  0.0  0.0  0.0
                                     t000011_s6_p3_el2ap.txt 31.0  5.0  256
  7.8  0.0  0.0 43.0  0.0  0.0  3.9  0.0  3.9  0.0  0.0  0.0  0.0  0.0  0.0
  0.0  0.0  7.8  7.8  0.0  0.0386.7113.3 46.9 11.7  0.0  3.9  0.0  0.0  0.0
  0.0  0.0 58.6  3.9  0.0 23.4  0.0  0.0  0.0  0.0  0.0  3.9  7.8  7.8  3.9
  0.0  3.9  3.9  3.9  0.0  7.8 11.7 11.7  0.0  0.0 66.4  3.9  7.8 74.2 15.6
  0.0  0.0  0.0  0.0  0.0  0.0  0.0  0.0  0.0  0.0  0.0  0.0  0.0  0.0  0.0
  0.0  0.0  0.0  0.0  0.0  3.9  0.0  0.0  0.0  0.0  0.0  0.0  0.0  0.0  0.0
  0.0  0.0  0.0  0.0  0.0  0.0  0.0  0.0  0.0  3.9  3.9  0.0  0.0  0.0  0.0
  3.9  0.0  0.0  3.9  0.0  0.0  3.9  3.9  0.0  0.0  0.0  0.0  0.0  0.0  0.0
  0.0  0.0  0.0  0.0  0.0  0.0  0.0  3.9 15.6  0.0 15.6 35.2  0.0  3.9  0.0
  0.0  3.9  0.0  0.0  0.0  0.0  0.0 23.4  3.9 11.7  0.0  7.8  3.9  3.9  0.0
    -22.32     -4.59      2.59     -5.04      5.44  3.9  7.8  0.0  0.0  3.9
                                     t000011_s6_p4_el2ap.txt 22.3  4.9  134
 14.9  0.0  0.0 29.9  0.0  0.0  7.5  0.0  7.5  0.0  0.0  0.0  0.0  0.0  0.0
  0.0  0.0 14.9  7.5  0.0  0.0350.7141.8 44.8 37.3  0.0  0.0  0.0  0.0  7.5
  0.0  0.0 67.2  0.0  0.0 22.4  0.0  0.0  0.0  0.0  0.0  0.0  0.0  7.5  0.0
  0.0  0.0  0.0  0.0  7.5 14.9  7.5  7.5  0.0  7.5 82.1  7.5  0.0 67.2  0.0
  0.0  0.0  0.0  0.0  0.0  0.0  0.0  0.0  0.0  0.0  0.0  0.0  0.0  0.0  0.0
  0.0  0.0  0.0  0.0  0.0  0.0  0.0  0.0  0.0  0.0  0.0  0.0  0.0  0.0  0.0
  0.0  0.0  0.0  0.0  0.0  0.0  0.0  0.0  0.0  0.0  0.0  0.0  0.0  7.5  0.0
  0.0  0.0  0.0  0.0  0.0  0.0  0.0  7.5  0.0  0.0  0.0  0.0  0.0  0.0  0.0
  0.0  0.0  0.0  0.0  0.0  0.0  0.0  7.5  7.5  0.0  0.0 29.9  0.0  7.5  7.5
  0.0  0.0  0.0  0.0  0.0  0.0  0.0  7.5  0.0 22.4  0.0  7.5  7.5  0.0  0.0
    -18.72     -4.50      8.10     -6.61     -2.50  0.0  0.0  0.0  0.0  0.0
                                     t000011_s6_p5_el2ap.txt 19.8  5.0  117
 17.1  0.0  0.0 59.8  0.0  0.0  8.5  0.0 17.1  0.0  0.0  0.0  0.0  0.0  0.0
  0.0  0.0  0.0  8.5  0.0  0.0359.0153.8 17.1  8.5  8.5 17.1  0.0  0.0  0.0
  0.0  0.0 59.8  0.0  8.5 76.9  0.0  0.0  0.0  0.0  0.0  0.0 17.1  8.5  0.0
  0.0  0.0  8.5  0.0  0.0  0.0  8.5  8.5  0.0  0.0 68.4 25.6  0.0 76.9  8.5
  0.0  0.0  0.0  0.0  0.0  0.0  0.0  0.0  0.0  0.0  0.0  0.0  0.0  0.0  0.0
  0.0  0.0  0.0  0.0  0.0  8.5  0.0  0.0  0.0  0.0  0.0  0.0  0.0  0.0  0.0
  0.0  0.0  0.0  0.0  0.0  0.0  0.0  0.0  0.0  0.0  0.0  0.0  0.0  0.0  0.0
  8.5  0.0  0.0  8.5  0.0  0.0  0.0  0.0  0.0  0.0  0.0  0.0  0.0  0.0  0.0
  0.0  8.5  0.0  0.0  0.0  0.0  0.0  8.5 25.6  8.5 25.6 25.6  0.0  0.0  0.0
  0.0  0.0  0.0  0.0  0.0  0.0  0.0 34.2  0.0  8.5  0.0 17.1  0.0  0.0  0.0
    -20.60     -1.78     -1.76     -6.61      8.35  0.0  0.0  0.0  0.0  0.0
                                     t000011_s6_p6_el2ap.txt 31.0  5.1  213
 14.1  0.0  0.0 51.6  0.0  0.0  0.0  0.0  0.0  4.7 14.1  0.0  0.0  0.0  0.0
  0.0  0.0 28.2  0.0  0.0  0.0352.1126.8 93.9  9.4  9.4  0.0  4.7  0.0  0.0
  0.0  9.4 84.5  0.0  9.4 14.1  4.7  0.0  0.0  0.0  0.0  0.0  9.4  4.7  4.7
  0.0  0.0  4.7  0.0  4.7 28.2  9.4  9.4  0.0  0.0 98.6  9.4  4.7 84.5  9.4
 14.1  0.0  0.0  0.0  0.0  0.0  0.0  0.0  0.0  0.0  0.0  0.0  0.0  0.0  0.0
  0.0  0.0  0.0  0.0  0.0  0.0  4.7  0.0  0.0  0.0  0.0  0.0  0.0  0.0  0.0
  0.0  0.0  0.0  0.0  0.0  0.0  0.0  0.0  4.7  0.0  0.0  0.0  0.0  0.0  0.0
  4.7  0.0  0.0  4.7  0.0  4.7  4.7  0.0  0.0  0.0  0.0  0.0  0.0  0.0  0.0
  0.0  0.0  0.0  0.0  0.0  0.0  0.0  4.7 28.2  0.0 23.5  4.7  0.0  4.7  4.7
  0.0 14.1  0.0  0.0 23.5  0.0 23.5 14.1  4.7  9.4  0.0  0.0  9.4  0.0  0.0
    -18.41     -4.13      6.76     -6.61      6.56  4.7  4.7  0.0  0.0  0.0
                                     t000011_s6_p7_el2ap.txt 19.3  5.6  110
  0.0  0.0  0.0 45.5  0.0  0.0  0.0  0.0 27.3  0.0  0.0  0.0  0.0  0.0  0.0
  0.0  0.0  0.0  0.0  0.0  0.0327.3172.7 72.7 36.4 18.2  0.0  0.0  0.0  0.0
  0.0  0.0 72.7  9.1  9.1 27.3  9.1  0.0 18.2  0.0  9.1  0.0  9.1  0.0  0.0
  0.0  0.0  9.1  0.0  9.1  9.1  0.0  0.0  0.0  0.0100.0 45.5  0.0 90.9  0.0
  0.0  0.0  0.0  0.0  0.0  0.0  0.0  0.0  0.0  0.0  0.0  0.0  0.0  0.0  0.0
  0.0  0.0  0.0  9.1  0.0  0.0  0.0  0.0  0.0  0.0  0.0  0.0  0.0  0.0  0.0
  0.0  0.0  0.0  0.0  0.0  0.0  0.0  0.0  0.0  0.0  0.0  0.0  0.0  0.0  0.0
  9.1  0.0  0.0  9.1  0.0  0.0  0.0  0.0  0.0  0.0  0.0  0.0  0.0  0.0  0.0
  0.0  9.1  0.0  0.0  0.0  0.0  0.0  0.0 18.2  9.1 27.3  9.1  0.0  0.0 18.2
  0.0  0.0  0.0  0.0  0.0  0.0  9.1 45.5  9.1 27.3  0.0  0.0  0.0  9.1  0.0
    -30.21     -3.72     -0.80      3.59      2.06  0.0  0.0  0.0  0.0  0.0
                                     t000011_s8_p1_el2ap.txt 30.8  5.3  260
  3.8  0.0  0.0 42.3  0.0  0.0  0.0  0.0  0.0  0.0  0.0  0.0  0.0  0.0  0.0
  0.0  0.0  3.8  7.7  0.0  0.0369.2115.4 80.8 11.5  7.7  3.8  3.8  0.0  0.0
  0.0  3.8 57.7  0.0  0.0 19.2  7.7  0.0  3.8  0.0  0.0  7.7  7.7  7.7  7.7
  3.8  0.0  0.0  0.0  0.0  3.8 11.5 19.2  0.0  0.0 92.3  7.7  0.0 73.1 11.5
  0.0  0.0  0.0  0.0  0.0  0.0  0.0  0.0  0.0  0.0  0.0  0.0  0.0  0.0  0.0
  0.0  0.0  0.0  0.0  3.8  3.8  0.0  0.0  0.0  0.0  0.0  0.0  0.0  0.0  3.8
  0.0  0.0  3.8  0.0  0.0  0.0  0.0  0.0  0.0  0.0  0.0  0.0  0.0  0.0  0.0
  7.7  0.0  0.0  7.7  7.7  0.0  7.7  0.0  0.0  0.0  0.0  0.0  0.0  0.0  0.0
  0.0  0.0  0.0  0.0  0.0  0.0  0.0  3.8  7.7  3.8 23.1 30.8 15.4 15.4 11.5
  0.0  0.0  0.0  0.0  0.0  7.7  3.8  7.7  0.0  3.8  3.8  0.0  3.8  0.0  0.0
    -27.00     -3.55      5.31     -2.29      9.50  3.8  0.0  0.0  0.0  0.0
                                     t000011_s8_p2_el2ap.txt 30.0  5.4  242
  4.1  0.0  0.0 37.2  0.0  0.0  0.0  0.0  0.0  8.3  0.0  0.0  0.0  0.0  0.0
  0.0  0.0  4.1 12.4  0.0  0.0380.2119.8 62.0 20.7 12.4  0.0  0.0  0.0  0.0
  0.0  0.0 66.1  0.0  0.0 49.6  0.0  0.0  0.0  0.0  0.0  0.0  8.3  8.3  0.0
  4.1  4.1  8.3  4.1  4.1  4.1 16.5 12.4  0.0  0.0 82.6 12.4  4.1 74.4 16.5
  0.0  0.0  0.0  0.0  0.0  0.0  0.0  0.0  0.0  0.0  0.0  0.0  0.0  0.0  0.0
  0.0  0.0  0.0  0.0  0.0  4.1  0.0  0.0  0.0  0.0  0.0  0.0  0.0  0.0  0.0
  0.0  0.0  0.0  0.0  4.1  0.0  0.0  0.0  0.0  0.0  0.0  0.0  0.0  0.0  0.0
  4.1  0.0  0.0  4.1  0.0  4.1  4.1  0.0  0.0  0.0  0.0  0.0  0.0  0.0  0.0
  0.0  4.1  0.0  0.0  0.0  0.0  0.0  4.1  0.0  0.0 16.5 33.1  4.1  4.1  0.0
  0.0  0.0  0.0  0.0  0.0  8.3  0.0 16.5  0.0  0.0  4.1  8.3  8.3  0.0  0.0
    -24.40     -4.50      2.75     -6.61      4.12  0.0  0.0  0.0  0.0  0.0
                                     t000011_s8_p3_el2ap.txt 32.5  5.2  295
  0.0  0.0  0.0 47.5  0.0  0.0  0.0  0.0 10.2  6.8  0.0  0.0  0.0  0.0  0.0
  3.4  0.0  0.0 13.6  0.0  0.0376.3108.5 74.6 13.6  6.8  3.4  3.4  0.0  0.0
  0.0  6.8 81.4  0.0  0.0 16.9  6.8  6.8  0.0  0.0  0.0 10.2  3.4 10.2  0.0
  0.0  3.4  6.8  6.8 13.6  6.8 23.7 10.2  0.0  0.0101.7 16.9  3.4 84.7 10.2
  3.4  0.0  0.0  0.0  0.0  0.0  0.0  0.0  0.0  0.0  0.0  0.0  0.0  0.0  0.0
  0.0  0.0  0.0  0.0  0.0  3.4  3.4  0.0  0.0  0.0  0.0  0.0  0.0  0.0  0.0
  0.0  0.0  0.0  0.0  0.0  0.0  0.0  0.0  0.0  0.0  3.4  0.0  3.4  0.0  0.0
  6.8  0.0  0.0  6.8  0.0  0.0  0.0  6.8  0.0  0.0  0.0  0.0  0.0  0.0  0.0
  0.0  0.0  0.0  0.0  0.0  0.0  0.0 10.2 16.9  3.4 10.2 40.7  0.0  3.4 13.6
  3.4  3.4  0.0  0.0  0.0  0.0  0.0 13.6  0.0  6.8  3.4  6.8  0.0  3.4  0.0
    -23.58     -3.70      8.17     -0.92      0.03  0.0  0.0  0.0  0.0  0.0
                                     t000012_s1_p1_el2ap.txt 26.5  5.5  239
 12.6  0.0  0.0 71.1  0.0  0.0  0.0  0.0 29.3  0.0  0.0  0.0  0.0  8.4  0.0
  0.0  0.0  4.2  8.4  0.0  0.0347.3125.5 66.9 29.3 12.6  0.0  8.4  0.0  0.0
  4.2  0.0117.2  4.2  4.2 16.7  8.4  0.0  0.0  4.2  0.0  0.0  0.0  0.0  4.2
  4.2  4.2 20.9  0.0  4.2  4.2 16.7  8.4  0.0  4.2 71.1 41.8  0.0121.3  4.2
  8.4  0.0  0.0  0.0  0.0  0.0  0.0  0.0  0.0  0.0  0.0  0.0  0.0  0.0  0.0
  0.0  0.0  0.0  8.4  4.2  4.2  4.2  0.0  0.0  0.0  0.0  0.0  0.0  0.0  0.0
  0.0  0.0  0.0  0.0  0.0  0.0  0.0  0.0  0.0  0.0  0.0  0.0  0.0  0.0  0.0
 20.9  0.0  0.0 20.9  0.0  0.0  0.0  0.0  0.0  0.0  0.0  0.0  0.0  0.0  0.0
  0.0  0.0  0.0  0.0  0.0  0.0  0.0 58.6  0.0  8.4 41.8  0.0  0.0  0.0  4.2
  0.0  4.2  0.0  0.0  0.0  0.0  0.0 37.7  8.4  4.2 12.6  0.0  8.4  0.0  0.0
    -19.11     -2.66      9.54     -4.70      0.94  0.0  0.0  0.0  0.0  0.0
                                    t000012_s14_p1_el2ap.txt 26.3  4.7  246
 12.2  0.0  0.0 32.5  0.0  0.0  0.0  0.0 24.4  0.0  0.0  0.0  0.0  0.0  0.0
  0.0  0.0  4.1  0.0  4.1  0.0353.7142.3 36.6 28.5  0.0  0.0  0.0  0.0  0.0
  4.1  4.1 93.5  4.1  0.0  4.1  4.1  0.0  0.0  4.1  0.0  0.0  0.0  8.1  0.0
  4.1  0.0  0.0  0.0  0.0  4.1  8.1 12.2  4.1  4.1 48.8 24.4  0.0 73.2  0.0
  0.0  0.0  0.0  0.0  0.0  0.0  0.0  0.0  0.0  0.0  0.0  0.0  0.0  0.0  0.0
  0.0  0.0  0.0  0.0  0.0  0.0  0.0  0.0  0.0  0.0  0.0  0.0  0.0  0.0  0.0
  0.0  0.0  0.0  0.0  0.0  0.0  0.0  0.0  0.0  0.0  0.0  0.0  0.0  0.0  0.0
  0.0  0.0  0.0  0.0  0.0  0.0  0.0  0.0  0.0  0.0  0.0  0.0  0.0  0.0  0.0
  0.0  0.0  0.0  0.0  0.0  0.0  0.0 52.8  0.0  0.0 28.5  4.1  0.0 16.3  0.0
  0.0  0.0  0.0  0.0  0.0  0.0  0.0 20.3  4.1 16.3  0.0  0.0  4.1  0.0  0.0
    -19.60     -4.79     11.28     -4.76     -1.08  0.0  0.0  0.0  0.0  0.0
                                    t000012_s14_p2_el2ap.txt 18.0  4.7  134
 14.9  0.0  0.0 22.4  0.0  0.0  0.0  0.0 37.3  0.0  7.5  0.0  0.0  0.0  0.0
  0.0  0.0  7.5  0.0  0.0  7.5276.1141.8 67.2 59.7 14.9  0.0  0.0  0.0  0.0
  0.0  0.0 52.2  7.5  0.0  7.5  7.5  7.5  0.0  0.0  0.0  0.0  0.0  0.0  0.0
  7.5  0.0  7.5  7.5  7.5 14.9  0.0  7.5  0.0  0.0 82.1 52.2  0.0 89.6  0.0
  7.5  0.0  0.0  0.0  0.0  0.0  0.0  0.0  0.0  0.0  0.0  0.0  0.0  0.0  0.0
  0.0  0.0  0.0  0.0  0.0  0.0  7.5  0.0  0.0  0.0  0.0  0.0  0.0  0.0  0.0
  0.0  0.0  0.0  0.0  0.0  0.0  0.0  0.0  0.0  0.0  0.0  0.0  0.0  0.0  0.0
  7.5  0.0  0.0  7.5  0.0  0.0  0.0  0.0  0.0  0.0  0.0  0.0  0.0  0.0  0.0
  0.0  0.0  0.0  0.0  0.0  0.0  0.0 52.2  0.0  0.0  7.5 14.9  0.0  0.0  0.0
  0.0  0.0  0.0  0.0  0.0 14.9  0.0  7.5  7.5 37.3  0.0  0.0  7.5  0.0  0.0
    -18.15     -3.10      2.05     -4.83     -1.22  0.0  0.0  0.0  0.0  0.0
                                    t000012_s14_p3_el2ap.txt  8.8  4.5   41
  0.0  0.0  0.0 24.4  0.0  0.0  0.0  0.0 24.4  0.0  0.0  0.0  0.0  0.0  0.0
  0.0  0.0  0.0  0.0  0.0  0.0219.5122.0 48.8 48.8  0.0  0.0  0.0  0.0  0.0
  0.0  0.0 97.6  0.0  0.0 24.4 48.8  0.0  0.0  0.0  0.0 24.4  0.0 24.4  0.0
  0.0  0.0  0.0  0.0  0.0  0.0  0.0 24.4  0.0  0.0 73.2 24.4  0.0122.0  0.0
  0.0  0.0  0.0  0.0  0.0  0.0  0.0  0.0  0.0  0.0  0.0  0.0  0.0  0.0  0.0
  0.0  0.0  0.0  0.0  0.0  0.0  0.0  0.0  0.0  0.0  0.0  0.0  0.0  0.0  0.0
  0.0  0.0  0.0  0.0  0.0  0.0  0.0  0.0  0.0  0.0  0.0  0.0  0.0  0.0  0.0
  0.0  0.0  0.0  0.0  0.0  0.0  0.0  0.0  0.0  0.0  0.0  0.0  0.0  0.0  0.0
  0.0  0.0  0.0  0.0  0.0  0.0  0.0  0.0 24.4  0.0  0.0  0.0  0.0  0.0  0.0
  0.0  0.0  0.0  0.0  0.0  0.0  0.0 24.4  0.0 24.4  0.0  0.0  0.0  0.0  0.0
    -21.98     -4.12      6.36      3.15      0.07  0.0  0.0  0.0  0.0  0.0
                                    t000012_s14_p4_el2ap.txt 19.5  4.9  124
  0.0  0.0  0.0 32.3  0.0  0.0  8.1  0.0 24.2  0.0 16.1  0.0  0.0  0.0  0.0
  0.0  0.0  8.1  0.0  0.0  0.0330.6104.8 72.6 40.3  8.1  0.0  0.0  0.0  0.0
  0.0  8.1 48.4  8.1  0.0 24.2  0.0  8.1  0.0  0.0  0.0  0.0  0.0  0.0  0.0
  0.0  0.0  8.1  0.0 16.1 16.1  8.1  0.0  0.0  0.0 96.8 32.3  8.1 80.6  8.1
 16.1  0.0  0.0  0.0  0.0  0.0  0.0  0.0  0.0  0.0  0.0  0.0  0.0  0.0  0.0
  0.0  0.0  0.0  0.0  0.0  0.0  0.0  0.0  0.0  0.0  0.0  0.0  0.0  0.0  0.0
  0.0  0.0  0.0  0.0  0.0  0.0  0.0  0.0  0.0  0.0  0.0  0.0  0.0  0.0  0.0
  0.0  0.0  0.0  0.0  0.0  0.0  0.0  0.0  0.0  0.0  0.0  0.0  0.0  0.0  0.0
  0.0  0.0  0.0  0.0  0.0  0.0  0.0 96.8  0.0  8.1 16.1 16.1  0.0  8.1  0.0
  0.0  0.0  0.0  0.0  0.0 16.1  0.0 16.1  0.0  8.1  0.0  0.0  8.1  0.0  0.0
    -20.79     -4.04      3.64     -4.69     -3.63  0.0  0.0  0.0  0.0  0.0
                                    t000012_s19_p1_el2ap.txt 11.3  4.8   82
  0.0  0.0  0.0 24.4  0.0  0.0  0.0 12.2  0.0  0.0  0.0  0.0  0.0  0.0  0.0
  0.0  0.0  0.0  0.0  0.0  0.0292.7219.5 48.8 48.8  0.0  0.0  0.0  0.0  0.0
  0.0  0.0122.0  0.0  0.0 12.2  0.0  0.0  0.0 12.2  0.0  0.0  0.0  0.0  0.0
  0.0  0.0  0.0 12.2 12.2  0.0 12.2  0.0  0.0  0.0 61.0  0.0  0.0 85.4 12.2
  0.0  0.0  0.0  0.0  0.0  0.0  0.0  0.0  0.0  0.0  0.0  0.0  0.0  0.0  0.0
  0.0  0.0  0.0  0.0  0.0  0.0  0.0  0.0  0.0  0.0  0.0  0.0  0.0  0.0  0.0
  0.0  0.0  0.0  0.0  0.0  0.0  0.0  0.0  0.0  0.0  0.0  0.0  0.0  0.0  0.0
  0.0  0.0  0.0  0.0  0.0  0.0  0.0  0.0  0.0  0.0  0.0  0.0  0.0  0.0  0.0
  0.0  0.0  0.0  0.0  0.0  0.0  0.0 36.6  0.0  0.0 48.8 12.2  0.0  0.0  0.0
  0.0  0.0  0.0  0.0  0.0  0.0  0.0  0.0  0.0 12.2  0.0  0.0 24.4  0.0  0.0
    -26.58     -4.12      8.75     -1.06     -3.63  0.0  0.0  0.0  0.0  0.0
                                    t000012_s19_p2_el2ap.txt 16.5  4.8  101
  9.9  0.0  0.0 59.4  0.0  0.0  0.0  0.0  0.0  9.9  0.0  0.0  0.0  0.0  0.0
  0.0  0.0  9.9  9.9  0.0  0.0257.4148.5 59.4 39.6  9.9  0.0  0.0  0.0  0.0
  0.0  0.0 29.7  0.0  0.0 19.8  0.0  0.0  0.0  9.9  0.0  0.0  9.9  9.9  0.0
  0.0  0.0  9.9 19.8  0.0  9.9 19.8  9.9  0.0  0.0 59.4  9.9  9.9108.9  9.9
  9.9  0.0  0.0  0.0  0.0  0.0  0.0  0.0  0.0  0.0  0.0  0.0  0.0  0.0  0.0
  0.0  0.0  0.0  0.0  0.0  0.0  9.9  0.0  0.0  0.0  0.0  0.0  0.0  0.0  0.0
  0.0  0.0  0.0  0.0  0.0  0.0  0.0  0.0  0.0  0.0  0.0  0.0  0.0  0.0  0.0
  9.9  0.0  0.0  9.9  0.0  0.0  0.0  0.0  0.0  0.0  0.0  0.0  0.0  0.0  0.0
  0.0  0.0  0.0  0.0  0.0  0.0  0.0 69.3  0.0  0.0 19.8  9.9  0.0  0.0  0.0
  0.0  0.0  0.0  0.0  0.0  0.0  0.0  0.0  0.0 29.7  0.0  0.0 29.7  0.0  0.0
    -17.92     -3.98      1.91     -2.10      4.06  0.0  0.0  0.0  0.0  0.0
                                    t000012_s19_p3_el2ap.txt 11.5  4.8   64
  0.0  0.0  0.0 31.3  0.0  0.0  0.0  0.0 15.6  0.0  0.0  0.0  0.0  0.0  0.0
  0.0  0.0  0.0  0.0  0.0  0.0406.3125.0 31.3 15.6  0.0  0.0  0.0  0.0  0.0
  0.0  0.0 62.5  0.0  0.0 15.6 15.6  0.0  0.0  0.0  0.0  0.0 15.6  0.0  0.0
  0.0  0.0  0.0  0.0  0.0  0.0  0.0  0.0  0.0  0.0 46.9 15.6  0.0 78.1 15.6
 15.6  0.0  0.0  0.0  0.0  0.0  0.0  0.0  0.0  0.0  0.0  0.0  0.0  0.0  0.0
  0.0  0.0  0.0  0.0  0.0  0.0  0.0  0.0  0.0  0.0  0.0  0.0  0.0  0.0  0.0
  0.0  0.0  0.0  0.0  0.0  0.0  0.0  0.0  0.0  0.0  0.0  0.0  0.0  0.0  0.0
  0.0  0.0  0.0  0.0  0.0  0.0  0.0  0.0  0.0  0.0  0.0  0.0  0.0  0.0  0.0
  0.0  0.0  0.0  0.0  0.0  0.0  0.0 93.8  0.0  0.0 46.9 31.3  0.0 15.6  0.0
  0.0  0.0  0.0  0.0  0.0  0.0  0.0 15.6  0.0 15.6  0.0  0.0 31.3  0.0  0.0
    -27.28     -5.21      4.43     -6.61      6.14 15.6  0.0  0.0  0.0  0.0
                                    t000012_s19_p4_el2ap.txt  7.3  4.7   43
  0.0  0.0  0.0 69.8  0.0  0.0  0.0  0.0  0.0  0.0  0.0  0.0  0.0  0.0  0.0
  0.0  0.0  0.0  0.0  0.0  0.0348.8116.3 46.5  0.0  0.0  0.0  0.0  0.0  0.0
  0.0  0.0 69.8  0.0  0.0  0.0  0.0  0.0  0.0  0.0  0.0  0.0  0.0 23.3  0.0
  0.0  0.0  0.0  0.0  0.0  0.0  0.0 23.3  0.0  0.0 46.5  0.0  0.0 93.0  0.0
  0.0  0.0  0.0  0.0  0.0  0.0  0.0  0.0  0.0  0.0  0.0  0.0  0.0  0.0  0.0
  0.0  0.0  0.0  0.0  0.0  0.0  0.0  0.0  0.0  0.0  0.0  0.0  0.0  0.0  0.0
  0.0  0.0  0.0  0.0  0.0  0.0  0.0  0.0  0.0  0.0  0.0  0.0  0.0  0.0  0.0
  0.0  0.0  0.0  0.0  0.0  0.0  0.0  0.0  0.0  0.0  0.0  0.0  0.0  0.0  0.0
  0.0  0.0  0.0  0.0  0.0  0.0  0.0 46.5  0.0 23.3 46.5 23.3  0.0  0.0  0.0
  0.0  0.0  0.0  0.0  0.0  0.0  0.0  0.0  0.0  0.0  0.0  0.0  0.0  0.0  0.0
    -25.40     -5.73      5.82     -6.61     -0.10  0.0  0.0  0.0  0.0  0.0
                                     t000012_s6_p1_el2ap.txt 25.5  5.5  205
 14.6  0.0  0.0 68.3  0.0  0.0  4.9  0.0  9.8  0.0  0.0  4.9  0.0  0.0  0.0
  0.0  0.0 14.6  0.0  0.0  0.0351.2151.2 68.3  0.0  0.0  0.0  4.9  0.0  0.0
  0.0  0.0156.1  4.9  4.9  9.8 19.5  0.0  0.0  0.0  0.0  4.9  0.0  4.9  9.8
  0.0  0.0  9.8  0.0  4.9 14.6  4.9 14.6  0.0  0.0 78.0  9.8  0.0 82.9  0.0
  4.9  0.0  0.0  0.0  0.0  0.0  0.0  0.0  0.0  0.0  0.0  0.0  0.0  0.0  0.0
  0.0  0.0  0.0  4.9  0.0  0.0  0.0  0.0  0.0  0.0  0.0  0.0  0.0  0.0  0.0
  0.0  0.0  0.0  0.0  0.0  0.0  0.0  0.0  0.0  9.8  0.0  0.0  0.0  0.0  0.0
  4.9  0.0  0.0  4.9  0.0  0.0  9.8  0.0  0.0  0.0  0.0  0.0  0.0  0.0  0.0
  0.0  0.0  0.0  0.0  0.0  0.0  0.0 29.3 19.5 34.1 63.4  4.9  0.0  0.0  0.0
  4.9  4.9  0.0  0.0  4.9 29.3  4.9 19.5  4.9  9.8  4.9  0.0  9.8  0.0  0.0
    -20.08     -4.82      8.43     -4.65      4.62  4.9  0.0  0.0  0.0  0.0
                                     t000012_s6_p2_el2ap.txt 28.0  5.7  275
  0.0  0.0  0.0 80.0  0.0  0.0  0.0  3.6  0.0  0.0  0.0  0.0  0.0  0.0  0.0
  0.0  0.0 21.8 14.5  0.0  0.0316.4145.5 72.7  0.0 18.2  3.6  3.6  0.0  3.6
  0.0  0.0120.0  3.6  0.0 14.5  3.6  0.0  0.0  0.0  0.0  0.0  3.6 14.5  0.0
  0.0  0.0  7.3  7.3  3.6 21.8 14.5 14.5  0.0  3.6 83.6 18.2  7.3105.5 18.2
 21.8  0.0  0.0  0.0  0.0  0.0  0.0  0.0  0.0  0.0  0.0  0.0  0.0  0.0  0.0
  0.0  0.0  0.0  3.6  0.0  0.0  3.6  3.6  0.0  0.0  0.0  0.0  0.0  3.6  0.0
  0.0  0.0  3.6  0.0  0.0  0.0  0.0  0.0  0.0  0.0  0.0  0.0  0.0  0.0  0.0
  7.3  3.6  3.6 14.5  3.6  0.0  3.6  0.0  0.0  0.0  0.0  0.0  0.0  0.0  0.0
  0.0  0.0  0.0  0.0  0.0  0.0  0.0 25.5 14.5  7.3 29.1  3.6  0.0  0.0  3.6
  3.6  7.3  0.0  0.0  0.0 18.2  0.0  0.0  3.6 10.9  0.0  0.0 14.5  0.0  0.0
    -18.88     -3.55      9.26     -6.61      0.85  0.0  3.6  0.0  0.0  0.0
                                     t000012_s6_p3_el2ap.txt 21.8  5.7  124
  0.0  0.0  0.0 88.7  0.0  0.0  0.0  0.0  0.0  0.0  0.0  0.0  0.0  0.0  0.0
 16.1  0.0  0.0  0.0  0.0  0.0290.3137.1 56.5  8.1 24.2  8.1  0.0  0.0  0.0
  0.0  0.0104.8  0.0  8.1 24.2 16.1  0.0 16.1  0.0  0.0  8.1  8.1 16.1  8.1
  8.1  8.1  0.0  0.0  8.1  0.0  8.1 32.3  0.0  0.0 72.6 24.2  0.0121.0  0.0
 16.1  0.0  0.0  0.0  0.0  0.0  0.0  0.0  0.0  0.0  0.0  0.0  0.0  0.0  0.0
  0.0  0.0  0.0  0.0  0.0  0.0  0.0  0.0  0.0  0.0  0.0  0.0  0.0  0.0  0.0
  0.0  0.0  0.0  8.1  0.0  0.0  0.0  0.0  0.0  0.0  0.0  0.0  0.0  0.0  0.0
  0.0  0.0  0.0  0.0  8.1  0.0  8.1  0.0  0.0  0.0  0.0  0.0  0.0  0.0  0.0
  0.0  0.0  0.0  0.0  0.0  0.0  0.0 24.2  0.0  0.0 32.3 16.1  0.0  0.0  0.0
 16.1  0.0  0.0  0.0  0.0  8.1  0.0  8.1  8.1  0.0  0.0 24.2  8.1  0.0  0.0
    -20.72     -2.84      4.51      1.82     12.66  8.1  0.0  0.0  0.0  0.0
                                     t000012_s6_p4_el2ap.txt 18.8  5.5  134
  0.0  0.0  0.0 89.6  0.0  0.0  0.0  0.0  7.5  0.0  0.0  0.0  0.0  7.5  0.0
  0.0  0.0 14.9  7.5  0.0  0.0328.4134.3 82.1  0.0 29.9  7.5  7.5  0.0  0.0
  0.0  0.0119.4  0.0  0.0 14.9  0.0  0.0  0.0  0.0  0.0  0.0 14.9  0.0  0.0
  7.5  0.0  7.5  0.0  7.5 14.9  7.5  7.5  0.0  0.0 89.6 37.3  0.0 89.6  0.0
 14.9  0.0  0.0  0.0  0.0  0.0  0.0  0.0  0.0  0.0  0.0  0.0  0.0  0.0  0.0
  0.0  0.0  0.0  7.5  0.0  0.0  0.0  0.0  0.0  0.0  0.0  0.0  0.0  0.0  0.0
  0.0  7.5  0.0  0.0  0.0  0.0  0.0  0.0  7.5  0.0  0.0  0.0  0.0  0.0  0.0
  7.5  0.0  0.0  7.5  7.5  7.5 14.9  0.0  0.0  0.0  0.0  0.0  0.0  0.0  0.0
  0.0  0.0  0.0  0.0  0.0  0.0  0.0 52.2  0.0  7.5 37.3  0.0  0.0  0.0  0.0
 14.9  0.0  0.0  0.0  0.0 14.9 14.9  7.5  7.5  7.5  7.5  0.0  0.0  0.0  0.0
    -18.85     -1.58      8.42     -6.61      8.11  0.0  0.0  0.0  0.0  0.0
                                     t000012_s8_p1_el2ap.txt 24.0  5.6  157
  6.4  0.0  0.0 25.5  0.0  0.0  0.0  0.0  0.0  0.0  0.0  6.4  0.0  0.0  0.0
  0.0  0.0  0.0  6.4  0.0  0.0426.8 82.8 51.0  0.0  0.0  0.0  0.0  0.0  0.0
  0.0  0.0146.5  0.0  6.4 19.1  0.0  0.0  0.0  0.0  0.0  0.0  0.0  6.4  0.0
  0.0  0.0  0.0  0.0  0.0  0.0 12.7  6.4  0.0  0.0 51.0  0.0  6.4 44.6 12.7
  0.0  0.0  0.0  0.0  0.0  0.0  0.0  0.0  0.0  0.0  0.0  0.0  0.0  0.0  0.0
  0.0  0.0  0.0  0.0  0.0  0.0  0.0  0.0  0.0  0.0  0.0  0.0  0.0  0.0  0.0
  0.0  0.0  0.0  0.0  0.0  0.0  0.0  0.0  0.0  0.0  0.0  0.0  0.0  0.0  0.0
  0.0  0.0  0.0  0.0  0.0  0.0  0.0  0.0  0.0  0.0  0.0  0.0  0.0  0.0  0.0
  0.0  0.0  0.0  0.0  0.0  0.0  0.0 25.5  6.4  0.0 25.5 19.1  0.0  0.0  0.0
 12.7  0.0  0.0  0.0  0.0  6.4  0.0  6.4  0.0  0.0  6.4  0.0  6.4  0.0  0.0
    -24.17     -5.73      8.19     -6.61     -2.66  6.4  0.0  0.0  0.0  0.0
                                     t000012_s8_p2_el2ap.txt 23.3  5.4  137
 21.9  0.0  0.0 58.4  0.0  7.3  0.0  7.3  7.3  0.0  0.0  0.0  0.0  0.0  0.0
  0.0  0.0  7.3  7.3  0.0  0.0343.1124.1 43.8  0.0  0.0  0.0  0.0  0.0  0.0
  7.3  0.0109.5  0.0  7.3 14.6  0.0  0.0  0.0  0.0  0.0  7.3  0.0  7.3  0.0
  0.0  0.0 14.6 14.6  0.0  7.3  7.3  7.3  0.0  7.3 51.1  7.3  0.0 73.0  7.3
  0.0  0.0  0.0  0.0  0.0  0.0  0.0  0.0  0.0  0.0  0.0  0.0  0.0  0.0  0.0
  0.0  0.0  0.0 14.6  0.0  0.0  0.0  0.0  0.0  0.0  0.0  0.0  0.0  0.0  0.0
  0.0  0.0  0.0  0.0  0.0  0.0  0.0  0.0  0.0  0.0  0.0  0.0  0.0  0.0  0.0
 14.6  0.0  0.0 14.6  0.0  0.0  0.0  0.0  0.0  0.0  0.0  0.0  0.0  0.0  0.0
  0.0  0.0  0.0  0.0  0.0  0.0  0.0 21.9  0.0  7.3 36.5  0.0  0.0  0.0  7.3
  0.0  0.0  0.0  0.0  0.0  7.3  0.0  7.3  0.0  0.0  7.3  0.0 21.9  0.0  0.0
    -17.45     -5.73     12.24     -3.69     -2.52  7.3  0.0  0.0  0.0  0.0
                                     t000012_s8_p3_el2ap.txt 17.5  5.7  108
  9.3  9.3  0.0 64.8  0.0  0.0  0.0  0.0  0.0  0.0  0.0  0.0  0.0  0.0  0.0
  0.0  0.0  0.0  0.0  0.0  0.0342.6166.7 55.6  0.0  9.3  0.0  0.0  0.0  0.0
  0.0  0.0138.9  0.0  9.3 27.8  0.0  9.3  0.0  0.0  0.0  0.0  9.3  9.3  0.0
  9.3  0.0  9.3  0.0  9.3  9.3  0.0 18.5  0.0  0.0 74.1  9.3  0.0 74.1  9.3
  0.0  0.0  0.0  0.0  0.0  0.0  0.0  0.0  0.0  0.0  0.0  0.0  0.0  0.0  0.0
  0.0  0.0  0.0 18.5  0.0  0.0  0.0  0.0  0.0  0.0  0.0  0.0  0.0  9.3  0.0
  0.0  0.0  0.0  0.0  0.0  0.0  0.0  0.0  0.0  0.0  0.0  0.0  0.0  0.0  0.0
 18.5  0.0  9.3 27.8  0.0  0.0  0.0  0.0  0.0  0.0  0.0  0.0  0.0  0.0  0.0
  0.0  0.0  0.0  0.0  0.0  0.0  0.0 37.0  0.0  9.3 37.0  0.0  0.0  9.3 18.5
  0.0  0.0  0.0  0.0  0.0 18.5  0.0  0.0  0.0  9.3  9.3  0.0  9.3  0.0  0.0
    -27.13     -5.32      6.32     -4.40      6.55  0.0  0.0  0.0  0.0  0.0
                                     t000012_s8_p4_el2ap.txt 19.0  5.4  113
  0.0  0.0  0.0 61.9  0.0  0.0  0.0  0.0  0.0  0.0  8.8  0.0  0.0  0.0  0.0
  0.0  0.0 17.7  8.8  0.0  0.0345.1150.4 70.8  0.0  8.8  0.0  8.8  0.0  0.0
  0.0  0.0132.7  0.0  0.0 26.5 17.7  8.8  0.0  0.0  8.8  0.0  8.8  0.0  8.8
  0.0  0.0  8.8  8.8  8.8 35.4  8.8  8.8  0.0  0.0 79.6  8.8  0.0 88.5  8.8
  0.0  0.0  0.0  0.0  0.0  0.0  0.0  0.0  0.0  0.0  0.0  0.0  0.0  0.0  0.0
  0.0  0.0  0.0  0.0  0.0  0.0  0.0  0.0  0.0  0.0  0.0  0.0  0.0  0.0  0.0
  0.0  0.0  8.8  0.0  0.0  0.0  0.0  0.0  0.0  0.0  0.0  0.0  0.0  0.0  0.0
  0.0  0.0  0.0  0.0  8.8  0.0  8.8  0.0  0.0  0.0  0.0  0.0  0.0  0.0  0.0
  0.0  0.0  0.0  0.0  0.0  0.0  0.0 44.2  8.8  0.0 53.1  8.8  0.0  0.0  8.8
  8.8  0.0 26.5  0.0  0.0  0.0  0.0 26.5 17.7  8.8  8.8  0.0  0.0  0.0  0.0
    -21.90     -3.70      8.68     -0.28      8.71  8.8  0.0  0.0  0.0  0.0
                                     t000012_s8_p5_el2ap.txt 19.0  6.4  120
  0.0  0.0  0.0 58.3  0.0  0.0  0.0  0.0  8.3  0.0  8.3  0.0  0.0  0.0  0.0
 50.0  0.0 16.7 16.7  0.0  0.0366.7 83.3108.3  8.3  0.0 41.7  0.0  0.0  8.3
  0.0  8.3108.3  0.0  0.0 25.0  0.0  0.0  0.0  0.0  0.0  8.3  0.0  8.3  0.0
  0.0  0.0  0.0  0.0  0.0 16.7 25.0  8.3  0.0  8.3108.3  8.3  0.0116.7  8.3
 16.7  0.0  0.0  0.0  0.0  0.0  0.0  0.0  0.0  0.0  0.0  0.0  0.0  0.0  0.0
  0.0  0.0  0.0  0.0  0.0  0.0  0.0  0.0  0.0  0.0  0.0  0.0  0.0  0.0  0.0
  0.0  0.0  0.0  0.0  0.0  0.0  0.0  0.0  0.0  0.0  0.0  0.0  0.0  0.0  0.0
  0.0  0.0  0.0  0.0  0.0  0.0  0.0  0.0  0.0  0.0  0.0  0.0  0.0  0.0  0.0
  0.0  0.0  0.0  0.0  0.0  0.0  0.0 33.3  0.0  0.0 25.0  0.0  8.3  8.3  0.0
  0.0  0.0  0.0  0.0  0.0  0.0  0.0 16.7  0.0  0.0  0.0  0.0  8.3  0.0  0.0
     -3.64      2.56     14.33     -3.27     -2.36  8.3  0.0  0.0  0.0  0.0
                                     t000012_s8_p6_el2ap.txt 30.0  5.7  211
  9.5  4.7  0.0 56.9  0.0  0.0  0.0  4.7  9.5  0.0  0.0  0.0  0.0  0.0  0.0
  4.7  0.0  0.0  9.5  0.0  0.0398.1142.2 66.4 14.2  4.7  9.5  0.0  0.0  0.0
  0.0  0.0118.5  0.0  0.0 19.0  9.5  0.0  4.7  0.0  0.0  4.7  4.7  4.7  0.0
  0.0  0.0  4.7  0.0  9.5  0.0  9.5  4.7  0.0  0.0 85.3 14.2  0.0 90.0  0.0
 14.2  0.0  0.0  0.0  0.0  0.0  0.0  0.0  0.0  0.0  0.0  0.0  0.0  0.0  0.0
  0.0  0.0  0.0  9.5  0.0  0.0  0.0  0.0  0.0  0.0  0.0  0.0  0.0  0.0  0.0
  0.0  0.0  0.0  0.0  0.0  0.0  0.0  0.0  0.0  0.0  0.0  0.0  0.0  0.0  0.0
  9.5  0.0  0.0  9.5  0.0  0.0  0.0  0.0  0.0  0.0  0.0  0.0  0.0  0.0  0.0
  0.0  0.0  0.0  0.0  0.0  0.0  0.0 23.7  4.7  0.0 33.2  4.7  0.0  0.0  0.0
  0.0  9.5  0.0  0.0  0.0  0.0  0.0 37.9  9.5  0.0  0.0  4.7  4.7  0.0  0.0
    -24.23     -3.23      8.12     -3.18      0.05  0.0  9.5  0.0  0.0  0.0
                                     t000012_s8_p7_el2ap.txt 22.8  5.6  142
 35.2  0.0  0.0 91.5  0.0  0.0  0.0  7.0 35.2  0.0  0.0  0.0  0.0  0.0  0.0
  0.0  0.0  0.0  0.0  0.0  0.0338.0112.7 91.5 14.1  7.0  0.0  7.0  0.0  0.0
  0.0  0.0 84.5  0.0  7.0 49.3  7.0  7.0  0.0  7.0  0.0  0.0 14.1  0.0  7.0
  0.0  0.0 21.1  0.0  0.0  7.0  7.0  7.0  0.0  0.0 91.5 42.3  0.0119.7  0.0
 21.1  0.0  0.0  0.0  0.0  0.0  0.0  0.0  0.0  0.0  0.0  0.0  0.0  0.0  0.0
  0.0  0.0  0.0  0.0 14.1  0.0  7.0  0.0  0.0  0.0  0.0  0.0  0.0  0.0  0.0
  0.0  0.0  0.0  0.0  0.0  0.0  0.0  0.0  0.0  0.0  7.0  0.0  0.0  0.0  0.0
 21.1  0.0  0.0 21.1  0.0  0.0  0.0  7.0  0.0  0.0  0.0  0.0  0.0  0.0  0.0
  0.0  0.0  0.0  0.0  0.0  0.0  0.0 49.3  7.0  7.0 28.2 14.1  0.0  0.0  7.0
  0.0  0.0  0.0  0.0  0.0  0.0  7.0 42.3  0.0 21.1  7.0  0.0 14.1  0.0  0.0
    -22.49     -3.65      1.97     -1.73     10.59  7.0  0.0  0.0  0.0  0.0
                                     t000014_s1_p1_el2ap.txt 28.3  5.8  189
 10.6  0.0  0.0 63.5  0.0  0.0  0.0  0.0 31.7  5.3  0.0  0.0  0.0  0.0  0.0
  0.0  0.0 10.6 37.0  0.0  5.3328.0142.9 74.1 15.9 15.9  0.0  5.3  0.0 10.6
 10.6 10.6169.3  0.0  5.3 37.0 10.6  0.0 10.6  0.0  0.0  5.3  0.0 15.9  0.0
  0.0  0.0  0.0  0.0  0.0 10.6 47.6 15.9  0.0 21.2 79.4 47.6  0.0111.1 15.9
  5.3  0.0  0.0  0.0  0.0  0.0  0.0  0.0  0.0  0.0  0.0  0.0  0.0  0.0  0.0
  0.0  0.0  0.0  0.0  5.3  0.0  0.0  0.0  0.0  0.0  0.0  0.0  0.0  0.0  0.0
  0.0 10.6  0.0  0.0  0.0  0.0  0.0  0.0  0.0  5.3  0.0  0.0  0.0  0.0  0.0
  5.3  0.0  0.0  5.3 10.6  0.0 15.9  0.0  0.0  0.0  0.0  0.0  0.0  0.0  0.0
  0.0  0.0  0.0  0.0  0.0  0.0  0.0  0.0 21.2  5.3 37.0  0.0  0.0  0.0  0.0
  5.3  0.0  0.0  0.0  0.0  0.0  0.0 15.9 10.6 10.6  5.3  5.3 21.2  0.0  0.0
    -14.35     -3.52     27.90     -1.08     -1.22  0.0  0.0  5.3  0.0  0.0
                                    t000014_s11_p1_el2ap.txt 31.5  5.7  195
 15.4  0.0  0.0 71.8  0.0  0.0  5.1  0.0 15.4  5.1  0.0  0.0  0.0  0.0  0.0
  0.0  0.0  5.1 30.8  5.1  0.0353.8102.6 76.9  0.0  0.0  0.0  5.1  0.0  0.0
  0.0  5.1143.6  0.0  0.0 15.4 10.3  0.0 10.3  0.0  5.1  0.0  0.0 10.3  0.0
  0.0  0.0  0.0  0.0  0.0 10.3 35.9 10.3  5.1  0.0102.6 15.4  0.0 97.4  0.0
 10.3  0.0  0.0  0.0  0.0  0.0  0.0  0.0  0.0  0.0  0.0  0.0  0.0  0.0  0.0
  0.0  0.0  0.0  0.0  0.0  0.0  0.0  0.0  0.0  0.0  0.0  0.0  0.0  0.0  0.0
  0.0  0.0  0.0  0.0  0.0  0.0  0.0  0.0  0.0  0.0  0.0  0.0  0.0  0.0  0.0
  0.0  0.0  0.0  0.0  0.0  0.0  0.0  0.0  0.0  0.0  0.0  0.0  0.0  0.0  0.0
  0.0  0.0  0.0  0.0  0.0  0.0  0.0  0.0  5.1 10.3 51.3  5.1 25.6 10.3  0.0
  0.0  0.0  0.0  0.0  0.0  5.1  5.1 15.4 10.3 10.3  5.1  0.0 15.4  0.0  0.0
    -11.99     -4.78     11.97     -0.85     -2.07 10.3  0.0  0.0  0.0  0.0
                                   t000014_s11_p10_el2ap.txt 15.5  5.0   85
 23.5  0.0 11.8117.6  0.0  0.0  0.0  0.0  0.0 11.8  0.0 11.8  0.0  0.0  0.0
  0.0  0.0 11.8 11.8  0.0  0.0305.9117.6 82.4 11.8  0.0  0.0  0.0 11.8  0.0
  0.0  0.0 70.6 11.8  0.0 58.8 23.5  0.0  0.0  0.0  0.0  0.0 11.8  0.0  0.0
  0.0  0.0  0.0  0.0  0.0 11.8 23.5  0.0  0.0 11.8 94.1  0.0 11.8129.4  0.0
 23.5  0.0  0.0  0.0  0.0  0.0  0.0  0.0  0.0  0.0  0.0  0.0  0.0  0.0  0.0
  0.0  0.0  0.0  0.0  0.0  0.0  0.0  0.0  0.0  0.0  0.0  0.0  0.0  0.0  0.0
  0.0 11.8 23.5  0.0  0.0  0.0  0.0  0.0  0.0  0.0  0.0  0.0 11.8  0.0  0.0
  0.0  0.0  0.0  0.0 35.3  0.0 35.3 11.8  0.0  0.0  0.0  0.0  0.0  0.0  0.0
  0.0  0.0  0.0  0.0  0.0  0.0  0.0 11.8  0.0  0.0 58.8 35.3  0.0 11.8 11.8
  0.0  0.0 35.3  0.0  0.0  0.0  0.0 23.5  0.0 47.1  0.0  0.0 11.8  0.0  0.0
     -8.05     -5.34      6.09     -6.61      3.73  0.0  0.0  0.0  0.0  0.0
                                   t000014_s11_p11_el2ap.txt 30.3  4.9  199
  5.0  0.0  0.0 90.5  0.0  0.0  5.0  5.0  0.0  5.0  0.0  0.0  0.0  0.0  0.0
  0.0  0.0 10.1 35.2  0.0  5.0211.1 80.4 55.3 15.1 45.2  5.0  0.0  0.0 10.1
  5.0  5.0 70.4 20.1  0.0 65.3 15.1 10.1  0.0  0.0  0.0  0.0 15.1 50.3  0.0
 10.1  5.0  5.0  0.0  0.0 20.1 45.2 60.3  0.0 15.1 75.4 45.2  0.0130.7  0.0
  0.0  0.0  0.0  0.0  0.0  0.0  0.0  0.0  0.0  0.0  0.0  0.0  0.0  0.0  0.0
  0.0  0.0  0.0  0.0  5.0  0.0  0.0  0.0  0.0  0.0  0.0  0.0  0.0  0.0  0.0
  0.0 10.1  5.0  0.0  0.0  0.0  0.0  0.0  0.0  0.0  0.0  0.0  5.0  0.0  0.0
  5.0  0.0  0.0  5.0 15.1  0.0 15.1  5.0  0.0  0.0  0.0  0.0  0.0  0.0  0.0
  0.0  0.0  0.0  0.0  0.0  0.0  0.0  5.0  5.0  5.0 20.1  5.0 30.2  5.0 10.1
  0.0  0.0  0.0  0.0  0.0  0.0  0.0 10.1  0.0 35.2 15.1  5.0  5.0  5.0  0.0
     -4.93     -2.26      7.86     -4.21     16.65  5.0  0.0  0.0  0.0  0.0
                                   t000014_s11_p12_el2ap.txt 18.3  5.4  109
  9.2  0.0  0.0 73.4  0.0  0.0  9.2  0.0  0.0  0.0  0.0  0.0  0.0  9.2  0.0
  0.0  0.0 18.3 27.5  0.0  9.2348.6128.4 45.9  9.2 36.7  0.0  0.0  0.0  0.0
  0.0  9.2128.4  0.0  9.2 36.7  9.2  0.0  0.0  0.0  0.0  0.0 18.3 18.3  9.2
  0.0  0.0  0.0  0.0 18.3 18.3 36.7 27.5  0.0  0.0 64.2 36.7  0.0100.9  9.2
  9.2  0.0  0.0  0.0  0.0  0.0  0.0  0.0  0.0  0.0  0.0  0.0  0.0  0.0  0.0
  0.0  0.0  0.0  0.0  0.0  0.0  0.0  0.0  0.0  0.0  0.0  0.0  0.0  0.0  0.0
  0.0  0.0  0.0  0.0  0.0  0.0  0.0  0.0  0.0  0.0  0.0  0.0  0.0  0.0  0.0
  0.0  0.0  0.0  0.0  0.0  0.0  0.0  0.0  0.0  0.0  0.0  0.0  0.0  0.0  0.0
  0.0  9.2  0.0  0.0  0.0  0.0  0.0  0.0  0.0  9.2 36.7  0.0 18.3  0.0  0.0
 18.3  0.0  0.0  0.0  0.0  0.0  0.0  9.2  0.0 18.3  0.0  0.0  9.2  0.0  0.0
     -5.62     -3.79      8.51     -6.61     17.68  0.0  0.0  0.0  0.0  0.0
                                   t000014_s11_p13_el2ap.txt 25.5  5.0  177
 16.9  5.6  0.0113.0  0.0  0.0  0.0 11.3  0.0  5.6  0.0  0.0  0.0  5.6  0.0
  5.6  0.0 33.9  5.6  0.0  0.0333.3 79.1 67.8 11.3 11.3 11.3  5.6  0.0  0.0
  5.6  0.0 62.1  0.0  0.0 28.2 11.3  0.0  5.6  0.0  5.6  0.0  5.6  5.6  0.0
  0.0 16.9  5.6  5.6  0.0 39.5 22.6  5.6  0.0  5.6 73.4 11.3 16.9141.2  5.6
 16.9  0.0  0.0  0.0  0.0  0.0  0.0  0.0  0.0  0.0  0.0  0.0  0.0  0.0  0.0
  0.0  0.0  0.0  5.6  0.0  5.6  0.0  0.0  0.0  0.0  0.0  0.0  0.0  0.0  5.6
  0.0  0.0  5.6  0.0  0.0  0.0  0.0  0.0  0.0  0.0  0.0  0.0  0.0  0.0  0.0
 11.3  0.0  0.0 11.3 11.3  0.0 11.3  0.0  0.0  0.0  0.0  0.0  0.0  0.0  0.0
  0.0  0.0  0.0  0.0  0.0  0.0  0.0 11.3 16.9  0.0 50.8  5.6 11.3  0.0  0.0
  0.0  0.0  0.0  0.0  0.0 11.3  0.0  5.6  5.6 22.6  5.6  0.0 11.3  0.0  0.0
     -1.64     -1.63      8.82     -2.09      0.76  0.0  0.0  0.0  0.0  0.0
                                   t000014_s11_p14_el2ap.txt 13.5  5.5   78
  0.0  0.0  0.0 89.7  0.0  0.0  0.0 12.8  0.0  0.0  0.0  0.0  0.0  0.0  0.0
  0.0  0.0  0.0  0.0  0.0  0.0346.2141.0115.4  0.0 12.8  0.0  0.0  0.0  0.0
  0.0 12.8 51.3  0.0  0.0 38.5  0.0  0.0  0.0  0.0  0.0 12.8 12.8 25.6  0.0
  0.0 12.8  0.0  0.0  0.0  0.0 25.6 25.6  0.0  0.0128.2 12.8  0.0 89.7  0.0
 12.8  0.0  0.0  0.0  0.0  0.0  0.0  0.0  0.0  0.0  0.0  0.0  0.0  0.0  0.0
  0.0  0.0  0.0  0.0  0.0  0.0  0.0  0.0  0.0  0.0  0.0  0.0  0.0  0.0  0.0
  0.0  0.0  0.0  0.0  0.0  0.0  0.0  0.0  0.0  0.0 12.8  0.0 12.8  0.0  0.0
  0.0  0.0  0.0  0.0  0.0  0.0  0.0 25.6  0.0  0.0  0.0  0.0  0.0  0.0  0.0
  0.0  0.0  0.0  0.0  0.0  0.0  0.0  0.0 25.6  0.0 12.8  0.0 25.6  0.0 25.6
  0.0  0.0  0.0  0.0  0.0 12.8  0.0 12.8  0.0  0.0 12.8  0.0 25.6  0.0  0.0
    -28.28     -5.16      7.10     -1.48      8.27  0.0  0.0  0.0  0.0  0.0
                                   t000014_s11_p15_el2ap.txt 25.0  5.4  160
  0.0  0.0  0.0106.3  0.0  0.0  6.3  0.0  0.0  0.0  0.0  0.0  0.0  0.0  0.0
  0.0  0.0 25.0 12.5  0.0  0.0256.3100.0 81.3 12.5 25.0  6.3  0.0  6.3 12.5
  0.0  6.3106.3  6.3  0.0 43.8  0.0  0.0  0.0  0.0 12.5  0.0 25.0 43.8  6.3
  6.3  0.0  0.0  0.0  6.3 37.5 18.8 56.3  0.0 18.8100.0 25.0  0.0143.8  6.3
 12.5  0.0  0.0  0.0  0.0  0.0  0.0  0.0  0.0  0.0  0.0  0.0  0.0  0.0  0.0
  0.0  0.0  0.0  0.0  0.0  0.0  0.0  0.0  0.0  0.0  0.0  0.0  0.0  0.0  0.0
  0.0  0.0  0.0  0.0  0.0  0.0  0.0  0.0  0.0  0.0  0.0  0.0  0.0  0.0  0.0
  0.0  0.0  0.0  0.0  0.0  0.0  0.0  0.0  0.0  0.0  0.0  0.0  0.0  0.0  0.0
  0.0  0.0  0.0  0.0  0.0  0.0  0.0  0.0 25.0  0.0  6.3  0.0 50.0  0.0  0.0
  6.3  6.3  6.3  0.0  0.0  6.3  6.3 12.5  0.0  0.0 12.5  0.0  6.3  6.3  0.0
    -13.42     -3.00     16.32     -0.65     25.45  0.0  0.0  0.0  0.0  0.0
                                   t000014_s11_p16_el2ap.txt 27.5  5.1  214
  9.3  0.0  0.0 51.4  0.0  0.0  9.3  4.7  0.0 18.7  4.7  0.0  0.0  4.7  0.0
  0.0  0.0  4.7  9.3  0.0  0.0294.4172.9 88.8 28.0  4.7  0.0  4.7  0.0  0.0
  0.0  4.7 88.8  0.0  0.0 37.4  9.3  0.0  0.0  0.0  0.0  4.7  0.0  4.7  0.0
  4.7  0.0  4.7  0.0  0.0  4.7 14.0  9.3  0.0  0.0107.5  4.7  0.0102.8  9.3
  4.7  0.0  0.0  0.0  0.0  0.0  0.0  0.0  0.0  0.0  0.0  0.0  0.0  0.0  0.0
  0.0  0.0  0.0  0.0  4.7  4.7  0.0  4.7  0.0  0.0  0.0  0.0  0.0  0.0  0.0
  0.0  0.0  4.7  0.0  0.0  0.0  0.0  0.0  4.7  0.0  0.0  0.0  4.7  0.0  0.0
  9.3  4.7  0.0 14.0  4.7  4.7  9.3  4.7  0.0  0.0  0.0  0.0  0.0  0.0  0.0
  0.0  0.0  0.0  0.0  0.0  0.0  0.0  4.7 23.4  4.7 32.7  0.0 14.0 14.0  0.0
  0.0  0.0  0.0  0.0  0.0  4.7  0.0  0.0  0.0  9.3  9.3  0.0  9.3 18.7  0.0
    -17.10     -3.73      6.75     -4.74     -1.41  4.7  0.0  0.0  0.0  0.0
                                   t000014_s11_p17_el2ap.txt  8.5  5.8   40
  0.0  0.0  0.0 75.0  0.0  0.0  0.0  0.0 50.0  0.0  0.0  0.0  0.0  0.0  0.0
  0.0  0.0  0.0 25.0  0.0  0.0350.0 75.0 75.0  0.0  0.0 25.0  0.0  0.0  0.0
  0.0  0.0100.0  0.0  0.0 25.0 25.0  0.0  0.0  0.0  0.0 25.0  0.0 50.0  0.0
  0.0 25.0  0.0  0.0  0.0  0.0 50.0 50.0  0.0  0.0 75.0 50.0  0.0150.0  0.0
 25.0  0.0  0.0  0.0  0.0  0.0  0.0  0.0  0.0  0.0  0.0  0.0  0.0  0.0  0.0
  0.0  0.0  0.0  0.0  0.0  0.0  0.0  0.0  0.0  0.0  0.0  0.0  0.0  0.0  0.0
  0.0 25.0  0.0  0.0  0.0  0.0  0.0  0.0  0.0  0.0  0.0  0.0  0.0  0.0  0.0
  0.0  0.0  0.0  0.0 25.0  0.0 25.0  0.0  0.0  0.0  0.0  0.0  0.0  0.0  0.0
  0.0  0.0  0.0  0.0  0.0  0.0  0.0  0.0  0.0  0.0 25.0 25.0 50.0  0.0  0.0
  0.0  0.0  0.0  0.0  0.0  0.0 25.0 25.0 25.0 25.0  0.0  0.0  0.0  0.0  0.0
    -20.56     -0.92      6.50      3.39      3.95 25.0  0.0  0.0  0.0  0.0
                                   t000014_s11_p18_el2ap.txt 19.8  5.5  104
  9.6  0.0  0.0 76.9  0.0  0.0  0.0  9.6  0.0  0.0  0.0 19.2  0.0  0.0  0.0
  0.0  0.0  9.6  9.6  0.0  0.0336.5 76.9 57.7  9.6 38.5  9.6  0.0  0.0  9.6
  0.0  0.0 67.3  0.0  0.0 28.8 19.2  0.0  0.0  0.0  0.0  0.0  9.6  0.0  0.0
  0.0  9.6  0.0  0.0  9.6  9.6 38.5  0.0  0.0  9.6105.8 38.5 19.2115.4  9.6
  0.0  0.0  0.0  0.0  0.0  0.0  0.0  0.0  0.0  0.0  0.0  0.0  0.0  0.0  0.0
  0.0  0.0  0.0  0.0  0.0  0.0  0.0  0.0  0.0  0.0  0.0  0.0  0.0  0.0  0.0
  0.0  0.0  0.0  0.0  0.0  0.0  0.0  0.0  0.0  0.0  0.0  0.0  0.0  0.0  0.0
  0.0  0.0  0.0  0.0  0.0  0.0  0.0  0.0  0.0  0.0  0.0  0.0  0.0  0.0  0.0
  0.0  0.0  0.0  0.0  0.0  0.0  0.0 19.2 28.8  9.6 19.2 19.2  0.0  0.0  0.0
  0.0  0.0  0.0  0.0  0.0  0.0  0.0 38.5  0.0 19.2  9.6  0.0  9.6  9.6  0.0
     -6.62     -1.85      8.82     -6.61      2.38  0.0  0.0  0.0  0.0  0.0
                                   t000014_s11_p19_el2ap.txt 14.0  5.3   66
  0.0  0.0  0.0 75.8  0.0  0.0  0.0  0.0  0.0 15.2 15.2  0.0  0.0  0.0  0.0
  0.0  0.0 45.5 30.3  0.0  0.0287.9 75.8 60.6  0.0  0.0  0.0  0.0  0.0  0.0
  0.0  0.0 60.6  0.0  0.0 45.5 30.3  0.0  0.0  0.0  0.0  0.0  0.0 15.2 15.2
  0.0 15.2  0.0  0.0 15.2 45.5 45.5 30.3  0.0  0.0 90.9  0.0  0.0151.5 15.2
  0.0  0.0  0.0  0.0  0.0  0.0  0.0  0.0  0.0  0.0  0.0  0.0  0.0  0.0  0.0
  0.0  0.0  0.0  0.0  0.0  0.0  0.0  0.0  0.0  0.0  0.0  0.0  0.0  0.0  0.0
  0.0 15.2  0.0  0.0  0.0  0.0  0.0  0.0  0.0  0.0  0.0  0.0  0.0  0.0  0.0
  0.0  0.0  0.0  0.0 15.2  0.0 15.2  0.0  0.0  0.0  0.0  0.0  0.0  0.0  0.0
  0.0  0.0  0.0  0.0  0.0  0.0  0.0 15.2 15.2  0.0 45.5  0.0  0.0  0.0  0.0
  0.0  0.0  0.0  0.0  0.0  0.0  0.0 75.8  0.0 15.2  0.0  0.0  0.0  0.0  0.0
     -0.92     -5.73      2.60     -6.61     10.32  0.0  0.0  0.0  0.0  0.0
                                    t000014_s11_p2_el2ap.txt 18.8  5.5  110
 18.2  0.0  0.0 63.6  0.0  0.0  9.1  0.0  0.0  0.0  0.0  0.0  0.0 18.2  0.0
  0.0  0.0  0.0 18.2  0.0  0.0272.7 81.8 90.9  9.1 45.5  9.1  9.1  0.0  0.0
  0.0  9.1 81.8  0.0  0.0  9.1 18.2  0.0  0.0  0.0  0.0  0.0  0.0  0.0  0.0
  0.0  0.0  0.0  0.0  0.0  0.0 27.3  0.0  0.0  0.0136.4 45.5  0.0100.0  0.0
 27.3  0.0  0.0  0.0  0.0  0.0  0.0  0.0  0.0  0.0  0.0  0.0  0.0  0.0  0.0
  0.0  0.0  0.0  0.0  0.0  0.0  0.0  0.0  0.0  0.0  0.0  0.0  0.0  0.0  0.0
  0.0  9.1  9.1  0.0  0.0  0.0  0.0  0.0  0.0  0.0  0.0  0.0  0.0  0.0  0.0
  0.0  0.0  0.0  0.0 18.2  0.0 18.2  0.0  0.0  0.0  0.0  0.0  0.0  0.0  0.0
  0.0  0.0  0.0  0.0  0.0  0.0  0.0  0.0  0.0  0.0 36.4  0.0 18.2  0.0  9.1
  0.0  0.0  0.0  0.0  0.0  0.0  0.0  0.0 18.2 18.2  9.1  0.0 27.3  0.0  0.0
     -9.88      0.02      9.51     -6.61     -3.63  0.0  9.1  0.0  0.0  0.0
                                   t000014_s11_p20_el2ap.txt 10.3  4.7   50
  0.0  0.0  0.0100.0 40.0  0.0  0.0  0.0  0.0  0.0  0.0  0.0  0.0  0.0  0.0
  0.0  0.0  0.0 80.0  0.0  0.0300.0140.0  0.0  0.0 60.0 20.0  0.0  0.0  0.0
  0.0  0.0 40.0  0.0  0.0 60.0  0.0  0.0  0.0  0.0  0.0 20.0  0.0  0.0  0.0
  0.0 20.0  0.0  0.0 20.0  0.0100.0  0.0  0.0  0.0 40.0100.0  0.0 80.0 20.0
  0.0  0.0  0.0  0.0  0.0  0.0  0.0  0.0  0.0  0.0  0.0  0.0  0.0  0.0  0.0
  0.0  0.0  0.0  0.0  0.0  0.0  0.0  0.0  0.0  0.0  0.0  0.0  0.0  0.0  0.0
  0.0  0.0  0.0  0.0  0.0  0.0  0.0  0.0  0.0  0.0  0.0  0.0  0.0  0.0  0.0
  0.0  0.0  0.0  0.0  0.0  0.0  0.0  0.0  0.0  0.0  0.0  0.0  0.0  0.0  0.0
  0.0  0.0  0.0  0.0  0.0  0.0  0.0  0.0 20.0  0.0  0.0  0.0 20.0  0.0  0.0
  0.0  0.0  0.0  0.0  0.0  0.0  0.0 20.0  0.0  0.0  0.0  0.0  0.0  0.0  0.0
     -2.03      0.79      0.34      1.39     -3.63  0.0  0.0  0.0  0.0  0.0
                                   t000014_s11_p21_el2ap.txt 18.0  5.0   98
  0.0  0.0  0.0 91.8  0.0 10.2  0.0  0.0  0.0  0.0 10.2  0.0  0.0 10.2  0.0
  0.0  0.0 20.4  0.0  0.0  0.0346.9102.0 30.6  0.0 51.0  0.0  0.0  0.0  0.0
  0.0  0.0 51.0  0.0  0.0 20.4 20.4  0.0  0.0  0.0  0.0  0.0  0.0 20.4 10.2
  0.0 10.2  0.0  0.0 10.2 20.4 10.2 30.6  0.0  0.0 61.2 51.0  0.0112.2  0.0
  0.0  0.0  0.0  0.0  0.0  0.0  0.0  0.0  0.0  0.0  0.0  0.0  0.0  0.0  0.0
  0.0  0.0  0.0  0.0  0.0  0.0  0.0  0.0  0.0  0.0  0.0  0.0  0.0  0.0  0.0
  0.0  0.0  0.0  0.0  0.0  0.0  0.0  0.0  0.0 10.2  0.0  0.0  0.0  0.0  0.0
  0.0  0.0  0.0  0.0  0.0  0.0 10.2  0.0  0.0  0.0  0.0  0.0  0.0  0.0  0.0
  0.0  0.0  0.0  0.0  0.0  0.0  0.0  0.0 20.4  0.0 30.6  0.0 30.6 20.4  0.0
  0.0  0.0  0.0  0.0  0.0  0.0  0.0 10.2 10.2  0.0  0.0  0.0 20.4  0.0  0.0
     -8.94     -3.46      3.36     -6.61      7.32  0.0  0.0  0.0  0.0  0.0
                                   t000014_s11_p22_el2ap.txt 10.3  5.3   47
  0.0  0.0  0.0 42.6  0.0  0.0 21.3 21.3  0.0  0.0  0.0  0.0  0.0  0.0  0.0
  0.0  0.0  0.0 21.3  0.0  0.0361.7106.4  0.0 21.3 21.3  0.0 21.3  0.0  0.0
  0.0  0.0148.9 21.3  0.0106.4  0.0  0.0  0.0  0.0  0.0 21.3 21.3 21.3  0.0
  0.0  0.0  0.0  0.0  0.0  0.0 21.3 21.3  0.0  0.0  0.0 21.3  0.0 85.1  0.0
  0.0  0.0  0.0  0.0  0.0  0.0  0.0  0.0  0.0  0.0  0.0  0.0  0.0  0.0  0.0
  0.0  0.0  0.0  0.0  0.0  0.0  0.0  0.0  0.0  0.0  0.0  0.0  0.0  0.0  0.0
  0.0  0.0  0.0  0.0  0.0  0.0  0.0  0.0  0.0  0.0 21.3  0.0  0.0  0.0  0.0
  0.0  0.0  0.0  0.0  0.0  0.0  0.0 21.3  0.0  0.0  0.0  0.0  0.0  0.0  0.0
  0.0  0.0  0.0  0.0  0.0  0.0  0.0 21.3 21.3  0.0 85.1 21.3 21.3 42.6  0.0
  0.0  0.0  0.0  0.0  0.0  0.0  0.0 21.3  0.0  0.0  0.0  0.0  0.0  0.0  0.0
    -11.25     -0.14     -0.81      1.91     12.90  0.0  0.0  0.0  0.0  0.0
                                   t000014_s11_p23_el2ap.txt 29.5  5.2  307
  6.5  3.3  0.0 87.9  0.0  0.0  0.0  3.3  0.0  6.5  6.5  0.0  0.0  6.5  0.0
  0.0  0.0  6.5 13.0  0.0  0.0289.9 71.7 61.9  6.5  3.3  3.3  0.0  0.0  3.3
  0.0  3.3 81.4 13.0  3.3 61.9  9.8  9.8  3.3  0.0  3.3  0.0  6.5 26.1  6.5
  3.3 16.3  3.3  0.0  6.5 19.5 32.6 35.8  0.0  3.3 94.5  3.3  0.0117.3  0.0
  6.5  3.3  0.0  0.0  0.0  0.0  0.0  0.0  0.0  0.0  0.0  0.0  0.0  0.0  0.0
  0.0  0.0  0.0  0.0  0.0  6.5  0.0  0.0  3.3  0.0  0.0  0.0  0.0  0.0  0.0
  0.0  0.0  0.0  0.0  0.0  0.0  0.0  0.0  0.0  0.0  0.0  0.0  6.5  0.0  0.0
  6.5  3.3  0.0  9.8  0.0  0.0  0.0  6.5  0.0  0.0  0.0  0.0  0.0  0.0  0.0
  0.0  0.0  0.0  0.0  0.0  0.0  0.0  6.5 13.0  0.0 22.8  6.5 29.3 16.3  3.3
  0.0  0.0  0.0  0.0  0.0  0.0  3.3 19.5  3.3  6.5  0.0  0.0  9.8  0.0  0.0
    -11.87     -4.74      1.27     -1.68     10.46  3.3  0.0  0.0  0.0  0.0
                                   t000014_s11_p24_el2ap.txt 28.5  5.4  174
 11.5  0.0  0.0 63.2  0.0  0.0  0.0  0.0  5.7  0.0  5.7  0.0  0.0  0.0  0.0
  5.7  0.0 28.7 17.2  0.0 17.2298.9126.4 80.5  5.7 11.5  0.0  0.0  0.0  0.0
  0.0 23.0149.4  0.0  0.0 51.7  5.7  0.0  5.7  0.0  5.7  0.0  0.0 11.5  0.0
  0.0  0.0  5.7  5.7 11.5 34.5 40.2 11.5  0.0  0.0114.9 17.2  0.0 69.0  0.0
  5.7  0.0  0.0  0.0  0.0  0.0  0.0  0.0  0.0  0.0  0.0  0.0  0.0  0.0  0.0
  0.0  0.0  0.0  5.7  0.0  5.7  0.0  0.0  0.0  0.0  0.0  0.0  5.7  0.0  0.0
  0.0  5.7  5.7  0.0  0.0  0.0  0.0  0.0  0.0  0.0  0.0  0.0  0.0  0.0  0.0
 11.5  0.0  5.7 17.2 11.5  0.0 11.5  0.0  0.0  0.0  0.0  0.0  0.0  0.0  0.0
  0.0  0.0  0.0  0.0  0.0  0.0  0.0 17.2  5.7  5.7 17.2 17.2 11.5  5.7  0.0
 11.5  0.0  0.0  0.0  0.0 11.5  0.0 11.5  0.0  5.7 11.5  0.0  5.7  0.0  0.0
     -5.69     -5.03     16.93     -2.01     -1.88  0.0  0.0  0.0  0.0  0.0
                                   t000014_s11_p25_el2ap.txt 22.5  5.6  112
 17.9  0.0  0.0116.1  0.0  0.0  0.0  8.9  0.0 17.9  8.9  0.0  0.0  0.0  0.0
  0.0  0.0 17.9 17.9  0.0  0.0241.1 89.3 62.5  0.0 17.9  8.9  0.0  0.0  0.0
  0.0  0.0107.1  0.0  8.9 35.7  8.9  8.9  0.0  0.0  8.9  0.0  8.9  8.9  0.0
  0.0  8.9  0.0  0.0  8.9 35.7 26.8  8.9  0.0  0.0142.9 17.9  0.0125.0  0.0
 17.9  0.0  0.0  0.0  0.0  0.0  0.0  0.0  0.0  0.0  0.0  0.0  0.0  0.0  0.0
  0.0  0.0  0.0 17.9  0.0  0.0  0.0  0.0  0.0  0.0  0.0  0.0  0.0  0.0  0.0
  0.0  0.0  8.9  0.0  0.0  0.0  0.0  0.0  0.0  0.0  0.0  0.0  0.0  0.0  0.0
 17.9  0.0  0.0 17.9  8.9  0.0  8.9  0.0  0.0  0.0  0.0  0.0  0.0  0.0  0.0
  0.0  0.0  0.0  0.0  0.0  0.0  0.0  0.0  0.0  0.0 26.8  0.0  0.0 17.9 17.9
  8.9  0.0  0.0  0.0  0.0  0.0 17.9 17.9 17.9 17.9  8.9  0.0  8.9  0.0  0.0
     -6.89     -3.22      3.76     -0.23      3.31  0.0  0.0  0.0  0.0  0.0
                                    t000014_s11_p3_el2ap.txt 11.0  5.4   48
 20.8 20.8  0.0 41.7  0.0  0.0  0.0  0.0 20.8  0.0  0.0  0.0  0.0  0.0  0.0
  0.0  0.0  0.0  0.0  0.0 20.8416.7145.8 62.5  0.0 20.8  0.0  0.0  0.0  0.0
  0.0  0.0166.7  0.0  0.0 20.8 20.8  0.0  0.0  0.0  0.0  0.0  0.0 20.8  0.0
  0.0  0.0  0.0  0.0  0.0  0.0  0.0 20.8  0.0  0.0 62.5 41.7  0.0 62.5  0.0
  0.0  0.0  0.0  0.0  0.0  0.0  0.0  0.0  0.0  0.0  0.0  0.0  0.0  0.0  0.0
  0.0  0.0  0.0  0.0 20.8  0.0  0.0  0.0  0.0  0.0  0.0  0.0  0.0  0.0  0.0
  0.0  0.0  0.0  0.0  0.0  0.0  0.0  0.0  0.0  0.0  0.0  0.0  0.0  0.0  0.0
 20.8  0.0  0.0 20.8  0.0  0.0  0.0  0.0  0.0  0.0  0.0  0.0  0.0  0.0  0.0
  0.0  0.0  0.0  0.0  0.0  0.0  0.0  0.0  0.0  0.0 20.8  0.0 41.7  0.0  0.0
  0.0  0.0  0.0  0.0  0.0  0.0 20.8  0.0 20.8 20.8 20.8  0.0 20.8  0.0  0.0
    -16.27     -4.80     11.36     -6.61     -0.47  0.0  0.0  0.0  0.0  0.0
                                    t000014_s11_p4_el2ap.txt 25.8  5.3  164
  6.1  0.0  0.0 54.9  0.0  0.0  6.1  0.0  0.0  0.0  0.0  0.0  0.0  0.0  0.0
  0.0  0.0  6.1 24.4  0.0  0.0317.1109.8103.7  0.0 12.2  0.0  0.0  0.0  0.0
  0.0 18.3 67.1  0.0  0.0 18.3 12.2  0.0  6.1  0.0  0.0  0.0  6.1 18.3  0.0
  0.0  0.0  0.0  0.0  6.1  6.1 42.7 18.3  0.0  0.0158.5 12.2  0.0 73.2  0.0
  6.1  0.0  0.0  0.0  0.0  0.0  0.0  0.0  0.0  0.0  0.0  0.0  0.0  0.0  0.0
  0.0  0.0  0.0  0.0  0.0  0.0  0.0  0.0  0.0  0.0  0.0  0.0  0.0  0.0  0.0
  0.0  0.0  6.1  0.0  0.0  0.0  0.0  0.0  0.0  0.0  0.0  0.0  0.0  0.0  0.0
  0.0  0.0  0.0  0.0  6.1  0.0  6.1  0.0  0.0  0.0  0.0  0.0  0.0  0.0  0.0
  0.0  0.0  0.0  0.0  0.0  0.0  0.0  0.0 30.5  6.1 24.4  0.0 48.8  0.0  0.0
  0.0  0.0  0.0  0.0  0.0  0.0  0.0 12.2  0.0  6.1 12.2  0.0  6.1  0.0  0.0
    -20.40     -5.19     11.37     -4.64      2.96  6.1  0.0  6.1  0.0  0.0
                                    t000014_s11_p5_el2ap.txt 30.3  5.2  348
 17.2  2.9  0.0 83.3  0.0  0.0  2.9  0.0  2.9 11.5  2.9  0.0  0.0  2.9  0.0
  2.9  0.0  5.7 31.6  2.9  0.0270.1 89.1 46.0  0.0 20.1  2.9  0.0  0.0  2.9
  0.0 11.5112.1  0.0  5.7 40.2 17.2  8.6  0.0  0.0 11.5  2.9 17.2 25.9  0.0
  2.9  8.6  5.7  5.7  8.6 25.9 51.7 28.7  2.9  2.9 83.3 23.0  5.7114.9 11.5
  8.6  0.0  0.0  0.0  0.0  0.0  0.0  0.0  0.0  0.0  0.0  0.0  0.0  0.0  0.0
  0.0  0.0  0.0  0.0  5.7  0.0  2.9  0.0  2.9  0.0  0.0  0.0  0.0  0.0  0.0
  0.0  0.0  2.9  0.0  0.0  0.0  0.0  2.9  2.9  2.9  0.0  0.0  0.0  0.0  0.0
  8.6  2.9  0.0 11.5  2.9  5.7 11.5  0.0  0.0  0.0  0.0  0.0  0.0  0.0  0.0
  0.0  0.0  0.0  0.0  0.0  0.0  0.0  2.9  5.7  0.0 23.0  8.6 31.6  5.7 11.5
 17.2  5.7  0.0  0.0  0.0  0.0  2.9 20.1  0.0 23.0  2.9  0.0 17.2  0.0  0.0
     -4.13     -4.28     10.47      2.07     11.99  0.0  0.0  0.0  0.0  0.0
                                    t000014_s11_p6_el2ap.txt 26.5  5.1  321
 12.5  0.0  0.0 93.5  6.2  0.0  3.1  3.1 15.6  9.3  0.0  0.0  0.0  0.0  0.0
  0.0  0.0  9.3 12.5  0.0  0.0299.1102.8 65.4 12.5  3.1  0.0  6.2  0.0  0.0
  0.0 12.5118.4  0.0  9.3 15.6  9.3  6.2  3.1  0.0  0.0  3.1  3.1  6.2  3.1
  0.0  3.1  3.1  0.0  0.0 15.6 28.0  9.3  0.0  0.0102.8 24.9  0.0115.3  0.0
  9.3  0.0  0.0  0.0  0.0  0.0  0.0  0.0  0.0  0.0  0.0  0.0  0.0  0.0  0.0
  0.0  0.0  0.0  0.0  0.0  3.1  0.0  0.0  0.0  0.0  0.0  0.0  0.0  0.0  0.0
  0.0  6.2  0.0  0.0  0.0  0.0  0.0  0.0  0.0  6.2  0.0  0.0  0.0  0.0  0.0
  3.1  0.0  0.0  3.1  6.2  0.0 12.5  0.0  0.0  0.0  0.0  0.0  0.0  0.0  0.0
  0.0  0.0  0.0  0.0  0.0  0.0  0.0  0.0 18.7  0.0 21.8  3.1 15.6 21.8  9.3
 12.5  0.0  0.0  0.0  0.0  0.0  0.0 21.8  9.3  9.3  3.1  0.0  0.0  0.0  0.0
    -14.45     -4.03     10.18     -2.87      1.66  0.0  0.0  0.0  0.0  0.0
                                    t000014_s11_p7_el2ap.txt 30.0  5.4  253
 19.8  0.0  0.0 75.1  0.0  0.0  0.0  0.0  0.0  4.0  0.0  0.0  0.0  0.0  0.0
  0.0  0.0  0.0  0.0  0.0  0.0343.9130.4 59.3 15.8  0.0 15.8  4.0  0.0  4.0
  0.0  0.0 83.0  0.0  4.0 55.3  4.0  7.9  0.0  0.0  0.0  4.0 11.9  7.9  0.0
  4.0  7.9  0.0 11.9  4.0  7.9  7.9 11.9  0.0  4.0 71.1  0.0  4.0106.7  7.9
  7.9  0.0  0.0  0.0  0.0  0.0  0.0  0.0  0.0  0.0  0.0  0.0  0.0  0.0  0.0
  0.0  0.0  0.0  0.0  4.0  0.0  0.0  0.0  0.0  0.0  0.0  0.0  0.0  0.0  0.0
  0.0  0.0  4.0  0.0  0.0  0.0  0.0  0.0  0.0  0.0  4.0  0.0  0.0  0.0  0.0
  4.0  0.0  0.0  4.0  4.0  0.0  4.0  4.0  0.0  0.0  0.0  0.0  0.0  0.0  0.0
  0.0  0.0  0.0  0.0  0.0  0.0  0.0  4.0 11.9  0.0 23.7  0.0  7.9  7.9  4.0
  0.0  0.0  0.0  0.0  0.0 11.9  7.9  7.9  4.0 19.8  4.0  0.0 11.9  7.9  0.0
    -25.40     -1.44      4.41     -3.14      6.26  0.0  0.0  0.0  0.0  0.0
                                    t000014_s11_p8_el2ap.txt 17.0  5.6  101
  0.0  0.0  0.0 49.5  0.0  0.0  0.0  0.0  0.0  0.0  9.9  0.0  0.0  0.0  0.0
  0.0  0.0 39.6 19.8  0.0  0.0386.1108.9118.8  0.0  9.9  0.0  0.0  0.0  0.0
  0.0  9.9 99.0  0.0  9.9  9.9  0.0  0.0  0.0  0.0  0.0  0.0  0.0 29.7  9.9
  0.0  0.0  0.0  0.0  0.0 39.6 29.7 39.6  0.0  0.0118.8  9.9  0.0 59.4  0.0
  0.0  0.0  0.0  0.0  0.0  0.0  0.0  0.0  0.0  0.0  0.0  0.0  0.0  0.0  0.0
  0.0  0.0  0.0  0.0  0.0  0.0  0.0  0.0  0.0  0.0  0.0  0.0  0.0  0.0  0.0
  0.0  0.0  0.0  0.0  0.0  0.0  0.0  0.0  0.0  0.0  0.0  0.0  0.0  0.0  0.0
  0.0  0.0  0.0  0.0  0.0  0.0  0.0  0.0  0.0  0.0  0.0  0.0  0.0  0.0  0.0
  0.0  0.0  0.0  0.0  0.0  0.0  0.0  0.0  9.9  0.0 19.8  9.9 49.5  0.0  0.0
  0.0  0.0  0.0  0.0  9.9  9.9  0.0  0.0  0.0  9.9  0.0  0.0  9.9  0.0  0.0
    -16.23     -5.29      8.04     -6.61      8.49  0.0  0.0  0.0  0.0  0.0
                                    t000014_s11_p9_el2ap.txt  8.5  7.8   35
  0.0  0.0  0.0 57.1  0.0  0.0 28.6  0.0  0.0  0.0  0.0  0.0  0.0  0.0  0.0
  0.0  0.0  0.0 28.6  0.0  0.0571.4 28.6114.3  0.0  0.0  0.0  0.0  0.0  0.0
  0.0  0.0400.0  0.0  0.0  0.0  0.0  0.0  0.0  0.0  0.0  0.0  0.0  0.0  0.0
 28.6  0.0  0.0  0.0  0.0  0.0 28.6 28.6  0.0  0.0142.9  0.0  0.0114.3 28.6
  0.0  0.0  0.0  0.0  0.0  0.0  0.0  0.0  0.0  0.0  0.0  0.0  0.0  0.0  0.0
  0.0  0.0  0.0  0.0  0.0  0.0  0.0  0.0  0.0  0.0  0.0  0.0  0.0  0.0  0.0
  0.0  0.0  0.0  0.0  0.0  0.0  0.0  0.0  0.0  0.0  0.0  0.0  0.0  0.0  0.0
  0.0  0.0  0.0  0.0  0.0  0.0  0.0  0.0  0.0  0.0  0.0  0.0  0.0  0.0  0.0
  0.0  0.0  0.0  0.0  0.0  0.0  0.0  0.0 28.6  0.0 57.1  0.0 28.6 28.6 28.6
  0.0  0.0  0.0  0.0  0.0  0.0  0.0 28.6  0.0  0.0  0.0  0.0 28.6  0.0  0.0
    -27.98     -5.73     28.75     -6.61      5.59  0.0  0.0  0.0  0.0  0.0
                                    t000014_s16_p1_el2ap.txt 25.0  5.5  154
  0.0  0.0  0.0 45.5  0.0  0.0  0.0  0.0  6.5  6.5  0.0  0.0  0.0  0.0  0.0
  0.0  0.0  6.5 19.5  0.0  0.0344.2149.4110.4 19.5 19.5  0.0  0.0  0.0  0.0
  0.0  0.0162.3  0.0  0.0 26.0  0.0  0.0  0.0  0.0  0.0  6.5  6.5 19.5  0.0
  0.0  0.0  0.0  0.0  6.5  6.5 19.5 19.5  0.0  0.0116.9 26.0  6.5 71.4  0.0
  0.0  0.0  0.0  0.0  0.0  0.0  0.0  0.0  0.0  0.0  0.0  0.0  0.0  0.0  0.0
  0.0  0.0  0.0  0.0  0.0  0.0  0.0  0.0  0.0  0.0  0.0  0.0  6.5  0.0  0.0
  0.0  0.0  0.0  0.0  0.0  0.0  0.0  0.0  0.0  0.0  0.0  0.0  0.0  0.0  0.0
  0.0  0.0  6.5  6.5  0.0  0.0  0.0  0.0  0.0  0.0  0.0  0.0  0.0  0.0  0.0
  0.0  0.0  0.0  0.0  0.0  0.0  0.0 13.0  6.5 13.0 39.0  6.5  0.0  6.5  6.5
  0.0 13.0  6.5  0.0  0.0  0.0  0.0 13.0  6.5  0.0  6.5  0.0 13.0  0.0  0.0
    -25.57     -4.22     10.77     -4.01      3.38  0.0  0.0  0.0  0.0  0.0
                                   t000014_s16_p10_el2ap.txt 27.3  5.7  157
  0.0  0.0  0.0101.9  0.0 12.7  0.0  0.0  0.0 19.1  0.0  0.0  0.0  0.0  0.0
  0.0  0.0  0.0  6.4  0.0  0.0331.2114.6114.6 12.7  0.0 19.1  0.0  0.0  6.4
  0.0  0.0 82.8  0.0  0.0 38.2  0.0  0.0  6.4  0.0  0.0 12.7  6.4 19.1  0.0
  0.0  0.0  0.0 12.7  0.0  0.0  6.4 19.1  0.0  6.4127.4  0.0  0.0 95.5  6.4
  0.0  0.0  0.0  0.0  0.0  0.0  0.0  0.0  0.0  0.0  0.0  0.0  0.0  0.0  0.0
  0.0  0.0  0.0  0.0  0.0  0.0  0.0  0.0  0.0  0.0  0.0  0.0  0.0  0.0  0.0
  0.0  0.0  0.0  0.0  0.0  0.0  0.0  0.0  0.0  0.0  0.0  0.0  0.0  0.0  0.0
  0.0  0.0  0.0  0.0  0.0  0.0  0.0  0.0  0.0  0.0  0.0  0.0  0.0  0.0  0.0
  0.0  0.0  0.0  0.0  0.0  0.0  0.0  0.0  0.0  0.0 12.7 12.7 12.7  6.4  6.4
  0.0  0.0  0.0  0.0  0.0  6.4  6.4  0.0  0.0  0.0  0.0 25.5 31.8  0.0  0.0
    -22.37     -1.63      7.74      0.55      3.25  0.0  0.0  0.0  0.0  0.0
                                   t000014_s16_p11_el2ap.txt 21.0  5.1  130
  0.0  0.0  0.0 53.8  0.0  7.7  0.0  0.0  0.0  0.0  0.0  0.0  0.0  0.0  0.0
  0.0  0.0  0.0  7.7  0.0  0.0400.0176.9 61.5 23.1  0.0  0.0  0.0  0.0  0.0
  0.0  0.0 46.2  0.0  0.0 30.8  0.0  0.0  0.0  0.0  0.0  0.0  0.0  0.0  0.0
  0.0  0.0  0.0  0.0  0.0  0.0  7.7  0.0  0.0  0.0 84.6  0.0  0.0 76.9 15.4
  0.0  0.0  0.0  0.0  0.0  0.0  0.0  0.0  0.0  0.0  0.0  0.0  0.0  0.0  0.0
  0.0  0.0  0.0  0.0  0.0  0.0  0.0  0.0  0.0  0.0  0.0  0.0  0.0  0.0  0.0
  0.0  0.0  0.0  0.0  0.0  0.0  0.0  0.0  0.0  0.0  0.0  0.0  0.0  0.0  0.0
  0.0  0.0  0.0  0.0  0.0  0.0  0.0  0.0  0.0  0.0  0.0  0.0  0.0  0.0  0.0
  0.0  0.0  0.0  0.0  0.0  0.0  0.0  0.0  0.0  7.7  7.7 23.1  0.0  0.0  0.0
  0.0  0.0  0.0  0.0  0.0  0.0  0.0  7.7  0.0  0.0  0.0  0.0  0.0  7.7  0.0
    -27.50     -4.97      2.43     -6.61     -3.63  0.0  0.0  0.0  0.0  0.0
                                   t000014_s16_p12_el2ap.txt 31.0  5.4  281
  3.6  0.0  0.0 49.8  0.0  3.6  7.1  0.0  0.0  0.0  0.0  0.0  0.0  0.0  0.0
  0.0  0.0  7.1 10.7  0.0  0.0341.6135.2 74.7 14.2  7.1  0.0  0.0  0.0  3.6
  0.0  3.6 99.6  3.6  3.6 35.6 10.7 10.7  0.0  0.0  0.0  0.0  7.1 17.8  0.0
  0.0  3.6  0.0 10.7  3.6 17.8 17.8 17.8  0.0  3.6 99.6  7.1  3.6 85.4 14.2
  3.6  0.0  0.0  0.0  0.0  0.0  0.0  0.0  0.0  0.0  0.0  0.0  0.0  0.0  0.0
  0.0  0.0  0.0  0.0  3.6  0.0  0.0  0.0  0.0  0.0  0.0  0.0  0.0  0.0  0.0
  0.0  3.6  3.6  0.0  0.0  0.0  0.0  0.0  0.0  0.0  0.0  0.0  3.6  0.0  0.0
  3.6  0.0  0.0  3.6  7.1  0.0  7.1  3.6  0.0  0.0  0.0  0.0  0.0  0.0  0.0
  0.0  0.0  0.0  0.0  0.0  0.0  0.0  3.6 21.4  7.1 32.0 21.4  7.1  0.0 10.7
  0.0  0.0  0.0  0.0  0.0  0.0  3.6  7.1  0.0  3.6  7.1  7.1  0.0  0.0  0.0
    -22.52     -4.94      6.91     -4.06      3.52  0.0  0.0  0.0  0.0  0.0
                                   t000014_s16_p13_el2ap.txt 22.5  5.2  131
  7.6  0.0  0.0 53.4  0.0  0.0  0.0  0.0  0.0  0.0  7.6  0.0  0.0  0.0  0.0
  0.0  0.0 15.3 15.3  0.0  7.6267.2167.9 45.8 15.3 30.5  0.0  0.0  0.0  0.0
  0.0  7.6122.1  0.0  7.6 38.2  0.0  0.0  0.0  0.0  7.6  0.0  0.0  0.0  7.6
 15.3 15.3  0.0  0.0  7.6 22.9 38.2 22.9  0.0  0.0114.5 30.5  0.0 91.6  0.0
  0.0  0.0  0.0  0.0  0.0  0.0  0.0  0.0  0.0  0.0  0.0  0.0  0.0  0.0  0.0
  0.0  0.0  0.0  0.0  0.0  0.0  0.0  0.0  0.0  0.0  0.0  0.0  0.0  0.0  0.0
  0.0  0.0  0.0  0.0  0.0  0.0  0.0  0.0  0.0  0.0  0.0  0.0  7.6  0.0  0.0
  0.0  0.0  0.0  0.0  0.0  0.0  0.0  7.6  0.0  0.0  0.0  0.0  0.0  0.0  0.0
  0.0  0.0  0.0  0.0  0.0  0.0  0.0  0.0  0.0 15.3 30.5 15.3  0.0 15.3  0.0
  0.0  0.0  0.0  0.0  7.6 15.3  7.6  7.6 15.3  0.0  0.0  0.0 15.3  0.0  0.0
    -14.84     -3.87      7.87     -2.97      7.17  7.6  0.0  0.0  0.0  0.0
                                   t000014_s16_p14_el2ap.txt  6.5  5.6   29
  0.0  0.0  0.0 69.0  0.0  0.0  0.0  0.0  0.0  0.0  0.0  0.0  0.0  0.0  0.0
  0.0  0.0 34.5 34.5  0.0  0.0379.3137.9103.4  0.0 34.5  0.0  0.0  0.0  0.0
 34.5  0.0241.4  0.0  0.0  0.0  0.0  0.0  0.0  0.0  0.0  0.0  0.0 34.5  0.0
  0.0  0.0  0.0  0.0  0.0 34.5 34.5 34.5  0.0 34.5103.4 34.5  0.0 69.0  0.0
 34.5  0.0  0.0  0.0  0.0  0.0  0.0  0.0  0.0  0.0  0.0  0.0  0.0  0.0  0.0
  0.0  0.0  0.0  0.0  0.0  0.0  0.0  0.0  0.0  0.0  0.0  0.0  0.0  0.0  0.0
  0.0  0.0  0.0  0.0  0.0  0.0  0.0  0.0  0.0  0.0  0.0  0.0  0.0  0.0  0.0
  0.0  0.0  0.0  0.0  0.0  0.0  0.0  0.0  0.0  0.0  0.0  0.0  0.0  0.0  0.0
  0.0  0.0  0.0  0.0  0.0  0.0  0.0  0.0  0.0  0.0 34.5  0.0  0.0 34.5  0.0
 34.5  0.0  0.0  0.0  0.0  0.0  0.0 34.5  0.0  0.0  0.0  0.0 34.5  0.0  0.0
    -15.23     -4.20     49.08     -6.61      1.60  0.0  0.0  0.0  0.0  0.0
                                   t000014_s16_p15_el2ap.txt 20.3  5.5  101
 19.8  0.0  0.0 39.6  0.0  0.0  0.0  0.0  0.0  0.0  0.0  0.0  0.0  0.0  0.0
  0.0  0.0 19.8  9.9  0.0  0.0455.4178.2 39.6  0.0  9.9  0.0  0.0  0.0  0.0
  0.0  9.9128.7  0.0  0.0 39.6  0.0  0.0  0.0  0.0  0.0  0.0  0.0  9.9  0.0
  0.0  0.0  0.0  0.0  0.0 19.8 19.8  9.9  0.0  0.0 39.6  9.9  0.0 59.4  9.9
  0.0  0.0  0.0  0.0  0.0  0.0  0.0  0.0  0.0  0.0  0.0  0.0  0.0  0.0  0.0
  0.0  0.0  0.0  0.0  0.0  0.0  0.0  0.0  0.0  0.0  0.0  0.0  0.0  0.0  0.0
  0.0  0.0  0.0  0.0  0.0  0.0  0.0  0.0  0.0  0.0  0.0  0.0  0.0  0.0  0.0
  0.0  0.0  0.0  0.0  0.0  0.0  0.0  0.0  0.0  0.0  0.0  0.0  0.0  0.0  0.0
  0.0  0.0  0.0  0.0  0.0  0.0  0.0  9.9  9.9  0.0  9.9  0.0  0.0  0.0  9.9
  0.0  0.0  0.0  0.0  0.0  0.0  0.0  0.0  0.0 19.8  9.9  0.0 29.7  0.0  0.0
    -23.60     -5.29     11.33     -6.61     -2.13  0.0  0.0  0.0  0.0  0.0
                                   t000014_s16_p16_el2ap.txt 23.0  5.3  117
  0.0  0.0  0.0 68.4  0.0  8.5  0.0  0.0  0.0  8.5  0.0  0.0  0.0  0.0  0.0
  0.0  0.0  8.5 42.7  0.0  0.0418.8102.6 34.2  0.0  8.5  8.5  8.5  0.0  8.5
  0.0  0.0128.2  0.0  0.0 42.7  8.5  0.0  0.0  0.0  0.0  8.5  0.0  0.0  0.0
  0.0  8.5  0.0  0.0  0.0  8.5 51.3  0.0  0.0  8.5 51.3  8.5  8.5 76.9  0.0
  0.0  0.0  0.0  0.0  0.0  0.0  0.0  0.0  0.0  0.0  0.0  0.0  0.0  0.0  0.0
  0.0  0.0  0.0  0.0  0.0  0.0  0.0  0.0  0.0  0.0  0.0  0.0  0.0  0.0  0.0
  0.0  0.0  0.0  0.0  0.0  0.0  0.0  0.0  0.0  0.0  0.0  0.0  0.0  0.0  0.0
  0.0  0.0  0.0  0.0  0.0  0.0  0.0  0.0  0.0  0.0  0.0  0.0  0.0  0.0  0.0
  0.0  0.0  0.0  0.0  0.0  0.0  0.0  0.0  0.0  0.0  8.5 17.1  0.0  0.0  8.5
  8.5  0.0  0.0  0.0  0.0  0.0  0.0  8.5  8.5  0.0  0.0  0.0  8.5  0.0  0.0
    -12.69     -2.12     11.72     -3.19     -3.63  0.0  0.0  0.0  8.5  0.0
                                   t000014_s16_p17_el2ap.txt 16.8  5.1   89
  0.0  0.0  0.0 67.4  0.0  0.0  0.0  0.0 22.5  0.0  0.0  0.0  0.0  0.0  0.0
  0.0  0.0  0.0 11.2  0.0  0.0337.1123.6 33.7 11.2 22.5  0.0 11.2  0.0 11.2
  0.0  0.0112.4  0.0  0.0 33.7 11.2  0.0  0.0  0.0  0.0 11.2  0.0  0.0  0.0
  0.0  0.0  0.0  0.0  0.0  0.0 11.2  0.0  0.0 11.2 56.2 44.9  0.0101.1 11.2
  0.0  0.0  0.0  0.0  0.0  0.0  0.0  0.0  0.0  0.0  0.0  0.0  0.0  0.0  0.0
  0.0  0.0  0.0  0.0  0.0  0.0  0.0  0.0  0.0  0.0  0.0  0.0  0.0  0.0 11.2
  0.0  0.0  0.0  0.0  0.0  0.0  0.0  0.0  0.0  0.0  0.0  0.0  0.0  0.0  0.0
  0.0  0.0  0.0  0.0 11.2  0.0 11.2  0.0  0.0  0.0  0.0  0.0  0.0  0.0  0.0
  0.0  0.0  0.0  0.0  0.0  0.0  0.0 44.9 22.5  0.0 11.2 11.2  0.0 11.2  0.0
 22.5  0.0  0.0  0.0  0.0  0.0  0.0 44.9 22.5  0.0 11.2  0.0 11.2  0.0  0.0
    -22.49     -2.28     12.48     -2.11     -3.63  0.0  0.0 11.2  0.0  0.0
                                   t000014_s16_p18_el2ap.txt 25.3  5.3  144
  0.0  0.0  0.0 48.6  0.0  0.0  0.0  6.9  0.0  0.0  0.0  0.0  0.0  0.0  0.0
  0.0  0.0  6.9  6.9  0.0  0.0347.2104.2 62.5  6.9  0.0 34.7  6.9  0.0  0.0
  6.9  0.0 76.4  0.0  0.0 20.8  6.9  0.0  0.0  0.0  0.0  6.9  0.0 13.9  0.0
  0.0  0.0  0.0  0.0  0.0  6.9  6.9 13.9  0.0  6.9 76.4  0.0  0.0 83.3  0.0
  0.0  0.0  0.0  0.0  0.0  0.0  0.0  0.0  0.0  0.0  0.0  0.0  0.0  0.0  0.0
  0.0  0.0  0.0  0.0  0.0  0.0  0.0  0.0  0.0  0.0  0.0  0.0  0.0  0.0  0.0
  0.0  0.0  0.0  0.0  0.0  0.0  0.0  0.0  0.0  0.0  0.0  0.0  6.9  0.0  0.0
  0.0  0.0  0.0  0.0  0.0  0.0  0.0  6.9  0.0  0.0  0.0  0.0  0.0  0.0  0.0
  0.0  0.0  0.0  0.0  0.0  0.0  0.0  0.0  0.0 13.9 13.9  0.0  0.0  0.0  0.0
  6.9  0.0  0.0  0.0  0.0 13.9  0.0 27.8 13.9  6.9  0.0  0.0 13.9  0.0  0.0
    -22.52      2.46     11.41     -3.83     -1.52  6.9  0.0  0.0  0.0  0.0
                                   t000014_s16_p19_el2ap.txt 32.3  5.1  228
 21.9  4.4  0.0105.3  4.4  0.0  4.4  4.4 17.5  4.4  0.0  0.0  0.0  4.4  0.0
  0.0  0.0 17.5  4.4  4.4  0.0241.2122.8 35.1  8.8  8.8  4.4  8.8  4.4  0.0
  0.0  0.0100.9  4.4  8.8 48.2  4.4  4.4  0.0  8.8  0.0  4.4 21.9  4.4  4.4
  4.4  0.0  0.0  4.4  4.4 21.9 13.2 13.2  4.4  4.4 74.6 30.7  0.0131.6  4.4
  0.0  4.4  0.0  0.0  0.0  0.0  0.0  0.0  0.0  0.0  0.0  0.0  0.0  0.0  0.0
  0.0  0.0  0.0  0.0  0.0  0.0  4.4  4.4  0.0  0.0  0.0  0.0  0.0  0.0  4.4
  0.0  0.0  0.0  0.0  0.0  0.0  0.0  0.0  0.0  0.0  4.4  0.0  8.8  0.0  0.0
  4.4  4.4  0.0  8.8  4.4  0.0  4.4 13.2  0.0  0.0  0.0  0.0  0.0  0.0  0.0
  0.0  0.0  0.0  0.0  0.0  0.0  0.0  0.0 21.9  0.0  8.8  4.4  4.4  0.0  0.0
  8.8  0.0  8.8  0.0  0.0  4.4  0.0  8.8 21.9 21.9  0.0  4.4  8.8  4.4  0.0
     -2.53     -2.58      3.98      0.18     15.53  0.0  0.0  0.0  0.0  0.0
                                    t000014_s16_p2_el2ap.txt 16.5  5.2   97
 10.3  0.0  0.0 82.5  0.0  0.0  0.0  0.0 30.9 20.6  0.0  0.0  0.0  0.0  0.0
  0.0  0.0  0.0 20.6  0.0  0.0288.7113.4 72.2 30.9 10.3  0.0  0.0  0.0  0.0
 10.3  0.0 92.8 10.3  0.0 30.9  0.0  0.0 10.3  0.0  0.0  0.0  0.0 10.3  0.0
  0.0  0.0  0.0  0.0  0.0  0.0 20.6 10.3  0.0 10.3 92.8 41.2  0.0113.4  0.0
  0.0  0.0  0.0  0.0  0.0  0.0  0.0  0.0  0.0  0.0  0.0  0.0  0.0  0.0  0.0
  0.0  0.0  0.0  0.0  0.0  0.0  0.0  0.0  0.0  0.0  0.0  0.0  0.0  0.0  0.0
  0.0  0.0  0.0  0.0  0.0  0.0  0.0  0.0  0.0  0.0  0.0  0.0  0.0  0.0  0.0
  0.0  0.0  0.0  0.0  0.0  0.0  0.0  0.0  0.0  0.0  0.0  0.0  0.0  0.0  0.0
  0.0  0.0  0.0  0.0  0.0  0.0  0.0  0.0  0.0 10.3 51.5  0.0  0.0  0.0 10.3
  0.0  0.0  0.0  0.0  0.0 10.3  0.0 20.6 30.9  0.0  0.0  0.0 10.3 10.3  0.0
    -16.24     -4.25     12.09     -3.28     -2.06  0.0  0.0  0.0  0.0  0.0
                                   t000014_s16_p20_el2ap.txt 10.8  4.6   54
  0.0  0.0  0.0 18.5  0.0  0.0  0.0  0.0  0.0  0.0  0.0  0.0  0.0  0.0  0.0
  0.0  0.0  0.0  0.0  0.0  0.0407.4185.2 18.5 18.5 18.5  0.0  0.0  0.0  0.0
  0.0  0.0111.1  0.0  0.0  0.0  0.0  0.0  0.0  0.0  0.0  0.0  0.0  0.0  0.0
  0.0  0.0  0.0  0.0  0.0  0.0  0.0  0.0  0.0  0.0 37.0 18.5  0.0 37.0  0.0
  0.0  0.0  0.0  0.0  0.0  0.0  0.0  0.0  0.0  0.0  0.0  0.0  0.0  0.0  0.0
  0.0  0.0  0.0  0.0  0.0  0.0  0.0  0.0  0.0  0.0  0.0  0.0  0.0  0.0  0.0
  0.0  0.0  0.0  0.0  0.0  0.0  0.0  0.0  0.0  0.0  0.0  0.0  0.0  0.0  0.0
  0.0  0.0  0.0  0.0  0.0  0.0  0.0  0.0  0.0  0.0  0.0  0.0  0.0  0.0  0.0
  0.0  0.0  0.0  0.0  0.0  0.0  0.0 18.5 37.0 18.5  0.0 18.5  0.0  0.0  0.0
  0.0  0.0  0.0  0.0  0.0  0.0  0.0  0.0  0.0  0.0  0.0  0.0 18.5  0.0  0.0
    -29.43     -4.30      8.69     -6.61     -3.63  0.0 18.5  0.0  0.0  0.0
                                   t000014_s16_p21_el2ap.txt 19.3  4.9  107
  9.3  0.0  0.0 18.7  0.0  0.0  0.0  0.0  0.0 18.7  0.0  0.0  0.0  0.0  0.0
  0.0  0.0  0.0  9.3  0.0  0.0345.8130.8 18.7 56.1  0.0  0.0  0.0  0.0  9.3
  0.0  0.0 84.1  0.0  0.0 28.0  9.3  0.0  9.3  0.0  0.0  0.0 18.7 28.0  0.0
  0.0  9.3  0.0  0.0  0.0  0.0 18.7 28.0  0.0  9.3 28.0  0.0  0.0102.8 18.7
  0.0  0.0  0.0  0.0  0.0  0.0  0.0  0.0  0.0  0.0  0.0  0.0  0.0  0.0  0.0
  0.0  0.0  0.0  9.3  0.0  0.0  0.0  0.0  0.0  0.0  0.0  0.0  0.0  0.0  0.0
  0.0  0.0  9.3  0.0  0.0  0.0  0.0  0.0  0.0  9.3  0.0  0.0  0.0  0.0  0.0
  9.3  0.0  0.0  9.3  9.3  0.0 18.7  0.0  0.0  0.0  0.0  0.0  0.0  0.0  0.0
  0.0  0.0  0.0  0.0  0.0  0.0  0.0  0.0 18.7  0.0  9.3  0.0  9.3  9.3 18.7
  9.3  0.0  0.0  0.0  0.0  0.0  9.3  0.0  9.3  0.0  9.3  0.0  0.0  9.3  0.0
    -20.68     -3.88      9.89     -3.59     12.30  0.0  0.0  0.0  0.0  0.0
                                   t000014_s16_p22_el2ap.txt 20.3  4.8  131
  0.0  0.0  0.0  7.6  0.0  0.0  0.0  0.0  0.0  0.0  0.0  0.0  0.0  0.0  0.0
  0.0  0.0  0.0  7.6  0.0  0.0274.8152.7 38.2 68.7  7.6  7.6  7.6  0.0 15.3
  0.0  0.0114.5  0.0  7.6 30.5 15.3  7.6  0.0  0.0  0.0  7.6  0.0  7.6  0.0
  7.6  0.0  0.0  0.0 15.3  7.6  7.6 15.3  0.0 15.3 76.3  7.6  0.0 91.6  0.0
  7.6  0.0  0.0  0.0  0.0  0.0  0.0  0.0  0.0  0.0  0.0  0.0  0.0  0.0  0.0
  0.0  0.0  0.0  0.0  0.0  0.0  0.0  0.0  0.0  7.6  0.0  0.0 15.3  0.0  0.0
  0.0  0.0  0.0  0.0  7.6  0.0  0.0  0.0  0.0  0.0  0.0  0.0  0.0  0.0  0.0
  0.0  7.6 15.3 22.9  0.0  7.6  7.6  0.0  0.0  0.0  0.0  0.0  0.0  0.0  0.0
  0.0  0.0  0.0  0.0  0.0  0.0  0.0  0.0 22.9 30.5  0.0  0.0  0.0 15.3  7.6
 30.5  0.0  0.0  0.0  0.0  0.0  0.0  7.6  7.6 15.3  0.0  0.0  0.0  0.0  0.0
    -24.73     -0.25     12.58     -1.73     -0.01  7.6  0.0  0.0  0.0  0.0
                                   t000014_s16_p23_el2ap.txt 11.0  5.6   57
  0.0  0.0  0.0 35.1  0.0  0.0 17.5  0.0  0.0  0.0  0.0 17.5  0.0  0.0  0.0
  0.0  0.0  0.0  0.0  0.0  0.0193.0105.3 35.1 70.2  0.0  0.0  0.0  0.0 17.5
  0.0  0.0 70.2  0.0  0.0 52.6 17.5  0.0  0.0  0.0  0.0  0.0 17.5  0.0 35.1
  0.0  0.0  0.0  0.0  0.0  0.0 17.5 35.1  0.0 17.5175.4  0.0  0.0140.4  0.0
  0.0  0.0  0.0  0.0  0.0  0.0  0.0  0.0  0.0  0.0  0.0  0.0  0.0  0.0  0.0
  0.0  0.0  0.0  0.0  0.0  0.0  0.0  0.0  0.0  0.0  0.0  0.0  0.0  0.0  0.0
  0.0  0.0 17.5  0.0  0.0  0.0  0.0  0.0  0.0 17.5  0.0  0.0  0.0  0.0  0.0
  0.0  0.0  0.0  0.0 17.5  0.0 35.1  0.0  0.0  0.0  0.0  0.0  0.0  0.0  0.0
  0.0  0.0  0.0  0.0  0.0  0.0  0.0  0.0 52.6  0.0  0.0  0.0  0.0  0.0  0.0
 35.1  0.0  0.0  0.0  0.0  0.0  0.0 17.5  0.0  0.0  0.0  0.0 17.5  0.0  0.0
     -9.15     -3.42     11.63     -6.61     34.33  0.0  0.0  0.0  0.0  0.0
                                   t000014_s16_p25_el2ap.txt  6.8  5.4   29
  0.0  0.0  0.0  0.0  0.0  0.0  0.0  0.0  0.0  0.0  0.0  0.0  0.0  0.0  0.0
  0.0  0.0  0.0  0.0  0.0  0.0241.4 69.0103.4103.4  0.0 34.5  0.0  0.0  0.0
  0.0  0.0 34.5  0.0  0.0 34.5 34.5  0.0  0.0  0.0  0.0 34.5  0.0 69.0  0.0
  0.0  0.0  0.0  0.0  0.0  0.0  0.0 69.0  0.0  0.0103.4  0.0  0.0137.9 34.5
 34.5  0.0  0.0  0.0  0.0  0.0  0.0  0.0  0.0  0.0  0.0  0.0  0.0  0.0  0.0
  0.0  0.0  0.0  0.0  0.0  0.0  0.0  0.0  0.0  0.0  0.0  0.0  0.0  0.0  0.0
  0.0  0.0  0.0  0.0  0.0  0.0  0.0  0.0  0.0  0.0  0.0  0.0  0.0  0.0  0.0
  0.0  0.0  0.0  0.0  0.0  0.0  0.0  0.0  0.0  0.0  0.0  0.0  0.0  0.0  0.0
  0.0  0.0  0.0  0.0  0.0  0.0  0.0  0.0  0.0  0.0  0.0  0.0  0.0  0.0  0.0
 34.5  0.0  0.0  0.0  0.0  0.0  0.0 34.5  0.0 34.5  0.0  0.0  0.0  0.0  0.0
    -27.17      4.31      1.41      7.19      6.82  0.0  0.0  0.0  0.0  0.0
                                   t000014_s16_p26_el2ap.txt  3.8  4.9   18
  0.0  0.0  0.0  0.0  0.0  0.0  0.0  0.0  0.0 55.6  0.0  0.0  0.0  0.0  0.0
  0.0  0.0  0.0  0.0  0.0  0.0277.8111.1  0.0 55.6  0.0  0.0  0.0  0.0  0.0
  0.0  0.0111.1  0.0  0.0 55.6  0.0  0.0  0.0  0.0  0.0  0.0  0.0  0.0  0.0
  0.0  0.0  0.0  0.0 55.6  0.0  0.0  0.0  0.0  0.0111.1  0.0  0.0111.1 55.6
  0.0  0.0  0.0  0.0  0.0  0.0  0.0  0.0  0.0  0.0  0.0  0.0  0.0  0.0  0.0
  0.0  0.0  0.0  0.0  0.0  0.0  0.0  0.0  0.0  0.0  0.0  0.0  0.0  0.0  0.0
  0.0  0.0  0.0  0.0  0.0  0.0  0.0  0.0  0.0  0.0  0.0  0.0  0.0  0.0  0.0
  0.0  0.0  0.0  0.0  0.0  0.0  0.0  0.0  0.0  0.0  0.0  0.0  0.0  0.0  0.0
  0.0  0.0  0.0  0.0  0.0  0.0  0.0  0.0  0.0  0.0  0.0  0.0 55.6  0.0  0.0
 55.6  0.0  0.0  0.0  0.0  0.0  0.0  0.0  0.0  0.0  0.0  0.0  0.0 55.6  0.0
    -15.43     -3.90      5.53     -6.61     -3.63  0.0  0.0  0.0  0.0  0.0
                                   t000014_s16_p27_el2ap.txt 15.3  4.9   94
 31.9  0.0  0.0 21.3  0.0  0.0  0.0 10.6  0.0  0.0  0.0  0.0  0.0  0.0  0.0
  0.0  0.0  0.0 10.6  0.0 10.6276.6138.3 21.3 74.5 21.3  0.0  0.0  0.0  0.0
  0.0  0.0117.0  0.0  0.0 21.3 21.3 10.6  0.0  0.0  0.0  0.0 10.6 10.6  0.0
  0.0  0.0 10.6  0.0  0.0 10.6 10.6 10.6  0.0  0.0 42.6 21.3  0.0117.0  0.0
 10.6 10.6  0.0  0.0  0.0  0.0  0.0  0.0  0.0  0.0  0.0  0.0  0.0  0.0  0.0
  0.0  0.0  0.0  0.0  0.0  0.0 10.6  0.0 10.6  0.0  0.0  0.0  0.0  0.0  0.0
 10.6  0.0  0.0  0.0  0.0  0.0  0.0  0.0  0.0  0.0  0.0  0.0 10.6  0.0  0.0
 10.6 10.6  0.0 21.3 10.6  0.0 10.6 10.6  0.0  0.0  0.0  0.0  0.0  0.0  0.0
  0.0  0.0  0.0  0.0  0.0  0.0  0.0  0.0 10.6 10.6 10.6  0.0 10.6  0.0  0.0
 21.3  0.0  0.0  0.0  0.0 10.6  0.0 53.2  0.0 21.3  0.0  0.0 31.9  0.0  0.0
    -12.98     -2.33      7.89     -4.07      4.63 10.6  0.0 10.6  0.0  0.0
                                   t000014_s16_p28_el2ap.txt 16.3  4.9  107
  9.3  0.0  0.0 18.7  0.0  0.0  0.0  0.0  0.0 18.7  9.3  0.0  0.0 18.7  0.0
  0.0  0.0  0.0 18.7  9.3  9.3271.0130.8 37.4 65.4  9.3  0.0 18.7  0.0  0.0
  0.0  0.0 65.4  0.0  0.0  0.0 46.7  9.3  0.0  0.0  0.0  0.0  0.0  9.3  0.0
  0.0  9.3  0.0  0.0  9.3  9.3 28.0  9.3  9.3  0.0 56.1  9.3  0.0140.2  0.0
  9.3  0.0  0.0  0.0  0.0  0.0  0.0  0.0  0.0  0.0  0.0  0.0  0.0  0.0  0.0
  0.0  0.0  0.0  0.0  0.0  0.0  0.0  0.0  0.0  0.0  0.0  0.0  0.0  0.0  0.0
  0.0  9.3  0.0  0.0  0.0  0.0  0.0  0.0  0.0  0.0  0.0  0.0  0.0  0.0  0.0
  0.0  0.0  0.0  0.0  9.3  0.0  9.3  0.0  0.0  0.0  0.0  0.0  0.0  0.0  0.0
  0.0  0.0  0.0  0.0  0.0  0.0  0.0  0.0  0.0  0.0 18.7 37.4  9.3  0.0  0.0
  0.0  0.0  0.0  0.0  0.0  0.0  0.0 28.0  0.0 18.7  0.0  0.0 18.7  9.3  0.0
      5.46      0.30      5.52     -4.38     -2.21  0.0  0.0  0.0  0.0  0.0
                                   t000014_s16_p29_el2ap.txt 19.0  5.1  103
  0.0  0.0  0.0 38.8  0.0  0.0  0.0  0.0  9.7  0.0  9.7  0.0  0.0  0.0  0.0
  0.0  0.0 19.4  9.7  0.0  9.7262.1 97.1 38.8 77.7  0.0 19.4  9.7  9.7  0.0
  0.0  0.0 97.1  0.0  0.0 48.5  9.7  9.7  9.7  9.7  0.0  9.7  9.7 29.1  0.0
  0.0  9.7 29.1  0.0 19.4 29.1 29.1 29.1  0.0  9.7 87.4  9.7  0.0126.2  0.0
  9.7  0.0  0.0  0.0  0.0  0.0  0.0  0.0  0.0  0.0  0.0  0.0  0.0  0.0  0.0
  0.0  0.0  0.0  0.0  0.0  0.0  0.0  0.0  0.0  0.0  0.0  0.0  0.0  0.0  0.0
  0.0  0.0  9.7  0.0  0.0  0.0  0.0  0.0  0.0  0.0  0.0  0.0  0.0  0.0  0.0
  0.0  0.0  0.0  0.0  9.7  0.0  9.7  0.0  0.0  0.0  0.0  0.0  0.0  0.0  0.0
  0.0  0.0  0.0  0.0  0.0  0.0  0.0  0.0 29.1  0.0  9.7  9.7  0.0  0.0  0.0
 29.1  0.0  0.0  0.0  0.0  9.7  0.0 19.4  0.0  0.0 19.4  0.0  0.0  0.0  0.0
    -10.97      2.36     10.67      7.13      6.85  0.0  0.0  0.0  0.0  0.0
                                    t000014_s16_p3_el2ap.txt 20.0  5.2  114
  0.0  0.0  0.0 52.6  0.0  0.0  0.0  0.0  0.0  8.8  0.0  0.0  0.0  0.0  0.0
  0.0  0.0  0.0  8.8  0.0  0.0394.7149.1 52.6 35.1  0.0  0.0  0.0  0.0  0.0
  0.0  0.0122.8  0.0  0.0 26.3  0.0  0.0  0.0  0.0  0.0  0.0  8.8  0.0  0.0
  0.0  0.0  0.0  8.8  0.0  0.0  8.8  0.0  0.0  0.0 52.6  0.0 17.5 78.9  0.0
  0.0  0.0  0.0  0.0  0.0  0.0  0.0  0.0  0.0  0.0  0.0  0.0  0.0  0.0  0.0
  0.0  0.0  0.0  0.0  0.0  0.0  0.0  0.0  0.0  0.0  0.0  0.0  0.0  0.0  0.0
  0.0  0.0  0.0  0.0  0.0  0.0  0.0  0.0  0.0  0.0  0.0  0.0  0.0  0.0  0.0
  0.0  0.0  0.0  0.0  0.0  0.0  0.0  0.0  0.0  0.0  0.0  0.0  0.0  0.0  0.0
  0.0  0.0  0.0  0.0  0.0  0.0  0.0  0.0 43.9  0.0 17.5 17.5  0.0  8.8 17.5
  8.8  0.0  0.0  0.0  0.0  0.0  0.0  0.0  0.0  0.0  0.0  0.0  0.0  0.0  0.0
    -26.91     -4.57      8.01     -6.61      1.86  0.0  0.0  0.0  0.0  0.0
                                   t000014_s16_p30_el2ap.txt 29.5  4.9  265
 22.6  0.0  0.0 60.4  0.0  0.0 22.6  0.0  0.0  3.8  0.0  0.0  0.0  0.0  0.0
  0.0  0.0 22.6  3.8  3.8  3.8237.7113.2 49.1 56.6  3.8  0.0  7.5  3.8 22.6
  0.0  3.8 64.2  0.0  0.0 30.2 15.1  0.0  0.0  0.0  0.0  7.5  7.5 15.1  0.0
  0.0 11.3 11.3  0.0  3.8 22.6 18.9 15.1  3.8 26.4 90.6  3.8  7.5128.3  3.8
 15.1  0.0  0.0  0.0  0.0  0.0  0.0  0.0  0.0  0.0  0.0  0.0  0.0  0.0  0.0
  0.0  0.0  0.0  0.0  0.0  7.5  3.8  0.0  0.0  0.0  0.0  0.0  0.0  0.0  0.0
  0.0  0.0  0.0  3.8  0.0  0.0  0.0  0.0  0.0  3.8  0.0  0.0  0.0  0.0  0.0
 11.3  0.0  0.0 11.3  3.8  0.0  7.5  0.0  0.0  0.0  0.0  0.0  0.0  0.0  0.0
  0.0  0.0  0.0  0.0  0.0  0.0  0.0 15.1 15.1  0.0 15.1  0.0  0.0 11.3  0.0
 18.9  0.0  0.0  0.0  0.0 15.1  0.0 15.1  7.5 41.5  3.8  3.8 15.1  0.0  0.0
     -3.21     -2.30     18.65     -3.59      3.38  3.8  0.0  0.0  0.0  0.0
                                   t000014_s16_p31_el2ap.txt 23.0  5.1  131
 15.3  0.0  0.0106.9  0.0  0.0  0.0  0.0 38.2  7.6 15.3  0.0  0.0  0.0  0.0
  7.6  0.0 30.5 22.9  0.0  0.0236.6 84.0 68.7  7.6  7.6  0.0  7.6  0.0  0.0
  0.0  7.6 84.0  0.0  0.0 38.2  7.6  0.0  0.0  0.0 22.9  0.0 15.3  0.0  0.0
  0.0  7.6  0.0  0.0  7.6 53.4 38.2  0.0  0.0  0.0106.9 45.8  0.0122.1  7.6
 15.3 15.3  0.0  0.0  0.0  0.0  0.0  0.0  0.0  0.0  0.0  0.0  0.0  0.0  0.0
  0.0  0.0  0.0  0.0  0.0  0.0  0.0 15.3  0.0  0.0  0.0  0.0  0.0  0.0  0.0
  0.0  7.6  0.0  0.0  0.0 15.3  0.0  0.0  0.0  0.0  0.0  0.0  0.0  0.0  0.0
  0.0 15.3  0.0 15.3  7.6 15.3 22.9  0.0  0.0  0.0  0.0  0.0  0.0  0.0  0.0
  0.0  0.0  0.0  0.0  0.0  0.0  0.0  0.0 15.3  7.6 15.3  7.6  0.0 15.3  0.0
  0.0  7.6  0.0  0.0  0.0 15.3  0.0 22.9  7.6  7.6  0.0  7.6  7.6  0.0  0.0
     -0.01     -3.72      7.46      4.30      5.92  0.0  0.0  0.0  0.0  0.0
                                   t000014_s16_p32_el2ap.txt 26.8  5.2  174
  5.7  0.0  0.0 57.5  0.0  0.0  0.0  0.0  0.0  0.0 11.5  0.0  0.0  0.0  0.0
  0.0  0.0 34.5 23.0  0.0  0.0293.1120.7 40.2  5.7  5.7  0.0  0.0  0.0  5.7
 11.5 11.5166.7  0.0  0.0 74.7  5.7  0.0  0.0  0.0  5.7  5.7  5.7 28.7  0.0
  0.0  0.0  0.0 11.5  0.0 40.2 34.5 28.7  0.0 17.2 57.5  5.7  5.7 86.2 11.5
  0.0  0.0  0.0  0.0  0.0  0.0  0.0  0.0  0.0  0.0  0.0  0.0  0.0  0.0  0.0
  0.0  0.0  0.0  0.0  0.0  0.0  0.0  0.0  0.0  0.0  0.0  0.0  0.0  0.0  0.0
  0.0  0.0  0.0  5.7  0.0  0.0  0.0  0.0  0.0  5.7  0.0  0.0  0.0  0.0  0.0
  0.0  0.0  0.0  0.0  5.7  0.0 11.5  0.0  0.0  0.0  0.0  0.0  0.0  0.0  0.0
  0.0  0.0  0.0  0.0  0.0  0.0  0.0  5.7  5.7  0.0 28.7 11.5  5.7  0.0  0.0
 11.5  0.0  0.0  0.0  0.0 11.5  0.0  5.7  0.0  5.7  5.7  0.0 11.5  0.0  0.0
     -8.75     -5.28     25.88     -1.57      4.32  0.0  0.0  0.0  0.0  0.0
                                   t000014_s16_p33_el2ap.txt 31.8  5.2  174
  0.0  0.0  0.0 74.7  0.0  0.0  0.0  0.0  0.0  5.7  0.0  0.0  0.0  0.0  0.0
  0.0  0.0 23.0 34.5  0.0  0.0350.6 74.7 46.0  5.7 11.5 11.5  5.7  0.0  5.7
  0.0  0.0120.7  5.7  0.0 57.5  5.7  0.0 11.5  0.0  0.0 11.5  5.7  0.0  0.0
  0.0  0.0  0.0  0.0  5.7 23.0 34.5  0.0  0.0  5.7 92.0 11.5  5.7 80.5  0.0
  5.7  0.0  0.0  0.0  0.0  0.0  0.0  0.0  0.0  0.0  0.0  0.0  0.0  0.0  0.0
  0.0  0.0  0.0  0.0  0.0  0.0  0.0  0.0  0.0  0.0  0.0  0.0  0.0  0.0  0.0
  0.0  0.0  0.0  0.0  0.0  0.0  0.0  0.0  0.0  5.7  0.0  0.0  0.0  0.0  0.0
  0.0  0.0  0.0  0.0  0.0  0.0  5.7  0.0  0.0  0.0  0.0  0.0  0.0  0.0  0.0
  0.0  5.7  0.0  0.0  0.0  0.0  0.0 11.5  0.0  0.0 34.5 34.5  5.7  0.0  5.7
 17.2  0.0  0.0  0.0  0.0  0.0  5.7 23.0  5.7  0.0 11.5  0.0 11.5  0.0  0.0
    -10.18     -1.75      7.32      1.70     -0.03  0.0  0.0  0.0  0.0  0.0
                                   t000014_s16_p34_el2ap.txt 23.5  5.6  127
 23.6  0.0  0.0 70.9  0.0  0.0  0.0  0.0  0.0  0.0  7.9  0.0  0.0  0.0  0.0
  0.0  7.9 23.6 31.5  0.0  0.0252.0102.4 55.1  7.9  7.9  0.0  0.0  0.0  0.0
  7.9  7.9 78.7  0.0  7.9 55.1  7.9  0.0  0.0  0.0 23.6  7.9  7.9  7.9  7.9
  0.0  7.9  0.0  7.9  7.9 47.2 47.2 15.7  7.9  7.9126.0  7.9  7.9 86.6  0.0
  0.0  0.0  0.0  0.0  0.0  0.0  0.0  0.0  0.0  0.0  0.0  0.0  0.0  0.0  0.0
  0.0  0.0  0.0  0.0  7.9  0.0  0.0  0.0  0.0  0.0  0.0  0.0  0.0  0.0  0.0
  0.0  7.9  0.0  0.0  0.0  0.0  0.0  0.0  0.0  7.9  0.0  0.0  0.0  0.0  0.0
  7.9  0.0  0.0  7.9  7.9  0.0 15.7  0.0  0.0  0.0  0.0  0.0  0.0  0.0  0.0
  0.0  0.0  0.0  7.9  0.0  0.0  0.0  7.9 15.7  0.0  7.9  0.0  0.0  7.9  0.0
 15.7  0.0  0.0  0.0  0.0  7.9  0.0  0.0  7.9 15.7  0.0  0.0 23.6  0.0  0.0
      4.77     -5.12     11.07      7.79      8.54  7.9  0.0  0.0  0.0  0.0
                                   t000014_s16_p35_el2ap.txt 23.8  5.6  139
  0.0  0.0  0.0 57.6  0.0  0.0  7.2  0.0 21.6  0.0  7.2  0.0  0.0  0.0  0.0
  0.0  0.0 28.8 21.6  0.0  0.0237.4129.5 86.3 14.4 14.4  7.2  0.0  0.0  0.0
  0.0 21.6151.1  0.0  7.2 43.2  7.2  0.0  0.0  0.0  0.0  0.0 21.6 14.4  0.0
  7.2  7.2  0.0  7.2 14.4 28.8 50.4 21.6  0.0  0.0115.1 36.0  0.0100.7 14.4
  7.2  0.0  0.0  0.0  0.0  0.0  0.0  0.0  0.0  0.0  0.0  0.0  0.0  0.0  0.0
  0.0  0.0  0.0  0.0  0.0  0.0  0.0  0.0  0.0  0.0  0.0  0.0  0.0  0.0  0.0
  0.0  0.0  0.0  7.2  0.0  0.0  0.0  0.0  0.0  0.0  0.0  0.0  0.0  0.0  0.0
  0.0  0.0  0.0  0.0  7.2  0.0  7.2  0.0  0.0  0.0  0.0  0.0  0.0  0.0  0.0
  0.0  0.0  0.0  0.0  0.0  0.0  0.0  0.0 21.6  0.0  7.2  0.0  0.0  7.2  0.0
  7.2  0.0  0.0  0.0  0.0  0.0  0.0 14.4  7.2  0.0  0.0 14.4 14.4  0.0  0.0
    -11.50     -3.23     14.89     -6.61     14.36  7.2  7.2  0.0  0.0  0.0
                                   t000014_s16_p36_el2ap.txt 34.5  5.7  295
  6.8  0.0  0.0 57.6  0.0  0.0  3.4  0.0  0.0  0.0  0.0  0.0  0.0  3.4  0.0
  0.0  0.0 13.6 16.9  0.0  0.0281.4128.8 88.1 13.6 20.3  3.4 10.2  3.4  6.8
  3.4  6.8115.3  0.0  3.4 61.0 10.2  0.0  0.0  0.0  0.0  3.4  3.4 10.2  0.0
  3.4  0.0  3.4 13.6  3.4 13.6 23.7 13.6  0.0 13.6139.0 20.3  6.8 91.5  6.8
  3.4  0.0  0.0  0.0  0.0  0.0  0.0  0.0  0.0  0.0  0.0  0.0  0.0  0.0  0.0
  0.0  0.0  0.0  0.0  3.4  0.0  0.0  0.0  0.0  0.0  0.0  0.0  0.0  0.0  0.0
  0.0  0.0  0.0  0.0  0.0  0.0  0.0  0.0  0.0 10.2  3.4  0.0  3.4  0.0  0.0
  3.4  0.0  0.0  3.4  0.0  0.0 10.2  6.8  0.0  0.0  0.0  0.0  0.0  0.0  0.0
  0.0  3.4  0.0  0.0  0.0  0.0  0.0  0.0 10.2 10.2 20.3 10.2  3.4  3.4  3.4
  0.0  0.0  0.0  0.0  3.4  0.0  0.0 13.6  6.8  3.4  6.8  0.0 13.6  3.4  0.0
    -18.41     -1.84     15.49     -5.25      1.13  0.0  0.0  0.0  0.0  0.0
                                   t000014_s16_p37_el2ap.txt 23.5  5.8  130
  0.0  0.0  0.0 30.8  0.0  0.0  0.0  0.0  0.0  0.0  0.0  0.0  0.0  7.7  0.0
  0.0  0.0  0.0 15.4  0.0  0.0261.5115.4107.7  7.7 46.2  0.0  0.0  0.0  0.0
  0.0  0.0138.5  0.0 15.4 76.9  0.0  0.0  7.7  0.0  7.7  0.0 15.4  7.7  0.0
  0.0  0.0  0.0  0.0  0.0  7.7 15.4  7.7  0.0  0.0176.9 46.2  0.0 61.5 23.1
  0.0  0.0  0.0  0.0  0.0  0.0  0.0  0.0  0.0  0.0  0.0  0.0  0.0  0.0  0.0
  0.0  0.0  0.0  0.0  0.0  0.0  0.0  0.0  0.0  0.0  0.0  0.0  0.0  0.0  0.0
  0.0  0.0  0.0  0.0  0.0  0.0  0.0  0.0  0.0  0.0  0.0  0.0  0.0  7.7  0.0
  0.0  0.0  0.0  0.0  0.0  0.0  0.0  7.7  0.0  0.0  0.0  0.0  0.0  0.0  0.0
  0.0  7.7  0.0  0.0  0.0  0.0  0.0  0.0 15.4  7.7 23.1  0.0  0.0  7.7 15.4
  0.0  0.0  0.0  0.0  7.7 23.1  7.7 30.8  0.0  0.0  7.7  0.0  7.7  0.0  0.0
    -22.87     -3.42      1.69     -0.46      7.15  7.7  0.0  0.0  0.0  0.0
                                   t000014_s16_p38_el2ap.txt 10.8  4.6   51
 19.6  0.0  0.0 39.2  0.0  0.0  0.0  0.0  0.0  0.0  0.0  0.0  0.0  0.0  0.0
  0.0  0.0  0.0  0.0  0.0  0.0372.5176.5 19.6 19.6 39.2  0.0 19.6  0.0  0.0
  0.0  0.0 78.4  0.0  0.0  0.0 19.6  0.0  0.0  0.0  0.0  0.0  0.0  0.0  0.0
  0.0  0.0  0.0  0.0  0.0  0.0  0.0  0.0  0.0  0.0 39.2 39.2 19.6 78.4  0.0
  0.0  0.0  0.0  0.0  0.0  0.0  0.0  0.0  0.0  0.0  0.0  0.0  0.0  0.0  0.0
  0.0  0.0  0.0  0.0  0.0  0.0  0.0  0.0  0.0  0.0  0.0  0.0  0.0  0.0  0.0
  0.0  0.0  0.0  0.0  0.0  0.0  0.0  0.0  0.0  0.0  0.0  0.0  0.0  0.0  0.0
  0.0  0.0  0.0  0.0  0.0  0.0  0.0  0.0  0.0  0.0  0.0  0.0  0.0  0.0  0.0
  0.0  0.0  0.0  0.0  0.0  0.0  0.0 19.6  0.0  0.0 39.2  0.0  0.0 19.6  0.0
  0.0  0.0  0.0  0.0  0.0  0.0  0.0  0.0 19.6 19.6  0.0  0.0 19.6  0.0  0.0
    -25.67      0.29      6.42     -6.61     -3.63  0.0  0.0  0.0  0.0  0.0
                                   t000014_s16_p39_el2ap.txt 15.5  5.8   76
 13.2  0.0  0.0  0.0  0.0  0.0  0.0  0.0  0.0  0.0  0.0  0.0  0.0 13.2  0.0
  0.0  0.0  0.0 13.2  0.0  0.0342.1157.9 26.3105.3  0.0  0.0  0.0  0.0  0.0
  0.0  0.0131.6  0.0  0.0  0.0  0.0  0.0  0.0  0.0  0.0  0.0  0.0 52.6  0.0
 13.2  0.0  0.0 13.2 13.2  0.0 13.2 65.8  0.0  0.0 65.8  0.0  0.0118.4  0.0
  0.0  0.0  0.0  0.0  0.0  0.0  0.0  0.0  0.0  0.0  0.0  0.0  0.0  0.0  0.0
  0.0  0.0  0.0  0.0  0.0  0.0  0.0  0.0  0.0  0.0  0.0  0.0  0.0  0.0  0.0
  0.0  0.0  0.0  0.0  0.0  0.0  0.0  0.0  0.0  0.0  0.0  0.0  0.0  0.0  0.0
  0.0  0.0  0.0  0.0  0.0  0.0  0.0  0.0  0.0  0.0  0.0  0.0  0.0  0.0  0.0
  0.0  0.0  0.0  0.0  0.0  0.0  0.0  0.0  0.0 13.2 52.6 26.3  0.0 26.3 26.3
  0.0  0.0  0.0  0.0  0.0 13.2  0.0 26.3  0.0  0.0  0.0  0.0 13.2 13.2  0.0
    -19.97     -2.27     10.11     -6.61      8.59  0.0  0.0 13.2  0.0  0.0
                                    t000014_s16_p4_el2ap.txt 31.5  5.7  226
  0.0  0.0  0.0 22.1  0.0  0.0  0.0  0.0  4.4  0.0  0.0  0.0  0.0  0.0  0.0
  0.0  0.0  0.0  4.4  0.0  0.0415.9154.9 57.5 39.8  0.0  4.4  0.0  4.4  0.0
  0.0  0.0146.0  0.0  0.0 22.1  4.4  0.0  4.4  0.0  0.0  4.4  4.4  4.4  0.0
  0.0  0.0  0.0  0.0  0.0  0.0  4.4  4.4  0.0  4.4 61.9  4.4  0.0 66.4  4.4
  4.4  0.0  0.0  0.0  0.0  0.0  0.0  0.0  0.0  0.0  0.0  0.0  0.0  0.0  0.0
  0.0  0.0  0.0  0.0  0.0  0.0  0.0  0.0  0.0  0.0  0.0  0.0  0.0  0.0  0.0
  0.0  0.0  0.0  0.0  0.0  0.0  0.0  0.0  0.0  0.0  0.0  0.0  0.0  0.0  0.0
  0.0  0.0  0.0  0.0  0.0  0.0  0.0  0.0  0.0  0.0  0.0  0.0  0.0  0.0  0.0
  0.0  0.0  0.0  0.0  0.0  0.0  0.0  4.4 17.7 13.3 22.1 26.5  0.0  8.8  4.4
  0.0  4.4  0.0  0.0  4.4  0.0  8.8 13.3  4.4  0.0  0.0  0.0  0.0 17.7  0.0
    -32.17     -3.57     12.46     -3.41     -0.19  0.0  4.4  0.0  0.0  0.0
                                   t000014_s16_p40_el2ap.txt 24.5  4.8  133
 15.0  0.0  0.0 30.1  0.0  0.0  0.0  0.0  7.5  7.5  0.0  0.0  0.0  0.0  0.0
  0.0  0.0  0.0 15.0  0.0  0.0338.3165.4 37.6 45.1 30.1 15.0  0.0  0.0  0.0
  0.0  0.0 60.2  0.0  7.5 52.6  0.0  0.0  0.0  0.0  0.0  7.5 15.0 15.0  0.0
  0.0  0.0 15.0  0.0  7.5  0.0 15.0 15.0  0.0  0.0 52.6 37.6  0.0 82.7  0.0
  0.0  0.0  0.0  0.0  0.0  0.0  0.0  0.0  0.0  0.0  0.0  0.0  0.0  0.0  0.0
  0.0  0.0  0.0 15.0  0.0  0.0  0.0  0.0  0.0  0.0  0.0  0.0  0.0  0.0  0.0
  0.0  0.0  0.0  0.0  0.0  0.0  0.0  0.0  0.0  0.0  0.0  0.0  0.0  0.0  0.0
 15.0  0.0  0.0 15.0  0.0  0.0  0.0  0.0  0.0  0.0  0.0  0.0  0.0  0.0  0.0
  0.0  0.0  0.0  0.0  0.0  0.0  0.0 15.0 15.0  0.0 15.0  7.5  0.0 22.6  7.5
 15.0  0.0  0.0  0.0  0.0  0.0  0.0  0.0  7.5  7.5  0.0 15.0 15.0  7.5  0.0
    -21.95     -0.02     -0.05     -3.60      8.05  0.0  0.0  0.0  0.0  0.0
                                   t000014_s16_p41_el2ap.txt 30.5  4.9  206
 14.6  0.0  0.0106.8  0.0  0.0  0.0  0.0  0.0  4.9 19.4  0.0  0.0  0.0  0.0
  0.0  0.0 38.8  9.7  0.0  0.0237.9121.4 58.3 14.6 19.4  0.0  0.0  0.0  9.7
  0.0  4.9 87.4  0.0  0.0 38.8  9.7  0.0  0.0 14.6  0.0  0.0  4.9 19.4  0.0
  0.0  9.7  9.7  0.0  9.7 38.8 38.8 19.4  0.0  9.7 77.7 19.4  4.9126.2  9.7
  9.7  0.0  0.0  0.0  0.0  0.0  0.0  0.0  0.0  0.0  0.0  0.0  0.0  0.0  0.0
  0.0  0.0  0.0  0.0  4.9  4.9  0.0  0.0  0.0  0.0  0.0  0.0  0.0  0.0  0.0
  0.0  0.0  0.0  0.0  0.0  4.9  0.0  0.0  0.0  0.0  0.0  0.0  0.0  0.0  0.0
  9.7  0.0  0.0  9.7  0.0  4.9  4.9  0.0  0.0  0.0  0.0  0.0  0.0  0.0  0.0
  0.0  0.0  0.0  0.0  0.0  0.0  0.0  0.0  4.9  0.0 29.1 14.6  0.0  9.7 14.6
  4.9  0.0  0.0  4.9  0.0 19.4  4.9  9.7  4.9  9.7  9.7  0.0  4.9  0.0  0.0
     -5.15     -4.39     11.49      0.01      2.35  0.0  0.0  0.0  0.0  0.0
                                   t000014_s16_p42_el2ap.txt 30.8  5.0  223
  0.0  0.0  0.0 85.2  9.0  0.0 17.9 13.5  4.5  9.0  9.0  0.0  0.0  4.5  0.0
  0.0  0.0 17.9  9.0  0.0  0.0246.6143.5 40.4  9.0 13.5  0.0  9.0  0.0  0.0
  0.0  0.0107.6  0.0  0.0 67.3 26.9  4.5  4.5  9.0  0.0  0.0  9.0 13.5  0.0
  0.0  0.0  4.5  4.5 17.9 22.4 17.9 13.5  0.0  0.0103.1 26.9  0.0116.6  0.0
  4.5  0.0  0.0  0.0  0.0  0.0  0.0  0.0  0.0  0.0  0.0  0.0  0.0  0.0  0.0
  0.0  0.0  0.0  4.5  0.0  0.0  0.0  0.0  4.5  0.0  0.0  0.0  0.0  0.0  0.0
  0.0  0.0  0.0  0.0  4.5  0.0  0.0  0.0  9.0  0.0  0.0  0.0  0.0  0.0  0.0
  4.5  4.5  0.0  9.0  0.0 13.5 13.5  0.0  0.0  0.0  0.0  0.0  0.0  0.0  0.0
  0.0  0.0  0.0  0.0  0.0  0.0  0.0  0.0  4.5  0.0 13.5 22.4  0.0  9.0  9.0
  0.0  0.0  0.0  0.0  0.0  0.0  0.0 26.9 13.5  0.0  0.0  0.0  4.5  4.5  0.0
     -4.22     -3.17      4.63     -0.01      4.02  0.0  0.0  0.0  0.0  0.0
                                   t000014_s16_p43_el2ap.txt 13.3  5.5   70
 14.3  0.0  0.0 42.9  0.0  0.0  0.0  0.0  0.0  0.0 14.3  0.0  0.0  0.0  0.0
  0.0  0.0 14.3 28.6  0.0  0.0385.7142.9 42.9 14.3  0.0  0.0  0.0 14.3 14.3
  0.0  0.0157.1  0.0  0.0 42.9 14.3  0.0  0.0  0.0  0.0  0.0  0.0  0.0  0.0
  0.0  0.0  0.0  0.0  0.0 14.3 28.6  0.0  0.0 28.6 42.9  0.0  0.0 71.4  0.0
  0.0  0.0  0.0  0.0  0.0  0.0  0.0  0.0  0.0  0.0  0.0  0.0  0.0  0.0  0.0
  0.0  0.0  0.0  0.0  0.0  0.0  0.0  0.0  0.0  0.0  0.0  0.0  0.0  0.0  0.0
  0.0  0.0  0.0  0.0  0.0  0.0  0.0  0.0  0.0 14.3  0.0  0.0  0.0  0.0  0.0
  0.0  0.0  0.0  0.0  0.0  0.0 14.3  0.0  0.0  0.0  0.0  0.0  0.0  0.0  0.0
  0.0  0.0  0.0  0.0  0.0  0.0  0.0 14.3 14.3 14.3 42.9  0.0  0.0  0.0  0.0
 14.3  0.0  0.0  0.0  0.0  0.0 14.3  0.0  0.0 14.3  0.0  0.0 14.3  0.0  0.0
    -16.98     -5.26     25.00     -6.61     -3.63  0.0  0.0  0.0  0.0  0.0
                                   t000014_s16_p44_el2ap.txt 34.8  5.1  264
  3.8  0.0  0.0 34.1  0.0  0.0  3.8  0.0  0.0  0.0  0.0  0.0  0.0  0.0  0.0
  0.0  0.0 11.4  7.6  0.0  0.0337.1166.7 26.5 34.1 15.2 11.4  0.0  3.8  3.8
  0.0  0.0 79.5 15.2  0.0 11.4  0.0  0.0  0.0  0.0  0.0  0.0  3.8 18.9  7.6
  7.6  7.6  0.0  0.0  0.0 11.4 15.2 34.1  0.0  7.6 34.1 15.2  3.8 83.3  0.0
  0.0  0.0  0.0  0.0  0.0  0.0  0.0  0.0  0.0  0.0  0.0  0.0  0.0  0.0  0.0
  0.0  0.0  0.0  0.0  0.0  0.0  3.8  0.0  0.0  0.0  0.0  0.0  0.0  0.0  0.0
  0.0  0.0  0.0  0.0  0.0  0.0  0.0  0.0  0.0  0.0  0.0  0.0  0.0  0.0  0.0
  3.8  0.0  0.0  3.8  0.0  0.0  0.0  0.0  0.0  0.0  0.0  0.0  0.0  0.0  0.0
  0.0  0.0  0.0  0.0  0.0  0.0  0.0 15.2  3.8  0.0 18.9  0.0  3.8  7.6  3.8
  0.0  0.0  0.0  0.0  0.0  3.8  0.0 11.4  3.8  7.6  0.0  0.0 11.4  0.0  0.0
    -21.87     -1.75      5.65     -6.61      9.88  0.0  0.0  0.0  0.0  0.0
                                   t000014_s16_p45_el2ap.txt 33.3  5.4  196
 15.3  0.0  0.0 61.2  0.0  0.0  0.0  0.0  5.1  5.1  5.1  0.0  0.0  0.0  0.0
  0.0  0.0 25.5 10.2  0.0  0.0352.0127.6 61.2 15.3 20.4  5.1  5.1  5.1  0.0
 10.2  0.0137.8  0.0  0.0 20.4  0.0  0.0  0.0  0.0  0.0  5.1  0.0 10.2  0.0
  0.0  0.0 10.2  0.0  5.1 25.5 10.2 10.2  0.0 15.3 76.5 25.5  0.0 71.4  5.1
  0.0  0.0  0.0  0.0  0.0  0.0  0.0  0.0  0.0  0.0  0.0  0.0  0.0  0.0  0.0
  0.0  0.0  0.0  5.1  0.0  5.1  0.0  0.0  0.0  0.0  0.0  0.0  0.0  0.0  0.0
  0.0  0.0  0.0  0.0  0.0  0.0  0.0  0.0  0.0  0.0  0.0  0.0  0.0  0.0  0.0
 10.2  0.0  0.0 10.2  0.0  0.0  0.0  0.0  0.0  0.0  0.0  0.0  0.0  0.0  0.0
  0.0  5.1  0.0  0.0  0.0  0.0  0.0  5.1 10.2  0.0 10.2  0.0  0.0 10.2  5.1
  0.0  0.0  5.1  0.0  0.0  5.1  0.0 25.5  0.0 10.2 10.2  0.0  5.1  0.0  0.0
    -16.27     -2.39     21.66     -4.56     -2.08 10.2  0.0  0.0  0.0  0.0
                                   t000014_s16_p46_el2ap.txt 11.5  5.5   55
  0.0  0.0  0.0 36.4  0.0  0.0  0.0  0.0 18.2  0.0  0.0  0.0  0.0  0.0  0.0
  0.0  0.0  0.0 18.2  0.0  0.0418.2145.5 36.4 18.2  0.0  0.0  0.0  0.0  0.0
  0.0  0.0145.5  0.0 18.2  0.0  0.0  0.0  0.0  0.0  0.0  0.0  0.0  0.0 18.2
  0.0  0.0  0.0  0.0  0.0  0.0 18.2 18.2  0.0  0.0 36.4 18.2  0.0109.1 18.2
  0.0  0.0  0.0  0.0  0.0  0.0  0.0  0.0  0.0  0.0  0.0  0.0  0.0  0.0  0.0
  0.0  0.0  0.0  0.0  0.0  0.0  0.0  0.0  0.0  0.0  0.0  0.0  0.0  0.0  0.0
  0.0  0.0  0.0  0.0  0.0  0.0  0.0  0.0  0.0  0.0  0.0  0.0  0.0  0.0  0.0
  0.0  0.0  0.0  0.0  0.0  0.0  0.0  0.0  0.0  0.0  0.0  0.0  0.0  0.0  0.0
  0.0 18.2  0.0  0.0  0.0  0.0  0.0  0.0  0.0  0.0 18.2 18.2  0.0 18.2  0.0
  0.0  0.0  0.0  0.0  0.0  0.0  0.0 18.2 36.4  0.0  0.0  0.0 18.2  0.0  0.0
    -26.31     -5.13      5.73     -6.61     10.36  0.0  0.0  0.0  0.0  0.0
                                   t000014_s16_p47_el2ap.txt 15.8  4.9  102
  0.0  0.0  0.0 39.2  0.0  0.0  0.0  0.0  0.0  0.0  0.0  0.0  0.0  0.0  0.0
  0.0  0.0  0.0  9.8  0.0  0.0392.2196.1 29.4  0.0  0.0  0.0  0.0  9.8  9.8
  0.0  0.0 49.0  0.0 19.6  0.0  0.0  0.0  0.0  0.0  0.0  0.0  0.0  9.8  9.8
 19.6  0.0  0.0 19.6  0.0  0.0  9.8 39.2  0.0 19.6 29.4  0.0  0.0 58.8  0.0
  0.0  0.0  0.0  0.0  0.0  0.0  0.0  0.0  0.0  0.0  0.0  0.0  0.0  0.0  0.0
  0.0  0.0  0.0  0.0  0.0  0.0  0.0  0.0  0.0  0.0  0.0  0.0  0.0  0.0  0.0
  0.0  0.0  0.0  0.0  0.0  0.0  0.0  0.0  0.0  0.0  0.0  0.0  0.0  0.0  0.0
  0.0  0.0  0.0  0.0  0.0  0.0  0.0  0.0  0.0  0.0  0.0  0.0  0.0  0.0  0.0
  0.0  0.0  0.0  0.0  0.0  0.0  0.0 19.6  0.0  0.0 49.0  0.0  0.0  0.0  9.8
  0.0  0.0  0.0  0.0  0.0  0.0  0.0  0.0 19.6  0.0  0.0  0.0  9.8  0.0  0.0
    -28.19     -5.73      9.28     -6.61     11.73  0.0  0.0  0.0  0.0  0.0
                                   t000014_s16_p48_el2ap.txt 16.3  5.4   93
  0.0  0.0  0.0 32.3  0.0  0.0  0.0  0.0  0.0  0.0  0.0  0.0  0.0  0.0  0.0
 10.8  0.0  0.0 21.5  0.0  0.0462.4 96.8 21.5 10.8 10.8  0.0 10.8 10.8  0.0
  0.0  0.0118.3  0.0  0.0 21.5  0.0  0.0  0.0  0.0  0.0  0.0 10.8  0.0  0.0
  0.0 10.8  0.0 10.8  0.0  0.0 32.3  0.0  0.0 10.8 43.0 10.8  0.0 43.0  0.0
 10.8  0.0  0.0  0.0  0.0  0.0  0.0  0.0  0.0  0.0  0.0  0.0  0.0  0.0  0.0
  0.0  0.0  0.0  0.0  0.0  0.0  0.0  0.0  0.0  0.0  0.0  0.0  0.0  0.0  0.0
  0.0  0.0  0.0  0.0  0.0  0.0  0.0  0.0  0.0  0.0  0.0  0.0  0.0  0.0  0.0
  0.0  0.0  0.0  0.0  0.0  0.0  0.0  0.0  0.0  0.0  0.0  0.0  0.0  0.0  0.0
  0.0  0.0  0.0  0.0  0.0  0.0  0.0 21.5  0.0  0.0 10.8 10.8  0.0 10.8  0.0
  0.0  0.0  0.0  0.0  0.0  0.0  0.0  0.0 10.8  0.0  0.0  0.0  0.0  0.0  0.0
    -20.57     -2.90     14.29     -6.61      3.09  0.0  0.0  0.0  0.0  0.0
                                   t000014_s16_p49_el2ap.txt 20.0  5.1  119
  0.0  8.4  0.0 33.6  0.0  0.0  0.0  0.0  0.0  0.0  0.0  0.0  0.0  0.0  0.0
  0.0  0.0  0.0 16.8  0.0  0.0378.2126.1 33.6 33.6  0.0 16.8  0.0  0.0  0.0
  0.0  0.0 84.0  8.4  0.0 25.2  0.0  0.0  0.0  0.0  0.0  0.0  0.0  0.0  8.4
  0.0  0.0  0.0  8.4  8.4  0.0 16.8  8.4  0.0  0.0 50.4  0.0  0.0 75.6  0.0
  0.0  0.0  0.0  0.0  0.0  0.0  0.0  0.0  0.0  0.0  0.0  0.0  0.0  0.0  0.0
  0.0  0.0  0.0  0.0  0.0  8.4  0.0  0.0  0.0  0.0  0.0  0.0  0.0  0.0  0.0
  0.0  0.0  0.0  0.0  0.0  0.0  0.0  0.0  0.0  0.0  0.0  8.4  0.0  0.0  0.0
  8.4  0.0  0.0  8.4  0.0  0.0  0.0  8.4  0.0  0.0  0.0  0.0  0.0  0.0  0.0
  0.0  0.0  0.0  0.0  0.0  0.0  0.0  0.0  8.4  0.0 33.6  8.4  0.0  0.0  0.0
  0.0  0.0  0.0  0.0  0.0  0.0  0.0 16.8  0.0  8.4  0.0  0.0  8.4  8.4  0.0
    -22.31     -1.39      2.98     -6.61      2.84  0.0  0.0  0.0  0.0  0.0
                                    t000014_s16_p5_el2ap.txt 21.3  5.2  114
  0.0  0.0  0.0  8.8  0.0  0.0  0.0  0.0  0.0  0.0  0.0  0.0  0.0  0.0  0.0
  0.0  0.0  0.0  0.0  0.0  0.0386.0114.0 43.9 35.1  8.8  8.8  8.8  0.0  0.0
  0.0  0.0 78.9  0.0  0.0 35.1  8.8  0.0  0.0  0.0  0.0  8.8  8.8  8.8  8.8
 26.3  0.0  0.0  0.0  0.0  0.0  0.0 43.9  0.0  0.0 70.2  8.8  0.0 96.5  8.8
  0.0  0.0  0.0  0.0  0.0  0.0  0.0  0.0  0.0  0.0  0.0  0.0  0.0  0.0  0.0
  0.0  0.0  0.0  0.0  0.0  0.0  0.0  0.0  0.0  0.0  0.0  0.0  0.0  0.0  0.0
  0.0  0.0  0.0  0.0  0.0  0.0  0.0  0.0  0.0  0.0  0.0  0.0  0.0  0.0  0.0
  0.0  0.0  0.0  0.0  0.0  0.0  0.0  0.0  0.0  0.0  0.0  0.0  0.0  0.0  0.0
  0.0  0.0  0.0  0.0  0.0  0.0  0.0  0.0  8.8  0.0  8.8  0.0  0.0  8.8  0.0
  0.0  8.8  0.0  0.0  0.0  0.0  8.8  8.8  0.0  0.0  8.8  0.0  0.0  0.0  0.0
    -29.02     -0.87      4.46     -3.10     18.42  8.8  0.0  0.0  0.0  0.0
                                   t000014_s16_p50_el2ap.txt 13.3  5.3   71
 14.1  0.0  0.0 14.1  0.0  0.0  0.0  0.0  0.0  0.0  0.0  0.0  0.0  0.0  0.0
  0.0  0.0 14.1 14.1  0.0  0.0295.8154.9 84.5 56.3  0.0  0.0  0.0  0.0  0.0
  0.0 14.1112.7  0.0  0.0 14.1 14.1  0.0  0.0  0.0  0.0  0.0  0.0 28.2  0.0
 14.1  0.0  0.0  0.0  0.0 14.1 28.2 42.3  0.0  0.0 98.6  0.0  0.0112.7 14.1
  0.0  0.0  0.0  0.0  0.0  0.0  0.0  0.0  0.0  0.0  0.0  0.0  0.0  0.0  0.0
  0.0  0.0  0.0  0.0  0.0  0.0  0.0  0.0  0.0  0.0  0.0  0.0  0.0  0.0  0.0
  0.0  0.0  0.0  0.0  0.0  0.0  0.0  0.0  0.0  0.0  0.0  0.0  0.0  0.0  0.0
  0.0  0.0  0.0  0.0  0.0  0.0  0.0  0.0  0.0  0.0  0.0  0.0  0.0  0.0  0.0
  0.0  0.0  0.0  0.0  0.0  0.0  0.0  0.0 14.1  0.0 84.5 14.1  0.0  0.0  0.0
  0.0 14.1  0.0  0.0  0.0  0.0  0.0  0.0  0.0 14.1  0.0 14.1  0.0 28.2  0.0
    -22.21     -3.87     13.21     -6.61      5.19  0.0  0.0  0.0  0.0  0.0
                                   t000014_s16_p51_el2ap.txt 19.8  5.1  119
  0.0  0.0  0.0  0.0  0.0  0.0  0.0  0.0 25.2  0.0  0.0  0.0  0.0  0.0  0.0
  0.0  0.0  0.0  8.4  0.0  0.0344.5151.3 42.0 67.2 25.2  0.0  0.0  0.0 25.2
  0.0  0.0109.2  0.0  0.0 33.6  8.4  0.0  0.0  0.0  0.0  0.0  0.0 16.8  0.0
  0.0  0.0  0.0  0.0  8.4  0.0  8.4 16.8  0.0 25.2 50.4 50.4  0.0 75.6  0.0
  0.0  0.0  0.0  0.0  0.0  0.0  0.0  0.0  0.0  0.0  0.0  0.0  0.0  0.0  0.0
  0.0  0.0  0.0  0.0  0.0  0.0  0.0  0.0  0.0  0.0  0.0  0.0  0.0  0.0  8.4
  0.0  0.0  0.0  0.0  0.0  0.0  0.0  0.0  0.0  8.4  0.0  0.0  0.0  0.0  0.0
  0.0  0.0  0.0  0.0  8.4  0.0 16.8  0.0  0.0  0.0  0.0  0.0  0.0  0.0  0.0
  0.0  8.4  0.0  0.0  0.0  0.0  0.0  8.4 16.8  0.0 58.8  0.0  8.4  0.0  0.0
 16.8  0.0  0.0  0.0  0.0  0.0  0.0 33.6  8.4  0.0  0.0  0.0  0.0  0.0  0.0
    -26.58     -2.40     19.26     -6.61     -1.08  0.0  0.0  8.4  0.0  0.0
                                   t000014_s16_p52_el2ap.txt 17.5  6.1   93
 10.8  0.0  0.0 10.8  0.0  0.0  0.0  0.0  0.0  0.0  0.0  0.0  0.0 10.8  0.0
 10.8  0.0  0.0 21.5  0.0  0.0354.8129.0 43.0 86.0 21.5  0.0  0.0  0.0 21.5
  0.0  0.0139.8  0.0  0.0 21.5  0.0  0.0  0.0  0.0  0.0  0.0  0.0  0.0  0.0
  0.0  0.0  0.0  0.0 10.8  0.0 21.5  0.0  0.0 21.5 75.3 21.5  0.0107.5  0.0
  0.0  0.0  0.0  0.0  0.0  0.0  0.0  0.0  0.0  0.0  0.0  0.0  0.0  0.0  0.0
  0.0  0.0  0.0  0.0  0.0  0.0  0.0  0.0  0.0  0.0  0.0  0.0  0.0  0.0  0.0
  0.0  0.0  0.0  0.0  0.0  0.0  0.0  0.0  0.0  0.0  0.0  0.0  0.0  0.0  0.0
  0.0  0.0  0.0  0.0  0.0  0.0  0.0  0.0  0.0  0.0  0.0  0.0  0.0  0.0  0.0
  0.0  0.0  0.0  0.0  0.0  0.0  0.0 10.8  0.0  0.0 32.3 10.8 10.8  0.0 10.8
 10.8  0.0  0.0  0.0  0.0  0.0  0.0 32.3  0.0  0.0 10.8  0.0 10.8  0.0  0.0
    -16.01     -1.94     20.21     -6.61     -3.63  0.0  0.0  0.0  0.0  0.0
                                   t000014_s16_p53_el2ap.txt 22.3  5.6  123
  0.0  0.0  0.0 24.4  0.0  0.0  0.0  0.0  8.1  0.0  0.0  0.0  0.0  0.0  0.0
  0.0  0.0  0.0 24.4  0.0  0.0365.9113.8 97.6 32.5  8.1  0.0  0.0  0.0  0.0
  0.0  0.0 81.3  0.0  0.0 32.5  8.1  0.0  0.0  0.0  0.0  0.0  0.0 24.4  0.0
  8.1  0.0  0.0  0.0  0.0  0.0 24.4 32.5  0.0  0.0122.0 16.3  0.0 73.2  0.0
  0.0  0.0  0.0  0.0  0.0  0.0  0.0  0.0  0.0  0.0  0.0  0.0  0.0  0.0  0.0
  0.0  0.0  0.0  0.0  8.1  0.0  0.0  0.0  0.0  0.0  0.0  0.0  0.0  0.0  0.0
  0.0  8.1  0.0  0.0  0.0  0.0  0.0  0.0  0.0  0.0  0.0  0.0  0.0  0.0  0.0
  8.1  0.0  0.0  8.1  8.1  0.0  8.1  0.0  0.0  0.0  0.0  0.0  0.0  0.0  0.0
  0.0  0.0  0.0  0.0  0.0  0.0  0.0  0.0  0.0  0.0 56.9 32.5  0.0  0.0  0.0
  0.0  8.1  0.0  0.0  0.0  8.1  0.0  8.1  0.0  8.1  8.1  0.0  8.1  0.0  0.0
    -26.47     -4.30      4.77     -6.61      2.69  0.0  0.0  0.0  0.0  0.0
                                   t000014_s16_p54_el2ap.txt 20.8  4.8  132
  7.6  0.0  0.0 30.3  0.0  0.0  0.0  0.0  7.6  0.0  0.0  0.0  0.0  0.0  0.0
  0.0  0.0  0.0  7.6  0.0 15.2371.2174.2 37.9 30.3  0.0  7.6  7.6  0.0 15.2
  7.6  0.0 37.9  7.6  0.0 22.7  7.6  0.0  0.0  0.0  0.0  0.0  0.0 37.9  0.0
  0.0  0.0  0.0  0.0  0.0  0.0  7.6 37.9  0.0 22.7 37.9  7.6  0.0 90.9  0.0
  0.0  0.0  0.0  0.0  0.0  0.0  0.0  0.0  0.0  0.0  0.0  0.0  0.0  0.0  0.0
  0.0  0.0  0.0  0.0  0.0  0.0  0.0  0.0  0.0  0.0  0.0  0.0  0.0  0.0  0.0
  0.0  0.0  0.0  0.0  0.0  0.0  0.0  0.0  0.0  0.0  0.0  0.0  0.0  0.0  0.0
  0.0  0.0  0.0  0.0  0.0  0.0  0.0  0.0  0.0  0.0  0.0  0.0  0.0  0.0  0.0
  0.0  0.0  0.0  0.0  0.0  0.0  0.0 15.2 15.2  0.0 30.3 37.9  7.6  7.6  0.0
  0.0  0.0  0.0  0.0  0.0  0.0  0.0  7.6  0.0  0.0  0.0  0.0 15.2  7.6  0.0
    -21.05     -1.87     14.61     -6.61      2.11  0.0  0.0  7.6  0.0  0.0
                                   t000014_s16_p55_el2ap.txt 25.3  5.4  165
  0.0  0.0  0.0 36.4  0.0  0.0  0.0  6.1  6.1  0.0  0.0  0.0  0.0  0.0  0.0
  0.0  0.0  6.1  6.1  0.0  0.0327.3133.3 18.2 54.5  6.1  0.0  0.0  0.0  0.0
  0.0  0.0127.3 12.1  0.0 12.1  0.0  6.1  0.0  0.0  0.0 18.2  0.0 48.5  6.1
  6.1  6.1  0.0  0.0  0.0 12.1 12.1 60.6  0.0  0.0 30.3 12.1  6.1127.3 24.2
  0.0  0.0  0.0  0.0  0.0  0.0  0.0  0.0  0.0  0.0  0.0  0.0  0.0  0.0  0.0
  0.0  0.0  0.0  0.0  6.1  0.0  0.0  0.0  0.0  0.0  0.0  0.0  0.0  0.0  0.0
  0.0  6.1  0.0  0.0  0.0  0.0  0.0  0.0  0.0  0.0  6.1  0.0  0.0  0.0  0.0
  6.1  0.0  0.0  6.1  6.1  0.0  6.1  6.1  0.0  0.0  0.0  0.0  0.0  0.0  0.0
  0.0  0.0  0.0  0.0  0.0  0.0  0.0  6.1 12.1  6.1  6.1 18.2 18.2  6.1  0.0
  0.0  0.0  0.0  0.0  0.0  0.0  0.0 48.5  0.0  6.1  0.0  6.1  6.1  0.0  0.0
    -21.96     -3.66      5.66      2.11     10.34  0.0  0.0  0.0  0.0  0.0
                                   t000014_s16_p56_el2ap.txt 16.8  5.4   97
 10.3  0.0  0.0 72.2  0.0  0.0  0.0  0.0  0.0 10.3  0.0  0.0  0.0  0.0  0.0
  0.0  0.0  0.0 10.3  0.0  0.0288.7144.3 41.2 20.6 20.6  0.0  0.0  0.0  0.0
  0.0  0.0103.1 10.3  0.0 61.9  0.0  0.0  0.0  0.0  0.0 10.3 10.3 61.9  0.0
  0.0  0.0  0.0  0.0  0.0  0.0 10.3 61.9  0.0  0.0 41.2 20.6 10.3103.1  0.0
 30.9  0.0  0.0  0.0  0.0  0.0  0.0  0.0  0.0  0.0  0.0  0.0  0.0  0.0  0.0
  0.0  0.0  0.0  0.0  0.0  0.0  0.0  0.0  0.0  0.0  0.0  0.0  0.0  0.0  0.0
  0.0  0.0  0.0  0.0  0.0  0.0  0.0  0.0  0.0  0.0 10.3  0.0  0.0  0.0  0.0
  0.0  0.0  0.0  0.0  0.0  0.0  0.0 10.3  0.0  0.0  0.0  0.0  0.0  0.0  0.0
  0.0  0.0  0.0  0.0  0.0  0.0  0.0  0.0  0.0  0.0 30.9 10.3  0.0  0.0  0.0
  0.0  0.0  0.0  0.0  0.0  0.0  0.0 20.6 10.3 10.3 10.3  0.0  0.0  0.0  0.0
    -21.52     -4.13      1.67     -2.48     12.19  0.0  0.0  0.0  0.0  0.0
                                   t000014_s16_p57_el2ap.txt 17.5  5.5   86
  0.0  0.0  0.0 23.3  0.0  0.0  0.0  0.0  0.0  0.0  0.0  0.0  0.0  0.0  0.0
  0.0  0.0  0.0 46.5  0.0  0.0511.6 93.0 23.3 58.1  0.0  0.0  0.0  0.0  0.0
  0.0  0.0 81.4 23.3  0.0 23.3  0.0  0.0  0.0  0.0  0.0 23.3  0.0 23.3  0.0
  0.0  0.0  0.0  0.0  0.0  0.0 46.5 23.3  0.0  0.0 23.3  0.0  0.0 81.4  0.0
  0.0  0.0  0.0  0.0  0.0  0.0  0.0  0.0  0.0  0.0  0.0  0.0  0.0  0.0  0.0
  0.0  0.0  0.0  0.0  0.0  0.0  0.0  0.0  0.0  0.0  0.0  0.0  0.0  0.0  0.0
  0.0  0.0  0.0  0.0  0.0  0.0  0.0  0.0  0.0  0.0  0.0  0.0  0.0  0.0  0.0
  0.0  0.0  0.0  0.0  0.0  0.0  0.0  0.0  0.0  0.0  0.0  0.0  0.0  0.0  0.0
  0.0  0.0  0.0  0.0  0.0  0.0  0.0 23.3 58.1  0.0 58.1 34.9  0.0  0.0  0.0
 23.3  0.0  0.0  0.0  0.0 11.6  0.0  0.0  0.0  0.0  0.0  0.0 23.3  0.0  0.0
    -21.46     -3.82     -1.34      2.70     -0.10  0.0  0.0  0.0  0.0  0.0
                                   t000014_s16_p58_el2ap.txt 16.8  5.0  108
  0.0  0.0  0.0 37.0  0.0  0.0  0.0  0.0  0.0  0.0  0.0  0.0  0.0  0.0  0.0
  0.0  0.0  0.0  9.3  0.0  0.0342.6175.9 27.8 27.8  0.0  9.3  0.0  0.0  0.0
  0.0  0.0 46.3  0.0  0.0 46.3  0.0  9.3  0.0  0.0  0.0  9.3  0.0 37.0  0.0
 18.5  0.0  0.0  0.0  0.0  9.3  9.3 55.6  0.0  0.0 64.8  0.0  0.0 83.3  0.0
  0.0  0.0  0.0  0.0  0.0  0.0  0.0  0.0  0.0  0.0  0.0  0.0  0.0  0.0  0.0
  0.0  0.0  0.0  0.0  0.0  0.0  0.0  0.0  0.0  0.0  0.0  0.0  0.0  0.0  0.0
  0.0  0.0  0.0  0.0  0.0  0.0  0.0  0.0  0.0  0.0  0.0  0.0  0.0  0.0  0.0
  0.0  0.0  0.0  0.0  0.0  0.0  0.0  0.0  0.0  0.0  0.0  0.0  0.0  0.0  0.0
  0.0  0.0  0.0  0.0  0.0  0.0  0.0  0.0  0.0  0.0  9.3  0.0  9.3  9.3  0.0
  9.3  0.0  0.0  0.0  0.0  0.0  0.0  9.3  0.0  0.0  0.0  0.0  0.0 27.8  0.0
    -26.26     -3.03      1.56     -0.70      7.96  0.0  0.0  0.0  0.0  0.0
                                   t000014_s16_p59_el2ap.txt 20.5  5.0  127
  7.9  0.0  0.0 78.7  0.0  0.0  0.0  0.0  0.0  0.0 15.7  0.0  0.0  0.0  0.0
  0.0  0.0 39.4 15.7  0.0  0.0307.1133.9 70.9 15.7  0.0  0.0  0.0  0.0  7.9
  0.0  7.9102.4  0.0  7.9 15.7  7.9  0.0  7.9  0.0  0.0  0.0  7.9 15.7  7.9
  0.0  7.9  0.0  7.9  7.9 39.4 31.5 23.6  0.0  7.9 86.6  0.0  7.9110.2  0.0
 15.7  0.0  0.0  0.0  0.0  0.0  0.0  0.0  0.0  0.0  0.0  0.0  0.0  0.0  0.0
  0.0  0.0  0.0  0.0  0.0  0.0  0.0  0.0  0.0  0.0  0.0  0.0  0.0  0.0  0.0
  0.0  0.0  7.9  0.0  0.0  0.0  0.0  0.0  0.0  0.0  0.0  0.0  0.0  0.0  0.0
  0.0  0.0  0.0  0.0  7.9  0.0  7.9  0.0  0.0  0.0  0.0  0.0  0.0  0.0  0.0
  0.0  0.0  0.0  0.0  0.0  0.0  0.0  0.0  7.9  7.9 39.4  0.0  0.0  0.0  0.0
  0.0  0.0  0.0  0.0  0.0 31.5  0.0  7.9  0.0  0.0  7.9  0.0 15.7  7.9  0.0
     -9.76     -5.21     11.72     -4.07      9.74  0.0  0.0  0.0  0.0  0.0
                                    t000014_s16_p6_el2ap.txt 20.0  5.6  105
  9.5  0.0  0.0114.3  0.0  0.0  9.5  0.0  0.0  0.0  0.0  0.0  0.0  0.0  0.0
  0.0  0.0 19.0  9.5  0.0  0.0333.3 85.7 38.1 38.1 19.0 28.6  0.0  0.0  0.0
  0.0  0.0 95.2  0.0  0.0 66.7  9.5  0.0  0.0  0.0  0.0  0.0  9.5 28.6  0.0
  0.0  9.5  0.0  0.0  0.0 19.0 19.0 28.6  0.0  0.0 47.6 19.0  0.0142.9  0.0
  9.5  0.0  0.0  0.0  0.0  0.0  0.0  0.0  0.0  0.0  0.0  0.0  0.0  0.0  0.0
  0.0  0.0  0.0  0.0  0.0  0.0  0.0  0.0  0.0  0.0  0.0  0.0  0.0  0.0  0.0
  0.0  0.0  0.0  0.0  0.0  0.0  0.0  0.0  0.0  0.0  0.0  0.0  0.0  0.0  0.0
  0.0  0.0  0.0  0.0  0.0  0.0  0.0  0.0  0.0  0.0  0.0  0.0  0.0  0.0  0.0
  0.0  0.0  0.0  0.0  0.0  0.0  0.0  0.0  9.5  0.0  9.5  9.5  0.0  0.0  0.0
  0.0  0.0  0.0  0.0  0.0  9.5  9.5 28.6  0.0  9.5  0.0 19.0  9.5  9.5  0.0
    -13.92      1.87      3.80     -6.61      6.66  0.0  0.0  0.0  0.0  0.0
                                   t000014_s16_p60_el2ap.txt 17.5  5.3   92
  0.0  0.0  0.0 76.1  0.0  0.0  0.0  0.0 10.9 10.9  0.0  0.0  0.0  0.0  0.0
  0.0  0.0 10.9 32.6  0.0  0.0304.3130.4 76.1 10.9 21.7  0.0  0.0  0.0 10.9
  0.0  0.0 76.1  0.0 10.9 65.2 10.9  0.0  0.0  0.0  0.0  0.0  0.0 10.9  0.0
  0.0  0.0  0.0  0.0 10.9 10.9 32.6 10.9  0.0 10.9141.3 32.6 21.7 87.0  0.0
  0.0  0.0  0.0  0.0  0.0  0.0  0.0  0.0  0.0  0.0  0.0  0.0  0.0  0.0  0.0
  0.0  0.0  0.0  0.0  0.0  0.0 10.9  0.0  0.0  0.0  0.0  0.0  0.0  0.0  0.0
  0.0 10.9  0.0  0.0  0.0  0.0  0.0  0.0  0.0  0.0  0.0  0.0  0.0  0.0  0.0
 10.9  0.0  0.0 10.9 10.9  0.0 10.9  0.0  0.0  0.0  0.0  0.0  0.0  0.0  0.0
  0.0  0.0  0.0  0.0  0.0  0.0  0.0 21.7  0.0  0.0 10.9  0.0 10.9  0.0  0.0
  0.0  0.0  0.0  0.0  0.0  0.0 10.9 21.7  0.0 10.9  0.0  0.0  0.0 10.9  0.0
    -15.70     -4.40      4.79     -6.61     -1.98  0.0  0.0  0.0  0.0  0.0
                                   t000014_s16_p61_el2ap.txt 24.8  5.5  151
 13.2  0.0  0.0 86.1  0.0  0.0  6.6  0.0  0.0  6.6  6.6  0.0  0.0  0.0  0.0
  0.0  0.0  0.0  0.0  0.0  0.0271.5112.6 66.2 13.2  6.6 26.5  0.0  0.0 13.2
  0.0  0.0132.5  0.0  6.6 46.4 26.5  6.6  0.0  0.0  0.0  0.0  6.6 19.9  0.0
  0.0  0.0  0.0  0.0 19.9  6.6  0.0 19.9  0.0 13.2119.2  6.6  0.0119.2  0.0
  6.6  6.6  0.0  0.0  0.0  0.0  0.0  0.0  0.0  0.0  0.0  0.0  0.0  0.0  0.0
  0.0  0.0  0.0  0.0  0.0  0.0  0.0  6.6  0.0  0.0  0.0  0.0  0.0  0.0  0.0
  0.0  0.0  0.0  0.0  0.0 13.2  0.0  0.0  0.0  0.0  0.0  0.0  0.0  0.0  0.0
  0.0  6.6  0.0  6.6  0.0 13.2 13.2  0.0  0.0  0.0  0.0  0.0  0.0  0.0  0.0
  0.0  0.0  0.0  0.0  0.0  0.0  0.0  0.0  6.6  6.6 26.5  0.0  6.6 13.2  0.0
 19.9  0.0  0.0  0.0  0.0  0.0  0.0 26.5  0.0  6.6 13.2  0.0  0.0  0.0  0.0
    -21.37      0.10     12.21     -5.03      3.52  6.6  0.0  0.0  0.0  0.0
                                    t000014_s16_p7_el2ap.txt 25.5  4.7  153
 13.1  0.0  0.0 78.4  0.0  0.0  0.0  6.5  0.0  0.0  0.0  0.0  0.0  6.5  0.0
  0.0  0.0  0.0  0.0  0.0  6.5333.3117.6 39.2 13.1 26.1  0.0  0.0  6.5  6.5
  0.0  6.5 58.8  0.0  0.0 32.7  6.5  0.0  0.0  0.0  6.5  0.0  0.0 58.8  0.0
  0.0  0.0  0.0  0.0  0.0  6.5  6.5 58.8  0.0 13.1 52.3 26.1  0.0111.1 13.1
  0.0  0.0  0.0  0.0  0.0  0.0  0.0  0.0  0.0  0.0  0.0  0.0  0.0  0.0  0.0
  0.0  0.0  0.0  0.0  0.0  0.0  0.0  0.0  0.0  0.0  0.0  0.0  0.0  0.0  0.0
  0.0  0.0  0.0  0.0  0.0  0.0  0.0  0.0  0.0  6.5  0.0  0.0  0.0  0.0  0.0
  0.0  0.0  0.0  0.0  0.0  0.0  6.5  0.0  0.0  0.0  0.0  0.0  0.0  0.0  0.0
  0.0  6.5  0.0  0.0  0.0  0.0  0.0  6.5  6.5  0.0 32.7  6.5  6.5  0.0  0.0
  0.0  0.0  0.0  0.0  0.0  6.5  0.0 39.2  0.0  6.5  6.5  0.0 13.1 19.6  0.0
    -15.81     -4.14     12.74     -3.49      5.29  0.0  0.0  0.0  0.0  0.0
                                    t000014_s16_p8_el2ap.txt 20.8  4.8  129
  0.0  0.0  0.0 77.5  0.0  0.0  7.8  0.0  0.0  0.0  0.0  0.0  0.0  0.0  0.0
  7.8  0.0  7.8  0.0  0.0  0.0348.8155.0 62.0  0.0  0.0  0.0  0.0  0.0  7.8
  0.0  7.8 62.0  0.0  0.0 54.3  0.0  0.0  0.0  0.0  0.0  7.8  0.0 15.5  7.8
  0.0  0.0  0.0  0.0  0.0  7.8  7.8 23.3  0.0  7.8 77.5  0.0  0.0 77.5  0.0
  0.0  0.0  0.0  0.0  0.0  0.0  0.0  0.0  0.0  0.0  0.0  0.0  0.0  0.0  0.0
  0.0  0.0  0.0  0.0  0.0  0.0  0.0  0.0  0.0  0.0  0.0  0.0  0.0  0.0  0.0
  0.0  0.0  0.0  0.0  0.0  0.0  0.0  0.0  0.0  0.0  7.8  0.0  0.0  0.0  0.0
  0.0  0.0  0.0  0.0  0.0  0.0  0.0  7.8  0.0  0.0  0.0  0.0  0.0  0.0  0.0
  0.0 23.3  0.0  0.0  0.0  0.0  0.0  7.8 15.5  0.0  0.0 31.0  7.8  7.8  0.0
  7.8  0.0  0.0  0.0  0.0  0.0  0.0 23.3  0.0  7.8  0.0  7.8 15.5  0.0  0.0
    -20.91     -5.73      8.94     -3.50      4.69  0.0  0.0  0.0  0.0  0.0
                                    t000014_s16_p9_el2ap.txt 28.0  5.8  159
  6.3  0.0  0.0 75.5  0.0  0.0  0.0  0.0  0.0  0.0  0.0  0.0  0.0  0.0  0.0
  0.0  0.0 12.6  6.3  0.0  6.3371.1150.9 44.0 12.6 12.6  0.0  0.0  0.0  6.3
  0.0  6.3125.8  6.3 12.6 18.9 12.6 12.6  0.0  0.0  6.3 12.6  0.0 37.7  0.0
  0.0  0.0  0.0  0.0  0.0 31.4 12.6 37.7  0.0  6.3 50.3 12.6  0.0106.9 12.6
  0.0  0.0  0.0  0.0  0.0  0.0  0.0  0.0  0.0  0.0  0.0  0.0  0.0  0.0  0.0
  0.0  0.0  0.0  0.0  0.0  0.0  0.0  0.0  0.0  0.0  0.0  0.0  0.0  0.0  0.0
  0.0  0.0  0.0  0.0  0.0  0.0  0.0  0.0  0.0  0.0  0.0  0.0  0.0  0.0  0.0
  0.0  0.0  0.0  0.0  0.0  0.0  0.0  0.0  0.0  0.0  0.0  0.0  0.0  0.0  0.0
  0.0 12.6  0.0  0.0  0.0  0.0  0.0 18.9 25.2  6.3 18.9 12.6  0.0  0.0  6.3
  0.0  6.3  0.0  0.0  0.0  0.0  0.0 25.2  6.3  6.3  0.0  0.0 18.9  0.0  0.0
    -22.00     -4.75      8.61      4.42      2.09  0.0  0.0  0.0  0.0  0.0
                                     t000014_s2_p1_el2ap.txt 26.3  5.2  137
  0.0  0.0  0.0 65.7  0.0  0.0  0.0  0.0 14.6  0.0  0.0  0.0  0.0  0.0  0.0
  0.0  0.0  0.0  0.0  0.0  0.0379.6 94.9 43.8 36.5  7.3 14.6  7.3  0.0  7.3
  0.0  0.0124.1  0.0 14.6 14.6  7.3  7.3  0.0  0.0  0.0 14.6  0.0  7.3 14.6
  0.0  7.3  0.0  0.0  7.3  7.3  7.3 21.9  0.0  7.3 51.1 21.9  0.0102.2  0.0
 14.6  0.0  0.0  0.0  0.0  0.0  0.0  0.0  0.0  0.0  0.0  0.0  0.0  0.0  0.0
  0.0  0.0  0.0  0.0  0.0  0.0  0.0  7.3  0.0  0.0  0.0  0.0  0.0  0.0  0.0
  0.0  7.3  0.0  0.0  0.0  0.0  0.0  0.0  0.0  7.3  0.0  0.0  0.0  0.0  0.0
  0.0  7.3  0.0  7.3  7.3  0.0 14.6  0.0  0.0  0.0  0.0  0.0  0.0  0.0  0.0
  0.0  0.0  0.0  0.0  0.0  0.0  0.0  0.0 21.9  0.0  7.3  7.3  0.0  0.0  0.0
  7.3  0.0  0.0  0.0  0.0  7.3  0.0  7.3 21.9  7.3  0.0  0.0  7.3  0.0  0.0
    -25.87     -0.04      8.12      0.97      8.71  0.0  0.0  0.0  0.0  0.0
                                     t000014_s4_p1_el2ap.txt 32.8  5.1  199
  5.0  0.0  0.0 50.3  0.0  0.0  0.0  5.0  0.0  5.0  0.0  0.0  0.0  0.0  0.0
  0.0  0.0  0.0 10.1  0.0  0.0306.5135.7 90.5 15.1  5.0 10.1  5.0  0.0  5.0
  5.0  0.0 85.4 10.1 15.1 30.2  5.0  0.0  0.0  0.0  5.0  5.0  0.0  5.0  0.0
  5.0  5.0  0.0  5.0  0.0  5.0 15.1 10.1  0.0 10.1105.5  5.0  5.0 70.4  0.0
  5.0  0.0  0.0  0.0  0.0  0.0  0.0  0.0  0.0  0.0  0.0  0.0  0.0  0.0  0.0
  0.0  0.0  0.0  0.0  0.0  0.0  0.0  0.0  0.0  0.0  0.0  0.0  0.0  0.0  0.0
  0.0  0.0  0.0  0.0  0.0  0.0  0.0  0.0  0.0  0.0  0.0  0.0  0.0  0.0  0.0
  0.0  0.0  0.0  0.0  0.0  0.0  0.0  0.0  0.0  0.0  0.0  0.0  0.0  0.0  0.0
  0.0  0.0  0.0  0.0  0.0  0.0  0.0  0.0  5.0  5.0 20.1  0.0  0.0 10.1  0.0
 10.1  5.0  0.0  0.0  0.0  0.0  0.0  0.0 10.1 10.1  0.0  0.0 10.1 10.1  0.0
    -24.39     -2.15      4.97     -2.20     -1.24  0.0  0.0  0.0  0.0  0.0
                                     t000014_s4_p2_el2ap.txt 30.0  5.6  206
  9.7  0.0  0.0 72.8  0.0  0.0  4.9  0.0 29.1  9.7  0.0  0.0  0.0  0.0  0.0
  0.0  0.0  0.0 29.1  0.0 14.6267.0140.8 97.1  9.7  0.0 14.6  4.9  0.0  0.0
  0.0 14.6101.9  0.0  4.9 38.8 14.6  0.0  0.0  4.9  4.9  4.9  4.9  4.9  0.0
  0.0  0.0  0.0  4.9  0.0  4.9 48.5  4.9  0.0  0.0111.7 29.1  4.9116.5  9.7
  4.9  0.0  0.0  0.0  0.0  0.0  0.0  0.0  0.0  0.0  0.0  0.0  0.0  0.0  0.0
  0.0  0.0  0.0  0.0  0.0  0.0  0.0  0.0  0.0  0.0  0.0  0.0  0.0  0.0  0.0
  0.0  0.0  0.0  0.0  0.0  0.0  0.0  0.0  0.0  4.9  0.0  0.0  0.0  0.0  0.0
  0.0  0.0  0.0  0.0  0.0  0.0  4.9  0.0  0.0  0.0  0.0  0.0  0.0  0.0  0.0
  0.0  0.0  0.0  0.0  0.0  0.0  0.0  4.9 14.6  4.9  4.9  0.0  4.9  9.7  0.0
  0.0  4.9  0.0  0.0  0.0  4.9 14.6 24.3  9.7  9.7  4.9  4.9  4.9  0.0  0.0
    -12.97     -1.71      9.81     -0.15      0.14  0.0  4.9  0.0  0.0  0.0
                                     t000014_s4_p3_el2ap.txt 17.0  5.9   88
 11.4  0.0  0.0102.3  0.0  0.0  0.0  0.0  0.0 11.4  0.0  0.0  0.0  0.0  0.0
  0.0  0.0 11.4 68.2  0.0  0.0318.2 90.9 79.5  0.0 22.7 11.4 11.4  0.0 11.4
  0.0 11.4125.0  0.0  0.0 34.1 34.1  0.0 11.4  0.0  0.0  0.0 11.4  0.0  0.0
  0.0  0.0  0.0  0.0 11.4 11.4 79.5  0.0  0.0 11.4113.6 22.7  0.0147.7 34.1
  0.0  0.0  0.0  0.0  0.0  0.0  0.0  0.0  0.0  0.0  0.0  0.0  0.0  0.0  0.0
  0.0  0.0  0.0  0.0 11.4  0.0  0.0  0.0  0.0  0.0  0.0  0.0  0.0  0.0  0.0
  0.0 11.4 11.4  0.0  0.0  0.0  0.0  0.0  0.0 11.4  0.0  0.0  0.0  0.0  0.0
 11.4  0.0  0.0 11.4 22.7  0.0 34.1  0.0  0.0  0.0  0.0  0.0  0.0  0.0  0.0
  0.0  0.0  0.0  0.0  0.0  0.0  0.0  0.0 11.4 22.7  0.0  0.0 11.4 11.4  0.0
 11.4  0.0 11.4  0.0  0.0  0.0  0.0 56.8 11.4 11.4 11.4  0.0  0.0  0.0  0.0
     -7.06     -0.43     17.61     -2.94      3.48  0.0  0.0  0.0  0.0  0.0
                                     t000014_s7_p1_el2ap.txt 26.3  5.4  148
  0.0  0.0  0.0 60.8  0.0  0.0  0.0  0.0  6.8  0.0  0.0  0.0  0.0  0.0  0.0
  0.0  0.0  0.0 20.3  0.0  0.0331.1128.4108.1 13.5 13.5  0.0  0.0  0.0  0.0
  6.8 27.0114.9  0.0  0.0 47.3 13.5  0.0 13.5  0.0  0.0  0.0  0.0  6.8  0.0
  0.0  0.0  0.0  0.0 20.3  0.0 47.3  6.8  0.0  6.8135.1 20.3  0.0 94.6  6.8
  0.0  0.0  0.0  0.0  0.0  0.0  0.0  0.0  0.0  0.0  0.0  0.0  0.0  0.0  0.0
  0.0  0.0  0.0  0.0  0.0  0.0  0.0  0.0  0.0  0.0  0.0  0.0  0.0  0.0  0.0
  0.0  0.0  0.0  6.8  0.0  0.0  0.0  0.0  0.0  0.0  0.0  0.0  0.0  0.0  0.0
  0.0  0.0  0.0  0.0  6.8  0.0  6.8  0.0  0.0  0.0  0.0  0.0  0.0  0.0  0.0
  0.0  0.0  0.0  0.0  0.0  0.0  0.0  0.0  6.8  6.8 20.3  6.8 13.5  0.0  0.0
  6.8  0.0  0.0  0.0  0.0  0.0  6.8 20.3 13.5  0.0  0.0  6.8 13.5  0.0  0.0
    -26.13     -4.68     22.42     -2.25     -2.60  0.0  6.8  0.0  0.0  0.0
                                     t000014_s7_p2_el2ap.txt 12.8  5.9   68
  0.0  0.0  0.0 44.1  0.0  0.0  0.0  0.0 58.8 14.7  0.0  0.0  0.0  0.0  0.0
  0.0  0.0  0.0 44.1  0.0 14.7338.2191.2 44.1 14.7  0.0  0.0  0.0  0.0 14.7
  0.0  0.0161.8  0.0  0.0 29.4  0.0  0.0  0.0  0.0  0.0 14.7  0.0 14.7  0.0
  0.0  0.0  0.0  0.0  0.0  0.0 44.1 14.7  0.0 14.7 44.1 58.8  0.0 88.2 14.7
  0.0  0.0  0.0  0.0  0.0  0.0  0.0  0.0  0.0  0.0  0.0  0.0  0.0  0.0  0.0
  0.0  0.0  0.0  0.0  0.0  0.0  0.0  0.0  0.0  0.0  0.0  0.0  0.0  0.0  0.0
  0.0  0.0  0.0  0.0  0.0  0.0  0.0  0.0  0.0  0.0  0.0  0.0  0.0  0.0  0.0
  0.0  0.0  0.0  0.0  0.0  0.0  0.0  0.0  0.0  0.0  0.0  0.0  0.0  0.0  0.0
  0.0  0.0  0.0  0.0  0.0  0.0  0.0  0.0 14.7 14.7 58.8 14.7  0.0  0.0  0.0
 14.7  0.0  0.0  0.0  0.0  0.0  0.0  0.0 14.7  0.0  0.0  0.0 14.7  0.0  0.0
    -12.48     -5.24     17.89     -0.72     -1.40  0.0  0.0  0.0  0.0  0.0
                                     t000014_s7_p3_el2ap.txt 32.5  5.3  245
  0.0  0.0  0.0 36.7  0.0  0.0  4.1  0.0 12.2 12.2  0.0  0.0  0.0  0.0  0.0
  0.0  0.0  0.0 24.5  0.0  0.0322.4159.2 73.5 12.2  4.1  0.0  4.1  4.1  0.0
  0.0  0.0102.0  4.1 12.2 20.4  8.2  0.0  4.1  0.0  0.0  0.0  4.1 12.2  0.0
  4.1  0.0  0.0  0.0  4.1  0.0 24.5 16.3  0.0  4.1 93.9 16.3  0.0 69.4  4.1
  0.0  0.0  0.0  0.0  0.0  0.0  0.0  0.0  0.0  0.0  0.0  0.0  0.0  0.0  0.0
  0.0  0.0  0.0  0.0  0.0  0.0  0.0  0.0  0.0  0.0  0.0  0.0  0.0  0.0  0.0
  0.0  0.0  0.0  0.0  0.0  0.0  0.0  0.0  0.0  0.0  0.0  0.0  0.0  0.0  0.0
  0.0  0.0  0.0  0.0  0.0  0.0  0.0  0.0  0.0  0.0  0.0  0.0  0.0  0.0  0.0
  0.0 12.2  0.0  0.0  0.0  0.0  0.0  0.0 24.5  0.0 20.4 16.3  0.0  0.0  0.0
  4.1  0.0  0.0  0.0  0.0  4.1  0.0 16.3 16.3  4.1  0.0  0.0  8.2  4.1  0.0
    -22.07     -4.39      4.53     -5.29      2.10 20.4  0.0  0.0  0.0  0.0
                                     t000015_s1_p1_el2ap.txt 34.8  5.3  193
  5.2  0.0  0.0 67.4  0.0  0.0  0.0  0.0  0.0  0.0  0.0  0.0  0.0  0.0  0.0
  0.0  0.0  5.2 20.7  0.0  0.0295.3134.7 62.2 10.4 10.4  5.2  0.0  0.0  0.0
  0.0  0.0103.6  0.0 10.4 41.5  0.0  0.0  0.0  0.0  0.0  5.2  0.0 20.7  5.2
  0.0  5.2 10.4  0.0  0.0  5.2 25.9 25.9  0.0  0.0 98.4 10.4  0.0 98.4 10.4
  0.0  0.0  0.0  0.0  0.0  0.0  0.0  0.0  0.0  0.0  0.0  0.0  0.0  0.0  0.0
  0.0  0.0  0.0  0.0  5.2  0.0  0.0  0.0  0.0  0.0  0.0  0.0  0.0  0.0  0.0
  0.0  0.0  0.0  0.0  0.0  0.0  0.0  0.0  0.0  0.0  0.0  0.0  0.0  0.0  0.0
  5.2  0.0  0.0  5.2  0.0  0.0  0.0  0.0  0.0  0.0  0.0  0.0  0.0  0.0  0.0
  0.0  0.0  0.0  0.0  0.0  0.0  0.0 10.4 15.5  5.2 31.1 15.5  5.2  0.0  0.0
  0.0  0.0  0.0  0.0  0.0 10.4  5.2 10.4  0.0 10.4  5.2  0.0  5.2  0.0  0.0
    -20.57     -3.93      2.77     -4.53      3.50  0.0  5.2  0.0  0.0  0.0
                                    t000015_s16_p1_el2ap.txt 28.3  4.9  162
  0.0  0.0  0.0 37.0  0.0  0.0  6.2  0.0  0.0  0.0  0.0  0.0  0.0  0.0  0.0
  0.0  0.0  6.2  6.2  0.0  0.0364.2135.8 37.0 30.9  6.2 12.3  0.0  0.0  0.0
  6.2  0.0 80.2  0.0  0.0 18.5  6.2  0.0  0.0  0.0  0.0  0.0  0.0  6.2  0.0
  0.0  6.2  0.0  0.0  0.0  6.2 12.3  6.2  0.0  6.2 43.2  6.2  0.0 92.6  0.0
  0.0  0.0  0.0  0.0  0.0  0.0  0.0  0.0  0.0  0.0  0.0  0.0  0.0  0.0  0.0
  0.0  0.0  0.0  0.0  0.0  0.0  0.0  0.0  0.0  0.0  0.0  0.0  0.0  0.0  0.0
  0.0  0.0  6.2  0.0  0.0  0.0  0.0  0.0  0.0  0.0  0.0  0.0  0.0  0.0  0.0
  0.0  0.0  0.0  0.0  6.2  0.0  6.2  0.0  0.0  0.0  0.0  0.0  0.0  0.0  0.0
  0.0  0.0  0.0  0.0  0.0  0.0  0.0  6.2  6.2  0.0 18.5 12.3 24.7  6.2  0.0
  0.0  0.0  0.0  0.0  0.0  0.0  0.0 18.5  0.0  0.0  6.2  0.0  0.0  0.0  0.0
    -23.11     -2.06     11.11     -6.61     -2.69  6.2  0.0  0.0  0.0  0.0
                                   t000015_s16_p10_el2ap.txt 26.5  5.3  152
 13.2  0.0  0.0 92.1  0.0  6.6  0.0  0.0  0.0 13.2  0.0  0.0  0.0  0.0  0.0
  0.0  0.0 13.2 13.2  0.0  0.0282.9164.5 92.1  6.6  6.6  6.6  0.0  0.0  0.0
  6.6  0.0 92.1  0.0  0.0 26.3  6.6  0.0  0.0  0.0  0.0  0.0  6.6 13.2  0.0
  0.0  6.6 13.2  0.0  6.6 13.2 19.7 13.2  0.0  6.6125.0  6.6  0.0 98.7  0.0
  0.0  0.0  0.0  0.0  0.0  0.0  0.0  0.0  0.0  0.0  0.0  0.0  0.0  0.0  0.0
  0.0  0.0  0.0  0.0  0.0  6.6  0.0  0.0  0.0  0.0  0.0  0.0  0.0  0.0  0.0
  0.0  0.0  0.0  0.0  0.0  0.0  0.0  0.0  0.0  0.0  0.0  0.0  0.0  0.0  0.0
  6.6  0.0  0.0  6.6  0.0  0.0  0.0  0.0  0.0  0.0  0.0  0.0  0.0  0.0  0.0
  0.0  0.0  0.0  0.0  0.0  0.0  0.0  0.0 13.2  6.6 46.1  6.6  0.0  0.0  0.0
  0.0  0.0  0.0  0.0  0.0  0.0  0.0  0.0  6.6  0.0  0.0  0.0 19.7  0.0  0.0
    -17.05     -3.95     11.86     -6.61      2.48  0.0  0.0  0.0  0.0  0.0
                                   t000015_s16_p11_el2ap.txt 33.0  5.4  213
  4.7  4.7  0.0 23.5  0.0  0.0  0.0  9.4  4.7  4.7  0.0  4.7  0.0  0.0  0.0
  0.0  0.0  0.0  4.7  0.0  0.0333.3140.8 61.0 51.6  0.0  0.0  4.7  4.7  0.0
  9.4  9.4 89.2  9.4  0.0 14.1  4.7  0.0  0.0  0.0  0.0  4.7  0.0 18.8  4.7
  0.0  0.0  4.7  0.0  0.0  0.0 18.8 23.5  0.0 14.1103.3  4.7  0.0 84.5  4.7
  0.0  0.0  0.0  0.0  0.0  0.0  0.0  0.0  0.0  0.0  0.0  0.0  0.0  0.0  0.0
  0.0  0.0  0.0  0.0  0.0  4.7  0.0  0.0  0.0  0.0  0.0  0.0  0.0  0.0  0.0
  0.0  0.0  0.0  0.0  0.0  0.0  0.0  0.0  0.0  0.0 14.1  0.0  0.0  0.0  0.0
  4.7  0.0  0.0  4.7  0.0  0.0  0.0 14.1  0.0  0.0  0.0  0.0  0.0  0.0  0.0
  0.0  0.0  0.0  0.0  0.0  0.0  0.0  0.0 32.9  0.0  4.7 14.1  9.4  0.0 14.1
  0.0  0.0  0.0  0.0  0.0  4.7  0.0 14.1  0.0 18.8  0.0  0.0  0.0  0.0  0.0
    -21.16     -3.16     18.46     -4.73      2.83  4.7  0.0  0.0  0.0  0.0
                                   t000015_s16_p12_el2ap.txt 21.5  5.4  126
  7.9  0.0  0.0 71.4  0.0  0.0  0.0  0.0  0.0  0.0  0.0  0.0  0.0  0.0  0.0
  0.0  0.0  7.9  7.9  0.0  0.0357.1127.0 55.6 15.9  7.9  0.0  7.9  0.0  0.0
  0.0  0.0142.9  0.0  0.0 31.7  7.9  7.9  0.0  0.0  0.0  0.0  0.0  7.9  7.9
  7.9  0.0 15.9  0.0  7.9 15.9  7.9 23.8  0.0  0.0 79.4  7.9  0.0119.0  0.0
 15.9  0.0  0.0  0.0  0.0  0.0  0.0  0.0  0.0  0.0  0.0  0.0  0.0  0.0  0.0
  0.0  0.0  0.0  0.0  0.0  0.0  7.9  0.0  0.0  0.0  0.0  0.0  0.0  0.0  0.0
  7.9  0.0  0.0  0.0  0.0  0.0  0.0  0.0  0.0  0.0  0.0  0.0  0.0  0.0  0.0
  7.9  0.0  0.0  7.9  7.9  0.0  7.9  0.0  0.0  0.0  0.0  0.0  0.0  0.0  0.0
  0.0  0.0  0.0  0.0  0.0  0.0  0.0  0.0 47.6  7.9 39.7 23.8  7.9  0.0  7.9
  0.0  0.0  0.0  0.0  0.0  7.9 23.8 15.9  7.9 15.9  0.0  7.9  7.9  0.0  0.0
    -23.33     -3.38      9.09     -4.72      6.24  0.0  0.0  0.0  0.0  0.0
                                   t000015_s16_p13_el2ap.txt 20.0  5.1  117
 34.2  0.0  0.0 68.4  0.0  0.0  0.0  0.0  0.0  0.0  0.0  0.0  0.0  0.0  0.0
  0.0  0.0  8.5  0.0  0.0  0.0341.9153.8 51.3  8.5 17.1  0.0  0.0  0.0  0.0
  0.0  0.0111.1  0.0  8.5 25.6 17.1  0.0  0.0  0.0  0.0  0.0  0.0  0.0  0.0
  0.0  8.5  0.0  8.5  8.5  8.5  8.5  0.0  0.0  0.0 59.8 17.1  8.5 94.0  0.0
  0.0  0.0  0.0  0.0  0.0  0.0  0.0  0.0  0.0  0.0  0.0  0.0  0.0  0.0  0.0
  0.0  0.0  0.0  0.0  0.0  0.0  0.0  0.0  0.0  0.0  0.0  0.0  0.0  0.0  0.0
  0.0  0.0  0.0  0.0  0.0  0.0  0.0  0.0  0.0  0.0  0.0  0.0  0.0  8.5  0.0
  0.0  0.0  0.0  0.0  0.0  0.0  0.0  8.5  0.0  0.0  0.0  0.0  0.0  0.0  0.0
  0.0  0.0  0.0  0.0  0.0  0.0  0.0  0.0  8.5  0.0 51.3 42.7  0.0  0.0  0.0
  0.0  0.0  0.0  0.0  0.0  0.0  0.0  8.5  0.0 51.3  0.0  0.0  8.5  0.0  0.0
    -22.06     -4.69      4.72     -6.61     -3.63  0.0  0.0  0.0  0.0  0.0
                                   t000015_s16_p14_el2ap.txt 24.3  5.3  141
  7.1  0.0  0.0 42.6  0.0  0.0  0.0  0.0 14.2 14.2  0.0  0.0  0.0  0.0  0.0
  0.0  0.0  0.0 21.3  0.0  0.0390.1156.0 28.4 35.5  7.1  0.0  0.0  0.0  0.0
  0.0  0.0 63.8  7.1  0.0 35.5  0.0  0.0  0.0  0.0  0.0  7.1  0.0 14.2  7.1
 14.2  7.1  0.0  0.0  0.0  0.0 28.4 35.5  0.0  0.0 42.6 21.3  0.0106.4  7.1
  0.0  0.0  0.0  0.0  0.0  0.0  0.0  0.0  0.0  0.0  0.0  0.0  0.0  0.0  0.0
  0.0  0.0  0.0  0.0  0.0  0.0  0.0  0.0  0.0  0.0  0.0  0.0  0.0  0.0  0.0
  0.0  0.0  0.0  0.0  0.0  0.0  0.0  0.0  0.0  0.0  0.0  0.0  0.0  0.0  0.0
  0.0  0.0  0.0  0.0  0.0  0.0  0.0  0.0  0.0  0.0  0.0  0.0  0.0  0.0  0.0
  0.0  0.0  0.0  0.0  0.0  0.0  0.0  0.0 14.2  7.1 21.3 28.4  7.1  0.0  0.0
  0.0  0.0  0.0  0.0  0.0  7.1  0.0 14.2  0.0 21.3  7.1  0.0 14.2  0.0  0.0
    -21.64     -4.25      1.37     -3.77      8.55  0.0  0.0  0.0  0.0  0.0
                                   t000015_s16_p15_el2ap.txt 19.0  4.8  113
  8.8  0.0  0.0  8.8  0.0  0.0  0.0  0.0  0.0  0.0  0.0  0.0  0.0  0.0  0.0
  0.0  0.0  0.0  0.0  0.0  0.0345.1150.4 61.9 26.5  8.8  8.8  0.0  8.8  0.0
  0.0  0.0 70.8  0.0  8.8 26.5  8.8  0.0  0.0  0.0  0.0  8.8  8.8 17.7  0.0
  8.8  0.0  8.8  0.0  0.0  0.0  0.0 26.5  0.0  8.8 88.5  8.8  0.0 53.1  0.0
  0.0  0.0  0.0  0.0  0.0  0.0  0.0  0.0  0.0  0.0  0.0  0.0  0.0  0.0  0.0
  0.0  0.0  0.0  0.0  0.0  8.8  0.0  0.0  0.0  0.0  0.0  0.0  0.0  0.0  0.0
  0.0  0.0  8.8  0.0  0.0  0.0  0.0  0.0  0.0  0.0  0.0  0.0  0.0  0.0  0.0
  8.8  0.0  0.0  8.8  8.8  0.0  8.8  0.0  0.0  0.0  0.0  0.0  0.0  0.0  0.0
  0.0  0.0  0.0  0.0  0.0  0.0  0.0  0.0  8.8  0.0 17.7  8.8  0.0  0.0  8.8
  0.0  8.8  0.0  0.0  0.0  0.0  0.0  8.8  0.0  8.8  0.0  0.0  0.0  0.0  0.0
    -28.56     -2.76      6.98     -3.07      7.44  8.8  0.0  0.0  0.0  0.0
                                   t000015_s16_p16_el2ap.txt 16.0  5.2   82
  0.0  0.0  0.0 48.8  0.0  0.0  0.0  0.0 12.2  0.0  0.0  0.0  0.0  0.0  0.0
  0.0  0.0  0.0  0.0  0.0  0.0378.0134.1 36.6  0.0 12.2  0.0  0.0  0.0  0.0
  0.0  0.0 61.0  0.0 24.4 36.6 24.4  0.0  0.0  0.0  0.0 12.2  0.0 12.2  0.0
  0.0  0.0  0.0 12.2  0.0  0.0  0.0 12.2  0.0  0.0 48.8 24.4  0.0 85.4  0.0
  0.0  0.0  0.0  0.0  0.0  0.0  0.0  0.0  0.0  0.0  0.0  0.0  0.0  0.0  0.0
  0.0  0.0  0.0  0.0  0.0  0.0 12.2  0.0  0.0  0.0  0.0  0.0  0.0  0.0  0.0
 12.2  0.0  0.0  0.0  0.0  0.0  0.0  0.0  0.0  0.0  0.0  0.0  0.0  0.0  0.0
 12.2  0.0  0.0 12.2 12.2  0.0 12.2  0.0  0.0  0.0  0.0  0.0  0.0  0.0  0.0
  0.0  0.0  0.0  0.0  0.0  0.0  0.0  0.0 12.2 12.2  0.0 12.2  0.0 24.4  0.0
  0.0  0.0  0.0  0.0  0.0  0.0  0.0 12.2 12.2 12.2  0.0  0.0 24.4  0.0  0.0
    -27.64     -5.19     -4.04     -1.73     -1.78  0.0  0.0  0.0  0.0  0.0
                                   t000015_s16_p17_el2ap.txt 19.8  4.9  106
  0.0  9.4  0.0 47.2  0.0  9.4 18.9  0.0  0.0 28.3  0.0  0.0  0.0  0.0  0.0
  0.0  0.0  0.0  9.4  0.0  0.0320.8141.5 56.6 18.9  9.4  0.0  9.4  0.0  0.0
  0.0  0.0 47.2  0.0  9.4 28.3 28.3  0.0  0.0  0.0  0.0  0.0 18.9  9.4  0.0
  9.4  0.0  0.0  0.0  0.0  0.0  9.4 18.9  0.0  0.0 66.0  9.4  0.0122.6  9.4
  0.0  0.0  0.0  0.0  0.0  0.0  0.0  0.0  0.0  0.0  0.0  0.0  0.0  0.0  0.0
  0.0  0.0  0.0  9.4  0.0  0.0  0.0  0.0  0.0  0.0  0.0  0.0  0.0  0.0  0.0
  0.0  9.4  0.0  0.0  0.0  0.0  0.0  0.0  0.0  0.0  0.0  0.0  0.0  0.0  0.0
  9.4  0.0  0.0  9.4  9.4  0.0  9.4  0.0  0.0  0.0  0.0  0.0  0.0  0.0  0.0
  0.0  0.0  0.0  0.0  0.0  0.0  0.0  9.4 18.9  0.0  0.0  9.4  9.4  9.4  0.0
  0.0  9.4  9.4  0.0  9.4  0.0  0.0 28.3  9.4  9.4  0.0  0.0  0.0 18.9  0.0
    -12.23     -2.94     -0.13     -6.61     12.64  0.0  0.0  0.0  0.0  0.0
                                   t000015_s16_p18_el2ap.txt 20.5  5.0  133
  0.0  0.0  0.0 60.2  0.0  0.0  0.0  0.0  0.0  0.0  0.0  0.0  0.0  0.0  0.0
  0.0  0.0  0.0 15.0  0.0  0.0375.9165.4 22.6 15.0  7.5  0.0  0.0  0.0  0.0
  0.0  0.0 75.2  7.5  0.0 22.6  0.0  0.0  0.0  0.0  0.0  0.0  0.0  7.5  7.5
  0.0  0.0  7.5  7.5  0.0  0.0 15.0 15.0  0.0  0.0 37.6  7.5 30.1 75.2  0.0
  0.0  0.0  0.0  0.0  0.0  0.0  0.0  0.0  0.0  0.0  0.0  0.0  0.0  0.0  0.0
  0.0  0.0  0.0  7.5  0.0  0.0  0.0  0.0  0.0  0.0  0.0  0.0  0.0  0.0  0.0
  0.0  0.0  0.0  0.0  0.0  0.0  0.0  0.0  0.0  0.0  0.0  0.0  0.0  7.5  0.0
  7.5  0.0  0.0  7.5  0.0  0.0  0.0  7.5  0.0  0.0  0.0  0.0  0.0  0.0  0.0
  0.0  0.0  0.0  0.0  0.0  0.0  0.0  0.0  0.0  0.0  7.5 45.1 30.1  0.0  0.0
  0.0  0.0  0.0  0.0  0.0  0.0  0.0  7.5  0.0  7.5  0.0  0.0  7.5  0.0  0.0
    -24.51     -4.90      2.77     -6.61      3.30  0.0  0.0  0.0  0.0  0.0
                                   t000015_s16_p19_el2ap.txt 28.5  5.3  211
  0.0  0.0  0.0 52.1  0.0  0.0  9.5  4.7  0.0  9.5  4.7  0.0  0.0  0.0  0.0
  4.7  0.0  0.0 14.2  0.0  0.0289.1165.9 61.6  9.5  4.7  0.0  0.0  0.0  4.7
  0.0  0.0 71.1  0.0  4.7 33.2  0.0  4.7  0.0  0.0  0.0  0.0  4.7 19.0  0.0
 14.2  4.7  0.0  4.7  0.0  4.7 19.0 33.2  0.0  4.7 90.0  4.7  4.7 94.8  9.5
  0.0  0.0  0.0  0.0  0.0  0.0  0.0  0.0  0.0  0.0  0.0  0.0  0.0  0.0  0.0
  0.0  0.0  0.0  0.0  0.0  0.0  0.0  0.0  0.0  0.0  0.0  0.0  0.0  0.0  0.0
  0.0  0.0  0.0  0.0  0.0  0.0  0.0  0.0  0.0  0.0  0.0  0.0  0.0  4.7  0.0
  0.0  0.0  0.0  0.0  0.0  0.0  0.0  4.7  0.0  0.0  0.0  0.0  0.0  0.0  0.0
  0.0  0.0  0.0  0.0  0.0  0.0  0.0  4.7 14.2  4.7 14.2 14.2  0.0  0.0  9.5
  0.0  0.0  0.0  0.0  0.0  0.0  0.0 19.0  0.0  9.5  0.0  0.0  4.7  0.0  0.0
    -18.62     -5.21      5.00     -5.48      6.79  0.0  4.7  0.0  0.0  0.0
                                    t000015_s16_p2_el2ap.txt 20.0  4.6  115
  8.7  0.0  0.0 34.8  0.0  0.0  0.0  0.0 34.8  0.0  0.0  0.0  0.0  0.0  0.0
  0.0  0.0  8.7  0.0  0.0  0.0400.0113.0 43.5 17.4 17.4  0.0  0.0  0.0  8.7
  0.0  0.0 34.8  8.7  0.0 34.8 17.4  0.0  8.7  0.0  0.0  0.0 26.1 17.4  0.0
  8.7  0.0  0.0  0.0  0.0  8.7  0.0 26.1  0.0  8.7 52.2 52.2  0.0 87.0  0.0
  8.7  0.0  0.0  0.0  0.0  0.0  0.0  0.0  0.0  0.0  0.0  0.0  0.0  0.0  0.0
  0.0  0.0  0.0  0.0  0.0  0.0  0.0  0.0  0.0  0.0  0.0  0.0  0.0  0.0  0.0
  0.0  0.0  0.0  0.0  0.0  0.0  0.0  0.0  0.0  0.0  0.0  0.0  0.0  0.0  0.0
  0.0  0.0  0.0  0.0  0.0  0.0  0.0  0.0  0.0  0.0  0.0  0.0  0.0  0.0  0.0
  0.0  0.0  0.0  0.0  0.0  0.0  0.0  8.7  8.7  0.0 43.5 69.6  0.0  0.0 43.5
  0.0  0.0  0.0  0.0  0.0  0.0  8.7 26.1  0.0  0.0  0.0  0.0  8.7  0.0  0.0
    -22.66     -4.38      3.28     -3.80     18.12  0.0  0.0  0.0  0.0  0.0
                                   t000015_s16_p20_el2ap.txt 12.0  5.2   58
 17.2  0.0  0.0 86.2  0.0  0.0  0.0  0.0  0.0  0.0  0.0  0.0  0.0  0.0  0.0
 17.2  0.0  0.0 17.2  0.0  0.0310.3155.2 69.0 17.2  0.0  0.0  0.0  0.0 17.2
  0.0  0.0 69.0  0.0 17.2  0.0  0.0  0.0  0.0  0.0  0.0  0.0  0.0 34.5  0.0
 17.2  0.0  0.0  0.0  0.0  0.0 17.2 51.7  0.0 17.2 86.2  0.0  0.0120.7  0.0
 17.2  0.0  0.0  0.0  0.0  0.0  0.0  0.0  0.0  0.0  0.0  0.0  0.0  0.0  0.0
  0.0  0.0  0.0  0.0  0.0  0.0  0.0  0.0  0.0  0.0  0.0  0.0  0.0  0.0  0.0
  0.0  0.0  0.0  0.0  0.0  0.0  0.0  0.0  0.0  0.0  0.0  0.0  0.0  0.0  0.0
  0.0  0.0  0.0  0.0  0.0  0.0  0.0  0.0  0.0  0.0  0.0  0.0  0.0  0.0  0.0
  0.0  0.0  0.0  0.0  0.0  0.0  0.0  0.0  0.0  0.0 17.2 17.2 17.2  0.0 17.2
  0.0  0.0  0.0  0.0  0.0  0.0 17.2  0.0  0.0  0.0  0.0  0.0  0.0  0.0  0.0
    -15.75     -5.16      9.31     -6.61      7.16  0.0  0.0  0.0  0.0  0.0
                                   t000015_s16_p21_el2ap.txt 16.3  5.8   88
  0.0  0.0  0.0 68.2  0.0  0.0  0.0  0.0  0.0 22.7  0.0  0.0  0.0  0.0  0.0
  0.0  0.0  0.0 22.7  0.0  0.0363.6147.7136.4  0.0 11.4  0.0  0.0 11.4 11.4
  0.0  0.0113.6  0.0  0.0  0.0  0.0  0.0  0.0  0.0  0.0  0.0  0.0  0.0 11.4
 22.7  0.0  0.0  0.0  0.0  0.0 22.7 34.1  0.0 22.7136.4 11.4  0.0 90.9  0.0
 22.7  0.0  0.0  0.0  0.0  0.0  0.0  0.0  0.0  0.0  0.0  0.0  0.0  0.0  0.0
  0.0  0.0  0.0  0.0  0.0  0.0  0.0  0.0  0.0  0.0  0.0  0.0  0.0  0.0  0.0
  0.0  0.0  0.0  0.0  0.0  0.0  0.0  0.0  0.0  0.0  0.0  0.0  0.0  0.0  0.0
  0.0  0.0  0.0  0.0  0.0  0.0  0.0  0.0  0.0  0.0  0.0  0.0  0.0  0.0  0.0
  0.0  0.0  0.0  0.0  0.0  0.0  0.0  0.0 22.7  0.0  0.0  0.0 11.4  0.0 11.4
  0.0  0.0  0.0  0.0  0.0  0.0 11.4 11.4  0.0 22.7  0.0  0.0  0.0  0.0  0.0
    -26.51     -5.22     21.23     -6.61     12.45  0.0  0.0  0.0  0.0  0.0
                                   t000015_s16_p22_el2ap.txt 22.5  5.0  119
  0.0  0.0  0.0 50.4  0.0  0.0  0.0  0.0  8.4 16.8  0.0  0.0  0.0  0.0  0.0
  0.0  0.0  0.0  8.4  0.0  0.0319.3117.6 84.0 25.2 16.8 16.8  0.0  0.0  0.0
 16.8  0.0 42.0  0.0 16.8 25.2 16.8  0.0  0.0  0.0  0.0  0.0  0.0  0.0  0.0
  0.0 25.2  0.0  0.0  0.0  0.0 33.6  0.0  0.0 16.8 92.4 25.2  0.0100.8  8.4
  0.0  0.0  0.0  0.0  0.0  0.0  0.0  0.0  0.0  0.0  0.0  0.0  0.0  0.0  0.0
  0.0  0.0  0.0  0.0  0.0  0.0  0.0  0.0  0.0  0.0  0.0  0.0  0.0  0.0  0.0
  0.0  0.0  0.0  0.0  0.0  0.0  0.0  0.0  0.0  0.0  0.0  0.0  0.0  0.0  0.0
  0.0  0.0  0.0  0.0  0.0  0.0  0.0  0.0  0.0  0.0  0.0  0.0  0.0  0.0  0.0
  0.0  0.0  0.0  0.0  0.0  0.0  0.0  0.0  8.4  0.0 42.0  0.0 25.2  8.4  0.0
  0.0  0.0  0.0  0.0  0.0  0.0  0.0 16.8 16.8  0.0  0.0  0.0  8.4 25.2  0.0
    -23.38     -0.92     12.79     -6.61     -3.63  0.0  0.0  0.0  0.0  0.0
                                   t000015_s16_p23_el2ap.txt 24.3  5.0  134
  0.0  0.0  0.0 52.2  0.0  0.0  7.5  0.0 14.9  0.0  7.5  0.0  0.0  0.0  0.0
  0.0  7.5  7.5  7.5  0.0  0.0268.7104.5 89.6  7.5  7.5  0.0  0.0  0.0  0.0
  7.5 14.9 59.7  0.0  0.0 22.4 14.9  0.0  0.0  0.0  7.5  0.0  0.0  0.0  0.0
  7.5  7.5  0.0  0.0 14.9 14.9 29.9  7.5  7.5  7.5149.3 22.4  0.0 82.1 14.9
  0.0  0.0  0.0  0.0  0.0  0.0  0.0  0.0  0.0  0.0  0.0  0.0  0.0  0.0  0.0
  0.0  0.0  0.0  0.0  0.0  0.0  0.0  0.0  0.0  0.0  0.0  0.0  7.5  0.0  0.0
  0.0  0.0  0.0  0.0  0.0  0.0  0.0  0.0  0.0  0.0  0.0  0.0  0.0  0.0  0.0
  0.0  0.0  7.5  7.5  0.0  0.0  0.0  0.0  0.0  0.0  0.0  0.0  0.0  0.0  0.0
  0.0  0.0  0.0  0.0  0.0  0.0  0.0  0.0 14.9  7.5 29.9  7.5  0.0  7.5  0.0
  0.0  0.0  0.0  0.0  0.0  0.0  0.0  0.0  0.0  0.0  0.0  0.0  0.0  7.5  0.0
     -7.08     -5.15     16.16     -3.05     -1.22  0.0  0.0  0.0  0.0  0.0
                                    t000015_s16_p3_el2ap.txt 11.5  5.0   57
 35.1  0.0  0.0 35.1  0.0  0.0  0.0  0.0  0.0  0.0  0.0  0.0  0.0  0.0  0.0
  0.0  0.0  0.0  0.0  0.0  0.0298.2175.4 35.1 52.6  0.0  0.0  0.0  0.0  0.0
  0.0  0.0 70.2  0.0  0.0 17.5  0.0  0.0  0.0  0.0  0.0  0.0  0.0  0.0  0.0
  0.0 17.5  0.0  0.0 17.5  0.0 17.5  0.0  0.0  0.0 87.7  0.0  0.0 87.7  0.0
  0.0  0.0  0.0  0.0  0.0  0.0  0.0  0.0  0.0  0.0  0.0  0.0  0.0  0.0  0.0
  0.0  0.0  0.0  0.0  0.0  0.0  0.0  0.0  0.0  0.0  0.0  0.0  0.0  0.0  0.0
  0.0  0.0  0.0  0.0  0.0  0.0  0.0  0.0  0.0  0.0  0.0  0.0  0.0  0.0  0.0
  0.0  0.0  0.0  0.0  0.0  0.0  0.0  0.0  0.0  0.0  0.0  0.0  0.0  0.0  0.0
  0.0  0.0  0.0  0.0  0.0  0.0  0.0  0.0 35.1  0.0 17.5  0.0 17.5  0.0 17.5
  0.0  0.0  0.0  0.0  0.0  0.0  0.0 17.5  0.0 17.5  0.0  0.0 17.5  0.0  0.0
    -23.98     -4.00      4.85     -6.61     -3.63  0.0  0.0  0.0  0.0  0.0
                                    t000015_s16_p4_el2ap.txt 21.0  4.7  120
  0.0  0.0  0.0 25.0  0.0  0.0  8.3  0.0  0.0  0.0  0.0  0.0  0.0  0.0  0.0
  0.0  0.0  0.0  8.3  0.0  0.0333.3116.7116.7 25.0  0.0  0.0  0.0  0.0  0.0
  0.0  0.0 33.3  0.0 16.7  0.0  0.0  0.0  0.0  0.0  0.0  0.0  0.0 25.0  0.0
  0.0  0.0  0.0  8.3  0.0  0.0  8.3 25.0  0.0  0.0133.3  0.0  0.0 83.3 16.7
  0.0  0.0  0.0  0.0  0.0  0.0  0.0  0.0  0.0  0.0  0.0  0.0  0.0  0.0  0.0
  0.0  0.0  0.0  0.0  0.0  0.0  0.0  0.0  0.0  0.0  0.0  0.0  0.0  0.0  0.0
  0.0  0.0  0.0  0.0  0.0  0.0  0.0  0.0  0.0  0.0  0.0  0.0  0.0  0.0  0.0
  0.0  0.0  0.0  0.0  0.0  0.0  0.0  0.0  0.0  0.0  0.0  0.0  0.0  0.0  0.0
  0.0  0.0  0.0  0.0  0.0  0.0  0.0  0.0  8.3  8.3  0.0  0.0  0.0  8.3  0.0
  0.0  8.3  0.0  0.0  0.0  0.0 25.0 25.0  0.0  8.3  0.0  0.0  0.0  0.0  0.0
    -26.54     -4.91     -1.61     -6.61      0.16  0.0  0.0  0.0  0.0  0.0
                                    t000015_s16_p5_el2ap.txt 28.0  5.5  177
  0.0  0.0  0.0 22.6  0.0  0.0  0.0 11.3  5.6  0.0  0.0  0.0  0.0  0.0  0.0
  0.0  0.0  0.0  0.0  0.0  0.0327.7135.6 79.1 56.5  0.0  0.0 16.9  0.0  5.6
  0.0  0.0124.3 11.3  0.0 39.5 11.3  0.0  0.0  5.6  0.0  5.6 11.3 22.6  5.6
  5.6  0.0  0.0  5.6  5.6  0.0  5.6 33.9  0.0  5.6113.0  5.6  0.0 96.0  5.6
  0.0  0.0  0.0  0.0  0.0  0.0  0.0  0.0  0.0  0.0  0.0  0.0  0.0  0.0  0.0
  0.0  0.0  0.0  0.0  0.0  0.0  0.0  0.0  0.0  0.0  0.0  0.0  0.0  0.0  0.0
  0.0  0.0  0.0  0.0  0.0  0.0  0.0  0.0  0.0  0.0  0.0  0.0  0.0  0.0  0.0
  0.0  0.0  0.0  0.0  0.0  0.0  0.0  0.0  0.0  0.0  0.0  0.0  0.0  0.0  0.0
  0.0  0.0  0.0  0.0  0.0  0.0  0.0  0.0  0.0  5.6 56.5 33.9  0.0  0.0 11.3
  0.0  0.0  0.0  0.0  0.0  0.0  0.0 11.3  0.0 11.3  0.0  0.0  0.0  0.0  0.0
    -27.68     -0.73      6.95     -1.78     13.03 11.3  0.0  0.0  0.0  0.0
                                    t000015_s16_p6_el2ap.txt 11.8  5.3   55
  0.0  0.0  0.0 18.2  0.0  0.0  0.0  0.0  0.0 18.2  0.0  0.0  0.0  0.0  0.0
  0.0  0.0  0.0  0.0  0.0  0.0327.3163.6 18.2 72.7  0.0  0.0 18.2  0.0  0.0
 18.2  0.0109.1  0.0  0.0 18.2 18.2  0.0  0.0  0.0  0.0  0.0  0.0 18.2 18.2
  0.0  0.0 18.2  0.0  0.0  0.0  0.0 36.4  0.0 18.2 54.5  0.0  0.0 90.9 18.2
  0.0  0.0  0.0  0.0  0.0  0.0  0.0  0.0  0.0  0.0  0.0  0.0  0.0  0.0  0.0
  0.0  0.0  0.0  0.0  0.0  0.0 18.2  0.0  0.0  0.0  0.0  0.0  0.0  0.0  0.0
  0.0  0.0  0.0  0.0  0.0  0.0  0.0  0.0  0.0  0.0  0.0  0.0  0.0  0.0  0.0
 18.2  0.0  0.0 18.2  0.0  0.0  0.0  0.0  0.0  0.0  0.0  0.0  0.0  0.0  0.0
  0.0  0.0  0.0  0.0  0.0  0.0  0.0  0.0 18.2  0.0 36.4 36.4  0.0  0.0  0.0
  0.0  0.0  0.0  0.0  0.0  0.0  0.0 36.4  0.0 18.2  0.0  0.0 18.2  0.0  0.0
    -25.55      0.03     24.05     -6.61     13.11  0.0  0.0  0.0  0.0  0.0
                                    t000015_s16_p7_el2ap.txt 11.8  4.8   59
 16.9  0.0  0.0 16.9  0.0  0.0  0.0  0.0  0.0  0.0  0.0  0.0  0.0  0.0  0.0
  0.0  0.0  0.0  0.0  0.0  0.0288.1237.3  0.0 16.9  0.0  0.0  0.0  0.0  0.0
  0.0  0.0118.6  0.0  0.0 33.9  0.0  0.0  0.0  0.0  0.0  0.0  0.0  0.0  0.0
  0.0  0.0  0.0 16.9  0.0  0.0  0.0  0.0  0.0  0.0 67.8  0.0  0.0 67.8  0.0
  0.0  0.0  0.0  0.0  0.0  0.0  0.0  0.0  0.0  0.0  0.0  0.0  0.0  0.0  0.0
  0.0  0.0  0.0  0.0  0.0  0.0  0.0  0.0  0.0  0.0  0.0  0.0  0.0  0.0  0.0
  0.0  0.0  0.0  0.0  0.0  0.0  0.0  0.0  0.0  0.0  0.0  0.0  0.0  0.0  0.0
  0.0  0.0  0.0  0.0  0.0  0.0  0.0  0.0  0.0  0.0  0.0  0.0  0.0  0.0  0.0
  0.0  0.0  0.0  0.0  0.0  0.0  0.0  0.0 16.9  0.0  0.0  0.0  0.0  0.0  0.0
  0.0  0.0  0.0  0.0  0.0  0.0  0.0 16.9  0.0  0.0  0.0  0.0  0.0  0.0  0.0
    -26.15     -5.17      7.29     -6.61     -3.63  0.0  0.0  0.0  0.0  0.0
                                    t000015_s16_p8_el2ap.txt 18.5  5.1  101
  9.9  0.0  0.0  9.9  0.0  0.0  0.0  0.0  0.0  0.0  0.0  0.0  0.0  0.0  0.0
  0.0  0.0  0.0  9.9  0.0  0.0326.7178.2 59.4 19.8  0.0  0.0  0.0  0.0  0.0
  0.0  0.0 99.0  0.0  9.9  0.0  9.9  0.0  0.0  0.0  0.0  0.0  0.0  0.0  0.0
  0.0  9.9  0.0  9.9  0.0  0.0 19.8  0.0  0.0  0.0128.7  0.0  0.0 39.6  0.0
  0.0  0.0  0.0  0.0  0.0  0.0  0.0  0.0  0.0  0.0  0.0  0.0  0.0  0.0  0.0
  0.0  0.0  0.0  0.0  0.0  0.0  0.0  0.0  0.0  0.0  0.0  0.0  0.0  9.9  0.0
  0.0  0.0  0.0  0.0  0.0  0.0  0.0  0.0  0.0  0.0  0.0  0.0  0.0  0.0  0.0
  0.0  0.0  9.9  9.9  0.0  0.0  0.0  0.0  0.0  0.0  0.0  0.0  0.0  0.0  0.0
  0.0  0.0  0.0  0.0  0.0  0.0  0.0  9.9 19.8  9.9 49.5  0.0  0.0 29.7  0.0
  0.0  9.9  0.0  0.0  0.0  9.9  0.0  9.9  0.0  9.9  0.0  0.0  0.0  9.9  0.0
    -27.44     -5.08      4.94     -6.61     -3.63 19.8  0.0  0.0  0.0  0.0
                                    t000015_s16_p9_el2ap.txt 33.5  5.7  183
  0.0  0.0  0.0 27.3  0.0  0.0  0.0  0.0  5.5  5.5  0.0  0.0  0.0  0.0  0.0
  0.0  0.0  0.0  0.0  0.0  0.0382.5158.5 82.0  5.5  5.5  5.5  5.5  5.5  5.5
  0.0  0.0 98.4  0.0  5.5 10.9 10.9  5.5  0.0  0.0  5.5  0.0  5.5  5.5  5.5
  0.0  5.5  0.0  0.0  0.0 10.9  5.5 10.9  0.0 10.9103.8 10.9  0.0 54.6 16.4
  0.0  0.0  0.0  0.0  0.0  0.0  0.0  0.0  0.0  0.0  0.0  0.0  0.0  0.0  0.0
  0.0  0.0  0.0  0.0  0.0  0.0  0.0  0.0  0.0  0.0  0.0  0.0  0.0  0.0  0.0
  0.0  0.0  0.0  0.0  0.0  0.0  0.0  0.0  0.0  5.5  0.0  0.0  0.0  0.0  0.0
  0.0  0.0  0.0  0.0  0.0  0.0  5.5  0.0  0.0  0.0  0.0  0.0  0.0  0.0  0.0
  0.0  0.0  0.0  0.0  0.0  0.0  0.0 10.9 38.3  5.5 27.3  0.0 10.9  0.0  0.0
  0.0  5.5  0.0  0.0  0.0  5.5  5.5 10.9 16.4  5.5  0.0  0.0  5.5  0.0  0.0
    -32.52     -3.24     11.52     -2.70      4.82  5.5  0.0  0.0  0.0  0.0
                                     t000015_s2_p1_el2ap.txt  7.0  4.7   30
 33.3  0.0  0.0 33.3  0.0  0.0  0.0  0.0  0.0  0.0  0.0  0.0  0.0  0.0  0.0
  0.0  0.0  0.0 66.7  0.0  0.0533.3100.0  0.0  0.0 33.3  0.0  0.0  0.0  0.0
  0.0  0.0 66.7  0.0  0.0 33.3 33.3  0.0  0.0  0.0  0.0  0.0  0.0  0.0  0.0
  0.0  0.0  0.0  0.0  0.0  0.0 66.7  0.0  0.0  0.0  0.0 33.3  0.0 66.7  0.0
  0.0  0.0  0.0  0.0  0.0  0.0  0.0  0.0  0.0  0.0  0.0  0.0  0.0  0.0  0.0
  0.0  0.0  0.0  0.0 33.3  0.0  0.0  0.0  0.0  0.0  0.0  0.0  0.0  0.0  0.0
  0.0 33.3  0.0  0.0  0.0  0.0  0.0  0.0  0.0 33.3  0.0  0.0  0.0  0.0  0.0
 33.3  0.0  0.0 33.3 33.3  0.0 66.7  0.0  0.0  0.0  0.0  0.0  0.0  0.0  0.0
  0.0  0.0  0.0  0.0  0.0  0.0  0.0  0.0  0.0  0.0  0.0 33.3  0.0  0.0  0.0
  0.0  0.0  0.0  0.0  0.0  0.0  0.0  0.0 33.3 33.3  0.0  0.0  0.0  0.0  0.0
    -11.32     -4.25      3.71     -6.61     -3.63  0.0  0.0  0.0  0.0  0.0
                                     t000015_s4_p1_el2ap.txt 32.8  5.2  215
  9.3  0.0  0.0 79.1  0.0  0.0  4.7  0.0  0.0 14.0  0.0  0.0  0.0  0.0  0.0
  4.7  0.0  9.3 14.0  0.0  0.0288.4158.1 69.8 14.0  0.0  0.0  0.0  0.0  0.0
  4.7  0.0 69.8  0.0 14.0 46.5  9.3  0.0  0.0  0.0  0.0 14.0  9.3 18.6  0.0
  0.0  0.0  4.7  4.7  0.0  9.3 14.0 18.6  0.0  4.7 93.0  0.0  0.0102.3 14.0
  4.7  0.0  0.0  0.0  0.0  0.0  0.0  0.0  0.0  0.0  0.0  0.0  0.0  0.0  0.0
  0.0  0.0  0.0  0.0  0.0  0.0  0.0  0.0  0.0  0.0  0.0  0.0  0.0  0.0  0.0
  0.0  0.0  0.0  0.0  0.0  0.0  0.0  0.0  0.0  0.0  0.0  0.0  0.0  0.0  0.0
  0.0  0.0  0.0  0.0  0.0  0.0  0.0  0.0  0.0  0.0  0.0  0.0  0.0  0.0  0.0
  0.0  0.0  0.0  0.0  0.0  0.0  0.0  0.0 27.9  0.0 27.9 18.6  0.0  0.0  4.7
  0.0  0.0  0.0  0.0  0.0  4.7  0.0  9.3  9.3  4.7  4.7  0.0 18.6  0.0  0.0
    -16.22     -5.27      3.30     -1.02      5.01  4.7  0.0  4.7  0.0  0.0
                                     t000015_s4_p2_el2ap.txt 24.0  5.3  131
  7.6  0.0  0.0 68.7  0.0  0.0  0.0  0.0  7.6 15.3  0.0  0.0  0.0  0.0  0.0
  0.0  7.6  0.0  0.0  0.0  0.0305.3145.0 61.1  7.6  7.6  7.6  0.0  0.0  7.6
  0.0  7.6 91.6  0.0  7.6  0.0 22.9  7.6  0.0  0.0  0.0  0.0  0.0 15.3  0.0
  7.6  0.0  0.0  0.0  0.0  7.6  7.6 22.9  7.6  7.6 84.0 15.3  0.0106.9  7.6
  7.6  0.0  0.0  0.0  0.0  0.0  0.0  0.0  0.0  0.0  0.0  0.0  0.0  0.0  0.0
  0.0  0.0  0.0  0.0  0.0  0.0  0.0  0.0  0.0  0.0  0.0  0.0  0.0  0.0  0.0
  0.0  7.6  0.0  0.0  0.0  0.0  0.0  0.0  0.0  0.0  0.0  0.0  0.0  0.0  0.0
  0.0  0.0  0.0  0.0  7.6  0.0  7.6  0.0  0.0  0.0  0.0  0.0  0.0  0.0  0.0
  0.0  0.0  0.0  0.0  0.0  0.0  0.0  0.0 68.7  0.0 45.8  0.0  0.0  0.0  0.0
  0.0  0.0  0.0  0.0  0.0  0.0  0.0 15.3  7.6 22.9  0.0  0.0  7.6  0.0  0.0
    -11.50     -3.67     11.73     -4.79      1.15  0.0  0.0  0.0  0.0  0.0
                                     t000015_s4_p3_el2ap.txt 23.0  5.0  125
  0.0  0.0  0.0 56.0  0.0  0.0  8.0  8.0  8.0 16.0  0.0  0.0  0.0  8.0  0.0
  0.0  0.0  0.0  8.0  0.0  0.0280.0160.0 56.0  8.0  0.0  8.0  8.0  0.0  0.0
  0.0  8.0 56.0  0.0  8.0 56.0  0.0  0.0  0.0  0.0  0.0  0.0  8.0  0.0  0.0
  0.0  0.0 16.0  8.0  8.0  0.0 16.0  0.0  0.0  0.0 96.0  8.0  0.0 72.0  0.0
  8.0  0.0  0.0  0.0  0.0  0.0  0.0  0.0  0.0  0.0  0.0  0.0  0.0  0.0  0.0
  0.0  0.0  0.0  8.0  0.0  0.0  0.0  0.0  0.0  0.0  0.0  0.0  0.0  0.0  0.0
  0.0  0.0  0.0  0.0  0.0  0.0  0.0  0.0  0.0  0.0  0.0  0.0  0.0  0.0  0.0
  8.0  0.0  0.0  8.0  0.0  0.0  0.0  0.0  0.0  0.0  0.0  0.0  0.0  0.0  0.0
  0.0  0.0  0.0  0.0  0.0  0.0  0.0  0.0  8.0  0.0 24.0  0.0  0.0 16.0  0.0
  0.0  0.0  0.0  0.0  0.0  8.0  0.0  8.0  8.0  8.0  0.0  0.0  0.0  0.0  0.0
    -15.03     -2.44      2.29     -6.61      1.37  0.0  0.0  0.0  0.0  0.0
                                     t000015_s8_p1_el2ap.txt 35.3  5.1  183
  5.5  5.5  0.0 54.6  0.0  0.0  0.0  0.0  5.5  0.0  0.0  0.0  0.0  0.0  0.0
  0.0  0.0  0.0  0.0  5.5  0.0355.2109.3 82.0  0.0 16.4  0.0  5.5  0.0  0.0
  0.0  5.5 92.9  0.0 16.4  5.5  5.5  0.0  5.5  0.0  0.0  0.0  0.0 10.9  5.5
  0.0  5.5  0.0  5.5  0.0  0.0 10.9 16.4  5.5  0.0 87.4 21.9  0.0 65.6 16.4
 10.9  0.0  0.0  0.0  0.0  0.0  0.0  0.0  0.0  0.0  0.0  0.0  0.0  0.0  0.0
  0.0  0.0  0.0  5.5  0.0  0.0  0.0  0.0  0.0  0.0  0.0  0.0  0.0  0.0  0.0
  5.5  0.0  0.0  0.0  0.0  0.0  0.0  0.0  0.0  0.0  0.0  0.0  0.0  0.0  0.0
  5.5  0.0  0.0  5.5  5.5  0.0  5.5  0.0  0.0  0.0  0.0  0.0  0.0  0.0  0.0
  0.0  0.0  0.0  5.5  0.0  0.0  0.0  0.0 27.3 16.4 21.9 16.4  0.0  5.5  0.0
  0.0  5.5  0.0  0.0  0.0  0.0  0.0 16.4 16.4  5.5  0.0  0.0  5.5  0.0  0.0
    -21.08     -3.99      4.32     -4.84      2.23  0.0  0.0  0.0  0.0  0.0
                                     t000015_s8_p2_el2ap.txt 28.3  4.7  152
 19.7  0.0  0.0 52.6  0.0  0.0  0.0  0.0  6.6  0.0  0.0  0.0  0.0  0.0  0.0
  0.0  0.0  6.6  6.6  0.0  0.0342.1118.4 32.9 19.7 13.2  0.0  6.6  0.0  6.6
  0.0  0.0 65.8  0.0  0.0 39.5 19.7  0.0  6.6  0.0  0.0  6.6  0.0 13.2  0.0
  0.0 13.2 13.2  0.0  0.0  6.6 19.7 13.2  0.0  6.6 46.1 19.7  0.0 92.1  0.0
  0.0  0.0  0.0  0.0  0.0  0.0  0.0  0.0  0.0  0.0  0.0  0.0  0.0  0.0  0.0
  0.0  0.0  0.0  6.6  0.0  6.6  0.0  0.0  0.0  0.0  0.0  0.0  0.0  0.0  0.0
  0.0  0.0  6.6  0.0  0.0  0.0  0.0  0.0  0.0  0.0  0.0  0.0  0.0  0.0  0.0
 13.2  0.0  0.0 13.2  6.6  0.0  6.6  0.0  0.0  0.0  0.0  0.0  0.0  0.0  0.0
  0.0  0.0  0.0  0.0  0.0  0.0  0.0  0.0 13.2  0.0 13.2  6.6  0.0  6.6  0.0
  0.0  0.0  0.0  0.0  0.0  0.0  0.0 19.7  6.6 26.3  0.0  0.0  6.6  0.0  0.0
    -19.67     -3.28      6.59     -1.85     -1.63  0.0  0.0  0.0  0.0  6.6
                                     t000015_s8_p3_el2ap.txt 28.3  5.8  153
 13.1  0.0  0.0 58.8  0.0  0.0  0.0  0.0  0.0  0.0  0.0  0.0  0.0  0.0  0.0
  6.5  0.0  0.0  6.5  0.0  0.0281.0104.6 91.5 32.7 26.1  0.0 13.1  0.0  0.0
  0.0 13.1117.6  0.0  6.5 45.8 13.1  0.0  0.0  0.0  6.5 13.1  0.0 13.1  0.0
  0.0  0.0  0.0 13.1  6.5  6.5 19.6 13.1  0.0  0.0124.2 26.1  0.0104.6  0.0
  6.5  0.0  0.0  0.0  0.0  0.0  0.0  0.0  0.0  0.0  0.0  0.0  0.0  0.0  0.0
  0.0  0.0  0.0  0.0  0.0  0.0  0.0  0.0  0.0  0.0  0.0  0.0  0.0  0.0  0.0
  0.0  0.0  6.5  0.0  0.0  0.0  0.0  0.0  0.0  0.0  0.0  0.0  0.0  0.0  0.0
  0.0  0.0  0.0  0.0  6.5  0.0  6.5  0.0  0.0  0.0  0.0  0.0  0.0  0.0  0.0
  0.0  0.0  0.0  0.0  0.0  0.0  0.0  0.0 13.1  6.5 19.6  0.0  0.0  0.0  6.5
  0.0  0.0  0.0  0.0  6.5  0.0  0.0  0.0 13.1  6.5  0.0  6.5  6.5  0.0  0.0
    -23.29     -1.07      9.46      1.74     -1.65  0.0  0.0  0.0  6.5  0.0
                                     t000015_s8_p4_el2ap.txt 28.8  5.2  172
  5.8  0.0 11.6 40.7  0.0  0.0  0.0  5.8  0.0 11.6  0.0  0.0  0.0  0.0  0.0
  0.0  0.0  0.0  5.8  0.0  0.0331.4162.8 58.1  5.8  5.8 11.6  0.0  5.8  0.0
  0.0  0.0127.9  0.0 17.4 17.4  0.0  0.0  0.0  0.0  0.0  5.8  0.0  0.0  0.0
  0.0  0.0  0.0  0.0  0.0  0.0  5.8  0.0  0.0  5.8 98.8  5.8  0.0 64.0 11.6
  5.8  0.0  0.0  0.0  0.0  0.0  0.0  0.0  0.0  0.0  0.0  0.0  0.0  0.0  0.0
  0.0  0.0  0.0  0.0  0.0  0.0  0.0  0.0  0.0  0.0  0.0  0.0  0.0  0.0  0.0
  0.0  5.8  0.0  0.0  0.0  0.0  0.0  0.0  0.0  0.0  0.0  0.0  0.0  0.0  0.0
  0.0  0.0  0.0  0.0  5.8  0.0  5.8  0.0  0.0  0.0  0.0  0.0  0.0  0.0  0.0
  0.0  0.0  0.0  0.0  0.0  0.0  0.0  5.8 11.6 17.4 11.6  0.0 11.6  5.8  5.8
  0.0  0.0  0.0  0.0  0.0  0.0  5.8 11.6  5.8  5.8  0.0  5.8  0.0  5.8  0.0
    -23.88     -3.04      7.16     -4.28     -3.63  5.8  0.0  0.0  0.0  0.0
                                     t000015_s8_p5_el2ap.txt 22.3  5.4  115
  8.7  0.0  0.0 43.5  0.0  0.0  0.0  0.0  0.0  0.0  0.0  0.0  0.0  0.0  0.0
  0.0  0.0  0.0  0.0  0.0  0.0347.8113.0 78.3  8.7  0.0  8.7  0.0  0.0  0.0
  8.7  0.0113.0  0.0 17.4 26.1 26.1  0.0  0.0  0.0  0.0  0.0  0.0  0.0 26.1
  8.7  0.0  0.0  0.0  0.0  0.0  0.0 34.8  0.0  8.7 87.0  0.0  0.0 95.7  0.0
  8.7  0.0  0.0  0.0  0.0  0.0  0.0  0.0  0.0  0.0  0.0  0.0  0.0  0.0  0.0
  0.0  0.0  0.0  0.0  0.0  0.0  0.0  0.0  0.0  0.0  0.0  0.0  0.0  0.0  0.0
  0.0  8.7  0.0  0.0  0.0  0.0  0.0  0.0  0.0  8.7  0.0  0.0  0.0  0.0  0.0
  0.0  0.0  0.0  0.0  8.7  0.0 17.4  0.0  0.0  0.0  0.0  0.0  0.0  0.0  0.0
  0.0  0.0  0.0  0.0  0.0  0.0  0.0  8.7 17.4 17.4 26.1  8.7  0.0  8.7  8.7
  0.0  0.0  0.0  0.0  0.0  0.0 17.4 17.4  0.0 26.1  0.0  0.0  8.7  0.0  0.0
    -28.44     -3.77     10.13     -6.61     19.25  0.0  0.0  0.0  0.0  0.0
                                     t000015_s8_p6_el2ap.txt 22.5  5.3  132
  7.6  0.0  0.0 68.2  0.0  0.0 15.2  0.0  0.0  7.6  0.0  0.0  0.0  0.0  0.0
  0.0  0.0  0.0 22.7  0.0  0.0250.0136.4 75.8  7.6  0.0 15.2  0.0  7.6  0.0
  0.0  7.6 45.5  0.0 30.3 22.7 22.7  7.6  0.0  0.0  0.0 15.2  0.0 30.3  0.0
  0.0  0.0  0.0  7.6  0.0  7.6 30.3 30.3  0.0  7.6113.6  0.0  0.0106.1 22.7
  0.0  0.0  0.0  0.0  0.0  0.0  0.0  0.0  0.0  0.0  0.0  0.0  0.0  0.0  0.0
  0.0  0.0  0.0  0.0  0.0  0.0  0.0  0.0  0.0  0.0  0.0  0.0  0.0  0.0  0.0
  0.0  0.0  7.6  0.0  0.0  0.0  0.0  0.0  0.0  0.0  0.0  0.0  0.0  0.0  0.0
  0.0  0.0  0.0  0.0  7.6  0.0  7.6  0.0  0.0  0.0  0.0  0.0  0.0  0.0  0.0
  0.0  0.0  0.0  0.0  0.0  0.0  0.0  0.0 15.2  0.0 30.3 15.2  7.6  0.0 15.2
  0.0  0.0  0.0  0.0  0.0  7.6  0.0 15.2  7.6 22.7  0.0  0.0  7.6  7.6  0.0
    -16.76     -2.56      1.19      1.26      0.96  0.0  0.0  0.0  0.0  0.0
                                     t000017_s1_p1_el2ap.txt 29.8  5.3  202
 14.9  5.0  0.0 14.9  0.0  0.0  0.0  0.0  5.0  0.0  0.0  0.0  0.0  0.0  0.0
  0.0  0.0  0.0  5.0  0.0  0.0405.9 94.1 94.1 34.7  9.9  0.0  5.0  5.0  0.0
  0.0  5.0 99.0  0.0  5.0  5.0 14.9  0.0  0.0  0.0  0.0  0.0  0.0  5.0  0.0
  0.0  0.0  5.0  0.0  0.0  0.0  9.9  5.0  0.0  5.0104.0 14.9  0.0 69.3  5.0
  0.0  0.0  0.0  0.0  0.0  0.0  0.0  0.0  0.0  0.0  0.0  0.0  0.0  0.0  0.0
  0.0  0.0  0.0  0.0  0.0  9.9  0.0  0.0  0.0  0.0  0.0  0.0  0.0  0.0  0.0
  0.0  0.0  5.0  0.0  0.0  0.0  0.0  0.0  0.0  0.0  0.0  0.0  0.0  0.0  0.0
  9.9  0.0  0.0  9.9  5.0  0.0  5.0  0.0  0.0  0.0  0.0  0.0  0.0  0.0  0.0
  0.0  5.0  0.0  0.0  0.0  0.0  0.0 14.9 24.8 34.7 29.7  0.0  0.0 14.9  0.0
  0.0  5.0  0.0  0.0  5.0  5.0  0.0 29.7  5.0  5.0  5.0  0.0  5.0  5.0  0.0
    -27.70     -3.23     10.86     -6.61     -2.88  0.0  0.0  0.0  0.0  0.0
                                    t000017_s14_p1_el2ap.txt 14.3  5.0   90
  0.0  0.0  0.0 33.3  0.0  0.0  0.0  0.0  0.0  0.0  0.0 11.1  0.0  0.0  0.0
  0.0  0.0  0.0  0.0  0.0  0.0255.6177.8 33.3 33.3 11.1  0.0  0.0  0.0  0.0
  0.0 11.1 44.4  0.0  0.0 11.1 22.2  0.0  0.0  0.0  0.0  0.0  0.0 11.1  0.0
  0.0  0.0  0.0  0.0  0.0  0.0 22.2 11.1  0.0  0.0 66.7 11.1  0.0 88.9  0.0
  0.0  0.0  0.0  0.0  0.0  0.0  0.0  0.0  0.0  0.0  0.0  0.0  0.0  0.0  0.0
  0.0  0.0  0.0  0.0  0.0  0.0  0.0  0.0  0.0  0.0  0.0  0.0  0.0  0.0  0.0
  0.0  0.0  0.0  0.0  0.0  0.0  0.0  0.0  0.0  0.0  0.0  0.0  0.0  0.0  0.0
  0.0  0.0  0.0  0.0  0.0  0.0  0.0  0.0  0.0  0.0  0.0  0.0  0.0  0.0  0.0
  0.0  0.0  0.0  0.0  0.0  0.0  0.0  0.0 11.1  0.0  0.0  0.0 11.1 11.1 11.1
  0.0  0.0  0.0  0.0  0.0 11.1  0.0 11.1  0.0 11.1  0.0  0.0 11.1  0.0  0.0
    -19.66     -4.14      7.54     -6.61     -1.94  0.0  0.0  0.0  0.0  0.0
                                    t000017_s14_p2_el2ap.txt 25.0  4.9  176
  0.0  0.0  0.0 22.7  0.0  0.0  0.0  0.0  0.0  0.0  0.0  0.0  0.0  0.0  0.0
  0.0  0.0  0.0  5.7  0.0  0.0346.6142.0 45.5 34.1  5.7  5.7  0.0  0.0  5.7
  0.0  0.0 73.9  5.7  5.7  5.7 11.4  0.0  0.0  0.0  0.0  0.0  5.7 17.0  5.7
  0.0  0.0  0.0  0.0  0.0  0.0  5.7 22.7  0.0  5.7 62.5  5.7  0.0 73.9  0.0
  5.7  0.0  0.0  0.0  0.0  0.0  0.0  0.0  0.0  0.0  0.0  0.0  0.0  0.0  0.0
  0.0  0.0  0.0  0.0  0.0  0.0  0.0  0.0  0.0  0.0  0.0  0.0  0.0  0.0  0.0
  0.0  0.0  0.0  0.0  0.0  0.0  0.0  0.0  0.0  5.7  5.7  0.0  0.0  0.0  0.0
  0.0  0.0  0.0  0.0  0.0  0.0  5.7  5.7  0.0  0.0  0.0  0.0  0.0  0.0  0.0
  0.0  5.7  0.0  0.0  0.0  0.0  0.0 11.4 34.1  0.0 11.4  5.7 11.4 22.7  0.0
  5.7  0.0  0.0  0.0  0.0  0.0  0.0 22.7  5.7 17.0  0.0  0.0  0.0  0.0  0.0
    -26.88     -3.26      5.33     -6.61      6.88  0.0  0.0  0.0  0.0  0.0
                                    t000017_s14_p3_el2ap.txt  8.3  5.2   53
  0.0  0.0  0.0  0.0  0.0  0.0  0.0  0.0  0.0  0.0  0.0  0.0  0.0  0.0  0.0
  0.0  0.0  0.0  0.0  0.0  0.0339.6207.5 56.6 56.6  0.0  0.0  0.0  0.0  0.0
  0.0  0.0132.1  0.0  0.0 18.9  0.0  0.0  0.0  0.0  0.0  0.0  0.0 18.9  0.0
  0.0  0.0  0.0  0.0  0.0  0.0  0.0 18.9  0.0  0.0 56.6  0.0  0.0 56.6  0.0
  0.0  0.0  0.0  0.0  0.0  0.0  0.0  0.0  0.0  0.0  0.0  0.0  0.0  0.0  0.0
  0.0  0.0  0.0  0.0  0.0  0.0  0.0  0.0  0.0  0.0  0.0  0.0  0.0  0.0  0.0
  0.0  0.0  0.0  0.0  0.0  0.0  0.0  0.0  0.0  0.0  0.0  0.0  0.0  0.0  0.0
  0.0  0.0  0.0  0.0  0.0  0.0  0.0  0.0  0.0  0.0  0.0  0.0  0.0  0.0  0.0
  0.0  0.0  0.0  0.0  0.0  0.0  0.0  0.0 18.9  0.0  0.0  0.0  0.0 18.9  0.0
  0.0  0.0  0.0  0.0  0.0  0.0  0.0 18.9  0.0 18.9  0.0  0.0  0.0  0.0  0.0
    -32.46     -3.87      9.07     -6.61     -0.77  0.0  0.0  0.0  0.0  0.0
                                    t000017_s14_p4_el2ap.txt 20.3  5.0  144
  0.0  0.0  0.0  0.0  0.0  0.0 13.9  0.0  0.0  6.9  0.0  0.0  0.0  0.0  0.0
  0.0  0.0  0.0  6.9  0.0  0.0277.8152.8 55.6 48.6  6.9  0.0  6.9  0.0  0.0
  0.0  0.0 55.6  0.0  0.0 13.9 20.8  0.0  0.0  0.0  0.0  6.9  0.0 27.8  0.0
 13.9  0.0  0.0  6.9  0.0  0.0  6.9 41.7  0.0  0.0 62.5  6.9  0.0 83.3  0.0
  0.0  0.0  0.0  0.0  0.0  0.0  0.0  0.0  0.0  0.0  0.0  0.0  0.0  0.0  0.0
  0.0  0.0  0.0  0.0  0.0  0.0  0.0  0.0  0.0  0.0  0.0  0.0  0.0  0.0  0.0
  0.0  0.0  0.0  0.0  0.0  0.0  0.0  0.0  0.0  0.0  6.9  0.0  0.0  0.0  0.0
  0.0  0.0  0.0  0.0  0.0  0.0  0.0  6.9  0.0  0.0  0.0  0.0  0.0  0.0  0.0
  0.0  0.0  0.0  0.0  0.0  0.0  0.0  6.9 34.7 13.9  6.9  6.9  6.9 13.9  0.0
 13.9  0.0  0.0  0.0  6.9  6.9  0.0 27.8  0.0  0.0  0.0  6.9  0.0  0.0  0.0
    -22.64     -2.53      4.04     -3.83      5.06  0.0  0.0  0.0  0.0  0.0
                                    t000017_s14_p5_el2ap.txt 21.0  5.3  130
  0.0  0.0  7.7 53.8  0.0  0.0  0.0  0.0  0.0  7.7  0.0  0.0  0.0  0.0  0.0
  0.0  0.0  0.0  0.0  0.0  0.0369.2146.2 92.3 23.1  0.0  0.0  0.0  0.0  0.0
  0.0  0.0115.4  0.0  0.0  0.0  7.7  0.0  0.0  0.0  0.0  0.0  0.0  7.7  0.0
  7.7  0.0  0.0  0.0  0.0  0.0  0.0 15.4  0.0  0.0115.4  0.0  0.0 84.6  0.0
  0.0  0.0  0.0  0.0  0.0  0.0  0.0  0.0  0.0  0.0  0.0  0.0  0.0  0.0  0.0
  0.0  0.0  0.0  0.0  0.0  0.0  0.0  0.0  0.0  0.0  0.0  0.0  0.0  0.0  0.0
  0.0  0.0  0.0  0.0  0.0  0.0  0.0  0.0  0.0  0.0  0.0  0.0  0.0  0.0  0.0
  0.0  0.0  0.0  0.0  0.0  0.0  0.0  0.0  0.0  0.0  0.0  0.0  0.0  0.0  0.0
  0.0  0.0  0.0  0.0  0.0  0.0  0.0  7.7 46.2 30.8 38.5 23.1  0.0  0.0  0.0
  0.0  0.0  0.0  0.0  0.0 15.4  0.0  7.7  0.0  7.7 15.4  7.7  7.7  0.0  0.0
    -29.84     -4.97      8.99     -6.61      0.02  0.0  0.0  0.0  0.0  0.0
                                    t000017_s14_p6_el2ap.txt 14.3  4.9  119
  0.0  0.0  0.0 33.6  0.0  0.0  0.0  0.0  0.0  0.0  0.0  0.0  0.0  0.0  0.0
  0.0  0.0  0.0  8.4  0.0 25.2352.9117.6 67.2 33.6  0.0  0.0  0.0  0.0  0.0
  0.0  0.0 67.2  0.0  0.0  0.0  8.4  0.0  0.0  0.0  0.0  0.0  0.0 33.6  0.0
  8.4  0.0  0.0  0.0  0.0  0.0  8.4 42.0  0.0  0.0 67.2  0.0  0.0 92.4  8.4
  0.0  0.0  0.0  0.0  0.0  0.0  0.0  0.0  0.0  0.0  0.0  0.0  0.0  0.0  0.0
  0.0  0.0  0.0  0.0  0.0  0.0  0.0  0.0  0.0  0.0  0.0  0.0  0.0  0.0  0.0
  0.0  0.0  0.0  0.0  0.0  0.0  0.0  0.0  0.0  0.0 16.8  0.0  0.0  0.0  0.0
  0.0  0.0  0.0  0.0  0.0  0.0  0.0 16.8  0.0  0.0  0.0  0.0  0.0  0.0  0.0
  0.0  0.0  0.0  0.0  0.0  0.0  0.0  0.0 16.8 16.8 42.0 67.2  0.0  0.0  0.0
  0.0 33.6  0.0  0.0  8.4  8.4  0.0  8.4  0.0  8.4  0.0  0.0  0.0  0.0  0.0
    -17.04     -4.62      5.64     -6.61      4.18  0.0  0.0  0.0  0.0  0.0
                                    t000017_s14_p7_el2ap.txt 12.8  5.5   64
  0.0  0.0  0.0  0.0  0.0  0.0  0.0  0.0  0.0  0.0  0.0  0.0  0.0  0.0  0.0
  0.0  0.0  0.0 15.6  0.0  0.0375.0 93.8 62.5 46.9  0.0  0.0 15.6  0.0  0.0
  0.0  0.0109.4  0.0  0.0  0.0 46.9  0.0  0.0  0.0  0.0  0.0  0.0 31.3  0.0
 15.6  0.0  0.0  0.0  0.0  0.0 15.6 46.9  0.0  0.0 78.1  0.0  0.0109.4  0.0
  0.0  0.0  0.0  0.0  0.0  0.0  0.0  0.0  0.0  0.0  0.0  0.0  0.0  0.0  0.0
  0.0  0.0  0.0  0.0  0.0  0.0  0.0 15.6  0.0  0.0  0.0  0.0  0.0  0.0  0.0
  0.0  0.0  0.0  0.0  0.0  0.0  0.0  0.0 15.6  0.0  0.0  0.0  0.0  0.0  0.0
  0.0 15.6  0.0 15.6  0.0 15.6 15.6  0.0  0.0  0.0  0.0  0.0  0.0  0.0  0.0
  0.0  0.0  0.0  0.0  0.0  0.0  0.0  0.0 15.6 31.3 46.9  0.0 15.6  0.0  0.0
  0.0  0.0  0.0  0.0  0.0 15.6  0.0 15.6 31.3 31.3  0.0  0.0  0.0  0.0  0.0
    -26.84     -1.29      8.57     -6.61      6.15  0.0  0.0  0.0  0.0  0.0
                                    t000017_s14_p8_el2ap.txt  4.0  5.3   19
  0.0  0.0  0.0 52.6  0.0  0.0  0.0  0.0  0.0 52.6  0.0  0.0  0.0  0.0  0.0
  0.0  0.0  0.0  0.0  0.0  0.0368.4157.9 52.6105.3  0.0  0.0  0.0  0.0  0.0
  0.0  0.0  0.0  0.0  0.0  0.0  0.0  0.0  0.0 52.6  0.0  0.0  0.0 52.6  0.0
  0.0  0.0  0.0  0.0  0.0  0.0 52.6 52.6  0.0  0.0 52.6  0.0  0.0105.3  0.0
  0.0  0.0  0.0  0.0  0.0  0.0  0.0  0.0  0.0  0.0  0.0  0.0  0.0  0.0  0.0
  0.0  0.0  0.0  0.0  0.0  0.0  0.0  0.0  0.0  0.0  0.0  0.0  0.0  0.0  0.0
  0.0  0.0  0.0  0.0  0.0  0.0  0.0  0.0  0.0  0.0  0.0  0.0  0.0  0.0  0.0
  0.0  0.0  0.0  0.0  0.0  0.0  0.0  0.0  0.0  0.0  0.0  0.0  0.0  0.0  0.0
  0.0  0.0  0.0  0.0  0.0  0.0  0.0  0.0  0.0 52.6  0.0105.3  0.0  0.0  0.0
  0.0  0.0  0.0  0.0  0.0  0.0  0.0  0.0  0.0 52.6  0.0  0.0  0.0  0.0  0.0
    -22.43     -2.27      0.97     17.32      4.35  0.0  0.0  0.0  0.0  0.0
                                    t000017_s14_p9_el2ap.txt  7.5  4.8   33
  0.0  0.0  0.0  0.0  0.0  0.0  0.0  0.0  0.0  0.0  0.0  0.0  0.0  0.0  0.0
  0.0  0.0  0.0  0.0  0.0  0.0303.0181.8 60.6 30.3 30.3  0.0  0.0  0.0  0.0
  0.0 30.3 30.3  0.0 30.3  0.0 30.3  0.0  0.0  0.0  0.0  0.0  0.0 30.3  0.0
  0.0  0.0  0.0  0.0  0.0  0.0 30.3 30.3  0.0  0.0 60.6 30.3  0.0 90.9 30.3
  0.0  0.0  0.0  0.0  0.0  0.0  0.0  0.0  0.0  0.0  0.0  0.0  0.0  0.0  0.0
  0.0  0.0  0.0  0.0  0.0  0.0  0.0  0.0  0.0  0.0  0.0  0.0  0.0  0.0  0.0
  0.0  0.0  0.0  0.0  0.0  0.0  0.0  0.0  0.0  0.0 30.3  0.0  0.0  0.0  0.0
  0.0  0.0  0.0  0.0  0.0  0.0  0.0 30.3  0.0  0.0  0.0  0.0  0.0  0.0  0.0
  0.0  0.0  0.0  0.0  0.0  0.0  0.0  0.0  0.0  0.0  0.0  0.0  0.0 30.3  0.0
  0.0 60.6  0.0  0.0  0.0  0.0  0.0 60.6  0.0 30.3  0.0  0.0  0.0  0.0  0.0
    -29.74     -3.38      5.39     -6.61      0.96  0.0  0.0  0.0  0.0  0.0
                                    t000017_s19_p1_el2ap.txt 13.0  4.7   79
 25.3  0.0  0.0  0.0  0.0  0.0  0.0  0.0  0.0  0.0  0.0  0.0  0.0  0.0  0.0
  0.0  0.0  0.0 12.7  0.0  0.0303.8 88.6 75.9 63.3  0.0  0.0 12.7  0.0  0.0
  0.0 12.7 63.3  0.0 12.7  0.0 38.0  0.0  0.0  0.0  0.0  0.0  0.0 12.7  0.0
  0.0  0.0  0.0  0.0 12.7  0.0 25.3 12.7  0.0  0.0139.2  0.0  0.0101.3  0.0
 12.7  0.0  0.0  0.0  0.0  0.0  0.0  0.0  0.0  0.0  0.0  0.0  0.0  0.0  0.0
  0.0  0.0  0.0  0.0  0.0  0.0  0.0  0.0  0.0  0.0  0.0  0.0  0.0  0.0  0.0
  0.0  0.0  0.0  0.0  0.0  0.0  0.0 25.3  0.0  0.0  0.0  0.0  0.0  0.0  0.0
  0.0  0.0  0.0  0.0  0.0 25.3 25.3  0.0  0.0  0.0  0.0  0.0  0.0  0.0  0.0
  0.0  0.0  0.0  0.0  0.0  0.0  0.0  0.0  0.0 12.7 50.6 38.0  0.0  0.0  0.0
  0.0 12.7  0.0  0.0 12.7 12.7  0.0 25.3 12.7 12.7  0.0  0.0  0.0  0.0  0.0
    -21.42     -1.30      6.33     -6.61     -1.71  0.0  0.0  0.0  0.0  0.0
                                    t000017_s19_p2_el2ap.txt 10.3  5.3   52
 19.2  0.0  0.0 76.9  0.0  0.0  0.0  0.0  0.0  0.0  0.0  0.0  0.0  0.0  0.0
  0.0  0.0 19.2  0.0 19.2  0.0403.8115.4  0.0 38.5  0.0  0.0  0.0  0.0  0.0
  0.0  0.0153.8  0.0  0.0  0.0  0.0  0.0  0.0  0.0  0.0  0.0  0.0 57.7  0.0
  0.0  0.0 19.2  0.0  0.0 19.2  0.0 57.7 19.2  0.0  0.0  0.0  0.0115.4  0.0
  0.0  0.0  0.0  0.0  0.0  0.0  0.0  0.0  0.0  0.0  0.0  0.0  0.0  0.0  0.0
  0.0  0.0  0.0  0.0  0.0  0.0 19.2  0.0  0.0  0.0  0.0  0.0  0.0  0.0  0.0
  0.0  0.0  0.0  0.0  0.0  0.0  0.0  0.0  0.0  0.0  0.0  0.0  0.0  0.0  0.0
 19.2  0.0  0.0 19.2  0.0  0.0  0.0  0.0  0.0  0.0  0.0  0.0  0.0  0.0  0.0
  0.0  0.0  0.0  0.0  0.0  0.0  0.0  0.0 19.2 38.5 19.2 19.2 19.2  0.0  0.0
  0.0  0.0  0.0  0.0  0.0  0.0  0.0  0.0  0.0 19.2  0.0  0.0 19.2  0.0  0.0
      0.99     -4.46     11.66     -6.61      5.11  0.0  0.0  0.0  0.0  0.0
                                    t000017_s19_p3_el2ap.txt 10.0  5.2   54
 18.5  0.0  0.0 55.6  0.0  0.0  0.0  0.0  0.0 18.5  0.0  0.0  0.0  0.0  0.0
  0.0  0.0  0.0  0.0  0.0  0.0314.8111.1 55.6 18.5  0.0  0.0 18.5  0.0 18.5
  0.0  0.0129.6  0.0  0.0 18.5  0.0  0.0  0.0  0.0 18.5  0.0 18.5  0.0  0.0
 18.5  0.0 18.5  0.0  0.0 18.5  0.0 18.5  0.0 18.5 92.6  0.0  0.0 92.6  0.0
  0.0  0.0  0.0  0.0  0.0  0.0  0.0  0.0  0.0  0.0  0.0  0.0  0.0  0.0  0.0
  0.0  0.0  0.0  0.0  0.0  0.0  0.0  0.0  0.0  0.0  0.0  0.0  0.0  0.0  0.0
  0.0  0.0  0.0  0.0  0.0  0.0  0.0  0.0  0.0  0.0  0.0  0.0  0.0  0.0  0.0
  0.0  0.0  0.0  0.0  0.0  0.0  0.0  0.0  0.0  0.0  0.0  0.0  0.0  0.0  0.0
  0.0  0.0  0.0  0.0  0.0  0.0  0.0  0.0 55.6 55.6 37.0  0.0  0.0  0.0  0.0
  0.0  0.0  0.0  0.0  0.0 37.0  0.0 74.1 18.5  0.0  0.0  0.0  0.0  0.0  0.0
    -21.99     -1.69     18.18      2.21     13.92  0.0  0.0  0.0  0.0  0.0
                                    t000017_s19_p4_el2ap.txt 17.5  5.3  107
  9.3  0.0  0.0 56.1  0.0  0.0  0.0  0.0  0.0  9.3  0.0  0.0  0.0  0.0  0.0
  0.0  0.0  0.0  0.0  0.0  0.0373.8 93.5 84.1  9.3  0.0  9.3 46.7  0.0 18.7
  0.0  0.0 74.8  0.0  0.0 28.0  9.3  0.0  0.0  0.0  0.0  0.0  9.3 18.7  0.0
  0.0  0.0  9.3  0.0  0.0  0.0  0.0 18.7  0.0 18.7 84.1  0.0  0.0 93.5  9.3
  0.0  0.0  0.0  0.0  0.0  0.0  0.0  0.0  0.0  0.0  0.0  0.0  0.0  0.0  0.0
  0.0  0.0  0.0  0.0  0.0  9.3  9.3  0.0  0.0  0.0  0.0  0.0  0.0  0.0  0.0
  0.0  9.3  0.0  0.0  0.0  0.0  0.0  0.0  0.0  0.0  0.0  0.0  0.0  0.0  0.0
 18.7  0.0  0.0 18.7  9.3  0.0  9.3  0.0  0.0  0.0  0.0  0.0  0.0  0.0  0.0
  0.0 18.7  0.0  0.0  0.0  0.0  0.0  9.3 28.0 37.4  9.3  0.0  9.3  0.0  0.0
  0.0  0.0  0.0  0.0  0.0  9.3  0.0  9.3 37.4 18.7  0.0  0.0 18.7  0.0  0.0
    -26.75      5.03     13.92     -6.61      5.05  0.0  0.0  0.0  0.0  0.0
                                    t000017_s19_p5_el2ap.txt  5.0  5.0   24
 83.3  0.0  0.0 41.7  0.0  0.0  0.0  0.0  0.0  0.0  0.0  0.0  0.0  0.0  0.0
  0.0  0.0  0.0  0.0  0.0 41.7250.0 83.3 83.3 41.7  0.0  0.0  0.0  0.0  0.0
  0.0  0.0 41.7  0.0  0.0  0.0  0.0  0.0  0.0  0.0  0.0  0.0  0.0 41.7  0.0
  0.0 41.7  0.0  0.0  0.0  0.0 41.7 41.7  0.0  0.0 83.3  0.0  0.0125.0  0.0
  0.0  0.0  0.0  0.0  0.0  0.0  0.0  0.0  0.0  0.0  0.0  0.0  0.0  0.0  0.0
  0.0  0.0  0.0  0.0  0.0  0.0  0.0  0.0  0.0  0.0  0.0  0.0  0.0  0.0  0.0
  0.0  0.0  0.0  0.0  0.0  0.0  0.0  0.0  0.0  0.0  0.0  0.0  0.0  0.0  0.0
  0.0  0.0  0.0  0.0  0.0  0.0  0.0  0.0  0.0  0.0  0.0  0.0  0.0  0.0  0.0
  0.0  0.0  0.0  0.0  0.0  0.0  0.0  0.0  0.0  0.0  0.0 83.3  0.0  0.0  0.0
  0.0  0.0  0.0  0.0  0.0 41.7  0.0  0.0  0.0  0.0  0.0  0.0 83.3  0.0  0.0
     -1.19     -4.36      3.87     -6.61      2.69  0.0  0.0  0.0  0.0  0.0
                                    t000017_s19_p6_el2ap.txt  4.3  4.4   19
  0.0  0.0  0.0  0.0  0.0  0.0  0.0  0.0  0.0  0.0  0.0  0.0  0.0  0.0  0.0
  0.0  0.0  0.0  0.0  0.0  0.0368.4263.2  0.0 52.6  0.0  0.0  0.0  0.0  0.0
  0.0  0.0  0.0  0.0 52.6  0.0  0.0  0.0  0.0  0.0  0.0  0.0  0.0 52.6  0.0
  0.0  0.0  0.0  0.0  0.0  0.0  0.0 52.6  0.0  0.0  0.0  0.0  0.0 52.6  0.0
  0.0  0.0  0.0  0.0  0.0  0.0  0.0  0.0  0.0  0.0  0.0  0.0  0.0  0.0  0.0
  0.0  0.0  0.0  0.0  0.0  0.0  0.0  0.0  0.0  0.0  0.0  0.0  0.0  0.0  0.0
  0.0  0.0  0.0  0.0  0.0  0.0  0.0  0.0  0.0  0.0  0.0  0.0  0.0  0.0  0.0
  0.0  0.0  0.0  0.0  0.0  0.0  0.0  0.0  0.0  0.0  0.0  0.0  0.0  0.0  0.0
  0.0  0.0  0.0  0.0  0.0  0.0  0.0  0.0  0.0  0.0  0.0 52.6  0.0 52.6  0.0
  0.0  0.0  0.0  0.0  0.0  0.0  0.0  0.0  0.0 52.6  0.0  0.0  0.0  0.0  0.0
    -30.35     -4.00    -14.51     -6.61      4.35  0.0  0.0  0.0  0.0  0.0
                                     t000017_s4_p1_el2ap.txt 22.3  5.1  154
  0.0  0.0  0.0 26.0  0.0  0.0  0.0  0.0  0.0 13.0  0.0  0.0  0.0  0.0  0.0
  0.0  0.0  0.0  6.5  0.0  0.0331.2129.9 90.9  6.5 19.5  0.0  0.0  0.0  0.0
  0.0 19.5142.9  0.0  0.0 13.0 32.5  0.0  0.0  0.0  0.0  0.0  6.5  0.0  0.0
  0.0  6.5  0.0  6.5  0.0  0.0 32.5  0.0  0.0  0.0103.9 19.5  0.0 64.9  0.0
  0.0  0.0  0.0  0.0  0.0  0.0  0.0  0.0  0.0  0.0  0.0  0.0  0.0  0.0  0.0
  0.0  0.0  0.0  0.0  0.0  0.0  0.0  0.0  0.0  0.0  0.0  0.0  0.0  0.0  0.0
  0.0  0.0  6.5  0.0  0.0  0.0  0.0  0.0  0.0  0.0  6.5  0.0  0.0  0.0  0.0
  0.0  0.0  0.0  0.0  6.5  0.0  6.5  6.5  0.0  0.0  0.0  0.0  0.0  0.0  0.0
  0.0  0.0  0.0  0.0  0.0  0.0  0.0 19.5 26.0 13.0 58.4  6.5  0.0  6.5  0.0
 13.0  6.5  0.0  0.0  6.5 13.0  0.0 13.0  0.0  6.5  6.5  0.0  0.0  6.5  0.0
    -26.76     -4.65     17.37     -6.61      0.43  0.0  0.0  0.0  0.0  0.0
                                     t000017_s5_p1_el2ap.txt 22.5  5.1  187
  0.0  0.0  0.0 10.7  0.0  0.0  0.0  0.0  0.0 10.7  0.0  0.0  0.0  0.0  0.0
  0.0  0.0  0.0 16.0  0.0  0.0278.1123.0117.6 42.8  0.0  0.0  5.3  0.0  0.0
  0.0  5.3107.0  0.0  0.0 16.0 16.0  0.0  0.0  0.0  0.0  0.0 10.7 32.1  5.3
  5.3  5.3  0.0  0.0  0.0  0.0 26.7 42.8  0.0  0.0149.7  0.0 10.7 80.2  0.0
  5.3  0.0  0.0  0.0  0.0  0.0  0.0  0.0  0.0  0.0  0.0  0.0  0.0  0.0  0.0
  0.0  0.0  0.0  0.0  0.0  0.0  0.0  0.0  0.0  0.0  0.0  0.0  0.0  0.0  0.0
  0.0  5.3  0.0  0.0  0.0  0.0  0.0  0.0  0.0  0.0  0.0  0.0  0.0  0.0  0.0
  0.0  0.0  0.0  0.0  5.3  0.0  5.3  0.0  0.0  0.0  0.0  0.0  0.0  0.0  0.0
  0.0  0.0  0.0  0.0  0.0  0.0  0.0  0.0 26.7  0.0 64.2  5.3  0.0  0.0  0.0
  0.0 10.7  0.0  0.0 26.7  0.0  0.0 10.7  5.3 10.7  0.0  0.0  5.3  0.0  0.0
    -25.17     -3.33      9.47     -6.61     13.76  0.0  0.0  0.0  0.0  0.0
                                    t000017_s5_p10_el2ap.txt 14.3  5.0   68
  0.0  0.0  0.0 14.7  0.0  0.0  0.0  0.0  0.0  0.0  0.0  0.0  0.0  0.0  0.0
  0.0  0.0  0.0  0.0  0.0  0.0308.8 73.5102.9 29.4  0.0 14.7  0.0  0.0  0.0
  0.0 14.7 29.4  0.0  0.0 14.7  0.0  0.0  0.0  0.0  0.0  0.0  0.0 14.7  0.0
  0.0  0.0  0.0  0.0  0.0  0.0 14.7 14.7  0.0  0.0117.6  0.0  0.0 73.5 29.4
 14.7  0.0  0.0  0.0  0.0  0.0  0.0  0.0  0.0  0.0  0.0  0.0  0.0  0.0  0.0
  0.0  0.0  0.0  0.0  0.0  0.0  0.0  0.0  0.0  0.0  0.0  0.0  0.0  0.0  0.0
  0.0  0.0  0.0  0.0  0.0  0.0  0.0  0.0  0.0  0.0  0.0  0.0  0.0  0.0  0.0
  0.0  0.0  0.0  0.0  0.0  0.0  0.0  0.0  0.0  0.0  0.0  0.0  0.0  0.0  0.0
  0.0  0.0  0.0  0.0  0.0  0.0  0.0  0.0 14.7 29.4 44.1  0.0  0.0  0.0  0.0
  0.0  0.0  0.0  0.0  0.0 14.7  0.0 14.7  0.0  0.0  0.0  0.0  0.0  0.0  0.0
    -27.76     -1.93      7.63     -6.61     -1.40  0.0  0.0  0.0  0.0  0.0
                                    t000017_s5_p11_el2ap.txt 13.0  5.0   82
 24.4  0.0  0.0 48.8  0.0  0.0  0.0  0.0  0.0 24.4  0.0  0.0  0.0  0.0  0.0
  0.0  0.0  0.0  0.0  0.0 36.6231.7122.0122.0 36.6  0.0  0.0  0.0  0.0  0.0
  0.0  0.0  0.0  0.0  0.0 36.6  0.0  0.0  0.0  0.0  0.0  0.0 12.2 48.8  0.0
  0.0  0.0 12.2  0.0  0.0  0.0  0.0 48.8  0.0  0.0122.0  0.0  0.0 85.4  0.0
  0.0  0.0  0.0  0.0  0.0  0.0  0.0  0.0  0.0  0.0  0.0  0.0  0.0  0.0  0.0
  0.0  0.0  0.0 12.2  0.0  0.0  0.0  0.0  0.0  0.0  0.0  0.0  0.0  0.0  0.0
  0.0  0.0  0.0  0.0  0.0  0.0  0.0  0.0  0.0  0.0  0.0  0.0  0.0  0.0  0.0
 12.2  0.0  0.0 12.2  0.0  0.0  0.0  0.0  0.0  0.0  0.0  0.0  0.0  0.0  0.0
  0.0 12.2  0.0  0.0  0.0  0.0  0.0  0.0 61.0 12.2 12.2 24.4  0.0  0.0  0.0
  0.0  0.0  0.0  0.0  0.0  0.0  0.0 36.6 12.2  0.0  0.0  0.0  0.0  0.0  0.0
     -8.30     -4.52     -1.11     -6.61     11.39  0.0  0.0  0.0  0.0  0.0
                                    t000017_s5_p12_el2ap.txt 18.8  5.1  111
  0.0  0.0  0.0 45.0  0.0  0.0  0.0  0.0  0.0 18.0  0.0  0.0  0.0  0.0  0.0
  0.0  0.0 18.0  0.0  0.0  0.0288.3180.2 99.1 18.0  9.0  0.0  0.0  0.0  0.0
  0.0  0.0 81.1  0.0 18.0  9.0 18.0  0.0  0.0  0.0  9.0  0.0  9.0 27.0  0.0
  9.0  9.0  0.0  0.0  0.0 27.0  9.0 36.0  0.0  0.0108.1  9.0  0.0 90.1  0.0
  0.0  0.0  0.0  0.0  0.0  0.0  0.0  0.0  0.0  0.0  0.0  0.0  0.0  0.0  0.0
  0.0  0.0  0.0  0.0  0.0  0.0  0.0  0.0  0.0  0.0  0.0  0.0  0.0  0.0  0.0
  0.0  0.0  0.0  0.0  0.0  0.0  0.0  0.0  0.0  0.0  0.0  0.0  0.0  0.0  0.0
  0.0  0.0  0.0  0.0  0.0  0.0  0.0  0.0  0.0  0.0  0.0  0.0  0.0  0.0  0.0
  0.0  0.0  0.0  0.0  0.0  0.0  0.0  9.0 54.1  9.0 54.1  0.0 18.0  0.0  9.0
  0.0  0.0  0.0  0.0 18.0  9.0  9.0 54.1  0.0  9.0  0.0  0.0  0.0  0.0  0.0
    -22.84     -4.73      0.79     -2.32      9.01  0.0  0.0  0.0  0.0  0.0
                                    t000017_s5_p13_el2ap.txt 11.3  5.0   60
 16.7  0.0  0.0 33.3  0.0  0.0  0.0  0.0  0.0  0.0  0.0  0.0  0.0  0.0  0.0
  0.0  0.0  0.0 16.7  0.0  0.0250.0133.3116.7 33.3  0.0  0.0  0.0  0.0  0.0
  0.0 16.7 33.3  0.0 16.7 16.7 16.7  0.0  0.0  0.0  0.0  0.0 16.7 16.7  0.0
  0.0  0.0 16.7  0.0  0.0  0.0 33.3 16.7  0.0  0.0116.7  0.0  0.0 83.3 16.7
 16.7  0.0  0.0  0.0  0.0  0.0  0.0  0.0  0.0  0.0  0.0  0.0  0.0  0.0  0.0
  0.0  0.0  0.0 16.7  0.0  0.0  0.0  0.0  0.0  0.0  0.0  0.0  0.0  0.0  0.0
  0.0  0.0  0.0  0.0  0.0  0.0  0.0  0.0  0.0  0.0  0.0  0.0  0.0  0.0  0.0
 16.7  0.0  0.0 16.7  0.0  0.0  0.0  0.0  0.0  0.0  0.0  0.0  0.0  0.0  0.0
  0.0  0.0  0.0  0.0  0.0  0.0  0.0  0.0 66.7  0.0  0.0  0.0  0.0  0.0 16.7
  0.0  0.0  0.0  0.0  0.0  0.0  0.0 33.3 16.7  0.0  0.0 16.7  0.0  0.0  0.0
    -23.57     -4.63      3.61     -6.61      9.32 16.7  0.0  0.0  0.0 16.7
                                     t000017_s5_p2_el2ap.txt 13.5  5.3   67
  0.0  0.0  0.0 29.9  0.0  0.0 14.9  0.0  0.0  0.0  0.0  0.0  0.0  0.0  0.0
 14.9  0.0  0.0  0.0  0.0  0.0298.5134.3 74.6 44.8 29.9  0.0  0.0  0.0 14.9
  0.0 14.9134.3  0.0  0.0 14.9  0.0  0.0  0.0  0.0  0.0  0.0  0.0 14.9 14.9
  0.0  0.0  0.0  0.0  0.0  0.0 14.9 29.9  0.0 14.9134.3 29.9  0.0104.5  0.0
 14.9  0.0  0.0  0.0  0.0  0.0  0.0  0.0  0.0  0.0  0.0  0.0  0.0  0.0  0.0
  0.0  0.0  0.0  0.0  0.0  0.0  0.0  0.0  0.0  0.0  0.0  0.0  0.0  0.0  0.0
  0.0  0.0  0.0  0.0  0.0  0.0  0.0  0.0  0.0  0.0  0.0  0.0  0.0  0.0  0.0
  0.0  0.0  0.0  0.0  0.0  0.0  0.0  0.0  0.0  0.0  0.0  0.0  0.0  0.0  0.0
  0.0  0.0  0.0  0.0  0.0  0.0  0.0 14.9 44.8  0.0 29.9  0.0  0.0 14.9  0.0
  0.0  0.0  0.0  0.0  0.0  0.0  0.0 14.9 14.9 14.9  0.0  0.0 29.9  0.0  0.0
    -19.96     -2.93     22.44     -6.61     10.12 14.9  0.0  0.0  0.0  0.0
                                     t000017_s5_p3_el2ap.txt 15.3  6.0   94
  0.0  0.0  0.0 21.3  0.0  0.0  0.0  0.0  0.0  0.0  0.0  0.0  0.0  0.0  0.0
  0.0  0.0  0.0 21.3  0.0  0.0436.2 85.1117.0 10.6  0.0  0.0 10.6  0.0 10.6
  0.0  0.0 53.2  0.0  0.0 10.6  0.0  0.0  0.0  0.0  0.0  0.0  0.0 10.6  0.0
 21.3 10.6  0.0  0.0 10.6  0.0 31.9 31.9  0.0 10.6138.3  0.0  0.0 63.8  0.0
  0.0  0.0  0.0  0.0  0.0  0.0  0.0  0.0  0.0  0.0  0.0  0.0  0.0  0.0  0.0
  0.0  0.0  0.0  0.0  0.0  0.0  0.0  0.0  0.0  0.0  0.0  0.0  0.0  0.0  0.0
  0.0  0.0  0.0  0.0  0.0  0.0  0.0  0.0  0.0  0.0  0.0  0.0  0.0  0.0  0.0
  0.0  0.0  0.0  0.0  0.0  0.0  0.0  0.0  0.0  0.0  0.0  0.0  0.0  0.0  0.0
  0.0  0.0  0.0  0.0  0.0  0.0  0.0 21.3  0.0 21.3 85.1  0.0  0.0  0.0  0.0
  0.0  0.0  0.0  0.0  0.0  0.0  0.0  0.0  0.0 10.6  0.0  0.0 10.6  0.0  0.0
    -30.57     -3.41      9.38     -6.61      4.85  0.0  0.0  0.0  0.0  0.0
                                     t000017_s5_p4_el2ap.txt 16.5  5.8   96
  0.0  0.0  0.0 62.5  0.0  0.0  0.0  0.0  0.0  0.0 10.4  0.0  0.0  0.0  0.0
  0.0  0.0 10.4  0.0  0.0  0.0343.8 62.5114.6  0.0  0.0  0.0  0.0 10.4  0.0
 10.4  0.0104.2  0.0  0.0 20.8  0.0 10.4  0.0  0.0  0.0  0.0 10.4 20.8  0.0
  0.0  0.0  0.0  0.0  0.0 20.8  0.0 20.8  0.0 20.8135.4  0.0 10.4 93.8 10.4
 20.8  0.0  0.0  0.0  0.0  0.0  0.0  0.0  0.0  0.0  0.0  0.0  0.0  0.0  0.0
  0.0  0.0  0.0  0.0  0.0  0.0  0.0  0.0  0.0  0.0  0.0  0.0  0.0  0.0  0.0
  0.0  0.0  0.0  0.0  0.0  0.0  0.0  0.0  0.0  0.0  0.0  0.0  0.0  0.0  0.0
  0.0  0.0  0.0  0.0  0.0  0.0  0.0  0.0  0.0  0.0  0.0  0.0  0.0  0.0  0.0
  0.0  0.0  0.0  0.0  0.0  0.0  0.0  0.0 20.8 41.7 10.4  0.0 10.4  0.0  0.0
  0.0  0.0  0.0  0.0  0.0 20.8  0.0 10.4  0.0 31.3 10.4  0.0 20.8  0.0  0.0
    -25.49     -5.73     22.62     -4.13      6.04  0.0  0.0  0.0  0.0  0.0
                                     t000017_s5_p5_el2ap.txt 17.5  5.5   97
 10.3  0.0  0.0 61.9  0.0  0.0  0.0  0.0  0.0 10.3  0.0  0.0  0.0  0.0  0.0
  0.0  0.0 10.3  0.0 10.3  0.0268.0113.4 72.2  0.0 10.3  0.0  0.0  0.0  0.0
  0.0  0.0103.1  0.0  0.0 41.2 20.6  0.0  0.0  0.0 20.6 10.3 20.6 20.6  0.0
  0.0  0.0  0.0  0.0  0.0 30.9  0.0 20.6 10.3  0.0134.0 10.3  0.0 92.8 10.3
 10.3  0.0  0.0  0.0  0.0  0.0  0.0  0.0  0.0  0.0  0.0  0.0  0.0  0.0  0.0
  0.0  0.0  0.0  0.0  0.0  0.0  0.0  0.0  0.0  0.0  0.0  0.0  0.0  0.0  0.0
  0.0  0.0 10.3  0.0  0.0  0.0  0.0  0.0  0.0  0.0  0.0  0.0  0.0  0.0  0.0
  0.0  0.0  0.0  0.0 10.3  0.0 10.3  0.0  0.0  0.0  0.0  0.0  0.0  0.0  0.0
  0.0  0.0  0.0  0.0  0.0  0.0  0.0 30.9 10.3 20.6 20.6 10.3  0.0  0.0  0.0
  0.0  0.0  0.0  0.0  0.0  0.0  0.0 20.6 10.3 10.3 10.3  0.0  0.0 10.3  0.0
    -10.81     -5.27      5.79      7.34     12.38  0.0  0.0  0.0  0.0  0.0
                                     t000017_s5_p6_el2ap.txt 26.3  5.2  184
 16.3  0.0  5.4 97.8  0.0  0.0  0.0  0.0  0.0 10.9  0.0  0.0  0.0  0.0  0.0
  0.0 10.9  5.4  5.4  0.0  0.0326.1 92.4 59.8  5.4  5.4  0.0  5.4  0.0  0.0
  0.0  5.4 92.4  0.0  0.0 38.0 16.3  0.0  0.0  0.0  5.4  0.0 21.7  0.0  0.0
  0.0  0.0  0.0  0.0  5.4 10.9 10.9  0.0 10.9  0.0119.6  5.4  5.4108.7  5.4
  5.4  0.0  0.0  0.0  0.0  0.0  0.0  0.0  0.0  0.0  0.0  0.0  0.0  0.0  0.0
  0.0  0.0  0.0  0.0  0.0  0.0  0.0  0.0  0.0  0.0  0.0  0.0  0.0  0.0  0.0
  0.0  0.0  0.0  0.0  0.0  0.0  0.0  0.0  5.4  0.0  0.0  0.0  0.0  0.0  0.0
  0.0  0.0  0.0  0.0  0.0  5.4  5.4  0.0  0.0  0.0  0.0  0.0  0.0  0.0  0.0
  0.0  0.0  0.0  0.0  0.0  0.0  0.0 21.7 38.0 16.3 43.5  5.4 16.3  0.0  0.0
  0.0  5.4  0.0  0.0  0.0  0.0  5.4  0.0  5.4 27.2  5.4  5.4  0.0  0.0  0.0
     -0.74     -4.30      7.24     -4.02      9.96  0.0  0.0  0.0  0.0  0.0
                                     t000017_s5_p7_el2ap.txt 18.5  5.1  112
 17.9  0.0  0.0 35.7  0.0  0.0  0.0  0.0  0.0  0.0  0.0  0.0  0.0  0.0  0.0
  0.0  0.0  0.0 17.9  0.0  0.0294.6 98.2 80.4  0.0 17.9  8.9  0.0  0.0  0.0
  0.0  0.0 80.4  0.0  0.0 26.8 53.6  0.0  0.0  0.0  0.0  0.0  8.9  8.9  0.0
  0.0  0.0  8.9  0.0  8.9  0.0 17.9  8.9  0.0  0.0125.0 17.9  0.0 98.2  8.9
  8.9  0.0  0.0  0.0  0.0  0.0  0.0  0.0  0.0  0.0  0.0  0.0  0.0  0.0  0.0
  0.0  0.0  0.0  0.0  8.9  8.9  0.0  0.0  0.0  0.0  0.0  0.0  0.0  0.0  0.0
  0.0  0.0  8.9  0.0  0.0  0.0  0.0  0.0  0.0  0.0  0.0  0.0  0.0  0.0  0.0
 17.9  0.0  0.0 17.9  8.9  0.0  8.9  0.0  0.0  0.0  0.0  0.0  0.0  0.0  0.0
  0.0  0.0  0.0  0.0  0.0  0.0  0.0  8.9 26.8  0.0  8.9 53.6  0.0  0.0  0.0
  0.0  0.0  0.0  0.0  0.0  0.0  0.0 35.7  0.0  0.0  8.9  0.0  0.0  0.0  0.0
    -21.36     -3.22      5.03     -6.61      3.31  0.0  0.0  0.0  0.0  0.0
                                     t000017_s5_p8_el2ap.txt 17.3  5.3   94
  0.0  0.0  0.0 31.9  0.0  0.0  0.0  0.0  0.0  0.0  0.0  0.0  0.0  0.0  0.0
  0.0  0.0  0.0 21.3  0.0  0.0319.1 95.7 85.1  0.0  0.0  0.0 10.6  0.0  0.0
  0.0 10.6117.0 10.6 10.6  0.0 10.6  0.0  0.0  0.0 31.9  0.0  0.0  0.0  0.0
  0.0  0.0  0.0  0.0  0.0 31.9 31.9  0.0  0.0  0.0159.6  0.0  0.0 53.2 10.6
  0.0  0.0  0.0  0.0  0.0  0.0  0.0  0.0  0.0  0.0  0.0  0.0  0.0  0.0  0.0
  0.0  0.0  0.0  0.0  0.0  0.0  0.0  0.0  0.0  0.0  0.0  0.0  0.0  0.0  0.0
  0.0  0.0  0.0  0.0  0.0  0.0  0.0  0.0  0.0  0.0  0.0  0.0  0.0  0.0  0.0
  0.0  0.0  0.0  0.0  0.0  0.0  0.0  0.0  0.0  0.0  0.0  0.0  0.0  0.0  0.0
  0.0  0.0  0.0  0.0  0.0  0.0  0.0 21.3 42.6  0.0 10.6  0.0  0.0 10.6  0.0
  0.0  0.0  0.0  0.0  0.0  0.0  0.0  0.0  0.0 21.3  0.0  0.0  0.0  0.0  0.0
    -23.86     -3.76      6.87      8.59     -3.63  0.0  0.0  0.0  0.0  0.0
                                     t000017_s5_p9_el2ap.txt 12.3  5.1   82
  0.0  0.0 12.2 48.8  0.0  0.0  0.0  0.0  0.0  0.0  0.0  0.0  0.0  0.0  0.0
  0.0  0.0  0.0  0.0  0.0  0.0402.4134.1 61.0 36.6  0.0  0.0  0.0  0.0  0.0
  0.0 12.2109.8  0.0  0.0  0.0  0.0  0.0  0.0  0.0  0.0  0.0  0.0  0.0  0.0
  0.0  0.0  0.0  0.0  0.0  0.0 12.2  0.0  0.0  0.0 73.2  0.0  0.0 85.4  0.0
  0.0  0.0  0.0  0.0  0.0  0.0  0.0  0.0  0.0  0.0  0.0  0.0  0.0  0.0  0.0
  0.0  0.0  0.0  0.0  0.0  0.0  0.0  0.0  0.0  0.0  0.0  0.0  0.0  0.0  0.0
  0.0  0.0  0.0  0.0  0.0  0.0  0.0  0.0  0.0  0.0  0.0  0.0  0.0  0.0  0.0
  0.0  0.0  0.0  0.0  0.0  0.0  0.0  0.0  0.0  0.0  0.0  0.0  0.0  0.0  0.0
  0.0  0.0  0.0  0.0  0.0  0.0  0.0 24.4 36.6 48.8 61.0 24.4  0.0  0.0  0.0
  0.0  0.0  0.0  0.0  0.0  0.0  0.0 24.4  0.0 12.2  0.0  0.0 12.2  0.0  0.0
    -29.28     -4.52     13.11     -6.61     -3.63  0.0  0.0  0.0  0.0  0.0
                                     t000017_s8_p1_el2ap.txt 31.5  5.5  186
  5.4  0.0  0.0 53.8  0.0  0.0  0.0  0.0  0.0  5.4  0.0  0.0  0.0  0.0  0.0
  0.0  0.0  0.0  5.4  0.0  0.0317.2123.7107.5  5.4  5.4  5.4  0.0  0.0  0.0
  0.0 10.8123.7  0.0  5.4 32.3 26.9  0.0  0.0  0.0  0.0  0.0  5.4  0.0  0.0
  0.0  5.4  0.0  0.0  5.4  0.0 21.5  0.0  0.0  0.0134.4  5.4  0.0 80.6  0.0
  0.0  0.0  0.0  0.0  0.0  0.0  0.0  0.0  0.0  0.0  0.0  0.0  0.0  0.0  0.0
  0.0  0.0  0.0  5.4  0.0  0.0  0.0  5.4  0.0  0.0  0.0  0.0  0.0  0.0  0.0
  0.0  0.0 10.8  0.0  0.0 10.8  0.0  0.0  5.4  5.4  0.0  0.0  0.0  0.0  0.0
  5.4  5.4  0.0 10.8 10.8 16.1 32.3  0.0  0.0  0.0  0.0  0.0  0.0  0.0  0.0
  0.0  0.0  0.0  0.0  0.0  0.0  0.0  0.0 37.6  5.4 16.1 10.8  0.0  5.4  0.0
 10.8  0.0  0.0  0.0  0.0 10.8  5.4  5.4  0.0 16.1  0.0  0.0  0.0  0.0  0.0
    -28.06     -4.28     10.13     -6.61     -0.27  0.0  5.4  0.0  0.0  0.0
                                     t000017_s8_p2_el2ap.txt 20.5  5.5  119
  0.0  0.0  0.0 58.8  0.0  0.0  0.0  0.0  0.0  8.4  0.0  0.0  0.0  0.0  0.0
  0.0  0.0  8.4  8.4  0.0  0.0352.9 92.4100.8  0.0  0.0  8.4  0.0  0.0  0.0
  0.0  8.4 75.6  0.0  0.0 25.2  0.0  0.0  0.0  0.0  0.0  0.0  8.4 16.8  0.0
  0.0  0.0  0.0  0.0  0.0  8.4 16.8 16.8  0.0  0.0100.8  0.0  0.0 58.8  0.0
 16.8  0.0  0.0  0.0  0.0  0.0  0.0  0.0  0.0  0.0  0.0  0.0  0.0  0.0  0.0
  0.0  0.0  0.0  0.0  0.0  0.0  0.0  0.0  0.0  0.0  0.0  0.0  0.0  0.0  0.0
  0.0  0.0  0.0  0.0  0.0  0.0  0.0  0.0  0.0  0.0  0.0  0.0  0.0  0.0  0.0
  0.0  0.0  0.0  0.0  0.0  0.0  0.0  0.0  0.0  0.0  0.0  0.0  0.0  0.0  0.0
  0.0  0.0  0.0  0.0  0.0  0.0  0.0 16.8 25.2 33.6 42.0  0.0  0.0  0.0  0.0
  0.0  0.0  0.0  0.0  0.0  0.0  8.4  8.4  0.0  0.0  0.0 16.8  0.0  0.0  0.0
    -24.31     -4.11      7.91     -6.61      4.17  0.0  0.0  0.0  0.0  0.0
                                     t000017_s8_p3_el2ap.txt 14.8  6.0   95
 10.5  0.0  0.0 52.6  0.0  0.0  0.0  0.0 10.5  0.0  0.0  0.0  0.0  0.0  0.0
  0.0  0.0  0.0  0.0  0.0  0.0326.3168.4 94.7  0.0  0.0  0.0  0.0 10.5 10.5
 10.5 10.5 73.7  0.0  0.0 10.5 21.1  0.0  0.0  0.0  0.0  0.0  0.0 10.5 10.5
  0.0  0.0  0.0  0.0  0.0  0.0 10.5 21.1  0.0 31.6 94.7 10.5  0.0 73.7  0.0
  0.0  0.0  0.0  0.0  0.0  0.0  0.0  0.0  0.0  0.0  0.0  0.0  0.0  0.0  0.0
  0.0  0.0  0.0  0.0  0.0  0.0  0.0  0.0  0.0  0.0  0.0  0.0  0.0  0.0  0.0
  0.0  0.0 10.5  0.0  0.0  0.0  0.0  0.0  0.0  0.0 10.5  0.0  0.0  0.0  0.0
  0.0  0.0  0.0  0.0 10.5  0.0 10.5 10.5  0.0  0.0  0.0  0.0  0.0  0.0  0.0
  0.0  0.0  0.0  0.0  0.0  0.0  0.0 10.5 42.1  0.0 10.5 21.1  0.0  0.0  0.0
  0.0  0.0  0.0  0.0 10.5  0.0  0.0 21.1 10.5 10.5 10.5 10.5  0.0  0.0  0.0
    -31.71     -5.73     30.42     -6.61      6.07 10.5  0.0 10.5  0.0  0.0
                                     t000017_s8_p4_el2ap.txt 20.8  5.3  112
  0.0  0.0  0.0 71.4  0.0  0.0  0.0  8.9  0.0  8.9  0.0  0.0  0.0  0.0  0.0
  0.0  0.0  0.0  8.9  0.0  0.0321.4125.0 62.5  8.9  0.0 17.9  0.0  0.0  0.0
  0.0  0.0 80.4  0.0  0.0 17.9  8.9  0.0  0.0  0.0  0.0  8.9  0.0  0.0  0.0
  0.0  0.0  0.0  0.0  0.0  0.0  8.9  0.0  0.0  0.0 62.5  0.0  0.0 89.3 17.9
  0.0  0.0  0.0  0.0  0.0  0.0  0.0  0.0  0.0  0.0  0.0  0.0  0.0  0.0  0.0
  0.0  0.0  0.0  0.0  0.0  0.0  0.0  0.0  0.0  0.0  0.0  0.0  0.0  0.0  0.0
  0.0  0.0  0.0  0.0  0.0  0.0  0.0  0.0  0.0  0.0  0.0  0.0  0.0  0.0  0.0
  0.0  0.0  0.0  0.0  0.0  0.0  0.0  0.0  0.0  0.0  0.0  0.0  0.0  0.0  0.0
  0.0  0.0  0.0  0.0  0.0  0.0  0.0  8.9 26.8 17.9 53.6  8.9  0.0  0.0  0.0
  0.0  0.0  0.0  0.0  0.0  8.9  0.0 44.6  8.9 35.7  0.0  8.9  0.0  0.0  0.0
    -21.84     -2.00      5.54     -3.03     -3.63  0.0  0.0 17.9  0.0  0.0
                                     t000017_s8_p5_el2ap.txt 25.5  5.1  146
  6.8  0.0  0.0 47.9  0.0  0.0  0.0  0.0  0.0 13.7  0.0  0.0  0.0  0.0  0.0
  0.0  0.0  0.0 13.7  0.0  0.0376.7 82.2 41.1 20.5  6.8  6.8  0.0  0.0  0.0
  0.0  0.0 61.6  0.0  0.0  6.8 13.7  0.0  0.0  0.0  0.0  0.0  0.0 13.7  0.0
  0.0  0.0  0.0  0.0  0.0  0.0 13.7 13.7  0.0  0.0 68.5  6.8  6.8 82.2  0.0
  0.0  0.0  0.0  0.0  0.0  0.0  0.0  0.0  0.0  0.0  0.0  0.0  0.0  0.0  0.0
  0.0  0.0  0.0  0.0  0.0  0.0  0.0  0.0  0.0  0.0  0.0  0.0  0.0  0.0  0.0
  0.0  0.0  0.0  0.0  0.0  0.0  0.0  0.0  0.0  0.0  0.0  0.0  0.0  0.0  0.0
  0.0  0.0  0.0  0.0  0.0  0.0  0.0  0.0  0.0  0.0  0.0  0.0  0.0  0.0  0.0
  0.0  0.0  0.0  0.0  0.0  0.0  0.0  0.0 20.5  0.0  6.8  6.8  0.0  6.8  0.0
  0.0  0.0  0.0  0.0  0.0  0.0  0.0 20.5  0.0 13.7  0.0 13.7  0.0  0.0  0.0
    -20.61     -3.43      4.87     -6.61     -1.55  0.0  0.0  0.0  0.0  0.0
                                     t000017_s8_p6_el2ap.txt 19.8  5.1  107
  0.0  0.0  0.0 56.1  0.0  0.0  0.0  0.0  0.0  0.0  0.0  0.0  0.0  0.0  0.0
  0.0  0.0  0.0  0.0  0.0  0.0364.5102.8 37.4  0.0  0.0  9.3  0.0  0.0  9.3
  0.0  0.0 93.5  0.0  0.0  9.3  9.3  0.0  9.3  0.0  0.0  0.0  9.3  0.0  0.0
  0.0  0.0  0.0  0.0  9.3  0.0  0.0  0.0  0.0  9.3 56.1  0.0  0.0 65.4  0.0
  0.0  0.0  0.0  0.0  0.0  0.0  0.0  0.0  0.0  0.0  0.0  0.0  0.0  0.0  0.0
  0.0  0.0  0.0  0.0  0.0  0.0  0.0  0.0  0.0  0.0  0.0  0.0  0.0  0.0  0.0
  0.0  0.0  0.0  0.0  0.0  9.3  0.0  0.0  0.0  0.0  0.0  0.0  0.0  0.0  0.0
  0.0  0.0  0.0  0.0  0.0  9.3  9.3  0.0  0.0  0.0  0.0  0.0  0.0  0.0  0.0
  0.0  0.0  0.0  0.0  0.0  0.0  0.0  9.3 37.4  9.3  9.3  0.0  0.0  9.3  0.0
  0.0  0.0  0.0  0.0  0.0  0.0  0.0  0.0  0.0  9.3 18.7  9.3  0.0  9.3  0.0
    -26.05     -3.93     11.61     -3.59      2.21  0.0  0.0  0.0  0.0  0.0
                                     t000017_s8_p7_el2ap.txt 20.3  5.2  151
  0.0  0.0  0.0  0.0  0.0  0.0  0.0  0.0  0.0  6.6  0.0  0.0  0.0  0.0  0.0
  0.0  0.0  0.0 13.2  0.0  0.0304.6178.8 33.1 46.4  6.6  0.0  0.0  0.0  0.0
  0.0  0.0112.6  0.0  0.0 26.5 19.9  0.0  0.0  0.0  0.0  0.0  6.6 13.2  0.0
  0.0  0.0  0.0  0.0  0.0  0.0 13.2 13.2  0.0  0.0 86.1  6.6  0.0 66.2  0.0
  0.0  0.0  0.0  0.0  0.0  0.0  0.0  0.0  0.0  0.0  0.0  0.0  0.0  0.0  0.0
  0.0  0.0  0.0  0.0  0.0  0.0  0.0  0.0  0.0  0.0  0.0  0.0  0.0  0.0  0.0
  0.0  0.0  0.0  0.0  0.0  0.0  0.0  0.0  0.0  0.0 13.2  0.0  0.0  0.0  0.0
  0.0  0.0  0.0  0.0  0.0  0.0  0.0 13.2  0.0  0.0  0.0  0.0  0.0  0.0  0.0
  0.0  0.0  0.0  0.0  0.0  0.0  0.0  6.6 33.1 13.2 39.7  0.0  0.0  0.0  0.0
 19.9  0.0  0.0  0.0  0.0  0.0  0.0 13.2  0.0  0.0  0.0  0.0  0.0  0.0  0.0
    -25.35     -3.91      7.29     -6.61      2.52  0.0  0.0  0.0  0.0  0.0
                                     t000017_s8_p8_el2ap.txt 16.0  4.8   91
  0.0  0.0  0.0 65.9  0.0  0.0  0.0 11.0  0.0  0.0  0.0  0.0  0.0  0.0  0.0
  0.0  0.0  0.0 11.0  0.0  0.0307.7175.8 76.9  0.0 11.0  0.0  0.0  0.0  0.0
  0.0 22.0 44.0  0.0  0.0 11.0  0.0  0.0  0.0  0.0  0.0  0.0 11.0  0.0  0.0
  0.0  0.0  0.0  0.0 11.0  0.0 33.0  0.0  0.0  0.0120.9 11.0  0.0 65.9  0.0
  0.0  0.0  0.0  0.0  0.0  0.0  0.0  0.0  0.0  0.0  0.0  0.0  0.0  0.0  0.0
  0.0  0.0  0.0  0.0  0.0  0.0  0.0  0.0  0.0  0.0  0.0  0.0  0.0  0.0  0.0
  0.0  0.0  0.0  0.0  0.0  0.0  0.0  0.0  0.0  0.0  0.0  0.0  0.0  0.0  0.0
  0.0  0.0  0.0  0.0  0.0  0.0  0.0  0.0  0.0  0.0  0.0  0.0  0.0  0.0  0.0
  0.0  0.0  0.0  0.0  0.0  0.0  0.0  0.0 22.0  0.0 22.0  0.0  0.0 11.0  0.0
  0.0  0.0  0.0  0.0  0.0  0.0  0.0  0.0 11.0  0.0  0.0  0.0  0.0  0.0  0.0
    -23.56     -5.24     11.54     -6.61      3.24  0.0  0.0  0.0  0.0  0.0
                                     t000017_s8_p9_el2ap.txt  7.8  5.0   43
  0.0  0.0  0.0 46.5  0.0  0.0  0.0  0.0  0.0  0.0  0.0  0.0  0.0  0.0  0.0
  0.0  0.0  0.0 23.3  0.0  0.0348.8 93.0 69.8 23.3  0.0  0.0  0.0  0.0  0.0
  0.0  0.0 93.0  0.0  0.0  0.0 23.3  0.0 23.3  0.0  0.0  0.0  0.0  0.0  0.0
  0.0  0.0  0.0  0.0  0.0  0.0 23.3  0.0  0.0  0.0 69.8  0.0  0.0 93.0  0.0
  0.0  0.0  0.0  0.0  0.0  0.0  0.0  0.0  0.0  0.0  0.0  0.0  0.0  0.0  0.0
  0.0  0.0  0.0  0.0  0.0  0.0  0.0  0.0  0.0  0.0  0.0  0.0  0.0  0.0  0.0
  0.0 23.3  0.0  0.0  0.0  0.0  0.0  0.0  0.0  0.0  0.0  0.0  0.0  0.0  0.0
  0.0  0.0  0.0  0.0 23.3  0.0 23.3  0.0  0.0  0.0  0.0  0.0  0.0  0.0  0.0
  0.0  0.0  0.0  0.0  0.0  0.0  0.0  0.0 46.5 46.5 69.8 23.3  0.0  0.0  0.0
  0.0  0.0  0.0  0.0  0.0  0.0  0.0 46.5 23.3 46.5  0.0  0.0  0.0  0.0  0.0
    -22.08     -4.96      7.43      0.90     -3.63  0.0  0.0  0.0  0.0  0.0
                                     t000018_s1_p1_el2ap.txt 26.0  5.5  175
  5.7  0.0  0.0 51.4  0.0  0.0  0.0  0.0  5.7  5.7  0.0  0.0  0.0  0.0  0.0
  0.0  0.0  5.7  0.0  0.0  0.0394.3160.0 51.4  5.7 11.4 17.1  0.0  0.0  0.0
  0.0  0.0114.3  0.0 11.4  0.0 17.1  0.0  0.0  0.0  0.0  0.0  0.0 22.9  0.0
  0.0  0.0  5.7  0.0  0.0  5.7  0.0 22.9  0.0  0.0 57.1 17.1  0.0 85.7 11.4
  0.0  0.0  0.0  0.0  0.0  0.0  0.0  0.0  0.0  0.0  0.0  0.0  0.0  0.0  0.0
  0.0  0.0  0.0  5.7  0.0  5.7  0.0  0.0  0.0  0.0  0.0  0.0  0.0  0.0  0.0
  0.0  0.0 11.4  0.0  0.0  0.0  0.0  0.0  0.0  0.0  0.0  0.0  0.0  0.0  0.0
 11.4  0.0  0.0 11.4 11.4  0.0 11.4  0.0  0.0  0.0  0.0  0.0  0.0  0.0  0.0
  0.0 11.4  0.0  0.0  0.0  0.0  0.0 22.9 51.4 51.4  5.7  5.7  0.0  0.0  0.0
  0.0  0.0  0.0  0.0  0.0  0.0  0.0 28.6  5.7 17.1 17.1  0.0 11.4  0.0  0.0
    -27.80     -1.74      5.55     -6.61     -0.16  0.0  0.0  0.0  0.0  0.0
                                    t000018_s13_p1_el2ap.txt 24.5  5.3  156
 19.2  0.0  0.0 38.5  0.0  0.0  0.0  0.0  0.0  0.0  0.0  6.4  0.0  0.0  0.0
  0.0  0.0  0.0  6.4  0.0  0.0384.6115.4 32.1 19.2  0.0  0.0  0.0  0.0  0.0
  0.0  0.0 76.9  0.0  6.4 25.6 25.6  0.0  0.0  0.0  0.0  0.0 12.8 19.2  0.0
 12.8  0.0  0.0  0.0  0.0  0.0 12.8 32.1  0.0  0.0 44.9  0.0  6.4102.6 12.8
  6.4  0.0  0.0  0.0  0.0  0.0  0.0  0.0  0.0  0.0  0.0  0.0  0.0  0.0  0.0
  0.0  0.0  0.0  0.0  0.0  0.0  0.0  0.0  0.0  0.0  0.0  0.0  0.0  0.0  0.0
  0.0  0.0  0.0  0.0  0.0  0.0  0.0  0.0  0.0  0.0  0.0  0.0  0.0  0.0  0.0
  0.0  0.0  0.0  0.0  0.0  0.0  0.0  0.0  0.0  0.0  0.0  0.0  0.0  0.0  0.0
  0.0  6.4  0.0  0.0  0.0  0.0  0.0  6.4 32.1 19.2 32.1 12.8  6.4  0.0  0.0
  0.0  0.0  0.0  0.0  0.0  6.4  0.0 32.1  0.0 19.2  0.0  0.0 12.8  0.0  0.0
    -21.06     -5.10      2.97     -6.61     11.44  0.0  0.0  6.4  0.0  0.0
                                   t000018_s13_p10_el2ap.txt  6.3  5.3   29
  0.0  0.0  0.0 69.0  0.0  0.0  0.0  0.0  0.0  0.0  0.0  0.0  0.0  0.0  0.0
  0.0  0.0  0.0  0.0  0.0  0.0379.3206.9 69.0  0.0 34.5  0.0 34.5  0.0  0.0
  0.0  0.0137.9  0.0  0.0  0.0  0.0  0.0  0.0  0.0  0.0  0.0  0.0  0.0  0.0
  0.0  0.0  0.0  0.0  0.0  0.0  0.0  0.0  0.0  0.0 69.0 34.5  0.0 69.0  0.0
  0.0  0.0  0.0  0.0  0.0  0.0  0.0  0.0  0.0  0.0  0.0  0.0  0.0  0.0  0.0
  0.0  0.0  0.0  0.0  0.0  0.0  0.0  0.0  0.0  0.0  0.0  0.0  0.0  0.0  0.0
  0.0  0.0  0.0  0.0  0.0  0.0  0.0  0.0  0.0  0.0  0.0  0.0  0.0  0.0  0.0
  0.0  0.0  0.0  0.0  0.0  0.0  0.0  0.0  0.0  0.0  0.0  0.0  0.0  0.0  0.0
  0.0  0.0  0.0  0.0  0.0  0.0  0.0 34.5 69.0  0.0 34.5 34.5  0.0  0.0  0.0
  0.0  0.0  0.0  0.0  0.0  0.0  0.0  0.0 34.5  0.0  0.0  0.0  0.0  0.0  0.0
    -32.54      2.19     10.55     -6.61     -3.63  0.0  0.0  0.0  0.0  0.0
                                   t000018_s13_p11_el2ap.txt 12.3  6.3   71
 14.1  0.0  0.0 56.3  0.0  0.0  0.0  0.0  0.0  0.0  0.0  0.0  0.0  0.0  0.0
  0.0  0.0 14.1 14.1  0.0  0.0267.6126.8126.8  0.0 14.1  0.0 28.2  0.0  0.0
  0.0 14.1154.9  0.0  0.0 28.2  0.0  0.0  0.0  0.0  0.0  0.0  0.0 14.1  0.0
  0.0  0.0 14.1  0.0  0.0 14.1 28.2 14.1  0.0  0.0197.2 14.1  0.0140.8 42.3
  0.0  0.0  0.0  0.0  0.0  0.0  0.0  0.0  0.0  0.0  0.0  0.0  0.0  0.0  0.0
  0.0  0.0  0.0  0.0  0.0  0.0  0.0  0.0  0.0  0.0  0.0  0.0 14.1  0.0  0.0
  0.0  0.0  0.0  0.0  0.0  0.0  0.0  0.0  0.0  0.0  0.0  0.0  0.0  0.0  0.0
  0.0  0.0 14.1 14.1  0.0  0.0  0.0  0.0  0.0  0.0  0.0  0.0  0.0  0.0  0.0
  0.0  0.0  0.0  0.0  0.0  0.0  0.0 14.1 28.2 28.2  0.0 28.2  0.0  0.0  0.0
  0.0  0.0  0.0  0.0  0.0 14.1 14.1 28.2 42.3  0.0  0.0  0.0  0.0  0.0  0.0
    -23.65      0.11     15.35     -6.61     -1.49  0.0  0.0  0.0  0.0  0.0
                                   t000018_s13_p12_el2ap.txt 13.0  5.4   89
 22.5 11.2  0.0 22.5  0.0  0.0  0.0  0.0  0.0  0.0  0.0  0.0  0.0  0.0  0.0
  0.0  0.0  0.0 33.7  0.0  0.0359.6 89.9 89.9 11.2  0.0  0.0 11.2  0.0  0.0
  0.0  0.0 89.9  0.0  0.0  0.0 11.2  0.0  0.0  0.0  0.0  0.0  0.0 11.2  0.0
 22.5  0.0 11.2  0.0 11.2  0.0 33.7 33.7  0.0  0.0112.4  0.0  0.0 89.9  0.0
 11.2  0.0  0.0  0.0  0.0  0.0  0.0  0.0  0.0  0.0  0.0  0.0  0.0  0.0  0.0
  0.0  0.0  0.0 11.2  0.0  0.0  0.0  0.0  0.0  0.0  0.0  0.0  0.0  0.0  0.0
  0.0  0.0  0.0  0.0  0.0  0.0  0.0  0.0  0.0  0.0  0.0  0.0  0.0  0.0  0.0
 11.2  0.0  0.0 11.2  0.0  0.0  0.0  0.0  0.0  0.0  0.0  0.0  0.0  0.0  0.0
  0.0  0.0  0.0  0.0  0.0  0.0  0.0  0.0 44.9  0.0 44.9 44.9  0.0  0.0  0.0
  0.0  0.0  0.0  0.0  0.0 11.2 11.2  0.0 22.5 11.2 11.2  0.0 11.2  0.0  0.0
    -18.07     -3.28      7.22     -6.61      5.33  0.0  0.0  0.0  0.0  0.0
                                   t000018_s13_p13_el2ap.txt 13.5  5.1   68
  0.0  0.0  0.0 29.4  0.0  0.0  0.0  0.0  0.0 14.7  0.0  0.0  0.0  0.0  0.0
  0.0  0.0  0.0  0.0  0.0 14.7308.8117.6 58.8 14.7  0.0  0.0  0.0  0.0  0.0
  0.0 14.7 58.8  0.0  0.0 44.1  0.0  0.0  0.0  0.0  0.0  0.0 14.7 14.7  0.0
  0.0  0.0 14.7  0.0 14.7  0.0 14.7 14.7  0.0  0.0176.5  0.0  0.0 58.8 14.7
  0.0  0.0  0.0  0.0  0.0  0.0  0.0  0.0  0.0  0.0  0.0  0.0  0.0  0.0  0.0
  0.0  0.0  0.0  0.0  0.0 14.7  0.0  0.0  0.0  0.0  0.0  0.0  0.0  0.0  0.0
  0.0  0.0  0.0  0.0  0.0  0.0  0.0  0.0  0.0  0.0  0.0  0.0  0.0  0.0  0.0
 14.7  0.0  0.0 14.7  0.0  0.0  0.0  0.0  0.0  0.0  0.0  0.0  0.0  0.0  0.0
  0.0  0.0  0.0  0.0  0.0  0.0  0.0  0.0 14.7  0.0 14.7 73.5  0.0  0.0 29.4
  0.0  0.0  0.0  0.0 14.7  0.0  0.0 14.7  0.0 14.7  0.0  0.0 14.7  0.0  0.0
    -19.54     -5.24      8.00     -6.61      7.79  0.0  0.0  0.0  0.0  0.0
                                   t000018_s13_p14_el2ap.txt  7.3  5.5   37
 27.0  0.0  0.0 54.1  0.0  0.0  0.0  0.0  0.0  0.0  0.0  0.0  0.0  0.0  0.0
  0.0  0.0  0.0 27.0  0.0  0.0351.4108.1 81.1  0.0  0.0 54.1  0.0  0.0  0.0
  0.0  0.0135.1  0.0  0.0  0.0 27.0  0.0  0.0  0.0  0.0  0.0  0.0  0.0  0.0
  0.0  0.0  0.0  0.0  0.0  0.0 27.0  0.0  0.0  0.0 81.1  0.0  0.0108.1 27.0
  0.0  0.0  0.0  0.0  0.0  0.0  0.0  0.0  0.0  0.0  0.0  0.0  0.0  0.0  0.0
  0.0  0.0  0.0  0.0  0.0  0.0  0.0  0.0  0.0  0.0  0.0  0.0  0.0  0.0  0.0
  0.0  0.0  0.0  0.0  0.0  0.0  0.0  0.0  0.0  0.0  0.0  0.0  0.0  0.0  0.0
  0.0  0.0  0.0  0.0  0.0  0.0  0.0  0.0  0.0  0.0  0.0  0.0  0.0  0.0  0.0
  0.0  0.0  0.0  0.0  0.0  0.0  0.0 54.1 27.0 27.0 81.1  0.0  0.0  0.0  0.0
  0.0  0.0  0.0  0.0  0.0  0.0  0.0 27.0  0.0 54.1  0.0  0.0  0.0  0.0  0.0
    -21.14      4.67     10.36     -6.61     -3.63  0.0  0.0  0.0  0.0  0.0
                                   t000018_s13_p15_el2ap.txt  5.0  6.5   24
 41.7  0.0  0.0 83.3  0.0  0.0  0.0  0.0  0.0  0.0  0.0  0.0  0.0  0.0  0.0
  0.0  0.0  0.0  0.0  0.0  0.0333.3125.0166.7  0.0  0.0  0.0  0.0  0.0  0.0
  0.0 41.7166.7  0.0  0.0  0.0  0.0  0.0  0.0  0.0  0.0  0.0  0.0  0.0  0.0
  0.0  0.0  0.0  0.0  0.0  0.0 41.7  0.0  0.0  0.0208.3  0.0  0.0 83.3  0.0
  0.0  0.0  0.0  0.0  0.0  0.0  0.0  0.0  0.0  0.0  0.0  0.0  0.0  0.0  0.0
  0.0  0.0  0.0  0.0  0.0  0.0  0.0  0.0  0.0  0.0  0.0  0.0  0.0  0.0  0.0
  0.0  0.0  0.0  0.0  0.0  0.0  0.0  0.0  0.0  0.0  0.0  0.0  0.0  0.0  0.0
  0.0  0.0  0.0  0.0  0.0  0.0  0.0  0.0  0.0  0.0  0.0  0.0  0.0  0.0  0.0
  0.0  0.0  0.0  0.0  0.0  0.0  0.0 83.3 41.7  0.0  0.0 41.7  0.0  0.0  0.0
  0.0  0.0  0.0  0.0  0.0  0.0  0.0  0.0  0.0  0.0  0.0  0.0 41.7  0.0  0.0
    -31.68     -5.73     27.98     -6.61     -3.63  0.0  0.0 41.7  0.0  0.0
                                   t000018_s13_p16_el2ap.txt  4.0  5.9   16
  0.0  0.0  0.0125.0  0.0  0.0  0.0  0.0  0.0  0.0  0.0  0.0  0.0  0.0  0.0
  0.0  0.0 62.5  0.0  0.0  0.0312.5125.0125.0  0.0  0.0  0.0  0.0  0.0  0.0
  0.0  0.0  0.0  0.0  0.0  0.0 62.5  0.0  0.0  0.0  0.0  0.0  0.0 62.5  0.0
  0.0  0.0  0.0  0.0  0.0 62.5  0.0 62.5  0.0  0.0125.0  0.0  0.0187.5  0.0
  0.0  0.0  0.0  0.0  0.0  0.0  0.0  0.0  0.0  0.0  0.0  0.0  0.0  0.0  0.0
  0.0  0.0  0.0  0.0  0.0  0.0  0.0  0.0  0.0  0.0  0.0  0.0  0.0  0.0  0.0
  0.0 62.5  0.0  0.0  0.0  0.0  0.0  0.0  0.0  0.0  0.0  0.0  0.0  0.0  0.0
  0.0  0.0  0.0  0.0 62.5  0.0 62.5  0.0  0.0  0.0  0.0  0.0  0.0  0.0  0.0
  0.0  0.0  0.0  0.0  0.0  0.0  0.0  0.0  0.0  0.0  0.0  0.0  0.0  0.0  0.0
  0.0  0.0  0.0  0.0  0.0  0.0  0.0  0.0  0.0 62.5  0.0  0.0  0.0  0.0  0.0
    -12.26     -5.73      0.97     -6.61      5.84  0.0  0.0  0.0  0.0  0.0
                                   t000018_s13_p17_el2ap.txt  5.8  5.8   26
  0.0  0.0  0.0  0.0  0.0  0.0  0.0  0.0  0.0  0.0  0.0  0.0  0.0  0.0  0.0
  0.0  0.0  0.0  0.0  0.0  0.0384.6115.4115.4  0.0  0.0  0.0  0.0  0.0  0.0
  0.0 38.5153.8  0.0 38.5  0.0 38.5  0.0  0.0  0.0  0.0  0.0  0.0  0.0  0.0
  0.0  0.0  0.0  0.0  0.0  0.0 38.5  0.0  0.0  0.0115.4  0.0  0.0 38.5  0.0
  0.0  0.0  0.0  0.0  0.0  0.0  0.0  0.0  0.0  0.0  0.0  0.0  0.0  0.0  0.0
  0.0  0.0  0.0  0.0  0.0  0.0  0.0  0.0  0.0  0.0  0.0  0.0  0.0  0.0  0.0
  0.0  0.0  0.0  0.0  0.0  0.0  0.0  0.0  0.0  0.0  0.0  0.0  0.0  0.0  0.0
  0.0  0.0  0.0  0.0  0.0  0.0  0.0  0.0  0.0  0.0  0.0  0.0  0.0  0.0  0.0
  0.0 38.5  0.0  0.0  0.0  0.0  0.0 38.5  0.0 76.9 38.5  0.0  0.0  0.0  0.0
  0.0  0.0  0.0  0.0  0.0  0.0  0.0 38.5  0.0  0.0  0.0  0.0  0.0  0.0  0.0
    -34.82     -5.73     14.59     -6.61     -3.63  0.0  0.0  0.0  0.0  0.0
                                   t000018_s13_p18_el2ap.txt 12.0  5.6   66
  0.0  0.0  0.0 60.6  0.0  0.0  0.0  0.0  0.0 45.5  0.0  0.0  0.0  0.0  0.0
  0.0  0.0  0.0  0.0  0.0  0.0318.2151.5106.1  0.0  0.0  0.0  0.0  0.0  0.0
  0.0 30.3181.8  0.0  0.0 30.3  0.0  0.0  0.0  0.0  0.0  0.0 15.2 30.3  0.0
  0.0  0.0  0.0  0.0  0.0  0.0 30.3 30.3  0.0  0.0106.1  0.0  0.0 60.6  0.0
  0.0  0.0  0.0  0.0  0.0  0.0  0.0  0.0  0.0  0.0  0.0  0.0  0.0  0.0  0.0
  0.0  0.0  0.0  0.0  0.0  0.0  0.0  0.0  0.0  0.0  0.0  0.0  0.0  0.0  0.0
  0.0  0.0  0.0  0.0  0.0  0.0  0.0  0.0  0.0  0.0  0.0  0.0  0.0  0.0  0.0
  0.0  0.0  0.0  0.0  0.0  0.0  0.0  0.0  0.0  0.0  0.0  0.0  0.0  0.0  0.0
  0.0  0.0  0.0  0.0  0.0  0.0  0.0 15.2 45.5 30.3 45.5  0.0  0.0  0.0  0.0
  0.0  0.0  0.0  0.0 15.2  0.0  0.0 15.2 15.2  0.0  0.0  0.0  0.0  0.0  0.0
    -25.11     -5.73     23.10     -6.61     10.43  0.0  0.0  0.0  0.0  0.0
                                   t000018_s13_p19_el2ap.txt  7.8  5.9   48
  0.0  0.0  0.0 62.5  0.0  0.0  0.0  0.0  0.0 20.8 20.8 20.8  0.0  0.0  0.0
  0.0  0.0 20.8  0.0  0.0  0.0375.0166.7125.0  0.0  0.0  0.0  0.0  0.0  0.0
  0.0 20.8145.8  0.0  0.0  0.0  0.0  0.0  0.0  0.0  0.0  0.0  0.0  0.0  0.0
  0.0  0.0  0.0 20.8 20.8 20.8 41.7  0.0  0.0  0.0145.8  0.0  0.0 62.5  0.0
  0.0  0.0  0.0  0.0  0.0  0.0  0.0  0.0  0.0  0.0  0.0  0.0  0.0  0.0  0.0
  0.0  0.0  0.0  0.0  0.0  0.0  0.0  0.0  0.0  0.0  0.0  0.0  0.0  0.0  0.0
  0.0  0.0  0.0  0.0  0.0  0.0  0.0  0.0  0.0  0.0  0.0  0.0  0.0  0.0  0.0
  0.0  0.0  0.0  0.0  0.0  0.0  0.0  0.0  0.0  0.0  0.0  0.0  0.0  0.0  0.0
  0.0  0.0  0.0  0.0  0.0  0.0  0.0 20.8104.2 62.5  0.0  0.0  0.0  0.0  0.0
  0.0  0.0  0.0  0.0 20.8  0.0  0.0  0.0 20.8  0.0  0.0  0.0  0.0  0.0  0.0
    -11.94     -5.73     18.82     -6.61     -3.63  0.0  0.0  0.0  0.0  0.0
                                    t000018_s13_p2_el2ap.txt 12.0  4.8   59
  0.0  0.0  0.0 33.9  0.0 16.9  0.0 16.9  0.0 16.9  0.0  0.0  0.0  0.0  0.0
  0.0 16.9  0.0 16.9  0.0  0.0271.2152.5 50.8 33.9  0.0  0.0  0.0  0.0  0.0
  0.0  0.0 33.9  0.0 16.9  0.0 33.9  0.0  0.0  0.0  0.0  0.0  0.0 33.9  0.0
  0.0  0.0  0.0  0.0  0.0  0.0 16.9 33.9 16.9  0.0 67.8  0.0  0.0 84.7  0.0
  0.0  0.0  0.0  0.0  0.0  0.0  0.0  0.0  0.0  0.0  0.0  0.0  0.0  0.0  0.0
  0.0  0.0  0.0  0.0  0.0  0.0  0.0  0.0  0.0  0.0  0.0  0.0  0.0  0.0  0.0
  0.0  0.0  0.0  0.0  0.0  0.0  0.0  0.0  0.0  0.0 33.9  0.0  0.0  0.0  0.0
  0.0  0.0  0.0  0.0  0.0  0.0  0.0 33.9  0.0  0.0  0.0  0.0  0.0  0.0  0.0
  0.0 16.9  0.0  0.0  0.0  0.0  0.0  0.0 16.9 50.8  0.0  0.0  0.0  0.0  0.0
  0.0  0.0  0.0  0.0  0.0 16.9  0.0 16.9  0.0 33.9  0.0  0.0  0.0  0.0  0.0
     16.99     -4.61     -1.66     -6.61      1.51  0.0  0.0  0.0  0.0  0.0
                                   t000018_s13_p20_el2ap.txt 16.8  5.4  109
 36.7  0.0 18.3 73.4  0.0  0.0  0.0  0.0  0.0  0.0  0.0  0.0  0.0  0.0  0.0
  0.0  0.0 18.3  9.2  0.0  0.0367.0146.8 27.5  9.2 27.5  0.0  0.0  0.0  0.0
  0.0  0.0 91.7  0.0  0.0 18.3  9.2  0.0  0.0  0.0  0.0  9.2  9.2 18.3  0.0
  0.0  9.2  0.0  0.0  0.0 18.3 18.3 18.3  0.0  0.0 36.7 27.5  0.0110.1  9.2
  9.2  0.0  0.0  0.0  0.0  0.0  0.0  0.0  0.0  0.0  0.0  0.0  0.0  0.0  0.0
  0.0  0.0  0.0  0.0  0.0  0.0  0.0  0.0  0.0  0.0  0.0  0.0  0.0  0.0  0.0
  0.0  0.0  0.0  0.0  0.0  0.0  0.0  0.0  0.0  0.0  0.0  0.0  0.0  0.0  0.0
  0.0  0.0  0.0  0.0  0.0  0.0  0.0  0.0  0.0  0.0  0.0  0.0  0.0  0.0  0.0
  0.0  0.0  0.0  0.0  0.0  0.0  0.0 36.7 18.3 18.3 27.5 27.5  0.0  0.0  0.0
  0.0  0.0  0.0  0.0  0.0  0.0  0.0  9.2  0.0 45.9  0.0  0.0 18.3  0.0  0.0
    -16.06     -4.20      6.30     -2.94      4.89  0.0  0.0  0.0  0.0  0.0
                                   t000018_s13_p21_el2ap.txt 17.0  4.8  105
 19.0  0.0  0.0 38.1  0.0  0.0  0.0  0.0  0.0 28.6  0.0  0.0  0.0  0.0  0.0
  0.0  0.0 19.0  9.5  0.0  0.0333.3142.9 28.6  0.0  0.0  0.0  0.0  0.0  0.0
  0.0  0.0104.8  0.0  0.0 19.0 38.1  0.0  0.0  0.0  0.0  0.0  9.5  9.5  0.0
 28.6  0.0  0.0  0.0  0.0 19.0  9.5 38.1  0.0  0.0 57.1  0.0  0.0104.8  0.0
  0.0  0.0  0.0  0.0  0.0  0.0  0.0  0.0  0.0  0.0  0.0  0.0  0.0  0.0  0.0
  0.0  0.0  0.0  0.0  0.0  0.0  0.0  0.0  0.0  0.0  0.0  0.0  0.0  0.0  0.0
  0.0  0.0  0.0  0.0  0.0  0.0  0.0  0.0  0.0  9.5  0.0  0.0  0.0  0.0  0.0
  0.0  0.0  0.0  0.0  0.0  0.0  9.5  0.0  0.0  0.0  0.0  0.0  0.0  0.0  0.0
  0.0  0.0  0.0  0.0  0.0  0.0  0.0  9.5 28.6 38.1 38.1  9.5  0.0  9.5  0.0
  0.0  0.0  0.0  0.0  0.0  0.0  0.0 38.1  9.5 38.1  0.0  0.0  0.0  0.0  0.0
    -12.88     -5.73      7.17     -6.61     12.99  0.0  0.0  0.0  0.0  0.0
                                   t000018_s13_p22_el2ap.txt  7.5  5.0   34
  0.0  0.0  0.0 58.8  0.0  0.0 29.4  0.0  0.0  0.0  0.0  0.0  0.0  0.0  0.0
  0.0  0.0 29.4  0.0  0.0  0.0352.9 88.2 58.8  0.0  0.0  0.0  0.0  0.0  0.0
  0.0  0.0147.1  0.0  0.0  0.0  0.0  0.0  0.0  0.0  0.0  0.0  0.0 29.4  0.0
  0.0  0.0  0.0  0.0  0.0 29.4  0.0 29.4  0.0  0.0 58.8  0.0  0.0 58.8  0.0
  0.0  0.0  0.0  0.0  0.0  0.0  0.0  0.0  0.0  0.0  0.0  0.0  0.0  0.0  0.0
  0.0  0.0  0.0  0.0  0.0  0.0  0.0  0.0  0.0  0.0  0.0  0.0  0.0  0.0  0.0
  0.0  0.0  0.0  0.0  0.0  0.0  0.0  0.0  0.0  0.0  0.0  0.0  0.0  0.0  0.0
  0.0  0.0  0.0  0.0  0.0  0.0  0.0  0.0  0.0  0.0  0.0  0.0  0.0  0.0  0.0
  0.0  0.0  0.0  0.0  0.0  0.0  0.0  0.0 58.8 58.8  0.0 88.2  0.0  0.0  0.0
  0.0  0.0  0.0  0.0  0.0  0.0  0.0 29.4  0.0  0.0  0.0  0.0  0.0  0.0  0.0
    -11.57     -5.73     11.19     -6.61      0.83  0.0  0.0  0.0  0.0  0.0
                                   t000018_s13_p23_el2ap.txt 16.3  5.9  107
  0.0  0.0  0.0 46.7  0.0  0.0  0.0  0.0  0.0  0.0  0.0  0.0  0.0  0.0  0.0
  0.0  0.0  9.3 18.7  0.0  0.0355.1168.2112.1  9.3  0.0  0.0  9.3  0.0  9.3
  0.0  9.3121.5  0.0  0.0  9.3  9.3  0.0  0.0  0.0  0.0  0.0  9.3  9.3  0.0
  9.3  9.3  0.0  0.0  0.0  9.3 37.4 18.7  0.0  9.3130.8  0.0  0.0 74.8  0.0
  0.0  0.0  0.0  0.0  0.0  0.0  0.0  0.0  0.0  0.0  0.0  0.0  0.0  0.0  0.0
  0.0  0.0  0.0  0.0  0.0  0.0  0.0  9.3  0.0  0.0  0.0  0.0  0.0  0.0  0.0
  0.0  0.0  0.0  0.0  0.0  0.0  0.0  0.0  9.3  0.0  0.0  0.0  0.0  0.0  0.0
  0.0  9.3  0.0  9.3  0.0  9.3  9.3  0.0  0.0  0.0  0.0  0.0  0.0  0.0  0.0
  0.0  0.0  0.0  0.0  0.0  0.0  0.0 18.7 93.5 37.4 18.7  9.3  0.0  0.0  0.0
  0.0  0.0  0.0  0.0  0.0  0.0  0.0 18.7 18.7  0.0  9.3  0.0  9.3  0.0  0.0
    -28.01     -3.69     17.01     -6.61      6.65  9.3  0.0  0.0  0.0  0.0
                                   t000018_s13_p24_el2ap.txt  3.8  6.3   16
  0.0  0.0  0.0 62.5  0.0  0.0  0.0  0.0  0.0  0.0  0.0  0.0  0.0  0.0  0.0
  0.0  0.0  0.0  0.0  0.0  0.0187.5125.0187.5  0.0  0.0  0.0  0.0  0.0  0.0
  0.0 62.5 62.5  0.0  0.0  0.0 62.5 62.5  0.0  0.0  0.0  0.0  0.0  0.0  0.0
  0.0  0.0  0.0  0.0  0.0 62.5 62.5  0.0  0.0  0.0187.5  0.0  0.0125.0  0.0
  0.0  0.0  0.0  0.0  0.0  0.0  0.0  0.0  0.0  0.0  0.0  0.0  0.0  0.0  0.0
  0.0  0.0  0.0  0.0  0.0  0.0  0.0  0.0  0.0  0.0  0.0  0.0  0.0  0.0  0.0
  0.0  0.0  0.0  0.0  0.0  0.0  0.0  0.0  0.0  0.0  0.0  0.0  0.0  0.0  0.0
  0.0  0.0  0.0  0.0  0.0  0.0  0.0  0.0  0.0  0.0  0.0  0.0  0.0  0.0  0.0
  0.0  0.0  0.0  0.0  0.0  0.0  0.0  0.0 62.5  0.0  0.0  0.0  0.0  0.0  0.0
  0.0  0.0  0.0  0.0  0.0  0.0  0.0  0.0  0.0  0.0  0.0  0.0  0.0  0.0  0.0
    -32.69     -5.73     28.46      8.28     -3.63  0.0  0.0  0.0  0.0  0.0
                                   t000018_s13_p25_el2ap.txt  9.0  5.3   48
  0.0  0.0  0.0 20.8  0.0  0.0  0.0  0.0  0.0 20.8  0.0  0.0  0.0  0.0  0.0
  0.0  0.0  0.0  0.0  0.0  0.0312.5 83.3 62.5 20.8  0.0  0.0  0.0  0.0  0.0
  0.0  0.0 62.5  0.0 20.8  0.0 62.5  0.0  0.0  0.0  0.0  0.0  0.0 20.8  0.0
 20.8  0.0  0.0  0.0  0.0  0.0  0.0 41.7  0.0  0.0 62.5  0.0  0.0145.8 20.8
  0.0  0.0  0.0  0.0  0.0  0.0  0.0  0.0  0.0  0.0  0.0  0.0  0.0  0.0  0.0
  0.0  0.0  0.0  0.0  0.0  0.0  0.0  0.0  0.0  0.0  0.0  0.0  0.0  0.0  0.0
  0.0  0.0  0.0  0.0  0.0  0.0  0.0  0.0  0.0  0.0  0.0  0.0  0.0  0.0  0.0
  0.0  0.0  0.0  0.0  0.0  0.0  0.0  0.0  0.0  0.0  0.0  0.0  0.0  0.0  0.0
  0.0 20.8  0.0  0.0  0.0  0.0  0.0  0.0  0.0 83.3 20.8  0.0  0.0  0.0  0.0
  0.0  0.0  0.0  0.0  0.0 20.8  0.0 41.7  0.0 41.7  0.0 20.8  0.0  0.0  0.0
    -23.84     -5.04     -0.81     -6.61      6.25  0.0  0.0  0.0  0.0  0.0
                                   t000018_s13_p26_el2ap.txt 23.5  5.2  141
 14.2  0.0  0.0 78.0 28.4  0.0  0.0  0.0  0.0 14.2  0.0  0.0  0.0  0.0  0.0
  0.0  0.0  0.0 14.2  7.1  0.0297.9113.5 85.1 14.2  7.1  0.0 21.3  0.0  0.0
  0.0  7.1 49.6  0.0  0.0 14.2 21.3  0.0  0.0 14.2 28.4  7.1  7.1 28.4  0.0
  0.0  7.1  0.0  0.0  0.0 28.4 42.6 28.4  7.1  0.0 85.1 35.5  0.0120.6  7.1
  0.0  0.0  0.0  0.0  0.0  0.0  0.0  0.0  0.0  0.0  0.0  0.0  0.0  0.0  0.0
  0.0  0.0  0.0  0.0  0.0  0.0  0.0  0.0  0.0  0.0  0.0  0.0  0.0  0.0  0.0
  0.0  0.0  0.0  0.0  0.0  7.1  0.0  0.0  0.0  0.0  0.0  0.0  0.0  0.0  0.0
  0.0  0.0  0.0  0.0  0.0  7.1  7.1  0.0  0.0  0.0  0.0  0.0  0.0  0.0  0.0
  0.0  0.0  0.0  0.0  0.0  0.0  0.0  0.0 35.5  7.1 49.6 42.6  0.0  7.1 14.2
  0.0  0.0  0.0  0.0 14.2  0.0  0.0 28.4 14.2 21.3  0.0  0.0  0.0  7.1  0.0
    -11.25     -1.01      6.24     16.19      5.10  0.0  0.0  0.0  0.0  0.0
                                   t000018_s13_p27_el2ap.txt 20.8  5.2  116
 17.2  0.0  0.0 60.3  0.0  0.0  0.0  0.0  0.0  8.6  0.0  0.0  0.0  0.0  0.0
  0.0  0.0  8.6  8.6  0.0  0.0293.1120.7 77.6 17.2  0.0  0.0  8.6  0.0  0.0
  0.0 34.5 86.2  0.0  0.0 34.5 25.9  0.0 17.2  0.0  0.0  0.0 17.2  8.6  0.0
  0.0  0.0  8.6  0.0 25.9  8.6 43.1  8.6  0.0  0.0112.1  0.0  0.0120.7 17.2
  0.0  0.0  0.0  0.0  0.0  0.0  0.0  0.0  0.0  0.0  0.0  0.0  0.0  0.0  0.0
  0.0  0.0  0.0  8.6  0.0  8.6  0.0  8.6  0.0  0.0  0.0  0.0  0.0  0.0  0.0
  0.0  0.0  8.6  0.0  0.0  0.0  0.0  0.0  8.6  0.0  0.0  0.0  0.0  0.0  0.0
 17.2  8.6  0.0 25.9  8.6  8.6 17.2  0.0  0.0  0.0  0.0  0.0  0.0  0.0  0.0
  0.0  0.0  0.0  0.0  0.0  0.0  0.0 17.2 17.2 25.9  8.6  8.6  0.0  0.0  0.0
  0.0  0.0  0.0  0.0  0.0  8.6  0.0  0.0 17.2 25.9  0.0  0.0  0.0  0.0  0.0
    -19.98     -3.56     17.77     -1.04      8.46  0.0  0.0  0.0  0.0  0.0
                                   t000018_s13_p28_el2ap.txt 15.5  5.6   88
  0.0  0.0 11.4 56.8  0.0  0.0  0.0  0.0  0.0  0.0  0.0  0.0  0.0  0.0  0.0
  0.0  0.0  0.0 11.4  0.0  0.0340.9125.0 79.5 22.7 22.7  0.0  0.0  0.0  0.0
  0.0  0.0159.1  0.0  0.0 11.4 22.7 22.7  0.0  0.0  0.0  0.0 11.4  0.0  0.0
  0.0  0.0  0.0  0.0  0.0 22.7 11.4  0.0  0.0  0.0 79.5 22.7  0.0113.6 11.4
 11.4  0.0  0.0  0.0  0.0  0.0  0.0  0.0  0.0  0.0  0.0  0.0  0.0  0.0  0.0
  0.0  0.0  0.0  0.0  0.0  0.0  0.0  0.0  0.0  0.0  0.0  0.0  0.0  0.0  0.0
  0.0  0.0  0.0  0.0  0.0  0.0  0.0  0.0  0.0  0.0  0.0  0.0  0.0  0.0  0.0
  0.0  0.0  0.0  0.0  0.0  0.0  0.0  0.0  0.0  0.0  0.0  0.0  0.0  0.0  0.0
  0.0  0.0  0.0  0.0  0.0  0.0  0.0 22.7 68.2 56.8 11.4  0.0  0.0  0.0  0.0
  0.0  0.0  0.0  0.0  0.0 11.4  0.0 22.7  0.0 11.4 11.4  0.0  0.0  0.0  0.0
    -26.82     -3.97     11.38     -1.19      3.48  0.0  0.0  0.0  0.0  0.0
                                   t000018_s13_p29_el2ap.txt 22.5  5.5  151
  0.0  0.0 13.2 99.3  0.0  0.0  0.0  0.0  0.0  6.6  6.6  6.6  0.0  0.0  0.0
  0.0  0.0  0.0 13.2  0.0  0.0298.0112.6 59.6  0.0  6.6  0.0  0.0  0.0  0.0
  0.0  6.6 99.3  0.0  6.6 19.9 19.9  0.0  0.0  0.0 13.2  0.0 13.2 13.2  6.6
  6.6  0.0  0.0  0.0 13.2 13.2 26.5 26.5  0.0  0.0 79.5  6.6  0.0139.1 19.9
  0.0  0.0  0.0  0.0  0.0  0.0  0.0  0.0  0.0  0.0  0.0  0.0  0.0  0.0  0.0
  0.0  0.0  0.0  6.6  0.0  0.0  0.0  6.6  0.0  0.0  0.0  0.0  0.0  0.0  0.0
  0.0  0.0  6.6  0.0  0.0  0.0  0.0  0.0  6.6  0.0  0.0  0.0  0.0  0.0  0.0
  6.6  6.6  0.0 13.2  6.6  6.6 13.2  0.0  0.0  0.0  0.0  0.0  0.0  0.0  0.0
  0.0  6.6  0.0  0.0  0.0  0.0  0.0 33.1 39.7 19.9  6.6  0.0  0.0 19.9  0.0
  0.0  0.0  0.0  0.0  0.0  0.0  0.0 39.7  6.6 13.2  0.0  0.0  0.0  0.0  0.0
    -16.58     -5.43      7.25     -0.30     13.89  0.0  0.0  6.6  0.0  0.0
                                    t000018_s13_p3_el2ap.txt  8.5  5.6   41
  0.0  0.0  0.0 73.2  0.0  0.0  0.0  0.0  0.0  0.0 24.4  0.0  0.0  0.0  0.0
 24.4  0.0 24.4  0.0  0.0  0.0341.5122.0 48.8  0.0 24.4  0.0  0.0  0.0  0.0
  0.0 24.4122.0  0.0  0.0 24.4 24.4  0.0  0.0  0.0  0.0  0.0 24.4  0.0  0.0
  0.0  0.0  0.0  0.0 24.4 24.4 24.4  0.0  0.0  0.0 97.6 24.4  0.0 97.6  0.0
  0.0  0.0  0.0  0.0  0.0  0.0  0.0  0.0  0.0  0.0  0.0  0.0  0.0  0.0  0.0
  0.0  0.0  0.0  0.0  0.0  0.0  0.0 24.4  0.0  0.0  0.0  0.0  0.0  0.0  0.0
  0.0  0.0  0.0  0.0  0.0  0.0  0.0  0.0 24.4  0.0  0.0  0.0  0.0  0.0  0.0
  0.0 24.4  0.0 24.4  0.0 24.4 24.4  0.0  0.0  0.0  0.0  0.0  0.0  0.0  0.0
  0.0  0.0  0.0  0.0  0.0  0.0  0.0 48.8 48.8  0.0 48.8 24.4  0.0  0.0  0.0
  0.0  0.0  0.0  0.0  0.0  0.0  0.0  0.0  0.0 24.4  0.0  0.0  0.0  0.0  0.0
     -8.56     -4.64     17.09     -6.61     11.62  0.0  0.0  0.0  0.0  0.0
                                   t000018_s13_p30_el2ap.txt 13.5  5.5   70
 14.3  0.0 14.3 28.6  0.0  0.0  0.0  0.0  0.0  0.0  0.0  0.0  0.0  0.0  0.0
  0.0  0.0  0.0  0.0  0.0  0.0471.4100.0 71.4  0.0  0.0  0.0  0.0  0.0  0.0
  0.0  0.0128.6  0.0  0.0  0.0 14.3  0.0  0.0  0.0  0.0  0.0  0.0  0.0  0.0
  0.0  0.0  0.0  0.0  0.0  0.0  0.0  0.0  0.0  0.0 71.4  0.0  0.0 85.7 28.6
  0.0  0.0  0.0  0.0  0.0  0.0  0.0  0.0  0.0  0.0  0.0  0.0  0.0  0.0  0.0
  0.0  0.0  0.0  0.0  0.0  0.0  0.0  0.0  0.0  0.0  0.0  0.0  0.0  0.0  0.0
  0.0  0.0  0.0  0.0  0.0  0.0  0.0  0.0  0.0  0.0  0.0  0.0  0.0  0.0  0.0
  0.0  0.0  0.0  0.0  0.0  0.0  0.0  0.0  0.0  0.0  0.0  0.0  0.0  0.0  0.0
  0.0  0.0  0.0  0.0  0.0  0.0  0.0 14.3 42.9  0.0 57.1 28.6  0.0  0.0  0.0
  0.0  0.0  0.0  0.0  0.0  0.0 14.3 28.6 14.3 14.3  0.0  0.0  0.0  0.0  0.0
    -30.47     -5.73      9.90     -6.61     -3.63 14.3  0.0 14.3  0.0  0.0
                                   t000018_s13_p31_el2ap.txt 12.3  5.6   70
  0.0  0.0  0.0 28.6  0.0  0.0  0.0  0.0  0.0  0.0  0.0  0.0  0.0  0.0  0.0
  0.0  0.0  0.0  0.0  0.0  0.0428.6128.6 42.9  0.0 28.6  0.0  0.0  0.0  0.0
  0.0 14.3157.1  0.0  0.0  0.0 14.3  0.0  0.0  0.0  0.0  0.0  0.0  0.0  0.0
  0.0  0.0  0.0  0.0  0.0  0.0 14.3  0.0  0.0  0.0 71.4 28.6  0.0 57.1 14.3
  0.0  0.0  0.0  0.0  0.0  0.0  0.0  0.0  0.0  0.0  0.0  0.0  0.0  0.0  0.0
  0.0  0.0  0.0  0.0  0.0  0.0  0.0  0.0  0.0  0.0  0.0  0.0  0.0  0.0  0.0
  0.0  0.0  0.0  0.0  0.0  0.0  0.0  0.0  0.0  0.0  0.0  0.0  0.0  0.0  0.0
  0.0  0.0  0.0  0.0  0.0  0.0  0.0  0.0  0.0  0.0  0.0  0.0  0.0  0.0  0.0
  0.0  0.0  0.0  0.0  0.0  0.0  0.0  0.0 14.3 14.3 57.1  0.0  0.0  0.0  0.0
  0.0  0.0  0.0  0.0  0.0  0.0  0.0 28.6  0.0  0.0  0.0  0.0  0.0  0.0  0.0
    -31.30     -4.46     17.18     -6.61     -3.63  0.0  0.0  0.0  0.0  0.0
                                   t000018_s13_p32_el2ap.txt  5.3  5.9   24
  0.0  0.0  0.0 41.7  0.0  0.0  0.0  0.0  0.0  0.0  0.0  0.0  0.0  0.0  0.0
  0.0  0.0  0.0  0.0  0.0  0.0416.7125.0 83.3  0.0  0.0  0.0 41.7  0.0  0.0
  0.0  0.0291.7  0.0  0.0  0.0 83.3  0.0  0.0  0.0  0.0  0.0  0.0  0.0  0.0
  0.0 41.7  0.0  0.0  0.0  0.0 41.7  0.0  0.0  0.0 83.3  0.0  0.0125.0  0.0
  0.0  0.0  0.0  0.0  0.0  0.0  0.0  0.0  0.0  0.0  0.0  0.0  0.0  0.0  0.0
  0.0  0.0  0.0  0.0  0.0  0.0  0.0  0.0  0.0  0.0  0.0  0.0  0.0  0.0  0.0
  0.0  0.0  0.0  0.0  0.0  0.0  0.0  0.0  0.0  0.0  0.0  0.0  0.0  0.0  0.0
  0.0  0.0  0.0  0.0  0.0  0.0  0.0  0.0  0.0  0.0  0.0  0.0  0.0  0.0  0.0
  0.0  0.0  0.0  0.0  0.0  0.0  0.0  0.0 41.7  0.0166.7 41.7  0.0  0.0  0.0
  0.0  0.0  0.0  0.0  0.0  0.0  0.0  0.0  0.0  0.0  0.0  0.0  0.0  0.0  0.0
    -33.36      1.99     21.23     -6.61     -3.63  0.0  0.0  0.0  0.0  0.0
                                   t000018_s13_p33_el2ap.txt  5.3  5.2   27
  0.0  0.0  0.0 37.0  0.0  0.0  0.0  0.0  0.0  0.0  0.0  0.0  0.0  0.0  0.0
  0.0  0.0  0.0  0.0  0.0  0.0296.3185.2 74.1  0.0  0.0  0.0 37.0  0.0  0.0
  0.0  0.0222.2  0.0  0.0  0.0  0.0  0.0  0.0  0.0  0.0  0.0  0.0  0.0 37.0
  0.0  0.0  0.0  0.0  0.0  0.0  0.0 37.0  0.0  0.0 74.1  0.0  0.0148.1 74.1
  0.0  0.0  0.0  0.0  0.0  0.0  0.0  0.0  0.0  0.0  0.0  0.0  0.0  0.0  0.0
  0.0  0.0  0.0  0.0  0.0  0.0  0.0  0.0  0.0  0.0  0.0  0.0  0.0  0.0  0.0
  0.0  0.0  0.0  0.0  0.0  0.0  0.0  0.0  0.0  0.0  0.0  0.0  0.0  0.0  0.0
  0.0  0.0  0.0  0.0  0.0  0.0  0.0  0.0  0.0  0.0  0.0  0.0  0.0  0.0  0.0
  0.0  0.0  0.0  0.0  0.0  0.0  0.0  0.0 37.0 37.0 37.0  0.0  0.0 37.0  0.0
  0.0 37.0  0.0  0.0  0.0  0.0  0.0  0.0  0.0  0.0  0.0  0.0  0.0  0.0  0.0
    -30.16      1.13     16.41     -6.61     24.86  0.0  0.0  0.0  0.0  0.0
                                   t000018_s13_p34_el2ap.txt  8.0  5.1   37
  0.0  0.0  0.0  0.0  0.0  0.0  0.0  0.0  0.0  0.0  0.0  0.0  0.0  0.0  0.0
  0.0  0.0  0.0  0.0  0.0 27.0378.4162.2135.1  0.0  0.0  0.0  0.0  0.0  0.0
  0.0  0.0108.1  0.0  0.0 27.0  0.0  0.0  0.0  0.0  0.0  0.0  0.0  0.0  0.0
 27.0  0.0  0.0  0.0  0.0  0.0  0.0 27.0  0.0  0.0162.2  0.0  0.0 27.0  0.0
  0.0  0.0  0.0  0.0  0.0  0.0  0.0  0.0  0.0  0.0  0.0  0.0  0.0  0.0  0.0
  0.0  0.0  0.0  0.0  0.0  0.0  0.0  0.0  0.0  0.0  0.0  0.0  0.0  0.0  0.0
  0.0  0.0  0.0  0.0  0.0  0.0  0.0  0.0  0.0  0.0  0.0  0.0  0.0  0.0  0.0
  0.0  0.0  0.0  0.0  0.0  0.0  0.0  0.0  0.0  0.0  0.0  0.0  0.0  0.0  0.0
  0.0  0.0  0.0  0.0  0.0  0.0  0.0  0.0 27.0  0.0  0.0 81.1  0.0  0.0  0.0
  0.0  0.0  0.0  0.0  0.0  0.0  0.0 27.0  0.0  0.0  0.0  0.0  0.0  0.0  0.0
    -25.68     -5.73      6.95     -6.61      5.09  0.0  0.0  0.0  0.0  0.0
                                   t000018_s13_p35_el2ap.txt  9.5  5.3   55
  0.0  0.0  0.0 36.4  0.0  0.0  0.0  0.0  0.0  0.0  0.0  0.0  0.0  0.0  0.0
  0.0  0.0  0.0 18.2  0.0  0.0309.1200.0 72.7  0.0  0.0  0.0  0.0  0.0  0.0
  0.0  0.0181.8  0.0 18.2 18.2 18.2  0.0 18.2  0.0  0.0  0.0 18.2 18.2  0.0
 18.2  0.0  0.0  0.0  0.0  0.0 18.2 36.4  0.0  0.0 72.7  0.0  0.0 72.7  0.0
 18.2  0.0  0.0  0.0  0.0  0.0  0.0  0.0  0.0  0.0  0.0  0.0  0.0  0.0  0.0
  0.0  0.0  0.0  0.0  0.0  0.0  0.0  0.0  0.0  0.0  0.0  0.0  0.0  0.0  0.0
  0.0  0.0  0.0  0.0  0.0  0.0  0.0  0.0  0.0  0.0  0.0  0.0  0.0  0.0  0.0
  0.0  0.0  0.0  0.0  0.0  0.0  0.0  0.0  0.0  0.0  0.0  0.0  0.0  0.0  0.0
  0.0  0.0  0.0  0.0  0.0  0.0  0.0 18.2 54.5 36.4 18.2  0.0  0.0  0.0  0.0
  0.0  0.0  0.0  0.0  0.0  0.0  0.0 18.2 18.2  0.0  0.0  0.0  0.0  0.0  0.0
    -27.57     -5.73      7.22     -0.74     16.36  0.0  0.0  0.0  0.0  0.0
                                    t000018_s13_p4_el2ap.txt 13.8  5.2   87
  0.0  0.0  0.0 80.5  0.0  0.0  0.0  0.0  0.0  0.0  0.0  0.0  0.0  0.0  0.0
  0.0  0.0  0.0 23.0  0.0  0.0333.3137.9 34.5  0.0  0.0  0.0 11.5  0.0  0.0
  0.0 11.5103.4  0.0  0.0 11.5 11.5  0.0  0.0  0.0  0.0  0.0 11.5 23.0  0.0
 23.0  0.0  0.0  0.0 23.0  0.0 34.5 46.0  0.0  0.0 57.5  0.0  0.0114.9  0.0
  0.0  0.0  0.0  0.0  0.0  0.0  0.0  0.0  0.0  0.0  0.0  0.0  0.0  0.0  0.0
  0.0  0.0  0.0  0.0  0.0  0.0  0.0  0.0  0.0  0.0  0.0  0.0  0.0  0.0  0.0
  0.0  0.0  0.0  0.0  0.0  0.0  0.0  0.0  0.0  0.0  0.0  0.0  0.0  0.0  0.0
  0.0  0.0  0.0  0.0  0.0  0.0  0.0  0.0  0.0  0.0  0.0  0.0  0.0  0.0  0.0
  0.0  0.0  0.0  0.0  0.0  0.0  0.0 46.0 34.5 46.0 34.5  0.0  0.0  0.0  0.0
  0.0  0.0  0.0  0.0  0.0  0.0  0.0 46.0 11.5  0.0  0.0  0.0  0.0  0.0  0.0
    -21.23     -3.60     11.76     -6.61     14.46  0.0  0.0  0.0  0.0  0.0
                                    t000018_s13_p5_el2ap.txt 16.3  5.4   97
 10.3  0.0  0.0 41.2  0.0  0.0  0.0  0.0  0.0  0.0  0.0  0.0  0.0  0.0  0.0
  0.0  0.0  0.0 41.2  0.0  0.0299.0134.0 82.5  0.0 20.6 10.3 10.3  0.0  0.0
  0.0  0.0 82.5  0.0  0.0 51.5 20.6  0.0  0.0  0.0  0.0  0.0 20.6 10.3  0.0
  0.0  0.0 10.3 10.3  0.0  0.0 41.2 10.3  0.0  0.0 92.8 20.6  0.0 61.9  0.0
  0.0  0.0  0.0  0.0  0.0  0.0  0.0  0.0  0.0  0.0  0.0  0.0  0.0  0.0  0.0
  0.0  0.0  0.0  0.0  0.0  0.0  0.0  0.0  0.0  0.0  0.0  0.0  0.0  0.0  0.0
  0.0  0.0  0.0  0.0  0.0  0.0  0.0  0.0  0.0  0.0  0.0  0.0  0.0  0.0  0.0
  0.0  0.0  0.0  0.0  0.0  0.0  0.0  0.0  0.0  0.0  0.0  0.0  0.0  0.0  0.0
  0.0  0.0  0.0  0.0  0.0  0.0  0.0 30.9 41.2 41.2 20.6  0.0  0.0  0.0  0.0
  0.0  0.0  0.0  0.0  0.0  0.0  0.0 20.6  0.0  0.0  0.0  0.0  0.0  0.0  0.0
    -19.53     -0.92      3.77     -6.61     10.82  0.0  0.0  0.0  0.0  0.0
                                    t000018_s13_p6_el2ap.txt 23.8  5.1  159
 12.6  6.3  0.0 88.1  0.0  0.0  0.0  0.0  0.0  0.0  0.0  0.0  0.0  0.0  0.0
  0.0  0.0  0.0 18.9  0.0  0.0308.2100.6 37.7  6.3 50.3  0.0 18.9  0.0  0.0
  0.0  6.3100.6  0.0  0.0 37.7 12.6  0.0  0.0 44.0  0.0  0.0 18.9  6.3  0.0
  0.0  6.3  0.0  0.0  0.0  0.0 75.5  6.3  0.0  0.0 44.0 50.3  0.0113.2  0.0
  0.0  0.0  0.0  0.0  0.0  0.0  0.0  0.0  0.0  0.0  0.0  0.0  0.0  0.0  0.0
  0.0  0.0  0.0  0.0  0.0  0.0  0.0  0.0  0.0  0.0  0.0  0.0  0.0  0.0  0.0
  0.0  0.0  0.0  0.0  0.0  0.0  0.0  0.0  0.0  6.3  6.3  0.0  0.0  0.0  0.0
  0.0  0.0  0.0  0.0  0.0  0.0  6.3  6.3  0.0  0.0  0.0  0.0  0.0  0.0  0.0
  0.0  6.3  0.0  0.0  0.0  0.0  0.0 37.7 37.7  6.3 37.7 12.6  0.0  0.0  0.0
  6.3  0.0  0.0  0.0  6.3  6.3  0.0 31.4  6.3 25.2  0.0  0.0  0.0  0.0  0.0
    -16.75      0.21      8.15     13.41      9.12  0.0  0.0  0.0  0.0  0.0
                                    t000018_s13_p7_el2ap.txt 13.3  5.5   93
  0.0  0.0  0.0 53.8  0.0  0.0  0.0  0.0  0.0  0.0  0.0  0.0  0.0  0.0  0.0
  0.0  0.0  0.0 10.8  0.0  0.0333.3129.0 86.0 10.8  0.0  0.0  0.0  0.0  0.0
  0.0 10.8107.5  0.0  0.0 10.8 10.8  0.0  0.0  0.0  0.0  0.0 10.8 21.5  0.0
 10.8  0.0  0.0  0.0 10.8  0.0 21.5 32.3  0.0  0.0107.5  0.0  0.0 86.0  0.0
 10.8  0.0  0.0  0.0  0.0  0.0  0.0  0.0  0.0  0.0  0.0  0.0  0.0  0.0  0.0
  0.0  0.0  0.0  0.0  0.0  0.0  0.0  0.0  0.0  0.0  0.0  0.0  0.0  0.0  0.0
  0.0 10.8  0.0  0.0  0.0  0.0  0.0  0.0 10.8  0.0  0.0  0.0  0.0  0.0  0.0
  0.0  0.0  0.0  0.0 10.8 10.8 21.5  0.0  0.0  0.0  0.0  0.0  0.0  0.0  0.0
  0.0  0.0  0.0  0.0  0.0  0.0  0.0 53.8 64.5 32.3 21.5  0.0 10.8  0.0  0.0
  0.0  0.0  0.0  0.0  0.0  0.0  0.0 10.8  0.0 43.0  0.0  0.0 21.5  0.0  0.0
    -27.61     -5.37     11.81     -6.61      9.82  0.0  0.0  0.0  0.0  0.0
                                    t000018_s13_p8_el2ap.txt  8.8  5.3   50
  0.0  0.0  0.0 40.0  0.0  0.0  0.0  0.0  0.0 20.0  0.0 20.0  0.0  0.0  0.0
  0.0  0.0  0.0 40.0  0.0  0.0280.0160.0 60.0  0.0 20.0  0.0  0.0  0.0  0.0
  0.0  0.0160.0  0.0  0.0 60.0  0.0  0.0  0.0  0.0  0.0  0.0  0.0 20.0  0.0
  0.0  0.0  0.0  0.0  0.0  0.0 60.0 20.0  0.0  0.0 60.0 20.0  0.0 60.0 20.0
  0.0  0.0  0.0  0.0  0.0  0.0  0.0  0.0  0.0  0.0  0.0  0.0  0.0  0.0  0.0
  0.0  0.0  0.0  0.0  0.0  0.0  0.0  0.0  0.0  0.0  0.0  0.0  0.0  0.0  0.0
  0.0  0.0  0.0  0.0  0.0  0.0  0.0  0.0  0.0  0.0  0.0  0.0  0.0  0.0  0.0
  0.0  0.0  0.0  0.0  0.0  0.0  0.0  0.0  0.0  0.0  0.0  0.0  0.0  0.0  0.0
  0.0  0.0  0.0  0.0  0.0  0.0  0.0 40.0100.0 40.0  0.0  0.0  0.0  0.0  0.0
 20.0  0.0  0.0  0.0  0.0  0.0  0.0 20.0  0.0  0.0  0.0  0.0  0.0  0.0  0.0
     -5.20     -4.84      8.68     -6.61     -0.60 20.0  0.0  0.0  0.0  0.0
                                    t000018_s13_p9_el2ap.txt 17.8  5.4   97
 10.3  0.0  0.0 41.2  0.0  0.0  0.0  0.0  0.0 10.3  0.0  0.0  0.0  0.0  0.0
  0.0  0.0  0.0 10.3  0.0  0.0268.0154.6 61.9 30.9 20.6 10.3 10.3  0.0 10.3
  0.0  0.0 61.9  0.0  0.0 51.5 30.9  0.0  0.0  0.0  0.0  0.0 20.6 41.2  0.0
 10.3  0.0  0.0  0.0  0.0  0.0 10.3 51.5  0.0 10.3 72.2 20.6  0.0113.4  0.0
 10.3  0.0  0.0  0.0  0.0  0.0  0.0  0.0  0.0  0.0  0.0  0.0  0.0  0.0  0.0
  0.0  0.0  0.0  0.0  0.0  0.0  0.0  0.0  0.0  0.0  0.0  0.0  0.0  0.0  0.0
  0.0  0.0 20.6  0.0  0.0  0.0  0.0  0.0  0.0  0.0  0.0  0.0  0.0  0.0  0.0
  0.0  0.0  0.0  0.0 20.6  0.0 20.6  0.0  0.0  0.0  0.0  0.0  0.0  0.0  0.0
  0.0  0.0  0.0  0.0  0.0  0.0  0.0  0.0 30.9 30.9 30.9 10.3  0.0 10.3 10.3
  0.0  0.0  0.0  0.0  0.0  0.0 10.3 10.3 10.3 20.6 10.3  0.0  0.0  0.0  0.0
    -23.44      0.10      7.50     -6.61     18.83  0.0  0.0  0.0  0.0  0.0
                                     t000018_s4_p1_el2ap.txt 10.5  5.6   66
  0.0  0.0  0.0 45.5  0.0  0.0  0.0  0.0  0.0  0.0  0.0  0.0  0.0  0.0  0.0
  0.0  0.0 30.3  0.0  0.0  0.0318.2181.8106.1 30.3  0.0  0.0 15.2  0.0  0.0
  0.0  0.0136.4  0.0 15.2 15.2 30.3  0.0 15.2  0.0  0.0  0.0  0.0 30.3  0.0
  0.0  0.0 15.2  0.0  0.0 30.3  0.0 30.3  0.0  0.0106.1  0.0  0.0106.1  0.0
  0.0  0.0  0.0  0.0  0.0  0.0  0.0  0.0  0.0  0.0  0.0  0.0  0.0  0.0  0.0
  0.0  0.0  0.0 15.2  0.0  0.0  0.0  0.0  0.0  0.0  0.0  0.0  0.0  0.0  0.0
  0.0  0.0  0.0  0.0  0.0  0.0  0.0  0.0  0.0  0.0  0.0  0.0  0.0  0.0  0.0
 15.2  0.0  0.0 15.2  0.0  0.0  0.0  0.0  0.0  0.0  0.0  0.0  0.0  0.0  0.0
  0.0 15.2  0.0  0.0  0.0  0.0  0.0 15.2 75.8 45.5 15.2  0.0  0.0  0.0  0.0
  0.0  0.0  0.0  0.0  0.0  0.0  0.0 30.3 30.3 15.2  0.0  0.0 15.2  0.0  0.0
    -24.38     -1.93      5.13     -1.72      0.96  0.0  0.0  0.0  0.0  0.0
                                     t000018_s4_p2_el2ap.txt 14.5  5.3   93
  0.0  0.0  0.0 43.0  0.0  0.0  0.0  0.0  0.0  0.0  0.0  0.0  0.0  0.0  0.0
  0.0  0.0  0.0 10.8  0.0  0.0387.1161.3 53.8  0.0  0.0  0.0 10.8  0.0  0.0
  0.0  0.0161.3  0.0  0.0  0.0 10.8  0.0  0.0  0.0  0.0  0.0  0.0  0.0  0.0
  0.0  0.0  0.0  0.0  0.0  0.0 10.8  0.0  0.0  0.0 53.8  0.0  0.0 64.5 10.8
  0.0  0.0  0.0  0.0  0.0  0.0  0.0  0.0  0.0  0.0  0.0  0.0  0.0  0.0  0.0
  0.0  0.0  0.0  0.0  0.0  0.0  0.0  0.0  0.0  0.0  0.0  0.0  0.0  0.0  0.0
  0.0  0.0  0.0  0.0  0.0  0.0  0.0  0.0  0.0  0.0  0.0  0.0  0.0  0.0  0.0
  0.0  0.0  0.0  0.0  0.0  0.0  0.0  0.0  0.0  0.0  0.0  0.0  0.0  0.0  0.0
  0.0  0.0  0.0  0.0  0.0  0.0  0.0 32.3 43.0 32.3 43.0 32.3  0.0  0.0  0.0
  0.0  0.0  0.0  0.0  0.0  0.0  0.0 21.5  0.0  0.0 10.8  0.0  0.0  0.0  0.0
    -28.64     -3.74     12.17     -6.61     -3.63  0.0  0.0 10.8  0.0  0.0
                                     t000018_s7_p1_el2ap.txt 11.3  5.2   69
  0.0  0.0  0.0 72.5  0.0  0.0 14.5  0.0  0.0  0.0  0.0 29.0  0.0  0.0  0.0
  0.0  0.0  0.0 14.5  0.0  0.0246.4 72.5 72.5  0.0  0.0 14.5  0.0  0.0  0.0
  0.0 14.5101.4  0.0  0.0 14.5  0.0  0.0  0.0  0.0  0.0  0.0  0.0  0.0  0.0
 14.5  0.0  0.0 14.5  0.0  0.0 58.0 14.5  0.0  0.0 72.5  0.0  0.0 87.0  0.0
  0.0  0.0  0.0  0.0  0.0  0.0  0.0  0.0  0.0  0.0  0.0  0.0  0.0  0.0  0.0
  0.0  0.0  0.0 14.5  0.0  0.0  0.0  0.0  0.0  0.0  0.0  0.0  0.0  0.0  0.0
  0.0 14.5 14.5  0.0  0.0  0.0  0.0  0.0  0.0 14.5  0.0  0.0  0.0  0.0  0.0
 14.5  0.0  0.0 14.5 29.0  0.0 43.5  0.0  0.0  0.0  0.0  0.0  0.0  0.0  0.0
  0.0  0.0  0.0  0.0  0.0  0.0  0.0 43.5 58.0  0.0 14.5  0.0  0.0  0.0  0.0
  0.0  0.0  0.0  0.0  0.0  0.0  0.0  0.0  0.0 29.0  0.0 14.5 14.5  0.0  0.0
     -0.05     -2.94     12.56     -6.61      1.05  0.0  0.0  0.0  0.0  0.0
                                    t000018_s7_p10_el2ap.txt  6.8  6.4   30
  0.0  0.0  0.0 33.3  0.0  0.0  0.0  0.0  0.0  0.0  0.0  0.0  0.0  0.0  0.0
  0.0  0.0  0.0  0.0  0.0  0.0300.0166.7 66.7 33.3 33.3  0.0  0.0  0.0  0.0
  0.0  0.0 66.7  0.0  0.0 66.7  0.0  0.0  0.0  0.0  0.0  0.0 33.3 33.3  0.0
 33.3  0.0  0.0  0.0 33.3  0.0  0.0 66.7  0.0  0.0100.0 33.3  0.0100.0  0.0
  0.0  0.0  0.0  0.0  0.0  0.0  0.0  0.0  0.0  0.0  0.0  0.0  0.0  0.0  0.0
  0.0  0.0  0.0  0.0  0.0  0.0  0.0  0.0  0.0  0.0  0.0  0.0  0.0  0.0  0.0
  0.0  0.0  0.0  0.0  0.0  0.0  0.0  0.0  0.0  0.0  0.0  0.0  0.0  0.0  0.0
  0.0  0.0  0.0  0.0  0.0  0.0  0.0  0.0  0.0  0.0  0.0  0.0  0.0  0.0  0.0
  0.0  0.0  0.0  0.0  0.0  0.0  0.0 33.3 33.3  0.0 66.7  0.0  0.0  0.0  0.0
  0.0  0.0  0.0  0.0  0.0  0.0  0.0  0.0  0.0  0.0  0.0  0.0  0.0  0.0  0.0
    -32.37     -3.15      1.82     -6.61     33.01  0.0  0.0  0.0  0.0  0.0
                                    t000018_s7_p11_el2ap.txt  7.3  5.4   33
  0.0  0.0  0.0 60.6  0.0  0.0  0.0  0.0  0.0  0.0  0.0  0.0  0.0  0.0  0.0
  0.0  0.0 30.3  0.0  0.0  0.0333.3181.8121.2  0.0  0.0  0.0  0.0  0.0  0.0
  0.0  0.0121.2  0.0  0.0  0.0  0.0  0.0  0.0  0.0  0.0  0.0  0.0 30.3  0.0
 30.3  0.0  0.0  0.0  0.0 30.3  0.0 60.6  0.0  0.0121.2  0.0  0.0 90.9  0.0
  0.0  0.0  0.0  0.0  0.0  0.0  0.0  0.0  0.0  0.0  0.0  0.0  0.0  0.0  0.0
  0.0  0.0  0.0  0.0  0.0  0.0  0.0  0.0  0.0  0.0  0.0  0.0  0.0  0.0  0.0
  0.0  0.0  0.0  0.0  0.0  0.0  0.0  0.0  0.0  0.0  0.0  0.0  0.0  0.0  0.0
  0.0  0.0  0.0  0.0  0.0  0.0  0.0  0.0  0.0  0.0  0.0  0.0  0.0  0.0  0.0
  0.0  0.0  0.0  0.0  0.0  0.0  0.0  0.0 90.9 60.6  0.0  0.0  0.0  0.0  0.0
  0.0  0.0  0.0  0.0  0.0  0.0  0.0 60.6  0.0  0.0  0.0  0.0  0.0 30.3  0.0
    -24.75     -5.73      9.39     -6.61     10.74  0.0  0.0  0.0  0.0  0.0
                                    t000018_s7_p12_el2ap.txt 14.0  5.0   76
 13.2  0.0  0.0 92.1  0.0  0.0  0.0  0.0  0.0 13.2  0.0  0.0  0.0  0.0  0.0
  0.0  0.0  0.0 13.2  0.0  0.0342.1131.6 13.2 26.3  0.0 13.2  0.0  0.0 13.2
  0.0  0.0105.3  0.0 13.2  0.0 52.6  0.0 13.2  0.0  0.0  0.0  0.0 52.6  0.0
  0.0  0.0  0.0  0.0  0.0  0.0 13.2 52.6  0.0 13.2 13.2  0.0  0.0144.7  0.0
  0.0  0.0  0.0  0.0  0.0  0.0  0.0  0.0  0.0  0.0  0.0  0.0  0.0  0.0  0.0
  0.0  0.0  0.0 26.3  0.0  0.0  0.0  0.0  0.0  0.0  0.0  0.0  0.0  0.0  0.0
  0.0  0.0 26.3  0.0  0.0  0.0  0.0  0.0  0.0  0.0  0.0  0.0  0.0  0.0  0.0
 26.3  0.0  0.0 26.3 26.3  0.0 26.3  0.0  0.0  0.0  0.0  0.0  0.0  0.0  0.0
  0.0 13.2  0.0  0.0  0.0  0.0  0.0  0.0 52.6 39.5 26.3  0.0  0.0  0.0  0.0
  0.0  0.0  0.0  0.0  0.0  0.0  0.0 39.5 39.5 13.2  0.0  0.0 13.2  0.0  0.0
    -18.26     -2.33     10.99     -2.36      4.35  0.0  0.0  0.0  0.0  0.0
                                     t000018_s7_p2_el2ap.txt 14.0  5.0   87
 11.5  0.0 11.5126.4  0.0  0.0  0.0  0.0  0.0 46.0  0.0  0.0  0.0  0.0  0.0
  0.0  0.0  0.0  0.0  0.0  0.0275.9137.9 57.5 11.5 23.0  0.0  0.0  0.0  0.0
  0.0 11.5 69.0  0.0  0.0 11.5  0.0  0.0  0.0  0.0  0.0  0.0 11.5  0.0  0.0
  0.0  0.0 11.5  0.0 11.5  0.0 11.5  0.0  0.0  0.0 92.0 23.0  0.0126.4 11.5
 23.0  0.0  0.0  0.0  0.0  0.0  0.0  0.0  0.0  0.0  0.0  0.0  0.0  0.0  0.0
  0.0  0.0  0.0 11.5  0.0  0.0  0.0  0.0  0.0  0.0  0.0  0.0  0.0  0.0  0.0
  0.0 11.5  0.0  0.0  0.0  0.0  0.0  0.0 11.5  0.0  0.0  0.0  0.0  0.0  0.0
 11.5  0.0  0.0 11.5 11.5 11.5 23.0  0.0  0.0  0.0  0.0  0.0  0.0  0.0  0.0
  0.0  0.0  0.0  0.0  0.0  0.0  0.0 11.5 34.5 34.5 57.5  0.0  0.0  0.0  0.0
 11.5  0.0  0.0  0.0  0.0  0.0  0.0 11.5 23.0 11.5  0.0  0.0  0.0  0.0  0.0
    -15.69     -4.33      9.37     -6.61      3.56  0.0 11.5  0.0  0.0  0.0
                                     t000018_s7_p3_el2ap.txt  8.5  6.0   50
  0.0  0.0  0.0 60.0  0.0  0.0  0.0  0.0  0.0  0.0  0.0  0.0  0.0  0.0  0.0
  0.0  0.0  0.0  0.0  0.0  0.0320.0180.0160.0  0.0  0.0 20.0  0.0  0.0 20.0
  0.0 20.0160.0  0.0  0.0  0.0  0.0  0.0  0.0  0.0  0.0  0.0  0.0 40.0  0.0
  0.0  0.0  0.0  0.0  0.0  0.0 20.0 40.0  0.0 20.0180.0  0.0  0.0 60.0  0.0
  0.0  0.0  0.0  0.0  0.0  0.0  0.0  0.0  0.0  0.0  0.0  0.0  0.0  0.0  0.0
  0.0  0.0  0.0  0.0  0.0  0.0  0.0  0.0  0.0  0.0  0.0  0.0  0.0  0.0  0.0
  0.0  0.0  0.0  0.0  0.0  0.0  0.0  0.0  0.0  0.0  0.0  0.0  0.0  0.0  0.0
  0.0  0.0  0.0  0.0  0.0  0.0  0.0  0.0  0.0  0.0  0.0  0.0  0.0  0.0  0.0
  0.0  0.0  0.0  0.0  0.0  0.0  0.0  0.0 80.0 40.0  0.0  0.0  0.0  0.0  0.0
  0.0  0.0  0.0  0.0  0.0  0.0  0.0  0.0 20.0  0.0  0.0  0.0  0.0  0.0  0.0
    -36.61     -1.88     29.49     -6.61      2.43  0.0  0.0  0.0  0.0  0.0
                                     t000018_s7_p4_el2ap.txt 16.3  5.2  102
  0.0  0.0  0.0 39.2  0.0  0.0  0.0  0.0  0.0 19.6  0.0  0.0  0.0  0.0  0.0
  0.0  0.0  0.0  9.8  0.0  0.0382.4166.7 49.0  0.0  9.8  0.0  0.0  9.8  0.0
  0.0  0.0117.6  0.0  0.0  9.8  9.8  0.0  0.0  0.0  0.0  0.0  0.0  9.8  0.0
  0.0  0.0  0.0  0.0  9.8  0.0  9.8  9.8  0.0  9.8 58.8  9.8  0.0 58.8  9.8
  0.0  0.0  0.0  0.0  0.0  0.0  0.0  0.0  0.0  0.0  0.0  0.0  0.0  0.0  0.0
  0.0  0.0  0.0  0.0  0.0  0.0  0.0  0.0  0.0  0.0  0.0  0.0  9.8  0.0  0.0
  0.0  0.0  0.0  0.0  0.0  0.0  0.0  0.0  0.0  0.0  0.0  0.0  0.0  0.0  0.0
  0.0  0.0  9.8  9.8  0.0  0.0  0.0  0.0  0.0  0.0  0.0  0.0  0.0  0.0  0.0
  0.0  0.0  0.0  0.0  0.0  0.0  0.0 19.6 58.8 49.0 39.2 19.6  0.0  0.0  0.0
  0.0  0.0  0.0  0.0  0.0  9.8  9.8  0.0  0.0  9.8  0.0  0.0  0.0  0.0  0.0
    -25.67     -5.29     14.35     -6.61     -2.14  9.8  0.0  0.0  0.0  0.0
                                     t000018_s7_p5_el2ap.txt 10.3  5.4   49
 20.4  0.0  0.0 40.8  0.0  0.0  0.0  0.0  0.0 20.4  0.0  0.0  0.0  0.0  0.0
  0.0  0.0  0.0 20.4  0.0  0.0265.3122.4 81.6 40.8  0.0 20.4  0.0  0.0 20.4
  0.0  0.0 61.2  0.0  0.0 20.4 20.4  0.0  0.0  0.0  0.0  0.0 20.4  0.0  0.0
 20.4  0.0  0.0  0.0  0.0  0.0 20.4 20.4  0.0 20.4163.3  0.0  0.0122.4  0.0
  0.0  0.0  0.0  0.0  0.0  0.0  0.0  0.0  0.0  0.0  0.0  0.0  0.0  0.0  0.0
  0.0  0.0  0.0  0.0  0.0  0.0  0.0  0.0  0.0 20.4  0.0  0.0  0.0  0.0  0.0
  0.0  0.0  0.0  0.0  0.0  0.0  0.0 20.4  0.0  0.0  0.0  0.0  0.0  0.0  0.0
  0.0 20.4  0.0 20.4  0.0 20.4 20.4  0.0  0.0  0.0  0.0  0.0  0.0  0.0  0.0
  0.0  0.0  0.0  0.0  0.0  0.0  0.0  0.0 81.6 40.8 20.4  0.0  0.0  0.0  0.0
  0.0  0.0  0.0  0.0  0.0  0.0  0.0 61.2  0.0  0.0  0.0  0.0  0.0  0.0  0.0
    -18.63     -0.46     14.27     -6.61     15.71  0.0  0.0  0.0  0.0  0.0
                                     t000018_s7_p6_el2ap.txt  5.8  5.5   27
  0.0  0.0  0.0  0.0  0.0  0.0  0.0  0.0  0.0  0.0  0.0  0.0  0.0  0.0  0.0
  0.0  0.0  0.0  0.0  0.0  0.0481.5111.1148.1 37.0 37.0  0.0  0.0  0.0  0.0
  0.0  0.0 74.1  0.0  0.0  0.0  0.0  0.0  0.0  0.0  0.0  0.0  0.0  0.0  0.0
  0.0  0.0  0.0  0.0  0.0  0.0  0.0  0.0  0.0  0.0148.1 37.0  0.0 74.1  0.0
  0.0  0.0  0.0  0.0  0.0  0.0  0.0  0.0  0.0  0.0  0.0  0.0  0.0  0.0  0.0
  0.0  0.0  0.0  0.0  0.0  0.0  0.0  0.0  0.0  0.0  0.0  0.0  0.0  0.0  0.0
  0.0  0.0  0.0  0.0  0.0  0.0  0.0  0.0  0.0  0.0  0.0  0.0  0.0  0.0  0.0
  0.0  0.0  0.0  0.0  0.0  0.0  0.0  0.0  0.0  0.0  0.0  0.0  0.0  0.0  0.0
  0.0  0.0  0.0  0.0  0.0  0.0  0.0  0.0  0.0  0.0 74.1  0.0 37.0  0.0  0.0
  0.0  0.0  0.0  0.0  0.0  0.0 37.0 37.0  0.0  0.0  0.0  0.0  0.0  0.0  0.0
    -38.20     -2.86      6.12     -6.61     -3.63  0.0  0.0  0.0  0.0  0.0
                                     t000018_s7_p7_el2ap.txt  9.0  5.8   44
 22.7  0.0  0.0 68.2  0.0  0.0  0.0  0.0  0.0  0.0  0.0  0.0  0.0  0.0  0.0
  0.0  0.0 22.7  0.0  0.0  0.0340.9 90.9 90.9 45.5 45.5  0.0  0.0  0.0  0.0
  0.0  0.0 90.9  0.0  0.0 22.7  0.0  0.0  0.0  0.0  0.0  0.0 22.7 45.5  0.0
  0.0 22.7 22.7  0.0  0.0 22.7 22.7 45.5  0.0  0.0 90.9 45.5  0.0113.6  0.0
  0.0  0.0  0.0  0.0  0.0  0.0  0.0  0.0  0.0  0.0  0.0  0.0  0.0  0.0  0.0
  0.0  0.0  0.0  0.0  0.0  0.0 22.7  0.0  0.0  0.0  0.0  0.0  0.0  0.0  0.0
  0.0  0.0  0.0  0.0  0.0  0.0  0.0  0.0  0.0  0.0  0.0  0.0  0.0  0.0  0.0
 22.7  0.0  0.0 22.7  0.0  0.0  0.0  0.0  0.0  0.0  0.0  0.0  0.0  0.0  0.0
  0.0  0.0  0.0  0.0  0.0  0.0  0.0  0.0 45.5 22.7 68.2 22.7  0.0  0.0  0.0
  0.0  0.0  0.0  0.0  0.0  0.0  0.0  0.0  0.0 22.7  0.0  0.0 22.7  0.0  0.0
    -20.42     -2.21      6.00     -6.61     17.47  0.0  0.0  0.0  0.0  0.0
                                     t000018_s7_p8_el2ap.txt  6.3  5.2   34
  0.0  0.0  0.0 29.4  0.0  0.0  0.0  0.0  0.0  0.0  0.0  0.0  0.0  0.0  0.0
  0.0  0.0  0.0  0.0  0.0  0.0235.3176.5205.9  0.0  0.0  0.0  0.0  0.0  0.0
  0.0 29.4 88.2  0.0  0.0 29.4  0.0  0.0  0.0  0.0  0.0  0.0  0.0 58.8  0.0
  0.0  0.0  0.0  0.0  0.0  0.0 29.4 58.8  0.0  0.0205.9  0.0  0.0 58.8  0.0
  0.0  0.0  0.0  0.0  0.0  0.0  0.0  0.0  0.0  0.0  0.0  0.0  0.0  0.0  0.0
  0.0  0.0  0.0  0.0  0.0  0.0  0.0  0.0  0.0  0.0  0.0  0.0  0.0  0.0  0.0
  0.0  0.0  0.0  0.0  0.0  0.0  0.0  0.0  0.0  0.0  0.0  0.0  0.0  0.0  0.0
  0.0  0.0  0.0  0.0  0.0  0.0  0.0  0.0  0.0  0.0  0.0  0.0  0.0  0.0  0.0
  0.0  0.0  0.0  0.0  0.0  0.0  0.0 29.4 29.4  0.0 58.8  0.0  0.0  0.0  0.0
  0.0  0.0  0.0  0.0  0.0  0.0  0.0  0.0  0.0  0.0  0.0  0.0  0.0  0.0  0.0
    -35.46     -5.73     16.32     -6.61      5.29  0.0  0.0  0.0  0.0  0.0
                                     t000018_s7_p9_el2ap.txt 14.5  5.9   74
  0.0  0.0  0.0  0.0  0.0  0.0  0.0  0.0  0.0  0.0  0.0  0.0  0.0  0.0  0.0
  0.0  0.0  0.0  0.0  0.0  0.0391.9148.6 94.6 40.5 27.0  0.0  0.0  0.0  0.0
  0.0  0.0 67.6  0.0  0.0 27.0  0.0  0.0  0.0  0.0  0.0  0.0 27.0  0.0  0.0
 13.5  0.0  0.0  0.0  0.0  0.0  0.0 13.5  0.0  0.0 94.6 27.0  0.0 54.1 13.5
  0.0  0.0  0.0  0.0  0.0  0.0  0.0  0.0  0.0  0.0  0.0  0.0  0.0  0.0  0.0
  0.0  0.0  0.0  0.0  0.0  0.0  0.0  0.0  0.0  0.0  0.0  0.0  0.0  0.0  0.0
  0.0  0.0  0.0  0.0  0.0  0.0  0.0  0.0  0.0  0.0  0.0  0.0  0.0  0.0  0.0
  0.0  0.0  0.0  0.0  0.0  0.0  0.0  0.0  0.0  0.0  0.0  0.0  0.0  0.0  0.0
  0.0  0.0  0.0  0.0  0.0  0.0  0.0  0.0  0.0 67.6 13.5  0.0  0.0  0.0  0.0
  0.0  0.0  0.0  0.0  0.0  0.0  0.0 13.5 13.5  0.0  0.0  0.0  0.0 13.5  0.0
    -35.44     -3.19      4.13     -6.61     17.62  0.0  0.0 27.0  0.0  0.0
                                     t000019_s1_p1_el2ap.txt 31.8  5.5  250
  0.0  0.0  0.0 36.0  0.0  0.0  4.0  0.0  0.0  8.0  0.0  0.0  0.0  0.0  0.0
  4.0  0.0  0.0  4.0  0.0  0.0324.0180.0104.0 28.0  0.0  4.0  0.0  0.0  0.0
  0.0  4.0 96.0  0.0  8.0 32.0  8.0  0.0  0.0  0.0  0.0  0.0  0.0 12.0  0.0
  4.0  4.0  4.0  4.0  0.0  0.0 12.0 16.0  0.0  0.0124.0  0.0  0.0 80.0  0.0
  8.0  0.0  0.0  0.0  0.0  0.0  0.0  0.0  0.0  0.0  0.0  0.0  0.0  0.0  0.0
  0.0  0.0  0.0  0.0  0.0  4.0  0.0  0.0  0.0  0.0  0.0  0.0  0.0  0.0  0.0
  0.0  4.0  0.0  0.0  0.0  0.0  0.0  0.0  0.0  0.0  0.0  0.0  0.0  0.0  0.0
  4.0  0.0  0.0  4.0  4.0  0.0  4.0  0.0  0.0  0.0  0.0  0.0  0.0  0.0  0.0
  0.0  8.0  0.0  0.0  0.0  0.0  0.0  4.0 44.0  8.0 24.0  4.0  4.0  0.0  0.0
  4.0  0.0  0.0  0.0  0.0  8.0 20.0  8.0  4.0  4.0  4.0  4.0  0.0  0.0  0.0
    -28.89     -4.04      4.95     -6.61     -0.52  0.0  0.0  0.0  0.0  0.0
                                    t000019_s11_p1_el2ap.txt 12.3  5.1   65
  0.0  0.0  0.0 92.3  0.0  0.0 15.4 15.4  0.0 30.8  0.0  0.0  0.0  0.0  0.0
  0.0  0.0  0.0  0.0  0.0  0.0215.4123.1 92.3  0.0 15.4  0.0  0.0 15.4  0.0
  0.0  0.0 92.3  0.0  0.0 46.2 15.4  0.0  0.0  0.0  0.0  0.0  0.0 30.8  0.0
  0.0  0.0  0.0 30.8  0.0  0.0  0.0 30.8  0.0 15.4107.7 15.4  0.0107.7  0.0
 15.4  0.0  0.0  0.0  0.0  0.0  0.0  0.0  0.0  0.0  0.0  0.0  0.0  0.0  0.0
  0.0  0.0  0.0  0.0  0.0  0.0  0.0  0.0  0.0  0.0  0.0  0.0  0.0  0.0  0.0
  0.0  0.0  0.0 15.4  0.0  0.0  0.0  0.0  0.0  0.0  0.0  0.0  0.0  0.0  0.0
  0.0  0.0  0.0  0.0 15.4  0.0 15.4  0.0  0.0  0.0  0.0  0.0  0.0  0.0  0.0
  0.0  0.0  0.0  0.0  0.0  0.0  0.0  0.0 15.4  0.0 46.2  0.0  0.0  0.0  0.0
  0.0  0.0  0.0  0.0  0.0  0.0  0.0 15.4  0.0 30.8  0.0  0.0 15.4  0.0  0.0
    -13.48     -5.04     13.81     -6.61      1.04  0.0  0.0  0.0  0.0  0.0
                                   t000019_s11_p10_el2ap.txt  4.3  6.5   17
  0.0  0.0  0.0176.5  0.0  0.0  0.0  0.0  0.0  0.0  0.0  0.0  0.0  0.0  0.0
  0.0  0.0  0.0  0.0  0.0  0.0235.3117.6117.6  0.0  0.0  0.0  0.0  0.0 58.8
  0.0  0.0117.6  0.0  0.0 58.8  0.0  0.0  0.0  0.0 58.8  0.0  0.0117.6  0.0
  0.0  0.0  0.0  0.0  0.0 58.8  0.0117.6  0.0 58.8117.6  0.0  0.0176.5  0.0
 58.8  0.0  0.0  0.0  0.0  0.0  0.0  0.0  0.0  0.0  0.0  0.0  0.0  0.0  0.0
  0.0  0.0  0.0  0.0  0.0  0.0  0.0  0.0  0.0  0.0  0.0  0.0  0.0  0.0  0.0
  0.0  0.0  0.0  0.0  0.0  0.0  0.0  0.0  0.0  0.0  0.0  0.0  0.0  0.0  0.0
  0.0  0.0  0.0  0.0  0.0  0.0  0.0  0.0  0.0  0.0  0.0  0.0  0.0  0.0  0.0
  0.0  0.0  0.0  0.0  0.0  0.0  0.0  0.0 58.8  0.0  0.0  0.0  0.0  0.0  0.0
 58.8  0.0  0.0  0.0  0.0  0.0  0.0  0.0 58.8  0.0  0.0 58.8  0.0  0.0  0.0
    -27.40     -5.73     35.21     21.41     14.20  0.0  0.0  0.0  0.0  0.0
                                   t000019_s11_p11_el2ap.txt 11.5  5.7   59
  0.0  0.0  0.0 33.9  0.0  0.0  0.0  0.0  0.0  0.0  0.0  0.0  0.0  0.0  0.0
 16.9  0.0  0.0 16.9  0.0  0.0271.2169.5152.5 16.9  0.0  0.0  0.0  0.0 16.9
  0.0 16.9186.4  0.0  0.0 33.9  0.0  0.0  0.0  0.0  0.0  0.0  0.0  0.0  0.0
  0.0  0.0  0.0 16.9  0.0  0.0 33.9  0.0  0.0 16.9186.4  0.0  0.0 50.8  0.0
  0.0  0.0  0.0  0.0  0.0  0.0  0.0  0.0  0.0  0.0  0.0  0.0  0.0  0.0  0.0
  0.0  0.0  0.0  0.0  0.0  0.0  0.0  0.0  0.0  0.0  0.0  0.0  0.0  0.0  0.0
  0.0  0.0  0.0  0.0  0.0  0.0  0.0  0.0  0.0  0.0  0.0  0.0  0.0  0.0  0.0
  0.0  0.0  0.0  0.0  0.0  0.0  0.0  0.0  0.0  0.0  0.0  0.0  0.0  0.0  0.0
  0.0  0.0  0.0  0.0  0.0  0.0  0.0  0.0 33.9 33.9 16.9  0.0  0.0  0.0  0.0
  0.0  0.0 33.9  0.0  0.0  0.0  0.0  0.0  0.0  0.0  0.0  0.0  0.0  0.0  0.0
    -24.45     -5.17     26.75     -6.61     -3.63 16.9  0.0  0.0  0.0  0.0
                                   t000019_s11_p12_el2ap.txt 18.3  5.4  106
  0.0  0.0  0.0 94.3  0.0  0.0  9.4  0.0  0.0 18.9  0.0  0.0  0.0  0.0  0.0
  0.0  0.0  0.0  9.4  9.4  0.0292.5150.9 66.0  9.4  0.0  0.0  0.0  0.0  9.4
  0.0 18.9 66.0  0.0  0.0 28.3  9.4  9.4  9.4  0.0  0.0  0.0  9.4  9.4  0.0
  0.0  0.0  0.0 18.9  9.4  9.4 28.3  9.4  9.4  9.4 84.9  0.0  0.0122.6  9.4
  0.0  0.0  0.0  0.0  0.0  0.0  0.0  0.0  0.0  0.0  0.0  0.0  0.0  0.0  0.0
  0.0  0.0  0.0  0.0  0.0  0.0  0.0  0.0  0.0  0.0  0.0  0.0  0.0  0.0  0.0
  0.0  0.0  0.0  9.4  0.0  0.0  0.0  0.0  0.0  0.0  0.0  0.0  0.0  0.0  0.0
  0.0  0.0  0.0  0.0  9.4  0.0  9.4  0.0  0.0  0.0  0.0  0.0  0.0  0.0  0.0
  0.0  0.0  0.0  0.0  0.0  0.0  0.0  0.0 37.7 28.3 18.9 28.3  0.0  9.4  0.0
  9.4  0.0  0.0  0.0  0.0  0.0  0.0  9.4 18.9  0.0  0.0  0.0 28.3  0.0  0.0
    -11.09     -5.42     15.66     -1.32      3.70  0.0  0.0  0.0  0.0  0.0
                                   t000019_s11_p13_el2ap.txt 21.0  4.7  129
 23.3  7.8  0.0147.3  0.0  0.0 15.5  0.0  7.8 23.3  0.0  7.8  0.0  7.8  0.0
  0.0  0.0  0.0 23.3 23.3  0.0162.8 77.5 46.5  0.0  0.0 15.5 15.5  0.0 15.5
  0.0  7.8 38.8  0.0  0.0  0.0 62.0  0.0  7.8  0.0  7.8  0.0  0.0  0.0  7.8
  0.0  0.0  0.0 15.5  7.8  7.8 38.8  7.8 23.3 15.5 93.0  7.8  7.8224.8 15.5
  7.8  0.0  0.0  0.0  0.0  0.0  0.0  0.0  0.0  0.0  0.0  0.0  0.0  0.0  0.0
  0.0  0.0  0.0  7.8  0.0  7.8  0.0  7.8  0.0  0.0  0.0  0.0  0.0  0.0  0.0
  7.8  0.0  0.0  0.0  0.0  7.8  0.0  0.0  7.8  0.0  0.0  0.0  0.0  0.0  0.0
 15.5  7.8  0.0 23.3  7.8 15.5 23.3  0.0  0.0  0.0  0.0  0.0  0.0  0.0  0.0
  0.0  0.0  0.0  0.0  0.0  0.0  0.0  0.0  0.0 31.0  7.8  0.0  0.0  7.8  7.8
 15.5  0.0  0.0  0.0  0.0  7.8  0.0 31.0 31.0 23.3  0.0 31.0  7.8  0.0  0.0
     31.24      0.12     14.29     -0.41      2.34  7.8  0.0  0.0  0.0  0.0
                                   t000019_s11_p14_el2ap.txt 12.3  5.2   56
  0.0  0.0 17.9178.6  0.0  0.0  0.0  0.0  0.0 35.7  0.0  0.0  0.0  0.0  0.0
  0.0  0.0  0.0  0.0  0.0  0.0214.3107.1 35.7  0.0  0.0  0.0  0.0  0.0  0.0
  0.0 17.9 89.3  0.0  0.0 35.7  0.0  0.0  0.0  0.0  0.0  0.0  0.0 17.9  0.0
  0.0  0.0 17.9 17.9  0.0  0.0 17.9 17.9  0.0  0.0142.9  0.0  0.0160.7  0.0
  0.0  0.0  0.0  0.0  0.0  0.0  0.0  0.0  0.0  0.0  0.0  0.0  0.0  0.0  0.0
  0.0  0.0  0.0 17.9  0.0  0.0  0.0  0.0  0.0  0.0  0.0  0.0  0.0  0.0  0.0
  0.0  0.0  0.0  0.0  0.0  0.0  0.0  0.0  0.0  0.0  0.0  0.0  0.0  0.0  0.0
 17.9  0.0  0.0 17.9  0.0  0.0  0.0  0.0  0.0  0.0  0.0  0.0  0.0  0.0  0.0
  0.0  0.0  0.0  0.0  0.0  0.0  0.0 17.9 17.9 17.9  0.0  0.0  0.0  0.0  0.0
  0.0  0.0  0.0  0.0  0.0  0.0  0.0  0.0 17.9 17.9  0.0 53.6  0.0  0.0  0.0
    -12.65     -5.73     11.76     -6.61     -0.92  0.0  0.0  0.0  0.0  0.0
                                   t000019_s11_p15_el2ap.txt  9.5  5.5   50
  0.0  0.0  0.0120.0  0.0 20.0  0.0  0.0  0.0  0.0  0.0  0.0  0.0  0.0  0.0
  0.0  0.0 20.0  0.0  0.0  0.0180.0120.0100.0  0.0100.0  0.0  0.0  0.0  0.0
  0.0 40.0 60.0  0.0  0.0 60.0 20.0  0.0  0.0  0.0  0.0  0.0 20.0  0.0  0.0
  0.0  0.0  0.0  0.0  0.0 20.0 40.0  0.0  0.0  0.0140.0100.0  0.0120.0  0.0
  0.0  0.0  0.0  0.0  0.0  0.0  0.0  0.0  0.0  0.0  0.0  0.0  0.0  0.0  0.0
  0.0  0.0  0.0  0.0  0.0  0.0  0.0  0.0  0.0  0.0  0.0  0.0 20.0  0.0  0.0
  0.0  0.0  0.0  0.0  0.0  0.0  0.0  0.0  0.0  0.0  0.0  0.0  0.0  0.0  0.0
  0.0  0.0 20.0 20.0  0.0  0.0  0.0  0.0  0.0  0.0  0.0  0.0  0.0  0.0  0.0
  0.0  0.0  0.0  0.0  0.0  0.0  0.0  0.0 60.0 20.0  0.0  0.0  0.0  0.0  0.0
  0.0  0.0  0.0  0.0  0.0  0.0  0.0  0.0  0.0  0.0  0.0  0.0  0.0  0.0  0.0
    -12.64     -1.28     16.55     -6.61      8.87  0.0  0.0  0.0  0.0  0.0
                                   t000019_s11_p16_el2ap.txt 20.3  4.3  123
 32.5  0.0  0.0122.0  0.0  0.0  0.0  8.1  0.0  8.1  0.0  8.1  0.0  0.0  0.0
  0.0  0.0  8.1  8.1 24.4  0.0252.0 97.6 40.7  0.0 65.0  8.1  0.0  0.0  0.0
  0.0  0.0 40.7  0.0  0.0 40.7 16.3  0.0 16.3 16.3  0.0  0.0  8.1  8.1  0.0
  0.0  0.0  8.1  0.0  8.1  8.1 32.5  8.1 24.4  0.0 65.0 65.0  8.1122.0  0.0
  8.1  0.0  0.0  0.0  0.0  0.0  0.0  0.0  0.0  0.0  0.0  0.0  0.0  0.0  0.0
  0.0  0.0  0.0 16.3  0.0  0.0  0.0  0.0  0.0  0.0  0.0  0.0  0.0  0.0  8.1
  0.0  0.0  0.0  0.0  0.0  0.0  0.0  0.0  0.0  0.0  0.0  0.0  0.0  0.0  0.0
 16.3  0.0  0.0 16.3  8.1  0.0  8.1  0.0  0.0  0.0  0.0  0.0  0.0  0.0  0.0
  0.0  0.0  0.0  0.0  0.0  0.0  0.0 16.3 24.4 16.3  0.0 24.4 16.3  0.0  0.0
  0.0  0.0  0.0  0.0  0.0  0.0  0.0 24.4 16.3 32.5 16.3  0.0  0.0  0.0  0.0
     20.52     -1.27      1.49      6.03      2.69  0.0  0.0  0.0  0.0  0.0
                                   t000019_s11_p17_el2ap.txt 18.5  5.3   98
 10.2  0.0  0.0 71.4  0.0  0.0  0.0  0.0  0.0  0.0  0.0  0.0  0.0  0.0  0.0
  0.0  0.0  0.0  0.0  0.0  0.0306.1142.9 61.2  0.0 30.6  0.0  0.0  0.0  0.0
  0.0  0.0112.2  0.0  0.0 61.2 20.4  0.0 10.2  0.0  0.0  0.0  0.0  0.0  0.0
  0.0  0.0 10.2  0.0  0.0  0.0  0.0  0.0  0.0  0.0 71.4 30.6  0.0112.2 20.4
  0.0  0.0  0.0  0.0  0.0  0.0  0.0  0.0  0.0  0.0  0.0  0.0  0.0  0.0  0.0
  0.0  0.0  0.0  0.0  0.0  0.0  0.0  0.0  0.0  0.0  0.0  0.0  0.0 10.2  0.0
  0.0 10.2  0.0  0.0  0.0 10.2  0.0  0.0  0.0  0.0  0.0  0.0  0.0  0.0  0.0
  0.0  0.0 10.2 10.2 10.2 10.2 20.4  0.0  0.0  0.0  0.0  0.0  0.0  0.0  0.0
  0.0  0.0  0.0  0.0  0.0  0.0  0.0  0.0 30.6 40.8 20.4 30.6 10.2  0.0 10.2
  0.0  0.0  0.0  0.0  0.0  0.0  0.0 40.8 10.2 10.2  0.0  0.0  0.0 10.2  0.0
    -26.30     -4.37      5.29     -3.31     -3.63  0.0  0.0  0.0  0.0  0.0
                                   t000019_s11_p18_el2ap.txt 17.3  5.0  102
  0.0  0.0  0.0 29.4  0.0  0.0  0.0  0.0  0.0 19.6  0.0  0.0  0.0  0.0  0.0
  0.0  0.0  0.0  0.0  0.0  0.0264.7225.5 88.2 19.6  0.0 29.4  0.0  0.0  9.8
  0.0  0.0 68.6  9.8  0.0 39.2  0.0  0.0  0.0  0.0  0.0  9.8 19.6  9.8  0.0
  0.0  0.0  0.0  0.0  0.0  0.0  0.0  9.8  0.0  9.8 98.0  0.0  0.0 49.0  0.0
  0.0  0.0  0.0  0.0  0.0  0.0  0.0  0.0  0.0  0.0  0.0  0.0  0.0  0.0  0.0
  0.0  0.0  0.0  0.0  0.0  0.0  0.0  0.0  0.0  0.0  0.0  0.0  0.0  0.0  0.0
  0.0  0.0  0.0  0.0  0.0  0.0  0.0  0.0  0.0  0.0  9.8  0.0  0.0  0.0  0.0
  0.0  0.0  0.0  0.0  0.0  0.0  0.0  9.8  0.0  0.0  0.0  0.0  0.0  0.0  0.0
  0.0  0.0  0.0  0.0  0.0  0.0  0.0  0.0  0.0  9.8 39.2  0.0  0.0  9.8  9.8
  9.8  0.0  0.0  0.0  0.0  0.0 19.6 19.6  9.8  0.0  9.8  0.0  0.0  0.0  0.0
    -28.73      0.57      5.61     -2.68     10.11  9.8  0.0  0.0  0.0  0.0
                                   t000019_s11_p19_el2ap.txt 16.5  5.2   80
 12.5  0.0  0.0 37.5  0.0  0.0 12.5  0.0 12.5  0.0  0.0  0.0  0.0  0.0  0.0
  0.0  0.0  0.0 12.5  0.0  0.0262.5150.0 62.5 12.5  0.0 12.5  0.0  0.0  0.0
  0.0  0.0 50.0  0.0  0.0 62.5 12.5  0.0  0.0  0.0  0.0  0.0 12.5  0.0 12.5
  0.0  0.0  0.0  0.0 12.5  0.0 12.5 12.5  0.0  0.0125.0 12.5  0.0100.0 25.0
  0.0 12.5  0.0  0.0  0.0  0.0  0.0  0.0  0.0  0.0  0.0  0.0  0.0  0.0  0.0
  0.0  0.0  0.0  0.0  0.0  0.0  0.0 12.5  0.0  0.0  0.0  0.0  0.0  0.0  0.0
  0.0  0.0  0.0  0.0  0.0  0.0  0.0  0.0  0.0  0.0  0.0  0.0  0.0  0.0  0.0
  0.0 12.5  0.0 12.5  0.0  0.0  0.0  0.0  0.0  0.0  0.0  0.0  0.0  0.0  0.0
  0.0  0.0  0.0  0.0  0.0  0.0  0.0  0.0 12.5 12.5 12.5  0.0  0.0 12.5  0.0
 12.5 12.5  0.0  0.0  0.0  0.0 25.0  0.0  0.0  0.0  0.0 12.5 12.5  0.0  0.0
    -20.25     -2.91      0.89     -6.61     13.80  0.0  0.0  0.0  0.0  0.0
                                    t000019_s11_p2_el2ap.txt 12.8  4.7   70
  0.0 14.3  0.0114.3  0.0  0.0 42.9 14.3  0.0 28.6 14.3 14.3  0.0 14.3  0.0
  0.0  0.0  0.0 14.3  0.0  0.0214.3142.9 85.7  0.0  0.0  0.0 14.3  0.0  0.0
  0.0  0.0 14.3  0.0  0.0 14.3 28.6 28.6  0.0  0.0  0.0  0.0 14.3 14.3  0.0
  0.0  0.0 14.3  0.0 14.3 28.6 28.6 14.3  0.0  0.0100.0  0.0  0.0142.9 14.3
  0.0  0.0  0.0  0.0  0.0  0.0  0.0  0.0  0.0  0.0  0.0  0.0  0.0  0.0  0.0
  0.0  0.0  0.0 28.6  0.0  0.0 14.3  0.0  0.0  0.0  0.0  0.0  0.0  0.0  0.0
  0.0 14.3  0.0  0.0  0.0  0.0  0.0  0.0  0.0  0.0  0.0  0.0  0.0  0.0  0.0
 42.9  0.0  0.0 42.9 14.3  0.0 14.3  0.0  0.0  0.0  0.0  0.0  0.0  0.0  0.0
  0.0  0.0  0.0  0.0  0.0  0.0  0.0 14.3 14.3 28.6 14.3 14.3  0.0  0.0  0.0
  0.0  0.0  0.0  0.0  0.0  0.0 42.9 28.6 14.3 14.3  0.0  0.0  0.0  0.0  0.0
     16.49     -3.08      1.15      0.20      7.47  0.0  0.0  0.0  0.0  0.0
                                   t000019_s11_p20_el2ap.txt 12.3  6.3   56
  0.0  0.0  0.0 17.9  0.0  0.0  0.0  0.0  0.0  0.0  0.0  0.0  0.0  0.0  0.0
  0.0  0.0  0.0 17.9  0.0  0.0517.9160.7 89.3 17.9  0.0  0.0  0.0  0.0  0.0
  0.0  0.0178.6  0.0  0.0 17.9  0.0  0.0  0.0  0.0  0.0  0.0  0.0  0.0  0.0
  0.0  0.0  0.0  0.0  0.0  0.0 17.9  0.0  0.0  0.0 89.3  0.0  0.0 35.7  0.0
  0.0  0.0  0.0  0.0  0.0  0.0  0.0  0.0  0.0  0.0  0.0  0.0  0.0  0.0  0.0
  0.0  0.0  0.0  0.0  0.0  0.0  0.0  0.0  0.0  0.0  0.0  0.0  0.0  0.0  0.0
  0.0  0.0  0.0  0.0  0.0  0.0  0.0  0.0  0.0  0.0  0.0  0.0  0.0  0.0  0.0
  0.0  0.0  0.0  0.0  0.0  0.0  0.0  0.0  0.0  0.0  0.0  0.0  0.0  0.0  0.0
  0.0  0.0  0.0  0.0  0.0  0.0  0.0  0.0  0.0  0.0 17.9  0.0  0.0 17.9  0.0
  0.0  0.0  0.0  0.0  0.0  0.0 53.6  0.0 17.9  0.0  0.0  0.0  0.0  0.0  0.0
    -35.73     -5.14     12.36     -6.61     -3.63  0.0  0.0  0.0  0.0  0.0
                                   t000019_s11_p21_el2ap.txt 24.5  5.3  142
  0.0  0.0  0.0 63.4  0.0  0.0  7.0  0.0  0.0  7.0  0.0  0.0  0.0  0.0  0.0
  0.0  0.0 14.1  7.0  0.0  0.0302.8147.9 56.3  0.0  7.0  7.0  7.0  0.0  0.0
  0.0  7.0105.6  0.0  7.0 42.3  7.0  0.0  7.0  0.0  7.0  7.0  7.0 14.1  0.0
  0.0  0.0  7.0  0.0 14.1 21.1 14.1 14.1  0.0  0.0 84.5  7.0  0.0 63.4  0.0
  7.0  0.0  0.0  0.0  0.0  0.0  0.0  0.0  0.0  0.0  0.0  0.0  0.0  0.0  0.0
  0.0  0.0  0.0  7.0  0.0  0.0  0.0  0.0  0.0  0.0  0.0  0.0  0.0  0.0  0.0
  0.0  0.0  0.0  0.0  0.0  0.0  0.0  0.0  0.0  7.0  0.0  0.0  7.0  0.0  0.0
  7.0  0.0  0.0  7.0  0.0  0.0  7.0  7.0  0.0  0.0  0.0  0.0  0.0  0.0  0.0
  0.0  0.0  0.0  0.0  0.0  0.0  0.0  0.0 21.1  7.0 28.2 14.1  0.0  0.0  7.0
  7.0  0.0  0.0  0.0  0.0  7.0  7.0  0.0  7.0  0.0  7.0  0.0  0.0  0.0  0.0
    -19.42     -2.76      6.45      1.84      2.91  0.0  0.0  0.0  0.0  0.0
                                   t000019_s11_p22_el2ap.txt 19.5  5.5  113
  0.0  0.0  0.0 35.4  0.0  0.0  0.0  0.0  0.0  0.0  0.0  0.0  0.0  0.0  0.0
  0.0  0.0  0.0  8.8  0.0  0.0336.3159.3 88.5  0.0  0.0  8.8  0.0  0.0  8.8
  0.0  8.8123.9  0.0  0.0 61.9 17.7  0.0  0.0  0.0  0.0  8.8  0.0  0.0  0.0
  0.0  0.0  0.0  0.0  0.0  0.0 17.7  0.0  0.0  8.8 88.5  0.0  0.0 70.8 17.7
  8.8  0.0  0.0  0.0  0.0  0.0  0.0  0.0  0.0  0.0  0.0  0.0  0.0  0.0  0.0
  0.0  0.0  0.0  0.0  0.0  0.0  0.0  0.0  0.0  0.0  0.0  0.0  0.0  0.0  0.0
  0.0  0.0 17.7  0.0  0.0  0.0  0.0  0.0  0.0  0.0  0.0  0.0  0.0  0.0  0.0
  0.0  0.0  0.0  0.0 17.7  0.0 17.7  0.0  0.0  0.0  0.0  0.0  0.0  0.0  0.0
  0.0  0.0  0.0  0.0  0.0  0.0  0.0  8.8 61.9  0.0 44.2  8.8  0.0  0.0  0.0
  0.0  0.0  0.0  0.0  0.0  0.0 26.5 17.7  0.0  0.0  0.0  0.0  0.0  0.0  0.0
    -30.05     -4.03     13.76     -3.07     -3.63 26.5  0.0  0.0  0.0  0.0
                                   t000019_s11_p23_el2ap.txt 12.3  5.0   65
  0.0  0.0  0.0 76.9  0.0  0.0 15.4  0.0 15.4 15.4  0.0  0.0  0.0  0.0  0.0
 15.4  0.0 15.4 15.4  0.0  0.0200.0123.1 15.4  0.0  0.0  0.0  0.0  0.0  0.0
  0.0  0.0 61.5  0.0  0.0 61.5 30.8  0.0  0.0  0.0  0.0  0.0 15.4 15.4  0.0
  0.0  0.0  0.0  0.0  0.0 15.4 15.4 15.4  0.0  0.0 46.2 15.4  0.0138.5 30.8
 15.4  0.0  0.0  0.0  0.0  0.0  0.0  0.0  0.0  0.0  0.0  0.0  0.0  0.0  0.0
  0.0  0.0  0.0  0.0  0.0  0.0  0.0  0.0  0.0  0.0  0.0  0.0  0.0  0.0  0.0
  0.0 15.4  0.0  0.0  0.0  0.0  0.0  0.0  0.0 15.4  0.0  0.0  0.0  0.0  0.0
  0.0  0.0  0.0  0.0 15.4  0.0 30.8  0.0  0.0  0.0  0.0  0.0  0.0  0.0  0.0
  0.0  0.0  0.0  0.0  0.0  0.0  0.0  0.0 15.4  0.0 30.8  0.0  0.0  0.0  0.0
  0.0  0.0  0.0  0.0  0.0  0.0  0.0 15.4  0.0 15.4 15.4 15.4 15.4  0.0  0.0
     -0.86     -5.73      1.75     -6.61      8.32  0.0  0.0  0.0  0.0  0.0
                                   t000019_s11_p24_el2ap.txt 24.3  4.5  148
 13.5  6.8  0.0101.4  0.0  0.0  0.0  0.0 13.5 20.3  0.0  0.0  0.0  0.0  0.0
  0.0  0.0  6.8  6.8  0.0  0.0223.0128.4 47.3 20.3  6.8  0.0  0.0  0.0  0.0
  0.0  0.0 54.1  0.0  0.0 54.1  6.8  0.0  0.0  6.8  0.0  6.8 13.5  6.8  0.0
  0.0  6.8 27.0 13.5  0.0  6.8 20.3  6.8  0.0  0.0 47.3 20.3 20.3101.4  0.0
  6.8  0.0  0.0  0.0  0.0  0.0  0.0  0.0  0.0  0.0  0.0  0.0  0.0  0.0  0.0
  0.0  0.0  0.0  0.0  0.0 27.0  0.0  0.0  0.0  0.0  0.0  0.0  0.0  0.0  0.0
  0.0  0.0  0.0  0.0  0.0  0.0  0.0  0.0  0.0  0.0  0.0  0.0  0.0  0.0  0.0
 27.0  0.0  0.0 27.0  0.0  0.0  0.0  0.0  0.0  0.0  0.0  0.0  0.0  0.0  0.0
  0.0  0.0  0.0  0.0  0.0  0.0  0.0  0.0 13.5  0.0 13.5  0.0  6.8  6.8  6.8
  0.0  0.0  0.0  0.0  6.8  0.0  0.0 20.3  0.0  6.8  0.0  0.0 13.5  0.0  0.0
    -11.22     -4.76      1.66     -0.83      5.84  0.0  0.0  0.0  0.0  0.0
                                   t000019_s11_p25_el2ap.txt 11.3  5.3   66
  0.0  0.0  0.0 45.5  0.0  0.0 15.2  0.0  0.0  0.0  0.0  0.0  0.0  0.0  0.0
  0.0  0.0 15.2 15.2  0.0  0.0303.0181.8 90.9  0.0  0.0  0.0  0.0 15.2  0.0
 15.2  0.0 45.5 15.2  0.0 45.5  0.0  0.0  0.0  0.0  0.0 15.2  0.0 30.3  0.0
  0.0  0.0  0.0  0.0  0.0 15.2 15.2 30.3  0.0 30.3106.1  0.0  0.0 45.5  0.0
  0.0  0.0  0.0  0.0  0.0  0.0  0.0  0.0  0.0  0.0  0.0  0.0  0.0  0.0  0.0
  0.0  0.0  0.0  0.0  0.0  0.0  0.0  0.0  0.0  0.0  0.0  0.0  0.0  0.0  0.0
  0.0  0.0  0.0  0.0  0.0  0.0  0.0  0.0  0.0  0.0  0.0  0.0  0.0  0.0  0.0
  0.0  0.0  0.0  0.0  0.0  0.0  0.0  0.0  0.0  0.0  0.0  0.0  0.0  0.0  0.0
  0.0  0.0  0.0  0.0  0.0  0.0  0.0 15.2  0.0 15.2  0.0 30.3  0.0 15.2  0.0
  0.0  0.0  0.0  0.0  0.0  0.0  0.0  0.0  0.0  0.0  0.0  0.0  0.0  0.0  0.0
    -20.48     -5.73     19.91     -0.54      0.96  0.0  0.0  0.0  0.0  0.0
                                   t000019_s11_p26_el2ap.txt 16.0  4.9   99
 20.2  0.0  0.0 20.2  0.0  0.0  0.0  0.0  0.0 10.1  0.0  0.0  0.0  0.0  0.0
  0.0  0.0  0.0  0.0  0.0  0.0303.0171.7 50.5 10.1 10.1  0.0  0.0  0.0 10.1
  0.0  0.0101.0 10.1  0.0 30.3 20.2  0.0 10.1  0.0  0.0 10.1  0.0 20.2  0.0
  0.0  0.0 10.1  0.0  0.0  0.0  0.0 20.2  0.0 10.1 60.6 10.1  0.0 70.7 10.1
  0.0  0.0  0.0  0.0  0.0  0.0  0.0  0.0  0.0  0.0  0.0  0.0  0.0  0.0  0.0
  0.0  0.0  0.0  0.0  0.0 20.2  0.0  0.0  0.0  0.0  0.0  0.0  0.0  0.0  0.0
 10.1  0.0  0.0  0.0  0.0  0.0  0.0  0.0  0.0 10.1  0.0  0.0  0.0  0.0  0.0
 20.2  0.0  0.0 20.2 10.1  0.0 20.2  0.0  0.0  0.0  0.0  0.0  0.0  0.0  0.0
  0.0  0.0  0.0  0.0  0.0  0.0  0.0 10.1 50.5 20.2  0.0  0.0  0.0  0.0 10.1
  0.0  0.0 10.1  0.0  0.0 20.2  0.0 20.2 10.1 20.2  0.0  0.0  0.0  0.0  0.0
    -24.95     -4.95      8.43      0.69     -0.57  0.0  0.0  0.0  0.0  0.0
                                   t000019_s11_p27_el2ap.txt  7.0  5.9   32
  0.0  0.0  0.0 62.5  0.0  0.0  0.0  0.0  0.0 62.5 31.3  0.0  0.0  0.0  0.0
  0.0  0.0 31.3  0.0  0.0  0.0312.5250.0 93.8  0.0  0.0  0.0  0.0  0.0  0.0
  0.0  0.0 62.5  0.0  0.0 31.3  0.0  0.0  0.0  0.0  0.0  0.0 31.3  0.0  0.0
 31.3  0.0  0.0  0.0 31.3 31.3  0.0 31.3  0.0  0.0156.3  0.0  0.0 93.8  0.0
  0.0  0.0  0.0  0.0  0.0  0.0  0.0  0.0  0.0  0.0  0.0  0.0  0.0  0.0  0.0
  0.0  0.0  0.0  0.0  0.0  0.0  0.0  0.0  0.0  0.0  0.0  0.0  0.0  0.0  0.0
  0.0  0.0  0.0  0.0  0.0  0.0  0.0  0.0  0.0 31.3  0.0  0.0  0.0  0.0  0.0
  0.0  0.0  0.0  0.0  0.0  0.0 31.3  0.0  0.0  0.0  0.0  0.0  0.0  0.0  0.0
  0.0  0.0  0.0  0.0  0.0  0.0  0.0 31.3 31.3 62.5 31.3  0.0  0.0  0.0  0.0
  0.0  0.0  0.0  0.0  0.0  0.0  0.0  0.0  0.0  0.0  0.0 31.3  0.0  0.0  0.0
    -14.25     -5.73      3.54     -6.61     25.99  0.0 31.3  0.0  0.0  0.0
                                   t000019_s11_p28_el2ap.txt 22.3  5.3  144
  0.0  0.0  0.0 55.6  0.0  0.0  6.9  0.0  0.0  6.9  0.0  0.0  0.0  0.0  0.0
  0.0  0.0  0.0  0.0  0.0  0.0263.9152.8 97.2  0.0 20.8  0.0  0.0  0.0  0.0
  0.0  6.9125.0  0.0  0.0 27.8 13.9 20.8  6.9  0.0  6.9  0.0  6.9 13.9  6.9
  0.0  0.0  6.9  0.0  6.9 27.8  6.9 20.8  0.0  0.0131.9 20.8  6.9 76.4  0.0
  0.0  0.0  0.0  0.0  0.0  0.0  0.0  0.0  0.0  0.0  0.0  0.0  0.0  0.0  0.0
  0.0  0.0  0.0  0.0  0.0  0.0  0.0  0.0  0.0  0.0  0.0  0.0  0.0  0.0  0.0
  0.0  0.0  0.0  6.9  0.0  0.0  0.0  0.0  0.0  0.0  0.0  0.0  0.0  0.0  0.0
  0.0  0.0  0.0  0.0  6.9  0.0  6.9  0.0  0.0  0.0  0.0  0.0  0.0  0.0  0.0
  0.0  0.0  0.0  0.0  0.0  0.0  0.0  0.0 41.7  6.9 20.8  0.0  0.0  0.0  6.9
  0.0  6.9 13.9  0.0  0.0  0.0 27.8  6.9  6.9  0.0  0.0  0.0  6.9  0.0  0.0
    -26.50     -4.80     10.65      3.90      8.16  0.0  0.0  0.0  0.0  0.0
                                   t000019_s11_p29_el2ap.txt 11.3  4.8   57
  0.0  0.0  0.0 87.7  0.0  0.0  0.0 17.5  0.0 17.5 17.5  0.0  0.0  0.0  0.0
  0.0  0.0  0.0  0.0  0.0  0.0263.2175.4105.3  0.0 17.5  0.0  0.0  0.0  0.0
  0.0  0.0 35.1  0.0  0.0 35.1  0.0  0.0  0.0  0.0 17.5  0.0  0.0 17.5  0.0
  0.0 17.5 17.5  0.0 17.5 17.5 17.5 17.5  0.0  0.0175.4 17.5  0.0 87.7  0.0
  0.0  0.0  0.0  0.0  0.0  0.0  0.0  0.0  0.0  0.0  0.0  0.0  0.0  0.0  0.0
  0.0  0.0  0.0  0.0  0.0  0.0  0.0  0.0  0.0  0.0  0.0  0.0  0.0  0.0  0.0
  0.0  0.0  0.0  0.0  0.0  0.0  0.0  0.0  0.0  0.0  0.0  0.0  0.0  0.0  0.0
  0.0  0.0  0.0  0.0  0.0  0.0  0.0  0.0  0.0  0.0  0.0  0.0  0.0  0.0  0.0
  0.0  0.0  0.0  0.0  0.0  0.0  0.0  0.0 35.1  0.0 52.6 17.5  0.0 17.5  0.0
 17.5  0.0  0.0  0.0  0.0 17.5 35.1  0.0 17.5  0.0  0.0  0.0  0.0  0.0  0.0
    -19.67     -4.95      1.42      1.75     -0.97  0.0  0.0  0.0  0.0  0.0
                                    t000019_s11_p3_el2ap.txt 13.8  5.7   65
 15.4  0.0  0.0 92.3  0.0  0.0 30.8  0.0 15.4 15.4  0.0  0.0  0.0 30.8  0.0
 15.4  0.0  0.0 15.4  0.0  0.0276.9123.1 46.2 15.4 15.4 15.4  0.0  0.0  0.0
  0.0  0.0 76.9  0.0 15.4 30.8  0.0  0.0  0.0  0.0  0.0  0.0  0.0  0.0  0.0
  0.0  0.0  0.0 15.4  0.0  0.0 15.4  0.0  0.0  0.0 76.9 30.8  0.0138.5 15.4
  0.0  0.0  0.0  0.0  0.0  0.0  0.0  0.0  0.0  0.0  0.0  0.0  0.0  0.0  0.0
  0.0  0.0  0.0  0.0  0.0  0.0  0.0  0.0  0.0  0.0  0.0  0.0 15.4  0.0  0.0
  0.0  0.0  0.0  0.0  0.0  0.0  0.0  0.0  0.0  0.0  0.0  0.0  0.0  0.0  0.0
  0.0  0.0 15.4 15.4  0.0  0.0  0.0  0.0  0.0  0.0  0.0  0.0  0.0  0.0  0.0
  0.0  0.0  0.0  0.0  0.0  0.0  0.0  0.0 15.4  0.0  0.0  0.0  0.0  0.0  0.0
  0.0  0.0  0.0  0.0  0.0 15.4  0.0 15.4  0.0 61.5  0.0  0.0 15.4  0.0  0.0
      9.77     -1.58      0.04     -6.61     -3.63  0.0  0.0  0.0  0.0  0.0
                                    t000019_s11_p4_el2ap.txt  7.8  4.9   39
 25.6  0.0  0.0128.2  0.0  0.0  0.0  0.0  0.0102.6  0.0  0.0  0.0  0.0  0.0
  0.0  0.0  0.0 25.6  0.0  0.0205.1128.2102.6  0.0  0.0  0.0  0.0  0.0  0.0
  0.0  0.0 76.9  0.0  0.0 51.3  0.0  0.0  0.0  0.0  0.0  0.0  0.0  0.0  0.0
  0.0  0.0 25.6  0.0  0.0  0.0 25.6  0.0  0.0  0.0102.6  0.0  0.0128.2  0.0
 51.3  0.0  0.0  0.0  0.0  0.0  0.0  0.0  0.0  0.0  0.0  0.0  0.0  0.0  0.0
  0.0  0.0  0.0  0.0  0.0  0.0 25.6  0.0  0.0  0.0  0.0  0.0  0.0  0.0  0.0
  0.0  0.0  0.0  0.0  0.0  0.0  0.0  0.0  0.0  0.0  0.0  0.0  0.0  0.0  0.0
 25.6  0.0  0.0 25.6  0.0  0.0  0.0  0.0  0.0  0.0  0.0  0.0  0.0  0.0  0.0
  0.0  0.0  0.0  0.0  0.0  0.0  0.0  0.0  0.0  0.0  0.0  0.0  0.0  0.0  0.0
  0.0  0.0  0.0  0.0  0.0  0.0 51.3  0.0  0.0 25.6  0.0  0.0  0.0  0.0  0.0
     -1.37     -5.73      3.40     -6.61     -3.63  0.0  0.0  0.0  0.0  0.0
                                    t000019_s11_p5_el2ap.txt 12.3  5.5   61
  0.0  0.0  0.0 49.2  0.0  0.0 16.4  0.0  0.0 16.4  0.0  0.0  0.0  0.0  0.0
  0.0  0.0  0.0 16.4  0.0  0.0262.3147.5 98.4  0.0 49.2  0.0 16.4  0.0  0.0
  0.0 16.4 82.0  0.0  0.0 32.8 16.4  0.0  0.0  0.0  0.0  0.0  0.0 16.4 32.8
  0.0 16.4 16.4  0.0  0.0  0.0 49.2 49.2  0.0  0.0114.8 49.2  0.0 82.0  0.0
 16.4  0.0  0.0  0.0  0.0  0.0  0.0  0.0  0.0  0.0  0.0  0.0  0.0  0.0  0.0
  0.0  0.0  0.0 16.4  0.0  0.0  0.0  0.0  0.0  0.0  0.0  0.0  0.0  0.0  0.0
  0.0 16.4  0.0  0.0  0.0  0.0  0.0  0.0  0.0  0.0  0.0  0.0  0.0  0.0  0.0
 16.4  0.0  0.0 16.4 16.4  0.0 16.4  0.0  0.0  0.0  0.0  0.0  0.0  0.0  0.0
  0.0  0.0  0.0  0.0  0.0  0.0  0.0  0.0 16.4 32.8 16.4  0.0  0.0  0.0  0.0
  0.0  0.0  0.0  0.0  0.0  0.0 16.4 16.4 16.4 16.4  0.0  0.0  0.0  0.0  0.0
    -20.33     -0.51     10.87     -6.61     24.08  0.0  0.0  0.0  0.0  0.0
                                    t000019_s11_p6_el2ap.txt 11.0  5.8   54
  0.0  0.0  0.0 37.0  0.0  0.0  0.0  0.0  0.0 18.5  0.0  0.0  0.0  0.0  0.0
  0.0  0.0  0.0  0.0  0.0  0.0277.8 92.6166.7  0.0 37.0  0.0  0.0  0.0  0.0
  0.0 18.5 74.1  0.0  0.0  0.0  0.0  0.0  0.0  0.0  0.0  0.0  0.0  0.0  0.0
  0.0 18.5  0.0 18.5  0.0  0.0 37.0  0.0  0.0  0.0222.2 37.0 18.5 55.6 18.5
 18.5  0.0  0.0  0.0  0.0  0.0  0.0  0.0  0.0  0.0  0.0  0.0  0.0  0.0  0.0
  0.0  0.0  0.0  0.0  0.0  0.0  0.0  0.0  0.0  0.0  0.0  0.0  0.0  0.0  0.0
  0.0  0.0  0.0  0.0  0.0  0.0  0.0  0.0  0.0  0.0  0.0  0.0  0.0  0.0  0.0
  0.0  0.0  0.0  0.0  0.0  0.0  0.0  0.0  0.0  0.0  0.0  0.0  0.0  0.0  0.0
  0.0  0.0  0.0  0.0  0.0  0.0  0.0  0.0 18.5 37.0 37.0 37.0 18.5  0.0  0.0
  0.0  0.0  0.0  0.0  0.0  0.0 55.6  0.0  0.0 37.0  0.0  0.0  0.0  0.0  0.0
    -29.84     -4.08     12.98     -6.61     -3.63  0.0  0.0  0.0  0.0  0.0
                                    t000019_s11_p7_el2ap.txt 25.8  5.2  147
 13.6  0.0  0.0 88.4  0.0  0.0  0.0  0.0  0.0 13.6  0.0 13.6  0.0  0.0  0.0
  0.0  0.0  0.0  6.8  6.8  0.0292.5136.1 68.0  6.8 20.4  0.0  6.8  0.0  6.8
  0.0  6.8 54.4  0.0  0.0  6.8 13.6  6.8  0.0  0.0  0.0  0.0  0.0  6.8  0.0
 13.6  0.0  0.0 13.6 13.6  6.8 27.2 20.4  6.8  6.8 88.4 20.4  0.0102.0 13.6
  0.0  0.0  0.0  0.0  0.0  0.0  0.0  0.0  0.0  0.0  0.0  0.0  0.0  0.0  0.0
  0.0  0.0  0.0  0.0  0.0  0.0  0.0  0.0  0.0  0.0  0.0  0.0  0.0  0.0  0.0
  0.0  0.0  6.8  0.0  0.0  0.0  0.0  0.0  0.0  0.0  0.0  0.0  0.0  0.0  0.0
  0.0  0.0  0.0  0.0  6.8  0.0  6.8  0.0  0.0  0.0  0.0  0.0  0.0  0.0  0.0
  0.0  0.0  0.0  0.0  0.0  0.0  0.0  6.8 34.0  6.8 40.8  6.8  0.0  0.0  0.0
 13.6  0.0  0.0  0.0  0.0  0.0 20.4 20.4  6.8 27.2  0.0  0.0  6.8  0.0  0.0
     -6.83     -3.34     10.29     -4.99      1.79  0.0  0.0  0.0  0.0  0.0
                                    t000019_s11_p8_el2ap.txt 10.5  5.2   59
  0.0  0.0  0.0 50.8  0.0  0.0  0.0  0.0  0.0 33.9  0.0  0.0  0.0  0.0  0.0
  0.0  0.0  0.0  0.0  0.0  0.0355.9152.5 50.8  0.0 16.9  0.0  0.0  0.0  0.0
  0.0  0.0118.6  0.0  0.0  0.0  0.0  0.0  0.0  0.0  0.0  0.0  0.0  0.0  0.0
  0.0  0.0  0.0  0.0  0.0  0.0  0.0  0.0  0.0  0.0 50.8 16.9  0.0 67.8 16.9
  0.0  0.0  0.0  0.0  0.0  0.0  0.0  0.0  0.0  0.0  0.0  0.0  0.0  0.0  0.0
  0.0  0.0  0.0  0.0  0.0  0.0  0.0  0.0  0.0  0.0  0.0  0.0  0.0  0.0  0.0
  0.0  0.0  0.0  0.0  0.0  0.0  0.0  0.0  0.0  0.0  0.0  0.0  0.0  0.0  0.0
  0.0  0.0  0.0  0.0  0.0  0.0  0.0  0.0  0.0  0.0  0.0  0.0  0.0  0.0  0.0
  0.0  0.0  0.0  0.0  0.0  0.0  0.0  0.0 67.8 16.9 50.8  0.0  0.0  0.0 16.9
 16.9  0.0  0.0  0.0  0.0  0.0  0.0 16.9  0.0  0.0  0.0  0.0  0.0  0.0  0.0
    -24.27     -4.97      9.21     -6.61     -3.63 16.9  0.0  0.0  0.0  0.0
                                    t000019_s11_p9_el2ap.txt  7.5  5.8   33
  0.0  0.0  0.0121.2  0.0  0.0  0.0  0.0  0.0 30.3  0.0  0.0  0.0  0.0  0.0
  0.0  0.0 30.3  0.0  0.0  0.0181.8151.5 60.6  0.0 30.3  0.0  0.0  0.0  0.0
  0.0  0.0121.2  0.0  0.0 30.3  0.0  0.0  0.0  0.0  0.0  0.0  0.0  0.0 30.3
  0.0 60.6 30.3  0.0 30.3 30.3 60.6 30.3  0.0  0.0181.8 30.3  0.0151.5  0.0
  0.0  0.0  0.0  0.0  0.0  0.0  0.0  0.0  0.0  0.0  0.0  0.0  0.0  0.0  0.0
  0.0  0.0  0.0  0.0  0.0  0.0 30.3  0.0  0.0  0.0  0.0  0.0  0.0  0.0  0.0
  0.0  0.0  0.0  0.0  0.0  0.0  0.0  0.0  0.0  0.0  0.0  0.0  0.0  0.0  0.0
 30.3  0.0  0.0 30.3  0.0  0.0  0.0  0.0  0.0  0.0  0.0  0.0  0.0  0.0  0.0
  0.0  0.0  0.0  0.0  0.0  0.0  0.0  0.0 30.3  0.0 30.3  0.0  0.0  0.0  0.0
  0.0  0.0  0.0  0.0  0.0 30.3  0.0  0.0  0.0 30.3  0.0  0.0  0.0  0.0  0.0
    -11.10     -4.38      7.67     -6.61     19.68  0.0  0.0  0.0  0.0  0.0
                                    t000019_s14_p1_el2ap.txt  5.5  5.9   23
  0.0  0.0  0.0 43.5  0.0  0.0  0.0  0.0 43.5  0.0  0.0  0.0  0.0  0.0  0.0
  0.0  0.0  0.0  0.0  0.0  0.0304.3 87.0 87.0 43.5  0.0 43.5  0.0  0.0  0.0
  0.0  0.0 43.5  0.0 43.5  0.0 43.5  0.0  0.0  0.0  0.0  0.0  0.0  0.0 43.5
  0.0  0.0  0.0  0.0  0.0  0.0  0.0 43.5  0.0  0.0130.4 43.5  0.0130.4  0.0
  0.0  0.0  0.0  0.0  0.0  0.0  0.0  0.0  0.0  0.0  0.0  0.0  0.0  0.0  0.0
  0.0  0.0  0.0  0.0  0.0  0.0  0.0  0.0  0.0  0.0  0.0  0.0  0.0  0.0  0.0
  0.0  0.0  0.0  0.0  0.0  0.0  0.0  0.0  0.0  0.0  0.0  0.0  0.0  0.0  0.0
  0.0  0.0  0.0  0.0  0.0  0.0  0.0  0.0  0.0  0.0  0.0  0.0  0.0  0.0  0.0
  0.0 43.5  0.0  0.0  0.0  0.0  0.0  0.0 87.0  0.0  0.0  0.0  0.0  0.0  0.0
  0.0  0.0  0.0  0.0  0.0  0.0  0.0 43.5  0.0  0.0  0.0  0.0  0.0  0.0  0.0
    -27.06      4.06     -8.79     -6.61     29.82  0.0  0.0  0.0  0.0  0.0
                                    t000019_s14_p2_el2ap.txt 11.8  5.8   55
  0.0  0.0  0.0145.5  0.0  0.0  0.0 18.2  0.0 18.2  0.0  0.0  0.0  0.0  0.0
  0.0  0.0  0.0  0.0  0.0  0.0327.3109.1 90.9  0.0  0.0  0.0 18.2  0.0 18.2
  0.0  0.0218.2  0.0  0.0  0.0  0.0  0.0  0.0  0.0  0.0  0.0  0.0  0.0  0.0
  0.0  0.0 18.2  0.0  0.0  0.0  0.0  0.0  0.0 18.2 90.9  0.0  0.0145.5  0.0
  0.0  0.0  0.0  0.0  0.0  0.0  0.0  0.0  0.0  0.0  0.0  0.0  0.0  0.0  0.0
  0.0  0.0  0.0 18.2  0.0  0.0  0.0  0.0  0.0  0.0  0.0  0.0  0.0  0.0  0.0
  0.0 18.2 18.2  0.0  0.0  0.0  0.0  0.0  0.0  0.0  0.0  0.0  0.0  0.0  0.0
 18.2  0.0  0.0 18.2 36.4  0.0 36.4  0.0  0.0  0.0  0.0  0.0  0.0  0.0  0.0
  0.0  0.0  0.0  0.0  0.0  0.0  0.0  0.0 18.2  0.0  0.0 18.2  0.0  0.0  0.0
  0.0  0.0  0.0  0.0  0.0 18.2 18.2  0.0 18.2  0.0 18.2  0.0 18.2  0.0  0.0
    -20.46     -2.36     25.22     -6.61     -3.63  0.0  0.0  0.0  0.0  0.0
                                    t000019_s14_p4_el2ap.txt 16.5  5.1   76
  0.0  0.0  0.0131.6  0.0  0.0 13.2  0.0 13.2 26.3  0.0  0.0  0.0  0.0  0.0
  0.0  0.0 13.2 13.2  0.0  0.0223.7 78.9 78.9  0.0  0.0  0.0  0.0  0.0 13.2
 13.2  0.0 65.8  0.0  0.0  0.0 26.3 13.2  0.0  0.0 13.2  0.0  0.0 13.2 13.2
  0.0  0.0 13.2  0.0 13.2 39.5 13.2 26.3  0.0 26.3 92.1 13.2  0.0144.7  0.0
  0.0  0.0  0.0  0.0  0.0  0.0  0.0  0.0  0.0  0.0  0.0  0.0  0.0  0.0  0.0
  0.0  0.0  0.0  0.0  0.0 13.2 13.2  0.0  0.0  0.0  0.0  0.0  0.0  0.0  0.0
  0.0 13.2  0.0  0.0  0.0  0.0  0.0  0.0  0.0  0.0  0.0  0.0  0.0  0.0  0.0
 26.3  0.0  0.0 26.3 13.2  0.0 13.2  0.0  0.0  0.0  0.0  0.0  0.0  0.0  0.0
  0.0  0.0  0.0  0.0  0.0  0.0  0.0  0.0  0.0  0.0 13.2 13.2  0.0  0.0  0.0
  0.0  0.0  0.0  0.0  0.0  0.0  0.0 26.3 13.2 13.2 13.2  0.0 13.2  0.0  0.0
     -7.69     -5.73     24.08      2.79      8.49  0.0  0.0  0.0  0.0  0.0
                                    t000019_s14_p5_el2ap.txt 10.8  5.4   51
  0.0  0.0  0.0 19.6  0.0  0.0  0.0  0.0  0.0  0.0  0.0  0.0  0.0  0.0  0.0
  0.0  0.0  0.0  0.0  0.0  0.0333.3176.5 39.2 19.6  0.0  0.0  0.0  0.0  0.0
  0.0  0.0 98.0  0.0  0.0  0.0  0.0  0.0  0.0  0.0  0.0  0.0  0.0 19.6  0.0
  0.0  0.0  0.0  0.0  0.0  0.0  0.0 19.6  0.0  0.0 39.2  0.0  0.0 58.8  0.0
  0.0  0.0  0.0  0.0  0.0  0.0  0.0  0.0  0.0  0.0  0.0  0.0  0.0  0.0  0.0
  0.0  0.0  0.0  0.0  0.0  0.0  0.0  0.0  0.0  0.0  0.0  0.0  0.0  0.0  0.0
  0.0  0.0  0.0  0.0  0.0  0.0  0.0  0.0  0.0  0.0  0.0  0.0  0.0  0.0  0.0
  0.0  0.0  0.0  0.0  0.0  0.0  0.0  0.0  0.0  0.0  0.0  0.0  0.0  0.0  0.0
  0.0  0.0  0.0  0.0  0.0  0.0  0.0  0.0  0.0 19.6 19.6  0.0 19.6 19.6  0.0
  0.0  0.0  0.0  0.0  0.0  0.0  0.0  0.0 19.6  0.0  0.0  0.0  0.0  0.0  0.0
    -29.98     -5.08      7.78     -6.61     -0.66 19.6  0.0  0.0  0.0  0.0
                                    t000019_s20_p1_el2ap.txt  8.3  5.9   34
  0.0  0.0  0.0 29.4  0.0  0.0  0.0  0.0  0.0  0.0  0.0  0.0  0.0  0.0  0.0
  0.0  0.0  0.0  0.0  0.0  0.0382.4147.1117.6 29.4  0.0  0.0  0.0  0.0  0.0
  0.0  0.0205.9  0.0  0.0  0.0  0.0  0.0  0.0  0.0  0.0  0.0  0.0 29.4  0.0
  0.0  0.0  0.0  0.0  0.0  0.0  0.0 29.4  0.0  0.0117.6  0.0  0.0 58.8  0.0
 29.4  0.0  0.0  0.0  0.0  0.0  0.0  0.0  0.0  0.0  0.0  0.0  0.0  0.0  0.0
  0.0  0.0  0.0  0.0  0.0  0.0  0.0  0.0  0.0  0.0  0.0  0.0  0.0  0.0  0.0
  0.0  0.0  0.0  0.0  0.0  0.0  0.0  0.0  0.0  0.0  0.0  0.0  0.0  0.0  0.0
  0.0  0.0  0.0  0.0  0.0  0.0  0.0  0.0  0.0  0.0  0.0  0.0  0.0  0.0  0.0
  0.0  0.0  0.0  0.0  0.0  0.0  0.0  0.0 29.4 29.4 29.4 58.8  0.0  0.0  0.0
  0.0  0.0  0.0  0.0  0.0 29.4  0.0  0.0  0.0  0.0  0.0  0.0  0.0  0.0  0.0
    -35.28     -4.76     15.27     -6.61      0.83  0.0  0.0  0.0  0.0  0.0
                                   t000019_s20_p10_el2ap.txt 10.3  5.0   53
 18.9  0.0  0.0 56.6  0.0  0.0  0.0  0.0  0.0  0.0  0.0  0.0  0.0  0.0  0.0
  0.0  0.0 18.9  0.0  0.0  0.0245.3132.1132.1  0.0 37.7  0.0  0.0  0.0  0.0
  0.0  0.0 37.7  0.0  0.0 37.7 37.7  0.0  0.0 37.7  0.0  0.0  0.0  0.0  0.0
 18.9 37.7  0.0 18.9  0.0 18.9 75.5 18.9  0.0  0.0132.1 37.7  0.0113.2  0.0
  0.0  0.0  0.0  0.0  0.0  0.0  0.0  0.0  0.0  0.0  0.0  0.0  0.0  0.0  0.0
  0.0  0.0  0.0  0.0  0.0  0.0  0.0  0.0  0.0  0.0  0.0  0.0  0.0  0.0  0.0
  0.0  0.0  0.0  0.0  0.0  0.0  0.0  0.0  0.0  0.0  0.0  0.0  0.0  0.0  0.0
  0.0  0.0  0.0  0.0  0.0  0.0  0.0  0.0  0.0  0.0  0.0  0.0  0.0  0.0  0.0
  0.0  0.0  0.0  0.0  0.0  0.0  0.0  0.0  0.0  0.0 37.7  0.0  0.0 18.9  0.0
  0.0  0.0  0.0  0.0 18.9  0.0 37.7 18.9 18.9 37.7  0.0 18.9  0.0  0.0  0.0
    -21.48     -4.05      1.45     10.55      2.46  0.0  0.0  0.0  0.0  0.0
                                   t000019_s20_p11_el2ap.txt  3.0  4.3   14
  0.0  0.0  0.0 71.4  0.0  0.0  0.0  0.0  0.0  0.0  0.0  0.0  0.0  0.0  0.0
  0.0  0.0  0.0  0.0  0.0  0.0357.1 71.4  0.0  0.0  0.0  0.0  0.0  0.0  0.0
  0.0  0.0  0.0  0.0  0.0  0.0 71.4  0.0 71.4  0.0  0.0  0.0  0.0  0.0  0.0
 71.4  0.0  0.0  0.0  0.0  0.0  0.0 71.4  0.0  0.0  0.0  0.0  0.0142.9  0.0
  0.0  0.0  0.0  0.0  0.0  0.0  0.0  0.0  0.0  0.0  0.0  0.0  0.0  0.0  0.0
  0.0  0.0  0.0  0.0  0.0  0.0  0.0  0.0  0.0  0.0  0.0  0.0  0.0  0.0  0.0
  0.0  0.0  0.0  0.0  0.0  0.0  0.0  0.0  0.0  0.0  0.0  0.0  0.0  0.0  0.0
  0.0  0.0  0.0  0.0  0.0  0.0  0.0  0.0  0.0  0.0  0.0  0.0  0.0  0.0  0.0
  0.0  0.0  0.0  0.0  0.0  0.0  0.0  0.0  0.0  0.0 71.4  0.0  0.0  0.0  0.0
  0.0  0.0  0.0  0.0  0.0  0.0  0.0  0.0  0.0  0.0  0.0  0.0  0.0  0.0  0.0
    -20.20     -5.73      0.97     16.44     19.42  0.0  0.0  0.0  0.0  0.0
                                   t000019_s20_p12_el2ap.txt 11.8  5.0   63
 15.9  0.0  0.0111.1  0.0  0.0  0.0 15.9 15.9  0.0  0.0  0.0  0.0  0.0  0.0
  0.0  0.0  0.0  0.0  0.0  0.0174.6 79.4 63.5  0.0 15.9 15.9  0.0  0.0  0.0
  0.0 31.7 15.9  0.0  0.0 95.2 47.6 15.9  0.0  0.0  0.0  0.0 31.7 15.9  0.0
  0.0  0.0  0.0  0.0 15.9 15.9 31.7 15.9  0.0  0.0111.1 31.7  0.0142.9 15.9
 47.6  0.0  0.0  0.0  0.0  0.0  0.0  0.0  0.0  0.0  0.0  0.0  0.0  0.0  0.0
  0.0  0.0  0.0  0.0  0.0  0.0  0.0 15.9  0.0  0.0  0.0  0.0  0.0  0.0  0.0
  0.0  0.0  0.0  0.0  0.0  0.0  0.0  0.0  0.0  0.0  0.0  0.0  0.0  0.0  0.0
  0.0 15.9  0.0 15.9  0.0  0.0  0.0  0.0  0.0  0.0  0.0  0.0  0.0  0.0  0.0
  0.0  0.0  0.0  0.0  0.0  0.0  0.0 15.9 31.7  0.0  0.0  0.0  0.0  0.0  0.0
  0.0  0.0 15.9  0.0  0.0  0.0  0.0 31.7  0.0 31.7  0.0  0.0 31.7  0.0  0.0
    -13.39     -1.97      8.42     -2.83     18.62  0.0  0.0  0.0  0.0  0.0
                                   t000019_s20_p13_el2ap.txt 15.3  5.3   75
 26.7  0.0  0.0 66.7  0.0  0.0  0.0  0.0  0.0 13.3  0.0  0.0  0.0  0.0  0.0
  0.0  0.0  0.0  0.0  0.0  0.0360.0146.7 80.0  0.0 13.3  0.0  0.0  0.0  0.0
  0.0  0.0120.0  0.0  0.0 13.3  0.0  0.0  0.0  0.0  0.0  0.0 13.3 13.3  0.0
  0.0  0.0 13.3  0.0  0.0  0.0  0.0 13.3  0.0  0.0 93.3 13.3  0.0 66.7  0.0
  0.0  0.0  0.0  0.0  0.0  0.0  0.0  0.0  0.0  0.0  0.0  0.0  0.0  0.0  0.0
  0.0  0.0  0.0 13.3  0.0  0.0  0.0  0.0  0.0  0.0  0.0  0.0 13.3  0.0  0.0
  0.0  0.0  0.0  0.0  0.0  0.0  0.0  0.0  0.0  0.0  0.0  0.0  0.0  0.0  0.0
 13.3  0.0 13.3 26.7  0.0  0.0  0.0  0.0  0.0  0.0  0.0  0.0  0.0  0.0  0.0
  0.0  0.0  0.0  0.0  0.0  0.0  0.0  0.0 40.0 26.7 66.7 13.3  0.0  0.0 13.3
  0.0  0.0 26.7  0.0  0.0  0.0 13.3  0.0 26.7  0.0  0.0  0.0 26.7  0.0  0.0
    -25.78     -5.14      8.55     -6.61      6.73  0.0  0.0  0.0  0.0  0.0
                                   t000019_s20_p14_el2ap.txt 10.0  4.9   51
  0.0  0.0  0.0 58.8  0.0  0.0  0.0  0.0  0.0  0.0  0.0  0.0  0.0  0.0  0.0
  0.0  0.0  0.0  0.0  0.0  0.0215.7176.5 58.8  0.0  0.0  0.0  0.0  0.0  0.0
  0.0 19.6 78.4  0.0  0.0  0.0 19.6  0.0  0.0  0.0  0.0  0.0  0.0  0.0  0.0
  0.0  0.0  0.0 19.6 58.8  0.0 19.6  0.0  0.0  0.0156.9  0.0  0.0 78.4  0.0
  0.0  0.0  0.0  0.0  0.0  0.0  0.0  0.0  0.0  0.0  0.0  0.0  0.0  0.0  0.0
  0.0  0.0  0.0  0.0  0.0  0.0  0.0  0.0  0.0  0.0  0.0  0.0  0.0  0.0  0.0
  0.0  0.0  0.0  0.0  0.0  0.0  0.0  0.0  0.0  0.0  0.0  0.0  0.0  0.0  0.0
  0.0  0.0  0.0  0.0  0.0  0.0  0.0  0.0  0.0  0.0  0.0  0.0  0.0  0.0  0.0
  0.0  0.0  0.0  0.0  0.0  0.0  0.0  0.0 39.2  0.0 19.6 19.6  0.0  0.0  0.0
  0.0  0.0  0.0  0.0  0.0  0.0  0.0 19.6  0.0  0.0  0.0  0.0  0.0  0.0  0.0
    -25.40     -5.73     13.68     -6.61     -3.63 19.6  0.0  0.0  0.0  0.0
                                   t000019_s20_p15_el2ap.txt 31.8  5.2  193
 10.4  0.0  0.0 67.4  0.0  0.0  5.2  0.0  0.0 10.4  0.0  0.0  0.0  5.2  0.0
  0.0  0.0  5.2  5.2  0.0  0.0326.4139.9 51.8  0.0 10.4  0.0  0.0  0.0 10.4
  0.0  0.0134.7  0.0  5.2 41.5 20.7  5.2  0.0  0.0  0.0  0.0  5.2 10.4  0.0
  0.0  0.0  5.2  0.0  5.2 10.4  5.2 10.4  0.0 10.4 72.5 10.4  0.0 88.1  5.2
  5.2  0.0  0.0  0.0  0.0  0.0  0.0  0.0  0.0  0.0  0.0  0.0  0.0  0.0  0.0
  0.0  0.0  0.0  5.2  0.0  5.2  0.0  5.2  0.0  0.0  0.0  0.0  0.0  0.0  0.0
  5.2  0.0  5.2  0.0  0.0  0.0  0.0  0.0  5.2  5.2  0.0  0.0  5.2  0.0  0.0
 10.4  5.2  0.0 15.5 10.4  5.2 20.7  5.2  0.0  0.0  0.0  0.0  0.0  0.0  0.0
  0.0  0.0  0.0  0.0  0.0  0.0  0.0 15.5 46.6 15.5 15.5  5.2  0.0  0.0  0.0
 10.4  0.0  0.0  0.0  0.0  0.0 10.4  5.2  0.0 10.4 10.4  0.0  0.0  5.2  0.0
    -18.39     -5.27     11.63     -5.37      1.18  5.2  0.0  0.0  0.0  0.0
                                   t000019_s20_p16_el2ap.txt 19.0  4.9  126
  7.9  0.0  0.0 79.4  0.0  0.0  0.0  0.0  0.0  0.0  0.0  0.0  0.0  0.0  0.0
  0.0  0.0  0.0  0.0  0.0  0.0269.8134.9 71.4 15.9 23.8 15.9  0.0  0.0  0.0
  0.0  0.0 55.6  0.0  0.0 31.7  7.9  0.0  0.0  0.0  0.0  0.0 15.9 15.9  0.0
  0.0  0.0  7.9  7.9  0.0  0.0  0.0 15.9  0.0  0.0 87.3 23.8 23.8103.2  0.0
 15.9  0.0  0.0  0.0  0.0  0.0  0.0  0.0  0.0  0.0  0.0  0.0  0.0  0.0  0.0
  0.0  0.0  0.0  0.0  0.0  7.9  0.0  0.0  0.0  0.0  0.0  0.0  0.0  0.0  0.0
  0.0  0.0  0.0  0.0  0.0  7.9  0.0  0.0  0.0  0.0  0.0  0.0  0.0  0.0  0.0
  7.9  0.0  0.0  7.9  0.0  7.9  7.9  0.0  0.0  0.0  0.0  0.0  0.0  0.0  0.0
  0.0  0.0  0.0  0.0  0.0  0.0  0.0  0.0  0.0  0.0  0.0 23.8 15.9  7.9  0.0
  0.0  0.0  0.0  0.0  0.0  0.0 15.9 15.9  0.0  0.0  0.0  0.0  7.9  7.9  0.0
    -24.66     -1.09      3.03     -6.61      8.70  0.0  0.0  0.0  0.0  0.0
                                   t000019_s20_p17_el2ap.txt 13.8  4.7   72
 13.9 13.9  0.0 69.4  0.0  0.0  0.0  0.0  0.0  0.0  0.0  0.0  0.0  0.0  0.0
  0.0  0.0  0.0  0.0  0.0  0.0250.0166.7 83.3 13.9 27.8  0.0 13.9  0.0  0.0
  0.0  0.0111.1  0.0 13.9 27.8 13.9  0.0  0.0  0.0  0.0 13.9  0.0 13.9  0.0
  0.0  0.0 13.9 27.8  0.0  0.0  0.0 13.9  0.0  0.0125.0 27.8 13.9111.1 13.9
  0.0  0.0  0.0  0.0  0.0  0.0  0.0  0.0  0.0  0.0  0.0  0.0  0.0  0.0  0.0
  0.0  0.0  0.0 13.9  0.0 13.9  0.0  0.0  0.0  0.0  0.0  0.0  0.0  0.0  0.0
  0.0  0.0  0.0  0.0  0.0  0.0  0.0  0.0  0.0  0.0  0.0  0.0  0.0  0.0  0.0
 27.8  0.0  0.0 27.8  0.0  0.0  0.0  0.0  0.0  0.0  0.0  0.0  0.0  0.0  0.0
  0.0 13.9  0.0  0.0  0.0  0.0  0.0  0.0 13.9  0.0 13.9 27.8 27.8  0.0 13.9
  0.0  0.0  0.0  0.0  0.0  0.0 13.9 41.7 13.9 13.9  0.0  0.0  0.0  0.0  0.0
    -21.73     -1.46      3.03     -1.05     -1.52  0.0  0.0  0.0  0.0  0.0
                                   t000019_s20_p18_el2ap.txt 18.0  4.8  101
 19.8  0.0  0.0118.8  0.0  0.0  0.0 19.8  0.0  9.9  0.0  0.0  0.0  0.0  0.0
  0.0  0.0  9.9  0.0  0.0  0.0237.6118.8 79.2  0.0  9.9  0.0  0.0  0.0  0.0
  0.0 19.8 59.4  0.0  0.0 39.6  0.0  0.0  0.0  0.0  9.9  0.0  0.0  9.9  0.0
  0.0  0.0 19.8 19.8  9.9 19.8 19.8  9.9  0.0  0.0 99.0  9.9 39.6118.8  0.0
  9.9  9.9  0.0  0.0  0.0  0.0  0.0  0.0  0.0  0.0  0.0  0.0  0.0  0.0  0.0
  0.0  0.0  0.0  0.0  0.0  0.0  0.0  0.0  9.9  0.0  0.0  0.0  9.9  0.0  0.0
  0.0  0.0  0.0  0.0  0.0  0.0  0.0  0.0  0.0  0.0  0.0  9.9  0.0  0.0  0.0
  0.0  9.9  9.9 19.8  0.0  0.0  0.0  9.9  0.0  0.0  0.0  0.0  0.0  0.0  0.0
  0.0  0.0  0.0  0.0  0.0  0.0  0.0  0.0  0.0  9.9  9.9  9.9  9.9  0.0  9.9
  9.9  0.0  0.0  0.0  0.0  0.0  9.9 29.7  0.0  0.0  0.0  0.0  0.0  9.9  0.0
    -11.96     -5.29     10.18     -1.89     -2.13  0.0  0.0  0.0  0.0  0.0
                                   t000019_s20_p19_el2ap.txt 26.0  5.0  161
  6.2  0.0  0.0 31.1  0.0  0.0  6.2  6.2  0.0  0.0  0.0  0.0  0.0  6.2  0.0
  0.0  0.0 18.6  0.0  0.0  0.0298.1130.4 74.5 18.6 24.8  0.0  0.0  0.0  0.0
  0.0  0.0111.8  0.0  0.0 37.3 12.4  0.0  0.0  0.0  0.0  0.0  6.2 18.6  0.0
  0.0  0.0  0.0  6.2  6.2 18.6  0.0 18.6  0.0  0.0 93.2 24.8  0.0 68.3  0.0
  6.2  0.0  0.0  0.0  0.0  0.0  0.0  0.0  0.0  0.0  0.0  0.0  0.0  0.0  0.0
  0.0  0.0  0.0  0.0  0.0  0.0  0.0  0.0  0.0  0.0  0.0  0.0  0.0  0.0  0.0
  0.0  0.0  0.0  0.0  0.0  0.0  0.0  0.0  0.0  0.0  0.0  0.0  6.2  0.0  0.0
  0.0  0.0  0.0  0.0  0.0  0.0  0.0  6.2  0.0  0.0  0.0  0.0  0.0  0.0  0.0
  0.0  0.0  0.0  0.0  0.0  0.0  0.0  6.2 18.6  0.0 18.6 12.4 12.4  0.0  6.2
  6.2  0.0  0.0  0.0  0.0  6.2 24.8 12.4  6.2  6.2  0.0  0.0 12.4  0.0  0.0
    -16.11     -4.01      6.62     -6.61      3.08  0.0  0.0  0.0  0.0  0.0
                                    t000019_s20_p2_el2ap.txt 12.0  5.7   57
  0.0  0.0  0.0 17.5  0.0  0.0  0.0  0.0  0.0  0.0  0.0  0.0  0.0  0.0  0.0
  0.0  0.0  0.0 17.5  0.0  0.0315.8122.8140.4 35.1  0.0  0.0  0.0  0.0  0.0
  0.0 17.5 70.2  0.0  0.0 52.6  0.0  0.0  0.0  0.0  0.0 17.5  0.0 17.5  0.0
 17.5  0.0  0.0  0.0  0.0  0.0 35.1 35.1  0.0  0.0140.4  0.0  0.0 70.2 17.5
  0.0  0.0  0.0  0.0  0.0  0.0  0.0  0.0  0.0  0.0  0.0  0.0  0.0  0.0  0.0
  0.0  0.0  0.0  0.0  0.0  0.0  0.0  0.0  0.0  0.0  0.0  0.0  0.0  0.0  0.0
  0.0  0.0  0.0  0.0  0.0  0.0  0.0  0.0  0.0  0.0  0.0  0.0  0.0  0.0  0.0
  0.0  0.0  0.0  0.0  0.0  0.0  0.0  0.0  0.0  0.0  0.0  0.0  0.0  0.0  0.0
  0.0  0.0  0.0  0.0  0.0  0.0  0.0  0.0 17.5  0.0 35.1 17.5  0.0  0.0  0.0
  0.0  0.0  0.0  0.0  0.0 35.1 17.5  0.0 17.5  0.0  0.0  0.0 17.5  0.0  0.0
    -30.07     -4.57      9.35      0.41      4.69 17.5  0.0  0.0  0.0  0.0
                                   t000019_s20_p20_el2ap.txt 23.3  4.9  130
  0.0  0.0  0.0 92.3  0.0  0.0 15.4  0.0  0.0  0.0  0.0  7.7  0.0  0.0  0.0
  0.0  0.0  0.0  0.0  0.0  0.0300.0161.5 46.2  0.0  7.7  0.0  0.0  0.0  0.0
  0.0  7.7 61.5  0.0  0.0 23.1  7.7  0.0  7.7  7.7  0.0  7.7  0.0 30.8  0.0
  0.0  0.0  0.0  7.7  0.0  0.0 23.1 30.8  0.0  0.0 61.5  7.7 23.1115.4  0.0
 15.4  0.0  0.0  0.0  0.0  0.0  0.0  0.0  0.0  0.0  0.0  0.0  0.0  0.0  0.0
  0.0  0.0  0.0  0.0  0.0  0.0  0.0  0.0  0.0  0.0  0.0  0.0  0.0  0.0  0.0
  0.0  7.7  0.0  0.0  0.0  0.0  0.0  0.0  0.0  0.0  0.0  0.0  0.0  0.0  0.0
  0.0  0.0  0.0  0.0  7.7  0.0  7.7  0.0  0.0  0.0  0.0  0.0  0.0  0.0  0.0
  0.0  0.0  0.0  0.0  0.0  0.0  0.0  7.7 23.1 15.4  7.7 15.4 46.2  0.0  7.7
  7.7  0.0  0.0  0.0  0.0  0.0  0.0  7.7  7.7 30.8  7.7  0.0  7.7  0.0  0.0
    -17.68     -5.39      6.78      2.45      1.04  0.0  0.0  0.0  0.0  0.0
                                   t000019_s20_p21_el2ap.txt 10.3  4.4   44
  0.0  0.0  0.0 68.2  0.0  0.0  0.0  0.0  0.0 22.7  0.0  0.0  0.0  0.0  0.0
  0.0  0.0  0.0  0.0  0.0  0.0295.5 90.9113.6  0.0  0.0  0.0  0.0 22.7  0.0
  0.0  0.0 45.5  0.0  0.0 22.7  0.0  0.0  0.0  0.0  0.0  0.0 22.7 22.7  0.0
  0.0  0.0 22.7 22.7 22.7  0.0  0.0 22.7  0.0 22.7159.1  0.0 22.7 90.9 22.7
  0.0  0.0  0.0  0.0  0.0  0.0  0.0  0.0  0.0  0.0  0.0  0.0  0.0  0.0  0.0
  0.0  0.0  0.0  0.0  0.0 22.7  0.0  0.0  0.0  0.0  0.0  0.0  0.0  0.0  0.0
  0.0  0.0  0.0  0.0  0.0  0.0  0.0  0.0  0.0  0.0  0.0  0.0  0.0  0.0  0.0
 22.7  0.0  0.0 22.7  0.0  0.0  0.0  0.0  0.0  0.0  0.0  0.0  0.0  0.0  0.0
  0.0  0.0  0.0  0.0  0.0  0.0  0.0  0.0 22.7 22.7  0.0 22.7 22.7  0.0 22.7
  0.0  0.0  0.0  0.0  0.0 22.7 22.7  0.0  0.0 22.7  0.0  0.0  0.0  0.0  0.0
    -22.42     -5.73     16.21     -6.61     14.02  0.0  0.0  0.0  0.0  0.0
                                   t000019_s20_p22_el2ap.txt 18.5  4.7  114
  8.8  8.8  0.0 70.2  0.0  0.0  8.8  0.0  0.0 35.1  0.0  0.0  0.0  0.0  0.0
  0.0  0.0  0.0  8.8  0.0  0.0245.6140.4 61.4 17.5  0.0  8.8  0.0  0.0  0.0
  0.0  0.0 78.9  0.0  8.8 35.1  0.0  0.0  0.0  0.0  0.0  0.0  8.8 17.5  0.0
  0.0  0.0 17.5  8.8  0.0  0.0  8.8 17.5  0.0  0.0 96.5  0.0  0.0 87.7  0.0
  0.0  0.0  0.0  0.0  0.0  0.0  0.0  0.0  0.0  0.0  0.0  0.0  0.0  0.0  0.0
  0.0  0.0  0.0  0.0  0.0 26.3  0.0  0.0  0.0  0.0  0.0  0.0  0.0  0.0  0.0
  0.0  8.8  0.0  0.0  0.0  0.0  0.0  0.0  0.0  0.0  0.0  0.0  0.0  8.8  0.0
 26.3  0.0  0.0 26.3  8.8  0.0  8.8  8.8  0.0  0.0  0.0  0.0  0.0  0.0  0.0
  0.0  0.0  0.0  0.0  0.0  0.0  0.0  0.0  8.8  8.8  0.0 17.5 26.3  0.0  0.0
 17.5  0.0  0.0  0.0  0.0  0.0 17.5  8.8  0.0 35.1  0.0  0.0  8.8  0.0  0.0
    -12.58     -3.46      1.88     -6.61      4.51  8.8  0.0  0.0  0.0  0.0
                                   t000019_s20_p23_el2ap.txt 20.3  5.2  113
  0.0  0.0  0.0 61.9  0.0  0.0  0.0  8.8  0.0 17.7  0.0  8.8  0.0  0.0  0.0
  0.0  0.0  8.8 26.5  0.0  0.0327.4141.6 79.6  0.0  0.0  0.0  0.0  0.0  8.8
  0.0  8.8 70.8  0.0  0.0 44.2  0.0  0.0  0.0  0.0  0.0  8.8  0.0  8.8  0.0
  0.0  0.0  0.0  0.0  0.0  8.8 44.2  8.8  0.0  8.8 88.5  0.0  0.0 70.8  8.8
  0.0  0.0  0.0  0.0  0.0  0.0  0.0  0.0  0.0  0.0  0.0  0.0  0.0  0.0  0.0
  0.0  0.0  0.0  0.0  0.0  0.0  0.0  0.0  0.0  0.0  0.0  0.0  0.0  0.0  0.0
  0.0  0.0  0.0  0.0  0.0  0.0  0.0  0.0  0.0  0.0  0.0  0.0  8.8  0.0  0.0
  0.0  0.0  0.0  0.0  0.0  0.0  0.0  8.8  0.0  0.0  0.0  0.0  0.0  0.0  0.0
  0.0  0.0  0.0  0.0  0.0  0.0  0.0  0.0  8.8 17.7  8.8 53.1 35.4  0.0  0.0
  0.0  8.8  0.0  0.0  0.0  0.0  0.0  0.0  0.0  8.8 17.7  8.8  0.0  0.0  0.0
    -10.98     -5.73     11.08     -3.07     -2.29 17.7  8.8  0.0  0.0  0.0
                                   t000019_s20_p24_el2ap.txt 20.0  4.6  117
  8.5  8.5  0.0111.1  0.0  0.0  8.5  8.5  0.0 34.2  0.0  0.0  0.0  0.0  0.0
  0.0  0.0  0.0  0.0  0.0  0.0205.1111.1 76.9 25.6 25.6  0.0 25.6  0.0  0.0
  0.0  8.5 34.2  0.0  0.0 25.6  0.0  0.0  0.0  0.0  0.0  0.0  8.5  0.0  0.0
  8.5  0.0 25.6  0.0  0.0  0.0  8.5  8.5  0.0  0.0102.6 25.6  8.5128.2  0.0
  0.0  0.0  0.0  0.0  0.0  0.0  0.0  0.0  0.0  0.0  0.0  0.0  0.0  0.0  0.0
  0.0  0.0  0.0 17.1  0.0 17.1  0.0  0.0  0.0  0.0  0.0  0.0  0.0  0.0  0.0
  0.0  0.0  0.0  0.0  0.0  8.5  0.0  0.0  0.0  0.0  0.0  0.0  0.0  0.0  0.0
 34.2  0.0  0.0 34.2  0.0  8.5  8.5  0.0  0.0  0.0  0.0  0.0  0.0  0.0  0.0
  0.0  0.0  0.0  0.0  0.0  0.0  0.0 17.1 17.1 34.2  8.5  0.0  0.0  0.0  0.0
  8.5  0.0  0.0  0.0  0.0 17.1  8.5  0.0 25.6 25.6  8.5  0.0 17.1  0.0  0.0
     -9.67      1.00      5.06     -6.61      4.47  0.0  0.0  0.0  0.0  0.0
                                   t000019_s20_p25_el2ap.txt  7.5  5.4   34
  0.0  0.0  0.0 58.8  0.0  0.0  0.0  0.0  0.0  0.0  0.0  0.0  0.0  0.0  0.0
  0.0  0.0  0.0 29.4  0.0  0.0352.9176.5 29.4  0.0  0.0  0.0 29.4  0.0  0.0
  0.0  0.0 58.8  0.0  0.0 29.4  0.0  0.0  0.0  0.0  0.0  0.0  0.0  0.0  0.0
  0.0  0.0  0.0  0.0  0.0  0.0 29.4  0.0  0.0  0.0 29.4  0.0  0.0 88.2 29.4
  0.0  0.0  0.0  0.0  0.0  0.0  0.0  0.0  0.0  0.0  0.0  0.0  0.0  0.0  0.0
  0.0  0.0  0.0  0.0  0.0  0.0  0.0  0.0  0.0  0.0  0.0  0.0  0.0  0.0  0.0
  0.0  0.0  0.0  0.0  0.0  0.0  0.0  0.0  0.0  0.0  0.0  0.0  0.0  0.0  0.0
  0.0  0.0  0.0  0.0  0.0  0.0  0.0  0.0  0.0  0.0  0.0  0.0  0.0  0.0  0.0
  0.0  0.0  0.0  0.0  0.0  0.0  0.0  0.0 29.4  0.0  0.0 29.4 29.4  0.0  0.0
  0.0  0.0  0.0  0.0  0.0  0.0  0.0  0.0  0.0  0.0  0.0  0.0  0.0  0.0  0.0
    -22.76     -0.28      3.39     -6.61     -3.63  0.0  0.0  0.0  0.0  0.0
                                   t000019_s20_p26_el2ap.txt 15.5  4.5   87
 34.5 11.5  0.0 80.5  0.0  0.0  0.0  0.0  0.0  0.0  0.0  0.0  0.0  0.0  0.0
  0.0  0.0 11.5  0.0 23.0  0.0310.3137.9 34.5 23.0 57.5  0.0 11.5  0.0 11.5
  0.0 11.5114.9  0.0  0.0 23.0 11.5  0.0  0.0  0.0  0.0  0.0 11.5  0.0  0.0
  0.0  0.0 11.5 23.0  0.0 11.5 11.5  0.0 23.0 11.5 46.0 57.5  0.0114.9  0.0
  0.0  0.0  0.0  0.0  0.0  0.0  0.0  0.0  0.0  0.0  0.0  0.0  0.0  0.0  0.0
  0.0  0.0  0.0 11.5  0.0  0.0  0.0  0.0  0.0  0.0  0.0  0.0  0.0  0.0  0.0
  0.0  0.0  0.0  0.0  0.0  0.0  0.0  0.0  0.0  0.0  0.0  0.0  0.0  0.0  0.0
 11.5  0.0  0.0 11.5  0.0  0.0  0.0  0.0  0.0  0.0  0.0  0.0  0.0  0.0  0.0
  0.0  0.0  0.0  0.0  0.0  0.0  0.0  0.0 34.5  0.0  0.0 11.5  0.0 23.0  0.0
 11.5  0.0  0.0  0.0 11.5  0.0  0.0 23.0 11.5 23.0  0.0  0.0  0.0  0.0  0.0
      8.71     -0.29     17.65     -6.61      3.56  0.0  0.0  0.0  0.0  0.0
                                   t000019_s20_p27_el2ap.txt 13.3  5.1   65
  0.0 15.4  0.0 46.2  0.0  0.0 15.4  0.0 15.4  0.0  0.0  0.0  0.0  0.0  0.0
  0.0  0.0  0.0  0.0  0.0  0.0338.5107.7 46.2 15.4  0.0 30.8 15.4  0.0  0.0
  0.0  0.0 30.8  0.0 30.8 15.4 15.4  0.0  0.0  0.0  0.0  0.0  0.0 15.4  0.0
 15.4 30.8  0.0  0.0  0.0  0.0 30.8 30.8  0.0  0.0 61.5 15.4  0.0 92.3  0.0
  0.0  0.0  0.0  0.0  0.0  0.0  0.0  0.0  0.0  0.0  0.0  0.0  0.0  0.0  0.0
  0.0  0.0  0.0  0.0  0.0  0.0  0.0  0.0  0.0  0.0  0.0  0.0  0.0  0.0  0.0
  0.0  0.0 15.4  0.0  0.0  0.0  0.0  0.0  0.0  0.0  0.0  0.0  0.0  0.0  0.0
  0.0  0.0  0.0  0.0 15.4  0.0 15.4  0.0  0.0  0.0  0.0  0.0  0.0  0.0  0.0
  0.0 15.4  0.0  0.0  0.0  0.0  0.0 30.8 61.5  0.0 30.8  0.0 15.4 15.4  0.0
  0.0  0.0  0.0  0.0  0.0  0.0  0.0 15.4 15.4  0.0 15.4  0.0  0.0  0.0  0.0
    -18.80      3.54     -6.81     -6.61      3.67  0.0  0.0  0.0  0.0  0.0
                                   t000019_s20_p28_el2ap.txt 10.5  5.4   55
 18.2 18.2  0.0 72.7  0.0  0.0  0.0 36.4  0.0  0.0  0.0  0.0  0.0  0.0 18.2
  0.0  0.0  0.0  0.0  0.0  0.0290.9145.5 36.4 18.2 18.2  0.0 18.2  0.0  0.0
  0.0  0.0109.1  0.0  0.0 18.2  0.0  0.0  0.0  0.0  0.0 18.2  0.0 18.2  0.0
  0.0  0.0 18.2 18.2  0.0  0.0  0.0 18.2  0.0  0.0 72.7 18.2  0.0 90.9 18.2
 18.2  0.0  0.0  0.0  0.0  0.0  0.0  0.0  0.0  0.0  0.0  0.0  0.0  0.0  0.0
  0.0  0.0  0.0 36.4  0.0  0.0  0.0  0.0  0.0  0.0  0.0  0.0  0.0  0.0  0.0
  0.0  0.0  0.0  0.0  0.0  0.0  0.0  0.0  0.0  0.0  0.0  0.0  0.0  0.0  0.0
 36.4  0.0  0.0 36.4  0.0  0.0  0.0  0.0  0.0  0.0  0.0  0.0  0.0  0.0  0.0
  0.0  0.0  0.0  0.0  0.0  0.0  0.0 18.2 18.2  0.0 36.4  0.0  0.0  0.0  0.0
 18.2  0.0  0.0  0.0  0.0 36.4  0.0  0.0 36.4 18.2  0.0  0.0  0.0  0.0  0.0
      2.80     -0.95      7.52      0.67     -0.87 18.2  0.0  0.0  0.0  0.0
                                   t000019_s20_p29_el2ap.txt  9.0  5.6   47
  0.0 21.3  0.0 21.3  0.0  0.0  0.0 21.3  0.0 21.3  0.0  0.0  0.0  0.0  0.0
  0.0 21.3  0.0  0.0  0.0  0.0255.3 63.8 85.1106.4 21.3 21.3  0.0  0.0  0.0
  0.0  0.0 85.1  0.0  0.0 42.6  0.0  0.0  0.0  0.0  0.0  0.0  0.0 42.6  0.0
  0.0  0.0 21.3  0.0 42.6  0.0  0.0 42.6 21.3  0.0127.7 21.3  0.0148.9  0.0
  0.0  0.0  0.0  0.0  0.0  0.0  0.0  0.0  0.0  0.0  0.0  0.0  0.0  0.0  0.0
  0.0  0.0  0.0  0.0  0.0 42.6  0.0  0.0  0.0  0.0  0.0  0.0  0.0  0.0  0.0
  0.0  0.0  0.0  0.0  0.0  0.0  0.0  0.0  0.0  0.0  0.0  0.0 21.3  0.0  0.0
 42.6  0.0  0.0 42.6  0.0  0.0  0.0 21.3  0.0  0.0  0.0  0.0  0.0  0.0  0.0
  0.0  0.0  0.0  0.0  0.0  0.0  0.0  0.0 85.1 21.3 21.3  0.0  0.0  0.0  0.0
 21.3  0.0  0.0  0.0  0.0  0.0  0.0  0.0  0.0 21.3  0.0  0.0  0.0  0.0  0.0
     22.46      2.81      4.47     -6.61      2.82  0.0  0.0  0.0  0.0  0.0
                                    t000019_s20_p3_el2ap.txt 12.3  5.0   69
  0.0  0.0  0.0 29.0  0.0  0.0  0.0  0.0  0.0 14.5  0.0  0.0  0.0 14.5  0.0
  0.0  0.0  0.0 14.5  0.0  0.0362.3159.4 58.0  0.0  0.0  0.0  0.0  0.0  0.0
  0.0  0.0115.9 14.5  0.0 58.0  0.0  0.0  0.0  0.0  0.0  0.0 14.5 14.5  0.0
  0.0  0.0  0.0  0.0  0.0  0.0 14.5 14.5  0.0  0.0 58.0  0.0  0.0 43.5 14.5
  0.0  0.0  0.0  0.0  0.0  0.0  0.0  0.0  0.0  0.0  0.0  0.0  0.0  0.0  0.0
  0.0  0.0  0.0  0.0  0.0  0.0  0.0  0.0  0.0  0.0  0.0  0.0  0.0  0.0  0.0
  0.0  0.0  0.0  0.0  0.0  0.0  0.0  0.0  0.0  0.0 14.5  0.0  0.0  0.0  0.0
  0.0  0.0  0.0  0.0  0.0  0.0  0.0 14.5  0.0  0.0  0.0  0.0  0.0  0.0  0.0
  0.0  0.0  0.0  0.0  0.0  0.0  0.0  0.0 14.5 14.5 58.0 14.5  0.0  0.0  0.0
 14.5  0.0  0.0  0.0  0.0 29.0  0.0  0.0 14.5  0.0  0.0 14.5  0.0  0.0  0.0
    -17.61     -5.73      1.59     -6.61      7.63  0.0  0.0  0.0  0.0  0.0
                                   t000019_s20_p30_el2ap.txt 25.3  5.0  146
  6.8  0.0  0.0 34.2  0.0  0.0  0.0  6.8  0.0 13.7  6.8  0.0  0.0  0.0  0.0
  0.0  0.0 13.7 13.7  0.0  0.0287.7130.1 54.8 61.6 13.7  6.8  0.0  0.0  6.8
  0.0  0.0102.7  0.0  6.8 20.5  6.8  6.8  0.0  0.0  0.0  0.0  0.0  0.0  0.0
  6.8  0.0  6.8  0.0  0.0 20.5 13.7  6.8  0.0  6.8 89.0 13.7  6.8 95.9  0.0
  6.8  0.0  0.0  0.0  0.0  0.0  0.0  0.0  0.0  0.0  0.0  0.0  0.0  0.0  0.0
  0.0  0.0  0.0  0.0  0.0  6.8  0.0  0.0  0.0  0.0  0.0  0.0  0.0  0.0  0.0
  0.0  0.0  0.0  0.0  0.0  0.0  0.0  0.0  0.0  0.0  6.8  0.0  6.8  0.0  0.0
  6.8  0.0  0.0  6.8  0.0  0.0  0.0 13.7  0.0  0.0  0.0  0.0  0.0  0.0  0.0
  0.0  0.0  0.0  0.0  0.0  0.0  0.0 13.7 20.5 13.7 47.9 20.5  0.0  0.0  6.8
  0.0  0.0  0.0  0.0  6.8  0.0  6.8 13.7  0.0  6.8  6.8  0.0  6.8  0.0  0.0
    -14.74     -1.77      8.35     -4.97     -1.42  0.0  0.0  0.0  0.0  0.0
                                   t000019_s20_p31_el2ap.txt 16.8  5.2  107
  0.0  0.0  0.0 56.1  0.0  0.0  0.0  0.0  0.0  9.3  0.0  0.0  0.0  0.0  9.3
  0.0  0.0  0.0  0.0  0.0  0.0289.7158.9 65.4  0.0  0.0  9.3  0.0  0.0  0.0
  0.0  0.0102.8  0.0  0.0 28.0  0.0  0.0  0.0  0.0 18.7  0.0  9.3  9.3  0.0
  0.0  9.3  0.0  0.0  0.0 18.7  9.3  9.3  0.0  0.0102.8  0.0  0.0 65.4  9.3
  0.0  0.0  0.0  0.0  0.0  0.0  0.0  0.0  0.0  0.0  0.0  0.0  0.0  0.0  0.0
  0.0  0.0  0.0  0.0  0.0  0.0  0.0  0.0  0.0  0.0  0.0  0.0  0.0  0.0  0.0
  0.0  0.0  0.0  0.0  0.0  0.0  0.0  0.0  0.0  0.0  0.0  0.0  0.0  0.0  0.0
  0.0  0.0  0.0  0.0  0.0  0.0  0.0  0.0  0.0  0.0  0.0  0.0  0.0  0.0  0.0
  0.0  0.0  0.0  0.0  0.0  0.0  0.0 18.7 37.4  0.0 84.1  9.3  0.0  9.3 18.7
 28.0  0.0  0.0  0.0  0.0  0.0  9.3  0.0  0.0  0.0  0.0  0.0  0.0  0.0  0.0
    -19.47     -3.93      6.52      2.30      3.63  0.0  0.0  0.0  0.0  0.0
                                   t000019_s20_p32_el2ap.txt 14.0  5.5   79
 12.7  0.0  0.0 63.3  0.0  0.0  0.0  0.0  0.0 25.3  0.0 12.7  0.0  0.0  0.0
 12.7  0.0  0.0 12.7  0.0  0.0278.5164.6101.3 25.3  0.0 38.0  0.0  0.0  0.0
  0.0 12.7 38.0  0.0  0.0 63.3  0.0  0.0  0.0  0.0  0.0  0.0 25.3  0.0  0.0
  0.0 12.7 12.7  0.0  0.0  0.0 50.6  0.0  0.0  0.0113.9  0.0  0.0 88.6  0.0
 12.7  0.0  0.0  0.0  0.0  0.0  0.0  0.0  0.0  0.0  0.0  0.0  0.0  0.0  0.0
  0.0  0.0  0.0  0.0  0.0  0.0 12.7  0.0  0.0  0.0  0.0  0.0  0.0  0.0  0.0
  0.0  0.0  0.0  0.0  0.0  0.0  0.0  0.0  0.0  0.0  0.0  0.0  0.0  0.0  0.0
 12.7  0.0  0.0 12.7  0.0  0.0  0.0  0.0  0.0  0.0  0.0  0.0  0.0  0.0  0.0
  0.0  0.0  0.0  0.0  0.0  0.0  0.0  0.0 12.7 12.7  0.0 25.3 25.3  0.0  0.0
  0.0  0.0  0.0  0.0  0.0  0.0 12.7 12.7 12.7  0.0 12.7  0.0 12.7  0.0  0.0
    -10.56      2.41      4.70     -6.61     12.20  0.0  0.0  0.0  0.0  0.0
                                   t000019_s20_p33_el2ap.txt 18.5  4.8  103
  9.7  0.0  0.0 87.4  0.0  0.0  9.7  9.7  0.0 19.4  0.0  0.0  0.0  0.0  0.0
  9.7  0.0  0.0 19.4  0.0  0.0203.9 97.1 97.1 19.4 38.8  0.0  0.0  0.0  0.0
  0.0  9.7 58.3  0.0  0.0 38.8  9.7  0.0  0.0 19.4  0.0  0.0  9.7  0.0  0.0
  0.0  9.7  0.0  9.7  0.0  0.0 58.3  0.0  0.0  0.0155.3 38.8  9.7106.8  0.0
  9.7  0.0  0.0  0.0  0.0  0.0  0.0  0.0  0.0  0.0  0.0  0.0  0.0  0.0  0.0
  0.0  0.0  0.0  0.0  0.0  0.0  0.0  0.0  0.0  0.0  0.0  0.0  0.0  0.0  0.0
  0.0 19.4  0.0  0.0  0.0  0.0  0.0  0.0  0.0  0.0  0.0  0.0  0.0  0.0  0.0
  0.0  0.0  0.0  0.0 19.4  0.0 19.4  0.0  0.0  0.0  0.0  0.0  0.0  0.0  0.0
  0.0  0.0  0.0  0.0  0.0  0.0  0.0  0.0  9.7 19.4  9.7  0.0  0.0  0.0  0.0
  9.7  0.0  0.0  0.0  0.0 19.4 38.8  9.7  9.7 38.8  0.0  0.0  9.7  0.0  0.0
     -7.12     -3.36      6.41      2.22      2.44  0.0  0.0  0.0  0.0  0.0
                                   t000019_s20_p34_el2ap.txt 15.8  4.9   90
  0.0  0.0  0.0 55.6  0.0  0.0  0.0 11.1 11.1 22.2  0.0  0.0  0.0  0.0  0.0
  0.0  0.0  0.0 11.1  0.0  0.0277.8233.3 44.4  0.0 11.1  0.0  0.0  0.0  0.0
  0.0 11.1 88.9  0.0  0.0 11.1 11.1  0.0  0.0  0.0  0.0  0.0  0.0 22.2  0.0
  0.0  0.0  0.0 11.1  0.0  0.0 22.2 22.2  0.0  0.0100.0 22.2 11.1 77.8 22.2
  0.0  0.0  0.0  0.0  0.0  0.0  0.0  0.0  0.0  0.0  0.0  0.0  0.0  0.0  0.0
  0.0  0.0  0.0  0.0  0.0  0.0  0.0  0.0  0.0  0.0  0.0  0.0  0.0  0.0  0.0
  0.0  0.0  0.0  0.0  0.0  0.0  0.0  0.0  0.0  0.0  0.0  0.0 11.1  0.0  0.0
  0.0  0.0  0.0  0.0  0.0  0.0  0.0 11.1  0.0  0.0  0.0  0.0  0.0  0.0  0.0
  0.0  0.0  0.0  0.0  0.0  0.0  0.0  0.0 44.4 11.1 11.1  0.0 22.2  0.0  0.0
  0.0  0.0  0.0  0.0  0.0  0.0 11.1 11.1  0.0 11.1  0.0  0.0 11.1  0.0  0.0
    -20.30     -5.23     10.63     -6.61     -0.26  0.0  0.0  0.0  0.0  0.0
                                   t000019_s20_p35_el2ap.txt 10.5  4.6   55
 18.2  0.0  0.0 18.2  0.0  0.0  0.0  0.0  0.0 72.7  0.0  0.0  0.0 18.2  0.0
  0.0  0.0  0.0 18.2 18.2  0.0272.7127.3109.1  0.0  0.0  0.0  0.0  0.0  0.0
  0.0  0.0 72.7  0.0  0.0 36.4 18.2  0.0  0.0  0.0  0.0  0.0 18.2  0.0  0.0
  0.0  0.0  0.0  0.0  0.0  0.0 18.2  0.0 18.2  0.0127.3  0.0  0.0 72.7 36.4
  0.0  0.0  0.0  0.0  0.0  0.0  0.0  0.0  0.0  0.0  0.0  0.0  0.0  0.0  0.0
  0.0  0.0  0.0  0.0  0.0  0.0  0.0  0.0  0.0  0.0  0.0  0.0  0.0  0.0  0.0
  0.0  0.0  0.0  0.0  0.0  0.0  0.0  0.0  0.0  0.0  0.0  0.0  0.0  0.0  0.0
  0.0  0.0  0.0  0.0  0.0  0.0  0.0  0.0  0.0  0.0  0.0  0.0  0.0  0.0  0.0
  0.0  0.0  0.0  0.0  0.0  0.0  0.0  0.0 36.4 36.4 18.2 18.2 18.2  0.0  0.0
  0.0  0.0  0.0  0.0  0.0  0.0  0.0 18.2  0.0 18.2  0.0  0.0  0.0  0.0  0.0
     14.80     -5.73      3.96     -6.61      7.74  0.0  0.0  0.0  0.0  0.0
                                    t000019_s20_p4_el2ap.txt 12.0  5.4   62
 16.1  0.0  0.0 32.3  0.0  0.0  0.0  0.0  0.0 32.3  0.0  0.0  0.0 16.1  0.0
  0.0  0.0  0.0  0.0  0.0  0.0241.9145.2145.2 16.1  0.0  0.0  0.0  0.0  0.0
  0.0 16.1 96.8  0.0  0.0 32.3  0.0  0.0  0.0  0.0  0.0  0.0 16.1 16.1  0.0
  0.0  0.0  0.0 16.1 16.1  0.0 16.1 16.1  0.0  0.0193.5  0.0  0.0 64.5 16.1
 16.1  0.0  0.0  0.0  0.0  0.0  0.0  0.0  0.0  0.0  0.0  0.0  0.0  0.0  0.0
  0.0  0.0  0.0  0.0  0.0  0.0  0.0  0.0  0.0  0.0  0.0  0.0  0.0  0.0  0.0
  0.0  0.0  0.0  0.0  0.0  0.0  0.0  0.0  0.0  0.0  0.0  0.0  0.0  0.0  0.0
  0.0  0.0  0.0  0.0  0.0  0.0  0.0  0.0  0.0  0.0  0.0  0.0  0.0  0.0  0.0
  0.0  0.0  0.0  0.0  0.0  0.0  0.0  0.0 64.5  0.0 32.3 16.1  0.0 16.1  0.0
  0.0  0.0  0.0  0.0  0.0  0.0 64.5  0.0  0.0 32.3  0.0  0.0  0.0  0.0  0.0
    -17.44     -5.20     11.83     -6.61      8.90  0.0  0.0  0.0  0.0  0.0
                                    t000019_s20_p5_el2ap.txt 13.0  5.5   63
  0.0  0.0  0.0 47.6  0.0  0.0  0.0  0.0  0.0  0.0  0.0  0.0  0.0  0.0  0.0
  0.0  0.0  0.0 15.9  0.0 15.9301.6127.0 95.2  0.0 15.9 15.9  0.0  0.0  0.0
  0.0  0.0127.0  0.0  0.0 31.7  0.0  0.0  0.0  0.0 15.9 15.9  0.0 31.7  0.0
  0.0  0.0 15.9 15.9  0.0 15.9 15.9 31.7  0.0  0.0111.1 15.9  0.0 47.6  0.0
  0.0  0.0  0.0  0.0  0.0  0.0  0.0  0.0  0.0  0.0  0.0  0.0  0.0  0.0  0.0
  0.0  0.0  0.0  0.0  0.0  0.0 15.9  0.0  0.0  0.0  0.0  0.0  0.0  0.0  0.0
  0.0  0.0  0.0  0.0  0.0  0.0  0.0  0.0  0.0  0.0  0.0  0.0  0.0  0.0  0.0
 15.9  0.0  0.0 15.9  0.0  0.0  0.0  0.0  0.0  0.0  0.0  0.0  0.0  0.0  0.0
  0.0  0.0  0.0  0.0  0.0  0.0  0.0  0.0 15.9  0.0 47.6  0.0 15.9  0.0  0.0
  0.0  0.0  0.0  0.0  0.0  0.0 15.9  0.0  0.0 15.9  0.0  0.0  0.0  0.0  0.0
    -20.41     -1.97      7.99      7.30      1.18  0.0  0.0  0.0  0.0  0.0
                                    t000019_s20_p6_el2ap.txt 15.3  5.3   79
 12.7  0.0  0.0 38.0  0.0  0.0 25.3  0.0  0.0  0.0  0.0  0.0  0.0  0.0  0.0
  0.0  0.0  0.0  0.0  0.0  0.0278.5164.6 75.9 12.7 25.3  0.0  0.0  0.0 12.7
  0.0 12.7126.6  0.0 12.7 12.7  0.0 25.3  0.0  0.0  0.0  0.0  0.0  0.0 12.7
  0.0 12.7  0.0  0.0  0.0 25.3 25.3 12.7  0.0 12.7 75.9 25.3 12.7 63.3 12.7
 12.7  0.0  0.0  0.0  0.0  0.0  0.0  0.0  0.0  0.0  0.0  0.0  0.0  0.0  0.0
  0.0  0.0  0.0  0.0  0.0  0.0  0.0  0.0  0.0  0.0  0.0  0.0  0.0  0.0  0.0
  0.0  0.0  0.0  0.0  0.0  0.0  0.0  0.0  0.0 12.7  0.0  0.0  0.0  0.0  0.0
  0.0  0.0  0.0  0.0  0.0  0.0 12.7  0.0  0.0  0.0  0.0  0.0  0.0  0.0  0.0
  0.0  0.0  0.0  0.0  0.0  0.0  0.0  0.0 38.0 25.3 12.7 50.6 12.7  0.0  0.0
  0.0  0.0  0.0  0.0  0.0  0.0  0.0  0.0 12.7 12.7  0.0  0.0 25.3  0.0  0.0
    -22.69     -4.19     16.34     -0.58      6.11  0.0  0.0  0.0  0.0  0.0
                                    t000019_s20_p7_el2ap.txt 14.3  5.0   74
  0.0  0.0  0.0 81.1  0.0  0.0  0.0  0.0  0.0 27.0  0.0 13.5  0.0  0.0  0.0
  0.0  0.0  0.0 13.5  0.0  0.0270.3148.6 40.5  0.0 13.5  0.0  0.0  0.0  0.0
  0.0 13.5 54.1  0.0  0.0 27.0  0.0 13.5  0.0  0.0 13.5  0.0 13.5 54.1  0.0
  0.0  0.0  0.0  0.0 13.5 27.0 40.5 54.1  0.0  0.0 81.1 13.5  0.0 94.6  0.0
 27.0  0.0  0.0  0.0  0.0  0.0  0.0  0.0  0.0  0.0  0.0  0.0  0.0  0.0  0.0
  0.0  0.0  0.0  0.0  0.0  0.0  0.0  0.0  0.0  0.0  0.0  0.0  0.0  0.0  0.0
  0.0  0.0  0.0  0.0  0.0  0.0  0.0  0.0  0.0  0.0 13.5  0.0  0.0  0.0  0.0
  0.0  0.0  0.0  0.0  0.0  0.0  0.0 13.5  0.0  0.0  0.0  0.0  0.0  0.0  0.0
  0.0  0.0  0.0  0.0  0.0  0.0  0.0 13.5 13.5  0.0 54.1 13.5 13.5 13.5  0.0
 13.5  0.0  0.0  0.0  0.0  0.0  0.0 13.5 13.5 27.0  0.0  0.0  0.0  0.0  0.0
     -9.92     -5.13      8.20      3.05     13.01 27.0  0.0  0.0  0.0  0.0
                                    t000019_s20_p8_el2ap.txt 16.3  5.4   79
  0.0  0.0  0.0 50.6  0.0  0.0  0.0  0.0  0.0 12.7  0.0  0.0  0.0  0.0  0.0
  0.0  0.0  0.0 12.7  0.0  0.0291.1126.6101.3 12.7 50.6  0.0 12.7  0.0  0.0
  0.0 38.0 50.6  0.0  0.0 63.3  0.0  0.0  0.0  0.0 12.7  0.0  0.0 12.7  0.0
  0.0  0.0  0.0 12.7  0.0 12.7 50.6 12.7  0.0  0.0139.2 50.6  0.0 63.3  0.0
  0.0  0.0  0.0  0.0  0.0  0.0  0.0  0.0  0.0  0.0  0.0  0.0  0.0  0.0  0.0
  0.0  0.0  0.0  0.0  0.0  0.0  0.0  0.0  0.0  0.0 12.7  0.0  0.0  0.0  0.0
  0.0  0.0  0.0  0.0  0.0  0.0  0.0  0.0  0.0  0.0  0.0  0.0  0.0  0.0  0.0
  0.0  0.0 12.7 12.7  0.0  0.0  0.0  0.0  0.0  0.0  0.0  0.0  0.0  0.0  0.0
  0.0  0.0  0.0  0.0  0.0  0.0  0.0  0.0 38.0 12.7 63.3  0.0  0.0  0.0  0.0
 12.7  0.0  0.0  0.0  0.0 12.7 12.7 12.7  0.0 12.7 12.7  0.0  0.0  0.0  0.0
    -24.82     -0.72     14.96     -0.58     -1.71  0.0  0.0  0.0  0.0  0.0
                                    t000019_s20_p9_el2ap.txt 19.0  5.7  113
  0.0  8.8  0.0 97.3  0.0  0.0  0.0  0.0  0.0  8.8  0.0  0.0  0.0  0.0  0.0
  0.0  0.0  0.0  8.8  0.0  0.0274.3150.4 61.9 17.7  0.0  0.0  8.8  8.8  0.0
  0.0  8.8115.0  8.8  0.0 35.4  0.0  0.0  8.8  0.0  0.0  8.8  0.0  8.8  0.0
  8.8  8.8 17.7  0.0  0.0  0.0 26.5 17.7  0.0  8.8115.0  0.0  0.0 97.3  0.0
  8.8  0.0  0.0  0.0  0.0  0.0  0.0  0.0  0.0  0.0  0.0  0.0  0.0  0.0  0.0
  0.0  0.0  0.0 17.7  0.0  8.8  0.0  0.0  0.0  0.0  0.0  0.0  0.0  0.0  0.0
  0.0  0.0  0.0  0.0  0.0  0.0  0.0  0.0  0.0  0.0  0.0  0.0  0.0  0.0  0.0
 26.5  0.0  0.0 26.5  0.0  0.0  0.0  0.0  0.0  0.0  0.0  0.0  0.0  0.0  0.0
  0.0  0.0  0.0  0.0  0.0  0.0  0.0 26.5 79.6  0.0 26.5  8.8  0.0  0.0  0.0
  0.0  0.0  0.0  0.0  0.0  0.0  0.0  0.0 17.7 17.7  8.8  8.8 17.7  0.0  0.0
    -21.74     -3.51     12.91     -0.21      0.57  8.8  0.0  8.8  0.0  0.0
                                     t000019_s4_p1_el2ap.txt 13.0  5.5   72
 13.9  0.0  0.0 69.4  0.0  0.0  0.0  0.0 13.9 13.9  0.0  0.0  0.0  0.0  0.0
  0.0  0.0 13.9  0.0  0.0  0.0291.7166.7 83.3  0.0 13.9 13.9  0.0  0.0  0.0
  0.0  0.0111.1  0.0  0.0  0.0 13.9  0.0  0.0  0.0  0.0  0.0  0.0 27.8  0.0
  0.0  0.0 13.9  0.0  0.0 13.9  0.0 27.8  0.0  0.0 83.3 27.8  0.0 83.3  0.0
 13.9  0.0  0.0  0.0  0.0  0.0  0.0  0.0  0.0  0.0  0.0  0.0  0.0  0.0  0.0
  0.0  0.0  0.0 13.9  0.0  0.0  0.0  0.0  0.0  0.0  0.0  0.0  0.0 13.9  0.0
  0.0  0.0  0.0  0.0  0.0  0.0  0.0  0.0  0.0  0.0  0.0  0.0  0.0  0.0  0.0
 13.9  0.0 13.9 27.8  0.0  0.0  0.0  0.0  0.0  0.0  0.0  0.0  0.0  0.0  0.0
  0.0  0.0  0.0  0.0  0.0  0.0  0.0  0.0 55.6 27.8 41.7 13.9  0.0  0.0 13.9
  0.0  0.0  0.0  0.0  0.0  0.0 13.9  0.0 13.9  0.0 27.8  0.0  0.0  0.0  0.0
    -21.88     -2.44      8.69     -6.61      0.58  0.0  0.0  0.0  0.0  0.0
                                     t000019_s4_p2_el2ap.txt 25.5  5.3  139
  7.2  0.0  0.0 71.9  0.0  0.0  7.2  0.0  0.0 28.8  0.0  0.0  0.0  0.0  0.0
  0.0  0.0  0.0  0.0  0.0  0.0266.2107.9 93.5 14.4 14.4  7.2 14.4  0.0  0.0
  0.0 21.6 86.3  0.0  0.0 14.4 28.8  0.0  7.2  0.0  7.2 14.4  0.0  0.0  0.0
  7.2  0.0 14.4  7.2  0.0  7.2 21.6  7.2  0.0  0.0115.1 14.4  0.0129.5  7.2
  0.0  7.2  0.0  0.0  0.0  0.0  0.0  0.0  0.0  0.0  0.0  0.0  0.0  0.0  0.0
  0.0  0.0  0.0  7.2  0.0  0.0  7.2  7.2  0.0  0.0  0.0  0.0  0.0  0.0  0.0
  0.0  7.2  0.0  7.2  0.0  0.0  0.0  0.0  0.0  7.2  0.0  0.0  0.0  0.0  0.0
 14.4  7.2  0.0 21.6 14.4  0.0 21.6  0.0  0.0  0.0  0.0  0.0  0.0  0.0  0.0
  0.0  0.0  0.0  0.0  0.0  0.0  0.0  7.2 21.6 14.4 28.8  0.0  0.0 14.4  0.0
  7.2  0.0  0.0  0.0  0.0  7.2 21.6 14.4 21.6 21.6  0.0  0.0  7.2  0.0  0.0
    -20.35     -0.57     14.14      4.90     -1.31  0.0  7.2  0.0  0.0  0.0
                                     t000019_s4_p3_el2ap.txt 21.5  5.5  120
  0.0  0.0  0.0100.0  0.0  0.0  0.0  8.3  0.0 25.0  0.0  0.0  0.0  0.0  0.0
  8.3  8.3  0.0 25.0  0.0  0.0266.7150.0 58.3  8.3  0.0  0.0  0.0  0.0  8.3
  0.0  8.3 75.0  0.0  8.3 33.3  8.3  8.3  8.3  0.0 16.7  8.3  8.3 25.0 16.7
  0.0  8.3  0.0  8.3  0.0 25.0 41.7 41.7  8.3  8.3 58.3  0.0  0.0125.0  8.3
  8.3  0.0  0.0  0.0  0.0  0.0  0.0  0.0  0.0  0.0  0.0  0.0  0.0  0.0  0.0
  0.0  0.0  0.0  0.0  0.0  8.3  0.0  0.0  0.0  0.0  0.0  0.0  0.0  8.3  0.0
  8.3  0.0  0.0  0.0  0.0  0.0  0.0  0.0  0.0  0.0  0.0  0.0  8.3  0.0  0.0
  8.3  0.0  8.3 16.7  8.3  0.0  8.3  8.3  0.0  0.0  0.0  0.0  0.0  0.0  0.0
  0.0  0.0  0.0  0.0  0.0  0.0  0.0  0.0  8.3 16.7 25.0  0.0  8.3  8.3  8.3
  0.0  0.0  0.0  0.0  0.0  0.0  0.0 33.3  8.3  0.0  8.3  0.0 16.7  0.0  0.0
      1.77     -5.45      9.09      9.34     18.19  0.0  0.0  0.0  0.0  0.0
                                     t000019_s4_p4_el2ap.txt 20.3  5.2  117
 17.1  8.5  8.5111.1  0.0  0.0  8.5  0.0  8.5 25.6  0.0  0.0  0.0  8.5  0.0
  0.0  0.0  0.0 17.1  0.0  0.0290.6119.7 51.3  0.0 17.1  0.0  8.5  8.5  8.5
  0.0 17.1102.6  8.5  0.0 51.3 17.1  0.0  0.0  0.0  0.0  0.0  8.5  8.5  0.0
  0.0  0.0  8.5  8.5  0.0  0.0 34.2  8.5  0.0 17.1 59.8 25.6  8.5128.2  8.5
 25.6  0.0  0.0  0.0  0.0  0.0  0.0  0.0  0.0  0.0  0.0  0.0  0.0  0.0  0.0
  0.0  0.0  0.0  8.5  0.0  8.5  0.0  0.0  0.0  0.0  0.0  0.0  0.0  0.0  0.0
  0.0  8.5  0.0  0.0  0.0  0.0  0.0  0.0  0.0 17.1  0.0  0.0  0.0  0.0  0.0
 17.1  0.0  0.0 17.1  8.5  0.0 25.6  0.0  0.0  0.0  0.0  0.0  0.0  0.0  0.0
  0.0  0.0  0.0  0.0  0.0  0.0  0.0  0.0  0.0  8.5 25.6  8.5  0.0  8.5  0.0
 17.1  0.0  0.0  0.0  0.0  0.0  0.0  8.5  8.5 17.1  8.5  8.5  0.0  8.5  0.0
     -6.25     -3.39     18.37     -6.61      3.01  0.0  0.0  0.0  0.0  0.0
                                     t000019_s4_p5_el2ap.txt 26.5  4.9  154
  0.0  0.0  0.0 84.4  0.0  6.5  6.5  6.5  0.0  6.5  0.0  0.0  0.0  0.0  0.0
  0.0  6.5  6.5 13.0  0.0  0.0285.7149.4 58.4  0.0  6.5 26.0  0.0  0.0 13.0
  0.0  6.5 97.4  6.5 13.0 19.5  6.5  0.0  0.0  0.0  0.0  0.0  6.5 13.0  6.5
 13.0  0.0  0.0  6.5  6.5  6.5 19.5 32.5  6.5 13.0 71.4  6.5  6.5103.9  6.5
  0.0  0.0  0.0  0.0  0.0  0.0  0.0  0.0  0.0  0.0  0.0  0.0  0.0  0.0  0.0
  0.0  0.0  0.0  0.0  0.0  0.0  0.0  0.0  0.0  0.0  0.0  0.0  0.0  0.0  0.0
  0.0  0.0  0.0  0.0  0.0  0.0  0.0  0.0  0.0  0.0  0.0  0.0  0.0  0.0  0.0
  0.0  0.0  0.0  0.0  0.0  0.0  0.0  0.0  0.0  0.0  0.0  0.0  0.0  0.0  0.0
  0.0  0.0  0.0  0.0  0.0  0.0  0.0 13.0 32.5  0.0 19.5  0.0  0.0  6.5  0.0
  6.5  0.0  0.0  0.0  0.0  6.5 13.0 13.0  6.5  0.0  0.0  0.0  0.0  0.0  0.0
     -4.51     -0.44      9.85     -6.61     11.58  6.5  0.0  0.0  0.0  0.0
                                     t000019_s4_p6_el2ap.txt 16.3  5.4   95
  0.0  0.0  0.0 73.7  0.0  0.0  0.0  0.0  0.0 21.1  0.0  0.0  0.0  0.0  0.0
  0.0  0.0 10.5 21.1  0.0  0.0305.3189.5 21.1 10.5 10.5  0.0  0.0  0.0  0.0
  0.0  0.0105.3  0.0  0.0  0.0 21.1 10.5  0.0  0.0 10.5  0.0  0.0 10.5  0.0
  0.0 10.5 10.5  0.0 10.5 31.6 31.6 10.5  0.0  0.0 52.6 10.5  0.0115.8 10.5
 10.5  0.0  0.0  0.0  0.0  0.0  0.0  0.0  0.0  0.0  0.0  0.0  0.0  0.0  0.0
  0.0  0.0  0.0  0.0  0.0  0.0  0.0  0.0  0.0  0.0  0.0  0.0  0.0  0.0  0.0
  0.0  0.0  0.0  0.0  0.0  0.0  0.0  0.0  0.0  0.0  0.0  0.0 10.5  0.0  0.0
  0.0  0.0  0.0  0.0  0.0  0.0  0.0 10.5  0.0  0.0  0.0  0.0  0.0  0.0  0.0
  0.0  0.0  0.0  0.0  0.0  0.0  0.0 10.5 10.5 21.1  0.0 10.5 10.5  0.0  0.0
 21.1  0.0  0.0  0.0  0.0  0.0  0.0 52.6 10.5  0.0  0.0  0.0 10.5  0.0  0.0
    -16.87     -4.91      8.28      0.91     -2.03  0.0  0.0  0.0  0.0  0.0
                                     t000019_s4_p7_el2ap.txt 15.0  5.2   81
 12.3 12.3  0.0 61.7  0.0  0.0  0.0  0.0  0.0 37.0  0.0  0.0  0.0  0.0  0.0
  0.0  0.0 12.3  0.0  0.0  0.0308.6135.8 86.4  0.0  0.0  0.0  0.0  0.0  0.0
  0.0  0.0 86.4  0.0  0.0 12.3 24.7  0.0  0.0  0.0  0.0  0.0 12.3 24.7  0.0
 12.3 12.3  0.0  0.0  0.0 12.3 12.3 37.0  0.0  0.0111.1  0.0  0.0111.1  0.0
 12.3  0.0  0.0  0.0  0.0  0.0  0.0  0.0  0.0  0.0  0.0  0.0  0.0  0.0  0.0
  0.0  0.0  0.0  0.0  0.0  0.0  0.0 12.3  0.0  0.0  0.0  0.0  0.0  0.0  0.0
  0.0  0.0  0.0  0.0  0.0  0.0  0.0  0.0 12.3  0.0  0.0  0.0  0.0  0.0  0.0
  0.0 12.3  0.0 12.3  0.0 12.3 12.3  0.0  0.0  0.0  0.0  0.0  0.0  0.0  0.0
  0.0  0.0  0.0  0.0  0.0  0.0  0.0 12.3 37.0  0.0 24.7 24.7  0.0  0.0  0.0
 24.7  0.0  0.0  0.0  0.0 12.3 37.0 12.3  0.0  0.0  0.0  0.0 12.3  0.0  0.0
    -15.49     -5.73      6.27     -6.61     11.81  0.0  0.0  0.0  0.0  0.0
                                     t000019_s4_p8_el2ap.txt 10.3  6.0   50
 20.0  0.0  0.0 80.0  0.0  0.0  0.0 20.0  0.0  0.0  0.0  0.0  0.0  0.0  0.0
  0.0  0.0  0.0  0.0  0.0  0.0400.0100.0 80.0  0.0 40.0  0.0  0.0  0.0  0.0
  0.0  0.0180.0  0.0  0.0 40.0 40.0 20.0 20.0  0.0  0.0 20.0 20.0  0.0  0.0
  0.0  0.0  0.0  0.0  0.0 20.0  0.0  0.0  0.0  0.0 80.0 40.0  0.0120.0  0.0
 20.0  0.0  0.0  0.0  0.0  0.0  0.0  0.0  0.0  0.0  0.0  0.0  0.0  0.0  0.0
  0.0  0.0  0.0  0.0  0.0  0.0  0.0  0.0  0.0  0.0  0.0  0.0  0.0  0.0  0.0
  0.0 20.0  0.0  0.0  0.0  0.0  0.0  0.0  0.0  0.0  0.0  0.0  0.0  0.0  0.0
  0.0  0.0  0.0  0.0 20.0  0.0 20.0  0.0  0.0  0.0  0.0  0.0  0.0  0.0  0.0
  0.0  0.0  0.0  0.0  0.0  0.0  0.0  0.0100.0  0.0 40.0  0.0 20.0  0.0  0.0
 80.0  0.0 20.0  0.0  0.0  0.0  0.0  0.0  0.0 20.0 40.0  0.0  0.0 40.0  0.0
    -24.03     -3.95     11.20     12.61      8.87  0.0  0.0  0.0  0.0  0.0
                                     t000019_s4_p9_el2ap.txt 20.8  5.5  125
  0.0  0.0  0.0 64.0  0.0  0.0  0.0  0.0  0.0 40.0  0.0  0.0  0.0  0.0  0.0
  0.0  0.0  8.0 16.0  0.0  0.0256.0136.0112.0  0.0 16.0  0.0  8.0  0.0  8.0
  0.0 16.0 72.0  8.0  0.0 80.0 24.0  0.0  0.0  0.0  0.0  0.0 32.0  8.0  8.0
  0.0  0.0  0.0  0.0 16.0  8.0 32.0 16.0  0.0  8.0160.0 16.0  0.0104.0  8.0
  8.0  0.0  0.0  0.0  0.0  0.0  0.0  0.0  0.0  0.0  0.0  0.0  0.0  0.0  0.0
  0.0  0.0  0.0  8.0  0.0  0.0  0.0  8.0  0.0  0.0  0.0  0.0  0.0  0.0  0.0
  0.0  0.0  8.0  0.0  0.0  0.0  0.0  0.0  8.0  0.0  0.0  0.0  0.0  0.0  0.0
  8.0  8.0  0.0 16.0  8.0  8.0 16.0  0.0  0.0  0.0  0.0  0.0  0.0  0.0  0.0
  0.0  0.0  0.0  0.0  0.0  0.0  0.0  8.0 24.0  0.0  8.0 24.0  0.0 16.0  0.0
  0.0  0.0  0.0  0.0  0.0  0.0 24.0  0.0  8.0  0.0  0.0  8.0  8.0  8.0  0.0
    -17.96     -3.54      9.07     -6.61     23.74  0.0  0.0  0.0  0.0  0.0
                                     t000019_s7_p1_el2ap.txt 16.5  5.6   90
 22.2  0.0  0.0 55.6  0.0  0.0 11.1  0.0  0.0 22.2  0.0 11.1  0.0  0.0  0.0
  0.0  0.0 11.1  0.0 11.1  0.0333.3133.3111.1  0.0 11.1  0.0  0.0  0.0 11.1
  0.0  0.0 88.9  0.0  0.0 22.2 11.1  0.0  0.0  0.0  0.0  0.0 11.1  0.0  0.0
  0.0  0.0  0.0 11.1 11.1 11.1 11.1  0.0 11.1 11.1122.2 11.1  0.0100.0 33.3
  0.0  0.0  0.0  0.0  0.0  0.0  0.0  0.0  0.0  0.0  0.0  0.0  0.0  0.0  0.0
  0.0  0.0  0.0  0.0  0.0  0.0  0.0  0.0  0.0  0.0  0.0  0.0  0.0  0.0  0.0
  0.0  0.0  0.0  0.0  0.0  0.0  0.0  0.0  0.0  0.0  0.0  0.0  0.0  0.0  0.0
  0.0  0.0  0.0  0.0  0.0  0.0  0.0  0.0  0.0  0.0  0.0  0.0  0.0  0.0  0.0
  0.0 11.1  0.0  0.0  0.0  0.0  0.0  0.0  0.0 77.8 33.3 22.2 11.1  0.0  0.0
  0.0  0.0  0.0  0.0  0.0 33.3 33.3 44.4  0.0 22.2  0.0  0.0  0.0  0.0  0.0
     -3.14     -5.23     11.44     -6.61      3.32  0.0  0.0  0.0  0.0  0.0
                                     t000019_s7_p2_el2ap.txt 10.8  4.7   52
 19.2  0.0  0.0153.8  0.0  0.0  0.0  0.0  0.0 57.7  0.0  0.0  0.0  0.0  0.0
 19.2  0.0  0.0  0.0  0.0  0.0211.5153.8 38.5  0.0  0.0  0.0 19.2  0.0  0.0
 19.2  0.0 38.5  0.0  0.0 19.2 19.2  0.0  0.0 19.2  0.0 19.2  0.0 19.2  0.0
  0.0  0.0 19.2  0.0 19.2  0.0 19.2 19.2  0.0 19.2 76.9  0.0  0.0153.8  0.0
  0.0  0.0  0.0  0.0  0.0  0.0  0.0  0.0  0.0  0.0  0.0  0.0  0.0  0.0  0.0
  0.0  0.0  0.0 19.2  0.0  0.0  0.0  0.0  0.0  0.0  0.0  0.0  0.0  0.0  0.0
  0.0  0.0  0.0  0.0  0.0 19.2  0.0  0.0  0.0  0.0  0.0  0.0  0.0  0.0  0.0
 19.2  0.0  0.0 19.2  0.0 19.2 19.2  0.0  0.0  0.0  0.0  0.0  0.0  0.0  0.0
  0.0  0.0  0.0  0.0  0.0  0.0  0.0  0.0 19.2  0.0 19.2  0.0  0.0  0.0  0.0
  0.0  0.0  0.0  0.0  0.0  0.0  0.0  0.0 38.5 19.2  0.0 19.2  0.0  0.0  0.0
     -2.74     -2.17     20.03      9.83     -0.71  0.0  0.0  0.0  0.0  0.0
                                     t000019_s7_p3_el2ap.txt  8.0  5.1   39
  0.0  0.0  0.0 76.9  0.0  0.0  0.0  0.0 25.6 51.3  0.0  0.0  0.0  0.0  0.0
  0.0  0.0  0.0  0.0  0.0  0.0256.4179.5153.8  0.0 25.6  0.0  0.0  0.0 25.6
  0.0 25.6 76.9 25.6  0.0 25.6  0.0  0.0  0.0  0.0  0.0  0.0  0.0  0.0  0.0
  0.0  0.0  0.0  0.0 25.6  0.0 25.6  0.0  0.0 25.6179.5 51.3  0.0 76.9  0.0
  0.0  0.0  0.0  0.0  0.0  0.0  0.0  0.0  0.0  0.0  0.0  0.0  0.0  0.0  0.0
  0.0  0.0  0.0  0.0  0.0  0.0  0.0  0.0  0.0  0.0  0.0  0.0  0.0  0.0  0.0
  0.0  0.0  0.0  0.0  0.0  0.0  0.0  0.0  0.0  0.0  0.0  0.0  0.0  0.0  0.0
  0.0  0.0  0.0  0.0  0.0  0.0  0.0  0.0  0.0  0.0  0.0  0.0  0.0  0.0  0.0
  0.0  0.0  0.0  0.0  0.0  0.0  0.0  0.0 25.6  0.0 76.9  0.0  0.0 51.3  0.0
  0.0  0.0  0.0  0.0 25.6  0.0 76.9  0.0  0.0 25.6  0.0  0.0  0.0  0.0  0.0
    -23.48     -4.59     19.85     -6.61     -3.63  0.0  0.0  0.0  0.0  0.0
                                     t000019_s7_p4_el2ap.txt 10.0  5.4   51
 19.6  0.0  0.0 58.8  0.0  0.0  0.0  0.0  0.0 19.6  0.0  0.0  0.0  0.0  0.0
  0.0  0.0  0.0  0.0  0.0  0.0274.5156.9 98.0  0.0  0.0  0.0  0.0  0.0 19.6
  0.0 19.6 78.4  0.0  0.0 39.2 19.6  0.0  0.0  0.0  0.0  0.0 19.6  0.0  0.0
 19.6  0.0  0.0  0.0  0.0  0.0 19.6 19.6  0.0 19.6 98.0  0.0  0.0137.3  0.0
  0.0  0.0  0.0  0.0  0.0  0.0  0.0  0.0  0.0  0.0  0.0  0.0  0.0  0.0  0.0
  0.0  0.0  0.0  0.0  0.0  0.0  0.0  0.0  0.0  0.0  0.0  0.0  0.0  0.0  0.0
  0.0 19.6  0.0  0.0  0.0  0.0  0.0  0.0  0.0  0.0  0.0  0.0  0.0  0.0  0.0
  0.0  0.0  0.0  0.0 19.6  0.0 19.6  0.0  0.0  0.0  0.0  0.0  0.0  0.0  0.0
  0.0  0.0  0.0  0.0  0.0  0.0  0.0  0.0 39.2  0.0 58.8 19.6  0.0  0.0  0.0
 19.6  0.0  0.0  0.0  0.0 19.6 39.2 19.6 19.6 58.8  0.0  0.0 39.2  0.0  0.0
    -24.99     -5.73     21.26     -6.61     14.95  0.0  0.0  0.0  0.0  0.0
                                     t000019_s7_p5_el2ap.txt  7.0  4.8   41
  0.0  0.0  0.0 24.4  0.0  0.0  0.0  0.0  0.0  0.0  0.0  0.0  0.0  0.0  0.0
  0.0  0.0  0.0  0.0  0.0  0.0365.9243.9 73.2 24.4  0.0  0.0  0.0  0.0  0.0
  0.0  0.0 97.6  0.0  0.0  0.0  0.0  0.0  0.0  0.0  0.0  0.0  0.0  0.0  0.0
  0.0  0.0  0.0  0.0  0.0  0.0  0.0  0.0  0.0  0.0 97.6  0.0  0.0 48.8  0.0
  0.0  0.0  0.0  0.0  0.0  0.0  0.0  0.0  0.0  0.0  0.0  0.0  0.0  0.0  0.0
  0.0  0.0  0.0  0.0  0.0  0.0  0.0  0.0  0.0  0.0  0.0  0.0  0.0  0.0  0.0
  0.0  0.0  0.0  0.0  0.0  0.0  0.0  0.0  0.0  0.0  0.0  0.0  0.0  0.0  0.0
  0.0  0.0  0.0  0.0  0.0  0.0  0.0  0.0  0.0  0.0  0.0  0.0  0.0  0.0  0.0
  0.0  0.0  0.0  0.0  0.0  0.0  0.0  0.0 24.4 24.4 24.4 24.4 24.4  0.0  0.0
  0.0  0.0  0.0  0.0  0.0  0.0  0.0  0.0 24.4  0.0  0.0  0.0 24.4  0.0  0.0
    -33.73     -4.93      7.75     -6.61     -3.63  0.0  0.0  0.0  0.0  0.0
                                     t000021_s1_p1_el2ap.txt 25.8  5.8  167
  6.0  0.0  6.0 47.9  0.0  0.0  0.0  0.0  6.0  6.0  0.0  0.0  0.0  0.0  0.0
  0.0  0.0  6.0  6.0  0.0  0.0359.3107.8107.8 35.9  6.0  0.0 12.0  0.0  0.0
  0.0 18.0149.7  0.0  0.0 24.0 12.0  0.0  0.0  0.0  0.0  6.0  6.0 12.0  6.0
 12.0  0.0 12.0  0.0  0.0  6.0 24.0 29.9  0.0  0.0107.8 12.0  6.0107.8  0.0
  0.0  0.0  0.0  0.0  0.0  0.0  0.0  0.0  0.0  0.0  0.0  0.0  0.0  0.0  0.0
  0.0  0.0  0.0  0.0  0.0  6.0  0.0  0.0  0.0  0.0  0.0  0.0  0.0  0.0  0.0
  0.0  6.0  0.0  0.0  0.0  0.0  0.0  0.0  0.0  0.0  0.0  0.0  0.0  0.0  0.0
  6.0  0.0  0.0  6.0  6.0  0.0  6.0  0.0  0.0  0.0  0.0  0.0  0.0  0.0  0.0
  0.0  0.0  0.0  0.0  0.0  0.0  0.0 18.0 77.8 18.0 29.9  0.0 12.0  6.0  6.0
  0.0  0.0  0.0  0.0  0.0 12.0  0.0 18.0 12.0  0.0  6.0  0.0  6.0  0.0  0.0
    -27.06     -2.06     16.66     -4.21     10.40  0.0  0.0  0.0  0.0  0.0
                                    t000021_s14_p1_el2ap.txt 31.0  4.9  193
  5.2  0.0  0.0 15.5  0.0  0.0  0.0  0.0 15.5  5.2  0.0  5.2  0.0  0.0  0.0
  0.0  0.0  0.0 25.9  0.0  0.0321.2114.0 62.2 31.1  0.0  0.0  0.0  0.0  0.0
  0.0  5.2 88.1  5.2  0.0 15.5 15.5  0.0  0.0 20.7  0.0  0.0  5.2 15.5  0.0
  5.2  0.0  0.0  0.0  0.0  0.0 57.0 20.7  0.0  0.0 72.5 15.5  0.0 77.7 10.4
  0.0  0.0  0.0  0.0  0.0  0.0  0.0  0.0  0.0  0.0  0.0  0.0  0.0  0.0  0.0
  0.0  0.0  0.0  0.0  0.0  0.0  0.0  0.0  0.0  0.0  0.0  0.0  0.0  0.0  0.0
  0.0  0.0  5.2  0.0  0.0  0.0  0.0  0.0  0.0  0.0  0.0  0.0  0.0  0.0  0.0
  0.0  0.0  0.0  0.0  5.2  0.0  5.2  0.0  0.0  0.0  0.0  0.0  0.0  0.0  0.0
  0.0  0.0  0.0  0.0  0.0  0.0  0.0  0.0 46.6 10.4 57.0  5.2  0.0  5.2  0.0
  0.0  0.0  0.0  0.0  0.0 10.4  0.0 20.7  0.0 15.5  5.2  5.2  5.2  0.0  0.0
    -17.03     -4.71      6.65      2.82      3.64  5.2  0.0  0.0  0.0  0.0
                                    t000021_s14_p2_el2ap.txt 22.0  5.9  129
  0.0  0.0  0.0 15.5  0.0  0.0  0.0  0.0  7.8  0.0  0.0  0.0  0.0  0.0  0.0
  0.0  0.0  0.0 46.5  0.0  0.0348.8131.8 77.5 46.5  0.0  0.0  0.0  0.0  0.0
  0.0  7.8 85.3  0.0  0.0 31.0  0.0  0.0  0.0  0.0  0.0  0.0  7.8 15.5  7.8
  0.0  0.0  0.0  0.0  0.0  0.0 54.3 23.3  0.0  0.0131.8  7.8  0.0 69.8  0.0
  0.0  0.0  0.0  0.0  0.0  0.0  0.0  0.0  0.0  0.0  0.0  0.0  0.0  0.0  0.0
  0.0  0.0  0.0  0.0  0.0  0.0  0.0  0.0  0.0  0.0  0.0  0.0  0.0  0.0  0.0
  0.0  0.0  0.0  0.0  0.0  0.0  0.0  0.0  0.0  0.0  0.0  0.0  0.0  0.0  0.0
  0.0  0.0  0.0  0.0  0.0  0.0  0.0  0.0  0.0  0.0  0.0  0.0  0.0  0.0  0.0
  0.0  0.0  0.0  0.0  0.0  0.0  0.0  0.0 69.8  0.0  7.8  0.0  0.0  7.8  0.0
  0.0  0.0  0.0  0.0  0.0  7.8  0.0  7.8  7.8  7.8  0.0  7.8  7.8  0.0  0.0
    -22.22     -4.20      8.00     -6.61      9.53  0.0  0.0  0.0  0.0  0.0
                                    t000021_s14_p3_el2ap.txt 12.3  5.2   61
  0.0  0.0  0.0 32.8  0.0  0.0  0.0 16.4  0.0  0.0  0.0  0.0  0.0  0.0  0.0
  0.0  0.0  0.0  0.0  0.0  0.0327.9131.1 65.6 49.2  0.0 16.4  0.0  0.0  0.0
  0.0 16.4 65.6  0.0  0.0 16.4 16.4  0.0  0.0 32.8  0.0  0.0  0.0 16.4  0.0
 32.8  0.0  0.0  0.0 16.4  0.0 49.2 49.2  0.0  0.0 82.0  0.0  0.0131.1  0.0
  0.0  0.0  0.0  0.0  0.0  0.0  0.0  0.0  0.0  0.0  0.0  0.0  0.0  0.0  0.0
  0.0  0.0  0.0  0.0  0.0  0.0  0.0  0.0  0.0  0.0  0.0  0.0  0.0  0.0  0.0
  0.0  0.0  0.0  0.0  0.0  0.0  0.0  0.0  0.0  0.0  0.0  0.0  0.0  0.0  0.0
  0.0  0.0  0.0  0.0  0.0  0.0  0.0  0.0  0.0  0.0  0.0  0.0  0.0  0.0  0.0
  0.0  0.0  0.0  0.0  0.0  0.0  0.0  0.0 49.2  0.0 49.2  0.0 49.2  0.0  0.0
  0.0  0.0  0.0  0.0  0.0 16.4  0.0 32.8 16.4 16.4 16.4  0.0  0.0  0.0  0.0
    -24.63     -0.96     10.67      8.30      9.43 16.4  0.0  0.0  0.0  0.0
                                    t000021_s14_p4_el2ap.txt 18.5  4.6  127
 15.7  0.0  0.0 39.4  0.0  0.0  0.0 15.7  0.0  0.0  0.0  0.0  0.0  0.0  0.0
  0.0  0.0  0.0  7.9  0.0  0.0322.8102.4 39.4 23.6  7.9  0.0  0.0  0.0  0.0
  0.0  0.0 94.5  0.0  0.0  0.0  0.0  0.0  0.0  0.0  0.0  0.0  0.0  0.0  0.0
  0.0  0.0  0.0  0.0  0.0  0.0  7.9  0.0  0.0  0.0 39.4  7.9 31.5 78.7  0.0
  0.0  0.0  0.0  0.0  0.0  0.0  0.0  0.0  0.0  0.0  0.0  0.0  0.0  0.0  0.0
  0.0  0.0  0.0  0.0  0.0  0.0  0.0  0.0  0.0  0.0  0.0  0.0  0.0  0.0  0.0
  0.0  0.0  0.0  0.0  0.0  0.0  0.0  0.0  0.0  0.0  0.0  0.0  0.0  0.0  0.0
  0.0  0.0  0.0  0.0  0.0  0.0  0.0  0.0  0.0  0.0  0.0  0.0  0.0  0.0  0.0
  0.0  0.0  0.0  0.0  0.0  0.0  0.0  0.0 31.5  0.0 31.5  7.9  0.0  0.0  0.0
  0.0  0.0  0.0  0.0  0.0  0.0 15.7 15.7  0.0  7.9  0.0  0.0  0.0  0.0  0.0
    -17.26     -4.60      7.54     -6.61     -3.63  0.0  0.0  0.0  0.0  0.0
                                    t000021_s14_p5_el2ap.txt 26.5  5.6  165
 12.1  0.0  0.0 18.2  0.0  0.0  0.0  0.0  6.1  0.0  0.0  0.0  0.0  0.0  0.0
  0.0  0.0  0.0  6.1  0.0  0.0333.3133.3 84.8 42.4  6.1  0.0  0.0  0.0  0.0
  0.0 12.1 54.5  6.1  0.0  6.1 18.2  0.0  0.0  0.0  0.0  6.1  6.1 24.2  0.0
 24.2  0.0  0.0  0.0  0.0  0.0 18.2 48.5  0.0  0.0109.1 12.1  0.0133.3 12.1
  0.0  0.0  0.0  0.0  0.0  0.0  0.0  0.0  0.0  0.0  0.0  0.0  0.0  0.0  0.0
  0.0  0.0  0.0  0.0  0.0  0.0  0.0  0.0  0.0  0.0  0.0  0.0  0.0  0.0  0.0
  0.0  0.0  0.0  0.0  0.0  0.0  0.0  0.0  0.0  0.0  0.0  0.0  0.0  0.0  0.0
  0.0  0.0  0.0  0.0  0.0  0.0  0.0  0.0  0.0  0.0  0.0  0.0  0.0  0.0  0.0
  0.0  0.0  0.0  0.0  0.0  0.0  0.0  0.0 30.3 24.2 48.5  0.0 30.3  0.0  6.1
  0.0  0.0  0.0  0.0  0.0  6.1  0.0 30.3  6.1 12.1 12.1  0.0 12.1  0.0  0.0
    -28.57     -4.06      7.17     -4.18     11.65  0.0  0.0  0.0  0.0  0.0
                                    t000021_s14_p6_el2ap.txt 10.8  6.0   55
 18.2  0.0  0.0  0.0  0.0  0.0  0.0  0.0  0.0  0.0  0.0  0.0  0.0  0.0  0.0
  0.0  0.0  0.0  0.0  0.0  0.0309.1 72.7 18.2109.1  0.0  0.0  0.0  0.0  0.0
  0.0 36.4145.5 18.2  0.0 36.4 18.2  0.0  0.0  0.0  0.0  0.0 18.2 54.5  0.0
  0.0 36.4  0.0  0.0 18.2  0.0 72.7 54.5  0.0  0.0 54.5  0.0  0.0145.5  0.0
  0.0  0.0  0.0  0.0  0.0  0.0  0.0  0.0  0.0  0.0  0.0  0.0  0.0  0.0  0.0
  0.0  0.0  0.0  0.0  0.0  0.0  0.0  0.0  0.0  0.0  0.0  0.0  0.0  0.0  0.0
  0.0  0.0  0.0  0.0  0.0  0.0  0.0  0.0  0.0  0.0  0.0  0.0  0.0  0.0  0.0
  0.0  0.0  0.0  0.0  0.0  0.0  0.0  0.0  0.0  0.0  0.0  0.0  0.0  0.0  0.0
  0.0  0.0  0.0  0.0  0.0  0.0  0.0 18.2 36.4 18.2 36.4  0.0 18.2  0.0  0.0
  0.0  0.0  0.0  0.0  0.0  0.0  0.0 54.5  0.0 36.4 18.2  0.0  0.0  0.0  0.0
    -24.44     -2.14     17.28     -6.61     16.00  0.0  0.0  0.0  0.0  0.0
                                    t000021_s19_p1_el2ap.txt 12.8  5.8   63
  0.0  0.0  0.0 63.5  0.0  0.0  0.0  0.0  0.0  0.0  0.0  0.0  0.0  0.0  0.0
  0.0  0.0  0.0 15.9  0.0  0.0269.8127.0 79.4 31.7  0.0 15.9  0.0  0.0  0.0
  0.0  0.0 95.2  0.0  0.0 47.6  0.0  0.0  0.0  0.0  0.0  0.0  0.0 31.7  0.0
  0.0 15.9  0.0  0.0  0.0  0.0 31.7 31.7  0.0  0.0 95.2  0.0  0.0111.1  0.0
 15.9  0.0  0.0  0.0  0.0  0.0  0.0  0.0  0.0  0.0  0.0  0.0  0.0  0.0  0.0
  0.0  0.0  0.0  0.0  0.0  0.0  0.0  0.0  0.0  0.0  0.0  0.0  0.0  0.0  0.0
  0.0  0.0  0.0  0.0  0.0  0.0  0.0  0.0  0.0  0.0  0.0  0.0  0.0  0.0  0.0
  0.0  0.0  0.0  0.0  0.0  0.0  0.0  0.0  0.0  0.0  0.0  0.0  0.0  0.0  0.0
  0.0  0.0  0.0  0.0  0.0  0.0  0.0 15.9 63.5  0.0  0.0  0.0  0.0 15.9 15.9
  0.0  0.0  0.0  0.0  0.0 15.9  0.0 31.7 15.9 15.9 15.9 15.9  0.0  0.0  0.0
    -24.97     -1.63      4.88     -6.61      1.18  0.0  0.0  0.0  0.0  0.0
                                    t000021_s19_p2_el2ap.txt 19.0  6.1  111
 27.0  9.0  0.0 36.0  0.0  0.0  0.0 18.0  0.0  0.0  0.0  0.0  0.0  9.0  0.0
  0.0  0.0  0.0 45.0  0.0  0.0333.3 63.1117.1 27.0  9.0  0.0  9.0  0.0  0.0
  0.0 18.0153.2  0.0  0.0 45.0 18.0  0.0  0.0  0.0  0.0  0.0  0.0  0.0  0.0
 18.0  0.0  0.0  9.0  0.0  0.0 63.1 18.0  0.0  0.0135.1  9.0  0.0117.1  9.0
  0.0  0.0  0.0  0.0  0.0  0.0  0.0  0.0  0.0  0.0  0.0  0.0  0.0  0.0  0.0
  0.0  0.0  0.0  9.0  0.0  0.0 18.0  0.0  0.0  0.0  0.0  0.0  0.0  0.0  0.0
  0.0  0.0  0.0 18.0  0.0  0.0  0.0  0.0  0.0  0.0  0.0  0.0  0.0  0.0  0.0
 27.0  0.0  0.0 27.0 18.0  0.0 18.0  0.0  0.0  0.0  0.0  0.0  0.0  0.0  0.0
  0.0  0.0  0.0  0.0  0.0  0.0  0.0  0.0 18.0  0.0 18.0 18.0  0.0  0.0  9.0
  0.0  0.0  0.0  0.0  9.0  0.0  0.0  0.0  0.0 36.0  0.0  0.0 18.0  0.0  0.0
     -8.00     -2.77     15.72     -6.61      2.19  0.0  0.0  0.0  0.0  0.0
                                    t000021_s19_p3_el2ap.txt 18.0  5.9  115
 17.4  0.0  0.0 52.2  0.0  0.0  0.0  0.0 17.4 26.1  0.0  0.0  0.0  0.0  0.0
  0.0  0.0  0.0  8.7  0.0  0.0287.0104.3 78.3 52.2 26.1  0.0  0.0  0.0  0.0
  0.0  8.7 78.3  0.0  0.0 52.2  8.7  8.7  0.0  0.0  0.0  0.0  8.7  8.7  0.0
  8.7  0.0 17.4  0.0  0.0  8.7 17.4 17.4  0.0  0.0 95.7 43.5  0.0139.1 17.4
  8.7  0.0  0.0  0.0  0.0  0.0  0.0  0.0  0.0  0.0  0.0  0.0  0.0  0.0  0.0
  0.0  0.0  0.0  0.0  0.0  8.7  8.7  0.0  0.0  0.0  0.0  0.0  0.0  0.0  0.0
  0.0  0.0  8.7  0.0  0.0  0.0  0.0  8.7  0.0  0.0  0.0  0.0  0.0  0.0  0.0
 17.4  0.0  0.0 17.4  8.7  8.7 17.4  0.0  0.0  0.0  0.0  0.0  0.0  0.0  0.0
  0.0  0.0  0.0  0.0  0.0  0.0  0.0  8.7 60.9 17.4 17.4  0.0  8.7  8.7  0.0
  0.0  0.0  0.0  0.0  0.0  8.7  0.0  8.7  0.0 17.4 26.1  0.0 17.4  0.0  0.0
    -20.36     -2.85      6.66     -4.53      5.93  0.0  0.0  0.0  0.0  0.0
                                    t000021_s19_p4_el2ap.txt 29.5  5.6  263
 11.4  0.0  7.6 45.6  0.0  0.0  0.0 15.2  0.0 15.2  0.0  3.8  0.0 15.2  0.0
  3.8  0.0  7.6  3.8  0.0  0.0258.6 98.9 79.8 38.0  0.0  3.8  0.0  0.0  0.0
  0.0 15.2121.7  0.0  0.0 38.0 15.2  0.0  0.0  0.0  0.0  3.8 15.2 15.2  3.8
  0.0  0.0  0.0  0.0  0.0  7.6 22.8 19.0  0.0  0.0110.3  0.0  0.0114.1  3.8
  3.8  0.0  0.0  0.0  0.0  0.0  0.0  0.0  0.0  0.0  0.0  0.0  0.0  0.0  0.0
  0.0  0.0  0.0  0.0  3.8  0.0  0.0  0.0  0.0  0.0  0.0  0.0  0.0  0.0  0.0
  0.0  0.0  3.8  0.0  0.0  0.0  0.0  0.0  0.0 15.2  0.0  0.0  0.0  0.0  0.0
  3.8  0.0  0.0  3.8  3.8  0.0 19.0  0.0  0.0  0.0  0.0  0.0  0.0  0.0  0.0
  0.0  0.0  0.0  0.0  0.0  0.0  0.0 11.4 30.4 11.4 34.2  0.0  0.0  3.8  3.8
  0.0  0.0  0.0  0.0  0.0  0.0  3.8 11.4  7.6  7.6  3.8  7.6  3.8  0.0  0.0
     -5.35     -3.75     12.90     -5.08     11.11  3.8  0.0  0.0  0.0  0.0
                                    t000021_s19_p5_el2ap.txt 13.0  5.4   76
  0.0  0.0  0.0  0.0  0.0  0.0  0.0 26.3  0.0 13.2  0.0  0.0  0.0 13.2  0.0
  0.0  0.0  0.0  0.0  0.0 13.2315.8118.4 78.9 65.8 13.2  0.0 13.2  0.0  0.0
  0.0  0.0210.5  0.0  0.0 26.3 13.2  0.0  0.0  0.0  0.0  0.0  0.0 26.3  0.0
  0.0  0.0  0.0  0.0  0.0  0.0  0.0 26.3  0.0  0.0 78.9 13.2  0.0 92.1 13.2
  0.0  0.0  0.0  0.0  0.0  0.0  0.0  0.0  0.0  0.0  0.0  0.0  0.0  0.0  0.0
  0.0  0.0  0.0  0.0  0.0  0.0  0.0  0.0  0.0  0.0  0.0  0.0  0.0  0.0  0.0
  0.0  0.0  0.0  0.0  0.0  0.0  0.0  0.0  0.0  0.0  0.0  0.0  0.0  0.0  0.0
  0.0  0.0  0.0  0.0  0.0  0.0  0.0  0.0  0.0  0.0  0.0  0.0  0.0  0.0  0.0
  0.0  0.0  0.0  0.0  0.0  0.0  0.0  0.0 78.9 26.3 52.6  0.0  0.0  0.0  0.0
  0.0  0.0  0.0  0.0  0.0  0.0  0.0 26.3  0.0  0.0  0.0  0.0  0.0  0.0  0.0
    -10.43     -0.54     14.10     -6.61      0.36  0.0  0.0  0.0  0.0  0.0
                                     t000021_s4_p1_el2ap.txt 20.8  5.8  134
  7.5  0.0  0.0 44.8  0.0  0.0  0.0  0.0  0.0 22.4  0.0  7.5  0.0  0.0  0.0
  0.0  0.0 22.4  0.0  0.0  0.0320.9156.7111.9 22.4  7.5  0.0  0.0  0.0  7.5
  0.0  0.0134.3  0.0  0.0 22.4 14.9  0.0  7.5  0.0  0.0  0.0  7.5  7.5  0.0
  7.5  0.0  7.5  0.0  7.5 22.4  7.5 14.9  0.0  7.5126.9  7.5  0.0104.5 14.9
  7.5  0.0  0.0  0.0  0.0  0.0  0.0  0.0  0.0  0.0  0.0  0.0  0.0  0.0  0.0
  0.0  0.0  0.0  0.0  0.0  0.0  7.5  0.0  0.0  0.0  0.0  0.0  0.0  0.0  0.0
  0.0  7.5  0.0  0.0  0.0  0.0  0.0  0.0  0.0  0.0  0.0  0.0  0.0  0.0  0.0
  7.5  0.0  0.0  7.5  7.5  0.0  7.5  0.0  0.0  0.0  0.0  0.0  0.0  0.0  0.0
  0.0  0.0  0.0  0.0  0.0  0.0  0.0  7.5 82.1 14.9 22.4  0.0  0.0  0.0 14.9
  0.0  0.0  0.0  0.0  0.0 29.9  0.0 14.9  0.0 22.4  7.5  7.5  0.0  0.0  0.0
    -18.37     -4.66     12.76     -4.20      4.58  0.0  0.0  0.0  0.0  0.0
                                     t000021_s4_p2_el2ap.txt 18.8  5.7   95
 21.1  0.0  0.0 31.6  0.0  0.0  0.0  0.0  0.0 10.5  0.0  0.0  0.0  0.0  0.0
  0.0  0.0 21.1  0.0  0.0  0.0326.3 94.7 84.2 31.6  0.0  0.0  0.0  0.0 10.5
  0.0 10.5115.8  0.0  0.0 21.1  0.0  0.0  0.0  0.0 10.5  0.0 10.5 10.5  0.0
  0.0  0.0  0.0  0.0  0.0 31.6 10.5 10.5  0.0 10.5147.4  0.0  0.0 84.2 10.5
 10.5  0.0  0.0  0.0  0.0  0.0  0.0  0.0  0.0  0.0  0.0  0.0  0.0  0.0  0.0
  0.0  0.0  0.0  0.0  0.0  0.0  0.0  0.0  0.0  0.0  0.0  0.0  0.0  0.0  0.0
  0.0  0.0  0.0  0.0  0.0  0.0  0.0  0.0  0.0  0.0  0.0  0.0  0.0  0.0  0.0
  0.0  0.0  0.0  0.0  0.0  0.0  0.0  0.0  0.0  0.0  0.0  0.0  0.0  0.0  0.0
  0.0  0.0  0.0  0.0  0.0  0.0  0.0 10.5 52.6  0.0 63.2  0.0  0.0 21.1 10.5
  0.0 10.5  0.0  0.0  0.0  0.0 10.5 10.5  0.0 42.1  0.0  0.0  0.0  0.0  0.0
    -19.94     -4.69     16.98     -1.59      4.55  0.0  0.0  0.0  0.0  0.0
                                     t000021_s4_p3_el2ap.txt 15.5  5.6   84
 11.9  0.0  0.0 47.6  0.0  0.0  0.0  0.0  0.0  0.0  0.0  0.0  0.0  0.0  0.0
  0.0  0.0 35.7  0.0  0.0  0.0333.3107.1107.1  0.0 11.9  0.0  0.0  0.0  0.0
  0.0  0.0154.8  0.0  0.0 47.6  0.0  0.0  0.0  0.0  0.0 11.9 11.9 11.9  0.0
  0.0  0.0  0.0  0.0  0.0 35.7  0.0 11.9  0.0  0.0142.9 11.9  0.0 59.5  0.0
  0.0  0.0  0.0  0.0  0.0  0.0  0.0  0.0  0.0  0.0  0.0  0.0  0.0  0.0  0.0
  0.0  0.0  0.0  0.0  0.0  0.0  0.0  0.0  0.0  0.0  0.0 11.9  0.0  0.0  0.0
  0.0  0.0  0.0  0.0  0.0  0.0  0.0  0.0  0.0  0.0  0.0  0.0  0.0  0.0  0.0
  0.0  0.0 11.9 11.9  0.0  0.0  0.0  0.0  0.0  0.0  0.0  0.0  0.0  0.0  0.0
  0.0  0.0  0.0  0.0  0.0  0.0  0.0 11.9 83.3 23.8 11.9  0.0 23.8  0.0  0.0
  0.0  0.0  0.0  0.0  0.0  0.0  0.0 35.7  0.0 23.8  0.0  0.0  0.0  0.0  0.0
    -19.19     -5.20      9.02     -1.84      5.62  0.0  0.0  0.0  0.0  0.0
                                     t000021_s5_p1_el2ap.txt 27.0  5.9  153
  6.5  0.0  0.0 39.2  0.0  0.0  0.0  0.0  0.0  0.0  0.0  0.0  0.0  0.0  0.0
  6.5  0.0  0.0 13.1  0.0  0.0333.3 91.5 78.4 26.1 19.6  0.0 13.1  0.0 13.1
  0.0  0.0150.3  0.0  6.5 58.8  6.5  0.0  0.0  0.0  0.0  6.5  6.5 13.1  0.0
  0.0  0.0  6.5  0.0  6.5  0.0 13.1 13.1  0.0 13.1111.1 19.6  0.0 98.0 19.6
  0.0  0.0  0.0  0.0  0.0  0.0  0.0  0.0  0.0  0.0  0.0  0.0  0.0  0.0  0.0
  0.0  0.0  0.0  6.5  0.0  0.0  6.5  0.0  0.0  0.0  0.0  0.0  0.0  0.0  0.0
  0.0  0.0  0.0  6.5  0.0  0.0  0.0  0.0  0.0  6.5  6.5  0.0  0.0  0.0  0.0
 13.1  0.0  0.0 13.1  6.5  0.0 13.1  6.5  0.0  0.0  0.0  0.0  0.0  0.0  0.0
  0.0  0.0  0.0  0.0  0.0  0.0  0.0 26.1 19.6  6.5 13.1  0.0  0.0  0.0  0.0
  0.0  0.0  0.0  0.0  0.0  0.0  0.0  0.0  6.5 13.1  0.0  6.5 32.7  6.5  0.0
    -23.49     -1.58     12.68     -3.99      2.44  0.0  0.0  0.0  0.0  0.0
                                    t000021_s5_p10_el2ap.txt 13.5  6.0   67
  0.0  0.0  0.0 74.6  0.0  0.0  0.0  0.0  0.0  0.0  0.0  0.0  0.0  0.0  0.0
  0.0  0.0 44.8  0.0  0.0  0.0313.4 44.8134.3  0.0 14.9  0.0 14.9  0.0  0.0
  0.0  0.0104.5  0.0  0.0 59.7  0.0  0.0 29.9  0.0  0.0  0.0 29.9  0.0  0.0
  0.0  0.0 14.9  0.0  0.0 44.8  0.0  0.0  0.0  0.0179.1 14.9  0.0 89.6  0.0
  0.0  0.0  0.0  0.0  0.0  0.0  0.0  0.0  0.0  0.0  0.0  0.0  0.0  0.0  0.0
  0.0  0.0  0.0  0.0  0.0  0.0 14.9  0.0  0.0  0.0  0.0  0.0  0.0  0.0  0.0
  0.0  0.0  0.0  0.0  0.0  0.0  0.0  0.0  0.0  0.0  0.0  0.0  0.0  0.0  0.0
 14.9  0.0  0.0 14.9  0.0  0.0  0.0  0.0  0.0  0.0  0.0  0.0  0.0  0.0  0.0
  0.0  0.0  0.0  0.0  0.0  0.0  0.0 14.9 29.9 14.9 44.8  0.0  0.0 14.9  0.0
  0.0 14.9  0.0  0.0  0.0  0.0  0.0 14.9 14.9  0.0 14.9  0.0 14.9  0.0  0.0
    -16.50     -2.30      4.84      3.02     15.03  0.0 14.9  0.0  0.0  0.0
                                    t000021_s5_p11_el2ap.txt 19.5  5.1  105
  0.0  0.0  9.5 28.6  0.0  0.0  0.0  9.5  0.0 19.0  0.0  0.0  0.0  0.0  0.0
  0.0  0.0  0.0  9.5  0.0  0.0314.3 76.2 38.1 19.0 28.6  0.0  9.5  0.0  0.0
  0.0  0.0 85.7  0.0  0.0 28.6 19.0  0.0  0.0  0.0  0.0  0.0  0.0  9.5  0.0
  0.0  0.0  9.5  0.0  9.5  0.0  9.5  9.5  0.0  0.0114.3 28.6  0.0 76.2  9.5
  0.0  0.0  0.0  0.0  0.0  0.0  0.0  0.0  0.0  0.0  0.0  0.0  0.0  0.0  0.0
  0.0  0.0  0.0  9.5  0.0  0.0  0.0  0.0  9.5  0.0  0.0  0.0  0.0  0.0  0.0
  0.0  0.0  9.5  0.0  0.0  0.0  0.0  9.5  0.0  0.0  9.5  0.0  0.0  9.5  0.0
  9.5  9.5  0.0 19.0  9.5  9.5 19.0 19.0  0.0  0.0  0.0  0.0  0.0  0.0  0.0
  0.0  0.0  0.0  0.0  0.0  0.0  0.0 19.0 38.1 19.0  0.0  0.0  0.0  0.0  0.0
  0.0  9.5  0.0  0.0  0.0  0.0  0.0  9.5  9.5  0.0  0.0  9.5  9.5  0.0  0.0
    -17.11     -2.07      5.30     -6.61     -2.18  0.0  0.0  0.0  0.0  0.0
                                    t000021_s5_p12_el2ap.txt 29.0  5.3  170
  5.9  0.0  0.0 76.5  0.0  0.0  5.9 17.6  0.0 23.5 11.8  5.9  0.0  0.0  0.0
  0.0  0.0 17.6  5.9  0.0  0.0247.1 88.2 70.6 11.8  0.0  5.9 17.6  0.0  5.9
  0.0  0.0 64.7  0.0  0.0 41.2  0.0  5.9  0.0  0.0  5.9  0.0 17.6 11.8  5.9
  0.0  5.9  5.9  5.9  5.9 29.4 17.6 17.6  0.0  5.9117.6  0.0  0.0117.6 23.5
 11.8  0.0  0.0  0.0  0.0  0.0  0.0  0.0  0.0  0.0  0.0  0.0  0.0  0.0  0.0
  0.0  0.0  0.0  0.0  0.0  0.0  5.9  0.0  0.0  0.0  0.0  0.0  0.0  0.0  0.0
  0.0  0.0  0.0  0.0  0.0  0.0  0.0  0.0  0.0  0.0  5.9  0.0  0.0  0.0  0.0
  5.9  0.0  0.0  5.9  0.0  0.0  0.0  5.9  0.0  0.0  0.0  0.0  0.0  0.0  0.0
  0.0  0.0  0.0  0.0  0.0  0.0  0.0 11.8 29.4  5.9 17.6  0.0  5.9 11.8  5.9
  0.0  5.9  0.0  0.0  0.0  0.0  0.0 11.8 17.6  5.9  5.9  0.0  0.0  0.0  0.0
     -3.58     -0.94      6.07     -2.40     13.71  0.0  5.9  0.0  0.0  0.0
                                    t000021_s5_p13_el2ap.txt 13.3  6.0   63
 15.9 15.9  0.0 79.4  0.0  0.0  0.0  0.0  0.0  0.0 15.9  0.0  0.0  0.0  0.0
  0.0  0.0  0.0 31.7  0.0  0.0396.8 63.5 63.5 31.7 15.9  0.0  0.0  0.0 15.9
  0.0  0.0127.0  0.0  0.0 15.9  0.0  0.0 15.9  0.0  0.0  0.0  0.0  0.0  0.0
  0.0  0.0  0.0  0.0  0.0  0.0 31.7  0.0  0.0 15.9 79.4 15.9  0.0142.9 31.7
  0.0  0.0  0.0  0.0  0.0  0.0  0.0  0.0  0.0  0.0  0.0  0.0  0.0  0.0  0.0
  0.0  0.0  0.0  0.0  0.0  0.0 15.9  0.0  0.0  0.0  0.0  0.0  0.0  0.0  0.0
  0.0  0.0  0.0  0.0  0.0  0.0  0.0  0.0  0.0  0.0  0.0  0.0  0.0  0.0  0.0
 15.9  0.0  0.0 15.9  0.0  0.0  0.0  0.0  0.0  0.0  0.0  0.0  0.0  0.0  0.0
  0.0  0.0  0.0  0.0  0.0  0.0  0.0 15.9 47.6  0.0 31.7 15.9  0.0  0.0  0.0
  0.0  0.0  0.0  0.0  0.0  0.0 15.9  0.0 15.9 15.9 15.9  0.0 15.9  0.0  0.0
    -14.75     -3.98     16.83     -1.48     -3.63  0.0 15.9  0.0  0.0  0.0
                                    t000021_s5_p14_el2ap.txt 12.3  5.1   60
  0.0  0.0  0.0 66.7  0.0  0.0  0.0  0.0  0.0 16.7  0.0  0.0  0.0  0.0  0.0
 16.7  0.0  0.0  0.0  0.0  0.0233.3 33.3 83.3 16.7 16.7  0.0  0.0  0.0  0.0
  0.0  0.0 33.3  0.0  0.0 33.3 16.7  0.0  0.0  0.0  0.0 16.7  0.0 16.7  0.0
  0.0  0.0 16.7  0.0  0.0  0.0  0.0 16.7  0.0  0.0133.3 16.7  0.0100.0  0.0
  0.0  0.0  0.0  0.0  0.0  0.0  0.0  0.0  0.0  0.0  0.0  0.0  0.0  0.0  0.0
  0.0  0.0  0.0  0.0  0.0  0.0 16.7  0.0  0.0  0.0  0.0  0.0  0.0  0.0  0.0
  0.0  0.0  0.0  0.0  0.0  0.0  0.0  0.0  0.0  0.0  0.0  0.0  0.0  0.0  0.0
 16.7  0.0  0.0 16.7  0.0  0.0  0.0  0.0  0.0  0.0  0.0  0.0  0.0  0.0  0.0
  0.0  0.0  0.0  0.0  0.0  0.0  0.0 16.7  0.0 16.7 16.7  0.0  0.0  0.0 16.7
  0.0  0.0  0.0  0.0  0.0  0.0  0.0 33.3  0.0  0.0 16.7  0.0 33.3  0.0  0.0
    -12.99     -4.44      1.39      0.06     -1.10  0.0  0.0  0.0  0.0  0.0
                                    t000021_s5_p15_el2ap.txt 12.5  5.4   62
  0.0  0.0  0.0 48.4  0.0  0.0  0.0  0.0  0.0  0.0  0.0  0.0  0.0  0.0  0.0
  0.0  0.0  0.0  0.0  0.0  0.0322.6 96.8 64.5 16.1  0.0  0.0  0.0  0.0  0.0
  0.0  0.0 96.8  0.0  0.0 32.3  0.0  0.0  0.0  0.0  0.0 16.1  0.0 16.1  0.0
  0.0  0.0  0.0  0.0 16.1  0.0  0.0 16.1  0.0  0.0 96.8  0.0  0.0 64.5  0.0
 16.1  0.0  0.0  0.0  0.0  0.0  0.0  0.0  0.0  0.0  0.0  0.0  0.0  0.0  0.0
  0.0  0.0  0.0  0.0  0.0  0.0  0.0  0.0  0.0  0.0  0.0  0.0  0.0  0.0  0.0
  0.0  0.0  0.0  0.0  0.0  0.0  0.0  0.0  0.0  0.0  0.0  0.0  0.0  0.0  0.0
  0.0  0.0  0.0  0.0  0.0  0.0  0.0  0.0  0.0  0.0  0.0  0.0  0.0  0.0  0.0
  0.0  0.0  0.0  0.0  0.0  0.0  0.0 16.1 32.3  0.0 32.3  0.0  0.0 16.1  0.0
  0.0 16.1  0.0  0.0  0.0  0.0  0.0  0.0 16.1  0.0 16.1  0.0 16.1  0.0  0.0
    -27.00     -5.20      5.86     -0.15     -1.18  0.0  0.0  0.0  0.0  0.0
                                    t000021_s5_p16_el2ap.txt 27.3  5.6  161
  6.2  0.0  0.0 37.3  0.0  0.0  6.2  0.0  0.0  6.2  0.0  0.0  0.0  0.0  0.0
  0.0  0.0  6.2 12.4  0.0  0.0285.7111.8105.6 12.4  6.2  0.0  6.2  0.0  0.0
  0.0  6.2 99.4  0.0  6.2 12.4 31.1  0.0 12.4  0.0  0.0  0.0 12.4  6.2  0.0
  6.2  0.0  6.2  0.0  6.2  6.2 18.6 12.4  0.0  0.0149.1  6.2  0.0105.6 18.6
  6.2  0.0  0.0  0.0  0.0  0.0  0.0  0.0  0.0  0.0  0.0  0.0  0.0  0.0  0.0
  0.0  0.0  0.0  0.0  0.0  6.2 24.8  0.0  0.0  0.0  0.0  0.0  0.0  0.0  0.0
  0.0  0.0  0.0 18.6  0.0  0.0  0.0  0.0  0.0  0.0  6.2  0.0  0.0  0.0  0.0
 31.1  0.0  0.0 31.1 18.6  0.0 18.6  6.2  0.0  0.0  0.0  0.0  0.0  0.0  0.0
  0.0  0.0  0.0  6.2  0.0  0.0  0.0  0.0 18.6 24.8 12.4 12.4  0.0  6.2  6.2
  0.0  0.0  0.0  0.0  0.0  6.2  6.2 12.4  6.2  6.2  0.0  0.0 24.8  0.0  0.0
    -22.60     -3.89      7.64     -2.60      7.08  0.0  0.0  0.0  0.0  0.0
                                    t000021_s5_p17_el2ap.txt 28.3  5.9  156
  0.0  0.0  0.0 70.5  0.0  0.0  6.4  0.0  0.0 32.1  0.0  6.4  0.0  0.0  0.0
  0.0  0.0  6.4 32.1  0.0  0.0333.3 44.9 64.1 12.8 12.8  0.0 12.8  0.0  6.4
  0.0  6.4134.6  0.0  0.0 38.5 19.2  0.0  0.0  0.0  0.0  0.0  6.4  6.4  6.4
  0.0  0.0  0.0  0.0 12.8  6.4 44.9 12.8  0.0  6.4115.4 12.8  0.0121.8 19.2
 12.8  6.4  0.0  0.0  0.0  0.0  0.0  0.0  0.0  0.0  0.0  0.0  0.0  0.0  0.0
  0.0  0.0  0.0  0.0  0.0  0.0  6.4  0.0  0.0 12.8  0.0  0.0  0.0  0.0  0.0
  0.0  0.0  0.0  6.4  0.0  0.0  0.0  0.0  0.0  6.4  0.0  0.0  0.0  0.0  0.0
  6.4 12.8  0.0 19.2  6.4  0.0 12.8  0.0  0.0  0.0  0.0  0.0  0.0  0.0  0.0
  0.0  0.0  0.0  0.0  0.0  0.0  0.0 25.6 32.1  6.4 32.1  0.0  0.0  0.0  0.0
  0.0  0.0  0.0  0.0  0.0  0.0  0.0 12.8 12.8 19.2  6.4 12.8 19.2  0.0  0.0
     -7.74     -2.36     13.72     -6.61      6.28  0.0  0.0  0.0  0.0  0.0
                                    t000021_s5_p18_el2ap.txt 13.5  5.4   73
  0.0  0.0  0.0 68.5  0.0  0.0  0.0  0.0  0.0  0.0  0.0  0.0  0.0  0.0  0.0
  0.0  0.0 54.8 27.4  0.0  0.0301.4 95.9 41.1 13.7 13.7  0.0  0.0  0.0 13.7
  0.0 13.7109.6  0.0  0.0 54.8 13.7  0.0  0.0  0.0  0.0 27.4  0.0 13.7 13.7
  0.0  0.0  0.0  0.0  0.0 54.8 41.1 27.4  0.0 13.7 41.1 13.7  0.0 95.9  0.0
  0.0  0.0  0.0  0.0  0.0  0.0  0.0  0.0  0.0  0.0  0.0  0.0  0.0  0.0  0.0
  0.0  0.0  0.0  0.0  0.0  0.0  0.0  0.0  0.0  0.0  0.0  0.0  0.0  0.0  0.0
  0.0  0.0 13.7  0.0  0.0  0.0  0.0  0.0  0.0  0.0 13.7  0.0  0.0  0.0  0.0
  0.0  0.0  0.0  0.0 13.7  0.0 13.7 13.7  0.0  0.0  0.0  0.0  0.0  0.0  0.0
  0.0  0.0  0.0  0.0  0.0  0.0  0.0  0.0 27.4  0.0 27.4  0.0  0.0  0.0 27.4
  0.0 13.7  0.0  0.0  0.0  0.0  0.0  0.0 13.7 27.4 13.7  0.0  0.0  0.0  0.0
     -3.21     -4.67     17.39      4.35      8.99  0.0  0.0  0.0  0.0  0.0
                                    t000021_s5_p19_el2ap.txt 31.0  5.6  182
  0.0  5.5  0.0 33.0  0.0  0.0  5.5  0.0  0.0 11.0  5.5  0.0  0.0  0.0  0.0
  0.0  0.0  5.5  0.0  0.0  0.0329.7 98.9 76.9 33.0 11.0  0.0 16.5  0.0  5.5
  0.0  0.0 98.9  0.0  5.5 33.0  0.0  0.0  0.0  0.0  0.0  5.5 16.5 11.0  0.0
  5.5  5.5 11.0  0.0  0.0  5.5  5.5 16.5  0.0  5.5104.4 11.0  0.0 93.4 22.0
  0.0  0.0  0.0  0.0  0.0  0.0  0.0  0.0  0.0  0.0  0.0  0.0  0.0  0.0  0.0
  0.0  0.0  0.0 11.0  0.0  0.0  5.5  0.0  0.0  0.0  0.0  0.0  0.0  0.0  0.0
  0.0  0.0  0.0  0.0  0.0  0.0  0.0  0.0  0.0  0.0  0.0  0.0  0.0  0.0  0.0
 16.5  0.0  0.0 16.5  0.0  0.0  0.0  0.0  0.0  0.0  0.0  0.0  0.0  0.0  0.0
  0.0  0.0  0.0  0.0  0.0  0.0  0.0 22.0 27.5  5.5 27.5  5.5  5.5  0.0  0.0
  0.0  0.0  0.0  0.0  0.0  0.0  0.0  0.0 11.0  0.0  5.5  0.0  5.5  0.0  0.0
    -22.79     -1.10      7.10     -4.41     10.11  5.5  0.0  0.0  0.0  0.0
                                     t000021_s5_p2_el2ap.txt 24.3  5.2  164
  6.1  0.0  0.0 42.7  0.0  0.0  0.0  6.1  0.0  0.0  0.0  0.0  0.0  0.0  0.0
  0.0  0.0  0.0  6.1  0.0 12.2298.8109.8 42.7 24.4  6.1  6.1  6.1  0.0  6.1
  0.0  6.1 97.6  0.0  0.0 42.7 12.2  0.0  0.0  0.0  0.0 12.2  6.1  6.1  6.1
  6.1  6.1 12.2  6.1 24.4  0.0 18.3 18.3  0.0  6.1 91.5  6.1  0.0103.7  6.1
  0.0  0.0  0.0  0.0  0.0  0.0  0.0  0.0  0.0  0.0  0.0  0.0  0.0  0.0  0.0
  0.0  0.0  0.0  6.1  0.0  6.1  0.0  0.0  0.0  6.1  0.0  0.0  0.0  0.0  0.0
  0.0  0.0  0.0  0.0  6.1  0.0  0.0  0.0  0.0  0.0  0.0  0.0  0.0  0.0  0.0
 12.2  6.1  0.0 18.3  0.0  6.1  6.1  0.0  0.0  0.0  0.0  0.0  0.0  0.0  0.0
  0.0  0.0  0.0  0.0  0.0  0.0  0.0  0.0 30.5  0.0 30.5  0.0  0.0  0.0 18.3
  0.0  0.0  0.0  0.0  0.0  0.0  0.0 18.3  6.1 24.4  0.0  0.0  0.0  0.0  0.0
    -17.58     -2.35     10.63     -1.73      7.77  0.0  0.0  0.0  0.0  0.0
                                    t000021_s5_p20_el2ap.txt 16.8  5.1   90
  0.0  0.0  0.0 44.4  0.0  0.0  0.0  0.0  0.0 11.1  0.0 11.1  0.0  0.0  0.0
  0.0  0.0 11.1  0.0  0.0  0.0322.2133.3 55.6 22.2  0.0  0.0  0.0  0.0 11.1
  0.0  0.0 66.7  0.0 11.1  0.0  0.0  0.0  0.0  0.0  0.0  0.0  0.0  0.0  0.0
  0.0  0.0  0.0  0.0 22.2 11.1 11.1  0.0  0.0 11.1 88.9  0.0  0.0 66.7  0.0
 11.1  0.0  0.0  0.0  0.0  0.0  0.0  0.0  0.0  0.0  0.0  0.0  0.0  0.0  0.0
  0.0  0.0  0.0  0.0  0.0  0.0  0.0  0.0  0.0  0.0  0.0  0.0  0.0  0.0  0.0
  0.0  0.0  0.0  0.0  0.0  0.0  0.0  0.0  0.0  0.0  0.0  0.0  0.0  0.0  0.0
  0.0  0.0  0.0  0.0  0.0  0.0  0.0  0.0  0.0  0.0  0.0  0.0  0.0  0.0  0.0
  0.0  0.0  0.0  0.0  0.0  0.0  0.0 11.1 44.4 11.1 33.3  0.0  0.0  0.0  0.0
  0.0  0.0  0.0  0.0  0.0  0.0  0.0  0.0  0.0  0.0  0.0  0.0  0.0  0.0  0.0
    -16.13     -5.00      7.89     -6.61     -3.63  0.0  0.0  0.0  0.0  0.0
                                    t000021_s5_p21_el2ap.txt 25.3  5.5  176
  0.0  0.0  0.0 56.8  0.0  0.0  0.0  0.0  0.0  0.0  0.0  0.0  0.0  0.0  0.0
  0.0  0.0  0.0  0.0  0.0  0.0312.5125.0 73.9 22.7  0.0  5.7 11.4  0.0  0.0
  0.0  0.0130.7  0.0  5.7 28.4 22.7  0.0  0.0  0.0  0.0  0.0 11.4 28.4  0.0
  0.0  5.7 11.4  0.0  5.7  0.0  5.7 28.4  0.0  0.0 79.5  0.0  5.7119.3 17.0
  0.0  0.0  0.0  0.0  0.0  0.0  0.0  0.0  0.0  0.0  0.0  0.0  0.0  0.0  0.0
  0.0  0.0  0.0 11.4  0.0  0.0 11.4  0.0  0.0  0.0  0.0  0.0  0.0  0.0  0.0
  0.0  0.0  0.0 22.7  0.0  0.0  0.0  0.0  0.0  0.0  5.7  0.0  0.0  0.0  0.0
 22.7  0.0  0.0 22.7 22.7  0.0 22.7  5.7  0.0  0.0  0.0  0.0  0.0  0.0  0.0
  0.0  0.0  0.0  0.0  0.0  0.0  0.0  0.0 39.8 11.4 34.1  0.0  0.0 17.0 22.7
  0.0  0.0  0.0  0.0  0.0 17.0  0.0 11.4 11.4 11.4  0.0  0.0 28.4  5.7  0.0
    -28.51     -1.78      6.76     -6.61      7.78  5.7  0.0  5.7  0.0  0.0
                                    t000021_s5_p22_el2ap.txt 26.0  5.8  142
  0.0  0.0  0.0 63.4  0.0  0.0  0.0 14.1  0.0 14.1  7.0  7.0  0.0  0.0  0.0
  0.0  0.0 14.1 14.1  0.0  0.0260.6 77.5140.8 14.1 14.1  0.0  0.0  7.0  0.0
  0.0 14.1 91.5  0.0  0.0 42.3  0.0  0.0  0.0  7.0  0.0  0.0  0.0  7.0  7.0
  0.0  0.0  7.0  7.0  7.0 14.1 42.3 14.1  0.0  7.0183.1 14.1  0.0 91.5  0.0
  0.0  0.0  0.0  0.0  0.0  0.0  0.0  0.0  0.0  0.0  0.0  0.0  0.0  0.0  0.0
  0.0  0.0  0.0  0.0  0.0  0.0  0.0  0.0  0.0  0.0  0.0  0.0  0.0  0.0  0.0
  0.0  0.0  0.0  0.0  0.0  0.0  0.0  0.0  0.0  0.0  0.0  0.0  0.0  0.0  0.0
  0.0  0.0  0.0  0.0  0.0  0.0  0.0  0.0  0.0  0.0  0.0  0.0  0.0  0.0  0.0
  0.0  0.0  0.0  0.0  0.0  0.0  0.0  0.0 28.2 14.1 21.1  0.0  0.0  7.0  7.0
  0.0  7.0  0.0  0.0  0.0  7.0  0.0  7.0  0.0  7.0 14.1  0.0  7.0  0.0  0.0
    -12.01     -4.64     14.29     -3.40      2.86  0.0  0.0  0.0  0.0  0.0
                                    t000021_s5_p23_el2ap.txt 17.3  5.3   84
  0.0  0.0  0.0 71.4  0.0  0.0 23.8  0.0  0.0 11.9  0.0  0.0  0.0  0.0  0.0
  0.0  0.0  0.0 23.8  0.0  0.0309.5107.1 83.3  0.0  0.0 23.8  0.0  0.0  0.0
  0.0  0.0107.1  0.0  0.0 23.8 23.8  0.0  0.0  0.0  0.0  0.0  0.0 23.8  0.0
 11.9  0.0 11.9  0.0  0.0  0.0 23.8 35.7  0.0  0.0107.1  0.0  0.0119.0 11.9
  0.0  0.0  0.0  0.0  0.0  0.0  0.0  0.0  0.0  0.0  0.0  0.0  0.0  0.0  0.0
  0.0  0.0  0.0  0.0  0.0 11.9 23.8  0.0  0.0  0.0  0.0  0.0  0.0  0.0  0.0
  0.0  0.0  0.0 23.8  0.0  0.0  0.0  0.0  0.0  0.0  0.0  0.0  0.0  0.0  0.0
 35.7  0.0  0.0 35.7 23.8  0.0 23.8  0.0  0.0  0.0  0.0  0.0  0.0  0.0  0.0
  0.0  0.0  0.0  0.0  0.0  0.0  0.0  0.0 47.6 11.9 23.8  0.0  0.0  0.0 23.8
  0.0  0.0  0.0  0.0  0.0 23.8 11.9 11.9  0.0 23.8 11.9  0.0 23.8  0.0  0.0
    -15.54     -1.15      7.06     -6.61      3.82  0.0  0.0  0.0 11.9  0.0
                                    t000021_s5_p24_el2ap.txt 13.5  5.5   68
  0.0  0.0  0.0 88.2  0.0  0.0  0.0 29.4  0.0  0.0 14.7 14.7  0.0  0.0  0.0
  0.0  0.0 29.4  0.0  0.0  0.0235.3117.6 58.8 29.4  0.0  0.0 14.7 14.7 14.7
  0.0  0.0 58.8  0.0  0.0 58.8 29.4  0.0  0.0  0.0  0.0 29.4  0.0 14.7  0.0
  0.0  0.0  0.0 14.7 14.7 29.4 14.7 14.7  0.0 29.4117.6  0.0  0.0147.1  0.0
  0.0  0.0  0.0  0.0  0.0  0.0  0.0  0.0  0.0  0.0  0.0  0.0  0.0  0.0  0.0
  0.0  0.0  0.0  0.0  0.0  0.0 14.7  0.0  0.0 14.7  0.0  0.0  0.0  0.0 14.7
  0.0  0.0  0.0 14.7 14.7  0.0  0.0  0.0  0.0  0.0 14.7  0.0  0.0  0.0  0.0
 14.7 14.7  0.0 29.4 29.4 14.7 44.1 14.7  0.0  0.0  0.0  0.0  0.0  0.0  0.0
  0.0  0.0  0.0  0.0  0.0  0.0  0.0  0.0 44.1 14.7  0.0  0.0  0.0  0.0 29.4
  0.0  0.0  0.0  0.0  0.0  0.0  0.0 29.4 14.7 14.7  0.0  0.0 14.7  0.0  0.0
      1.34     -2.04     17.72      5.16     -1.40 14.7  0.0  0.0  0.0  0.0
                                    t000021_s5_p25_el2ap.txt 14.3  5.8   67
 29.9  0.0  0.0 59.7  0.0  0.0  0.0  0.0  0.0  0.0  0.0 14.9  0.0  0.0  0.0
  0.0  0.0  0.0  0.0  0.0  0.0328.4104.5 74.6 44.8 14.9 14.9 14.9  0.0 14.9
  0.0 14.9119.4  0.0  0.0 29.9 29.9  0.0  0.0  0.0  0.0  0.0  0.0  0.0  0.0
 14.9  0.0  0.0  0.0  0.0  0.0 29.9 14.9  0.0 14.9 74.6 14.9  0.0134.3  0.0
  0.0  0.0  0.0  0.0  0.0  0.0  0.0  0.0  0.0  0.0  0.0  0.0  0.0  0.0  0.0
  0.0  0.0  0.0  0.0  0.0 14.9  0.0  0.0  0.0  0.0  0.0  0.0  0.0 14.9  0.0
  0.0  0.0  0.0 14.9  0.0  0.0  0.0  0.0  0.0  0.0 14.9  0.0  0.0  0.0  0.0
 14.9  0.0 14.9 29.9 14.9  0.0 14.9 14.9  0.0  0.0  0.0  0.0  0.0  0.0  0.0
  0.0  0.0  0.0  0.0  0.0  0.0  0.0  0.0 29.9 14.9 74.6 14.9  0.0 14.9 14.9
  0.0  0.0  0.0  0.0  0.0  0.0 14.9 14.9 14.9 29.9 14.9  0.0 14.9  0.0  0.0
    -17.04      2.04     20.56     -6.61      1.19  0.0 14.9  0.0  0.0  0.0
                                    t000021_s5_p26_el2ap.txt 23.8  5.9  135
  0.0  0.0  0.0 74.1  0.0  0.0 14.8  7.4  0.0  7.4  0.0  0.0  0.0  0.0  0.0
  0.0  0.0  7.4  0.0  0.0  0.0311.1 88.9 66.7 22.2 37.0  0.0  7.4  0.0  7.4
  0.0  7.4177.8  0.0 14.8 22.2  0.0  0.0  0.0  0.0  0.0  0.0  7.4  0.0  0.0
  7.4  0.0  7.4  0.0  7.4  7.4  7.4  7.4  0.0  7.4118.5 37.0  0.0118.5 14.8
  7.4  0.0  0.0  0.0  0.0  0.0  0.0  0.0  0.0  0.0  0.0  0.0  0.0  0.0  0.0
  0.0  0.0  0.0  7.4  0.0  7.4  0.0  0.0  0.0  0.0  0.0  0.0  0.0  0.0  0.0
  7.4  0.0  0.0  0.0  0.0  0.0  0.0  0.0  0.0  0.0  0.0  0.0  0.0  0.0  0.0
 14.8  0.0  0.0 14.8  7.4  0.0  7.4  0.0  0.0  0.0  0.0  0.0  0.0  0.0  0.0
  0.0  0.0  0.0  0.0  0.0  0.0  0.0 14.8 66.7 22.2 44.4  0.0  0.0  7.4  7.4
  0.0  0.0  0.0  0.0  0.0  0.0  0.0  7.4 14.8 14.8  0.0  7.4  7.4  7.4  0.0
    -19.21     -1.98     14.15     -6.61      3.39  0.0  0.0  0.0  0.0  0.0
                                    t000021_s5_p27_el2ap.txt 11.3  5.8   58
  0.0  0.0  0.0 86.2  0.0  0.0  0.0  0.0  0.0 17.2  0.0  0.0  0.0  0.0  0.0
  0.0  0.0  0.0  0.0  0.0  0.0327.6 86.2 69.0  0.0  0.0  0.0  0.0  0.0  0.0
  0.0 17.2137.9  0.0  0.0 34.5 34.5  0.0  0.0  0.0  0.0  0.0  0.0 17.2  0.0
  0.0  0.0 34.5  0.0 34.5  0.0 17.2 17.2  0.0  0.0137.9  0.0  0.0137.9 17.2
  0.0  0.0  0.0  0.0  0.0  0.0  0.0  0.0  0.0  0.0  0.0  0.0  0.0  0.0  0.0
  0.0  0.0  0.0 17.2  0.0  0.0  0.0  0.0  0.0  0.0  0.0  0.0  0.0  0.0  0.0
  0.0  0.0  0.0  0.0  0.0  0.0  0.0  0.0  0.0  0.0  0.0  0.0  0.0  0.0  0.0
 17.2  0.0  0.0 17.2  0.0  0.0  0.0  0.0  0.0  0.0  0.0  0.0  0.0  0.0  0.0
  0.0  0.0  0.0  0.0  0.0  0.0  0.0 17.2 51.7 17.2  0.0  0.0  0.0  0.0  0.0
  0.0  0.0  0.0  0.0  0.0  0.0  0.0 51.7  0.0  0.0  0.0  0.0 17.2  0.0  0.0
    -24.48     -5.73     14.98     -6.61     -1.01  0.0  0.0  0.0  0.0  0.0
                                    t000021_s5_p28_el2ap.txt 17.0  5.5   96
  0.0  0.0  0.0 62.5  0.0  0.0 10.4  0.0  0.0 20.8  0.0  0.0  0.0  0.0  0.0
  0.0  0.0  0.0 20.8  0.0  0.0270.8 72.9 41.7 10.4 10.4  0.0 10.4  0.0  0.0
  0.0 10.4114.6  0.0  0.0 52.1  0.0  0.0  0.0  0.0  0.0  0.0 10.4 10.4  0.0
 10.4  0.0 20.8  0.0 10.4  0.0 31.3 20.8  0.0  0.0177.1 10.4  0.0 72.9  0.0
 10.4  0.0  0.0  0.0  0.0  0.0  0.0  0.0  0.0  0.0  0.0  0.0  0.0  0.0  0.0
  0.0  0.0  0.0 20.8  0.0  0.0  0.0  0.0  0.0  0.0  0.0  0.0  0.0  0.0  0.0
  0.0  0.0  0.0  0.0  0.0  0.0  0.0  0.0  0.0  0.0  0.0  0.0  0.0  0.0  0.0
 20.8  0.0  0.0 20.8  0.0  0.0  0.0  0.0  0.0  0.0  0.0  0.0  0.0  0.0  0.0
  0.0  0.0  0.0  0.0  0.0  0.0  0.0  0.0 31.3  0.0 20.8 20.8 10.4  0.0 10.4
  0.0  0.0  0.0  0.0  0.0  0.0  0.0 10.4 20.8  0.0  0.0  0.0  0.0  0.0  0.0
    -14.00     -2.99      9.83     -6.61      7.82  0.0  0.0  0.0  0.0  0.0
                                    t000021_s5_p29_el2ap.txt 30.3  5.0  181
  0.0  0.0  0.0 60.8  0.0  0.0  5.5  0.0  0.0 11.0  5.5  0.0  0.0  0.0  0.0
  5.5  0.0 16.6 22.1  0.0  0.0270.7 93.9 44.2  5.5 16.6  0.0  5.5  0.0  0.0
  0.0  0.0 99.4  0.0  0.0 27.6 38.7  0.0  0.0  0.0  0.0  0.0  0.0 11.0  5.5
  0.0  0.0 11.0  0.0 11.0 16.6 22.1 16.6  0.0  0.0105.0 16.6  5.5110.5  5.5
  5.5  0.0  0.0  0.0  0.0  0.0  0.0  0.0  0.0  0.0  0.0  0.0  0.0  0.0  0.0
  0.0  0.0  0.0 11.0  0.0  0.0  5.5  0.0  0.0  5.5  0.0  0.0  0.0  0.0  0.0
  0.0  0.0  5.5 11.0  0.0  0.0  0.0  5.5  0.0  5.5  0.0  0.0  0.0  0.0  0.0
 16.6  5.5  0.0 22.1 16.6  5.5 27.6  0.0  0.0  0.0  0.0  0.0  0.0  0.0  0.0
  0.0  0.0  0.0  0.0  0.0  0.0  0.0  0.0 27.6  5.5 38.7  5.5  0.0  0.0 11.0
  0.0  0.0  0.0  0.0  0.0  0.0  0.0 16.6 16.6  0.0 11.0 11.0 11.0  0.0  0.0
     -8.27     -3.79      6.31     -6.61      2.30  0.0  0.0  0.0  0.0  0.0
                                     t000021_s5_p3_el2ap.txt 26.8  5.5  149
  6.7  0.0  6.7 47.0  0.0  0.0  0.0  0.0  0.0  6.7  0.0  0.0  0.0  0.0  0.0
  0.0  0.0  0.0  0.0  0.0  0.0308.7127.5 94.0 47.0  6.7  0.0  6.7  0.0  6.7
  0.0 20.1 80.5  0.0  0.0 26.8 13.4  0.0  6.7  0.0  0.0  6.7  6.7 13.4  0.0
  0.0  6.7  6.7 13.4 13.4  0.0 26.8 13.4  0.0  6.7127.5  6.7  0.0107.4  0.0
  0.0  0.0  0.0  0.0  0.0  0.0  0.0  0.0  0.0  0.0  0.0  0.0  0.0  0.0  0.0
  0.0  0.0  0.0  0.0  0.0  0.0 13.4  0.0  0.0  6.7  0.0  0.0  0.0  0.0  0.0
  0.0  0.0  0.0  6.7  0.0  0.0  0.0  6.7  0.0  0.0  6.7  0.0  0.0  0.0  0.0
 13.4  6.7  0.0 20.1  6.7  6.7 13.4  6.7  0.0  0.0  0.0  0.0  0.0  0.0  0.0
  0.0  0.0  0.0  0.0  0.0  0.0  0.0  6.7 60.4  0.0 20.1  6.7  0.0  0.0 13.4
  6.7  6.7  0.0  0.0  0.0 13.4  0.0  6.7 20.1  6.7  6.7  0.0 13.4  0.0  0.0
    -27.80     -2.64     15.85     -1.76      2.60  6.7  0.0  0.0  0.0  0.0
                                    t000021_s5_p30_el2ap.txt 23.5  5.2  142
  7.0  0.0  0.0 70.4  0.0  0.0  7.0  0.0  7.0 14.1  0.0  0.0  0.0  0.0  0.0
  0.0  0.0  7.0  7.0  0.0  0.0253.5 98.6 49.3  0.0  7.0  0.0  7.0  0.0  0.0
  0.0 14.1 49.3  0.0  0.0 35.2 14.1  0.0  0.0  0.0  0.0  0.0 14.1 14.1  0.0
  0.0  0.0 14.1  0.0  0.0  7.0 21.1 14.1  0.0  0.0119.7 14.1  7.0 98.6  7.0
  7.0  0.0  0.0  0.0  0.0  0.0  0.0  0.0  0.0  0.0  0.0  0.0  0.0  0.0  0.0
  0.0  0.0  0.0  7.0  7.0  0.0  0.0  0.0  0.0  0.0  0.0  0.0  0.0  0.0  0.0
  0.0  0.0  7.0  0.0  0.0  0.0  0.0  0.0  0.0  0.0  0.0  0.0  0.0  0.0  0.0
 14.1  0.0  0.0 14.1  7.0  0.0  7.0  0.0  0.0  0.0  0.0  0.0  0.0  0.0  0.0
  0.0  0.0  0.0  0.0  0.0  0.0  0.0  0.0 42.3 28.2 14.1  0.0  0.0  7.0  0.0
  0.0  0.0  0.0  0.0  0.0 14.1  0.0  0.0 14.1  7.0  7.0  0.0  7.0  0.0  0.0
    -15.32     -4.11      7.61     -6.61      7.31  0.0  7.0  0.0  0.0  0.0
                                     t000021_s5_p4_el2ap.txt 27.5  5.5  164
 18.3  6.1  0.0 61.0  0.0  0.0  0.0  6.1  0.0  6.1  0.0  0.0  0.0  0.0  0.0
  0.0  0.0  0.0  6.1  0.0  0.0317.1 73.2 61.0  6.1 36.6  0.0  6.1  0.0  0.0
  0.0  6.1 97.6  0.0  0.0 42.7 42.7  0.0  0.0  0.0  0.0  6.1  0.0  0.0  0.0
  0.0  0.0  6.1  0.0  0.0  0.0 12.2  0.0  0.0  0.0 97.6 36.6  0.0128.0 18.3
  0.0  0.0  0.0  0.0  0.0  0.0  0.0  0.0  0.0  0.0  0.0  0.0  0.0  0.0  0.0
  0.0  0.0  0.0  6.1  6.1  0.0  0.0  0.0  0.0  0.0  0.0  0.0  0.0  0.0  0.0
  0.0  0.0 18.3  0.0  0.0  0.0  0.0  0.0  0.0  6.1  0.0  0.0  0.0  0.0  0.0
 12.2  0.0  0.0 12.2 18.3  0.0 24.4  0.0  0.0  0.0  0.0  0.0  0.0  0.0  0.0
  0.0  0.0  0.0  0.0  0.0  0.0  0.0  6.1 30.5 12.2 24.4  6.1  0.0  6.1  6.1
  6.1  0.0  0.0  0.0  0.0  0.0  0.0 36.6  6.1 36.6  0.0  0.0  6.1  0.0  0.0
    -18.82     -2.77      7.58     -4.17     -3.63  0.0  0.0  0.0  0.0  0.0
                                     t000021_s5_p5_el2ap.txt 25.0  6.1  139
  7.2  0.0  0.0 71.9  0.0  0.0  7.2  0.0  0.0  0.0  0.0  0.0  0.0  0.0  0.0
  0.0  0.0 21.6 21.6  0.0  0.0374.1 71.9 64.7  7.2 28.8  0.0  0.0  0.0  0.0
  0.0  7.2165.5  0.0  0.0 36.0 14.4  0.0  0.0  0.0  0.0  0.0 14.4  7.2  0.0
  0.0  0.0  0.0  0.0 14.4 21.6 28.8  7.2  0.0  0.0 86.3 28.8  7.2122.3 21.6
  7.2  0.0  0.0  0.0  0.0  0.0  0.0  0.0  0.0  0.0  0.0  0.0  0.0  0.0  0.0
  0.0  0.0  0.0  0.0  0.0  0.0  0.0  0.0  0.0  0.0  0.0  0.0  0.0  0.0  0.0
  0.0  0.0  7.2  0.0  0.0  0.0  0.0  0.0  0.0  0.0  0.0  0.0  0.0  0.0  0.0
  0.0  0.0  0.0  0.0  7.2  0.0  7.2  0.0  0.0  0.0  0.0  0.0  0.0  0.0  0.0
  0.0  0.0  0.0  0.0  0.0  0.0  0.0 36.0 21.6  7.2 28.8  0.0  0.0  0.0  7.2
  0.0  0.0  0.0  0.0  0.0  0.0  0.0 21.6  7.2 14.4  7.2 14.4 14.4  0.0  0.0
    -15.77     -4.21     13.09     -6.61      6.46  7.2  0.0  0.0  0.0  0.0
                                     t000021_s5_p6_el2ap.txt 21.5  6.2  110
  9.1  0.0  0.0 63.6  0.0  0.0  0.0  0.0  0.0  9.1  0.0  9.1  0.0  0.0  0.0
  0.0  0.0 27.3 18.2  0.0  0.0345.5127.3 63.6  9.1 36.4  0.0  0.0  0.0  0.0
  0.0  9.1190.9  0.0  0.0 63.6  0.0  0.0  0.0  0.0  0.0  9.1 18.2  0.0  0.0
  0.0  0.0  0.0  0.0  0.0 27.3 36.4  0.0  0.0  0.0118.2 36.4  0.0118.2 36.4
  0.0  0.0  0.0  0.0  0.0  0.0  0.0  0.0  0.0  0.0  0.0  0.0  0.0  0.0  0.0
  0.0  0.0  0.0  0.0  0.0  0.0  0.0  0.0  0.0  0.0  0.0  0.0  0.0  0.0  0.0
  0.0  0.0  0.0  0.0  0.0  0.0  0.0  0.0  0.0  0.0  0.0  0.0  0.0  0.0  0.0
  0.0  0.0  0.0  0.0  0.0  0.0  0.0  0.0  0.0  0.0  0.0  0.0  0.0  0.0  0.0
  0.0  0.0  0.0  0.0  0.0  0.0  0.0  0.0 63.6 36.4 18.2  0.0  0.0 18.2  0.0
  0.0  0.0  0.0  0.0  0.0  0.0  0.0 27.3  0.0 18.2  9.1  0.0  9.1  0.0  0.0
    -11.36     -3.81     13.98     -2.97      7.74  0.0  0.0  0.0  0.0  0.0
                                     t000021_s5_p7_el2ap.txt 18.5  5.9   93
 10.8  0.0  0.0 64.5  0.0  0.0  0.0 10.8  0.0 64.5  0.0  0.0  0.0  0.0  0.0
  0.0  0.0 10.8  0.0  0.0  0.0258.1 43.0107.5 10.8  0.0  0.0  0.0  0.0  0.0
  0.0 10.8118.3  0.0  0.0 53.8 10.8  0.0  0.0  0.0  0.0  0.0  0.0 10.8  0.0
  0.0  0.0 21.5  0.0  0.0 10.8 10.8 10.8  0.0  0.0150.5  0.0  0.0129.0 43.0
  0.0  0.0  0.0  0.0  0.0  0.0  0.0  0.0  0.0  0.0  0.0  0.0  0.0  0.0  0.0
  0.0  0.0  0.0 10.8  0.0 10.8 10.8  0.0  0.0  0.0  0.0  0.0  0.0  0.0  0.0
  0.0  0.0  0.0 10.8  0.0  0.0  0.0  0.0  0.0  0.0  0.0  0.0 10.8  0.0  0.0
 32.3  0.0  0.0 32.3 10.8  0.0 10.8 10.8  0.0  0.0  0.0  0.0  0.0  0.0  0.0
  0.0  0.0  0.0  0.0  0.0  0.0  0.0 10.8 10.8 10.8  0.0  0.0 10.8 10.8  0.0
  0.0  0.0  0.0  0.0  0.0 10.8  0.0  0.0  0.0 10.8 10.8  0.0 32.3  0.0  0.0
    -10.61     -5.37     10.12     -6.61     -2.00  0.0 10.8  0.0  0.0  0.0
                                     t000021_s5_p8_el2ap.txt 27.5  5.6  173
 11.6  0.0  0.0 11.6  0.0  0.0  0.0 11.6  5.8  0.0  0.0  0.0  0.0  5.8  0.0
  0.0  0.0  0.0  5.8  0.0  5.8312.1109.8 98.3 17.3 11.6  0.0  5.8  0.0  0.0
  0.0 17.3115.6  0.0  0.0  5.8 28.9  0.0  0.0  0.0  0.0  0.0  0.0  5.8  0.0
  0.0  0.0  5.8  0.0  0.0  0.0 23.1  5.8  0.0  0.0144.5 17.3  0.0 80.9 23.1
  5.8  0.0  0.0  0.0  0.0  0.0  0.0  0.0  0.0  0.0  0.0  0.0  0.0  0.0  0.0
  0.0  0.0  0.0  5.8  0.0  0.0  0.0  0.0  0.0  0.0  0.0  0.0  0.0  0.0  0.0
  0.0  0.0  5.8  0.0  0.0  0.0  0.0  0.0  0.0  5.8  0.0  0.0  0.0  0.0  0.0
  5.8  0.0  0.0  5.8  5.8  0.0 11.6  0.0  0.0  0.0  0.0  0.0  0.0  0.0  0.0
  0.0  0.0  0.0  0.0  0.0  0.0  0.0 11.6 17.3 23.1 17.3  0.0  0.0  0.0 17.3
  5.8  0.0  0.0  0.0  0.0  5.8  0.0  5.8  5.8 11.6  0.0 11.6  5.8  0.0  0.0
    -20.40     -3.57     15.10     -6.61     -2.75  0.0  0.0  0.0  0.0  0.0
                                     t000021_s5_p9_el2ap.txt 13.5  5.8   70
  0.0 14.3  0.0 42.9  0.0  0.0  0.0  0.0  0.0 14.3  0.0  0.0  0.0  0.0  0.0
  0.0  0.0  0.0 14.3  0.0  0.0414.3 57.1 85.7 14.3  0.0  0.0  0.0  0.0  0.0
  0.0  0.0128.6  0.0  0.0 28.6  0.0  0.0  0.0  0.0  0.0 14.3 14.3  0.0  0.0
  0.0  0.0 14.3  0.0  0.0  0.0 14.3  0.0  0.0  0.0114.3  0.0  0.0 57.1  0.0
  0.0  0.0  0.0  0.0  0.0  0.0  0.0  0.0  0.0  0.0  0.0  0.0  0.0  0.0  0.0
  0.0  0.0  0.0  0.0  0.0  0.0 28.6  0.0  0.0  0.0  0.0  0.0  0.0  0.0  0.0
  0.0  0.0  0.0  0.0  0.0  0.0  0.0  0.0  0.0  0.0 14.3  0.0  0.0  0.0  0.0
 28.6  0.0  0.0 28.6  0.0  0.0  0.0 14.3  0.0  0.0  0.0  0.0  0.0  0.0  0.0
  0.0  0.0  0.0  0.0  0.0  0.0  0.0  0.0 28.6  0.0 14.3  0.0  0.0  0.0  0.0
  0.0  0.0  0.0  0.0  0.0  0.0  0.0 14.3  0.0  0.0  0.0  0.0 14.3  0.0  0.0
    -22.02     -5.26      8.28     -0.89      5.30  0.0  0.0  0.0  0.0  0.0
                                     t000021_s8_p1_el2ap.txt 25.0  5.4  136
  0.0  0.0  0.0 29.4  0.0  0.0  0.0  0.0  0.0  7.4  0.0  0.0  0.0  7.4  0.0
  0.0  0.0  0.0  7.4  0.0  0.0389.7102.9 66.2 14.7  0.0 14.7  0.0  0.0  0.0
  0.0  7.4125.0  7.4  7.4 58.8  0.0  0.0  0.0  0.0  0.0  7.4 14.7  0.0  0.0
  0.0  0.0  0.0  7.4  0.0  0.0 14.7  0.0  0.0  0.0 95.6  0.0  0.0 51.5 14.7
  0.0  0.0  0.0  0.0  0.0  0.0  0.0  0.0  0.0  0.0  0.0  0.0  0.0  0.0  0.0
  0.0  0.0  0.0  0.0  0.0  0.0  7.4  0.0  0.0  0.0  0.0  0.0  0.0  0.0  0.0
  0.0  0.0  0.0  0.0  0.0  0.0  0.0  0.0  0.0  0.0  0.0  0.0  0.0  0.0  0.0
  7.4  0.0  0.0  7.4  0.0  0.0  0.0  0.0  0.0  0.0  0.0  0.0  0.0  0.0  0.0
  0.0  0.0  0.0  7.4  0.0  0.0  0.0 14.7 44.1 36.8 22.1  0.0  0.0  7.4  7.4
  0.0  7.4  0.0  0.0  0.0  0.0  0.0  7.4  0.0  0.0  0.0  7.4  7.4  0.0  0.0
    -23.61     -2.42      4.77     -3.66      5.56  0.0  0.0  0.0  0.0  0.0
                                    t000021_s8_p10_el2ap.txt 19.8  5.7  110
  0.0  9.1  0.0 63.6  0.0  0.0  0.0  0.0  0.0  0.0  0.0  0.0  0.0  0.0  0.0
  0.0  0.0  9.1  0.0  0.0  0.0327.3136.4 54.5  9.1 27.3 36.4  0.0  0.0  0.0
  0.0  9.1163.6  0.0  0.0 36.4 18.2  0.0  0.0  0.0  0.0  0.0  9.1 27.3  0.0
  9.1  0.0 18.2  9.1  9.1  9.1  9.1 36.4  0.0  0.0 72.7 27.3  0.0127.3  9.1
  0.0  0.0  0.0  0.0  0.0  0.0  0.0  0.0  0.0  0.0  0.0  0.0  0.0  0.0  0.0
  0.0  0.0  0.0 18.2  0.0  9.1  0.0  0.0  0.0  9.1  0.0  0.0  0.0  0.0  9.1
  0.0  0.0  0.0  9.1  0.0  0.0  0.0  0.0  0.0  9.1  0.0  0.0  0.0  0.0  0.0
 27.3  9.1  0.0 36.4 18.2  0.0 27.3  0.0  0.0  0.0  0.0  0.0  0.0  0.0  0.0
  0.0  0.0  0.0  0.0  0.0  0.0  0.0  0.0 36.4 18.2  9.1  0.0  0.0  0.0  0.0
  0.0  0.0  0.0  0.0  0.0  9.1  0.0 18.2  0.0 18.2  0.0  0.0 18.2  0.0  0.0
    -23.76      2.78     13.64     -6.61      9.12  0.0  0.0  0.0  0.0  0.0
                                    t000021_s8_p11_el2ap.txt 26.0  5.8  188
  0.0  0.0  0.0 74.5  0.0  0.0  5.3  5.3  0.0  0.0  0.0  0.0  0.0  0.0  0.0
  0.0  5.3  0.0  5.3  0.0  0.0271.3133.0 90.4 10.6 10.6 21.3  0.0  0.0  0.0
  0.0 16.0138.3  0.0  5.3 37.2 10.6  0.0  0.0  0.0  0.0 10.6 16.0 21.3  5.3
  5.3  0.0  5.3  5.3  0.0  0.0 21.3 31.9  5.3  0.0 95.7 10.6  0.0106.4 10.6
  5.3  0.0  0.0  0.0  0.0  0.0  0.0  0.0  0.0  0.0  0.0  0.0  0.0  0.0  0.0
  0.0  0.0  0.0  5.3  0.0  0.0  0.0  0.0  0.0  0.0  0.0  0.0  0.0  0.0  0.0
  0.0 10.6  0.0  0.0  0.0  0.0  0.0  0.0  0.0  0.0  5.3  0.0  0.0  0.0  0.0
  5.3  0.0  0.0  5.3 10.6  0.0 10.6  5.3  0.0  0.0  0.0  0.0  0.0  0.0  0.0
  0.0  0.0  0.0  0.0  0.0  0.0  0.0  0.0 79.8 21.3 10.6  0.0  0.0  0.0 16.0
  0.0  0.0  0.0  0.0  0.0 10.6  0.0  0.0  5.3 16.0  0.0  5.3  5.3  0.0  0.0
    -16.27     -0.81     12.81     -2.35     15.38  0.0  0.0  0.0  0.0  0.0
                                    t000021_s8_p12_el2ap.txt 17.8  6.1  103
  9.7  0.0  0.0 29.1  0.0  0.0  0.0  0.0  0.0 19.4  0.0  0.0  0.0  0.0  0.0
  0.0  0.0  0.0  9.7  0.0  0.0359.2145.6145.6 29.1  0.0  0.0  0.0  0.0  0.0
  0.0 29.1165.0  0.0  0.0  9.7  0.0  0.0  0.0  0.0  0.0  9.7  0.0 19.4  0.0
  0.0  0.0  9.7  0.0  0.0  0.0 38.8 19.4  0.0  0.0155.3  0.0  0.0 77.7 19.4
  0.0  0.0  0.0  0.0  0.0  0.0  0.0  0.0  0.0  0.0  0.0  0.0  0.0  0.0  0.0
  0.0  0.0  0.0  0.0  0.0  0.0  9.7  0.0  0.0  0.0  0.0  0.0  0.0  0.0  0.0
  0.0  0.0  0.0  0.0  0.0  0.0  0.0  0.0  0.0  0.0  0.0  0.0  0.0  0.0  0.0
  9.7  0.0  0.0  9.7  0.0  0.0  0.0  0.0  0.0  0.0  0.0  0.0  0.0  0.0  0.0
  0.0  0.0  0.0  0.0  0.0  0.0  0.0 29.1 97.1  0.0 38.8  0.0  0.0  0.0  0.0
  0.0  0.0  0.0  0.0  0.0 19.4  0.0  0.0  0.0 19.4  0.0  0.0 29.1  0.0  0.0
    -30.99     -4.77     22.67     -2.72     -0.68  0.0  0.0  0.0  9.7  0.0
                                     t000021_s8_p2_el2ap.txt 25.3  5.7  129
  0.0  0.0  0.0 46.5  0.0  0.0  0.0  7.8  0.0 15.5  0.0  7.8  0.0  0.0  0.0
  0.0  0.0 23.3  7.8  0.0  0.0325.6 54.3 77.5  0.0  7.8  7.8  0.0  0.0  7.8
  0.0 15.5 93.0  0.0  0.0 54.3  0.0  0.0  0.0  0.0  0.0  7.8 23.3  7.8  0.0
  0.0  0.0  0.0  7.8  7.8 23.3 31.0  7.8  0.0  7.8131.8  7.8  0.0 54.3  7.8
  0.0  0.0  0.0  0.0  0.0  0.0  0.0  0.0  0.0  0.0  0.0  0.0  0.0  0.0  0.0
  0.0  0.0  0.0  0.0  0.0  0.0  0.0  0.0  0.0  0.0  0.0  0.0  0.0  7.8  0.0
  0.0  0.0  0.0  0.0  0.0  0.0  0.0  0.0  0.0  0.0 15.5  0.0  0.0  0.0  0.0
  0.0  0.0  7.8  7.8  0.0  0.0  0.0 15.5  0.0  0.0  0.0  0.0  0.0  0.0  0.0
  0.0  0.0  0.0  0.0  0.0  0.0  0.0  0.0 31.0 15.5 23.3  0.0  0.0  0.0  7.8
  0.0  7.8  0.0  0.0  0.0  0.0  0.0  0.0  0.0  0.0  0.0  7.8  0.0  0.0  0.0
    -10.26     -3.89     13.97     -3.50     12.08  0.0  0.0  0.0  0.0  0.0
                                     t000021_s8_p3_el2ap.txt 22.0  6.1  118
  8.5  0.0  8.5 76.3  0.0  0.0  0.0  0.0  0.0  0.0  0.0  0.0  0.0  0.0  0.0
  0.0  0.0 16.9 33.9  0.0  0.0322.0 93.2161.0  8.5  0.0  0.0  8.5  0.0  0.0
  0.0  8.5118.6  0.0  0.0 33.9 16.9  0.0  0.0  0.0  0.0  8.5  8.5  0.0  0.0
  0.0  0.0 16.9  0.0  0.0 16.9 42.4  0.0  0.0  0.0178.0  0.0  0.0 93.2  8.5
 16.9  0.0  0.0  0.0  0.0  0.0  0.0  0.0  0.0  0.0  0.0  0.0  0.0  0.0  0.0
  0.0  0.0  0.0 16.9  0.0  0.0  0.0  0.0  0.0  0.0  0.0  0.0  0.0  0.0  0.0
  0.0  0.0  0.0  0.0  0.0  0.0  0.0  0.0  0.0  0.0  0.0  0.0  0.0  0.0  0.0
 16.9  0.0  0.0 16.9  0.0  0.0  0.0  0.0  0.0  0.0  0.0  0.0  0.0  0.0  0.0
  0.0  0.0  0.0  0.0  0.0  0.0  0.0 25.4 84.7  0.0 16.9  8.5  0.0  0.0  0.0
  0.0  0.0  0.0  0.0  8.5 42.4  0.0 25.4  8.5 16.9  8.5  0.0  0.0  0.0  0.0
    -19.90     -3.88     10.43     -3.22      1.67  0.0  0.0  0.0  0.0  0.0
                                     t000021_s8_p4_el2ap.txt 20.3  5.8  113
  0.0  0.0  0.0 53.1  0.0  0.0  0.0  0.0  0.0 17.7  0.0  0.0  0.0  0.0  0.0
  0.0  0.0 17.7 17.7  0.0  0.0371.7 97.3 70.8  0.0  8.8  8.8  0.0  0.0  0.0
  0.0  8.8168.1  0.0  0.0 17.7  8.8  0.0  0.0  0.0  0.0  0.0  0.0 17.7  0.0
  0.0  0.0  8.8  0.0  0.0 17.7 26.5 17.7  0.0  0.0123.9  8.8  0.0 70.8  0.0
  8.8  0.0  0.0  0.0  0.0  0.0  0.0  0.0  0.0  0.0  0.0  0.0  0.0  0.0  0.0
  0.0  0.0  0.0  8.8  0.0  0.0  0.0  0.0  0.0  0.0  0.0  0.0  0.0  0.0  0.0
  0.0  0.0  0.0  0.0  0.0  0.0  0.0  0.0  0.0  0.0  0.0  0.0  0.0  0.0  0.0
  8.8  0.0  0.0  8.8  0.0  0.0  0.0  0.0  0.0  0.0  0.0  0.0  0.0  0.0  0.0
  0.0  0.0  0.0  0.0  0.0  0.0  0.0  0.0 70.8 17.7 44.2  0.0  0.0  8.8  8.8
  0.0  0.0  0.0  0.0  0.0  8.8  0.0  0.0  8.8 17.7  0.0  0.0  8.8  8.8  0.0
    -18.53     -3.63     14.92     -6.61     -0.94  0.0  0.0  0.0  0.0  0.0
                                     t000021_s8_p5_el2ap.txt 24.5  5.9  145
  0.0  0.0  0.0 75.9  0.0  0.0  0.0  6.9  0.0  6.9  0.0  0.0  0.0  0.0  0.0
  0.0  0.0  0.0  6.9  0.0  0.0331.0131.0110.3  0.0  6.9 13.8  0.0  0.0  0.0
  0.0 13.8186.2  0.0  0.0 20.7 13.8  0.0  0.0  0.0  0.0  0.0 20.7 13.8  0.0
  0.0  0.0  0.0  0.0  0.0  0.0 20.7 13.8  0.0  0.0151.7  6.9  0.0110.3 13.8
 20.7  0.0  0.0  0.0  0.0  0.0  0.0  0.0  0.0  0.0  0.0  0.0  0.0  0.0  0.0
  0.0  0.0  0.0  0.0  0.0  0.0  0.0  0.0  0.0  0.0  0.0  0.0  0.0  0.0  0.0
  0.0  0.0  6.9  0.0  0.0  0.0  0.0  0.0  0.0  6.9  0.0  0.0  0.0  0.0  0.0
  0.0  0.0  0.0  0.0  6.9  0.0 13.8  0.0  0.0  0.0  0.0  0.0  0.0  0.0  0.0
  0.0  0.0  0.0  0.0  0.0  0.0  0.0  0.0 41.4 41.4 55.2  0.0  0.0  0.0  0.0
  0.0  0.0  0.0  0.0  0.0  6.9  0.0  6.9  6.9  6.9  0.0  6.9  0.0  0.0  0.0
    -27.42     -2.77     17.84     -6.61     11.39  0.0  0.0  0.0  0.0  0.0
                                     t000021_s8_p6_el2ap.txt 28.0  5.5  160
  0.0  0.0  0.0 68.8  0.0  0.0  6.3  0.0  0.0  6.3  0.0  6.3  0.0  0.0  0.0
  0.0  0.0 12.5  6.3  0.0  0.0312.5 68.8 75.0  6.3  0.0 18.8  0.0  0.0  0.0
  0.0  6.3 93.8  0.0 12.5 62.5  0.0  0.0  6.3  0.0 12.5  6.3 18.8 18.8  0.0
  0.0 12.5  0.0  0.0  0.0 25.0 31.3 18.8  0.0  0.0118.8  0.0  6.3 87.5  6.3
  0.0  0.0  0.0  0.0  0.0  0.0  0.0  0.0  0.0  0.0  0.0  0.0  0.0  0.0  0.0
  0.0  0.0  0.0  0.0  0.0  0.0  0.0  0.0  0.0  0.0  0.0  0.0  0.0  0.0  0.0
  0.0  0.0  0.0  0.0  0.0  0.0  0.0  0.0  0.0  0.0  6.3  0.0  0.0  0.0  0.0
  0.0  0.0  0.0  0.0  0.0  0.0  0.0  6.3  0.0  0.0  0.0  0.0  0.0  0.0  0.0
  0.0  0.0  0.0  6.3  0.0  0.0  0.0  0.0 43.8 25.0 31.3  0.0  0.0  0.0  0.0
  0.0  0.0  6.3  0.0  0.0 12.5  0.0  6.3  0.0 12.5  6.3  0.0  6.3  0.0  0.0
    -15.24     -1.92      2.57      3.86     10.93  0.0  0.0  0.0  0.0  0.0
                                     t000021_s8_p7_el2ap.txt 16.5  5.7   88
 11.4  0.0  0.0 56.8  0.0  0.0  0.0  0.0  0.0  0.0  0.0  0.0  0.0  0.0  0.0
  0.0  0.0 11.4  0.0  0.0  0.0340.9113.6 90.9 11.4 11.4 22.7 11.4  0.0 11.4
  0.0 11.4147.7  0.0 11.4 22.7 11.4  0.0 11.4  0.0  0.0  0.0  0.0 22.7  0.0
  0.0  0.0  0.0  0.0  0.0 11.4 11.4 22.7  0.0 11.4113.6 11.4  0.0102.3 11.4
  0.0  0.0  0.0  0.0  0.0  0.0  0.0  0.0  0.0  0.0  0.0  0.0  0.0  0.0  0.0
  0.0  0.0  0.0  0.0  0.0  0.0  0.0  0.0  0.0  0.0  0.0  0.0  0.0  0.0  0.0
  0.0  0.0  0.0  0.0  0.0  0.0  0.0  0.0  0.0  0.0 11.4  0.0  0.0  0.0  0.0
  0.0  0.0  0.0  0.0  0.0  0.0  0.0 11.4  0.0  0.0  0.0  0.0  0.0  0.0  0.0
  0.0 11.4  0.0  0.0  0.0  0.0  0.0 11.4 22.7 11.4 34.1  0.0  0.0  0.0  0.0
  0.0  0.0  0.0  0.0  0.0  0.0  0.0 34.1 11.4 11.4  0.0  0.0  0.0  0.0  0.0
    -25.90      1.63     16.49     -2.94     -0.18  0.0  0.0  0.0  0.0  0.0
                                     t000021_s8_p8_el2ap.txt 16.3  6.5   79
 12.7  0.0  0.0 12.7  0.0  0.0  0.0  0.0  0.0  0.0  0.0  0.0  0.0  0.0  0.0
  0.0  0.0  0.0 12.7  0.0  0.0341.8101.3164.6 12.7 12.7  0.0  0.0  0.0  0.0
  0.0 25.3151.9  0.0  0.0 63.3 25.3  0.0  0.0  0.0  0.0  0.0 12.7 25.3  0.0
  0.0  0.0  0.0  0.0  0.0  0.0 38.0 25.3  0.0  0.0202.5 12.7  0.0 88.6 25.3
  0.0  0.0  0.0  0.0  0.0  0.0  0.0  0.0  0.0  0.0  0.0  0.0  0.0  0.0  0.0
  0.0  0.0  0.0  0.0  0.0  0.0 12.7  0.0  0.0  0.0  0.0  0.0  0.0  0.0  0.0
  0.0  0.0  0.0 12.7  0.0  0.0  0.0  0.0  0.0  0.0  0.0  0.0  0.0  0.0  0.0
 12.7  0.0  0.0 12.7 12.7  0.0 12.7  0.0  0.0  0.0  0.0  0.0  0.0  0.0  0.0
  0.0  0.0  0.0  0.0  0.0  0.0  0.0 12.7 63.3  0.0 12.7  0.0  0.0  0.0 12.7
  0.0  0.0  0.0  0.0  0.0 12.7  0.0  0.0  0.0 38.0  0.0  0.0 12.7  0.0  0.0
    -33.17     -4.75     17.30     -6.61      8.12  0.0  0.0  0.0  0.0  0.0
                                     t000021_s8_p9_el2ap.txt 24.3  5.6  149
 13.4  0.0  0.0 53.7  0.0  0.0  0.0  0.0  0.0  0.0  0.0  0.0  0.0  0.0  0.0
  0.0  0.0 20.1  0.0  0.0  0.0322.1 87.2 60.4 26.8  6.7 13.4 13.4  0.0  0.0
  0.0  0.0114.1  0.0  0.0 47.0 13.4  0.0  0.0  0.0  0.0  0.0  6.7 13.4  0.0
  0.0 13.4 20.1  0.0  6.7 20.1 13.4 13.4  0.0  0.0 94.0  6.7  0.0114.1 13.4
  6.7  0.0  0.0  0.0  0.0  0.0  0.0  0.0  0.0  0.0  0.0  0.0  0.0  0.0  0.0
  0.0  0.0  0.0  6.7  0.0 13.4  0.0  0.0  0.0  6.7  0.0  0.0  0.0  0.0  0.0
  0.0  0.0  0.0  0.0  6.7  0.0  0.0  0.0  0.0  0.0  6.7  0.0  0.0  0.0  0.0
 20.1  6.7  0.0 26.8  0.0  6.7  6.7  6.7  0.0  0.0  0.0  0.0  0.0  0.0  0.0
  0.0  0.0  0.0  0.0  0.0  0.0  0.0  6.7 47.0 13.4 13.4  0.0  0.0  6.7 13.4
  0.0  0.0  0.0  0.0  0.0  6.7  0.0 33.6  6.7 20.1  6.7  0.0  6.7  0.0  0.0
    -19.85      0.52      6.23     -6.61      2.60  0.0  0.0  0.0  0.0  0.0
                                     t000022_s1_p1_el2ap.txt 30.5  5.6  235
 12.8  0.0  0.0 51.1  0.0  0.0  0.0  0.0  0.0 21.3  0.0  0.0  0.0  0.0  0.0
 12.8  0.0  4.3 17.0  0.0  0.0331.9148.9 80.9  8.5  0.0  0.0  4.3  0.0  0.0
  0.0  0.0140.4  0.0  0.0 25.5  8.5  0.0  0.0  0.0  0.0  0.0  4.3 12.8  0.0
  8.5  0.0  4.3  0.0  4.3  4.3 17.0 21.3  0.0  0.0 97.9  0.0  0.0 80.9  4.3
 12.8  0.0  0.0  0.0  0.0  0.0  0.0  0.0  0.0  0.0  0.0  0.0  0.0  0.0  0.0
  0.0  0.0  0.0  0.0  0.0  4.3  0.0  0.0  0.0  0.0  0.0  0.0  0.0  0.0  0.0
  0.0  0.0  0.0  0.0  0.0  0.0  0.0  0.0  0.0  0.0  0.0  0.0  0.0  0.0  0.0
  4.3  0.0  0.0  4.3  0.0  0.0  0.0  0.0  0.0  0.0  0.0  0.0  0.0  0.0  0.0
  0.0  4.3  0.0  0.0  0.0  0.0  0.0  0.0 34.0  4.3 34.0  0.0  4.3  0.0 12.8
  0.0  0.0  0.0  0.0  0.0  0.0  8.5 12.8  4.3 29.8  0.0  0.0  0.0  0.0  0.0
    -16.90     -4.66      9.27     -6.61      3.71  0.0  0.0  0.0  0.0  0.0
                                    t000022_s13_p1_el2ap.txt 24.0  5.1  141
 28.4  0.0  0.0113.5  0.0  0.0 14.2  0.0 14.2  0.0  7.1  0.0  0.0  0.0  0.0
  0.0  0.0 14.2 14.2  0.0  0.0248.2120.6 70.9 14.2  7.1  0.0  0.0  0.0  0.0
  0.0  7.1106.4  7.1  0.0 28.4  7.1 14.2  0.0  0.0  0.0  7.1  7.1  7.1  0.0
  0.0 14.2 14.2  7.1  0.0 28.4 35.5  7.1  0.0  0.0 70.9 21.3  0.0141.8 14.2
  7.1  0.0  0.0  0.0  0.0  0.0  0.0  0.0  0.0  0.0  0.0  0.0  0.0  0.0  0.0
  0.0  0.0  0.0  0.0  0.0  0.0 14.2  0.0  0.0  0.0  0.0  0.0  0.0  0.0  0.0
  0.0  0.0  0.0  0.0  0.0  0.0  0.0  0.0  0.0  0.0  0.0  0.0  0.0  0.0  0.0
 14.2  0.0  0.0 14.2  0.0  0.0  0.0  0.0  0.0  0.0  0.0  0.0  0.0  0.0  0.0
  0.0  0.0  0.0  0.0  0.0  0.0  0.0  0.0 14.2  0.0 21.3 14.2  0.0  7.1  7.1
  0.0  0.0  0.0  0.0  0.0  0.0  7.1  0.0  7.1 21.3  0.0  0.0 42.6  0.0  0.0
     -9.80     -4.95      7.35     -0.39      1.88  0.0  0.0  0.0  0.0  0.0
                                   t000022_s13_p10_el2ap.txt 11.5  5.0   69
 29.0  0.0  0.0 87.0  0.0  0.0  0.0  0.0 14.5 14.5  0.0  0.0  0.0  0.0  0.0
  0.0  0.0  0.0  0.0  0.0  0.0260.9115.9 72.5 14.5  0.0  0.0  0.0  0.0 14.5
  0.0  0.0130.4  0.0 14.5 14.5  0.0  0.0  0.0  0.0  0.0  0.0 14.5  0.0 29.0
  0.0 14.5  0.0 14.5  0.0  0.0 14.5 29.0  0.0 14.5 87.0 14.5  0.0101.4  0.0
 29.0  0.0  0.0  0.0  0.0  0.0  0.0  0.0  0.0  0.0  0.0  0.0  0.0  0.0  0.0
  0.0  0.0  0.0  0.0  0.0  0.0  0.0  0.0  0.0  0.0  0.0  0.0  0.0  0.0  0.0
  0.0  0.0  0.0  0.0  0.0  0.0  0.0  0.0  0.0  0.0  0.0  0.0  0.0  0.0  0.0
  0.0  0.0  0.0  0.0  0.0  0.0  0.0  0.0  0.0  0.0  0.0  0.0  0.0  0.0  0.0
  0.0  0.0  0.0 14.5  0.0  0.0  0.0  0.0  0.0  0.0 29.0  0.0  0.0  0.0  0.0
  0.0 14.5  0.0  0.0  0.0 14.5  0.0 14.5  0.0 14.5  0.0  0.0  0.0  0.0  0.0
    -19.12     -5.25     12.19     -6.61     27.73  0.0  0.0  0.0  0.0  0.0
                                   t000022_s13_p11_el2ap.txt 17.8  5.5  110
  0.0  0.0  0.0 63.6  0.0  0.0  0.0  0.0  0.0  0.0  0.0  0.0  0.0  0.0  0.0
  0.0  0.0  9.1  0.0  0.0  0.0427.3 81.8 63.6  0.0  0.0  0.0  0.0  0.0  0.0
  0.0  0.0 81.8  0.0  0.0  0.0  0.0  0.0  0.0  0.0  0.0  0.0  0.0 18.2  9.1
  0.0  0.0  0.0  0.0  0.0  9.1  0.0 27.3  0.0  0.0 81.8  0.0  0.0 63.6  0.0
  0.0  0.0  0.0  0.0  0.0  0.0  0.0  0.0  0.0  0.0  0.0  0.0  0.0  0.0  0.0
  0.0  0.0  0.0  0.0  0.0  0.0  0.0  0.0  0.0  0.0  0.0  0.0  0.0  0.0  0.0
  0.0  0.0  0.0  0.0  0.0  0.0  0.0  0.0  0.0  0.0  0.0  0.0  0.0  0.0  0.0
  0.0  0.0  0.0  0.0  0.0  0.0  0.0  0.0  0.0  0.0  0.0  0.0  0.0  0.0  0.0
  0.0  0.0  0.0  0.0  0.0  0.0  0.0  0.0  0.0  0.0  9.1 18.2  0.0  9.1  0.0
  0.0  9.1  0.0  0.0  0.0  0.0  9.1  9.1  0.0  9.1  0.0  0.0  9.1  0.0  0.0
    -26.60     -5.73      6.66     -6.61      6.12  0.0  0.0  0.0  0.0  0.0
                                   t000022_s13_p12_el2ap.txt 23.3  6.0  116
 17.2  0.0  0.0 25.9  0.0  0.0  0.0  0.0 25.9  0.0  0.0  0.0  0.0  0.0  0.0
  0.0  0.0  0.0 25.9  0.0  8.6336.2 69.0146.6 25.9 17.2  0.0  0.0  0.0  0.0
  0.0 17.2146.6  8.6  8.6 34.5  0.0  0.0  0.0  0.0  0.0  0.0  0.0  0.0  0.0
  0.0  8.6  0.0  0.0  0.0  0.0 51.7  0.0  0.0  0.0163.8 43.1  0.0 60.3  0.0
  0.0  0.0  0.0  0.0  0.0  0.0  0.0  0.0  0.0  0.0  0.0  0.0  0.0  0.0  0.0
  0.0  0.0  0.0  0.0  0.0  0.0  0.0  0.0  0.0  0.0  0.0  0.0  0.0  0.0  0.0
  0.0  0.0  0.0  0.0  0.0  0.0  0.0  0.0  0.0  0.0  8.6  0.0  0.0  0.0  0.0
  0.0  0.0  0.0  0.0  0.0  0.0  0.0  8.6  0.0  0.0  0.0  0.0  0.0  0.0  0.0
  0.0  0.0  0.0  0.0  0.0  0.0  0.0  0.0 34.5  0.0  0.0  0.0  0.0  0.0  0.0
  0.0 17.2  0.0  0.0  0.0  0.0 17.2  8.6  0.0 17.2  0.0  0.0  8.6  0.0  0.0
    -21.65     -4.11     10.58     -6.61     -3.63  0.0  0.0  0.0  0.0  0.0
                                   t000022_s13_p13_el2ap.txt 16.0  5.5   84
 11.9  0.0  0.0 59.5  0.0  0.0 11.9  0.0 11.9  0.0  0.0  0.0  0.0  0.0  0.0
  0.0  0.0 11.9 11.9  0.0  0.0261.9119.0154.8 23.8  0.0  0.0  0.0  0.0  0.0
  0.0 35.7142.9  0.0 11.9 11.9  0.0  0.0  0.0  0.0  0.0  0.0  0.0 11.9 11.9
  0.0 11.9  0.0  0.0 11.9 11.9 59.5 23.8  0.0  0.0190.5 11.9  0.0 83.3  0.0
  0.0  0.0  0.0  0.0  0.0  0.0  0.0  0.0  0.0  0.0  0.0  0.0  0.0  0.0  0.0
  0.0  0.0  0.0  0.0  0.0  0.0  0.0  0.0  0.0  0.0  0.0  0.0  0.0  0.0  0.0
  0.0  0.0  0.0  0.0  0.0  0.0  0.0  0.0  0.0  0.0  0.0  0.0  0.0  0.0  0.0
  0.0  0.0  0.0  0.0  0.0  0.0  0.0  0.0  0.0  0.0  0.0  0.0  0.0  0.0  0.0
  0.0  0.0  0.0  0.0  0.0  0.0  0.0  0.0 23.8  0.0 35.7  0.0  0.0  0.0  0.0
  0.0  0.0  0.0  0.0  0.0 11.9 35.7 11.9  0.0 23.8  0.0  0.0 11.9  0.0  0.0
    -20.99     -4.94     19.94     -6.61      7.33  0.0  0.0  0.0  0.0  0.0
                                   t000022_s13_p14_el2ap.txt 14.8  4.9   88
  0.0  0.0  0.0 68.2  0.0  0.0  0.0  0.0  0.0  0.0  0.0  0.0  0.0  0.0  0.0
 11.4  0.0  0.0 34.1  0.0  0.0250.0193.2 90.9  0.0 22.7 11.4  0.0  0.0  0.0
  0.0 11.4113.6  0.0  0.0  0.0  0.0  0.0  0.0  0.0  0.0  0.0  0.0 22.7  0.0
 11.4  0.0  0.0  0.0  0.0  0.0 45.5 34.1  0.0  0.0102.3 22.7  0.0 79.5  0.0
 22.7  0.0  0.0  0.0  0.0  0.0  0.0  0.0  0.0  0.0  0.0  0.0  0.0  0.0  0.0
  0.0  0.0  0.0  0.0  0.0  0.0  0.0  0.0  0.0  0.0  0.0  0.0  0.0  0.0  0.0
  0.0  0.0  0.0  0.0  0.0  0.0  0.0  0.0  0.0  0.0  0.0  0.0  0.0  0.0  0.0
  0.0  0.0  0.0  0.0  0.0  0.0  0.0  0.0  0.0  0.0  0.0  0.0  0.0  0.0  0.0
  0.0  0.0  0.0  0.0  0.0  0.0  0.0  0.0 11.4  0.0  0.0  0.0  0.0 11.4  0.0
  0.0  0.0  0.0  0.0  0.0 11.4  0.0  0.0  0.0  0.0  0.0  0.0 11.4  0.0  0.0
    -17.05     -2.53     13.07     -6.61      3.48  0.0  0.0  0.0  0.0  0.0
                                   t000022_s13_p15_el2ap.txt 29.3  4.9  195
  5.1  0.0  0.0 25.6  0.0  5.1  5.1  5.1 20.5  0.0  0.0  0.0  0.0  0.0  0.0
  5.1  0.0  0.0  0.0  0.0  0.0343.6169.2 30.8 51.3 15.4  0.0  5.1  0.0  0.0
  0.0  0.0102.6  0.0  0.0 10.3  5.1  0.0  0.0  0.0  0.0  0.0  0.0  0.0  5.1
  0.0  0.0 10.3  0.0  5.1  0.0  0.0  5.1  0.0  0.0 56.4 35.9  0.0 87.2  0.0
  0.0  0.0  0.0  0.0  0.0  0.0  0.0  0.0  0.0  0.0  0.0  0.0  0.0  0.0  0.0
  0.0  0.0  0.0  0.0  0.0  5.1  0.0  0.0  0.0  0.0  0.0  0.0  5.1  0.0  0.0
  0.0  0.0  0.0  0.0  0.0  0.0  0.0  0.0  0.0  0.0  0.0  0.0  0.0  0.0  0.0
  5.1  0.0  5.1 10.3  0.0  0.0  0.0  0.0  0.0  0.0  0.0  0.0  0.0  0.0  0.0
  0.0  0.0  0.0  0.0  0.0  0.0  0.0  0.0  5.1 10.3 41.0  0.0  5.1  0.0  0.0
  0.0  0.0  0.0  0.0  0.0  0.0  0.0  0.0  5.1 10.3  0.0  0.0  5.1  0.0  0.0
    -21.06     -2.41      7.51     -6.61      0.32  0.0  0.0 15.4  0.0  0.0
                                   t000022_s13_p16_el2ap.txt 29.5  5.1  215
  9.3  0.0  0.0 74.4  0.0  0.0 14.0  0.0  4.7  0.0  0.0  0.0  0.0  0.0  0.0
  0.0  0.0  4.7 14.0  0.0  0.0274.4153.5 88.4  9.3 23.3  4.7  4.7  0.0  9.3
  0.0  4.7134.9  0.0  0.0 18.6  4.7  0.0  4.7  0.0  0.0  9.3  9.3  9.3 14.0
  9.3  0.0  9.3  4.7  4.7  4.7 18.6 32.6  0.0  9.3 97.7 27.9  9.3 97.7  4.7
  4.7  0.0  0.0  0.0  0.0  0.0  0.0  0.0  0.0  0.0  0.0  0.0  0.0  0.0  0.0
  0.0  0.0  0.0  4.7  0.0  4.7  0.0  0.0  0.0  0.0  0.0  0.0  4.7  0.0  0.0
  0.0  4.7  0.0  0.0  0.0  0.0  0.0  0.0  0.0  0.0  4.7  0.0  0.0  0.0  0.0
  9.3  0.0  4.7 14.0  4.7  0.0  4.7  4.7  0.0  0.0  0.0  0.0  0.0  0.0  0.0
  0.0  0.0  0.0  0.0  0.0  0.0  0.0  4.7 14.0  9.3  9.3  0.0  0.0  0.0  9.3
  4.7 14.0  0.0  0.0  0.0  9.3  4.7 23.3  9.3 18.6  4.7  0.0  4.7  0.0  0.0
    -19.54     -2.63     15.66     -1.38     17.33  0.0  0.0  0.0  0.0  0.0
                                   t000022_s13_p17_el2ap.txt 26.3  5.1  161
  0.0  0.0  0.0 68.3  0.0  6.2  0.0  6.2  6.2 12.4  0.0  0.0  0.0  0.0  0.0
  0.0  0.0  0.0  6.2  0.0  0.0329.2 99.4 74.5  0.0 12.4  6.2  6.2  0.0  0.0
  6.2  6.2136.6  6.2  6.2 24.8  6.2  0.0  0.0  0.0  0.0  0.0  0.0  0.0  0.0
  0.0  0.0  6.2  6.2  0.0  0.0 12.4  0.0  0.0  6.2 80.7 18.6  0.0 68.3  6.2
 18.6  0.0  0.0  0.0  0.0  0.0  0.0  0.0  0.0  0.0  0.0  0.0  0.0  0.0  0.0
  0.0  0.0  0.0  0.0  0.0  0.0  0.0  0.0  0.0  0.0  0.0  0.0  0.0  0.0  0.0
  0.0  0.0  0.0  0.0  0.0  0.0  0.0  0.0  0.0  0.0  0.0  0.0  0.0  0.0  0.0
  0.0  0.0  0.0  0.0  0.0  0.0  0.0  0.0  0.0  0.0  0.0  0.0  0.0  0.0  0.0
  0.0  0.0  0.0  6.2  0.0  0.0  0.0  0.0 12.4 12.4 43.5  6.2  6.2  0.0  6.2
  0.0  0.0  6.2  0.0  0.0  0.0  6.2 12.4 12.4  0.0  0.0  0.0  0.0  0.0  0.0
    -20.19     -2.83     13.40     -6.61     -3.63  0.0  0.0  6.2  0.0  0.0
                                   t000022_s13_p18_el2ap.txt 18.8  4.8  130
 15.4  0.0  0.0 84.6  0.0  0.0  7.7  0.0  0.0 15.4  0.0  0.0  0.0  0.0  0.0
  7.7  0.0  0.0 15.4  0.0  0.0223.1153.8 61.5 15.4  0.0  0.0  0.0  0.0  0.0
  0.0  7.7 84.6  0.0  0.0 23.1  0.0  0.0  0.0  0.0  7.7  0.0  7.7 15.4 15.4
  0.0  0.0 15.4 15.4  0.0  7.7 23.1 30.8  0.0  0.0 61.5  0.0 15.4107.7  0.0
  0.0  0.0  0.0  0.0  0.0  0.0  0.0  0.0  0.0  0.0  0.0  0.0  0.0  0.0  0.0
  0.0  0.0  0.0  0.0  0.0  7.7  0.0  0.0  0.0  0.0  0.0  0.0  0.0  0.0  0.0
  0.0  0.0  0.0  0.0  0.0  0.0  0.0  0.0  0.0  0.0  0.0  0.0  0.0  0.0  0.0
  7.7  0.0  0.0  7.7  0.0  0.0  0.0  0.0  0.0  0.0  0.0  0.0  0.0  0.0  0.0
  0.0  0.0  0.0  0.0  0.0  0.0  0.0  7.7  7.7  0.0  0.0  7.7  0.0  7.7  0.0
  0.0  0.0  0.0  0.0  0.0  7.7  0.0 15.4  0.0 15.4  0.0  0.0 30.8  0.0  0.0
    -12.38     -5.22      8.39     -2.94     15.35  0.0  0.0  0.0  0.0  0.0
                                   t000022_s13_p19_el2ap.txt 27.5  4.6  176
  0.0  0.0  0.0 68.2  0.0  0.0  0.0  0.0  0.0  5.7  0.0  0.0  0.0  0.0  0.0
  0.0  0.0  5.7  0.0  0.0  0.0295.5198.9 28.4 11.4  5.7  0.0  0.0  0.0  5.7
  0.0  0.0 96.6  0.0  5.7 34.1  0.0  0.0  0.0  5.7  0.0  5.7  0.0  5.7 11.4
  0.0 11.4  0.0 11.4  0.0  5.7 17.0 17.0  0.0  5.7 45.5  5.7 17.0 73.9  0.0
  0.0  0.0  0.0  0.0  0.0  0.0  0.0  0.0  0.0  0.0  0.0  0.0  0.0  0.0  0.0
  0.0  0.0  0.0  0.0  0.0  0.0  0.0  0.0  0.0  0.0  0.0  0.0  0.0  0.0  0.0
  0.0  0.0  0.0  0.0  0.0  0.0  0.0  0.0  0.0  0.0  0.0  0.0  0.0  0.0  0.0
  0.0  0.0  0.0  0.0  0.0  0.0  0.0  0.0  0.0  0.0  0.0  0.0  0.0  0.0  0.0
  0.0  0.0  0.0  0.0  0.0  0.0  0.0 17.0  0.0  5.7 17.0  0.0  0.0  5.7 11.4
  0.0  0.0  0.0  0.0  0.0  0.0  5.7  5.7  0.0  0.0  0.0  0.0  0.0  0.0  0.0
    -23.53     -5.10      6.91     -1.75      5.98  0.0  0.0  0.0  0.0  0.0
                                    t000022_s13_p2_el2ap.txt 14.8  5.0   95
  0.0  0.0  0.0 42.1  0.0  0.0  0.0  0.0  0.0  0.0  0.0  0.0  0.0  0.0  0.0
  0.0  0.0  0.0  0.0  0.0  0.0326.3221.1 42.1 10.5  0.0  0.0  0.0  0.0  0.0
  0.0  0.0105.3  0.0  0.0 42.1  0.0  0.0  0.0  0.0  0.0  0.0  0.0 10.5  0.0
  0.0 21.1  0.0 10.5  0.0  0.0 21.1 10.5  0.0  0.0 42.1  0.0  0.0 63.2  0.0
  0.0  0.0  0.0  0.0  0.0  0.0  0.0  0.0  0.0  0.0  0.0  0.0  0.0  0.0  0.0
  0.0  0.0  0.0  0.0  0.0  0.0  0.0  0.0  0.0  0.0  0.0  0.0  0.0  0.0  0.0
  0.0  0.0  0.0  0.0  0.0  0.0  0.0  0.0  0.0  0.0  0.0  0.0  0.0  0.0  0.0
  0.0  0.0  0.0  0.0  0.0  0.0  0.0  0.0  0.0  0.0  0.0  0.0  0.0  0.0  0.0
  0.0  0.0  0.0  0.0  0.0  0.0  0.0  0.0 10.5  0.0 21.1  0.0  0.0  0.0 21.1
  0.0  0.0  0.0  0.0  0.0 10.5 10.5 10.5  0.0  0.0  0.0  0.0 31.6  0.0  0.0
    -30.15     -5.38      5.89     -6.61     -2.03  0.0  0.0  0.0  0.0  0.0
                                   t000022_s13_p20_el2ap.txt  9.3  5.3   54
  0.0  0.0  0.0 55.6  0.0  0.0  0.0  0.0  0.0  0.0  0.0  0.0  0.0  0.0  0.0
  0.0  0.0  0.0 37.0  0.0  0.0277.8129.6 74.1  0.0 18.5  0.0  0.0  0.0  0.0
  0.0 18.5129.6  0.0  0.0 18.5  0.0  0.0  0.0  0.0  0.0  0.0  0.0 18.5  0.0
  0.0  0.0  0.0 37.0  0.0  0.0 55.6 18.5  0.0  0.0 92.6 18.5 18.5 55.6  0.0
  0.0  0.0  0.0  0.0  0.0  0.0  0.0  0.0  0.0  0.0  0.0  0.0  0.0  0.0  0.0
  0.0  0.0  0.0  0.0  0.0  0.0  0.0  0.0  0.0  0.0  0.0  0.0  0.0  0.0  0.0
  0.0  0.0  0.0  0.0  0.0  0.0  0.0  0.0  0.0  0.0 18.5  0.0  0.0  0.0  0.0
  0.0  0.0  0.0  0.0  0.0  0.0  0.0 18.5  0.0  0.0  0.0  0.0  0.0  0.0  0.0
  0.0  0.0  0.0  0.0  0.0  0.0  0.0  0.0  0.0  0.0  0.0  0.0  0.0  0.0  0.0
  0.0  0.0  0.0  0.0  0.0 18.5  0.0  0.0  0.0 18.5  0.0  0.0  0.0  0.0  0.0
    -19.56     -4.90     15.78     -6.61     -0.82  0.0  0.0  0.0  0.0  0.0
                                   t000022_s13_p21_el2ap.txt 19.8  4.9  135
 14.8  0.0  0.0 37.0  0.0  0.0  0.0  0.0  0.0  7.4  0.0  7.4  0.0  0.0  0.0
  0.0  0.0  0.0  0.0  0.0  0.0325.9200.0 59.3  0.0  7.4  0.0  0.0  0.0  0.0
  0.0  7.4 81.5  0.0  7.4 14.8  0.0  0.0  0.0  0.0  0.0  0.0  7.4  0.0  0.0
  0.0  7.4  0.0  7.4  0.0  0.0 22.2  0.0  0.0  0.0 74.1  7.4  0.0 37.0  0.0
  0.0  0.0  0.0  0.0  0.0  0.0  0.0  0.0  0.0  0.0  0.0  0.0  0.0  0.0  0.0
  0.0  0.0  0.0  0.0  0.0  0.0  0.0  0.0  0.0  0.0  0.0  0.0  0.0  0.0  0.0
  0.0  0.0  0.0  0.0  0.0  0.0  0.0  0.0  0.0  0.0  0.0  0.0  0.0  0.0  0.0
  0.0  0.0  0.0  0.0  0.0  0.0  0.0  0.0  0.0  0.0  0.0  0.0  0.0  0.0  0.0
  0.0  0.0  0.0  0.0  0.0  0.0  0.0  7.4  0.0  7.4 29.6 14.8  7.4  0.0  0.0
  0.0  0.0  0.0  0.0  0.0  7.4  0.0 14.8  0.0  0.0  0.0  0.0 14.8  0.0  0.0
    -23.18     -5.40      6.36     -6.61      1.00  7.4  0.0  0.0  0.0  0.0
                                   t000022_s13_p22_el2ap.txt 27.0  5.4  192
 10.4  0.0  0.0 57.3  0.0  0.0  0.0  0.0  0.0 10.4  0.0  0.0  0.0  0.0  0.0
 10.4  0.0  5.2  5.2  0.0  0.0312.5187.5 67.7 15.6  5.2  0.0  0.0  0.0  0.0
  0.0  0.0 88.5  0.0 10.4 15.6 10.4  0.0  0.0  0.0  0.0  5.2  5.2 26.0  5.2
 10.4  0.0  5.2 10.4 10.4  5.2  5.2 41.7  0.0  0.0 83.3  5.2  0.0 99.0  0.0
  0.0  0.0  0.0  0.0  0.0  0.0  0.0  0.0  0.0  0.0  0.0  0.0  0.0  0.0  0.0
  0.0  0.0  0.0  0.0  0.0  5.2  0.0 10.4  0.0  0.0  0.0  0.0  0.0  0.0  0.0
  0.0  0.0  0.0  0.0  0.0  0.0  0.0  0.0 10.4  0.0  0.0  0.0  0.0  0.0  0.0
  5.2 10.4  0.0 15.6  0.0 10.4 10.4  0.0  0.0  0.0  0.0  0.0  0.0  0.0  0.0
  0.0  0.0  0.0  0.0  0.0  0.0  0.0 15.6 10.4  0.0 10.4  5.2  0.0  5.2 20.8
  0.0  0.0  0.0  0.0  0.0  0.0 20.8 10.4  5.2 15.6  0.0  0.0 10.4  0.0  0.0
    -21.23     -4.98      3.17     -4.52     10.94  0.0  0.0  0.0  0.0  0.0
                                   t000022_s13_p23_el2ap.txt 20.8  5.0  128
 23.4  0.0  0.0 70.3  0.0  0.0  0.0  0.0  7.8  7.8  0.0  0.0  0.0  0.0  0.0
  0.0  0.0  0.0 15.6  0.0  0.0234.4234.4 23.4 15.6  0.0 15.6  0.0  0.0  0.0
  0.0  0.0 31.3  0.0  0.0 31.3  7.8  0.0  0.0  0.0  0.0  0.0  7.8  0.0  0.0
  7.8  0.0  7.8  0.0 15.6  0.0 15.6  7.8  0.0  0.0 54.7  7.8  0.0117.2 15.6
  7.8  0.0  0.0  0.0  0.0  0.0  0.0  0.0  0.0  0.0  0.0  0.0  0.0  0.0  0.0
  0.0  0.0  0.0  0.0  0.0  7.8  0.0  7.8  0.0  0.0  0.0  0.0  0.0  0.0  0.0
  0.0  0.0  0.0  0.0  0.0  0.0  0.0  0.0  7.8  0.0  7.8  0.0  0.0  0.0  0.0
  7.8  7.8  0.0 15.6  0.0  7.8  7.8  7.8  0.0  0.0  0.0  0.0  0.0  0.0  0.0
  0.0  0.0  0.0  0.0  0.0  0.0  0.0  7.8  0.0  0.0  7.8  7.8  7.8  7.8  7.8
  0.0  0.0  0.0  0.0  0.0  0.0 15.6 39.1  0.0 23.4  0.0  0.0  7.8  0.0  0.0
    -19.28     -2.21      1.37     -6.61      3.78  0.0  0.0  0.0  0.0  0.0
                                   t000022_s13_p24_el2ap.txt 29.3  5.5  286
  0.0  0.0  0.0 49.0  0.0  0.0  0.0  0.0  3.5 17.5  3.5  0.0  0.0  0.0  0.0
  0.0  0.0  3.5  3.5  0.0  0.0318.2206.3 66.4 10.5  7.0  0.0  0.0  0.0  0.0
  0.0  3.5 90.9  0.0  3.5 49.0  7.0  7.0  0.0  0.0  0.0  0.0 10.5  7.0  3.5
  0.0  3.5  7.0  0.0  3.5 10.5 10.5 10.5  0.0  0.0104.9 10.5  3.5 80.4 10.5
  0.0  3.5  0.0  0.0  0.0  0.0  0.0  0.0  0.0  0.0  0.0  0.0  0.0  0.0  0.0
  0.0  0.0  0.0  3.5  0.0  0.0  0.0  0.0  0.0  3.5  0.0  0.0  0.0  0.0  0.0
  0.0  0.0  0.0  0.0  0.0  0.0  0.0  0.0  0.0  3.5  0.0  0.0  0.0  0.0  0.0
  3.5  3.5  0.0  7.0  0.0  0.0  3.5  0.0  0.0  0.0  0.0  0.0  0.0  0.0  0.0
  0.0  0.0  0.0  0.0  0.0  0.0  0.0  3.5  7.0  3.5  3.5  7.0  0.0  0.0 14.0
  0.0  0.0  0.0  0.0  3.5  0.0 14.0  7.0 14.0  7.0  3.5  0.0 14.0  0.0  0.0
    -27.07     -5.07      4.77     -4.94      6.68  0.0  0.0  0.0  0.0  0.0
                                   t000022_s13_p25_el2ap.txt 19.3  5.4  119
  0.0  0.0  0.0 50.4  0.0  0.0  0.0  0.0  0.0  8.4  8.4  0.0  0.0  0.0  0.0
  0.0  0.0  8.4  0.0  0.0  0.0310.9235.3 84.0  8.4  0.0  0.0  8.4  8.4  0.0
  0.0  0.0109.2  0.0  0.0 16.8  0.0  0.0  0.0  0.0  0.0  0.0  8.4  0.0  0.0
  8.4 16.8  0.0  0.0 16.8  8.4 16.8  8.4  0.0  8.4109.2  0.0  0.0 67.2  0.0
  0.0  0.0  0.0  0.0  0.0  0.0  0.0  0.0  0.0  0.0  0.0  0.0  0.0  0.0  0.0
  0.0  0.0  0.0  0.0  0.0  0.0  0.0  0.0  0.0  0.0  0.0  0.0  0.0  0.0  0.0
  0.0  0.0  0.0  0.0  0.0  0.0  0.0  0.0  0.0  0.0  0.0  0.0  0.0  0.0  0.0
  0.0  0.0  0.0  0.0  0.0  0.0  0.0  0.0  0.0  0.0  0.0  0.0  0.0  0.0  0.0
  0.0  0.0  0.0  0.0  0.0  0.0  0.0  0.0  0.0  0.0 16.8 16.8  0.0  0.0 16.8
  0.0  0.0  0.0  0.0  0.0 16.8 25.2  0.0  8.4  0.0  0.0  0.0  0.0  0.0  0.0
    -28.74     -3.90     12.55     -6.61      4.34  0.0  0.0  0.0  0.0  0.0
                                   t000022_s13_p26_el2ap.txt 25.8  5.4  161
  6.2  0.0  0.0 74.5  0.0  0.0  6.2  0.0  6.2 12.4  0.0  0.0  0.0  0.0  0.0
  0.0  0.0  6.2  0.0  0.0  0.0273.3192.5 68.3  0.0  6.2  0.0  0.0 12.4  0.0
  0.0  0.0 37.3  0.0  0.0 43.5  0.0  0.0  0.0  0.0  0.0 12.4 12.4 37.3  6.2
  6.2  0.0  0.0 12.4  0.0  6.2  0.0 49.7  0.0 12.4105.6 12.4  0.0 93.2  0.0
  6.2  0.0  0.0  0.0  0.0  0.0  0.0  0.0  0.0  0.0  0.0  0.0  0.0  0.0  0.0
  0.0  0.0  0.0  0.0  0.0  0.0  0.0  0.0  0.0  0.0  0.0  0.0  0.0  0.0  0.0
  0.0  0.0  0.0  0.0  0.0  0.0  0.0  0.0  0.0  0.0  6.2  0.0  0.0  0.0  0.0
  0.0  0.0  0.0  0.0  0.0  0.0  0.0  6.2  0.0  0.0  0.0  0.0  0.0  0.0  0.0
  0.0  0.0  0.0  0.0  0.0  0.0  0.0  6.2 18.6 12.4 12.4 12.4  0.0  6.2  6.2
  0.0  0.0  0.0  0.0  0.0 18.6  6.2  6.2  6.2 12.4  0.0  6.2 12.4  0.0  0.0
    -23.17     -5.45      8.40     -1.64     16.57  0.0  0.0  0.0  0.0  0.0
                                   t000022_s13_p27_el2ap.txt 19.8  5.3  115
  0.0  0.0  0.0 52.2  0.0  0.0  0.0  0.0  0.0  0.0  0.0  0.0  0.0  0.0  0.0
  0.0  0.0  8.7  0.0  0.0  0.0339.1200.0 43.5  8.7 26.1  8.7  0.0  8.7  0.0
  8.7  0.0 78.3  0.0  0.0 34.8  8.7  0.0  8.7  0.0  0.0  8.7  0.0 17.4  0.0
  0.0  0.0  0.0  0.0  0.0  8.7  0.0 17.4  0.0 17.4 52.2 26.1  0.0 78.3  0.0
  0.0  0.0  0.0  0.0  0.0  0.0  0.0  0.0  0.0  0.0  0.0  0.0  0.0  0.0  0.0
  0.0  0.0  0.0  0.0  0.0  0.0  0.0  0.0  0.0  0.0  0.0  0.0  0.0  0.0  0.0
  0.0  0.0  0.0  8.7  0.0  0.0  0.0  0.0  0.0  0.0  0.0  0.0  8.7  0.0  0.0
  0.0  0.0  0.0  0.0  8.7  0.0  8.7  8.7  0.0  0.0  0.0  0.0  0.0  0.0  0.0
  0.0  0.0  0.0  0.0  0.0  0.0  0.0  0.0 17.4  8.7 34.8 17.4  0.0  0.0 17.4
  0.0  8.7  0.0  0.0  8.7  0.0  8.7 17.4  8.7  0.0  0.0  0.0  8.7  0.0  0.0
    -27.80     -2.61     17.45     -0.32     -0.99  0.0  0.0  0.0  0.0  0.0
                                   t000022_s13_p28_el2ap.txt 29.0  4.9  254
  7.9  0.0  0.0 63.0  0.0  0.0  7.9  0.0 11.8 11.8  0.0  0.0  0.0  0.0  3.9
  0.0  0.0  3.9  3.9  0.0  0.0322.8165.4 39.4 15.7  0.0  0.0  7.9  0.0  0.0
  0.0  0.0 86.6  0.0  3.9 19.7  3.9  0.0  0.0  3.9  0.0  3.9  3.9 15.7  0.0
  3.9  7.9  3.9  0.0  0.0  3.9 15.7 19.7  0.0  0.0 47.2 11.8  0.0 82.7  0.0
  7.9  0.0  0.0  0.0  0.0  0.0  0.0  0.0  0.0  0.0  0.0  0.0  0.0  0.0  0.0
  0.0  0.0  0.0  0.0  0.0  3.9  0.0  0.0  0.0  0.0  0.0  0.0  3.9  0.0  0.0
  0.0  0.0  0.0  0.0  0.0  0.0  0.0  0.0  0.0  0.0  0.0  0.0  0.0  0.0  0.0
  3.9  0.0  3.9  7.9  0.0  0.0  0.0  0.0  0.0  0.0  0.0  0.0  0.0  0.0  0.0
  0.0  0.0  0.0  0.0  0.0  0.0  0.0  3.9  7.9  7.9 23.6 11.8  0.0  0.0  3.9
  0.0  0.0  0.0  0.0  0.0  0.0 11.8  7.9  3.9 11.8  0.0  0.0  3.9  0.0  0.0
    -17.41     -3.75      4.71     -3.24      2.49  3.9  0.0  0.0  0.0  0.0
                                   t000022_s13_p29_el2ap.txt 27.0  5.1  180
 11.1  0.0  0.0 66.7  0.0  5.6  0.0  0.0  0.0 16.7  5.6  0.0  0.0  0.0  0.0
 11.1  0.0 11.1  5.6  0.0  0.0277.8177.8 66.7 22.2  0.0  0.0  0.0  0.0  5.6
  5.6  5.6 72.2 11.1  0.0 33.3  5.6  0.0  0.0  0.0  0.0  0.0  5.6 11.1 16.7
  0.0  5.6  5.6 11.1 11.1 11.1 16.7 27.8  0.0 11.1 94.4  0.0  0.0105.6  0.0
  0.0  0.0  0.0  0.0  0.0  0.0  0.0  0.0  0.0  0.0  0.0  0.0  0.0  0.0  0.0
  0.0  0.0  0.0  0.0  0.0  5.6  0.0  5.6  0.0  0.0  0.0  0.0  0.0  0.0  0.0
  0.0  0.0  0.0  0.0  0.0  0.0  0.0  0.0  5.6  0.0  5.6  0.0  0.0  0.0  0.0
  5.6  5.6  0.0 11.1  0.0  5.6  5.6  5.6  0.0  0.0  0.0  0.0  0.0  0.0  0.0
  0.0  0.0  0.0  0.0  0.0  0.0  0.0  0.0  0.0  0.0 50.0 11.1  5.6  5.6  5.6
  0.0  0.0  0.0  0.0  0.0  0.0  0.0  5.6  5.6 11.1 11.1  5.6 22.2  0.0  0.0
    -13.71     -5.00     10.81     -6.61     14.35  0.0  0.0  0.0  0.0  0.0
                                    t000022_s13_p3_el2ap.txt 33.8  4.9  218
  4.6  0.0  0.0 36.7  0.0  4.6  0.0  4.6  4.6  0.0  0.0  0.0  0.0  0.0  0.0
  0.0  0.0  9.2  0.0  0.0  0.0367.0110.1 45.9 13.8  0.0  0.0  0.0  0.0  4.6
  0.0  0.0 59.6  9.2  0.0 13.8  0.0  0.0  0.0  0.0  0.0  0.0  9.2  0.0  4.6
  0.0  0.0  0.0  4.6  0.0  9.2  0.0  4.6  0.0  4.6 59.6  4.6  0.0 59.6  4.6
  0.0  0.0  0.0  0.0  0.0  0.0  0.0  0.0  0.0  0.0  0.0  0.0  0.0  0.0  0.0
  0.0  0.0  0.0  0.0  0.0  0.0  0.0  0.0  0.0  0.0  0.0  0.0  4.6  0.0  0.0
  0.0  0.0  0.0  0.0  0.0  0.0  0.0  0.0  0.0  0.0  0.0  0.0  0.0  0.0  0.0
  0.0  0.0  4.6  4.6  0.0  0.0  0.0  0.0  0.0  0.0  0.0  0.0  0.0  0.0  0.0
  0.0  0.0  0.0  0.0  0.0  0.0  0.0  0.0  4.6  4.6  0.0 13.8  9.2 13.8  4.6
  0.0  0.0  0.0  0.0  0.0  0.0  0.0  9.2  0.0  4.6  0.0  0.0  4.6  0.0  0.0
    -21.28     -5.28      4.01     -6.61      5.64  0.0  0.0  0.0  0.0  0.0
                                   t000022_s13_p30_el2ap.txt 14.5  4.8   93
  0.0  0.0  0.0 32.3  0.0  0.0  0.0  0.0  0.0  0.0  0.0  0.0  0.0  0.0  0.0
 10.8  0.0  0.0 10.8  0.0  0.0387.1215.1 21.5 10.8  0.0  0.0  0.0  0.0  0.0
  0.0  0.0118.3  0.0 10.8 21.5  0.0  0.0  0.0  0.0  0.0  0.0 10.8  0.0  0.0
  0.0  0.0  0.0  0.0  0.0  0.0 10.8  0.0  0.0  0.0 53.8  0.0  0.0 64.5 21.5
  0.0  0.0  0.0  0.0  0.0  0.0  0.0  0.0  0.0  0.0  0.0  0.0  0.0  0.0  0.0
  0.0  0.0  0.0  0.0  0.0  0.0  0.0  0.0  0.0  0.0  0.0  0.0  0.0  0.0  0.0
  0.0  0.0  0.0  0.0  0.0  0.0  0.0  0.0  0.0  0.0  0.0  0.0  0.0  0.0  0.0
  0.0  0.0  0.0  0.0  0.0  0.0  0.0  0.0  0.0  0.0  0.0  0.0  0.0  0.0  0.0
  0.0  0.0  0.0  0.0  0.0  0.0  0.0  0.0  0.0  0.0 21.5 21.5  0.0  0.0 10.8
  0.0  0.0  0.0  0.0  0.0  0.0  0.0 10.8 10.8  0.0  0.0  0.0  0.0  0.0  0.0
    -23.85     -5.37      4.80     -6.61      3.09  0.0  0.0  0.0  0.0  0.0
                                   t000022_s13_p31_el2ap.txt 14.3  5.5   94
  0.0  0.0  0.0 53.2  0.0  0.0  0.0  0.0  0.0  0.0  0.0  0.0  0.0  0.0  0.0
  0.0  0.0  0.0  0.0  0.0  0.0340.4170.2 53.2 10.6  0.0  0.0  0.0  0.0  0.0
  0.0 10.6180.9  0.0  0.0 31.9  0.0  0.0  0.0  0.0  0.0  0.0 21.3 10.6  0.0
  0.0  0.0  0.0  0.0 10.6  0.0 10.6 10.6  0.0  0.0 95.7  0.0  0.0 74.5 10.6
  0.0  0.0  0.0  0.0  0.0  0.0  0.0  0.0  0.0  0.0  0.0  0.0  0.0  0.0  0.0
  0.0  0.0  0.0  0.0  0.0  0.0  0.0  0.0  0.0  0.0  0.0  0.0  0.0  0.0  0.0
  0.0  0.0  0.0  0.0  0.0  0.0  0.0  0.0  0.0  0.0  0.0  0.0  0.0  0.0  0.0
  0.0  0.0  0.0  0.0  0.0  0.0  0.0  0.0  0.0  0.0  0.0  0.0  0.0  0.0  0.0
  0.0  0.0  0.0  0.0  0.0  0.0  0.0  0.0  0.0  0.0 10.6  0.0  0.0 10.6  0.0
  0.0  0.0  0.0  0.0  0.0  0.0  0.0  0.0 10.6  0.0  0.0  0.0  0.0  0.0  0.0
    -30.12     -5.38     15.66     -6.61     11.28  0.0  0.0  0.0  0.0  0.0
                                   t000022_s13_p32_el2ap.txt 12.0  4.8   74
  0.0  0.0  0.0 81.1  0.0  0.0  0.0  0.0  0.0 13.5  0.0  0.0  0.0  0.0  0.0
 13.5  0.0  0.0 13.5  0.0  0.0256.8175.7 67.6  0.0  0.0  0.0  0.0  0.0  0.0
  0.0 13.5135.1  0.0  0.0 13.5  0.0  0.0  0.0  0.0  0.0  0.0  0.0  0.0  0.0
  0.0  0.0  0.0 13.5 13.5  0.0 27.0  0.0  0.0  0.0121.6  0.0  0.0 67.6  0.0
  0.0  0.0  0.0  0.0  0.0  0.0  0.0  0.0  0.0  0.0  0.0  0.0  0.0  0.0  0.0
  0.0  0.0  0.0  0.0  0.0  0.0  0.0  0.0  0.0  0.0  0.0  0.0  0.0  0.0  0.0
  0.0  0.0  0.0  0.0  0.0  0.0  0.0  0.0  0.0  0.0  0.0  0.0  0.0  0.0  0.0
  0.0  0.0  0.0  0.0  0.0  0.0  0.0  0.0  0.0  0.0  0.0  0.0  0.0  0.0  0.0
  0.0  0.0  0.0  0.0  0.0  0.0  0.0  0.0  0.0  0.0 27.0 13.5  0.0  0.0  0.0
  0.0  0.0  0.0  0.0  0.0  0.0 13.5 13.5  0.0  0.0  0.0  0.0  0.0  0.0  0.0
    -16.26     -5.73     14.60     -6.61     -3.63  0.0  0.0  0.0  0.0  0.0
                                   t000022_s13_p33_el2ap.txt 11.3  4.8   79
  0.0  0.0  0.0 63.3  0.0  0.0  0.0  0.0  0.0 12.7  0.0  0.0  0.0  0.0  0.0
  0.0  0.0  0.0 12.7  0.0  0.0291.1202.5 63.3  0.0  0.0  0.0  0.0  0.0  0.0
  0.0  0.0 50.6  0.0  0.0 25.3 12.7  0.0  0.0  0.0  0.0 12.7  0.0 38.0  0.0
  0.0  0.0  0.0  0.0  0.0  0.0 12.7 38.0  0.0  0.0113.9  0.0  0.0 75.9  0.0
  0.0  0.0  0.0  0.0  0.0  0.0  0.0  0.0  0.0  0.0  0.0  0.0  0.0  0.0  0.0
  0.0  0.0  0.0  0.0  0.0  0.0  0.0  0.0  0.0  0.0  0.0  0.0  0.0  0.0  0.0
  0.0  0.0  0.0  0.0  0.0  0.0  0.0  0.0  0.0  0.0  0.0  0.0  0.0  0.0  0.0
  0.0  0.0  0.0  0.0  0.0  0.0  0.0  0.0  0.0  0.0  0.0  0.0  0.0  0.0  0.0
  0.0  0.0  0.0  0.0  0.0  0.0  0.0  0.0  0.0  0.0 25.3  0.0  0.0  0.0  0.0
  0.0 12.7  0.0  0.0  0.0  0.0  0.0  0.0  0.0 12.7  0.0  0.0  0.0  0.0  0.0
    -23.97     -5.73      3.05     -1.54      2.13  0.0  0.0  0.0  0.0  0.0
                                   t000022_s13_p34_el2ap.txt 13.5  5.4  100
  0.0  0.0  0.0 30.0  0.0  0.0  0.0  0.0  0.0  0.0  0.0  0.0  0.0 10.0  0.0
  0.0  0.0  0.0  0.0  0.0  0.0310.0240.0 40.0 10.0  0.0  0.0  0.0  0.0  0.0
  0.0  0.0120.0  0.0  0.0 30.0  0.0  0.0  0.0  0.0  0.0  0.0 10.0  0.0  0.0
 10.0  0.0  0.0 10.0  0.0  0.0  0.0 10.0  0.0  0.0 70.0  0.0  0.0 50.0  0.0
  0.0  0.0  0.0  0.0  0.0  0.0  0.0  0.0  0.0  0.0  0.0  0.0  0.0  0.0  0.0
  0.0  0.0  0.0  0.0  0.0  0.0  0.0  0.0  0.0  0.0  0.0  0.0  0.0  0.0  0.0
  0.0  0.0  0.0  0.0  0.0  0.0  0.0  0.0  0.0  0.0  0.0  0.0  0.0  0.0  0.0
  0.0  0.0  0.0  0.0  0.0  0.0  0.0  0.0  0.0  0.0  0.0  0.0  0.0  0.0  0.0
  0.0  0.0  0.0  0.0  0.0  0.0  0.0 10.0  0.0 10.0 20.0  0.0  0.0  0.0 50.0
  0.0  0.0  0.0  0.0  0.0  0.0  0.0  0.0  0.0 10.0  0.0  0.0 10.0  0.0  0.0
    -26.56     -5.40      7.60     -6.61      5.85  0.0  0.0  0.0  0.0  0.0
                                   t000022_s13_p35_el2ap.txt 25.8  5.3  168
  6.0  0.0  0.0 47.6  0.0  0.0  0.0  0.0  0.0 11.9  0.0  0.0  0.0  0.0  0.0
 11.9  0.0  6.0 11.9  0.0  0.0267.9184.5 53.6 17.9  0.0 11.9  0.0  0.0  0.0
  0.0  6.0113.1  0.0  0.0 17.9  0.0  0.0  0.0  0.0  0.0  6.0  0.0 11.9  6.0
  0.0 17.9  0.0  6.0  6.0  6.0 35.7 17.9  0.0  0.0125.0  0.0  0.0 65.5  0.0
  6.0  0.0  0.0  0.0  0.0  0.0  0.0  0.0  0.0  0.0  0.0  0.0  0.0  0.0  0.0
  0.0  0.0  0.0  0.0  0.0  0.0  0.0  0.0  0.0  0.0  0.0  0.0  0.0  0.0  0.0
  0.0  0.0  0.0  0.0  0.0  0.0  0.0  0.0  0.0  0.0  0.0  0.0  0.0  0.0  0.0
  0.0  0.0  0.0  0.0  0.0  0.0  0.0  0.0  0.0  0.0  0.0  0.0  0.0  0.0  0.0
  0.0  0.0  0.0  0.0  0.0  0.0  0.0  0.0 11.9  6.0  6.0  6.0  0.0 23.8  6.0
  0.0  0.0  0.0  0.0  0.0  0.0  0.0 17.9  0.0  6.0  0.0  6.0 11.9  0.0  0.0
    -17.09     -2.85     10.02     -4.22      2.76  0.0  0.0  0.0  0.0  0.0
                                   t000022_s13_p36_el2ap.txt 18.5  5.0  105
  9.5  0.0  0.0 19.0  0.0  0.0  0.0  9.5  0.0  0.0  0.0  0.0  0.0  0.0  0.0
  0.0  0.0  9.5  0.0  0.0  0.0219.0161.9 85.7 28.6  0.0  0.0  0.0  0.0  0.0
  0.0  9.5 66.7  0.0  0.0 38.1  0.0  0.0  0.0  0.0  0.0  0.0  0.0  0.0  9.5
  9.5  0.0  0.0  0.0  0.0  9.5  9.5 19.0  0.0  0.0114.3  0.0  0.0 57.1  0.0
  0.0  0.0  0.0  0.0  0.0  0.0  0.0  0.0  0.0  0.0  0.0  0.0  0.0  0.0  0.0
  0.0  0.0  0.0  0.0  0.0  0.0  0.0  0.0  0.0  0.0  0.0  0.0  0.0  0.0  0.0
  0.0  0.0  0.0  0.0  0.0  0.0  0.0  0.0  0.0  0.0  0.0  0.0  9.5  0.0  0.0
  0.0  0.0  0.0  0.0  0.0  0.0  0.0  9.5  0.0  0.0  0.0  0.0  0.0  0.0  0.0
  0.0  0.0  0.0  0.0  0.0  0.0  0.0  0.0  9.5  0.0 19.0  0.0  0.0 19.0  0.0
  0.0  0.0  0.0  0.0  9.5  0.0  0.0  9.5  0.0  9.5  0.0  0.0  0.0  0.0  0.0
    -21.87     -4.79      6.97     -6.61      6.77  0.0  0.0  0.0  0.0  0.0
                                   t000022_s13_p37_el2ap.txt 13.0  4.5   74
 13.5  0.0  0.0 13.5  0.0  0.0  0.0  0.0  0.0  0.0  0.0  0.0  0.0  0.0  0.0
  0.0  0.0  0.0  0.0  0.0  0.0256.8175.7 40.5 40.5  0.0  0.0  0.0  0.0  0.0
  0.0  0.0 40.5  0.0  0.0 67.6  0.0  0.0  0.0  0.0  0.0  0.0  0.0  0.0  0.0
  0.0  0.0  0.0 27.0  0.0  0.0  0.0  0.0  0.0  0.0 94.6  0.0  0.0 54.1  0.0
  0.0  0.0  0.0  0.0  0.0  0.0  0.0  0.0  0.0  0.0  0.0  0.0  0.0  0.0  0.0
  0.0  0.0  0.0  0.0  0.0  0.0  0.0  0.0  0.0  0.0  0.0  0.0  0.0  0.0  0.0
  0.0  0.0  0.0  0.0  0.0  0.0  0.0  0.0  0.0  0.0  0.0  0.0  0.0  0.0  0.0
  0.0  0.0  0.0  0.0  0.0  0.0  0.0  0.0  0.0  0.0  0.0  0.0  0.0  0.0  0.0
  0.0  0.0  0.0  0.0  0.0  0.0  0.0  0.0  0.0  0.0 27.0 13.5  0.0 27.0  0.0
  0.0  0.0  0.0  0.0  0.0 13.5  0.0 27.0  0.0  0.0  0.0  0.0  0.0  0.0  0.0
    -24.66     -4.39     -0.05     -6.61     -3.63  0.0  0.0  0.0  0.0  0.0
                                   t000022_s13_p38_el2ap.txt 20.3  5.2  138
  0.0  0.0  0.0 43.5  0.0  0.0  0.0  7.2  0.0  7.2  0.0  0.0  0.0  0.0  0.0
  0.0  0.0  0.0  7.2  0.0  0.0311.6166.7 50.7 14.5  0.0  7.2  7.2  0.0  0.0
  0.0 14.5108.7  7.2  0.0 21.7  0.0  0.0  0.0  0.0  0.0  0.0  7.2 14.5  7.2
  0.0  0.0  0.0  0.0 21.7  0.0 21.7 21.7  0.0  0.0101.4  0.0  0.0 65.2  7.2
  0.0  0.0  0.0  0.0  0.0  0.0  0.0  0.0  0.0  0.0  0.0  0.0  0.0  0.0  0.0
  0.0  0.0  0.0  0.0  0.0  0.0  0.0  0.0  0.0  0.0  0.0  0.0  0.0  0.0  0.0
  0.0  0.0  0.0  0.0  0.0  0.0  0.0  0.0  0.0  0.0  0.0  0.0  0.0  0.0  0.0
  0.0  0.0  0.0  0.0  0.0  0.0  0.0  0.0  0.0  0.0  0.0  0.0  0.0  0.0  0.0
  0.0  0.0  0.0  0.0  0.0  0.0  0.0  0.0  0.0  7.2  7.2 29.0  0.0 21.7  0.0
  0.0  0.0  0.0  0.0  0.0  0.0  7.2  0.0  7.2  7.2  0.0  0.0  7.2  0.0  0.0
    -24.16     -2.52     10.58     -6.61      8.67  0.0  0.0  0.0  0.0  0.0
                                   t000022_s13_p39_el2ap.txt 29.0  5.2  190
  0.0  0.0  0.0 68.4  0.0  0.0 10.5  5.3  5.3  0.0  0.0  0.0  0.0  5.3  0.0
  5.3  0.0  5.3  5.3  0.0  5.3268.4184.2 52.6 26.3  5.3  5.3  5.3  0.0  0.0
  0.0  5.3 84.2  0.0  5.3 21.1  0.0  0.0  0.0  0.0  0.0  5.3 10.5 15.8  5.3
  5.3 10.5  0.0 21.1  0.0  5.3 21.1 26.3  0.0  0.0 63.2 10.5  0.0100.0  0.0
  5.3  0.0  0.0  0.0  0.0  0.0  0.0  0.0  0.0  0.0  0.0  0.0  0.0  0.0  0.0
  0.0  0.0  0.0  0.0  0.0  0.0  0.0  0.0  0.0  0.0  0.0  0.0  0.0  0.0  0.0
  0.0  0.0  0.0  0.0  0.0  0.0  0.0  0.0  0.0  0.0  0.0  0.0  0.0  0.0  0.0
  0.0  0.0  0.0  0.0  0.0  0.0  0.0  0.0  0.0  0.0  0.0  0.0  0.0  0.0  0.0
  0.0  0.0  0.0  0.0  0.0  0.0  0.0  5.3  5.3  5.3 15.8  5.3  5.3 15.8  5.3
  0.0  5.3  0.0  0.0  0.0  0.0  5.3  5.3  0.0  5.3  5.3  0.0  5.3  0.0  0.0
    -14.37     -2.64      6.03     -4.50     11.09  5.3  0.0  0.0  0.0  0.0
                                    t000022_s13_p4_el2ap.txt 19.8  4.7  123
  0.0  8.1  0.0 73.2  0.0  0.0  8.1  8.1  8.1  8.1  0.0  8.1  0.0  8.1  0.0
  0.0  0.0  0.0  8.1  0.0  0.0203.3162.6 24.4 24.4  8.1  0.0  8.1  0.0  0.0
  0.0  0.0 89.4  0.0  0.0 65.0  0.0  0.0  0.0  0.0  8.1  0.0  8.1 24.4  0.0
  0.0  8.1  0.0  8.1  0.0  8.1 24.4 24.4  0.0  0.0 48.8 16.3  0.0 97.6  0.0
  0.0  0.0  0.0  0.0  0.0  0.0  0.0  0.0  0.0  0.0  0.0  0.0  0.0  0.0  0.0
  0.0  0.0  0.0  0.0  0.0  0.0  0.0  0.0  0.0  0.0  0.0  0.0  0.0  0.0  0.0
  0.0  0.0  0.0  0.0  0.0  8.1  0.0  0.0  0.0  0.0  0.0  0.0  0.0  0.0  0.0
  0.0  0.0  0.0  0.0  0.0  8.1  8.1  0.0  0.0  0.0  0.0  0.0  0.0  0.0  0.0
  0.0  0.0  0.0  0.0  0.0  0.0  0.0  0.0  0.0  0.0  8.1  8.1  0.0  8.1  0.0
  0.0  0.0  0.0  0.0  0.0  0.0  0.0  8.1  0.0  8.1  0.0  0.0  8.1  0.0  0.0
     -4.17     -3.06      3.49     -2.73      5.15  0.0  0.0  0.0  0.0  0.0
                                   t000022_s13_p40_el2ap.txt 17.5  4.6   90
  0.0  0.0  0.0 66.7  0.0 11.1 11.1  0.0  0.0  0.0  0.0  0.0  0.0  0.0  0.0
 11.1  0.0  0.0 11.1  0.0  0.0311.1166.7 33.3 11.1 22.2  0.0 11.1  0.0  0.0
  0.0  0.0 22.2  0.0 11.1 22.2  0.0  0.0  0.0  0.0  0.0  0.0  0.0  0.0  0.0
  0.0  0.0  0.0 11.1  0.0  0.0 11.1  0.0  0.0  0.0 44.4 22.2 11.1 88.9 11.1
 11.1  0.0  0.0  0.0  0.0  0.0  0.0  0.0  0.0  0.0  0.0  0.0  0.0  0.0  0.0
  0.0  0.0  0.0  0.0  0.0  0.0  0.0  0.0  0.0  0.0  0.0  0.0  0.0  0.0  0.0
  0.0  0.0  0.0  0.0  0.0  0.0  0.0  0.0  0.0  0.0  0.0  0.0  0.0  0.0  0.0
  0.0  0.0  0.0  0.0  0.0  0.0  0.0  0.0  0.0  0.0  0.0  0.0  0.0  0.0  0.0
  0.0  0.0  0.0  0.0  0.0  0.0  0.0 11.1  0.0  0.0 33.3 11.1  0.0  0.0  0.0
  0.0  0.0  0.0  0.0  0.0  0.0  0.0  0.0 11.1  0.0  0.0 11.1 11.1  0.0  0.0
    -13.33     -2.32     -2.01     -6.61     -3.63  0.0  0.0  0.0  0.0  0.0
                                   t000022_s13_p41_el2ap.txt 20.5  5.4  134
  7.5  0.0  0.0 67.2  0.0  0.0  7.5  0.0  0.0  7.5  7.5  0.0  0.0  0.0  0.0
  7.5  0.0 14.9  7.5  0.0  0.0276.1194.0 82.1  0.0  7.5  0.0  0.0  0.0  0.0
  0.0  7.5 97.0  0.0  0.0 22.4  7.5  0.0  0.0  0.0  0.0  0.0  7.5  7.5  0.0
  0.0  0.0  0.0  0.0  0.0 14.9 14.9  7.5  0.0  0.0 89.6  7.5  0.0 89.6 14.9
  7.5  0.0  0.0  0.0  0.0  0.0  0.0  0.0  0.0  0.0  0.0  0.0  0.0  0.0  0.0
  0.0  0.0  0.0  0.0  0.0  0.0  0.0  0.0  0.0  0.0  0.0  0.0  0.0  0.0  0.0
  0.0  0.0  0.0  0.0  0.0  0.0  0.0  7.5  0.0  0.0  0.0  0.0  0.0  0.0  0.0
  0.0  0.0  0.0  0.0  0.0  7.5  7.5  0.0  0.0  0.0  0.0  0.0  0.0  0.0  0.0
  0.0  0.0  0.0  0.0  0.0  0.0  0.0  0.0 14.9  7.5 14.9  7.5  0.0  0.0 22.4
  7.5  7.5  0.0  0.0  0.0 22.4  0.0 14.9  0.0  7.5  0.0  0.0 22.4  0.0  0.0
    -17.20     -5.40      9.20     -6.61      2.17  0.0  0.0  0.0  0.0  0.0
                                   t000022_s13_p42_el2ap.txt 22.0  5.2  155
 12.9  6.5  0.0 51.6  0.0  0.0  0.0  0.0 12.9  0.0  0.0  0.0  0.0  0.0  0.0
  0.0  0.0  6.5  6.5  0.0  0.0309.7200.0 19.4  6.5  6.5  0.0  6.5  0.0  0.0
  0.0  0.0103.2  0.0  6.5 19.4  0.0  0.0  0.0  0.0  0.0  0.0  0.0  6.5  0.0
  0.0  6.5 12.9 19.4  0.0  6.5 12.9  6.5  0.0  0.0 38.7 19.4  0.0 64.5  6.5
 19.4  0.0  0.0  0.0  0.0  0.0  0.0  0.0  0.0  0.0  0.0  0.0  0.0  0.0  0.0
  0.0  0.0  0.0  0.0  0.0 12.9  0.0  0.0  0.0  0.0  0.0  0.0  0.0  0.0  0.0
  0.0  0.0  0.0  0.0  0.0  0.0  0.0  0.0  0.0  0.0  0.0  0.0  0.0  0.0  0.0
 12.9  0.0  0.0 12.9  0.0  0.0  0.0  0.0  0.0  0.0  0.0  0.0  0.0  0.0  0.0
  0.0  0.0  0.0  0.0  0.0  0.0  0.0  0.0  0.0  6.5 19.4  6.5  6.5  6.5 12.9
  0.0  0.0  0.0  0.0  0.0  0.0  0.0 12.9 19.4  0.0  0.0  0.0  6.5  0.0  0.0
    -21.21     -4.03      5.14     -6.61     -2.65  0.0  0.0  0.0  0.0  0.0
                                   t000022_s13_p43_el2ap.txt 15.3  5.6   84
 11.9  0.0  0.0 47.6  0.0  0.0  0.0  0.0  0.0  0.0  0.0  0.0  0.0 11.9  0.0
  0.0  0.0  0.0  0.0  0.0  0.0333.3154.8107.1 11.9  0.0 11.9  0.0  0.0  0.0
  0.0  0.0 59.5  0.0 11.9 35.7 11.9  0.0  0.0  0.0  0.0  0.0  0.0  0.0  0.0
  0.0  0.0  0.0  0.0 11.9  0.0  0.0  0.0  0.0  0.0119.0  0.0  0.0 71.4  0.0
 11.9  0.0  0.0  0.0  0.0  0.0  0.0  0.0  0.0  0.0  0.0  0.0  0.0  0.0  0.0
  0.0  0.0  0.0  0.0  0.0  0.0  0.0  0.0  0.0  0.0  0.0  0.0  0.0  0.0  0.0
  0.0  0.0  0.0  0.0  0.0  0.0  0.0  0.0  0.0  0.0  0.0  0.0  0.0  0.0  0.0
  0.0  0.0  0.0  0.0  0.0  0.0  0.0  0.0  0.0  0.0  0.0  0.0  0.0  0.0  0.0
  0.0  0.0  0.0  0.0  0.0  0.0  0.0  0.0 11.9  0.0 23.8  0.0  0.0  0.0  0.0
  0.0  0.0  0.0  0.0  0.0 11.9  0.0 11.9  0.0  0.0  0.0 11.9  0.0 11.9  0.0
    -25.29     -3.05     -0.42     -6.61     -3.63  0.0  0.0  0.0  0.0  0.0
                                   t000022_s13_p44_el2ap.txt 24.0  5.3  167
  6.0  0.0  0.0 59.9  0.0  0.0  0.0  0.0  0.0 12.0  0.0  0.0  0.0  0.0  0.0
  0.0  0.0  0.0 12.0  0.0  0.0341.3167.7 71.9 12.0  6.0  0.0  0.0  0.0  0.0
  0.0  6.0149.7  0.0  0.0 41.9 12.0  6.0  0.0  0.0  0.0  0.0 12.0  6.0  0.0
  0.0  0.0  0.0  0.0  6.0  6.0 18.0  6.0  0.0  0.0 89.8  6.0  0.0 77.8  0.0
  6.0  0.0  0.0  0.0  0.0  0.0  0.0  0.0  0.0  0.0  0.0  0.0  0.0  0.0  0.0
  0.0  0.0  0.0  0.0  0.0  0.0  0.0  6.0  0.0  0.0  0.0  0.0  0.0  0.0  0.0
  0.0  0.0  0.0  6.0  0.0  0.0  0.0  0.0  6.0  0.0  6.0  0.0  0.0  0.0  0.0
  0.0  6.0  0.0  6.0  6.0  6.0 12.0  6.0  0.0  0.0  0.0  0.0  0.0  0.0  0.0
  0.0  0.0  0.0  0.0  0.0  0.0  0.0  0.0  6.0  0.0 24.0  6.0  0.0  6.0  6.0
  0.0  0.0  0.0  0.0  0.0 12.0  0.0 18.0  0.0  0.0  0.0  0.0 18.0  0.0  0.0
    -25.40     -5.07     11.21     -5.18      4.77  0.0  0.0  0.0  0.0  0.0
                                   t000022_s13_p45_el2ap.txt 16.5  4.5   95
  0.0  0.0  0.0 84.2  0.0 21.1  0.0  0.0  0.0  0.0  0.0  0.0  0.0  0.0  0.0
  0.0  0.0  0.0  0.0  0.0  0.0284.2200.0 63.2  0.0  0.0  0.0  0.0  0.0 10.5
 10.5  0.0 42.1 10.5  0.0 10.5  0.0  0.0  0.0  0.0  0.0  0.0  0.0 10.5  0.0
  0.0  0.0  0.0  0.0  0.0  0.0  0.0 10.5  0.0 21.1 84.2  0.0  0.0 84.2  0.0
  0.0  0.0  0.0  0.0  0.0  0.0  0.0  0.0  0.0  0.0  0.0  0.0  0.0  0.0  0.0
  0.0  0.0  0.0  0.0  0.0  0.0  0.0  0.0  0.0  0.0  0.0  0.0  0.0  0.0  0.0
  0.0  0.0  0.0  0.0  0.0  0.0  0.0  0.0  0.0  0.0  0.0  0.0  0.0  0.0  0.0
  0.0  0.0  0.0  0.0  0.0  0.0  0.0  0.0  0.0  0.0  0.0  0.0  0.0  0.0  0.0
  0.0  0.0  0.0  0.0  0.0  0.0  0.0 10.5  0.0  0.0 21.1  0.0  0.0  0.0  0.0
  0.0  0.0  0.0  0.0 10.5 21.1  0.0 10.5 10.5  0.0  0.0  0.0 10.5  0.0  0.0
    -20.76     -5.73     15.12     -6.61     -2.03  0.0  0.0  0.0  0.0  0.0
                                   t000022_s13_p46_el2ap.txt 24.8  4.9  181
  0.0  0.0  0.0 33.1  0.0  5.5  0.0 22.1  5.5  5.5  0.0  0.0  0.0  0.0  0.0
  0.0  0.0  0.0  5.5  0.0  0.0331.5187.8 38.7 11.0  0.0  0.0  5.5  0.0  0.0
  0.0  0.0 71.8  5.5  0.0 22.1  0.0  0.0  0.0  0.0  0.0  0.0 11.0  5.5  5.5
  0.0  5.5  0.0  5.5  0.0  0.0 11.0 11.0  0.0  0.0 44.2  5.5  0.0 44.2  0.0
  0.0  0.0  0.0  0.0  0.0  0.0  0.0  0.0  0.0  0.0  0.0  0.0  0.0  0.0  0.0
  0.0  0.0  0.0  0.0  0.0  0.0  0.0  0.0  0.0  0.0  0.0  0.0  0.0  0.0  0.0
  0.0  0.0  0.0  0.0  0.0  0.0  0.0  0.0  0.0  0.0  0.0  0.0  0.0  0.0  0.0
  0.0  0.0  0.0  0.0  0.0  0.0  0.0  0.0  0.0  0.0  0.0  0.0  0.0  0.0  0.0
  0.0  0.0  0.0  0.0  0.0  0.0  0.0  0.0  5.5  0.0 27.6  5.5  0.0  0.0 27.6
  0.0  0.0  0.0  0.0  0.0 11.0  0.0 11.0  5.5  0.0  0.0  0.0  0.0  0.0  0.0
    -19.75     -4.34      3.13     -6.61      8.37  0.0  0.0  0.0  0.0  0.0
                                   t000022_s13_p47_el2ap.txt 28.0  5.1  201
  0.0  0.0  0.0 89.6  0.0  0.0  5.0  5.0  5.0 19.9  0.0  0.0  0.0  0.0  0.0
 10.0  0.0  5.0  5.0  0.0  0.0238.8154.2 59.7  5.0  5.0  0.0 14.9  0.0 14.9
  0.0  0.0 69.7  0.0 10.0 29.9  5.0  0.0  0.0  0.0  0.0  0.0 10.0  0.0  0.0
  0.0 19.9 10.0  5.0 10.0  5.0 24.9  0.0  0.0 14.9 99.5 10.0  0.0 99.5  5.0
  5.0  5.0  0.0  0.0  0.0  0.0  0.0  0.0  0.0  0.0  0.0  0.0  0.0  0.0  0.0
  0.0  0.0  0.0  5.0  0.0  0.0  0.0  0.0  5.0  0.0  0.0  0.0  0.0  0.0  0.0
  0.0  0.0  0.0  0.0  0.0  0.0  0.0  0.0  0.0  0.0  0.0  0.0  0.0  0.0  0.0
  5.0  5.0  0.0 10.0  0.0  0.0  0.0  0.0  0.0  0.0  0.0  0.0  0.0  0.0  0.0
  0.0  0.0  0.0  0.0  0.0  0.0  0.0  0.0  5.0 10.0 29.9 24.9  0.0  0.0 10.0
  0.0  0.0  0.0  0.0  0.0  5.0  0.0  0.0 14.9  0.0  0.0  0.0 14.9  0.0  0.0
    -13.30     -2.58      8.65     -6.61      2.59  0.0  0.0  0.0  0.0  0.0
                                   t000022_s13_p48_el2ap.txt 21.5  5.7  119
  8.4  0.0  0.0 84.0  0.0  0.0 16.8  0.0  0.0  0.0  0.0  0.0  0.0  0.0  0.0
  0.0  0.0  8.4  0.0  0.0  8.4319.3159.7100.8  0.0  8.4  8.4  0.0  0.0  0.0
  0.0  0.0117.6  0.0  0.0 42.0  8.4  0.0  0.0  0.0  0.0  0.0  0.0  8.4  0.0
  8.4  0.0  0.0  0.0  8.4  8.4  0.0 16.8  0.0  0.0109.2  8.4  0.0 92.4  0.0
 16.8  0.0  0.0  0.0  0.0  0.0  0.0  0.0  0.0  0.0  0.0  0.0  0.0  0.0  0.0
  0.0  0.0  0.0  0.0  0.0  0.0  0.0  0.0  0.0  0.0  0.0  0.0  8.4  0.0  0.0
  0.0  0.0  0.0  8.4  0.0  0.0  0.0  0.0  0.0  0.0  0.0  0.0  0.0  0.0  0.0
  0.0  0.0  8.4  8.4  8.4  0.0  8.4  0.0  0.0  0.0  0.0  0.0  0.0  0.0  0.0
  0.0  0.0  0.0  0.0  0.0  0.0  0.0  0.0 25.2 16.8 16.8  8.4  0.0  8.4  8.4
  0.0  8.4  0.0  0.0  0.0 16.8  8.4  0.0  0.0  8.4  8.4  0.0 16.8  0.0  0.0
    -21.40     -3.74      6.76     -6.61      0.36  0.0  0.0  0.0  0.0  0.0
                                   t000022_s13_p49_el2ap.txt 22.5  5.4  134
  0.0  0.0  0.0 67.2  0.0  0.0 14.9  0.0  0.0  0.0  0.0  0.0  0.0  0.0  0.0
  0.0  0.0 14.9  7.5  0.0  0.0306.0179.1 37.3  7.5 14.9  0.0 14.9  0.0  0.0
  7.5  0.0 97.0  0.0  0.0 22.4  0.0  0.0  0.0  0.0  0.0  0.0  7.5 14.9  0.0
  0.0  0.0  0.0 14.9  0.0 14.9  7.5 14.9  0.0  7.5 74.6 14.9  0.0 74.6  0.0
  0.0  0.0  0.0  0.0  0.0  0.0  0.0  0.0  0.0  0.0  0.0  0.0  0.0  0.0  0.0
  0.0  0.0  0.0  0.0  0.0  0.0  0.0  0.0  0.0  0.0  0.0  0.0  0.0  0.0  0.0
  0.0  0.0  0.0  0.0  0.0  0.0  0.0  0.0  0.0  0.0  0.0  0.0  0.0  0.0  0.0
  0.0  0.0  0.0  0.0  0.0  0.0  0.0  0.0  0.0  0.0  0.0  0.0  0.0  0.0  0.0
  0.0  0.0  0.0  0.0  0.0  0.0  0.0  0.0  7.5 14.9 29.9  0.0  0.0  0.0  7.5
  0.0  0.0  0.0  0.0  0.0  0.0  0.0 14.9 14.9 14.9  0.0  0.0  7.5  0.0  0.0
    -18.86     -2.05     13.22     -6.61      3.30  0.0  0.0  0.0  0.0  0.0
                                    t000022_s13_p5_el2ap.txt 21.8  4.9  140
  7.1  0.0  0.0 42.9  0.0  0.0  0.0  7.1  0.0  0.0  0.0  7.1  0.0  0.0  0.0
  0.0  0.0  0.0 14.3  0.0  0.0300.0207.1 50.0 14.3  0.0  0.0  0.0  7.1 14.3
  0.0  0.0 71.4  0.0  0.0 14.3  7.1  0.0  0.0  0.0  0.0  0.0  0.0  7.1  0.0
  0.0  0.0  0.0  0.0  0.0  0.0 21.4  7.1  0.0 21.4 78.6  0.0  0.0 71.4  0.0
  0.0  0.0  0.0  0.0  0.0  0.0  0.0  0.0  0.0  0.0  0.0  0.0  0.0  0.0  0.0
  0.0  0.0  0.0  0.0  0.0  0.0  0.0  0.0  0.0  0.0  0.0  0.0  0.0  0.0  0.0
  0.0  0.0  0.0  0.0  0.0  0.0  0.0  0.0  0.0  0.0  0.0  0.0  0.0  0.0  0.0
  0.0  0.0  0.0  0.0  0.0  0.0  0.0  0.0  0.0  0.0  0.0  0.0  0.0  0.0  0.0
  0.0  0.0  0.0  0.0  0.0  0.0  0.0  0.0  7.1  0.0  7.1  7.1  0.0  0.0  7.1
  0.0  0.0 14.3  0.0  0.0  0.0  0.0 14.3  0.0  0.0  0.0  7.1  7.1 14.3  0.0
    -19.29     -5.26     16.47     -6.61     -2.54  0.0  0.0  0.0  0.0  0.0
                                    t000022_s13_p6_el2ap.txt 24.0  4.8  154
  6.5  0.0  0.0 58.4  0.0  0.0  0.0  6.5  0.0 13.0  0.0  6.5  0.0  6.5  0.0
  0.0  0.0  0.0  0.0  0.0  0.0240.3155.8 51.9 26.0  0.0  0.0  0.0  0.0  0.0
  0.0  0.0 64.9  6.5  0.0 26.0 13.0  0.0  0.0  0.0  0.0  0.0  0.0  6.5  0.0
  0.0  6.5  0.0  0.0  0.0  0.0 13.0  6.5  0.0  0.0 58.4  0.0  0.0103.9  6.5
  0.0  0.0  0.0  0.0  0.0  0.0  0.0  0.0  0.0  0.0  0.0  0.0  0.0  0.0  0.0
  0.0  0.0  0.0  0.0  0.0  0.0  6.5  0.0  0.0  0.0  0.0  0.0  0.0  0.0  0.0
  0.0  0.0  0.0  6.5  0.0  0.0  0.0  0.0  0.0  0.0  0.0  0.0  0.0  0.0  0.0
  6.5  0.0  0.0  6.5  6.5  0.0  6.5  0.0  0.0  0.0  0.0  0.0  0.0  0.0  0.0
  0.0  0.0  0.0  0.0  0.0  0.0  0.0  0.0 19.5  0.0 13.0  0.0  0.0  6.5  6.5
  0.0  6.5  0.0  0.0  0.0  6.5  0.0 26.0  6.5  0.0  0.0  6.5  6.5 13.0  0.0
    -13.50     -4.87      2.15     -6.61     -2.64  0.0  0.0  0.0  0.0  0.0
                                    t000022_s13_p7_el2ap.txt 21.8  5.0  141
 21.3  0.0  0.0 49.6  0.0  0.0  0.0  0.0  0.0  0.0  0.0  0.0  0.0  0.0  0.0
  7.1  0.0 14.2  7.1  0.0  0.0262.4184.4 70.9 21.3  0.0  0.0  0.0  0.0  7.1
  0.0  0.0 49.6  7.1  0.0 56.7  0.0  0.0  0.0  0.0  0.0  0.0 28.4 14.2  0.0
  7.1  0.0  0.0  0.0  7.1 14.2  7.1 21.3  0.0  7.1 99.3  0.0  0.0 85.1  7.1
  0.0  0.0  0.0  0.0  0.0  0.0  0.0  0.0  0.0  0.0  0.0  0.0  0.0  0.0  0.0
  0.0  0.0  0.0  0.0  0.0  0.0  0.0  0.0  0.0  0.0  0.0  0.0  0.0  0.0  0.0
  0.0  0.0  0.0  0.0  0.0  0.0  0.0  0.0  0.0  0.0  0.0  0.0  0.0  0.0  0.0
  0.0  0.0  0.0  0.0  0.0  0.0  0.0  0.0  0.0  0.0  0.0  0.0  0.0  0.0  0.0
  0.0  0.0  0.0  0.0  0.0  0.0  0.0  0.0  7.1  0.0 14.2  7.1  0.0  0.0  0.0
  0.0  0.0  0.0  0.0  0.0 14.2  0.0 14.2  0.0 14.2  0.0  0.0  7.1  7.1  0.0
    -17.78     -5.03      2.72     -6.61     18.54  0.0  0.0  0.0  0.0  0.0
                                    t000022_s13_p8_el2ap.txt 21.0  5.1  146
 13.7  0.0  0.0 75.3  0.0  0.0  0.0  0.0 20.5  0.0  0.0  0.0  0.0  0.0  0.0
  0.0  0.0  0.0  0.0  0.0  0.0369.9109.6 82.2  0.0 13.7  0.0  0.0  0.0  0.0
  0.0 13.7150.7  6.8  0.0 41.1  0.0  0.0  0.0  6.8  0.0  0.0  6.8  0.0  0.0
  0.0  0.0  6.8  0.0  6.8  0.0 20.5  0.0  0.0  0.0102.7 34.2 13.7 75.3  0.0
  6.8  0.0  0.0  0.0  0.0  0.0  0.0  0.0  0.0  0.0  0.0  0.0  0.0  0.0  0.0
  0.0  0.0  0.0  0.0  0.0  6.8  0.0  0.0  0.0  0.0  0.0  0.0  0.0  0.0  0.0
  0.0  0.0  0.0  0.0  0.0  0.0  0.0  0.0  0.0  0.0  0.0  0.0  0.0  0.0  0.0
  6.8  0.0  0.0  6.8  0.0  0.0  0.0  0.0  0.0  0.0  0.0  0.0  0.0  0.0  0.0
  0.0  6.8  0.0  0.0  0.0  0.0  0.0  0.0 13.7  0.0 13.7  0.0  0.0  0.0 13.7
  0.0  6.8  0.0  0.0  6.8  0.0  0.0 13.7  0.0 13.7  6.8  0.0 34.2  0.0  0.0
    -26.15     -5.12     12.22     -3.49      0.65  0.0  0.0  0.0  0.0  0.0
                                    t000022_s13_p9_el2ap.txt 12.3  5.7   61
 16.4  0.0  0.0 82.0  0.0  0.0  0.0  0.0 16.4 16.4  0.0  0.0  0.0  0.0  0.0
 16.4  0.0  0.0  0.0  0.0  0.0245.9147.5 98.4  0.0  0.0  0.0  0.0  0.0  0.0
  0.0 16.4114.8  0.0 16.4 49.2 16.4  0.0  0.0  0.0  0.0  0.0  0.0  0.0  0.0
  0.0  0.0  0.0  0.0 49.2  0.0 16.4  0.0  0.0  0.0180.3 16.4  0.0 98.4  0.0
  0.0  0.0  0.0  0.0  0.0  0.0  0.0  0.0  0.0  0.0  0.0  0.0  0.0  0.0  0.0
  0.0  0.0  0.0  0.0  0.0  0.0  0.0  0.0  0.0  0.0  0.0  0.0  0.0  0.0  0.0
  0.0  0.0  0.0  0.0  0.0  0.0  0.0  0.0  0.0  0.0  0.0  0.0  0.0  0.0  0.0
  0.0  0.0  0.0  0.0  0.0  0.0  0.0  0.0  0.0  0.0  0.0  0.0  0.0  0.0  0.0
  0.0  0.0  0.0  0.0  0.0  0.0  0.0  0.0 49.2 16.4  0.0 16.4  0.0  0.0 16.4
  0.0  0.0  0.0  0.0  0.0  0.0  0.0  0.0  0.0 16.4  0.0  0.0  0.0  0.0  0.0
    -17.80     -5.73      7.40     -6.61     -3.63  0.0  0.0  0.0  0.0  0.0
                                     t000022_s2_p1_el2ap.txt  8.3  5.1   36
  0.0  0.0  0.0 27.8  0.0  0.0  0.0  0.0  0.0  0.0  0.0  0.0 27.8  0.0  0.0
  0.0  0.0  0.0  0.0  0.0  0.0500.0 27.8 27.8 55.6  0.0  0.0  0.0  0.0  0.0
  0.0  0.0 27.8  0.0  0.0 27.8  0.0  0.0  0.0  0.0  0.0  0.0  0.0  0.0  0.0
  0.0  0.0  0.0  0.0  0.0  0.0  0.0  0.0  0.0  0.0 27.8  0.0  0.0 83.3  0.0
  0.0  0.0  0.0  0.0  0.0  0.0  0.0  0.0  0.0  0.0  0.0  0.0  0.0  0.0  0.0
  0.0  0.0  0.0  0.0  0.0  0.0  0.0  0.0  0.0  0.0  0.0  0.0  0.0  0.0  0.0
  0.0  0.0  0.0  0.0  0.0  0.0  0.0  0.0  0.0  0.0  0.0  0.0  0.0  0.0  0.0
  0.0  0.0  0.0  0.0  0.0  0.0  0.0  0.0  0.0  0.0  0.0  0.0  0.0  0.0  0.0
  0.0  0.0  0.0  0.0  0.0  0.0  0.0  0.0 27.8  0.0  0.0  0.0  0.0  0.0  0.0
  0.0  0.0  0.0  0.0  0.0  0.0  0.0 27.8  0.0  0.0  0.0  0.0  0.0  0.0  0.0
    -15.30     -3.90      1.32     -6.61     -3.63  0.0  0.0  0.0  0.0  0.0
                                     t000022_s4_p1_el2ap.txt 30.3  5.2  219
  0.0  0.0  0.0 27.4  0.0  0.0  0.0  0.0  0.0 18.3  0.0  9.1  0.0  0.0  0.0
  0.0  0.0  0.0  4.6  0.0  0.0283.1150.7109.6 59.4  0.0  4.6  4.6  0.0  9.1
  0.0 13.7 91.3  0.0  0.0 13.7 18.3  0.0  0.0  0.0  0.0  4.6  0.0 22.8  0.0
  9.1  4.6  4.6  0.0  0.0  0.0 32.0 32.0  0.0  9.1127.9  0.0  0.0114.2  0.0
  9.1  0.0  0.0  0.0  0.0  0.0  0.0  0.0  0.0  0.0  0.0  0.0  0.0  0.0  0.0
  0.0  0.0  0.0  0.0  4.6  0.0  0.0  0.0  0.0  0.0  0.0  0.0  0.0  0.0  0.0
  0.0  0.0  0.0  0.0  0.0  0.0  0.0  0.0  0.0  0.0  0.0  0.0  0.0  0.0  0.0
  4.6  0.0  0.0  4.6  0.0  0.0  0.0  0.0  0.0  0.0  0.0  0.0  0.0  0.0  0.0
  0.0  0.0  0.0  0.0  0.0  0.0  0.0  0.0 27.4  9.1 54.8  0.0  0.0  4.6  4.6
  0.0  4.6  0.0  0.0  0.0  0.0  4.6 13.7  9.1 13.7  4.6 18.3  0.0  0.0  0.0
    -21.82     -2.05     16.18     -4.78      2.78  0.0  0.0  0.0  0.0  0.0
                                     t000022_s4_p2_el2ap.txt 25.5  5.4  158
  0.0  0.0  0.0 57.0  0.0  0.0  0.0  0.0  6.3  0.0  0.0  0.0  6.3  6.3  0.0
  0.0  0.0  6.3  6.3  0.0  0.0303.8164.6 88.6 19.0  0.0  6.3  0.0  6.3  0.0
  6.3  0.0145.6  6.3  0.0 31.6  0.0  0.0  0.0  0.0  0.0  0.0  0.0  6.3  0.0
  0.0  0.0  6.3  0.0  0.0  6.3  6.3  6.3  0.0 12.7126.6  6.3  0.0 82.3  0.0
 12.7  0.0  0.0  0.0  0.0  0.0  0.0  0.0  0.0  0.0  0.0  0.0  0.0  0.0  0.0
  0.0  0.0  0.0  0.0  0.0  6.3  0.0  0.0  0.0  0.0  0.0  0.0  0.0  0.0  0.0
  0.0  0.0  0.0  0.0  0.0  0.0  0.0  0.0  0.0  0.0  0.0  0.0  0.0  0.0  0.0
  6.3  0.0  0.0  6.3  0.0  0.0  0.0  0.0  0.0  0.0  0.0  0.0  0.0  0.0  0.0
  0.0  0.0  0.0  0.0  0.0  0.0  0.0  0.0 31.6 12.7 31.6  0.0  0.0 12.7  0.0
  0.0  6.3  0.0  0.0  0.0  0.0  0.0 12.7  0.0  0.0  0.0  6.3  6.3  0.0  0.0
    -20.97     -3.89     16.95     -6.61     -2.67  0.0  0.0  0.0  0.0  0.0
                                     t000022_s4_p3_el2ap.txt 20.5  5.8  128
  7.8  0.0  0.0 39.1  0.0  0.0  0.0  0.0  7.8  0.0  0.0  0.0  0.0  0.0  0.0
  0.0  0.0  0.0  0.0  0.0  0.0312.5187.5101.6 15.6  7.8  0.0  0.0  0.0  7.8
  0.0  0.0109.4  0.0  0.0 46.9  7.8  0.0  0.0  0.0  0.0  0.0  0.0  0.0  0.0
  0.0  0.0  7.8  0.0  0.0  0.0  0.0  0.0  0.0  7.8101.6 15.6  0.0 78.1  7.8
 15.6  0.0  0.0  0.0  0.0  0.0  0.0  0.0  0.0  0.0  0.0  0.0  0.0  0.0  0.0
  0.0  0.0  0.0  0.0  0.0  7.8  0.0  0.0  0.0  0.0  0.0  0.0  0.0  0.0  0.0
  0.0  0.0  0.0  0.0  0.0  0.0  0.0  0.0  0.0  0.0  0.0  0.0  0.0  0.0  0.0
  7.8  0.0  0.0  7.8  0.0  0.0  0.0  0.0  0.0  0.0  0.0  0.0  0.0  0.0  0.0
  0.0  0.0  0.0  0.0  0.0  0.0  0.0  0.0  7.8 15.6 31.3  0.0  7.8 15.6  7.8
  7.8  0.0  0.0  0.0  7.8 31.3 15.6 15.6  0.0 15.6  0.0  0.0 15.6  0.0  0.0
    -32.57     -4.87      9.81     -6.61     -3.63  0.0  0.0  0.0  0.0  0.0
                                     t000022_s4_p4_el2ap.txt 23.3  5.9  139
 14.4  0.0  0.0 36.0  0.0  0.0  0.0  0.0  0.0  0.0  0.0  0.0  0.0  0.0  7.2
  7.2  0.0  0.0  7.2  0.0  0.0323.7172.7 93.5 21.6 14.4  7.2  0.0  0.0  7.2
  0.0  0.0165.5  0.0  0.0 21.6  7.2  0.0  0.0  0.0  0.0  7.2  0.0  7.2  0.0
  0.0 14.4  7.2  0.0  0.0  0.0 21.6  7.2  0.0  7.2100.7 14.4  7.2 86.3  7.2
  0.0  0.0  0.0  0.0  0.0  0.0  0.0  0.0  0.0  0.0  0.0  0.0  0.0  0.0  0.0
  0.0  0.0  0.0  0.0  0.0  7.2  0.0  0.0  0.0  0.0  0.0  0.0  0.0  0.0  0.0
  0.0  0.0  0.0  0.0  0.0  0.0  0.0  0.0  0.0  0.0  0.0  0.0  0.0  0.0  0.0
  7.2  0.0  0.0  7.2  0.0  0.0  0.0  0.0  0.0  0.0  0.0  0.0  0.0  0.0  0.0
  0.0  0.0  0.0  0.0  0.0  0.0  0.0  0.0  7.2 14.4 14.4  0.0  0.0  0.0  7.2
 21.6  0.0  0.0  0.0  0.0  0.0  7.2  7.2  7.2  7.2  0.0  0.0  0.0  7.2  0.0
    -22.14     -2.99     14.84     -3.73     -2.54  0.0  0.0  0.0  0.0  0.0
                                     t000022_s4_p5_el2ap.txt 20.3  5.3  123
 16.3  0.0  0.0 65.0  0.0  0.0  0.0  0.0  0.0  8.1  0.0  0.0  0.0  0.0  0.0
  0.0  0.0  0.0 24.4  0.0  0.0308.9187.0105.7  8.1  0.0  8.1  0.0  0.0  8.1
  0.0  8.1 97.6  0.0  0.0  8.1 16.3  0.0  8.1  0.0  0.0  0.0  0.0  0.0  8.1
  0.0  0.0  8.1  0.0  8.1  0.0 32.5  8.1  0.0  8.1130.1  0.0  0.0 97.6  0.0
 16.3  0.0  0.0  0.0  0.0  0.0  0.0  0.0  0.0  0.0  0.0  0.0  0.0  0.0  0.0
  0.0  0.0  0.0  0.0  0.0  8.1  0.0  0.0  0.0  0.0  0.0  0.0  0.0  0.0  0.0
  0.0  0.0  0.0  0.0  0.0  0.0  0.0  0.0  0.0  0.0  0.0  0.0  0.0  0.0  0.0
  8.1  0.0  0.0  8.1  0.0  0.0  0.0  0.0  0.0  0.0  0.0  0.0  0.0  0.0  0.0
  0.0  0.0  0.0  0.0  0.0  0.0  0.0  0.0 40.7  8.1 24.4  8.1  0.0  0.0 16.3
  0.0  0.0  0.0  0.0  0.0  8.1  0.0 24.4  0.0  0.0  0.0  0.0  0.0  0.0  0.0
    -23.87     -3.90     14.36     -3.98      2.63  0.0  0.0  0.0  0.0  0.0
                                     t000022_s4_p6_el2ap.txt 30.8  5.6  224
  4.5  0.0  0.0 49.1  0.0  0.0  0.0  4.5 17.9  4.5  4.5  0.0  0.0  0.0  0.0
  0.0  0.0  0.0  8.9  0.0  0.0290.2151.8 93.8  8.9  0.0 13.4  4.5  4.5 13.4
  0.0  8.9133.9  0.0  4.5 40.2  8.9  0.0  0.0  0.0  4.5  4.5  8.9  8.9  0.0
  4.5  4.5  4.5  0.0  0.0  4.5 22.3 13.4  0.0 17.9107.1 17.9  0.0 75.9  0.0
  4.5  0.0  0.0  0.0  0.0  0.0  0.0  0.0  0.0  0.0  0.0  0.0  0.0  0.0  0.0
  0.0  0.0  0.0  0.0  0.0  0.0  0.0  0.0  0.0  0.0  0.0  0.0  0.0  0.0  0.0
  0.0  0.0  8.9  0.0  0.0  0.0  0.0  0.0  0.0  0.0  0.0  0.0  0.0  0.0  0.0
  0.0  0.0  0.0  0.0  8.9  0.0  8.9  0.0  0.0  0.0  0.0  0.0  0.0  0.0  0.0
  0.0  0.0  0.0  4.5  0.0  0.0  0.0  0.0 22.3 22.3 31.3 13.4  0.0  0.0  0.0
  0.0  4.5  0.0  0.0  0.0  4.5 17.9  4.5 13.4  0.0  4.5  0.0  8.9  0.0  0.0
    -25.31     -2.03     19.31     -2.69      4.75  4.5  0.0  0.0  0.0  0.0
                                     t000022_s4_p7_el2ap.txt 30.3  5.5  182
 11.0  0.0  0.0 38.5  0.0  0.0 11.0  0.0  5.5 11.0  0.0  0.0  0.0  0.0  0.0
  5.5  0.0  5.5 11.0  0.0  0.0313.2126.4126.4  5.5  5.5  0.0  0.0  0.0  5.5
  0.0 11.0120.9  5.5  0.0 38.5 16.5 11.0  0.0  0.0  0.0  0.0  0.0  0.0  0.0
 16.5  0.0 11.0  5.5  0.0 16.5 22.0 16.5  0.0  5.5137.4 11.0  0.0 71.4  0.0
  5.5  0.0  0.0  0.0  0.0  0.0  0.0  0.0  0.0  0.0  0.0  0.0  0.0  0.0  0.0
  0.0  0.0  0.0  0.0  5.5  5.5  0.0  0.0  0.0  0.0  0.0  0.0  0.0  0.0  0.0
  0.0  0.0  5.5  0.0  0.0  0.0  0.0  0.0  0.0  5.5  0.0  0.0  0.0  0.0  0.0
 11.0  0.0  0.0 11.0  5.5  0.0 11.0  0.0  0.0  0.0  0.0  0.0  0.0  0.0  0.0
  0.0  0.0  0.0  0.0  0.0  0.0  0.0  0.0 16.5 16.5 33.0  0.0  0.0  0.0 11.0
  5.5  0.0  0.0  0.0  0.0  5.5  0.0 11.0  0.0 11.0  5.5  5.5  0.0  0.0  0.0
    -20.81     -5.30     12.43     -3.99      1.69  0.0  5.5  0.0  0.0  0.0
                                     t000022_s7_p1_el2ap.txt 31.8  5.8  326
  0.0  0.0  3.1 15.3  0.0  0.0  0.0  3.1  0.0  0.0  0.0  0.0  0.0  0.0  0.0
  0.0  0.0  0.0  6.1  0.0  0.0346.6128.8119.6 30.7  3.1  6.1  0.0  0.0  0.0
  0.0  6.1125.8  9.2  3.1 18.4  9.2  0.0  0.0  0.0  0.0  0.0  3.1  9.2  9.2
  6.1  0.0  0.0  0.0  0.0  0.0 12.3 24.5  0.0  0.0141.1  3.1  0.0 73.6  3.1
 12.3  0.0  0.0  0.0  0.0  0.0  0.0  0.0  0.0  0.0  0.0  0.0  0.0  0.0  0.0
  0.0  0.0  0.0  0.0  0.0  0.0  0.0  0.0  0.0  0.0  0.0  0.0  0.0  0.0  0.0
  0.0  0.0  0.0  0.0  0.0  0.0  0.0  0.0  0.0  0.0  0.0  0.0  0.0  0.0  0.0
  0.0  0.0  0.0  0.0  0.0  0.0  0.0  0.0  0.0  0.0  0.0  0.0  0.0  0.0  0.0
  0.0  0.0  0.0  0.0  0.0  0.0  0.0  3.1 27.6  3.1 24.5  9.2  6.1  6.1  6.1
  0.0  3.1  0.0  0.0  0.0  3.1  9.2 12.3  0.0  0.0  0.0  3.1  3.1  0.0  0.0
    -31.72     -3.40      7.40     -6.61      8.74  3.1  3.1  0.0  0.0  0.0
                                    t000022_s7_p10_el2ap.txt 17.3  5.1  102
  0.0  0.0  0.0 49.0  0.0  0.0  9.8  0.0  0.0 19.6  0.0  0.0  0.0  0.0  0.0
  0.0  0.0  0.0 19.6  0.0  0.0313.7166.7 78.4 19.6  0.0  9.8  0.0  0.0  0.0
  0.0  0.0 98.0  0.0  0.0 19.6  0.0  0.0  0.0  0.0  0.0  0.0  0.0 29.4  0.0
  9.8  0.0  0.0  0.0  9.8  0.0 19.6 39.2  0.0  0.0117.6  0.0  0.0 88.2  0.0
  0.0  0.0  0.0  0.0  0.0  0.0  0.0  0.0  0.0  0.0  0.0  0.0  0.0  0.0  0.0
  0.0  0.0  0.0  0.0  0.0  0.0  0.0  0.0  0.0  0.0  0.0  0.0  0.0  0.0  0.0
  0.0  0.0  0.0  0.0  0.0  0.0  0.0  0.0  0.0  0.0  0.0  0.0  0.0  0.0  0.0
  0.0  0.0  0.0  0.0  0.0  0.0  0.0  0.0  0.0  0.0  0.0  0.0  0.0  0.0  0.0
  0.0  9.8  0.0  0.0  0.0  0.0  0.0  9.8  9.8  0.0 29.4 19.6 49.0  9.8  9.8
  0.0  0.0  0.0  0.0  0.0  9.8  0.0 29.4  0.0  0.0  0.0  0.0  9.8  0.0  0.0
    -20.74     -3.20      6.67     -6.61      3.99  0.0  0.0  0.0  0.0  0.0
                                    t000022_s7_p11_el2ap.txt 14.8  6.0   73
  0.0  0.0  0.0 41.1  0.0  0.0  0.0  0.0  0.0  0.0  0.0  0.0  0.0  0.0  0.0
  0.0  0.0  0.0  0.0  0.0  0.0287.7109.6137.0 54.8  0.0 13.7 13.7  0.0  0.0
  0.0  0.0150.7  0.0 13.7 13.7  0.0  0.0  0.0  0.0  0.0 13.7  0.0 13.7  0.0
 13.7  0.0  0.0 13.7  0.0  0.0  0.0 27.4  0.0  0.0150.7  0.0  0.0123.3 13.7
  0.0  0.0  0.0  0.0  0.0  0.0  0.0  0.0  0.0  0.0  0.0  0.0  0.0  0.0  0.0
  0.0  0.0  0.0  0.0  0.0  0.0  0.0  0.0  0.0  0.0  0.0  0.0  0.0  0.0  0.0
  0.0  0.0  0.0  0.0  0.0  0.0  0.0  0.0  0.0  0.0  0.0  0.0  0.0  0.0  0.0
  0.0  0.0  0.0  0.0  0.0  0.0  0.0  0.0  0.0  0.0  0.0  0.0  0.0  0.0  0.0
  0.0  0.0  0.0 13.7  0.0  0.0  0.0  0.0 13.7  0.0 41.1 13.7  0.0  0.0  0.0
  0.0  0.0  0.0  0.0 13.7 13.7  0.0  0.0  0.0 13.7  0.0  0.0  0.0  0.0  0.0
    -32.10      1.25      6.63     -1.13      2.87  0.0  0.0  0.0  0.0  0.0
                                    t000022_s7_p12_el2ap.txt 22.0  4.8  149
  0.0  0.0  0.0 20.1  0.0  0.0 13.4  0.0 13.4 13.4  0.0  0.0  0.0  0.0  0.0
  0.0  0.0  6.7 13.4  0.0  0.0255.0181.2 67.1 47.0  0.0  0.0  0.0  0.0  0.0
  0.0  6.7 94.0  0.0  0.0 20.1  6.7  0.0  0.0  0.0  6.7  0.0 13.4 33.6  0.0
  6.7  0.0  0.0 20.1  0.0 13.4 20.1 40.3  0.0  0.0 73.8 13.4 13.4 80.5  0.0
  0.0  0.0  0.0  0.0  0.0  0.0  0.0  0.0  0.0  0.0  0.0  0.0  0.0  0.0  0.0
  0.0  0.0  0.0  0.0  0.0  6.7  0.0  0.0  0.0  0.0  0.0  0.0  0.0  0.0  0.0
  0.0  6.7  0.0  0.0  0.0  0.0  0.0  0.0  0.0  0.0  0.0  0.0  0.0  0.0  0.0
  6.7  0.0  0.0  6.7  6.7  0.0  6.7  0.0  0.0  0.0  0.0  0.0  0.0  0.0  0.0
  0.0  0.0  0.0  0.0  0.0  0.0  0.0  0.0 13.4  0.0  6.7 13.4  6.7 13.4  0.0
  0.0  0.0  0.0  0.0  0.0  6.7  0.0 13.4  0.0 20.1  0.0  0.0  0.0  6.7  0.0
    -18.08     -4.18      8.84     -3.41     12.01  0.0  0.0  0.0  0.0  0.0
                                    t000022_s7_p13_el2ap.txt 30.3  5.4  227
  0.0  0.0  0.0 26.4  0.0  0.0  0.0  0.0 22.0  4.4  0.0  0.0  0.0  0.0  0.0
  0.0  0.0  4.4  4.4  0.0  0.0312.8132.2 74.9 30.8  4.4  0.0  0.0  0.0  0.0
  0.0  4.4132.2  4.4  0.0 26.4  8.8  0.0  4.4  0.0  0.0  4.4  8.8 13.2  0.0
 13.2  0.0  0.0  4.4  0.0  4.4  8.8 26.4  0.0  0.0101.3 26.4  0.0 88.1  4.4
 13.2  0.0  0.0  0.0  0.0  0.0  0.0  0.0  0.0  0.0  0.0  0.0  0.0  0.0  0.0
  0.0  0.0  0.0  0.0  0.0  0.0  0.0  0.0  0.0  0.0  0.0  0.0  4.4  0.0  0.0
  0.0  0.0  4.4  0.0  0.0  0.0  0.0  0.0  0.0  0.0  0.0  0.0  0.0  0.0  0.0
  0.0  0.0  4.4  4.4  4.4  0.0  4.4  0.0  0.0  0.0  0.0  0.0  0.0  0.0  0.0
  0.0  0.0  0.0  0.0  0.0  0.0  0.0  0.0 17.6  4.4 22.0 13.2  0.0  4.4  0.0
  0.0  4.4  0.0  0.0  0.0 13.2  4.4 30.8  4.4  8.8  4.4  0.0  8.8  0.0  0.0
    -25.70     -4.52      9.02     -3.42      8.15  0.0  0.0  0.0  0.0  0.0
                                    t000022_s7_p14_el2ap.txt  4.0  4.4   20
  0.0  0.0  0.0  0.0  0.0  0.0  0.0  0.0  0.0  0.0  0.0  0.0  0.0  0.0  0.0
  0.0  0.0  0.0  0.0  0.0  0.0300.0150.0  0.0 50.0  0.0  0.0  0.0  0.0  0.0
  0.0  0.0100.0  0.0  0.0100.0  0.0  0.0  0.0  0.0  0.0 50.0  0.0 50.0  0.0
  0.0  0.0  0.0  0.0  0.0  0.0  0.0 50.0  0.0  0.0  0.0  0.0  0.0 50.0  0.0
  0.0  0.0  0.0  0.0  0.0  0.0  0.0  0.0  0.0  0.0  0.0  0.0  0.0  0.0  0.0
  0.0  0.0  0.0  0.0  0.0  0.0  0.0  0.0  0.0  0.0  0.0  0.0  0.0  0.0  0.0
  0.0  0.0  0.0  0.0  0.0  0.0  0.0  0.0  0.0  0.0  0.0  0.0  0.0  0.0  0.0
  0.0  0.0  0.0  0.0  0.0  0.0  0.0  0.0  0.0  0.0  0.0  0.0  0.0  0.0  0.0
  0.0  0.0  0.0  0.0  0.0  0.0  0.0  0.0  0.0  0.0 50.0100.0  0.0  0.0  0.0
  0.0  0.0  0.0  0.0  0.0  0.0  0.0 50.0  0.0  0.0  0.0  0.0  0.0  0.0  0.0
    -24.05     -4.08      2.24     13.39      3.95  0.0  0.0  0.0  0.0  0.0
                                     t000022_s7_p2_el2ap.txt 28.5  5.4  177
  5.6  0.0  0.0 50.8  0.0  5.6  0.0  0.0  0.0  0.0  0.0  0.0  0.0  0.0  0.0
  0.0  0.0  0.0 11.3  0.0  0.0339.0169.5 62.1  0.0  0.0  0.0  5.6  0.0  5.6
  0.0  5.6118.6  5.6  0.0 22.6  5.6  0.0  0.0  0.0  0.0 11.3  5.6 11.3 16.9
  0.0  0.0  0.0  0.0  0.0  0.0 16.9 28.2  0.0  5.6 90.4  0.0  0.0 90.4 16.9
  5.6  0.0  0.0  0.0  0.0  0.0  0.0  0.0  0.0  0.0  0.0  0.0  0.0  0.0  0.0
  0.0  0.0  0.0  0.0  0.0  0.0  0.0  0.0  0.0  0.0  0.0  0.0  0.0  0.0  0.0
  0.0  5.6  0.0  0.0  0.0  0.0  0.0  0.0  0.0  0.0  0.0  0.0  0.0  0.0  0.0
  0.0  0.0  0.0  0.0  5.6  0.0  5.6  0.0  0.0  0.0  0.0  0.0  0.0  0.0  0.0
  0.0  0.0  0.0  0.0  0.0  0.0  0.0 11.3 16.9  0.0 50.8  0.0  0.0  5.6  5.6
 16.9  0.0  0.0  0.0  5.6  0.0  0.0 16.9  5.6  5.6  0.0  0.0  0.0  0.0  0.0
    -25.77     -4.68     11.23     -2.09     14.65  0.0  0.0  5.6  0.0  0.0
                                     t000022_s7_p3_el2ap.txt 33.3  5.4  271
  0.0  0.0  0.0 48.0  0.0  0.0  3.7  0.0  0.0 11.1  0.0  3.7  0.0  0.0  0.0
  0.0  0.0  0.0  0.0  0.0  3.7313.7143.9 55.4 11.1  7.4 18.5  0.0  0.0  7.4
  3.7  3.7118.1  3.7  3.7 40.6 11.1  0.0  0.0  0.0  0.0  7.4  7.4  0.0 11.1
  7.4  0.0  0.0  0.0  0.0  0.0  7.4 18.5  0.0 11.1 70.1  7.4  0.0 88.6  0.0
  7.4  0.0  0.0  0.0  0.0  0.0  0.0  0.0  0.0  0.0  0.0  0.0  0.0  0.0  0.0
  0.0  0.0  0.0  0.0  0.0  0.0  0.0  0.0  0.0  0.0  0.0  0.0  0.0  0.0  0.0
  0.0  0.0  0.0  0.0  0.0  0.0  0.0  0.0  0.0  0.0  0.0  0.0  0.0  0.0  0.0
  0.0  0.0  0.0  0.0  0.0  0.0  0.0  0.0  0.0  0.0  0.0  0.0  0.0  0.0  0.0
  0.0  0.0  0.0  3.7  0.0  0.0  0.0  0.0 22.1 11.1 33.2  7.4  0.0  0.0 11.1
  3.7  0.0  0.0  0.0  0.0  0.0  7.4  7.4  0.0 11.1  3.7  0.0  0.0  3.7  0.0
    -22.25     -1.49     13.14     -3.65     11.88  0.0  0.0  0.0  0.0  0.0
                                     t000022_s7_p4_el2ap.txt 28.3  5.5  174
 11.5  0.0  0.0 34.5  0.0  0.0  0.0  0.0  0.0  5.7  0.0  0.0  0.0  0.0  0.0
  0.0  0.0  0.0  0.0  0.0  0.0350.6160.9 80.5 40.2  5.7  5.7  0.0  5.7  0.0
  0.0  0.0143.7  0.0  0.0 17.2  0.0  0.0  5.7  0.0  0.0  0.0  0.0  0.0  0.0
  5.7  5.7  5.7  0.0  0.0  0.0  5.7  5.7  0.0  5.7103.4  5.7  5.7 86.2  0.0
  5.7  0.0  0.0  0.0  0.0  0.0  0.0  0.0  0.0  0.0  0.0  0.0  0.0  0.0  0.0
  0.0  0.0  0.0  0.0  0.0  5.7  0.0  0.0  0.0  0.0  0.0  0.0  0.0  0.0  0.0
  0.0  0.0  0.0  0.0  0.0  0.0  0.0  0.0  0.0  0.0  0.0  0.0  0.0  0.0  0.0
  5.7  0.0  0.0  5.7  0.0  0.0  0.0  0.0  0.0  0.0  0.0  0.0  0.0  0.0  0.0
  0.0  0.0  0.0  0.0  0.0  0.0  0.0  0.0 23.0 17.2 23.0  5.7  0.0 17.2 11.5
  0.0  0.0  0.0  0.0  5.7  0.0  5.7 28.7  0.0  5.7  0.0  0.0 11.5  0.0  0.0
    -30.07     -3.04     13.35     -4.75     -1.77  0.0  0.0  0.0  0.0  0.0
                                     t000022_s7_p5_el2ap.txt 31.3  5.0  267
  3.7  0.0  0.0 97.4  0.0  0.0  0.0  0.0  3.7 33.7  0.0  3.7  0.0  0.0  0.0
  3.7  0.0  0.0  7.5  0.0  0.0258.4138.6 52.4  3.7 11.2  7.5  7.5  0.0 11.2
  0.0  0.0 86.1  7.5  0.0 48.7  3.7  3.7  0.0  0.0  3.7  7.5  7.5 11.2  0.0
  3.7  3.7  3.7  3.7  0.0  7.5 15.0 15.0  0.0 11.2 67.4 15.0  7.5112.4  7.5
  3.7  0.0  0.0  0.0  0.0  0.0  0.0  0.0  0.0  0.0  0.0  0.0  0.0  0.0  0.0
  0.0  0.0  0.0  0.0  0.0  0.0  0.0  0.0  0.0  3.7  0.0  0.0  0.0  0.0  0.0
  0.0  0.0  0.0  0.0  0.0  3.7  0.0  3.7  0.0  0.0  0.0  0.0  0.0  0.0  0.0
  0.0  3.7  0.0  3.7  0.0  7.5  7.5  0.0  0.0  0.0  0.0  0.0  0.0  0.0  0.0
  0.0  0.0  0.0  0.0  0.0  0.0  0.0  0.0 11.2 11.2 30.0 15.0  7.5  7.5  7.5
  0.0  3.7  0.0  0.0  0.0  7.5  0.0 15.0  7.5  3.7  7.5  0.0  3.7  0.0  0.0
    -13.38     -2.28      7.67     -0.93      3.97  0.0  0.0  0.0  0.0  0.0
                                     t000022_s7_p6_el2ap.txt 18.5  5.7  105
  9.5  0.0  0.0 76.2  0.0  0.0  9.5  0.0  0.0  0.0  0.0  0.0  0.0  0.0  0.0
  0.0  0.0  0.0 19.0  0.0  0.0304.8152.4 66.7 28.6  0.0  0.0  0.0  0.0  9.5
  0.0  0.0152.4  0.0  0.0 38.1  9.5  0.0  0.0  0.0  0.0  0.0  9.5  9.5  0.0
  0.0  0.0  0.0  0.0  0.0  0.0 19.0  9.5  0.0  9.5 76.2  0.0  9.5104.8  0.0
  9.5  0.0  0.0  0.0  0.0  0.0  0.0  0.0  0.0  0.0  0.0  0.0  0.0  0.0  0.0
  0.0  0.0  0.0  0.0  0.0  0.0  0.0  0.0  0.0  0.0  0.0  0.0  0.0  0.0  0.0
  0.0  0.0  0.0  0.0  0.0  0.0  0.0  0.0  0.0  0.0  0.0  0.0  0.0  0.0  0.0
  0.0  0.0  0.0  0.0  0.0  0.0  0.0  0.0  0.0  0.0  0.0  0.0  0.0  0.0  0.0
  0.0  0.0  0.0  0.0  0.0  0.0  0.0  0.0 28.6  9.5 19.0 19.0  0.0  0.0  9.5
  0.0  9.5  0.0  0.0  0.0  9.5  0.0  0.0  0.0 19.0  9.5  0.0  0.0  9.5  0.0
    -21.88     -4.79     14.15     -6.61      3.77  9.5  0.0  0.0  0.0  0.0
                                     t000022_s7_p7_el2ap.txt 26.8  5.1  169
  5.9  0.0  0.0 23.7  0.0  0.0  0.0  0.0  0.0  0.0  0.0  0.0  0.0  0.0  0.0
  0.0  0.0  0.0 11.8  0.0  0.0378.7136.1 35.5 17.8  0.0  0.0  0.0  0.0  5.9
  0.0  5.9 88.8  0.0  0.0 17.8 17.8  0.0  0.0  0.0  0.0  0.0  0.0 23.7  0.0
  5.9  0.0  0.0  0.0  0.0  0.0 17.8 29.6  0.0  5.9 47.3  0.0  0.0 71.0  0.0
  5.9  0.0  0.0  0.0  0.0  0.0  0.0  0.0  0.0  0.0  0.0  0.0  0.0  0.0  0.0
  0.0  0.0  0.0  0.0  0.0  0.0  0.0  0.0  0.0  0.0  0.0  0.0  0.0  0.0  0.0
  0.0  0.0  0.0  0.0  0.0  0.0  0.0  0.0  0.0  0.0  0.0  0.0  0.0  0.0  0.0
  0.0  0.0  0.0  0.0  0.0  0.0  0.0  0.0  0.0  0.0  0.0  0.0  0.0  0.0  0.0
  0.0  0.0  0.0  0.0  0.0  0.0  0.0  0.0  5.9 11.8 29.6  5.9  0.0  0.0  5.9
  0.0  0.0  0.0  0.0  0.0  5.9  0.0  5.9  5.9 11.8  0.0 11.8  0.0  0.0  0.0
    -25.66     -5.14     11.28     -6.61      1.87  0.0  0.0  0.0  0.0  0.0
                                     t000022_s7_p8_el2ap.txt 29.0  5.4  248
 12.1  0.0  0.0 24.2  0.0  0.0  4.0  0.0 16.1  4.0  0.0  4.0  0.0  4.0  0.0
  0.0  0.0  0.0 16.1  0.0  0.0314.5157.3 68.5 44.4  8.1  0.0  0.0  0.0  0.0
  0.0  0.0137.1  8.1  8.1 12.1  0.0  0.0  0.0  0.0  0.0  0.0  0.0 20.2  4.0
  4.0  0.0  4.0  0.0  0.0  0.0 20.2 28.2  0.0  0.0 80.6 24.2  0.0 92.7 16.1
 12.1  0.0  0.0  0.0  0.0  0.0  0.0  0.0  0.0  0.0  0.0  0.0  0.0  0.0  0.0
  0.0  0.0  0.0  4.0  0.0  0.0  0.0  0.0  0.0  0.0  0.0  0.0  0.0  0.0  0.0
  0.0  0.0  0.0  0.0  0.0  0.0  0.0  0.0  0.0  0.0  0.0  0.0  0.0  0.0  0.0
  4.0  0.0  0.0  4.0  0.0  0.0  0.0  0.0  0.0  0.0  0.0  0.0  0.0  0.0  0.0
  0.0  4.0  0.0  0.0  0.0  0.0  0.0  0.0 16.1  0.0 36.3 12.1  4.0 12.1  0.0
  4.0  0.0  0.0  0.0  0.0  4.0  4.0  8.1  8.1  4.0  0.0  4.0  4.0  4.0  0.0
    -19.18     -3.91      5.13     -6.61      3.83  4.0  0.0  0.0  0.0  0.0
                                     t000022_s7_p9_el2ap.txt 18.8  5.4  114
  8.8  0.0  0.0 43.9  0.0  0.0  8.8  0.0 26.3  8.8  0.0  0.0  0.0  0.0  0.0
  0.0  0.0  0.0  0.0  0.0  0.0315.8184.2105.3 17.5  0.0  0.0  0.0  0.0  0.0
  0.0  0.0 87.7  0.0  8.8 17.5  0.0  0.0  0.0  0.0  0.0  0.0  8.8  0.0  0.0
  0.0  0.0  8.8  8.8  0.0  0.0  0.0  0.0  0.0  0.0105.3 26.3  0.0 87.7 17.5
  8.8  0.0  0.0  0.0  0.0  0.0  0.0  0.0  0.0  0.0  0.0  0.0  0.0  0.0  0.0
  0.0  0.0  0.0  0.0  0.0  8.8  0.0  0.0  0.0  0.0  0.0  0.0  0.0  0.0  0.0
  0.0  0.0  0.0  0.0  0.0  0.0  0.0  0.0  0.0  0.0  0.0  0.0  0.0  0.0  0.0
  8.8  0.0  0.0  8.8  0.0  0.0  0.0  0.0  0.0  0.0  0.0  0.0  0.0  0.0  0.0
  0.0  0.0  0.0  0.0  0.0  0.0  0.0  0.0  8.8  8.8  8.8 26.3  0.0  8.8 26.3
  0.0  8.8  0.0  0.0  0.0 17.5  8.8  0.0  8.8  8.8  0.0  8.8  0.0  0.0  0.0
    -27.87     -5.15      3.49     -6.61      1.86  0.0  0.0  0.0  0.0  0.0
                                     t000023_s1_p1_el2ap.txt 21.0  5.3  116
  0.0  0.0  0.0 25.9  0.0  0.0  0.0  0.0 17.2  0.0  0.0  0.0  0.0  0.0  0.0
  0.0  0.0  0.0  0.0  0.0  0.0474.1 86.2103.4 43.1  0.0  0.0 17.2  0.0  0.0
  8.6  8.6 34.5  0.0  0.0 17.2  0.0  0.0  0.0  0.0  0.0  0.0  0.0  8.6  0.0
  8.6  0.0  0.0  0.0  0.0  0.0  8.6 17.2  0.0  8.6146.6 17.2  0.0 77.6  0.0
  0.0  0.0  0.0  0.0  0.0  0.0  0.0  0.0  0.0  0.0  0.0  0.0  0.0  0.0  0.0
  0.0  0.0  0.0  0.0  0.0  0.0  0.0  0.0  0.0  0.0  0.0  0.0  0.0  0.0  0.0
  0.0  0.0  0.0  0.0  0.0  0.0  0.0  0.0  0.0  0.0  0.0  0.0  0.0  0.0  0.0
  0.0  0.0  0.0  0.0  0.0  0.0  0.0  0.0  0.0  0.0  0.0  0.0  0.0  0.0  0.0
  0.0  0.0  0.0  0.0  0.0  0.0  0.0  8.6  8.6  0.0  8.6  0.0 34.5  8.6 25.9
  0.0 17.2  0.0  0.0  0.0  8.6  0.0  0.0  0.0 17.2  0.0  8.6  0.0  0.0  0.0
    -32.80     -1.12     13.42     -6.61      0.46  0.0  0.0  0.0  0.0  0.0
                                    t000023_s14_p1_el2ap.txt 30.8  5.1  170
  0.0  0.0  0.0  5.9  0.0  0.0  0.0  0.0  5.9  0.0  0.0  0.0  0.0  0.0  0.0
  0.0  0.0  0.0 11.8  0.0  0.0447.1 76.5 58.8 35.3  0.0  0.0  0.0  0.0  0.0
  0.0  0.0 41.2  0.0 17.6 23.5  0.0  0.0  0.0  0.0  0.0  0.0  5.9 35.3  0.0
  0.0  0.0  0.0  0.0  5.9  0.0 11.8 35.3  0.0  0.0 70.6  5.9  0.0 47.1  5.9
  0.0  0.0  0.0  0.0  0.0  0.0  0.0  0.0  0.0  0.0  0.0  0.0  0.0  0.0  0.0
  0.0  0.0  0.0  0.0  0.0  0.0  0.0  0.0  0.0  0.0  0.0  0.0  0.0  0.0  0.0
  0.0  0.0  0.0  0.0  0.0  0.0  0.0  0.0  0.0  0.0  0.0  0.0  0.0  0.0  0.0
  0.0  0.0  0.0  0.0  0.0  0.0  0.0  0.0  0.0  0.0  0.0  0.0  0.0  0.0  0.0
  0.0  5.9  0.0  0.0  0.0  0.0  0.0  0.0 17.6  5.9 29.4 11.8 41.2 11.8  5.9
  0.0  0.0  0.0  0.0  0.0  5.9  0.0 11.8  0.0 11.8  0.0  0.0  0.0  0.0  0.0
    -27.23     -4.57     -2.69     -6.61      5.40  0.0  0.0  0.0  0.0  0.0
                                    t000023_s14_p2_el2ap.txt 16.5  5.1   86
  0.0  0.0  0.0 23.3  0.0  0.0  0.0  0.0  0.0  0.0  0.0  0.0  0.0  0.0  0.0
  0.0  0.0  0.0 11.6  0.0  0.0395.3139.5 34.9 34.9  0.0  0.0  0.0  0.0  0.0
  0.0  0.0 58.1  0.0  0.0 11.6  0.0  0.0  0.0  0.0  0.0  0.0  0.0 34.9  0.0
 11.6  0.0  0.0  0.0  0.0  0.0 11.6 46.5  0.0  0.0 58.1  0.0  0.0 58.1  0.0
  0.0  0.0  0.0  0.0  0.0  0.0  0.0  0.0  0.0  0.0  0.0  0.0  0.0  0.0  0.0
  0.0  0.0  0.0  0.0  0.0  0.0  0.0  0.0  0.0  0.0  0.0  0.0  0.0  0.0  0.0
  0.0  0.0  0.0  0.0  0.0  0.0  0.0  0.0  0.0  0.0 23.3  0.0  0.0  0.0  0.0
  0.0  0.0  0.0  0.0  0.0  0.0  0.0 23.3  0.0  0.0  0.0  0.0  0.0  0.0  0.0
  0.0  0.0  0.0  0.0  0.0  0.0  0.0  0.0 11.6  0.0 23.3 11.6  0.0 11.6  0.0
  0.0  0.0  0.0  0.0  0.0  0.0  0.0  0.0 23.3 23.3  0.0  0.0  0.0  0.0  0.0
    -26.89     -4.58      4.35     -6.61      5.41  0.0  0.0  0.0  0.0  0.0
                                     t000023_s2_p1_el2ap.txt 11.0  5.4   49
 20.4  0.0  0.0 61.2  0.0  0.0  0.0  0.0 40.8  0.0  0.0  0.0  0.0  0.0  0.0
  0.0  0.0  0.0  0.0  0.0  0.0428.6122.4 40.8  0.0  0.0  0.0  0.0  0.0  0.0
  0.0  0.0102.0  0.0  0.0  0.0  0.0  0.0  0.0  0.0  0.0  0.0  0.0  0.0  0.0
  0.0  0.0  0.0  0.0 20.4  0.0  0.0  0.0  0.0  0.0 81.6 40.8  0.0102.0  0.0
  0.0  0.0  0.0  0.0  0.0  0.0  0.0  0.0  0.0  0.0  0.0  0.0  0.0  0.0  0.0
  0.0  0.0  0.0  0.0  0.0  0.0  0.0 20.4  0.0  0.0  0.0  0.0  0.0  0.0  0.0
  0.0  0.0  0.0  0.0  0.0  0.0 20.4  0.0  0.0  0.0  0.0  0.0  0.0  0.0  0.0
  0.0 20.4  0.0 20.4  0.0 20.4 20.4  0.0  0.0  0.0  0.0  0.0  0.0  0.0  0.0
  0.0  0.0  0.0  0.0  0.0  0.0  0.0  0.0 40.8  0.0  0.0 20.4 20.4 20.4  0.0
  0.0  0.0  0.0  0.0  0.0  0.0  0.0  0.0  0.0  0.0  0.0  0.0  0.0  0.0  0.0
    -25.96     -5.73      8.06     -6.61     -3.63  0.0  0.0 20.4  0.0  0.0
                                    t000023_s20_p1_el2ap.txt  8.5  4.8   39
  0.0  0.0  0.0 25.6  0.0  0.0  0.0  0.0  0.0  0.0  0.0  0.0  0.0 25.6  0.0
  0.0  0.0  0.0  0.0  0.0  0.0384.6153.8 51.3 51.3 25.6  0.0  0.0  0.0  0.0
 25.6  0.0 25.6 25.6  0.0  0.0  0.0  0.0  0.0  0.0  0.0 25.6  0.0 51.3  0.0
 25.6  0.0  0.0  0.0  0.0  0.0  0.0 76.9  0.0 25.6 51.3 25.6  0.0 76.9  0.0
  0.0  0.0  0.0  0.0  0.0  0.0  0.0  0.0  0.0  0.0  0.0  0.0  0.0  0.0  0.0
  0.0  0.0  0.0  0.0  0.0  0.0  0.0  0.0  0.0  0.0  0.0  0.0  0.0  0.0  0.0
  0.0  0.0  0.0  0.0  0.0  0.0  0.0  0.0  0.0  0.0  0.0  0.0  0.0  0.0  0.0
  0.0  0.0  0.0  0.0  0.0  0.0  0.0  0.0  0.0  0.0  0.0  0.0  0.0  0.0  0.0
  0.0  0.0  0.0  0.0  0.0  0.0  0.0  0.0  0.0  0.0  0.0  0.0 25.6 51.3  0.0
  0.0  0.0  0.0  0.0  0.0  0.0  0.0  0.0  0.0 51.3  0.0  0.0  0.0  0.0  0.0
    -16.73     -2.90     18.74      3.65     12.41  0.0  0.0  0.0  0.0  0.0
                                   t000023_s20_p10_el2ap.txt  3.5  7.3   14
  0.0  0.0  0.0  0.0  0.0  0.0  0.0  0.0  0.0  0.0  0.0  0.0  0.0  0.0  0.0
  0.0  0.0  0.0 71.4  0.0  0.0285.7142.9142.9 71.4  0.0  0.0  0.0  0.0  0.0
  0.0  0.0142.9  0.0  0.0  0.0  0.0  0.0  0.0  0.0  0.0  0.0  0.0 71.4  0.0
  0.0  0.0  0.0  0.0  0.0  0.0 71.4 71.4  0.0  0.0285.7  0.0  0.0 71.4  0.0
  0.0  0.0  0.0  0.0  0.0  0.0  0.0  0.0  0.0  0.0  0.0  0.0  0.0  0.0  0.0
  0.0  0.0  0.0  0.0  0.0  0.0  0.0  0.0  0.0  0.0  0.0  0.0  0.0  0.0  0.0
  0.0  0.0  0.0  0.0  0.0  0.0  0.0  0.0  0.0  0.0  0.0  0.0  0.0  0.0  0.0
  0.0  0.0  0.0  0.0  0.0  0.0  0.0  0.0  0.0  0.0  0.0  0.0  0.0  0.0  0.0
  0.0  0.0  0.0  0.0  0.0  0.0  0.0  0.0  0.0  0.0  0.0  0.0  0.0  0.0 71.4
  0.0  0.0  0.0  0.0  0.0  0.0  0.0  0.0  0.0  0.0  0.0  0.0  0.0  0.0  0.0
    -23.30     -3.38     10.89     -6.61      7.20  0.0  0.0  0.0  0.0  0.0
                                   t000023_s20_p11_el2ap.txt  8.5  4.6   38
  0.0  0.0  0.0  0.0  0.0  0.0  0.0  0.0 26.3  0.0  0.0  0.0  0.0  0.0  0.0
  0.0  0.0  0.0  0.0  0.0  0.0342.1 26.3 52.6 52.6  0.0  0.0  0.0  0.0  0.0
  0.0  0.0 26.3  0.0  0.0 26.3  0.0  0.0  0.0  0.0  0.0  0.0  0.0  0.0  0.0
  0.0  0.0  0.0  0.0  0.0  0.0  0.0  0.0  0.0  0.0131.6 26.3  0.0 52.6  0.0
  0.0  0.0  0.0  0.0  0.0  0.0  0.0  0.0  0.0  0.0  0.0  0.0  0.0  0.0  0.0
  0.0  0.0  0.0  0.0  0.0  0.0  0.0  0.0  0.0  0.0  0.0  0.0  0.0  0.0  0.0
  0.0  0.0  0.0  0.0  0.0  0.0  0.0  0.0  0.0  0.0  0.0  0.0  0.0  0.0  0.0
  0.0  0.0  0.0  0.0  0.0  0.0  0.0  0.0  0.0  0.0  0.0  0.0  0.0  0.0  0.0
  0.0  0.0  0.0  0.0  0.0  0.0  0.0  0.0  0.0  0.0  0.0 26.3 26.3 26.3  0.0
  0.0  0.0  0.0  0.0  0.0  0.0  0.0  0.0  0.0  0.0  0.0  0.0  0.0  0.0  0.0
    -22.67     -4.00      1.31     -6.61     -3.63  0.0  0.0  0.0  0.0  0.0
                                   t000023_s20_p12_el2ap.txt  4.0  5.8   16
  0.0  0.0  0.0 62.5  0.0  0.0  0.0  0.0  0.0  0.0  0.0  0.0  0.0  0.0 62.5
  0.0  0.0  0.0  0.0  0.0  0.0312.5187.5  0.0  0.0  0.0  0.0  0.0  0.0  0.0
  0.0  0.0 62.5  0.0  0.0125.0  0.0  0.0  0.0  0.0  0.0  0.0 62.5  0.0  0.0
  0.0  0.0  0.0  0.0  0.0  0.0  0.0  0.0  0.0  0.0 62.5  0.0  0.0 62.5  0.0
  0.0  0.0  0.0  0.0  0.0  0.0  0.0  0.0  0.0  0.0  0.0  0.0  0.0  0.0  0.0
  0.0  0.0  0.0  0.0  0.0  0.0  0.0  0.0  0.0  0.0  0.0  0.0  0.0  0.0  0.0
  0.0  0.0  0.0  0.0  0.0  0.0  0.0  0.0  0.0  0.0  0.0  0.0  0.0  0.0  0.0
  0.0  0.0  0.0  0.0  0.0  0.0  0.0  0.0  0.0  0.0  0.0  0.0  0.0  0.0  0.0
  0.0  0.0  0.0  0.0  0.0  0.0  0.0  0.0  0.0  0.0 62.5  0.0  0.0  0.0  0.0
  0.0  0.0  0.0  0.0  0.0  0.0  0.0  0.0  0.0  0.0  0.0  0.0  0.0  0.0  0.0
     20.49     -5.73     -1.79     -6.61     35.44  0.0  0.0  0.0  0.0  0.0
                                   t000023_s20_p13_el2ap.txt  3.8  6.5   15
  0.0  0.0  0.0 66.7  0.0  0.0  0.0  0.0  0.0  0.0  0.0  0.0  0.0  0.0  0.0
  0.0  0.0  0.0  0.0  0.0  0.0266.7200.0200.0 66.7  0.0  0.0  0.0  0.0  0.0
  0.0 66.7133.3  0.0  0.0  0.0  0.0  0.0  0.0  0.0  0.0  0.0  0.0 66.7  0.0
  0.0  0.0  0.0  0.0  0.0  0.0 66.7 66.7  0.0  0.0200.0  0.0  0.0133.3  0.0
  0.0  0.0  0.0  0.0  0.0  0.0  0.0  0.0  0.0  0.0  0.0  0.0  0.0  0.0  0.0
  0.0  0.0  0.0  0.0  0.0  0.0  0.0  0.0  0.0  0.0  0.0  0.0  0.0  0.0  0.0
  0.0  0.0  0.0  0.0  0.0  0.0  0.0  0.0  0.0  0.0  0.0  0.0  0.0  0.0  0.0
  0.0  0.0  0.0  0.0  0.0  0.0  0.0  0.0  0.0  0.0  0.0  0.0  0.0  0.0  0.0
  0.0  0.0  0.0  0.0  0.0  0.0  0.0  0.0  0.0  0.0  0.0  0.0  0.0  0.0 66.7
  0.0  0.0  0.0  0.0  0.0  0.0  0.0  0.0  0.0  0.0  0.0  0.0  0.0  0.0  0.0
    -38.95     -3.53     34.92     -6.61      6.47  0.0  0.0  0.0  0.0  0.0
                                   t000023_s20_p14_el2ap.txt 10.5  5.3   46
  0.0  0.0  0.0  0.0  0.0  0.0  0.0  0.0 21.7  0.0  0.0  0.0  0.0  0.0  0.0
  0.0  0.0  0.0  0.0  0.0  0.0326.1 43.5 87.0 65.2  0.0  0.0  0.0  0.0  0.0
  0.0  0.0 43.5  0.0  0.0 65.2  0.0  0.0  0.0  0.0  0.0  0.0  0.0  0.0  0.0
  0.0  0.0  0.0  0.0  0.0  0.0  0.0  0.0  0.0  0.0152.2 21.7  0.0 65.2  0.0
  0.0  0.0  0.0  0.0  0.0  0.0  0.0  0.0  0.0  0.0  0.0  0.0  0.0  0.0  0.0
  0.0  0.0  0.0  0.0  0.0  0.0  0.0  0.0  0.0  0.0  0.0  0.0  0.0  0.0  0.0
  0.0  0.0  0.0  0.0  0.0  0.0  0.0  0.0  0.0  0.0  0.0  0.0  0.0  0.0  0.0
  0.0  0.0  0.0  0.0  0.0  0.0  0.0  0.0  0.0  0.0  0.0  0.0  0.0  0.0  0.0
  0.0  0.0  0.0  0.0  0.0  0.0  0.0  0.0  0.0  0.0  0.0 43.5 21.7 21.7  0.0
  0.0  0.0  0.0  0.0  0.0  0.0  0.0  0.0  0.0  0.0  0.0  0.0 21.7  0.0  0.0
    -26.70     -3.58      0.29     -6.61     -3.63  0.0  0.0  0.0  0.0  0.0
                                   t000023_s20_p15_el2ap.txt  6.8  4.3   28
  0.0  0.0  0.0  0.0  0.0  0.0  0.0  0.0  0.0  0.0  0.0  0.0  0.0  0.0  0.0
  0.0  0.0  0.0  0.0  0.0  0.0357.1142.9 35.7  0.0  0.0  0.0  0.0  0.0  0.0
  0.0  0.0 71.4  0.0  0.0  0.0  0.0  0.0  0.0  0.0  0.0  0.0  0.0  0.0  0.0
  0.0  0.0  0.0  0.0  0.0  0.0  0.0  0.0  0.0  0.0 35.7  0.0  0.0  0.0  0.0
  0.0  0.0  0.0  0.0  0.0  0.0  0.0  0.0  0.0  0.0  0.0  0.0  0.0  0.0  0.0
  0.0  0.0  0.0  0.0  0.0  0.0  0.0  0.0  0.0  0.0  0.0  0.0  0.0  0.0  0.0
  0.0  0.0  0.0  0.0  0.0  0.0  0.0  0.0  0.0  0.0 35.7  0.0  0.0  0.0  0.0
  0.0  0.0  0.0  0.0  0.0  0.0  0.0 35.7  0.0  0.0  0.0  0.0  0.0  0.0  0.0
  0.0  0.0  0.0  0.0  0.0  0.0  0.0  0.0  0.0  0.0 35.7  0.0 35.7 35.7  0.0
  0.0  0.0  0.0  0.0  0.0  0.0  0.0  0.0  0.0  0.0  0.0  0.0  0.0  0.0  0.0
    -26.99     -5.73      5.93     -6.61     -3.63  0.0 35.7  0.0  0.0  0.0
                                   t000023_s20_p16_el2ap.txt  3.5  6.3   15
  0.0  0.0  0.0  0.0  0.0  0.0  0.0  0.0  0.0  0.0  0.0  0.0  0.0  0.0  0.0
  0.0  0.0  0.0  0.0  0.0  0.0266.7266.7133.3 66.7  0.0  0.0  0.0  0.0  0.0
  0.0 66.7 66.7  0.0  0.0  0.0  0.0  0.0  0.0  0.0  0.0  0.0  0.0 66.7  0.0
  0.0  0.0  0.0  0.0  0.0  0.0 66.7 66.7  0.0  0.0266.7  0.0  0.0 66.7  0.0
  0.0  0.0  0.0  0.0  0.0  0.0  0.0  0.0  0.0  0.0  0.0  0.0  0.0  0.0  0.0
  0.0  0.0  0.0  0.0  0.0  0.0  0.0  0.0  0.0  0.0  0.0  0.0  0.0  0.0  0.0
  0.0  0.0  0.0  0.0  0.0  0.0  0.0  0.0  0.0  0.0  0.0  0.0  0.0  0.0  0.0
  0.0  0.0  0.0  0.0  0.0  0.0  0.0  0.0  0.0  0.0  0.0  0.0  0.0  0.0  0.0
  0.0  0.0  0.0  0.0  0.0  0.0  0.0  0.0  0.0  0.0  0.0  0.0  0.0  0.0  0.0
  0.0  0.0  0.0  0.0  0.0  0.0  0.0  0.0  0.0  0.0  0.0  0.0  0.0  0.0  0.0
    -39.64     -3.53     30.29     -6.61      6.47  0.0  0.0  0.0  0.0  0.0
                                   t000023_s20_p17_el2ap.txt  9.5  4.6   42
  0.0  0.0  0.0  0.0  0.0  0.0  0.0  0.0 23.8  0.0  0.0  0.0  0.0  0.0  0.0
  0.0  0.0  0.0  0.0  0.0  0.0333.3 47.6 47.6 23.8  0.0  0.0  0.0  0.0  0.0
  0.0  0.0 71.4  0.0  0.0 47.6  0.0  0.0  0.0  0.0  0.0  0.0  0.0  0.0  0.0
  0.0  0.0  0.0  0.0  0.0  0.0  0.0  0.0  0.0  0.0166.7 23.8  0.0 23.8  0.0
  0.0  0.0  0.0  0.0  0.0  0.0  0.0  0.0  0.0  0.0  0.0  0.0  0.0  0.0  0.0
  0.0  0.0  0.0  0.0  0.0  0.0  0.0  0.0  0.0  0.0  0.0  0.0  0.0  0.0  0.0
  0.0  0.0  0.0  0.0  0.0  0.0  0.0  0.0  0.0  0.0  0.0  0.0  0.0  0.0  0.0
  0.0  0.0  0.0  0.0  0.0  0.0  0.0  0.0  0.0  0.0  0.0  0.0  0.0  0.0  0.0
  0.0  0.0  0.0  0.0  0.0  0.0  0.0  0.0  0.0  0.0  0.0 23.8 23.8 23.8  0.0
  0.0  0.0  0.0  0.0  0.0  0.0  0.0  0.0  0.0  0.0  0.0  0.0  0.0  0.0  0.0
    -23.07     -4.94      3.23     -6.61     -3.63  0.0  0.0  0.0  0.0  0.0
                                   t000023_s20_p18_el2ap.txt  7.5  5.7   31
  0.0  0.0  0.0  0.0  0.0  0.0  0.0  0.0  0.0 32.3  0.0  0.0  0.0  0.0  0.0
  0.0  0.0  0.0 32.3  0.0  0.0451.6129.0129.0  0.0  0.0  0.0  0.0  0.0  0.0
  0.0  0.0 64.5  0.0  0.0 32.3  0.0  0.0  0.0  0.0  0.0  0.0  0.0  0.0  0.0
  0.0  0.0  0.0  0.0  0.0  0.0 32.3  0.0  0.0  0.0129.0  0.0  0.0  0.0  0.0
  0.0  0.0  0.0  0.0  0.0  0.0  0.0  0.0  0.0  0.0  0.0  0.0  0.0  0.0  0.0
  0.0  0.0  0.0  0.0  0.0  0.0  0.0  0.0  0.0  0.0  0.0  0.0  0.0  0.0  0.0
  0.0  0.0  0.0  0.0  0.0  0.0  0.0  0.0  0.0  0.0  0.0  0.0  0.0  0.0  0.0
  0.0  0.0  0.0  0.0  0.0  0.0  0.0  0.0  0.0  0.0  0.0  0.0  0.0  0.0  0.0
  0.0  0.0  0.0  0.0  0.0  0.0  0.0  0.0  0.0  0.0 32.3 32.3 32.3  0.0  0.0
  0.0  0.0  0.0  0.0  0.0  0.0  0.0  0.0  0.0  0.0  0.0  0.0  0.0  0.0  0.0
    -26.36     -5.73      3.62     -6.61     -3.63  0.0  0.0  0.0  0.0  0.0
                                   t000023_s20_p19_el2ap.txt  4.3  6.3   18
  0.0  0.0  0.0  0.0  0.0  0.0  0.0  0.0  0.0  0.0  0.0  0.0  0.0  0.0  0.0
  0.0  0.0  0.0  0.0  0.0  0.0333.3111.1166.7 55.6  0.0  0.0  0.0  0.0  0.0
  0.0 55.6 55.6  0.0  0.0  0.0  0.0  0.0  0.0  0.0  0.0  0.0  0.0 55.6  0.0
  0.0  0.0  0.0 55.6  0.0  0.0 55.6 55.6  0.0  0.0222.2  0.0  0.0 55.6  0.0
  0.0  0.0  0.0  0.0  0.0  0.0  0.0  0.0  0.0  0.0  0.0  0.0  0.0  0.0  0.0
  0.0  0.0  0.0  0.0  0.0  0.0  0.0  0.0  0.0  0.0  0.0  0.0  0.0  0.0  0.0
  0.0  0.0  0.0  0.0  0.0  0.0  0.0  0.0  0.0  0.0  0.0  0.0  0.0  0.0  0.0
  0.0  0.0  0.0  0.0  0.0  0.0  0.0  0.0  0.0  0.0  0.0  0.0  0.0  0.0  0.0
  0.0  0.0  0.0  0.0  0.0  0.0  0.0  0.0  0.0  0.0  0.0  0.0  0.0  0.0  0.0
  0.0  0.0  0.0  0.0  0.0  0.0  0.0  0.0  0.0  0.0  0.0  0.0  0.0  0.0  0.0
    -37.02     -3.90     25.41     -6.61      4.79  0.0  0.0  0.0  0.0  0.0
                                    t000023_s20_p2_el2ap.txt 13.0  5.0   64
  0.0  0.0  0.0  0.0  0.0  0.0  0.0  0.0 15.6  0.0  0.0  0.0  0.0  0.0  0.0
  0.0  0.0  0.0  0.0  0.0  0.0343.8 46.9 62.5 15.6  0.0  0.0  0.0  0.0  0.0
  0.0  0.0 46.9  0.0  0.0 62.5  0.0  0.0  0.0  0.0  0.0  0.0  0.0  0.0  0.0
  0.0  0.0  0.0 31.3  0.0  0.0  0.0  0.0  0.0  0.0203.1 15.6  0.0 15.6  0.0
  0.0  0.0  0.0  0.0  0.0  0.0  0.0  0.0  0.0  0.0  0.0  0.0  0.0  0.0  0.0
  0.0  0.0  0.0  0.0  0.0  0.0  0.0  0.0  0.0  0.0  0.0  0.0  0.0  0.0  0.0
  0.0  0.0  0.0  0.0  0.0  0.0  0.0  0.0  0.0  0.0  0.0  0.0  0.0  0.0  0.0
  0.0  0.0  0.0  0.0  0.0  0.0  0.0  0.0  0.0  0.0  0.0  0.0  0.0  0.0  0.0
  0.0  0.0  0.0  0.0  0.0  0.0  0.0  0.0  0.0 31.3  0.0 15.6 31.3 15.6  0.0
  0.0  0.0  0.0  0.0  0.0  0.0  0.0  0.0  0.0  0.0  0.0  0.0  0.0  0.0  0.0
    -25.53     -5.21      0.68     -6.61     -3.63  0.0  0.0  0.0  0.0  0.0
                                   t000023_s20_p20_el2ap.txt 14.3  4.7   63
  0.0  0.0  0.0 15.9  0.0  0.0  0.0  0.0 15.9  0.0  0.0  0.0  0.0  0.0  0.0
  0.0  0.0  0.0  0.0  0.0  0.0269.8 79.4 79.4 31.7  0.0  0.0  0.0  0.0  0.0
  0.0 15.9 63.5  0.0 15.9 47.6  0.0  0.0  0.0  0.0  0.0  0.0  0.0  0.0  0.0
  0.0  0.0  0.0  0.0  0.0  0.0 15.9  0.0  0.0  0.0190.5 15.9  0.0 47.6  0.0
  0.0  0.0  0.0  0.0  0.0  0.0  0.0  0.0  0.0  0.0  0.0  0.0  0.0  0.0  0.0
  0.0  0.0  0.0  0.0  0.0  0.0  0.0  0.0  0.0  0.0  0.0  0.0  0.0  0.0  0.0
  0.0  0.0  0.0  0.0  0.0  0.0  0.0  0.0  0.0  0.0  0.0  0.0  0.0  0.0  0.0
  0.0  0.0  0.0  0.0  0.0  0.0  0.0  0.0  0.0  0.0  0.0  0.0  0.0  0.0  0.0
  0.0  0.0  0.0  0.0  0.0  0.0  0.0  0.0  0.0  0.0  0.0 15.9 15.9 15.9  0.0
  0.0  0.0  0.0  0.0  0.0  0.0  0.0  0.0  0.0  0.0  0.0  0.0  0.0  0.0  0.0
    -24.40     -4.68      3.89     -6.61     -3.63  0.0  0.0  0.0  0.0  0.0
                                   t000023_s20_p21_el2ap.txt 15.8  4.9   85
 11.8  0.0  0.0 58.8  0.0  0.0  0.0  0.0  0.0 11.8 11.8  0.0  0.0  0.0  0.0
  0.0  0.0  0.0  0.0  0.0  0.0258.8 70.6 70.6 23.5  0.0  0.0  0.0  0.0  0.0
  0.0  0.0 11.8 11.8  0.0 58.8  0.0 11.8  0.0  0.0  0.0  0.0 23.5 23.5  0.0
  0.0  0.0 11.8 23.5  0.0 11.8  0.0 23.5  0.0  0.0141.2  0.0 11.8 94.1  0.0
  0.0  0.0  0.0  0.0  0.0  0.0  0.0  0.0  0.0  0.0  0.0  0.0  0.0  0.0  0.0
  0.0  0.0  0.0  0.0  0.0 11.8  0.0  0.0  0.0  0.0  0.0  0.0  0.0  0.0  0.0
  0.0  0.0  0.0  0.0  0.0  0.0  0.0  0.0  0.0  0.0 11.8  0.0  0.0  0.0  0.0
 11.8  0.0  0.0 11.8  0.0  0.0  0.0 11.8  0.0  0.0  0.0  0.0  0.0  0.0  0.0
  0.0  0.0  0.0  0.0  0.0  0.0  0.0 23.5  0.0  0.0 23.5  0.0  0.0  0.0  0.0
  0.0  0.0  0.0  0.0  0.0  0.0  0.0  0.0 11.8 23.5  0.0  0.0  0.0  0.0  0.0
    -19.08     -4.95     -4.91     -3.80     14.64  0.0  0.0  0.0  0.0  0.0
                                   t000023_s20_p22_el2ap.txt  8.0  5.1   37
  0.0  0.0  0.0 81.1  0.0  0.0  0.0  0.0  0.0 27.0 27.0  0.0  0.0  0.0  0.0
  0.0  0.0  0.0  0.0  0.0  0.0243.2135.1162.2  0.0  0.0 27.0  0.0  0.0  0.0
  0.0  0.0 81.1  0.0  0.0 54.1 27.0  0.0  0.0  0.0  0.0  0.0  0.0 27.0  0.0
  0.0 27.0  0.0  0.0  0.0  0.0 27.0 27.0  0.0  0.0189.2  0.0  0.0108.1  0.0
  0.0  0.0  0.0  0.0  0.0  0.0  0.0  0.0  0.0  0.0  0.0  0.0  0.0  0.0  0.0
  0.0  0.0  0.0  0.0  0.0  0.0  0.0  0.0  0.0  0.0  0.0  0.0  0.0  0.0  0.0
  0.0  0.0  0.0  0.0  0.0  0.0  0.0  0.0  0.0  0.0  0.0  0.0  0.0  0.0  0.0
  0.0  0.0  0.0  0.0  0.0  0.0  0.0  0.0  0.0  0.0  0.0  0.0  0.0  0.0  0.0
  0.0  0.0  0.0  0.0  0.0  0.0  0.0  0.0 27.0 27.0 54.1  0.0  0.0  0.0  0.0
  0.0  0.0 27.0  0.0  0.0  0.0  0.0 27.0  0.0 27.0  0.0  0.0  0.0  0.0  0.0
    -23.19     -0.53      3.53     -6.61      0.47  0.0  0.0  0.0  0.0  0.0
                                   t000023_s20_p23_el2ap.txt  3.5  6.7   15
  0.0  0.0  0.0  0.0  0.0  0.0  0.0  0.0  0.0  0.0  0.0  0.0  0.0  0.0  0.0
  0.0  0.0  0.0  0.0  0.0  0.0266.7266.7133.3 66.7  0.0  0.0  0.0  0.0  0.0
  0.0 66.7 66.7  0.0  0.0  0.0  0.0  0.0  0.0  0.0  0.0  0.0  0.0 66.7  0.0
  0.0  0.0  0.0  0.0  0.0  0.0 66.7 66.7  0.0  0.0266.7  0.0  0.0 66.7  0.0
  0.0  0.0  0.0  0.0  0.0  0.0  0.0  0.0  0.0  0.0  0.0  0.0  0.0  0.0  0.0
  0.0  0.0  0.0  0.0  0.0  0.0  0.0  0.0  0.0  0.0  0.0  0.0  0.0  0.0  0.0
  0.0  0.0  0.0  0.0  0.0  0.0  0.0  0.0  0.0  0.0  0.0  0.0  0.0  0.0  0.0
  0.0  0.0  0.0  0.0  0.0  0.0  0.0  0.0  0.0  0.0  0.0  0.0  0.0  0.0  0.0
  0.0  0.0  0.0  0.0  0.0  0.0  0.0  0.0  0.0  0.0  0.0  0.0  0.0  0.0  0.0
  0.0  0.0  0.0  0.0  0.0  0.0  0.0  0.0  0.0  0.0  0.0  0.0  0.0  0.0  0.0
    -40.64     -3.53     30.29     -6.61      6.47  0.0  0.0  0.0  0.0  0.0
                                   t000023_s20_p24_el2ap.txt  9.5  4.5   43
  0.0  0.0  0.0  0.0  0.0  0.0  0.0  0.0 23.3  0.0  0.0  0.0  0.0  0.0  0.0
  0.0  0.0  0.0  0.0  0.0  0.0325.6 23.3 46.5 23.3  0.0  0.0  0.0  0.0  0.0
  0.0  0.0 69.8  0.0  0.0 46.5  0.0  0.0  0.0  0.0  0.0  0.0  0.0  0.0  0.0
  0.0  0.0  0.0  0.0  0.0  0.0  0.0  0.0  0.0  0.0139.5 23.3  0.0 23.3  0.0
  0.0  0.0  0.0  0.0  0.0  0.0  0.0  0.0  0.0  0.0  0.0  0.0  0.0  0.0  0.0
  0.0  0.0  0.0  0.0  0.0  0.0  0.0  0.0  0.0  0.0  0.0  0.0  0.0  0.0  0.0
  0.0  0.0  0.0  0.0  0.0  0.0  0.0  0.0  0.0  0.0  0.0  0.0  0.0  0.0  0.0
  0.0  0.0  0.0  0.0  0.0  0.0  0.0  0.0  0.0  0.0  0.0  0.0  0.0  0.0  0.0
  0.0  0.0  0.0  0.0  0.0  0.0  0.0  0.0  0.0  0.0  0.0 23.3 23.3 23.3  0.0
  0.0  0.0  0.0  0.0  0.0  0.0  0.0  0.0  0.0  0.0  0.0  0.0  0.0  0.0  0.0
    -21.70     -4.96      3.18     -6.61     -3.63  0.0  0.0  0.0  0.0  0.0
                                   t000023_s20_p25_el2ap.txt  9.0  5.4   43
 23.3  0.0  0.0 23.3  0.0  0.0  0.0  0.0 23.3 23.3  0.0  0.0  0.0  0.0  0.0
  0.0  0.0  0.0  0.0  0.0  0.0395.3116.3 46.5 23.3  0.0 46.5  0.0  0.0  0.0
  0.0  0.0139.5  0.0  0.0  0.0  0.0  0.0  0.0  0.0  0.0  0.0  0.0  0.0  0.0
  0.0  0.0  0.0 23.3  0.0  0.0  0.0  0.0  0.0  0.0 69.8 23.3  0.0 93.0  0.0
  0.0  0.0  0.0  0.0  0.0  0.0  0.0  0.0  0.0  0.0  0.0  0.0  0.0  0.0  0.0
  0.0  0.0  0.0  0.0  0.0  0.0  0.0  0.0  0.0  0.0  0.0  0.0 23.3  0.0  0.0
  0.0  0.0  0.0  0.0  0.0  0.0  0.0  0.0  0.0  0.0  0.0  0.0  0.0  0.0  0.0
  0.0  0.0 23.3 23.3  0.0  0.0  0.0  0.0  0.0  0.0  0.0  0.0  0.0  0.0  0.0
  0.0  0.0  0.0  0.0  0.0  0.0  0.0  0.0  0.0 23.3 46.5  0.0  0.0  0.0  0.0
  0.0  0.0  0.0  0.0  0.0  0.0  0.0 23.3  0.0  0.0  0.0  0.0  0.0  0.0  0.0
    -23.40      3.98     10.66     -6.61     -3.63  0.0 23.3  0.0  0.0  0.0
                                   t000023_s20_p26_el2ap.txt  3.5  6.9   14
  0.0  0.0  0.0 71.4  0.0  0.0  0.0  0.0  0.0  0.0  0.0  0.0  0.0  0.0  0.0
  0.0  0.0  0.0  0.0  0.0  0.0285.7214.3214.3 71.4  0.0  0.0  0.0  0.0  0.0
  0.0 71.4 71.4  0.0  0.0  0.0  0.0  0.0  0.0  0.0  0.0  0.0  0.0 71.4  0.0
  0.0  0.0  0.0  0.0  0.0  0.0 71.4 71.4  0.0  0.0214.3  0.0  0.0142.9  0.0
  0.0  0.0  0.0  0.0  0.0  0.0  0.0  0.0  0.0  0.0  0.0  0.0  0.0  0.0  0.0
  0.0  0.0  0.0  0.0  0.0  0.0  0.0  0.0  0.0  0.0  0.0  0.0  0.0  0.0  0.0
  0.0  0.0  0.0  0.0  0.0  0.0  0.0  0.0  0.0  0.0  0.0  0.0  0.0  0.0  0.0
  0.0  0.0  0.0  0.0  0.0  0.0  0.0  0.0  0.0  0.0  0.0  0.0  0.0  0.0  0.0
  0.0  0.0  0.0  0.0  0.0  0.0  0.0  0.0  0.0  0.0  0.0  0.0  0.0  0.0  0.0
  0.0  0.0  0.0  0.0  0.0  0.0  0.0  0.0  0.0 71.4  0.0  0.0  0.0  0.0  0.0
    -41.82     -3.38     32.39     -6.61      7.20  0.0  0.0  0.0  0.0  0.0
                                   t000023_s20_p27_el2ap.txt 11.3  4.6   49
  0.0  0.0  0.0  0.0  0.0  0.0  0.0  0.0 20.4  0.0  0.0  0.0  0.0  0.0  0.0
  0.0  0.0  0.0  0.0  0.0 20.4285.7 81.6 61.2 20.4  0.0 20.4  0.0  0.0  0.0
  0.0  0.0 40.8  0.0  0.0 40.8  0.0  0.0  0.0  0.0  0.0  0.0  0.0  0.0  0.0
  0.0  0.0  0.0  0.0  0.0  0.0  0.0  0.0  0.0  0.0183.7 20.4  0.0 40.8  0.0
  0.0  0.0  0.0  0.0  0.0  0.0  0.0  0.0  0.0  0.0  0.0  0.0  0.0  0.0  0.0
  0.0  0.0  0.0  0.0  0.0  0.0  0.0  0.0  0.0  0.0  0.0  0.0  0.0  0.0  0.0
  0.0  0.0  0.0  0.0  0.0  0.0  0.0  0.0  0.0  0.0  0.0  0.0  0.0  0.0  0.0
  0.0  0.0  0.0  0.0  0.0  0.0  0.0  0.0  0.0  0.0  0.0  0.0  0.0  0.0  0.0
  0.0  0.0  0.0  0.0  0.0  0.0  0.0  0.0  0.0  0.0  0.0 20.4 20.4 20.4  0.0
  0.0  0.0  0.0  0.0  0.0  0.0  0.0  0.0  0.0  0.0  0.0  0.0  0.0  0.0  0.0
    -16.41     -1.13      1.49     -6.61     -3.63  0.0  0.0  0.0  0.0  0.0
                                   t000023_s20_p28_el2ap.txt 11.8  5.6   56
  0.0  0.0  0.0 35.7  0.0  0.0 17.9  0.0  0.0  0.0  0.0  0.0  0.0  0.0  0.0
  0.0  0.0  0.0 17.9  0.0  0.0232.1178.6125.0 71.4  0.0  0.0  0.0  0.0  0.0
  0.0  0.0 35.7  0.0  0.0 35.7  0.0  0.0  0.0  0.0  0.0 17.9  0.0 17.9  0.0
  0.0  0.0  0.0 17.9  0.0  0.0 17.9 17.9  0.0  0.0196.4  0.0  0.0107.1  0.0
  0.0  0.0  0.0  0.0  0.0  0.0  0.0  0.0  0.0  0.0  0.0  0.0  0.0  0.0  0.0
  0.0  0.0  0.0  0.0  0.0  0.0  0.0  0.0  0.0  0.0  0.0  0.0 17.9  0.0  0.0
  0.0  0.0  0.0  0.0  0.0  0.0  0.0  0.0  0.0  0.0  0.0  0.0  0.0  0.0  0.0
  0.0  0.0 17.9 17.9  0.0  0.0  0.0  0.0  0.0  0.0  0.0  0.0  0.0  0.0  0.0
  0.0  0.0  0.0  0.0  0.0  0.0  0.0  0.0 17.9 17.9 17.9  0.0  0.0  0.0  0.0
  0.0 17.9  0.0  0.0  0.0  0.0  0.0  0.0  0.0 35.7  0.0  0.0 35.7  0.0  0.0
    -24.32     -3.38      1.42      0.54     -0.92  0.0  0.0  0.0  0.0  0.0
                                   t000023_s20_p29_el2ap.txt  3.5  6.8   16
  0.0  0.0  0.0  0.0  0.0  0.0  0.0  0.0  0.0  0.0  0.0  0.0  0.0  0.0  0.0
  0.0  0.0  0.0  0.0  0.0  0.0312.5250.0125.0 62.5  0.0  0.0  0.0  0.0  0.0
  0.0 62.5125.0  0.0  0.0  0.0  0.0  0.0  0.0  0.0  0.0  0.0  0.0  0.0  0.0
  0.0  0.0  0.0  0.0  0.0  0.0 62.5  0.0  0.0  0.0250.0  0.0  0.0 62.5  0.0
  0.0  0.0  0.0  0.0  0.0  0.0  0.0  0.0  0.0  0.0  0.0  0.0  0.0  0.0  0.0
  0.0  0.0  0.0  0.0  0.0  0.0  0.0  0.0  0.0  0.0  0.0  0.0  0.0  0.0  0.0
  0.0  0.0  0.0  0.0  0.0  0.0  0.0  0.0  0.0  0.0  0.0  0.0  0.0  0.0  0.0
  0.0  0.0  0.0  0.0  0.0  0.0  0.0  0.0  0.0  0.0  0.0  0.0  0.0  0.0  0.0
  0.0  0.0  0.0  0.0  0.0  0.0  0.0  0.0  0.0  0.0  0.0  0.0  0.0  0.0  0.0
  0.0  0.0  0.0  0.0  0.0  0.0  0.0  0.0  0.0  0.0  0.0 62.5  0.0  0.0  0.0
    -41.02     -3.67     32.80     -6.61     -3.63  0.0  0.0  0.0  0.0  0.0
                                    t000023_s20_p3_el2ap.txt 16.0  6.0   83
 12.0  0.0  0.0 24.1  0.0  0.0  0.0 12.0  0.0 12.0 12.0  0.0  0.0  0.0  0.0
  0.0  0.0 12.0  0.0  0.0 12.0373.5132.5 96.4 48.2 12.0  0.0 12.0  0.0  0.0
 12.0  0.0 72.3  0.0 12.0 12.0  0.0  0.0  0.0  0.0  0.0  0.0  0.0  0.0  0.0
 12.0  0.0  0.0  0.0  0.0 12.0  0.0 12.0  0.0 12.0 96.4 12.0  0.0 96.4 12.0
  0.0  0.0  0.0  0.0  0.0  0.0  0.0  0.0  0.0  0.0  0.0  0.0  0.0  0.0  0.0
  0.0  0.0  0.0  0.0  0.0  0.0  0.0  0.0  0.0  0.0  0.0  0.0  0.0  0.0  0.0
  0.0  0.0  0.0  0.0  0.0  0.0  0.0  0.0  0.0  0.0 12.0  0.0  0.0  0.0  0.0
  0.0  0.0  0.0  0.0  0.0  0.0  0.0 12.0  0.0  0.0  0.0  0.0  0.0  0.0  0.0
  0.0  0.0  0.0  0.0  0.0  0.0  0.0 12.0  0.0 12.0 36.1  0.0  0.0 12.0  0.0
  0.0 24.1  0.0  0.0  0.0  0.0  0.0 12.0 36.1  0.0  0.0  0.0  0.0  0.0  0.0
    -18.99     -1.38     12.72     -6.61      0.26  0.0  0.0  0.0  0.0  0.0
                                   t000023_s20_p30_el2ap.txt  9.0  4.5   44
  0.0  0.0  0.0  0.0  0.0  0.0  0.0  0.0 22.7  0.0  0.0  0.0  0.0  0.0  0.0
  0.0  0.0  0.0  0.0  0.0  0.0386.4 22.7 68.2 22.7  0.0  0.0  0.0  0.0  0.0
  0.0  0.0 68.2  0.0  0.0 22.7  0.0  0.0  0.0  0.0  0.0  0.0  0.0  0.0  0.0
  0.0  0.0  0.0  0.0  0.0  0.0  0.0  0.0  0.0  0.0136.4 22.7  0.0 22.7  0.0
  0.0  0.0  0.0  0.0  0.0  0.0  0.0  0.0  0.0  0.0  0.0  0.0  0.0  0.0  0.0
  0.0  0.0  0.0  0.0  0.0  0.0  0.0  0.0  0.0  0.0  0.0  0.0  0.0  0.0  0.0
  0.0  0.0  0.0  0.0  0.0  0.0  0.0  0.0  0.0  0.0  0.0  0.0  0.0  0.0  0.0
  0.0  0.0  0.0  0.0  0.0  0.0  0.0  0.0  0.0  0.0  0.0  0.0  0.0  0.0  0.0
  0.0  0.0  0.0  0.0  0.0  0.0  0.0  0.0  0.0  0.0  0.0 22.7 22.7 45.5  0.0
  0.0  0.0  0.0  0.0  0.0  0.0  0.0  0.0  0.0  0.0  0.0  0.0  0.0  0.0  0.0
    -24.53     -4.98      4.42     -6.61     -3.63  0.0  0.0  0.0  0.0  0.0
                                   t000023_s20_p31_el2ap.txt 21.3  4.9  115
  0.0  0.0  0.0 78.3  0.0  0.0  0.0  8.7  0.0  8.7  0.0  0.0  0.0  0.0  0.0
  0.0  0.0  8.7 26.1  0.0  0.0252.2 95.7 60.9  8.7 17.4  0.0  0.0  0.0  0.0
  0.0  0.0 43.5  0.0  0.0 52.2  0.0  0.0  0.0  0.0  0.0  0.0  8.7  8.7  8.7
  0.0  8.7  0.0  0.0 26.1  8.7 34.8 17.4  0.0  0.0 95.7 17.4  0.0 87.0  0.0
  0.0  0.0  0.0  0.0  0.0  0.0  0.0  0.0  0.0  0.0  0.0  0.0  0.0  0.0  0.0
  0.0  0.0  0.0  0.0  0.0  0.0  0.0  0.0  0.0  0.0  0.0  0.0  0.0  0.0  0.0
  0.0  0.0  0.0  0.0  0.0  0.0  0.0  0.0  0.0  0.0  8.7  0.0  0.0  0.0  0.0
  0.0  0.0  0.0  0.0  0.0  0.0  0.0  8.7  0.0  0.0  0.0  0.0  0.0  0.0  0.0
  0.0  0.0  0.0  0.0  0.0  0.0  0.0  8.7  8.7  0.0  0.0  0.0  8.7  0.0  0.0
  0.0  0.0  0.0  0.0  0.0  0.0  0.0  0.0  0.0  8.7  0.0  0.0  0.0  0.0  0.0
    -11.57     -4.67      1.03     -6.61      9.81  0.0  0.0  0.0  0.0  0.0
                                   t000023_s20_p32_el2ap.txt  2.8  6.5   11
  0.0  0.0  0.0 90.9  0.0  0.0  0.0  0.0  0.0  0.0  0.0  0.0  0.0  0.0  0.0
  0.0  0.0  0.0  0.0  0.0  0.0454.5181.8 90.9 90.9  0.0  0.0  0.0  0.0  0.0
  0.0  0.0 90.9  0.0  0.0  0.0  0.0  0.0  0.0  0.0  0.0  0.0  0.0  0.0  0.0
  0.0  0.0  0.0  0.0  0.0  0.0  0.0  0.0  0.0  0.0 90.9  0.0  0.0181.8  0.0
  0.0  0.0  0.0  0.0  0.0  0.0  0.0  0.0  0.0  0.0  0.0  0.0  0.0  0.0  0.0
  0.0  0.0  0.0  0.0  0.0  0.0  0.0  0.0  0.0  0.0  0.0  0.0  0.0  0.0  0.0
  0.0  0.0  0.0  0.0  0.0  0.0  0.0  0.0  0.0  0.0  0.0  0.0  0.0  0.0  0.0
  0.0  0.0  0.0  0.0  0.0  0.0  0.0  0.0  0.0  0.0  0.0  0.0  0.0  0.0  0.0
  0.0  0.0  0.0  0.0  0.0  0.0  0.0  0.0  0.0  0.0  0.0  0.0  0.0  0.0 90.9
  0.0  0.0  0.0  0.0  0.0  0.0  0.0  0.0  0.0  0.0  0.0 90.9  0.0  0.0  0.0
    -36.97     -2.74      7.29     -6.61     -3.63  0.0  0.0  0.0  0.0  0.0
                                   t000023_s20_p33_el2ap.txt 11.5  5.2   51
  0.0  0.0  0.0  0.0  0.0  0.0  0.0  0.0 19.6  0.0  0.0  0.0  0.0  0.0  0.0
  0.0  0.0  0.0  0.0  0.0  0.0352.9 58.8 98.0 39.2  0.0  0.0  0.0  0.0  0.0
  0.0  0.0 58.8  0.0  0.0 39.2  0.0  0.0  0.0  0.0  0.0  0.0  0.0  0.0  0.0
  0.0  0.0  0.0 19.6  0.0  0.0  0.0  0.0  0.0  0.0176.5 19.6  0.0 39.2  0.0
  0.0  0.0  0.0  0.0  0.0  0.0  0.0  0.0  0.0  0.0  0.0  0.0  0.0  0.0  0.0
  0.0  0.0  0.0  0.0  0.0  0.0  0.0  0.0  0.0  0.0  0.0  0.0  0.0  0.0  0.0
  0.0  0.0  0.0  0.0  0.0  0.0  0.0  0.0  0.0  0.0  0.0  0.0  0.0  0.0  0.0
  0.0  0.0  0.0  0.0  0.0  0.0  0.0  0.0  0.0  0.0  0.0  0.0  0.0  0.0  0.0
  0.0  0.0  0.0  0.0  0.0  0.0  0.0  0.0  0.0 19.6  0.0 19.6 39.2 19.6  0.0
  0.0  0.0  0.0  0.0  0.0  0.0  0.0  0.0  0.0  0.0  0.0  0.0  0.0  0.0  0.0
    -28.36     -4.44      2.83     -6.61     -3.63  0.0  0.0  0.0  0.0  0.0
                                   t000023_s20_p34_el2ap.txt  3.8  8.1   16
  0.0  0.0  0.0 62.5  0.0  0.0  0.0  0.0  0.0  0.0  0.0  0.0  0.0  0.0  0.0
  0.0  0.0  0.0  0.0  0.0  0.0312.5125.0125.0 62.5  0.0  0.0  0.0  0.0  0.0
  0.0  0.0125.0  0.0  0.0  0.0  0.0  0.0  0.0  0.0  0.0  0.0  0.0 62.5  0.0
  0.0  0.0  0.0  0.0  0.0  0.0  0.0 62.5  0.0  0.0187.5  0.0  0.0125.0  0.0
  0.0  0.0  0.0  0.0  0.0  0.0  0.0  0.0  0.0  0.0  0.0  0.0  0.0  0.0  0.0
  0.0  0.0  0.0  0.0  0.0  0.0  0.0  0.0  0.0  0.0  0.0  0.0  0.0  0.0  0.0
  0.0  0.0  0.0  0.0  0.0  0.0  0.0  0.0  0.0  0.0  0.0  0.0  0.0  0.0  0.0
  0.0  0.0  0.0  0.0  0.0  0.0  0.0  0.0  0.0  0.0  0.0  0.0  0.0  0.0  0.0
  0.0  0.0  0.0  0.0  0.0  0.0  0.0  0.0  0.0  0.0  0.0  0.0  0.0  0.0  0.0
  0.0  0.0  0.0  0.0  0.0  0.0  0.0  0.0  0.0  0.0  0.0  0.0  0.0  0.0  0.0
    -37.40     -3.67      9.65     -6.61      5.84  0.0  0.0  0.0  0.0  0.0
                                   t000023_s20_p35_el2ap.txt 10.8  5.0   47
  0.0  0.0  0.0  0.0  0.0  0.0  0.0  0.0 21.3  0.0  0.0  0.0  0.0  0.0  0.0
  0.0  0.0  0.0  0.0  0.0  0.0319.1 63.8 63.8 42.6  0.0  0.0  0.0  0.0  0.0
  0.0  0.0 85.1  0.0  0.0 42.6  0.0  0.0  0.0  0.0  0.0  0.0  0.0  0.0  0.0
  0.0  0.0  0.0 21.3  0.0  0.0  0.0  0.0  0.0  0.0148.9 21.3  0.0 42.6  0.0
  0.0  0.0  0.0  0.0  0.0  0.0  0.0  0.0  0.0  0.0  0.0  0.0  0.0  0.0  0.0
  0.0  0.0  0.0  0.0  0.0  0.0  0.0  0.0  0.0  0.0  0.0  0.0  0.0  0.0  0.0
  0.0  0.0  0.0  0.0  0.0  0.0  0.0  0.0  0.0  0.0  0.0  0.0  0.0  0.0  0.0
  0.0  0.0  0.0  0.0  0.0  0.0  0.0  0.0  0.0  0.0  0.0  0.0  0.0  0.0  0.0
  0.0  0.0  0.0  0.0  0.0  0.0  0.0  0.0  0.0  0.0  0.0 21.3 21.3 21.3  0.0
  0.0  0.0  0.0  0.0  0.0  0.0  0.0  0.0  0.0  0.0  0.0  0.0  0.0  0.0  0.0
    -25.17     -4.33      4.47     -6.61     -3.63  0.0  0.0  0.0  0.0  0.0
                                   t000023_s20_p36_el2ap.txt  8.0  3.7   40
  0.0  0.0  0.0 25.0  0.0  0.0  0.0  0.0 25.0  0.0  0.0  0.0  0.0  0.0  0.0
  0.0  0.0  0.0  0.0  0.0  0.0150.0125.0  0.0 75.0  0.0  0.0  0.0  0.0  0.0
  0.0  0.0 25.0  0.0 50.0 50.0  0.0  0.0  0.0  0.0  0.0  0.0  0.0  0.0  0.0
  0.0  0.0  0.0  0.0 25.0  0.0  0.0  0.0  0.0  0.0 75.0 25.0  0.0100.0  0.0
  0.0  0.0  0.0  0.0  0.0  0.0  0.0  0.0  0.0  0.0  0.0  0.0  0.0  0.0  0.0
  0.0  0.0  0.0  0.0  0.0  0.0  0.0  0.0  0.0  0.0  0.0  0.0  0.0  0.0  0.0
  0.0  0.0  0.0  0.0  0.0  0.0  0.0  0.0  0.0  0.0  0.0  0.0  0.0  0.0  0.0
  0.0  0.0  0.0  0.0  0.0  0.0  0.0  0.0  0.0  0.0  0.0  0.0  0.0  0.0  0.0
  0.0  0.0  0.0  0.0  0.0  0.0  0.0  0.0  0.0  0.0 25.0  0.0  0.0  0.0  0.0
  0.0  0.0  0.0  0.0  0.0  0.0  0.0  0.0 25.0 25.0  0.0  0.0  0.0  0.0  0.0
    -15.42     -3.26    -14.84     -6.61     -3.63  0.0  0.0  0.0  0.0  0.0
                                   t000023_s20_p37_el2ap.txt  3.3  6.2   13
  0.0  0.0  0.0 76.9  0.0  0.0  0.0  0.0  0.0  0.0  0.0  0.0  0.0  0.0  0.0
  0.0  0.0  0.0  0.0  0.0  0.0307.7153.8153.8 76.9  0.0  0.0  0.0  0.0  0.0
  0.0  0.0 76.9  0.0  0.0  0.0  0.0  0.0  0.0  0.0  0.0  0.0  0.0 76.9  0.0
  0.0  0.0  0.0  0.0  0.0  0.0  0.0 76.9  0.0  0.0153.8  0.0  0.0153.8  0.0
  0.0  0.0  0.0  0.0  0.0  0.0  0.0  0.0  0.0  0.0  0.0  0.0  0.0  0.0  0.0
  0.0  0.0  0.0  0.0  0.0  0.0  0.0  0.0  0.0  0.0  0.0  0.0  0.0  0.0  0.0
  0.0  0.0  0.0  0.0  0.0  0.0  0.0  0.0  0.0  0.0  0.0  0.0  0.0  0.0  0.0
  0.0  0.0  0.0  0.0  0.0  0.0  0.0  0.0  0.0  0.0  0.0  0.0  0.0  0.0  0.0
  0.0  0.0  0.0  0.0  0.0  0.0  0.0  0.0  0.0  0.0 76.9  0.0  0.0  0.0  0.0
  0.0  0.0  0.0  0.0  0.0  0.0  0.0  0.0  0.0  0.0  0.0  0.0  0.0  0.0  0.0
    -34.94     -3.20      6.32     -6.61      8.03  0.0  0.0  0.0  0.0  0.0
                                   t000023_s20_p38_el2ap.txt  9.3  4.7   43
  0.0  0.0  0.0  0.0  0.0  0.0  0.0  0.0 23.3  0.0  0.0  0.0  0.0  0.0  0.0
  0.0  0.0  0.0  0.0  0.0  0.0372.1 23.3139.5 23.3  0.0  0.0  0.0  0.0  0.0
  0.0  0.0 23.3  0.0  0.0 23.3  0.0  0.0  0.0  0.0  0.0  0.0  0.0  0.0  0.0
  0.0  0.0  0.0  0.0  0.0  0.0  0.0  0.0  0.0  0.0186.0 23.3  0.0 23.3  0.0
  0.0  0.0  0.0  0.0  0.0  0.0  0.0  0.0  0.0  0.0  0.0  0.0  0.0  0.0  0.0
  0.0  0.0  0.0  0.0  0.0  0.0  0.0  0.0  0.0  0.0  0.0  0.0  0.0  0.0  0.0
  0.0  0.0  0.0  0.0  0.0  0.0  0.0  0.0  0.0  0.0  0.0  0.0  0.0  0.0  0.0
  0.0  0.0  0.0  0.0  0.0  0.0  0.0  0.0  0.0  0.0  0.0  0.0  0.0  0.0  0.0
  0.0  0.0  0.0  0.0  0.0  0.0  0.0  0.0  0.0  0.0  0.0 23.3 23.3 23.3  0.0
  0.0  0.0  0.0  0.0  0.0  0.0  0.0  0.0  0.0  0.0  0.0  0.0  0.0  0.0  0.0
    -28.36     -4.96      1.27     -6.61     -3.63  0.0  0.0  0.0  0.0  0.0
                                   t000023_s20_p39_el2ap.txt  9.8  5.7   49
  0.0  0.0  0.0 40.8  0.0  0.0  0.0  0.0  0.0 20.4  0.0  0.0  0.0  0.0  0.0
 20.4  0.0  0.0 40.8  0.0  0.0326.5122.4 81.6 20.4  0.0  0.0  0.0  0.0  0.0
  0.0  0.0 61.2  0.0  0.0 40.8  0.0  0.0  0.0  0.0  0.0  0.0  0.0  0.0  0.0
 20.4  0.0  0.0  0.0  0.0  0.0 40.8 20.4  0.0  0.0122.4  0.0  0.0 81.6  0.0
  0.0  0.0  0.0  0.0  0.0  0.0  0.0  0.0  0.0  0.0  0.0  0.0  0.0  0.0  0.0
  0.0  0.0  0.0  0.0  0.0  0.0  0.0  0.0  0.0  0.0  0.0  0.0  0.0  0.0  0.0
  0.0  0.0  0.0  0.0  0.0  0.0  0.0  0.0  0.0  0.0  0.0  0.0  0.0  0.0  0.0
  0.0  0.0  0.0  0.0  0.0  0.0  0.0  0.0  0.0  0.0  0.0  0.0  0.0  0.0  0.0
  0.0  0.0  0.0  0.0  0.0  0.0  0.0  0.0  0.0 40.8  0.0  0.0  0.0  0.0  0.0
  0.0  0.0  0.0  0.0  0.0  0.0  0.0  0.0  0.0  0.0  0.0  0.0  0.0  0.0  0.0
    -10.98     -5.06      2.91     -6.61      2.96  0.0 20.4  0.0  0.0  0.0
                                    t000023_s20_p4_el2ap.txt  4.0  6.3   18
  0.0  0.0  0.0  0.0  0.0  0.0  0.0  0.0  0.0  0.0  0.0  0.0  0.0  0.0  0.0
  0.0  0.0  0.0 55.6  0.0  0.0222.2222.2166.7111.1  0.0  0.0  0.0  0.0  0.0
  0.0 55.6111.1  0.0  0.0  0.0  0.0  0.0  0.0  0.0  0.0  0.0  0.0  0.0  0.0
  0.0  0.0  0.0  0.0  0.0  0.0111.1  0.0  0.0  0.0277.8  0.0  0.0111.1  0.0
  0.0  0.0  0.0  0.0  0.0  0.0  0.0  0.0  0.0  0.0  0.0  0.0  0.0  0.0  0.0
  0.0  0.0  0.0  0.0  0.0  0.0  0.0  0.0  0.0  0.0  0.0  0.0  0.0  0.0  0.0
  0.0  0.0  0.0  0.0  0.0  0.0  0.0  0.0  0.0  0.0  0.0  0.0  0.0  0.0  0.0
  0.0  0.0  0.0  0.0  0.0  0.0  0.0  0.0  0.0  0.0  0.0  0.0  0.0  0.0  0.0
  0.0  0.0  0.0  0.0  0.0  0.0  0.0  0.0  0.0  0.0  0.0  0.0  0.0  0.0  0.0
  0.0  0.0  0.0  0.0  0.0  0.0  0.0  0.0  0.0 55.6  0.0 55.6  0.0  0.0  0.0
    -26.84     -2.07     29.27     -6.61     -3.63  0.0  0.0  0.0  0.0  0.0
                                   t000023_s20_p40_el2ap.txt  3.8  6.4   16
  0.0  0.0  0.0  0.0  0.0  0.0  0.0  0.0  0.0  0.0  0.0  0.0  0.0  0.0  0.0
  0.0  0.0  0.0  0.0  0.0  0.0312.5125.0187.5 62.5  0.0  0.0  0.0  0.0  0.0
  0.0 62.5 62.5  0.0  0.0 62.5  0.0  0.0  0.0  0.0  0.0  0.0  0.0 62.5  0.0
  0.0  0.0  0.0  0.0  0.0  0.0 62.5 62.5  0.0  0.0187.5  0.0  0.0 62.5  0.0
  0.0  0.0  0.0  0.0  0.0  0.0  0.0  0.0  0.0  0.0  0.0  0.0  0.0  0.0  0.0
  0.0  0.0  0.0  0.0  0.0  0.0  0.0  0.0  0.0  0.0  0.0  0.0  0.0  0.0  0.0
  0.0  0.0  0.0  0.0  0.0  0.0  0.0  0.0  0.0  0.0  0.0  0.0 62.5  0.0  0.0
  0.0  0.0  0.0  0.0  0.0  0.0  0.0 62.5  0.0  0.0  0.0  0.0  0.0  0.0  0.0
  0.0  0.0  0.0  0.0  0.0  0.0  0.0  0.0  0.0  0.0  0.0  0.0  0.0  0.0  0.0
  0.0  0.0  0.0  0.0  0.0  0.0  0.0  0.0  0.0  0.0  0.0  0.0  0.0  0.0  0.0
    -38.49     -3.67     24.91     -6.61      5.84  0.0  0.0  0.0  0.0  0.0
                                   t000023_s20_p41_el2ap.txt 11.5  4.9   49
  0.0  0.0  0.0  0.0  0.0  0.0  0.0  0.0 20.4  0.0  0.0  0.0  0.0  0.0  0.0
  0.0  0.0  0.0  0.0  0.0  0.0326.5 40.8102.0 20.4  0.0  0.0  0.0  0.0  0.0
  0.0 20.4 61.2  0.0 20.4 20.4  0.0  0.0  0.0  0.0  0.0  0.0  0.0  0.0  0.0
  0.0  0.0  0.0 20.4  0.0  0.0 20.4  0.0  0.0  0.0204.1 20.4  0.0 20.4  0.0
  0.0  0.0  0.0  0.0  0.0  0.0  0.0  0.0  0.0  0.0  0.0  0.0  0.0  0.0  0.0
  0.0  0.0  0.0  0.0  0.0  0.0  0.0  0.0  0.0  0.0  0.0  0.0  0.0  0.0  0.0
  0.0  0.0  0.0  0.0  0.0  0.0  0.0  0.0  0.0  0.0  0.0  0.0  0.0  0.0  0.0
  0.0  0.0  0.0  0.0  0.0  0.0  0.0  0.0  0.0  0.0  0.0  0.0  0.0  0.0  0.0
  0.0  0.0  0.0  0.0  0.0  0.0  0.0  0.0  0.0  0.0  0.0 20.4 20.4 20.4  0.0
  0.0  0.0  0.0  0.0  0.0  0.0  0.0  0.0  0.0  0.0  0.0  0.0  0.0  0.0  0.0
    -26.29     -5.06      5.62     -6.61     -3.63  0.0  0.0  0.0  0.0  0.0
                                   t000023_s20_p42_el2ap.txt  6.5  5.2   27
  0.0  0.0  0.0  0.0  0.0  0.0  0.0  0.0  0.0 37.0  0.0  0.0  0.0  0.0  0.0
  0.0  0.0  0.0  0.0  0.0  0.0370.4148.1  0.0 37.0  0.0  0.0  0.0  0.0  0.0
  0.0  0.0 37.0  0.0  0.0 74.1  0.0  0.0  0.0  0.0  0.0  0.0  0.0  0.0  0.0
  0.0  0.0  0.0 37.0  0.0  0.0  0.0  0.0  0.0  0.0 37.0  0.0  0.0 37.0  0.0
  0.0  0.0  0.0  0.0  0.0  0.0  0.0  0.0  0.0  0.0  0.0  0.0  0.0  0.0  0.0
  0.0  0.0  0.0  0.0  0.0  0.0  0.0  0.0  0.0  0.0  0.0  0.0  0.0  0.0  0.0
  0.0  0.0  0.0  0.0  0.0  0.0  0.0  0.0  0.0  0.0  0.0  0.0  0.0  0.0  0.0
  0.0  0.0  0.0  0.0  0.0  0.0  0.0  0.0  0.0  0.0  0.0  0.0  0.0  0.0  0.0
  0.0  0.0  0.0  0.0  0.0  0.0  0.0 37.0  0.0  0.0 37.0  0.0  0.0  0.0  0.0
  0.0  0.0  0.0  0.0  0.0  0.0  0.0  0.0  0.0  0.0  0.0  0.0  0.0  0.0  0.0
    -22.70     -4.51     -0.66     -6.61     -3.63  0.0  0.0  0.0  0.0  0.0
                                   t000023_s20_p43_el2ap.txt  3.5  7.5   14
  0.0  0.0  0.0  0.0  0.0  0.0  0.0  0.0  0.0  0.0  0.0  0.0  0.0  0.0  0.0
  0.0  0.0  0.0 71.4  0.0  0.0285.7142.9142.9 71.4  0.0  0.0  0.0  0.0  0.0
  0.0  0.0 71.4  0.0  0.0  0.0  0.0  0.0  0.0  0.0  0.0  0.0  0.0 71.4  0.0
  0.0  0.0  0.0  0.0  0.0  0.0 71.4 71.4  0.0  0.0285.7  0.0  0.0 71.4  0.0
  0.0  0.0  0.0  0.0  0.0  0.0  0.0  0.0  0.0  0.0  0.0  0.0  0.0  0.0  0.0
  0.0  0.0  0.0  0.0  0.0  0.0  0.0  0.0  0.0  0.0  0.0  0.0  0.0  0.0  0.0
  0.0  0.0  0.0  0.0  0.0  0.0  0.0  0.0  0.0  0.0  0.0  0.0  0.0  0.0  0.0
  0.0  0.0  0.0  0.0  0.0  0.0  0.0  0.0  0.0  0.0  0.0  0.0  0.0  0.0  0.0
  0.0  0.0  0.0  0.0  0.0  0.0  0.0  0.0  0.0  0.0 71.4  0.0  0.0  0.0  0.0
  0.0  0.0  0.0  0.0  0.0  0.0  0.0  0.0  0.0  0.0  0.0  0.0  0.0  0.0  0.0
    -23.84     -3.38      5.93     -6.61      7.20  0.0  0.0  0.0  0.0  0.0
                                   t000023_s20_p44_el2ap.txt  9.3  4.6   44
  0.0  0.0  0.0  0.0  0.0  0.0  0.0  0.0 22.7  0.0  0.0  0.0  0.0  0.0  0.0
  0.0  0.0  0.0  0.0  0.0  0.0386.4 22.7136.4 22.7  0.0  0.0  0.0  0.0  0.0
  0.0  0.0 68.2  0.0  0.0 22.7  0.0  0.0  0.0  0.0  0.0  0.0  0.0  0.0  0.0
  0.0  0.0  0.0 22.7  0.0  0.0  0.0  0.0  0.0  0.0159.1 22.7  0.0 22.7  0.0
  0.0  0.0  0.0  0.0  0.0  0.0  0.0  0.0  0.0  0.0  0.0  0.0  0.0  0.0  0.0
  0.0  0.0  0.0  0.0  0.0  0.0  0.0  0.0  0.0  0.0  0.0  0.0  0.0  0.0  0.0
  0.0  0.0  0.0  0.0  0.0  0.0  0.0  0.0  0.0  0.0  0.0  0.0  0.0  0.0  0.0
  0.0  0.0  0.0  0.0  0.0  0.0  0.0  0.0  0.0  0.0  0.0  0.0  0.0  0.0  0.0
  0.0  0.0  0.0  0.0  0.0  0.0  0.0  0.0  0.0  0.0  0.0 22.7 22.7 22.7  0.0
  0.0  0.0  0.0  0.0  0.0  0.0  0.0  0.0  0.0  0.0  0.0  0.0  0.0  0.0  0.0
    -28.27     -4.98      4.42     -6.61     -3.63  0.0  0.0  0.0  0.0  0.0
                                   t000023_s20_p45_el2ap.txt  3.3  5.6   13
 76.9  0.0  0.0  0.0  0.0  0.0  0.0  0.0  0.0  0.0  0.0  0.0  0.0  0.0  0.0
  0.0  0.0  0.0  0.0  0.0  0.0384.6153.8 76.9153.8  0.0  0.0  0.0  0.0  0.0
  0.0  0.0  0.0  0.0  0.0  0.0  0.0  0.0  0.0  0.0  0.0  0.0  0.0  0.0  0.0
  0.0  0.0  0.0 76.9  0.0  0.0  0.0  0.0  0.0  0.0 76.9  0.0  0.0 76.9  0.0
  0.0  0.0  0.0  0.0  0.0  0.0  0.0  0.0  0.0  0.0  0.0  0.0  0.0  0.0  0.0
  0.0  0.0  0.0  0.0  0.0  0.0  0.0  0.0  0.0  0.0  0.0  0.0  0.0  0.0  0.0
  0.0  0.0  0.0  0.0  0.0  0.0  0.0  0.0  0.0  0.0  0.0  0.0  0.0  0.0  0.0
  0.0  0.0  0.0  0.0  0.0  0.0  0.0  0.0  0.0  0.0  0.0  0.0  0.0  0.0  0.0
  0.0  0.0  0.0  0.0  0.0  0.0  0.0  0.0  0.0  0.0 76.9  0.0  0.0  0.0  0.0
  0.0  0.0  0.0  0.0  0.0 76.9  0.0  0.0  0.0 76.9  0.0  0.0  0.0  0.0  0.0
    -26.32     -0.67      0.97     -6.61     -3.63  0.0  0.0  0.0  0.0  0.0
                                   t000023_s20_p46_el2ap.txt  3.0  6.8   12
  0.0  0.0  0.0 83.3  0.0  0.0  0.0  0.0  0.0  0.0  0.0  0.0  0.0  0.0  0.0
  0.0  0.0  0.0  0.0  0.0  0.0250.0166.7250.0 83.3  0.0  0.0  0.0  0.0  0.0
  0.0  0.0 83.3  0.0  0.0  0.0  0.0  0.0  0.0  0.0  0.0  0.0  0.0 83.3  0.0
  0.0  0.0  0.0  0.0  0.0  0.0  0.0 83.3  0.0  0.0250.0  0.0  0.0166.7  0.0
  0.0  0.0  0.0  0.0  0.0  0.0  0.0  0.0  0.0  0.0  0.0  0.0  0.0  0.0  0.0
  0.0  0.0  0.0  0.0  0.0  0.0  0.0  0.0  0.0  0.0  0.0  0.0  0.0  0.0  0.0
  0.0  0.0  0.0  0.0  0.0  0.0  0.0  0.0  0.0  0.0  0.0  0.0  0.0  0.0  0.0
  0.0  0.0  0.0  0.0  0.0  0.0  0.0  0.0  0.0  0.0  0.0  0.0  0.0  0.0  0.0
  0.0  0.0  0.0  0.0  0.0  0.0  0.0  0.0  0.0  0.0 83.3  0.0  0.0  0.0  0.0
  0.0  0.0  0.0  0.0  0.0  0.0  0.0  0.0  0.0  0.0  0.0  0.0  0.0  0.0  0.0
    -40.26     -2.99      6.76     -6.61      9.00  0.0  0.0  0.0  0.0  0.0
                                   t000023_s20_p47_el2ap.txt 11.8  4.9   51
 19.6  0.0  0.0 19.6  0.0  0.0  0.0  0.0 19.6  0.0  0.0  0.0  0.0  0.0  0.0
  0.0  0.0  0.0  0.0  0.0  0.0313.7 78.4 58.8 78.4  0.0  0.0  0.0  0.0  0.0
  0.0  0.0 78.4  0.0 19.6 39.2  0.0  0.0  0.0  0.0  0.0  0.0  0.0  0.0  0.0
  0.0  0.0  0.0 19.6  0.0  0.0  0.0  0.0  0.0  0.0 98.0 19.6  0.0 98.0  0.0
  0.0  0.0  0.0  0.0  0.0  0.0  0.0  0.0  0.0  0.0  0.0  0.0  0.0  0.0  0.0
  0.0  0.0  0.0  0.0  0.0  0.0  0.0  0.0  0.0  0.0  0.0  0.0  0.0  0.0  0.0
  0.0  0.0  0.0  0.0  0.0  0.0  0.0  0.0  0.0  0.0  0.0  0.0  0.0  0.0  0.0
  0.0  0.0  0.0  0.0  0.0  0.0  0.0  0.0  0.0  0.0  0.0  0.0  0.0  0.0  0.0
  0.0  0.0  0.0  0.0  0.0  0.0  0.0  0.0  0.0  0.0  0.0 19.6 19.6 19.6  0.0
  0.0  0.0  0.0  0.0  0.0  0.0  0.0  0.0  0.0 19.6  0.0  0.0 19.6  0.0  0.0
    -22.85     -3.15     -1.57     -6.61     -3.63  0.0  0.0  0.0  0.0  0.0
                                   t000023_s20_p48_el2ap.txt 11.8  5.0   57
 17.5  0.0  0.0 35.1  0.0  0.0  0.0  0.0  0.0 17.5  0.0  0.0  0.0  0.0  0.0
  0.0  0.0  0.0 17.5  0.0  0.0315.8157.9 87.7 35.1  0.0  0.0  0.0  0.0  0.0
  0.0  0.0 35.1  0.0  0.0 52.6  0.0  0.0  0.0  0.0  0.0  0.0  0.0  0.0  0.0
  0.0 17.5  0.0  0.0  0.0  0.0 35.1  0.0  0.0  0.0 87.7  0.0  0.0 70.2  0.0
  0.0  0.0  0.0  0.0  0.0  0.0  0.0  0.0  0.0  0.0  0.0  0.0  0.0  0.0  0.0
  0.0  0.0  0.0  0.0  0.0  0.0  0.0  0.0  0.0  0.0  0.0  0.0  0.0  0.0  0.0
  0.0  0.0  0.0  0.0  0.0  0.0  0.0  0.0  0.0  0.0 17.5  0.0  0.0  0.0  0.0
  0.0  0.0  0.0  0.0  0.0  0.0  0.0 17.5  0.0  0.0  0.0  0.0  0.0  0.0  0.0
  0.0  0.0  0.0  0.0  0.0  0.0  0.0  0.0  0.0  0.0 35.1 17.5 35.1 17.5  0.0
  0.0  0.0  0.0  0.0  0.0  0.0  0.0 35.1  0.0 17.5  0.0  0.0  0.0  0.0  0.0
    -22.14     -4.57      0.42     -6.61     -3.63  0.0  0.0  0.0  0.0  0.0
                                   t000023_s20_p49_el2ap.txt  3.8  6.0   16
  0.0  0.0  0.0  0.0  0.0  0.0  0.0  0.0  0.0  0.0  0.0  0.0  0.0  0.0  0.0
  0.0  0.0  0.0  0.0  0.0  0.0312.5187.5187.5 62.5  0.0  0.0  0.0  0.0  0.0
  0.0 62.5 62.5  0.0  0.0  0.0  0.0  0.0  0.0  0.0  0.0  0.0  0.0 62.5  0.0
  0.0  0.0  0.0  0.0  0.0  0.0 62.5 62.5  0.0  0.0187.5  0.0  0.0 62.5  0.0
  0.0  0.0  0.0  0.0  0.0  0.0  0.0  0.0  0.0  0.0  0.0  0.0  0.0  0.0  0.0
  0.0  0.0  0.0  0.0  0.0  0.0  0.0  0.0  0.0  0.0  0.0  0.0  0.0  0.0  0.0
  0.0  0.0  0.0  0.0  0.0  0.0  0.0  0.0  0.0  0.0  0.0  0.0  0.0  0.0  0.0
  0.0  0.0  0.0  0.0  0.0  0.0  0.0  0.0  0.0  0.0  0.0  0.0  0.0  0.0  0.0
  0.0  0.0  0.0  0.0  0.0  0.0  0.0  0.0  0.0  0.0  0.0  0.0  0.0  0.0  0.0
  0.0  0.0  0.0  0.0  0.0  0.0  0.0  0.0  0.0  0.0  0.0  0.0  0.0  0.0  0.0
    -39.85     -3.67     28.46     -6.61      5.84  0.0  0.0  0.0  0.0  0.0
                                    t000023_s20_p5_el2ap.txt 10.3  4.7   48
  0.0  0.0  0.0  0.0  0.0  0.0  0.0  0.0 20.8  0.0  0.0  0.0  0.0  0.0  0.0
  0.0  0.0  0.0  0.0  0.0  0.0375.0 41.7125.0 20.8  0.0  0.0  0.0  0.0  0.0
  0.0  0.0 41.7  0.0  0.0 20.8  0.0  0.0  0.0  0.0  0.0  0.0  0.0  0.0  0.0
  0.0  0.0  0.0  0.0  0.0  0.0  0.0  0.0  0.0  0.0208.3 20.8  0.0 20.8  0.0
  0.0  0.0  0.0  0.0  0.0  0.0  0.0  0.0  0.0  0.0  0.0  0.0  0.0  0.0  0.0
  0.0  0.0  0.0  0.0  0.0  0.0  0.0  0.0  0.0  0.0  0.0  0.0  0.0  0.0  0.0
  0.0  0.0  0.0  0.0  0.0  0.0  0.0  0.0  0.0  0.0  0.0  0.0  0.0  0.0  0.0
  0.0  0.0  0.0  0.0  0.0  0.0  0.0  0.0  0.0  0.0  0.0  0.0  0.0  0.0  0.0
  0.0  0.0  0.0  0.0  0.0  0.0  0.0  0.0  0.0  0.0  0.0 20.8 20.8 20.8 20.8
  0.0  0.0  0.0  0.0  0.0  0.0  0.0  0.0  0.0  0.0  0.0  0.0  0.0  0.0  0.0
    -28.52     -5.04      2.68     -6.61     -3.63  0.0  0.0  0.0  0.0  0.0
                                   t000023_s20_p50_el2ap.txt 13.5  4.8   62
  0.0  0.0  0.0 16.1  0.0  0.0  0.0  0.0 16.1  0.0  0.0  0.0  0.0  0.0  0.0
  0.0  0.0  0.0  0.0  0.0  0.0322.6 80.6 96.8 16.1  0.0  0.0  0.0  0.0  0.0
  0.0  0.0 48.4  0.0 16.1 32.3  0.0  0.0  0.0  0.0  0.0  0.0 16.1  0.0  0.0
  0.0  0.0  0.0  0.0  0.0  0.0  0.0  0.0  0.0  0.0209.7 16.1  0.0 32.3  0.0
  0.0  0.0  0.0  0.0  0.0  0.0  0.0  0.0  0.0  0.0  0.0  0.0  0.0  0.0  0.0
  0.0  0.0  0.0  0.0  0.0  0.0  0.0  0.0  0.0  0.0  0.0  0.0  0.0  0.0  0.0
  0.0  0.0  0.0  0.0  0.0  0.0  0.0  0.0  0.0  0.0  0.0  0.0  0.0  0.0  0.0
  0.0  0.0  0.0  0.0  0.0  0.0  0.0  0.0  0.0  0.0  0.0  0.0  0.0  0.0  0.0
  0.0  0.0  0.0  0.0  0.0  0.0  0.0  0.0  0.0 32.3  0.0 16.1 16.1 16.1 16.1
  0.0  0.0  0.0  0.0  0.0  0.0  0.0  0.0  0.0  0.0  0.0  0.0  0.0  0.0  0.0
    -26.95     -5.20     -2.24     -6.61      6.45  0.0  0.0  0.0  0.0  0.0
                                   t000023_s20_p51_el2ap.txt  8.8  4.4   41
  0.0  0.0  0.0 24.4  0.0  0.0  0.0  0.0 24.4 48.8  0.0  0.0  0.0  0.0  0.0
  0.0  0.0  0.0  0.0  0.0  0.0195.1122.0 48.8 24.4  0.0  0.0  0.0  0.0  0.0
  0.0  0.0 48.8  0.0  0.0 48.8  0.0  0.0  0.0  0.0  0.0  0.0  0.0  0.0  0.0
  0.0  0.0  0.0  0.0  0.0  0.0  0.0  0.0  0.0  0.0122.0 24.4  0.0 73.2 24.4
  0.0  0.0  0.0  0.0  0.0  0.0  0.0  0.0  0.0  0.0  0.0  0.0  0.0  0.0  0.0
  0.0  0.0  0.0  0.0  0.0  0.0  0.0  0.0  0.0  0.0  0.0  0.0  0.0  0.0  0.0
  0.0  0.0  0.0  0.0  0.0  0.0  0.0  0.0  0.0  0.0  0.0  0.0  0.0  0.0  0.0
  0.0  0.0  0.0  0.0  0.0  0.0  0.0  0.0  0.0  0.0  0.0  0.0  0.0  0.0  0.0
  0.0  0.0  0.0  0.0  0.0  0.0  0.0  0.0  0.0  0.0 48.8  0.0  0.0  0.0  0.0
  0.0  0.0  0.0  0.0  0.0  0.0  0.0  0.0  0.0 24.4  0.0  0.0  0.0  0.0  0.0
    -14.00     -4.93      1.59     -6.61     -3.63  0.0  0.0  0.0  0.0  0.0
                                   t000023_s20_p52_el2ap.txt  3.5  6.0   14
  0.0  0.0  0.0 71.4  0.0  0.0  0.0  0.0  0.0  0.0  0.0  0.0  0.0  0.0  0.0
  0.0  0.0  0.0  0.0  0.0  0.0285.7214.3 71.4 71.4  0.0  0.0  0.0  0.0  0.0
  0.0  0.0 71.4  0.0  0.0  0.0  0.0  0.0  0.0  0.0  0.0  0.0  0.0 71.4  0.0
  0.0  0.0  0.0  0.0  0.0  0.0  0.0 71.4  0.0  0.0142.9  0.0  0.0142.9  0.0
  0.0  0.0  0.0  0.0  0.0  0.0  0.0  0.0  0.0  0.0  0.0  0.0  0.0  0.0  0.0
  0.0  0.0  0.0  0.0  0.0  0.0  0.0  0.0  0.0  0.0  0.0  0.0  0.0  0.0  0.0
  0.0  0.0  0.0  0.0  0.0  0.0  0.0  0.0  0.0  0.0  0.0  0.0  0.0  0.0  0.0
  0.0  0.0  0.0  0.0  0.0  0.0  0.0  0.0  0.0  0.0  0.0  0.0  0.0  0.0  0.0
  0.0  0.0  0.0  0.0  0.0  0.0  0.0  0.0  0.0  0.0  0.0  0.0  0.0  0.0 71.4
  0.0  0.0  0.0  0.0  0.0  0.0  0.0  0.0  0.0  0.0  0.0  0.0  0.0  0.0  0.0
    -31.90     -3.38      5.93     -6.61      7.20  0.0  0.0  0.0  0.0  0.0
                                   t000023_s20_p53_el2ap.txt 11.8  4.6   54
  0.0  0.0  0.0  0.0  0.0  0.0  0.0  0.0 18.5  0.0  0.0  0.0  0.0  0.0  0.0
  0.0  0.0  0.0  0.0  0.0  0.0388.9 37.0111.1 37.0  0.0  0.0  0.0  0.0  0.0
  0.0  0.0 37.0  0.0  0.0 37.0  0.0  0.0  0.0  0.0  0.0  0.0  0.0  0.0  0.0
  0.0  0.0  0.0  0.0  0.0  0.0  0.0  0.0  0.0  0.0148.1 18.5  0.0 37.0  0.0
  0.0  0.0  0.0  0.0  0.0  0.0  0.0  0.0  0.0  0.0  0.0  0.0  0.0  0.0  0.0
  0.0  0.0  0.0  0.0  0.0  0.0  0.0  0.0  0.0  0.0  0.0  0.0  0.0  0.0  0.0
  0.0  0.0  0.0  0.0  0.0  0.0  0.0  0.0  0.0  0.0  0.0  0.0  0.0  0.0  0.0
  0.0  0.0  0.0  0.0  0.0  0.0  0.0  0.0  0.0  0.0  0.0  0.0  0.0  0.0  0.0
  0.0  0.0  0.0  0.0  0.0  0.0  0.0  0.0  0.0 55.6  0.0 18.5 18.5 18.5 18.5
  0.0  0.0  0.0  0.0  0.0  0.0  0.0  0.0  0.0  0.0  0.0  0.0  0.0  0.0  0.0
    -27.92     -4.51      1.44     -6.61     -3.63  0.0  0.0  0.0  0.0  0.0
                                   t000023_s20_p54_el2ap.txt 10.8  5.2   50
  0.0  0.0  0.0 60.0  0.0  0.0  0.0  0.0  0.0  0.0  0.0  0.0  0.0  0.0  0.0
 20.0  0.0  0.0  0.0  0.0  0.0380.0200.0 40.0  0.0  0.0  0.0  0.0  0.0  0.0
  0.0  0.0 40.0  0.0  0.0  0.0  0.0  0.0  0.0  0.0  0.0  0.0  0.0  0.0  0.0
  0.0 20.0  0.0 20.0 20.0  0.0 20.0  0.0  0.0  0.0100.0  0.0  0.0 80.0  0.0
  0.0  0.0  0.0  0.0  0.0  0.0  0.0  0.0  0.0  0.0  0.0  0.0  0.0  0.0  0.0
  0.0  0.0  0.0  0.0  0.0  0.0  0.0  0.0  0.0  0.0  0.0  0.0  0.0  0.0  0.0
  0.0  0.0  0.0  0.0  0.0  0.0  0.0  0.0  0.0  0.0  0.0  0.0  0.0  0.0  0.0
  0.0  0.0  0.0  0.0  0.0  0.0  0.0  0.0  0.0  0.0  0.0  0.0  0.0  0.0  0.0
  0.0  0.0  0.0  0.0  0.0  0.0  0.0 20.0  0.0  0.0 20.0 20.0 20.0  0.0  0.0
  0.0  0.0  0.0  0.0  0.0  0.0  0.0  0.0  0.0  0.0  0.0  0.0  0.0  0.0  0.0
    -23.06     -5.73      3.75     -6.61     -3.63  0.0  0.0  0.0  0.0  0.0
                                   t000023_s20_p55_el2ap.txt  8.5  5.8   36
  0.0  0.0  0.0  0.0  0.0  0.0  0.0  0.0  0.0 27.8  0.0  0.0  0.0  0.0  0.0
  0.0  0.0  0.0  0.0  0.0  0.0416.7138.9 55.6 55.6  0.0  0.0 27.8  0.0  0.0
  0.0  0.0 27.8 27.8  0.0  0.0  0.0  0.0  0.0  0.0  0.0  0.0  0.0  0.0  0.0
  0.0  0.0  0.0  0.0  0.0  0.0  0.0  0.0  0.0  0.0111.1  0.0  0.0 55.6  0.0
  0.0  0.0  0.0  0.0  0.0  0.0  0.0  0.0  0.0  0.0  0.0  0.0  0.0  0.0  0.0
  0.0  0.0  0.0  0.0  0.0  0.0  0.0  0.0  0.0  0.0  0.0  0.0  0.0  0.0  0.0
  0.0  0.0  0.0  0.0  0.0  0.0  0.0  0.0  0.0  0.0  0.0  0.0  0.0  0.0  0.0
  0.0  0.0  0.0  0.0  0.0  0.0  0.0  0.0  0.0  0.0  0.0  0.0  0.0  0.0  0.0
  0.0  0.0  0.0  0.0  0.0  0.0  0.0  0.0  0.0  0.0 27.8 27.8  0.0  0.0  0.0
  0.0 27.8  0.0  0.0  0.0  0.0  0.0  0.0  0.0  0.0  0.0 27.8  0.0  0.0  0.0
    -29.45      1.24     -5.03     -6.61     -3.63  0.0  0.0  0.0  0.0  0.0
                                   t000023_s20_p56_el2ap.txt  8.8  4.4   42
  0.0  0.0  0.0  0.0  0.0  0.0  0.0  0.0 23.8  0.0  0.0  0.0  0.0  0.0  0.0
  0.0  0.0  0.0  0.0  0.0  0.0309.5 23.8 95.2 23.8  0.0  0.0  0.0  0.0  0.0
  0.0 23.8 47.6  0.0  0.0 23.8  0.0  0.0  0.0  0.0  0.0  0.0  0.0  0.0  0.0
  0.0  0.0  0.0 23.8  0.0  0.0 23.8  0.0  0.0  0.0190.5 23.8  0.0 23.8  0.0
  0.0  0.0  0.0  0.0  0.0  0.0  0.0  0.0  0.0  0.0  0.0  0.0  0.0  0.0  0.0
  0.0  0.0  0.0  0.0  0.0  0.0  0.0  0.0  0.0  0.0  0.0  0.0  0.0  0.0  0.0
  0.0  0.0  0.0  0.0  0.0  0.0  0.0  0.0  0.0  0.0  0.0  0.0  0.0  0.0  0.0
  0.0  0.0  0.0  0.0  0.0  0.0  0.0  0.0  0.0  0.0  0.0  0.0  0.0  0.0  0.0
  0.0  0.0  0.0  0.0  0.0  0.0  0.0  0.0  0.0  0.0  0.0 23.8 23.8 23.8  0.0
  0.0  0.0  0.0  0.0  0.0  0.0  0.0  0.0  0.0  0.0  0.0  0.0  0.0  0.0  0.0
    -23.58     -4.94     11.75     -6.61     -3.63  0.0  0.0  0.0  0.0  0.0
                                   t000023_s20_p57_el2ap.txt 11.0  5.3   47
  0.0  0.0  0.0 21.3  0.0  0.0  0.0 21.3  0.0  0.0  0.0  0.0  0.0  0.0  0.0
  0.0  0.0  0.0 21.3  0.0  0.0340.4148.9 63.8 42.6  0.0  0.0  0.0  0.0  0.0
  0.0  0.0 42.6  0.0  0.0 63.8  0.0  0.0  0.0  0.0  0.0  0.0  0.0  0.0  0.0
  0.0  0.0  0.0  0.0  0.0  0.0 21.3  0.0  0.0  0.0 85.1  0.0  0.0 63.8 21.3
  0.0  0.0  0.0  0.0  0.0  0.0  0.0  0.0  0.0  0.0  0.0  0.0  0.0  0.0  0.0
  0.0  0.0  0.0  0.0  0.0  0.0  0.0  0.0  0.0  0.0  0.0  0.0  0.0  0.0  0.0
  0.0  0.0  0.0  0.0  0.0  0.0  0.0  0.0  0.0  0.0  0.0  0.0  0.0  0.0  0.0
  0.0  0.0  0.0  0.0  0.0  0.0  0.0  0.0  0.0  0.0  0.0  0.0  0.0  0.0  0.0
  0.0  0.0  0.0  0.0  0.0  0.0  0.0 21.3  0.0  0.0 21.3  0.0  0.0 21.3  0.0
  0.0  0.0  0.0  0.0  0.0 21.3  0.0  0.0  0.0  0.0  0.0  0.0  0.0  0.0  0.0
    -20.72     -4.33      0.30     -6.61     -3.63  0.0 21.3  0.0  0.0  0.0
                                   t000023_s20_p58_el2ap.txt  3.8  5.7   15
  0.0  0.0  0.0  0.0  0.0  0.0  0.0  0.0  0.0  0.0  0.0  0.0  0.0  0.0  0.0
  0.0  0.0  0.0  0.0  0.0  0.0400.0133.3133.3 66.7  0.0  0.0  0.0  0.0  0.0
  0.0  0.0133.3  0.0  0.0  0.0  0.0  0.0  0.0  0.0  0.0  0.0  0.0 66.7  0.0
  0.0  0.0  0.0  0.0  0.0  0.0  0.0 66.7  0.0  0.0133.3  0.0  0.0 66.7  0.0
  0.0  0.0  0.0  0.0  0.0  0.0  0.0  0.0  0.0  0.0  0.0  0.0  0.0  0.0  0.0
  0.0  0.0  0.0  0.0  0.0  0.0  0.0  0.0  0.0  0.0  0.0  0.0  0.0  0.0  0.0
  0.0  0.0  0.0  0.0  0.0  0.0  0.0  0.0  0.0  0.0  0.0  0.0  0.0  0.0  0.0
  0.0  0.0  0.0  0.0  0.0  0.0  0.0  0.0  0.0  0.0  0.0  0.0  0.0  0.0  0.0
  0.0  0.0  0.0  0.0  0.0  0.0  0.0  0.0  0.0  0.0  0.0  0.0  0.0  0.0133.3
  0.0  0.0  0.0  0.0  0.0  0.0  0.0  0.0  0.0  0.0  0.0  0.0  0.0  0.0  0.0
    -36.46     -3.53     10.23     -6.61      6.47  0.0  0.0  0.0  0.0  0.0
                                   t000023_s20_p59_el2ap.txt  9.3  4.5   40
  0.0  0.0  0.0  0.0  0.0  0.0  0.0  0.0 25.0  0.0  0.0  0.0  0.0  0.0  0.0
  0.0  0.0  0.0  0.0  0.0  0.0350.0 50.0 50.0 25.0  0.0  0.0  0.0  0.0  0.0
  0.0  0.0 50.0  0.0  0.0 25.0  0.0  0.0  0.0  0.0  0.0  0.0  0.0  0.0  0.0
  0.0  0.0  0.0  0.0  0.0  0.0  0.0  0.0  0.0  0.0150.0 25.0  0.0 25.0  0.0
  0.0  0.0  0.0  0.0  0.0  0.0  0.0  0.0  0.0  0.0  0.0  0.0  0.0  0.0  0.0
  0.0  0.0  0.0  0.0  0.0  0.0  0.0  0.0  0.0  0.0  0.0  0.0  0.0  0.0  0.0
  0.0  0.0  0.0  0.0  0.0  0.0  0.0  0.0  0.0  0.0  0.0  0.0  0.0  0.0  0.0
  0.0  0.0  0.0  0.0  0.0  0.0  0.0  0.0  0.0  0.0  0.0  0.0  0.0  0.0  0.0
  0.0  0.0  0.0  0.0  0.0  0.0  0.0  0.0  0.0  0.0  0.0 25.0 25.0 25.0  0.0
  0.0  0.0  0.0  0.0  0.0  0.0  0.0  0.0  0.0  0.0  0.0  0.0  0.0  0.0  0.0
    -23.60     -4.91      3.03     -6.61     -3.63  0.0  0.0  0.0  0.0  0.0
                                    t000023_s20_p6_el2ap.txt 10.5  4.6   53
  0.0  0.0  0.0 18.9  0.0  0.0  0.0  0.0  0.0  0.0  0.0  0.0  0.0 37.7  0.0
  0.0  0.0  0.0 18.9  0.0  0.0264.2132.1 75.5 56.6  0.0  0.0  0.0  0.0 18.9
  0.0  0.0 37.7  0.0  0.0 75.5  0.0  0.0  0.0  0.0  0.0  0.0 37.7 18.9  0.0
  0.0  0.0  0.0 37.7  0.0  0.0 18.9 18.9  0.0 18.9 94.3  0.0  0.0 75.5  0.0
  0.0  0.0  0.0  0.0  0.0  0.0  0.0  0.0  0.0  0.0  0.0  0.0  0.0  0.0  0.0
  0.0  0.0  0.0  0.0  0.0  0.0  0.0  0.0  0.0  0.0  0.0  0.0  0.0  0.0  0.0
  0.0  0.0  0.0  0.0  0.0  0.0  0.0  0.0  0.0  0.0  0.0  0.0  0.0  0.0  0.0
  0.0  0.0  0.0  0.0  0.0  0.0  0.0  0.0  0.0  0.0  0.0  0.0  0.0  0.0  0.0
  0.0  0.0  0.0  0.0  0.0  0.0  0.0 18.9 18.9  0.0  0.0  0.0  0.0  0.0 18.9
  0.0  0.0  0.0  0.0  0.0  0.0  0.0  0.0  0.0 18.9  0.0  0.0  0.0  0.0  0.0
     -3.61     -3.87      8.74     -6.61     22.82  0.0  0.0  0.0  0.0  0.0
                                   t000023_s20_p60_el2ap.txt 14.3  5.2   72
  0.0  0.0  0.0 41.7  0.0  0.0  0.0  0.0  0.0  0.0  0.0  0.0  0.0  0.0  0.0
 13.9  0.0  0.0 13.9  0.0  0.0319.4111.1 97.2 41.7  0.0  0.0  0.0  0.0  0.0
  0.0  0.0 27.8  0.0 55.6 41.7  0.0  0.0  0.0  0.0  0.0  0.0  0.0 13.9  0.0
  0.0  0.0  0.0  0.0  0.0  0.0 13.9 13.9  0.0  0.0138.9  0.0 27.8 83.3  0.0
  0.0  0.0  0.0  0.0  0.0  0.0  0.0  0.0  0.0  0.0  0.0  0.0  0.0  0.0  0.0
  0.0  0.0  0.0  0.0  0.0  0.0  0.0  0.0  0.0  0.0  0.0  0.0  0.0  0.0  0.0
  0.0  0.0  0.0  0.0  0.0  0.0  0.0  0.0  0.0  0.0  0.0  0.0  0.0  0.0  0.0
  0.0  0.0  0.0  0.0  0.0  0.0  0.0  0.0  0.0  0.0  0.0  0.0  0.0  0.0  0.0
  0.0  0.0  0.0  0.0  0.0  0.0  0.0  0.0 13.9  0.0 27.8  0.0  0.0 13.9  0.0
  0.0  0.0  0.0  0.0  0.0 27.8  0.0  0.0  0.0 13.9  0.0  0.0 13.9  0.0  0.0
    -20.71     -4.36    -15.80     -6.61     -1.52  0.0 13.9  0.0  0.0  0.0
                                   t000023_s20_p61_el2ap.txt  3.3  6.5   14
  0.0  0.0  0.0  0.0  0.0  0.0  0.0  0.0  0.0  0.0  0.0  0.0  0.0  0.0  0.0
  0.0  0.0  0.0  0.0  0.0  0.0357.1142.9142.9 71.4  0.0  0.0  0.0  0.0  0.0
  0.0  0.0142.9  0.0  0.0  0.0  0.0  0.0  0.0  0.0  0.0  0.0  0.0 71.4  0.0
  0.0  0.0  0.0  0.0  0.0  0.0  0.0 71.4  0.0  0.0142.9  0.0  0.0 71.4  0.0
  0.0  0.0  0.0  0.0  0.0  0.0  0.0  0.0  0.0  0.0  0.0  0.0  0.0  0.0  0.0
  0.0  0.0  0.0  0.0  0.0  0.0  0.0  0.0  0.0  0.0  0.0  0.0  0.0  0.0  0.0
  0.0  0.0  0.0  0.0  0.0  0.0  0.0  0.0  0.0  0.0  0.0  0.0  0.0  0.0  0.0
  0.0  0.0  0.0  0.0  0.0  0.0  0.0  0.0  0.0  0.0  0.0  0.0  0.0  0.0  0.0
  0.0  0.0  0.0  0.0  0.0  0.0  0.0  0.0  0.0  0.0  0.0  0.0  0.0  0.0  0.0
  0.0  0.0  0.0  0.0  0.0  0.0  0.0  0.0  0.0  0.0  0.0  0.0  0.0  0.0  0.0
    -38.23     -3.38     10.89     -6.61      7.20  0.0  0.0  0.0  0.0  0.0
                                   t000023_s20_p62_el2ap.txt  8.5  4.7   38
  0.0  0.0  0.0  0.0  0.0  0.0  0.0  0.0 26.3  0.0  0.0  0.0  0.0  0.0  0.0
  0.0  0.0  0.0  0.0  0.0  0.0342.1 26.3 78.9 26.3  0.0  0.0  0.0  0.0  0.0
  0.0  0.0 52.6  0.0  0.0 26.3  0.0  0.0  0.0  0.0  0.0  0.0  0.0  0.0  0.0
  0.0  0.0  0.0  0.0  0.0  0.0  0.0  0.0  0.0  0.0184.2 26.3  0.0 26.3  0.0
  0.0  0.0  0.0  0.0  0.0  0.0  0.0  0.0  0.0  0.0  0.0  0.0  0.0  0.0  0.0
  0.0  0.0  0.0  0.0  0.0  0.0  0.0  0.0  0.0  0.0  0.0  0.0  0.0  0.0  0.0
  0.0  0.0  0.0  0.0  0.0  0.0  0.0  0.0  0.0  0.0  0.0  0.0  0.0  0.0  0.0
  0.0  0.0  0.0  0.0  0.0  0.0  0.0  0.0  0.0  0.0  0.0  0.0  0.0  0.0  0.0
  0.0  0.0  0.0  0.0  0.0  0.0  0.0  0.0  0.0  0.0  0.0 26.3 26.3 26.3  0.0
  0.0  0.0  0.0  0.0  0.0  0.0  0.0  0.0  0.0  0.0  0.0  0.0  0.0  0.0  0.0
    -24.40     -4.86      3.13     -6.61     -3.63  0.0  0.0  0.0  0.0  0.0
                                   t000023_s20_p63_el2ap.txt 11.0  5.4   48
  0.0  0.0  0.0 41.7  0.0  0.0  0.0  0.0  0.0 20.8  0.0  0.0  0.0  0.0  0.0
  0.0  0.0  0.0 20.8  0.0  0.0354.2145.8145.8  0.0  0.0  0.0  0.0  0.0  0.0
  0.0  0.0 62.5  0.0  0.0 20.8  0.0  0.0  0.0  0.0  0.0  0.0  0.0  0.0  0.0
 20.8  0.0  0.0  0.0 20.8  0.0 20.8 20.8  0.0  0.0166.7  0.0  0.0 62.5  0.0
  0.0  0.0  0.0  0.0  0.0  0.0  0.0  0.0  0.0  0.0  0.0  0.0  0.0  0.0  0.0
  0.0  0.0  0.0  0.0  0.0  0.0  0.0  0.0  0.0  0.0  0.0  0.0  0.0  0.0  0.0
  0.0  0.0  0.0  0.0  0.0  0.0  0.0  0.0  0.0  0.0  0.0  0.0  0.0  0.0  0.0
  0.0  0.0  0.0  0.0  0.0  0.0  0.0  0.0  0.0  0.0  0.0  0.0  0.0  0.0  0.0
  0.0  0.0  0.0  0.0  0.0  0.0  0.0  0.0  0.0  0.0 41.7  0.0  0.0  0.0  0.0
  0.0  0.0  0.0  0.0  0.0  0.0  0.0  0.0  0.0 20.8  0.0  0.0  0.0  0.0  0.0
    -27.17     -5.73      4.13     -6.61      3.09  0.0  0.0  0.0  0.0  0.0
                                   t000023_s20_p64_el2ap.txt  3.5  8.6   14
  0.0  0.0  0.0 71.4  0.0  0.0  0.0  0.0  0.0  0.0  0.0  0.0  0.0  0.0  0.0
  0.0  0.0  0.0  0.0  0.0  0.0285.7142.9142.9 71.4  0.0  0.0  0.0  0.0  0.0
  0.0  0.0142.9  0.0  0.0 71.4  0.0  0.0  0.0  0.0  0.0  0.0  0.0 71.4  0.0
  0.0  0.0  0.0  0.0  0.0  0.0  0.0 71.4  0.0  0.0214.3  0.0  0.0142.9  0.0
  0.0  0.0  0.0  0.0  0.0  0.0  0.0  0.0  0.0  0.0  0.0  0.0  0.0  0.0  0.0
  0.0  0.0  0.0  0.0  0.0  0.0  0.0  0.0  0.0  0.0  0.0  0.0  0.0  0.0  0.0
  0.0  0.0  0.0  0.0  0.0  0.0  0.0  0.0  0.0  0.0  0.0  0.0  0.0  0.0  0.0
  0.0  0.0  0.0  0.0  0.0  0.0  0.0  0.0  0.0  0.0  0.0  0.0  0.0  0.0  0.0
  0.0  0.0  0.0  0.0  0.0  0.0  0.0  0.0  0.0  0.0  0.0  0.0  0.0  0.0  0.0
  0.0  0.0  0.0  0.0  0.0  0.0  0.0  0.0  0.0  0.0  0.0  0.0  0.0  0.0  0.0
    -39.49     -3.38      6.84     -6.61      7.20  0.0  0.0  0.0  0.0  0.0
                                   t000023_s20_p65_el2ap.txt  9.5  4.9   42
  0.0  0.0  0.0  0.0  0.0  0.0  0.0  0.0 23.8  0.0  0.0  0.0  0.0  0.0  0.0
  0.0  0.0  0.0  0.0  0.0  0.0333.3 47.6 47.6 23.8  0.0 23.8  0.0  0.0  0.0
  0.0  0.0 71.4  0.0  0.0 23.8  0.0  0.0  0.0  0.0  0.0  0.0  0.0  0.0  0.0
  0.0  0.0  0.0 23.8  0.0  0.0  0.0  0.0  0.0  0.0142.9 23.8  0.0 47.6  0.0
  0.0  0.0  0.0  0.0  0.0  0.0  0.0  0.0  0.0  0.0  0.0  0.0  0.0  0.0  0.0
  0.0  0.0  0.0  0.0  0.0  0.0  0.0  0.0  0.0  0.0  0.0  0.0  0.0  0.0  0.0
  0.0  0.0  0.0  0.0  0.0  0.0  0.0  0.0  0.0  0.0  0.0  0.0  0.0  0.0  0.0
  0.0  0.0  0.0  0.0  0.0  0.0  0.0  0.0  0.0  0.0  0.0  0.0  0.0  0.0  0.0
  0.0  0.0  0.0  0.0  0.0  0.0  0.0  0.0  0.0  0.0  0.0 23.8 23.8 23.8  0.0
  0.0  0.0  0.0  0.0  0.0  0.0  0.0  0.0  0.0  0.0  0.0  0.0  0.0  0.0  0.0
    -23.78     -0.37      4.58     -6.61     -3.63  0.0  0.0  0.0  0.0  0.0
                                   t000023_s20_p66_el2ap.txt  8.8  5.2   44
  0.0  0.0  0.0  0.0  0.0  0.0  0.0  0.0  0.0 22.7  0.0  0.0  0.0  0.0  0.0
  0.0  0.0  0.0 22.7  0.0  0.0340.9113.6113.6 68.2  0.0  0.0  0.0  0.0  0.0
  0.0  0.0 68.2 22.7  0.0  0.0  0.0  0.0  0.0  0.0  0.0  0.0  0.0  0.0  0.0
  0.0 22.7  0.0 22.7 22.7  0.0 45.5  0.0  0.0  0.0136.4  0.0  0.0 68.2  0.0
  0.0  0.0  0.0  0.0  0.0  0.0  0.0  0.0  0.0  0.0  0.0  0.0  0.0  0.0  0.0
  0.0  0.0  0.0  0.0  0.0  0.0  0.0  0.0  0.0  0.0  0.0  0.0  0.0  0.0  0.0
  0.0  0.0  0.0  0.0  0.0  0.0  0.0  0.0  0.0  0.0  0.0  0.0  0.0  0.0  0.0
  0.0  0.0  0.0  0.0  0.0  0.0  0.0  0.0  0.0  0.0  0.0  0.0  0.0  0.0  0.0
  0.0  0.0  0.0  0.0  0.0  0.0  0.0 22.7  0.0 22.7 22.7  0.0  0.0  0.0 22.7
  0.0  0.0  0.0  0.0  0.0  0.0  0.0  0.0  0.0 45.5  0.0  0.0  0.0  0.0  0.0
    -23.95     -3.48     -0.79     -6.61     -3.63  0.0  0.0  0.0  0.0  0.0
                                   t000023_s20_p67_el2ap.txt  6.5  6.0   31
  0.0  0.0  0.0 64.5  0.0  0.0 32.3  0.0  0.0  0.0  0.0  0.0  0.0  0.0  0.0
  0.0  0.0  0.0  0.0  0.0  0.0354.8225.8 64.5 32.3  0.0  0.0 32.3  0.0  0.0
  0.0 32.3 96.8  0.0  0.0  0.0  0.0  0.0  0.0  0.0  0.0  0.0  0.0  0.0  0.0
  0.0  0.0  0.0  0.0  0.0  0.0 32.3  0.0  0.0  0.0129.0  0.0  0.0 96.8  0.0
  0.0  0.0  0.0  0.0  0.0  0.0  0.0  0.0  0.0  0.0  0.0  0.0  0.0  0.0  0.0
  0.0  0.0  0.0  0.0  0.0  0.0  0.0  0.0  0.0  0.0  0.0  0.0  0.0  0.0  0.0
  0.0  0.0  0.0  0.0  0.0  0.0  0.0  0.0  0.0  0.0  0.0  0.0  0.0  0.0  0.0
  0.0  0.0  0.0  0.0  0.0  0.0  0.0  0.0  0.0  0.0  0.0  0.0  0.0  0.0  0.0
  0.0  0.0  0.0  0.0  0.0  0.0  0.0  0.0  0.0  0.0  0.0  0.0  0.0  0.0  0.0
  0.0  0.0  0.0  0.0  0.0  0.0  0.0  0.0  0.0  0.0  0.0 32.3  0.0  0.0  0.0
    -27.49      1.31     19.64     -6.61     -3.63  0.0  0.0  0.0  0.0  0.0
                                    t000023_s20_p7_el2ap.txt  3.0  7.0   12
  0.0  0.0  0.0 83.3  0.0  0.0  0.0  0.0  0.0  0.0  0.0  0.0  0.0  0.0  0.0
  0.0  0.0  0.0  0.0  0.0  0.0250.0166.7250.0 83.3  0.0  0.0  0.0  0.0  0.0
  0.0  0.0166.7  0.0  0.0  0.0  0.0  0.0  0.0  0.0  0.0  0.0  0.0 83.3  0.0
  0.0  0.0  0.0  0.0  0.0  0.0  0.0 83.3  0.0  0.0250.0  0.0  0.0166.7  0.0
  0.0  0.0  0.0  0.0  0.0  0.0  0.0  0.0  0.0  0.0  0.0  0.0  0.0  0.0  0.0
  0.0  0.0  0.0  0.0  0.0  0.0  0.0  0.0  0.0  0.0  0.0  0.0  0.0  0.0  0.0
  0.0  0.0  0.0  0.0  0.0  0.0  0.0  0.0  0.0  0.0  0.0  0.0  0.0  0.0  0.0
  0.0  0.0  0.0  0.0  0.0  0.0  0.0  0.0  0.0  0.0  0.0  0.0  0.0  0.0  0.0
  0.0  0.0  0.0  0.0  0.0  0.0  0.0  0.0  0.0  0.0  0.0  0.0  0.0  0.0 83.3
  0.0  0.0  0.0  0.0  0.0  0.0  0.0  0.0  0.0  0.0  0.0  0.0  0.0  0.0  0.0
    -40.67     -2.99     12.55     -6.61      9.00  0.0  0.0  0.0  0.0  0.0
                                    t000023_s20_p8_el2ap.txt  8.0  4.6   38
  0.0  0.0  0.0  0.0  0.0  0.0  0.0  0.0 26.3  0.0  0.0  0.0  0.0  0.0  0.0
  0.0  0.0  0.0  0.0  0.0  0.0394.7 26.3 26.3 26.3  0.0  0.0  0.0  0.0  0.0
  0.0  0.0 78.9  0.0  0.0 26.3  0.0  0.0  0.0  0.0  0.0  0.0 26.3  0.0  0.0
  0.0  0.0  0.0  0.0  0.0  0.0  0.0  0.0  0.0  0.0105.3 26.3  0.0 26.3  0.0
  0.0  0.0  0.0  0.0  0.0  0.0  0.0  0.0  0.0  0.0  0.0  0.0  0.0  0.0  0.0
  0.0  0.0  0.0  0.0  0.0  0.0  0.0  0.0  0.0  0.0  0.0  0.0  0.0  0.0  0.0
  0.0  0.0  0.0  0.0  0.0  0.0  0.0  0.0  0.0  0.0  0.0  0.0  0.0  0.0  0.0
  0.0  0.0  0.0  0.0  0.0  0.0  0.0  0.0  0.0  0.0  0.0  0.0  0.0  0.0  0.0
  0.0  0.0  0.0  0.0  0.0  0.0  0.0  0.0  0.0  0.0  0.0 26.3 26.3 26.3  0.0
  0.0  0.0  0.0  0.0  0.0  0.0  0.0  0.0  0.0  0.0  0.0  0.0  0.0  0.0  0.0
    -22.68     -4.86      4.96     -6.61     12.82  0.0  0.0  0.0  0.0  0.0
                                    t000023_s20_p9_el2ap.txt  5.8  6.1   26
  0.0  0.0  0.0115.4  0.0  0.0  0.0  0.0  0.0  0.0  0.0  0.0  0.0 38.5  0.0
  0.0  0.0  0.0 38.5  0.0  0.0269.2 38.5115.4  0.0  0.0 38.5  0.0  0.0  0.0
  0.0  0.0  0.0  0.0  0.0 76.9  0.0  0.0  0.0  0.0  0.0  0.0  0.0  0.0  0.0
  0.0 38.5  0.0  0.0 38.5  0.0 76.9  0.0  0.0  0.0192.3  0.0  0.0115.4  0.0
  0.0  0.0  0.0  0.0  0.0  0.0  0.0  0.0  0.0  0.0  0.0  0.0  0.0  0.0  0.0
  0.0  0.0  0.0  0.0  0.0  0.0  0.0  0.0  0.0  0.0  0.0  0.0  0.0  0.0  0.0
  0.0  0.0  0.0  0.0  0.0  0.0  0.0  0.0  0.0  0.0  0.0  0.0  0.0  0.0  0.0
  0.0  0.0  0.0  0.0  0.0  0.0  0.0  0.0  0.0  0.0  0.0  0.0  0.0  0.0  0.0
  0.0  0.0  0.0  0.0  0.0  0.0  0.0  0.0  0.0  0.0  0.0  0.0  0.0  0.0  0.0
  0.0  0.0  0.0  0.0  0.0  0.0  0.0  0.0  0.0  0.0  0.0  0.0  0.0  0.0  0.0
      1.38      1.67     -3.40     -6.61     -3.63  0.0  0.0  0.0  0.0  0.0
                                     t000023_s4_p1_el2ap.txt 30.0  5.2  286
  3.5  0.0  0.0 14.0  0.0  0.0  0.0 17.5  0.0  0.0  0.0  0.0  0.0  3.5  7.0
  0.0  0.0  0.0 10.5  0.0  3.5342.7143.4 83.9 45.5  3.5  3.5  0.0  0.0  3.5
  0.0  3.5 69.9  0.0  3.5 24.5  0.0  0.0  0.0  0.0  0.0  0.0  3.5  0.0  0.0
  7.0  0.0  0.0 14.0  3.5  0.0 14.0  7.0  0.0  3.5 94.4  3.5  0.0 83.9  0.0
  3.5  0.0  0.0  0.0  0.0  0.0  0.0  0.0  0.0  0.0  0.0  0.0  0.0  0.0  0.0
  0.0  0.0  0.0  0.0  0.0  0.0  0.0  0.0  0.0  0.0  0.0  0.0  0.0  3.5  0.0
  0.0  0.0  0.0  0.0  0.0  0.0  0.0  0.0  0.0  0.0  3.5  0.0  0.0  3.5  0.0
  0.0  0.0  3.5  3.5  0.0  0.0  0.0  7.0  0.0  0.0  0.0  0.0  0.0  0.0  0.0
  0.0  0.0  0.0  0.0  0.0  0.0  0.0 35.0  7.0  7.0 17.5  3.5  7.0  3.5 10.5
  0.0  7.0  0.0  0.0  0.0  7.0  0.0  3.5  0.0 14.0  0.0 21.0  7.0  0.0  0.0
    -15.88     -3.40      6.45     -6.61      0.81  0.0  0.0  0.0  0.0  0.0
                                     t000023_s8_p1_el2ap.txt 22.3  5.1  129
  0.0  0.0  0.0 46.5  0.0  0.0  7.8  7.8  0.0  7.8  0.0  0.0  0.0 31.0  0.0
  0.0  0.0  0.0  0.0  0.0  0.0310.1162.8100.8  0.0  0.0  0.0  0.0  0.0  0.0
  0.0  7.8 62.0  0.0  0.0 23.3  7.8  0.0  0.0  0.0  0.0  7.8  7.8  7.8 15.5
  0.0  0.0  0.0 15.5  0.0  0.0  7.8 23.3  0.0  0.0124.0  0.0  0.0 77.5  0.0
  7.8  0.0  0.0  0.0  0.0  0.0  0.0  0.0  0.0  0.0  0.0  0.0  0.0  0.0  0.0
  0.0  0.0  0.0  0.0  0.0  0.0  0.0  0.0  0.0  0.0  0.0  0.0  0.0  0.0  0.0
  0.0  0.0  0.0  7.8  0.0  0.0  0.0  0.0  0.0  0.0  0.0  0.0  0.0  0.0  0.0
  0.0  0.0  0.0  0.0  7.8  0.0  7.8  0.0  0.0  0.0  0.0  0.0  0.0  0.0  0.0
  0.0  0.0  0.0  0.0  0.0  0.0  0.0 15.5  0.0  0.0  7.8 15.5 38.8  0.0  0.0
  0.0  7.8  0.0  0.0  0.0  0.0  0.0 23.3  7.8  0.0  0.0  0.0 31.0  0.0  0.0
    -10.48     -5.73      6.83     -3.50     14.32  0.0  0.0  0.0  0.0  0.0
                                     t000023_s8_p2_el2ap.txt 32.0  5.2  366
  2.7  0.0  0.0 16.4  0.0  0.0  0.0  2.7  0.0  5.5  0.0  0.0  0.0  2.7  0.0
  0.0  0.0  0.0  2.7  0.0  0.0442.6 65.6 24.6 19.1  0.0  2.7  8.2  0.0  0.0
  0.0  0.0 10.9  0.0 10.9 13.7  0.0  0.0  0.0  0.0  0.0  2.7  2.7 10.9  0.0
  0.0  0.0  0.0  2.7  0.0  0.0  2.7 10.9  0.0  0.0 35.5  0.0  0.0 38.3  0.0
  0.0  0.0  0.0  0.0  0.0  0.0  0.0  0.0  0.0  0.0  0.0  0.0  0.0  0.0  0.0
  0.0  0.0  0.0  0.0  0.0  0.0  0.0  0.0  0.0  0.0  0.0  0.0  0.0  0.0  0.0
  0.0  0.0  0.0  0.0  0.0  0.0  0.0  0.0  0.0  0.0  0.0  0.0  0.0  0.0  0.0
  0.0  0.0  0.0  0.0  0.0  0.0  0.0  0.0  0.0  0.0  0.0  0.0  0.0  0.0  0.0
  0.0  0.0  0.0  0.0  0.0  0.0  0.0  2.7  5.5  0.0  8.2  0.0  0.0  2.7  5.5
  0.0  0.0  2.7  0.0  2.7  0.0  0.0  0.0  2.7  0.0  0.0  0.0  5.5  0.0  0.0
    -23.86     -3.06     -2.26     -5.51     -0.26  0.0  0.0  0.0  0.0  0.0
                                     t000023_s8_p3_el2ap.txt 24.0  5.4  134
  0.0  0.0  0.0 22.4  0.0  0.0  0.0  0.0  0.0  0.0  0.0  0.0  0.0  0.0  0.0
  0.0  0.0  0.0 14.9  0.0  0.0350.7 89.6119.4  0.0  0.0  7.5  0.0  0.0  0.0
  0.0 14.9 74.6  7.5  7.5 22.4  0.0  0.0  0.0  0.0  0.0  7.5  0.0  0.0  7.5
  7.5  0.0  0.0  0.0  0.0  0.0 29.9 14.9  0.0  0.0119.4  0.0  0.0 44.8 14.9
  0.0  0.0  0.0  0.0  0.0  0.0  0.0  0.0  0.0  0.0  0.0  0.0  0.0  0.0  0.0
  0.0  0.0  0.0  0.0  0.0  0.0  0.0  0.0  0.0  0.0  0.0  0.0  7.5  0.0  0.0
  0.0  0.0  0.0  0.0  0.0  0.0  0.0  0.0  0.0  0.0  7.5  0.0  0.0  0.0  0.0
  0.0  0.0  7.5  7.5  0.0  0.0  0.0  7.5  0.0  0.0  0.0  0.0  0.0  0.0  0.0
  0.0  0.0  0.0  0.0  0.0  0.0  0.0  0.0  0.0  7.5 22.4  0.0  7.5  0.0 22.4
  0.0  0.0  0.0  0.0  0.0  0.0  0.0  0.0  0.0  0.0 14.9  0.0  7.5  0.0  0.0
    -28.16     -4.29      6.08     -3.62      4.52  0.0  0.0  0.0  0.0  0.0
                                     t000023_s8_p4_el2ap.txt 10.0  5.1   48
  0.0  0.0  0.0 20.8  0.0  0.0  0.0  0.0  0.0  0.0  0.0  0.0  0.0  0.0  0.0
  0.0  0.0  0.0  0.0  0.0  0.0437.5166.7104.2 20.8  0.0  0.0  0.0  0.0  0.0
  0.0  0.0 41.7  0.0  0.0 62.5  0.0  0.0  0.0  0.0  0.0  0.0 20.8  0.0  0.0
  0.0  0.0  0.0  0.0  0.0  0.0  0.0  0.0  0.0  0.0145.8  0.0  0.0 62.5 20.8
  0.0  0.0  0.0  0.0  0.0  0.0  0.0  0.0  0.0  0.0  0.0  0.0  0.0  0.0  0.0
  0.0  0.0  0.0  0.0  0.0  0.0  0.0  0.0  0.0  0.0  0.0  0.0  0.0  0.0  0.0
  0.0  0.0  0.0  0.0  0.0  0.0  0.0  0.0  0.0  0.0  0.0  0.0  0.0  0.0  0.0
  0.0  0.0  0.0  0.0  0.0  0.0  0.0  0.0  0.0  0.0  0.0  0.0  0.0  0.0  0.0
  0.0  0.0  0.0  0.0  0.0  0.0  0.0 41.7 20.8 20.8 62.5  0.0 41.7  0.0 20.8
  0.0  0.0  0.0  0.0  0.0  0.0  0.0  0.0  0.0  0.0  0.0  0.0  0.0  0.0  0.0
    -35.21     -5.04      0.32     -6.61      9.39  0.0  0.0  0.0  0.0  0.0
                                     t000024_s1_p1_el2ap.txt 28.3  5.5  180
 11.1  0.0  0.0 38.9  0.0  0.0  0.0  0.0  5.6  5.6  0.0  0.0  0.0  0.0  0.0
  0.0  0.0 11.1  5.6  0.0  0.0388.9122.2 55.6 27.8  0.0  5.6  5.6  0.0  0.0
  5.6  0.0 83.3  5.6  0.0  5.6  5.6  0.0  0.0  0.0  0.0  5.6  0.0 16.7  0.0
 11.1  5.6  5.6  0.0  5.6 11.1 11.1 27.8  0.0  5.6100.0  5.6  0.0 88.9  0.0
  0.0  0.0  0.0  0.0  0.0  0.0  0.0  0.0  0.0  0.0  0.0  0.0  0.0  0.0  0.0
  0.0  0.0  0.0  0.0  0.0  5.6  0.0  0.0  0.0  0.0  0.0  0.0  0.0  0.0  0.0
  0.0  0.0  0.0  0.0  0.0  0.0  0.0  5.6  0.0  0.0  0.0  0.0  0.0  0.0  0.0
  5.6  0.0  0.0  5.6  0.0  5.6  5.6  0.0  0.0  0.0  0.0  0.0  0.0  0.0  0.0
  0.0  0.0  0.0  0.0  0.0  0.0  0.0  5.6 22.2  0.0  0.0 22.2  0.0  5.6 16.7
  0.0  5.6  0.0  0.0  5.6  0.0  0.0  5.6  0.0 11.1  0.0  0.0  0.0  0.0  0.0
    -23.72     -2.72      9.91     -4.38      2.48  0.0  0.0  0.0  0.0  0.0
                                    t000024_s14_p1_el2ap.txt 29.3  4.4  347
  2.9  0.0  0.0 25.9  0.0  0.0  2.9  2.9  0.0  0.0  0.0  0.0  0.0  5.8  0.0
  0.0  0.0  0.0  8.6  0.0  0.0328.5123.9 57.6 34.6  0.0  0.0  2.9  0.0  0.0
  0.0  5.8 46.1  0.0  0.0 14.4  0.0  0.0  0.0  0.0  0.0  0.0  0.0 14.4  0.0
  5.8  0.0  0.0  0.0  2.9  0.0 14.4 20.2  0.0  0.0 77.8  0.0  0.0 72.0  5.8
  0.0  0.0  0.0  0.0  0.0  0.0  0.0  0.0  0.0  0.0  0.0  0.0  0.0  0.0  0.0
  0.0  0.0  0.0  0.0  0.0  0.0  0.0  0.0  0.0  0.0  0.0  0.0  0.0  0.0  0.0
  0.0  0.0  0.0  0.0  0.0  0.0  0.0  0.0  0.0  0.0  2.9  0.0  0.0  0.0  0.0
  0.0  0.0  0.0  0.0  0.0  0.0  0.0  2.9  0.0  0.0  0.0  0.0  0.0  0.0  0.0
  0.0  0.0  0.0  0.0  0.0  0.0  0.0  0.0  8.6  0.0  8.6  2.9  0.0 17.3 40.3
  0.0  0.0  0.0  0.0  0.0  0.0  0.0  0.0  0.0 11.5  0.0  2.9  0.0  0.0  0.0
    -19.82     -4.06      5.49     -6.61      0.42  2.9  2.9  0.0  0.0  0.0
                                    t000024_s14_p2_el2ap.txt 12.3  4.7   62
  0.0  0.0  0.0  0.0  0.0  0.0  0.0  0.0  0.0  0.0  0.0  0.0  0.0  0.0  0.0
  0.0  0.0  0.0  0.0  0.0  0.0403.2145.2 32.3 48.4  0.0  0.0  0.0  0.0  0.0
  0.0  0.0 32.3  0.0  0.0  0.0  0.0  0.0  0.0  0.0  0.0  0.0  0.0 16.1  0.0
 16.1  0.0  0.0  0.0  0.0  0.0  0.0 32.3  0.0  0.0 32.3  0.0  0.0 64.5  0.0
  0.0  0.0  0.0  0.0  0.0  0.0  0.0  0.0  0.0  0.0  0.0  0.0  0.0  0.0  0.0
  0.0  0.0  0.0  0.0  0.0  0.0  0.0  0.0  0.0  0.0  0.0  0.0  0.0  0.0  0.0
  0.0  0.0  0.0  0.0  0.0  0.0  0.0  0.0  0.0  0.0  0.0  0.0  0.0  0.0  0.0
  0.0  0.0  0.0  0.0  0.0  0.0  0.0  0.0  0.0  0.0  0.0  0.0  0.0  0.0  0.0
  0.0  0.0  0.0  0.0  0.0  0.0  0.0 32.3  0.0  0.0  0.0  0.0  0.0 16.1  0.0
  0.0  0.0  0.0  0.0  0.0  0.0  0.0 16.1  0.0  0.0  0.0  0.0  0.0  0.0  0.0
    -29.21     -4.14      3.21     -6.61      4.02  0.0  0.0 16.1  0.0  0.0
                                    t000024_s14_p3_el2ap.txt 24.0  5.0  118
  0.0  0.0  0.0  8.5  0.0  0.0  0.0  0.0  0.0  0.0  0.0  0.0  0.0  0.0  0.0
  0.0  0.0  0.0  0.0  0.0  0.0313.6161.0 33.9 67.8 16.9 16.9  0.0  0.0  0.0
  0.0  0.0 59.3  0.0  0.0 25.4  8.5  0.0  0.0  0.0  0.0  0.0  0.0 33.9  8.5
  8.5  0.0  0.0  0.0  0.0  0.0  0.0 50.8  0.0  0.0 59.3 16.9  0.0127.1 16.9
  0.0  0.0  0.0  0.0  0.0  0.0  0.0  0.0  0.0  0.0  0.0  0.0  0.0  0.0  0.0
  0.0  0.0  0.0  0.0  0.0  0.0  0.0  0.0  0.0  0.0  0.0  0.0  0.0  0.0  0.0
  0.0  8.5  0.0  0.0  0.0  0.0  0.0  0.0  0.0  0.0  0.0  0.0  0.0  0.0  0.0
  0.0  0.0  0.0  0.0  8.5  0.0  8.5  0.0  0.0  0.0  0.0  0.0  0.0  0.0  0.0
  0.0  0.0  0.0  0.0  0.0  0.0  0.0 16.9  8.5  0.0 16.9 25.4  0.0  0.0  8.5
  0.0  0.0  0.0  8.5  0.0  0.0  0.0 33.9  0.0 16.9  8.5  0.0 16.9  0.0  0.0
    -27.86      0.52      3.65     -6.61     10.76  0.0  0.0  0.0  0.0  0.0
                                    t000024_s14_p4_el2ap.txt 27.3  5.3  361
  5.5  0.0  0.0 11.1  0.0  0.0  0.0  0.0  0.0  0.0  0.0  0.0  0.0  0.0  0.0
  0.0  0.0  0.0  5.5  0.0  0.0293.6146.8 41.6 63.7  5.5  0.0  0.0  0.0  2.8
  0.0  2.8 55.4 11.1  5.5 30.5  8.3  0.0  0.0  0.0  0.0  8.3  8.3 38.8  5.5
  0.0  2.8  0.0  0.0  0.0  0.0 11.1 44.3  0.0  2.8 60.9  5.5  0.0102.5  8.3
  0.0  0.0  0.0  0.0  0.0  0.0  0.0  0.0  0.0  0.0  0.0  0.0  0.0  0.0  0.0
  0.0  0.0  0.0  0.0  0.0  0.0  0.0  0.0  0.0  0.0  0.0  0.0  0.0  0.0  0.0
  0.0  0.0  0.0  0.0  0.0  0.0  0.0  0.0  0.0  0.0  0.0  0.0  0.0  0.0  0.0
  0.0  0.0  0.0  0.0  0.0  0.0  0.0  0.0  0.0  0.0  0.0  0.0  0.0  0.0  0.0
  0.0  5.5  0.0  0.0  0.0  0.0  0.0  8.3 11.1  0.0 16.6 13.9  0.0  2.8  8.3
  0.0  0.0  0.0  0.0  5.5  0.0  0.0 36.0  2.8  5.5  2.8  0.0  0.0  0.0  0.0
    -26.16     -3.39      0.71     -3.28     11.71  0.0  0.0  0.0  0.0  0.0
                                    t000024_s14_p5_el2ap.txt  7.5  5.6   50
 20.0  0.0  0.0 20.0  0.0  0.0  0.0  0.0  0.0  0.0  0.0  0.0  0.0  0.0  0.0
  0.0  0.0  0.0  0.0  0.0  0.0340.0200.0 60.0 60.0  0.0  0.0  0.0  0.0  0.0
  0.0  0.0 80.0  0.0  0.0  0.0  0.0  0.0  0.0  0.0  0.0  0.0  0.0 40.0  0.0
  0.0 20.0  0.0  0.0  0.0  0.0 20.0 40.0  0.0  0.0 60.0  0.0  0.0100.0  0.0
  0.0  0.0  0.0  0.0  0.0  0.0  0.0  0.0  0.0  0.0  0.0  0.0  0.0  0.0  0.0
  0.0  0.0  0.0  0.0  0.0  0.0  0.0  0.0  0.0  0.0  0.0  0.0  0.0  0.0  0.0
  0.0  0.0  0.0  0.0  0.0  0.0  0.0  0.0  0.0  0.0  0.0  0.0  0.0  0.0  0.0
  0.0  0.0  0.0  0.0  0.0  0.0  0.0  0.0  0.0  0.0  0.0  0.0  0.0  0.0  0.0
  0.0  0.0  0.0  0.0  0.0  0.0  0.0  0.0  0.0  0.0  0.0  0.0  0.0 20.0  0.0
  0.0  0.0  0.0  0.0  0.0  0.0  0.0  0.0 20.0 20.0  0.0  0.0 20.0  0.0  0.0
    -30.88     -3.75      6.53     -6.61      2.43 20.0  0.0  0.0  0.0  0.0
                                    t000024_s14_p6_el2ap.txt 11.8  6.4   62
  0.0  0.0  0.0  0.0  0.0  0.0  0.0  0.0  0.0  0.0  0.0  0.0  0.0  0.0  0.0
  0.0  0.0  0.0  0.0  0.0  0.0322.6 96.8 80.6 64.5  0.0  0.0  0.0  0.0  0.0
  0.0 32.3 64.5  0.0 16.1 16.1  0.0  0.0 16.1  0.0  0.0 16.1  0.0 32.3  0.0
 16.1 16.1  0.0  0.0  0.0  0.0 48.4 48.4  0.0  0.0145.2  0.0  0.0112.9 16.1
  0.0  0.0  0.0  0.0  0.0  0.0  0.0  0.0  0.0  0.0  0.0  0.0  0.0  0.0  0.0
  0.0  0.0  0.0  0.0  0.0  0.0  0.0  0.0  0.0  0.0  0.0  0.0  0.0  0.0  0.0
  0.0  0.0  0.0  0.0  0.0  0.0  0.0  0.0  0.0  0.0  0.0  0.0  0.0  0.0  0.0
  0.0  0.0  0.0  0.0  0.0  0.0  0.0  0.0  0.0  0.0  0.0  0.0  0.0  0.0  0.0
  0.0 16.1  0.0  0.0  0.0  0.0  0.0  0.0 16.1  0.0 48.4  0.0  0.0 16.1  0.0
  0.0  0.0  0.0  0.0  0.0  0.0  0.0 48.4  0.0  0.0  0.0  0.0  0.0  0.0  0.0
    -31.97     -3.61     11.74      5.05      6.46  0.0  0.0  0.0  0.0  0.0
                                    t000024_s14_p7_el2ap.txt 15.8  4.8   94
  0.0  0.0  0.0  0.0  0.0  0.0  0.0 10.6  0.0  0.0  0.0  0.0  0.0  0.0  0.0
  0.0  0.0  0.0  0.0  0.0  0.0266.0180.9 31.9 85.1 10.6  0.0  0.0  0.0  0.0
  0.0  0.0 31.9 10.6  0.0 53.2  0.0  0.0  0.0  0.0  0.0 10.6 10.6 42.6 10.6
  0.0  0.0  0.0  0.0 10.6  0.0  0.0 53.2  0.0  0.0 53.2 10.6  0.0 85.1  0.0
 10.6  0.0  0.0  0.0  0.0  0.0  0.0  0.0  0.0  0.0  0.0  0.0  0.0  0.0  0.0
  0.0  0.0  0.0  0.0  0.0  0.0  0.0  0.0  0.0  0.0  0.0  0.0  0.0  0.0  0.0
  0.0  0.0  0.0  0.0  0.0  0.0  0.0  0.0  0.0  0.0  0.0  0.0  0.0  0.0  0.0
  0.0  0.0  0.0  0.0  0.0  0.0  0.0  0.0  0.0  0.0  0.0  0.0  0.0  0.0  0.0
  0.0  0.0  0.0  0.0  0.0  0.0  0.0 10.6  0.0  0.0  0.0 31.9  0.0  0.0 42.6
  0.0  0.0  0.0 10.6  0.0  0.0  0.0 10.6  0.0 10.6  0.0  0.0  0.0  0.0  0.0
    -24.55     -2.46     -2.87     -2.35     17.65  0.0  0.0  0.0  0.0  0.0
                                    t000024_s14_p8_el2ap.txt 24.0  5.2  153
  0.0  0.0  0.0  6.5  0.0  0.0  0.0  0.0  0.0  0.0  6.5  0.0  0.0  0.0  0.0
  0.0  0.0  0.0  0.0  0.0  0.0379.1143.8 52.3 65.4  6.5  0.0  6.5 13.1  6.5
  0.0  0.0 52.3  0.0  0.0 19.6  6.5  0.0  0.0  0.0  0.0  0.0 13.1 32.7 13.1
  0.0  0.0  0.0  0.0  0.0  0.0  0.0 45.8  0.0 19.6 65.4  6.5  0.0 98.0 19.6
  0.0  0.0  0.0  0.0  0.0  0.0  0.0  0.0  0.0  0.0  0.0  0.0  0.0  0.0  0.0
  0.0  0.0  0.0  0.0  0.0  0.0  0.0  0.0  0.0  0.0  0.0  0.0  0.0  0.0  0.0
  0.0  0.0  0.0  0.0  0.0  0.0  0.0  0.0  0.0  0.0  0.0  0.0  0.0  0.0  0.0
  0.0  0.0  0.0  0.0  0.0  0.0  0.0  0.0  0.0  0.0  0.0  0.0  0.0  0.0  0.0
  0.0  0.0  0.0  0.0  0.0  0.0  0.0  6.5 39.2  0.0 13.1  0.0 19.6  6.5  0.0
  0.0  0.0  0.0  0.0  0.0  0.0  0.0 39.2  0.0 13.1  0.0  0.0  0.0  0.0  0.0
    -29.96     -2.08     14.45     -6.61     19.55  0.0  0.0  0.0  0.0  0.0
                                     t000024_s2_p1_el2ap.txt 11.5  5.4   57
  0.0  0.0  0.0 35.1  0.0  0.0  0.0  0.0 17.5  0.0  0.0  0.0  0.0  0.0  0.0
  0.0  0.0  0.0 17.5  0.0  0.0491.2140.4105.3 17.5 17.5  0.0  0.0  0.0  0.0
  0.0 17.5 70.2  0.0  0.0 17.5  0.0  0.0  0.0  0.0  0.0  0.0  0.0  0.0  0.0
  0.0  0.0  0.0  0.0  0.0  0.0 35.1  0.0  0.0  0.0105.3 35.1  0.0 52.6  0.0
  0.0  0.0  0.0  0.0  0.0  0.0  0.0  0.0  0.0  0.0  0.0  0.0  0.0  0.0  0.0
  0.0  0.0  0.0  0.0  0.0  0.0  0.0  0.0  0.0  0.0  0.0  0.0  0.0  0.0  0.0
  0.0  0.0  0.0  0.0  0.0  0.0  0.0  0.0  0.0  0.0  0.0  0.0  0.0  0.0  0.0
  0.0  0.0  0.0  0.0  0.0  0.0  0.0  0.0  0.0  0.0  0.0  0.0  0.0  0.0  0.0
  0.0  0.0  0.0  0.0  0.0  0.0  0.0  0.0 17.5 17.5 35.1  0.0  0.0  0.0  0.0
  0.0  0.0  0.0  0.0  0.0 17.5  0.0  0.0 35.1  0.0  0.0  0.0  0.0  0.0  0.0
    -31.85     -4.37     11.35     -6.61     -3.63  0.0  0.0  0.0  0.0  0.0
                                    t000024_s21_p1_el2ap.txt 32.3  5.4  243
  8.2  0.0  0.0 32.9  0.0  0.0  0.0  0.0  0.0  0.0  4.1  0.0  0.0  0.0  0.0
  0.0  0.0  8.2  8.2  0.0  0.0308.6148.1 57.6 49.4  4.1  8.2  0.0  0.0  0.0
  4.1 12.3 98.8  0.0  0.0 37.0  4.1  0.0  0.0  0.0  0.0  4.1  0.0 24.7  0.0
  0.0  0.0  4.1  8.2 16.5  8.2 20.6 24.7  0.0  4.1 94.7  4.1  0.0 86.4  4.1
  0.0  0.0  0.0  0.0  0.0  0.0  0.0  0.0  0.0  0.0  0.0  0.0  0.0  0.0  0.0
  0.0  0.0  0.0  0.0  0.0  4.1  0.0  0.0  0.0  0.0  0.0  0.0  0.0  0.0  0.0
  0.0  0.0  0.0  0.0  0.0  0.0  0.0  0.0  0.0  0.0  0.0  0.0  0.0  4.1  0.0
  4.1  0.0  0.0  4.1  0.0  0.0  0.0  4.1  0.0  0.0  0.0  0.0  0.0  0.0  0.0
  0.0  0.0  0.0  0.0  0.0  0.0  0.0  4.1 20.6  8.2  8.2 12.3  0.0 20.6 16.5
  0.0  4.1  0.0  0.0  8.2  4.1  4.1  4.1  0.0 16.5  0.0  0.0  0.0  0.0  0.0
    -23.65     -2.34     14.04     -4.96      0.11  0.0  0.0  0.0  0.0  0.0
                                   t000024_s21_p10_el2ap.txt 23.8  6.0  122
 16.4  0.0  0.0 57.4  0.0  0.0  8.2  0.0  0.0  8.2  0.0  0.0  0.0  0.0  0.0
  0.0  0.0 24.6  8.2  0.0  0.0303.3123.0 32.8 49.2  0.0  0.0 16.4  0.0  0.0
  0.0  8.2 65.6  8.2  0.0 16.4  0.0  0.0  0.0  0.0  0.0  0.0  8.2  8.2  8.2
  0.0  8.2 16.4  0.0  8.2 24.6 24.6 16.4  0.0  0.0 98.4  0.0  8.2139.3 16.4
  0.0  0.0  0.0  0.0  0.0  0.0  0.0  0.0  0.0  0.0  0.0  0.0  0.0  0.0  0.0
  0.0  0.0  0.0  8.2  0.0  0.0  8.2  0.0  0.0  0.0  0.0  0.0  0.0  0.0  0.0
  0.0  0.0  0.0  0.0  0.0  0.0  0.0  0.0  0.0  0.0  0.0  0.0  0.0  0.0  0.0
 16.4  0.0  0.0 16.4  0.0  0.0  0.0  0.0  0.0  0.0  0.0  0.0  0.0  0.0  0.0
  0.0  0.0  0.0  0.0  0.0  0.0  0.0 16.4  8.2  0.0  0.0 16.4  0.0  0.0  8.2
  0.0  0.0  8.2  0.0  0.0  0.0  0.0 24.6  8.2  8.2  0.0  0.0  8.2  0.0  0.0
    -13.98     -1.07      5.29     -6.61      9.04  0.0  0.0  0.0  0.0  0.0
                                   t000024_s21_p11_el2ap.txt 22.5  6.1  122
 16.4  0.0  0.0 49.2  0.0  0.0  0.0  0.0  0.0  0.0  0.0  0.0  0.0  0.0  0.0
  0.0  0.0  8.2  0.0  0.0  0.0278.7131.1106.6 41.0 16.4  8.2  0.0  0.0  8.2
  0.0  8.2147.5  8.2  0.0 32.8  8.2  0.0  8.2  0.0  8.2 16.4  8.2 16.4  0.0
  8.2 16.4  8.2  0.0  0.0 16.4 24.6 24.6  0.0  8.2123.0 16.4  8.2131.1 16.4
  0.0  0.0  0.0  0.0  0.0  0.0  0.0  0.0  0.0  0.0  0.0  0.0  0.0  0.0  0.0
  0.0  0.0  0.0  0.0  0.0  8.2  0.0  0.0  0.0  0.0  0.0  0.0  0.0  0.0  8.2
  0.0  0.0  0.0  0.0  0.0  0.0  0.0  0.0  0.0  8.2  0.0  0.0  0.0 16.4  0.0
  8.2  0.0  0.0  8.2  8.2  0.0 16.4 16.4  0.0  0.0  0.0  0.0  0.0  0.0  0.0
  0.0  0.0  0.0  0.0  0.0  0.0  0.0 24.6  8.2  0.0  8.2 16.4  0.0  0.0  8.2
  0.0  0.0  0.0  0.0  8.2 24.6 16.4  0.0  8.2 32.8  0.0  0.0 16.4  0.0  0.0
    -27.38     -2.07     14.15      6.50      6.62  0.0  0.0  0.0  0.0  0.0
                                   t000024_s21_p12_el2ap.txt  8.3  6.1   38
 26.3  0.0  0.0 78.9  0.0  0.0  0.0  0.0  0.0  0.0  0.0  0.0  0.0  0.0  0.0
  0.0  0.0 26.3  0.0  0.0  0.0289.5131.6 52.6  0.0  0.0  0.0  0.0  0.0  0.0
  0.0  0.0 78.9  0.0  0.0 52.6  0.0  0.0  0.0  0.0  0.0  0.0 26.3  0.0  0.0
 26.3  0.0 26.3  0.0 26.3 26.3  0.0 26.3  0.0  0.0105.3  0.0  0.0131.6 26.3
  0.0  0.0  0.0  0.0  0.0  0.0  0.0  0.0  0.0  0.0  0.0  0.0  0.0  0.0  0.0
  0.0  0.0  0.0  0.0  0.0 26.3  0.0  0.0  0.0  0.0  0.0  0.0  0.0  0.0  0.0
  0.0  0.0  0.0  0.0  0.0  0.0  0.0  0.0  0.0  0.0  0.0  0.0  0.0  0.0  0.0
 26.3  0.0  0.0 26.3  0.0  0.0  0.0  0.0  0.0  0.0  0.0  0.0  0.0  0.0  0.0
  0.0  0.0  0.0  0.0  0.0  0.0  0.0  0.0  0.0  0.0  0.0 26.3  0.0  0.0  0.0
  0.0  0.0  0.0  0.0  0.0  0.0  0.0 26.3  0.0 26.3  0.0  0.0 26.3  0.0  0.0
    -17.68     -5.73      3.47     -6.61     21.31  0.0  0.0  0.0  0.0  0.0
                                    t000024_s21_p2_el2ap.txt 34.0  5.2  277
 21.7  0.0  0.0 32.5  0.0  0.0  0.0  0.0  0.0  0.0  0.0  0.0  0.0  0.0  0.0
  0.0  0.0  3.6  0.0  0.0  0.0350.2155.2 28.9 46.9  3.6  0.0  3.6  0.0  0.0
  0.0  3.6 86.6  0.0  0.0 36.1  0.0  0.0  3.6  0.0  0.0  3.6 10.8  3.6  3.6
  7.2  7.2 10.8  0.0  3.6  3.6 10.8 14.4  0.0  0.0 65.0  3.6  0.0 83.0  3.6
  0.0  0.0  0.0  0.0  0.0  0.0  0.0  0.0  0.0  0.0  0.0  0.0  0.0  0.0  0.0
  0.0  0.0  0.0  0.0  0.0  7.2  0.0  0.0  0.0  0.0  0.0  0.0  3.6  0.0  0.0
  0.0  0.0  0.0  0.0  0.0  0.0  0.0  0.0  0.0  0.0  3.6  0.0  0.0  0.0  0.0
  7.2  0.0  3.6 10.8  0.0  0.0  0.0  3.6  0.0  0.0  0.0  0.0  0.0  0.0  0.0
  0.0  0.0  0.0  0.0  0.0  0.0  0.0 10.8 14.4  7.2 14.4 21.7  0.0 18.1  7.2
  0.0  0.0  0.0  0.0  0.0  3.6  0.0 25.3  3.6  7.2  0.0  0.0  3.6  0.0  0.0
    -25.21     -3.35      6.28     -4.00      8.80  3.6  0.0  0.0  0.0  0.0
                                    t000024_s21_p3_el2ap.txt 23.5  5.4  137
  7.3  0.0  0.0 21.9  0.0  0.0  0.0  0.0  0.0  0.0  7.3  0.0  0.0  0.0  0.0
  0.0  0.0  7.3  7.3  0.0  0.0335.8131.4 73.0 36.5  0.0 14.6  0.0  0.0  0.0
  0.0  0.0 73.0  0.0  0.0 14.6 14.6  0.0  0.0  0.0  0.0  0.0  7.3  7.3  0.0
 14.6  7.3  7.3  0.0  0.0  7.3 14.6 21.9  0.0  0.0 87.6  0.0  0.0102.2  0.0
  7.3  0.0  0.0  0.0  0.0  0.0  0.0  0.0  0.0  0.0  0.0  0.0  0.0  0.0  0.0
  0.0  0.0  0.0  0.0  0.0  7.3  0.0  0.0  0.0  0.0  0.0  0.0  0.0  0.0  0.0
  0.0  0.0  0.0  0.0  0.0  0.0  0.0  0.0  0.0  0.0  0.0  0.0  0.0  0.0  0.0
  7.3  0.0  0.0  7.3  0.0  0.0  0.0  0.0  0.0  0.0  0.0  0.0  0.0  0.0  0.0
  0.0  0.0  0.0  0.0  0.0  0.0  0.0 14.6  7.3  7.3 21.9 29.2  0.0  0.0  0.0
  0.0  0.0  0.0  0.0  0.0  0.0  0.0 14.6  0.0 21.9  0.0  0.0  7.3  0.0  0.0
    -24.87     -1.72      5.21     -6.61      6.75  0.0  0.0  0.0  0.0  0.0
                                    t000024_s21_p4_el2ap.txt 30.8  5.2  304
 13.2  0.0  0.0 72.4  0.0  0.0  3.3  3.3  0.0  9.9  0.0  0.0  0.0  3.3  0.0
  0.0  0.0 13.2  3.3  0.0  0.0325.7144.7 36.2 26.3  3.3  6.6  3.3  3.3  6.6
  0.0  6.6 75.7  0.0  0.0 26.3  3.3  3.3  0.0  0.0  3.3  0.0  6.6  6.6  3.3
  3.3  0.0 16.4  0.0  6.6 19.7  9.9 13.2  0.0  9.9 65.8  3.3  0.0105.3  9.9
  0.0  0.0  0.0  0.0  0.0  0.0  0.0  0.0  0.0  0.0  0.0  0.0  0.0  0.0  0.0
  0.0  0.0  0.0  0.0  0.0  6.6  6.6  0.0  0.0  3.3  0.0  0.0  0.0  0.0  0.0
  0.0  0.0  0.0  0.0  0.0  0.0  0.0  3.3  0.0  0.0  0.0  0.0  0.0  3.3  0.0
 13.2  3.3  0.0 16.4  0.0  3.3  3.3  3.3  0.0  0.0  0.0  0.0  0.0  0.0  0.0
  0.0  0.0  0.0  0.0  0.0  0.0  0.0  0.0 19.7  3.3 16.4 32.9  6.6 19.7  3.3
  0.0  0.0  9.9  0.0  0.0  0.0  0.0 23.0  0.0 13.2  6.6  3.3  3.3  6.6  0.0
    -16.24     -2.84     12.39     -4.26      5.07  0.0  0.0  0.0  0.0  0.0
                                    t000024_s21_p5_el2ap.txt 15.8  5.1   92
 43.5 10.9  0.0 97.8  0.0  0.0 10.9  0.0  0.0 10.9  0.0  0.0  0.0  0.0  0.0
  0.0  0.0 10.9  0.0  0.0  0.0250.0152.2 21.7 54.3  0.0 10.9  0.0  0.0  0.0
  0.0  0.0 21.7  0.0  0.0 65.2  0.0  0.0  0.0  0.0  0.0  0.0 10.9 10.9  0.0
  0.0 10.9 21.7  0.0  0.0 10.9 10.9 10.9  0.0  0.0 54.3  0.0 10.9141.3  0.0
  0.0  0.0  0.0  0.0  0.0  0.0  0.0  0.0  0.0  0.0  0.0  0.0  0.0  0.0  0.0
  0.0  0.0  0.0  0.0  0.0 10.9  0.0  0.0  0.0  0.0  0.0  0.0  0.0  0.0  0.0
  0.0  0.0  0.0  0.0  0.0  0.0  0.0  0.0  0.0  0.0  0.0  0.0  0.0 10.9  0.0
 10.9  0.0  0.0 10.9  0.0  0.0  0.0 10.9  0.0  0.0  0.0  0.0  0.0  0.0  0.0
  0.0  0.0  0.0  0.0  0.0  0.0  0.0  0.0 10.9  0.0 21.7 21.7  0.0  0.0  0.0
  0.0  0.0  0.0  0.0  0.0  0.0  0.0 32.6  0.0 10.9  0.0  0.0 10.9  0.0  0.0
     -9.10     -1.85     -1.22     -6.61      4.81  0.0  0.0  0.0  0.0  0.0
                                    t000024_s21_p6_el2ap.txt 13.5  5.6   70
  0.0  0.0  0.0 57.1  0.0  0.0  0.0  0.0  0.0  0.0  0.0  0.0  0.0  0.0  0.0
  0.0  0.0 28.6  0.0  0.0  0.0285.7157.1128.6  0.0 14.3  0.0  0.0  0.0  0.0
  0.0  0.0157.1  0.0  0.0 28.6  0.0  0.0  0.0  0.0  0.0 14.3  0.0 14.3  0.0
  0.0  0.0  0.0  0.0  0.0 28.6  0.0 14.3  0.0  0.0157.1 14.3  0.0 71.4 14.3
 14.3  0.0  0.0  0.0  0.0  0.0  0.0  0.0  0.0  0.0  0.0  0.0  0.0  0.0  0.0
  0.0  0.0  0.0  0.0  0.0  0.0  0.0  0.0  0.0  0.0  0.0  0.0  0.0  0.0  0.0
  0.0  0.0  0.0  0.0  0.0  0.0  0.0  0.0  0.0  0.0  0.0  0.0  0.0  0.0  0.0
  0.0  0.0  0.0  0.0  0.0  0.0  0.0  0.0  0.0  0.0  0.0  0.0  0.0  0.0  0.0
  0.0  0.0  0.0  0.0  0.0  0.0  0.0  0.0 14.3  0.0 14.3 28.6  0.0  0.0 28.6
  0.0  0.0 28.6  0.0  0.0  0.0 14.3  0.0  0.0  0.0  0.0 28.6 14.3  0.0  0.0
    -24.01     -5.09     10.26     -0.89     -1.46  0.0  0.0  0.0  0.0  0.0
                                    t000024_s21_p7_el2ap.txt 27.5  5.4  238
 29.4  0.0  0.0 54.6  0.0  0.0  0.0  0.0  0.0  0.0  4.2  0.0  0.0  0.0  0.0
  0.0  0.0 12.6  4.2  0.0  0.0281.5142.9 84.0 46.2  8.4  4.2  4.2  0.0  8.4
  0.0  0.0 50.4  0.0  0.0 37.8  4.2  0.0  0.0  0.0  0.0  0.0  8.4 16.8  0.0
  4.2 12.6  8.4  0.0  8.4 12.6 16.8 21.0  0.0  8.4117.6  8.4  0.0100.8  4.2
  4.2  0.0  0.0  0.0  0.0  0.0  0.0  0.0  0.0  0.0  0.0  0.0  0.0  0.0  0.0
  0.0  0.0  0.0  0.0  0.0  4.2  0.0  0.0  0.0  0.0  0.0  0.0  0.0  0.0  0.0
  0.0  0.0  0.0  0.0  0.0  0.0  0.0  0.0  0.0  0.0  0.0  0.0  0.0  0.0  0.0
  4.2  0.0  0.0  4.2  0.0  0.0  0.0  0.0  0.0  0.0  0.0  0.0  0.0  0.0  0.0
  0.0  0.0  0.0  0.0  0.0  0.0  0.0  0.0 16.8  4.2 21.0 25.2  4.2 21.0  0.0
  0.0  0.0  4.2  0.0  0.0  8.4  0.0 33.6  0.0  8.4  4.2  0.0  8.4  0.0  0.0
    -20.94     -2.25      6.53     -6.61      5.53  0.0  0.0  0.0  0.0  0.0
                                    t000024_s21_p8_el2ap.txt 27.5  5.0  248
 12.1  4.0  0.0 32.3  0.0  0.0  4.0  0.0  0.0 12.1  0.0  0.0  0.0  0.0  0.0
  0.0  0.0  4.0  0.0  0.0  0.0314.5173.4 44.4 44.4  4.0  0.0  4.0  0.0  0.0
  0.0  4.0 92.7  0.0  0.0 16.1  4.0  0.0  4.0  0.0  0.0  0.0 12.1  4.0  8.1
  0.0  0.0 16.1  0.0  8.1  4.0  4.0 12.1  0.0  0.0 88.7  4.0  0.0 80.6  0.0
  0.0  0.0  0.0  0.0  0.0  0.0  0.0  0.0  0.0  0.0  0.0  0.0  0.0  0.0  0.0
  0.0  0.0  0.0  0.0  0.0 12.1  0.0  0.0  0.0  0.0  0.0  0.0  0.0  0.0  0.0
  0.0  0.0  0.0  0.0  0.0  0.0  0.0  0.0  0.0  0.0  0.0  0.0  0.0  0.0  0.0
 12.1  0.0  0.0 12.1  0.0  0.0  0.0  0.0  0.0  0.0  0.0  0.0  0.0  0.0  0.0
  0.0  0.0  0.0  0.0  0.0  0.0  0.0  0.0 20.2  4.0 20.2 20.2  0.0 12.1 12.1
  0.0  4.0 24.2  0.0  0.0  0.0  4.0 12.1  0.0 12.1  8.1  0.0  8.1  0.0  0.0
    -22.52     -3.34      7.99     -5.30     10.75  0.0  0.0  0.0  0.0  0.0
                                    t000024_s21_p9_el2ap.txt 22.0  5.5  137
 21.9  0.0  0.0 43.8  0.0  0.0  0.0  0.0  0.0  0.0  0.0  0.0  0.0  0.0  0.0
  0.0  0.0 21.9  0.0  0.0  0.0343.1109.5 43.8 36.5 14.6  7.3  0.0  0.0  0.0
  0.0  0.0109.5  0.0  0.0  7.3  7.3  7.3  0.0  0.0  0.0  0.0  0.0 21.9  0.0
  0.0  7.3 29.2  7.3  0.0 29.2  7.3 21.9  0.0  0.0 51.1 14.6  0.0 94.9  7.3
  0.0  0.0  0.0  0.0  0.0  0.0  0.0  0.0  0.0  0.0  0.0  0.0  0.0  0.0  0.0
  0.0  0.0  0.0  0.0  0.0 14.6  7.3  0.0  0.0  0.0  0.0  0.0  0.0  0.0  0.0
  0.0  0.0  0.0  0.0  0.0  0.0  0.0  0.0  0.0  0.0  0.0  0.0  0.0  0.0  0.0
 21.9  0.0  0.0 21.9  0.0  0.0  0.0  0.0  0.0  0.0  0.0  0.0  0.0  0.0  0.0
  0.0  0.0  0.0  0.0  0.0  0.0  0.0  7.3 21.9  0.0 36.5  0.0  0.0  0.0  7.3
  0.0  7.3  0.0  0.0  0.0  0.0  0.0 14.6  0.0 29.2  7.3  7.3  0.0  0.0  0.0
    -19.19     -2.47      8.16     -4.87     -0.31  0.0  0.0  0.0  0.0  0.0
                                     t000024_s8_p1_el2ap.txt 20.5  5.1  119
  8.4  0.0  0.0 42.0  0.0  0.0  0.0  0.0  0.0  0.0  0.0  0.0  0.0  0.0  0.0
  0.0  0.0  8.4  0.0  0.0  0.0352.9142.9  8.4 25.2  8.4 25.2  0.0  0.0  0.0
  0.0  0.0 75.6  0.0  0.0 25.2  8.4  0.0  0.0  0.0  0.0  0.0 16.8  8.4  8.4
  8.4  0.0  0.0  8.4  8.4  8.4  0.0 25.2  0.0  0.0 25.2  8.4  0.0 84.0  0.0
  0.0  0.0  0.0  0.0  0.0  0.0  0.0  0.0  0.0  0.0  0.0  0.0  0.0  0.0  0.0
  0.0  0.0  0.0  0.0  0.0  0.0  0.0  8.4  0.0  0.0  0.0  0.0  0.0  0.0  0.0
  0.0  0.0  0.0  0.0  0.0  0.0  0.0  0.0  8.4  0.0  0.0  0.0  0.0  0.0  0.0
  0.0  8.4  0.0  8.4  0.0  8.4  8.4  0.0  0.0  0.0  0.0  0.0  0.0  0.0  0.0
  0.0  0.0  0.0  0.0  0.0  0.0  0.0 25.2 16.8  0.0  8.4 25.2  0.0  0.0 25.2
  0.0  0.0  0.0  0.0  0.0  0.0  8.4  0.0  8.4 25.2  0.0  0.0  0.0  0.0  0.0
    -23.09      0.32      4.79     -6.61     17.33  8.4  0.0  0.0  0.0  0.0
                                     t000024_s8_p2_el2ap.txt 23.3  5.6  124
  0.0  0.0  0.0 32.3  0.0  0.0  0.0  0.0  0.0  8.1  0.0  0.0  0.0  0.0  0.0
  0.0  0.0 16.1  0.0  0.0  0.0371.0137.1 56.5  0.0  8.1  8.1  0.0  0.0  0.0
  0.0  0.0 88.7  0.0  0.0  8.1  0.0  0.0  0.0  0.0  0.0  0.0  8.1  0.0  0.0
  8.1  0.0  8.1  0.0  8.1 16.1  0.0  8.1  0.0  0.0104.8  8.1  0.0 56.5  8.1
  0.0  0.0  0.0  0.0  0.0  0.0  0.0  0.0  0.0  0.0  0.0  0.0  0.0  0.0  0.0
  0.0  0.0  0.0  8.1  0.0  0.0  0.0  0.0  0.0  0.0  0.0  0.0  0.0  0.0  0.0
  0.0  0.0  0.0  0.0  0.0  0.0  0.0  0.0  0.0  0.0  0.0  0.0  0.0  0.0  0.0
  8.1  0.0  0.0  8.1  0.0  0.0  0.0  0.0  0.0  0.0  0.0  0.0  0.0  0.0  0.0
  0.0  0.0  0.0  0.0  0.0  0.0  0.0  8.1  8.1  0.0  8.1 32.3  0.0  0.0  8.1
  0.0  8.1  0.0  0.0  0.0  0.0  8.1  8.1  0.0  0.0  0.0  8.1  0.0  8.1  0.0
    -24.87     -3.82      6.68     -6.61      4.02  0.0  0.0  0.0  0.0  0.0
                                     t000024_s8_p3_el2ap.txt 32.5  5.3  182
  0.0  0.0  0.0 49.5  0.0  0.0  0.0  0.0  0.0  5.5  0.0  5.5  0.0  0.0  0.0
  5.5  0.0 33.0  5.5  0.0  0.0340.7131.9 71.4  5.5  0.0  5.5  0.0  5.5 11.0
  0.0  0.0 93.4  0.0  0.0 27.5  5.5 11.0  0.0  0.0  0.0 11.0 11.0 11.0 11.0
  0.0  0.0  0.0  5.5  0.0 44.0 11.0 22.0  0.0 16.5 93.4  0.0  5.5 71.4  0.0
  5.5  0.0  0.0  0.0  0.0  0.0  0.0  0.0  0.0  0.0  0.0  0.0  0.0  0.0  0.0
  0.0  0.0  0.0  0.0  0.0  0.0  0.0  0.0  0.0  0.0  0.0  0.0  0.0  0.0  0.0
  0.0  0.0  0.0  0.0  0.0  0.0  0.0  0.0  0.0  5.5  5.5  0.0  0.0  0.0  0.0
  0.0  0.0  0.0  0.0  0.0  0.0  5.5  5.5  0.0  0.0  0.0  0.0  0.0  0.0  0.0
  0.0  0.0  0.0  0.0  0.0  0.0  0.0  0.0  0.0 16.5 44.0 27.5  0.0  5.5 16.5
  0.0  5.5  0.0  0.0  5.5 11.0  0.0 16.5  0.0  5.5  5.5  0.0  5.5  0.0  0.0
    -12.36     -4.49     14.63      0.41     13.36  0.0  0.0  0.0  0.0  0.0
                                     t000024_s8_p4_el2ap.txt 23.5  5.5  140
  7.1  0.0  0.0 35.7  0.0  0.0  0.0  7.1  0.0  0.0  0.0  0.0  0.0  0.0  0.0
  0.0  0.0 14.3  0.0  0.0  7.1371.4150.0 78.6  7.1  7.1  0.0  0.0  0.0  7.1
  0.0  0.0114.3  7.1  0.0 28.6  0.0  0.0  0.0  7.1  7.1  0.0  0.0  7.1  7.1
  0.0  7.1  0.0  7.1  7.1 21.4 14.3 14.3  0.0  7.1100.0  7.1  0.0 64.3 14.3
  0.0  0.0  0.0  0.0  0.0  0.0  0.0  0.0  0.0  0.0  0.0  0.0  0.0  0.0  0.0
  0.0  0.0  0.0  0.0  0.0  0.0  7.1  0.0  0.0  0.0  0.0  0.0  0.0  0.0  0.0
  0.0  0.0  0.0  0.0  0.0  0.0  0.0  0.0  0.0  0.0  0.0  0.0  0.0  0.0  0.0
  7.1  0.0  0.0  7.1  0.0  0.0  0.0  0.0  0.0  0.0  0.0  0.0  0.0  0.0  0.0
  0.0  0.0  0.0  0.0  0.0  0.0  0.0 21.4  7.1  0.0  0.0 28.6  0.0  7.1 28.6
  0.0 21.4  0.0  0.0  0.0  0.0  0.0  7.1  0.0 14.3 14.3  0.0  0.0  0.0  0.0
    -22.94     -5.18      8.82      0.04      2.95  0.0  0.0  0.0  0.0  0.0
                                     t000024_s8_p5_el2ap.txt 24.8  5.0  142
  7.0  0.0  0.0 42.3  0.0  0.0  0.0  0.0  0.0  7.0 14.1  0.0  0.0  0.0  0.0
  0.0  0.0  7.0  7.0  0.0  0.0345.1154.9 49.3  0.0 14.1 14.1  0.0  0.0  0.0
  0.0  0.0 70.4  0.0  0.0 35.2  7.0  7.0  0.0  0.0  0.0  7.0 14.1  7.0  0.0
  0.0  7.0  0.0  7.0  7.0 14.1 14.1  7.0  0.0  0.0 63.4 14.1  0.0 56.3  7.0
  0.0  0.0  0.0  0.0  0.0  0.0  0.0  0.0  0.0  0.0  0.0  0.0  0.0  0.0  0.0
  0.0  0.0  0.0  0.0  0.0  0.0  0.0  0.0  0.0  7.0  0.0  0.0  0.0  0.0  0.0
  0.0  0.0  0.0  0.0  0.0  0.0  0.0  0.0  0.0  0.0  0.0  0.0  0.0  0.0  0.0
  0.0  7.0  0.0  7.0  0.0  0.0  0.0  0.0  0.0  0.0  0.0  0.0  0.0  0.0  0.0
  0.0  0.0  0.0  0.0  0.0  0.0  0.0  7.0 21.1  0.0 21.1 21.1  0.0  7.0 21.1
  7.0  0.0  0.0  0.0  0.0  0.0  0.0 35.2  0.0  7.0  0.0  0.0  0.0  0.0  0.0
    -21.84     -2.39      3.86     -2.11      6.24  0.0  7.0  0.0  0.0  0.0
                                     t000024_s8_p6_el2ap.txt 28.8  4.8  180
  0.0  0.0  0.0 44.4  0.0 11.1  0.0  0.0  0.0  0.0  0.0  0.0  0.0  0.0  0.0
  0.0  0.0  0.0  0.0  0.0  0.0411.1122.2 16.7 11.1  0.0  5.6  0.0  0.0  5.6
  0.0  0.0 27.8  0.0  0.0  5.6  0.0  0.0  0.0  0.0  0.0  0.0  0.0 16.7  5.6
  5.6  5.6  0.0  0.0  0.0  0.0  5.6 27.8  0.0  5.6 27.8  0.0  5.6 61.1  0.0
  0.0  0.0  0.0  0.0  0.0  0.0  0.0  0.0  0.0  0.0  0.0  0.0  0.0  0.0  0.0
  0.0  0.0  0.0  0.0  0.0  0.0  0.0  0.0  0.0  0.0  0.0  0.0  0.0  0.0  0.0
  0.0  0.0  0.0  0.0  0.0  0.0  0.0  0.0  0.0  0.0  0.0  0.0  0.0  0.0  0.0
  0.0  0.0  0.0  0.0  0.0  0.0  0.0  0.0  0.0  0.0  0.0  0.0  0.0  0.0  0.0
  0.0  0.0  0.0  0.0  0.0  0.0  0.0 11.1  5.6  5.6  0.0  0.0  0.0  5.6  5.6
  0.0  0.0  0.0  0.0  0.0  0.0  0.0  0.0  0.0  5.6  5.6  5.6  0.0  5.6  0.0
    -23.62     -4.29      5.36     -6.61      4.96  0.0  0.0  0.0  0.0  0.0
                                     t000024_s8_p7_el2ap.txt 17.3  5.6   95
  0.0  0.0  0.0 52.6  0.0  0.0  0.0 10.5  0.0 10.5  0.0  0.0  0.0  0.0  0.0
  0.0  0.0 10.5  0.0  0.0  0.0368.4136.8 52.6 21.1  0.0  0.0  0.0  0.0  0.0
  0.0 10.5147.4  0.0  0.0  0.0  0.0 10.5 10.5  0.0  0.0  0.0  0.0 10.5  0.0
 21.1  0.0  0.0  0.0  0.0 21.1 10.5 31.6  0.0  0.0 84.2  0.0  0.0105.3 10.5
 10.5  0.0  0.0  0.0  0.0  0.0  0.0  0.0  0.0  0.0  0.0  0.0  0.0  0.0  0.0
  0.0  0.0  0.0  0.0  0.0  0.0  0.0  0.0  0.0  0.0  0.0  0.0  0.0  0.0  0.0
  0.0  0.0  0.0  0.0  0.0  0.0  0.0  0.0  0.0  0.0  0.0  0.0  0.0  0.0  0.0
  0.0  0.0  0.0  0.0  0.0  0.0  0.0  0.0  0.0  0.0  0.0  0.0  0.0  0.0  0.0
  0.0  0.0  0.0  0.0  0.0  0.0  0.0 21.1 63.2 10.5 31.6  0.0  0.0 10.5 42.1
  0.0  0.0  0.0  0.0  0.0  0.0  0.0 10.5  0.0  0.0 21.1  0.0  0.0  0.0  0.0
    -22.65     -5.04     15.11     -0.70      4.76  0.0  0.0  0.0  0.0  0.0
                                     t000025_s1_p1_el2ap.txt  5.5  5.7   23
  0.0  0.0  0.0 43.5  0.0  0.0  0.0  0.0  0.0  0.0  0.0  0.0  0.0  0.0  0.0
  0.0  0.0  0.0  0.0  0.0  0.0391.3130.4130.4  0.0  0.0  0.0  0.0  0.0  0.0
  0.0  0.0 43.5  0.0  0.0  0.0  0.0  0.0  0.0  0.0  0.0  0.0  0.0  0.0  0.0
 43.5  0.0  0.0  0.0  0.0  0.0  0.0 43.5  0.0  0.0130.4  0.0  0.0 87.0  0.0
  0.0  0.0  0.0  0.0  0.0  0.0  0.0  0.0  0.0  0.0  0.0  0.0  0.0  0.0  0.0
  0.0  0.0  0.0  0.0  0.0  0.0  0.0  0.0  0.0  0.0  0.0  0.0  0.0  0.0  0.0
  0.0  0.0  0.0  0.0  0.0  0.0  0.0  0.0  0.0  0.0  0.0  0.0  0.0  0.0  0.0
  0.0  0.0  0.0  0.0  0.0  0.0  0.0  0.0  0.0  0.0  0.0  0.0  0.0  0.0  0.0
  0.0  0.0  0.0  0.0  0.0  0.0  0.0  0.0  0.0  0.0  0.0 43.5  0.0  0.0  0.0
  0.0  0.0  0.0  0.0  0.0  0.0  0.0  0.0  0.0  0.0  0.0  0.0  0.0  0.0  0.0
    -34.65     -5.73      3.99     -6.61     10.40  0.0  0.0  0.0  0.0  0.0
                                    t000025_s1_p10_el2ap.txt  9.8  6.0   43
  0.0  0.0  0.0 46.5  0.0  0.0  0.0  0.0  0.0  0.0 23.3  0.0  0.0  0.0  0.0
  0.0  0.0 23.3 23.3  0.0  0.0395.3139.5116.3  0.0  0.0  0.0  0.0  0.0  0.0
  0.0  0.0 93.0  0.0  0.0  0.0  0.0  0.0  0.0  0.0  0.0  0.0  0.0 23.3 23.3
  0.0 23.3  0.0  0.0  0.0 23.3 46.5 46.5  0.0  0.0186.0  0.0  0.0 93.0 23.3
  0.0  0.0  0.0  0.0  0.0  0.0  0.0  0.0  0.0  0.0  0.0  0.0  0.0  0.0  0.0
  0.0  0.0  0.0  0.0  0.0  0.0  0.0  0.0  0.0  0.0  0.0  0.0  0.0  0.0  0.0
  0.0  0.0  0.0  0.0  0.0  0.0  0.0  0.0  0.0  0.0  0.0  0.0  0.0  0.0  0.0
  0.0  0.0  0.0  0.0  0.0  0.0  0.0  0.0  0.0  0.0  0.0  0.0  0.0  0.0  0.0
  0.0  0.0  0.0  0.0  0.0  0.0  0.0  0.0  0.0 23.3 23.3  0.0  0.0  0.0  0.0
  0.0  0.0  0.0  0.0  0.0 23.3  0.0  0.0  0.0  0.0  0.0  0.0 23.3  0.0  0.0
    -21.33     -5.73      7.43     -6.61     17.79  0.0  0.0  0.0  0.0  0.0
                                    t000025_s1_p11_el2ap.txt  9.3  6.1   41
  0.0  0.0  0.0 48.8  0.0  0.0  0.0  0.0  0.0 24.4  0.0  0.0  0.0  0.0  0.0
  0.0  0.0  0.0  0.0  0.0  0.0390.2170.7170.7 24.4  0.0  0.0  0.0  0.0  0.0
  0.0  0.0122.0  0.0  0.0 24.4  0.0  0.0  0.0  0.0  0.0  0.0  0.0  0.0  0.0
  0.0  0.0  0.0  0.0  0.0  0.0  0.0  0.0  0.0  0.0195.1  0.0  0.0 73.2  0.0
  0.0  0.0  0.0  0.0  0.0  0.0  0.0  0.0  0.0  0.0  0.0  0.0  0.0  0.0  0.0
  0.0  0.0  0.0  0.0  0.0  0.0  0.0  0.0  0.0  0.0  0.0  0.0  0.0  0.0  0.0
  0.0  0.0  0.0  0.0  0.0  0.0  0.0  0.0  0.0  0.0  0.0  0.0  0.0  0.0  0.0
  0.0  0.0  0.0  0.0  0.0  0.0  0.0  0.0  0.0  0.0  0.0  0.0  0.0  0.0  0.0
  0.0  0.0  0.0  0.0  0.0  0.0  0.0  0.0 73.2  0.0  0.0 24.4  0.0  0.0  0.0
  0.0  0.0  0.0  0.0  0.0  0.0  0.0  0.0  0.0  0.0  0.0  0.0 24.4  0.0  0.0
    -35.93     -4.93      8.06     -6.61     -3.63  0.0  0.0  0.0  0.0  0.0
                                    t000025_s1_p12_el2ap.txt 10.3  5.9   46
 21.7  0.0  0.0 21.7  0.0  0.0  0.0  0.0  0.0  0.0  0.0  0.0  0.0  0.0  0.0
  0.0  0.0  0.0 21.7  0.0  0.0391.3108.7130.4 65.2  0.0  0.0  0.0  0.0  0.0
  0.0  0.0 21.7  0.0  0.0 21.7  0.0  0.0 21.7  0.0  0.0  0.0  0.0  0.0  0.0
  0.0  0.0  0.0  0.0  0.0  0.0 21.7  0.0  0.0  0.0130.4  0.0  0.0108.7 21.7
 21.7  0.0  0.0  0.0  0.0  0.0  0.0  0.0  0.0  0.0  0.0  0.0  0.0  0.0  0.0
  0.0  0.0  0.0  0.0  0.0  0.0  0.0  0.0  0.0  0.0  0.0  0.0  0.0  0.0  0.0
  0.0  0.0  0.0  0.0  0.0  0.0  0.0  0.0  0.0  0.0 21.7  0.0  0.0  0.0  0.0
  0.0  0.0  0.0  0.0  0.0  0.0  0.0 21.7  0.0  0.0  0.0  0.0  0.0  0.0  0.0
  0.0  0.0  0.0  0.0  0.0  0.0  0.0  0.0 43.5  0.0  0.0 21.7  0.0  0.0  0.0
  0.0  0.0  0.0  0.0  0.0  0.0  0.0 21.7 21.7 21.7  0.0  0.0  0.0  0.0  0.0
    -28.41     -3.58      1.25      0.41     -3.63  0.0  0.0  0.0  0.0  0.0
                                     t000025_s1_p2_el2ap.txt  9.5  5.8   43
  0.0  0.0  0.0 69.8  0.0  0.0  0.0 23.3  0.0  0.0  0.0  0.0  0.0  0.0  0.0
  0.0  0.0  0.0  0.0  0.0  0.0395.3139.5 93.0 23.3 23.3  0.0  0.0  0.0  0.0
  0.0  0.0 93.0  0.0  0.0 46.5  0.0  0.0  0.0  0.0  0.0 23.3 23.3 23.3  0.0
  0.0 46.5  0.0  0.0  0.0  0.0 46.5 23.3  0.0  0.0 93.0 23.3  0.0116.3 23.3
  0.0  0.0  0.0  0.0  0.0  0.0  0.0  0.0  0.0  0.0  0.0  0.0  0.0  0.0  0.0
  0.0  0.0  0.0  0.0  0.0  0.0  0.0  0.0  0.0  0.0  0.0  0.0  0.0  0.0  0.0
  0.0  0.0  0.0  0.0  0.0  0.0  0.0  0.0  0.0  0.0  0.0  0.0  0.0  0.0  0.0
  0.0  0.0  0.0  0.0  0.0  0.0  0.0  0.0  0.0  0.0  0.0  0.0  0.0  0.0  0.0
  0.0  0.0  0.0  0.0  0.0  0.0  0.0  0.0 23.3  0.0 93.0  0.0  0.0  0.0  0.0
  0.0  0.0  0.0  0.0  0.0  0.0  0.0  0.0  0.0 46.5 23.3  0.0 23.3  0.0  0.0
    -27.23     -3.93      4.79      2.70     14.43  0.0  0.0  0.0  0.0  0.0
                                     t000025_s1_p4_el2ap.txt 16.0  5.6   76
  0.0  0.0  0.0  0.0  0.0  0.0  0.0  0.0  0.0  0.0  0.0  0.0  0.0  0.0  0.0
  0.0  0.0  0.0 26.3  0.0  0.0473.7105.3 39.5 65.8  0.0  0.0  0.0  0.0  0.0
  0.0  0.0105.3  0.0  0.0 26.3  0.0  0.0  0.0  0.0  0.0  0.0  0.0 65.8  0.0
  0.0  0.0  0.0  0.0  0.0  0.0 26.3 65.8  0.0  0.0 65.8  0.0  0.0 92.1  0.0
  0.0  0.0  0.0  0.0  0.0  0.0  0.0  0.0  0.0  0.0  0.0  0.0  0.0  0.0  0.0
  0.0  0.0  0.0  0.0  0.0  0.0  0.0  0.0  0.0  0.0  0.0  0.0  0.0  0.0  0.0
  0.0  0.0  0.0  0.0  0.0  0.0  0.0  0.0  0.0  0.0  0.0  0.0  0.0  0.0  0.0
  0.0  0.0  0.0  0.0  0.0  0.0  0.0  0.0  0.0  0.0  0.0  0.0  0.0  0.0  0.0
  0.0  0.0  0.0  0.0  0.0  0.0  0.0  0.0 26.3 13.2  0.0 13.2 13.2 13.2  0.0
  0.0  0.0  0.0  0.0  0.0  0.0  0.0 13.2 13.2  0.0  0.0 13.2 13.2  0.0  0.0
    -26.67     -3.56      6.79     -6.61      6.34  0.0  0.0  0.0  0.0  0.0
                                     t000025_s1_p5_el2ap.txt 17.5  5.7   85
  0.0  0.0  0.0  0.0  0.0  0.0  0.0  0.0  0.0  0.0  0.0  0.0  0.0  0.0  0.0
  0.0  0.0  0.0 11.8  0.0  0.0329.4117.6 70.6 82.4  0.0  0.0  0.0  0.0  0.0
  0.0  0.0 47.1  0.0  0.0 11.8 11.8  0.0  0.0  0.0  0.0  0.0  0.0 58.8  0.0
  0.0  0.0  0.0 11.8  0.0  0.0 11.8 58.8  0.0  0.0 70.6  0.0  0.0 94.1  0.0
  0.0  0.0  0.0  0.0  0.0  0.0  0.0  0.0  0.0  0.0  0.0  0.0  0.0  0.0  0.0
  0.0  0.0  0.0  0.0  0.0  0.0  0.0  0.0  0.0  0.0  0.0  0.0  0.0  0.0  0.0
  0.0  0.0  0.0  0.0  0.0  0.0  0.0  0.0  0.0  0.0 11.8  0.0  0.0  0.0  0.0
  0.0  0.0  0.0  0.0  0.0  0.0  0.0 11.8  0.0  0.0  0.0  0.0  0.0  0.0  0.0
  0.0  0.0  0.0  0.0  0.0  0.0  0.0  0.0 11.8 11.8  0.0 23.5  0.0  0.0  0.0
  0.0  0.0  0.0  0.0  0.0  0.0  0.0 11.8 23.5 11.8  0.0  0.0 11.8  0.0  0.0
    -28.12     -3.02      3.57     -6.61      5.29  0.0  0.0  0.0  0.0  0.0
                                     t000025_s1_p6_el2ap.txt  8.8  6.1   38
 26.3  0.0  0.0 26.3  0.0  0.0  0.0  0.0  0.0  0.0  0.0  0.0  0.0  0.0  0.0
  0.0  0.0  0.0  0.0  0.0  0.0342.1105.3 78.9 78.9 26.3 26.3  0.0  0.0  0.0
  0.0  0.0105.3  0.0  0.0 26.3 26.3  0.0  0.0  0.0  0.0  0.0 26.3 78.9  0.0
  0.0  0.0  0.0  0.0  0.0  0.0  0.0 78.9  0.0  0.0105.3 26.3  0.0184.2 26.3
  0.0  0.0  0.0  0.0  0.0  0.0  0.0  0.0  0.0  0.0  0.0  0.0  0.0  0.0  0.0
  0.0  0.0  0.0  0.0  0.0  0.0  0.0  0.0  0.0  0.0  0.0  0.0  0.0  0.0  0.0
  0.0  0.0  0.0  0.0  0.0  0.0  0.0  0.0  0.0  0.0  0.0  0.0  0.0  0.0  0.0
  0.0  0.0  0.0  0.0  0.0  0.0  0.0  0.0  0.0  0.0  0.0  0.0  0.0  0.0  0.0
  0.0  0.0  0.0  0.0  0.0  0.0  0.0  0.0 52.6 26.3  0.0  0.0  0.0  0.0  0.0
  0.0  0.0  0.0  0.0  0.0  0.0  0.0 26.3 26.3 26.3  0.0  0.0 26.3  0.0  0.0
    -28.51      3.10      6.79     -6.61     24.78  0.0  0.0  0.0  0.0  0.0
                                     t000025_s1_p7_el2ap.txt  5.0  7.4   22
  0.0  0.0  0.0 45.5  0.0  0.0  0.0  0.0  0.0  0.0  0.0  0.0  0.0  0.0  0.0
  0.0  0.0  0.0 45.5  0.0  0.0454.5181.8227.3 45.5  0.0  0.0  0.0  0.0  0.0
  0.0  0.0 90.9  0.0  0.0  0.0  0.0  0.0  0.0  0.0  0.0  0.0  0.0  0.0  0.0
  0.0  0.0  0.0  0.0  0.0  0.0 45.5  0.0  0.0  0.0227.3  0.0  0.0 90.9  0.0
  0.0  0.0  0.0  0.0  0.0  0.0  0.0  0.0  0.0  0.0  0.0  0.0  0.0  0.0  0.0
  0.0  0.0  0.0  0.0  0.0  0.0  0.0  0.0  0.0  0.0  0.0  0.0  0.0  0.0  0.0
  0.0  0.0  0.0  0.0  0.0  0.0  0.0  0.0  0.0  0.0  0.0  0.0  0.0  0.0  0.0
  0.0  0.0  0.0  0.0  0.0  0.0  0.0  0.0  0.0  0.0  0.0  0.0  0.0  0.0  0.0
  0.0  0.0  0.0  0.0  0.0  0.0  0.0  0.0 45.5 45.5  0.0  0.0  0.0  0.0  0.0
  0.0  0.0  0.0  0.0  0.0  0.0  0.0  0.0 45.5  0.0  0.0  0.0  0.0  0.0  0.0
    -38.35     -4.23      7.29     -6.61     -3.63  0.0  0.0  0.0  0.0  0.0
                                     t000025_s1_p9_el2ap.txt  2.8  5.6   11
  0.0  0.0  0.0181.8  0.0  0.0  0.0  0.0  0.0  0.0  0.0  0.0  0.0  0.0  0.0
  0.0  0.0  0.0  0.0  0.0  0.0181.8 90.9181.8  0.0  0.0  0.0  0.0  0.0  0.0
  0.0  0.0 90.9  0.0  0.0  0.0  0.0  0.0  0.0  0.0  0.0  0.0  0.0  0.0  0.0
  0.0  0.0  0.0  0.0  0.0  0.0  0.0  0.0  0.0  0.0272.7  0.0  0.0181.8  0.0
  0.0  0.0  0.0  0.0  0.0  0.0  0.0  0.0  0.0  0.0  0.0  0.0  0.0  0.0  0.0
  0.0  0.0  0.0  0.0  0.0  0.0  0.0  0.0  0.0  0.0  0.0  0.0  0.0  0.0  0.0
  0.0  0.0  0.0  0.0  0.0  0.0  0.0  0.0  0.0  0.0  0.0  0.0  0.0  0.0  0.0
  0.0  0.0  0.0  0.0  0.0  0.0  0.0  0.0  0.0  0.0  0.0  0.0  0.0  0.0  0.0
  0.0  0.0  0.0  0.0  0.0  0.0  0.0  0.0  0.0  0.0  0.0 90.9  0.0  0.0  0.0
 90.9  0.0  0.0  0.0  0.0  0.0  0.0  0.0  0.0  0.0  0.0  0.0  0.0  0.0  0.0
    -25.87     -5.73      7.29     -6.61     -3.63  0.0  0.0  0.0  0.0  0.0
                                     t000025_s2_p1_el2ap.txt 10.0  5.5   49
  0.0  0.0  0.0 20.4  0.0  0.0  0.0  0.0  0.0  0.0  0.0  0.0  0.0  0.0  0.0
  0.0  0.0  0.0 20.4  0.0  0.0449.0142.9 40.8 40.8  0.0  0.0 20.4  0.0  0.0
  0.0  0.0142.9  0.0  0.0  0.0 20.4  0.0  0.0  0.0  0.0 20.4  0.0  0.0 20.4
  0.0  0.0  0.0 20.4  0.0  0.0 20.4 20.4  0.0  0.0 40.8  0.0  0.0 81.6 20.4
  0.0  0.0  0.0  0.0  0.0  0.0  0.0  0.0  0.0  0.0  0.0  0.0  0.0  0.0  0.0
  0.0  0.0  0.0  0.0  0.0  0.0  0.0  0.0  0.0  0.0  0.0  0.0  0.0  0.0  0.0
  0.0  0.0  0.0  0.0  0.0  0.0  0.0  0.0  0.0 20.4  0.0  0.0  0.0  0.0  0.0
  0.0  0.0  0.0  0.0  0.0  0.0 20.4  0.0  0.0  0.0  0.0  0.0  0.0  0.0  0.0
  0.0  0.0  0.0  0.0  0.0  0.0  0.0  0.0 40.8 40.8 40.8  0.0 20.4  0.0  0.0
  0.0  0.0  0.0  0.0  0.0  0.0  0.0  0.0 20.4  0.0  0.0  0.0  0.0  0.0  0.0
    -28.06     -0.61     10.89      1.56     12.07  0.0  0.0  0.0  0.0  0.0
