                                     t000246_s4_p6_el2ap.txt 12.5  5.2   73
  0.0  0.0  0.0 54.8  0.0  0.0 13.7  0.0  0.0  0.0  0.0  0.0  0.0  0.0  0.0
  0.0  0.0 41.1 13.7  0.0  0.0328.8150.7 41.1 13.7  0.0  0.0 13.7  0.0  0.0
  0.0  0.0  0.0  0.0  0.0 13.7  0.0  0.0  0.0  0.0  0.0 13.7  0.0  0.0 13.7
 13.7  0.0  0.0 13.7  0.0 41.1 13.7 27.4  0.0  0.0 68.5  0.0  0.0 82.2 13.7
  0.0  0.0  0.0  0.0  0.0  0.0  0.0  0.0  0.0  0.0  0.0  0.0  0.0  0.0  0.0
  0.0  0.0  0.0  0.0  0.0  0.0  0.0  0.0  0.0  0.0  0.0  0.0  0.0  0.0  0.0
  0.0  0.0  0.0  0.0  0.0  0.0  0.0  0.0  0.0  0.0  0.0  0.0  0.0 13.7  0.0
  0.0  0.0  0.0  0.0  0.0  0.0  0.0 13.7  0.0  0.0  0.0  0.0  0.0  0.0  0.0
  0.0  0.0  0.0  0.0  0.0  0.0  0.0 41.1 27.4  0.0 27.4 13.7 13.7 13.7  0.0
  0.0  0.0  0.0  0.0  0.0  0.0  0.0  0.0 27.4 13.7 13.7  0.0  0.0  0.0  0.0
    -10.11     -2.74      0.20     -1.13     11.33  0.0  0.0  0.0  0.0  0.0
                                     t000246_s4_p7_el2ap.txt 10.3  5.3   58
  0.0  0.0  0.0 34.5  0.0  0.0  0.0  0.0  0.0 34.5  0.0  0.0  0.0  0.0  0.0
  0.0  0.0 34.5  0.0  0.0  0.0327.6172.4 17.2  0.0  0.0  0.0  0.0  0.0  0.0
  0.0  0.0  0.0 17.2  0.0 34.5 17.2  0.0  0.0  0.0  0.0 17.2 17.2  0.0  0.0
  0.0  0.0  0.0  0.0  0.0 34.5  0.0  0.0  0.0  0.0 17.2  0.0  0.0 86.2 34.5
 17.2  0.0  0.0  0.0  0.0  0.0  0.0  0.0  0.0  0.0  0.0  0.0  0.0  0.0  0.0
  0.0  0.0  0.0  0.0  0.0  0.0  0.0  0.0  0.0  0.0  0.0  0.0  0.0  0.0  0.0
  0.0  0.0  0.0  0.0  0.0  0.0  0.0  0.0  0.0 17.2  0.0  0.0  0.0  0.0  0.0
  0.0  0.0  0.0  0.0  0.0  0.0 17.2  0.0  0.0  0.0  0.0  0.0  0.0  0.0  0.0
  0.0  0.0  0.0  0.0  0.0  0.0  0.0  0.0 69.0 34.5 34.5 34.5 17.2  0.0  0.0
  0.0  0.0  0.0  0.0  0.0  0.0  0.0  0.0  0.0  0.0  0.0 17.2  0.0  0.0  0.0
    -13.23     -5.73     -5.91      0.29      7.15  0.0  0.0  0.0  0.0  0.0
                                     t000246_s4_p8_el2ap.txt 16.0  5.3   91
  0.0  0.0  0.0 65.9  0.0  0.0  0.0  0.0  0.0  0.0 11.0  0.0  0.0  0.0  0.0
  0.0  0.0 22.0  0.0  0.0  0.0329.7175.8 65.9  0.0  0.0  0.0  0.0  0.0  0.0
  0.0 11.0  0.0  0.0  0.0 11.0  0.0  0.0  0.0 22.0  0.0  0.0 11.0  0.0  0.0
 11.0  0.0  0.0 11.0  0.0 22.0 33.0 11.0  0.0  0.0 98.9  0.0  0.0 76.9  0.0
 11.0  0.0  0.0  0.0  0.0  0.0  0.0  0.0  0.0  0.0  0.0  0.0  0.0  0.0  0.0
  0.0  0.0  0.0  0.0  0.0  0.0  0.0  0.0  0.0  0.0  0.0  0.0  0.0  0.0  0.0
  0.0  0.0  0.0  0.0  0.0  0.0  0.0  0.0  0.0  0.0  0.0  0.0  0.0  0.0  0.0
  0.0  0.0  0.0  0.0  0.0  0.0  0.0  0.0  0.0  0.0  0.0  0.0  0.0  0.0  0.0
  0.0  0.0  0.0  0.0  0.0  0.0  0.0  0.0 76.9 11.0 11.0  0.0  0.0  0.0  0.0
  0.0  0.0  0.0  0.0  0.0 11.0  0.0  0.0 11.0  0.0  0.0 11.0 33.0  0.0  0.0
    -22.29     -5.73      4.42      3.38      6.79  0.0  0.0  0.0  0.0  0.0
                                     t000250_s1_p1_el2ap.txt  7.5  5.8   41
  0.0  0.0  0.0  0.0  0.0  0.0  0.0  0.0  0.0  0.0  0.0  0.0  0.0  0.0  0.0
  0.0  0.0  0.0 48.8  0.0  0.0463.4122.0170.7  0.0  0.0  0.0  0.0  0.0  0.0
  0.0  0.0  0.0  0.0  0.0  0.0 24.4  0.0  0.0  0.0  0.0  0.0  0.0  0.0  0.0
  0.0  0.0  0.0  0.0  0.0  0.0 48.8  0.0  0.0  0.0195.1  0.0  0.0 48.8 24.4
  0.0  0.0  0.0  0.0  0.0  0.0  0.0  0.0  0.0  0.0  0.0  0.0  0.0  0.0  0.0
  0.0  0.0  0.0  0.0  0.0  0.0  0.0  0.0  0.0  0.0  0.0  0.0  0.0  0.0  0.0
  0.0  0.0  0.0  0.0  0.0  0.0  0.0  0.0  0.0  0.0  0.0  0.0  0.0  0.0  0.0
  0.0  0.0  0.0  0.0  0.0  0.0  0.0  0.0  0.0  0.0  0.0  0.0  0.0  0.0  0.0
  0.0  0.0  0.0  0.0  0.0  0.0  0.0  0.0 73.2  0.0  0.0  0.0  0.0  0.0  0.0
  0.0  0.0  0.0  0.0  0.0  0.0 73.2  0.0  0.0  0.0  0.0 24.4  0.0  0.0  0.0
    -30.03     -5.73      0.97     -6.61     -3.63  0.0  0.0  0.0  0.0  0.0
                                     t000250_s1_p2_el2ap.txt 14.8  5.9   78
  0.0  0.0  0.0 12.8  0.0  0.0  0.0  0.0  0.0  0.0  0.0  0.0  0.0  0.0  0.0
  0.0  0.0  0.0 51.3  0.0  0.0564.1 64.1 38.5 51.3  0.0  0.0 12.8  0.0  0.0
  0.0  0.0  0.0  0.0  0.0  0.0  0.0  0.0  0.0  0.0  0.0  0.0  0.0 51.3  0.0
  0.0  0.0  0.0  0.0  0.0  0.0 51.3 51.3  0.0  0.0 51.3  0.0  0.0102.6 25.6
  0.0  0.0  0.0  0.0  0.0  0.0  0.0  0.0  0.0  0.0  0.0  0.0  0.0  0.0  0.0
  0.0  0.0  0.0  0.0  0.0  0.0  0.0  0.0  0.0  0.0  0.0  0.0  0.0  0.0  0.0
  0.0  0.0  0.0  0.0  0.0  0.0  0.0  0.0  0.0  0.0  0.0  0.0  0.0  0.0  0.0
  0.0  0.0  0.0  0.0  0.0  0.0  0.0  0.0  0.0  0.0  0.0  0.0  0.0  0.0  0.0
  0.0  0.0  0.0  0.0  0.0  0.0  0.0 12.8  0.0  0.0  0.0  0.0  0.0 12.8  0.0
  0.0  0.0  0.0  0.0  0.0  0.0  0.0 12.8  0.0  0.0  0.0  0.0  0.0  0.0  0.0
    -22.89     -1.67      0.97     -6.61      4.14  0.0  0.0  0.0  0.0  0.0
                                     t000250_s1_p3_el2ap.txt 16.5  6.1   77
  0.0  0.0  0.0 13.0  0.0  0.0  0.0  0.0  0.0  0.0  0.0  0.0  0.0  0.0  0.0
  0.0  0.0  0.0 13.0  0.0  0.0493.5 51.9 39.0 39.0  0.0  0.0  0.0  0.0  0.0
  0.0  0.0  0.0  0.0  0.0 26.0 13.0  0.0  0.0  0.0  0.0  0.0  0.0  0.0  0.0
  0.0  0.0  0.0  0.0 13.0  0.0 13.0  0.0  0.0  0.0 64.9  0.0 13.0103.9 26.0
  0.0  0.0  0.0  0.0  0.0  0.0  0.0  0.0  0.0  0.0  0.0  0.0  0.0  0.0  0.0
  0.0  0.0  0.0  0.0  0.0  0.0  0.0  0.0  0.0 13.0  0.0  0.0  0.0  0.0  0.0
  0.0  0.0  0.0  0.0 13.0  0.0  0.0  0.0  0.0  0.0  0.0  0.0  0.0  0.0  0.0
  0.0 13.0  0.0 13.0  0.0 13.0 13.0  0.0  0.0  0.0  0.0  0.0  0.0  0.0  0.0
  0.0  0.0  0.0  0.0  0.0  0.0  0.0  0.0  0.0  0.0  0.0  0.0  0.0 13.0  0.0
  0.0  0.0  0.0  0.0  0.0  0.0  0.0 26.0  0.0  0.0  0.0 13.0  0.0  0.0  0.0
    -28.88     -4.45     -0.50     -6.61     -3.63  0.0  0.0  0.0  0.0  0.0
                                     t000250_s1_p4_el2ap.txt  6.0  5.0   27
  0.0  0.0  0.0 74.1  0.0  0.0  0.0  0.0  0.0  0.0  0.0  0.0  0.0  0.0  0.0
  0.0  0.0  0.0  0.0  0.0  0.0444.4148.1 74.1  0.0  0.0  0.0  0.0  0.0  0.0
  0.0  0.0  0.0  0.0  0.0  0.0  0.0  0.0  0.0  0.0  0.0  0.0  0.0 74.1  0.0
  0.0  0.0  0.0  0.0  0.0  0.0  0.0 74.1  0.0  0.0148.1  0.0  0.0 74.1  0.0
  0.0  0.0  0.0  0.0  0.0  0.0  0.0  0.0  0.0  0.0  0.0  0.0  0.0  0.0  0.0
  0.0  0.0  0.0  0.0  0.0  0.0  0.0  0.0  0.0  0.0  0.0  0.0  0.0  0.0  0.0
  0.0  0.0  0.0  0.0  0.0  0.0  0.0  0.0  0.0  0.0  0.0  0.0  0.0  0.0  0.0
  0.0  0.0  0.0  0.0  0.0  0.0  0.0  0.0  0.0  0.0  0.0  0.0  0.0  0.0  0.0
  0.0  0.0  0.0  0.0  0.0  0.0  0.0  0.0  0.0  0.0  0.0  0.0  0.0  0.0  0.0
  0.0  0.0  0.0  0.0  0.0  0.0  0.0  0.0  0.0  0.0  0.0  0.0  0.0  0.0  0.0
    -31.41     -5.73      0.97     -6.61      7.60  0.0  0.0  0.0  0.0  0.0
                                    t000250_s14_p1_el2ap.txt  8.8  5.4   40
  0.0  0.0  0.0 75.0  0.0  0.0  0.0  0.0  0.0  0.0  0.0  0.0  0.0  0.0  0.0
  0.0  0.0  0.0  0.0  0.0  0.0350.0175.0 50.0 50.0  0.0  0.0  0.0  0.0  0.0
  0.0  0.0  0.0  0.0  0.0  0.0  0.0  0.0  0.0  0.0  0.0  0.0  0.0  0.0 25.0
  0.0  0.0  0.0  0.0  0.0  0.0  0.0 25.0  0.0  0.0100.0  0.0  0.0125.0  0.0
  0.0  0.0  0.0  0.0  0.0  0.0  0.0  0.0  0.0  0.0  0.0  0.0  0.0  0.0  0.0
  0.0  0.0  0.0  0.0  0.0  0.0  0.0  0.0  0.0  0.0  0.0  0.0  0.0  0.0  0.0
  0.0  0.0  0.0  0.0  0.0  0.0  0.0  0.0  0.0  0.0  0.0  0.0  0.0  0.0  0.0
  0.0  0.0  0.0  0.0  0.0  0.0  0.0  0.0  0.0  0.0  0.0  0.0  0.0  0.0  0.0
  0.0  0.0  0.0  0.0  0.0  0.0  0.0  0.0 25.0  0.0  0.0 25.0 25.0  0.0  0.0
  0.0  0.0  0.0  0.0  0.0  0.0  0.0  0.0  0.0 50.0  0.0  0.0  0.0  0.0  0.0
    -29.35     -4.08      0.97     -6.61     15.60  0.0  0.0  0.0  0.0  0.0
                                   t000250_s14_p10_el2ap.txt 28.0  5.2  335
  3.0  0.0  0.0 11.9  0.0  0.0  0.0  0.0  6.0  0.0  0.0  0.0  0.0  0.0  0.0
  0.0  0.0  0.0 14.9  0.0 11.9453.7122.4 65.7 53.7  0.0  0.0  0.0  0.0  0.0
  0.0  0.0  0.0  0.0  3.0 11.9  0.0  0.0  0.0  0.0  0.0  0.0  9.0 35.8  0.0
  6.0  0.0  0.0  0.0  0.0  0.0 14.9 41.8  0.0  0.0 95.5  6.0  0.0 86.6 14.9
  0.0  0.0  0.0  0.0  0.0  0.0  0.0  0.0  0.0  0.0  0.0  0.0  0.0  0.0  0.0
  0.0  0.0  0.0  0.0  0.0  0.0  0.0  0.0  0.0  0.0  0.0  0.0  0.0  0.0  0.0
  0.0  0.0  0.0  0.0  0.0  0.0  0.0  0.0  0.0  0.0  6.0  0.0  0.0  0.0  0.0
  0.0  0.0  0.0  0.0  0.0  0.0  0.0  6.0  0.0  0.0  0.0  0.0  0.0  0.0  0.0
  0.0  0.0  0.0  0.0  0.0  0.0  0.0  3.0  3.0  6.0 17.9  6.0  9.0 50.7  0.0
  0.0  0.0  0.0  0.0  0.0  9.0  0.0 32.8  3.0  6.0  0.0  3.0  0.0  0.0  0.0
    -24.48     -3.96     -0.58     -6.61      9.32  0.0  0.0  0.0  0.0  0.0
                                    t000250_s14_p2_el2ap.txt 17.5  5.7   88
 22.7 11.4  0.0 22.7  0.0  0.0  0.0  0.0 11.4  0.0  0.0  0.0  0.0  0.0  0.0
  0.0  0.0  0.0  0.0  0.0  0.0318.2102.3 22.7 45.5 22.7 11.4  0.0  0.0  0.0
  0.0  0.0  0.0  0.0  0.0 11.4 45.5  0.0  0.0  0.0  0.0  0.0  0.0 22.7  0.0
 11.4 22.7  0.0 11.4 11.4  0.0 22.7 34.1  0.0  0.0 45.5 34.1  0.0170.5 22.7
  0.0  0.0  0.0  0.0  0.0  0.0  0.0  0.0  0.0  0.0  0.0  0.0  0.0  0.0  0.0
  0.0  0.0  0.0  0.0  0.0 11.4 11.4  0.0  0.0  0.0  0.0  0.0  0.0  0.0  0.0
  0.0 11.4  0.0  0.0  0.0 11.4  0.0  0.0  0.0 11.4  0.0  0.0  0.0  0.0  0.0
 22.7  0.0  0.0 22.7 11.4 11.4 34.1  0.0  0.0  0.0  0.0  0.0  0.0  0.0  0.0
  0.0  0.0  0.0  0.0  0.0  0.0  0.0 11.4  0.0  0.0 22.7 22.7 11.4  0.0  0.0
 11.4  0.0  0.0  0.0  0.0  0.0 11.4 22.7  0.0 34.1  0.0  0.0 22.7  0.0  0.0
    -21.10     -1.04      0.33     -6.61      3.48  0.0  0.0  0.0  0.0  0.0
                                    t000250_s14_p3_el2ap.txt  3.3  5.8   14
  0.0  0.0  0.0  0.0  0.0  0.0  0.0  0.0  0.0  0.0  0.0  0.0  0.0  0.0  0.0
  0.0  0.0  0.0  0.0  0.0  0.0428.6 71.4 71.4 71.4  0.0  0.0  0.0  0.0  0.0
  0.0  0.0  0.0  0.0  0.0 71.4  0.0  0.0  0.0  0.0  0.0  0.0  0.0  0.0  0.0
  0.0  0.0  0.0  0.0  0.0  0.0  0.0  0.0  0.0  0.0 71.4  0.0  0.0 71.4  0.0
  0.0  0.0  0.0  0.0  0.0  0.0  0.0  0.0  0.0  0.0  0.0  0.0  0.0  0.0  0.0
  0.0  0.0  0.0  0.0  0.0  0.0  0.0  0.0  0.0  0.0  0.0  0.0  0.0  0.0  0.0
  0.0  0.0  0.0  0.0  0.0  0.0  0.0  0.0  0.0  0.0  0.0  0.0  0.0  0.0  0.0
  0.0  0.0  0.0  0.0  0.0  0.0  0.0  0.0  0.0  0.0  0.0  0.0  0.0  0.0  0.0
  0.0  0.0  0.0  0.0  0.0  0.0  0.0  0.0  0.0  0.0  0.0  0.0  0.0  0.0  0.0
  0.0  0.0  0.0  0.0  0.0  0.0  0.0  0.0  0.0  0.0  0.0  0.0  0.0  0.0  0.0
    -31.84     -3.38     -3.08     -6.61     -3.63  0.0  0.0  0.0  0.0  0.0
                                    t000250_s14_p4_el2ap.txt 16.3  5.0  105
 38.1  0.0  0.0 66.7  0.0  0.0  0.0  0.0  0.0  0.0  0.0  0.0  0.0  0.0  0.0
  0.0  0.0  0.0  9.5  0.0  0.0352.4133.3 66.7 19.0  0.0  0.0  0.0  0.0  0.0
  0.0  0.0  0.0  0.0  0.0  0.0  0.0  0.0  0.0  0.0  0.0  0.0  0.0 19.0  0.0
  9.5  0.0  0.0  0.0  0.0  0.0  9.5 28.6  0.0  0.0 85.7  0.0  0.0114.3  9.5
  0.0  0.0  0.0  0.0  0.0  0.0  0.0  0.0  0.0  0.0  0.0  0.0  0.0  0.0  0.0
  0.0  0.0  0.0  0.0  0.0  0.0  0.0  0.0  0.0  0.0  0.0  0.0  0.0  0.0  0.0
  0.0  0.0  0.0  0.0  0.0  0.0  0.0  0.0  0.0  0.0  0.0  0.0  0.0  0.0  0.0
  0.0  0.0  0.0  0.0  0.0  0.0  0.0  0.0  0.0  0.0  0.0  0.0  0.0  0.0  0.0
  0.0  0.0  0.0  0.0  0.0  0.0  0.0  0.0  9.5  0.0  9.5 66.7  0.0  0.0  0.0
  0.0  0.0  0.0  0.0  0.0  0.0  0.0 19.0  0.0  9.5  0.0  0.0 47.6  0.0  0.0
    -22.37     -5.10      0.97     -6.61      2.33  0.0  0.0  0.0  0.0  0.0
                                    t000250_s14_p5_el2ap.txt 19.3  4.7  113
 44.2  0.0  0.0 61.9  0.0  0.0  0.0  0.0  8.8  8.8  0.0  0.0  0.0  0.0  0.0
  0.0  0.0  0.0  8.8  0.0  0.0327.4115.0 79.6 35.4  8.8  0.0  0.0  0.0  0.0
  8.8  0.0  0.0  0.0  0.0  8.8  0.0  0.0  0.0  0.0  0.0  0.0  8.8 17.7  0.0
  0.0  0.0  0.0  0.0  0.0  0.0  8.8 17.7  0.0  8.8 79.6 17.7  0.0115.0  8.8
  8.8  0.0  0.0  0.0  0.0  0.0  0.0  0.0  0.0  0.0  0.0  0.0  0.0  0.0  0.0
  0.0  0.0  0.0  0.0  0.0  0.0  0.0  0.0  0.0  0.0  0.0  0.0  0.0  0.0  0.0
  0.0  0.0  0.0  0.0  0.0  0.0  0.0  0.0  0.0  0.0  0.0  0.0  0.0  0.0  0.0
  0.0  0.0  0.0  0.0  0.0  0.0  0.0  0.0  0.0  0.0  0.0  0.0  0.0  0.0  0.0
  0.0  0.0  0.0  0.0  0.0  0.0  0.0  8.8  8.8  8.8  0.0  8.8  0.0 17.7  0.0
  0.0  0.0  0.0  0.0  0.0  8.8  0.0 17.7  0.0 26.5  0.0  0.0 44.2  0.0  0.0
    -18.90     -4.17      8.52     -6.61      4.59  0.0  0.0  0.0  0.0  0.0
                                    t000250_s14_p6_el2ap.txt  5.5  6.0   29
  0.0  0.0  0.0  0.0  0.0  0.0  0.0  0.0  0.0  0.0  0.0  0.0  0.0  0.0  0.0
  0.0  0.0  0.0  0.0  0.0  0.0448.3 34.5137.9 69.0  0.0  0.0  0.0  0.0  0.0
  0.0  0.0  0.0  0.0  0.0  0.0  0.0  0.0  0.0  0.0  0.0  0.0  0.0 69.0  0.0
  0.0  0.0  0.0  0.0  0.0  0.0  0.0 69.0  0.0  0.0172.4  0.0  0.0137.9 69.0
  0.0  0.0  0.0  0.0  0.0  0.0  0.0  0.0  0.0  0.0  0.0  0.0  0.0  0.0  0.0
  0.0  0.0  0.0  0.0  0.0  0.0  0.0  0.0  0.0  0.0  0.0  0.0  0.0  0.0  0.0
  0.0  0.0  0.0  0.0  0.0  0.0  0.0  0.0  0.0  0.0  0.0  0.0  0.0  0.0  0.0
  0.0  0.0  0.0  0.0  0.0  0.0  0.0  0.0  0.0  0.0  0.0  0.0  0.0  0.0  0.0
  0.0  0.0  0.0  0.0  0.0  0.0  0.0  0.0  0.0  0.0  0.0  0.0  0.0  0.0  0.0
  0.0  0.0  0.0  0.0  0.0  0.0  0.0  0.0  0.0  0.0  0.0 69.0  0.0  0.0  0.0
    -35.09     -3.46      0.97     -6.61      6.82  0.0  0.0  0.0  0.0  0.0
                                    t000250_s14_p7_el2ap.txt 23.3  4.8  191
  5.2  0.0  0.0 68.1 26.2  5.2  5.2  0.0  0.0  0.0  0.0  0.0  0.0  0.0  0.0
  0.0  0.0  0.0 26.2  0.0  0.0308.9120.4109.9 52.4  0.0  0.0  0.0  0.0  0.0
  0.0  5.2  0.0  0.0  0.0  0.0  5.2  0.0  0.0  0.0  0.0  0.0  0.0 10.5 10.5
  0.0 10.5  0.0  5.2  0.0  0.0 41.9 20.9  0.0  0.0130.9 26.2  0.0136.1 20.9
 15.7  0.0  0.0  0.0  0.0  0.0  0.0  0.0  0.0  0.0  0.0  0.0  0.0  0.0  0.0
  0.0  0.0  0.0  0.0  0.0  0.0  0.0  0.0  0.0  0.0  0.0  0.0  0.0  0.0  0.0
  0.0  0.0  0.0  0.0  0.0  0.0  0.0  0.0  0.0  0.0  0.0  0.0  0.0  0.0  0.0
  0.0  0.0  0.0  0.0  0.0  0.0  0.0  0.0  0.0  0.0  0.0  0.0  0.0  0.0  0.0
  0.0  0.0  0.0  0.0  0.0  0.0  0.0  0.0 20.9  0.0  5.2  0.0  0.0 62.8  0.0
  0.0  0.0  0.0  0.0  0.0  5.2 41.9 41.9  0.0 10.5  0.0  0.0  0.0  0.0  0.0
    -17.63     -4.01      2.91     -6.61      6.01  0.0  0.0  0.0  0.0  0.0
                                    t000250_s14_p8_el2ap.txt  8.8  4.3   48
  0.0  0.0  0.0 20.8 20.8  0.0  0.0  0.0  0.0  0.0  0.0  0.0  0.0  0.0  0.0
  0.0  0.0  0.0  0.0  0.0  0.0312.5 62.5 20.8125.0  0.0  0.0  0.0  0.0  0.0
  0.0  0.0  0.0  0.0  0.0  0.0  0.0  0.0  0.0  0.0  0.0  0.0  0.0 41.7  0.0
  0.0 20.8  0.0  0.0  0.0  0.0 20.8 41.7  0.0  0.0 41.7 20.8  0.0229.2104.2
  0.0  0.0  0.0  0.0  0.0  0.0  0.0  0.0  0.0  0.0  0.0  0.0  0.0  0.0  0.0
  0.0  0.0  0.0  0.0  0.0  0.0  0.0  0.0  0.0  0.0  0.0  0.0  0.0  0.0  0.0
  0.0  0.0  0.0  0.0  0.0  0.0  0.0  0.0  0.0  0.0  0.0  0.0  0.0  0.0  0.0
  0.0  0.0  0.0  0.0  0.0  0.0  0.0  0.0  0.0  0.0  0.0  0.0  0.0  0.0  0.0
  0.0  0.0  0.0  0.0  0.0  0.0  0.0  0.0 20.8  0.0  0.0  0.0  0.0104.2  0.0
  0.0  0.0  0.0  0.0  0.0  0.0  0.0166.7  0.0 20.8  0.0  0.0  0.0  0.0  0.0
    -19.78     -1.62      0.97     -6.61      2.69  0.0  0.0  0.0  0.0  0.0
                                    t000250_s14_p9_el2ap.txt 35.0  6.2  230
  0.0  4.3  0.0  4.3  0.0  0.0  0.0  0.0  0.0  0.0  0.0  0.0  0.0  0.0  0.0
  0.0  0.0  0.0 17.4  0.0  4.3465.2 65.2134.8 34.8  8.7  4.3 13.0  0.0  0.0
  0.0 13.0  0.0  0.0  4.3 21.7  0.0  0.0  0.0  0.0  0.0  4.3  0.0 17.4  0.0
  0.0  8.7  0.0  0.0  0.0  0.0 39.1 17.4  0.0  0.0173.9  8.7  0.0 56.5  4.3
  0.0  0.0  0.0  0.0  0.0  0.0  0.0  0.0  0.0  0.0  0.0  0.0  0.0  0.0  0.0
  0.0  0.0  0.0  4.3  0.0  0.0  0.0  0.0  0.0  0.0  0.0  0.0  0.0  0.0  0.0
  0.0  0.0  0.0  0.0  0.0  0.0  0.0  0.0  0.0  0.0  0.0  0.0  0.0  0.0  0.0
  4.3  0.0  0.0  4.3  0.0  0.0  0.0  0.0  0.0  0.0  0.0  0.0  0.0  0.0  0.0
  0.0  0.0  0.0  0.0  0.0  0.0  0.0  0.0 13.0  0.0 26.1  4.3  8.7  8.7  0.0
  4.3  4.3  0.0  0.0  0.0  0.0  4.3  4.3  8.7  0.0  0.0  0.0  4.3  0.0  0.0
    -30.50     -0.95      3.29     -4.87     -0.99  0.0  0.0  0.0  0.0  0.0
                                    t000250_s19_p1_el2ap.txt 27.8  5.2  172
  0.0  0.0  0.0  5.8  0.0  0.0  0.0  5.8  0.0  0.0  0.0  0.0  0.0  0.0  0.0
  0.0  0.0  0.0 17.4  0.0  0.0389.5133.7 64.0 64.0  0.0  0.0 17.4  0.0  0.0
  0.0  0.0  0.0  0.0  0.0 11.6  0.0  0.0  0.0  0.0  0.0  5.8  0.0  5.8  5.8
  0.0  0.0  0.0  0.0  5.8  0.0 17.4 11.6  0.0  0.0 75.6  0.0  0.0 93.0 11.6
  0.0  0.0  0.0  0.0  0.0  0.0  0.0  0.0  0.0  0.0  0.0  0.0  0.0  0.0  0.0
  0.0  0.0  0.0  0.0  0.0  0.0  0.0  0.0  0.0  0.0  0.0  0.0  0.0  0.0  0.0
  0.0  0.0  0.0  0.0  0.0  0.0  0.0  0.0  0.0  0.0  5.8  0.0  0.0  0.0  0.0
  0.0  0.0  0.0  0.0  0.0  0.0  0.0  5.8  0.0  0.0  0.0  0.0  0.0  0.0  0.0
  0.0  0.0  0.0  0.0  0.0  0.0  0.0  0.0  5.8  0.0  5.8  5.8 11.6 52.3  0.0
  5.8  0.0  5.8  0.0  0.0  5.8  5.8 29.1  0.0  0.0  0.0  0.0  5.8  0.0  0.0
    -26.08     -0.39      0.31     -4.28      1.73  0.0  0.0  0.0  0.0  0.0
                                    t000250_s19_p2_el2ap.txt 10.8  4.6   79
  0.0  0.0  0.0  0.0  0.0  0.0 38.0  0.0  0.0  0.0  0.0  0.0  0.0  0.0  0.0
  0.0  0.0  0.0  0.0  0.0  0.0455.7113.9 38.0 75.9  0.0 12.7 38.0  0.0  0.0
  0.0  0.0  0.0  0.0  0.0 12.7  0.0  0.0  0.0  0.0  0.0  0.0 12.7  0.0  0.0
  0.0 12.7  0.0  0.0  0.0  0.0 12.7  0.0  0.0  0.0 38.0  0.0  0.0 88.6  0.0
  0.0  0.0  0.0  0.0  0.0  0.0  0.0  0.0  0.0  0.0  0.0  0.0  0.0  0.0  0.0
  0.0  0.0  0.0  0.0  0.0  0.0  0.0  0.0  0.0  0.0  0.0  0.0  0.0  0.0  0.0
  0.0  0.0  0.0  0.0  0.0  0.0  0.0  0.0  0.0  0.0  0.0  0.0  0.0  0.0  0.0
  0.0  0.0  0.0  0.0  0.0  0.0  0.0  0.0  0.0  0.0  0.0  0.0  0.0  0.0  0.0
  0.0  0.0  0.0  0.0  0.0  0.0  0.0  0.0  0.0  0.0  0.0  0.0 12.7101.3  0.0
  0.0  0.0  0.0  0.0  0.0  0.0  0.0 38.0  0.0  0.0  0.0  0.0  0.0  0.0  0.0
    -21.67      6.24      0.25     -6.61      4.29  0.0  0.0  0.0  0.0  0.0
                                    t000250_s19_p3_el2ap.txt 11.0  4.4   79
 12.7  0.0  0.0 12.7  0.0  0.0 25.3  0.0  0.0  0.0  0.0  0.0  0.0  0.0  0.0
  0.0  0.0  0.0  0.0  0.0  0.0430.4113.9 38.0 63.3  0.0 25.3 25.3  0.0  0.0
  0.0  0.0  0.0  0.0  0.0 12.7  0.0  0.0  0.0  0.0  0.0  0.0 12.7  0.0  0.0
  0.0 25.3  0.0  0.0  0.0  0.0 25.3  0.0  0.0  0.0 38.0  0.0  0.0101.3  0.0
  0.0  0.0  0.0  0.0  0.0  0.0  0.0  0.0  0.0  0.0  0.0  0.0  0.0  0.0  0.0
  0.0  0.0  0.0  0.0  0.0  0.0  0.0  0.0  0.0  0.0  0.0  0.0  0.0  0.0  0.0
  0.0  0.0  0.0  0.0  0.0  0.0  0.0  0.0  0.0  0.0  0.0  0.0  0.0  0.0  0.0
  0.0  0.0  0.0  0.0  0.0  0.0  0.0  0.0  0.0  0.0  0.0  0.0  0.0  0.0  0.0
  0.0  0.0  0.0  0.0  0.0  0.0  0.0  0.0  0.0  0.0  0.0 12.7 12.7 75.9  0.0
  0.0  0.0  0.0  0.0  0.0  0.0  0.0 50.6  0.0 12.7  0.0  0.0  0.0  0.0  0.0
    -21.53      5.91      0.25     -6.61      4.29  0.0  0.0  0.0  0.0  0.0
                                    t000250_s19_p4_el2ap.txt  6.5  4.8   37
  0.0  0.0  0.0 27.0  0.0  0.0  0.0  0.0  0.0  0.0  0.0  0.0  0.0  0.0  0.0
  0.0  0.0 27.0 81.1  0.0  0.0459.5135.1  0.0 27.0  0.0 27.0  0.0  0.0  0.0
  0.0  0.0  0.0  0.0  0.0 27.0  0.0  0.0  0.0  0.0  0.0  0.0  0.0  0.0  0.0
  0.0  0.0  0.0  0.0  0.0 27.0 81.1  0.0  0.0  0.0  0.0  0.0  0.0 54.1  0.0
  0.0  0.0  0.0  0.0  0.0  0.0  0.0  0.0  0.0  0.0  0.0  0.0  0.0  0.0  0.0
  0.0  0.0  0.0  0.0  0.0  0.0  0.0  0.0  0.0  0.0  0.0  0.0  0.0  0.0  0.0
  0.0  0.0  0.0  0.0  0.0  0.0  0.0  0.0  0.0  0.0  0.0  0.0  0.0  0.0  0.0
  0.0  0.0  0.0  0.0  0.0  0.0  0.0  0.0  0.0  0.0  0.0  0.0  0.0  0.0  0.0
  0.0  0.0  0.0  0.0  0.0  0.0  0.0  0.0  0.0  0.0  0.0  0.0  0.0 27.0  0.0
  0.0  0.0  0.0  0.0  0.0  0.0  0.0  0.0  0.0 27.0  0.0  0.0 27.0  0.0  0.0
     -3.44      0.36     -0.56     -6.61     -3.63  0.0  0.0  0.0  0.0  0.0
                                    t000250_s19_p5_el2ap.txt 21.5  5.3  114
  8.8  0.0  0.0 43.9  0.0  0.0  0.0  8.8  0.0  0.0  0.0  0.0  0.0  0.0  0.0
  0.0  0.0  0.0  8.8  0.0  0.0386.0131.6 87.7 17.5  0.0  8.8  0.0  0.0  0.0
  0.0  0.0  0.0  0.0  0.0  8.8  0.0  0.0  0.0  0.0  0.0  0.0  0.0 17.5  0.0
  0.0  0.0  8.8  0.0  8.8  0.0  8.8 17.5  0.0  0.0149.1  0.0  8.8 70.2  8.8
  0.0  0.0  0.0  0.0  0.0  0.0  0.0  0.0  0.0  0.0  0.0  0.0  0.0  0.0  0.0
  0.0  0.0  0.0  0.0  0.0  8.8  0.0  0.0  0.0  8.8  0.0  0.0  0.0  0.0  0.0
  0.0  0.0  0.0  0.0  0.0  0.0  0.0  0.0  0.0  0.0  0.0  0.0  0.0  0.0  0.0
  8.8  8.8  0.0 17.5  0.0  0.0  0.0  0.0  0.0  0.0  0.0  0.0  0.0  0.0  0.0
  0.0  0.0  0.0  0.0  0.0  0.0  0.0  0.0  0.0  0.0  0.0 17.5  0.0 26.3  0.0
  0.0  0.0  0.0  0.0  0.0  0.0  0.0 17.5  0.0  0.0  0.0  8.8  0.0  0.0  0.0
    -26.70     -3.46      0.48     -6.61     -0.97  0.0  0.0  0.0  0.0  0.0
                                    t000250_s19_p6_el2ap.txt 17.3  5.3   93
 10.8  0.0  0.0 43.0  0.0  0.0  0.0  0.0 10.8  0.0  0.0  0.0  0.0  0.0  0.0
  0.0  0.0  0.0 21.5  0.0  0.0462.4118.3 53.8 21.5  0.0  0.0  0.0  0.0  0.0
  0.0  0.0  0.0  0.0 10.8 10.8  0.0  0.0  0.0  0.0  0.0  0.0  0.0 32.3  0.0
  0.0  0.0 10.8  0.0  0.0  0.0 21.5 32.3  0.0  0.0 75.3 10.8  0.0 96.8 32.3
  0.0  0.0  0.0  0.0  0.0  0.0  0.0  0.0  0.0  0.0  0.0  0.0  0.0  0.0  0.0
  0.0  0.0  0.0  0.0  0.0 10.8  0.0  0.0  0.0  0.0  0.0  0.0  0.0  0.0  0.0
  0.0  0.0  0.0  0.0  0.0  0.0  0.0  0.0  0.0  0.0  0.0  0.0  0.0  0.0  0.0
 10.8  0.0  0.0 10.8  0.0  0.0  0.0  0.0  0.0  0.0  0.0  0.0  0.0  0.0  0.0
  0.0  0.0  0.0  0.0  0.0  0.0  0.0  0.0  0.0  0.0  0.0 21.5  0.0 43.0  0.0
  0.0  0.0  0.0  0.0  0.0 10.8  0.0 21.5  0.0 10.8  0.0 10.8 10.8  0.0  0.0
    -25.27     -5.02     -2.80     -6.61      1.26 10.8  0.0  0.0  0.0  0.0
                                     t000250_s2_p1_el2ap.txt 24.5  5.0  154
  0.0  0.0  0.0 45.5  0.0  0.0  0.0  0.0  0.0  0.0  0.0  0.0  0.0  0.0  0.0
  0.0  0.0  0.0  0.0  0.0  0.0493.5103.9 58.4 19.5  0.0  0.0  6.5  0.0  0.0
  0.0  0.0  0.0  0.0  6.5 13.0  0.0  0.0  0.0  0.0  0.0  6.5  0.0  0.0 19.5
  0.0  0.0  0.0  6.5  0.0  0.0  0.0 19.5  0.0  0.0 64.9  0.0  0.0 58.4  0.0
  0.0  0.0  0.0  0.0  0.0  0.0  0.0  0.0  0.0  0.0  0.0  0.0  0.0  0.0  0.0
  0.0  0.0  0.0  0.0  0.0  0.0  0.0  0.0  0.0  0.0  0.0  0.0  0.0  0.0  0.0
  0.0  0.0  0.0  0.0  0.0  0.0  0.0  0.0  0.0  0.0  0.0  0.0  0.0  0.0  0.0
  0.0  0.0  0.0  0.0  0.0  0.0  0.0  0.0  0.0  0.0  0.0  0.0  0.0  0.0  0.0
  0.0  0.0  0.0  0.0  0.0  0.0  0.0  6.5  6.5  0.0  0.0  0.0  0.0 19.5  0.0
  0.0  0.0  0.0  0.0  0.0  0.0  0.0  0.0  6.5  0.0  0.0  0.0  0.0  0.0  0.0
    -31.07     -3.88     -1.67     -4.01     11.36  0.0  0.0  0.0  0.0  0.0
                                     t000250_s4_p1_el2ap.txt 13.0  5.4   76
  0.0  0.0  0.0 65.8  0.0  0.0  0.0  0.0  0.0  0.0 13.2  0.0  0.0  0.0  0.0
  0.0  0.0 13.2 13.2  0.0  0.0368.4118.4118.4  0.0  0.0  0.0  0.0  0.0  0.0
  0.0  0.0  0.0  0.0  0.0 52.6 26.3  0.0  0.0  0.0 13.2  0.0  0.0  0.0  0.0
 13.2  0.0  0.0  0.0 39.5 26.3 13.2 13.2  0.0  0.0171.1  0.0  0.0105.3  0.0
  0.0  0.0  0.0  0.0  0.0  0.0  0.0  0.0  0.0  0.0  0.0  0.0  0.0  0.0  0.0
  0.0  0.0  0.0  0.0  0.0  0.0  0.0  0.0  0.0 26.3  0.0  0.0  0.0  0.0  0.0
  0.0  0.0  0.0  0.0  0.0  0.0  0.0  0.0 13.2  0.0  0.0  0.0  0.0  0.0  0.0
  0.0 26.3  0.0 26.3  0.0 13.2 13.2  0.0  0.0  0.0  0.0  0.0  0.0  0.0  0.0
  0.0  0.0  0.0  0.0  0.0  0.0  0.0  0.0 13.2  0.0 26.3  0.0  0.0  0.0  0.0
  0.0  0.0  0.0  0.0  0.0 13.2  0.0 39.5  0.0  0.0  0.0 13.2  0.0  0.0  0.0
    -23.68     -5.73     -2.02     -0.34      0.62  0.0  0.0  0.0  0.0  0.0
                                     t000250_s5_p1_el2ap.txt 20.0  5.1  167
  6.0  0.0  0.0 24.0  0.0  0.0  0.0  0.0 18.0  0.0  0.0  0.0  0.0  0.0  0.0
  0.0  0.0  0.0 29.9  0.0  0.0371.3107.8 53.9 47.9  0.0  0.0 24.0  0.0  0.0
  0.0  0.0  0.0  0.0  0.0 29.9  0.0  0.0  0.0  0.0  0.0  0.0  0.0  0.0  0.0
  0.0  6.0  0.0 24.0  0.0  0.0 35.9  0.0  0.0  0.0 89.8 18.0  0.0113.8 35.9
  0.0  0.0  0.0  0.0  0.0  0.0  0.0  0.0  0.0  0.0  0.0  0.0  0.0  0.0  0.0
  0.0  0.0  0.0  0.0  0.0  0.0  0.0  0.0  0.0 24.0  0.0  0.0  0.0  0.0  0.0
  0.0  0.0  0.0  0.0  6.0  0.0  0.0  0.0  0.0  0.0  0.0  0.0  0.0  0.0  0.0
  0.0 24.0  0.0 24.0  0.0  6.0  6.0  0.0  0.0  0.0  0.0  0.0  0.0  0.0  0.0
  0.0  0.0  0.0  0.0  0.0  0.0  0.0  6.0  6.0  6.0  6.0  0.0  0.0 59.9  0.0
  0.0  0.0  0.0  0.0  0.0  0.0  0.0  6.0  0.0 18.0  0.0 12.0  0.0  0.0  0.0
    -20.87      0.28     -0.73     -6.61     -3.63  0.0  0.0  0.0  0.0  0.0
                                     t000250_s5_p2_el2ap.txt 28.8  5.9  222
 22.5  0.0  0.0 63.1  0.0  0.0  4.5  4.5  9.0  0.0  0.0  0.0  0.0  0.0  0.0
  0.0  0.0  0.0 13.5  0.0  0.0369.4121.6 85.6 22.5  4.5  9.0  0.0  0.0  0.0
  0.0  0.0  0.0  0.0  0.0 36.0  9.0  0.0  4.5  0.0  9.0  4.5 18.0  9.0  0.0
  0.0  0.0  4.5  0.0  0.0  9.0 13.5  9.0  0.0  0.0 99.1 13.5  0.0112.6 13.5
  9.0  0.0  0.0  0.0  0.0  0.0  0.0  0.0  0.0  0.0  0.0  0.0  0.0  0.0  0.0
  0.0  0.0  0.0  0.0  0.0  0.0  4.5  0.0  0.0  0.0  0.0  0.0  0.0  0.0  4.5
  4.5  0.0  0.0  0.0  0.0  4.5  0.0  0.0  0.0  0.0  0.0  0.0  0.0  0.0  0.0
  4.5  0.0  0.0  4.5  9.0  4.5 13.5  0.0  0.0  0.0  0.0  0.0  0.0  0.0  0.0
  0.0  0.0  0.0  0.0  0.0  0.0  0.0  0.0 13.5  0.0 22.5  4.5  9.0  0.0  4.5
  0.0 13.5  0.0  0.0  0.0 18.0  0.0 22.5  0.0 22.5  4.5  4.5  4.5  0.0  0.0
    -24.04     -3.05     -1.07      0.94      9.00  0.0  0.0  0.0  0.0  0.0
                                     t000250_s5_p3_el2ap.txt 30.0  5.2  218
 18.3  0.0  0.0 50.5  0.0  0.0  0.0  4.6 18.3  0.0  0.0  0.0  0.0  0.0  0.0
  0.0  0.0 13.8  4.6  0.0  0.0367.0146.8 64.2 41.3  4.6  4.6  9.2  0.0  0.0
  0.0  0.0  0.0  0.0  0.0 41.3  4.6  0.0  0.0  0.0  0.0  9.2 13.8 18.3  4.6
  0.0  0.0  9.2  4.6  4.6 13.8  4.6 22.9  0.0  0.0 78.0 22.9  0.0110.1 22.9
  0.0  0.0  0.0  0.0  0.0  0.0  0.0  0.0  0.0  0.0  0.0  0.0  0.0  0.0  0.0
  0.0  0.0  0.0  4.6  0.0  4.6  0.0  0.0  0.0  4.6  0.0  0.0  0.0  0.0  0.0
  0.0  0.0  0.0  0.0  4.6  0.0  0.0  0.0  0.0  0.0  0.0  0.0  0.0  0.0  0.0
  9.2  4.6  0.0 13.8  0.0  4.6  4.6  0.0  0.0  0.0  0.0  0.0  0.0  0.0  0.0
  0.0  0.0  0.0  0.0  0.0  0.0  0.0  0.0 18.3  0.0  4.6  0.0  0.0 32.1  0.0
 18.3  4.6  0.0  0.0  0.0  0.0  4.6 18.3  9.2 32.1  4.6  9.2  9.2  0.0  0.0
    -21.39     -1.58     -1.37     -2.94     11.28  0.0  0.0  0.0  0.0  0.0
                                     t000250_s5_p4_el2ap.txt 15.8  5.1   81
 12.3  0.0  0.0 37.0  0.0  0.0  0.0  0.0  0.0  0.0  0.0  0.0  0.0  0.0  0.0
  0.0  0.0 12.3 12.3  0.0  0.0358.0148.1 61.7 49.4  0.0  0.0  0.0  0.0  0.0
  0.0  0.0  0.0  0.0  0.0 49.4  0.0  0.0  0.0  0.0  0.0  0.0 12.3 12.3 12.3
  0.0  0.0  0.0  0.0 12.3 12.3 12.3 24.7  0.0  0.0 98.8  0.0  0.0 98.8 12.3
  0.0  0.0  0.0  0.0  0.0  0.0  0.0  0.0  0.0  0.0  0.0  0.0  0.0  0.0  0.0
  0.0  0.0  0.0  0.0  0.0  0.0  0.0  0.0  0.0 12.3  0.0  0.0 12.3  0.0  0.0
  0.0 12.3  0.0  0.0  0.0  0.0  0.0  0.0  0.0  0.0  0.0  0.0  0.0  0.0  0.0
  0.0 12.3 12.3 24.7 12.3  0.0 12.3  0.0  0.0  0.0  0.0  0.0  0.0  0.0  0.0
  0.0  0.0  0.0  0.0  0.0  0.0  0.0  0.0  0.0 12.3 12.3  0.0  0.0 74.1  0.0
  0.0  0.0  0.0  0.0  0.0  0.0  0.0 24.7 12.3 24.7  0.0 12.3  0.0  0.0  0.0
    -22.40     -4.10     -1.83     -6.61     15.46  0.0  0.0  0.0  0.0  0.0
                                     t000250_s5_p5_el2ap.txt 32.8  5.9  293
  6.8  0.0  0.0 99.0  0.0  0.0  3.4  0.0  3.4  3.4  3.4  0.0  0.0  0.0  0.0
  0.0  0.0 20.5  6.8  0.0  0.0365.2109.2 44.4 13.7  0.0  3.4  6.8  0.0 10.2
  0.0  0.0  0.0  0.0  0.0 41.0  6.8  0.0  0.0  0.0  0.0  0.0 20.5 13.7  3.4
  0.0  6.8 17.1  3.4 13.7 20.5 13.7 17.1  0.0 10.2 71.7  3.4  0.0126.3  3.4
  3.4  0.0  0.0  0.0  0.0  0.0  0.0  0.0  0.0  0.0  0.0  0.0  0.0  0.0  0.0
  0.0  0.0  0.0  6.8  3.4  3.4  3.4  0.0  0.0  3.4  0.0  0.0  0.0  3.4  0.0
  0.0  0.0  0.0  3.4  3.4  0.0  0.0  0.0  0.0  0.0  0.0  0.0  0.0  0.0  0.0
 17.1  3.4  3.4 23.9  3.4  3.4  6.8  0.0  0.0  0.0  0.0  0.0  0.0  0.0  0.0
  0.0  0.0  0.0  0.0  0.0  0.0  0.0  3.4 20.5  3.4 13.7 17.1  3.4  3.4  0.0
  0.0  3.4  0.0  0.0  0.0  3.4 13.7 10.2 10.2  3.4  3.4 10.2 10.2  0.0  0.0
    -17.80     -3.36      3.77     -6.61     13.87  0.0  0.0  0.0  0.0  0.0
                                     t000250_s5_p6_el2ap.txt 20.0  5.2  121
  8.3  0.0  0.0 74.4  0.0  0.0  0.0  0.0  8.3  8.3 16.5  0.0  0.0  0.0  0.0
  0.0  0.0  8.3  0.0  0.0  0.0338.8148.8 74.4  0.0  0.0  0.0  8.3  0.0  0.0
  0.0  0.0  0.0  0.0  0.0 41.3 16.5  0.0  0.0  0.0 24.8  0.0 16.5 16.5  0.0
  0.0  0.0  8.3  0.0  8.3 33.1  0.0 16.5  0.0  0.0 82.6  8.3  0.0 99.2  0.0
  0.0  0.0  0.0  0.0  0.0  0.0  0.0  0.0  0.0  0.0  0.0  0.0  0.0  0.0  0.0
  0.0  0.0  0.0  8.3  0.0  0.0  8.3  0.0  0.0  0.0  0.0  0.0  0.0  0.0  0.0
  0.0  0.0  0.0  8.3  0.0  0.0  0.0  0.0  0.0  0.0  0.0  0.0  0.0  0.0  0.0
 16.5  0.0  0.0 16.5  8.3  0.0  8.3  0.0  0.0  0.0  0.0  0.0  0.0  0.0  0.0
  0.0  0.0  0.0  0.0  0.0  0.0  0.0 16.5 41.3  0.0 24.8  0.0  0.0  8.3  0.0
  0.0  0.0  0.0  0.0  0.0  8.3  8.3 16.5  8.3  8.3  0.0  0.0  8.3  0.0  0.0
    -22.48     -4.20     -1.37      5.20      9.21  0.0  0.0  0.0  0.0  0.0
                                     t000250_s5_p7_el2ap.txt 33.8  5.2  213
  4.7  4.7  0.0 89.2  0.0  4.7  4.7  0.0  9.4  0.0  4.7  0.0  0.0  0.0  0.0
  0.0  0.0 23.5  9.4  0.0  0.0309.9131.5 61.0 18.8  0.0  0.0  4.7  0.0  4.7
  0.0  0.0  0.0  0.0  4.7 46.9  4.7  0.0  4.7  0.0  4.7  4.7 28.2 23.5  0.0
  4.7  9.4  0.0  0.0  4.7 28.2 18.8 28.2  0.0  4.7 75.1  9.4  0.0126.8 14.1
  4.7  0.0  0.0  0.0  0.0  0.0  0.0  0.0  0.0  0.0  0.0  0.0  0.0  0.0  0.0
  0.0  0.0  0.0  4.7  0.0  0.0  0.0  0.0  0.0  0.0  0.0  0.0  0.0  0.0  0.0
  0.0  0.0  4.7  0.0  0.0  0.0  0.0  0.0  0.0  0.0  0.0  0.0  0.0  0.0  0.0
  4.7  0.0  0.0  4.7  4.7  0.0  4.7  0.0  0.0  0.0  0.0  0.0  0.0  0.0  0.0
  0.0  0.0  0.0  0.0  0.0  0.0  0.0  0.0 18.8  0.0 32.9  0.0 28.2  4.7  0.0
  0.0  0.0  4.7  0.0  0.0  4.7  9.4 18.8  0.0 14.1  9.4  0.0  0.0  0.0  0.0
    -12.79     -4.24     -0.73     -0.98     19.05  0.0  0.0  0.0  0.0  0.0
                                     t000250_s8_p1_el2ap.txt 32.0  5.3  196
  5.1  0.0  0.0 45.9  0.0  0.0  0.0  0.0  0.0  0.0  0.0  0.0  0.0  5.1  0.0
  0.0  0.0 10.2  0.0  0.0  0.0367.3158.2 71.4 10.2  0.0 10.2  0.0  0.0  0.0
  0.0  0.0  0.0  0.0  5.1 20.4 15.3  0.0 10.2  0.0  0.0  0.0  5.1  5.1  0.0
  0.0  0.0  0.0  5.1  0.0 10.2  0.0  5.1  0.0  0.0 81.6  0.0  0.0 71.4  5.1
  0.0  0.0  0.0  0.0  0.0  0.0  0.0  0.0  0.0  0.0  0.0  0.0  0.0  0.0  0.0
  0.0  0.0  0.0  0.0  0.0  0.0  0.0  0.0  0.0  0.0  0.0  0.0  0.0  0.0  0.0
  0.0  0.0  0.0  0.0  0.0  0.0  0.0  0.0  0.0  0.0  0.0  0.0  0.0  0.0  0.0
  0.0  0.0  0.0  0.0  0.0  0.0  0.0  0.0  0.0  0.0  0.0  0.0  0.0  0.0  0.0
  0.0  0.0  0.0  0.0  0.0  0.0  0.0 10.2  0.0  0.0 15.3  0.0  5.1  5.1  0.0
 15.3  0.0  0.0  0.0  0.0  0.0 25.5  5.1 15.3  5.1  0.0  0.0 10.2  0.0  0.0
    -25.14     -3.43     -1.69     -3.31      0.34  0.0  0.0  0.0  0.0  0.0
                                     t000250_s8_p2_el2ap.txt 15.0  5.7   75
  0.0  0.0  0.0 80.0  0.0  0.0  0.0  0.0  0.0  0.0  0.0  0.0  0.0  0.0 13.3
  0.0  0.0 13.3  0.0  0.0  0.0306.7106.7133.3  0.0  0.0  0.0 13.3  0.0  0.0
  0.0  0.0  0.0  0.0  0.0 40.0 26.7 13.3  0.0  0.0  0.0  0.0 13.3 13.3  0.0
  0.0 13.3 13.3  0.0 13.3 26.7 13.3 13.3  0.0  0.0146.7  0.0  0.0106.7  0.0
  0.0  0.0  0.0  0.0  0.0  0.0  0.0  0.0  0.0  0.0  0.0  0.0  0.0  0.0  0.0
  0.0  0.0  0.0 13.3  0.0  0.0  0.0 13.3  0.0  0.0  0.0  0.0  0.0  0.0  0.0
  0.0  0.0  0.0  0.0  0.0  0.0  0.0  0.0 13.3  0.0  0.0  0.0  0.0 13.3  0.0
 13.3 13.3  0.0 26.7  0.0 13.3 13.3 13.3  0.0  0.0  0.0  0.0  0.0  0.0  0.0
  0.0  0.0  0.0  0.0  0.0  0.0  0.0  0.0  0.0  0.0 40.0  0.0  0.0  0.0 13.3
  0.0  0.0  0.0  0.0  0.0  0.0 13.3 13.3 13.3 13.3  0.0  0.0  0.0  0.0  0.0
    -16.53     -3.26     -1.30     -3.43      6.73  0.0  0.0  0.0  0.0  0.0
                                     t000250_s8_p3_el2ap.txt 21.0  5.6  111
 18.0  0.0  0.0 54.1  0.0  0.0  0.0  0.0  0.0  0.0  0.0  0.0  0.0  0.0  0.0
  0.0  0.0  0.0  0.0  0.0  0.0342.3135.1126.1  0.0  0.0  0.0  9.0  0.0  0.0
  0.0 18.0  0.0  0.0  0.0 18.0  0.0  0.0  9.0  0.0  0.0  0.0  9.0 27.0  0.0
  9.0  9.0  9.0  0.0  0.0  0.0 27.0 36.0  0.0  0.0171.2  0.0  0.0 81.1  0.0
  9.0  0.0  0.0  0.0  0.0  0.0  0.0  0.0  0.0  0.0  0.0  0.0  0.0  0.0  0.0
  0.0  0.0  0.0  9.0  0.0  0.0  0.0  0.0  0.0  0.0  0.0  0.0  0.0  0.0  0.0
  0.0  0.0  0.0  0.0  0.0  0.0  0.0  0.0  0.0  0.0  0.0  0.0  0.0  0.0  0.0
  9.0  0.0  0.0  9.0  0.0  0.0  0.0  0.0  0.0  0.0  0.0  0.0  0.0  0.0  0.0
  0.0  0.0  0.0  0.0  0.0  0.0  0.0  0.0  9.0  0.0  0.0 18.0  0.0 18.0  0.0
  0.0  9.0  0.0  0.0  0.0  9.0  9.0  9.0  9.0  0.0  9.0  0.0 18.0  0.0  0.0
    -31.13     -4.06      6.62     -3.70      9.01  0.0  0.0  0.0  0.0  0.0
                                     t000250_s8_p4_el2ap.txt 16.5  5.9   88
 11.4  0.0  0.0 45.5  0.0  0.0  0.0  0.0  0.0 11.4  0.0  0.0  0.0  0.0  0.0
  0.0  0.0  0.0 34.1  0.0  0.0443.2136.4 79.5  0.0  0.0  0.0  0.0  0.0  0.0
  0.0  0.0  0.0  0.0  0.0 11.4 11.4  0.0  0.0  0.0  0.0  0.0 11.4 11.4  0.0
  0.0 11.4  0.0  0.0  0.0  0.0 45.5 11.4  0.0  0.0102.3  0.0  0.0 68.2  0.0
  0.0  0.0  0.0  0.0  0.0  0.0  0.0  0.0  0.0  0.0  0.0  0.0  0.0  0.0  0.0
  0.0  0.0  0.0  0.0  0.0  0.0  0.0 11.4  0.0  0.0  0.0  0.0  0.0  0.0  0.0
  0.0  0.0  0.0  0.0  0.0  0.0  0.0  0.0 11.4  0.0  0.0  0.0  0.0  0.0  0.0
  0.0 11.4  0.0 11.4  0.0 11.4 11.4  0.0  0.0  0.0  0.0  0.0  0.0  0.0  0.0
  0.0  0.0  0.0  0.0  0.0  0.0  0.0  0.0 22.7  0.0 22.7 11.4  0.0  0.0  0.0
 11.4  0.0  0.0  0.0  0.0  0.0  0.0  0.0  0.0 11.4  0.0  0.0 11.4  0.0  0.0
    -24.36     -5.73      0.33     -6.61      5.20  0.0  0.0  0.0  0.0  0.0
                                     t000250_s8_p5_el2ap.txt 12.5  5.3   98
  0.0  0.0  0.0 51.0  0.0  0.0  0.0  0.0 10.2  0.0  0.0  0.0  0.0  0.0  0.0
  0.0  0.0  0.0 81.6  0.0  0.0469.4132.7 61.2 10.2  0.0 10.2  0.0  0.0  0.0
  0.0  0.0  0.0  0.0  0.0  0.0  0.0  0.0  0.0  0.0  0.0  0.0  0.0  0.0  0.0
  0.0  0.0  0.0  0.0  0.0  0.0 81.6  0.0  0.0  0.0 61.2 10.2  0.0 71.4 10.2
  0.0  0.0  0.0  0.0  0.0  0.0  0.0  0.0  0.0  0.0  0.0  0.0  0.0  0.0  0.0
  0.0  0.0  0.0  0.0  0.0  0.0  0.0  0.0  0.0  0.0  0.0  0.0  0.0  0.0  0.0
  0.0  0.0  0.0  0.0  0.0  0.0  0.0  0.0  0.0  0.0  0.0  0.0  0.0  0.0  0.0
  0.0  0.0  0.0  0.0  0.0  0.0  0.0  0.0  0.0  0.0  0.0  0.0  0.0  0.0  0.0
  0.0  0.0  0.0  0.0  0.0  0.0  0.0  0.0 40.8 10.2 10.2  0.0  0.0  0.0  0.0
  0.0  0.0  0.0  0.0  0.0 10.2 20.4 20.4  0.0 20.4  0.0 10.2  0.0  0.0  0.0
    -14.71     -3.43      0.97     -6.61     -3.63  0.0  0.0  0.0  0.0  0.0
                                     t000254_s1_p1_el2ap.txt 25.3  4.7  161
  6.2  0.0  0.0 24.8  0.0  0.0  0.0  6.2 12.4  0.0  0.0  0.0  0.0  0.0  0.0
  0.0  0.0  0.0 12.4  0.0  0.0385.1105.6 49.7 31.1  6.2  0.0  0.0  0.0  0.0
  0.0  0.0  0.0  0.0  0.0  6.2  0.0  0.0  0.0  0.0  0.0  0.0  0.0  0.0  0.0
  6.2  0.0  0.0  0.0  6.2  0.0 12.4  6.2  0.0  0.0 99.4 18.6 12.4 62.1  0.0
  0.0  0.0  0.0  0.0  0.0  0.0  0.0  0.0  0.0  0.0  0.0  0.0  0.0  0.0  0.0
  0.0  0.0  0.0  0.0  0.0  0.0  0.0  0.0  0.0  0.0  0.0  0.0  0.0  0.0  0.0
  0.0  0.0  0.0  0.0  0.0  0.0  0.0  0.0  0.0  0.0  0.0  0.0  0.0  0.0  0.0
  0.0  0.0  0.0  0.0  0.0  0.0  0.0  0.0  0.0  0.0  0.0  0.0  0.0  0.0  0.0
  0.0  0.0  0.0  0.0  0.0  0.0  0.0 24.8  6.2  0.0  6.2 18.6  0.0 12.4 37.3
 12.4  0.0  0.0  0.0  0.0  0.0  0.0  6.2  0.0  0.0  0.0  0.0  0.0  0.0  0.0
    -22.34     -4.43      0.62     -6.61     -1.62  0.0  0.0  0.0  0.0  0.0
                                    t000254_s14_p1_el2ap.txt 16.8  5.0   80
  0.0  0.0  0.0 50.0  0.0 12.5  0.0  0.0  0.0 12.5  0.0  0.0  0.0  0.0  0.0
  0.0  0.0  0.0  0.0  0.0  0.0400.0 87.5 62.5 12.5  0.0  0.0  0.0  0.0  0.0
  0.0  0.0  0.0  0.0 12.5  0.0  0.0  0.0  0.0  0.0  0.0  0.0  0.0 25.0  0.0
  0.0  0.0  0.0  0.0  0.0  0.0  0.0 25.0  0.0  0.0 75.0  0.0  0.0 75.0  0.0
  0.0  0.0  0.0  0.0  0.0  0.0  0.0  0.0  0.0  0.0  0.0  0.0  0.0  0.0  0.0
  0.0  0.0  0.0  0.0  0.0  0.0  0.0  0.0  0.0  0.0  0.0  0.0  0.0  0.0  0.0
  0.0  0.0  0.0  0.0  0.0  0.0  0.0  0.0  0.0  0.0  0.0  0.0  0.0  0.0  0.0
  0.0  0.0  0.0  0.0  0.0  0.0  0.0  0.0  0.0  0.0  0.0  0.0  0.0  0.0  0.0
  0.0 12.5  0.0  0.0  0.0  0.0  0.0  0.0 12.5  0.0  0.0  0.0  0.0  0.0 12.5
  0.0  0.0  0.0  0.0  0.0  0.0  0.0 12.5  0.0  0.0  0.0  0.0  0.0  0.0  0.0
    -22.31     -5.32     -2.70     -6.61      0.16  0.0  0.0  0.0  0.0  0.0
                                   t000254_s14_p10_el2ap.txt  6.3  3.6   43
  0.0  0.0  0.0  0.0  0.0  0.0  0.0  0.0 23.3  0.0  0.0  0.0  0.0  0.0  0.0
  0.0  0.0  0.0  0.0  0.0  0.0465.1 69.8  0.0 46.5  0.0  0.0  0.0  0.0  0.0
  0.0  0.0  0.0  0.0  0.0 23.3  0.0  0.0  0.0  0.0  0.0 23.3  0.0 46.5  0.0
  0.0  0.0  0.0  0.0  0.0  0.0  0.0 46.5  0.0  0.0  0.0 23.3  0.0 46.5  0.0
  0.0  0.0  0.0  0.0  0.0  0.0  0.0  0.0  0.0  0.0  0.0  0.0  0.0  0.0  0.0
  0.0  0.0  0.0  0.0  0.0  0.0  0.0  0.0  0.0  0.0  0.0  0.0  0.0  0.0  0.0
  0.0  0.0  0.0  0.0  0.0  0.0  0.0  0.0  0.0  0.0  0.0  0.0  0.0  0.0  0.0
  0.0  0.0  0.0  0.0  0.0  0.0  0.0  0.0  0.0  0.0  0.0  0.0  0.0  0.0  0.0
  0.0  0.0  0.0  0.0  0.0  0.0  0.0  0.0  0.0  0.0  0.0  0.0  0.0 46.5 23.3
  0.0  0.0  0.0  0.0  0.0  0.0  0.0  0.0 23.3 46.5  0.0  0.0  0.0  0.0  0.0
    -22.60     -4.20     -0.35      2.70      3.42  0.0  0.0  0.0  0.0  0.0
                                   t000254_s14_p11_el2ap.txt 22.8  5.2  126
  0.0  0.0  0.0 15.9  0.0  0.0  0.0  0.0  0.0  0.0  0.0  0.0  0.0  0.0  0.0
  0.0  0.0  0.0  0.0  0.0  0.0444.4150.8 23.8 55.6  0.0  0.0  0.0  0.0  0.0
  0.0  0.0  0.0  7.9  0.0  0.0  0.0  0.0  0.0  0.0  0.0  0.0  0.0 39.7  0.0
  0.0  0.0  0.0  7.9  0.0  0.0  0.0 39.7  0.0  0.0 23.8  0.0  0.0 79.4  7.9
  0.0  0.0  0.0  0.0  0.0  0.0  0.0  0.0  0.0  0.0  0.0  0.0  0.0  0.0  0.0
  0.0  0.0  0.0  0.0  0.0  0.0  0.0  0.0  0.0  0.0  0.0  0.0  0.0  0.0  0.0
  0.0  0.0  0.0  0.0  0.0  0.0  0.0  0.0  0.0  0.0  7.9  0.0  0.0  0.0  0.0
  0.0  0.0  0.0  0.0  0.0  0.0  0.0  7.9  0.0  0.0  0.0  0.0  0.0  0.0  0.0
  0.0  0.0  0.0  0.0  0.0  0.0  0.0  0.0 39.7  7.9 23.8 15.9  7.9  0.0  0.0
  0.0  0.0  0.0  0.0  0.0  0.0  7.9 31.7  7.9 23.8  0.0  0.0  0.0  0.0  0.0
    -30.84     -3.90     -1.29     -6.61      2.39  0.0  0.0  0.0  0.0  0.0
                                   t000254_s14_p14_el2ap.txt  5.5  5.0   30
  0.0  0.0  0.0  0.0  0.0  0.0  0.0  0.0  0.0  0.0  0.0  0.0  0.0  0.0  0.0
  0.0  0.0  0.0  0.0  0.0  0.0400.0200.0 33.3 33.3  0.0  0.0  0.0  0.0  0.0
  0.0  0.0  0.0  0.0  0.0  0.0  0.0  0.0  0.0  0.0  0.0  0.0  0.0  0.0  0.0
 33.3  0.0  0.0  0.0  0.0  0.0  0.0 33.3  0.0  0.0 66.7  0.0  0.0 66.7  0.0
  0.0  0.0  0.0  0.0  0.0  0.0  0.0  0.0  0.0  0.0  0.0  0.0  0.0  0.0  0.0
  0.0  0.0  0.0  0.0  0.0  0.0  0.0  0.0  0.0  0.0  0.0  0.0  0.0  0.0  0.0
  0.0  0.0  0.0  0.0  0.0  0.0  0.0  0.0  0.0  0.0  0.0  0.0  0.0  0.0  0.0
  0.0  0.0  0.0  0.0  0.0  0.0  0.0  0.0  0.0  0.0  0.0  0.0  0.0  0.0  0.0
  0.0  0.0  0.0  0.0  0.0  0.0  0.0  0.0  0.0  0.0  0.0  0.0  0.0 33.3  0.0
  0.0  0.0  0.0  0.0  0.0  0.0  0.0  0.0  0.0  0.0  0.0  0.0  0.0  0.0  0.0
    -32.19     -4.63      0.97     -6.61      7.13  0.0  0.0  0.0  0.0  0.0
                                   t000254_s14_p15_el2ap.txt  5.3  5.1   27
  0.0  0.0  0.0 37.0  0.0  0.0  0.0  0.0  0.0  0.0  0.0  0.0  0.0  0.0  0.0
  0.0  0.0  0.0  0.0  0.0  0.0259.3148.1  0.0 74.1  0.0  0.0  0.0  0.0  0.0
  0.0 37.0  0.0  0.0  0.0  0.0 37.0  0.0  0.0  0.0  0.0  0.0  0.0 74.1  0.0
  0.0  0.0  0.0  0.0  0.0  0.0 37.0 74.1  0.0  0.0 74.1  0.0  0.0185.2  0.0
  0.0  0.0  0.0  0.0  0.0  0.0  0.0  0.0  0.0  0.0  0.0  0.0  0.0  0.0  0.0
  0.0  0.0  0.0 37.0  0.0  0.0  0.0  0.0  0.0  0.0  0.0  0.0  0.0  0.0  0.0
  0.0  0.0 37.0  0.0  0.0  0.0  0.0  0.0  0.0  0.0  0.0  0.0  0.0  0.0  0.0
 37.0  0.0  0.0 37.0 37.0  0.0 37.0  0.0  0.0  0.0  0.0  0.0  0.0  0.0  0.0
  0.0  0.0  0.0  0.0  0.0  0.0  0.0  0.0  0.0  0.0 37.0  0.0  0.0 37.0  0.0
  0.0  0.0  0.0  0.0  0.0  0.0  0.0 74.1  0.0  0.0  0.0  0.0  0.0  0.0  0.0
    -23.63     -3.29     14.69     -6.61      7.60  0.0  0.0  0.0  0.0  0.0
                                   t000254_s14_p18_el2ap.txt  8.0  5.3   37
  0.0  0.0  0.0  0.0  0.0  0.0  0.0  0.0  0.0  0.0  0.0  0.0  0.0  0.0  0.0
  0.0  0.0  0.0  0.0  0.0 27.0378.4162.2 27.0 54.1  0.0  0.0  0.0  0.0  0.0
  0.0  0.0  0.0  0.0  0.0  0.0  0.0  0.0  0.0  0.0  0.0  0.0  0.0 27.0 27.0
  0.0  0.0  0.0  0.0  0.0  0.0  0.0 54.1  0.0  0.0 27.0  0.0  0.0 81.1 27.0
  0.0  0.0  0.0  0.0  0.0  0.0  0.0  0.0  0.0  0.0  0.0  0.0  0.0  0.0  0.0
  0.0  0.0  0.0  0.0  0.0  0.0  0.0  0.0  0.0  0.0  0.0  0.0  0.0  0.0  0.0
  0.0  0.0  0.0  0.0  0.0  0.0  0.0  0.0  0.0  0.0  0.0  0.0  0.0  0.0  0.0
  0.0  0.0  0.0  0.0  0.0  0.0  0.0  0.0  0.0  0.0  0.0  0.0  0.0  0.0  0.0
  0.0  0.0  0.0  0.0  0.0  0.0  0.0  0.0 27.0  0.0  0.0  0.0  0.0  0.0  0.0
  0.0  0.0  0.0  0.0  0.0  0.0  0.0 27.0  0.0 27.0  0.0  0.0  0.0  0.0  0.0
    -20.40     -3.95      0.97     -6.61     21.26  0.0  0.0  0.0  0.0  0.0
                                    t000254_s14_p2_el2ap.txt 26.3  5.1  153
  0.0  0.0  0.0 58.8  0.0  0.0  0.0  0.0  0.0 39.2  0.0  0.0  0.0  6.5  0.0
  6.5  0.0  0.0 13.1  0.0  0.0346.4 98.0 71.9 13.1  0.0  0.0  0.0  6.5  6.5
  0.0  6.5  0.0  0.0  0.0  0.0  0.0  0.0  0.0  0.0  0.0  0.0  0.0 19.6  6.5
  0.0  6.5  0.0  6.5  6.5  0.0 26.1 26.1  0.0 13.1 85.0  0.0  0.0 71.9  0.0
  0.0  0.0  0.0  0.0  0.0  0.0  0.0  0.0  0.0  0.0  0.0  0.0  0.0  0.0  0.0
  0.0  0.0  0.0  0.0  0.0  0.0  0.0  0.0  0.0  0.0  0.0  0.0  0.0  0.0  0.0
  0.0  0.0  0.0  0.0  0.0  0.0  0.0  0.0  0.0  0.0  6.5  0.0  0.0  0.0  0.0
  0.0  0.0  0.0  0.0  0.0  0.0  0.0  6.5  0.0  0.0  0.0  0.0  0.0  0.0  0.0
  0.0  0.0  0.0  0.0  0.0  0.0  0.0  0.0 19.6  0.0 19.6  6.5  0.0  6.5 26.1
  0.0  6.5  0.0  0.0  0.0  6.5  0.0  0.0  0.0  6.5  0.0 13.1  6.5  6.5  0.0
    -13.06     -5.30     10.51     -6.61      4.37  0.0  0.0  0.0  0.0  0.0
                                   t000254_s14_p20_el2ap.txt  6.3  4.7   26
 38.5  0.0  0.0 38.5  0.0  0.0  0.0  0.0  0.0  0.0  0.0  0.0  0.0  0.0  0.0
  0.0  0.0 38.5  0.0  0.0  0.0461.5 76.9  0.0115.4  0.0  0.0  0.0  0.0  0.0
  0.0  0.0  0.0  0.0  0.0 38.5  0.0  0.0  0.0  0.0  0.0  0.0  0.0  0.0  0.0
  0.0  0.0  0.0  0.0  0.0 38.5  0.0  0.0  0.0  0.0  0.0  0.0  0.0115.4  0.0
  0.0  0.0  0.0  0.0  0.0  0.0  0.0  0.0  0.0  0.0  0.0  0.0  0.0  0.0  0.0
  0.0  0.0  0.0  0.0  0.0  0.0  0.0  0.0  0.0  0.0  0.0  0.0  0.0  0.0  0.0
  0.0  0.0  0.0  0.0  0.0  0.0  0.0  0.0  0.0  0.0  0.0  0.0  0.0  0.0  0.0
  0.0  0.0  0.0  0.0  0.0  0.0  0.0  0.0  0.0  0.0  0.0  0.0  0.0  0.0  0.0
  0.0  0.0  0.0  0.0  0.0  0.0  0.0  0.0 76.9  0.0 38.5 38.5 76.9  0.0 38.5
  0.0  0.0  0.0  0.0  0.0  0.0  0.0  0.0  0.0 38.5  0.0 38.5  0.0  0.0  0.0
    -10.54     -1.93     -1.21     -6.61     -3.63  0.0  0.0  0.0  0.0  0.0
                                    t000254_s14_p3_el2ap.txt 20.8  4.8  133
  0.0  0.0  0.0 45.1  0.0  0.0  0.0  0.0  0.0 22.6  0.0  0.0  0.0 15.0  0.0
  0.0  0.0  0.0  0.0  0.0  0.0248.1135.3105.3 15.0  0.0 15.0  0.0  0.0  7.5
  0.0  0.0  0.0  0.0  7.5  0.0  0.0  0.0  0.0  0.0  0.0  0.0  0.0 15.0  0.0
  0.0  7.5  0.0  7.5  0.0  0.0  7.5 15.0  0.0  7.5112.8  0.0  0.0 75.2  7.5
  0.0  0.0  0.0  0.0  0.0  0.0  0.0  0.0  0.0  0.0  0.0  0.0  0.0  0.0  0.0
  0.0  0.0  0.0  0.0  0.0  0.0  0.0  0.0  0.0  0.0  0.0  0.0  0.0  0.0  0.0
  0.0  0.0  0.0  0.0  0.0  0.0  0.0  0.0  0.0  0.0  0.0  0.0  0.0  0.0  0.0
  0.0  0.0  0.0  0.0  0.0  0.0  0.0  0.0  0.0  0.0  0.0  0.0  0.0  0.0  0.0
  0.0  7.5  0.0  0.0  0.0  0.0  0.0  0.0  7.5  0.0  7.5  0.0  0.0 15.0 22.6
  0.0  0.0  0.0  0.0  0.0  7.5  7.5  7.5  7.5  7.5  0.0  0.0  7.5  0.0  0.0
    -16.73     -2.34      2.52     -6.61     -1.35  0.0  0.0  0.0  0.0  0.0
                                    t000254_s14_p4_el2ap.txt 31.0  4.3  183
  0.0  0.0  0.0 10.9  0.0  0.0  5.5  0.0  0.0  0.0  0.0  0.0  0.0  0.0  0.0
  0.0  0.0  0.0 10.9  0.0  0.0322.4147.5 27.3 27.3  0.0 10.9  0.0  0.0  0.0
  0.0  5.5  0.0  0.0  5.5 54.6  0.0  0.0  0.0  0.0  0.0  5.5  5.5 32.8  0.0
  0.0  0.0  0.0  0.0  0.0  0.0 16.4 32.8  0.0  0.0 27.3  0.0  0.0 49.2  0.0
  0.0  0.0  0.0  0.0  0.0  0.0  0.0  0.0  0.0  0.0  0.0  0.0  0.0  0.0  0.0
  0.0  0.0  0.0  0.0  0.0  0.0  0.0  0.0  0.0  0.0  0.0  0.0  0.0  0.0  0.0
  0.0  0.0  0.0  0.0  0.0  0.0  0.0  0.0  0.0  0.0  0.0  0.0  0.0  0.0  0.0
  0.0  0.0  0.0  0.0  0.0  0.0  0.0  0.0  0.0  0.0  0.0  0.0  0.0  0.0  0.0
  0.0  0.0  0.0  0.0  0.0  0.0  0.0  0.0 10.9  0.0  0.0 27.3  5.5 10.9 16.4
  0.0  0.0  0.0  0.0  0.0  0.0  0.0  0.0  0.0  5.5  0.0 10.9  0.0  0.0  0.0
    -21.99     -2.73     -1.71     -4.42      4.76  0.0  0.0  0.0  0.0  0.0
                                    t000254_s14_p5_el2ap.txt 18.3  4.7   99
  0.0  0.0  0.0 20.2  0.0  0.0 10.1  0.0  0.0  0.0  0.0  0.0  0.0  0.0  0.0
  0.0  0.0  0.0  0.0  0.0  0.0292.9171.7 60.6 40.4  0.0  0.0  0.0  0.0 10.1
  0.0  0.0  0.0  0.0  0.0 20.2 10.1  0.0  0.0  0.0  0.0  0.0  0.0 50.5  0.0
  0.0 10.1  0.0  0.0  0.0  0.0 10.1 50.5  0.0 10.1 70.7  0.0  0.0101.0 10.1
 10.1  0.0  0.0  0.0  0.0  0.0  0.0  0.0  0.0  0.0  0.0  0.0  0.0  0.0  0.0
  0.0  0.0  0.0  0.0  0.0  0.0  0.0  0.0  0.0  0.0  0.0  0.0  0.0  0.0  0.0
  0.0  0.0  0.0  0.0  0.0  0.0  0.0  0.0  0.0 10.1  0.0  0.0  0.0  0.0  0.0
  0.0  0.0  0.0  0.0  0.0  0.0 10.1  0.0  0.0  0.0  0.0  0.0  0.0  0.0  0.0
  0.0  0.0  0.0  0.0  0.0  0.0  0.0  0.0  0.0  0.0  0.0 40.4  0.0 40.4 10.1
  0.0  0.0  0.0  0.0  0.0  0.0  0.0 30.3  0.0  0.0  0.0 10.1  0.0  0.0  0.0
    -26.08     -4.40      4.88     -6.61      4.03  0.0  0.0  0.0  0.0  0.0
                                    t000254_s14_p6_el2ap.txt 13.3  5.5   70
  0.0  0.0  0.0 57.1  0.0  0.0 14.3  0.0  0.0  0.0  0.0  0.0  0.0  0.0  0.0
  0.0  0.0 14.3  0.0  0.0  0.0300.0157.1 28.6 57.1  0.0  0.0  0.0  0.0  0.0
  0.0  0.0  0.0  0.0  0.0  0.0 14.3  0.0  0.0  0.0  0.0  0.0  0.0 28.6  0.0
  0.0  0.0  0.0 14.3  0.0 14.3  0.0 28.6  0.0  0.0 71.4  0.0  0.0128.6 14.3
 14.3  0.0  0.0  0.0  0.0  0.0  0.0  0.0  0.0  0.0  0.0  0.0  0.0  0.0  0.0
  0.0  0.0  0.0 14.3  0.0  0.0  0.0  0.0  0.0  0.0  0.0  0.0  0.0  0.0  0.0
  0.0  0.0 14.3  0.0  0.0  0.0  0.0  0.0  0.0  0.0  0.0  0.0  0.0  0.0  0.0
 14.3  0.0  0.0 14.3 14.3  0.0 14.3  0.0  0.0  0.0  0.0  0.0  0.0  0.0  0.0
  0.0  0.0  0.0  0.0  0.0  0.0  0.0  0.0 28.6  0.0 28.6 14.3  0.0  0.0  0.0
  0.0  0.0  0.0  0.0  0.0  0.0  0.0  0.0  0.0 28.6 14.3  0.0  0.0  0.0  0.0
    -19.92     -3.85      0.97     -6.61      0.70  0.0  0.0  0.0  0.0  0.0
                                    t000254_s14_p7_el2ap.txt 16.8  5.1   96
  0.0  0.0  0.0 20.8  0.0 10.4  0.0  0.0  0.0  0.0  0.0  0.0  0.0  0.0  0.0
  0.0  0.0  0.0  0.0  0.0  0.0416.7145.8 20.8 20.8  0.0 10.4  0.0  0.0  0.0
  0.0  0.0  0.0  0.0  0.0  0.0  0.0  0.0  0.0  0.0  0.0  0.0  0.0 31.3  0.0
  0.0  0.0  0.0  0.0  0.0  0.0  0.0 31.3  0.0  0.0 31.3  0.0  0.0 41.7  0.0
  0.0  0.0  0.0  0.0  0.0  0.0  0.0  0.0  0.0  0.0  0.0  0.0  0.0  0.0  0.0
  0.0  0.0  0.0  0.0  0.0  0.0  0.0  0.0  0.0  0.0  0.0  0.0  0.0  0.0  0.0
  0.0  0.0  0.0  0.0  0.0  0.0  0.0  0.0  0.0  0.0 10.4  0.0  0.0  0.0  0.0
  0.0  0.0  0.0  0.0  0.0  0.0  0.0 10.4  0.0  0.0  0.0  0.0  0.0  0.0  0.0
  0.0  0.0  0.0  0.0  0.0  0.0  0.0  0.0 31.3  0.0 10.4  0.0  0.0 10.4  0.0
  0.0  0.0  0.0  0.0  0.0  0.0  0.0 10.4  0.0 10.4  0.0  0.0  0.0  0.0  0.0
    -26.53     -3.04      0.97     -6.61      1.11  0.0  0.0  0.0  0.0  0.0
                                    t000254_s14_p8_el2ap.txt 14.3  5.1   72
  0.0  0.0  0.0  0.0  0.0  0.0  0.0  0.0  0.0  0.0  0.0  0.0  0.0  0.0  0.0
  0.0  0.0  0.0  0.0  0.0  0.0305.6 55.6 41.7 27.8  0.0 13.9  0.0  0.0  0.0
  0.0 13.9  0.0  0.0  0.0 13.9  0.0  0.0  0.0  0.0  0.0  0.0  0.0 27.8  0.0
  0.0 27.8  0.0  0.0  0.0  0.0 41.7 27.8  0.0  0.0 69.4  0.0  0.0 41.7  0.0
 13.9  0.0  0.0  0.0  0.0  0.0  0.0  0.0  0.0  0.0  0.0  0.0  0.0  0.0  0.0
  0.0  0.0  0.0  0.0  0.0  0.0  0.0  0.0  0.0  0.0  0.0  0.0  0.0  0.0  0.0
  0.0  0.0  0.0  0.0  0.0  0.0  0.0  0.0  0.0  0.0  0.0  0.0  0.0  0.0  0.0
  0.0  0.0  0.0  0.0  0.0  0.0  0.0  0.0  0.0  0.0  0.0  0.0  0.0  0.0  0.0
  0.0  0.0  0.0  0.0  0.0  0.0  0.0  0.0  0.0  0.0  0.0  0.0  0.0  0.0 13.9
  0.0  0.0  0.0  0.0  0.0  0.0  0.0  0.0  0.0  0.0  0.0  0.0  0.0  0.0  0.0
    -24.35     -2.14      5.33     -6.61      0.58  0.0  0.0  0.0  0.0  0.0
                                    t000254_s14_p9_el2ap.txt 13.8  4.7   99
  0.0  0.0  0.0  0.0  0.0  0.0  0.0  0.0  0.0  0.0  0.0  0.0  0.0  0.0  0.0
  0.0  0.0  0.0  0.0  0.0  0.0313.1171.7 80.8 30.3  0.0  0.0  0.0  0.0  0.0
  0.0 10.1  0.0  0.0 10.1 20.2 10.1  0.0  0.0  0.0  0.0 10.1  0.0 30.3  0.0
 10.1 20.2  0.0  0.0  0.0  0.0 30.3 40.4  0.0  0.0 90.9  0.0  0.0 60.6 10.1
  0.0  0.0  0.0  0.0  0.0  0.0  0.0  0.0  0.0  0.0  0.0  0.0  0.0  0.0  0.0
  0.0  0.0  0.0  0.0  0.0  0.0  0.0  0.0  0.0  0.0  0.0  0.0  0.0  0.0  0.0
  0.0  0.0  0.0  0.0  0.0  0.0  0.0  0.0  0.0  0.0  0.0  0.0  0.0  0.0  0.0
  0.0  0.0  0.0  0.0  0.0  0.0  0.0  0.0  0.0  0.0  0.0  0.0  0.0  0.0  0.0
  0.0 10.1  0.0  0.0  0.0  0.0  0.0  0.0 10.1  0.0 20.2 20.2  0.0 10.1 30.3
 10.1  0.0  0.0  0.0  0.0  0.0  0.0 10.1  0.0 20.2  0.0  0.0  0.0  0.0  0.0
    -30.39     -4.73      0.60     -2.56      4.22  0.0  0.0  0.0  0.0  0.0
                                    t000254_s19_p1_el2ap.txt 15.0  4.5   95
 10.5  0.0  0.0 10.5  0.0  0.0  0.0  0.0  0.0  0.0  0.0  0.0  0.0  0.0  0.0
  0.0  0.0  0.0  0.0  0.0  0.0305.3168.4 10.5 52.6  0.0 10.5  0.0  0.0 10.5
 10.5 10.5  0.0  0.0 10.5  0.0  0.0  0.0  0.0  0.0  0.0  0.0  0.0 10.5  0.0
  0.0  0.0  0.0  0.0  0.0  0.0 10.5 10.5  0.0 21.1 31.6  0.0  0.0 73.7  0.0
  0.0  0.0  0.0  0.0  0.0  0.0  0.0  0.0  0.0  0.0  0.0  0.0  0.0  0.0  0.0
  0.0  0.0  0.0  0.0  0.0  0.0  0.0  0.0  0.0  0.0  0.0  0.0  0.0  0.0  0.0
  0.0  0.0  0.0  0.0  0.0  0.0  0.0  0.0  0.0  0.0  0.0  0.0  0.0  0.0  0.0
  0.0  0.0  0.0  0.0  0.0  0.0  0.0  0.0  0.0  0.0  0.0  0.0  0.0  0.0  0.0
  0.0  0.0  0.0  0.0  0.0  0.0  0.0  0.0 10.5  0.0  0.0 31.6  0.0 21.1  0.0
  0.0  0.0  0.0  0.0  0.0 10.5  0.0  0.0  0.0  0.0  0.0  0.0 31.6  0.0  0.0
    -24.30     -1.97     16.61     -6.61     -2.03  0.0  0.0  0.0  0.0  0.0
                                   t000254_s19_p10_el2ap.txt 11.3  4.0   92
  0.0  0.0  0.0 10.9  0.0  0.0  0.0  0.0  0.0  0.0  0.0  0.0  0.0  0.0  0.0
  0.0  0.0  0.0  0.0  0.0  0.0456.5130.4 32.6 21.7  0.0  0.0  0.0  0.0  0.0
  0.0  0.0  0.0  0.0  0.0 10.9  0.0  0.0  0.0  0.0  0.0  0.0 10.9  0.0  0.0
  0.0 10.9  0.0  0.0 10.9  0.0 10.9  0.0  0.0  0.0 43.5  0.0  0.0 21.7  0.0
  0.0  0.0  0.0  0.0  0.0  0.0  0.0  0.0  0.0  0.0  0.0  0.0  0.0  0.0  0.0
  0.0  0.0  0.0  0.0  0.0  0.0  0.0  0.0  0.0  0.0  0.0  0.0  0.0  0.0  0.0
  0.0  0.0  0.0  0.0  0.0  0.0  0.0  0.0  0.0  0.0  0.0  0.0  0.0  0.0  0.0
  0.0  0.0  0.0  0.0  0.0  0.0  0.0  0.0  0.0  0.0  0.0  0.0  0.0  0.0  0.0
  0.0  0.0  0.0  0.0  0.0  0.0  0.0  0.0  0.0  0.0  0.0 21.7  0.0  0.0 10.9
  0.0  0.0  0.0  0.0  0.0  0.0  0.0  0.0  0.0  0.0  0.0  0.0  0.0  0.0  0.0
    -28.21     -5.01      0.36     -6.61      3.17  0.0  0.0  0.0  0.0  0.0
                                   t000254_s19_p11_el2ap.txt 18.3  3.8  161
  6.2  0.0  0.0 12.4  0.0  0.0  0.0  0.0 12.4  0.0  0.0  0.0  0.0  0.0  0.0
  0.0  0.0  0.0  0.0  0.0  0.0434.8124.2 24.8 18.6  0.0  6.2  0.0  0.0  0.0
  0.0  0.0  0.0  0.0  0.0  6.2  0.0  0.0  0.0  0.0  0.0  0.0  0.0  0.0  0.0
  0.0  0.0  6.2  0.0  6.2  0.0  0.0  0.0  0.0  0.0 74.5 12.4 12.4 37.3  0.0
  0.0  0.0  0.0  0.0  0.0  0.0  0.0  0.0  0.0  0.0  0.0  0.0  0.0  0.0  0.0
  0.0  0.0  0.0  0.0  0.0  6.2  0.0  0.0  0.0  0.0  0.0  0.0  0.0  0.0  0.0
  0.0  0.0  0.0  0.0  0.0  0.0  0.0  0.0  0.0  0.0  0.0  0.0  0.0  0.0  0.0
  6.2  0.0  0.0  6.2  0.0  0.0  0.0  0.0  0.0  0.0  0.0  0.0  0.0  0.0  0.0
  0.0  0.0  0.0  0.0  0.0  0.0  0.0  0.0 31.1  0.0  0.0 31.1  0.0  0.0  6.2
  0.0  0.0  0.0  0.0  0.0  0.0  0.0  6.2  0.0  6.2  0.0  0.0  0.0  0.0  0.0
    -25.32     -3.92      0.62     -6.61     -3.63  0.0  0.0  0.0  0.0  0.0
                                   t000254_s19_p12_el2ap.txt 21.0  4.5  155
 12.9  0.0  0.0  6.5  0.0  0.0  0.0  0.0  0.0  0.0  0.0  0.0  0.0  0.0  0.0
  0.0  0.0  0.0  0.0  0.0  0.0406.5116.1 32.3 45.2  0.0  0.0  0.0  0.0  0.0
  0.0  0.0  0.0  0.0  0.0 12.9  0.0  0.0  0.0  0.0  0.0  0.0  6.5  0.0  0.0
  0.0  0.0  0.0  0.0  6.5  0.0  0.0  0.0  0.0  0.0 51.6  0.0  0.0 51.6  6.5
  0.0  0.0  0.0  0.0  0.0  0.0  0.0  0.0  0.0  0.0  0.0  0.0  0.0  0.0  0.0
  0.0  0.0  0.0  0.0  0.0  0.0  0.0  0.0  0.0  0.0  0.0  0.0  0.0  0.0  0.0
  0.0  0.0  0.0  0.0  0.0  0.0  0.0  0.0  0.0  0.0  0.0  0.0  0.0  0.0  0.0
  0.0  0.0  0.0  0.0  0.0  0.0  0.0  0.0  0.0  0.0  0.0  0.0  0.0  0.0  0.0
  0.0  0.0  0.0  0.0  0.0  0.0  0.0  0.0 19.4  6.5  0.0  0.0  0.0 12.9 12.9
  0.0  0.0  0.0  0.0  0.0  6.5  0.0 19.4  0.0  6.5  0.0  0.0  0.0  0.0  0.0
    -26.30     -4.24      0.24     -6.61      0.41  0.0  0.0  0.0  0.0  0.0
                                   t000254_s19_p13_el2ap.txt 15.3  4.8   98
  0.0  0.0  0.0 10.2  0.0  0.0  0.0  0.0  0.0  0.0  0.0  0.0  0.0  0.0  0.0
  0.0  0.0  0.0 10.2  0.0  0.0428.6122.4 30.6 30.6  0.0  0.0  0.0  0.0  0.0
  0.0  0.0  0.0  0.0  0.0  0.0  0.0  0.0  0.0  0.0  0.0  0.0  0.0  0.0  0.0
  0.0 10.2  0.0  0.0 10.2  0.0 20.4  0.0  0.0  0.0 71.4  0.0 10.2 40.8  0.0
  0.0  0.0  0.0  0.0  0.0  0.0  0.0  0.0  0.0  0.0  0.0  0.0  0.0  0.0  0.0
  0.0  0.0  0.0  0.0  0.0  0.0  0.0  0.0  0.0  0.0  0.0  0.0  0.0  0.0  0.0
  0.0  0.0  0.0  0.0  0.0  0.0  0.0  0.0  0.0  0.0  0.0  0.0  0.0  0.0  0.0
  0.0  0.0  0.0  0.0  0.0  0.0  0.0  0.0  0.0  0.0  0.0  0.0  0.0  0.0  0.0
  0.0  0.0  0.0  0.0  0.0  0.0  0.0  0.0 10.2  0.0  0.0  0.0  0.0 20.4  0.0
  0.0  0.0  0.0  0.0  0.0  0.0  0.0  0.0  0.0  0.0  0.0  0.0  0.0  0.0  0.0
    -26.75     -4.72      0.97     -6.61     -3.63  0.0  0.0  0.0  0.0  0.0
                                   t000254_s19_p14_el2ap.txt 10.3  4.7   61
 16.4  0.0  0.0 16.4  0.0  0.0  0.0  0.0  0.0  0.0  0.0  0.0  0.0  0.0  0.0
  0.0  0.0  0.0  0.0  0.0  0.0377.0131.1 32.8 49.2  0.0  0.0  0.0  0.0  0.0
  0.0  0.0  0.0  0.0  0.0  0.0  0.0  0.0  0.0  0.0  0.0  0.0  0.0  0.0  0.0
  0.0 16.4 16.4  0.0 16.4  0.0 16.4  0.0  0.0  0.0114.8  0.0  0.0 49.2  0.0
  0.0  0.0  0.0  0.0  0.0  0.0  0.0  0.0  0.0  0.0  0.0  0.0  0.0  0.0  0.0
  0.0  0.0  0.0  0.0  0.0 16.4  0.0  0.0  0.0  0.0  0.0  0.0  0.0  0.0  0.0
  0.0  0.0  0.0  0.0  0.0  0.0  0.0  0.0  0.0  0.0  0.0  0.0  0.0  0.0  0.0
 16.4  0.0  0.0 16.4  0.0  0.0  0.0  0.0  0.0  0.0  0.0  0.0  0.0  0.0  0.0
  0.0  0.0  0.0  0.0  0.0  0.0  0.0  0.0  0.0  0.0  0.0 32.8  0.0  0.0  0.0
  0.0  0.0  0.0  0.0  0.0  0.0  0.0 16.4  0.0  0.0  0.0  0.0  0.0  0.0  0.0
    -25.97     -4.11      0.97     -6.61     -3.63  0.0  0.0  0.0  0.0  0.0
                                   t000254_s19_p15_el2ap.txt 10.8  5.1   55
  0.0  0.0  0.0  0.0  0.0  0.0  0.0  0.0  0.0  0.0  0.0  0.0  0.0  0.0  0.0
  0.0  0.0  0.0  0.0  0.0  0.0400.0127.3 72.7 54.5  0.0  0.0  0.0  0.0  0.0
  0.0  0.0  0.0  0.0  0.0 18.2  0.0  0.0  0.0  0.0  0.0  0.0 18.2 36.4  0.0
  0.0  0.0  0.0  0.0 18.2  0.0  0.0 36.4  0.0  0.0127.3  0.0  0.0 54.5  0.0
  0.0  0.0  0.0  0.0  0.0  0.0  0.0  0.0  0.0  0.0  0.0  0.0  0.0  0.0  0.0
  0.0  0.0  0.0  0.0  0.0  0.0  0.0  0.0  0.0  0.0  0.0  0.0  0.0  0.0  0.0
  0.0  0.0  0.0  0.0  0.0  0.0  0.0  0.0  0.0  0.0  0.0  0.0  0.0  0.0  0.0
  0.0  0.0  0.0  0.0  0.0  0.0  0.0  0.0  0.0  0.0  0.0  0.0  0.0  0.0  0.0
  0.0  0.0  0.0  0.0  0.0  0.0  0.0  0.0  0.0  0.0  0.0 18.2  0.0 18.2  0.0
  0.0  0.0  0.0  0.0  0.0  0.0  0.0 18.2  0.0 36.4  0.0  0.0  0.0  0.0  0.0
    -31.65     -3.93     -0.06     -6.61     13.25  0.0  0.0  0.0  0.0  0.0
                                    t000254_s19_p2_el2ap.txt  9.0  4.4   55
 36.4  0.0  0.0  0.0  0.0  0.0  0.0  0.0  0.0  0.0  0.0  0.0  0.0  0.0  0.0
  0.0  0.0  0.0  0.0  0.0  0.0509.1109.1  0.0 36.4  0.0  0.0  0.0  0.0  0.0
  0.0  0.0  0.0  0.0  0.0 18.2  0.0  0.0  0.0  0.0  0.0  0.0 18.2  0.0  0.0
  0.0  0.0  0.0  0.0  0.0  0.0  0.0  0.0  0.0  0.0 18.2  0.0  0.0 36.4  0.0
  0.0  0.0  0.0  0.0  0.0  0.0  0.0  0.0  0.0  0.0  0.0  0.0  0.0  0.0  0.0
  0.0  0.0  0.0  0.0  0.0  0.0  0.0  0.0  0.0  0.0  0.0  0.0  0.0  0.0  0.0
  0.0  0.0  0.0  0.0  0.0  0.0  0.0  0.0  0.0  0.0  0.0  0.0  0.0  0.0  0.0
  0.0  0.0  0.0  0.0  0.0  0.0  0.0  0.0  0.0  0.0  0.0  0.0  0.0  0.0  0.0
  0.0  0.0  0.0  0.0  0.0  0.0  0.0  0.0  0.0  0.0  0.0 54.5  0.0  0.0  0.0
  0.0  0.0  0.0  0.0  0.0  0.0  0.0 36.4  0.0  0.0  0.0  0.0  0.0  0.0  0.0
    -24.91     -4.53     -0.06     -6.61      7.74  0.0  0.0  0.0  0.0  0.0
                                    t000254_s19_p3_el2ap.txt 19.8  5.1  114
  0.0  0.0  0.0  8.8  0.0  0.0  0.0  0.0  0.0  8.8  0.0  0.0  0.0  8.8  0.0
  0.0  0.0  0.0  0.0  0.0  0.0438.6105.3 35.1 52.6  0.0  8.8  0.0  8.8  0.0
  0.0  0.0  0.0  0.0  0.0  0.0  8.8  0.0  0.0  0.0  0.0  0.0  0.0 17.5  0.0
  0.0  0.0  0.0  0.0  8.8  0.0  0.0 17.5  0.0  8.8 43.9  0.0  0.0 70.2  8.8
  8.8  0.0  0.0  0.0  0.0  0.0  0.0  0.0  0.0  0.0  0.0  0.0  0.0  0.0  0.0
  0.0  0.0  0.0  0.0  0.0  0.0  0.0  0.0  0.0  8.8  0.0  0.0  0.0  0.0  0.0
  0.0  0.0  0.0  0.0  0.0  0.0  0.0  8.8  0.0  0.0  0.0  0.0  0.0  0.0  0.0
  0.0  8.8  0.0  8.8  0.0  8.8  8.8  0.0  0.0  0.0  0.0  0.0  0.0  0.0  0.0
  0.0  0.0  0.0  0.0  0.0  0.0  0.0 70.2  8.8  0.0  8.8 26.3  0.0  0.0  8.8
  0.0  0.0  0.0  0.0  0.0  8.8  0.0  0.0  8.8 17.5  0.0  0.0 17.5  0.0  0.0
    -23.96     -2.31      6.13     -6.61     -0.97  0.0  0.0  0.0  0.0  0.0
                                    t000254_s19_p4_el2ap.txt 11.3  5.1   58
  0.0  0.0  0.0  0.0  0.0  0.0  0.0  0.0  0.0  0.0  0.0  0.0  0.0  0.0  0.0
  0.0  0.0  0.0  0.0  0.0  0.0396.6155.2  0.0 34.5  0.0  0.0  0.0  0.0  0.0
  0.0  0.0  0.0  0.0  0.0  0.0  0.0  0.0  0.0  0.0  0.0  0.0  0.0 34.5  0.0
  0.0  0.0  0.0  0.0  0.0  0.0  0.0 34.5  0.0  0.0 51.7  0.0  0.0 51.7  0.0
  0.0  0.0  0.0  0.0  0.0  0.0  0.0  0.0  0.0  0.0  0.0  0.0  0.0  0.0  0.0
  0.0  0.0  0.0  0.0  0.0  0.0  0.0  0.0  0.0  0.0  0.0  0.0  0.0  0.0  0.0
  0.0  0.0  0.0  0.0  0.0  0.0  0.0  0.0  0.0  0.0  0.0  0.0  0.0  0.0  0.0
  0.0  0.0  0.0  0.0  0.0  0.0  0.0  0.0  0.0  0.0  0.0  0.0  0.0  0.0  0.0
  0.0  0.0  0.0  0.0  0.0  0.0  0.0 51.7  0.0  0.0 17.2 34.5  0.0  0.0  0.0
  0.0  0.0  0.0  0.0  0.0  0.0  0.0  0.0  0.0 17.2  0.0  0.0  0.0  0.0  0.0
    -28.68     -4.59      0.97     -6.61      1.60  0.0  0.0  0.0  0.0  0.0
                                    t000254_s19_p5_el2ap.txt 17.3  5.0  105
  0.0  0.0  0.0  9.5  0.0  0.0  0.0 19.0  0.0  0.0  0.0  0.0  0.0  0.0  0.0
  0.0  0.0  0.0  9.5  0.0  0.0390.5 57.1 19.0 47.6  0.0  0.0  0.0  0.0  0.0
  0.0  0.0  0.0  0.0  0.0 19.0  0.0  0.0  0.0  0.0  0.0  0.0  0.0 19.0  0.0
  0.0  0.0  0.0  0.0  0.0  0.0  9.5 19.0  0.0  0.0 28.6  0.0  0.0 47.6  0.0
  0.0  0.0  0.0  0.0  0.0  0.0  0.0  0.0  0.0  0.0  0.0  0.0  0.0  0.0  0.0
  0.0  0.0  0.0  0.0  0.0  0.0  0.0  0.0  0.0  0.0  0.0  0.0  0.0  0.0  0.0
  0.0  0.0  0.0  0.0  0.0  0.0  0.0  0.0  0.0  0.0  0.0  0.0  0.0  0.0  0.0
  0.0  0.0  0.0  0.0  0.0  0.0  0.0  0.0  0.0  0.0  0.0  0.0  0.0  0.0  0.0
  0.0  0.0  0.0  0.0  0.0  0.0  0.0 38.1  0.0  0.0  0.0 28.6  0.0  0.0  0.0
  0.0  0.0  0.0  0.0  0.0  0.0  0.0  9.5  0.0  9.5  0.0  0.0  0.0  0.0  0.0
    -18.61     -4.16     -0.11     -6.61     -0.74  0.0  0.0  0.0  0.0  0.0
                                    t000254_s19_p6_el2ap.txt 23.3  4.2  177
  5.6  5.6  0.0 11.3  0.0  0.0  0.0  0.0  0.0  0.0  0.0  0.0  0.0  0.0  0.0
  0.0  0.0  0.0  0.0  0.0  0.0429.4129.9 56.5 62.1  0.0  0.0  0.0  0.0  0.0
  0.0  0.0  0.0  0.0  0.0  0.0  0.0  0.0  0.0  0.0  0.0  0.0  0.0  0.0  0.0
  0.0  0.0  0.0  0.0  0.0  0.0  0.0  0.0  0.0  0.0 56.5  0.0  0.0 67.8  0.0
  0.0  0.0  0.0  0.0  0.0  0.0  0.0  0.0  0.0  0.0  0.0  0.0  0.0  0.0  0.0
  0.0  0.0  0.0  0.0  0.0  5.6  0.0  0.0  0.0  0.0  0.0  0.0  0.0  0.0  0.0
  0.0  0.0  0.0  0.0  0.0  0.0  0.0  0.0  0.0  0.0  0.0  0.0  0.0  0.0  0.0
  5.6  0.0  0.0  5.6  0.0  0.0  0.0  0.0  0.0  0.0  0.0  0.0  0.0  0.0  0.0
  0.0  0.0  0.0  0.0  0.0  0.0  0.0  0.0  5.6  0.0 16.9 11.3  0.0  5.6  0.0
  5.6  0.0  0.0  0.0  0.0  0.0  0.0  0.0  0.0  5.6  0.0  0.0  0.0  0.0  0.0
    -27.18     -3.68      0.97     -6.61     -3.63  0.0  0.0  0.0  0.0  0.0
                                    t000254_s19_p7_el2ap.txt 19.5  4.0  142
  0.0  0.0  0.0 14.1  0.0  0.0  0.0  0.0  0.0  0.0  0.0  0.0  0.0  0.0  0.0
  0.0  0.0  0.0  0.0  0.0  0.0359.2119.7 56.3 21.1  7.0  0.0  0.0  0.0  0.0
  0.0  0.0  0.0  0.0  0.0  7.0  0.0  0.0  0.0  0.0  0.0  0.0  0.0  0.0  0.0
  0.0  7.0  0.0  0.0 14.1  0.0  7.0  0.0  0.0  0.0 77.5  7.0  0.0 35.2  0.0
  0.0  0.0  0.0  0.0  0.0  0.0  0.0  0.0  0.0  0.0  0.0  0.0  0.0  0.0  0.0
  0.0  0.0  0.0  0.0  0.0  0.0  0.0  0.0  0.0  0.0  0.0  0.0  0.0  0.0  0.0
  0.0  0.0  0.0  0.0  0.0  0.0  0.0  0.0  0.0  0.0  0.0  0.0  0.0  0.0  0.0
  0.0  0.0  0.0  0.0  0.0  0.0  0.0  0.0  0.0  0.0  0.0  0.0  0.0  0.0  0.0
  0.0  0.0  0.0  0.0  0.0  0.0  0.0  0.0  0.0  0.0  0.0 35.2  0.0  7.0 35.2
  7.0  0.0  0.0  0.0  0.0  7.0  0.0  0.0  0.0  0.0  0.0  0.0  0.0  0.0  0.0
    -26.21     -4.72      0.57     -6.61     -3.63  0.0  0.0  0.0  0.0  0.0
                                    t000254_s19_p8_el2ap.txt  9.3  4.2   53
  0.0  0.0  0.0  0.0  0.0  0.0  0.0  0.0  0.0  0.0  0.0  0.0  0.0  0.0  0.0
  0.0  0.0  0.0  0.0  0.0  0.0490.6113.2 18.9 18.9  0.0  0.0  0.0  0.0  0.0
  0.0  0.0  0.0  0.0  0.0  0.0  0.0  0.0  0.0  0.0  0.0  0.0  0.0  0.0  0.0
  0.0 18.9  0.0  0.0 18.9  0.0 18.9  0.0  0.0  0.0 37.7  0.0  0.0 18.9  0.0
  0.0  0.0  0.0  0.0  0.0  0.0  0.0  0.0  0.0  0.0  0.0  0.0  0.0  0.0  0.0
  0.0  0.0  0.0  0.0  0.0  0.0  0.0  0.0  0.0  0.0  0.0  0.0  0.0  0.0  0.0
  0.0  0.0  0.0  0.0  0.0  0.0  0.0  0.0  0.0  0.0  0.0  0.0  0.0  0.0  0.0
  0.0  0.0  0.0  0.0  0.0  0.0  0.0  0.0  0.0  0.0  0.0  0.0  0.0  0.0  0.0
  0.0  0.0  0.0  0.0  0.0  0.0  0.0  0.0  0.0  0.0  0.0 56.6  0.0  0.0  0.0
  0.0  0.0  0.0  0.0  0.0  0.0  0.0  0.0  0.0  0.0  0.0  0.0  0.0  0.0  0.0
    -28.48     -5.11      0.97     -6.61     -3.63  0.0  0.0  0.0  0.0  0.0
                                    t000254_s19_p9_el2ap.txt 10.0  4.2   69
  0.0  0.0  0.0 14.5  0.0  0.0  0.0  0.0  0.0  0.0  0.0  0.0  0.0  0.0  0.0
  0.0  0.0  0.0  0.0  0.0  0.0420.3173.9 43.5 29.0  0.0  0.0  0.0  0.0  0.0
  0.0  0.0  0.0  0.0  0.0 29.0  0.0  0.0  0.0  0.0  0.0  0.0 14.5  0.0  0.0
  0.0  0.0  0.0  0.0 14.5  0.0  0.0  0.0  0.0  0.0 58.0  0.0  0.0 29.0  0.0
  0.0  0.0  0.0  0.0  0.0  0.0  0.0  0.0  0.0  0.0  0.0  0.0  0.0  0.0  0.0
  0.0  0.0  0.0  0.0  0.0  0.0  0.0  0.0  0.0  0.0  0.0  0.0  0.0  0.0  0.0
  0.0  0.0  0.0  0.0  0.0  0.0  0.0  0.0  0.0  0.0  0.0  0.0  0.0  0.0  0.0
  0.0  0.0  0.0  0.0  0.0  0.0  0.0  0.0  0.0  0.0  0.0  0.0  0.0  0.0  0.0
  0.0  0.0  0.0  0.0  0.0  0.0  0.0  0.0  0.0  0.0  0.0 14.5  0.0  0.0 43.5
  0.0  0.0  0.0  0.0  0.0  0.0  0.0  0.0  0.0  0.0  0.0  0.0  0.0  0.0  0.0
    -29.70     -4.77     -0.67     -6.61      5.43  0.0  0.0  0.0  0.0  0.0
                                     t000254_s2_p1_el2ap.txt  9.3  4.6   55
  0.0  0.0  0.0  0.0  0.0  0.0  0.0  0.0  0.0  0.0  0.0  0.0  0.0  0.0  0.0
  0.0  0.0  0.0 18.2  0.0  0.0345.5163.6 54.5  0.0  0.0 18.2  0.0  0.0  0.0
  0.0  0.0  0.0  0.0  0.0 18.2  0.0  0.0  0.0  0.0  0.0  0.0  0.0  0.0  0.0
  0.0 36.4  0.0  0.0  0.0  0.0 54.5  0.0  0.0  0.0 54.5  0.0  0.0 18.2  0.0
  0.0  0.0  0.0  0.0  0.0  0.0  0.0  0.0  0.0  0.0  0.0  0.0  0.0  0.0  0.0
  0.0  0.0  0.0  0.0  0.0  0.0  0.0  0.0  0.0  0.0  0.0  0.0  0.0  0.0  0.0
  0.0  0.0  0.0  0.0  0.0  0.0  0.0  0.0  0.0  0.0  0.0  0.0  0.0  0.0  0.0
  0.0  0.0  0.0  0.0  0.0  0.0  0.0  0.0  0.0  0.0  0.0  0.0  0.0  0.0  0.0
  0.0  0.0  0.0  0.0  0.0  0.0  0.0  0.0 18.2  0.0 18.2  0.0  0.0  0.0  0.0
  0.0  0.0  0.0  0.0  0.0  0.0  0.0  0.0  0.0  0.0 18.2  0.0  0.0  0.0  0.0
    -25.39     -2.23     -0.06     -6.61     -3.63  0.0  0.0  0.0  0.0  0.0
                                     t000254_s6_p1_el2ap.txt 14.5  5.6   84
 11.9  0.0  0.0 11.9  0.0  0.0  0.0 11.9  0.0  0.0  0.0  0.0  0.0  0.0  0.0
  0.0  0.0  0.0 11.9  0.0  0.0345.2 71.4107.1 35.7  0.0  0.0  0.0  0.0 11.9
  0.0  0.0  0.0 11.9  0.0 23.8  0.0  0.0  0.0  0.0  0.0  0.0  0.0  0.0  0.0
  0.0  0.0  0.0  0.0 23.8  0.0 11.9  0.0  0.0 11.9131.0  0.0  0.0 71.4 11.9
  0.0  0.0  0.0  0.0  0.0  0.0  0.0  0.0  0.0  0.0  0.0  0.0  0.0  0.0  0.0
  0.0  0.0  0.0  0.0  0.0  0.0  0.0  0.0  0.0  0.0  0.0  0.0  0.0  0.0  0.0
  0.0  0.0  0.0  0.0  0.0  0.0  0.0  0.0  0.0  0.0  0.0  0.0  0.0  0.0  0.0
  0.0  0.0  0.0  0.0  0.0  0.0  0.0  0.0  0.0  0.0  0.0  0.0  0.0  0.0  0.0
  0.0  0.0  0.0  0.0  0.0  0.0  0.0 35.7  0.0  0.0  0.0 11.9  0.0  0.0  0.0
  0.0  0.0  0.0  0.0  0.0 11.9  0.0  0.0 11.9 23.8  0.0  0.0 11.9  0.0  0.0
    -24.02     -4.55      2.17     -6.61     -3.63  0.0  0.0  0.0  0.0  0.0
                                    t000254_s6_p10_el2ap.txt 29.5  5.0  187
 16.0  0.0  0.0 32.1  0.0  0.0  0.0  0.0  0.0 10.7  0.0  0.0  0.0  0.0  0.0
 10.7  0.0  0.0  0.0  0.0  0.0347.6176.5 64.2 26.7  0.0  0.0  0.0  0.0  0.0
  0.0  5.3  0.0  0.0  0.0 21.4  5.3  0.0  0.0  0.0  0.0  5.3 10.7 16.0  0.0
  5.3  0.0  5.3  0.0 10.7  0.0  5.3 21.4  0.0  0.0 85.6  0.0  0.0 74.9  5.3
  0.0  0.0  0.0  0.0  0.0  0.0  0.0  0.0  0.0  0.0  0.0  0.0  0.0  0.0  0.0
  0.0  0.0  0.0  0.0  0.0  0.0  0.0  0.0  0.0  0.0  0.0  0.0  0.0  0.0  0.0
  0.0  0.0  0.0  0.0  0.0  0.0  0.0  0.0  0.0  0.0  5.3  0.0  0.0  0.0  0.0
  0.0  0.0  0.0  0.0  0.0  0.0  0.0  5.3  0.0  0.0  0.0  0.0  0.0  0.0  0.0
  0.0  0.0  0.0  0.0  0.0  0.0  0.0  0.0 21.4  5.3 10.7 21.4  0.0  5.3 48.1
  0.0  0.0  0.0  0.0  5.3  5.3  0.0  0.0  0.0 26.7  0.0  5.3  0.0  0.0  0.0
    -23.21     -4.85      1.74     -4.47      7.21  0.0  0.0  0.0  0.0  0.0
                                    t000254_s6_p11_el2ap.txt 33.5  4.9  223
 17.9  0.0  0.0 49.3  0.0  0.0  0.0  0.0  4.5  0.0  0.0  0.0  0.0  0.0  0.0
  0.0  0.0  0.0  9.0  0.0  0.0313.9107.6 89.7 13.5  4.5  4.5  4.5  0.0  9.0
  0.0  0.0  0.0  0.0  0.0 17.9  0.0  0.0  0.0  0.0  0.0  0.0  0.0  0.0  0.0
  0.0 22.4  0.0  0.0  4.5  0.0 31.4  0.0  0.0  9.0 98.7  9.0  9.0 67.3  0.0
  4.5  0.0  0.0  0.0  0.0  0.0  0.0  0.0  0.0  0.0  0.0  0.0  0.0  0.0  0.0
  0.0  0.0  0.0  0.0  0.0  0.0  0.0  0.0  0.0  0.0  0.0  0.0  0.0  0.0  0.0
  0.0  0.0  0.0  0.0  0.0  0.0  0.0  0.0  0.0  0.0  0.0  0.0  0.0  0.0  0.0
  0.0  0.0  0.0  0.0  0.0  0.0  0.0  0.0  0.0  0.0  0.0  0.0  0.0  0.0  0.0
  0.0  0.0  0.0  0.0  0.0  0.0  0.0  0.0 22.4  4.5 31.4  0.0  0.0 22.4 13.5
  0.0  9.0  0.0  0.0  4.5  4.5  4.5 13.5  4.5  4.5  0.0  0.0  4.5  0.0  0.0
    -23.51     -3.39      4.44     -6.61     -3.63  0.0  0.0  0.0  0.0  0.0
                                    t000254_s6_p12_el2ap.txt 32.3  5.1  216
  4.6  0.0  0.0 50.9  0.0  0.0  9.3  0.0  0.0  4.6  0.0  0.0  0.0  4.6  0.0
  9.3  4.6  9.3  0.0  4.6  0.0314.8152.8 74.1 13.9  0.0  0.0  9.3  0.0  0.0
  0.0  0.0  0.0  0.0  4.6 32.4  4.6  0.0  0.0  0.0  0.0  4.6  4.6 13.9  0.0
  4.6  9.3  0.0  0.0  0.0  9.3  9.3 18.5  9.3  0.0 88.0  0.0  4.6 78.7  4.6
  4.6  0.0  0.0  0.0  0.0  0.0  0.0  0.0  0.0  0.0  0.0  0.0  0.0  0.0  0.0
  0.0  0.0  0.0  0.0  0.0  0.0  0.0  0.0  0.0  0.0  0.0  0.0  0.0  0.0  0.0
  0.0  0.0  0.0  0.0  0.0  0.0  0.0  0.0  0.0  0.0  0.0  0.0  0.0  0.0  0.0
  0.0  0.0  0.0  0.0  0.0  0.0  0.0  0.0  0.0  0.0  0.0  0.0  0.0  0.0  0.0
  0.0  0.0  0.0  0.0  0.0  0.0  0.0  9.3  9.3  4.6 27.8 13.9  4.6  4.6 41.7
  4.6  0.0  0.0  0.0  4.6  4.6  9.3  9.3 13.9 13.9  4.6  0.0  4.6  0.0  0.0
     -4.96     -3.56     -2.23     -4.75      2.86  0.0  0.0  0.0  0.0  0.0
                                     t000254_s6_p2_el2ap.txt 27.5  5.0  175
  0.0  0.0  0.0 28.6  0.0  0.0  0.0 11.4  0.0  0.0  0.0  0.0  0.0  0.0  0.0
  0.0  0.0  0.0  0.0  0.0  0.0325.7120.0 57.1 17.1  0.0  5.7  0.0  0.0  5.7
  0.0  0.0  0.0  0.0  0.0 22.9  5.7  0.0  0.0  0.0  0.0  0.0  5.7  5.7  0.0
 11.4  0.0  0.0  0.0 11.4  0.0  0.0 17.1  0.0  5.7 97.1  0.0  0.0 62.9  0.0
  0.0  0.0  0.0  0.0  0.0  0.0  0.0  0.0  0.0  0.0  0.0  0.0  0.0  0.0  0.0
  0.0  0.0  0.0  0.0  0.0  0.0  5.7  0.0  0.0  0.0  0.0  0.0  0.0  0.0  0.0
  0.0  0.0  0.0  5.7  0.0  0.0  0.0  0.0  0.0  0.0  0.0  0.0  0.0  0.0  0.0
  5.7  0.0  0.0  5.7  5.7  0.0  5.7  0.0  0.0  0.0  0.0  0.0  0.0  0.0  0.0
  0.0  0.0  0.0  0.0  0.0  0.0  0.0 17.1 17.1  0.0  5.7  0.0  0.0  0.0 40.0
  0.0  5.7  0.0  0.0  0.0  0.0  0.0 11.4  0.0  0.0  0.0  0.0  5.7  0.0  0.0
    -24.69     -4.06      2.53     -6.61      4.50  0.0  0.0  0.0  0.0  0.0
                                     t000254_s6_p3_el2ap.txt 31.3  4.9  180
  5.6  0.0  0.0 44.4  0.0  5.6 11.1  5.6 11.1  0.0  0.0  0.0  0.0  0.0  0.0
  0.0  0.0  0.0  0.0  0.0  0.0355.6138.9 50.0 11.1  0.0  0.0  5.6  0.0  0.0
  5.6  5.6  0.0  0.0  5.6  5.6  5.6  0.0  0.0  0.0  0.0  0.0  0.0 11.1  0.0
 16.7  5.6  5.6  5.6  0.0  0.0 11.1 27.8  0.0  5.6 61.1 11.1  0.0 77.8  5.6
  0.0  0.0  0.0  0.0  0.0  0.0  0.0  0.0  0.0  0.0  0.0  0.0  0.0  0.0  0.0
  0.0  0.0  0.0  0.0  0.0  5.6  0.0  0.0  0.0  0.0  0.0  0.0  0.0  0.0  0.0
  0.0  0.0  0.0  0.0  0.0  0.0  0.0  0.0  0.0  0.0  0.0  0.0  0.0  0.0  0.0
  5.6  0.0  0.0  5.6  0.0  0.0  0.0  0.0  0.0  0.0  0.0  0.0  0.0  0.0  0.0
  0.0  0.0  0.0  0.0  0.0  0.0  0.0 33.3 11.1  0.0 27.8 11.1  5.6  0.0 16.7
  0.0  0.0  0.0  0.0  5.6  0.0  0.0  0.0  0.0 33.3  0.0  0.0  5.6  0.0  0.0
    -21.67     -4.33      6.13     -6.61      3.43  0.0  0.0  0.0  0.0  0.0
                                     t000254_s6_p4_el2ap.txt 20.8  4.9  128
  0.0  0.0  0.0 54.7  0.0  0.0  0.0  7.8  0.0  7.8  0.0  0.0  0.0  0.0  0.0
  0.0  0.0  0.0  0.0  0.0  0.0320.3132.8 31.3 31.3  0.0  0.0  0.0  0.0  0.0
  0.0  0.0  0.0 15.6  0.0 15.6  0.0  7.8  0.0  0.0  0.0  7.8 15.6 23.4  7.8
  7.8  0.0  0.0  0.0  0.0  7.8  0.0 39.1  0.0  0.0 46.9  0.0  0.0 85.9  0.0
  0.0  0.0  0.0  0.0  0.0  0.0  0.0  0.0  0.0  0.0  0.0  0.0  0.0  0.0  0.0
  0.0  0.0  0.0  0.0  0.0  0.0  0.0  0.0  0.0  0.0  0.0  0.0  0.0  0.0  0.0
  0.0  0.0  0.0  0.0  0.0  0.0  0.0  0.0  0.0  0.0  0.0  0.0  0.0  0.0  0.0
  0.0  0.0  0.0  0.0  0.0  0.0  0.0  0.0  0.0  0.0  0.0  0.0  0.0  0.0  0.0
  0.0  0.0  0.0  0.0  0.0  0.0  0.0 39.1 15.6  0.0  7.8  7.8  0.0  0.0 46.9
  0.0  7.8  0.0  0.0  0.0  0.0  0.0  0.0  0.0  7.8  0.0 15.6 15.6  0.0  0.0
    -22.20     -4.70     -4.38     -1.62     18.22  0.0  0.0  0.0  0.0  0.0
                                     t000254_s6_p5_el2ap.txt 30.8  4.7  228
  4.4  0.0  0.0 30.7  0.0  0.0  4.4  0.0  0.0  0.0  0.0  0.0  0.0  0.0  0.0
  0.0  4.4  0.0  0.0  0.0  0.0368.4109.6 39.5 17.5  0.0  4.4  0.0  0.0  4.4
  0.0  0.0  0.0  0.0  0.0  8.8  0.0  0.0  0.0  0.0  0.0  0.0  0.0 13.2  0.0
  0.0  8.8  4.4  4.4  8.8  0.0  8.8 13.2  4.4  4.4 57.0  0.0  8.8 52.6  0.0
  0.0  0.0  0.0  0.0  0.0  0.0  0.0  0.0  0.0  0.0  0.0  0.0  0.0  0.0  0.0
  0.0  0.0  0.0  0.0  0.0  4.4  0.0  0.0  0.0  0.0  0.0  0.0  0.0  0.0  0.0
  0.0  0.0  0.0  0.0  0.0  0.0  0.0  0.0  0.0  0.0  4.4  0.0  0.0  0.0  0.0
  4.4  0.0  0.0  4.4  0.0  0.0  0.0  4.4  0.0  0.0  0.0  0.0  0.0  0.0  0.0
  0.0  0.0  0.0  0.0  0.0  0.0  0.0  4.4  4.4  4.4  4.4  0.0  0.0  0.0 13.2
  4.4  8.8  0.0  0.0  0.0  4.4  0.0  4.4  0.0  8.8  0.0  0.0 13.2  0.0  0.0
    -17.77     -4.31      2.67     -6.61     -1.63  0.0  0.0  0.0  0.0  0.0
                                     t000254_s6_p6_el2ap.txt 29.8  4.8  187
 21.4  0.0  0.0 53.5  0.0  0.0  5.3  5.3  0.0  5.3  0.0  0.0  0.0  0.0  0.0
  0.0  0.0  5.3 10.7  0.0  0.0310.2112.3 80.2 21.4  0.0  0.0  0.0  0.0  0.0
  0.0  5.3  0.0  0.0  0.0 37.4  0.0  0.0  0.0  0.0  0.0  0.0 10.7  0.0  0.0
  0.0 10.7  5.3  5.3 10.7  5.3 26.7  0.0  0.0  0.0128.3  0.0  5.3 80.2  0.0
  0.0  0.0  0.0  0.0  0.0  0.0  0.0  0.0  0.0  0.0  0.0  0.0  0.0  0.0  0.0
  0.0  0.0  0.0  5.3  0.0  0.0  0.0  0.0  0.0  0.0  0.0  0.0  0.0  0.0  0.0
  0.0  0.0  0.0  0.0  0.0  0.0  0.0  0.0  0.0  0.0  0.0  0.0  0.0  0.0  0.0
  5.3  0.0  0.0  5.3  0.0  0.0  0.0  0.0  0.0  0.0  0.0  0.0  0.0  0.0  0.0
  0.0  0.0  0.0  0.0  0.0  0.0  0.0  0.0 21.4  0.0  0.0  0.0  0.0 10.7 16.0
 10.7 10.7  0.0  0.0  0.0  0.0  0.0 16.0  5.3  5.3  0.0  0.0 10.7  0.0  0.0
    -17.65     -5.02      0.83     -6.61      3.06  0.0  0.0  0.0  0.0  0.0
                                     t000254_s6_p7_el2ap.txt 15.5  4.8   89
  0.0  0.0  0.0 22.5  0.0  0.0  0.0  0.0  0.0  0.0  0.0  0.0  0.0  0.0  0.0
  0.0  0.0 11.2  0.0  0.0  0.0337.1146.1 56.2 11.2  0.0 11.2  0.0  0.0  0.0
  0.0  0.0  0.0  0.0  0.0 11.2  0.0  0.0  0.0  0.0  0.0  0.0  0.0  0.0  0.0
 11.2  0.0  0.0  0.0  0.0 11.2  0.0 11.2  0.0  0.0101.1  0.0  0.0 44.9  0.0
  0.0  0.0  0.0  0.0  0.0  0.0  0.0  0.0  0.0  0.0  0.0  0.0  0.0  0.0  0.0
  0.0  0.0  0.0  0.0  0.0  0.0  0.0  0.0  0.0  0.0  0.0  0.0  0.0  0.0  0.0
  0.0  0.0  0.0  0.0  0.0  0.0  0.0  0.0  0.0  0.0 11.2  0.0  0.0  0.0  0.0
  0.0  0.0  0.0  0.0  0.0  0.0  0.0 11.2  0.0  0.0  0.0  0.0  0.0  0.0  0.0
  0.0  0.0  0.0  0.0  0.0  0.0  0.0  0.0 11.2  0.0  0.0  0.0 11.2  0.0 33.7
  0.0 22.5  0.0  0.0  0.0  0.0  0.0  0.0  0.0  0.0 11.2  0.0  0.0  0.0  0.0
    -25.03     -3.20      0.34     -6.61      0.00  0.0  0.0  0.0  0.0  0.0
                                     t000254_s6_p8_el2ap.txt 25.8  4.9  158
 12.7  0.0  0.0 57.0  0.0  0.0  0.0  6.3  0.0  0.0  0.0  0.0  0.0  0.0  0.0
  0.0  0.0  6.3  0.0  0.0  0.0303.8139.2 75.9 31.6  6.3 12.7  0.0  0.0 12.7
  0.0  0.0  0.0  0.0  0.0 44.3  0.0 12.7  0.0  0.0  0.0  6.3  6.3  6.3  6.3
  0.0 12.7  6.3  6.3  0.0 19.0 12.7 12.7  0.0 12.7 82.3  6.3 19.0101.3  0.0
  0.0  0.0  0.0  0.0  0.0  0.0  0.0  0.0  0.0  0.0  0.0  0.0  0.0  0.0  0.0
  0.0  0.0  0.0  0.0  0.0  6.3  0.0  0.0  0.0  0.0  0.0  0.0  0.0  0.0  0.0
  0.0  0.0  0.0  0.0  0.0  0.0  0.0  0.0  0.0  6.3  0.0  0.0  0.0  0.0  0.0
  6.3  0.0  0.0  6.3  0.0  0.0  6.3  0.0  0.0  0.0  0.0  0.0  0.0  0.0  0.0
  0.0  0.0  0.0  0.0  0.0  0.0  0.0  0.0  6.3  0.0  6.3 12.7  0.0 12.7 25.3
  6.3 12.7  0.0  0.0  0.0  0.0  0.0 12.7  0.0 12.7  0.0  0.0  6.3  0.0  0.0
    -22.83     -1.97      4.79     -1.06      6.16  0.0  0.0  0.0  0.0  0.0
                                     t000254_s6_p9_el2ap.txt 14.8  5.1   71
  0.0  0.0  0.0 56.3  0.0  0.0  0.0  0.0  0.0  0.0  0.0  0.0  0.0  0.0  0.0
  0.0  0.0  0.0  0.0  0.0  0.0366.2112.7 42.3 14.1  0.0 14.1  0.0  0.0  0.0
  0.0  0.0  0.0  0.0  0.0 14.1 14.1  0.0  0.0  0.0  0.0  0.0  0.0 42.3  0.0
  0.0  0.0  0.0  0.0  0.0  0.0  0.0 42.3  0.0  0.0 56.3  0.0  0.0 70.4  0.0
  0.0  0.0  0.0  0.0  0.0  0.0  0.0  0.0  0.0  0.0  0.0  0.0  0.0  0.0  0.0
  0.0  0.0  0.0  0.0  0.0  0.0 14.1  0.0  0.0  0.0  0.0  0.0  0.0  0.0  0.0
  0.0  0.0  0.0 14.1  0.0  0.0  0.0  0.0  0.0  0.0  0.0  0.0  0.0  0.0  0.0
 14.1  0.0  0.0 14.1 14.1  0.0 14.1  0.0  0.0  0.0  0.0  0.0  0.0  0.0  0.0
  0.0  0.0  0.0  0.0  0.0  0.0  0.0  0.0 14.1  0.0  0.0 28.2 14.1 14.1 42.3
  0.0  0.0  0.0  0.0  0.0  0.0 14.1  0.0  0.0  0.0  0.0 14.1 14.1  0.0  0.0
    -26.90     -2.56      0.17     -6.61      2.78  0.0  0.0  0.0  0.0  0.0
                                     t000254_s8_p1_el2ap.txt 20.5  5.3  123
  0.0  0.0  0.0 48.8  0.0  0.0  8.1  0.0  0.0  0.0 16.3  0.0  0.0  0.0  0.0
  0.0  0.0 24.4  0.0  0.0  0.0300.8 56.9 40.7  0.0 16.3 16.3  0.0  0.0  0.0
  8.1  0.0  0.0  0.0  0.0 16.3  8.1  0.0  0.0  0.0  0.0  0.0  0.0  0.0  0.0
  0.0  0.0  0.0  0.0 16.3 24.4  0.0  0.0  0.0  8.1113.8 16.3  0.0 73.2 32.5
  0.0  0.0  0.0  0.0  0.0  0.0  0.0  0.0  0.0  0.0  0.0  0.0  0.0  0.0  0.0
  0.0  0.0  0.0  0.0  0.0  0.0  0.0  0.0  0.0  0.0  0.0  0.0  0.0  0.0  0.0
  0.0  8.1  0.0  0.0  0.0  0.0  0.0  0.0  0.0  0.0  0.0  0.0  0.0  0.0  0.0
  0.0  0.0  0.0  0.0  8.1  0.0  8.1  0.0  0.0  0.0  0.0  0.0  0.0  0.0  0.0
  0.0  0.0  0.0  0.0  0.0  0.0  0.0  8.1  0.0  0.0 16.3 16.3  0.0  8.1  0.0
  0.0  0.0  0.0  0.0  0.0  0.0  8.1  0.0  0.0 16.3  8.1 24.4  8.1  0.0  0.0
    -13.07     -1.88      7.44     -6.61     -3.63  0.0  0.0  0.0  0.0  0.0
                                     t000254_s8_p2_el2ap.txt 23.3  5.4  120
  0.0  0.0  0.0 41.7  0.0  8.3  0.0  8.3  0.0  0.0  0.0  0.0  0.0 16.7  0.0
  8.3  0.0  0.0  8.3  0.0  0.0350.0125.0 91.7 16.7  0.0  8.3  0.0  0.0  0.0
  0.0  0.0  0.0  0.0  0.0  0.0  0.0  0.0  0.0  0.0  0.0  0.0  0.0  8.3  0.0
  0.0  8.3  0.0  0.0  0.0  0.0 16.7  8.3  0.0  0.0108.3  0.0  0.0 66.7  0.0
  0.0  0.0  0.0  0.0  0.0  0.0  0.0  0.0  0.0  0.0  0.0  0.0  0.0  0.0  0.0
  0.0  0.0  0.0  0.0  0.0  0.0  0.0  0.0  0.0  0.0  0.0  0.0  0.0  0.0  0.0
  0.0  0.0  0.0  0.0  0.0  0.0  0.0  0.0  0.0  0.0  0.0  0.0  0.0  0.0  0.0
  0.0  0.0  0.0  0.0  0.0  0.0  0.0  0.0  0.0  0.0  0.0  0.0  0.0  0.0  0.0
  0.0  0.0  0.0  0.0  0.0  0.0  0.0  8.3  8.3  0.0  0.0  0.0  0.0  0.0  8.3
  0.0  0.0  0.0  0.0  0.0  8.3 16.7  0.0  0.0  0.0  0.0  0.0  8.3  0.0  0.0
    -12.89     -3.58      0.97     -6.61     -2.36  0.0  0.0  0.0  0.0  0.0
                                     t000254_s8_p3_el2ap.txt 23.5  5.1  128
 15.6  0.0  0.0 15.6  0.0  0.0  0.0  0.0  0.0  0.0  0.0  0.0  0.0  0.0  0.0
  0.0  0.0  0.0  0.0  0.0  0.0421.9 78.1 54.7 15.6  0.0  0.0  0.0  0.0  0.0
  0.0  0.0  0.0  0.0  0.0 23.4  0.0  0.0  0.0  0.0  0.0  0.0  7.8  0.0  0.0
  0.0  0.0  0.0  0.0  0.0  0.0  0.0  0.0  0.0  0.0 70.3  0.0  0.0 31.3  0.0
  0.0  0.0  0.0  0.0  0.0  0.0  0.0  0.0  0.0  0.0  0.0  0.0  0.0  0.0  0.0
  0.0  0.0  0.0  0.0  0.0  0.0  0.0  0.0  0.0  0.0  0.0  0.0  0.0  0.0  0.0
  0.0  0.0  0.0  0.0  0.0  0.0  0.0  0.0  0.0  0.0  0.0  0.0  0.0  0.0  0.0
  0.0  0.0  0.0  0.0  0.0  0.0  0.0  0.0  0.0  0.0  0.0  0.0  0.0  0.0  0.0
  0.0  0.0  0.0  0.0  0.0  0.0  0.0  0.0 23.4  0.0 15.6 23.4  0.0  7.8 15.6
  7.8  0.0  0.0  0.0  7.8  7.8  0.0  7.8  0.0  7.8  0.0  7.8  7.8  0.0  0.0
    -27.37     -5.21     -0.36     -6.61      1.26  0.0  0.0  0.0  0.0  0.0
                                     t000254_s8_p4_el2ap.txt 16.3  5.3   95
 10.5  0.0  0.0 52.6  0.0  0.0  0.0  0.0  0.0  0.0  0.0  0.0 10.5  0.0  0.0
  0.0  0.0 10.5  0.0  0.0  0.0347.4115.8 52.6 21.1  0.0 21.1  0.0  0.0  0.0
  0.0 10.5  0.0  0.0  0.0 21.1 10.5  0.0  0.0  0.0  0.0  0.0 10.5 21.1  0.0
  0.0  0.0  0.0  0.0  0.0 10.5 10.5 21.1  0.0  0.0 63.2  0.0  0.0 73.7  0.0
  0.0  0.0  0.0  0.0  0.0  0.0  0.0  0.0  0.0  0.0  0.0  0.0  0.0  0.0  0.0
  0.0  0.0  0.0 10.5  0.0  0.0  0.0  0.0  0.0  0.0  0.0  0.0  0.0  0.0  0.0
  0.0  0.0 10.5  0.0  0.0  0.0  0.0  0.0  0.0  0.0  0.0  0.0  0.0  0.0  0.0
 10.5  0.0  0.0 10.5 10.5  0.0 10.5  0.0  0.0  0.0  0.0  0.0  0.0  0.0  0.0
  0.0  0.0  0.0  0.0  0.0  0.0  0.0  0.0  0.0  0.0 21.1 10.5  0.0  0.0  0.0
  0.0  0.0  0.0  0.0  0.0 10.5  0.0  0.0  0.0  0.0  0.0  0.0  0.0  0.0  0.0
    -19.00     -0.99      3.68     -6.61      6.14  0.0  0.0  0.0  0.0  0.0
                                     t000254_s8_p5_el2ap.txt 27.3  4.9  177
 16.9  0.0  0.0 22.6  0.0  0.0  5.6  0.0 16.9  0.0 11.3  0.0  0.0  5.6  0.0
  0.0  0.0 11.3  5.6  0.0  0.0333.3107.3 56.5 16.9  0.0  0.0  0.0  0.0  0.0
  0.0  0.0  0.0  0.0  0.0 28.2 16.9  0.0  0.0  0.0  0.0  0.0 11.3  5.6  0.0
 11.3  0.0  0.0  0.0 11.3 11.3  5.6 16.9  0.0  0.0 73.4 16.9  0.0 73.4  0.0
  0.0  0.0  0.0  0.0  0.0  0.0  0.0  0.0  0.0  0.0  0.0  0.0  0.0  0.0  0.0
  0.0  0.0  0.0  0.0  0.0  5.6  0.0  0.0  0.0  0.0  0.0  0.0  0.0  0.0  0.0
  0.0  5.6  0.0  0.0  0.0  0.0  0.0  0.0  0.0  5.6  0.0  0.0  0.0  0.0  0.0
  5.6  0.0  0.0  5.6  5.6  0.0 11.3  0.0  0.0  0.0  0.0  0.0  0.0  0.0  0.0
  0.0  0.0  0.0  0.0  0.0  0.0  0.0  0.0  0.0  0.0 16.9 22.6  0.0  5.6 16.9
 11.3  0.0  0.0  0.0  0.0  5.6  0.0  5.6  0.0 28.2  0.0  0.0  0.0  0.0  0.0
    -15.07     -5.17     -0.63     -6.61      7.94  0.0  0.0  0.0  0.0  0.0
                                     t000254_s8_p6_el2ap.txt 17.0  5.2   90
 11.1  0.0  0.0 44.4  0.0  0.0  0.0  0.0 22.2  0.0  0.0  0.0  0.0  0.0  0.0
  0.0  0.0  0.0  0.0  0.0  0.0388.9100.0 33.3  0.0  0.0  0.0  0.0  0.0 11.1
 11.1 11.1  0.0  0.0  0.0 22.2  0.0  0.0  0.0  0.0  0.0 11.1 11.1 11.1  0.0
  0.0  0.0  0.0  0.0  0.0  0.0 11.1 11.1  0.0 22.2 55.6 22.2  0.0 44.4  0.0
  0.0  0.0  0.0  0.0  0.0  0.0  0.0  0.0  0.0  0.0  0.0  0.0  0.0  0.0  0.0
  0.0  0.0  0.0  0.0  0.0  0.0  0.0  0.0  0.0  0.0  0.0  0.0  0.0  0.0  0.0
  0.0  0.0  0.0  0.0  0.0  0.0  0.0  0.0  0.0  0.0  0.0  0.0  0.0  0.0  0.0
  0.0  0.0  0.0  0.0  0.0  0.0  0.0  0.0  0.0  0.0  0.0  0.0  0.0  0.0  0.0
  0.0  0.0  0.0  0.0  0.0  0.0  0.0  0.0  0.0 11.1  0.0  0.0  0.0  0.0 11.1
  0.0  0.0  0.0  0.0  0.0 11.1  0.0  0.0  0.0 22.2  0.0  0.0 11.1  0.0  0.0
    -25.08     -5.73     19.48     -2.16      5.00  0.0  0.0  0.0  0.0  0.0
                                     t000261_s1_p1_el2ap.txt 33.5  5.4  282
  7.1  0.0  0.0 28.4  0.0  3.5  0.0  0.0  7.1 10.6  0.0  0.0  0.0  0.0  0.0
  3.5  0.0  3.5  0.0  0.0  0.0368.8141.8 67.4 39.0  0.0  7.1  3.5  0.0  0.0
  0.0  0.0  0.0  3.5  0.0  7.1  7.1  0.0  0.0  0.0  0.0  0.0  0.0  0.0  0.0
  7.1  3.5  3.5  3.5  7.1  3.5  3.5  7.1  0.0  0.0 95.7  7.1  0.0 95.7  0.0
  0.0  0.0  0.0  0.0  0.0  0.0  0.0  0.0  0.0  0.0  0.0  0.0  0.0  0.0  0.0
  0.0  0.0  0.0  0.0  0.0  0.0  3.5  3.5  0.0  0.0  0.0  0.0  0.0  0.0  0.0
  0.0  0.0  0.0  0.0  0.0  0.0  0.0  0.0  3.5  0.0  0.0  0.0  0.0  0.0  0.0
  3.5  3.5  0.0  7.1  0.0  3.5  3.5  0.0  0.0  0.0  0.0  0.0  0.0  0.0  0.0
  0.0  0.0  0.0  0.0  0.0  0.0  0.0  0.0 31.9  0.0 49.6 14.2  0.0  3.5 14.2
  0.0  0.0  0.0  0.0  0.0  0.0  3.5  7.1  7.1  3.5  0.0  3.5  7.1  3.5  0.0
    -25.01     -2.42     -0.44     -6.61     -1.34  0.0  0.0  0.0  0.0  0.0
                                    t000261_s14_p1_el2ap.txt 34.0  5.2  251
  0.0  0.0  0.0 23.9  0.0  4.0  0.0  0.0  0.0  8.0  0.0  0.0  0.0  0.0  0.0
  0.0  0.0  0.0  0.0  0.0  0.0394.4139.4 59.8 31.9  0.0  0.0  0.0  0.0  4.0
  0.0  0.0  0.0  4.0  4.0  0.0 12.0  0.0  4.0  0.0  0.0  0.0  0.0  8.0  0.0
  8.0  0.0  0.0  0.0  4.0  0.0  0.0 15.9  0.0  4.0 71.7  0.0  0.0 87.6  4.0
  0.0  0.0  0.0  0.0  0.0  0.0  0.0  0.0  0.0  0.0  0.0  0.0  0.0  0.0  0.0
  0.0  0.0  0.0  0.0  0.0  0.0  0.0  4.0  0.0  0.0  0.0  0.0  0.0  0.0  0.0
  0.0  0.0  0.0  0.0  4.0  4.0  0.0  0.0  0.0  0.0  0.0  0.0  0.0  0.0  0.0
  0.0  4.0  0.0  4.0  0.0  8.0  8.0  0.0  0.0  0.0  0.0  0.0  0.0  0.0  0.0
  0.0  4.0  0.0  0.0  0.0  0.0  0.0  0.0  8.0  0.0 23.9 19.9  0.0  0.0 12.0
  0.0  0.0  0.0  0.0  0.0  0.0  0.0 15.9  4.0  0.0  4.0  8.0  4.0  4.0  0.0
    -28.43     -4.68      0.66     -5.32      0.15  0.0  0.0  0.0  0.0  0.0
                                    t000261_s14_p2_el2ap.txt 13.8  5.5   69
  0.0  0.0  0.0  0.0  0.0  0.0  0.0  0.0 29.0  0.0  0.0  0.0  0.0  0.0  0.0
  0.0  0.0  0.0 14.5  0.0  0.0376.8115.9 43.5 43.5  0.0  0.0  0.0  0.0  0.0
  0.0  0.0  0.0  0.0  0.0 14.5  0.0  0.0  0.0  0.0  0.0  0.0  0.0 14.5  0.0
 14.5  0.0  0.0  0.0  0.0  0.0 14.5 29.0  0.0  0.0 58.0 29.0  0.0115.9  0.0
  0.0  0.0  0.0  0.0  0.0  0.0  0.0  0.0  0.0  0.0  0.0  0.0  0.0  0.0  0.0
  0.0  0.0  0.0  0.0  0.0  0.0  0.0  0.0  0.0  0.0  0.0  0.0  0.0  0.0  0.0
  0.0  0.0  0.0  0.0  0.0  0.0  0.0  0.0  0.0  0.0 14.5  0.0 14.5  0.0  0.0
  0.0  0.0  0.0  0.0  0.0  0.0  0.0 29.0  0.0  0.0  0.0  0.0  0.0  0.0  0.0
  0.0  0.0  0.0  0.0  0.0  0.0  0.0  0.0  0.0 29.0  0.0 58.0  0.0 14.5  0.0
  0.0  0.0  0.0  0.0  0.0 14.5  0.0 43.5  0.0 14.5  0.0  0.0  0.0  0.0  0.0
    -25.89     -4.30      0.15     -6.61      3.24  0.0  0.0  0.0  0.0  0.0
                                    t000261_s14_p3_el2ap.txt 15.3  5.0   71
  0.0  0.0  0.0 14.1  0.0  0.0  0.0  0.0 28.2  0.0  0.0  0.0  0.0  0.0  0.0
  0.0  0.0  0.0 14.1  0.0  0.0493.0 84.5 42.3 42.3  0.0  0.0  0.0  0.0  0.0
  0.0  0.0  0.0  0.0  0.0 14.1 14.1  0.0  0.0  0.0  0.0  0.0  0.0  0.0 14.1
 14.1  0.0  0.0  0.0  0.0  0.0 14.1 28.2  0.0  0.0 42.3 28.2  0.0 98.6  0.0
  0.0  0.0  0.0  0.0  0.0  0.0  0.0  0.0  0.0  0.0  0.0  0.0  0.0  0.0  0.0
  0.0  0.0  0.0  0.0  0.0  0.0  0.0  0.0  0.0  0.0  0.0  0.0  0.0  0.0  0.0
  0.0  0.0  0.0  0.0  0.0  0.0  0.0  0.0  0.0  0.0  0.0  0.0  0.0  0.0  0.0
  0.0  0.0  0.0  0.0  0.0  0.0  0.0  0.0  0.0  0.0  0.0  0.0  0.0  0.0  0.0
  0.0  0.0  0.0  0.0  0.0  0.0  0.0  0.0 28.2 14.1 42.3 14.1 28.2 14.1 14.1
  0.0  0.0  0.0  0.0  0.0 14.1  0.0 28.2 28.2 14.1  0.0  0.0  0.0  0.0  0.0
    -26.11     -4.34      0.17     -6.61     11.75  0.0  0.0  0.0  0.0  0.0
                                    t000261_s14_p4_el2ap.txt 17.3  5.4   96
 10.4  0.0  0.0 62.5  0.0  0.0  0.0  0.0 20.8  0.0  0.0  0.0  0.0  0.0  0.0
  0.0  0.0 10.4  0.0  0.0  0.0395.8 93.8 62.5 31.3  0.0  0.0  0.0  0.0 10.4
  0.0  0.0  0.0  0.0  0.0  0.0 10.4  0.0  0.0  0.0  0.0  0.0  0.0 10.4  0.0
  0.0  0.0  0.0  0.0  0.0 10.4  0.0 10.4  0.0 10.4 62.5 20.8  0.0114.6 10.4
  0.0  0.0  0.0  0.0  0.0  0.0  0.0  0.0  0.0  0.0  0.0  0.0  0.0  0.0  0.0
  0.0  0.0  0.0 10.4  0.0  0.0  0.0  0.0  0.0  0.0  0.0  0.0 10.4  0.0  0.0
  0.0  0.0 20.8  0.0  0.0  0.0  0.0  0.0  0.0  0.0  0.0  0.0  0.0  0.0  0.0
 10.4  0.0 10.4 20.8 20.8  0.0 20.8  0.0  0.0  0.0  0.0  0.0  0.0  0.0  0.0
  0.0  0.0  0.0  0.0  0.0  0.0  0.0  0.0 20.8 10.4 10.4 10.4 20.8 10.4  0.0
  0.0  0.0  0.0  0.0  0.0 20.8  0.0 20.8  0.0 20.8 20.8  0.0  0.0  0.0  0.0
    -23.69     -4.70      6.18     -6.61     -2.05  0.0  0.0  0.0  0.0  0.0
                                    t000261_s14_p5_el2ap.txt 27.5  5.0  162
 12.3  0.0  0.0 80.2  0.0  0.0  6.2  0.0 24.7 12.3  0.0  0.0  0.0  0.0  0.0
  0.0  0.0  6.2  0.0  0.0  0.0327.2111.1 61.7 37.0  0.0  0.0 12.3  0.0  0.0
  0.0  0.0  0.0  0.0  0.0 12.3 12.3  0.0  0.0  0.0  0.0  0.0  0.0  6.2  0.0
  0.0  0.0  6.2  0.0  0.0  6.2  0.0  6.2  0.0  0.0 67.9 24.7  0.0123.5  6.2
 12.3  0.0  0.0  0.0  0.0  0.0  0.0  0.0  0.0  0.0  0.0  0.0  0.0  0.0  0.0
  0.0  0.0  0.0  6.2  0.0  0.0  0.0  0.0  0.0  0.0  0.0  0.0  0.0  0.0  0.0
  0.0  0.0  0.0  0.0  0.0  0.0  0.0  0.0  0.0  0.0  0.0  0.0  0.0  0.0  0.0
  6.2  0.0  0.0  6.2  0.0  0.0  0.0  0.0  0.0  0.0  0.0  0.0  0.0  0.0  0.0
  0.0  0.0  0.0  0.0  0.0  0.0  0.0  0.0 18.5 12.3 43.2 12.3  6.2  6.2  0.0
  0.0  0.0  0.0  0.0  0.0  0.0  0.0 37.0 12.3 24.7  0.0  0.0  0.0  0.0  0.0
    -18.92     -2.22      0.27     -6.61     -2.69  0.0  0.0  0.0  0.0  0.0
                                    t000261_s19_p1_el2ap.txt 16.8  4.8  100
  0.0  0.0  0.0  0.0  0.0  0.0  0.0  0.0  0.0 10.0  0.0  0.0  0.0  0.0  0.0
  0.0  0.0  0.0  0.0  0.0 10.0330.0200.0 10.0 50.0  0.0 10.0 10.0  0.0  0.0
  0.0  0.0  0.0 10.0  0.0 10.0 10.0  0.0  0.0  0.0  0.0  0.0  0.0 10.0  0.0
  0.0  0.0  0.0 10.0  0.0  0.0  0.0 10.0  0.0  0.0 10.0  0.0  0.0 70.0  0.0
  0.0  0.0  0.0  0.0  0.0  0.0  0.0  0.0  0.0  0.0  0.0  0.0  0.0  0.0  0.0
  0.0  0.0  0.0  0.0  0.0  0.0  0.0  0.0  0.0  0.0  0.0  0.0  0.0  0.0  0.0
  0.0  0.0  0.0  0.0  0.0  0.0  0.0  0.0  0.0  0.0  0.0  0.0  0.0  0.0  0.0
  0.0  0.0  0.0  0.0  0.0  0.0  0.0  0.0  0.0  0.0  0.0  0.0  0.0  0.0  0.0
  0.0  0.0  0.0  0.0  0.0  0.0  0.0  0.0 20.0  0.0 50.0 20.0  0.0 20.0  0.0
  0.0  0.0  0.0  0.0  0.0  0.0  0.0  0.0  0.0 10.0  0.0 10.0 10.0 10.0  0.0
    -23.36     -0.31     -2.45     -6.61     -2.11  0.0  0.0  0.0  0.0  0.0
                                    t000261_s19_p2_el2ap.txt 22.0  4.9  140
 14.3  0.0  0.0  7.1  0.0  0.0  0.0  0.0  0.0  7.1  0.0  0.0  0.0  0.0  0.0
  0.0  0.0  0.0 14.3  0.0  0.0328.6107.1 71.4 42.9  0.0  0.0  0.0  0.0  0.0
  0.0  0.0  0.0  7.1  7.1 35.7  7.1  0.0  0.0  0.0  0.0  0.0 14.3  7.1  0.0
  7.1  7.1  0.0  0.0  0.0  0.0 21.4 14.3  0.0  0.0 71.4  0.0  0.0 85.7  7.1
  0.0  0.0  0.0  0.0  0.0  0.0  0.0  0.0  0.0  0.0  0.0  0.0  0.0  0.0  0.0
  0.0  0.0  0.0  0.0  0.0  0.0  0.0  0.0  0.0  0.0  0.0  0.0  0.0  0.0  0.0
  0.0  0.0  0.0  0.0  0.0  0.0  0.0  0.0  0.0  0.0  0.0  0.0  0.0  0.0  0.0
  0.0  0.0  0.0  0.0  0.0  0.0  0.0  0.0  0.0  0.0  0.0  0.0  0.0  0.0  0.0
  0.0  0.0  0.0  0.0  0.0  0.0  0.0  0.0  0.0  0.0 50.0  7.1  0.0 14.3  0.0
  0.0  7.1  0.0  0.0  0.0 21.4  0.0  7.1  0.0  0.0  0.0 14.3  7.1 14.3  0.0
    -22.56     -4.32     -5.20     -6.61      8.69  0.0  0.0  0.0  0.0  0.0
                                    t000261_s19_p3_el2ap.txt 27.5  5.0  207
 24.2  4.8  0.0 58.0  0.0  0.0  4.8  0.0 24.2  0.0  0.0  0.0  0.0  0.0  0.0
  0.0  0.0  4.8  4.8  0.0  0.0318.8101.4 58.0 48.3  0.0  0.0  0.0  4.8  4.8
  0.0  0.0  0.0  4.8  0.0  9.7  0.0  0.0  0.0  0.0  0.0  0.0  4.8  4.8 14.5
  9.7  9.7  0.0  4.8  9.7  4.8 14.5 29.0  0.0  9.7 77.3 24.2  4.8130.4  0.0
  4.8  0.0  0.0  0.0  0.0  0.0  0.0  0.0  0.0  0.0  0.0  0.0  0.0  0.0  0.0
  0.0  0.0  0.0  0.0  0.0  4.8  0.0  0.0  0.0  0.0  0.0  0.0  0.0  0.0  0.0
  0.0  0.0  0.0  0.0  0.0  0.0  0.0  0.0  0.0  0.0  0.0  0.0  0.0  0.0  0.0
  4.8  0.0  0.0  4.8  0.0  0.0  0.0  0.0  0.0  0.0  0.0  0.0  0.0  0.0  0.0
  0.0  0.0  0.0  0.0  0.0  0.0  0.0  0.0 14.5  9.7 24.2  9.7  4.8 24.2  0.0
  0.0  0.0  9.7  0.0  0.0  0.0  0.0 29.0  4.8 48.3  0.0 14.5  4.8  0.0  0.0
    -17.73     -4.14      4.30     -6.61     14.39  0.0  0.0  0.0  0.0  0.0
                                    t000261_s19_p4_el2ap.txt 22.5  4.9  146
 20.5  0.0  0.0 41.1  0.0  0.0  0.0  0.0 20.5  0.0  0.0  0.0  0.0  0.0  0.0
 13.7  0.0  6.8  6.8  0.0  0.0349.3178.1 54.8 27.4  0.0  6.8  6.8  0.0  0.0
  0.0  0.0  0.0  0.0  0.0 13.7  0.0  0.0  0.0  0.0  0.0  0.0  6.8  0.0  0.0
  0.0  0.0  0.0  0.0  0.0  6.8  6.8  0.0  0.0  0.0 75.3 20.5  0.0 75.3  0.0
  0.0  0.0  0.0  0.0  0.0  0.0  0.0  0.0  0.0  0.0  0.0  0.0  0.0  0.0  0.0
  0.0  0.0  0.0  0.0  0.0  0.0  0.0  0.0  0.0  0.0  0.0  0.0  0.0  0.0  0.0
  0.0  0.0  0.0  0.0  0.0  0.0  0.0  0.0  0.0  0.0  0.0  0.0  0.0  0.0  0.0
  0.0  0.0  0.0  0.0  0.0  0.0  0.0  0.0  0.0  0.0  0.0  0.0  0.0  0.0  0.0
  0.0  0.0  0.0  0.0  0.0  0.0  0.0  0.0 20.5  0.0 54.8 27.4  0.0 20.5  0.0
  0.0  0.0  0.0  0.0  0.0 13.7  0.0  0.0  0.0 20.5  0.0 20.5  6.8  0.0  0.0
    -18.07     -2.24      0.20     -6.61      0.65  0.0  0.0  0.0  0.0  0.0
                                     t000261_s2_p1_el2ap.txt 16.0  5.1   87
  0.0  0.0  0.0 46.0  0.0 11.5  0.0  0.0  0.0  0.0  0.0  0.0 11.5  0.0  0.0
 11.5  0.0  0.0  0.0  0.0  0.0402.3 92.0 23.0  0.0 11.5  0.0  0.0  0.0  0.0
  0.0 11.5  0.0  0.0  0.0 34.5 11.5 11.5  0.0  0.0  0.0  0.0 11.5  0.0  0.0
  0.0 23.0  0.0  0.0 11.5 11.5 34.5  0.0  0.0  0.0 34.5 11.5  0.0 57.5  0.0
  0.0  0.0  0.0  0.0  0.0  0.0  0.0  0.0  0.0  0.0  0.0  0.0  0.0  0.0  0.0
  0.0  0.0  0.0  0.0  0.0  0.0  0.0  0.0  0.0  0.0  0.0  0.0  0.0  0.0  0.0
  0.0 11.5  0.0  0.0  0.0  0.0  0.0  0.0  0.0  0.0  0.0  0.0  0.0  0.0  0.0
  0.0  0.0  0.0  0.0 11.5  0.0 11.5  0.0  0.0  0.0  0.0  0.0  0.0  0.0  0.0
  0.0  0.0  0.0  0.0  0.0  0.0  0.0 23.0  0.0  0.0 11.5  0.0  0.0  0.0 11.5
 11.5  0.0  0.0  0.0  0.0  0.0  0.0  0.0 23.0 11.5  0.0  0.0  0.0  0.0  0.0
    -13.49     -5.22      3.27     -3.87      3.56  0.0  0.0  0.0  0.0  0.0
                                     t000261_s6_p1_el2ap.txt  7.8  4.4   36
 27.8  0.0  0.0 55.6  0.0  0.0  0.0  0.0 27.8  0.0  0.0  0.0  0.0  0.0  0.0
  0.0  0.0  0.0  0.0  0.0  0.0361.1194.4 27.8 27.8  0.0 27.8  0.0  0.0  0.0
  0.0  0.0  0.0  0.0  0.0  0.0  0.0  0.0  0.0  0.0  0.0  0.0  0.0  0.0  0.0
 27.8  0.0  0.0  0.0 27.8  0.0  0.0 27.8  0.0  0.0 83.3 27.8  0.0 83.3  0.0
  0.0  0.0  0.0  0.0  0.0  0.0  0.0  0.0  0.0  0.0  0.0  0.0  0.0  0.0  0.0
  0.0  0.0  0.0  0.0  0.0  0.0  0.0  0.0  0.0  0.0  0.0  0.0  0.0  0.0  0.0
  0.0  0.0  0.0  0.0  0.0  0.0  0.0  0.0  0.0  0.0  0.0  0.0  0.0  0.0  0.0
  0.0  0.0  0.0  0.0  0.0  0.0  0.0  0.0  0.0  0.0  0.0  0.0  0.0  0.0  0.0
  0.0  0.0  0.0  0.0  0.0  0.0  0.0  0.0 27.8  0.0 27.8  0.0 27.8 55.6  0.0
  0.0 27.8  0.0  0.0  0.0  0.0  0.0  0.0  0.0 27.8  0.0  0.0  0.0  0.0  0.0
    -23.68      0.53      0.97     -6.61      5.33  0.0  0.0  0.0  0.0  0.0
                                     t000261_s6_p2_el2ap.txt 29.5  5.5  176
 11.4  0.0  0.0 22.7  0.0  0.0  0.0  5.7  5.7  0.0  0.0  0.0  0.0  0.0  0.0
  0.0  0.0  0.0 17.0  0.0  0.0358.0159.1 73.9 28.4  0.0  5.7  0.0  0.0  0.0
  0.0  0.0  0.0  0.0  5.7 22.7  0.0  0.0  0.0  0.0  0.0  5.7  0.0  5.7  0.0
  5.7  0.0  0.0  0.0  0.0  0.0 17.0 11.4  0.0  0.0 85.2  5.7  0.0 73.9 11.4
  0.0  0.0  0.0  0.0  0.0  0.0  0.0  0.0  0.0  0.0  0.0  0.0  0.0  0.0  0.0
  0.0  0.0  0.0  0.0  0.0  0.0  0.0  0.0  0.0  0.0  0.0  0.0  0.0  0.0  0.0
  0.0  0.0  0.0  0.0  0.0  0.0  0.0  0.0  0.0  0.0  0.0  0.0  0.0  0.0  0.0
  0.0  0.0  0.0  0.0  0.0  0.0  0.0  0.0  0.0  0.0  0.0  0.0  0.0  0.0  0.0
  0.0  0.0  0.0  0.0  0.0  0.0  0.0  0.0 51.1  0.0 28.4 22.7  0.0 11.4 11.4
  0.0  5.7  0.0  0.0  0.0  0.0  0.0  0.0  0.0  5.7  0.0  0.0  5.7  0.0  0.0
    -25.74     -3.70     -1.99     -4.33     -0.93  0.0  0.0  0.0  0.0  0.0
                                     t000261_s6_p3_el2ap.txt 16.0  5.1   81
  0.0  0.0  0.0 49.4  0.0  0.0  0.0  0.0 24.7  0.0  0.0  0.0  0.0  0.0  0.0
  0.0  0.0  0.0  0.0  0.0  0.0345.7123.5 12.3 12.3  0.0  0.0  0.0 12.3 12.3
  0.0  0.0  0.0  0.0  0.0 37.0 12.3  0.0  0.0  0.0  0.0  0.0  0.0  0.0  0.0
  0.0 24.7  0.0  0.0  0.0  0.0 24.7  0.0  0.0 24.7 49.4 24.7  0.0 74.1  0.0
  0.0  0.0  0.0  0.0  0.0  0.0  0.0  0.0  0.0  0.0  0.0  0.0  0.0  0.0  0.0
  0.0  0.0  0.0  0.0  0.0  0.0  0.0  0.0  0.0  0.0  0.0  0.0  0.0  0.0  0.0
  0.0  0.0 12.3  0.0  0.0  0.0  0.0  0.0  0.0 12.3  0.0  0.0  0.0  0.0  0.0
  0.0  0.0  0.0  0.0 12.3  0.0 24.7  0.0  0.0  0.0  0.0  0.0  0.0  0.0  0.0
  0.0  0.0  0.0  0.0  0.0  0.0  0.0  0.0 24.7  0.0 49.4 12.3 12.3 37.0  0.0
  0.0  0.0  0.0  0.0  0.0  0.0  0.0  0.0  0.0 12.3 12.3 12.3 24.7  0.0  0.0
    -24.34     -5.32     12.30     -6.61     -3.63  0.0  0.0  0.0  0.0  0.0
                                     t000261_s6_p4_el2ap.txt 33.5  5.1  203
  0.0  0.0  0.0 19.7  0.0  0.0  4.9  4.9  4.9  4.9  0.0  0.0  0.0  0.0  0.0
  0.0  0.0  4.9  4.9  0.0  4.9374.4162.6 59.1 14.8  0.0  4.9  0.0  0.0  0.0
  0.0  0.0  0.0  0.0  0.0 19.7  0.0  0.0  0.0  0.0  0.0  4.9  9.9  9.9  0.0
  4.9  4.9  0.0  0.0  0.0  4.9  9.9 14.8  0.0  0.0 83.7  4.9  0.0 49.3  0.0
  0.0  0.0  0.0  0.0  0.0  0.0  0.0  0.0  0.0  0.0  0.0  0.0  0.0  0.0  0.0
  0.0  0.0  0.0  0.0  0.0  0.0  0.0  0.0  0.0  0.0  0.0  0.0  0.0  0.0  0.0
  0.0  0.0  0.0  0.0  0.0  0.0  0.0  0.0  0.0  0.0  0.0  0.0  0.0  0.0  0.0
  0.0  0.0  0.0  0.0  0.0  0.0  0.0  0.0  0.0  0.0  0.0  0.0  0.0  0.0  0.0
  0.0  0.0  0.0  0.0  0.0  0.0  0.0  0.0 24.6  0.0 34.5  4.9  9.9  4.9  4.9
  0.0  0.0  0.0  0.0  0.0  0.0  0.0  0.0  0.0  0.0  4.9  0.0  4.9  9.9  0.0
    -23.71     -4.29     -0.15     -4.63      5.61  0.0  0.0  0.0  0.0  0.0
                                     t000261_s6_p5_el2ap.txt 19.3  5.3   95
 10.5  0.0  0.0 42.1  0.0  0.0  0.0 10.5 10.5  0.0  0.0  0.0  0.0  0.0  0.0
  0.0  0.0 31.6 10.5  0.0  0.0294.7136.8 52.6 42.1  0.0 10.5  0.0  0.0  0.0
  0.0  0.0  0.0  0.0  0.0 31.6  0.0  0.0 10.5  0.0  0.0  0.0 10.5  0.0 10.5
  0.0  0.0 10.5  0.0  0.0 31.6 10.5 10.5  0.0  0.0 52.6 10.5  0.0 73.7  0.0
 10.5  0.0  0.0  0.0  0.0  0.0  0.0  0.0  0.0  0.0  0.0  0.0  0.0  0.0  0.0
  0.0  0.0  0.0  0.0  0.0 10.5  0.0  0.0  0.0  0.0  0.0  0.0  0.0  0.0  0.0
  0.0  0.0  0.0  0.0  0.0  0.0  0.0  0.0  0.0  0.0  0.0  0.0  0.0  0.0  0.0
 10.5  0.0  0.0 10.5  0.0  0.0  0.0  0.0  0.0  0.0  0.0  0.0  0.0  0.0  0.0
  0.0  0.0  0.0  0.0  0.0  0.0  0.0 10.5  0.0  0.0 42.1 10.5  0.0 10.5  0.0
  0.0  0.0  0.0  0.0  0.0  0.0  0.0 10.5  0.0 10.5 10.5  0.0  0.0 10.5  0.0
    -12.09     -2.32     -0.82     -3.21     11.05  0.0  0.0  0.0  0.0  0.0
                                     t000261_s6_p6_el2ap.txt 14.8  5.0   87
 11.5  0.0  0.0  0.0  0.0  0.0  0.0  0.0  0.0  0.0  0.0  0.0  0.0  0.0  0.0
  0.0  0.0  0.0  0.0  0.0  0.0367.8149.4 46.0 57.5  0.0  0.0  0.0  0.0  0.0
  0.0  0.0  0.0  0.0  0.0 11.5  0.0  0.0  0.0  0.0  0.0  0.0  0.0  0.0  0.0
  0.0  0.0  0.0  0.0 11.5  0.0  0.0  0.0  0.0  0.0 57.5  0.0  0.0 57.5  0.0
  0.0  0.0  0.0  0.0  0.0  0.0  0.0  0.0  0.0  0.0  0.0  0.0  0.0  0.0  0.0
  0.0  0.0  0.0  0.0  0.0  0.0  0.0  0.0  0.0  0.0  0.0  0.0  0.0  0.0  0.0
  0.0  0.0  0.0  0.0  0.0  0.0  0.0  0.0  0.0  0.0  0.0  0.0  0.0  0.0  0.0
  0.0  0.0  0.0  0.0  0.0  0.0  0.0  0.0  0.0  0.0  0.0  0.0  0.0  0.0  0.0
  0.0  0.0  0.0  0.0  0.0  0.0  0.0  0.0  0.0 11.5 57.5 23.0  0.0 11.5  0.0
  0.0  0.0  0.0  0.0  0.0  0.0  0.0  0.0  0.0  0.0  0.0  0.0 11.5  0.0  0.0
    -28.89     -3.84      0.32     -6.61     -3.63  0.0  0.0  0.0  0.0  0.0
                                     t000261_s6_p7_el2ap.txt  9.3  5.3   50
  0.0  0.0  0.0  0.0  0.0  0.0  0.0  0.0  0.0  0.0  0.0  0.0  0.0  0.0  0.0
  0.0  0.0  0.0  0.0  0.0  0.0320.0140.0140.0 40.0  0.0  0.0  0.0  0.0  0.0
  0.0  0.0  0.0  0.0  0.0 20.0  0.0  0.0  0.0  0.0  0.0  0.0 20.0  0.0  0.0
  0.0  0.0  0.0  0.0 20.0  0.0  0.0  0.0  0.0  0.0180.0  0.0  0.0 40.0  0.0
  0.0  0.0  0.0  0.0  0.0  0.0  0.0  0.0  0.0  0.0  0.0  0.0  0.0  0.0  0.0
  0.0  0.0  0.0  0.0  0.0  0.0  0.0  0.0  0.0  0.0  0.0  0.0  0.0  0.0  0.0
  0.0  0.0  0.0  0.0  0.0  0.0  0.0  0.0  0.0  0.0  0.0  0.0  0.0  0.0  0.0
  0.0  0.0  0.0  0.0  0.0  0.0  0.0  0.0  0.0  0.0  0.0  0.0  0.0  0.0  0.0
  0.0  0.0  0.0  0.0  0.0  0.0  0.0  0.0 60.0  0.0  0.0  0.0  0.0  0.0  0.0
  0.0  0.0  0.0  0.0  0.0  0.0  0.0  0.0  0.0  0.0  0.0  0.0  0.0  0.0  0.0
    -33.87     -4.41     -0.16     -6.61      8.87  0.0  0.0  0.0  0.0  0.0
                                     t000261_s6_p8_el2ap.txt 20.3  5.5  125
  8.0  0.0  0.0 56.0  0.0  0.0  0.0  0.0  0.0 32.0  0.0  0.0  0.0  0.0  0.0
  8.0  0.0  0.0  0.0  0.0  0.0328.0128.0 64.0 24.0  0.0  8.0  0.0  0.0  0.0
  0.0  0.0  0.0  0.0  0.0 16.0 24.0  0.0  0.0  0.0  0.0  0.0 16.0  0.0  0.0
  0.0  8.0 16.0  8.0 16.0  0.0  8.0  0.0  0.0  0.0 80.0  0.0  0.0112.0  8.0
  0.0  0.0  0.0  0.0  0.0  0.0  0.0  0.0  0.0  0.0  0.0  0.0  0.0  0.0  0.0
  0.0  0.0  0.0 16.0  0.0  0.0  8.0  8.0  0.0  0.0  0.0  0.0  0.0  0.0  0.0
  0.0  0.0  8.0  0.0  0.0  0.0  0.0  0.0 16.0  0.0  0.0  0.0  0.0  0.0  0.0
 24.0  8.0  0.0 32.0  8.0 16.0 24.0  0.0  0.0  0.0  0.0  0.0  0.0  0.0  0.0
  0.0  0.0  0.0  0.0  0.0  0.0  0.0  0.0 40.0  0.0 32.0  8.0 16.0  0.0 16.0
  0.0  0.0  0.0  0.0  0.0  0.0  0.0  0.0  8.0  8.0  0.0  0.0  0.0  8.0  0.0
    -20.13     -3.40      0.06     -6.61      6.37  0.0  0.0  0.0  0.0  0.0
                                     t000261_s6_p9_el2ap.txt 11.0  5.7   57
  0.0  0.0  0.0 35.1  0.0  0.0  0.0  0.0 17.5  0.0  0.0  0.0  0.0  0.0  0.0
  0.0  0.0 17.5  0.0  0.0  0.0403.5175.4 87.7 17.5  0.0  0.0  0.0  0.0  0.0
  0.0  0.0  0.0  0.0  0.0  0.0  0.0  0.0 17.5  0.0  0.0  0.0  0.0  0.0  0.0
  0.0  0.0  0.0  0.0  0.0 17.5  0.0  0.0  0.0  0.0122.8 17.5  0.0 52.6  0.0
  0.0  0.0  0.0  0.0  0.0  0.0  0.0  0.0  0.0  0.0  0.0  0.0  0.0  0.0  0.0
  0.0  0.0  0.0  0.0  0.0  0.0  0.0  0.0  0.0  0.0  0.0  0.0  0.0  0.0  0.0
  0.0  0.0  0.0  0.0  0.0  0.0  0.0  0.0  0.0  0.0  0.0  0.0  0.0  0.0  0.0
  0.0  0.0  0.0  0.0  0.0  0.0  0.0  0.0  0.0  0.0  0.0  0.0  0.0  0.0  0.0
  0.0  0.0  0.0  0.0  0.0  0.0  0.0  0.0 70.2 17.5 35.1 17.5  0.0 17.5  0.0
  0.0  0.0  0.0  0.0  0.0  0.0  0.0 17.5  0.0  0.0 17.5  0.0  0.0  0.0  0.0
    -29.17     -5.15      0.97     -0.95     -3.63  0.0  0.0  0.0  0.0  0.0
                                     t000261_s8_p1_el2ap.txt 12.0  5.6   54
  0.0  0.0  0.0 55.6  0.0  0.0  0.0 18.5  0.0  0.0  0.0  0.0  0.0  0.0  0.0
  0.0  0.0  0.0 18.5  0.0  0.0351.9 74.1 92.6  0.0  0.0  0.0  0.0  0.0  0.0
  0.0  0.0  0.0  0.0  0.0 18.5  0.0  0.0  0.0  0.0  0.0  0.0  0.0  0.0  0.0
  0.0  0.0  0.0  0.0  0.0  0.0 18.5  0.0  0.0  0.0111.1  0.0  0.0 74.1  0.0
  0.0  0.0  0.0  0.0  0.0  0.0  0.0  0.0  0.0  0.0  0.0  0.0  0.0  0.0  0.0
  0.0  0.0  0.0  0.0  0.0  0.0  0.0  0.0  0.0  0.0  0.0  0.0  0.0  0.0  0.0
  0.0  0.0  0.0  0.0  0.0  0.0  0.0  0.0  0.0  0.0  0.0  0.0  0.0  0.0  0.0
  0.0  0.0  0.0  0.0  0.0  0.0  0.0  0.0  0.0  0.0  0.0  0.0  0.0  0.0  0.0
  0.0  0.0  0.0  0.0  0.0  0.0  0.0  0.0  0.0  0.0 18.5 18.5  0.0  0.0  0.0
  0.0  0.0  0.0  0.0  0.0  0.0 37.0 18.5  0.0  0.0  0.0  0.0  0.0  0.0  0.0
    -20.45     -5.73     -0.08     -6.61     -3.63  0.0  0.0  0.0  0.0  0.0
                                     t000261_s8_p2_el2ap.txt 16.8  5.4   87
  0.0  0.0  0.0 69.0  0.0  0.0  0.0  0.0  0.0  0.0  0.0  0.0  0.0  0.0  0.0
 11.5  0.0  0.0  0.0  0.0  0.0356.3 80.5 23.0  0.0 11.5  0.0  0.0  0.0  0.0
  0.0 11.5  0.0  0.0  0.0 23.0  0.0  0.0  0.0  0.0  0.0  0.0 11.5  0.0  0.0
  0.0 11.5  0.0 11.5  0.0  0.0 23.0  0.0  0.0  0.0 80.5 11.5  0.0 80.5  0.0
 11.5  0.0  0.0  0.0  0.0  0.0  0.0  0.0  0.0  0.0  0.0  0.0  0.0  0.0  0.0
  0.0  0.0  0.0  0.0  0.0  0.0  0.0  0.0  0.0  0.0  0.0  0.0  0.0  0.0  0.0
  0.0  0.0  0.0  0.0  0.0  0.0  0.0  0.0  0.0  0.0  0.0  0.0  0.0  0.0  0.0
  0.0  0.0  0.0  0.0  0.0  0.0  0.0  0.0  0.0  0.0  0.0  0.0  0.0  0.0  0.0
  0.0  0.0  0.0  0.0  0.0  0.0  0.0  0.0  0.0  0.0 23.0 46.0  0.0  0.0  0.0
  0.0  0.0  0.0  0.0  0.0  0.0 11.5 11.5  0.0 11.5  0.0  0.0  0.0  0.0  0.0
    -20.25     -5.22      3.92     -6.61      3.56  0.0  0.0  0.0  0.0  0.0
                                     t000261_s8_p3_el2ap.txt 25.5  5.0  143
  7.0  0.0  0.0 35.0  0.0  7.0  0.0  0.0  0.0 21.0  0.0  0.0  0.0  0.0  0.0
  0.0  0.0  0.0  0.0  0.0  0.0349.7146.9 42.0 35.0  0.0  0.0  0.0  0.0  0.0
  0.0  0.0  0.0  0.0  0.0  0.0 14.0  0.0  7.0  0.0  0.0  0.0  0.0 14.0  0.0
 21.0  0.0  0.0  0.0  0.0  0.0  0.0 35.0  0.0  0.0 42.0  0.0  0.0111.9  0.0
  0.0  0.0  0.0  0.0  0.0  0.0  0.0  0.0  0.0  0.0  0.0  0.0  0.0  0.0  0.0
  0.0  0.0  0.0  0.0  0.0  0.0  0.0  0.0  0.0  0.0  0.0  0.0  0.0  0.0  0.0
  0.0  0.0  0.0  0.0  0.0  0.0  0.0  0.0  0.0  0.0  0.0  0.0  0.0  0.0  0.0
  0.0  0.0  0.0  0.0  0.0  0.0  0.0  0.0  0.0  0.0  0.0  0.0  0.0  0.0  0.0
  0.0  0.0  0.0  0.0  0.0  0.0  0.0  0.0 14.0  0.0 35.0 28.0  0.0  7.0 28.0
  0.0  0.0  0.0  0.0  0.0  0.0  7.0 21.0  7.0  7.0  0.0  0.0  7.0  0.0  0.0
    -22.36     -4.58      0.97     -4.35      5.26  0.0  0.0  0.0  0.0  0.0
                                     t000261_s8_p4_el2ap.txt 21.0  5.5  109
  0.0  0.0  0.0  9.2  0.0  0.0  0.0  0.0  0.0 18.3  0.0  0.0  0.0  0.0  0.0
  0.0  0.0  0.0  0.0  0.0  0.0348.6119.3 73.4 27.5  0.0  9.2  9.2  0.0  9.2
  0.0  0.0  0.0  0.0  0.0 27.5  0.0  0.0  0.0  0.0  0.0  0.0  9.2  9.2  0.0
  0.0  0.0  0.0  0.0  0.0  0.0  0.0  9.2  0.0  9.2 82.6  0.0  0.0 55.0  0.0
  9.2  0.0  0.0  0.0  0.0  0.0  0.0  0.0  0.0  0.0  0.0  0.0  0.0  0.0  0.0
  0.0  0.0  0.0  0.0  0.0  0.0  0.0  0.0  0.0  0.0  0.0  0.0  0.0  0.0  0.0
  0.0  0.0  0.0  0.0  0.0  0.0  0.0  0.0  0.0  0.0  0.0  0.0  0.0  0.0  0.0
  0.0  0.0  0.0  0.0  0.0  0.0  0.0  0.0  0.0  0.0  0.0  0.0  0.0  0.0  0.0
  0.0  0.0  0.0  0.0  0.0  0.0  0.0  9.2 18.3  0.0 36.7  9.2  0.0  0.0  0.0
  0.0  0.0  0.0  0.0  0.0  0.0  0.0  0.0  0.0  0.0  9.2  0.0  0.0  0.0  0.0
    -28.09     -1.36      4.00     -6.61      3.50  0.0  0.0  0.0  0.0  0.0
                                     t000261_s8_p5_el2ap.txt 18.5  5.4   86
  0.0  0.0  0.0 69.8  0.0  0.0  0.0  0.0  0.0  0.0  0.0  0.0  0.0  0.0  0.0
  0.0  0.0 11.6  0.0  0.0  0.0337.2 81.4 46.5  0.0  0.0 34.9  0.0  0.0  0.0
  0.0  0.0  0.0  0.0  0.0 34.9 11.6  0.0  0.0  0.0  0.0 11.6  0.0 34.9  0.0
  0.0 11.6  0.0  0.0  0.0 11.6 11.6 34.9  0.0  0.0 93.0  0.0  0.0116.3  0.0
 11.6  0.0  0.0  0.0  0.0  0.0  0.0  0.0  0.0  0.0  0.0  0.0  0.0  0.0  0.0
  0.0  0.0  0.0 11.6  0.0  0.0  0.0  0.0  0.0  0.0  0.0  0.0  0.0  0.0  0.0
  0.0  0.0 11.6  0.0  0.0  0.0  0.0  0.0  0.0  0.0  0.0  0.0  0.0  0.0  0.0
 11.6  0.0  0.0 11.6 11.6  0.0 11.6  0.0  0.0  0.0  0.0  0.0  0.0  0.0  0.0
  0.0  0.0  0.0  0.0  0.0  0.0  0.0  0.0 11.6 11.6 46.5  0.0  0.0 23.3  0.0
  0.0  0.0  0.0  0.0  0.0  0.0  0.0 34.9  0.0  0.0  0.0 23.3  0.0  0.0  0.0
    -22.06      0.98     -1.01     -1.95      1.66  0.0  0.0  0.0  0.0  0.0
                                     t000261_s8_p6_el2ap.txt 23.5  5.5  110
  0.0  0.0  0.0 18.2  0.0  0.0  0.0  0.0  9.1  0.0  0.0  0.0  0.0  0.0  0.0
  0.0  0.0  0.0 18.2  0.0  0.0381.8 81.8 54.5 18.2  0.0 27.3  0.0  0.0  0.0
  0.0  0.0  0.0  9.1  0.0 18.2 18.2  0.0  0.0  0.0  0.0 18.2  0.0  9.1  0.0
  0.0  0.0  0.0  9.1  0.0  0.0 18.2  9.1  0.0  0.0 54.5  9.1  0.0 81.8  9.1
  0.0  0.0  0.0  0.0  0.0  0.0  0.0  0.0  0.0  0.0  0.0  0.0  0.0  0.0  0.0
  0.0  0.0  0.0  0.0  0.0  0.0  0.0  0.0  0.0  0.0  0.0  0.0  0.0  0.0  0.0
  0.0  0.0  0.0  0.0  0.0  0.0  0.0  0.0  0.0  0.0  0.0  0.0  0.0  0.0  0.0
  0.0  0.0  0.0  0.0  0.0  0.0  0.0  0.0  0.0  0.0  0.0  0.0  0.0  0.0  0.0
  0.0  0.0  0.0  0.0  0.0  0.0  0.0  0.0 63.6  0.0 27.3 36.4  0.0  0.0  9.1
  0.0  0.0  0.0  0.0  0.0  0.0  0.0 27.3  0.0  9.1  0.0  0.0  0.0  0.0  0.0
    -24.58      0.12     -2.66      0.67     -2.25  0.0  0.0  9.1  0.0  0.0
                                     t000270_s1_p1_el2ap.txt 24.5  4.9  149
  6.7  0.0  0.0 47.0  0.0 13.4  0.0  0.0  0.0 20.1  0.0  0.0  0.0  0.0  0.0
  0.0  0.0  0.0 13.4  0.0  0.0389.3140.9 13.4 26.8  0.0 20.1  0.0  0.0  0.0
  0.0  0.0  0.0  6.7  0.0 26.8  0.0  6.7  0.0  0.0  0.0 20.1  6.7 26.8  0.0
  0.0  0.0 13.4 13.4  0.0  6.7 13.4 26.8  0.0  0.0 13.4  0.0  0.0 80.5  6.7
  0.0  0.0  0.0  0.0  0.0  0.0  0.0  0.0  0.0  0.0  0.0  0.0  0.0  0.0  0.0
  0.0  0.0  0.0  0.0  0.0  0.0  6.7  0.0  0.0  0.0  0.0  0.0  0.0  0.0  0.0
  0.0  0.0  0.0  0.0  0.0  0.0  0.0  0.0  0.0  0.0  0.0  0.0  0.0  0.0  0.0
  6.7  0.0  0.0  6.7  0.0  0.0  0.0  0.0  0.0  0.0  0.0  0.0  0.0  0.0  0.0
  0.0  0.0  0.0  0.0  0.0  0.0  0.0 13.4  0.0  6.7 20.1 13.4  0.0  6.7  6.7
  0.0  0.0  0.0  0.0  0.0  0.0  6.7 13.4  0.0  0.0  0.0  0.0 13.4  6.7  0.0
    -16.77     -0.97     -2.47      3.05      4.64  0.0  0.0  0.0  0.0  0.0
                                    t000270_s16_p1_el2ap.txt 18.0  4.8   99
 10.1  0.0  0.0 60.6  0.0 10.1  0.0  0.0  0.0  0.0  0.0 10.1  0.0  0.0  0.0
  0.0  0.0  0.0 10.1  0.0 20.2404.0121.2  0.0 10.1 10.1  0.0  0.0  0.0  0.0
  0.0  0.0  0.0  0.0 10.1  0.0  0.0  0.0  0.0  0.0 10.1  0.0  0.0 10.1  0.0
  0.0  0.0  0.0  0.0  0.0 10.1 20.2 10.1  0.0  0.0  0.0 10.1  0.0 70.7  0.0
  0.0  0.0  0.0  0.0  0.0  0.0  0.0  0.0  0.0  0.0  0.0  0.0  0.0  0.0  0.0
  0.0  0.0  0.0  0.0  0.0  0.0  0.0  0.0  0.0  0.0  0.0  0.0  0.0  0.0  0.0
  0.0  0.0  0.0  0.0  0.0  0.0  0.0  0.0  0.0  0.0  0.0  0.0  0.0  0.0  0.0
  0.0  0.0  0.0  0.0  0.0  0.0  0.0  0.0  0.0  0.0  0.0  0.0  0.0  0.0  0.0
  0.0  0.0  0.0  0.0  0.0  0.0  0.0  0.0 10.1  0.0  0.0  0.0  0.0  0.0 20.2
  0.0  0.0  0.0  0.0  0.0  0.0  0.0 20.2  0.0  0.0  0.0  0.0 10.1  0.0  0.0
     -5.81     -4.95     -2.00     -1.80     -2.10  0.0  0.0  0.0  0.0  0.0
                                    t000270_s16_p2_el2ap.txt 30.8  5.0  212
  4.7  0.0  0.0 14.2  0.0  0.0  4.7  0.0  0.0  0.0  0.0  0.0  0.0  0.0  0.0
  0.0  0.0  0.0  0.0  0.0  0.0344.3103.8  4.7 61.3  4.7  0.0  0.0  0.0  4.7
  0.0  0.0  0.0  0.0  0.0 61.3 18.9  0.0  0.0  0.0  0.0 18.9  4.7 42.5  4.7
 18.9  4.7  0.0  4.7  4.7  0.0  4.7 66.0  0.0  4.7 47.2  4.7  0.0146.2  9.4
  0.0  0.0  0.0  0.0  0.0  0.0  0.0  0.0  0.0  0.0  0.0  0.0  0.0  0.0  0.0
  0.0  0.0  0.0  4.7  0.0  0.0  0.0  0.0  0.0  0.0  0.0  0.0  0.0  0.0  0.0
  0.0  0.0  4.7  0.0  0.0  0.0  0.0  0.0  0.0  0.0  0.0  0.0  0.0  0.0  0.0
  4.7  0.0  0.0  4.7  4.7  0.0  4.7  0.0  0.0  0.0  0.0  0.0  0.0  0.0  0.0
  0.0  0.0  0.0  0.0  0.0  0.0  0.0  0.0  0.0  4.7 14.2 33.0  4.7  4.7  9.4
  4.7  0.0  0.0  0.0  0.0  0.0  0.0 37.7  0.0  0.0  0.0  0.0  4.7  0.0  0.0
    -23.38     -3.50     -0.15      0.94     15.47  0.0  0.0  0.0  0.0  0.0
                                    t000270_s16_p3_el2ap.txt  8.5  5.2   39
  0.0  0.0  0.0 25.6  0.0  0.0  0.0  0.0  0.0  0.0  0.0 25.6  0.0  0.0  0.0
  0.0  0.0  0.0  0.0  0.0  0.0307.7 76.9 25.6 51.3  0.0  0.0  0.0  0.0  0.0
  0.0  0.0  0.0  0.0  0.0 25.6  0.0  0.0  0.0  0.0  0.0  0.0  0.0 51.3  0.0
 25.6  0.0  0.0  0.0  0.0  0.0 25.6 76.9  0.0  0.0 76.9  0.0  0.0102.6  0.0
  0.0  0.0  0.0  0.0  0.0  0.0  0.0  0.0  0.0  0.0  0.0  0.0  0.0  0.0  0.0
  0.0  0.0  0.0  0.0  0.0  0.0  0.0  0.0  0.0  0.0  0.0  0.0  0.0  0.0  0.0
  0.0  0.0  0.0  0.0  0.0  0.0  0.0  0.0  0.0  0.0  0.0  0.0  0.0  0.0  0.0
  0.0  0.0  0.0  0.0  0.0  0.0  0.0  0.0  0.0  0.0  0.0  0.0  0.0  0.0  0.0
  0.0  0.0  0.0  0.0  0.0  0.0  0.0  0.0  0.0 51.3  0.0  0.0  0.0  0.0  0.0
  0.0  0.0  0.0  0.0  0.0  0.0  0.0 25.6  0.0  0.0  0.0  0.0  0.0  0.0  0.0
     -8.87     -4.04     -0.48     -6.61     12.41  0.0  0.0  0.0  0.0  0.0
                                     t000270_s2_p1_el2ap.txt  7.3  4.5   34
  0.0  0.0  0.0 58.8  0.0  0.0  0.0 29.4 29.4 29.4  0.0  0.0 29.4  0.0  0.0
  0.0  0.0  0.0  0.0  0.0  0.0323.5 58.8 58.8  0.0  0.0 29.4  0.0  0.0  0.0
  0.0  0.0  0.0 29.4  0.0 29.4  0.0  0.0  0.0  0.0  0.0  0.0  0.0  0.0  0.0
  0.0  0.0  0.0  0.0  0.0  0.0  0.0  0.0  0.0  0.0 58.8 29.4  0.0 88.2  0.0
 29.4  0.0  0.0  0.0  0.0  0.0  0.0  0.0  0.0  0.0  0.0  0.0  0.0  0.0  0.0
  0.0  0.0  0.0  0.0  0.0  0.0  0.0  0.0  0.0  0.0  0.0  0.0  0.0  0.0  0.0
  0.0  0.0  0.0  0.0  0.0  0.0  0.0  0.0  0.0  0.0  0.0  0.0  0.0  0.0  0.0
  0.0  0.0  0.0  0.0  0.0  0.0  0.0  0.0  0.0  0.0  0.0  0.0  0.0  0.0  0.0
  0.0  0.0  0.0  0.0  0.0  0.0  0.0 29.4 29.4  0.0  0.0  0.0  0.0  0.0  0.0
  0.0  0.0  0.0  0.0  0.0  0.0  0.0  0.0  0.0  0.0 29.4  0.0  0.0  0.0  0.0
      2.34     -0.07     -9.10     -6.61     -3.63  0.0  0.0  0.0  0.0  0.0
                                     t000270_s4_p1_el2ap.txt 15.8  5.0   86
  0.0  0.0  0.0 34.9  0.0 11.6 23.3  0.0  0.0 11.6  0.0  0.0  0.0 11.6  0.0
  0.0  0.0  0.0  0.0  0.0  0.0348.8151.2 11.6 81.4  0.0  0.0  0.0  0.0  0.0
  0.0  0.0  0.0 11.6 11.6 23.3  0.0 11.6  0.0  0.0  0.0 11.6  0.0 58.1  0.0
  0.0  0.0 11.6  0.0  0.0 11.6  0.0 58.1  0.0  0.0 11.6  0.0  0.0127.9  0.0
  0.0  0.0  0.0  0.0  0.0  0.0  0.0  0.0  0.0  0.0  0.0  0.0  0.0  0.0  0.0
  0.0  0.0  0.0  0.0 11.6  0.0  0.0  0.0  0.0  0.0  0.0  0.0  0.0  0.0  0.0
  0.0  0.0  0.0  0.0  0.0  0.0  0.0  0.0  0.0  0.0  0.0  0.0  0.0  0.0  0.0
 11.6  0.0  0.0 11.6  0.0  0.0  0.0  0.0  0.0  0.0  0.0  0.0  0.0  0.0  0.0
  0.0  0.0  0.0  0.0  0.0  0.0  0.0  0.0  0.0  0.0 11.6 23.3 11.6 11.6  0.0
  0.0  0.0  0.0  0.0  0.0  0.0  0.0 11.6  0.0 34.9  0.0  0.0  0.0 11.6  0.0
    -10.87     -3.05     -7.09      0.81      5.18  0.0  0.0  0.0  0.0  0.0
                                     t000270_s4_p2_el2ap.txt 26.8  5.4  148
  0.0  0.0  0.0 33.8  0.0  0.0  0.0  0.0  6.8 13.5  0.0  0.0  0.0  0.0  0.0
  0.0  0.0  0.0 27.0  0.0  0.0385.1128.4 27.0 20.3  6.8  0.0  0.0  0.0  0.0
  0.0  0.0  0.0 13.5  6.8 40.5  0.0  0.0  0.0  0.0  0.0 13.5 13.5 27.0  0.0
  6.8  6.8  0.0  6.8  6.8  0.0 33.8 33.8  0.0  0.0 40.5 13.5  0.0 60.8  6.8
  0.0  0.0  0.0  0.0  0.0  0.0  0.0  0.0  0.0  0.0  0.0  0.0  0.0  0.0  0.0
  0.0  0.0  0.0  0.0  0.0  0.0  0.0  0.0  0.0  0.0  0.0  0.0  0.0  0.0  0.0
  0.0  0.0  0.0  0.0  0.0  0.0  0.0  0.0  0.0  0.0  0.0  0.0  0.0  0.0  0.0
  0.0  0.0  0.0  0.0  0.0  0.0  0.0  0.0  0.0  0.0  0.0  0.0  0.0  0.0  0.0
  0.0  0.0  0.0  0.0  0.0  0.0  0.0  0.0  0.0  0.0  6.8 13.5  6.8  0.0  6.8
  0.0  0.0  0.0  0.0  0.0  0.0  0.0 20.3  0.0  6.8  0.0  0.0  6.8  6.8  0.0
    -20.85     -4.76     -7.18     -1.20     11.09  0.0  0.0  0.0  0.0  0.0
                                     t000270_s4_p3_el2ap.txt 15.5  4.8   90
 33.3  0.0  0.0 66.7  0.0  0.0  0.0 11.1 11.1 22.2  0.0  0.0  0.0  0.0  0.0
 11.1  0.0  0.0 22.2  0.0  0.0322.2100.0 55.6 33.3  0.0  0.0  0.0  0.0  0.0
  0.0  0.0  0.0  0.0  0.0 22.2  0.0  0.0  0.0  0.0  0.0 11.1  0.0 11.1  0.0
 22.2  0.0  0.0  0.0  0.0  0.0 22.2 33.3  0.0  0.0 55.6 11.1  0.0122.2  0.0
 22.2  0.0  0.0  0.0  0.0  0.0  0.0  0.0  0.0  0.0  0.0  0.0  0.0  0.0  0.0
  0.0  0.0  0.0  0.0  0.0  0.0  0.0  0.0  0.0  0.0  0.0  0.0  0.0  0.0  0.0
  0.0  0.0  0.0  0.0  0.0  0.0  0.0  0.0  0.0  0.0  0.0  0.0  0.0  0.0  0.0
  0.0  0.0  0.0  0.0  0.0  0.0  0.0  0.0  0.0  0.0  0.0  0.0  0.0  0.0  0.0
  0.0  0.0  0.0  0.0  0.0  0.0  0.0  0.0  0.0  0.0 33.3  0.0  0.0  0.0 22.2
  0.0  0.0  0.0  0.0  0.0  0.0  0.0 22.2  0.0 22.2  0.0  0.0  0.0  0.0  0.0
     -6.38     -4.63     -0.29     -2.16      5.23  0.0  0.0  0.0  0.0  0.0
                                     t000270_s4_p4_el2ap.txt 18.8  5.3  103
  9.7  0.0  0.0 38.8  0.0  0.0  0.0  0.0  0.0  9.7  9.7  0.0  0.0  0.0  0.0
  9.7  0.0  0.0 29.1  0.0  0.0349.5126.2 29.1 38.8  0.0  9.7  0.0  0.0  9.7
  0.0  0.0  0.0  0.0  9.7 29.1  0.0  9.7  0.0  9.7  0.0  9.7  0.0 19.4  0.0
  0.0  0.0  9.7 19.4  0.0  9.7 38.8 19.4  0.0  9.7 48.5  0.0  0.0106.8  9.7
  9.7  0.0  0.0  0.0  0.0  0.0  0.0  0.0  0.0  0.0  0.0  0.0  0.0  0.0  0.0
  0.0  0.0  0.0  0.0  0.0  0.0  0.0  0.0  0.0  0.0  0.0  0.0  0.0  0.0  0.0
  0.0  0.0  0.0  0.0  0.0  0.0  0.0  0.0  9.7  0.0  0.0  0.0  0.0  0.0  0.0
  0.0  0.0  0.0  0.0  0.0  9.7  9.7  0.0  0.0  0.0  0.0  0.0  0.0  0.0  0.0
  0.0  9.7  0.0  0.0  0.0  0.0  0.0  0.0  0.0  9.7 19.4 19.4  9.7  0.0  0.0
  0.0  0.0  0.0  0.0  0.0  9.7  0.0 29.1  0.0  0.0  0.0  0.0  9.7  0.0  0.0
    -14.08     -2.58      1.32      4.00     -0.68  0.0  0.0  0.0  0.0  0.0
                                     t000270_s4_p5_el2ap.txt 23.8  5.0  187
  5.3  0.0  0.0 80.2  0.0  0.0  0.0  5.3  5.3  0.0  5.3  0.0  0.0  0.0  0.0
  5.3  0.0  0.0 21.4  0.0  0.0331.6160.4 48.1 10.7 10.7  0.0  0.0  5.3  0.0
  0.0  0.0  0.0  5.3  0.0 32.1  5.3  5.3  0.0  0.0  0.0 10.7  5.3 16.0  0.0
 10.7  5.3  5.3  0.0  0.0  5.3 26.7 26.7  0.0  5.3 69.5 16.0  0.0101.6  5.3
  0.0  0.0  0.0  0.0  0.0  0.0  0.0  0.0  0.0  0.0  0.0  0.0  0.0  0.0  0.0
  0.0  0.0  0.0  0.0  0.0  0.0  5.3  0.0  0.0  0.0  0.0  0.0  0.0  0.0  0.0
  0.0  0.0  0.0  0.0  0.0  0.0  0.0  0.0  0.0  0.0  0.0  0.0  5.3  0.0  0.0
  5.3  0.0  0.0  5.3  0.0  0.0  0.0  5.3  0.0  0.0  0.0  0.0  0.0  0.0  0.0
  0.0  0.0  0.0  0.0  0.0  0.0  0.0 26.7  0.0  0.0  5.3  0.0  0.0  0.0 26.7
  0.0 16.0  0.0  0.0  0.0 10.7  0.0  5.3  0.0 16.0  0.0  5.3 21.4  0.0  0.0
    -18.03     -4.90      0.77     -1.05      5.60  0.0  0.0  0.0  0.0  0.0
                                     t000270_s4_p6_el2ap.txt 22.3  5.6  127
  7.9  0.0  0.0 15.7  0.0  0.0  0.0  7.9  7.9  7.9  0.0  7.9  0.0  0.0  0.0
  7.9  0.0  7.9  0.0  0.0  0.0346.5157.5 86.6 23.6  0.0  0.0  0.0  0.0  0.0
  0.0  0.0  0.0  0.0  7.9 63.0  0.0  0.0  0.0  0.0  0.0  0.0 15.7 15.7  0.0
 31.5  0.0  0.0  7.9  0.0  7.9  7.9 47.2  0.0  0.0 94.5  7.9  0.0 78.7  0.0
  0.0  0.0  0.0  0.0  0.0  0.0  0.0  0.0  0.0  0.0  0.0  0.0  0.0  0.0  0.0
  0.0  0.0  0.0  0.0  0.0  0.0  0.0  0.0  0.0  0.0  0.0  0.0  0.0  0.0  0.0
  0.0  0.0  0.0  0.0  0.0  0.0  0.0  0.0  0.0  0.0  0.0  0.0 15.7  0.0  0.0
  0.0  0.0  0.0  0.0  0.0  0.0  0.0 15.7  0.0  0.0  0.0  0.0  0.0  0.0  0.0
  0.0  7.9  0.0  0.0  0.0  0.0  0.0  7.9  7.9  7.9  7.9  7.9  0.0  7.9  0.0
  0.0  7.9  0.0  0.0  0.0 15.7  0.0  7.9 15.7  7.9  0.0  0.0 23.6  0.0  0.0
    -18.88     -4.95     -4.92     -6.61     18.76  0.0  0.0  0.0  0.0  0.0
                                     t000270_s8_p1_el2ap.txt  9.3  5.1   42
  0.0  0.0  0.0 23.8  0.0 23.8  0.0 23.8  0.0  0.0  0.0  0.0  0.0  0.0  0.0
  0.0  0.0  0.0  0.0  0.0  0.0404.8142.9 23.8 23.8  0.0  0.0  0.0  0.0  0.0
  0.0  0.0  0.0  0.0  0.0 23.8  0.0  0.0  0.0  0.0  0.0  0.0  0.0  0.0  0.0
 23.8  0.0  0.0  0.0  0.0  0.0  0.0 23.8  0.0  0.0 23.8  0.0  0.0 95.2  0.0
  0.0  0.0  0.0  0.0  0.0  0.0  0.0  0.0  0.0  0.0  0.0  0.0  0.0  0.0  0.0
  0.0  0.0  0.0  0.0  0.0  0.0  0.0  0.0  0.0  0.0  0.0  0.0  0.0  0.0  0.0
  0.0  0.0  0.0  0.0  0.0  0.0  0.0  0.0  0.0  0.0  0.0  0.0  0.0 23.8  0.0
  0.0  0.0  0.0  0.0  0.0  0.0  0.0 23.8  0.0  0.0  0.0  0.0  0.0  0.0  0.0
  0.0  0.0  0.0  0.0  0.0  0.0  0.0 23.8 23.8 23.8  0.0  0.0  0.0  0.0 23.8
  0.0  0.0  0.0  0.0  0.0  0.0  0.0  0.0  0.0 23.8  0.0  0.0  0.0  0.0  0.0
    -16.61     -4.94     -0.38     -6.61      4.05  0.0  0.0  0.0  0.0  0.0
                                     t000270_s8_p2_el2ap.txt 35.0  5.7  298
  3.4  0.0  0.0  6.7  0.0  0.0  0.0  0.0  0.0  3.4  0.0  0.0  0.0  0.0  0.0
  0.0  0.0  0.0  6.7  0.0  0.0583.9 47.0 20.1 20.1 10.1  0.0  3.4  0.0  0.0
  0.0  0.0  0.0  6.7  0.0 10.1  3.4  0.0  0.0  0.0  0.0  3.4  3.4  6.7  6.7
 10.1  3.4  0.0  0.0  0.0  0.0 10.1 23.5  0.0  0.0 36.9 10.1  0.0 47.0  0.0
  3.4  0.0  0.0  0.0  0.0  0.0  0.0  0.0  0.0  0.0  0.0  0.0  0.0  0.0  0.0
  0.0  0.0  0.0  0.0  0.0  0.0  0.0  0.0  0.0  0.0  0.0  0.0  0.0  0.0  0.0
  0.0  0.0  0.0  0.0  0.0  0.0  0.0  0.0  0.0  0.0  0.0  0.0  0.0  0.0  0.0
  0.0  0.0  0.0  0.0  0.0  0.0  0.0  0.0  0.0  0.0  0.0  0.0  0.0  0.0  0.0
  0.0  0.0  0.0  0.0  0.0  0.0  0.0 10.1  6.7  0.0  6.7  3.4  0.0  0.0  3.4
  0.0  0.0  0.0  0.0  0.0  0.0  0.0  6.7  0.0 10.1  0.0  0.0  0.0  3.4  0.0
    -30.01     -4.00     -1.52     -5.26      7.90  0.0  0.0  0.0  0.0  0.0
                                     t000270_s8_p3_el2ap.txt 13.5  5.2   61
 16.4  0.0  0.0 65.6  0.0 32.8  0.0  0.0  0.0  0.0  0.0  0.0  0.0  0.0  0.0
  0.0  0.0  0.0 16.4  0.0 16.4426.2 98.4 16.4 65.6  0.0  0.0  0.0  0.0  0.0
  0.0  0.0  0.0  0.0  0.0 16.4  0.0  0.0  0.0  0.0  0.0  0.0 16.4 16.4  0.0
  0.0  0.0  0.0  0.0  0.0  0.0 16.4 16.4  0.0  0.0 16.4  0.0  0.0131.1  0.0
  0.0  0.0  0.0  0.0  0.0  0.0  0.0  0.0  0.0  0.0  0.0  0.0  0.0  0.0  0.0
  0.0  0.0  0.0  0.0  0.0  0.0  0.0  0.0  0.0  0.0  0.0  0.0  0.0  0.0  0.0
  0.0  0.0  0.0  0.0  0.0  0.0  0.0  0.0  0.0  0.0  0.0  0.0  0.0  0.0  0.0
  0.0  0.0  0.0  0.0  0.0  0.0  0.0  0.0  0.0  0.0  0.0  0.0  0.0  0.0  0.0
  0.0  0.0  0.0  0.0  0.0  0.0  0.0  0.0  0.0  0.0 32.8  0.0  0.0  0.0  0.0
  0.0  0.0  0.0  0.0  0.0 16.4  0.0 32.8  0.0 16.4  0.0  0.0  0.0  0.0  0.0
     -6.21     -3.57      0.04     -6.61      9.10  0.0  0.0  0.0  0.0  0.0
                                     t000271_s1_p1_el2ap.txt  9.5  5.1   44
 22.7  0.0  0.0 22.7  0.0  0.0  0.0  0.0 22.7  0.0  0.0  0.0  0.0  0.0  0.0
  0.0  0.0  0.0  0.0  0.0  0.0454.5227.3 22.7 22.7  0.0 22.7  0.0  0.0  0.0
  0.0  0.0  0.0  0.0  0.0  0.0  0.0  0.0  0.0  0.0  0.0  0.0  0.0 22.7  0.0
  0.0  0.0  0.0  0.0  0.0  0.0  0.0 22.7  0.0  0.0 22.7 22.7  0.0 45.5  0.0
  0.0  0.0  0.0  0.0  0.0  0.0  0.0  0.0  0.0  0.0  0.0  0.0  0.0  0.0  0.0
  0.0  0.0  0.0  0.0  0.0  0.0  0.0  0.0  0.0  0.0  0.0  0.0  0.0  0.0  0.0
  0.0  0.0  0.0  0.0  0.0  0.0  0.0  0.0  0.0  0.0  0.0  0.0  0.0  0.0  0.0
  0.0  0.0  0.0  0.0  0.0  0.0  0.0  0.0  0.0  0.0  0.0  0.0  0.0  0.0  0.0
  0.0  0.0  0.0  0.0  0.0  0.0  0.0  0.0  0.0  0.0 22.7  0.0 22.7  0.0  0.0
  0.0  0.0  0.0  0.0  0.0  0.0  0.0  0.0  0.0  0.0  0.0 22.7  0.0  0.0  0.0
    -30.60     -0.61      0.97     -6.61     -0.18  0.0  0.0 22.7  0.0  0.0
                                     t000271_s1_p2_el2ap.txt 13.3  5.5   70
 14.3  0.0  0.0 14.3  0.0  0.0  0.0  0.0 28.6  0.0  0.0  0.0  0.0  0.0  0.0
  0.0  0.0  0.0 28.6  0.0  0.0457.1128.6 42.9 57.1  0.0  0.0  0.0  0.0  0.0
  0.0  0.0  0.0  0.0  0.0  0.0 14.3  0.0  0.0  0.0  0.0  0.0  0.0 14.3  0.0
  0.0  0.0  0.0  0.0  0.0  0.0 28.6 14.3  0.0  0.0 42.9 28.6  0.0 85.7  0.0
  0.0  0.0  0.0  0.0  0.0  0.0  0.0  0.0  0.0  0.0  0.0  0.0  0.0  0.0  0.0
  0.0  0.0  0.0  0.0  0.0  0.0  0.0  0.0  0.0  0.0  0.0  0.0  0.0  0.0  0.0
  0.0  0.0  0.0  0.0  0.0  0.0  0.0  0.0  0.0  0.0  0.0  0.0  0.0  0.0  0.0
  0.0  0.0  0.0  0.0  0.0  0.0  0.0  0.0  0.0  0.0  0.0  0.0  0.0  0.0  0.0
  0.0  0.0  0.0  0.0  0.0  0.0  0.0  0.0 14.3 14.3 14.3  0.0  0.0 14.3 28.6
  0.0  0.0  0.0  0.0  0.0 14.3  0.0 14.3  0.0  0.0  0.0  0.0 14.3  0.0  0.0
    -23.74     -3.85      0.97     -6.61     -1.46  0.0  0.0  0.0  0.0  0.0
                                     t000271_s1_p3_el2ap.txt 16.3  5.1  110
  9.1  0.0  0.0  0.0  0.0  0.0  0.0  9.1  0.0  0.0  0.0  0.0  0.0  0.0  0.0
  0.0  0.0  0.0 18.2  0.0  0.0300.0 72.7 81.8 63.6  0.0  0.0  0.0  0.0  0.0
  0.0  0.0  0.0  9.1  0.0 18.2  0.0  0.0  0.0  0.0  0.0  0.0  0.0  9.1  0.0
  0.0  0.0  0.0  0.0  0.0  0.0 18.2  9.1  0.0  0.0136.4  0.0  0.0 63.6  0.0
  0.0  0.0  0.0  0.0  0.0  0.0  0.0  0.0  0.0  0.0  0.0  0.0  0.0  0.0  0.0
  0.0  0.0  0.0  0.0  0.0  0.0  0.0  0.0  0.0  0.0  0.0  0.0  0.0  0.0  0.0
  0.0  0.0  0.0  0.0  0.0  0.0  0.0  0.0  0.0  0.0  0.0  0.0  0.0  0.0  0.0
  0.0  0.0  0.0  0.0  0.0  0.0  0.0  0.0  0.0  0.0  0.0  0.0  0.0  0.0  0.0
  0.0  0.0  0.0  0.0  0.0  0.0  0.0  0.0  9.1  0.0  9.1  0.0  0.0 18.2  0.0
  0.0  0.0  0.0  0.0  0.0  9.1  0.0  9.1  0.0  9.1  0.0  0.0  0.0  0.0  0.0
    -20.26     -3.63     -2.66     -6.61     -2.25  0.0  0.0  0.0  0.0  0.0
                                     t000271_s1_p4_el2ap.txt 19.5  5.1  100
  0.0  0.0  0.0 60.0  0.0  0.0  0.0  0.0 10.0 10.0  0.0  0.0  0.0  0.0  0.0
  0.0  0.0  0.0 10.0  0.0  0.0330.0120.0 80.0 30.0 20.0  0.0  0.0  0.0  0.0
  0.0  0.0  0.0  0.0 10.0 30.0 20.0  0.0  0.0  0.0  0.0  0.0  0.0  0.0  0.0
  0.0 10.0  0.0  0.0 20.0  0.0 20.0  0.0  0.0  0.0110.0 30.0 10.0110.0  0.0
  0.0  0.0  0.0  0.0  0.0  0.0  0.0  0.0  0.0  0.0  0.0  0.0  0.0  0.0  0.0
  0.0  0.0  0.0  0.0  0.0  0.0  0.0  0.0  0.0 20.0  0.0  0.0  0.0  0.0  0.0
  0.0  0.0  0.0  0.0 10.0  0.0  0.0 10.0  0.0  0.0  0.0  0.0  0.0  0.0  0.0
  0.0 20.0  0.0 20.0  0.0 20.0 20.0  0.0  0.0  0.0  0.0  0.0  0.0  0.0  0.0
  0.0  0.0  0.0  0.0  0.0  0.0  0.0  0.0 10.0  0.0 20.0  0.0 10.0 10.0  0.0
  0.0  0.0  0.0  0.0  0.0 10.0 20.0 10.0  0.0  0.0  0.0  0.0  0.0  0.0  0.0
    -24.05     -3.85     -3.67     -6.61     -3.63  0.0 10.0  0.0  0.0  0.0
                                    t000271_s14_p1_el2ap.txt  6.8  5.7   30
  0.0  0.0  0.0  0.0  0.0  0.0  0.0  0.0  0.0  0.0  0.0  0.0  0.0  0.0  0.0
  0.0  0.0  0.0  0.0  0.0  0.0533.3166.7100.0 33.3  0.0  0.0  0.0  0.0  0.0
  0.0  0.0  0.0  0.0  0.0  0.0  0.0  0.0  0.0  0.0  0.0  0.0  0.0  0.0  0.0
  0.0  0.0  0.0  0.0  0.0  0.0  0.0  0.0  0.0  0.0166.7  0.0  0.0 66.7 33.3
  0.0  0.0  0.0  0.0  0.0  0.0  0.0  0.0  0.0  0.0  0.0  0.0  0.0  0.0  0.0
  0.0  0.0  0.0  0.0  0.0  0.0  0.0  0.0  0.0  0.0  0.0  0.0  0.0  0.0  0.0
  0.0  0.0  0.0  0.0  0.0  0.0  0.0  0.0  0.0  0.0  0.0  0.0  0.0  0.0  0.0
  0.0  0.0  0.0  0.0  0.0  0.0  0.0  0.0  0.0  0.0  0.0  0.0  0.0  0.0  0.0
  0.0  0.0  0.0  0.0  0.0  0.0  0.0  0.0 66.7 33.3 66.7  0.0 33.3 33.3 66.7
  0.0  0.0  0.0  0.0  0.0  0.0  0.0 33.3  0.0  0.0  0.0  0.0  0.0  0.0  0.0
    -39.92     -4.63      0.97     -6.61     -3.63  0.0  0.0  0.0  0.0  0.0
                                   t000271_s14_p10_el2ap.txt  7.3  4.7   33
  0.0  0.0  0.0  0.0  0.0  0.0  0.0  0.0  0.0  0.0  0.0  0.0  0.0  0.0  0.0
  0.0  0.0  0.0 30.3  0.0  0.0606.1121.2 60.6 30.3  0.0  0.0  0.0  0.0  0.0
  0.0  0.0  0.0  0.0  0.0  0.0  0.0  0.0  0.0  0.0  0.0  0.0  0.0 30.3  0.0
  0.0  0.0  0.0  0.0  0.0  0.0 30.3 30.3  0.0  0.0 60.6  0.0  0.0 30.3  0.0
  0.0  0.0  0.0  0.0  0.0  0.0  0.0  0.0  0.0  0.0  0.0  0.0  0.0  0.0  0.0
  0.0  0.0  0.0  0.0  0.0  0.0  0.0  0.0  0.0  0.0  0.0  0.0  0.0  0.0  0.0
  0.0  0.0  0.0  0.0  0.0  0.0  0.0  0.0  0.0  0.0  0.0  0.0  0.0  0.0  0.0
  0.0  0.0  0.0  0.0  0.0  0.0  0.0  0.0  0.0  0.0  0.0  0.0  0.0  0.0  0.0
  0.0  0.0  0.0  0.0  0.0  0.0  0.0  0.0  0.0  0.0  0.0  0.0  0.0  0.0  0.0
  0.0  0.0  0.0  0.0  0.0  0.0  0.0  0.0  0.0  0.0  0.0  0.0  0.0  0.0  0.0
    -29.17     -4.73      0.97     -6.61      0.96  0.0  0.0  0.0  0.0  0.0
                                   t000271_s14_p11_el2ap.txt 18.5  5.6   96
  0.0  0.0  0.0  0.0  0.0  0.0  0.0  0.0 20.8  0.0  0.0  0.0  0.0  0.0  0.0
  0.0  0.0  0.0  0.0  0.0  0.0489.6135.4 10.4 52.1  0.0  0.0  0.0  0.0  0.0
  0.0  0.0  0.0  0.0  0.0 20.8  0.0  0.0  0.0  0.0  0.0  0.0  0.0  0.0  0.0
 10.4  0.0  0.0  0.0  0.0  0.0  0.0 10.4  0.0  0.0 31.3 20.8  0.0 72.9 10.4
  0.0  0.0  0.0  0.0  0.0  0.0  0.0  0.0  0.0  0.0  0.0  0.0  0.0  0.0  0.0
  0.0  0.0  0.0  0.0  0.0  0.0  0.0  0.0  0.0  0.0  0.0  0.0  0.0  0.0  0.0
  0.0  0.0  0.0  0.0  0.0  0.0  0.0  0.0  0.0  0.0 10.4  0.0  0.0  0.0  0.0
  0.0  0.0  0.0  0.0  0.0  0.0  0.0 10.4  0.0  0.0  0.0  0.0  0.0  0.0  0.0
  0.0  0.0  0.0  0.0  0.0  0.0  0.0 10.4  0.0  0.0  0.0 20.8  0.0  0.0  0.0
  0.0  0.0 10.4  0.0  0.0  0.0  0.0 10.4  0.0  0.0 10.4  0.0  0.0  0.0  0.0
    -31.44     -4.01     -0.21     -6.61     -0.27  0.0  0.0  0.0  0.0  0.0
                                   t000271_s14_p12_el2ap.txt  5.8  5.0   23
  0.0  0.0  0.0 87.0  0.0  0.0  0.0  0.0  0.0 43.5  0.0  0.0  0.0  0.0  0.0
  0.0  0.0  0.0  0.0  0.0  0.0260.9 87.0  0.0 43.5  0.0  0.0  0.0  0.0  0.0
  0.0  0.0  0.0  0.0  0.0 43.5  0.0  0.0  0.0  0.0  0.0  0.0  0.0 43.5  0.0
  0.0 43.5  0.0  0.0  0.0  0.0 43.5 43.5  0.0  0.0 87.0  0.0  0.0130.4  0.0
  0.0  0.0  0.0  0.0  0.0  0.0  0.0  0.0  0.0  0.0  0.0  0.0  0.0  0.0  0.0
  0.0  0.0  0.0  0.0  0.0  0.0  0.0  0.0  0.0 43.5  0.0  0.0  0.0  0.0  0.0
  0.0  0.0  0.0  0.0  0.0  0.0  0.0 43.5  0.0  0.0  0.0  0.0  0.0  0.0  0.0
  0.0 43.5  0.0 43.5  0.0 43.5 43.5  0.0  0.0  0.0  0.0  0.0  0.0  0.0  0.0
  0.0  0.0  0.0  0.0  0.0  0.0  0.0  0.0  0.0  0.0 43.5  0.0 43.5  0.0  0.0
  0.0  0.0  0.0  0.0  0.0  0.0  0.0  0.0  0.0 43.5  0.0  0.0  0.0 43.5  0.0
    -13.20     -4.30     -1.50     -6.61      2.96  0.0  0.0  0.0  0.0  0.0
                                   t000271_s14_p13_el2ap.txt 17.0  5.5   94
 21.3  0.0  0.0 21.3  0.0  0.0  0.0  0.0 42.6 10.6  0.0  0.0  0.0  0.0  0.0
  0.0  0.0  0.0  0.0  0.0  0.0329.8 95.7 53.2 53.2  0.0  0.0 10.6  0.0  0.0
  0.0 10.6  0.0 10.6  0.0 31.9  0.0  0.0  0.0  0.0  0.0  0.0 21.3 10.6  0.0
 10.6  0.0  0.0  0.0 10.6  0.0 10.6 21.3  0.0  0.0 63.8 42.6  0.0117.0 10.6
  0.0  0.0  0.0  0.0  0.0  0.0  0.0  0.0  0.0  0.0  0.0  0.0  0.0  0.0  0.0
  0.0  0.0  0.0  0.0  0.0  0.0  0.0 10.6  0.0  0.0  0.0  0.0  0.0  0.0  0.0
  0.0  0.0  0.0  0.0  0.0  0.0  0.0  0.0 10.6  0.0 10.6  0.0  0.0  0.0  0.0
  0.0 10.6  0.0 10.6  0.0 10.6 10.6 10.6  0.0  0.0  0.0  0.0  0.0  0.0  0.0
  0.0  0.0  0.0  0.0  0.0  0.0  0.0 10.6 31.9  0.0 21.3  0.0 10.6 10.6  0.0
  0.0  0.0  0.0  0.0  0.0  0.0  0.0 31.9  0.0  0.0  0.0  0.0  0.0  0.0  0.0
    -22.54     -2.01      0.06     -6.61     14.72  0.0  0.0  0.0  0.0  0.0
                                   t000271_s14_p14_el2ap.txt 18.3  4.9   93
 10.8  0.0  0.0  0.0  0.0  0.0  0.0  0.0 10.8  0.0  0.0  0.0  0.0  0.0  0.0
  0.0  0.0  0.0  0.0  0.0  0.0430.1 64.5 43.0 43.0  0.0  0.0  0.0  0.0  0.0
  0.0  0.0  0.0  0.0  0.0 10.8 10.8  0.0  0.0  0.0  0.0  0.0 10.8 21.5  0.0
  0.0  0.0  0.0  0.0  0.0  0.0  0.0 21.5  0.0  0.0 43.0 10.8  0.0 53.8  0.0
  0.0  0.0  0.0  0.0  0.0  0.0  0.0  0.0  0.0  0.0  0.0  0.0  0.0  0.0  0.0
  0.0  0.0  0.0  0.0  0.0  0.0  0.0  0.0  0.0  0.0  0.0  0.0  0.0  0.0  0.0
  0.0  0.0  0.0  0.0  0.0  0.0  0.0  0.0  0.0  0.0  0.0  0.0  0.0  0.0  0.0
  0.0  0.0  0.0  0.0  0.0  0.0  0.0  0.0  0.0  0.0  0.0  0.0  0.0  0.0  0.0
  0.0  0.0  0.0  0.0  0.0  0.0  0.0  0.0 53.8 21.5 32.3  0.0  0.0 21.5 21.5
 21.5  0.0  0.0  0.0  0.0 10.8  0.0  0.0  0.0 10.8  0.0  0.0 10.8  0.0  0.0
    -26.50     -4.31      0.36     -6.61      6.35  0.0  0.0  0.0  0.0  0.0
                                   t000271_s14_p15_el2ap.txt 16.0  5.0   84
 11.9  0.0  0.0  0.0  0.0  0.0  0.0  0.0 11.9  0.0  0.0  0.0  0.0  0.0  0.0
  0.0  0.0  0.0  0.0  0.0  0.0535.7107.1 35.7 35.7  0.0  0.0  0.0  0.0  0.0
  0.0  0.0  0.0  0.0  0.0  0.0 11.9  0.0  0.0  0.0  0.0  0.0  0.0 11.9  0.0
  0.0  0.0  0.0  0.0  0.0  0.0  0.0 11.9  0.0  0.0 35.7 11.9  0.0 59.5 11.9
  0.0  0.0  0.0  0.0  0.0  0.0  0.0  0.0  0.0  0.0  0.0  0.0  0.0  0.0  0.0
  0.0  0.0  0.0  0.0  0.0  0.0  0.0  0.0  0.0  0.0  0.0  0.0  0.0  0.0  0.0
  0.0  0.0  0.0  0.0  0.0  0.0  0.0  0.0  0.0  0.0  0.0  0.0  0.0  0.0  0.0
  0.0  0.0  0.0  0.0  0.0  0.0  0.0  0.0  0.0  0.0  0.0  0.0  0.0  0.0  0.0
  0.0  0.0  0.0  0.0  0.0  0.0  0.0  0.0 11.9 11.9 47.6  0.0  0.0 47.6 23.8
  0.0  0.0  0.0  0.0  0.0  0.0  0.0 35.7  0.0  0.0  0.0  0.0  0.0  0.0  0.0
    -30.67     -4.55      0.97     -6.61     -1.82  0.0  0.0  0.0  0.0  0.0
                                    t000271_s14_p2_el2ap.txt  8.3  5.2   40
  0.0  0.0  0.0 25.0  0.0  0.0  0.0  0.0  0.0  0.0  0.0  0.0  0.0  0.0  0.0
  0.0  0.0  0.0  0.0  0.0  0.0450.0200.0 25.0 25.0  0.0  0.0  0.0  0.0 25.0
  0.0  0.0  0.0  0.0  0.0  0.0  0.0  0.0  0.0  0.0  0.0  0.0  0.0 25.0  0.0
 25.0  0.0  0.0  0.0  0.0  0.0  0.0 50.0  0.0 25.0 25.0  0.0  0.0 75.0  0.0
  0.0  0.0  0.0  0.0  0.0  0.0  0.0  0.0  0.0  0.0  0.0  0.0  0.0  0.0  0.0
  0.0  0.0  0.0  0.0  0.0  0.0  0.0  0.0  0.0  0.0  0.0  0.0  0.0  0.0  0.0
  0.0  0.0  0.0  0.0  0.0  0.0  0.0  0.0  0.0  0.0  0.0  0.0  0.0  0.0  0.0
  0.0  0.0  0.0  0.0  0.0  0.0  0.0  0.0  0.0  0.0  0.0  0.0  0.0  0.0  0.0
  0.0  0.0  0.0  0.0  0.0  0.0  0.0 25.0 50.0  0.0 25.0  0.0 75.0  0.0  0.0
  0.0  0.0  0.0  0.0  0.0 25.0  0.0 25.0  0.0  0.0  0.0  0.0  0.0  0.0  0.0
    -32.90     -4.91     13.47     -6.61      8.23  0.0  0.0  0.0  0.0  0.0
                                    t000271_s14_p3_el2ap.txt 23.0  5.0  141
  0.0  0.0  0.0 78.0  0.0  0.0  7.1  0.0  0.0  0.0  0.0  0.0  0.0  7.1  0.0
  0.0  0.0  7.1  0.0  0.0  0.0312.1170.2 56.7 14.2 21.3  7.1  0.0  0.0  0.0
  0.0  7.1  0.0  7.1  7.1 21.3  7.1  0.0  0.0  0.0 28.4 14.2  7.1 28.4  0.0
  0.0  0.0  0.0  0.0  0.0 35.5  7.1 28.4  0.0  0.0 63.8 21.3 28.4 92.2  0.0
  0.0  0.0  0.0  0.0  0.0  0.0  0.0  0.0  0.0  0.0  0.0  0.0  0.0  0.0  0.0
  0.0  0.0  0.0  0.0  0.0  0.0  0.0  0.0  0.0  0.0  0.0  0.0  0.0  0.0  0.0
  0.0  0.0  0.0  0.0  0.0  0.0  0.0  0.0  0.0  0.0  0.0  0.0  0.0  0.0  0.0
  0.0  0.0  0.0  0.0  0.0  0.0  0.0  0.0  0.0  0.0  0.0  0.0  0.0  0.0  0.0
  0.0  0.0  0.0  0.0  0.0  0.0  0.0  0.0  0.0  0.0 14.2  0.0  0.0 14.2  0.0
  0.0  0.0  0.0  0.0  0.0  0.0  0.0 14.2  0.0 21.3  0.0  0.0 14.2  0.0  0.0
    -20.36     -2.95     -1.72     12.58      5.10  0.0  0.0  0.0  0.0  0.0
                                    t000271_s14_p4_el2ap.txt 14.0  5.2   78
  0.0  0.0  0.0 38.5  0.0  0.0  0.0  0.0  0.0  0.0  0.0  0.0  0.0  0.0  0.0
  0.0  0.0  0.0  0.0  0.0  0.0346.2153.8 89.7 25.6 38.5  0.0 12.8  0.0  0.0
  0.0  0.0  0.0  0.0  0.0 25.6 12.8  0.0  0.0  0.0  0.0 12.8  0.0 51.3  0.0
  0.0  0.0  0.0  0.0  0.0  0.0  0.0 51.3  0.0  0.0 89.7 38.5  0.0 76.9  0.0
  0.0  0.0  0.0  0.0  0.0  0.0  0.0  0.0  0.0  0.0  0.0  0.0  0.0  0.0  0.0
  0.0  0.0  0.0  0.0  0.0  0.0  0.0  0.0  0.0  0.0  0.0  0.0  0.0  0.0  0.0
  0.0  0.0  0.0  0.0  0.0  0.0  0.0  0.0  0.0  0.0  0.0  0.0  0.0  0.0  0.0
  0.0  0.0  0.0  0.0  0.0  0.0  0.0  0.0  0.0  0.0  0.0  0.0  0.0  0.0  0.0
  0.0  0.0  0.0  0.0  0.0  0.0  0.0  0.0 12.8  0.0 25.6  0.0 25.6  0.0 12.8
  0.0  0.0  0.0  0.0  0.0  0.0  0.0  0.0  0.0 25.6  0.0  0.0 25.6  0.0  0.0
    -31.17     -0.80     -0.48     -1.48      4.14  0.0  0.0  0.0  0.0  0.0
                                    t000271_s14_p5_el2ap.txt  3.3  5.6   14
  0.0  0.0  0.0  0.0  0.0  0.0  0.0  0.0  0.0  0.0  0.0  0.0  0.0  0.0  0.0
  0.0  0.0  0.0  0.0  0.0  0.0500.0142.9  0.0 71.4  0.0  0.0  0.0  0.0  0.0
  0.0  0.0  0.0  0.0  0.0  0.0  0.0  0.0  0.0  0.0  0.0  0.0  0.0  0.0 71.4
  0.0  0.0  0.0  0.0  0.0  0.0  0.0 71.4  0.0  0.0  0.0  0.0  0.0 71.4  0.0
  0.0  0.0  0.0  0.0  0.0  0.0  0.0  0.0  0.0  0.0  0.0  0.0  0.0  0.0  0.0
  0.0  0.0  0.0  0.0  0.0  0.0  0.0  0.0  0.0  0.0  0.0  0.0  0.0  0.0  0.0
  0.0  0.0  0.0  0.0  0.0  0.0  0.0  0.0  0.0  0.0  0.0  0.0  0.0  0.0  0.0
  0.0  0.0  0.0  0.0  0.0  0.0  0.0  0.0  0.0  0.0  0.0  0.0  0.0  0.0  0.0
  0.0  0.0  0.0  0.0  0.0  0.0  0.0  0.0142.9  0.0  0.0  0.0  0.0  0.0  0.0
 71.4  0.0  0.0  0.0  0.0  0.0  0.0  0.0  0.0 71.4  0.0  0.0  0.0  0.0  0.0
    -32.50     -3.38      0.97     -6.61     51.32  0.0  0.0  0.0  0.0  0.0
                                    t000271_s14_p6_el2ap.txt  3.8  5.7   16
  0.0  0.0  0.0  0.0  0.0  0.0  0.0  0.0  0.0  0.0  0.0  0.0  0.0  0.0  0.0
  0.0  0.0  0.0  0.0  0.0  0.0375.0187.5  0.0 62.5  0.0  0.0  0.0  0.0  0.0
  0.0  0.0  0.0  0.0  0.0  0.0  0.0  0.0  0.0  0.0  0.0  0.0  0.0  0.0  0.0
 62.5  0.0  0.0  0.0  0.0  0.0  0.0 62.5  0.0  0.0 62.5  0.0  0.0125.0  0.0
  0.0  0.0  0.0  0.0  0.0  0.0  0.0  0.0  0.0  0.0  0.0  0.0  0.0  0.0  0.0
  0.0  0.0  0.0  0.0  0.0  0.0  0.0  0.0  0.0  0.0  0.0  0.0  0.0  0.0  0.0
  0.0  0.0  0.0  0.0  0.0  0.0  0.0  0.0  0.0  0.0  0.0  0.0  0.0  0.0  0.0
  0.0  0.0  0.0  0.0  0.0  0.0  0.0  0.0  0.0  0.0  0.0  0.0  0.0  0.0  0.0
  0.0  0.0  0.0  0.0  0.0  0.0  0.0  0.0 62.5  0.0125.0  0.0  0.0 62.5  0.0
  0.0  0.0  0.0  0.0  0.0  0.0  0.0  0.0  0.0  0.0  0.0  0.0  0.0  0.0  0.0
    -30.86     -3.67      0.97     -6.61     16.53  0.0  0.0  0.0  0.0  0.0
                                    t000271_s14_p7_el2ap.txt  3.5  5.6   14
  0.0  0.0  0.0 71.4  0.0  0.0  0.0  0.0  0.0  0.0  0.0  0.0  0.0  0.0  0.0
  0.0  0.0  0.0  0.0  0.0  0.0571.4 71.4 71.4  0.0  0.0  0.0  0.0  0.0  0.0
  0.0  0.0  0.0  0.0  0.0  0.0  0.0  0.0  0.0  0.0  0.0  0.0  0.0  0.0  0.0
  0.0  0.0  0.0  0.0  0.0  0.0  0.0  0.0  0.0  0.0 71.4  0.0  0.0 71.4  0.0
  0.0  0.0  0.0  0.0  0.0  0.0  0.0  0.0  0.0  0.0  0.0  0.0  0.0  0.0  0.0
  0.0  0.0  0.0  0.0  0.0  0.0  0.0  0.0  0.0  0.0  0.0  0.0  0.0  0.0  0.0
  0.0  0.0  0.0  0.0  0.0  0.0  0.0  0.0  0.0  0.0  0.0  0.0  0.0  0.0  0.0
  0.0  0.0  0.0  0.0  0.0  0.0  0.0  0.0  0.0  0.0  0.0  0.0  0.0  0.0  0.0
  0.0  0.0  0.0  0.0  0.0  0.0  0.0  0.0  0.0  0.0  0.0  0.0  0.0  0.0  0.0
  0.0  0.0  0.0  0.0  0.0  0.0  0.0  0.0 71.4  0.0  0.0  0.0  0.0  0.0  0.0
    -33.23     -5.73      0.97     -6.61     -3.63  0.0  0.0  0.0  0.0  0.0
                                    t000271_s14_p8_el2ap.txt  7.3  5.0   37
  0.0  0.0  0.0  0.0  0.0  0.0  0.0  0.0 27.0  0.0  0.0  0.0  0.0  0.0  0.0
  0.0  0.0  0.0  0.0  0.0  0.0459.5162.2  0.0 54.1  0.0  0.0  0.0  0.0  0.0
  0.0  0.0  0.0  0.0  0.0 27.0  0.0  0.0  0.0  0.0  0.0 27.0  0.0 27.0  0.0
 54.1  0.0  0.0  0.0  0.0  0.0  0.0 81.1  0.0  0.0  0.0 27.0  0.0108.1  0.0
  0.0  0.0  0.0  0.0  0.0  0.0  0.0  0.0  0.0  0.0  0.0  0.0  0.0  0.0  0.0
  0.0  0.0  0.0  0.0  0.0  0.0  0.0  0.0  0.0  0.0  0.0  0.0  0.0  0.0  0.0
  0.0  0.0  0.0  0.0  0.0  0.0  0.0  0.0  0.0  0.0  0.0  0.0  0.0  0.0  0.0
  0.0  0.0  0.0  0.0  0.0  0.0  0.0  0.0  0.0  0.0  0.0  0.0  0.0  0.0  0.0
  0.0  0.0  0.0  0.0  0.0  0.0  0.0  0.0 27.0  0.0 27.0  0.0  0.0  0.0  0.0
  0.0  0.0  0.0  0.0  0.0  0.0  0.0 81.1  0.0  0.0  0.0  0.0  0.0  0.0  0.0
    -29.41     -3.95     -0.56      4.21     17.91  0.0  0.0  0.0  0.0  0.0
                                    t000271_s14_p9_el2ap.txt 17.3  5.1  101
  0.0  0.0  0.0 19.8  0.0  0.0  0.0  0.0 19.8  9.9  0.0  0.0  0.0  0.0  0.0
  0.0  0.0  9.9 19.8  0.0  0.0495.0118.8 59.4 39.6  0.0  0.0  0.0  0.0  9.9
  0.0  0.0  0.0  0.0  0.0  0.0  0.0  0.0  0.0  0.0  0.0  0.0  0.0  0.0  0.0
  0.0  0.0  0.0  0.0  9.9  9.9 19.8  0.0  0.0  9.9 69.3 19.8  0.0 59.4  0.0
  0.0  0.0  0.0  0.0  0.0  0.0  0.0  0.0  0.0  0.0  0.0  0.0  0.0  0.0  0.0
  0.0  0.0  0.0  0.0  0.0  0.0  0.0  0.0  0.0  0.0  0.0  0.0  0.0  0.0  0.0
  0.0  0.0  0.0  0.0  0.0  0.0  0.0  0.0  0.0  0.0  9.9  0.0  0.0  0.0  0.0
  0.0  0.0  0.0  0.0  0.0  0.0  0.0  9.9  0.0  0.0  0.0  0.0  0.0  0.0  0.0
  0.0  0.0  0.0  0.0  0.0  0.0  0.0 19.8  9.9  0.0  9.9  0.0  0.0  0.0  0.0
  0.0  0.0  0.0  0.0  0.0  9.9  0.0  9.9  0.0  9.9  0.0  0.0  0.0  0.0  0.0
    -23.60     -4.42      5.92     -6.61     -3.63  0.0  0.0  0.0  0.0  0.0
                                    t000271_s19_p1_el2ap.txt 10.8  5.0   50
  0.0  0.0  0.0 20.0  0.0  0.0  0.0  0.0 20.0  0.0  0.0  0.0  0.0  0.0  0.0
  0.0  0.0  0.0  0.0  0.0  0.0320.0160.0 80.0 60.0  0.0  0.0  0.0  0.0 20.0
  0.0  0.0  0.0  0.0 20.0  0.0  0.0  0.0  0.0  0.0  0.0  0.0  0.0  0.0  0.0
 20.0  0.0  0.0  0.0  0.0  0.0  0.0 20.0  0.0 20.0120.0 20.0  0.0100.0  0.0
  0.0  0.0  0.0  0.0  0.0  0.0  0.0  0.0  0.0  0.0  0.0  0.0  0.0  0.0  0.0
  0.0  0.0  0.0  0.0  0.0  0.0  0.0  0.0  0.0  0.0  0.0  0.0  0.0  0.0  0.0
  0.0  0.0  0.0  0.0  0.0  0.0  0.0  0.0  0.0  0.0  0.0  0.0  0.0  0.0  0.0
  0.0  0.0  0.0  0.0  0.0  0.0  0.0  0.0  0.0  0.0  0.0  0.0  0.0  0.0  0.0
  0.0  0.0  0.0  0.0  0.0  0.0  0.0 20.0  0.0  0.0  0.0  0.0 20.0  0.0  0.0
  0.0  0.0  0.0  0.0  0.0  0.0  0.0 20.0  0.0  0.0  0.0  0.0  0.0  0.0  0.0
    -29.36     -3.75      5.09     -6.61      2.83  0.0  0.0  0.0  0.0  0.0
                                    t000271_s19_p2_el2ap.txt  8.8  4.0   40
  0.0  0.0  0.0  0.0  0.0  0.0  0.0  0.0  0.0  0.0  0.0  0.0  0.0  0.0  0.0
  0.0  0.0  0.0  0.0  0.0  0.0375.0100.0 50.0100.0 25.0  0.0  0.0  0.0  0.0
  0.0  0.0  0.0  0.0  0.0  0.0  0.0  0.0  0.0  0.0  0.0  0.0  0.0 25.0  0.0
  0.0  0.0  0.0  0.0  0.0  0.0  0.0 25.0  0.0  0.0 50.0 25.0  0.0100.0  0.0
  0.0  0.0  0.0  0.0  0.0  0.0  0.0  0.0  0.0  0.0  0.0  0.0  0.0  0.0  0.0
  0.0  0.0  0.0  0.0  0.0  0.0  0.0  0.0  0.0  0.0  0.0  0.0  0.0  0.0  0.0
  0.0  0.0  0.0  0.0  0.0  0.0  0.0  0.0  0.0  0.0  0.0  0.0  0.0  0.0  0.0
  0.0  0.0  0.0  0.0  0.0  0.0  0.0  0.0  0.0  0.0  0.0  0.0  0.0  0.0  0.0
  0.0  0.0  0.0  0.0  0.0  0.0  0.0  0.0 50.0  0.0 50.0  0.0  0.0  0.0  0.0
  0.0  0.0  0.0  0.0  0.0  0.0  0.0  0.0  0.0  0.0  0.0  0.0 25.0  0.0  0.0
    -25.91     -1.33      0.97     -6.61      0.16  0.0  0.0  0.0  0.0  0.0
                                    t000271_s19_p3_el2ap.txt  9.0  4.8   44
  0.0  0.0  0.0  0.0  0.0  0.0  0.0  0.0  0.0  0.0  0.0  0.0  0.0  0.0  0.0
  0.0  0.0  0.0 22.7  0.0  0.0363.6113.6 45.5 45.5  0.0  0.0  0.0  0.0  0.0
  0.0  0.0  0.0  0.0  0.0  0.0  0.0  0.0  0.0  0.0  0.0  0.0  0.0 22.7  0.0
 45.5  0.0  0.0 45.5  0.0  0.0 22.7 68.2  0.0  0.0 45.5  0.0  0.0 90.9  0.0
  0.0  0.0  0.0  0.0  0.0  0.0  0.0  0.0  0.0  0.0  0.0  0.0  0.0  0.0  0.0
  0.0  0.0  0.0  0.0  0.0  0.0  0.0  0.0  0.0  0.0  0.0  0.0  0.0  0.0  0.0
  0.0  0.0  0.0  0.0  0.0  0.0  0.0  0.0  0.0  0.0 22.7  0.0  0.0  0.0  0.0
  0.0  0.0  0.0  0.0  0.0  0.0  0.0 22.7  0.0  0.0  0.0  0.0  0.0  0.0  0.0
  0.0  0.0  0.0  0.0  0.0  0.0  0.0  0.0  0.0  0.0 22.7  0.0  0.0 45.5  0.0
  0.0  0.0  0.0  0.0  0.0 22.7  0.0  0.0  0.0 45.5  0.0  0.0 45.5  0.0  0.0
    -23.08     -4.23      0.97     -6.61     14.48  0.0  0.0  0.0  0.0  0.0
                                    t000271_s19_p4_el2ap.txt 13.3  4.9   80
  0.0  0.0  0.0  0.0  0.0  0.0  0.0  0.0  0.0  0.0  0.0  0.0  0.0  0.0  0.0
  0.0  0.0  0.0  0.0  0.0  0.0325.0 87.5 75.0 50.0  0.0  0.0  0.0  0.0  0.0
  0.0  0.0  0.0  0.0  0.0 12.5  0.0  0.0  0.0  0.0  0.0  0.0  0.0 12.5  0.0
  0.0  0.0  0.0 12.5 12.5  0.0  0.0 12.5  0.0  0.0 87.5  0.0  0.0 62.5  0.0
  0.0  0.0  0.0  0.0  0.0  0.0  0.0  0.0  0.0  0.0  0.0  0.0  0.0  0.0  0.0
  0.0  0.0  0.0  0.0  0.0  0.0  0.0  0.0  0.0  0.0  0.0  0.0  0.0  0.0  0.0
  0.0  0.0  0.0  0.0  0.0  0.0  0.0  0.0  0.0  0.0  0.0  0.0  0.0  0.0  0.0
  0.0  0.0  0.0  0.0  0.0  0.0  0.0  0.0  0.0  0.0  0.0  0.0  0.0  0.0  0.0
  0.0  0.0  0.0  0.0  0.0  0.0  0.0  0.0 12.5  0.0  0.0  0.0  0.0  0.0  0.0
  0.0  0.0  0.0  0.0  0.0  0.0  0.0 12.5  0.0  0.0  0.0  0.0  0.0  0.0  0.0
    -27.44     -4.08      0.26     -6.61     -1.73  0.0  0.0  0.0  0.0  0.0
                                    t000271_s19_p5_el2ap.txt 18.5  5.4  148
 13.5  0.0  0.0  6.8  0.0  0.0  0.0  6.8  0.0  0.0  0.0  0.0  0.0  0.0  0.0
  0.0  0.0  0.0  0.0  0.0  0.0351.4121.6 67.6 40.5  0.0  0.0  0.0  0.0  0.0
  0.0  0.0  0.0  6.8  0.0 47.3  0.0  0.0  0.0  0.0  0.0  6.8  6.8 20.3  0.0
  0.0  0.0  0.0  0.0  0.0  0.0  0.0 20.3  0.0  0.0114.9  0.0  0.0 54.1  0.0
  0.0  0.0  0.0  0.0  0.0  0.0  0.0  0.0  0.0  0.0  0.0  0.0  0.0  0.0  0.0
  0.0  0.0  0.0  0.0  0.0  0.0  0.0  0.0  0.0  0.0  0.0  0.0  0.0  0.0  0.0
  0.0  0.0  0.0  0.0  0.0  0.0  0.0  0.0  0.0  0.0  0.0  0.0  0.0  0.0  0.0
  0.0  0.0  0.0  0.0  0.0  0.0  0.0  0.0  0.0  0.0  0.0  0.0  0.0  0.0  0.0
  0.0  0.0  0.0  0.0  0.0  0.0  0.0  0.0  0.0  0.0 20.3  6.8  0.0 27.0  6.8
  0.0  0.0  0.0  0.0  0.0  0.0  0.0 20.3  0.0 13.5  0.0  0.0  0.0  0.0  0.0
    -27.30     -4.39     -3.64     -3.90      3.67  0.0  0.0  0.0  0.0  0.0
                                    t000271_s19_p6_el2ap.txt 17.5  5.4   99
 10.1  0.0  0.0  0.0  0.0  0.0  0.0  0.0  0.0  0.0  0.0  0.0  0.0  0.0  0.0
  0.0  0.0  0.0 10.1  0.0  0.0343.4121.2 70.7 80.8  0.0  0.0  0.0  0.0  0.0
  0.0  0.0  0.0  0.0  0.0 90.9 10.1  0.0  0.0  0.0  0.0 30.3 20.2 20.2  0.0
  0.0  0.0  0.0  0.0  0.0  0.0 10.1 20.2  0.0  0.0 90.9  0.0  0.0 70.7  0.0
  0.0  0.0  0.0  0.0  0.0  0.0  0.0  0.0  0.0  0.0  0.0  0.0  0.0  0.0  0.0
  0.0  0.0  0.0  0.0  0.0 10.1  0.0  0.0  0.0  0.0  0.0  0.0  0.0  0.0  0.0
 10.1  0.0  0.0  0.0  0.0  0.0  0.0  0.0  0.0  0.0  0.0  0.0  0.0  0.0  0.0
 10.1  0.0  0.0 10.1 10.1  0.0 10.1  0.0  0.0  0.0  0.0  0.0  0.0  0.0  0.0
  0.0  0.0  0.0  0.0  0.0  0.0  0.0  0.0 10.1  0.0 10.1  0.0 10.1 20.2  0.0
  0.0  0.0  0.0  0.0  0.0  0.0  0.0  0.0  0.0 20.2  0.0  0.0  0.0  0.0  0.0
    -27.21     -3.07     -4.19      5.52     12.06  0.0  0.0  0.0  0.0  0.0
                                     t000271_s6_p1_el2ap.txt 23.5  4.9  131
 38.2  0.0  0.0 22.9  0.0  0.0  7.6  0.0 22.9  7.6  0.0  0.0  0.0  0.0  0.0
  0.0  0.0  0.0 15.3  0.0  0.0313.0167.9 38.2 38.2  0.0  0.0  0.0  0.0  0.0
  0.0  0.0  0.0  0.0  0.0 38.2  0.0  0.0  0.0  0.0  0.0  0.0  7.6  7.6  0.0
  7.6  0.0  7.6  0.0  7.6  0.0 15.3 15.3  0.0  0.0 68.7 22.9  0.0 76.3  0.0
  0.0  0.0  0.0  0.0  0.0  0.0  0.0  0.0  0.0  0.0  0.0  0.0  0.0  0.0  0.0
  0.0  0.0  0.0  0.0  0.0  7.6  0.0  0.0  0.0  0.0  0.0  0.0  0.0  0.0  0.0
  0.0  0.0  0.0  0.0  0.0  0.0  0.0  0.0  0.0  0.0 15.3  0.0  0.0  0.0  0.0
  7.6  0.0  0.0  7.6  0.0  0.0  0.0 15.3  0.0  0.0  0.0  0.0  0.0  0.0  0.0
  0.0  0.0  0.0  0.0  0.0  0.0  0.0  0.0 22.9  0.0 22.9  0.0  0.0  7.6  0.0
  7.6  0.0  0.0  0.0  0.0  0.0  0.0  0.0  0.0 30.5  0.0  0.0  0.0  0.0  0.0
    -17.42     -4.47     -1.19     -6.61      4.76  0.0  0.0  0.0  0.0  0.0
                                     t000271_s6_p2_el2ap.txt 15.5  4.8   81
  0.0  0.0  0.0 12.3  0.0  0.0  0.0  0.0  0.0  0.0  0.0  0.0  0.0  0.0  0.0
  0.0  0.0  0.0  0.0  0.0  0.0333.3185.2 37.0 12.3  0.0 12.3 12.3  0.0  0.0
  0.0  0.0  0.0  0.0  0.0 37.0  0.0  0.0  0.0  0.0  0.0  0.0  0.0 12.3  0.0
  0.0  0.0  0.0  0.0  0.0  0.0  0.0 12.3  0.0  0.0 49.4  0.0  0.0 74.1 24.7
  0.0  0.0  0.0  0.0  0.0  0.0  0.0  0.0  0.0  0.0  0.0  0.0  0.0  0.0  0.0
  0.0  0.0  0.0  0.0  0.0  0.0  0.0  0.0  0.0  0.0  0.0  0.0  0.0  0.0  0.0
  0.0  0.0  0.0  0.0  0.0  0.0  0.0  0.0  0.0  0.0  0.0  0.0  0.0  0.0  0.0
  0.0  0.0  0.0  0.0  0.0  0.0  0.0  0.0  0.0  0.0  0.0  0.0  0.0  0.0  0.0
  0.0  0.0  0.0  0.0  0.0  0.0  0.0 12.3  0.0  0.0 24.7 12.3  0.0  0.0  0.0
 12.3  0.0  0.0  0.0  0.0  0.0 12.3  0.0  0.0 12.3  0.0  0.0  0.0  0.0  0.0
    -28.90     -0.66     -1.13     -6.61     -1.76  0.0  0.0  0.0  0.0  0.0
                                     t000271_s6_p3_el2ap.txt 28.5  5.2  187
  0.0  0.0  0.0 58.8  0.0  0.0  0.0  0.0  0.0  5.3  0.0  0.0  0.0  5.3  0.0
  0.0  0.0  5.3 10.7  0.0  0.0347.6139.0 58.8  5.3  0.0 10.7  0.0  0.0  0.0
  5.3  5.3  0.0  5.3  0.0 10.7  5.3 21.4  5.3  5.3 10.7  5.3 10.7 16.0  5.3
  0.0 10.7  0.0  0.0  0.0 37.4 32.1 21.4  0.0  5.3 58.8  0.0  0.0 69.5  0.0
  5.3  0.0  0.0  0.0  0.0  0.0  0.0  0.0  0.0  0.0  0.0  0.0  0.0  0.0  0.0
  0.0  0.0  0.0  0.0  0.0  0.0  0.0  0.0  0.0  0.0  0.0  0.0  0.0  0.0  0.0
  0.0  0.0  0.0  0.0  0.0  0.0  0.0  0.0  0.0  0.0  0.0  0.0  0.0  0.0  0.0
  0.0  0.0  0.0  0.0  0.0  0.0  0.0  0.0  0.0  0.0  0.0  0.0  0.0  0.0  0.0
  0.0  0.0  0.0  0.0  0.0  0.0  0.0  0.0  5.3 10.7 48.1  5.3  5.3  0.0  0.0
  5.3  0.0  5.3  0.0  0.0  5.3 16.0  0.0  0.0 10.7  5.3  0.0  0.0  0.0  0.0
    -21.26     -3.50      5.68      9.88      9.60  5.3  0.0  5.3  0.0  0.0
                                     t000271_s6_p4_el2ap.txt 23.5  5.3  141
 21.3  0.0  0.0 63.8  0.0  0.0  0.0 14.2  7.1 14.2  7.1  0.0  0.0  0.0  0.0
  0.0  0.0  7.1  0.0  0.0  0.0283.7120.6 78.0 21.3  0.0  0.0  0.0  0.0  0.0
  0.0  0.0  0.0  7.1  0.0 21.3 28.4 28.4 14.2  7.1 14.2  7.1  7.1  7.1  0.0
  0.0  7.1  7.1  0.0  7.1 49.6 14.2  7.1  0.0  0.0120.6  7.1  0.0 99.3 14.2
  0.0  7.1  0.0  0.0  0.0  0.0  0.0  0.0  0.0  0.0  0.0  0.0  0.0  0.0  0.0
  0.0  0.0  0.0  0.0  0.0  0.0  7.1  0.0  0.0  7.1  0.0  0.0  0.0  0.0  7.1
  0.0  0.0  0.0  0.0  0.0  0.0  0.0  0.0  0.0  0.0  0.0  0.0  0.0  0.0  0.0
  7.1  7.1  0.0 14.2  7.1  0.0  7.1  0.0  0.0  0.0  0.0  0.0  0.0  0.0  0.0
  0.0  0.0  0.0  0.0  0.0  0.0  0.0  0.0 14.2  7.1 35.5  7.1  0.0  7.1  7.1
  7.1  0.0  7.1  0.0  0.0  7.1  7.1 28.4  7.1  7.1  0.0 14.2  7.1  0.0  0.0
    -16.54     -5.03     -2.26     17.54      1.88  7.1  0.0  7.1  0.0  0.0
                                     t000271_s6_p5_el2ap.txt 16.5  5.4   97
  0.0  0.0  0.0 51.5  0.0  0.0  0.0  0.0 20.6 10.3  0.0  0.0  0.0  0.0  0.0
  0.0  0.0  0.0  0.0  0.0  0.0381.4123.7 61.9 30.9  0.0  0.0  0.0  0.0  0.0
  0.0 10.3  0.0  0.0  0.0 30.9  0.0  0.0 10.3  0.0  0.0  0.0  0.0  0.0 10.3
 10.3  0.0  0.0  0.0  0.0  0.0 10.3 20.6  0.0  0.0 61.9 20.6  0.0 92.8 10.3
  0.0  0.0  0.0  0.0  0.0  0.0  0.0  0.0  0.0  0.0  0.0  0.0  0.0  0.0  0.0
  0.0  0.0  0.0  0.0  0.0  0.0  0.0  0.0  0.0  0.0  0.0  0.0  0.0  0.0  0.0
  0.0  0.0  0.0  0.0  0.0  0.0  0.0  0.0  0.0  0.0  0.0  0.0  0.0  0.0  0.0
  0.0  0.0  0.0  0.0  0.0  0.0  0.0  0.0  0.0  0.0  0.0  0.0  0.0  0.0  0.0
  0.0  0.0  0.0  0.0  0.0  0.0  0.0 20.6 30.9 20.6 41.2  0.0 10.3 10.3  0.0
  0.0 10.3  0.0  0.0  0.0  0.0  0.0 30.9  0.0  0.0 10.3  0.0  0.0  0.0  0.0
    -27.31     -4.71      3.03     -3.28      7.63  0.0  0.0  0.0  0.0  0.0
                                     t000271_s6_p6_el2ap.txt 33.0  5.1  246
  8.1  0.0  0.0 73.2  0.0  0.0  8.1  4.1  4.1 12.2  0.0  4.1  0.0  4.1  0.0
  0.0  0.0  0.0  4.1  0.0  0.0252.0146.3 61.0 24.4 24.4  0.0  0.0  4.1  8.1
  0.0  0.0  0.0  0.0  4.1 52.8 16.3  0.0  0.0  0.0  8.1 12.2 16.3 12.2  0.0
  8.1 20.3 12.2  0.0 12.2  8.1 28.5 20.3  0.0 12.2 85.4 28.5  8.1126.0  8.1
  0.0  0.0  0.0  0.0  0.0  0.0  0.0  0.0  0.0  0.0  0.0  0.0  0.0  0.0  0.0
  0.0  0.0  0.0  4.1  4.1  0.0  4.1  0.0  0.0  8.1  0.0  0.0  0.0  0.0  0.0
  0.0  0.0  0.0  0.0  8.1  0.0  0.0  4.1  0.0  0.0  0.0  0.0  0.0  8.1  0.0
 12.2  8.1  0.0 20.3  0.0 12.2 12.2  8.1  0.0  0.0  0.0  0.0  0.0  0.0  0.0
  0.0  0.0  0.0  0.0  0.0  0.0  0.0  0.0 20.3  4.1 12.2  4.1  4.1  4.1  4.1
  4.1  0.0  0.0  0.0  0.0  8.1 12.2 16.3  4.1 12.2  0.0  0.0 16.3  0.0  0.0
    -14.76     -3.84      3.23      2.14     11.01  0.0  4.1  4.1  0.0  0.0
                                     t000271_s6_p7_el2ap.txt 15.3  4.9   82
 12.2  0.0  0.0 48.8  0.0  0.0  0.0  0.0 12.2  0.0  0.0  0.0  0.0  0.0  0.0
  0.0  0.0 12.2 24.4  0.0  0.0280.5146.3 73.2 24.4  0.0  0.0  0.0  0.0  0.0
  0.0 12.2  0.0  0.0 12.2 24.4 24.4  0.0  0.0  0.0 12.2  0.0  0.0 36.6  0.0
  0.0  0.0  0.0 12.2  0.0 24.4 36.6 36.6  0.0  0.0109.8 12.2  0.0 97.6  0.0
  0.0  0.0  0.0  0.0  0.0  0.0  0.0  0.0  0.0  0.0  0.0  0.0  0.0  0.0  0.0
  0.0  0.0  0.0  0.0 12.2  0.0  0.0  0.0  0.0  0.0  0.0  0.0  0.0  0.0  0.0
 12.2  0.0  0.0  0.0  0.0  0.0  0.0  0.0  0.0  0.0  0.0  0.0  0.0  0.0  0.0
 12.2  0.0  0.0 12.2 12.2  0.0 12.2  0.0  0.0  0.0  0.0  0.0  0.0  0.0  0.0
  0.0  0.0  0.0  0.0  0.0  0.0  0.0  0.0 24.4  0.0 12.2  0.0 12.2  0.0 12.2
  0.0  0.0  0.0  0.0  0.0 24.4 12.2 24.4  0.0 36.6  0.0  0.0  0.0  0.0  0.0
    -16.94     -4.93      0.52     -0.80      1.92  0.0  0.0  0.0  0.0  0.0
                                     t000271_s6_p8_el2ap.txt 21.8  5.2  138
  0.0  0.0  0.0 58.0  0.0  0.0  0.0  0.0  0.0  7.2  0.0  0.0  0.0  0.0  0.0
  0.0  0.0  7.2  7.2  0.0  0.0311.6137.7 72.5  7.2  0.0  0.0  0.0  0.0  0.0
  0.0  0.0  0.0  7.2 14.5 14.5 21.7  0.0  7.2  0.0 21.7  0.0  7.2 21.7  0.0
 14.5  7.2  0.0  0.0  7.2 29.0 14.5 36.2  0.0  0.0101.4  0.0  0.0115.9 14.5
  0.0  0.0  0.0  0.0  0.0  0.0  0.0  0.0  0.0  0.0  0.0  0.0  0.0  0.0  0.0
  0.0  0.0  0.0  0.0  0.0  0.0  0.0  0.0  0.0  7.2  0.0  0.0  0.0  0.0  0.0
  7.2  7.2  0.0  0.0  0.0  0.0  0.0  7.2  0.0  0.0  0.0  0.0  0.0  0.0  0.0
  0.0  7.2  0.0  7.2 14.5  7.2 21.7  0.0  0.0  0.0  0.0  0.0  0.0  0.0  0.0
  0.0  0.0  0.0  0.0  0.0  0.0  0.0  0.0  7.2  0.0 43.5  7.2  0.0 14.5  0.0
  0.0  0.0  0.0  0.0  0.0  0.0 29.0  0.0 14.5 29.0  0.0  0.0  7.2  0.0  0.0
    -23.37     -5.49     -6.18      6.08      8.87  0.0  0.0 14.5  0.0  0.0
                                     t000271_s8_p1_el2ap.txt 11.8  4.9   56
  0.0  0.0  0.0 35.7  0.0  0.0  0.0  0.0  0.0  0.0  0.0  0.0  0.0  0.0  0.0
  0.0  0.0  0.0  0.0  0.0  0.0357.1125.0125.0 35.7  0.0 17.9  0.0  0.0 17.9
  0.0  0.0  0.0  0.0 17.9 17.9  0.0  0.0  0.0  0.0  0.0 17.9  0.0 17.9  0.0
  0.0  0.0  0.0  0.0  0.0  0.0  0.0 17.9  0.0 17.9125.0  0.0  0.0 71.4  0.0
  0.0  0.0  0.0  0.0  0.0  0.0  0.0  0.0  0.0  0.0  0.0  0.0  0.0  0.0  0.0
  0.0  0.0  0.0  0.0  0.0  0.0  0.0  0.0  0.0  0.0  0.0  0.0  0.0  0.0  0.0
  0.0  0.0  0.0  0.0  0.0  0.0  0.0  0.0  0.0  0.0  0.0  0.0  0.0  0.0  0.0
  0.0  0.0  0.0  0.0  0.0  0.0  0.0  0.0  0.0  0.0  0.0  0.0  0.0  0.0  0.0
  0.0  0.0  0.0  0.0  0.0  0.0  0.0 17.9  0.0  0.0 17.9 17.9  0.0 17.9 17.9
  0.0  0.0  0.0  0.0  0.0  0.0  0.0  0.0  0.0  0.0  0.0  0.0  0.0  0.0  0.0
    -31.47     -1.12      3.64      0.54     -0.92  0.0  0.0  0.0  0.0  0.0
                                     t000271_s8_p2_el2ap.txt 14.8  4.3   91
  0.0  0.0  0.0 11.0  0.0  0.0  0.0  0.0  0.0  0.0  0.0  0.0  0.0  0.0  0.0
  0.0  0.0 33.0  0.0  0.0  0.0252.7197.8  0.0 44.0  0.0 11.0  0.0  0.0  0.0
  0.0  0.0  0.0  0.0  0.0 33.0  0.0  0.0  0.0  0.0  0.0  0.0 11.0 33.0  0.0
 11.0 22.0  0.0 11.0  0.0 33.0 22.0 44.0  0.0  0.0  0.0  0.0  0.0 65.9 11.0
  0.0  0.0  0.0  0.0  0.0  0.0  0.0  0.0  0.0  0.0  0.0  0.0  0.0  0.0  0.0
  0.0  0.0  0.0  0.0  0.0  0.0  0.0  0.0  0.0  0.0  0.0  0.0  0.0  0.0  0.0
  0.0  0.0  0.0  0.0  0.0  0.0  0.0  0.0  0.0  0.0  0.0  0.0  0.0  0.0  0.0
  0.0  0.0  0.0  0.0  0.0  0.0  0.0  0.0  0.0  0.0  0.0  0.0  0.0  0.0  0.0
  0.0  0.0  0.0  0.0  0.0  0.0  0.0  0.0  0.0  0.0 11.0 11.0  0.0 33.0 11.0
  0.0  0.0  0.0  0.0  0.0  0.0  0.0 11.0  0.0 33.0  0.0  0.0  0.0  0.0  0.0
    -14.61     -2.17     -0.90     -6.61     11.78  0.0  0.0  0.0  0.0  0.0
                                     t000271_s8_p3_el2ap.txt 13.8  5.3   65
  0.0  0.0  0.0 46.2  0.0  0.0  0.0  0.0  0.0  0.0 15.4  0.0  0.0  0.0  0.0
  0.0  0.0 46.2 15.4  0.0  0.0369.2123.1 76.9  0.0  0.0  0.0  0.0 15.4  0.0
  0.0  0.0  0.0  0.0  0.0 15.4 15.4  0.0  0.0  0.0  0.0  0.0 15.4  0.0  0.0
  0.0 15.4  0.0 15.4  0.0 46.2 30.8  0.0  0.0 15.4 76.9  0.0  0.0 92.3 30.8
  0.0  0.0  0.0  0.0  0.0  0.0  0.0  0.0  0.0  0.0  0.0  0.0  0.0  0.0  0.0
  0.0  0.0  0.0  0.0  0.0  0.0  0.0  0.0  0.0  0.0  0.0  0.0  0.0  0.0  0.0
  0.0  0.0  0.0  0.0  0.0  0.0  0.0  0.0  0.0  0.0  0.0  0.0  0.0  0.0  0.0
  0.0  0.0  0.0  0.0  0.0  0.0  0.0  0.0  0.0  0.0  0.0  0.0  0.0  0.0  0.0
  0.0  0.0  0.0  0.0  0.0  0.0  0.0 15.4 15.4  0.0 30.8 15.4  0.0  0.0  0.0
  0.0 15.4  0.0  0.0  0.0  0.0  0.0  0.0  0.0  0.0 30.8  0.0 15.4  0.0  0.0
    -11.83     -5.73      9.15     -6.61      5.99  0.0  0.0  0.0  0.0  0.0
                                     t000271_s8_p4_el2ap.txt 24.5  5.4  130
 15.4  0.0  0.0 53.8  0.0  0.0  0.0  0.0  0.0  7.7  0.0  7.7  0.0  0.0  0.0
  0.0  0.0  7.7  0.0  0.0  0.0407.7 92.3100.0  0.0  0.0  7.7  0.0  0.0  7.7
  0.0 15.4  0.0  0.0  0.0  7.7 30.8  0.0  0.0  0.0  0.0  7.7  0.0  7.7  0.0
  0.0  0.0  0.0  0.0  0.0  7.7 23.1  7.7  0.0  7.7138.5  0.0  0.0 84.6  0.0
  0.0  0.0  0.0  0.0  0.0  0.0  0.0  0.0  0.0  0.0  0.0  0.0  0.0  0.0  0.0
  0.0  0.0  0.0  0.0  0.0  0.0  0.0  7.7  0.0  0.0  0.0  0.0  0.0  0.0  0.0
  0.0  0.0  0.0  0.0  0.0  0.0  0.0  0.0  7.7  0.0  0.0  0.0  0.0  0.0  0.0
  0.0  7.7  0.0  7.7  0.0  7.7  7.7  0.0  0.0  0.0  0.0  0.0  0.0  0.0  0.0
  0.0  0.0  0.0  0.0  0.0  0.0  0.0  0.0 30.8 15.4 46.2 15.4 23.1  7.7  0.0
  0.0  7.7  0.0  0.0  0.0  7.7  7.7  7.7  0.0  7.7 15.4  0.0  0.0  0.0  0.0
    -21.69     -4.25     10.08     -3.53     -2.46  0.0  0.0  0.0  0.0  0.0
                                     t000271_s8_p5_el2ap.txt 19.8  5.0  116
  8.6  0.0  0.0 60.3  0.0  0.0  0.0  0.0  0.0  0.0 25.9  0.0  0.0  0.0  0.0
  0.0  0.0 25.9  8.6  0.0  0.0319.0181.0 60.3 25.9  8.6  0.0  0.0  0.0  0.0
  0.0  8.6  0.0  0.0  0.0 34.5  8.6  8.6  0.0  0.0  0.0  0.0 25.9  8.6  0.0
  0.0  0.0  0.0  0.0 25.9 34.5 17.2  8.6  0.0  0.0 94.8  8.6  0.0 94.8  8.6
  0.0  0.0  0.0  0.0  0.0  0.0  0.0  0.0  0.0  0.0  0.0  0.0  0.0  0.0  0.0
  0.0  0.0  0.0  0.0  0.0  0.0  0.0  0.0  0.0  0.0  0.0  0.0  0.0  0.0  0.0
  0.0  0.0  0.0  0.0  0.0  0.0  0.0  0.0  8.6  0.0  0.0  0.0  0.0  0.0  0.0
  0.0  0.0  0.0  0.0  0.0  8.6  8.6  0.0  0.0  0.0  0.0  0.0  0.0  0.0  0.0
  0.0  0.0  0.0  0.0  0.0  0.0  0.0 17.2  0.0  8.6 17.2  0.0  0.0  0.0  0.0
  8.6  0.0  0.0  0.0  0.0  8.6  8.6  8.6  0.0 17.2  0.0  0.0  0.0  8.6  0.0
    -16.07     -4.49      2.21     -4.55     13.84  0.0  0.0  8.6  0.0  0.0
                                     t000271_s8_p6_el2ap.txt 17.0  5.2   93
 10.8  0.0  0.0 32.3  0.0  0.0  0.0  0.0  0.0  0.0  0.0  0.0  0.0  0.0  0.0
  0.0  0.0  0.0  0.0  0.0  0.0430.1172.0 43.0  0.0  0.0  0.0  0.0  0.0  0.0
  0.0  0.0  0.0  0.0  0.0 10.8  0.0  0.0  0.0  0.0  0.0  0.0  0.0  0.0  0.0
 21.5  0.0  0.0  0.0  0.0  0.0  0.0 21.5  0.0  0.0 43.0  0.0  0.0 53.8  0.0
  0.0  0.0  0.0  0.0  0.0  0.0  0.0  0.0  0.0  0.0  0.0  0.0  0.0  0.0  0.0
  0.0  0.0  0.0  0.0  0.0  0.0  0.0  0.0  0.0  0.0  0.0  0.0  0.0  0.0  0.0
  0.0  0.0  0.0  0.0  0.0  0.0  0.0  0.0  0.0  0.0  0.0  0.0  0.0  0.0  0.0
  0.0  0.0  0.0  0.0  0.0  0.0  0.0  0.0  0.0  0.0  0.0  0.0  0.0  0.0  0.0
  0.0  0.0  0.0  0.0  0.0  0.0  0.0 10.8 32.3  0.0 10.8 10.8  0.0  0.0 10.8
  0.0  0.0  0.0  0.0  0.0 10.8  0.0  0.0  0.0  0.0  0.0  0.0  0.0  0.0  0.0
    -30.79     -5.73      0.36     -6.61      3.31  0.0  0.0  0.0  0.0  0.0
                                     t000271_s8_p7_el2ap.txt 18.0  5.5  116
  8.6  0.0  0.0 43.1  0.0  0.0  0.0  0.0  0.0  0.0  8.6  0.0  0.0  0.0  0.0
  0.0  0.0  8.6  8.6  0.0  0.0379.3155.2 25.9  8.6  0.0  0.0  0.0  0.0  0.0
  0.0  0.0  0.0  0.0  0.0 60.3 34.5  0.0  0.0  0.0  0.0  0.0 17.2  0.0  0.0
  0.0  0.0  0.0  8.6  0.0  8.6  8.6  0.0  0.0  0.0 34.5  0.0  0.0103.4 17.2
  0.0  0.0  0.0  0.0  0.0  0.0  0.0  0.0  0.0  0.0  0.0  0.0  0.0  0.0  0.0
  0.0  0.0  0.0  0.0  0.0  0.0  0.0  8.6  0.0  0.0  0.0  0.0  0.0  0.0  0.0
  0.0  0.0  8.6  0.0  0.0  0.0  0.0  0.0  8.6  0.0  0.0  0.0  0.0  0.0  0.0
  0.0  8.6  0.0  8.6  8.6  8.6 17.2  0.0  0.0  0.0  0.0  0.0  0.0  0.0  0.0
  0.0  0.0  0.0  0.0  0.0  0.0  0.0  8.6  0.0  0.0 34.5  0.0 17.2  0.0  0.0
  0.0  0.0  0.0  0.0  0.0  0.0  0.0  0.0  0.0 25.9  8.6  8.6 17.2  0.0  0.0
    -23.36     -5.44     -2.46     -6.61      7.15  8.6  0.0  0.0  0.0  0.0
                                     t000271_s8_p8_el2ap.txt 15.0  5.0   88
  0.0  0.0  0.0 45.5  0.0  0.0 11.4  0.0 22.7  0.0  0.0  0.0  0.0  0.0  0.0
  0.0  0.0  0.0 11.4  0.0  0.0431.8170.5 45.5 11.4  0.0  0.0  0.0  0.0  0.0
  0.0  0.0  0.0  0.0  0.0  0.0 11.4  0.0  0.0  0.0  0.0  0.0  0.0  0.0  0.0
  0.0  0.0  0.0  0.0  0.0  0.0 11.4  0.0  0.0  0.0 56.8 22.7  0.0 79.5  0.0
  0.0  0.0  0.0  0.0  0.0  0.0  0.0  0.0  0.0  0.0  0.0  0.0  0.0  0.0  0.0
  0.0  0.0  0.0  0.0  0.0  0.0  0.0  0.0  0.0  0.0  0.0  0.0  0.0  0.0  0.0
  0.0  0.0  0.0  0.0  0.0  0.0  0.0  0.0  0.0  0.0  0.0  0.0  0.0  0.0  0.0
  0.0  0.0  0.0  0.0  0.0  0.0  0.0  0.0  0.0  0.0  0.0  0.0  0.0  0.0  0.0
  0.0  0.0  0.0  0.0  0.0  0.0  0.0  0.0  0.0  0.0 45.5  0.0 22.7 22.7  0.0
  0.0  0.0  0.0  0.0  0.0  0.0  0.0  0.0 11.4 11.4  0.0  0.0  0.0  0.0  0.0
    -25.63     -5.35      0.97     -6.61     -3.63  0.0  0.0  0.0  0.0  0.0
                                     t000272_s1_p1_el2ap.txt 30.3  5.8  198
 10.1  0.0  0.0 15.2  0.0  0.0  0.0  5.1  0.0  0.0  0.0  0.0  0.0  0.0  0.0
  0.0  0.0  0.0  0.0  0.0  0.0373.7136.4 85.9 55.6  5.1  0.0  0.0  0.0  0.0
  0.0  5.1  0.0  0.0  0.0  5.1  5.1  0.0  0.0  0.0  0.0  0.0  0.0 20.2  5.1
 20.2  0.0  0.0  0.0  0.0  0.0  5.1 45.5  0.0  0.0121.2  5.1  0.0 96.0  0.0
  0.0  0.0  0.0  0.0  0.0  0.0  0.0  0.0  0.0  0.0  0.0  0.0  0.0  0.0  0.0
  0.0  0.0  0.0  0.0  0.0  0.0  0.0  0.0  0.0  0.0  0.0  0.0  0.0  0.0  0.0
  0.0  5.1  0.0  0.0  0.0  5.1  0.0  0.0  0.0  0.0  0.0  0.0  0.0  0.0  0.0
  0.0  0.0  0.0  0.0  5.1  5.1 10.1  0.0  0.0  0.0  0.0  0.0  0.0  0.0  0.0
  0.0  0.0  0.0  0.0  0.0  0.0  0.0  0.0 30.3  5.1 20.2 15.2  5.1 15.2  0.0
  0.0  0.0  5.1  0.0  0.0  5.1  5.1 20.2  0.0  5.1  0.0  0.0  5.1  0.0  0.0
    -31.10     -3.68      2.56     -6.61      9.84  0.0  0.0  0.0  0.0  0.0
                                    t000272_s14_p1_el2ap.txt 10.0  4.8   48
  0.0  0.0  0.0  0.0  0.0  0.0  0.0  0.0  0.0  0.0  0.0  0.0  0.0  0.0  0.0
  0.0  0.0  0.0  0.0  0.0  0.0458.3145.8 41.7 41.7  0.0  0.0  0.0  0.0  0.0
  0.0 20.8  0.0  0.0  0.0 20.8  0.0  0.0  0.0  0.0  0.0  0.0  0.0 62.5  0.0
  0.0  0.0  0.0  0.0  0.0  0.0 20.8 62.5  0.0  0.0 62.5  0.0  0.0 62.5  0.0
  0.0  0.0  0.0  0.0  0.0  0.0  0.0  0.0  0.0  0.0  0.0  0.0  0.0  0.0  0.0
  0.0  0.0  0.0  0.0  0.0  0.0  0.0  0.0  0.0  0.0  0.0  0.0  0.0  0.0  0.0
  0.0  0.0  0.0  0.0  0.0  0.0  0.0  0.0  0.0  0.0  0.0  0.0  0.0  0.0  0.0
  0.0  0.0  0.0  0.0  0.0  0.0  0.0  0.0  0.0  0.0  0.0  0.0  0.0  0.0  0.0
  0.0  0.0  0.0  0.0  0.0  0.0  0.0  0.0  0.0  0.0  0.0  0.0  0.0  0.0 20.8
  0.0  0.0  0.0  0.0  0.0  0.0  0.0  0.0  0.0 20.8  0.0  0.0  0.0  0.0  0.0
    -31.48     -4.36      7.51     -6.61      5.84  0.0  0.0  0.0  0.0  0.0
                                   t000272_s14_p10_el2ap.txt 15.0  5.3   79
  0.0  0.0  0.0  0.0  0.0  0.0  0.0  0.0  0.0  0.0  0.0  0.0  0.0  0.0  0.0
  0.0  0.0  0.0  0.0  0.0  0.0379.7139.2 38.0 63.3  0.0  0.0 12.7  0.0  0.0
  0.0  0.0  0.0  0.0 12.7 25.3 12.7  0.0  0.0  0.0  0.0  0.0 12.7 63.3  0.0
 12.7  0.0  0.0  0.0  0.0  0.0  0.0 75.9  0.0  0.0 50.6  0.0  0.0113.9 25.3
  0.0  0.0  0.0  0.0  0.0  0.0  0.0  0.0  0.0  0.0  0.0  0.0  0.0  0.0  0.0
  0.0  0.0  0.0  0.0  0.0  0.0  0.0  0.0  0.0  0.0  0.0  0.0  0.0  0.0  0.0
  0.0  0.0  0.0  0.0  0.0  0.0  0.0  0.0  0.0  0.0  0.0  0.0  0.0  0.0  0.0
  0.0  0.0  0.0  0.0  0.0  0.0  0.0  0.0  0.0  0.0  0.0  0.0  0.0  0.0  0.0
  0.0  0.0  0.0  0.0  0.0  0.0  0.0  0.0 12.7 12.7 25.3 25.3 12.7  0.0  0.0
  0.0  0.0  0.0  0.0  0.0 12.7  0.0 50.6 12.7 12.7  0.0  0.0 12.7  0.0  0.0
    -30.02     -1.30     -4.19     -6.61     17.96  0.0  0.0  0.0  0.0  0.0
                                   t000272_s14_p12_el2ap.txt 19.8  4.6  106
  9.4  9.4  0.0  0.0  0.0  0.0  0.0  0.0  0.0  0.0  0.0  0.0  0.0  0.0  0.0
  0.0  0.0  0.0  0.0  0.0  0.0424.5 94.3 18.9 66.0  0.0  0.0  0.0  0.0  0.0
  0.0  0.0  0.0  0.0  0.0 18.9  0.0  0.0  0.0  0.0  0.0  0.0  0.0 28.3  0.0
 18.9  0.0  0.0  0.0  0.0  0.0  0.0 47.2  0.0  0.0 37.7  0.0  0.0 94.3  9.4
  0.0  0.0  0.0  0.0  0.0  0.0  0.0  0.0  0.0  0.0  0.0  0.0  0.0  0.0  0.0
  0.0  0.0  0.0  0.0  0.0  0.0  0.0  0.0  0.0  0.0  0.0  0.0  0.0  0.0  0.0
  0.0  0.0  0.0  0.0  0.0  0.0  0.0  0.0  0.0  0.0  0.0  0.0  0.0  0.0  0.0
  0.0  0.0  0.0  0.0  0.0  0.0  0.0  0.0  0.0  0.0  0.0  0.0  0.0  0.0  0.0
  0.0  0.0  0.0  0.0  0.0  0.0  0.0  0.0 28.3 18.9 37.7  9.4 18.9 28.3  0.0
  0.0  0.0  0.0  0.0  0.0  0.0  0.0 37.7  9.4  0.0  0.0  0.0  0.0  0.0  0.0
    -23.55     -3.56     -0.10     -6.61      6.75  0.0  0.0  0.0  0.0  0.0
                                   t000272_s14_p13_el2ap.txt 11.8  4.7   54
  0.0  0.0  0.0  0.0  0.0  0.0  0.0  0.0  0.0  0.0  0.0  0.0  0.0  0.0  0.0
  0.0  0.0  0.0  0.0  0.0  0.0370.4 92.6 55.6 37.0  0.0  0.0  0.0  0.0  0.0
  0.0  0.0  0.0  0.0  0.0 18.5  0.0  0.0  0.0  0.0  0.0  0.0  0.0 37.0  0.0
  0.0  0.0  0.0 18.5  0.0  0.0  0.0 37.0  0.0  0.0 55.6  0.0  0.0 74.1 18.5
  0.0  0.0  0.0  0.0  0.0  0.0  0.0  0.0  0.0  0.0  0.0  0.0  0.0  0.0  0.0
  0.0  0.0  0.0  0.0  0.0  0.0  0.0  0.0  0.0  0.0  0.0  0.0  0.0  0.0  0.0
  0.0  0.0  0.0  0.0  0.0  0.0  0.0  0.0  0.0  0.0  0.0  0.0  0.0  0.0  0.0
  0.0  0.0  0.0  0.0  0.0  0.0  0.0  0.0  0.0  0.0  0.0  0.0  0.0  0.0  0.0
  0.0  0.0  0.0  0.0  0.0  0.0  0.0  0.0  0.0 18.5 18.5  0.0 18.5 18.5  0.0
  0.0  0.0  0.0  0.0  0.0  0.0  0.0 18.5  0.0 18.5  0.0  0.0 18.5  0.0  0.0
    -27.53     -4.51     -0.08     -6.61      1.99  0.0  0.0  0.0  0.0  0.0
                                    t000272_s14_p2_el2ap.txt 11.0  4.7   52
  0.0  0.0  0.0  0.0  0.0  0.0  0.0  0.0  0.0  0.0  0.0  0.0  0.0  0.0  0.0
  0.0  0.0  0.0 19.2  0.0  0.0403.8115.4 38.5 76.9  0.0  0.0  0.0  0.0  0.0
  0.0  0.0  0.0  0.0  0.0 19.2  0.0  0.0  0.0  0.0  0.0  0.0  0.0 38.5 19.2
  0.0 19.2  0.0  0.0  0.0  0.0 38.5 57.7  0.0  0.0 38.5  0.0  0.0 96.2 19.2
  0.0  0.0  0.0  0.0  0.0  0.0  0.0  0.0  0.0  0.0  0.0  0.0  0.0  0.0  0.0
  0.0  0.0  0.0  0.0  0.0  0.0  0.0  0.0  0.0  0.0  0.0  0.0  0.0  0.0  0.0
  0.0  0.0  0.0  0.0  0.0  0.0  0.0  0.0  0.0  0.0  0.0  0.0  0.0  0.0  0.0
  0.0  0.0  0.0  0.0  0.0  0.0  0.0  0.0  0.0  0.0  0.0  0.0  0.0  0.0  0.0
  0.0  0.0  0.0  0.0  0.0  0.0  0.0  0.0  0.0  0.0  0.0 19.2  0.0  0.0  0.0
  0.0  0.0  0.0  0.0  0.0  0.0  0.0 38.5  0.0  0.0  0.0  0.0  0.0  0.0  0.0
    -24.43     -3.20     -0.12     -6.61     16.99  0.0  0.0  0.0  0.0  0.0
                                    t000272_s14_p3_el2ap.txt 18.3  4.8  109
  0.0  0.0  0.0  9.2  0.0  0.0  0.0  0.0  0.0  0.0  0.0  0.0  0.0  0.0  0.0
  0.0  0.0  0.0  9.2  0.0  0.0348.6 91.7 36.7100.9  0.0  0.0  0.0  0.0  0.0
  0.0  0.0  0.0  9.2  0.0 27.5  9.2  0.0  0.0  0.0  0.0  9.2  9.2 45.9  0.0
  0.0 18.3  0.0  0.0  0.0  0.0 27.5 45.9  0.0  0.0 45.9  0.0  0.0100.9  0.0
  0.0  0.0  0.0  0.0  0.0  0.0  0.0  0.0  0.0  0.0  0.0  0.0  0.0  0.0  0.0
  0.0  0.0  0.0  0.0  0.0  0.0  0.0  0.0  0.0  0.0  0.0  0.0  0.0  0.0  0.0
  0.0  0.0  9.2  0.0  0.0  0.0  0.0  0.0  0.0  0.0  0.0  0.0  0.0  0.0  0.0
  0.0  0.0  0.0  0.0  9.2  0.0  9.2  0.0  0.0  0.0  0.0  0.0  0.0  0.0  0.0
  0.0  0.0  0.0  0.0  0.0  0.0  0.0  0.0  9.2  0.0 18.3  9.2  9.2  9.2  0.0
  0.0  0.0  0.0  0.0  0.0  0.0  0.0 36.7  0.0  0.0  9.2  0.0  9.2  0.0  0.0
    -24.01     -2.41     -3.21     -2.94      9.06  0.0  0.0  0.0  0.0  0.0
                                    t000272_s14_p4_el2ap.txt  7.3  6.3   35
  0.0  0.0  0.0  0.0  0.0  0.0  0.0  0.0  0.0  0.0  0.0  0.0  0.0  0.0  0.0
  0.0  0.0  0.0  0.0  0.0  0.0542.9 28.6 57.1 57.1  0.0  0.0  0.0  0.0 28.6
  0.0  0.0  0.0  0.0  0.0  0.0  0.0  0.0  0.0  0.0  0.0  0.0  0.0  0.0 28.6
 28.6  0.0  0.0  0.0  0.0  0.0  0.0 57.1  0.0 28.6 57.1  0.0  0.0 85.7  0.0
  0.0  0.0  0.0  0.0  0.0  0.0  0.0  0.0  0.0  0.0  0.0  0.0  0.0  0.0  0.0
  0.0  0.0  0.0  0.0  0.0  0.0  0.0  0.0  0.0  0.0  0.0  0.0  0.0  0.0  0.0
  0.0  0.0  0.0  0.0  0.0  0.0  0.0  0.0  0.0  0.0  0.0  0.0  0.0  0.0  0.0
  0.0  0.0  0.0  0.0  0.0  0.0  0.0  0.0  0.0  0.0  0.0  0.0  0.0  0.0  0.0
  0.0  0.0  0.0  0.0  0.0  0.0  0.0  0.0  0.0  0.0 28.6  0.0  0.0  0.0  0.0
  0.0  0.0  0.0  0.0  0.0  0.0  0.0 57.1  0.0  0.0  0.0  0.0  0.0  0.0  0.0
    -33.85     -3.85     15.26     -6.61     27.57  0.0  0.0  0.0  0.0  0.0
                                    t000272_s14_p5_el2ap.txt 35.8  5.0  218
  0.0  0.0  0.0  9.2  0.0  0.0  0.0  0.0  0.0  4.6  0.0  0.0  0.0  0.0  0.0
  0.0  0.0  0.0  0.0  0.0  0.0454.1133.0 27.5 41.3  0.0  0.0  0.0  0.0  4.6
  0.0  0.0  0.0  0.0  0.0 13.8  0.0  0.0  0.0  0.0  0.0  0.0  0.0 27.5  9.2
  0.0  4.6  0.0  0.0  0.0  0.0  4.6 36.7  0.0  4.6 55.0  0.0  0.0 73.4  4.6
  4.6  0.0  0.0  0.0  0.0  0.0  0.0  0.0  0.0  0.0  0.0  0.0  0.0  0.0  0.0
  0.0  0.0  0.0  0.0  0.0  0.0  0.0  0.0  0.0  0.0  0.0  0.0  0.0  0.0  0.0
  0.0  0.0  0.0  0.0  0.0  0.0  0.0  0.0  0.0  0.0  0.0  0.0  0.0  0.0  0.0
  0.0  0.0  0.0  0.0  0.0  0.0  0.0  0.0  0.0  0.0  0.0  0.0  0.0  0.0  0.0
  0.0  0.0  0.0  0.0  0.0  0.0  0.0  0.0 18.3 13.8 13.8 22.9  9.2  0.0  0.0
  0.0  0.0  0.0  0.0  0.0  0.0  0.0 13.8  4.6  0.0  0.0  0.0 13.8  0.0  0.0
    -29.71     -4.37      2.49     -6.61      7.60  0.0  0.0  0.0  0.0  0.0
                                    t000272_s14_p6_el2ap.txt 30.5  4.9  217
  9.2  4.6  0.0  4.6  0.0  0.0  0.0  0.0  4.6  0.0  0.0  0.0  0.0  0.0  0.0
  0.0  0.0  0.0  4.6  0.0  0.0359.4152.1 27.6 59.9  0.0  0.0  0.0  0.0  0.0
  0.0  4.6  0.0  4.6  0.0 27.6  4.6  0.0  0.0  0.0  0.0  0.0  4.6 32.3  0.0
  9.2  0.0  0.0  0.0  0.0  0.0  9.2 41.5  0.0  0.0 50.7  4.6  0.0 92.2  4.6
  0.0  0.0  0.0  0.0  0.0  0.0  0.0  0.0  0.0  0.0  0.0  0.0  0.0  0.0  0.0
  0.0  0.0  0.0  0.0  0.0  0.0  0.0  0.0  0.0  0.0  0.0  0.0  0.0  0.0  0.0
  0.0  0.0  0.0  0.0  0.0  0.0  0.0  0.0  0.0  0.0  0.0  0.0  0.0  0.0  0.0
  0.0  0.0  0.0  0.0  0.0  0.0  0.0  0.0  0.0  0.0  0.0  0.0  0.0  0.0  0.0
  0.0  0.0  0.0  0.0  0.0  0.0  0.0  0.0 23.0  9.2  4.6 32.3 32.3 23.0  4.6
  4.6  0.0  0.0  4.6  0.0  4.6  0.0 23.0  4.6  0.0  0.0  4.6  9.2  0.0  0.0
    -25.22     -3.76     -0.21     -6.61      7.11  0.0  0.0  0.0  0.0  0.0
                                    t000272_s14_p7_el2ap.txt 15.0  5.2   96
  0.0  0.0  0.0 31.3  0.0  0.0  0.0  0.0  0.0 10.4  0.0  0.0  0.0  0.0  0.0
  0.0  0.0  0.0 10.4  0.0  0.0354.2135.4 41.7 41.7  0.0  0.0  0.0  0.0  0.0
  0.0  0.0  0.0  0.0  0.0  0.0 10.4 20.8  0.0  0.0  0.0  0.0  0.0  0.0  0.0
 20.8  0.0  0.0  0.0 10.4 20.8 10.4 20.8  0.0  0.0 52.1  0.0  0.0114.6 10.4
 20.8  0.0  0.0  0.0  0.0  0.0  0.0  0.0  0.0  0.0  0.0  0.0  0.0  0.0  0.0
  0.0  0.0  0.0  0.0  0.0  0.0  0.0  0.0  0.0 10.4  0.0  0.0  0.0  0.0  0.0
  0.0  0.0  0.0  0.0  0.0  0.0  0.0 10.4  0.0  0.0 10.4  0.0  0.0  0.0  0.0
  0.0 10.4  0.0 10.4  0.0 10.4 10.4 10.4  0.0  0.0  0.0  0.0  0.0  0.0  0.0
  0.0  0.0  0.0  0.0  0.0  0.0  0.0  0.0 10.4 41.7 10.4  0.0 52.1  0.0  0.0
  0.0  0.0  0.0 20.8  0.0  0.0  0.0 20.8 10.4 20.8 31.3  0.0  0.0  0.0  0.0
    -24.66     -4.36      0.97     -1.64      3.09  0.0  0.0  0.0  0.0  0.0
                                    t000272_s14_p8_el2ap.txt 13.8  5.3   70
  0.0  0.0  0.0  0.0  0.0  0.0  0.0  0.0  0.0  0.0  0.0  0.0  0.0  0.0  0.0
  0.0  0.0  0.0  0.0  0.0  0.0385.7142.9 14.3 85.7  0.0  0.0 14.3  0.0  0.0
  0.0  0.0  0.0  0.0  0.0 14.3  0.0  0.0  0.0  0.0  0.0  0.0  0.0 71.4  0.0
 14.3  0.0  0.0  0.0  0.0  0.0  0.0 85.7  0.0  0.0 14.3  0.0  0.0114.3 14.3
  0.0  0.0  0.0  0.0  0.0  0.0  0.0  0.0  0.0  0.0  0.0  0.0  0.0  0.0  0.0
  0.0  0.0  0.0  0.0  0.0  0.0  0.0  0.0  0.0  0.0  0.0  0.0  0.0  0.0  0.0
  0.0  0.0  0.0  0.0  0.0  0.0  0.0  0.0  0.0  0.0  0.0  0.0  0.0  0.0  0.0
  0.0  0.0  0.0  0.0  0.0  0.0  0.0  0.0  0.0  0.0  0.0  0.0  0.0  0.0  0.0
  0.0  0.0  0.0  0.0  0.0  0.0  0.0  0.0 14.3 14.3 28.6  0.0 14.3  0.0  0.0
  0.0  0.0  0.0  0.0  0.0 14.3  0.0 71.4 28.6  0.0  0.0  0.0  0.0  0.0  0.0
    -29.08     -0.26      0.16     -6.61     11.80  0.0  0.0  0.0  0.0  0.0
                                    t000272_s14_p9_el2ap.txt 15.0  5.0   80
  0.0  0.0  0.0  0.0  0.0  0.0  0.0  0.0  0.0  0.0  0.0  0.0  0.0  0.0  0.0
  0.0  0.0  0.0  0.0  0.0  0.0375.0162.5 12.5 87.5  0.0  0.0 12.5  0.0  0.0
  0.0  0.0  0.0 12.5  0.0 12.5  0.0  0.0  0.0  0.0  0.0  0.0  0.0 37.5 25.0
 12.5  0.0  0.0  0.0  0.0  0.0  0.0 75.0  0.0  0.0 12.5  0.0  0.0100.0  0.0
  0.0  0.0  0.0  0.0  0.0  0.0  0.0  0.0  0.0  0.0  0.0  0.0  0.0  0.0  0.0
  0.0  0.0  0.0  0.0  0.0  0.0  0.0  0.0  0.0  0.0  0.0  0.0  0.0  0.0  0.0
  0.0  0.0  0.0  0.0  0.0  0.0  0.0  0.0  0.0  0.0  0.0  0.0  0.0  0.0  0.0
  0.0  0.0  0.0  0.0  0.0  0.0  0.0  0.0  0.0  0.0  0.0  0.0  0.0  0.0  0.0
  0.0  0.0  0.0  0.0  0.0  0.0  0.0  0.0 12.5  0.0 12.5 12.5 12.5 12.5  0.0
  0.0  0.0  0.0  0.0  0.0 12.5  0.0 37.5 25.0 25.0  0.0  0.0  0.0 12.5  0.0
    -28.85     -0.53     -3.31     -6.61     25.32  0.0  0.0  0.0  0.0  0.0
                                    t000272_s19_p1_el2ap.txt  7.0  5.1   33
 60.6  0.0  0.0 30.3  0.0  0.0  0.0  0.0 30.3 30.3  0.0  0.0  0.0  0.0  0.0
  0.0  0.0  0.0  0.0  0.0  0.0242.4121.2 60.6 60.6  0.0  0.0  0.0  0.0  0.0
  0.0  0.0  0.0  0.0  0.0 30.3 30.3  0.0  0.0  0.0  0.0  0.0  0.0  0.0  0.0
  0.0  0.0 30.3  0.0 60.6  0.0  0.0  0.0  0.0  0.0181.8 30.3  0.0121.2  0.0
  0.0  0.0  0.0  0.0  0.0  0.0  0.0  0.0  0.0  0.0  0.0  0.0  0.0  0.0  0.0
  0.0  0.0  0.0  0.0  0.0 30.3  0.0  0.0  0.0 30.3  0.0  0.0  0.0  0.0  0.0
  0.0  0.0  0.0  0.0  0.0  0.0  0.0 30.3  0.0  0.0  0.0  0.0  0.0  0.0  0.0
 30.3 30.3  0.0 60.6  0.0 30.3 30.3  0.0  0.0  0.0  0.0  0.0  0.0  0.0  0.0
  0.0  0.0  0.0  0.0  0.0  0.0  0.0  0.0  0.0 30.3 30.3 30.3  0.0  0.0  0.0
  0.0  0.0  0.0  0.0  0.0  0.0  0.0 30.3  0.0 30.3  0.0  0.0 30.3  0.0  0.0
    -14.04     -3.73     -0.75     -6.61     -3.63  0.0  0.0  0.0  0.0  0.0
                                    t000272_s19_p2_el2ap.txt  7.0  5.7   34
 58.8  0.0  0.0117.6  0.0  0.0  0.0  0.0  0.0 29.4  0.0  0.0  0.0  0.0  0.0
  0.0  0.0  0.0  0.0  0.0  0.0382.4147.1 29.4  0.0  0.0  0.0  0.0  0.0  0.0
  0.0  0.0  0.0  0.0  0.0  0.0  0.0  0.0  0.0  0.0  0.0  0.0  0.0  0.0  0.0
 29.4 29.4  0.0  0.0 29.4  0.0 29.4 29.4  0.0  0.0 58.8  0.0  0.0117.6  0.0
  0.0  0.0  0.0  0.0  0.0  0.0  0.0  0.0  0.0  0.0  0.0  0.0  0.0  0.0  0.0
  0.0  0.0  0.0  0.0  0.0  0.0  0.0  0.0  0.0  0.0  0.0  0.0  0.0  0.0  0.0
  0.0  0.0  0.0  0.0  0.0  0.0  0.0  0.0  0.0  0.0  0.0  0.0  0.0  0.0  0.0
  0.0  0.0  0.0  0.0  0.0  0.0  0.0  0.0  0.0  0.0  0.0  0.0  0.0  0.0  0.0
  0.0  0.0  0.0  0.0  0.0  0.0  0.0  0.0  0.0  0.0  0.0  0.0  0.0  0.0  0.0
  0.0  0.0  0.0  0.0  0.0  0.0  0.0 58.8  0.0 29.4  0.0  0.0  0.0  0.0  0.0
    -17.78     -5.73      0.97     -6.61      5.86  0.0  0.0  0.0  0.0  0.0
                                    t000272_s19_p3_el2ap.txt 11.8  5.2   60
  0.0  0.0  0.0 33.3  0.0  0.0  0.0  0.0 16.7  0.0  0.0  0.0  0.0  0.0  0.0
  0.0  0.0  0.0  0.0  0.0  0.0366.7150.0 66.7 33.3  0.0  0.0  0.0  0.0 16.7
  0.0  0.0  0.0  0.0  0.0  0.0  0.0  0.0  0.0  0.0  0.0  0.0  0.0 33.3  0.0
  0.0  0.0  0.0  0.0  0.0  0.0  0.0 33.3  0.0 16.7100.0 16.7  0.0 66.7  0.0
  0.0  0.0  0.0  0.0  0.0  0.0  0.0  0.0  0.0  0.0  0.0  0.0  0.0  0.0  0.0
  0.0  0.0  0.0  0.0  0.0  0.0  0.0  0.0  0.0  0.0  0.0  0.0  0.0  0.0  0.0
  0.0  0.0  0.0  0.0  0.0  0.0  0.0  0.0  0.0  0.0  0.0  0.0  0.0  0.0  0.0
  0.0  0.0  0.0  0.0  0.0  0.0  0.0  0.0  0.0  0.0  0.0  0.0  0.0  0.0  0.0
  0.0  0.0  0.0  0.0  0.0  0.0  0.0  0.0 16.7  0.0 33.3 16.7  0.0 16.7  0.0
  0.0 16.7  0.0  0.0  0.0  0.0  0.0  0.0  0.0 33.3  0.0  0.0  0.0  0.0  0.0
    -29.95     -4.63      9.31     -6.61      1.42  0.0  0.0  0.0  0.0  0.0
                                    t000272_s19_p4_el2ap.txt  9.3  4.5   52
 19.2  0.0  0.0 38.5  0.0  0.0  0.0  0.0  0.0  0.0  0.0  0.0  0.0  0.0  0.0
  0.0  0.0  0.0  0.0  0.0  0.0403.8 76.9 57.7 19.2  0.0  0.0  0.0  0.0 19.2
  0.0  0.0  0.0  0.0  0.0  0.0  0.0  0.0  0.0  0.0  0.0  0.0  0.0  0.0  0.0
 19.2  0.0  0.0  0.0  0.0  0.0  0.0 19.2  0.0 19.2 76.9  0.0 38.5 76.9  0.0
  0.0  0.0  0.0  0.0  0.0  0.0  0.0  0.0  0.0  0.0  0.0  0.0  0.0  0.0  0.0
  0.0  0.0  0.0  0.0  0.0  0.0  0.0  0.0  0.0  0.0  0.0  0.0  0.0  0.0  0.0
  0.0  0.0  0.0  0.0  0.0  0.0  0.0  0.0  0.0  0.0  0.0  0.0  0.0  0.0  0.0
  0.0  0.0  0.0  0.0  0.0  0.0  0.0  0.0  0.0  0.0  0.0  0.0  0.0  0.0  0.0
  0.0  0.0  0.0  0.0  0.0  0.0  0.0  0.0  0.0  0.0 19.2 19.2 19.2 38.5  0.0
  0.0  0.0  0.0  0.0  0.0  0.0  0.0 19.2  0.0  0.0  0.0  0.0  0.0  0.0  0.0
    -24.44     -5.10     10.59     -6.61      2.58  0.0  0.0  0.0  0.0  0.0
                                    t000272_s19_p5_el2ap.txt  6.5  3.8   31
  0.0  0.0  0.0 64.5  0.0  0.0  0.0  0.0  0.0  0.0  0.0  0.0  0.0  0.0  0.0
  0.0  0.0 32.3  0.0  0.0  0.0387.1161.3  0.0  0.0  0.0 32.3  0.0  0.0  0.0
  0.0  0.0  0.0  0.0  0.0  0.0  0.0  0.0  0.0  0.0  0.0  0.0  0.0 32.3  0.0
  0.0  0.0  0.0  0.0  0.0 32.3  0.0 32.3  0.0  0.0 32.3  0.0  0.0 64.5  0.0
  0.0  0.0  0.0  0.0  0.0  0.0  0.0  0.0  0.0  0.0  0.0  0.0  0.0  0.0  0.0
  0.0  0.0  0.0  0.0  0.0  0.0  0.0  0.0  0.0  0.0  0.0  0.0  0.0  0.0  0.0
  0.0  0.0  0.0  0.0  0.0  0.0  0.0  0.0  0.0  0.0  0.0  0.0  0.0  0.0  0.0
  0.0  0.0  0.0  0.0  0.0  0.0  0.0  0.0  0.0  0.0  0.0  0.0  0.0  0.0  0.0
  0.0  0.0  0.0  0.0  0.0  0.0  0.0  0.0  0.0  0.0  0.0 32.3  0.0  0.0  0.0
  0.0  0.0  0.0  0.0  0.0  0.0  0.0 32.3  0.0  0.0  0.0  0.0  0.0  0.0  0.0
    -14.36      0.48      0.97     -6.61      1.26  0.0  0.0  0.0  0.0  0.0
                                     t000272_s2_p1_el2ap.txt  7.0  5.5   33
 30.3 30.3  0.0 60.6  0.0  0.0  0.0  0.0  0.0  0.0  0.0  0.0  0.0  0.0  0.0
  0.0  0.0  0.0  0.0  0.0  0.0454.5151.5 30.3 30.3  0.0  0.0 30.3  0.0  0.0
  0.0  0.0  0.0  0.0  0.0 60.6  0.0  0.0  0.0  0.0  0.0  0.0  0.0  0.0  0.0
  0.0  0.0  0.0  0.0  0.0  0.0  0.0  0.0  0.0  0.0 30.3  0.0  0.0121.2 30.3
  0.0  0.0  0.0  0.0  0.0  0.0  0.0  0.0  0.0  0.0  0.0  0.0  0.0  0.0  0.0
  0.0  0.0  0.0  0.0  0.0  0.0 30.3  0.0  0.0  0.0  0.0  0.0  0.0  0.0  0.0
  0.0  0.0  0.0  0.0  0.0  0.0  0.0  0.0  0.0  0.0  0.0  0.0  0.0  0.0  0.0
 30.3  0.0  0.0 30.3  0.0  0.0  0.0  0.0  0.0  0.0  0.0  0.0  0.0  0.0  0.0
  0.0  0.0  0.0  0.0  0.0  0.0  0.0  0.0 30.3  0.0 30.3 30.3  0.0  0.0  0.0
  0.0  0.0  0.0  0.0  0.0  0.0  0.0  0.0 60.6 30.3  0.0  0.0 30.3  0.0  0.0
    -20.86      0.88     -2.47     -6.61     -3.63  0.0  0.0  0.0  0.0  0.0
                                     t000272_s4_p1_el2ap.txt 11.3  5.4   57
 17.5  0.0  0.0 35.1  0.0  0.0  0.0  0.0  0.0  0.0  0.0  0.0  0.0  0.0  0.0
  0.0  0.0 17.5  0.0  0.0  0.0350.9210.5122.8 52.6  0.0  0.0  0.0  0.0  0.0
  0.0  0.0  0.0  0.0  0.0  0.0  0.0  0.0  0.0  0.0  0.0  0.0  0.0  0.0  0.0
  0.0  0.0  0.0  0.0  0.0 17.5  0.0  0.0  0.0  0.0122.8  0.0  0.0 70.2  0.0
 17.5  0.0  0.0  0.0  0.0  0.0  0.0  0.0  0.0  0.0  0.0  0.0  0.0  0.0  0.0
  0.0  0.0  0.0  0.0  0.0  0.0  0.0  0.0  0.0  0.0  0.0  0.0  0.0  0.0  0.0
  0.0  0.0  0.0  0.0  0.0  0.0  0.0  0.0  0.0  0.0  0.0  0.0  0.0  0.0  0.0
  0.0  0.0  0.0  0.0  0.0  0.0  0.0  0.0  0.0  0.0  0.0  0.0  0.0  0.0  0.0
  0.0  0.0  0.0  0.0  0.0  0.0  0.0  0.0 35.1  0.0 17.5 17.5 17.5  0.0  0.0
  0.0 35.1  0.0  0.0  0.0  0.0 17.5 17.5  0.0 17.5  0.0  0.0 17.5  0.0  0.0
    -29.14     -4.00      0.97     -6.61     -3.63  0.0  0.0  0.0  0.0  0.0
                                     t000272_s5_p1_el2ap.txt 30.0  5.2  202
  9.9  0.0  0.0 74.3  0.0  0.0  5.0  0.0  0.0 24.8  0.0  0.0  0.0  0.0  0.0
  0.0  0.0  9.9 14.9  0.0  0.0292.1128.7 84.2  9.9  0.0  5.0  0.0  0.0  9.9
  0.0  5.0  0.0  0.0  0.0 29.7  5.0  0.0  0.0  0.0  5.0  0.0 24.8  9.9  5.0
 14.9  5.0  9.9  5.0 19.8 14.9 24.8 29.7  0.0  9.9118.8  0.0  5.0104.0  0.0
  9.9  0.0  0.0  0.0  0.0  0.0  0.0  0.0  0.0  0.0  0.0  0.0  0.0  0.0  0.0
  0.0  0.0  0.0  0.0  0.0  9.9  0.0  0.0  0.0  0.0  0.0  0.0  5.0  0.0  0.0
  0.0  0.0  0.0  0.0  0.0  0.0  0.0  0.0  5.0  0.0  0.0  0.0  0.0  0.0  0.0
  9.9  0.0  5.0 14.9  0.0  5.0  5.0  0.0  0.0  0.0  0.0  0.0  0.0  0.0  0.0
  0.0  0.0  0.0  0.0  0.0  0.0  0.0  9.9 29.7  5.0  0.0  9.9  9.9  5.0  5.0
  0.0  0.0  0.0  0.0  5.0  0.0  9.9 14.9  5.0  0.0  0.0  0.0  5.0  0.0  0.0
    -15.86     -4.45      6.07     -4.25     21.94  0.0  5.0  0.0  0.0  0.0
                                     t000272_s5_p2_el2ap.txt 24.8  4.8  151
  6.6  0.0  0.0 59.6  0.0  0.0  0.0  0.0  0.0 13.2  0.0  0.0  0.0  0.0  0.0
  0.0  0.0  0.0  0.0  6.6  0.0211.9152.3 66.2 26.5  0.0  0.0 13.2  0.0  6.6
  0.0  0.0  0.0  0.0  0.0 33.1  6.6  0.0  0.0  0.0  0.0  6.6  6.6 13.2 13.2
 13.2  0.0 13.2  0.0 33.1  0.0  0.0 39.7  6.6  6.6125.8  0.0  0.0119.2  0.0
  0.0  0.0  0.0  0.0  0.0  0.0  0.0  0.0  0.0  0.0  0.0  0.0  0.0  0.0  0.0
  0.0  0.0  0.0  0.0  6.6  0.0  6.6  0.0  0.0  0.0  0.0  0.0  0.0  0.0  0.0
  0.0  0.0  0.0  0.0  0.0  0.0  0.0  0.0  0.0  0.0  0.0  0.0  0.0  0.0  0.0
 13.2  0.0  0.0 13.2  0.0  0.0  0.0  0.0  0.0  0.0  0.0  0.0  0.0  0.0  0.0
  0.0  0.0  0.0  0.0  0.0  0.0  0.0  0.0 26.5  6.6 13.2 13.2  6.6  0.0  0.0
  0.0  6.6  6.6  0.0  0.0  0.0 19.9 13.2  6.6 19.9  0.0  0.0 13.2  0.0  0.0
    -15.22     -2.40      2.40     -3.96     16.98  0.0  0.0  0.0  0.0  0.0
                                     t000272_s5_p3_el2ap.txt 29.3  5.2  276
 18.1  0.0  0.0 54.3  0.0  0.0 14.5  0.0  7.2  3.6  0.0  3.6  0.0  0.0  0.0
  0.0  0.0  7.2  7.2  0.0  0.0311.6130.4 25.4 47.1  7.2  3.6  3.6  0.0  7.2
  3.6  0.0  0.0  0.0  0.0 36.2  7.2  0.0  0.0  0.0  3.6  3.6 10.9 21.7  0.0
  7.2  3.6  7.2  7.2 10.9 10.9 14.5 29.0  0.0 10.9 43.5 14.5  0.0112.3  0.0
  3.6  0.0  0.0  0.0  0.0  0.0  0.0  0.0  0.0  0.0  0.0  0.0  0.0  0.0  0.0
  0.0  0.0  0.0  0.0  0.0  7.2  0.0  0.0  0.0  3.6  0.0  0.0  3.6  0.0  0.0
  0.0  0.0  0.0  3.6  0.0  0.0  0.0  3.6  0.0  0.0  0.0  0.0  0.0  7.2  0.0
  7.2  3.6  3.6 14.5  3.6  3.6  7.2  7.2  0.0  0.0  0.0  0.0  0.0  0.0  0.0
  0.0  0.0  0.0  0.0  0.0  0.0  0.0  0.0 14.5  3.6 18.1  7.2  3.6 10.9  3.6
  0.0  0.0  0.0  0.0  0.0  7.2  7.2 21.7  3.6 29.0  0.0  3.6 10.9  0.0  0.0
    -14.04     -2.49      5.83     -3.43      8.80  0.0  0.0  0.0  0.0  0.0
                                     t000272_s5_p4_el2ap.txt 26.3  4.6  198
 10.1  0.0  0.0 55.6  0.0  0.0  0.0  0.0  0.0  0.0  0.0  0.0  0.0  0.0  0.0
  5.1  0.0 10.1  0.0  0.0  0.0318.2161.6 35.4 25.3  0.0  0.0  0.0  0.0  5.1
  0.0  0.0  0.0  0.0  0.0 15.2  0.0  0.0  0.0  0.0  0.0  0.0  5.1 25.3  0.0
  5.1  0.0  5.1  5.1  0.0 10.1  0.0 30.3  0.0  5.1 50.5  0.0  0.0 90.9  5.1
  5.1  0.0  0.0  0.0  0.0  0.0  0.0  0.0  0.0  0.0  0.0  0.0  0.0  0.0  0.0
  0.0  0.0  0.0  0.0  0.0  0.0  5.1  0.0  0.0  0.0  0.0  0.0  0.0  0.0  0.0
  0.0  0.0  0.0  0.0  0.0  0.0  0.0  0.0  0.0  0.0  0.0  0.0  0.0  0.0  0.0
  5.1  0.0  0.0  5.1  0.0  0.0  0.0  0.0  0.0  0.0  0.0  0.0  0.0  0.0  0.0
  0.0  0.0  0.0  0.0  0.0  0.0  0.0  0.0  0.0  0.0 35.4 20.2 25.3 15.2  0.0
  0.0  0.0  0.0  0.0  0.0 10.1  0.0 20.2  0.0 15.2  0.0  0.0 10.1  0.0  0.0
    -19.88     -4.90      2.64     -6.61      4.99  0.0  0.0  0.0  0.0  0.0
                                     t000272_s5_p5_el2ap.txt 22.0  4.9  139
 21.6  0.0  0.0 71.9  0.0  0.0  7.2  0.0  0.0  0.0  0.0  0.0  0.0  0.0  0.0
  0.0  0.0  7.2  0.0  0.0  0.0259.0136.7 50.4 28.8  0.0  0.0  0.0  0.0 14.4
  0.0  0.0  0.0  0.0  0.0 64.7  0.0  0.0  0.0  0.0  0.0  0.0 21.6  7.2  0.0
  0.0 21.6  0.0  0.0  7.2  7.2 21.6  7.2  0.0 14.4 86.3  0.0  0.0 93.5  0.0
  0.0  0.0  0.0  0.0  0.0  0.0  0.0  0.0  0.0  0.0  0.0  0.0  0.0  0.0  0.0
  0.0  0.0  0.0  0.0  0.0  0.0  0.0  0.0  0.0  0.0  0.0  0.0  0.0  0.0  0.0
  0.0  0.0  0.0  0.0  0.0  0.0  0.0  0.0  0.0  0.0  0.0  0.0  0.0 14.4  0.0
  0.0  0.0  0.0  0.0  0.0  0.0  0.0 14.4  0.0  0.0  0.0  0.0  0.0  0.0  0.0
  0.0  0.0  0.0  0.0  0.0  0.0  0.0  0.0  0.0  0.0 14.4  7.2 14.4  0.0  0.0
  0.0  0.0  0.0  0.0  0.0  7.2  0.0 21.6  0.0 14.4  0.0 14.4  7.2  7.2  0.0
    -18.61     -4.78      4.49     -6.61     10.95  0.0  0.0  0.0  0.0  0.0
                                     t000272_s5_p6_el2ap.txt 13.0  4.7   68
 14.7  0.0  0.0 73.5  0.0  0.0 14.7  0.0  0.0 14.7  0.0  0.0  0.0  0.0 14.7
  0.0  0.0 14.7  0.0  0.0  0.0250.0102.9 44.1  0.0  0.0  0.0  0.0  0.0 14.7
  0.0  0.0  0.0  0.0  0.0 29.4  0.0  0.0  0.0  0.0  0.0  0.0  0.0 14.7  0.0
  0.0  0.0  0.0 29.4  0.0 14.7  0.0 14.7  0.0 14.7 73.5  0.0  0.0 73.5  0.0
  0.0  0.0  0.0  0.0  0.0  0.0  0.0  0.0  0.0  0.0  0.0  0.0  0.0  0.0  0.0
  0.0  0.0  0.0  0.0  0.0  0.0  0.0  0.0  0.0  0.0  0.0  0.0  0.0  0.0  0.0
  0.0  0.0  0.0  0.0  0.0  0.0  0.0  0.0  0.0  0.0  0.0  0.0  0.0  0.0  0.0
  0.0  0.0  0.0  0.0  0.0  0.0  0.0  0.0  0.0  0.0  0.0  0.0  0.0  0.0  0.0
  0.0  0.0  0.0  0.0  0.0  0.0  0.0  0.0  0.0  0.0 14.7 14.7  0.0  0.0  0.0
  0.0  0.0  0.0  0.0  0.0 14.7  0.0 14.7  0.0  0.0  0.0 14.7 14.7  0.0  0.0
      0.37     -5.73      6.66     -6.61     -1.40  0.0  0.0  0.0  0.0  0.0
                                     t000272_s5_p7_el2ap.txt 12.5  5.1   72
 41.7  0.0  0.0 83.3  0.0  0.0  0.0  0.0  0.0 13.9  0.0  0.0  0.0  0.0  0.0
  0.0  0.0  0.0  0.0  0.0  0.0347.2 97.2 27.8 55.6 13.9  0.0  0.0  0.0  0.0
  0.0  0.0  0.0  0.0  0.0 55.6 13.9  0.0 13.9  0.0  0.0  0.0 13.9  0.0  0.0
  0.0 27.8 13.9  0.0 13.9  0.0 27.8  0.0  0.0  0.0 41.7 13.9 13.9152.8  0.0
  0.0  0.0  0.0  0.0  0.0  0.0  0.0  0.0  0.0  0.0  0.0  0.0  0.0  0.0  0.0
  0.0  0.0  0.0  0.0  0.0  0.0 13.9  0.0  0.0 13.9  0.0  0.0  0.0  0.0  0.0
  0.0  0.0  0.0  0.0  0.0  0.0  0.0 13.9  0.0  0.0  0.0  0.0  0.0  0.0  0.0
 13.9 13.9  0.0 27.8  0.0 13.9 13.9  0.0  0.0  0.0  0.0  0.0  0.0  0.0  0.0
  0.0  0.0  0.0  0.0  0.0  0.0  0.0  0.0  0.0  0.0 13.9  0.0 13.9 27.8  0.0
  0.0  0.0  0.0  0.0  0.0  0.0  0.0  0.0  0.0 41.7 13.9  0.0  0.0 13.9  0.0
    -18.03     -3.28     -2.18     -2.12      5.05  0.0  0.0  0.0  0.0  0.0
                                     t000272_s8_p1_el2ap.txt 16.0  5.4   82
  0.0  0.0  0.0 61.0  0.0  0.0  0.0 12.2  0.0  0.0  0.0  0.0  0.0  0.0  0.0
  0.0  0.0  0.0  0.0  0.0  0.0304.9122.0 97.6  0.0  0.0 12.2  0.0 12.2 12.2
  0.0  0.0  0.0  0.0  0.0 36.6 12.2  0.0  0.0  0.0  0.0  0.0 12.2 12.2  0.0
  0.0  0.0  0.0  0.0  0.0  0.0  0.0 12.2  0.0 24.4122.0  0.0  0.0 73.2 12.2
  0.0  0.0  0.0  0.0  0.0  0.0  0.0  0.0  0.0  0.0  0.0  0.0  0.0  0.0  0.0
  0.0  0.0  0.0  0.0  0.0  0.0  0.0  0.0  0.0  0.0  0.0  0.0  0.0  0.0  0.0
  0.0  0.0 12.2  0.0  0.0  0.0  0.0  0.0  0.0  0.0 12.2  0.0  0.0  0.0  0.0
  0.0  0.0  0.0  0.0 12.2  0.0 12.2 12.2  0.0  0.0  0.0  0.0  0.0  0.0  0.0
  0.0  0.0  0.0  0.0  0.0  0.0  0.0  0.0 24.4  0.0  0.0  0.0 12.2  0.0  0.0
  0.0 24.4 12.2  0.0  0.0  0.0 12.2  0.0  0.0 24.4  0.0 36.6 12.2  0.0  0.0
    -26.04     -3.38     12.17     -6.61      5.84  0.0  0.0  0.0  0.0  0.0
                                     t000272_s8_p2_el2ap.txt 30.0  5.4  194
  0.0  0.0  0.0 51.5  0.0  0.0  0.0  5.2  0.0 10.3  0.0  0.0  0.0  0.0  0.0
  0.0  0.0 10.3  0.0  0.0  0.0371.1 67.0 30.9  5.2  0.0  0.0  0.0  5.2  5.2
  0.0  0.0  0.0  0.0  0.0 25.8 10.3  0.0  0.0  0.0  0.0  5.2 10.3 15.5  0.0
  5.2  5.2  5.2  5.2  5.2 10.3  5.2 20.6  0.0 10.3 41.2  0.0  0.0 87.6  5.2
  0.0  0.0  0.0  0.0  0.0  0.0  0.0  0.0  0.0  0.0  0.0  0.0  0.0  0.0  0.0
  0.0  0.0  0.0  0.0  0.0  0.0  0.0  0.0  0.0  0.0  0.0  0.0  0.0  0.0  0.0
  0.0  0.0  0.0  0.0  0.0  0.0  0.0  0.0  5.2  0.0  0.0  0.0  0.0  0.0  0.0
  0.0  0.0  0.0  0.0  0.0  5.2  5.2  0.0  0.0  0.0  0.0  0.0  0.0  0.0  0.0
  0.0  0.0  0.0  0.0  0.0  0.0  0.0  0.0  5.2  0.0 10.3 30.9 10.3  5.2  0.0
  0.0  0.0  0.0  0.0  0.0  5.2  5.2 10.3  0.0  0.0  5.2  5.2  0.0  0.0  0.0
    -19.86     -5.56      5.12     -4.54      6.82  0.0  0.0  0.0  0.0  0.0
                                     t000272_s8_p3_el2ap.txt 22.8  4.8  160
  0.0  0.0  0.0 31.3  0.0  0.0  0.0  0.0  0.0  0.0  0.0  0.0  0.0  0.0  0.0
  0.0  0.0  0.0  0.0  0.0  0.0356.3106.3 18.8  6.3  0.0 12.5  0.0  0.0  0.0
  0.0  0.0  0.0  0.0  0.0  0.0  6.3  0.0  0.0  0.0  0.0  0.0  0.0 18.8  0.0
  0.0  0.0  0.0  0.0  6.3  0.0  0.0 18.8  0.0  0.0 31.3  0.0  0.0 50.0  0.0
  0.0  0.0  0.0  0.0  0.0  0.0  0.0  0.0  0.0  0.0  0.0  0.0  0.0  0.0  0.0
  0.0  0.0  0.0  0.0  0.0  0.0  0.0  0.0  0.0  0.0  0.0  0.0  0.0  0.0  0.0
  0.0  0.0  0.0  0.0  0.0  0.0  0.0  0.0  0.0  0.0  0.0  0.0  0.0  0.0  0.0
  0.0  0.0  0.0  0.0  0.0  0.0  0.0  0.0  0.0  0.0  0.0  0.0  0.0  0.0  0.0
  0.0  0.0  0.0  0.0  0.0  0.0  0.0  0.0  0.0  0.0 25.0  6.3  0.0  6.3  0.0
  0.0  0.0  0.0  0.0  0.0  6.3  0.0 18.8  0.0  6.3  0.0  0.0  0.0  0.0  0.0
    -24.98     -3.12      0.97     -6.61     -0.79  0.0  0.0  0.0  0.0  0.0
                                     t000272_s8_p4_el2ap.txt  7.3  5.8   36
  0.0  0.0  0.0  0.0  0.0  0.0  0.0  0.0  0.0 27.8  0.0  0.0  0.0  0.0  0.0
  0.0  0.0  0.0 27.8  0.0  0.0416.7138.9 55.6 55.6  0.0  0.0  0.0  0.0  0.0
  0.0  0.0  0.0  0.0  0.0  0.0 27.8  0.0  0.0  0.0  0.0  0.0  0.0  0.0  0.0
  0.0  0.0  0.0  0.0  0.0  0.0 27.8  0.0  0.0  0.0 55.6  0.0  0.0 55.6  0.0
  0.0  0.0  0.0  0.0  0.0  0.0  0.0  0.0  0.0  0.0  0.0  0.0  0.0  0.0  0.0
  0.0  0.0  0.0  0.0  0.0  0.0  0.0  0.0  0.0  0.0  0.0  0.0  0.0  0.0  0.0
  0.0  0.0  0.0  0.0  0.0  0.0  0.0  0.0  0.0  0.0  0.0  0.0  0.0  0.0  0.0
  0.0  0.0  0.0  0.0  0.0  0.0  0.0  0.0  0.0  0.0  0.0  0.0  0.0  0.0  0.0
  0.0  0.0  0.0  0.0  0.0  0.0  0.0  0.0 55.6  0.0 55.6  0.0 27.8  0.0  0.0
  0.0  0.0  0.0  0.0  0.0  0.0 27.8 27.8  0.0  0.0  0.0  0.0  0.0  0.0  0.0
    -23.52     -3.90      0.97     -6.61     -3.63  0.0  0.0  0.0  0.0  0.0
                                     t000273_s1_p1_el2ap.txt 20.3  5.2  130
  7.7  0.0  0.0 61.5  0.0  0.0  0.0  0.0  7.7 15.4  0.0  0.0  0.0  0.0  0.0
  0.0  0.0  0.0  7.7  0.0  0.0376.9146.2 69.2  7.7  0.0 30.8  0.0  0.0  0.0
  7.7  7.7  0.0  0.0  7.7  0.0  0.0  0.0  0.0  0.0  0.0  0.0  0.0  0.0  0.0
  0.0  0.0  0.0  0.0  7.7  0.0 15.4  0.0  0.0  7.7100.0  7.7  0.0 76.9  7.7
  0.0  0.0  0.0  0.0  0.0  0.0  0.0  0.0  0.0  0.0  0.0  0.0  0.0  0.0  0.0
  0.0  0.0  0.0  0.0  0.0  0.0  0.0  0.0  0.0  0.0  0.0  0.0  0.0  0.0  0.0
  0.0  0.0  0.0  0.0  0.0  0.0  0.0  0.0  0.0  0.0  0.0  0.0  0.0  0.0  0.0
  0.0  0.0  0.0  0.0  0.0  0.0  0.0  0.0  0.0  0.0  0.0  0.0  0.0  0.0  0.0
  0.0  0.0  0.0  0.0  0.0  0.0  0.0  0.0  0.0  0.0 92.3  0.0  0.0  0.0  0.0
  0.0  0.0  0.0  0.0  0.0  0.0  0.0  7.7  0.0  7.7  0.0  0.0  7.7  0.0  0.0
    -25.19      0.44      8.55     -6.61     -3.63  7.7  7.7  0.0  0.0  0.0
                                    t000273_s13_p1_el2ap.txt 15.0  5.4   81
 12.3  0.0  0.0 24.7  0.0  0.0  0.0  0.0  0.0  0.0  0.0  0.0  0.0  0.0  0.0
  0.0  0.0  0.0 12.3  0.0  0.0407.4172.8 98.8 12.3  0.0  0.0  0.0  0.0  0.0
  0.0 12.3  0.0  0.0  0.0 12.3  0.0  0.0  0.0  0.0  0.0  0.0  0.0  0.0  0.0
  0.0  0.0  0.0  0.0  0.0  0.0 24.7  0.0  0.0  0.0 98.8  0.0  0.0 74.1 12.3
  0.0  0.0  0.0  0.0  0.0  0.0  0.0  0.0  0.0  0.0  0.0  0.0  0.0  0.0  0.0
  0.0  0.0  0.0  0.0  0.0  0.0  0.0  0.0  0.0  0.0  0.0  0.0  0.0  0.0  0.0
  0.0  0.0  0.0  0.0  0.0  0.0  0.0  0.0  0.0  0.0  0.0  0.0  0.0  0.0  0.0
  0.0  0.0  0.0  0.0  0.0  0.0  0.0  0.0  0.0  0.0  0.0  0.0  0.0  0.0  0.0
  0.0  0.0  0.0  0.0  0.0  0.0  0.0  0.0 12.3  0.0 86.4 12.3  0.0  0.0  0.0
 12.3  0.0  0.0  0.0  0.0 12.3 12.3 24.7  0.0 12.3  0.0  0.0  0.0  0.0  0.0
    -31.29     -5.32      4.84     -6.61     -3.63 12.3  0.0  0.0  0.0  0.0
                                    t000273_s13_p2_el2ap.txt 25.0  5.2  153
  6.5  0.0  0.0 32.7  0.0  0.0  0.0  0.0 26.1  0.0  0.0  0.0  0.0  0.0  0.0
  0.0  0.0  0.0  6.5  0.0  0.0326.8163.4 58.8 39.2  0.0 13.1  0.0  0.0  0.0
  0.0  6.5  0.0  0.0  0.0 39.2 19.6  0.0  6.5  0.0  0.0  0.0  0.0  6.5  6.5
  0.0  0.0  0.0  0.0  0.0  0.0 13.1 13.1  0.0  0.0 71.9 26.1  0.0 91.5  0.0
  0.0  0.0  0.0  0.0  0.0  0.0  0.0  0.0  0.0  0.0  0.0  0.0  0.0  0.0  0.0
  0.0  0.0  0.0  0.0  0.0  0.0  0.0  0.0  0.0  0.0  0.0  0.0  0.0  0.0  0.0
  0.0  0.0 13.1  0.0  0.0  0.0  0.0  0.0  0.0  6.5  0.0  0.0  0.0  0.0  0.0
  0.0  0.0  0.0  0.0 13.1  0.0 19.6  0.0  0.0  0.0  0.0  0.0  0.0  0.0  0.0
  0.0  0.0  0.0  0.0  0.0  0.0  0.0  0.0 13.1  0.0 52.3  0.0  0.0  0.0  0.0
 13.1 13.1  0.0  0.0  0.0  0.0  0.0  0.0  0.0 13.1 19.6  6.5  0.0  0.0  0.0
    -26.54     -1.92      1.17     -4.50      2.39  0.0  0.0  0.0  0.0  0.0
                                    t000273_s13_p3_el2ap.txt 15.0  4.6   90
 11.1  0.0  0.0 44.4  0.0  0.0  0.0  0.0 11.1  0.0 11.1  0.0  0.0  0.0  0.0
  0.0  0.0 11.1  0.0  0.0  0.0355.6177.8 22.2 11.1  0.0 11.1  0.0  0.0  0.0
  0.0  0.0  0.0  0.0  0.0 11.1 22.2  0.0  0.0  0.0  0.0  0.0  0.0 11.1  0.0
  0.0  0.0  0.0  0.0  0.0 11.1  0.0 11.1  0.0  0.0 33.3 11.1  0.0 77.8  0.0
 11.1  0.0  0.0  0.0  0.0  0.0  0.0  0.0  0.0  0.0  0.0  0.0  0.0  0.0  0.0
  0.0  0.0  0.0  0.0  0.0  0.0  0.0  0.0  0.0  0.0  0.0  0.0  0.0  0.0  0.0
  0.0  0.0 11.1  0.0  0.0  0.0  0.0  0.0  0.0 11.1  0.0  0.0  0.0  0.0  0.0
  0.0  0.0  0.0  0.0 11.1  0.0 22.2  0.0  0.0  0.0  0.0  0.0  0.0  0.0  0.0
  0.0  0.0  0.0  0.0  0.0  0.0  0.0  0.0  0.0 11.1 77.8  0.0 22.2 11.1 11.1
 11.1  0.0  0.0  0.0  0.0  0.0  0.0 11.1  0.0 11.1  0.0  0.0  0.0  0.0  0.0
    -21.20     -3.23      0.34     -6.61     -1.94  0.0  0.0  0.0  0.0  0.0
                                    t000273_s13_p4_el2ap.txt 16.0  4.9   99
  0.0  0.0  0.0 20.2  0.0  0.0 10.1 10.1  0.0  0.0  0.0  0.0  0.0  0.0  0.0
  0.0  0.0  0.0  0.0  0.0  0.0393.9202.0 90.9 10.1  0.0 10.1  0.0  0.0 10.1
  0.0  0.0  0.0  0.0  0.0  0.0  0.0  0.0  0.0  0.0  0.0  0.0  0.0 10.1  0.0
  0.0  0.0  0.0  0.0  0.0  0.0  0.0 10.1  0.0 10.1101.0  0.0  0.0 40.4  0.0
 10.1  0.0  0.0  0.0  0.0  0.0  0.0  0.0  0.0  0.0  0.0  0.0  0.0  0.0  0.0
  0.0  0.0  0.0  0.0  0.0  0.0  0.0  0.0  0.0  0.0  0.0  0.0  0.0  0.0  0.0
  0.0  0.0  0.0  0.0  0.0  0.0  0.0  0.0  0.0 10.1  0.0  0.0  0.0  0.0  0.0
  0.0  0.0  0.0  0.0  0.0  0.0 10.1  0.0  0.0  0.0  0.0  0.0  0.0  0.0  0.0
  0.0  0.0  0.0  0.0  0.0  0.0  0.0  0.0  0.0  0.0 60.6  0.0 10.1  0.0 10.1
  0.0 10.1 10.1  0.0  0.0  0.0  0.0 10.1  0.0  0.0  0.0  0.0  0.0  0.0  0.0
    -29.65     -3.45      6.02     -6.61     -2.10  0.0  0.0  0.0  0.0  0.0
                                    t000273_s13_p5_el2ap.txt 23.8  5.3  122
  8.2  0.0  0.0 32.8  0.0  0.0  0.0  0.0  0.0  0.0  8.2  0.0  0.0  0.0  0.0
  0.0  0.0  8.2  0.0  0.0  0.0360.7106.6 49.2 24.6  0.0 16.4  0.0  8.2  0.0
  0.0  0.0  0.0  8.2  0.0 16.4  8.2  0.0  0.0  0.0  0.0  0.0  0.0  0.0  0.0
  0.0  0.0  8.2  0.0  8.2  8.2  0.0  0.0  0.0  8.2 90.2  0.0  8.2 90.2 16.4
  0.0  0.0  0.0  0.0  0.0  0.0  0.0  0.0  0.0  0.0  0.0  0.0  0.0  0.0  0.0
  0.0  0.0  0.0  0.0  0.0  0.0  8.2  0.0  0.0  0.0  0.0  0.0  0.0  0.0  0.0
  0.0  0.0  0.0  0.0  0.0  0.0  0.0  0.0  0.0  0.0  0.0  0.0  0.0  0.0  0.0
  8.2  0.0  0.0  8.2  0.0  0.0  0.0  0.0  0.0  0.0  0.0  0.0  0.0  0.0  0.0
  0.0  0.0  0.0  0.0  0.0  0.0  0.0 16.4  8.2  0.0 49.2  8.2  0.0  8.2  0.0
  8.2  0.0  0.0  0.0  0.0  0.0  8.2 16.4  0.0  8.2  0.0  0.0  0.0  0.0  0.0
    -23.93     -1.77      2.52     -6.61     -3.63  0.0  0.0  8.2  0.0  0.0
                                    t000273_s13_p6_el2ap.txt 14.5  5.4   79
  0.0  0.0  0.0  0.0  0.0  0.0  0.0  0.0  0.0  0.0  0.0  0.0  0.0  0.0  0.0
  0.0  0.0  0.0  0.0  0.0  0.0354.4278.5 12.7 25.3  0.0  0.0  0.0  0.0  0.0
  0.0  0.0  0.0  0.0  0.0  0.0  0.0  0.0  0.0  0.0  0.0  0.0  0.0  0.0  0.0
  0.0  0.0  0.0  0.0 12.7  0.0  0.0  0.0  0.0  0.0 50.6  0.0  0.0 25.3  0.0
  0.0  0.0  0.0  0.0  0.0  0.0  0.0  0.0  0.0  0.0  0.0  0.0  0.0  0.0  0.0
  0.0  0.0  0.0  0.0  0.0  0.0  0.0  0.0  0.0  0.0  0.0  0.0  0.0  0.0  0.0
  0.0  0.0  0.0  0.0  0.0  0.0  0.0  0.0  0.0  0.0  0.0  0.0  0.0  0.0  0.0
  0.0  0.0  0.0  0.0  0.0  0.0  0.0  0.0  0.0  0.0  0.0  0.0  0.0  0.0  0.0
  0.0  0.0  0.0  0.0  0.0  0.0  0.0  0.0  0.0  0.0 38.0  0.0  0.0 12.7  0.0
  0.0  0.0  0.0  0.0  0.0 12.7  0.0  0.0  0.0  0.0  0.0  0.0  0.0  0.0  0.0
    -33.92     -4.89      0.97     -6.61     -3.63  0.0  0.0  0.0  0.0  0.0
                                    t000273_s13_p7_el2ap.txt 22.5  5.5  116
  8.6  0.0  0.0 77.6  0.0  0.0  0.0  0.0  0.0  0.0  0.0  8.6  0.0  0.0  0.0
  0.0  0.0  8.6  0.0  0.0  0.0336.2163.8 34.5  8.6  0.0  8.6  0.0  0.0  8.6
  0.0  0.0  0.0  0.0  0.0 43.1  8.6  0.0  0.0  0.0  0.0  0.0  8.6  0.0  0.0
  8.6  0.0  0.0  0.0  8.6  8.6  8.6  8.6  0.0  8.6 60.3  0.0  0.0112.1  0.0
  8.6  0.0  0.0  0.0  0.0  0.0  0.0  0.0  0.0  0.0  0.0  0.0  0.0  0.0  0.0
  0.0  0.0  0.0  0.0  0.0  8.6  0.0  0.0  0.0  0.0  0.0  0.0  0.0  0.0  0.0
  0.0 17.2  0.0  0.0  0.0  0.0  0.0  0.0  0.0  0.0  0.0  0.0  0.0  0.0  0.0
  8.6  0.0  0.0  8.6 17.2  0.0 17.2  0.0  0.0  0.0  0.0  0.0  0.0  0.0  0.0
  0.0  8.6  0.0  0.0  0.0  0.0  0.0  0.0  0.0  0.0 17.2  8.6  0.0  8.6  0.0
  0.0  0.0  0.0  0.0  0.0  0.0  0.0 17.2  0.0  8.6  0.0  8.6  8.6  0.0  0.0
    -19.64     -3.79      2.83     -6.61      4.54  0.0  0.0  0.0  0.0  0.0
                                    t000273_s13_p8_el2ap.txt 18.0  5.7   95
  0.0  0.0  0.0 63.2  0.0  0.0 10.5  0.0  0.0  0.0  0.0  0.0  0.0  0.0  0.0
  0.0  0.0 10.5 10.5  0.0  0.0326.3126.3 84.2 31.6 10.5 10.5  0.0  0.0  0.0
  0.0  0.0  0.0  0.0  0.0 10.5 21.1  0.0 10.5  0.0  0.0  0.0  0.0  0.0  0.0
 21.1  0.0  0.0  0.0  0.0 10.5 10.5 21.1  0.0  0.0115.8 10.5  0.0126.3  0.0
  0.0  0.0  0.0  0.0  0.0  0.0  0.0  0.0  0.0  0.0  0.0  0.0  0.0  0.0  0.0
  0.0  0.0  0.0  0.0  0.0  0.0  0.0  0.0  0.0  0.0  0.0  0.0  0.0  0.0  0.0
  0.0  0.0 21.1  0.0  0.0  0.0  0.0  0.0  0.0  0.0  0.0  0.0  0.0  0.0  0.0
  0.0  0.0  0.0  0.0 21.1  0.0 21.1  0.0  0.0  0.0  0.0  0.0  0.0  0.0  0.0
  0.0  0.0  0.0  0.0  0.0  0.0  0.0  0.0 31.6  0.0 42.1 10.5  0.0  0.0  0.0
  0.0  0.0  0.0  0.0  0.0  0.0  0.0 63.2  0.0  0.0 10.5  0.0 10.5  0.0  0.0
    -22.39     -2.20      0.38     -3.21      3.16  0.0  0.0  0.0  0.0  0.0
                                    t000273_s13_p9_el2ap.txt 12.8  5.7   63
  0.0  0.0  0.0 47.6  0.0  0.0  0.0  0.0 15.9 15.9  0.0  0.0  0.0  0.0  0.0
  0.0  0.0 31.7  0.0  0.0  0.0285.7174.6 95.2 15.9  0.0  0.0  0.0  0.0  0.0
  0.0  0.0  0.0  0.0  0.0 15.9  0.0  0.0  0.0  0.0  0.0  0.0  0.0 15.9  0.0
  0.0  0.0  0.0  0.0  0.0 31.7  0.0 15.9  0.0  0.0142.9 15.9  0.0 79.4 15.9
  0.0  0.0  0.0  0.0  0.0  0.0  0.0  0.0  0.0  0.0  0.0  0.0  0.0  0.0  0.0
  0.0  0.0  0.0  0.0  0.0  0.0  0.0  0.0  0.0  0.0  0.0  0.0  0.0  0.0  0.0
  0.0  0.0  0.0  0.0  0.0  0.0  0.0  0.0  0.0  0.0  0.0  0.0  0.0  0.0  0.0
  0.0  0.0  0.0  0.0  0.0  0.0  0.0  0.0  0.0  0.0  0.0  0.0  0.0  0.0  0.0
  0.0  0.0  0.0  0.0  0.0  0.0  0.0  0.0  0.0  0.0 79.4  0.0  0.0  0.0  0.0
 15.9  0.0  0.0  0.0  0.0  0.0 15.9 31.7  0.0  0.0 15.9  0.0  0.0  0.0  0.0
    -19.75     -5.21      0.07     -6.61     -1.22  0.0  0.0  0.0  0.0  0.0
                                     t000273_s4_p1_el2ap.txt 15.3  5.2   82
  0.0  0.0  0.0 61.0  0.0  0.0  0.0  0.0  0.0  0.0  0.0  0.0  0.0  0.0  0.0
  0.0  0.0  0.0  0.0  0.0  0.0390.2158.5 48.8  0.0  0.0  0.0  0.0  0.0  0.0
  0.0  0.0  0.0  0.0  0.0 24.4 12.2  0.0  0.0  0.0 12.2  0.0 12.2  0.0  0.0
  0.0  0.0  0.0  0.0 12.2 12.2  0.0  0.0  0.0  0.0 97.6  0.0  0.0 73.2  0.0
 12.2  0.0  0.0  0.0  0.0  0.0  0.0  0.0  0.0  0.0  0.0  0.0  0.0  0.0  0.0
  0.0  0.0  0.0  0.0  0.0  0.0  0.0  0.0  0.0  0.0  0.0  0.0  0.0  0.0  0.0
  0.0  0.0  0.0  0.0  0.0  0.0  0.0  0.0  0.0 12.2  0.0  0.0  0.0  0.0  0.0
  0.0  0.0  0.0  0.0  0.0  0.0 12.2  0.0  0.0  0.0  0.0  0.0  0.0  0.0  0.0
  0.0  0.0  0.0  0.0  0.0  0.0  0.0  0.0  0.0  0.0 73.2  0.0 12.2  0.0  0.0
  0.0  0.0  0.0  0.0 12.2  0.0  0.0  0.0  0.0  0.0  0.0  0.0 12.2  0.0  0.0
    -29.70     -5.73     -0.41     -0.80      4.00  0.0  0.0  0.0  0.0  0.0
                                     t000273_s7_p1_el2ap.txt 21.8  4.9  113
 17.7  0.0  0.0 17.7  0.0  0.0  0.0  0.0 17.7  0.0  0.0  0.0  0.0  0.0  0.0
  0.0  0.0  0.0  0.0  0.0  0.0336.3150.4 44.2 26.5  0.0  8.8  8.8  0.0  0.0
  0.0  0.0  0.0  8.8  8.8  8.8  0.0  0.0  0.0  0.0  0.0  0.0  0.0  0.0  8.8
  8.8  8.8  0.0  0.0  0.0  0.0  8.8 17.7  0.0  0.0 44.2 17.7  0.0 61.9  8.8
  8.8  0.0  0.0  0.0  0.0  0.0  0.0  0.0  0.0  0.0  0.0  0.0  0.0  0.0  0.0
  0.0  0.0  0.0  0.0  0.0  0.0  0.0  0.0  0.0  0.0  0.0  0.0  0.0  0.0  0.0
  0.0  0.0  0.0  0.0  0.0  0.0  0.0  0.0  0.0  0.0  0.0  0.0  0.0  0.0  0.0
  0.0  0.0  0.0  0.0  0.0  0.0  0.0  0.0  0.0  0.0  0.0  0.0  0.0  0.0  0.0
  0.0  0.0  0.0  0.0  0.0  0.0  0.0  0.0  0.0  0.0 17.7  8.8  8.8  8.8  8.8
  8.8  0.0  0.0  0.0  0.0  0.0  0.0  0.0  8.8 17.7  0.0  0.0  8.8  0.0  0.0
    -25.89     -1.51     -4.66     -6.61      6.04  8.8  0.0  0.0  0.0  0.0
                                     t000274_s1_p1_el2ap.txt 25.0  5.1  149
  6.7  0.0  0.0 67.1  0.0  0.0  0.0  0.0  0.0  0.0  0.0  0.0  0.0  0.0  0.0
  6.7  0.0  0.0  6.7  0.0  0.0355.7154.4 47.0 20.1  0.0  6.7  0.0  0.0  0.0
  0.0  0.0  0.0  0.0  0.0 33.6  6.7  0.0  0.0  0.0  0.0  0.0 20.1  0.0  0.0
  6.7 13.4  0.0  0.0  0.0  0.0 20.1  6.7  0.0  0.0 67.1  0.0  6.7 87.2  6.7
  0.0  0.0  0.0  0.0  0.0  0.0  0.0  0.0  0.0  0.0  0.0  0.0  0.0  0.0  0.0
  0.0  0.0  0.0  6.7  0.0  0.0  0.0  0.0  0.0  0.0  0.0  0.0  0.0  0.0  0.0
  0.0  0.0  6.7  0.0  0.0  0.0  0.0  0.0  0.0  0.0  0.0  0.0  0.0  0.0  0.0
  6.7  0.0  0.0  6.7  6.7  0.0  6.7  0.0  0.0  0.0  0.0  0.0  0.0  0.0  0.0
  0.0  0.0  0.0  0.0  0.0  0.0  0.0  0.0 13.4  0.0 26.8  0.0  0.0  0.0  0.0
  0.0  0.0  6.7  0.0  0.0  6.7  0.0  0.0 13.4 13.4  6.7  6.7  0.0  0.0  0.0
    -23.54     -3.77     -0.93     -6.61     11.12  0.0  0.0  0.0  0.0  0.0
                                    t000274_s10_p1_el2ap.txt 16.0  5.7   81
  0.0  0.0  0.0 86.4  0.0  0.0  0.0  0.0  0.0  0.0  0.0  0.0  0.0  0.0  0.0
 12.3  0.0  0.0 24.7  0.0  0.0333.3 86.4 74.1 24.7  0.0 12.3  0.0  0.0  0.0
  0.0  0.0  0.0  0.0  0.0 49.4  0.0  0.0  0.0  0.0  0.0 12.3 12.3  0.0  0.0
 12.3  0.0  0.0  0.0  0.0  0.0 24.7 12.3  0.0  0.0 98.8  0.0 12.3123.5 24.7
  0.0  0.0  0.0  0.0  0.0  0.0  0.0  0.0  0.0  0.0  0.0  0.0  0.0  0.0  0.0
  0.0  0.0  0.0  0.0  0.0  0.0  0.0  0.0  0.0  0.0  0.0  0.0  0.0  0.0  0.0
  0.0  0.0  0.0  0.0  0.0  0.0  0.0  0.0  0.0  0.0  0.0  0.0  0.0  0.0  0.0
  0.0  0.0  0.0  0.0  0.0  0.0  0.0  0.0  0.0  0.0  0.0  0.0  0.0  0.0  0.0
  0.0  0.0  0.0  0.0  0.0  0.0  0.0  0.0  0.0  0.0 12.3  0.0  0.0  0.0  0.0
  0.0  0.0 12.3  0.0  0.0 12.3  0.0  0.0 24.7 12.3 12.3 12.3  0.0  0.0  0.0
    -17.34     -2.54     -1.83     -1.67      8.07  0.0  0.0  0.0  0.0  0.0
                                   t000274_s10_p11_el2ap.txt  4.5  5.5   20
  0.0  0.0  0.0100.0  0.0  0.0  0.0  0.0  0.0  0.0  0.0  0.0  0.0  0.0  0.0
  0.0  0.0  0.0  0.0  0.0  0.0300.0 50.0  0.0  0.0  0.0  0.0  0.0  0.0 50.0
  0.0  0.0  0.0  0.0  0.0 50.0 50.0 50.0  0.0  0.0 50.0  0.0  0.0 50.0  0.0
  0.0  0.0  0.0  0.0  0.0100.0  0.0 50.0  0.0 50.0  0.0  0.0  0.0150.0  0.0
  0.0  0.0  0.0  0.0  0.0  0.0  0.0  0.0  0.0  0.0  0.0  0.0  0.0  0.0  0.0
  0.0  0.0  0.0  0.0  0.0  0.0  0.0  0.0  0.0  0.0  0.0  0.0  0.0  0.0  0.0
  0.0  0.0  0.0  0.0  0.0  0.0  0.0  0.0  0.0  0.0  0.0  0.0  0.0  0.0  0.0
  0.0  0.0  0.0  0.0  0.0  0.0  0.0  0.0  0.0  0.0  0.0  0.0  0.0  0.0  0.0
  0.0  0.0  0.0  0.0  0.0  0.0  0.0 50.0100.0  0.0 50.0  0.0  0.0  0.0  0.0
  0.0  0.0  0.0  0.0  0.0  0.0  0.0  0.0  0.0 50.0  0.0  0.0  0.0  0.0  0.0
    -19.95     -5.73     23.13     29.11      3.95  0.0  0.0  0.0  0.0  0.0
                                   t000274_s10_p12_el2ap.txt  5.0  5.3   21
  0.0  0.0  0.0 47.6  0.0  0.0  0.0  0.0  0.0 47.6  0.0  0.0  0.0  0.0  0.0
  0.0  0.0  0.0  0.0  0.0  0.0285.7238.1190.5  0.0  0.0  0.0  0.0  0.0  0.0
  0.0  0.0  0.0  0.0  0.0  0.0 47.6  0.0  0.0  0.0  0.0  0.0  0.0 47.6  0.0
  0.0  0.0  0.0  0.0  0.0  0.0  0.0 47.6  0.0  0.0190.5  0.0  0.0 95.2  0.0
  0.0  0.0  0.0  0.0  0.0  0.0  0.0  0.0  0.0  0.0  0.0  0.0  0.0  0.0  0.0
  0.0  0.0  0.0  0.0  0.0  0.0  0.0  0.0  0.0  0.0  0.0  0.0  0.0  0.0  0.0
  0.0  0.0  0.0  0.0  0.0  0.0  0.0  0.0  0.0  0.0  0.0  0.0  0.0  0.0  0.0
  0.0  0.0  0.0  0.0  0.0  0.0  0.0  0.0  0.0  0.0  0.0  0.0  0.0  0.0  0.0
  0.0  0.0  0.0  0.0  0.0  0.0  0.0 47.6  0.0 47.6 47.6 47.6  0.0  0.0  0.0
  0.0  0.0  0.0  0.0  0.0  0.0  0.0  0.0 47.6  0.0  0.0  0.0  0.0  0.0  0.0
    -31.37     -5.73      0.97     -6.61      3.59  0.0  0.0  0.0  0.0  0.0
                                   t000274_s10_p13_el2ap.txt  5.8  5.4   28
  0.0  0.0  0.0 71.4  0.0  0.0  0.0  0.0  0.0  0.0  0.0  0.0  0.0  0.0  0.0
  0.0  0.0  0.0  0.0  0.0  0.0464.3 71.4 35.7  0.0  0.0  0.0  0.0  0.0  0.0
  0.0  0.0  0.0  0.0  0.0 35.7  0.0  0.0  0.0  0.0  0.0  0.0 71.4  0.0  0.0
  0.0  0.0  0.0  0.0  0.0  0.0  0.0  0.0  0.0  0.0 35.7  0.0  0.0 71.4  0.0
  0.0  0.0  0.0  0.0  0.0  0.0  0.0  0.0  0.0  0.0  0.0  0.0  0.0  0.0  0.0
  0.0  0.0  0.0  0.0  0.0  0.0  0.0  0.0  0.0  0.0  0.0  0.0  0.0  0.0  0.0
  0.0  0.0  0.0  0.0  0.0  0.0  0.0  0.0  0.0  0.0  0.0  0.0  0.0  0.0  0.0
  0.0  0.0  0.0  0.0  0.0  0.0  0.0  0.0  0.0  0.0  0.0  0.0  0.0  0.0  0.0
  0.0  0.0  0.0  0.0  0.0  0.0  0.0107.1  0.0  0.0  0.0  0.0  0.0  0.0  0.0
  0.0  0.0  0.0  0.0  0.0  0.0  0.0  0.0  0.0  0.0  0.0  0.0  0.0  0.0  0.0
    -27.87     -5.73     -1.06     -6.61     41.02  0.0  0.0  0.0  0.0  0.0
                                   t000274_s10_p14_el2ap.txt  6.8  6.3   30
  0.0  0.0  0.0200.0  0.0  0.0  0.0  0.0  0.0 33.3  0.0 33.3  0.0  0.0  0.0
  0.0  0.0  0.0  0.0  0.0  0.0300.0100.0 33.3 33.3  0.0  0.0  0.0  0.0  0.0
  0.0  0.0  0.0  0.0  0.0 33.3  0.0  0.0  0.0  0.0  0.0  0.0  0.0 33.3  0.0
  0.0  0.0  0.0  0.0 33.3  0.0 33.3 33.3  0.0  0.0 66.7  0.0  0.0233.3  0.0
  0.0  0.0  0.0  0.0  0.0  0.0  0.0  0.0  0.0  0.0  0.0  0.0  0.0  0.0  0.0
  0.0  0.0  0.0  0.0 33.3  0.0  0.0  0.0  0.0  0.0  0.0  0.0  0.0  0.0  0.0
  0.0 33.3  0.0  0.0  0.0  0.0  0.0  0.0  0.0  0.0  0.0  0.0  0.0  0.0  0.0
 33.3  0.0  0.0 33.3 33.3  0.0 33.3  0.0  0.0  0.0  0.0  0.0  0.0  0.0  0.0
  0.0  0.0  0.0  0.0  0.0  0.0  0.0  0.0 33.3  0.0 33.3  0.0  0.0  0.0  0.0
  0.0  0.0  0.0  0.0  0.0  0.0  0.0 33.3  0.0100.0  0.0  0.0  0.0  0.0  0.0
      1.53     -4.63     -0.92     -6.61      1.42  0.0  0.0  0.0  0.0  0.0
                                   t000274_s10_p15_el2ap.txt  4.8  5.3   19
  0.0  0.0  0.0 52.6  0.0  0.0  0.0  0.0  0.0  0.0  0.0  0.0  0.0  0.0  0.0
  0.0  0.0  0.0  0.0  0.0  0.0368.4157.9 52.6  0.0  0.0  0.0  0.0  0.0  0.0
  0.0  0.0  0.0  0.0  0.0  0.0 52.6  0.0  0.0  0.0  0.0  0.0  0.0 52.6  0.0
  0.0  0.0  0.0  0.0  0.0  0.0  0.0 52.6  0.0  0.0 52.6  0.0  0.0105.3  0.0
  0.0  0.0  0.0  0.0  0.0  0.0  0.0  0.0  0.0  0.0  0.0  0.0  0.0  0.0  0.0
  0.0  0.0  0.0  0.0  0.0  0.0  0.0  0.0  0.0  0.0  0.0  0.0  0.0  0.0  0.0
  0.0  0.0 52.6  0.0  0.0  0.0  0.0  0.0  0.0  0.0  0.0  0.0  0.0  0.0  0.0
  0.0  0.0  0.0  0.0 52.6  0.0 52.6  0.0  0.0  0.0  0.0  0.0  0.0  0.0  0.0
  0.0  0.0  0.0  0.0  0.0  0.0  0.0  0.0 52.6  0.0  0.0 52.6  0.0  0.0  0.0
  0.0  0.0  0.0  0.0  0.0  0.0  0.0 52.6  0.0 52.6  0.0  0.0  0.0  0.0  0.0
    -29.71     -5.73      0.97     -6.61      4.35  0.0  0.0  0.0  0.0  0.0
                                   t000274_s10_p16_el2ap.txt 10.5  4.8   47
  0.0  0.0  0.0 85.1  0.0  0.0  0.0  0.0  0.0  0.0  0.0  0.0  0.0  0.0  0.0
  0.0  0.0 42.6 21.3  0.0  0.0234.0148.9106.4  0.0  0.0 21.3  0.0 21.3  0.0
  0.0  0.0  0.0  0.0  0.0 21.3  0.0  0.0  0.0  0.0  0.0  0.0  0.0 42.6  0.0
  0.0  0.0  0.0  0.0 21.3 42.6 21.3 42.6  0.0 21.3127.7  0.0  0.0 85.1  0.0
 21.3  0.0  0.0  0.0  0.0  0.0  0.0  0.0  0.0  0.0  0.0  0.0  0.0  0.0  0.0
  0.0  0.0  0.0  0.0  0.0  0.0  0.0  0.0  0.0  0.0  0.0  0.0  0.0  0.0  0.0
  0.0  0.0  0.0  0.0  0.0  0.0  0.0  0.0  0.0  0.0 21.3  0.0  0.0  0.0  0.0
  0.0  0.0  0.0  0.0  0.0  0.0  0.0 21.3  0.0  0.0  0.0  0.0  0.0  0.0  0.0
  0.0  0.0  0.0  0.0  0.0  0.0  0.0 21.3  0.0  0.0 42.6  0.0  0.0 21.3  0.0
  0.0  0.0  0.0  0.0  0.0 21.3  0.0  0.0  0.0 21.3  0.0  0.0  0.0 21.3  0.0
     -9.71     -1.64     12.28     -6.61      2.82 21.3  0.0  0.0  0.0  0.0
                                   t000274_s10_p17_el2ap.txt  7.5  5.2   35
  0.0  0.0  0.0142.9  0.0  0.0 28.6  0.0  0.0  0.0  0.0  0.0  0.0  0.0  0.0
  0.0  0.0  0.0  0.0  0.0  0.0314.3 28.6 57.1  0.0  0.0  0.0  0.0  0.0  0.0
  0.0  0.0  0.0  0.0  0.0  0.0  0.0  0.0  0.0  0.0  0.0  0.0  0.0 28.6  0.0
  0.0  0.0 28.6  0.0  0.0  0.0  0.0 28.6  0.0  0.0114.3  0.0  0.0142.9  0.0
  0.0  0.0  0.0  0.0  0.0  0.0  0.0  0.0  0.0  0.0  0.0  0.0  0.0  0.0  0.0
  0.0  0.0  0.0  0.0  0.0  0.0  0.0  0.0  0.0  0.0  0.0  0.0  0.0  0.0  0.0
  0.0  0.0  0.0  0.0  0.0  0.0  0.0  0.0  0.0 28.6  0.0  0.0  0.0  0.0  0.0
  0.0  0.0  0.0  0.0  0.0  0.0 28.6  0.0  0.0  0.0  0.0  0.0  0.0  0.0  0.0
  0.0  0.0  0.0  0.0  0.0  0.0  0.0 28.6 57.1 28.6  0.0  0.0  0.0  0.0  0.0
  0.0  0.0  0.0  0.0  0.0  0.0  0.0  0.0 28.6  0.0  0.0  0.0  0.0  0.0  0.0
    -14.67     -5.73      0.97     -6.61      0.70  0.0  0.0  0.0  0.0  0.0
                                   t000274_s10_p18_el2ap.txt  5.0  5.5   25
  0.0  0.0  0.0 80.0  0.0  0.0  0.0  0.0  0.0  0.0  0.0  0.0  0.0  0.0  0.0
  0.0  0.0  0.0  0.0  0.0  0.0240.0160.0120.0  0.0  0.0  0.0  0.0  0.0  0.0
  0.0  0.0  0.0  0.0  0.0  0.0 40.0  0.0  0.0  0.0 40.0  0.0  0.0 40.0  0.0
  0.0  0.0  0.0  0.0  0.0 40.0  0.0 40.0  0.0  0.0120.0  0.0  0.0160.0 40.0
  0.0  0.0  0.0  0.0  0.0  0.0  0.0  0.0  0.0  0.0  0.0  0.0  0.0  0.0  0.0
  0.0  0.0  0.0 40.0  0.0  0.0  0.0  0.0  0.0  0.0  0.0  0.0  0.0  0.0  0.0
  0.0  0.0 40.0  0.0  0.0  0.0  0.0  0.0  0.0  0.0  0.0  0.0  0.0  0.0  0.0
 40.0  0.0  0.0 40.0 40.0  0.0 40.0  0.0  0.0  0.0  0.0  0.0  0.0  0.0  0.0
  0.0  0.0  0.0  0.0  0.0  0.0  0.0  0.0 40.0 40.0  0.0  0.0  0.0  0.0  0.0
  0.0  0.0  0.0  0.0  0.0  0.0  0.0  0.0  0.0 40.0  0.0  0.0  0.0  0.0  0.0
    -29.51     -5.73      0.97     12.44      2.43 40.0  0.0  0.0  0.0  0.0
                                   t000274_s10_p19_el2ap.txt  5.8  5.4   26
  0.0  0.0  0.0 76.9  0.0  0.0  0.0  0.0  0.0 38.5  0.0  0.0  0.0  0.0  0.0
  0.0  0.0  0.0  0.0  0.0  0.0346.2 38.5115.4  0.0  0.0  0.0  0.0  0.0  0.0
  0.0  0.0  0.0  0.0  0.0  0.0 38.5  0.0  0.0  0.0  0.0  0.0  0.0 38.5  0.0
  0.0  0.0  0.0  0.0 38.5  0.0  0.0 38.5  0.0  0.0192.3  0.0  0.0153.8  0.0
  0.0  0.0  0.0  0.0  0.0  0.0  0.0  0.0  0.0  0.0  0.0  0.0  0.0  0.0  0.0
  0.0  0.0  0.0  0.0  0.0  0.0  0.0  0.0  0.0  0.0  0.0  0.0  0.0  0.0  0.0
  0.0  0.0  0.0  0.0  0.0  0.0  0.0  0.0  0.0  0.0  0.0  0.0  0.0  0.0  0.0
  0.0  0.0  0.0  0.0  0.0  0.0  0.0  0.0  0.0  0.0  0.0  0.0  0.0  0.0  0.0
  0.0  0.0  0.0  0.0  0.0  0.0  0.0  0.0 76.9  0.0 38.5 38.5  0.0  0.0  0.0
  0.0  0.0  0.0  0.0  0.0  0.0  0.0 38.5 38.5  0.0  0.0  0.0  0.0  0.0  0.0
    -21.99     -5.73      0.97     -6.61      2.20  0.0  0.0  0.0  0.0  0.0
                                    t000274_s10_p2_el2ap.txt 13.0  5.3   64
 15.6  0.0  0.0 62.5  0.0  0.0  0.0  0.0  0.0  0.0  0.0  0.0  0.0  0.0  0.0
  0.0  0.0  0.0  0.0  0.0  0.0359.4140.6 78.1  0.0 15.6 15.6  0.0 15.6  0.0
  0.0  0.0  0.0  0.0  0.0 31.3 31.3  0.0  0.0  0.0  0.0  0.0  0.0  0.0  0.0
  0.0 15.6  0.0  0.0  0.0  0.0 15.6  0.0  0.0 15.6 78.1 15.6  0.0 93.8  0.0
  0.0  0.0  0.0  0.0  0.0  0.0  0.0  0.0  0.0  0.0  0.0  0.0  0.0  0.0  0.0
  0.0  0.0  0.0 15.6  0.0  0.0  0.0  0.0  0.0  0.0  0.0  0.0  0.0  0.0  0.0
  0.0 15.6 15.6  0.0  0.0  0.0  0.0  0.0  0.0  0.0  0.0  0.0  0.0  0.0  0.0
 15.6  0.0  0.0 15.6 31.3  0.0 31.3  0.0  0.0  0.0  0.0  0.0  0.0  0.0  0.0
  0.0  0.0  0.0  0.0  0.0  0.0  0.0  0.0 15.6  0.0 62.5  0.0  0.0 15.6 15.6
  0.0  0.0  0.0  0.0  0.0  0.0  0.0 31.3  0.0 15.6  0.0  0.0  0.0  0.0  0.0
    -28.43     -2.03      8.39     -6.61     -3.63  0.0  0.0  0.0  0.0  0.0
                                   t000274_s10_p20_el2ap.txt  3.3  6.2   13
  0.0  0.0  0.0  0.0  0.0  0.0  0.0  0.0  0.0  0.0  0.0  0.0  0.0  0.0  0.0
  0.0  0.0  0.0  0.0  0.0  0.0384.6153.8307.7  0.0  0.0  0.0  0.0  0.0  0.0
  0.0  0.0  0.0  0.0  0.0  0.0  0.0  0.0  0.0  0.0  0.0  0.0  0.0  0.0  0.0
  0.0  0.0  0.0  0.0  0.0  0.0  0.0  0.0  0.0  0.0307.7  0.0  0.0  0.0  0.0
  0.0  0.0  0.0  0.0  0.0  0.0  0.0  0.0  0.0  0.0  0.0  0.0  0.0  0.0  0.0
  0.0  0.0  0.0  0.0  0.0  0.0  0.0  0.0  0.0  0.0  0.0  0.0  0.0  0.0  0.0
  0.0  0.0  0.0  0.0  0.0  0.0  0.0  0.0  0.0  0.0  0.0  0.0  0.0  0.0  0.0
  0.0  0.0  0.0  0.0  0.0  0.0  0.0  0.0  0.0  0.0  0.0  0.0  0.0  0.0  0.0
  0.0  0.0  0.0  0.0  0.0  0.0  0.0 76.9 76.9  0.0  0.0  0.0  0.0  0.0  0.0
  0.0  0.0  0.0  0.0  0.0  0.0  0.0  0.0  0.0  0.0  0.0  0.0  0.0  0.0  0.0
    -47.33     -5.73      0.97     -6.61     -3.63  0.0  0.0  0.0  0.0  0.0
                                   t000274_s10_p21_el2ap.txt  4.3  4.8   18
 55.6  0.0  0.0166.7  0.0  0.0  0.0  0.0  0.0 55.6  0.0  0.0  0.0  0.0  0.0
  0.0  0.0  0.0  0.0  0.0  0.0222.2  0.0 55.6  0.0  0.0  0.0  0.0  0.0 55.6
  0.0 55.6  0.0  0.0  0.0  0.0  0.0 55.6  0.0  0.0 55.6  0.0  0.0  0.0  0.0
  0.0  0.0 55.6  0.0 55.6111.1 55.6  0.0  0.0 55.6222.2  0.0  0.0166.7  0.0
  0.0  0.0  0.0  0.0  0.0  0.0  0.0  0.0  0.0  0.0  0.0  0.0  0.0  0.0  0.0
  0.0  0.0  0.0  0.0 55.6  0.0  0.0  0.0  0.0  0.0  0.0  0.0  0.0  0.0  0.0
  0.0  0.0  0.0  0.0  0.0  0.0  0.0  0.0  0.0  0.0  0.0  0.0  0.0  0.0  0.0
 55.6  0.0  0.0 55.6  0.0  0.0  0.0  0.0  0.0  0.0  0.0  0.0  0.0  0.0  0.0
  0.0  0.0  0.0  0.0  0.0  0.0  0.0  0.0 55.6  0.0  0.0  0.0  0.0  0.0  0.0
  0.0  0.0  0.0  0.0  0.0  0.0  0.0  0.0  0.0  0.0 55.6  0.0  0.0  0.0  0.0
     -1.98     -5.73     49.33     33.08     -3.63  0.0  0.0  0.0  0.0  0.0
                                   t000274_s10_p25_el2ap.txt  6.3  4.8   29
  0.0  0.0  0.0 34.5  0.0  0.0  0.0  0.0  0.0  0.0  0.0  0.0  0.0 34.5  0.0
  0.0  0.0  0.0  0.0  0.0  0.0413.8 69.0 69.0  0.0  0.0  0.0  0.0  0.0  0.0
  0.0  0.0  0.0  0.0  0.0  0.0  0.0  0.0  0.0  0.0  0.0  0.0  0.0  0.0  0.0
  0.0  0.0  0.0  0.0 34.5  0.0  0.0  0.0  0.0  0.0172.4  0.0  0.0 69.0 34.5
  0.0  0.0  0.0  0.0  0.0  0.0  0.0  0.0  0.0  0.0  0.0  0.0  0.0  0.0  0.0
  0.0  0.0  0.0  0.0  0.0  0.0  0.0  0.0  0.0  0.0  0.0  0.0  0.0  0.0  0.0
  0.0  0.0  0.0  0.0  0.0  0.0  0.0  0.0  0.0  0.0  0.0  0.0  0.0  0.0  0.0
  0.0  0.0  0.0  0.0  0.0  0.0  0.0  0.0  0.0  0.0  0.0  0.0  0.0  0.0  0.0
  0.0  0.0  0.0  0.0  0.0  0.0  0.0  0.0  0.0  0.0 34.5137.9  0.0  0.0  0.0
  0.0  0.0  0.0  0.0  0.0 34.5  0.0  0.0  0.0  0.0  0.0 34.5  0.0  0.0  0.0
    -10.55     -5.73      0.97     -6.61     -3.63  0.0  0.0  0.0  0.0  0.0
                                   t000274_s10_p28_el2ap.txt 14.5  5.2   72
  0.0  0.0  0.0 97.2  0.0  0.0  0.0  0.0  0.0 27.8 13.9  0.0  0.0  0.0  0.0
  0.0  0.0  0.0 13.9  0.0 13.9319.4111.1138.9  0.0  0.0  0.0  0.0  0.0  0.0
  0.0  0.0  0.0  0.0  0.0  0.0  0.0  0.0 13.9 13.9 41.7  0.0  0.0 41.7  0.0
  0.0  0.0  0.0  0.0 13.9 41.7 27.8 41.7  0.0  0.0180.6  0.0  0.0 97.2  0.0
  0.0  0.0  0.0  0.0  0.0  0.0  0.0  0.0  0.0  0.0  0.0  0.0  0.0  0.0  0.0
  0.0  0.0  0.0  0.0  0.0  0.0  0.0  0.0  0.0  0.0  0.0  0.0  0.0  0.0  0.0
  0.0  0.0  0.0  0.0  0.0  0.0  0.0  0.0  0.0  0.0  0.0  0.0  0.0  0.0  0.0
  0.0  0.0  0.0  0.0  0.0  0.0  0.0  0.0  0.0  0.0  0.0  0.0  0.0  0.0  0.0
  0.0  0.0  0.0  0.0  0.0  0.0  0.0  0.0 41.7 13.9 13.9  0.0  0.0  0.0  0.0
  0.0 13.9  0.0  0.0 13.9 13.9  0.0 41.7  0.0  0.0 13.9  0.0  0.0  0.0  0.0
    -16.27     -5.73      0.97     24.03      2.69  0.0  0.0  0.0  0.0  0.0
                                   t000274_s10_p29_el2ap.txt  7.3  5.5   31
 32.3  0.0  0.0 96.8  0.0  0.0  0.0  0.0  0.0  0.0 32.3  0.0  0.0  0.0  0.0
  0.0  0.0  0.0  0.0  0.0  0.0354.8 96.8 32.3  0.0  0.0  0.0  0.0  0.0  0.0
  0.0  0.0  0.0  0.0  0.0  0.0 32.3  0.0  0.0  0.0 32.3  0.0  0.0  0.0  0.0
  0.0  0.0  0.0  0.0 32.3 32.3  0.0  0.0  0.0  0.0 96.8  0.0  0.0129.0  0.0
 32.3  0.0  0.0  0.0  0.0  0.0  0.0  0.0  0.0  0.0  0.0  0.0  0.0  0.0  0.0
  0.0  0.0  0.0  0.0  0.0  0.0  0.0  0.0  0.0  0.0  0.0  0.0  0.0  0.0  0.0
  0.0  0.0  0.0  0.0  0.0  0.0  0.0  0.0  0.0  0.0  0.0  0.0  0.0  0.0  0.0
  0.0  0.0  0.0  0.0  0.0  0.0  0.0  0.0  0.0  0.0  0.0  0.0  0.0  0.0  0.0
  0.0  0.0  0.0  0.0  0.0  0.0  0.0  0.0  0.0  0.0 32.3  0.0  0.0  0.0  0.0
  0.0  0.0  0.0  0.0  0.0  0.0  0.0  0.0  0.0  0.0 32.3  0.0  0.0  0.0  0.0
    -18.52     -5.73      0.97      8.76     -3.63  0.0  0.0  0.0  0.0  0.0
                                    t000274_s10_p3_el2ap.txt 17.0  5.2   95
  0.0  0.0  0.0 94.7  0.0  0.0  0.0  0.0 10.5  0.0 10.5  0.0  0.0  0.0  0.0
  0.0  0.0  0.0 10.5  0.0  0.0294.7126.3 63.2  0.0  0.0  0.0  0.0  0.0 10.5
  0.0  0.0  0.0  0.0 10.5 21.1 10.5  0.0  0.0  0.0 10.5 10.5  0.0 31.6  0.0
  0.0 10.5 10.5  0.0 31.6 10.5 21.1 31.6  0.0 10.5105.3 10.5  0.0115.8 21.1
  0.0  0.0  0.0  0.0  0.0  0.0  0.0  0.0  0.0  0.0  0.0  0.0  0.0  0.0  0.0
  0.0  0.0  0.0 10.5  0.0  0.0 10.5  0.0  0.0  0.0  0.0  0.0  0.0  0.0  0.0
 10.5  0.0 10.5  0.0  0.0  0.0  0.0  0.0  0.0  0.0  0.0  0.0  0.0  0.0  0.0
 21.1  0.0  0.0 21.1 21.1  0.0 21.1  0.0  0.0  0.0  0.0  0.0  0.0  0.0  0.0
  0.0  0.0  0.0  0.0  0.0  0.0  0.0  0.0 31.6  0.0 21.1 10.5  0.0  0.0  0.0
  0.0  0.0  0.0  0.0  0.0  0.0  0.0 21.1 10.5 21.1  0.0  0.0 10.5  0.0  0.0
    -21.79     -5.73      1.94      2.62      1.16 10.5  0.0  0.0  0.0  0.0
                                   t000274_s10_p31_el2ap.txt  3.8  4.6   16
  0.0  0.0  0.0 62.5  0.0  0.0  0.0  0.0  0.0  0.0  0.0  0.0  0.0  0.0  0.0
  0.0  0.0  0.0  0.0  0.0  0.0375.0125.0 62.5  0.0  0.0  0.0  0.0  0.0  0.0
  0.0  0.0  0.0  0.0  0.0  0.0  0.0  0.0  0.0  0.0 62.5  0.0  0.0 62.5  0.0
  0.0  0.0  0.0  0.0  0.0 62.5  0.0 62.5  0.0  0.0 62.5  0.0  0.0 62.5  0.0
  0.0  0.0  0.0  0.0  0.0  0.0  0.0  0.0  0.0  0.0  0.0  0.0  0.0  0.0  0.0
  0.0  0.0  0.0  0.0  0.0  0.0  0.0  0.0  0.0  0.0  0.0  0.0  0.0  0.0  0.0
  0.0  0.0  0.0  0.0  0.0  0.0  0.0  0.0  0.0  0.0  0.0  0.0  0.0  0.0  0.0
  0.0  0.0  0.0  0.0  0.0  0.0  0.0  0.0  0.0  0.0  0.0  0.0  0.0  0.0  0.0
  0.0  0.0  0.0  0.0  0.0  0.0  0.0  0.0  0.0  0.0  0.0 62.5  0.0  0.0  0.0
  0.0  0.0  0.0  0.0  0.0  0.0  0.0 62.5  0.0  0.0  0.0  0.0  0.0  0.0  0.0
    -27.24     -5.73      0.97     23.16      5.84  0.0  0.0  0.0  0.0  0.0
                                   t000274_s10_p32_el2ap.txt  4.0  5.4   17
  0.0  0.0  0.0117.6  0.0  0.0  0.0  0.0  0.0  0.0  0.0  0.0  0.0  0.0  0.0
  0.0  0.0  0.0  0.0  0.0  0.0352.9117.6117.6  0.0  0.0  0.0  0.0  0.0  0.0
  0.0  0.0  0.0  0.0  0.0  0.0  0.0  0.0  0.0  0.0  0.0  0.0  0.0 58.8  0.0
  0.0 58.8  0.0  0.0  0.0  0.0 58.8 58.8  0.0  0.0117.6  0.0  0.0117.6  0.0
  0.0  0.0  0.0  0.0  0.0  0.0  0.0  0.0  0.0  0.0  0.0  0.0  0.0  0.0  0.0
  0.0  0.0  0.0  0.0  0.0  0.0  0.0  0.0  0.0  0.0  0.0  0.0  0.0  0.0  0.0
  0.0  0.0  0.0  0.0  0.0  0.0  0.0  0.0  0.0  0.0  0.0  0.0  0.0  0.0  0.0
  0.0  0.0  0.0  0.0  0.0  0.0  0.0  0.0  0.0  0.0  0.0  0.0  0.0  0.0  0.0
  0.0  0.0  0.0  0.0  0.0  0.0  0.0  0.0  0.0  0.0  0.0117.6  0.0  0.0  0.0
  0.0  0.0  0.0  0.0  0.0  0.0  0.0 58.8  0.0  0.0  0.0  0.0  0.0  0.0  0.0
    -29.62     -5.73      0.97     -6.61      5.29  0.0  0.0  0.0  0.0  0.0
                                   t000274_s10_p33_el2ap.txt  4.5  6.0   21
 47.6  0.0  0.0190.5  0.0  0.0  0.0  0.0  0.0  0.0  0.0  0.0  0.0  0.0  0.0
  0.0  0.0  0.0 47.6  0.0  0.0238.1 47.6 47.6  0.0  0.0  0.0  0.0  0.0  0.0
  0.0  0.0  0.0  0.0  0.0 47.6  0.0  0.0  0.0  0.0  0.0 47.6  0.0 47.6  0.0
  0.0 47.6 47.6  0.0  0.0  0.0 95.2 47.6  0.0  0.0 95.2  0.0  0.0142.9 47.6
  0.0  0.0  0.0  0.0  0.0  0.0  0.0  0.0  0.0  0.0  0.0  0.0  0.0  0.0  0.0
  0.0  0.0  0.0  0.0  0.0 47.6  0.0  0.0  0.0  0.0  0.0  0.0  0.0  0.0  0.0
  0.0  0.0  0.0  0.0  0.0  0.0  0.0  0.0  0.0  0.0  0.0  0.0  0.0  0.0  0.0
 47.6  0.0  0.0 47.6  0.0  0.0  0.0  0.0  0.0  0.0  0.0  0.0  0.0  0.0  0.0
  0.0  0.0  0.0  0.0  0.0  0.0  0.0  0.0  0.0  0.0  0.0  0.0  0.0  0.0  0.0
  0.0  0.0  0.0  0.0  0.0  0.0  0.0 47.6  0.0  0.0  0.0  0.0  0.0 47.6  0.0
     -4.76     -5.73     -1.73     12.44      3.59  0.0  0.0  0.0  0.0  0.0
                                   t000274_s10_p34_el2ap.txt  4.5  5.3   25
  0.0  0.0  0.0 80.0  0.0  0.0  0.0  0.0  0.0  0.0  0.0  0.0  0.0  0.0  0.0
  0.0  0.0  0.0 40.0  0.0  0.0200.0200.0 40.0  0.0  0.0  0.0  0.0  0.0  0.0
  0.0 40.0  0.0  0.0  0.0  0.0  0.0  0.0  0.0  0.0 40.0  0.0  0.0 40.0  0.0
  0.0  0.0  0.0  0.0  0.0 40.0 80.0 40.0  0.0  0.0120.0  0.0  0.0 80.0  0.0
  0.0  0.0  0.0  0.0  0.0  0.0  0.0  0.0  0.0  0.0  0.0  0.0  0.0  0.0  0.0
  0.0  0.0  0.0  0.0  0.0  0.0  0.0  0.0  0.0  0.0  0.0  0.0  0.0  0.0  0.0
  0.0  0.0  0.0  0.0  0.0  0.0  0.0  0.0  0.0  0.0  0.0  0.0  0.0  0.0  0.0
  0.0  0.0  0.0  0.0  0.0  0.0  0.0  0.0  0.0  0.0  0.0  0.0  0.0  0.0  0.0
  0.0  0.0  0.0  0.0  0.0  0.0  0.0  0.0  0.0  0.0  0.0  0.0  0.0  0.0  0.0
  0.0  0.0  0.0  0.0  0.0  0.0  0.0  0.0  0.0  0.0  0.0  0.0  0.0 40.0  0.0
    -16.97     -5.73     15.79     12.44      2.43  0.0  0.0  0.0  0.0  0.0
                                   t000274_s10_p36_el2ap.txt  3.0  4.4   13
 76.9  0.0  0.0230.8  0.0  0.0  0.0  0.0  0.0  0.0  0.0  0.0  0.0  0.0  0.0
  0.0  0.0  0.0  0.0  0.0  0.0153.8  0.0  0.0  0.0  0.0  0.0  0.0  0.0  0.0
  0.0  0.0  0.0  0.0  0.0 76.9  0.0  0.0  0.0  0.0  0.0  0.0  0.0 76.9  0.0
  0.0  0.0153.8  0.0  0.0  0.0  0.0 76.9  0.0  0.0  0.0  0.0  0.0230.8  0.0
  0.0  0.0  0.0  0.0  0.0  0.0  0.0  0.0  0.0  0.0  0.0  0.0  0.0  0.0  0.0
  0.0  0.0  0.0  0.0  0.0  0.0  0.0  0.0  0.0  0.0  0.0  0.0  0.0  0.0  0.0
  0.0  0.0  0.0  0.0  0.0  0.0  0.0  0.0  0.0  0.0  0.0  0.0  0.0  0.0  0.0
  0.0  0.0  0.0  0.0  0.0  0.0  0.0  0.0  0.0  0.0  0.0  0.0  0.0  0.0  0.0
  0.0  0.0  0.0  0.0  0.0  0.0  0.0  0.0  0.0  0.0  0.0  0.0  0.0  0.0  0.0
  0.0  0.0  0.0  0.0  0.0  0.0  0.0 76.9  0.0  0.0  0.0  0.0  0.0  0.0  0.0
      0.12     -5.73     -3.40     -6.61      8.03  0.0  0.0  0.0  0.0  0.0
                                   t000274_s10_p37_el2ap.txt 12.5  5.2   68
 14.7  0.0  0.0 44.1  0.0  0.0  0.0  0.0  0.0  0.0  0.0  0.0  0.0  0.0  0.0
  0.0  0.0  0.0 14.7  0.0  0.0382.4161.8 14.7  0.0  0.0  0.0  0.0  0.0  0.0
  0.0  0.0  0.0 29.4  0.0  0.0 14.7  0.0  0.0  0.0 14.7  0.0  0.0 14.7  0.0
  0.0  0.0  0.0  0.0  0.0 14.7 14.7 14.7  0.0  0.0 44.1  0.0  0.0 58.8  0.0
  0.0  0.0  0.0  0.0  0.0  0.0  0.0  0.0  0.0  0.0  0.0  0.0  0.0  0.0  0.0
  0.0  0.0  0.0  0.0  0.0  0.0  0.0  0.0  0.0  0.0  0.0  0.0  0.0  0.0  0.0
  0.0  0.0  0.0  0.0  0.0  0.0  0.0  0.0  0.0  0.0  0.0  0.0  0.0  0.0  0.0
  0.0  0.0  0.0  0.0  0.0  0.0  0.0  0.0  0.0  0.0  0.0  0.0  0.0  0.0  0.0
  0.0  0.0  0.0  0.0  0.0  0.0  0.0  0.0 14.7  0.0 73.5 29.4 14.7 14.7  0.0
  0.0  0.0  0.0  0.0  0.0  0.0  0.0 44.1  0.0  0.0  0.0  0.0  0.0  0.0  0.0
    -23.75     -5.73     -7.43      0.40     -1.40  0.0  0.0  0.0  0.0  0.0
                                   t000274_s10_p39_el2ap.txt  6.3  5.8   29
  0.0  0.0  0.0103.4  0.0  0.0  0.0  0.0  0.0 34.5  0.0  0.0  0.0  0.0  0.0
  0.0  0.0  0.0  0.0  0.0  0.0310.3137.9 69.0  0.0  0.0  0.0 34.5  0.0  0.0
  0.0  0.0  0.0  0.0  0.0 34.5  0.0 34.5  0.0 34.5  0.0 34.5  0.0  0.0  0.0
  0.0  0.0  0.0  0.0  0.0 34.5 34.5  0.0  0.0  0.0 69.0  0.0  0.0137.9 34.5
  0.0  0.0  0.0  0.0  0.0  0.0  0.0  0.0  0.0  0.0  0.0  0.0  0.0  0.0  0.0
  0.0  0.0  0.0  0.0  0.0  0.0  0.0  0.0  0.0  0.0  0.0  0.0  0.0  0.0  0.0
  0.0  0.0  0.0  0.0  0.0  0.0  0.0  0.0  0.0  0.0  0.0  0.0  0.0  0.0  0.0
  0.0  0.0  0.0  0.0  0.0  0.0  0.0  0.0  0.0  0.0  0.0  0.0  0.0  0.0  0.0
  0.0  0.0  0.0  0.0  0.0  0.0  0.0  0.0  0.0  0.0 69.0  0.0  0.0  0.0 34.5
  0.0  0.0  0.0  0.0  0.0  0.0  0.0 34.5 34.5  0.0  0.0  0.0  0.0  0.0  0.0
    -23.06      0.66     -0.99     31.07     -3.63  0.0  0.0  0.0  0.0  0.0
                                    t000274_s10_p4_el2ap.txt  9.8  6.1   48
  0.0  0.0  0.0104.2  0.0  0.0  0.0  0.0  0.0  0.0  0.0  0.0  0.0  0.0  0.0
  0.0  0.0 62.5 20.8  0.0  0.0291.7 41.7104.2  0.0  0.0  0.0  0.0  0.0  0.0
  0.0  0.0  0.0 20.8  0.0 20.8  0.0 20.8  0.0 41.7  0.0  0.0  0.0 20.8 20.8
  0.0  0.0  0.0 20.8  0.0 83.3 62.5 41.7  0.0  0.0104.2  0.0  0.0125.0 20.8
 41.7  0.0  0.0  0.0  0.0  0.0  0.0  0.0  0.0  0.0  0.0  0.0  0.0  0.0  0.0
  0.0  0.0  0.0  0.0  0.0  0.0  0.0  0.0  0.0  0.0  0.0  0.0  0.0  0.0  0.0
  0.0  0.0  0.0  0.0  0.0  0.0  0.0  0.0  0.0  0.0  0.0  0.0  0.0  0.0  0.0
  0.0  0.0  0.0  0.0  0.0  0.0  0.0  0.0  0.0  0.0  0.0  0.0  0.0  0.0  0.0
  0.0  0.0  0.0  0.0  0.0  0.0  0.0  0.0 41.7  0.0 20.8 20.8  0.0  0.0  0.0
  0.0  0.0  0.0  0.0  0.0 20.8  0.0  0.0  0.0  0.0 20.8  0.0  0.0  0.0  0.0
     -4.07     -5.73     -6.16     17.29     15.56  0.0  0.0  0.0  0.0  0.0
                                   t000274_s10_p40_el2ap.txt  3.0  5.1   13
  0.0  0.0  0.0153.8  0.0  0.0  0.0  0.0  0.0  0.0  0.0  0.0  0.0  0.0  0.0
  0.0  0.0  0.0  0.0  0.0  0.0307.7  0.0 76.9  0.0  0.0  0.0  0.0  0.0  0.0
  0.0  0.0  0.0  0.0  0.0  0.0  0.0  0.0  0.0  0.0  0.0  0.0  0.0  0.0  0.0
  0.0 76.9  0.0  0.0  0.0  0.0 76.9  0.0  0.0  0.0 76.9  0.0  0.0230.8 76.9
  0.0  0.0  0.0  0.0  0.0  0.0  0.0  0.0  0.0  0.0  0.0  0.0  0.0  0.0  0.0
  0.0  0.0  0.0  0.0  0.0  0.0  0.0  0.0  0.0  0.0  0.0  0.0  0.0  0.0  0.0
  0.0  0.0  0.0  0.0  0.0  0.0  0.0  0.0  0.0  0.0  0.0  0.0  0.0  0.0  0.0
  0.0  0.0  0.0  0.0  0.0  0.0  0.0  0.0  0.0  0.0  0.0  0.0  0.0  0.0  0.0
  0.0  0.0  0.0  0.0  0.0  0.0  0.0 76.9 76.9  0.0  0.0  0.0  0.0  0.0  0.0
  0.0  0.0  0.0  0.0  0.0  0.0  0.0  0.0  0.0  0.0  0.0 76.9  0.0  0.0  0.0
    -19.66     -5.73      0.97     -6.61     -3.63  0.0  0.0  0.0  0.0  0.0
                                   t000274_s10_p44_el2ap.txt  9.3  6.0   47
  0.0  0.0  0.0 63.8  0.0  0.0  0.0  0.0  0.0  0.0  0.0  0.0  0.0  0.0  0.0
  0.0  0.0  0.0  0.0  0.0  0.0404.3106.4 85.1  0.0  0.0  0.0  0.0  0.0  0.0
  0.0  0.0  0.0  0.0  0.0 21.3 21.3  0.0  0.0  0.0  0.0  0.0  0.0  0.0  0.0
  0.0 21.3  0.0 21.3  0.0  0.0 21.3  0.0  0.0  0.0106.4  0.0  0.0106.4 21.3
  0.0  0.0  0.0  0.0  0.0  0.0  0.0  0.0  0.0  0.0  0.0  0.0  0.0  0.0  0.0
  0.0  0.0  0.0  0.0  0.0  0.0  0.0 21.3  0.0  0.0  0.0  0.0  0.0  0.0  0.0
  0.0  0.0  0.0  0.0  0.0  0.0  0.0  0.0 21.3  0.0  0.0  0.0  0.0  0.0  0.0
  0.0 21.3  0.0 21.3  0.0 21.3 21.3  0.0  0.0  0.0  0.0  0.0  0.0  0.0  0.0
  0.0  0.0  0.0  0.0  0.0  0.0  0.0 21.3 42.6  0.0 42.6 42.6  0.0 21.3  0.0
  0.0  0.0  0.0  0.0  0.0  0.0  0.0 21.3  0.0 21.3 21.3  0.0  0.0  0.0  0.0
    -31.98     -5.73     -0.24     -6.61     -3.63  0.0  0.0  0.0  0.0  0.0
                                   t000274_s10_p45_el2ap.txt 14.3  5.1   75
 13.3  0.0  0.0 53.3  0.0  0.0 13.3  0.0  0.0  0.0  0.0  0.0  0.0  0.0  0.0
  0.0  0.0 13.3  0.0  0.0  0.0333.3133.3 80.0  0.0  0.0  0.0  0.0  0.0  0.0
  0.0  0.0  0.0  0.0  0.0 26.7 13.3  0.0  0.0  0.0  0.0  0.0 13.3 13.3  0.0
 13.3 26.7  0.0  0.0 13.3 13.3 26.7 26.7  0.0  0.0106.7  0.0  0.0 93.3  0.0
  0.0  0.0  0.0  0.0  0.0  0.0  0.0  0.0  0.0  0.0  0.0  0.0  0.0  0.0  0.0
  0.0  0.0  0.0  0.0  0.0  0.0 13.3  0.0  0.0  0.0  0.0  0.0  0.0  0.0  0.0
 13.3  0.0  0.0  0.0  0.0  0.0  0.0  0.0  0.0  0.0  0.0  0.0  0.0  0.0  0.0
 13.3  0.0  0.0 13.3 13.3  0.0 13.3  0.0  0.0  0.0  0.0  0.0  0.0  0.0  0.0
  0.0  0.0  0.0  0.0  0.0  0.0  0.0  0.0 40.0  0.0  0.0  0.0 13.3 53.3 26.7
  0.0  0.0  0.0  0.0  0.0  0.0  0.0  0.0  0.0 13.3  0.0  0.0 13.3  0.0  0.0
    -21.03     -5.73     -0.54     -6.61     11.03  0.0  0.0  0.0  0.0  0.0
                                   t000274_s10_p46_el2ap.txt  3.5  6.4   14
 71.4  0.0  0.0142.9  0.0  0.0  0.0  0.0  0.0  0.0  0.0  0.0  0.0  0.0  0.0
  0.0  0.0  0.0  0.0  0.0  0.0214.3142.9 71.4 71.4 71.4  0.0 71.4  0.0  0.0
  0.0  0.0  0.0  0.0  0.0 71.4  0.0  0.0  0.0  0.0  0.0  0.0 71.4  0.0  0.0
  0.0  0.0  0.0  0.0  0.0  0.0  0.0  0.0  0.0  0.0 71.4 71.4  0.0214.3  0.0
  0.0  0.0  0.0  0.0  0.0  0.0  0.0  0.0  0.0  0.0  0.0  0.0  0.0  0.0  0.0
  0.0  0.0  0.0  0.0  0.0  0.0  0.0  0.0  0.0  0.0  0.0  0.0  0.0  0.0  0.0
  0.0  0.0  0.0  0.0  0.0  0.0  0.0  0.0  0.0  0.0 71.4  0.0  0.0  0.0  0.0
  0.0  0.0  0.0  0.0  0.0  0.0  0.0 71.4  0.0  0.0  0.0  0.0  0.0  0.0  0.0
  0.0  0.0  0.0  0.0  0.0  0.0  0.0  0.0  0.0  0.0 71.4  0.0  0.0  0.0  0.0
  0.0  0.0  0.0  0.0  0.0  0.0  0.0 71.4 71.4  0.0  0.0  0.0  0.0  0.0  0.0
    -19.20     13.02     -3.08     -6.61     41.02  0.0  0.0  0.0  0.0  0.0
                                    t000274_s10_p5_el2ap.txt  6.5  5.2   30
  0.0  0.0  0.0 66.7  0.0  0.0  0.0  0.0  0.0  0.0  0.0  0.0  0.0  0.0  0.0
  0.0  0.0  0.0  0.0  0.0  0.0366.7266.7 33.3 33.3  0.0  0.0 33.3  0.0  0.0
  0.0  0.0  0.0  0.0  0.0  0.0 33.3  0.0  0.0  0.0  0.0  0.0  0.0  0.0  0.0
  0.0  0.0  0.0  0.0  0.0  0.0  0.0  0.0  0.0  0.0 66.7  0.0  0.0133.3  0.0
  0.0  0.0  0.0  0.0  0.0  0.0  0.0  0.0  0.0  0.0  0.0  0.0  0.0  0.0  0.0
  0.0  0.0  0.0 33.3  0.0  0.0  0.0  0.0  0.0  0.0  0.0  0.0  0.0  0.0  0.0
  0.0  0.0 33.3  0.0  0.0  0.0  0.0  0.0  0.0  0.0  0.0  0.0  0.0  0.0  0.0
 33.3  0.0  0.0 33.3 33.3  0.0 33.3  0.0  0.0  0.0  0.0  0.0  0.0  0.0  0.0
  0.0  0.0  0.0  0.0  0.0  0.0  0.0  0.0 33.3  0.0 33.3 33.3  0.0  0.0  0.0
  0.0  0.0  0.0  0.0  0.0  0.0  0.0  0.0  0.0 33.3  0.0  0.0  0.0  0.0  0.0
    -32.35      1.54      0.97     -6.61     -3.63  0.0  0.0  0.0  0.0  0.0
                                    t000274_s10_p6_el2ap.txt 10.8  5.8   49
 20.4  0.0  0.0102.0  0.0  0.0  0.0  0.0  0.0  0.0  0.0  0.0  0.0  0.0  0.0
  0.0  0.0  0.0  0.0  0.0  0.0244.9102.0 81.6 20.4  0.0  0.0 20.4  0.0  0.0
  0.0  0.0  0.0  0.0  0.0 40.8  0.0  0.0  0.0  0.0 40.8  0.0 40.8 61.2  0.0
 20.4 81.6  0.0  0.0  0.0 40.8 81.6 81.6  0.0  0.0102.0  0.0  0.0142.9  0.0
  0.0  0.0  0.0  0.0  0.0  0.0  0.0  0.0  0.0  0.0  0.0  0.0  0.0  0.0  0.0
  0.0  0.0  0.0  0.0  0.0  0.0  0.0  0.0  0.0  0.0  0.0  0.0  0.0  0.0  0.0
  0.0  0.0  0.0  0.0  0.0  0.0  0.0  0.0  0.0  0.0  0.0  0.0  0.0  0.0  0.0
  0.0  0.0  0.0  0.0  0.0  0.0  0.0  0.0  0.0  0.0  0.0  0.0  0.0  0.0  0.0
  0.0  0.0  0.0  0.0  0.0  0.0  0.0  0.0 20.4  0.0 40.8  0.0  0.0  0.0  0.0
  0.0  0.0  0.0  0.0  0.0  0.0  0.0 20.4 20.4 40.8  0.0  0.0  0.0  0.0  0.0
    -23.46     -1.28     -1.35     12.83     37.74  0.0  0.0  0.0  0.0  0.0
                                    t000274_s10_p7_el2ap.txt  8.0  5.4   39
  0.0  0.0  0.0 25.6  0.0  0.0  0.0  0.0  0.0  0.0 25.6  0.0  0.0  0.0  0.0
  0.0  0.0  0.0  0.0  0.0  0.0282.1102.6 51.3  0.0  0.0  0.0  0.0  0.0  0.0
  0.0 51.3  0.0  0.0  0.0 51.3  0.0  0.0  0.0  0.0 25.6  0.0  0.0  0.0  0.0
  0.0  0.0  0.0 25.6  0.0 25.6 51.3  0.0  0.0  0.0230.8  0.0  0.0 51.3 25.6
  0.0  0.0  0.0  0.0  0.0  0.0  0.0  0.0  0.0  0.0  0.0  0.0  0.0  0.0  0.0
  0.0  0.0  0.0  0.0  0.0  0.0  0.0  0.0  0.0  0.0  0.0  0.0  0.0  0.0  0.0
  0.0  0.0  0.0  0.0  0.0  0.0  0.0  0.0  0.0  0.0  0.0  0.0  0.0  0.0  0.0
  0.0  0.0  0.0  0.0  0.0  0.0  0.0  0.0  0.0  0.0  0.0  0.0  0.0  0.0  0.0
  0.0  0.0  0.0  0.0  0.0  0.0  0.0  0.0 25.6  0.0  0.0  0.0  0.0  0.0  0.0
  0.0  0.0  0.0  0.0  0.0  0.0  0.0  0.0  0.0  0.0  0.0  0.0  0.0  0.0  0.0
    -23.55     -5.73     17.05      5.60     -3.63  0.0  0.0  0.0  0.0  0.0
                                    t000274_s10_p9_el2ap.txt  6.5  5.0   30
 33.3  0.0  0.0 66.7  0.0  0.0  0.0  0.0  0.0  0.0 33.3  0.0  0.0  0.0  0.0
  0.0  0.0  0.0  0.0  0.0  0.0300.0100.0100.0  0.0  0.0  0.0  0.0  0.0  0.0
  0.0  0.0  0.0  0.0  0.0 66.7 33.3  0.0  0.0  0.0 33.3  0.0  0.0  0.0  0.0
  0.0  0.0  0.0  0.0  0.0 33.3  0.0  0.0  0.0  0.0100.0  0.0  0.0133.3 33.3
  0.0  0.0  0.0  0.0  0.0  0.0  0.0  0.0  0.0  0.0  0.0  0.0  0.0  0.0  0.0
  0.0  0.0  0.0  0.0  0.0  0.0  0.0  0.0  0.0  0.0  0.0  0.0  0.0  0.0  0.0
  0.0  0.0 33.3  0.0  0.0  0.0  0.0  0.0  0.0  0.0  0.0  0.0 66.7  0.0  0.0
  0.0  0.0  0.0  0.0 33.3  0.0 33.3 66.7  0.0  0.0  0.0  0.0  0.0  0.0  0.0
  0.0  0.0  0.0  0.0  0.0  0.0  0.0  0.0  0.0  0.0 66.7  0.0  0.0  0.0  0.0
  0.0  0.0  0.0  0.0  0.0  0.0  0.0 66.7  0.0  0.0  0.0  0.0  0.0  0.0  0.0
    -20.16     -5.73     -2.81      9.27     -3.63  0.0  0.0 33.3  0.0  0.0
                                     t000274_s4_p1_el2ap.txt 14.5  5.7   86
  0.0  0.0  0.0 93.0  0.0  0.0  0.0 11.6  0.0  0.0 11.6  0.0  0.0  0.0  0.0
  0.0  0.0  0.0 23.3  0.0  0.0337.2151.2 93.0 11.6  0.0  0.0  0.0  0.0  0.0
  0.0  0.0  0.0  0.0  0.0 11.6 23.3  0.0 11.6  0.0 34.9  0.0  0.0 23.3  0.0
  0.0  0.0  0.0  0.0  0.0 34.9 23.3 23.3  0.0  0.0 93.0  0.0  0.0127.9  0.0
  0.0  0.0  0.0  0.0  0.0  0.0  0.0  0.0  0.0  0.0  0.0  0.0  0.0  0.0  0.0
  0.0  0.0  0.0 11.6  0.0  0.0  0.0  0.0  0.0  0.0  0.0  0.0  0.0  0.0  0.0
  0.0  0.0 11.6  0.0  0.0  0.0  0.0  0.0  0.0  0.0  0.0  0.0  0.0  0.0  0.0
 11.6  0.0  0.0 11.6 11.6  0.0 11.6  0.0  0.0  0.0  0.0  0.0  0.0  0.0  0.0
  0.0  0.0  0.0  0.0  0.0  0.0  0.0 11.6 11.6  0.0 46.5 11.6  0.0 11.6  0.0
  0.0  0.0  0.0  0.0  0.0  0.0 11.6 11.6 11.6  0.0 11.6  0.0  0.0  0.0  0.0
    -21.76     -5.35      0.31     13.76     -0.10  0.0  0.0  0.0  0.0  0.0
                                     t000275_s1_p1_el2ap.txt 25.3  5.4  143
 14.0  0.0  0.0 49.0  0.0  0.0  0.0  0.0  7.0 14.0  0.0  0.0  0.0  0.0  0.0
  0.0  0.0  0.0  0.0  0.0  0.0321.7132.9 55.9 14.0  0.0 28.0  0.0  0.0  0.0
  0.0  7.0  0.0  0.0  7.0 35.0 21.0  0.0  7.0  0.0  0.0  0.0  7.0 35.0  0.0
 14.0  7.0  0.0  0.0  7.0  0.0 14.0 49.0  0.0  0.0 76.9  7.0  0.0111.9 14.0
  0.0  0.0  0.0  0.0  0.0  0.0  0.0  0.0  0.0  0.0  0.0  0.0  0.0  0.0  0.0
  0.0  0.0  0.0  0.0  0.0  7.0  0.0  0.0  0.0  0.0  0.0  0.0  0.0  0.0 14.0
  0.0  0.0  0.0  0.0  0.0  0.0  0.0  0.0  0.0  0.0  0.0  0.0  0.0  0.0  0.0
  7.0  0.0  0.0  7.0 14.0  0.0 14.0  0.0  0.0  0.0  0.0  0.0  0.0  0.0  0.0
  0.0  7.0  0.0  0.0  0.0  0.0  0.0  0.0  7.0  0.0 35.0  0.0  0.0  0.0  7.0
  7.0  0.0  0.0  0.0  0.0  7.0  7.0 14.0  7.0 21.0 21.0  0.0 14.0  0.0  0.0
    -24.40      0.11     -0.48     -4.35     10.55  0.0  0.0  0.0  0.0  0.0
                                    t000275_s12_p1_el2ap.txt 21.0  5.5  123
  0.0  0.0  0.0 65.0  0.0  0.0  0.0  0.0  0.0  0.0  8.1  0.0  0.0  0.0  0.0
  0.0  0.0  8.1  0.0  0.0  0.0333.3105.7113.8  8.1  0.0  0.0  0.0  0.0  0.0
  0.0  0.0  0.0  8.1  8.1 16.3  0.0  0.0  0.0  0.0 24.4  0.0 16.3 24.4  0.0
 24.4  0.0  0.0  8.1  8.1 32.5  0.0 48.8  0.0  0.0146.3  0.0  0.0 97.6  0.0
  0.0  0.0  0.0  0.0  0.0  0.0  0.0  0.0  0.0  0.0  0.0  0.0  0.0  0.0  0.0
  0.0  0.0  0.0  0.0  0.0  0.0  0.0  0.0  0.0  0.0  0.0  0.0  0.0  0.0  0.0
  0.0  0.0  0.0  0.0  0.0  0.0  0.0  0.0  0.0  0.0  0.0  0.0  0.0  0.0  0.0
  0.0  0.0  0.0  0.0  0.0  0.0  0.0  0.0  0.0  0.0  0.0  0.0  0.0  0.0  0.0
  0.0  8.1  0.0  0.0  0.0  0.0  0.0  8.1 40.7  0.0 40.7 24.4  0.0  0.0 16.3
  0.0  0.0  0.0  0.0  0.0  0.0  0.0 16.3  0.0  0.0  8.1  0.0  8.1  0.0  0.0
    -26.96     -5.46     -4.66      5.01     18.10  0.0  0.0  0.0  0.0  0.0
                                    t000275_s12_p2_el2ap.txt 24.0  4.9  146
  0.0  0.0  0.0 61.6  0.0  0.0  6.8  0.0  0.0  0.0  6.8  0.0  0.0  0.0  0.0
  0.0  0.0  0.0  0.0  0.0  0.0363.0123.3 47.9  6.8  0.0  6.8  0.0  0.0  0.0
  0.0  0.0  0.0  6.8  0.0 13.7 20.5  0.0  0.0  0.0  0.0  6.8  6.8  6.8  0.0
  6.8  6.8  6.8  0.0  6.8  0.0  6.8 13.7  0.0  0.0 68.5  0.0  0.0 89.0  0.0
  0.0  0.0  0.0  0.0  0.0  0.0  0.0  0.0  0.0  0.0  0.0  0.0  0.0  0.0  0.0
  0.0  0.0  0.0 13.7  0.0  0.0  0.0  0.0  6.8  0.0  0.0  0.0  0.0  0.0  6.8
  0.0  0.0  6.8  0.0  6.8  0.0  0.0  0.0  0.0  0.0  0.0  0.0  0.0  0.0  0.0
 13.7  6.8  0.0 20.5 13.7  6.8 20.5  0.0  0.0  0.0  0.0  0.0  0.0  0.0  0.0
  0.0  0.0  0.0  0.0  0.0  0.0  0.0  6.8  6.8  0.0  6.8 89.0 20.5  0.0  0.0
  0.0  0.0  0.0  0.0  0.0  6.8  0.0  6.8  0.0  0.0  0.0  0.0  0.0  0.0  0.0
    -24.64     -4.19     -1.76     -3.87      3.90  0.0  0.0  0.0  0.0  0.0
                                    t000275_s12_p3_el2ap.txt 13.3  5.5   67
  0.0  0.0  0.0 74.6  0.0  0.0  0.0  0.0  0.0 29.9 14.9  0.0  0.0  0.0  0.0
  0.0  0.0  0.0 14.9  0.0  0.0313.4119.4 14.9  0.0  0.0  0.0  0.0  0.0  0.0
  0.0  0.0  0.0  0.0  0.0 14.9 44.8  0.0  0.0  0.0 14.9  0.0  0.0 29.9  0.0
  0.0  0.0 14.9  0.0 14.9 14.9 14.9 29.9  0.0  0.0 59.7  0.0  0.0119.4  0.0
  0.0  0.0  0.0  0.0  0.0  0.0  0.0  0.0  0.0  0.0  0.0  0.0  0.0  0.0  0.0
  0.0  0.0  0.0 14.9  0.0  0.0  0.0  0.0  0.0  0.0  0.0  0.0  0.0  0.0  0.0
  0.0  0.0  0.0  0.0  0.0  0.0  0.0  0.0  0.0  0.0  0.0  0.0 14.9  0.0  0.0
 14.9  0.0  0.0 14.9  0.0  0.0  0.0 14.9  0.0  0.0  0.0  0.0  0.0  0.0  0.0
  0.0  0.0  0.0  0.0  0.0  0.0  0.0  0.0 29.9  0.0 14.9  0.0  0.0  0.0 29.9
  0.0  0.0  0.0  0.0  0.0  0.0  0.0 14.9 29.9  0.0 14.9  0.0  0.0  0.0  0.0
    -15.73     -5.73      0.13      0.50      0.90  0.0  0.0  0.0  0.0  0.0
                                    t000275_s12_p4_el2ap.txt  3.3  4.9   15
  0.0  0.0  0.0 66.7  0.0  0.0  0.0  0.0  0.0  0.0  0.0  0.0  0.0  0.0  0.0
  0.0  0.0  0.0  0.0  0.0  0.0266.7 66.7  0.0  0.0  0.0  0.0  0.0  0.0  0.0
  0.0  0.0  0.0  0.0  0.0 66.7 66.7  0.0  0.0  0.0  0.0 66.7  0.0  0.0  0.0
  0.0  0.0  0.0  0.0 66.7  0.0  0.0  0.0  0.0  0.0200.0  0.0  0.0133.3  0.0
  0.0  0.0  0.0  0.0  0.0  0.0  0.0  0.0  0.0  0.0  0.0  0.0  0.0  0.0  0.0
  0.0  0.0  0.0  0.0  0.0  0.0  0.0 66.7  0.0 66.7  0.0  0.0  0.0  0.0  0.0
  0.0  0.0  0.0  0.0  0.0  0.0  0.0  0.0  0.0  0.0  0.0  0.0  0.0  0.0  0.0
  0.0133.3  0.0133.3  0.0  0.0  0.0  0.0  0.0  0.0  0.0  0.0  0.0  0.0  0.0
  0.0  0.0  0.0  0.0  0.0  0.0  0.0  0.0  0.0  0.0  0.0  0.0  0.0 66.7  0.0
  0.0  0.0  0.0  0.0  0.0  0.0  0.0  0.0  0.0  0.0  0.0  0.0  0.0  0.0  0.0
    -19.06     -5.73     -2.81     20.06     -3.63  0.0  0.0  0.0  0.0  0.0
                                    t000275_s12_p5_el2ap.txt 12.5  4.5   72
  0.0  0.0  0.0 83.3  0.0  0.0  0.0  0.0  0.0 13.9  0.0  0.0  0.0 13.9  0.0
  0.0  0.0  0.0  0.0  0.0  0.0291.7 69.4 41.7 41.7  0.0  0.0 13.9  0.0  0.0
  0.0  0.0  0.0 27.8  0.0  0.0  0.0  0.0  0.0  0.0 13.9  0.0  0.0 41.7  0.0
  0.0 27.8  0.0  0.0  0.0 13.9 27.8 41.7  0.0  0.0 41.7  0.0  0.0125.0 13.9
  0.0  0.0  0.0  0.0  0.0  0.0  0.0  0.0  0.0  0.0  0.0  0.0  0.0  0.0  0.0
  0.0  0.0  0.0  0.0  0.0  0.0  0.0  0.0  0.0  0.0  0.0  0.0  0.0  0.0  0.0
  0.0  0.0  0.0  0.0  0.0  0.0  0.0  0.0  0.0  0.0  0.0  0.0  0.0  0.0  0.0
  0.0  0.0  0.0  0.0  0.0  0.0  0.0  0.0  0.0  0.0  0.0  0.0  0.0  0.0  0.0
  0.0  0.0  0.0  0.0  0.0  0.0  0.0  0.0 13.9  0.0 41.7 55.6  0.0  0.0  0.0
  0.0  0.0  0.0  0.0  0.0 13.9  0.0 27.8 13.9  0.0  0.0  0.0 13.9  0.0  0.0
    -11.82     -1.79     -6.96      0.01      2.69  0.0  0.0  0.0  0.0  0.0
                                    t000275_s12_p6_el2ap.txt 11.0  5.3   66
  0.0 15.2  0.0 30.3  0.0  0.0  0.0  0.0  0.0  0.0  0.0  0.0  0.0  0.0  0.0
  0.0  0.0  0.0  0.0  0.0  0.0393.9151.5 75.8 45.5  0.0  0.0 15.2  0.0  0.0
  0.0  0.0  0.0 30.3  0.0  0.0 15.2  0.0  0.0  0.0  0.0 15.2  0.0 15.2  0.0
  0.0  0.0  0.0  0.0  0.0  0.0  0.0 15.2  0.0  0.0 90.9  0.0  0.0 90.9  0.0
  0.0  0.0  0.0  0.0  0.0  0.0  0.0  0.0  0.0  0.0  0.0  0.0  0.0  0.0  0.0
  0.0  0.0  0.0 15.2  0.0  0.0  0.0  0.0  0.0  0.0  0.0  0.0  0.0  0.0  0.0
  0.0  0.0  0.0  0.0  0.0  0.0  0.0  0.0  0.0  0.0  0.0  0.0  0.0  0.0  0.0
 15.2  0.0  0.0 15.2  0.0  0.0  0.0  0.0  0.0  0.0  0.0  0.0  0.0  0.0  0.0
  0.0  0.0  0.0  0.0  0.0  0.0  0.0  0.0  0.0  0.0 60.6 90.9 15.2 30.3  0.0
  0.0  0.0  0.0  0.0  0.0  0.0  0.0  0.0 15.2  0.0  0.0  0.0  0.0  0.0  0.0
    -28.35     -1.43     -7.68     -0.54     -1.33  0.0  0.0  0.0  0.0  0.0
                                    t000275_s12_p7_el2ap.txt  4.8  5.6   20
  0.0  0.0  0.0  0.0  0.0  0.0  0.0  0.0  0.0  0.0  0.0  0.0  0.0  0.0  0.0
  0.0  0.0  0.0  0.0  0.0  0.0400.0100.0100.0  0.0  0.0  0.0  0.0  0.0  0.0
  0.0  0.0  0.0  0.0  0.0  0.0 50.0  0.0  0.0  0.0  0.0  0.0  0.0  0.0  0.0
  0.0  0.0  0.0  0.0  0.0  0.0  0.0  0.0  0.0  0.0150.0  0.0  0.0 50.0  0.0
  0.0  0.0  0.0  0.0  0.0  0.0  0.0  0.0  0.0  0.0  0.0  0.0  0.0  0.0  0.0
  0.0  0.0  0.0  0.0  0.0  0.0  0.0  0.0  0.0  0.0  0.0  0.0  0.0  0.0  0.0
  0.0  0.0  0.0  0.0  0.0  0.0  0.0  0.0  0.0 50.0  0.0  0.0  0.0  0.0  0.0
  0.0  0.0  0.0  0.0  0.0  0.0 50.0  0.0  0.0  0.0  0.0  0.0  0.0  0.0  0.0
  0.0  0.0  0.0  0.0  0.0  0.0  0.0  0.0  0.0  0.0 50.0  0.0  0.0  0.0  0.0
  0.0  0.0  0.0  0.0  0.0  0.0  0.0  0.0  0.0  0.0  0.0  0.0  0.0  0.0  0.0
    -33.21     -5.73      0.97     -6.61     -3.63  0.0  0.0  0.0  0.0  0.0
                                    t000275_s12_p8_el2ap.txt 11.3  4.7   64
  0.0  0.0  0.0109.4  0.0  0.0  0.0  0.0  0.0  0.0  0.0  0.0  0.0 15.6  0.0
  0.0  0.0  0.0  0.0  0.0 15.6281.3109.4 46.9 15.6 15.6  0.0 15.6  0.0 15.6
  0.0  0.0  0.0 15.6  0.0 15.6  0.0 15.6  0.0  0.0 15.6 15.6  0.0 62.5  0.0
  0.0  0.0  0.0 15.6  0.0 31.3  0.0 62.5  0.0 15.6 46.9 15.6  0.0125.0  0.0
  0.0  0.0  0.0  0.0  0.0  0.0  0.0  0.0  0.0  0.0  0.0  0.0  0.0  0.0  0.0
  0.0  0.0  0.0  0.0  0.0  0.0  0.0  0.0  0.0  0.0  0.0  0.0  0.0  0.0  0.0
  0.0  0.0  0.0  0.0  0.0  0.0  0.0  0.0  0.0  0.0  0.0  0.0  0.0  0.0  0.0
  0.0  0.0  0.0  0.0  0.0  0.0  0.0  0.0  0.0  0.0  0.0  0.0  0.0  0.0  0.0
  0.0  0.0  0.0  0.0  0.0  0.0  0.0 15.6 15.6  0.0 15.6 46.9 15.6  0.0  0.0
  0.0  0.0  0.0  0.0  0.0  0.0  0.0 15.6 15.6  0.0  0.0  0.0  0.0 31.3  0.0
     -8.43     -1.63      3.43     10.81      5.84  0.0  0.0  0.0  0.0  0.0
                                    t000275_s12_p9_el2ap.txt 13.8  5.2   71
 14.1  0.0  0.0 28.2  0.0  0.0  0.0  0.0  0.0 28.2  0.0  0.0  0.0  0.0  0.0
 14.1  0.0  0.0  0.0  0.0  0.0338.0112.7 98.6  0.0  0.0  0.0  0.0  0.0  0.0
  0.0  0.0  0.0  0.0  0.0 14.1 14.1  0.0  0.0  0.0 14.1 14.1  0.0 14.1  0.0
  0.0 42.3  0.0  0.0  0.0 14.1 42.3 14.1  0.0  0.0126.8  0.0  0.0 70.4 14.1
  0.0  0.0  0.0  0.0  0.0  0.0  0.0  0.0  0.0  0.0  0.0  0.0  0.0  0.0  0.0
  0.0  0.0  0.0  0.0  0.0  0.0  0.0  0.0  0.0  0.0  0.0  0.0  0.0  0.0  0.0
  0.0  0.0  0.0  0.0  0.0  0.0  0.0  0.0  0.0  0.0  0.0  0.0  0.0  0.0  0.0
  0.0  0.0  0.0  0.0  0.0  0.0  0.0  0.0  0.0  0.0  0.0  0.0  0.0  0.0  0.0
  0.0  0.0  0.0  0.0  0.0  0.0  0.0  0.0  0.0  0.0 14.1 56.3  0.0  0.0 28.2
  0.0  0.0  0.0  0.0  0.0  0.0  0.0  0.0  0.0  0.0 14.1  0.0  0.0  0.0  0.0
    -19.29     -5.73      0.17      5.74     -1.49  0.0  0.0  0.0  0.0  0.0
                                     t000275_s4_p1_el2ap.txt  8.0  6.1   37
  0.0  0.0  0.0 81.1  0.0  0.0  0.0  0.0  0.0 27.0  0.0  0.0  0.0  0.0  0.0
  0.0  0.0 54.1  0.0  0.0  0.0324.3162.2135.1  0.0  0.0  0.0  0.0  0.0  0.0
  0.0  0.0  0.0  0.0  0.0 27.0  0.0  0.0  0.0  0.0  0.0  0.0  0.0  0.0 27.0
  0.0  0.0  0.0  0.0  0.0 54.1  0.0 27.0  0.0  0.0162.2  0.0  0.0 81.1  0.0
  0.0  0.0  0.0  0.0  0.0  0.0  0.0  0.0  0.0  0.0  0.0  0.0  0.0  0.0  0.0
  0.0  0.0  0.0  0.0  0.0  0.0  0.0  0.0  0.0  0.0  0.0  0.0  0.0  0.0  0.0
  0.0  0.0  0.0  0.0  0.0  0.0  0.0  0.0  0.0  0.0  0.0  0.0  0.0  0.0  0.0
  0.0  0.0  0.0  0.0  0.0  0.0  0.0  0.0  0.0  0.0  0.0  0.0  0.0  0.0  0.0
  0.0  0.0  0.0  0.0  0.0  0.0  0.0  0.0  0.0 27.0  0.0  0.0  0.0  0.0 27.0
  0.0  0.0  0.0  0.0 27.0  0.0  0.0  0.0  0.0  0.0 81.1  0.0  0.0  0.0  0.0
    -14.92     -5.73     -0.56     -6.61     17.16  0.0  0.0  0.0  0.0  0.0
                                     t000275_s5_p1_el2ap.txt 12.0  5.5   56
  0.0  0.0  0.0 89.3  0.0  0.0  0.0  0.0  0.0 35.7  0.0  0.0  0.0  0.0  0.0
  0.0  0.0  0.0  0.0  0.0  0.0303.6 89.3125.0  0.0  0.0 17.9  0.0  0.0  0.0
  0.0 17.9  0.0  0.0  0.0 35.7  0.0 17.9  0.0  0.0  0.0  0.0 17.9 17.9  0.0
  0.0 35.7 17.9  0.0  0.0 17.9 53.6 17.9  0.0  0.0160.7  0.0  0.0 89.3  0.0
  0.0  0.0  0.0  0.0  0.0  0.0  0.0  0.0  0.0  0.0  0.0  0.0  0.0  0.0  0.0
  0.0  0.0  0.0  0.0  0.0  0.0 17.9  0.0  0.0  0.0  0.0  0.0  0.0  0.0  0.0
  0.0  0.0  0.0  0.0  0.0  0.0  0.0  0.0  0.0  0.0  0.0  0.0  0.0  0.0  0.0
 17.9  0.0  0.0 17.9  0.0  0.0  0.0  0.0  0.0  0.0  0.0  0.0  0.0  0.0  0.0
  0.0  0.0  0.0  0.0  0.0  0.0  0.0  0.0 17.9  0.0 35.7  0.0  0.0  0.0  0.0
  0.0  0.0  0.0  0.0  0.0 17.9 17.9  0.0  0.0 17.9 17.9  0.0  0.0  0.0  0.0
    -23.57     -2.29      5.56     -2.35     10.24  0.0  0.0  0.0  0.0  0.0
                                     t000275_s5_p2_el2ap.txt 10.3  5.6   47
  0.0  0.0  0.0 85.1  0.0  0.0  0.0  0.0  0.0  0.0  0.0  0.0  0.0  0.0  0.0
  0.0  0.0 21.3 21.3  0.0  0.0425.5 85.1 63.8  0.0  0.0 21.3  0.0  0.0  0.0
  0.0  0.0  0.0  0.0 21.3 21.3  0.0  0.0  0.0  0.0 21.3  0.0 21.3 21.3  0.0
  0.0  0.0  0.0  0.0  0.0 42.6 21.3 21.3  0.0  0.0 63.8  0.0  0.0 85.1  0.0
  0.0  0.0  0.0  0.0  0.0  0.0  0.0  0.0  0.0  0.0  0.0  0.0  0.0  0.0  0.0
  0.0  0.0  0.0  0.0  0.0  0.0  0.0  0.0  0.0  0.0  0.0  0.0  0.0  0.0  0.0
  0.0  0.0  0.0  0.0  0.0  0.0  0.0  0.0  0.0  0.0  0.0  0.0  0.0  0.0  0.0
  0.0  0.0  0.0  0.0  0.0  0.0  0.0  0.0  0.0  0.0  0.0  0.0  0.0  0.0  0.0
  0.0 21.3  0.0  0.0  0.0  0.0  0.0 21.3 21.3  0.0 63.8 21.3  0.0  0.0  0.0
  0.0  0.0  0.0  0.0  0.0  0.0  0.0 42.6 21.3  0.0  0.0  0.0  0.0  0.0  0.0
    -18.52     -1.64     -6.49      3.53     12.90  0.0  0.0  0.0  0.0  0.0
                                     t000275_s5_p3_el2ap.txt 15.0  5.4   68
  0.0 14.7  0.0 73.5  0.0  0.0  0.0  0.0  0.0  0.0  0.0  0.0  0.0  0.0  0.0
  0.0  0.0 14.7  0.0  0.0  0.0352.9 88.2 44.1 58.8 14.7 29.4 14.7  0.0 14.7
  0.0 14.7  0.0 14.7  0.0  0.0  0.0  0.0  0.0  0.0  0.0 14.7  0.0  0.0  0.0
  0.0 14.7  0.0 14.7  0.0 14.7 29.4  0.0  0.0 14.7 58.8 14.7 14.7132.4 14.7
 14.7  0.0  0.0  0.0  0.0  0.0  0.0  0.0  0.0  0.0  0.0  0.0  0.0  0.0  0.0
  0.0  0.0  0.0 14.7  0.0  0.0  0.0  0.0  0.0  0.0  0.0  0.0  0.0  0.0  0.0
  0.0  0.0  0.0  0.0  0.0  0.0  0.0  0.0  0.0  0.0  0.0  0.0  0.0  0.0  0.0
 14.7  0.0  0.0 14.7  0.0  0.0  0.0  0.0  0.0  0.0  0.0  0.0  0.0  0.0  0.0
  0.0  0.0  0.0  0.0  0.0  0.0  0.0  0.0 44.1  0.0  0.0 14.7  0.0  0.0  0.0
 14.7  0.0  0.0  0.0  0.0  0.0  0.0  0.0 44.1 14.7  0.0  0.0  0.0  0.0  0.0
    -18.09      5.24      9.57     -0.72     -3.63  0.0  0.0  0.0  0.0  0.0
                                     t000275_s5_p4_el2ap.txt 22.0  6.2  103
  9.7  0.0  0.0 58.3  0.0  0.0  0.0  0.0  0.0  0.0  0.0  0.0  0.0  0.0  0.0
  0.0  0.0  9.7  9.7  0.0  0.0436.9 97.1 68.0  9.7  9.7 19.4  0.0  0.0  9.7
  0.0  0.0  0.0  9.7  0.0 38.8 19.4  0.0  0.0  0.0  0.0  9.7 19.4  0.0  0.0
  0.0  9.7  0.0  0.0  0.0  9.7 19.4  0.0  0.0  9.7 68.0  9.7  9.7 97.1  9.7
  9.7  0.0  0.0  0.0  0.0  0.0  0.0  0.0  0.0  0.0  0.0  0.0  0.0  0.0  0.0
  0.0  0.0  0.0  0.0  0.0  0.0  0.0  0.0  0.0  0.0  0.0  0.0  0.0  0.0  0.0
  0.0  0.0  0.0  0.0  0.0  0.0  0.0  0.0  0.0  0.0  0.0  0.0  0.0  0.0  0.0
  0.0  0.0  0.0  0.0  0.0  0.0  0.0  0.0  0.0  0.0  0.0  0.0  0.0  0.0  0.0
  0.0  0.0  0.0  0.0  0.0  0.0  0.0  0.0 19.4  0.0 38.8  9.7  9.7  0.0  9.7
  0.0  9.7  0.0  0.0  0.0  0.0  0.0  9.7  0.0  0.0  0.0  9.7  0.0  0.0  0.0
    -26.41     -1.24      0.85     -2.72      8.51  9.7  0.0  0.0  0.0  0.0
                                     t000275_s5_p5_el2ap.txt 16.3  5.4   79
 12.7  0.0  0.0 75.9  0.0  0.0  0.0  0.0  0.0  0.0  0.0  0.0  0.0  0.0  0.0
  0.0  0.0 25.3  0.0  0.0  0.0316.5126.6 50.6  0.0 12.7 12.7  0.0  0.0  0.0
  0.0  0.0  0.0  0.0  0.0 38.0 12.7  0.0  0.0  0.0 12.7 12.7 12.7  0.0  0.0
  0.0 12.7 12.7 12.7  0.0 38.0 12.7  0.0  0.0  0.0101.3 12.7  0.0101.3 12.7
  0.0  0.0  0.0  0.0  0.0  0.0  0.0  0.0  0.0  0.0  0.0  0.0  0.0  0.0  0.0
  0.0  0.0  0.0  0.0  0.0 12.7  0.0  0.0  0.0  0.0  0.0  0.0  0.0  0.0  0.0
  0.0  0.0  0.0  0.0  0.0  0.0  0.0  0.0  0.0  0.0  0.0  0.0  0.0  0.0  0.0
 12.7  0.0  0.0 12.7  0.0  0.0  0.0  0.0  0.0  0.0  0.0  0.0  0.0  0.0  0.0
  0.0  0.0  0.0  0.0  0.0  0.0  0.0  0.0 38.0 12.7  0.0 12.7 12.7  0.0  0.0
  0.0  0.0  0.0  0.0  0.0 12.7  0.0 25.3  0.0 12.7 12.7  0.0  0.0  0.0  0.0
    -18.17     -2.73     -1.18      4.49      4.29  0.0  0.0  0.0  0.0  0.0
                                     t000275_s5_p6_el2ap.txt 14.3  5.7   70
 14.3  0.0  0.0 71.4  0.0  0.0  0.0  0.0 14.3  0.0 14.3  0.0  0.0  0.0  0.0
  0.0  0.0 14.3  0.0  0.0  0.0314.3142.9114.3  0.0  0.0  0.0  0.0  0.0  0.0
  0.0  0.0  0.0  0.0 14.3 28.6 14.3  0.0  0.0  0.0 14.3  0.0 14.3 28.6  0.0
  0.0  0.0 14.3  0.0 14.3 28.6  0.0 28.6  0.0  0.0128.6 14.3  0.0100.0 14.3
  0.0  0.0  0.0  0.0  0.0  0.0  0.0  0.0  0.0  0.0  0.0  0.0  0.0  0.0  0.0
  0.0  0.0  0.0  0.0  0.0  0.0 14.3  0.0  0.0  0.0  0.0  0.0  0.0  0.0  0.0
  0.0  0.0  0.0  0.0  0.0  0.0  0.0  0.0  0.0  0.0  0.0  0.0  0.0  0.0  0.0
 14.3  0.0  0.0 14.3  0.0  0.0  0.0  0.0  0.0  0.0  0.0  0.0  0.0  0.0  0.0
  0.0 14.3  0.0  0.0  0.0  0.0  0.0  0.0 14.3 14.3 42.9  0.0 14.3  0.0  0.0
  0.0  0.0  0.0  0.0 14.3  0.0  0.0 14.3 14.3 14.3  0.0  0.0 14.3  0.0  0.0
    -23.84     -5.73     -4.85      0.20      9.63  0.0  0.0  0.0  0.0  0.0
                                     t000275_s7_p1_el2ap.txt 14.0  5.2   72
  0.0  0.0  0.0 41.7  0.0  0.0  0.0  0.0  0.0  0.0  0.0  0.0  0.0  0.0  0.0
  0.0  0.0  0.0 13.9  0.0  0.0375.0152.8 83.3 41.7  0.0 13.9 13.9  0.0  0.0
  0.0 13.9  0.0  0.0  0.0 13.9 13.9  0.0  0.0  0.0  0.0  0.0  0.0  0.0  0.0
  0.0  0.0  0.0  0.0  0.0  0.0 27.8  0.0  0.0  0.0 97.2  0.0 13.9 97.2  0.0
  0.0  0.0  0.0  0.0  0.0  0.0  0.0  0.0  0.0  0.0  0.0  0.0  0.0  0.0  0.0
  0.0  0.0  0.0  0.0  0.0  0.0  0.0  0.0  0.0  0.0  0.0  0.0  0.0  0.0  0.0
  0.0  0.0  0.0  0.0  0.0  0.0  0.0  0.0  0.0 13.9  0.0  0.0  0.0  0.0  0.0
  0.0  0.0  0.0  0.0  0.0  0.0 13.9  0.0  0.0  0.0  0.0  0.0  0.0  0.0  0.0
  0.0  0.0  0.0  0.0  0.0  0.0  0.0  0.0 13.9 13.9 13.9 13.9  0.0  0.0  0.0
  0.0  0.0 13.9  0.0  0.0  0.0 27.8 13.9 13.9  0.0  0.0  0.0  0.0  0.0  0.0
    -28.68      0.89      5.33     -6.61     -3.63  0.0  0.0  0.0  0.0  0.0
                                     t000275_s7_p2_el2ap.txt 23.5  5.6  134
  0.0  0.0  0.0 59.7  0.0  0.0  0.0  7.5  0.0  7.5  0.0  0.0  0.0  0.0  0.0
  7.5  0.0  0.0  0.0  0.0  0.0335.8149.3 97.0  7.5  0.0 14.9  7.5  7.5  0.0
  0.0  0.0  0.0 14.9  7.5 22.4 14.9  0.0  0.0  0.0  0.0  0.0 14.9  7.5  0.0
  7.5  0.0  0.0  0.0  0.0  0.0  0.0 14.9  0.0  7.5111.9  0.0  0.0111.9 14.9
  0.0  0.0  0.0  0.0  0.0  0.0  0.0  0.0  0.0  0.0  0.0  0.0  0.0  0.0  0.0
  0.0  0.0  0.0  0.0  0.0  0.0  0.0  7.5  0.0  0.0  0.0  0.0  0.0  0.0  0.0
  0.0  0.0  0.0  0.0  0.0  0.0  0.0  7.5  7.5  0.0  7.5  0.0  0.0  0.0  0.0
  0.0  7.5  0.0  7.5  0.0 14.9 14.9  7.5  0.0  0.0  0.0  0.0  0.0  0.0  0.0
  0.0  7.5  0.0  0.0  0.0  0.0  0.0 14.9  7.5  0.0 22.4  7.5  7.5  0.0  0.0
  0.0  0.0  0.0  0.0  7.5  0.0  0.0 29.9  0.0  7.5 14.9  7.5  7.5  0.0  0.0
    -25.71     -1.23     -2.37     -6.61      9.24  0.0  0.0  0.0  0.0  0.0
                                     t000275_s7_p3_el2ap.txt  5.8  5.6   25
  0.0  0.0  0.0120.0  0.0  0.0  0.0  0.0  0.0  0.0  0.0  0.0  0.0  0.0  0.0
  0.0  0.0  0.0  0.0  0.0  0.0360.0160.0160.0  0.0  0.0  0.0  0.0  0.0 40.0
  0.0  0.0  0.0  0.0  0.0 40.0  0.0  0.0  0.0  0.0  0.0  0.0  0.0  0.0  0.0
  0.0  0.0  0.0  0.0  0.0  0.0  0.0  0.0  0.0 40.0160.0  0.0 40.0 80.0  0.0
  0.0  0.0  0.0  0.0  0.0  0.0  0.0  0.0  0.0  0.0  0.0  0.0  0.0  0.0  0.0
  0.0  0.0  0.0  0.0  0.0  0.0  0.0  0.0  0.0  0.0  0.0  0.0  0.0  0.0  0.0
  0.0  0.0  0.0  0.0  0.0  0.0  0.0  0.0  0.0  0.0  0.0  0.0  0.0  0.0  0.0
  0.0  0.0  0.0  0.0  0.0  0.0  0.0  0.0  0.0  0.0  0.0  0.0  0.0  0.0  0.0
  0.0  0.0  0.0  0.0  0.0  0.0  0.0  0.0  0.0  0.0 40.0  0.0  0.0  0.0  0.0
  0.0  0.0  0.0  0.0  0.0 40.0  0.0  0.0  0.0  0.0  0.0  0.0  0.0  0.0  0.0
    -34.14     -5.73     18.70     -6.61     -3.63  0.0  0.0  0.0  0.0  0.0
                                     t000275_s7_p4_el2ap.txt 10.0  5.5   48
  0.0  0.0  0.0 20.8  0.0  0.0  0.0  0.0  0.0  0.0  0.0  0.0  0.0  0.0  0.0
  0.0  0.0  0.0  0.0  0.0  0.0354.2166.7125.0  0.0  0.0  0.0  0.0  0.0  0.0
  0.0  0.0  0.0  0.0  0.0  0.0 41.7  0.0  0.0  0.0  0.0  0.0  0.0  0.0  0.0
  0.0  0.0  0.0  0.0 20.8  0.0  0.0  0.0  0.0  0.0187.5  0.0  0.0 62.5  0.0
  0.0  0.0  0.0  0.0  0.0  0.0  0.0  0.0  0.0  0.0  0.0  0.0  0.0  0.0  0.0
  0.0  0.0  0.0  0.0  0.0  0.0  0.0  0.0  0.0  0.0  0.0  0.0  0.0  0.0  0.0
  0.0  0.0  0.0  0.0  0.0  0.0  0.0  0.0  0.0  0.0  0.0  0.0  0.0  0.0  0.0
  0.0  0.0  0.0  0.0  0.0  0.0  0.0  0.0  0.0  0.0  0.0  0.0  0.0  0.0  0.0
  0.0  0.0  0.0  0.0  0.0  0.0  0.0 20.8  0.0  0.0  0.0  0.0 20.8  0.0 20.8
  0.0 20.8  0.0  0.0  0.0  0.0  0.0 20.8  0.0  0.0  0.0  0.0  0.0  0.0  0.0
    -35.02     -5.73      0.97     -6.61     -3.63  0.0  0.0  0.0  0.0  0.0
                                     t000275_s7_p5_el2ap.txt 19.8  5.9  100
 10.0  0.0  0.0 70.0  0.0  0.0  0.0  0.0  0.0 10.0  0.0  0.0  0.0  0.0  0.0
  0.0  0.0 10.0 10.0  0.0  0.0340.0110.0 30.0  0.0 10.0 10.0  0.0  0.0  0.0
  0.0  0.0  0.0  0.0 10.0 70.0 10.0  0.0  0.0  0.0  0.0 10.0 20.0 10.0  0.0
  0.0  0.0  0.0  0.0 30.0 10.0 10.0 10.0  0.0  0.0 90.0 10.0  0.0100.0  0.0
 10.0  0.0  0.0  0.0  0.0  0.0  0.0  0.0  0.0  0.0  0.0  0.0  0.0  0.0  0.0
  0.0  0.0  0.0  0.0  0.0  0.0  0.0  0.0  0.0  0.0  0.0  0.0  0.0  0.0  0.0
  0.0  0.0  0.0  0.0  0.0  0.0  0.0  0.0  0.0  0.0  0.0  0.0  0.0  0.0  0.0
  0.0  0.0  0.0  0.0  0.0  0.0  0.0  0.0  0.0  0.0  0.0  0.0  0.0  0.0  0.0
  0.0  0.0  0.0  0.0  0.0  0.0  0.0  0.0  0.0  0.0 20.0  0.0  0.0  0.0  0.0
  0.0 10.0  0.0  0.0  0.0  0.0  0.0 10.0  0.0  0.0  0.0 10.0  0.0  0.0  0.0
    -19.65     -3.36     -5.94     -2.61     10.39 10.0  0.0  0.0  0.0  0.0
                                     t000275_s7_p6_el2ap.txt 19.3  5.8  104
  0.0  0.0  0.0 76.9  0.0  0.0  0.0  0.0  9.6  9.6  0.0  0.0  0.0  0.0  0.0
  0.0  0.0 19.2  0.0  0.0  0.0278.8105.8 76.9  9.6  0.0  0.0  0.0  0.0  9.6
  0.0  9.6  0.0  0.0  0.0 48.1  9.6  0.0  0.0  0.0  0.0  0.0  9.6 28.8  0.0
  0.0 38.5  0.0  0.0  0.0 19.2 48.1 28.8  0.0  9.6 96.2  9.6  0.0134.6 48.1
  0.0  0.0  0.0  0.0  0.0  0.0  0.0  0.0  0.0  0.0  0.0  0.0  0.0  0.0  0.0
  0.0  0.0  0.0  9.6  0.0  0.0  0.0  0.0  0.0  0.0  0.0  0.0  0.0  0.0  0.0
  0.0  9.6  9.6  0.0  0.0  0.0  0.0  0.0  0.0  0.0  0.0  0.0  0.0  0.0  0.0
  9.6  0.0  0.0  9.6 19.2  0.0 19.2  0.0  0.0  0.0  0.0  0.0  0.0  0.0  0.0
  0.0  0.0  0.0  0.0  0.0  0.0  0.0  9.6  9.6  0.0 19.2  0.0  9.6  0.0  0.0
  0.0  0.0  0.0  0.0  9.6 19.2  0.0 28.8  9.6  9.6  0.0  0.0  9.6  0.0  0.0
    -19.77     -5.41      6.61     -6.61      6.75  0.0  0.0  0.0  0.0  0.0
                                     t000283_s1_p1_el2ap.txt 12.3  5.9   60
  0.0  0.0  0.0 83.3  0.0  0.0 16.7  0.0  0.0  0.0  0.0  0.0  0.0 16.7  0.0
  0.0  0.0  0.0  0.0  0.0  0.0300.0133.3116.7  0.0  0.0 50.0  0.0  0.0  0.0
  0.0  0.0  0.0  0.0  0.0 16.7 16.7  0.0  0.0  0.0  0.0  0.0  0.0 16.7  0.0
  0.0  0.0  0.0  0.0  0.0  0.0  0.0 16.7  0.0  0.0133.3  0.0  0.0100.0  0.0
 16.7  0.0  0.0  0.0  0.0  0.0  0.0  0.0  0.0  0.0  0.0  0.0  0.0  0.0  0.0
  0.0  0.0  0.0  0.0  0.0  0.0  0.0  0.0  0.0  0.0  0.0  0.0  0.0  0.0  0.0
  0.0 16.7  0.0  0.0  0.0  0.0  0.0  0.0  0.0  0.0  0.0  0.0  0.0  0.0  0.0
  0.0  0.0  0.0  0.0 16.7  0.0 16.7  0.0  0.0  0.0  0.0  0.0  0.0  0.0  0.0
  0.0  0.0  0.0  0.0  0.0  0.0  0.0  0.0 33.3  0.0  0.0  0.0  0.0  0.0  0.0
  0.0  0.0  0.0  0.0  0.0 16.7  0.0 33.3  0.0 33.3  0.0 16.7  0.0  0.0  0.0
    -19.03      3.89      0.03     -6.61     -1.10  0.0  0.0  0.0  0.0  0.0
                                     t000283_s1_p2_el2ap.txt 22.3  5.8  115
  0.0  0.0  0.0 60.9  0.0  0.0  0.0  0.0 26.1  0.0  0.0  0.0  0.0  0.0  0.0
  0.0  0.0  0.0  0.0  0.0  0.0391.3121.7 87.0 17.4  0.0  0.0  0.0  0.0  0.0
  0.0  8.7  0.0  0.0  0.0  8.7  8.7 43.5  0.0  0.0  0.0  0.0  0.0 17.4  0.0
  0.0  0.0  0.0  0.0  0.0 43.5  8.7 17.4  0.0  0.0121.7 26.1  0.0104.3  8.7
  8.7  0.0  0.0  0.0  0.0  0.0  0.0  0.0  0.0  0.0  0.0  0.0  0.0  0.0  0.0
  0.0  0.0  0.0  0.0  0.0  0.0  0.0  0.0  0.0  0.0  0.0  0.0  0.0  0.0  0.0
  0.0  0.0  0.0  0.0  0.0  0.0  0.0  0.0  0.0  0.0  0.0  0.0  0.0  0.0  0.0
  0.0  0.0  0.0  0.0  0.0  0.0  0.0  0.0  0.0  0.0  0.0  0.0  0.0  0.0  0.0
  0.0  0.0  0.0  0.0  0.0  0.0  0.0  0.0 17.4  0.0  8.7  8.7  0.0  0.0  0.0
  0.0  0.0  0.0  0.0  0.0  0.0  0.0 34.8  0.0  8.7  0.0  0.0 17.4  0.0  0.0
    -30.92     -5.16      3.70      3.75     -0.99  0.0  0.0  0.0  0.0  0.0
                                    t000283_s15_p1_el2ap.txt 16.8  6.1  103
  0.0  0.0  0.0 38.8  0.0  0.0  0.0  0.0 29.1  0.0  0.0  0.0  0.0  0.0  0.0
  0.0  0.0  0.0  9.7  0.0  0.0368.9 97.1135.9 19.4  0.0  0.0  0.0  0.0  0.0
  0.0  0.0  0.0  0.0  0.0  0.0  9.7 38.8  0.0  9.7  0.0  0.0  0.0  9.7  0.0
  0.0  0.0  0.0  0.0  0.0 38.8 19.4  9.7  0.0  0.0174.8 29.1  0.0 87.4  0.0
  0.0  0.0  0.0  0.0  0.0  0.0  0.0  0.0  0.0  0.0  0.0  0.0  0.0  0.0  0.0
  0.0  0.0  0.0  0.0  0.0  0.0  0.0  0.0  0.0  0.0  0.0  0.0  0.0  0.0  0.0
  0.0  0.0  0.0  0.0  0.0  0.0  0.0  0.0  0.0  0.0  0.0  0.0  0.0  0.0  0.0
  0.0  0.0  0.0  0.0  0.0  0.0  0.0  0.0  0.0  0.0  0.0  0.0  0.0  0.0  0.0
  0.0  0.0  0.0  0.0  0.0  0.0  0.0  0.0  0.0 19.4 19.4  0.0  9.7  0.0  0.0
  0.0  0.0  0.0  0.0  0.0  0.0  0.0  9.7  0.0  0.0  0.0  9.7  0.0  0.0  0.0
    -31.08     -5.09      0.97      7.05     -2.16  0.0  0.0  9.7  0.0  0.0
                                   t000283_s15_p17_el2ap.txt  4.3  5.4   17
  0.0  0.0  0.0117.6  0.0  0.0  0.0  0.0  0.0  0.0  0.0  0.0  0.0  0.0  0.0
  0.0  0.0  0.0  0.0  0.0  0.0294.1117.6  0.0 58.8  0.0  0.0  0.0  0.0  0.0
  0.0  0.0  0.0  0.0  0.0  0.0  0.0117.6  0.0  0.0  0.0  0.0  0.0  0.0  0.0
 58.8  0.0  0.0  0.0  0.0117.6  0.0 58.8  0.0  0.0  0.0  0.0  0.0176.5  0.0
  0.0  0.0  0.0  0.0  0.0  0.0  0.0  0.0  0.0  0.0  0.0  0.0  0.0  0.0  0.0
  0.0  0.0  0.0  0.0  0.0  0.0  0.0  0.0  0.0  0.0  0.0  0.0  0.0  0.0  0.0
  0.0  0.0  0.0  0.0  0.0  0.0  0.0  0.0  0.0  0.0  0.0  0.0  0.0  0.0  0.0
  0.0  0.0  0.0  0.0  0.0  0.0  0.0  0.0  0.0  0.0  0.0  0.0  0.0  0.0  0.0
  0.0  0.0  0.0  0.0  0.0  0.0  0.0  0.0  0.0  0.0  0.0  0.0  0.0  0.0  0.0
  0.0  0.0  0.0  0.0  0.0  0.0  0.0  0.0  0.0  0.0  0.0  0.0 58.8  0.0  0.0
    -21.57     -3.79      0.97     21.41     15.35  0.0  0.0  0.0  0.0  0.0
                                   t000283_s15_p18_el2ap.txt 19.5  6.0   99
  0.0  0.0  0.0 40.4  0.0  0.0  0.0  0.0 20.2  0.0  0.0  0.0  0.0  0.0  0.0
  0.0  0.0  0.0 10.1  0.0  0.0424.2 90.9 90.9 20.2  0.0  0.0  0.0  0.0  0.0
  0.0  0.0  0.0  0.0  0.0 20.2 10.1 40.4  0.0  0.0  0.0 10.1 10.1  0.0  0.0
  0.0  0.0  0.0  0.0  0.0 40.4 10.1  0.0  0.0  0.0121.2 20.2  0.0 90.9 20.2
  0.0  0.0  0.0  0.0  0.0  0.0  0.0  0.0  0.0  0.0  0.0  0.0  0.0  0.0  0.0
  0.0  0.0  0.0  0.0  0.0  0.0  0.0  0.0  0.0  0.0  0.0  0.0  0.0  0.0  0.0
  0.0  0.0  0.0  0.0  0.0  0.0  0.0  0.0  0.0  0.0  0.0  0.0  0.0  0.0  0.0
  0.0  0.0  0.0  0.0  0.0  0.0  0.0  0.0  0.0  0.0  0.0  0.0  0.0  0.0  0.0
  0.0  0.0  0.0  0.0  0.0  0.0  0.0  0.0 10.1  0.0  0.0  0.0  0.0  0.0  0.0
  0.0  0.0  0.0  0.0  0.0 10.1  0.0 20.2  0.0 10.1  0.0  0.0  0.0  0.0  0.0
    -30.10     -5.06     -0.17      7.06      2.69 10.1  0.0  0.0  0.0  0.0
                                   t000283_s15_p19_el2ap.txt  7.8  4.3   34
  0.0  0.0  0.0 58.8  0.0  0.0  0.0  0.0  0.0  0.0  0.0  0.0  0.0  0.0  0.0
  0.0  0.0  0.0  0.0  0.0  0.0352.9205.9  0.0 29.4  0.0 29.4  0.0  0.0  0.0
  0.0  0.0  0.0  0.0  0.0  0.0  0.0 29.4 29.4  0.0  0.0  0.0  0.0  0.0  0.0
 29.4  0.0  0.0  0.0  0.0 29.4  0.0 29.4  0.0  0.0  0.0  0.0  0.0117.6  0.0
  0.0  0.0  0.0  0.0  0.0  0.0  0.0  0.0  0.0  0.0  0.0  0.0  0.0  0.0  0.0
  0.0  0.0  0.0  0.0  0.0  0.0  0.0  0.0  0.0  0.0  0.0  0.0  0.0  0.0  0.0
  0.0  0.0  0.0  0.0  0.0  0.0  0.0  0.0  0.0  0.0  0.0  0.0  0.0  0.0  0.0
  0.0  0.0  0.0  0.0  0.0  0.0  0.0  0.0  0.0  0.0  0.0  0.0  0.0  0.0  0.0
  0.0  0.0  0.0  0.0  0.0  0.0  0.0  0.0 29.4  0.0 29.4 58.8  0.0  0.0  0.0
  0.0  0.0  0.0  0.0  0.0  0.0  0.0 88.2  0.0  0.0  0.0  0.0 29.4  0.0  0.0
    -25.83      0.90      0.97      9.89      5.86  0.0  0.0  0.0  0.0  0.0
                                    t000283_s15_p2_el2ap.txt  6.5  5.5   33
  0.0  0.0  0.0 90.9  0.0  0.0 30.3  0.0  0.0 30.3 60.6  0.0  0.0  0.0  0.0
  0.0  0.0  0.0  0.0  0.0  0.0303.0 60.6121.2  0.0  0.0  0.0  0.0  0.0  0.0
  0.0  0.0  0.0  0.0  0.0 30.3  0.0 90.9  0.0  0.0  0.0  0.0  0.0  0.0  0.0
 30.3  0.0  0.0  0.0  0.0 90.9  0.0 30.3  0.0  0.0121.2  0.0  0.0151.5  0.0
  0.0  0.0  0.0  0.0  0.0  0.0  0.0  0.0  0.0  0.0  0.0  0.0  0.0  0.0  0.0
  0.0  0.0  0.0  0.0  0.0  0.0  0.0  0.0  0.0  0.0  0.0  0.0  0.0  0.0  0.0
  0.0  0.0  0.0  0.0  0.0  0.0  0.0  0.0  0.0  0.0  0.0  0.0  0.0  0.0  0.0
  0.0  0.0  0.0  0.0  0.0  0.0  0.0  0.0  0.0  0.0  0.0  0.0  0.0  0.0  0.0
  0.0  0.0  0.0  0.0  0.0  0.0  0.0  0.0  0.0 30.3 30.3  0.0  0.0  0.0  0.0
  0.0  0.0  0.0  0.0  0.0  0.0  0.0 30.3 30.3  0.0  0.0  0.0  0.0  0.0  0.0
    -10.17     -5.73     -0.75     15.04      6.15  0.0  0.0  0.0  0.0  0.0
                                   t000283_s15_p20_el2ap.txt 24.3  5.1  191
 10.5  0.0  0.0 89.0  0.0  0.0  0.0  0.0 10.5  0.0  0.0  0.0  0.0  5.2  0.0
  5.2  0.0  0.0  0.0  0.0  0.0335.1115.2 36.6 10.5 10.5  0.0  0.0  0.0  0.0
  0.0  0.0  0.0  5.2  0.0 15.7  0.0 57.6  0.0 10.5  0.0  5.2  0.0 47.1  5.2
  0.0  5.2  0.0 10.5  0.0 57.6 15.7 52.4  0.0  0.0 36.6 20.9  0.0104.7  5.2
  5.2  0.0  0.0  0.0  0.0  0.0  0.0  0.0  0.0  0.0  0.0  0.0  0.0  0.0  0.0
  0.0  0.0  0.0  0.0  0.0  0.0  0.0  0.0  0.0  0.0  0.0  0.0  0.0  0.0  0.0
  0.0  0.0  0.0  0.0  0.0  0.0  0.0  0.0  0.0  0.0  0.0  0.0  0.0  0.0  0.0
  0.0  0.0  0.0  0.0  0.0  0.0  0.0  0.0  0.0  0.0  0.0  0.0  0.0  0.0  0.0
  0.0  0.0  0.0  0.0  0.0  0.0  0.0  5.2 31.4  0.0 10.5  0.0  5.2 10.5  0.0
  0.0  0.0  0.0  0.0  0.0 10.5  0.0 15.7  0.0 36.6  0.0  0.0  5.2  0.0  0.0
    -18.85     -4.92     -1.41     13.96      7.54  5.2  0.0  0.0  0.0  0.0
                                   t000283_s15_p21_el2ap.txt 26.5  5.5  165
 12.1  0.0  0.0 36.4  0.0  0.0  0.0  0.0 12.1  0.0  0.0  0.0  0.0  0.0  0.0
  0.0  0.0  0.0  0.0  0.0  0.0442.4121.2 84.8 30.3  0.0  0.0  0.0  0.0  0.0
  0.0 12.1  0.0  0.0  0.0 24.2 24.2 30.3  0.0  0.0  0.0  6.1  0.0  6.1  6.1
  0.0  0.0  0.0  0.0  0.0 30.3 12.1 12.1  0.0  0.0 97.0 12.1  0.0 84.8  0.0
  0.0  0.0  0.0  0.0  0.0  0.0  0.0  0.0  0.0  0.0  0.0  0.0  0.0  0.0  0.0
  0.0  0.0  0.0  0.0  0.0  0.0  0.0  0.0  0.0  0.0  0.0  0.0  0.0  0.0  0.0
  0.0  0.0  0.0  0.0  0.0  0.0  0.0  0.0  0.0  0.0  0.0  0.0  0.0  0.0  0.0
  0.0  0.0  0.0  0.0  0.0  0.0  0.0  0.0  0.0  0.0  0.0  0.0  0.0  0.0  0.0
  0.0  0.0  0.0  0.0  0.0  0.0  0.0  6.1 36.4 12.1 24.2  6.1 36.4 12.1  0.0
  0.0  0.0  0.0  0.0  0.0 12.1  0.0 30.3  0.0 12.1  0.0  0.0 12.1  0.0  0.0
    -31.58     -4.73      4.09      3.03      1.95 12.1  0.0  6.1  0.0  0.0
                                   t000283_s15_p22_el2ap.txt 20.5  5.1  139
  0.0  0.0  0.0 50.4  0.0  0.0  0.0  0.0 14.4  0.0  0.0  0.0  0.0  0.0  0.0
  0.0  0.0  0.0  7.2  0.0  0.0424.5194.2 21.6  7.2  0.0  0.0  0.0  0.0  0.0
  0.0  0.0  0.0  0.0  0.0  0.0  0.0 36.0  0.0  7.2  0.0  0.0  0.0 14.4  7.2
  7.2  0.0  0.0  0.0  0.0 36.0 14.4 28.8  0.0  0.0 28.8 14.4  0.0 71.9  0.0
  0.0  0.0  0.0  0.0  0.0  0.0  0.0  0.0  0.0  0.0  0.0  0.0  0.0  0.0  0.0
  0.0  0.0  0.0  0.0  0.0  0.0  0.0  0.0  0.0  0.0  0.0  0.0  0.0  0.0  0.0
  0.0  0.0  0.0  0.0  0.0  0.0  0.0  0.0  0.0  0.0  0.0  0.0  0.0  0.0  0.0
  0.0  0.0  0.0  0.0  0.0  0.0  0.0  0.0  0.0  0.0  0.0  0.0  0.0  0.0  0.0
  0.0  0.0  0.0  0.0  0.0  0.0  0.0  7.2  7.2 21.6 57.6  7.2  7.2  0.0  0.0
  0.0  0.0  0.0  0.0  0.0  0.0  0.0 14.4  0.0  7.2  7.2  0.0  7.2  0.0  0.0
    -28.64     -5.49      0.97      5.23      6.41  0.0  0.0  0.0  0.0  0.0
                                   t000283_s15_p23_el2ap.txt  5.8  5.7   33
  0.0  0.0  0.0 60.6  0.0  0.0  0.0  0.0 30.3  0.0  0.0  0.0  0.0  0.0  0.0
  0.0  0.0  0.0  0.0  0.0  0.0393.9121.2 30.3  0.0  0.0  0.0  0.0  0.0  0.0
  0.0  0.0  0.0  0.0  0.0  0.0 60.6 60.6  0.0  0.0  0.0  0.0  0.0  0.0  0.0
  0.0  0.0  0.0  0.0  0.0 60.6  0.0  0.0  0.0  0.0 30.3 30.3  0.0121.2  0.0
  0.0  0.0  0.0  0.0  0.0  0.0  0.0  0.0  0.0  0.0  0.0  0.0  0.0  0.0  0.0
  0.0  0.0  0.0  0.0  0.0  0.0  0.0  0.0  0.0  0.0  0.0  0.0  0.0  0.0  0.0
  0.0  0.0  0.0  0.0  0.0  0.0  0.0  0.0  0.0  0.0  0.0  0.0  0.0  0.0  0.0
  0.0  0.0  0.0  0.0  0.0  0.0  0.0  0.0  0.0  0.0  0.0  0.0  0.0  0.0  0.0
  0.0  0.0  0.0  0.0  0.0  0.0  0.0  0.0 30.3  0.0 30.3 30.3  0.0  0.0  0.0
  0.0  0.0  0.0  0.0  0.0 30.3  0.0 60.6  0.0  0.0  0.0  0.0 30.3  0.0  0.0
    -27.48     -5.73      0.97      7.82     -3.63  0.0  0.0  0.0  0.0  0.0
                                   t000283_s15_p24_el2ap.txt 15.0  5.2   82
  0.0  0.0  0.0 48.8  0.0  0.0  0.0  0.0 24.4  0.0  0.0  0.0  0.0  0.0  0.0
  0.0  0.0  0.0  0.0  0.0  0.0292.7 97.6109.8 12.2  0.0  0.0  0.0  0.0  0.0
  0.0 24.4  0.0  0.0  0.0  0.0 36.6 24.4  0.0  0.0  0.0  0.0  0.0  0.0  0.0
 12.2  0.0  0.0  0.0  0.0 24.4 24.4 12.2  0.0  0.0109.8 24.4  0.0146.3  0.0
  0.0  0.0  0.0  0.0  0.0  0.0  0.0  0.0  0.0  0.0  0.0  0.0  0.0  0.0  0.0
  0.0  0.0  0.0  0.0  0.0  0.0  0.0  0.0  0.0  0.0  0.0  0.0  0.0  0.0  0.0
  0.0 12.2  0.0  0.0  0.0  0.0  0.0  0.0  0.0 12.2  0.0  0.0  0.0  0.0  0.0
  0.0  0.0  0.0  0.0 12.2  0.0 24.4  0.0  0.0  0.0  0.0  0.0  0.0  0.0  0.0
  0.0  0.0  0.0  0.0  0.0  0.0  0.0  0.0 36.6 12.2 48.8 24.4 12.2  0.0  0.0
  0.0  0.0  0.0  0.0  0.0  0.0  0.0 24.4  0.0 24.4  0.0  0.0 12.2  0.0  0.0
    -27.28     -5.33     10.01     -0.80      0.31  0.0  0.0  0.0  0.0  0.0
                                   t000283_s15_p25_el2ap.txt 11.8  6.0   53
  0.0  0.0  0.0 94.3  0.0  0.0  0.0  0.0 56.6  0.0  0.0  0.0  0.0  0.0  0.0
  0.0  0.0  0.0  0.0  0.0  0.0452.8 94.3113.2  0.0  0.0  0.0  0.0  0.0  0.0
  0.0  0.0  0.0  0.0  0.0 37.7  0.0 56.6  0.0  0.0  0.0 18.9  0.0  0.0  0.0
  0.0  0.0  0.0  0.0  0.0 56.6  0.0  0.0  0.0  0.0132.1 56.6  0.0 94.3  0.0
  0.0  0.0  0.0  0.0  0.0  0.0  0.0  0.0  0.0  0.0  0.0  0.0  0.0  0.0  0.0
  0.0  0.0  0.0  0.0  0.0  0.0  0.0  0.0  0.0  0.0  0.0  0.0  0.0  0.0  0.0
  0.0  0.0  0.0  0.0  0.0  0.0  0.0  0.0  0.0  0.0  0.0  0.0  0.0  0.0  0.0
  0.0  0.0  0.0  0.0  0.0  0.0  0.0  0.0  0.0  0.0  0.0  0.0  0.0  0.0  0.0
  0.0  0.0  0.0  0.0  0.0  0.0  0.0  0.0 18.9 37.7 56.6 18.9 18.9 18.9  0.0
  0.0  0.0  0.0  0.0  0.0 18.9 18.9 37.7  0.0  0.0  0.0  0.0 18.9  0.0  0.0
    -31.26     -5.73     -1.17     14.42     -3.63  0.0  0.0  0.0  0.0  0.0
                                   t000283_s15_p26_el2ap.txt  7.5  4.8   33
 30.3  0.0  0.0 30.3  0.0  0.0  0.0  0.0 30.3  0.0  0.0  0.0  0.0  0.0  0.0
  0.0  0.0  0.0  0.0  0.0  0.0393.9151.5 30.3 60.6  0.0  0.0  0.0  0.0  0.0
  0.0  0.0  0.0  0.0  0.0  0.0 30.3 30.3  0.0  0.0  0.0  0.0  0.0 30.3  0.0
  0.0  0.0  0.0  0.0  0.0 30.3  0.0 30.3  0.0  0.0 60.6 30.3  0.0121.2  0.0
  0.0  0.0  0.0  0.0  0.0  0.0  0.0  0.0  0.0  0.0  0.0  0.0  0.0  0.0  0.0
  0.0  0.0  0.0  0.0  0.0  0.0  0.0  0.0  0.0  0.0  0.0  0.0  0.0  0.0  0.0
  0.0  0.0  0.0  0.0  0.0  0.0  0.0  0.0  0.0  0.0  0.0  0.0  0.0  0.0  0.0
  0.0  0.0  0.0  0.0  0.0  0.0  0.0  0.0  0.0  0.0  0.0  0.0  0.0  0.0  0.0
  0.0  0.0  0.0  0.0  0.0  0.0  0.0  0.0 60.6 30.3 30.3  0.0  0.0  0.0  0.0
  0.0  0.0  0.0  0.0  0.0  0.0  0.0 60.6  0.0  0.0  0.0  0.0 30.3  0.0  0.0
    -24.45     -3.73      0.97      0.61      0.96  0.0  0.0  0.0  0.0  0.0
                                    t000283_s15_p3_el2ap.txt  5.8  5.9   24
  0.0  0.0  0.0125.0  0.0  0.0  0.0  0.0  0.0  0.0  0.0  0.0  0.0  0.0  0.0
  0.0  0.0  0.0  0.0  0.0  0.0291.7125.0 83.3 41.7  0.0  0.0  0.0  0.0  0.0
  0.0 41.7  0.0  0.0  0.0  0.0  0.0 41.7  0.0  0.0  0.0  0.0  0.0  0.0  0.0
  0.0  0.0  0.0  0.0  0.0 41.7 41.7  0.0  0.0  0.0166.7  0.0  0.0166.7  0.0
 41.7  0.0  0.0  0.0  0.0  0.0  0.0  0.0  0.0  0.0  0.0  0.0  0.0  0.0  0.0
  0.0  0.0  0.0  0.0  0.0  0.0  0.0  0.0  0.0  0.0  0.0  0.0  0.0  0.0  0.0
  0.0  0.0  0.0  0.0  0.0  0.0  0.0  0.0  0.0  0.0  0.0  0.0  0.0  0.0  0.0
  0.0  0.0  0.0  0.0  0.0  0.0  0.0  0.0  0.0  0.0  0.0  0.0  0.0  0.0  0.0
  0.0  0.0  0.0  0.0  0.0  0.0  0.0  0.0 41.7  0.0  0.0  0.0  0.0  0.0  0.0
  0.0  0.0  0.0  0.0  0.0  0.0  0.0 41.7  0.0  0.0  0.0  0.0 41.7  0.0  0.0
    -27.41     -4.36     16.41      3.32     -3.63  0.0  0.0  0.0  0.0  0.0
                                    t000283_s15_p4_el2ap.txt  3.0  5.4   14
  0.0  0.0  0.0 71.4  0.0  0.0  0.0  0.0 71.4  0.0  0.0  0.0  0.0  0.0  0.0
  0.0  0.0  0.0  0.0  0.0  0.0428.6285.7  0.0  0.0  0.0 71.4  0.0  0.0  0.0
  0.0  0.0  0.0  0.0  0.0  0.0  0.0 71.4  0.0  0.0  0.0  0.0  0.0  0.0  0.0
  0.0  0.0  0.0  0.0  0.0 71.4  0.0  0.0  0.0  0.0  0.0 71.4  0.0142.9  0.0
  0.0  0.0  0.0  0.0  0.0  0.0  0.0  0.0  0.0  0.0  0.0  0.0  0.0  0.0  0.0
  0.0  0.0  0.0  0.0  0.0  0.0  0.0  0.0  0.0  0.0  0.0  0.0  0.0  0.0  0.0
  0.0  0.0  0.0  0.0  0.0  0.0  0.0  0.0  0.0  0.0  0.0  0.0  0.0  0.0  0.0
  0.0  0.0  0.0  0.0  0.0  0.0  0.0  0.0  0.0  0.0  0.0  0.0  0.0  0.0  0.0
  0.0  0.0  0.0  0.0  0.0  0.0  0.0  0.0  0.0  0.0  0.0  0.0  0.0  0.0  0.0
  0.0  0.0  0.0  0.0  0.0  0.0  0.0  0.0  0.0 71.4  0.0  0.0 71.4  0.0  0.0
    -30.76      8.01      0.97     10.40     -3.63  0.0  0.0  0.0  0.0  0.0
                                    t000283_s15_p5_el2ap.txt  3.8  6.2   15
  0.0  0.0  0.0  0.0  0.0  0.0  0.0  0.0  0.0  0.0  0.0  0.0  0.0  0.0  0.0
  0.0  0.0  0.0  0.0  0.0  0.0333.3200.0 66.7 66.7  0.0  0.0  0.0  0.0  0.0
  0.0  0.0  0.0  0.0  0.0 66.7  0.0  0.0  0.0  0.0  0.0  0.0  0.0 66.7  0.0
  0.0  0.0  0.0  0.0  0.0  0.0  0.0 66.7  0.0  0.0 66.7  0.0  0.0133.3  0.0
  0.0  0.0  0.0  0.0  0.0  0.0  0.0  0.0  0.0  0.0  0.0  0.0  0.0  0.0  0.0
  0.0  0.0  0.0  0.0  0.0  0.0  0.0  0.0  0.0  0.0  0.0  0.0  0.0  0.0  0.0
  0.0  0.0  0.0  0.0  0.0  0.0  0.0  0.0  0.0  0.0  0.0  0.0  0.0  0.0  0.0
  0.0  0.0  0.0  0.0  0.0  0.0  0.0  0.0  0.0  0.0  0.0  0.0  0.0  0.0  0.0
  0.0  0.0  0.0  0.0  0.0  0.0  0.0  0.0 66.7  0.0  0.0  0.0  0.0  0.0  0.0
  0.0  0.0  0.0  0.0  0.0  0.0  0.0133.3  0.0  0.0  0.0  0.0  0.0  0.0  0.0
    -35.00     -3.53     -2.81     -6.61      6.47  0.0  0.0  0.0  0.0  0.0
                                     t000283_s6_p1_el2ap.txt 32.0  5.4  211
 23.7  0.0  0.0 80.6  0.0  0.0  4.7  0.0 14.2  0.0  4.7  0.0  0.0  0.0  4.7
  0.0  0.0  0.0  0.0  0.0  0.0298.6132.7118.5 19.0  4.7  4.7  4.7  4.7  0.0
  9.5  9.5  0.0  4.7  0.0 28.4  9.5 19.0  4.7  0.0  0.0 14.2  9.5  0.0  0.0
  0.0  4.7  0.0  0.0  4.7 19.0 14.2  0.0  0.0 14.2128.0 19.0  0.0118.5 14.2
  4.7  0.0  0.0  0.0  0.0  0.0  0.0  0.0  0.0  0.0  0.0  0.0  0.0  0.0  0.0
  0.0  0.0  0.0  0.0  0.0  0.0  0.0  0.0  0.0  0.0  0.0  0.0  4.7  0.0  0.0
  0.0  4.7  0.0  0.0  0.0  4.7  0.0  0.0  0.0  0.0  0.0  0.0  0.0  0.0  0.0
  0.0  0.0  4.7  4.7  4.7  4.7  9.5  0.0  0.0  0.0  0.0  0.0  0.0  0.0  0.0
  0.0  0.0  0.0  0.0  0.0  0.0  0.0  0.0 19.0 19.0 19.0 14.2  0.0 14.2  0.0
  0.0  0.0  0.0  0.0  4.7  4.7  0.0 23.7  4.7 23.7 14.2  9.5  4.7  0.0  0.0
    -21.89     -3.10     12.92      5.12      2.30  0.0  0.0  0.0  0.0  0.0
                                     t000283_s8_p1_el2ap.txt 15.8  5.1   75
  0.0  0.0  0.0 53.3  0.0  0.0  0.0 13.3  0.0 13.3  0.0  0.0  0.0  0.0  0.0
  0.0  0.0  0.0  0.0  0.0  0.0333.3106.7 80.0 13.3  0.0 26.7  0.0  0.0  0.0
  0.0 13.3  0.0 13.3  0.0 26.7 13.3  0.0  0.0  0.0  0.0 26.7  0.0 13.3 13.3
  0.0  0.0  0.0  0.0  0.0  0.0 13.3 26.7  0.0  0.0 80.0  0.0  0.0 80.0  0.0
 13.3  0.0  0.0  0.0  0.0  0.0  0.0  0.0  0.0  0.0  0.0  0.0  0.0  0.0  0.0
  0.0  0.0  0.0  0.0  0.0  0.0  0.0  0.0  0.0  0.0  0.0  0.0  0.0  0.0  0.0
  0.0 13.3  0.0  0.0  0.0  0.0  0.0  0.0  0.0  0.0  0.0  0.0  0.0  0.0  0.0
  0.0  0.0  0.0  0.0 13.3  0.0 13.3  0.0  0.0  0.0  0.0  0.0  0.0  0.0  0.0
  0.0  0.0  0.0  0.0  0.0  0.0  0.0  0.0  0.0  0.0  0.0 13.3 13.3 13.3  0.0
  0.0  0.0  0.0  0.0 13.3  0.0  0.0  0.0 13.3 26.7  0.0 26.7  0.0  0.0  0.0
    -22.76     -0.16      0.59      4.06      8.65  0.0  0.0  0.0  0.0  0.0
                                     t000283_s8_p2_el2ap.txt 23.0  4.9  138
  0.0  0.0  0.0 65.2  0.0  0.0  0.0  0.0  0.0  0.0  7.2  0.0  0.0  0.0  0.0
  0.0  0.0  7.2 14.5  0.0  0.0326.1166.7 50.7 14.5  0.0 14.5  0.0  0.0  7.2
  0.0  7.2  0.0  0.0  0.0 43.5  0.0  7.2  0.0  0.0  0.0 14.5  0.0 43.5  0.0
  7.2  0.0  0.0  7.2  0.0 14.5 21.7 50.7  0.0  7.2 50.7  0.0  0.0 94.2  0.0
  0.0  0.0  0.0  0.0  0.0  0.0  0.0  0.0  0.0  0.0  0.0  0.0  0.0  0.0  0.0
  0.0  0.0  0.0  0.0  0.0  0.0  0.0  0.0  0.0  0.0  0.0  0.0  0.0  0.0  0.0
  0.0  0.0  0.0  0.0  0.0  0.0  0.0  0.0  0.0  0.0  0.0  0.0  0.0  7.2  0.0
  0.0  0.0  0.0  0.0  0.0  0.0  0.0  7.2  0.0  0.0  0.0  0.0  0.0  0.0  0.0
  0.0  0.0  0.0  0.0  0.0  0.0  0.0  0.0 14.5  0.0  0.0  7.2  0.0 21.7  0.0
  0.0  0.0  0.0  0.0  0.0  0.0  0.0 14.5  0.0 29.0  0.0  0.0 14.5  0.0  0.0
    -21.72     -2.46      4.81      0.92      5.30  0.0  0.0  0.0  0.0  0.0
                                     t000283_s8_p3_el2ap.txt 17.8  5.6   97
  0.0  0.0  0.0 61.9  0.0  0.0  0.0  0.0  0.0  0.0  0.0  0.0  0.0  0.0  0.0
  0.0  0.0  0.0 20.6  0.0 10.3371.1113.4 92.8 10.3  0.0 20.6  0.0  0.0  0.0
  0.0  0.0  0.0  0.0 10.3 41.2 10.3  0.0  0.0 10.3  0.0  0.0 10.3  0.0  0.0
 10.3  0.0  0.0  0.0  0.0  0.0 30.9 10.3  0.0  0.0103.1  0.0  0.0103.1 20.6
  0.0  0.0  0.0  0.0  0.0  0.0  0.0  0.0  0.0  0.0  0.0  0.0  0.0  0.0  0.0
  0.0  0.0  0.0  0.0  0.0  0.0  0.0  0.0  0.0  0.0  0.0  0.0  0.0  0.0  0.0
  0.0  0.0  0.0  0.0  0.0  0.0  0.0  0.0  0.0  0.0  0.0  0.0  0.0  0.0  0.0
  0.0  0.0  0.0  0.0  0.0  0.0  0.0  0.0  0.0  0.0  0.0  0.0  0.0  0.0  0.0
  0.0  0.0  0.0  0.0  0.0  0.0  0.0 20.6  0.0 10.3 51.5  0.0  0.0 20.6  0.0
  0.0 30.9  0.0  0.0  0.0  0.0 10.3 20.6  0.0 10.3 10.3  0.0  0.0  0.0  0.0
    -22.68     -1.42     -4.40     -1.92      6.14  0.0  0.0  0.0  0.0  0.0
                                     t000283_s8_p4_el2ap.txt 12.0  5.9   66
  0.0  0.0  0.0 75.8  0.0  0.0 15.2  0.0 30.3  0.0  0.0  0.0  0.0 15.2  0.0
  0.0  0.0  0.0  0.0  0.0  0.0272.7121.2121.2  0.0  0.0 30.3  0.0  0.0  0.0
  0.0  0.0  0.0  0.0  0.0 30.3 30.3  0.0  0.0  0.0  0.0  0.0 30.3 15.2  0.0
  0.0  0.0  0.0  0.0  0.0  0.0  0.0 15.2  0.0  0.0151.5 30.3  0.0106.1  0.0
  0.0  0.0  0.0  0.0  0.0  0.0  0.0  0.0  0.0  0.0  0.0  0.0  0.0  0.0  0.0
  0.0  0.0  0.0  0.0  0.0  0.0  0.0  0.0  0.0  0.0  0.0  0.0  0.0  0.0  0.0
  0.0 15.2  0.0  0.0  0.0  0.0  0.0  0.0  0.0  0.0  0.0  0.0  0.0  0.0  0.0
  0.0  0.0  0.0  0.0 15.2  0.0 15.2  0.0  0.0  0.0  0.0  0.0  0.0  0.0  0.0
  0.0  0.0  0.0  0.0  0.0  0.0  0.0  0.0 30.3 15.2 30.3  0.0  0.0  0.0  0.0
  0.0  0.0  0.0  0.0  0.0 15.2  0.0 30.3  0.0 30.3  0.0  0.0  0.0  0.0  0.0
    -18.27      0.10     -0.75     -6.61     17.61 15.2  0.0  0.0  0.0  0.0
                                     t000285_s1_p1_el2ap.txt 13.3  5.7   65
  0.0  0.0  0.0 61.5  0.0  0.0  0.0  0.0 15.4  0.0  0.0  0.0  0.0  0.0  0.0
  0.0  0.0  0.0  0.0  0.0  0.0415.4123.1 61.5 15.4  0.0 15.4  0.0  0.0  0.0
  0.0  0.0  0.0  0.0  0.0 46.2 15.4  0.0  0.0  0.0  0.0 15.4 15.4  0.0  0.0
  0.0 15.4  0.0  0.0  0.0  0.0 15.4  0.0  0.0  0.0 61.5 15.4  0.0 92.3  0.0
 15.4  0.0  0.0  0.0  0.0  0.0  0.0  0.0  0.0  0.0  0.0  0.0  0.0  0.0  0.0
  0.0  0.0  0.0  0.0  0.0  0.0  0.0  0.0  0.0  0.0  0.0  0.0  0.0  0.0  0.0
  0.0  0.0  0.0  0.0  0.0  0.0  0.0  0.0  0.0  0.0  0.0  0.0  0.0  0.0  0.0
  0.0  0.0  0.0  0.0  0.0  0.0  0.0  0.0  0.0  0.0  0.0  0.0  0.0  0.0  0.0
  0.0  0.0  0.0  0.0  0.0  0.0  0.0  0.0 15.4  0.0 46.2  0.0  0.0  0.0  0.0
  0.0  0.0  0.0  0.0  0.0  0.0  0.0  0.0 15.4  0.0 15.4  0.0  0.0  0.0  0.0
    -30.43     -2.26     -1.65     -0.45      5.99  0.0  0.0  0.0  0.0  0.0
                                     t000285_s1_p2_el2ap.txt 23.8  5.8  129
  7.8  0.0  0.0 46.5  0.0  0.0  7.8  0.0 23.3  0.0  0.0  0.0  0.0  0.0  0.0
  0.0  0.0  0.0  7.8  0.0  0.0426.4116.3 85.3 15.5  0.0  7.8  0.0  0.0  0.0
  0.0  7.8  0.0  0.0  0.0  0.0  7.8 46.5  0.0  0.0  0.0  0.0  0.0  7.8  7.8
  0.0  0.0  0.0  0.0  0.0 46.5 15.5 15.5  0.0  0.0100.8 23.3  0.0 85.3  7.8
  0.0  0.0  0.0  0.0  0.0  0.0  0.0  0.0  0.0  0.0  0.0  0.0  0.0  0.0  0.0
  0.0  0.0  0.0  0.0  0.0  0.0  0.0  0.0  0.0  0.0  0.0  0.0  0.0  0.0  0.0
  0.0  0.0  0.0  0.0  0.0  0.0  0.0  0.0  0.0  0.0  0.0  0.0  0.0  0.0  0.0
  0.0  0.0  0.0  0.0  0.0  0.0  0.0  0.0  0.0  0.0  0.0  0.0  0.0  0.0  0.0
  0.0  0.0  0.0  0.0  0.0  0.0  0.0  0.0 23.3  0.0 23.3 15.5  0.0  0.0  0.0
  0.0  0.0  0.0  0.0  0.0  0.0  0.0 15.5  0.0 15.5  0.0  0.0 15.5  0.0  0.0
    -28.05     -3.73      3.84      4.47      3.51  0.0  0.0  0.0  0.0  0.0
                                    t000285_s15_p1_el2ap.txt 19.8  5.8  104
  9.6  0.0  0.0 48.1  0.0  0.0  0.0  0.0 19.2  9.6  0.0  0.0  0.0  0.0  0.0
  0.0  0.0  0.0  0.0  0.0  0.0336.5115.4134.6  9.6  9.6  0.0  0.0  0.0  0.0
  0.0  9.6  0.0  0.0  0.0  9.6 19.2 28.8  0.0  0.0  0.0  0.0  0.0  9.6  0.0
  0.0  0.0  0.0  0.0  0.0 28.8  9.6  9.6  0.0  0.0173.1 28.8  0.0 86.5  9.6
  0.0  0.0  0.0  0.0  0.0  0.0  0.0  0.0  0.0  0.0  0.0  0.0  0.0  0.0  0.0
  0.0  0.0  0.0  0.0  0.0  0.0  0.0  0.0  0.0  0.0  0.0  0.0  0.0  0.0  0.0
  0.0  0.0  0.0  0.0  0.0  0.0  0.0  0.0  0.0  0.0  0.0  0.0  0.0  0.0  0.0
  0.0  0.0  0.0  0.0  0.0  0.0  0.0  0.0  0.0  0.0  0.0  0.0  0.0  0.0  0.0
  0.0  0.0  0.0  0.0  0.0  0.0  0.0  9.6 76.9 19.2  0.0  9.6  9.6  0.0  0.0
  0.0  0.0  9.6  0.0  0.0  0.0  0.0  9.6 19.2  0.0  0.0  9.6  0.0  0.0  0.0
    -30.03     -4.98      3.99      0.26     -2.17  0.0  0.0  0.0  0.0  0.0
                                   t000285_s15_p10_el2ap.txt 18.3  6.1   97
 10.3  0.0  0.0 41.2  0.0  0.0  0.0  0.0 20.6  0.0  0.0  0.0  0.0  0.0  0.0
  0.0  0.0  0.0 10.3  0.0  0.0433.0103.1 82.5 20.6  0.0  0.0  0.0  0.0  0.0
  0.0  0.0  0.0  0.0  0.0 10.3 10.3 30.9  0.0  0.0  0.0 10.3  0.0  0.0  0.0
  0.0  0.0  0.0  0.0  0.0 30.9 10.3  0.0  0.0  0.0113.4 20.6  0.0103.1 20.6
 10.3  0.0  0.0  0.0  0.0  0.0  0.0  0.0  0.0  0.0  0.0  0.0  0.0  0.0  0.0
  0.0  0.0  0.0  0.0  0.0  0.0  0.0  0.0  0.0  0.0  0.0  0.0  0.0  0.0  0.0
  0.0  0.0  0.0  0.0  0.0  0.0  0.0  0.0  0.0  0.0  0.0  0.0  0.0  0.0  0.0
  0.0  0.0  0.0  0.0  0.0  0.0  0.0  0.0  0.0  0.0  0.0  0.0  0.0  0.0  0.0
  0.0  0.0  0.0  0.0  0.0  0.0  0.0  0.0 10.3  0.0  0.0  0.0  0.0  0.0  0.0
  0.0  0.0  0.0  0.0  0.0 10.3  0.0 20.6  0.0 10.3  0.0  0.0 10.3  0.0  0.0
    -29.35     -5.05      0.39      4.88     -3.63 10.3  0.0  0.0  0.0  0.0
                                   t000285_s15_p11_el2ap.txt  7.3  4.9   34
  0.0  0.0  0.0 88.2  0.0  0.0  0.0  0.0  0.0  0.0 29.4  0.0  0.0  0.0  0.0
  0.0  0.0  0.0  0.0  0.0  0.0352.9147.1 29.4 29.4  0.0  0.0  0.0  0.0  0.0
  0.0  0.0  0.0  0.0  0.0  0.0  0.0 58.8  0.0  0.0  0.0  0.0  0.0 58.8  0.0
  0.0  0.0  0.0  0.0  0.0 58.8  0.0 58.8  0.0  0.0 29.4  0.0  0.0117.6  0.0
 29.4  0.0  0.0  0.0  0.0  0.0  0.0  0.0  0.0  0.0  0.0  0.0  0.0  0.0  0.0
  0.0  0.0  0.0  0.0  0.0  0.0  0.0  0.0  0.0  0.0  0.0  0.0  0.0  0.0  0.0
  0.0  0.0  0.0  0.0  0.0  0.0  0.0  0.0  0.0  0.0  0.0  0.0  0.0  0.0  0.0
  0.0  0.0  0.0  0.0  0.0  0.0  0.0  0.0  0.0  0.0  0.0  0.0  0.0  0.0  0.0
  0.0  0.0  0.0  0.0  0.0  0.0  0.0  0.0 58.8  0.0  0.0  0.0  0.0  0.0  0.0
  0.0  0.0  0.0  0.0  0.0  0.0  0.0  0.0  0.0  0.0  0.0 29.4 58.8  0.0  0.0
    -22.45     -4.76      0.97      7.40      5.29  0.0  0.0  0.0  0.0  0.0
                                   t000285_s15_p12_el2ap.txt 21.3  5.0  145
  6.9  0.0  0.0 89.7  0.0  0.0  0.0  0.0  0.0  0.0  0.0  0.0  0.0  6.9  0.0
  6.9  0.0  0.0  6.9  0.0  0.0331.0124.1 20.7 20.7  6.9  0.0  0.0  0.0  0.0
  0.0  6.9  0.0  6.9  0.0  6.9  0.0 62.1  0.0  6.9  0.0  6.9  0.0 48.3 13.8
  6.9  6.9  0.0 13.8  0.0 62.1 27.6 69.0  0.0  0.0 20.7  6.9  0.0117.2  0.0
  6.9  0.0  0.0  0.0  0.0  0.0  0.0  0.0  0.0  0.0  0.0  0.0  0.0  0.0  0.0
  0.0  0.0  0.0  0.0  0.0  0.0  0.0  0.0  0.0  0.0  0.0  0.0  0.0  0.0  0.0
  0.0  0.0  0.0  0.0  0.0  0.0  0.0  0.0  0.0  0.0  0.0  0.0  0.0  0.0  0.0
  0.0  0.0  0.0  0.0  0.0  0.0  0.0  0.0  0.0  0.0  0.0  0.0  0.0  0.0  0.0
  0.0  0.0  0.0  0.0  0.0  0.0  0.0 13.8 34.5  6.9  6.9  0.0  6.9  6.9  0.0
  0.0  0.0  0.0  0.0  0.0 13.8  0.0 13.8  6.9 55.2  0.0  0.0  6.9  0.0  0.0
    -15.73     -4.74      1.17     14.07     16.52  6.9  0.0  0.0  0.0  0.0
                                   t000285_s15_p13_el2ap.txt 15.5  5.3   81
  0.0  0.0  0.0 74.1  0.0  0.0  0.0  0.0 24.7  0.0  0.0  0.0  0.0  0.0  0.0
  0.0  0.0  0.0  0.0  0.0  0.0407.4111.1 12.3 37.0  0.0  0.0  0.0  0.0 12.3
  0.0  0.0  0.0  0.0  0.0 12.3 12.3 49.4  0.0 12.3  0.0  0.0  0.0 12.3 12.3
  0.0  0.0  0.0  0.0  0.0 49.4 12.3 24.7  0.0 12.3 24.7 24.7  0.0123.5  0.0
  0.0  0.0  0.0  0.0  0.0  0.0  0.0  0.0  0.0  0.0  0.0  0.0  0.0  0.0  0.0
  0.0  0.0  0.0  0.0  0.0  0.0  0.0  0.0  0.0  0.0  0.0  0.0  0.0  0.0  0.0
  0.0  0.0  0.0  0.0  0.0  0.0  0.0  0.0  0.0  0.0  0.0  0.0  0.0  0.0  0.0
  0.0  0.0  0.0  0.0  0.0  0.0  0.0  0.0  0.0  0.0  0.0  0.0  0.0  0.0  0.0
  0.0  0.0  0.0  0.0  0.0  0.0  0.0 12.3 24.7 12.3  0.0  0.0 37.0  0.0  0.0
  0.0  0.0  0.0  0.0  0.0  0.0  0.0 24.7 12.3  0.0  0.0 12.3 24.7  0.0  0.0
    -25.36     -4.51      6.45     10.76      7.74 12.3  0.0  0.0  0.0  0.0
                                   t000285_s15_p14_el2ap.txt 12.3  5.3   61
  0.0  0.0  0.0 16.4  0.0  0.0  0.0  0.0 16.4  0.0  0.0  0.0  0.0  0.0  0.0
  0.0  0.0  0.0  0.0  0.0  0.0393.4131.1131.1  0.0  0.0  0.0  0.0  0.0  0.0
  0.0 16.4  0.0  0.0  0.0 16.4 16.4 16.4  0.0  0.0  0.0 16.4  0.0  0.0  0.0
  0.0  0.0  0.0  0.0  0.0 16.4 16.4  0.0  0.0  0.0163.9 16.4  0.0 32.8  0.0
  0.0  0.0  0.0  0.0  0.0  0.0  0.0  0.0  0.0  0.0  0.0  0.0  0.0  0.0  0.0
  0.0  0.0  0.0  0.0  0.0  0.0  0.0  0.0  0.0  0.0  0.0  0.0  0.0  0.0  0.0
  0.0  0.0  0.0  0.0  0.0  0.0  0.0  0.0  0.0  0.0  0.0  0.0  0.0  0.0  0.0
  0.0  0.0  0.0  0.0  0.0  0.0  0.0  0.0  0.0  0.0  0.0  0.0  0.0  0.0  0.0
  0.0  0.0  0.0  0.0  0.0  0.0  0.0  0.0  0.0 16.4 16.4  0.0 16.4 16.4  0.0
  0.0  0.0  0.0  0.0  0.0 16.4  0.0  0.0  0.0 16.4  0.0  0.0  0.0  0.0  0.0
    -34.04     -5.73      6.11      3.86     -3.63 16.4  0.0  0.0  0.0  0.0
                                   t000285_s15_p15_el2ap.txt 12.8  5.2   85
  0.0  0.0  0.0 47.1  0.0  0.0  0.0  0.0  0.0  0.0  0.0  0.0  0.0  0.0  0.0
  0.0  0.0  0.0 11.8  0.0  0.0352.9152.9 35.3 23.5  0.0  0.0  0.0  0.0  0.0
  0.0  0.0  0.0  0.0  0.0 11.8  0.0 47.1  0.0 11.8  0.0  0.0  0.0 23.5 11.8
  0.0  0.0  0.0  0.0  0.0 47.1 23.5 35.3  0.0  0.0 58.8  0.0  0.0 82.4 11.8
  0.0  0.0  0.0  0.0  0.0  0.0  0.0  0.0  0.0  0.0  0.0  0.0  0.0  0.0  0.0
  0.0  0.0  0.0  0.0  0.0  0.0  0.0  0.0  0.0  0.0  0.0  0.0  0.0  0.0  0.0
  0.0  0.0  0.0  0.0  0.0  0.0  0.0  0.0  0.0  0.0  0.0  0.0  0.0  0.0  0.0
  0.0  0.0  0.0  0.0  0.0  0.0  0.0  0.0  0.0  0.0  0.0  0.0  0.0  0.0  0.0
  0.0  0.0  0.0  0.0  0.0  0.0  0.0 11.8 11.8 23.5 23.5  0.0  0.0  0.0  0.0
  0.0  0.0  0.0  0.0  0.0  0.0  0.0 11.8  0.0 23.5  0.0  0.0 23.5  0.0  0.0
    -25.80     -4.95      0.31      9.95      8.99  0.0  0.0  0.0  0.0  0.0
                                   t000285_s15_p16_el2ap.txt  3.3  4.9   13
  0.0  0.0  0.0  0.0  0.0  0.0  0.0  0.0  0.0  0.0  0.0  0.0  0.0  0.0  0.0
  0.0  0.0  0.0  0.0  0.0  0.0461.5  0.0 76.9 76.9  0.0  0.0  0.0  0.0  0.0
  0.0  0.0  0.0  0.0  0.0  0.0  0.0  0.0  0.0  0.0  0.0  0.0  0.0 76.9  0.0
  0.0  0.0  0.0  0.0  0.0  0.0  0.0 76.9  0.0  0.0 76.9  0.0  0.0 76.9  0.0
  0.0  0.0  0.0  0.0  0.0  0.0  0.0  0.0  0.0  0.0  0.0  0.0  0.0  0.0  0.0
  0.0  0.0  0.0  0.0  0.0  0.0  0.0  0.0  0.0  0.0  0.0  0.0  0.0  0.0  0.0
  0.0  0.0  0.0  0.0  0.0  0.0  0.0  0.0  0.0  0.0  0.0  0.0  0.0  0.0  0.0
  0.0  0.0  0.0  0.0  0.0  0.0  0.0  0.0  0.0  0.0  0.0  0.0  0.0  0.0  0.0
  0.0  0.0  0.0  0.0  0.0  0.0  0.0  0.0  0.0  0.0  0.0  0.0  0.0 76.9  0.0
  0.0  0.0  0.0  0.0  0.0  0.0  0.0  0.0 76.9  0.0  0.0  0.0  0.0  0.0  0.0
    -28.08     -3.20      0.97     -6.61      8.03  0.0  0.0  0.0  0.0  0.0
                                   t000285_s15_p17_el2ap.txt  9.3  5.8   47
  0.0  0.0  0.0 85.1  0.0  0.0  0.0  0.0 21.3  0.0  0.0  0.0  0.0  0.0  0.0
  0.0  0.0  0.0 21.3  0.0  0.0319.1148.9 63.8  0.0 21.3  0.0  0.0  0.0  0.0
  0.0  0.0  0.0  0.0  0.0 21.3  0.0 42.6  0.0 21.3  0.0  0.0  0.0 42.6  0.0
  0.0  0.0  0.0 21.3 21.3 42.6 42.6 42.6  0.0  0.0 85.1 42.6  0.0 85.1  0.0
  0.0  0.0  0.0  0.0  0.0  0.0  0.0  0.0  0.0  0.0  0.0  0.0  0.0  0.0  0.0
  0.0  0.0  0.0  0.0  0.0  0.0  0.0  0.0  0.0  0.0  0.0  0.0  0.0  0.0  0.0
  0.0  0.0  0.0  0.0  0.0  0.0  0.0  0.0  0.0  0.0  0.0  0.0  0.0  0.0  0.0
  0.0  0.0  0.0  0.0  0.0  0.0  0.0  0.0  0.0  0.0  0.0  0.0  0.0  0.0  0.0
  0.0  0.0  0.0  0.0  0.0  0.0  0.0  0.0  0.0 42.6 42.6  0.0  0.0  0.0  0.0
  0.0  0.0  0.0  0.0  0.0  0.0  0.0  0.0  0.0 42.6  0.0  0.0  0.0  0.0  0.0
    -23.79     -4.78     -0.24     13.20      2.82 21.3  0.0  0.0  0.0  0.0
                                   t000285_s15_p18_el2ap.txt 24.5  4.9  144
  0.0  0.0  0.0 55.6  0.0  0.0  0.0  0.0 27.8  0.0  0.0  0.0  0.0  0.0  0.0
  0.0  0.0  0.0  6.9  0.0  0.0402.8125.0 55.6 13.9  6.9  0.0  0.0  0.0  0.0
  0.0  0.0  0.0  0.0  0.0  0.0 13.9 41.7  0.0  0.0  0.0  0.0  0.0  6.9  6.9
  0.0  0.0  0.0  0.0  0.0 41.7  6.9 13.9  0.0  0.0 69.4 34.7  0.0 76.4  0.0
  0.0  0.0  0.0  0.0  0.0  0.0  0.0  0.0  0.0  0.0  0.0  0.0  0.0  0.0  0.0
  0.0  0.0  0.0  0.0  0.0  0.0  0.0  0.0  0.0  0.0  0.0  0.0  0.0  0.0  0.0
  0.0  0.0  0.0  0.0  0.0  0.0  0.0  0.0  0.0  0.0  6.9  0.0  0.0  0.0  0.0
  0.0  0.0  0.0  0.0  0.0  0.0  0.0  6.9  0.0  0.0  0.0  0.0  0.0  0.0  0.0
  0.0  0.0  0.0  0.0  0.0  0.0  0.0  6.9 20.8 13.9 34.7 13.9 13.9  6.9  0.0
  6.9  0.0  0.0  0.0  0.0  0.0  0.0 27.8  0.0  0.0  0.0  0.0  0.0  0.0  0.0
    -26.09     -4.96      0.97      3.32      2.77  0.0  0.0  0.0  0.0  0.0
                                   t000285_s15_p19_el2ap.txt  9.8  5.3   49
 40.8  0.0  0.0102.0  0.0  0.0  0.0  0.0 20.4  0.0  0.0  0.0  0.0  0.0  0.0
  0.0  0.0  0.0  0.0  0.0  0.0265.3 40.8 61.2 61.2  0.0 20.4 20.4  0.0  0.0
  0.0  0.0  0.0  0.0  0.0  0.0  0.0 40.8 20.4  0.0  0.0  0.0  0.0  0.0  0.0
 20.4 20.4  0.0  0.0  0.0 40.8 20.4 20.4  0.0  0.0 81.6 20.4  0.0204.1 40.8
 20.4  0.0  0.0  0.0  0.0  0.0  0.0  0.0  0.0  0.0  0.0  0.0  0.0  0.0  0.0
  0.0  0.0  0.0  0.0  0.0  0.0  0.0  0.0  0.0  0.0  0.0  0.0  0.0  0.0  0.0
  0.0  0.0  0.0  0.0  0.0  0.0  0.0  0.0  0.0  0.0  0.0  0.0  0.0  0.0  0.0
  0.0  0.0  0.0  0.0  0.0  0.0  0.0  0.0  0.0  0.0  0.0  0.0  0.0  0.0  0.0
  0.0  0.0  0.0  0.0  0.0  0.0  0.0  0.0  0.0  0.0 40.8  0.0  0.0  0.0  0.0
  0.0  0.0  0.0  0.0  0.0  0.0  0.0 61.2  0.0  0.0 20.4  0.0  0.0  0.0  0.0
    -16.62      3.99      0.97      9.70      2.96  0.0  0.0  0.0  0.0  0.0
                                    t000285_s15_p2_el2ap.txt  5.5  5.6   25
  0.0  0.0  0.0 80.0  0.0  0.0  0.0  0.0  0.0  0.0  0.0  0.0  0.0  0.0  0.0
  0.0  0.0  0.0  0.0  0.0  0.0520.0 40.0 40.0  0.0  0.0  0.0  0.0  0.0  0.0
  0.0  0.0  0.0  0.0  0.0  0.0  0.0 40.0  0.0  0.0  0.0  0.0  0.0  0.0  0.0
  0.0  0.0  0.0  0.0  0.0 40.0  0.0  0.0  0.0  0.0 40.0  0.0  0.0 80.0  0.0
 40.0  0.0  0.0  0.0  0.0  0.0  0.0  0.0  0.0  0.0  0.0  0.0  0.0  0.0  0.0
  0.0  0.0  0.0  0.0  0.0  0.0  0.0  0.0  0.0  0.0  0.0  0.0  0.0  0.0  0.0
  0.0  0.0  0.0  0.0  0.0  0.0  0.0  0.0  0.0  0.0  0.0  0.0  0.0  0.0  0.0
  0.0  0.0  0.0  0.0  0.0  0.0  0.0  0.0  0.0  0.0  0.0  0.0  0.0  0.0  0.0
  0.0  0.0  0.0  0.0  0.0  0.0  0.0  0.0 80.0  0.0 40.0 80.0  0.0  0.0  0.0
  0.0  0.0  0.0  0.0  0.0  0.0  0.0  0.0 40.0  0.0  0.0  0.0 40.0  0.0  0.0
    -28.70     -5.73      0.97      2.92     -3.63  0.0  0.0  0.0  0.0  0.0
                                   t000285_s15_p20_el2ap.txt  7.5  5.0   40
  0.0  0.0  0.0 50.0  0.0  0.0  0.0  0.0 25.0  0.0  0.0  0.0  0.0  0.0  0.0
  0.0  0.0  0.0  0.0  0.0  0.0275.0175.0100.0  0.0  0.0  0.0  0.0  0.0  0.0
  0.0  0.0  0.0  0.0  0.0  0.0 25.0 50.0 25.0  0.0  0.0  0.0  0.0  0.0  0.0
  0.0  0.0  0.0  0.0  0.0 50.0  0.0  0.0  0.0  0.0100.0 25.0  0.0125.0 25.0
  0.0  0.0  0.0  0.0  0.0  0.0  0.0  0.0  0.0  0.0  0.0  0.0  0.0  0.0  0.0
  0.0  0.0  0.0  0.0  0.0  0.0  0.0  0.0  0.0  0.0  0.0  0.0  0.0  0.0  0.0
  0.0  0.0  0.0  0.0  0.0  0.0  0.0  0.0  0.0  0.0  0.0  0.0  0.0  0.0  0.0
  0.0  0.0  0.0  0.0  0.0  0.0  0.0  0.0  0.0  0.0  0.0  0.0  0.0  0.0  0.0
  0.0  0.0  0.0  0.0  0.0  0.0  0.0  0.0  0.0  0.0 50.0  0.0 50.0  0.0  0.0
  0.0  0.0  0.0  0.0  0.0  0.0  0.0  0.0 25.0  0.0  0.0  0.0  0.0  0.0  0.0
    -28.86     -5.73      0.97     13.36     -3.63  0.0  0.0  0.0  0.0  0.0
                                   t000285_s15_p21_el2ap.txt 11.5  5.4   61
  0.0  0.0  0.0 65.6  0.0  0.0  0.0  0.0 16.4  0.0  0.0  0.0  0.0 16.4  0.0
  0.0  0.0  0.0  0.0  0.0  0.0311.5 82.0 65.6  0.0  0.0  0.0  0.0  0.0  0.0
  0.0  0.0  0.0  0.0  0.0  0.0 16.4 32.8  0.0  0.0  0.0  0.0  0.0  0.0  0.0
  0.0  0.0  0.0  0.0  0.0 32.8  0.0  0.0  0.0  0.0 65.6 16.4  0.0 98.4  0.0
  0.0  0.0  0.0  0.0  0.0  0.0  0.0  0.0  0.0  0.0  0.0  0.0  0.0  0.0  0.0
  0.0  0.0  0.0  0.0  0.0  0.0  0.0  0.0  0.0  0.0  0.0  0.0  0.0  0.0  0.0
  0.0  0.0  0.0  0.0  0.0  0.0  0.0  0.0  0.0  0.0  0.0  0.0  0.0  0.0  0.0
  0.0  0.0  0.0  0.0  0.0  0.0  0.0  0.0  0.0  0.0  0.0  0.0  0.0  0.0  0.0
  0.0  0.0  0.0  0.0  0.0  0.0  0.0  0.0 32.8  0.0 32.8  0.0  0.0  0.0  0.0
  0.0 32.8  0.0  0.0  0.0  0.0  0.0 16.4  0.0 49.2  0.0  0.0  0.0  0.0  0.0
    -16.85     -5.73      0.97      1.20     -3.63  0.0  0.0  0.0  0.0  0.0
                                    t000285_s15_p3_el2ap.txt  6.5  4.3   33
  0.0  0.0  0.0 30.3  0.0  0.0  0.0  0.0  0.0  0.0  0.0  0.0  0.0  0.0  0.0
  0.0  0.0  0.0  0.0  0.0  0.0333.3151.5 30.3  0.0  0.0  0.0  0.0  0.0  0.0
  0.0  0.0  0.0  0.0  0.0 30.3  0.0 30.3  0.0  0.0  0.0  0.0  0.0  0.0  0.0
 30.3  0.0  0.0  0.0  0.0 30.3  0.0 30.3  0.0  0.0 90.9  0.0  0.0 60.6  0.0
  0.0  0.0  0.0  0.0  0.0  0.0  0.0  0.0  0.0  0.0  0.0  0.0  0.0  0.0  0.0
  0.0  0.0  0.0  0.0  0.0  0.0  0.0  0.0  0.0  0.0  0.0  0.0  0.0  0.0  0.0
  0.0  0.0  0.0  0.0  0.0  0.0  0.0  0.0  0.0  0.0  0.0  0.0  0.0  0.0  0.0
  0.0  0.0  0.0  0.0  0.0  0.0  0.0  0.0  0.0  0.0  0.0  0.0  0.0  0.0  0.0
  0.0  0.0  0.0  0.0  0.0  0.0  0.0  0.0  0.0  0.0 30.3  0.0  0.0 30.3  0.0
  0.0  0.0  0.0  0.0  0.0  0.0  0.0  0.0  0.0  0.0  0.0  0.0 30.3  0.0  0.0
    -25.54     -5.73     -0.75      0.61      6.15  0.0  0.0  0.0  0.0  0.0
                                    t000285_s15_p4_el2ap.txt  0.3  4.0   16
  0.0  0.0  0.0  0.0  0.0  0.0  0.0  0.0  0.0  0.0  0.0  0.0  0.0  0.0  0.0
  0.0  0.0  0.0  0.0  0.0  0.0  0.0  0.0  0.0  0.0  0.0  0.0  0.0  0.0  0.0
  0.0  0.0  0.0  0.0  0.0  0.0  0.0  0.0  0.0  0.0  0.0  0.0  0.0  0.0  0.0
  0.0  0.0  0.0  0.0  0.0  0.0  0.0  0.0  0.0  0.0  0.0  0.0  0.0  0.0  0.0
  0.0  0.0  0.0  0.0  0.0  0.0  0.0  0.0  0.0  0.0  0.0  0.0  0.0  0.0  0.0
  0.0  0.0  0.0  0.0  0.0  0.0  0.0  0.0  0.0  0.0  0.0  0.0  0.0  0.0  0.0
  0.0  0.0  0.0  0.0  0.0  0.0  0.0  0.0  0.0  0.0  0.0  0.0  0.0  0.0  0.0
  0.0  0.0  0.0  0.0  0.0  0.0  0.0  0.0  0.0  0.0  0.0  0.0  0.0  0.0  0.0
  0.0  0.0  0.0  0.0  0.0  0.0  0.0  0.0  0.0  0.0  0.0  0.0  0.0  0.0  0.0
  0.0  0.0  0.0  0.0  0.0  0.0  0.0  0.0  0.0  0.0  0.0  0.0  0.0  0.0  0.0
     -8.72     -5.73      0.97     -6.61     -3.63  0.0  0.0  0.0  0.0  0.0
                                    t000285_s15_p7_el2ap.txt  2.5  6.3   10
  0.0  0.0  0.0100.0  0.0  0.0  0.0  0.0  0.0  0.0  0.0  0.0  0.0  0.0  0.0
  0.0  0.0  0.0  0.0  0.0  0.0600.0100.0100.0  0.0  0.0  0.0  0.0  0.0  0.0
  0.0  0.0  0.0  0.0  0.0100.0  0.0  0.0  0.0  0.0  0.0  0.0  0.0  0.0  0.0
  0.0  0.0  0.0  0.0  0.0  0.0  0.0  0.0  0.0  0.0100.0  0.0  0.0100.0  0.0
  0.0  0.0  0.0  0.0  0.0  0.0  0.0  0.0  0.0  0.0  0.0  0.0  0.0  0.0  0.0
  0.0  0.0  0.0  0.0  0.0  0.0  0.0  0.0  0.0  0.0  0.0  0.0  0.0  0.0  0.0
  0.0  0.0  0.0  0.0  0.0  0.0  0.0  0.0  0.0  0.0  0.0  0.0  0.0  0.0  0.0
  0.0  0.0  0.0  0.0  0.0  0.0  0.0  0.0  0.0  0.0  0.0  0.0  0.0  0.0  0.0
  0.0  0.0  0.0  0.0  0.0  0.0  0.0  0.0  0.0  0.0  0.0  0.0  0.0100.0  0.0
100.0  0.0  0.0  0.0  0.0  0.0  0.0  0.0  0.0  0.0  0.0  0.0100.0  0.0  0.0
    -37.67     -5.73     -4.71     -6.61     -3.63  0.0  0.0  0.0  0.0  0.0
                                    t000285_s15_p8_el2ap.txt  4.8  7.0   20
  0.0  0.0  0.0  0.0  0.0  0.0  0.0  0.0  0.0  0.0  0.0  0.0  0.0  0.0  0.0
  0.0  0.0  0.0  0.0  0.0  0.0600.0150.0200.0  0.0  0.0  0.0  0.0  0.0  0.0
  0.0  0.0  0.0  0.0  0.0 50.0  0.0  0.0  0.0  0.0  0.0  0.0  0.0  0.0  0.0
  0.0  0.0  0.0  0.0  0.0  0.0  0.0  0.0  0.0  0.0200.0  0.0  0.0  0.0  0.0
  0.0  0.0  0.0  0.0  0.0  0.0  0.0  0.0  0.0  0.0  0.0  0.0  0.0  0.0  0.0
  0.0  0.0  0.0  0.0  0.0  0.0  0.0  0.0  0.0  0.0  0.0  0.0  0.0  0.0  0.0
  0.0  0.0  0.0  0.0  0.0  0.0  0.0  0.0  0.0  0.0  0.0  0.0  0.0  0.0  0.0
  0.0  0.0  0.0  0.0  0.0  0.0  0.0  0.0  0.0  0.0  0.0  0.0  0.0  0.0  0.0
  0.0  0.0  0.0  0.0  0.0  0.0  0.0  0.0  0.0  0.0 50.0  0.0 50.0100.0  0.0
  0.0  0.0  0.0  0.0  0.0  0.0  0.0  0.0  0.0  0.0  0.0  0.0  0.0  0.0  0.0
    -49.62     -5.73     -1.87     -6.61     -3.63  0.0  0.0  0.0  0.0  0.0
                                    t000285_s15_p9_el2ap.txt  3.8  5.9   18
  0.0  0.0  0.0 55.6  0.0  0.0  0.0  0.0  0.0  0.0  0.0  0.0  0.0  0.0  0.0
  0.0  0.0  0.0  0.0  0.0  0.0388.9111.1  0.0  0.0  0.0  0.0  0.0  0.0  0.0
  0.0  0.0  0.0  0.0  0.0 55.6  0.0 55.6  0.0  0.0  0.0  0.0  0.0  0.0  0.0
 55.6 55.6  0.0  0.0  0.0 55.6 55.6 55.6  0.0  0.0  0.0  0.0  0.0111.1  0.0
  0.0  0.0  0.0  0.0  0.0  0.0  0.0  0.0  0.0  0.0  0.0  0.0  0.0  0.0  0.0
  0.0  0.0  0.0  0.0  0.0  0.0  0.0  0.0  0.0  0.0  0.0  0.0  0.0  0.0  0.0
  0.0  0.0  0.0  0.0  0.0  0.0  0.0  0.0  0.0  0.0  0.0  0.0  0.0  0.0  0.0
  0.0  0.0  0.0  0.0  0.0  0.0  0.0  0.0  0.0  0.0  0.0  0.0  0.0  0.0  0.0
  0.0  0.0  0.0  0.0  0.0  0.0  0.0  0.0  0.0  0.0 55.6  0.0  0.0  0.0  0.0
  0.0  0.0  0.0  0.0  0.0  0.0  0.0  0.0  0.0  0.0  0.0  0.0 55.6  0.0  0.0
    -27.26     -5.73     -2.18      6.62     14.29  0.0  0.0  0.0  0.0  0.0
                                     t000285_s6_p1_el2ap.txt 18.8  5.4  101
  9.9  0.0  0.0 49.5  0.0  0.0  0.0  0.0  9.9  9.9  9.9  0.0  0.0  0.0  0.0
  0.0  0.0  0.0  0.0  0.0  0.0297.0 99.0118.8  9.9  0.0  9.9  0.0  0.0  0.0
  0.0  9.9  0.0  0.0  0.0 49.5 29.7 19.8  9.9  0.0  0.0 19.8 19.8  9.9  0.0
  9.9  0.0  9.9  0.0  9.9 19.8  9.9 19.8  0.0  0.0138.6  9.9  0.0 99.0  9.9
  0.0  0.0  0.0  0.0  0.0  0.0  0.0  0.0  0.0  0.0  0.0  0.0  0.0  0.0  0.0
  0.0  0.0  0.0  0.0  0.0  9.9  0.0  0.0  0.0  0.0  0.0  0.0  0.0  0.0  0.0
  0.0  0.0  0.0  0.0  0.0  0.0  0.0  0.0  0.0  0.0  0.0  0.0  0.0  0.0  0.0
  9.9  0.0  0.0  9.9  0.0  0.0  0.0  0.0  0.0  0.0  0.0  0.0  0.0  0.0  0.0
  0.0  0.0  0.0  0.0  0.0  0.0  0.0  0.0 19.8 19.8 29.7  0.0  0.0  0.0  0.0
  0.0  0.0  0.0  0.0  0.0  0.0  9.9  9.9  9.9 29.7  0.0  0.0  9.9  0.0  0.0
    -25.61     -3.50      1.83      9.22     13.44  0.0  0.0  0.0  0.0  0.0
                                     t000285_s8_p1_el2ap.txt  9.8  5.4   43
  0.0  0.0  0.0 46.5  0.0  0.0  0.0  0.0  0.0  0.0  0.0  0.0  0.0  0.0 23.3
  0.0  0.0  0.0  0.0  0.0  0.0395.3116.3  0.0 23.3  0.0 23.3 23.3  0.0  0.0
  0.0  0.0  0.0  0.0  0.0 23.3  0.0  0.0  0.0  0.0  0.0 23.3  0.0  0.0  0.0
  0.0  0.0  0.0  0.0  0.0  0.0  0.0  0.0  0.0  0.0  0.0  0.0  0.0 93.0 23.3
  0.0  0.0  0.0  0.0  0.0  0.0  0.0  0.0  0.0  0.0  0.0  0.0  0.0  0.0  0.0
  0.0  0.0  0.0  0.0  0.0  0.0  0.0  0.0  0.0  0.0  0.0  0.0  0.0  0.0  0.0
  0.0  0.0  0.0  0.0  0.0  0.0  0.0  0.0  0.0  0.0  0.0  0.0  0.0  0.0  0.0
  0.0  0.0  0.0  0.0  0.0  0.0  0.0  0.0  0.0  0.0  0.0  0.0  0.0  0.0  0.0
  0.0  0.0  0.0  0.0  0.0  0.0  0.0  0.0  0.0  0.0  0.0 23.3  0.0  0.0  0.0
  0.0  0.0  0.0  0.0  0.0  0.0  0.0  0.0  0.0 23.3  0.0  0.0 23.3  0.0  0.0
     -8.71      3.82     -0.35      2.70     -3.63  0.0  0.0  0.0  0.0  0.0
                                     t000285_s8_p2_el2ap.txt 13.0  4.9   61
  0.0  0.0  0.0 32.8  0.0  0.0  0.0  0.0  0.0  0.0  0.0  0.0  0.0  0.0 16.4
  0.0  0.0  0.0  0.0  0.0  0.0327.9147.5131.1 16.4  0.0  0.0 16.4  0.0  0.0
  0.0  0.0  0.0  0.0  0.0 49.2  0.0  0.0  0.0  0.0  0.0 16.4  0.0  0.0  0.0
 16.4 16.4  0.0  0.0  0.0  0.0 16.4 16.4  0.0  0.0147.5  0.0  0.0 49.2 16.4
  0.0  0.0  0.0  0.0  0.0  0.0  0.0  0.0  0.0  0.0  0.0  0.0  0.0  0.0  0.0
  0.0  0.0  0.0  0.0  0.0  0.0  0.0  0.0  0.0  0.0  0.0  0.0  0.0  0.0  0.0
  0.0  0.0  0.0  0.0  0.0  0.0  0.0  0.0  0.0  0.0  0.0  0.0  0.0  0.0  0.0
  0.0  0.0  0.0  0.0  0.0  0.0  0.0  0.0  0.0  0.0  0.0  0.0  0.0  0.0  0.0
  0.0  0.0  0.0  0.0  0.0  0.0  0.0  0.0  0.0  0.0  0.0  0.0 16.4  0.0  0.0
  0.0  0.0 16.4  0.0  0.0  0.0 16.4 16.4  0.0 16.4  0.0  0.0  0.0  0.0  0.0
    -19.36     -2.15     -1.82     -0.05      1.66  0.0  0.0  0.0  0.0  0.0
                                     t000285_s8_p3_el2ap.txt 13.3  5.2   70
  0.0  0.0  0.0 28.6  0.0  0.0  0.0  0.0  0.0  0.0  0.0  0.0  0.0  0.0  0.0
  0.0  0.0  0.0  0.0  0.0  0.0357.1157.1128.6  0.0  0.0 14.3  0.0  0.0  0.0
  0.0  0.0  0.0  0.0  0.0 14.3  0.0  0.0  0.0  0.0  0.0  0.0  0.0  0.0  0.0
  0.0 14.3  0.0  0.0  0.0  0.0 14.3  0.0  0.0  0.0157.1  0.0  0.0 28.6  0.0
  0.0  0.0  0.0  0.0  0.0  0.0  0.0  0.0  0.0  0.0  0.0  0.0  0.0  0.0  0.0
  0.0  0.0  0.0  0.0  0.0  0.0  0.0  0.0  0.0  0.0  0.0  0.0  0.0  0.0  0.0
  0.0  0.0  0.0  0.0  0.0  0.0  0.0  0.0  0.0  0.0  0.0  0.0  0.0  0.0  0.0
  0.0  0.0  0.0  0.0  0.0  0.0  0.0  0.0  0.0  0.0  0.0  0.0  0.0  0.0  0.0
  0.0  0.0  0.0  0.0  0.0  0.0  0.0  0.0  0.0  0.0  0.0  0.0  0.0  0.0  0.0
  0.0 14.3  0.0  0.0  0.0  0.0  0.0  0.0  0.0  0.0  0.0  0.0  0.0  0.0  0.0
    -33.91     -2.98      0.16     -6.61     -3.63  0.0  0.0  0.0  0.0  0.0
                                     t000285_s8_p4_el2ap.txt 16.0  5.5   85
  0.0  0.0  0.0 82.4  0.0  0.0  0.0  0.0 11.8 11.8  0.0  0.0  0.0  0.0  0.0
  0.0  0.0 11.8  0.0  0.0  0.0294.1129.4105.9  0.0  0.0  0.0 11.8  0.0  0.0
  0.0  0.0  0.0  0.0  0.0 47.1 23.5 11.8 11.8  0.0  0.0 11.8 23.5 11.8  0.0
  0.0  0.0  0.0  0.0  0.0 23.5  0.0 11.8  0.0  0.0117.6 11.8  0.0117.6  0.0
 23.5  0.0  0.0  0.0  0.0  0.0  0.0  0.0  0.0  0.0  0.0  0.0  0.0  0.0  0.0
  0.0  0.0  0.0 11.8  0.0  0.0  0.0  0.0  0.0  0.0  0.0  0.0  0.0  0.0  0.0
  0.0  0.0 11.8  0.0  0.0  0.0  0.0  0.0  0.0  0.0  0.0  0.0  0.0  0.0  0.0
 11.8  0.0  0.0 11.8 11.8  0.0 11.8  0.0  0.0  0.0  0.0  0.0  0.0  0.0  0.0
  0.0  0.0  0.0  0.0  0.0  0.0  0.0  0.0 23.5  0.0 23.5  0.0  0.0  0.0  0.0
  0.0  0.0  0.0  0.0  0.0  0.0  0.0 11.8 35.3  0.0  0.0  0.0  0.0  0.0  0.0
    -23.55     -3.55     -1.70      4.70     12.86  0.0  0.0  0.0  0.0  0.0
                                     t000286_s1_p1_el2ap.txt 10.3  6.1   58
  0.0  0.0  0.0 86.2  0.0  0.0  0.0  0.0  0.0  0.0  0.0  0.0  0.0  0.0  0.0
  0.0  0.0  0.0  0.0  0.0  0.0517.2155.2 51.7  0.0  0.0  0.0  0.0  0.0 17.2
  0.0  0.0  0.0  0.0  0.0 17.2  0.0  0.0  0.0  0.0  0.0  0.0  0.0  0.0  0.0
  0.0  0.0  0.0  0.0  0.0  0.0  0.0  0.0  0.0 17.2 51.7  0.0  0.0 86.2  0.0
 34.5  0.0  0.0  0.0  0.0  0.0  0.0  0.0  0.0  0.0  0.0  0.0  0.0  0.0  0.0
  0.0  0.0  0.0  0.0  0.0  0.0  0.0  0.0  0.0  0.0  0.0  0.0  0.0  0.0  0.0
  0.0  0.0  0.0  0.0  0.0  0.0  0.0  0.0  0.0  0.0  0.0  0.0  0.0  0.0  0.0
  0.0  0.0  0.0  0.0  0.0  0.0  0.0  0.0  0.0  0.0  0.0  0.0  0.0  0.0  0.0
  0.0  0.0  0.0  0.0  0.0  0.0  0.0  0.0 69.0 17.2 17.2  0.0  0.0  0.0 51.7
 17.2  0.0  0.0  0.0  0.0  0.0  0.0  0.0  0.0 17.2 17.2  0.0  0.0  0.0  0.0
    -34.90     -5.73      8.61     -6.61     -3.63  0.0  0.0  0.0  0.0  0.0
                                     t000286_s1_p2_el2ap.txt 14.0  5.0   69
 14.5  0.0  0.0 58.0  0.0  0.0  0.0 14.5  0.0 14.5  0.0 14.5  0.0  0.0  0.0
  0.0  0.0  0.0 29.0  0.0  0.0405.8159.4115.9  0.0 14.5  0.0  0.0  0.0  0.0
  0.0  0.0  0.0  0.0  0.0  0.0  0.0  0.0  0.0  0.0  0.0  0.0  0.0 29.0  0.0
  0.0  0.0  0.0  0.0  0.0  0.0 43.5 29.0  0.0  0.0130.4 14.5  0.0 58.0  0.0
  0.0  0.0  0.0  0.0  0.0  0.0  0.0  0.0  0.0  0.0  0.0  0.0  0.0  0.0  0.0
  0.0  0.0  0.0  0.0  0.0  0.0  0.0  0.0  0.0  0.0  0.0  0.0  0.0  0.0  0.0
  0.0  0.0  0.0  0.0  0.0  0.0  0.0  0.0  0.0  0.0  0.0  0.0  0.0  0.0  0.0
  0.0  0.0  0.0  0.0  0.0  0.0  0.0  0.0  0.0  0.0  0.0  0.0  0.0  0.0  0.0
  0.0  0.0  0.0  0.0  0.0  0.0  0.0  0.0 29.0  0.0  0.0 14.5  0.0 29.0 14.5
  0.0  0.0  0.0  0.0  0.0  0.0 14.5 29.0  0.0  0.0  0.0  0.0  0.0  0.0  0.0
    -12.00     -5.08      0.97     -6.61      0.77 14.5  0.0  0.0  0.0  0.0
                                     t000286_s1_p3_el2ap.txt 29.5  5.4  197
  5.1  0.0  0.0 55.8  0.0  0.0  5.1  0.0  0.0  0.0  0.0  0.0  0.0  0.0  0.0
  0.0  0.0  5.1  5.1  0.0  0.0350.3142.1 96.4 25.4  0.0 20.3  0.0  0.0  0.0
  0.0  5.1  0.0  0.0  0.0 30.5 15.2  5.1  5.1  0.0  5.1  0.0 10.2 15.2  0.0
  5.1  0.0 10.2  0.0  0.0 15.2 10.2 20.3  0.0  0.0116.8  0.0  5.1106.6  5.1
 10.2  0.0  0.0  0.0  0.0  0.0  0.0  0.0  0.0  0.0  0.0  0.0  0.0  0.0  0.0
  0.0  0.0  0.0 10.2  0.0  5.1  5.1  0.0  0.0  0.0  0.0  0.0  0.0  0.0  5.1
  0.0  0.0  0.0  5.1  0.0  0.0  0.0  0.0  0.0  0.0  0.0  0.0  0.0  0.0  0.0
 20.3  0.0  0.0 20.3 10.2  0.0 10.2  0.0  0.0  0.0  0.0  0.0  0.0  0.0  0.0
  0.0  0.0  0.0  0.0  0.0  0.0  0.0  0.0 30.5 10.2 35.5 10.2  0.0  0.0 15.2
 10.2  5.1  0.0  0.0  0.0  0.0  0.0 10.2 15.2  5.1  5.1  5.1 10.2  0.0  0.0
    -27.14     -0.99      1.12     -1.34      6.66  0.0  0.0  0.0  0.0  0.0
                                    t000286_s14_p6_el2ap.txt  4.0  5.8   16
  0.0  0.0  0.0 62.5  0.0  0.0  0.0  0.0  0.0  0.0  0.0  0.0  0.0  0.0  0.0
  0.0  0.0  0.0  0.0  0.0  0.0437.5187.5 62.5  0.0  0.0  0.0  0.0  0.0  0.0
  0.0  0.0  0.0  0.0  0.0  0.0 62.5  0.0  0.0  0.0  0.0  0.0  0.0  0.0  0.0
  0.0  0.0  0.0  0.0  0.0  0.0  0.0  0.0  0.0  0.0 62.5  0.0  0.0125.0  0.0
  0.0  0.0  0.0  0.0  0.0  0.0  0.0  0.0  0.0  0.0  0.0  0.0  0.0  0.0  0.0
  0.0  0.0  0.0  0.0  0.0  0.0  0.0  0.0  0.0  0.0  0.0  0.0  0.0  0.0  0.0
  0.0  0.0 62.5  0.0  0.0  0.0  0.0  0.0  0.0  0.0  0.0  0.0  0.0  0.0  0.0
  0.0  0.0  0.0  0.0 62.5  0.0 62.5  0.0  0.0  0.0  0.0  0.0  0.0  0.0  0.0
  0.0  0.0  0.0  0.0  0.0  0.0  0.0  0.0  0.0  0.0125.0  0.0  0.0  0.0  0.0
  0.0  0.0  0.0  0.0  0.0  0.0  0.0  0.0  0.0  0.0  0.0  0.0 62.5  0.0  0.0
    -34.43     -5.73      0.97     -6.61     -3.63  0.0  0.0  0.0  0.0  0.0
                                    t000286_s14_p7_el2ap.txt  3.8  4.3   15
 66.7  0.0  0.0133.3  0.0  0.0  0.0  0.0 66.7  0.0  0.0  0.0  0.0  0.0  0.0
  0.0  0.0  0.0  0.0  0.0  0.0333.3133.3  0.0  0.0  0.0  0.0  0.0  0.0  0.0
  0.0  0.0  0.0  0.0  0.0  0.0  0.0  0.0  0.0  0.0  0.0  0.0  0.0  0.0  0.0
  0.0  0.0  0.0  0.0  0.0  0.0  0.0  0.0  0.0  0.0  0.0 66.7 66.7133.3  0.0
  0.0  0.0  0.0  0.0  0.0  0.0  0.0  0.0  0.0  0.0  0.0  0.0  0.0  0.0  0.0
  0.0  0.0  0.0  0.0  0.0  0.0  0.0  0.0  0.0  0.0  0.0  0.0  0.0  0.0  0.0
  0.0  0.0  0.0  0.0  0.0  0.0  0.0  0.0  0.0  0.0  0.0  0.0  0.0  0.0  0.0
  0.0  0.0  0.0  0.0  0.0  0.0  0.0  0.0  0.0  0.0  0.0  0.0  0.0  0.0  0.0
  0.0  0.0  0.0  0.0  0.0  0.0  0.0  0.0 66.7  0.0 66.7  0.0  0.0  0.0  0.0
  0.0  0.0  0.0  0.0  0.0  0.0  0.0 66.7  0.0  0.0  0.0  0.0  0.0  0.0  0.0
    -11.15     -5.73      0.97     -6.61     -3.63  0.0  0.0  0.0  0.0  0.0
                                    t000286_s19_p1_el2ap.txt  2.8  4.3   12
  0.0  0.0  0.0 83.3  0.0  0.0  0.0  0.0  0.0  0.0  0.0  0.0  0.0  0.0  0.0
  0.0  0.0  0.0  0.0  0.0 83.3250.0250.0  0.0 83.3  0.0  0.0  0.0  0.0  0.0
  0.0  0.0  0.0  0.0  0.0  0.0  0.0  0.0  0.0  0.0  0.0  0.0  0.0  0.0  0.0
 83.3  0.0  0.0  0.0  0.0  0.0  0.0 83.3  0.0  0.0  0.0  0.0  0.0166.7  0.0
  0.0  0.0  0.0  0.0  0.0  0.0  0.0  0.0  0.0  0.0  0.0  0.0  0.0  0.0  0.0
  0.0  0.0  0.0  0.0  0.0  0.0  0.0  0.0  0.0  0.0  0.0  0.0  0.0  0.0  0.0
  0.0  0.0  0.0  0.0  0.0  0.0  0.0  0.0  0.0  0.0  0.0  0.0  0.0  0.0  0.0
  0.0  0.0  0.0  0.0  0.0  0.0  0.0  0.0  0.0  0.0  0.0  0.0  0.0  0.0  0.0
  0.0  0.0  0.0  0.0  0.0  0.0  0.0  0.0 83.3  0.0  0.0 83.3 83.3  0.0  0.0
  0.0  0.0  0.0  0.0  0.0  0.0  0.0 83.3  0.0  0.0  0.0  0.0  0.0  0.0  0.0
      7.08     -2.99      0.97     -6.61     23.26  0.0  0.0  0.0  0.0  0.0
                                   t000286_s19_p12_el2ap.txt  9.5  5.3   60
 33.3  0.0  0.0133.3  0.0  0.0 16.7  0.0  0.0  0.0  0.0  0.0  0.0  0.0  0.0
  0.0  0.0  0.0  0.0  0.0  0.0400.0133.3 33.3  0.0  0.0  0.0  0.0  0.0 16.7
  0.0  0.0  0.0  0.0  0.0 16.7  0.0  0.0  0.0  0.0  0.0  0.0 16.7  0.0  0.0
  0.0  0.0 33.3  0.0 16.7  0.0  0.0  0.0  0.0 16.7 50.0  0.0  0.0133.3  0.0
  0.0  0.0  0.0  0.0  0.0  0.0  0.0  0.0  0.0  0.0  0.0  0.0  0.0  0.0  0.0
  0.0  0.0  0.0 16.7  0.0 16.7  0.0  0.0  0.0  0.0  0.0  0.0  0.0  0.0  0.0
  0.0  0.0  0.0  0.0  0.0  0.0  0.0  0.0  0.0  0.0  0.0  0.0  0.0  0.0  0.0
 33.3  0.0  0.0 33.3  0.0  0.0  0.0  0.0  0.0  0.0  0.0  0.0  0.0  0.0  0.0
  0.0  0.0  0.0  0.0  0.0  0.0  0.0  0.0 33.3 50.0 66.7 16.7  0.0 33.3  0.0
  0.0  0.0  0.0  0.0  0.0  0.0  0.0  0.0  0.0 33.3  0.0  0.0 16.7  0.0  0.0
    -19.58     -5.73      8.36     -6.61      6.79  0.0  0.0  0.0  0.0  0.0
                                   t000286_s19_p13_el2ap.txt 11.3  5.0   71
 42.3  0.0  0.0 84.5  0.0  0.0 14.1  0.0  0.0  0.0  0.0  0.0  0.0  0.0  0.0
  0.0  0.0  0.0  0.0  0.0  0.0394.4 70.4 42.3 14.1  0.0 14.1 14.1  0.0  0.0
  0.0  0.0  0.0  0.0  0.0 56.3  0.0  0.0  0.0  0.0  0.0  0.0 14.1 28.2 14.1
 14.1  0.0 28.2  0.0  0.0  0.0  0.0 56.3  0.0  0.0 42.3  0.0  0.0140.8  0.0
  0.0  0.0  0.0  0.0  0.0  0.0  0.0  0.0  0.0  0.0  0.0  0.0  0.0  0.0  0.0
  0.0  0.0  0.0 28.2  0.0  0.0  0.0  0.0  0.0  0.0  0.0  0.0  0.0  0.0  0.0
  0.0  0.0  0.0  0.0  0.0  0.0  0.0  0.0  0.0  0.0  0.0  0.0  0.0  0.0  0.0
 28.2  0.0  0.0 28.2  0.0  0.0  0.0  0.0  0.0  0.0  0.0  0.0  0.0  0.0  0.0
  0.0  0.0  0.0  0.0  0.0  0.0  0.0  0.0 14.1 56.3 56.3  0.0  0.0 14.1  0.0
  0.0 14.1  0.0  0.0  0.0  0.0  0.0  0.0  0.0 42.3  0.0  0.0 70.4  0.0  0.0
    -17.93      0.05     -2.23     -6.61     24.82  0.0  0.0  0.0  0.0  0.0
                                   t000286_s19_p14_el2ap.txt 11.3  5.1   71
 42.3  0.0  0.0 84.5  0.0  0.0 14.1  0.0  0.0  0.0  0.0  0.0  0.0  0.0  0.0
  0.0  0.0  0.0  0.0  0.0  0.0408.5 70.4 42.3 14.1  0.0 14.1 14.1  0.0  0.0
  0.0  0.0  0.0  0.0  0.0 56.3  0.0  0.0  0.0  0.0  0.0  0.0 14.1 28.2 14.1
 14.1  0.0 28.2  0.0  0.0  0.0  0.0 56.3  0.0  0.0 42.3  0.0  0.0140.8  0.0
  0.0  0.0  0.0  0.0  0.0  0.0  0.0  0.0  0.0  0.0  0.0  0.0  0.0  0.0  0.0
  0.0  0.0  0.0 28.2  0.0  0.0  0.0  0.0  0.0  0.0  0.0  0.0  0.0  0.0  0.0
  0.0  0.0  0.0  0.0  0.0  0.0  0.0  0.0  0.0  0.0  0.0  0.0  0.0  0.0  0.0
 28.2  0.0  0.0 28.2  0.0  0.0  0.0  0.0  0.0  0.0  0.0  0.0  0.0  0.0  0.0
  0.0  0.0  0.0  0.0  0.0  0.0  0.0  0.0 14.1 56.3 56.3  0.0  0.0 14.1  0.0
  0.0 14.1  0.0  0.0  0.0  0.0  0.0  0.0  0.0 42.3  0.0  0.0 70.4  0.0  0.0
    -18.46      0.05     -2.23     -6.61     24.82  0.0  0.0  0.0  0.0  0.0
                                   t000286_s19_p15_el2ap.txt 11.3  5.1   71
 42.3  0.0  0.0 84.5  0.0  0.0 14.1  0.0  0.0  0.0  0.0  0.0  0.0  0.0  0.0
  0.0  0.0  0.0  0.0  0.0  0.0408.5 70.4 42.3 14.1  0.0 14.1 14.1  0.0  0.0
  0.0  0.0  0.0  0.0  0.0 56.3  0.0  0.0  0.0  0.0  0.0  0.0 14.1 28.2 14.1
 14.1  0.0 28.2  0.0  0.0  0.0  0.0 56.3  0.0  0.0 42.3  0.0  0.0140.8  0.0
  0.0  0.0  0.0  0.0  0.0  0.0  0.0  0.0  0.0  0.0  0.0  0.0  0.0  0.0  0.0
  0.0  0.0  0.0 28.2  0.0  0.0  0.0  0.0  0.0  0.0  0.0  0.0  0.0  0.0  0.0
  0.0  0.0  0.0  0.0  0.0  0.0  0.0  0.0  0.0  0.0  0.0  0.0  0.0  0.0  0.0
 28.2  0.0  0.0 28.2  0.0  0.0  0.0  0.0  0.0  0.0  0.0  0.0  0.0  0.0  0.0
  0.0  0.0  0.0  0.0  0.0  0.0  0.0  0.0 14.1 56.3 56.3  0.0  0.0 14.1  0.0
  0.0 14.1  0.0  0.0  0.0  0.0  0.0  0.0  0.0 42.3  0.0  0.0 70.4  0.0  0.0
    -18.46      0.05     -2.23     -6.61     24.82  0.0  0.0  0.0  0.0  0.0
                                   t000286_s19_p16_el2ap.txt 11.8  5.2   70
 42.9  0.0  0.0 71.4  0.0  0.0 14.3  0.0  0.0  0.0  0.0  0.0  0.0  0.0  0.0
  0.0  0.0  0.0  0.0  0.0  0.0414.3 71.4 42.9 14.3  0.0 14.3 14.3  0.0  0.0
  0.0  0.0  0.0  0.0  0.0 57.1  0.0  0.0  0.0  0.0  0.0  0.0 14.3 28.6 14.3
 14.3  0.0 28.6  0.0  0.0  0.0  0.0 57.1  0.0  0.0 42.9  0.0  0.0128.6  0.0
  0.0  0.0  0.0  0.0  0.0  0.0  0.0  0.0  0.0  0.0  0.0  0.0  0.0  0.0  0.0
  0.0  0.0  0.0 28.6  0.0  0.0  0.0  0.0  0.0  0.0  0.0  0.0  0.0  0.0  0.0
  0.0  0.0  0.0  0.0  0.0  0.0  0.0  0.0  0.0  0.0  0.0  0.0  0.0  0.0  0.0
 28.6  0.0  0.0 28.6  0.0  0.0  0.0  0.0  0.0  0.0  0.0  0.0  0.0  0.0  0.0
  0.0  0.0  0.0  0.0  0.0  0.0  0.0  0.0 14.3 57.1 71.4  0.0  0.0 14.3  0.0
  0.0 14.3  0.0  0.0  0.0  0.0  0.0  0.0  0.0 42.9  0.0  0.0 71.4  0.0  0.0
    -19.23      0.13     -2.27     -6.61     25.23  0.0  0.0  0.0  0.0  0.0
                                   t000286_s19_p17_el2ap.txt 11.3  5.1   97
 51.5  0.0  0.0 82.5  0.0  0.0 10.3  0.0  0.0  0.0  0.0  0.0  0.0  0.0  0.0
  0.0  0.0  0.0  0.0  0.0  0.0402.1 61.9 51.5 30.9  0.0 10.3 10.3  0.0  0.0
  0.0  0.0  0.0  0.0  0.0 51.5  0.0  0.0  0.0  0.0  0.0  0.0 10.3 30.9 10.3
 10.3  0.0 30.9  0.0  0.0  0.0  0.0 51.5  0.0  0.0 51.5  0.0  0.0154.6  0.0
  0.0  0.0  0.0  0.0  0.0  0.0  0.0  0.0  0.0  0.0  0.0  0.0  0.0  0.0  0.0
  0.0  0.0  0.0 30.9  0.0  0.0  0.0  0.0  0.0  0.0  0.0  0.0  0.0  0.0  0.0
  0.0  0.0  0.0  0.0  0.0  0.0  0.0  0.0  0.0  0.0  0.0  0.0  0.0  0.0  0.0
 30.9  0.0  0.0 30.9  0.0  0.0  0.0  0.0  0.0  0.0  0.0  0.0  0.0  0.0  0.0
  0.0  0.0  0.0  0.0  0.0  0.0  0.0  0.0 10.3 61.9 61.9  0.0  0.0 10.3  0.0
  0.0 20.6  0.0  0.0  0.0  0.0  0.0  0.0  0.0 41.2  0.0 10.3 72.2  0.0  0.0
    -18.34     -0.82     -1.96     -6.61     18.76  0.0  0.0  0.0  0.0  0.0
                                   t000286_s19_p18_el2ap.txt 10.0  5.0   45
 22.2  0.0  0.0 88.9  0.0  0.0 22.2  0.0  0.0  0.0  0.0  0.0  0.0  0.0  0.0
  0.0  0.0  0.0  0.0  0.0  0.0377.8 88.9 22.2  0.0  0.0 22.2 22.2  0.0  0.0
  0.0  0.0  0.0  0.0  0.0 66.7  0.0  0.0  0.0  0.0  0.0  0.0 22.2 22.2 22.2
 22.2  0.0 22.2  0.0  0.0  0.0  0.0 66.7  0.0  0.0 22.2  0.0  0.0133.3  0.0
  0.0  0.0  0.0  0.0  0.0  0.0  0.0  0.0  0.0  0.0  0.0  0.0  0.0  0.0  0.0
  0.0  0.0  0.0 22.2  0.0  0.0  0.0  0.0  0.0  0.0  0.0  0.0  0.0  0.0  0.0
  0.0  0.0  0.0  0.0  0.0  0.0  0.0  0.0  0.0  0.0  0.0  0.0  0.0  0.0  0.0
 22.2  0.0  0.0 22.2  0.0  0.0  0.0  0.0  0.0  0.0  0.0  0.0  0.0  0.0  0.0
  0.0  0.0  0.0  0.0  0.0  0.0  0.0  0.0 22.2 44.4 44.4  0.0  0.0 22.2  0.0
  0.0  0.0  0.0  0.0  0.0  0.0  0.0  0.0  0.0 44.4  0.0  0.0 66.7  0.0  0.0
    -17.10      2.66     -2.81     -6.61     37.89  0.0  0.0  0.0  0.0  0.0
                                   t000286_s19_p19_el2ap.txt 11.5  5.0   72
 41.7  0.0  0.0 83.3  0.0  0.0 13.9  0.0  0.0  0.0  0.0  0.0  0.0  0.0  0.0
  0.0  0.0  0.0  0.0  0.0  0.0402.8 69.4 41.7 13.9  0.0 13.9 13.9  0.0  0.0
  0.0  0.0  0.0  0.0  0.0 55.6  0.0  0.0  0.0  0.0  0.0  0.0 13.9 27.8 13.9
 13.9  0.0 27.8  0.0  0.0  0.0  0.0 55.6  0.0  0.0 41.7  0.0  0.0138.9  0.0
  0.0  0.0  0.0  0.0  0.0  0.0  0.0  0.0  0.0  0.0  0.0  0.0  0.0  0.0  0.0
  0.0  0.0  0.0 27.8  0.0  0.0  0.0  0.0  0.0  0.0  0.0  0.0  0.0  0.0  0.0
  0.0  0.0  0.0  0.0  0.0  0.0  0.0  0.0  0.0  0.0  0.0  0.0  0.0  0.0  0.0
 27.8  0.0  0.0 27.8  0.0  0.0  0.0  0.0  0.0  0.0  0.0  0.0  0.0  0.0  0.0
  0.0  0.0  0.0  0.0  0.0  0.0  0.0  0.0 13.9 55.6 69.4  0.0  0.0 13.9  0.0
  0.0 13.9  0.0  0.0  0.0  0.0  0.0  0.0  0.0 41.7  0.0  0.0 69.4  0.0  0.0
    -18.23     -0.03     -2.18     -6.61     24.43  0.0  0.0  0.0  0.0  0.0
                                    t000286_s19_p2_el2ap.txt 16.8  5.4   92
 21.7  0.0  0.0 32.6  0.0  0.0  0.0  0.0  0.0  0.0  0.0 10.9  0.0  0.0  0.0
  0.0  0.0  0.0  0.0  0.0  0.0456.5130.4 43.5 32.6  0.0  0.0  0.0  0.0 10.9
  0.0  0.0  0.0  0.0  0.0 10.9 21.7  0.0  0.0  0.0  0.0  0.0  0.0  0.0  0.0
 32.6  0.0  0.0  0.0  0.0  0.0 10.9 32.6  0.0 10.9 54.3  0.0  0.0119.6  0.0
  0.0  0.0  0.0  0.0  0.0  0.0  0.0  0.0  0.0  0.0  0.0  0.0  0.0  0.0  0.0
  0.0  0.0  0.0  0.0  0.0  0.0  0.0  0.0  0.0  0.0  0.0  0.0  0.0  0.0  0.0
  0.0  0.0  0.0  0.0  0.0  0.0  0.0  0.0  0.0 10.9  0.0  0.0  0.0  0.0  0.0
  0.0  0.0  0.0  0.0  0.0  0.0 10.9  0.0  0.0  0.0  0.0  0.0  0.0  0.0  0.0
  0.0  0.0  0.0  0.0  0.0  0.0  0.0 10.9 54.3 10.9 32.6  0.0 32.6 21.7  0.0
  0.0  0.0  0.0  0.0  0.0  0.0  0.0 10.9  0.0 21.7 10.9  0.0  0.0  0.0  0.0
    -23.12     -4.66      5.79     -6.61      6.89  0.0  0.0  0.0  0.0  0.0
                                   t000286_s19_p20_el2ap.txt 11.3  5.1   71
 42.3  0.0  0.0 84.5  0.0  0.0 14.1  0.0  0.0  0.0  0.0  0.0  0.0  0.0  0.0
  0.0  0.0  0.0  0.0  0.0  0.0394.4 70.4 42.3 14.1  0.0 14.1 14.1  0.0  0.0
  0.0  0.0  0.0  0.0  0.0 56.3  0.0  0.0  0.0  0.0  0.0  0.0 14.1 28.2 14.1
 14.1  0.0 28.2  0.0  0.0  0.0  0.0 56.3  0.0  0.0 42.3  0.0  0.0140.8  0.0
  0.0  0.0  0.0  0.0  0.0  0.0  0.0  0.0  0.0  0.0  0.0  0.0  0.0  0.0  0.0
  0.0  0.0  0.0 28.2  0.0  0.0  0.0  0.0  0.0  0.0  0.0  0.0  0.0  0.0  0.0
  0.0  0.0  0.0  0.0  0.0  0.0  0.0  0.0  0.0  0.0  0.0  0.0  0.0  0.0  0.0
 28.2  0.0  0.0 28.2  0.0  0.0  0.0  0.0  0.0  0.0  0.0  0.0  0.0  0.0  0.0
  0.0  0.0  0.0  0.0  0.0  0.0  0.0  0.0 14.1 56.3 56.3  0.0  0.0 14.1  0.0
  0.0 14.1  0.0  0.0  0.0  0.0  0.0  0.0  0.0 42.3  0.0  0.0 70.4  0.0  0.0
    -18.07      0.05     -2.23     -6.61     24.82  0.0  0.0  0.0  0.0  0.0
                                   t000286_s19_p21_el2ap.txt 11.3  5.1   71
 42.3  0.0  0.0 84.5  0.0  0.0 14.1  0.0  0.0  0.0  0.0  0.0  0.0  0.0  0.0
  0.0  0.0  0.0  0.0  0.0  0.0408.5 70.4 42.3 14.1  0.0 14.1 14.1  0.0  0.0
  0.0  0.0  0.0  0.0  0.0 56.3  0.0  0.0  0.0  0.0  0.0  0.0 14.1 28.2 14.1
 14.1  0.0 28.2  0.0  0.0  0.0  0.0 56.3  0.0  0.0 42.3  0.0  0.0140.8  0.0
  0.0  0.0  0.0  0.0  0.0  0.0  0.0  0.0  0.0  0.0  0.0  0.0  0.0  0.0  0.0
  0.0  0.0  0.0 28.2  0.0  0.0  0.0  0.0  0.0  0.0  0.0  0.0  0.0  0.0  0.0
  0.0  0.0  0.0  0.0  0.0  0.0  0.0  0.0  0.0  0.0  0.0  0.0  0.0  0.0  0.0
 28.2  0.0  0.0 28.2  0.0  0.0  0.0  0.0  0.0  0.0  0.0  0.0  0.0  0.0  0.0
  0.0  0.0  0.0  0.0  0.0  0.0  0.0  0.0 14.1 56.3 56.3  0.0  0.0 14.1  0.0
  0.0 14.1  0.0  0.0  0.0  0.0  0.0  0.0  0.0 42.3  0.0  0.0 70.4  0.0  0.0
    -18.39      0.05     -2.23     -6.61     24.82  0.0  0.0  0.0  0.0  0.0
                                   t000286_s19_p22_el2ap.txt 11.3  5.1   71
 42.3  0.0  0.0 84.5  0.0  0.0 14.1  0.0  0.0  0.0  0.0  0.0  0.0  0.0  0.0
  0.0  0.0  0.0  0.0  0.0  0.0394.4 70.4 42.3 14.1  0.0 14.1 14.1  0.0  0.0
  0.0  0.0  0.0  0.0  0.0 56.3  0.0  0.0  0.0  0.0  0.0  0.0 14.1 28.2 14.1
 14.1  0.0 28.2  0.0  0.0  0.0  0.0 56.3  0.0  0.0 42.3  0.0  0.0140.8  0.0
  0.0  0.0  0.0  0.0  0.0  0.0  0.0  0.0  0.0  0.0  0.0  0.0  0.0  0.0  0.0
  0.0  0.0  0.0 28.2  0.0  0.0  0.0  0.0  0.0  0.0  0.0  0.0  0.0  0.0  0.0
  0.0  0.0  0.0  0.0  0.0  0.0  0.0  0.0  0.0  0.0  0.0  0.0  0.0  0.0  0.0
 28.2  0.0  0.0 28.2  0.0  0.0  0.0  0.0  0.0  0.0  0.0  0.0  0.0  0.0  0.0
  0.0  0.0  0.0  0.0  0.0  0.0  0.0  0.0 14.1 56.3 56.3  0.0  0.0 14.1  0.0
  0.0 14.1  0.0  0.0  0.0  0.0  0.0  0.0  0.0 42.3  0.0  0.0 70.4  0.0  0.0
    -18.03      0.05     -2.23     -6.61     24.82  0.0  0.0  0.0  0.0  0.0
                                    t000286_s19_p3_el2ap.txt 21.3  4.8  134
 14.9  0.0  0.0 52.2  0.0  0.0  7.5  0.0 14.9  7.5  0.0  0.0  0.0  0.0  0.0
  0.0  0.0  0.0  0.0  0.0  0.0306.0111.9 22.4 52.2 14.9  0.0  0.0  0.0  0.0
  0.0  0.0  0.0  0.0  0.0 37.3  7.5  0.0  0.0  0.0  0.0  0.0  7.5 14.9  0.0
  7.5 14.9 14.9  0.0 37.3  0.0 14.9 22.4  0.0  0.0 97.0 29.9  0.0119.4  0.0
  7.5  0.0  0.0  0.0  0.0  0.0  0.0  0.0  0.0  0.0  0.0  0.0  0.0  0.0  0.0
  0.0  0.0  0.0  0.0  0.0  7.5  7.5  0.0  0.0  0.0  0.0  0.0  0.0  0.0  0.0
  0.0  0.0  0.0  0.0  0.0  0.0  0.0  0.0  0.0  0.0  0.0  0.0  0.0  0.0  0.0
 14.9  0.0  0.0 14.9  0.0  0.0  0.0  0.0  0.0  0.0  0.0  0.0  0.0  0.0  0.0
  0.0  0.0  0.0  0.0  0.0  0.0  0.0  0.0 37.3  7.5 74.6  7.5 14.9  0.0  0.0
  0.0  0.0  0.0  0.0  0.0  0.0  0.0 29.9  0.0  0.0  0.0  0.0  7.5  0.0  0.0
    -18.83     -3.35     -1.15     -6.61      5.71  0.0  0.0  0.0  0.0  0.0
                                    t000286_s19_p4_el2ap.txt 14.5  4.8   80
 25.0  0.0  0.0 87.5  0.0  0.0  0.0  0.0 12.5  0.0  0.0  0.0  0.0 12.5  0.0
  0.0  0.0  0.0 12.5  0.0  0.0262.5100.0 50.0 12.5  0.0  0.0  0.0  0.0  0.0
  0.0  0.0  0.0 12.5 12.5  0.0  0.0  0.0  0.0  0.0  0.0  0.0  0.0 12.5  0.0
 12.5 12.5  0.0  0.0  0.0  0.0 25.0 25.0  0.0  0.0 50.0 12.5  0.0150.0 37.5
  0.0  0.0  0.0  0.0  0.0  0.0  0.0  0.0  0.0  0.0  0.0  0.0  0.0  0.0  0.0
  0.0  0.0  0.0  0.0  0.0  0.0  0.0  0.0  0.0  0.0  0.0  0.0  0.0 12.5  0.0
  0.0  0.0  0.0  0.0  0.0  0.0  0.0  0.0  0.0  0.0  0.0  0.0  0.0  0.0  0.0
  0.0  0.0 12.5 12.5  0.0  0.0  0.0  0.0  0.0  0.0  0.0  0.0  0.0  0.0  0.0
  0.0  0.0  0.0  0.0  0.0  0.0  0.0  0.0 12.5 37.5 50.0  0.0 12.5  0.0  0.0
  0.0 12.5  0.0  0.0  0.0  0.0  0.0 25.0  0.0  0.0  0.0  0.0 12.5  0.0  0.0
    -10.53     -5.32     -6.27     -6.61      2.30  0.0  0.0  0.0  0.0  0.0
                                    t000286_s19_p5_el2ap.txt 18.3  5.1  114
 17.5  0.0  0.0 78.9  0.0  0.0  8.8  0.0  0.0  0.0  0.0  0.0  0.0  0.0  0.0
  0.0  0.0  0.0  0.0  0.0  0.0333.3175.4 35.1  8.8  8.8  0.0  8.8  0.0  0.0
  0.0  0.0  0.0  0.0  8.8 26.3  0.0  0.0  0.0  0.0  0.0  0.0 26.3  8.8  0.0
  8.8  8.8 17.5  0.0  8.8  0.0  8.8 17.5  0.0  0.0 52.6  8.8  0.0114.0 17.5
  0.0  0.0  0.0  0.0  0.0  0.0  0.0  0.0  0.0  0.0  0.0  0.0  0.0  0.0  0.0
  0.0  0.0  0.0  0.0  0.0  0.0  8.8  0.0  0.0  0.0  0.0  0.0  0.0  0.0  0.0
  0.0  0.0  0.0  0.0  0.0  0.0  0.0  0.0  0.0  0.0  0.0  0.0  0.0  0.0  0.0
  8.8  0.0  0.0  8.8  0.0  0.0  0.0  0.0  0.0  0.0  0.0  0.0  0.0  0.0  0.0
  0.0  0.0  0.0  0.0  0.0  0.0  0.0  0.0 26.3  8.8 70.2  8.8  8.8  8.8  0.0
  0.0  0.0  0.0  0.0  0.0  0.0  0.0 26.3  8.8  0.0  0.0  0.0  8.8  0.0  0.0
    -23.87     -3.42     -3.10     -6.61     16.98  0.0  0.0  0.0  0.0  0.0
                                    t000286_s19_p6_el2ap.txt 11.0  4.9  104
 19.2  0.0  0.0125.0  0.0  0.0  0.0  0.0  0.0  9.6  0.0  0.0  0.0  0.0  0.0
  0.0  0.0  0.0  9.6  0.0  0.0384.6115.4 28.8  9.6  0.0  0.0  0.0  0.0  0.0
  0.0  0.0  0.0  0.0  0.0  0.0  0.0  0.0  0.0  0.0  0.0  0.0  0.0  0.0  0.0
 38.5  9.6 19.2  0.0 38.5  0.0 19.2 38.5  0.0  0.0 76.9  0.0  0.0192.3 19.2
  0.0  0.0  0.0  0.0  0.0  0.0  0.0  0.0  0.0  0.0  0.0  0.0  0.0  0.0  0.0
  0.0  0.0  0.0 19.2  0.0  0.0  0.0  0.0  0.0  0.0  0.0  0.0  0.0  0.0  0.0
  0.0  0.0  0.0  0.0  0.0  0.0  0.0  0.0  0.0  0.0  0.0  0.0  0.0  0.0  0.0
 19.2  0.0  0.0 19.2  0.0  0.0  0.0  0.0  0.0  0.0  0.0  0.0  0.0  0.0  0.0
  0.0  0.0  0.0  0.0  0.0  0.0  0.0  0.0  0.0  0.0 48.1  0.0  9.6  0.0  0.0
  0.0  0.0  0.0  0.0  0.0  0.0  0.0 38.5  0.0 19.2  0.0  0.0 19.2  0.0  0.0
    -18.94     -5.41      0.97     -6.61      8.78  0.0  0.0  0.0  0.0  0.0
                                    t000286_s19_p7_el2ap.txt  7.5  4.9   37
 27.0  0.0  0.0108.1  0.0  0.0  0.0  0.0  0.0  0.0  0.0  0.0  0.0  0.0  0.0
  0.0  0.0  0.0  0.0  0.0  0.0324.3189.2 27.0  0.0 27.0  0.0  0.0  0.0  0.0
  0.0  0.0  0.0  0.0  0.0  0.0 27.0  0.0  0.0  0.0  0.0  0.0  0.0 27.0  0.0
  0.0  0.0  0.0  0.0  0.0  0.0  0.0 27.0  0.0  0.0 81.1 27.0  0.0162.2 27.0
  0.0  0.0  0.0  0.0  0.0  0.0  0.0  0.0  0.0  0.0  0.0  0.0  0.0  0.0  0.0
  0.0  0.0  0.0  0.0  0.0  0.0  0.0  0.0  0.0  0.0  0.0  0.0  0.0  0.0  0.0
  0.0  0.0  0.0  0.0  0.0  0.0  0.0  0.0  0.0  0.0  0.0  0.0  0.0  0.0  0.0
  0.0  0.0  0.0  0.0  0.0  0.0  0.0  0.0  0.0  0.0  0.0  0.0  0.0  0.0  0.0
  0.0  0.0  0.0  0.0  0.0  0.0  0.0  0.0  0.0 27.0 27.0  0.0  0.0  0.0  0.0
  0.0  0.0  0.0  0.0  0.0  0.0  0.0 81.1  0.0  0.0  0.0  0.0  0.0  0.0  0.0
    -23.33     -4.53      0.97     -6.61      0.47  0.0  0.0  0.0  0.0  0.0
                                    t000286_s19_p8_el2ap.txt 19.8  4.8  116
 25.9  0.0  0.0112.1  0.0  0.0  8.6  0.0  0.0  8.6  0.0  0.0  0.0  0.0  0.0
  0.0  0.0  8.6  0.0  0.0  0.0301.7129.3 43.1 25.9  0.0  0.0 34.5  0.0  8.6
  0.0  0.0  0.0  0.0  0.0  0.0  0.0  0.0  0.0  0.0  0.0  0.0  0.0  8.6  8.6
  0.0  8.6 34.5  0.0  8.6  8.6  8.6 17.2  0.0  8.6 77.6  0.0  0.0146.6  8.6
  0.0  0.0  0.0  0.0  0.0  0.0  0.0  0.0  0.0  0.0  0.0  0.0  0.0  0.0  0.0
  0.0  0.0  0.0 17.2  0.0  0.0  0.0  0.0  0.0  0.0  0.0  0.0  0.0  0.0  0.0
  0.0  0.0  0.0  0.0  0.0  0.0  0.0  0.0  0.0  0.0  0.0  0.0  0.0  0.0  0.0
 17.2  0.0  0.0 17.2  0.0  0.0  0.0  0.0  0.0  0.0  0.0  0.0  0.0  0.0  0.0
  0.0  0.0  0.0  0.0  0.0  0.0  0.0  0.0 25.9  0.0 43.1  0.0  0.0 17.2  8.6
  0.0  0.0  0.0  0.0  0.0  8.6  0.0 60.3 34.5  0.0  0.0  0.0 25.9  0.0  0.0
    -15.38      1.51      5.28     -6.61      4.31  0.0  0.0  0.0  0.0  0.0
                                     t000286_s4_p1_el2ap.txt 14.5  5.4   81
  0.0  0.0  0.0111.1  0.0  0.0  0.0  0.0  0.0 12.3  0.0  0.0  0.0  0.0  0.0
  0.0  0.0  0.0  0.0  0.0  0.0345.7 74.1 74.1 12.3  0.0 37.0 24.7 12.3 12.3
  0.0  0.0  0.0  0.0  0.0 49.4 12.3 12.3  0.0  0.0  0.0 12.3 24.7  0.0  0.0
  0.0  0.0 24.7  0.0  0.0 12.3  0.0  0.0  0.0 24.7 74.1  0.0 12.3148.1 12.3
 12.3  0.0  0.0  0.0  0.0  0.0  0.0  0.0  0.0  0.0  0.0  0.0  0.0  0.0  0.0
  0.0  0.0  0.0 12.3  0.0 12.3  0.0  0.0  0.0  0.0  0.0  0.0  0.0  0.0  0.0
  0.0 12.3 12.3  0.0  0.0  0.0  0.0  0.0  0.0  0.0  0.0  0.0  0.0  0.0  0.0
 24.7  0.0  0.0 24.7 24.7  0.0 24.7  0.0  0.0  0.0  0.0  0.0  0.0  0.0  0.0
  0.0  0.0  0.0  0.0  0.0  0.0  0.0  0.0 74.1  0.0 12.3  0.0  0.0 24.7 49.4
 37.0  0.0  0.0  0.0  0.0  0.0 12.3 37.0  0.0 12.3 24.7  0.0 12.3  0.0  0.0
    -23.86      6.37     11.60      1.27     11.81  0.0  0.0  0.0  0.0  0.0
                                     t000286_s4_p2_el2ap.txt 12.5  5.3   68
  0.0  0.0  0.0 44.1  0.0  0.0  0.0 14.7  0.0  0.0  0.0 14.7  0.0 14.7  0.0
  0.0  0.0  0.0 14.7  0.0  0.0279.4161.8 88.2  0.0  0.0  0.0  0.0  0.0  0.0
  0.0 14.7  0.0  0.0  0.0  0.0  0.0  0.0  0.0  0.0  0.0  0.0  0.0 14.7  0.0
 29.4  0.0  0.0  0.0  0.0  0.0 44.1 44.1  0.0  0.0161.8  0.0  0.0 73.5  0.0
  0.0  0.0  0.0  0.0  0.0  0.0  0.0  0.0  0.0  0.0  0.0  0.0  0.0  0.0  0.0
  0.0  0.0  0.0  0.0  0.0  0.0  0.0  0.0  0.0  0.0  0.0  0.0  0.0  0.0  0.0
  0.0  0.0  0.0  0.0  0.0  0.0  0.0  0.0  0.0  0.0  0.0  0.0  0.0  0.0  0.0
  0.0  0.0  0.0  0.0  0.0  0.0  0.0  0.0  0.0  0.0  0.0  0.0  0.0  0.0  0.0
  0.0  0.0  0.0  0.0  0.0  0.0  0.0  0.0 14.7  0.0 73.5  0.0  0.0 44.1 14.7
  0.0  0.0  0.0  0.0  0.0 14.7 14.7 14.7 14.7  0.0 14.7  0.0  0.0  0.0  0.0
     -7.12     -5.73      6.42     -6.61      8.09  0.0  0.0  0.0  0.0  0.0
                                     t000286_s4_p3_el2ap.txt 17.5  5.6  100
  0.0  0.0  0.0 50.0  0.0  0.0  0.0  0.0  0.0  0.0  0.0  0.0  0.0  0.0  0.0
  0.0  0.0  0.0  0.0  0.0  0.0380.0200.0 90.0 10.0  0.0  0.0  0.0 10.0  0.0
  0.0 20.0  0.0  0.0  0.0  0.0 20.0  0.0 10.0  0.0  0.0  0.0  0.0  0.0  0.0
  0.0  0.0  0.0  0.0  0.0  0.0 20.0  0.0  0.0 10.0 90.0  0.0  0.0 80.0  0.0
 10.0  0.0  0.0  0.0  0.0  0.0  0.0  0.0  0.0  0.0  0.0  0.0  0.0  0.0  0.0
  0.0  0.0  0.0  0.0  0.0  0.0  0.0  0.0  0.0  0.0  0.0  0.0  0.0  0.0  0.0
  0.0 10.0  0.0  0.0  0.0  0.0  0.0  0.0  0.0  0.0  0.0  0.0  0.0  0.0  0.0
  0.0  0.0  0.0  0.0 10.0  0.0 10.0  0.0  0.0  0.0  0.0  0.0  0.0  0.0  0.0
  0.0  0.0  0.0  0.0  0.0  0.0  0.0  0.0 20.0 20.0 20.0  0.0  0.0 10.0 30.0
 10.0  0.0  0.0  0.0  0.0  0.0  0.0 20.0 10.0 20.0 10.0  0.0  0.0  0.0  0.0
    -34.55     -5.40     14.26     -3.38     -3.63 10.0  0.0  0.0  0.0  0.0
                                     t000286_s5_p1_el2ap.txt  6.5  5.7   28
 35.7  0.0  0.0 35.7  0.0  0.0  0.0  0.0  0.0  0.0  0.0  0.0  0.0  0.0  0.0
  0.0  0.0  0.0  0.0  0.0  0.0500.0178.6 71.4  0.0  0.0  0.0  0.0  0.0  0.0
  0.0  0.0  0.0  0.0  0.0 35.7  0.0  0.0  0.0  0.0  0.0  0.0  0.0 35.7  0.0
 35.7  0.0  0.0  0.0  0.0  0.0  0.0 71.4  0.0  0.0107.1  0.0  0.0107.1  0.0
  0.0  0.0  0.0  0.0  0.0  0.0  0.0  0.0  0.0  0.0  0.0  0.0  0.0  0.0  0.0
  0.0  0.0  0.0  0.0  0.0  0.0  0.0  0.0  0.0  0.0  0.0  0.0  0.0  0.0  0.0
  0.0  0.0  0.0  0.0  0.0  0.0  0.0  0.0  0.0  0.0  0.0  0.0  0.0  0.0  0.0
  0.0  0.0  0.0  0.0  0.0  0.0  0.0  0.0  0.0  0.0  0.0  0.0  0.0  0.0  0.0
  0.0  0.0  0.0  0.0  0.0  0.0  0.0  0.0  0.0  0.0 35.7  0.0 71.4  0.0  0.0
  0.0  0.0  0.0  0.0  0.0  0.0  0.0 71.4 35.7  0.0  0.0  0.0  0.0  0.0  0.0
    -33.32     -5.73     -1.06     -6.61     13.31  0.0  0.0  0.0  0.0  0.0
                                     t000286_s5_p2_el2ap.txt 12.5  4.9   79
 38.0  0.0  0.0 88.6  0.0  0.0 25.3  0.0  0.0  0.0  0.0  0.0  0.0  0.0  0.0
  0.0  0.0  0.0  0.0  0.0  0.0417.7126.6 50.6  0.0  0.0  0.0  0.0  0.0  0.0
  0.0  0.0  0.0  0.0  0.0  0.0  0.0 25.3  0.0 12.7  0.0  0.0  0.0 25.3  0.0
  0.0 12.7 38.0  0.0  0.0 25.3 25.3 25.3  0.0  0.0 50.6  0.0  0.0113.9 25.3
  0.0  0.0  0.0  0.0  0.0  0.0  0.0  0.0  0.0  0.0  0.0  0.0  0.0  0.0  0.0
  0.0  0.0  0.0 25.3  0.0  0.0  0.0  0.0  0.0  0.0  0.0  0.0  0.0  0.0  0.0
  0.0  0.0  0.0  0.0  0.0  0.0  0.0  0.0  0.0  0.0  0.0  0.0  0.0  0.0  0.0
 25.3  0.0  0.0 25.3  0.0  0.0  0.0  0.0  0.0  0.0  0.0  0.0  0.0  0.0  0.0
  0.0  0.0  0.0  0.0  0.0  0.0  0.0  0.0 25.3  0.0 38.0  0.0 38.0 50.6  0.0
 12.7  0.0  0.0  0.0  0.0  0.0  0.0 12.7  0.0 25.3  0.0 12.7 50.6  0.0  0.0
    -18.84     -5.73      0.97      5.18      0.21  0.0  0.0  0.0  0.0  0.0
                                     t000286_s5_p3_el2ap.txt  9.8  5.6   49
 20.4  0.0  0.0 61.2  0.0  0.0  0.0  0.0  0.0 20.4  0.0  0.0  0.0  0.0  0.0
  0.0  0.0  0.0  0.0  0.0  0.0387.8102.0  0.0  0.0 20.4  0.0  0.0  0.0  0.0
  0.0  0.0  0.0  0.0  0.0 61.2 40.8  0.0  0.0  0.0  0.0  0.0 20.4 40.8  0.0
  0.0  0.0 20.4  0.0 40.8  0.0  0.0 40.8  0.0  0.0 40.8 20.4  0.0102.0  0.0
  0.0  0.0  0.0  0.0  0.0  0.0  0.0  0.0  0.0  0.0  0.0  0.0  0.0  0.0  0.0
  0.0  0.0  0.0  0.0  0.0 40.8 20.4  0.0  0.0  0.0  0.0  0.0  0.0  0.0  0.0
 40.8  0.0  0.0  0.0  0.0  0.0  0.0  0.0  0.0  0.0  0.0  0.0  0.0  0.0  0.0
 61.2  0.0  0.0 61.2 40.8  0.0 40.8  0.0  0.0  0.0  0.0  0.0  0.0  0.0  0.0
  0.0  0.0  0.0  0.0  0.0  0.0  0.0  0.0 20.4 20.4 61.2  0.0  0.0 61.2  0.0
 20.4  0.0  0.0  0.0  0.0  0.0  0.0  0.0  0.0 40.8  0.0  0.0 20.4  0.0  0.0
    -20.89     -4.82     -2.51     -6.61     15.31  0.0  0.0  0.0  0.0  0.0
                                     t000286_s5_p4_el2ap.txt 10.0  5.1   55
 36.4  0.0  0.0 90.9  0.0  0.0  0.0  0.0  0.0  0.0  0.0  0.0  0.0  0.0  0.0
  0.0  0.0  0.0  0.0  0.0  0.0272.7145.5 72.7  0.0  0.0  0.0  0.0  0.0 36.4
  0.0  0.0  0.0  0.0  0.0 36.4 36.4  0.0  0.0  0.0  0.0  0.0  0.0 18.2  0.0
 18.2  0.0 18.2  0.0 18.2  0.0  0.0 36.4  0.0 36.4 90.9  0.0  0.0127.3  0.0
  0.0  0.0  0.0  0.0  0.0  0.0  0.0  0.0  0.0  0.0  0.0  0.0  0.0  0.0  0.0
  0.0  0.0  0.0  0.0  0.0 18.2 18.2  0.0  0.0  0.0  0.0  0.0  0.0  0.0  0.0
 36.4  0.0  0.0  0.0  0.0  0.0  0.0  0.0  0.0  0.0  0.0  0.0  0.0  0.0  0.0
 36.4  0.0  0.0 36.4 36.4  0.0 36.4  0.0  0.0  0.0  0.0  0.0  0.0  0.0  0.0
  0.0  0.0  0.0  0.0  0.0  0.0  0.0  0.0  0.0 36.4 72.7  0.0  0.0 36.4  0.0
  0.0  0.0  0.0  0.0  0.0  0.0  0.0 18.2  0.0 18.2  0.0  0.0  0.0  0.0  0.0
    -22.60     -5.73     17.09     -6.61      4.99  0.0  0.0  0.0  0.0  0.0
                                     t000286_s5_p5_el2ap.txt  9.5  5.5   48
  0.0  0.0  0.0 83.3  0.0  0.0  0.0  0.0  0.0  0.0  0.0  0.0  0.0  0.0  0.0
  0.0  0.0  0.0  0.0  0.0  0.0270.8187.5 83.3 20.8  0.0  0.0  0.0  0.0  0.0
  0.0  0.0  0.0  0.0  0.0 20.8  0.0  0.0  0.0  0.0  0.0  0.0 20.8 20.8 20.8
  0.0 20.8  0.0  0.0  0.0  0.0 20.8 41.7  0.0  0.0145.8  0.0  0.0104.2  0.0
 20.8  0.0  0.0  0.0  0.0  0.0  0.0  0.0  0.0  0.0  0.0  0.0  0.0  0.0  0.0
  0.0  0.0  0.0  0.0  0.0  0.0  0.0  0.0  0.0  0.0  0.0  0.0  0.0  0.0  0.0
  0.0  0.0  0.0  0.0  0.0  0.0  0.0  0.0  0.0  0.0  0.0  0.0  0.0  0.0  0.0
  0.0  0.0  0.0  0.0  0.0  0.0  0.0  0.0  0.0  0.0  0.0  0.0  0.0  0.0  0.0
  0.0  0.0  0.0  0.0  0.0  0.0  0.0  0.0  0.0  0.0 83.3  0.0  0.0  0.0  0.0
  0.0  0.0  0.0  0.0  0.0  0.0  0.0  0.0 20.8 20.8  0.0  0.0 20.8  0.0  0.0
    -29.57     -5.04     -0.21     -6.61     28.58  0.0  0.0  0.0  0.0  0.0
                                     t000286_s5_p6_el2ap.txt  5.3  5.2   22
  0.0  0.0  0.0 90.9  0.0  0.0 45.5  0.0  0.0  0.0  0.0  0.0  0.0  0.0  0.0
  0.0  0.0  0.0  0.0  0.0  0.0363.6181.8 90.9  0.0  0.0  0.0  0.0  0.0  0.0
  0.0  0.0  0.0  0.0  0.0  0.0  0.0 45.5  0.0  0.0  0.0  0.0  0.0  0.0  0.0
  0.0  0.0  0.0  0.0  0.0 45.5  0.0  0.0  0.0  0.0136.4  0.0  0.0 90.9  0.0
  0.0  0.0  0.0  0.0  0.0  0.0  0.0  0.0  0.0  0.0  0.0  0.0  0.0  0.0  0.0
  0.0  0.0  0.0  0.0  0.0  0.0  0.0  0.0  0.0  0.0  0.0  0.0  0.0  0.0  0.0
  0.0  0.0  0.0  0.0  0.0  0.0  0.0  0.0  0.0  0.0  0.0  0.0  0.0  0.0  0.0
  0.0  0.0  0.0  0.0  0.0  0.0  0.0  0.0  0.0  0.0  0.0  0.0  0.0  0.0  0.0
  0.0  0.0  0.0  0.0  0.0  0.0  0.0  0.0 45.5  0.0  0.0  0.0  0.0 45.5  0.0
 45.5  0.0  0.0  0.0  0.0  0.0  0.0  0.0  0.0  0.0  0.0  0.0  0.0  0.0  0.0
    -21.76     -5.73      0.97      4.22     -3.63  0.0  0.0  0.0  0.0  0.0
                                     t000286_s5_p7_el2ap.txt 15.0  5.3   85
 23.5  0.0  0.0 58.8  0.0  0.0 11.8  0.0 11.8  0.0  0.0  0.0  0.0  0.0  0.0
  0.0  0.0  0.0  0.0  0.0  0.0305.9 94.1 47.1 47.1 11.8  0.0 11.8  0.0  0.0
  0.0  0.0  0.0  0.0  0.0 23.5  0.0  0.0  0.0  0.0  0.0  0.0  0.0  0.0 11.8
  0.0 11.8 23.5  0.0 35.3  0.0 11.8 11.8  0.0  0.0 94.1 23.5  0.0105.9  0.0
  0.0  0.0  0.0  0.0  0.0  0.0  0.0  0.0  0.0  0.0  0.0  0.0  0.0  0.0  0.0
  0.0  0.0  0.0 11.8  0.0  0.0 11.8  0.0  0.0  0.0  0.0  0.0  0.0  0.0  0.0
  0.0  0.0  0.0  0.0  0.0  0.0  0.0  0.0  0.0  0.0  0.0  0.0  0.0  0.0  0.0
 23.5  0.0  0.0 23.5  0.0  0.0  0.0  0.0  0.0  0.0  0.0  0.0  0.0  0.0  0.0
  0.0  0.0  0.0  0.0  0.0  0.0  0.0  0.0  0.0  0.0 70.6 11.8 11.8  0.0  0.0
  0.0  0.0  0.0  0.0  0.0  0.0  0.0  0.0 11.8  0.0  0.0  0.0 35.3  0.0  0.0
    -19.79     -1.48     -0.36     -6.61      5.42  0.0  0.0  0.0  0.0  0.0
                                     t000286_s5_p8_el2ap.txt  7.8  5.6   39
 25.6  0.0  0.0 25.6  0.0  0.0  0.0  0.0  0.0  0.0  0.0  0.0  0.0  0.0  0.0
  0.0  0.0  0.0  0.0  0.0  0.0410.3179.5 51.3 51.3  0.0  0.0  0.0  0.0  0.0
  0.0  0.0  0.0  0.0  0.0  0.0  0.0  0.0  0.0  0.0  0.0  0.0  0.0  0.0  0.0
  0.0 25.6 25.6  0.0  0.0  0.0 25.6  0.0  0.0  0.0 51.3  0.0  0.0128.2  0.0
  0.0  0.0  0.0  0.0  0.0  0.0  0.0  0.0  0.0  0.0  0.0  0.0  0.0  0.0  0.0
  0.0  0.0  0.0 25.6  0.0  0.0  0.0  0.0  0.0  0.0  0.0  0.0  0.0  0.0  0.0
  0.0  0.0  0.0  0.0  0.0  0.0  0.0  0.0  0.0  0.0  0.0  0.0  0.0  0.0  0.0
 25.6  0.0  0.0 25.6  0.0  0.0  0.0  0.0  0.0  0.0  0.0  0.0  0.0  0.0  0.0
  0.0  0.0  0.0  0.0  0.0  0.0  0.0  0.0 25.6  0.0 51.3  0.0  0.0 51.3  0.0
 25.6  0.0  0.0  0.0  0.0  0.0  0.0  0.0  0.0  0.0  0.0 51.3 51.3  0.0  0.0
    -30.74     -4.04      0.97     -6.61     -3.63  0.0  0.0  0.0  0.0  0.0
                                     t000286_s8_p1_el2ap.txt 10.8  5.8   62
  0.0  0.0  0.0 32.3  0.0  0.0  0.0 32.3  0.0  0.0  0.0  0.0  0.0  0.0  0.0
  0.0  0.0 16.1 16.1  0.0  0.0419.4177.4112.9 16.1  0.0  0.0  0.0  0.0  0.0
  0.0  0.0  0.0  0.0  0.0 16.1  0.0  0.0  0.0  0.0  0.0  0.0 16.1 16.1  0.0
  0.0  0.0  0.0  0.0  0.0 16.1 16.1 16.1  0.0  0.0112.9  0.0  0.0 48.4  0.0
  0.0  0.0  0.0  0.0  0.0  0.0  0.0  0.0  0.0  0.0  0.0  0.0  0.0  0.0  0.0
  0.0  0.0  0.0  0.0  0.0  0.0  0.0  0.0  0.0  0.0  0.0  0.0  0.0  0.0  0.0
  0.0  0.0  0.0  0.0  0.0  0.0  0.0  0.0  0.0  0.0  0.0  0.0  0.0  0.0  0.0
  0.0  0.0  0.0  0.0  0.0  0.0  0.0  0.0  0.0  0.0  0.0  0.0  0.0  0.0  0.0
  0.0  0.0  0.0  0.0  0.0  0.0  0.0  0.0 32.3 16.1 80.6  0.0  0.0 32.3  0.0
  0.0  0.0  0.0  0.0  0.0  0.0  0.0  0.0  0.0  0.0  0.0  0.0 16.1  0.0  0.0
    -21.46     -5.20      0.06     -6.61      8.90  0.0  0.0  0.0  0.0  0.0
                                    t000286_s8_p10_el2ap.txt 10.5  5.3   53
  0.0  0.0  0.0 75.5  0.0  0.0  0.0  0.0  0.0  0.0  0.0  0.0  0.0  0.0  0.0
  0.0  0.0  0.0  0.0  0.0  0.0283.0169.8113.2  0.0  0.0  0.0  0.0  0.0  0.0
  0.0  0.0  0.0  0.0  0.0 18.9 18.9 18.9  0.0  0.0  0.0  0.0 18.9  0.0  0.0
  0.0  0.0  0.0  0.0  0.0 18.9  0.0  0.0  0.0  0.0132.1  0.0  0.0 94.3  0.0
 56.6  0.0  0.0  0.0  0.0  0.0  0.0  0.0  0.0  0.0  0.0  0.0  0.0  0.0  0.0
  0.0  0.0  0.0  0.0  0.0  0.0  0.0  0.0  0.0  0.0  0.0  0.0  0.0  0.0  0.0
  0.0 18.9  0.0  0.0  0.0  0.0  0.0  0.0  0.0  0.0  0.0  0.0  0.0  0.0  0.0
  0.0  0.0  0.0  0.0 18.9  0.0 18.9  0.0  0.0  0.0  0.0  0.0  0.0  0.0  0.0
  0.0  0.0  0.0  0.0  0.0  0.0  0.0  0.0  0.0  0.0 37.7  0.0  0.0  0.0 18.9
  0.0  0.0  0.0  0.0  0.0  0.0 75.5  0.0  0.0 37.7  0.0 18.9  0.0  0.0  0.0
    -30.48     -5.73     -0.10     -2.11      8.17  0.0  0.0  0.0  0.0  0.0
                                    t000286_s8_p11_el2ap.txt  4.0  6.4   17
  0.0  0.0  0.0 58.8  0.0  0.0  0.0  0.0  0.0  0.0  0.0  0.0  0.0  0.0  0.0
  0.0  0.0  0.0 58.8  0.0  0.0705.9 58.8  0.0  0.0  0.0  0.0  0.0  0.0  0.0
  0.0  0.0  0.0  0.0  0.0  0.0  0.0  0.0  0.0  0.0  0.0  0.0  0.0  0.0  0.0
  0.0  0.0  0.0  0.0  0.0  0.0 58.8  0.0  0.0  0.0  0.0  0.0  0.0 58.8  0.0
  0.0  0.0  0.0  0.0  0.0  0.0  0.0  0.0  0.0  0.0  0.0  0.0  0.0  0.0  0.0
  0.0  0.0  0.0  0.0  0.0  0.0  0.0  0.0  0.0  0.0  0.0  0.0  0.0  0.0  0.0
  0.0  0.0  0.0  0.0  0.0  0.0  0.0  0.0  0.0  0.0  0.0  0.0  0.0  0.0  0.0
  0.0  0.0  0.0  0.0  0.0  0.0  0.0  0.0  0.0  0.0  0.0  0.0  0.0  0.0  0.0
  0.0  0.0  0.0  0.0  0.0  0.0  0.0  0.0 58.8  0.0 58.8  0.0  0.0117.6  0.0
 58.8  0.0  0.0  0.0  0.0  0.0  0.0  0.0  0.0  0.0  0.0  0.0 58.8  0.0  0.0
    -22.92     -5.73      0.97     -6.61     -3.63  0.0  0.0  0.0  0.0  0.0
                                    t000286_s8_p12_el2ap.txt 17.3  5.4   89
  0.0  0.0  0.0101.1  0.0  0.0 11.2  0.0  0.0  0.0  0.0  0.0  0.0  0.0  0.0
  0.0  0.0  0.0  0.0  0.0  0.0348.3 89.9 78.7  0.0  0.0 56.2  0.0  0.0 11.2
  0.0  0.0  0.0  0.0  0.0 22.5 22.5  0.0  0.0  0.0  0.0 11.2 11.2  0.0  0.0
  0.0  0.0  0.0  0.0  0.0  0.0  0.0  0.0  0.0 11.2123.6  0.0 11.2123.6 11.2
 11.2  0.0  0.0  0.0  0.0  0.0  0.0  0.0  0.0  0.0  0.0  0.0  0.0  0.0  0.0
  0.0  0.0  0.0 11.2  0.0  0.0  0.0  0.0  0.0  0.0  0.0  0.0  0.0  0.0  0.0
  0.0  0.0 11.2  0.0  0.0 11.2  0.0  0.0  0.0  0.0  0.0  0.0  0.0  0.0  0.0
 11.2  0.0  0.0 11.2 11.2 11.2 22.5  0.0  0.0  0.0  0.0  0.0  0.0  0.0  0.0
  0.0  0.0  0.0  0.0  0.0  0.0  0.0  0.0 22.5  0.0  0.0 11.2  0.0  0.0 11.2
  0.0  0.0  0.0  0.0  0.0 11.2  0.0  0.0  0.0 11.2  0.0 11.2  0.0  0.0  0.0
    -24.37      5.08      5.31     -2.11      3.40  0.0  0.0  0.0  0.0  0.0
                                    t000286_s8_p13_el2ap.txt  9.5  5.5   49
  0.0  0.0  0.0102.0  0.0  0.0 20.4  0.0  0.0 20.4  0.0  0.0  0.0  0.0  0.0
  0.0  0.0  0.0  0.0  0.0  0.0265.3102.0102.0  0.0  0.0  0.0 20.4  0.0  0.0
  0.0 20.4  0.0  0.0  0.0 20.4 20.4 40.8  0.0  0.0  0.0  0.0  0.0  0.0  0.0
  0.0  0.0 20.4  0.0 20.4 40.8 20.4  0.0  0.0  0.0122.4  0.0  0.0163.3 40.8
  0.0  0.0  0.0  0.0  0.0  0.0  0.0  0.0  0.0  0.0  0.0  0.0  0.0  0.0  0.0
  0.0  0.0  0.0 20.4  0.0  0.0  0.0  0.0  0.0 20.4  0.0  0.0  0.0  0.0  0.0
  0.0  0.0  0.0  0.0  0.0  0.0  0.0 20.4  0.0  0.0  0.0  0.0  0.0  0.0  0.0
 20.4 20.4  0.0 40.8  0.0 20.4 20.4  0.0  0.0  0.0  0.0  0.0  0.0  0.0  0.0
  0.0  0.0  0.0  0.0  0.0  0.0  0.0  0.0  0.0  0.0 40.8  0.0  0.0  0.0 20.4
 20.4  0.0  0.0  0.0  0.0  0.0 40.8 20.4 20.4  0.0  0.0 20.4 20.4  0.0  0.0
    -19.29     -1.95      7.37      3.11     -3.63  0.0  0.0  0.0  0.0  0.0
                                    t000286_s8_p14_el2ap.txt  9.8  5.1   49
  0.0  0.0  0.0102.0  0.0  0.0  0.0 20.4  0.0  0.0  0.0 20.4  0.0  0.0  0.0
  0.0  0.0  0.0 20.4  0.0  0.0346.9102.0 40.8  0.0 20.4  0.0  0.0  0.0  0.0
  0.0  0.0  0.0  0.0  0.0 61.2 40.8  0.0  0.0  0.0 20.4  0.0 20.4 20.4  0.0
  0.0  0.0  0.0  0.0  0.0 20.4 40.8 20.4  0.0  0.0 40.8 20.4  0.0183.7  0.0
  0.0  0.0  0.0  0.0  0.0  0.0  0.0  0.0  0.0  0.0  0.0  0.0  0.0  0.0  0.0
  0.0  0.0  0.0 20.4  0.0  0.0  0.0  0.0  0.0  0.0  0.0  0.0  0.0  0.0  0.0
  0.0 20.4 20.4  0.0  0.0  0.0  0.0  0.0  0.0  0.0  0.0  0.0  0.0  0.0  0.0
 20.4  0.0  0.0 20.4 40.8  0.0 40.8  0.0  0.0  0.0  0.0  0.0  0.0  0.0  0.0
  0.0  0.0  0.0  0.0  0.0  0.0  0.0  0.0  0.0  0.0 81.6  0.0  0.0 40.8  0.0
  0.0 20.4  0.0  0.0  0.0  0.0  0.0 40.8  0.0  0.0  0.0 40.8  0.0 20.4  0.0
     -3.27     -4.82     -2.51      3.11     12.22  0.0  0.0  0.0  0.0  0.0
                                    t000286_s8_p15_el2ap.txt 12.0  5.4   56
  0.0  0.0  0.0  0.0  0.0  0.0  0.0  0.0  0.0  0.0  0.0  0.0  0.0  0.0  0.0
  0.0  0.0  0.0 17.9  0.0  0.0375.0 71.4 89.3 53.6  0.0  0.0  0.0  0.0  0.0
  0.0  0.0  0.0  0.0  0.0 35.7 17.9  0.0  0.0  0.0  0.0  0.0  0.0 17.9  0.0
  0.0  0.0  0.0  0.0  0.0  0.0 17.9 17.9  0.0  0.0107.1  0.0  0.0 89.3 17.9
  0.0  0.0  0.0  0.0  0.0  0.0  0.0  0.0  0.0  0.0  0.0  0.0  0.0  0.0  0.0
  0.0  0.0  0.0  0.0  0.0  0.0  0.0  0.0  0.0  0.0  0.0  0.0  0.0  0.0  0.0
  0.0  0.0  0.0  0.0  0.0  0.0  0.0  0.0  0.0  0.0  0.0  0.0  0.0  0.0  0.0
  0.0  0.0  0.0  0.0  0.0  0.0  0.0  0.0  0.0  0.0  0.0  0.0  0.0  0.0  0.0
  0.0  0.0  0.0  0.0  0.0  0.0  0.0  0.0 35.7 35.7 35.7  0.0 35.7 17.9  0.0
  0.0  0.0  0.0  0.0  0.0  0.0 17.9 35.7  0.0  0.0  0.0  0.0  0.0  0.0  0.0
    -26.71     -3.97     -1.06     -6.61     -0.92  0.0  0.0  0.0  0.0  0.0
                                    t000286_s8_p16_el2ap.txt 26.0  5.3  173
 17.3  0.0  0.0 11.6  0.0  0.0  0.0  0.0  0.0 11.6  0.0  0.0  0.0  0.0  0.0
  0.0  0.0  0.0 11.6  0.0  0.0427.7144.5 63.6 28.9 11.6  5.8  0.0  0.0  0.0
  0.0  0.0  0.0  0.0  0.0  5.8  5.8  0.0  0.0  0.0  0.0  0.0  5.8  5.8  0.0
  0.0  0.0  5.8  0.0  0.0  0.0 11.6  5.8  0.0  0.0 69.4 11.6  0.0 57.8  5.8
  0.0  0.0  0.0  0.0  0.0  0.0  0.0  0.0  0.0  0.0  0.0  0.0  0.0  0.0  0.0
  0.0  0.0  0.0  0.0  0.0  5.8  0.0  0.0  0.0  0.0  0.0  0.0  0.0  0.0  0.0
  0.0  0.0  0.0  0.0  0.0  0.0  0.0  0.0  0.0  0.0  0.0  0.0  0.0  0.0  0.0
  5.8  0.0  0.0  5.8  0.0  0.0  0.0  0.0  0.0  0.0  0.0  0.0  0.0  0.0  0.0
  0.0  0.0  0.0  0.0  0.0  0.0  0.0  0.0 52.0  0.0 34.7  5.8 28.9  0.0  0.0
  0.0  0.0  0.0  0.0  0.0  5.8 11.6 23.1  0.0 17.3  0.0  0.0  5.8  0.0  0.0
    -27.05     -3.15      0.65     -6.61      0.86  5.8  0.0  0.0  0.0  0.0
                                    t000286_s8_p17_el2ap.txt 23.0  5.2  148
 13.5  0.0  0.0 40.5  0.0  0.0  0.0  0.0  0.0  6.8  0.0  0.0  0.0  6.8  0.0
  0.0  0.0  0.0  0.0  0.0  0.0324.3135.1 87.8 40.5  6.8 13.5  0.0  0.0  0.0
  0.0  0.0  0.0  0.0  0.0 27.0  0.0  0.0  0.0  0.0  0.0  6.8 13.5  6.8  0.0
 13.5  6.8 20.3  0.0  6.8  0.0  6.8 20.3  0.0  0.0 94.6  6.8  0.0121.6  6.8
  6.8  0.0  0.0  0.0  0.0  0.0  0.0  0.0  0.0  0.0  0.0  0.0  0.0  0.0  0.0
  0.0  0.0  0.0 20.3  0.0  6.8  0.0  0.0  0.0  0.0  0.0  0.0  6.8  0.0  0.0
  0.0  0.0  6.8  0.0  0.0  0.0  0.0  0.0  0.0  0.0  0.0  0.0  0.0  0.0  0.0
 27.0  0.0  6.8 33.8  6.8  0.0  6.8  0.0  0.0  0.0  0.0  0.0  0.0  0.0  0.0
  0.0  0.0  0.0  0.0  0.0  0.0  0.0  0.0 13.5  6.8 47.3  0.0  0.0  6.8 13.5
  0.0  0.0  0.0  0.0  6.8 13.5 13.5 33.8  0.0  6.8 13.5  0.0  6.8  0.0  0.0
    -23.92     -1.50     -0.56     -3.90     10.20  6.8  0.0  0.0  0.0  0.0
                                    t000286_s8_p18_el2ap.txt 12.3  4.6   77
  0.0  0.0  0.0103.9  0.0  0.0 13.0  0.0  0.0 39.0  0.0 13.0  0.0  0.0  0.0
  0.0  0.0  0.0  0.0  0.0  0.0272.7103.9 26.0 26.0  0.0 26.0  0.0  0.0  0.0
  0.0 26.0  0.0 13.0  0.0 13.0 13.0 26.0  0.0 13.0  0.0 13.0 13.0 26.0  0.0
  0.0  0.0  0.0 13.0  0.0 26.0 51.9 26.0  0.0  0.0 26.0  0.0  0.0142.9 13.0
 13.0  0.0  0.0  0.0  0.0  0.0  0.0  0.0  0.0  0.0  0.0  0.0  0.0  0.0  0.0
  0.0  0.0  0.0  0.0  0.0  0.0  0.0  0.0  0.0  0.0  0.0  0.0  0.0  0.0  0.0
  0.0 13.0  0.0  0.0  0.0  0.0  0.0  0.0  0.0  0.0  0.0  0.0  0.0  0.0  0.0
  0.0  0.0  0.0  0.0 13.0  0.0 13.0  0.0  0.0  0.0  0.0  0.0  0.0  0.0  0.0
  0.0  0.0  0.0  0.0  0.0  0.0  0.0 13.0 13.0  0.0 39.0  0.0  0.0  0.0 13.0
  0.0 13.0  0.0  0.0  0.0  0.0  0.0 13.0  0.0 13.0 39.0  0.0  0.0 26.0  0.0
     -4.49      0.12      6.15     10.68      8.43  0.0  0.0  0.0  0.0  0.0
                                    t000286_s8_p19_el2ap.txt 15.5  4.9   78
  0.0  0.0  0.0 76.9  0.0  0.0 12.8  0.0  0.0 25.6  0.0 12.8  0.0  0.0  0.0
  0.0  0.0  0.0  0.0  0.0  0.0294.9153.8 38.5 12.8 25.6 12.8  0.0  0.0  0.0
  0.0  0.0  0.0  0.0  0.0 25.6 25.6 25.6  0.0 12.8 12.8  0.0 25.6  0.0  0.0
  0.0  0.0  0.0  0.0  0.0 38.5 25.6  0.0  0.0  0.0 51.3 25.6  0.0 89.7  0.0
  0.0  0.0  0.0  0.0  0.0  0.0  0.0  0.0  0.0  0.0  0.0  0.0  0.0  0.0  0.0
  0.0  0.0  0.0  0.0  0.0  0.0  0.0  0.0  0.0  0.0  0.0  0.0 12.8  0.0  0.0
  0.0 12.8  0.0  0.0  0.0  0.0  0.0  0.0  0.0  0.0  0.0  0.0  0.0  0.0  0.0
  0.0  0.0 12.8 12.8 12.8  0.0 12.8  0.0  0.0  0.0  0.0  0.0  0.0  0.0  0.0
  0.0  0.0  0.0  0.0  0.0  0.0  0.0 12.8 12.8 12.8 51.3 25.6  0.0  0.0 12.8
  0.0  0.0  0.0  0.0  0.0  0.0 12.8 12.8  0.0 25.6  0.0  0.0  0.0  0.0  0.0
    -11.41     -1.70     -0.48     11.43     12.40  0.0  0.0  0.0  0.0  0.0
                                     t000286_s8_p2_el2ap.txt 15.5  5.0   99
 10.1 10.1  0.0 90.9  0.0  0.0  0.0  0.0  0.0  0.0  0.0  0.0  0.0  0.0  0.0
  0.0  0.0  0.0 10.1  0.0  0.0393.9131.3 70.7 10.1  0.0  0.0  0.0  0.0  0.0
  0.0 10.1  0.0  0.0  0.0 30.3  0.0 10.1  0.0  0.0  0.0 10.1 10.1  0.0  0.0
 10.1  0.0 10.1  0.0 10.1 10.1 20.2 10.1  0.0  0.0 90.9  0.0  0.0111.1  0.0
 10.1  0.0  0.0  0.0  0.0  0.0  0.0  0.0  0.0  0.0  0.0  0.0  0.0  0.0  0.0
  0.0  0.0  0.0 10.1  0.0 20.2  0.0  0.0  0.0  0.0  0.0  0.0  0.0  0.0  0.0
  0.0  0.0 10.1  0.0  0.0  0.0  0.0  0.0  0.0  0.0  0.0  0.0  0.0  0.0  0.0
 30.3  0.0  0.0 30.3 10.1  0.0 10.1  0.0  0.0  0.0  0.0  0.0  0.0  0.0  0.0
  0.0  0.0  0.0  0.0  0.0  0.0  0.0  0.0 60.6  0.0 40.4 10.1 10.1 60.6  0.0
  0.0  0.0  0.0  0.0  0.0  0.0  0.0 20.2  0.0 10.1  0.0 20.2  0.0  0.0  0.0
    -22.98     -5.40      2.99     -0.16      5.95  0.0  0.0  0.0  0.0  0.0
                                    t000286_s8_p20_el2ap.txt  5.0  5.5   21
 47.6  0.0  0.0 95.2  0.0  0.0  0.0  0.0  0.0  0.0  0.0  0.0  0.0  0.0  0.0
  0.0  0.0  0.0  0.0  0.0  0.0428.6238.1  0.0  0.0  0.0  0.0  0.0  0.0  0.0
  0.0  0.0  0.0  0.0  0.0  0.0  0.0  0.0  0.0  0.0  0.0  0.0  0.0 47.6  0.0
  0.0  0.0  0.0  0.0  0.0  0.0  0.0 47.6  0.0  0.0  0.0  0.0  0.0 95.2  0.0
 47.6  0.0  0.0  0.0  0.0  0.0  0.0  0.0  0.0  0.0  0.0  0.0  0.0  0.0  0.0
  0.0  0.0  0.0  0.0  0.0  0.0  0.0  0.0  0.0  0.0  0.0  0.0  0.0  0.0  0.0
  0.0  0.0  0.0  0.0  0.0  0.0  0.0  0.0  0.0  0.0  0.0  0.0  0.0  0.0  0.0
  0.0  0.0  0.0  0.0  0.0  0.0  0.0  0.0  0.0  0.0  0.0  0.0  0.0  0.0  0.0
  0.0  0.0  0.0  0.0  0.0  0.0  0.0  0.0 47.6 47.6 47.6  0.0  0.0  0.0  0.0
  0.0  0.0  0.0  0.0  0.0  0.0  0.0  0.0  0.0  0.0  0.0  0.0  0.0  0.0  0.0
    -26.47     -5.73      0.97     -6.61      3.59  0.0  0.0  0.0  0.0  0.0
                                    t000286_s8_p21_el2ap.txt  5.8  4.5   26
  0.0  0.0  0.0  0.0  0.0  0.0  0.0  0.0 38.5  0.0  0.0  0.0  0.0  0.0  0.0
  0.0  0.0  0.0  0.0  0.0  0.0346.2 76.9 38.5 38.5  0.0  0.0  0.0  0.0  0.0
  0.0  0.0  0.0  0.0  0.0  0.0  0.0  0.0  0.0  0.0  0.0  0.0  0.0  0.0  0.0
  0.0  0.0  0.0  0.0  0.0  0.0  0.0  0.0  0.0  0.0 38.5 38.5  0.0 38.5  0.0
  0.0  0.0  0.0  0.0  0.0  0.0  0.0  0.0  0.0  0.0  0.0  0.0  0.0  0.0  0.0
  0.0  0.0  0.0  0.0  0.0  0.0  0.0  0.0  0.0  0.0  0.0  0.0  0.0  0.0  0.0
  0.0  0.0  0.0  0.0  0.0  0.0  0.0  0.0  0.0  0.0  0.0  0.0  0.0  0.0  0.0
  0.0  0.0  0.0  0.0  0.0  0.0  0.0  0.0  0.0  0.0  0.0  0.0  0.0  0.0  0.0
  0.0  0.0  0.0  0.0  0.0  0.0  0.0  0.0 38.5  0.0  0.0  0.0  0.0 38.5  0.0
  0.0  0.0  0.0  0.0  0.0  0.0  0.0  0.0  0.0  0.0  0.0  0.0  0.0  0.0  0.0
    -23.20     -4.46      0.97     -6.61     -3.63  0.0  0.0  0.0  0.0  0.0
                                    t000286_s8_p22_el2ap.txt  4.5  4.3   20
 50.0  0.0  0.0 50.0  0.0  0.0  0.0  0.0 50.0  0.0  0.0  0.0  0.0  0.0  0.0
  0.0  0.0  0.0  0.0  0.0  0.0200.0 50.0  0.0 50.0  0.0  0.0  0.0  0.0  0.0
  0.0 50.0  0.0  0.0  0.0100.0  0.0  0.0  0.0  0.0  0.0  0.0  0.0  0.0  0.0
  0.0  0.0 50.0  0.0  0.0  0.0 50.0  0.0  0.0  0.0  0.0 50.0  0.0100.0  0.0
  0.0  0.0  0.0  0.0  0.0  0.0  0.0  0.0  0.0  0.0  0.0  0.0  0.0  0.0  0.0
  0.0  0.0  0.0 50.0  0.0  0.0  0.0  0.0  0.0  0.0  0.0  0.0  0.0  0.0  0.0
  0.0  0.0  0.0  0.0  0.0  0.0  0.0  0.0  0.0  0.0  0.0  0.0  0.0  0.0  0.0
 50.0  0.0  0.0 50.0  0.0  0.0  0.0  0.0  0.0  0.0  0.0  0.0  0.0  0.0  0.0
  0.0  0.0  0.0  0.0  0.0  0.0  0.0  0.0 50.0  0.0  0.0  0.0  0.0  0.0  0.0
  0.0  0.0  0.0  0.0  0.0  0.0  0.0  0.0  0.0  0.0 50.0  0.0 50.0  0.0  0.0
     -8.75     -4.08     13.81     -6.61     -3.63  0.0  0.0  0.0  0.0  0.0
                                    t000286_s8_p23_el2ap.txt  8.5  5.7   39
 25.6  0.0  0.0 51.3  0.0  0.0  0.0  0.0  0.0  0.0  0.0  0.0  0.0  0.0  0.0
  0.0  0.0  0.0  0.0  0.0  0.0487.2128.2102.6 25.6  0.0 25.6  0.0  0.0  0.0
  0.0  0.0  0.0  0.0  0.0 25.6  0.0  0.0  0.0  0.0  0.0  0.0  0.0  0.0 25.6
  0.0  0.0 25.6  0.0  0.0  0.0  0.0 25.6  0.0  0.0102.6  0.0 25.6102.6 25.6
  0.0  0.0  0.0  0.0  0.0  0.0  0.0  0.0  0.0  0.0  0.0  0.0  0.0  0.0  0.0
  0.0  0.0  0.0  0.0  0.0  0.0 25.6  0.0  0.0  0.0  0.0  0.0  0.0  0.0  0.0
  0.0  0.0  0.0  0.0  0.0  0.0  0.0  0.0  0.0  0.0  0.0  0.0  0.0  0.0  0.0
 25.6  0.0  0.0 25.6  0.0  0.0  0.0  0.0  0.0  0.0  0.0  0.0  0.0  0.0  0.0
  0.0  0.0  0.0  0.0  0.0  0.0  0.0  0.0 76.9  0.0 25.6  0.0  0.0 25.6  0.0
 25.6 25.6  0.0  0.0  0.0  0.0  0.0  0.0  0.0  0.0  0.0  0.0 25.6  0.0  0.0
    -33.31      0.05     -0.48     -6.61     16.10  0.0  0.0  0.0  0.0  0.0
                                    t000286_s8_p24_el2ap.txt 13.8  5.1   65
  0.0  0.0  0.0 30.8  0.0  0.0  0.0 15.4  0.0 15.4  0.0  0.0  0.0  0.0  0.0
  0.0  0.0  0.0 15.4  0.0  0.0400.0138.5 76.9 46.2  0.0 15.4  0.0  0.0  0.0
  0.0  0.0  0.0  0.0 15.4 15.4  0.0  0.0  0.0  0.0  0.0  0.0  0.0  0.0  0.0
 15.4  0.0  0.0  0.0  0.0  0.0 15.4 15.4  0.0  0.0 76.9  0.0  0.0 92.3  0.0
  0.0  0.0  0.0  0.0  0.0  0.0  0.0  0.0  0.0  0.0  0.0  0.0  0.0  0.0  0.0
  0.0  0.0  0.0  0.0  0.0  0.0  0.0  0.0  0.0  0.0  0.0  0.0  0.0  0.0  0.0
  0.0  0.0  0.0  0.0  0.0  0.0  0.0  0.0  0.0  0.0  0.0  0.0  0.0  0.0  0.0
  0.0  0.0  0.0  0.0  0.0  0.0  0.0  0.0  0.0  0.0  0.0  0.0  0.0  0.0  0.0
  0.0  0.0  0.0  0.0  0.0  0.0  0.0  0.0 15.4  0.0 15.4  0.0  0.0 30.8 15.4
 15.4  0.0  0.0  0.0  0.0  0.0 15.4  0.0  0.0 15.4  0.0 15.4 15.4  0.0  0.0
    -22.26     -1.25     -4.43     -6.61      1.34  0.0  0.0  0.0  0.0  0.0
                                    t000286_s8_p25_el2ap.txt  6.5  4.4   29
  0.0  0.0  0.0 34.5  0.0  0.0  0.0  0.0  0.0  0.0  0.0  0.0  0.0  0.0  0.0
  0.0  0.0  0.0  0.0  0.0  0.0241.4137.9 34.5 34.5  0.0 34.5  0.0  0.0  0.0
  0.0  0.0  0.0  0.0  0.0 69.0  0.0  0.0  0.0  0.0  0.0  0.0  0.0  0.0  0.0
  0.0 69.0  0.0 34.5  0.0  0.0 69.0  0.0  0.0  0.0 34.5  0.0  0.0 69.0  0.0
  0.0  0.0  0.0  0.0  0.0  0.0  0.0  0.0  0.0  0.0  0.0  0.0  0.0  0.0  0.0
  0.0  0.0  0.0  0.0  0.0  0.0  0.0  0.0  0.0  0.0  0.0  0.0  0.0  0.0  0.0
  0.0  0.0  0.0  0.0  0.0  0.0  0.0  0.0  0.0  0.0  0.0  0.0  0.0  0.0  0.0
  0.0  0.0  0.0  0.0  0.0  0.0  0.0  0.0  0.0  0.0  0.0  0.0  0.0  0.0  0.0
  0.0  0.0  0.0  0.0  0.0  0.0  0.0  0.0  0.0  0.0  0.0  0.0  0.0 34.5 34.5
  0.0  0.0  0.0  0.0  0.0 34.5  0.0  0.0  0.0  0.0  0.0  0.0 34.5 34.5  0.0
    -22.88      2.04     -2.94     -6.61     -3.63  0.0  0.0  0.0  0.0  0.0
                                    t000286_s8_p26_el2ap.txt  6.0  5.4   24
  0.0  0.0  0.0166.7  0.0  0.0  0.0  0.0  0.0  0.0  0.0  0.0  0.0  0.0  0.0
  0.0  0.0  0.0  0.0  0.0  0.0333.3 83.3 83.3 41.7  0.0  0.0  0.0  0.0  0.0
  0.0  0.0  0.0  0.0 41.7  0.0  0.0  0.0  0.0  0.0  0.0  0.0  0.0  0.0  0.0
  0.0  0.0  0.0  0.0  0.0  0.0  0.0  0.0  0.0  0.0 83.3  0.0 41.7125.0  0.0
  0.0  0.0  0.0  0.0  0.0  0.0  0.0  0.0  0.0  0.0  0.0  0.0  0.0  0.0  0.0
  0.0  0.0  0.0  0.0  0.0  0.0  0.0  0.0  0.0  0.0  0.0  0.0  0.0  0.0  0.0
  0.0  0.0  0.0  0.0  0.0  0.0  0.0  0.0  0.0  0.0  0.0  0.0  0.0  0.0  0.0
  0.0  0.0  0.0  0.0  0.0  0.0  0.0  0.0  0.0  0.0  0.0  0.0  0.0  0.0  0.0
  0.0  0.0  0.0  0.0  0.0  0.0  0.0  0.0  0.0  0.0  0.0  0.0  0.0  0.0  0.0
  0.0  0.0  0.0  0.0  0.0 41.7  0.0  0.0  0.0  0.0  0.0  0.0  0.0  0.0  0.0
    -24.48     -4.36    -11.28     -6.61     -3.63  0.0  0.0  0.0  0.0  0.0
                                    t000286_s8_p27_el2ap.txt  7.8  5.2   41
  0.0  0.0  0.0 24.4  0.0  0.0  0.0  0.0  0.0  0.0  0.0  0.0  0.0  0.0  0.0
  0.0  0.0  0.0  0.0  0.0  0.0365.9195.1 73.2 24.4  0.0 24.4  0.0  0.0  0.0
  0.0  0.0  0.0  0.0  0.0 24.4  0.0  0.0  0.0  0.0  0.0  0.0  0.0  0.0  0.0
  0.0  0.0  0.0  0.0  0.0  0.0  0.0  0.0  0.0  0.0 97.6  0.0  0.0 73.2  0.0
  0.0  0.0  0.0  0.0  0.0  0.0  0.0  0.0  0.0  0.0  0.0  0.0  0.0  0.0  0.0
  0.0  0.0  0.0  0.0  0.0  0.0  0.0  0.0  0.0  0.0  0.0  0.0  0.0  0.0  0.0
  0.0  0.0  0.0  0.0  0.0  0.0  0.0  0.0  0.0  0.0  0.0  0.0  0.0  0.0  0.0
  0.0  0.0  0.0  0.0  0.0  0.0  0.0  0.0  0.0  0.0  0.0  0.0  0.0  0.0  0.0
  0.0  0.0  0.0  0.0  0.0  0.0  0.0  0.0  0.0  0.0 73.2 24.4  0.0 24.4  0.0
  0.0  0.0  0.0  0.0  0.0  0.0  0.0  0.0  0.0  0.0  0.0 24.4  0.0  0.0  0.0
    -32.79     -0.23     -0.41     -6.61     -3.63 24.4  0.0  0.0  0.0  0.0
                                    t000286_s8_p28_el2ap.txt  6.8  4.5   35
  0.0  0.0  0.0 85.7  0.0  0.0  0.0  0.0  0.0  0.0  0.0  0.0  0.0  0.0  0.0
  0.0  0.0  0.0  0.0  0.0  0.0314.3171.4 28.6  0.0  0.0 28.6  0.0  0.0  0.0
  0.0  0.0  0.0  0.0  0.0  0.0 57.1  0.0  0.0  0.0  0.0  0.0  0.0 28.6  0.0
  0.0  0.0  0.0  0.0  0.0  0.0  0.0 28.6  0.0  0.0 28.6  0.0  0.0142.9  0.0
  0.0  0.0  0.0  0.0  0.0  0.0  0.0  0.0  0.0  0.0  0.0  0.0  0.0  0.0  0.0
  0.0  0.0  0.0  0.0  0.0  0.0 28.6  0.0  0.0  0.0  0.0  0.0  0.0  0.0  0.0
  0.0  0.0  0.0 28.6  0.0  0.0  0.0  0.0  0.0  0.0  0.0  0.0  0.0  0.0  0.0
 28.6  0.0  0.0 28.6 28.6  0.0 28.6  0.0  0.0  0.0  0.0  0.0  0.0  0.0  0.0
  0.0  0.0  0.0  0.0  0.0  0.0  0.0  0.0  0.0  0.0 85.7  0.0  0.0  0.0  0.0
  0.0  0.0  0.0  0.0  0.0  0.0  0.0  0.0  0.0 28.6  0.0  0.0 28.6  0.0  0.0
    -24.46     -0.23      0.97     -6.61      0.70  0.0  0.0  0.0  0.0  0.0
                                     t000286_s8_p3_el2ap.txt  9.5  5.4   50
 40.0  0.0  0.0100.0  0.0  0.0  0.0  0.0  0.0 20.0  0.0  0.0  0.0  0.0  0.0
  0.0  0.0 20.0 20.0  0.0  0.0320.0100.0 60.0 20.0  0.0  0.0  0.0  0.0 20.0
  0.0  0.0  0.0  0.0  0.0 40.0  0.0  0.0  0.0 20.0  0.0 20.0 20.0 20.0  0.0
  0.0  0.0  0.0 20.0  0.0 20.0 40.0 20.0  0.0 20.0100.0  0.0  0.0140.0  0.0
  0.0  0.0  0.0  0.0  0.0  0.0  0.0  0.0  0.0  0.0  0.0  0.0  0.0  0.0  0.0
  0.0  0.0  0.0  0.0  0.0  0.0  0.0  0.0  0.0  0.0  0.0  0.0  0.0  0.0  0.0
  0.0  0.0  0.0  0.0  0.0  0.0  0.0  0.0  0.0  0.0  0.0  0.0  0.0  0.0  0.0
  0.0  0.0  0.0  0.0  0.0  0.0  0.0  0.0  0.0  0.0  0.0  0.0  0.0  0.0  0.0
  0.0  0.0  0.0  0.0  0.0  0.0  0.0  0.0 80.0 20.0 60.0  0.0  0.0 40.0  0.0
  0.0  0.0  0.0  0.0  0.0  0.0  0.0 40.0  0.0 20.0  0.0  0.0 20.0  0.0  0.0
     -8.98     -5.07      8.70     10.49     11.90  0.0  0.0  0.0  0.0  0.0
                                     t000286_s8_p4_el2ap.txt 14.3  5.4   69
  0.0  0.0  0.0 72.5  0.0  0.0 14.5  0.0  0.0  0.0  0.0  0.0  0.0  0.0  0.0
  0.0  0.0  0.0  0.0  0.0  0.0376.8115.9 87.0  0.0  0.0  0.0  0.0 14.5  0.0
  0.0  0.0  0.0  0.0  0.0 58.0  0.0  0.0  0.0  0.0  0.0 14.5 14.5 14.5  0.0
  0.0  0.0  0.0  0.0  0.0  0.0  0.0 14.5  0.0 14.5101.4  0.0  0.0 72.5  0.0
 14.5  0.0  0.0  0.0  0.0  0.0  0.0  0.0  0.0  0.0  0.0  0.0  0.0  0.0  0.0
  0.0  0.0  0.0  0.0  0.0  0.0  0.0  0.0  0.0  0.0  0.0  0.0  0.0  0.0  0.0
  0.0  0.0  0.0  0.0  0.0  0.0  0.0  0.0  0.0  0.0  0.0  0.0  0.0  0.0  0.0
  0.0  0.0  0.0  0.0  0.0  0.0  0.0  0.0  0.0  0.0  0.0  0.0  0.0  0.0  0.0
  0.0  0.0  0.0  0.0  0.0  0.0  0.0  0.0  0.0  0.0 14.5 29.0  0.0  0.0 14.5
  0.0  0.0 14.5  0.0  0.0 14.5  0.0 14.5  0.0  0.0  0.0  0.0 29.0  0.0  0.0
    -26.88     -5.73      6.20     -0.81      7.63 14.5  0.0  0.0  0.0  0.0
                                     t000286_s8_p5_el2ap.txt 11.3  5.7   57
  0.0  0.0  0.0 70.2  0.0  0.0  0.0 17.5  0.0  0.0  0.0  0.0  0.0  0.0  0.0
  0.0  0.0  0.0  0.0  0.0  0.0368.4157.9 87.7 17.5  0.0  0.0  0.0  0.0  0.0
  0.0 17.5  0.0  0.0  0.0 17.5  0.0  0.0  0.0  0.0  0.0  0.0  0.0 17.5  0.0
  0.0  0.0  0.0  0.0  0.0  0.0 17.5 17.5  0.0  0.0122.8  0.0 17.5 70.2  0.0
 17.5  0.0  0.0  0.0  0.0  0.0  0.0  0.0  0.0  0.0  0.0  0.0  0.0  0.0  0.0
  0.0  0.0  0.0  0.0  0.0  0.0  0.0  0.0  0.0  0.0  0.0  0.0  0.0  0.0  0.0
  0.0  0.0  0.0  0.0  0.0  0.0  0.0  0.0  0.0  0.0  0.0  0.0  0.0  0.0  0.0
  0.0  0.0  0.0  0.0  0.0  0.0  0.0  0.0  0.0  0.0  0.0  0.0  0.0  0.0  0.0
  0.0  0.0  0.0  0.0  0.0  0.0  0.0 17.5  0.0  0.0 52.6 17.5  0.0  0.0  0.0
  0.0  0.0  0.0  0.0 17.5  0.0 17.5  0.0  0.0  0.0  0.0  0.0 17.5  0.0  0.0
    -27.94     -5.15      6.47     -6.61     -0.97  0.0 17.5  0.0  0.0  0.0
                                     t000286_s8_p6_el2ap.txt 22.0  5.5  123
  0.0  0.0  0.0 48.8  0.0  0.0  0.0  8.1  0.0  8.1  0.0  0.0  0.0  0.0  0.0
  0.0  0.0  0.0  8.1  0.0  8.1268.3154.5113.8 16.3 16.3  0.0  0.0  0.0  0.0
  0.0  8.1  0.0  0.0  0.0 48.8  0.0  0.0  0.0  0.0  0.0  8.1  8.1  0.0 24.4
  8.1  0.0  0.0  0.0  0.0  0.0 16.3 32.5  0.0  0.0154.5 16.3  0.0 73.2  0.0
  0.0  0.0  0.0  0.0  0.0  0.0  0.0  0.0  0.0  0.0  0.0  0.0  0.0  0.0  0.0
  0.0  0.0  0.0  0.0  0.0  0.0  0.0  0.0  0.0  0.0  0.0  0.0  0.0  0.0  0.0
  0.0  0.0  0.0  0.0  0.0  0.0  0.0  0.0  0.0  0.0  0.0  0.0  0.0  0.0  0.0
  0.0  0.0  0.0  0.0  0.0  0.0  0.0  0.0  0.0  0.0  0.0  0.0  0.0  0.0  0.0
  0.0  0.0  0.0  0.0  0.0  0.0  0.0  0.0 16.3  0.0  8.1  8.1  0.0  0.0  8.1
  0.0  0.0  0.0  0.0  0.0  0.0 16.3  8.1  8.1  8.1 16.3 16.3  0.0  0.0  0.0
    -22.97     -4.47      1.21     -3.35     22.84  0.0  0.0  0.0  0.0  0.0
                                     t000286_s8_p7_el2ap.txt 12.0  5.8   69
  0.0  0.0  0.0101.4  0.0  0.0 14.5  0.0  0.0  0.0 14.5  0.0  0.0  0.0  0.0
  0.0  0.0  0.0  0.0  0.0  0.0420.3144.9 72.5  0.0  0.0  0.0  0.0 14.5 14.5
  0.0 14.5  0.0  0.0  0.0 14.5  0.0 14.5  0.0  0.0  0.0  0.0  0.0  0.0  0.0
  0.0 14.5  0.0  0.0  0.0 14.5 29.0  0.0  0.0 29.0 87.0  0.0  0.0101.4  0.0
  0.0  0.0  0.0  0.0  0.0  0.0  0.0  0.0  0.0  0.0  0.0  0.0  0.0  0.0  0.0
  0.0  0.0  0.0  0.0  0.0  0.0  0.0  0.0  0.0  0.0  0.0  0.0  0.0  0.0  0.0
  0.0  0.0  0.0  0.0  0.0  0.0  0.0  0.0  0.0  0.0  0.0  0.0  0.0  0.0  0.0
  0.0  0.0  0.0  0.0  0.0  0.0  0.0  0.0  0.0  0.0  0.0  0.0  0.0  0.0  0.0
  0.0  0.0  0.0  0.0  0.0  0.0  0.0  0.0 43.5  0.0 72.5  0.0  0.0  0.0  0.0
 14.5  0.0  0.0  0.0  0.0 29.0 14.5  0.0 29.0  0.0  0.0 29.0  0.0  0.0  0.0
    -27.19     -5.73     21.29     -3.15     -3.63  0.0  0.0  0.0  0.0  0.0
                                     t000286_s8_p8_el2ap.txt 13.8  5.4   76
  0.0  0.0  0.0131.6  0.0  0.0 13.2  0.0  0.0 13.2  0.0  0.0  0.0 13.2  0.0
  0.0  0.0 13.2  0.0  0.0  0.0276.3118.4 39.5  0.0  0.0 26.3  0.0  0.0 13.2
  0.0  0.0  0.0  0.0  0.0 65.8 39.5  0.0  0.0  0.0  0.0 13.2 26.3  0.0  0.0
  0.0  0.0 26.3  0.0  0.0 13.2  0.0  0.0  0.0 13.2 52.6  0.0  0.0184.2 13.2
 13.2  0.0  0.0  0.0  0.0  0.0  0.0  0.0  0.0  0.0  0.0  0.0  0.0  0.0  0.0
  0.0  0.0  0.0 13.2  0.0 13.2 13.2  0.0  0.0  0.0  0.0  0.0  0.0  0.0  0.0
  0.0 13.2 26.3  0.0  0.0  0.0  0.0  0.0  0.0  0.0  0.0  0.0 13.2  0.0  0.0
 39.5  0.0  0.0 39.5 39.5  0.0 39.5 13.2  0.0  0.0  0.0  0.0  0.0  0.0  0.0
  0.0  0.0  0.0  0.0  0.0  0.0  0.0  0.0 13.2  0.0 26.3 13.2  0.0  0.0 26.3
  0.0  0.0  0.0  0.0  0.0  0.0 13.2  0.0 13.2 13.2 13.2 26.3 13.2  0.0  0.0
     -8.00     -0.67      3.81     -1.34     12.82 13.2  0.0  0.0  0.0  0.0
                                     t000286_s8_p9_el2ap.txt 17.5  5.3   97
  0.0  0.0  0.0 61.9  0.0  0.0  0.0 10.3  0.0  0.0  0.0  0.0  0.0 20.6  0.0
  0.0  0.0 10.3  0.0  0.0  0.0319.6175.3103.1 10.3 10.3 20.6 20.6  0.0  0.0
  0.0  0.0  0.0  0.0  0.0  0.0 10.3  0.0  0.0  0.0  0.0  0.0  0.0  0.0 10.3
 10.3 10.3  0.0  0.0  0.0 10.3 10.3 20.6  0.0  0.0113.4 10.3  0.0123.7 10.3
 20.6  0.0  0.0  0.0  0.0  0.0  0.0  0.0  0.0  0.0  0.0  0.0  0.0  0.0  0.0
  0.0  0.0  0.0  0.0  0.0  0.0  0.0  0.0  0.0  0.0  0.0  0.0  0.0  0.0  0.0
  0.0  0.0  0.0  0.0  0.0  0.0  0.0  0.0  0.0  0.0 10.3  0.0  0.0  0.0  0.0
  0.0  0.0  0.0  0.0  0.0  0.0  0.0 10.3  0.0  0.0  0.0  0.0  0.0  0.0  0.0
  0.0  0.0  0.0  0.0  0.0  0.0  0.0  0.0 10.3  0.0 51.5  0.0 10.3 10.3 10.3
  0.0  0.0  0.0  0.0  0.0  0.0 20.6 10.3 10.3  0.0 10.3 10.3  0.0  0.0  0.0
    -15.92      2.85      0.97     -6.61      7.63  0.0  0.0  0.0  0.0  0.0
                                     t000287_s1_p1_el2ap.txt 16.8  5.4   79
  0.0  0.0  0.0 75.9  0.0  0.0 12.7  0.0  0.0 12.7  0.0  0.0  0.0  0.0  0.0
  0.0  0.0 12.7  0.0  0.0  0.0405.1113.9 75.9 25.3  0.0 12.7 12.7  0.0 12.7
  0.0  0.0  0.0  0.0  0.0 12.7  0.0  0.0 12.7  0.0  0.0  0.0  0.0 12.7  0.0
  0.0  0.0  0.0 12.7  0.0 12.7  0.0 12.7  0.0 12.7 75.9  0.0  0.0113.9 12.7
  0.0  0.0  0.0  0.0  0.0  0.0  0.0  0.0  0.0  0.0  0.0  0.0  0.0  0.0  0.0
  0.0  0.0  0.0  0.0  0.0  0.0  0.0  0.0  0.0  0.0  0.0  0.0  0.0  0.0  0.0
  0.0  0.0  0.0  0.0  0.0  0.0  0.0  0.0  0.0  0.0  0.0  0.0  0.0  0.0  0.0
  0.0  0.0  0.0  0.0  0.0  0.0  0.0  0.0  0.0  0.0  0.0  0.0  0.0  0.0  0.0
  0.0  0.0  0.0  0.0  0.0  0.0  0.0  0.0  0.0  0.0 63.3 12.7  0.0  0.0  0.0
  0.0  0.0  0.0  0.0  0.0  0.0  0.0  0.0  0.0 12.7 25.3  0.0 12.7  0.0  0.0
    -21.76     -0.12      6.58     -2.52     -1.71  0.0  0.0  0.0  0.0  0.0
                                     t000287_s1_p2_el2ap.txt 13.8  5.0   66
  0.0  0.0  0.0 30.3  0.0  0.0 30.3  0.0  0.0  0.0  0.0  0.0  0.0  0.0  0.0
  0.0  0.0  0.0  0.0  0.0  0.0454.5106.1  0.0 60.6 15.2  0.0  0.0  0.0 30.3
  0.0  0.0  0.0  0.0  0.0 30.3 15.2  0.0  0.0  0.0  0.0 15.2 15.2 30.3  0.0
  0.0  0.0  0.0  0.0  0.0  0.0  0.0 30.3  0.0 30.3 60.6 15.2  0.0 90.9  0.0
  0.0  0.0  0.0  0.0  0.0  0.0  0.0  0.0  0.0  0.0  0.0  0.0  0.0  0.0  0.0
  0.0  0.0  0.0 15.2  0.0  0.0  0.0  0.0  0.0  0.0  0.0  0.0  0.0  0.0  0.0
  0.0  0.0 15.2  0.0  0.0  0.0  0.0  0.0  0.0  0.0  0.0  0.0  0.0  0.0  0.0
 15.2  0.0  0.0 15.2 15.2  0.0 15.2  0.0  0.0  0.0  0.0  0.0  0.0  0.0  0.0
  0.0  0.0  0.0  0.0  0.0  0.0  0.0  0.0 15.2  0.0  0.0 15.2 15.2  0.0  0.0
  0.0  0.0  0.0  0.0  0.0  0.0  0.0  0.0  0.0  0.0  0.0  0.0  0.0  0.0  0.0
    -20.89     -3.06     14.40     -0.54     10.43  0.0  0.0  0.0  0.0  0.0
                                     t000287_s1_p3_el2ap.txt 10.8  5.2   49
  0.0  0.0  0.0 61.2  0.0  0.0  0.0  0.0  0.0  0.0 20.4  0.0  0.0  0.0  0.0
  0.0  0.0 40.8  0.0  0.0  0.0326.5102.0  0.0 40.8  0.0  0.0 20.4  0.0  0.0
  0.0  0.0  0.0  0.0  0.0  0.0 20.4  0.0  0.0  0.0  0.0  0.0  0.0 40.8  0.0
  0.0 20.4  0.0  0.0 40.8 40.8 20.4 40.8  0.0  0.0 61.2  0.0  0.0142.9 20.4
  0.0  0.0  0.0  0.0  0.0  0.0  0.0  0.0  0.0  0.0  0.0  0.0  0.0  0.0  0.0
  0.0  0.0  0.0  0.0  0.0  0.0  0.0  0.0  0.0  0.0  0.0  0.0  0.0  0.0  0.0
  0.0  0.0  0.0  0.0  0.0  0.0  0.0  0.0  0.0  0.0  0.0  0.0  0.0  0.0  0.0
  0.0  0.0  0.0  0.0  0.0  0.0  0.0  0.0  0.0  0.0  0.0  0.0  0.0  0.0  0.0
  0.0  0.0  0.0  0.0  0.0  0.0  0.0  0.0 20.4 20.4 61.2  0.0  0.0 20.4  0.0
  0.0  0.0  0.0  0.0  0.0  0.0  0.0 20.4  0.0 20.4  0.0 20.4  0.0  0.0  0.0
     -9.22     -0.61      0.97     -6.61      2.56  0.0  0.0  0.0  0.0  0.0
                                    t000287_s14_p1_el2ap.txt 15.5  4.8   73
  0.0  0.0  0.0 13.7  0.0  0.0  0.0  0.0  0.0  0.0  0.0  0.0  0.0  0.0  0.0
  0.0  0.0  0.0 13.7  0.0  0.0424.7150.7 68.5 41.1  0.0  0.0  0.0  0.0  0.0
  0.0  0.0  0.0  0.0 13.7 13.7  0.0  0.0  0.0  0.0  0.0  0.0  0.0 41.1  0.0
  0.0 13.7  0.0  0.0  0.0  0.0 27.4 41.1  0.0  0.0109.6  0.0  0.0 54.8  0.0
  0.0  0.0  0.0  0.0  0.0  0.0  0.0  0.0  0.0  0.0  0.0  0.0  0.0  0.0  0.0
  0.0  0.0  0.0  0.0  0.0  0.0  0.0  0.0  0.0  0.0  0.0  0.0  0.0  0.0  0.0
  0.0  0.0  0.0  0.0  0.0  0.0  0.0  0.0  0.0  0.0  0.0  0.0  0.0  0.0  0.0
  0.0  0.0  0.0  0.0  0.0  0.0  0.0  0.0  0.0  0.0  0.0  0.0  0.0  0.0  0.0
  0.0  0.0  0.0  0.0  0.0  0.0  0.0 13.7 41.1  0.0  0.0 13.7  0.0 13.7  0.0
  0.0  0.0  0.0  0.0  0.0 13.7  0.0 13.7  0.0  0.0  0.0  0.0 13.7  0.0  0.0
    -29.10     -4.38     -3.83     -6.61      2.60  0.0  0.0  0.0  0.0  0.0
                                    t000287_s14_p2_el2ap.txt 12.8  5.6   62
  0.0  0.0  0.0  0.0  0.0  0.0  0.0  0.0  0.0  0.0  0.0  0.0  0.0  0.0  0.0
  0.0  0.0  0.0  0.0  0.0  0.0403.2 80.6129.0 80.6  0.0  0.0 16.1  0.0  0.0
  0.0  0.0  0.0 16.1  0.0  0.0 16.1  0.0  0.0  0.0  0.0  0.0  0.0 16.1  0.0
  0.0 16.1  0.0  0.0  0.0  0.0 16.1 16.1  0.0  0.0129.0  0.0  0.0 96.8  0.0
  0.0  0.0  0.0  0.0  0.0  0.0  0.0  0.0  0.0  0.0  0.0  0.0  0.0  0.0  0.0
  0.0  0.0  0.0  0.0  0.0  0.0  0.0  0.0  0.0  0.0  0.0  0.0  0.0  0.0  0.0
  0.0  0.0 16.1  0.0  0.0  0.0  0.0  0.0  0.0  0.0  0.0  0.0  0.0  0.0  0.0
  0.0  0.0  0.0  0.0 16.1  0.0 16.1  0.0  0.0  0.0  0.0  0.0  0.0  0.0  0.0
  0.0  0.0  0.0  0.0  0.0  0.0  0.0 16.1 16.1  0.0  0.0 16.1  0.0 16.1  0.0
  0.0  0.0  0.0  0.0  0.0  0.0  0.0 32.3  0.0  0.0  0.0  0.0  0.0  0.0  0.0
    -34.12     -0.09     -3.63     -6.61     -1.18  0.0  0.0  0.0  0.0  0.0
                                    t000287_s14_p3_el2ap.txt  9.3  5.1   43
  0.0  0.0  0.0 23.3  0.0  0.0  0.0  0.0  0.0  0.0  0.0  0.0  0.0  0.0  0.0
  0.0  0.0  0.0  0.0  0.0  0.0465.1 46.5  0.0 69.8  0.0  0.0 23.3  0.0 23.3
  0.0  0.0  0.0  0.0  0.0  0.0 23.3  0.0  0.0  0.0 23.3  0.0  0.0 46.5  0.0
  0.0  0.0  0.0  0.0  0.0 23.3  0.0 46.5  0.0 23.3  0.0  0.0  0.0139.5 23.3
  0.0  0.0  0.0  0.0  0.0  0.0  0.0  0.0  0.0  0.0  0.0  0.0  0.0  0.0  0.0
  0.0  0.0  0.0  0.0  0.0  0.0  0.0  0.0  0.0  0.0  0.0  0.0  0.0  0.0  0.0
  0.0  0.0  0.0  0.0  0.0  0.0  0.0  0.0  0.0  0.0  0.0  0.0  0.0  0.0  0.0
  0.0  0.0  0.0  0.0  0.0  0.0  0.0  0.0  0.0  0.0  0.0  0.0  0.0  0.0  0.0
  0.0  0.0  0.0  0.0  0.0  0.0  0.0  0.0 23.3  0.0  0.0 23.3  0.0  0.0  0.0
  0.0  0.0  0.0  0.0  0.0  0.0  0.0  0.0  0.0 23.3  0.0  0.0 23.3  0.0  0.0
    -25.79      0.87     12.60      4.47      3.42  0.0  0.0  0.0  0.0  0.0
                                    t000287_s20_p1_el2ap.txt 13.5  4.0   76
  0.0  0.0  0.0 26.3  0.0  0.0  0.0  0.0  0.0  0.0  0.0  0.0  0.0  0.0 13.2
  0.0  0.0  0.0 13.2  0.0  0.0236.8144.7 26.3 52.6 13.2  0.0  0.0  0.0  0.0
  0.0  0.0  0.0 13.2 26.3 13.2  0.0  0.0  0.0  0.0  0.0  0.0  0.0  0.0  0.0
 13.2  0.0  0.0 13.2  0.0  0.0 13.2 13.2  0.0  0.0 65.8 13.2 13.2 92.1  0.0
  0.0  0.0  0.0  0.0  0.0  0.0  0.0  0.0  0.0  0.0  0.0  0.0  0.0  0.0  0.0
  0.0  0.0  0.0  0.0  0.0  0.0  0.0  0.0  0.0  0.0  0.0  0.0  0.0  0.0  0.0
  0.0  0.0  0.0  0.0  0.0  0.0  0.0  0.0  0.0  0.0  0.0  0.0  0.0  0.0  0.0
  0.0  0.0  0.0  0.0  0.0  0.0  0.0  0.0  0.0  0.0  0.0  0.0  0.0  0.0  0.0
  0.0  0.0  0.0  0.0  0.0  0.0  0.0 13.2 13.2  0.0  0.0  0.0  0.0  0.0  0.0
  0.0  0.0  0.0  0.0  0.0 13.2  0.0  0.0  0.0  0.0  0.0  0.0 13.2  0.0  0.0
     -8.84     -3.41    -11.27     -6.61      0.62  0.0  0.0  0.0  0.0  0.0
                                    t000287_s20_p2_el2ap.txt 10.0  4.4   57
  0.0  0.0  0.0 35.1  0.0  0.0  0.0  0.0  0.0  0.0  0.0  0.0  0.0  0.0  0.0
  0.0  0.0  0.0  0.0  0.0  0.0315.8 70.2105.3 17.5  0.0  0.0  0.0  0.0  0.0
  0.0  0.0  0.0  0.0  0.0 35.1 17.5  0.0  0.0  0.0 17.5  0.0  0.0  0.0  0.0
  0.0  0.0  0.0 17.5  0.0 17.5  0.0  0.0  0.0  0.0157.9  0.0 35.1 70.2  0.0
  0.0  0.0  0.0  0.0  0.0  0.0  0.0  0.0  0.0  0.0  0.0  0.0  0.0  0.0  0.0
  0.0  0.0  0.0  0.0  0.0  0.0  0.0  0.0  0.0  0.0  0.0  0.0  0.0  0.0  0.0
  0.0  0.0  0.0  0.0  0.0  0.0  0.0  0.0  0.0  0.0  0.0  0.0  0.0  0.0  0.0
  0.0  0.0  0.0  0.0  0.0  0.0  0.0  0.0  0.0  0.0  0.0  0.0  0.0  0.0  0.0
  0.0  0.0  0.0  0.0  0.0  0.0  0.0  0.0 17.5  0.0  0.0 17.5  0.0 17.5  0.0
  0.0  0.0  0.0  0.0  0.0  0.0  0.0  0.0  0.0  0.0  0.0  0.0  0.0  0.0  0.0
    -25.94     -5.15     -1.02      1.75     -3.63  0.0  0.0  0.0  0.0  0.0
                                     t000287_s4_p1_el2ap.txt 11.8  5.0   60
  0.0  0.0  0.0 50.0  0.0  0.0 16.7  0.0  0.0  0.0  0.0  0.0  0.0  0.0  0.0
  0.0  0.0 16.7  0.0  0.0  0.0233.3 83.3 33.3 50.0 16.7  0.0  0.0 16.7 33.3
  0.0 16.7  0.0  0.0  0.0 66.7 16.7  0.0  0.0  0.0  0.0 16.7  0.0  0.0  0.0
  0.0  0.0  0.0  0.0  0.0 16.7 16.7  0.0  0.0 50.0100.0 16.7  0.0116.7  0.0
  0.0  0.0  0.0  0.0  0.0  0.0  0.0  0.0  0.0  0.0  0.0  0.0  0.0  0.0  0.0
  0.0  0.0  0.0  0.0  0.0  0.0  0.0  0.0  0.0  0.0  0.0  0.0  0.0  0.0  0.0
  0.0  0.0  0.0  0.0  0.0  0.0  0.0  0.0 16.7 16.7  0.0  0.0  0.0  0.0  0.0
  0.0  0.0  0.0  0.0  0.0 16.7 33.3  0.0  0.0  0.0  0.0  0.0  0.0  0.0  0.0
  0.0  0.0  0.0  0.0  0.0  0.0  0.0  0.0 33.3  0.0 50.0 16.7  0.0  0.0  0.0
  0.0  0.0  0.0  0.0  0.0  0.0  0.0 50.0 16.7  0.0  0.0  0.0  0.0  0.0  0.0
    -13.10     -3.34     29.83      0.06     -3.63 16.7  0.0  0.0  0.0  0.0
                                     t000287_s4_p2_el2ap.txt 15.5  5.3   78
 12.8  0.0  0.0115.4  0.0  0.0 12.8  0.0  0.0 25.6 12.8  0.0  0.0  0.0  0.0
  0.0  0.0  0.0  0.0  0.0  0.0282.1115.4 51.3  0.0  0.0  0.0  0.0  0.0 12.8
  0.0  0.0  0.0  0.0  0.0 12.8 12.8 12.8 12.8  0.0  0.0 12.8  0.0 12.8  0.0
  0.0  0.0 12.8  0.0  0.0 12.8  0.0 12.8  0.0 12.8 76.9  0.0  0.0153.8 12.8
  0.0  0.0  0.0  0.0  0.0  0.0  0.0  0.0  0.0  0.0  0.0  0.0  0.0  0.0  0.0
  0.0  0.0  0.0  0.0 12.8  0.0  0.0  0.0  0.0  0.0  0.0  0.0  0.0  0.0  0.0
  0.0  0.0 12.8  0.0 12.8  0.0  0.0  0.0  0.0  0.0  0.0  0.0  0.0  0.0  0.0
 12.8  0.0  0.0 12.8 12.8 12.8 25.6  0.0  0.0  0.0  0.0  0.0  0.0  0.0  0.0
  0.0  0.0  0.0  0.0  0.0  0.0  0.0  0.0 12.8  0.0 12.8 12.8  0.0 12.8  0.0
 12.8  0.0  0.0  0.0  0.0  0.0 12.8 25.6  0.0  0.0 38.5  0.0  0.0  0.0  0.0
    -14.95     -5.73      6.66      5.71     -1.68 12.8  0.0  0.0  0.0  0.0
                                     t000287_s4_p3_el2ap.txt  6.0  5.2   25
  0.0  0.0  0.0 80.0  0.0  0.0  0.0 40.0  0.0  0.0  0.0  0.0  0.0  0.0  0.0
  0.0  0.0  0.0  0.0  0.0  0.0280.0160.0120.0  0.0  0.0  0.0  0.0  0.0  0.0
  0.0  0.0  0.0  0.0  0.0120.0  0.0  0.0  0.0  0.0  0.0  0.0  0.0  0.0  0.0
  0.0  0.0  0.0  0.0  0.0  0.0  0.0  0.0  0.0  0.0160.0  0.0  0.0120.0  0.0
  0.0  0.0  0.0  0.0  0.0  0.0  0.0  0.0  0.0  0.0  0.0  0.0  0.0  0.0  0.0
  0.0  0.0  0.0  0.0  0.0  0.0  0.0  0.0  0.0  0.0  0.0  0.0  0.0  0.0  0.0
  0.0  0.0  0.0  0.0  0.0  0.0  0.0  0.0  0.0  0.0 40.0  0.0  0.0  0.0  0.0
  0.0  0.0  0.0  0.0  0.0  0.0  0.0 40.0  0.0  0.0  0.0  0.0  0.0  0.0  0.0
  0.0  0.0  0.0  0.0  0.0  0.0  0.0  0.0  0.0  0.0 80.0  0.0  0.0  0.0 40.0
  0.0  0.0  0.0  0.0  0.0  0.0 40.0  0.0  0.0 40.0  0.0  0.0  0.0  0.0  0.0
    -20.41     -5.73     -5.84     -6.61     -3.63  0.0  0.0  0.0  0.0  0.0
                                     t000287_s4_p4_el2ap.txt  8.0  5.8   34
  0.0  0.0  0.0 88.2  0.0  0.0  0.0  0.0  0.0 58.8  0.0  0.0  0.0  0.0 29.4
  0.0  0.0  0.0  0.0  0.0  0.0352.9117.6117.6  0.0  0.0  0.0  0.0  0.0  0.0
  0.0  0.0  0.0  0.0  0.0 29.4  0.0  0.0  0.0  0.0  0.0  0.0  0.0  0.0  0.0
  0.0 29.4  0.0  0.0  0.0  0.0 29.4  0.0  0.0  0.0147.1  0.0  0.0117.6 29.4
  0.0  0.0  0.0  0.0  0.0  0.0  0.0  0.0  0.0  0.0  0.0  0.0  0.0  0.0  0.0
  0.0  0.0  0.0  0.0  0.0  0.0  0.0  0.0  0.0  0.0  0.0  0.0  0.0  0.0  0.0
  0.0  0.0  0.0  0.0  0.0  0.0  0.0  0.0  0.0  0.0  0.0  0.0  0.0  0.0  0.0
  0.0  0.0  0.0  0.0  0.0  0.0  0.0  0.0  0.0  0.0  0.0  0.0  0.0  0.0  0.0
  0.0  0.0  0.0  0.0  0.0  0.0  0.0  0.0 29.4 29.4 29.4  0.0  0.0  0.0 29.4
  0.0 29.4  0.0  0.0  0.0  0.0  0.0 29.4  0.0  0.0 29.4  0.0  0.0  0.0  0.0
     -0.60     -5.73     -0.70     -6.61     -3.63  0.0  0.0  0.0  0.0  0.0
                                     t000287_s4_p5_el2ap.txt  8.8  5.1   37
  0.0  0.0  0.0 54.1  0.0  0.0  0.0  0.0  0.0 27.0  0.0  0.0  0.0  0.0  0.0
  0.0  0.0 27.0  0.0  0.0  0.0378.4 81.1  0.0 27.0  0.0 27.0 27.0  0.0  0.0
  0.0  0.0  0.0  0.0  0.0 27.0 27.0  0.0  0.0  0.0  0.0 27.0  0.0 27.0  0.0
  0.0  0.0  0.0  0.0  0.0 27.0  0.0 27.0  0.0  0.0  0.0  0.0  0.0135.1  0.0
  0.0  0.0  0.0  0.0  0.0  0.0  0.0  0.0  0.0  0.0  0.0  0.0  0.0  0.0  0.0
  0.0  0.0  0.0  0.0  0.0  0.0  0.0  0.0  0.0  0.0  0.0  0.0  0.0  0.0  0.0
  0.0  0.0  0.0  0.0  0.0  0.0  0.0  0.0  0.0  0.0  0.0  0.0  0.0  0.0  0.0
  0.0  0.0  0.0  0.0  0.0  0.0  0.0  0.0  0.0  0.0  0.0  0.0  0.0  0.0  0.0
  0.0  0.0  0.0  0.0  0.0  0.0  0.0 27.0 27.0  0.0 27.0  0.0  0.0  0.0  0.0
  0.0  0.0  0.0  0.0  0.0  0.0  0.0  0.0  0.0  0.0  0.0  0.0  0.0  0.0  0.0
    -12.07      5.36     -0.56      4.21      0.47  0.0  0.0  0.0  0.0  0.0
                                     t000287_s8_p1_el2ap.txt 11.3  5.8   54
 18.5  0.0  0.0 74.1  0.0  0.0  0.0  0.0  0.0 18.5  0.0  0.0  0.0  0.0  0.0
  0.0  0.0  0.0 18.5  0.0  0.0370.4 74.1 92.6 18.5  0.0 18.5  0.0  0.0  0.0
  0.0 18.5  0.0  0.0  0.0  0.0  0.0  0.0  0.0  0.0  0.0  0.0  0.0  0.0  0.0
  0.0  0.0  0.0  0.0 18.5  0.0 37.0  0.0  0.0  0.0148.1  0.0  0.0111.1 18.5
  0.0  0.0  0.0  0.0  0.0  0.0  0.0  0.0  0.0  0.0  0.0  0.0  0.0  0.0  0.0
  0.0  0.0  0.0  0.0  0.0  0.0  0.0  0.0  0.0  0.0  0.0  0.0  0.0  0.0  0.0
  0.0  0.0  0.0  0.0  0.0  0.0  0.0  0.0  0.0  0.0 18.5  0.0  0.0  0.0  0.0
  0.0  0.0  0.0  0.0  0.0  0.0  0.0 18.5  0.0  0.0  0.0  0.0  0.0  0.0  0.0
  0.0  0.0  0.0  0.0  0.0  0.0  0.0  0.0  0.0  0.0 55.6  0.0  0.0  0.0  0.0
  0.0  0.0  0.0  0.0  0.0  0.0  0.0 18.5  0.0 18.5  0.0  0.0  0.0  0.0  0.0
    -20.96     -1.56      7.83     -6.61     -3.63  0.0  0.0  0.0  0.0  0.0
                                     t000287_s8_p2_el2ap.txt 11.3  5.2   57
 17.5  0.0  0.0 87.7  0.0  0.0  0.0  0.0  0.0  0.0  0.0  0.0  0.0  0.0  0.0
  0.0  0.0  0.0  0.0  0.0  0.0368.4 52.6 35.1 17.5  0.0 17.5 17.5  0.0  0.0
  0.0  0.0  0.0  0.0  0.0 17.5  0.0  0.0  0.0  0.0  0.0  0.0  0.0 17.5  0.0
  0.0  0.0 17.5  0.0  0.0  0.0  0.0 17.5  0.0  0.0 52.6  0.0  0.0140.4 17.5
  0.0  0.0  0.0  0.0  0.0  0.0  0.0  0.0  0.0  0.0  0.0  0.0  0.0  0.0  0.0
  0.0  0.0  0.0  0.0  0.0  0.0 17.5  0.0  0.0  0.0  0.0  0.0  0.0  0.0  0.0
  0.0  0.0  0.0  0.0  0.0  0.0  0.0  0.0  0.0  0.0  0.0  0.0  0.0  0.0  0.0
 17.5  0.0  0.0 17.5  0.0  0.0  0.0  0.0  0.0  0.0  0.0  0.0  0.0  0.0  0.0
  0.0  0.0  0.0  0.0  0.0  0.0  0.0  0.0  0.0  0.0 17.5  0.0 17.5  0.0  0.0
  0.0  0.0  0.0  0.0  0.0  0.0 17.5  0.0 17.5 17.5  0.0  0.0 35.1  0.0  0.0
    -21.70      1.47     -0.02     -6.61     -0.97 17.5  0.0  0.0  0.0  0.0
                                     t000287_s8_p3_el2ap.txt 11.5  5.5   48
  0.0  0.0  0.0 41.7  0.0  0.0  0.0  0.0  0.0  0.0  0.0  0.0  0.0  0.0  0.0
  0.0  0.0  0.0  0.0  0.0  0.0500.0125.0  0.0 20.8  0.0  0.0  0.0  0.0  0.0
  0.0  0.0  0.0  0.0  0.0 62.5  0.0  0.0  0.0  0.0  0.0  0.0 20.8 20.8  0.0
  0.0  0.0  0.0  0.0  0.0  0.0  0.0 20.8  0.0  0.0 20.8  0.0  0.0 83.3 20.8
  0.0  0.0  0.0  0.0  0.0  0.0  0.0  0.0  0.0  0.0  0.0  0.0  0.0  0.0  0.0
  0.0  0.0  0.0  0.0  0.0  0.0  0.0  0.0  0.0  0.0  0.0  0.0  0.0  0.0  0.0
  0.0  0.0  0.0  0.0  0.0  0.0  0.0  0.0  0.0  0.0  0.0  0.0  0.0  0.0  0.0
  0.0  0.0  0.0  0.0  0.0  0.0  0.0  0.0  0.0  0.0  0.0  0.0  0.0  0.0  0.0
  0.0  0.0  0.0  0.0  0.0  0.0  0.0  0.0  0.0  0.0 20.8  0.0 20.8  0.0  0.0
  0.0  0.0  0.0  0.0  0.0  0.0  0.0  0.0  0.0 20.8  0.0  0.0  0.0  0.0  0.0
    -30.17     -5.04     -2.58     -6.61     12.55  0.0  0.0  0.0  0.0  0.0
                                     t000287_s8_p4_el2ap.txt 17.0  5.1   81
  0.0  0.0  0.0 86.4  0.0  0.0 12.3  0.0  0.0 12.3  0.0  0.0  0.0  0.0  0.0
  0.0  0.0 12.3 12.3  0.0  0.0296.3160.5 49.4 24.7  0.0 37.0 12.3  0.0 12.3
  0.0  0.0  0.0 12.3  0.0 37.0  0.0  0.0  0.0  0.0  0.0 37.0  0.0 12.3 12.3
  0.0  0.0  0.0  0.0  0.0 12.3 12.3 24.7  0.0 12.3 49.4  0.0  0.0111.1  0.0
  0.0  0.0  0.0  0.0  0.0  0.0  0.0  0.0  0.0  0.0  0.0  0.0  0.0  0.0  0.0
  0.0  0.0  0.0  0.0  0.0  0.0  0.0  0.0  0.0  0.0  0.0  0.0  0.0  0.0  0.0
  0.0  0.0  0.0  0.0  0.0  0.0  0.0  0.0  0.0  0.0  0.0  0.0  0.0  0.0  0.0
  0.0  0.0  0.0  0.0  0.0  0.0  0.0  0.0  0.0  0.0  0.0  0.0  0.0  0.0  0.0
  0.0  0.0  0.0  0.0  0.0  0.0  0.0  0.0 12.3  0.0  0.0  0.0 24.7  0.0  0.0
  0.0 12.3  0.0  0.0  0.0  0.0  0.0 24.7 12.3  0.0  0.0 12.3  0.0  0.0  0.0
    -15.78      4.49      1.51      8.21      7.74  0.0  0.0  0.0  0.0  0.0
                                     t000287_s8_p5_el2ap.txt  9.3  5.6   46
  0.0  0.0  0.0108.7  0.0  0.0  0.0  0.0  0.0  0.0  0.0  0.0  0.0  0.0  0.0
  0.0  0.0  0.0  0.0  0.0  0.0347.8108.7 43.5  0.0  0.0 21.7  0.0  0.0  0.0
  0.0  0.0  0.0  0.0  0.0  0.0 43.5  0.0  0.0  0.0  0.0  0.0  0.0  0.0  0.0
  0.0  0.0  0.0  0.0 21.7  0.0  0.0  0.0  0.0  0.0 87.0  0.0  0.0173.9  0.0
  0.0  0.0  0.0  0.0  0.0  0.0  0.0  0.0  0.0  0.0  0.0  0.0  0.0  0.0  0.0
  0.0  0.0  0.0 21.7  0.0  0.0  0.0  0.0  0.0  0.0  0.0  0.0  0.0  0.0  0.0
  0.0 21.7 21.7  0.0  0.0  0.0  0.0  0.0  0.0  0.0  0.0  0.0  0.0  0.0  0.0
 21.7  0.0  0.0 21.7 43.5  0.0 43.5  0.0  0.0  0.0  0.0  0.0  0.0  0.0  0.0
  0.0  0.0  0.0  0.0  0.0  0.0  0.0  0.0 21.7  0.0 21.7  0.0  0.0  0.0  0.0
  0.0  0.0  0.0  0.0  0.0  0.0  0.0 21.7  0.0  0.0  0.0  0.0  0.0  0.0  0.0
    -25.83     -1.55      0.97     -6.61     -3.63  0.0  0.0  0.0  0.0  0.0
                                     t000288_s1_p1_el2ap.txt 36.5  5.5  234
 12.8  0.0  0.0 85.5  0.0  0.0  0.0  0.0  4.3  4.3  0.0  0.0  0.0  0.0  0.0
  4.3  0.0  8.5  0.0  0.0  0.0337.6123.9 85.5  4.3  0.0  4.3  0.0  0.0  0.0
  0.0  0.0  0.0  0.0  0.0 38.5 17.1  0.0  0.0  0.0  8.5  4.3  4.3  8.5  0.0
  4.3  0.0  4.3  4.3  4.3 17.1  0.0 12.8  0.0  0.0106.8  4.3  0.0102.6  4.3
  0.0  0.0  0.0  0.0  0.0  0.0  0.0  0.0  0.0  0.0  0.0  0.0  0.0  0.0  0.0
  0.0  0.0  0.0  0.0  0.0  0.0  4.3  0.0  0.0  0.0  0.0  0.0  0.0  0.0  0.0
  0.0  4.3  0.0  0.0  0.0  0.0  0.0  0.0  0.0  0.0  0.0  0.0  0.0  0.0  0.0
  4.3  0.0  0.0  4.3  4.3  0.0  4.3  0.0  0.0  0.0  0.0  0.0  0.0  0.0  0.0
  0.0  0.0  0.0  0.0  0.0  0.0  0.0  4.3 12.8  8.5 25.6 12.8 12.8  4.3  8.5
  4.3  4.3  0.0  0.0  0.0  0.0  4.3  8.5  4.3  8.5  0.0  0.0  0.0 12.8  0.0
    -22.77     -4.77     -1.21     -0.83      1.72  0.0  0.0  0.0  0.0  0.0
                                    t000288_s13_p1_el2ap.txt 14.3  5.2   73
  0.0  0.0  0.0 13.7  0.0  0.0  0.0  0.0  0.0 13.7  0.0  0.0  0.0  0.0  0.0
  0.0  0.0  0.0  0.0  0.0  0.0328.8150.7109.6 82.2  0.0  0.0 13.7  0.0  0.0
 13.7 27.4  0.0  0.0  0.0 27.4  0.0  0.0  0.0  0.0  0.0  0.0 13.7 41.1  0.0
  0.0  0.0 13.7  0.0 13.7  0.0 27.4 41.1  0.0 13.7137.0  0.0  0.0109.6  0.0
  0.0  0.0  0.0  0.0  0.0  0.0  0.0  0.0  0.0  0.0  0.0  0.0  0.0  0.0  0.0
  0.0  0.0  0.0 13.7  0.0  0.0  0.0  0.0  0.0  0.0  0.0  0.0  0.0  0.0  0.0
  0.0  0.0  0.0  0.0  0.0  0.0  0.0  0.0  0.0  0.0  0.0  0.0  0.0  0.0  0.0
 13.7  0.0  0.0 13.7  0.0  0.0  0.0  0.0  0.0  0.0  0.0  0.0  0.0  0.0  0.0
  0.0  0.0  0.0  0.0  0.0  0.0  0.0  0.0  0.0 13.7 41.1  0.0  0.0  0.0 13.7
 13.7  0.0 41.1  0.0  0.0  0.0 13.7  0.0 13.7  0.0  0.0 27.4  0.0 13.7  0.0
    -30.30     -0.49     22.02     -6.61     11.16  0.0  0.0  0.0  0.0  0.0
                                   t000288_s13_p10_el2ap.txt 10.3  5.6   50
  0.0  0.0  0.0 20.0  0.0  0.0  0.0  0.0  0.0 40.0  0.0  0.0  0.0  0.0  0.0
  0.0  0.0  0.0 20.0  0.0  0.0480.0100.0 20.0 20.0  0.0 20.0  0.0  0.0 20.0
  0.0  0.0  0.0  0.0  0.0  0.0  0.0  0.0  0.0  0.0  0.0  0.0  0.0 20.0  0.0
 20.0  0.0 20.0  0.0  0.0  0.0 20.0 40.0  0.0 20.0 40.0  0.0  0.0 60.0  0.0
  0.0  0.0  0.0  0.0  0.0  0.0  0.0  0.0  0.0  0.0  0.0  0.0  0.0  0.0  0.0
  0.0  0.0  0.0  0.0  0.0  0.0  0.0  0.0  0.0  0.0  0.0  0.0  0.0  0.0  0.0
  0.0  0.0  0.0  0.0  0.0  0.0  0.0  0.0  0.0  0.0  0.0  0.0  0.0  0.0  0.0
  0.0  0.0  0.0  0.0  0.0  0.0  0.0  0.0  0.0  0.0  0.0  0.0  0.0  0.0  0.0
  0.0  0.0  0.0  0.0  0.0  0.0  0.0  0.0 40.0  0.0 40.0  0.0  0.0  0.0  0.0
  0.0  0.0  0.0  0.0  0.0  0.0  0.0  0.0  0.0 20.0  0.0  0.0 20.0  0.0  0.0
    -20.77     -1.22     10.97     -6.61      5.86  0.0  0.0  0.0  0.0  0.0
                                   t000288_s13_p11_el2ap.txt 16.5  6.2   89
  0.0  0.0  0.0 56.2  0.0  0.0  0.0  0.0  0.0  0.0  0.0  0.0  0.0  0.0  0.0
  0.0  0.0 11.2 22.5  0.0  0.0584.3157.3 22.5  0.0  0.0  0.0  0.0  0.0  0.0
  0.0  0.0  0.0  0.0  0.0 11.2  0.0  0.0  0.0  0.0  0.0 11.2  0.0  0.0  0.0
  0.0  0.0  0.0  0.0  0.0 11.2 22.5  0.0  0.0  0.0 22.5  0.0 11.2 56.2  0.0
  0.0  0.0  0.0  0.0  0.0  0.0  0.0  0.0  0.0  0.0  0.0  0.0  0.0  0.0  0.0
  0.0  0.0  0.0  0.0  0.0  0.0  0.0  0.0  0.0  0.0  0.0  0.0  0.0  0.0  0.0
  0.0  0.0  0.0  0.0  0.0  0.0  0.0  0.0  0.0  0.0  0.0  0.0  0.0  0.0  0.0
  0.0  0.0  0.0  0.0  0.0  0.0  0.0  0.0  0.0  0.0  0.0  0.0  0.0  0.0  0.0
  0.0  0.0  0.0  0.0  0.0  0.0  0.0  0.0 44.9  0.0 11.2  0.0 44.9  0.0  0.0
  0.0  0.0 11.2  0.0  0.0  0.0  0.0  0.0  0.0  0.0  0.0  0.0 22.5  0.0  0.0
    -28.61     -5.73      0.34     -2.11     -3.63  0.0  0.0  0.0  0.0  0.0
                                   t000288_s13_p12_el2ap.txt 13.8  5.5   73
 13.7  0.0  0.0 54.8  0.0  0.0  0.0  0.0  0.0  0.0  0.0  0.0  0.0  0.0  0.0
  0.0  0.0  0.0  0.0  0.0  0.0424.7150.7 41.1 54.8  0.0  0.0  0.0  0.0  0.0
  0.0  0.0  0.0  0.0  0.0 13.7  0.0  0.0  0.0  0.0  0.0  0.0  0.0  0.0  0.0
  0.0  0.0  0.0  0.0  0.0  0.0  0.0  0.0  0.0  0.0 68.5  0.0  0.0 95.9  0.0
  0.0  0.0  0.0  0.0  0.0  0.0  0.0  0.0  0.0  0.0  0.0  0.0  0.0  0.0  0.0
  0.0  0.0  0.0  0.0  0.0  0.0  0.0  0.0  0.0  0.0  0.0  0.0  0.0  0.0  0.0
  0.0  0.0  0.0  0.0  0.0  0.0  0.0  0.0  0.0  0.0  0.0  0.0  0.0  0.0  0.0
  0.0  0.0  0.0  0.0  0.0  0.0  0.0  0.0  0.0  0.0  0.0  0.0  0.0  0.0  0.0
  0.0  0.0  0.0  0.0  0.0  0.0  0.0  0.0 41.1  0.0 54.8  0.0  0.0  0.0  0.0
  0.0  0.0  0.0  0.0  0.0  0.0  0.0 13.7  0.0  0.0  0.0  0.0 13.7  0.0  0.0
    -29.55     -3.93      0.20     -6.61     -3.63  0.0  0.0  0.0  0.0  0.0
                                   t000288_s13_p13_el2ap.txt 11.5  5.8   56
  0.0  0.0  0.0 89.3  0.0  0.0  0.0  0.0  0.0  0.0 17.9  0.0  0.0  0.0  0.0
  0.0  0.0 35.7  0.0  0.0  0.0375.0160.7 71.4  0.0  0.0  0.0  0.0  0.0  0.0
  0.0  0.0  0.0  0.0  0.0 53.6  0.0  0.0  0.0  0.0 35.7  0.0 17.9 17.9  0.0
  0.0  0.0  0.0  0.0  0.0 71.4  0.0 17.9  0.0  0.0 71.4  0.0 17.9 89.3  0.0
  0.0  0.0  0.0  0.0  0.0  0.0  0.0  0.0  0.0  0.0  0.0  0.0  0.0  0.0  0.0
  0.0  0.0  0.0  0.0  0.0  0.0  0.0  0.0  0.0  0.0  0.0  0.0  0.0 17.9  0.0
  0.0  0.0  0.0  0.0  0.0  0.0  0.0  0.0  0.0  0.0  0.0  0.0  0.0  0.0  0.0
  0.0  0.0 17.9 17.9  0.0  0.0  0.0  0.0  0.0  0.0  0.0  0.0  0.0  0.0  0.0
  0.0  0.0  0.0  0.0  0.0  0.0  0.0  0.0  0.0 17.9 35.7 17.9  0.0  0.0  0.0
  0.0  0.0  0.0  0.0  0.0  0.0  0.0 17.9  0.0 17.9  0.0  0.0  0.0  0.0  0.0
    -19.16     -5.73     -2.07     10.40     10.24  0.0  0.0  0.0  0.0  0.0
                                   t000288_s13_p14_el2ap.txt 32.3  5.3  187
  0.0  0.0  0.0 58.8  0.0  0.0  0.0  0.0  0.0  5.3  0.0  0.0  0.0  0.0  0.0
  0.0  0.0  0.0 21.4  0.0  0.0304.8101.6 69.5 53.5  5.3 10.7  5.3  0.0 10.7
  0.0  0.0  0.0  0.0  0.0 42.8 16.0  0.0  5.3  5.3  0.0  0.0  5.3 10.7  0.0
 10.7 10.7  0.0  0.0  5.3  0.0 37.4 21.4  0.0 10.7 90.9  5.3  0.0112.3 10.7
  0.0  0.0  0.0  0.0  0.0  0.0  0.0  0.0  0.0  0.0  0.0  0.0  0.0  0.0  0.0
  0.0  0.0  0.0  0.0  0.0  0.0  0.0  0.0  0.0  0.0  0.0  0.0  0.0  0.0  0.0
  0.0  0.0  0.0  0.0  0.0  0.0  0.0  0.0  0.0  0.0  0.0  0.0  0.0  0.0  0.0
  0.0  0.0  0.0  0.0  0.0  0.0  0.0  0.0  0.0  0.0  0.0  0.0  0.0  0.0  0.0
  0.0  0.0  0.0  0.0  0.0  0.0  0.0  0.0 32.1  5.3  5.3  0.0  0.0  0.0  0.0
  0.0  0.0  0.0  0.0  5.3 16.0  0.0 32.1  5.3  5.3  0.0  0.0  5.3  0.0  0.0
    -21.39     -0.68      3.89     -2.45      4.79  5.3  0.0  0.0  0.0  0.0
                                   t000288_s13_p15_el2ap.txt 17.0  5.5   87
 11.5  0.0  0.0103.4  0.0  0.0 11.5  0.0  0.0  0.0  0.0  0.0  0.0  0.0  0.0
  0.0  0.0 11.5  0.0  0.0  0.0333.3137.9 92.0  0.0  0.0  0.0 11.5  0.0 11.5
  0.0  0.0  0.0  0.0  0.0 11.5  0.0  0.0  0.0  0.0  0.0  0.0 11.5  0.0  0.0
  0.0  0.0  0.0  0.0 11.5 11.5  0.0  0.0  0.0 11.5103.4  0.0 11.5103.4  0.0
 11.5  0.0  0.0  0.0  0.0  0.0  0.0  0.0  0.0  0.0  0.0  0.0  0.0  0.0  0.0
  0.0  0.0  0.0  0.0  0.0  0.0  0.0  0.0  0.0  0.0  0.0  0.0  0.0  0.0  0.0
  0.0  0.0  0.0  0.0  0.0  0.0  0.0  0.0  0.0  0.0  0.0  0.0  0.0  0.0  0.0
  0.0  0.0  0.0  0.0  0.0  0.0  0.0  0.0  0.0  0.0  0.0  0.0  0.0  0.0  0.0
  0.0  0.0  0.0  0.0  0.0  0.0  0.0  0.0 11.5  0.0 46.0  0.0  0.0  0.0 11.5
  0.0 11.5  0.0  0.0  0.0  0.0 11.5 11.5  0.0  0.0  0.0 11.5 11.5  0.0  0.0
    -22.46     -3.60      6.07     -6.61      3.56  0.0  0.0  0.0  0.0  0.0
                                   t000288_s13_p16_el2ap.txt 23.5  5.4  122
  8.2  0.0  0.0 82.0  0.0  0.0  0.0  0.0  0.0  8.2  0.0  0.0  0.0  0.0  0.0
  0.0  0.0 16.4  0.0  0.0  0.0319.7114.8 57.4  0.0  0.0  8.2  0.0  0.0  8.2
  0.0  0.0  0.0  0.0  8.2 49.2 24.6  8.2  0.0  0.0  0.0 16.4 16.4  8.2  0.0
  8.2  0.0  0.0  0.0 16.4 24.6  0.0 16.4  0.0  8.2 82.0  0.0  8.2123.0  8.2
  0.0  0.0  0.0  0.0  0.0  0.0  0.0  0.0  0.0  0.0  0.0  0.0  0.0  0.0  0.0
  0.0  0.0  0.0  8.2  0.0  0.0  0.0  0.0  0.0  0.0  0.0  0.0  0.0  0.0  0.0
  0.0  8.2  8.2  0.0  0.0  0.0  0.0  0.0  0.0  8.2  0.0  0.0  8.2  0.0  0.0
  8.2  0.0  0.0  8.2 16.4  0.0 24.6  8.2  0.0  0.0  0.0  0.0  0.0  0.0  0.0
  0.0  0.0  0.0  0.0  0.0  0.0  0.0  0.0  8.2  0.0 16.4  8.2  8.2  8.2  0.0
  0.0  8.2  0.0  0.0  0.0  0.0  0.0  0.0  8.2 16.4 16.4  8.2  0.0  0.0  0.0
    -19.86     -4.15     -0.13      1.90     10.51  0.0  0.0  0.0  0.0  0.0
                                   t000288_s13_p17_el2ap.txt 27.5  5.9  158
  6.3  0.0  0.0 57.0  0.0  0.0  0.0  0.0  0.0  6.3  0.0  0.0  0.0  0.0  0.0
  0.0  0.0  6.3  0.0  0.0  0.0386.1120.3 50.6  6.3 19.0  6.3  0.0  0.0  0.0
  0.0  6.3  0.0  0.0  0.0 44.3  6.3  0.0  0.0  0.0 12.7  6.3  0.0  6.3  0.0
  0.0 19.0  6.3  0.0  6.3 19.0 25.3  6.3  0.0  0.0 88.6 19.0  0.0 75.9  6.3
  0.0  0.0  0.0  0.0  0.0  0.0  0.0  0.0  0.0  0.0  0.0  0.0  0.0  0.0  0.0
  0.0  0.0  0.0  0.0  0.0  6.3  0.0  6.3  0.0  0.0  0.0  0.0  0.0  0.0  0.0
  0.0  0.0  0.0  0.0  0.0  0.0  0.0  0.0  6.3  0.0  0.0  0.0  0.0  0.0  0.0
  6.3  6.3  0.0 12.7  0.0  6.3  6.3  0.0  0.0  0.0  0.0  0.0  0.0  0.0  0.0
  0.0  0.0  0.0  0.0  0.0  0.0  0.0  6.3 12.7  0.0 69.6  0.0  0.0  6.3  0.0
  0.0  6.3  6.3  0.0  0.0  0.0 12.7 31.6  0.0  0.0  6.3  0.0  6.3  0.0  0.0
    -26.82     -3.46      0.80      1.95     -2.67  0.0  0.0  0.0  0.0  0.0
                                   t000288_s13_p18_el2ap.txt 27.0  5.6  167
  0.0  0.0  0.0 47.9  0.0  0.0 12.0  0.0  0.0  0.0 12.0  0.0  0.0  0.0  0.0
  6.0  0.0 12.0  0.0  0.0  0.0335.3137.7101.8  6.0  0.0  6.0  0.0  0.0  0.0
  0.0  0.0  0.0  0.0  0.0  6.0  6.0  0.0  0.0  0.0  6.0  0.0  0.0 12.0  6.0
  6.0  0.0  0.0  6.0  6.0 18.0  0.0 24.0  0.0  0.0149.7  0.0  6.0 77.8  0.0
  0.0  0.0  0.0  0.0  0.0  0.0  0.0  0.0  0.0  0.0  0.0  0.0  0.0  0.0  0.0
  0.0  0.0  0.0  0.0  0.0  0.0  0.0  0.0  0.0  0.0  0.0  0.0  0.0  0.0  0.0
  0.0  0.0  0.0  0.0  0.0  6.0  0.0  0.0  0.0  0.0  0.0  0.0  0.0  0.0  0.0
  0.0  0.0  0.0  0.0  0.0  6.0  6.0  0.0  0.0  0.0  0.0  0.0  0.0  0.0  0.0
  0.0  0.0  0.0  0.0  0.0  0.0  0.0 12.0 24.0  0.0 53.9  0.0  0.0  0.0  0.0
  0.0  6.0  0.0  0.0  0.0  0.0  0.0  6.0  0.0  6.0  0.0  6.0  0.0  0.0  0.0
    -22.14     -4.38      0.63     -3.75      4.73  0.0  0.0  0.0  0.0  0.0
                                   t000288_s13_p19_el2ap.txt 26.5  5.4  152
  0.0  0.0  0.0111.8  0.0  0.0  6.6  0.0  0.0  0.0  0.0  0.0  0.0  0.0  0.0
  0.0  0.0  0.0 13.2  0.0  0.0342.1105.3 52.6  0.0  0.0  0.0  0.0  0.0  0.0
  0.0  0.0  0.0  0.0  0.0 13.2  6.6  0.0  6.6 13.2 26.3  0.0  0.0 13.2  0.0
  0.0  0.0  0.0  0.0  6.6 26.3 26.3 13.2  0.0  0.0111.8  0.0  6.6125.0  6.6
  0.0  0.0  0.0  0.0  0.0  0.0  0.0  0.0  0.0  0.0  0.0  0.0  0.0  0.0  0.0
  0.0  0.0  0.0  0.0  0.0  0.0  0.0  0.0  0.0  0.0  0.0  0.0  0.0  0.0  0.0
  0.0  0.0  0.0  0.0  0.0  0.0  0.0  0.0  0.0  0.0  0.0  0.0  0.0  0.0  0.0
  0.0  0.0  0.0  0.0  0.0  0.0  0.0  0.0  0.0  0.0  0.0  0.0  0.0  0.0  0.0
  0.0  0.0  0.0  0.0  0.0  0.0  0.0 39.5  6.6  0.0 52.6  6.6  0.0  0.0 13.2
  0.0  0.0  0.0  0.0  0.0  0.0  0.0  6.6 19.7 13.2  6.6  0.0  6.6  6.6  0.0
    -21.49     -5.73      0.23     14.03     -1.63  0.0  0.0  0.0  0.0  0.0
                                    t000288_s13_p2_el2ap.txt 14.5  5.0   78
 12.8  0.0  0.0 89.7  0.0  0.0  0.0  0.0  0.0  0.0  0.0  0.0  0.0  0.0  0.0
  0.0  0.0  0.0  0.0  0.0 12.8294.9 64.1102.6 12.8  0.0 12.8  0.0 12.8  0.0
  0.0  0.0  0.0 12.8 12.8 12.8  0.0  0.0  0.0  0.0  0.0  0.0 12.8 38.5  0.0
  0.0 12.8  0.0  0.0  0.0  0.0 12.8 38.5  0.0 12.8141.0  0.0  0.0115.4 12.8
 12.8  0.0  0.0  0.0  0.0  0.0  0.0  0.0  0.0  0.0  0.0  0.0  0.0  0.0  0.0
  0.0  0.0  0.0 12.8  0.0  0.0  0.0  0.0  0.0  0.0  0.0  0.0  0.0  0.0 12.8
  0.0  0.0  0.0  0.0  0.0 12.8  0.0  0.0  0.0  0.0  0.0  0.0  0.0  0.0  0.0
 12.8  0.0  0.0 12.8 12.8 12.8 25.6  0.0  0.0  0.0  0.0  0.0  0.0  0.0  0.0
  0.0  0.0  0.0  0.0  0.0  0.0  0.0 12.8  0.0  0.0  0.0  0.0  0.0 12.8  0.0
  0.0  0.0 25.6  0.0  0.0  0.0  0.0 12.8 38.5 12.8 12.8  0.0 12.8  0.0  0.0
    -18.82     -2.84      0.35     -6.61     10.21  0.0  0.0  0.0  0.0  0.0
                                   t000288_s13_p20_el2ap.txt 15.5  5.5   81
 12.3  0.0  0.0 74.1  0.0  0.0  0.0  0.0  0.0  0.0 12.3  0.0  0.0  0.0  0.0
  0.0  0.0  0.0  0.0  0.0  0.0321.0135.8135.8  0.0  0.0  0.0  0.0  0.0  0.0
  0.0 12.3  0.0  0.0  0.0  0.0 12.3 37.0  0.0  0.0  0.0  0.0  0.0 12.3  0.0
  0.0  0.0  0.0  0.0 12.3 37.0 12.3 12.3  0.0  0.0172.8  0.0 12.3 86.4 12.3
 12.3  0.0  0.0  0.0  0.0  0.0  0.0  0.0  0.0  0.0  0.0  0.0  0.0  0.0  0.0
  0.0  0.0  0.0  0.0  0.0  0.0  0.0  0.0  0.0  0.0  0.0  0.0  0.0  0.0  0.0
  0.0  0.0  0.0  0.0  0.0  0.0  0.0  0.0  0.0  0.0  0.0  0.0  0.0  0.0  0.0
  0.0  0.0  0.0  0.0  0.0  0.0  0.0  0.0  0.0  0.0  0.0  0.0  0.0  0.0  0.0
  0.0  0.0  0.0  0.0  0.0  0.0  0.0  0.0  0.0  0.0 12.3  0.0  0.0  0.0 12.3
 12.3  0.0  0.0  0.0  0.0 12.3 12.3 12.3  0.0  0.0  0.0  0.0  0.0  0.0  0.0
    -29.52     -5.73      5.55      2.21     -1.76  0.0  0.0  0.0  0.0  0.0
                                   t000288_s13_p21_el2ap.txt 31.5  5.2  185
 10.8  5.4  0.0 70.3  0.0  0.0  0.0  5.4  0.0  5.4  5.4  0.0  0.0  0.0  0.0
  0.0  0.0  5.4  0.0  0.0  0.0367.6108.1 91.9  0.0 10.8  0.0  5.4  0.0  0.0
  0.0  0.0  0.0  0.0  0.0 21.6 10.8  0.0  0.0  0.0 27.0  0.0 10.8  5.4  0.0
  0.0  5.4  0.0  5.4 10.8 32.4  5.4  5.4  0.0  0.0118.9 10.8  5.4 86.5  5.4
  0.0  5.4  0.0  0.0  0.0  0.0  0.0  0.0  0.0  0.0  0.0  0.0  0.0  0.0  0.0
  0.0  0.0  0.0  0.0  0.0  0.0  5.4  5.4  0.0  0.0  0.0  0.0  0.0  0.0  0.0
  0.0  0.0  0.0  0.0  0.0  0.0  0.0  0.0  5.4  0.0  0.0  0.0  0.0  0.0  0.0
  5.4  5.4  0.0 10.8  0.0  5.4  5.4  0.0  0.0  0.0  0.0  0.0  0.0  0.0  0.0
  0.0  0.0  0.0  0.0  0.0  0.0  0.0 21.6 32.4  0.0 16.2 16.2 10.8  5.4 10.8
  0.0  5.4  0.0  0.0  0.0 10.8  0.0 27.0  0.0 10.8  0.0  0.0 10.8  0.0  0.0
    -22.59     -4.25     -0.25      6.26      3.95  5.4  0.0  0.0  0.0  0.0
                                   t000288_s13_p22_el2ap.txt 16.8  5.7   98
  0.0  0.0  0.0 71.4  0.0  0.0  0.0  0.0  0.0 10.2  0.0  0.0  0.0  0.0  0.0
  0.0  0.0 10.2  0.0  0.0  0.0346.9112.2 61.2  0.0  0.0  0.0  0.0  0.0  0.0
  0.0  0.0  0.0  0.0  0.0 10.2 20.4  0.0  0.0  0.0 40.8  0.0  0.0 20.4  0.0
  0.0 10.2  0.0  0.0  0.0 51.0 10.2 20.4  0.0  0.0 81.6  0.0  0.0102.0  0.0
 10.2  0.0  0.0  0.0  0.0  0.0  0.0  0.0  0.0  0.0  0.0  0.0  0.0  0.0  0.0
  0.0  0.0  0.0  0.0  0.0  0.0  0.0  0.0  0.0  0.0  0.0  0.0  0.0  0.0  0.0
  0.0  0.0  0.0  0.0  0.0  0.0  0.0  0.0  0.0  0.0  0.0  0.0  0.0  0.0  0.0
  0.0  0.0  0.0  0.0  0.0  0.0  0.0  0.0  0.0  0.0  0.0  0.0  0.0  0.0  0.0
  0.0  0.0  0.0  0.0  0.0  0.0  0.0 20.4 20.4  0.0 30.6 20.4  0.0  0.0 20.4
  0.0  0.0  0.0  0.0  0.0  0.0  0.0 20.4  0.0  0.0  0.0  0.0 10.2  0.0  0.0
    -24.07     -5.73      0.39     12.83     -0.53  0.0  0.0  0.0  0.0  0.0
                                   t000288_s13_p23_el2ap.txt 23.5  5.0  132
  7.6  0.0  0.0 98.5  0.0  0.0  0.0  0.0  0.0  0.0 15.2  0.0  0.0  0.0  0.0
  0.0  0.0  0.0  7.6  0.0  0.0333.3113.6 75.8  7.6  7.6  0.0  0.0  0.0  0.0
  0.0  0.0  0.0  0.0  0.0  0.0  7.6  7.6  0.0  0.0 15.2  0.0  0.0  0.0  0.0
  0.0  7.6  7.6  0.0 15.2 22.7 15.2  0.0  0.0  0.0 98.5  7.6  7.6113.6  7.6
  0.0  7.6  0.0  0.0  0.0  0.0  0.0  0.0  0.0  0.0  0.0  0.0  0.0  0.0  0.0
  0.0  0.0  0.0  0.0  0.0  0.0  0.0  7.6  0.0  0.0  0.0  0.0  0.0  0.0  0.0
  0.0  0.0  0.0  0.0  0.0  0.0  0.0  0.0  0.0  0.0  0.0  0.0  0.0  0.0  0.0
  0.0  7.6  0.0  7.6  0.0  0.0  0.0  0.0  0.0  0.0  0.0  0.0  0.0  0.0  0.0
  0.0  0.0  0.0  0.0  0.0  0.0  0.0 15.2 22.7  7.6 37.9  7.6  0.0  7.6  0.0
  7.6  0.0  0.0  0.0  0.0  7.6  0.0 30.3  0.0  0.0  7.6  0.0  0.0  0.0  0.0
    -22.20     -5.14      0.97      2.41     -3.63  0.0  7.6  0.0  0.0  0.0
                                   t000288_s13_p24_el2ap.txt 21.3  5.1  119
  0.0  0.0  0.0 84.0 16.8  0.0  0.0  8.4  0.0 16.8  8.4  0.0  0.0  0.0  0.0
  0.0  0.0  0.0  0.0  0.0  0.0260.5117.6117.6 25.2 25.2  0.0  8.4  0.0  0.0
  0.0  0.0  0.0  0.0  0.0 16.8  8.4  0.0  0.0  0.0  0.0  0.0  0.0 16.8  0.0
  0.0 25.2  0.0 16.8  8.4  0.0 25.2 16.8  0.0  0.0134.5 42.0  0.0109.2  0.0
  8.4  8.4  0.0  0.0  0.0  0.0  0.0  0.0  0.0  0.0  0.0  0.0  0.0  0.0  0.0
  0.0  0.0  0.0  8.4  0.0  0.0  0.0  8.4  0.0  0.0  0.0  0.0  0.0  0.0  8.4
  0.0  0.0  0.0  0.0  0.0  0.0  0.0  0.0  0.0  0.0  0.0  0.0  0.0  0.0  0.0
  8.4  8.4  0.0 16.8  8.4  0.0  8.4  0.0  0.0  0.0  0.0  0.0  0.0  0.0  0.0
  0.0  0.0  0.0  0.0  0.0  0.0  0.0  0.0  0.0  0.0 42.0  0.0  0.0  0.0  8.4
  0.0  0.0  0.0  0.0  0.0  8.4  8.4 16.8 25.2  0.0  8.4  0.0 16.8  0.0  0.0
    -20.82     -2.22      0.02     -6.61     -1.08  0.0  0.0  0.0  0.0  8.4
                                   t000288_s13_p25_el2ap.txt 22.8  5.4  115
  0.0  0.0  0.0104.3  0.0  8.7  0.0  8.7  0.0  0.0  0.0  0.0  0.0  0.0  0.0
  0.0  0.0  0.0  0.0  0.0  0.0330.4121.7 87.0  0.0 26.1  8.7  0.0  0.0  0.0
  0.0  8.7  0.0  0.0  0.0 52.2  8.7 17.4  0.0  0.0  0.0  0.0  8.7  8.7  0.0
  0.0  8.7  8.7  0.0  0.0 17.4 17.4  8.7  0.0  0.0130.4 26.1  8.7104.3 17.4
  8.7  0.0  0.0  0.0  0.0  0.0  0.0  0.0  0.0  0.0  0.0  0.0  0.0  0.0  0.0
  0.0  0.0  0.0  0.0  0.0  0.0  8.7  0.0  0.0  0.0  0.0  0.0  0.0  0.0  0.0
  0.0  0.0  0.0  0.0  8.7  0.0  0.0  0.0  0.0  0.0  0.0  0.0  0.0  0.0  0.0
  8.7  0.0  0.0  8.7  0.0  8.7  8.7  0.0  0.0  0.0  0.0  0.0  0.0  0.0  0.0
  0.0  0.0  0.0  0.0  0.0  0.0  0.0  8.7 17.4  0.0 43.5  8.7  0.0  8.7  0.0
  8.7  8.7  0.0  0.0  0.0  0.0  8.7 17.4  8.7 17.4  0.0  8.7  8.7  0.0  0.0
    -23.43     -2.90      1.23     -2.46      3.13  0.0  0.0  0.0  0.0  0.0
                                   t000288_s13_p26_el2ap.txt 18.0  5.5   94
  0.0  0.0  0.0 85.1  0.0  0.0  0.0  0.0  0.0  0.0  0.0  0.0  0.0  0.0  0.0
  0.0  0.0  0.0  0.0  0.0  0.0297.9117.0117.0  0.0 21.3 21.3  0.0  0.0  0.0
  0.0 10.6  0.0  0.0  0.0 10.6 21.3 10.6  0.0  0.0 21.3  0.0  0.0 10.6  0.0
  0.0  0.0  0.0 10.6  0.0 31.9 10.6 10.6  0.0  0.0127.7 21.3  0.0106.4  0.0
 21.3  0.0  0.0  0.0  0.0  0.0  0.0  0.0  0.0  0.0  0.0  0.0  0.0  0.0  0.0
  0.0  0.0  0.0 10.6  0.0  0.0  0.0  0.0  0.0  0.0  0.0  0.0  0.0  0.0  0.0
  0.0  0.0 10.6  0.0  0.0  0.0  0.0  0.0  0.0  0.0  0.0  0.0  0.0  0.0  0.0
 10.6  0.0  0.0 10.6 10.6  0.0 10.6  0.0  0.0  0.0  0.0  0.0  0.0  0.0  0.0
  0.0  0.0  0.0  0.0  0.0  0.0  0.0  0.0 21.3  0.0 74.5  0.0  0.0  0.0  0.0
  0.0  0.0  0.0  0.0  0.0  0.0 31.9 21.3  0.0  0.0  0.0  0.0  0.0 10.6  0.0
    -29.14     -0.69      4.31      6.06     -2.01  0.0  0.0  0.0  0.0  0.0
                                   t000288_s13_p27_el2ap.txt 21.3  5.7  114
  0.0  0.0  0.0 52.6  0.0  0.0  0.0  8.8  0.0  8.8 17.5  0.0  0.0  0.0  0.0
  0.0  0.0  0.0  0.0  0.0  0.0289.5122.8149.1  8.8  0.0  0.0  0.0  0.0  8.8
  0.0 17.5  0.0  0.0  0.0 17.5 26.3  0.0  0.0  0.0 26.3  0.0  0.0  8.8  0.0
  8.8  0.0  0.0  0.0  0.0 26.3 17.5 17.5  0.0  8.8175.4  0.0  0.0122.8 26.3
  0.0  0.0  0.0  0.0  0.0  0.0  0.0  0.0  0.0  0.0  0.0  0.0  0.0  0.0  0.0
  0.0  0.0  0.0  0.0  0.0  0.0  0.0  0.0  0.0  0.0  0.0  0.0  0.0  0.0  0.0
  0.0  0.0  0.0  0.0  0.0  0.0  0.0  0.0  0.0  0.0  0.0  0.0  0.0  0.0  0.0
  0.0  0.0  0.0  0.0  0.0  0.0  0.0  0.0  0.0  0.0  0.0  0.0  0.0  0.0  0.0
  0.0  0.0  0.0  0.0  0.0  0.0  0.0  0.0 17.5  8.8 17.5  0.0  0.0 35.1  8.8
  0.0  0.0  0.0  0.0  0.0  0.0 26.3 17.5  8.8  0.0  8.8  0.0  8.8  0.0  0.0
    -27.19     -5.44     10.86      5.93      0.53  0.0  0.0  0.0  0.0  0.0
                                    t000288_s13_p3_el2ap.txt 32.3  5.1  243
  8.2  0.0  0.0 37.0  0.0  0.0  0.0  0.0  0.0  0.0  0.0  0.0  0.0  0.0  0.0
  0.0  0.0  8.2  0.0  0.0  0.0374.5131.7 70.0 24.7  0.0  4.1 12.3  0.0  0.0
  0.0  0.0  0.0  4.1  0.0 16.5  8.2  0.0  0.0  0.0  0.0  4.1  4.1  8.2  4.1
 16.5  8.2  8.2  0.0  4.1  8.2  8.2 28.8  0.0  0.0 98.8  0.0  0.0 94.7  8.2
  4.1  0.0  0.0  0.0  0.0  0.0  0.0  0.0  0.0  0.0  0.0  0.0  0.0  0.0  0.0
  0.0  0.0  0.0  4.1  0.0  4.1  0.0  0.0  0.0  0.0  0.0  0.0  0.0  0.0  0.0
  4.1  0.0  0.0  4.1  0.0  0.0  0.0  0.0  0.0  0.0  0.0  0.0  0.0  0.0  0.0
  8.2  0.0  0.0  8.2  8.2  0.0  8.2  0.0  0.0  0.0  0.0  0.0  0.0  0.0  0.0
  0.0  0.0  0.0  0.0  0.0  0.0  0.0  8.2  0.0  0.0 32.9  0.0  8.2  0.0  4.1
  4.1  8.2  4.1  0.0  0.0  0.0  8.2 16.5  8.2 12.3  4.1  0.0 12.3  0.0  0.0
    -26.60     -1.84     -1.14     -4.96      8.67  0.0  0.0  0.0  0.0  4.1
                                    t000288_s13_p4_el2ap.txt 29.5  5.8  190
  0.0  0.0  0.0 42.1  0.0  0.0  0.0  0.0  0.0  0.0  0.0  0.0  0.0  0.0  0.0
  0.0  0.0  5.3  5.3  0.0  5.3468.4121.1 94.7  5.3 10.5  0.0  5.3  0.0  0.0
  0.0  0.0  0.0  5.3  0.0 21.1  5.3  0.0  0.0  0.0  0.0  0.0  0.0 10.5  0.0
  0.0  0.0  0.0  0.0  0.0  5.3  5.3 10.5  0.0  0.0100.0 10.5  0.0 57.9  5.3
  0.0  0.0  0.0  0.0  0.0  0.0  0.0  0.0  0.0  0.0  0.0  0.0  0.0  0.0  0.0
  0.0  0.0  0.0  0.0  0.0  0.0  0.0  0.0  0.0  0.0  0.0  0.0  0.0  0.0  0.0
  0.0  0.0  0.0  0.0  0.0  0.0  0.0  0.0  0.0  5.3  0.0  0.0  0.0  0.0  0.0
  0.0  0.0  0.0  0.0  0.0  0.0  5.3  0.0  0.0  0.0  0.0  0.0  0.0  0.0  0.0
  0.0  0.0  0.0  0.0  0.0  0.0  0.0 15.8 15.8  5.3 21.1  5.3 15.8 21.1  0.0
  0.0 15.8  5.3  0.0  0.0  0.0  0.0  5.3  0.0  0.0  5.3  5.3  5.3  0.0  0.0
    -30.31     -4.11     -1.73     -6.61     -2.03  0.0  0.0  0.0  0.0  0.0
                                    t000288_s13_p5_el2ap.txt 32.5  5.3  213
  4.7  0.0  0.0 46.9  0.0  0.0  0.0  4.7 14.1  0.0  0.0  0.0  0.0  0.0  0.0
  0.0  0.0  9.4  0.0  0.0  0.0460.1122.1 46.9  4.7  0.0  0.0  4.7  0.0  4.7
  0.0  0.0  0.0  4.7  0.0  4.7  0.0  4.7  0.0  0.0  0.0  0.0  0.0  4.7  0.0
  0.0  4.7  4.7  0.0  0.0 14.1  4.7  4.7  0.0  4.7 75.1 14.1  0.0 56.3  4.7
  4.7  0.0  0.0  0.0  0.0  0.0  0.0  0.0  0.0  0.0  0.0  0.0  0.0  0.0  0.0
  0.0  0.0  0.0  0.0  0.0  0.0  0.0  0.0  0.0  0.0  0.0  0.0  0.0  0.0  0.0
  0.0  0.0  0.0  0.0  0.0  0.0  0.0  0.0  0.0  0.0  0.0  0.0  0.0  0.0  0.0
  0.0  0.0  0.0  0.0  0.0  0.0  0.0  0.0  0.0  0.0  0.0  0.0  0.0  0.0  0.0
  0.0  0.0  0.0  0.0  0.0  0.0  0.0 23.5 14.1  9.4 32.9  0.0  9.4  4.7  0.0
  0.0  0.0  0.0  0.0  4.7  9.4  4.7  4.7  4.7  0.0  0.0  0.0  0.0  4.7  0.0
    -25.97     -4.70      1.71     -5.49     -2.92  0.0  4.7  0.0  0.0  0.0
                                    t000288_s13_p6_el2ap.txt 17.5  5.6   96
  0.0  0.0  0.0 83.3  0.0  0.0  0.0  0.0 20.8  0.0  0.0  0.0  0.0  0.0  0.0
  0.0  0.0  0.0 10.4  0.0  0.0510.4 62.5 52.1  0.0  0.0 10.4  0.0  0.0  0.0
  0.0  0.0  0.0  0.0  0.0 20.8 31.3  0.0  0.0  0.0  0.0  0.0 20.8  0.0 10.4
  0.0  0.0  0.0  0.0  0.0  0.0 10.4 10.4  0.0  0.0 52.1 20.8  0.0114.6  0.0
 20.8  0.0  0.0  0.0  0.0  0.0  0.0  0.0  0.0  0.0  0.0  0.0  0.0  0.0  0.0
  0.0  0.0  0.0  0.0  0.0  0.0  0.0  0.0  0.0  0.0  0.0  0.0  0.0  0.0  0.0
  0.0  0.0  0.0  0.0  0.0  0.0  0.0  0.0  0.0 10.4  0.0  0.0  0.0  0.0  0.0
  0.0  0.0  0.0  0.0  0.0  0.0 10.4  0.0  0.0  0.0  0.0  0.0  0.0  0.0  0.0
  0.0  0.0  0.0  0.0  0.0  0.0  0.0 52.1 10.4  0.0 20.8  0.0  0.0  0.0  0.0
  0.0  0.0  0.0  0.0  0.0  0.0  0.0  0.0  0.0  0.0 10.4 20.8  0.0  0.0  0.0
    -26.90     -3.72     -0.21     -6.61     17.41  0.0  0.0  0.0  0.0  0.0
                                    t000288_s13_p7_el2ap.txt 16.5  5.7   82
 12.2  0.0  0.0 48.8  0.0  0.0  0.0  0.0  0.0  0.0  0.0  0.0  0.0  0.0  0.0
  0.0  0.0  0.0  0.0  0.0  0.0378.0146.3109.8 12.2  0.0 12.2  0.0  0.0 12.2
  0.0  0.0  0.0  0.0  0.0 61.0  0.0  0.0  0.0  0.0  0.0  0.0 12.2 12.2  0.0
  0.0  0.0  0.0 12.2  0.0  0.0  0.0 12.2  0.0 12.2122.0  0.0 12.2 73.2 12.2
  0.0  0.0  0.0  0.0  0.0  0.0  0.0  0.0  0.0  0.0  0.0  0.0  0.0  0.0  0.0
  0.0  0.0  0.0  0.0  0.0  0.0  0.0  0.0  0.0  0.0  0.0  0.0  0.0  0.0  0.0
  0.0  0.0  0.0  0.0  0.0  0.0  0.0  0.0  0.0  0.0 12.2  0.0  0.0  0.0  0.0
  0.0  0.0  0.0  0.0  0.0  0.0  0.0 12.2  0.0  0.0  0.0  0.0  0.0  0.0  0.0
  0.0  0.0  0.0  0.0  0.0  0.0  0.0 12.2  0.0 12.2 36.6  0.0  0.0  0.0  0.0
  0.0 12.2  0.0  0.0  0.0  0.0 12.2  0.0  0.0 12.2  0.0 12.2 12.2  0.0  0.0
    -32.61     -2.98      3.61     -6.61      5.84  0.0  0.0  0.0  0.0  0.0
                                    t000288_s13_p8_el2ap.txt 25.3  5.4  143
  0.0  0.0  0.0 49.0  0.0  0.0  0.0  7.0  0.0 14.0  0.0  0.0  0.0  0.0  0.0
  7.0  0.0  0.0  0.0  0.0  0.0349.7139.9 69.9  7.0  0.0  7.0  0.0  0.0  0.0
  0.0  0.0  0.0  0.0  0.0 62.9  0.0  0.0  0.0  0.0  0.0  0.0 14.0  7.0  0.0
  0.0  0.0  0.0  0.0  0.0  0.0  0.0  7.0  0.0  0.0104.9  0.0 14.0 69.9  7.0
  0.0  0.0  0.0  0.0  0.0  0.0  0.0  0.0  0.0  0.0  0.0  0.0  0.0  0.0  0.0
  0.0  0.0  0.0  0.0  0.0  0.0  0.0  0.0  0.0  0.0  0.0  0.0  0.0  0.0  0.0
  0.0  0.0  0.0  0.0  0.0  0.0  0.0  0.0  0.0  0.0  7.0  0.0  0.0  0.0  0.0
  0.0  0.0  0.0  0.0  0.0  0.0  0.0  7.0  0.0  0.0  0.0  0.0  0.0  0.0  0.0
  0.0  0.0  0.0  0.0  0.0  0.0  0.0  7.0  7.0 14.0 21.0  0.0  0.0 28.0  0.0
  0.0  0.0  0.0  0.0  0.0  0.0  7.0  0.0  0.0  0.0  0.0  7.0  0.0  0.0  0.0
    -23.64     -4.15     -2.60     -6.61      6.17  0.0  0.0  0.0  7.0  0.0
                                    t000288_s13_p9_el2ap.txt 10.8  6.1   56
  0.0  0.0  0.0 71.4  0.0  0.0  0.0  0.0  0.0  0.0  0.0  0.0  0.0  0.0  0.0
  0.0  0.0  0.0  0.0  0.0  0.0392.9160.7107.1  0.0  0.0 17.9  0.0  0.0  0.0
  0.0  0.0  0.0  0.0  0.0  0.0 17.9  0.0  0.0  0.0  0.0  0.0  0.0 17.9  0.0
 17.9  0.0  0.0  0.0  0.0  0.0  0.0 35.7  0.0  0.0160.7  0.0  0.0125.0  0.0
  0.0  0.0  0.0  0.0  0.0  0.0  0.0  0.0  0.0  0.0  0.0  0.0  0.0  0.0  0.0
  0.0  0.0  0.0  0.0  0.0  0.0  0.0  0.0  0.0  0.0  0.0  0.0  0.0  0.0  0.0
  0.0  0.0  0.0  0.0  0.0  0.0  0.0  0.0  0.0  0.0  0.0  0.0  0.0  0.0  0.0
  0.0  0.0  0.0  0.0  0.0  0.0  0.0  0.0  0.0  0.0  0.0  0.0  0.0  0.0  0.0
  0.0  0.0  0.0  0.0  0.0  0.0  0.0  0.0  0.0  0.0 35.7  0.0 17.9 35.7  0.0
 17.9  0.0  0.0  0.0  0.0  0.0 53.6 17.9  0.0 17.9 17.9  0.0  0.0  0.0  0.0
    -34.88     -2.29      0.97     -6.61      4.84  0.0  0.0  0.0  0.0  0.0
                                     t000288_s2_p1_el2ap.txt  7.5  5.9   36
  0.0  0.0  0.0  0.0  0.0  0.0  0.0  0.0  0.0  0.0  0.0  0.0  0.0  0.0  0.0
  0.0  0.0  0.0 27.8  0.0  0.0527.8 83.3111.1  0.0  0.0  0.0  0.0  0.0  0.0
  0.0 27.8  0.0  0.0  0.0  0.0  0.0  0.0  0.0  0.0  0.0  0.0  0.0  0.0  0.0
  0.0  0.0  0.0  0.0  0.0  0.0 55.6  0.0  0.0  0.0111.1  0.0  0.0  0.0  0.0
  0.0  0.0  0.0  0.0  0.0  0.0  0.0  0.0  0.0  0.0  0.0  0.0  0.0  0.0  0.0
  0.0  0.0  0.0  0.0  0.0  0.0  0.0  0.0  0.0  0.0  0.0  0.0  0.0  0.0  0.0
  0.0  0.0  0.0  0.0  0.0  0.0  0.0  0.0  0.0  0.0  0.0  0.0  0.0  0.0  0.0
  0.0  0.0  0.0  0.0  0.0  0.0  0.0  0.0  0.0  0.0  0.0  0.0  0.0  0.0  0.0
  0.0  0.0  0.0  0.0  0.0  0.0  0.0  0.0  0.0  0.0  0.0  0.0  0.0  0.0  0.0
  0.0  0.0  0.0  0.0  0.0  0.0  0.0  0.0  0.0  0.0  0.0  0.0  0.0  0.0  0.0
    -31.60     -5.73     11.26     -6.61     -3.63  0.0  0.0  0.0  0.0  0.0
                                     t000288_s4_p1_el2ap.txt 28.5  5.5  152
  6.6  0.0  0.0 78.9  0.0  0.0  0.0  0.0  0.0  6.6  0.0  0.0  0.0  0.0  0.0
 13.2  0.0  6.6  0.0  0.0  0.0335.5118.4111.8 26.3  6.6  0.0  0.0  0.0  0.0
  0.0  0.0  0.0  0.0  0.0 13.2 13.2  0.0  0.0  0.0  6.6  0.0  0.0 19.7  0.0
  0.0  6.6  0.0  6.6  0.0 13.2  6.6 19.7  0.0  0.0118.4  6.6  0.0118.4  6.6
  0.0  0.0  0.0  0.0  0.0  0.0  0.0  0.0  0.0  0.0  0.0  0.0  0.0  0.0  0.0
  0.0  0.0  0.0  0.0  0.0  0.0  0.0  0.0  0.0  0.0  0.0  0.0  0.0  0.0  0.0
  0.0  0.0  0.0  0.0  0.0  0.0  0.0  0.0  0.0  0.0  0.0  0.0  0.0  0.0  0.0
  0.0  0.0  0.0  0.0  0.0  0.0  0.0  0.0  0.0  0.0  0.0  0.0  0.0  0.0  0.0
  0.0  0.0  0.0  0.0  0.0  0.0  0.0 13.2 19.7  0.0 39.5  6.6  6.6  0.0  6.6
  6.6  0.0  0.0  0.0  6.6  0.0  6.6 32.9  6.6  0.0  0.0  6.6  0.0 13.2  0.0
    -21.66     -4.57      0.23     -3.47     -0.64  0.0  0.0  0.0  0.0  0.0
                                     t000288_s7_p1_el2ap.txt 22.5  5.6  114
  8.8  0.0  0.0 43.9  0.0  0.0  0.0  0.0  0.0 17.5  0.0  0.0  0.0  0.0  0.0
  0.0  0.0  0.0  8.8  0.0  0.0394.7 87.7 78.9 52.6  0.0  8.8  0.0  0.0  0.0
  0.0  0.0  0.0  0.0  8.8 26.3  8.8  0.0  0.0  0.0  0.0  0.0  8.8 17.5  0.0
  0.0  0.0  0.0  0.0  0.0  0.0  8.8 17.5  0.0  0.0 96.5  0.0  0.0122.8  8.8
 17.5  0.0  0.0  0.0  0.0  0.0  0.0  0.0  0.0  0.0  0.0  0.0  0.0  0.0  0.0
  0.0  0.0  0.0  0.0  0.0  0.0  8.8  0.0  0.0  0.0  0.0  0.0  0.0  0.0  0.0
  0.0  0.0  0.0  8.8  0.0  0.0  0.0  0.0  0.0  0.0  0.0  0.0  0.0  0.0  0.0
  8.8  0.0  0.0  8.8  8.8  0.0  8.8  0.0  0.0  0.0  0.0  0.0  0.0  0.0  0.0
  0.0  0.0  0.0  0.0  0.0  0.0  0.0 17.5  0.0  0.0  8.8  0.0 17.5  8.8  0.0
  0.0  0.0  8.8  0.0  0.0  8.8  8.8  0.0  8.8  8.8  0.0  8.8 26.3  0.0  0.0
    -24.92     -2.31     -3.10     -6.61      4.51  0.0  0.0  0.0  0.0  0.0
                                     t000288_s7_p2_el2ap.txt 15.3  6.1   76
  0.0  0.0  0.0 52.6  0.0  0.0  0.0  0.0  0.0 13.2  0.0  0.0  0.0  0.0  0.0
  0.0  0.0  0.0  0.0  0.0  0.0394.7144.7118.4 26.3  0.0  0.0  0.0  0.0  0.0
  0.0  0.0  0.0  0.0  0.0  0.0 13.2  0.0  0.0  0.0  0.0  0.0  0.0 39.5  0.0
  0.0 13.2  0.0  0.0  0.0  0.0 13.2 39.5  0.0  0.0131.6  0.0  0.0105.3  0.0
  0.0  0.0  0.0  0.0  0.0  0.0  0.0  0.0  0.0  0.0  0.0  0.0  0.0  0.0  0.0
  0.0  0.0  0.0  0.0  0.0  0.0  0.0  0.0  0.0  0.0  0.0  0.0  0.0  0.0  0.0
  0.0  0.0  0.0  0.0  0.0  0.0  0.0  0.0  0.0  0.0  0.0  0.0  0.0  0.0  0.0
  0.0  0.0  0.0  0.0  0.0  0.0  0.0  0.0  0.0  0.0  0.0  0.0  0.0  0.0  0.0
  0.0  0.0  0.0  0.0  0.0  0.0  0.0 13.2  0.0  0.0 65.8  0.0  0.0  0.0 26.3
 13.2  0.0  0.0  0.0  0.0  0.0 13.2 13.2  0.0  0.0  0.0  0.0  0.0  0.0  0.0
    -33.62     -4.86      0.97     -6.61      2.35  0.0  0.0  0.0  0.0  0.0
                                     t000288_s7_p3_el2ap.txt 16.5  6.2   78
  0.0  0.0  0.0 38.5  0.0  0.0  0.0  0.0  0.0  0.0  0.0  0.0  0.0  0.0  0.0
  0.0  0.0  0.0  0.0  0.0  0.0410.3115.4128.2 12.8  0.0  0.0  0.0  0.0  0.0
  0.0  0.0  0.0  0.0  0.0  0.0 25.6  0.0  0.0  0.0  0.0  0.0  0.0  0.0  0.0
  0.0  0.0  0.0  0.0  0.0  0.0  0.0  0.0  0.0  0.0141.0  0.0 12.8102.6 25.6
  0.0  0.0  0.0  0.0  0.0  0.0  0.0  0.0  0.0  0.0  0.0  0.0  0.0  0.0  0.0
  0.0  0.0  0.0 12.8  0.0  0.0  0.0  0.0  0.0  0.0  0.0  0.0  0.0  0.0  0.0
  0.0  0.0 12.8  0.0  0.0  0.0  0.0  0.0  0.0  0.0  0.0  0.0  0.0  0.0  0.0
 12.8  0.0  0.0 12.8 12.8  0.0 12.8  0.0  0.0  0.0  0.0  0.0  0.0  0.0  0.0
  0.0  0.0  0.0  0.0  0.0  0.0  0.0  0.0 12.8  0.0 25.6  0.0  0.0  0.0  0.0
  0.0  0.0  0.0  0.0  0.0  0.0  0.0 12.8 12.8 12.8  0.0  0.0  0.0  0.0  0.0
    -35.97     -5.31      0.97     -6.61     -3.63  0.0  0.0  0.0  0.0  0.0
                                     t000288_s7_p4_el2ap.txt 16.0  6.1   94
  0.0  0.0  0.0 53.2  0.0  0.0  0.0  0.0  0.0 10.6 10.6  0.0  0.0  0.0  0.0
 10.6  0.0  0.0 10.6  0.0  0.0319.1106.4170.2 21.3  0.0  0.0  0.0  0.0  0.0
  0.0 10.6  0.0  0.0  0.0  0.0 31.9  0.0  0.0  0.0  0.0  0.0  0.0  0.0  0.0
 10.6 10.6  0.0  0.0 21.3  0.0 31.9 10.6  0.0  0.0202.1  0.0  0.0127.7 21.3
  0.0  0.0  0.0  0.0  0.0  0.0  0.0  0.0  0.0  0.0  0.0  0.0  0.0  0.0  0.0
  0.0  0.0  0.0  0.0  0.0  0.0  0.0  0.0  0.0  0.0  0.0  0.0  0.0  0.0  0.0
  0.0  0.0  0.0  0.0  0.0  0.0  0.0  0.0  0.0  0.0  0.0  0.0  0.0  0.0  0.0
  0.0  0.0  0.0  0.0  0.0  0.0  0.0  0.0  0.0  0.0  0.0  0.0  0.0  0.0  0.0
  0.0  0.0  0.0  0.0  0.0  0.0  0.0  0.0  0.0  0.0 63.8  0.0 10.6  0.0  0.0
  0.0  0.0  0.0  0.0  0.0  0.0 31.9 10.6  0.0  0.0  0.0  0.0 31.9  0.0  0.0
    -25.77     -5.03      4.91     -6.61     -0.19  0.0  0.0  0.0  0.0  0.0
                                     t000293_s1_p1_el2ap.txt  6.8  5.4   28
  0.0  0.0  0.0  0.0  0.0  0.0  0.0  0.0  0.0  0.0  0.0  0.0  0.0  0.0  0.0
  0.0  0.0  0.0  0.0  0.0  0.0428.6142.9107.1 35.7  0.0  0.0  0.0  0.0  0.0
  0.0  0.0  0.0  0.0  0.0  0.0 35.7  0.0  0.0  0.0  0.0  0.0  0.0  0.0  0.0
 35.7  0.0  0.0  0.0  0.0  0.0  0.0 35.7  0.0  0.0142.9  0.0  0.0107.1  0.0
  0.0  0.0  0.0  0.0  0.0  0.0  0.0  0.0  0.0  0.0  0.0  0.0  0.0  0.0  0.0
  0.0  0.0  0.0  0.0  0.0  0.0  0.0  0.0  0.0  0.0  0.0  0.0  0.0  0.0  0.0
  0.0  0.0  0.0  0.0  0.0  0.0  0.0  0.0  0.0  0.0  0.0  0.0  0.0  0.0  0.0
  0.0  0.0  0.0  0.0  0.0  0.0  0.0  0.0  0.0  0.0  0.0  0.0  0.0  0.0  0.0
  0.0  0.0  0.0  0.0  0.0  0.0  0.0  0.0  0.0  0.0  0.0  0.0 35.7  0.0  0.0
  0.0  0.0  0.0  0.0  0.0  0.0  0.0 35.7  0.0  0.0  0.0  0.0 35.7  0.0  0.0
    -35.65     -4.55      0.97     -6.61      7.89  0.0  0.0  0.0  0.0  0.0
                                     t000293_s1_p2_el2ap.txt 13.3  5.8   72
 13.9  0.0  0.0 27.8  0.0  0.0  0.0  0.0  0.0  0.0  0.0  0.0  0.0  0.0  0.0
  0.0  0.0  0.0  0.0  0.0  0.0333.3 69.4 83.3 83.3  0.0  0.0  0.0  0.0 13.9
  0.0 27.8  0.0  0.0  0.0 41.7  0.0  0.0  0.0  0.0  0.0  0.0 27.8 41.7  0.0
 13.9  0.0  0.0 13.9  0.0  0.0 27.8 55.6  0.0 13.9180.6  0.0 13.9111.1  0.0
  0.0  0.0  0.0  0.0  0.0  0.0  0.0  0.0  0.0  0.0  0.0  0.0  0.0  0.0  0.0
  0.0  0.0  0.0  0.0  0.0  0.0  0.0  0.0  0.0  0.0  0.0  0.0  0.0  0.0  0.0
  0.0  0.0  0.0  0.0  0.0  0.0  0.0  0.0  0.0  0.0  0.0  0.0  0.0  0.0  0.0
  0.0  0.0  0.0  0.0  0.0  0.0  0.0  0.0  0.0  0.0  0.0  0.0  0.0  0.0  0.0
  0.0  0.0  0.0  0.0  0.0  0.0  0.0  0.0 27.8  0.0  0.0 13.9 13.9 27.8  0.0
  0.0  0.0  0.0  0.0  0.0 13.9  0.0  0.0 13.9 41.7  0.0  0.0  0.0  0.0  0.0
    -27.48     -2.99     15.84     -6.61     24.53  0.0  0.0  0.0  0.0  0.0
                                     t000293_s1_p3_el2ap.txt 12.8  4.8   65
 15.4  0.0  0.0 15.4  0.0  0.0  0.0 15.4  0.0  0.0  0.0  0.0  0.0  0.0  0.0
  0.0  0.0  0.0 15.4  0.0  0.0276.9107.7 76.9 76.9  0.0  0.0  0.0  0.0  0.0
  0.0  0.0  0.0  0.0  0.0 15.4  0.0  0.0  0.0  0.0  0.0  0.0  0.0  0.0  0.0
  0.0  0.0  0.0  0.0 30.8  0.0 15.4  0.0  0.0  0.0107.7  0.0 15.4 92.3  0.0
  0.0  0.0  0.0  0.0  0.0  0.0  0.0  0.0  0.0  0.0  0.0  0.0  0.0  0.0  0.0
  0.0  0.0  0.0  0.0  0.0  0.0  0.0  0.0  0.0  0.0  0.0  0.0  0.0  0.0  0.0
  0.0  0.0  0.0  0.0  0.0  0.0  0.0  0.0  0.0  0.0  0.0  0.0  0.0  0.0  0.0
  0.0  0.0  0.0  0.0  0.0  0.0  0.0  0.0  0.0  0.0  0.0  0.0  0.0  0.0  0.0
  0.0  0.0  0.0  0.0  0.0  0.0  0.0  0.0  0.0  0.0  0.0  0.0  0.0 15.4  0.0
  0.0  0.0  0.0  0.0  0.0  0.0  0.0 15.4  0.0  0.0  0.0  0.0  0.0  0.0  0.0
    -18.00     -3.20      0.10     -6.61     -3.63  0.0  0.0  0.0  0.0  0.0
                                     t000293_s1_p4_el2ap.txt 11.3  5.3   53
  0.0  0.0  0.0 56.6  0.0  0.0  0.0  0.0  0.0  0.0  0.0  0.0  0.0  0.0  0.0
  0.0  0.0 18.9  0.0  0.0  0.0434.0113.2 94.3  0.0  0.0  0.0  0.0  0.0  0.0
  0.0  0.0  0.0  0.0  0.0  0.0 18.9  0.0 18.9  0.0 18.9  0.0  0.0 18.9  0.0
  0.0  0.0  0.0  0.0  0.0 37.7  0.0 18.9  0.0  0.0 94.3  0.0  0.0 75.5  0.0
  0.0  0.0  0.0  0.0  0.0  0.0  0.0  0.0  0.0  0.0  0.0  0.0  0.0  0.0  0.0
  0.0  0.0  0.0  0.0  0.0  0.0  0.0  0.0  0.0  0.0  0.0  0.0  0.0  0.0  0.0
  0.0  0.0  0.0  0.0  0.0  0.0  0.0  0.0  0.0  0.0  0.0  0.0  0.0  0.0  0.0
  0.0  0.0  0.0  0.0  0.0  0.0  0.0  0.0  0.0  0.0  0.0  0.0  0.0  0.0  0.0
  0.0  0.0  0.0  0.0  0.0  0.0  0.0  0.0 18.9  0.0 56.6  0.0  0.0  0.0  0.0
  0.0 56.6  0.0  0.0  0.0  0.0  0.0 18.9  0.0  0.0 18.9  0.0  0.0  0.0  0.0
    -26.69     -5.73      0.97      8.47     -0.77  0.0  0.0  0.0  0.0  0.0
                                    t000293_s14_p1_el2ap.txt 11.5  5.0   52
 19.2  0.0  0.0 19.2  0.0  0.0  0.0  0.0 19.2  0.0  0.0  0.0  0.0  0.0  0.0
  0.0  0.0  0.0  0.0  0.0  0.0403.8 76.9 38.5 57.7  0.0  0.0  0.0  0.0 19.2
  0.0  0.0  0.0  0.0  0.0 19.2  0.0  0.0  0.0  0.0  0.0  0.0  0.0  0.0 19.2
 19.2  0.0  0.0  0.0  0.0  0.0  0.0 38.5  0.0 19.2115.4 19.2 19.2115.4  0.0
  0.0  0.0  0.0  0.0  0.0  0.0  0.0  0.0  0.0  0.0  0.0  0.0  0.0  0.0  0.0
  0.0  0.0  0.0  0.0  0.0  0.0  0.0  0.0  0.0  0.0  0.0  0.0  0.0  0.0  0.0
  0.0  0.0  0.0  0.0 19.2  0.0  0.0  0.0  0.0  0.0  0.0  0.0  0.0  0.0  0.0
  0.0  0.0  0.0  0.0  0.0 19.2 19.2  0.0  0.0  0.0  0.0  0.0  0.0  0.0  0.0
  0.0  0.0  0.0  0.0  0.0  0.0  0.0  0.0 38.5  0.0  0.0  0.0 38.5 19.2  0.0
  0.0  0.0  0.0  0.0  0.0  0.0  0.0  0.0  0.0 38.5  0.0  0.0  0.0  0.0  0.0
    -24.54     -3.83      9.50     -6.61     17.37  0.0  0.0  0.0  0.0  0.0
                                    t000293_s14_p2_el2ap.txt 12.8  5.5   70
  0.0  0.0  0.0  0.0  0.0  0.0  0.0  0.0  0.0  0.0  0.0  0.0  0.0  0.0  0.0
  0.0  0.0  0.0 14.3  0.0 14.3485.7185.7 28.6 71.4  0.0  0.0  0.0  0.0  0.0
  0.0  0.0  0.0  0.0 14.3  0.0  0.0  0.0  0.0  0.0  0.0  0.0  0.0 14.3 28.6
  0.0  0.0  0.0  0.0  0.0  0.0 14.3 42.9  0.0  0.0 28.6  0.0  0.0 85.7  0.0
  0.0  0.0  0.0  0.0  0.0  0.0  0.0  0.0  0.0  0.0  0.0  0.0  0.0  0.0  0.0
  0.0  0.0  0.0  0.0  0.0  0.0  0.0  0.0  0.0  0.0  0.0  0.0  0.0  0.0  0.0
  0.0  0.0  0.0  0.0  0.0  0.0  0.0  0.0  0.0  0.0 14.3  0.0  0.0  0.0  0.0
  0.0  0.0  0.0  0.0  0.0  0.0  0.0 14.3  0.0  0.0  0.0  0.0  0.0  0.0  0.0
  0.0  0.0  0.0  0.0  0.0  0.0  0.0  0.0 14.3  0.0 42.9  0.0 14.3 28.6 14.3
  0.0  0.0  0.0  0.0  0.0  0.0  0.0  0.0  0.0 14.3  0.0  0.0 28.6  0.0  0.0
    -26.64     -3.38     -3.23     -6.61     20.52  0.0  0.0  0.0  0.0 14.3
                                    t000293_s14_p3_el2ap.txt  7.5  5.7   35
  0.0  0.0  0.0  0.0  0.0  0.0  0.0  0.0  0.0  0.0  0.0  0.0  0.0  0.0  0.0
  0.0  0.0  0.0 28.6  0.0  0.0514.3114.3142.9  0.0  0.0  0.0  0.0  0.0  0.0
  0.0  0.0  0.0  0.0  0.0  0.0  0.0  0.0  0.0  0.0  0.0  0.0  0.0  0.0  0.0
  0.0  0.0  0.0  0.0  0.0  0.0 28.6  0.0  0.0  0.0200.0  0.0  0.0  0.0  0.0
  0.0  0.0  0.0  0.0  0.0  0.0  0.0  0.0  0.0  0.0  0.0  0.0  0.0  0.0  0.0
  0.0  0.0  0.0  0.0  0.0  0.0  0.0  0.0  0.0  0.0  0.0  0.0  0.0  0.0  0.0
  0.0  0.0  0.0  0.0  0.0  0.0  0.0  0.0  0.0  0.0  0.0  0.0  0.0  0.0  0.0
  0.0  0.0  0.0  0.0  0.0  0.0  0.0  0.0  0.0  0.0  0.0  0.0  0.0  0.0  0.0
  0.0  0.0  0.0  0.0  0.0  0.0  0.0  0.0 28.6  0.0 57.1  0.0  0.0  0.0 28.6
  0.0  0.0  0.0  0.0  0.0  0.0  0.0  0.0  0.0  0.0  0.0  0.0  0.0  0.0  0.0
    -33.67     -5.73      0.97     -6.61     -3.63  0.0  0.0  0.0  0.0  0.0
                                    t000293_s14_p4_el2ap.txt  5.8  5.6   26
  0.0  0.0  0.0 76.9  0.0  0.0  0.0  0.0  0.0  0.0  0.0  0.0  0.0  0.0  0.0
  0.0  0.0  0.0  0.0  0.0  0.0384.6 38.5 76.9  0.0  0.0  0.0  0.0  0.0  0.0
  0.0 38.5  0.0  0.0  0.0  0.0  0.0  0.0  0.0  0.0  0.0  0.0  0.0  0.0  0.0
  0.0  0.0  0.0  0.0  0.0  0.0 38.5  0.0  0.0  0.0153.8  0.0  0.0 38.5  0.0
 38.5  0.0  0.0  0.0  0.0  0.0  0.0  0.0  0.0  0.0  0.0  0.0  0.0  0.0  0.0
  0.0  0.0  0.0  0.0  0.0  0.0  0.0  0.0  0.0  0.0  0.0  0.0  0.0  0.0  0.0
  0.0  0.0  0.0  0.0  0.0  0.0  0.0  0.0  0.0  0.0  0.0  0.0  0.0  0.0  0.0
  0.0  0.0  0.0  0.0  0.0  0.0  0.0  0.0  0.0  0.0  0.0  0.0  0.0  0.0  0.0
  0.0  0.0  0.0  0.0  0.0  0.0  0.0  0.0 38.5  0.0  0.0  0.0  0.0  0.0 38.5
  0.0  0.0  0.0  0.0  0.0  0.0  0.0  0.0  0.0  0.0  0.0  0.0  0.0  0.0  0.0
    -26.83     -5.73     15.22     -6.61     -3.63  0.0  0.0  0.0  0.0  0.0
                                    t000293_s14_p5_el2ap.txt  7.0  6.7   29
  0.0  0.0  0.0  0.0  0.0  0.0  0.0  0.0  0.0  0.0  0.0  0.0  0.0  0.0  0.0
  0.0  0.0  0.0 34.5  0.0  0.0586.2103.4206.9  0.0  0.0  0.0  0.0  0.0  0.0
  0.0  0.0  0.0  0.0  0.0  0.0  0.0  0.0  0.0  0.0  0.0  0.0  0.0  0.0  0.0
  0.0  0.0  0.0  0.0  0.0  0.0 34.5  0.0  0.0  0.0206.9  0.0  0.0  0.0  0.0
  0.0  0.0  0.0  0.0  0.0  0.0  0.0  0.0  0.0  0.0  0.0  0.0  0.0  0.0  0.0
  0.0  0.0  0.0  0.0  0.0  0.0  0.0  0.0  0.0  0.0  0.0  0.0  0.0  0.0  0.0
  0.0  0.0  0.0  0.0  0.0  0.0  0.0  0.0  0.0  0.0  0.0  0.0  0.0  0.0  0.0
  0.0  0.0  0.0  0.0  0.0  0.0  0.0  0.0  0.0  0.0  0.0  0.0  0.0  0.0  0.0
  0.0  0.0  0.0  0.0  0.0  0.0  0.0  0.0 34.5  0.0  0.0103.4  0.0  0.0 34.5
  0.0 34.5  0.0  0.0  0.0  0.0  0.0  0.0  0.0  0.0  0.0  0.0  0.0  0.0  0.0
    -39.89     -5.73      0.97     -6.61     -3.63  0.0  0.0  0.0  0.0  0.0
                                    t000293_s14_p7_el2ap.txt 24.0  5.8  146
  0.0  0.0  0.0 13.7  0.0  0.0  0.0  0.0  6.8  0.0  0.0  0.0  0.0  0.0  0.0
  0.0  0.0  0.0 13.7  0.0  0.0424.7 68.5 75.3 68.5  0.0  0.0  0.0  0.0  0.0
  0.0  6.8  0.0  0.0  0.0  6.8  6.8  0.0  0.0  0.0  0.0  0.0  0.0 47.9  0.0
  0.0 13.7  0.0  6.8  0.0  0.0 34.2 47.9  0.0  0.0102.7  6.8  0.0109.6 13.7
  0.0  0.0  0.0  0.0  0.0  0.0  0.0  0.0  0.0  0.0  0.0  0.0  0.0  0.0  0.0
  0.0  0.0  0.0  0.0  0.0  0.0  6.8  0.0  0.0  0.0  0.0  0.0  0.0  0.0  0.0
  6.8  0.0  0.0  0.0  0.0  0.0  0.0  0.0  0.0  0.0  0.0  0.0  0.0  0.0  0.0
  6.8  0.0  0.0  6.8  6.8  0.0  6.8  0.0  0.0  0.0  0.0  0.0  0.0  0.0  0.0
  0.0  0.0  0.0  0.0  0.0  0.0  0.0  0.0  6.8  0.0 20.5  0.0  6.8  0.0  0.0
  0.0  0.0  0.0  0.0  0.0  6.8  0.0 47.9 20.5 41.1  0.0  0.0  6.8  0.0  0.0
    -28.44     -3.47      3.12     -6.61      3.64  0.0  0.0  0.0  0.0  0.0
                                    t000293_s19_p1_el2ap.txt 20.3  4.0  122
  0.0  0.0  0.0  8.2  0.0  0.0  0.0 16.4  0.0  0.0  0.0  0.0  0.0  0.0  0.0
  0.0  0.0  0.0  0.0  0.0  0.0327.9123.0 24.6 41.0  0.0  0.0  8.2  0.0  0.0
  0.0  0.0  0.0  0.0  0.0  8.2  0.0  0.0  0.0  0.0  0.0  0.0  0.0  8.2  0.0
 16.4  0.0  0.0  0.0  8.2  0.0  0.0 24.6  0.0  0.0 65.6  0.0  8.2 57.4  0.0
  0.0  0.0  0.0  0.0  0.0  0.0  0.0  0.0  0.0  0.0  0.0  0.0  0.0  0.0  0.0
  0.0  0.0  0.0  0.0  0.0  0.0  0.0  0.0  0.0  0.0  0.0  0.0  0.0  0.0  0.0
  0.0  0.0  0.0  0.0  0.0  0.0  0.0  0.0  0.0  0.0  0.0  0.0  0.0  0.0  0.0
  0.0  0.0  0.0  0.0  0.0  0.0  0.0  0.0  0.0  0.0  0.0  0.0  0.0  0.0  0.0
  0.0  0.0  0.0  0.0  0.0  0.0  0.0  0.0 16.4  0.0  0.0  0.0  0.0 16.4  0.0
  0.0  0.0  0.0  0.0  0.0  8.2  0.0  0.0  0.0  0.0  0.0  0.0  8.2  0.0  0.0
    -19.96     -2.86      0.51     -6.61      2.90  0.0  0.0  0.0  0.0  0.0
                                    t000293_s19_p2_el2ap.txt 12.8  5.0   68
  0.0  0.0  0.0 29.4  0.0  0.0  0.0 14.7  0.0  0.0  0.0  0.0  0.0  0.0  0.0
  0.0  0.0  0.0  0.0  0.0  0.0308.8 88.2 44.1 44.1  0.0  0.0  0.0  0.0  0.0
  0.0  0.0  0.0  0.0  0.0 29.4  0.0  0.0  0.0  0.0  0.0  0.0  0.0  0.0  0.0
  0.0  0.0  0.0  0.0  0.0  0.0  0.0  0.0  0.0  0.0 58.8  0.0 14.7 73.5 29.4
  0.0  0.0  0.0  0.0  0.0  0.0  0.0  0.0  0.0  0.0  0.0  0.0  0.0  0.0  0.0
  0.0  0.0  0.0  0.0  0.0  0.0  0.0  0.0  0.0  0.0  0.0  0.0  0.0  0.0  0.0
  0.0  0.0  0.0  0.0  0.0  0.0  0.0  0.0  0.0  0.0  0.0  0.0  0.0  0.0  0.0
  0.0  0.0  0.0  0.0  0.0  0.0  0.0  0.0  0.0  0.0  0.0  0.0  0.0  0.0  0.0
  0.0  0.0  0.0  0.0  0.0  0.0  0.0  0.0 14.7  0.0  0.0  0.0 14.7 14.7  0.0
  0.0  0.0  0.0  0.0  0.0 14.7  0.0  0.0  0.0  0.0  0.0  0.0  0.0  0.0  0.0
    -21.43     -4.28     -0.70     -6.61     -3.63  0.0  0.0  0.0  0.0  0.0
                                    t000293_s19_p3_el2ap.txt  9.3  4.4   49
 20.4  0.0  0.0  0.0  0.0  0.0  0.0  0.0  0.0  0.0  0.0  0.0  0.0  0.0  0.0
  0.0  0.0  0.0  0.0  0.0  0.0265.3183.7 61.2 61.2  0.0  0.0  0.0  0.0  0.0
  0.0  0.0  0.0  0.0  0.0  0.0  0.0  0.0  0.0  0.0  0.0  0.0  0.0  0.0  0.0
  0.0  0.0  0.0  0.0 40.8  0.0  0.0  0.0  0.0  0.0142.9  0.0  0.0 61.2  0.0
  0.0  0.0  0.0  0.0  0.0  0.0  0.0  0.0  0.0  0.0  0.0  0.0  0.0  0.0  0.0
  0.0  0.0  0.0  0.0  0.0  0.0  0.0  0.0  0.0  0.0  0.0  0.0  0.0  0.0  0.0
  0.0  0.0  0.0  0.0  0.0  0.0  0.0  0.0  0.0  0.0  0.0  0.0  0.0  0.0  0.0
  0.0  0.0  0.0  0.0  0.0  0.0  0.0  0.0  0.0  0.0  0.0  0.0  0.0  0.0  0.0
  0.0  0.0  0.0  0.0  0.0  0.0  0.0  0.0  0.0  0.0  0.0  0.0  0.0  0.0  0.0
  0.0  0.0  0.0  0.0  0.0  0.0  0.0 20.4  0.0  0.0  0.0  0.0  0.0  0.0  0.0
    -25.77     -3.71      0.97     -6.61     -3.63  0.0  0.0  0.0  0.0  0.0
                                    t000293_s19_p4_el2ap.txt 11.5  5.0   90
  0.0  0.0  0.0  0.0  0.0  0.0  0.0  0.0  0.0  0.0  0.0  0.0  0.0  0.0  0.0
  0.0  0.0  0.0  0.0  0.0 22.2311.1111.1 33.3 44.4  0.0  0.0  0.0  0.0  0.0
  0.0 11.1  0.0  0.0  0.0 22.2  0.0  0.0  0.0  0.0  0.0  0.0  0.0  0.0  0.0
  0.0  0.0  0.0 11.1 22.2  0.0 11.1  0.0  0.0  0.0 77.8  0.0  0.0 66.7 22.2
  0.0  0.0  0.0  0.0  0.0  0.0  0.0  0.0  0.0  0.0  0.0  0.0  0.0  0.0  0.0
  0.0  0.0  0.0  0.0  0.0  0.0  0.0  0.0  0.0  0.0  0.0  0.0  0.0  0.0  0.0
  0.0  0.0  0.0  0.0  0.0  0.0  0.0  0.0  0.0  0.0  0.0  0.0  0.0  0.0  0.0
  0.0  0.0  0.0  0.0  0.0  0.0  0.0  0.0  0.0  0.0  0.0  0.0  0.0  0.0  0.0
  0.0  0.0  0.0  0.0  0.0  0.0  0.0  0.0  0.0  0.0  0.0 22.2  0.0  0.0  0.0
  0.0  0.0  0.0  0.0  0.0  0.0  0.0  0.0  0.0 22.2  0.0  0.0  0.0  0.0  0.0
    -17.85     -4.27      3.83     -6.61     -3.63  0.0  0.0  0.0  0.0  0.0
                                     t000293_s6_p1_el2ap.txt 27.8  5.1  213
 32.9  0.0  0.0 65.7  0.0  0.0  4.7  0.0 18.8  4.7  9.4  9.4  0.0  9.4  0.0
  0.0  0.0  9.4  0.0  0.0  0.0338.0112.7 46.9 42.3  0.0  0.0  0.0  0.0 14.1
  4.7  0.0  0.0  0.0  0.0 14.1 14.1  4.7  4.7  0.0  4.7  0.0  0.0  9.4  0.0
  0.0  0.0  9.4  4.7 18.8 18.8  9.4  9.4  0.0 18.8 84.5 18.8  0.0126.8  0.0
  0.0  0.0  0.0  0.0  0.0  0.0  0.0  0.0  0.0  0.0  0.0  0.0  0.0  0.0  0.0
  0.0  0.0  0.0  0.0  0.0  9.4  0.0  4.7  0.0  0.0  0.0  0.0  0.0  0.0  0.0
  0.0  0.0  0.0  0.0  0.0  0.0  0.0  0.0  4.7  9.4  4.7  0.0  0.0  0.0  0.0
  9.4  4.7  0.0 14.1  0.0  4.7 14.1  4.7  0.0  0.0  0.0  0.0  0.0  0.0  0.0
  0.0  0.0  0.0  0.0  0.0  0.0  0.0  0.0 18.8  0.0  9.4  0.0  4.7  4.7  0.0
  4.7  9.4  0.0  0.0  4.7  0.0  0.0 23.5  9.4 18.8  0.0  0.0  0.0  0.0  0.0
     -6.64     -4.34     11.48     -1.74     -2.20  0.0  0.0  0.0  0.0  0.0
                                     t000293_s6_p2_el2ap.txt 15.5  5.6   78
 25.6  0.0  0.0 64.1  0.0  0.0  0.0  0.0 12.8  0.0  0.0  0.0  0.0  0.0  0.0
  0.0  0.0 12.8  0.0  0.0  0.0397.4141.0 89.7 25.6  0.0  0.0 25.6 12.8  0.0
  0.0  0.0  0.0  0.0  0.0 38.5  0.0  0.0  0.0  0.0  0.0  0.0 25.6 12.8  0.0
  0.0  0.0 25.6  0.0  0.0 12.8  0.0 12.8  0.0 12.8102.6 12.8  0.0 89.7  0.0
 12.8  0.0  0.0  0.0  0.0  0.0  0.0  0.0  0.0  0.0  0.0  0.0  0.0  0.0  0.0
  0.0  0.0  0.0 12.8  0.0  0.0 12.8  0.0  0.0  0.0  0.0  0.0  0.0  0.0  0.0
  0.0  0.0  0.0  0.0  0.0  0.0  0.0  0.0  0.0  0.0  0.0  0.0  0.0  0.0  0.0
 25.6  0.0  0.0 25.6  0.0  0.0  0.0  0.0  0.0  0.0  0.0  0.0  0.0  0.0  0.0
  0.0  0.0  0.0  0.0  0.0  0.0  0.0  0.0 12.8 12.8 25.6  0.0 25.6  0.0 12.8
  0.0 12.8  0.0  0.0  0.0  0.0  0.0 12.8 12.8 25.6 12.8  0.0 12.8  0.0  0.0
    -25.70     -0.14      6.33     -6.61     14.34  0.0  0.0  0.0  0.0  0.0
                                     t000293_s6_p3_el2ap.txt 14.0  5.4   73
 13.7  0.0  0.0 95.9  0.0  0.0  0.0  0.0  0.0  0.0  0.0  0.0  0.0  0.0  0.0
  0.0  0.0 13.7  0.0  0.0  0.0328.8 82.2 82.2 27.4 13.7  0.0 13.7  0.0  0.0
  0.0  0.0  0.0  0.0  0.0 13.7 13.7  0.0  0.0  0.0  0.0  0.0 13.7  0.0  0.0
  0.0 13.7 27.4  0.0  0.0 13.7 13.7  0.0  0.0  0.0 95.9 13.7  0.0123.3  0.0
  0.0  0.0  0.0  0.0  0.0  0.0  0.0  0.0  0.0  0.0  0.0  0.0  0.0  0.0  0.0
  0.0  0.0  0.0 13.7  0.0 13.7  0.0  0.0  0.0  0.0  0.0  0.0  0.0  0.0  0.0
  0.0  0.0  0.0  0.0  0.0  0.0  0.0  0.0  0.0  0.0  0.0  0.0  0.0  0.0  0.0
 27.4  0.0  0.0 27.4  0.0  0.0  0.0  0.0  0.0  0.0  0.0  0.0  0.0  0.0  0.0
  0.0  0.0  0.0  0.0  0.0  0.0  0.0  0.0  0.0  0.0 27.4 13.7  0.0  0.0  0.0
  0.0 27.4  0.0  0.0  0.0 27.4  0.0  0.0 13.7 13.7  0.0  0.0 13.7  0.0  0.0
    -20.93     -1.68      0.20     -6.61      4.94  0.0  0.0  0.0  0.0  0.0
                                     t000293_s6_p4_el2ap.txt 11.3  4.8   62
 16.1  0.0  0.0112.9  0.0  0.0  0.0  0.0 16.1  0.0  0.0  0.0  0.0  0.0  0.0
  0.0  0.0 16.1  0.0  0.0  0.0258.1145.2 32.3 16.1 16.1  0.0  0.0  0.0  0.0
  0.0  0.0  0.0  0.0  0.0 64.5 16.1  0.0  0.0  0.0  0.0  0.0  0.0  0.0  0.0
  0.0 16.1 16.1 16.1 16.1 16.1 16.1  0.0  0.0  0.0 64.5 32.3 32.3129.0  0.0
  0.0  0.0  0.0  0.0  0.0  0.0  0.0  0.0  0.0  0.0  0.0  0.0  0.0  0.0  0.0
  0.0  0.0  0.0  0.0  0.0  0.0 16.1  0.0  0.0  0.0  0.0  0.0  0.0  0.0  0.0
  0.0  0.0  0.0  0.0  0.0  0.0  0.0  0.0 16.1  0.0  0.0  0.0  0.0  0.0  0.0
 16.1  0.0  0.0 16.1  0.0 16.1 16.1  0.0  0.0  0.0  0.0  0.0  0.0  0.0  0.0
  0.0  0.0  0.0  0.0  0.0  0.0  0.0  0.0  0.0  0.0  0.0  0.0 16.1  0.0  0.0
  0.0  0.0  0.0  0.0  0.0  0.0  0.0  0.0  0.0 16.1  0.0  0.0  0.0  0.0  0.0
    -15.23     -4.48     -2.69     -6.61     -3.63  0.0  0.0  0.0  0.0  0.0
                                     t000293_s6_p5_el2ap.txt 27.0  5.4  151
 19.9  0.0  0.0 59.6  0.0  0.0  0.0  6.6  0.0  6.6  0.0  0.0  0.0  0.0  0.0
  6.6  0.0  6.6  6.6  0.0  0.0344.4 92.7119.2 26.5  0.0  0.0  0.0  0.0  6.6
  0.0 13.2  0.0  6.6  0.0 33.1 13.2  0.0  0.0  0.0 13.2  0.0  6.6 26.5  0.0
  6.6  6.6 13.2  0.0  0.0 19.9 26.5 33.1  0.0  6.6132.5  0.0  0.0106.0  0.0
  0.0  0.0  0.0  0.0  0.0  0.0  0.0  0.0  0.0  0.0  0.0  0.0  0.0  0.0  0.0
  0.0  0.0  0.0  0.0  0.0 13.2  6.6  0.0  0.0  0.0  0.0  0.0  0.0  0.0  0.0
  6.6  0.0  0.0  0.0  0.0  0.0  0.0  0.0  0.0  0.0  0.0  0.0  0.0  0.0  0.0
 19.9  0.0  0.0 19.9  6.6  0.0  6.6  0.0  0.0  0.0  0.0  0.0  0.0  0.0  0.0
  0.0  0.0  0.0  0.0  0.0  0.0  0.0  0.0 33.1  0.0  0.0  6.6  6.6  0.0  0.0
  0.0 19.9  0.0  0.0  0.0  6.6  0.0 33.1  0.0 13.2  0.0  0.0 13.2  0.0  0.0
    -19.89     -4.86      5.42     -0.30      6.66  6.6  0.0  6.6  0.0  0.0
                                     t000293_s6_p6_el2ap.txt  9.5  5.1   44
  0.0  0.0  0.0 45.5  0.0  0.0  0.0  0.0  0.0  0.0  0.0  0.0  0.0  0.0  0.0
  0.0  0.0  0.0  0.0  0.0  0.0454.5136.4 45.5  0.0  0.0  0.0  0.0  0.0  0.0
  0.0  0.0  0.0  0.0  0.0  0.0 22.7  0.0  0.0  0.0 22.7  0.0  0.0 22.7  0.0
  0.0  0.0  0.0  0.0  0.0 22.7  0.0 22.7  0.0  0.0 45.5  0.0  0.0 68.2  0.0
  0.0  0.0  0.0  0.0  0.0  0.0  0.0  0.0  0.0  0.0  0.0  0.0  0.0  0.0  0.0
  0.0  0.0  0.0  0.0  0.0  0.0  0.0  0.0  0.0  0.0  0.0  0.0  0.0  0.0  0.0
  0.0  0.0  0.0  0.0  0.0  0.0  0.0  0.0  0.0  0.0  0.0  0.0  0.0  0.0  0.0
  0.0  0.0  0.0  0.0  0.0  0.0  0.0  0.0  0.0  0.0  0.0  0.0  0.0  0.0  0.0
  0.0  0.0  0.0  0.0  0.0  0.0  0.0  0.0 22.7 22.7 45.5  0.0  0.0  0.0  0.0
  0.0 22.7  0.0  0.0  0.0  0.0  0.0  0.0  0.0  0.0 22.7  0.0  0.0  0.0  0.0
    -30.73     -5.73      0.97      4.22     -0.18  0.0  0.0  0.0  0.0  0.0
                                     t000293_s8_p1_el2ap.txt 21.8  5.5  110
  0.0  0.0  0.0 81.8  0.0  0.0  0.0  0.0  0.0 18.2  0.0  0.0  0.0  0.0  0.0
  9.1  0.0 18.2  9.1  0.0  0.0336.4118.2100.0  9.1  0.0  9.1  0.0  0.0  0.0
  0.0  0.0  0.0  0.0  0.0 18.2  0.0  0.0  0.0  0.0  0.0  0.0  9.1  9.1  0.0
 18.2  0.0  9.1  0.0  9.1 18.2  9.1 27.3  0.0  0.0118.2  0.0  0.0109.1  0.0
  0.0  0.0  0.0  0.0  0.0  0.0  0.0  0.0  0.0  0.0  0.0  0.0  0.0  0.0  0.0
  0.0  0.0  0.0  0.0  0.0  0.0  9.1  0.0  0.0  0.0  0.0  0.0  0.0  0.0  0.0
  0.0  0.0  0.0  0.0  0.0  0.0  0.0  0.0  0.0  0.0  0.0  0.0  0.0  0.0  0.0
  9.1  0.0  0.0  9.1  0.0  0.0  0.0  0.0  0.0  0.0  0.0  0.0  0.0  0.0  0.0
  0.0  0.0  0.0  0.0  0.0  0.0  0.0  9.1 27.3  0.0 27.3  9.1  9.1  0.0  0.0
  0.0  9.1  9.1  0.0  0.0  0.0  0.0  0.0  9.1  9.1 18.2  9.1  9.1  0.0  0.0
    -16.25     -3.68     -0.06     -6.61      9.30  0.0  0.0  0.0  0.0  0.0
                                     t000293_s8_p2_el2ap.txt 19.5  5.4  108
  9.3  0.0  0.0 64.8  0.0  0.0  0.0  0.0  0.0  9.3  9.3  0.0  0.0  0.0  0.0
  0.0  0.0  9.3  9.3  0.0  0.0324.1157.4 46.3 18.5  0.0 18.5  0.0  0.0  0.0
  0.0  9.3  0.0  0.0  0.0 18.5  0.0  0.0  9.3  0.0  0.0  0.0  0.0  0.0  0.0
  9.3  0.0  0.0  0.0  9.3  9.3 18.5  9.3  0.0  0.0 83.3  0.0  0.0101.9  9.3
  0.0  0.0  0.0  0.0  0.0  0.0  0.0  0.0  0.0  0.0  0.0  0.0  0.0  0.0  0.0
  0.0  0.0  0.0  0.0  0.0  0.0  0.0  0.0  0.0  0.0  0.0  0.0  0.0  0.0  0.0
  0.0  0.0  0.0  0.0  0.0  0.0  0.0  0.0  0.0  0.0  0.0  0.0  0.0  0.0  0.0
  0.0  0.0  0.0  0.0  0.0  0.0  0.0  0.0  0.0  0.0  0.0  0.0  0.0  0.0  0.0
  0.0  0.0  0.0  0.0  0.0  0.0  0.0  0.0 27.8  9.3 27.8  0.0  0.0  0.0  0.0
  0.0  0.0  0.0  0.0  0.0  0.0  0.0 18.5  9.3  9.3  0.0  0.0  0.0  0.0  0.0
    -20.44     -1.56      3.35     -3.62     -0.64  0.0 18.5  0.0  0.0  0.0
                                     t000293_s8_p3_el2ap.txt 17.3  5.6   93
  0.0  0.0  0.0 86.0  0.0  0.0  0.0  0.0  0.0 10.8  0.0  0.0  0.0  0.0  0.0
  0.0  0.0 21.5  0.0  0.0  0.0365.6129.0 43.0 21.5  0.0  0.0  0.0  0.0  0.0
  0.0  0.0  0.0  0.0  0.0 21.5 10.8  0.0  0.0  0.0  0.0  0.0  0.0 21.5  0.0
  0.0 21.5  0.0  0.0  0.0 21.5 21.5 21.5  0.0  0.0 43.0  0.0  0.0118.3  0.0
  0.0  0.0  0.0  0.0  0.0  0.0  0.0  0.0  0.0  0.0  0.0  0.0  0.0  0.0  0.0
  0.0  0.0  0.0  0.0  0.0  0.0 10.8  0.0  0.0  0.0  0.0  0.0  0.0  0.0  0.0
  0.0  0.0  0.0 10.8  0.0  0.0  0.0  0.0  0.0  0.0  0.0  0.0  0.0  0.0  0.0
 10.8  0.0  0.0 10.8 10.8  0.0 10.8  0.0  0.0  0.0  0.0  0.0  0.0  0.0  0.0
  0.0  0.0  0.0  0.0  0.0  0.0  0.0  0.0 21.5  0.0 21.5 10.8  0.0  0.0  0.0
  0.0  0.0  0.0  0.0  0.0  0.0  0.0 10.8 10.8 10.8  0.0  0.0 32.3  0.0  0.0
    -20.12     -5.02     -0.25     -6.61     -0.37 21.5  0.0  0.0  0.0  0.0
                                     t000293_s8_p4_el2ap.txt  5.5  4.3   24
  0.0  0.0  0.0  0.0  0.0  0.0  0.0  0.0  0.0  0.0  0.0  0.0  0.0  0.0  0.0
  0.0  0.0  0.0  0.0  0.0  0.0416.7250.0 41.7 41.7  0.0  0.0  0.0  0.0  0.0
  0.0  0.0  0.0  0.0  0.0  0.0 41.7  0.0  0.0  0.0  0.0  0.0  0.0  0.0  0.0
  0.0  0.0  0.0  0.0  0.0  0.0  0.0  0.0  0.0  0.0 41.7  0.0  0.0 41.7  0.0
  0.0  0.0  0.0  0.0  0.0  0.0  0.0  0.0  0.0  0.0  0.0  0.0  0.0  0.0  0.0
  0.0  0.0  0.0  0.0  0.0  0.0  0.0  0.0  0.0  0.0  0.0  0.0  0.0  0.0  0.0
  0.0  0.0  0.0  0.0  0.0  0.0  0.0  0.0  0.0  0.0  0.0  0.0  0.0  0.0  0.0
  0.0  0.0  0.0  0.0  0.0  0.0  0.0  0.0  0.0  0.0  0.0  0.0  0.0  0.0  0.0
  0.0  0.0  0.0  0.0  0.0  0.0  0.0  0.0 41.7  0.0  0.0  0.0 41.7  0.0  0.0
  0.0  0.0  0.0  0.0  0.0  0.0  0.0  0.0  0.0  0.0  0.0  0.0  0.0  0.0  0.0
    -33.11     -4.36      0.97     -6.61     -3.63  0.0  0.0  0.0  0.0  0.0
                                     t000294_s1_p1_el2ap.txt  7.8  5.2   40
  0.0  0.0  0.0 50.0  0.0  0.0  0.0  0.0 25.0  0.0  0.0  0.0  0.0  0.0  0.0
  0.0  0.0  0.0 25.0  0.0  0.0375.0175.0 25.0  0.0  0.0  0.0  0.0  0.0  0.0
  0.0  0.0  0.0  0.0  0.0 25.0  0.0  0.0  0.0  0.0  0.0  0.0  0.0  0.0 25.0
  0.0 50.0  0.0  0.0  0.0  0.0 75.0 25.0  0.0  0.0 25.0 25.0 25.0 75.0  0.0
  0.0  0.0  0.0  0.0  0.0  0.0  0.0  0.0  0.0  0.0  0.0  0.0  0.0  0.0  0.0
  0.0  0.0  0.0  0.0  0.0  0.0  0.0  0.0  0.0  0.0  0.0  0.0  0.0  0.0  0.0
  0.0  0.0  0.0  0.0  0.0  0.0  0.0  0.0  0.0  0.0  0.0  0.0  0.0  0.0  0.0
  0.0  0.0  0.0  0.0  0.0  0.0  0.0  0.0  0.0  0.0  0.0  0.0  0.0  0.0  0.0
  0.0  0.0  0.0  0.0  0.0  0.0  0.0  0.0  0.0 25.0  0.0  0.0  0.0  0.0  0.0
  0.0  0.0  0.0  0.0  0.0  0.0  0.0  0.0 25.0  0.0  0.0  0.0  0.0  0.0  0.0
    -22.85     -5.73     -0.45     -6.61     15.60 25.0  0.0  0.0  0.0  0.0
                                     t000294_s1_p2_el2ap.txt 20.3  5.3  114
  8.8  0.0  0.0 35.1  0.0  0.0  0.0  0.0  0.0  0.0  0.0  0.0  0.0  0.0  0.0
  0.0  0.0  8.8  0.0  0.0  0.0438.6149.1 61.4  0.0  0.0  8.8  0.0  0.0  0.0
  0.0  0.0  0.0  0.0  8.8  8.8  8.8  0.0  0.0  0.0  0.0  0.0  0.0  8.8  0.0
  0.0  8.8  0.0  8.8  0.0  8.8  8.8  8.8  0.0  0.0 70.2  0.0  0.0 61.4  8.8
  8.8  0.0  0.0  0.0  0.0  0.0  0.0  0.0  0.0  0.0  0.0  0.0  0.0  0.0  0.0
  0.0  0.0  0.0  0.0  0.0  0.0  0.0  0.0  0.0  0.0  0.0  0.0  0.0  0.0  0.0
  0.0  0.0  0.0  0.0  0.0  0.0  0.0  0.0  0.0  0.0  0.0  0.0  0.0  0.0  0.0
  0.0  0.0  0.0  0.0  0.0  0.0  0.0  0.0  0.0  0.0  0.0  0.0  0.0  0.0  0.0
  0.0  0.0  0.0  8.8  0.0  0.0  0.0  0.0 26.3  8.8  8.8 26.3  8.8  0.0  0.0
  0.0  0.0  0.0  0.0  8.8  0.0  8.8 17.5  0.0  0.0  0.0  0.0  8.8  0.0  0.0
    -29.16     -4.04     -2.10     -6.61     -2.30  0.0  8.8  0.0  0.0  0.0
                                     t000294_s1_p3_el2ap.txt  6.0  5.3   27
  0.0  0.0  0.0 74.1  0.0  0.0 37.0 37.0  0.0 37.0  0.0  0.0  0.0  0.0  0.0
  0.0  0.0 37.0 37.0  0.0  0.0222.2111.1185.2  0.0  0.0  0.0  0.0  0.0  0.0
  0.0  0.0  0.0  0.0  0.0 37.0  0.0  0.0  0.0  0.0  0.0  0.0  0.0  0.0 37.0
  0.0  0.0  0.0  0.0  0.0 37.0 37.0 37.0  0.0  0.0185.2  0.0  0.0111.1 37.0
  0.0  0.0  0.0  0.0  0.0  0.0  0.0  0.0  0.0  0.0  0.0  0.0  0.0  0.0  0.0
  0.0  0.0  0.0  0.0  0.0  0.0  0.0  0.0  0.0  0.0  0.0  0.0  0.0  0.0  0.0
  0.0  0.0  0.0  0.0  0.0  0.0  0.0  0.0  0.0  0.0  0.0  0.0  0.0 37.0  0.0
  0.0  0.0  0.0  0.0  0.0  0.0  0.0 37.0  0.0  0.0  0.0  0.0  0.0  0.0  0.0
  0.0  0.0  0.0  0.0  0.0  0.0  0.0 37.0  0.0  0.0  0.0  0.0  0.0  0.0  0.0
  0.0  0.0  0.0  0.0  0.0  0.0 37.0  0.0  0.0  0.0 37.0  0.0  0.0  0.0  0.0
      9.69     -5.73     -1.13     -6.61     24.86  0.0 37.0  0.0  0.0  0.0
                                    t000294_s13_p1_el2ap.txt 15.3  4.9   79
 12.7  0.0  0.0 75.9  0.0  0.0  0.0  0.0  0.0 12.7  0.0  0.0  0.0  0.0  0.0
  0.0  0.0  0.0 25.3  0.0  0.0341.8113.9 50.6  0.0 25.3  0.0  0.0  0.0 12.7
  0.0  0.0  0.0  0.0  0.0 25.3 12.7  0.0  0.0  0.0  0.0  0.0  0.0 12.7  0.0
 12.7  0.0  0.0  0.0  0.0  0.0 25.3 25.3  0.0 12.7 75.9 25.3 25.3126.6  0.0
  0.0  0.0  0.0  0.0  0.0  0.0  0.0  0.0  0.0  0.0  0.0  0.0  0.0  0.0  0.0
  0.0  0.0  0.0  0.0  0.0  0.0  0.0  0.0  0.0 12.7  0.0  0.0  0.0  0.0  0.0
  0.0  0.0  0.0  0.0  0.0  0.0  0.0 12.7  0.0  0.0  0.0  0.0  0.0  0.0  0.0
  0.0 12.7  0.0 12.7  0.0 12.7 12.7  0.0  0.0  0.0  0.0  0.0  0.0  0.0  0.0
  0.0  0.0  0.0  0.0  0.0  0.0  0.0  0.0 12.7  0.0  0.0 12.7 25.3 12.7  0.0
  0.0  0.0  0.0  0.0  0.0 12.7  0.0 38.0  0.0 12.7  0.0  0.0 12.7  0.0  0.0
    -17.32     -4.60      5.86     -6.61      2.37  0.0  0.0  0.0  0.0  0.0
                                   t000294_s13_p10_el2ap.txt 17.5  5.5   87
 11.5  0.0  0.0 92.0  0.0  0.0 11.5  0.0  0.0 11.5  0.0  0.0  0.0  0.0  0.0
  0.0  0.0 23.0 11.5  0.0  0.0275.9114.9 69.0 23.0  0.0  0.0  0.0  0.0  0.0
  0.0  0.0  0.0  0.0  0.0 69.0 11.5  0.0 11.5  0.0 23.0  0.0 11.5 23.0  0.0
  0.0 23.0 11.5 11.5 11.5 46.0 34.5 23.0  0.0  0.0 92.0  0.0  0.0137.9 11.5
  0.0  0.0  0.0  0.0  0.0  0.0  0.0  0.0  0.0  0.0  0.0  0.0  0.0  0.0  0.0
  0.0  0.0  0.0  0.0  0.0 11.5  0.0  0.0  0.0  0.0  0.0  0.0  0.0  0.0  0.0
  0.0  0.0  0.0  0.0  0.0 11.5  0.0  0.0  0.0  0.0  0.0  0.0 11.5  0.0  0.0
 11.5  0.0  0.0 11.5  0.0 11.5 11.5 11.5  0.0  0.0  0.0  0.0  0.0  0.0  0.0
  0.0  0.0  0.0  0.0  0.0  0.0  0.0  0.0 11.5 11.5 23.0 23.0  0.0 11.5  0.0
  0.0  0.0 11.5  0.0  0.0  0.0  0.0 11.5  0.0 11.5  0.0  0.0 11.5  0.0  0.0
    -11.55     -4.97     -2.94      8.05      7.04  0.0  0.0  0.0  0.0  0.0
                                   t000294_s13_p11_el2ap.txt 23.0  6.0  130
  0.0  0.0  0.0 61.5  0.0  0.0  0.0  0.0  0.0  0.0  0.0  0.0  0.0  0.0  0.0
  0.0  0.0 15.4  0.0  0.0  0.0446.2138.5 92.3  0.0  0.0  0.0  0.0  0.0  7.7
  0.0  7.7  0.0  0.0  0.0 15.4  0.0  0.0  0.0  0.0 23.1  0.0  0.0 15.4  0.0
  0.0  0.0  0.0  0.0  0.0 38.5  7.7 15.4  0.0  7.7 92.3  0.0  0.0 61.5  0.0
 15.4  0.0  0.0  0.0  0.0  0.0  0.0  0.0  0.0  0.0  0.0  0.0  0.0  0.0  0.0
  0.0  0.0  0.0  0.0  0.0  0.0  0.0  0.0  0.0  0.0  0.0  0.0  0.0  0.0  0.0
  0.0  0.0  0.0  0.0  0.0  0.0  0.0  0.0  0.0  0.0  0.0  0.0  0.0  0.0  0.0
  0.0  0.0  0.0  0.0  0.0  0.0  0.0  0.0  0.0  0.0  0.0  0.0  0.0  0.0  0.0
  0.0  0.0  0.0  0.0  0.0  0.0  0.0  0.0  0.0  0.0 30.8  7.7 23.1  0.0  7.7
  0.0  7.7  7.7  0.0  0.0  0.0  0.0  7.7  0.0  0.0  0.0  0.0  0.0  0.0  0.0
    -30.44     -5.73      6.79      4.38     -1.30  0.0  0.0  0.0  0.0  0.0
                                   t000294_s13_p12_el2ap.txt 30.8  4.8  250
 12.0  0.0  0.0 76.0  0.0  0.0  4.0  0.0  0.0 24.0  8.0  0.0  0.0  0.0  0.0
  4.0  0.0 24.0  0.0  0.0  0.0284.0100.0 32.0  0.0  4.0  4.0  0.0  0.0  4.0
  0.0 12.0  0.0  0.0  0.0 36.0 24.0  0.0  0.0 12.0 24.0  4.0  8.0 40.0  0.0
  4.0  4.0  8.0  0.0  8.0 48.0 28.0 44.0  0.0  4.0 72.0  4.0  0.0104.0  0.0
  0.0  0.0  0.0  0.0  0.0  0.0  0.0  0.0  0.0  0.0  0.0  0.0  0.0  0.0  0.0
  0.0  0.0  0.0  0.0  0.0  4.0  4.0  0.0  0.0  0.0  0.0  0.0  0.0  0.0  0.0
  4.0  0.0  0.0  0.0  0.0  0.0  0.0  0.0  4.0  0.0  0.0  0.0  4.0  0.0  0.0
  8.0  0.0  0.0  8.0  4.0  4.0  8.0  4.0  0.0  0.0  0.0  0.0  0.0  0.0  0.0
  0.0  0.0  0.0  0.0  0.0  0.0  0.0  8.0 16.0  0.0  8.0 12.0  4.0  0.0  0.0
  4.0  0.0  0.0  0.0  0.0  4.0  0.0 40.0  0.0  8.0  4.0  0.0  0.0  0.0  0.0
     -7.61     -4.78      5.37     11.88      8.72  0.0  0.0  0.0  0.0  0.0
                                   t000294_s13_p13_el2ap.txt 14.8  4.8   87
  0.0  0.0  0.0 80.5  0.0  0.0 11.5  0.0  0.0 11.5  0.0  0.0  0.0  0.0  0.0
  0.0  0.0 23.0 23.0  0.0  0.0275.9103.4 23.0  0.0 23.0  0.0  0.0  0.0  0.0
  0.0  0.0  0.0 11.5 11.5 34.5 34.5  0.0  0.0  0.0 34.5  0.0 11.5 57.5  0.0
  0.0  0.0  0.0  0.0  0.0 57.5 23.0 57.5  0.0  0.0 57.5 23.0  0.0126.4  0.0
  0.0  0.0  0.0  0.0  0.0  0.0  0.0  0.0  0.0  0.0  0.0  0.0  0.0  0.0  0.0
  0.0  0.0  0.0  0.0  0.0  0.0  0.0  0.0  0.0  0.0  0.0  0.0  0.0  0.0  0.0
  0.0  0.0  0.0  0.0  0.0  0.0  0.0  0.0  0.0  0.0  0.0  0.0  0.0  0.0  0.0
  0.0  0.0  0.0  0.0  0.0  0.0  0.0  0.0  0.0  0.0  0.0  0.0  0.0  0.0  0.0
  0.0  0.0  0.0  0.0  0.0  0.0  0.0  0.0 46.0  0.0 23.0 46.0  0.0  0.0  0.0
  0.0  0.0 11.5  0.0  0.0  0.0  0.0 23.0  0.0  0.0  0.0  0.0 11.5  0.0  0.0
     -5.95     -4.71     -7.65      9.82     12.27  0.0  0.0  0.0  0.0  0.0
                                   t000294_s13_p14_el2ap.txt 31.0  4.8  231
  4.3  0.0  0.0 77.9  0.0  0.0  8.7  0.0  4.3 26.0  4.3  0.0  0.0  0.0  0.0
  0.0  0.0 17.3 13.0  0.0  0.0285.7138.5 47.6 13.0  0.0  4.3  0.0  0.0 13.0
  0.0  0.0  0.0  0.0  8.7 17.3 17.3  0.0  8.7  0.0 17.3  4.3  4.3 17.3  4.3
  4.3  0.0  8.7  0.0  4.3 34.6 13.0 26.0  0.0 13.0 56.3  4.3  0.0112.6 17.3
  4.3  0.0  0.0  0.0  0.0  0.0  0.0  0.0  0.0  0.0  0.0  0.0  0.0  0.0  0.0
  0.0  0.0  0.0  0.0  0.0  4.3  0.0  0.0  0.0  0.0  0.0  0.0  4.3  0.0  0.0
  0.0  4.3  0.0  0.0  0.0  0.0  0.0  0.0  0.0  0.0  0.0  0.0  0.0  0.0  0.0
  4.3  0.0  4.3  8.7  4.3  0.0  4.3  0.0  0.0  0.0  0.0  0.0  0.0  0.0  0.0
  0.0  0.0  0.0  0.0  0.0  0.0  0.0 13.0 21.6  8.7 26.0 17.3  8.7  0.0  0.0
  4.3  0.0  0.0  0.0  0.0  4.3  4.3 34.6  4.3 17.3  4.3  0.0  0.0  4.3  0.0
    -10.34     -4.47      3.94      6.17      6.43  0.0  0.0  0.0  0.0  0.0
                                   t000294_s13_p15_el2ap.txt 11.8  5.0   67
 14.9  0.0  0.0 44.8  0.0  0.0 14.9  0.0  0.0 14.9  0.0  0.0  0.0  0.0  0.0
  0.0  0.0  0.0  0.0  0.0  0.0298.5223.9 29.9 14.9  0.0  0.0  0.0  0.0 14.9
  0.0  0.0  0.0  0.0  0.0 44.8 29.9  0.0  0.0  0.0  0.0  0.0 29.9 14.9  0.0
  0.0  0.0  0.0  0.0 14.9  0.0  0.0 14.9  0.0 14.9 59.7  0.0  0.0 89.6  0.0
  0.0  0.0  0.0  0.0  0.0  0.0  0.0  0.0  0.0  0.0  0.0  0.0  0.0  0.0  0.0
  0.0  0.0  0.0  0.0  0.0  0.0  0.0  0.0  0.0  0.0  0.0  0.0  0.0  0.0  0.0
  0.0  0.0  0.0  0.0  0.0  0.0  0.0  0.0  0.0  0.0  0.0  0.0  0.0  0.0  0.0
  0.0  0.0  0.0  0.0  0.0  0.0  0.0  0.0  0.0  0.0  0.0  0.0  0.0  0.0  0.0
  0.0  0.0  0.0  0.0  0.0  0.0  0.0 29.9  0.0 14.9 59.7 29.9  0.0 29.9  0.0
  0.0 14.9  0.0  0.0  0.0  0.0  0.0  0.0  0.0 29.9  0.0 14.9  0.0  0.0  0.0
    -22.09     -5.24      5.89     -6.61     17.29  0.0  0.0  0.0  0.0  0.0
                                   t000294_s13_p16_el2ap.txt  8.0  5.0   46
  0.0  0.0  0.0 65.2  0.0  0.0  0.0  0.0  0.0  0.0  0.0  0.0  0.0  0.0  0.0
  0.0  0.0  0.0  0.0  0.0  0.0326.1130.4 65.2  0.0  0.0  0.0  0.0  0.0  0.0
  0.0 21.7  0.0  0.0  0.0  0.0 21.7  0.0  0.0  0.0 21.7  0.0  0.0 43.5  0.0
  0.0  0.0  0.0  0.0  0.0 21.7 21.7 43.5  0.0  0.0 87.0  0.0  0.0 87.0  0.0
  0.0  0.0  0.0  0.0  0.0  0.0  0.0  0.0  0.0  0.0  0.0  0.0  0.0  0.0  0.0
  0.0  0.0  0.0  0.0  0.0  0.0  0.0  0.0  0.0  0.0  0.0  0.0  0.0  0.0  0.0
  0.0  0.0  0.0  0.0  0.0  0.0  0.0  0.0  0.0  0.0  0.0  0.0  0.0  0.0  0.0
  0.0  0.0  0.0  0.0  0.0  0.0  0.0  0.0  0.0  0.0  0.0  0.0  0.0  0.0  0.0
  0.0  0.0  0.0  0.0  0.0  0.0  0.0 21.7 43.5  0.0 43.5  0.0  0.0  0.0  0.0
  0.0  0.0  0.0  0.0  0.0  0.0  0.0  0.0  0.0  0.0 21.7  0.0 21.7  0.0  0.0
    -27.08     -5.73      9.03      3.75      2.96  0.0  0.0  0.0  0.0  0.0
                                   t000294_s13_p17_el2ap.txt 24.3  5.0  143
  7.0  0.0  0.0 69.9  0.0  0.0  0.0  0.0  0.0 14.0  0.0  0.0  0.0  0.0  0.0
  0.0  0.0  0.0  7.0  0.0  0.0349.7104.9 55.9 28.0  7.0  0.0  0.0  7.0  0.0
  0.0 14.0  0.0  0.0  0.0  0.0  7.0  0.0  0.0  0.0 42.0  0.0  0.0 28.0  0.0
  0.0  7.0  7.0  0.0  0.0 42.0 28.0 28.0  0.0  7.0 55.9  7.0  7.0118.9  7.0
  0.0  0.0  0.0  0.0  0.0  0.0  0.0  0.0  0.0  0.0  0.0  0.0  0.0  0.0  0.0
  0.0  0.0  0.0  7.0  0.0  0.0  0.0  0.0  0.0  0.0  0.0  0.0  0.0  0.0  0.0
  0.0  7.0  0.0  0.0  0.0  0.0  0.0  0.0  0.0  0.0  0.0  0.0  0.0  0.0  0.0
  7.0  0.0  0.0  7.0  7.0  0.0  7.0  0.0  0.0  0.0  0.0  0.0  0.0  0.0  0.0
  0.0  0.0  0.0  0.0  0.0  0.0  0.0 21.0 28.0  7.0 21.0  7.0  0.0 14.0  0.0
  0.0  7.0  0.0  0.0  7.0  0.0  0.0 28.0  7.0 28.0  0.0  0.0  0.0  0.0  0.0
    -21.92     -4.50     10.27     13.37      0.61  0.0  0.0  0.0  0.0  0.0
                                   t000294_s13_p18_el2ap.txt 31.8  5.1  207
  0.0  0.0  0.0 72.5  0.0  0.0  0.0  0.0  0.0 14.5  0.0  0.0  0.0  0.0  0.0
  0.0  0.0  9.7  4.8  0.0  0.0333.3159.4 24.2 19.3  9.7  0.0  0.0  0.0  0.0
  0.0  0.0  0.0  4.8  4.8 43.5  0.0  0.0  4.8  0.0 14.5  0.0 14.5 33.8  0.0
  0.0  9.7  4.8  0.0  4.8 24.2 14.5 33.8  0.0  0.0 58.0  9.7  0.0 87.0  0.0
  4.8  4.8  0.0  0.0  0.0  0.0  0.0  0.0  0.0  0.0  0.0  0.0  0.0  0.0  0.0
  0.0  0.0  0.0  0.0  0.0  0.0  0.0  4.8  0.0  0.0  0.0  0.0  0.0  0.0  0.0
  0.0  0.0  0.0  0.0  0.0  0.0  0.0  0.0  0.0  0.0  0.0  0.0  0.0  0.0  0.0
  0.0  4.8  0.0  4.8  0.0  0.0  0.0  0.0  0.0  0.0  0.0  0.0  0.0  0.0  0.0
  0.0  0.0  0.0  0.0  0.0  0.0  0.0  9.7 38.6  4.8 14.5  9.7  4.8  9.7  9.7
  0.0  4.8  4.8  0.0  0.0  0.0  0.0 14.5  9.7  4.8  4.8  9.7  4.8  0.0  0.0
    -20.54     -4.66     -4.30      1.85     10.56  0.0  0.0  0.0  0.0  0.0
                                   t000294_s13_p19_el2ap.txt 10.5  5.0   60
  0.0  0.0  0.0  0.0  0.0  0.0  0.0  0.0  0.0  0.0  0.0  0.0  0.0  0.0  0.0
  0.0  0.0  0.0  0.0  0.0  0.0316.7183.3 16.7 33.3 33.3  0.0  0.0  0.0  0.0
 16.7  0.0  0.0  0.0  0.0 33.3  0.0  0.0  0.0  0.0  0.0  0.0  0.0  0.0 33.3
  0.0 50.0  0.0  0.0  0.0  0.0 50.0 33.3  0.0 16.7 16.7 33.3  0.0 50.0 16.7
 16.7  0.0  0.0  0.0  0.0  0.0  0.0  0.0  0.0  0.0  0.0  0.0  0.0  0.0  0.0
  0.0  0.0  0.0  0.0  0.0  0.0  0.0  0.0  0.0  0.0  0.0  0.0  0.0  0.0  0.0
  0.0  0.0  0.0  0.0  0.0  0.0  0.0  0.0  0.0  0.0  0.0  0.0  0.0  0.0  0.0
  0.0  0.0  0.0  0.0  0.0  0.0  0.0  0.0  0.0  0.0  0.0  0.0  0.0  0.0  0.0
  0.0  0.0  0.0  0.0  0.0  0.0  0.0  0.0 16.7  0.0 50.0  0.0  0.0  0.0  0.0
  0.0  0.0  0.0  0.0  0.0  0.0  0.0  0.0  0.0  0.0  0.0  0.0 16.7  0.0  0.0
    -28.35     -3.15     14.23     -6.61     22.01  0.0  0.0  0.0  0.0 16.7
                                    t000294_s13_p2_el2ap.txt 16.5  5.3   89
  0.0  0.0  0.0 56.2  0.0  0.0  0.0  0.0  0.0 11.2  0.0 11.2  0.0  0.0  0.0
  0.0  0.0  0.0  0.0  0.0  0.0337.1168.5 78.7  0.0  0.0 22.5  0.0  0.0 11.2
  0.0 11.2  0.0  0.0  0.0 33.7 22.5  0.0  0.0  0.0  0.0 11.2  0.0 33.7  0.0
 11.2  0.0  0.0  0.0  0.0  0.0 22.5 44.9  0.0 11.2 78.7  0.0  0.0112.4 22.5
  0.0  0.0  0.0  0.0  0.0  0.0  0.0  0.0  0.0  0.0  0.0  0.0  0.0  0.0  0.0
  0.0  0.0  0.0  0.0  0.0  0.0  0.0  0.0  0.0  0.0  0.0  0.0  0.0  0.0  0.0
  0.0  0.0  0.0  0.0  0.0  0.0  0.0  0.0  0.0  0.0  0.0  0.0  0.0  0.0  0.0
  0.0  0.0  0.0  0.0  0.0  0.0  0.0  0.0  0.0  0.0  0.0  0.0  0.0  0.0  0.0
  0.0  0.0  0.0  0.0  0.0  0.0  0.0 33.7  0.0 22.5 11.2 11.2 11.2  0.0  0.0
  0.0  0.0 11.2  0.0  0.0  0.0 11.2 11.2 11.2 22.5 22.5  0.0 11.2  0.0  0.0
    -22.41     -1.41      8.84     -2.11      5.11  0.0  0.0  0.0  0.0  0.0
                                   t000294_s13_p20_el2ap.txt 21.0  5.0  124
 24.2  0.0  0.0 64.5  0.0  0.0  0.0  0.0  8.1  8.1  0.0  0.0  0.0  0.0  0.0
  0.0  0.0  8.1  0.0  0.0  0.0282.3169.4 32.3  8.1  0.0 16.1  0.0  0.0  0.0
  0.0  0.0  0.0  0.0  0.0 64.5 24.2  0.0  0.0  0.0  0.0  0.0 16.1  8.1  0.0
  8.1 24.2  0.0  0.0  0.0  8.1 24.2 16.1  0.0  0.0 40.3  8.1  0.0112.9  0.0
  0.0  0.0  0.0  0.0  0.0  0.0  0.0  0.0  0.0  0.0  0.0  0.0  0.0  0.0  0.0
  0.0  0.0  0.0  0.0  0.0  0.0  0.0  0.0  0.0  0.0  0.0  0.0  0.0  0.0  0.0
  0.0  0.0  8.1  0.0  0.0  0.0  0.0  0.0  0.0  0.0  0.0  0.0  0.0  0.0  0.0
  0.0  0.0  0.0  0.0  8.1  0.0  8.1  0.0  0.0  0.0  0.0  0.0  0.0  0.0  0.0
  0.0  0.0  0.0  0.0  0.0  0.0  0.0  0.0  0.0  0.0 40.3  0.0  8.1  8.1  0.0
  8.1  0.0  0.0  0.0  0.0  0.0 16.1 16.1  8.1 16.1  0.0  0.0  8.1  0.0  0.0
    -19.68     -2.36     -2.69     -6.61     10.28  8.1  0.0  0.0  0.0  0.0
                                   t000294_s13_p21_el2ap.txt 19.3  5.0  100
 20.0  0.0  0.0 40.0  0.0  0.0  0.0  0.0  0.0 10.0  0.0  0.0  0.0  0.0  0.0
  0.0  0.0 10.0 20.0  0.0  0.0310.0170.0 60.0 20.0  0.0  0.0 10.0  0.0  0.0
  0.0  0.0  0.0  0.0  0.0 30.0 10.0  0.0  0.0  0.0  0.0  0.0 10.0 10.0  0.0
  0.0  0.0 10.0  0.0 10.0 10.0 20.0 10.0  0.0  0.0 90.0  0.0  0.0 90.0  0.0
  0.0  0.0  0.0  0.0  0.0  0.0  0.0  0.0  0.0  0.0  0.0  0.0  0.0  0.0  0.0
  0.0  0.0  0.0  0.0  0.0  0.0  0.0  0.0  0.0 10.0  0.0  0.0  0.0  0.0  0.0
  0.0  0.0  0.0  0.0  0.0  0.0  0.0 10.0  0.0  0.0  0.0  0.0  0.0 10.0  0.0
  0.0 10.0  0.0 10.0  0.0 10.0 10.0 10.0  0.0  0.0  0.0  0.0  0.0  0.0  0.0
  0.0  0.0  0.0  0.0  0.0  0.0  0.0  0.0 10.0  0.0 50.0 10.0  0.0 10.0 10.0
  0.0  0.0  0.0  0.0  0.0 10.0 10.0 20.0  0.0 30.0  0.0  0.0 10.0  0.0  0.0
    -18.19     -3.22     -0.73     -6.61      4.14  0.0  0.0  0.0  0.0  0.0
                                   t000294_s13_p22_el2ap.txt 10.3  5.0   48
 62.5  0.0  0.0 62.5  0.0  0.0  0.0  0.0  0.0  0.0  0.0  0.0  0.0  0.0  0.0
  0.0  0.0  0.0  0.0  0.0  0.0395.8166.7 83.3  0.0  0.0  0.0  0.0  0.0  0.0
  0.0  0.0  0.0  0.0  0.0  0.0  0.0  0.0  0.0  0.0  0.0  0.0  0.0  0.0  0.0
 20.8 20.8  0.0  0.0  0.0  0.0 20.8 20.8  0.0  0.0 83.3  0.0  0.0 83.3  0.0
  0.0  0.0  0.0  0.0  0.0  0.0  0.0  0.0  0.0  0.0  0.0  0.0  0.0  0.0  0.0
  0.0  0.0  0.0  0.0  0.0  0.0  0.0  0.0  0.0  0.0  0.0  0.0  0.0  0.0  0.0
  0.0  0.0  0.0  0.0  0.0  0.0  0.0  0.0  0.0  0.0  0.0  0.0  0.0  0.0  0.0
  0.0  0.0  0.0  0.0  0.0  0.0  0.0  0.0  0.0  0.0  0.0  0.0  0.0  0.0  0.0
  0.0  0.0  0.0  0.0  0.0  0.0  0.0  0.0 41.7 20.8 20.8  0.0  0.0  0.0 20.8
  0.0  0.0  0.0  0.0 20.8  0.0  0.0 62.5  0.0  0.0  0.0  0.0  0.0  0.0  0.0
    -25.40     -5.73      0.97     -6.61      3.09  0.0  0.0  0.0  0.0  0.0
                                   t000294_s13_p23_el2ap.txt 19.5  4.9  117
  8.5  8.5  0.0  0.0  0.0  0.0  0.0  0.0  0.0  8.5  0.0  0.0  0.0  0.0  0.0
  0.0  0.0  0.0 17.1  0.0  0.0299.1153.8 25.6 34.2  0.0  0.0  8.5  0.0  0.0
  8.5  0.0  0.0 25.6  8.5  8.5  0.0  0.0  0.0  0.0  0.0  0.0  0.0  0.0  0.0
  8.5  0.0  0.0  0.0  0.0  0.0 17.1  8.5  0.0  8.5 25.6  0.0  0.0 76.9 25.6
  0.0  0.0  0.0  0.0  0.0  0.0  0.0  0.0  0.0  0.0  0.0  0.0  0.0  0.0  0.0
  0.0  0.0  0.0  0.0  0.0  8.5  0.0  0.0  0.0  0.0  0.0  0.0  0.0  0.0  0.0
  0.0  0.0  0.0  0.0  0.0  0.0  0.0  0.0  0.0  0.0  0.0  0.0  0.0  0.0  0.0
  8.5  0.0  0.0  8.5  0.0  0.0  0.0  0.0  0.0  0.0  0.0  0.0  0.0  0.0  0.0
  0.0  0.0  0.0  8.5  0.0  0.0  0.0  8.5  8.5  8.5  0.0  0.0  0.0  0.0  0.0
  0.0  8.5  0.0  0.0  0.0  8.5  0.0 17.1  0.0  8.5  8.5  8.5  0.0  0.0  0.0
    -19.18     -3.02     -1.58     -6.61     -0.87  0.0  0.0  0.0  0.0  0.0
                                   t000294_s13_p24_el2ap.txt  9.3  4.9   47
 21.3  0.0  0.0 42.6  0.0  0.0  0.0  0.0  0.0 21.3  0.0  0.0  0.0  0.0  0.0
  0.0  0.0  0.0  0.0  0.0  0.0297.9191.5 85.1  0.0  0.0  0.0  0.0  0.0  0.0
  0.0  0.0  0.0  0.0  0.0  0.0 21.3  0.0  0.0  0.0  0.0  0.0  0.0 42.6  0.0
 21.3  0.0  0.0  0.0 21.3  0.0  0.0 63.8  0.0  0.0106.4  0.0  0.0106.4  0.0
  0.0  0.0  0.0  0.0  0.0  0.0  0.0  0.0  0.0  0.0  0.0  0.0  0.0  0.0  0.0
  0.0  0.0  0.0  0.0  0.0  0.0  0.0 21.3  0.0  0.0  0.0  0.0  0.0  0.0  0.0
  0.0  0.0  0.0  0.0  0.0  0.0  0.0  0.0 21.3  0.0  0.0  0.0  0.0  0.0  0.0
  0.0 21.3  0.0 21.3  0.0 21.3 21.3  0.0  0.0  0.0  0.0  0.0  0.0  0.0  0.0
  0.0  0.0  0.0  0.0  0.0  0.0  0.0  0.0 21.3  0.0 42.6 21.3  0.0 21.3 21.3
  0.0  0.0 21.3  0.0  0.0 21.3  0.0 21.3  0.0 21.3  0.0  0.0  0.0  0.0  0.0
    -25.16     -5.73      0.97     -6.61      9.68  0.0  0.0  0.0  0.0  0.0
                                   t000294_s13_p25_el2ap.txt 26.0  4.8  193
 20.7  5.2  0.0 31.1  0.0  0.0  5.2  0.0  5.2 15.5  0.0  0.0  0.0  0.0  0.0
  0.0  0.0  0.0  5.2  0.0  0.0310.9176.2 25.9 20.7  0.0  0.0  0.0  0.0  0.0
  0.0  0.0  0.0  0.0  0.0 41.5  5.2  5.2  0.0  0.0  5.2  0.0 15.5  5.2  0.0
  0.0  0.0  5.2  5.2  5.2 10.4  5.2  5.2  0.0  0.0 51.8  5.2  0.0 82.9 25.9
  0.0  0.0  0.0  0.0  0.0  0.0  0.0  0.0  0.0  0.0  0.0  0.0  0.0  0.0  0.0
  0.0  0.0  0.0  0.0  0.0  0.0 10.4  0.0  0.0  0.0  0.0  0.0  0.0  0.0  0.0
  0.0  5.2  0.0  0.0  0.0  0.0  0.0  0.0  0.0  0.0  0.0  0.0  0.0  0.0  0.0
 10.4  0.0  0.0 10.4  5.2  0.0  5.2  0.0  0.0  0.0  0.0  0.0  0.0  0.0  0.0
  0.0  0.0  0.0  0.0  0.0  0.0  0.0  0.0  0.0  0.0  5.2  5.2  0.0 15.5  0.0
  0.0  0.0  0.0  0.0  0.0  5.2  0.0 10.4  5.2  5.2  0.0 15.5 15.5  5.2  0.0
    -18.96     -5.05     -1.38     -2.90      6.87  0.0  0.0  5.2  0.0  0.0
                                   t000294_s13_p26_el2ap.txt 32.8  5.7  196
  0.0  0.0  0.0 20.4  0.0  0.0  0.0  0.0  0.0 10.2  0.0  0.0  0.0  0.0  0.0
  0.0  0.0  0.0  5.1  0.0  0.0367.3132.7 96.9 25.5  0.0 10.2 10.2  0.0  0.0
  0.0 10.2  0.0  5.1 10.2 25.5 10.2  0.0  0.0  0.0  0.0  0.0 10.2  0.0  0.0
  0.0 15.3  0.0  0.0 10.2  0.0 30.6  0.0  0.0  0.0122.4  0.0  0.0 81.6 10.2
  5.1  0.0  0.0  0.0  0.0  0.0  0.0  0.0  0.0  0.0  0.0  0.0  0.0  0.0  0.0
  0.0  0.0  0.0  0.0  0.0  0.0  0.0  5.1  0.0  0.0  0.0  0.0  0.0  0.0  0.0
  0.0  0.0  0.0  0.0  0.0  0.0  0.0  0.0  5.1  0.0  0.0  0.0  0.0  0.0  0.0
  0.0  5.1  0.0  5.1  0.0  5.1  5.1  0.0  0.0  0.0  0.0  0.0  0.0  0.0  0.0
  0.0  0.0  0.0  5.1  0.0  0.0  0.0  0.0 30.6  0.0 15.3 10.2  5.1  5.1  0.0
  0.0  0.0  0.0  0.0  0.0  0.0 15.3 15.3  0.0 10.2  5.1  0.0  5.1  0.0  0.0
    -30.49     -1.04     -1.16     -6.61      2.75  0.0  0.0  0.0  0.0  0.0
                                   t000294_s13_p27_el2ap.txt 24.5  5.7  130
  0.0  0.0  0.0 23.1  0.0  0.0  0.0  0.0  0.0 23.1  0.0  0.0  0.0  0.0  0.0
  0.0  0.0  7.7  0.0  0.0  0.0315.4153.8 76.9 61.5  0.0  0.0  0.0  0.0  7.7
  0.0  0.0  0.0  0.0  0.0 30.8 15.4  0.0  0.0  0.0  0.0  7.7  7.7 15.4  0.0
 23.1  7.7  0.0  0.0  0.0  7.7  7.7 38.5  0.0  7.7 92.3  0.0  7.7115.4  0.0
  7.7  0.0  0.0  0.0  0.0  0.0  0.0  0.0  0.0  0.0  0.0  0.0  0.0  0.0  0.0
  0.0  0.0  0.0  0.0  0.0  0.0  0.0  0.0  0.0  0.0  0.0  0.0  0.0  0.0  0.0
  0.0  0.0  0.0  0.0  0.0  0.0  0.0  0.0  0.0  0.0  0.0  0.0  0.0  0.0  0.0
  0.0  0.0  0.0  0.0  0.0  0.0  0.0  0.0  0.0  0.0  0.0  0.0  0.0  0.0  0.0
  0.0  0.0  0.0  0.0  0.0  0.0  0.0 23.1 30.8 15.4 38.5  7.7  0.0  0.0  0.0
  0.0  0.0  7.7  0.0  0.0  0.0  0.0 15.4  0.0  7.7  0.0  0.0 15.4  0.0  0.0
    -25.92     -3.70      3.07     -3.53     10.96  0.0  0.0  7.7  0.0  0.0
                                   t000294_s13_p28_el2ap.txt 15.3  5.0   86
 23.3  0.0  0.0 11.6  0.0  0.0  0.0  0.0  0.0 23.3  0.0  0.0  0.0  0.0  0.0
  0.0  0.0  0.0  0.0  0.0  0.0267.4209.3 58.1 69.8  0.0  0.0  0.0  0.0  0.0
  0.0  0.0  0.0 11.6 11.6  0.0 11.6  0.0  0.0  0.0  0.0  0.0  0.0  0.0  0.0
  0.0 11.6  0.0  0.0 11.6  0.0 11.6  0.0  0.0  0.0 93.0  0.0  0.0 93.0  0.0
  0.0  0.0  0.0  0.0  0.0  0.0  0.0  0.0  0.0  0.0  0.0  0.0  0.0  0.0  0.0
  0.0  0.0  0.0  0.0  0.0  0.0  0.0  0.0  0.0 11.6  0.0  0.0  0.0  0.0  0.0
  0.0  0.0  0.0  0.0  0.0  0.0  0.0 11.6  0.0  0.0  0.0  0.0  0.0  0.0  0.0
  0.0 11.6  0.0 11.6  0.0 11.6 11.6  0.0  0.0  0.0  0.0  0.0  0.0  0.0  0.0
  0.0 11.6  0.0  0.0  0.0  0.0  0.0 11.6 11.6  0.0  0.0 23.3 11.6 11.6  0.0
  0.0  0.0  0.0  0.0  0.0  0.0  0.0 34.9  0.0 23.3  0.0  0.0  0.0  0.0  0.0
    -24.33     -3.43     -5.77     -6.61     -3.63  0.0  0.0  0.0  0.0  0.0
                                   t000294_s13_p29_el2ap.txt 11.8  4.7   55
  0.0  0.0  0.0 72.7  0.0  0.0  0.0  0.0  0.0  0.0  0.0  0.0  0.0  0.0  0.0
  0.0  0.0  0.0  0.0  0.0  0.0327.3127.3 90.9  0.0  0.0  0.0 18.2 18.2 18.2
  0.0  0.0  0.0  0.0  0.0  0.0 18.2  0.0  0.0  0.0  0.0  0.0  0.0  0.0  0.0
  0.0  0.0 18.2  0.0  0.0  0.0  0.0  0.0  0.0 36.4 90.9  0.0  0.0 90.9  0.0
  0.0  0.0  0.0  0.0  0.0  0.0  0.0  0.0  0.0  0.0  0.0  0.0  0.0  0.0  0.0
  0.0  0.0  0.0  0.0 18.2  0.0  0.0  0.0  0.0  0.0  0.0  0.0  0.0  0.0  0.0
  0.0  0.0  0.0  0.0  0.0  0.0  0.0  0.0  0.0  0.0  0.0  0.0  0.0  0.0  0.0
 18.2  0.0  0.0 18.2  0.0  0.0  0.0  0.0  0.0  0.0  0.0  0.0  0.0  0.0  0.0
  0.0  0.0  0.0  0.0  0.0  0.0  0.0 18.2  0.0  0.0 54.5  0.0 18.2  0.0 54.5
  0.0  0.0  0.0  0.0 18.2  0.0  0.0 18.2  0.0 18.2  0.0  0.0 36.4  0.0  0.0
    -27.37     -2.36     20.76     -6.61     -3.63  0.0  0.0  0.0  0.0  0.0
                                    t000294_s13_p3_el2ap.txt 33.3  5.6  199
  5.0  0.0  0.0 60.3  0.0  0.0  0.0  5.0  0.0  5.0  0.0  0.0  0.0  5.0  0.0
  0.0  0.0 10.1 10.1  0.0  0.0361.8175.9 60.3 10.1  0.0  5.0  5.0  0.0  0.0
  0.0  0.0  0.0  0.0  0.0 35.2  0.0  0.0  0.0  0.0  5.0  0.0 10.1  5.0  0.0
  0.0 15.1  0.0  0.0  5.0 15.1 25.1  5.0  0.0  0.0 90.5  0.0  0.0 80.4  5.0
 15.1  0.0  0.0  0.0  0.0  0.0  0.0  0.0  0.0  0.0  0.0  0.0  0.0  0.0  0.0
  0.0  0.0  0.0  0.0  0.0  0.0  0.0  0.0  0.0  0.0  0.0  0.0  0.0  0.0  0.0
  0.0  0.0  0.0  0.0  0.0  0.0  0.0  0.0  0.0  0.0  0.0  0.0  0.0  0.0  0.0
  0.0  0.0  0.0  0.0  0.0  0.0  0.0  0.0  0.0  0.0  0.0  0.0  0.0  0.0  0.0
  0.0  0.0  0.0  0.0  0.0  0.0  0.0  5.0 15.1 15.1 30.2 35.2  0.0 20.1  0.0
  0.0  0.0  0.0  0.0  5.0  5.0 10.1 10.1 10.1  5.0  0.0  5.0 20.1  0.0  0.0
    -21.27     -3.50     -1.02     -4.21      3.42  0.0  0.0  5.0  0.0  0.0
                                    t000294_s13_p4_el2ap.txt 14.3  5.8   74
 13.5  0.0  0.0 40.5  0.0  0.0  0.0  0.0  0.0 13.5  0.0  0.0  0.0  0.0  0.0
  0.0  0.0  0.0  0.0  0.0  0.0364.9148.6 54.1 27.0  0.0  0.0  0.0  0.0  0.0
  0.0  0.0  0.0  0.0  0.0 13.5 27.0  0.0  0.0  0.0 13.5  0.0  0.0 13.5  0.0
  0.0 13.5  0.0  0.0 13.5 13.5 13.5 13.5  0.0  0.0 94.6  0.0  0.0 94.6  0.0
  0.0  0.0  0.0  0.0  0.0  0.0  0.0  0.0  0.0  0.0  0.0  0.0  0.0  0.0  0.0
  0.0  0.0  0.0  0.0  0.0 13.5  0.0  0.0  0.0  0.0  0.0  0.0  0.0  0.0  0.0
 13.5  0.0  0.0  0.0  0.0  0.0  0.0  0.0  0.0  0.0  0.0  0.0  0.0  0.0  0.0
 13.5  0.0  0.0 13.5 13.5  0.0 13.5  0.0  0.0  0.0  0.0  0.0  0.0  0.0  0.0
  0.0  0.0  0.0  0.0  0.0  0.0  0.0  0.0 13.5  0.0 13.5 13.5 13.5  0.0 13.5
 27.0  0.0  0.0  0.0  0.0 40.5  0.0 13.5  0.0 27.0  0.0  0.0 13.5  0.0  0.0
    -27.74     -4.84      0.21     -0.17     -1.58  0.0  0.0  0.0  0.0  0.0
                                    t000294_s13_p5_el2ap.txt 26.3  5.7  146
  6.8  0.0  0.0 61.6  0.0  0.0  0.0  0.0  0.0  6.8  0.0  0.0  0.0  0.0  0.0
  0.0  0.0  0.0  6.8  0.0  0.0411.0143.8 41.1 20.5  0.0  6.8  0.0  0.0  6.8
  0.0  0.0  0.0  0.0 13.7  6.8  0.0  0.0  0.0  0.0  0.0  0.0  0.0 27.4  0.0
  0.0 13.7  6.8  0.0 13.7  0.0 20.5 27.4  0.0  6.8 68.5  0.0  6.8 89.0  0.0
  6.8  0.0  0.0  0.0  0.0  0.0  0.0  0.0  0.0  0.0  0.0  0.0  0.0  0.0  0.0
  0.0  0.0  0.0  0.0  0.0  6.8  0.0  0.0  0.0  0.0  0.0  0.0  0.0  0.0  0.0
  0.0  0.0  0.0  0.0  0.0  0.0  0.0  0.0  0.0  0.0  0.0  0.0  0.0  0.0  0.0
  6.8  0.0  0.0  6.8  0.0  0.0  0.0  0.0  0.0  0.0  0.0  0.0  0.0  0.0  0.0
  0.0  6.8  0.0  6.8  0.0  0.0  0.0  0.0 27.4  6.8  6.8 47.9 20.5  6.8  0.0
 13.7  0.0  0.0  0.0  0.0  6.8  6.8 20.5  0.0  0.0  0.0  0.0 13.7  0.0  0.0
    -27.56     -3.73     -0.02     -6.61      0.52  0.0  0.0  0.0  0.0  0.0
                                    t000294_s13_p6_el2ap.txt 12.5  5.5   62
 16.1  0.0  0.0 64.5  0.0  0.0 16.1 16.1  0.0  0.0  0.0 16.1  0.0  0.0  0.0
  0.0  0.0 32.3 16.1  0.0  0.0354.8145.2 48.4 16.1  0.0  0.0  0.0  0.0  0.0
  0.0  0.0  0.0  0.0  0.0 16.1  0.0  0.0  0.0  0.0  0.0 16.1  0.0  0.0 16.1
  0.0  0.0 16.1  0.0  0.0 32.3 32.3 16.1  0.0  0.0 80.6  0.0  0.0112.9 32.3
 16.1  0.0  0.0  0.0  0.0  0.0  0.0  0.0  0.0  0.0  0.0  0.0  0.0  0.0  0.0
  0.0  0.0  0.0  0.0  0.0  0.0 16.1  0.0  0.0  0.0  0.0  0.0  0.0  0.0  0.0
  0.0  0.0  0.0  0.0  0.0  0.0  0.0  0.0  0.0  0.0  0.0  0.0  0.0  0.0  0.0
 16.1  0.0  0.0 16.1  0.0  0.0  0.0  0.0  0.0  0.0  0.0  0.0  0.0  0.0  0.0
  0.0  0.0  0.0  0.0  0.0  0.0  0.0  0.0  0.0  0.0 48.4 16.1 16.1  0.0  0.0
  0.0  0.0  0.0  0.0  0.0  0.0  0.0  0.0  0.0  0.0  0.0  0.0 48.4  0.0  0.0
      1.93     -5.20      0.06     -0.15      8.78  0.0  0.0  0.0  0.0  0.0
                                    t000294_s13_p7_el2ap.txt 27.3  5.3  148
  0.0  0.0  0.0 74.3  0.0  0.0  0.0  0.0  0.0 13.5  0.0  0.0  0.0  0.0  0.0
  0.0  0.0  6.8  6.8  0.0  0.0331.1155.4 54.1  0.0  6.8  0.0  0.0  0.0 13.5
  0.0  6.8  0.0  0.0  0.0 13.5 20.3  0.0  0.0  0.0  0.0  0.0  0.0 13.5  0.0
  6.8  0.0  0.0  0.0  0.0  6.8 13.5 20.3  0.0 13.5 67.6  6.8  0.0101.4  0.0
  6.8  0.0  0.0  0.0  0.0  0.0  0.0  0.0  0.0  0.0  0.0  0.0  0.0  0.0  0.0
  0.0  0.0  0.0  6.8  0.0  0.0  0.0  0.0  0.0  0.0  0.0  0.0  0.0  0.0  0.0
  0.0  0.0  6.8  0.0  0.0  0.0  0.0  0.0  0.0  0.0  0.0  0.0  0.0  0.0  0.0
  6.8  0.0  0.0  6.8  6.8  0.0  6.8  0.0  0.0  0.0  0.0  0.0  0.0  0.0  0.0
  0.0  0.0  0.0  0.0  0.0  0.0  0.0  6.8  6.8  0.0 20.3  6.8  0.0  0.0  0.0
  6.8 13.5  0.0  0.0  0.0  0.0 13.5 13.5  0.0  6.8  0.0  6.8  6.8  0.0  0.0
    -22.83     -5.43      9.47     -6.61      0.60  0.0  0.0  0.0  0.0  0.0
                                    t000294_s13_p8_el2ap.txt 16.0  5.6   82
 12.2  0.0  0.0 61.0  0.0  0.0  0.0  0.0  0.0 12.2 12.2  0.0  0.0  0.0  0.0
  0.0  0.0 24.4  0.0  0.0  0.0353.7134.1 48.8 36.6  0.0 12.2  0.0  0.0  0.0
  0.0  0.0  0.0  0.0  0.0 48.8  0.0  0.0  0.0  0.0  0.0  0.0 24.4 24.4  0.0
  0.0  0.0 12.2  0.0 12.2 24.4  0.0 24.4  0.0  0.0 85.4  0.0  0.0109.8  0.0
 24.4  0.0  0.0  0.0  0.0  0.0  0.0  0.0  0.0  0.0  0.0  0.0  0.0  0.0  0.0
  0.0  0.0  0.0  0.0  0.0 12.2  0.0  0.0  0.0  0.0  0.0  0.0  0.0  0.0  0.0
  0.0  0.0  0.0  0.0  0.0 12.2  0.0  0.0  0.0  0.0  0.0  0.0  0.0  0.0  0.0
 12.2  0.0  0.0 12.2  0.0 12.2 12.2  0.0  0.0  0.0  0.0  0.0  0.0  0.0  0.0
  0.0  0.0  0.0  0.0  0.0  0.0  0.0  0.0 61.0  0.0 12.2 24.4  0.0 24.4  0.0
  0.0 12.2  0.0  0.0  0.0  0.0  0.0 24.4  0.0 12.2 12.2  0.0  0.0  0.0  0.0
    -17.70     -2.18     -1.80     -6.61     15.31  0.0  0.0  0.0  0.0  0.0
                                    t000294_s13_p9_el2ap.txt 11.5  5.1   56
 17.9  0.0  0.0 17.9  0.0  0.0  0.0  0.0  0.0  0.0  0.0  0.0  0.0  0.0  0.0
  0.0  0.0  0.0  0.0  0.0  0.0410.7196.4 53.6 17.9  0.0  0.0  0.0  0.0  0.0
  0.0  0.0  0.0  0.0  0.0 17.9  0.0  0.0  0.0  0.0  0.0  0.0  0.0  0.0  0.0
  0.0  0.0  0.0  0.0  0.0  0.0  0.0  0.0  0.0  0.0 71.4  0.0  0.0 53.6 17.9
  0.0  0.0  0.0  0.0  0.0  0.0  0.0  0.0  0.0  0.0  0.0  0.0  0.0  0.0  0.0
  0.0  0.0  0.0  0.0  0.0  0.0  0.0  0.0  0.0  0.0  0.0  0.0  0.0  0.0  0.0
  0.0  0.0  0.0  0.0  0.0  0.0  0.0  0.0  0.0  0.0  0.0  0.0  0.0  0.0  0.0
  0.0  0.0  0.0  0.0  0.0  0.0  0.0  0.0  0.0  0.0  0.0  0.0  0.0  0.0  0.0
  0.0  0.0  0.0  0.0  0.0  0.0  0.0 17.9 53.6  0.0 35.7 35.7  0.0  0.0 17.9
  0.0  0.0  0.0  0.0  0.0  0.0  0.0 17.9  0.0 17.9  0.0  0.0  0.0  0.0  0.0
    -31.42     -5.14     -0.04     -6.61     -3.63  0.0  0.0  0.0  0.0  0.0
                                     t000294_s4_p1_el2ap.txt 17.3  5.1   94
 10.6  0.0  0.0 53.2  0.0  0.0  0.0  0.0  0.0 21.3  0.0  0.0  0.0  0.0  0.0
  0.0  0.0 10.6 10.6  0.0  0.0319.1159.6 74.5  0.0  0.0  0.0  0.0  0.0  0.0
  0.0 10.6  0.0 10.6  0.0 42.6 42.6  0.0  0.0  0.0  0.0  0.0 10.6 10.6  0.0
  0.0  0.0 10.6  0.0 10.6 10.6 21.3 10.6  0.0  0.0 85.1  0.0  0.0106.4  0.0
  0.0  0.0  0.0  0.0  0.0  0.0  0.0  0.0  0.0  0.0  0.0  0.0  0.0  0.0  0.0
  0.0  0.0  0.0 10.6  0.0 10.6  0.0  0.0  0.0 10.6  0.0  0.0  0.0  0.0  0.0
  0.0  0.0 10.6  0.0  0.0  0.0  0.0 10.6  0.0  0.0  0.0  0.0  0.0  0.0  0.0
 21.3 10.6  0.0 31.9 10.6 10.6 21.3  0.0  0.0  0.0  0.0  0.0  0.0  0.0  0.0
  0.0  0.0  0.0  0.0  0.0  0.0  0.0 10.6 21.3 10.6 21.3  0.0  0.0 21.3  0.0
 10.6 10.6  0.0  0.0  0.0 10.6  0.0 10.6  0.0 21.3 21.3  0.0  0.0  0.0  0.0
    -19.79     -5.73     -0.54     -6.61      4.63  0.0  0.0  0.0  0.0  0.0
                                     t000294_s7_p1_el2ap.txt 33.0  5.3  228
  4.4  0.0  0.0 26.3  0.0  0.0  8.8  4.4  4.4  4.4  0.0  0.0  0.0  0.0  0.0
  0.0  0.0  4.4  8.8  0.0  0.0328.9153.5 65.8 35.1  8.8  0.0  8.8  4.4  0.0
  4.4  0.0  0.0  4.4  4.4 35.1  0.0  0.0  0.0  0.0  0.0  4.4  8.8 17.5  0.0
  8.8  0.0  0.0  0.0  0.0  4.4  8.8 26.3  0.0  8.8100.9 13.2  0.0 74.6  0.0
  0.0  0.0  0.0  0.0  0.0  0.0  0.0  0.0  0.0  0.0  0.0  0.0  0.0  0.0  0.0
  0.0  0.0  0.0  0.0  0.0  0.0  0.0  0.0  0.0  0.0  0.0  0.0  0.0  0.0  0.0
  0.0  0.0  0.0  0.0  0.0  0.0  0.0  0.0  0.0  0.0  0.0  0.0  0.0  0.0  0.0
  0.0  0.0  0.0  0.0  0.0  0.0  0.0  0.0  0.0  0.0  0.0  0.0  0.0  0.0  0.0
  0.0  0.0  0.0  0.0  0.0  0.0  0.0  4.4  0.0  0.0 35.1  8.8  8.8  4.4  4.4
  0.0  0.0  0.0  0.0  0.0  0.0  8.8  4.4  8.8  8.8 13.2  0.0  0.0  0.0  0.0
    -22.90     -2.56      3.00     -4.85      7.34  0.0  0.0  0.0  0.0  0.0
                                     t000294_s7_p2_el2ap.txt 29.5  5.6  167
  0.0  0.0  0.0 47.9  0.0  0.0  0.0  0.0  0.0  6.0  0.0  0.0  0.0  0.0  0.0
  6.0  0.0  0.0 12.0  0.0  0.0347.3167.7 65.9 59.9  0.0  6.0  6.0  6.0  0.0
  6.0  6.0  0.0  6.0  0.0 18.0  6.0  0.0  0.0  0.0  0.0  6.0 12.0  6.0  0.0
  6.0  0.0  0.0  0.0  0.0  0.0 18.0 12.0  0.0 12.0 83.8  0.0  0.0107.8  0.0
  0.0  0.0  0.0  0.0  0.0  0.0  0.0  0.0  0.0  0.0  0.0  0.0  0.0  0.0  0.0
  0.0  0.0  0.0  0.0  0.0  6.0  0.0  0.0  0.0  0.0  0.0  0.0  0.0  0.0  0.0
  6.0  0.0  0.0  0.0  6.0  0.0  0.0  0.0  0.0  0.0  0.0  0.0  0.0  0.0  0.0
  6.0  0.0  0.0  6.0  6.0  6.0 12.0  0.0  0.0  0.0  0.0  0.0  0.0  0.0  0.0
  0.0  0.0  0.0  0.0  0.0  0.0  0.0 12.0  0.0  0.0  6.0  6.0 24.0 12.0  0.0
  6.0  6.0  0.0  0.0  0.0  0.0 24.0  6.0  6.0  6.0  0.0  0.0  6.0  0.0  0.0
    -25.48     -1.50      9.43     -4.21      6.70  0.0  0.0  0.0  0.0  0.0
                                     t000294_s7_p3_el2ap.txt 20.8  5.2  115
 17.4  0.0  0.0  8.7  0.0  0.0  0.0  0.0  0.0  0.0  0.0  0.0  0.0  0.0  0.0
  0.0  0.0  0.0 26.1  0.0  0.0365.2121.7 34.8 52.2 26.1  0.0  8.7  0.0  8.7
  0.0  0.0  0.0  0.0  0.0 26.1  0.0  0.0  8.7  8.7  0.0  0.0  8.7  0.0  0.0
  0.0  0.0  0.0  0.0  0.0  0.0 34.8  0.0  0.0  8.7 69.6 26.1  0.0 95.7 26.1
  0.0  0.0  0.0  0.0  0.0  0.0  0.0  0.0  0.0  0.0  0.0  0.0  0.0  0.0  0.0
  0.0  0.0  0.0  0.0  0.0  0.0  0.0  0.0  0.0  0.0  0.0  0.0  0.0  0.0  0.0
  0.0  0.0  0.0  0.0  0.0  0.0  0.0  0.0  0.0  0.0  0.0  0.0  0.0  0.0  0.0
  0.0  0.0  0.0  0.0  0.0  0.0  0.0  0.0  0.0  0.0  0.0  0.0  0.0  0.0  0.0
  0.0  0.0  0.0  0.0  0.0  0.0  0.0 17.4  8.7  0.0 17.4 60.9  0.0  8.7  0.0
  0.0  0.0  0.0  0.0  0.0  0.0  8.7  0.0 17.4  8.7  0.0  0.0 17.4  0.0  0.0
    -21.15     -1.24      3.84      0.15      1.81  0.0  8.7  0.0  0.0  0.0
                                     t000294_s7_p4_el2ap.txt 32.3  4.9  257
  0.0  0.0  0.0 27.2  0.0  0.0  0.0  0.0  3.9 11.7  0.0  0.0  0.0  0.0  0.0
  0.0  0.0  3.9  7.8  0.0  0.0311.3190.7 54.5 42.8  3.9  7.8  0.0  3.9  0.0
  3.9  0.0  0.0  0.0  0.0 31.1 15.6  0.0  0.0  0.0  0.0  0.0 11.7 11.7  0.0
 11.7  3.9  3.9  0.0  3.9  3.9 11.7 23.3  0.0  7.8 73.9  7.8  0.0108.9 11.7
  7.8  0.0  0.0  0.0  0.0  0.0  0.0  0.0  0.0  0.0  0.0  0.0  0.0  0.0  0.0
  0.0  0.0  0.0  0.0  0.0  0.0  3.9  0.0  0.0  3.9  0.0  0.0  0.0  0.0  0.0
  0.0  7.8  0.0  3.9  0.0  0.0  0.0  3.9  0.0  0.0  0.0  0.0  0.0  0.0  0.0
  3.9  3.9  0.0  7.8 11.7  3.9 15.6  0.0  0.0  0.0  0.0  0.0  0.0  0.0  0.0
  0.0  0.0  0.0  0.0  0.0  0.0  0.0  3.9  7.8  0.0 38.9  3.9 11.7 11.7 15.6
  7.8  0.0  7.8  0.0  0.0  0.0 15.6 15.6  7.8 15.6  0.0  3.9  3.9  3.9  0.0
    -24.86     -2.65      5.03     -6.61      9.20  0.0  0.0  0.0  0.0  0.0
                                     t000294_s7_p5_el2ap.txt  8.8  4.9   44
  0.0  0.0  0.0 45.5  0.0  0.0  0.0  0.0 22.7  0.0  0.0  0.0  0.0  0.0  0.0
  0.0  0.0  0.0  0.0  0.0  0.0295.5181.8 22.7 22.7  0.0  0.0  0.0  0.0  0.0
  0.0  0.0  0.0  0.0  0.0 45.5  0.0  0.0  0.0  0.0  0.0  0.0  0.0  0.0 22.7
  0.0 45.5  0.0  0.0  0.0  0.0 45.5 22.7  0.0  0.0 45.5 22.7 22.7 90.9  0.0
  0.0  0.0  0.0  0.0  0.0  0.0  0.0  0.0  0.0  0.0  0.0  0.0  0.0  0.0  0.0
  0.0  0.0  0.0  0.0  0.0  0.0  0.0  0.0  0.0  0.0  0.0  0.0  0.0  0.0  0.0
  0.0  0.0  0.0  0.0  0.0  0.0  0.0  0.0  0.0  0.0  0.0  0.0  0.0  0.0  0.0
  0.0  0.0  0.0  0.0  0.0  0.0  0.0  0.0  0.0  0.0  0.0  0.0  0.0  0.0  0.0
  0.0  0.0  0.0  0.0  0.0  0.0  0.0  0.0  0.0 45.5  0.0 22.7  0.0  0.0  0.0
  0.0  0.0  0.0  0.0  0.0  0.0  0.0  0.0 22.7  0.0  0.0  0.0  0.0  0.0  0.0
    -25.35     -4.98     -1.61     -6.61     13.86 22.7  0.0  0.0  0.0  0.0
                                     t000299_s1_p2_el2ap.txt 15.0  5.9   67
 29.9  0.0  0.0  0.0  0.0  0.0  0.0  0.0  0.0  0.0  0.0  0.0  0.0  0.0  0.0
  0.0  0.0  0.0 14.9  0.0  0.0507.5104.5 29.9 74.6  0.0  0.0  0.0  0.0  0.0
  0.0  0.0  0.0  0.0  0.0 14.9 14.9  0.0  0.0  0.0  0.0  0.0  0.0 29.9  0.0
 14.9  0.0  0.0  0.0  0.0  0.0 14.9 44.8  0.0  0.0 44.8  0.0  0.0104.5  0.0
  0.0  0.0  0.0  0.0  0.0  0.0  0.0  0.0  0.0  0.0  0.0  0.0  0.0  0.0  0.0
  0.0  0.0  0.0  0.0  0.0  0.0  0.0  0.0  0.0  0.0  0.0  0.0  0.0  0.0  0.0
  0.0  0.0  0.0  0.0  0.0  0.0  0.0  0.0  0.0  0.0  0.0  0.0  0.0  0.0  0.0
  0.0  0.0  0.0  0.0  0.0  0.0  0.0  0.0  0.0  0.0  0.0  0.0  0.0  0.0  0.0
  0.0  0.0  0.0  0.0  0.0  0.0  0.0  0.0 44.8  0.0 14.9  0.0 29.9  0.0 14.9
  0.0  0.0  0.0  0.0  0.0 14.9  0.0 14.9  0.0 29.9  0.0  0.0  0.0  0.0  0.0
    -27.44     -3.27      0.13     -6.61      5.71  0.0  0.0  0.0  0.0  0.0
                                     t000299_s1_p3_el2ap.txt 12.5  5.7   57
  0.0  0.0  0.0  0.0  0.0  0.0  0.0  0.0  0.0  0.0  0.0  0.0  0.0  0.0  0.0
  0.0  0.0  0.0  0.0  0.0  0.0508.8105.3 52.6 35.1  0.0  0.0  0.0  0.0  0.0
  0.0  0.0  0.0  0.0  0.0  0.0  0.0  0.0  0.0  0.0  0.0  0.0  0.0 17.5  0.0
  0.0  0.0  0.0  0.0  0.0  0.0  0.0 17.5  0.0  0.0 52.6  0.0  0.0 70.2 17.5
  0.0  0.0  0.0  0.0  0.0  0.0  0.0  0.0  0.0  0.0  0.0  0.0  0.0  0.0  0.0
  0.0  0.0  0.0  0.0  0.0  0.0  0.0  0.0  0.0  0.0  0.0  0.0  0.0  0.0  0.0
  0.0  0.0  0.0  0.0  0.0  0.0  0.0  0.0  0.0  0.0  0.0  0.0  0.0  0.0  0.0
  0.0  0.0  0.0  0.0  0.0  0.0  0.0  0.0  0.0  0.0  0.0  0.0  0.0  0.0  0.0
  0.0  0.0  0.0  0.0  0.0  0.0  0.0  0.0 17.5  0.0  0.0 52.6 17.5  0.0  0.0
  0.0  0.0  0.0  0.0  0.0  0.0  0.0 17.5  0.0  0.0  0.0  0.0  0.0  0.0  0.0
    -34.17     -4.57      0.97     -6.61     -0.97  0.0  0.0  0.0  0.0  0.0
                                     t000299_s1_p4_el2ap.txt  7.5  6.4   42
  0.0  0.0  0.0 23.8  0.0  0.0  0.0  0.0  0.0 23.8  0.0 23.8  0.0  0.0  0.0
  0.0  0.0  0.0  0.0  0.0  0.0381.0166.7 71.4 71.4  0.0  0.0 23.8  0.0  0.0
  0.0 23.8  0.0  0.0  0.0  0.0  0.0  0.0  0.0  0.0  0.0  0.0  0.0 23.8  0.0
  0.0  0.0  0.0  0.0 23.8  0.0 47.6 23.8  0.0  0.0 95.2  0.0  0.0 95.2  0.0
  0.0  0.0  0.0  0.0  0.0  0.0  0.0  0.0  0.0  0.0  0.0  0.0  0.0  0.0  0.0
  0.0  0.0  0.0  0.0  0.0  0.0  0.0  0.0  0.0  0.0  0.0  0.0  0.0  0.0  0.0
  0.0  0.0  0.0  0.0  0.0  0.0  0.0  0.0  0.0  0.0  0.0  0.0  0.0  0.0  0.0
  0.0  0.0  0.0  0.0  0.0  0.0  0.0  0.0  0.0  0.0  0.0  0.0  0.0  0.0  0.0
  0.0  0.0  0.0  0.0  0.0  0.0  0.0  0.0  0.0  0.0  0.0  0.0  0.0  0.0  0.0
  0.0  0.0  0.0  0.0  0.0 23.8  0.0  0.0 47.6 23.8  0.0  0.0  0.0  0.0  0.0
    -17.62      1.03      9.79     -6.61     -0.02  0.0  0.0  0.0  0.0  0.0
                                    t000299_s14_p1_el2ap.txt 13.5  5.8   68
  0.0  0.0  0.0 14.7  0.0  0.0  0.0  0.0  0.0  0.0  0.0  0.0  0.0  0.0  0.0
  0.0  0.0  0.0  0.0  0.0  0.0367.6117.6 73.5 58.8  0.0  0.0 14.7  0.0  0.0
  0.0 29.4  0.0  0.0 14.7 14.7 14.7  0.0  0.0  0.0  0.0  0.0  0.0 44.1  0.0
  0.0  0.0  0.0  0.0  0.0  0.0 29.4 44.1  0.0  0.0 73.5  0.0  0.0117.6  0.0
  0.0  0.0  0.0  0.0  0.0  0.0  0.0  0.0  0.0  0.0  0.0  0.0  0.0  0.0  0.0
  0.0  0.0  0.0  0.0  0.0  0.0  0.0  0.0  0.0  0.0  0.0  0.0  0.0  0.0  0.0
  0.0  0.0  0.0  0.0  0.0  0.0  0.0  0.0  0.0  0.0 14.7  0.0  0.0  0.0  0.0
  0.0  0.0  0.0  0.0  0.0  0.0  0.0 14.7  0.0  0.0  0.0  0.0  0.0  0.0  0.0
  0.0  0.0  0.0  0.0  0.0  0.0  0.0  0.0 44.1  0.0 14.7  0.0  0.0  0.0  0.0
  0.0  0.0  0.0  0.0  0.0  0.0  0.0 14.7  0.0  0.0  0.0  0.0 14.7 14.7  0.0
    -31.68     -1.07      6.71     -6.61      3.06  0.0  0.0  0.0  0.0  0.0
                                    t000299_s14_p2_el2ap.txt 15.8  5.8   86
 11.6  0.0  0.0 46.5  0.0  0.0 11.6  0.0 11.6  0.0  0.0  0.0  0.0  0.0  0.0
  0.0  0.0  0.0 11.6  0.0  0.0418.6 69.8 58.1 58.1  0.0 11.6  0.0  0.0  0.0
  0.0  0.0  0.0  0.0  0.0 11.6 11.6  0.0  0.0  0.0  0.0  0.0 11.6 11.6  0.0
  0.0  0.0  0.0  0.0  0.0  0.0 11.6 11.6  0.0  0.0 81.4 11.6  0.0116.3  0.0
  0.0  0.0  0.0  0.0  0.0  0.0  0.0  0.0  0.0  0.0  0.0  0.0  0.0  0.0  0.0
  0.0  0.0  0.0  0.0  0.0  0.0  0.0  0.0  0.0  0.0  0.0  0.0  0.0  0.0  0.0
  0.0  0.0  0.0  0.0  0.0  0.0  0.0  0.0  0.0  0.0  0.0  0.0  0.0  0.0  0.0
  0.0  0.0  0.0  0.0  0.0  0.0  0.0  0.0  0.0  0.0  0.0  0.0  0.0  0.0  0.0
  0.0  0.0  0.0  0.0  0.0  0.0  0.0  0.0  0.0  0.0 11.6  0.0  0.0 11.6  0.0
  0.0  0.0  0.0  0.0  0.0  0.0  0.0 23.3  0.0  0.0  0.0  0.0  0.0  0.0  0.0
    -23.12     -1.58      0.31     -6.61      5.40  0.0  0.0  0.0  0.0  0.0
                                    t000299_s14_p3_el2ap.txt 13.0  5.9   70
 14.3 14.3  0.0  0.0  0.0  0.0  0.0  0.0  0.0  0.0  0.0  0.0  0.0  0.0  0.0
  0.0  0.0  0.0 28.6  0.0  0.0371.4128.6 57.1 85.7  0.0  0.0  0.0  0.0  0.0
  0.0  0.0  0.0  0.0  0.0 28.6  0.0  0.0  0.0  0.0  0.0  0.0  0.0 28.6  0.0
 14.3 14.3  0.0 14.3  0.0  0.0 42.9 42.9  0.0  0.0 57.1  0.0  0.0114.3  0.0
 28.6  0.0  0.0  0.0  0.0  0.0  0.0  0.0  0.0  0.0  0.0  0.0  0.0  0.0  0.0
  0.0  0.0  0.0  0.0  0.0  0.0 14.3  0.0  0.0  0.0  0.0  0.0  0.0  0.0  0.0
  0.0  0.0  0.0  0.0  0.0  0.0  0.0  0.0  0.0  0.0  0.0  0.0  0.0  0.0  0.0
 14.3  0.0  0.0 14.3  0.0  0.0  0.0  0.0  0.0  0.0  0.0  0.0  0.0  0.0  0.0
  0.0  0.0  0.0  0.0  0.0  0.0  0.0  0.0 28.6  0.0 71.4 14.3  0.0  0.0  0.0
  0.0  0.0  0.0  0.0  0.0 14.3  0.0 28.6  0.0 28.6  0.0  0.0 14.3  0.0  0.0
    -21.12     -2.91     -0.65     -6.61      5.31  0.0  0.0  0.0  0.0  0.0
                                    t000299_s14_p4_el2ap.txt 13.0  5.3   72
  0.0  0.0  0.0 13.9  0.0  0.0  0.0  0.0  0.0  0.0  0.0  0.0  0.0  0.0  0.0
 13.9  0.0  0.0  0.0  0.0  0.0305.6138.9 27.8 83.3  0.0  0.0  0.0  0.0  0.0
  0.0  0.0  0.0  0.0  0.0 83.3 13.9  0.0  0.0  0.0  0.0 27.8  0.0 27.8 27.8
  0.0  0.0  0.0  0.0  0.0  0.0  0.0 55.6  0.0  0.0 41.7  0.0  0.0111.1  0.0
  0.0  0.0  0.0  0.0  0.0  0.0  0.0  0.0  0.0  0.0  0.0  0.0  0.0  0.0  0.0
  0.0  0.0  0.0 13.9  0.0  0.0  0.0  0.0  0.0  0.0  0.0  0.0  0.0  0.0  0.0
  0.0  0.0 13.9  0.0  0.0  0.0  0.0  0.0  0.0  0.0 13.9  0.0 13.9  0.0  0.0
 13.9  0.0  0.0 13.9 13.9  0.0 13.9 27.8  0.0  0.0  0.0  0.0  0.0  0.0  0.0
  0.0  0.0  0.0  0.0  0.0  0.0  0.0 27.8 13.9  0.0 27.8 13.9  0.0  0.0  0.0
  0.0  0.0  0.0  0.0  0.0 13.9  0.0  0.0  0.0 27.8  0.0  0.0  0.0  0.0  0.0
    -21.77     -2.99     -3.76      4.51     21.95  0.0  0.0  0.0  0.0  0.0
                                    t000299_s14_p5_el2ap.txt 16.0  5.9   79
 12.7  0.0  0.0 12.7  0.0  0.0  0.0  0.0  0.0  0.0  0.0  0.0  0.0  0.0  0.0
  0.0  0.0 12.7 12.7  0.0  0.0455.7113.9 25.3 88.6  0.0  0.0  0.0  0.0  0.0
  0.0  0.0  0.0  0.0  0.0 25.3  0.0  0.0  0.0  0.0  0.0  0.0  0.0 25.3 12.7
 12.7  0.0  0.0  0.0 12.7 12.7 12.7 50.6  0.0  0.0 38.0  0.0  0.0113.9  0.0
  0.0  0.0  0.0  0.0  0.0  0.0  0.0  0.0  0.0  0.0  0.0  0.0  0.0  0.0  0.0
  0.0  0.0  0.0  0.0  0.0  0.0  0.0  0.0  0.0  0.0  0.0  0.0  0.0  0.0  0.0
  0.0  0.0  0.0  0.0  0.0  0.0  0.0  0.0  0.0  0.0  0.0  0.0  0.0  0.0  0.0
  0.0  0.0  0.0  0.0  0.0  0.0  0.0  0.0  0.0  0.0  0.0  0.0  0.0  0.0  0.0
  0.0  0.0  0.0  0.0  0.0  0.0  0.0 12.7 50.6 12.7 25.3 12.7 25.3  0.0 12.7
  0.0  0.0  0.0  0.0  0.0 12.7  0.0 12.7  0.0 25.3  0.0  0.0 12.7  0.0  0.0
    -24.23     -2.81     -0.46     -6.61     14.03  0.0  0.0  0.0  0.0  0.0
                                    t000299_s14_p6_el2ap.txt 19.3  5.0  130
  0.0  0.0  0.0 23.1  0.0  0.0  0.0  0.0  0.0 15.4  0.0  0.0  0.0  0.0  0.0
  0.0  0.0  0.0  7.7  0.0  0.0307.7161.5 46.2 84.6  0.0  0.0  0.0  0.0  0.0
  0.0  0.0  0.0  0.0  0.0 23.1  0.0  0.0  0.0 15.4  0.0  7.7  0.0 38.5 15.4
  0.0  0.0  0.0  0.0  0.0  0.0 23.1 53.8  0.0  0.0 61.5  0.0  7.7107.7  0.0
  0.0  0.0  0.0  0.0  0.0  0.0  0.0  0.0  0.0  0.0  0.0  0.0  0.0  0.0  0.0
  0.0  0.0  0.0  0.0  0.0  0.0  0.0  0.0  0.0  0.0  0.0  0.0  0.0  0.0  0.0
  0.0  0.0  0.0  0.0  0.0  0.0  0.0  0.0  0.0  0.0  7.7  0.0  0.0  0.0  0.0
  0.0  0.0  0.0  0.0  0.0  0.0  0.0  7.7  0.0  0.0  0.0  0.0  0.0  0.0  0.0
  0.0  0.0  0.0  0.0  0.0  0.0  0.0 15.4 53.8 23.1 69.2 15.4  7.7  0.0  0.0
  0.0  7.7  0.0  0.0  0.0  7.7  0.0 15.4  7.7 30.8  0.0  0.0  0.0  0.0  0.0
    -24.16     -2.94     -0.34      3.46     14.04  0.0  0.0  0.0  0.0  0.0
                                    t000299_s19_p1_el2ap.txt 20.8  5.6  116
  0.0  0.0  0.0 25.9  0.0  0.0  0.0  0.0  0.0  0.0  0.0  0.0  0.0  8.6  0.0
  0.0  0.0  0.0  0.0  0.0  0.0310.3120.7 34.5 51.7 25.9  0.0  8.6  0.0  8.6
  0.0  0.0  0.0  0.0  0.0 17.2  8.6  0.0  0.0  8.6  0.0  0.0  8.6 34.5  0.0
 17.2  8.6  0.0  0.0  0.0  0.0 17.2 51.7  0.0  8.6 43.1 25.9  8.6155.2 17.2
  0.0  0.0  0.0  0.0  0.0  0.0  0.0  0.0  0.0  0.0  0.0  0.0  0.0  0.0  0.0
  0.0  0.0  0.0  8.6  0.0  0.0  0.0  0.0  0.0  0.0  0.0  0.0  0.0  0.0  0.0
  0.0  0.0  8.6  0.0  0.0  0.0  0.0  0.0  0.0  0.0  0.0  0.0  0.0  0.0  0.0
  8.6  0.0  0.0  8.6  8.6  0.0  8.6  0.0  0.0  0.0  0.0  0.0  0.0  0.0  0.0
  0.0  0.0  0.0  0.0  0.0  0.0  0.0  0.0 17.2  0.0  8.6  0.0  0.0  0.0  0.0
  0.0  0.0  0.0  0.0  0.0  8.6  0.0 34.5  8.6 17.2  0.0  0.0  0.0  0.0  0.0
    -22.90     -1.28      4.30     -2.69     12.55  0.0  0.0  0.0  0.0  0.0
                                   t000299_s19_p10_el2ap.txt  5.8  5.3   23
  0.0  0.0  0.0  0.0  0.0  0.0  0.0  0.0  0.0 43.5  0.0  0.0  0.0  0.0  0.0
  0.0  0.0  0.0  0.0  0.0  0.0260.9130.4 43.5 43.5  0.0  0.0  0.0  0.0  0.0
  0.0  0.0  0.0  0.0  0.0  0.0  0.0  0.0  0.0  0.0  0.0  0.0  0.0  0.0  0.0
 43.5  0.0  0.0  0.0 43.5  0.0  0.0 43.5  0.0  0.0 87.0  0.0  0.0130.4 43.5
  0.0  0.0  0.0  0.0  0.0  0.0  0.0  0.0  0.0  0.0  0.0  0.0  0.0  0.0  0.0
  0.0  0.0  0.0  0.0  0.0  0.0  0.0  0.0  0.0  0.0  0.0  0.0  0.0  0.0  0.0
  0.0  0.0  0.0  0.0  0.0  0.0  0.0  0.0  0.0  0.0  0.0  0.0  0.0  0.0  0.0
  0.0  0.0  0.0  0.0  0.0  0.0  0.0  0.0  0.0  0.0  0.0  0.0  0.0  0.0  0.0
  0.0  0.0  0.0  0.0  0.0  0.0  0.0  0.0 43.5  0.0  0.0  0.0  0.0  0.0  0.0
  0.0  0.0  0.0  0.0  0.0  0.0  0.0 43.5  0.0  0.0  0.0  0.0  0.0  0.0  0.0
    -20.52     -4.30      0.97     -6.61     10.40  0.0  0.0  0.0  0.0  0.0
                                   t000299_s19_p11_el2ap.txt  7.8  5.7   35
  0.0  0.0  0.0 57.1  0.0  0.0  0.0  0.0  0.0 28.6  0.0  0.0  0.0  0.0  0.0
  0.0  0.0  0.0  0.0  0.0  0.0257.1114.3 57.1 28.6  0.0 28.6  0.0  0.0  0.0
  0.0  0.0  0.0  0.0  0.0 28.6 28.6  0.0  0.0  0.0  0.0  0.0  0.0 28.6  0.0
 28.6  0.0 28.6  0.0  0.0  0.0  0.0 57.1  0.0  0.0171.4  0.0  0.0142.9  0.0
  0.0  0.0  0.0  0.0  0.0  0.0  0.0  0.0  0.0  0.0  0.0  0.0  0.0  0.0  0.0
  0.0  0.0  0.0  0.0  0.0 28.6  0.0 28.6  0.0  0.0  0.0  0.0  0.0  0.0  0.0
  0.0  0.0  0.0  0.0  0.0 28.6  0.0  0.0  0.0  0.0  0.0  0.0  0.0  0.0  0.0
 28.6 28.6  0.0 57.1  0.0 28.6 28.6  0.0  0.0  0.0  0.0  0.0  0.0  0.0  0.0
  0.0  0.0  0.0  0.0  0.0  0.0  0.0  0.0  0.0  0.0  0.0 85.7 28.6  0.0  0.0
  0.0  0.0  0.0  0.0  0.0  0.0  0.0 28.6  0.0  0.0  0.0  0.0 28.6  0.0  0.0
    -21.94      0.71     -0.65     -6.61      9.92  0.0  0.0  0.0  0.0  0.0
                                   t000299_s19_p12_el2ap.txt  7.3  5.3   30
 33.3  0.0  0.0  0.0  0.0  0.0  0.0  0.0  0.0  0.0  0.0  0.0  0.0  0.0  0.0
  0.0  0.0  0.0  0.0  0.0  0.0300.0133.3 33.3133.3  0.0  0.0  0.0  0.0  0.0
  0.0  0.0  0.0  0.0  0.0  0.0 33.3  0.0  0.0  0.0  0.0  0.0  0.0  0.0  0.0
  0.0  0.0  0.0  0.0 33.3  0.0  0.0  0.0  0.0  0.0 66.7  0.0  0.0133.3  0.0
  0.0  0.0  0.0  0.0  0.0  0.0  0.0  0.0  0.0  0.0  0.0  0.0  0.0  0.0  0.0
  0.0  0.0  0.0  0.0  0.0  0.0  0.0 33.3  0.0  0.0  0.0  0.0  0.0  0.0  0.0
  0.0  0.0  0.0  0.0  0.0 33.3  0.0  0.0  0.0  0.0  0.0  0.0  0.0  0.0  0.0
  0.0 33.3  0.0 33.3  0.0 33.3 33.3  0.0  0.0  0.0  0.0  0.0  0.0  0.0  0.0
  0.0  0.0  0.0  0.0  0.0  0.0  0.0  0.0  0.0  0.0  0.0 33.3 33.3 33.3  0.0
  0.0  0.0  0.0  0.0  0.0  0.0  0.0  0.0  0.0 33.3  0.0  0.0  0.0  0.0  0.0
    -24.22     -1.34      0.97     -6.61     -3.63  0.0  0.0  0.0  0.0  0.0
                                   t000299_s19_p13_el2ap.txt 11.5  4.3   53
 18.9  0.0  0.0 56.6  0.0  0.0  0.0  0.0  0.0  0.0  0.0  0.0  0.0  0.0  0.0
  0.0  0.0  0.0  0.0  0.0  0.0320.8113.2 37.7 75.5  0.0  0.0  0.0  0.0  0.0
 18.9  0.0  0.0  0.0  0.0 18.9  0.0  0.0  0.0  0.0  0.0  0.0  0.0  0.0  0.0
  0.0  0.0  0.0 18.9  0.0  0.0  0.0  0.0  0.0 18.9 37.7  0.0 37.7113.2  0.0
  0.0  0.0  0.0  0.0  0.0  0.0  0.0  0.0  0.0  0.0  0.0  0.0  0.0  0.0  0.0
  0.0  0.0  0.0  0.0  0.0  0.0  0.0  0.0  0.0  0.0  0.0  0.0  0.0  0.0  0.0
  0.0  0.0  0.0  0.0  0.0  0.0  0.0  0.0  0.0  0.0  0.0  0.0  0.0  0.0  0.0
  0.0  0.0  0.0  0.0  0.0  0.0  0.0  0.0  0.0  0.0  0.0  0.0  0.0  0.0  0.0
  0.0  0.0  0.0  0.0  0.0  0.0  0.0  0.0 37.7  0.0 56.6 18.9  0.0  0.0  0.0
  0.0 18.9  0.0  0.0  0.0  0.0  0.0 37.7  0.0  0.0  0.0  0.0 18.9  0.0  0.0
    -21.53     -3.25     17.05     -6.61     -3.63  0.0  0.0  0.0  0.0  0.0
                                    t000299_s19_p2_el2ap.txt  9.8  4.5   45
  0.0  0.0  0.0  0.0  0.0  0.0  0.0  0.0  0.0  0.0  0.0  0.0  0.0  0.0  0.0
  0.0  0.0  0.0  0.0  0.0  0.0222.2 66.7 22.2 66.7  0.0  0.0  0.0  0.0  0.0
  0.0  0.0  0.0  0.0 22.2  0.0  0.0  0.0  0.0  0.0  0.0  0.0  0.0 22.2  0.0
  0.0  0.0  0.0  0.0  0.0  0.0  0.0 22.2  0.0  0.0 44.4  0.0  0.0 66.7  0.0
  0.0  0.0  0.0  0.0  0.0  0.0  0.0  0.0  0.0  0.0  0.0  0.0  0.0  0.0  0.0
  0.0  0.0  0.0  0.0  0.0  0.0  0.0  0.0  0.0  0.0  0.0  0.0  0.0  0.0  0.0
  0.0  0.0  0.0  0.0  0.0  0.0  0.0  0.0  0.0  0.0  0.0  0.0  0.0  0.0  0.0
  0.0  0.0  0.0  0.0  0.0  0.0  0.0  0.0  0.0  0.0  0.0  0.0  0.0  0.0  0.0
  0.0  0.0  0.0  0.0  0.0  0.0  0.0  0.0  0.0  0.0  0.0  0.0  0.0  0.0  0.0
  0.0  0.0  0.0  0.0  0.0  0.0  0.0  0.0  0.0  0.0  0.0  0.0  0.0  0.0  0.0
    -20.10     -3.53     -5.56     -6.61     -0.26  0.0  0.0  0.0  0.0  0.0
                                    t000299_s19_p4_el2ap.txt  5.5  5.5   22
  0.0  0.0  0.0  0.0  0.0  0.0  0.0  0.0  0.0  0.0  0.0  0.0  0.0  0.0  0.0
  0.0  0.0  0.0  0.0  0.0  0.0318.2181.8136.4 45.5  0.0  0.0  0.0  0.0  0.0
  0.0  0.0  0.0  0.0  0.0  0.0  0.0  0.0  0.0  0.0  0.0  0.0  0.0 45.5  0.0
  0.0  0.0  0.0  0.0  0.0  0.0  0.0 45.5  0.0  0.0136.4  0.0  0.0 90.9 45.5
  0.0  0.0  0.0  0.0  0.0  0.0  0.0  0.0  0.0  0.0  0.0  0.0  0.0  0.0  0.0
  0.0  0.0  0.0  0.0  0.0  0.0  0.0  0.0  0.0  0.0  0.0  0.0  0.0  0.0  0.0
  0.0  0.0  0.0  0.0  0.0  0.0  0.0  0.0  0.0  0.0  0.0  0.0  0.0  0.0  0.0
  0.0  0.0  0.0  0.0  0.0  0.0  0.0  0.0  0.0  0.0  0.0  0.0  0.0  0.0  0.0
  0.0  0.0  0.0  0.0  0.0  0.0  0.0  0.0 45.5  0.0  0.0  0.0  0.0 45.5  0.0
  0.0  0.0  0.0  0.0  0.0  0.0  0.0 90.9  0.0  0.0  0.0  0.0  0.0  0.0  0.0
    -35.82     -4.23      0.97     -6.61      3.26  0.0  0.0  0.0  0.0  0.0
                                    t000299_s19_p5_el2ap.txt 10.5  5.2   49
  0.0  0.0  0.0 20.4  0.0  0.0  0.0  0.0  0.0 20.4  0.0  0.0  0.0  0.0  0.0
  0.0  0.0  0.0  0.0  0.0  0.0326.5102.0 40.8 61.2  0.0 20.4  0.0  0.0  0.0
  0.0  0.0  0.0  0.0  0.0 40.8  0.0  0.0  0.0  0.0  0.0  0.0  0.0 61.2  0.0
  0.0  0.0  0.0  0.0  0.0  0.0  0.0 61.2  0.0  0.0 61.2  0.0  0.0102.0  0.0
  0.0  0.0  0.0  0.0  0.0  0.0  0.0  0.0  0.0  0.0  0.0  0.0  0.0  0.0  0.0
  0.0  0.0  0.0  0.0  0.0  0.0  0.0  0.0  0.0  0.0  0.0  0.0  0.0  0.0  0.0
  0.0  0.0  0.0  0.0  0.0  0.0  0.0  0.0  0.0  0.0  0.0  0.0  0.0  0.0  0.0
  0.0  0.0  0.0  0.0  0.0  0.0  0.0  0.0  0.0  0.0  0.0  0.0  0.0  0.0  0.0
  0.0  0.0  0.0  0.0  0.0  0.0  0.0  0.0  0.0  0.0  0.0  0.0 20.4  0.0  0.0
  0.0  0.0  0.0  0.0  0.0  0.0  0.0 20.4  0.0 20.4  0.0  0.0 20.4  0.0  0.0
    -23.57      0.21     -1.35     -6.61      5.65  0.0  0.0  0.0  0.0  0.0
                                    t000299_s19_p6_el2ap.txt 13.5  5.5   73
 41.1  0.0  0.0 27.4  0.0  0.0  0.0  0.0  0.0 13.7  0.0  0.0  0.0  0.0  0.0
 13.7  0.0  0.0  0.0  0.0  0.0301.4164.4 13.7 68.5  0.0  0.0  0.0 13.7  0.0
  0.0  0.0  0.0  0.0  0.0 13.7 27.4  0.0  0.0  0.0  0.0 13.7  0.0 27.4 13.7
  0.0 13.7 27.4  0.0 13.7  0.0 13.7 41.1  0.0 13.7 27.4  0.0  0.0150.7 13.7
  0.0  0.0  0.0  0.0  0.0  0.0  0.0  0.0  0.0  0.0  0.0  0.0  0.0  0.0  0.0
  0.0  0.0  0.0 27.4  0.0 13.7  0.0 13.7  0.0  0.0  0.0  0.0  0.0  0.0  0.0
  0.0  0.0 13.7  0.0  0.0 13.7  0.0  0.0  0.0  0.0  0.0  0.0  0.0  0.0  0.0
 41.1 13.7  0.0 54.8 13.7 13.7 27.4  0.0  0.0  0.0  0.0  0.0  0.0  0.0  0.0
  0.0  0.0  0.0  0.0  0.0  0.0  0.0  0.0 13.7  0.0  0.0 41.1  0.0  0.0  0.0
  0.0  0.0  0.0  0.0  0.0  0.0  0.0 27.4 13.7 27.4  0.0  0.0 13.7  0.0  0.0
    -16.07     -3.47      8.25     -1.13     11.06 13.7 13.7  0.0  0.0  0.0
                                    t000299_s19_p7_el2ap.txt  5.5  5.3   24
  0.0  0.0  0.0  0.0  0.0  0.0  0.0  0.0  0.0  0.0  0.0  0.0  0.0  0.0  0.0
  0.0  0.0  0.0  0.0  0.0  0.0416.7208.3 41.7 41.7  0.0  0.0  0.0  0.0  0.0
  0.0  0.0  0.0  0.0  0.0  0.0  0.0  0.0  0.0  0.0  0.0  0.0  0.0 41.7  0.0
  0.0  0.0  0.0  0.0  0.0  0.0  0.0 41.7  0.0  0.0 41.7  0.0  0.0 83.3 41.7
  0.0  0.0  0.0  0.0  0.0  0.0  0.0  0.0  0.0  0.0  0.0  0.0  0.0  0.0  0.0
  0.0  0.0  0.0  0.0  0.0  0.0  0.0  0.0  0.0  0.0  0.0  0.0  0.0  0.0  0.0
  0.0  0.0  0.0  0.0  0.0  0.0  0.0  0.0  0.0  0.0  0.0  0.0  0.0  0.0  0.0
  0.0  0.0  0.0  0.0  0.0  0.0  0.0  0.0  0.0  0.0  0.0  0.0  0.0  0.0  0.0
  0.0  0.0  0.0  0.0  0.0  0.0  0.0  0.0 41.7  0.0  0.0 41.7  0.0  0.0  0.0
  0.0  0.0  0.0  0.0  0.0  0.0  0.0 83.3  0.0  0.0  0.0  0.0  0.0  0.0  0.0
    -33.97     -4.36      0.97     -6.61      2.69  0.0  0.0  0.0  0.0  0.0
                                    t000299_s19_p8_el2ap.txt  6.0  4.8   26
  0.0  0.0  0.0 76.9  0.0  0.0  0.0  0.0  0.0 76.9  0.0  0.0  0.0  0.0  0.0
  0.0  0.0  0.0  0.0  0.0  0.0384.6 76.9 38.5 38.5  0.0 38.5  0.0  0.0  0.0
  0.0  0.0  0.0  0.0  0.0 38.5  0.0  0.0  0.0  0.0  0.0  0.0  0.0 38.5  0.0
  0.0  0.0  0.0  0.0  0.0  0.0  0.0 38.5  0.0  0.0 38.5  0.0  0.0115.4  0.0
  0.0  0.0  0.0  0.0  0.0  0.0  0.0  0.0  0.0  0.0  0.0  0.0  0.0  0.0  0.0
  0.0  0.0  0.0  0.0  0.0  0.0  0.0  0.0  0.0  0.0  0.0  0.0  0.0  0.0  0.0
  0.0  0.0  0.0  0.0  0.0 38.5  0.0  0.0  0.0  0.0  0.0  0.0  0.0  0.0  0.0
  0.0  0.0  0.0  0.0  0.0 38.5 38.5  0.0  0.0  0.0  0.0  0.0  0.0  0.0  0.0
  0.0  0.0  0.0  0.0  0.0  0.0  0.0  0.0  0.0  0.0  0.0  0.0 38.5  0.0  0.0
  0.0  0.0  0.0  0.0  0.0  0.0  0.0 76.9  0.0  0.0  0.0  0.0  0.0  0.0  0.0
    -13.64      2.93     -1.21     -6.61      2.20  0.0  0.0  0.0  0.0  0.0
                                    t000299_s19_p9_el2ap.txt  8.3  5.3   38
  0.0  0.0  0.0 26.3  0.0  0.0  0.0  0.0  0.0 26.3  0.0  0.0  0.0  0.0  0.0
 26.3  0.0  0.0  0.0  0.0  0.0342.1131.6 26.3  0.0  0.0  0.0  0.0  0.0  0.0
  0.0  0.0  0.0  0.0  0.0  0.0  0.0  0.0  0.0  0.0  0.0 26.3  0.0 26.3  0.0
  0.0  0.0  0.0  0.0  0.0  0.0  0.0 26.3  0.0  0.0 52.6  0.0  0.0 26.3  0.0
  0.0  0.0  0.0  0.0  0.0  0.0  0.0  0.0  0.0  0.0  0.0  0.0  0.0  0.0  0.0
  0.0  0.0  0.0  0.0  0.0  0.0  0.0  0.0  0.0  0.0  0.0  0.0  0.0  0.0  0.0
  0.0  0.0  0.0  0.0  0.0  0.0  0.0  0.0  0.0  0.0  0.0  0.0  0.0  0.0  0.0
  0.0  0.0  0.0  0.0  0.0  0.0  0.0  0.0  0.0  0.0  0.0  0.0  0.0  0.0  0.0
  0.0  0.0  0.0  0.0  0.0  0.0  0.0 26.3  0.0  0.0  0.0  0.0  0.0  0.0  0.0
  0.0  0.0  0.0  0.0  0.0  0.0  0.0  0.0 26.3  0.0  0.0  0.0  0.0  0.0  0.0
    -13.54     -5.73      0.97      3.92      0.36  0.0  0.0  0.0  0.0  0.0
                                     t000299_s4_p1_el2ap.txt 10.5  5.6   56
  0.0  0.0  0.0 35.7  0.0  0.0  0.0  0.0  0.0 35.7  0.0  0.0  0.0  0.0  0.0
  0.0  0.0  0.0  0.0  0.0  0.0321.4 89.3 89.3 53.6  0.0  0.0  0.0  0.0  0.0
  0.0  0.0  0.0  0.0  0.0 17.9 35.7  0.0 17.9  0.0  0.0  0.0 17.9 17.9  0.0
  0.0  0.0  0.0  0.0 17.9  0.0  0.0 17.9  0.0  0.0125.0  0.0  0.0142.9 35.7
  0.0  0.0  0.0  0.0  0.0  0.0  0.0  0.0  0.0  0.0  0.0  0.0  0.0  0.0  0.0
  0.0  0.0  0.0  0.0  0.0  0.0  0.0  0.0  0.0  0.0  0.0  0.0  0.0  0.0  0.0
  0.0  0.0  0.0  0.0  0.0  0.0  0.0  0.0 17.9  0.0  0.0  0.0  0.0  0.0  0.0
  0.0  0.0  0.0  0.0  0.0 17.9 17.9  0.0  0.0  0.0  0.0  0.0  0.0  0.0  0.0
  0.0  0.0  0.0  0.0  0.0  0.0  0.0 17.9 35.7  0.0 17.9  0.0  0.0 17.9 17.9
  0.0  0.0  0.0  0.0  0.0 17.9  0.0 35.7 17.9  0.0  0.0  0.0  0.0  0.0  0.0
    -23.83     -3.97     -0.04     -0.84     10.24  0.0  0.0  0.0  0.0  0.0
                                     t000299_s5_p1_el2ap.txt 16.5  5.4   88
  0.0  0.0  0.0 68.2  0.0  0.0  0.0  0.0  0.0  0.0  0.0  0.0  0.0  0.0  0.0
 11.4  0.0 22.7  0.0  0.0  0.0329.5102.3 68.2  0.0 34.1 11.4  0.0  0.0 11.4
  0.0  0.0  0.0  0.0  0.0 45.5 11.4  0.0  0.0  0.0 11.4  0.0 11.4 22.7 22.7
  0.0 11.4  0.0  0.0  0.0 34.1 11.4 45.5  0.0 11.4 90.9 34.1  0.0102.3  0.0
  0.0  0.0  0.0  0.0  0.0  0.0  0.0  0.0  0.0  0.0  0.0  0.0  0.0  0.0  0.0
  0.0  0.0  0.0  0.0  0.0  0.0  0.0  0.0  0.0  0.0  0.0  0.0  0.0  0.0  0.0
  0.0  0.0  0.0  0.0  0.0  0.0  0.0  0.0  0.0  0.0  0.0  0.0  0.0  0.0  0.0
  0.0  0.0  0.0  0.0  0.0  0.0  0.0  0.0  0.0  0.0  0.0  0.0  0.0  0.0  0.0
  0.0  0.0  0.0  0.0  0.0  0.0  0.0 11.4  0.0 11.4 22.7 22.7  0.0  0.0  0.0
  0.0  0.0  0.0  0.0 11.4  0.0  0.0 11.4  0.0 11.4 11.4  0.0  0.0  0.0  0.0
    -16.36     -2.03      4.07     -1.19     24.40  0.0  0.0  0.0  0.0  0.0
                                    t000299_s5_p10_el2ap.txt 15.0  5.0   75
  0.0  0.0  0.0 26.7  0.0  0.0  0.0  0.0  0.0  0.0  0.0  0.0  0.0  0.0  0.0
  0.0  0.0 13.3  0.0  0.0  0.0266.7146.7 80.0 26.7  0.0  0.0  0.0  0.0  0.0
  0.0  0.0  0.0  0.0  0.0 40.0  0.0  0.0  0.0  0.0  0.0 13.3 13.3 26.7 13.3
  0.0 26.7  0.0  0.0 13.3 13.3 26.7 40.0  0.0  0.0120.0  0.0  0.0 80.0 26.7
  0.0  0.0  0.0  0.0  0.0  0.0  0.0  0.0  0.0  0.0  0.0  0.0  0.0  0.0  0.0
  0.0  0.0  0.0  0.0  0.0  0.0  0.0  0.0  0.0  0.0  0.0  0.0  0.0  0.0  0.0
  0.0  0.0  0.0  0.0  0.0  0.0  0.0  0.0  0.0  0.0  0.0  0.0  0.0  0.0  0.0
  0.0  0.0  0.0  0.0  0.0  0.0  0.0  0.0  0.0  0.0  0.0  0.0  0.0  0.0  0.0
  0.0  0.0  0.0  0.0  0.0  0.0  0.0 13.3 13.3  0.0 26.7 40.0  0.0  0.0  0.0
  0.0  0.0  0.0  0.0  0.0 13.3  0.0 13.3 13.3 13.3  0.0  0.0  0.0  0.0  0.0
    -24.15     -4.85     -1.30     -1.27     19.00  0.0  0.0  0.0  0.0  0.0
                                    t000299_s5_p11_el2ap.txt 10.3  5.1   45
  0.0  0.0  0.0 66.7  0.0  0.0 22.2  0.0  0.0  0.0  0.0  0.0  0.0  0.0  0.0
  0.0  0.0  0.0 22.2  0.0  0.0355.6 44.4 44.4 22.2  0.0  0.0  0.0  0.0  0.0
  0.0  0.0  0.0  0.0  0.0 66.7 22.2  0.0  0.0  0.0 22.2 22.2  0.0 44.4  0.0
  0.0  0.0  0.0  0.0  0.0 22.2 22.2 44.4  0.0  0.0111.1  0.0  0.0133.3  0.0
  0.0  0.0  0.0  0.0  0.0  0.0  0.0  0.0  0.0  0.0  0.0  0.0  0.0  0.0  0.0
  0.0  0.0  0.0  0.0  0.0  0.0  0.0  0.0  0.0  0.0  0.0  0.0  0.0  0.0  0.0
  0.0  0.0  0.0  0.0  0.0 22.2  0.0  0.0  0.0  0.0  0.0  0.0  0.0  0.0  0.0
  0.0  0.0  0.0  0.0  0.0 22.2 22.2  0.0  0.0  0.0  0.0  0.0  0.0  0.0  0.0
  0.0  0.0  0.0  0.0  0.0  0.0  0.0  0.0  0.0  0.0  0.0  0.0  0.0  0.0 22.2
 22.2  0.0  0.0  0.0  0.0  0.0  0.0 22.2  0.0 44.4  0.0  0.0  0.0  0.0  0.0
    -14.40     -5.00     -2.81     12.87      3.11  0.0  0.0  0.0  0.0  0.0
                                    t000299_s5_p12_el2ap.txt 12.8  5.8   60
 16.7  0.0  0.0 83.3  0.0  0.0  0.0  0.0  0.0 50.0  0.0  0.0  0.0  0.0  0.0
  0.0  0.0 16.7 16.7  0.0  0.0316.7 83.3 33.3 16.7  0.0  0.0  0.0  0.0  0.0
  0.0  0.0  0.0  0.0  0.0 33.3 16.7  0.0  0.0  0.0  0.0  0.0 16.7  0.0  0.0
  0.0  0.0  0.0  0.0 33.3 16.7 16.7  0.0  0.0  0.0116.7  0.0  0.0116.7  0.0
 16.7  0.0  0.0  0.0  0.0  0.0  0.0  0.0  0.0  0.0  0.0  0.0  0.0  0.0  0.0
  0.0  0.0  0.0  0.0  0.0  0.0  0.0 16.7  0.0  0.0  0.0  0.0  0.0  0.0  0.0
  0.0  0.0  0.0  0.0  0.0  0.0  0.0  0.0 16.7  0.0  0.0  0.0  0.0  0.0  0.0
  0.0 16.7  0.0 16.7  0.0 16.7 16.7  0.0  0.0  0.0  0.0  0.0  0.0  0.0  0.0
  0.0  0.0  0.0  0.0  0.0  0.0  0.0  0.0 16.7  0.0  0.0 16.7 33.3  0.0  0.0
  0.0  0.0  0.0  0.0  0.0  0.0  0.0  0.0 16.7 16.7  0.0  0.0  0.0  0.0  0.0
     -7.99     -5.18     -0.92     -6.61      6.79  0.0  0.0  0.0  0.0  0.0
                                    t000299_s5_p13_el2ap.txt 13.0  5.7   62
  0.0  0.0  0.0 64.5  0.0  0.0  0.0  0.0  0.0 32.3  0.0  0.0  0.0  0.0  0.0
  0.0  0.0 16.1  0.0  0.0  0.0306.5 80.6 32.3  0.0 16.1 16.1  0.0  0.0  0.0
  0.0  0.0  0.0  0.0  0.0 80.6 32.3  0.0  0.0  0.0  0.0  0.0 16.1 48.4  0.0
  0.0  0.0  0.0  0.0 32.3 16.1  0.0 48.4  0.0  0.0 96.8 16.1  0.0 96.8  0.0
  0.0  0.0  0.0  0.0  0.0  0.0  0.0  0.0  0.0  0.0  0.0  0.0  0.0  0.0  0.0
  0.0  0.0  0.0  0.0  0.0 16.1  0.0  0.0  0.0  0.0  0.0  0.0  0.0  0.0 16.1
  0.0  0.0  0.0  0.0  0.0  0.0  0.0  0.0  0.0  0.0 16.1  0.0  0.0  0.0  0.0
 16.1  0.0  0.0 16.1 16.1  0.0 16.1 16.1  0.0  0.0  0.0  0.0  0.0  0.0  0.0
  0.0  0.0  0.0  0.0  0.0  0.0  0.0  0.0 32.3  0.0  0.0 16.1 16.1  0.0  0.0
  0.0  0.0  0.0  0.0  0.0 16.1  0.0 32.3 16.1  0.0  0.0  0.0  0.0  0.0  0.0
    -15.34     -1.91     -3.61     -6.61     13.79  0.0  0.0  0.0  0.0  0.0
                                    t000299_s5_p14_el2ap.txt 16.5  5.7   89
  0.0  0.0  0.0112.4  0.0  0.0  0.0  0.0  0.0 22.5  0.0  0.0  0.0  0.0  0.0
  0.0  0.0 11.2  0.0  0.0  0.0280.9 78.7 33.7 22.5  0.0 22.5  0.0  0.0 11.2
  0.0  0.0  0.0  0.0  0.0 33.7 11.2  0.0  0.0 11.2  0.0  0.0 22.5 22.5  0.0
  0.0 11.2 11.2  0.0 33.7 11.2 22.5 22.5  0.0 11.2 78.7  0.0 11.2157.3 11.2
  0.0 11.2  0.0  0.0  0.0  0.0  0.0  0.0  0.0  0.0  0.0  0.0  0.0  0.0  0.0
  0.0  0.0  0.0 11.2  0.0  0.0  0.0 22.5  0.0  0.0  0.0  0.0  0.0  0.0  0.0
  0.0  0.0  0.0  0.0  0.0  0.0  0.0  0.0 11.2 11.2  0.0  0.0  0.0  0.0  0.0
 11.2 22.5  0.0 33.7  0.0 11.2 22.5  0.0  0.0  0.0  0.0  0.0  0.0  0.0  0.0
  0.0  0.0  0.0  0.0  0.0  0.0  0.0 11.2 22.5  0.0 33.7 11.2  0.0  0.0  0.0
  0.0  0.0  0.0  0.0  0.0  0.0  0.0 33.7  0.0  0.0  0.0 11.2 11.2  0.0  0.0
    -16.18     -0.67      4.68     -1.50     13.82 11.2  0.0  0.0  0.0  0.0
                                    t000299_s5_p15_el2ap.txt 18.3  5.2  115
  0.0  0.0  0.0 60.9  0.0  0.0  0.0  0.0  0.0 26.1  0.0  0.0  0.0  0.0  0.0
  0.0  0.0  8.7  0.0  0.0  0.0321.7104.3 52.2 26.1  0.0  8.7  0.0  0.0  0.0
  0.0  8.7  0.0  0.0  0.0 34.8  8.7  0.0  0.0  0.0  8.7  8.7  8.7 17.4  0.0
  0.0  0.0  0.0  0.0 17.4 17.4  8.7 17.4  0.0  0.0 87.0  0.0  0.0104.3  8.7
  0.0  0.0  0.0  0.0  0.0  0.0  0.0  0.0  0.0  0.0  0.0  0.0  0.0  0.0  0.0
  0.0  0.0  0.0  0.0  0.0  8.7  0.0  0.0  0.0  0.0  0.0  0.0  0.0  0.0  8.7
  0.0  0.0  0.0  0.0  0.0  0.0  0.0  0.0  0.0  0.0  0.0  0.0  0.0  0.0  0.0
  8.7  0.0  0.0  8.7  8.7  0.0  8.7  0.0  0.0  0.0  0.0  0.0  0.0  0.0  0.0
  0.0  0.0  0.0  0.0  0.0  0.0  0.0  0.0  8.7  0.0 52.2  0.0  0.0  0.0  0.0
  0.0  0.0  0.0  0.0  0.0 26.1  0.0 34.8  0.0  8.7  0.0  0.0  0.0  0.0  0.0
    -19.67     -3.20      2.22      1.01      4.44  0.0  0.0  0.0  0.0  0.0
                                    t000299_s5_p16_el2ap.txt 12.5  5.2   60
 16.7 16.7  0.0 66.7  0.0  0.0  0.0  0.0 16.7  0.0 16.7  0.0  0.0  0.0  0.0
  0.0  0.0  0.0  0.0  0.0  0.0300.0100.0 66.7 83.3 33.3  0.0 16.7  0.0  0.0
  0.0  0.0  0.0 33.3  0.0 33.3  0.0  0.0  0.0  0.0 16.7  0.0 33.3 16.7  0.0
  0.0 16.7  0.0  0.0  0.0 16.7 16.7 16.7  0.0  0.0116.7 50.0  0.0133.3  0.0
  0.0  0.0  0.0  0.0  0.0  0.0  0.0  0.0  0.0  0.0  0.0  0.0  0.0  0.0  0.0
  0.0  0.0  0.0  0.0  0.0 16.7  0.0  0.0  0.0  0.0  0.0  0.0  0.0  0.0  0.0
  0.0  0.0  0.0  0.0  0.0  0.0  0.0  0.0  0.0  0.0  0.0  0.0  0.0  0.0  0.0
 16.7  0.0  0.0 16.7  0.0  0.0  0.0  0.0  0.0  0.0  0.0  0.0  0.0  0.0  0.0
  0.0  0.0  0.0  0.0  0.0  0.0  0.0  0.0 16.7 16.7 50.0 16.7  0.0  0.0  0.0
  0.0  0.0  0.0  0.0 16.7 16.7  0.0 33.3 16.7  0.0  0.0  0.0 16.7  0.0  0.0
    -17.54      1.58    -10.44      1.33     19.73  0.0  0.0  0.0  0.0  0.0
                                     t000299_s5_p2_el2ap.txt 18.8  5.9   96
  0.0  0.0  0.0 72.9  0.0  0.0  0.0 10.4  0.0 31.3  0.0  0.0  0.0  0.0  0.0
  0.0  0.0 10.4 10.4  0.0  0.0354.2 72.9 41.7 31.3 10.4 10.4 10.4  0.0  0.0
  0.0  0.0  0.0  0.0  0.0 20.8 10.4  0.0  0.0  0.0  0.0  0.0 20.8 20.8  0.0
  0.0  0.0  0.0  0.0 10.4 10.4 10.4 20.8  0.0  0.0 62.5 10.4  0.0114.6  0.0
 20.8  0.0  0.0  0.0  0.0  0.0  0.0  0.0  0.0  0.0  0.0  0.0  0.0  0.0  0.0
  0.0  0.0  0.0  0.0  0.0  0.0  0.0  0.0  0.0  0.0  0.0  0.0  0.0  0.0  0.0
  0.0  0.0  0.0  0.0  0.0  0.0  0.0  0.0  0.0  0.0  0.0  0.0  0.0  0.0  0.0
  0.0  0.0  0.0  0.0  0.0  0.0  0.0  0.0  0.0  0.0  0.0  0.0  0.0  0.0  0.0
  0.0  0.0  0.0  0.0  0.0  0.0  0.0  0.0 10.4  0.0 10.4 10.4  0.0  0.0  0.0
  0.0  0.0  0.0  0.0  0.0 10.4 10.4 31.3 10.4 10.4  0.0  0.0 10.4  0.0  0.0
    -14.29     -0.30     -0.21     -6.61     12.55  0.0  0.0  0.0  0.0  0.0
                                     t000299_s5_p3_el2ap.txt 16.5  5.4  103
  9.7  0.0  0.0 77.7  0.0  0.0  0.0  0.0  0.0  9.7  9.7  9.7  0.0  9.7  0.0
  0.0  0.0 19.4  0.0  0.0  0.0320.4 97.1 58.3 19.4  9.7  0.0  0.0  0.0  0.0
  0.0  0.0  0.0  0.0  0.0 48.5  0.0  0.0  0.0  0.0  0.0  0.0 29.1  9.7  0.0
  0.0  0.0  0.0  0.0  9.7 19.4  9.7  9.7  0.0  0.0106.8  9.7 19.4 87.4  9.7
  0.0  9.7  0.0  0.0  0.0  0.0  0.0  0.0  0.0  0.0  0.0  0.0  0.0  0.0  0.0
  0.0  0.0  0.0  0.0  0.0  0.0  0.0  0.0  9.7  0.0  0.0  0.0  0.0  0.0  0.0
  0.0  0.0  0.0  0.0  0.0  0.0  0.0  0.0  0.0  0.0  0.0  0.0  0.0  0.0  0.0
  0.0  9.7  0.0  9.7  0.0  0.0  0.0  0.0  0.0  0.0  0.0  0.0  0.0  0.0  0.0
  0.0  0.0  0.0  0.0  0.0  0.0  0.0  0.0  9.7  0.0 19.4  0.0  0.0  9.7  0.0
  0.0  0.0  0.0  0.0  0.0  0.0  0.0 19.4  0.0  0.0  0.0  9.7  0.0  0.0  0.0
     -6.44     -4.66     -1.78     -6.61     16.05  0.0  0.0  0.0  0.0  0.0
                                     t000299_s5_p4_el2ap.txt 31.8  5.4  182
  5.5  0.0  0.0 44.0  0.0  0.0  0.0  5.5 16.5 16.5  5.5  5.5  0.0  0.0  0.0
  0.0  0.0  0.0  0.0  0.0  0.0263.7104.4 38.5 49.5  0.0  0.0  5.5  0.0  0.0
  0.0  5.5  0.0  5.5 11.0 33.0 27.5  0.0  0.0  0.0 11.0  5.5  5.5 16.5  5.5
  5.5  5.5  5.5 16.5 16.5 11.0 16.5 27.5  0.0  0.0 76.9 16.5  0.0137.4 11.0
  5.5  0.0  0.0  0.0  0.0  0.0  0.0  0.0  0.0  0.0  0.0  0.0  0.0  0.0  0.0
  0.0  0.0  0.0  0.0  0.0  5.5  5.5  0.0  0.0  0.0  0.0  0.0  0.0  0.0  0.0
  0.0  0.0  0.0  5.5  0.0  0.0  0.0  0.0  5.5  0.0  0.0  0.0  0.0  0.0  0.0
 11.0  0.0  0.0 11.0  5.5  5.5 11.0  0.0  0.0  0.0  0.0  0.0  0.0  0.0  0.0
  0.0  0.0  0.0  0.0  0.0  0.0  0.0  0.0 27.5 11.0 22.0  0.0  0.0  5.5  5.5
  0.0  5.5  0.0  0.0  5.5  0.0  5.5 16.5  5.5 11.0  5.5  0.0 27.5  0.0  0.0
    -16.02     -3.08     -3.67      0.83      8.30  5.5  0.0  0.0  0.0  0.0
                                     t000299_s5_p5_el2ap.txt 18.0  6.1  100
 10.0  0.0  0.0 40.0  0.0  0.0  0.0  0.0  0.0  0.0  0.0  0.0  0.0  0.0  0.0
  0.0  0.0  0.0  0.0  0.0  0.0340.0150.0 70.0 50.0  0.0  0.0  0.0  0.0 10.0
  0.0  0.0  0.0  0.0  0.0  0.0  0.0  0.0  0.0  0.0  0.0  0.0  0.0 20.0  0.0
 30.0 10.0 10.0 10.0  0.0  0.0 10.0 50.0  0.0 10.0100.0  0.0 10.0120.0  0.0
  0.0  0.0  0.0  0.0  0.0  0.0  0.0  0.0  0.0  0.0  0.0  0.0  0.0  0.0  0.0
  0.0  0.0  0.0 10.0  0.0  0.0  0.0  0.0  0.0  0.0  0.0  0.0  0.0  0.0  0.0
  0.0  0.0  0.0  0.0  0.0  0.0  0.0  0.0  0.0  0.0  0.0  0.0  0.0  0.0  0.0
 10.0  0.0  0.0 10.0  0.0  0.0  0.0  0.0  0.0  0.0  0.0  0.0  0.0  0.0  0.0
  0.0  0.0  0.0  0.0  0.0  0.0  0.0  0.0 50.0  0.0 10.0  0.0  0.0  0.0  0.0
  0.0  0.0  0.0  0.0  0.0 30.0 10.0 30.0 10.0 10.0  0.0  0.0 10.0  0.0  0.0
    -30.95     -4.08      5.97     -6.61      9.08 10.0  0.0  0.0  0.0  0.0
                                     t000299_s5_p6_el2ap.txt 21.3  5.6  119
  8.4  0.0  0.0 58.8  0.0  0.0  0.0  0.0  0.0  0.0  0.0  0.0  0.0  0.0  0.0
  0.0  0.0  0.0  8.4  0.0  0.0344.5 92.4 58.8 58.8  0.0 16.8  0.0  0.0  8.4
  0.0  0.0  0.0  0.0  0.0 33.6  0.0  0.0  0.0  0.0  0.0  0.0  0.0  8.4  0.0
  8.4  0.0  0.0 16.8  8.4  0.0  8.4 16.8  0.0  8.4 67.2  0.0  0.0109.2  8.4
  0.0  0.0  0.0  0.0  0.0  0.0  0.0  0.0  0.0  0.0  0.0  0.0  0.0  0.0  0.0
  0.0  0.0  0.0  0.0  0.0  0.0  0.0  0.0  0.0  0.0  0.0  0.0  0.0  0.0  0.0
  0.0  0.0  0.0  0.0  0.0  0.0  0.0  0.0  0.0  0.0  0.0  0.0  8.4  0.0  0.0
  0.0  0.0  0.0  0.0  0.0  0.0  0.0  8.4  0.0  0.0  0.0  0.0  0.0  0.0  0.0
  0.0  0.0  0.0  0.0  0.0  0.0  0.0  0.0 42.0 25.2  8.4 16.8  8.4  0.0  0.0
  0.0  0.0  0.0  0.0  0.0  8.4  8.4 25.2  8.4  8.4  0.0  0.0  8.4  0.0  0.0
    -24.91     -0.56      3.27     -6.61      0.36  0.0  0.0  0.0  0.0  0.0
                                     t000299_s5_p7_el2ap.txt 22.0  5.1  142
  0.0  0.0  0.0 84.5  0.0  0.0  7.0  0.0  0.0 35.2  0.0  7.0  0.0  0.0  0.0
  0.0  0.0  7.0  0.0  0.0  0.0239.4112.7 56.3  0.0  0.0  7.0  0.0  0.0  0.0
  0.0 21.1  0.0  0.0  7.0 21.1 14.1  0.0  7.0  0.0  0.0  7.0  7.0  7.0  7.0
 14.1  7.0  7.0  0.0 21.1  7.0 35.2 28.2  0.0  0.0105.6  0.0  0.0133.8 14.1
  7.0  0.0  0.0  0.0  0.0  0.0  0.0  0.0  0.0  0.0  0.0  0.0  0.0  0.0  0.0
  0.0  0.0  0.0  0.0  0.0  0.0  0.0  7.0  0.0  0.0  0.0  0.0  0.0  0.0  0.0
  0.0  0.0  0.0  0.0  0.0  0.0  0.0  7.0  7.0  0.0  0.0  0.0  0.0  0.0  0.0
  0.0  7.0  0.0  7.0  0.0 14.1 14.1  0.0  0.0  0.0  0.0  0.0  0.0  0.0  0.0
  0.0  0.0  0.0  0.0  0.0  0.0  0.0 14.1 35.2  7.0 21.1 14.1 14.1 14.1  0.0
  0.0  0.0  0.0  0.0  0.0  0.0  0.0 28.2  0.0 14.1  0.0  7.0  7.0  0.0  0.0
    -10.60     -4.37      5.53     -1.52     11.80  0.0  0.0  0.0  0.0  0.0
                                     t000299_s5_p8_el2ap.txt 17.0  5.4   90
 11.1  0.0  0.0 77.8  0.0  0.0  0.0  0.0  0.0 11.1  0.0  0.0  0.0  0.0  0.0
  0.0  0.0 11.1  0.0  0.0  0.0300.0122.2 55.6  0.0  0.0 11.1 11.1  0.0 11.1
  0.0 11.1  0.0  0.0  0.0 22.2 33.3  0.0  0.0  0.0  0.0  0.0 11.1 22.2 11.1
  0.0  0.0 22.2 22.2 11.1 11.1 11.1 33.3  0.0 11.1100.0  0.0  0.0133.3  0.0
  0.0  0.0  0.0  0.0  0.0  0.0  0.0  0.0  0.0  0.0  0.0  0.0  0.0  0.0  0.0
  0.0  0.0  0.0 11.1  0.0 22.2 11.1  0.0  0.0  0.0  0.0  0.0  0.0  0.0 11.1
  0.0  0.0 11.1  0.0  0.0 11.1  0.0  0.0  0.0  0.0  0.0  0.0  0.0  0.0  0.0
 44.4  0.0  0.0 44.4 22.2 11.1 33.3  0.0  0.0  0.0  0.0  0.0  0.0  0.0  0.0
  0.0  0.0  0.0  0.0  0.0  0.0  0.0  0.0 33.3  0.0  0.0 33.3 11.1  0.0  0.0
  0.0  0.0  0.0  0.0  0.0 22.2  0.0 44.4  0.0 11.1  0.0  0.0 11.1  0.0  0.0
    -20.34     -1.53      9.38     -6.61     15.23  0.0  0.0  0.0  0.0  0.0
                                     t000299_s5_p9_el2ap.txt 10.8  5.5   57
  0.0  0.0  0.0 17.5  0.0  0.0  0.0  0.0  0.0 17.5  0.0  0.0  0.0  0.0  0.0
  0.0  0.0  0.0  0.0  0.0  0.0386.0140.4 52.6 17.5  0.0  0.0 17.5 17.5  0.0
  0.0  0.0  0.0  0.0  0.0 17.5  0.0  0.0  0.0  0.0  0.0  0.0  0.0  0.0  0.0
 52.6  0.0 17.5  0.0  0.0  0.0  0.0 52.6  0.0 17.5 52.6  0.0  0.0122.8 17.5
  0.0  0.0  0.0  0.0  0.0  0.0  0.0  0.0  0.0  0.0  0.0  0.0  0.0  0.0  0.0
  0.0  0.0  0.0  0.0  0.0 17.5  0.0  0.0  0.0  0.0  0.0  0.0  0.0  0.0  0.0
  0.0  0.0  0.0  0.0  0.0  0.0  0.0  0.0  0.0  0.0  0.0  0.0  0.0  0.0  0.0
 17.5  0.0  0.0 17.5  0.0  0.0  0.0  0.0  0.0  0.0  0.0  0.0  0.0  0.0  0.0
  0.0  0.0  0.0  0.0  0.0  0.0  0.0  0.0 17.5 35.1  0.0 35.1 17.5  0.0  0.0
  0.0  0.0  0.0  0.0  0.0 17.5  0.0 52.6  0.0 17.5  0.0  0.0  0.0  0.0  0.0
    -28.68     -1.90     10.30     -6.61     13.35  0.0  0.0  0.0  0.0  0.0
                                     t000299_s8_p1_el2ap.txt 16.5  5.4   82
  0.0  0.0  0.0 73.2  0.0  0.0  0.0 12.2  0.0 24.4  0.0 12.2  0.0 12.2  0.0
  0.0  0.0  0.0  0.0  0.0  0.0268.3134.1109.8  0.0 36.6  0.0  0.0  0.0  0.0
  0.0 12.2  0.0  0.0  0.0 12.2  0.0  0.0  0.0  0.0 12.2  0.0  0.0 24.4  0.0
  0.0  0.0  0.0  0.0 12.2 12.2 24.4 24.4  0.0  0.0134.1 36.6  0.0 97.6 24.4
  0.0  0.0  0.0  0.0  0.0  0.0  0.0  0.0  0.0  0.0  0.0  0.0  0.0  0.0  0.0
  0.0  0.0  0.0  0.0  0.0  0.0  0.0  0.0  0.0  0.0  0.0  0.0 12.2  0.0  0.0
  0.0  0.0  0.0  0.0  0.0  0.0  0.0  0.0  0.0  0.0  0.0  0.0  0.0  0.0  0.0
  0.0  0.0 12.2 12.2  0.0  0.0  0.0  0.0  0.0  0.0  0.0  0.0  0.0  0.0  0.0
  0.0  0.0  0.0  0.0  0.0  0.0  0.0 12.2 36.6 12.2  0.0 12.2 12.2  0.0  0.0
  0.0  0.0  0.0  0.0  0.0 24.4  0.0 24.4  0.0 12.2  0.0  0.0  0.0  0.0  0.0
     -9.02     -4.10      4.80     -0.80      0.07  0.0  0.0  0.0  0.0  0.0
                                     t000299_s8_p2_el2ap.txt 26.5  4.9  154
  0.0  0.0  0.0110.4  0.0  6.5  0.0  0.0  0.0 13.0  0.0  0.0  0.0  0.0  0.0
  0.0  0.0  6.5  6.5  0.0  0.0292.2123.4 32.5  6.5 19.5  6.5  0.0  0.0 13.0
  0.0  0.0  0.0  6.5  0.0 26.0  6.5  0.0  0.0  0.0  6.5 13.0  6.5 26.0  0.0
  0.0  0.0  0.0  6.5  6.5 13.0  6.5 26.0  0.0 13.0 77.9 19.5  0.0116.9  6.5
  0.0  0.0  0.0  0.0  0.0  0.0  0.0  0.0  0.0  0.0  0.0  0.0  0.0  0.0  0.0
  0.0  0.0  0.0  0.0  0.0  0.0  0.0  0.0  0.0  0.0  0.0  0.0  0.0  0.0  0.0
  0.0  0.0  0.0  0.0  0.0  0.0  0.0  0.0  0.0  0.0  0.0  0.0  0.0  0.0  0.0
  0.0  0.0  0.0  0.0  0.0  0.0  0.0  0.0  0.0  0.0  0.0  0.0  0.0  0.0  0.0
  0.0  0.0  0.0  0.0  0.0  0.0  0.0  0.0 19.5  6.5 19.5 19.5  0.0  0.0  0.0
  0.0  0.0  6.5  0.0  0.0  0.0  6.5 13.0  6.5 13.0  0.0  0.0  6.5  0.0  0.0
    -15.68     -3.40      4.14      1.68      4.37  0.0  0.0  0.0  0.0  0.0
                                     t000299_s8_p3_el2ap.txt 16.0  5.3   85
 11.8  0.0  0.0 70.6  0.0  0.0  0.0  0.0  0.0 23.5  0.0  0.0  0.0  0.0  0.0
  0.0  0.0  0.0 11.8  0.0  0.0282.4 94.1 47.1 11.8 11.8  0.0  0.0  0.0  0.0
  0.0  0.0  0.0  0.0  0.0 35.3 47.1  0.0  0.0  0.0 11.8 11.8  0.0 23.5  0.0
  0.0  0.0 11.8 11.8 11.8 11.8 11.8 23.5  0.0  0.0 70.6 11.8  0.0105.9  0.0
  0.0  0.0  0.0  0.0  0.0  0.0  0.0  0.0  0.0  0.0  0.0  0.0  0.0  0.0  0.0
  0.0  0.0  0.0  0.0 11.8  0.0  0.0  0.0  0.0  0.0  0.0  0.0  0.0  0.0  0.0
  0.0  0.0  0.0  0.0  0.0  0.0  0.0  0.0  0.0  0.0  0.0  0.0 11.8  0.0  0.0
 11.8  0.0  0.0 11.8  0.0  0.0  0.0 11.8  0.0  0.0  0.0  0.0  0.0  0.0  0.0
  0.0  0.0  0.0  0.0  0.0  0.0  0.0  0.0 11.8  0.0 47.1 11.8  0.0  0.0  0.0
  0.0  0.0  0.0  0.0  0.0  0.0 23.5  0.0  0.0  0.0 23.5  0.0  0.0  0.0  0.0
    -17.05     -4.82     -1.03      3.70     -0.06  0.0 11.8  0.0  0.0  0.0
                                     t000299_s8_p4_el2ap.txt  8.5  5.0   45
  0.0  0.0  0.0 66.7  0.0  0.0  0.0  0.0  0.0 44.4  0.0  0.0  0.0  0.0  0.0
  0.0  0.0  0.0 22.2  0.0  0.0288.9 88.9 22.2 44.4  0.0  0.0 22.2  0.0  0.0
  0.0  0.0  0.0  0.0  0.0  0.0 22.2  0.0  0.0  0.0  0.0  0.0  0.0  0.0  0.0
  0.0  0.0  0.0  0.0  0.0  0.0 22.2  0.0  0.0  0.0 44.4  0.0  0.0133.3  0.0
 22.2  0.0  0.0  0.0  0.0  0.0  0.0  0.0  0.0  0.0  0.0  0.0  0.0  0.0  0.0
  0.0  0.0  0.0  0.0  0.0  0.0  0.0  0.0  0.0  0.0  0.0  0.0  0.0  0.0  0.0
  0.0  0.0  0.0  0.0  0.0  0.0  0.0  0.0  0.0  0.0  0.0  0.0  0.0  0.0  0.0
  0.0  0.0  0.0  0.0  0.0  0.0  0.0  0.0  0.0  0.0  0.0  0.0  0.0  0.0  0.0
  0.0  0.0  0.0  0.0  0.0  0.0  0.0  0.0 44.4  0.0  0.0  0.0  0.0  0.0  0.0
  0.0  0.0  0.0  0.0  0.0  0.0  0.0 22.2 22.2 22.2  0.0  0.0  0.0  0.0  0.0
    -11.30     -0.15      0.97     -6.61     -3.63  0.0  0.0  0.0  0.0  0.0
                                     t000305_s1_p1_el2ap.txt  9.8  5.5   44
  0.0  0.0  0.0 90.9  0.0  0.0  0.0  0.0  0.0  0.0  0.0  0.0  0.0  0.0  0.0
  0.0  0.0  0.0  0.0  0.0  0.0318.2 90.9 90.9  0.0  0.0 22.7  0.0  0.0  0.0
  0.0 22.7  0.0  0.0  0.0  0.0 22.7  0.0  0.0  0.0 22.7  0.0  0.0 68.2  0.0
  0.0 22.7  0.0  0.0  0.0 22.7 45.5 68.2  0.0  0.0113.6  0.0  0.0113.6  0.0
  0.0  0.0  0.0  0.0  0.0  0.0  0.0  0.0  0.0  0.0  0.0  0.0  0.0  0.0  0.0
  0.0  0.0  0.0  0.0  0.0 22.7  0.0  0.0  0.0  0.0  0.0  0.0  0.0  0.0 22.7
  0.0  0.0  0.0  0.0  0.0  0.0  0.0  0.0  0.0  0.0  0.0  0.0  0.0  0.0  0.0
 22.7  0.0  0.0 22.7 22.7  0.0 22.7  0.0  0.0  0.0  0.0  0.0  0.0  0.0  0.0
  0.0  0.0  0.0  0.0  0.0  0.0  0.0  0.0 45.5  0.0  0.0  0.0  0.0  0.0  0.0
  0.0  0.0 22.7  0.0  0.0 22.7  0.0 22.7  0.0 22.7  0.0 22.7  0.0  0.0  0.0
    -27.23     -1.36      9.39      4.22      6.70  0.0  0.0  0.0  0.0  0.0
                                     t000305_s1_p2_el2ap.txt  6.3  5.0   28
  0.0  0.0  0.0  0.0  0.0  0.0  0.0  0.0  0.0  0.0  0.0  0.0  0.0  0.0  0.0
  0.0  0.0  0.0  0.0  0.0  0.0357.1214.3 35.7 35.7  0.0  0.0  0.0  0.0  0.0
  0.0  0.0  0.0  0.0  0.0  0.0 35.7  0.0  0.0  0.0  0.0  0.0  0.0  0.0  0.0
  0.0  0.0  0.0  0.0  0.0  0.0  0.0  0.0  0.0  0.0 35.7  0.0  0.0 71.4  0.0
  0.0  0.0  0.0  0.0  0.0  0.0  0.0  0.0  0.0  0.0  0.0  0.0  0.0  0.0  0.0
  0.0  0.0  0.0  0.0  0.0  0.0  0.0  0.0  0.0  0.0  0.0  0.0  0.0  0.0  0.0
  0.0  0.0  0.0  0.0  0.0  0.0  0.0  0.0  0.0  0.0 35.7  0.0  0.0  0.0  0.0
  0.0  0.0  0.0  0.0  0.0  0.0  0.0 35.7  0.0  0.0  0.0  0.0  0.0  0.0  0.0
  0.0  0.0  0.0  0.0  0.0  0.0  0.0  0.0  0.0  0.0  0.0  0.0  0.0  0.0  0.0
  0.0  0.0  0.0  0.0  0.0  0.0  0.0 35.7  0.0 35.7  0.0  0.0  0.0  0.0  0.0
    -31.50     -4.55      0.97     -6.61     -3.63  0.0  0.0  0.0  0.0  0.0
                                     t000305_s1_p3_el2ap.txt 10.5  5.1   51
 19.6  0.0  0.0  0.0  0.0  0.0  0.0  0.0  0.0  0.0  0.0  0.0  0.0 19.6  0.0
  0.0  0.0  0.0 19.6  0.0  0.0392.2196.1 39.2  0.0 19.6  0.0  0.0  0.0  0.0
  0.0  0.0  0.0  0.0  0.0  0.0  0.0  0.0  0.0  0.0  0.0  0.0  0.0 19.6  0.0
 19.6  0.0  0.0  0.0  0.0  0.0 19.6 39.2  0.0  0.0 39.2 19.6  0.0 39.2  0.0
  0.0  0.0  0.0  0.0  0.0  0.0  0.0  0.0  0.0  0.0  0.0  0.0  0.0  0.0  0.0
  0.0  0.0  0.0  0.0  0.0  0.0  0.0  0.0  0.0  0.0  0.0  0.0  0.0  0.0  0.0
  0.0  0.0  0.0  0.0  0.0  0.0  0.0  0.0  0.0  0.0 19.6  0.0  0.0  0.0  0.0
  0.0  0.0  0.0  0.0  0.0  0.0  0.0 19.6  0.0  0.0  0.0  0.0  0.0  0.0  0.0
  0.0  0.0  0.0  0.0  0.0  0.0  0.0  0.0  0.0  0.0 19.6  0.0 19.6  0.0  0.0
  0.0  0.0  0.0  0.0  0.0  0.0  0.0 19.6 19.6 39.2  0.0  0.0  0.0  0.0  0.0
    -16.61     -4.86      0.97     -6.61      5.67  0.0  0.0  0.0  0.0  0.0
                                     t000305_s1_p4_el2ap.txt 11.5  5.2   66
  0.0  0.0  0.0 45.5  0.0  0.0  0.0  0.0  0.0  0.0  0.0  0.0  0.0 15.2  0.0
  0.0  0.0  0.0  0.0  0.0  0.0393.9166.7 45.5 15.2  0.0  0.0  0.0  0.0  0.0
  0.0  0.0  0.0  0.0  0.0 45.5  0.0  0.0  0.0  0.0  0.0  0.0 15.2  0.0  0.0
  0.0 15.2  0.0 15.2  0.0  0.0 15.2  0.0  0.0  0.0 60.6  0.0 45.5 60.6  0.0
  0.0  0.0  0.0  0.0  0.0  0.0  0.0  0.0  0.0  0.0  0.0  0.0  0.0  0.0  0.0
  0.0  0.0  0.0  0.0  0.0  0.0  0.0  0.0  0.0  0.0  0.0  0.0  0.0  0.0  0.0
  0.0  0.0  0.0  0.0  0.0  0.0  0.0  0.0  0.0  0.0  0.0  0.0 15.2  0.0  0.0
  0.0  0.0  0.0  0.0  0.0  0.0  0.0 15.2  0.0  0.0  0.0  0.0  0.0  0.0  0.0
  0.0  0.0  0.0  0.0  0.0  0.0  0.0  0.0 30.3  0.0  0.0  0.0  0.0 15.2 15.2
  0.0  0.0  0.0  0.0  0.0  0.0  0.0 15.2  0.0 15.2  0.0  0.0  0.0  0.0  0.0
    -22.82     -5.23     -1.61     -6.61      5.84  0.0  0.0  0.0  0.0  0.0
                                     t000305_s1_p5_el2ap.txt  6.8  5.4   36
 27.8  0.0  0.0 27.8  0.0  0.0  0.0  0.0  0.0  0.0  0.0  0.0  0.0  0.0  0.0
  0.0  0.0  0.0  0.0  0.0  0.0416.7194.4111.1  0.0  0.0  0.0  0.0  0.0  0.0
  0.0  0.0  0.0  0.0  0.0  0.0  0.0  0.0  0.0  0.0  0.0  0.0  0.0  0.0  0.0
  0.0  0.0  0.0  0.0  0.0  0.0  0.0  0.0  0.0  0.0111.1  0.0  0.0 55.6 27.8
  0.0  0.0  0.0  0.0  0.0  0.0  0.0  0.0  0.0  0.0  0.0  0.0  0.0  0.0  0.0
  0.0  0.0  0.0  0.0  0.0  0.0  0.0  0.0  0.0  0.0  0.0  0.0  0.0  0.0  0.0
  0.0  0.0  0.0  0.0  0.0  0.0  0.0  0.0  0.0  0.0  0.0  0.0  0.0  0.0  0.0
  0.0  0.0  0.0  0.0  0.0  0.0  0.0  0.0  0.0  0.0  0.0  0.0  0.0  0.0  0.0
  0.0  0.0  0.0  0.0  0.0  0.0  0.0  0.0  0.0  0.0 27.8  0.0  0.0  0.0  0.0
  0.0  0.0 27.8  0.0  0.0  0.0  0.0  0.0  0.0  0.0  0.0  0.0  0.0  0.0  0.0
    -33.98     -5.73      0.97     -6.61     -3.63  0.0  0.0  0.0 27.8  0.0
                                    t000305_s14_p1_el2ap.txt  6.3  4.2   32
  0.0  0.0  0.0 31.3  0.0  0.0  0.0  0.0  0.0  0.0  0.0  0.0  0.0  0.0  0.0
  0.0  0.0 31.3 31.3  0.0  0.0250.0125.0  0.0 62.5  0.0  0.0  0.0  0.0  0.0
  0.0  0.0  0.0  0.0  0.0  0.0  0.0  0.0  0.0  0.0 31.3  0.0  0.0  0.0  0.0
  0.0  0.0  0.0 31.3  0.0 62.5 31.3  0.0  0.0  0.0  0.0  0.0  0.0 62.5  0.0
  0.0  0.0  0.0  0.0  0.0  0.0  0.0  0.0  0.0  0.0  0.0  0.0  0.0  0.0  0.0
  0.0  0.0  0.0  0.0  0.0  0.0  0.0  0.0  0.0  0.0  0.0  0.0  0.0  0.0  0.0
  0.0  0.0  0.0  0.0  0.0  0.0  0.0  0.0  0.0  0.0  0.0  0.0  0.0  0.0  0.0
  0.0  0.0  0.0  0.0  0.0  0.0  0.0  0.0  0.0  0.0  0.0  0.0  0.0  0.0  0.0
  0.0  0.0  0.0  0.0  0.0  0.0  0.0  0.0  0.0  0.0  0.0  0.0 31.3  0.0  0.0
  0.0  0.0  0.0  0.0  0.0  0.0  0.0 31.3  0.0 31.3  0.0  0.0  0.0  0.0  0.0
     -4.71     -3.67      0.97      8.28     -3.63  0.0  0.0  0.0  0.0  0.0
                                   t000305_s14_p11_el2ap.txt  4.8  6.1   22
  0.0  0.0  0.0136.4  0.0  0.0  0.0  0.0  0.0  0.0  0.0  0.0  0.0  0.0  0.0
  0.0  0.0  0.0 45.5  0.0  0.0409.1 45.5 45.5  0.0  0.0  0.0  0.0  0.0  0.0
  0.0  0.0  0.0  0.0  0.0  0.0  0.0  0.0  0.0  0.0  0.0  0.0  0.0 90.9  0.0
  0.0  0.0  0.0  0.0  0.0  0.0 45.5 90.9  0.0  0.0 45.5  0.0  0.0136.4  0.0
  0.0  0.0  0.0  0.0  0.0  0.0  0.0  0.0  0.0  0.0  0.0  0.0  0.0  0.0  0.0
  0.0  0.0  0.0  0.0  0.0  0.0  0.0  0.0  0.0  0.0  0.0  0.0  0.0  0.0  0.0
  0.0  0.0  0.0  0.0  0.0  0.0  0.0  0.0  0.0  0.0  0.0  0.0  0.0  0.0  0.0
  0.0  0.0  0.0  0.0  0.0  0.0  0.0  0.0  0.0  0.0  0.0  0.0  0.0  0.0  0.0
  0.0  0.0  0.0  0.0  0.0  0.0  0.0  0.0 45.5  0.0 45.5  0.0  0.0  0.0  0.0
  0.0  0.0  0.0  0.0  0.0 45.5  0.0 45.5 45.5 45.5  0.0  0.0  0.0  0.0  0.0
    -16.20     -5.73      0.97     -6.61     10.15  0.0  0.0  0.0  0.0  0.0
                                   t000305_s14_p12_el2ap.txt  2.8  6.4   14
  0.0  0.0  0.0  0.0  0.0  0.0  0.0  0.0  0.0  0.0  0.0  0.0  0.0  0.0  0.0
  0.0  0.0  0.0  0.0  0.0  0.0500.0 71.4  0.0 71.4  0.0  0.0  0.0  0.0  0.0
  0.0  0.0  0.0  0.0  0.0  0.0  0.0  0.0  0.0  0.0  0.0  0.0  0.0 71.4  0.0
  0.0  0.0  0.0  0.0  0.0  0.0  0.0 71.4  0.0  0.0  0.0  0.0  0.0142.9 71.4
  0.0  0.0  0.0  0.0  0.0  0.0  0.0  0.0  0.0  0.0  0.0  0.0  0.0  0.0  0.0
  0.0  0.0  0.0  0.0  0.0  0.0  0.0  0.0  0.0  0.0  0.0  0.0  0.0  0.0  0.0
  0.0  0.0  0.0  0.0  0.0  0.0  0.0  0.0  0.0  0.0  0.0  0.0  0.0  0.0  0.0
  0.0  0.0  0.0  0.0  0.0  0.0  0.0  0.0  0.0  0.0  0.0  0.0  0.0  0.0  0.0
  0.0  0.0  0.0  0.0  0.0  0.0  0.0  0.0 71.4  0.0  0.0  0.0  0.0 71.4  0.0
  0.0  0.0  0.0  0.0  0.0  0.0  0.0 71.4 71.4 71.4  0.0  0.0  0.0  0.0  0.0
    -31.65     -3.38      0.97     -6.61      7.20  0.0  0.0  0.0  0.0  0.0
                                   t000305_s14_p13_el2ap.txt  7.0  5.1   36
  0.0  0.0  0.0 83.3  0.0  0.0  0.0  0.0  0.0  0.0  0.0  0.0  0.0  0.0  0.0
  0.0  0.0  0.0  0.0  0.0  0.0305.6166.7  0.0  0.0  0.0  0.0  0.0  0.0  0.0
  0.0  0.0  0.0  0.0  0.0 27.8 27.8  0.0  0.0  0.0  0.0 27.8  0.0 55.6  0.0
  0.0  0.0  0.0  0.0  0.0  0.0  0.0 55.6  0.0  0.0  0.0  0.0  0.0 83.3 27.8
 27.8  0.0  0.0  0.0  0.0  0.0  0.0  0.0  0.0  0.0  0.0  0.0  0.0  0.0  0.0
  0.0  0.0  0.0  0.0  0.0  0.0  0.0  0.0  0.0  0.0  0.0  0.0  0.0  0.0  0.0
  0.0  0.0  0.0  0.0  0.0  0.0  0.0  0.0  0.0  0.0  0.0  0.0  0.0  0.0  0.0
  0.0  0.0  0.0  0.0  0.0  0.0  0.0  0.0  0.0  0.0  0.0  0.0  0.0  0.0  0.0
  0.0  0.0  0.0  0.0  0.0  0.0  0.0  0.0 27.8  0.0 27.8  0.0  0.0 27.8  0.0
  0.0  0.0  0.0  0.0  0.0  0.0  0.0 27.8  0.0 27.8  0.0  0.0  0.0  0.0  0.0
    -24.28     -5.73     -0.60      4.51      4.79  0.0  0.0  0.0  0.0  0.0
                                   t000305_s14_p14_el2ap.txt  8.3  5.0   39
 25.6  0.0  0.0 25.6  0.0  0.0  0.0  0.0  0.0  0.0  0.0  0.0  0.0  0.0  0.0
  0.0  0.0  0.0 25.6  0.0  0.0333.3128.2 25.6102.6  0.0  0.0  0.0  0.0  0.0
  0.0  0.0  0.0  0.0  0.0  0.0  0.0  0.0  0.0  0.0  0.0  0.0  0.0 51.3  0.0
  0.0  0.0  0.0  0.0 25.6  0.0 25.6 51.3  0.0  0.0 51.3  0.0  0.0128.2 25.6
  0.0  0.0  0.0  0.0  0.0  0.0  0.0  0.0  0.0  0.0  0.0  0.0  0.0  0.0  0.0
  0.0  0.0  0.0  0.0  0.0  0.0  0.0  0.0  0.0  0.0  0.0  0.0  0.0 25.6  0.0
  0.0  0.0  0.0  0.0  0.0  0.0  0.0  0.0  0.0  0.0  0.0  0.0  0.0  0.0  0.0
  0.0  0.0 25.6 25.6  0.0  0.0  0.0  0.0  0.0  0.0  0.0  0.0  0.0  0.0  0.0
  0.0  0.0  0.0  0.0  0.0  0.0  0.0  0.0 76.9 25.6 76.9  0.0 25.6  0.0  0.0
  0.0  0.0  0.0  0.0  0.0  0.0  0.0 51.3  0.0 25.6  0.0  0.0  0.0  0.0  0.0
    -18.50     -2.35      0.97     -6.61      4.14  0.0  0.0  0.0  0.0  0.0
                                    t000305_s14_p2_el2ap.txt 16.5  5.2   91
 11.0  0.0  0.0 22.0  0.0  0.0  0.0  0.0  0.0  0.0  0.0  0.0  0.0  0.0  0.0
  0.0  0.0  0.0 11.0  0.0  0.0329.7175.8 22.0 44.0 11.0  0.0 11.0  0.0 11.0
  0.0 11.0  0.0  0.0  0.0 44.0  0.0  0.0  0.0  0.0  0.0  0.0 22.0 44.0  0.0
 11.0  0.0  0.0  0.0 11.0  0.0 22.0 54.9  0.0 11.0 54.9 11.0  0.0 98.9  0.0
  0.0  0.0  0.0  0.0  0.0  0.0  0.0  0.0  0.0  0.0  0.0  0.0  0.0  0.0  0.0
  0.0  0.0  0.0  0.0  0.0  0.0  0.0  0.0  0.0  0.0  0.0  0.0  0.0  0.0  0.0
  0.0  0.0  0.0  0.0  0.0  0.0  0.0  0.0  0.0  0.0  0.0  0.0  0.0  0.0  0.0
  0.0  0.0  0.0  0.0  0.0  0.0  0.0  0.0  0.0  0.0  0.0  0.0  0.0  0.0  0.0
  0.0  0.0  0.0  0.0  0.0  0.0  0.0  0.0 11.0  0.0 33.0 11.0 11.0  0.0  0.0
  0.0 11.0  0.0  0.0  0.0  0.0  0.0 54.9 11.0 11.0  0.0  0.0  0.0  0.0  0.0
    -25.08     -1.76      8.04     -6.61     20.31  0.0  0.0 11.0  0.0  0.0
                                    t000305_s14_p3_el2ap.txt  7.5  5.7   34
  0.0  0.0  0.0 58.8  0.0  0.0  0.0  0.0  0.0  0.0  0.0  0.0  0.0  0.0  0.0
  0.0  0.0  0.0  0.0  0.0  0.0558.8 29.4 29.4  0.0 29.4 29.4  0.0  0.0  0.0
  0.0  0.0  0.0  0.0  0.0  0.0  0.0  0.0  0.0  0.0  0.0  0.0  0.0  0.0  0.0
  0.0  0.0  0.0 29.4  0.0  0.0  0.0  0.0  0.0  0.0 29.4 29.4 29.4 58.8  0.0
 29.4  0.0  0.0  0.0  0.0  0.0  0.0  0.0  0.0  0.0  0.0  0.0  0.0  0.0  0.0
  0.0  0.0  0.0  0.0  0.0  0.0  0.0  0.0  0.0  0.0  0.0  0.0  0.0  0.0  0.0
  0.0  0.0  0.0  0.0  0.0  0.0  0.0  0.0  0.0  0.0  0.0  0.0  0.0  0.0  0.0
  0.0  0.0  0.0  0.0  0.0  0.0  0.0  0.0  0.0  0.0  0.0  0.0  0.0  0.0  0.0
  0.0  0.0  0.0  0.0  0.0  0.0  0.0  0.0  0.0  0.0  0.0  0.0  0.0  0.0  0.0
  0.0  0.0  0.0  0.0  0.0 29.4  0.0  0.0  0.0  0.0  0.0  0.0  0.0  0.0  0.0
    -29.69      1.24      0.97     -6.61     -3.63  0.0  0.0  0.0  0.0  0.0
                                    t000305_s14_p4_el2ap.txt  8.3  5.5   35
  0.0  0.0  0.0 57.1  0.0  0.0  0.0  0.0  0.0  0.0  0.0  0.0  0.0  0.0  0.0
  0.0  0.0  0.0 28.6  0.0  0.0657.1 28.6 28.6  0.0  0.0  0.0  0.0  0.0  0.0
  0.0  0.0  0.0  0.0 28.6  0.0  0.0  0.0  0.0  0.0  0.0  0.0  0.0  0.0  0.0
  0.0  0.0  0.0  0.0  0.0  0.0 28.6  0.0  0.0  0.0 57.1  0.0 57.1 57.1  0.0
 28.6  0.0  0.0  0.0  0.0  0.0  0.0  0.0  0.0  0.0  0.0  0.0  0.0  0.0  0.0
  0.0  0.0  0.0  0.0  0.0  0.0  0.0  0.0  0.0  0.0  0.0  0.0  0.0  0.0  0.0
  0.0  0.0  0.0  0.0  0.0  0.0  0.0  0.0  0.0  0.0  0.0  0.0  0.0  0.0  0.0
  0.0  0.0  0.0  0.0  0.0  0.0  0.0  0.0  0.0  0.0  0.0  0.0  0.0  0.0  0.0
  0.0  0.0  0.0  0.0  0.0  0.0  0.0  0.0  0.0  0.0  0.0  0.0  0.0  0.0 28.6
  0.0 28.6  0.0  0.0  0.0  0.0  0.0  0.0  0.0  0.0  0.0  0.0  0.0  0.0  0.0
    -25.85     -5.73     -7.43     -6.61     -3.63  0.0  0.0  0.0  0.0  0.0
                                    t000305_s14_p5_el2ap.txt  3.8  4.5   15
  0.0  0.0  0.0 66.7  0.0  0.0  0.0  0.0  0.0  0.0  0.0  0.0  0.0  0.0  0.0
  0.0  0.0  0.0  0.0  0.0  0.0333.3 66.7  0.0  0.0  0.0  0.0  0.0  0.0  0.0
  0.0  0.0  0.0  0.0  0.0  0.0  0.0  0.0  0.0  0.0  0.0  0.0  0.0  0.0  0.0
  0.0  0.0  0.0  0.0  0.0  0.0  0.0  0.0  0.0  0.0 66.7  0.0  0.0133.3 66.7
  0.0  0.0  0.0  0.0  0.0  0.0  0.0  0.0  0.0  0.0  0.0  0.0  0.0  0.0  0.0
  0.0  0.0  0.0  0.0  0.0  0.0  0.0  0.0  0.0  0.0  0.0  0.0  0.0  0.0  0.0
  0.0  0.0  0.0  0.0 66.7  0.0  0.0  0.0  0.0  0.0  0.0  0.0  0.0  0.0  0.0
  0.0  0.0  0.0  0.0  0.0 66.7 66.7  0.0  0.0  0.0  0.0  0.0  0.0  0.0  0.0
  0.0  0.0  0.0  0.0  0.0  0.0  0.0  0.0  0.0  0.0  0.0  0.0  0.0  0.0  0.0
  0.0  0.0  0.0  0.0  0.0  0.0  0.0  0.0  0.0  0.0  0.0  0.0  0.0  0.0  0.0
    -19.93     -5.73      0.97     -6.61     -3.63  0.0  0.0  0.0  0.0  0.0
                                    t000305_s14_p6_el2ap.txt  4.5  5.3   19
  0.0  0.0  0.0 52.6  0.0  0.0  0.0  0.0  0.0  0.0  0.0  0.0  0.0  0.0  0.0
  0.0  0.0  0.0  0.0  0.0  0.0473.7105.3 52.6  0.0  0.0  0.0  0.0  0.0  0.0
  0.0  0.0  0.0  0.0  0.0  0.0  0.0  0.0  0.0  0.0  0.0  0.0  0.0  0.0  0.0
  0.0  0.0  0.0  0.0  0.0  0.0  0.0  0.0  0.0  0.0 52.6  0.0  0.0 52.6  0.0
 52.6  0.0  0.0  0.0  0.0  0.0  0.0  0.0  0.0  0.0  0.0  0.0  0.0  0.0  0.0
  0.0  0.0  0.0  0.0  0.0  0.0  0.0  0.0  0.0  0.0  0.0  0.0  0.0  0.0  0.0
  0.0  0.0  0.0  0.0  0.0  0.0  0.0  0.0  0.0  0.0  0.0  0.0  0.0  0.0  0.0
  0.0  0.0  0.0  0.0  0.0  0.0  0.0  0.0  0.0  0.0  0.0  0.0  0.0  0.0  0.0
  0.0  0.0  0.0  0.0  0.0  0.0  0.0  0.0  0.0  0.0  0.0  0.0  0.0  0.0  0.0
  0.0  0.0  0.0  0.0  0.0  0.0  0.0  0.0  0.0  0.0  0.0  0.0  0.0  0.0  0.0
    -30.73     -5.73      0.97     -6.61     -3.63  0.0  0.0  0.0  0.0  0.0
                                    t000305_s14_p7_el2ap.txt  5.5  5.2   22
  0.0  0.0  0.0  0.0  0.0  0.0  0.0  0.0  0.0  0.0  0.0  0.0  0.0  0.0  0.0
  0.0  0.0  0.0  0.0  0.0  0.0727.3 90.9  0.0  0.0  0.0  0.0  0.0  0.0  0.0
  0.0  0.0  0.0  0.0 45.5  0.0  0.0  0.0  0.0  0.0  0.0  0.0  0.0  0.0  0.0
  0.0  0.0  0.0 45.5  0.0  0.0  0.0  0.0  0.0  0.0  0.0  0.0  0.0  0.0  0.0
  0.0  0.0  0.0  0.0  0.0  0.0  0.0  0.0  0.0  0.0  0.0  0.0  0.0  0.0  0.0
  0.0  0.0  0.0  0.0  0.0  0.0  0.0  0.0  0.0  0.0  0.0  0.0  0.0  0.0  0.0
  0.0  0.0  0.0  0.0  0.0  0.0  0.0  0.0  0.0  0.0  0.0  0.0  0.0  0.0  0.0
  0.0  0.0  0.0  0.0  0.0  0.0  0.0  0.0  0.0  0.0  0.0  0.0  0.0  0.0  0.0
  0.0  0.0  0.0  0.0  0.0  0.0  0.0  0.0 45.5  0.0  0.0  0.0  0.0  0.0  0.0
  0.0  0.0  0.0  0.0  0.0  0.0  0.0  0.0  0.0  0.0  0.0  0.0  0.0  0.0  0.0
    -35.80     -5.73    -12.40     -6.61     -3.63  0.0  0.0  0.0  0.0  0.0
                                    t000305_s14_p8_el2ap.txt  7.0  5.6   34
 29.4  0.0  0.0 29.4  0.0  0.0  0.0  0.0  0.0  0.0  0.0  0.0  0.0  0.0  0.0
  0.0  0.0  0.0  0.0  0.0  0.0382.4 29.4 58.8 58.8 29.4  0.0  0.0  0.0 29.4
  0.0  0.0  0.0  0.0  0.0  0.0  0.0  0.0  0.0  0.0  0.0  0.0  0.0  0.0  0.0
 29.4  0.0  0.0  0.0  0.0  0.0  0.0 29.4  0.0 29.4 88.2 29.4  0.0 88.2  0.0
  0.0  0.0  0.0  0.0  0.0  0.0  0.0  0.0  0.0  0.0  0.0  0.0  0.0  0.0  0.0
  0.0  0.0  0.0  0.0  0.0  0.0  0.0  0.0  0.0  0.0  0.0  0.0  0.0  0.0  0.0
  0.0  0.0  0.0  0.0  0.0  0.0  0.0  0.0  0.0  0.0  0.0  0.0  0.0  0.0  0.0
  0.0  0.0  0.0  0.0  0.0  0.0  0.0  0.0  0.0  0.0  0.0  0.0  0.0  0.0  0.0
  0.0  0.0  0.0  0.0  0.0  0.0  0.0  0.0  0.0  0.0  0.0  0.0  0.0  0.0  0.0
  0.0  0.0  0.0  0.0  0.0 29.4  0.0 29.4  0.0 29.4  0.0  0.0  0.0  0.0  0.0
    -23.96     -2.49     15.68     -6.61      5.86  0.0  0.0  0.0  0.0  0.0
                                    t000305_s19_p1_el2ap.txt  5.5  5.9   29
  0.0  0.0  0.0 34.5  0.0  0.0  0.0  0.0  0.0  0.0  0.0  0.0  0.0  0.0  0.0
  0.0  0.0  0.0 34.5  0.0  0.0482.8103.4 34.5  0.0  0.0  0.0  0.0  0.0  0.0
  0.0  0.0  0.0  0.0  0.0  0.0  0.0  0.0  0.0  0.0  0.0  0.0  0.0 34.5  0.0
  0.0  0.0  0.0  0.0  0.0  0.0 34.5 34.5  0.0  0.0 34.5  0.0  0.0 34.5  0.0
  0.0  0.0  0.0  0.0  0.0  0.0  0.0  0.0  0.0  0.0  0.0  0.0  0.0  0.0  0.0
  0.0  0.0  0.0  0.0  0.0  0.0  0.0  0.0  0.0  0.0  0.0  0.0  0.0  0.0  0.0
  0.0  0.0  0.0  0.0  0.0  0.0  0.0  0.0  0.0  0.0  0.0  0.0  0.0  0.0  0.0
  0.0  0.0  0.0  0.0  0.0  0.0  0.0  0.0  0.0  0.0  0.0  0.0  0.0  0.0  0.0
  0.0  0.0  0.0  0.0  0.0  0.0  0.0  0.0  0.0  0.0 34.5  0.0  0.0  0.0  0.0
  0.0  0.0  0.0  0.0  0.0  0.0  0.0  0.0  0.0  0.0  0.0  0.0  0.0  0.0  0.0
    -24.83     -5.73      0.97     -6.61      1.60  0.0  0.0  0.0  0.0  0.0
                                    t000305_s19_p2_el2ap.txt 14.0  5.1   90
  0.0  0.0  0.0 11.1  0.0  0.0  0.0  0.0  0.0 11.1  0.0  0.0  0.0  0.0  0.0
  0.0  0.0  0.0 44.4  0.0  0.0366.7133.3 22.2 44.4 11.1  0.0  0.0  0.0  0.0
  0.0  0.0  0.0  0.0  0.0  0.0  0.0  0.0  0.0  0.0  0.0  0.0  0.0 22.2  0.0
  0.0  0.0 11.1  0.0 11.1  0.0 44.4 22.2  0.0  0.0 66.7 11.1  0.0 66.7 11.1
  0.0  0.0  0.0  0.0  0.0  0.0  0.0  0.0  0.0  0.0  0.0  0.0  0.0  0.0  0.0
  0.0  0.0  0.0  0.0  0.0 11.1  0.0  0.0  0.0  0.0  0.0  0.0  0.0  0.0  0.0
  0.0  0.0  0.0  0.0  0.0  0.0  0.0  0.0  0.0  0.0  0.0  0.0  0.0  0.0  0.0
 11.1  0.0  0.0 11.1  0.0  0.0  0.0  0.0  0.0  0.0  0.0  0.0  0.0  0.0  0.0
  0.0  0.0  0.0  0.0  0.0  0.0  0.0  0.0 11.1  0.0  0.0 11.1  0.0  0.0  0.0
  0.0  0.0  0.0  0.0  0.0  0.0  0.0  0.0  0.0 22.2  0.0  0.0  0.0  0.0  0.0
    -17.08     -3.77      0.97     -6.61     -0.26  0.0  0.0  0.0  0.0  0.0
                                    t000305_s19_p3_el2ap.txt 13.5  4.8   76
 13.2  0.0  0.0 78.9  0.0  0.0 13.2  0.0  0.0 13.2  0.0  0.0  0.0 13.2  0.0
  0.0  0.0 13.2 26.3  0.0  0.0315.8 92.1 65.8  0.0  0.0  0.0  0.0  0.0  0.0
  0.0  0.0  0.0  0.0 13.2 13.2  0.0  0.0  0.0  0.0  0.0  0.0  0.0 13.2  0.0
  0.0  0.0  0.0  0.0  0.0 13.2 26.3 13.2  0.0  0.0 78.9  0.0 13.2 78.9  0.0
  0.0  0.0  0.0  0.0  0.0  0.0  0.0  0.0  0.0  0.0  0.0  0.0  0.0  0.0  0.0
  0.0  0.0  0.0  0.0  0.0  0.0  0.0  0.0  0.0  0.0  0.0  0.0 13.2  0.0  0.0
  0.0  0.0  0.0  0.0  0.0  0.0  0.0  0.0  0.0  0.0  0.0  0.0  0.0  0.0  0.0
  0.0  0.0 13.2 13.2  0.0  0.0  0.0  0.0  0.0  0.0  0.0  0.0  0.0  0.0  0.0
  0.0  0.0  0.0  0.0  0.0  0.0  0.0  0.0 13.2 13.2  0.0  0.0  0.0 13.2  0.0
  0.0 13.2  0.0  0.0  0.0  0.0  0.0  0.0  0.0  0.0  0.0  0.0 26.3  0.0  0.0
     -2.77     -5.73     -3.64     -6.61     -1.63  0.0  0.0  0.0  0.0  0.0
                                    t000305_s19_p4_el2ap.txt  6.5  4.9   32
  0.0  0.0  0.0 31.3  0.0  0.0  0.0  0.0  0.0  0.0  0.0  0.0  0.0  0.0  0.0
  0.0  0.0  0.0 31.3  0.0  0.0343.8156.3  0.0  0.0  0.0  0.0  0.0  0.0  0.0
  0.0  0.0  0.0  0.0  0.0 31.3 31.3  0.0  0.0  0.0  0.0  0.0  0.0 31.3  0.0
  0.0 62.5  0.0  0.0  0.0  0.0 93.8 31.3  0.0  0.0  0.0  0.0  0.0 93.8  0.0
  0.0  0.0  0.0  0.0  0.0  0.0  0.0  0.0  0.0  0.0  0.0  0.0  0.0  0.0  0.0
  0.0  0.0  0.0  0.0  0.0  0.0  0.0  0.0  0.0  0.0  0.0  0.0  0.0  0.0  0.0
  0.0  0.0  0.0  0.0  0.0  0.0  0.0  0.0  0.0  0.0  0.0  0.0  0.0  0.0  0.0
  0.0  0.0  0.0  0.0  0.0  0.0  0.0  0.0  0.0  0.0  0.0  0.0  0.0  0.0  0.0
  0.0  0.0  0.0  0.0  0.0  0.0  0.0  0.0 31.3 31.3 31.3  0.0  0.0  0.0  0.0
  0.0  0.0  0.0  0.0  0.0  0.0  0.0 31.3  0.0 31.3  0.0  0.0  0.0  0.0  0.0
    -19.29     -5.73     -0.80     -6.61      1.11  0.0  0.0  0.0  0.0  0.0
                                    t000305_s19_p5_el2ap.txt 12.5  4.5   97
 10.3  0.0  0.0 61.9  0.0  0.0  0.0  0.0  0.0  0.0  0.0  0.0  0.0  0.0  0.0
  0.0  0.0  0.0 10.3  0.0  0.0340.2134.0  0.0 10.3  0.0  0.0  0.0  0.0  0.0
  0.0  0.0  0.0  0.0  0.0 30.9 10.3 10.3  0.0  0.0  0.0  0.0 20.6 20.6  0.0
  0.0  0.0 10.3  0.0 10.3 10.3 10.3 20.6  0.0  0.0 41.2  0.0  0.0 82.5  0.0
  0.0  0.0  0.0  0.0  0.0  0.0  0.0  0.0  0.0  0.0  0.0  0.0  0.0  0.0  0.0
  0.0  0.0  0.0  0.0  0.0  0.0 10.3  0.0  0.0 10.3  0.0  0.0  0.0  0.0  0.0
  0.0  0.0  0.0  0.0 10.3  0.0  0.0  0.0  0.0  0.0  0.0  0.0  0.0  0.0  0.0
 10.3 10.3  0.0 20.6  0.0 10.3 10.3  0.0  0.0  0.0  0.0  0.0  0.0  0.0  0.0
  0.0  0.0  0.0  0.0  0.0  0.0  0.0  0.0  0.0 10.3  0.0  0.0  0.0 92.8  0.0
  0.0  0.0  0.0  0.0  0.0  0.0  0.0 10.3  0.0  0.0  0.0 10.3 20.6  0.0  0.0
    -19.93     -5.39     -0.78     -4.15     12.38  0.0  0.0  0.0  0.0  0.0
                                    t000305_s19_p6_el2ap.txt  8.8  4.9   40
 25.0  0.0  0.0 75.0  0.0  0.0  0.0  0.0  0.0  0.0  0.0  0.0  0.0  0.0  0.0
  0.0  0.0 25.0  0.0  0.0  0.0300.0 50.0100.0  0.0  0.0  0.0  0.0  0.0  0.0
  0.0  0.0  0.0  0.0  0.0 25.0  0.0  0.0  0.0  0.0  0.0  0.0  0.0 25.0  0.0
  0.0  0.0  0.0  0.0  0.0 25.0  0.0 25.0  0.0  0.0150.0  0.0  0.0 75.0  0.0
  0.0  0.0  0.0  0.0  0.0  0.0  0.0  0.0  0.0  0.0  0.0  0.0  0.0  0.0  0.0
  0.0  0.0  0.0  0.0  0.0  0.0  0.0  0.0  0.0  0.0  0.0  0.0  0.0  0.0  0.0
  0.0  0.0  0.0  0.0  0.0  0.0  0.0  0.0  0.0  0.0  0.0  0.0  0.0  0.0  0.0
  0.0  0.0  0.0  0.0  0.0  0.0  0.0  0.0  0.0  0.0  0.0  0.0  0.0  0.0  0.0
  0.0  0.0  0.0  0.0  0.0  0.0  0.0  0.0  0.0  0.0  0.0  0.0 25.0 25.0 25.0
  0.0  0.0  0.0  0.0  0.0  0.0  0.0 25.0  0.0  0.0  0.0  0.0 25.0  0.0  0.0
    -15.01     -5.73     -0.45     -6.61      0.16  0.0  0.0  0.0  0.0  0.0
                                    t000305_s19_p7_el2ap.txt  5.5  4.5   28
  0.0  0.0  0.0 35.7  0.0  0.0  0.0  0.0  0.0 35.7  0.0  0.0  0.0  0.0  0.0
  0.0  0.0  0.0  0.0  0.0  0.0214.3 71.4 35.7 35.7  0.0  0.0  0.0  0.0  0.0
  0.0  0.0  0.0  0.0  0.0 71.4  0.0  0.0  0.0  0.0  0.0  0.0  0.0 35.7  0.0
  0.0  0.0 35.7  0.0  0.0  0.0  0.0 35.7  0.0  0.0 35.7  0.0  0.0 71.4  0.0
  0.0  0.0  0.0  0.0  0.0  0.0  0.0  0.0  0.0  0.0  0.0  0.0  0.0  0.0  0.0
  0.0  0.0  0.0  0.0  0.0 35.7  0.0  0.0  0.0  0.0  0.0  0.0  0.0  0.0  0.0
  0.0  0.0  0.0  0.0  0.0  0.0  0.0  0.0  0.0  0.0  0.0  0.0  0.0  0.0  0.0
 35.7  0.0  0.0 35.7  0.0  0.0  0.0  0.0  0.0  0.0  0.0  0.0  0.0  0.0  0.0
  0.0  0.0  0.0  0.0  0.0  0.0  0.0  0.0  0.0  0.0  0.0  0.0  0.0 71.4  0.0
  0.0  0.0  0.0  0.0  0.0  0.0  0.0  0.0  0.0 35.7  0.0  0.0  0.0  0.0  0.0
    -14.54     -4.55     -3.08     -6.61      1.78  0.0  0.0  0.0  0.0  0.0
                                    t000305_s19_p8_el2ap.txt 20.0  4.8  148
  0.0  0.0  0.0 27.0  0.0  0.0  0.0  0.0  0.0  0.0  0.0  0.0  0.0  0.0  0.0
  0.0  0.0  0.0  6.8  0.0  0.0364.9162.2 40.5 20.3  0.0  0.0  0.0  0.0  0.0
  0.0  0.0  0.0  0.0  0.0  6.8  0.0  0.0  0.0  0.0  0.0  0.0  6.8 13.5  0.0
  0.0  6.8  0.0  6.8  0.0  0.0 13.5 13.5  0.0  0.0 54.1  0.0 13.5 54.1  6.8
  0.0  0.0  0.0  0.0  0.0  0.0  0.0  0.0  0.0  0.0  0.0  0.0  0.0  0.0  0.0
  0.0  0.0  0.0  0.0  0.0  0.0  0.0  0.0  0.0  0.0  0.0  0.0  0.0  0.0  0.0
  0.0  0.0  0.0  0.0  0.0  0.0  0.0  0.0  0.0  0.0  0.0  0.0  0.0  0.0  0.0
  0.0  0.0  0.0  0.0  0.0  0.0  0.0  0.0  0.0  0.0  0.0  0.0  0.0  0.0  0.0
  0.0  0.0  0.0  0.0  0.0  0.0  0.0  0.0  0.0  6.8 13.5 27.0  0.0 27.0  0.0
  0.0  0.0  0.0  0.0  0.0 13.5  0.0 13.5  0.0  6.8  0.0  0.0  0.0  0.0  0.0
    -27.33     -5.06      0.59     -6.61      2.64  6.8  0.0  0.0  0.0  0.0
                                     t000305_s4_p1_el2ap.txt 16.8  5.0   94
 10.6  0.0  0.0 85.1  0.0  0.0 10.6  0.0 10.6  0.0 21.3  0.0  0.0  0.0  0.0
  0.0  0.0 10.6  0.0  0.0  0.0297.9127.7 42.6 10.6  0.0 21.3  0.0  0.0  0.0
  0.0 10.6  0.0  0.0  0.0 31.9 10.6 10.6  0.0  0.0 10.6 10.6 10.6 21.3  0.0
  0.0 10.6  0.0  0.0  0.0 31.9 21.3 21.3  0.0  0.0 74.5 10.6 10.6106.4  0.0
 10.6  0.0  0.0  0.0  0.0  0.0  0.0  0.0  0.0  0.0  0.0  0.0  0.0  0.0  0.0
  0.0  0.0  0.0  0.0  0.0  0.0  0.0 10.6  0.0  0.0  0.0  0.0  0.0  0.0  0.0
  0.0  0.0  0.0  0.0  0.0  0.0  0.0  0.0 10.6  0.0  0.0  0.0  0.0  0.0  0.0
  0.0 10.6  0.0 10.6  0.0 10.6 10.6  0.0  0.0  0.0  0.0  0.0  0.0  0.0  0.0
  0.0  0.0  0.0  0.0  0.0  0.0  0.0  0.0 21.3 21.3  0.0  0.0 10.6  0.0 10.6
  0.0  0.0 10.6  0.0  0.0 10.6  0.0  0.0 10.6 21.3  0.0 10.6  0.0  0.0  0.0
    -15.47     -1.29      3.10      5.25      6.25  0.0  0.0  0.0  0.0  0.0
                                     t000305_s5_p1_el2ap.txt 16.0  4.5  109
  9.2  0.0  0.0  9.2  0.0  0.0  0.0  0.0  0.0  0.0  0.0  0.0  0.0  0.0  0.0
  0.0  0.0 18.3  0.0  0.0  0.0293.6211.0 45.9 45.9  0.0  0.0  0.0  0.0  0.0
  9.2  0.0  0.0  0.0  0.0  9.2  0.0  9.2  0.0  0.0  0.0  0.0  9.2 27.5  9.2
  0.0  0.0  0.0  0.0  9.2 27.5  0.0 36.7  0.0  9.2 55.0  0.0  0.0 64.2  0.0
  0.0  0.0  0.0  0.0  0.0  0.0  0.0  0.0  0.0  0.0  0.0  0.0  0.0  0.0  0.0
  0.0  0.0  0.0  0.0  0.0  0.0  0.0  0.0  0.0  0.0  0.0  0.0  0.0  0.0  0.0
  0.0  0.0  0.0  0.0  0.0  0.0  0.0  0.0  0.0  0.0  0.0  0.0  0.0  0.0  0.0
  0.0  0.0  0.0  0.0  0.0  0.0  0.0  0.0  0.0  0.0  0.0  0.0  0.0  0.0  0.0
  0.0  0.0  0.0  0.0  0.0  0.0  0.0  0.0 18.3  9.2 18.3  9.2  9.2  0.0  0.0
  0.0  0.0  0.0  0.0  0.0  9.2  0.0 18.3  0.0  9.2  0.0  0.0  0.0  9.2  0.0
    -22.68     -4.22      8.79     -4.42     13.33  0.0  0.0  0.0  0.0  0.0
                                     t000305_s5_p2_el2ap.txt 15.8  4.9   87
  0.0  0.0  0.0 57.5  0.0  0.0  0.0 11.5  0.0  0.0 11.5  0.0  0.0  0.0  0.0
  0.0  0.0  0.0  0.0  0.0  0.0321.8160.9 34.5 23.0  0.0  0.0  0.0  0.0 11.5
  0.0  0.0  0.0  0.0 11.5 23.0  0.0 23.0  0.0  0.0  0.0 11.5  0.0 23.0  0.0
  0.0 11.5  0.0  0.0 11.5 23.0 11.5 23.0  0.0 11.5 46.0  0.0  0.0 80.5  0.0
  0.0  0.0  0.0  0.0  0.0  0.0  0.0  0.0  0.0  0.0  0.0  0.0  0.0  0.0  0.0
  0.0  0.0  0.0  0.0  0.0  0.0  0.0  0.0  0.0  0.0  0.0  0.0 11.5  0.0  0.0
  0.0  0.0  0.0  0.0  0.0  0.0  0.0  0.0  0.0  0.0  0.0  0.0  0.0  0.0  0.0
  0.0  0.0 11.5 11.5  0.0  0.0  0.0  0.0  0.0  0.0  0.0  0.0  0.0  0.0  0.0
  0.0  0.0  0.0  0.0  0.0  0.0  0.0  0.0 57.5 11.5 23.0 11.5  0.0 23.0  0.0
  0.0  0.0  0.0  0.0  0.0 11.5  0.0  0.0  0.0 11.5  0.0  0.0  0.0 11.5  0.0
    -22.46     -4.97      2.03      3.47     -0.14  0.0  0.0  0.0  0.0  0.0
                                     t000305_s5_p3_el2ap.txt 17.8  4.7  104
  0.0  0.0  0.0 57.7  0.0  0.0  0.0  0.0  0.0  9.6  0.0  0.0  0.0  0.0  0.0
  0.0  0.0  9.6  0.0  0.0  0.0278.8173.1 67.3  9.6  0.0  9.6  0.0  0.0  0.0
  0.0  0.0  0.0  0.0  0.0  9.6  9.6  9.6  0.0  0.0  0.0  0.0  0.0 19.2  0.0
  0.0  9.6  9.6  9.6  0.0 19.2  9.6 19.2  0.0  0.0 86.5  0.0  0.0 67.3  0.0
  0.0  0.0  0.0  0.0  0.0  0.0  0.0  0.0  0.0  0.0  0.0  0.0  0.0  0.0  0.0
  0.0  0.0  0.0  0.0  9.6  0.0  0.0  0.0  0.0  0.0  0.0  0.0  9.6  0.0  0.0
  0.0  0.0  0.0  0.0  0.0  0.0  0.0  0.0  0.0  0.0  0.0  0.0  0.0  0.0  0.0
  9.6  0.0  9.6 19.2  0.0  0.0  0.0  0.0  0.0  0.0  0.0  0.0  0.0  0.0  0.0
  0.0  0.0  0.0  0.0  0.0  0.0  0.0  0.0 19.2 28.8  9.6  0.0  0.0  9.6  0.0
  0.0  0.0  9.6  0.0  0.0  9.6  0.0  0.0  0.0  9.6  0.0  0.0 19.2  0.0  0.0
    -22.90     -3.56      0.43     -4.32     -0.71  0.0  0.0  0.0  0.0  0.0
                                     t000305_s8_p1_el2ap.txt 14.5  5.0   76
  0.0  0.0  0.0 52.6  0.0  0.0 13.2  0.0 13.2  0.0 13.2  0.0  0.0  0.0  0.0
 13.2  0.0  0.0 13.2  0.0  0.0342.1105.3 52.6 65.8  0.0  0.0  0.0  0.0  0.0
  0.0  0.0  0.0  0.0  0.0  0.0 13.2 13.2  0.0  0.0  0.0  0.0  0.0 13.2  0.0
  0.0 13.2 13.2  0.0  0.0 13.2 26.3 13.2  0.0  0.0 78.9 13.2  0.0131.6  0.0
  0.0  0.0  0.0  0.0  0.0  0.0  0.0  0.0  0.0  0.0  0.0  0.0  0.0  0.0  0.0
  0.0  0.0  0.0  0.0  0.0  0.0  0.0  0.0  0.0  0.0  0.0  0.0  0.0  0.0  0.0
  0.0  0.0  0.0  0.0  0.0  0.0  0.0  0.0  0.0 13.2  0.0  0.0  0.0  0.0  0.0
  0.0  0.0  0.0  0.0  0.0  0.0 13.2  0.0  0.0  0.0  0.0  0.0  0.0  0.0  0.0
  0.0  0.0  0.0  0.0  0.0  0.0  0.0  0.0  0.0  0.0 39.5  0.0 13.2  0.0 13.2
  0.0  0.0 26.3  0.0  0.0  0.0  0.0 13.2 13.2 13.2  0.0 13.2 13.2  0.0  0.0
    -13.87     -3.56      0.97     -3.47     -1.63  0.0  0.0  0.0  0.0  0.0
                                     t000305_s8_p2_el2ap.txt  5.5  5.8   22
  0.0  0.0  0.0 45.5  0.0  0.0  0.0  0.0  0.0  0.0  0.0  0.0  0.0  0.0  0.0
  0.0  0.0  0.0 45.5  0.0  0.0454.5181.8136.4  0.0  0.0  0.0  0.0  0.0  0.0
  0.0  0.0  0.0  0.0  0.0  0.0  0.0  0.0  0.0  0.0  0.0  0.0  0.0  0.0  0.0
  0.0  0.0  0.0  0.0  0.0  0.0 45.5  0.0  0.0  0.0136.4  0.0  0.0 45.5  0.0
  0.0  0.0  0.0  0.0  0.0  0.0  0.0  0.0  0.0  0.0  0.0  0.0  0.0  0.0  0.0
  0.0  0.0  0.0  0.0  0.0  0.0  0.0  0.0  0.0  0.0  0.0  0.0  0.0 45.5  0.0
  0.0  0.0  0.0  0.0  0.0  0.0  0.0  0.0  0.0  0.0  0.0  0.0  0.0  0.0  0.0
  0.0  0.0 45.5 45.5  0.0  0.0  0.0  0.0  0.0  0.0  0.0  0.0  0.0  0.0  0.0
  0.0  0.0  0.0  0.0  0.0  0.0  0.0 45.5 45.5 45.5  0.0  0.0  0.0  0.0  0.0
  0.0  0.0 45.5  0.0  0.0  0.0  0.0  0.0  0.0  0.0  0.0  0.0  0.0  0.0  0.0
    -29.65     -5.73      0.97     -6.61     -3.63  0.0  0.0  0.0  0.0  0.0
                                     t000305_s8_p3_el2ap.txt  5.3  5.0   23
  0.0  0.0  0.0 43.5  0.0  0.0  0.0  0.0  0.0  0.0  0.0  0.0  0.0  0.0  0.0
  0.0  0.0  0.0 43.5  0.0  0.0434.8130.4 43.5  0.0  0.0 43.5  0.0  0.0  0.0
  0.0  0.0  0.0  0.0 87.0  0.0 43.5  0.0  0.0  0.0  0.0  0.0  0.0 43.5  0.0
  0.0  0.0  0.0  0.0  0.0  0.0 43.5 43.5  0.0  0.0 43.5  0.0  0.0 87.0  0.0
  0.0  0.0  0.0  0.0  0.0  0.0  0.0  0.0  0.0  0.0  0.0  0.0  0.0  0.0  0.0
  0.0  0.0  0.0  0.0  0.0  0.0  0.0  0.0  0.0  0.0  0.0  0.0  0.0  0.0  0.0
  0.0 43.5  0.0  0.0  0.0  0.0  0.0  0.0  0.0  0.0  0.0  0.0  0.0  0.0  0.0
  0.0  0.0  0.0  0.0 43.5  0.0 43.5  0.0  0.0  0.0  0.0  0.0  0.0  0.0  0.0
  0.0  0.0  0.0  0.0  0.0  0.0  0.0  0.0 43.5  0.0  0.0  0.0  0.0  0.0 43.5
  0.0  0.0  0.0  0.0  0.0 43.5  0.0 43.5  0.0 43.5  0.0  0.0  0.0  0.0  0.0
    -20.56      2.63    -24.60     -6.61      2.96  0.0  0.0  0.0  0.0  0.0
                                     t000305_s8_p4_el2ap.txt  6.5  5.7   30
  0.0  0.0  0.0 33.3  0.0  0.0  0.0  0.0  0.0  0.0  0.0  0.0  0.0  0.0  0.0
  0.0  0.0  0.0 33.3  0.0  0.0433.3 66.7100.0  0.0  0.0  0.0  0.0  0.0  0.0
  0.0  0.0  0.0  0.0  0.0  0.0 33.3  0.0  0.0  0.0  0.0  0.0  0.0 33.3  0.0
  0.0  0.0  0.0  0.0  0.0  0.0 33.3 33.3  0.0  0.0133.3  0.0  0.0 66.7  0.0
  0.0  0.0  0.0  0.0  0.0  0.0  0.0  0.0  0.0  0.0  0.0  0.0  0.0  0.0  0.0
  0.0  0.0  0.0  0.0  0.0  0.0  0.0  0.0  0.0  0.0  0.0  0.0  0.0  0.0  0.0
  0.0  0.0  0.0  0.0  0.0  0.0  0.0  0.0  0.0 33.3  0.0  0.0  0.0  0.0  0.0
  0.0  0.0  0.0  0.0  0.0  0.0 33.3  0.0  0.0  0.0  0.0  0.0  0.0  0.0  0.0
  0.0  0.0  0.0  0.0  0.0  0.0  0.0  0.0  0.0  0.0100.0  0.0  0.0 33.3  0.0
  0.0  0.0  0.0  0.0  0.0  0.0 66.7 33.3  0.0  0.0  0.0  0.0  0.0  0.0  0.0
    -25.25     -5.73      0.97     -6.61      1.42  0.0  0.0  0.0  0.0  0.0
                                     t000305_s8_p5_el2ap.txt 18.0  5.4   92
  0.0  0.0  0.0 87.0  0.0  0.0  0.0  0.0  0.0 21.7 10.9  0.0  0.0  0.0  0.0
  0.0  0.0 10.9  0.0  0.0  0.0358.7 97.8 76.1  0.0  0.0  0.0  0.0  0.0  0.0
  0.0  0.0  0.0  0.0  0.0 10.9  0.0  0.0  0.0  0.0 10.9  0.0  0.0 10.9  0.0
 10.9 10.9  0.0  0.0 10.9 21.7 10.9 21.7  0.0  0.0 97.8  0.0  0.0108.7 10.9
  0.0  0.0  0.0  0.0  0.0  0.0  0.0  0.0  0.0  0.0  0.0  0.0  0.0  0.0  0.0
  0.0  0.0  0.0  0.0  0.0  0.0  0.0  0.0  0.0  0.0  0.0  0.0  0.0  0.0  0.0
  0.0  0.0  0.0  0.0  0.0 10.9  0.0  0.0  0.0  0.0  0.0  0.0  0.0  0.0  0.0
  0.0  0.0  0.0  0.0  0.0 10.9 10.9  0.0  0.0  0.0  0.0  0.0  0.0  0.0  0.0
  0.0  0.0  0.0  0.0  0.0  0.0  0.0 10.9 32.6  0.0 10.9  0.0 10.9  0.0 10.9
  0.0  0.0  0.0  0.0  0.0  0.0 10.9 32.6  0.0  0.0  0.0  0.0  0.0  0.0  0.0
    -20.35     -5.73      0.36     -1.43      1.53  0.0  0.0  0.0  0.0  0.0
                                     t000305_s8_p6_el2ap.txt 14.3  5.5   76
  0.0  0.0  0.0 78.9  0.0  0.0 13.2  0.0  0.0  0.0  0.0  0.0  0.0  0.0  0.0
  0.0  0.0  0.0  0.0  0.0  0.0368.4144.7105.3  0.0 13.2 13.2  0.0 13.2  0.0
  0.0  0.0  0.0 13.2  0.0 13.2 13.2 13.2  0.0  0.0  0.0  0.0  0.0  0.0  0.0
  0.0  0.0  0.0  0.0  0.0 13.2  0.0  0.0  0.0 13.2105.3 13.2  0.0 92.1  0.0
 13.2  0.0  0.0  0.0  0.0  0.0  0.0  0.0  0.0  0.0  0.0  0.0  0.0  0.0  0.0
  0.0  0.0  0.0 13.2  0.0  0.0  0.0  0.0  0.0  0.0  0.0  0.0  0.0  0.0  0.0
  0.0  0.0 13.2  0.0  0.0  0.0  0.0  0.0  0.0  0.0 13.2  0.0  0.0  0.0  0.0
 13.2  0.0  0.0 13.2 13.2  0.0 13.2 13.2  0.0  0.0  0.0  0.0  0.0  0.0  0.0
  0.0  0.0  0.0  0.0  0.0  0.0  0.0 13.2 26.3 13.2 52.6  0.0 13.2 13.2  0.0
  0.0  0.0  0.0  0.0  0.0 13.2  0.0  0.0  0.0  0.0  0.0 13.2  0.0  0.0  0.0
    -29.17     -2.61      4.21     -3.47     -3.63  0.0  0.0  0.0  0.0  0.0
                                     t000305_s8_p7_el2ap.txt  6.5  5.6   29
  0.0  0.0  0.0103.4  0.0  0.0  0.0  0.0  0.0  0.0  0.0  0.0  0.0  0.0  0.0
  0.0  0.0  0.0  0.0  0.0  0.0379.3103.4 34.5 69.0  0.0  0.0  0.0  0.0  0.0
  0.0  0.0  0.0  0.0  0.0 69.0  0.0 34.5  0.0  0.0  0.0  0.0  0.0  0.0  0.0
  0.0  0.0  0.0  0.0  0.0 34.5  0.0  0.0  0.0  0.0 69.0  0.0103.4172.4  0.0
 34.5  0.0  0.0  0.0  0.0  0.0  0.0  0.0  0.0  0.0  0.0  0.0  0.0  0.0  0.0
  0.0  0.0  0.0  0.0  0.0  0.0  0.0  0.0  0.0  0.0  0.0  0.0  0.0  0.0  0.0
  0.0  0.0  0.0  0.0  0.0  0.0  0.0  0.0  0.0  0.0  0.0  0.0 34.5  0.0  0.0
  0.0  0.0  0.0  0.0  0.0  0.0  0.0 34.5  0.0  0.0  0.0  0.0  0.0  0.0  0.0
  0.0  0.0  0.0  0.0  0.0  0.0  0.0  0.0  0.0  0.0 34.5  0.0  0.0  0.0  0.0
  0.0  0.0  0.0  0.0  0.0  0.0  0.0 69.0  0.0 34.5  0.0  0.0  0.0  0.0  0.0
    -26.32     -3.46     -2.94      1.60     -3.63  0.0  0.0  0.0  0.0  0.0
                                     t000309_s1_p1_el2ap.txt 11.8  5.2   67
  0.0  0.0  0.0 44.8  0.0  0.0  0.0  0.0 44.8  0.0  0.0  0.0  0.0  0.0  0.0
  0.0  0.0  0.0  0.0  0.0  0.0447.8134.3 44.8  0.0 14.9 14.9  0.0  0.0  0.0
  0.0  0.0  0.0  0.0  0.0 14.9  0.0  0.0  0.0  0.0  0.0  0.0  0.0 29.9  0.0
  0.0  0.0  0.0  0.0  0.0  0.0  0.0 29.9  0.0  0.0 44.8 59.7  0.0 59.7  0.0
 14.9  0.0  0.0  0.0  0.0  0.0  0.0  0.0  0.0  0.0  0.0  0.0  0.0  0.0  0.0
  0.0  0.0  0.0  0.0  0.0  0.0  0.0  0.0  0.0  0.0  0.0  0.0  0.0  0.0  0.0
  0.0  0.0  0.0  0.0  0.0  0.0  0.0  0.0  0.0  0.0  0.0  0.0  0.0  0.0  0.0
  0.0  0.0  0.0  0.0  0.0  0.0  0.0  0.0  0.0  0.0  0.0  0.0  0.0  0.0  0.0
  0.0  0.0  0.0  0.0  0.0  0.0  0.0  0.0 14.9  0.0 44.8  0.0 14.9  0.0  0.0
  0.0  0.0  0.0  0.0  0.0  0.0  0.0 14.9 14.9  0.0  0.0  0.0  0.0  0.0  0.0
    -28.97     -2.19      0.13     -6.61      0.90  0.0  0.0  0.0  0.0  0.0
                                    t000309_s13_p1_el2ap.txt 12.8  5.7   59
  0.0  0.0  0.0 84.7  0.0  0.0  0.0  0.0  0.0  0.0 16.9  0.0  0.0  0.0  0.0
  0.0  0.0 16.9  0.0  0.0  0.0355.9118.6 33.9 16.9  0.0 16.9  0.0  0.0  0.0
  0.0  0.0  0.0  0.0  0.0 67.8 16.9  0.0  0.0  0.0  0.0  0.0  0.0  0.0  0.0
  0.0  0.0  0.0  0.0 33.9 16.9  0.0  0.0  0.0  0.0 67.8  0.0  0.0152.5 33.9
 16.9  0.0  0.0  0.0  0.0  0.0  0.0  0.0  0.0  0.0  0.0  0.0  0.0  0.0  0.0
  0.0  0.0  0.0  0.0  0.0  0.0  0.0  0.0  0.0 16.9  0.0  0.0  0.0  0.0  0.0
  0.0  0.0  0.0  0.0 16.9  0.0  0.0  0.0  0.0  0.0  0.0  0.0  0.0  0.0  0.0
  0.0 16.9  0.0 16.9  0.0 16.9 16.9  0.0  0.0  0.0  0.0  0.0  0.0  0.0  0.0
  0.0  0.0  0.0  0.0  0.0  0.0  0.0  0.0 33.9  0.0  0.0  0.0  0.0  0.0  0.0
  0.0  0.0  0.0  0.0  0.0  0.0  0.0  0.0  0.0  0.0  0.0 16.9 16.9  0.0  0.0
    -20.33     -1.91     -2.88     -6.61     -3.63  0.0  0.0  0.0  0.0  0.0
                                   t000309_s13_p10_el2ap.txt 14.0  5.2   66
  0.0  0.0  0.0 75.8  0.0  0.0  0.0  0.0 15.2  0.0  0.0  0.0  0.0  0.0  0.0
  0.0  0.0  0.0 15.2  0.0  0.0333.3 90.9 75.8 15.2  0.0 30.3 15.2  0.0  0.0
  0.0  0.0  0.0  0.0  0.0  0.0 60.6  0.0 15.2  0.0  0.0  0.0  0.0 30.3  0.0
 15.2  0.0  0.0  0.0  0.0  0.0 15.2 45.5  0.0  0.0121.2 15.2  0.0166.7  0.0
  0.0  0.0  0.0  0.0  0.0  0.0  0.0  0.0  0.0  0.0  0.0  0.0  0.0  0.0  0.0
  0.0  0.0  0.0  0.0  0.0  0.0  0.0  0.0  0.0  0.0  0.0  0.0  0.0  0.0  0.0
  0.0 15.2  0.0  0.0  0.0 15.2  0.0  0.0  0.0 15.2  0.0  0.0  0.0  0.0  0.0
  0.0  0.0  0.0  0.0 15.2 15.2 45.5  0.0  0.0  0.0  0.0  0.0  0.0  0.0  0.0
  0.0  0.0  0.0  0.0  0.0  0.0  0.0  0.0 15.2  0.0 45.5 15.2  0.0  0.0  0.0
 15.2  0.0  0.0  0.0  0.0 15.2  0.0 15.2 30.3 30.3  0.0  0.0 15.2  0.0  0.0
    -22.85      3.40      0.97     -1.72      5.85  0.0  0.0  0.0  0.0  0.0
                                   t000309_s13_p11_el2ap.txt  5.3  6.5   23
  0.0  0.0  0.0 43.5  0.0  0.0  0.0  0.0  0.0  0.0  0.0  0.0  0.0  0.0  0.0
  0.0  0.0  0.0  0.0  0.0  0.0391.3 87.0130.4 43.5  0.0  0.0  0.0  0.0 43.5
  0.0  0.0  0.0  0.0  0.0  0.0  0.0  0.0  0.0  0.0  0.0  0.0  0.0  0.0  0.0
  0.0  0.0  0.0  0.0  0.0  0.0  0.0  0.0  0.0 43.5217.4  0.0  0.0 87.0  0.0
  0.0  0.0  0.0  0.0  0.0  0.0  0.0  0.0  0.0  0.0  0.0  0.0  0.0  0.0  0.0
  0.0  0.0  0.0  0.0  0.0  0.0  0.0  0.0  0.0  0.0  0.0  0.0  0.0  0.0  0.0
  0.0  0.0  0.0  0.0  0.0  0.0  0.0  0.0  0.0  0.0  0.0  0.0  0.0  0.0  0.0
  0.0  0.0  0.0  0.0  0.0  0.0  0.0  0.0  0.0  0.0  0.0  0.0  0.0  0.0  0.0
  0.0  0.0  0.0  0.0  0.0  0.0  0.0  0.0  0.0  0.0  0.0  0.0 43.5  0.0  0.0
  0.0  0.0  0.0  0.0  0.0  0.0  0.0  0.0  0.0  0.0  0.0  0.0  0.0  0.0  0.0
    -35.00     -4.30     22.71     -6.61     -3.63  0.0  0.0  0.0  0.0  0.0
                                   t000309_s13_p12_el2ap.txt 17.8  6.1   78
  0.0  0.0  0.0 25.6  0.0  0.0  0.0  0.0 12.8  0.0  0.0  0.0  0.0  0.0  0.0
  0.0  0.0  0.0 12.8  0.0  0.0346.2102.6 89.7 89.7  0.0 12.8  0.0  0.0  0.0
  0.0  0.0  0.0  0.0  0.0 51.3  0.0  0.0  0.0  0.0  0.0 25.6 12.8 12.8 12.8
 12.8  0.0  0.0 12.8  0.0  0.0 12.8 38.5  0.0  0.0102.6 12.8  0.0115.4 25.6
 12.8  0.0  0.0  0.0  0.0  0.0  0.0  0.0  0.0  0.0  0.0  0.0  0.0  0.0  0.0
  0.0  0.0  0.0  0.0  0.0  0.0  0.0  0.0  0.0  0.0  0.0  0.0  0.0  0.0  0.0
  0.0  0.0  0.0  0.0  0.0  0.0  0.0  0.0  0.0  0.0 25.6  0.0  0.0  0.0  0.0
  0.0  0.0  0.0  0.0  0.0  0.0  0.0 25.6  0.0  0.0  0.0  0.0  0.0  0.0  0.0
  0.0  0.0  0.0  0.0  0.0  0.0  0.0  0.0  0.0  0.0 38.5 12.8 12.8 12.8  0.0
 12.8 12.8  0.0  0.0  0.0  0.0  0.0  0.0 12.8  0.0 12.8  0.0  0.0  0.0  0.0
    -28.51     -0.31     -1.94      3.65     20.33  0.0  0.0  0.0  0.0  0.0
                                   t000309_s13_p13_el2ap.txt 32.5  5.5  188
  0.0  0.0  0.0 31.9  0.0  0.0  0.0  0.0 21.3 10.6  0.0  0.0  0.0  0.0  0.0
 10.6  0.0 10.6 10.6  0.0  0.0287.2138.3 58.5 74.5 10.6  0.0  5.3  0.0  5.3
  0.0  5.3  0.0  0.0  0.0 37.2 16.0  5.3 16.0  0.0  0.0  5.3 16.0 31.9  0.0
  0.0 10.6  5.3  5.3 10.6 16.0 26.6 31.9  0.0  5.3 90.4 31.9  5.3117.0  0.0
 10.6  0.0  0.0  0.0  0.0  0.0  0.0  0.0  0.0  0.0  0.0  0.0  0.0  0.0  0.0
  0.0  0.0  0.0  5.3  0.0  5.3  0.0  0.0  0.0  0.0  0.0  0.0  0.0  0.0  5.3
  0.0  0.0  5.3  0.0  0.0  0.0  0.0  0.0  0.0  0.0  0.0  0.0  5.3  0.0  0.0
 10.6  0.0  0.0 10.6 10.6  0.0 10.6  5.3  0.0  0.0  0.0  0.0  0.0  0.0  0.0
  0.0  0.0  0.0  0.0  0.0  0.0  0.0  5.3 10.6  5.3 10.6  5.3 10.6  0.0  5.3
  5.3  0.0  0.0  0.0  0.0  0.0  0.0 16.0 16.0 10.6 10.6  0.0 10.6  0.0  0.0
    -16.52     -1.82      3.49      1.94     11.18  0.0  0.0  0.0  0.0  0.0
                                   t000309_s13_p14_el2ap.txt 17.0  5.3   87
  0.0  0.0  0.0 69.0  0.0  0.0  0.0  0.0 11.5  0.0  0.0  0.0  0.0  0.0  0.0
  0.0  0.0 11.5  0.0  0.0  0.0298.9114.9114.9 23.0  0.0 11.5  0.0  0.0  0.0
  0.0  0.0  0.0  0.0  0.0 46.0  0.0  0.0  0.0  0.0  0.0 23.0 11.5 23.0  0.0
  0.0  0.0  0.0  0.0  0.0 11.5  0.0 23.0  0.0  0.0126.4 11.5  0.0 80.5  0.0
  0.0  0.0  0.0  0.0  0.0  0.0  0.0  0.0  0.0  0.0  0.0  0.0  0.0  0.0  0.0
  0.0  0.0  0.0  0.0  0.0  0.0  0.0  0.0  0.0  0.0  0.0  0.0  0.0  0.0  0.0
  0.0  0.0 11.5  0.0  0.0  0.0  0.0  0.0  0.0  0.0  0.0  0.0  0.0  0.0  0.0
  0.0  0.0  0.0  0.0 11.5  0.0 11.5  0.0  0.0  0.0  0.0  0.0  0.0  0.0  0.0
  0.0  0.0  0.0  0.0  0.0  0.0  0.0 11.5  0.0  0.0 34.5 11.5  0.0 11.5  0.0
  0.0 11.5  0.0  0.0  0.0  0.0 11.5  0.0 34.5 11.5  0.0  0.0  0.0  0.0  0.0
    -25.21     -2.76     -1.64      2.59      7.04  0.0  0.0  0.0  0.0  0.0
                                   t000309_s13_p15_el2ap.txt  6.8  6.5   28
  0.0  0.0  0.0 71.4  0.0  0.0  0.0  0.0  0.0  0.0  0.0  0.0  0.0  0.0  0.0
  0.0  0.0  0.0  0.0  0.0  0.0464.3 35.7 71.4 35.7  0.0  0.0  0.0  0.0  0.0
  0.0  0.0  0.0  0.0  0.0 35.7  0.0  0.0  0.0  0.0  0.0  0.0  0.0 35.7 35.7
  0.0  0.0  0.0  0.0  0.0  0.0  0.0 71.4  0.0  0.0 71.4  0.0  0.0142.9  0.0
  0.0  0.0  0.0  0.0  0.0  0.0  0.0  0.0  0.0  0.0  0.0  0.0  0.0  0.0  0.0
  0.0  0.0  0.0 35.7  0.0  0.0  0.0  0.0  0.0  0.0  0.0  0.0  0.0  0.0 35.7
  0.0  0.0  0.0  0.0  0.0  0.0  0.0  0.0  0.0  0.0  0.0  0.0  0.0  0.0  0.0
 35.7  0.0  0.0 35.7 35.7  0.0 35.7  0.0  0.0  0.0  0.0  0.0  0.0  0.0  0.0
  0.0  0.0  0.0  0.0  0.0  0.0  0.0  0.0 35.7  0.0  0.0  0.0  0.0  0.0 35.7
  0.0  0.0  0.0  0.0  0.0 35.7  0.0  0.0 71.4  0.0  0.0  0.0  0.0  0.0  0.0
    -31.22     -4.55     -1.06     -6.61     29.26  0.0  0.0  0.0  0.0  0.0
                                   t000309_s13_p16_el2ap.txt  9.0  5.5   40
  0.0  0.0  0.0 50.0  0.0  0.0  0.0  0.0 50.0  0.0  0.0  0.0  0.0  0.0  0.0
  0.0  0.0  0.0  0.0  0.0  0.0450.0150.0  0.0 50.0  0.0 50.0  0.0  0.0  0.0
  0.0  0.0  0.0  0.0  0.0  0.0  0.0  0.0  0.0 25.0  0.0  0.0  0.0  0.0  0.0
 25.0  0.0  0.0  0.0  0.0  0.0 25.0 25.0  0.0  0.0  0.0 50.0  0.0100.0  0.0
  0.0  0.0  0.0  0.0  0.0  0.0  0.0  0.0  0.0  0.0  0.0  0.0  0.0  0.0  0.0
  0.0  0.0  0.0  0.0  0.0  0.0  0.0  0.0  0.0  0.0  0.0  0.0  0.0  0.0  0.0
  0.0  0.0  0.0  0.0  0.0  0.0  0.0  0.0  0.0  0.0  0.0  0.0  0.0  0.0  0.0
  0.0  0.0  0.0  0.0  0.0  0.0  0.0  0.0  0.0  0.0  0.0  0.0  0.0  0.0  0.0
  0.0  0.0  0.0  0.0  0.0  0.0  0.0  0.0 25.0  0.0 25.0  0.0 25.0  0.0  0.0
  0.0  0.0  0.0  0.0  0.0  0.0  0.0 25.0  0.0 50.0  0.0  0.0  0.0 25.0  0.0
    -27.52      5.53      0.97      4.76      4.44  0.0  0.0  0.0  0.0  0.0
                                   t000309_s13_p17_el2ap.txt 12.3  5.4   62
  0.0  0.0  0.0112.9  0.0  0.0  0.0  0.0  0.0 16.1  0.0  0.0  0.0  0.0  0.0
  0.0  0.0  0.0 32.3  0.0  0.0306.5161.3 48.4  0.0 16.1  0.0  0.0  0.0 16.1
  0.0  0.0  0.0  0.0  0.0  0.0 16.1  0.0 16.1  0.0 16.1  0.0  0.0 32.3  0.0
  0.0  0.0  0.0  0.0  0.0 16.1 32.3 32.3  0.0 16.1 64.5 16.1  0.0129.0 16.1
  0.0  0.0  0.0  0.0  0.0  0.0  0.0  0.0  0.0  0.0  0.0  0.0  0.0  0.0  0.0
  0.0  0.0  0.0  0.0  0.0  0.0  0.0 16.1  0.0  0.0  0.0  0.0  0.0  0.0  0.0
  0.0  0.0  0.0  0.0  0.0  0.0  0.0  0.0 16.1  0.0  0.0  0.0  0.0  0.0  0.0
  0.0 16.1  0.0 16.1  0.0 16.1 16.1  0.0  0.0  0.0  0.0  0.0  0.0  0.0  0.0
  0.0  0.0  0.0  0.0  0.0  0.0  0.0  0.0 32.3  0.0 32.3  0.0  0.0 16.1  0.0
  0.0  0.0  0.0  0.0  0.0  0.0  0.0  0.0 16.1  0.0  0.0  0.0 16.1 16.1  0.0
    -17.44     -5.01      9.04      6.28      1.26  0.0  0.0  0.0  0.0  0.0
                                   t000309_s13_p18_el2ap.txt  8.0  5.5   35
  0.0  0.0  0.0 28.6  0.0  0.0  0.0  0.0  0.0  0.0 28.6 28.6  0.0  0.0  0.0
  0.0  0.0  0.0  0.0  0.0  0.0400.0200.0114.3  0.0 57.1  0.0  0.0  0.0  0.0
  0.0  0.0  0.0  0.0  0.0  0.0  0.0  0.0  0.0  0.0 28.6  0.0  0.0  0.0  0.0
  0.0  0.0  0.0  0.0  0.0 28.6 28.6  0.0  0.0  0.0114.3 57.1  0.0 28.6  0.0
  0.0  0.0  0.0  0.0  0.0  0.0  0.0  0.0  0.0  0.0  0.0  0.0  0.0  0.0  0.0
  0.0  0.0  0.0  0.0  0.0  0.0  0.0  0.0  0.0  0.0  0.0  0.0  0.0  0.0  0.0
  0.0  0.0  0.0  0.0  0.0  0.0  0.0  0.0  0.0  0.0  0.0  0.0  0.0  0.0  0.0
  0.0  0.0  0.0  0.0  0.0  0.0  0.0  0.0  0.0  0.0  0.0  0.0  0.0  0.0  0.0
  0.0  0.0  0.0  0.0  0.0  0.0  0.0  0.0 28.6  0.0 28.6  0.0  0.0  0.0  0.0
  0.0  0.0  0.0  0.0  0.0  0.0  0.0  0.0  0.0  0.0  0.0  0.0  0.0  0.0  0.0
    -17.05     -3.19      0.97      7.00     -3.63  0.0  0.0  0.0  0.0  0.0
                                   t000309_s13_p19_el2ap.txt 11.8  5.9   55
  0.0  0.0  0.0 90.9  0.0  0.0  0.0  0.0  0.0  0.0  0.0  0.0  0.0  0.0  0.0
  0.0  0.0 18.2  0.0  0.0  0.0400.0127.3 54.5  0.0  0.0  0.0  0.0  0.0  0.0
  0.0  0.0  0.0  0.0  0.0 18.2  0.0  0.0  0.0  0.0 18.2  0.0  0.0 36.4  0.0
 18.2  0.0  0.0  0.0  0.0 36.4  0.0 54.5  0.0  0.0 54.5  0.0  0.0109.1  0.0
  0.0  0.0  0.0  0.0  0.0  0.0  0.0  0.0  0.0  0.0  0.0  0.0  0.0  0.0  0.0
  0.0  0.0  0.0  0.0  0.0  0.0  0.0  0.0  0.0  0.0  0.0  0.0  0.0  0.0  0.0
  0.0  0.0  0.0  0.0  0.0  0.0  0.0  0.0  0.0  0.0 18.2  0.0  0.0  0.0  0.0
  0.0  0.0  0.0  0.0  0.0  0.0  0.0 18.2  0.0  0.0  0.0  0.0  0.0  0.0  0.0
  0.0  0.0  0.0  0.0  0.0  0.0  0.0 18.2  0.0  0.0 18.2  0.0  0.0 18.2  0.0
  0.0  0.0  0.0  0.0  0.0 18.2  0.0  0.0  0.0 18.2  0.0 18.2  0.0  0.0  0.0
    -24.89     -5.73     -0.06      2.05      7.75  0.0  0.0  0.0  0.0  0.0
                                    t000309_s13_p2_el2ap.txt  9.8  6.2   43
  0.0  0.0  0.0 69.8  0.0  0.0  0.0  0.0  0.0  0.0 23.3  0.0  0.0  0.0  0.0
  0.0  0.0 46.5 23.3  0.0  0.0465.1139.5 69.8  0.0  0.0  0.0  0.0  0.0  0.0
  0.0  0.0  0.0  0.0  0.0 93.0  0.0  0.0  0.0  0.0  0.0  0.0  0.0  0.0  0.0
  0.0  0.0  0.0  0.0 23.3 46.5 23.3  0.0  0.0  0.0139.5  0.0  0.0 69.8  0.0
  0.0  0.0  0.0  0.0  0.0  0.0  0.0  0.0  0.0  0.0  0.0  0.0  0.0  0.0  0.0
  0.0  0.0  0.0  0.0  0.0  0.0  0.0  0.0  0.0  0.0  0.0  0.0  0.0  0.0  0.0
  0.0  0.0  0.0  0.0  0.0  0.0  0.0  0.0  0.0  0.0 23.3  0.0  0.0  0.0  0.0
  0.0  0.0  0.0  0.0  0.0  0.0  0.0 23.3  0.0  0.0  0.0  0.0  0.0  0.0  0.0
  0.0  0.0  0.0  0.0  0.0  0.0  0.0  0.0 46.5  0.0 23.3  0.0  0.0 23.3  0.0
  0.0  0.0  0.0  0.0  0.0  0.0  0.0 23.3  0.0  0.0  0.0  0.0  0.0  0.0  0.0
    -13.78     -5.73     -4.31     -6.61     -3.63  0.0  0.0  0.0  0.0  0.0
                                   t000309_s13_p20_el2ap.txt  7.3  5.0   32
  0.0  0.0  0.0 62.5  0.0  0.0  0.0  0.0  0.0  0.0  0.0  0.0  0.0  0.0  0.0
  0.0  0.0  0.0  0.0  0.0  0.0312.5125.0 31.3  0.0  0.0  0.0  0.0  0.0  0.0
  0.0  0.0  0.0  0.0  0.0 62.5  0.0 31.3  0.0  0.0 31.3  0.0  0.0 62.5  0.0
  0.0  0.0  0.0  0.0  0.0 62.5  0.0 62.5  0.0  0.0 62.5  0.0  0.0 62.5  0.0
 31.3  0.0  0.0  0.0  0.0  0.0  0.0  0.0  0.0  0.0  0.0  0.0  0.0  0.0  0.0
  0.0  0.0  0.0  0.0  0.0  0.0  0.0  0.0  0.0  0.0  0.0  0.0  0.0  0.0  0.0
  0.0  0.0  0.0  0.0  0.0  0.0  0.0  0.0  0.0  0.0  0.0  0.0  0.0  0.0  0.0
  0.0  0.0  0.0  0.0  0.0  0.0  0.0  0.0  0.0  0.0  0.0  0.0  0.0  0.0  0.0
  0.0  0.0  0.0  0.0  0.0  0.0  0.0 31.3  0.0  0.0  0.0  0.0  0.0  0.0  0.0
  0.0  0.0  0.0  0.0  0.0  0.0  0.0  0.0  0.0 31.3  0.0  0.0  0.0  0.0  0.0
    -24.68     -5.73     -2.58     15.72      5.84  0.0  0.0  0.0  0.0  0.0
                                   t000309_s13_p21_el2ap.txt  7.8  4.7   34
 29.4 29.4  0.0117.6  0.0  0.0  0.0  0.0  0.0  0.0  0.0  0.0  0.0  0.0  0.0
  0.0  0.0 29.4  0.0  0.0  0.0323.5 29.4  0.0  0.0 29.4 58.8  0.0 29.4 29.4
  0.0  0.0  0.0  0.0  0.0  0.0  0.0  0.0  0.0  0.0  0.0  0.0  0.0 58.8  0.0
  0.0 29.4  0.0  0.0  0.0 29.4 29.4 58.8  0.0 58.8 29.4 29.4  0.0117.6 29.4
  0.0  0.0  0.0  0.0  0.0  0.0  0.0  0.0  0.0  0.0  0.0  0.0  0.0  0.0  0.0
  0.0  0.0  0.0  0.0  0.0  0.0 29.4  0.0  0.0  0.0  0.0  0.0  0.0  0.0  0.0
  0.0  0.0  0.0  0.0  0.0  0.0  0.0  0.0  0.0  0.0  0.0  0.0  0.0  0.0  0.0
 29.4  0.0  0.0 29.4  0.0  0.0  0.0  0.0  0.0  0.0  0.0  0.0  0.0  0.0  0.0
  0.0  0.0  0.0  0.0  0.0  0.0  0.0 29.4 29.4  0.0  0.0  0.0  0.0  0.0  0.0
  0.0  0.0  0.0  0.0  0.0  0.0  0.0  0.0  0.0 29.4  0.0  0.0  0.0  0.0  0.0
      1.03      6.89     32.98     -6.61      5.29  0.0  0.0  0.0  0.0  0.0
                                   t000309_s13_p22_el2ap.txt 16.5  5.2   88
  0.0  0.0  0.0 68.2  0.0  0.0  0.0  0.0  0.0 11.4  0.0  0.0  0.0  0.0  0.0
  0.0  0.0 11.4  0.0  0.0  0.0306.8181.8 22.7  0.0 11.4  0.0  0.0  0.0  0.0
  0.0  0.0  0.0 11.4  0.0 34.1 11.4  0.0  0.0  0.0 11.4 11.4 11.4 22.7  0.0
  0.0 11.4  0.0  0.0  0.0 22.7 11.4 22.7  0.0  0.0 45.5 11.4  0.0 79.5  0.0
  0.0  0.0  0.0  0.0  0.0  0.0  0.0  0.0  0.0  0.0  0.0  0.0  0.0  0.0  0.0
  0.0  0.0  0.0  0.0  0.0  0.0  0.0  0.0  0.0  0.0  0.0  0.0  0.0  0.0  0.0
  0.0  0.0  0.0  0.0  0.0  0.0  0.0  0.0  0.0  0.0  0.0  0.0  0.0  0.0  0.0
  0.0  0.0  0.0  0.0  0.0  0.0  0.0  0.0  0.0  0.0  0.0  0.0  0.0  0.0  0.0
  0.0  0.0  0.0  0.0  0.0  0.0  0.0 11.4 11.4  0.0 11.4  0.0  0.0  0.0  0.0
  0.0  0.0  0.0  0.0  0.0  0.0  0.0 11.4 11.4  0.0  0.0  0.0  0.0  0.0  0.0
    -21.77     -5.22     -4.21      3.35      6.92  0.0  0.0  0.0  0.0  0.0
                                   t000309_s13_p23_el2ap.txt 13.8  5.8   63
  0.0  0.0  0.0 95.2  0.0  0.0 15.9  0.0  0.0  0.0  0.0  0.0  0.0  0.0  0.0
  0.0  0.0 15.9  0.0  0.0 15.9349.2142.9 95.2  0.0  0.0 15.9 15.9  0.0 15.9
  0.0  0.0  0.0  0.0  0.0 31.7  0.0  0.0  0.0  0.0  0.0  0.0  0.0  0.0  0.0
  0.0 15.9  0.0  0.0 15.9 15.9 15.9  0.0  0.0 15.9111.1  0.0  0.0 95.2  0.0
  0.0  0.0  0.0  0.0  0.0  0.0  0.0  0.0  0.0  0.0  0.0  0.0  0.0  0.0  0.0
  0.0  0.0  0.0  0.0  0.0  0.0  0.0  0.0  0.0  0.0  0.0  0.0  0.0  0.0  0.0
  0.0  0.0  0.0  0.0  0.0  0.0  0.0  0.0  0.0  0.0  0.0  0.0  0.0  0.0  0.0
  0.0  0.0  0.0  0.0  0.0  0.0  0.0  0.0  0.0  0.0  0.0  0.0  0.0  0.0  0.0
  0.0  0.0  0.0  0.0  0.0  0.0  0.0  0.0 15.9  0.0 15.9 15.9  0.0  0.0  0.0
  0.0  0.0 15.9  0.0  0.0  0.0  0.0  0.0  0.0  0.0  0.0  0.0  0.0  0.0  0.0
    -17.29      0.26      7.11     -6.61     -3.63 15.9  0.0  0.0  0.0  0.0
                                   t000309_s13_p24_el2ap.txt 18.0  5.1   94
 10.6  0.0  0.0 53.2  0.0  0.0  0.0  0.0  0.0  0.0  0.0  0.0  0.0  0.0  0.0
  0.0  0.0 10.6  0.0  0.0  0.0372.3127.7 63.8 31.9  0.0  0.0  0.0  0.0  0.0
  0.0  0.0  0.0 10.6  0.0 21.3 21.3  0.0  0.0  0.0  0.0  0.0  0.0 21.3  0.0
  0.0  0.0  0.0  0.0  0.0 10.6  0.0 21.3  0.0  0.0 63.8  0.0  0.0 95.7  0.0
 10.6  0.0  0.0  0.0  0.0  0.0  0.0  0.0  0.0  0.0  0.0  0.0  0.0  0.0  0.0
  0.0  0.0  0.0  0.0 10.6  0.0  0.0  0.0  0.0  0.0  0.0  0.0  0.0  0.0  0.0
 10.6  0.0  0.0  0.0  0.0  0.0  0.0  0.0  0.0  0.0  0.0  0.0  0.0  0.0  0.0
 10.6  0.0  0.0 10.6 10.6  0.0 10.6  0.0  0.0  0.0  0.0  0.0  0.0  0.0  0.0
  0.0  0.0  0.0  0.0  0.0  0.0  0.0  0.0 10.6  0.0 53.2  0.0 10.6 21.3  0.0
  0.0  0.0  0.0  0.0  0.0  0.0  0.0  0.0 10.6 10.6 21.3 31.9  0.0  0.0  0.0
    -24.83     -4.68     -3.27     -6.61     -0.40  0.0  0.0  0.0  0.0  0.0
                                   t000309_s13_p25_el2ap.txt 24.0  5.4  130
  0.0  0.0  0.0 76.9  0.0  0.0  7.7  7.7  0.0  7.7  7.7  0.0  0.0  0.0  0.0
  7.7  0.0  7.7  0.0  0.0  0.0376.9115.4 84.6  0.0  0.0  0.0  0.0  0.0  7.7
  0.0  0.0  0.0  0.0  0.0 15.4 15.4  0.0  0.0  7.7 15.4  7.7  0.0  7.7  7.7
  0.0  0.0  0.0  7.7 15.4 23.1  7.7 15.4  0.0  7.7107.7  0.0  0.0 92.3  0.0
  0.0  0.0  0.0  0.0  0.0  0.0  0.0  0.0  0.0  0.0  0.0  0.0  0.0  0.0  0.0
  0.0  0.0  0.0  0.0  0.0  0.0  0.0  0.0  0.0  0.0  0.0  0.0  0.0  0.0  0.0
  0.0  7.7  0.0  0.0  0.0  0.0  0.0  0.0  0.0  0.0  7.7  0.0  0.0  0.0  0.0
  0.0  0.0  0.0  0.0  7.7  0.0  7.7  7.7  0.0  0.0  0.0  0.0  0.0  0.0  0.0
  0.0  0.0  0.0  0.0  0.0  0.0  0.0  0.0 38.5  7.7 15.4 23.1  7.7  7.7  0.0
  7.7  0.0  0.0  0.0  0.0  0.0  7.7 15.4  7.7  0.0  0.0  0.0  7.7  0.0  0.0
    -19.18     -5.73      3.95      7.29      3.46  0.0  0.0  0.0  0.0  0.0
                                   t000309_s13_p26_el2ap.txt 16.3  5.6   85
 11.8  0.0  0.0 94.1 11.8  0.0  0.0 11.8 11.8  0.0  0.0  0.0  0.0  0.0  0.0
  0.0  0.0 11.8 11.8  0.0  0.0294.1 82.4129.4 11.8  0.0  0.0 11.8  0.0  0.0
  0.0  0.0  0.0  0.0  0.0 23.5  0.0  0.0  0.0 11.8 35.3  0.0 11.8 47.1  0.0
  0.0  0.0  0.0  0.0  0.0 47.1 23.5 47.1  0.0  0.0141.2 23.5  0.0105.9 11.8
 11.8  0.0  0.0  0.0  0.0  0.0  0.0  0.0  0.0  0.0  0.0  0.0  0.0  0.0  0.0
  0.0  0.0  0.0  0.0  0.0  0.0  0.0  0.0  0.0  0.0  0.0  0.0  0.0  0.0  0.0
  0.0  0.0  0.0  0.0  0.0  0.0  0.0  0.0  0.0  0.0  0.0  0.0  0.0  0.0  0.0
  0.0  0.0  0.0  0.0  0.0  0.0  0.0  0.0  0.0  0.0  0.0  0.0  0.0  0.0  0.0
  0.0  0.0  0.0  0.0  0.0  0.0  0.0  0.0 23.5  0.0 35.3  0.0  0.0  0.0 11.8
 11.8  0.0  0.0  0.0  0.0 11.8  0.0 23.5 11.8 23.5  0.0  0.0  0.0  0.0  0.0
    -17.26     -3.16     -0.36     15.55     10.86  0.0  0.0  0.0  0.0  0.0
                                   t000309_s13_p27_el2ap.txt  8.3  5.9   34
  0.0  0.0  0.0 58.8  0.0  0.0  0.0 29.4  0.0  0.0  0.0  0.0  0.0  0.0  0.0
  0.0  0.0  0.0  0.0  0.0  0.0382.4147.1117.6 29.4  0.0  0.0  0.0  0.0  0.0
 29.4  0.0  0.0  0.0  0.0 58.8  0.0 29.4  0.0  0.0  0.0  0.0 29.4  0.0  0.0
  0.0  0.0  0.0  0.0  0.0 29.4  0.0  0.0  0.0 29.4117.6  0.0  0.0 58.8  0.0
  0.0  0.0  0.0  0.0  0.0  0.0  0.0  0.0  0.0  0.0  0.0  0.0  0.0  0.0  0.0
  0.0  0.0  0.0  0.0  0.0  0.0  0.0  0.0  0.0  0.0  0.0  0.0  0.0  0.0  0.0
  0.0  0.0  0.0  0.0  0.0  0.0  0.0  0.0  0.0  0.0  0.0  0.0  0.0  0.0  0.0
  0.0  0.0  0.0  0.0  0.0  0.0  0.0  0.0  0.0  0.0  0.0  0.0  0.0  0.0  0.0
  0.0  0.0  0.0  0.0  0.0  0.0  0.0  0.0  0.0  0.0 88.2  0.0  0.0  0.0  0.0
  0.0  0.0  0.0  0.0  0.0  0.0  0.0  0.0 29.4  0.0  0.0  0.0  0.0  0.0  0.0
    -27.42     -4.76     24.37      0.40     14.76  0.0  0.0  0.0  0.0  0.0
                                   t000309_s13_p28_el2ap.txt 17.8  6.2   78
 12.8  0.0  0.0102.6  0.0  0.0  0.0  0.0  0.0  0.0 25.6  0.0  0.0  0.0  0.0
  0.0  0.0 38.5 25.6  0.0  0.0410.3 76.9128.2  0.0  0.0  0.0  0.0  0.0 12.8
  0.0  0.0  0.0  0.0  0.0 25.6  0.0  0.0  0.0  0.0 12.8  0.0  0.0 12.8  0.0
  0.0  0.0  0.0  0.0  0.0 51.3 25.6 12.8  0.0 12.8153.8  0.0  0.0102.6  0.0
 12.8  0.0  0.0  0.0  0.0  0.0  0.0  0.0  0.0  0.0  0.0  0.0  0.0  0.0  0.0
  0.0  0.0  0.0  0.0  0.0  0.0  0.0  0.0  0.0  0.0  0.0  0.0  0.0  0.0  0.0
  0.0  0.0  0.0  0.0 12.8  0.0  0.0  0.0  0.0  0.0  0.0  0.0  0.0  0.0  0.0
  0.0  0.0  0.0  0.0  0.0 12.8 12.8  0.0  0.0  0.0  0.0  0.0  0.0  0.0  0.0
  0.0  0.0  0.0  0.0  0.0  0.0  0.0  0.0 25.6  0.0  0.0  0.0  0.0  0.0  0.0
  0.0  0.0  0.0  0.0 12.8 12.8  0.0  0.0  0.0 25.6  0.0  0.0  0.0  0.0  0.0
    -12.32     -5.73      5.93     -0.50     -1.68  0.0  0.0  0.0  0.0  0.0
                                   t000309_s13_p29_el2ap.txt 20.0  4.8  113
  0.0  0.0  0.0 79.6  0.0  0.0  0.0  0.0  0.0  0.0  0.0  0.0  0.0  0.0  0.0
  0.0  0.0  0.0  0.0  0.0  0.0345.1168.1 26.5 44.2  0.0  8.8  0.0  0.0  0.0
  0.0 17.7  0.0  0.0  0.0 35.4  8.8  0.0  0.0  0.0  8.8  0.0  8.8 35.4  0.0
  0.0  8.8  0.0  8.8  8.8  8.8 26.5 35.4  0.0  0.0 53.1  0.0  0.0141.6  0.0
  0.0  0.0  0.0  0.0  0.0  0.0  0.0  0.0  0.0  0.0  0.0  0.0  0.0  0.0  0.0
  0.0  0.0  0.0  8.8  0.0  0.0  0.0  0.0  0.0  0.0  0.0  0.0  0.0  0.0  8.8
  0.0  0.0  0.0  0.0  0.0  0.0  0.0  0.0  0.0  0.0  0.0  0.0  0.0  0.0  0.0
  8.8  0.0  0.0  8.8  8.8  0.0  8.8  0.0  0.0  0.0  0.0  0.0  0.0  0.0  0.0
  0.0  0.0  0.0  0.0  0.0  0.0  0.0  8.8  0.0  8.8  0.0  0.0  0.0  0.0  0.0
  0.0  0.0  0.0  0.0  0.0  8.8  0.0  0.0  0.0  0.0  0.0  8.8  0.0  0.0  0.0
    -26.25     -2.57      5.52     -2.39      7.27  0.0  0.0  0.0  0.0  0.0
                                    t000309_s13_p3_el2ap.txt 10.8  6.7   46
  0.0  0.0  0.0 65.2  0.0  0.0  0.0  0.0  0.0  0.0  0.0  0.0  0.0  0.0  0.0
  0.0  0.0  0.0 21.7  0.0  0.0456.5 87.0 65.2  0.0  0.0 43.5  0.0  0.0  0.0
  0.0  0.0  0.0  0.0  0.0 65.2 21.7  0.0  0.0  0.0  0.0  0.0 21.7 21.7  0.0
  0.0  0.0 21.7  0.0  0.0  0.0 21.7 21.7  0.0  0.0 65.2  0.0  0.0 87.0  0.0
  0.0  0.0  0.0  0.0  0.0  0.0  0.0  0.0  0.0  0.0  0.0  0.0  0.0  0.0  0.0
  0.0  0.0  0.0  0.0  0.0 43.5  0.0  0.0  0.0  0.0  0.0  0.0  0.0  0.0 21.7
  0.0  0.0  0.0  0.0  0.0  0.0  0.0  0.0  0.0  0.0  0.0  0.0  0.0  0.0  0.0
 43.5  0.0  0.0 43.5 21.7  0.0 21.7  0.0  0.0  0.0  0.0  0.0  0.0  0.0  0.0
  0.0  0.0  0.0  0.0  0.0  0.0  0.0  0.0  0.0  0.0 21.7  0.0  0.0  0.0  0.0
  0.0  0.0  0.0  0.0  0.0  0.0  0.0 21.7  0.0  0.0 21.7 21.7  0.0  0.0  0.0
    -28.64      2.63     -2.73     -6.61     13.25  0.0  0.0  0.0  0.0  0.0
                                   t000309_s13_p30_el2ap.txt 13.3  4.8   74
  0.0  0.0  0.0 13.5  0.0  0.0  0.0  0.0  0.0  0.0  0.0  0.0  0.0  0.0  0.0
  0.0  0.0  0.0  0.0  0.0  0.0445.9135.1 67.6 54.1  0.0  0.0 27.0  0.0  0.0
  0.0 13.5  0.0  0.0  0.0  0.0 13.5  0.0 13.5  0.0  0.0  0.0  0.0  0.0  0.0
  0.0 13.5  0.0  0.0  0.0  0.0 27.0  0.0  0.0  0.0 67.6  0.0  0.0 81.1  0.0
  0.0  0.0  0.0  0.0  0.0  0.0  0.0  0.0  0.0  0.0  0.0  0.0  0.0  0.0  0.0
  0.0  0.0  0.0  0.0  0.0  0.0  0.0  0.0  0.0  0.0  0.0  0.0  0.0  0.0  0.0
  0.0  0.0  0.0  0.0  0.0  0.0  0.0  0.0  0.0  0.0  0.0  0.0  0.0  0.0  0.0
  0.0  0.0  0.0  0.0  0.0  0.0  0.0  0.0  0.0  0.0  0.0  0.0  0.0  0.0  0.0
  0.0  0.0  0.0  0.0  0.0  0.0  0.0  0.0  0.0  0.0 13.5 13.5  0.0  0.0  0.0
  0.0  0.0  0.0  0.0  0.0  0.0  0.0 13.5  0.0  0.0  0.0  0.0  0.0  0.0  0.0
    -31.76      1.06      5.98     -2.25     -3.63  0.0  0.0  0.0  0.0  0.0
                                   t000309_s13_p31_el2ap.txt 10.0  5.2   53
  0.0  0.0  0.0 56.6  0.0  0.0  0.0  0.0  0.0  0.0  0.0  0.0  0.0  0.0 18.9
  0.0  0.0  0.0 18.9  0.0  0.0301.9150.9 37.7 56.6 18.9 18.9 56.6  0.0  0.0
  0.0  0.0  0.0  0.0  0.0 18.9  0.0  0.0  0.0  0.0  0.0  0.0  0.0  0.0  0.0
  0.0  0.0  0.0  0.0  0.0  0.0 18.9  0.0  0.0  0.0 37.7 18.9 37.7169.8  0.0
 18.9  0.0  0.0  0.0  0.0  0.0  0.0  0.0  0.0  0.0  0.0  0.0  0.0  0.0  0.0
  0.0  0.0  0.0  0.0  0.0  0.0  0.0  0.0  0.0  0.0  0.0  0.0  0.0  0.0  0.0
  0.0  0.0  0.0  0.0  0.0  0.0  0.0  0.0  0.0  0.0  0.0  0.0  0.0  0.0  0.0
  0.0  0.0  0.0  0.0  0.0  0.0  0.0  0.0  0.0  0.0  0.0  0.0  0.0  0.0  0.0
  0.0  0.0  0.0  0.0  0.0  0.0  0.0  0.0 18.9 18.9  0.0  0.0  0.0  0.0  0.0
  0.0  0.0  0.0  0.0  0.0  0.0  0.0  0.0  0.0 56.6  0.0  0.0  0.0 18.9  0.0
     -7.93     11.08     -0.10     -6.61     -3.63  0.0  0.0  0.0  0.0  0.0
                                   t000309_s13_p32_el2ap.txt 12.8  4.8   76
  0.0  0.0  0.0 78.9  0.0  0.0  0.0 13.2  0.0  0.0  0.0  0.0  0.0 13.2 13.2
  0.0  0.0  0.0 26.3  0.0  0.0355.3118.4 52.6 39.5  0.0  0.0  0.0  0.0  0.0
  0.0  0.0  0.0  0.0  0.0 13.2  0.0  0.0  0.0  0.0  0.0  0.0 13.2  0.0  0.0
  0.0  0.0  0.0 13.2  0.0  0.0 26.3  0.0  0.0  0.0 65.8  0.0 65.8118.4  0.0
  0.0  0.0  0.0  0.0  0.0  0.0  0.0  0.0  0.0  0.0  0.0  0.0  0.0  0.0  0.0
  0.0  0.0  0.0  0.0  0.0  0.0  0.0  0.0  0.0  0.0  0.0  0.0  0.0  0.0  0.0
  0.0  0.0  0.0  0.0  0.0  0.0  0.0  0.0  0.0  0.0  0.0  0.0  0.0  0.0  0.0
  0.0  0.0  0.0  0.0  0.0  0.0  0.0  0.0  0.0  0.0  0.0  0.0  0.0  0.0  0.0
  0.0  0.0  0.0  0.0  0.0  0.0  0.0  0.0 13.2  0.0  0.0  0.0  0.0  0.0  0.0
  0.0  0.0  0.0  0.0  0.0  0.0  0.0  0.0  0.0  0.0  0.0  0.0  0.0  0.0  0.0
     -0.65     -4.43      0.23     -6.61      4.60  0.0  0.0  0.0  0.0  0.0
                                   t000309_s13_p33_el2ap.txt  4.0  5.1   17
  0.0  0.0  0.0117.6  0.0  0.0  0.0  0.0  0.0  0.0  0.0  0.0  0.0  0.0  0.0
  0.0  0.0 58.8  0.0  0.0  0.0411.8117.6117.6  0.0  0.0  0.0  0.0  0.0  0.0
  0.0  0.0  0.0  0.0  0.0  0.0  0.0  0.0  0.0  0.0  0.0  0.0  0.0  0.0  0.0
  0.0  0.0  0.0  0.0  0.0 58.8  0.0  0.0  0.0  0.0117.6  0.0  0.0117.6  0.0
  0.0  0.0  0.0  0.0  0.0  0.0  0.0  0.0  0.0  0.0  0.0  0.0  0.0  0.0  0.0
  0.0  0.0  0.0  0.0  0.0  0.0  0.0  0.0  0.0  0.0  0.0  0.0  0.0  0.0  0.0
  0.0  0.0  0.0  0.0  0.0  0.0  0.0  0.0  0.0  0.0  0.0  0.0  0.0  0.0  0.0
  0.0  0.0  0.0  0.0  0.0  0.0  0.0  0.0  0.0  0.0  0.0  0.0  0.0  0.0  0.0
  0.0  0.0  0.0  0.0  0.0  0.0  0.0  0.0  0.0 58.8  0.0  0.0  0.0  0.0  0.0
  0.0  0.0  0.0  0.0  0.0  0.0  0.0  0.0  0.0  0.0 58.8  0.0 58.8  0.0  0.0
    -13.73     -5.73      0.97     -6.61     -3.63  0.0  0.0  0.0  0.0  0.0
                                   t000309_s13_p34_el2ap.txt  7.3  5.5   31
  0.0  0.0  0.0 64.5  0.0  0.0  0.0  0.0  0.0  0.0  0.0  0.0  0.0  0.0  0.0
  0.0  0.0  0.0  0.0  0.0  0.0354.8161.3 32.3  0.0  0.0  0.0  0.0  0.0  0.0
  0.0  0.0  0.0  0.0  0.0 32.3  0.0  0.0  0.0  0.0  0.0  0.0 32.3  0.0  0.0
 32.3  0.0  0.0  0.0  0.0  0.0  0.0 32.3  0.0  0.0 64.5  0.0  0.0 96.8  0.0
  0.0  0.0  0.0  0.0  0.0  0.0  0.0  0.0  0.0  0.0  0.0  0.0  0.0  0.0  0.0
  0.0  0.0  0.0  0.0  0.0  0.0  0.0  0.0  0.0  0.0  0.0  0.0  0.0  0.0  0.0
  0.0  0.0  0.0  0.0  0.0  0.0  0.0  0.0  0.0  0.0  0.0  0.0  0.0  0.0  0.0
  0.0  0.0  0.0  0.0  0.0  0.0  0.0  0.0  0.0  0.0  0.0  0.0  0.0  0.0  0.0
  0.0  0.0  0.0  0.0  0.0  0.0  0.0  0.0 32.3  0.0  0.0  0.0  0.0  0.0  0.0
  0.0  0.0  0.0  0.0  0.0  0.0  0.0  0.0  0.0  0.0  0.0  0.0 32.3  0.0  0.0
    -28.50     -5.73     -0.86     -6.61     26.94  0.0  0.0  0.0  0.0  0.0
                                    t000309_s13_p4_el2ap.txt 14.5  5.1   83
  0.0  0.0  0.0 96.4  0.0  0.0  0.0  0.0  0.0 24.1  0.0  0.0  0.0  0.0  0.0
 12.0  0.0  0.0  0.0  0.0  0.0337.3132.5 60.2 12.0  0.0  0.0  0.0  0.0  0.0
  0.0  0.0  0.0  0.0  0.0 24.1  0.0  0.0  0.0 12.0  0.0  0.0 12.0  0.0  0.0
  0.0  0.0  0.0  0.0 24.1  0.0 12.0  0.0  0.0  0.0 96.4  0.0 12.0120.5  0.0
 12.0  0.0  0.0  0.0  0.0  0.0  0.0  0.0  0.0  0.0  0.0  0.0  0.0  0.0  0.0
  0.0  0.0  0.0  0.0  0.0  0.0  0.0  0.0  0.0  0.0  0.0  0.0  0.0  0.0  0.0
  0.0  0.0  0.0  0.0  0.0  0.0  0.0  0.0  0.0  0.0  0.0  0.0  0.0  0.0  0.0
  0.0  0.0  0.0  0.0  0.0  0.0  0.0  0.0  0.0  0.0  0.0  0.0  0.0  0.0  0.0
  0.0  0.0  0.0  0.0  0.0  0.0  0.0  0.0  0.0  0.0 24.1  0.0 12.0 12.0  0.0
  0.0  0.0  0.0  0.0  0.0 12.0 12.0  0.0  0.0  0.0  0.0 12.0  0.0  0.0  0.0
    -18.52     -5.33     -0.40     -1.13      3.90 24.1  0.0  0.0  0.0  0.0
                                    t000309_s13_p5_el2ap.txt 20.5  5.4  101
  9.9  0.0  0.0 19.8  0.0  0.0  9.9  0.0  0.0  0.0  0.0  0.0  0.0  0.0  0.0
  0.0  0.0  0.0  9.9  0.0  0.0356.4168.3 39.6 39.6  0.0  0.0  0.0  0.0  0.0
  0.0  0.0  0.0  0.0  0.0 19.8  0.0  0.0  0.0  0.0  9.9  0.0  9.9 29.7  0.0
  0.0 19.8  0.0  0.0  9.9  9.9 29.7 29.7  0.0  0.0 69.3  0.0  0.0 49.5  0.0
  0.0  0.0  0.0  0.0  0.0  0.0  0.0  0.0  0.0  0.0  0.0  0.0  0.0  0.0  0.0
  0.0  0.0  0.0  0.0  0.0  0.0  0.0  0.0  0.0  0.0  0.0  0.0  0.0  0.0  0.0
  0.0  0.0  0.0  0.0  0.0  0.0  0.0  0.0  0.0  0.0  0.0  0.0  0.0  0.0  0.0
  0.0  0.0  0.0  0.0  0.0  0.0  0.0  0.0  0.0  0.0  0.0  0.0  0.0  0.0  0.0
  0.0  0.0  0.0  0.0  0.0  0.0  0.0  0.0 19.8  0.0 19.8  0.0  0.0  0.0  0.0
  0.0  0.0  0.0  0.0  0.0  0.0  9.9  0.0  0.0 19.8  0.0  0.0  0.0  0.0  0.0
    -25.30     -4.42     -0.15     -1.89      7.06  0.0  0.0  0.0  0.0  0.0
                                    t000309_s13_p6_el2ap.txt 27.5  5.6  182
  5.5  0.0  0.0 82.4  0.0  0.0  5.5  0.0  0.0  0.0  0.0  0.0  0.0  0.0  0.0
  0.0  0.0  0.0 27.5  0.0  0.0368.1120.9 65.9  5.5  5.5  0.0  0.0  5.5  0.0
  0.0 11.0  0.0  0.0  0.0 22.0  0.0  0.0  5.5  0.0  5.5  0.0  0.0 11.0  0.0
  0.0  5.5  0.0  0.0 11.0  5.5 44.0 11.0  0.0  5.5131.9  5.5  5.5104.4  5.5
  5.5  0.0  0.0  0.0  0.0  0.0  0.0  0.0  0.0  0.0  0.0  0.0  0.0  0.0  0.0
  0.0  0.0  0.0  0.0  5.5  0.0  0.0  0.0  0.0  0.0  0.0  0.0  0.0  0.0  0.0
  0.0  0.0  5.5  0.0  0.0  0.0  0.0  0.0  0.0  0.0 11.0  0.0  0.0  0.0  0.0
  5.5  0.0  0.0  5.5  5.5  0.0  5.5 11.0  0.0  0.0  0.0  0.0  0.0  0.0  0.0
  0.0  0.0  0.0  0.0  0.0  0.0  0.0  0.0  5.5  5.5 27.5  5.5  0.0 11.0  0.0
  0.0  0.0  5.5  0.0  0.0 11.0  5.5 22.0  0.0  0.0 11.0  0.0  0.0  0.0  0.0
    -21.59     -5.30      7.03     -2.22     -1.96  0.0  0.0  0.0  0.0  0.0
                                    t000309_s13_p7_el2ap.txt 10.8  5.5   52
 38.5 19.2  0.0 57.7  0.0  0.0  0.0  0.0 76.9  0.0  0.0  0.0  0.0  0.0  0.0
  0.0  0.0  0.0  0.0  0.0  0.0288.5211.5 57.7 38.5 19.2  0.0  0.0  0.0  0.0
  0.0  0.0  0.0  0.0  0.0 19.2  0.0  0.0 19.2  0.0  0.0  0.0  0.0 19.2  0.0
 38.5  0.0  0.0  0.0  0.0  0.0  0.0 57.7  0.0  0.0 96.2 96.2  0.0134.6  0.0
  0.0  0.0  0.0  0.0  0.0  0.0  0.0  0.0  0.0  0.0  0.0  0.0  0.0  0.0  0.0
  0.0  0.0  0.0  0.0  0.0  0.0 19.2  0.0  0.0  0.0  0.0  0.0  0.0  0.0  0.0
  0.0  0.0  0.0  0.0  0.0  0.0  0.0  0.0  0.0  0.0 19.2  0.0  0.0  0.0  0.0
 19.2  0.0  0.0 19.2  0.0  0.0  0.0 19.2  0.0  0.0  0.0  0.0  0.0  0.0  0.0
  0.0  0.0  0.0  0.0  0.0  0.0  0.0  0.0  0.0  0.0 19.2 19.2 19.2  0.0  0.0
  0.0  0.0  0.0  0.0  0.0 19.2  0.0 38.5 19.2 19.2  0.0  0.0  0.0  0.0  0.0
    -18.95     -3.61     -0.12     -0.40     11.69  0.0  0.0  0.0  0.0  0.0
                                    t000309_s13_p8_el2ap.txt  6.3  5.4   25
  0.0  0.0  0.0 40.0  0.0  0.0  0.0  0.0  0.0  0.0  0.0  0.0  0.0  0.0  0.0
  0.0  0.0  0.0  0.0  0.0  0.0440.0 80.0 40.0  0.0  0.0 40.0  0.0  0.0  0.0
  0.0  0.0  0.0  0.0  0.0  0.0 80.0  0.0  0.0  0.0  0.0  0.0  0.0  0.0  0.0
  0.0  0.0  0.0  0.0  0.0  0.0  0.0  0.0  0.0  0.0 40.0  0.0  0.0160.0 40.0
  0.0  0.0  0.0  0.0  0.0  0.0  0.0  0.0  0.0  0.0  0.0  0.0  0.0  0.0  0.0
  0.0  0.0  0.0  0.0  0.0  0.0  0.0  0.0  0.0  0.0  0.0  0.0  0.0  0.0  0.0
  0.0  0.0  0.0  0.0  0.0  0.0  0.0  0.0  0.0  0.0  0.0  0.0  0.0  0.0  0.0
  0.0  0.0  0.0  0.0  0.0  0.0  0.0  0.0  0.0  0.0  0.0  0.0  0.0  0.0  0.0
  0.0  0.0  0.0  0.0  0.0  0.0  0.0  0.0 40.0  0.0  0.0  0.0  0.0 40.0  0.0
  0.0  0.0  0.0  0.0  0.0  0.0  0.0  0.0  0.0  0.0 40.0 40.0  0.0  0.0  0.0
    -28.59      1.96      0.97     -6.61     -3.63  0.0  0.0  0.0  0.0  0.0
                                    t000309_s13_p9_el2ap.txt  7.8  5.1   32
  0.0  0.0  0.0 62.5  0.0  0.0  0.0  0.0  0.0  0.0  0.0  0.0  0.0  0.0  0.0
  0.0  0.0  0.0 31.3  0.0  0.0375.0125.0 93.8 31.3  0.0  0.0 31.3  0.0  0.0
  0.0  0.0  0.0  0.0  0.0  0.0 31.3  0.0  0.0  0.0  0.0  0.0  0.0 31.3  0.0
  0.0 31.3  0.0  0.0  0.0  0.0 62.5 31.3  0.0  0.0 93.8  0.0  0.0156.3 31.3
  0.0  0.0  0.0  0.0  0.0  0.0  0.0  0.0  0.0  0.0  0.0  0.0  0.0  0.0  0.0
  0.0  0.0  0.0 31.3  0.0  0.0  0.0  0.0  0.0  0.0  0.0  0.0  0.0  0.0 31.3
  0.0  0.0  0.0  0.0  0.0  0.0  0.0  0.0  0.0  0.0  0.0  0.0  0.0  0.0  0.0
 31.3  0.0  0.0 31.3 31.3  0.0 31.3  0.0  0.0  0.0  0.0  0.0  0.0  0.0  0.0
  0.0  0.0  0.0  0.0  0.0  0.0  0.0  0.0  0.0  0.0  0.0 62.5  0.0  0.0  0.0
 31.3  0.0  0.0  0.0  0.0 31.3  0.0  0.0 62.5  0.0  0.0  0.0 31.3  0.0  0.0
    -23.64      1.09      0.97     -6.61      1.11  0.0  0.0  0.0  0.0  0.0
                                     t000309_s4_p1_el2ap.txt 25.0  5.8  136
  7.4  0.0  0.0 58.8  0.0  0.0  7.4  0.0  7.4 14.7  0.0  0.0  0.0  0.0  0.0
  0.0  0.0  0.0 29.4  0.0  0.0352.9139.7 88.2  0.0  0.0  7.4  0.0  0.0  7.4
  0.0  0.0  0.0  0.0  0.0 44.1  7.4  0.0  0.0  0.0  7.4  0.0 14.7  7.4  0.0
  0.0  0.0  7.4  0.0 14.7  7.4 29.4  7.4  0.0  7.4110.3  7.4  7.4 95.6 22.1
  0.0  0.0  0.0  0.0  0.0  0.0  0.0  0.0  0.0  0.0  0.0  0.0  0.0  0.0  0.0
  0.0  0.0  0.0  0.0  0.0  7.4  0.0  0.0  0.0  0.0  0.0  0.0  0.0  0.0  0.0
  0.0  0.0  0.0  0.0  0.0  0.0  0.0  0.0  0.0  0.0  7.4  0.0  7.4  0.0  0.0
  7.4  0.0  0.0  7.4  0.0  0.0  0.0 14.7  0.0  0.0  0.0  0.0  0.0  0.0  0.0
  0.0  0.0  0.0  0.0  0.0  7.4  0.0  0.0 14.7  7.4 51.5  7.4  0.0  7.4  0.0
  0.0  0.0  0.0  0.0  7.4  7.4  0.0 22.1  7.4 14.7  0.0  0.0  7.4  0.0  0.0
    -20.92     -4.31      2.14     -3.10      6.68  0.0  0.0  0.0  0.0  0.0
                                     t000309_s7_p1_el2ap.txt 22.3  4.9  134
  0.0  0.0  0.0 37.3  0.0  0.0  0.0  0.0  7.5  7.5  0.0  7.5  7.5  0.0  0.0
  0.0  0.0  0.0  7.5  0.0  0.0306.0134.3 59.7 29.9  0.0 14.9 14.9  0.0  7.5
  0.0  0.0  0.0  0.0  0.0 29.9  0.0  0.0  0.0  0.0  0.0  0.0  0.0  7.5  7.5
  7.5  7.5  0.0  0.0  0.0  0.0 22.4 22.4  0.0  7.5 59.7  7.5  0.0 89.6  0.0
  0.0  0.0  0.0  0.0  0.0  0.0  0.0  0.0  0.0  0.0  0.0  0.0  0.0  0.0  0.0
  0.0  0.0  0.0  7.5  0.0  0.0  0.0  0.0  0.0  0.0  0.0  0.0  0.0  0.0  0.0
  0.0  0.0  0.0  0.0  0.0  0.0  0.0  0.0  0.0  0.0  0.0  0.0  0.0  0.0  0.0
  7.5  0.0  0.0  7.5  0.0  0.0  0.0  0.0  0.0  0.0  0.0  0.0  0.0  0.0  0.0
  0.0  0.0  0.0  0.0  0.0  0.0  0.0  0.0  0.0  0.0  0.0  7.5 14.9  0.0  0.0
  0.0  0.0  0.0  0.0  0.0  0.0  0.0  0.0  7.5 14.9 14.9  0.0  0.0 14.9  0.0
    -16.42      0.89      3.01     -6.61      5.65  0.0  0.0  0.0  0.0  0.0
                                     t000309_s7_p2_el2ap.txt 30.0  5.2  187
  0.0  0.0  0.0 32.1  0.0  0.0  0.0  0.0  0.0  0.0  0.0  0.0  0.0  0.0  0.0
  0.0  0.0  0.0 32.1  0.0  0.0315.5155.1101.6 48.1  0.0  0.0  0.0  0.0  0.0
  0.0  5.3  0.0  0.0  0.0 32.1  0.0  0.0  0.0  0.0  0.0  5.3  0.0 10.7  0.0
  0.0  0.0  0.0  5.3 10.7  0.0 37.4 10.7  0.0  0.0149.7  0.0 10.7 85.6  5.3
  0.0  0.0  0.0  0.0  0.0  0.0  0.0  0.0  0.0  0.0  0.0  0.0  0.0  0.0  0.0
  0.0  0.0  0.0  0.0  0.0  0.0  0.0  0.0  0.0  0.0  0.0  0.0  0.0  0.0  0.0
  0.0  0.0  0.0  0.0  0.0  0.0  0.0  0.0  0.0  0.0  5.3  0.0  0.0  0.0  0.0
  0.0  0.0  0.0  0.0  0.0  0.0  0.0  5.3  0.0  0.0  0.0  0.0  0.0  0.0  0.0
  0.0  0.0  0.0  0.0  0.0  0.0  0.0  0.0  0.0  0.0  5.3  0.0  5.3 10.7  0.0
  0.0  0.0  0.0  0.0  0.0  0.0  0.0  0.0  5.3  5.3  5.3 10.7 16.0  0.0  0.0
    -24.56     -4.14      1.13     -4.47     -2.01  0.0  0.0  0.0  0.0  0.0
                                     t000309_s7_p3_el2ap.txt 28.3  5.1  166
  0.0  0.0  0.0 72.3  0.0  0.0  0.0  0.0  0.0  6.0  6.0  6.0  0.0  0.0  0.0
  0.0  0.0 12.0  0.0  0.0  0.0385.5144.6 54.2 18.1  0.0  6.0 12.0  0.0  0.0
  0.0  0.0  0.0  0.0  0.0 24.1  6.0  0.0  0.0  0.0  0.0  6.0  0.0 24.1  0.0
  0.0 18.1 12.0  6.0  6.0 12.0 24.1 24.1  0.0  0.0 66.3  0.0  0.0 96.4  6.0
  0.0  0.0  0.0  0.0  0.0  0.0  0.0  0.0  0.0  0.0  0.0  0.0  0.0  0.0  0.0
  0.0  0.0  0.0 12.0  0.0  0.0  0.0  0.0  0.0  0.0  0.0  0.0  0.0  0.0  0.0
  0.0  0.0  0.0  0.0  0.0  0.0  0.0  0.0  0.0  0.0  0.0  0.0  0.0  0.0  0.0
 12.0  0.0  0.0 12.0  0.0  0.0  0.0  0.0  0.0  0.0  0.0  0.0  0.0  0.0  0.0
  0.0  0.0  0.0  0.0  0.0  0.0  0.0  0.0 12.0  6.0  0.0  0.0 12.0 12.0  0.0
  0.0  0.0  6.0  0.0  0.0  6.0  0.0  6.0 12.0  6.0  0.0  0.0  6.0  0.0  0.0
    -20.25     -1.74     -0.40     -4.20      0.02  0.0  0.0  0.0  0.0  0.0
                                     t000309_s7_p4_el2ap.txt 11.3  5.3   59
  0.0  0.0  0.0 50.8  0.0  0.0  0.0  0.0  0.0  0.0  0.0  0.0  0.0  0.0  0.0
  0.0  0.0  0.0  0.0  0.0  0.0322.0118.6 84.7  0.0 16.9 16.9  0.0  0.0  0.0
  0.0  0.0  0.0  0.0  0.0 33.9 33.9  0.0  0.0  0.0  0.0 16.9  0.0 16.9  0.0
  0.0  0.0  0.0  0.0  0.0  0.0  0.0 16.9  0.0  0.0 84.7 16.9  0.0 84.7 16.9
  0.0  0.0  0.0  0.0  0.0  0.0  0.0  0.0  0.0  0.0  0.0  0.0  0.0  0.0  0.0
  0.0  0.0  0.0  0.0  0.0  0.0  0.0  0.0  0.0  0.0  0.0  0.0  0.0  0.0 16.9
  0.0 16.9  0.0  0.0  0.0  0.0  0.0  0.0  0.0  0.0  0.0  0.0  0.0  0.0  0.0
  0.0  0.0  0.0  0.0 33.9  0.0 33.9  0.0  0.0  0.0  0.0  0.0  0.0  0.0  0.0
  0.0  0.0  0.0  0.0  0.0  0.0  0.0  0.0 16.9 16.9 33.9  0.0  0.0  0.0 16.9
  0.0  0.0  0.0  0.0  0.0 16.9  0.0  0.0 16.9 16.9  0.0  0.0  0.0  0.0  0.0
    -28.64     -1.71     -0.95      0.17     -1.06  0.0  0.0  0.0  0.0  0.0
                                     t000313_s1_p1_el2ap.txt 32.5  5.4  204
 14.7  0.0  0.0 49.0  0.0  0.0  0.0  0.0 24.5  4.9  0.0  0.0  0.0  0.0  0.0
  0.0  0.0  4.9  0.0  0.0  0.0338.2142.2122.5 19.6  4.9  0.0  9.8  0.0  4.9
  0.0  0.0  0.0  0.0  4.9 34.3  9.8  0.0  0.0  0.0  0.0  0.0  0.0  4.9  0.0
  0.0  9.8  9.8  0.0  4.9  4.9  9.8  4.9  0.0  4.9137.3 29.4  0.0 98.0 19.6
  0.0  0.0  0.0  0.0  0.0  0.0  0.0  0.0  0.0  0.0  0.0  0.0  0.0  0.0  0.0
  0.0  0.0  0.0  9.8  0.0  0.0  0.0  0.0  0.0  0.0  0.0  0.0  0.0  0.0  0.0
  0.0  0.0  0.0  0.0  0.0  0.0  0.0  0.0  0.0  0.0  0.0  0.0  0.0  4.9  0.0
  9.8  0.0  0.0  9.8  0.0  0.0  0.0  4.9  0.0  0.0  0.0  0.0  0.0  0.0  0.0
  0.0  0.0  0.0  0.0  0.0  0.0  0.0 14.7 14.7  4.9  9.8  0.0  4.9  4.9  0.0
  0.0  4.9  4.9  0.0  0.0  4.9 19.6  4.9  9.8  9.8  0.0  4.9 19.6  0.0  0.0
    -28.04     -3.05      0.03     -6.61     -2.88  4.9  0.0  0.0  0.0  0.0
                                    t000313_s14_p1_el2ap.txt 15.0  5.4   69
 14.5  0.0  0.0  0.0  0.0  0.0  0.0  0.0 14.5  0.0  0.0  0.0  0.0  0.0  0.0
  0.0  0.0  0.0 14.5  0.0  0.0420.3115.9 14.5 43.5  0.0  0.0  0.0  0.0  0.0
  0.0  0.0  0.0  0.0  0.0 14.5  0.0  0.0  0.0  0.0  0.0  0.0  0.0 29.0  0.0
  0.0  0.0  0.0  0.0  0.0  0.0 14.5 29.0  0.0  0.0 29.0 14.5  0.0 43.5  0.0
  0.0  0.0  0.0  0.0  0.0  0.0  0.0  0.0  0.0  0.0  0.0  0.0  0.0  0.0  0.0
  0.0  0.0  0.0  0.0  0.0  0.0  0.0  0.0  0.0  0.0  0.0  0.0  0.0  0.0  0.0
  0.0  0.0  0.0  0.0  0.0  0.0  0.0  0.0  0.0  0.0 14.5  0.0  0.0  0.0  0.0
  0.0  0.0  0.0  0.0  0.0  0.0  0.0 14.5  0.0  0.0  0.0  0.0  0.0  0.0  0.0
  0.0  0.0  0.0  0.0  0.0  0.0  0.0 29.0  0.0  0.0  0.0 14.5 29.0  0.0  0.0
  0.0  0.0  0.0  0.0  0.0  0.0  0.0  0.0  0.0 14.5  0.0  0.0  0.0  0.0  0.0
    -24.34     -4.30      0.15     -6.61      0.77  0.0  0.0  0.0  0.0  0.0
                                    t000313_s14_p2_el2ap.txt  7.0  5.8   33
  0.0  0.0  0.0  0.0  0.0  0.0  0.0  0.0 30.3  0.0  0.0  0.0  0.0  0.0  0.0
  0.0  0.0  0.0  0.0  0.0  0.0484.8 60.6  0.0 30.3  0.0  0.0  0.0  0.0  0.0
  0.0  0.0  0.0  0.0  0.0  0.0 30.3  0.0  0.0  0.0  0.0  0.0  0.0  0.0  0.0
  0.0  0.0  0.0  0.0  0.0  0.0  0.0  0.0  0.0  0.0  0.0 30.3  0.0 60.6  0.0
  0.0  0.0  0.0  0.0  0.0  0.0  0.0  0.0  0.0  0.0  0.0  0.0  0.0  0.0  0.0
  0.0  0.0  0.0  0.0  0.0  0.0  0.0  0.0  0.0  0.0  0.0  0.0  0.0  0.0  0.0
  0.0  0.0  0.0  0.0  0.0  0.0  0.0  0.0  0.0  0.0  0.0  0.0  0.0  0.0  0.0
  0.0  0.0  0.0  0.0  0.0  0.0  0.0  0.0  0.0  0.0  0.0  0.0  0.0  0.0  0.0
  0.0  0.0  0.0  0.0  0.0  0.0  0.0  0.0  0.0  0.0 30.3  0.0 30.3  0.0  0.0
  0.0  0.0  0.0  0.0  0.0  0.0  0.0 30.3  0.0  0.0  0.0  0.0  0.0  0.0  0.0
    -28.19     -4.73      0.97     -6.61     -3.63  0.0  0.0  0.0  0.0  0.0
                                    t000313_s14_p3_el2ap.txt 34.0  5.3  215
  9.3  0.0  0.0 46.5  0.0  0.0  4.7  0.0 18.6  4.7  0.0  0.0  0.0  0.0  0.0
  0.0  0.0  0.0  9.3  0.0  0.0367.4120.9 83.7 27.9  0.0  0.0  0.0  0.0  4.7
  0.0  0.0  0.0  0.0  4.7 23.3  4.7  0.0  0.0  0.0  0.0  0.0  4.7  9.3  0.0
  0.0  0.0  0.0  0.0  0.0  0.0  9.3  9.3  0.0  4.7116.3 18.6  0.0 97.7  9.3
  9.3  0.0  0.0  0.0  0.0  0.0  0.0  0.0  0.0  0.0  0.0  0.0  0.0  0.0  0.0
  0.0  0.0  0.0  0.0  0.0  0.0  0.0  0.0  0.0  0.0  0.0  0.0  0.0  0.0  0.0
  0.0  0.0  0.0  0.0  0.0  0.0  0.0  0.0  0.0  0.0  4.7  0.0  0.0  0.0  0.0
  0.0  0.0  0.0  0.0  0.0  0.0  0.0  4.7  0.0  0.0  0.0  0.0  0.0  0.0  0.0
  0.0  0.0  0.0  0.0  0.0  0.0  0.0  9.3 27.9  4.7 32.6  9.3  9.3  9.3  0.0
  0.0  4.7  0.0  0.0  0.0  4.7  0.0 23.3  0.0 18.6 14.0  0.0  9.3  0.0  0.0
    -25.09     -4.81      0.61     -6.61      0.69  4.7  0.0  0.0  0.0  0.0
                                    t000313_s19_p1_el2ap.txt 35.0  4.8  267
 11.2  0.0  0.0 48.7  0.0  0.0  0.0  0.0  3.7  0.0  3.7  0.0  0.0  3.7  0.0
  0.0  0.0  3.7 11.2  0.0  0.0310.9116.1 86.1  0.0  7.5  0.0  0.0  0.0  0.0
  0.0  0.0  0.0  0.0  7.5 15.0  3.7  0.0  0.0  0.0  0.0  3.7  3.7 11.2  0.0
  0.0  3.7 15.0  0.0  0.0  3.7 15.0 11.2  0.0  0.0108.6 11.2  0.0 71.2 15.0
  0.0  0.0  0.0  0.0  0.0  0.0  0.0  0.0  0.0  0.0  0.0  0.0  0.0  0.0  0.0
  0.0  0.0  0.0  3.7  0.0  3.7  0.0  0.0  0.0  0.0  0.0  0.0  0.0  0.0  0.0
  0.0  0.0  0.0  0.0  0.0  0.0  0.0  0.0  0.0  0.0  0.0  0.0  0.0  0.0  0.0
  7.5  0.0  0.0  7.5  0.0  0.0  0.0  0.0  0.0  0.0  0.0  0.0  0.0  0.0  0.0
  0.0  0.0  0.0  0.0  0.0  0.0  0.0  3.7 26.2  7.5 41.2  3.7 11.2  3.7  0.0
  0.0  3.7  0.0  0.0  0.0  7.5  0.0  0.0  0.0 11.2  0.0  0.0 11.2  0.0  0.0
    -20.36     -5.39     -2.08     -5.11      0.42  0.0  0.0  0.0  0.0  0.0
                                    t000313_s19_p2_el2ap.txt 27.8  4.8  159
 12.6  0.0  0.0 31.4  0.0  0.0  0.0  0.0 12.6  0.0  0.0  0.0  0.0  0.0  0.0
  0.0  0.0  0.0 12.6  0.0  0.0333.3100.6 75.5 25.2 12.6  0.0  0.0  0.0  0.0
  0.0  6.3  0.0  0.0  6.3 18.9  0.0  0.0  0.0  0.0  0.0  0.0  6.3  0.0  0.0
  0.0  0.0  6.3 12.6  6.3  0.0 18.9  0.0  0.0  0.0 94.3 25.2  0.0 62.9  6.3
  0.0  0.0  0.0  0.0  0.0  0.0  0.0  0.0  0.0  0.0  0.0  0.0  0.0  0.0  0.0
  0.0  0.0  0.0  6.3  0.0  0.0  0.0  0.0  0.0  0.0  0.0  0.0  0.0  0.0  0.0
  0.0  0.0  0.0  0.0  0.0  0.0  0.0  0.0  0.0  0.0  6.3  0.0  0.0  0.0  0.0
  6.3  0.0  0.0  6.3  0.0  0.0  0.0  6.3  0.0  0.0  0.0  0.0  0.0  0.0  0.0
  0.0  0.0  0.0  0.0  0.0  0.0  0.0 25.2 18.9  6.3  6.3 12.6  0.0  0.0  0.0
  0.0  6.3  0.0  0.0  0.0  6.3  0.0  6.3  6.3 31.4  0.0  0.0  0.0  0.0  0.0
    -22.89     -4.34      0.38     -6.61      0.30  0.0  0.0  0.0  0.0  0.0
                                    t000313_s19_p3_el2ap.txt 12.8  4.7   63
  0.0  0.0  0.0 47.6  0.0  0.0 15.9  0.0 31.7  0.0  0.0  0.0  0.0  0.0  0.0
  0.0  0.0  0.0 15.9  0.0  0.0285.7127.0 63.5 47.6  0.0 15.9 15.9  0.0  0.0
  0.0  0.0  0.0  0.0 31.7  0.0 15.9  0.0  0.0  0.0  0.0  0.0  0.0  0.0  0.0
  0.0  0.0  0.0 15.9  0.0  0.0 15.9  0.0  0.0  0.0 63.5 31.7  0.0111.1  0.0
  0.0  0.0  0.0  0.0  0.0  0.0  0.0  0.0  0.0  0.0  0.0  0.0  0.0  0.0  0.0
  0.0  0.0  0.0  0.0  0.0 15.9  0.0  0.0  0.0  0.0  0.0  0.0  0.0  0.0  0.0
 15.9  0.0  0.0  0.0  0.0  0.0  0.0  0.0  0.0  0.0  0.0  0.0  0.0  0.0  0.0
 15.9  0.0  0.0 15.9 15.9  0.0 15.9  0.0  0.0  0.0  0.0  0.0  0.0  0.0  0.0
  0.0  0.0  0.0 15.9  0.0  0.0  0.0 15.9 31.7 31.7 31.7  0.0 15.9  0.0  0.0
  0.0  0.0  0.0  0.0  0.0  0.0  0.0 31.7  0.0 15.9  0.0  0.0  0.0  0.0  0.0
    -17.53      1.83     -8.36     -6.61     -3.63  0.0  0.0  0.0  0.0  0.0
                                    t000313_s19_p4_el2ap.txt 30.3  4.7  271
  7.4  0.0  0.0 59.0  0.0  0.0  3.7  3.7  3.7  0.0  3.7  0.0  0.0  3.7  0.0
  3.7  0.0  7.4  7.4  0.0  0.0354.2136.5 40.6  3.7  3.7  0.0  0.0  0.0  3.7
  0.0  3.7  0.0  0.0  3.7 40.6  0.0  0.0  0.0  0.0  0.0  3.7  3.7  3.7  0.0
  3.7 11.1  7.4  7.4  0.0  7.4 22.1  7.4  0.0  3.7 44.3  7.4  7.4 70.1  3.7
  0.0  0.0  0.0  0.0  0.0  0.0  0.0  0.0  0.0  0.0  0.0  0.0  0.0  0.0  0.0
  0.0  0.0  0.0  0.0  0.0  3.7  0.0  0.0  0.0  0.0  0.0  0.0  0.0  3.7  0.0
  0.0  0.0  0.0  0.0  0.0  0.0  0.0  0.0  0.0  0.0  3.7  0.0  0.0  0.0  0.0
  3.7  0.0  3.7  7.4  0.0  0.0  0.0  3.7  0.0  0.0  0.0  0.0  0.0  0.0  0.0
  0.0  0.0  0.0  0.0  0.0  0.0  0.0 14.8 18.5  7.4 29.5  3.7  0.0  0.0  0.0
  0.0  3.7  0.0  0.0  3.7  3.7  7.4 14.8  0.0  3.7  0.0  0.0  0.0  0.0  0.0
    -16.45     -5.44      0.79     -5.13      0.43  3.7  0.0  0.0  0.0  0.0
                                    t000313_s19_p5_el2ap.txt 22.0  4.8  125
  8.0  0.0  0.0 56.0  0.0  0.0  0.0  0.0  0.0  0.0  0.0  0.0  0.0  0.0  0.0
  0.0  0.0  8.0  8.0  0.0  0.0312.0152.0 72.0  0.0 32.0  0.0  0.0  0.0  0.0
  0.0  0.0  0.0  0.0  0.0 32.0  0.0  0.0  0.0  0.0  0.0  0.0 16.0  8.0  0.0
  0.0  0.0  0.0  0.0  0.0  8.0  8.0  8.0  0.0  0.0 80.0 32.0  0.0 72.0  8.0
  8.0  0.0  0.0  0.0  0.0  0.0  0.0  0.0  0.0  0.0  0.0  0.0  0.0  0.0  0.0
  0.0  0.0  0.0  0.0  0.0  0.0  0.0  0.0  0.0  0.0  0.0  0.0  0.0  0.0  0.0
  0.0  0.0  0.0  0.0  0.0  0.0  0.0  0.0  0.0  0.0  0.0  0.0  0.0  0.0  0.0
  0.0  0.0  0.0  0.0  0.0  0.0  0.0  0.0  0.0  0.0  0.0  0.0  0.0  0.0  0.0
  0.0  0.0  0.0  0.0  0.0  0.0  0.0 40.0  8.0  0.0 48.0  8.0  0.0  0.0  0.0
  0.0  0.0  0.0  0.0  8.0 16.0  8.0  8.0  0.0  8.0  0.0  0.0  0.0  0.0  0.0
    -22.82     -4.31     -0.84     -6.61      7.59  0.0  0.0  0.0  0.0  0.0
                                    t000313_s19_p6_el2ap.txt 30.0  4.9  225
 22.2  0.0  0.0 66.7  0.0  0.0  0.0  0.0  8.9  4.4  0.0  0.0  0.0  0.0  0.0
  0.0  0.0  4.4  0.0  0.0  0.0333.3 97.8 53.3 22.2  4.4  4.4  8.9  0.0  4.4
  0.0  0.0  0.0  4.4  0.0 62.2  0.0  0.0  0.0  0.0  0.0  4.4  4.4  0.0  0.0
  0.0 17.8 13.3  0.0  0.0  4.4 17.8  0.0  0.0  4.4 66.7 13.3  0.0102.2  8.9
  4.4  0.0  0.0  0.0  0.0  0.0  0.0  0.0  0.0  0.0  0.0  0.0  0.0  0.0  0.0
  0.0  0.0  0.0  0.0  0.0  8.9  4.4  0.0  0.0  0.0  0.0  0.0  0.0  0.0  0.0
  0.0  0.0  0.0  0.0  0.0  0.0  0.0  0.0  0.0  0.0  4.4  0.0  0.0  4.4  0.0
 13.3  0.0  0.0 13.3  0.0  0.0  0.0  8.9  0.0  0.0  0.0  0.0  0.0  0.0  0.0
  0.0  0.0  0.0  0.0  0.0  0.0  0.0 17.8 17.8  0.0 35.6  4.4  0.0  0.0  0.0
  0.0  4.4  0.0  0.0  0.0  4.4  0.0  8.9  4.4 13.3  4.4  0.0 22.2  0.0  0.0
    -20.71     -2.30     -1.61     -4.83     -0.85  0.0  0.0  0.0  0.0  0.0
                                    t000313_s19_p7_el2ap.txt 22.5  5.0  136
  7.4  0.0  0.0 36.8  0.0  0.0  0.0  0.0  0.0  7.4  0.0  0.0  0.0  0.0  0.0
  0.0  0.0  7.4  0.0  0.0  0.0389.7117.6 51.5 29.4  0.0  0.0  0.0  0.0  0.0
  0.0  0.0  0.0  0.0  0.0 29.4  0.0  0.0  0.0  0.0  0.0  0.0  0.0  0.0 14.7
  0.0  0.0 14.7  0.0  7.4  7.4  0.0 14.7  0.0  0.0 73.5  0.0  7.4 66.2  0.0
  7.4  0.0  0.0  0.0  0.0  0.0  0.0  0.0  0.0  0.0  0.0  0.0  0.0  0.0  0.0
  0.0  0.0  0.0  0.0  0.0  7.4  7.4  0.0  0.0  0.0  0.0  0.0  0.0  0.0  0.0
  0.0  0.0  0.0  0.0  0.0  0.0  0.0  0.0  0.0  0.0  0.0  0.0  0.0  0.0  0.0
 14.7  0.0  0.0 14.7  0.0  0.0  0.0  0.0  0.0  0.0  0.0  0.0  0.0  0.0  0.0
  0.0  0.0  0.0  0.0  0.0  0.0  0.0 14.7  0.0  0.0 14.7  0.0 14.7  0.0  0.0
  0.0  0.0  0.0  0.0  0.0  7.4  0.0  0.0 14.7  7.4  0.0  0.0  7.4  0.0  0.0
    -24.60     -4.76     -0.70     -6.61      7.69  0.0  0.0  0.0  0.0  0.0
                                    t000313_s19_p8_el2ap.txt 20.0  4.7  111
  9.0  0.0  0.0 45.0  0.0  0.0  0.0  9.0  0.0  0.0  0.0  0.0  0.0  0.0  0.0
  0.0  0.0  0.0  9.0  0.0  0.0333.3108.1 36.0 27.0  0.0  0.0  0.0  0.0  9.0
  0.0  9.0  0.0  0.0  9.0 54.1  0.0  0.0  0.0  0.0  0.0 18.0  0.0 27.0  0.0
  0.0  0.0  0.0 18.0  0.0  0.0 18.0 27.0  0.0  9.0 36.0  0.0  0.0 81.1  9.0
  9.0  0.0  0.0  0.0  0.0  0.0  0.0  0.0  0.0  0.0  0.0  0.0  0.0  0.0  0.0
  0.0  0.0  0.0  0.0  0.0  0.0  0.0  0.0  0.0  0.0  0.0  0.0  0.0  0.0  0.0
  0.0  0.0  0.0  0.0  0.0  0.0  0.0  0.0  0.0  0.0  0.0  0.0  0.0  0.0  0.0
  0.0  0.0  0.0  0.0  0.0  0.0  0.0  0.0  0.0  0.0  0.0  0.0  0.0  0.0  0.0
  0.0  0.0  0.0  0.0  0.0  0.0  0.0 27.0  9.0  0.0 18.0  0.0  0.0  0.0  0.0
  0.0  0.0  0.0  0.0  0.0  0.0  9.0  9.0  0.0 45.0  0.0  0.0  0.0  0.0  0.0
    -19.88     -4.84      3.09      0.60      0.47  0.0  0.0  0.0  0.0  0.0
                                    t000313_s19_p9_el2ap.txt 35.8  5.1  254
  7.9  0.0  0.0 47.2  0.0  0.0  3.9  3.9 11.8  0.0  0.0  0.0  0.0  3.9  0.0
  0.0  0.0  0.0  3.9  0.0  0.0354.3122.0 47.2  7.9  3.9  3.9  7.9  0.0  0.0
  0.0  3.9  0.0  0.0  3.9 19.7  3.9  0.0  0.0  0.0  0.0  0.0  3.9  3.9  0.0
  7.9  0.0  7.9  3.9  3.9  0.0  7.9 11.8  0.0  0.0 86.6 15.7  3.9 66.9  0.0
  3.9  0.0  0.0  0.0  0.0  0.0  0.0  0.0  0.0  0.0  0.0  0.0  0.0  0.0  0.0
  0.0  0.0  0.0  0.0  0.0  3.9  3.9  0.0  0.0  0.0  0.0  0.0  0.0  3.9  0.0
  0.0  3.9  0.0  0.0  0.0  0.0  0.0  0.0  0.0  0.0  0.0  0.0  0.0  0.0  0.0
  7.9  0.0  3.9 11.8  3.9  0.0  3.9  0.0  0.0  0.0  0.0  0.0  0.0  0.0  0.0
  0.0  0.0  0.0  0.0  0.0  0.0  0.0 15.7  7.9  3.9 11.8  3.9 15.7  3.9  0.0
  0.0  0.0  0.0  0.0  0.0  7.9  3.9  3.9  0.0 11.8  0.0  0.0 11.8  0.0  0.0
    -21.56     -3.08      0.16     -6.61      1.97  0.0  0.0  0.0  0.0  0.0
                                     t000313_s2_p1_el2ap.txt 13.0  4.8   62
  0.0  0.0  0.0 32.3  0.0 16.1  0.0  0.0  0.0  0.0  0.0  0.0  0.0  0.0  0.0
  0.0  0.0  0.0 16.1  0.0  0.0500.0 48.4  0.0 16.1  0.0  0.0  0.0  0.0  0.0
  0.0  0.0  0.0  0.0  0.0 16.1 16.1  0.0  0.0  0.0  0.0 16.1  0.0  0.0 16.1
  0.0  0.0  0.0  0.0  0.0  0.0 16.1 16.1  0.0  0.0 16.1  0.0 16.1 64.5  0.0
  0.0  0.0  0.0  0.0  0.0  0.0  0.0  0.0  0.0  0.0  0.0  0.0  0.0  0.0  0.0
  0.0  0.0  0.0  0.0  0.0  0.0  0.0  0.0  0.0  0.0  0.0  0.0  0.0  0.0  0.0
  0.0  0.0  0.0  0.0  0.0  0.0  0.0  0.0  0.0 16.1  0.0  0.0  0.0  0.0  0.0
  0.0  0.0  0.0  0.0  0.0  0.0 16.1  0.0  0.0  0.0  0.0  0.0  0.0  0.0  0.0
  0.0  0.0  0.0  0.0  0.0  0.0  0.0  0.0 32.3 32.3 32.3  0.0 16.1  0.0  0.0
  0.0  0.0  0.0  0.0  0.0  0.0  0.0  0.0  0.0  0.0  0.0  0.0  0.0  0.0  0.0
    -17.86     -5.20      0.06     -0.15      8.78  0.0  0.0  0.0  0.0  0.0
                                     t000313_s4_p1_el2ap.txt 33.8  5.2  202
  9.9  0.0  0.0 39.6  0.0  0.0  5.0  0.0 19.8  0.0  5.0  0.0  0.0  0.0  0.0
  0.0  0.0  9.9  5.0  0.0  0.0341.6153.5 79.2  9.9 14.9  0.0  5.0  0.0  0.0
  0.0  0.0  0.0  0.0  5.0 19.8  9.9  5.0  0.0  0.0  0.0  0.0  0.0  9.9  5.0
  0.0 14.9  9.9  5.0  5.0 14.9 19.8 14.9  0.0  0.0 89.1 34.7  0.0 69.3  0.0
  0.0  0.0  0.0  0.0  0.0  0.0  0.0  0.0  0.0  0.0  0.0  0.0  0.0  0.0  0.0
  0.0  0.0  0.0  5.0  0.0  0.0  5.0  0.0  0.0  0.0  0.0  0.0  0.0  0.0  0.0
  0.0  0.0  0.0  0.0  0.0  5.0  0.0  0.0  0.0  5.0  0.0  0.0  0.0  0.0  0.0
  9.9  0.0  0.0  9.9  0.0  5.0  9.9  0.0  0.0  0.0  0.0  0.0  0.0  0.0  0.0
  0.0  0.0  0.0  0.0  0.0  0.0  0.0  9.9 24.8  5.0 39.6  0.0  5.0  5.0  9.9
  0.0  5.0  0.0  0.0  0.0  5.0  9.9  0.0  5.0  9.9  0.0  0.0  9.9  0.0  0.0
    -23.34     -3.83     -1.61     -5.43      1.68  0.0  0.0  0.0  0.0  0.0
                                     t000313_s4_p2_el2ap.txt 10.8  5.0   54
  0.0  0.0  0.0 55.6  0.0  0.0  0.0  0.0  0.0 55.6  0.0  0.0  0.0  0.0  0.0
 18.5  0.0  0.0  0.0  0.0  0.0351.9129.6  0.0  0.0  0.0  0.0  0.0  0.0  0.0
  0.0 18.5  0.0  0.0  0.0 92.6 18.5  0.0  0.0  0.0  0.0 18.5 18.5 18.5  0.0
  0.0  0.0  0.0  0.0  0.0  0.0 18.5 18.5  0.0  0.0 18.5  0.0  0.0 92.6 18.5
  0.0  0.0  0.0  0.0  0.0  0.0  0.0  0.0  0.0  0.0  0.0  0.0  0.0  0.0  0.0
  0.0  0.0  0.0  0.0  0.0  0.0  0.0  0.0  0.0  0.0  0.0  0.0  0.0  0.0  0.0
  0.0  0.0  0.0  0.0  0.0  0.0  0.0  0.0  0.0 18.5  0.0  0.0  0.0  0.0  0.0
  0.0  0.0  0.0  0.0  0.0  0.0 18.5  0.0  0.0  0.0  0.0  0.0  0.0  0.0  0.0
  0.0  0.0  0.0  0.0  0.0  0.0  0.0 18.5  0.0 37.0 18.5  0.0 18.5  0.0  0.0
  0.0  0.0  0.0  0.0  0.0  0.0  0.0  0.0  0.0 18.5  0.0  0.0  0.0  0.0  0.0
     -9.69     -5.73      2.57      0.80     10.75  0.0  0.0  0.0  0.0  0.0
                                     t000313_s5_p1_el2ap.txt 20.5  5.3  115
  0.0  0.0  0.0 43.5  0.0  0.0  0.0  0.0  0.0  0.0  0.0  0.0  0.0  0.0  0.0
  8.7  0.0  8.7  8.7  0.0  0.0373.9113.0 60.9 26.1  0.0 17.4  0.0  0.0  0.0
  0.0  8.7  0.0  8.7  0.0 17.4  0.0  0.0  0.0  0.0  0.0  0.0  0.0  8.7  0.0
  8.7  0.0  0.0  0.0  8.7  8.7 17.4 17.4  0.0  0.0 95.7  0.0  0.0 95.7 17.4
  8.7  0.0  0.0  0.0  0.0  0.0  0.0  0.0  0.0  0.0  0.0  0.0  0.0  0.0  0.0
  0.0  0.0  0.0  0.0  0.0  0.0  0.0  0.0  0.0  0.0  0.0  0.0  0.0  0.0  0.0
  0.0  0.0  0.0  0.0  0.0  0.0  0.0  0.0  0.0  0.0  8.7  0.0  0.0  0.0  0.0
  0.0  0.0  0.0  0.0  0.0  0.0  0.0  8.7  0.0  0.0  0.0  0.0  0.0  0.0  0.0
  0.0  0.0  0.0  0.0  0.0  0.0  0.0  8.7  0.0  8.7 34.8  0.0  0.0  0.0  8.7
  0.0  8.7  0.0  0.0  0.0  0.0  8.7  8.7 17.4  8.7 26.1  0.0  0.0  0.0  0.0
    -21.13     -1.53      0.72     -6.61      0.50  0.0  0.0  0.0  0.0  0.0
                                    t000313_s5_p10_el2ap.txt 31.3  4.8  335
  6.0  0.0  0.0 62.7  0.0  0.0  9.0  0.0  9.0 11.9  0.0  3.0  0.0  0.0  0.0
  3.0  0.0  3.0 14.9  0.0  0.0319.4131.3 65.7  9.0  9.0  0.0  6.0  0.0  3.0
  0.0  3.0  0.0  3.0  3.0 20.9  6.0  6.0  0.0  3.0  0.0  0.0  0.0 11.9  0.0
  3.0  3.0  9.0  6.0  9.0  9.0 26.9 14.9  0.0  3.0 83.6 17.9  3.0 89.6  3.0
  3.0  0.0  0.0  0.0  0.0  0.0  0.0  0.0  0.0  0.0  0.0  0.0  0.0  0.0  0.0
  0.0  0.0  0.0  6.0  0.0  0.0  3.0  0.0  0.0  0.0  3.0  0.0  3.0  0.0  0.0
  0.0  0.0  0.0  0.0  0.0  0.0  0.0  0.0  0.0  0.0  0.0  0.0  0.0  0.0  0.0
  9.0  0.0  6.0 14.9  0.0  0.0  0.0  0.0  0.0  0.0  0.0  0.0  0.0  0.0  0.0
  0.0  0.0  0.0  0.0  0.0  0.0  0.0  6.0  9.0  9.0 11.9  6.0  3.0  3.0  0.0
  0.0  6.0  0.0  0.0  0.0  0.0  9.0  6.0 14.9  9.0  0.0  0.0 11.9  0.0  0.0
    -15.14     -3.93      0.65     -3.83     -0.85  0.0  0.0  0.0  0.0  0.0
                                    t000313_s5_p11_el2ap.txt 18.3  4.8   96
  0.0  0.0  0.0104.2  0.0  0.0  0.0  0.0  0.0 20.8  0.0  0.0  0.0 10.4  0.0
  0.0  0.0 20.8 20.8  0.0  0.0322.9104.2 62.5 20.8  0.0 10.4  0.0  0.0  0.0
  0.0  0.0  0.0  0.0 10.4 10.4 10.4  0.0 10.4 10.4  0.0 10.4  0.0 31.3  0.0
  0.0  0.0 31.3  0.0  0.0 20.8 31.3 31.3  0.0  0.0 62.5  0.0 10.4135.4  0.0
 10.4  0.0  0.0  0.0  0.0  0.0  0.0  0.0  0.0  0.0  0.0  0.0  0.0  0.0  0.0
  0.0  0.0  0.0  0.0  0.0 20.8 10.4  0.0  0.0  0.0  0.0  0.0  0.0  0.0  0.0
  0.0  0.0  0.0  0.0  0.0  0.0  0.0  0.0  0.0  0.0  0.0  0.0  0.0  0.0  0.0
 31.3  0.0  0.0 31.3  0.0  0.0  0.0  0.0  0.0  0.0  0.0  0.0  0.0  0.0  0.0
  0.0  0.0  0.0  0.0  0.0  0.0  0.0 52.1  0.0  0.0 20.8 10.4 10.4 10.4 10.4
  0.0 20.8  0.0  0.0  0.0  0.0  0.0 20.8  0.0 41.7  0.0  0.0  0.0  0.0  0.0
     -5.70     -3.04     -2.68      5.66      1.11  0.0  0.0  0.0  0.0  0.0
                                    t000313_s5_p12_el2ap.txt 26.3  5.1  148
  6.8  0.0  0.0 67.6  0.0  0.0  6.8  0.0  0.0 13.5  0.0  0.0  0.0  0.0  0.0
  0.0  0.0 20.3  6.8  0.0  0.0337.8121.6 81.1  6.8  0.0  0.0  0.0  0.0  0.0
  0.0  6.8  0.0  0.0  6.8 47.3  6.8  0.0  0.0  0.0  0.0  0.0  6.8 13.5  0.0
  0.0 20.3  6.8  0.0  0.0 20.3 33.8 13.5  0.0  0.0 94.6  0.0  0.0 87.8  6.8
  0.0  0.0  0.0  0.0  0.0  0.0  0.0  0.0  0.0  0.0  0.0  0.0  0.0  0.0  0.0
  0.0  0.0  0.0  0.0  0.0  0.0  0.0  0.0  0.0  0.0  0.0  0.0  0.0  0.0  0.0
  0.0  0.0  0.0  0.0  0.0  0.0  0.0  0.0  0.0  0.0  0.0  0.0  0.0  0.0  0.0
  0.0  0.0  0.0  0.0  0.0  0.0  0.0  0.0  0.0  0.0  0.0  0.0  0.0  0.0  0.0
  0.0  0.0  0.0  0.0  0.0  0.0  0.0 27.0 33.8  0.0 27.0 13.5  0.0 13.5  0.0
  0.0  6.8  0.0  0.0  0.0 13.5  6.8 13.5  0.0  0.0  0.0  0.0 13.5  0.0  0.0
    -16.82     -5.51     -1.20     -6.61      2.64  0.0  0.0  0.0  0.0  0.0
                                    t000313_s5_p13_el2ap.txt 18.0  4.9   87
  0.0  0.0 11.5 57.5  0.0  0.0  0.0  0.0  0.0  0.0  0.0  0.0  0.0  0.0  0.0
  0.0  0.0 11.5  0.0  0.0  0.0264.4103.4 69.0 11.5 23.0 11.5  0.0  0.0  0.0
  0.0 11.5  0.0  0.0 11.5 80.5 11.5  0.0  0.0  0.0  0.0 11.5 23.0  0.0 11.5
  0.0  0.0  0.0 11.5  0.0 11.5 11.5 11.5  0.0  0.0 92.0 23.0 23.0 80.5  0.0
 23.0  0.0  0.0  0.0  0.0  0.0  0.0  0.0  0.0  0.0  0.0  0.0  0.0  0.0  0.0
  0.0  0.0  0.0  0.0  0.0  0.0  0.0  0.0  0.0  0.0  0.0  0.0  0.0  0.0  0.0
  0.0  0.0  0.0  0.0  0.0  0.0  0.0  0.0  0.0  0.0  0.0  0.0  0.0 11.5  0.0
  0.0  0.0  0.0  0.0  0.0  0.0  0.0 11.5  0.0  0.0  0.0  0.0  0.0  0.0  0.0
  0.0  0.0  0.0  0.0  0.0  0.0  0.0 23.0  0.0 11.5  0.0 11.5  0.0  0.0  0.0
  0.0 23.0  0.0  0.0  0.0 11.5 23.0  0.0  0.0  0.0  0.0 11.5  0.0  0.0  0.0
    -20.67     -2.12     -2.72     -2.01     19.58  0.0  0.0  0.0  0.0  0.0
                                     t000313_s5_p2_el2ap.txt 26.3  4.6  156
  0.0  0.0  0.0 44.9  0.0  0.0  0.0  0.0  0.0  6.4  0.0  0.0  0.0  0.0  0.0
  0.0  0.0  0.0  0.0  6.4  0.0346.2109.0 51.3  0.0 12.8  0.0 19.2  6.4  0.0
  0.0  6.4  0.0  0.0  0.0 38.5  0.0  6.4  0.0  0.0  0.0  0.0  0.0  0.0  0.0
  0.0  0.0  0.0  0.0  6.4  6.4  6.4  0.0  6.4  6.4 64.1 12.8  0.0 51.3  6.4
  6.4  0.0  0.0  0.0  0.0  0.0  0.0  0.0  0.0  0.0  0.0  0.0  0.0  0.0  0.0
  0.0  0.0  0.0  0.0  0.0  0.0  0.0  0.0  0.0  0.0  0.0  0.0  0.0  0.0  0.0
  0.0  0.0  0.0  0.0  0.0  0.0  0.0  0.0  0.0  0.0  0.0  0.0  0.0  0.0  0.0
  0.0  0.0  0.0  0.0  0.0  0.0  0.0  0.0  0.0  0.0  0.0  0.0  0.0  0.0  0.0
  0.0  0.0  0.0  0.0  0.0  0.0  0.0 19.2 12.8  6.4 19.2  0.0  6.4  6.4  0.0
  0.0  6.4  0.0  0.0  0.0  0.0  0.0  6.4 12.8  6.4  0.0  6.4  6.4  0.0  0.0
    -18.43     -1.60      4.93     -5.08     -3.63  0.0  0.0  0.0  0.0  0.0
                                     t000313_s5_p3_el2ap.txt 23.5  4.5  152
  0.0  0.0  0.0 39.5  0.0  0.0 13.2  0.0  0.0  0.0  0.0  0.0  0.0  0.0  0.0
  0.0  0.0  0.0 19.7  0.0  0.0342.1118.4 65.8 26.3  0.0  0.0  6.6  0.0  0.0
  0.0  6.6  0.0  0.0  6.6 39.5  6.6  0.0  0.0  0.0  0.0 13.2  0.0 19.7  0.0
  0.0  0.0  6.6  0.0  6.6  0.0 26.3 19.7  0.0  0.0 78.9  0.0  0.0 72.4  0.0
  6.6  0.0  0.0  0.0  0.0  0.0  0.0  0.0  0.0  0.0  0.0  0.0  0.0  0.0  0.0
  0.0  0.0  0.0  0.0  6.6  6.6  0.0  0.0  0.0  0.0  0.0  0.0  0.0  0.0  0.0
  0.0  0.0  6.6  0.0  0.0  0.0  0.0  0.0  0.0  0.0  6.6  0.0  0.0  0.0  0.0
 13.2  0.0  0.0 13.2  6.6  0.0  6.6  6.6  0.0  0.0  0.0  0.0  0.0  0.0  0.0
  0.0  0.0  0.0  0.0  0.0  0.0  0.0 13.2  6.6  0.0  0.0  0.0  0.0  0.0  0.0
  0.0  6.6  6.6  0.0  0.0  6.6 13.2  0.0  6.6  6.6  6.6 13.2  6.6  0.0  0.0
    -19.77     -3.64     -0.77     -1.34     -0.64  0.0  0.0  0.0  0.0  0.0
                                     t000313_s5_p4_el2ap.txt 20.8  5.6  120
  8.3  0.0  0.0 41.7  0.0  0.0  8.3  0.0  8.3  0.0  0.0  0.0  0.0  0.0  0.0
  8.3  0.0 16.7  0.0  0.0  0.0308.3183.3141.7 16.7  0.0  0.0  8.3  0.0  0.0
  0.0 16.7  0.0  0.0  8.3 25.0  0.0  0.0  0.0  0.0  0.0  0.0  0.0 16.7  0.0
  8.3  0.0  8.3  8.3  0.0 16.7 16.7 25.0  0.0  0.0150.0  8.3  0.0 75.0  0.0
  8.3  0.0  0.0  0.0  0.0  0.0  0.0  0.0  0.0  0.0  0.0  0.0  0.0  0.0  0.0
  0.0  0.0  0.0  8.3  0.0  0.0  0.0  0.0  0.0  0.0  0.0  0.0  0.0  0.0  0.0
  0.0  0.0  0.0  0.0  0.0  0.0  0.0  0.0  0.0  0.0  0.0  0.0  0.0  0.0  0.0
  8.3  0.0  0.0  8.3  0.0  0.0  0.0  0.0  0.0  0.0  0.0  0.0  0.0  0.0  0.0
  0.0  0.0  0.0  0.0  0.0  0.0  0.0  8.3 16.7  8.3  8.3  0.0  0.0  0.0  0.0
  0.0 16.7  0.0  0.0  8.3  8.3 25.0  8.3  8.3 25.0  0.0  0.0  0.0  0.0  0.0
    -24.06     -3.64      3.28     -6.61      1.59  0.0  0.0  0.0  0.0  0.0
                                     t000313_s5_p5_el2ap.txt 23.0  5.0  131
 22.9  0.0  0.0 61.1  0.0  0.0  7.6  0.0  0.0  7.6  0.0  0.0  0.0  0.0  0.0
  7.6  0.0  0.0  0.0  0.0  0.0343.5 91.6 53.4 22.9  7.6  7.6  7.6  0.0  0.0
  0.0  0.0  0.0  0.0  0.0 22.9 15.3  0.0  0.0  0.0  0.0  0.0  7.6  0.0  0.0
  0.0  7.6 15.3  0.0  7.6  0.0  7.6  0.0  0.0  0.0 84.0  7.6  0.0 99.2  0.0
  7.6  0.0  0.0  0.0  0.0  0.0  0.0  0.0  0.0  0.0  0.0  0.0  0.0  0.0  0.0
  0.0  0.0  0.0  7.6  0.0  7.6  0.0  0.0  0.0  0.0  0.0  0.0  0.0  0.0  0.0
  0.0  0.0  0.0  0.0  0.0  0.0  0.0  0.0  0.0  0.0  0.0  0.0  7.6  0.0  0.0
 15.3  0.0  0.0 15.3  0.0  0.0  0.0  7.6  0.0  0.0  0.0  0.0  0.0  0.0  0.0
  0.0  0.0  0.0  0.0  0.0  0.0  0.0 22.9 22.9  0.0 15.3  7.6  0.0  0.0  0.0
  0.0  0.0  0.0  0.0  0.0  7.6  0.0 22.9  7.6  7.6  0.0  0.0 15.3  0.0  0.0
    -17.77     -1.75     -0.33     -6.61      1.14  0.0  0.0  0.0  0.0  0.0
                                     t000313_s5_p6_el2ap.txt 29.5  4.5  197
 25.4  0.0  0.0 40.6  0.0  0.0  0.0  0.0 20.3  5.1  0.0  0.0  0.0  0.0  0.0
 10.2  0.0  0.0 10.2  0.0  0.0329.9167.5 60.9 20.3  0.0  0.0  5.1  0.0  0.0
  0.0  5.1  0.0  0.0  5.1 30.5 10.2  0.0  0.0  5.1  0.0  0.0  5.1  5.1  0.0
  0.0  0.0  0.0  5.1  0.0  0.0 20.3  5.1  0.0  0.0 81.2 20.3  0.0 66.0  5.1
  0.0  0.0  0.0  0.0  0.0  0.0  0.0  0.0  0.0  0.0  0.0  0.0  0.0  0.0  0.0
  0.0  0.0  0.0  0.0  5.1  0.0  0.0  0.0  0.0  0.0  0.0  0.0  0.0  0.0  0.0
  5.1  0.0  0.0  0.0  0.0  0.0  0.0  0.0  0.0  0.0  0.0  0.0  0.0  0.0  0.0
  5.1  0.0  0.0  5.1  5.1  0.0  5.1  0.0  0.0  0.0  0.0  0.0  0.0  0.0  0.0
  0.0  0.0  0.0  0.0  0.0  0.0  0.0 20.3 30.5 10.2 10.2  5.1 10.2  5.1  0.0
  0.0  5.1  0.0  0.0  0.0  0.0 15.2  5.1  5.1 30.5  0.0  5.1 10.2  0.0  0.0
    -18.06     -4.12     -0.37     -4.30      0.32  0.0  0.0  0.0  0.0  0.0
                                     t000313_s5_p7_el2ap.txt 33.8  5.0  222
  4.5  0.0  0.0 76.6  0.0  0.0  0.0  0.0  9.0  4.5  0.0  0.0  0.0  0.0  0.0
  4.5  0.0 22.5  0.0  0.0  0.0283.8139.6 63.1  4.5  4.5  9.0  4.5  0.0 13.5
  0.0  4.5  0.0  0.0 18.0 27.0  4.5  0.0  0.0  0.0  4.5  9.0  0.0 22.5  4.5
  4.5 22.5  9.0  0.0  0.0 27.0 27.0 31.5  0.0 13.5 67.6 13.5  9.0103.6  9.0
  0.0  0.0  0.0  0.0  0.0  0.0  0.0  0.0  0.0  0.0  0.0  0.0  0.0  0.0  0.0
  0.0  0.0  0.0  0.0  0.0  9.0  4.5  0.0  0.0  0.0  0.0  0.0  4.5  0.0  0.0
  0.0  0.0  0.0  4.5  0.0  0.0  0.0  0.0  0.0  0.0  0.0  0.0  0.0  0.0  0.0
 13.5  0.0  4.5 18.0  4.5  0.0  4.5  0.0  0.0  0.0  0.0  0.0  0.0  0.0  0.0
  0.0  0.0  0.0  0.0  0.0  0.0  0.0  9.0  0.0  4.5  9.0  4.5 13.5  4.5  0.0
  0.0  0.0  4.5  0.0  0.0  0.0  4.5  0.0  4.5 13.5  0.0  9.0 18.0  0.0  0.0
    -16.11     -2.81      2.56     -0.86      4.70  0.0  0.0  0.0  0.0  0.0
                                     t000313_s5_p8_el2ap.txt 29.0  4.8  161
  0.0  0.0  0.0 18.6  0.0  0.0  0.0  0.0  0.0  0.0  0.0  0.0  0.0  0.0  0.0
  0.0  0.0  6.2 18.6  0.0  0.0409.9136.6 24.8 31.1  6.2  6.2  6.2  0.0  0.0
  0.0  0.0  0.0  6.2  0.0 18.6 12.4  0.0  0.0  0.0  0.0 12.4  0.0  6.2  6.2
  0.0  0.0  6.2  0.0  0.0  6.2 18.6 12.4  0.0  0.0 31.1  6.2  0.0 62.1  6.2
  0.0  0.0  0.0  0.0  0.0  0.0  0.0  0.0  0.0  0.0  0.0  0.0  0.0  0.0  0.0
  0.0  0.0  0.0  6.2  0.0  0.0  0.0  0.0  0.0  0.0  0.0  0.0  0.0  0.0  0.0
  0.0  0.0  0.0  0.0  0.0  0.0  0.0  0.0  0.0 12.4  0.0  0.0  0.0  6.2  0.0
  6.2  0.0  0.0  6.2  0.0  0.0 12.4  6.2  0.0  0.0  0.0  0.0  0.0  0.0  0.0
  0.0  0.0  0.0  0.0  0.0  0.0  0.0 55.9  0.0 12.4  0.0  6.2  0.0  0.0  0.0
  0.0  0.0  0.0  0.0  6.2  0.0  6.2  0.0 12.4 12.4  0.0  0.0  0.0  0.0  0.0
    -22.68     -2.09     -1.86     -1.64      2.09  0.0  0.0  0.0  0.0  0.0
                                     t000313_s5_p9_el2ap.txt 30.5  4.9  278
 14.4  0.0  0.0 64.7  0.0  0.0  3.6  0.0 10.8  3.6  0.0  0.0  0.0  3.6  0.0
  0.0  0.0  3.6  3.6  0.0  0.0374.1122.3 36.0  7.2  3.6 10.8  7.2  0.0  3.6
  0.0  0.0  0.0  0.0  3.6 36.0  3.6  0.0  0.0  0.0  0.0  3.6 14.4  7.2  0.0
  0.0  0.0 14.4  7.2  0.0  3.6  3.6  7.2  0.0  3.6 71.9 14.4  7.2 82.7  3.6
  3.6  0.0  0.0  0.0  0.0  0.0  0.0  0.0  0.0  0.0  0.0  0.0  0.0  0.0  0.0
  0.0  0.0  0.0  0.0  0.0  3.6  3.6  0.0  0.0  0.0  0.0  0.0  0.0  0.0  0.0
  0.0  0.0  0.0  0.0  0.0  0.0  0.0  3.6  0.0  3.6  0.0  0.0  3.6  0.0  0.0
  7.2  0.0  0.0  7.2  0.0  3.6  7.2  3.6  0.0  0.0  0.0  0.0  0.0  0.0  0.0
  0.0  0.0  0.0  0.0  0.0  0.0  0.0 39.6  7.2  7.2 25.2  0.0  7.2  3.6  0.0
  0.0  3.6  0.0  0.0  3.6  3.6  7.2 10.8  3.6 10.8  0.0  0.0  3.6  0.0  0.0
    -19.79     -1.92     -0.33     -5.17      6.46  3.6  0.0  0.0  0.0  0.0
                                     t000313_s8_p1_el2ap.txt 18.0  4.5  102
  9.8  0.0  0.0 19.6  0.0  0.0  0.0 19.6  0.0  9.8  0.0  0.0  0.0  0.0  0.0
  9.8  0.0  0.0  0.0  0.0  0.0352.9127.5 58.8  0.0  0.0  9.8  0.0  0.0  0.0
  0.0  0.0  0.0  0.0  0.0  9.8  0.0  0.0  0.0  0.0  0.0  0.0  0.0  0.0  0.0
  0.0  9.8  9.8  0.0  0.0  0.0  9.8  0.0  0.0  0.0 68.6  0.0  0.0 39.2  0.0
  0.0  0.0  0.0  0.0  0.0  0.0  0.0  0.0  0.0  0.0  0.0  0.0  0.0  0.0  0.0
  0.0  0.0  0.0  0.0  0.0  0.0  9.8  0.0  0.0  0.0  0.0  0.0  0.0  0.0  0.0
  0.0  0.0  0.0  0.0  0.0  0.0  0.0  0.0  0.0  0.0  0.0  0.0  0.0  0.0  0.0
  9.8  0.0  0.0  9.8  0.0  0.0  0.0  0.0  0.0  0.0  0.0  0.0  0.0  0.0  0.0
  0.0  0.0  0.0  0.0  0.0  0.0  0.0 58.8  0.0  0.0  9.8  9.8  9.8 19.6  0.0
  0.0  0.0  0.0  0.0  0.0 19.6  0.0  0.0  0.0  0.0  0.0  0.0  0.0  0.0  0.0
    -16.80     -3.84      0.42     -6.61     -3.63  0.0  0.0  0.0  0.0  0.0
                                     t000313_s8_p2_el2ap.txt 29.3  4.9  412
  7.3  0.0  0.0 19.4  0.0  0.0  0.0  4.9  0.0  0.0  0.0  0.0  0.0  0.0  0.0
  2.4  0.0  2.4  9.7  0.0  0.0368.9 89.8 48.5 21.8  2.4  2.4  4.9  2.4  0.0
  0.0  4.9  0.0  2.4  2.4  9.7  2.4  0.0  0.0  0.0  2.4  2.4  0.0  7.3  2.4
  0.0  0.0  4.9  0.0  4.9  4.9 14.6  9.7  0.0  2.4 85.0  2.4  0.0 48.5  2.4
  0.0  0.0  0.0  0.0  0.0  0.0  0.0  0.0  0.0  0.0  0.0  0.0  0.0  0.0  0.0
  0.0  0.0  0.0  0.0  0.0  2.4  0.0  0.0  0.0  0.0  0.0  0.0  0.0  2.4  0.0
  0.0  0.0  0.0  0.0  0.0  0.0  0.0  0.0  0.0  0.0  0.0  0.0  0.0  0.0  0.0
  2.4  0.0  2.4  4.9  0.0  0.0  0.0  0.0  0.0  0.0  0.0  0.0  0.0  0.0  0.0
  0.0  0.0  0.0  0.0  0.0  0.0  0.0  9.7  4.9  2.4  7.3  0.0  0.0  2.4  0.0
  0.0  2.4  2.4  0.0  0.0  7.3  9.7  7.3  2.4  9.7  4.9  2.4  4.9  2.4  0.0
    -21.32     -3.54      2.24     -4.48     -0.66  0.0  0.0  0.0  0.0  0.0
                                     t000313_s8_p3_el2ap.txt 29.0  4.6  188
  0.0  0.0  0.0 42.6  0.0  0.0  0.0  0.0  5.3 21.3  0.0  0.0  0.0  0.0  0.0
  0.0  0.0  0.0 16.0  0.0  0.0356.4 37.2 31.9  5.3  5.3  0.0  0.0  0.0  0.0
  0.0  0.0  0.0  0.0  0.0 16.0  5.3  0.0  0.0  0.0  0.0  5.3  5.3 10.6  0.0
  0.0  0.0  0.0  0.0  5.3  0.0 16.0 10.6  0.0  0.0 53.2 10.6  0.0 69.1  5.3
  5.3  0.0  0.0  0.0  0.0  0.0  0.0  0.0  0.0  0.0  0.0  0.0  0.0  0.0  0.0
  0.0  0.0  0.0  0.0  0.0  0.0  0.0  0.0  0.0  0.0  0.0  0.0  0.0  0.0  0.0
  0.0  0.0  0.0  0.0  0.0  0.0  0.0  0.0  0.0  0.0  5.3  0.0  0.0  0.0  0.0
  0.0  0.0  0.0  0.0  0.0  0.0  0.0  5.3  0.0  0.0  0.0  0.0  0.0  0.0  0.0
  0.0  0.0  0.0  0.0  0.0  0.0  0.0  0.0  5.3  0.0 10.6  5.3 10.6  0.0  0.0
  0.0  0.0  0.0  0.0  0.0  0.0  0.0  5.3  5.3  0.0  0.0  0.0  5.3  0.0  0.0
    -15.59     -5.32      0.07     -4.48      1.31  0.0  0.0  0.0  0.0  0.0
                                     t000313_s8_p4_el2ap.txt 17.5  5.4   93
 21.5  0.0  0.0 32.3  0.0  0.0  0.0 10.8  0.0  0.0  0.0  0.0  0.0  0.0  0.0
  0.0  0.0  0.0  0.0  0.0  0.0419.4139.8 86.0 21.5  0.0  0.0  0.0  0.0  0.0
  0.0  0.0  0.0  0.0  0.0 10.8  0.0  0.0  0.0  0.0  0.0  0.0  0.0  0.0  0.0
  0.0  0.0 10.8  0.0  0.0  0.0  0.0  0.0  0.0  0.0 96.8  0.0  0.0 75.3 21.5
  0.0  0.0  0.0  0.0  0.0  0.0  0.0  0.0  0.0  0.0  0.0  0.0  0.0  0.0  0.0
  0.0  0.0  0.0  0.0  0.0 10.8  0.0  0.0  0.0  0.0  0.0  0.0  0.0  0.0  0.0
  0.0  0.0  0.0  0.0  0.0  0.0  0.0  0.0  0.0  0.0  0.0  0.0  0.0  0.0  0.0
 10.8  0.0  0.0 10.8  0.0  0.0  0.0  0.0  0.0  0.0  0.0  0.0  0.0  0.0  0.0
  0.0  0.0  0.0  0.0  0.0  0.0  0.0 10.8 43.0  0.0 10.8  0.0 32.3  0.0  0.0
  0.0  0.0  0.0  0.0 10.8  0.0 10.8 10.8  0.0  0.0 10.8  0.0  0.0  0.0  0.0
    -28.59     -5.02      0.36     -6.61     -3.63  0.0  0.0  0.0  0.0  0.0
                                     t000313_s8_p5_el2ap.txt 31.3  4.8  366
  0.0  0.0  0.0 51.9  0.0  0.0  0.0  0.0  0.0  5.5  5.5  0.0  0.0  0.0  0.0
  2.7  0.0  2.7  8.2  0.0  0.0388.0125.7 49.2  8.2  0.0  5.5  0.0  2.7  2.7
  0.0  0.0  0.0  0.0  0.0 21.9 10.9  2.7  2.7  0.0  0.0  0.0  8.2  8.2  2.7
  0.0  2.7  0.0  0.0  5.5  5.5 10.9 10.9  0.0  5.5 71.0  0.0  2.7 68.3  0.0
  0.0  0.0  0.0  0.0  0.0  0.0  0.0  0.0  0.0  0.0  0.0  0.0  0.0  0.0  0.0
  0.0  0.0  0.0  0.0  0.0  0.0  2.7  0.0  0.0  0.0  0.0  0.0  0.0  0.0  0.0
  2.7  2.7  0.0  0.0  0.0  0.0  0.0  0.0  0.0  0.0  0.0  0.0  0.0  0.0  0.0
  2.7  0.0  0.0  2.7  5.5  0.0  5.5  0.0  0.0  0.0  0.0  0.0  0.0  0.0  0.0
  0.0  0.0  0.0  0.0  0.0  0.0  0.0 13.7  5.5  0.0 13.7  5.5 16.4  0.0  0.0
  0.0  2.7  0.0  0.0  0.0  0.0 10.9  5.5  2.7  5.5  0.0  8.2 10.9  0.0  0.0
    -22.72     -4.41      2.71     -5.07      4.84  0.0  2.7  0.0  0.0  0.0
                                     t000313_s8_p6_el2ap.txt 28.5  5.4  154
  6.5  0.0  0.0 32.5  0.0  0.0  0.0  0.0 19.5 13.0  6.5  0.0  0.0  0.0  0.0
  6.5  0.0 13.0 13.0  0.0  0.0396.1129.9110.4 13.0  0.0  0.0  6.5  0.0  0.0
  0.0  0.0  0.0  0.0  6.5 19.5 26.0  0.0  0.0  0.0  0.0  0.0  6.5  6.5  0.0
  0.0  6.5  0.0  0.0 13.0 13.0 19.5  6.5  0.0  0.0149.4 19.5  0.0 64.9  0.0
  6.5  0.0  0.0  0.0  0.0  0.0  0.0  0.0  0.0  0.0  0.0  0.0  0.0  0.0  0.0
  0.0  0.0  0.0  0.0  0.0  0.0  0.0  0.0  0.0  0.0  0.0  0.0  0.0  0.0  0.0
  0.0  0.0  0.0  0.0  0.0  0.0  0.0  0.0  0.0  0.0  0.0  0.0  0.0  0.0  0.0
  0.0  0.0  0.0  0.0  0.0  0.0  0.0  0.0  0.0  0.0  0.0  0.0  0.0  0.0  0.0
  0.0  0.0  0.0  0.0  0.0  0.0  0.0 51.9  6.5  6.5 19.5  0.0  0.0  6.5  0.0
  0.0  0.0  0.0  0.0  0.0  6.5  6.5  0.0 13.0  0.0  0.0  0.0 13.0  0.0  0.0
    -20.58     -4.10     -2.04     -6.61      1.42  0.0  0.0  0.0  0.0  0.0
                                     t000314_s1_p1_el2ap.txt 21.8  5.3  126
 15.9  0.0  0.0 79.4  0.0  0.0 23.8  0.0  0.0 15.9  7.9  0.0  0.0  0.0  0.0
  0.0  0.0 15.9  0.0  0.0  0.0309.5174.6 71.4  7.9  7.9  0.0  0.0  0.0  0.0
  0.0  7.9  0.0  0.0  0.0 15.9  7.9  0.0  0.0  0.0  0.0  7.9  7.9 23.8  0.0
  0.0  0.0  7.9  0.0  0.0 15.9  7.9 23.8  0.0  0.0 71.4  7.9  0.0 87.3  0.0
  0.0  0.0  0.0  0.0  0.0  0.0  0.0  0.0  0.0  0.0  0.0  0.0  0.0  0.0  0.0
  0.0  0.0  0.0  0.0  0.0  7.9  0.0  0.0  0.0  0.0  0.0  0.0  0.0  0.0  0.0
  0.0  0.0  0.0  0.0  0.0  0.0  0.0  0.0  0.0  0.0  0.0  0.0  0.0  0.0  0.0
  7.9  0.0  0.0  7.9  0.0  0.0  0.0  0.0  0.0  0.0  0.0  0.0  0.0  0.0  0.0
  0.0  0.0  0.0  0.0  0.0  0.0  0.0  0.0 23.8  7.9 15.9 15.9  0.0  0.0  7.9
  0.0 15.9  0.0  0.0  0.0  0.0  0.0 31.7  7.9  7.9  0.0  0.0  7.9  0.0  0.0
    -15.04     -5.11      3.01     -3.43      4.94  7.9  0.0  0.0  0.0  0.0
                                    t000314_s14_p1_el2ap.txt  4.5  4.3   19
  0.0  0.0  0.0 52.6  0.0  0.0  0.0  0.0  0.0  0.0  0.0  0.0  0.0  0.0  0.0
  0.0  0.0  0.0  0.0  0.0  0.0157.9210.5 52.6105.3  0.0  0.0  0.0  0.0  0.0
  0.0  0.0  0.0  0.0  0.0 52.6  0.0  0.0  0.0  0.0  0.0 52.6  0.0105.3  0.0
  0.0  0.0  0.0  0.0  0.0  0.0  0.0105.3  0.0  0.0 52.6  0.0  0.0105.3  0.0
  0.0  0.0  0.0  0.0  0.0  0.0  0.0  0.0  0.0  0.0  0.0  0.0  0.0  0.0  0.0
  0.0  0.0  0.0  0.0  0.0  0.0  0.0  0.0  0.0  0.0  0.0  0.0  0.0  0.0  0.0
  0.0  0.0  0.0  0.0  0.0  0.0  0.0  0.0  0.0  0.0  0.0  0.0  0.0  0.0  0.0
  0.0  0.0  0.0  0.0  0.0  0.0  0.0  0.0  0.0  0.0  0.0  0.0  0.0  0.0  0.0
  0.0  0.0  0.0  0.0  0.0  0.0  0.0  0.0  0.0  0.0  0.0  0.0  0.0  0.0  0.0
  0.0  0.0  0.0  0.0  0.0  0.0  0.0  0.0 52.6  0.0  0.0  0.0 52.6  0.0  0.0
    -23.50     -2.27     -2.02     14.45     12.32  0.0  0.0  0.0  0.0  0.0
                                    t000314_s14_p2_el2ap.txt 10.8  4.7   53
 18.9  0.0  0.0113.2  0.0  0.0  0.0  0.0  0.0 37.7  0.0  0.0  0.0  0.0  0.0
  0.0  0.0  0.0  0.0  0.0  0.0264.2 56.6 56.6 18.9  0.0  0.0  0.0  0.0  0.0
  0.0  0.0  0.0  0.0  0.0 37.7  0.0  0.0  0.0  0.0  0.0  0.0  0.0 75.5 18.9
  0.0  0.0  0.0  0.0  0.0  0.0  0.0 94.3  0.0  0.0 56.6  0.0  0.0169.8 18.9
 18.9  0.0  0.0  0.0  0.0  0.0  0.0  0.0  0.0  0.0  0.0  0.0  0.0  0.0  0.0
  0.0  0.0  0.0  0.0  0.0  0.0  0.0  0.0  0.0  0.0  0.0  0.0  0.0  0.0  0.0
  0.0  0.0  0.0  0.0  0.0  0.0  0.0  0.0  0.0  0.0  0.0  0.0  0.0  0.0  0.0
  0.0  0.0  0.0  0.0  0.0  0.0  0.0  0.0  0.0  0.0  0.0  0.0  0.0  0.0  0.0
  0.0  0.0  0.0  0.0  0.0  0.0  0.0  0.0 18.9  0.0 18.9 18.9  0.0 37.7  0.0
  0.0  0.0 18.9  0.0  0.0  0.0  0.0 37.7  0.0 37.7  0.0  0.0 18.9  0.0  0.0
    -12.60     -5.11     -1.17     -6.61     22.32  0.0  0.0  0.0  0.0  0.0
                                    t000314_s20_p1_el2ap.txt  7.0  5.2   33
  0.0  0.0  0.0 30.3  0.0  0.0  0.0  0.0  0.0  0.0  0.0  0.0  0.0  0.0  0.0
  0.0  0.0  0.0  0.0  0.0  0.0303.0212.1 90.9 30.3  0.0  0.0  0.0  0.0  0.0
  0.0  0.0  0.0  0.0  0.0 60.6  0.0  0.0  0.0  0.0  0.0  0.0  0.0 30.3 30.3
  0.0  0.0  0.0  0.0  0.0  0.0  0.0 60.6  0.0  0.0 90.9  0.0  0.0 90.9  0.0
  0.0  0.0  0.0  0.0  0.0  0.0  0.0  0.0  0.0  0.0  0.0  0.0  0.0  0.0  0.0
  0.0  0.0  0.0  0.0  0.0  0.0  0.0  0.0  0.0  0.0  0.0  0.0  0.0  0.0  0.0
  0.0  0.0  0.0  0.0  0.0  0.0  0.0  0.0  0.0  0.0  0.0  0.0  0.0  0.0  0.0
  0.0  0.0  0.0  0.0  0.0  0.0  0.0  0.0  0.0  0.0  0.0  0.0  0.0  0.0  0.0
  0.0  0.0  0.0  0.0  0.0  0.0  0.0  0.0 30.3  0.0  0.0  0.0  0.0  0.0  0.0
  0.0  0.0  0.0  0.0  0.0  0.0  0.0 30.3  0.0  0.0  0.0  0.0  0.0  0.0  0.0
    -32.49     -4.73     -2.47     -6.61     24.28  0.0  0.0  0.0  0.0  0.0
                                    t000314_s20_p2_el2ap.txt  3.3  4.9   16
  0.0  0.0  0.0 62.5  0.0  0.0  0.0  0.0  0.0  0.0  0.0  0.0  0.0  0.0  0.0
  0.0  0.0  0.0  0.0  0.0  0.0312.5187.5  0.0  0.0  0.0 62.5  0.0  0.0  0.0
  0.0  0.0  0.0  0.0  0.0  0.0  0.0  0.0  0.0  0.0  0.0  0.0  0.0  0.0  0.0
  0.0  0.0  0.0  0.0  0.0  0.0  0.0  0.0  0.0  0.0  0.0  0.0  0.0 62.5  0.0
  0.0  0.0  0.0  0.0  0.0  0.0  0.0  0.0  0.0  0.0  0.0  0.0  0.0  0.0  0.0
  0.0  0.0  0.0  0.0  0.0  0.0  0.0  0.0  0.0  0.0  0.0  0.0  0.0  0.0  0.0
  0.0  0.0  0.0  0.0  0.0  0.0  0.0  0.0  0.0  0.0  0.0  0.0  0.0  0.0  0.0
  0.0  0.0  0.0  0.0  0.0  0.0  0.0  0.0  0.0  0.0  0.0  0.0  0.0  0.0  0.0
  0.0  0.0  0.0  0.0  0.0  0.0  0.0  0.0  0.0  0.0  0.0  0.0  0.0  0.0  0.0
  0.0  0.0  0.0  0.0  0.0  0.0  0.0 62.5  0.0  0.0  0.0  0.0  0.0  0.0  0.0
    -25.40      6.29      0.97     -6.61     -3.63  0.0  0.0  0.0  0.0  0.0
                                    t000314_s20_p3_el2ap.txt  3.3  4.9   13
  0.0  0.0  0.0153.8  0.0  0.0  0.0  0.0  0.0  0.0  0.0  0.0  0.0  0.0  0.0
  0.0  0.0  0.0  0.0  0.0  0.0307.7 76.9153.8  0.0  0.0  0.0  0.0  0.0  0.0
  0.0  0.0  0.0  0.0  0.0  0.0  0.0  0.0  0.0  0.0  0.0  0.0  0.0  0.0  0.0
  0.0  0.0  0.0  0.0  0.0  0.0  0.0  0.0  0.0  0.0153.8  0.0  0.0153.8  0.0
 76.9  0.0  0.0  0.0  0.0  0.0  0.0  0.0  0.0  0.0  0.0  0.0  0.0  0.0  0.0
  0.0  0.0  0.0  0.0  0.0  0.0  0.0  0.0  0.0  0.0  0.0  0.0  0.0  0.0  0.0
  0.0  0.0  0.0  0.0  0.0  0.0  0.0  0.0  0.0  0.0  0.0  0.0  0.0  0.0  0.0
  0.0  0.0  0.0  0.0  0.0  0.0  0.0  0.0  0.0  0.0  0.0  0.0  0.0  0.0  0.0
  0.0  0.0  0.0  0.0  0.0  0.0  0.0  0.0  0.0  0.0  0.0 76.9  0.0  0.0  0.0
  0.0  0.0  0.0  0.0  0.0  0.0  0.0 76.9  0.0  0.0  0.0  0.0  0.0  0.0  0.0
    -26.40     -5.73      0.97     -6.61     -3.63  0.0  0.0  0.0  0.0  0.0
                                    t000314_s20_p4_el2ap.txt 15.5  4.5   82
  0.0  0.0  0.0122.0  0.0  0.0 12.2  0.0  0.0 36.6  0.0 12.2  0.0 12.2  0.0
 12.2  0.0  0.0  0.0  0.0  0.0182.9134.1 24.4 12.2  0.0  0.0 12.2  0.0  0.0
  0.0  0.0  0.0  0.0 12.2 12.2  0.0  0.0 12.2  0.0 12.2  0.0  0.0 24.4  0.0
  0.0  0.0  0.0  0.0 48.8 12.2 12.2 24.4  0.0  0.0 73.2  0.0 12.2134.1  0.0
  0.0 12.2  0.0  0.0  0.0  0.0  0.0  0.0  0.0  0.0  0.0  0.0  0.0  0.0  0.0
  0.0  0.0  0.0  0.0  0.0  0.0  0.0  0.0 12.2  0.0  0.0  0.0  0.0  0.0  0.0
  0.0  0.0  0.0  0.0  0.0  0.0  0.0  0.0 12.2  0.0  0.0  0.0  0.0  0.0  0.0
  0.0 12.2  0.0 12.2  0.0 12.2 12.2  0.0  0.0  0.0  0.0  0.0  0.0  0.0  0.0
  0.0  0.0  0.0  0.0  0.0  0.0  0.0  0.0  0.0  0.0 24.4  0.0  0.0  0.0  0.0
  0.0 12.2  0.0  0.0  0.0  0.0  0.0  0.0  0.0 12.2  0.0 12.2 12.2  0.0  0.0
      7.49     -3.07     -3.31      3.14      0.07  0.0  0.0  0.0  0.0  0.0
                                    t000314_s20_p5_el2ap.txt  3.3  4.2   14
  0.0  0.0  0.0 71.4  0.0  0.0  0.0  0.0  0.0  0.0  0.0  0.0  0.0  0.0  0.0
  0.0  0.0  0.0  0.0  0.0  0.0357.1 71.4 71.4  0.0  0.0  0.0  0.0  0.0  0.0
  0.0  0.0  0.0  0.0  0.0  0.0  0.0  0.0  0.0  0.0  0.0  0.0  0.0  0.0  0.0
  0.0  0.0  0.0  0.0  0.0  0.0  0.0  0.0  0.0  0.0 71.4  0.0  0.0 71.4  0.0
  0.0  0.0  0.0  0.0  0.0  0.0  0.0  0.0  0.0  0.0  0.0  0.0  0.0  0.0  0.0
  0.0  0.0  0.0  0.0  0.0  0.0  0.0  0.0  0.0  0.0  0.0  0.0  0.0  0.0  0.0
  0.0  0.0  0.0  0.0  0.0  0.0  0.0  0.0  0.0  0.0  0.0  0.0  0.0  0.0  0.0
  0.0  0.0  0.0  0.0  0.0  0.0  0.0  0.0  0.0  0.0  0.0  0.0  0.0  0.0  0.0
  0.0  0.0  0.0  0.0  0.0  0.0  0.0  0.0  0.0 71.4  0.0 71.4 71.4  0.0  0.0
  0.0  0.0  0.0  0.0  0.0  0.0  0.0  0.0  0.0  0.0  0.0  0.0  0.0  0.0  0.0
    -23.82     -5.73      0.97     -6.61     -3.63  0.0  0.0  0.0  0.0  0.0
                                    t000314_s20_p6_el2ap.txt  5.3  4.6   23
  0.0  0.0  0.0 87.0  0.0  0.0  0.0  0.0  0.0  0.0  0.0  0.0  0.0  0.0  0.0
  0.0  0.0  0.0 43.5  0.0  0.0347.8 87.0 43.5  0.0  0.0  0.0  0.0  0.0  0.0
  0.0  0.0  0.0  0.0  0.0 43.5  0.0  0.0  0.0  0.0  0.0  0.0 43.5 43.5  0.0
  0.0  0.0  0.0  0.0  0.0  0.0 43.5 43.5  0.0  0.0 43.5  0.0  0.0 87.0  0.0
  0.0  0.0  0.0  0.0  0.0  0.0  0.0  0.0  0.0  0.0  0.0  0.0  0.0  0.0  0.0
  0.0  0.0  0.0  0.0  0.0  0.0  0.0  0.0  0.0  0.0  0.0  0.0  0.0  0.0  0.0
  0.0  0.0  0.0  0.0  0.0  0.0  0.0  0.0  0.0  0.0  0.0  0.0  0.0  0.0  0.0
  0.0  0.0  0.0  0.0  0.0  0.0  0.0  0.0  0.0  0.0  0.0  0.0  0.0  0.0  0.0
  0.0  0.0  0.0  0.0  0.0  0.0  0.0  0.0  0.0  0.0  0.0 43.5  0.0  0.0  0.0
  0.0  0.0  0.0  0.0 43.5  0.0  0.0  0.0  0.0 43.5  0.0  0.0  0.0 43.5  0.0
    -14.05     -5.73     -1.50     -6.61     30.14  0.0  0.0  0.0  0.0  0.0
                                    t000314_s20_p7_el2ap.txt  7.5  5.3   38
 26.3  0.0  0.0 78.9  0.0  0.0  0.0  0.0  0.0  0.0  0.0 26.3  0.0  0.0  0.0
  0.0  0.0  0.0  0.0  0.0  0.0289.5210.5 26.3 26.3  0.0  0.0  0.0  0.0  0.0
  0.0  0.0  0.0  0.0  0.0 26.3  0.0  0.0  0.0  0.0  0.0  0.0  0.0  0.0  0.0
  0.0  0.0  0.0  0.0  0.0  0.0 26.3  0.0  0.0  0.0 26.3  0.0  0.0 78.9  0.0
  0.0  0.0  0.0  0.0  0.0  0.0  0.0  0.0  0.0  0.0  0.0  0.0  0.0  0.0  0.0
  0.0  0.0  0.0  0.0  0.0  0.0  0.0  0.0  0.0  0.0  0.0  0.0  0.0  0.0  0.0
  0.0  0.0  0.0  0.0  0.0  0.0  0.0  0.0  0.0  0.0  0.0  0.0  0.0  0.0  0.0
  0.0  0.0  0.0  0.0  0.0  0.0  0.0  0.0  0.0  0.0  0.0  0.0  0.0  0.0  0.0
  0.0  0.0  0.0  0.0  0.0  0.0  0.0  0.0  0.0 26.3  0.0  0.0  0.0 26.3  0.0
  0.0 26.3  0.0  0.0  0.0  0.0  0.0  0.0 26.3 26.3  0.0  0.0 26.3  0.0  0.0
     -9.58     -4.86     -0.52     -6.61     -3.63  0.0  0.0  0.0  0.0  0.0
                                     t000314_s4_p1_el2ap.txt 10.0  4.9   50
  0.0  0.0  0.0 80.0  0.0  0.0 20.0  0.0  0.0 20.0 20.0  0.0  0.0  0.0  0.0
  0.0  0.0 20.0  0.0  0.0  0.0280.0140.0 40.0 20.0  0.0  0.0  0.0  0.0  0.0
  0.0  0.0  0.0  0.0  0.0 20.0 20.0  0.0  0.0  0.0  0.0  0.0 20.0 20.0  0.0
  0.0 20.0  0.0  0.0  0.0 20.0 20.0 20.0  0.0  0.0 40.0  0.0  0.0100.0  0.0
  0.0  0.0  0.0  0.0  0.0  0.0  0.0  0.0  0.0  0.0  0.0  0.0  0.0  0.0  0.0
  0.0  0.0  0.0  0.0  0.0  0.0  0.0  0.0  0.0  0.0  0.0  0.0  0.0  0.0  0.0
  0.0  0.0  0.0  0.0  0.0  0.0  0.0  0.0  0.0  0.0  0.0  0.0  0.0  0.0  0.0
  0.0  0.0  0.0  0.0  0.0  0.0  0.0  0.0  0.0  0.0  0.0  0.0  0.0  0.0  0.0
  0.0  0.0  0.0  0.0  0.0  0.0  0.0  0.0  0.0 20.0 40.0  0.0  0.0  0.0 20.0
  0.0 20.0  0.0  0.0  0.0  0.0  0.0  0.0 20.0 20.0  0.0  0.0 20.0  0.0  0.0
     -9.44     -5.07     -0.16     -6.61     11.90 20.0  0.0  0.0  0.0  0.0
                                     t000314_s4_p2_el2ap.txt  5.0  5.6   22
 45.5  0.0  0.0 90.9  0.0  0.0  0.0  0.0  0.0  0.0  0.0  0.0  0.0  0.0  0.0
  0.0  0.0 90.9  0.0  0.0  0.0272.7 90.9  0.0 90.9  0.0  0.0  0.0  0.0  0.0
  0.0  0.0  0.0  0.0 45.5 90.9  0.0  0.0  0.0  0.0  0.0  0.0 45.5  0.0  0.0
  0.0  0.0  0.0  0.0  0.0 90.9  0.0  0.0  0.0  0.0  0.0  0.0  0.0136.4  0.0
  0.0  0.0  0.0  0.0  0.0  0.0  0.0  0.0  0.0  0.0  0.0  0.0  0.0  0.0  0.0
  0.0  0.0  0.0  0.0  0.0  0.0  0.0  0.0  0.0  0.0  0.0  0.0  0.0  0.0  0.0
  0.0  0.0  0.0  0.0  0.0  0.0  0.0  0.0  0.0  0.0  0.0  0.0  0.0  0.0  0.0
  0.0  0.0  0.0  0.0  0.0  0.0  0.0  0.0  0.0  0.0  0.0  0.0  0.0  0.0  0.0
  0.0  0.0  0.0  0.0  0.0  0.0  0.0  0.0136.4  0.0  0.0  0.0  0.0  0.0  0.0
  0.0  0.0  0.0  0.0  0.0  0.0  0.0  0.0 45.5 45.5  0.0 45.5  0.0  0.0  0.0
      9.06     -2.74    -17.56     -6.61     24.78  0.0  0.0  0.0  0.0  0.0
                                     t000314_s8_p1_el2ap.txt  8.8  6.4   36
  0.0  0.0  0.0 83.3  0.0  0.0  0.0  0.0  0.0 55.6  0.0  0.0  0.0  0.0  0.0
  0.0  0.0  0.0  0.0  0.0  0.0472.2 27.8111.1  0.0  0.0  0.0  0.0  0.0  0.0
  0.0  0.0  0.0  0.0  0.0  0.0  0.0  0.0  0.0  0.0  0.0  0.0  0.0  0.0  0.0
  0.0  0.0  0.0  0.0  0.0  0.0  0.0  0.0  0.0  0.0111.1  0.0  0.0 83.3  0.0
  0.0  0.0  0.0  0.0  0.0  0.0  0.0  0.0  0.0  0.0  0.0  0.0  0.0  0.0  0.0
  0.0  0.0  0.0  0.0  0.0  0.0  0.0  0.0  0.0  0.0  0.0  0.0  0.0  0.0  0.0
  0.0  0.0  0.0  0.0  0.0  0.0  0.0  0.0  0.0  0.0  0.0  0.0  0.0  0.0  0.0
  0.0  0.0  0.0  0.0  0.0  0.0  0.0  0.0  0.0  0.0  0.0  0.0  0.0  0.0  0.0
  0.0  0.0  0.0  0.0  0.0  0.0  0.0  0.0  0.0  0.0  0.0  0.0  0.0  0.0  0.0
  0.0  0.0  0.0  0.0  0.0 27.8  0.0  0.0  0.0  0.0  0.0  0.0  0.0  0.0  0.0
    -24.71     -5.73      0.97     -6.61     -3.63  0.0  0.0  0.0  0.0  0.0
                                     t000314_s8_p2_el2ap.txt  7.8  4.9   39
  0.0  0.0  0.0 76.9  0.0  0.0  0.0  0.0  0.0  0.0  0.0  0.0  0.0  0.0  0.0
  0.0  0.0  0.0  0.0  0.0  0.0282.1179.5 76.9  0.0  0.0 51.3  0.0  0.0  0.0
 25.6 25.6  0.0  0.0  0.0  0.0  0.0  0.0  0.0  0.0  0.0  0.0  0.0 76.9  0.0
  0.0  0.0  0.0  0.0 25.6  0.0 25.6 76.9  0.0 25.6102.6  0.0  0.0102.6  0.0
  0.0  0.0  0.0  0.0  0.0  0.0  0.0  0.0  0.0  0.0  0.0  0.0  0.0  0.0  0.0
  0.0  0.0  0.0  0.0  0.0  0.0  0.0  0.0  0.0  0.0  0.0  0.0  0.0  0.0  0.0
  0.0  0.0  0.0  0.0  0.0  0.0  0.0  0.0  0.0  0.0  0.0  0.0  0.0  0.0  0.0
  0.0  0.0  0.0  0.0  0.0  0.0  0.0  0.0  0.0  0.0  0.0  0.0  0.0  0.0  0.0
  0.0  0.0  0.0  0.0  0.0  0.0  0.0  0.0 76.9  0.0  0.0  0.0  0.0 51.3  0.0
  0.0  0.0  0.0  0.0  0.0  0.0  0.0 76.9  0.0 25.6  0.0  0.0  0.0  0.0  0.0
    -27.87      4.13     33.78     -6.61      8.03  0.0  0.0  0.0  0.0  0.0
