                                     t000098_s14_p1_qjpp.txt 35.0  5.3  724
  1.4  0.0  0.0  6.9  0.0  0.0  0.0  0.0  0.0  0.0  0.0  0.0  0.0  0.0  0.0
  0.0  0.0  0.0  1.4  0.0  0.0614.6 27.6 37.3  0.0  0.0  0.0  0.0  0.0  0.0
  0.0  0.0  0.0  0.0  0.0  0.0  1.4  0.0  0.0  0.0  0.0  0.0  0.0  0.0  0.0
  1.4  0.0  0.0  0.0  0.0  0.0  1.4  1.4  0.0  0.0 55.2  0.0  0.0 16.6  0.0
  0.0  0.0  0.0  0.0  0.0  0.0  0.0  0.0  0.0  0.0  0.0  0.0  0.0  0.0  0.0
  0.0  0.0  0.0  0.0  0.0  0.0  0.0  0.0  0.0  0.0  0.0  0.0  0.0  0.0  0.0
  0.0  0.0  0.0  0.0  0.0  0.0  0.0  0.0  0.0  0.0  0.0  0.0  0.0  0.0  0.0
  0.0  0.0  0.0  0.0  0.0  0.0  0.0  0.0  0.0  0.0  0.0  0.0  0.0  0.0  0.0
  0.0  0.0  0.0  0.0  0.0  0.0  0.0  1.4  4.1  0.0  2.8 18.0  4.1  2.8  0.0
  0.0  1.4  0.0  0.0  0.0  0.0  1.4  4.1  0.0  1.4  0.0  0.0  1.4  0.0  0.0
    -31.67     -5.73      0.97     -6.61     -3.18  0.0  0.0  1.4  0.0  0.0
                                    t000098_s14_p10_qjpp.txt 16.8  4.4   79
  0.0  0.0  0.0  0.0  0.0  0.0  0.0  0.0  0.0  0.0  0.0  0.0  0.0  0.0  0.0
  0.0  0.0  0.0  0.0  0.0  0.0594.9 63.3  0.0 38.0  0.0  0.0  0.0  0.0  0.0
  0.0  0.0  0.0  0.0  0.0 12.7  0.0  0.0  0.0  0.0  0.0 12.7  0.0 12.7 12.7
  0.0  0.0  0.0  0.0  0.0  0.0  0.0 25.3  0.0  0.0  0.0  0.0  0.0 38.0  0.0
  0.0  0.0  0.0  0.0  0.0  0.0  0.0  0.0  0.0  0.0  0.0  0.0  0.0  0.0  0.0
  0.0  0.0  0.0  0.0  0.0  0.0  0.0  0.0  0.0  0.0  0.0  0.0  0.0  0.0  0.0
  0.0  0.0  0.0  0.0  0.0  0.0  0.0  0.0  0.0  0.0  0.0  0.0  0.0  0.0  0.0
  0.0  0.0  0.0  0.0  0.0  0.0  0.0  0.0  0.0  0.0  0.0  0.0  0.0  0.0  0.0
  0.0  0.0  0.0  0.0  0.0  0.0  0.0  0.0 12.7  0.0 12.7 12.7  0.0  0.0  0.0
  0.0  0.0  0.0  0.0  0.0  0.0  0.0 12.7  0.0  0.0  0.0  0.0  0.0  0.0  0.0
    -28.84     -4.48      0.25     -1.54      8.03  0.0  0.0  0.0  0.0  0.0
                                    t000098_s14_p11_qjpp.txt 31.3  5.5  291
  0.0  0.0  0.0  6.9  0.0  0.0  0.0  0.0  0.0  0.0  0.0  0.0  0.0  0.0  0.0
  0.0  0.0  0.0 10.3  0.0  0.0536.1 68.7 24.1 37.8  0.0  0.0  0.0  0.0  0.0
  0.0  0.0  0.0  3.4  3.4  3.4  6.9  0.0  0.0  0.0  0.0  0.0  0.0 17.2  6.9
  3.4  0.0  0.0  0.0  0.0  0.0 10.3 27.5  0.0  0.0 30.9  0.0  0.0 72.2  3.4
  0.0  0.0  0.0  0.0  0.0  0.0  0.0  0.0  0.0  0.0  0.0  0.0  0.0  0.0  0.0
  0.0  0.0  0.0  0.0  0.0  0.0  0.0  0.0  0.0  0.0  0.0  0.0  0.0  0.0  0.0
  0.0  0.0  0.0  0.0  0.0  0.0  0.0  0.0  0.0  0.0  0.0  0.0  0.0  0.0  0.0
  0.0  0.0  0.0  0.0  0.0  0.0  0.0  0.0  0.0  0.0  0.0  0.0  0.0  0.0  0.0
  0.0  0.0  0.0  0.0  0.0  0.0  0.0  0.0  3.4  0.0  3.4  6.9  0.0  3.4  0.0
  0.0  0.0  0.0  0.0  0.0  0.0  0.0 10.3  0.0  0.0  0.0  0.0  3.4  0.0  0.0
    -29.07     -4.48     -1.21     -6.61      5.37  0.0  0.0  0.0  0.0  0.0
                                    t000098_s14_p12_qjpp.txt 22.8  6.1  149
  0.0  0.0  0.0  0.0  0.0  0.0  0.0  0.0  0.0 13.4  0.0  0.0  0.0  0.0  0.0
  0.0  0.0  0.0  0.0  0.0  0.0449.7 73.8 13.4 47.0  0.0  0.0  0.0  0.0 13.4
  0.0  0.0  0.0  0.0 13.4  6.7 13.4  0.0  0.0  0.0  0.0  0.0  6.7  0.0  6.7
  0.0  0.0  0.0  0.0  0.0  0.0  0.0  6.7  0.0 13.4 20.1  0.0  0.0 80.5  0.0
  0.0  0.0  0.0  0.0  0.0  0.0  0.0  0.0  0.0  0.0  0.0  0.0  0.0  0.0  0.0
  0.0  0.0  0.0  0.0  0.0  0.0  0.0  0.0  0.0  0.0  0.0  0.0  0.0  0.0  0.0
  0.0  0.0  0.0  0.0  0.0  0.0  0.0  0.0  0.0  0.0  0.0  0.0  0.0  0.0  0.0
  0.0  0.0  0.0  0.0  0.0  0.0  0.0  0.0  0.0  0.0  0.0  0.0  0.0  0.0  0.0
  0.0  0.0  0.0  0.0  0.0  0.0  0.0  0.0  0.0  0.0  0.0  0.0  0.0  0.0  0.0
  0.0  0.0  0.0  0.0  0.0 13.4  0.0 20.1  0.0  0.0  0.0  0.0  0.0  0.0  0.0
    -28.43     -4.18      3.36     -6.61      5.73  0.0  0.0  0.0  0.0  0.0
                                    t000098_s14_p13_qjpp.txt 23.0  7.1  145
  0.0  0.0  0.0 20.7  0.0  0.0  0.0  0.0  0.0  0.0  0.0  0.0  0.0  0.0  0.0
  0.0  0.0  0.0  6.9  0.0  0.0475.9 82.8 41.4 34.5  0.0  0.0  0.0  0.0  6.9
  0.0  0.0  0.0  0.0  0.0  6.9  6.9  0.0  0.0  0.0  0.0  0.0  0.0 27.6  6.9
  0.0  0.0  0.0  0.0  0.0  0.0  6.9 34.5  0.0  6.9 48.3  0.0  0.0 82.8  0.0
  0.0  0.0  0.0  0.0  0.0  0.0  0.0  0.0  0.0  0.0  0.0  0.0  0.0  0.0  0.0
  0.0  0.0  0.0  0.0  0.0  0.0  0.0  0.0  0.0  0.0  0.0  0.0  0.0  0.0  0.0
  0.0  0.0  0.0  0.0  0.0  0.0  0.0  0.0  0.0  0.0  6.9  0.0  0.0  0.0  0.0
  0.0  0.0  0.0  0.0  0.0  0.0  0.0  6.9  0.0  0.0  0.0  0.0  0.0  0.0  0.0
  0.0  0.0  0.0  0.0  0.0  0.0  0.0  6.9  6.9  0.0  0.0  6.9  0.0  0.0  0.0
  0.0  0.0 13.8  0.0  0.0 13.8  0.0 13.8  0.0  0.0  0.0  0.0  6.9  0.0  0.0
    -33.20     -4.59      4.03     -6.61      5.86  0.0  0.0  0.0  0.0  0.0
                                    t000098_s14_p14_qjpp.txt  7.8  5.6   33
  0.0  0.0  0.0 90.9  0.0  0.0  0.0  0.0  0.0  0.0  0.0  0.0  0.0  0.0  0.0
  0.0  0.0  0.0  0.0  0.0  0.0515.2151.5  0.0 60.6  0.0  0.0  0.0  0.0  0.0
  0.0  0.0  0.0  0.0  0.0  0.0  0.0  0.0  0.0  0.0  0.0  0.0  0.0  0.0  0.0
  0.0  0.0  0.0  0.0  0.0  0.0  0.0  0.0  0.0  0.0  0.0  0.0  0.0151.5  0.0
  0.0  0.0  0.0  0.0  0.0  0.0  0.0  0.0  0.0  0.0  0.0  0.0  0.0  0.0  0.0
  0.0  0.0  0.0  0.0  0.0  0.0  0.0  0.0  0.0  0.0  0.0  0.0  0.0  0.0  0.0
  0.0  0.0  0.0  0.0  0.0  0.0  0.0  0.0  0.0  0.0  0.0  0.0  0.0  0.0  0.0
  0.0  0.0  0.0  0.0  0.0  0.0  0.0  0.0  0.0  0.0  0.0  0.0  0.0  0.0  0.0
  0.0  0.0  0.0  0.0  0.0  0.0  0.0  0.0  0.0  0.0  0.0  0.0  0.0  0.0  0.0
  0.0  0.0  0.0  0.0  0.0  0.0  0.0  0.0 30.3  0.0  0.0  0.0  0.0  0.0  0.0
    -30.60     -3.73      0.97     -6.61     -3.63  0.0  0.0  0.0  0.0  0.0
                                    t000098_s14_p15_qjpp.txt 18.0  4.9   91
 11.0  0.0  0.0 22.0  0.0  0.0  0.0  0.0  0.0  0.0  0.0  0.0  0.0  0.0  0.0
  0.0  0.0  0.0 11.0  0.0  0.0450.5 87.9 54.9 65.9 11.0  0.0  0.0  0.0  0.0
  0.0  0.0  0.0  0.0  0.0 44.0  0.0  0.0  0.0  0.0  0.0  0.0  0.0 33.0  0.0
  0.0  0.0  0.0  0.0 11.0  0.0 11.0 33.0  0.0  0.0 65.9 11.0  0.0 98.9 22.0
  0.0  0.0  0.0  0.0  0.0  0.0  0.0  0.0  0.0  0.0  0.0  0.0  0.0  0.0  0.0
  0.0  0.0  0.0  0.0  0.0  0.0  0.0  0.0  0.0  0.0  0.0  0.0  0.0  0.0  0.0
  0.0  0.0  0.0  0.0  0.0  0.0  0.0  0.0  0.0  0.0  0.0  0.0  0.0  0.0  0.0
  0.0  0.0  0.0  0.0  0.0  0.0  0.0  0.0  0.0  0.0  0.0  0.0  0.0  0.0  0.0
  0.0  0.0  0.0  0.0  0.0  0.0  0.0 11.0  0.0  0.0 11.0 11.0 11.0 11.0  0.0
  0.0  0.0  0.0  0.0  0.0 11.0  0.0 11.0  0.0 11.0  0.0  0.0  0.0 11.0  0.0
    -25.92     -3.07     -1.52     -6.61      1.37  0.0  0.0  0.0  0.0  0.0
                                    t000098_s14_p16_qjpp.txt 20.3  5.2  108
  0.0  0.0  0.0 18.5  0.0  0.0  0.0  0.0  0.0  0.0  0.0  0.0  0.0  0.0  0.0
  0.0  0.0  0.0 18.5  0.0  0.0388.9194.4 37.0 55.6  0.0  0.0  0.0  0.0  0.0
  0.0  0.0  0.0  0.0  0.0  9.3  0.0  0.0  0.0  0.0  0.0  0.0  0.0 27.8 18.5
  9.3  0.0  0.0  9.3  0.0  0.0 18.5 55.6  0.0  0.0 64.8  0.0  0.0 74.1  0.0
  0.0  0.0  0.0  0.0  0.0  0.0  0.0  0.0  0.0  0.0  0.0  0.0  0.0  0.0  0.0
  0.0  0.0  0.0  0.0  0.0  0.0  0.0  0.0  0.0  0.0  0.0  0.0  0.0  0.0  0.0
  0.0  0.0  0.0  0.0  0.0  9.3  0.0  0.0  0.0  0.0  0.0  0.0  0.0  0.0  0.0
  0.0  0.0  0.0  0.0  0.0  9.3  9.3  0.0  0.0  0.0  0.0  0.0  0.0  0.0  0.0
  0.0  0.0  0.0  0.0  0.0  0.0  0.0  0.0  9.3  9.3  0.0 27.8 18.5  9.3  0.0
  9.3  0.0  0.0  0.0  0.0 18.5  0.0  9.3  0.0  9.3  0.0  0.0  0.0  0.0  0.0
    -27.77     -3.90      0.45     -6.61     17.81  0.0  0.0  0.0  0.0  0.0
                                    t000098_s14_p17_qjpp.txt 25.3  4.4  139
  0.0  0.0  0.0  0.0  0.0  0.0  0.0  0.0  0.0  0.0  0.0  0.0  0.0  0.0  0.0
  0.0  0.0  0.0  7.2  0.0  0.0410.1115.1 36.0 64.7  0.0  0.0  0.0  0.0  0.0
  0.0  0.0  0.0  7.2  0.0 14.4  0.0  0.0  0.0  0.0  0.0  7.2  0.0 50.4  0.0
  0.0  0.0  0.0  0.0  0.0  0.0  7.2 50.4  0.0  0.0 57.6  0.0  0.0 86.3  7.2
  0.0  0.0  0.0  0.0  0.0  0.0  0.0  0.0  0.0  0.0  0.0  0.0  0.0  0.0  0.0
  0.0  0.0  0.0  0.0  0.0  0.0  0.0  0.0  0.0  0.0  0.0  0.0  0.0  0.0  0.0
  0.0  0.0  0.0  0.0  0.0  0.0  0.0  0.0  0.0  0.0  0.0  0.0  0.0  0.0  0.0
  0.0  0.0  0.0  0.0  0.0  0.0  0.0  0.0  0.0  0.0  0.0  0.0  0.0  0.0  0.0
  0.0  0.0  0.0  0.0  0.0  0.0  0.0  0.0  0.0  0.0 21.6  0.0  7.2 14.4  0.0
  0.0  0.0  0.0  7.2  0.0  0.0  0.0 28.8  0.0  7.2  0.0  0.0  0.0  0.0  0.0
    -26.07     -3.60     -1.90     -3.73      4.00  0.0  0.0  0.0  0.0  0.0
                                    t000098_s14_p18_qjpp.txt 33.8  5.0  389
 10.3  0.0  0.0 38.6  0.0  0.0  2.6  0.0  0.0  2.6  0.0  0.0  0.0  0.0  0.0
  0.0  0.0  0.0  2.6  0.0  0.0431.9 90.0 61.7  2.6  0.0  0.0  0.0  0.0  2.6
  0.0  0.0  0.0  0.0  2.6 20.6  2.6  0.0  2.6  0.0  0.0  0.0  2.6  2.6  0.0
  0.0  0.0  0.0  0.0  0.0  0.0  2.6  2.6  0.0  2.6 77.1  0.0  2.6 56.6 12.9
  0.0  0.0  0.0  0.0  0.0  0.0  0.0  0.0  0.0  0.0  0.0  0.0  0.0  0.0  0.0
  0.0  0.0  0.0  0.0  0.0  0.0  0.0  0.0  0.0  0.0  0.0  0.0  0.0  0.0  0.0
  0.0  0.0  0.0  0.0  0.0  0.0  0.0  0.0  0.0  0.0  0.0  0.0  0.0  0.0  0.0
  0.0  0.0  0.0  0.0  0.0  0.0  0.0  0.0  0.0  0.0  0.0  0.0  0.0  0.0  0.0
  0.0  0.0  0.0  0.0  0.0  0.0  0.0  0.0 23.1 12.9 20.6  7.7 10.3 18.0  0.0
  0.0  0.0  0.0  0.0  0.0  0.0  2.6  2.6  0.0  5.1  2.6  0.0 12.9  0.0  0.0
    -26.66     -5.64      0.33     -5.78     -1.63  7.7  2.6  0.0  0.0  0.0
                                    t000098_s14_p19_qjpp.txt  9.0  5.0   43
  0.0  0.0  0.0 69.8  0.0  0.0  0.0  0.0 46.5  0.0  0.0  0.0  0.0  0.0  0.0
  0.0  0.0 23.3  0.0  0.0  0.0232.6162.8 93.0  0.0  0.0  0.0  0.0  0.0  0.0
  0.0  0.0  0.0  0.0  0.0 46.5  0.0  0.0  0.0  0.0  0.0  0.0  0.0 23.3 23.3
  0.0  0.0  0.0  0.0  0.0 23.3  0.0 46.5  0.0  0.0 93.0 46.5  0.0116.3 23.3
  0.0  0.0  0.0  0.0  0.0  0.0  0.0  0.0  0.0  0.0  0.0  0.0  0.0  0.0  0.0
  0.0  0.0  0.0  0.0  0.0  0.0  0.0  0.0  0.0  0.0  0.0  0.0  0.0  0.0  0.0
  0.0  0.0  0.0  0.0  0.0  0.0  0.0  0.0  0.0  0.0  0.0  0.0  0.0  0.0  0.0
  0.0  0.0  0.0  0.0  0.0  0.0  0.0  0.0  0.0  0.0  0.0  0.0  0.0  0.0  0.0
  0.0  0.0  0.0  0.0  0.0  0.0  0.0  0.0  0.0  0.0 23.3  0.0  0.0  0.0 23.3
  0.0  0.0  0.0  0.0  0.0  0.0  0.0 69.8  0.0 23.3  0.0  0.0  0.0  0.0  0.0
    -18.59     -5.73     -1.67     -6.61     17.79  0.0  0.0  0.0  0.0  0.0
                                     t000098_s14_p2_qjpp.txt  6.0  4.8   28
  0.0  0.0  0.0 71.4  0.0  0.0  0.0  0.0  0.0  0.0  0.0  0.0  0.0  0.0  0.0
  0.0  0.0  0.0  0.0  0.0  0.0357.1 71.4  0.0  0.0  0.0  0.0  0.0  0.0  0.0
  0.0  0.0  0.0  0.0  0.0  0.0  0.0 35.7  0.0  0.0 35.7  0.0  0.0 35.7 35.7
  0.0  0.0  0.0  0.0  0.0 71.4  0.0 71.4  0.0  0.0  0.0  0.0  0.0 71.4  0.0
  0.0  0.0  0.0  0.0  0.0  0.0  0.0  0.0  0.0  0.0  0.0  0.0  0.0  0.0  0.0
  0.0  0.0  0.0  0.0  0.0  0.0  0.0  0.0  0.0  0.0  0.0  0.0  0.0  0.0  0.0
  0.0  0.0  0.0  0.0  0.0  0.0  0.0  0.0  0.0  0.0  0.0  0.0  0.0  0.0  0.0
  0.0  0.0  0.0  0.0  0.0  0.0  0.0  0.0  0.0  0.0  0.0  0.0  0.0  0.0  0.0
  0.0  0.0  0.0  0.0  0.0  0.0  0.0  0.0  0.0  0.0 71.4  0.0 35.7  0.0  0.0
  0.0  0.0  0.0  0.0  0.0  0.0  0.0  0.0  0.0  0.0  0.0  0.0  0.0  0.0  0.0
    -21.36     -5.73      0.97     18.91     29.26  0.0  0.0  0.0  0.0  0.0
                                    t000098_s14_p20_qjpp.txt 15.0  4.5   76
 13.2  0.0  0.0 26.3  0.0  0.0  0.0  0.0  0.0 13.2  0.0  0.0  0.0  0.0  0.0
  0.0  0.0  0.0 13.2  0.0  0.0315.8131.6 26.3 13.2  0.0  0.0 13.2  0.0  0.0
  0.0  0.0  0.0 13.2  0.0 78.9 26.3  0.0  0.0  0.0  0.0 13.2 13.2  0.0  0.0
  0.0  0.0  0.0  0.0 13.2  0.0 13.2  0.0  0.0  0.0 65.8  0.0  0.0 78.9 13.2
  0.0  0.0  0.0  0.0  0.0  0.0  0.0  0.0  0.0  0.0  0.0  0.0  0.0  0.0  0.0
  0.0  0.0  0.0  0.0  0.0  0.0  0.0  0.0  0.0 13.2  0.0  0.0  0.0  0.0  0.0
  0.0  0.0  0.0  0.0  0.0  0.0  0.0 13.2  0.0  0.0  0.0  0.0  0.0  0.0  0.0
  0.0 13.2  0.0 13.2  0.0 13.2 13.2  0.0  0.0  0.0  0.0  0.0  0.0  0.0  0.0
  0.0  0.0  0.0  0.0  0.0  0.0  0.0  0.0 26.3  0.0 13.2 13.2 13.2 26.3  0.0
  0.0  0.0  0.0  0.0  0.0  0.0  0.0 13.2  0.0 26.3  0.0  0.0  0.0  0.0  0.0
    -18.89     -2.86     -7.27     -1.34      4.60  0.0  0.0  0.0  0.0  0.0
                                    t000098_s14_p21_qjpp.txt 37.8  4.6  314
  3.2  0.0  0.0 25.5  0.0  0.0  0.0  0.0  3.2  3.2  0.0  0.0  0.0  0.0  0.0
  0.0  0.0  3.2  6.4  0.0  0.0363.1 98.7 47.8 22.3  3.2  0.0  3.2  0.0  3.2
  0.0  0.0  0.0  6.4  0.0 15.9  3.2  0.0  0.0  0.0  0.0  3.2  6.4  9.6  0.0
  3.2  3.2  0.0  6.4  0.0  3.2  9.6 12.7  0.0  3.2 63.7  6.4  0.0 66.9  3.2
  0.0  0.0  0.0  0.0  0.0  0.0  0.0  0.0  0.0  0.0  0.0  0.0  0.0  0.0  0.0
  0.0  0.0  0.0  0.0  0.0  0.0  0.0  0.0  0.0  0.0  0.0  0.0  0.0  0.0  0.0
  0.0  0.0  0.0  0.0  0.0  0.0  0.0  0.0  0.0  0.0  0.0  0.0  0.0  0.0  0.0
  0.0  0.0  0.0  0.0  0.0  0.0  0.0  0.0  0.0  0.0  0.0  0.0  0.0  0.0  0.0
  0.0  0.0  0.0  0.0  0.0  0.0  0.0  3.2 12.7  3.2  6.4  6.4  6.4  3.2  0.0
  0.0  0.0  0.0  0.0  0.0  0.0  0.0 15.9  9.6  6.4  0.0  0.0  0.0  0.0  0.0
    -22.90     -4.26     -0.16     -5.33      2.83  0.0  0.0  0.0  0.0  0.0
                                    t000098_s14_p22_qjpp.txt  5.5  3.4   50
  0.0  0.0  0.0 20.0  0.0  0.0  0.0  0.0  0.0  0.0  0.0  0.0  0.0  0.0  0.0
  0.0  0.0  0.0  0.0  0.0  0.0160.0 80.0 20.0  0.0  0.0  0.0  0.0  0.0  0.0
  0.0  0.0  0.0  0.0  0.0 20.0  0.0  0.0  0.0  0.0  0.0  0.0  0.0  0.0  0.0
  0.0  0.0  0.0  0.0  0.0  0.0  0.0  0.0  0.0  0.0 20.0  0.0  0.0 60.0 20.0
  0.0  0.0  0.0  0.0  0.0  0.0  0.0  0.0  0.0  0.0  0.0  0.0  0.0  0.0  0.0
  0.0  0.0  0.0  0.0  0.0  0.0  0.0  0.0  0.0  0.0  0.0  0.0  0.0  0.0  0.0
  0.0  0.0  0.0  0.0  0.0  0.0  0.0  0.0  0.0  0.0  0.0  0.0  0.0  0.0  0.0
  0.0  0.0  0.0  0.0  0.0  0.0  0.0  0.0  0.0  0.0  0.0  0.0  0.0  0.0  0.0
  0.0  0.0  0.0  0.0  0.0  0.0  0.0 40.0  0.0  0.0  0.0 20.0 40.0  0.0  0.0
  0.0  0.0  0.0  0.0  0.0  0.0  0.0  0.0  0.0  0.0  0.0 20.0  0.0  0.0  0.0
    -15.25     -5.73     -0.16     -6.61     -3.63  0.0  0.0  0.0  0.0  0.0
                                    t000098_s14_p23_qjpp.txt 27.3  4.7  175
  0.0  0.0  0.0 68.6  0.0  0.0 11.4  0.0 11.4  0.0  0.0  0.0  0.0  0.0  0.0
 11.4  0.0 11.4  5.7  0.0  0.0291.4108.6 51.4 11.4  0.0  0.0  0.0  0.0  0.0
  0.0  0.0  0.0 22.9  5.7 68.6  0.0  0.0  0.0  0.0  5.7  0.0 11.4 17.1  5.7
  0.0  0.0  0.0  0.0  5.7 17.1  5.7 22.9  0.0  0.0 62.9 11.4  0.0102.9  5.7
  5.7  0.0  0.0  0.0  0.0  0.0  0.0  0.0  0.0  0.0  0.0  0.0  0.0  0.0  0.0
  0.0  0.0  0.0  0.0  0.0  0.0  0.0  0.0  0.0  0.0  0.0  0.0  0.0  0.0  0.0
  0.0  0.0  0.0  0.0  0.0  0.0  0.0  0.0  0.0  0.0  0.0  0.0  0.0  0.0  0.0
  0.0  0.0  0.0  0.0  0.0  0.0  0.0  0.0  0.0  0.0  0.0  0.0  0.0  0.0  0.0
  0.0  0.0  0.0  0.0  0.0  0.0  0.0 11.4 11.4  0.0 11.4  0.0 11.4  0.0  0.0
  0.0  0.0  0.0  0.0  0.0 11.4  0.0 11.4  0.0 17.1  0.0  0.0 17.1  0.0  0.0
    -12.05     -5.35    -11.13     -3.88     10.51  0.0  0.0  0.0  0.0  0.0
                                    t000098_s14_p24_qjpp.txt 38.0  5.1  388
  2.6  0.0  0.0 23.2  0.0  0.0  0.0  2.6  0.0  0.0  0.0  0.0  0.0  0.0  0.0
  0.0  0.0  0.0  2.6  0.0  0.0502.6 87.6 33.5 30.9  0.0  0.0  0.0  0.0  0.0
  0.0  2.6  0.0  0.0  5.2 10.3  5.2  0.0  0.0  0.0  0.0  0.0  0.0 25.8  0.0
  5.2  0.0  0.0  0.0  2.6  0.0  5.2 30.9  0.0  0.0 49.0  0.0  0.0 74.7  0.0
  0.0  0.0  0.0  0.0  0.0  0.0  0.0  0.0  0.0  0.0  0.0  0.0  0.0  0.0  0.0
  0.0  0.0  0.0  0.0  0.0  0.0  0.0  0.0  0.0  0.0  0.0  0.0  0.0  0.0  0.0
  0.0  0.0  0.0  0.0  0.0  0.0  0.0  0.0  0.0  0.0  0.0  0.0  0.0  0.0  0.0
  0.0  0.0  0.0  0.0  0.0  0.0  0.0  0.0  0.0  0.0  0.0  0.0  0.0  0.0  0.0
  0.0  2.6  0.0  0.0  0.0  0.0  0.0  0.0 15.5  0.0 20.6  5.2 10.3  5.2  2.6
  0.0  2.6  0.0  0.0  0.0  7.7  0.0 20.6  2.6  2.6  2.6  0.0  2.6  0.0  0.0
    -28.77     -4.71     -0.17     -6.61      1.94  0.0  0.0  0.0  0.0  0.0
                                    t000098_s14_p25_qjpp.txt 35.5  5.0  218
  0.0  0.0  0.0  4.6  0.0  0.0  0.0  0.0  0.0  0.0  0.0  0.0  0.0  0.0  0.0
  0.0  0.0  0.0  4.6  0.0  0.0440.4 96.3 36.7 36.7  0.0  0.0  0.0  0.0  0.0
  0.0  0.0  0.0  4.6  0.0 22.9  4.6  0.0  0.0  0.0  0.0  0.0  0.0 36.7  4.6
  4.6  0.0  0.0  4.6  0.0  0.0  4.6 45.9  0.0  0.0 45.9  0.0  0.0 73.4  9.2
  0.0  0.0  0.0  0.0  0.0  0.0  0.0  0.0  0.0  0.0  0.0  0.0  0.0  0.0  0.0
  0.0  0.0  0.0  0.0  0.0  0.0  0.0  0.0  0.0  0.0  0.0  0.0  0.0  0.0  0.0
  0.0  0.0  0.0  0.0  0.0  0.0  0.0  0.0  0.0  0.0  0.0  0.0  0.0  0.0  0.0
  0.0  0.0  0.0  0.0  0.0  0.0  0.0  0.0  0.0  0.0  0.0  0.0  0.0  0.0  0.0
  0.0  0.0  0.0  0.0  0.0  0.0  0.0  0.0  9.2  4.6  4.6  9.2  4.6  0.0  0.0
  0.0  0.0  0.0  0.0  0.0  4.6  0.0  9.2  4.6  9.2  0.0  0.0  9.2  0.0  0.0
    -28.15     -4.52     -1.64     -6.61      6.94  0.0  0.0  0.0  0.0  0.0
                                    t000098_s14_p26_qjpp.txt 32.0  5.1  318
  3.1  0.0  0.0  9.4  0.0  0.0  0.0  0.0 15.7  0.0  0.0  0.0  0.0  0.0  0.0
  0.0  0.0  0.0  0.0  0.0  0.0396.2103.8 37.7 53.5  0.0  0.0  3.1  0.0  0.0
  0.0  0.0  0.0  0.0  3.1 18.9  0.0  0.0  0.0  0.0  0.0  0.0  0.0 28.3  0.0
  9.4  3.1  0.0  6.3  0.0  0.0  3.1 37.7  0.0  0.0 53.5 15.7  0.0 84.9 12.6
  0.0  0.0  0.0  0.0  0.0  0.0  0.0  0.0  0.0  0.0  0.0  0.0  0.0  0.0  0.0
  0.0  0.0  0.0  0.0  0.0  0.0  0.0  0.0  0.0  0.0  0.0  0.0  0.0  0.0  0.0
  0.0  0.0  0.0  0.0  0.0  0.0  0.0  0.0  0.0  0.0  6.3  0.0  0.0  0.0  0.0
  0.0  0.0  0.0  0.0  0.0  0.0  0.0  6.3  0.0  0.0  0.0  0.0  0.0  0.0  0.0
  0.0  0.0  0.0  0.0  0.0  0.0  0.0  0.0  3.1  0.0  3.1  6.3 31.4 12.6  0.0
  0.0  0.0  0.0  0.0  0.0  3.1  0.0 12.6  6.3  3.1  0.0  3.1  6.3  0.0  0.0
    -27.47     -3.39     -1.02     -6.61      3.70  3.1  0.0  3.1  3.1  0.0
                                    t000098_s14_p27_qjpp.txt 27.3  5.0  165
  0.0  0.0  0.0 30.3  0.0  0.0  0.0  0.0  0.0  0.0  0.0  0.0  0.0  0.0  0.0
  0.0  0.0  0.0  6.1  0.0  0.0375.8133.3 60.6 30.3  0.0  0.0  6.1  0.0  0.0
  0.0  0.0  0.0 12.1  0.0 30.3  0.0  0.0  0.0  0.0  0.0  6.1 12.1 30.3  6.1
  0.0  6.1  0.0  0.0  0.0  0.0 12.1 36.4  0.0  0.0 66.7  0.0  0.0 84.8 12.1
  0.0  0.0  0.0  0.0  0.0  0.0  0.0  0.0  0.0  0.0  0.0  0.0  0.0  0.0  0.0
  0.0  0.0  0.0  0.0  0.0  0.0  0.0  0.0  0.0  0.0  0.0  0.0  0.0  0.0  0.0
  0.0  0.0  0.0  0.0  0.0  0.0  0.0  0.0  0.0  0.0  6.1  0.0  0.0  0.0  0.0
  0.0  0.0  0.0  0.0  0.0  0.0  0.0  6.1  0.0  0.0  0.0  0.0  0.0  0.0  0.0
  0.0  0.0  0.0  0.0  0.0  0.0  0.0  0.0  0.0  0.0 18.2  0.0 18.2 18.2  6.1
  0.0  0.0  0.0  0.0  0.0 12.1  0.0 18.2 12.1 24.2  0.0  0.0  0.0  0.0  0.0
    -28.22     -3.61     -4.21     -4.18     13.20  0.0  0.0  0.0  0.0  0.0
                                    t000098_s14_p28_qjpp.txt 13.3  4.6   69
  0.0  0.0  0.0  0.0  0.0  0.0  0.0  0.0  0.0  0.0  0.0  0.0  0.0  0.0  0.0
  0.0  0.0  0.0 29.0  0.0  0.0362.3 43.5 43.5 58.0  0.0  0.0  0.0  0.0  0.0
  0.0  0.0  0.0  0.0  0.0 29.0 29.0  0.0  0.0  0.0  0.0  0.0  0.0 43.5  0.0
  0.0  0.0  0.0  0.0  0.0  0.0 29.0 43.5  0.0  0.0 58.0  0.0  0.0101.4 14.5
  0.0  0.0  0.0  0.0  0.0  0.0  0.0  0.0  0.0  0.0  0.0  0.0  0.0  0.0  0.0
  0.0  0.0  0.0  0.0  0.0  0.0  0.0  0.0  0.0  0.0  0.0  0.0  0.0  0.0  0.0
  0.0  0.0  0.0  0.0  0.0 14.5  0.0  0.0  0.0  0.0  0.0  0.0  0.0  0.0  0.0
  0.0  0.0  0.0  0.0  0.0 14.5 14.5  0.0  0.0  0.0  0.0  0.0  0.0  0.0  0.0
  0.0  0.0  0.0  0.0  0.0  0.0  0.0  0.0  0.0  0.0 29.0  0.0 14.5  0.0  0.0
  0.0  0.0  0.0  0.0  0.0  0.0  0.0 29.0  0.0 14.5  0.0  0.0  0.0  0.0  0.0
    -18.41     -3.82     -0.67     -6.61      2.96  0.0  0.0  0.0  0.0  0.0
                                    t000098_s14_p29_qjpp.txt 31.8  4.8  294
  3.4  0.0  0.0 54.4  0.0  0.0  0.0  0.0 13.6  3.4  3.4  0.0  0.0  0.0  0.0
  0.0  0.0  3.4  3.4  0.0  3.4370.7125.9 51.0  0.0  0.0  0.0  0.0  0.0  3.4
  0.0  0.0  0.0  3.4  3.4 17.0  3.4  3.4  0.0  0.0  0.0  0.0  0.0 10.2  3.4
  0.0  0.0  3.4  0.0  6.8  6.8  3.4 13.6  0.0  3.4 68.0 13.6  3.4 68.0  6.8
  0.0  0.0  0.0  0.0  0.0  0.0  0.0  0.0  0.0  0.0  0.0  0.0  0.0  0.0  0.0
  0.0  0.0  0.0  0.0  0.0  0.0  3.4  0.0  0.0  0.0  3.4  0.0  0.0  3.4  0.0
  0.0  0.0  3.4  0.0  0.0  0.0  0.0  0.0  0.0  0.0  3.4  0.0  0.0  0.0  0.0
  3.4  0.0  6.8 10.2  3.4  0.0  3.4  3.4  0.0  0.0  0.0  0.0  0.0  0.0  0.0
  0.0  0.0  0.0  0.0  0.0  0.0  0.0  3.4 17.0 20.4  3.4  6.8 23.8 10.2  3.4
  0.0  0.0  0.0  0.0  0.0  6.8  0.0 13.6  3.4 13.6  6.8  3.4  3.4  0.0  0.0
    -22.48     -5.73     -0.26     -5.80      0.54  0.0  0.0  0.0  0.0  0.0
                                     t000098_s14_p3_qjpp.txt  3.0  5.4   12
  0.0  0.0  0.0 83.3  0.0  0.0  0.0  0.0  0.0  0.0  0.0  0.0  0.0  0.0  0.0
  0.0  0.0  0.0  0.0  0.0  0.0333.3250.0  0.0 83.3  0.0  0.0  0.0  0.0  0.0
  0.0  0.0  0.0  0.0  0.0  0.0  0.0  0.0  0.0  0.0  0.0  0.0  0.0  0.0  0.0
  0.0  0.0  0.0  0.0 83.3  0.0  0.0  0.0  0.0  0.0 83.3  0.0  0.0166.7  0.0
  0.0  0.0  0.0  0.0  0.0  0.0  0.0  0.0  0.0  0.0  0.0  0.0  0.0  0.0  0.0
  0.0  0.0  0.0  0.0  0.0  0.0  0.0  0.0  0.0  0.0  0.0  0.0  0.0  0.0  0.0
  0.0  0.0  0.0  0.0  0.0  0.0  0.0  0.0  0.0  0.0  0.0  0.0  0.0  0.0  0.0
  0.0  0.0  0.0  0.0  0.0  0.0  0.0  0.0  0.0  0.0  0.0  0.0  0.0  0.0  0.0
  0.0  0.0  0.0  0.0  0.0  0.0  0.0  0.0 83.3  0.0  0.0  0.0  0.0  0.0  0.0
  0.0  0.0  0.0  0.0  0.0  0.0  0.0  0.0  0.0  0.0  0.0  0.0  0.0  0.0  0.0
    -29.04     -2.99      0.97     -6.61     -3.63  0.0  0.0  0.0  0.0  0.0
                                    t000098_s14_p30_qjpp.txt 26.5  5.3  136
 14.7  0.0  0.0 22.1  0.0  0.0  0.0  0.0  0.0  0.0  0.0  0.0  0.0  0.0  0.0
  0.0  0.0  0.0  7.4  0.0  0.0441.2 73.5 29.4 51.5  0.0  0.0  0.0  0.0  0.0
  0.0  0.0  0.0  0.0  0.0  7.4  0.0  0.0  0.0  0.0  0.0  0.0  0.0 44.1  0.0
  0.0  7.4  0.0  0.0  0.0  0.0 14.7 44.1  0.0  0.0 73.5  0.0  0.0 73.5  7.4
  0.0  0.0  0.0  0.0  0.0  0.0  0.0  0.0  0.0  0.0  0.0  0.0  0.0  0.0  0.0
  0.0  0.0  0.0  0.0  0.0  0.0  0.0  0.0  0.0  0.0  0.0  0.0  0.0  0.0  0.0
  0.0  0.0  0.0  0.0  0.0  0.0  0.0  0.0  0.0  0.0  0.0  0.0  0.0  0.0  0.0
  0.0  0.0  0.0  0.0  0.0  0.0  0.0  0.0  0.0  0.0  0.0  0.0  0.0  0.0  0.0
  0.0  0.0  0.0  0.0  0.0  0.0  0.0  0.0 36.8  7.4 22.1  0.0 22.1  0.0  0.0
  0.0  0.0  0.0  0.0  0.0  7.4  0.0 29.4  0.0 14.7  0.0  0.0 14.7  0.0  0.0
    -25.18     -4.03      0.56     -6.61      3.06  0.0  0.0  0.0  0.0  0.0
                                     t000098_s14_p4_qjpp.txt 27.3  5.1  149
  0.0  0.0  0.0 33.6  0.0  0.0  0.0  0.0  6.7  0.0  0.0  0.0  0.0  0.0  0.0
  0.0  0.0  0.0  0.0  0.0  0.0436.2 73.8 40.3 20.1  0.0  0.0  0.0  0.0  6.7
  0.0  0.0  0.0  6.7  0.0  0.0  6.7  0.0  0.0  0.0  0.0  0.0  0.0  0.0  0.0
  6.7  6.7  0.0  0.0  6.7  0.0  6.7  6.7  0.0  6.7 67.1  6.7  0.0 73.8  0.0
  0.0  0.0  0.0  0.0  0.0  0.0  0.0  0.0  0.0  0.0  0.0  0.0  0.0  0.0  0.0
  0.0  0.0  0.0  0.0  0.0  0.0  0.0  0.0  0.0  0.0  0.0  0.0  0.0  0.0  0.0
  0.0  0.0  0.0  0.0  0.0  0.0  0.0  0.0  0.0  0.0  0.0  0.0  0.0  0.0  0.0
  0.0  0.0  0.0  0.0  0.0  0.0  0.0  0.0  0.0  0.0  0.0  0.0  0.0  0.0  0.0
  0.0  0.0  0.0  0.0  0.0  0.0  0.0  6.7  6.7 13.4  6.7  0.0 13.4  0.0  0.0
  0.0  0.0  0.0  0.0  0.0  0.0  0.0 13.4  0.0  0.0  0.0  0.0 13.4  0.0  0.0
    -27.64     -5.07      2.41     -6.61     -1.46  0.0  0.0  0.0  0.0  0.0
                                     t000098_s14_p5_qjpp.txt 23.3  5.2  113
  0.0  0.0  0.0 26.5  0.0  0.0  0.0  0.0  0.0  0.0  0.0  0.0  0.0  0.0  0.0
  0.0  0.0  0.0  0.0  0.0  0.0539.8 79.6  8.8 53.1  0.0  0.0  0.0  0.0  0.0
  0.0  0.0  0.0  0.0  0.0  8.8  0.0  0.0  0.0  0.0  0.0  0.0  0.0  8.8  0.0
  0.0  0.0  0.0  0.0  0.0  0.0  0.0  8.8  0.0  0.0 17.7  0.0  0.0 88.5  8.8
  0.0  0.0  0.0  0.0  0.0  0.0  0.0  0.0  0.0  0.0  0.0  0.0  0.0  0.0  0.0
  0.0  0.0  0.0  0.0  0.0  0.0  0.0  0.0  0.0  0.0  0.0  0.0  0.0  0.0  0.0
  0.0  0.0  0.0  0.0  0.0  0.0  0.0  0.0  0.0  0.0  0.0  0.0  0.0  0.0  0.0
  0.0  0.0  0.0  0.0  0.0  0.0  0.0  0.0  0.0  0.0  0.0  0.0  0.0  0.0  0.0
  0.0  0.0  0.0  0.0  0.0  0.0  0.0  0.0  0.0  0.0  0.0  8.8  8.8  0.0  0.0
  0.0  0.0  0.0  0.0  0.0  0.0  0.0 17.7  0.0  0.0  0.0  0.0  0.0  0.0  0.0
    -29.68     -3.98      0.47     -6.61     -2.29  0.0  0.0  0.0  0.0  0.0
                                     t000098_s14_p6_qjpp.txt 17.0  5.0   83
  0.0  0.0  0.0 36.1  0.0  0.0  0.0  0.0  0.0  0.0  0.0  0.0  0.0  0.0  0.0
  0.0  0.0  0.0  0.0  0.0  0.0445.8120.5 12.0 48.2  0.0  0.0  0.0  0.0  0.0
  0.0  0.0  0.0  0.0 12.0 24.1  0.0  0.0  0.0  0.0  0.0  0.0  0.0 12.0  0.0
  0.0  0.0  0.0 12.0  0.0  0.0  0.0 12.0  0.0  0.0 48.2  0.0  0.0 72.3  0.0
  0.0  0.0  0.0  0.0  0.0  0.0  0.0  0.0  0.0  0.0  0.0  0.0  0.0  0.0  0.0
  0.0  0.0  0.0  0.0  0.0  0.0  0.0  0.0  0.0  0.0  0.0  0.0  0.0  0.0  0.0
  0.0  0.0  0.0  0.0  0.0  0.0  0.0  0.0  0.0  0.0 12.0  0.0  0.0  0.0  0.0
  0.0  0.0  0.0  0.0  0.0  0.0  0.0 12.0  0.0  0.0  0.0  0.0  0.0  0.0  0.0
  0.0 12.0  0.0  0.0  0.0  0.0  0.0 12.0  0.0  0.0 12.0  0.0 12.0  0.0  0.0
  0.0  0.0  0.0  0.0  0.0  0.0  0.0 24.1  0.0  0.0  0.0  0.0  0.0  0.0  0.0
    -28.04     -4.14     -3.94     -6.61     -1.80  0.0  0.0  0.0  0.0  0.0
                                     t000098_s14_p7_qjpp.txt 13.0  4.8   64
  0.0  0.0  0.0 15.6  0.0  0.0  0.0  0.0  0.0  0.0  0.0  0.0  0.0  0.0  0.0
  0.0  0.0  0.0  0.0  0.0  0.0421.9125.0 15.6 62.5  0.0  0.0  0.0  0.0  0.0
  0.0  0.0  0.0 15.6  0.0  0.0 15.6  0.0  0.0  0.0  0.0  0.0  0.0  0.0  0.0
  0.0  0.0  0.0 15.6  0.0  0.0  0.0  0.0  0.0  0.0 15.6  0.0  0.0 93.8 15.6
  0.0  0.0  0.0  0.0  0.0  0.0  0.0  0.0  0.0  0.0  0.0  0.0  0.0  0.0  0.0
  0.0  0.0  0.0  0.0  0.0  0.0  0.0  0.0  0.0  0.0  0.0  0.0  0.0  0.0  0.0
  0.0  0.0  0.0  0.0  0.0  0.0  0.0  0.0  0.0  0.0  0.0  0.0  0.0  0.0  0.0
  0.0  0.0  0.0  0.0  0.0  0.0  0.0  0.0  0.0  0.0  0.0  0.0  0.0  0.0  0.0
  0.0  0.0  0.0  0.0  0.0  0.0  0.0  0.0  0.0  0.0 31.3  0.0 15.6 15.6  0.0
  0.0  0.0  0.0  0.0  0.0 15.6  0.0 46.9  0.0  0.0  0.0  0.0  0.0  0.0  0.0
    -27.82     -3.67     -3.49     -6.61     -3.63  0.0  0.0  0.0  0.0  0.0
                                     t000098_s14_p8_qjpp.txt 11.3  5.3   60
  0.0  0.0  0.0  0.0  0.0  0.0  0.0  0.0  0.0  0.0  0.0  0.0  0.0  0.0  0.0
  0.0  0.0  0.0  0.0  0.0  0.0583.3100.0 33.3 33.3  0.0  0.0  0.0  0.0  0.0
  0.0  0.0  0.0  0.0  0.0 16.7  0.0  0.0  0.0  0.0  0.0  0.0 16.7 16.7  0.0
  0.0  0.0  0.0  0.0  0.0  0.0  0.0 16.7  0.0  0.0 33.3  0.0  0.0 33.3  0.0
  0.0  0.0  0.0  0.0  0.0  0.0  0.0  0.0  0.0  0.0  0.0  0.0  0.0  0.0  0.0
  0.0  0.0  0.0  0.0  0.0  0.0  0.0  0.0  0.0  0.0  0.0  0.0  0.0  0.0  0.0
  0.0  0.0  0.0  0.0  0.0  0.0  0.0  0.0  0.0  0.0  0.0  0.0  0.0  0.0  0.0
  0.0  0.0  0.0  0.0  0.0  0.0  0.0  0.0  0.0  0.0  0.0  0.0  0.0  0.0  0.0
  0.0  0.0  0.0  0.0  0.0  0.0  0.0  0.0  0.0  0.0 16.7  0.0  0.0  0.0  0.0
  0.0  0.0  0.0  0.0  0.0  0.0  0.0  0.0  0.0 16.7  0.0  0.0  0.0  0.0  0.0
    -34.11     -4.63      0.03     -6.61      9.32  0.0  0.0  0.0  0.0  0.0
                                     t000098_s14_p9_qjpp.txt 23.5  5.1  151
  6.6  0.0  0.0  0.0  0.0  0.0  0.0  0.0 33.1  6.6  0.0  0.0  0.0  0.0  0.0
  0.0  0.0  0.0  6.6  0.0  0.0490.1112.6 33.1 33.1  0.0  6.6  6.6  0.0  0.0
  0.0  0.0  0.0  0.0  6.6  0.0 26.5  0.0  6.6  0.0  0.0  0.0  0.0  6.6  0.0
  0.0  0.0  6.6  0.0  0.0  0.0  6.6  6.6  0.0  0.0 53.0 33.1  0.0 72.8  0.0
  0.0  0.0  0.0  0.0  0.0  0.0  0.0  0.0  0.0  0.0  0.0  0.0  0.0  0.0  0.0
  0.0  0.0  0.0  0.0  0.0  6.6  0.0  0.0  0.0  0.0  0.0  0.0  0.0  0.0  0.0
  0.0  0.0  0.0  0.0  0.0  0.0  0.0  0.0  0.0  0.0  0.0  0.0  0.0  0.0  0.0
  6.6  0.0  0.0  6.6  0.0  0.0  0.0  0.0  0.0  0.0  0.0  0.0  0.0  0.0  0.0
  0.0  0.0  0.0  0.0  0.0  0.0  0.0  0.0  6.6  0.0  6.6  6.6  6.6  0.0  0.0
  0.0  0.0  0.0  0.0  0.0  0.0  0.0 33.1  0.0 13.2  0.0  0.0  0.0  0.0  0.0
    -27.14     -2.14     -0.97     -4.47     -2.62  0.0  0.0  0.0  0.0  0.0
                                      t000098_s2_p1_qjpp.txt 17.8  5.3   97
  0.0  0.0  0.0 41.2  0.0  0.0  0.0  0.0 10.3  0.0  0.0  0.0  0.0  0.0  0.0
  0.0  0.0  0.0 41.2  0.0  0.0567.0144.3 41.2 10.3  0.0  0.0 10.3  0.0  0.0
  0.0  0.0  0.0  0.0  0.0  0.0  0.0  0.0  0.0  0.0  0.0  0.0  0.0  0.0 10.3
  0.0  0.0  0.0  0.0 10.3  0.0 41.2 10.3  0.0  0.0 51.5 10.3  0.0 51.5  0.0
  0.0  0.0  0.0  0.0  0.0  0.0  0.0  0.0  0.0  0.0  0.0  0.0  0.0  0.0  0.0
  0.0  0.0  0.0  0.0  0.0  0.0  0.0 10.3  0.0  0.0  0.0  0.0  0.0  0.0  0.0
  0.0  0.0  0.0  0.0  0.0  0.0 10.3  0.0  0.0  0.0  0.0  0.0  0.0  0.0  0.0
  0.0 10.3  0.0 10.3  0.0 10.3 10.3  0.0  0.0  0.0  0.0  0.0  0.0  0.0  0.0
  0.0  0.0  0.0  0.0  0.0  0.0  0.0  0.0 10.3 10.3 20.6  0.0 10.3  0.0  0.0
 10.3  0.0  0.0  0.0  0.0  0.0  0.0  0.0 20.6  0.0  0.0  0.0  0.0  0.0  0.0
    -25.61     -3.48      0.97     -6.61      4.30  0.0  0.0  0.0  0.0  0.0
                                      t000098_s6_p6_qjpp.txt 29.3  5.1  246
  0.0  0.0  0.0 44.7  0.0  0.0  0.0  0.0  0.0  4.1  0.0  0.0  0.0  0.0  0.0
  0.0  0.0  8.1  0.0  0.0  0.0487.8 97.6 48.8  4.1  0.0  0.0  4.1  0.0  0.0
  0.0  0.0  0.0  0.0  4.1  8.1  0.0  0.0  0.0  0.0  0.0  0.0  0.0  0.0  4.1
  0.0  0.0 12.2  0.0  4.1  8.1  0.0  4.1  0.0  0.0 73.2  0.0  0.0 56.9  4.1
  0.0  0.0  0.0  0.0  0.0  0.0  0.0  0.0  0.0  0.0  0.0  0.0  0.0  0.0  0.0
  0.0  0.0  0.0  4.1  4.1  0.0  0.0  0.0  0.0  0.0  0.0  0.0  0.0  0.0  0.0
  0.0  0.0  0.0  0.0  0.0  0.0  0.0  0.0  0.0  0.0  0.0  0.0  4.1  0.0  0.0
  8.1  0.0  0.0  8.1  0.0  0.0  0.0  4.1  0.0  0.0  0.0  0.0  0.0  0.0  0.0
  0.0  0.0  0.0  0.0  0.0  0.0  0.0  0.0 24.4  0.0  4.1  4.1  8.1  0.0  0.0
  0.0  4.1  0.0  0.0  0.0  0.0  0.0  0.0  4.1  0.0  4.1  0.0 16.3  0.0  0.0
    -27.47     -4.84     -0.68     -6.61     -0.50  0.0  0.0 12.2  0.0  0.0
                                      t000098_s6_p7_qjpp.txt 18.0  5.1  104
 19.2  0.0  0.0 57.7  0.0  0.0  0.0  0.0 28.8  0.0  9.6 19.2  0.0  0.0  0.0
  0.0  0.0  9.6  9.6  0.0  0.0288.5144.2 76.9 19.2  0.0  0.0  9.6  0.0  0.0
  0.0  0.0  0.0  0.0  0.0 67.3 28.8  9.6  0.0  0.0  0.0  0.0  9.6  0.0  0.0
  0.0  0.0 19.2  9.6  9.6 19.2 28.8  0.0  0.0  0.0115.4 28.8  0.0 96.2  0.0
  0.0  0.0  0.0  0.0  0.0  0.0  0.0  0.0  0.0  0.0  0.0  0.0  0.0  0.0  0.0
  0.0  0.0  0.0  9.6  0.0  9.6  0.0  0.0  0.0  9.6  0.0  0.0  9.6  0.0  0.0
  0.0 19.2  0.0  0.0  9.6  0.0  0.0  0.0  0.0  0.0  0.0  0.0  9.6  9.6  0.0
 19.2  9.6  9.6 38.5 19.2  9.6 28.8 19.2  0.0  0.0  0.0  0.0  0.0  0.0  0.0
  0.0  0.0  0.0  0.0  0.0  0.0  0.0  0.0  9.6 19.2  0.0  0.0 19.2  0.0  9.6
  0.0  0.0  0.0  0.0  0.0  0.0  0.0 19.2  9.6 19.2  0.0  0.0  9.6  0.0  0.0
     -7.67     -3.31     -2.85     -4.32      2.38  9.6  0.0  0.0  0.0  0.0
                                      t000098_s6_p8_qjpp.txt 35.8  5.3  238
  0.0  0.0  0.0 37.8  0.0  0.0  0.0  0.0  4.2  0.0  0.0  0.0  0.0  0.0  0.0
 12.6  0.0  4.2  0.0  4.2  0.0483.2100.8 54.6  0.0  0.0  4.2  8.4  0.0  0.0
  0.0  0.0  0.0  4.2  4.2 21.0 12.6  0.0  4.2  0.0  0.0  0.0  8.4 16.8  0.0
  4.2  0.0  4.2  0.0  0.0  4.2  0.0 21.0  4.2  0.0 58.8  4.2  0.0 54.6  0.0
  4.2  0.0  0.0  0.0  0.0  0.0  0.0  0.0  0.0  0.0  0.0  0.0  0.0  0.0  0.0
  0.0  0.0  0.0  4.2  0.0  0.0  0.0  0.0  0.0  0.0  0.0  0.0  0.0  0.0  0.0
  0.0  0.0  0.0  0.0  0.0  0.0  0.0  0.0  0.0  4.2  0.0  0.0  0.0  0.0  0.0
  4.2  0.0  0.0  4.2  0.0  0.0  4.2  0.0  0.0  0.0  0.0  0.0  0.0  0.0  0.0
  0.0  0.0  0.0  0.0  0.0  0.0  0.0  0.0  8.4  8.4 25.2 12.6  4.2  0.0  0.0
  0.0  4.2  0.0  0.0  4.2  4.2  4.2 12.6 12.6  0.0  0.0  4.2  0.0  0.0  0.0
    -20.90     -3.36     -2.66     -5.25      5.53  0.0  0.0  0.0  0.0  0.0
                                      t000099_s1_p1_qjpp.txt 29.0  6.2  151
 19.9  0.0  0.0 53.0  0.0  0.0  0.0  0.0 19.9  0.0  0.0  0.0  0.0  0.0  0.0
  0.0  0.0  6.6 19.9  0.0  0.0390.7106.0112.6 33.1 19.9  0.0  0.0  0.0  0.0
  0.0 13.2  0.0  0.0  6.6 26.5 13.2  0.0  0.0  0.0  0.0  0.0  6.6  6.6  0.0
  6.6  0.0  6.6  0.0  6.6  6.6 33.1 13.2  0.0  0.0132.5 39.7  0.0119.2  6.6
 13.2  0.0  0.0  0.0  0.0  0.0  0.0  0.0  0.0  0.0  0.0  0.0  0.0  0.0  0.0
  0.0  0.0  0.0  6.6  0.0  0.0  0.0  0.0  0.0  0.0  0.0  0.0  0.0  0.0  0.0
  0.0  0.0  0.0  0.0  0.0  0.0  0.0  0.0  0.0  0.0  0.0  0.0  0.0  0.0  0.0
  6.6  0.0  0.0  6.6  0.0  0.0  0.0  0.0  0.0  0.0  0.0  0.0  0.0  0.0  0.0
  0.0  0.0  0.0  0.0  0.0  0.0  0.0  0.0  6.6  6.6 13.2  6.6  0.0  6.6  0.0
  0.0  0.0  6.6  0.0  0.0  6.6  0.0 13.2  0.0 19.9  0.0  0.0 13.2  0.0  0.0
    -25.22     -3.76      2.43     -6.61      3.65  0.0  0.0  0.0  0.0  0.0
                                     t000099_s14_p1_qjpp.txt 28.3  5.2  795
  1.3  0.0  0.0  6.3  0.0  0.0  0.0  0.0  1.3  1.3  0.0  0.0  0.0  0.0  0.0
  0.0  0.0  0.0  1.3  0.0  0.0720.8 22.6 18.9  2.5  0.0  0.0  0.0  0.0  0.0
  0.0  1.3  0.0  0.0  0.0  0.0  0.0  0.0  0.0  0.0  0.0  0.0  0.0  0.0  0.0
  0.0  0.0  0.0  0.0  0.0  0.0  2.5  0.0  0.0  0.0 21.4  1.3  0.0 13.8  1.3
  0.0  0.0  0.0  0.0  0.0  0.0  0.0  0.0  0.0  0.0  0.0  0.0  0.0  0.0  0.0
  0.0  0.0  0.0  0.0  0.0  0.0  0.0  0.0  0.0  0.0  0.0  0.0  0.0  0.0  0.0
  0.0  0.0  0.0  0.0  0.0  0.0  0.0  0.0  0.0  0.0  0.0  0.0  0.0  0.0  0.0
  0.0  0.0  0.0  0.0  0.0  0.0  0.0  0.0  0.0  0.0  0.0  0.0  0.0  0.0  0.0
  0.0  0.0  0.0  0.0  0.0  0.0  0.0  0.0  3.8  0.0  5.0 12.6  6.3  0.0  0.0
  1.3  0.0  1.3  0.0  0.0  1.3  0.0  0.0  0.0  1.3  0.0  1.3  2.5  0.0  0.0
    -32.95     -5.64      1.44     -6.61     -3.63  0.0  1.3  1.3  0.0  0.0
                                    t000099_s14_p10_qjpp.txt 28.3  4.7  227
  0.0  0.0  0.0  4.4  0.0  0.0  0.0  0.0  0.0  0.0  0.0  0.0  0.0  0.0  0.0
  0.0  0.0  0.0  0.0  0.0  0.0378.9141.0 30.8 61.7  0.0  4.4  0.0  0.0  0.0
  0.0 13.2  0.0 26.4  0.0 13.2  8.8  0.0  0.0  0.0  0.0  4.4  0.0 35.2  0.0
 13.2  0.0  0.0  0.0  0.0  0.0 13.2 48.5  0.0  0.0 52.9  0.0  0.0114.5  4.4
  0.0  0.0  0.0  0.0  0.0  0.0  0.0  0.0  0.0  0.0  0.0  0.0  0.0  0.0  0.0
  0.0  0.0  0.0  0.0  0.0  0.0  0.0  0.0  0.0  0.0  0.0  0.0  0.0  0.0  0.0
  0.0  0.0  0.0  0.0  0.0  0.0  0.0  0.0  0.0  0.0  0.0  0.0  0.0  0.0  0.0
  0.0  0.0  0.0  0.0  0.0  0.0  0.0  0.0  0.0  0.0  0.0  0.0  0.0  0.0  0.0
  0.0  0.0  0.0  0.0  0.0  0.0  0.0  0.0  0.0  0.0  4.4  4.4 17.6  0.0  0.0
  0.0  4.4  0.0  0.0  0.0  0.0  0.0 30.8  0.0  0.0  0.0  0.0  8.8  0.0  0.0
    -28.12     -2.85     -2.43     -4.84      5.98  0.0  0.0  0.0  0.0  0.0
                                    t000099_s14_p11_qjpp.txt 30.3  4.6  258
  0.0  0.0  0.0  3.9  0.0  0.0  0.0  0.0  0.0  0.0  0.0  0.0  0.0  0.0  0.0
  0.0  0.0  0.0  3.9  0.0  0.0445.7182.2 27.1 58.1  0.0  0.0  0.0  0.0  0.0
  0.0  0.0  0.0 23.3  0.0 27.1  0.0  0.0  0.0  0.0  0.0  7.8  3.9 42.6  0.0
  0.0  0.0  0.0  0.0  0.0  0.0  3.9 42.6  0.0  0.0 31.0  0.0  0.0 69.8  0.0
  0.0  0.0  0.0  0.0  0.0  0.0  0.0  0.0  0.0  0.0  0.0  0.0  0.0  0.0  0.0
  0.0  0.0  0.0  0.0  0.0  0.0  0.0  0.0  0.0  0.0  0.0  0.0  0.0  0.0  0.0
  0.0  0.0  3.9  0.0  0.0  0.0  0.0  0.0  0.0  0.0  3.9  0.0  0.0  0.0  0.0
  0.0  0.0  0.0  0.0  3.9  0.0  3.9  3.9  0.0  0.0  0.0  0.0  0.0  0.0  0.0
  0.0  0.0  0.0  0.0  0.0  0.0  0.0  3.9 11.6  0.0  3.9 31.0 11.6 19.4  3.9
  0.0  0.0  3.9  0.0  0.0  0.0  0.0  3.9  0.0  0.0  3.9  0.0  3.9  0.0  0.0
    -30.44     -3.82     -7.21     -3.50      5.26  0.0  0.0  0.0  0.0  0.0
                                    t000099_s14_p12_qjpp.txt 22.8  5.2  129
  0.0  0.0  0.0  7.8  0.0  0.0  0.0  0.0  0.0  0.0  0.0  0.0  0.0  7.8  0.0
  0.0  0.0  7.8  0.0  0.0  0.0395.3170.5 54.3 62.0  0.0  0.0  0.0  0.0  0.0
  0.0  7.8  0.0  7.8  0.0 15.5  0.0  0.0  0.0  0.0  0.0  0.0  0.0 54.3  0.0
  7.8  0.0  0.0  0.0  0.0  7.8  7.8 62.0  0.0  0.0 54.3  0.0  0.0 93.0  0.0
  0.0  0.0  0.0  0.0  0.0  0.0  0.0  0.0  0.0  0.0  0.0  0.0  0.0  0.0  0.0
  0.0  0.0  0.0  0.0  0.0  0.0  0.0  0.0  0.0  0.0  0.0  0.0  0.0  0.0  0.0
  0.0  0.0  0.0  0.0  0.0  0.0  0.0  0.0  0.0  0.0  0.0  0.0  0.0  0.0  0.0
  0.0  0.0  0.0  0.0  0.0  0.0  0.0  0.0  0.0  0.0  0.0  0.0  0.0  0.0  0.0
  0.0  0.0  0.0  0.0  0.0  0.0  0.0  0.0 15.5 15.5 15.5 15.5  7.8 15.5  0.0
  0.0  0.0  0.0  0.0  0.0 15.5  0.0 38.8  0.0  0.0  0.0  0.0  0.0  0.0  0.0
    -26.09     -3.69      0.75     -6.61      7.10  0.0  0.0  0.0  0.0  0.0
                                    t000099_s14_p13_qjpp.txt 20.0  5.7  103
  0.0  0.0  0.0  9.7  0.0  0.0  0.0  0.0  0.0  0.0  0.0  0.0  0.0  0.0  0.0
  0.0  0.0  0.0  9.7  0.0  0.0582.5 87.4 38.8 38.8 19.4  0.0  0.0  0.0  0.0
  0.0  0.0  0.0  0.0  0.0  9.7  0.0  0.0  0.0  0.0  0.0  0.0  9.7 29.1  0.0
  0.0  0.0  0.0  0.0  0.0  0.0  9.7 29.1  0.0  0.0 38.8 19.4  0.0 58.3  9.7
  0.0  0.0  0.0  0.0  0.0  0.0  0.0  0.0  0.0  0.0  0.0  0.0  0.0  0.0  0.0
  0.0  0.0  0.0  0.0  0.0  0.0  0.0  0.0  0.0  0.0  0.0  0.0  0.0  0.0  0.0
  0.0  0.0  0.0  0.0  0.0  0.0  0.0  0.0  0.0  0.0  9.7  0.0  0.0  0.0  0.0
  0.0  0.0  0.0  0.0  0.0  0.0  0.0  9.7  0.0  0.0  0.0  0.0  0.0  0.0  0.0
  0.0  0.0  0.0  0.0  0.0  0.0  0.0  0.0  9.7  0.0 19.4 29.1  9.7  0.0  0.0
  0.0  0.0  0.0  0.0  0.0  9.7  0.0  9.7  0.0  0.0  0.0  0.0  0.0  0.0  0.0
    -32.46     -3.59      0.42     -6.61      6.85  0.0  0.0  0.0  0.0  0.0
                                    t000099_s14_p14_qjpp.txt 28.3  5.0  152
  6.6  0.0  0.0  0.0  0.0  0.0  0.0  0.0  0.0  0.0  0.0  0.0  0.0  0.0  0.0
  0.0  0.0  0.0  0.0  0.0  0.0552.6 78.9 32.9 39.5  0.0  0.0  0.0  0.0  0.0
  0.0  0.0  0.0  0.0  0.0 13.2  0.0  0.0  0.0  0.0  0.0  0.0  6.6 19.7  0.0
  6.6  0.0  0.0  0.0  0.0  0.0  0.0 26.3  0.0  0.0 46.1  0.0  0.0 52.6 13.2
  0.0  0.0  0.0  0.0  0.0  0.0  0.0  0.0  0.0  0.0  0.0  0.0  0.0  0.0  0.0
  0.0  0.0  0.0  0.0  0.0  0.0  0.0  0.0  0.0  0.0  0.0  0.0  0.0  0.0  0.0
  0.0  0.0  0.0  0.0  0.0  0.0  0.0  0.0  0.0  0.0 13.2  0.0  0.0  0.0  0.0
  0.0  0.0  0.0  0.0  0.0  0.0  0.0 13.2  0.0  0.0  0.0  0.0  0.0  0.0  0.0
  0.0  0.0  0.0  0.0  0.0  0.0  0.0 13.2  0.0  0.0  6.6 13.2  6.6  6.6  0.0
  0.0  0.0  6.6  0.0  0.0  0.0  0.0 19.7  0.0  0.0  0.0  0.0  0.0  0.0  0.0
    -31.04     -4.43      0.23     -6.61      5.60  0.0  0.0  0.0  0.0  0.0
                                    t000099_s14_p15_qjpp.txt 34.0  5.4  421
  0.0  0.0  0.0 14.3  0.0  0.0  0.0  2.4  0.0  0.0  0.0  2.4  0.0  0.0  0.0
  2.4  0.0  0.0  2.4  0.0  0.0396.7104.5 47.5 47.5  2.4  2.4  7.1  0.0  0.0
  0.0  0.0  0.0  7.1  7.1 23.8  4.8  0.0  0.0  0.0  0.0  9.5  0.0 35.6  2.4
  4.8  4.8  0.0  2.4  0.0  0.0  9.5 42.8  0.0  0.0 61.8  2.4  0.0 97.4 14.3
  0.0  0.0  0.0  0.0  0.0  0.0  0.0  0.0  0.0  0.0  0.0  0.0  0.0  0.0  0.0
  0.0  0.0  0.0  0.0  0.0  0.0  0.0  0.0  0.0  0.0  0.0  0.0  0.0  0.0  0.0
  0.0  0.0  0.0  0.0  0.0  0.0  0.0  0.0  0.0  0.0  0.0  0.0  0.0  0.0  0.0
  0.0  0.0  0.0  0.0  0.0  0.0  0.0  0.0  0.0  0.0  0.0  0.0  0.0  0.0  0.0
  0.0  0.0  0.0  0.0  0.0  0.0  0.0  4.8 26.1  0.0 14.3  7.1 30.9  4.8  0.0
  0.0  0.0  0.0  0.0  0.0  7.1  0.0 21.4  9.5 14.3  0.0  0.0  7.1  0.0  0.0
    -26.26     -2.28     -4.51     -2.80      5.13  2.4  0.0  0.0  0.0  0.0
                                    t000099_s14_p16_qjpp.txt 34.0  5.3  406
  4.9  0.0  0.0  7.4  0.0  0.0  0.0  0.0 24.6  0.0  0.0  0.0  0.0  0.0  0.0
  0.0  0.0  0.0  2.5  0.0  0.0433.5 98.5 56.7 49.3  0.0  2.5  0.0  0.0  0.0
  0.0  7.4  0.0  2.5  2.5  9.9  0.0  0.0  0.0  0.0  0.0  0.0  4.9  9.9  0.0
  9.9  2.5  0.0  0.0  0.0  0.0 12.3 19.7  0.0  0.0 88.7 24.6  0.0 86.2  9.9
  0.0  0.0  0.0  0.0  0.0  0.0  0.0  0.0  0.0  0.0  0.0  0.0  0.0  0.0  0.0
  0.0  0.0  0.0  0.0  0.0  0.0  0.0  0.0  0.0  0.0  0.0  0.0  0.0  0.0  0.0
  0.0  0.0  0.0  0.0  0.0  0.0  0.0  0.0  0.0  0.0  2.5  0.0  0.0  0.0  0.0
  0.0  0.0  0.0  0.0  0.0  0.0  0.0  2.5  0.0  0.0  0.0  0.0  0.0  0.0  0.0
  0.0  0.0  0.0  0.0  0.0  0.0  0.0  2.5 19.7  4.9  7.4  7.4 32.0  0.0  0.0
  0.0  0.0  4.9  0.0  0.0  4.9  0.0  7.4  4.9  0.0  0.0  0.0 17.2  0.0  0.0
    -28.93     -3.63      1.72     -6.61      4.12  0.0  0.0  0.0  0.0  0.0
                                    t000099_s14_p17_qjpp.txt 13.3  4.7   72
 13.9  0.0  0.0  0.0  0.0  0.0  0.0  0.0  0.0  0.0  0.0  0.0  0.0  0.0  0.0
  0.0  0.0  0.0  0.0  0.0  0.0347.2194.4 41.7 55.6  0.0  0.0  0.0  0.0 13.9
  0.0  0.0  0.0  0.0  0.0 13.9  0.0  0.0  0.0  0.0  0.0  0.0  0.0 41.7  0.0
 13.9  0.0  0.0 13.9  0.0  0.0  0.0 55.6  0.0 13.9 55.6  0.0  0.0 69.4  0.0
  0.0  0.0  0.0  0.0  0.0  0.0  0.0  0.0  0.0  0.0  0.0  0.0  0.0  0.0  0.0
  0.0  0.0  0.0  0.0  0.0  0.0  0.0  0.0  0.0  0.0  0.0  0.0  0.0  0.0  0.0
  0.0  0.0  0.0  0.0  0.0  0.0  0.0  0.0  0.0  0.0  0.0  0.0  0.0  0.0  0.0
  0.0  0.0  0.0  0.0  0.0  0.0  0.0  0.0  0.0  0.0  0.0  0.0  0.0  0.0  0.0
  0.0  0.0  0.0  0.0  0.0  0.0  0.0  0.0 13.9  0.0  0.0 27.8 41.7 13.9  0.0
  0.0  0.0  0.0  0.0  0.0  0.0  0.0 27.8  0.0 13.9  0.0  0.0  0.0  0.0  0.0
    -28.78     -3.90      7.13     -6.61      7.17  0.0  0.0  0.0  0.0  0.0
                                    t000099_s14_p18_qjpp.txt 31.5  5.2  263
  7.6  3.8  0.0 15.2  0.0  0.0  0.0  0.0 19.0  0.0  0.0  0.0  0.0  0.0  0.0
  0.0  0.0  0.0  3.8  0.0  0.0490.5 79.8 68.4 26.6  3.8  0.0  0.0  0.0  0.0
  0.0  3.8  0.0  0.0  0.0  0.0  3.8  0.0  0.0  0.0  0.0  0.0  0.0  0.0  0.0
  7.6  0.0  0.0  3.8  0.0  0.0  7.6  7.6  0.0  0.0 87.5 22.8  0.0 57.0  3.8
  0.0  0.0  0.0  0.0  0.0  0.0  0.0  0.0  0.0  0.0  0.0  0.0  0.0  0.0  0.0
  0.0  0.0  0.0  0.0  0.0  0.0  0.0  0.0  0.0  0.0  0.0  0.0  0.0  0.0  0.0
  0.0  0.0  0.0  0.0  0.0  0.0  0.0  0.0  0.0  0.0  0.0  0.0  0.0  0.0  0.0
  0.0  0.0  0.0  0.0  0.0  0.0  0.0  0.0  0.0  0.0  0.0  0.0  0.0  0.0  0.0
  0.0  0.0  0.0  0.0  0.0  0.0  0.0  0.0  7.6  0.0  3.8  7.6  7.6  0.0  0.0
  0.0  3.8  0.0  0.0  0.0  7.6  0.0  7.6  0.0  7.6  0.0  0.0  3.8  3.8  0.0
    -28.63     -4.68      2.38     -6.61     -1.17  0.0  0.0  0.0  0.0  0.0
                                    t000099_s14_p19_qjpp.txt  8.0  5.0   46
  0.0  0.0  0.0 21.7  0.0  0.0  0.0  0.0  0.0  0.0  0.0  0.0  0.0  0.0  0.0
  0.0  0.0  0.0  0.0  0.0  0.0326.1217.4 87.0 21.7  0.0  0.0  0.0  0.0  0.0
  0.0  0.0  0.0  0.0  0.0  0.0  0.0  0.0  0.0  0.0  0.0  0.0  0.0 43.5  0.0
  0.0  0.0  0.0  0.0  0.0  0.0  0.0 43.5  0.0  0.0108.7  0.0  0.0 65.2  0.0
  0.0  0.0  0.0  0.0  0.0  0.0  0.0  0.0  0.0  0.0  0.0  0.0  0.0  0.0  0.0
  0.0  0.0  0.0  0.0  0.0  0.0  0.0  0.0  0.0  0.0  0.0  0.0  0.0  0.0  0.0
  0.0  0.0  0.0  0.0  0.0  0.0  0.0  0.0  0.0  0.0  0.0  0.0  0.0  0.0  0.0
  0.0  0.0  0.0  0.0  0.0  0.0  0.0  0.0  0.0  0.0  0.0  0.0  0.0  0.0  0.0
  0.0  0.0  0.0  0.0  0.0  0.0  0.0  0.0  0.0  0.0  0.0 21.7 21.7 21.7  0.0
  0.0  0.0  0.0  0.0  0.0 65.2  0.0 21.7 21.7 21.7  0.0  0.0  0.0  0.0  0.0
    -32.93     -5.01      0.97     -6.61      2.96  0.0  0.0  0.0  0.0  0.0
                                     t000099_s14_p2_qjpp.txt  4.8  5.9   21
  0.0  0.0  0.0 95.2  0.0  0.0  0.0  0.0  0.0  0.0  0.0  0.0  0.0  0.0  0.0
  0.0  0.0  0.0 47.6  0.0  0.0428.6 95.2  0.0  0.0  0.0  0.0  0.0  0.0  0.0
  0.0  0.0  0.0  0.0  0.0  0.0  0.0 47.6  0.0  0.0 47.6  0.0  0.0 47.6 47.6
  0.0  0.0  0.0  0.0  0.0 95.2 47.6 95.2  0.0  0.0  0.0  0.0  0.0 95.2  0.0
  0.0  0.0  0.0  0.0  0.0  0.0  0.0  0.0  0.0  0.0  0.0  0.0  0.0  0.0  0.0
  0.0  0.0  0.0  0.0  0.0  0.0  0.0  0.0  0.0  0.0  0.0  0.0  0.0  0.0  0.0
  0.0  0.0  0.0  0.0  0.0  0.0  0.0  0.0  0.0  0.0  0.0  0.0  0.0  0.0  0.0
  0.0  0.0  0.0  0.0  0.0  0.0  0.0  0.0  0.0  0.0  0.0  0.0  0.0  0.0  0.0
  0.0  0.0  0.0  0.0  0.0  0.0  0.0  0.0  0.0  0.0 95.2  0.0 47.6  0.0  0.0
  0.0  0.0  0.0  0.0  0.0  0.0  0.0  0.0  0.0  0.0  0.0  0.0  0.0  0.0  0.0
    -16.45     -5.73      0.97     27.41     40.22  0.0  0.0  0.0  0.0  0.0
                                    t000099_s14_p20_qjpp.txt 37.5  5.3  377
  2.7  0.0  0.0 21.2  0.0  0.0  0.0  0.0  0.0  0.0  0.0  0.0  0.0  0.0  0.0
  0.0  0.0  0.0  8.0  0.0  0.0413.8114.1 61.0 63.7  0.0  2.7  0.0  0.0  2.7
  0.0  2.7  0.0  2.7  0.0 13.3  2.7  0.0  0.0  0.0  0.0  0.0  2.7 39.8  0.0
  5.3  2.7  0.0  0.0  0.0  0.0 13.3 45.1  0.0  2.7 74.3  0.0  2.7132.6 15.9
  0.0  0.0  0.0  0.0  0.0  0.0  0.0  0.0  0.0  0.0  0.0  0.0  0.0  0.0  0.0
  0.0  0.0  0.0  0.0  0.0  0.0  0.0  0.0  0.0  0.0  0.0  0.0  0.0  0.0  0.0
  0.0  0.0  0.0  0.0  0.0  0.0  0.0  0.0  0.0  0.0  0.0  0.0  0.0  0.0  0.0
  0.0  0.0  0.0  0.0  0.0  0.0  0.0  0.0  0.0  0.0  0.0  0.0  0.0  0.0  0.0
  0.0  0.0  0.0  0.0  0.0  0.0  0.0  0.0 10.6  2.7 15.9  5.3  0.0  5.3  0.0
  0.0  0.0  2.7  0.0  0.0  5.3  2.7 39.8  5.3 10.6  0.0  0.0  0.0  5.3  0.0
    -28.76     -3.12      1.77     -6.61      5.77  0.0  0.0  0.0  0.0  0.0
                                    t000099_s14_p21_qjpp.txt 33.0  5.1  184
  0.0  0.0  0.0  5.4  0.0  0.0  0.0  0.0  0.0  0.0  0.0  0.0  0.0  0.0  0.0
  0.0  0.0  0.0  0.0  0.0  0.0538.0 81.5 48.9 59.8  0.0  5.4  0.0  0.0  0.0
  0.0  0.0  0.0  0.0  5.4 10.9  0.0  0.0  0.0  0.0  0.0  0.0  5.4 32.6  0.0
  0.0  0.0  0.0  0.0  0.0  0.0  0.0 32.6  0.0  0.0 59.8  0.0  0.0 97.8 27.2
  0.0  0.0  0.0  0.0  0.0  0.0  0.0  0.0  0.0  0.0  0.0  0.0  0.0  0.0  0.0
  0.0  0.0  0.0  0.0  0.0  0.0  0.0  0.0  0.0  0.0  0.0  0.0  0.0  0.0  0.0
  0.0  0.0  0.0  0.0  0.0  0.0  0.0  0.0  0.0  0.0  0.0  0.0  0.0  0.0  0.0
  0.0  0.0  0.0  0.0  0.0  0.0  0.0  0.0  0.0  0.0  0.0  0.0  0.0  0.0  0.0
  0.0  5.4  0.0  0.0  0.0  0.0  0.0  0.0 27.2  0.0 21.7  5.4 10.9  5.4  5.4
  0.0  0.0  5.4  0.0  0.0  0.0  0.0 43.5  0.0 10.9  0.0  0.0  0.0  0.0  0.0
    -32.34     -2.72     -1.24     -6.61      4.71  0.0  0.0  0.0  0.0  0.0
                                    t000099_s14_p22_qjpp.txt 34.5  5.2  346
  8.7  0.0  0.0  8.7  0.0  0.0  0.0  0.0  0.0  0.0  0.0  0.0  0.0  0.0  0.0
  0.0  0.0  0.0  0.0  0.0  0.0471.1104.0 34.7 37.6  0.0  0.0  0.0  0.0  0.0
  0.0  0.0  0.0  0.0  5.8  2.9  5.8  0.0  0.0  0.0  0.0  0.0  0.0 17.3  0.0
  0.0  2.9  0.0  2.9  0.0  0.0  2.9 17.3  0.0  0.0 54.9  0.0  0.0 60.7  2.9
  0.0  0.0  0.0  0.0  0.0  0.0  0.0  0.0  0.0  0.0  0.0  0.0  0.0  0.0  0.0
  0.0  0.0  0.0  0.0  0.0  0.0  0.0  0.0  0.0  0.0  0.0  0.0  0.0  0.0  0.0
  0.0  0.0  0.0  0.0  0.0  0.0  0.0  0.0  0.0  0.0  2.9  0.0  0.0  0.0  0.0
  0.0  0.0  0.0  0.0  0.0  0.0  0.0  2.9  0.0  0.0  0.0  0.0  0.0  0.0  0.0
  0.0  0.0  0.0  0.0  0.0  0.0  0.0  0.0 14.5  8.7  5.8 14.5 14.5  0.0  0.0
  0.0  0.0  0.0  0.0  0.0  2.9  0.0 20.2  2.9 26.0  0.0  0.0  0.0  0.0  0.0
    -29.74     -4.49     -0.89     -6.61     -1.00  0.0  0.0  0.0  0.0  0.0
                                    t000099_s14_p23_qjpp.txt 10.0  5.0   56
  0.0  0.0  0.0  0.0  0.0  0.0  0.0  0.0 17.9  0.0  0.0  0.0  0.0 17.9  0.0
  0.0  0.0  0.0  0.0  0.0  0.0232.1142.9 35.7 89.3  0.0  0.0 17.9  0.0  0.0
  0.0  0.0  0.0 17.9  0.0 53.6  0.0  0.0  0.0  0.0  0.0  0.0 35.7 17.9 17.9
  0.0  0.0  0.0 17.9 17.9  0.0  0.0 35.7  0.0  0.0 53.6 17.9  0.0107.1  0.0
 17.9  0.0  0.0  0.0  0.0  0.0  0.0  0.0  0.0  0.0  0.0  0.0  0.0  0.0  0.0
  0.0  0.0  0.0  0.0  0.0  0.0  0.0  0.0  0.0  0.0  0.0  0.0  0.0  0.0  0.0
  0.0  0.0  0.0  0.0  0.0  0.0  0.0  0.0  0.0  0.0  0.0  0.0  0.0  0.0  0.0
  0.0  0.0  0.0  0.0  0.0  0.0  0.0  0.0  0.0  0.0  0.0  0.0  0.0  0.0  0.0
  0.0  0.0  0.0  0.0  0.0  0.0  0.0  0.0  0.0  0.0 53.6 35.7  0.0  0.0  0.0
  0.0  0.0  0.0  0.0  0.0  0.0  0.0 17.9 17.9  0.0  0.0  0.0  0.0  0.0  0.0
    -15.74      0.52     -7.17     -6.61     35.14  0.0  0.0  0.0  0.0  0.0
                                    t000099_s14_p24_qjpp.txt 22.8  6.4  145
  6.9  0.0  0.0 13.8  0.0  0.0  0.0  0.0  0.0  0.0  0.0  0.0  0.0  0.0  0.0
  0.0  0.0  0.0  0.0  0.0  0.0475.9 48.3  6.9 27.6  0.0  0.0  0.0  0.0  0.0
  0.0  0.0  0.0  0.0  0.0  0.0  0.0  0.0  0.0  0.0  0.0  0.0  0.0 13.8  0.0
  0.0  0.0  0.0  0.0  6.9  0.0  0.0 13.8  0.0  0.0 48.3  0.0  0.0 34.5  0.0
  0.0  0.0  0.0  0.0  0.0  0.0  0.0  0.0  0.0  0.0  0.0  0.0  0.0  0.0  0.0
  0.0  0.0  0.0  0.0  0.0  0.0  0.0  0.0  0.0  0.0  0.0  0.0  0.0  0.0  0.0
  0.0  0.0  0.0  0.0  0.0  0.0  0.0  0.0  0.0  0.0  6.9  0.0  0.0  0.0  0.0
  0.0  0.0  0.0  0.0  0.0  0.0  0.0  6.9  0.0  0.0  0.0  0.0  0.0  0.0  0.0
  0.0  0.0  0.0  0.0  0.0  0.0  0.0  6.9  6.9  0.0  0.0  0.0  6.9 13.8  0.0
  0.0  0.0  0.0  0.0  0.0  0.0  0.0  6.9  0.0  0.0  0.0  0.0  0.0  0.0  0.0
    -29.29     -4.82      0.97     -6.61     -1.54  0.0  0.0  0.0  0.0  0.0
                                    t000099_s14_p25_qjpp.txt 16.8  5.4   89
 11.2  0.0  0.0 11.2  0.0  0.0  0.0  0.0  0.0  0.0  0.0  0.0  0.0  0.0  0.0
  0.0  0.0  0.0  0.0  0.0  0.0494.4123.6 56.2 78.7  0.0  0.0  0.0  0.0  0.0
  0.0  0.0  0.0  0.0  0.0 11.2  0.0  0.0  0.0  0.0  0.0  0.0  0.0 33.7  0.0
  0.0  0.0  0.0  0.0  0.0  0.0  0.0 33.7  0.0  0.0 56.2  0.0  0.0112.4 11.2
  0.0  0.0  0.0  0.0  0.0  0.0  0.0  0.0  0.0  0.0  0.0  0.0  0.0  0.0  0.0
  0.0  0.0  0.0  0.0  0.0  0.0  0.0  0.0  0.0  0.0  0.0  0.0  0.0  0.0  0.0
  0.0  0.0  0.0  0.0  0.0  0.0  0.0  0.0  0.0  0.0 11.2  0.0  0.0  0.0  0.0
  0.0  0.0  0.0  0.0  0.0  0.0  0.0 11.2  0.0  0.0  0.0  0.0  0.0  0.0  0.0
  0.0  0.0  0.0  0.0  0.0  0.0  0.0 11.2 22.5 22.5  0.0  0.0 56.2 11.2  0.0
  0.0  0.0 11.2  0.0  0.0  0.0  0.0 22.5  0.0 11.2  0.0  0.0 11.2 11.2  0.0
    -32.59     -3.14      0.34     -6.61      1.48  0.0  0.0  0.0  0.0  0.0
                                    t000099_s14_p26_qjpp.txt 27.3  5.2  143
  0.0  0.0  0.0 28.0  0.0  0.0  0.0  0.0  0.0  0.0  0.0  0.0  0.0  0.0  0.0
  0.0  0.0  0.0  0.0  0.0  0.0475.5118.9 14.0 55.9  0.0  0.0  0.0  0.0  0.0
  0.0  0.0  0.0 14.0  0.0  7.0 14.0  0.0  0.0  0.0  0.0  7.0  0.0 42.0  0.0
  7.0  0.0  0.0  0.0  0.0  0.0  0.0 49.0  0.0  0.0 21.0  0.0  0.0118.9  7.0
  0.0  0.0  0.0  0.0  0.0  0.0  0.0  0.0  0.0  0.0  0.0  0.0  0.0  0.0  0.0
  0.0  0.0  0.0  0.0  0.0  0.0  0.0  0.0  0.0  0.0  0.0  0.0  0.0  0.0  0.0
  0.0  0.0  0.0  0.0  0.0  0.0  0.0  0.0  0.0  0.0  7.0  0.0  0.0  0.0  0.0
  0.0  0.0  0.0  0.0  0.0  0.0  0.0  7.0  0.0  0.0  0.0  0.0  0.0  0.0  0.0
  0.0  0.0  0.0  0.0  0.0  0.0  0.0  7.0 14.0  0.0  0.0 14.0 14.0  0.0  0.0
  0.0  0.0  0.0  0.0  0.0  0.0  0.0 28.0  0.0 21.0  0.0  0.0  0.0  0.0  0.0
    -29.64     -3.89     -3.42     -3.81      4.99  0.0  0.0  0.0  0.0  0.0
                                    t000099_s14_p27_qjpp.txt 28.3  5.4  151
  6.6  0.0  0.0  6.6  0.0  0.0  0.0  0.0  0.0  0.0  0.0  0.0  0.0  0.0  0.0
  0.0  0.0  0.0  6.6  0.0  0.0417.2 99.3 53.0 59.6  0.0  0.0  0.0  0.0  0.0
  0.0  0.0  0.0  6.6  0.0 13.2  6.6  0.0  0.0  0.0  0.0  0.0  6.6 46.4  0.0
  6.6  6.6  0.0  0.0  0.0  0.0 13.2 53.0  0.0  0.0 66.2  0.0  0.0119.2 19.9
  0.0  0.0  0.0  0.0  0.0  0.0  0.0  0.0  0.0  0.0  0.0  0.0  0.0  0.0  0.0
  0.0  0.0  0.0  0.0  0.0  0.0  0.0  0.0  0.0  0.0  0.0  0.0  0.0  0.0  0.0
  0.0  0.0  0.0  0.0  0.0  0.0  0.0  0.0  0.0  0.0  0.0  0.0  0.0  0.0  0.0
  0.0  0.0  0.0  0.0  0.0  0.0  0.0  0.0  0.0  0.0  0.0  0.0  0.0  0.0  0.0
  0.0  0.0  0.0  0.0  0.0  0.0  0.0  6.6  0.0  0.0 19.9 19.9  6.6  6.6  0.0
  0.0  6.6  6.6  0.0  6.6  0.0  0.0 46.4  0.0  0.0  0.0  0.0  0.0  0.0  0.0
    -28.52     -3.77     -1.67     -6.61      9.67  0.0  0.0  0.0  0.0  0.0
                                    t000099_s14_p28_qjpp.txt 29.3  4.7  497
  0.0  0.0  0.0  0.0  0.0  0.0  0.0  0.0  0.0  0.0  0.0  0.0  0.0  0.0  0.0
  0.0  0.0  0.0  4.0  0.0  0.0438.6136.8 36.2 50.3  0.0  0.0  0.0  0.0  0.0
  0.0  4.0  0.0  4.0  0.0 14.1  2.0  0.0  0.0  0.0  0.0  2.0  4.0 38.2  4.0
  2.0  2.0  0.0  0.0  0.0  0.0 10.1 44.3  0.0  0.0 52.3  0.0  0.0 78.5  8.0
  0.0  0.0  0.0  0.0  0.0  0.0  0.0  0.0  0.0  0.0  0.0  0.0  0.0  0.0  0.0
  0.0  0.0  0.0  0.0  0.0  0.0  0.0  0.0  0.0  0.0  0.0  0.0  0.0  0.0  0.0
  0.0  0.0  0.0  0.0  0.0  0.0  0.0  0.0  0.0  0.0  0.0  0.0  0.0  0.0  0.0
  0.0  0.0  0.0  0.0  0.0  0.0  0.0  0.0  0.0  0.0  0.0  0.0  0.0  0.0  0.0
  0.0  0.0  0.0  0.0  0.0  0.0  0.0  2.0  4.0  2.0  4.0 12.1  6.0  2.0  2.0
  0.0  2.0  2.0  2.0  0.0  2.0  0.0 24.1  0.0  2.0  0.0  0.0  2.0  0.0  0.0
    -29.35     -4.07      0.51     -5.80      8.43  0.0  0.0  0.0  0.0  0.0
                                    t000099_s14_p29_qjpp.txt 26.3  4.9  161
  6.2  0.0  0.0 12.4  0.0  0.0  0.0  0.0  0.0  0.0  0.0  0.0  0.0  0.0  0.0
  0.0  0.0  0.0  0.0  0.0  0.0459.6136.6 37.3 37.3  0.0  0.0  0.0  0.0  0.0
  0.0  0.0  0.0  0.0  0.0  6.2 18.6  0.0  0.0  0.0  0.0  0.0  0.0 31.1  6.2
  0.0  0.0  0.0  0.0  0.0  0.0  0.0 37.3  0.0  0.0 49.7  0.0  0.0 93.2  6.2
  0.0  0.0  0.0  0.0  0.0  0.0  0.0  0.0  0.0  0.0  0.0  0.0  0.0  0.0  0.0
  0.0  0.0  0.0  6.2  0.0  0.0  0.0  0.0  0.0  0.0  0.0  0.0  0.0  0.0  0.0
  0.0  0.0  6.2  0.0  0.0  0.0  0.0  0.0  0.0  0.0  0.0  0.0  0.0  0.0  0.0
  6.2  0.0  0.0  6.2  6.2  0.0  6.2  0.0  0.0  0.0  0.0  0.0  0.0  0.0  0.0
  0.0  0.0  0.0  0.0  0.0  0.0  0.0 12.4  6.2  0.0  6.2 37.3 18.6  6.2  0.0
  0.0  0.0  6.2  0.0  0.0  0.0  0.0 24.8  0.0 12.4  0.0  0.0  0.0  0.0  0.0
    -30.18     -4.50      0.62     -6.61      5.86  0.0  0.0  0.0  0.0  0.0
                                     t000099_s14_p3_qjpp.txt  4.8  5.9   19
  0.0  0.0  0.0 52.6  0.0  0.0  0.0  0.0 52.6  0.0  0.0  0.0  0.0  0.0  0.0
  0.0  0.0  0.0  0.0  0.0  0.0578.9105.3 52.6 52.6  0.0  0.0  0.0  0.0 52.6
  0.0  0.0  0.0  0.0  0.0  0.0  0.0  0.0  0.0  0.0  0.0  0.0  0.0  0.0  0.0
  0.0  0.0  0.0  0.0 52.6  0.0  0.0  0.0  0.0 52.6105.3 52.6  0.0105.3  0.0
  0.0  0.0  0.0  0.0  0.0  0.0  0.0  0.0  0.0  0.0  0.0  0.0  0.0  0.0  0.0
  0.0  0.0  0.0  0.0  0.0  0.0  0.0  0.0  0.0  0.0  0.0  0.0  0.0  0.0  0.0
  0.0  0.0  0.0  0.0  0.0  0.0  0.0  0.0  0.0  0.0  0.0  0.0  0.0  0.0  0.0
  0.0  0.0  0.0  0.0  0.0  0.0  0.0  0.0  0.0  0.0  0.0  0.0  0.0  0.0  0.0
  0.0  0.0  0.0  0.0  0.0  0.0  0.0  0.0157.9  0.0  0.0  0.0  0.0  0.0  0.0
 52.6  0.0  0.0  0.0  0.0  0.0  0.0  0.0  0.0  0.0  0.0  0.0  0.0  0.0  0.0
    -33.11     -4.00     27.29     -6.61     -3.63  0.0  0.0  0.0  0.0  0.0
                                    t000099_s14_p30_qjpp.txt 31.0  5.3  209
  0.0  0.0  0.0  4.8  0.0  0.0  0.0  0.0  4.8  0.0  0.0  0.0  0.0  0.0  0.0
  0.0  0.0  0.0  0.0  0.0  4.8540.7134.0 23.9 62.2  0.0  4.8  0.0  0.0  0.0
  0.0  0.0  0.0 14.4  0.0  0.0  0.0  0.0  0.0  0.0  0.0  0.0  0.0 19.1  4.8
  0.0  0.0  0.0  0.0  0.0  0.0  0.0 23.9  0.0  0.0 23.9  4.8  0.0 86.1  9.6
  0.0  0.0  0.0  0.0  0.0  0.0  0.0  0.0  0.0  0.0  0.0  0.0  0.0  0.0  0.0
  0.0  0.0  0.0  0.0  0.0  0.0  0.0  0.0  0.0  0.0  0.0  0.0  0.0  0.0  0.0
  0.0  0.0  0.0  0.0  0.0  0.0  0.0  0.0  0.0  0.0  0.0  0.0  0.0  0.0  0.0
  0.0  0.0  0.0  0.0  0.0  0.0  0.0  0.0  0.0  0.0  0.0  0.0  0.0  0.0  0.0
  0.0  0.0  0.0  0.0  0.0  0.0  0.0  0.0  0.0  9.6 14.4  4.8 14.4  4.8  0.0
  0.0  0.0  0.0  0.0  0.0  0.0  0.0 23.9  0.0  0.0  0.0  0.0  0.0  0.0  0.0
    -31.53     -2.76     -3.13     -6.61      2.95  0.0  0.0  0.0  0.0  0.0
                                    t000099_s14_p31_qjpp.txt  7.5  5.5   31
  0.0  0.0  0.0  0.0  0.0  0.0  0.0  0.0  0.0  0.0  0.0  0.0  0.0  0.0  0.0
  0.0  0.0  0.0  0.0  0.0  0.0483.9161.3 64.5161.3  0.0  0.0  0.0  0.0  0.0
  0.0  0.0  0.0  0.0  0.0  0.0  0.0  0.0  0.0  0.0  0.0  0.0  0.0 32.3  0.0
  0.0  0.0  0.0  0.0  0.0  0.0  0.0 32.3  0.0  0.0 64.5  0.0  0.0129.0  0.0
  0.0  0.0  0.0  0.0  0.0  0.0  0.0  0.0  0.0  0.0  0.0  0.0  0.0  0.0  0.0
  0.0  0.0  0.0  0.0  0.0  0.0  0.0  0.0  0.0  0.0  0.0  0.0  0.0  0.0  0.0
  0.0  0.0  0.0  0.0  0.0  0.0  0.0  0.0  0.0  0.0  0.0  0.0  0.0  0.0  0.0
  0.0  0.0  0.0  0.0  0.0  0.0  0.0  0.0  0.0  0.0  0.0  0.0  0.0  0.0  0.0
  0.0  0.0  0.0  0.0  0.0  0.0  0.0 32.3  0.0 32.3  0.0  0.0  0.0 32.3  0.0
  0.0  0.0 32.3  0.0  0.0  0.0  0.0  0.0  0.0 32.3  0.0  0.0  0.0  0.0  0.0
    -35.72     -0.42      0.97     -6.61      1.26  0.0  0.0  0.0  0.0  0.0
                                    t000099_s14_p32_qjpp.txt 11.3  4.9   54
 18.5  0.0  0.0  0.0  0.0  0.0  0.0  0.0  0.0  0.0  0.0  0.0  0.0  0.0  0.0
  0.0  0.0  0.0 18.5  0.0  0.0370.4 74.1 55.6 92.6 18.5 18.5  0.0  0.0  0.0
  0.0 18.5  0.0  0.0  0.0 18.5  0.0  0.0  0.0  0.0  0.0  0.0  0.0 74.1  0.0
  0.0 18.5  0.0  0.0  0.0  0.0 55.6 74.1  0.0  0.0 92.6 18.5  0.0111.1  0.0
 18.5  0.0  0.0  0.0  0.0  0.0  0.0  0.0  0.0  0.0  0.0  0.0  0.0  0.0  0.0
  0.0  0.0  0.0  0.0  0.0  0.0  0.0  0.0  0.0  0.0  0.0  0.0  0.0  0.0  0.0
  0.0  0.0  0.0  0.0  0.0  0.0  0.0  0.0  0.0  0.0  0.0  0.0  0.0  0.0  0.0
  0.0  0.0  0.0  0.0  0.0  0.0  0.0  0.0  0.0  0.0  0.0  0.0  0.0  0.0  0.0
  0.0  0.0  0.0  0.0  0.0  0.0  0.0  0.0  0.0  0.0  0.0 18.5 18.5 74.1  0.0
  0.0  0.0 18.5  0.0  0.0  0.0  0.0  0.0 18.5 18.5  0.0  0.0  0.0  0.0  0.0
    -21.53      1.70      6.78     -6.61      7.60  0.0  0.0  0.0  0.0  0.0
                                    t000099_s14_p33_qjpp.txt 19.5  4.7  112
  0.0  0.0  0.0  0.0  0.0  0.0  0.0  0.0  0.0  0.0  0.0  0.0  0.0  0.0  0.0
  0.0  0.0  0.0  0.0  0.0  0.0473.2116.1 53.6 53.6  0.0  0.0  0.0  0.0  0.0
  0.0  0.0  0.0  8.9  0.0  0.0  0.0  0.0  0.0  0.0  0.0  0.0  0.0 35.7  0.0
  0.0  0.0  0.0  0.0  0.0  0.0  0.0 35.7  0.0  0.0 53.6  0.0  0.0 53.6  0.0
  0.0  0.0  0.0  0.0  0.0  0.0  0.0  0.0  0.0  0.0  0.0  0.0  0.0  0.0  0.0
  0.0  0.0  0.0  0.0  0.0  0.0  0.0  0.0  0.0  0.0  0.0  0.0  0.0  0.0  0.0
  0.0  0.0  0.0  0.0  0.0  0.0  0.0  0.0  0.0  0.0  0.0  0.0  0.0  0.0  0.0
  0.0  0.0  0.0  0.0  0.0  0.0  0.0  0.0  0.0  0.0  0.0  0.0  0.0  0.0  0.0
  0.0  0.0  0.0  0.0  0.0  0.0  0.0  0.0  0.0 17.9  0.0  8.9  0.0 17.9  0.0
  0.0  0.0 17.9  0.0  0.0  0.0  0.0  0.0  0.0  0.0  0.0  0.0  0.0  0.0  0.0
    -31.11     -3.97     -1.58     -6.61      1.78  0.0  0.0  0.0  0.0  0.0
                                    t000099_s14_p34_qjpp.txt 18.8  4.6  113
 35.4  0.0  0.0  8.8  0.0  0.0  0.0  8.8 17.7  0.0  0.0  0.0  0.0  0.0  0.0
  0.0  0.0  0.0  0.0  0.0  0.0345.1150.4 44.2 53.1 17.7  0.0  0.0  0.0  0.0
  0.0  0.0  0.0  8.8  0.0 17.7 26.5  0.0  0.0  0.0  0.0  0.0  8.8  0.0  0.0
  8.8  0.0  0.0  0.0  0.0  0.0  0.0  8.8  0.0  0.0 53.1 35.4  0.0 97.3  0.0
  0.0  0.0  0.0  0.0  0.0  0.0  0.0  0.0  0.0  0.0  0.0  0.0  0.0  0.0  0.0
  0.0  0.0  0.0  0.0  0.0  0.0  0.0  0.0  0.0  0.0  0.0  0.0  0.0  0.0  0.0
  0.0  0.0  8.8  0.0  0.0  0.0  0.0  0.0  0.0  0.0  0.0  0.0  0.0  0.0  0.0
  0.0  0.0  0.0  0.0  8.8  0.0  8.8  0.0  0.0  0.0  0.0  0.0  0.0  0.0  0.0
  0.0  0.0  0.0  0.0  0.0  0.0  0.0  8.8  0.0  8.8 26.5  8.8  0.0 44.2  0.0
  0.0  0.0  0.0  0.0  0.0  0.0  0.0 26.5  8.8 35.4  8.8  0.0 26.5  0.0  0.0
    -21.79     -3.19     -2.56     -6.61      4.76  0.0  0.0  0.0  0.0  0.0
                                    t000099_s14_p35_qjpp.txt 16.5  4.6   99
  0.0  0.0  0.0 50.5  0.0  0.0  0.0  0.0  0.0 10.1  0.0  0.0  0.0  0.0  0.0
  0.0  0.0 10.1 10.1  0.0  0.0262.6141.4 70.7 10.1 10.1  0.0  0.0  0.0  0.0
  0.0  0.0  0.0  0.0 10.1 30.3  0.0  0.0 10.1  0.0  0.0  0.0  0.0 10.1 10.1
  0.0  0.0  0.0  0.0 10.1 10.1 10.1 20.2  0.0  0.0 90.9 10.1  0.0 80.8  0.0
 10.1  0.0  0.0  0.0  0.0  0.0  0.0  0.0  0.0  0.0  0.0  0.0  0.0  0.0  0.0
  0.0  0.0  0.0  0.0  0.0  0.0  0.0  0.0  0.0  0.0  0.0  0.0  0.0  0.0  0.0
  0.0  0.0  0.0  0.0  0.0  0.0  0.0  0.0  0.0  0.0  0.0  0.0  0.0  0.0  0.0
  0.0  0.0  0.0  0.0  0.0  0.0  0.0  0.0  0.0  0.0  0.0  0.0  0.0  0.0  0.0
  0.0  0.0  0.0  0.0  0.0  0.0  0.0  0.0 30.3  0.0  0.0 10.1  0.0 30.3 10.1
  0.0 10.1  0.0  0.0  0.0  0.0  0.0 20.2  0.0 10.1  0.0  0.0  0.0  0.0  0.0
    -19.13     -4.95     -3.72     -3.35      5.67  0.0  0.0  0.0  0.0  0.0
                                    t000099_s14_p36_qjpp.txt 20.8  4.4  112
  0.0  0.0  0.0  8.9  0.0  0.0  0.0  0.0  8.9  0.0  0.0  0.0  0.0  0.0  0.0
  0.0  0.0  0.0  8.9  0.0  0.0312.5125.0 35.7 35.7  0.0  8.9  0.0  0.0  8.9
  0.0  0.0  0.0  0.0  0.0 35.7  0.0  0.0  0.0  0.0  0.0  0.0  8.9  8.9  0.0
  0.0  0.0  0.0  0.0  0.0  0.0  8.9  8.9  0.0  8.9 53.6  8.9  0.0 53.6  0.0
  8.9  0.0  0.0  0.0  0.0  0.0  0.0  0.0  0.0  0.0  0.0  0.0  0.0  0.0  0.0
  0.0  0.0  0.0  0.0  0.0  0.0  0.0  0.0  0.0  0.0  0.0  0.0  0.0  0.0  0.0
  0.0  0.0  0.0  0.0  0.0  0.0  0.0  0.0  0.0  0.0  0.0  0.0  0.0  0.0  0.0
  0.0  0.0  0.0  0.0  0.0  0.0  0.0  0.0  0.0  0.0  0.0  0.0  0.0  0.0  0.0
  0.0  0.0  0.0  0.0  0.0  0.0  0.0  0.0  0.0  0.0  0.0 26.8  8.9 26.8  0.0
  0.0  0.0  0.0  0.0  0.0  0.0  0.0  8.9  0.0  0.0  0.0  0.0  0.0  0.0  0.0
    -22.79     -2.84      3.41     -6.61      3.31  0.0  0.0  0.0  0.0  0.0
                                    t000099_s14_p37_qjpp.txt 33.8  5.2  211
  0.0  0.0  0.0 47.4  0.0  0.0  0.0  0.0 19.0  0.0  0.0  0.0  0.0  0.0  0.0
  0.0  0.0  9.5  4.7  0.0  0.0350.7104.3 47.4 37.9  0.0  0.0  0.0  0.0  0.0
  0.0  0.0  0.0  9.5  0.0 37.9 14.2  0.0  4.7  0.0  0.0  0.0 14.2 19.0  0.0
  0.0  0.0  0.0  0.0  4.7  9.5  4.7 19.0  0.0  0.0 75.8 19.0  0.0104.3  0.0
  4.7  0.0  0.0  0.0  0.0  0.0  0.0  0.0  0.0  0.0  0.0  0.0  0.0  0.0  0.0
  0.0  0.0  0.0  0.0  0.0  0.0  4.7  0.0  0.0  0.0  0.0  0.0  4.7  0.0  0.0
  4.7  0.0  0.0  0.0  0.0  0.0  0.0  0.0  0.0  0.0  0.0  0.0  0.0  0.0  0.0
  4.7  0.0  4.7  9.5  4.7  0.0  4.7  0.0  0.0  0.0  0.0  0.0  0.0  0.0  0.0
  0.0  0.0  0.0  0.0  0.0  0.0  0.0  0.0  9.5  4.7 23.7 19.0  4.7 19.0  0.0
  0.0  0.0  0.0  0.0  4.7  4.7  0.0 19.0  9.5 23.7  0.0  4.7  4.7  0.0  0.0
    -22.31     -4.48     -3.89     -5.08      8.13  0.0  0.0  0.0  0.0  0.0
                                    t000099_s14_p38_qjpp.txt  9.0  4.8   40
  0.0  0.0  0.0 50.0  0.0  0.0  0.0  0.0 25.0  0.0  0.0  0.0  0.0  0.0  0.0
  0.0  0.0  0.0  0.0  0.0  0.0300.0125.0 50.0  0.0  0.0  0.0  0.0  0.0  0.0
  0.0  0.0  0.0 25.0  0.0 75.0  0.0  0.0  0.0  0.0  0.0  0.0 25.0  0.0  0.0
  0.0  0.0  0.0  0.0  0.0  0.0  0.0  0.0  0.0  0.0100.0 25.0 25.0 50.0  0.0
  0.0  0.0  0.0  0.0  0.0  0.0  0.0  0.0  0.0  0.0  0.0  0.0  0.0  0.0  0.0
  0.0  0.0  0.0  0.0  0.0  0.0  0.0  0.0  0.0  0.0  0.0  0.0  0.0  0.0  0.0
  0.0  0.0  0.0  0.0  0.0  0.0  0.0  0.0  0.0  0.0  0.0  0.0  0.0  0.0  0.0
  0.0  0.0  0.0  0.0  0.0  0.0  0.0  0.0  0.0  0.0  0.0  0.0  0.0  0.0  0.0
  0.0  0.0  0.0  0.0  0.0  0.0  0.0  0.0  0.0  0.0 25.0  0.0  0.0 50.0  0.0
  0.0  0.0  0.0  0.0  0.0 25.0  0.0  0.0  0.0  0.0  0.0 25.0  0.0  0.0  0.0
    -24.31     -5.73    -10.43     -6.61     12.00  0.0  0.0  0.0  0.0  0.0
                                    t000099_s14_p39_qjpp.txt 18.5  5.3  112
  8.9  0.0  0.0 62.5  0.0  0.0  0.0  0.0 26.8  0.0  0.0  0.0  0.0  0.0  0.0
  0.0  0.0  8.9  0.0  0.0  0.0312.5160.7 35.7  8.9  0.0  0.0  0.0  0.0  0.0
  0.0  0.0  0.0 26.8  0.0 35.7  0.0  0.0  8.9  0.0  0.0  0.0  8.9  8.9  0.0
  0.0  8.9  8.9  0.0  0.0  8.9  8.9  8.9  0.0  0.0 53.6 26.8  0.0 89.3  0.0
  0.0  0.0  0.0  0.0  0.0  0.0  0.0  0.0  0.0  0.0  0.0  0.0  0.0  0.0  0.0
  0.0  0.0  0.0  0.0  0.0  0.0  0.0  0.0  0.0  0.0  0.0  0.0  0.0  0.0  0.0
  0.0  0.0  0.0  0.0  0.0  0.0  0.0  0.0  0.0  0.0  0.0  0.0  0.0  0.0  0.0
  0.0  0.0  0.0  0.0  0.0  0.0  0.0  0.0  0.0  0.0  0.0  0.0  0.0  0.0  0.0
  0.0  0.0  0.0  0.0  0.0  0.0  0.0  0.0  0.0  0.0  0.0 26.8  8.9 17.9  0.0
  0.0  0.0  0.0  0.0  0.0  0.0  0.0  8.9  0.0  8.9  0.0  0.0  8.9  8.9  0.0
    -22.64     -5.43     -8.71     -3.72      3.31  0.0  0.0  0.0  0.0  0.0
                                     t000099_s14_p4_qjpp.txt  9.8  5.8   52
 19.2  0.0  0.0 57.7  0.0  0.0  0.0  0.0  0.0  0.0  0.0  0.0  0.0  0.0  0.0
  0.0  0.0  0.0  0.0  0.0  0.0653.8 76.9 38.5  0.0  0.0  0.0  0.0  0.0  0.0
  0.0  0.0  0.0  0.0  0.0  0.0  0.0  0.0  0.0  0.0  0.0  0.0  0.0  0.0  0.0
  0.0  0.0  0.0  0.0 19.2  0.0  0.0  0.0  0.0  0.0 96.2  0.0  0.0 38.5  0.0
  0.0  0.0  0.0  0.0  0.0  0.0  0.0  0.0  0.0  0.0  0.0  0.0  0.0  0.0  0.0
  0.0  0.0  0.0  0.0  0.0  0.0  0.0  0.0  0.0  0.0  0.0  0.0  0.0  0.0  0.0
  0.0  0.0  0.0  0.0  0.0  0.0  0.0  0.0  0.0  0.0  0.0  0.0  0.0  0.0  0.0
  0.0  0.0  0.0  0.0  0.0  0.0  0.0  0.0  0.0  0.0  0.0  0.0  0.0  0.0  0.0
  0.0  0.0  0.0  0.0  0.0  0.0  0.0  0.0  0.0  0.0 19.2 38.5 96.2  0.0  0.0
  0.0  0.0  0.0  0.0  0.0 19.2  0.0 19.2  0.0  0.0  0.0  0.0  0.0  0.0  0.0
    -33.10     -5.73      0.97     -6.61     -3.63  0.0  0.0  0.0  0.0  0.0
                                    t000099_s14_p40_qjpp.txt 20.0  4.1  150
  6.7  0.0  0.0  6.7  0.0  0.0  6.7  0.0  0.0  0.0  0.0  0.0  0.0  0.0  0.0
  0.0  0.0  0.0  0.0  0.0  0.0293.3 86.7 20.0 46.7  6.7  0.0  6.7  0.0  0.0
  0.0  0.0  0.0  0.0  0.0 20.0  6.7  0.0  0.0  0.0  0.0  0.0  0.0 26.7  0.0
  0.0 13.3  0.0  0.0  0.0  0.0 13.3 26.7  0.0  0.0 20.0  6.7  0.0 73.3 13.3
  6.7  0.0  0.0  0.0  0.0  0.0  0.0  0.0  0.0  0.0  0.0  0.0  0.0  0.0  0.0
  0.0  0.0  0.0  0.0  0.0  0.0  0.0  0.0  0.0  0.0  0.0  0.0  0.0  0.0  0.0
  0.0  0.0  0.0  0.0  0.0  0.0  0.0  0.0  0.0  0.0  0.0  0.0  0.0  0.0  0.0
  0.0  0.0  0.0  0.0  0.0  0.0  0.0  0.0  0.0  0.0  0.0  0.0  0.0  0.0  0.0
  0.0  0.0  0.0  0.0  0.0  0.0  0.0  0.0  0.0  0.0  0.0  0.0  0.0  0.0  0.0
  0.0  0.0  0.0  0.0  0.0  0.0  0.0 20.0  0.0  6.7  0.0  0.0  6.7  0.0  0.0
    -19.50     -2.66     -0.16     -6.61      0.41  6.7  0.0  0.0  0.0  0.0
                                    t000099_s14_p41_qjpp.txt 15.0  4.0  107
  9.3  0.0  0.0 18.7  0.0  0.0  9.3  9.3 18.7  0.0  0.0  0.0  0.0  0.0  0.0
  0.0  0.0  0.0  0.0  0.0  0.0186.9 74.8 84.1 37.4 18.7  9.3  0.0  0.0  0.0
  0.0  0.0  0.0  0.0  0.0 28.0  9.3  0.0  9.3  0.0  0.0  0.0  0.0  0.0  0.0
  0.0  0.0  0.0  0.0  0.0  0.0  0.0  0.0  0.0  0.0 93.5 37.4  0.0 74.8  9.3
  0.0  0.0  0.0  0.0  0.0  0.0  0.0  0.0  0.0  0.0  0.0  0.0  0.0  0.0  0.0
  0.0  0.0  0.0  0.0  0.0  0.0  0.0  0.0  0.0  0.0  0.0  0.0  0.0  0.0  0.0
  0.0  0.0  0.0  0.0  0.0  0.0  0.0  0.0  0.0  0.0  0.0  0.0  0.0  0.0  0.0
  0.0  0.0  0.0  0.0  0.0  0.0  0.0  0.0  0.0  0.0  0.0  0.0  0.0  0.0  0.0
  0.0  0.0  0.0  0.0  0.0  0.0  0.0  0.0  0.0  0.0  0.0 18.7  0.0  0.0  0.0
  0.0  0.0  0.0  0.0  0.0  0.0  0.0 18.7  0.0  9.3  0.0  0.0  9.3  0.0  0.0
    -15.13     -1.87     -0.62     -3.59     -3.63  0.0  0.0  0.0  0.0  0.0
                                    t000099_s14_p42_qjpp.txt 22.8  5.4  135
 22.2  0.0  0.0 37.0  0.0  0.0  0.0  0.0  0.0  0.0  0.0  0.0  0.0  0.0  0.0
  0.0  0.0  0.0 14.8  0.0  0.0392.6 81.5 37.0 66.7  0.0  0.0  0.0  0.0  0.0
  0.0  0.0  0.0  0.0  0.0 51.9  0.0  0.0  0.0  7.4  0.0  0.0  7.4 74.1  0.0
  0.0  7.4  0.0  0.0  0.0  0.0 29.6 74.1  0.0  0.0 51.9  0.0  0.0118.5 14.8
  0.0  0.0  0.0  0.0  0.0  0.0  0.0  0.0  0.0  0.0  0.0  0.0  0.0  0.0  0.0
  0.0  0.0  0.0  0.0  0.0  0.0  0.0  0.0  0.0  0.0  0.0  0.0  0.0  0.0  0.0
  0.0  0.0  0.0  0.0  0.0  0.0  0.0  0.0  0.0  0.0 14.8  0.0  0.0  0.0  0.0
  0.0  0.0  0.0  0.0  0.0  0.0  0.0 14.8  0.0  0.0  0.0  0.0  0.0  0.0  0.0
  0.0  0.0  0.0  0.0  0.0  0.0  0.0  0.0 37.0 29.6 22.2  7.4  7.4  7.4  0.0
  0.0  0.0  0.0  0.0  0.0  0.0  7.4 37.0  0.0 29.6  0.0  0.0 37.0  0.0  0.0
    -22.12     -3.53     -1.97     -3.24     12.23  0.0  0.0  0.0  0.0  0.0
                                     t000099_s14_p5_qjpp.txt 35.3  4.8  427
  0.0  0.0  0.0  7.0  0.0  0.0  0.0  0.0  0.0  0.0  0.0  0.0  0.0  0.0  0.0
  0.0  0.0  0.0  2.3  0.0  0.0522.2 74.9 44.5 23.4  0.0  0.0  0.0  0.0  0.0
  0.0  2.3  0.0  0.0  0.0  4.7  0.0  0.0  0.0  0.0  0.0  0.0  0.0 11.7  9.4
  0.0  0.0  0.0  0.0  2.3  0.0  4.7 21.1  0.0  0.0 53.9  0.0  0.0 42.2  2.3
  0.0  0.0  0.0  0.0  0.0  0.0  0.0  0.0  0.0  0.0  0.0  0.0  0.0  0.0  0.0
  0.0  0.0  0.0  0.0  0.0  0.0  0.0  0.0  0.0  0.0  0.0  0.0  0.0  0.0  0.0
  0.0  0.0  0.0  0.0  0.0  0.0  0.0  0.0  0.0  0.0  0.0  0.0  0.0  0.0  0.0
  0.0  0.0  0.0  0.0  0.0  0.0  0.0  0.0  0.0  0.0  0.0  0.0  0.0  0.0  0.0
  0.0  0.0  0.0  0.0  0.0  0.0  0.0  2.3  4.7  0.0 18.7 16.4 14.1  4.7  4.7
  2.3  0.0  2.3  0.0  0.0  4.7  2.3  9.4  0.0  2.3  0.0  2.3  0.0  0.0  0.0
    -30.01     -4.96      1.57     -6.61      5.35  0.0  2.3  2.3  0.0  0.0
                                     t000099_s14_p6_qjpp.txt 36.5  5.4  200
  0.0  0.0  0.0 10.0  0.0  0.0  0.0  0.0 10.0  0.0  0.0  0.0  0.0  0.0  0.0
  0.0  0.0  0.0 10.0  0.0  0.0495.0 90.0 35.0 30.0  0.0  0.0  0.0  0.0  0.0
  0.0  5.0  0.0  5.0  5.0 20.0 15.0  0.0  0.0  0.0  0.0  0.0 15.0 15.0 10.0
 10.0  0.0  0.0  0.0  0.0  0.0 15.0 35.0  0.0  0.0 50.0 10.0  0.0 80.0  5.0
  0.0  0.0  0.0  0.0  0.0  0.0  0.0  0.0  0.0  0.0  0.0  0.0  0.0  0.0  0.0
  0.0  0.0  0.0  5.0  0.0  0.0  0.0  0.0  0.0  0.0  0.0  0.0  0.0  0.0  5.0
  0.0  0.0  0.0  0.0  0.0  0.0  0.0  0.0  0.0  0.0  0.0  0.0  0.0  0.0  0.0
  5.0  0.0  0.0  5.0  5.0  0.0  5.0  0.0  0.0  0.0  0.0  0.0  0.0  0.0  0.0
  0.0  0.0  0.0  0.0  0.0  0.0  0.0  0.0  5.0  0.0 20.0 20.0 10.0  0.0  0.0
  5.0  0.0  0.0  0.0  0.0 10.0  5.0 15.0  0.0  5.0  0.0  0.0  0.0  0.0  0.0
    -28.68     -4.74     -1.21     -6.61     18.94  0.0  0.0  0.0  0.0  0.0
                                     t000099_s14_p7_qjpp.txt 26.8  4.9  167
  0.0  0.0  0.0  6.0  0.0  0.0  0.0  0.0  0.0  0.0  0.0  0.0  0.0  0.0  0.0
  0.0  0.0  0.0  6.0  0.0  0.0473.1125.7 65.9 41.9  0.0  6.0  0.0  0.0  0.0
  0.0  0.0  0.0  0.0  0.0  0.0 18.0  0.0  0.0  0.0  0.0  0.0  0.0 29.9  0.0
  0.0  0.0  0.0  0.0  0.0  0.0  6.0 29.9  0.0  0.0 65.9  0.0  0.0 65.9  0.0
  0.0  0.0  0.0  0.0  0.0  0.0  0.0  0.0  0.0  0.0  0.0  0.0  0.0  0.0  0.0
  0.0  0.0  0.0  0.0  0.0  0.0  0.0  0.0  0.0  0.0  0.0  0.0  0.0  0.0  0.0
  0.0  0.0  0.0  0.0  0.0  0.0  0.0  0.0  0.0  0.0  0.0  0.0  0.0  0.0  0.0
  0.0  0.0  0.0  0.0  0.0  0.0  0.0  0.0  0.0  0.0  0.0  0.0  0.0  0.0  0.0
  0.0  0.0  0.0  0.0  0.0  0.0  0.0 12.0 18.0  0.0 12.0  6.0  6.0 29.9  0.0
  0.0  0.0 24.0  0.0  0.0  0.0  0.0 24.0  0.0  6.0  0.0  0.0  0.0  0.0  0.0
    -31.24     -3.20      0.97     -6.61      0.91  0.0  0.0  0.0  0.0  0.0
                                     t000099_s14_p8_qjpp.txt 19.8  5.0   99
 10.1  0.0  0.0 10.1  0.0  0.0  0.0  0.0  0.0  0.0  0.0  0.0  0.0  0.0  0.0
  0.0  0.0  0.0 10.1  0.0  0.0373.7 80.8 80.8 60.6  0.0 10.1  0.0  0.0  0.0
  0.0 20.2  0.0 20.2  0.0 10.1  0.0  0.0  0.0  0.0  0.0  0.0 10.1 20.2 20.2
  0.0  0.0  0.0  0.0  0.0  0.0 30.3 40.4  0.0  0.0 90.9  0.0  0.0 80.8 10.1
  0.0  0.0  0.0  0.0  0.0  0.0  0.0  0.0  0.0  0.0  0.0  0.0  0.0  0.0  0.0
  0.0  0.0  0.0  0.0  0.0  0.0  0.0  0.0  0.0  0.0  0.0  0.0  0.0  0.0  0.0
  0.0  0.0  0.0  0.0  0.0  0.0  0.0  0.0  0.0  0.0  0.0  0.0  0.0  0.0  0.0
  0.0  0.0  0.0  0.0  0.0  0.0  0.0  0.0  0.0  0.0  0.0  0.0  0.0  0.0  0.0
  0.0  0.0  0.0  0.0  0.0  0.0  0.0  0.0  0.0  0.0  0.0  0.0  0.0 10.1  0.0
  0.0  0.0 10.1  0.0  0.0  0.0  0.0 30.3  0.0  0.0  0.0  0.0  0.0  0.0  0.0
    -25.93     -1.79      2.11     -6.61     21.29  0.0  0.0  0.0  0.0  0.0
                                     t000099_s14_p9_qjpp.txt 20.8  5.0  117
  0.0  0.0  0.0  0.0  0.0  0.0  0.0  0.0  8.5  0.0  0.0  0.0  0.0  0.0  0.0
  0.0  0.0  0.0  0.0  0.0  0.0444.4162.4 76.9 51.3  0.0  0.0  0.0  0.0  0.0
  0.0  0.0  0.0  0.0  0.0  0.0  0.0  0.0  0.0  0.0  0.0  0.0  0.0 17.1  0.0
 17.1  0.0  0.0  0.0  0.0  0.0  0.0 34.2  0.0  0.0 94.0  8.5  0.0 51.3  0.0
  0.0  0.0  0.0  0.0  0.0  0.0  0.0  0.0  0.0  0.0  0.0  0.0  0.0  0.0  0.0
  0.0  0.0  0.0  0.0  0.0  0.0  0.0  0.0  0.0  0.0  0.0  0.0  0.0  0.0  0.0
  0.0  0.0  0.0  0.0  0.0  0.0  0.0  0.0  0.0  0.0  0.0  0.0  0.0  0.0  0.0
  0.0  0.0  0.0  0.0  0.0  0.0  0.0  0.0  0.0  0.0  0.0  0.0  0.0  0.0  0.0
  0.0  0.0  0.0  0.0  0.0  0.0  0.0  0.0  8.5  8.5 42.7  8.5  0.0 25.6  0.0
  0.0  0.0 17.1  0.0  0.0  0.0  0.0  0.0  0.0  8.5  0.0  0.0  0.0  0.0  0.0
    -33.93     -4.04      0.97     -6.61      4.48  0.0  0.0  0.0  0.0  0.0
                                     t000099_s19_p1_qjpp.txt 34.3  4.7  213
  9.4  0.0  0.0 32.9  0.0  0.0  0.0  4.7 14.1  4.7  0.0  0.0  0.0  0.0  0.0
  0.0  0.0  4.7  9.4  0.0  0.0361.5131.5 28.2 28.2  4.7  9.4  4.7  0.0  0.0
  4.7  0.0  0.0  0.0  0.0  9.4  9.4  0.0  0.0  0.0  0.0  0.0  0.0  4.7  9.4
  0.0  0.0  0.0  0.0  0.0  4.7  9.4 14.1  0.0  4.7 42.3 18.8  0.0 84.5  4.7
  0.0  0.0  0.0  0.0  0.0  0.0  0.0  0.0  0.0  0.0  0.0  0.0  0.0  0.0  0.0
  0.0  0.0  0.0  0.0  0.0  0.0  4.7  0.0  0.0  0.0  0.0  0.0  0.0  0.0  0.0
  4.7  0.0  0.0  0.0  0.0  0.0  0.0  0.0  0.0  0.0  0.0  0.0  0.0  0.0  0.0
  4.7  0.0  0.0  4.7  4.7  0.0  4.7  0.0  0.0  0.0  0.0  0.0  0.0  0.0  0.0
  0.0  0.0  0.0  0.0  0.0  0.0  0.0  9.4  4.7  0.0 18.8  9.4  0.0 14.1  0.0
  0.0  0.0  0.0  0.0  0.0  0.0  4.7 14.1  4.7  9.4  0.0  0.0 14.1  0.0  0.0
    -19.94     -1.92      4.71     -6.61      4.31  0.0  0.0  0.0  0.0  0.0
                                    t000099_s19_p10_qjpp.txt 33.8  5.4  287
  7.0  0.0  0.0 13.9  0.0  0.0  7.0  0.0  7.0  0.0  0.0  0.0  0.0  0.0  0.0
  0.0  0.0  0.0 10.5  0.0  0.0449.5 94.1 62.7 34.8  7.0  0.0  3.5  0.0  0.0
  0.0  0.0  0.0  0.0  0.0 13.9  7.0  3.5  3.5  3.5  0.0  0.0  0.0  0.0  3.5
  3.5  7.0  0.0  3.5 17.4  3.5 20.9  7.0  0.0  0.0 97.6 13.9  0.0 66.2  3.5
  3.5  0.0  0.0  0.0  0.0  0.0  0.0  0.0  0.0  0.0  0.0  0.0  0.0  0.0  0.0
  0.0  0.0  0.0  0.0  0.0  0.0  0.0  0.0  0.0  3.5  0.0  0.0  0.0  0.0  0.0
  0.0  0.0  0.0  0.0  3.5  0.0  0.0  0.0  0.0  0.0  0.0  0.0  0.0  0.0  0.0
  0.0  3.5  0.0  3.5  0.0  3.5  3.5  0.0  0.0  0.0  0.0  0.0  0.0  0.0  0.0
  0.0  0.0  0.0  0.0  0.0  0.0  0.0  3.5  7.0  3.5 20.9 10.5  3.5  3.5  3.5
  0.0  3.5  0.0  0.0  0.0  3.5  7.0  7.0  7.0  7.0  0.0  0.0  3.5  0.0  0.0
    -26.81     -3.63      0.18     -3.07      0.18  0.0  0.0  0.0  0.0  0.0
                                    t000099_s19_p11_qjpp.txt 25.3  5.2  180
 22.2  0.0  0.0 22.2  0.0  0.0  0.0  0.0 27.8  0.0  0.0  0.0  0.0  0.0  0.0
  0.0  0.0  5.6 27.8  0.0  0.0355.6116.7 22.2 44.4 11.1  0.0 11.1  0.0  0.0
  0.0  0.0  0.0  0.0  0.0 44.4  0.0  0.0  0.0  0.0  0.0  5.6 11.1 11.1  5.6
  0.0  5.6 16.7 16.7  5.6  5.6 33.3 16.7  0.0  0.0 44.4 38.9  5.6 77.8  0.0
  0.0  0.0  0.0  0.0  0.0  0.0  0.0  0.0  0.0  0.0  0.0  0.0  0.0  0.0  0.0
  0.0  0.0  0.0  0.0  0.0 16.7  0.0  0.0  0.0  0.0  0.0  0.0  0.0  5.6  0.0
  0.0  0.0  0.0  0.0  0.0  0.0  0.0  0.0  0.0  0.0  0.0  0.0  0.0  0.0  0.0
 16.7  0.0  5.6 22.2  0.0  0.0  0.0  0.0  0.0  0.0  0.0  0.0  0.0  0.0  0.0
  0.0  0.0  0.0  0.0  0.0  0.0  0.0  0.0  5.6 11.1  5.6  0.0  5.6  0.0  0.0
  0.0  0.0  0.0  0.0  0.0  0.0  0.0  5.6 11.1 27.8 11.1  0.0  0.0  0.0  0.0
    -16.15     -1.71     -1.55     -4.38      9.28  0.0  0.0  0.0  0.0  0.0
                                    t000099_s19_p12_qjpp.txt 23.3  5.4  159
  6.3  6.3  0.0  6.3  0.0  0.0  0.0  0.0 12.6  0.0  0.0  0.0  0.0  0.0  0.0
  0.0  0.0  0.0  6.3  0.0  0.0371.1144.7 25.2 69.2 25.2  6.3  6.3  0.0  0.0
  0.0  6.3  0.0  0.0  0.0  6.3  6.3  0.0  6.3  0.0  0.0  0.0  0.0  0.0  0.0
  6.3  0.0 12.6  0.0  6.3  0.0 12.6  6.3  0.0  0.0 62.9 37.7  0.0113.2 12.6
  0.0  0.0  0.0  0.0  0.0  0.0  0.0  0.0  0.0  0.0  0.0  0.0  0.0  0.0  0.0
  0.0  0.0  0.0 18.9  0.0  0.0  0.0  6.3  0.0  0.0  0.0  0.0  0.0  0.0  0.0
  0.0  0.0  0.0  0.0  0.0  0.0  0.0  0.0  6.3  0.0  0.0  0.0  0.0  0.0  0.0
 18.9  6.3  0.0 25.2  0.0  6.3  6.3  0.0  0.0  0.0  0.0  0.0  0.0  0.0  0.0
  0.0  0.0  0.0  0.0  0.0  0.0  0.0 44.0 12.6  0.0 37.7 44.0  0.0  0.0  0.0
  0.0  0.0  0.0  0.0  0.0 18.9  0.0 37.7 12.6 12.6  0.0 12.6 25.2  0.0  0.0
    -25.55      0.04      2.95     -4.58     -1.60  0.0  0.0  0.0  0.0  0.0
                                    t000099_s19_p13_qjpp.txt 30.5  5.2  307
 19.5  6.5  0.0 26.1  0.0  0.0  0.0  3.3 19.5  0.0  0.0  3.3  0.0  0.0  0.0
  0.0  0.0  0.0 16.3  0.0  0.0387.6140.1 22.8 71.7  0.0  3.3  3.3  0.0  0.0
  3.3  0.0  0.0  3.3  6.5 29.3  6.5  0.0  0.0  0.0  0.0  0.0 13.0  3.3  0.0
  0.0  9.8  9.8  6.5  9.8  0.0 29.3  3.3  0.0  3.3 48.9 19.5  0.0110.7  3.3
  0.0  0.0  0.0  0.0  0.0  0.0  0.0  0.0  0.0  0.0  0.0  0.0  0.0  0.0  0.0
  0.0  0.0  0.0  0.0  0.0 16.3  0.0  0.0  0.0  0.0  0.0  0.0  0.0  0.0  0.0
  3.3  0.0  0.0  0.0  0.0  0.0  0.0  0.0  0.0  0.0  0.0  0.0  0.0  0.0  0.0
 16.3  0.0  0.0 16.3  3.3  0.0  3.3  0.0  0.0  0.0  0.0  0.0  0.0  0.0  0.0
  0.0  0.0  0.0  0.0  0.0  0.0  0.0  3.3 22.8  3.3 29.3  9.8  3.3  0.0  3.3
  0.0  3.3  3.3  3.3  0.0  3.3  0.0 13.0  3.3 19.5  0.0  0.0 13.0  0.0  0.0
    -18.23     -2.14     -0.58     -6.61      5.01  0.0  0.0  0.0  0.0  0.0
                                    t000099_s19_p14_qjpp.txt 35.8  5.3  215
  9.3  4.7  0.0 18.6  0.0  0.0  0.0  0.0 23.3  4.7  0.0  0.0  0.0  0.0  0.0
  0.0  0.0  4.7  0.0  0.0  0.0381.4134.9 37.2 37.2  4.7  4.7  0.0  0.0  0.0
  4.7  0.0  0.0  4.7  4.7 27.9  9.3  0.0  4.7  4.7  0.0  0.0  4.7  0.0  0.0
  9.3  9.3  4.7  0.0  9.3  4.7 14.0  9.3  0.0  4.7 69.8 27.9  0.0 83.7  4.7
  0.0  0.0  0.0  0.0  0.0  0.0  0.0  0.0  0.0  0.0  0.0  0.0  0.0  0.0  0.0
  0.0  0.0  0.0  9.3  0.0  0.0  4.7  0.0  0.0  0.0  0.0  0.0  0.0  0.0  0.0
  0.0  0.0  0.0  4.7  0.0  4.7  0.0  0.0  0.0  0.0  0.0  0.0  0.0  0.0  0.0
 14.0  0.0  0.0 14.0  4.7  4.7  9.3  0.0  0.0  0.0  0.0  0.0  0.0  0.0  0.0
  0.0  0.0  0.0  0.0  0.0  0.0  0.0  0.0  4.7  0.0 27.9 14.0  9.3  0.0  0.0
  0.0  0.0  0.0  0.0  0.0  4.7  0.0  4.7 14.0 14.0  0.0  4.7  4.7  0.0  0.0
    -24.50     -3.40      0.92     -2.99      2.28  0.0  0.0  0.0  0.0  0.0
                                    t000099_s19_p15_qjpp.txt 34.5  5.2  204
  9.8  4.9  0.0 24.5  0.0  0.0  0.0  4.9 19.6  0.0  0.0  4.9  0.0  0.0  0.0
  0.0  0.0  4.9  0.0  0.0  0.0392.2127.5 29.4 53.9  0.0  4.9  4.9  0.0  0.0
  0.0  4.9  0.0  0.0  0.0 19.6  4.9  0.0  0.0  0.0  0.0  4.9  0.0  4.9  4.9
  0.0  4.9  9.8  4.9 14.7  4.9 14.7  9.8  0.0  0.0 53.9 19.6  0.0 88.2  0.0
  9.8  0.0  0.0  0.0  0.0  0.0  0.0  0.0  0.0  0.0  0.0  0.0  0.0  0.0  0.0
  0.0  0.0  0.0  9.8  0.0  4.9  0.0  0.0  0.0  0.0  0.0  0.0  0.0  0.0  0.0
  0.0  0.0  0.0  0.0  0.0  0.0  0.0  0.0  0.0  0.0  0.0  0.0  0.0  0.0  0.0
 14.7  0.0  0.0 14.7  0.0  0.0  0.0  0.0  0.0  0.0  0.0  0.0  0.0  0.0  0.0
  0.0  0.0  0.0  0.0  0.0  0.0  0.0  0.0 19.6  4.9  9.8  9.8 14.7  0.0  0.0
  0.0  0.0  0.0  0.0  4.9  0.0  0.0  4.9  4.9 14.7  0.0  0.0  0.0  0.0  0.0
    -20.30     -2.10      1.68     -4.64      0.89  0.0  0.0  0.0  0.0  0.0
                                    t000099_s19_p16_qjpp.txt 34.3  5.3  189
  0.0  0.0  0.0 15.9  0.0  0.0  0.0  5.3  5.3  0.0  0.0  0.0  0.0  0.0  0.0
  0.0  0.0  0.0 21.2  0.0  0.0497.4 95.2 52.9 21.2  0.0  0.0  5.3  0.0  0.0
  0.0  0.0  0.0  0.0  0.0 31.7  0.0  0.0  0.0  0.0  0.0  0.0 15.9  0.0  5.3
  0.0 10.6  5.3  0.0  0.0  0.0 31.7  5.3  0.0  0.0 63.5  5.3  0.0 47.6  5.3
  0.0  0.0  0.0  0.0  0.0  0.0  0.0  0.0  0.0  0.0  0.0  0.0  0.0  0.0  0.0
  0.0  0.0  0.0  5.3  0.0  0.0  0.0  0.0  0.0  0.0  0.0  0.0  0.0  0.0  0.0
  0.0  0.0  0.0  0.0  0.0  0.0  0.0  0.0  0.0  0.0  0.0  0.0  0.0  0.0  0.0
  5.3  0.0  0.0  5.3  0.0  0.0  0.0  0.0  0.0  0.0  0.0  0.0  0.0  0.0  0.0
  0.0  0.0  0.0  0.0  0.0  0.0  0.0  0.0 10.6  0.0 26.5  5.3  0.0  5.3  0.0
  0.0  0.0  0.0  0.0  0.0  5.3  5.3 10.6  5.3  5.3  5.3  5.3  0.0  0.0  0.0
    -26.27     -4.05     -0.83     -6.61     10.36  0.0  0.0  0.0  0.0  0.0
                                    t000099_s19_p17_qjpp.txt 31.8  5.4  310
 19.4  6.5  0.0 25.8  0.0  0.0  6.5  0.0 32.3  0.0  0.0  6.5  0.0  0.0  0.0
  3.2  0.0  6.5 25.8  0.0  0.0374.2125.8 41.9 41.9  0.0  6.5  6.5  0.0  3.2
  3.2  0.0  0.0  3.2  0.0 25.8  0.0  0.0  0.0  0.0  0.0  6.5  6.5  6.5  0.0
  0.0  3.2  6.5  6.5  3.2  6.5 35.5  6.5  0.0  6.5 77.4 32.3  0.0 77.4  6.5
  0.0  0.0  0.0  0.0  0.0  0.0  0.0  0.0  0.0  0.0  0.0  0.0  0.0  0.0  0.0
  0.0  0.0  0.0  9.7  0.0  3.2  0.0  0.0  0.0  0.0  0.0  0.0  0.0  0.0  0.0
  0.0  0.0  0.0  0.0  0.0  0.0  0.0  0.0  0.0  0.0  3.2  0.0  0.0  0.0  0.0
 12.9  0.0  0.0 12.9  0.0  0.0  0.0  3.2  0.0  0.0  0.0  0.0  0.0  0.0  0.0
  0.0  0.0  0.0  0.0  0.0  0.0  0.0  0.0  9.7  6.5  6.5  6.5  9.7  0.0  6.5
  0.0  3.2  0.0  0.0  0.0  6.5  0.0  3.2  9.7 16.1  0.0  0.0 16.1  0.0  0.0
    -11.00     -1.91      3.13     -4.02      1.38  0.0  0.0  0.0  0.0  0.0
                                    t000099_s19_p18_qjpp.txt 34.5  5.4  259
 19.3  0.0  0.0 27.0  0.0  0.0  0.0  0.0 23.2  0.0  0.0  3.9  0.0  0.0  0.0
  0.0  0.0  3.9 15.4  0.0  0.0405.4127.4 57.9 38.6  0.0  3.9  0.0  0.0  0.0
  0.0  0.0  0.0  0.0  0.0 19.3  3.9  0.0  0.0  0.0  0.0  3.9 15.4  7.7  7.7
  3.9  7.7  3.9  0.0  0.0  3.9 27.0 19.3  0.0  0.0 65.6 23.2  0.0 73.4  3.9
  3.9  0.0  0.0  0.0  0.0  0.0  0.0  0.0  0.0  0.0  0.0  0.0  0.0  0.0  0.0
  0.0  0.0  0.0  0.0  0.0  3.9  3.9  0.0  0.0  0.0  0.0  0.0  0.0  0.0  3.9
  0.0  0.0  0.0  0.0  0.0  0.0  0.0  0.0  0.0  0.0  0.0  0.0  0.0  0.0  0.0
  7.7  0.0  0.0  7.7  3.9  0.0  3.9  0.0  0.0  0.0  0.0  0.0  0.0  0.0  0.0
  0.0  0.0  0.0  0.0  0.0  0.0  0.0  3.9 11.6  3.9 11.6  0.0  0.0  3.9  3.9
  0.0  0.0  7.7  0.0  0.0 15.4  0.0  3.9  3.9 23.2  7.7  0.0  3.9  0.0  0.0
    -21.48     -3.72     -0.12     -5.06     14.38  0.0  0.0  0.0  0.0  0.0
                                    t000099_s19_p19_qjpp.txt 36.8  5.1  437
  9.2  0.0  0.0 13.7  0.0  0.0  2.3  0.0 16.0  0.0  0.0  0.0  0.0  2.3  0.0
  2.3  0.0  2.3  4.6  0.0  0.0441.6100.7 38.9 29.7  2.3  4.6  0.0  0.0  0.0
  6.9  2.3  0.0  0.0  0.0 13.7  2.3  0.0  0.0  0.0  0.0  0.0  2.3  4.6  2.3
  2.3  0.0  0.0  4.6  0.0  2.3  6.9  9.2  0.0  6.9 54.9 18.3  0.0 57.2  9.2
  2.3  0.0  0.0  0.0  0.0  0.0  0.0  0.0  0.0  0.0  0.0  0.0  0.0  0.0  0.0
  0.0  0.0  0.0  0.0  0.0  0.0  0.0  0.0  0.0  0.0  0.0  0.0  0.0  0.0  0.0
  0.0  0.0  0.0  0.0  0.0  0.0  0.0  0.0  0.0  0.0  0.0  0.0  0.0  0.0  0.0
  0.0  0.0  0.0  0.0  0.0  0.0  0.0  0.0  0.0  0.0  0.0  0.0  0.0  0.0  0.0
  0.0  0.0  0.0  0.0  0.0  0.0  0.0  0.0  9.2  0.0 13.7  4.6  2.3  0.0  0.0
  0.0  4.6  0.0  0.0  0.0  0.0  0.0 16.0  0.0  6.9  6.9  0.0  9.2  0.0  0.0
    -23.87     -3.77      7.28     -6.61      1.00  0.0  2.3  0.0  0.0  0.0
                                     t000099_s19_p2_qjpp.txt 33.0  4.9  408
 19.6  2.5  0.0 24.5  0.0  0.0  2.5  2.5 22.1  0.0  0.0  2.5  0.0  0.0  0.0
  2.5  0.0  2.5 12.3  0.0  0.0367.6125.0 31.9 36.8  4.9  2.5  0.0  0.0  2.5
  0.0  0.0  0.0  4.9  2.5 17.2 12.3  0.0  0.0  0.0  0.0  0.0  2.5  2.5  0.0
  9.8  4.9  4.9  0.0  2.5  2.5 19.6 12.3  0.0  2.5 41.7 27.0  0.0100.5 12.3
  4.9  0.0  0.0  0.0  0.0  0.0  0.0  0.0  0.0  0.0  0.0  0.0  0.0  0.0  0.0
  0.0  0.0  0.0  0.0  0.0  0.0  7.4  0.0  0.0  0.0  0.0  0.0  0.0  0.0  0.0
  0.0  0.0  2.5  0.0  0.0  0.0  0.0  0.0  0.0  0.0  0.0  0.0  0.0  0.0  0.0
  7.4  0.0  0.0  7.4  2.5  0.0  2.5  0.0  0.0  0.0  0.0  0.0  0.0  0.0  0.0
  0.0  0.0  0.0  0.0  0.0  0.0  0.0  0.0  0.0  0.0 14.7 12.3  4.9  7.4  0.0
  0.0  0.0  0.0  0.0  0.0  4.9  2.5  7.4  0.0 17.2  7.4  0.0 14.7  2.5  0.0
    -17.19     -3.83     -0.90     -6.61      1.44  0.0  0.0  2.5  0.0  0.0
                                    t000099_s19_p20_qjpp.txt 33.5  5.4  201
 10.0  0.0  0.0 14.9  0.0  0.0  5.0  0.0  5.0  0.0  0.0  0.0  0.0  0.0  0.0
  5.0  0.0  5.0  0.0  0.0  0.0462.7129.4 39.8 19.9  0.0  5.0 10.0  5.0  0.0
  0.0  0.0  0.0  0.0  5.0 34.8  0.0  0.0  0.0  0.0  0.0  5.0 10.0 10.0  0.0
  0.0  5.0 14.9  0.0  0.0  5.0  5.0 10.0  0.0  5.0 49.8  5.0  0.0 59.7 14.9
  5.0  0.0  0.0  0.0  0.0  0.0  0.0  0.0  0.0  0.0  0.0  0.0  0.0  0.0  0.0
  0.0  0.0  0.0 10.0  0.0  5.0  0.0  0.0  0.0  0.0  0.0  0.0  0.0  0.0  0.0
  0.0  0.0  0.0  0.0  0.0  0.0  0.0  0.0  0.0  0.0  0.0  0.0  0.0  0.0  0.0
 14.9  0.0  0.0 14.9  0.0  0.0  0.0  0.0  0.0  0.0  0.0  0.0  0.0  0.0  0.0
  0.0  0.0  0.0  0.0  0.0  0.0  0.0  0.0  5.0  0.0 10.0 10.0  0.0  0.0  0.0
  0.0  0.0  0.0  0.0  0.0 10.0  5.0  5.0 14.9  5.0  0.0  0.0 19.9  0.0  0.0
    -26.43     -2.27      0.46     -4.62      4.10  0.0  0.0  0.0  0.0  0.0
                                    t000099_s19_p21_qjpp.txt 32.0  5.3  174
 17.2  0.0  0.0 28.7  0.0  0.0  0.0  0.0  5.7  0.0  0.0  5.7  0.0  0.0  0.0
  0.0  0.0  0.0  0.0  0.0  0.0482.8120.7 28.7 23.0  5.7 11.5  0.0  0.0  0.0
  0.0  0.0  0.0  0.0  0.0 11.5  5.7  0.0  0.0  0.0  0.0  0.0  5.7  5.7  0.0
 11.5  0.0  0.0  0.0  0.0  0.0  5.7 17.2  0.0  0.0 51.7 11.5  0.0 80.5  5.7
  5.7  0.0  0.0  0.0  0.0  0.0  0.0  0.0  0.0  0.0  0.0  0.0  0.0  0.0  0.0
  0.0  0.0  0.0  0.0  0.0  0.0  0.0  0.0  0.0  0.0  0.0  0.0  0.0  0.0  0.0
  0.0  0.0  0.0  0.0  0.0  0.0  0.0  0.0  0.0  0.0  0.0  0.0  0.0  0.0  0.0
  0.0  0.0  0.0  0.0  0.0  0.0  0.0  0.0  0.0  0.0  0.0  0.0  0.0  0.0  0.0
  0.0  0.0  0.0  0.0  0.0  0.0  0.0  0.0  0.0  0.0  0.0 11.5 11.5  0.0  0.0
  0.0  5.7  0.0  0.0  0.0  5.7  0.0  5.7  5.7  5.7  0.0  0.0 11.5  0.0  0.0
    -25.67     -2.51      0.32     -6.61      4.54  0.0  0.0  0.0  0.0  0.0
                                    t000099_s19_p22_qjpp.txt 32.8  5.6  213
 37.6  9.4  0.0 28.2  0.0  0.0  0.0  0.0 18.8  0.0  0.0  0.0  0.0  0.0  0.0
  0.0  0.0  0.0 14.1  0.0  0.0375.6140.8 61.0 51.6 18.8  4.7  4.7  0.0  0.0
  0.0  0.0  0.0  4.7  0.0 18.8 18.8  0.0  0.0  4.7  0.0  4.7  4.7  4.7  9.4
  0.0  0.0 18.8  0.0  4.7  0.0 18.8 14.1  0.0  0.0 84.5 37.6  0.0112.7  9.4
  0.0  0.0  0.0  0.0  0.0  0.0  0.0  0.0  0.0  0.0  0.0  0.0  0.0  0.0  0.0
  0.0  0.0  0.0  4.7  0.0 18.8  4.7  0.0  0.0  0.0  0.0  0.0  0.0  0.0  0.0
  0.0  4.7  0.0  0.0  0.0  0.0  0.0  0.0  0.0  4.7  0.0  0.0  0.0  0.0  0.0
 28.2  0.0  0.0 28.2  4.7  0.0  9.4  0.0  0.0  0.0  0.0  0.0  0.0  0.0  0.0
  0.0  0.0  0.0  0.0  0.0  0.0  0.0  4.7  4.7  9.4  9.4  9.4  9.4  0.0  0.0
  0.0  0.0  0.0  0.0  0.0 14.1  4.7 23.5  4.7 42.3  4.7  0.0 14.1  0.0  0.0
    -21.71     -1.42     -1.43     -2.59      7.24  9.4  0.0  0.0  0.0  0.0
                                     t000099_s19_p3_qjpp.txt 34.3  5.0  334
  9.0  3.0  0.0 41.9  0.0  0.0  0.0  3.0 15.0  0.0  0.0  0.0  0.0  0.0  0.0
  0.0  0.0  9.0  0.0  0.0  0.0479.0 68.9 56.9 29.9  0.0  0.0  6.0  0.0  0.0
  3.0  3.0  0.0  0.0  0.0  9.0  6.0  0.0  3.0  0.0  0.0  0.0  0.0  3.0  0.0
  0.0  6.0  3.0  0.0  6.0  9.0  9.0  3.0  0.0  3.0 71.9 15.0  0.0 83.8  3.0
  0.0  0.0  0.0  0.0  0.0  0.0  0.0  0.0  0.0  0.0  0.0  0.0  0.0  0.0  0.0
  0.0  0.0  0.0  6.0  0.0  0.0  0.0  0.0  0.0  0.0  0.0  0.0  0.0  0.0  0.0
  0.0  0.0  3.0  0.0  0.0  0.0  0.0  0.0  0.0  0.0  0.0  0.0  0.0  0.0  0.0
  6.0  0.0  0.0  6.0  3.0  0.0  3.0  0.0  0.0  0.0  0.0  0.0  0.0  0.0  0.0
  0.0  0.0  0.0  0.0  0.0  0.0  0.0  3.0  0.0  3.0 12.0  6.0  6.0  3.0  0.0
  0.0  3.0  0.0  0.0  0.0  0.0  0.0 15.0  6.0  9.0  0.0  6.0 15.0  0.0  0.0
    -23.87     -3.63      4.29     -5.64     -3.17  0.0  0.0  0.0  0.0  0.0
                                     t000099_s19_p4_qjpp.txt 37.5  5.3  335
 14.9  3.0  0.0 11.9  0.0  0.0  3.0  0.0 23.9  0.0  0.0  0.0  0.0  0.0  3.0
  3.0  0.0  3.0 11.9  0.0  0.0447.8 98.5 50.7 47.8  0.0  3.0  3.0  0.0  0.0
  0.0  0.0  0.0  0.0  3.0 20.9  6.0  0.0  0.0  0.0  0.0  0.0  9.0  0.0  0.0
  6.0  6.0  6.0  0.0  0.0  3.0 17.9  6.0  0.0  0.0 50.7 23.9  0.0 80.6  3.0
  6.0  0.0  0.0  0.0  0.0  0.0  0.0  0.0  0.0  0.0  0.0  0.0  0.0  0.0  0.0
  0.0  0.0  0.0  0.0  0.0  6.0  3.0  0.0  0.0  0.0  0.0  0.0  0.0  0.0  0.0
  0.0  0.0  0.0  0.0  0.0  0.0  0.0  0.0  0.0  0.0  0.0  0.0  0.0  0.0  0.0
  9.0  0.0  0.0  9.0  0.0  0.0  0.0  0.0  0.0  0.0  0.0  0.0  0.0  0.0  0.0
  0.0  0.0  0.0  0.0  0.0  0.0  0.0  0.0 11.9  3.0  3.0  9.0  3.0  3.0  3.0
  0.0  0.0  0.0  0.0  0.0  9.0  0.0  6.0  0.0 17.9  3.0  0.0  9.0  0.0  0.0
    -20.37     -3.03     -1.09     -6.61      3.90  0.0  0.0  0.0  0.0  0.0
                                     t000099_s19_p5_qjpp.txt 34.3  5.2  811
  8.6  3.7  0.0 13.6  0.0  0.0  0.0  1.2  8.6  0.0  0.0  0.0  0.0  0.0  0.0
  0.0  0.0  1.2 17.3  0.0  0.0453.8 96.2 45.6 29.6  1.2  0.0  3.7  0.0  0.0
  1.2  1.2  0.0  0.0  2.5 14.8  2.5  0.0  0.0  0.0  0.0  1.2  4.9  4.9  0.0
  3.7  7.4  2.5  1.2  0.0  1.2 25.9  8.6  0.0  1.2 61.7  9.9  0.0 50.6  1.2
  0.0  0.0  0.0  0.0  0.0  0.0  0.0  0.0  0.0  0.0  0.0  0.0  0.0  0.0  0.0
  0.0  0.0  0.0  1.2  0.0  1.2  0.0  0.0  0.0  0.0  0.0  0.0  0.0  0.0  0.0
  0.0  0.0  0.0  0.0  0.0  0.0  0.0  0.0  0.0  0.0  0.0  0.0  0.0  0.0  0.0
  2.5  0.0  0.0  2.5  0.0  0.0  0.0  0.0  0.0  0.0  0.0  0.0  0.0  0.0  0.0
  0.0  0.0  0.0  0.0  0.0  0.0  0.0  0.0  8.6  3.7 11.1  4.9  7.4  1.2  0.0
  0.0  0.0  1.2  0.0  0.0  2.5  0.0  3.7  4.9  6.2  0.0  0.0  3.7  0.0  0.0
    -23.86     -4.01      0.99     -6.11      1.40  0.0  0.0  0.0  0.0  0.0
                                     t000099_s19_p6_qjpp.txt 35.5  5.4  374
 16.0  2.7  0.0 16.0  0.0  0.0  0.0  0.0 24.1  0.0  0.0  0.0  0.0  0.0  0.0
  0.0  0.0  2.7  2.7  0.0  0.0393.0123.0 53.5 48.1  0.0  5.3  2.7  0.0  0.0
  5.3  0.0  0.0  0.0  0.0 18.7  5.3  0.0  0.0  0.0  0.0  0.0  8.0  2.7  2.7
  2.7  0.0  5.3  0.0  5.3  2.7  2.7  8.0  0.0  5.3 80.2 24.1  0.0 77.5  2.7
  8.0  0.0  0.0  0.0  0.0  0.0  0.0  0.0  0.0  0.0  0.0  0.0  0.0  0.0  0.0
  0.0  0.0  0.0  2.7  0.0  2.7  2.7  0.0  0.0  0.0  0.0  0.0  0.0  0.0  0.0
  0.0  0.0  0.0  0.0  0.0  0.0  0.0  0.0  0.0  0.0  0.0  0.0  0.0  0.0  0.0
  8.0  0.0  0.0  8.0  0.0  0.0  0.0  0.0  0.0  0.0  0.0  0.0  0.0  0.0  0.0
  0.0  0.0  0.0  0.0  0.0  0.0  0.0  5.3 18.7  0.0  8.0 13.4 10.7  0.0  0.0
  0.0  0.0  0.0  0.0  0.0 10.7  5.3 16.0  2.7  8.0  5.3  0.0  8.0  0.0  0.0
    -26.05     -2.62      4.77     -6.61      4.71  0.0  0.0  0.0  0.0  0.0
                                     t000099_s19_p7_qjpp.txt 24.0  5.2  147
 13.6  6.8  0.0 20.4  0.0  0.0  0.0  0.0  0.0  0.0  0.0  0.0  0.0  0.0  0.0
  0.0  0.0  0.0 20.4  0.0  0.0387.8163.3 47.6 54.4  6.8  0.0 13.6  0.0  0.0
  0.0  0.0  0.0  0.0  0.0 20.4  0.0  0.0  0.0  0.0  0.0  0.0  6.8  6.8  0.0
  6.8  0.0  6.8  0.0  0.0  0.0 20.4 13.6  0.0  0.0 61.2  6.8  0.0102.0  6.8
  6.8  0.0  0.0  0.0  0.0  0.0  0.0  0.0  0.0  0.0  0.0  0.0  0.0  0.0  0.0
  0.0  0.0  0.0  6.8  0.0  0.0  6.8  0.0  0.0  0.0  0.0  0.0  0.0  0.0  0.0
  0.0  0.0  0.0  0.0  0.0  0.0  0.0  0.0  0.0  0.0  0.0  0.0  0.0  0.0  0.0
 13.6  0.0  0.0 13.6  0.0  0.0  0.0  0.0  0.0  0.0  0.0  0.0  0.0  0.0  0.0
  0.0  0.0  0.0  0.0  0.0  0.0  0.0  0.0  6.8  0.0 13.6  6.8 20.4  0.0  0.0
  0.0  0.0  0.0  0.0  6.8  0.0  0.0  6.8  6.8 27.2  0.0  0.0 13.6  0.0  0.0
    -23.75     -1.12     -0.19     -6.61      3.85  0.0  0.0  0.0  0.0  0.0
                                     t000099_s19_p8_qjpp.txt 34.3  5.3  368
 13.6  0.0  0.0  8.2  0.0  0.0  5.4  0.0 13.6  0.0  0.0  0.0  0.0  0.0  0.0
  0.0  0.0  0.0  5.4  0.0  0.0402.2138.6 46.2 57.1  5.4 13.6  2.7  0.0  0.0
  0.0  0.0  0.0  0.0  5.4 29.9  2.7  0.0  0.0  2.7  0.0  2.7 10.9 13.6  0.0
  5.4  2.7  2.7  2.7 10.9  0.0 10.9 19.0  0.0  0.0 65.2 19.0  0.0 87.0  2.7
 10.9  0.0  0.0  0.0  0.0  0.0  0.0  0.0  0.0  0.0  0.0  0.0  0.0  0.0  0.0
  0.0  0.0  0.0  0.0  0.0  2.7  0.0  0.0  0.0  0.0  0.0  0.0  0.0  0.0  0.0
  0.0  0.0  0.0  0.0  0.0  0.0  0.0  0.0  0.0  0.0  0.0  0.0  0.0  0.0  0.0
  2.7  0.0  0.0  2.7  0.0  0.0  0.0  0.0  0.0  0.0  0.0  0.0  0.0  0.0  0.0
  0.0  0.0  0.0  0.0  0.0  0.0  0.0  0.0 16.3  2.7 13.6  8.2 10.9  0.0  0.0
  0.0  0.0  0.0  0.0  0.0  2.7  0.0  5.4  2.7 19.0  0.0  2.7 10.9  0.0  0.0
    -26.81     -0.49     -2.32     -4.28      6.98  0.0  0.0  0.0  0.0  0.0
                                     t000099_s19_p9_qjpp.txt 10.5  6.4   46
 21.7  0.0  0.0 43.5  0.0  0.0  0.0  0.0  0.0  0.0  0.0  0.0  0.0  0.0  0.0
  0.0  0.0  0.0 21.7  0.0  0.0369.6 87.0 65.2 43.5 43.5 21.7  0.0  0.0  0.0
  0.0  0.0  0.0  0.0  0.0 21.7  0.0  0.0  0.0  0.0  0.0  0.0  0.0 21.7  0.0
 21.7  0.0 21.7 21.7 21.7  0.0 21.7 43.5  0.0  0.0108.7 43.5  0.0130.4  0.0
  0.0  0.0  0.0  0.0  0.0  0.0  0.0  0.0  0.0  0.0  0.0  0.0  0.0  0.0  0.0
  0.0  0.0  0.0 21.7  0.0  0.0  0.0  0.0  0.0  0.0  0.0  0.0  0.0  0.0  0.0
  0.0  0.0  0.0  0.0  0.0  0.0  0.0  0.0  0.0  0.0  0.0  0.0  0.0  0.0  0.0
 21.7  0.0  0.0 21.7  0.0  0.0  0.0  0.0  0.0  0.0  0.0  0.0  0.0  0.0  0.0
  0.0  0.0  0.0  0.0  0.0  0.0  0.0  0.0  0.0 21.7 65.2  0.0 21.7  0.0  0.0
  0.0  0.0  0.0  0.0  0.0  0.0  0.0  0.0  0.0 21.7  0.0  0.0 21.7  0.0  0.0
    -24.09      1.82     -0.26     -6.61      6.68  0.0  0.0  0.0  0.0  0.0
                                      t000099_s2_p1_qjpp.txt 33.5  4.9  384
  0.0  0.0  0.0 28.6  0.0  0.0  0.0  0.0  2.6  0.0  0.0  0.0  0.0  0.0  0.0
  0.0  0.0  0.0 18.2  0.0  0.0505.2119.8 20.8  2.6  2.6  0.0  0.0  0.0  0.0
  0.0  0.0  0.0  0.0  0.0  5.2  0.0  0.0  0.0  2.6  0.0  0.0  0.0  0.0 20.8
  0.0  5.2  0.0  0.0  0.0  0.0 26.0 20.8  0.0  0.0 33.9  5.2  0.0 33.9  0.0
  0.0  0.0  0.0  0.0  0.0  0.0  0.0  0.0  0.0  0.0  0.0  0.0  0.0  0.0  0.0
  0.0  0.0  0.0  0.0  0.0  0.0  0.0  0.0  0.0  0.0  0.0  0.0  0.0  0.0  0.0
  0.0  0.0  0.0  0.0  0.0  0.0  0.0  0.0  0.0  0.0  0.0  0.0  0.0  0.0  0.0
  0.0  0.0  0.0  0.0  0.0  0.0  0.0  0.0  0.0  0.0  0.0  0.0  0.0  0.0  0.0
  0.0  0.0  0.0  0.0  0.0  0.0  0.0  7.8  7.8  0.0 13.0  5.2  0.0  2.6  0.0
  2.6  0.0  0.0  0.0  0.0  0.0  0.0  0.0  2.6  0.0  0.0  0.0  0.0  2.6  0.0
    -26.22     -5.53      0.68     -5.42     12.40  0.0  0.0  0.0  2.6  0.0
                                      t000099_s6_p1_qjpp.txt 33.5  5.4  430
  7.0  0.0  0.0 41.9  0.0  0.0  0.0  0.0  9.3  0.0  0.0  0.0  0.0  0.0  0.0
  0.0  0.0  0.0  9.3  0.0  0.0418.6 86.0 76.7 11.6  7.0  4.7  0.0  0.0  0.0
  0.0  2.3  0.0  2.3  7.0 30.2  0.0  0.0  0.0  0.0  0.0  0.0  7.0  0.0  2.3
  2.3  2.3  4.7  7.0  0.0  0.0 14.0  4.7  0.0  0.0 90.7 16.3  0.0 55.8  0.0
  0.0  0.0  0.0  0.0  0.0  0.0  0.0  0.0  0.0  0.0  0.0  0.0  0.0  0.0  0.0
  0.0  0.0  0.0  0.0  0.0  4.7  0.0  0.0  0.0  0.0  0.0  0.0  2.3  0.0  0.0
  0.0  0.0  0.0  0.0  0.0  0.0  0.0  0.0  0.0  0.0  0.0  0.0  0.0  2.3  0.0
  4.7  0.0  2.3  7.0  0.0  0.0  0.0  2.3  0.0  0.0  0.0  0.0  0.0  0.0  0.0
  0.0  0.0  0.0  0.0  0.0  0.0  0.0  0.0  9.3  7.0 16.3 14.0  2.3  2.3  4.7
  0.0  0.0  2.3  0.0  2.3  4.7  2.3 11.6  0.0  4.7  0.0  2.3  4.7  0.0  0.0
    -27.30     -4.14     -2.60     -6.61      3.27  0.0  0.0  0.0  0.0  0.0
                                      t000099_s6_p2_qjpp.txt 34.3  5.5  194
  5.2  0.0  0.0 46.4  0.0  0.0  0.0  0.0 25.8  0.0  0.0  0.0  0.0  0.0  0.0
  0.0  0.0  5.2 20.6  0.0  0.0417.5113.4 46.4 20.6 25.8  5.2 10.3  0.0  0.0
  5.2  5.2  0.0  5.2  0.0  5.2  5.2  0.0  0.0  0.0  0.0  0.0  5.2  0.0  5.2
  0.0  0.0 10.3  0.0  0.0  5.2 25.8  5.2  0.0  5.2 46.4 51.5  0.0 77.3  5.2
  0.0  0.0  0.0  0.0  0.0  0.0  0.0  0.0  0.0  0.0  0.0  0.0  0.0  0.0  0.0
  0.0  0.0  0.0  0.0  0.0  5.2  0.0  0.0  0.0  0.0  0.0  0.0  0.0  0.0  0.0
  0.0  0.0  0.0  0.0  0.0  0.0  0.0  0.0  0.0  5.2  0.0  0.0  0.0  0.0  0.0
  5.2  0.0  0.0  5.2  0.0  0.0  5.2  0.0  0.0  0.0  0.0  0.0  0.0  0.0  0.0
  0.0  0.0  0.0  0.0  0.0  0.0  0.0  0.0 10.3  0.0 10.3  0.0  0.0  0.0  0.0
  0.0  5.2  0.0  0.0  0.0  0.0  0.0 10.3  5.2  5.2  0.0  0.0  0.0  0.0  0.0
    -22.53     -1.00      5.80     -6.61      3.56  0.0  0.0  0.0  0.0  5.2
                                      t000099_s6_p3_qjpp.txt 20.0  5.8  109
  0.0  0.0  0.0 55.0  0.0  0.0  0.0  0.0 18.3  0.0  0.0  0.0  0.0  0.0  0.0
  0.0  0.0  9.2  0.0  0.0  0.0376.1156.0 64.2 18.3  0.0  9.2  0.0  0.0  0.0
  9.2  0.0  0.0  0.0  0.0 36.7  0.0  0.0  9.2  0.0  9.2  9.2  9.2 18.3  0.0
  9.2  0.0 18.3  0.0  0.0 18.3  0.0 27.5  0.0  9.2 64.2 18.3  9.2 91.7  0.0
  0.0  0.0  0.0  0.0  0.0  0.0  0.0  0.0  0.0  0.0  0.0  0.0  0.0  0.0  0.0
  0.0  0.0  0.0  0.0  0.0 18.3  0.0  0.0  0.0  0.0  0.0  0.0  0.0  0.0  0.0
  0.0  0.0  0.0  0.0  0.0  0.0  0.0  0.0  0.0  0.0  0.0  0.0  0.0  0.0  0.0
 18.3  0.0  0.0 18.3  0.0  0.0  0.0  0.0  0.0  0.0  0.0  0.0  0.0  0.0  0.0
  0.0  0.0  0.0  0.0  0.0  0.0  0.0  0.0  0.0  0.0 27.5  9.2  0.0  0.0  0.0
  0.0  0.0  0.0  0.0  0.0 18.3  0.0 36.7  0.0  9.2  0.0  0.0  9.2  0.0  0.0
    -28.29     -3.36      7.23      4.39      7.85  0.0  0.0  0.0  0.0  0.0
                                      t000099_s6_p4_qjpp.txt 31.5  5.6  218
  4.6  0.0  0.0 27.5  0.0  0.0  0.0  0.0 18.3  0.0  0.0  0.0  0.0  0.0  0.0
  0.0  0.0  0.0  0.0  0.0  0.0385.3114.7 78.0 41.3  4.6  4.6  4.6  0.0  4.6
  4.6  4.6  0.0  0.0  0.0 18.3  0.0  9.2  0.0  0.0  0.0  4.6  4.6  9.2  0.0
  0.0  0.0 13.8  9.2  0.0  9.2  4.6  9.2  0.0  9.2 82.6 22.9  0.0 73.4  0.0
  4.6  0.0  0.0  0.0  0.0  0.0  0.0  0.0  0.0  0.0  0.0  0.0  0.0  0.0  0.0
  0.0  0.0  0.0  0.0  4.6  0.0  4.6  0.0  0.0  0.0  0.0  0.0  0.0  4.6  0.0
  0.0  0.0  0.0  0.0  0.0  0.0  0.0  0.0  0.0  0.0  4.6  0.0  0.0  0.0  0.0
  9.2  0.0  4.6 13.8  0.0  0.0  0.0  4.6  0.0  0.0  0.0  0.0  0.0  0.0  0.0
  0.0  0.0  0.0  0.0  0.0  0.0  0.0  0.0 13.8  4.6 13.8 13.8  0.0  4.6  0.0
  0.0  0.0  4.6  0.0  0.0  0.0  0.0  0.0  9.2 18.3  0.0  0.0  4.6  0.0  0.0
    -30.31     -2.43      8.09     -2.59      0.63  0.0  0.0  0.0  0.0  0.0
                                      t000099_s6_p5_qjpp.txt 34.3  5.3  371
 10.8  2.7  0.0 48.5  0.0  0.0  2.7  0.0  5.4  5.4  0.0  0.0  0.0  0.0  0.0
  0.0  0.0  2.7  5.4  0.0  0.0425.9107.8 67.4  2.7 10.8  5.4  2.7  0.0  0.0
  0.0  0.0  0.0  0.0  0.0 13.5 10.8  2.7  0.0  0.0  2.7  0.0  5.4  2.7  0.0
  0.0  2.7 10.8  0.0  8.1  8.1  8.1  2.7  0.0  0.0 88.9 16.2  0.0 67.4  2.7
  5.4  2.7  0.0  0.0  0.0  0.0  0.0  0.0  0.0  0.0  0.0  0.0  0.0  0.0  0.0
  0.0  0.0  0.0  8.1  0.0  2.7  0.0  2.7  0.0  0.0  0.0  0.0  0.0  2.7  0.0
  0.0  0.0  0.0  0.0  0.0  0.0  0.0  0.0  2.7  0.0  0.0  0.0  0.0  0.0  0.0
 10.8  2.7  2.7 16.2  0.0  2.7  2.7  0.0  0.0  0.0  0.0  0.0  0.0  0.0  0.0
  0.0  0.0  0.0  0.0  0.0  0.0  0.0  2.7 13.5  2.7 10.8 10.8  2.7  2.7  2.7
  0.0  0.0  2.7  0.0  0.0  5.4  0.0 13.5  5.4  5.4  2.7  0.0  2.7  0.0  0.0
    -25.22     -3.62      0.21     -4.68      0.15  0.0  0.0  0.0  0.0  0.0
                                      t000099_s6_p6_qjpp.txt 35.5  5.4  357
  2.8  2.8  0.0 50.4  0.0  0.0  8.4  0.0  5.6  5.6  2.8  0.0  0.0  0.0  0.0
  0.0  0.0 11.2 11.2  0.0  0.0406.2 86.8 67.2  5.6  8.4  8.4  2.8  0.0  0.0
  0.0  0.0  0.0  0.0  0.0 16.8 16.8  0.0  0.0  2.8  2.8  2.8  2.8  8.4  0.0
  2.8  2.8  0.0  0.0  8.4 14.0 16.8 11.2  0.0  0.0 86.8 14.0  0.0 84.0  0.0
  5.6  2.8  0.0  0.0  0.0  0.0  0.0  0.0  0.0  0.0  0.0  0.0  0.0  0.0  0.0
  0.0  0.0  0.0  0.0  0.0  8.4  0.0  0.0  0.0  2.8  0.0  0.0  0.0  0.0  5.6
  0.0  0.0  0.0  0.0  0.0  0.0  0.0  0.0  2.8  0.0  0.0  0.0  0.0  0.0  0.0
  8.4  2.8  0.0 11.2  5.6  2.8  8.4  0.0  0.0  0.0  0.0  0.0  0.0  0.0  0.0
  0.0  0.0  0.0  0.0  0.0  0.0  0.0  0.0  8.4  2.8  2.8 16.8  5.6  0.0  0.0
  0.0  0.0  0.0  0.0  2.8 11.2  5.6 19.6  0.0  5.6  2.8  2.8 14.0  0.0  0.0
    -19.49     -3.04      0.02     -2.88      0.30  0.0  0.0  0.0  0.0  0.0
                                      t000099_s6_p7_qjpp.txt 34.8  5.6  207
  0.0  0.0  0.0 48.3  0.0  0.0  0.0  0.0  4.8  0.0  4.8  0.0  0.0  0.0  0.0
  0.0  0.0  4.8 14.5  0.0  0.0415.5 77.3 43.5  9.7  0.0  4.8  0.0  0.0  0.0
  0.0  0.0  0.0  0.0  0.0  9.7 14.5  9.7  0.0  0.0  0.0  0.0  0.0 19.3  0.0
  0.0  0.0  4.8  0.0  4.8 14.5 14.5 19.3  0.0  0.0 53.1  4.8  0.0 82.1  9.7
  4.8  0.0  0.0  0.0  0.0  0.0  0.0  0.0  0.0  0.0  0.0  0.0  0.0  0.0  0.0
  0.0  0.0  0.0  0.0  0.0  0.0  4.8  0.0  0.0  0.0  0.0  0.0  0.0  0.0  0.0
  4.8  4.8  0.0  0.0  0.0  0.0  0.0  0.0  0.0  0.0  0.0  0.0  0.0  0.0  0.0
  4.8  0.0  0.0  4.8  9.7  0.0  9.7  0.0  0.0  0.0  0.0  0.0  0.0  0.0  0.0
  0.0  0.0  0.0  0.0  0.0  0.0  0.0  0.0  9.7  4.8  4.8  9.7  0.0  0.0  0.0
  0.0  0.0  4.8  0.0  0.0  0.0  0.0  4.8  0.0 24.2  0.0  0.0  4.8  0.0  0.0
    -23.21     -4.48      0.42     -4.30     -0.70  0.0  0.0  0.0  0.0  0.0
                                      t000099_s6_p8_qjpp.txt 26.8  5.2  147
 13.6  0.0  0.0 47.6  0.0  0.0  0.0  0.0  0.0  0.0  6.8  0.0  0.0  0.0  0.0
  0.0  0.0  6.8  6.8  0.0  0.0462.6 88.4 68.0  0.0  6.8  0.0  0.0  0.0  0.0
  0.0  0.0  0.0  0.0  0.0 20.4  0.0  0.0  0.0  0.0  6.8  0.0  0.0  0.0  0.0
  0.0  0.0  0.0  0.0  6.8 13.6  6.8  0.0  0.0  0.0 88.4  6.8  0.0 47.6  0.0
 20.4  0.0  0.0  0.0  0.0  0.0  0.0  0.0  0.0  0.0  0.0  0.0  0.0  0.0  0.0
  0.0  0.0  0.0  0.0  0.0  0.0  0.0  0.0  0.0  0.0  0.0  0.0  0.0  0.0  0.0
  0.0  0.0  0.0  0.0  0.0  0.0  0.0  0.0  0.0  0.0  0.0  0.0  0.0  6.8  0.0
  0.0  0.0  0.0  0.0  0.0  0.0  0.0  6.8  0.0  0.0  0.0  0.0  0.0  0.0  0.0
  0.0  0.0  0.0  0.0  0.0  0.0  0.0  0.0  0.0 13.6  6.8  0.0 13.6  0.0  6.8
  0.0  0.0  0.0  0.0  0.0  6.8  0.0  0.0  0.0  0.0  0.0  0.0  6.8  0.0  0.0
    -25.09     -5.43     -0.19     -3.37     -3.63  0.0  0.0  0.0  0.0  0.0
                                      t000099_s8_p1_qjpp.txt 34.0  5.6  320
  6.3  0.0  0.0 34.4  0.0  0.0  0.0  0.0  0.0  3.1  0.0  3.1  0.0  0.0  3.1
  0.0  0.0  0.0  9.4  0.0  0.0456.3 96.9 62.5  9.4  3.1  6.3  0.0  0.0  3.1
  3.1  0.0  0.0  0.0  0.0 21.9  3.1  0.0  0.0  0.0  0.0  6.3  0.0  9.4  0.0
  0.0  6.3  0.0  3.1  3.1  0.0 18.8  9.4  0.0  6.3 68.8  3.1  0.0 43.8  0.0
  9.4  0.0  0.0  0.0  0.0  0.0  0.0  0.0  0.0  0.0  0.0  0.0  0.0  0.0  0.0
  0.0  0.0  0.0  0.0  0.0  0.0  3.1  0.0  0.0  0.0  0.0  0.0  0.0  0.0  0.0
  3.1  0.0  0.0  0.0  0.0  0.0  0.0  0.0  0.0  0.0  3.1  0.0  0.0  0.0  0.0
  3.1  0.0  0.0  3.1  3.1  0.0  3.1  3.1  0.0  0.0  0.0  0.0  0.0  0.0  0.0
  0.0  0.0  0.0  0.0  0.0  0.0  0.0  0.0 15.6  3.1  6.3 18.8  3.1  3.1  9.4
  0.0  0.0  0.0  0.0  0.0 12.5  0.0  3.1  3.1  9.4  0.0  3.1  3.1  0.0  0.0
    -24.40     -4.08      4.13     -4.11     -2.21  0.0  3.1  0.0  0.0  0.0
                                      t000099_s8_p2_qjpp.txt 36.5  5.4  364
  0.0  0.0  0.0 24.7  0.0  0.0  0.0  2.7  5.5  2.7  0.0  0.0  0.0  0.0  0.0
  0.0  0.0  5.5  5.5  0.0  0.0469.8 60.4 54.9 19.2  5.5  8.2  0.0  0.0  0.0
  0.0  2.7  0.0  0.0  0.0  8.2  0.0  0.0  0.0  0.0  0.0  0.0  5.5  2.7  0.0
  2.7  0.0  5.5  0.0  0.0  5.5  8.2  5.5  0.0  0.0 65.9 11.0  0.0 54.9  5.5
  2.7  2.7  0.0  0.0  0.0  0.0  0.0  0.0  0.0  0.0  0.0  0.0  0.0  0.0  0.0
  0.0  0.0  0.0  0.0  0.0  0.0  0.0  0.0  0.0  2.7  0.0  0.0  0.0  5.5  0.0
  0.0  0.0  0.0  0.0  0.0  0.0  0.0  0.0  0.0  0.0  0.0  0.0  0.0  0.0  0.0
  0.0  2.7  5.5  8.2  0.0  0.0  0.0  0.0  0.0  0.0  0.0  0.0  0.0  0.0  0.0
  0.0  0.0  0.0  0.0  0.0  0.0  0.0  0.0  2.7  8.2 11.0 13.7  0.0  2.7  0.0
  0.0  2.7  0.0  0.0  0.0  8.2  0.0  8.2  0.0  2.7  2.7  0.0  5.5  0.0  0.0
    -26.11     -3.27      1.52     -6.61      1.11  0.0  0.0  0.0  0.0  0.0
                                      t000099_s8_p3_qjpp.txt 17.0  5.9   93
 43.0 21.5  0.0 43.0  0.0  0.0  0.0  0.0 53.8  0.0  0.0  0.0  0.0  0.0  0.0
  0.0  0.0 10.8 10.8  0.0  0.0387.1161.3 53.8 32.3 21.5  0.0  0.0 10.8  0.0
  0.0  0.0  0.0  0.0  0.0 32.3 21.5  0.0  0.0  0.0  0.0  0.0 10.8  0.0  0.0
 10.8  0.0 32.3  0.0  0.0 10.8 10.8 10.8  0.0 10.8 53.8 75.3  0.0107.5  0.0
  0.0  0.0  0.0  0.0  0.0  0.0  0.0  0.0  0.0  0.0  0.0  0.0  0.0  0.0  0.0
  0.0  0.0  0.0  0.0  0.0 53.8  0.0  0.0  0.0  0.0  0.0  0.0  0.0  0.0  0.0
  0.0  0.0 10.8  0.0  0.0  0.0  0.0  0.0  0.0  0.0  0.0  0.0  0.0  0.0  0.0
 53.8  0.0  0.0 53.8 10.8  0.0 10.8  0.0  0.0  0.0  0.0  0.0  0.0  0.0  0.0
  0.0  0.0  0.0  0.0  0.0  0.0  0.0  0.0  0.0  0.0 10.8 21.5  0.0 21.5 10.8
  0.0  0.0  0.0  0.0  0.0 10.8 10.8 21.5  0.0 32.3 10.8  0.0  0.0  0.0  0.0
    -15.64     -3.71      5.47     -6.61      6.56  0.0 10.8  0.0  0.0  0.0
                                      t000100_s1_p1_qjpp.txt 23.0  5.1  164
  6.1  0.0  0.0 12.2  0.0  0.0  0.0  0.0 18.3  0.0  0.0  0.0  0.0  0.0  0.0
  0.0  0.0  0.0  0.0  0.0  0.0487.8115.9 30.5 36.6  0.0  6.1  0.0  0.0  6.1
  0.0  6.1  0.0  0.0  6.1 18.3  0.0  0.0  6.1  0.0  0.0  0.0 12.2  6.1  0.0
  0.0  0.0  0.0  0.0  0.0  0.0  6.1  6.1  0.0  6.1 54.9 18.3  0.0 61.0  6.1
  0.0  0.0  0.0  0.0  0.0  0.0  0.0  0.0  0.0  0.0  0.0  0.0  0.0  0.0  0.0
  0.0  0.0  0.0  0.0  0.0  0.0  0.0  0.0  0.0  0.0  0.0  0.0  0.0  0.0  0.0
  0.0  0.0  0.0  0.0  0.0  0.0  0.0  0.0  0.0  0.0  0.0  0.0  0.0  0.0  0.0
  0.0  0.0  0.0  0.0  0.0  0.0  0.0  0.0  0.0  0.0  0.0  0.0  0.0  0.0  0.0
  0.0  0.0  0.0  0.0  0.0  0.0  0.0  0.0 12.2  6.1  0.0  0.0 18.3  0.0  0.0
  0.0  0.0  0.0  0.0  0.0  0.0  0.0 18.3  6.1 24.4  0.0  6.1  0.0  0.0  0.0
    -29.68     -3.35      3.45     -4.64      4.92  0.0  0.0  0.0  0.0  0.0
                                     t000100_s14_p1_qjpp.txt 32.0  5.5  615
  0.0  0.0  0.0  1.6  0.0  0.0  0.0  0.0  0.0  0.0  0.0  0.0  0.0  0.0  0.0
  0.0  0.0  0.0  1.6  0.0  0.0678.0 30.9 34.1  4.9  1.6  0.0  0.0  0.0  0.0
  0.0  0.0  0.0  0.0  0.0  1.6  0.0  0.0  0.0  0.0  0.0  0.0  0.0  0.0  1.6
  0.0  0.0  0.0  0.0  0.0  0.0  1.6  1.6  0.0  0.0 39.0  1.6  0.0  9.8  1.6
  0.0  0.0  0.0  0.0  0.0  0.0  0.0  0.0  0.0  0.0  0.0  0.0  0.0  0.0  0.0
  0.0  0.0  0.0  0.0  0.0  0.0  0.0  0.0  0.0  0.0  0.0  0.0  0.0  0.0  0.0
  0.0  0.0  0.0  0.0  0.0  0.0  0.0  0.0  0.0  0.0  0.0  0.0  0.0  0.0  0.0
  0.0  0.0  0.0  0.0  0.0  0.0  0.0  0.0  0.0  0.0  0.0  0.0  0.0  0.0  0.0
  0.0  0.0  0.0  0.0  0.0  0.0  0.0  0.0  0.0  1.6  0.0  3.3  8.1  0.0  0.0
  0.0  0.0  1.6  0.0  0.0  0.0  0.0  0.0  0.0  0.0  0.0  0.0  1.6  0.0  0.0
    -34.28     -5.50      0.88     -6.61     -2.38  1.6  0.0  1.6  0.0  0.0
                                    t000100_s14_p10_qjpp.txt 15.3  4.7   76
 13.2  0.0  0.0  0.0  0.0  0.0  0.0  0.0  0.0  0.0  0.0  0.0  0.0  0.0  0.0
  0.0  0.0  0.0 13.2  0.0  0.0394.7118.4 78.9 52.6  0.0  0.0  0.0  0.0  0.0
  0.0  0.0  0.0 13.2  0.0  0.0 13.2  0.0  0.0  0.0  0.0  0.0  0.0 13.2  0.0
  0.0  0.0  0.0  0.0  0.0  0.0 13.2 13.2  0.0  0.0105.3  0.0  0.0 65.8  0.0
  0.0  0.0  0.0  0.0  0.0  0.0  0.0  0.0  0.0  0.0  0.0  0.0  0.0  0.0  0.0
  0.0  0.0  0.0  0.0  0.0  0.0  0.0  0.0  0.0  0.0  0.0  0.0  0.0  0.0  0.0
  0.0  0.0  0.0  0.0  0.0  0.0  0.0  0.0  0.0  0.0  0.0  0.0  0.0  0.0  0.0
  0.0  0.0  0.0  0.0  0.0  0.0  0.0  0.0  0.0  0.0  0.0  0.0  0.0  0.0  0.0
  0.0  0.0  0.0  0.0  0.0  0.0  0.0  0.0  0.0  0.0 13.2  0.0  0.0 13.2  0.0
  0.0  0.0  0.0  0.0  0.0 26.3  0.0  0.0  0.0 13.2  0.0  0.0 13.2  0.0  0.0
    -26.37     -4.00     -2.79     -6.61     -1.63  0.0  0.0  0.0  0.0  0.0
                                    t000100_s14_p11_qjpp.txt 34.8  4.9  573
  1.7  1.7  0.0 12.2  0.0  0.0  0.0  0.0  3.5  0.0  0.0  0.0  0.0  0.0  0.0
  0.0  0.0  0.0  0.0  0.0  0.0483.4 71.6 36.6 24.4  0.0  0.0  1.7  0.0  0.0
  0.0  0.0  0.0  3.5  0.0  8.7  0.0  0.0  1.7  0.0  0.0  1.7  1.7  8.7  1.7
  1.7  3.5  0.0  0.0  1.7  0.0  3.5 12.2  0.0  0.0 47.1  3.5  0.0 52.4  5.2
  0.0  0.0  0.0  0.0  0.0  0.0  0.0  0.0  0.0  0.0  0.0  0.0  0.0  0.0  0.0
  0.0  0.0  0.0  0.0  0.0  0.0  1.7  0.0  0.0  0.0  0.0  0.0  0.0  0.0  0.0
  0.0  0.0  0.0  0.0  0.0  0.0  0.0  0.0  0.0  0.0  1.7  0.0  0.0  0.0  0.0
  1.7  0.0  0.0  1.7  0.0  0.0  0.0  1.7  0.0  0.0  0.0  0.0  0.0  0.0  0.0
  0.0  0.0  0.0  0.0  0.0  0.0  0.0  1.7  5.2  5.2  5.2  8.7 10.5  0.0  3.5
  0.0  0.0  0.0  0.0  0.0  1.7  0.0 15.7  5.2  1.7  0.0  0.0  5.2  0.0  0.0
    -28.21     -4.60     -0.52     -5.34      0.69  0.0  0.0  0.0  0.0  0.0
                                    t000100_s14_p12_qjpp.txt 33.3  5.0  321
  0.0  0.0  0.0  6.2  0.0  0.0  0.0  0.0  0.0  0.0  0.0  0.0  0.0  0.0  0.0
  0.0  0.0  0.0  3.1  0.0  0.0476.6127.7 31.2 37.4  0.0  0.0  3.1  0.0  0.0
  0.0  3.1  0.0  3.1  0.0 18.7  0.0  0.0  0.0  0.0  0.0  9.3  3.1 28.0 12.5
  3.1  0.0  0.0  0.0  0.0  0.0  6.2 43.6  0.0  0.0 37.4  0.0  0.0 77.9  9.3
  0.0  0.0  0.0  0.0  0.0  0.0  0.0  0.0  0.0  0.0  0.0  0.0  0.0  0.0  0.0
  0.0  0.0  0.0  0.0  0.0  0.0  0.0  0.0  0.0  0.0  0.0  0.0  0.0  0.0  0.0
  0.0  0.0  0.0  0.0  0.0  0.0  0.0  0.0  0.0  0.0  0.0  0.0  0.0  0.0  0.0
  0.0  0.0  0.0  0.0  0.0  0.0  0.0  0.0  0.0  0.0  0.0  0.0  0.0  0.0  0.0
  0.0  0.0  0.0  0.0  0.0  0.0  0.0  0.0 15.6 12.5 21.8  0.0 15.6  0.0  3.1
  0.0  0.0  3.1  0.0  0.0  6.2  0.0 34.3  6.2  0.0  0.0  0.0  0.0  0.0  0.0
    -30.46     -3.92      0.18     -2.87     13.16  0.0  0.0  0.0  0.0  0.0
                                    t000100_s14_p13_qjpp.txt 30.5  4.8  223
  0.0  0.0  0.0  4.5  0.0  0.0  0.0  0.0  4.5  0.0  0.0  0.0  0.0  0.0  0.0
  4.5  0.0  0.0  0.0  0.0  0.0376.7125.6 62.8 67.3  0.0  0.0  0.0  0.0  0.0
  0.0  4.5  0.0  4.5  0.0 22.4  4.5  0.0  0.0  0.0  0.0  4.5  0.0 31.4  4.5
  0.0  0.0  0.0  0.0  0.0  0.0  4.5 35.9  0.0  0.0 76.2  4.5  0.0 89.7  9.0
  0.0  0.0  0.0  0.0  0.0  0.0  0.0  0.0  0.0  0.0  0.0  0.0  0.0  0.0  0.0
  0.0  0.0  0.0  0.0  0.0  0.0  0.0  0.0  0.0  0.0  0.0  0.0  0.0  0.0  0.0
  0.0  0.0  0.0  0.0  0.0  0.0  0.0  0.0  0.0  0.0  0.0  0.0  0.0  0.0  0.0
  0.0  0.0  0.0  0.0  0.0  0.0  0.0  0.0  0.0  0.0  0.0  0.0  0.0  0.0  0.0
  0.0  4.5  0.0  0.0  0.0  0.0  0.0  4.5  0.0 13.5  0.0 35.9 26.9  9.0  0.0
  0.0  4.5  0.0  0.0  0.0  0.0  0.0 17.9  0.0  0.0  0.0  0.0  4.5  0.0  0.0
    -27.44     -3.52      0.08     -4.81      4.58  0.0  0.0  4.5  0.0  0.0
                                    t000100_s14_p14_qjpp.txt 17.5  5.7  106
  9.4  0.0  0.0  0.0  0.0  0.0  0.0  0.0  0.0  0.0  0.0  0.0  0.0  0.0  0.0
  0.0  0.0  0.0  9.4  0.0  0.0462.3103.8 37.7 47.2  0.0  0.0  0.0  0.0  0.0
  0.0  0.0  0.0  0.0  9.4  9.4  0.0  0.0  0.0  0.0  0.0  0.0  0.0 37.7  0.0
  0.0  0.0  0.0  0.0  0.0  0.0  9.4 37.7  0.0  0.0 56.6  0.0  0.0 66.0  0.0
  0.0  0.0  0.0  0.0  0.0  0.0  0.0  0.0  0.0  0.0  0.0  0.0  0.0  0.0  0.0
  0.0  0.0  0.0  0.0  0.0  0.0  0.0  0.0  0.0  0.0  0.0  0.0  0.0  0.0  0.0
  0.0  0.0  0.0  0.0  0.0  0.0  0.0  0.0  0.0  0.0  9.4  0.0  0.0  0.0  0.0
  0.0  0.0  0.0  0.0  0.0  0.0  0.0  9.4  0.0  0.0  0.0  0.0  0.0  0.0  0.0
  0.0  9.4  0.0  0.0  0.0  0.0  0.0  9.4  9.4  0.0  0.0  0.0 37.7  9.4 28.3
  0.0  0.0  0.0  0.0  0.0  0.0  0.0 18.9  0.0  9.4  0.0  0.0  0.0  0.0  0.0
    -29.10     -4.18     -2.34     -6.61      2.09  0.0  0.0  0.0  0.0  0.0
                                    t000100_s14_p15_qjpp.txt 32.0  5.1  335
  3.0  0.0  0.0 14.9  0.0  0.0  0.0  0.0  0.0  0.0  0.0  0.0  0.0  0.0  0.0
  0.0  0.0  0.0  9.0  0.0  0.0406.0113.4 59.7 59.7  0.0  0.0  0.0  3.0  0.0
  0.0  3.0  0.0  0.0  6.0 14.9  3.0  0.0  0.0  3.0  0.0  6.0  3.0 35.8  3.0
  0.0  0.0  0.0  3.0  0.0  0.0 14.9 38.8  0.0  3.0 83.6  0.0  0.0 89.6  9.0
  0.0  0.0  0.0  0.0  0.0  0.0  0.0  0.0  0.0  0.0  0.0  0.0  0.0  0.0  0.0
  0.0  0.0  0.0  0.0  0.0  0.0  0.0  0.0  0.0  0.0  0.0  0.0  0.0  0.0  0.0
  0.0  0.0  0.0  0.0  0.0  0.0  0.0  0.0  0.0  0.0  0.0  0.0  0.0  0.0  0.0
  0.0  0.0  0.0  0.0  0.0  0.0  0.0  0.0  0.0  0.0  0.0  0.0  0.0  0.0  0.0
  0.0  0.0  0.0  0.0  0.0  0.0  0.0  0.0 11.9  3.0 14.9  3.0 35.8  3.0  6.0
  0.0  3.0  0.0  0.0  3.0  9.0  0.0 17.9  3.0  6.0  0.0  0.0  3.0  0.0  0.0
    -27.85     -3.76      1.23     -2.86      5.96  0.0  0.0  0.0  0.0  0.0
                                    t000100_s14_p16_qjpp.txt 29.0  5.1  384
  2.6  0.0  0.0  7.8  0.0  0.0  0.0  0.0  0.0  0.0  0.0  0.0  0.0  0.0  0.0
  0.0  0.0  0.0  2.6  0.0  0.0385.4132.8 49.5 54.7  0.0  2.6  2.6  0.0  0.0
  0.0  0.0  0.0  5.2  2.6 15.6  0.0  0.0  0.0  0.0  0.0  2.6  2.6 28.6  2.6
  2.6  5.2  0.0  2.6  2.6  0.0  7.8 33.9  0.0  0.0 65.1  0.0  0.0 91.1 18.2
  0.0  0.0  0.0  0.0  0.0  0.0  0.0  0.0  0.0  0.0  0.0  0.0  0.0  0.0  0.0
  0.0  0.0  0.0  0.0  0.0  0.0  0.0  0.0  0.0  0.0  0.0  0.0  0.0  0.0  0.0
  0.0  0.0  0.0  0.0  0.0  0.0  0.0  0.0  0.0  0.0  2.6  0.0  0.0  0.0  0.0
  0.0  0.0  0.0  0.0  0.0  0.0  0.0  2.6  0.0  0.0  0.0  0.0  0.0  0.0  0.0
  0.0  0.0  0.0  0.0  0.0  0.0  0.0  0.0  7.8  7.8 15.6  7.8 33.9  7.8  0.0
  0.0  0.0  0.0  0.0  0.0  2.6  0.0 18.2 10.4  7.8  0.0  0.0  7.8  0.0  0.0
    -29.02     -2.95     -2.17     -5.56      5.18  5.2  0.0  0.0  0.0  0.0
                                    t000100_s14_p17_qjpp.txt 21.5  5.2  110
  0.0  0.0  0.0  9.1  0.0  0.0  0.0  0.0  0.0  0.0  0.0  0.0  0.0  0.0  0.0
  0.0  0.0  0.0  0.0  9.1  0.0427.3 72.7 27.3 72.7  0.0  0.0  9.1  0.0  0.0
  0.0  0.0  0.0  0.0  0.0  9.1  0.0  0.0  0.0  0.0  0.0  0.0  0.0 18.2  0.0
  0.0  9.1  0.0  0.0  0.0  0.0  9.1 18.2  9.1  0.0 63.6  0.0  0.0 81.8  9.1
  0.0  0.0  0.0  0.0  0.0  0.0  0.0  0.0  0.0  0.0  0.0  0.0  0.0  0.0  0.0
  0.0  0.0  0.0  0.0  0.0  0.0  0.0  0.0  0.0  0.0  0.0  0.0  0.0  0.0  0.0
  0.0  0.0  0.0  0.0  0.0  0.0  0.0  0.0  0.0  0.0  0.0  0.0  0.0  0.0  0.0
  0.0  0.0  0.0  0.0  0.0  0.0  0.0  0.0  0.0  0.0  0.0  0.0  0.0  0.0  0.0
  0.0  0.0  0.0  0.0  0.0  0.0  0.0  0.0 27.3  9.1  9.1  9.1 54.5  9.1  0.0
  0.0  0.0  0.0  0.0  0.0  0.0  0.0 18.2  9.1  9.1  0.0  0.0  0.0  0.0  0.0
    -18.64     -1.65      0.46     -6.61     -0.87  0.0  0.0  9.1  0.0  0.0
                                    t000100_s14_p18_qjpp.txt 20.8  4.8  126
  0.0  0.0  0.0 31.7  0.0  0.0  0.0  0.0  0.0  0.0  0.0  0.0  0.0  0.0  0.0
  0.0  0.0  0.0  0.0  0.0  0.0452.4166.7  7.9 55.6  0.0  0.0  0.0  0.0  0.0
  0.0  0.0  0.0  0.0  0.0  7.9  0.0  0.0  0.0  0.0  0.0  0.0  7.9 47.6 15.9
  0.0  0.0  0.0  0.0  0.0  0.0  0.0 63.5  0.0  0.0  7.9  0.0  0.0111.1  7.9
  0.0  0.0  0.0  0.0  0.0  0.0  0.0  0.0  0.0  0.0  0.0  0.0  0.0  0.0  0.0
  0.0  0.0  0.0  0.0  0.0  0.0  0.0  0.0  0.0  0.0  0.0  0.0  0.0  0.0  0.0
  0.0  0.0  0.0  0.0  0.0  0.0  0.0  0.0  0.0  0.0  0.0  0.0  0.0  0.0  0.0
  0.0  0.0  0.0  0.0  0.0  0.0  0.0  0.0  0.0  0.0  0.0  0.0  0.0  0.0  0.0
  0.0  0.0  0.0  0.0  0.0  0.0  0.0  0.0 47.6  7.9 15.9 23.8 63.5  7.9  0.0
  0.0  0.0  0.0  0.0  0.0  0.0  0.0 31.7 15.9 15.9  0.0  0.0  7.9  0.0  0.0
    -29.49     -3.90      0.52     -6.61     20.76  0.0  0.0  0.0  0.0  0.0
                                    t000100_s14_p19_qjpp.txt 24.3  5.3  134
  0.0  0.0  0.0  7.5  0.0  0.0  0.0  0.0  0.0  0.0  0.0  0.0  0.0  0.0  0.0
 14.9  0.0  0.0  0.0  0.0  0.0410.4149.3 37.3 44.8  0.0  0.0  0.0  0.0  0.0
  0.0  0.0  0.0  0.0  0.0  0.0  0.0  0.0  7.5  0.0  0.0  0.0  0.0 14.9 14.9
  0.0  0.0  0.0  0.0  0.0  0.0  0.0 29.9  0.0  0.0 44.8  0.0  0.0 74.6 14.9
  0.0  0.0  0.0  0.0  0.0  0.0  0.0  0.0  0.0  0.0  0.0  0.0  0.0  0.0  0.0
  0.0  0.0  0.0  0.0  0.0  0.0  0.0  0.0  0.0  0.0  0.0  0.0  0.0  0.0  0.0
  0.0  0.0  0.0  0.0  0.0  0.0  0.0  0.0  0.0  0.0  0.0  0.0  0.0  0.0  0.0
  0.0  0.0  0.0  0.0  0.0  0.0  0.0  0.0  0.0  0.0  0.0  0.0  0.0  0.0  0.0
  0.0  0.0  0.0  0.0  0.0  0.0  0.0  0.0  7.5  7.5  7.5 14.9 22.4  7.5  0.0
  0.0  0.0  0.0  0.0  0.0  0.0  0.0 29.9  0.0  0.0  0.0  0.0  7.5  0.0  0.0
    -25.51     -4.25      0.97     -4.20     10.12  0.0  0.0  0.0  0.0  0.0
                                     t000100_s14_p2_qjpp.txt  3.8  6.4   15
  0.0  0.0  0.0 66.7  0.0  0.0  0.0  0.0  0.0  0.0  0.0  0.0  0.0  0.0  0.0
  0.0  0.0 66.7  0.0  0.0  0.0533.3133.3  0.0  0.0  0.0  0.0  0.0  0.0  0.0
  0.0  0.0  0.0  0.0  0.0  0.0  0.0  0.0  0.0  0.0  0.0  0.0  0.0 66.7  0.0
  0.0  0.0  0.0  0.0  0.0 66.7  0.0 66.7  0.0  0.0  0.0  0.0  0.0 66.7  0.0
  0.0  0.0  0.0  0.0  0.0  0.0  0.0  0.0  0.0  0.0  0.0  0.0  0.0  0.0  0.0
  0.0  0.0  0.0  0.0  0.0  0.0  0.0  0.0  0.0  0.0  0.0  0.0  0.0  0.0  0.0
  0.0  0.0  0.0  0.0  0.0  0.0  0.0  0.0  0.0  0.0  0.0  0.0  0.0  0.0  0.0
  0.0  0.0  0.0  0.0  0.0  0.0  0.0  0.0  0.0  0.0  0.0  0.0  0.0  0.0  0.0
  0.0  0.0  0.0  0.0  0.0  0.0  0.0  0.0  0.0  0.0133.3  0.0 66.7  0.0  0.0
  0.0  0.0  0.0  0.0  0.0  0.0  0.0  0.0  0.0  0.0  0.0  0.0  0.0  0.0  0.0
    -13.96     -5.73      0.97     -6.61      6.47  0.0  0.0  0.0  0.0  0.0
                                    t000100_s14_p20_qjpp.txt 30.5  5.2  341
  2.9  0.0  0.0 11.7  0.0  0.0  0.0  0.0  2.9  0.0  0.0  0.0  0.0  0.0  0.0
  0.0  0.0  0.0  0.0  0.0  0.0398.8126.1 23.5 58.7 14.7  0.0  0.0  0.0  0.0
  0.0  0.0  0.0  5.9  2.9 20.5  8.8  0.0  2.9  0.0  0.0  5.9  2.9 35.2  2.9
  0.0  2.9  0.0 11.7  2.9  0.0  2.9 38.1  0.0  0.0 44.0 17.6  0.0 93.8 11.7
  2.9  0.0  0.0  0.0  0.0  0.0  0.0  0.0  0.0  0.0  0.0  0.0  0.0  0.0  0.0
  0.0  0.0  0.0  5.9  0.0  0.0  0.0  0.0  0.0  0.0  0.0  0.0  0.0  0.0  0.0
  0.0  0.0  5.9  0.0  0.0  0.0  0.0  0.0  0.0  0.0  2.9  0.0  0.0  0.0  0.0
  5.9  0.0  0.0  5.9  5.9  0.0  5.9  2.9  0.0  0.0  0.0  0.0  0.0  0.0  0.0
  0.0  0.0  0.0  0.0  0.0  0.0  0.0  0.0 17.6  2.9  8.8 11.7 32.3  2.9  5.9
  0.0  0.0  0.0  0.0  0.0  5.9  2.9 20.5  8.8 17.6  0.0  0.0  0.0  2.9  0.0
    -28.35     -3.15     -2.73     -3.31      5.79  2.9  0.0  0.0  0.0  0.0
                                    t000100_s14_p21_qjpp.txt 11.3  5.5   61
  0.0  0.0  0.0 49.2  0.0  0.0  0.0  0.0  0.0  0.0  0.0  0.0  0.0  0.0  0.0
  0.0  0.0  0.0 16.4  0.0  0.0442.6163.9 49.2 49.2  0.0  0.0  0.0  0.0  0.0
  0.0  0.0  0.0  0.0  0.0  0.0  0.0  0.0  0.0  0.0  0.0  0.0  0.0 49.2  0.0
  0.0  0.0  0.0  0.0  0.0  0.0 16.4 49.2  0.0  0.0 49.2  0.0  0.0 98.4  0.0
  0.0  0.0  0.0  0.0  0.0  0.0  0.0  0.0  0.0  0.0  0.0  0.0  0.0  0.0  0.0
  0.0  0.0  0.0  0.0  0.0  0.0  0.0  0.0  0.0  0.0  0.0  0.0  0.0  0.0  0.0
  0.0  0.0  0.0  0.0  0.0  0.0  0.0  0.0  0.0  0.0  0.0  0.0  0.0  0.0  0.0
  0.0  0.0  0.0  0.0  0.0  0.0  0.0  0.0  0.0  0.0  0.0  0.0  0.0  0.0  0.0
  0.0  0.0  0.0  0.0  0.0  0.0  0.0  0.0 49.2 16.4  0.0  0.0 16.4 16.4  0.0
  0.0  0.0  0.0  0.0  0.0  0.0  0.0  0.0 16.4 32.8  0.0  0.0 16.4  0.0  0.0
    -29.10     -4.11      0.97     -6.61      3.83  0.0  0.0  0.0 16.4  0.0
                                     t000100_s14_p3_qjpp.txt 12.3  5.5   57
  0.0  0.0  0.0 52.6  0.0  0.0  0.0  0.0  0.0  0.0 17.5  0.0  0.0  0.0  0.0
  0.0  0.0 17.5  0.0  0.0  0.0456.1122.8 52.6 35.1  0.0  0.0  0.0  0.0  0.0
  0.0  0.0  0.0  0.0  0.0  0.0  0.0 17.5  0.0  0.0  0.0  0.0  0.0 17.5  0.0
  0.0  0.0  0.0  0.0  0.0 35.1  0.0 17.5  0.0  0.0 87.7  0.0  0.0 87.7  0.0
  0.0  0.0  0.0  0.0  0.0  0.0  0.0  0.0  0.0  0.0  0.0  0.0  0.0  0.0  0.0
  0.0  0.0  0.0  0.0  0.0  0.0  0.0  0.0  0.0  0.0  0.0  0.0  0.0  0.0  0.0
  0.0  0.0  0.0  0.0 17.5  0.0  0.0  0.0  0.0  0.0  0.0  0.0  0.0  0.0  0.0
  0.0  0.0  0.0  0.0  0.0 17.5 17.5  0.0  0.0  0.0  0.0  0.0  0.0  0.0  0.0
  0.0  0.0  0.0  0.0  0.0  0.0  0.0  0.0 35.1  0.0  0.0 17.5  0.0 17.5  0.0
 17.5  0.0  0.0  0.0  0.0  0.0  0.0 17.5  0.0  0.0  0.0  0.0  0.0  0.0  0.0
    -24.59     -4.57      0.97     -2.43     -0.97  0.0  0.0  0.0  0.0  0.0
                                     t000100_s14_p4_qjpp.txt  6.3  5.4   26
  0.0  0.0  0.0 76.9  0.0  0.0  0.0  0.0 38.5  0.0  0.0  0.0  0.0  0.0  0.0
  0.0  0.0  0.0  0.0  0.0  0.0423.1192.3  0.0  0.0  0.0 38.5  0.0  0.0  0.0
  0.0  0.0  0.0  0.0  0.0  0.0  0.0  0.0  0.0  0.0  0.0  0.0  0.0 38.5  0.0
  0.0  0.0  0.0  0.0 38.5  0.0  0.0 38.5  0.0  0.0 38.5 38.5  0.0 76.9  0.0
  0.0  0.0  0.0  0.0  0.0  0.0  0.0  0.0  0.0  0.0  0.0  0.0  0.0  0.0  0.0
  0.0  0.0  0.0  0.0  0.0  0.0  0.0  0.0  0.0  0.0  0.0  0.0  0.0  0.0  0.0
  0.0  0.0  0.0  0.0  0.0  0.0  0.0  0.0  0.0  0.0  0.0  0.0  0.0  0.0  0.0
  0.0  0.0  0.0  0.0  0.0  0.0  0.0  0.0  0.0  0.0  0.0  0.0  0.0  0.0  0.0
  0.0  0.0  0.0  0.0  0.0  0.0  0.0  0.0 76.9  0.0  0.0  0.0 76.9  0.0  0.0
  0.0  0.0  0.0  0.0  0.0  0.0  0.0  0.0  0.0  0.0  0.0  0.0  0.0  0.0  0.0
    -28.02      1.67      0.97     -6.61      2.20  0.0  0.0  0.0  0.0  0.0
                                     t000100_s14_p5_qjpp.txt 33.0  5.1  280
  3.6  0.0  0.0 10.7  0.0  0.0  0.0  0.0  3.6  0.0  0.0  0.0  0.0  0.0  0.0
  0.0  0.0  3.6 10.7  0.0  0.0378.6132.1 46.4 60.7  0.0  0.0 10.7  0.0  3.6
  0.0  3.6  0.0  0.0  3.6 10.7  3.6  0.0  7.1  0.0  0.0  3.6  0.0 14.3  0.0
  0.0  3.6  3.6  0.0  7.1  3.6 17.9 14.3  0.0  3.6 78.6  3.6  7.1 89.3  0.0
  0.0  0.0  0.0  0.0  0.0  0.0  0.0  0.0  0.0  0.0  0.0  0.0  0.0  0.0  0.0
  0.0  0.0  0.0  0.0  0.0  3.6  0.0  0.0  0.0  0.0  0.0  0.0  0.0  0.0  0.0
  0.0  0.0  0.0  0.0  0.0  0.0  0.0  0.0  0.0  0.0  0.0  0.0  0.0  0.0  0.0
  3.6  0.0  0.0  3.6  0.0  0.0  0.0  0.0  0.0  0.0  0.0  0.0  0.0  0.0  0.0
  0.0  0.0  0.0  0.0  0.0  0.0  0.0  7.1 14.3  0.0  0.0 14.3  3.6 17.9  3.6
  7.1  0.0  0.0  0.0  0.0  0.0  0.0  7.1  3.6  7.1  0.0  0.0  0.0  0.0  0.0
    -25.67     -1.75      2.42     -2.87     -1.46  0.0  0.0  3.6  0.0  0.0
                                     t000100_s14_p6_qjpp.txt 27.0  4.4  155
  0.0  0.0  0.0  0.0  0.0  0.0  0.0  0.0 12.9  0.0  0.0  0.0  0.0  0.0  0.0
  0.0  0.0  0.0  6.5  0.0  0.0393.5129.0 32.3 71.0  0.0  0.0  0.0  0.0  6.5
  0.0  0.0  0.0  0.0  0.0  0.0  6.5  0.0  0.0  0.0  0.0  0.0  0.0 12.9  0.0
  6.5  0.0  0.0  0.0  0.0  0.0  6.5 19.4  0.0  6.5 51.6 12.9  0.0 83.9  0.0
  0.0  0.0  0.0  0.0  0.0  0.0  0.0  0.0  0.0  0.0  0.0  0.0  0.0  0.0  0.0
  0.0  0.0  0.0  0.0  0.0  0.0  6.5  0.0  0.0  0.0  0.0  0.0  0.0  0.0  0.0
  6.5  0.0  0.0  0.0  0.0  0.0  0.0  0.0  0.0  0.0  0.0  0.0  0.0  0.0  0.0
  6.5  0.0  0.0  6.5  6.5  0.0  6.5  0.0  0.0  0.0  0.0  0.0  0.0  0.0  0.0
  0.0  0.0  0.0  0.0  0.0  0.0  0.0  6.5 19.4  0.0  6.5  0.0  0.0 12.9  0.0
  6.5  0.0  0.0  0.0  6.5  0.0  0.0 12.9  0.0 19.4  0.0  0.0  0.0  0.0  0.0
    -25.70     -3.39      4.20     -6.61      0.41  0.0  0.0  0.0  0.0  0.0
                                     t000100_s14_p7_qjpp.txt  9.8  5.3   41
  0.0  0.0  0.0  0.0  0.0  0.0  0.0  0.0  0.0  0.0  0.0  0.0  0.0  0.0  0.0
  0.0  0.0  0.0  0.0  0.0 24.4487.8146.3 48.8 48.8  0.0  0.0  0.0  0.0  0.0
  0.0  0.0  0.0  0.0  0.0 24.4  0.0  0.0  0.0  0.0  0.0  0.0  0.0 24.4  0.0
  0.0  0.0  0.0  0.0  0.0  0.0  0.0 24.4  0.0  0.0 73.2  0.0  0.0 48.8  0.0
  0.0  0.0  0.0  0.0  0.0  0.0  0.0  0.0  0.0  0.0  0.0  0.0  0.0  0.0  0.0
  0.0  0.0  0.0  0.0  0.0  0.0  0.0  0.0  0.0  0.0  0.0  0.0  0.0  0.0  0.0
  0.0  0.0  0.0  0.0  0.0  0.0  0.0  0.0  0.0  0.0  0.0  0.0  0.0  0.0  0.0
  0.0  0.0  0.0  0.0  0.0  0.0  0.0  0.0  0.0  0.0  0.0  0.0  0.0  0.0  0.0
  0.0  0.0  0.0  0.0  0.0  0.0  0.0  0.0  0.0  0.0 48.8  0.0  0.0  0.0  0.0
  0.0  0.0  0.0  0.0  0.0  0.0 24.4  0.0  0.0  0.0  0.0  0.0  0.0  0.0  0.0
    -25.04     -4.12     -0.41     -6.61      0.07  0.0  0.0  0.0  0.0  0.0
                                     t000100_s14_p8_qjpp.txt 16.0  5.3   83
  0.0  0.0  0.0 12.0  0.0  0.0  0.0  0.0  0.0  0.0  0.0  0.0  0.0  0.0  0.0
  0.0  0.0  0.0 12.0  0.0  0.0469.9108.4 12.0 12.0  0.0  0.0  0.0  0.0  0.0
  0.0  0.0  0.0  0.0  0.0  0.0  0.0  0.0  0.0  0.0  0.0  0.0  0.0 36.1  0.0
  0.0  0.0  0.0  0.0  0.0  0.0 12.0 36.1  0.0  0.0 24.1  0.0  0.0 48.2  0.0
  0.0  0.0  0.0  0.0  0.0  0.0  0.0  0.0  0.0  0.0  0.0  0.0  0.0  0.0  0.0
  0.0  0.0  0.0  0.0  0.0  0.0  0.0  0.0  0.0  0.0  0.0  0.0  0.0  0.0  0.0
  0.0  0.0  0.0  0.0  0.0  0.0  0.0  0.0  0.0  0.0 12.0  0.0  0.0  0.0  0.0
  0.0  0.0  0.0  0.0  0.0  0.0  0.0 12.0  0.0  0.0  0.0  0.0  0.0  0.0  0.0
  0.0  0.0  0.0  0.0  0.0  0.0  0.0 12.0  0.0  0.0  0.0  0.0 12.0  0.0  0.0
  0.0  0.0  0.0  0.0  0.0  0.0  0.0 24.1  0.0  0.0  0.0  0.0  0.0  0.0  0.0
    -27.13     -5.33      0.97     -6.61      1.85  0.0  0.0  0.0  0.0  0.0
                                     t000100_s14_p9_qjpp.txt 14.5  5.8   62
  0.0  0.0  0.0 16.1  0.0  0.0  0.0  0.0  0.0  0.0  0.0  0.0  0.0  0.0  0.0
  0.0  0.0  0.0  0.0  0.0  0.0483.9 48.4 32.3 32.3  0.0  0.0  0.0  0.0  0.0
  0.0  0.0  0.0  0.0  0.0 16.1 16.1  0.0  0.0  0.0  0.0  0.0  0.0 32.3  0.0
  0.0  0.0  0.0  0.0  0.0  0.0  0.0 32.3  0.0  0.0 80.6  0.0  0.0 64.5  0.0
  0.0  0.0  0.0  0.0  0.0  0.0  0.0  0.0  0.0  0.0  0.0  0.0  0.0  0.0  0.0
  0.0  0.0  0.0  0.0  0.0  0.0  0.0  0.0  0.0  0.0  0.0  0.0  0.0  0.0  0.0
  0.0  0.0 16.1  0.0  0.0  0.0  0.0  0.0  0.0  0.0  0.0  0.0  0.0  0.0  0.0
  0.0  0.0  0.0  0.0 16.1  0.0 16.1  0.0  0.0  0.0  0.0  0.0  0.0  0.0  0.0
  0.0  0.0  0.0  0.0  0.0  0.0  0.0 16.1  0.0  0.0  0.0  0.0  0.0 16.1  0.0
 16.1  0.0  0.0  0.0  0.0  0.0  0.0 16.1  0.0 16.1  0.0  0.0  0.0  0.0  0.0
    -29.86     -4.67      0.06     -6.61      1.26  0.0  0.0  0.0  0.0  0.0
                                     t000100_s19_p1_qjpp.txt 33.5  4.7  532
  3.8  0.0  0.0 11.3  0.0  0.0  1.9  0.0  7.5  0.0  0.0  0.0  0.0  0.0  0.0
  0.0  0.0  0.0  5.6  0.0  0.0479.3 94.0 43.2 13.2  0.0  1.9  3.8  0.0  0.0
  1.9  0.0  0.0  0.0  0.0  7.5  3.8  0.0  0.0  0.0  0.0  1.9  0.0  9.4  0.0
  0.0  0.0  0.0  0.0  0.0  0.0  5.6  9.4  0.0  1.9 58.3  7.5  0.0 37.6  1.9
  0.0  0.0  0.0  0.0  0.0  0.0  0.0  0.0  0.0  0.0  0.0  0.0  0.0  0.0  0.0
  0.0  0.0  0.0  0.0  0.0  0.0  0.0  0.0  0.0  0.0  0.0  0.0  0.0  0.0  0.0
  0.0  0.0  0.0  0.0  0.0  0.0  0.0  0.0  0.0  0.0  0.0  0.0  0.0  0.0  0.0
  0.0  0.0  0.0  0.0  0.0  0.0  0.0  0.0  0.0  0.0  0.0  0.0  0.0  0.0  0.0
  0.0  0.0  0.0  0.0  0.0  0.0  0.0  1.9  7.5  5.6  3.8  3.8 16.9  0.0  0.0
  0.0  0.0  0.0  0.0  0.0  1.9  0.0  0.0  9.4  1.9  1.9  0.0  3.8  0.0  0.0
    -27.45     -4.24      2.26     -5.85     -2.20  0.0  0.0  0.0  0.0  0.0
                                    t000100_s19_p10_qjpp.txt 36.8  4.8  617
 11.3  0.0  0.0 14.6  0.0  0.0  0.0  0.0 11.3  0.0  1.6  0.0  0.0  0.0  0.0
  0.0  0.0  4.9  8.1  0.0  0.0455.4105.3 47.0 25.9  1.6  1.6  6.5  0.0  6.5
  0.0  0.0  0.0  1.6  0.0 16.2  3.2  0.0  3.2  0.0  0.0  3.2  6.5  4.9  0.0
  0.0  1.6  6.5  1.6  4.9  4.9  9.7  4.9  0.0  6.5 60.0 13.0  0.0 51.9  3.2
  1.6  0.0  0.0  0.0  0.0  0.0  0.0  0.0  0.0  0.0  0.0  0.0  0.0  0.0  0.0
  0.0  0.0  0.0  3.2  0.0  3.2  1.6  0.0  0.0  1.6  0.0  0.0  0.0  0.0  0.0
  0.0  0.0  0.0  0.0  1.6  0.0  0.0  0.0  0.0  0.0  0.0  0.0  0.0  0.0  0.0
  8.1  1.6  0.0  9.7  0.0  1.6  1.6  0.0  0.0  0.0  0.0  0.0  0.0  0.0  0.0
  0.0  0.0  0.0  0.0  0.0  0.0  0.0  0.0  3.2  1.6  0.0  0.0 11.3  4.9  0.0
  0.0  3.2  0.0  0.0  0.0  3.2  0.0  9.7  8.1 11.3  0.0  1.6  0.0  0.0  0.0
    -25.01     -3.29      2.83     -4.26      1.16  0.0  0.0  0.0  1.6  0.0
                                    t000100_s19_p11_qjpp.txt 24.5  4.9  195
 20.5  5.1  0.0 25.6  0.0  0.0  5.1  0.0 15.4  0.0  0.0  0.0  0.0  0.0  0.0
  0.0  0.0 10.3  5.1  0.0  0.0415.4 87.2 10.3 71.8  0.0  0.0 15.4  0.0  5.1
  0.0  0.0  0.0  0.0 10.3 20.5  5.1  5.1  0.0  0.0  0.0 10.3  5.1 10.3  0.0
  5.1  0.0 20.5  0.0  0.0 15.4  5.1 15.4  0.0  5.1 20.5 15.4  0.0 97.4  0.0
  5.1  0.0  0.0  0.0  0.0  0.0  0.0  0.0  0.0  0.0  0.0  0.0  0.0  0.0  0.0
  0.0  0.0  0.0  0.0  0.0 20.5  0.0  0.0  0.0  0.0  0.0  0.0  0.0  5.1  0.0
  0.0  5.1  0.0  0.0  0.0  0.0  0.0  0.0  0.0  0.0  0.0  0.0  0.0  0.0  0.0
 20.5  0.0  5.1 25.6  5.1  0.0  5.1  0.0  0.0  0.0  0.0  0.0  0.0  0.0  0.0
  0.0  0.0  0.0  0.0  0.0  0.0  0.0  0.0 10.3 15.4 15.4  0.0 10.3  0.0  0.0
  0.0  5.1  0.0  0.0  0.0  0.0  0.0 10.3  5.1 20.5  0.0 10.3  0.0  0.0  0.0
    -16.98     -0.52     -0.64     -1.28      2.79  0.0  0.0  0.0  0.0  0.0
                                    t000100_s19_p12_qjpp.txt 33.8  4.9  250
  8.0  0.0  0.0 20.0  0.0  0.0  0.0  0.0 12.0  0.0  0.0  0.0  0.0  0.0  0.0
  4.0  0.0  0.0  0.0  0.0  0.0492.0 64.0 40.0 16.0  0.0  4.0  0.0  0.0  0.0
  0.0  0.0  0.0  0.0  0.0 20.0  4.0  0.0  0.0  0.0  0.0  8.0  4.0 12.0  0.0
  0.0  0.0  4.0  0.0  0.0  0.0  0.0 12.0  0.0  0.0 56.0 12.0  0.0 36.0  0.0
  0.0  0.0  0.0  0.0  0.0  0.0  0.0  0.0  0.0  0.0  0.0  0.0  0.0  0.0  0.0
  0.0  0.0  0.0  0.0  0.0  4.0  4.0  0.0  0.0  0.0  0.0  0.0  0.0  0.0  0.0
  0.0  0.0  0.0  0.0  0.0  0.0  0.0  0.0  0.0  0.0  0.0  0.0  0.0  0.0  0.0
  8.0  0.0  0.0  8.0  0.0  0.0  0.0  0.0  0.0  0.0  0.0  0.0  0.0  0.0  0.0
  0.0  0.0  0.0  0.0  0.0  0.0  0.0  4.0  4.0  0.0  0.0  4.0  4.0  0.0  8.0
  0.0  0.0  0.0  0.0  0.0  4.0  0.0  4.0  0.0 16.0  0.0  0.0  0.0  0.0  0.0
    -26.17     -4.43     -0.16     -3.41      0.69  0.0  0.0  0.0  0.0  0.0
                                    t000100_s19_p13_qjpp.txt 33.8  4.9  493
  2.0  0.0  0.0 26.4  0.0  0.0  6.1  0.0  2.0  0.0  0.0  0.0  0.0  0.0  0.0
  2.0  0.0  0.0 10.1  0.0  0.0470.6 66.9 40.6  6.1  8.1  2.0  4.1  0.0  0.0
  0.0  0.0  0.0  0.0  0.0 16.2 10.1  0.0  0.0  0.0  0.0  4.1  0.0  8.1  2.0
  0.0  2.0  2.0  0.0  4.1  0.0 12.2 10.1  0.0  0.0 54.8 10.1  0.0 52.7  4.1
  4.1  0.0  0.0  0.0  0.0  0.0  0.0  0.0  0.0  0.0  0.0  0.0  0.0  0.0  0.0
  0.0  0.0  0.0  2.0  0.0  4.1  0.0  0.0  0.0  4.1  0.0  0.0  0.0  0.0  0.0
  2.0  0.0  0.0  0.0  4.1  0.0  0.0  0.0  0.0  0.0  0.0  0.0  0.0  0.0  0.0
  6.1  4.1  0.0 10.1  2.0  4.1  6.1  0.0  0.0  0.0  0.0  0.0  0.0  0.0  0.0
  0.0  0.0  0.0  0.0  0.0  0.0  0.0  0.0  8.1  4.1 14.2  0.0 12.2  0.0  2.0
  0.0  0.0  0.0  0.0  6.1  0.0  2.0  8.1 10.1  4.1  2.0  0.0  4.1  0.0  0.0
    -23.90     -4.03      0.05     -4.98     -0.84  0.0  4.1  0.0  0.0  0.0
                                    t000100_s19_p14_qjpp.txt 27.3  5.0  249
 12.0  0.0  0.0 12.0  0.0  0.0  0.0  0.0  4.0  0.0  0.0  0.0  0.0  0.0  0.0
  0.0  0.0  0.0  0.0  0.0  0.0417.7128.5 52.2 52.2  0.0  0.0  0.0  4.0  0.0
  0.0  0.0  0.0  0.0  0.0 24.1  4.0  0.0  0.0  0.0  0.0  0.0  8.0  4.0  0.0
  4.0  8.0  0.0  0.0  4.0  0.0  8.0  8.0  0.0  4.0 80.3  4.0  0.0 72.3  4.0
  8.0  0.0  0.0  0.0  0.0  0.0  0.0  0.0  0.0  0.0  0.0  0.0  0.0  0.0  0.0
  0.0  0.0  0.0  0.0  0.0  0.0  0.0  0.0  0.0  4.0  0.0  0.0  0.0  0.0  0.0
  0.0  0.0  0.0  0.0  4.0  0.0  0.0  0.0  0.0  0.0  0.0  0.0  0.0  0.0  0.0
  0.0  4.0  0.0  4.0  0.0  4.0  4.0  0.0  0.0  0.0  0.0  0.0  0.0  0.0  0.0
  0.0  0.0  0.0  0.0  0.0  0.0  0.0  0.0  8.0  8.0 24.1  0.0 16.1  0.0  0.0
  0.0  4.0  0.0  0.0  0.0  8.0  0.0 24.1  0.0  8.0  4.0  0.0  4.0  0.0  0.0
    -29.16     -4.01      1.97     -6.61      3.30  0.0  0.0  0.0  0.0  0.0
                                    t000100_s19_p15_qjpp.txt 33.3  4.8  488
  8.2  0.0  0.0 18.4  0.0  0.0  0.0  2.0  8.2  0.0  0.0  0.0  0.0  0.0  0.0
  0.0  0.0  6.1  8.2  0.0  0.0463.1 82.0 34.8 20.5  4.1  2.0  0.0  0.0  2.0
  0.0  0.0  0.0  0.0  0.0 14.3  8.2  0.0  0.0  0.0  0.0  0.0  6.1  4.1  2.0
  0.0  0.0  8.2  0.0  0.0  6.1  8.2  6.1  0.0  2.0 61.5 12.3  2.0 65.6  6.1
  4.1  0.0  0.0  0.0  0.0  0.0  0.0  0.0  0.0  0.0  0.0  0.0  0.0  0.0  0.0
  0.0  0.0  0.0  2.0  0.0  2.0  4.1  0.0  0.0  4.1  0.0  0.0  0.0  0.0  0.0
  0.0  0.0  0.0  0.0  4.1  0.0  0.0  0.0  0.0  0.0  0.0  0.0  0.0  0.0  0.0
  8.2  4.1  0.0 12.3  0.0  4.1  4.1  0.0  0.0  0.0  0.0  0.0  0.0  0.0  0.0
  0.0  0.0  0.0  0.0  0.0  0.0  0.0  2.0  8.2  4.1  0.0  2.0  4.1  0.0  0.0
  0.0  0.0  0.0  0.0  0.0  4.1  0.0  8.2 14.3  8.2  2.0  0.0  6.1  0.0  0.0
    -23.11     -4.48      1.18     -6.61      2.41  0.0  0.0  0.0  0.0  0.0
                                    t000100_s19_p16_qjpp.txt 32.3  4.4  233
  8.6  0.0  0.0 21.5  0.0  0.0  0.0  0.0 17.2  0.0  0.0  0.0  0.0  0.0  0.0
  0.0  0.0  4.3  8.6  0.0  0.0394.8 98.7 42.9 25.8  4.3  4.3  4.3  0.0  0.0
  0.0  0.0  0.0  0.0  0.0  4.3  4.3  0.0  0.0  0.0  0.0  0.0  0.0  0.0  0.0
  8.6  4.3  0.0  0.0  4.3  4.3 12.9  8.6  0.0  0.0 55.8 21.5  0.0 68.7  0.0
  8.6  0.0  0.0  0.0  0.0  0.0  0.0  0.0  0.0  0.0  0.0  0.0  0.0  0.0  0.0
  0.0  0.0  0.0  4.3  0.0  0.0  0.0  0.0  0.0  0.0  0.0  0.0  0.0  0.0  0.0
  0.0  0.0  4.3  0.0  0.0  0.0  0.0  0.0  0.0  0.0  0.0  0.0  0.0  0.0  0.0
  4.3  0.0  0.0  4.3  4.3  0.0  4.3  0.0  0.0  0.0  0.0  0.0  0.0  0.0  0.0
  0.0  0.0  0.0  0.0  0.0  0.0  0.0  0.0  8.6 12.9  8.6  0.0 12.9  0.0  0.0
  0.0  0.0  0.0  0.0  0.0  8.6  0.0  0.0  4.3  8.6  4.3  0.0 12.9  0.0  0.0
    -21.89     -3.07      0.73     -6.61     -0.86  0.0  0.0  0.0  0.0  0.0
                                    t000100_s19_p17_qjpp.txt 29.5  4.7  229
 13.1  0.0  0.0  4.4  0.0  0.0  0.0  0.0  8.7  0.0  0.0  0.0  0.0  0.0  0.0
  0.0  0.0  0.0  8.7  0.0  0.0462.9 87.3 43.7 39.3  4.4  0.0 13.1  4.4  0.0
  0.0  0.0  0.0  0.0  0.0 17.5  0.0  0.0  0.0  0.0  0.0  0.0  4.4  0.0  0.0
  0.0  0.0  8.7  0.0  4.4  0.0  8.7  0.0  0.0  4.4 52.4 13.1  0.0 52.4 13.1
  0.0  0.0  0.0  0.0  0.0  0.0  0.0  0.0  0.0  0.0  0.0  0.0  0.0  0.0  0.0
  0.0  0.0  0.0  4.4  0.0  4.4  0.0  0.0  0.0  0.0  0.0  0.0  0.0  0.0  0.0
  0.0  0.0  0.0  0.0  0.0  0.0  0.0  0.0  0.0  0.0  0.0  0.0  0.0  0.0  0.0
  8.7  0.0  0.0  8.7  0.0  0.0  0.0  0.0  0.0  0.0  0.0  0.0  0.0  0.0  0.0
  0.0  0.0  0.0  0.0  0.0  0.0  0.0  0.0  8.7  4.4 13.1  4.4  4.4  0.0  0.0
  0.0  4.4  0.0  0.0  0.0  0.0  0.0 17.5 13.1 13.1  0.0  0.0  4.4  0.0  0.0
    -25.79     -1.81      2.55     -6.61     -0.90  0.0  4.4  0.0  0.0  0.0
                                    t000100_s19_p18_qjpp.txt 33.5  4.6  326
 15.3  3.1  0.0 39.9  0.0  0.0  3.1  0.0 15.3  0.0  0.0  0.0  0.0  0.0  0.0
  0.0  0.0  0.0  0.0  0.0  0.0408.0 92.0 24.5 27.6  3.1  3.1 12.3  0.0  6.1
  0.0  0.0  0.0  0.0  0.0  9.2  6.1  0.0  0.0  3.1  0.0  3.1  3.1  9.2  3.1
  9.2  0.0 15.3  0.0  9.2  0.0  3.1 21.5  0.0  6.1 39.9 18.4  0.0 95.1  6.1
  0.0  0.0  0.0  0.0  0.0  0.0  0.0  0.0  0.0  0.0  0.0  0.0  0.0  0.0  0.0
  0.0  0.0  0.0  0.0  3.1  6.1 12.3  0.0  0.0  3.1  0.0  0.0  0.0  0.0  0.0
  0.0  0.0  3.1  0.0  3.1  0.0  0.0  0.0  0.0  0.0  0.0  0.0  0.0  0.0  0.0
 21.5  3.1  0.0 24.5  3.1  3.1  6.1  0.0  0.0  0.0  0.0  0.0  0.0  0.0  0.0
  0.0  0.0  0.0  0.0  0.0  0.0  0.0  0.0 12.3  6.1  3.1  0.0  3.1  0.0  0.0
  0.0  0.0  0.0  0.0  0.0  0.0  0.0  6.1 12.3 15.3  3.1  0.0 15.3  0.0  0.0
    -21.97     -1.82      3.52     -3.98      5.01  0.0  0.0  0.0  0.0  0.0
                                     t000100_s19_p2_qjpp.txt 29.5  4.6  357
  2.8  0.0  0.0 14.0  0.0  0.0  0.0  0.0  8.4  0.0  0.0  0.0  0.0  0.0  0.0
  0.0  0.0  0.0  8.4  0.0  0.0456.6 84.0 47.6 14.0  2.8  0.0  2.8  0.0  2.8
  0.0  0.0  0.0  0.0  0.0  8.4  5.6  0.0  2.8  0.0  0.0  2.8  0.0  5.6  0.0
  2.8  0.0  0.0  0.0  0.0  0.0  8.4  8.4  0.0  2.8 67.2 11.2  0.0 47.6  2.8
  2.8  0.0  0.0  0.0  0.0  0.0  0.0  0.0  0.0  0.0  0.0  0.0  0.0  0.0  0.0
  0.0  0.0  0.0  0.0  0.0  0.0  0.0  0.0  0.0  2.8  0.0  0.0  0.0  0.0  0.0
  0.0  0.0  0.0  0.0  2.8  0.0  0.0  0.0  0.0  0.0  0.0  0.0  0.0  2.8  0.0
  0.0  2.8  0.0  2.8  0.0  2.8  2.8  2.8  0.0  0.0  0.0  0.0  0.0  0.0  0.0
  0.0  0.0  0.0  0.0  0.0  0.0  0.0  0.0  0.0  0.0  0.0  0.0 11.2  2.8  0.0
  0.0  0.0  0.0  0.0  0.0  8.4  8.4  8.4  8.4 11.2  0.0  0.0  8.4  0.0  0.0
    -26.22     -4.62      1.90     -4.58     -1.87  0.0  0.0  0.0  0.0  0.0
                                     t000100_s19_p3_qjpp.txt 29.0  4.7  191
 10.5  5.2  0.0 15.7  0.0  0.0  0.0  0.0  5.2  0.0  0.0  0.0  0.0  0.0  0.0
  0.0  0.0  0.0 10.5  0.0  0.0361.3130.9 62.8 36.6 10.5  0.0  5.2  0.0  0.0
  0.0  0.0  0.0  0.0  0.0 26.2  0.0  5.2  0.0  0.0  0.0  5.2 15.7  0.0  5.2
  0.0  5.2  5.2  0.0  0.0  5.2 15.7  5.2  0.0  0.0 78.5 15.7  0.0 57.6  5.2
  5.2  0.0  0.0  0.0  0.0  0.0  0.0  0.0  0.0  0.0  0.0  0.0  0.0  0.0  0.0
  0.0  0.0  0.0  5.2  5.2  0.0  0.0  0.0  0.0  0.0  0.0  0.0  0.0  0.0  0.0
  0.0  0.0  0.0  0.0  0.0  0.0  0.0  0.0  0.0  0.0  5.2  0.0  0.0  0.0  0.0
 10.5  0.0  0.0 10.5  0.0  0.0  0.0  5.2  0.0  0.0  0.0  0.0  0.0  0.0  0.0
  0.0  0.0  0.0  0.0  0.0  0.0  0.0  0.0  0.0  0.0 10.5  5.2 26.2  0.0  0.0
  0.0  0.0  0.0  0.0  0.0 10.5  0.0  0.0  5.2  0.0  0.0  0.0 10.5  0.0  0.0
    -24.02     -3.09     -0.51     -3.26     10.22  0.0  0.0  0.0  0.0  0.0
                                     t000100_s19_p4_qjpp.txt 32.0  4.7  263
  0.0  3.8  0.0 19.0  0.0  0.0  3.8  0.0  0.0  0.0  3.8  0.0  0.0  0.0  0.0
  0.0  0.0  3.8 15.2  0.0  0.0429.7 79.8 34.2 19.0  0.0  3.8 11.4  0.0  3.8
  0.0  0.0  0.0  0.0  0.0 19.0  3.8  3.8  0.0  0.0  0.0  3.8  7.6  7.6  0.0
  3.8  0.0  0.0  0.0  0.0  7.6 15.2 11.4  0.0  3.8 45.6  0.0  0.0 45.6  3.8
  0.0  0.0  0.0  0.0  0.0  0.0  0.0  0.0  0.0  0.0  0.0  0.0  0.0  0.0  0.0
  0.0  0.0  0.0  0.0  3.8  0.0  0.0  0.0  0.0  0.0  0.0  0.0  0.0  0.0  0.0
  0.0  0.0  3.8  0.0  0.0  0.0  0.0  0.0  0.0  3.8  0.0  0.0  0.0  0.0  0.0
  3.8  0.0  0.0  3.8  3.8  0.0  7.6  0.0  0.0  0.0  0.0  0.0  0.0  0.0  0.0
  0.0  0.0  0.0  0.0  0.0  0.0  0.0  0.0  3.8  3.8 19.0  0.0  7.6  0.0  0.0
  0.0  0.0  0.0  0.0  0.0  7.6  0.0  0.0  7.6  3.8  3.8  0.0  3.8  0.0  0.0
    -20.58     -2.26      1.79     -4.18      3.51  0.0  3.8  0.0  0.0  0.0
                                     t000100_s19_p5_qjpp.txt 30.3  4.6  256
  0.0  0.0  0.0 23.4  0.0  0.0  0.0  0.0  0.0  0.0  0.0  0.0  0.0  0.0  0.0
  3.9  0.0  0.0  0.0  0.0  0.0441.4 66.4 27.3 15.6  3.9  7.8  0.0  0.0  3.9
  0.0  0.0  0.0  0.0  7.8 15.6 11.7  0.0  0.0  0.0  0.0  0.0 11.7  7.8  0.0
  0.0  0.0  0.0  0.0  0.0  0.0  0.0  7.8  0.0  3.9 50.8  3.9  0.0 54.7  0.0
  3.9  0.0  0.0  0.0  0.0  0.0  0.0  0.0  0.0  0.0  0.0  0.0  0.0  0.0  0.0
  0.0  0.0  0.0  0.0  0.0  3.9  0.0  0.0  0.0  0.0  0.0  0.0  0.0  0.0  3.9
  0.0  0.0  0.0  0.0  0.0  0.0  0.0  0.0  0.0  0.0  0.0  0.0  0.0  0.0  0.0
  3.9  0.0  0.0  3.9  3.9  0.0  3.9  0.0  0.0  0.0  0.0  0.0  0.0  0.0  0.0
  0.0  0.0  0.0  0.0  0.0  0.0  0.0  3.9  0.0  0.0  3.9  0.0  7.8  0.0  0.0
  0.0  0.0  0.0  0.0  0.0  0.0  0.0  3.9  3.9  0.0  3.9  0.0  3.9  0.0  0.0
    -24.47     -3.54     -0.26     -6.61      4.88  0.0  0.0  0.0  0.0  0.0
                                     t000100_s19_p6_qjpp.txt 32.0  4.9  224
  4.5  4.5  0.0  8.9  0.0  0.0  0.0  0.0  0.0  0.0  0.0  0.0  0.0  0.0  0.0
  0.0  0.0  0.0 13.4  0.0  0.0504.5 84.8 44.6 31.3  0.0  0.0  8.9  4.5  4.5
  0.0  0.0  0.0  0.0  4.5 17.9  0.0  0.0  0.0  0.0  0.0  4.5  0.0  8.9  4.5
 13.4  0.0  0.0  0.0  0.0  0.0 13.4 26.8  0.0  8.9 62.5  0.0  0.0 67.0  4.5
  4.5  0.0  0.0  0.0  0.0  0.0  0.0  0.0  0.0  0.0  0.0  0.0  0.0  0.0  0.0
  0.0  0.0  0.0  0.0  0.0  4.5  0.0  0.0  0.0  0.0  0.0  0.0  0.0  0.0  0.0
  0.0  0.0  0.0  0.0  0.0  0.0  0.0  0.0  0.0  0.0  0.0  0.0  0.0  0.0  0.0
  4.5  0.0  0.0  4.5  0.0  0.0  0.0  0.0  0.0  0.0  0.0  0.0  0.0  0.0  0.0
  0.0  0.0  0.0  0.0  0.0  0.0  0.0  0.0  0.0  8.9  4.5  0.0 13.4  4.5  0.0
  0.0  8.9  0.0  0.0  0.0  4.5  0.0  4.5  4.5  4.5  0.0  0.0 13.4  0.0  0.0
    -26.19     -3.05      3.50     -4.82      5.48  0.0  0.0  0.0  0.0  0.0
                                     t000100_s19_p7_qjpp.txt 35.3  5.2  364
  8.2  0.0  0.0 27.5  0.0  0.0  0.0  0.0  2.7  0.0  0.0  0.0  0.0  0.0  0.0
  2.7  0.0  0.0 11.0  0.0  0.0478.0 68.7 52.2 19.2  0.0  5.5  2.7  0.0  2.7
  0.0  0.0  0.0  0.0  0.0 11.0  0.0  0.0  0.0  0.0  0.0  5.5  5.5 11.0  2.7
  0.0  2.7  2.7  2.7  5.5  0.0 13.7 13.7  0.0  2.7 68.7  2.7  0.0 54.9  8.2
  2.7  0.0  0.0  0.0  0.0  0.0  0.0  0.0  0.0  0.0  0.0  0.0  0.0  0.0  0.0
  0.0  0.0  0.0  0.0  0.0  2.7  0.0  0.0  0.0  0.0  0.0  0.0  0.0  0.0  0.0
  0.0  0.0  0.0  0.0  0.0  0.0  0.0  0.0  0.0  0.0  0.0  0.0  0.0  0.0  0.0
  2.7  0.0  0.0  2.7  0.0  0.0  0.0  0.0  0.0  0.0  0.0  0.0  0.0  0.0  0.0
  0.0  0.0  0.0  0.0  0.0  0.0  0.0  0.0  2.7  5.5  5.5  0.0 16.5  0.0  0.0
  0.0  0.0  0.0  0.0  0.0  8.2  0.0  2.7  2.7  5.5  0.0  0.0  5.5  0.0  0.0
    -25.56     -3.53      1.72     -4.41      3.59  0.0  2.7  0.0  0.0  0.0
                                     t000100_s19_p8_qjpp.txt 22.5  4.7  229
  0.0  0.0  0.0  4.4  0.0  0.0  0.0  0.0  0.0  0.0  0.0  0.0  0.0  0.0  0.0
  0.0  0.0  0.0  8.7  0.0  0.0388.6135.4 30.6 43.7  0.0  0.0  0.0  0.0  0.0
  0.0  4.4  0.0  4.4  0.0 26.2  0.0  0.0  0.0  4.4  0.0  0.0  8.7  8.7  0.0
  0.0  0.0  4.4  0.0  8.7  0.0 17.5  8.7  0.0  0.0 65.5  0.0  0.0 52.4  0.0
  0.0  0.0  0.0  0.0  0.0  0.0  0.0  0.0  0.0  0.0  0.0  0.0  0.0  0.0  0.0
  0.0  0.0  0.0  0.0  0.0  4.4  0.0  0.0  0.0  0.0  0.0  0.0  0.0  0.0  0.0
  0.0  0.0  0.0  0.0  0.0  0.0  0.0  0.0  0.0  0.0  0.0  0.0  0.0  0.0  0.0
  4.4  0.0  0.0  4.4  0.0  0.0  0.0  0.0  0.0  0.0  0.0  0.0  0.0  0.0  0.0
  0.0  0.0  0.0  0.0  0.0  0.0  0.0  0.0  0.0  0.0  8.7  0.0  0.0  4.4  0.0
  0.0  0.0  0.0  0.0  0.0  8.7  0.0 13.1  0.0 13.1  0.0  0.0  0.0  0.0  0.0
    -26.47     -4.29     -0.15     -4.62      3.16  0.0  0.0  0.0  0.0  0.0
                                     t000100_s19_p9_qjpp.txt 35.5  4.8  534
  5.6  0.0  0.0 16.9  0.0  0.0  0.0  0.0  5.6  0.0  0.0  0.0  0.0  0.0  0.0
  0.0  0.0  0.0  9.4  0.0  0.0518.7 78.7 22.5 15.0  0.0  5.6  0.0  0.0  0.0
  0.0  0.0  0.0  1.9  0.0 11.2  5.6  0.0  0.0  0.0  0.0  1.9  0.0  7.5  0.0
  3.7  0.0  0.0  0.0  0.0  0.0  9.4 11.2  0.0  0.0 30.0  5.6  0.0 48.7  5.6
  1.9  0.0  0.0  0.0  0.0  0.0  0.0  0.0  0.0  0.0  0.0  0.0  0.0  0.0  0.0
  0.0  0.0  0.0  0.0  0.0  3.7  0.0  0.0  0.0  0.0  0.0  0.0  0.0  0.0  3.7
  0.0  0.0  0.0  0.0  0.0  0.0  0.0  0.0  0.0  0.0  0.0  0.0  0.0  0.0  0.0
  3.7  0.0  0.0  3.7  3.7  0.0  3.7  0.0  0.0  0.0  0.0  0.0  0.0  0.0  0.0
  0.0  0.0  0.0  0.0  0.0  0.0  0.0  1.9 22.5  5.6 15.0 15.0 18.7  1.9  0.0
  0.0  0.0  0.0  0.0  0.0  0.0  0.0  5.6  1.9  5.6  0.0  3.7  3.7  0.0  0.0
    -26.47     -4.15     -0.20     -5.86     -1.28  0.0  1.9  0.0  0.0  0.0
                                      t000100_s2_p1_qjpp.txt 26.8  5.4  147
  0.0  0.0  0.0 20.4  0.0  0.0  0.0  0.0 13.6  0.0  0.0  0.0  0.0  0.0  0.0
  0.0  0.0  0.0 54.4  0.0  0.0619.0108.8 34.0  6.8  0.0  0.0  0.0  0.0  0.0
  0.0  0.0  0.0  0.0  0.0  0.0  0.0  0.0  0.0  0.0  0.0  0.0  0.0  0.0  0.0
  0.0  0.0  0.0  0.0  0.0  0.0 54.4  0.0  0.0  0.0 34.0 13.6  0.0 40.8  0.0
  0.0  0.0  0.0  0.0  0.0  0.0  0.0  0.0  0.0  0.0  0.0  0.0  0.0  0.0  0.0
  0.0  0.0  0.0  0.0  0.0  0.0  0.0  0.0  0.0  0.0  0.0  0.0  0.0  0.0  0.0
  0.0  0.0  0.0  0.0  0.0  0.0  0.0  0.0  0.0  0.0  0.0  0.0  0.0  0.0  0.0
  0.0  0.0  0.0  0.0  0.0  0.0  0.0  0.0  0.0  0.0  0.0  0.0  0.0  0.0  0.0
  0.0  0.0  0.0  0.0  0.0  0.0  0.0  6.8  6.8  0.0  0.0  0.0 34.0  0.0  0.0
  0.0  0.0  0.0  0.0  0.0  0.0  0.0  0.0 20.4  0.0  0.0  0.0  0.0  0.0  0.0
    -23.22     -5.50      0.97     -6.61     -3.63  0.0  0.0 20.4  0.0  0.0
                                      t000100_s6_p1_qjpp.txt 31.5  4.9  423
  2.4  0.0  0.0 37.8  0.0  0.0  0.0  0.0  4.7  0.0  0.0  0.0  0.0  0.0  0.0
  0.0  0.0  2.4  4.7  0.0  2.4423.2108.7 59.1  7.1  2.4  7.1  0.0  0.0  2.4
  0.0  2.4  0.0  0.0  2.4  7.1  9.5  0.0  4.7  0.0  0.0  2.4  7.1  7.1  2.4
  4.7  0.0  0.0  4.7  4.7  2.4  7.1 14.2  0.0  2.4 87.5  7.1  0.0 68.6  2.4
  2.4  0.0  0.0  0.0  0.0  0.0  0.0  0.0  0.0  0.0  0.0  0.0  0.0  0.0  0.0
  0.0  0.0  0.0  0.0  0.0  0.0  0.0  0.0  0.0  4.7  0.0  0.0  0.0  0.0  0.0
  0.0  2.4  2.4  0.0  4.7  0.0  0.0  0.0  0.0  0.0  0.0  0.0  0.0  0.0  0.0
  0.0  4.7  0.0  4.7  4.7  4.7  9.5  0.0  0.0  0.0  0.0  0.0  0.0  0.0  0.0
  0.0  0.0  0.0  0.0  0.0  0.0  0.0  2.4  4.7  4.7  7.1  0.0 21.3  2.4  0.0
  0.0  0.0  0.0  0.0  0.0 18.9  0.0  9.5  4.7 11.8  0.0  0.0  0.0  0.0  0.0
    -26.11     -4.03      1.93     -4.13      5.22  0.0  0.0  0.0  2.4  0.0
                                      t000100_s6_p2_qjpp.txt 30.5  4.7  387
 10.3  0.0  0.0 31.0  0.0  0.0  2.6  0.0  7.8  0.0  0.0  0.0  0.0  0.0  0.0
  2.6  0.0  5.2  2.6  0.0  0.0449.6100.8 49.1 15.5  0.0  5.2  0.0  0.0  2.6
  2.6  2.6  0.0  0.0  2.6  7.8  2.6  0.0  2.6  0.0  0.0  2.6  2.6  2.6  0.0
  0.0  0.0  2.6  2.6  5.2  5.2  5.2  2.6  0.0  5.2 62.0  7.8  0.0 49.1  5.2
  2.6  0.0  0.0  0.0  0.0  0.0  0.0  0.0  0.0  0.0  0.0  0.0  0.0  0.0  0.0
  0.0  0.0  0.0  0.0  0.0  2.6  2.6  0.0  0.0  0.0  0.0  0.0  0.0  0.0  0.0
  2.6  0.0  0.0  0.0  0.0  0.0  0.0  0.0  0.0  0.0  0.0  0.0  0.0  0.0  0.0
  5.2  0.0  0.0  5.2  2.6  0.0  2.6  0.0  0.0  0.0  0.0  0.0  0.0  0.0  0.0
  0.0  0.0  0.0  0.0  0.0  0.0  0.0  0.0  5.2  5.2 12.9  0.0 12.9  0.0  0.0
  0.0  0.0  0.0  0.0  0.0  5.2  0.0  2.6  2.6 15.5  0.0  0.0  0.0  0.0  0.0
    -23.82     -4.22      4.37     -4.74     -1.62  2.6  0.0  0.0  0.0  0.0
                                      t000100_s6_p3_qjpp.txt 19.3  5.3  112
  8.9  0.0  0.0 44.6  0.0  0.0  8.9  0.0  0.0  0.0  0.0  0.0  0.0  0.0  0.0
  0.0  0.0  8.9 17.9  0.0  0.0455.4 98.2 71.4 26.8  0.0  0.0 17.9  0.0  0.0
  0.0  8.9  0.0  0.0  0.0 17.9  8.9  0.0  0.0  0.0  0.0  0.0  8.9 17.9  0.0
  0.0  0.0  8.9  0.0  0.0  8.9 26.8 17.9  0.0  0.0 89.3  0.0  0.0 80.4  0.0
 17.9  0.0  0.0  0.0  0.0  0.0  0.0  0.0  0.0  0.0  0.0  0.0  0.0  0.0  0.0
  0.0  0.0  0.0  8.9  8.9  0.0  0.0  0.0  0.0  0.0  0.0  0.0  0.0  0.0  0.0
  0.0  0.0  8.9  0.0  0.0  0.0  0.0  0.0  0.0  0.0  0.0  0.0  0.0  0.0  0.0
 17.9  0.0  0.0 17.9  8.9  0.0  8.9  0.0  0.0  0.0  0.0  0.0  0.0  0.0  0.0
  0.0  0.0  0.0  0.0  0.0  0.0  0.0  8.9  0.0 17.9  0.0  0.0  0.0  0.0  0.0
  0.0  8.9  0.0  0.0  0.0  0.0  0.0  8.9  8.9  0.0  8.9  0.0  0.0  0.0  0.0
    -22.03     -1.54      3.27     -6.61      4.66  0.0  0.0  0.0  0.0  0.0
                                      t000100_s6_p4_qjpp.txt 12.3  4.9   78
 12.8  0.0  0.0 38.5  0.0  0.0  0.0  0.0  0.0  0.0  0.0  0.0  0.0  0.0  0.0
  0.0  0.0  0.0  0.0  0.0  0.0423.1153.8 64.1 12.8  0.0  0.0  0.0  0.0  0.0
  0.0 12.8  0.0  0.0  0.0 12.8 25.6  0.0 12.8  0.0  0.0  0.0  0.0  0.0  0.0
  0.0  0.0  0.0  0.0 12.8  0.0 12.8  0.0  0.0  0.0 89.7  0.0  0.0 89.7  0.0
  0.0  0.0  0.0  0.0  0.0  0.0  0.0  0.0  0.0  0.0  0.0  0.0  0.0  0.0  0.0
  0.0  0.0  0.0  0.0  0.0  0.0  0.0  0.0  0.0 12.8  0.0  0.0  0.0  0.0  0.0
  0.0  0.0 12.8  0.0 12.8  0.0  0.0  0.0  0.0  0.0  0.0  0.0  0.0  0.0  0.0
  0.0 12.8  0.0 12.8 12.8 12.8 25.6  0.0  0.0  0.0  0.0  0.0  0.0  0.0  0.0
  0.0  0.0  0.0  0.0  0.0  0.0  0.0  0.0 12.8 25.6 51.3  0.0 51.3 12.8  0.0
  0.0 12.8  0.0  0.0  0.0  0.0  0.0 12.8  0.0 25.6  0.0  0.0  0.0  0.0  0.0
    -29.99     -5.31      4.99     -2.47     -3.63  0.0  0.0  0.0  0.0  0.0
                                      t000100_s6_p5_qjpp.txt 21.3  5.2  151
 13.2  0.0  0.0 39.7  0.0  0.0  0.0  0.0  0.0  0.0  6.6  0.0  0.0  0.0  0.0
  0.0  0.0 13.2  0.0  0.0  0.0430.5132.5 72.8 13.2  6.6  0.0  0.0  0.0  0.0
  0.0  6.6  0.0  0.0  0.0 13.2 13.2  0.0  0.0  0.0  6.6 13.2  6.6 13.2  0.0
  0.0  0.0  0.0  6.6 13.2 19.9  6.6 13.2  0.0  0.0 99.3  6.6  0.0 59.6  0.0
  0.0  0.0  0.0  0.0  0.0  0.0  0.0  0.0  0.0  0.0  0.0  0.0  0.0  0.0  0.0
  0.0  0.0  0.0  0.0  6.6  0.0  0.0  0.0  0.0  0.0  0.0  0.0  0.0  0.0  0.0
  0.0  6.6  6.6  0.0  0.0  0.0  0.0  0.0  0.0  0.0  0.0  0.0  0.0  0.0  0.0
  6.6  0.0  0.0  6.6 13.2  0.0 13.2  0.0  0.0  0.0  0.0  0.0  0.0  0.0  0.0
  0.0  0.0  0.0  0.0  0.0  0.0  0.0  0.0 13.2  0.0 19.9  0.0  6.6  0.0  0.0
  0.0  0.0  0.0  0.0  0.0  0.0  0.0  0.0  0.0 19.9  6.6  0.0  6.6  0.0  0.0
    -25.99     -5.00      2.67      1.85      2.52  0.0  0.0  0.0  0.0  6.6
                                      t000100_s8_p1_qjpp.txt 29.5  4.9  482
  4.1  0.0  0.0 31.1  0.0  0.0  0.0  0.0  2.1  0.0  0.0  0.0  0.0  0.0  0.0
  0.0  0.0  4.1 10.4  0.0  0.0448.1 80.9 68.5  2.1  0.0  2.1  0.0  0.0  0.0
  0.0  4.1  0.0  0.0  2.1  6.2  6.2  0.0  0.0  0.0  0.0  0.0  4.1  4.1  0.0
  0.0  0.0  0.0  0.0  2.1  4.1 14.5  4.1  0.0  0.0 89.2  2.1  2.1 45.6  2.1
  4.1  0.0  0.0  0.0  0.0  0.0  0.0  0.0  0.0  0.0  0.0  0.0  0.0  0.0  0.0
  0.0  0.0  0.0  0.0  0.0  0.0  0.0  0.0  0.0  0.0  0.0  0.0  0.0  0.0  0.0
  0.0  2.1  0.0  0.0  0.0  0.0  0.0  0.0  0.0  0.0  0.0  0.0  0.0  0.0  0.0
  0.0  0.0  0.0  0.0  2.1  0.0  2.1  0.0  0.0  0.0  0.0  0.0  0.0  0.0  0.0
  0.0  0.0  0.0  0.0  0.0  0.0  0.0  0.0  2.1  2.1  6.2  0.0 14.5  0.0  0.0
  0.0  0.0  0.0  0.0  0.0  2.1  0.0  4.1  2.1 10.4  4.1  4.1  2.1  0.0  0.0
    -25.55     -5.26      1.55     -6.61     -0.40  0.0  2.1  2.1  0.0  0.0
                                      t000102_s1_p1_qjpp.txt 23.5  5.9  154
 26.0 13.0  0.0 97.4  0.0  0.0  0.0  0.0 26.0  0.0  0.0  0.0  0.0  0.0  0.0
  0.0  0.0  0.0  0.0  6.5  6.5357.1175.3 64.9 32.5  0.0  0.0  6.5  0.0  0.0
  6.5  6.5  0.0  0.0  0.0 32.5  0.0  0.0  6.5  0.0  0.0  6.5 13.0  6.5  0.0
  0.0  0.0 19.5  0.0  0.0  0.0  6.5  6.5  6.5  6.5103.9 26.0  0.0129.9  0.0
 13.0  0.0  0.0  0.0  0.0  0.0  0.0  0.0  0.0  0.0  0.0  0.0  0.0  0.0  0.0
  0.0  0.0  0.0 13.0  0.0 19.5  0.0  0.0  0.0  0.0  0.0  0.0  0.0  0.0  0.0
  0.0  0.0  0.0  0.0  0.0  0.0  0.0  0.0  0.0  0.0  0.0  0.0  0.0  0.0  0.0
 32.5  0.0  0.0 32.5  0.0  0.0  0.0  0.0  0.0  0.0  0.0  0.0  0.0  0.0  0.0
  0.0  0.0  0.0  0.0  0.0  0.0  0.0  0.0 13.0  0.0 13.0 13.0  6.5  0.0  0.0
  0.0  0.0  0.0  0.0  0.0  0.0  6.5 32.5  6.5  6.5  0.0  0.0 13.0  0.0  0.0
    -15.52     -3.46      7.44     -1.91      5.47  0.0  6.5  0.0  0.0  0.0
                                     t000102_s14_p1_qjpp.txt 30.8  5.0  756
  0.0  0.0  0.0  0.0  0.0  0.0  0.0  0.0  0.0  0.0  0.0  0.0  0.0  0.0  0.0
  0.0  0.0  0.0  1.3  0.0  0.0707.7  2.6 27.8  0.0  0.0  0.0  0.0  0.0  0.0
  0.0  0.0  0.0  0.0  0.0  2.6  0.0  0.0  0.0  0.0  0.0  0.0  0.0  0.0  0.0
  0.0  0.0  0.0  0.0  0.0  0.0  1.3  0.0  0.0  0.0 31.7  0.0  0.0  0.0  0.0
  0.0  0.0  0.0  0.0  0.0  0.0  0.0  0.0  0.0  0.0  0.0  0.0  0.0  0.0  0.0
  0.0  0.0  0.0  0.0  0.0  0.0  0.0  0.0  0.0  0.0  0.0  0.0  0.0  0.0  0.0
  0.0  0.0  0.0  0.0  0.0  0.0  0.0  0.0  0.0  0.0  0.0  0.0  0.0  0.0  0.0
  0.0  0.0  0.0  0.0  0.0  0.0  0.0  0.0  0.0  0.0  0.0  0.0  0.0  0.0  0.0
  0.0  0.0  0.0  0.0  0.0  0.0  0.0  1.3  0.0  0.0  1.3  5.3  1.3  0.0  0.0
  0.0  0.0  1.3  0.0  0.0  0.0  0.0  0.0  0.0  0.0  0.0  0.0  0.0  0.0  0.0
    -32.36     -5.73      0.82     -6.61     -3.63  0.0  0.0  0.0  0.0  0.0
                                    t000102_s14_p10_qjpp.txt 10.3  4.8   57
  0.0  0.0  0.0 35.1  0.0  0.0  0.0  0.0  0.0  0.0  0.0  0.0  0.0  0.0  0.0
  0.0  0.0  0.0  0.0  0.0  0.0333.3105.3  0.0105.3 52.6  0.0  0.0  0.0  0.0
  0.0  0.0  0.0 17.5  0.0 17.5 17.5  0.0  0.0  0.0  0.0  0.0  0.0 52.6  0.0
  0.0 35.1  0.0  0.0  0.0  0.0 35.1 52.6  0.0  0.0  0.0 52.6  0.0140.4  0.0
  0.0  0.0  0.0  0.0  0.0  0.0  0.0  0.0  0.0  0.0  0.0  0.0  0.0  0.0  0.0
  0.0  0.0  0.0  0.0  0.0  0.0  0.0  0.0  0.0  0.0  0.0  0.0  0.0  0.0  0.0
  0.0  0.0  0.0  0.0  0.0  0.0  0.0  0.0  0.0  0.0  0.0  0.0  0.0  0.0  0.0
  0.0  0.0  0.0  0.0  0.0  0.0  0.0  0.0  0.0  0.0  0.0  0.0  0.0  0.0  0.0
  0.0  0.0  0.0  0.0  0.0  0.0  0.0  0.0  0.0 17.5  0.0  0.0 35.1  0.0  0.0
  0.0  0.0  0.0  0.0  0.0  0.0  0.0 70.2  0.0  0.0  0.0  0.0 35.1  0.0  0.0
    -23.14      0.07     -5.04     -6.61      4.35  0.0  0.0  0.0  0.0  0.0
                                    t000102_s14_p11_qjpp.txt  8.8  4.8   46
  0.0  0.0  0.0  0.0  0.0  0.0  0.0  0.0  0.0  0.0  0.0  0.0  0.0  0.0  0.0
  0.0  0.0  0.0  0.0  0.0  0.0434.8 87.0  0.0 21.7  0.0  0.0  0.0  0.0  0.0
  0.0  0.0  0.0  0.0  0.0 21.7  0.0  0.0  0.0  0.0  0.0  0.0  0.0  0.0  0.0
  0.0  0.0  0.0  0.0  0.0  0.0  0.0  0.0  0.0  0.0  0.0  0.0  0.0 21.7  0.0
  0.0  0.0  0.0  0.0  0.0  0.0  0.0  0.0  0.0  0.0  0.0  0.0  0.0  0.0  0.0
  0.0  0.0  0.0  0.0  0.0  0.0  0.0  0.0  0.0  0.0  0.0  0.0  0.0  0.0  0.0
  0.0  0.0  0.0  0.0  0.0  0.0  0.0  0.0  0.0  0.0 21.7  0.0  0.0  0.0  0.0
  0.0  0.0  0.0  0.0  0.0  0.0  0.0 21.7  0.0  0.0  0.0  0.0  0.0  0.0  0.0
  0.0  0.0  0.0  0.0  0.0  0.0  0.0 21.7 21.7  0.0  0.0  0.0  0.0  0.0  0.0
  0.0  0.0  0.0  0.0  0.0  0.0  0.0  0.0  0.0  0.0  0.0  0.0  0.0  0.0  0.0
    -26.42     -5.01     -0.26     -6.61     -3.63  0.0  0.0  0.0  0.0  0.0
                                    t000102_s14_p12_qjpp.txt 27.5  5.3  159
  0.0  0.0  0.0  6.3  0.0  0.0  0.0  0.0  0.0  0.0  0.0  0.0  0.0  0.0  0.0
  0.0  0.0  0.0 12.6  0.0  0.0421.4 88.1 50.3 50.3  0.0  6.3  0.0  0.0  0.0
  0.0  6.3  0.0 18.9  0.0 31.4  6.3  0.0  0.0  0.0  0.0  6.3  0.0 37.7  6.3
  0.0  0.0  0.0  0.0  0.0  0.0 18.9 44.0  0.0  0.0 50.3  0.0  0.0 94.3 12.6
  0.0  0.0  0.0  0.0  0.0  0.0  0.0  0.0  0.0  0.0  0.0  0.0  0.0  0.0  0.0
  0.0  0.0  0.0  0.0  0.0  0.0  0.0  0.0  0.0  0.0  0.0  0.0  0.0  0.0  0.0
  0.0  0.0  0.0  0.0  0.0  0.0  0.0  0.0  0.0  0.0  0.0  0.0  0.0  0.0  0.0
  0.0  0.0  0.0  0.0  0.0  0.0  0.0  0.0  0.0  0.0  0.0  0.0  0.0  0.0  0.0
  0.0  0.0  0.0  0.0  0.0  0.0  0.0  0.0  0.0 12.6 18.9 25.2  0.0  0.0  0.0
  0.0  0.0  0.0  0.0  0.0  6.3  0.0 37.7  0.0  0.0  0.0  0.0  0.0  6.3  0.0
    -27.03     -2.86     -3.87     -4.09      6.93  0.0  6.3  0.0  0.0  0.0
                                    t000102_s14_p13_qjpp.txt 32.3  5.0  187
  0.0  0.0  0.0 26.7  0.0  0.0  0.0  0.0  0.0  0.0  0.0  0.0  0.0  0.0  0.0
  5.3  0.0  0.0 10.7  0.0  0.0454.5117.6 21.4 32.1  0.0 10.7  0.0  0.0  0.0
  0.0  0.0  0.0 10.7  0.0 10.7  5.3  0.0  0.0  0.0  0.0 16.0  5.3 26.7  5.3
  0.0  5.3  0.0  0.0  0.0  0.0 16.0 32.1  0.0  0.0 42.8  0.0  0.0 80.2  5.3
  0.0  0.0  0.0  0.0  0.0  0.0  0.0  0.0  0.0  0.0  0.0  0.0  0.0  0.0  0.0
  0.0  0.0  0.0  0.0  0.0  0.0  0.0  0.0  0.0  0.0  0.0  0.0  0.0  0.0  0.0
  0.0  0.0  0.0  0.0  0.0  0.0  0.0  0.0  0.0  0.0  0.0  0.0  0.0  0.0  0.0
  0.0  0.0  0.0  0.0  0.0  0.0  0.0  0.0  0.0  0.0  0.0  0.0  0.0  0.0  0.0
  0.0  0.0  0.0  0.0  0.0  0.0  0.0  0.0  5.3  5.3 21.4  0.0  0.0  0.0  0.0
  0.0  0.0  0.0  0.0  0.0  0.0  0.0 21.4  0.0  0.0 10.7  0.0  0.0  0.0  0.0
    -24.79     -2.62     -2.69     -0.19      7.88  0.0 10.7  0.0  0.0  0.0
                                    t000102_s14_p14_qjpp.txt 19.3  5.3  103
  0.0  0.0  0.0 19.4  0.0  0.0  0.0  0.0  0.0  0.0  0.0  0.0  0.0  0.0  0.0
  0.0  0.0  0.0  0.0  0.0  0.0378.6126.2 29.1 58.3  0.0 29.1  0.0  0.0  0.0
  0.0  9.7  0.0  9.7  0.0  0.0  0.0  0.0  0.0  0.0  0.0  9.7  0.0 29.1  0.0
  9.7  9.7  0.0  9.7  0.0  0.0 19.4 38.8  0.0  0.0 38.8  0.0  0.0116.5  0.0
  0.0  0.0  0.0  0.0  0.0  0.0  0.0  0.0  0.0  0.0  0.0  0.0  0.0  0.0  0.0
  0.0  0.0  0.0  0.0  0.0  0.0  0.0  0.0  0.0  0.0  0.0  0.0  0.0  0.0  0.0
  0.0  0.0  0.0  0.0  0.0  0.0  0.0  0.0  0.0  0.0  0.0  0.0  0.0  0.0  0.0
  0.0  0.0  0.0  0.0  0.0  0.0  0.0  0.0  0.0  0.0  0.0  0.0  0.0  0.0  0.0
  0.0  0.0  0.0  0.0  0.0  0.0  0.0  0.0  0.0  9.7  9.7  0.0  0.0  0.0  0.0
  0.0  0.0  0.0  0.0  0.0  9.7  0.0 19.4  0.0  0.0  0.0  0.0 19.4  0.0  0.0
    -28.59      1.79      1.80     -2.72      3.92  0.0  0.0  0.0  0.0  0.0
                                    t000102_s14_p15_qjpp.txt 24.8  5.1  151
  0.0  0.0  0.0  6.6  0.0  0.0  0.0  0.0  6.6  0.0  0.0  0.0  0.0  0.0  0.0
  0.0  0.0  0.0  0.0  0.0  0.0450.3 92.7 33.1 59.6  0.0  6.6  0.0  0.0  0.0
  0.0  0.0  0.0  6.6  0.0 19.9  0.0  0.0  0.0  0.0  0.0  0.0  0.0 33.1  0.0
  0.0  0.0  0.0  6.6  0.0  0.0  0.0 33.1  0.0  0.0 33.1  6.6  0.0 99.3 13.2
  6.6  0.0  0.0  0.0  0.0  0.0  0.0  0.0  0.0  0.0  0.0  0.0  0.0  0.0  0.0
  0.0  0.0  0.0  0.0  0.0  0.0  0.0  0.0  0.0  0.0  0.0  0.0  0.0  0.0  0.0
  0.0  0.0  0.0  0.0  0.0  0.0  0.0  0.0  0.0  0.0  0.0  0.0  0.0  0.0  0.0
  0.0  0.0  0.0  0.0  0.0  0.0  0.0  0.0  0.0  0.0  0.0  0.0  0.0  0.0  0.0
  0.0  0.0  0.0  0.0  0.0  0.0  0.0  0.0  0.0  6.6  6.6  6.6  6.6  6.6  0.0
  0.0  0.0  0.0  0.0  0.0 13.2  0.0 33.1  0.0  0.0  0.0  0.0 19.9  0.0  0.0
    -29.13     -2.49     -2.05     -6.61      1.39  0.0  0.0  0.0  0.0  0.0
                                    t000102_s14_p16_qjpp.txt 14.0  4.3   67
  0.0  0.0  0.0  0.0  0.0  0.0  0.0  0.0  0.0  0.0  0.0  0.0  0.0  0.0  0.0
  0.0  0.0  0.0 44.8  0.0  0.0358.2119.4 44.8 29.9  0.0  0.0  0.0  0.0  0.0
  0.0  0.0  0.0 14.9  0.0 29.9  0.0  0.0  0.0  0.0  0.0 14.9  0.0 29.9 14.9
  0.0  0.0  0.0  0.0  0.0  0.0 44.8 44.8  0.0  0.0 59.7  0.0  0.0 74.6 14.9
  0.0  0.0  0.0  0.0  0.0  0.0  0.0  0.0  0.0  0.0  0.0  0.0  0.0  0.0  0.0
  0.0  0.0  0.0  0.0  0.0  0.0  0.0  0.0  0.0  0.0  0.0  0.0  0.0  0.0  0.0
  0.0  0.0  0.0  0.0  0.0  0.0  0.0  0.0  0.0  0.0  0.0  0.0  0.0  0.0  0.0
  0.0  0.0  0.0  0.0  0.0  0.0  0.0  0.0  0.0  0.0  0.0  0.0  0.0  0.0  0.0
  0.0  0.0  0.0  0.0  0.0  0.0  0.0  0.0  0.0 14.9  0.0 14.9 14.9 14.9  0.0
  0.0  0.0  0.0  0.0  0.0 14.9  0.0 29.9  0.0  0.0  0.0  0.0 14.9  0.0  0.0
    -17.25     -4.75     -4.99     -0.64     12.38  0.0  0.0  0.0  0.0  0.0
                                    t000102_s14_p17_qjpp.txt 21.0  5.1  101
  0.0  0.0  0.0  0.0  0.0  0.0  0.0  0.0  0.0  0.0  0.0  0.0  0.0  0.0  0.0
  0.0  0.0  0.0 19.8  0.0  0.0505.0 99.0  9.9 59.4  0.0  0.0  0.0  0.0  0.0
  0.0  0.0  0.0  0.0  0.0 19.8  0.0  0.0  0.0  0.0  0.0  0.0  0.0 39.6  0.0
  0.0  0.0  0.0  0.0  0.0  0.0 19.8 39.6  0.0  0.0 19.8  0.0  0.0 79.2  0.0
  0.0  0.0  0.0  0.0  0.0  0.0  0.0  0.0  0.0  0.0  0.0  0.0  0.0  0.0  0.0
  0.0  0.0  0.0  0.0  0.0  0.0  0.0  0.0  0.0  0.0  0.0  0.0  0.0  0.0  0.0
  0.0  0.0  0.0  0.0  0.0  0.0  0.0  0.0  0.0  0.0  0.0  0.0  0.0  0.0  0.0
  0.0  0.0  0.0  0.0  0.0  0.0  0.0  0.0  0.0  0.0  0.0  0.0  0.0  0.0  0.0
  0.0  0.0  0.0  0.0  0.0  0.0  0.0  0.0  0.0  9.9 29.7 29.7  9.9  0.0  0.0
  0.0  0.0  0.0  0.0  0.0  0.0  0.0 29.7  0.0  0.0  0.0  0.0  0.0  0.0  0.0
    -25.93     -3.77     -0.15     -6.61      2.37  0.0  0.0  0.0  0.0  0.0
                                    t000102_s14_p18_qjpp.txt 19.8  5.0  127
  0.0  0.0  0.0  0.0  0.0  0.0  0.0  0.0  0.0  0.0  0.0  0.0  0.0  0.0  0.0
  0.0  0.0  0.0  0.0  0.0  0.0472.4 78.7 31.5 47.2  0.0  0.0  0.0  0.0  0.0
  0.0  0.0  0.0 15.7  7.9 15.7  7.9  0.0  0.0  0.0  0.0  0.0  0.0 23.6  0.0
  0.0 15.7  0.0  0.0  0.0  0.0 15.7 23.6  0.0  0.0 31.5  0.0  0.0 70.9 15.7
  0.0  0.0  0.0  0.0  0.0  0.0  0.0  0.0  0.0  0.0  0.0  0.0  0.0  0.0  0.0
  0.0  0.0  0.0  0.0  0.0  0.0  0.0  0.0  0.0  0.0  0.0  0.0  0.0  0.0  0.0
  0.0  0.0  0.0  0.0  0.0  0.0  0.0  0.0  0.0  0.0  0.0  0.0  0.0  0.0  0.0
  0.0  0.0  0.0  0.0  0.0  0.0  0.0  0.0  0.0  0.0  0.0  0.0  0.0  0.0  0.0
  0.0  0.0  0.0  0.0  0.0  0.0  0.0  0.0  0.0  0.0  0.0  0.0  0.0  7.9  0.0
  0.0  0.0  0.0  0.0  0.0  7.9  0.0 23.6 15.7  0.0  0.0  0.0  0.0  7.9  0.0
    -29.35     -4.17     -6.74     -6.61     -0.05  0.0  0.0  0.0  0.0  0.0
                                    t000102_s14_p19_qjpp.txt 29.3  4.7  154
  0.0  0.0  0.0  0.0  0.0  0.0  0.0  0.0  0.0  0.0  0.0  0.0  0.0  0.0  0.0
  0.0  0.0  0.0 19.5  0.0  0.0441.6 97.4 19.5 51.9  0.0  0.0  6.5  0.0  0.0
  0.0  0.0  0.0 13.0  0.0 26.0  0.0  0.0  0.0  0.0  0.0  6.5  0.0 32.5  6.5
  0.0  0.0  0.0  0.0  0.0  0.0 19.5 39.0  0.0  0.0 32.5  0.0  0.0 84.4  6.5
  0.0  0.0  0.0  0.0  0.0  0.0  0.0  0.0  0.0  0.0  0.0  0.0  0.0  0.0  0.0
  0.0  0.0  0.0  0.0  0.0  0.0  0.0  0.0  0.0  0.0  0.0  0.0  0.0  0.0  0.0
  0.0  0.0  0.0  0.0  0.0  0.0  0.0  0.0  0.0  0.0  0.0  0.0  0.0  0.0  0.0
  0.0  0.0  0.0  0.0  0.0  0.0  0.0  0.0  0.0  0.0  0.0  0.0  0.0  0.0  0.0
  0.0  0.0  0.0  0.0  0.0  0.0  0.0  0.0  0.0 13.0 19.5 26.0 13.0  6.5  0.0
  0.0  0.0  0.0  0.0  0.0  6.5  0.0 39.0  0.0  0.0  0.0  0.0  6.5  0.0  0.0
    -23.67     -2.82     -4.21     -4.01      6.29  0.0  0.0  0.0  0.0  0.0
                                     t000102_s14_p2_qjpp.txt  4.3  6.0   20
  0.0  0.0  0.0100.0  0.0  0.0  0.0  0.0  0.0  0.0  0.0  0.0  0.0  0.0  0.0
  0.0  0.0  0.0  0.0  0.0  0.0400.0100.0  0.0  0.0  0.0  0.0  0.0  0.0  0.0
  0.0  0.0  0.0  0.0  0.0  0.0  0.0 50.0  0.0  0.0 50.0  0.0  0.0 50.0 50.0
  0.0  0.0  0.0  0.0  0.0100.0  0.0100.0  0.0  0.0  0.0  0.0  0.0100.0  0.0
  0.0  0.0  0.0  0.0  0.0  0.0  0.0  0.0  0.0  0.0  0.0  0.0  0.0  0.0  0.0
  0.0  0.0  0.0  0.0  0.0  0.0  0.0  0.0  0.0  0.0  0.0  0.0  0.0  0.0  0.0
  0.0  0.0  0.0  0.0  0.0  0.0  0.0  0.0  0.0  0.0  0.0  0.0  0.0  0.0  0.0
  0.0  0.0  0.0  0.0  0.0  0.0  0.0  0.0  0.0  0.0  0.0  0.0  0.0  0.0  0.0
  0.0  0.0  0.0  0.0  0.0  0.0  0.0  0.0  0.0  0.0 50.0  0.0  0.0  0.0  0.0
  0.0  0.0  0.0  0.0  0.0  0.0  0.0  0.0  0.0  0.0  0.0  0.0  0.0  0.0  0.0
    -25.85     -5.73      0.97     29.11     42.41  0.0  0.0  0.0  0.0  0.0
                                    t000102_s14_p20_qjpp.txt  9.3  4.7   73
  0.0  0.0  0.0  0.0  0.0  0.0  0.0  0.0  0.0  0.0  0.0  0.0  0.0  0.0  0.0
  0.0  0.0  0.0  0.0  0.0  0.0369.9150.7  0.0 68.5  0.0  0.0  0.0  0.0  0.0
  0.0  0.0  0.0 41.1  0.0 13.7  0.0  0.0  0.0  0.0  0.0  0.0  0.0 41.1  0.0
  0.0  0.0  0.0  0.0  0.0  0.0  0.0 41.1  0.0  0.0  0.0  0.0  0.0 82.2 13.7
  0.0  0.0  0.0  0.0  0.0  0.0  0.0  0.0  0.0  0.0  0.0  0.0  0.0  0.0  0.0
  0.0  0.0  0.0  0.0  0.0  0.0  0.0  0.0  0.0  0.0  0.0  0.0  0.0  0.0  0.0
  0.0  0.0  0.0  0.0  0.0  0.0  0.0  0.0  0.0  0.0  0.0  0.0  0.0  0.0  0.0
  0.0  0.0  0.0  0.0  0.0  0.0  0.0  0.0  0.0  0.0  0.0  0.0  0.0  0.0  0.0
  0.0  0.0  0.0  0.0  0.0  0.0  0.0  0.0  0.0  0.0  0.0 13.7 27.4  0.0  0.0
  0.0  0.0  0.0  0.0  0.0  0.0  0.0 41.1  0.0  0.0  0.0  0.0 13.7  0.0  0.0
    -26.89     -3.47    -11.55     -6.61      2.60  0.0  0.0  0.0  0.0  0.0
                                    t000102_s14_p21_qjpp.txt 26.5  4.9  251
  0.0  0.0  0.0  8.0  0.0  0.0  0.0  0.0  0.0  0.0  0.0  0.0  0.0  0.0  0.0
  0.0  0.0  0.0  4.0  0.0  0.0442.2 99.6 55.8 51.8  0.0  4.0  0.0  0.0  0.0
  0.0  0.0  0.0  4.0  4.0  4.0  0.0  0.0  0.0  0.0  0.0  0.0  0.0 19.9  0.0
  0.0  0.0  0.0  4.0  0.0  0.0  4.0 19.9  0.0  0.0 59.8  0.0  0.0 87.6  4.0
  0.0  0.0  0.0  0.0  0.0  0.0  0.0  0.0  0.0  0.0  0.0  0.0  0.0  0.0  0.0
  0.0  0.0  0.0  0.0  0.0  0.0  0.0  0.0  0.0  0.0  0.0  0.0  0.0  0.0  0.0
  0.0  0.0  0.0  0.0  0.0  4.0  0.0  0.0  0.0  0.0  0.0  0.0  0.0  0.0  0.0
  0.0  0.0  0.0  0.0  0.0  4.0  4.0  0.0  0.0  0.0  0.0  0.0  0.0  0.0  0.0
  0.0  4.0  0.0  0.0  0.0  0.0  0.0  0.0  0.0  4.0 51.8  8.0  4.0  4.0  4.0
  0.0  0.0  0.0  0.0  0.0  4.0  0.0 35.9  0.0  0.0  0.0  0.0  4.0  4.0  0.0
    -29.13     -3.26     -1.56     -6.61     -0.61  0.0  0.0  0.0  0.0  0.0
                                    t000102_s14_p22_qjpp.txt 17.3  4.9   85
 11.8  0.0  0.0 23.5  0.0  0.0 11.8  0.0  0.0  0.0  0.0  0.0  0.0  0.0  0.0
  0.0  0.0  0.0  0.0  0.0  0.0364.7105.9 35.3 35.3  0.0  0.0  0.0  0.0  0.0
  0.0  0.0  0.0  0.0  0.0 23.5 11.8  0.0  0.0  0.0  0.0  0.0  0.0 23.5 11.8
  0.0  0.0  0.0  0.0  0.0  0.0  0.0 35.3  0.0  0.0 58.8  0.0  0.0 70.6  0.0
  0.0  0.0  0.0  0.0  0.0  0.0  0.0  0.0  0.0  0.0  0.0  0.0  0.0  0.0  0.0
  0.0  0.0  0.0 11.8  0.0  0.0  0.0  0.0  0.0  0.0  0.0  0.0  0.0  0.0  0.0
  0.0  0.0 11.8  0.0  0.0  0.0  0.0  0.0  0.0  0.0  0.0  0.0  0.0  0.0  0.0
 11.8  0.0  0.0 11.8 11.8  0.0 11.8  0.0  0.0  0.0  0.0  0.0  0.0  0.0  0.0
  0.0  0.0  0.0  0.0  0.0  0.0  0.0  0.0 23.5 11.8  0.0 23.5 11.8  0.0  0.0
  0.0  0.0  0.0  0.0  0.0  0.0  0.0 35.3  0.0  0.0  0.0  0.0  0.0  0.0  0.0
    -23.10     -4.57     -0.36     -6.61      8.99  0.0  0.0  0.0  0.0  0.0
                                    t000102_s14_p23_qjpp.txt 18.5  4.5  161
  0.0  0.0  0.0  0.0  0.0  0.0  0.0  0.0  0.0  0.0  0.0  0.0  0.0  0.0  0.0
  0.0  0.0  0.0  0.0  0.0  0.0453.4155.3 31.1 62.1  0.0  0.0  0.0  0.0  0.0
  0.0  0.0  0.0  6.2  0.0 18.6  0.0  0.0  0.0  0.0  0.0  0.0  0.0  6.2 24.8
  0.0  0.0  0.0  0.0  0.0  0.0  0.0 31.1  0.0  0.0 43.5  0.0  0.0 80.7 12.4
  0.0  0.0  0.0  0.0  0.0  0.0  0.0  0.0  0.0  0.0  0.0  0.0  0.0  0.0  0.0
  0.0  0.0  0.0  0.0  0.0  0.0  0.0  0.0  0.0  0.0  0.0  0.0  0.0  0.0  0.0
  0.0  0.0  0.0  0.0  0.0  0.0  0.0  0.0  0.0  0.0  0.0  0.0  0.0  0.0  0.0
  0.0  0.0  0.0  0.0  0.0  0.0  0.0  0.0  0.0  0.0  0.0  0.0  0.0  0.0  0.0
  0.0  0.0  0.0  0.0  0.0  0.0  0.0  0.0  0.0  0.0 37.3 68.3 24.8 18.6  0.0
  0.0  0.0  0.0  0.0  0.0  0.0  0.0 18.6  0.0  0.0  0.0 24.8  0.0  0.0  0.0
    -30.40     -3.68     -1.86     -6.61     16.43  0.0  0.0  0.0  0.0  0.0
                                    t000102_s14_p24_qjpp.txt 22.0  5.0  125
  8.0  0.0  0.0  8.0  0.0  0.0  0.0  0.0  0.0  0.0  0.0  0.0  0.0  0.0  0.0
  0.0  0.0  0.0  0.0  0.0  0.0392.0 88.0 40.0 64.0  0.0  8.0  0.0  0.0  0.0
  0.0  0.0  0.0  0.0  0.0 16.0  0.0  0.0  0.0  0.0  0.0  0.0  0.0 56.0  0.0
  8.0  8.0  0.0  0.0  0.0  0.0  8.0 64.0  0.0  0.0 48.0  0.0  0.0120.0 32.0
  8.0  0.0  0.0  0.0  0.0  0.0  0.0  0.0  0.0  0.0  0.0  0.0  0.0  0.0  0.0
  0.0  0.0  0.0  0.0  0.0  0.0  0.0  0.0  0.0  0.0  0.0  0.0  0.0  0.0  0.0
  0.0  0.0  0.0  0.0  0.0  0.0  0.0  0.0  0.0  0.0  0.0  0.0  0.0  0.0  0.0
  0.0  0.0  0.0  0.0  0.0  0.0  0.0  0.0  0.0  0.0  0.0  0.0  0.0  0.0  0.0
  0.0  0.0  0.0  0.0  0.0  0.0  0.0  0.0  0.0  0.0 16.0 16.0 16.0  0.0  8.0
  0.0  8.0  0.0  0.0  0.0  0.0  0.0 24.0  0.0 24.0  8.0  0.0 16.0  0.0  0.0
    -26.94     -2.08      0.06     -6.61      7.44  0.0  0.0  0.0  0.0  0.0
                                    t000102_s14_p25_qjpp.txt  5.0  5.5   20
  0.0  0.0  0.0 50.0  0.0  0.0  0.0  0.0  0.0  0.0  0.0  0.0  0.0  0.0  0.0
  0.0  0.0  0.0  0.0  0.0  0.0350.0150.0100.0100.0  0.0  0.0  0.0  0.0  0.0
  0.0  0.0  0.0  0.0  0.0 50.0  0.0  0.0  0.0  0.0  0.0  0.0  0.0 50.0  0.0
  0.0  0.0  0.0  0.0  0.0  0.0  0.0 50.0  0.0  0.0100.0  0.0  0.0150.0  0.0
  0.0  0.0  0.0  0.0  0.0  0.0  0.0  0.0  0.0  0.0  0.0  0.0  0.0  0.0  0.0
  0.0  0.0  0.0  0.0  0.0  0.0  0.0  0.0  0.0  0.0  0.0  0.0  0.0  0.0  0.0
  0.0  0.0  0.0  0.0  0.0  0.0  0.0  0.0  0.0  0.0  0.0  0.0  0.0  0.0  0.0
  0.0  0.0  0.0  0.0  0.0  0.0  0.0  0.0  0.0  0.0  0.0  0.0  0.0  0.0  0.0
  0.0  0.0  0.0  0.0  0.0  0.0  0.0  0.0  0.0  0.0  0.0  0.0  0.0  0.0  0.0
  0.0  0.0  0.0  0.0  0.0  0.0  0.0 50.0  0.0  0.0  0.0  0.0  0.0  0.0  0.0
    -32.19     -2.44     -1.87     -6.61      3.95  0.0  0.0  0.0  0.0  0.0
                                    t000102_s14_p26_qjpp.txt 12.0  4.4   52
  0.0  0.0  0.0  0.0  0.0  0.0  0.0  0.0  0.0  0.0  0.0  0.0  0.0  0.0  0.0
  0.0  0.0  0.0  0.0  0.0  0.0500.0 76.9 19.2 19.2  0.0  0.0  0.0  0.0  0.0
  0.0  0.0  0.0  0.0  0.0  0.0  0.0  0.0  0.0  0.0  0.0  0.0  0.0 19.2  0.0
 19.2  0.0  0.0  0.0  0.0  0.0  0.0 38.5  0.0  0.0 19.2  0.0  0.0 57.7 19.2
  0.0  0.0  0.0  0.0  0.0  0.0  0.0  0.0  0.0  0.0  0.0  0.0  0.0  0.0  0.0
  0.0  0.0  0.0  0.0  0.0  0.0  0.0  0.0  0.0  0.0  0.0  0.0  0.0  0.0  0.0
  0.0  0.0  0.0  0.0  0.0  0.0  0.0  0.0  0.0  0.0  0.0  0.0  0.0  0.0  0.0
  0.0  0.0  0.0  0.0  0.0  0.0  0.0  0.0  0.0  0.0  0.0  0.0  0.0  0.0  0.0
  0.0  0.0  0.0  0.0  0.0  0.0  0.0  0.0 38.5  0.0  0.0  0.0 19.2  0.0  0.0
  0.0  0.0  0.0  0.0  0.0 19.2  0.0 19.2  0.0  0.0  0.0  0.0  0.0  0.0  0.0
    -27.73     -5.10      0.97     -6.61      5.49  0.0  0.0  0.0  0.0  0.0
                                    t000102_s14_p27_qjpp.txt 10.5  5.6   57
  0.0  0.0  0.0  0.0  0.0  0.0 17.5  0.0  0.0  0.0  0.0  0.0  0.0  0.0  0.0
  0.0  0.0  0.0  0.0  0.0 17.5315.8228.1 70.2 70.2  0.0  0.0  0.0  0.0  0.0
  0.0  0.0  0.0 17.5 17.5  0.0  0.0  0.0  0.0  0.0  0.0  0.0  0.0 52.6  0.0
  0.0  0.0  0.0  0.0  0.0  0.0  0.0 52.6  0.0  0.0 70.2  0.0  0.0 87.7 17.5
  0.0  0.0  0.0  0.0  0.0  0.0  0.0  0.0  0.0  0.0  0.0  0.0  0.0  0.0  0.0
  0.0  0.0  0.0  0.0  0.0  0.0  0.0  0.0  0.0  0.0  0.0  0.0  0.0  0.0  0.0
  0.0  0.0  0.0  0.0  0.0  0.0  0.0  0.0  0.0  0.0  0.0  0.0  0.0  0.0  0.0
  0.0  0.0  0.0  0.0  0.0  0.0  0.0  0.0  0.0  0.0  0.0  0.0  0.0  0.0  0.0
  0.0  0.0  0.0  0.0  0.0  0.0  0.0  0.0 17.5  0.0 17.5  0.0  0.0  0.0  0.0
  0.0  0.0  0.0  0.0  0.0  0.0  0.0 17.5 17.5 17.5  0.0  0.0  0.0  0.0  0.0
    -24.14     -3.42     -9.20     -6.61      4.35  0.0  0.0  0.0  0.0  0.0
                                    t000102_s14_p28_qjpp.txt 13.5  4.9   79
 12.7  0.0  0.0 25.3  0.0  0.0  0.0  0.0  0.0  0.0  0.0  0.0  0.0  0.0  0.0
  0.0  0.0  0.0 12.7  0.0  0.0405.1139.2  0.0 75.9 12.7  0.0  0.0  0.0 12.7
  0.0  0.0  0.0  0.0  0.0 25.3 12.7  0.0  0.0  0.0  0.0 12.7  0.0 63.3  0.0
  0.0 12.7  0.0  0.0 12.7  0.0 25.3 63.3  0.0 12.7 12.7 12.7  0.0126.6 12.7
  0.0  0.0  0.0  0.0  0.0  0.0  0.0  0.0  0.0  0.0  0.0  0.0  0.0  0.0  0.0
  0.0  0.0  0.0  0.0  0.0  0.0  0.0  0.0  0.0  0.0  0.0  0.0  0.0  0.0  0.0
  0.0  0.0  0.0  0.0  0.0  0.0  0.0  0.0  0.0  0.0  0.0  0.0  0.0  0.0  0.0
  0.0  0.0  0.0  0.0  0.0  0.0  0.0  0.0  0.0  0.0  0.0  0.0  0.0  0.0  0.0
  0.0  0.0  0.0  0.0  0.0  0.0  0.0  0.0  0.0 12.7 12.7 12.7  0.0 25.3  0.0
  0.0  0.0  0.0  0.0  0.0  0.0  0.0 38.0  0.0 12.7  0.0  0.0 12.7  0.0  0.0
    -23.33     -2.67      5.86     -1.54      5.96  0.0  0.0  0.0  0.0  0.0
                                    t000102_s14_p29_qjpp.txt  6.5  4.7   40
  0.0  0.0  0.0  0.0  0.0  0.0  0.0  0.0  0.0  0.0  0.0  0.0  0.0  0.0  0.0
  0.0  0.0  0.0  0.0  0.0  0.0325.0150.0125.0 50.0  0.0  0.0  0.0  0.0  0.0
  0.0  0.0  0.0  0.0  0.0 25.0  0.0  0.0  0.0  0.0  0.0  0.0  0.0 50.0  0.0
  0.0  0.0  0.0  0.0  0.0  0.0  0.0 50.0  0.0  0.0125.0  0.0  0.0 50.0  0.0
  0.0  0.0  0.0  0.0  0.0  0.0  0.0  0.0  0.0  0.0  0.0  0.0  0.0  0.0  0.0
  0.0  0.0  0.0  0.0  0.0  0.0  0.0  0.0  0.0  0.0  0.0  0.0  0.0  0.0  0.0
  0.0  0.0  0.0  0.0  0.0  0.0  0.0  0.0  0.0  0.0 25.0  0.0  0.0  0.0  0.0
  0.0  0.0  0.0  0.0  0.0  0.0  0.0 25.0  0.0  0.0  0.0  0.0  0.0  0.0  0.0
  0.0  0.0  0.0  0.0  0.0  0.0  0.0  0.0  0.0  0.0  0.0  0.0 75.0 50.0  0.0
  0.0  0.0  0.0  0.0  0.0 25.0  0.0  0.0 25.0 50.0  0.0  0.0  0.0  0.0  0.0
    -32.22     -4.08     -0.45     -6.61      3.95  0.0  0.0  0.0  0.0  0.0
                                    t000102_s14_p30_qjpp.txt  6.5  5.8   31
  0.0  0.0  0.0  0.0  0.0  0.0  0.0  0.0  0.0  0.0  0.0  0.0  0.0  0.0  0.0
  0.0  0.0  0.0  0.0  0.0  0.0451.6129.0 64.5 64.5  0.0  0.0  0.0  0.0  0.0
  0.0  0.0  0.0  0.0  0.0  0.0  0.0  0.0  0.0  0.0  0.0  0.0  0.0 64.5  0.0
  0.0  0.0  0.0  0.0  0.0  0.0  0.0 64.5  0.0  0.0 64.5  0.0  0.0 96.8  0.0
 32.3  0.0  0.0  0.0  0.0  0.0  0.0  0.0  0.0  0.0  0.0  0.0  0.0  0.0  0.0
  0.0  0.0  0.0  0.0  0.0  0.0  0.0  0.0  0.0  0.0  0.0  0.0  0.0  0.0  0.0
  0.0  0.0  0.0  0.0  0.0  0.0  0.0  0.0  0.0  0.0  0.0  0.0  0.0  0.0  0.0
  0.0  0.0  0.0  0.0  0.0  0.0  0.0  0.0  0.0  0.0  0.0  0.0  0.0  0.0  0.0
  0.0  0.0  0.0  0.0  0.0  0.0  0.0  0.0  0.0  0.0  0.0 64.5 32.3 32.3  0.0
  0.0  0.0  0.0  0.0  0.0 32.3  0.0 32.3  0.0  0.0  0.0  0.0  0.0  0.0  0.0
    -34.35     -3.61      0.97     -6.61      6.15  0.0  0.0  0.0  0.0  0.0
                                    t000102_s14_p31_qjpp.txt  4.3  5.1   17
  0.0  0.0  0.0 58.8  0.0  0.0  0.0  0.0  0.0  0.0  0.0  0.0  0.0  0.0  0.0
  0.0  0.0  0.0  0.0  0.0  0.0411.8117.6  0.0117.6  0.0  0.0  0.0  0.0  0.0
  0.0  0.0  0.0  0.0  0.0  0.0  0.0  0.0  0.0  0.0  0.0  0.0  0.0117.6  0.0
  0.0  0.0  0.0  0.0  0.0  0.0  0.0117.6  0.0  0.0  0.0  0.0  0.0352.9 58.8
  0.0  0.0  0.0  0.0  0.0  0.0  0.0  0.0  0.0  0.0  0.0  0.0  0.0  0.0  0.0
  0.0  0.0  0.0  0.0  0.0  0.0  0.0  0.0  0.0  0.0  0.0  0.0  0.0  0.0  0.0
  0.0  0.0  0.0  0.0  0.0  0.0  0.0  0.0  0.0  0.0  0.0  0.0  0.0  0.0  0.0
  0.0  0.0  0.0  0.0  0.0  0.0  0.0  0.0  0.0  0.0  0.0  0.0  0.0  0.0  0.0
  0.0  0.0  0.0  0.0  0.0  0.0  0.0  0.0  0.0  0.0  0.0 58.8 58.8  0.0  0.0
  0.0  0.0  0.0  0.0  0.0  0.0  0.0 58.8  0.0  0.0  0.0  0.0  0.0  0.0  0.0
    -26.00     -1.86      0.97     -6.61     14.20  0.0  0.0  0.0  0.0  0.0
                                    t000102_s14_p32_qjpp.txt  7.0  5.0   37
  0.0  0.0  0.0  0.0  0.0  0.0  0.0  0.0  0.0  0.0  0.0  0.0  0.0  0.0  0.0
  0.0  0.0  0.0  0.0  0.0  0.0378.4189.2 27.0 54.1  0.0  0.0  0.0  0.0  0.0
  0.0  0.0  0.0  0.0  0.0  0.0  0.0  0.0  0.0  0.0  0.0  0.0  0.0 27.0 27.0
  0.0  0.0  0.0  0.0  0.0  0.0  0.0 54.1  0.0  0.0 27.0  0.0  0.0 81.1  0.0
  0.0  0.0  0.0  0.0  0.0  0.0  0.0  0.0  0.0  0.0  0.0  0.0  0.0  0.0  0.0
  0.0  0.0  0.0  0.0  0.0  0.0  0.0  0.0  0.0  0.0  0.0  0.0  0.0  0.0  0.0
  0.0  0.0  0.0  0.0  0.0  0.0  0.0  0.0  0.0  0.0  0.0  0.0  0.0  0.0  0.0
  0.0  0.0  0.0  0.0  0.0  0.0  0.0  0.0  0.0  0.0  0.0  0.0  0.0  0.0  0.0
  0.0  0.0  0.0  0.0  0.0  0.0  0.0  0.0  0.0  0.0  0.0 27.0 54.1 27.0  0.0
  0.0  0.0  0.0  0.0  0.0  0.0  0.0  0.0  0.0 27.0  0.0  0.0  0.0  0.0  0.0
    -30.80     -3.95      0.97     -6.61     21.26  0.0 27.0  0.0  0.0  0.0
                                    t000102_s14_p33_qjpp.txt  4.5  5.5   18
  0.0  0.0  0.0 55.6  0.0  0.0  0.0  0.0  0.0  0.0  0.0  0.0  0.0  0.0  0.0
  0.0  0.0  0.0  0.0  0.0  0.0333.3111.1111.1111.1  0.0  0.0  0.0  0.0  0.0
  0.0  0.0  0.0  0.0  0.0 55.6  0.0  0.0  0.0  0.0  0.0  0.0  0.0 55.6  0.0
  0.0  0.0  0.0  0.0  0.0  0.0  0.0 55.6  0.0  0.0111.1  0.0  0.0166.7  0.0
  0.0  0.0  0.0  0.0  0.0  0.0  0.0  0.0  0.0  0.0  0.0  0.0  0.0  0.0  0.0
  0.0  0.0  0.0  0.0  0.0  0.0  0.0  0.0  0.0  0.0  0.0  0.0  0.0  0.0  0.0
  0.0  0.0  0.0  0.0  0.0  0.0  0.0  0.0  0.0  0.0  0.0  0.0  0.0  0.0  0.0
  0.0  0.0  0.0  0.0  0.0  0.0  0.0  0.0  0.0  0.0  0.0  0.0  0.0  0.0  0.0
  0.0  0.0  0.0  0.0  0.0  0.0  0.0  0.0  0.0  0.0  0.0  0.0  0.0  0.0  0.0
  0.0  0.0  0.0  0.0  0.0  0.0  0.0 55.6  0.0  0.0  0.0  0.0  0.0  0.0  0.0
    -30.50     -2.07     -2.18     -6.61      4.79  0.0  0.0  0.0  0.0  0.0
                                    t000102_s14_p34_qjpp.txt 14.3  4.7   62
  0.0  0.0  0.0 16.1  0.0  0.0  0.0  0.0  0.0 16.1  0.0  0.0  0.0  0.0  0.0
  0.0  0.0  0.0  0.0  0.0  0.0500.0 64.5 16.1 32.3  0.0  0.0  0.0  0.0  0.0
  0.0  0.0  0.0  0.0  0.0  0.0  0.0  0.0  0.0  0.0  0.0  0.0  0.0 32.3  0.0
 16.1  0.0  0.0  0.0  0.0  0.0  0.0 48.4  0.0  0.0 16.1  0.0  0.0 96.8 32.3
  0.0  0.0  0.0  0.0  0.0  0.0  0.0  0.0  0.0  0.0  0.0  0.0  0.0  0.0  0.0
  0.0  0.0  0.0  0.0  0.0  0.0  0.0  0.0  0.0  0.0  0.0  0.0  0.0  0.0  0.0
  0.0  0.0  0.0  0.0  0.0  0.0  0.0  0.0  0.0  0.0  0.0  0.0  0.0  0.0  0.0
  0.0  0.0  0.0  0.0  0.0  0.0  0.0  0.0  0.0  0.0  0.0  0.0  0.0  0.0  0.0
  0.0  0.0  0.0  0.0  0.0  0.0  0.0  0.0 32.3  0.0  0.0  0.0 16.1  0.0  0.0
  0.0  0.0  0.0  0.0  0.0 16.1  0.0 32.3  0.0  0.0  0.0  0.0  0.0  0.0  0.0
    -25.16     -4.67      0.97     -6.61      6.46  0.0  0.0  0.0  0.0  0.0
                                    t000102_s14_p35_qjpp.txt 12.3  5.3   60
  0.0  0.0  0.0 16.7  0.0  0.0  0.0  0.0  0.0 16.7  0.0  0.0  0.0  0.0  0.0
  0.0  0.0  0.0  0.0  0.0  0.0366.7150.0 66.7 50.0  0.0  0.0  0.0  0.0  0.0
  0.0  0.0  0.0 16.7 16.7  0.0  0.0  0.0  0.0  0.0  0.0 16.7  0.0 33.3  0.0
  0.0  0.0  0.0  0.0  0.0  0.0  0.0 33.3  0.0  0.0 66.7  0.0  0.0 83.3 16.7
  0.0  0.0  0.0  0.0  0.0  0.0  0.0  0.0  0.0  0.0  0.0  0.0  0.0  0.0  0.0
  0.0  0.0  0.0  0.0  0.0  0.0  0.0  0.0  0.0  0.0  0.0  0.0  0.0  0.0  0.0
  0.0  0.0  0.0  0.0  0.0  0.0  0.0  0.0  0.0  0.0  0.0  0.0  0.0  0.0  0.0
  0.0  0.0  0.0  0.0  0.0  0.0  0.0  0.0  0.0  0.0  0.0  0.0  0.0  0.0  0.0
  0.0 16.7  0.0  0.0  0.0  0.0  0.0  0.0  0.0  0.0 33.3 16.7  0.0  0.0  0.0
  0.0  0.0  0.0  0.0  0.0  0.0  0.0 33.3  0.0  0.0  0.0  0.0  0.0  0.0  0.0
    -28.93     -4.08     -8.69      0.06      1.42  0.0  0.0  0.0  0.0  0.0
                                    t000102_s14_p36_qjpp.txt  5.3  5.6   21
  0.0  0.0  0.0 47.6  0.0  0.0  0.0  0.0  0.0  0.0  0.0  0.0  0.0  0.0  0.0
  0.0  0.0  0.0  0.0  0.0  0.0381.0142.9  0.0 47.6  0.0  0.0  0.0  0.0  0.0
  0.0  0.0  0.0  0.0  0.0  0.0  0.0  0.0  0.0  0.0  0.0  0.0  0.0 95.2  0.0
 47.6  0.0  0.0  0.0  0.0  0.0  0.0142.9  0.0  0.0  0.0  0.0  0.0285.7 47.6
  0.0  0.0  0.0  0.0  0.0  0.0  0.0  0.0  0.0  0.0  0.0  0.0  0.0  0.0  0.0
  0.0  0.0  0.0  0.0  0.0  0.0  0.0  0.0  0.0  0.0  0.0  0.0  0.0  0.0  0.0
  0.0  0.0  0.0  0.0  0.0  0.0  0.0  0.0  0.0  0.0  0.0  0.0  0.0  0.0  0.0
  0.0  0.0  0.0  0.0  0.0  0.0  0.0  0.0  0.0  0.0  0.0  0.0  0.0  0.0  0.0
  0.0  0.0  0.0  0.0  0.0  0.0  0.0  0.0  0.0  0.0  0.0 47.6 47.6  0.0  0.0
  0.0  0.0  0.0  0.0  0.0  0.0  0.0 47.6  0.0  0.0  0.0  0.0 47.6  0.0  0.0
    -27.59     -4.16      0.97     -6.61     26.16  0.0  0.0  0.0  0.0  0.0
                                    t000102_s14_p38_qjpp.txt  3.5  6.8   14
  0.0  0.0  0.0  0.0  0.0  0.0  0.0  0.0  0.0  0.0  0.0  0.0  0.0  0.0  0.0
  0.0  0.0  0.0  0.0  0.0  0.0571.4 71.4  0.0 71.4  0.0  0.0  0.0  0.0  0.0
  0.0  0.0  0.0  0.0  0.0  0.0  0.0  0.0  0.0  0.0  0.0  0.0  0.0 71.4  0.0
  0.0  0.0  0.0  0.0  0.0  0.0  0.0 71.4  0.0  0.0  0.0  0.0  0.0142.9 71.4
  0.0  0.0  0.0  0.0  0.0  0.0  0.0  0.0  0.0  0.0  0.0  0.0  0.0  0.0  0.0
  0.0  0.0  0.0  0.0  0.0  0.0  0.0  0.0  0.0  0.0  0.0  0.0  0.0  0.0  0.0
  0.0  0.0  0.0  0.0  0.0  0.0  0.0  0.0  0.0  0.0  0.0  0.0  0.0  0.0  0.0
  0.0  0.0  0.0  0.0  0.0  0.0  0.0  0.0  0.0  0.0  0.0  0.0  0.0  0.0  0.0
  0.0  0.0  0.0  0.0  0.0  0.0  0.0  0.0  0.0 71.4 71.4  0.0 71.4  0.0  0.0
  0.0  0.0  0.0  0.0  0.0  0.0  0.0 71.4  0.0  0.0  0.0  0.0 71.4  0.0  0.0
    -34.55     -3.38      0.97     -6.61      7.20  0.0  0.0  0.0  0.0  0.0
                                    t000102_s14_p39_qjpp.txt  4.5  5.9   20
  0.0  0.0  0.0  0.0  0.0  0.0  0.0  0.0  0.0  0.0  0.0  0.0  0.0  0.0  0.0
  0.0  0.0  0.0  0.0  0.0  0.0500.0250.0  0.0 50.0  0.0  0.0  0.0  0.0  0.0
  0.0  0.0  0.0  0.0  0.0  0.0  0.0  0.0  0.0  0.0  0.0  0.0  0.0 50.0  0.0
  0.0  0.0  0.0  0.0  0.0  0.0  0.0 50.0  0.0  0.0  0.0  0.0  0.0 50.0  0.0
  0.0  0.0  0.0  0.0  0.0  0.0  0.0  0.0  0.0  0.0  0.0  0.0  0.0  0.0  0.0
  0.0  0.0  0.0  0.0  0.0  0.0  0.0  0.0  0.0  0.0  0.0  0.0  0.0  0.0  0.0
  0.0  0.0  0.0  0.0  0.0  0.0  0.0  0.0  0.0  0.0  0.0  0.0  0.0  0.0  0.0
  0.0  0.0  0.0  0.0  0.0  0.0  0.0  0.0  0.0  0.0  0.0  0.0  0.0  0.0  0.0
  0.0  0.0  0.0  0.0  0.0  0.0  0.0  0.0  0.0 50.0 50.0  0.0  0.0  0.0  0.0
  0.0  0.0  0.0  0.0  0.0  0.0  0.0 50.0  0.0  0.0  0.0  0.0  0.0  0.0  0.0
    -37.36     -4.08      0.97     -6.61      3.95  0.0  0.0  0.0  0.0  0.0
                                     t000102_s14_p4_qjpp.txt  5.5  4.8   24
  0.0  0.0  0.0 83.3  0.0  0.0  0.0  0.0  0.0  0.0  0.0  0.0  0.0  0.0  0.0
  0.0  0.0  0.0  0.0  0.0  0.0375.0250.0  0.0 83.3  0.0  0.0  0.0  0.0  0.0
  0.0  0.0  0.0  0.0  0.0  0.0  0.0  0.0  0.0  0.0  0.0  0.0  0.0  0.0  0.0
 41.7  0.0  0.0  0.0  0.0  0.0  0.0 41.7  0.0  0.0  0.0  0.0  0.0125.0  0.0
  0.0  0.0  0.0  0.0  0.0  0.0  0.0  0.0  0.0  0.0  0.0  0.0  0.0  0.0  0.0
  0.0  0.0  0.0  0.0  0.0  0.0  0.0  0.0  0.0  0.0  0.0  0.0  0.0  0.0  0.0
  0.0  0.0  0.0  0.0  0.0  0.0  0.0  0.0  0.0  0.0  0.0  0.0  0.0  0.0  0.0
  0.0  0.0  0.0  0.0  0.0  0.0  0.0  0.0  0.0  0.0  0.0  0.0  0.0  0.0  0.0
  0.0  0.0  0.0  0.0  0.0  0.0  0.0  0.0  0.0  0.0  0.0 41.7 83.3  0.0  0.0
  0.0  0.0  0.0  0.0  0.0  0.0  0.0 41.7  0.0  0.0  0.0  0.0  0.0  0.0  0.0
    -28.65     -2.99      0.97     -6.61      9.81  0.0  0.0  0.0  0.0  0.0
                                    t000102_s14_p41_qjpp.txt 19.3  5.1  122
  0.0  0.0  0.0 41.0  0.0  0.0  0.0  0.0  0.0  0.0  0.0  0.0  0.0  0.0  0.0
  0.0  0.0  0.0  0.0  0.0  0.0352.5155.7 49.2 49.2  8.2  0.0  0.0  0.0  0.0
  0.0  0.0  0.0  0.0  0.0 32.8  8.2  0.0  0.0  0.0  0.0  0.0  8.2 24.6  0.0
  8.2  0.0  0.0  0.0  8.2  0.0  0.0 32.8  0.0  0.0 57.4  8.2  0.0123.0 16.4
  0.0  0.0  0.0  0.0  0.0  0.0  0.0  0.0  0.0  0.0  0.0  0.0  0.0  0.0  0.0
  0.0  0.0  0.0  8.2  0.0  0.0  0.0  0.0  0.0  0.0  0.0  0.0  0.0  0.0  0.0
  0.0  0.0  8.2  0.0  0.0  0.0  0.0  0.0  0.0  0.0  0.0  0.0  0.0  0.0  0.0
  8.2  0.0  0.0  8.2  8.2  0.0  8.2  0.0  0.0  0.0  0.0  0.0  0.0  0.0  0.0
  0.0  0.0  0.0  0.0  0.0  0.0  0.0  8.2  8.2  0.0 57.4  8.2  8.2  0.0  8.2
  0.0  0.0  0.0  0.0  0.0  0.0  0.0  8.2  0.0  8.2  0.0  0.0  0.0  0.0  0.0
    -28.88     -3.75     -0.89     -6.61      7.87  0.0  0.0  0.0  0.0  0.0
                                     t000102_s14_p5_qjpp.txt 10.5  4.3   44
  0.0  0.0  0.0 22.7  0.0  0.0  0.0  0.0 22.7  0.0  0.0  0.0  0.0  0.0  0.0
  0.0  0.0  0.0  0.0  0.0  0.0500.0113.6 22.7 22.7  0.0 22.7  0.0  0.0  0.0
  0.0  0.0  0.0  0.0  0.0  0.0  0.0  0.0  0.0  0.0  0.0  0.0  0.0 22.7  0.0
  0.0  0.0  0.0  0.0  0.0  0.0  0.0 22.7  0.0  0.0 45.5 22.7  0.0 45.5  0.0
  0.0  0.0  0.0  0.0  0.0  0.0  0.0  0.0  0.0  0.0  0.0  0.0  0.0  0.0  0.0
  0.0  0.0  0.0  0.0  0.0  0.0  0.0  0.0  0.0  0.0  0.0  0.0  0.0  0.0  0.0
  0.0  0.0  0.0  0.0  0.0  0.0  0.0  0.0  0.0  0.0  0.0  0.0  0.0  0.0  0.0
  0.0  0.0  0.0  0.0  0.0  0.0  0.0  0.0  0.0  0.0  0.0  0.0  0.0  0.0  0.0
  0.0  0.0  0.0  0.0  0.0  0.0  0.0 22.7 22.7  0.0 22.7 22.7 22.7  0.0  0.0
  0.0  0.0  0.0  0.0  0.0  0.0  0.0 22.7  0.0  0.0  0.0 22.7  0.0  0.0  0.0
    -27.54     -0.61      0.97     -6.61     -0.18  0.0  0.0  0.0  0.0  0.0
                                     t000102_s14_p6_qjpp.txt 26.3  3.9  177
  0.0  0.0  0.0 11.3  0.0  0.0  0.0  0.0  0.0  0.0  0.0  0.0  0.0  0.0  0.0
  0.0  0.0  0.0  0.0  0.0  0.0355.9113.0 16.9 39.5  0.0  0.0  0.0  0.0  0.0
  0.0  0.0  0.0  0.0  0.0  5.6 16.9  0.0  0.0  0.0  0.0  0.0  0.0 33.9  5.6
  0.0  0.0  0.0  0.0  0.0  0.0  0.0 39.5  0.0  0.0 16.9  0.0  0.0 73.4  0.0
  0.0  0.0  0.0  0.0  0.0  0.0  0.0  0.0  0.0  0.0  0.0  0.0  0.0  0.0  0.0
  0.0  0.0  0.0  5.6  0.0  0.0  0.0  0.0  0.0  0.0  0.0  0.0  0.0  0.0  0.0
  0.0  0.0  5.6  0.0  0.0  0.0  0.0  0.0  0.0  0.0  0.0  0.0  0.0  0.0  0.0
  5.6  0.0  0.0  5.6  5.6  0.0  5.6  0.0  0.0  0.0  0.0  0.0  0.0  0.0  0.0
  0.0  0.0  0.0  0.0  0.0  0.0  0.0  0.0 11.3  5.6  5.6  5.6  0.0  5.6  0.0
  0.0  0.0  0.0  0.0  0.0  5.6  0.0 22.6  5.6  0.0  0.0  0.0  0.0  5.6  0.0
    -23.37     -4.43      0.65     -6.61      5.86  0.0  0.0  0.0  0.0  0.0
                                     t000102_s14_p7_qjpp.txt 27.0  4.4  303
  3.3  0.0  0.0  0.0  0.0  0.0  3.3  0.0  0.0  0.0  0.0  0.0  0.0  0.0  0.0
  0.0  0.0  0.0  0.0  0.0  0.0432.3128.7 23.1 52.8  0.0  3.3  0.0  0.0  3.3
  0.0  0.0  0.0  0.0  0.0 26.4  0.0  0.0  0.0  0.0  0.0  0.0  0.0 23.1 16.5
  0.0  3.3  0.0  3.3  0.0  0.0  3.3 39.6  0.0  3.3 36.3  0.0  0.0 69.3  9.9
  3.3  0.0  0.0  0.0  0.0  0.0  0.0  0.0  0.0  0.0  0.0  0.0  0.0  0.0  0.0
  0.0  0.0  0.0  0.0  0.0  0.0  0.0  0.0  0.0  0.0  0.0  0.0  0.0  0.0  0.0
  0.0  0.0  0.0  0.0  0.0  0.0  0.0  0.0  0.0  0.0  0.0  0.0  0.0  0.0  0.0
  0.0  0.0  0.0  0.0  0.0  0.0  0.0  0.0  0.0  0.0  0.0  0.0  0.0  0.0  0.0
  0.0  0.0  0.0  0.0  0.0  0.0  0.0  0.0  9.9  0.0  0.0  9.9  9.9  3.3  0.0
  0.0  0.0  0.0  0.0  0.0  0.0  0.0  6.6  0.0  3.3  0.0  0.0  9.9  3.3  0.0
    -27.28     -3.36      1.12     -6.61     12.57  0.0  0.0  0.0  0.0  0.0
                                     t000102_s14_p8_qjpp.txt 16.5  4.9  100
 10.0  0.0  0.0 30.0  0.0  0.0  0.0  0.0  0.0  0.0  0.0  0.0  0.0  0.0  0.0
  0.0  0.0  0.0  0.0  0.0  0.0370.0140.0 10.0 50.0  0.0  0.0  0.0  0.0  0.0
  0.0  0.0  0.0 10.0 10.0 20.0  0.0  0.0  0.0  0.0  0.0  0.0  0.0 50.0  0.0
  0.0 10.0  0.0  0.0  0.0  0.0 10.0 50.0  0.0  0.0 30.0  0.0  0.0110.0 10.0
  0.0  0.0  0.0  0.0  0.0  0.0  0.0  0.0  0.0  0.0  0.0  0.0  0.0  0.0  0.0
  0.0  0.0  0.0 10.0  0.0  0.0  0.0  0.0  0.0  0.0  0.0  0.0  0.0  0.0  0.0
  0.0  0.0 10.0  0.0  0.0  0.0  0.0  0.0  0.0  0.0  0.0  0.0  0.0  0.0  0.0
 10.0  0.0  0.0 10.0 10.0  0.0 10.0  0.0  0.0  0.0  0.0  0.0  0.0  0.0  0.0
  0.0  0.0  0.0  0.0  0.0  0.0  0.0  0.0  0.0  0.0  0.0  0.0  0.0  0.0  0.0
  0.0  0.0  0.0  0.0  0.0  0.0  0.0 20.0  0.0 10.0  0.0 10.0 20.0  0.0  0.0
    -25.67     -4.08     -5.96     -6.61      3.95  0.0  0.0  0.0  0.0  0.0
                                     t000102_s14_p9_qjpp.txt 25.5  4.6  136
  0.0  0.0  0.0  7.4  0.0  0.0  0.0  0.0  7.4  0.0  0.0  0.0  0.0  0.0  0.0
  7.4  0.0  0.0  0.0  0.0  0.0323.5 80.9 29.4 73.5  7.4  0.0  0.0  0.0  0.0
  0.0  7.4  0.0  7.4  0.0  0.0  0.0  0.0  0.0  0.0  0.0  7.4  0.0 58.8  0.0
  0.0 14.7  0.0  7.4  0.0  0.0 22.1 58.8  0.0  0.0 73.5 14.7  0.0 95.6  0.0
  0.0  0.0  0.0  0.0  0.0  0.0  0.0  0.0  0.0  0.0  0.0  0.0  0.0  0.0  0.0
  0.0  0.0  0.0  0.0  0.0  0.0  0.0  0.0  0.0  0.0  0.0  0.0  0.0  0.0  0.0
  0.0  0.0  0.0  0.0  0.0  0.0  0.0  0.0  0.0  0.0  0.0  0.0  0.0  0.0  0.0
  0.0  0.0  0.0  0.0  0.0  0.0  0.0  0.0  0.0  0.0  0.0  0.0  0.0  0.0  0.0
  0.0  0.0  0.0  0.0  0.0  0.0  0.0  0.0  0.0  0.0 22.1  0.0 14.7 14.7  0.0
  0.0  0.0  0.0  0.0  0.0  0.0  0.0 14.7  7.4  0.0  0.0  0.0  7.4  0.0  0.0
    -20.85     -2.98      1.60     -3.66      5.29  0.0  7.4  0.0  0.0  0.0
                                     t000102_s19_p1_qjpp.txt 34.3  5.2  602
  6.6  0.0  0.0 31.6  0.0  0.0  0.0  3.3  5.0  1.7  0.0  0.0  0.0  0.0  0.0
  0.0  0.0  0.0  5.0  0.0  0.0443.5 98.0 39.9 21.6  0.0  1.7  0.0  0.0  0.0
  0.0  1.7  0.0  0.0  1.7 10.0  1.7  0.0  0.0  0.0  0.0  0.0  0.0  3.3  3.3
  0.0  3.3  3.3  0.0  6.6  0.0 10.0  6.6  0.0  0.0 59.8  5.0  0.0 63.1  1.7
  3.3  0.0  0.0  0.0  0.0  0.0  0.0  0.0  0.0  0.0  0.0  0.0  0.0  0.0  0.0
  0.0  0.0  0.0  0.0  0.0  1.7  1.7  0.0  0.0  0.0  0.0  0.0  0.0  0.0  0.0
  0.0  1.7  0.0  0.0  0.0  3.3  0.0  0.0  0.0  0.0  0.0  0.0  0.0  0.0  0.0
  3.3  0.0  0.0  3.3  1.7  3.3  5.0  0.0  0.0  0.0  0.0  0.0  0.0  0.0  0.0
  0.0  0.0  1.7  0.0  0.0  0.0  0.0  1.7  1.7  0.0 16.6 18.3  5.0  0.0  1.7
  0.0  1.7  0.0  0.0  0.0  1.7  0.0  6.6  0.0  8.3  0.0  6.6 10.0  0.0  0.0
    -26.34     -4.70      0.53     -6.61     -0.57  1.7  0.0  0.0  0.0  0.0
                                    t000102_s19_p10_qjpp.txt 33.8  5.6  191
  5.2  0.0  0.0 41.9  0.0  0.0  0.0  0.0 10.5 10.5  0.0  0.0  0.0  0.0  0.0
  0.0  0.0  5.2  0.0  0.0  0.0450.3 99.5 31.4 26.2  0.0 10.5  0.0  0.0  5.2
  0.0  5.2  0.0  5.2  0.0 10.5 20.9  5.2  0.0  0.0  0.0  0.0  5.2 15.7 10.5
  0.0  0.0 10.5  0.0  0.0 10.5  5.2 26.2  0.0  5.2 52.4 10.5  5.2109.9 15.7
  0.0  0.0  0.0  0.0  0.0  0.0  0.0  0.0  0.0  0.0  0.0  0.0  0.0  0.0  0.0
  0.0  0.0  0.0  0.0  0.0 10.5  0.0  0.0  0.0  0.0  0.0  0.0  0.0  0.0  5.2
  0.0  0.0  0.0  0.0  0.0  0.0  0.0  0.0  0.0  0.0  0.0  0.0  0.0  0.0  0.0
 10.5  0.0  0.0 10.5  5.2  0.0  5.2  0.0  0.0  0.0  0.0  0.0  0.0  0.0  0.0
  0.0  0.0  0.0  0.0  0.0  0.0  0.0  0.0 15.7  0.0 20.9 10.5 10.5  5.2  0.0
  0.0  0.0  0.0  0.0  0.0  0.0  0.0  5.2  0.0  5.2  5.2  5.2 10.5  0.0  0.0
    -25.83     -2.85      3.44     -5.36     10.08  0.0  0.0  0.0  0.0  0.0
                                    t000102_s19_p11_qjpp.txt 33.3  5.7  227
 17.6  4.4  0.0 44.1  0.0  0.0  4.4  0.0 17.6  0.0  0.0  0.0  0.0  0.0  0.0
  4.4  0.0  4.4  0.0  0.0  4.4436.1110.1 57.3 30.8  4.4  0.0  0.0  0.0  0.0
  0.0  0.0  0.0  8.8  0.0 22.0  4.4  0.0  0.0  0.0  0.0  0.0  8.8  0.0  0.0
  0.0  0.0  8.8  0.0  4.4  4.4  0.0  0.0  0.0  0.0 79.3 22.0  0.0 79.3  0.0
  0.0  0.0  0.0  0.0  0.0  0.0  0.0  0.0  0.0  0.0  0.0  0.0  0.0  0.0  0.0
  0.0  0.0  0.0  0.0  0.0  4.4  8.8  0.0  0.0  0.0  0.0  0.0  0.0  0.0  0.0
  0.0  0.0  0.0  0.0  0.0  0.0  0.0  0.0  0.0  0.0  0.0  0.0  0.0  0.0  0.0
 13.2  0.0  0.0 13.2  0.0  0.0  0.0  0.0  0.0  0.0  0.0  0.0  0.0  0.0  0.0
  0.0  0.0  0.0  0.0  0.0  0.0  0.0  0.0  4.4  4.4  8.8  8.8  8.8  0.0  8.8
  0.0  0.0  0.0  0.0  0.0  0.0  0.0  8.8  0.0  8.8  4.4  0.0  8.8  0.0  0.0
    -22.32     -4.52     -2.80     -6.61      1.88  0.0  8.8  0.0  0.0  0.0
                                    t000102_s19_p12_qjpp.txt 30.0  5.9  273
 22.0  3.7  0.0 47.6  0.0  0.0  3.7  0.0  7.3  0.0  0.0  0.0  0.0  0.0  0.0
  0.0  0.0  0.0  3.7  0.0  0.0424.9139.2 58.6 29.3  0.0  0.0  3.7  7.3  0.0
  0.0  0.0  0.0  0.0  3.7 11.0  0.0  0.0  0.0  0.0  0.0  3.7  7.3 11.0  0.0
  0.0 11.0  7.3  7.3  0.0  0.0 14.7 11.0  0.0  7.3 69.6  7.3  0.0 80.6  0.0
  7.3  0.0  0.0  0.0  0.0  0.0  0.0  0.0  0.0  0.0  0.0  0.0  0.0  0.0  0.0
  0.0  0.0  0.0  7.3  0.0  0.0  0.0  0.0  0.0  0.0  0.0  0.0  0.0  0.0  0.0
  0.0  0.0  0.0  0.0  0.0  0.0  0.0  0.0  0.0  0.0  0.0  0.0  0.0  0.0  0.0
  7.3  0.0  0.0  7.3  0.0  0.0  0.0  0.0  0.0  0.0  0.0  0.0  0.0  0.0  0.0
  0.0  0.0  0.0  0.0  0.0  0.0  0.0  0.0 18.3  0.0 14.7  3.7 18.3 11.0 11.0
  0.0  0.0  0.0  0.0  0.0  7.3  0.0 25.6  0.0 11.0  0.0  0.0 14.7  0.0  0.0
    -27.74     -4.09      3.58     -5.14      2.62  0.0  0.0  0.0  0.0  0.0
                                     t000102_s19_p2_qjpp.txt 34.3  5.3  557
  5.4  0.0  0.0 34.1  0.0  0.0  0.0  0.0  9.0  1.8  1.8  0.0  0.0  0.0  0.0
  1.8  0.0  1.8  0.0  1.8  0.0382.4120.3 55.7 37.7  0.0  1.8  0.0  0.0  0.0
  0.0  1.8  0.0  1.8  0.0 16.2  0.0  0.0  0.0  0.0  0.0  1.8  3.6  9.0  1.8
  3.6  1.8  7.2  1.8  5.4  1.8  3.6 14.4  1.8  0.0 75.4  9.0  0.0 86.2  1.8
  3.6  1.8  0.0  0.0  0.0  0.0  0.0  0.0  0.0  0.0  0.0  0.0  0.0  0.0  0.0
  0.0  0.0  0.0  0.0  0.0  3.6  1.8  0.0  0.0  1.8  0.0  0.0  0.0  0.0  0.0
  0.0  0.0  0.0  0.0  0.0  0.0  0.0  0.0  0.0  0.0  0.0  0.0  0.0  0.0  0.0
  5.4  1.8  0.0  7.2  0.0  0.0  0.0  0.0  0.0  0.0  0.0  0.0  0.0  0.0  0.0
  0.0  0.0  0.0  0.0  0.0  0.0  0.0  0.0 12.6  3.6  9.0  9.0  5.4  3.6  1.8
  0.0  1.8  0.0  0.0  0.0  3.6  0.0 23.3  0.0  7.2  0.0  3.6  7.2  0.0  0.0
    -24.99     -4.14      0.21     -5.89      2.52  1.8  0.0  0.0  1.8  0.0
                                     t000102_s19_p3_qjpp.txt 30.3  5.1  526
  9.5  0.0  0.0 24.7  0.0  0.0  0.0  0.0 11.4  0.0  0.0  0.0  0.0  0.0  0.0
  1.9  0.0  1.9  3.8  0.0  0.0401.1112.2 58.9 45.6  3.8  0.0  1.9  0.0  0.0
  0.0  5.7  0.0  0.0  0.0 22.8  3.8  0.0  1.9  0.0  0.0  1.9 13.3 13.3  0.0
  5.7  1.9  9.5  5.7  3.8  1.9 11.4 19.0  0.0  0.0 81.7 15.2  0.0 81.7  5.7
  1.9  0.0  0.0  0.0  0.0  0.0  0.0  0.0  0.0  0.0  0.0  0.0  0.0  0.0  0.0
  0.0  0.0  0.0  1.9  0.0  0.0  7.6  1.9  0.0  0.0  0.0  0.0  0.0  0.0  0.0
  0.0  0.0  0.0  0.0  0.0  1.9  0.0  0.0  0.0  0.0  0.0  0.0  0.0  0.0  0.0
  9.5  1.9  0.0 11.4  0.0  1.9  1.9  0.0  0.0  0.0  0.0  0.0  0.0  0.0  0.0
  0.0  0.0  0.0  0.0  0.0  0.0  0.0  0.0  3.8  9.5 13.3  3.8  3.8  1.9  0.0
  0.0  1.9  0.0  0.0  0.0  5.7  0.0  9.5  1.9  7.6  5.7  0.0 11.4  0.0  0.0
    -26.22     -3.71      1.79     -5.23      8.55  0.0  0.0  0.0  0.0  0.0
                                     t000102_s19_p4_qjpp.txt 33.3  5.4  548
 12.8  1.8  0.0 34.7  0.0  0.0  7.3  0.0 14.6  0.0  0.0  0.0  0.0  0.0  0.0
  0.0  0.0  0.0  5.5  0.0  0.0421.5113.1 31.0 29.2  1.8  3.6  1.8  0.0  5.5
  0.0  1.8  0.0  5.5  1.8  9.1  7.3  1.8  0.0  1.8  0.0  1.8  0.0 14.6  0.0
  0.0  0.0  5.5  0.0  3.6  1.8  9.1 14.6  0.0  5.5 56.6 16.4  0.0 73.0  1.8
  1.8  0.0  0.0  0.0  0.0  0.0  0.0  0.0  0.0  0.0  0.0  0.0  0.0  0.0  0.0
  0.0  0.0  0.0  0.0  0.0  1.8  7.3  0.0  0.0  0.0  0.0  0.0  0.0  0.0  0.0
  1.8  0.0  0.0  0.0  0.0  0.0  0.0  0.0  0.0  0.0  0.0  0.0  0.0  0.0  0.0
  9.1  0.0  0.0  9.1  1.8  0.0  1.8  0.0  0.0  0.0  0.0  0.0  0.0  0.0  0.0
  0.0  0.0  0.0  0.0  0.0  0.0  0.0  0.0  9.1  1.8 10.9  1.8  5.5  3.6  1.8
  0.0  0.0  0.0  0.0  0.0  3.6  1.8  9.1  0.0 14.6  0.0  0.0 14.6  0.0  0.0
    -24.21     -3.65      1.77     -4.61     -1.41  3.6  3.6  0.0  0.0  0.0
                                     t000102_s19_p5_qjpp.txt 34.8  5.2  382
  7.9  0.0  0.0 41.9  0.0  0.0  0.0  0.0  7.9  2.6  0.0  0.0  0.0  0.0  0.0
  2.6  0.0  2.6  5.2  0.0  0.0447.6 96.9 39.3 18.3  0.0  2.6  7.9  0.0  2.6
  0.0  0.0  0.0  2.6  2.6 10.5  5.2  0.0  0.0  0.0  0.0  0.0  2.6  7.9  0.0
  0.0  0.0  7.9  2.6  0.0  2.6  5.2  7.9  0.0  2.6 52.4  7.9  0.0 62.8  0.0
  2.6  0.0  0.0  0.0  0.0  0.0  0.0  0.0  0.0  0.0  0.0  0.0  0.0  0.0  0.0
  0.0  0.0  0.0  2.6  0.0  7.9  2.6  0.0  0.0  0.0  0.0  0.0  0.0  0.0  2.6
  2.6  0.0  0.0  0.0  0.0  0.0  0.0  0.0  0.0  0.0  0.0  0.0  0.0  0.0  0.0
 13.1  0.0  0.0 13.1  5.2  0.0  5.2  0.0  0.0  0.0  0.0  0.0  0.0  0.0  0.0
  0.0  0.0  0.0  0.0  0.0  0.0  0.0  0.0 18.3  0.0 15.7  0.0  2.6  0.0  0.0
  0.0  2.6  0.0  0.0  0.0  0.0  0.0  5.2  2.6  7.9  2.6  2.6  2.6  0.0  0.0
    -24.70     -3.17      0.17     -6.61     -0.80  0.0  0.0  0.0  0.0  0.0
                                     t000102_s19_p6_qjpp.txt 34.3  5.5  220
 31.8  4.5  0.0 68.2  0.0  0.0  9.1  0.0 13.6  0.0  0.0  0.0  0.0  0.0  0.0
  0.0  0.0  9.1  4.5  0.0  0.0372.7127.3 63.6 36.4  4.5  0.0  4.5  0.0  0.0
  0.0  0.0  0.0  4.5  0.0  9.1  0.0  0.0  0.0  0.0  0.0  0.0  0.0  4.5  0.0
  0.0  4.5 18.2  0.0  0.0  9.1  9.1  4.5  0.0  0.0104.5 18.2  4.5104.5  0.0
 13.6  0.0  0.0  0.0  0.0  0.0  0.0  0.0  0.0  0.0  0.0  0.0  0.0  0.0  0.0
  0.0  0.0  0.0  4.5  0.0  9.1  4.5  0.0  0.0  0.0  0.0  0.0  0.0  0.0  0.0
  0.0  0.0  0.0  0.0  0.0  0.0  0.0  0.0  0.0  0.0  0.0  0.0  0.0  0.0  0.0
 18.2  0.0  0.0 18.2  0.0  0.0  0.0  0.0  0.0  0.0  0.0  0.0  0.0  0.0  0.0
  0.0  0.0  0.0  0.0  0.0  0.0  0.0  0.0  4.5  0.0 22.7  4.5  9.1 13.6  9.1
  0.0  4.5  0.0  0.0  0.0 22.7  4.5  9.1  4.5 18.2  4.5  0.0 27.3  0.0  0.0
    -19.22     -3.49     -0.84     -6.61     -2.94  0.0  0.0  0.0  0.0  0.0
                                     t000102_s19_p7_qjpp.txt 35.5  5.3  564
 17.7  0.0  0.0 55.0  0.0  0.0  0.0  0.0  7.1  0.0  1.8  0.0  0.0  0.0  0.0
  0.0  0.0  7.1  8.9  0.0  0.0404.3120.6 55.0 17.7  1.8  1.8  0.0  0.0  0.0
  0.0  1.8  0.0  1.8  1.8 16.0  8.9  0.0  1.8  0.0  0.0  0.0  1.8  8.9  0.0
  1.8  1.8  3.5  5.3  5.3  7.1 12.4 10.6  0.0  0.0 81.6  8.9  1.8 86.9  7.1
  3.5  0.0  0.0  0.0  0.0  0.0  0.0  0.0  0.0  0.0  0.0  0.0  0.0  0.0  0.0
  0.0  0.0  0.0  1.8  0.0  0.0  0.0  0.0  0.0  0.0  0.0  0.0  0.0  0.0  0.0
  0.0  1.8  0.0  0.0  0.0  0.0  0.0  0.0  0.0  0.0  1.8  0.0  0.0  0.0  0.0
  1.8  0.0  0.0  1.8  1.8  0.0  1.8  1.8  0.0  0.0  0.0  0.0  0.0  0.0  0.0
  0.0  0.0  1.8  0.0  0.0  0.0  0.0  0.0 12.4  1.8 17.7  1.8  3.5  3.5  0.0
  0.0  0.0  0.0  1.8  0.0  0.0  0.0 12.4  0.0 16.0  0.0  0.0  5.3  0.0  0.0
    -23.39     -4.72     -0.30     -6.03     -0.60  0.0  0.0  0.0  0.0  0.0
                                     t000102_s19_p8_qjpp.txt 32.8  5.3  207
 19.3  4.8  0.0 48.3  0.0  0.0  9.7  0.0  9.7  0.0  0.0  4.8  0.0  0.0  0.0
  0.0  0.0  4.8  0.0  0.0  0.0333.3135.3 67.6 43.5  0.0  0.0  0.0  0.0  0.0
  0.0  4.8  0.0  0.0  9.7 33.8  0.0  0.0  0.0  0.0  0.0  0.0  4.8  4.8  0.0
  0.0  0.0  0.0  0.0  4.8  4.8  9.7  4.8  0.0  0.0 87.0  9.7  0.0101.4  0.0
  0.0  0.0  0.0  0.0  0.0  0.0  0.0  0.0  0.0  0.0  0.0  0.0  0.0  0.0  0.0
  0.0  0.0  0.0  0.0  0.0  0.0  0.0  0.0  0.0  0.0  0.0  0.0  0.0  0.0  0.0
  0.0  0.0  0.0  0.0  0.0  4.8  0.0  0.0  0.0  0.0  0.0  0.0  0.0  0.0  0.0
  0.0  0.0  0.0  0.0  0.0  4.8  4.8  0.0  0.0  0.0  0.0  0.0  0.0  0.0  0.0
  0.0  0.0  0.0  0.0  0.0  0.0  0.0  0.0  9.7  0.0  4.8  4.8 14.5 14.5  4.8
  0.0  9.7  0.0  0.0  0.0  0.0  0.0 19.3  0.0  9.7  0.0  4.8  4.8  0.0  0.0
    -19.28     -4.30     -2.00     -6.61      0.12  4.8  0.0  0.0  0.0  0.0
                                     t000102_s19_p9_qjpp.txt 35.0  5.3  279
 21.5  0.0  0.0 60.9  0.0  0.0  0.0  0.0 10.8  0.0  3.6  0.0  0.0  0.0  0.0
  3.6  0.0  7.2  3.6  3.6  0.0379.9 89.6 78.9 21.5  0.0  3.6  3.6  0.0  3.6
  0.0  7.2  0.0  0.0  0.0 17.9  3.6  0.0  0.0  0.0  0.0  3.6  7.2  7.2  0.0
  3.6  0.0  3.6  3.6  3.6  7.2 10.8 10.8  3.6  3.6 96.8 10.8  0.0 89.6  3.6
 10.8  0.0  0.0  0.0  0.0  0.0  0.0  0.0  0.0  0.0  0.0  0.0  0.0  0.0  0.0
  0.0  0.0  0.0  0.0  0.0  0.0  3.6  0.0  0.0  0.0  0.0  0.0  0.0  0.0  0.0
  0.0  0.0  0.0  0.0  0.0  3.6  0.0  0.0  0.0  0.0  0.0  0.0  0.0  0.0  0.0
  3.6  0.0  0.0  3.6  0.0  3.6  3.6  0.0  0.0  0.0  0.0  0.0  0.0  0.0  0.0
  0.0  0.0  0.0  0.0  0.0  0.0  0.0  3.6  0.0  0.0 10.8  0.0  3.6  3.6  7.2
  0.0  0.0  0.0  0.0  0.0 14.3  0.0 10.8  0.0 10.8  0.0  0.0 21.5  0.0  0.0
    -17.89     -3.67      4.40     -5.17      3.10  0.0  0.0  0.0  0.0  0.0
                                      t000102_s2_p1_qjpp.txt 20.8  5.0  121
  8.3  0.0  0.0 33.1  0.0  0.0  0.0  0.0 16.5  0.0  0.0  0.0  0.0  0.0  0.0
  0.0  0.0  0.0 24.8  0.0  0.0438.0140.5 41.3 16.5  8.3  0.0  0.0  0.0  8.3
  0.0  0.0  0.0  0.0  0.0 16.5 16.5 16.5  0.0  0.0  0.0  0.0  0.0  0.0  8.3
  0.0  0.0  0.0  0.0  0.0 16.5 24.8  8.3  0.0  8.3 41.3 24.8  0.0 66.1  0.0
  0.0  0.0  0.0  0.0  0.0  0.0  0.0  0.0  0.0  0.0  0.0  0.0  0.0  0.0  0.0
  0.0  0.0  0.0  0.0  0.0  0.0  0.0  0.0  0.0  0.0  0.0  0.0  0.0  0.0  0.0
  0.0 16.5  0.0  0.0  0.0  0.0  0.0  0.0  0.0  0.0  0.0  0.0  0.0  0.0  0.0
  0.0  0.0  0.0  0.0 16.5  0.0 16.5  0.0  0.0  0.0  0.0  0.0  0.0  0.0  0.0
  0.0  0.0  0.0  0.0  0.0  0.0  0.0  0.0 41.3  8.3 24.8  0.0  0.0  0.0  0.0
  0.0  0.0  0.0  0.0  0.0  0.0  0.0  0.0 16.5 16.5  0.0  8.3  0.0  0.0  0.0
    -23.70     -4.82      4.17     -2.67      2.73  0.0  0.0  8.3  0.0  0.0
                                      t000102_s6_p1_qjpp.txt 34.3  5.4  539
  9.3  1.9  0.0 37.1  0.0  0.0  0.0  0.0  5.6  1.9  1.9  0.0  0.0  0.0  0.0
  0.0  0.0  1.9  0.0  0.0  0.0463.8 94.6 44.5  3.7  0.0  1.9  1.9  0.0  0.0
  0.0  5.6  0.0  0.0  3.7  3.7  3.7  0.0  0.0  0.0  0.0  1.9  0.0  5.6  3.7
  3.7  0.0  5.6  1.9  1.9  1.9  5.6 13.0  0.0  0.0 61.2  5.6  3.7 63.1  0.0
  3.7  0.0  0.0  0.0  0.0  0.0  0.0  0.0  0.0  0.0  0.0  0.0  0.0  0.0  0.0
  0.0  0.0  0.0  0.0  0.0  7.4  1.9  0.0  0.0  0.0  0.0  0.0  0.0  0.0  0.0
  1.9  0.0  0.0  0.0  0.0  0.0  0.0  0.0  0.0  1.9  0.0  0.0  0.0  0.0  0.0
  9.3  0.0  0.0  9.3  1.9  0.0  3.7  0.0  0.0  0.0  0.0  0.0  0.0  0.0  0.0
  0.0  0.0  0.0  0.0  0.0  0.0  0.0  0.0  5.6  0.0 11.1  9.3  9.3  1.9  1.9
  0.0  0.0  0.0  0.0  0.0  1.9  3.7  5.6  0.0  7.4  3.7  0.0 11.1  0.0  0.0
    -27.61     -4.91      1.73     -5.86      1.27  0.0  0.0  0.0  0.0  0.0
                                      t000102_s6_p2_qjpp.txt 30.3  5.2  492
 10.2  0.0  0.0 24.4  0.0  0.0  0.0  2.0 10.2  2.0  2.0  0.0  0.0  0.0  0.0
  0.0  0.0  4.1  0.0  0.0  0.0424.8103.7 44.7 14.2  0.0  6.1  6.1  0.0  2.0
  0.0  2.0  0.0  2.0  0.0 16.3 10.2  0.0  0.0  0.0  0.0  0.0  6.1  4.1  2.0
  2.0  0.0  2.0  0.0  2.0  4.1  2.0  8.1  0.0  2.0 63.0 10.2  0.0 58.9  0.0
  6.1  0.0  0.0  0.0  0.0  0.0  0.0  0.0  0.0  0.0  0.0  0.0  0.0  0.0  0.0
  0.0  0.0  0.0  0.0  0.0  0.0  4.1  0.0  0.0  0.0  0.0  0.0  0.0  0.0  0.0
  0.0  0.0  0.0  2.0  0.0  0.0  0.0  0.0  0.0  0.0  0.0  0.0  0.0  0.0  0.0
  4.1  0.0  0.0  4.1  2.0  0.0  2.0  0.0  0.0  0.0  0.0  0.0  0.0  0.0  0.0
  0.0  0.0  0.0  0.0  0.0  0.0  0.0  0.0 12.2  0.0 22.4  4.1  2.0  0.0  2.0
  0.0  2.0  0.0  0.0  0.0  0.0  4.1  4.1  8.1 12.2  0.0  0.0  2.0  0.0  0.0
    -25.82     -2.96      1.24     -6.61      3.02  2.0  4.1  0.0  0.0  0.0
                                      t000102_s6_p3_qjpp.txt 33.5  5.2  224
 35.7  4.5  0.0 84.8  0.0  0.0  4.5  0.0 13.4  0.0  4.5  0.0  0.0  0.0  0.0
  0.0  0.0 13.4  0.0  0.0  0.0388.4107.1 40.2  8.9  0.0  0.0  0.0  0.0  0.0
  0.0  0.0  0.0  0.0  0.0 22.3  4.5  0.0  0.0  0.0  0.0  0.0  4.5  4.5  0.0
  4.5  0.0 22.3  0.0 22.3 13.4  0.0  8.9  0.0  0.0 75.9 13.4  0.0 98.2  4.5
  8.9  0.0  0.0  0.0  0.0  0.0  0.0  0.0  0.0  0.0  0.0  0.0  0.0  0.0  0.0
  0.0  0.0  0.0  4.5  4.5  8.9  8.9  0.0  0.0  0.0  0.0  0.0  0.0  0.0  0.0
  0.0  0.0  0.0  0.0  0.0  0.0  0.0  0.0  4.5  0.0  0.0  0.0  0.0  0.0  0.0
 26.8  0.0  0.0 26.8  0.0  4.5  4.5  0.0  0.0  0.0  0.0  0.0  0.0  0.0  0.0
  0.0  0.0  0.0  0.0  0.0  0.0  0.0  0.0  4.5  0.0  4.5  0.0 22.3  0.0  8.9
  0.0  0.0  0.0  0.0  0.0  4.5  0.0  8.9  0.0 17.9  4.5  0.0 13.4  0.0  0.0
    -16.15     -5.43     -0.29     -6.61      1.28  0.0  0.0  0.0  0.0  0.0
                                      t000102_s6_p4_qjpp.txt 27.5  5.2  570
  5.3  0.0  0.0 38.6  0.0  0.0  0.0  0.0  1.8  3.5  1.8  1.8  0.0  0.0  0.0
  1.8  1.8  3.5  0.0  0.0  0.0477.2 89.5 45.6  5.3  1.8  1.8  1.8  1.8  0.0
  0.0  0.0  0.0  0.0  0.0 15.8  1.8  0.0  0.0  0.0  0.0  1.8  3.5  1.8  0.0
  0.0  0.0  5.3  0.0  0.0  3.5  1.8  1.8  1.8  1.8 61.4  3.5  0.0 50.9  0.0
  3.5  0.0  0.0  0.0  0.0  0.0  0.0  0.0  0.0  0.0  0.0  0.0  0.0  0.0  0.0
  0.0  0.0  0.0  3.5  0.0  1.8  0.0  0.0  0.0  0.0  0.0  0.0  0.0  0.0  0.0
  0.0  0.0  0.0  0.0  0.0  0.0  0.0  0.0  0.0  0.0  0.0  0.0  0.0  0.0  0.0
  5.3  0.0  0.0  5.3  0.0  0.0  0.0  0.0  0.0  0.0  0.0  0.0  0.0  0.0  0.0
  0.0  0.0  0.0  0.0  0.0  0.0  0.0  0.0  7.0  0.0  7.0  5.3  8.8  0.0  0.0
  0.0  0.0  0.0  0.0  0.0  0.0  3.5  3.5  1.8  3.5  1.8  0.0  7.0  0.0  0.0
    -22.99     -4.81      1.11     -5.90     -1.17  0.0  0.0  0.0  0.0  0.0
                                      t000102_s6_p5_qjpp.txt 32.0  5.2  220
  4.5  0.0  0.0 77.3  0.0  0.0  0.0  0.0  9.1  9.1  0.0  0.0  0.0  0.0  0.0
  4.5  0.0 13.6  0.0  0.0  0.0363.6140.9 72.7  4.5  4.5  0.0  0.0  0.0  0.0
  0.0  4.5  0.0  0.0  0.0  9.1 13.6  0.0  0.0  4.5  4.5  0.0  0.0  9.1  4.5
  0.0  4.5  4.5  4.5 22.7 18.2 13.6 13.6  0.0  0.0100.0 13.6  0.0 95.5  4.5
 22.7  4.5  0.0  0.0  0.0  0.0  0.0  0.0  0.0  0.0  0.0  0.0  0.0  0.0  0.0
  0.0  0.0  0.0  0.0  4.5  4.5  0.0  0.0  0.0  4.5  0.0  0.0  0.0  0.0  0.0
  0.0  0.0  4.5  0.0  0.0  0.0  0.0  0.0  0.0  0.0  0.0  0.0  0.0  0.0  0.0
  9.1  4.5  0.0 13.6  4.5  0.0  4.5  0.0  0.0  0.0  0.0  0.0  0.0  0.0  0.0
  0.0  0.0  0.0  0.0  0.0  0.0  0.0  0.0  4.5  0.0 18.2  0.0 18.2  0.0  4.5
  0.0  4.5  0.0  0.0  0.0  4.5  4.5 18.2  0.0  0.0  9.1  9.1  4.5  0.0  0.0
    -21.38     -5.38      2.14     -2.37      1.25  0.0  0.0  0.0  0.0  0.0
                                      t000102_s6_p6_qjpp.txt 34.5  5.1  614
 13.0  0.0  0.0 48.9  0.0  0.0  0.0  3.3  3.3  1.6  0.0  0.0  0.0  0.0  0.0
  0.0  0.0  0.0  0.0  0.0  1.6449.5 71.7 58.6  9.8  0.0  3.3  1.6  0.0  0.0
  0.0  0.0  0.0  1.6  1.6  4.9  3.3  1.6  0.0  0.0  0.0  0.0  3.3  1.6  4.9
  0.0  4.9  1.6  0.0  1.6  1.6  4.9  6.5  0.0  0.0 84.7  3.3  1.6 63.5  1.6
  6.5  0.0  0.0  0.0  0.0  0.0  0.0  0.0  0.0  0.0  0.0  0.0  0.0  0.0  0.0
  0.0  0.0  0.0  0.0  0.0  1.6  1.6  0.0  0.0  0.0  0.0  0.0  0.0  0.0  0.0
  0.0  0.0  0.0  1.6  0.0  0.0  0.0  0.0  1.6  0.0  0.0  0.0  0.0  0.0  0.0
  3.3  0.0  0.0  3.3  1.6  1.6  3.3  0.0  0.0  0.0  0.0  0.0  0.0  0.0  0.0
  0.0  0.0  0.0  0.0  0.0  0.0  0.0  0.0  1.6  0.0 16.3  3.3 13.0  1.6  1.6
  0.0  0.0  0.0  0.0  0.0  9.8  1.6  1.6  4.9  9.8  1.6  1.6 16.3  0.0  0.0
    -25.65     -4.48     -0.25     -6.22      2.41  0.0  1.6  0.0  0.0  0.0
                                      t000102_s6_p7_qjpp.txt 34.8  5.4  655
  1.5  0.0  0.0 45.8  0.0  0.0  0.0  0.0  3.1  3.1  0.0  0.0  0.0  0.0  0.0
  0.0  0.0  1.5  1.5  0.0  0.0439.7102.3 55.0 12.2  3.1  1.5  3.1  0.0  0.0
  0.0  0.0  0.0  1.5  0.0 15.3  3.1  1.5  6.1  0.0  0.0  0.0 10.7  6.1  3.1
  3.1  0.0  4.6  1.5  4.6  3.1  1.5 12.2  0.0  0.0 82.4  6.1  0.0 68.7  4.6
  7.6  1.5  0.0  0.0  0.0  0.0  0.0  0.0  0.0  0.0  0.0  0.0  0.0  0.0  0.0
  0.0  0.0  0.0  4.6  0.0  1.5  0.0  0.0  0.0  1.5  0.0  0.0  0.0  0.0  1.5
  0.0  0.0  0.0  0.0  0.0  1.5  0.0  0.0  0.0  1.5  0.0  0.0  0.0  0.0  0.0
  6.1  1.5  0.0  7.6  1.5  1.5  4.6  0.0  0.0  0.0  0.0  0.0  0.0  0.0  0.0
  0.0  0.0  0.0  0.0  0.0  0.0  0.0  0.0 10.7  7.6 24.4  6.1  6.1  0.0  4.6
  0.0  0.0  0.0  0.0  0.0  0.0  3.1 13.7  4.6  1.5  4.6  0.0  3.1  0.0  0.0
    -28.76     -4.33     -0.33     -4.27      7.31  0.0  0.0  0.0  0.0  0.0
                                      t000102_s8_p1_qjpp.txt 32.0  5.1  630
  3.2  0.0  0.0 38.1  0.0  0.0  0.0  1.6  0.0  3.2  0.0  0.0  0.0  0.0  0.0
  0.0  0.0  1.6  1.6  1.6  0.0482.5 65.1 27.0  7.9  1.6  4.8  0.0  0.0  0.0
  1.6  1.6  0.0  1.6  1.6  6.3  1.6  0.0  0.0  0.0  0.0  4.8  1.6  7.9  1.6
  1.6  0.0  1.6  0.0  6.3  1.6  3.2 11.1  1.6  1.6 50.8  1.6  0.0 54.0  3.2
  1.6  0.0  0.0  0.0  0.0  0.0  0.0  0.0  0.0  0.0  0.0  0.0  0.0  0.0  0.0
  0.0  0.0  0.0  1.6  0.0  0.0  1.6  0.0  0.0  0.0  0.0  0.0  0.0  0.0  0.0
  1.6  0.0  0.0  0.0  0.0  0.0  0.0  0.0  0.0  0.0  0.0  0.0  0.0  0.0  0.0
  3.2  0.0  0.0  3.2  1.6  0.0  1.6  0.0  0.0  0.0  0.0  0.0  0.0  0.0  0.0
  0.0  0.0  0.0  0.0  0.0  0.0  0.0  1.6  1.6  1.6 11.1  6.3  6.3  0.0  6.3
  0.0  0.0  3.2  0.0  0.0  0.0  1.6  4.8  0.0  4.8  3.2  0.0  9.5  0.0  0.0
    -24.31     -4.48      1.72     -4.70      0.30  0.0  0.0  0.0  0.0  0.0
                                      t000102_s8_p2_qjpp.txt 32.0  5.2  912
  4.4  0.0  0.0 27.4  0.0  0.0  1.1  0.0  1.1  0.0  0.0  0.0  0.0  0.0  0.0
  0.0  0.0  0.0  1.1  1.1  0.0478.1 80.0 32.9 13.2  3.3  6.6  1.1  0.0  1.1
  2.2  3.3  0.0  2.2  0.0 12.1  2.2  0.0  0.0  0.0  0.0  2.2  3.3  3.3  3.3
  2.2  2.2  4.4  0.0  4.4  0.0  6.6  8.8  1.1  3.3 42.8  4.4  1.1 49.3  1.1
  4.4  0.0  0.0  0.0  0.0  0.0  0.0  0.0  0.0  0.0  0.0  0.0  0.0  0.0  0.0
  0.0  0.0  0.0  1.1  0.0  1.1  2.2  0.0  0.0  0.0  0.0  0.0  0.0  0.0  0.0
  0.0  0.0  0.0  0.0  0.0  0.0  0.0  0.0  0.0  0.0  0.0  0.0  0.0  0.0  0.0
  4.4  0.0  0.0  4.4  0.0  0.0  0.0  0.0  0.0  0.0  0.0  0.0  0.0  0.0  0.0
  0.0  1.1  0.0  0.0  0.0  0.0  0.0  0.0  4.4  0.0  8.8  7.7  8.8  0.0  4.4
  0.0  0.0  1.1  0.0  0.0  0.0  1.1  4.4  2.2  6.6  1.1  0.0  5.5  0.0  0.0
    -27.20     -3.68      3.42     -5.73      2.17  0.0  0.0  0.0  0.0  0.0
                                      t000102_s8_p3_qjpp.txt 30.8  5.1  606
  1.7  0.0  0.0 31.4  0.0  0.0  1.7  0.0  0.0  1.7  0.0  0.0  0.0  0.0  0.0
  0.0  0.0  1.7  5.0  0.0  0.0485.1 94.1 44.6  5.0  1.7  1.7  5.0  0.0  1.7
  0.0  1.7  0.0  0.0  3.3  3.3  0.0  0.0  0.0  0.0  0.0  0.0  1.7  5.0  6.6
  0.0  0.0  1.7  1.7  0.0  1.7  6.6 11.6  0.0  1.7 67.7  1.7  0.0 41.3  1.7
  1.7  0.0  0.0  0.0  0.0  0.0  0.0  0.0  0.0  0.0  0.0  0.0  0.0  0.0  0.0
  0.0  0.0  0.0  1.7  0.0  0.0  0.0  0.0  0.0  0.0  0.0  0.0  0.0  0.0  0.0
  0.0  0.0  0.0  0.0  0.0  1.7  0.0  0.0  0.0  0.0  0.0  0.0  0.0  0.0  0.0
  1.7  0.0  0.0  1.7  0.0  1.7  1.7  0.0  0.0  0.0  0.0  0.0  0.0  0.0  0.0
  0.0  0.0  0.0  0.0  0.0  0.0  0.0  1.7  8.3  0.0 21.5  0.0  0.0  0.0  3.3
  0.0  1.7  0.0  0.0  0.0  0.0  0.0  6.6  6.6  1.7  1.7  0.0  1.7  0.0  0.0
    -27.98     -4.26      1.25     -6.61      3.23  0.0  1.7  0.0  0.0  0.0
                                      t000102_s8_p4_qjpp.txt 30.8  5.7  316
  6.3  0.0  0.0 47.5  0.0  0.0  0.0  0.0  0.0  3.2  0.0  0.0  0.0  0.0  0.0
  0.0  0.0  3.2  0.0  0.0  0.0414.6 91.8 66.5  9.5  0.0  6.3  9.5  0.0  3.2
  0.0  0.0  0.0  3.2  0.0 15.8 19.0  0.0  0.0  0.0  0.0  3.2  0.0  6.3  0.0
  3.2  0.0 12.7  9.5  9.5  3.2  0.0  9.5  0.0  3.2 82.3  0.0  0.0 85.4  3.2
  0.0  0.0  0.0  0.0  0.0  0.0  0.0  0.0  0.0  0.0  0.0  0.0  0.0  0.0  0.0
  0.0  0.0  0.0  0.0  0.0  9.5  3.2  0.0  0.0  0.0  0.0  0.0  0.0  0.0  0.0
  0.0  3.2  0.0  0.0  0.0  0.0  0.0  3.2  0.0  3.2  0.0  0.0  0.0  0.0  0.0
 12.7  0.0  0.0 12.7  3.2  3.2  9.5  0.0  0.0  0.0  0.0  0.0  0.0  0.0  0.0
  0.0  0.0  0.0  0.0  0.0  0.0  0.0  0.0 19.0  6.3 15.8  6.3 19.0  0.0  6.3
  0.0  0.0  0.0  0.0  0.0  0.0  0.0  6.3  6.3  9.5  0.0  0.0  3.2  0.0  0.0
    -28.50     -2.44      0.75     -5.34     -1.65  0.0  0.0  0.0  0.0  0.0
                                      t000102_s8_p5_qjpp.txt 34.0  5.6  310
 19.4  3.2  0.0 35.5  0.0  0.0  0.0  0.0 25.8  3.2  0.0  0.0  0.0  0.0  0.0
  0.0  0.0  3.2  6.5  0.0  3.2383.9141.9 45.2 45.2  0.0  0.0  0.0  0.0  3.2
  0.0  3.2  0.0  0.0  0.0 22.6  0.0  0.0  3.2  0.0  0.0  0.0  3.2  9.7  3.2
  9.7  9.7 16.1  3.2  9.7  3.2 19.4 22.6  0.0  3.2 67.7 25.8  0.0103.2  9.7
  3.2  0.0  0.0  0.0  0.0  0.0  0.0  0.0  0.0  0.0  0.0  0.0  0.0  0.0  0.0
  0.0  0.0  0.0  0.0  0.0 12.9  6.5  0.0  0.0  0.0  0.0  0.0  0.0  0.0  0.0
  0.0  0.0  0.0  0.0  0.0  0.0  0.0  0.0  0.0  0.0  0.0  0.0  0.0  0.0  0.0
 19.4  0.0  0.0 19.4  0.0  0.0  0.0  0.0  0.0  0.0  0.0  0.0  0.0  0.0  0.0
  0.0  0.0  0.0  0.0  0.0  0.0  0.0  0.0 12.9  3.2 16.1  9.7  6.5  0.0  0.0
  0.0  0.0  0.0  0.0  0.0  0.0  3.2 12.9  0.0 16.1  3.2  0.0 12.9  0.0  0.0
    -22.88     -4.24      2.50     -5.56      5.46  3.2  3.2  0.0  0.0  0.0
                                      t000103_s1_p1_qjpp.txt 26.8  5.7  147
  6.8  0.0  0.0 68.0  0.0  0.0  0.0  6.8  6.8  0.0  0.0  0.0  0.0  6.8  0.0
 13.6  0.0  6.8  0.0  0.0  0.0387.8129.3 95.2  6.8  0.0  6.8  0.0  0.0  6.8
  0.0  0.0  0.0  6.8 13.6  6.8  6.8  0.0  6.8  0.0  0.0  6.8  0.0  6.8  0.0
  0.0  0.0  0.0  0.0 13.6  6.8  0.0  6.8  0.0  6.8129.3  6.8  0.0 88.4  0.0
  6.8  0.0  0.0  0.0  0.0  0.0  0.0  0.0  0.0  0.0  0.0  0.0  0.0  0.0  0.0
  0.0  0.0  0.0  0.0  0.0  0.0  0.0  0.0  0.0  0.0  0.0  0.0  0.0  0.0  0.0
  0.0  0.0  0.0  0.0  0.0  0.0  0.0  0.0  0.0  0.0  0.0  0.0  0.0  0.0  0.0
  0.0  0.0  0.0  0.0  0.0  0.0  0.0  0.0  0.0  0.0  0.0  0.0  0.0  0.0  0.0
  0.0  0.0  0.0  0.0  0.0  0.0  0.0  6.8 13.6  0.0  6.8  0.0 13.6  0.0  0.0
  0.0  0.0  0.0  0.0  0.0  0.0 27.2 27.2  6.8 13.6  0.0  0.0  0.0  0.0  0.0
    -18.80     -4.20     -1.96     -1.69     -2.60  0.0  0.0  0.0  0.0  0.0
                                     t000103_s14_p1_qjpp.txt  7.3  5.2 2945
  0.3  0.0  0.0  4.1  0.0  0.0  0.0  0.0  0.3  0.0  0.0  0.0  0.0  0.0  0.0
  0.3  0.0  0.0  0.3  0.0  0.0635.0 26.5 44.8  2.4  0.0  0.0  0.0  0.0  0.0
  0.0  0.3  0.0  0.0  0.0  2.0  0.0  0.0  0.0  0.0  0.0  0.0  0.0  0.0  0.0
  0.0  0.0  0.0  0.0  0.0  0.0  0.7  0.0  0.0  0.0 64.5  0.3  0.0  7.8  0.0
  0.3  0.0  0.0  0.0  0.0  0.0  0.0  0.0  0.0  0.0  0.0  0.0  0.0  0.0  0.0
  0.0  0.0  0.0  0.0  0.0  0.0  0.0  0.0  0.0  0.0  0.0  0.0  0.0  0.0  0.0
  0.0  0.0  0.0  0.0  0.0  0.0  0.0  0.0  0.0  0.0  0.0  0.0  0.0  0.0  0.0
  0.0  0.0  0.0  0.0  0.0  0.0  0.0  0.0  0.0  0.0  0.0  0.0  0.0  0.0  0.0
  0.0  0.0  0.0  0.0  0.0  0.0  0.0  0.3  1.0  1.4  4.4 47.5 14.6  0.3  0.3
  0.0  0.3  0.3  0.0  0.0  0.0  3.1  0.3  0.0  0.0  0.3  0.0  0.0  0.0  0.0
    -32.62     -5.65      0.98     -6.61     -3.63  0.0  0.0  0.0  0.0  0.0
                                    t000103_s14_p10_qjpp.txt 18.8  4.9   88
  0.0  0.0  0.0 22.7  0.0  0.0  0.0  0.0  0.0  0.0  0.0  0.0  0.0  0.0  0.0
  0.0  0.0  0.0  0.0  0.0  0.0590.9 90.9 11.4 34.1  0.0  0.0  0.0  0.0  0.0
  0.0  0.0  0.0  0.0  0.0 11.4  0.0  0.0  0.0  0.0  0.0 11.4  0.0 22.7 11.4
  0.0  0.0  0.0  0.0  0.0  0.0  0.0 34.1  0.0  0.0 11.4  0.0  0.0 56.8  0.0
  0.0  0.0  0.0  0.0  0.0  0.0  0.0  0.0  0.0  0.0  0.0  0.0  0.0  0.0  0.0
  0.0  0.0  0.0  0.0  0.0  0.0  0.0  0.0  0.0  0.0  0.0  0.0  0.0  0.0  0.0
  0.0  0.0  0.0  0.0  0.0  0.0  0.0  0.0  0.0  0.0  0.0  0.0  0.0  0.0  0.0
  0.0  0.0  0.0  0.0  0.0  0.0  0.0  0.0  0.0  0.0  0.0  0.0  0.0  0.0  0.0
  0.0  0.0  0.0  0.0  0.0  0.0  0.0  0.0  0.0  0.0  0.0 11.4 45.5  0.0  0.0
  0.0  0.0  0.0  0.0  0.0  0.0  0.0 11.4  0.0  0.0 11.4  0.0 11.4  0.0  0.0
    -30.97     -4.61      0.33     -2.06      8.56  0.0  0.0  0.0  0.0  0.0
                                    t000103_s14_p11_qjpp.txt 28.0  4.0  251
  4.0  0.0  0.0  4.0  0.0  0.0  0.0  0.0  0.0  0.0  0.0  0.0  0.0  0.0  0.0
  0.0  0.0  0.0  0.0  0.0  0.0366.5147.4 15.9 43.8  0.0  0.0  0.0  0.0  0.0
  0.0  4.0  0.0  8.0  0.0 23.9  0.0  0.0  0.0  0.0  0.0  0.0  0.0 19.9  0.0
  8.0  0.0  0.0  0.0  8.0  0.0  4.0 27.9  0.0  0.0 55.8  0.0  0.0 59.8  4.0
  0.0  0.0  0.0  0.0  0.0  0.0  0.0  0.0  0.0  0.0  0.0  0.0  0.0  0.0  0.0
  0.0  0.0  0.0  0.0  0.0  0.0  0.0  0.0  0.0  0.0  0.0  0.0  0.0  0.0  0.0
  0.0  0.0  0.0  0.0  0.0  0.0  0.0  0.0  0.0  0.0  0.0  0.0  0.0  0.0  0.0
  0.0  0.0  0.0  0.0  0.0  0.0  0.0  0.0  0.0  0.0  0.0  0.0  0.0  0.0  0.0
  0.0  0.0  0.0  0.0  0.0  0.0  0.0  0.0  8.0  4.0  4.0  4.0  4.0 12.0  0.0
  0.0  0.0  0.0  0.0  0.0  8.0  0.0 19.9  0.0  0.0  0.0  0.0  0.0  4.0  0.0
    -25.10     -4.29     -1.19     -6.61      1.96  0.0  0.0  0.0  0.0  0.0
                                    t000103_s14_p12_qjpp.txt 19.8  5.1  100
  0.0  0.0  0.0 10.0  0.0  0.0  0.0  0.0  0.0  0.0  0.0  0.0  0.0  0.0  0.0
  0.0  0.0  0.0  0.0  0.0  0.0410.0150.0 10.0 50.0  0.0 10.0  0.0  0.0  0.0
  0.0  0.0  0.0  0.0  0.0 30.0  0.0  0.0  0.0  0.0  0.0  0.0 10.0 30.0  0.0
 10.0  0.0  0.0  0.0  0.0  0.0  0.0 40.0  0.0  0.0 30.0  0.0  0.0 80.0 10.0
  0.0  0.0  0.0  0.0  0.0  0.0  0.0  0.0  0.0  0.0  0.0  0.0  0.0  0.0  0.0
  0.0  0.0  0.0  0.0  0.0  0.0  0.0  0.0  0.0  0.0  0.0  0.0  0.0  0.0  0.0
  0.0  0.0  0.0  0.0  0.0  0.0  0.0  0.0  0.0  0.0 10.0  0.0  0.0  0.0  0.0
  0.0  0.0  0.0  0.0  0.0  0.0  0.0 10.0  0.0  0.0  0.0  0.0  0.0  0.0  0.0
  0.0  0.0  0.0  0.0  0.0  0.0  0.0 10.0 10.0  0.0 20.0 10.0  0.0 10.0 10.0
  0.0  0.0  0.0  0.0  0.0  0.0  0.0 20.0  0.0  0.0  0.0  0.0  0.0  0.0  0.0
    -29.18     -2.16     -0.73     -6.61     10.39  0.0  0.0  0.0  0.0  0.0
                                    t000103_s14_p13_qjpp.txt 33.3  4.7  312
  0.0  0.0  0.0  3.2  0.0  0.0  0.0  0.0  0.0  0.0  0.0  0.0  0.0  0.0  0.0
  0.0  0.0  0.0  6.4  0.0  0.0445.5 83.3 19.2 38.5  0.0  0.0  0.0  0.0  0.0
  0.0  0.0  0.0  0.0  0.0 32.1  3.2  0.0  0.0  0.0  0.0  0.0  3.2 16.0  3.2
  3.2  6.4  0.0  0.0  3.2  0.0 12.8 22.4  0.0  0.0 54.5  0.0  0.0 57.7  0.0
  0.0  0.0  0.0  0.0  0.0  0.0  0.0  0.0  0.0  0.0  0.0  0.0  0.0  0.0  0.0
  0.0  0.0  0.0  0.0  0.0  0.0  0.0  0.0  0.0  0.0  0.0  0.0  0.0  0.0  0.0
  0.0  0.0  0.0  0.0  0.0  0.0  0.0  0.0  0.0  0.0  0.0  0.0  0.0  0.0  0.0
  0.0  0.0  0.0  0.0  0.0  0.0  0.0  0.0  0.0  0.0  0.0  0.0  0.0  0.0  0.0
  0.0  0.0  0.0  0.0  0.0  0.0  0.0  0.0  0.0  0.0  3.2  6.4 22.4  0.0  0.0
  0.0  0.0  0.0  0.0  0.0  6.4  9.6  9.6  6.4  0.0  0.0  0.0  6.4  0.0  0.0
    -25.95     -4.46     -0.85     -6.61      4.30  0.0  0.0  6.4  0.0  0.0
                                    t000103_s14_p14_qjpp.txt 27.8  5.6  157
  0.0  0.0  0.0  0.0  0.0  0.0  0.0  0.0  0.0  0.0  0.0  0.0  0.0  0.0  0.0
  0.0  0.0  0.0 19.1  0.0  0.0515.9 76.4 19.1 38.2  0.0  6.4  0.0  0.0  0.0
  0.0  0.0  0.0  0.0  0.0 31.8  0.0  0.0  0.0  0.0  0.0  0.0  6.4 19.1  6.4
  6.4  6.4  0.0  6.4  0.0  0.0 25.5 31.8  0.0  0.0 63.7  0.0  0.0 70.1  6.4
  0.0  0.0  0.0  0.0  0.0  0.0  0.0  0.0  0.0  0.0  0.0  0.0  0.0  0.0  0.0
  0.0  0.0  0.0  0.0  0.0  0.0  0.0  0.0  0.0  0.0  0.0  0.0  0.0  0.0  0.0
  0.0  0.0  0.0  0.0  0.0  0.0  0.0  0.0  0.0  0.0  0.0  0.0  0.0  0.0  0.0
  0.0  0.0  0.0  0.0  0.0  0.0  0.0  0.0  0.0  0.0  0.0  0.0  0.0  0.0  0.0
  0.0  0.0  0.0  0.0  0.0  0.0  0.0  0.0  6.4  0.0 12.7 12.7 12.7  0.0  0.0
  0.0  0.0  0.0  0.0  0.0  0.0  0.0 31.8  0.0  0.0  0.0  0.0  6.4  0.0  0.0
    -27.14     -3.25     -0.84     -6.61     10.20  0.0  0.0  0.0  0.0  0.0
                                    t000103_s14_p15_qjpp.txt 26.5  4.2  250
  4.0  0.0  0.0  4.0  0.0  0.0  0.0  0.0  0.0  0.0  0.0  0.0  0.0  0.0  0.0
  0.0  0.0  0.0  0.0  0.0  0.0384.0108.0 44.0 36.0  0.0  0.0  0.0  0.0  0.0
  0.0  0.0  0.0 12.0  0.0 36.0  0.0  0.0  0.0  0.0  0.0  0.0  0.0 40.0  0.0
  4.0  0.0  0.0  0.0  0.0  0.0  0.0 44.0  0.0  0.0 56.0  0.0  0.0 56.0  4.0
  0.0  0.0  0.0  0.0  0.0  0.0  0.0  0.0  0.0  0.0  0.0  0.0  0.0  0.0  0.0
  0.0  0.0  0.0  0.0  0.0  0.0  0.0  0.0  0.0  0.0  0.0  0.0  0.0  0.0  0.0
  0.0  0.0  0.0  0.0  0.0  0.0  0.0  0.0  0.0  0.0  0.0  0.0  0.0  0.0  0.0
  0.0  0.0  0.0  0.0  0.0  0.0  0.0  0.0  0.0  0.0  0.0  0.0  0.0  0.0  0.0
  0.0  0.0  0.0  0.0  0.0  0.0  0.0  4.0  0.0  0.0  4.0 20.0 20.0 28.0 16.0
  0.0  0.0  0.0  0.0  0.0  4.0  8.0 12.0  0.0  4.0  0.0  0.0  4.0  0.0  0.0
    -25.99     -4.54     -4.50     -6.61      3.72  0.0  0.0  0.0  0.0  0.0
                                    t000103_s14_p16_qjpp.txt 28.5  4.2  153
  6.5  0.0  0.0 19.6  0.0  0.0  0.0  0.0  0.0  0.0  0.0  0.0  0.0  0.0  0.0
  0.0  0.0  0.0  0.0  0.0  0.0346.4130.7 19.6 45.8  0.0  0.0  0.0  0.0  0.0
  0.0  0.0  0.0  0.0  0.0 32.7  0.0  0.0  0.0  0.0  0.0  0.0  6.5 19.6  0.0
  0.0  6.5  0.0  6.5  0.0  0.0  6.5 19.6  0.0  0.0 32.7  0.0  0.0 65.4  0.0
  0.0  0.0  0.0  0.0  0.0  0.0  0.0  0.0  0.0  0.0  0.0  0.0  0.0  0.0  0.0
  0.0  0.0  0.0  0.0  0.0  0.0  0.0  0.0  0.0  0.0  0.0  0.0  0.0  0.0  0.0
  0.0  0.0  0.0  0.0  0.0  0.0  0.0  0.0  0.0  0.0  0.0  0.0  0.0  0.0  0.0
  0.0  0.0  0.0  0.0  0.0  0.0  0.0  0.0  0.0  0.0  0.0  0.0  0.0  0.0  0.0
  0.0  0.0  0.0  0.0  0.0  0.0  0.0  0.0  0.0  0.0  0.0  0.0  6.5  6.5  6.5
  0.0  0.0  0.0  0.0  0.0  0.0  0.0 19.6  6.5  0.0  0.0  0.0  0.0  0.0  0.0
    -24.00     -4.22     -0.88     -6.61      3.43  0.0  0.0  0.0  0.0  0.0
                                    t000103_s14_p17_qjpp.txt 35.5  4.8  465
  4.3  0.0  0.0 10.8  0.0  0.0  0.0  0.0  0.0  0.0  0.0  0.0  0.0  0.0  0.0
  2.2  0.0  0.0  2.2  0.0  0.0421.5 83.9 51.6 32.3  0.0  6.5  2.2  0.0  0.0
  0.0  2.2  0.0  6.5  0.0 12.9  0.0  0.0  0.0  0.0  0.0  0.0  2.2 17.2  2.2
  2.2  0.0  0.0  0.0  2.2  0.0  4.3 21.5  0.0  0.0 79.6  0.0  0.0 71.0  8.6
  2.2  0.0  0.0  0.0  0.0  0.0  0.0  0.0  0.0  0.0  0.0  0.0  0.0  0.0  0.0
  0.0  0.0  0.0  0.0  0.0  0.0  0.0  0.0  0.0  0.0  0.0  0.0  0.0  0.0  0.0
  0.0  0.0  0.0  0.0  0.0  0.0  0.0  0.0  0.0  0.0  2.2  0.0  0.0  0.0  0.0
  0.0  0.0  0.0  0.0  0.0  0.0  0.0  2.2  0.0  0.0  0.0  0.0  0.0  0.0  0.0
  0.0  0.0  0.0  0.0  0.0  0.0  0.0  2.2 12.9  4.3  6.5 10.8 15.1  6.5  2.2
  0.0  0.0  0.0  0.0  0.0 10.8  0.0 17.2  0.0  4.3  0.0  0.0  4.3  0.0  0.0
    -26.68     -3.03     -0.81     -6.61      2.67  0.0  0.0  0.0  0.0  0.0
                                    t000103_s14_p18_qjpp.txt 28.0  5.2  152
  6.6  0.0  0.0  0.0  0.0  0.0  0.0  0.0  6.6  0.0  0.0  0.0  0.0  0.0  0.0
  0.0  0.0  0.0  6.6  0.0  0.0440.8131.6 19.7 39.5  0.0  6.6  0.0  0.0  0.0
  0.0  0.0  0.0  0.0  0.0 32.9  0.0  0.0  0.0  0.0  0.0  0.0 13.2 26.3  0.0
 13.2  0.0  0.0  0.0  0.0  0.0  6.6 39.5  0.0  0.0 46.1  6.6  0.0 65.8 13.2
  0.0  0.0  0.0  0.0  0.0  0.0  0.0  0.0  0.0  0.0  0.0  0.0  0.0  0.0  0.0
  0.0  0.0  0.0  0.0  0.0  0.0  0.0  0.0  0.0  0.0  0.0  0.0  0.0  0.0  0.0
  0.0  0.0  0.0  0.0  0.0  0.0  0.0  0.0  0.0  0.0 13.2  0.0  0.0  0.0  0.0
  0.0  0.0  0.0  0.0  0.0  0.0  0.0 13.2  0.0  0.0  0.0  0.0  0.0  0.0  0.0
  0.0  0.0  0.0  0.0  0.0  0.0  0.0 13.2 13.2  0.0 19.7  6.6  6.6  6.6  6.6
  0.0  0.0  0.0  0.0  0.0  0.0  6.6 26.3  0.0  0.0  0.0  0.0  0.0  0.0  0.0
    -28.14     -3.16     -0.90     -6.61     12.83  0.0  0.0  0.0  0.0  0.0
                                    t000103_s14_p19_qjpp.txt 29.8  4.6  264
  3.8  0.0  0.0  7.6  0.0  0.0  0.0  0.0  0.0  0.0  0.0  0.0  0.0  0.0  0.0
  0.0  0.0  0.0  7.6  0.0  0.0420.5102.3 49.2 41.7  0.0  3.8  3.8  0.0  0.0
  0.0  0.0  0.0 11.4  0.0 49.2  0.0  0.0  0.0  0.0  0.0  0.0 11.4 34.1  0.0
  0.0  3.8  0.0  0.0  0.0  0.0 11.4 34.1  0.0  0.0 64.4  0.0  0.0 68.2  3.8
  0.0  0.0  0.0  0.0  0.0  0.0  0.0  0.0  0.0  0.0  0.0  0.0  0.0  0.0  0.0
  0.0  0.0  0.0  0.0  0.0  0.0  0.0  0.0  0.0  0.0  0.0  0.0  0.0  0.0  0.0
  0.0  0.0  0.0  0.0  0.0  0.0  0.0  0.0  0.0  0.0  0.0  0.0  0.0  0.0  0.0
  0.0  0.0  0.0  0.0  0.0  0.0  0.0  0.0  0.0  0.0  0.0  0.0  0.0  0.0  0.0
  0.0  0.0  0.0  0.0  0.0  0.0  0.0  7.6  7.6  7.6 11.4 26.5 15.2 18.9 15.2
  0.0  0.0  0.0  0.0  0.0  3.8  7.6 18.9  3.8 11.4  0.0  0.0  0.0  3.8  0.0
    -26.46     -2.93     -5.07     -6.61      8.64  0.0  0.0  0.0  0.0  0.0
                                     t000103_s14_p2_qjpp.txt  6.0  4.3   28
  0.0  0.0  0.0 71.4  0.0  0.0  0.0  0.0  0.0  0.0  0.0  0.0  0.0  0.0  0.0
  0.0  0.0 35.7  0.0  0.0  0.0357.1 71.4  0.0  0.0  0.0  0.0  0.0  0.0  0.0
  0.0  0.0  0.0  0.0  0.0  0.0  0.0  0.0  0.0  0.0  0.0  0.0  0.0 35.7 35.7
  0.0  0.0  0.0  0.0  0.0 35.7  0.0 71.4  0.0  0.0  0.0  0.0  0.0 71.4  0.0
  0.0  0.0  0.0  0.0  0.0  0.0  0.0  0.0  0.0  0.0  0.0  0.0  0.0  0.0  0.0
  0.0  0.0  0.0  0.0  0.0  0.0  0.0  0.0  0.0  0.0  0.0  0.0  0.0  0.0  0.0
  0.0  0.0  0.0  0.0  0.0  0.0  0.0  0.0  0.0  0.0  0.0  0.0  0.0  0.0  0.0
  0.0  0.0  0.0  0.0  0.0  0.0  0.0  0.0  0.0  0.0  0.0  0.0  0.0  0.0  0.0
  0.0  0.0  0.0  0.0  0.0  0.0  0.0  0.0  0.0  0.0 35.7  0.0  0.0  0.0  0.0
  0.0  0.0  0.0  0.0  0.0  0.0  0.0  0.0  0.0  0.0  0.0  0.0  0.0  0.0  0.0
     -9.90     -5.73      0.97     -6.61     29.26  0.0  0.0  0.0  0.0  0.0
                                    t000103_s14_p20_qjpp.txt 26.8  4.4  133
  0.0  0.0  0.0 15.0  0.0  0.0  0.0  0.0  0.0  0.0  0.0  0.0  0.0  0.0  0.0
  0.0  0.0  0.0  0.0  0.0  0.0383.5127.8 22.6 37.6  0.0  0.0  0.0  0.0  0.0
  0.0  0.0  0.0 15.0  0.0 22.6  0.0  0.0  0.0  0.0  0.0  0.0  0.0 30.1  0.0
  0.0 15.0  0.0  7.5  0.0  0.0 15.0 30.1  0.0  0.0 37.6  0.0  0.0 60.2  0.0
  0.0  0.0  0.0  0.0  0.0  0.0  0.0  0.0  0.0  0.0  0.0  0.0  0.0  0.0  0.0
  0.0  0.0  0.0  0.0  0.0  0.0  0.0  0.0  0.0  0.0  0.0  0.0  0.0  0.0  0.0
  0.0  0.0  0.0  0.0  0.0  0.0  0.0  0.0  0.0  0.0  0.0  0.0  0.0  0.0  0.0
  0.0  0.0  0.0  0.0  0.0  0.0  0.0  0.0  0.0  0.0  0.0  0.0  0.0  0.0  0.0
  0.0  0.0  0.0  0.0  0.0  0.0  0.0  0.0  7.5  0.0  0.0  0.0  7.5  7.5  7.5
  0.0  0.0  0.0  0.0  0.0  0.0  0.0  7.5  7.5  0.0  0.0  0.0  0.0  0.0  0.0
    -26.30     -4.49     -4.60     -6.61      0.93  0.0  0.0  0.0  0.0  0.0
                                    t000103_s14_p21_qjpp.txt 23.3  4.1  300
  3.3  0.0  0.0  6.7  0.0  0.0  0.0  0.0  0.0  0.0  0.0  0.0  0.0  0.0  0.0
  0.0  0.0  0.0  0.0  0.0  0.0380.0130.0 10.0 56.7  0.0  0.0  3.3  0.0  0.0
  0.0  0.0  0.0 16.7  0.0 43.3  0.0  0.0  0.0  0.0  0.0  3.3  0.0 46.7 10.0
  3.3  0.0  0.0  3.3  0.0  0.0  0.0 60.0  0.0  0.0 26.7  0.0  0.0 76.7  0.0
  0.0  0.0  0.0  0.0  0.0  0.0  0.0  0.0  0.0  0.0  0.0  0.0  0.0  0.0  0.0
  0.0  0.0  0.0  0.0  0.0  0.0  0.0  0.0  0.0  0.0  0.0  0.0  0.0  0.0  0.0
  0.0  0.0  0.0  0.0  0.0  0.0  0.0  0.0  0.0  0.0  0.0  0.0  0.0  0.0  0.0
  0.0  0.0  0.0  0.0  0.0  0.0  0.0  0.0  0.0  0.0  0.0  0.0  0.0  0.0  0.0
  0.0  0.0  0.0  0.0  0.0  0.0  0.0  0.0  6.7  0.0  0.0 13.3  6.7 20.0 13.3
  0.0  0.0  0.0  0.0  0.0  0.0  0.0 26.7  0.0  0.0  0.0  0.0  0.0  0.0  0.0
    -24.81     -3.25     -6.25     -5.27     12.21  0.0  0.0  0.0  6.7  0.0
                                    t000103_s14_p22_qjpp.txt 20.8  3.9  180
  0.0  0.0  0.0  0.0  0.0  0.0  0.0  0.0  0.0  0.0  0.0  0.0  0.0  0.0  0.0
  0.0  0.0  0.0  0.0  0.0  0.0338.9105.6 16.7 72.2  0.0  0.0  0.0  0.0  0.0
  0.0  0.0  0.0 11.1  0.0 38.9  5.6  0.0  0.0  0.0  0.0  0.0  0.0 66.7  0.0
  0.0  0.0  0.0 11.1  0.0  0.0  0.0 66.7  0.0  0.0 27.8  0.0  0.0 94.4 11.1
  0.0  0.0  0.0  0.0  0.0  0.0  0.0  0.0  0.0  0.0  0.0  0.0  0.0  0.0  0.0
  0.0  0.0  0.0  0.0  0.0  0.0  0.0  0.0  0.0  0.0  0.0  0.0  0.0  0.0  0.0
  0.0  0.0  0.0  0.0  0.0  0.0  0.0  0.0  0.0  0.0  0.0  0.0  0.0  0.0  0.0
  0.0  0.0  0.0  0.0  0.0  0.0  0.0  0.0  0.0  0.0  0.0  0.0  0.0  0.0  0.0
  0.0  0.0  0.0  0.0  0.0  0.0  0.0  0.0  5.6  5.6  0.0 16.7  0.0  5.6  0.0
  0.0  0.0  0.0  0.0  0.0  5.6  0.0 33.3  5.6  0.0  0.0  0.0  0.0  0.0  0.0
    -23.10     -3.35     -4.41     -6.61      6.47  0.0  0.0  0.0  0.0  0.0
                                    t000103_s14_p23_qjpp.txt 19.8  3.9  200
  0.0  0.0  0.0  0.0  0.0  0.0  0.0  0.0  0.0  0.0  0.0  0.0  0.0  0.0  0.0
  0.0  0.0  0.0  0.0  0.0  0.0350.0110.0  5.0 75.0  0.0  0.0  0.0  0.0  0.0
  0.0  0.0  0.0 10.0  0.0 45.0  5.0  0.0  0.0  0.0  0.0  0.0  0.0 70.0  0.0
  0.0  0.0  0.0 10.0  0.0  0.0  0.0 70.0  0.0  0.0 15.0  0.0  0.0 90.0  5.0
  0.0  0.0  0.0  0.0  0.0  0.0  0.0  0.0  0.0  0.0  0.0  0.0  0.0  0.0  0.0
  0.0  0.0  0.0  0.0  0.0  0.0  0.0  0.0  0.0  0.0  0.0  0.0  0.0  0.0  0.0
  0.0  0.0  0.0  0.0  0.0  0.0  0.0  0.0  0.0  0.0  0.0  0.0  0.0  0.0  0.0
  0.0  0.0  0.0  0.0  0.0  0.0  0.0  0.0  0.0  0.0  0.0  0.0  0.0  0.0  0.0
  0.0  0.0  0.0  0.0  0.0  0.0  0.0  0.0  5.0  0.0  0.0  5.0  0.0 15.0  0.0
  0.0  0.0  0.0  0.0  0.0  0.0  0.0 25.0 10.0  0.0  0.0  0.0  0.0  0.0  0.0
    -22.85     -3.26     -4.44     -6.61      6.98  0.0  0.0  0.0  0.0  0.0
                                    t000103_s14_p24_qjpp.txt 12.3  4.1   76
  0.0  0.0  0.0  0.0  0.0  0.0  0.0  0.0  0.0  0.0  0.0  0.0  0.0  0.0  0.0
  0.0  0.0  0.0  0.0  0.0  0.0315.8144.7  0.0 92.1  0.0  0.0  0.0  0.0  0.0
  0.0  0.0  0.0 26.3  0.0 39.5  0.0  0.0  0.0  0.0  0.0  0.0 13.2 65.8  0.0
  0.0 13.2  0.0  0.0  0.0  0.0 13.2 65.8  0.0  0.0  0.0  0.0  0.0105.3 13.2
  0.0  0.0  0.0  0.0  0.0  0.0  0.0  0.0  0.0  0.0  0.0  0.0  0.0  0.0  0.0
  0.0  0.0  0.0  0.0  0.0  0.0  0.0  0.0  0.0  0.0  0.0  0.0  0.0  0.0  0.0
  0.0  0.0  0.0  0.0  0.0  0.0  0.0  0.0  0.0  0.0  0.0  0.0  0.0  0.0  0.0
  0.0  0.0  0.0  0.0  0.0  0.0  0.0  0.0  0.0  0.0  0.0  0.0  0.0  0.0  0.0
  0.0  0.0  0.0  0.0  0.0  0.0  0.0  0.0 13.2  0.0  0.0  0.0  0.0  0.0  0.0
  0.0  0.0  0.0  0.0  0.0  0.0  0.0 39.5 26.3  0.0  0.0  0.0  0.0  0.0  0.0
    -23.62     -2.70     -8.79     -6.61     14.57  0.0  0.0  0.0  0.0  0.0
                                    t000103_s14_p25_qjpp.txt 18.5  4.8  109
  9.2  0.0  0.0  0.0  0.0  0.0  0.0  0.0  0.0  0.0  0.0  0.0  0.0  0.0  0.0
  0.0  0.0  0.0  0.0  0.0  0.0376.1183.5  9.2 55.0  0.0  0.0  0.0  0.0  0.0
  0.0  9.2  0.0  0.0  0.0 27.5  9.2  0.0  0.0  0.0  0.0  0.0  0.0 45.9  0.0
  9.2  0.0  0.0  0.0  9.2  0.0  9.2 55.0  0.0  0.0 55.0  0.0  0.0 91.7  9.2
  0.0  0.0  0.0  0.0  0.0  0.0  0.0  0.0  0.0  0.0  0.0  0.0  0.0  0.0  0.0
  0.0  0.0  0.0  0.0  0.0  0.0  0.0  0.0  0.0  0.0  0.0  0.0  0.0  0.0  0.0
  0.0  0.0  0.0  0.0  0.0  0.0  0.0  0.0  0.0  0.0  0.0  0.0  0.0  0.0  0.0
  0.0  0.0  0.0  0.0  0.0  0.0  0.0  0.0  0.0  0.0  0.0  0.0  0.0  0.0  0.0
  0.0  0.0  0.0  0.0  0.0  0.0  0.0  0.0 18.3  0.0  9.2  0.0 18.3  0.0  0.0
  0.0  0.0  0.0  0.0  0.0  0.0  0.0 36.7  9.2 27.5  0.0  0.0  0.0  0.0  0.0
    -28.02     -3.92      2.81     -6.61      6.28  0.0  0.0  0.0  0.0  0.0
                                    t000103_s14_p26_qjpp.txt 22.0  4.7  218
  4.6  0.0  0.0 13.8  0.0  0.0  0.0  0.0  0.0  0.0  0.0  0.0  0.0  0.0  0.0
  0.0  0.0  0.0  0.0  0.0  0.0362.4178.9 13.8 50.5  4.6  0.0  0.0  0.0  0.0
  0.0  0.0  0.0  4.6  0.0  0.0  0.0  0.0  0.0  0.0  0.0  0.0  0.0 32.1  0.0
  0.0  9.2  0.0  4.6  0.0  0.0  9.2 32.1  0.0  0.0 13.8  4.6  0.0 73.4  4.6
  0.0  0.0  0.0  0.0  0.0  0.0  0.0  0.0  0.0  0.0  0.0  0.0  0.0  0.0  0.0
  0.0  0.0  0.0  0.0  0.0  0.0  0.0  0.0  0.0  0.0  0.0  0.0  0.0  0.0  0.0
  0.0  0.0  0.0  0.0  0.0  0.0  0.0  0.0  0.0  0.0  0.0  0.0  0.0  0.0  0.0
  0.0  0.0  0.0  0.0  0.0  0.0  0.0  0.0  0.0  0.0  0.0  0.0  0.0  0.0  0.0
  0.0  0.0  0.0  0.0  0.0  0.0  0.0  0.0 18.3  0.0 45.9  4.6  0.0  4.6  0.0
  0.0  0.0  0.0  0.0  0.0  4.6  0.0 22.9  0.0 22.9  0.0  0.0  4.6  0.0  0.0
    -27.50     -3.86     -0.34     -6.61      1.24 13.8  0.0  0.0  0.0  0.0
                                    t000103_s14_p27_qjpp.txt 28.8  4.7  306
  0.0  0.0  0.0  3.3  0.0  0.0  0.0  0.0  0.0  0.0  0.0  0.0  0.0  0.0  0.0
  0.0  0.0  0.0  3.3  0.0  0.0379.1147.1 55.6 58.8  0.0  0.0  0.0  0.0  0.0
  0.0  0.0  0.0  9.8  0.0 16.3  3.3  0.0  0.0  0.0  0.0  0.0  0.0 45.8  0.0
  3.3  6.5  0.0  0.0  0.0  0.0  9.8 49.0  0.0  0.0 81.7  0.0  0.0 78.4  0.0
  0.0  0.0  0.0  0.0  0.0  0.0  0.0  0.0  0.0  0.0  0.0  0.0  0.0  0.0  0.0
  0.0  0.0  0.0  0.0  0.0  0.0  0.0  0.0  0.0  0.0  0.0  0.0  0.0  0.0  0.0
  0.0  0.0  0.0  0.0  0.0  0.0  0.0  0.0  0.0  0.0  3.3  0.0  0.0  0.0  0.0
  0.0  0.0  0.0  0.0  0.0  0.0  0.0  3.3  0.0  0.0  0.0  0.0  0.0  0.0  0.0
  0.0  0.0  0.0  0.0  0.0  0.0  0.0  3.3 29.4  3.3  3.3  3.3  0.0  9.8  0.0
  0.0  0.0  0.0  0.0  0.0  0.0  6.5 13.1  6.5  6.5  0.0  0.0  6.5  3.3  0.0
    -29.05     -3.79     -2.76     -6.61      4.36  0.0  0.0  0.0  0.0  0.0
                                    t000103_s14_p28_qjpp.txt 32.5  4.7  239
  0.0  0.0  0.0  4.2  0.0  0.0  0.0  0.0  0.0  0.0  0.0  0.0  0.0  0.0  0.0
  0.0  0.0  0.0  0.0  0.0  0.0447.7 87.9 29.3 71.1  0.0  0.0  0.0  0.0  0.0
  0.0  0.0  0.0  0.0  0.0 16.7  0.0  0.0  0.0  0.0  0.0  0.0  0.0 25.1  0.0
  0.0  0.0  0.0  0.0  0.0  0.0  0.0 25.1  0.0  0.0 50.2  0.0  0.0 83.7  8.4
  0.0  0.0  0.0  0.0  0.0  0.0  0.0  0.0  0.0  0.0  0.0  0.0  0.0  0.0  0.0
  0.0  0.0  0.0  0.0  0.0  0.0  0.0  0.0  0.0  0.0  0.0  0.0  0.0  0.0  0.0
  0.0  0.0  0.0  0.0  0.0  0.0  0.0  0.0  0.0  0.0  0.0  0.0  0.0  0.0  0.0
  0.0  0.0  0.0  0.0  0.0  0.0  0.0  0.0  0.0  0.0  0.0  0.0  0.0  0.0  0.0
  0.0  0.0  0.0  0.0  0.0  0.0  0.0  0.0  0.0  0.0  4.2 20.9 20.9 16.7  0.0
  0.0  0.0  0.0  0.0  0.0  4.2  0.0 20.9  0.0  0.0  0.0  0.0  0.0  0.0  0.0
    -27.93     -3.39      0.02     -6.61      0.18  0.0  0.0  0.0  0.0  0.0
                                    t000103_s14_p29_qjpp.txt 33.0  5.1  373
  0.0  0.0  0.0  0.0  0.0  0.0  0.0  0.0  0.0  0.0  0.0  0.0  0.0  0.0  0.0
  0.0  0.0  0.0  0.0  0.0  0.0501.3 77.7 26.8 34.9  0.0  0.0  0.0  0.0  0.0
  0.0  0.0  0.0  0.0  0.0  5.4  0.0  0.0  0.0  0.0  0.0  0.0  0.0 29.5  0.0
  8.0  0.0  0.0  2.7  0.0  0.0  0.0 37.5  0.0  0.0 42.9  0.0  0.0 61.7 10.7
  0.0  0.0  0.0  0.0  0.0  0.0  0.0  0.0  0.0  0.0  0.0  0.0  0.0  0.0  0.0
  0.0  0.0  0.0  0.0  0.0  0.0  0.0  0.0  0.0  0.0  0.0  0.0  0.0  0.0  0.0
  0.0  0.0  0.0  0.0  0.0  0.0  0.0  0.0  0.0  0.0  0.0  0.0  0.0  0.0  0.0
  0.0  0.0  0.0  0.0  0.0  0.0  0.0  0.0  0.0  0.0  0.0  0.0  0.0  0.0  0.0
  0.0  0.0  0.0  0.0  0.0  0.0  0.0  5.4  8.0  0.0 16.1 10.7 10.7  5.4  0.0
  0.0  0.0  0.0  0.0  2.7  0.0  0.0 24.1  0.0  0.0  0.0  0.0  0.0  0.0  0.0
    -30.07     -4.58      0.67     -6.61      3.44  2.7  0.0  0.0  0.0  0.0
                                     t000103_s14_p3_qjpp.txt  8.3  5.8   35
  0.0  0.0  0.0 57.1  0.0  0.0  0.0  0.0  0.0  0.0  0.0  0.0  0.0  0.0  0.0
  0.0  0.0  0.0  0.0  0.0  0.0342.9171.4 85.7 57.1  0.0  0.0  0.0  0.0  0.0
  0.0  0.0  0.0  0.0  0.0  0.0 28.6  0.0  0.0  0.0  0.0  0.0  0.0  0.0 28.6
  0.0  0.0 28.6  0.0 28.6  0.0  0.0 28.6  0.0  0.0114.3  0.0  0.0142.9  0.0
  0.0  0.0  0.0  0.0  0.0  0.0  0.0  0.0  0.0  0.0  0.0  0.0  0.0  0.0  0.0
  0.0  0.0  0.0  0.0 28.6  0.0  0.0  0.0  0.0  0.0  0.0  0.0  0.0  0.0  0.0
  0.0  0.0  0.0  0.0  0.0  0.0  0.0  0.0  0.0  0.0  0.0  0.0  0.0  0.0  0.0
 28.6  0.0  0.0 28.6  0.0  0.0  0.0  0.0  0.0  0.0  0.0  0.0  0.0  0.0  0.0
  0.0  0.0  0.0  0.0  0.0  0.0  0.0  0.0 57.1  0.0  0.0 28.6  0.0  0.0  0.0
  0.0  0.0  0.0  0.0  0.0  0.0  0.0  0.0 28.6 28.6  0.0 28.6  0.0  0.0  0.0
    -32.49     -3.85      0.97     -6.61     18.35  0.0  0.0  0.0  0.0  0.0
                                    t000103_s14_p30_qjpp.txt 37.0  4.8  449
  2.2  0.0  0.0  2.2  0.0  0.0  0.0  0.0  0.0  0.0  0.0  0.0  0.0  0.0  0.0
  0.0  0.0  0.0  0.0  0.0  0.0494.4 66.8 24.5 24.5  0.0  0.0  0.0  0.0  0.0
  0.0  0.0  0.0  2.2  0.0  8.9  0.0  0.0  0.0  0.0  0.0  0.0  0.0 13.4  0.0
  2.2  0.0  0.0  0.0  0.0  0.0  0.0 15.6  0.0  0.0 40.1  0.0  0.0 40.1  4.5
  0.0  0.0  0.0  0.0  0.0  0.0  0.0  0.0  0.0  0.0  0.0  0.0  0.0  0.0  0.0
  0.0  0.0  0.0  0.0  0.0  0.0  0.0  0.0  0.0  0.0  0.0  0.0  0.0  0.0  0.0
  0.0  0.0  0.0  0.0  0.0  0.0  0.0  0.0  0.0  0.0  0.0  0.0  0.0  0.0  0.0
  0.0  0.0  0.0  0.0  0.0  0.0  0.0  0.0  0.0  0.0  0.0  0.0  0.0  0.0  0.0
  0.0  0.0  0.0  0.0  0.0  0.0  0.0  0.0  2.2  0.0  2.2  8.9 35.6  0.0  2.2
  0.0  0.0  0.0  0.0  0.0  0.0  0.0 17.8  0.0  0.0  2.2  0.0  0.0  0.0  0.0
    -28.32     -4.92     -0.17     -6.61     -0.88  0.0  0.0  0.0  0.0  0.0
                                    t000103_s14_p31_qjpp.txt 28.3  4.1  183
  5.5  0.0  0.0 10.9  0.0  0.0  0.0  0.0  0.0  0.0  0.0  0.0  0.0  0.0  0.0
  0.0  0.0  0.0  0.0  0.0  0.0360.7136.6 21.9 54.6  0.0  0.0  0.0  0.0  0.0
  0.0  0.0  0.0  5.5  0.0 32.8  0.0  0.0  0.0  0.0  0.0  0.0  0.0 27.3  0.0
  5.5  5.5  0.0  0.0  0.0  0.0  5.5 32.8  0.0  0.0 60.1  0.0  0.0 87.4  5.5
  5.5  0.0  0.0  0.0  0.0  0.0  0.0  0.0  0.0  0.0  0.0  0.0  0.0  0.0  0.0
  0.0  0.0  0.0  0.0  0.0  0.0  0.0  0.0  0.0  0.0  0.0  0.0  0.0  0.0  0.0
  0.0  0.0  0.0  0.0  0.0  0.0  0.0  0.0  0.0  0.0  0.0  0.0  0.0  0.0  0.0
  0.0  0.0  0.0  0.0  0.0  0.0  0.0  0.0  0.0  0.0  0.0  0.0  0.0  0.0  0.0
  0.0  0.0  0.0  0.0  0.0  0.0  0.0  0.0  0.0  5.5  0.0 10.9  0.0 10.9  0.0
  0.0  0.0  0.0  0.0  0.0  5.5  0.0 21.9  0.0  5.5  0.0  0.0  5.5  0.0  0.0
    -24.79     -3.93     -2.45     -6.61      2.28  0.0  0.0  0.0  0.0  0.0
                                    t000103_s14_p32_qjpp.txt 32.3  5.2  277
  0.0  0.0  0.0  7.2  0.0  0.0  0.0  0.0  0.0  0.0  0.0  0.0  0.0  0.0  0.0
  0.0  0.0  0.0  0.0  0.0  0.0480.1 86.6 36.1 46.9  0.0  0.0  0.0  0.0  0.0
  0.0  7.2  0.0  3.6  0.0  3.6  0.0  0.0  0.0  0.0  0.0  3.6  0.0 28.9  0.0
  0.0  0.0  0.0  0.0  0.0  0.0  7.2 28.9  0.0  0.0 61.4  0.0  0.0 65.0  7.2
  0.0  0.0  0.0  0.0  0.0  0.0  0.0  0.0  0.0  0.0  0.0  0.0  0.0  0.0  0.0
  0.0  0.0  0.0  0.0  0.0  0.0  0.0  0.0  0.0  0.0  0.0  0.0  0.0  0.0  0.0
  0.0  0.0  0.0  0.0  0.0  0.0  0.0  0.0  0.0  0.0  0.0  0.0  0.0  0.0  0.0
  0.0  0.0  0.0  0.0  0.0  0.0  0.0  0.0  0.0  0.0  0.0  0.0  0.0  0.0  0.0
  0.0  0.0  0.0  0.0  0.0  0.0  0.0  0.0  7.2  0.0  7.2  3.6 10.8  3.6  7.2
  0.0 10.8  0.0  0.0  0.0  0.0  0.0 14.4  0.0  3.6  0.0  0.0  0.0  0.0  0.0
    -30.44     -4.18      2.41     -5.16      0.75  0.0  0.0  0.0  0.0  0.0
                                    t000103_s14_p33_qjpp.txt 25.5  4.9  290
  0.0  0.0  0.0 13.8  0.0  0.0  0.0  0.0  0.0  0.0  0.0  0.0  0.0  0.0  0.0
  0.0  0.0  0.0  3.4  0.0  0.0517.2 72.4 27.6 31.0  0.0  0.0  0.0  0.0  0.0
  0.0  0.0  0.0  3.4  0.0  0.0  3.4  0.0  0.0  0.0  0.0  3.4  0.0 17.2  0.0
  0.0  0.0  0.0  0.0  0.0  0.0  3.4 17.2  0.0  0.0 48.3  0.0  0.0 48.3  0.0
  0.0  0.0  0.0  0.0  0.0  0.0  0.0  0.0  0.0  0.0  0.0  0.0  0.0  0.0  0.0
  0.0  0.0  0.0  0.0  0.0  0.0  0.0  0.0  0.0  0.0  0.0  0.0  0.0  0.0  0.0
  0.0  0.0  0.0  0.0  0.0  0.0  0.0  0.0  0.0  0.0  0.0  0.0  0.0  0.0  0.0
  0.0  0.0  0.0  0.0  0.0  0.0  0.0  0.0  0.0  0.0  0.0  0.0  0.0  0.0  0.0
  0.0  0.0  0.0  0.0  0.0  0.0  0.0  0.0  3.4  3.4 48.3 27.6 10.3  0.0  3.4
  0.0  0.0  0.0  0.0  0.0  0.0  0.0  6.9  0.0  0.0  0.0  0.0  0.0  0.0  0.0
    -28.63     -4.71     -0.01     -5.23     -1.01  0.0  0.0  0.0  0.0  0.0
                                    t000103_s14_p34_qjpp.txt 23.5  5.3  109
  0.0  0.0  0.0  9.2  0.0  0.0  0.0  0.0  0.0  0.0  0.0  0.0  0.0  0.0  0.0
  0.0  0.0  0.0  0.0  0.0  0.0513.8 73.4 45.9 45.9  0.0  9.2  9.2  0.0  0.0
  0.0  0.0  0.0  9.2  0.0 18.3  0.0  0.0  0.0  0.0  0.0  0.0  9.2 18.3  0.0
  0.0  9.2  0.0  0.0  9.2  0.0  9.2 18.3  0.0  0.0 73.4  0.0  0.0 73.4  0.0
  0.0  0.0  0.0  0.0  0.0  0.0  0.0  0.0  0.0  0.0  0.0  0.0  0.0  0.0  0.0
  0.0  0.0  0.0  0.0  0.0  0.0  0.0  0.0  0.0  0.0  0.0  0.0  0.0  0.0  0.0
  0.0  0.0  0.0  0.0  0.0  0.0  0.0  0.0  0.0  0.0  0.0  0.0  0.0  0.0  0.0
  0.0  0.0  0.0  0.0  0.0  0.0  0.0  0.0  0.0  0.0  0.0  0.0  0.0  0.0  0.0
  0.0  0.0  0.0  0.0  0.0  0.0  0.0  0.0  0.0  0.0 18.3  0.0  9.2  0.0  9.2
  0.0  0.0  0.0  0.0  0.0  0.0  0.0  9.2 27.5  0.0  0.0  0.0  9.2  0.0  0.0
    -31.45     -0.76     -2.69     -6.61      4.89  0.0  0.0  0.0  0.0  0.0
                                    t000103_s14_p35_qjpp.txt 24.0  5.4  110
  0.0  0.0  0.0 18.2  0.0  0.0  0.0  0.0  0.0  0.0  0.0  0.0  0.0  0.0  0.0
  0.0  0.0  0.0  0.0  0.0  0.0454.5 81.8 54.5 36.4  0.0  0.0  0.0  0.0  0.0
  0.0  0.0  0.0  9.1  0.0  0.0  0.0  0.0  0.0  0.0  0.0  0.0  0.0 18.2  0.0
  0.0 18.2  0.0  0.0  0.0  0.0 18.2 18.2  0.0  0.0 63.6  0.0  0.0 90.9  9.1
  0.0  0.0  0.0  0.0  0.0  0.0  0.0  0.0  0.0  0.0  0.0  0.0  0.0  0.0  0.0
  0.0  0.0  0.0  0.0  0.0  0.0  0.0  0.0  0.0  0.0  0.0  0.0  0.0  0.0  0.0
  0.0  0.0  0.0  0.0  0.0  0.0  0.0  0.0  0.0  0.0  0.0  0.0  0.0  0.0  0.0
  0.0  0.0  0.0  0.0  0.0  0.0  0.0  0.0  0.0  0.0  0.0  0.0  0.0  0.0  0.0
  0.0  0.0  0.0  0.0  0.0  0.0  0.0  9.1  0.0  0.0  0.0  0.0  0.0  9.1  9.1
  0.0  0.0  0.0  0.0  0.0 18.2  0.0 27.3 27.3  9.1  0.0  0.0  0.0  0.0  0.0
    -30.49     -4.53     -1.62     -6.61     -0.87  0.0  0.0  0.0  0.0  0.0
                                    t000103_s14_p36_qjpp.txt 30.0  5.3  173
  0.0  0.0  0.0 40.5  0.0  0.0  0.0  0.0  0.0  0.0  5.8  0.0  0.0  0.0  0.0
  0.0  0.0 17.3  0.0  0.0  0.0445.1109.8 52.0 34.7  0.0  0.0  0.0  0.0  0.0
  0.0  0.0  0.0  0.0  0.0 11.6  5.8  0.0  0.0  0.0  0.0  0.0  0.0 34.7  0.0
  0.0  5.8  0.0  0.0 11.6 17.3  5.8 34.7  0.0  0.0 86.7  0.0  0.0 98.3 11.6
  0.0  0.0  0.0  0.0  0.0  0.0  0.0  0.0  0.0  0.0  0.0  0.0  0.0  0.0  0.0
  0.0  0.0  0.0  0.0  0.0  0.0  0.0  0.0  0.0  0.0  0.0  0.0  0.0  0.0  0.0
  0.0  0.0  0.0  0.0  0.0  0.0  0.0  0.0  0.0  0.0  0.0  0.0  0.0  0.0  0.0
  0.0  0.0  0.0  0.0  0.0  0.0  0.0  0.0  0.0  0.0  0.0  0.0  0.0  0.0  0.0
  0.0  0.0  0.0  0.0  0.0  0.0  0.0  0.0 28.9 11.6 17.3  5.8 17.3  5.8  0.0
  0.0  0.0  0.0  0.0  0.0  5.8  0.0 40.5  5.8 23.1  0.0  0.0  0.0  0.0  0.0
    -24.81     -4.59      0.32     -6.61      1.63  0.0  0.0  5.8  0.0  0.0
                                     t000103_s14_p4_qjpp.txt 12.5  4.7   65
  0.0  0.0  0.0 46.2  0.0  0.0  0.0  0.0  0.0  0.0  0.0  0.0  0.0  0.0  0.0
  0.0  0.0  0.0  0.0  0.0  0.0538.5 92.3 15.4 15.4  0.0 15.4 15.4  0.0  0.0
  0.0  0.0  0.0  0.0  0.0  0.0  0.0  0.0  0.0  0.0  0.0  0.0  0.0 30.8  0.0
  0.0  0.0  0.0  0.0 15.4  0.0  0.0 30.8  0.0  0.0 30.8  0.0  0.0 61.5  0.0
  0.0  0.0  0.0  0.0  0.0  0.0  0.0  0.0  0.0  0.0  0.0  0.0  0.0  0.0  0.0
  0.0  0.0  0.0  0.0  0.0  0.0  0.0  0.0  0.0  0.0  0.0  0.0  0.0  0.0  0.0
  0.0  0.0  0.0  0.0  0.0  0.0  0.0  0.0  0.0  0.0  0.0  0.0  0.0  0.0  0.0
  0.0  0.0  0.0  0.0  0.0  0.0  0.0  0.0  0.0  0.0  0.0  0.0  0.0  0.0  0.0
  0.0  0.0  0.0  0.0  0.0  0.0  0.0  0.0  0.0  0.0 15.4 15.4 30.8  0.0  0.0
  0.0  0.0  0.0  0.0  0.0  0.0  0.0  0.0  0.0  0.0  0.0  0.0 15.4  0.0  0.0
    -28.80      0.59      0.97     -6.61      1.04  0.0  0.0  0.0  0.0  0.0
                                     t000103_s14_p5_qjpp.txt 23.3  5.9  123
  0.0  8.1  0.0  0.0  0.0  0.0  8.1  0.0  0.0  0.0  0.0  0.0  0.0  0.0  0.0
  0.0  0.0  0.0 16.3  0.0  0.0455.3146.3 65.0 89.4  0.0 16.3 16.3  0.0  8.1
  0.0  0.0  0.0  0.0  0.0 16.3  0.0  0.0  0.0  0.0  0.0  0.0  8.1 16.3 16.3
  8.1  0.0  0.0  0.0  0.0  0.0 16.3 40.7  0.0  8.1 73.2  0.0  0.0122.0  0.0
  0.0  0.0  0.0  0.0  0.0  0.0  0.0  0.0  0.0  0.0  0.0  0.0  0.0  0.0  0.0
  0.0  0.0  0.0  8.1  0.0  0.0  0.0  0.0  0.0  0.0  0.0  0.0  0.0  0.0  0.0
  0.0  0.0  0.0  0.0  0.0  0.0  0.0  0.0  0.0  0.0  0.0  0.0  0.0  0.0  0.0
  8.1  0.0  0.0  8.1  0.0  0.0  0.0  0.0  0.0  0.0  0.0  0.0  0.0  0.0  0.0
  0.0  0.0  0.0  0.0  0.0  0.0  0.0  8.1 24.4  0.0 48.8  0.0  0.0  0.0  0.0
 16.3  0.0  0.0  0.0  0.0  0.0  0.0 24.4 16.3 16.3  0.0  0.0  0.0  0.0  0.0
    -28.44      3.35      4.11     -6.61     19.05  0.0  0.0  0.0  0.0  0.0
                                     t000103_s14_p6_qjpp.txt 10.3  5.7   47
  0.0  0.0  0.0  0.0  0.0  0.0  0.0  0.0  0.0  0.0  0.0  0.0  0.0  0.0  0.0
  0.0  0.0  0.0  0.0  0.0  0.0468.1212.8  0.0 63.8  0.0  0.0  0.0  0.0  0.0
  0.0  0.0  0.0  0.0  0.0  0.0  0.0  0.0  0.0  0.0  0.0  0.0  0.0 21.3  0.0
  0.0  0.0  0.0  0.0 21.3  0.0  0.0 21.3  0.0  0.0 42.6  0.0  0.0 63.8  0.0
  0.0  0.0  0.0  0.0  0.0  0.0  0.0  0.0  0.0  0.0  0.0  0.0  0.0  0.0  0.0
  0.0  0.0  0.0  0.0  0.0  0.0  0.0  0.0  0.0  0.0  0.0  0.0  0.0  0.0  0.0
  0.0  0.0  0.0  0.0  0.0  0.0  0.0  0.0  0.0  0.0  0.0  0.0  0.0  0.0  0.0
  0.0  0.0  0.0  0.0  0.0  0.0  0.0  0.0  0.0  0.0  0.0  0.0  0.0  0.0  0.0
  0.0  0.0  0.0  0.0  0.0  0.0  0.0 21.3  0.0 21.3 21.3  0.0  0.0 21.3  0.0
 21.3  0.0  0.0  0.0  0.0  0.0  0.0  0.0  0.0  0.0  0.0  0.0  0.0  0.0  0.0
    -34.45     -3.63      0.97     -6.61     -0.40  0.0  0.0  0.0  0.0  0.0
                                     t000103_s14_p7_qjpp.txt 34.3  5.1  248
  0.0  0.0  0.0  8.1  0.0  0.0  0.0  0.0  0.0  0.0  0.0  0.0  0.0  0.0  0.0
  0.0  0.0  0.0  0.0  0.0  0.0524.2 76.6 16.1 40.3  0.0  0.0  0.0  0.0  0.0
  0.0  0.0  0.0  4.0  0.0 16.1  0.0  0.0  0.0  0.0  0.0  0.0  0.0 20.2  4.0
  0.0  4.0  0.0  0.0  0.0  0.0  4.0 24.2  0.0  0.0 48.4  0.0  0.0 64.5  4.0
  0.0  0.0  0.0  0.0  0.0  0.0  0.0  0.0  0.0  0.0  0.0  0.0  0.0  0.0  0.0
  0.0  0.0  0.0  0.0  0.0  0.0  0.0  0.0  0.0  0.0  0.0  0.0  0.0  0.0  0.0
  0.0  0.0  0.0  0.0  0.0  0.0  0.0  0.0  0.0  0.0  0.0  0.0  0.0  0.0  0.0
  0.0  0.0  0.0  0.0  0.0  0.0  0.0  0.0  0.0  0.0  0.0  0.0  0.0  0.0  0.0
  0.0  0.0  0.0  0.0  0.0  0.0  0.0 16.1  8.1  4.0 32.3  4.0 16.1  4.0  0.0
  0.0  0.0  0.0  0.0  0.0  4.0  4.0 16.1  4.0  0.0  0.0  0.0  8.1  0.0  0.0
    -29.75     -4.40     -1.09     -6.61      2.53  0.0  0.0  4.0  0.0  0.0
                                     t000103_s14_p8_qjpp.txt 22.5  5.0  119
  0.0  0.0  0.0 16.8  0.0  0.0  0.0  0.0  0.0  0.0  0.0  0.0  0.0  0.0  0.0
  0.0  0.0  0.0 16.8  0.0  0.0546.2 50.4 58.8 25.2  0.0  0.0  0.0  0.0  0.0
  0.0  0.0  0.0 16.8  0.0  0.0  0.0  0.0  0.0  0.0  0.0  0.0  0.0 16.8  0.0
  0.0  8.4  0.0  0.0  0.0  0.0 25.2 16.8  0.0  0.0 67.2  0.0  0.0 42.0  0.0
  0.0  0.0  0.0  0.0  0.0  0.0  0.0  0.0  0.0  0.0  0.0  0.0  0.0  0.0  0.0
  0.0  0.0  0.0  0.0  0.0  0.0  0.0  0.0  0.0  0.0  0.0  0.0  0.0  0.0  0.0
  0.0  0.0  0.0  0.0  0.0  0.0  0.0  0.0  0.0  0.0  0.0  0.0  0.0  0.0  0.0
  0.0  0.0  0.0  0.0  0.0  0.0  0.0  0.0  0.0  0.0  0.0  0.0  0.0  0.0  0.0
  0.0  0.0  0.0  0.0  0.0  0.0  0.0  0.0  0.0  0.0  0.0  0.0 33.6  0.0  0.0
  0.0  0.0  0.0  0.0  0.0  0.0  8.4  0.0 16.8  0.0  0.0  0.0  8.4  0.0  0.0
    -27.62     -4.90     -3.83     -6.61     -1.08  0.0  0.0  0.0  0.0  0.0
                                     t000103_s14_p9_qjpp.txt 23.8  5.5  165
  0.0  0.0  0.0  6.1  0.0  0.0  0.0  0.0  0.0  0.0  0.0  0.0  0.0  0.0  0.0
  0.0  0.0  0.0  6.1  0.0  0.0654.5 84.8 42.4 36.4  6.1  0.0  0.0  0.0  0.0
  0.0  0.0  0.0  0.0  0.0  0.0  6.1  0.0  0.0  0.0  0.0  0.0  0.0  0.0  0.0
  0.0  0.0  0.0  0.0  0.0  0.0  6.1  0.0  0.0  0.0 48.5  6.1  0.0 54.5  6.1
  6.1  0.0  0.0  0.0  0.0  0.0  0.0  0.0  0.0  0.0  0.0  0.0  0.0  0.0  0.0
  0.0  0.0  0.0  0.0  0.0  0.0  0.0  0.0  0.0  0.0  0.0  0.0  0.0  0.0  0.0
  0.0  0.0  0.0  0.0  0.0  0.0  0.0  0.0  0.0  0.0  0.0  0.0  0.0  0.0  0.0
  0.0  0.0  0.0  0.0  0.0  0.0  0.0  0.0  0.0  0.0  0.0  0.0  0.0  0.0  0.0
  0.0  0.0  0.0  0.0  0.0  0.0  0.0  6.1 42.4  0.0  6.1  6.1  0.0  0.0  6.1
  0.0  0.0  0.0  0.0  0.0  6.1  6.1  0.0  0.0  0.0  0.0  0.0  6.1  0.0  0.0
    -35.02     -4.26      0.97     -6.61     -3.63  0.0  0.0  0.0  0.0  0.0
                                     t000103_s19_p1_qjpp.txt 33.8  4.8  190
 10.5  0.0  0.0 15.8  0.0  0.0 10.5  0.0  5.3  0.0  0.0  0.0  0.0  0.0  0.0
  0.0  0.0  5.3  0.0  0.0  0.0400.0110.5 57.9 31.6  0.0 15.8  0.0  0.0 10.5
  0.0  0.0  0.0  0.0 10.5 21.1  0.0  0.0  0.0  0.0  0.0  0.0  0.0  0.0  0.0
  0.0  0.0  0.0  0.0  0.0  5.3  0.0  0.0  0.0 10.5 57.9  5.3  0.0 73.7  0.0
  0.0  0.0  0.0  0.0  0.0  0.0  0.0  0.0  0.0  0.0  0.0  0.0  0.0  0.0  0.0
  0.0  0.0  0.0  0.0  0.0  0.0  0.0  0.0  0.0  0.0  0.0  0.0  0.0  0.0  0.0
  0.0  0.0  0.0  0.0  0.0  0.0  0.0  0.0  0.0  0.0  0.0  0.0  0.0  0.0  0.0
  0.0  0.0  0.0  0.0  0.0  0.0  0.0  0.0  0.0  0.0  0.0  0.0  0.0  0.0  0.0
  0.0  0.0  0.0  0.0  0.0  0.0  0.0  0.0 21.1  5.3  0.0  0.0 21.1  0.0  0.0
  0.0  0.0  0.0  0.0  0.0  0.0  5.3  0.0  0.0  0.0  0.0  0.0 15.8  0.0  0.0
    -23.92     -1.65      1.94     -6.61     -3.63  0.0  0.0  0.0  0.0  0.0
                                    t000103_s19_p10_qjpp.txt 18.8  4.8  133
 15.0  0.0  0.0 30.1  0.0  0.0  0.0  0.0  0.0  0.0  0.0  0.0  0.0  0.0  0.0
  0.0  0.0 22.6  0.0  0.0  0.0375.9135.3 45.1 30.1  0.0  0.0  0.0  0.0  7.5
  0.0  0.0  0.0  0.0  0.0 22.6  7.5  0.0  0.0  0.0  0.0  0.0  7.5 22.6  7.5
  7.5  0.0 15.0  0.0  0.0 22.6  0.0 37.6  0.0  7.5 52.6  0.0  0.0 90.2  7.5
  0.0  0.0  0.0  0.0  0.0  0.0  0.0  0.0  0.0  0.0  0.0  0.0  0.0  0.0  0.0
  0.0  0.0  0.0  0.0  0.0  0.0 15.0  0.0  0.0  0.0  0.0  0.0  0.0  0.0  0.0
  0.0  0.0  0.0  0.0  7.5  0.0  0.0  0.0  0.0  0.0  0.0  0.0  0.0  0.0  0.0
 15.0  0.0  0.0 15.0  0.0  7.5  7.5  0.0  0.0  0.0  0.0  0.0  0.0  0.0  0.0
  0.0  0.0  0.0  0.0  0.0  0.0  0.0  7.5  7.5  0.0  0.0 30.1 52.6  0.0  0.0
  0.0  0.0  0.0  0.0  0.0  7.5  0.0 15.0  0.0 15.0  0.0  7.5 15.0  0.0  0.0
    -20.20     -4.74      3.45     -6.61     12.70  0.0  0.0  0.0  0.0  0.0
                                    t000103_s19_p11_qjpp.txt 27.0  4.8  189
 26.5  0.0  0.0 42.3  0.0  0.0  0.0  0.0  0.0  0.0  0.0  0.0  0.0  0.0  0.0
  0.0  0.0 10.6  0.0  0.0  0.0407.4127.0 42.3 15.9  0.0  0.0  5.3  0.0  0.0
  0.0  0.0  0.0  0.0  5.3  5.3  5.3  0.0  0.0  0.0  0.0  0.0  5.3  5.3  0.0
  5.3  0.0 15.9  0.0  0.0 10.6  0.0 10.6  0.0  0.0 58.2  0.0  0.0 63.5  0.0
  0.0  0.0  0.0  0.0  0.0  0.0  0.0  0.0  0.0  0.0  0.0  0.0  0.0  0.0  0.0
  0.0  0.0  0.0  5.3  0.0 10.6  5.3  0.0  0.0  0.0  0.0  0.0  5.3  0.0  0.0
  0.0  0.0  0.0  5.3  0.0  0.0  0.0  0.0  0.0  0.0  0.0  0.0  0.0  0.0  0.0
 21.2  0.0  5.3 26.5  5.3  0.0  5.3  0.0  0.0  0.0  0.0  0.0  0.0  0.0  0.0
  0.0  0.0  0.0  0.0  0.0  0.0  0.0  0.0  5.3 15.9 10.6  0.0 10.6  5.3  0.0
  0.0  0.0  0.0  0.0  0.0  0.0  0.0 26.5 10.6 15.9  0.0  0.0  5.3  0.0  0.0
    -22.63     -4.23     -0.88     -6.61      2.19  0.0  0.0  0.0  0.0  0.0
                                    t000103_s19_p12_qjpp.txt 32.8  4.6  301
 16.6  0.0  0.0 29.9  0.0  0.0  0.0  0.0  3.3  0.0  0.0  0.0  0.0  0.0  0.0
  0.0  0.0  3.3  3.3  0.0  0.0418.6139.5 49.8 16.6  0.0  0.0  0.0  0.0  3.3
  0.0  0.0  0.0  0.0  6.6 16.6  6.6  0.0  0.0  0.0  0.0  3.3  0.0  6.6  3.3
  3.3  3.3  6.6  0.0  3.3  3.3  6.6 13.3  0.0  3.3 86.4  3.3  0.0 56.5  3.3
  0.0  0.0  0.0  0.0  0.0  0.0  0.0  0.0  0.0  0.0  0.0  0.0  0.0  0.0  0.0
  0.0  0.0  0.0  0.0  0.0  0.0  6.6  0.0  0.0  0.0  0.0  0.0  0.0  0.0  0.0
  0.0  0.0  0.0  3.3  0.0  0.0  0.0  0.0  0.0  0.0  0.0  0.0  0.0  0.0  0.0
  6.6  0.0  0.0  6.6  3.3  0.0  3.3  0.0  0.0  0.0  0.0  0.0  0.0  0.0  0.0
  0.0  0.0  0.0  0.0  0.0  0.0  0.0  6.6 10.0  0.0 26.6  0.0 23.3  0.0  0.0
  0.0  0.0  0.0  0.0  0.0  0.0  0.0 19.9  3.3  6.6  3.3  0.0 10.0  0.0  0.0
    -25.98     -5.18     -0.26     -5.28      1.01  0.0  0.0  0.0  0.0  0.0
                                    t000103_s19_p13_qjpp.txt 35.0  4.7  295
 16.9  0.0  0.0 13.6  0.0  0.0  0.0  0.0  0.0  0.0  0.0  0.0  0.0  0.0  0.0
  0.0  0.0  0.0  3.4  0.0  0.0383.1132.2 20.3 61.0  0.0 13.6  0.0  0.0  3.4
  3.4  0.0  0.0  3.4  0.0  0.0  3.4  0.0  0.0  0.0  0.0  0.0  0.0 20.3  6.8
  3.4 10.2  0.0  0.0  6.8  0.0 13.6 30.5  0.0  6.8 33.9  0.0  0.0 98.3  6.8
 13.6  0.0  0.0  0.0  0.0  0.0  0.0  0.0  0.0  0.0  0.0  0.0  0.0  0.0  0.0
  0.0  0.0  0.0  0.0  0.0  0.0  0.0  0.0  0.0  0.0  0.0  0.0  0.0  0.0  0.0
  0.0  0.0  0.0  0.0  0.0  0.0  0.0  0.0  0.0  0.0  0.0  0.0  0.0  0.0  0.0
  0.0  0.0  0.0  0.0  0.0  0.0  0.0  0.0  0.0  0.0  0.0  0.0  0.0  0.0  0.0
  0.0  0.0  0.0  0.0  0.0  0.0  0.0  0.0 13.6  0.0 10.2 16.9  6.8 16.9  0.0
  0.0  0.0  0.0  0.0  0.0  0.0  0.0 20.3 13.6 20.3  0.0 10.2 10.2  0.0  0.0
    -24.74     -1.11      4.78     -6.61      5.76  0.0  0.0  0.0  0.0  0.0
                                    t000103_s19_p14_qjpp.txt 31.3  4.7  383
  2.6  0.0  0.0 13.1  0.0  0.0  0.0  0.0  5.2  0.0  2.6  5.2  0.0  0.0  0.0
  0.0  0.0  2.6  7.8  0.0  0.0376.0125.3 31.3 57.4  0.0  7.8  2.6  0.0  0.0
  2.6  0.0  0.0  0.0  2.6 13.1  5.2  0.0  0.0  0.0  0.0  0.0  5.2 31.3  0.0
  0.0  7.8  0.0  5.2  2.6  2.6 20.9 31.3  0.0  2.6 44.4  5.2  0.0 86.2  2.6
  7.8  0.0  0.0  0.0  0.0  0.0  0.0  0.0  0.0  0.0  0.0  0.0  0.0  0.0  0.0
  0.0  0.0  0.0  0.0  0.0  0.0  0.0  0.0  0.0  0.0  0.0  0.0  0.0  0.0  0.0
  0.0  0.0  0.0  0.0  0.0  0.0  0.0  0.0  0.0  0.0  2.6  0.0  0.0  0.0  0.0
  0.0  0.0  0.0  0.0  0.0  0.0  0.0  2.6  0.0  0.0  0.0  0.0  0.0  0.0  0.0
  0.0  0.0  0.0  0.0  0.0  0.0  0.0  0.0 10.4  2.6  7.8  7.8 13.1  5.2  0.0
  0.0  2.6  0.0  0.0  0.0  2.6  0.0 23.5 20.9 28.7  0.0  5.2  2.6  0.0  0.0
    -21.06     -1.85      1.84     -6.61      4.38  0.0  0.0  0.0  0.0  0.0
                                     t000103_s19_p2_qjpp.txt 24.0  4.8  170
  5.9  0.0  0.0 17.6  0.0  0.0  0.0  0.0  0.0  5.9  0.0  0.0  0.0  0.0  0.0
 11.8  0.0  0.0  5.9  0.0  0.0376.5129.4 47.1 47.1  0.0 11.8  0.0  0.0  5.9
  0.0  0.0  0.0  0.0  0.0 11.8  0.0  0.0  0.0  0.0  0.0  0.0  0.0  5.9  0.0
 17.6  0.0  0.0  5.9  5.9  0.0  5.9 23.5  0.0  5.9 58.8  0.0  0.0 94.1  0.0
  0.0  0.0  0.0  0.0  0.0  0.0  0.0  0.0  0.0  0.0  0.0  0.0  0.0  0.0  0.0
  0.0  0.0  0.0  0.0  0.0  0.0  0.0  0.0  0.0  0.0  0.0  0.0  0.0  0.0  0.0
  0.0  0.0  0.0  0.0  0.0  0.0  0.0  0.0  0.0  0.0  0.0  0.0  0.0  0.0  0.0
  0.0  0.0  0.0  0.0  0.0  0.0  0.0  0.0  0.0  0.0  0.0  0.0  0.0  0.0  0.0
  0.0  0.0  0.0  0.0  0.0  0.0  0.0  0.0 35.3 11.8  0.0  0.0 11.8  0.0  0.0
  0.0  0.0  0.0  0.0  0.0  0.0  5.9  5.9  0.0  5.9  0.0  0.0  0.0  0.0  0.0
    -21.29     -1.92      3.25     -6.61      2.96  0.0  0.0  0.0  0.0  0.0
                                     t000103_s19_p3_qjpp.txt 28.0  4.9  208
 19.2  0.0  0.0 24.0  0.0  0.0  0.0  0.0  4.8  0.0  0.0  0.0  0.0  0.0  0.0
  4.8  0.0  4.8  0.0  0.0  0.0408.7125.0 43.3 14.4  0.0  0.0  4.8  0.0  0.0
  0.0  0.0  0.0  0.0  0.0 14.4  9.6  0.0  4.8  0.0  0.0  0.0  0.0  9.6  0.0
 14.4  0.0  9.6  0.0  4.8  4.8  0.0 24.0  0.0  0.0 96.2  4.8  0.0 76.9  4.8
  4.8  0.0  0.0  0.0  0.0  0.0  0.0  0.0  0.0  0.0  0.0  0.0  0.0  0.0  0.0
  0.0  0.0  0.0  4.8  0.0  0.0  4.8  0.0  0.0  0.0  0.0  0.0  0.0  0.0  0.0
  0.0  0.0  0.0  0.0  0.0  0.0  0.0  0.0  0.0  0.0  0.0  0.0  0.0  0.0  0.0
  9.6  0.0  0.0  9.6  0.0  0.0  0.0  0.0  0.0  0.0  0.0  0.0  0.0  0.0  0.0
  0.0  0.0  0.0  0.0  0.0  0.0  0.0  0.0  4.8  4.8  0.0  0.0 24.0 19.2  0.0
  0.0  0.0  0.0  0.0  0.0 14.4  4.8  0.0  4.8 38.5  4.8  0.0  9.6  0.0  0.0
    -23.71     -4.36      0.15     -5.05      2.48  0.0  0.0  4.8  0.0  0.0
                                     t000103_s19_p4_qjpp.txt 28.8  4.9  312
 12.8  0.0  0.0 25.6  0.0  0.0  0.0  0.0  3.2  0.0  0.0  0.0  0.0  0.0  0.0
  0.0  0.0  6.4  9.6  0.0  0.0484.0 83.3 57.7  9.6  0.0  3.2  3.2  0.0  0.0
  0.0  0.0  0.0  3.2  0.0 25.6  0.0  0.0  0.0  0.0  0.0  3.2  9.6  6.4  0.0
  0.0  0.0  6.4  0.0  6.4  6.4  9.6  6.4  0.0  0.0 67.3  3.2  3.2 41.7  6.4
  0.0  0.0  0.0  0.0  0.0  0.0  0.0  0.0  0.0  0.0  0.0  0.0  0.0  0.0  0.0
  0.0  0.0  0.0  0.0  0.0  3.2  3.2  0.0  0.0  0.0  0.0  0.0  0.0  0.0  0.0
  0.0  0.0  0.0  0.0  0.0  0.0  0.0  0.0  0.0  0.0  0.0  0.0  0.0  0.0  0.0
  6.4  0.0  0.0  6.4  0.0  0.0  0.0  0.0  0.0  0.0  0.0  0.0  0.0  0.0  0.0
  0.0  0.0  0.0  0.0  0.0  0.0  0.0  0.0  9.6  0.0  3.2  0.0  0.0  0.0  0.0
  0.0  0.0  0.0  0.0  0.0  6.4  6.4  6.4  3.2  6.4  0.0  0.0  3.2  0.0  0.0
    -24.87     -4.20     -1.40     -5.32      3.35  3.2  0.0  0.0  0.0  0.0
                                     t000103_s19_p5_qjpp.txt 20.0  5.0  143
  7.0  0.0  0.0 28.0  0.0  0.0  0.0  0.0  0.0  0.0  0.0  0.0  0.0  0.0  0.0
  7.0  0.0  0.0 14.0  0.0  0.0440.6132.9 35.0 35.0  0.0  7.0 14.0  0.0  0.0
  0.0  0.0  0.0  0.0  0.0 14.0  0.0  0.0  0.0  0.0  0.0  0.0  7.0  7.0  0.0
  7.0  7.0  7.0  0.0  0.0  0.0 21.0 14.0  0.0  0.0 49.0  0.0  0.0 69.9  0.0
  0.0  0.0  0.0  0.0  0.0  0.0  0.0  0.0  0.0  0.0  0.0  0.0  0.0  0.0  0.0
  0.0  0.0  0.0  7.0  0.0  0.0  0.0  0.0  0.0  0.0  0.0  0.0  0.0  0.0  0.0
  0.0  0.0  0.0  0.0  0.0  0.0  0.0  0.0  0.0  0.0  0.0  0.0  0.0  0.0  0.0
  7.0  0.0  0.0  7.0  0.0  0.0  0.0  0.0  0.0  0.0  0.0  0.0  0.0  0.0  0.0
  0.0  0.0  0.0  0.0  0.0  0.0  0.0  0.0  0.0  0.0 14.0  0.0  0.0  0.0  0.0
  0.0  7.0  0.0  0.0  0.0  7.0  7.0 14.0 14.0  7.0  0.0  0.0  0.0  0.0  0.0
    -23.49     -0.64      0.18     -6.61      4.06  0.0  7.0  7.0  0.0  0.0
                                     t000103_s19_p6_qjpp.txt 34.3  5.0  439
 13.7  0.0  0.0 22.8  0.0  0.0  2.3  2.3  6.8  0.0  0.0  0.0  0.0  0.0  0.0
  0.0  0.0  0.0  2.3  0.0  0.0494.3 66.1 61.5 13.7  0.0  0.0  2.3  0.0  2.3
  0.0  0.0  0.0  2.3  0.0 11.4  4.6  0.0  0.0  0.0  0.0  0.0  2.3  2.3  0.0
  4.6  0.0  2.3  2.3  0.0  0.0  2.3  6.8  0.0  2.3 63.8  6.8  0.0 47.8  4.6
  4.6  0.0  0.0  0.0  0.0  0.0  0.0  0.0  0.0  0.0  0.0  0.0  0.0  0.0  0.0
  0.0  0.0  0.0  0.0  0.0  2.3  0.0  0.0  0.0  0.0  0.0  0.0  0.0  0.0  0.0
  0.0  0.0  0.0  0.0  0.0  0.0  0.0  0.0  0.0  0.0  0.0  0.0  0.0  0.0  0.0
  2.3  0.0  0.0  2.3  0.0  0.0  0.0  0.0  0.0  0.0  0.0  0.0  0.0  0.0  0.0
  0.0  0.0  0.0  0.0  0.0  0.0  0.0  2.3  6.8  2.3  6.8  2.3 11.4  0.0  2.3
  0.0  0.0  0.0  0.0  0.0  4.6  4.6  4.6  4.6 13.7  0.0  0.0  6.8  0.0  0.0
    -27.15     -4.86      0.81     -6.61     -0.39  0.0  0.0  0.0  0.0  0.0
                                     t000103_s19_p7_qjpp.txt 30.8  4.8  300
 10.0  0.0  0.0 30.0  0.0  0.0  0.0  0.0  3.3  3.3  0.0  0.0  0.0  0.0  0.0
  0.0  0.0  3.3 13.3  0.0  0.0423.3103.3 53.3 30.0  3.3  0.0  0.0  0.0  6.7
  3.3  0.0  0.0  3.3  3.3  6.7  3.3  0.0  0.0  0.0  0.0  0.0  3.3 10.0  3.3
  6.7  0.0  3.3  0.0  3.3  3.3 13.3 20.0  0.0 10.0 76.7  6.7  0.0 73.3  3.3
  6.7  3.3  0.0  0.0  0.0  0.0  0.0  0.0  0.0  0.0  0.0  0.0  0.0  0.0  0.0
  0.0  0.0  0.0  0.0  0.0  0.0  3.3  3.3  0.0  0.0  0.0  0.0  0.0  0.0  0.0
  0.0  0.0  0.0  0.0  0.0  0.0  0.0  0.0  0.0  0.0  0.0  0.0  0.0  0.0  0.0
  3.3  3.3  0.0  6.7  0.0  0.0  0.0  0.0  0.0  0.0  0.0  0.0  0.0  0.0  0.0
  0.0  0.0  0.0  0.0  0.0  0.0  0.0  0.0  3.3 16.7  6.7  6.7 16.7  0.0  6.7
  0.0  0.0  0.0  0.0  0.0  6.7  3.3  3.3  0.0 16.7  0.0  6.7 10.0  0.0  0.0
    -23.31     -4.59      5.03     -6.61      4.69  0.0  0.0  6.7  0.0  0.0
                                     t000103_s19_p8_qjpp.txt 28.3  5.0  498
  6.0  0.0  0.0 32.1  0.0  0.0  0.0  0.0  4.0  0.0  4.0  0.0  0.0  0.0  0.0
  0.0  0.0  6.0  8.0  0.0  0.0427.7116.5 68.3 24.1  0.0  0.0  0.0  0.0  6.0
  0.0  0.0  0.0  2.0  0.0 30.1  2.0  0.0  0.0  0.0  0.0  0.0 12.0  4.0  0.0
 10.0  0.0  0.0  0.0  2.0  6.0  8.0 14.1  0.0  6.0 82.3  4.0  0.0 64.3  0.0
  2.0  0.0  0.0  0.0  0.0  0.0  0.0  0.0  0.0  0.0  0.0  0.0  0.0  0.0  0.0
  0.0  0.0  0.0  0.0  0.0  0.0  0.0  0.0  0.0  0.0  0.0  0.0  0.0  0.0  0.0
  0.0  0.0  0.0  0.0  2.0  0.0  0.0  0.0  0.0  0.0  0.0  0.0  0.0  2.0  0.0
  0.0  0.0  0.0  0.0  0.0  2.0  2.0  2.0  0.0  0.0  0.0  0.0  0.0  0.0  0.0
  0.0  0.0  0.0  0.0  0.0  0.0  0.0  0.0  8.0  2.0  4.0  0.0  2.0  0.0  4.0
  0.0  0.0  0.0  0.0  0.0 16.1  4.0  4.0  0.0 14.1  4.0  2.0  2.0  0.0  0.0
    -26.01     -4.94      1.70     -6.61      7.75  0.0  0.0  4.0  0.0  0.0
                                     t000103_s19_p9_qjpp.txt 33.0  4.7  203
  0.0  0.0  0.0 14.8  0.0  0.0  0.0  0.0  4.9  0.0  0.0  0.0  0.0  4.9  0.0
  0.0  0.0  0.0  9.9  0.0  0.0458.1 93.6 34.5 24.6  0.0  0.0  4.9  0.0  0.0
  4.9  0.0  0.0  0.0  0.0 24.6 14.8  0.0  0.0  0.0  0.0  0.0  4.9  4.9  9.9
  0.0  0.0  0.0  4.9  0.0  0.0  9.9 14.8  0.0  4.9 49.3  4.9  0.0 64.0  4.9
  0.0  0.0  0.0  0.0  0.0  0.0  0.0  0.0  0.0  0.0  0.0  0.0  0.0  0.0  0.0
  0.0  0.0  0.0  0.0  0.0  0.0  0.0  0.0  0.0  0.0  0.0  0.0  0.0  0.0  0.0
  0.0  0.0  4.9  0.0  0.0  0.0  0.0  0.0  0.0  0.0  0.0  0.0  0.0  0.0  0.0
  0.0  0.0  0.0  0.0  4.9  0.0  4.9  0.0  0.0  0.0  0.0  0.0  0.0  0.0  0.0
  0.0  0.0  0.0  0.0  0.0  0.0  0.0  0.0 14.8  0.0  0.0  0.0 19.7  4.9  0.0
  0.0  0.0  0.0  0.0  0.0  4.9  4.9  4.9  4.9  9.9  4.9  0.0  0.0  0.0  0.0
    -23.73     -4.01      4.05     -6.61      7.78  0.0  0.0  0.0  0.0  0.0
                                      t000103_s2_p1_qjpp.txt 33.0  4.5  230
  0.0  0.0  0.0 26.1  0.0  0.0  0.0  0.0 21.7  4.3  0.0  0.0  0.0  0.0  0.0
  0.0  0.0  0.0 34.8  0.0  0.0487.0104.3 21.7 21.7  0.0  8.7  4.3  0.0  0.0
  0.0  0.0  0.0  0.0  0.0  8.7  0.0  0.0  0.0  0.0  0.0  0.0  0.0  4.3  8.7
  4.3  0.0  0.0  0.0  0.0  0.0 34.8 17.4  0.0  0.0 26.1 21.7  0.0 52.2  0.0
  0.0  0.0  0.0  0.0  0.0  0.0  0.0  0.0  0.0  0.0  0.0  0.0  0.0  0.0  0.0
  0.0  0.0  0.0  0.0  0.0  0.0  0.0  0.0  0.0  0.0  0.0  0.0  0.0  0.0  0.0
  0.0  0.0  0.0  0.0  0.0  0.0  0.0  0.0  0.0  0.0  0.0  0.0  0.0  0.0  0.0
  0.0  0.0  0.0  0.0  0.0  0.0  0.0  0.0  0.0  0.0  0.0  0.0  0.0  0.0  0.0
  0.0  0.0  0.0  0.0  0.0  0.0  0.0  0.0  8.7  0.0 21.7  0.0  4.3  4.3  0.0
  4.3  0.0  0.0  0.0  0.0  0.0  0.0 13.0 21.7  0.0  0.0  0.0  0.0  0.0  0.0
    -19.52     -2.54      0.48     -6.61      5.12  0.0  0.0  4.3  0.0  0.0
                                      t000103_s6_p1_qjpp.txt 28.0  5.6  231
 13.0  0.0  0.0 26.0  0.0  0.0  0.0  0.0  8.7  0.0  0.0  0.0  0.0  0.0  0.0
  4.3  0.0  8.7  8.7  0.0  0.0368.0129.9 90.9 43.3  0.0  0.0  4.3  0.0  4.3
  0.0 17.3  0.0  0.0  0.0  0.0  4.3  0.0  0.0  0.0  0.0  0.0  0.0  8.7  0.0
  0.0  0.0  0.0  0.0  0.0  8.7 26.0  8.7  0.0  4.3125.5  8.7  0.0 95.2 17.3
  0.0  0.0  0.0  0.0  0.0  0.0  0.0  0.0  0.0  0.0  0.0  0.0  0.0  0.0  0.0
  0.0  0.0  0.0  0.0  0.0  0.0  0.0  0.0  0.0  0.0  0.0  0.0  0.0  0.0  0.0
  0.0  0.0  4.3  0.0  0.0  0.0  0.0  0.0  0.0  0.0  0.0  0.0  0.0  0.0  0.0
  0.0  0.0  0.0  0.0  4.3  0.0  4.3  0.0  0.0  0.0  0.0  0.0  0.0  0.0  0.0
  0.0  0.0  0.0  0.0  0.0  0.0  0.0  4.3 13.0  0.0  8.7  0.0  4.3  0.0  0.0
  0.0  0.0  0.0  0.0  4.3  0.0 13.0  8.7 17.3 13.0 13.0  0.0 17.3  0.0  0.0
    -24.71     -3.50      9.55     -6.61     -2.31  4.3  0.0  4.3  0.0  0.0
                                      t000103_s6_p2_qjpp.txt 31.5  4.9  351
 14.2  0.0  0.0 48.4  0.0  2.8  0.0  0.0  2.8  2.8  0.0  0.0  0.0  0.0  0.0
  0.0  0.0  8.5  2.8  0.0  0.0430.2122.5 45.6 14.2  0.0  0.0  5.7  2.8  2.8
  0.0  0.0  0.0  0.0  0.0 22.8  8.5  2.8  0.0  0.0  0.0  0.0  8.5  5.7  0.0
  5.7  0.0 11.4  0.0  8.5 11.4  2.8 11.4  0.0  5.7 71.2  2.8  0.0 88.3  8.5
  0.0  0.0  0.0  0.0  0.0  0.0  0.0  0.0  0.0  0.0  0.0  0.0  0.0  0.0  0.0
  0.0  0.0  0.0  2.8  0.0  5.7  2.8  0.0  0.0  0.0  0.0  0.0  0.0  0.0  0.0
  0.0  0.0  0.0  0.0  0.0  2.8  0.0  0.0  0.0  0.0  0.0  0.0  0.0  0.0  0.0
 11.4  0.0  0.0 11.4  0.0  2.8  2.8  0.0  0.0  0.0  0.0  0.0  0.0  0.0  0.0
  0.0  0.0  0.0  0.0  0.0  0.0  0.0  0.0  5.7 11.4 11.4  2.8 14.2  0.0  0.0
  0.0  2.8  0.0  0.0  0.0  2.8  2.8  2.8  5.7 17.1  2.8  2.8  2.8  0.0  0.0
    -23.18     -4.20      2.78     -5.93      4.42  0.0  0.0  0.0  0.0  0.0
                                      t000103_s6_p3_qjpp.txt 29.5  4.8  218
  4.6  0.0  0.0 27.5  0.0  0.0  0.0  0.0  0.0  0.0  0.0  0.0  0.0  0.0  0.0
  0.0  0.0  0.0  0.0  0.0  0.0431.2100.9 55.0 13.8  0.0  0.0  4.6  0.0  0.0
  0.0 13.8  0.0  4.6  0.0  9.2  0.0  0.0  0.0  0.0  0.0  0.0  0.0  9.2  4.6
  0.0  0.0  0.0  0.0  0.0  0.0 13.8 13.8  0.0  0.0 87.2  0.0  0.0 59.6  9.2
  0.0  0.0  0.0  0.0  0.0  0.0  0.0  0.0  0.0  0.0  0.0  0.0  0.0  0.0  0.0
  0.0  0.0  0.0  0.0  0.0  0.0  0.0  0.0  0.0  0.0  0.0  0.0  0.0  0.0  0.0
  0.0  0.0  0.0  0.0  0.0  0.0  0.0  0.0  0.0  0.0  0.0  0.0  0.0  0.0  0.0
  0.0  0.0  0.0  0.0  0.0  0.0  0.0  0.0  0.0  0.0  0.0  0.0  0.0  0.0  0.0
  0.0  0.0  0.0  0.0  0.0  0.0  0.0  0.0 13.8  0.0  4.6  0.0  4.6  0.0  4.6
  0.0  0.0  4.6  0.0  0.0  4.6 13.8  4.6  4.6  4.6  0.0  4.6  4.6  0.0  0.0
    -28.51     -4.43      4.24     -6.61      1.29  0.0  4.6  0.0  9.2  0.0
                                      t000103_s6_p4_qjpp.txt 36.3  5.4  273
  0.0  0.0  0.0 33.0  0.0  0.0  0.0  0.0  0.0  0.0  7.3  0.0  0.0  0.0  0.0
  0.0  0.0 14.7  0.0  0.0  0.0465.2106.2 58.6 11.0  0.0  0.0  7.3  0.0  0.0
  0.0  3.7  0.0  0.0 11.0 22.0  7.3  0.0  0.0  0.0  0.0  0.0  0.0 11.0  0.0
  3.7  0.0  0.0  0.0  3.7 14.7  3.7 14.7  0.0  0.0 65.9  0.0  0.0 62.3  7.3
  3.7  0.0  0.0  0.0  0.0  0.0  0.0  0.0  0.0  0.0  0.0  0.0  0.0  0.0  0.0
  0.0  0.0  0.0  0.0  0.0  0.0  0.0  0.0  0.0  0.0  0.0  0.0  0.0  0.0  0.0
  0.0  0.0  0.0  0.0  0.0  0.0  0.0  0.0  0.0  0.0  0.0  0.0  0.0  0.0  0.0
  0.0  0.0  0.0  0.0  0.0  0.0  0.0  0.0  0.0  0.0  0.0  0.0  0.0  0.0  0.0
  0.0  0.0  0.0  0.0  0.0  0.0  0.0  0.0  3.7  3.7  3.7 11.0 14.7  3.7  0.0
  0.0  3.7  0.0  0.0  3.7  3.7 11.0  3.7 11.0  3.7  7.3  3.7  7.3  0.0  0.0
    -26.67     -4.01     -2.15     -6.61     -0.78  3.7  0.0  0.0  0.0  0.0
                                      t000103_s6_p5_qjpp.txt 29.5  5.0  271
  7.4  0.0  0.0 40.6  0.0  0.0  0.0  0.0  7.4  0.0  0.0  3.7  0.0  0.0  0.0
  0.0  0.0  7.4  0.0  0.0  0.0402.2129.2 36.9 25.8  0.0  0.0 11.1  0.0  0.0
  0.0  0.0  0.0  0.0  3.7 33.2  3.7  3.7  3.7  0.0  0.0  0.0 11.1  7.4  0.0
  0.0  0.0 11.1  0.0  7.4 11.1  3.7  7.4  0.0  0.0 84.9  7.4  0.0 81.2  7.4
  3.7  0.0  0.0  0.0  0.0  0.0  0.0  0.0  0.0  0.0  0.0  0.0  0.0  0.0  0.0
  0.0  0.0  0.0  7.4  0.0  3.7  0.0  0.0  0.0  0.0  0.0  0.0  0.0  0.0  0.0
  0.0  0.0  0.0  0.0  0.0  3.7  0.0  0.0  0.0  0.0  0.0  0.0  0.0  0.0  0.0
 11.1  0.0  0.0 11.1  0.0  3.7  3.7  0.0  0.0  0.0  0.0  0.0  0.0  0.0  0.0
  0.0  0.0  0.0  0.0  0.0  0.0  0.0  0.0  3.7  3.7 18.5  7.4 11.1  0.0  0.0
  0.0  0.0  0.0  0.0  0.0  0.0  0.0 11.1 11.1 14.8  3.7  7.4  0.0  0.0  0.0
    -23.14     -2.83     -2.00     -4.54      4.41  3.7  0.0  0.0  0.0  0.0
                                      t000103_s6_p6_qjpp.txt 33.8  4.9  258
  3.9  0.0  0.0 46.5  0.0  0.0  0.0  0.0  0.0  0.0  0.0  0.0  0.0  0.0  0.0
  0.0  0.0  3.9  0.0  0.0  0.0422.5127.9 34.9 15.5  0.0  0.0  7.8  0.0  0.0
  0.0  3.9  0.0  3.9  3.9 19.4  3.9  0.0  0.0  0.0  0.0  0.0  7.8  7.8  0.0
  0.0  0.0  7.8  7.8  3.9  3.9  3.9  7.8  0.0  0.0 73.6  0.0  0.0 69.8  7.8
  3.9  0.0  0.0  0.0  0.0  0.0  0.0  0.0  0.0  0.0  0.0  0.0  0.0  0.0  0.0
  0.0  0.0  0.0  7.8  0.0  0.0  3.9  0.0  0.0  0.0  0.0  0.0  0.0  0.0  0.0
  0.0  0.0  0.0  3.9  0.0  0.0  0.0  0.0  0.0  0.0  0.0  0.0  0.0  0.0  0.0
 11.6  0.0  0.0 11.6  3.9  0.0  3.9  0.0  0.0  0.0  0.0  0.0  0.0  0.0  0.0
  0.0  0.0  0.0  0.0  0.0  0.0  0.0  0.0  7.8  3.9 15.5  0.0 15.5  0.0  0.0
  0.0  0.0  0.0  0.0  0.0  0.0  0.0  3.9 11.6 19.4  0.0  0.0  3.9  0.0  0.0
    -26.96     -3.78     -0.94     -6.61      2.39  0.0  0.0  0.0  0.0  0.0
                                      t000103_s6_p7_qjpp.txt 34.5  5.0  325
  6.2  0.0  0.0 49.2  0.0  0.0  0.0  0.0  3.1  0.0  0.0  9.2  0.0  0.0  0.0
  0.0  0.0  6.2  0.0  0.0  0.0418.5 95.4 64.6 15.4  0.0  3.1  3.1  0.0  0.0
  0.0  0.0  0.0  0.0  0.0  9.2  6.2  0.0  0.0  0.0  0.0  0.0  0.0  9.2  0.0
  3.1  3.1  0.0  0.0  6.2  6.2 12.3 12.3  0.0  0.0 76.9  3.1  6.2 76.9  0.0
  0.0  0.0  0.0  0.0  0.0  0.0  0.0  0.0  0.0  0.0  0.0  0.0  0.0  0.0  0.0
  0.0  0.0  0.0  0.0  0.0  0.0  0.0  0.0  0.0  0.0  0.0  0.0  0.0  0.0  0.0
  0.0  3.1  0.0  0.0  3.1  0.0  0.0  0.0  0.0  0.0  0.0  0.0  0.0  0.0  0.0
  0.0  0.0  0.0  0.0  3.1  3.1  6.2  0.0  0.0  0.0  0.0  0.0  0.0  0.0  0.0
  0.0  0.0  0.0  0.0  0.0  0.0  0.0  9.2 12.3  0.0 12.3  3.1  6.2  3.1  0.0
  0.0  0.0  0.0  0.0  0.0  3.1  3.1  9.2  9.2 21.5  3.1  0.0  3.1  0.0  0.0
    -20.86     -4.06      0.45     -6.61     -1.24  0.0  0.0  0.0  0.0  0.0
                                      t000103_s6_p8_qjpp.txt 34.3  5.3  470
  0.0  0.0  0.0 19.1  0.0  0.0  0.0  0.0  0.0  2.1  0.0  0.0  0.0  2.1  0.0
  0.0  0.0  2.1  0.0  0.0  0.0514.9 87.2 42.6  0.0  0.0  0.0  0.0  2.1  0.0
  0.0  0.0  0.0  2.1  0.0  6.4  8.5  0.0  0.0  0.0  0.0  0.0  4.3  2.1  0.0
  0.0  2.1  0.0  0.0  0.0  2.1  2.1  2.1  0.0  2.1 51.1  0.0  0.0 34.0  6.4
  2.1  0.0  0.0  0.0  0.0  0.0  0.0  0.0  0.0  0.0  0.0  0.0  0.0  0.0  0.0
  0.0  0.0  0.0  0.0  0.0  0.0  0.0  0.0  0.0  0.0  0.0  0.0  0.0  0.0  0.0
  0.0  0.0  0.0  0.0  0.0  0.0  0.0  0.0  0.0  0.0  0.0  0.0  0.0  0.0  0.0
  0.0  0.0  0.0  0.0  0.0  0.0  0.0  0.0  0.0  0.0  0.0  0.0  0.0  0.0  0.0
  0.0  0.0  0.0  0.0  0.0  0.0  0.0  0.0  6.4  0.0 12.8 14.9  8.5  0.0  0.0
  0.0  0.0  0.0  0.0  0.0  0.0  0.0  2.1  2.1  2.1  4.3  4.3  0.0  0.0  0.0
    -29.63     -5.73      1.25     -6.61     -0.64  0.0  0.0  0.0  0.0  0.0
                                      t000103_s6_p9_qjpp.txt 35.8  5.6  286
 10.5  0.0  0.0 45.5  0.0  0.0  3.5  0.0  7.0  0.0  3.5  0.0  0.0  0.0  0.0
  0.0  0.0 10.5 10.5  0.0  0.0451.0129.4 62.9 21.0  0.0  0.0  7.0  0.0  3.5
  0.0  3.5  0.0  0.0 17.5 14.0  0.0  0.0  7.0  0.0  0.0  0.0  3.5  0.0  0.0
  0.0  0.0  0.0  0.0  3.5 10.5 14.0  0.0  0.0  3.5 83.9  7.0  0.0 76.9  3.5
  3.5  0.0  0.0  0.0  0.0  0.0  0.0  0.0  0.0  0.0  0.0  0.0  0.0  0.0  0.0
  0.0  0.0  0.0  0.0  0.0  0.0  0.0  0.0  0.0  0.0  0.0  0.0  0.0  0.0  0.0
  0.0  0.0  0.0  0.0  0.0  0.0  0.0  0.0  0.0  0.0  0.0  0.0  0.0  3.5  0.0
  0.0  0.0  0.0  0.0  0.0  0.0  0.0  3.5  0.0  0.0  0.0  0.0  0.0  0.0  0.0
  0.0  0.0  0.0  0.0  0.0  0.0  0.0  0.0 10.5  7.0 21.0  0.0 14.0  0.0  0.0
  0.0  3.5  0.0  0.0  0.0  0.0  7.0  7.0 21.0  7.0  3.5  3.5 14.0  0.0  0.0
    -24.88     -3.74     -1.92     -4.35     -1.44  3.5  0.0  3.5  0.0  0.0
                                      t000103_s8_p1_qjpp.txt 33.8  5.2  827
  0.0  0.0  0.0 16.9  0.0  0.0  0.0  1.2  1.2  1.2  0.0  0.0  0.0  1.2  0.0
  0.0  0.0  0.0  0.0  0.0  1.2528.4 91.9 53.2  9.7  0.0  0.0  1.2  0.0  0.0
  0.0  1.2  0.0  0.0  2.4  6.0  0.0  0.0  0.0  0.0  0.0  0.0  2.4  4.8  0.0
  0.0  1.2  0.0  0.0  2.4  0.0  2.4  4.8  0.0  0.0 62.9  1.2  0.0 30.2  1.2
  2.4  0.0  0.0  0.0  0.0  0.0  0.0  0.0  0.0  0.0  0.0  0.0  0.0  0.0  0.0
  0.0  0.0  0.0  0.0  0.0  0.0  0.0  0.0  0.0  0.0  0.0  0.0  0.0  0.0  0.0
  0.0  0.0  0.0  0.0  0.0  0.0  0.0  0.0  0.0  0.0  0.0  0.0  0.0  0.0  0.0
  0.0  0.0  0.0  0.0  0.0  0.0  0.0  0.0  0.0  0.0  0.0  0.0  0.0  0.0  0.0
  0.0  0.0  0.0  0.0  0.0  0.0  0.0  2.4  4.8  6.0  2.4  3.6  9.7  1.2  0.0
  0.0  0.0  2.4  0.0  0.0  1.2  6.0  0.0  2.4  1.2  0.0  1.2  1.2  0.0  0.0
    -30.94     -5.19      0.37     -6.61     -1.38  0.0  0.0  0.0  0.0  0.0
                                      t000103_s8_p2_qjpp.txt 37.0  5.0  765
  2.6  0.0  0.0 40.5  0.0  0.0  0.0  0.0  0.0  0.0  0.0  0.0  0.0  1.3  0.0
  0.0  0.0  6.5  3.9  0.0  0.0522.9 65.4 32.7  2.6  0.0  1.3  1.3  0.0  1.3
  2.6  1.3  0.0  0.0  0.0  9.2  1.3  0.0  0.0  0.0  0.0  0.0  2.6  5.2  0.0
  1.3  0.0  1.3  1.3  1.3  6.5  5.2  6.5  0.0  3.9 49.7  0.0  1.3 45.8  0.0
  1.3  0.0  0.0  0.0  0.0  0.0  0.0  0.0  0.0  0.0  0.0  0.0  0.0  0.0  0.0
  0.0  0.0  0.0  1.3  0.0  0.0  0.0  0.0  0.0  0.0  0.0  0.0  0.0  0.0  0.0
  0.0  0.0  0.0  0.0  0.0  0.0  0.0  0.0  0.0  0.0  0.0  0.0  0.0  0.0  0.0
  1.3  0.0  0.0  1.3  0.0  0.0  0.0  0.0  0.0  0.0  0.0  0.0  0.0  0.0  0.0
  0.0  0.0  0.0  0.0  0.0  0.0  0.0  1.3  2.6  1.3  5.2  0.0 15.7  0.0  1.3
  0.0  0.0  0.0  0.0  0.0  0.0  3.9  0.0  9.2  6.5  0.0  1.3  3.9  0.0  0.0
    -25.53     -5.15      3.97     -6.61     -0.78  1.3  0.0  0.0  1.3  0.0
                                      t000103_s8_p3_qjpp.txt 27.5  5.3 1901
  2.6  0.0  0.0 16.3  0.0  0.0  0.0  0.0  1.1  0.0  0.0  0.0  0.0  0.5  0.0
  0.5  0.0  0.0  1.1  0.0  0.0551.3 76.8 55.2  3.2  0.0  0.0  0.0  0.0  0.0
  0.0  0.5  0.0  0.0  0.5  3.7  0.0  0.0  0.5  0.0  0.0  0.0  1.6  0.5  0.5
  2.6  0.5  0.0  1.6  1.1  0.0  2.1  3.7  0.0  0.0 62.6  1.1  0.0 23.1  0.5
  0.5  0.0  0.0  0.0  0.0  0.0  0.0  0.0  0.0  0.0  0.0  0.0  0.0  0.0  0.0
  0.0  0.0  0.0  0.0  0.0  0.0  0.0  0.0  0.0  0.0  0.0  0.0  0.0  0.0  0.0
  0.0  0.0  0.0  0.0  0.0  0.0  0.0  0.0  0.0  0.0  0.0  0.0  0.0  0.0  0.0
  0.0  0.0  0.0  0.0  0.0  0.0  0.0  0.0  0.0  0.0  0.0  0.0  0.0  0.0  0.0
  0.0  0.0  0.0  0.0  0.0  0.0  0.0  0.0  3.2  2.1  3.2  3.7 19.5  0.5  0.5
  0.0  0.0  1.1  0.0  0.0  2.1  5.3  2.1  0.5  3.2  2.1  0.0  2.1  0.0  0.0
    -31.91     -5.62      0.80     -6.44     -1.31  0.0  0.0  0.0  0.5  0.0
                                      t000107_s1_p1_qjpp.txt 27.8  5.8  162
 12.3  0.0  0.0 18.5  0.0  0.0  0.0  0.0  6.2  0.0  0.0  0.0  0.0  0.0  0.0
  0.0  0.0  0.0  0.0  0.0  0.0493.8111.1 74.1 37.0  0.0  0.0  0.0  0.0  0.0
  0.0  0.0  0.0  0.0  0.0 24.7  0.0  0.0  6.2  0.0  0.0  0.0  6.2  0.0  0.0
  6.2  0.0  6.2  0.0  0.0  0.0  0.0  6.2  0.0  0.0 80.2  6.2  0.0 80.2  6.2
  0.0  0.0  0.0  0.0  0.0  0.0  0.0  0.0  0.0  0.0  0.0  0.0  0.0  0.0  0.0
  0.0  0.0  0.0  0.0  0.0  0.0  6.2  0.0  0.0  0.0  0.0  0.0  0.0  0.0  0.0
  0.0  0.0  0.0  0.0  0.0  0.0  0.0  0.0  0.0  0.0  0.0  0.0  0.0  0.0  0.0
  6.2  0.0  0.0  6.2  0.0  0.0  0.0  0.0  0.0  0.0  0.0  0.0  0.0  0.0  0.0
  0.0  0.0  0.0  0.0  0.0  0.0  0.0  6.2 12.3  6.2  6.2  0.0 30.9  0.0  0.0
  0.0  0.0  0.0  0.0  0.0 12.3  0.0  6.2  0.0 12.3  6.2 12.3 12.3  0.0  0.0
    -33.51     -4.51     -0.43     -4.61      2.22  0.0  0.0  0.0  0.0  0.0
                                     t000107_s14_p1_qjpp.txt 25.5  5.2 1716
  1.7  0.0  0.0  9.3  0.0  0.0  0.0  0.0  0.6  0.0  0.0  0.0  0.0  0.0  0.0
  0.0  0.0  0.0  1.7  0.0  0.0676.0 32.6 22.1  5.8  0.0  0.6  0.0  0.0  0.0
  0.0  0.0  0.0  0.0  0.0  7.0  0.6  0.0  0.0  0.0  0.0  0.0  0.0  0.0  0.0
  0.0  0.0  0.0  0.0  1.7  0.0  1.7  0.0  0.0  0.0 33.2  0.6  0.0 21.0  1.7
  0.0  0.0  0.0  0.0  0.0  0.0  0.0  0.0  0.0  0.0  0.0  0.0  0.0  0.0  0.0
  0.0  0.0  0.0  0.0  0.0  0.0  0.0  0.0  0.0  0.0  0.0  0.0  0.0  0.0  0.0
  0.0  0.0  0.6  0.0  0.0  0.0  0.0  0.0  0.0  0.0  0.0  0.0  0.0  0.0  0.0
  0.0  0.0  0.0  0.0  0.6  0.0  0.6  0.0  0.0  0.0  0.0  0.0  0.0  0.0  0.0
  0.0  0.0  0.0  0.0  0.0  0.0  0.0  0.0  2.3  2.3  1.2  6.4  7.6  0.0  0.6
  2.9  0.0  0.6  0.0  0.0  0.6  0.0  0.0  0.0  1.7  1.7  0.0  0.6  0.0  0.0
    -32.44     -5.42      0.58     -6.61     -3.63  0.0  0.0  1.7  0.0  0.0
                                    t000107_s14_p10_qjpp.txt 21.8  4.8  137
  7.3  0.0  0.0 65.7  0.0  0.0  0.0  0.0  0.0  0.0  7.3  0.0  0.0  0.0  0.0
  0.0  0.0  0.0  0.0  0.0  0.0489.1 80.3 14.6 43.8  0.0  0.0  0.0  0.0  0.0
  0.0  0.0  0.0  0.0  0.0  7.3 14.6  7.3  0.0  0.0  0.0  0.0  0.0 21.9  0.0
  0.0  0.0  0.0  0.0  7.3  7.3  0.0 21.9  0.0  0.0 29.2  0.0  0.0131.4  7.3
  7.3  0.0  0.0  0.0  0.0  0.0  0.0  0.0  0.0  0.0  0.0  0.0  0.0  0.0  0.0
  0.0  0.0  0.0  0.0  0.0  0.0  0.0  0.0  0.0  0.0  0.0  0.0  0.0  0.0  0.0
  0.0  0.0  0.0  0.0  0.0  0.0  0.0  0.0  0.0  0.0  0.0  0.0  0.0  0.0  0.0
  0.0  0.0  0.0  0.0  0.0  0.0  0.0  0.0  0.0  0.0  0.0  0.0  0.0  0.0  0.0
  0.0  0.0  0.0  0.0  0.0  0.0  0.0  0.0 21.9  0.0  0.0  7.3  0.0  0.0  0.0
  0.0  0.0  0.0  0.0  0.0  0.0  0.0 29.2  7.3  0.0  0.0  0.0  0.0  7.3  0.0
    -24.89     -4.29      0.56     -4.87     -0.31  0.0  0.0  0.0  0.0  0.0
                                    t000107_s14_p11_qjpp.txt 15.5  4.6   75
  0.0  0.0  0.0  0.0  0.0  0.0  0.0  0.0  0.0  0.0  0.0  0.0  0.0  0.0  0.0
  0.0  0.0  0.0 26.7  0.0  0.0453.3 93.3 26.7 26.7  0.0 13.3  0.0  0.0  0.0
  0.0  0.0  0.0  0.0  0.0  0.0  0.0  0.0  0.0  0.0  0.0  0.0  0.0 13.3  0.0
  0.0  0.0  0.0  0.0  0.0  0.0 26.7 13.3  0.0  0.0 53.3  0.0  0.0 40.0  0.0
  0.0  0.0  0.0  0.0  0.0  0.0  0.0  0.0  0.0  0.0  0.0  0.0  0.0  0.0  0.0
  0.0  0.0  0.0  0.0  0.0  0.0  0.0  0.0  0.0  0.0  0.0  0.0  0.0  0.0  0.0
  0.0  0.0  0.0  0.0  0.0  0.0  0.0  0.0  0.0  0.0 13.3  0.0  0.0  0.0  0.0
  0.0  0.0  0.0  0.0  0.0  0.0  0.0 13.3  0.0  0.0  0.0  0.0  0.0  0.0  0.0
  0.0  0.0  0.0  0.0  0.0  0.0  0.0 13.3 13.3  0.0  0.0  0.0  0.0  0.0  0.0
  0.0  0.0  0.0  0.0  0.0  0.0  0.0 13.3  0.0  0.0  0.0  0.0  0.0  0.0  0.0
    -22.59     -2.29      0.97     -6.61     -1.61  0.0  0.0  0.0  0.0  0.0
                                    t000107_s14_p12_qjpp.txt 25.3  4.5  147
  0.0  0.0  0.0  6.8  0.0  0.0  0.0  0.0  0.0  0.0  0.0  0.0  0.0  0.0  0.0
  0.0  0.0  0.0  6.8  0.0  0.0449.0163.3 20.4 47.6  0.0  6.8  0.0  0.0  0.0
  0.0  0.0  0.0  0.0  0.0  6.8  0.0  0.0  0.0  0.0  0.0  0.0  6.8 20.4  0.0
  0.0  6.8  0.0  0.0  0.0  0.0 13.6 20.4  0.0  0.0 27.2  0.0  0.0 61.2  0.0
  6.8  0.0  0.0  0.0  0.0  0.0  0.0  0.0  0.0  0.0  0.0  0.0  0.0  0.0  0.0
  0.0  0.0  0.0  0.0  0.0  0.0  0.0  0.0  0.0  0.0  0.0  0.0  0.0  0.0  0.0
  0.0  0.0  0.0  0.0  0.0  0.0  0.0  0.0  0.0  0.0  0.0  0.0  0.0  0.0  0.0
  0.0  0.0  0.0  0.0  0.0  0.0  0.0  0.0  0.0  0.0  0.0  0.0  0.0  0.0  0.0
  0.0  0.0  0.0  0.0  0.0  0.0  0.0  0.0 13.6  6.8  6.8  0.0  6.8  0.0  6.8
  0.0  0.0  0.0  0.0  0.0  6.8  0.0 20.4  0.0  0.0  0.0  0.0  0.0  0.0  0.0
    -28.49     -2.85      0.59     -6.61      3.72  0.0  0.0  0.0  0.0  0.0
                                    t000107_s14_p13_qjpp.txt 29.8  5.5  159
  6.3  0.0  0.0  6.3  0.0  0.0  0.0  0.0  0.0  0.0  0.0  0.0  0.0  0.0  0.0
  0.0  0.0  0.0  6.3  0.0  0.0490.6113.2 25.2 50.3  0.0  0.0  0.0  0.0  0.0
  0.0  0.0  0.0  6.3  0.0  6.3  0.0  0.0  0.0  0.0  0.0  0.0  0.0 44.0  0.0
  6.3  6.3  0.0  0.0  0.0  0.0 12.6 50.3  0.0  0.0 50.3  0.0  0.0 88.1  6.3
  0.0  0.0  0.0  0.0  0.0  0.0  0.0  0.0  0.0  0.0  0.0  0.0  0.0  0.0  0.0
  0.0  0.0  0.0  0.0  0.0  0.0  0.0  0.0  0.0  0.0  0.0  0.0  0.0  0.0  0.0
  0.0  0.0  0.0  0.0  0.0  0.0  0.0  0.0  0.0  0.0  6.3  0.0  0.0  0.0  0.0
  0.0  0.0  0.0  0.0  0.0  0.0  0.0  6.3  0.0  0.0  0.0  0.0  0.0  0.0  0.0
  0.0  0.0  0.0  0.0  0.0  0.0  0.0  6.3  0.0  6.3 18.9  0.0 18.9  0.0  0.0
  0.0  0.0  0.0  0.0  0.0  0.0  0.0 18.9  0.0  0.0  0.0  0.0  0.0  0.0  0.0
    -29.92     -4.07     -1.18     -6.61      5.07  0.0  0.0  6.3  0.0  0.0
                                    t000107_s14_p14_qjpp.txt 14.8  4.2   80
  0.0  0.0  0.0 37.5  0.0  0.0  0.0  0.0  0.0  0.0  0.0  0.0  0.0  0.0  0.0
  0.0  0.0  0.0  0.0  0.0  0.0287.5125.0 62.5 25.0  0.0  0.0  0.0  0.0  0.0
  0.0  0.0  0.0  0.0  0.0 12.5  0.0  0.0  0.0  0.0  0.0  0.0  0.0 37.5 12.5
  0.0  0.0  0.0  0.0  0.0  0.0  0.0 50.0  0.0  0.0 87.5  0.0  0.0 75.0  0.0
  0.0  0.0  0.0  0.0  0.0  0.0  0.0  0.0  0.0  0.0  0.0  0.0  0.0  0.0  0.0
  0.0  0.0  0.0  0.0  0.0  0.0  0.0  0.0  0.0  0.0  0.0  0.0  0.0  0.0  0.0
  0.0  0.0  0.0  0.0  0.0  0.0  0.0  0.0  0.0  0.0  0.0  0.0  0.0  0.0  0.0
  0.0  0.0  0.0  0.0  0.0  0.0  0.0  0.0  0.0  0.0  0.0  0.0  0.0  0.0  0.0
  0.0  0.0  0.0  0.0  0.0  0.0  0.0  0.0 25.0  0.0  0.0  0.0  0.0 12.5  0.0
  0.0  0.0  0.0  0.0  0.0  0.0  0.0 12.5 12.5  0.0  0.0  0.0  0.0  0.0  0.0
    -24.48     -4.91      0.26     -6.61     11.67  0.0  0.0  0.0  0.0  0.0
                                    t000107_s14_p15_qjpp.txt 15.0  4.5   76
  0.0  0.0  0.0 39.5  0.0  0.0  0.0  0.0  0.0  0.0  0.0  0.0  0.0  0.0  0.0
  0.0  0.0  0.0 13.2  0.0  0.0421.1 65.8 13.2 65.8  0.0 13.2 13.2  0.0  0.0
  0.0 13.2  0.0 13.2  0.0 26.3 13.2  0.0  0.0  0.0  0.0  0.0  0.0 39.5  0.0
 26.3  0.0  0.0  0.0  0.0  0.0 26.3 65.8  0.0  0.0 26.3  0.0  0.0184.2 13.2
  0.0  0.0  0.0  0.0  0.0  0.0  0.0  0.0  0.0  0.0  0.0  0.0  0.0  0.0  0.0
  0.0  0.0  0.0  0.0  0.0  0.0  0.0  0.0  0.0  0.0  0.0  0.0  0.0  0.0  0.0
  0.0  0.0  0.0  0.0  0.0  0.0  0.0  0.0  0.0  0.0  0.0  0.0  0.0  0.0  0.0
  0.0  0.0  0.0  0.0  0.0  0.0  0.0  0.0  0.0  0.0  0.0  0.0  0.0  0.0  0.0
  0.0  0.0  0.0  0.0  0.0  0.0  0.0  0.0  0.0  0.0  0.0 26.3 26.3 13.2 26.3
  0.0  0.0  0.0  0.0  0.0  0.0  0.0 52.6  0.0  0.0  0.0  0.0  0.0  0.0  0.0
    -21.29      1.40      0.59     -6.61     10.84  0.0  0.0  0.0  0.0  0.0
                                    t000107_s14_p16_qjpp.txt 16.3  4.7   79
  0.0  0.0  0.0  0.0  0.0  0.0  0.0  0.0  0.0  0.0  0.0  0.0  0.0  0.0  0.0
  0.0  0.0  0.0  0.0  0.0  0.0354.4 88.6 63.3 75.9  0.0  0.0  0.0  0.0  0.0
  0.0  0.0  0.0 12.7  0.0 25.3  0.0  0.0  0.0  0.0  0.0  0.0  0.0 50.6  0.0
  0.0  0.0  0.0  0.0  0.0  0.0  0.0 50.6  0.0  0.0 75.9  0.0  0.0 88.6 12.7
  0.0  0.0  0.0  0.0  0.0  0.0  0.0  0.0  0.0  0.0  0.0  0.0  0.0  0.0  0.0
  0.0  0.0  0.0  0.0  0.0  0.0  0.0  0.0  0.0  0.0  0.0  0.0  0.0  0.0  0.0
  0.0  0.0  0.0  0.0  0.0  0.0  0.0  0.0  0.0  0.0  0.0  0.0  0.0  0.0  0.0
  0.0  0.0  0.0  0.0  0.0  0.0  0.0  0.0  0.0  0.0  0.0  0.0  0.0  0.0  0.0
  0.0  0.0  0.0  0.0  0.0  0.0  0.0  0.0  0.0  0.0  0.0 38.0 25.3 12.7  0.0
  0.0  0.0  0.0  0.0  0.0  0.0  0.0 25.3  0.0  0.0  0.0  0.0  0.0  0.0  0.0
    -27.37     -3.23     -4.08     -6.61      4.05  0.0  0.0  0.0  0.0  0.0
                                    t000107_s14_p17_qjpp.txt 33.0  4.8  227
  8.8  0.0  0.0 13.2  0.0  0.0  0.0  4.4  0.0  0.0  0.0  0.0  0.0  0.0  0.0
  0.0  0.0  0.0  0.0  0.0  0.0427.3 92.5 48.5 30.8  0.0  4.4  4.4  0.0  0.0
  0.0  0.0  0.0  0.0 13.2 22.0  4.4  0.0  0.0  0.0  0.0  4.4  0.0 13.2  0.0
  0.0  0.0  0.0  0.0  0.0  0.0  0.0 13.2  0.0  0.0 70.5  0.0  0.0 57.3  0.0
  4.4  0.0  0.0  0.0  0.0  0.0  0.0  0.0  0.0  0.0  0.0  0.0  0.0  0.0  0.0
  0.0  0.0  0.0  0.0  0.0  0.0  0.0  0.0  0.0  0.0  0.0  0.0  0.0  0.0  0.0
  0.0  0.0  0.0  0.0  0.0  0.0  0.0  0.0  0.0  0.0  0.0  0.0  0.0  0.0  0.0
  0.0  0.0  0.0  0.0  0.0  0.0  0.0  0.0  0.0  0.0  0.0  0.0  0.0  0.0  0.0
  0.0  0.0  0.0  0.0  0.0  0.0  0.0  4.4  4.4  8.8  4.4  0.0 26.4  0.0  4.4
  0.0  0.0  0.0  0.0  0.0 13.2  0.0  4.4  8.8  8.8  0.0  0.0 22.0  0.0  0.0
    -26.59     -3.05     -4.16     -4.84     -1.62  0.0  0.0  0.0  0.0  0.0
                                    t000107_s14_p18_qjpp.txt 21.3  5.2  127
  7.9  0.0  0.0 15.7  0.0  0.0  0.0  0.0  7.9  0.0  0.0  0.0  0.0  0.0  0.0
  0.0  0.0  0.0  0.0  0.0  0.0378.0149.6 86.6 63.0  0.0  7.9 15.7  0.0  0.0
  0.0  7.9  0.0  7.9  0.0  0.0  7.9  0.0  0.0  0.0  0.0  0.0  0.0 31.5  0.0
  7.9  0.0  7.9  0.0  0.0  0.0  7.9 39.4  0.0  0.0 94.5  7.9  0.0126.0  0.0
  0.0  0.0  0.0  0.0  0.0  0.0  0.0  0.0  0.0  0.0  0.0  0.0  0.0  0.0  0.0
  0.0  0.0  0.0  0.0  0.0  7.9  0.0  0.0  0.0  0.0  0.0  0.0  0.0  0.0  0.0
  0.0  0.0  0.0  0.0  0.0  0.0  0.0  0.0  0.0  0.0  0.0  0.0  0.0  0.0  0.0
  7.9  0.0  0.0  7.9  0.0  0.0  0.0  0.0  0.0  0.0  0.0  0.0  0.0  0.0  0.0
  0.0  0.0  0.0  0.0  0.0  0.0  0.0  0.0  7.9  7.9 15.7  7.9  7.9  0.0  0.0
  0.0  0.0  0.0  0.0  0.0 15.7  0.0 15.7  0.0 15.7  0.0  0.0  0.0  0.0  0.0
    -31.23      0.77      1.64     -6.61      3.69  0.0  0.0  0.0  0.0  0.0
                                    t000107_s14_p19_qjpp.txt 23.8  4.4  159
  0.0  0.0  0.0  6.3  0.0  0.0  0.0  0.0  0.0  0.0  0.0  0.0  0.0  0.0  0.0
  0.0  0.0  0.0  0.0  0.0  0.0427.7119.5 44.0 56.6  0.0  0.0  0.0  0.0  0.0
  0.0  6.3  0.0 12.6 12.6  6.3  0.0  0.0  0.0  0.0  0.0  0.0  0.0 44.0  6.3
  0.0  6.3  0.0  0.0  0.0  0.0 12.6 50.3  0.0  0.0 44.0  0.0  0.0 88.1  6.3
  0.0  0.0  0.0  0.0  0.0  0.0  0.0  0.0  0.0  0.0  0.0  0.0  0.0  0.0  0.0
  0.0  0.0  0.0  0.0  0.0  0.0  0.0  0.0  0.0  0.0  0.0  0.0  0.0  0.0  0.0
  0.0  0.0  0.0  0.0  0.0  0.0  0.0  0.0  0.0  0.0  0.0  0.0  0.0  0.0  0.0
  0.0  0.0  0.0  0.0  0.0  0.0  0.0  0.0  0.0  0.0  0.0  0.0  0.0  0.0  0.0
  0.0  0.0  0.0  0.0  0.0  0.0  0.0  0.0 25.2  0.0  0.0  0.0 12.6 25.2 12.6
  0.0  0.0  0.0  0.0  0.0  0.0  0.0 18.9  0.0  0.0  0.0  0.0  0.0  0.0  0.0
    -28.54     -3.87     -4.35     -6.61      7.88  0.0  0.0  0.0  0.0  0.0
                                     t000107_s14_p2_qjpp.txt  6.0  5.1   28
  0.0  0.0  0.0 71.4  0.0  0.0  0.0  0.0  0.0  0.0  0.0  0.0  0.0  0.0  0.0
  0.0  0.0  0.0  0.0  0.0  0.0321.4 71.4  0.0  0.0  0.0  0.0  0.0  0.0  0.0
  0.0  0.0  0.0  0.0  0.0  0.0  0.0 35.7  0.0  0.0 35.7  0.0  0.0 35.7 35.7
  0.0  0.0  0.0  0.0  0.0 71.4  0.0 71.4  0.0  0.0  0.0  0.0  0.0 71.4  0.0
  0.0  0.0  0.0  0.0  0.0  0.0  0.0  0.0  0.0  0.0  0.0  0.0  0.0  0.0  0.0
  0.0  0.0  0.0  0.0  0.0  0.0  0.0  0.0  0.0  0.0  0.0  0.0  0.0  0.0  0.0
  0.0  0.0  0.0  0.0  0.0  0.0  0.0  0.0  0.0  0.0  0.0  0.0  0.0  0.0  0.0
  0.0  0.0  0.0  0.0  0.0  0.0  0.0  0.0  0.0  0.0  0.0  0.0  0.0  0.0  0.0
  0.0  0.0  0.0  0.0  0.0  0.0  0.0  0.0  0.0  0.0 35.7  0.0  0.0  0.0  0.0
  0.0  0.0  0.0  0.0  0.0  0.0  0.0  0.0  0.0  0.0  0.0  0.0  0.0  0.0  0.0
    -21.16     -5.73      0.97     18.91     29.26  0.0  0.0  0.0  0.0  0.0
                                    t000107_s14_p20_qjpp.txt 21.5  5.2  130
  0.0  0.0  0.0  0.0  0.0  0.0  0.0  0.0  7.7  0.0  0.0  0.0  0.0  0.0  0.0
  0.0  0.0  0.0  7.7  0.0  0.0561.5115.4 23.1 61.5  0.0  7.7  0.0  0.0  0.0
  0.0  0.0  0.0  7.7  0.0  7.7  0.0  0.0  0.0  0.0  0.0  7.7  0.0 15.4  7.7
  7.7  0.0  0.0  0.0  0.0  0.0  7.7 30.8  0.0  0.0 46.2  7.7  0.0 92.3  0.0
  0.0  0.0  0.0  0.0  0.0  0.0  0.0  0.0  0.0  0.0  0.0  0.0  0.0  0.0  0.0
  0.0  0.0  0.0  0.0  0.0  0.0  0.0  0.0  0.0  0.0  0.0  0.0  0.0  0.0  0.0
  0.0  0.0  0.0  0.0  0.0  0.0  0.0  0.0  0.0  0.0  0.0  0.0  0.0  0.0  0.0
  0.0  0.0  0.0  0.0  0.0  0.0  0.0  0.0  0.0  0.0  0.0  0.0  0.0  0.0  0.0
  0.0  0.0  0.0  0.0  0.0  0.0  0.0  0.0  7.7  0.0 38.5  0.0  0.0 23.1  0.0
  0.0  0.0  0.0  0.0  0.0  7.7  0.0 15.4  0.0  0.0  0.0  7.7  0.0  0.0  0.0
    -31.25     -2.22     -1.66     -3.53      7.10  0.0  0.0  0.0  0.0  0.0
                                    t000107_s14_p21_qjpp.txt 30.8  4.8  209
 14.4  0.0  0.0 19.1  0.0  0.0  0.0  0.0  0.0  0.0  0.0  0.0  0.0  0.0  0.0
  0.0  0.0  0.0  0.0  0.0  0.0397.1138.8 23.9 43.1  0.0  0.0  0.0  0.0  0.0
  0.0  0.0  0.0  4.8  4.8  0.0  4.8  0.0  0.0  0.0  0.0  0.0  0.0 28.7  9.6
  0.0  4.8  0.0  4.8  0.0  0.0  4.8 38.3  0.0  0.0 38.3  0.0  0.0 76.6  0.0
  0.0  0.0  0.0  0.0  0.0  0.0  0.0  0.0  0.0  0.0  0.0  0.0  0.0  0.0  0.0
  0.0  0.0  0.0  0.0  0.0  0.0  0.0  0.0  0.0  0.0  0.0  0.0  0.0  0.0  0.0
  0.0  0.0  0.0  0.0  0.0  0.0  0.0  0.0  0.0  0.0  0.0  0.0  0.0  0.0  0.0
  0.0  0.0  0.0  0.0  0.0  0.0  0.0  0.0  0.0  0.0  0.0  0.0  0.0  0.0  0.0
  0.0  0.0  0.0  0.0  0.0  0.0  0.0  0.0 14.4  0.0 33.5  4.8 23.9  0.0  0.0
  0.0  0.0  0.0  4.8  0.0  4.8  0.0 19.1  4.8 19.1  0.0  0.0  4.8  0.0  0.0
    -26.56     -4.31     -1.80     -6.61      8.08  0.0  0.0  0.0  0.0  0.0
                                    t000107_s14_p22_qjpp.txt 23.8  4.7  113
  0.0  0.0  0.0 35.4  0.0  0.0  0.0  0.0  0.0  0.0  0.0  0.0  0.0  0.0  0.0
  0.0  0.0  0.0  0.0  0.0  0.0451.3 97.3 26.5 70.8  0.0  8.8  0.0  0.0  0.0
  0.0  0.0  0.0  0.0  0.0  8.8  0.0  0.0  0.0  0.0  0.0  0.0  0.0 61.9  0.0
  0.0  0.0  0.0  0.0  0.0  0.0  0.0 61.9  0.0  0.0 35.4  0.0  0.0141.6 26.5
  0.0  0.0  0.0  0.0  0.0  0.0  0.0  0.0  0.0  0.0  0.0  0.0  0.0  0.0  0.0
  0.0  0.0  0.0  0.0  0.0  0.0  0.0  0.0  0.0  0.0  0.0  0.0  0.0  0.0  0.0
  0.0  0.0  0.0  0.0  0.0  0.0  0.0  0.0  0.0  0.0  0.0  0.0  0.0  0.0  0.0
  0.0  0.0  0.0  0.0  0.0  0.0  0.0  0.0  0.0  0.0  0.0  0.0  0.0  0.0  0.0
  0.0  0.0  0.0  0.0  0.0  0.0  0.0  0.0  0.0  0.0  8.8  0.0 17.7  0.0  0.0
  0.0  0.0  0.0  0.0  0.0  0.0  0.0 44.2  0.0  8.8  0.0  0.0  0.0  0.0  0.0
    -27.25     -1.70      0.47     -6.61      5.76  0.0  0.0  0.0  0.0  0.0
                                    t000107_s14_p23_qjpp.txt 38.3  5.0  209
  9.6  0.0  0.0 23.9  0.0  0.0  0.0  4.8  0.0  0.0  0.0  0.0  0.0  0.0  0.0
  0.0  0.0  0.0  0.0  0.0  0.0425.8 86.1 47.8 62.2  0.0  4.8  0.0  0.0  0.0
  0.0  0.0  0.0  4.8  4.8  9.6  4.8  0.0  0.0  0.0  0.0  4.8  0.0 38.3  4.8
  9.6  0.0  0.0  0.0  0.0  0.0  0.0 52.6  0.0  0.0 57.4  0.0  0.0124.4 14.4
  0.0  0.0  0.0  0.0  0.0  0.0  0.0  0.0  0.0  0.0  0.0  0.0  0.0  0.0  0.0
  0.0  0.0  0.0  0.0  0.0  4.8  0.0  0.0  0.0  0.0  0.0  0.0  0.0  0.0  0.0
  0.0  0.0  0.0  0.0  0.0  0.0  0.0  0.0  0.0  0.0  0.0  0.0  0.0  0.0  0.0
  4.8  0.0  0.0  4.8  0.0  0.0  0.0  0.0  0.0  0.0  0.0  0.0  0.0  0.0  0.0
  0.0  0.0  0.0  0.0  0.0  0.0  0.0  4.8  9.6  9.6  9.6  9.6 14.4  0.0  0.0
  0.0  0.0  0.0  0.0  0.0  4.8  0.0 28.7  4.8 23.9  0.0  0.0  4.8  0.0  0.0
    -26.29     -2.76     -2.34     -4.69      8.94  0.0  0.0  0.0  0.0  0.0
                                    t000107_s14_p24_qjpp.txt 36.5  5.1  256
  3.9  0.0  0.0 27.3  0.0  0.0  0.0  0.0  0.0  0.0  0.0  0.0  0.0  0.0  0.0
  0.0  0.0  0.0  0.0  0.0  0.0457.0 82.0 70.3 50.8  0.0  7.8  0.0  0.0  0.0
  0.0  3.9  0.0  0.0  0.0  3.9  0.0  0.0  0.0  0.0  0.0  0.0  0.0 31.3  0.0
  0.0  3.9  0.0  0.0  0.0  0.0  7.8 31.3  0.0  0.0 78.1  0.0  0.0 97.7 15.6
  0.0  0.0  0.0  0.0  0.0  0.0  0.0  0.0  0.0  0.0  0.0  0.0  0.0  0.0  0.0
  0.0  0.0  0.0  0.0  0.0  0.0  0.0  0.0  0.0  0.0  0.0  0.0  0.0  0.0  0.0
  0.0  0.0  0.0  0.0  0.0  0.0  0.0  0.0  0.0  0.0  0.0  0.0  0.0  0.0  0.0
  0.0  0.0  0.0  0.0  0.0  0.0  0.0  0.0  0.0  0.0  0.0  0.0  0.0  0.0  0.0
  0.0  0.0  0.0  0.0  0.0  0.0  0.0  0.0  3.9  0.0  7.8  3.9 11.7  0.0  0.0
  0.0  0.0  3.9  0.0  0.0  0.0  0.0 27.3  0.0 11.7  0.0  0.0  0.0  0.0  0.0
    -30.01     -2.55      2.20     -6.61      1.11  0.0  0.0  0.0  0.0  0.0
                                    t000107_s14_p25_qjpp.txt 27.3  5.8  142
  7.0  0.0  0.0 14.1  0.0  0.0  0.0  0.0 14.1  0.0  0.0  0.0  0.0  0.0  0.0
  0.0  0.0  0.0  0.0  0.0  0.0457.7 77.5 35.2 98.6  0.0  7.0  0.0  0.0  0.0
  0.0  0.0  0.0  0.0 14.1 21.1 14.1  0.0  0.0  7.0  0.0  7.0  7.0 63.4  0.0
  0.0  0.0  0.0  0.0  0.0  0.0  7.0 63.4  0.0  0.0 56.3 14.1  0.0197.2 42.3
  0.0  0.0  0.0  0.0  0.0  0.0  0.0  0.0  0.0  0.0  0.0  0.0  0.0  0.0  0.0
  0.0  0.0  0.0  0.0  0.0  0.0  0.0  0.0  0.0  0.0  0.0  0.0  0.0  0.0  0.0
  0.0  0.0  0.0  0.0  0.0  0.0  0.0  0.0  0.0  0.0  0.0  0.0  0.0  0.0  0.0
  0.0  0.0  0.0  0.0  0.0  0.0  0.0  0.0  0.0  0.0  0.0  0.0  0.0  0.0  0.0
  0.0  0.0  0.0  0.0  0.0  0.0  0.0  0.0 14.1  7.0 14.1 14.1  7.0  0.0  0.0
  0.0  0.0  0.0  0.0  0.0  7.0  0.0 70.4 14.1 35.2  0.0  0.0  7.0  0.0  0.0
    -29.47     -1.13     -4.37     -0.59     10.38  0.0  0.0  0.0  0.0  0.0
                                    t000107_s14_p26_qjpp.txt 31.3  4.2  514
  1.9  0.0  0.0  1.9  0.0  0.0  0.0  0.0  0.0  0.0  0.0  0.0  0.0  0.0  0.0
  0.0  0.0  0.0 11.7  0.0  0.0387.2128.4 37.0 50.6  0.0  0.0  0.0  0.0  0.0
  0.0  0.0  0.0 11.7  1.9 27.2  7.8  0.0  0.0  0.0  0.0  3.9  1.9 35.0  7.8
  1.9  3.9  0.0  0.0  0.0  0.0 15.6 44.7  0.0  0.0 44.7  0.0  0.0 75.9  1.9
  0.0  0.0  0.0  0.0  0.0  0.0  0.0  0.0  0.0  0.0  0.0  0.0  0.0  0.0  0.0
  0.0  0.0  0.0  0.0  0.0  0.0  0.0  0.0  0.0  0.0  0.0  0.0  0.0  0.0  0.0
  0.0  0.0  1.9  0.0  0.0  0.0  0.0  0.0  0.0  0.0  0.0  0.0  0.0  0.0  0.0
  0.0  0.0  0.0  0.0  1.9  0.0  1.9  0.0  0.0  0.0  0.0  0.0  0.0  0.0  0.0
  0.0  0.0  0.0  0.0  0.0  0.0  0.0  0.0  1.9  0.0  3.9 19.5  3.9  3.9  1.9
  0.0  3.9  1.9  0.0  0.0  0.0  0.0 13.6  1.9  0.0  1.9  0.0  1.9  3.9  0.0
    -24.50     -4.06     -4.48     -5.05      9.51  0.0  0.0  0.0  0.0  0.0
                                    t000107_s14_p27_qjpp.txt 29.3  4.9  200
  0.0  0.0  0.0  0.0  0.0  0.0  0.0  0.0  0.0  0.0  0.0  0.0  0.0  0.0  0.0
  0.0  0.0  0.0 10.0  0.0  0.0495.0100.0 60.0 50.0  0.0  0.0  0.0  0.0  0.0
  0.0  0.0  0.0  5.0  5.0 10.0  0.0  0.0  0.0  0.0  0.0  0.0  5.0 40.0  5.0
  0.0  0.0  0.0  0.0  0.0  0.0 10.0 45.0  0.0  0.0 60.0  0.0  0.0 65.0  0.0
  0.0  0.0  0.0  0.0  0.0  0.0  0.0  0.0  0.0  0.0  0.0  0.0  0.0  0.0  0.0
  0.0  0.0  0.0  0.0  0.0  0.0  0.0  0.0  0.0  0.0  0.0  0.0  0.0  0.0  0.0
  0.0  0.0  0.0  0.0  0.0  0.0  0.0  0.0  0.0  0.0  5.0  0.0  0.0  0.0  0.0
  0.0  0.0  0.0  0.0  0.0  0.0  0.0  5.0  0.0  0.0  0.0  0.0  0.0  0.0  0.0
  0.0  5.0  0.0  0.0  0.0  0.0  0.0  0.0  0.0  0.0 10.0  0.0  0.0 10.0 25.0
  0.0  0.0  0.0  0.0  0.0  0.0  0.0 30.0  0.0  5.0  0.0  0.0  0.0  0.0  0.0
    -29.92     -4.08     -2.49     -6.61      9.41  0.0  0.0  0.0  0.0  0.0
                                    t000107_s14_p28_qjpp.txt 35.3  5.5  211
  4.7  0.0  0.0 23.7  0.0  0.0  0.0  0.0  0.0  0.0  0.0  0.0  0.0  0.0  0.0
  0.0  0.0  0.0  4.7  0.0  0.0473.9 85.3 33.2 75.8  0.0  0.0  4.7  0.0  0.0
  0.0  0.0  0.0  0.0  9.5 14.2  0.0  0.0  0.0  0.0  0.0  0.0  0.0 47.4  0.0
  4.7  0.0  0.0  0.0  4.7  0.0  4.7 52.1  0.0  0.0 37.9  0.0  0.0161.1 28.4
  0.0  0.0  0.0  0.0  0.0  0.0  0.0  0.0  0.0  0.0  0.0  0.0  0.0  0.0  0.0
  0.0  0.0  0.0  0.0  0.0  0.0  0.0  0.0  0.0  0.0  0.0  0.0  0.0  0.0  0.0
  0.0  0.0  0.0  0.0  0.0  0.0  0.0  0.0  0.0  0.0  0.0  0.0  0.0  0.0  0.0
  0.0  0.0  0.0  0.0  0.0  0.0  0.0  0.0  0.0  0.0  0.0  0.0  0.0  0.0  0.0
  0.0  0.0  0.0  0.0  0.0  0.0  0.0  0.0  4.7  9.5 14.2  9.5  9.5  4.7  0.0
  0.0  9.5  0.0  0.0  0.0  0.0  0.0 61.6  9.5 14.2  0.0  0.0  4.7  0.0  0.0
    -28.73     -2.36     -2.62     -6.61      5.08  0.0  0.0  0.0  0.0  0.0
                                    t000107_s14_p29_qjpp.txt 10.3  5.0   46
 21.7  0.0  0.0 43.5  0.0  0.0  0.0  0.0  0.0  0.0  0.0  0.0  0.0  0.0  0.0
  0.0  0.0  0.0  0.0  0.0  0.0456.5130.4 21.7 65.2  0.0  0.0 21.7  0.0  0.0
  0.0  0.0  0.0  0.0  0.0  0.0  0.0  0.0  0.0  0.0  0.0  0.0  0.0 21.7  0.0
 21.7  0.0  0.0  0.0  0.0  0.0  0.0 43.5  0.0  0.0 21.7  0.0  0.0108.7  0.0
  0.0  0.0  0.0  0.0  0.0  0.0  0.0  0.0  0.0  0.0  0.0  0.0  0.0  0.0  0.0
  0.0  0.0  0.0  0.0  0.0  0.0  0.0  0.0  0.0  0.0  0.0  0.0  0.0  0.0  0.0
  0.0  0.0  0.0  0.0  0.0  0.0  0.0  0.0  0.0  0.0  0.0  0.0  0.0  0.0  0.0
  0.0  0.0  0.0  0.0  0.0  0.0  0.0  0.0  0.0  0.0  0.0  0.0  0.0  0.0  0.0
  0.0  0.0  0.0  0.0  0.0  0.0  0.0  0.0 65.2  0.0 21.7  0.0  0.0 21.7  0.0
  0.0  0.0  0.0  0.0  0.0  0.0  0.0 43.5 21.7 21.7  0.0  0.0 21.7  0.0  0.0
    -26.87      0.44      0.97     -6.61      6.68  0.0  0.0  0.0  0.0  0.0
                                     t000107_s14_p3_qjpp.txt  6.0  6.1   27
  0.0  0.0  0.0111.1  0.0  0.0  0.0  0.0  0.0  0.0 37.0  0.0  0.0  0.0  0.0
  0.0  0.0  0.0  0.0  0.0  0.0407.4148.1111.1  0.0  0.0  0.0  0.0  0.0  0.0
  0.0  0.0  0.0  0.0  0.0  0.0  0.0 37.0  0.0  0.0  0.0  0.0  0.0 37.0  0.0
  0.0  0.0  0.0  0.0 37.0 37.0  0.0 37.0  0.0  0.0148.1  0.0  0.0111.1  0.0
  0.0  0.0  0.0  0.0  0.0  0.0  0.0  0.0  0.0  0.0  0.0  0.0  0.0  0.0  0.0
  0.0  0.0  0.0  0.0  0.0  0.0  0.0  0.0  0.0  0.0  0.0  0.0  0.0  0.0  0.0
  0.0  0.0  0.0  0.0  0.0  0.0  0.0  0.0  0.0  0.0  0.0  0.0  0.0  0.0  0.0
  0.0  0.0  0.0  0.0  0.0  0.0  0.0  0.0  0.0  0.0  0.0  0.0  0.0  0.0  0.0
  0.0  0.0  0.0  0.0  0.0  0.0  0.0  0.0  0.0  0.0 37.0 37.0  0.0  0.0  0.0
  0.0  0.0  0.0  0.0  0.0  0.0 37.0  0.0  0.0  0.0  0.0  0.0  0.0  0.0  0.0
    -29.95     -5.73      0.97      2.21      1.99  0.0  0.0  0.0  0.0  0.0
                                     t000107_s14_p4_qjpp.txt  7.8  5.3   37
 27.0  0.0  0.0 81.1  0.0  0.0  0.0  0.0  0.0  0.0 27.0  0.0  0.0  0.0  0.0
  0.0  0.0  0.0  0.0  0.0  0.0432.4108.1 81.1 27.0  0.0  0.0  0.0  0.0  0.0
  0.0  0.0  0.0  0.0  0.0  0.0  0.0 27.0  0.0  0.0  0.0  0.0  0.0  0.0  0.0
  0.0  0.0  0.0  0.0 54.1 27.0  0.0  0.0  0.0  0.0135.1  0.0  0.0135.1  0.0
  0.0  0.0  0.0  0.0  0.0  0.0  0.0  0.0  0.0  0.0  0.0  0.0  0.0  0.0  0.0
  0.0  0.0  0.0  0.0  0.0  0.0  0.0  0.0  0.0  0.0  0.0  0.0  0.0  0.0  0.0
  0.0  0.0  0.0  0.0  0.0  0.0  0.0  0.0  0.0  0.0  0.0  0.0  0.0  0.0  0.0
  0.0  0.0  0.0  0.0  0.0  0.0  0.0  0.0  0.0  0.0  0.0  0.0  0.0  0.0  0.0
  0.0  0.0  0.0  0.0  0.0  0.0  0.0  0.0  0.0  0.0 27.0 27.0 81.1  0.0  0.0
  0.0  0.0  0.0  0.0  0.0 27.0  0.0  0.0  0.0  0.0  0.0  0.0 27.0  0.0  0.0
    -24.80     -4.84      0.97     -0.17     -3.63  0.0  0.0  0.0  0.0  0.0
                                     t000107_s14_p5_qjpp.txt 18.0  4.8  153
 13.1  0.0  0.0  0.0  0.0  0.0  0.0  0.0  0.0  0.0  0.0  0.0  0.0  0.0  0.0
  0.0  0.0  0.0  0.0  0.0  0.0529.4124.2 39.2 78.4  0.0  0.0  0.0  0.0  0.0
  0.0  6.5  0.0  0.0  0.0 19.6  0.0  0.0  0.0 13.1  0.0  0.0 13.1 39.2  0.0
 19.6  0.0  0.0  0.0  0.0  0.0 19.6 58.8  0.0  0.0 45.8  0.0  0.0 78.4  0.0
  0.0  0.0  0.0  0.0  0.0  0.0  0.0  0.0  0.0  0.0  0.0  0.0  0.0  0.0  0.0
  0.0  0.0  0.0  0.0  0.0  0.0  0.0  0.0  0.0  0.0  0.0  0.0  0.0  0.0  0.0
  0.0  0.0  0.0  0.0  0.0  0.0  0.0  0.0  0.0  0.0  0.0  0.0  0.0  0.0  0.0
  0.0  0.0  0.0  0.0  0.0  0.0  0.0  0.0  0.0  0.0  0.0  0.0  0.0  0.0  0.0
  0.0  0.0  0.0  0.0  0.0  0.0  0.0  0.0 19.6  0.0  0.0  0.0  0.0 19.6  0.0
 19.6  0.0 19.6  0.0  0.0  0.0  0.0 13.1  0.0  0.0  0.0  0.0  0.0  0.0  0.0
    -31.25     -3.15      2.28     -0.66     16.81  0.0  0.0  0.0  0.0  0.0
                                     t000107_s14_p6_qjpp.txt 25.5  4.7  148
  0.0  0.0  0.0  6.8  0.0  0.0  0.0  0.0  0.0  0.0  0.0  0.0  0.0  0.0  0.0
  0.0  0.0  0.0  6.8  0.0  0.0385.1114.9  0.0 47.3  0.0  0.0  0.0  0.0  0.0
  0.0  0.0  0.0  6.8  0.0 20.3  6.8  0.0  0.0  0.0  0.0  0.0  6.8 40.5  0.0
  0.0  6.8  0.0  0.0  0.0  0.0 13.5 40.5  0.0  0.0 20.3  0.0  0.0 74.3  6.8
  0.0  0.0  0.0  0.0  0.0  0.0  0.0  0.0  0.0  0.0  0.0  0.0  0.0  0.0  0.0
  0.0  0.0  0.0  0.0  0.0  0.0  0.0  0.0  0.0  0.0  0.0  0.0  0.0  0.0  0.0
  0.0  0.0  0.0  0.0  0.0  0.0  0.0  0.0  0.0  0.0  0.0  0.0  0.0  0.0  0.0
  0.0  0.0  0.0  0.0  0.0  0.0  0.0  0.0  0.0  0.0  0.0  0.0  0.0  0.0  0.0
  0.0  0.0  0.0  0.0  0.0  0.0  0.0  0.0  0.0  0.0  0.0 27.0  0.0  0.0  0.0
  0.0  0.0  0.0  0.0  0.0  0.0  0.0  6.8  6.8 13.5  0.0  0.0  0.0  0.0  0.0
    -24.26     -4.17     -2.11     -6.61      6.74  0.0  0.0  0.0  0.0  0.0
                                     t000107_s14_p7_qjpp.txt 26.3  4.5  156
  0.0  0.0  0.0 32.1  0.0  0.0  0.0  0.0  0.0  0.0  0.0  0.0  0.0  0.0  0.0
  0.0  0.0  0.0  0.0  0.0  0.0403.8109.0 51.3 32.1  0.0  0.0  0.0  0.0  0.0
  0.0  0.0  0.0  0.0  6.4 12.8  0.0  0.0  0.0  0.0  0.0  0.0  0.0 51.3  6.4
  6.4  0.0  0.0  0.0  0.0  0.0  0.0 64.1  0.0  0.0 64.1  0.0  0.0 89.7  6.4
  0.0  0.0  0.0  0.0  0.0  0.0  0.0  0.0  0.0  0.0  0.0  0.0  0.0  0.0  0.0
  0.0  0.0  0.0  0.0  0.0  0.0  0.0  0.0  0.0  0.0  0.0  0.0  0.0  0.0  0.0
  0.0  0.0  0.0  0.0  0.0  0.0  0.0  0.0  0.0  0.0  0.0  0.0  0.0  0.0  0.0
  0.0  0.0  0.0  0.0  0.0  0.0  0.0  0.0  0.0  0.0  0.0  0.0  0.0  0.0  0.0
  0.0  0.0  0.0  0.0  0.0  0.0  0.0  0.0  6.4 12.8 12.8 25.6 12.8  6.4  0.0
  6.4  0.0  0.0  0.0  0.0  0.0  0.0 25.6 12.8 12.8  0.0  0.0  6.4  0.0  0.0
    -27.49     -4.67     -1.64     -6.61     11.14  0.0  0.0  0.0  0.0  0.0
                                     t000107_s14_p8_qjpp.txt 27.3  5.3  145
  6.9  0.0  0.0  6.9  0.0  0.0  0.0  0.0  0.0  0.0  0.0  0.0  0.0  0.0  0.0
  0.0  0.0  0.0  6.9  0.0  0.0551.7 96.6 34.5 62.1  0.0  6.9  0.0  0.0  0.0
  0.0  0.0  0.0  6.9  0.0 20.7  0.0  0.0  0.0  0.0  0.0  0.0  0.0 27.6  0.0
  0.0 20.7  0.0  0.0  6.9  0.0 27.6 27.6  0.0  0.0 48.3  0.0  0.0 82.8  6.9
  0.0  0.0  0.0  0.0  0.0  0.0  0.0  0.0  0.0  0.0  0.0  0.0  0.0  0.0  0.0
  0.0  0.0  0.0  0.0  0.0  0.0  0.0  0.0  0.0  0.0  0.0  0.0  0.0  0.0  0.0
  0.0  0.0  0.0  0.0  0.0  0.0  0.0  0.0  0.0  0.0  0.0  0.0  0.0  0.0  0.0
  0.0  0.0  0.0  0.0  0.0  0.0  0.0  0.0  0.0  0.0  0.0  0.0  0.0  0.0  0.0
  0.0  0.0  0.0  0.0  0.0  0.0  0.0  6.9  0.0  0.0  0.0  0.0  6.9 20.7  0.0
  0.0  0.0  0.0  0.0  0.0  0.0  0.0 20.7 20.7  6.9  0.0  0.0  0.0  0.0  0.0
    -30.81     -2.36     -2.17     -6.61      0.55  0.0  0.0  0.0  0.0  0.0
                                     t000107_s14_p9_qjpp.txt 24.3  4.5  138
  0.0  0.0  0.0 14.5  0.0  0.0  0.0  0.0  0.0  0.0  0.0  0.0  0.0  0.0  0.0
  0.0  0.0  0.0  0.0  0.0  0.0427.5101.4 14.5 21.7  0.0  0.0  0.0  0.0  0.0
  0.0  7.2  0.0  0.0  0.0  7.2  7.2  0.0  0.0  0.0  0.0  0.0  0.0 36.2  0.0
  0.0  0.0  0.0  0.0  0.0  0.0  7.2 36.2  0.0  0.0 43.5  0.0  0.0 79.7 14.5
  0.0  0.0  0.0  0.0  0.0  0.0  0.0  0.0  0.0  0.0  0.0  0.0  0.0  0.0  0.0
  0.0  0.0  0.0  0.0  0.0  0.0  0.0  0.0  0.0  0.0  0.0  0.0  0.0  0.0  0.0
  0.0  0.0  7.2  0.0  0.0  0.0  0.0  0.0  0.0  0.0  0.0  0.0  0.0  0.0  0.0
  0.0  0.0  0.0  0.0  7.2  0.0  7.2  0.0  0.0  0.0  0.0  0.0  0.0  0.0  0.0
  0.0  0.0  0.0  0.0  0.0  0.0  0.0  0.0  7.2  0.0  0.0  0.0  0.0  0.0  0.0
  0.0  0.0  0.0  0.0  0.0  0.0  0.0  7.2  7.2  0.0  7.2  0.0  0.0  0.0  0.0
    -26.40     -5.01      3.25     -6.61      1.86  0.0  0.0  0.0  0.0  0.0
                                     t000107_s19_p1_qjpp.txt 35.0  4.7  405
  4.9  0.0  0.0  9.9  0.0  0.0  0.0  0.0 12.3  0.0  0.0  0.0  0.0  0.0  0.0
  0.0  0.0  0.0  2.5  0.0  0.0516.0 86.4 44.4 29.6  0.0  2.5  4.9  0.0  0.0
  0.0  2.5  0.0  0.0  0.0  7.4  7.4  0.0  2.5  0.0  0.0  0.0  2.5  2.5  0.0
  4.9  2.5  0.0  0.0  0.0  0.0  7.4  7.4  0.0  0.0 56.8 12.3  0.0 66.7  2.5
  0.0  0.0  0.0  0.0  0.0  0.0  0.0  0.0  0.0  0.0  0.0  0.0  0.0  0.0  0.0
  0.0  0.0  0.0  0.0  0.0  0.0  0.0  0.0  0.0  0.0  0.0  0.0  0.0  0.0  0.0
  0.0  0.0  0.0  0.0  0.0  0.0  0.0  0.0  0.0  0.0  0.0  0.0  0.0  0.0  0.0
  0.0  0.0  0.0  0.0  0.0  0.0  0.0  0.0  0.0  0.0  0.0  0.0  0.0  0.0  0.0
  0.0  0.0  0.0  0.0  0.0  0.0  0.0  0.0 12.3  2.5  9.9  7.4 12.3  2.5  0.0
  0.0  2.5  0.0  0.0  0.0  4.9  2.5  7.4  2.5  9.9  2.5  0.0  0.0  0.0  0.0
    -29.08     -3.36      1.47     -5.81     -0.12  0.0  0.0  0.0  0.0  0.0
                                    t000107_s19_p10_qjpp.txt 31.8  5.0  385
  2.6  0.0  0.0 15.6  0.0  0.0  0.0  0.0  5.2  0.0  2.6  0.0  0.0  0.0  0.0
  5.2  0.0  7.8 10.4  0.0  0.0444.2 85.7 54.5 49.4  0.0  2.6  5.2  0.0  0.0
  0.0  2.6  0.0  0.0  0.0 20.8  5.2  0.0  0.0  0.0  0.0  7.8  7.8 10.4  0.0
  0.0  7.8  2.6  0.0  0.0  7.8 20.8 10.4  0.0  0.0 64.9  5.2  0.0 70.1  0.0
  0.0  0.0  0.0  0.0  0.0  0.0  0.0  0.0  0.0  0.0  0.0  0.0  0.0  0.0  0.0
  0.0  0.0  0.0  2.6  0.0  0.0  0.0  2.6  0.0  0.0  0.0  0.0  0.0  0.0  0.0
  0.0  0.0  0.0  0.0  0.0  0.0  0.0  0.0  2.6  0.0  0.0  0.0  0.0  0.0  0.0
  2.6  2.6  0.0  5.2  0.0  2.6  2.6  0.0  0.0  0.0  0.0  0.0  0.0  0.0  0.0
  0.0  0.0  0.0  0.0  0.0  0.0  0.0  0.0 15.6  5.2  2.6  0.0 13.0  5.2  0.0
  0.0  0.0  0.0  0.0  0.0  7.8  0.0  2.6  5.2  7.8  0.0  7.8  0.0  0.0  0.0
    -22.38     -2.64      0.76     -3.49      2.82  0.0  0.0  0.0  0.0  0.0
                                    t000107_s19_p11_qjpp.txt 28.3  5.0  148
  0.0  0.0  0.0 27.0  0.0  0.0  0.0  0.0  0.0  6.8  0.0  0.0  0.0  0.0  0.0
  0.0  0.0 13.5  6.8  0.0  0.0540.5 47.3 54.1  0.0  0.0  0.0  0.0  0.0  0.0
  0.0  0.0  0.0  0.0  0.0 13.5  6.8  0.0  0.0  0.0  0.0  6.8  6.8  0.0  0.0
  0.0  0.0  0.0  0.0  0.0 13.5  6.8  0.0  0.0  0.0 54.1  0.0  0.0 47.3  0.0
  0.0  0.0  0.0  0.0  0.0  0.0  0.0  0.0  0.0  0.0  0.0  0.0  0.0  0.0  0.0
  0.0  0.0  0.0  0.0  0.0  0.0  0.0  0.0  0.0  0.0  0.0  0.0  0.0  0.0  0.0
  0.0  0.0  0.0  0.0  0.0  0.0  0.0  0.0  0.0  0.0  0.0  0.0  0.0  0.0  0.0
  0.0  0.0  0.0  0.0  0.0  0.0  0.0  0.0  0.0  0.0  0.0  0.0  0.0  0.0  0.0
  0.0  0.0  0.0  0.0  0.0  0.0  0.0  6.8  6.8  0.0  0.0  0.0  0.0  0.0  0.0
  0.0  0.0  0.0  0.0  0.0  0.0  0.0  0.0  0.0  0.0  6.8  0.0  6.8  0.0  0.0
    -24.17     -5.73      0.21     -3.90      0.60  0.0 13.5  0.0  0.0  0.0
                                    t000107_s19_p12_qjpp.txt 17.5  5.0   94
  0.0  0.0  0.0 10.6  0.0  0.0  0.0 10.6 10.6  0.0  0.0  0.0  0.0  0.0  0.0
  0.0  0.0  0.0  0.0  0.0  0.0446.8159.6 31.9 53.2  0.0  0.0  0.0  0.0  0.0
  0.0 10.6  0.0  0.0  0.0  0.0 10.6  0.0  0.0  0.0  0.0  0.0  0.0 10.6  0.0
  0.0  0.0  0.0 10.6  0.0  0.0 10.6 10.6  0.0  0.0 42.6 10.6 10.6 74.5  0.0
  0.0  0.0  0.0  0.0  0.0  0.0  0.0  0.0  0.0  0.0  0.0  0.0  0.0  0.0  0.0
  0.0  0.0  0.0  0.0  0.0  0.0  0.0  0.0  0.0  0.0  0.0  0.0  0.0  0.0  0.0
  0.0  0.0  0.0  0.0  0.0  0.0  0.0  0.0  0.0  0.0  0.0  0.0  0.0  0.0  0.0
  0.0  0.0  0.0  0.0  0.0  0.0  0.0  0.0  0.0  0.0  0.0  0.0  0.0  0.0  0.0
  0.0  0.0  0.0  0.0  0.0  0.0  0.0  0.0 10.6  0.0 10.6  0.0  0.0 10.6  0.0
  0.0  0.0  0.0  0.0  0.0  0.0  0.0 10.6  0.0 10.6  0.0  0.0  0.0  0.0  0.0
    -28.53     -3.98      4.91     -6.61     -2.01  0.0 10.6  0.0  0.0  0.0
                                    t000107_s19_p13_qjpp.txt 24.8  5.4  165
  0.0  0.0  0.0 12.1  0.0  0.0  6.1  0.0  0.0  0.0  0.0  0.0  0.0  0.0  0.0
  0.0  0.0  6.1 18.2  0.0  0.0375.8121.2 48.5 48.5  0.0 18.2  0.0  0.0  0.0
  0.0  6.1  0.0  0.0 12.1 12.1 12.1  0.0  0.0  0.0  0.0  0.0  6.1  6.1  6.1
  6.1  0.0  0.0  0.0  0.0  6.1 24.2 18.2  0.0  0.0 78.8  0.0  0.0 90.9  0.0
 12.1  0.0  0.0  0.0  0.0  0.0  0.0  0.0  0.0  0.0  0.0  0.0  0.0  0.0  0.0
  0.0  0.0  0.0  0.0  0.0  0.0  0.0  0.0  0.0  0.0  0.0  0.0  0.0  0.0  0.0
  0.0  0.0  0.0  0.0  0.0  0.0  0.0  0.0  0.0  0.0  0.0  0.0  0.0  0.0  0.0
  0.0  0.0  0.0  0.0  0.0  0.0  0.0  0.0  0.0  0.0  0.0  0.0  0.0  0.0  0.0
  0.0  0.0  0.0  0.0  0.0  0.0  0.0  0.0  6.1  0.0  6.1  0.0 24.2  0.0  6.1
  0.0  0.0  0.0  0.0  0.0 12.1  0.0  0.0  0.0  0.0  0.0 24.2 12.1  0.0  0.0
    -22.99     -0.64     -1.04     -6.61      7.70  0.0  0.0  0.0  0.0  0.0
                                    t000107_s19_p14_qjpp.txt 30.5  4.8  348
  5.7  0.0  0.0 17.2  0.0  0.0  0.0  5.7  0.0  0.0  0.0  0.0  0.0  0.0  0.0
  2.9  0.0  2.9  2.9  0.0  0.0477.0100.6 31.6 17.2  0.0  2.9  2.9  0.0  0.0
  0.0  2.9  0.0  0.0  5.7 11.5  2.9  2.9  2.9  0.0  0.0  2.9  2.9  2.9  0.0
  0.0  0.0  2.9  0.0  2.9  5.7  5.7  2.9  0.0  0.0 46.0  0.0  0.0 43.1  2.9
 11.5  0.0  0.0  0.0  0.0  0.0  0.0  0.0  0.0  0.0  0.0  0.0  0.0  0.0  0.0
  0.0  0.0  0.0  2.9  0.0  0.0  0.0  0.0  0.0  0.0  0.0  0.0  0.0  0.0  0.0
  0.0  0.0  0.0  0.0  0.0  0.0  0.0  0.0  0.0  0.0  0.0  0.0  0.0  0.0  0.0
  2.9  0.0  0.0  2.9  0.0  0.0  0.0  0.0  0.0  0.0  0.0  0.0  0.0  0.0  0.0
  0.0  0.0  0.0  0.0  0.0  0.0  0.0  5.7 14.4  0.0 17.2  2.9 11.5  2.9  0.0
  0.0  0.0  0.0  0.0  0.0  0.0  0.0  2.9  2.9  0.0  0.0  2.9  0.0  0.0  0.0
    -24.89     -4.08     -0.31     -3.84     -1.40  0.0  0.0  0.0  0.0  0.0
                                    t000107_s19_p15_qjpp.txt 31.0  5.0  279
  7.2  0.0  0.0 14.3  0.0  0.0  0.0  0.0  3.6  0.0  0.0  0.0  0.0  0.0  0.0
  0.0  0.0  0.0  7.2  0.0  0.0433.7129.0 28.7 50.2  0.0  3.6  3.6  0.0  0.0
  0.0  0.0  0.0  0.0  0.0 39.4  3.6  0.0  0.0  0.0  0.0  3.6 10.8 14.3  0.0
  7.2  0.0  7.2  0.0  0.0  0.0  7.2 21.5  0.0  0.0 60.9  3.6  0.0 86.0 14.3
  3.6  0.0  0.0  0.0  0.0  0.0  0.0  0.0  0.0  0.0  0.0  0.0  0.0  0.0  0.0
  0.0  0.0  0.0  3.6  0.0  0.0  3.6  0.0  0.0  0.0  0.0  0.0  0.0  0.0  0.0
  0.0  0.0  0.0  0.0  0.0  3.6  0.0  0.0  0.0  0.0  3.6  0.0  0.0  0.0  0.0
  7.2  0.0  0.0  7.2  0.0  3.6  3.6  3.6  0.0  0.0  0.0  0.0  0.0  0.0  0.0
  0.0  0.0  0.0  0.0  0.0  0.0  0.0  3.6 14.3  3.6 21.5  0.0  7.2  3.6  0.0
  0.0  0.0  0.0  0.0  0.0  3.6  0.0  3.6  3.6  7.2  3.6 10.8 21.5  0.0  0.0
    -27.21     -2.72     -1.27     -5.17      7.58  0.0  0.0  0.0  0.0  0.0
                                    t000107_s19_p16_qjpp.txt 32.0  4.5  240
  4.2  0.0  0.0 37.5  0.0  0.0  0.0  0.0  8.3  0.0  0.0  4.2  0.0  0.0  0.0
  0.0  0.0  4.2  4.2  0.0  0.0462.5 62.5 54.2  4.2  0.0  4.2  0.0  0.0  0.0
  0.0  0.0  0.0  0.0  0.0 12.5  0.0  4.2  0.0  0.0  0.0  0.0  4.2  4.2  0.0
  0.0  0.0  4.2  0.0  4.2  8.3  8.3  4.2  0.0  0.0 70.8  8.3  0.0 45.8  4.2
  4.2  0.0  0.0  0.0  0.0  0.0  0.0  0.0  0.0  0.0  0.0  0.0  0.0  0.0  0.0
  0.0  0.0  0.0  0.0  0.0  0.0  4.2  0.0  0.0  0.0  0.0  0.0  0.0  0.0  0.0
  0.0  0.0  0.0  0.0  0.0  0.0  0.0  0.0  0.0  0.0  0.0  0.0  0.0  0.0  0.0
  4.2  0.0  0.0  4.2  0.0  0.0  0.0  0.0  0.0  0.0  0.0  0.0  0.0  0.0  0.0
  0.0  0.0  0.0  0.0  0.0  0.0  0.0  0.0  8.3  0.0  8.3  0.0 12.5  0.0  0.0
  0.0  0.0  0.0  0.0  0.0  0.0  0.0  0.0  0.0  0.0  4.2  4.2  4.2  0.0  0.0
    -22.06     -4.79      0.26     -5.61     -0.39  0.0  0.0  0.0  0.0  0.0
                                    t000107_s19_p17_qjpp.txt 28.0  4.6  239
  0.0  0.0  0.0 16.7  0.0  0.0  0.0  0.0  4.2  0.0  0.0  0.0  0.0  0.0  0.0
  0.0  0.0  0.0  8.4  0.0  0.0472.8121.3 12.6 50.2  0.0  0.0  0.0  0.0  0.0
  0.0  0.0  0.0  0.0  0.0 29.3  0.0  0.0  0.0  0.0  0.0  0.0  8.4 12.6  0.0
  8.4  0.0  0.0  4.2  0.0  0.0  8.4 20.9  0.0  0.0 25.1  4.2  4.2 83.7  4.2
  0.0  0.0  0.0  0.0  0.0  0.0  0.0  0.0  0.0  0.0  0.0  0.0  0.0  0.0  0.0
  0.0  0.0  0.0  0.0  0.0  0.0  0.0  0.0  0.0  0.0  0.0  0.0  0.0  0.0  0.0
  0.0  0.0  0.0  0.0  0.0  0.0  0.0  0.0  0.0  0.0  0.0  0.0  0.0  0.0  0.0
  0.0  0.0  0.0  0.0  0.0  0.0  0.0  0.0  0.0  0.0  0.0  0.0  0.0  0.0  0.0
  0.0  0.0  0.0  0.0  0.0  0.0  0.0  0.0 20.9  0.0 12.6  0.0 12.6 12.6  0.0
  0.0  0.0  0.0  0.0  0.0  0.0  0.0 20.9  4.2  4.2  4.2  0.0  0.0  0.0  0.0
    -26.62     -4.08     -0.69     -6.61      6.21  0.0  0.0  0.0  0.0  0.0
                                    t000107_s19_p18_qjpp.txt 29.8  4.8  259
 11.6  0.0  0.0 38.6  0.0  0.0  0.0  0.0  3.9  0.0  0.0  0.0  0.0  0.0  0.0
  0.0  0.0  3.9  7.7  0.0  0.0424.7119.7 42.5 15.4  0.0  0.0  0.0  0.0  0.0
  0.0  0.0  0.0  0.0  0.0 27.0  7.7  0.0  0.0  0.0  0.0  0.0 11.6  0.0  3.9
  0.0  7.7  0.0  0.0  3.9  3.9 15.4  3.9  0.0  0.0 65.6  3.9  3.9 65.6  0.0
  3.9  0.0  0.0  0.0  0.0  0.0  0.0  0.0  0.0  0.0  0.0  0.0  0.0  0.0  0.0
  0.0  0.0  0.0  0.0  0.0  0.0  3.9  0.0  0.0  0.0  0.0  0.0  0.0  0.0  0.0
  0.0  0.0  0.0  3.9  0.0  0.0  0.0  0.0  0.0  0.0  0.0  0.0  0.0  3.9  0.0
  3.9  0.0  0.0  3.9  3.9  0.0  3.9  3.9  0.0  0.0  0.0  0.0  0.0  0.0  0.0
  0.0  0.0  0.0  0.0  0.0  0.0  0.0  0.0 34.7  0.0 19.3  3.9 11.6  3.9  0.0
  0.0  0.0  0.0  0.0  0.0  0.0  0.0  3.9  3.9  0.0  0.0  3.9 15.4  0.0  0.0
    -24.53     -5.22     -0.56     -6.61      6.58  0.0  0.0  0.0  0.0  0.0
                                    t000107_s19_p19_qjpp.txt 15.0  4.9   71
  0.0  0.0  0.0 28.2  0.0  0.0  0.0  0.0 14.1  0.0  0.0  0.0  0.0  0.0  0.0
  0.0  0.0  0.0  0.0  0.0  0.0450.7112.7 42.3 14.1  0.0  0.0  0.0  0.0  0.0
  0.0  0.0  0.0  0.0  0.0  0.0 14.1 14.1  0.0  0.0  0.0  0.0  0.0  0.0 14.1
  0.0  0.0  0.0  0.0  0.0 14.1  0.0 14.1  0.0  0.0 98.6 14.1  0.0 70.4  0.0
  0.0  0.0  0.0  0.0  0.0  0.0  0.0  0.0  0.0  0.0  0.0  0.0  0.0  0.0  0.0
  0.0  0.0  0.0  0.0  0.0  0.0  0.0  0.0  0.0  0.0  0.0  0.0  0.0  0.0  0.0
  0.0  0.0  0.0  0.0  0.0  0.0  0.0  0.0  0.0  0.0  0.0  0.0  0.0  0.0  0.0
  0.0  0.0  0.0  0.0  0.0  0.0  0.0  0.0  0.0  0.0  0.0  0.0  0.0  0.0  0.0
  0.0  0.0  0.0  0.0  0.0  0.0  0.0  0.0 42.3 14.1  0.0  0.0 28.2  0.0  0.0
  0.0  0.0  0.0  0.0  0.0  0.0  0.0 14.1  0.0 14.1  0.0  0.0  0.0  0.0  0.0
    -28.89     -5.26      0.97     -3.25      7.21  0.0  0.0  0.0  0.0  0.0
                                     t000107_s19_p2_qjpp.txt 33.0  4.8  835
  3.6  0.0  0.0 20.4  0.0  0.0  0.0  0.0 13.2  0.0  0.0  1.2  0.0  0.0  0.0
  1.2  0.0  2.4  2.4  0.0  0.0480.2 76.6 37.1 15.6  0.0  2.4  1.2  0.0  0.0
  0.0  0.0  0.0  1.2  1.2 13.2  4.8  0.0  0.0  0.0  0.0  1.2  4.8  0.0  0.0
  3.6  2.4  2.4  1.2  2.4  2.4  6.0  3.6  0.0  0.0 45.5 13.2  0.0 55.1  2.4
  1.2  0.0  0.0  0.0  0.0  0.0  0.0  0.0  0.0  0.0  0.0  0.0  0.0  0.0  0.0
  0.0  0.0  0.0  0.0  0.0  1.2  0.0  0.0  0.0  0.0  0.0  0.0  0.0  0.0  0.0
  0.0  0.0  0.0  0.0  1.2  0.0  0.0  0.0  0.0  0.0  0.0  0.0  0.0  1.2  0.0
  1.2  0.0  0.0  1.2  0.0  1.2  1.2  1.2  0.0  0.0  0.0  0.0  0.0  0.0  0.0
  0.0  0.0  0.0  0.0  0.0  0.0  0.0  0.0 12.0  1.2 13.2  6.0 13.2  6.0  1.2
  0.0  0.0  0.0  0.0  1.2  2.4  1.2 10.8  1.2  7.2  2.4  0.0  0.0  0.0  0.0
    -25.39     -4.53     -0.47     -6.13      0.53  0.0  0.0  1.2  0.0  0.0
                                    t000107_s19_p20_qjpp.txt 29.3  5.1  158
  6.3  0.0  0.0 31.6  0.0  0.0  0.0  0.0  0.0  0.0  0.0  0.0  0.0  0.0  0.0
  0.0  0.0  6.3  6.3  0.0  0.0455.7107.6 63.3 31.6  0.0  0.0  6.3  0.0  0.0
  0.0  0.0  0.0  0.0  0.0 25.3  6.3  0.0  6.3  0.0  6.3  0.0 12.7  0.0  0.0
  0.0  6.3  6.3  0.0  0.0 12.7 12.7  0.0  0.0  0.0 69.6  0.0  0.0 82.3 12.7
  0.0  0.0  0.0  0.0  0.0  0.0  0.0  0.0  0.0  0.0  0.0  0.0  0.0  0.0  0.0
  0.0  0.0  0.0  6.3  0.0  0.0  0.0  0.0  0.0  0.0  0.0  0.0  0.0  0.0  0.0
  0.0  0.0  0.0  0.0  6.3  0.0  0.0  0.0  0.0  0.0  0.0  0.0  0.0  0.0  0.0
  6.3  0.0  0.0  6.3  0.0  6.3  6.3  0.0  0.0  0.0  0.0  0.0  0.0  0.0  0.0
  0.0  0.0  0.0  0.0  0.0  0.0  0.0  0.0 31.6  0.0 12.7  0.0 12.7  0.0  0.0
  0.0  0.0  0.0  0.0  0.0  6.3  0.0 25.3  6.3 19.0  0.0  0.0  0.0  0.0  0.0
    -27.11     -3.51     -0.46     -1.55      4.29  0.0  0.0  0.0  0.0  0.0
                                    t000107_s19_p21_qjpp.txt 24.8  4.8  244
  0.0  0.0  0.0  4.1  0.0  0.0  0.0  0.0  0.0  0.0  0.0  0.0  0.0  0.0  0.0
  0.0  0.0  0.0  0.0  0.0  0.0442.6143.4 32.8 45.1  0.0 16.4  0.0  0.0  0.0
  0.0  0.0  0.0  0.0  8.2 36.9  0.0  0.0  0.0  0.0  0.0  4.1  8.2 12.3  0.0
  0.0  0.0  0.0  8.2  4.1  0.0  0.0 12.3  0.0  0.0 41.0  0.0  0.0 77.9  4.1
  8.2  0.0  0.0  0.0  0.0  0.0  0.0  0.0  0.0  0.0  0.0  0.0  0.0  0.0  0.0
  0.0  0.0  0.0  0.0  0.0  0.0  0.0  0.0  0.0  0.0  0.0  0.0  0.0  0.0  0.0
  0.0  0.0  0.0  0.0  0.0  0.0  0.0  0.0  0.0  0.0  0.0  0.0  0.0  0.0  0.0
  0.0  0.0  0.0  0.0  0.0  0.0  0.0  0.0  0.0  0.0  0.0  0.0  0.0  0.0  0.0
  0.0  0.0  0.0  0.0  0.0  0.0  0.0  0.0 12.3  0.0 12.3  4.1 12.3 20.5  0.0
  0.0  0.0  0.0  0.0  0.0  4.1  0.0 41.0  0.0  4.1  0.0  4.1  0.0  0.0  0.0
    -30.45     -1.09     -3.53     -4.97      3.36  0.0  0.0  0.0  0.0  0.0
                                    t000107_s19_p22_qjpp.txt 18.0  5.6  112
  0.0  0.0  0.0 17.9  0.0  0.0  0.0  0.0  0.0  0.0  0.0  0.0  0.0  0.0  0.0
  0.0  0.0  0.0  8.9  0.0  0.0455.4107.1107.1 44.6  0.0  0.0  0.0  0.0  0.0
  0.0  0.0  0.0  0.0  0.0 26.8  0.0  0.0  0.0  0.0  0.0  0.0  8.9  8.9  0.0
  0.0  0.0  0.0  0.0  0.0  0.0  8.9  8.9  0.0  0.0142.9  0.0  0.0 80.4  0.0
  0.0  0.0  0.0  0.0  0.0  0.0  0.0  0.0  0.0  0.0  0.0  0.0  0.0  0.0  0.0
  0.0  0.0  0.0  0.0  0.0  0.0  0.0  0.0  0.0  0.0  0.0  0.0  0.0  0.0  0.0
  0.0  0.0  0.0  0.0  0.0  0.0  0.0  0.0  0.0  0.0  0.0  0.0  0.0  0.0  0.0
  0.0  0.0  0.0  0.0  0.0  0.0  0.0  0.0  0.0  0.0  0.0  0.0  0.0  0.0  0.0
  0.0  0.0  0.0  0.0  0.0  0.0  0.0  0.0  8.9  0.0 26.8  0.0 26.8  8.9  0.0
  0.0  8.9  0.0  0.0  0.0  8.9  0.0 26.8  8.9  8.9  0.0  0.0  0.0  0.0  0.0
    -32.95     -4.26     -0.55     -6.61      3.31  0.0  0.0  0.0  0.0  0.0
                                    t000107_s19_p23_qjpp.txt 27.3  4.9  347
  5.8  0.0  0.0 14.4  0.0  0.0  0.0  0.0 11.5  0.0  0.0  0.0  0.0  0.0  0.0
  0.0  0.0  0.0  0.0  0.0  0.0429.4121.0 51.9 54.8  0.0  0.0  0.0  0.0  0.0
  0.0  5.8  0.0  2.9  0.0 34.6  8.6  0.0  2.9  0.0  0.0  0.0 17.3  5.8  0.0
  2.9 14.4  2.9  0.0  2.9  0.0 20.2  8.6  0.0  0.0 69.2 11.5  0.0 89.3  5.8
  0.0  0.0  0.0  0.0  0.0  0.0  0.0  0.0  0.0  0.0  0.0  0.0  0.0  0.0  0.0
  0.0  0.0  0.0  0.0  0.0  5.8  0.0  0.0  0.0  0.0  0.0  0.0  0.0  0.0  0.0
  0.0  0.0  2.9  0.0  0.0  0.0  0.0  0.0  0.0  0.0  0.0  0.0  0.0  0.0  0.0
  5.8  0.0  0.0  5.8  2.9  0.0  2.9  0.0  0.0  0.0  0.0  0.0  0.0  0.0  0.0
  0.0  0.0  0.0  0.0  0.0  0.0  0.0  0.0 17.3  0.0 17.3  5.8  8.6 11.5  0.0
  0.0  0.0  0.0  0.0  0.0  0.0  0.0 31.7  0.0 14.4  5.8  2.9  2.9  0.0  0.0
    -29.10     -3.93      0.32     -5.68      8.98  0.0  2.9  0.0  0.0  0.0
                                     t000107_s19_p3_qjpp.txt 35.5  4.8  280
  7.1  0.0  0.0  7.1  0.0  0.0  0.0  0.0 14.3  0.0  0.0  0.0  0.0  0.0  0.0
  0.0  0.0  0.0 17.9  0.0  0.0442.9100.0 57.1 28.6  0.0  3.6  3.6  0.0  0.0
  0.0  0.0  0.0  0.0  0.0 32.1  7.1  0.0  3.6  0.0  0.0  0.0  3.6  3.6  0.0
  3.6  0.0  0.0  3.6  0.0  0.0 17.9  7.1  0.0  0.0 78.6 14.3  0.0 53.6  0.0
  0.0  0.0  0.0  0.0  0.0  0.0  0.0  0.0  0.0  0.0  0.0  0.0  0.0  0.0  0.0
  0.0  0.0  0.0  0.0  0.0  0.0  0.0  0.0  0.0  0.0  0.0  0.0  0.0  0.0  0.0
  0.0  0.0  0.0  0.0  0.0  0.0  0.0  0.0  0.0  0.0  0.0  0.0  0.0  0.0  0.0
  0.0  0.0  0.0  0.0  0.0  0.0  0.0  0.0  0.0  0.0  0.0  0.0  0.0  0.0  0.0
  0.0  0.0  0.0  0.0  0.0  0.0  0.0  0.0 14.3  0.0  3.6  3.6 21.4 10.7 14.3
  0.0  0.0  0.0  0.0  0.0  3.6  0.0  0.0  0.0 21.4  0.0  3.6  7.1  0.0  0.0
    -25.04     -3.44     -0.85     -5.45      0.30  0.0  0.0  0.0  0.0  0.0
                                     t000107_s19_p4_qjpp.txt 35.3  4.9  346
  2.9  0.0  0.0 20.2  0.0  0.0  2.9  0.0  2.9  0.0  0.0  0.0  0.0  0.0  0.0
  2.9  0.0  0.0  5.8  0.0  0.0448.0 57.8 60.7 14.5  0.0  8.7  0.0  0.0  0.0
  2.9  2.9  0.0  0.0  5.8 20.2  8.7  0.0  0.0  0.0  0.0  0.0  5.8  8.7  0.0
  5.8  2.9  0.0  0.0  0.0  0.0 11.6 14.5  0.0  2.9 66.5  2.9  0.0 54.9  5.8
  5.8  0.0  0.0  0.0  0.0  0.0  0.0  0.0  0.0  0.0  0.0  0.0  0.0  0.0  0.0
  0.0  0.0  0.0  0.0  0.0  5.8  0.0  0.0  0.0  0.0  0.0  0.0  0.0  0.0  2.9
  2.9  0.0  0.0  0.0  0.0  0.0  0.0  0.0  0.0  0.0  0.0  0.0  0.0  0.0  0.0
  5.8  0.0  0.0  5.8  5.8  0.0  5.8  0.0  0.0  0.0  0.0  0.0  0.0  0.0  0.0
  0.0  0.0  0.0  0.0  0.0  0.0  0.0  0.0  8.7  0.0  5.8 11.6 31.8  2.9  0.0
  0.0  0.0  0.0  0.0  0.0  2.9  0.0  5.8  0.0 14.5  0.0  0.0  8.7  0.0  0.0
    -25.07     -3.58      1.82     -6.61      3.16  0.0  0.0  2.9  0.0  0.0
                                     t000107_s19_p5_qjpp.txt 27.3  4.9  155
 12.9  0.0  0.0 12.9  0.0  0.0  0.0  0.0  6.5  0.0  0.0  0.0  0.0  0.0  0.0
  0.0  0.0  0.0  6.5  0.0  0.0406.5116.1 51.6 32.3  0.0 12.9  0.0  0.0  0.0
  0.0  6.5  0.0  0.0  0.0 25.8  6.5  0.0  0.0  0.0  0.0  0.0  6.5  0.0  0.0
  0.0  0.0  6.5  0.0  0.0  0.0 12.9  0.0  0.0  0.0 71.0  6.5  0.0 83.9 12.9
  6.5  0.0  0.0  0.0  0.0  0.0  0.0  0.0  0.0  0.0  0.0  0.0  0.0  0.0  0.0
  0.0  0.0  0.0  0.0  0.0  6.5  0.0  0.0  0.0  0.0  0.0  0.0  0.0  0.0  0.0
  0.0  0.0  0.0  0.0  0.0  0.0  0.0  0.0  0.0  0.0  0.0  0.0  0.0  0.0  0.0
  6.5  0.0  0.0  6.5  0.0  0.0  0.0  0.0  0.0  0.0  0.0  0.0  0.0  0.0  0.0
  0.0  0.0  0.0  0.0  0.0  0.0  0.0  6.5  6.5  0.0 12.9  6.5 19.4  0.0  0.0
  0.0  0.0  0.0  0.0  0.0  6.5  0.0 12.9  0.0 12.9  0.0  6.5 19.4  0.0  0.0
    -26.42     -2.19      1.90     -6.61      0.41  0.0  6.5  0.0  0.0  0.0
                                     t000107_s19_p6_qjpp.txt 32.0  4.9  296
  0.0  0.0  0.0  6.8  0.0  0.0  0.0  0.0  0.0  0.0  0.0  0.0  0.0  0.0  0.0
  0.0  0.0  0.0  6.8  0.0  0.0449.3 77.7 40.5 54.1  0.0  0.0  0.0  0.0  0.0
  0.0  0.0  0.0  0.0  0.0 30.4  0.0  0.0  0.0  0.0  0.0  6.8  6.8 13.5  0.0
  0.0  3.4  0.0  6.8 10.1  0.0 10.1 13.5  0.0  0.0 64.2  0.0  0.0 70.9  6.8
  0.0  0.0  0.0  0.0  0.0  0.0  0.0  0.0  0.0  0.0  0.0  0.0  0.0  0.0  0.0
  0.0  0.0  0.0  0.0  0.0  0.0  0.0  0.0  0.0  0.0  0.0  0.0  0.0  0.0  0.0
  0.0  0.0  0.0  0.0  0.0  0.0  0.0  0.0  0.0  0.0  0.0  0.0  0.0  0.0  0.0
  0.0  0.0  0.0  0.0  0.0  0.0  0.0  0.0  0.0  0.0  0.0  0.0  0.0  0.0  0.0
  0.0  0.0  0.0  0.0  0.0  0.0  0.0  0.0  0.0  3.4  3.4  0.0  6.8 16.9  0.0
  0.0  0.0  0.0  0.0  0.0  0.0  0.0 20.3  3.4 10.1  0.0 20.3  3.4  0.0  0.0
    -27.27     -3.95     -0.75     -3.90      2.64  3.4  0.0  0.0  0.0  0.0
                                     t000107_s19_p7_qjpp.txt 25.5  4.2  289
  6.9  0.0  0.0 17.3  0.0  0.0  0.0  0.0 10.4  0.0  6.9  0.0  0.0  0.0  0.0
  0.0  0.0  6.9  6.9  0.0  0.0446.4121.1 38.1 27.7  0.0  0.0  3.5  0.0  0.0
  0.0  0.0  0.0  0.0  0.0 13.8  0.0  0.0  0.0  0.0  0.0  0.0  6.9  0.0  0.0
  0.0  0.0  6.9  0.0 10.4  6.9  6.9  0.0  0.0  0.0 58.8 10.4  3.5 55.4 10.4
  0.0  0.0  0.0  0.0  0.0  0.0  0.0  0.0  0.0  0.0  0.0  0.0  0.0  0.0  0.0
  0.0  0.0  0.0  3.5  0.0  0.0  3.5  0.0  0.0  0.0  0.0  0.0  3.5  0.0  0.0
  0.0  0.0  0.0  0.0  0.0  0.0  0.0  0.0  0.0  0.0  0.0  0.0  0.0  0.0  0.0
  6.9  0.0  3.5 10.4  0.0  0.0  0.0  0.0  0.0  0.0  0.0  0.0  0.0  0.0  0.0
  0.0  0.0  0.0  0.0  0.0  0.0  0.0  3.5 27.7 10.4  3.5  0.0  0.0 27.7  0.0
  0.0  0.0  0.0  0.0  0.0  6.9  0.0  6.9  3.5 10.4  0.0  0.0 10.4  0.0  0.0
    -22.86     -4.18      0.19     -6.61      0.70  0.0  0.0  0.0  3.5  0.0
                                     t000107_s19_p8_qjpp.txt 23.5  4.8  123
  8.1  0.0  0.0  8.1  0.0  0.0  0.0  0.0  0.0  0.0  0.0  0.0  0.0  0.0  0.0
  0.0  0.0  0.0  0.0  0.0  0.0471.5 97.6 32.5 16.3  0.0  0.0  0.0  0.0  0.0
  0.0  0.0  0.0  0.0  0.0 16.3  0.0  0.0  0.0  0.0  0.0  0.0 16.3  8.1  0.0
  8.1  0.0  0.0  0.0  0.0  0.0  0.0 16.3  0.0  0.0 48.8  0.0  0.0 48.8  8.1
  0.0  0.0  0.0  0.0  0.0  0.0  0.0  0.0  0.0  0.0  0.0  0.0  0.0  0.0  0.0
  0.0  0.0  0.0  0.0  0.0  0.0  0.0  0.0  0.0  0.0  0.0  0.0  0.0  0.0  0.0
  0.0  0.0  0.0  0.0  0.0  0.0  0.0  0.0  0.0  0.0  0.0  0.0  0.0  0.0  0.0
  0.0  0.0  0.0  0.0  0.0  0.0  0.0  0.0  0.0  0.0  0.0  0.0  0.0  0.0  0.0
  0.0  0.0  0.0  0.0  0.0  0.0  0.0  0.0 40.7  8.1 16.3  0.0 16.3 16.3  0.0
  0.0  0.0  0.0  0.0  0.0  8.1  0.0  8.1  0.0  8.1  0.0  0.0  8.1  0.0  0.0
    -28.57     -5.19      0.05     -6.61     10.39  0.0 16.3  0.0  0.0  0.0
                                     t000107_s19_p9_qjpp.txt 28.5  4.6  591
  3.4  0.0  0.0  8.5  0.0  0.0  0.0  0.0  3.4  0.0  0.0  0.0  0.0  0.0  0.0
  0.0  0.0  0.0  3.4  0.0  0.0450.1 79.5 66.0 28.8  0.0  6.8  3.4  0.0  0.0
  0.0  0.0  0.0  0.0  0.0 18.6  3.4  0.0  0.0  0.0  0.0  1.7  8.5 10.2  0.0
  0.0  1.7  1.7  1.7  5.1  0.0  5.1 10.2  0.0  0.0 81.2  3.4  1.7 54.1  1.7
  5.1  0.0  0.0  0.0  0.0  0.0  0.0  0.0  0.0  0.0  0.0  0.0  0.0  0.0  0.0
  0.0  0.0  0.0  1.7  0.0  1.7  0.0  0.0  0.0  0.0  0.0  0.0  0.0  0.0  0.0
  1.7  0.0  0.0  0.0  0.0  0.0  0.0  0.0  0.0  0.0  0.0  0.0  1.7  0.0  0.0
  3.4  0.0  0.0  3.4  1.7  0.0  1.7  1.7  0.0  0.0  0.0  0.0  0.0  0.0  0.0
  0.0  0.0  0.0  0.0  0.0  0.0  0.0  0.0 18.6  1.7  5.1  3.4 13.5  3.4  0.0
  0.0  0.0  0.0  0.0  0.0  3.4  0.0  3.4  1.7  1.7  0.0  5.1  3.4  0.0  0.0
    -28.14     -2.85     -0.08     -5.93      3.20  0.0  0.0  0.0  0.0  0.0
                                      t000107_s2_p1_qjpp.txt 17.3  5.4   99
  0.0  0.0  0.0 70.7  0.0  0.0  0.0  0.0  0.0  0.0  0.0  0.0  0.0  0.0  0.0
  0.0  0.0  0.0 10.1  0.0  0.0575.8131.3  0.0 10.1  0.0  0.0  0.0  0.0  0.0
  0.0  0.0  0.0  0.0  0.0 20.2  0.0  0.0  0.0  0.0  0.0  0.0  0.0  0.0 40.4
  0.0  0.0  0.0  0.0  0.0  0.0 10.1 40.4  0.0  0.0  0.0  0.0  0.0 80.8  0.0
 10.1  0.0  0.0  0.0  0.0  0.0  0.0  0.0  0.0  0.0  0.0  0.0  0.0  0.0  0.0
  0.0  0.0  0.0  0.0  0.0  0.0  0.0  0.0  0.0  0.0  0.0  0.0  0.0  0.0  0.0
  0.0  0.0  0.0  0.0  0.0  0.0  0.0  0.0  0.0  0.0  0.0  0.0  0.0  0.0  0.0
  0.0  0.0  0.0  0.0  0.0  0.0  0.0  0.0  0.0  0.0  0.0  0.0  0.0  0.0  0.0
  0.0  0.0  0.0  0.0  0.0  0.0  0.0  0.0 20.2  0.0  0.0  0.0  0.0  0.0  0.0
 10.1  0.0  0.0  0.0  0.0  0.0  0.0  0.0 10.1  0.0  0.0  0.0  0.0  0.0  0.0
    -29.48     -5.40     -0.17     -6.61     27.45  0.0  0.0  0.0  0.0  0.0
                                      t000107_s6_p1_qjpp.txt 20.5  5.7  126
  0.0  0.0  0.0  7.9  0.0  0.0  0.0  0.0 15.9  0.0  0.0  0.0  0.0  0.0  0.0
  7.9  0.0  0.0  0.0  0.0  0.0381.0150.8 79.4 31.7  0.0  0.0  0.0  0.0  0.0
  0.0  0.0  0.0  0.0  0.0 15.9  7.9  0.0  0.0  0.0  0.0  7.9  7.9  0.0  0.0
  0.0  0.0  0.0  0.0  0.0  0.0  0.0  0.0  0.0  0.0127.0 15.9  0.0 79.4 15.9
  7.9  0.0  0.0  0.0  0.0  0.0  0.0  0.0  0.0  0.0  0.0  0.0  0.0  0.0  0.0
  0.0  0.0  0.0  0.0  0.0  0.0  0.0  0.0  0.0  0.0  0.0  0.0  0.0  0.0  0.0
  0.0  0.0  0.0  0.0  0.0  0.0  0.0  0.0  0.0  7.9  0.0  0.0  0.0  0.0  0.0
  0.0  0.0  0.0  0.0  0.0  0.0  7.9  0.0  0.0  0.0  0.0  0.0  0.0  0.0  0.0
  0.0  0.0  0.0  0.0  0.0  0.0  0.0  0.0 23.8  0.0  7.9  7.9  0.0  0.0  0.0
  0.0  0.0  0.0  0.0  0.0  7.9  0.0  7.9  0.0  7.9 15.9  0.0  0.0  0.0  0.0
    -29.83     -4.68      0.07     -3.43      1.33  0.0  0.0  0.0  0.0  7.9
                                      t000107_s6_p2_qjpp.txt 32.0  4.8  474
  8.4  0.0  0.0 21.1  4.2  0.0  0.0  0.0  2.1  0.0  0.0  0.0  0.0  0.0  0.0
  0.0  0.0  2.1  2.1  0.0  0.0489.5 82.3 50.6 12.7  0.0  2.1  0.0  0.0  0.0
  0.0  2.1  0.0  2.1  0.0  4.2  2.1  0.0  0.0  0.0  0.0  0.0  4.2  2.1  0.0
  0.0  0.0  0.0  0.0  0.0  2.1  4.2  2.1  0.0  0.0 59.1  6.3  0.0 48.5  4.2
  4.2  0.0  0.0  0.0  0.0  0.0  0.0  0.0  0.0  0.0  0.0  0.0  0.0  0.0  0.0
  0.0  0.0  0.0  0.0  0.0  0.0  0.0  0.0  0.0  0.0  0.0  0.0  0.0  0.0  0.0
  0.0  0.0  0.0  0.0  2.1  0.0  0.0  0.0  0.0  0.0  0.0  0.0  0.0  0.0  0.0
  0.0  0.0  0.0  0.0  0.0  2.1  2.1  0.0  0.0  0.0  0.0  0.0  0.0  0.0  0.0
  0.0  0.0  0.0  0.0  0.0  0.0  0.0  0.0  6.3  0.0  6.3  2.1 16.9  0.0  0.0
  0.0  0.0  0.0  0.0  0.0  0.0  2.1  4.2  0.0 14.8  4.2  2.1  4.2  0.0  0.0
    -27.46     -4.91      0.91     -6.61     -0.67  0.0  0.0  2.1  0.0  0.0
                                      t000107_s6_p3_qjpp.txt 34.3  5.3  361
  8.3  0.0  0.0 44.3  0.0  0.0  0.0  0.0  5.5  0.0  0.0  0.0  0.0  0.0  0.0
  0.0  0.0  5.5  5.5  0.0  0.0493.1 83.1 49.9  2.8  0.0  0.0  8.3  0.0  0.0
  0.0  0.0  0.0  0.0  2.8 36.0  8.3  0.0  0.0  0.0  0.0  0.0 13.9  2.8  0.0
  0.0  0.0  8.3  2.8  0.0  5.5  5.5  2.8  0.0  0.0 52.6  5.5  0.0 69.3  8.3
  5.5  0.0  0.0  0.0  0.0  0.0  0.0  0.0  0.0  0.0  0.0  0.0  0.0  0.0  0.0
  0.0  0.0  0.0  5.5  0.0  2.8  2.8  0.0  0.0  0.0  0.0  0.0  0.0  0.0  0.0
  0.0  0.0  0.0  2.8  0.0  0.0  0.0  0.0  0.0  0.0  0.0  0.0  0.0  2.8  0.0
 11.1  0.0  0.0 11.1  2.8  0.0  2.8  2.8  0.0  0.0  0.0  0.0  0.0  0.0  0.0
  0.0  0.0  0.0  0.0  0.0  0.0  0.0  0.0 16.6  2.8 11.1  5.5 16.6  0.0  0.0
  0.0  0.0  0.0  0.0  0.0  5.5  0.0  0.0 13.9  5.5  5.5  2.8  5.5  0.0  0.0
    -26.59     -4.10     -1.89     -6.61      5.45  0.0  0.0  0.0  0.0  0.0
                                      t000107_s6_p4_qjpp.txt 31.3  4.8  789
  2.5  1.3  0.0 36.8  0.0  0.0  0.0  0.0  1.3  1.3  2.5  1.3  0.0  0.0  0.0
  0.0  0.0  6.3  2.5  0.0  0.0443.6 74.8 39.3  8.9  0.0  3.8  2.5  0.0  0.0
  0.0  0.0  0.0  1.3  0.0 22.8  6.3  1.3  1.3  0.0  0.0  1.3 10.1  1.3  1.3
  2.5  2.5  0.0  1.3  2.5  7.6  6.3  5.1  0.0  0.0 59.6  1.3  0.0 58.3  2.5
  7.6  0.0  0.0  0.0  0.0  0.0  0.0  0.0  0.0  0.0  0.0  0.0  0.0  0.0  0.0
  0.0  0.0  0.0  0.0  0.0  0.0  0.0  0.0  0.0  1.3  0.0  0.0  0.0  0.0  0.0
  0.0  0.0  0.0  0.0  1.3  0.0  0.0  1.3  0.0  3.8  0.0  0.0  0.0  0.0  0.0
  0.0  1.3  0.0  1.3  0.0  2.5  6.3  0.0  0.0  0.0  0.0  0.0  0.0  0.0  0.0
  0.0  0.0  0.0  0.0  0.0  0.0  0.0  1.3  8.9  3.8  8.9  1.3  8.9  2.5  0.0
  0.0  0.0  0.0  0.0  0.0  1.3  0.0  2.5  1.3  0.0  1.3  2.5  7.6  1.3  0.0
    -23.01     -4.24     -0.68     -5.39      4.70  0.0  0.0  0.0  0.0  0.0
                                      t000107_s6_p5_qjpp.txt 35.3  5.3  231
  4.3  0.0  0.0 26.0  0.0  0.0  0.0  0.0  0.0 13.0 13.0  0.0  0.0  0.0  0.0
  0.0  0.0  4.3  4.3  0.0  0.0428.6121.2 90.9 17.3  0.0  0.0  0.0  0.0  0.0
  0.0  0.0  0.0  0.0  4.3 21.6 13.0  8.7  0.0  0.0  0.0  0.0  4.3  0.0  0.0
  0.0  0.0  0.0  0.0 21.6 13.0  4.3  0.0  0.0  0.0112.6  0.0  0.0 60.6  0.0
  4.3  4.3  0.0  0.0  0.0  0.0  0.0  0.0  0.0  0.0  0.0  0.0  0.0  0.0  0.0
  0.0  0.0  0.0  0.0  0.0  0.0  0.0  4.3  0.0  8.7  0.0  0.0  0.0  0.0  0.0
  0.0  0.0  0.0  0.0  4.3  0.0  0.0  0.0  4.3  4.3  4.3  0.0  0.0  0.0  0.0
  0.0 13.0  0.0 13.0  0.0  8.7 13.0  4.3  0.0  0.0  0.0  0.0  0.0  0.0  0.0
  0.0  0.0  0.0  0.0  0.0  0.0  0.0  0.0 21.6  4.3 13.0  4.3 13.0  0.0  0.0
  0.0  0.0  0.0  0.0  0.0 13.0  0.0  8.7  0.0  4.3  0.0  4.3  0.0  0.0  0.0
    -27.09     -5.16     -1.53     -4.54     -0.92  0.0  0.0  0.0  0.0  0.0
                                      t000107_s6_p6_qjpp.txt 16.5  5.3   93
 10.8  0.0  0.0 64.5  0.0  0.0 10.8  0.0  0.0 10.8  0.0  0.0  0.0  0.0  0.0
 21.5  0.0  0.0  0.0  0.0  0.0333.3182.8 53.8 43.0  0.0  0.0  0.0  0.0  0.0
  0.0  0.0  0.0  0.0 10.8 10.8 10.8  0.0 21.5  0.0 10.8  0.0 10.8  0.0  0.0
  0.0  0.0  0.0  0.0  0.0 10.8  0.0  0.0  0.0  0.0 64.5  0.0  0.0139.8 10.8
  0.0  0.0  0.0  0.0  0.0  0.0  0.0  0.0  0.0  0.0  0.0  0.0  0.0  0.0  0.0
  0.0  0.0  0.0  0.0  0.0  0.0  0.0  0.0  0.0  0.0  0.0  0.0  0.0  0.0  0.0
  0.0  0.0  0.0  0.0  0.0  0.0  0.0  0.0  0.0  0.0  0.0  0.0  0.0  0.0  0.0
  0.0  0.0  0.0  0.0  0.0  0.0  0.0  0.0  0.0  0.0  0.0  0.0  0.0  0.0  0.0
  0.0  0.0  0.0  0.0  0.0  0.0  0.0  0.0 21.5  0.0 21.5 21.5 10.8  0.0  0.0
  0.0  0.0  0.0  0.0  0.0  0.0  0.0 43.0  0.0  0.0 10.8  0.0 43.0  0.0  0.0
    -16.51     -4.31     -2.80      5.45      3.09  0.0  0.0  0.0  0.0  0.0
                                      t000107_s8_p1_qjpp.txt 32.5  5.1  653
  1.5  0.0  0.0 21.4  0.0  0.0  0.0  1.5  0.0  0.0  0.0  0.0  0.0  0.0  0.0
  0.0  0.0  1.5  3.1  0.0  0.0505.4 70.4 50.5  9.2  0.0  3.1  0.0  0.0  0.0
  0.0  3.1  0.0  0.0  0.0  9.2  1.5  0.0  0.0  0.0  0.0  0.0  3.1  1.5  0.0
  3.1  3.1  0.0  0.0  1.5  1.5  9.2  4.6  0.0  0.0 61.3  0.0  1.5 41.3  3.1
  1.5  0.0  0.0  0.0  0.0  0.0  0.0  0.0  0.0  0.0  0.0  0.0  0.0  0.0  0.0
  0.0  0.0  0.0  0.0  0.0  0.0  0.0  0.0  0.0  0.0  0.0  0.0  0.0  0.0  0.0
  0.0  1.5  0.0  0.0  0.0  0.0  0.0  0.0  0.0  1.5  0.0  0.0  0.0  0.0  0.0
  0.0  0.0  0.0  0.0  1.5  0.0  3.1  0.0  0.0  0.0  0.0  0.0  0.0  0.0  0.0
  0.0  0.0  0.0  0.0  0.0  0.0  0.0  0.0  9.2  6.1  4.6  0.0 12.3  3.1  0.0
  0.0  4.6  0.0  0.0  0.0  3.1  0.0  4.6  0.0  3.1  0.0  3.1  0.0  0.0  0.0
    -28.90     -4.84      1.59     -6.61     -0.49  0.0  0.0  0.0  0.0  0.0
                                      t000107_s8_p2_qjpp.txt 32.5  5.0  748
  0.0  0.0  0.0 24.1  0.0  0.0  0.0  0.0  0.0  0.0  0.0  0.0  0.0  0.0  0.0
  0.0  0.0  0.0  1.3  0.0  0.0516.0 68.2 46.8  5.3  0.0  1.3  2.7  0.0  0.0
  0.0  1.3  0.0  0.0  0.0 13.4  1.3  0.0  0.0  0.0  0.0  2.7  5.3  5.3  0.0
  2.7  0.0  0.0  0.0  2.7  0.0  2.7  8.0  0.0  0.0 58.8  0.0  0.0 37.4  0.0
  2.7  0.0  0.0  0.0  0.0  0.0  0.0  0.0  0.0  0.0  0.0  0.0  0.0  0.0  0.0
  0.0  0.0  0.0  0.0  0.0  0.0  0.0  0.0  0.0  0.0  0.0  0.0  0.0  0.0  0.0
  0.0  0.0  0.0  0.0  1.3  0.0  0.0  0.0  0.0  1.3  0.0  0.0  0.0  0.0  0.0
  0.0  0.0  0.0  0.0  0.0  1.3  2.7  0.0  0.0  0.0  0.0  0.0  0.0  0.0  0.0
  0.0  0.0  0.0  0.0  0.0  0.0  0.0  0.0  8.0  1.3  4.0  2.7 10.7  5.3  0.0
  0.0  0.0  0.0  0.0  0.0  1.3  4.0  2.7  1.3  5.3  1.3  0.0  2.7  0.0  0.0
    -29.84     -4.80      0.71     -5.54      1.39  0.0  1.3  0.0  0.0  0.0
                                      t000107_s8_p3_qjpp.txt 29.5  4.8  511
  5.9  0.0  0.0 31.3  0.0  0.0  0.0  2.0  0.0  0.0  0.0  0.0  0.0  0.0  0.0
  0.0  0.0  2.0  2.0  0.0  0.0502.9 76.3 27.4  0.0  2.0  2.0  0.0  0.0  0.0
  0.0  2.0  0.0  0.0  0.0  5.9  5.9  0.0  0.0  0.0  0.0  0.0  2.0  0.0  0.0
  0.0  0.0  0.0  0.0  3.9  2.0  3.9  0.0  0.0  0.0 35.2  2.0  2.0 39.1  0.0
  3.9  0.0  0.0  0.0  0.0  0.0  0.0  0.0  0.0  0.0  0.0  0.0  0.0  0.0  0.0
  0.0  0.0  0.0  0.0  0.0  0.0  0.0  0.0  0.0  0.0  0.0  0.0  0.0  0.0  0.0
  0.0  0.0  0.0  0.0  0.0  0.0  0.0  0.0  0.0  0.0  0.0  0.0  0.0  0.0  0.0
  0.0  0.0  0.0  0.0  0.0  0.0  0.0  0.0  0.0  0.0  0.0  0.0  0.0  0.0  0.0
  0.0  0.0  0.0  0.0  0.0  0.0  0.0  2.0  9.8  5.9 15.7  5.9 17.6  0.0  0.0
  0.0  0.0  0.0  0.0  0.0  0.0  0.0  3.9  0.0  0.0  0.0  2.0  3.9  0.0  0.0
    -26.31     -5.26      1.36     -6.61     -2.40  0.0  2.0  0.0  0.0  0.0
                                      t000107_s8_p4_qjpp.txt 33.3  4.7  807
  3.7  1.2  0.0 26.0  0.0  0.0  0.0  0.0  1.2  0.0  2.5  1.2  0.0  0.0  0.0
  1.2  0.0  6.2  1.2  0.0  0.0482.0 50.8 45.8  8.7  0.0  3.7  5.0  0.0  0.0
  0.0  0.0  0.0  0.0  0.0  8.7  5.0  2.5  1.2  0.0  1.2  0.0  3.7  0.0  0.0
  0.0  1.2  1.2  0.0  0.0  9.9  3.7  0.0  0.0  0.0 57.0  1.2  0.0 47.1  5.0
  6.2  0.0  0.0  0.0  0.0  0.0  0.0  0.0  0.0  0.0  0.0  0.0  0.0  0.0  0.0
  0.0  0.0  0.0  1.2  0.0  0.0  0.0  0.0  0.0  0.0  0.0  0.0  0.0  0.0  0.0
  0.0  0.0  0.0  0.0  0.0  0.0  0.0  0.0  0.0  3.7  0.0  0.0  0.0  0.0  0.0
  1.2  0.0  0.0  1.2  0.0  0.0  3.7  0.0  0.0  0.0  0.0  0.0  0.0  0.0  0.0
  0.0  0.0  0.0  0.0  0.0  0.0  0.0  0.0 13.6  3.7 13.6  0.0 17.3  0.0  0.0
  0.0  1.2  0.0  0.0  0.0  1.2  0.0  3.7  2.5  1.2  2.5  0.0  3.7  0.0  0.0
    -23.52     -3.81      0.48     -5.03     -1.30  0.0  0.0  0.0  0.0  0.0
                                      t000107_s8_p5_qjpp.txt 34.3  4.9 1381
  4.3  0.0  0.0 15.2  2.9  0.0  0.0  0.0  5.1  0.0  0.0  0.0  0.0  0.0  0.0
  0.0  0.0  0.0  5.1  0.0  0.0495.3 86.2 52.9 21.0  0.0  2.9  0.0  0.0  0.0
  0.0  2.2  0.0  0.0  1.4 10.1  5.1  0.0  1.4  0.0  0.0  0.0  4.3  2.2  0.7
  1.4  2.2  0.0  0.7  0.7  0.0  9.4  4.3  0.0  0.0 60.1  8.0  0.0 55.0  1.4
  2.2  0.0  0.0  0.0  0.0  0.0  0.0  0.0  0.0  0.0  0.0  0.0  0.0  0.0  0.0
  0.0  0.0  0.0  0.0  0.0  0.0  0.7  0.0  0.0  0.0  0.0  0.0  0.0  0.0  0.0
  0.0  0.7  0.7  0.7  0.0  0.0  0.0  0.0  0.0  0.7  0.0  0.0  0.0  0.0  0.0
  0.7  0.0  0.0  0.7  2.2  0.0  2.9  0.0  0.0  0.0  0.0  0.0  0.0  0.0  0.0
  0.0  0.0  0.0  0.0  0.0  0.0  0.0  0.7 10.1  2.2 10.1  5.1 12.3  1.4  0.0
  0.0  2.2  0.0  0.0  0.0  3.6  0.7  5.8  1.4  9.4  1.4  1.4  2.2  0.0  0.0
    -28.86     -4.48      0.78     -6.14      0.44  0.0  0.0  1.4  0.0  0.0
                                      t000108_s1_p1_qjpp.txt 25.3  6.0  142
 14.1  0.0  0.0 56.3  0.0  0.0  0.0  0.0  7.0  0.0  7.0  0.0  0.0  0.0  0.0
  0.0  0.0  7.0  0.0  0.0  0.0450.7126.8 56.3 35.2  7.0  0.0  0.0  0.0  0.0
  7.0  7.0  0.0  7.0  7.0 14.1  7.0  0.0  0.0  0.0  0.0  0.0 14.1 21.1  0.0
  7.0  0.0 14.1  0.0  7.0  7.0  7.0 28.2  0.0  7.0 84.5 14.1  7.0112.7  0.0
 21.1  0.0  0.0  0.0  0.0  0.0  0.0  0.0  0.0  0.0  0.0  0.0  0.0  0.0  0.0
  0.0  0.0  0.0  7.0  0.0  7.0  7.0  0.0  0.0  0.0  0.0  0.0  0.0  0.0  0.0
  7.0  0.0  0.0  0.0  0.0  0.0  0.0  0.0  0.0  0.0  0.0  0.0  0.0  0.0  0.0
 21.1  0.0  0.0 21.1  7.0  0.0  7.0  0.0  0.0  0.0  0.0  0.0  0.0  0.0  0.0
  0.0  0.0  0.0  0.0  0.0  0.0  0.0  7.0 14.1  0.0 28.2 28.2 28.2  0.0  0.0
  0.0  7.0  0.0  0.0  0.0  0.0  7.0 14.1  7.0  7.0  0.0  0.0 14.1  0.0  0.0
    -28.44     -4.26      5.10     -6.61     10.65  0.0  0.0  0.0  0.0  0.0
                                     t000108_s14_p1_qjpp.txt 33.3  5.3 1332
  0.0  0.0  0.0  5.3  0.0  0.0  0.0  0.0  3.0  0.0  0.0  0.0  0.0  0.0  0.0
  0.0  0.0  0.0  0.8  0.0  0.0660.7 33.0 42.0  0.8  0.8  0.0  0.0  0.0  0.0
  0.0  0.8  0.0  0.0  0.0  1.5  0.8  0.0  0.0  0.0  0.0  0.0  0.0  0.0  0.0
  0.0  0.0  0.0  0.0  0.0  0.0  1.5  0.0  0.0  0.0 48.0  3.8  0.0  8.3  0.8
  0.0  0.0  0.0  0.0  0.0  0.0  0.0  0.0  0.0  0.0  0.0  0.0  0.0  0.0  0.0
  0.0  0.0  0.0  0.0  0.0  0.0  0.0  0.0  0.0  0.0  0.0  0.0  0.0  0.0  0.0
  0.0  0.0  0.0  0.0  0.0  0.0  0.0  0.0  0.0  0.0  0.0  0.0  0.0  0.0  0.0
  0.0  0.0  0.0  0.0  0.0  0.0  0.0  0.0  0.0  0.0  0.0  0.0  0.0  0.0  0.0
  0.0  0.0  0.0  0.0  0.0  0.0  0.0  0.8  2.3  3.0  7.5  6.8 11.3  0.8  0.0
  1.5  0.0  0.0  0.0  0.0  0.0  0.8  0.0  0.0  0.8  0.0  0.0  0.0  0.0  0.0
    -33.59     -5.67      1.17     -6.61     -3.63  0.0  0.0  1.5  0.0  0.0
                                    t000108_s14_p10_qjpp.txt 15.3  4.4   85
  0.0  0.0  0.0 11.8  0.0  0.0  0.0  0.0  0.0  0.0  0.0  0.0  0.0  0.0  0.0
  0.0  0.0  0.0  0.0  0.0  0.0400.0117.6 11.8 58.8  0.0  0.0  0.0  0.0  0.0
  0.0  0.0  0.0 11.8  0.0 58.8  0.0  0.0  0.0  0.0  0.0  0.0  0.0 47.1 11.8
  0.0  0.0  0.0  0.0  0.0  0.0  0.0 58.8  0.0  0.0 47.1  0.0  0.0 94.1 11.8
  0.0  0.0  0.0  0.0  0.0  0.0  0.0  0.0  0.0  0.0  0.0  0.0  0.0  0.0  0.0
  0.0  0.0  0.0  0.0  0.0  0.0  0.0  0.0  0.0  0.0  0.0  0.0  0.0  0.0  0.0
  0.0  0.0  0.0  0.0  0.0  0.0  0.0  0.0  0.0  0.0  0.0  0.0  0.0  0.0  0.0
  0.0  0.0  0.0  0.0  0.0  0.0  0.0  0.0  0.0  0.0  0.0  0.0  0.0  0.0  0.0
  0.0  0.0  0.0  0.0  0.0  0.0  0.0  0.0 11.8  0.0  0.0  0.0  0.0 11.8  0.0
  0.0  0.0  0.0  0.0  0.0  0.0  0.0 47.1 35.3  0.0  0.0  0.0  0.0  0.0  0.0
    -25.78     -3.79     -5.73     -6.61     12.55  0.0  0.0  0.0  0.0  0.0
                                    t000108_s14_p11_qjpp.txt 36.0  4.8  375
  0.0  0.0  0.0  8.0  0.0  0.0  0.0  0.0  0.0  0.0  0.0  0.0  0.0  0.0  0.0
  0.0  0.0  0.0  2.7  0.0  0.0405.3 90.7 34.7 48.0  0.0  0.0  0.0  0.0  0.0
  0.0  0.0  0.0  0.0  2.7 13.3  8.0  0.0  0.0  0.0  0.0  0.0  0.0 29.3  2.7
  0.0  0.0  0.0  0.0  0.0  0.0  2.7 32.0  0.0  0.0 69.3  0.0  0.0 74.7  0.0
  0.0  0.0  0.0  0.0  0.0  0.0  0.0  0.0  0.0  0.0  0.0  0.0  0.0  0.0  0.0
  0.0  0.0  0.0  0.0  0.0  0.0  0.0  0.0  0.0  0.0  0.0  0.0  0.0  0.0  0.0
  0.0  0.0  0.0  0.0  0.0  0.0  0.0  0.0  0.0  0.0  0.0  0.0  0.0  0.0  0.0
  0.0  0.0  0.0  0.0  0.0  0.0  0.0  0.0  0.0  0.0  0.0  0.0  0.0  0.0  0.0
  0.0  0.0  0.0  0.0  0.0  0.0  0.0  5.3  5.3  0.0  8.0  5.3  5.3  8.0  2.7
  0.0  2.7  0.0  5.3  0.0  0.0  0.0 18.7  0.0  8.0  2.7  0.0  2.7  2.7  0.0
    -26.83     -4.15     -0.57     -6.61      2.87  2.7  0.0  0.0  0.0  0.0
                                    t000108_s14_p12_qjpp.txt 35.5  5.4  525
  1.9  1.9  0.0  9.5  0.0  0.0  0.0  0.0  1.9  0.0  0.0  0.0  0.0  0.0  0.0
  0.0  0.0  1.9  1.9  0.0  1.9438.1114.3 57.1 53.3  1.9  0.0  0.0  0.0  0.0
  0.0  1.9  0.0  3.8  3.8  9.5  5.7  0.0  0.0  0.0  0.0  1.9  0.0 24.8  1.9
  9.5  1.9  0.0  1.9  0.0  1.9  5.7 36.2  0.0  0.0 74.3  3.8  0.0 97.1 11.4
  1.9  0.0  0.0  0.0  0.0  0.0  0.0  0.0  0.0  0.0  0.0  0.0  0.0  0.0  0.0
  0.0  0.0  0.0  0.0  0.0  1.9  0.0  0.0  0.0  0.0  0.0  0.0  0.0  0.0  0.0
  0.0  0.0  0.0  0.0  0.0  0.0  0.0  0.0  0.0  0.0  0.0  0.0  0.0  0.0  0.0
  1.9  0.0  0.0  1.9  0.0  0.0  0.0  0.0  0.0  0.0  0.0  0.0  0.0  0.0  0.0
  0.0  0.0  0.0  0.0  0.0  0.0  0.0  5.7 15.2  3.8 24.8 19.0 26.7  9.5  3.8
  0.0  0.0  0.0  3.8  0.0  5.7  0.0 24.8  3.8  3.8  3.8  0.0  1.9  0.0  0.0
    -29.31     -3.89     -1.07     -5.84      4.66  0.0  0.0  0.0  1.9  0.0
                                    t000108_s14_p13_qjpp.txt 40.3  5.0  201
  0.0  0.0  0.0  0.0  0.0  0.0  0.0  0.0  5.0  0.0  0.0  0.0  0.0  0.0  0.0
  0.0  0.0  0.0 10.0  0.0  0.0527.4 79.6 34.8 34.8  0.0  0.0  0.0  0.0  0.0
  0.0  0.0  0.0  0.0  0.0  5.0  0.0  0.0  0.0  0.0  0.0  0.0  0.0 14.9  0.0
  0.0  0.0  0.0  0.0  0.0  0.0 10.0 14.9  0.0  0.0 49.8  5.0  0.0 49.8  0.0
  0.0  0.0  0.0  0.0  0.0  0.0  0.0  0.0  0.0  0.0  0.0  0.0  0.0  0.0  0.0
  0.0  0.0  0.0  0.0  0.0  0.0  0.0  0.0  0.0  0.0  0.0  0.0  0.0  0.0  0.0
  0.0  0.0  0.0  0.0  0.0  0.0  0.0  0.0  0.0  0.0  5.0  0.0  0.0  0.0  0.0
  0.0  0.0  0.0  0.0  0.0  0.0  0.0  5.0  0.0  0.0  0.0  0.0  0.0  0.0  0.0
  0.0  0.0  0.0  0.0  0.0  0.0  0.0  0.0  0.0  0.0  5.0 10.0 19.9  5.0  0.0
  0.0  0.0  0.0  0.0  0.0  0.0  0.0 10.0  0.0  0.0  0.0  0.0  0.0  0.0  0.0
    -28.86     -4.58      0.69     -6.61     -1.36  0.0  0.0  0.0  0.0  0.0
                                    t000108_s14_p14_qjpp.txt 11.0  5.3   53
  0.0  0.0  0.0  0.0  0.0  0.0  0.0  0.0  0.0  0.0  0.0  0.0  0.0  0.0  0.0
  0.0  0.0  0.0  0.0  0.0  0.0509.4 94.3 75.5 75.5  0.0  0.0  0.0  0.0  0.0
  0.0  0.0  0.0  0.0  0.0 37.7  0.0  0.0  0.0  0.0  0.0  0.0  0.0 37.7  0.0
  0.0  0.0  0.0  0.0  0.0  0.0  0.0 37.7  0.0  0.0 94.3  0.0  0.0113.2 37.7
  0.0  0.0  0.0  0.0  0.0  0.0  0.0  0.0  0.0  0.0  0.0  0.0  0.0  0.0  0.0
  0.0  0.0  0.0  0.0  0.0  0.0  0.0  0.0  0.0  0.0  0.0  0.0  0.0  0.0  0.0
  0.0  0.0  0.0  0.0  0.0  0.0  0.0  0.0  0.0  0.0  0.0  0.0  0.0  0.0  0.0
  0.0  0.0  0.0  0.0  0.0  0.0  0.0  0.0  0.0  0.0  0.0  0.0  0.0  0.0  0.0
  0.0  0.0  0.0  0.0  0.0  0.0  0.0  0.0  0.0  0.0 37.7 18.9 37.7 18.9 18.9
  0.0  0.0  0.0  0.0  0.0  0.0  0.0 56.6  0.0  0.0  0.0  0.0  0.0  0.0  0.0
    -34.06     -3.25     -1.17     -6.61      2.09  0.0  0.0  0.0  0.0  0.0
                                    t000108_s14_p15_qjpp.txt 14.8  5.0   74
  0.0  0.0  0.0  0.0  0.0  0.0  0.0  0.0  0.0  0.0  0.0  0.0  0.0  0.0  0.0
  0.0  0.0  0.0  0.0  0.0  0.0473.0 81.1 13.5 40.5  0.0  0.0  0.0  0.0  0.0
  0.0  0.0  0.0  0.0  0.0 13.5  0.0  0.0  0.0  0.0  0.0  0.0  0.0 40.5  0.0
  0.0  0.0  0.0  0.0  0.0  0.0  0.0 40.5  0.0  0.0 13.5  0.0  0.0 67.6 13.5
  0.0  0.0  0.0  0.0  0.0  0.0  0.0  0.0  0.0  0.0  0.0  0.0  0.0  0.0  0.0
  0.0  0.0  0.0  0.0  0.0  0.0  0.0  0.0  0.0  0.0  0.0  0.0  0.0  0.0  0.0
  0.0  0.0  0.0  0.0  0.0  0.0  0.0  0.0  0.0  0.0  0.0  0.0  0.0  0.0  0.0
  0.0  0.0  0.0  0.0  0.0  0.0  0.0  0.0  0.0  0.0  0.0  0.0  0.0  0.0  0.0
  0.0  0.0  0.0  0.0  0.0  0.0  0.0 13.5 13.5  0.0 13.5 40.5 13.5 13.5  0.0
  0.0  0.0  0.0  0.0  0.0  0.0  0.0 40.5  0.0  0.0  0.0  0.0  0.0  0.0  0.0
    -28.38     -4.39      0.21     -6.61      2.52  0.0  0.0  0.0  0.0  0.0
                                    t000108_s14_p16_qjpp.txt 23.0  5.5  118
  0.0  0.0  0.0 16.9  0.0  0.0  0.0  0.0  0.0  0.0  0.0  0.0  0.0  0.0  0.0
  0.0  0.0  0.0  0.0  0.0  0.0516.9135.6 33.9 50.8  0.0  0.0  0.0  0.0  0.0
  0.0  0.0  0.0  0.0  0.0  0.0 16.9  0.0  0.0  0.0  0.0  0.0  0.0 16.9  0.0
  8.5  8.5  0.0  0.0  8.5  0.0  8.5 25.4  0.0  0.0 50.8  0.0  0.0101.7  0.0
  0.0  0.0  0.0  0.0  0.0  0.0  0.0  0.0  0.0  0.0  0.0  0.0  0.0  0.0  0.0
  0.0  0.0  0.0  0.0  0.0  0.0  0.0  0.0  0.0  0.0  0.0  0.0  0.0  0.0  0.0
  0.0  0.0  0.0  0.0  8.5  0.0  0.0  8.5  0.0  0.0  0.0  0.0  0.0  0.0  0.0
  0.0  0.0  0.0  0.0  0.0 16.9 16.9  0.0  0.0  0.0  0.0  0.0  0.0  0.0  0.0
  0.0  0.0  0.0  0.0  0.0  0.0  0.0  0.0  8.5  0.0  0.0 25.4  8.5  0.0  8.5
  0.0  0.0  0.0  0.0  0.0  0.0  0.0 25.4  0.0  8.5  0.0  0.0  8.5  0.0  0.0
    -33.60     -4.06      0.97     -6.61      1.68  0.0  0.0  0.0  0.0  0.0
                                    t000108_s14_p17_qjpp.txt  8.8  5.9   35
  0.0  0.0  0.0 28.6  0.0  0.0  0.0  0.0  0.0  0.0  0.0  0.0  0.0  0.0  0.0
  0.0  0.0  0.0  0.0  0.0  0.0428.6114.3 28.6 57.1  0.0  0.0  0.0  0.0  0.0
  0.0  0.0  0.0 28.6  0.0 28.6  0.0  0.0  0.0  0.0  0.0  0.0  0.0 28.6  0.0
 28.6  0.0  0.0  0.0  0.0  0.0  0.0 57.1  0.0  0.0 85.7  0.0  0.0142.9  0.0
  0.0  0.0  0.0  0.0  0.0  0.0  0.0  0.0  0.0  0.0  0.0  0.0  0.0  0.0  0.0
  0.0  0.0  0.0  0.0  0.0  0.0  0.0  0.0  0.0  0.0  0.0  0.0  0.0  0.0  0.0
  0.0  0.0  0.0  0.0  0.0  0.0  0.0  0.0  0.0  0.0  0.0  0.0  0.0  0.0  0.0
  0.0  0.0  0.0  0.0  0.0  0.0  0.0  0.0  0.0  0.0  0.0  0.0  0.0  0.0  0.0
  0.0  0.0  0.0  0.0  0.0  0.0  0.0 28.6  0.0  0.0 28.6  0.0  0.0  0.0  0.0
  0.0  0.0  0.0  0.0  0.0 28.6  0.0 28.6  0.0 28.6  0.0  0.0  0.0 28.6  0.0
    -30.80     -3.85     -8.81     -6.61      9.92  0.0  0.0  0.0  0.0  0.0
                                    t000108_s14_p18_qjpp.txt 35.5  5.0  335
  3.0  0.0  0.0  6.0  0.0  0.0  0.0  0.0  0.0  0.0  0.0  0.0  0.0  0.0  0.0
  0.0  0.0  0.0  3.0  0.0  0.0465.7116.4 32.8 44.8  0.0  0.0  0.0  0.0  0.0
  0.0  3.0  0.0 20.9  0.0 14.9  9.0  0.0  0.0  0.0  0.0  9.0  0.0 26.9  3.0
  6.0  0.0  0.0  0.0  0.0  0.0  6.0 35.8  0.0  0.0 47.8  0.0  0.0104.5 11.9
  0.0  0.0  0.0  0.0  0.0  0.0  0.0  0.0  0.0  0.0  0.0  0.0  0.0  0.0  0.0
  0.0  0.0  0.0  0.0  0.0  0.0  0.0  0.0  0.0  0.0  0.0  0.0  0.0  0.0  0.0
  0.0  0.0  3.0  0.0  0.0  0.0  0.0  0.0  0.0  0.0  0.0  0.0  0.0  0.0  0.0
  0.0  0.0  0.0  0.0  3.0  0.0  3.0  0.0  0.0  0.0  0.0  0.0  0.0  0.0  0.0
  0.0  0.0  0.0  0.0  0.0  0.0  0.0  0.0  0.0  0.0 14.9 17.9 26.9  3.0  0.0
  3.0  6.0  0.0  0.0  0.0  3.0  0.0 26.9  3.0  6.0  3.0  0.0  9.0  0.0  0.0
    -29.61     -4.25     -4.74     -3.02      4.67  0.0  0.0  0.0  0.0  0.0
                                    t000108_s14_p19_qjpp.txt 30.0  4.5  272
  3.7  0.0  0.0  3.7  0.0  0.0  0.0  0.0  0.0  0.0  0.0  0.0  0.0  0.0  0.0
  0.0  0.0  0.0  0.0  0.0  0.0397.1132.4 22.1 44.1  0.0  3.7  0.0  0.0  0.0
  0.0  0.0  0.0  0.0  3.7 29.4 11.0  0.0  0.0  0.0  0.0  0.0  0.0 25.7  0.0
  0.0  0.0  0.0  0.0  0.0  0.0  0.0 25.7  0.0  0.0 51.5  0.0  0.0 66.2  3.7
  0.0  0.0  0.0  0.0  0.0  0.0  0.0  0.0  0.0  0.0  0.0  0.0  0.0  0.0  0.0
  0.0  0.0  0.0  0.0  0.0  0.0  0.0  0.0  0.0  0.0  0.0  0.0  0.0  0.0  0.0
  0.0  0.0  0.0  0.0  0.0  0.0  0.0  0.0  0.0  0.0  0.0  0.0  0.0  0.0  0.0
  0.0  0.0  0.0  0.0  0.0  0.0  0.0  0.0  0.0  0.0  0.0  0.0  0.0  0.0  0.0
  0.0  0.0  0.0  0.0  0.0  0.0  0.0  0.0  3.7  0.0  3.7 11.0  0.0 11.0  0.0
  0.0  0.0  3.7  3.7  0.0  0.0  0.0 11.0  0.0  0.0  3.7  0.0  3.7  0.0  0.0
    -26.99     -3.57     -1.78     -6.61      0.27  0.0  0.0  0.0  0.0  0.0
                                     t000108_s14_p2_qjpp.txt  6.3  4.8   28
  0.0  0.0  0.0 71.4  0.0  0.0  0.0  0.0  0.0  0.0  0.0  0.0  0.0  0.0  0.0
  0.0  0.0  0.0  0.0  0.0  0.0392.9 71.4  0.0  0.0  0.0  0.0  0.0  0.0  0.0
  0.0  0.0  0.0  0.0  0.0  0.0  0.0 35.7  0.0  0.0 35.7  0.0  0.0 35.7 35.7
  0.0  0.0  0.0  0.0  0.0 71.4  0.0 71.4  0.0  0.0  0.0  0.0  0.0 71.4  0.0
  0.0  0.0  0.0  0.0  0.0  0.0  0.0  0.0  0.0  0.0  0.0  0.0  0.0  0.0  0.0
  0.0  0.0  0.0  0.0  0.0  0.0  0.0  0.0  0.0  0.0  0.0  0.0  0.0  0.0  0.0
  0.0  0.0  0.0  0.0  0.0  0.0  0.0  0.0  0.0  0.0  0.0  0.0  0.0  0.0  0.0
  0.0  0.0  0.0  0.0  0.0  0.0  0.0  0.0  0.0  0.0  0.0  0.0  0.0  0.0  0.0
  0.0  0.0  0.0  0.0  0.0  0.0  0.0  0.0  0.0  0.0 35.7  0.0  0.0  0.0  0.0
  0.0  0.0  0.0  0.0  0.0  0.0  0.0  0.0  0.0  0.0  0.0  0.0  0.0  0.0  0.0
    -22.54     -5.73      0.97     18.91     29.26  0.0  0.0  0.0  0.0  0.0
                                    t000108_s14_p20_qjpp.txt 18.3  4.9  101
  0.0  0.0  0.0  0.0  0.0  0.0  0.0  0.0  0.0  0.0  0.0  0.0  0.0  0.0  0.0
  0.0  0.0  0.0  0.0  0.0  0.0435.6188.1 59.4 69.3  0.0  0.0  0.0  0.0  0.0
  0.0  0.0  0.0  0.0  0.0  9.9  0.0  0.0  0.0  0.0  0.0  0.0  0.0 59.4  0.0
  9.9  0.0  0.0  0.0  0.0  0.0  0.0 69.3  0.0  0.0 59.4  0.0  0.0 79.2  9.9
  0.0  0.0  0.0  0.0  0.0  0.0  0.0  0.0  0.0  0.0  0.0  0.0  0.0  0.0  0.0
  0.0  0.0  0.0  0.0  0.0  0.0  0.0  0.0  0.0  0.0  0.0  0.0  0.0  0.0  0.0
  0.0  0.0  0.0  0.0  0.0  0.0  0.0  0.0  0.0  0.0  0.0  0.0  0.0  0.0  0.0
  0.0  0.0  0.0  0.0  0.0  0.0  0.0  0.0  0.0  0.0  0.0  0.0  0.0  0.0  0.0
  0.0  0.0  0.0  0.0  0.0  0.0  0.0  0.0  9.9 19.8  0.0 39.6  9.9  0.0  0.0
  0.0  9.9  0.0  0.0  0.0  9.9  0.0  9.9  0.0  0.0  0.0  0.0  0.0  0.0  0.0
    -33.65     -3.45      0.41     -6.61      8.57  0.0  0.0  0.0  0.0  0.0
                                    t000108_s14_p21_qjpp.txt 12.5  5.1   66
  0.0  0.0  0.0  0.0  0.0  0.0  0.0  0.0  0.0  0.0  0.0  0.0  0.0  0.0  0.0
  0.0  0.0  0.0  0.0  0.0  0.0454.5212.1 30.3 45.5  0.0  0.0  0.0  0.0  0.0
  0.0  0.0  0.0 15.2 15.2  0.0  0.0  0.0  0.0  0.0  0.0  0.0  0.0 45.5  0.0
 15.2  0.0  0.0  0.0  0.0  0.0  0.0 60.6  0.0  0.0 60.6  0.0  0.0 60.6  0.0
  0.0  0.0  0.0  0.0  0.0  0.0  0.0  0.0  0.0  0.0  0.0  0.0  0.0  0.0  0.0
  0.0  0.0  0.0  0.0  0.0  0.0  0.0  0.0  0.0  0.0  0.0  0.0  0.0  0.0  0.0
  0.0  0.0  0.0  0.0  0.0  0.0  0.0  0.0  0.0  0.0  0.0  0.0  0.0  0.0  0.0
  0.0  0.0  0.0  0.0  0.0  0.0  0.0  0.0  0.0  0.0  0.0  0.0  0.0  0.0  0.0
  0.0  0.0  0.0  0.0  0.0  0.0  0.0  0.0 15.2 15.2  0.0 60.6  0.0  0.0  0.0
  0.0  0.0  0.0  0.0  0.0  0.0  0.0  0.0  0.0 15.2  0.0  0.0  0.0  0.0  0.0
    -34.29     -4.23     -7.81     -6.61      8.15  0.0  0.0  0.0  0.0  0.0
                                    t000108_s14_p22_qjpp.txt 28.5  4.6  144
  0.0  0.0  0.0  6.9  0.0  0.0  0.0  0.0  0.0  0.0  0.0  0.0  0.0  0.0  0.0
  0.0  0.0  0.0  0.0  0.0  0.0520.8 83.3 41.7 27.8  0.0  0.0  0.0  0.0  0.0
  0.0  0.0  0.0  0.0  0.0 20.8  0.0  0.0  0.0  0.0  0.0  0.0  0.0 13.9  0.0
  0.0  0.0  0.0  0.0  0.0  0.0  0.0 13.9  0.0  0.0 69.4  0.0  0.0 41.7  0.0
  0.0  0.0  0.0  0.0  0.0  0.0  0.0  0.0  0.0  0.0  0.0  0.0  0.0  0.0  0.0
  0.0  0.0  0.0  0.0  0.0  0.0  0.0  0.0  0.0  0.0  0.0  0.0  0.0  0.0  0.0
  0.0  0.0  0.0  0.0  0.0  0.0  0.0  0.0  0.0  0.0  6.9  0.0  0.0  0.0  0.0
  0.0  0.0  0.0  0.0  0.0  0.0  0.0  6.9  0.0  0.0  0.0  0.0  0.0  0.0  0.0
  0.0  0.0  0.0  0.0  0.0  0.0  0.0  6.9  6.9  0.0  0.0 20.8  0.0  0.0  0.0
  0.0  0.0  0.0  0.0  0.0  0.0  0.0  6.9  0.0  0.0  0.0  0.0 13.9  0.0  0.0
    -30.17     -4.81     -0.21     -6.61     -1.52  0.0  0.0  6.9  0.0  0.0
                                    t000108_s14_p23_qjpp.txt  5.8  5.9   25
  0.0  0.0  0.0  0.0  0.0  0.0  0.0  0.0  0.0  0.0  0.0  0.0  0.0  0.0  0.0
  0.0  0.0  0.0  0.0  0.0  0.0440.0120.0 40.0 80.0  0.0  0.0  0.0  0.0  0.0
  0.0  0.0  0.0  0.0  0.0 40.0  0.0  0.0  0.0  0.0  0.0  0.0  0.0 80.0  0.0
  0.0  0.0  0.0  0.0  0.0  0.0  0.0 80.0  0.0  0.0 40.0  0.0  0.0160.0 80.0
  0.0  0.0  0.0  0.0  0.0  0.0  0.0  0.0  0.0  0.0  0.0  0.0  0.0  0.0  0.0
  0.0  0.0  0.0  0.0  0.0  0.0  0.0  0.0  0.0  0.0  0.0  0.0  0.0  0.0  0.0
  0.0  0.0  0.0  0.0  0.0  0.0  0.0  0.0  0.0  0.0 40.0  0.0  0.0  0.0  0.0
  0.0  0.0  0.0  0.0  0.0  0.0  0.0 40.0  0.0  0.0  0.0  0.0  0.0  0.0  0.0
  0.0  0.0  0.0  0.0  0.0  0.0  0.0 40.0 40.0  0.0 40.0  0.0  0.0  0.0 40.0
  0.0  0.0  0.0  0.0  0.0  0.0  0.0 80.0  0.0  0.0  0.0  0.0  0.0  0.0  0.0
    -32.73     -3.10     -1.30     -6.61      8.49  0.0  0.0  0.0  0.0  0.0
                                    t000108_s14_p24_qjpp.txt  3.5  5.1   14
  0.0  0.0  0.0  0.0  0.0  0.0  0.0  0.0  0.0  0.0  0.0  0.0  0.0  0.0  0.0
  0.0  0.0  0.0  0.0  0.0  0.0571.4 71.4  0.0 71.4  0.0  0.0  0.0  0.0  0.0
  0.0  0.0  0.0  0.0  0.0 71.4  0.0  0.0  0.0  0.0  0.0  0.0  0.0 71.4  0.0
  0.0  0.0  0.0  0.0  0.0  0.0  0.0 71.4  0.0  0.0  0.0  0.0  0.0 71.4  0.0
  0.0  0.0  0.0  0.0  0.0  0.0  0.0  0.0  0.0  0.0  0.0  0.0  0.0  0.0  0.0
  0.0  0.0  0.0  0.0  0.0  0.0  0.0  0.0  0.0  0.0  0.0  0.0  0.0  0.0  0.0
  0.0  0.0  0.0  0.0  0.0  0.0  0.0  0.0  0.0  0.0  0.0  0.0  0.0  0.0  0.0
  0.0  0.0  0.0  0.0  0.0  0.0  0.0  0.0  0.0  0.0  0.0  0.0  0.0  0.0  0.0
  0.0  0.0  0.0  0.0  0.0  0.0  0.0  0.0  0.0  0.0142.9  0.0  0.0  0.0  0.0
  0.0  0.0  0.0  0.0  0.0  0.0  0.0  0.0  0.0  0.0  0.0  0.0  0.0  0.0  0.0
    -30.44     -3.38     -3.08     -6.61      7.20  0.0  0.0  0.0  0.0  0.0
                                    t000108_s14_p25_qjpp.txt 27.5  5.3  146
  0.0  0.0  0.0 27.4  0.0  0.0  0.0  0.0  0.0  0.0  0.0  0.0  0.0  0.0  0.0
  0.0  0.0  0.0  0.0  0.0  0.0541.1 68.5 13.7 27.4  0.0  0.0  0.0  0.0  0.0
  0.0  0.0  0.0  0.0  0.0  6.8  6.8  0.0  0.0  0.0  0.0  0.0  0.0 20.5  0.0
  0.0  0.0  0.0  0.0  0.0  0.0  0.0 20.5  0.0  0.0 27.4  0.0  0.0 82.2 13.7
  0.0  0.0  0.0  0.0  0.0  0.0  0.0  0.0  0.0  0.0  0.0  0.0  0.0  0.0  0.0
  0.0  0.0  0.0  0.0  0.0  0.0  0.0  0.0  0.0  0.0  0.0  0.0  0.0  0.0  0.0
  0.0  0.0  0.0  0.0  0.0  0.0  0.0  0.0  0.0  0.0  0.0  0.0  0.0  0.0  0.0
  0.0  0.0  0.0  0.0  0.0  0.0  0.0  0.0  0.0  0.0  0.0  0.0  0.0  0.0  0.0
  0.0  0.0  0.0  0.0  0.0  0.0  0.0  6.8 20.5  0.0  6.8  6.8  6.8  0.0  6.8
  0.0  0.0  0.0  0.0  0.0  0.0  0.0 20.5  0.0 13.7  0.0  0.0  0.0  0.0  0.0
    -29.90     -4.83      0.58     -6.61     -0.51  0.0  0.0  0.0  0.0  0.0
                                    t000108_s14_p26_qjpp.txt 16.0  5.4   85
  0.0  0.0  0.0  0.0  0.0  0.0  0.0  0.0  0.0  0.0  0.0  0.0  0.0  0.0  0.0
 11.8  0.0  0.0  0.0  0.0  0.0600.0 70.6 23.5 11.8  0.0  0.0  0.0  0.0  0.0
  0.0  0.0  0.0  0.0  0.0  0.0  0.0  0.0  0.0  0.0  0.0  0.0  0.0 11.8  0.0
  0.0  0.0  0.0  0.0  0.0  0.0  0.0 11.8  0.0  0.0 47.1  0.0  0.0 23.5 11.8
  0.0  0.0  0.0  0.0  0.0  0.0  0.0  0.0  0.0  0.0  0.0  0.0  0.0  0.0  0.0
  0.0  0.0  0.0  0.0  0.0  0.0  0.0  0.0  0.0  0.0  0.0  0.0  0.0  0.0  0.0
  0.0  0.0  0.0  0.0  0.0  0.0  0.0  0.0  0.0  0.0  0.0  0.0  0.0  0.0  0.0
  0.0  0.0  0.0  0.0  0.0  0.0  0.0  0.0  0.0  0.0  0.0  0.0  0.0  0.0  0.0
  0.0  0.0  0.0  0.0  0.0  0.0  0.0 11.8 23.5 11.8 11.8 11.8 47.1  0.0  0.0
  0.0  0.0  0.0  0.0  0.0  0.0  0.0 11.8  0.0  0.0  0.0  0.0  0.0  0.0  0.0
    -28.61     -5.34      0.97     -6.61     -1.84  0.0  0.0  0.0  0.0  0.0
                                    t000108_s14_p27_qjpp.txt  6.5  5.5   38
  0.0  0.0  0.0  0.0  0.0  0.0  0.0  0.0  0.0  0.0  0.0  0.0  0.0  0.0  0.0
  0.0  0.0  0.0  0.0  0.0  0.0526.3105.3 26.3 26.3  0.0  0.0  0.0  0.0  0.0
  0.0  0.0  0.0  0.0  0.0  0.0 26.3  0.0  0.0  0.0  0.0  0.0  0.0  0.0 26.3
  0.0  0.0  0.0  0.0  0.0  0.0  0.0 26.3  0.0  0.0105.3  0.0  0.0 52.6  0.0
  0.0  0.0  0.0  0.0  0.0  0.0  0.0  0.0  0.0  0.0  0.0  0.0  0.0  0.0  0.0
  0.0  0.0  0.0  0.0  0.0  0.0  0.0  0.0  0.0  0.0  0.0  0.0  0.0  0.0  0.0
  0.0  0.0  0.0  0.0  0.0  0.0  0.0  0.0  0.0  0.0  0.0  0.0  0.0  0.0  0.0
  0.0  0.0  0.0  0.0  0.0  0.0  0.0  0.0  0.0  0.0  0.0  0.0  0.0  0.0  0.0
  0.0  0.0  0.0  0.0  0.0  0.0  0.0  0.0  0.0 26.3  0.0 26.3  0.0  0.0  0.0
  0.0  0.0  0.0  0.0  0.0  0.0  0.0  0.0  0.0 26.3  0.0  0.0  0.0  0.0  0.0
    -32.80     -4.86      0.97     -6.61     16.62  0.0  0.0  0.0  0.0  0.0
                                    t000108_s14_p28_qjpp.txt 17.0  5.0   86
  0.0  0.0  0.0 11.6  0.0  0.0  0.0  0.0 11.6  0.0  0.0  0.0  0.0  0.0  0.0
  0.0  0.0  0.0  0.0  0.0  0.0511.6 58.1 34.9 11.6  0.0  0.0  0.0  0.0  0.0
  0.0  0.0  0.0  0.0  0.0  0.0  0.0  0.0  0.0  0.0  0.0  0.0  0.0 11.6  0.0
 11.6  0.0  0.0  0.0  0.0  0.0  0.0 23.3  0.0  0.0 46.5 11.6  0.0 46.5 11.6
  0.0  0.0  0.0  0.0  0.0  0.0  0.0  0.0  0.0  0.0  0.0  0.0  0.0  0.0  0.0
  0.0  0.0  0.0  0.0  0.0  0.0  0.0  0.0  0.0  0.0  0.0  0.0  0.0  0.0  0.0
  0.0  0.0  0.0  0.0  0.0  0.0  0.0  0.0  0.0  0.0  0.0  0.0  0.0  0.0  0.0
  0.0  0.0  0.0  0.0  0.0  0.0  0.0  0.0  0.0  0.0  0.0  0.0  0.0  0.0  0.0
  0.0  0.0  0.0  0.0  0.0  0.0  0.0  0.0  0.0  0.0 23.3 23.3  0.0  0.0  0.0
  0.0  0.0  0.0  0.0  0.0  0.0  0.0 11.6  0.0 11.6  0.0  0.0  0.0  0.0  0.0
    -28.92     -5.35      0.97     -6.61      1.89  0.0  0.0  0.0  0.0  0.0
                                    t000108_s14_p29_qjpp.txt 27.3  5.1  164
  0.0  0.0  0.0 12.2  0.0  0.0  0.0  0.0  0.0  0.0  0.0  0.0  0.0  0.0  0.0
  0.0  0.0  0.0 12.2  0.0  0.0426.8 79.3 42.7 48.8  0.0  0.0  0.0  0.0  0.0
  0.0  0.0  0.0  0.0  0.0 12.2  0.0  0.0  0.0  0.0  0.0  0.0  0.0 18.3  0.0
  6.1  0.0  0.0  0.0  0.0  0.0 12.2 24.4  0.0  0.0 97.6  0.0  0.0 73.2  6.1
  0.0  0.0  0.0  0.0  0.0  0.0  0.0  0.0  0.0  0.0  0.0  0.0  0.0  0.0  0.0
  0.0  0.0  0.0  0.0  0.0  0.0  0.0  0.0  0.0  0.0  0.0  0.0  0.0  0.0  0.0
  0.0  0.0  0.0  0.0  0.0  0.0  0.0  0.0  0.0  0.0  0.0  0.0  0.0  0.0  0.0
  0.0  0.0  0.0  0.0  0.0  0.0  0.0  0.0  0.0  0.0  0.0  0.0  0.0  0.0  0.0
  0.0  0.0  0.0  0.0  0.0  0.0  0.0  0.0  0.0  6.1 30.5 42.7  6.1 36.6  0.0
  0.0  0.0  0.0  0.0  0.0  6.1  0.0 18.3  0.0 18.3  0.0  0.0  0.0  6.1  0.0
    -25.90     -4.12      0.28     -6.61      1.11  0.0  0.0  0.0  0.0  0.0
                                     t000108_s14_p3_qjpp.txt  9.3  5.4   45
  0.0  0.0  0.0 44.4  0.0  0.0  0.0  0.0  0.0  0.0  0.0  0.0  0.0  0.0  0.0
  0.0  0.0  0.0  0.0  0.0  0.0400.0155.6 88.9 66.7  0.0  0.0  0.0  0.0  0.0
 22.2  0.0  0.0  0.0  0.0  0.0  0.0  0.0  0.0  0.0  0.0  0.0  0.0 22.2  0.0
  0.0  0.0  0.0  0.0 44.4  0.0  0.0 22.2  0.0 22.2155.6  0.0  0.0111.1  0.0
  0.0  0.0  0.0  0.0  0.0  0.0  0.0  0.0  0.0  0.0  0.0  0.0  0.0  0.0  0.0
  0.0  0.0  0.0  0.0  0.0  0.0  0.0  0.0  0.0  0.0  0.0  0.0  0.0  0.0  0.0
  0.0  0.0  0.0  0.0  0.0  0.0  0.0  0.0  0.0  0.0  0.0  0.0  0.0  0.0  0.0
  0.0  0.0  0.0  0.0  0.0  0.0  0.0  0.0  0.0  0.0  0.0  0.0  0.0  0.0  0.0
  0.0  0.0  0.0  0.0  0.0  0.0  0.0  0.0 44.4 22.2 22.2  0.0133.3  0.0  0.0
  0.0  0.0  0.0  0.0  0.0  0.0  0.0  0.0  0.0  0.0  0.0  0.0  0.0  0.0  0.0
    -32.96     -3.53     21.18     -6.61     -0.26  0.0  0.0  0.0  0.0  0.0
                                    t000108_s14_p30_qjpp.txt 34.0  5.0  209
  0.0  0.0  0.0 19.1  0.0  0.0  0.0  0.0  0.0  0.0  0.0  0.0  0.0  0.0  0.0
  0.0  0.0  0.0  0.0  0.0  0.0449.8 67.0 43.1 43.1  0.0  0.0  0.0  0.0  0.0
  0.0  0.0  0.0  4.8  0.0 14.4 14.4  0.0  0.0  0.0  0.0  0.0  4.8 28.7  0.0
  4.8  4.8  0.0  0.0  0.0  0.0  4.8 33.5  0.0  0.0 62.2  0.0  0.0 95.7  4.8
  4.8  0.0  0.0  0.0  0.0  0.0  0.0  0.0  0.0  0.0  0.0  0.0  0.0  0.0  0.0
  0.0  0.0  0.0  0.0  0.0  0.0  0.0  0.0  0.0  0.0  0.0  0.0  0.0  0.0  0.0
  0.0  9.6  0.0  0.0  0.0  0.0  0.0  0.0  0.0  0.0  0.0  0.0  0.0  0.0  0.0
  0.0  0.0  0.0  0.0  9.6  0.0  9.6  0.0  0.0  0.0  0.0  0.0  0.0  0.0  0.0
  0.0  0.0  0.0  0.0  0.0  0.0  0.0  0.0  4.8  0.0 47.8 28.7 19.1  0.0  0.0
  0.0  0.0  4.8  0.0  0.0  4.8  0.0 19.1  9.6 28.7  0.0  0.0 23.9  0.0  0.0
    -28.21     -4.31     -1.21     -6.61      5.26  0.0  0.0  0.0  0.0  0.0
                                    t000108_s14_p31_qjpp.txt 22.8  5.4  141
  0.0  0.0  0.0  0.0  0.0  0.0  0.0  0.0  0.0  0.0  0.0  0.0  0.0  0.0  0.0
  0.0  0.0  0.0 21.3  0.0  0.0468.1 92.2 35.5 49.6  0.0  0.0  0.0  0.0  0.0
  0.0  0.0  0.0  0.0  0.0 14.2  0.0  0.0  0.0  0.0  0.0  0.0  0.0 35.5  0.0
 14.2  7.1  0.0  0.0  0.0  0.0 28.4 49.6  0.0  0.0 56.7  0.0  0.0 85.1 14.2
  0.0  0.0  0.0  0.0  0.0  0.0  0.0  0.0  0.0  0.0  0.0  0.0  0.0  0.0  0.0
  0.0  0.0  0.0  0.0  0.0  0.0  0.0  0.0  0.0  0.0  0.0  0.0  0.0  0.0  0.0
  0.0  0.0  0.0  0.0  0.0  0.0  0.0  0.0  0.0  0.0  0.0  0.0  0.0  0.0  0.0
  0.0  0.0  0.0  0.0  0.0  0.0  0.0  0.0  0.0  0.0  0.0  0.0  0.0  0.0  0.0
  0.0  0.0  0.0  0.0  0.0  0.0  0.0  0.0  7.1  0.0  0.0 49.6  7.1 21.3 21.3
  0.0  7.1  0.0  0.0  0.0  0.0  0.0 14.2 14.2 21.3  0.0  0.0  0.0  7.1  0.0
    -26.41     -4.09      0.17     -6.61      6.32  0.0  0.0  0.0  0.0  0.0
                                    t000108_s14_p32_qjpp.txt 33.3  5.2  198
  0.0  0.0  0.0 30.3  0.0  0.0  0.0  0.0  0.0  0.0  0.0  0.0  0.0  0.0  0.0
  0.0  0.0  0.0  0.0  0.0  0.0424.2111.1 40.4 50.5  5.1  5.1  0.0  0.0  0.0
  0.0  0.0  0.0  0.0  0.0 15.2  0.0  0.0  0.0  0.0  0.0  0.0  0.0 30.3  0.0
  5.1  5.1  0.0  5.1  0.0  0.0  5.1 35.4  0.0  0.0 65.7  5.1  0.0111.1 20.2
  5.1  0.0  0.0  0.0  0.0  0.0  0.0  0.0  0.0  0.0  0.0  0.0  0.0  0.0  0.0
  0.0  0.0  0.0  0.0  0.0  0.0  0.0  0.0  0.0  0.0  0.0  0.0  0.0  0.0  0.0
  0.0  0.0  0.0  0.0  0.0  0.0  0.0  0.0  0.0  0.0  0.0  0.0  0.0  0.0  0.0
  0.0  0.0  0.0  0.0  0.0  0.0  0.0  0.0  0.0  0.0  0.0  0.0  0.0  0.0  0.0
  0.0  0.0  0.0  0.0  0.0  0.0  0.0  0.0  0.0  0.0 10.1 55.6 10.1 15.2  5.1
  0.0  0.0  5.1  0.0  0.0  0.0  0.0 30.3  0.0 10.1  0.0  5.1 10.1  0.0  0.0
    -29.31     -2.87      0.11     -6.61      2.59  0.0  0.0  0.0  0.0  0.0
                                    t000108_s14_p33_qjpp.txt 25.0  5.3  137
 14.6  0.0  0.0 14.6  0.0  0.0  0.0  0.0  0.0  0.0  0.0  0.0  0.0  0.0  0.0
  0.0  0.0  0.0  0.0  0.0  0.0576.6 58.4 21.9 21.9  0.0  0.0  0.0  0.0  0.0
  0.0  0.0  0.0  0.0  0.0  0.0 21.9  0.0  0.0  0.0  0.0  0.0  0.0 14.6  0.0
  0.0  0.0  0.0  0.0  0.0  0.0  0.0 14.6  0.0  0.0 29.2  0.0  0.0 94.9 14.6
  0.0  0.0  0.0  0.0  0.0  0.0  0.0  0.0  0.0  0.0  0.0  0.0  0.0  0.0  0.0
  0.0  0.0  0.0  0.0  0.0  0.0  0.0  0.0  0.0  0.0  0.0  0.0  0.0  0.0  0.0
  0.0  0.0  0.0  0.0  0.0  0.0  0.0  0.0  0.0  0.0  0.0  0.0  0.0  0.0  0.0
  0.0  0.0  0.0  0.0  0.0  0.0  0.0  0.0  0.0  0.0  0.0  0.0  0.0  0.0  0.0
  0.0  0.0  0.0  0.0  0.0  0.0  0.0  0.0  0.0  0.0  0.0 43.8  7.3  0.0  0.0
  0.0  0.0  0.0  0.0  0.0  0.0  0.0 21.9  0.0 14.6  0.0  0.0  7.3  0.0  0.0
    -29.84     -5.01      0.97     -6.61     -1.41  0.0  0.0  0.0  0.0  0.0
                                    t000108_s14_p34_qjpp.txt 25.3  5.4  228
 17.5  0.0  0.0  8.8  0.0  0.0  0.0  0.0  0.0  0.0  0.0  0.0  0.0  0.0  0.0
  0.0  0.0  0.0  8.8  0.0  0.0429.8118.4 70.2 43.9  0.0  0.0  8.8  0.0  0.0
  8.8  0.0  0.0  0.0  0.0 17.5  4.4  0.0  0.0  0.0  0.0  0.0  0.0 30.7  0.0
  0.0  0.0  0.0  0.0  0.0  0.0  8.8 30.7  0.0  8.8 70.2  0.0  0.0 74.6  4.4
 26.3  0.0  0.0  0.0  0.0  0.0  0.0  0.0  0.0  0.0  0.0  0.0  0.0  0.0  0.0
  0.0  0.0  0.0  0.0  0.0  0.0  0.0  0.0  0.0  0.0  0.0  0.0  0.0  0.0  0.0
  0.0  0.0  0.0  0.0  0.0  0.0  0.0  0.0  0.0  0.0  0.0  0.0  0.0  0.0  0.0
  0.0  0.0  0.0  0.0  0.0  0.0  0.0  0.0  0.0  0.0  0.0  0.0  0.0  0.0  0.0
  0.0  0.0  0.0  0.0  0.0  0.0  0.0  0.0 13.2  0.0 39.5 17.5 21.9  0.0  0.0
  0.0  0.0  0.0  0.0  0.0 13.2 21.9 17.5 13.2  8.8  0.0  0.0 21.9  0.0  0.0
    -28.80     -2.66      7.95     -6.61      1.03  0.0  0.0  0.0  0.0  0.0
                                    t000108_s14_p35_qjpp.txt 18.0  5.2   92
  0.0  0.0  0.0 21.7  0.0  0.0  0.0  0.0  0.0  0.0  0.0  0.0  0.0  0.0  0.0
 10.9  0.0  0.0  0.0  0.0  0.0467.4 87.0 54.3 76.1  0.0  0.0  0.0  0.0  0.0
  0.0  0.0  0.0  0.0  0.0 10.9  0.0  0.0  0.0  0.0  0.0  0.0  0.0 10.9  0.0
  0.0  0.0  0.0  0.0  0.0  0.0  0.0 10.9  0.0  0.0 76.1  0.0  0.0119.6 10.9
  0.0  0.0  0.0  0.0  0.0  0.0  0.0  0.0  0.0  0.0  0.0  0.0  0.0  0.0  0.0
  0.0  0.0  0.0  0.0  0.0  0.0  0.0  0.0  0.0  0.0  0.0  0.0  0.0  0.0  0.0
  0.0  0.0  0.0  0.0  0.0  0.0  0.0  0.0  0.0  0.0  0.0  0.0  0.0  0.0  0.0
  0.0  0.0  0.0  0.0  0.0  0.0  0.0  0.0  0.0  0.0  0.0  0.0  0.0  0.0  0.0
  0.0  0.0  0.0  0.0  0.0  0.0  0.0  0.0  0.0 21.7  0.0  0.0 32.6  0.0  0.0
  0.0  0.0  0.0  0.0  0.0  0.0 32.6 10.9  0.0  0.0  0.0  0.0 21.7  0.0  0.0
    -26.28     -3.22      0.36     -6.61     -1.98  0.0  0.0  0.0  0.0  0.0
                                    t000108_s14_p36_qjpp.txt 38.0  4.9  250
  0.0  0.0  0.0 12.0  0.0  0.0  4.0  0.0  0.0  0.0  0.0  0.0  0.0  0.0  0.0
  0.0  0.0  0.0  4.0  0.0  0.0500.0 88.0 64.0 12.0  0.0  0.0  0.0  0.0  0.0
  0.0  4.0  0.0  0.0  0.0  4.0  0.0  0.0  0.0  0.0  0.0  0.0  0.0  8.0  0.0
  0.0  0.0  0.0  0.0  4.0  0.0  8.0  8.0  0.0  0.0 80.0  0.0  4.0 24.0  0.0
  0.0  0.0  0.0  0.0  0.0  0.0  0.0  0.0  0.0  0.0  0.0  0.0  0.0  0.0  0.0
  0.0  0.0  0.0  0.0  0.0  0.0  0.0  0.0  0.0  0.0  0.0  0.0  0.0  0.0  0.0
  0.0  0.0  0.0  0.0  0.0  0.0  0.0  0.0  0.0  0.0  0.0  0.0  0.0  0.0  0.0
  0.0  0.0  0.0  0.0  0.0  0.0  0.0  0.0  0.0  0.0  0.0  0.0  0.0  0.0  0.0
  0.0  0.0  0.0  0.0  0.0  0.0  0.0  4.0  8.0  4.0 28.0  8.0 16.0  8.0  0.0
  0.0  0.0  4.0  4.0  0.0  0.0  0.0  0.0  4.0  0.0  0.0  0.0  4.0  0.0  0.0
    -29.75     -5.33      2.23     -6.61     -2.41  0.0  0.0  4.0  0.0  0.0
                                    t000108_s14_p37_qjpp.txt 31.0  5.2  249
  0.0  0.0  0.0 12.0  0.0  0.0  0.0  0.0  0.0  4.0  0.0  0.0  0.0  0.0  0.0
  0.0  0.0  4.0 12.0  0.0  0.0421.7108.4 60.2 40.2  0.0  0.0  0.0  0.0  0.0
  4.0  0.0  0.0  0.0  8.0 12.0  4.0  0.0  0.0  0.0  0.0  0.0  4.0 16.1  0.0
  0.0  4.0  0.0  4.0  0.0  4.0 16.1 16.1  0.0  4.0 84.3  0.0  0.0 72.3  4.0
  4.0  0.0  0.0  0.0  0.0  0.0  0.0  0.0  0.0  0.0  0.0  0.0  0.0  0.0  0.0
  0.0  0.0  0.0  0.0  0.0  0.0  0.0  0.0  0.0  0.0  0.0  0.0  0.0  0.0  0.0
  0.0  0.0  0.0  0.0  0.0  0.0  0.0  0.0  0.0  0.0  0.0  0.0  0.0  0.0  0.0
  0.0  0.0  0.0  0.0  0.0  0.0  0.0  0.0  0.0  0.0  0.0  0.0  0.0  0.0  0.0
  0.0  0.0  0.0  0.0  0.0  0.0  0.0  0.0 24.1  8.0 56.2  0.0 24.1  4.0  8.0
  0.0  0.0  0.0  0.0  0.0 12.0  4.0 12.0  0.0  4.0  0.0  0.0 20.1  0.0  0.0
    -26.53     -4.41      1.58     -6.61      1.32  0.0  0.0  0.0  0.0  0.0
                                    t000108_s14_p38_qjpp.txt 17.3  5.0  100
  0.0  0.0  0.0 10.0  0.0  0.0  0.0  0.0  0.0  0.0  0.0  0.0  0.0  0.0  0.0
 20.0  0.0  0.0 10.0  0.0 10.0340.0170.0 70.0 50.0  0.0  0.0  0.0  0.0  0.0
  0.0  0.0  0.0  0.0  0.0 50.0  0.0  0.0  0.0  0.0  0.0  0.0  0.0 20.0  0.0
  0.0  0.0  0.0  0.0  0.0  0.0 10.0 20.0  0.0  0.0 90.0  0.0  0.0110.0 20.0
  0.0  0.0  0.0  0.0  0.0  0.0  0.0  0.0  0.0  0.0  0.0  0.0  0.0  0.0  0.0
  0.0  0.0  0.0  0.0  0.0  0.0  0.0  0.0  0.0  0.0  0.0  0.0  0.0  0.0  0.0
  0.0  0.0  0.0  0.0  0.0  0.0  0.0  0.0  0.0  0.0  0.0  0.0  0.0  0.0  0.0
  0.0  0.0  0.0  0.0  0.0  0.0  0.0  0.0  0.0  0.0  0.0  0.0  0.0  0.0  0.0
  0.0  0.0  0.0  0.0  0.0  0.0  0.0  0.0  0.0 20.0 40.0  0.0 50.0  0.0  0.0
  0.0 10.0  0.0  0.0  0.0  0.0 10.0 20.0  0.0 10.0  0.0  0.0 20.0  0.0  0.0
    -17.44     -4.08     -1.87     -6.61     -0.60  0.0  0.0  0.0  0.0  0.0
                                    t000108_s14_p39_qjpp.txt 11.0  4.8   48
  0.0  0.0  0.0 20.8  0.0  0.0  0.0  0.0 20.8  0.0  0.0  0.0  0.0  0.0  0.0
  0.0  0.0  0.0  0.0  0.0  0.0437.5125.0 20.8 41.7  0.0  0.0  0.0  0.0  0.0
  0.0  0.0  0.0  0.0  0.0 20.8  0.0  0.0  0.0  0.0  0.0  0.0  0.0 41.7  0.0
  0.0  0.0  0.0  0.0  0.0  0.0  0.0 41.7  0.0  0.0 20.8 20.8  0.0104.2 20.8
  0.0  0.0  0.0  0.0  0.0  0.0  0.0  0.0  0.0  0.0  0.0  0.0  0.0  0.0  0.0
  0.0  0.0  0.0  0.0  0.0  0.0  0.0  0.0  0.0  0.0  0.0  0.0  0.0  0.0  0.0
  0.0  0.0  0.0  0.0  0.0  0.0  0.0  0.0  0.0  0.0  0.0  0.0  0.0  0.0  0.0
  0.0  0.0  0.0  0.0  0.0  0.0  0.0  0.0  0.0  0.0  0.0  0.0  0.0  0.0  0.0
  0.0  0.0  0.0  0.0  0.0  0.0  0.0  0.0 20.8 20.8 20.8 20.8 41.7  0.0  0.0
  0.0  0.0  0.0  0.0  0.0  0.0  0.0 41.7  0.0  0.0  0.0  0.0 20.8  0.0  0.0
    -27.72     -4.36     -0.21     -6.61      2.69  0.0  0.0  0.0  0.0  0.0
                                     t000108_s14_p4_qjpp.txt 13.8  5.8   95
  0.0  0.0  0.0  0.0  0.0  0.0  0.0  0.0  0.0  0.0  0.0  0.0  0.0  0.0  0.0
  0.0  0.0  0.0  0.0  0.0  0.0536.8157.9 42.1 31.6  0.0  0.0  0.0  0.0  0.0
  0.0  0.0  0.0  0.0  0.0  0.0  0.0  0.0  0.0  0.0  0.0  0.0  0.0 31.6  0.0
  0.0  0.0  0.0  0.0  0.0  0.0  0.0 31.6  0.0  0.0 42.1  0.0  0.0 31.6  0.0
  0.0  0.0  0.0  0.0  0.0  0.0  0.0  0.0  0.0  0.0  0.0  0.0  0.0  0.0  0.0
  0.0  0.0  0.0  0.0  0.0  0.0  0.0  0.0  0.0  0.0  0.0  0.0  0.0  0.0  0.0
  0.0  0.0  0.0  0.0  0.0  0.0  0.0  0.0  0.0  0.0  0.0  0.0  0.0  0.0  0.0
  0.0  0.0  0.0  0.0  0.0  0.0  0.0  0.0  0.0  0.0  0.0  0.0  0.0  0.0  0.0
  0.0  0.0  0.0  0.0  0.0  0.0  0.0 10.5  0.0  0.0  0.0 10.5  0.0  0.0  0.0
 21.1  0.0  0.0  0.0  0.0 10.5  0.0  0.0  0.0  0.0  0.0  0.0  0.0  0.0  0.0
    -36.86     -4.69      0.97     -6.61      1.16  0.0  0.0  0.0  0.0  0.0
                                     t000108_s14_p5_qjpp.txt 34.5  5.2  415
  2.4  0.0  0.0 19.3  0.0  0.0  0.0  0.0  0.0  0.0  0.0  0.0  0.0  0.0  0.0
  0.0  0.0  0.0  0.0  0.0  0.0484.3 57.8 55.4 31.3  0.0  0.0  2.4  0.0  0.0
  4.8  4.8  0.0  2.4  0.0  2.4  9.6  0.0  0.0  0.0  0.0  0.0  0.0 19.3  4.8
  2.4  0.0  0.0  0.0  0.0  0.0  4.8 26.5  0.0  4.8 77.1  0.0  2.4 84.3  0.0
  0.0  0.0  0.0  0.0  0.0  0.0  0.0  0.0  0.0  0.0  0.0  0.0  0.0  0.0  0.0
  0.0  0.0  0.0  0.0  0.0  0.0  0.0  0.0  0.0  0.0  0.0  0.0  0.0  0.0  0.0
  0.0  0.0  0.0  0.0  0.0  0.0  0.0  0.0  0.0  0.0  0.0  0.0  0.0  0.0  0.0
  0.0  0.0  0.0  0.0  0.0  0.0  0.0  0.0  0.0  0.0  0.0  0.0  0.0  0.0  0.0
  0.0  0.0  0.0  0.0  0.0  0.0  0.0  4.8  2.4  2.4  4.8  4.8 14.5  4.8  0.0
  0.0  0.0  4.8  0.0  0.0  2.4  0.0 14.5  7.2  2.4  0.0  0.0  2.4  0.0  0.0
    -29.64     -4.25      6.31     -6.61      3.78  0.0  0.0  0.0  0.0  0.0
                                     t000108_s14_p6_qjpp.txt 19.5  5.3   99
 20.2  0.0  0.0 30.3  0.0  0.0  0.0  0.0  0.0  0.0  0.0  0.0  0.0  0.0  0.0
  0.0  0.0  0.0  0.0  0.0  0.0414.1111.1 80.8 50.5  0.0  0.0 10.1  0.0  0.0
  0.0 10.1  0.0  0.0  0.0 10.1 10.1  0.0  0.0  0.0  0.0  0.0  0.0 40.4  0.0
 10.1  0.0  0.0  0.0  0.0  0.0 10.1 50.5  0.0  0.0101.0  0.0  0.0101.0  0.0
  0.0  0.0  0.0  0.0  0.0  0.0  0.0  0.0  0.0  0.0  0.0  0.0  0.0  0.0  0.0
  0.0  0.0  0.0  0.0  0.0  0.0  0.0  0.0  0.0  0.0  0.0  0.0  0.0  0.0  0.0
  0.0  0.0  0.0  0.0  0.0  0.0  0.0  0.0  0.0  0.0  0.0  0.0  0.0  0.0  0.0
  0.0  0.0  0.0  0.0  0.0  0.0  0.0  0.0  0.0  0.0  0.0  0.0  0.0  0.0  0.0
  0.0  0.0  0.0  0.0  0.0  0.0  0.0 40.4 20.2  0.0 10.1  0.0  0.0 20.2  0.0
  0.0  0.0 10.1  0.0  0.0  0.0  0.0 30.3  0.0  0.0 10.1  0.0  0.0  0.0  0.0
    -29.51     -2.20      4.14     -6.61      5.75  0.0  0.0  0.0  0.0  0.0
                                     t000108_s14_p7_qjpp.txt 32.5  5.2  171
  0.0  0.0  0.0 17.5  0.0  0.0  0.0  0.0  0.0  0.0  0.0  0.0  0.0  0.0  0.0
  0.0  0.0  0.0  0.0  0.0  0.0538.0 87.7 35.1 11.7  0.0  0.0  0.0  0.0  0.0
  0.0  0.0  0.0  0.0  5.8  0.0  0.0  0.0  0.0  0.0  0.0  0.0  0.0 11.7  0.0
  5.8  0.0  0.0  0.0  0.0  0.0  0.0 17.5  0.0  0.0 76.0  0.0  0.0 35.1  0.0
  5.8  0.0  0.0  0.0  0.0  0.0  0.0  0.0  0.0  0.0  0.0  0.0  0.0  0.0  0.0
  0.0  0.0  0.0  0.0  0.0  0.0  0.0  0.0  0.0  0.0  0.0  0.0  0.0  0.0  0.0
  0.0  0.0  0.0  0.0  0.0  0.0  0.0  0.0  0.0  0.0  0.0  0.0  0.0  0.0  0.0
  0.0  0.0  0.0  0.0  0.0  0.0  0.0  0.0  0.0  0.0  0.0  0.0  0.0  0.0  0.0
  0.0  0.0  0.0  0.0  0.0  0.0  0.0  0.0  5.8  0.0  5.8 23.4 11.7 11.7  0.0
  0.0  0.0  5.8  5.8  0.0  0.0  0.0  0.0  0.0 11.7  0.0  0.0  0.0  0.0  0.0
    -31.68     -5.34     -0.75     -6.61      0.03  0.0  0.0  0.0  0.0  0.0
                                     t000108_s14_p8_qjpp.txt  9.5  5.1   50
  0.0  0.0  0.0  0.0  0.0  0.0  0.0  0.0  0.0  0.0  0.0  0.0  0.0  0.0  0.0
  0.0  0.0  0.0  0.0  0.0  0.0400.0 80.0 20.0100.0  0.0  0.0  0.0  0.0  0.0
  0.0  0.0  0.0  0.0 20.0  0.0  0.0  0.0  0.0  0.0  0.0  0.0  0.0 60.0  0.0
  0.0  0.0  0.0  0.0  0.0  0.0  0.0 60.0  0.0  0.0 80.0  0.0  0.0100.0 20.0
  0.0  0.0  0.0  0.0  0.0  0.0  0.0  0.0  0.0  0.0  0.0  0.0  0.0  0.0  0.0
  0.0  0.0  0.0  0.0  0.0  0.0  0.0  0.0  0.0  0.0  0.0  0.0  0.0  0.0  0.0
  0.0  0.0  0.0  0.0  0.0  0.0  0.0  0.0  0.0  0.0  0.0  0.0  0.0  0.0  0.0
  0.0  0.0  0.0  0.0  0.0  0.0  0.0  0.0  0.0  0.0  0.0  0.0  0.0  0.0  0.0
  0.0 20.0  0.0  0.0  0.0  0.0  0.0  0.0  0.0  0.0 20.0 40.0 20.0  0.0 20.0
 20.0  0.0  0.0  0.0  0.0  0.0  0.0 40.0  0.0 20.0  0.0  0.0  0.0  0.0  0.0
    -27.02     -2.44     -4.91     -6.61      5.46  0.0  0.0  0.0  0.0  0.0
                                     t000108_s14_p9_qjpp.txt 14.3  4.4   78
  0.0  0.0  0.0  0.0  0.0  0.0  0.0  0.0 12.8  0.0  0.0  0.0  0.0  0.0  0.0
  0.0  0.0  0.0  0.0  0.0  0.0487.2102.6 25.6 25.6  0.0  0.0  0.0  0.0  0.0
  0.0  0.0  0.0 12.8  0.0 12.8 12.8  0.0  0.0  0.0  0.0  0.0  0.0 12.8  0.0
 25.6  0.0  0.0  0.0  0.0  0.0  0.0 38.5  0.0  0.0 25.6 12.8  0.0 64.1  0.0
  0.0  0.0  0.0  0.0  0.0  0.0  0.0  0.0  0.0  0.0  0.0  0.0  0.0  0.0  0.0
  0.0  0.0  0.0  0.0  0.0  0.0  0.0  0.0  0.0  0.0  0.0  0.0  0.0  0.0  0.0
  0.0  0.0  0.0  0.0  0.0  0.0  0.0  0.0  0.0  0.0  0.0  0.0  0.0  0.0  0.0
  0.0  0.0  0.0  0.0  0.0  0.0  0.0  0.0  0.0  0.0  0.0  0.0  0.0  0.0  0.0
  0.0  0.0  0.0  0.0  0.0  0.0  0.0  0.0  0.0  0.0  0.0 25.6  0.0 12.8  0.0
  0.0  0.0 12.8  0.0  0.0 12.8  0.0  0.0  0.0  0.0  0.0  0.0  0.0  0.0  0.0
    -28.21     -4.88     -3.42     -6.61      6.59  0.0  0.0  0.0  0.0  0.0
                                     t000108_s19_p1_qjpp.txt 37.3  5.1  582
  3.4  1.7  0.0 32.6  0.0  0.0  0.0  0.0  6.9  0.0  0.0  0.0  0.0  1.7  0.0
  0.0  0.0  3.4  5.2  0.0  0.0453.6111.7 43.0 22.3  8.6  3.4  5.2  0.0  0.0
  6.9  1.7  0.0  0.0  3.4  5.2  1.7  0.0  0.0  0.0  0.0  0.0  3.4  5.2  0.0
  5.2  1.7  0.0  0.0  3.4  3.4  8.6 10.3  0.0  6.9 68.7 15.5  1.7 70.4  5.2
  1.7  0.0  0.0  0.0  0.0  0.0  0.0  0.0  0.0  0.0  0.0  0.0  0.0  0.0  0.0
  0.0  0.0  0.0  0.0  0.0  1.7  0.0  0.0  0.0  0.0  0.0  0.0  0.0  0.0  0.0
  0.0  0.0  0.0  0.0  5.2  0.0  0.0  0.0  0.0  0.0  0.0  0.0  0.0  0.0  0.0
  1.7  0.0  0.0  1.7  0.0  5.2  5.2  0.0  0.0  0.0  0.0  0.0  0.0  0.0  0.0
  0.0  0.0  0.0  0.0  0.0  0.0  0.0  0.0  6.9  1.7 13.7 15.5  3.4  0.0  0.0
  0.0  1.7  3.4  1.7  0.0  0.0  3.4  5.2 12.0  3.4  0.0  1.7  3.4  0.0  0.0
    -26.03     -3.00      6.55     -6.61      0.97  1.7  0.0  1.7  0.0  0.0
                                    t000108_s19_p10_qjpp.txt 26.0  5.4  267
 15.0  0.0  0.0 33.7  0.0  0.0  0.0  0.0 11.2  0.0  0.0  0.0  0.0  0.0  0.0
  0.0  0.0  0.0 15.0  0.0  0.0363.3108.6 56.2 52.4  7.5  3.7 18.7  0.0  0.0
  0.0  0.0  0.0  0.0 11.2 22.5  7.5  0.0  0.0  3.7  0.0  0.0  3.7  3.7  3.7
  0.0  0.0 18.7  7.5  7.5  0.0 18.7  7.5  0.0  0.0146.1 18.7  0.0112.4  7.5
  3.7  0.0  0.0  0.0  0.0  0.0  0.0  0.0  0.0  0.0  0.0  0.0  0.0  0.0  0.0
  0.0  0.0  0.0 11.2  0.0  3.7  3.7  0.0  0.0  0.0  0.0  0.0  0.0  0.0  0.0
  0.0  0.0  0.0  0.0  0.0  0.0  0.0  0.0  0.0  0.0  0.0  0.0  0.0  0.0  0.0
 18.7  0.0  0.0 18.7  0.0  0.0  0.0  0.0  0.0  0.0  0.0  0.0  0.0  0.0  0.0
  0.0  0.0  0.0  0.0  0.0  0.0  0.0  0.0  3.7  0.0  7.5 15.0 18.7  0.0  0.0
  0.0  0.0  0.0  3.7  0.0  0.0  0.0  3.7 22.5  7.5  0.0  0.0 22.5  0.0  0.0
    -23.75      0.52     -3.61     -4.90      2.16  0.0  0.0  0.0  0.0  0.0
                                    t000108_s19_p11_qjpp.txt 26.3  5.3  267
 22.5  0.0  0.0 26.2  0.0  0.0  3.7  0.0  3.7  0.0  0.0  0.0  0.0  0.0  0.0
  3.7  0.0  3.7  7.5  0.0  0.0337.1149.8 44.9 41.2  7.5  3.7 11.2  0.0  0.0
  3.7  0.0  0.0  0.0  0.0 18.7  3.7  0.0  0.0  3.7  0.0  0.0  3.7  0.0  3.7
  0.0  3.7 15.0  3.7  3.7  3.7 15.0  3.7  0.0  3.7104.9 11.2  0.0 82.4 11.2
  0.0  0.0  0.0  0.0  0.0  0.0  0.0  0.0  0.0  0.0  0.0  0.0  0.0  0.0  0.0
  0.0  0.0  0.0  7.5  0.0  7.5  0.0  0.0  0.0  0.0  0.0  0.0  0.0  0.0  0.0
  0.0  0.0  0.0  0.0  0.0  0.0  0.0  0.0  0.0  0.0  0.0  0.0  0.0  0.0  0.0
 15.0  0.0  0.0 15.0  0.0  0.0  0.0  0.0  0.0  0.0  0.0  0.0  0.0  0.0  0.0
  0.0  0.0  0.0  0.0  0.0  0.0  0.0  0.0 11.2  3.7 11.2 18.7 22.5  0.0  0.0
  0.0  3.7  0.0  0.0  0.0  0.0  0.0 11.2 11.2  3.7  0.0  0.0 15.0  0.0  0.0
    -21.77     -1.24      3.31     -4.90      1.60  0.0  0.0  0.0  0.0  0.0
                                    t000108_s19_p12_qjpp.txt 13.5  5.2   61
  0.0  0.0  0.0 49.2  0.0  0.0  0.0  0.0 16.4  0.0 16.4  0.0  0.0  0.0  0.0
  0.0  0.0 16.4 16.4  0.0  0.0508.2 98.4 16.4 16.4  0.0  0.0  0.0  0.0  0.0
  0.0  0.0  0.0  0.0  0.0 32.8 32.8  0.0  0.0  0.0  0.0  0.0 16.4 16.4  0.0
  0.0  0.0 16.4  0.0 16.4 16.4 16.4 16.4  0.0  0.0 32.8 16.4  0.0 98.4  0.0
 16.4  0.0  0.0  0.0  0.0  0.0  0.0  0.0  0.0  0.0  0.0  0.0  0.0  0.0  0.0
  0.0  0.0  0.0  0.0  0.0 16.4  0.0  0.0  0.0  0.0  0.0  0.0  0.0  0.0  0.0
  0.0  0.0  0.0  0.0  0.0  0.0  0.0  0.0 16.4  0.0  0.0  0.0  0.0  0.0  0.0
 16.4  0.0  0.0 16.4  0.0 16.4 16.4  0.0  0.0  0.0  0.0  0.0  0.0  0.0  0.0
  0.0  0.0  0.0  0.0  0.0  0.0  0.0  0.0  0.0 16.4  0.0  0.0 32.8  0.0  0.0
  0.0  0.0  0.0  0.0  0.0  0.0  0.0  0.0 16.4 32.8  0.0  0.0  0.0  0.0  0.0
    -18.80     -5.19     -0.89     -6.61      9.10  0.0  0.0  0.0  0.0  0.0
                                    t000108_s19_p13_qjpp.txt 36.0  5.2  512
  3.9  2.0  0.0 25.4  0.0  0.0  0.0  0.0  3.9  0.0  2.0  0.0  0.0  0.0  0.0
  0.0  0.0  2.0  9.8  0.0  0.0496.1 68.4 54.7 31.3  2.0 11.7  2.0  0.0  0.0
  2.0  3.9  0.0  3.9  0.0  2.0  5.9  0.0  0.0  0.0  0.0  0.0  0.0  5.9  0.0
  0.0  2.0  2.0  0.0  2.0  2.0 15.6  5.9  0.0  2.0 68.4  5.9  2.0 68.4  2.0
  3.9  0.0  0.0  0.0  0.0  0.0  0.0  0.0  0.0  0.0  0.0  0.0  0.0  0.0  0.0
  0.0  0.0  0.0  2.0  0.0  2.0  2.0  0.0  0.0  0.0  0.0  0.0  0.0  0.0  0.0
  2.0  0.0  0.0  0.0  0.0  0.0  0.0  0.0  0.0  0.0  0.0  0.0  0.0  0.0  0.0
  5.9  0.0  0.0  5.9  2.0  0.0  2.0  0.0  0.0  0.0  0.0  0.0  0.0  0.0  0.0
  0.0  0.0  0.0  0.0  0.0  0.0  0.0  3.9  5.9  0.0 13.7 23.4 15.6  3.9  0.0
  0.0  0.0  2.0  0.0  2.0  0.0  0.0 15.6  2.0 11.7  2.0  0.0  7.8  0.0  0.0
    -26.70     -2.00      2.97     -6.61     -2.74  0.0  0.0  0.0  0.0  0.0
                                    t000108_s19_p14_qjpp.txt 21.8  5.1  119
  8.4  0.0  0.0 16.8  0.0  0.0  0.0  0.0  0.0  0.0  0.0  0.0  0.0  0.0  0.0
  0.0  0.0  0.0  8.4  0.0  0.0504.2 67.2 25.2 33.6  0.0  0.0  0.0  0.0  0.0
  0.0  8.4  0.0  0.0  0.0  8.4  0.0  0.0  0.0  0.0  0.0  0.0  0.0  0.0  0.0
  0.0  0.0  8.4  0.0  0.0  0.0 16.8  0.0  0.0  0.0 25.2  0.0  0.0 42.0  0.0
  8.4  0.0  0.0  0.0  0.0  0.0  0.0  0.0  0.0  0.0  0.0  0.0  0.0  0.0  0.0
  0.0  0.0  0.0  0.0  0.0  8.4  0.0  0.0  0.0  0.0  0.0  0.0  0.0  0.0  0.0
  0.0  0.0  0.0  0.0  0.0  0.0  0.0  0.0  0.0  0.0  0.0  0.0  0.0  0.0  0.0
  8.4  0.0  0.0  8.4  0.0  0.0  0.0  0.0  0.0  0.0  0.0  0.0  0.0  0.0  0.0
  0.0  0.0  0.0  0.0  0.0  0.0  0.0  0.0  0.0  0.0  8.4  8.4  0.0  0.0  0.0
  0.0  0.0  0.0  0.0  0.0  8.4  8.4  8.4  0.0  0.0  0.0  0.0 16.8  0.0  0.0
    -26.60     -4.62      3.61     -6.61     -3.63  0.0  0.0  0.0  0.0  0.0
                                    t000108_s19_p15_qjpp.txt 35.0  5.1  311
  9.6  0.0  0.0 16.1  0.0  0.0  0.0  0.0  6.4  0.0  0.0  0.0  0.0  0.0  0.0
  3.2  0.0  0.0  3.2  0.0  0.0482.3115.8 48.2 48.2  0.0  0.0  3.2  0.0  3.2
  0.0  0.0  0.0  0.0  0.0 12.9  6.4  0.0  0.0  0.0  0.0  3.2  6.4  9.6  0.0
  3.2  0.0 12.9  0.0  0.0  0.0  3.2 12.9  0.0  3.2 48.2  6.4  0.0 70.7  3.2
  0.0  0.0  0.0  0.0  0.0  0.0  0.0  0.0  0.0  0.0  0.0  0.0  0.0  0.0  0.0
  0.0  0.0  0.0  3.2  0.0  3.2  3.2  0.0  0.0  0.0  0.0  0.0  0.0  0.0  3.2
  0.0  0.0  0.0  0.0  0.0  0.0  0.0  0.0  0.0  0.0  0.0  0.0  0.0  0.0  0.0
  9.6  0.0  0.0  9.6  3.2  0.0  3.2  0.0  0.0  0.0  0.0  0.0  0.0  0.0  0.0
  0.0  0.0  0.0  0.0  0.0  0.0  0.0  0.0  0.0  9.6 19.3  9.6 16.1  0.0  0.0
  0.0  0.0  3.2  3.2  0.0  3.2  6.4  9.6  3.2  6.4  3.2  0.0  6.4  0.0  0.0
    -28.71     -3.55      1.85     -5.32      2.89  0.0  0.0  0.0  0.0  0.0
                                     t000108_s19_p2_qjpp.txt 34.8  5.1  205
  4.9  0.0  0.0 34.1  0.0  4.9  4.9  0.0  9.8  4.9  0.0  0.0  0.0  0.0  0.0
  4.9  0.0  0.0  0.0  0.0  0.0414.6112.2 58.5 29.3  4.9  0.0  4.9  0.0  4.9
  0.0  4.9  0.0  0.0  4.9 24.4 19.5  0.0  0.0  0.0  0.0  0.0  9.8  0.0  0.0
  0.0  0.0  4.9  0.0  9.8  0.0  4.9  0.0  0.0  4.9 78.0 14.6  0.0 82.9  0.0
  0.0  0.0  0.0  0.0  0.0  0.0  0.0  0.0  0.0  0.0  0.0  0.0  0.0  0.0  0.0
  0.0  0.0  0.0  0.0  0.0  4.9  4.9  0.0  0.0  0.0  0.0  0.0  0.0  0.0  0.0
  0.0  4.9  0.0  4.9  0.0  0.0  0.0  0.0  0.0  0.0  0.0  0.0  0.0  0.0  0.0
  9.8  0.0  0.0  9.8  9.8  0.0  9.8  0.0  0.0  0.0  0.0  0.0  0.0  0.0  0.0
  0.0  0.0  0.0  0.0  0.0  0.0  0.0  0.0  4.9  0.0 24.4  9.8 14.6  0.0  0.0
  0.0  0.0  0.0  0.0  0.0  0.0  0.0  4.9  4.9 19.5  0.0  0.0  9.8  4.9  0.0
    -23.90     -3.64      2.40     -6.61      2.47  0.0  0.0  0.0  0.0  0.0
                                     t000108_s19_p3_qjpp.txt 19.3  5.0   99
 20.2 10.1  0.0 20.2  0.0  0.0  0.0  0.0 10.1  0.0  0.0  0.0  0.0  0.0  0.0
  0.0  0.0  0.0 10.1  0.0  0.0424.2 90.9 40.4 60.6 20.2  0.0 20.2  0.0  0.0
  0.0  0.0  0.0  0.0  0.0 30.3  0.0  0.0  0.0  0.0  0.0  0.0  0.0  0.0 10.1
 10.1  0.0 20.2  0.0 10.1  0.0 10.1 20.2  0.0  0.0 70.7 30.3  0.0101.0 10.1
  0.0  0.0  0.0  0.0  0.0  0.0  0.0  0.0  0.0  0.0  0.0  0.0  0.0  0.0  0.0
  0.0  0.0  0.0 10.1  0.0 20.2  0.0  0.0  0.0  0.0  0.0  0.0  0.0  0.0  0.0
  0.0  0.0  0.0  0.0  0.0  0.0  0.0  0.0  0.0  0.0  0.0  0.0  0.0  0.0  0.0
 30.3  0.0  0.0 30.3  0.0  0.0  0.0  0.0  0.0  0.0  0.0  0.0  0.0  0.0  0.0
  0.0  0.0  0.0  0.0  0.0  0.0  0.0 20.2  0.0  0.0 10.1  0.0 30.3 20.2  0.0
  0.0 10.1  0.0  0.0  0.0 10.1  0.0 20.2 10.1 20.2  0.0  0.0 30.3  0.0  0.0
    -21.28      0.90     -0.75     -6.61      7.40  0.0  0.0  0.0  0.0  0.0
                                     t000108_s19_p4_qjpp.txt 33.3  5.2  331
  3.0  0.0  0.0 27.2  0.0  0.0  0.0  0.0 15.1  0.0  0.0  0.0  0.0  0.0  0.0
  0.0  0.0  3.0  3.0  0.0  0.0410.9117.8 33.2 33.2  0.0  3.0  0.0  0.0  3.0
  0.0  0.0  0.0  3.0  0.0 15.1 15.1  0.0  0.0  0.0  0.0  0.0 12.1  9.1  3.0
  0.0  6.0  3.0  0.0  3.0  3.0  9.1 12.1  0.0  3.0 48.3 15.1  0.0 81.6  0.0
  3.0  0.0  0.0  0.0  0.0  0.0  0.0  0.0  0.0  0.0  0.0  0.0  0.0  0.0  0.0
  0.0  0.0  0.0  3.0  0.0  0.0  0.0  0.0  0.0  0.0  0.0  0.0  0.0  3.0  3.0
  0.0  0.0  0.0  0.0  3.0  0.0  0.0  0.0  0.0  0.0  0.0  0.0  0.0  3.0  0.0
  3.0  0.0  3.0  6.0  3.0  3.0  6.0  3.0  0.0  0.0  0.0  0.0  0.0  0.0  0.0
  0.0  0.0  0.0  0.0  0.0  0.0  0.0  9.1  6.0  3.0  3.0  0.0 15.1 15.1  0.0
  0.0  0.0  0.0  0.0  0.0  6.0  0.0 12.1  0.0  6.0  0.0  6.0  3.0  0.0  0.0
    -26.55     -4.05      0.76     -6.61      7.62  3.0  0.0  0.0  0.0  0.0
                                     t000108_s19_p5_qjpp.txt 16.8  5.0   89
 11.2 11.2  0.0 22.5  0.0  0.0  0.0  0.0 11.2  0.0  0.0  0.0  0.0  0.0  0.0
  0.0  0.0  0.0 11.2  0.0  0.0370.8134.8 33.7 44.9 44.9 11.2  0.0  0.0  0.0
  0.0  0.0  0.0  0.0 11.2 33.7 11.2  0.0  0.0  0.0  0.0 11.2 11.2 11.2 11.2
  0.0  0.0  0.0 11.2  0.0  0.0 11.2 22.5  0.0  0.0 44.9 56.2  0.0 89.9  0.0
  0.0  0.0  0.0  0.0  0.0  0.0  0.0  0.0  0.0  0.0  0.0  0.0  0.0  0.0  0.0
  0.0  0.0  0.0  0.0  0.0 11.2  0.0  0.0  0.0  0.0  0.0  0.0  0.0  0.0  0.0
  0.0  0.0  0.0  0.0  0.0  0.0  0.0  0.0  0.0  0.0  0.0  0.0  0.0  0.0  0.0
 11.2  0.0  0.0 11.2  0.0  0.0  0.0  0.0  0.0  0.0  0.0  0.0  0.0  0.0  0.0
  0.0  0.0  0.0  0.0  0.0  0.0  0.0 33.7  0.0  0.0 11.2  0.0 22.5  0.0  0.0
  0.0  0.0  0.0  0.0  0.0  0.0  0.0 11.2  0.0 33.7  0.0  0.0  0.0  0.0  0.0
    -21.55     -0.09     -4.25     -2.11     13.74 11.2  0.0  0.0  0.0  0.0
                                     t000108_s19_p6_qjpp.txt 28.3  5.1  300
 13.3  3.3  0.0 10.0  0.0  0.0 16.7  0.0  3.3  3.3  0.0  0.0  0.0  0.0  0.0
  0.0  0.0  0.0 10.0  0.0  0.0476.7113.3 20.0 60.0  0.0  0.0  3.3  0.0  3.3
  0.0  0.0  0.0  3.3  0.0 13.3  0.0  0.0  0.0  0.0  0.0  0.0 10.0 13.3  3.3
 16.7  3.3  3.3  0.0  0.0  0.0 13.3 33.3  0.0  3.3 33.3  3.3  0.0 90.0  6.7
  0.0  0.0  0.0  0.0  0.0  0.0  0.0  0.0  0.0  0.0  0.0  0.0  0.0  0.0  0.0
  0.0  0.0  0.0  3.3  0.0  3.3  0.0  0.0  0.0  0.0  0.0  0.0  0.0  0.0  0.0
  0.0  0.0  0.0  0.0  0.0  0.0  0.0  0.0  0.0  0.0  0.0  0.0  0.0  0.0  0.0
  6.7  0.0  0.0  6.7  0.0  0.0  0.0  0.0  0.0  0.0  0.0  0.0  0.0  0.0  0.0
  0.0  0.0  0.0  0.0  0.0  0.0  0.0  0.0 20.0  3.3 13.3  3.3 10.0  3.3  0.0
  0.0  0.0  0.0  0.0  0.0  3.3  0.0 10.0  3.3 16.7  0.0  6.7  6.7  0.0  0.0
    -21.85     -3.14      0.93     -6.61     12.58  0.0  0.0  0.0  0.0  0.0
                                     t000108_s19_p7_qjpp.txt 20.5  5.1  121
  8.3  0.0  0.0 41.3  0.0  0.0  8.3  0.0  8.3  0.0  0.0  0.0  0.0  0.0  0.0
  0.0  0.0  0.0 16.5  0.0  0.0363.6107.4 24.8 49.6  0.0 16.5  8.3  0.0  0.0
  0.0  0.0  0.0  0.0  0.0 16.5  0.0  0.0  0.0  0.0  0.0  0.0  0.0  0.0  0.0
  0.0  0.0 16.5  0.0  8.3  0.0 16.5  0.0  0.0  0.0 57.9  8.3  0.0 99.2  8.3
  8.3  0.0  0.0  0.0  0.0  0.0  0.0  0.0  0.0  0.0  0.0  0.0  0.0  0.0  0.0
  0.0  0.0  0.0  8.3  0.0  8.3  0.0  0.0  0.0  0.0  0.0  0.0  0.0  0.0  0.0
  0.0  0.0  0.0  0.0  0.0  0.0  0.0  0.0  0.0  0.0  0.0  0.0  0.0  0.0  0.0
 16.5  0.0  0.0 16.5  0.0  0.0  0.0  0.0  0.0  0.0  0.0  0.0  0.0  0.0  0.0
  0.0  8.3  0.0  0.0  0.0  0.0  0.0  0.0 24.8  8.3 16.5  0.0  8.3  8.3  0.0
  0.0  8.3  0.0  0.0  0.0  0.0  0.0 24.8  8.3  8.3  0.0  0.0  8.3  0.0  0.0
    -19.67      0.61      0.03     -6.61     -3.63  0.0  0.0  0.0  0.0  0.0
                                     t000108_s19_p8_qjpp.txt 34.3  5.4  360
  0.0  0.0  0.0 11.1  0.0  0.0  2.8  0.0  5.6  0.0  0.0  0.0  0.0  0.0  0.0
  0.0  0.0  2.8  5.6  0.0  0.0486.1 97.2 33.3 19.4  0.0  2.8  2.8  0.0  2.8
  0.0  0.0  0.0  2.8  0.0  5.6  2.8  0.0  0.0  0.0  0.0  0.0  0.0  5.6  5.6
  5.6  0.0  2.8  0.0  0.0  2.8  5.6 16.7  0.0  2.8 44.4  5.6  0.0 44.4  0.0
  0.0  0.0  0.0  0.0  0.0  0.0  0.0  0.0  0.0  0.0  0.0  0.0  0.0  0.0  0.0
  0.0  0.0  0.0  2.8  0.0  0.0  0.0  0.0  0.0  0.0  0.0  0.0  0.0  0.0  0.0
  0.0  0.0  0.0  0.0  0.0  0.0  0.0  0.0  0.0  0.0  0.0  0.0  0.0  0.0  0.0
  2.8  0.0  0.0  2.8  0.0  0.0  0.0  0.0  0.0  0.0  0.0  0.0  0.0  0.0  0.0
  0.0  0.0  0.0  0.0  0.0  0.0  0.0  0.0 16.7  2.8  2.8 11.1  5.6  5.6  2.8
  0.0  0.0  0.0  0.0  0.0  0.0  0.0  8.3  2.8  5.6  0.0  0.0  0.0  0.0  0.0
    -28.41     -4.04      1.25     -6.61      3.28  0.0  0.0  0.0  0.0  0.0
                                     t000108_s19_p9_qjpp.txt 27.8  5.1  388
 15.5  2.6  0.0 41.2  0.0  0.0  5.2  0.0 12.9  0.0  2.6  0.0  0.0  0.0  0.0
  0.0  0.0  5.2  2.6  0.0  0.0378.9108.2 38.7 51.5 10.3  2.6  5.2  0.0  0.0
  0.0  0.0  0.0  0.0  0.0 20.6 10.3  2.6  0.0  0.0  0.0  0.0  5.2 12.9  0.0
  5.2  5.2 12.9  0.0  2.6  7.7  7.7 18.0  0.0  0.0 74.7 23.2  2.6123.7  5.2
 10.3  0.0  0.0  0.0  0.0  0.0  0.0  0.0  0.0  0.0  0.0  0.0  0.0  0.0  0.0
  0.0  0.0  0.0  5.2  0.0  7.7  2.6  0.0  0.0  0.0  0.0  5.2  0.0  0.0  0.0
  0.0  0.0  0.0  0.0  0.0 10.3  0.0  0.0  0.0  0.0  0.0  0.0  0.0  0.0  0.0
 15.5  0.0  5.2 20.6  0.0 10.3 10.3  0.0  0.0  0.0  0.0  0.0  0.0  0.0  0.0
  0.0  5.2  0.0  0.0  0.0  0.0  0.0  0.0 10.3  2.6  2.6 33.5  5.2  0.0  0.0
  0.0  5.2  0.0  5.2  0.0  2.6  0.0 18.0  7.7  5.2  0.0  2.6  7.7  0.0  0.0
    -21.38     -2.12     -0.20     -5.99      3.21  0.0  0.0  0.0  0.0  0.0
                                      t000108_s2_p1_qjpp.txt 24.5  5.7  166
  0.0  0.0  0.0 60.2  0.0  0.0  0.0  0.0  6.0  0.0  0.0  0.0  0.0  0.0  0.0
  0.0  0.0  0.0 36.1  0.0  0.0524.1 90.4 66.3  6.0  0.0  6.0  0.0  0.0  0.0
  0.0  0.0  0.0  0.0  0.0  0.0  0.0  0.0  0.0  0.0  0.0  0.0  0.0  6.0 42.2
  0.0  0.0  0.0  0.0  0.0  0.0 36.1 48.2  0.0  0.0 78.3  6.0  0.0 72.3  6.0
  0.0  0.0  0.0  0.0  0.0  0.0  0.0  0.0  0.0  0.0  0.0  0.0  0.0  0.0  0.0
  0.0  0.0  0.0  0.0  0.0  0.0  0.0  0.0  0.0  0.0  0.0  0.0  0.0  0.0  0.0
  0.0  0.0  0.0  0.0  0.0  0.0  0.0  0.0  0.0  0.0  0.0  0.0  0.0  0.0  0.0
  0.0  0.0  0.0  0.0  0.0  0.0  0.0  0.0  0.0  0.0  0.0  0.0  0.0  0.0  0.0
  0.0  0.0  0.0  0.0  0.0  0.0  0.0  0.0 18.1  0.0  6.0  0.0  0.0  0.0  0.0
  0.0  0.0  0.0  0.0  0.0  0.0  0.0  6.0  6.0  0.0  0.0  0.0  0.0  0.0  0.0
    -25.25     -4.37      0.97     -6.61     29.72  0.0  0.0  0.0  0.0  0.0
                                      t000108_s6_p1_qjpp.txt 33.3  5.6  281
  3.6  0.0  0.0 56.9  0.0  0.0 10.7  0.0  0.0  7.1  3.6  0.0  0.0  0.0  0.0
  0.0  0.0  3.6 10.7  0.0  0.0427.0106.8 60.5  3.6 14.2  7.1  0.0  0.0  3.6
  0.0  3.6  0.0  0.0 10.7 14.2  3.6  0.0  0.0  0.0  0.0  0.0  0.0 14.2  0.0
  7.1  0.0  7.1  3.6  7.1  3.6 14.2 21.4  0.0  3.6 74.7 14.2  0.0 71.2  0.0
 10.7  0.0  0.0  0.0  0.0  0.0  0.0  0.0  0.0  0.0  0.0  0.0  0.0  0.0  0.0
  0.0  0.0  0.0  0.0  0.0  7.1  0.0  0.0  0.0  0.0  0.0  0.0  0.0  0.0  0.0
  0.0  0.0  0.0  0.0  0.0  3.6  0.0  0.0  0.0  3.6  0.0  0.0  0.0  0.0  0.0
  7.1  0.0  0.0  7.1  0.0  3.6  7.1  0.0  0.0  0.0  0.0  0.0  0.0  0.0  0.0
  0.0  7.1  0.0  0.0  0.0  0.0  0.0  0.0 24.9  0.0 10.7 21.4 10.7  0.0  0.0
  0.0  0.0  0.0  0.0  0.0  7.1  0.0 17.8  0.0  0.0  3.6  3.6 10.7  0.0  0.0
    -23.31     -3.61      0.12     -6.61      0.83  0.0  0.0  0.0  0.0  0.0
                                      t000108_s6_p2_qjpp.txt 32.3  5.2  399
  7.5  0.0  0.0 32.6  0.0  0.0  5.0  0.0  2.5  2.5  0.0  0.0  0.0  0.0  0.0
  0.0  0.0  0.0  5.0  0.0  0.0443.6132.8 42.6 15.0  0.0  7.5  0.0  0.0  5.0
  2.5  0.0  0.0  0.0  0.0 20.1  2.5  0.0  0.0  0.0  0.0  0.0  7.5  5.0  2.5
  2.5  0.0  0.0  2.5  2.5  0.0  5.0 10.0  0.0  7.5 57.6  2.5  0.0 57.6  0.0
  2.5  0.0  0.0  0.0  0.0  0.0  0.0  0.0  0.0  0.0  0.0  0.0  0.0  0.0  0.0
  0.0  0.0  0.0  0.0  0.0  0.0  0.0  0.0  0.0  0.0  0.0  0.0  0.0  0.0  0.0
  0.0  0.0  0.0  0.0  0.0  0.0  0.0  0.0  0.0  0.0  0.0  0.0  0.0  0.0  0.0
  0.0  0.0  0.0  0.0  0.0  0.0  0.0  0.0  0.0  0.0  0.0  0.0  0.0  0.0  0.0
  0.0  0.0  0.0  0.0  0.0  0.0  0.0  2.5  5.0  0.0  5.0 12.5  7.5  2.5  0.0
  0.0  0.0  5.0  0.0  0.0  2.5  0.0  5.0  0.0  0.0  0.0  2.5  7.5  0.0  0.0
    -27.47     -3.79      4.62     -6.61      4.57  0.0  2.5  0.0  0.0  0.0
                                      t000108_s6_p3_qjpp.txt 30.0  5.4  336
 11.9  0.0  0.0 47.6  0.0  0.0  3.0  0.0  3.0  0.0  6.0  0.0  0.0  0.0  0.0
  0.0  0.0 23.8  8.9  0.0  0.0404.8133.9 53.6  6.0 11.9  0.0  3.0  0.0  0.0
  0.0  6.0  0.0  8.9  6.0 38.7  8.9  3.0  0.0  0.0  0.0  3.0  8.9  3.0  0.0
  8.9  6.0  3.0  0.0  6.0 26.8 20.8 11.9  0.0  0.0 68.5 14.9  0.0 74.4  0.0
  3.0  0.0  0.0  0.0  0.0  0.0  0.0  0.0  0.0  0.0  0.0  0.0  0.0  0.0  0.0
  0.0  0.0  0.0  3.0  0.0  0.0  0.0  0.0  0.0  0.0  3.0  0.0  0.0  0.0  0.0
  0.0  0.0  6.0  0.0  0.0  3.0  0.0  0.0  0.0  0.0  0.0  0.0  0.0  0.0  0.0
  3.0  0.0  3.0  6.0  6.0  3.0  8.9  0.0  0.0  0.0  0.0  0.0  0.0  0.0  0.0
  0.0  0.0  0.0  0.0  0.0  0.0  0.0  0.0  3.0  3.0  3.0 20.8  3.0  6.0  0.0
  0.0  3.0  0.0  0.0  0.0  3.0  0.0  6.0  3.0  6.0  8.9  0.0  6.0  0.0  0.0
    -19.03     -4.45     -3.32     -4.71      5.29  3.0  0.0  0.0  0.0  0.0
                                      t000108_s6_p4_qjpp.txt 30.3  5.9  165
 12.1  0.0  0.0 36.4  0.0  0.0 12.1  0.0 12.1  6.1  0.0  0.0  0.0  0.0  0.0
  0.0  0.0  6.1  6.1  0.0  0.0412.1121.2 36.4 36.4  6.1  0.0  6.1  0.0 12.1
  0.0  6.1  0.0  6.1  0.0 30.3  6.1  6.1  0.0  6.1  0.0  6.1 18.2 12.1 12.1
  0.0  0.0 18.2  0.0  6.1 12.1 18.2 24.2  0.0 12.1 54.5 18.2  0.0 84.8  6.1
  0.0  0.0  0.0  0.0  0.0  0.0  0.0  0.0  0.0  0.0  0.0  0.0  0.0  0.0  0.0
  0.0  0.0  0.0  6.1  0.0  6.1  0.0  0.0  0.0  0.0  0.0  0.0  0.0  0.0  0.0
  0.0  0.0  0.0  0.0  0.0  0.0  0.0  0.0  0.0  0.0  0.0  0.0  0.0  0.0  0.0
 12.1  0.0  0.0 12.1  0.0  0.0  0.0  0.0  0.0  0.0  0.0  0.0  0.0  0.0  0.0
  0.0  0.0  0.0  0.0  0.0  0.0  0.0  0.0  6.1  6.1  6.1 12.1  6.1 24.2  0.0
  0.0  0.0  0.0  0.0  0.0  0.0  0.0 12.1  6.1 12.1  0.0  6.1  6.1  0.0  0.0
    -22.74     -3.14      5.83      0.02     18.90  6.1  0.0  0.0  6.1  0.0
                                      t000108_s6_p5_qjpp.txt 17.5  5.7  107
  9.3  0.0  0.0 46.7  0.0  0.0  0.0  0.0  0.0  0.0  0.0  0.0  0.0  0.0  0.0
  0.0  0.0  0.0  9.3  0.0  0.0420.6140.2 28.0 37.4  9.3  0.0  0.0  0.0  0.0
  0.0  0.0  0.0  9.3  0.0 28.0  9.3  0.0  0.0  0.0  0.0  0.0  9.3 18.7  9.3
  0.0  0.0  9.3  9.3  0.0  0.0  9.3 28.0  0.0  0.0 46.7  9.3  0.0 93.5  0.0
 18.7  0.0  0.0  0.0  0.0  0.0  0.0  0.0  0.0  0.0  0.0  0.0  0.0  0.0  0.0
  0.0  0.0  0.0  0.0  0.0  9.3  0.0  0.0  0.0  0.0  0.0  0.0  0.0  0.0  0.0
  0.0  0.0  0.0  0.0  0.0  0.0  0.0  0.0  0.0  9.3  0.0  0.0  0.0  0.0  0.0
  9.3  0.0  0.0  9.3  0.0  0.0  9.3  0.0  0.0  0.0  0.0  0.0  0.0  0.0  0.0
  0.0  0.0  0.0  0.0  0.0  0.0  0.0  9.3  9.3 18.7 18.7 18.7 18.7  0.0  0.0
  0.0  0.0  0.0  0.0  0.0  0.0  0.0 18.7  0.0  9.3  0.0  0.0  0.0  0.0  0.0
    -27.52     -4.08     -3.29     -6.61     12.24  0.0  0.0  0.0  0.0  0.0
                                      t000108_s6_p6_qjpp.txt 35.0  5.5  286
 10.5  0.0  0.0 45.5  0.0  0.0  0.0  0.0  0.0  3.5  3.5  0.0  0.0  0.0  0.0
  0.0  0.0  3.5  0.0  0.0  0.0437.1 94.4 52.4 17.5  3.5  7.0  0.0  0.0  0.0
  0.0  0.0  0.0  3.5  0.0 21.0 14.0  3.5  0.0  3.5  0.0  3.5 10.5 14.0  3.5
  3.5  0.0 10.5  0.0  7.0  7.0  3.5 21.0  0.0  0.0 66.4  3.5  7.0 83.9  3.5
  0.0  0.0  0.0  0.0  0.0  0.0  0.0  0.0  0.0  0.0  0.0  0.0  0.0  0.0  0.0
  0.0  0.0  0.0  0.0  0.0 10.5  3.5  3.5  0.0  0.0  0.0  0.0  0.0  0.0  0.0
  0.0  0.0  0.0  0.0  0.0  0.0  0.0  0.0  3.5  0.0  0.0  0.0  0.0  0.0  0.0
 14.0  3.5  0.0 17.5  0.0  3.5  3.5  0.0  0.0  0.0  0.0  0.0  0.0  0.0  0.0
  0.0  0.0  0.0  0.0  0.0  0.0  0.0  0.0  7.0  3.5 10.5 28.0 10.5  0.0  0.0
  0.0  0.0  0.0  0.0  3.5  7.0 10.5 10.5  0.0  7.0  0.0  0.0 17.5  0.0  0.0
    -26.98     -3.65     -1.22     -2.78      8.87  3.5  0.0  0.0  0.0  0.0
                                      t000108_s6_p7_qjpp.txt 34.8  5.5  548
  3.6  1.8  0.0 42.0  0.0  1.8  1.8  0.0  3.6  3.6  3.6  0.0  0.0  0.0  0.0
  0.0  0.0  3.6  0.0  0.0  0.0461.7 93.1 32.8 10.9  9.1  7.3  7.3  0.0  1.8
  3.6  1.8  0.0  3.6  0.0 14.6 12.8  1.8  3.6  1.8  0.0  3.6  5.5 16.4  0.0
  1.8  3.6  3.6  1.8  3.6  5.5  7.3 18.2  0.0  5.5 40.1 12.8  0.0 76.6  1.8
  1.8  0.0  0.0  0.0  0.0  0.0  0.0  0.0  0.0  0.0  0.0  0.0  0.0  0.0  0.0
  0.0  0.0  0.0  3.6  1.8  3.6  0.0  1.8  0.0  0.0  0.0  0.0  0.0  0.0  1.8
  1.8  0.0  1.8  0.0  0.0  0.0  0.0  0.0  1.8  0.0  0.0  0.0  0.0  0.0  0.0
  9.1  1.8  0.0 10.9  5.5  1.8  7.3  0.0  0.0  0.0  0.0  0.0  0.0  0.0  0.0
  0.0  0.0  0.0  0.0  0.0  0.0  0.0  0.0 14.6  1.8  7.3 20.1 12.8  3.6  1.8
  0.0  1.8  0.0  0.0  1.8  0.0  0.0 10.9 10.9  7.3  3.6  3.6  5.5  0.0  0.0
    -25.87     -2.21      4.01     -2.70      2.87  0.0  0.0  3.6  0.0  0.0
                                      t000108_s8_p1_qjpp.txt 34.3  5.4  268
  0.0  0.0  0.0 37.3  0.0  0.0  0.0  0.0  0.0  3.7  0.0  0.0  0.0  0.0  0.0
  0.0  0.0  0.0  7.5  0.0  0.0492.5 85.8 52.2  3.7  3.7  0.0  0.0  0.0  0.0
  3.7  0.0  0.0  0.0  0.0 22.4  3.7  0.0  3.7  0.0  0.0  0.0  7.5  7.5  3.7
  3.7  3.7  0.0  0.0  0.0  0.0 11.2 14.9  0.0  3.7 56.0  3.7  0.0 52.2  3.7
 14.9  0.0  0.0  0.0  0.0  0.0  0.0  0.0  0.0  0.0  0.0  0.0  0.0  0.0  0.0
  0.0  0.0  0.0  0.0  0.0  0.0  0.0  0.0  0.0  0.0  0.0  0.0  0.0  0.0  0.0
  0.0  0.0  0.0  0.0  0.0  0.0  0.0  0.0  0.0  0.0  0.0  0.0  0.0  0.0  0.0
  0.0  0.0  0.0  0.0  0.0  0.0  0.0  0.0  0.0  0.0  0.0  0.0  0.0  0.0  0.0
  0.0  0.0  0.0  0.0  0.0  0.0  0.0  3.7 22.4  0.0 37.3 26.1 11.2 11.2  3.7
  0.0  0.0  7.5  0.0  0.0  0.0  3.7 14.9  0.0  0.0  3.7  0.0  0.0  0.0  0.0
    -29.13     -5.44      3.09     -5.40      6.24  0.0  0.0  0.0  0.0  0.0
                                      t000108_s8_p2_qjpp.txt 33.8  5.2  552
  1.8  0.0  0.0 45.3  0.0  0.0  5.4  0.0  1.8  5.4  0.0  0.0  0.0  0.0  0.0
  0.0  1.8  3.6  5.4  0.0  0.0462.0 92.4 38.0  5.4  1.8 12.7  0.0  0.0  0.0
  0.0  0.0  0.0  1.8  0.0  9.1  0.0  0.0  1.8  0.0  0.0  5.4  3.6  7.2  9.1
  1.8  0.0  1.8  0.0  3.6  3.6  5.4 18.1  1.8  0.0 43.5  3.6  0.0 61.6  5.4
  5.4  0.0  0.0  0.0  0.0  0.0  0.0  0.0  0.0  0.0  0.0  0.0  0.0  0.0  0.0
  0.0  0.0  0.0  0.0  0.0  1.8  0.0  0.0  0.0  0.0  0.0  0.0  1.8  0.0  0.0
  0.0  0.0  0.0  0.0  0.0  0.0  0.0  1.8  0.0  0.0  0.0  0.0  0.0  0.0  0.0
  1.8  0.0  1.8  3.6  0.0  1.8  1.8  0.0  0.0  0.0  0.0  0.0  0.0  0.0  0.0
  0.0  0.0  0.0  0.0  0.0  0.0  0.0  0.0 19.9  1.8 19.9 10.9  3.6  0.0  1.8
  3.6  1.8  0.0  0.0  0.0  1.8  0.0  5.4  3.6  5.4  3.6  0.0  3.6  0.0  0.0
    -21.59     -3.03     -0.06     -3.85      7.29  0.0  3.6  0.0  0.0  0.0
                                      t000108_s8_p3_qjpp.txt 32.8  5.3  268
  0.0  0.0  0.0 33.6  0.0  0.0  3.7  0.0  0.0  0.0  3.7  0.0  0.0  0.0  0.0
  0.0  0.0  3.7  3.7  0.0  0.0488.8 82.1 29.9 11.2  3.7  7.5  0.0  0.0  0.0
  0.0  0.0  0.0  0.0  7.5  7.5  0.0  0.0  0.0  0.0  0.0  0.0  0.0  3.7  3.7
  3.7  0.0  0.0  0.0  0.0  3.7  3.7 11.2  0.0  0.0 33.6  3.7  3.7 59.7  3.7
  7.5  0.0  0.0  0.0  0.0  0.0  0.0  0.0  0.0  0.0  0.0  0.0  0.0  0.0  0.0
  0.0  0.0  0.0  0.0  0.0  0.0  0.0  0.0  0.0  0.0  0.0  0.0  0.0  0.0  0.0
  0.0  0.0  0.0  0.0  0.0  0.0  0.0  0.0  0.0  0.0  0.0  0.0  0.0  0.0  0.0
  0.0  0.0  0.0  0.0  0.0  0.0  0.0  0.0  0.0  0.0  0.0  0.0  0.0  0.0  0.0
  0.0  0.0  0.0  0.0  0.0  0.0  0.0  0.0 11.2  0.0 11.2 14.9  7.5 14.9  0.0
  0.0  0.0  0.0  0.0  0.0  0.0  0.0 14.9  3.7  7.5  0.0  0.0  0.0  0.0  0.0
    -26.50     -3.76     -1.65     -6.61      1.01  0.0  0.0  0.0  0.0  0.0
                                      t000108_s8_p4_qjpp.txt 35.5  5.7  363
  5.5  0.0  0.0 33.1  0.0  0.0  2.8  0.0 13.8  2.8  0.0  0.0  0.0  0.0  0.0
  0.0  0.0  0.0  2.8  0.0  0.0440.8146.0 63.4 19.3  5.5  2.8  0.0  2.8  0.0
  5.5  5.5  0.0  5.5  0.0 19.3  8.3  0.0  2.8  0.0  0.0  2.8  8.3  5.5  8.3
  5.5  0.0  2.8  2.8  2.8  0.0  8.3 19.3  0.0  8.3 79.9 19.3  0.0 71.6  5.5
 11.0  0.0  0.0  0.0  0.0  0.0  0.0  0.0  0.0  0.0  0.0  0.0  0.0  0.0  0.0
  0.0  0.0  0.0  0.0  0.0  2.8  0.0  0.0  0.0  0.0  0.0  0.0  2.8  0.0  0.0
  0.0  0.0  2.8  0.0  0.0  2.8  0.0  0.0  0.0  0.0  0.0  0.0  0.0  0.0  0.0
  2.8  0.0  2.8  5.5  2.8  2.8  5.5  0.0  0.0  0.0  0.0  0.0  0.0  0.0  0.0
  0.0  0.0  0.0  0.0  0.0  0.0  0.0  0.0 13.8  2.8 19.3 22.0 11.0  5.5  2.8
  0.0  2.8  0.0  0.0  0.0  5.5  2.8 16.5  2.8  2.8  2.8  2.8  2.8  0.0  0.0
    -30.86     -4.32      6.97     -4.61     10.51  0.0  0.0  8.3  0.0  0.0
                                      t000112_s1_p1_qjpp.txt 26.8  5.9  151
 26.5  0.0  0.0 33.1  0.0  0.0  0.0  0.0  6.6  0.0  0.0  0.0  0.0  0.0  0.0
  0.0  0.0  0.0 19.9  0.0  0.0437.1132.5 86.1 46.4  0.0  0.0  0.0  0.0  0.0
  0.0  0.0  0.0  0.0  6.6  6.6  0.0  0.0 13.2  0.0  0.0  0.0  0.0  0.0  6.6
  0.0  0.0  0.0  0.0  6.6  0.0 19.9  6.6  0.0  0.0106.0  6.6  0.0 92.7  6.6
 19.9  0.0  0.0  0.0  0.0  0.0  0.0  0.0  0.0  0.0  0.0  0.0  0.0  0.0  0.0
  0.0  0.0  0.0  0.0  0.0  0.0  0.0  0.0  0.0  0.0  0.0  0.0  0.0  0.0  0.0
  0.0  0.0  0.0  0.0  0.0  0.0  0.0  0.0  0.0  0.0  0.0  0.0  0.0  0.0  0.0
  0.0  0.0  0.0  0.0  0.0  0.0  0.0  0.0  0.0  0.0  0.0  0.0  0.0  0.0  0.0
  0.0  0.0  0.0  0.0  0.0  0.0  0.0 13.2  0.0  6.6 46.4  0.0  6.6  0.0  0.0
  0.0  0.0  0.0  0.0  0.0  0.0 13.2 19.9  0.0 26.5  6.6  0.0 19.9  0.0  0.0
    -27.61     -4.20     -1.35     -2.33      1.47  0.0  0.0  0.0  0.0  0.0
                                     t000112_s14_p1_qjpp.txt 36.3  5.4 1125
  2.7  0.0  0.0  8.9  0.0  0.0  0.0  0.0  0.9  0.0  0.0  0.0  0.0  0.9  0.0
  0.0  0.0  0.0  1.8  0.0  0.0616.9 25.8 42.7  2.7  0.0  0.0  0.0  0.0  0.0
  0.0  3.6  0.0  0.9  0.0  3.6  0.9  0.0  0.0  0.0  0.0  0.0  0.0  0.0  0.0
  0.0  0.0  0.0  1.8  0.0  0.0  5.3  0.0  0.0  0.0 52.4  0.9  0.0 18.7  1.8
  0.0  0.0  0.0  0.0  0.0  0.0  0.0  0.0  0.0  0.0  0.0  0.0  0.0  0.0  0.0
  0.0  0.0  0.0  0.0  0.0  0.0  0.0  0.0  0.0  0.0  0.0  0.0  0.0  0.0  0.0
  0.0  0.0  0.0  0.0  0.0  0.0  0.0  0.0  0.0  0.0  0.0  0.0  0.0  0.0  0.0
  0.0  0.0  0.0  0.0  0.0  0.0  0.0  0.0  0.0  0.0  0.0  0.0  0.0  0.0  0.0
  0.0  0.0  0.0  0.0  0.0  0.0  0.0  0.0  1.8  3.6  5.3  4.4  3.6  0.0  0.0
  0.0  6.2  2.7  0.0  0.0  0.0  0.9  4.4  0.0  4.4  1.8  0.0  0.9  0.0  0.0
    -31.39     -5.64      1.83     -6.61     -3.63  0.0  0.0  2.7  0.0  0.0
                                    t000112_s14_p10_qjpp.txt  7.3  4.9   35
 28.6  0.0  0.0 85.7  0.0  0.0  0.0  0.0  0.0  0.0  0.0  0.0  0.0  0.0  0.0
  0.0  0.0 57.1  0.0  0.0  0.0428.6142.9 28.6 28.6  0.0 28.6  0.0  0.0  0.0
  0.0  0.0  0.0  0.0  0.0 28.6  0.0  0.0  0.0  0.0  0.0  0.0  0.0 28.6  0.0
  0.0  0.0  0.0  0.0  0.0 57.1  0.0 28.6  0.0  0.0 28.6  0.0  0.0114.3  0.0
 28.6  0.0  0.0  0.0  0.0  0.0  0.0  0.0  0.0  0.0  0.0  0.0  0.0  0.0  0.0
  0.0  0.0  0.0  0.0  0.0  0.0  0.0  0.0  0.0  0.0  0.0  0.0  0.0  0.0  0.0
  0.0  0.0  0.0  0.0  0.0  0.0  0.0  0.0  0.0  0.0  0.0  0.0  0.0  0.0  0.0
  0.0  0.0  0.0  0.0  0.0  0.0  0.0  0.0  0.0  0.0  0.0  0.0  0.0  0.0  0.0
  0.0  0.0  0.0  0.0  0.0  0.0  0.0  0.0 28.6  0.0  0.0  0.0 57.1  0.0  0.0
  0.0  0.0  0.0  0.0  0.0  0.0  0.0  0.0  0.0 57.1  0.0  0.0  0.0  0.0  0.0
     -8.62      0.71     -0.65     -6.61      0.70  0.0  0.0  0.0  0.0  0.0
                                    t000112_s14_p11_qjpp.txt 17.5  5.4  105
  0.0  0.0  0.0 57.1  0.0  0.0  0.0  9.5  0.0  9.5  0.0  0.0  0.0  0.0  0.0
  0.0  0.0 28.6  0.0  0.0  0.0361.9152.4 28.6  0.0  0.0  0.0  0.0  9.5  9.5
  9.5  0.0  0.0  0.0  0.0 38.1 19.0  0.0  0.0  0.0  9.5  0.0 19.0 19.0  9.5
  9.5 19.0  0.0  0.0  0.0 38.1 19.0 38.1  0.0 28.6 38.1  0.0  0.0 95.2  0.0
  0.0  0.0  0.0  0.0  0.0  0.0  0.0  0.0  0.0  0.0  0.0  0.0  0.0  0.0  0.0
  0.0  0.0  0.0  0.0  0.0  0.0  0.0  9.5  0.0  0.0  0.0  0.0  0.0  0.0  0.0
  0.0  0.0  0.0  0.0  0.0  0.0  0.0  0.0  9.5  0.0  0.0  9.5  0.0  0.0  0.0
  0.0  9.5  0.0  9.5  0.0  9.5  9.5  9.5  0.0  0.0  0.0  0.0  0.0  0.0  0.0
  0.0  0.0  0.0  0.0  0.0  0.0  0.0  0.0 19.0  0.0 28.6 28.6 19.0 19.0  0.0
  0.0  0.0  0.0  0.0  0.0  9.5  0.0 19.0  0.0 19.0 28.6  0.0  0.0  0.0  0.0
    -16.56     -5.73     17.83     -2.07     21.56  0.0  0.0  0.0  0.0  0.0
                                    t000112_s14_p12_qjpp.txt  7.5  5.0   35
  0.0  0.0  0.0 28.6  0.0  0.0  0.0  0.0  0.0  0.0  0.0  0.0  0.0  0.0  0.0
  0.0  0.0  0.0  0.0  0.0  0.0314.3142.9 57.1114.3  0.0  0.0  0.0  0.0  0.0
  0.0 28.6  0.0  0.0  0.0  0.0  0.0  0.0  0.0  0.0  0.0  0.0  0.0 28.6  0.0
  0.0  0.0  0.0  0.0  0.0  0.0 28.6 28.6  0.0  0.0 57.1  0.0  0.0171.4 28.6
 28.6  0.0  0.0  0.0  0.0  0.0  0.0  0.0  0.0  0.0  0.0  0.0  0.0  0.0  0.0
  0.0  0.0  0.0  0.0  0.0  0.0  0.0  0.0  0.0  0.0  0.0  0.0  0.0  0.0  0.0
  0.0  0.0  0.0  0.0  0.0  0.0  0.0  0.0  0.0  0.0  0.0  0.0  0.0  0.0  0.0
  0.0  0.0  0.0  0.0  0.0  0.0  0.0  0.0  0.0  0.0  0.0  0.0  0.0  0.0  0.0
  0.0  0.0  0.0  0.0  0.0  0.0  0.0  0.0  0.0  0.0  0.0 28.6  0.0  0.0  0.0
  0.0  0.0  0.0  0.0  0.0 28.6  0.0 57.1  0.0  0.0  0.0  0.0 28.6  0.0  0.0
    -27.95     -1.97     11.56     -6.61      0.70  0.0  0.0  0.0  0.0  0.0
                                    t000112_s14_p13_qjpp.txt 16.0  4.9   94
  0.0  0.0  0.0 31.9  0.0  0.0  0.0  0.0  0.0  0.0  0.0  0.0  0.0  0.0  0.0
  0.0  0.0  0.0 10.6  0.0  0.0425.5106.4 21.3 53.2  0.0  0.0 10.6  0.0  0.0
  0.0  0.0  0.0 31.9  0.0 21.3  0.0  0.0  0.0  0.0  0.0 10.6  0.0 21.3  0.0
 10.6 10.6  0.0  0.0  0.0  0.0 21.3 31.9  0.0  0.0 31.9  0.0  0.0106.4  0.0
  0.0  0.0  0.0  0.0  0.0  0.0  0.0  0.0  0.0  0.0  0.0  0.0  0.0  0.0  0.0
  0.0  0.0  0.0  0.0  0.0  0.0  0.0  0.0  0.0  0.0  0.0  0.0  0.0  0.0  0.0
  0.0  0.0  0.0  0.0  0.0  0.0  0.0  0.0  0.0  0.0  0.0  0.0  0.0  0.0  0.0
  0.0  0.0  0.0  0.0  0.0  0.0  0.0  0.0  0.0  0.0  0.0  0.0  0.0  0.0  0.0
  0.0  0.0  0.0  0.0  0.0  0.0  0.0  0.0 21.3  0.0  0.0 53.2 21.3  0.0  0.0
 10.6  0.0  0.0  0.0  0.0  0.0  0.0 10.6  0.0  0.0  0.0  0.0 10.6 10.6  0.0
    -25.11     -2.01     -9.35     -2.35      3.03  0.0  0.0  0.0  0.0  0.0
                                    t000112_s14_p14_qjpp.txt 17.5  4.8   96
  0.0  0.0  0.0  0.0  0.0  0.0  0.0  0.0  0.0  0.0  0.0  0.0  0.0  0.0  0.0
  0.0  0.0  0.0  0.0  0.0  0.0500.0 93.8  0.0 52.1  0.0  0.0  0.0  0.0  0.0
  0.0  0.0  0.0 20.8  0.0 31.3  0.0  0.0  0.0  0.0  0.0 10.4  0.0 10.4  0.0
 10.4  0.0  0.0  0.0  0.0  0.0  0.0 20.8  0.0  0.0 52.1  0.0  0.0 72.9  0.0
  0.0  0.0  0.0  0.0  0.0  0.0  0.0  0.0  0.0  0.0  0.0  0.0  0.0  0.0  0.0
  0.0  0.0  0.0  0.0  0.0  0.0  0.0  0.0  0.0  0.0  0.0  0.0  0.0  0.0  0.0
  0.0  0.0  0.0  0.0  0.0  0.0  0.0  0.0  0.0  0.0  0.0  0.0  0.0  0.0  0.0
  0.0  0.0  0.0  0.0  0.0  0.0  0.0  0.0  0.0  0.0  0.0  0.0  0.0  0.0  0.0
  0.0  0.0  0.0  0.0  0.0  0.0  0.0  0.0 10.4  0.0 20.8 10.4 20.8  0.0  0.0
  0.0  0.0  0.0  0.0  0.0  0.0  0.0 10.4  0.0  0.0  0.0  0.0 10.4  0.0  0.0
    -28.49     -4.01     -6.75     -2.44      1.31  0.0  0.0  0.0  0.0  0.0
                                    t000112_s14_p15_qjpp.txt 15.3  5.3   86
  0.0  0.0  0.0 11.6  0.0  0.0  0.0  0.0  0.0  0.0  0.0  0.0  0.0  0.0  0.0
  0.0  0.0  0.0  0.0  0.0  0.0360.5139.5 34.9 46.5 11.6  0.0  0.0  0.0  0.0
  0.0  0.0  0.0 11.6  0.0 34.9  0.0 11.6  0.0  0.0  0.0  0.0  0.0 11.6 11.6
 11.6  0.0  0.0  0.0  0.0 11.6  0.0 34.9  0.0  0.0 93.0 11.6  0.0 81.4 11.6
  0.0  0.0  0.0  0.0  0.0  0.0  0.0  0.0  0.0  0.0  0.0  0.0  0.0  0.0  0.0
  0.0  0.0  0.0  0.0  0.0  0.0  0.0  0.0  0.0  0.0  0.0  0.0  0.0  0.0  0.0
  0.0  0.0  0.0  0.0  0.0  0.0  0.0  0.0  0.0  0.0  0.0  0.0  0.0  0.0  0.0
  0.0  0.0  0.0  0.0  0.0  0.0  0.0  0.0  0.0  0.0  0.0  0.0  0.0  0.0  0.0
  0.0 11.6  0.0  0.0  0.0  0.0  0.0  0.0 11.6  0.0 34.9  0.0  0.0  0.0 23.3
  0.0  0.0  0.0  0.0  0.0  0.0  0.0 34.9  0.0 11.6  0.0  0.0  0.0  0.0  0.0
    -29.08     -3.68     -4.33     -3.84     10.83  0.0  0.0  0.0  0.0  0.0
                                    t000112_s14_p16_qjpp.txt 34.3  5.1  232
 21.6  0.0  0.0 25.9  0.0  0.0  0.0  8.6  0.0  4.3  0.0  0.0  0.0  0.0  0.0
  0.0  0.0  0.0  8.6  0.0  0.0366.4133.6 47.4 51.7 17.2  0.0  4.3  0.0  0.0
  0.0  4.3  0.0  0.0  8.6 12.9 21.6  0.0  0.0  0.0  4.3  0.0 12.9 34.5  4.3
  4.3  8.6  4.3  0.0  0.0  4.3 21.6 43.1  0.0  0.0 51.7 17.2  4.3112.1  0.0
  0.0  0.0  0.0  0.0  0.0  0.0  0.0  0.0  0.0  0.0  0.0  0.0  0.0  0.0  0.0
  0.0  0.0  0.0 12.9  0.0  0.0  0.0  0.0  0.0  0.0  0.0  0.0  0.0  0.0  0.0
  0.0  0.0  8.6  0.0  0.0  0.0  0.0  0.0  0.0  0.0  0.0  0.0  0.0  0.0  0.0
 12.9  0.0  0.0 12.9  8.6  0.0  8.6  0.0  0.0  0.0  0.0  0.0  0.0  0.0  0.0
  0.0  0.0  0.0  0.0  0.0  0.0  0.0  0.0 30.2  0.0 25.9  4.3  8.6  0.0 12.9
  0.0  8.6  0.0  0.0  0.0 12.9  4.3 12.9  4.3  8.6 17.2  8.6  8.6  0.0  0.0
    -22.22     -2.46     -0.70     -4.55     14.39  0.0  0.0  0.0  0.0  0.0
                                    t000112_s14_p17_qjpp.txt 18.0  5.3   98
 20.4  0.0  0.0 30.6  0.0  0.0  0.0  0.0  0.0  0.0  0.0  0.0  0.0  0.0  0.0
  0.0  0.0 10.2  0.0  0.0  0.0306.1112.2 61.2 51.0  0.0  0.0  0.0  0.0  0.0
  0.0  0.0  0.0  0.0 10.2 10.2 20.4  0.0  0.0  0.0  0.0 10.2  0.0 51.0  0.0
  0.0 10.2  0.0 10.2  0.0 10.2 10.2 51.0  0.0  0.0112.2  0.0  0.0112.2 10.2
  0.0  0.0  0.0  0.0  0.0  0.0  0.0  0.0  0.0  0.0  0.0  0.0  0.0  0.0  0.0
  0.0  0.0  0.0  0.0  0.0  0.0  0.0  0.0  0.0  0.0  0.0  0.0  0.0  0.0  0.0
  0.0  0.0 10.2  0.0  0.0  0.0  0.0  0.0  0.0  0.0  0.0  0.0  0.0  0.0  0.0
  0.0  0.0  0.0  0.0 10.2  0.0 10.2  0.0  0.0  0.0  0.0  0.0  0.0  0.0  0.0
  0.0  0.0  0.0  0.0  0.0  0.0  0.0 10.2 20.4  0.0 10.2  0.0 20.4  0.0 10.2
  0.0  0.0  0.0  0.0 10.2 10.2  0.0 20.4  0.0  0.0 20.4  0.0  0.0  0.0  0.0
    -22.41     -4.05     -2.61     -2.52      4.10  0.0  0.0  0.0  0.0  0.0
                                    t000112_s14_p18_qjpp.txt  2.8  6.2   11
  0.0  0.0  0.0 90.9  0.0  0.0  0.0  0.0  0.0  0.0  0.0  0.0  0.0  0.0  0.0
  0.0  0.0  0.0  0.0  0.0  0.0545.5 90.9  0.0 90.9  0.0  0.0  0.0  0.0  0.0
  0.0  0.0  0.0  0.0  0.0  0.0  0.0  0.0  0.0  0.0  0.0  0.0  0.0  0.0  0.0
  0.0  0.0  0.0  0.0  0.0  0.0  0.0  0.0  0.0  0.0  0.0  0.0  0.0 90.9  0.0
  0.0  0.0  0.0  0.0  0.0  0.0  0.0  0.0  0.0  0.0  0.0  0.0  0.0  0.0  0.0
  0.0  0.0  0.0  0.0  0.0  0.0  0.0  0.0  0.0  0.0  0.0  0.0  0.0  0.0  0.0
  0.0  0.0  0.0  0.0  0.0  0.0  0.0  0.0  0.0  0.0  0.0  0.0  0.0  0.0  0.0
  0.0  0.0  0.0  0.0  0.0  0.0  0.0  0.0  0.0  0.0  0.0  0.0  0.0  0.0  0.0
  0.0  0.0  0.0  0.0  0.0  0.0  0.0  0.0  0.0  0.0 90.9 90.9  0.0  0.0  0.0
  0.0  0.0  0.0  0.0  0.0  0.0  0.0  0.0  0.0  0.0  0.0  0.0 90.9  0.0  0.0
    -30.43     -2.74      0.97     -6.61     -3.63  0.0  0.0  0.0  0.0  0.0
                                    t000112_s14_p19_qjpp.txt 27.8  5.1  171
 11.7  5.8  0.0  5.8  0.0  0.0  0.0  0.0 29.2  5.8  5.8  0.0  0.0  0.0  0.0
  0.0  0.0  5.8  0.0  0.0  0.0356.7140.4 46.8 52.6  0.0  5.8  0.0  0.0  0.0
  0.0  0.0  0.0  0.0  0.0 35.1 17.5  0.0  0.0  0.0  0.0  0.0 11.7 23.4  5.8
  0.0 11.7  0.0  5.8  0.0  5.8 11.7 29.2  0.0  0.0 70.2 29.2  0.0 87.7  0.0
  5.8  0.0  0.0  0.0  0.0  0.0  0.0  0.0  0.0  0.0  0.0  0.0  0.0  0.0  0.0
  0.0  0.0  0.0  0.0  5.8  0.0  0.0  0.0  0.0  0.0  0.0  0.0  0.0  0.0  0.0
  0.0  0.0  0.0  0.0  0.0  0.0  0.0  0.0  0.0  0.0  0.0  0.0  0.0  0.0  0.0
  5.8  0.0  0.0  5.8  0.0  0.0  0.0  0.0  0.0  0.0  0.0  0.0  0.0  0.0  0.0
  0.0  0.0  0.0  0.0  0.0  0.0  0.0  0.0 29.2  0.0 11.7 11.7 17.5  0.0  5.8
 11.7  0.0  0.0  0.0  0.0  5.8  0.0 17.5  0.0 11.7 11.7  0.0  5.8  0.0  0.0
    -22.63     -2.87     -1.02     -6.61     11.73  0.0  0.0  0.0  0.0  0.0
                                     t000112_s14_p2_qjpp.txt  4.0  6.4   19
  0.0  0.0  0.0105.3  0.0  0.0  0.0  0.0  0.0  0.0  0.0  0.0  0.0  0.0  0.0
  0.0  0.0  0.0  0.0  0.0  0.0368.4105.3  0.0 52.6  0.0  0.0  0.0  0.0  0.0
  0.0  0.0  0.0  0.0  0.0  0.0  0.0 52.6  0.0  0.0 52.6  0.0  0.0 52.6  0.0
  0.0  0.0  0.0  0.0  0.0105.3  0.0 52.6  0.0  0.0  0.0  0.0  0.0105.3  0.0
  0.0  0.0  0.0  0.0  0.0  0.0  0.0  0.0  0.0  0.0  0.0  0.0  0.0  0.0  0.0
  0.0  0.0  0.0  0.0  0.0  0.0  0.0  0.0  0.0  0.0  0.0  0.0  0.0  0.0  0.0
  0.0  0.0  0.0  0.0  0.0  0.0  0.0  0.0  0.0  0.0  0.0  0.0  0.0  0.0  0.0
  0.0  0.0  0.0  0.0  0.0  0.0  0.0  0.0  0.0  0.0  0.0  0.0  0.0  0.0  0.0
  0.0  0.0  0.0  0.0  0.0  0.0  0.0  0.0  0.0  0.0 52.6  0.0  0.0  0.0  0.0
  0.0  0.0  0.0  0.0  0.0  0.0  0.0  0.0  0.0  0.0  0.0  0.0  0.0  0.0  0.0
    -26.20     -4.00      0.97     30.99      4.35  0.0  0.0  0.0  0.0  0.0
                                    t000112_s14_p20_qjpp.txt 27.3  5.6  171
  0.0  5.8  0.0 23.4  0.0  0.0  0.0  0.0 11.7  0.0  0.0  0.0  0.0  0.0  0.0
  0.0  0.0  5.8 17.5  0.0  0.0362.6111.1 81.9 64.3  5.8  0.0 11.7  0.0  0.0
  0.0  0.0  0.0  5.8  0.0 29.2  5.8  0.0  0.0  0.0  0.0  0.0 11.7 35.1  0.0
 11.7  5.8  0.0  0.0  5.8  5.8 23.4 46.8  0.0  0.0 99.4 17.5  0.0128.7  5.8
  5.8  0.0  0.0  0.0  0.0  0.0  0.0  0.0  0.0  0.0  0.0  0.0  0.0  0.0  0.0
  0.0  0.0  0.0  5.8  0.0  0.0  0.0  0.0  0.0  0.0  0.0  0.0  0.0  0.0  0.0
  0.0  0.0  0.0  0.0  0.0  5.8  0.0  0.0  0.0  0.0  0.0  0.0  0.0  0.0  0.0
  5.8  0.0  0.0  5.8  0.0  5.8  5.8  0.0  0.0  0.0  0.0  0.0  0.0  0.0  0.0
  0.0  0.0  0.0  0.0  0.0  0.0  0.0  0.0 23.4  0.0 23.4 11.7 40.9  5.8 11.7
  0.0  5.8  0.0  0.0  0.0 29.2  0.0 35.1  0.0  0.0  0.0  0.0  0.0  0.0  0.0
    -23.80     -1.19     -2.36     -6.61     12.77  5.8  0.0  0.0  0.0  0.0
                                    t000112_s14_p21_qjpp.txt 17.0  5.1  101
  0.0  0.0  0.0  9.9  0.0  0.0  0.0  0.0  0.0  0.0  0.0  0.0  0.0  0.0  0.0
  0.0  0.0  0.0  0.0  0.0  0.0455.4 89.1 29.7 39.6  0.0  0.0  0.0  0.0  0.0
  0.0  0.0  0.0  0.0  0.0 29.7  0.0  0.0  0.0  0.0  0.0  0.0  9.9 19.8  0.0
  9.9  9.9  0.0  0.0  0.0  0.0  9.9 29.7  0.0  0.0 59.4  0.0  0.0 99.0 29.7
  0.0  0.0  0.0  0.0  0.0  0.0  0.0  0.0  0.0  0.0  0.0  0.0  0.0  0.0  0.0
  0.0  0.0  0.0  0.0  0.0  0.0  0.0  0.0  0.0  0.0  0.0  0.0  0.0  0.0  0.0
  0.0  0.0  9.9  0.0  0.0  0.0  0.0  0.0  0.0  0.0  0.0  0.0  0.0  0.0  0.0
  0.0  0.0  0.0  0.0  9.9  0.0  9.9  0.0  0.0  0.0  0.0  0.0  0.0  0.0  0.0
  0.0  0.0  0.0  0.0  0.0  0.0  0.0  0.0  0.0  0.0  0.0  0.0  9.9  9.9  9.9
  0.0  0.0  0.0  0.0  0.0  0.0  0.0 39.6  0.0  0.0  9.9  0.0  0.0 19.8  0.0
    -29.16     -4.42     -0.71     -6.61      8.76  0.0  0.0  0.0  0.0  0.0
                                    t000112_s14_p22_qjpp.txt 30.8  4.8  323
  3.1  0.0  0.0  6.2  0.0  0.0  0.0  0.0  3.1  3.1  0.0  0.0  0.0  0.0  0.0
  0.0  0.0  0.0  3.1  0.0  0.0383.9130.0 24.8 43.3  6.2  6.2  3.1  3.1  0.0
  0.0  0.0  0.0  6.2  0.0 15.5  3.1  0.0  0.0  0.0  0.0  0.0  3.1 21.7  0.0
  9.3  6.2  0.0  0.0  0.0  0.0  9.3 31.0  0.0  3.1 37.2  9.3  0.0 96.0  9.3
  0.0  0.0  0.0  0.0  0.0  0.0  0.0  0.0  0.0  0.0  0.0  0.0  0.0  0.0  0.0
  0.0  0.0  0.0  0.0  0.0  0.0  0.0  0.0  0.0  0.0  0.0  0.0  0.0  0.0  0.0
  0.0  0.0  0.0  0.0  0.0  0.0  0.0  0.0  0.0  0.0  3.1  0.0  0.0  0.0  0.0
  0.0  0.0  0.0  0.0  0.0  0.0  0.0  3.1  0.0  0.0  0.0  0.0  0.0  0.0  0.0
  0.0  0.0  0.0  0.0  0.0  0.0  0.0  3.1  3.1  0.0  0.0  9.3  6.2  3.1  0.0
  0.0  6.2  0.0  0.0  0.0  6.2  0.0 37.2  0.0  0.0  0.0  0.0 12.4  0.0  0.0
    -26.38     -2.26      0.15     -6.61      4.59  0.0  0.0  0.0  0.0  0.0
                                    t000112_s14_p23_qjpp.txt 27.5  4.8  163
  0.0  0.0  0.0  6.1  0.0  0.0  0.0  0.0  0.0  0.0  0.0  0.0  0.0  0.0  0.0
  0.0  0.0  0.0  0.0  0.0  0.0447.9110.4 61.3 30.7  0.0  0.0  0.0  0.0  0.0
  0.0  0.0  0.0  0.0  6.1 24.5  0.0  0.0  0.0  0.0  0.0  0.0  0.0 30.7  0.0
  0.0 12.3  0.0  0.0  6.1  0.0 12.3 30.7  0.0  0.0 98.2  0.0  0.0 67.5  6.1
  0.0  0.0  0.0  0.0  0.0  0.0  0.0  0.0  0.0  0.0  0.0  0.0  0.0  0.0  0.0
  0.0  0.0  0.0  0.0  0.0  0.0  0.0  0.0  0.0  0.0  0.0  0.0  0.0  0.0  0.0
  0.0  0.0  0.0  0.0  0.0  0.0  0.0  0.0  0.0  0.0  6.1  0.0  0.0  0.0  0.0
  0.0  0.0  0.0  0.0  0.0  0.0  0.0  6.1  0.0  0.0  0.0  0.0  0.0  0.0  0.0
  0.0  6.1  0.0  0.0  0.0  0.0  0.0  6.1  0.0  0.0 12.3 24.5  0.0 30.7  0.0
  0.0  0.0  6.1  0.0  0.0  0.0  0.0 30.7  0.0  0.0  0.0  0.0  6.1  0.0  0.0
    -30.83     -4.72     -2.23     -6.61      1.02  0.0  0.0  0.0  0.0  0.0
                                    t000112_s14_p24_qjpp.txt 29.8  4.8  184
  0.0  0.0  0.0 21.7  0.0  0.0  0.0  0.0  0.0  0.0  0.0  0.0  0.0  0.0  0.0
  0.0  0.0  0.0  0.0  0.0  0.0407.6 81.5 27.2 54.3  5.4  0.0  0.0  0.0  5.4
  0.0  0.0  0.0  5.4  0.0 32.6  0.0  0.0  0.0  0.0  0.0  0.0  0.0 54.3  0.0
  0.0  5.4  0.0  0.0  5.4  0.0  5.4 54.3  0.0  5.4 54.3  5.4  0.0114.1  5.4
  5.4  0.0  0.0  0.0  0.0  0.0  0.0  0.0  0.0  0.0  0.0  0.0  0.0  0.0  0.0
  0.0  0.0  0.0  0.0  0.0  0.0  0.0  0.0  0.0  0.0  0.0  0.0  0.0  0.0  0.0
  0.0  0.0  5.4  0.0  0.0  0.0  0.0  0.0  0.0  0.0  0.0  0.0  0.0  0.0  0.0
  0.0  0.0  0.0  0.0  5.4  0.0  5.4  0.0  0.0  0.0  0.0  0.0  0.0  0.0  0.0
  0.0  0.0  0.0  0.0  0.0  0.0  0.0  5.4 10.9  0.0  0.0 48.9  5.4  0.0  0.0
  0.0  5.4  0.0  0.0  0.0  5.4  0.0 43.5  0.0  0.0  5.4  0.0  5.4  5.4  0.0
    -26.24     -3.70      0.29     -6.61      4.61  5.4  0.0  0.0  0.0  0.0
                                    t000112_s14_p25_qjpp.txt 20.5  4.4  112
  0.0  0.0  0.0 26.8  0.0  0.0  0.0  0.0  0.0  0.0  0.0  0.0  0.0  0.0  0.0
  0.0  0.0  0.0  0.0  0.0  0.0401.8125.0 35.7 35.7  0.0  0.0  0.0  0.0  8.9
  0.0  0.0  0.0  8.9  0.0 26.8  0.0  0.0  0.0  0.0  0.0  8.9  0.0 44.6  0.0
  0.0  0.0  0.0  0.0  0.0  0.0  0.0 44.6  0.0  8.9 44.6  0.0  0.0 89.3  8.9
  0.0  0.0  0.0  0.0  0.0  0.0  0.0  0.0  0.0  0.0  0.0  0.0  0.0  0.0  0.0
  0.0  0.0  0.0  0.0  0.0  0.0  0.0  0.0  0.0  0.0  0.0  0.0  0.0  0.0  0.0
  0.0  0.0  0.0  0.0  0.0  0.0  0.0  0.0  0.0  0.0  8.9  0.0  0.0  0.0  0.0
  0.0  0.0  0.0  0.0  0.0  0.0  0.0  8.9  0.0  0.0  0.0  0.0  0.0  0.0  0.0
  0.0  0.0  0.0  0.0  0.0  0.0  0.0  8.9  8.9  0.0 17.9 26.8  0.0  0.0  0.0
  0.0  0.0  0.0  0.0  0.0 17.9  0.0 44.6  0.0  0.0  8.9  0.0  0.0  8.9  0.0
    -27.16     -4.55      1.37     -3.03      3.14  0.0  0.0  0.0  0.0  0.0
                                    t000112_s14_p26_qjpp.txt 35.0  5.1  186
  5.4  5.4  0.0  5.4  0.0  0.0  0.0  0.0  5.4  0.0  0.0  0.0  0.0  0.0  0.0
  0.0  0.0  0.0  5.4  0.0  0.0505.4 75.3 32.3 37.6  0.0  0.0  0.0  0.0  0.0
  0.0  5.4  0.0  5.4  0.0 21.5  5.4  0.0  0.0  0.0  0.0  5.4  5.4 16.1  0.0
  5.4  0.0  0.0  0.0  0.0  0.0 10.8 21.5  0.0  0.0 64.5  5.4  0.0 69.9 10.8
  0.0  0.0  0.0  0.0  0.0  0.0  0.0  0.0  0.0  0.0  0.0  0.0  0.0  0.0  0.0
  0.0  0.0  0.0  0.0  5.4  0.0  0.0  0.0  0.0  0.0  0.0  0.0  0.0  0.0  0.0
  0.0  0.0  0.0  0.0  0.0  0.0  0.0  0.0  0.0  0.0  5.4  0.0  0.0  0.0  0.0
  5.4  0.0  0.0  5.4  0.0  0.0  0.0  5.4  0.0  0.0  0.0  0.0  0.0  0.0  0.0
  0.0  0.0  0.0  0.0  0.0  0.0  0.0  5.4  5.4  0.0  0.0 10.8  0.0  0.0 10.8
  0.0  0.0  0.0  0.0  0.0  0.0  0.0 21.5  5.4  0.0  5.4  5.4  0.0  0.0  0.0
    -27.11     -4.49      0.21     -4.45      3.91  0.0  0.0  0.0  0.0  0.0
                                    t000112_s14_p27_qjpp.txt 16.3  4.7  113
  0.0  0.0  0.0 35.4  0.0  0.0  0.0  0.0 17.7  0.0  0.0  0.0  0.0  0.0  0.0
  0.0  0.0  0.0  8.8  0.0  0.0398.2159.3 17.7 70.8  0.0  8.8  8.8  0.0  0.0
  0.0  0.0  0.0  0.0  0.0  0.0  0.0  0.0  0.0  0.0  0.0  0.0  0.0 44.2  0.0
 17.7 17.7  0.0  0.0  8.8  0.0 26.5 61.9  0.0  0.0 35.4 17.7  0.0132.7  0.0
  0.0  0.0  0.0  0.0  0.0  0.0  0.0  0.0  0.0  0.0  0.0  0.0  0.0  0.0  0.0
  0.0  0.0  0.0  0.0  0.0  0.0  0.0  0.0  0.0  0.0  0.0  0.0  0.0  0.0  0.0
  0.0  0.0  0.0  0.0  0.0  0.0  0.0  0.0  0.0  0.0  0.0  0.0  0.0  0.0  0.0
  0.0  0.0  0.0  0.0  0.0  0.0  0.0  0.0  0.0  0.0  0.0  0.0  0.0  0.0  0.0
  0.0  0.0  0.0  0.0  0.0  0.0  0.0  0.0 17.7  8.8 53.1 26.5 26.5  0.0  0.0
  0.0  8.8  0.0  0.0  0.0  0.0  0.0 26.5  0.0 35.4  0.0  0.0  0.0  0.0  0.0
    -25.38     -0.06      0.97     -6.61      8.79  0.0  0.0  0.0  0.0  0.0
                                    t000112_s14_p28_qjpp.txt 14.0  5.3   73
 54.8 13.7  0.0 68.5  0.0  0.0  0.0  0.0 13.7  0.0  0.0  0.0  0.0  0.0  0.0
  0.0  0.0  0.0  0.0  0.0  0.0315.1 82.2 68.5 95.9  0.0  0.0  0.0  0.0  0.0
  0.0 13.7  0.0  0.0  0.0 27.4  0.0  0.0  0.0  0.0  0.0 27.4  0.0 27.4  0.0
  0.0 54.8  0.0 13.7  0.0  0.0 68.5 27.4  0.0  0.0 95.9 13.7 13.7164.4 13.7
  0.0  0.0  0.0  0.0  0.0  0.0  0.0  0.0  0.0  0.0  0.0  0.0  0.0  0.0  0.0
  0.0  0.0  0.0  0.0 13.7  0.0  0.0  0.0  0.0  0.0  0.0  0.0  0.0  0.0  0.0
  0.0  0.0  0.0  0.0  0.0  0.0  0.0  0.0  0.0  0.0  0.0  0.0  0.0  0.0  0.0
 13.7  0.0  0.0 13.7  0.0  0.0  0.0  0.0  0.0  0.0  0.0  0.0  0.0  0.0  0.0
  0.0  0.0  0.0  0.0  0.0  0.0  0.0  0.0 13.7 13.7 41.1  0.0  0.0  0.0  0.0
  0.0  0.0  0.0  0.0 13.7 13.7  0.0 27.4  0.0 54.8  0.0  0.0 13.7  0.0  0.0
    -16.67     -2.57      4.49      4.35      0.52  0.0  0.0  0.0  0.0  0.0
                                    t000112_s14_p29_qjpp.txt 23.0  4.8  130
 30.8 15.4  0.0 53.8  0.0  0.0  0.0  0.0 23.1  0.0  0.0  0.0  0.0  0.0  0.0
  0.0  0.0  0.0  0.0  0.0  0.0353.8130.8 53.8 69.2  0.0  0.0  0.0  0.0  0.0
  0.0  7.7  0.0  0.0  7.7 23.1 15.4  0.0  0.0  0.0  0.0  0.0  7.7  7.7  0.0
  7.7  0.0  7.7  0.0 23.1  0.0  7.7 15.4  0.0  0.0 92.3 23.1  0.0153.8  7.7
  0.0  0.0  0.0  0.0  0.0  0.0  0.0  0.0  0.0  0.0  0.0  0.0  0.0  0.0  0.0
  0.0  0.0  0.0  0.0  0.0 23.1  0.0  0.0  0.0  7.7  0.0  0.0  0.0  0.0  0.0
  0.0  0.0  7.7  0.0  7.7  0.0  0.0  0.0  0.0  0.0  7.7  0.0  0.0  0.0  0.0
 23.1  7.7  0.0 30.8  7.7  7.7 15.4  7.7  0.0  0.0  0.0  0.0  0.0  0.0  0.0
  0.0  0.0  0.0  0.0  0.0  0.0  0.0  0.0 38.5  7.7  7.7  7.7  0.0  0.0  7.7
  0.0  0.0  0.0  0.0  0.0 15.4  0.0 38.5  7.7 23.1  0.0  7.7 23.1  0.0  0.0
    -19.57     -3.45      0.25     -6.61      4.83  0.0  0.0  0.0  0.0  0.0
                                    t000112_s14_p30_qjpp.txt 15.8  5.5   80
 25.0  0.0  0.0  0.0  0.0  0.0  0.0  0.0 25.0  0.0  0.0  0.0  0.0  0.0  0.0
  0.0  0.0  0.0  0.0  0.0  0.0362.5162.5 50.0 75.0  0.0  0.0  0.0  0.0  0.0
  0.0  0.0  0.0  0.0  0.0 12.5 25.0  0.0  0.0  0.0  0.0  0.0  0.0 12.5  0.0
  0.0  0.0  0.0  0.0 12.5  0.0  0.0 12.5  0.0  0.0 87.5 25.0  0.0112.5  0.0
  0.0  0.0  0.0  0.0  0.0  0.0  0.0  0.0  0.0  0.0  0.0  0.0  0.0  0.0  0.0
  0.0  0.0  0.0  0.0  0.0  0.0  0.0  0.0  0.0  0.0  0.0  0.0  0.0  0.0  0.0
  0.0  0.0  0.0  0.0  0.0  0.0  0.0  0.0  0.0  0.0  0.0  0.0  0.0  0.0  0.0
  0.0  0.0  0.0  0.0  0.0  0.0  0.0  0.0  0.0  0.0  0.0  0.0  0.0  0.0  0.0
  0.0  0.0  0.0  0.0  0.0  0.0  0.0  0.0 12.5  0.0 37.5 12.5  0.0 12.5  0.0
  0.0  0.0  0.0  0.0  0.0  0.0  0.0 25.0  0.0 50.0  0.0  0.0  0.0  0.0  0.0
    -28.32     -3.26      0.26     -6.61     -1.73  0.0  0.0  0.0  0.0  0.0
                                    t000112_s14_p31_qjpp.txt 21.3  5.3  118
 16.9  8.5  0.0 84.7  0.0  0.0  0.0  0.0 25.4  0.0  0.0  0.0  0.0  0.0  0.0
  0.0  0.0  8.5  8.5  0.0  0.0305.1 67.8127.1 50.8  0.0  0.0  8.5  0.0  8.5
  0.0  8.5  0.0  0.0  0.0 50.8  8.5  0.0  0.0  0.0  0.0  8.5  8.5 25.4  0.0
  0.0  0.0  8.5  0.0 16.9  8.5 16.9 25.4  0.0  8.5169.5 25.4  8.5135.6  0.0
  8.5  0.0  0.0  0.0  0.0  0.0  0.0  0.0  0.0  0.0  0.0  0.0  0.0  0.0  0.0
  0.0  0.0  0.0  8.5  8.5  0.0  0.0  0.0  0.0  0.0  0.0  0.0  0.0  0.0  0.0
  8.5  0.0  0.0  0.0  0.0  0.0  0.0  0.0  0.0  0.0  0.0  0.0  0.0  0.0  0.0
 16.9  0.0  0.0 16.9  8.5  0.0  8.5  0.0  0.0  0.0  0.0  0.0  0.0  0.0  0.0
  0.0  0.0  0.0  0.0  0.0  0.0  0.0 25.4  8.5  8.5 16.9 16.9  8.5  0.0 16.9
  8.5  8.5  0.0  0.0  8.5 25.4  0.0  0.0  8.5 59.3  0.0  0.0 16.9  0.0  0.0
    -18.74     -2.49      5.46     -3.22      5.52  0.0  0.0  0.0  0.0  0.0
                                    t000112_s14_p32_qjpp.txt 11.5  6.1   61
 49.2  0.0  0.0 65.6  0.0  0.0  0.0  0.0 32.8  0.0 32.8  0.0  0.0  0.0  0.0
  0.0  0.0 32.8  0.0  0.0  0.0278.7 65.6 82.0 65.6  0.0 16.4  0.0 16.4  0.0
  0.0  0.0  0.0  0.0  0.0 82.0 16.4  0.0  0.0  0.0  0.0 32.8  0.0 32.8  0.0
  0.0  0.0 32.8  0.0  0.0 32.8  0.0 32.8  0.0 16.4 82.0 32.8  0.0163.9  0.0
 16.4  0.0  0.0  0.0  0.0  0.0  0.0  0.0  0.0  0.0  0.0  0.0  0.0  0.0  0.0
  0.0  0.0  0.0 16.4  0.0 16.4  0.0  0.0  0.0  0.0  0.0  0.0  0.0  0.0  0.0
  0.0  0.0 16.4  0.0  0.0  0.0  0.0  0.0  0.0  0.0  0.0  0.0  0.0  0.0  0.0
 32.8  0.0  0.0 32.8 16.4  0.0 16.4  0.0  0.0  0.0  0.0  0.0  0.0  0.0  0.0
  0.0  0.0  0.0  0.0  0.0  0.0  0.0 32.8 32.8 32.8 16.4 16.4  0.0  0.0  0.0
  0.0  0.0  0.0  0.0  0.0  0.0  0.0 16.4  0.0 32.8  0.0  0.0  0.0  0.0  0.0
     -7.98     -0.42      5.96      6.51      1.34  0.0  0.0  0.0  0.0  0.0
                                    t000112_s14_p33_qjpp.txt 18.5  5.3  119
 16.8  8.4  0.0 58.8  0.0  0.0  0.0  0.0 42.0  0.0  0.0  0.0  0.0  0.0  0.0
  0.0  0.0  8.4  0.0  0.0  0.0378.2142.9 75.6 33.6  0.0  0.0  0.0  0.0  0.0
  0.0  0.0  0.0  0.0  0.0 50.4  8.4  0.0  0.0  0.0  0.0  0.0  8.4  8.4  0.0
  0.0  0.0  8.4  0.0  0.0  8.4  0.0  8.4  0.0  0.0 84.0 42.0 16.8100.8  0.0
  0.0  0.0  0.0  0.0  0.0  0.0  0.0  0.0  0.0  0.0  0.0  0.0  0.0  0.0  0.0
  0.0  0.0  0.0  0.0  8.4  8.4  0.0  0.0  0.0  0.0  0.0  0.0  0.0  0.0  0.0
  0.0  0.0  0.0  0.0  0.0  8.4  0.0  0.0  0.0  0.0  0.0  0.0  0.0  0.0  0.0
 16.8  0.0  0.0 16.8  0.0  8.4  8.4  0.0  0.0  0.0  0.0  0.0  0.0  0.0  0.0
  0.0  0.0  0.0  0.0  0.0  0.0  0.0 25.2 50.4  0.0 33.6 33.6  8.4  0.0  0.0
  0.0  0.0  0.0  0.0  0.0  8.4  0.0 25.2  0.0 42.0  0.0  0.0  8.4  0.0  0.0
    -22.92     -4.62     -1.89     -6.61      2.90  0.0  0.0  0.0  0.0  0.0
                                    t000112_s14_p34_qjpp.txt 20.5  5.4  125
 24.0  0.0  0.0 32.0  0.0  0.0  0.0  0.0 32.0  0.0  8.0  0.0  0.0  0.0  0.0
  0.0  0.0 16.0  0.0  0.0  0.0336.0128.0 96.0 56.0  0.0  0.0  0.0  0.0  0.0
  0.0  0.0  0.0  0.0  0.0  8.0 24.0  0.0  0.0  0.0  0.0  8.0  0.0 16.0  0.0
  0.0  8.0  0.0 32.0  8.0 16.0  8.0 16.0  0.0  0.0104.0 32.0  0.0120.0  0.0
  8.0  0.0  0.0  0.0  0.0  0.0  0.0  0.0  0.0  0.0  0.0  0.0  0.0  0.0  0.0
  0.0  0.0  0.0  0.0  0.0  0.0  0.0  0.0  0.0  8.0  0.0  8.0  0.0  0.0  0.0
  0.0  0.0  0.0  0.0  8.0  0.0  0.0  0.0  0.0  0.0  0.0  0.0  0.0  0.0  0.0
  0.0  8.0  8.0 16.0  0.0  8.0  8.0  0.0  0.0  0.0  0.0  0.0  0.0  0.0  0.0
  0.0  0.0  0.0  0.0  0.0  0.0  0.0 16.0  8.0  0.0 24.0 24.0  8.0  0.0  0.0
  0.0 24.0  0.0  0.0  0.0  0.0  0.0  8.0  0.0 40.0  0.0  0.0 24.0  0.0  0.0
    -22.04     -3.89      0.52     -3.41     -1.20  0.0  0.0  0.0  0.0  0.0
                                    t000112_s14_p35_qjpp.txt 12.0  4.6   63
 15.9  0.0  0.0 47.6  0.0  0.0  0.0  0.0 31.7  0.0  0.0  0.0  0.0  0.0  0.0
  0.0  0.0  0.0  0.0  0.0  0.0301.6158.7 31.7 47.6  0.0 31.7  0.0  0.0  0.0
  0.0  0.0  0.0  0.0  0.0 47.6  0.0  0.0  0.0  0.0  0.0  0.0  0.0 15.9  0.0
  0.0  0.0  0.0  0.0  0.0  0.0  0.0 15.9  0.0  0.0 63.5 31.7  0.0127.0  0.0
 15.9  0.0  0.0  0.0  0.0  0.0  0.0  0.0  0.0  0.0  0.0  0.0  0.0  0.0  0.0
  0.0  0.0  0.0  0.0  0.0  0.0  0.0  0.0  0.0  0.0  0.0  0.0  0.0  0.0  0.0
  0.0  0.0  0.0  0.0  0.0  0.0  0.0  0.0  0.0  0.0  0.0  0.0  0.0  0.0  0.0
  0.0  0.0  0.0  0.0  0.0  0.0  0.0  0.0  0.0  0.0  0.0  0.0  0.0  0.0  0.0
  0.0  0.0  0.0  0.0  0.0  0.0  0.0  0.0  0.0  0.0  0.0  0.0 47.6 15.9  0.0
  0.0  0.0  0.0  0.0  0.0  0.0  0.0  0.0 15.9 63.5  0.0 15.9  0.0  0.0  0.0
    -22.39      1.94     -1.73     -6.61     -1.22  0.0  0.0  0.0  0.0  0.0
                                    t000112_s14_p36_qjpp.txt 11.8  5.4   60
 33.3  0.0  0.0 33.3  0.0  0.0  0.0  0.0 33.3  0.0  0.0  0.0  0.0  0.0  0.0
  0.0  0.0 16.7 16.7  0.0  0.0533.3 83.3 16.7 50.0  0.0  0.0  0.0  0.0  0.0
  0.0  0.0  0.0  0.0  0.0 16.7  0.0  0.0  0.0  0.0  0.0  0.0  0.0 16.7  0.0
 16.7 33.3  0.0  0.0  0.0 16.7 50.0 33.3  0.0  0.0 16.7 33.3  0.0 83.3  0.0
  0.0  0.0  0.0  0.0  0.0  0.0  0.0  0.0  0.0  0.0  0.0  0.0  0.0  0.0  0.0
  0.0  0.0  0.0  0.0  0.0  0.0  0.0  0.0  0.0  0.0  0.0  0.0  0.0  0.0  0.0
  0.0  0.0  0.0  0.0  0.0  0.0  0.0  0.0  0.0  0.0  0.0  0.0  0.0  0.0  0.0
  0.0  0.0  0.0  0.0  0.0  0.0  0.0  0.0  0.0  0.0  0.0  0.0  0.0  0.0  0.0
  0.0  0.0  0.0  0.0  0.0  0.0  0.0 16.7  0.0  0.0 33.3  0.0  0.0  0.0  0.0
  0.0  0.0  0.0  0.0  0.0  0.0  0.0  0.0  0.0 16.7  0.0  0.0 16.7  0.0  0.0
    -17.64     -4.08      0.03     -6.61      4.28  0.0  0.0  0.0  0.0  0.0
                                    t000112_s14_p37_qjpp.txt 33.0  4.9  339
  5.9  0.0  0.0 82.6  0.0  0.0  2.9  0.0 35.4  2.9  0.0  0.0  0.0  0.0  0.0
  2.9  0.0 14.7  8.8  0.0  0.0286.1106.2 59.0 29.5  2.9  2.9  0.0  0.0  5.9
  0.0  0.0  0.0  2.9  0.0  8.8 11.8  8.8  0.0  0.0  0.0  0.0  0.0 17.7  0.0
  2.9  0.0  5.9  2.9  0.0 23.6  8.8 20.6  0.0  5.9 82.6 38.3  0.0126.8  8.8
  2.9  0.0  0.0  0.0  0.0  0.0  0.0  0.0  0.0  0.0  0.0  0.0  0.0  0.0  0.0
  0.0  0.0  0.0  0.0  0.0  2.9  2.9  0.0  0.0  0.0  0.0  0.0  0.0  0.0  0.0
  0.0  0.0  5.9  0.0  0.0  0.0  0.0  0.0  0.0  0.0  0.0  0.0  0.0  0.0  0.0
  5.9  0.0  0.0  5.9  5.9  0.0  5.9  0.0  0.0  0.0  0.0  0.0  0.0  0.0  0.0
  0.0  0.0  0.0  0.0  0.0  0.0  0.0  5.9  8.8  8.8 14.7  2.9  2.9  0.0  0.0
  0.0  8.8  0.0  0.0  0.0  5.9  0.0 20.6  0.0 20.6  0.0  0.0 14.7  0.0  0.0
    -13.68     -4.06      2.58     -4.50      0.01  0.0  0.0  0.0  0.0  0.0
                                    t000112_s14_p38_qjpp.txt 13.5  5.7   68
 14.7  0.0  0.0 44.1  0.0  0.0  0.0  0.0  0.0  0.0  0.0  0.0  0.0  0.0  0.0
  0.0  0.0  0.0 14.7  0.0  0.0529.4 73.5 14.7 14.7  0.0  0.0  0.0  0.0  0.0
  0.0  0.0  0.0  0.0  0.0  0.0 14.7  0.0  0.0  0.0  0.0  0.0  0.0  0.0  0.0
 14.7  0.0  0.0  0.0  0.0  0.0 14.7 14.7  0.0  0.0 58.8  0.0  0.0102.9  0.0
  0.0  0.0  0.0  0.0  0.0  0.0  0.0  0.0  0.0  0.0  0.0  0.0  0.0  0.0  0.0
  0.0  0.0  0.0  0.0  0.0  0.0  0.0  0.0  0.0  0.0  0.0  0.0  0.0  0.0  0.0
  0.0  0.0  0.0  0.0  0.0  0.0  0.0  0.0  0.0  0.0  0.0  0.0  0.0  0.0  0.0
  0.0  0.0  0.0  0.0  0.0  0.0  0.0  0.0  0.0  0.0  0.0  0.0  0.0  0.0  0.0
  0.0  0.0  0.0  0.0  0.0  0.0  0.0  0.0  0.0 29.4 14.7  0.0 14.7  0.0  0.0
  0.0 14.7  0.0  0.0  0.0  0.0  0.0 29.4  0.0 14.7 14.7  0.0 14.7  0.0  0.0
    -25.84     -5.24      0.97     -6.61      1.12  0.0  0.0  0.0  0.0  0.0
                                    t000112_s14_p39_qjpp.txt 22.8  5.1  134
 22.4  0.0  0.0 67.2  0.0  0.0  0.0  0.0  7.5  0.0  0.0  0.0  0.0  0.0  0.0
  0.0  0.0  0.0  7.5  0.0  0.0373.1 59.7 67.2 59.7  0.0  0.0  0.0  0.0  0.0
  0.0  7.5  0.0  7.5  0.0 14.9  7.5  0.0  0.0  0.0  0.0  0.0  7.5 29.9  0.0
  0.0  0.0  0.0  7.5  0.0  0.0 14.9 29.9  0.0  0.0 82.1  7.5  0.0149.3 14.9
  0.0  0.0  0.0  0.0  0.0  0.0  0.0  0.0  0.0  0.0  0.0  0.0  0.0  0.0  0.0
  0.0  0.0  0.0  0.0  0.0  0.0  0.0  0.0  0.0  0.0  0.0  0.0  0.0  0.0  0.0
  0.0  0.0  0.0  0.0  0.0  0.0  0.0  0.0  0.0  0.0  0.0  0.0  0.0  0.0  0.0
  0.0  0.0  0.0  0.0  0.0  0.0  0.0  0.0  0.0  0.0  0.0  0.0  0.0  0.0  0.0
  0.0  0.0  0.0  0.0  0.0  0.0  0.0  0.0  0.0  0.0  7.5  0.0  7.5  0.0  0.0
  0.0  7.5  0.0  0.0  0.0  0.0 14.9  7.5  0.0 59.7  0.0  0.0  0.0  0.0  0.0
    -21.84     -3.76      0.76     -6.61      5.56  0.0  0.0  0.0  0.0  0.0
                                     t000112_s14_p4_qjpp.txt 21.8  5.5  121
  0.0  0.0  0.0 57.9  0.0  0.0  0.0  0.0 16.5  0.0  0.0  0.0  0.0  0.0  0.0
  8.3  0.0  0.0  8.3  0.0  0.0438.0 90.9 74.4 24.8  0.0  0.0  0.0  0.0  0.0
  0.0  0.0  0.0  0.0  0.0  8.3 16.5  0.0  0.0  0.0  0.0  0.0  0.0  0.0  0.0
  8.3  0.0  0.0  0.0 16.5  0.0  8.3  8.3  0.0  0.0107.4 16.5  0.0124.0 16.5
  0.0  0.0  0.0  0.0  0.0  0.0  0.0  0.0  0.0  0.0  0.0  0.0  0.0  0.0  0.0
  0.0  0.0  0.0  0.0  0.0  0.0  0.0  0.0  0.0  0.0  0.0  0.0  0.0  0.0  0.0
  0.0  0.0  0.0  0.0  0.0  0.0  0.0  0.0  0.0  0.0  0.0  0.0  0.0  0.0  0.0
  0.0  0.0  0.0  0.0  0.0  0.0  0.0  0.0  0.0  0.0  0.0  0.0  0.0  0.0  0.0
  0.0  0.0  0.0  0.0  0.0  0.0  0.0  0.0  8.3 16.5 24.8 16.5  8.3  0.0  0.0
  0.0  8.3  0.0  0.0  0.0  0.0  8.3 33.1  8.3  0.0 16.5  0.0 16.5  0.0  0.0
    -25.10     -4.91      0.50     -6.61     -0.96  0.0  0.0  0.0  0.0  0.0
                                    t000112_s14_p40_qjpp.txt 32.8  5.4  179
  0.0  0.0  0.0 44.7  0.0  0.0  0.0  0.0  0.0 11.2  0.0  5.6  0.0  0.0  0.0
  0.0  0.0  0.0  0.0  0.0  0.0413.4100.6 50.3 11.2  0.0  5.6  0.0  0.0  0.0
  0.0  5.6  0.0  0.0  0.0 11.2  5.6  0.0  0.0  0.0  0.0  0.0  5.6 22.3  5.6
 11.2  0.0  0.0  0.0 11.2  0.0 11.2 39.1  0.0  0.0 78.2  0.0  0.0 89.4  5.6
  5.6  0.0  0.0  0.0  0.0  0.0  0.0  0.0  0.0  0.0  0.0  0.0  0.0  0.0  0.0
  0.0  0.0  0.0  0.0  0.0  0.0  0.0  0.0  0.0  0.0  0.0  0.0  0.0  0.0  0.0
  0.0  0.0  0.0  0.0  0.0  0.0  0.0  0.0  0.0  0.0  0.0  0.0  0.0  0.0  0.0
  0.0  0.0  0.0  0.0  0.0  0.0  0.0  0.0  0.0  0.0  0.0  0.0  0.0  0.0  0.0
  0.0  0.0  0.0  0.0  0.0  0.0  0.0  5.6 16.8  0.0  0.0  5.6 16.8  5.6  0.0
  0.0  5.6  0.0  0.0  0.0  5.6  0.0 16.8  0.0 22.3  5.6  0.0  0.0  0.0  0.0
    -24.25     -4.29      2.41     -6.61     11.15  0.0  0.0  0.0  0.0  0.0
                                    t000112_s14_p41_qjpp.txt 12.3  4.3   77
 26.0  0.0  0.0 13.0  0.0  0.0  0.0  0.0 13.0  0.0  0.0  0.0  0.0  0.0  0.0
  0.0  0.0  0.0 13.0  0.0  0.0285.7116.9 90.9 51.9  0.0  0.0  0.0  0.0  0.0
  0.0  0.0  0.0  0.0  0.0 26.0 26.0  0.0 13.0  0.0  0.0  0.0  0.0  0.0  0.0
 13.0 26.0 13.0 13.0  0.0  0.0 39.0 13.0  0.0  0.0 90.9 13.0  0.0116.9 13.0
  0.0  0.0  0.0  0.0  0.0  0.0  0.0  0.0  0.0  0.0  0.0  0.0  0.0  0.0  0.0
  0.0  0.0  0.0  0.0  0.0 13.0  0.0  0.0  0.0  0.0  0.0  0.0  0.0  0.0  0.0
  0.0  0.0  0.0  0.0  0.0  0.0  0.0  0.0  0.0  0.0  0.0  0.0  0.0 13.0  0.0
 13.0  0.0  0.0 13.0  0.0  0.0  0.0 13.0  0.0  0.0  0.0  0.0  0.0  0.0  0.0
  0.0  0.0  0.0  0.0  0.0  0.0  0.0 26.0  0.0  0.0  0.0 39.0  0.0  0.0  0.0
  0.0  0.0  0.0  0.0  0.0 26.0  0.0  0.0  0.0 64.9 13.0  0.0  0.0  0.0  0.0
    -20.79     -4.02     -0.50     -2.42      0.56  0.0  0.0  0.0  0.0  0.0
                                    t000112_s14_p42_qjpp.txt 23.3  4.5  148
 13.5  0.0  0.0 87.8  0.0  0.0  6.8  0.0 33.8  0.0  0.0  0.0  0.0  0.0  0.0
 13.5  0.0  0.0  0.0  6.8  0.0263.5148.6 33.8 40.5  6.8  0.0  0.0  0.0  0.0
  0.0  0.0  0.0  0.0  6.8 20.3 13.5  0.0  6.8  6.8  0.0  0.0  6.8  6.8  0.0
  0.0  0.0  6.8  0.0  6.8  0.0  6.8  6.8  6.8  0.0 74.3 40.5  0.0135.1  0.0
  0.0  0.0  0.0  0.0  0.0  0.0  0.0  0.0  0.0  0.0  0.0  0.0  0.0  0.0  0.0
  0.0  0.0  0.0  0.0  6.8  0.0  0.0  0.0  0.0  0.0  0.0  0.0  0.0  0.0  0.0
  0.0  0.0  0.0  0.0  0.0  0.0  0.0  0.0  0.0  6.8  0.0  0.0  0.0  0.0  0.0
  6.8  0.0  0.0  6.8  0.0  0.0  6.8  0.0  0.0  0.0  0.0  0.0  0.0  0.0  0.0
  0.0  0.0  0.0  0.0  0.0  0.0  0.0  6.8  6.8  0.0 13.5 20.3  6.8  6.8  0.0
  0.0  6.8  0.0  0.0  0.0  6.8  0.0  0.0 13.5 27.0 20.3  0.0  6.8  0.0  0.0
     -6.39     -4.09     -2.17     -1.35      1.62  0.0  0.0  0.0  0.0  0.0
                                    t000112_s14_p43_qjpp.txt 30.5  5.1  290
 24.1  0.0  0.0 65.5  0.0  0.0  3.4  0.0 24.1  3.4  3.4  0.0  0.0  0.0  0.0
  3.4  0.0  3.4  0.0  0.0  0.0365.5137.9 44.8 34.5  0.0  0.0  0.0  0.0  0.0
  0.0  3.4  0.0  0.0 10.3 13.8 10.3  0.0  0.0  0.0  0.0  0.0  0.0 13.8  3.4
 10.3 10.3  3.4  0.0  0.0  3.4 13.8 27.6  0.0  0.0 55.2 24.1  0.0124.1  3.4
  0.0  0.0  0.0  0.0  0.0  0.0  0.0  0.0  0.0  0.0  0.0  0.0  0.0  0.0  0.0
  0.0  0.0  0.0  0.0  0.0  0.0  3.4  0.0  0.0  0.0  0.0  0.0  0.0  0.0  0.0
  0.0  0.0  0.0  0.0  0.0  0.0  0.0  0.0  0.0  0.0  0.0  0.0  0.0  0.0  0.0
  3.4  0.0  0.0  3.4  0.0  0.0  0.0  0.0  0.0  0.0  0.0  0.0  0.0  0.0  0.0
  0.0  0.0  0.0  0.0  0.0  0.0  0.0  3.4  3.4  0.0  0.0  3.4 10.3 10.3  0.0
  0.0  6.9  0.0  0.0  0.0  0.0  6.9 17.2 10.3 31.0  0.0  0.0 10.3  0.0  0.0
    -20.50     -4.59     -1.58     -6.61      4.45  0.0  0.0  0.0  0.0  0.0
                                    t000112_s14_p44_qjpp.txt 24.0  5.1  150
  6.7  0.0  0.0 53.3  0.0  0.0  6.7  0.0 26.7  0.0  0.0  0.0  0.0  0.0  0.0
  0.0  0.0  0.0  6.7  0.0  0.0360.0106.7 40.0 33.3  0.0  0.0  6.7  0.0  0.0
  0.0  0.0  0.0  0.0  0.0 20.0 26.7  0.0  0.0  0.0  0.0  0.0  0.0 13.3  0.0
  0.0  0.0 13.3  0.0  0.0  0.0  6.7 13.3  0.0  0.0 60.0 26.7  0.0126.7  6.7
  0.0  0.0  0.0  0.0  0.0  0.0  0.0  0.0  0.0  0.0  0.0  0.0  0.0  0.0  0.0
  0.0  0.0  0.0  0.0  0.0  6.7  0.0  6.7  0.0  0.0  0.0  0.0  0.0  0.0  0.0
  0.0  0.0  0.0  0.0  0.0  6.7  0.0  0.0  0.0  0.0  0.0  0.0  0.0  0.0  0.0
  6.7  6.7  0.0 13.3  0.0  6.7  6.7  0.0  0.0  0.0  0.0  0.0  0.0  0.0  0.0
  0.0  0.0  0.0  0.0  0.0  0.0  0.0  0.0 13.3  0.0  6.7  0.0 26.7 13.3  0.0
  0.0  0.0  0.0  0.0  0.0  0.0  0.0 26.7 13.3 33.3  0.0  0.0  0.0  0.0  0.0
    -21.93     -3.40     -0.16     -6.61     -1.61  0.0  0.0  0.0  0.0  0.0
                                    t000112_s14_p45_qjpp.txt 21.0  4.9  126
  7.9  0.0  0.0  7.9  0.0  0.0  0.0  0.0 47.6  0.0  0.0  0.0  0.0  0.0  0.0
  0.0  0.0  0.0  0.0  0.0  0.0404.8103.2 71.4 47.6  0.0  0.0  0.0  0.0  0.0
  0.0  7.9  0.0  7.9  0.0  7.9 15.9  0.0  0.0  0.0  0.0  0.0  0.0  0.0  0.0
  0.0  0.0  0.0  0.0  0.0  0.0  7.9  0.0  0.0  0.0 87.3 47.6  0.0 87.3  0.0
  0.0  0.0  0.0  0.0  0.0  0.0  0.0  0.0  0.0  0.0  0.0  0.0  0.0  0.0  0.0
  0.0  0.0  0.0  0.0  0.0  0.0  0.0  0.0  0.0  0.0  0.0  0.0  0.0  0.0  0.0
  0.0  0.0  0.0  0.0  0.0  0.0  0.0  0.0  0.0  0.0  0.0  0.0  0.0  0.0  0.0
  0.0  0.0  0.0  0.0  0.0  0.0  0.0  0.0  0.0  0.0  0.0  0.0  0.0  0.0  0.0
  0.0  0.0  0.0  0.0  0.0  0.0  0.0  0.0 39.7  0.0  0.0 23.8  0.0  0.0  0.0
  7.9  0.0  0.0  0.0  0.0  7.9  7.9 39.7  0.0  7.9  7.9  0.0  0.0  0.0  0.0
    -27.45     -4.16      1.19     -6.61     -3.63  0.0  0.0  0.0  0.0  0.0
                                    t000112_s14_p46_qjpp.txt 12.5  5.6   58
  0.0  0.0  0.0 17.2  0.0  0.0  0.0  0.0  0.0  0.0  0.0  0.0  0.0  0.0  0.0
  0.0  0.0  0.0  0.0  0.0  0.0551.7 69.0 34.5 17.2  0.0  0.0  0.0  0.0  0.0
  0.0  0.0  0.0  0.0  0.0  0.0  0.0  0.0  0.0  0.0  0.0  0.0  0.0  0.0  0.0
  0.0  0.0  0.0  0.0  0.0  0.0  0.0  0.0  0.0  0.0 69.0  0.0  0.0 34.5  0.0
  0.0  0.0  0.0  0.0  0.0  0.0  0.0  0.0  0.0  0.0  0.0  0.0  0.0  0.0  0.0
  0.0  0.0  0.0  0.0  0.0  0.0  0.0  0.0  0.0  0.0  0.0  0.0  0.0  0.0  0.0
  0.0  0.0  0.0  0.0  0.0  0.0  0.0  0.0  0.0  0.0  0.0  0.0  0.0  0.0  0.0
  0.0  0.0  0.0  0.0  0.0  0.0  0.0  0.0  0.0  0.0  0.0  0.0  0.0  0.0  0.0
  0.0  0.0  0.0  0.0  0.0  0.0  0.0 17.2  0.0  0.0  0.0 34.5  0.0  0.0  0.0
  0.0  0.0  0.0  0.0  0.0  0.0  0.0 17.2  0.0  0.0  0.0  0.0  0.0  0.0  0.0
    -32.14     -5.16      0.97     -6.61     -3.63  0.0  0.0  0.0  0.0  0.0
                                    t000112_s14_p47_qjpp.txt 30.3  5.3  165
  0.0  0.0  0.0 18.2  0.0  0.0  0.0  0.0 18.2  0.0  0.0  0.0  0.0  0.0  0.0
  0.0  0.0  0.0  6.1  0.0  0.0442.4 60.6 30.3 24.2  0.0  6.1  0.0  0.0  0.0
  0.0  0.0  0.0  0.0  0.0 18.2  6.1  0.0  0.0  0.0  0.0  0.0  6.1  0.0  0.0
  6.1  6.1  0.0  0.0  0.0  0.0 12.1  6.1  0.0  0.0 48.5 18.2  0.0 78.8 12.1
  6.1  0.0  0.0  0.0  0.0  0.0  0.0  0.0  0.0  0.0  0.0  0.0  0.0  0.0  0.0
  0.0  0.0  0.0  0.0  0.0  0.0  0.0  0.0  0.0  0.0  0.0  0.0  0.0  0.0  0.0
  0.0  0.0  0.0  0.0  0.0  0.0  0.0  0.0  0.0  0.0  0.0  0.0  0.0  0.0  0.0
  0.0  0.0  0.0  0.0  0.0  0.0  0.0  0.0  0.0  0.0  0.0  0.0  0.0  0.0  0.0
  0.0  0.0  0.0  0.0  0.0  0.0  0.0  0.0  0.0  0.0  6.1  0.0  6.1  0.0  0.0
  0.0  0.0  0.0  0.0  0.0  0.0  0.0 36.4  0.0 12.1  0.0  0.0  0.0  0.0  0.0
    -25.90     -3.76     -0.06     -6.61      2.12  0.0  0.0  0.0  0.0  0.0
                                    t000112_s14_p48_qjpp.txt  4.0  7.1   17
  0.0  0.0  0.0  0.0  0.0  0.0  0.0  0.0  0.0  0.0  0.0  0.0  0.0  0.0  0.0
  0.0  0.0  0.0  0.0  0.0  0.0294.1117.6117.6 58.8  0.0  0.0  0.0  0.0  0.0
  0.0  0.0  0.0  0.0  0.0117.6  0.0  0.0  0.0  0.0  0.0  0.0  0.0 58.8 58.8
  0.0  0.0  0.0  0.0  0.0  0.0  0.0117.6  0.0  0.0117.6  0.0  0.0176.5 58.8
  0.0  0.0  0.0  0.0  0.0  0.0  0.0  0.0  0.0  0.0  0.0  0.0  0.0  0.0  0.0
  0.0  0.0  0.0  0.0  0.0  0.0  0.0  0.0  0.0  0.0  0.0  0.0  0.0  0.0  0.0
  0.0  0.0  0.0  0.0  0.0  0.0  0.0  0.0  0.0  0.0  0.0  0.0  0.0  0.0  0.0
  0.0  0.0  0.0  0.0  0.0  0.0  0.0  0.0  0.0  0.0  0.0  0.0  0.0  0.0  0.0
  0.0  0.0  0.0  0.0  0.0  0.0  0.0  0.0  0.0  0.0 58.8  0.0  0.0  0.0  0.0
  0.0  0.0  0.0  0.0  0.0  0.0  0.0  0.0  0.0 58.8  0.0  0.0  0.0  0.0  0.0
    -35.52     -3.79     -5.71     -6.61     50.54  0.0  0.0  0.0  0.0  0.0
                                    t000112_s14_p49_qjpp.txt 30.8  5.4  166
 18.1  0.0  0.0 60.2  0.0  0.0  0.0  0.0 18.1  0.0  0.0  0.0  0.0  0.0  0.0
  6.0  0.0  0.0  6.0  0.0  0.0494.0 78.3 42.2 18.1  0.0  0.0  0.0  0.0  0.0
  0.0  0.0  0.0  0.0  0.0 18.1 12.0  0.0  0.0  0.0  0.0  0.0 12.0  0.0  0.0
  0.0  0.0  6.0  0.0  0.0  0.0  6.0  0.0  0.0  0.0 48.2 18.1  0.0114.5  0.0
  0.0  0.0  0.0  0.0  0.0  0.0  0.0  0.0  0.0  0.0  0.0  0.0  0.0  0.0  0.0
  0.0  0.0  0.0  0.0  0.0  6.0  0.0  0.0  0.0  0.0  0.0  0.0  0.0  0.0  0.0
  0.0  0.0  0.0  0.0  0.0  0.0  0.0  0.0  0.0  0.0  0.0  0.0  0.0  0.0  0.0
  6.0  0.0  0.0  6.0  0.0  0.0  0.0  0.0  0.0  0.0  0.0  0.0  0.0  0.0  0.0
  0.0  0.0  0.0  0.0  0.0  0.0  0.0  0.0  0.0  0.0  6.0  0.0 30.1  6.0  0.0
  0.0  6.0  0.0  0.0  0.0  0.0  0.0 30.1  0.0 24.1  0.0  0.0 18.1  0.0  0.0
    -23.69     -5.13     -0.05     -6.61      3.90  0.0  0.0  6.0  0.0  0.0
                                     t000112_s14_p5_qjpp.txt 24.5  5.1  148
  0.0  0.0  0.0 60.8  0.0  0.0 20.3 13.5 27.0  0.0  6.8  0.0  0.0  0.0  0.0
  0.0  0.0  6.8  6.8  0.0  0.0385.1128.4 47.3 13.5  0.0  6.8  0.0  6.8  0.0
  0.0 13.5  0.0  0.0  0.0 27.0 13.5  0.0  0.0  0.0  0.0  0.0  6.8 13.5  0.0
  0.0  0.0  0.0  0.0  6.8  6.8 20.3 13.5  0.0  6.8 94.6 27.0  0.0 94.6  0.0
  0.0  0.0  0.0  0.0  0.0  0.0  0.0  0.0  0.0  0.0  0.0  0.0  0.0  0.0  0.0
  0.0  0.0  0.0  0.0  0.0  0.0  0.0  0.0  0.0  0.0  0.0  0.0  0.0  0.0  0.0
  0.0  0.0  0.0  0.0  0.0  0.0  0.0  0.0  0.0  0.0  0.0  0.0  0.0  0.0  0.0
  0.0  0.0  0.0  0.0  0.0  0.0  0.0  0.0  0.0  0.0  0.0  0.0  0.0  0.0  0.0
  0.0  0.0  0.0  0.0  0.0  0.0  0.0  0.0 20.3 20.3 40.5 13.5 33.8  0.0  0.0
  0.0  0.0  0.0  0.0  0.0  6.8  0.0  6.8  0.0  0.0  0.0  6.8 13.5  0.0  0.0
    -15.58     -3.98      8.42     -6.61      2.64  0.0  0.0  6.8  0.0  0.0
                                    t000112_s14_p50_qjpp.txt 16.3  5.1   92
 10.9  0.0  0.0 21.7  0.0  0.0  0.0  0.0 43.5  0.0  0.0  0.0  0.0  0.0  0.0
  0.0  0.0 10.9  0.0  0.0  0.0326.1173.9 76.1 54.3 10.9  0.0 10.9  0.0 10.9
  0.0  0.0  0.0  0.0 10.9 32.6 10.9  0.0 10.9  0.0  0.0  0.0  0.0  0.0  0.0
  0.0 10.9  0.0  0.0 10.9 10.9 10.9  0.0  0.0 10.9108.7 54.3  0.0 97.8 10.9
  0.0  0.0  0.0  0.0  0.0  0.0  0.0  0.0  0.0  0.0  0.0  0.0  0.0  0.0  0.0
  0.0  0.0  0.0  0.0  0.0  0.0  0.0  0.0  0.0  0.0  0.0  0.0  0.0  0.0  0.0
  0.0  0.0  0.0  0.0  0.0  0.0  0.0  0.0  0.0  0.0  0.0  0.0  0.0  0.0  0.0
  0.0  0.0  0.0  0.0  0.0  0.0  0.0  0.0  0.0  0.0  0.0  0.0  0.0  0.0  0.0
  0.0  0.0  0.0  0.0  0.0  0.0  0.0  0.0  0.0  0.0 21.7  0.0 43.5  0.0  0.0
  0.0  0.0  0.0  0.0  0.0  0.0  0.0 32.6  0.0 21.7 10.9  0.0  0.0  0.0  0.0
    -25.10     -1.44      1.36     -3.10     -3.63  0.0  0.0  0.0  0.0  0.0
                                    t000112_s14_p51_qjpp.txt 19.3  5.7   93
  0.0  0.0  0.0 21.5  0.0  0.0  0.0  0.0  0.0  0.0  0.0  0.0  0.0  0.0  0.0
  0.0  0.0  0.0  0.0  0.0  0.0451.6107.5 53.8 32.3  0.0 10.8  0.0  0.0  0.0
  0.0  0.0  0.0  0.0  0.0  0.0  0.0  0.0  0.0  0.0  0.0  0.0  0.0 21.5 10.8
  0.0  0.0  0.0  0.0  0.0  0.0  0.0 32.3  0.0  0.0 75.3  0.0  0.0 86.0  0.0
  0.0  0.0  0.0  0.0  0.0  0.0  0.0  0.0  0.0  0.0  0.0  0.0  0.0  0.0  0.0
  0.0  0.0  0.0  0.0  0.0  0.0  0.0  0.0  0.0  0.0  0.0  0.0  0.0  0.0  0.0
  0.0  0.0  0.0  0.0  0.0  0.0  0.0  0.0  0.0  0.0  0.0  0.0  0.0  0.0  0.0
  0.0  0.0  0.0  0.0  0.0  0.0  0.0  0.0  0.0  0.0  0.0  0.0  0.0  0.0  0.0
  0.0  0.0  0.0  0.0  0.0  0.0  0.0  0.0 10.8  0.0 32.3  0.0 10.8  0.0  0.0
  0.0  0.0  0.0  0.0  0.0  0.0  0.0 10.8  0.0  0.0  0.0  0.0  0.0  0.0  0.0
    -32.09     -2.60      0.97     -6.61      7.90  0.0  0.0  0.0  0.0  0.0
                                    t000112_s14_p52_qjpp.txt 17.0  5.0   76
 13.2  0.0  0.0 39.5  0.0  0.0  0.0  0.0 13.2  0.0  0.0  0.0  0.0  0.0  0.0
  0.0  0.0  0.0  0.0  0.0  0.0421.1105.3 65.8 26.3  0.0  0.0  0.0  0.0  0.0
  0.0  0.0  0.0  0.0  0.0 26.3  0.0  0.0  0.0  0.0  0.0 13.2  0.0 26.3  0.0
  0.0 13.2  0.0  0.0  0.0  0.0 13.2 26.3  0.0  0.0 65.8 13.2  0.0 78.9 13.2
  0.0  0.0  0.0  0.0  0.0  0.0  0.0  0.0  0.0  0.0  0.0  0.0  0.0  0.0  0.0
  0.0  0.0  0.0  0.0  0.0  0.0  0.0  0.0  0.0  0.0  0.0  0.0  0.0  0.0  0.0
  0.0  0.0  0.0  0.0  0.0  0.0  0.0  0.0  0.0  0.0  0.0  0.0  0.0  0.0  0.0
  0.0  0.0  0.0  0.0  0.0  0.0  0.0  0.0  0.0  0.0  0.0  0.0  0.0  0.0  0.0
  0.0  0.0  0.0  0.0  0.0  0.0  0.0  0.0 13.2  0.0 13.2 26.3  0.0  0.0  0.0
  0.0  0.0  0.0  0.0  0.0  0.0  0.0 13.2  0.0 13.2  0.0  0.0  0.0  0.0  0.0
    -27.80     -4.86     -0.52     -1.34      0.36  0.0  0.0  0.0  0.0  0.0
                                    t000112_s14_p53_qjpp.txt 16.5  4.5  107
  9.3  0.0  0.0 46.7  0.0  0.0  0.0  0.0 56.1  0.0  0.0  0.0  0.0  0.0  0.0
  0.0  0.0  0.0  0.0  0.0  0.0327.1149.5 56.1 37.4  0.0  0.0  0.0  0.0  0.0
  0.0  0.0  0.0  0.0  0.0  9.3  0.0  0.0  0.0  0.0  0.0  0.0  0.0  9.3  9.3
  9.3  9.3  0.0  0.0  9.3  0.0  9.3 28.0  0.0  0.0 65.4 56.1  0.0 93.5  0.0
  0.0  0.0  0.0  0.0  0.0  0.0  0.0  0.0  0.0  0.0  0.0  0.0  0.0  0.0  0.0
  0.0  0.0  0.0  0.0  0.0  0.0  0.0  0.0  0.0  0.0  0.0  0.0  0.0  0.0  0.0
  0.0  0.0  0.0  0.0  0.0  0.0  0.0  0.0  0.0  0.0  0.0  0.0  0.0  0.0  0.0
  0.0  0.0  0.0  0.0  0.0  0.0  0.0  0.0  0.0  0.0  0.0  0.0  0.0  0.0  0.0
  0.0  0.0  0.0  0.0  0.0  0.0  0.0 28.0  0.0  0.0 37.4  9.3 37.4  0.0  0.0
  0.0  0.0  0.0  0.0  0.0  9.3  0.0  9.3  0.0 28.0  0.0  0.0  9.3  0.0  0.0
    -23.68     -4.50      0.44     -6.61      7.99  0.0  0.0  0.0  0.0  0.0
                                    t000112_s14_p54_qjpp.txt 37.0  5.4  529
  3.8  0.0  0.0  5.7  0.0  0.0  0.0  0.0  3.8  0.0  0.0  0.0  0.0  0.0  0.0
  1.9  0.0  0.0  1.9  0.0  0.0489.6 75.6 49.1 24.6  0.0  0.0  0.0  0.0  0.0
  0.0  1.9  0.0  0.0  0.0  9.5  1.9  0.0  0.0  0.0  0.0  0.0  0.0 11.3  0.0
  7.6  0.0  0.0  1.9  0.0  0.0  3.8 18.9  0.0  0.0 66.2  3.8  0.0 58.6 15.1
  0.0  0.0  0.0  0.0  0.0  0.0  0.0  0.0  0.0  0.0  0.0  0.0  0.0  0.0  0.0
  0.0  0.0  0.0  0.0  0.0  0.0  0.0  0.0  0.0  0.0  0.0  0.0  0.0  0.0  0.0
  0.0  0.0  0.0  0.0  0.0  0.0  0.0  0.0  0.0  0.0  0.0  0.0  0.0  0.0  0.0
  0.0  0.0  0.0  0.0  0.0  0.0  0.0  0.0  0.0  0.0  0.0  0.0  0.0  0.0  0.0
  0.0  0.0  0.0  0.0  0.0  0.0  0.0  1.9  1.9  3.8 26.5  3.8  5.7  0.0  0.0
  0.0  3.8  5.7  0.0  0.0  0.0  1.9 11.3  1.9  7.6  0.0  0.0  1.9  0.0  0.0
    -29.82     -4.92      1.14     -6.61      0.53  0.0  0.0  0.0  0.0  0.0
                                    t000112_s14_p55_qjpp.txt 34.3  5.2  211
  0.0  0.0  0.0 23.7  0.0  0.0  0.0  0.0  4.7  0.0  4.7  0.0  0.0  0.0  0.0
  0.0  0.0  9.5  0.0  0.0  0.0407.6109.0 56.9 23.7  0.0  4.7  0.0  0.0  0.0
  0.0 14.2  0.0  0.0  4.7 14.2  0.0  0.0  0.0  0.0  0.0  0.0  0.0 14.2  0.0
  9.5  4.7  0.0  0.0  4.7  9.5 19.0 23.7  0.0  0.0 94.8  4.7  0.0 80.6  4.7
  4.7  0.0  0.0  0.0  0.0  0.0  0.0  0.0  0.0  0.0  0.0  0.0  0.0  0.0  0.0
  0.0  0.0  0.0  0.0  0.0  0.0  0.0  0.0  0.0  0.0  0.0  0.0  0.0  0.0  0.0
  0.0  0.0  0.0  0.0  0.0  0.0  0.0  0.0  0.0  0.0  0.0  0.0  0.0  0.0  0.0
  0.0  0.0  0.0  0.0  0.0  0.0  0.0  0.0  0.0  0.0  0.0  0.0  0.0  0.0  0.0
  0.0  0.0  0.0  0.0  0.0  0.0  0.0  0.0  9.5  0.0  4.7 14.2  4.7  0.0  0.0
  0.0  4.7  0.0  0.0  0.0  0.0  0.0 14.2  0.0 14.2  4.7  0.0  0.0  0.0  0.0
    -26.40     -4.04      4.04     -6.61      1.59  0.0  0.0  9.5  0.0  0.0
                                    t000112_s14_p56_qjpp.txt 28.5  5.2  150
  6.7  0.0  0.0 33.3  0.0  0.0  0.0  0.0  0.0  6.7  0.0  0.0  0.0  0.0  0.0
  0.0  0.0  0.0  0.0  0.0  0.0380.0113.3 60.0 33.3  6.7  0.0  0.0  0.0  0.0
  0.0  0.0  0.0  6.7  0.0 13.3  6.7  0.0  0.0  0.0  0.0  0.0  6.7 26.7  0.0
  6.7 13.3  0.0  0.0  0.0  0.0 13.3 33.3  0.0  0.0106.7  6.7  0.0 86.7  0.0
  0.0  0.0  0.0  0.0  0.0  0.0  0.0  0.0  0.0  0.0  0.0  0.0  0.0  0.0  0.0
  0.0  0.0  0.0  0.0  0.0  0.0  0.0  0.0  0.0  0.0  0.0  0.0  0.0  0.0  0.0
  0.0  0.0  0.0  0.0  0.0  0.0  0.0  0.0  0.0  0.0  0.0  0.0  0.0  0.0  0.0
  0.0  0.0  0.0  0.0  0.0  0.0  0.0  0.0  0.0  0.0  0.0  0.0  0.0  0.0  0.0
  0.0  0.0  0.0  0.0  0.0  0.0  0.0  6.7  0.0  0.0  6.7 13.3  0.0  0.0  0.0
  0.0  0.0  0.0  0.0  0.0  0.0  0.0 20.0  0.0 20.0  0.0  0.0  6.7  0.0  0.0
    -27.41     -4.33     -1.69     -6.61      6.73  0.0  0.0  0.0  0.0  0.0
                                    t000112_s14_p57_qjpp.txt 34.0  5.0  205
  0.0  0.0  0.0  9.8  0.0  0.0  0.0  0.0  9.8  0.0  0.0  0.0  0.0  4.9  0.0
  0.0  0.0  0.0  0.0  0.0  0.0541.5 48.8 39.0 24.4  0.0  0.0  0.0  0.0  0.0
  0.0  4.9  0.0  4.9  0.0  0.0  4.9  0.0  0.0  0.0  0.0  0.0  0.0 14.6  0.0
  0.0  0.0  0.0  9.8  0.0  0.0  4.9 14.6  0.0  0.0 48.8  9.8  0.0 53.7  9.8
  0.0  0.0  0.0  0.0  0.0  0.0  0.0  0.0  0.0  0.0  0.0  0.0  0.0  0.0  0.0
  0.0  0.0  0.0  0.0  0.0  0.0  0.0  0.0  0.0  0.0  0.0  0.0  0.0  0.0  0.0
  0.0  0.0  0.0  0.0  0.0  0.0  0.0  0.0  0.0  0.0  0.0  0.0  0.0  0.0  0.0
  0.0  0.0  0.0  0.0  0.0  0.0  0.0  0.0  0.0  0.0  0.0  0.0  0.0  0.0  0.0
  0.0  0.0  0.0  0.0  0.0  0.0  0.0  4.9  4.9  0.0  4.9 19.5  0.0  0.0  0.0
  0.0  4.9  4.9  0.0  0.0  4.9  0.0  9.8  0.0  4.9  0.0  0.0  0.0  0.0  0.0
    -27.28     -4.93      1.39     -6.61     -1.41  0.0  0.0  0.0  0.0  0.0
                                    t000112_s14_p58_qjpp.txt 33.3  5.1  212
  9.4  4.7  0.0 14.2  0.0  0.0  0.0  0.0  9.4  0.0  0.0  0.0  0.0  0.0  4.7
  0.0  0.0  0.0  4.7  0.0  0.0405.7150.9  4.7 33.0  4.7  4.7  0.0  0.0  0.0
  0.0  4.7  0.0  4.7  9.4 14.2  9.4  0.0  0.0  0.0  0.0  0.0  4.7  4.7  4.7
  9.4  0.0  0.0  4.7  0.0  0.0  9.4 18.9  0.0  0.0 18.9 14.2  0.0108.5  4.7
  4.7  0.0  0.0  0.0  0.0  0.0  0.0  0.0  0.0  0.0  0.0  0.0  0.0  0.0  0.0
  0.0  0.0  0.0  0.0  0.0  0.0  0.0  0.0  0.0  0.0  0.0  0.0  0.0  0.0  0.0
  0.0  0.0  4.7  0.0  0.0  0.0  0.0  0.0  0.0  0.0  0.0  0.0  0.0  4.7  0.0
  0.0  0.0  0.0  0.0  4.7  0.0  4.7  4.7  0.0  0.0  0.0  0.0  0.0  0.0  0.0
  0.0  0.0  0.0  0.0  0.0  0.0  0.0  9.4  4.7  0.0 28.3  0.0 14.2  9.4  0.0
  0.0  0.0  0.0  0.0  0.0  4.7  0.0 18.9  4.7  9.4  0.0  0.0  4.7  0.0  0.0
    -21.66     -3.52     -2.21     -6.61      6.71  0.0  0.0  0.0  0.0  0.0
                                    t000112_s14_p59_qjpp.txt 25.5  4.9  149
  6.7  0.0  0.0 20.1  0.0  0.0  0.0  0.0 20.1  0.0  0.0  0.0  0.0  0.0  0.0
  0.0  0.0  6.7  0.0  0.0  0.0416.1120.8 33.6 40.3  0.0  0.0  0.0  0.0  0.0
  0.0  0.0  0.0  0.0  0.0  6.7 13.4  0.0  0.0  0.0  6.7  0.0  0.0  0.0  0.0
  6.7  6.7  0.0  6.7  0.0 13.4  6.7  6.7  0.0  0.0 47.0 20.1  0.0 80.5  6.7
  6.7  0.0  0.0  0.0  0.0  0.0  0.0  0.0  0.0  0.0  0.0  0.0  0.0  0.0  0.0
  0.0  0.0  0.0  0.0  0.0  0.0  0.0  0.0  0.0  0.0  0.0  0.0  0.0  0.0  0.0
  0.0  0.0  0.0  0.0  0.0  0.0  0.0  0.0  0.0  0.0  0.0  0.0  0.0  0.0  0.0
  0.0  0.0  0.0  0.0  0.0  0.0  0.0  0.0  0.0  0.0  0.0  0.0  0.0  0.0  0.0
  0.0  0.0  0.0  0.0  0.0  0.0  0.0 20.1  0.0  0.0 20.1  0.0  6.7  6.7  0.0
  0.0  0.0  0.0  0.0  0.0  6.7  0.0 20.1  0.0 13.4  6.7  0.0 13.4  0.0  0.0
    -25.29     -4.40      0.59     -3.41     -1.46  0.0  0.0  0.0  0.0  0.0
                                     t000112_s14_p6_qjpp.txt 14.3  5.4   68
 14.7  0.0  0.0 73.5  0.0  0.0  0.0  0.0 73.5  0.0  0.0  0.0  0.0  0.0  0.0
  0.0  0.0 14.7 14.7  0.0  0.0338.2102.9 44.1 14.7  0.0  0.0  0.0  0.0  0.0
  0.0  0.0  0.0  0.0  0.0 58.8 14.7  0.0  0.0  0.0  0.0 14.7  0.0  0.0  0.0
  0.0  0.0  0.0 14.7 14.7 14.7 14.7  0.0  0.0  0.0102.9 73.5  0.0102.9  0.0
  0.0  0.0  0.0  0.0  0.0  0.0  0.0  0.0  0.0  0.0  0.0  0.0  0.0  0.0  0.0
  0.0  0.0  0.0  0.0  0.0  0.0  0.0  0.0  0.0  0.0  0.0  0.0  0.0  0.0  0.0
  0.0  0.0 14.7  0.0  0.0  0.0  0.0  0.0  0.0  0.0  0.0  0.0  0.0  0.0  0.0
  0.0  0.0  0.0  0.0 14.7  0.0 14.7  0.0  0.0  0.0  0.0  0.0  0.0  0.0  0.0
  0.0  0.0  0.0  0.0  0.0  0.0  0.0  0.0 14.7 29.4 29.4 14.7 29.4  0.0  0.0
  0.0  0.0 14.7  0.0  0.0 14.7  0.0  0.0  0.0 14.7 14.7  0.0  0.0  0.0  0.0
    -14.44     -5.24     -2.37     -0.72     -3.63  0.0  0.0  0.0  0.0  0.0
                                    t000112_s14_p60_qjpp.txt 25.3  5.2  132
  7.6  7.6  0.0 15.2  0.0  0.0  0.0  0.0  0.0  0.0  0.0  0.0  0.0  0.0  0.0
  0.0  0.0  0.0  0.0  0.0  0.0484.8 60.6  7.6 22.7 22.7  0.0 15.2  0.0  0.0
  0.0  0.0  0.0  7.6  0.0  7.6 15.2  0.0  0.0  0.0  0.0  0.0  7.6 15.2  7.6
 15.2  7.6  0.0  0.0  0.0  0.0  7.6 37.9  0.0  0.0  7.6 22.7  0.0 75.8  0.0
  0.0  0.0  0.0  0.0  0.0  0.0  0.0  0.0  0.0  0.0  0.0  0.0  0.0  0.0  0.0
  0.0  0.0  0.0  0.0  0.0  0.0  7.6  0.0  0.0  0.0  0.0  0.0  0.0  0.0  0.0
  0.0  0.0  0.0  0.0  0.0  0.0  0.0  0.0  0.0  0.0  0.0  0.0  0.0  0.0  0.0
  7.6  0.0  0.0  7.6  0.0  0.0  0.0  0.0  0.0  0.0  0.0  0.0  0.0  0.0  0.0
  0.0  0.0  0.0  0.0  0.0  0.0  0.0  0.0  7.6  0.0 15.2  0.0  7.6  0.0  0.0
  0.0  0.0  0.0  0.0  0.0  0.0  0.0  7.6  0.0 30.3  0.0  0.0  7.6  0.0  0.0
    -25.01     -1.16     -1.62     -6.61     14.12  0.0  0.0  0.0  0.0  0.0
                                    t000112_s14_p61_qjpp.txt 14.3  5.9   75
  0.0  0.0  0.0 26.7  0.0  0.0  0.0  0.0  0.0  0.0  0.0  0.0  0.0  0.0  0.0
  0.0  0.0  0.0  0.0  0.0  0.0426.7146.7 40.0 93.3  0.0  0.0 13.3  0.0  0.0
 13.3  0.0  0.0  0.0  0.0  0.0  0.0  0.0  0.0  0.0  0.0  0.0  0.0 26.7  0.0
 13.3  0.0  0.0  0.0  0.0  0.0  0.0 40.0  0.0 13.3 40.0  0.0 13.3173.3 26.7
  0.0  0.0  0.0  0.0  0.0  0.0  0.0  0.0  0.0  0.0  0.0  0.0  0.0  0.0  0.0
  0.0  0.0  0.0  0.0  0.0  0.0  0.0  0.0  0.0  0.0  0.0  0.0  0.0  0.0  0.0
  0.0  0.0  0.0  0.0  0.0  0.0  0.0  0.0  0.0  0.0  0.0  0.0  0.0  0.0  0.0
  0.0  0.0  0.0  0.0  0.0  0.0  0.0  0.0  0.0  0.0  0.0  0.0  0.0  0.0  0.0
  0.0  0.0  0.0  0.0  0.0  0.0  0.0  0.0 13.3  0.0  0.0  0.0  0.0  0.0  0.0
  0.0  0.0  0.0  0.0  0.0  0.0  0.0 13.3  0.0 53.3  0.0  0.0  0.0  0.0  0.0
    -32.56     -0.19     13.09     -6.61      4.72 13.3  0.0  0.0  0.0  0.0
                                    t000112_s14_p62_qjpp.txt 18.0  6.0   93
 10.8  0.0  0.0 21.5  0.0  0.0  0.0  0.0  0.0  0.0  0.0  0.0  0.0  0.0  0.0
  0.0  0.0  0.0 10.8  0.0  0.0365.6118.3 64.5 53.8  0.0  0.0 10.8  0.0 10.8
  0.0  0.0  0.0  0.0 10.8  0.0 21.5  0.0  0.0  0.0  0.0  0.0  0.0 43.0  0.0
  0.0  0.0  0.0  0.0  0.0  0.0 10.8 43.0  0.0 10.8118.3  0.0  0.0107.5  0.0
  0.0  0.0  0.0  0.0  0.0  0.0  0.0  0.0  0.0  0.0  0.0  0.0  0.0  0.0  0.0
  0.0  0.0  0.0 10.8  0.0  0.0  0.0  0.0  0.0  0.0  0.0  0.0  0.0  0.0  0.0
  0.0  0.0 10.8  0.0  0.0  0.0  0.0  0.0  0.0  0.0  0.0  0.0  0.0  0.0  0.0
 10.8  0.0  0.0 10.8 10.8  0.0 10.8  0.0  0.0  0.0  0.0  0.0  0.0  0.0  0.0
  0.0  0.0  0.0  0.0  0.0  0.0  0.0  0.0  0.0  0.0  0.0  0.0  0.0  0.0  0.0
  0.0  0.0  0.0  0.0  0.0 21.5  0.0 10.8 10.8 10.8  0.0  0.0 10.8  0.0  0.0
    -28.07     -1.97      3.19     -6.61      2.89  0.0  0.0  0.0  0.0  0.0
                                    t000112_s14_p63_qjpp.txt 33.3  4.8  270
  0.0  0.0  0.0 14.8  0.0  0.0  0.0  0.0  7.4  3.7  0.0  0.0  0.0  0.0  0.0
  0.0  0.0  0.0  0.0  0.0  0.0381.5125.9 33.3 33.3  3.7  0.0  0.0  0.0  0.0
  3.7  3.7  0.0  7.4  0.0 14.8 11.1  0.0  0.0  0.0  0.0  7.4  3.7 29.6  0.0
  7.4  0.0  0.0  0.0  0.0  0.0  3.7 37.0  0.0  3.7 44.4 11.1  0.0 92.6 14.8
  3.7  0.0  0.0  0.0  0.0  0.0  0.0  0.0  0.0  0.0  0.0  0.0  0.0  0.0  0.0
  0.0  0.0  0.0  0.0  0.0  0.0  0.0  0.0  0.0  0.0  0.0  0.0  0.0  0.0  0.0
  0.0  0.0  0.0  0.0  0.0  0.0  0.0  0.0  0.0  0.0  0.0  0.0  0.0  0.0  0.0
  0.0  0.0  0.0  0.0  0.0  0.0  0.0  0.0  0.0  0.0  0.0  0.0  0.0  0.0  0.0
  0.0  0.0  0.0  0.0  0.0  0.0  0.0  0.0  0.0  0.0 22.2  3.7 33.3  0.0  0.0
  0.0  0.0  0.0  0.0  0.0  3.7  0.0  7.4  0.0  3.7  3.7  3.7  3.7  3.7  0.0
    -26.98     -4.47      2.75     -3.64      5.57  0.0  0.0  0.0  0.0  0.0
                                    t000112_s14_p64_qjpp.txt  6.0  5.0   38
  0.0  0.0  0.0 26.3  0.0  0.0  0.0  0.0  0.0  0.0  0.0  0.0  0.0  0.0  0.0
  0.0  0.0  0.0 26.3  0.0  0.0342.1184.2 78.9  0.0  0.0  0.0  0.0  0.0  0.0
  0.0  0.0  0.0  0.0  0.0 26.3  0.0  0.0  0.0  0.0  0.0 26.3  0.0 26.3  0.0
  0.0  0.0  0.0  0.0  0.0  0.0 26.3 26.3  0.0  0.0 78.9  0.0  0.0 26.3  0.0
  0.0  0.0  0.0  0.0  0.0  0.0  0.0  0.0  0.0  0.0  0.0  0.0  0.0  0.0  0.0
  0.0  0.0  0.0  0.0  0.0  0.0  0.0  0.0  0.0  0.0  0.0  0.0  0.0  0.0  0.0
  0.0  0.0  0.0  0.0  0.0  0.0  0.0  0.0  0.0  0.0  0.0  0.0  0.0  0.0  0.0
  0.0  0.0  0.0  0.0  0.0  0.0  0.0  0.0  0.0  0.0  0.0  0.0  0.0  0.0  0.0
  0.0  0.0  0.0  0.0  0.0  0.0  0.0  0.0 78.9  0.0 26.3  0.0  0.0  0.0  0.0
  0.0  0.0  0.0  0.0  0.0  0.0  0.0  0.0  0.0  0.0  0.0  0.0 26.3  0.0  0.0
    -26.10     -5.73     -0.52      3.92      0.36  0.0  0.0  0.0  0.0  0.0
                                     t000112_s14_p7_qjpp.txt 15.8  5.7   73
  0.0  0.0  0.0 68.5  0.0  0.0  0.0  0.0 27.4 13.7  0.0  0.0  0.0  0.0  0.0
  0.0  0.0 13.7 13.7  0.0  0.0342.5 95.9 95.9 13.7  0.0  0.0  0.0  0.0  0.0
  0.0  0.0  0.0  0.0  0.0 68.5 13.7  0.0 27.4  0.0  0.0  0.0  0.0 27.4  0.0
 13.7 41.1  0.0  0.0  0.0 13.7 54.8 41.1  0.0  0.0109.6 27.4  0.0109.6  0.0
  0.0  0.0  0.0  0.0  0.0  0.0  0.0  0.0  0.0  0.0  0.0  0.0  0.0  0.0  0.0
  0.0  0.0  0.0  0.0  0.0  0.0 13.7  0.0  0.0  0.0  0.0  0.0  0.0  0.0  0.0
  0.0 13.7  0.0  0.0  0.0  0.0  0.0  0.0  0.0  0.0 13.7  0.0  0.0  0.0  0.0
 13.7  0.0  0.0 13.7 13.7  0.0 13.7 13.7  0.0  0.0  0.0  0.0  0.0  0.0  0.0
  0.0  0.0  0.0  0.0  0.0  0.0  0.0  0.0  0.0  0.0 27.4 41.1 27.4  0.0 13.7
  0.0  0.0  0.0  0.0  0.0 27.4  0.0 54.8  0.0 13.7  0.0  0.0  0.0  0.0  0.0
    -19.68     -5.28     -2.92      2.23      4.94  0.0  0.0 13.7  0.0  0.0
                                     t000112_s14_p8_qjpp.txt 15.3  5.0   82
  0.0  0.0  0.0109.8  0.0  0.0  0.0  0.0 48.8  0.0  0.0  0.0  0.0 12.2  0.0
  0.0  0.0 24.4  0.0  0.0  0.0268.3 73.2 61.0  0.0  0.0  0.0  0.0  0.0 12.2
  0.0 12.2  0.0  0.0  0.0 36.6 48.8  0.0  0.0  0.0  0.0 12.2  0.0  0.0  0.0
  0.0  0.0  0.0  0.0  0.0 24.4 12.2  0.0  0.0 12.2 97.6 48.8 12.2146.3  0.0
 24.4  0.0  0.0  0.0  0.0  0.0  0.0  0.0  0.0  0.0  0.0  0.0  0.0  0.0  0.0
  0.0  0.0  0.0  0.0  0.0  0.0 12.2  0.0  0.0  0.0  0.0  0.0  0.0  0.0  0.0
  0.0 24.4  0.0  0.0  0.0  0.0  0.0 12.2  0.0  0.0  0.0  0.0  0.0  0.0  0.0
 12.2  0.0  0.0 12.2 24.4 12.2 36.6  0.0  0.0  0.0  0.0  0.0  0.0  0.0  0.0
  0.0  0.0  0.0  0.0  0.0  0.0  0.0  0.0 12.2  0.0 24.4  0.0 12.2  0.0  0.0
 12.2  0.0  0.0  0.0  0.0  0.0 24.4 24.4  0.0 24.4  0.0 12.2  0.0 12.2  0.0
     -6.75     -5.73      9.51     -1.73     -3.63  0.0  0.0  0.0  0.0  0.0
                                     t000112_s14_p9_qjpp.txt 35.0  5.4  296
  6.8  0.0  0.0 33.8  0.0  0.0  0.0  0.0  0.0  0.0  0.0  0.0  0.0  0.0  0.0
  0.0  0.0  0.0  0.0  0.0  0.0459.5101.4 50.7  6.8  0.0 13.5  3.4  0.0  0.0
  0.0  0.0  0.0  0.0  0.0 16.9  3.4  0.0  0.0  0.0  0.0  0.0  0.0  6.8  0.0
  3.4  6.8  0.0  0.0  0.0  0.0  6.8 10.1  0.0  0.0 50.7  0.0  0.0 60.8  3.4
  0.0  0.0  0.0  0.0  0.0  0.0  0.0  0.0  0.0  0.0  0.0  0.0  0.0  0.0  0.0
  0.0  0.0  0.0  3.4  0.0  0.0  0.0  0.0  0.0  0.0  0.0  0.0  0.0  0.0  0.0
  0.0  0.0  3.4  0.0  0.0  0.0  0.0  0.0  0.0  0.0  0.0  0.0  0.0  0.0  0.0
  3.4  0.0  0.0  3.4  3.4  0.0  3.4  0.0  0.0  0.0  0.0  0.0  0.0  0.0  0.0
  0.0  0.0  0.0  0.0  0.0  0.0  0.0  0.0  3.4  3.4 16.9  3.4 23.6  0.0  3.4
  6.8  0.0  0.0  0.0  0.0  3.4  0.0  3.4  3.4  6.8  0.0  0.0  6.8  3.4  0.0
    -30.12     -2.28      0.01     -6.61     -1.51  0.0  0.0  0.0  0.0  0.0
                                     t000112_s19_p1_qjpp.txt 15.5  4.9   86
 11.6  0.0  0.0 46.5  0.0  0.0  0.0  0.0 23.3  0.0  0.0  0.0  0.0  0.0  0.0
  0.0  0.0  0.0 23.3  0.0  0.0407.0139.5 46.5 46.5  0.0  0.0  0.0  0.0  0.0
  0.0  0.0  0.0  0.0 11.6 23.3  0.0  0.0  0.0  0.0  0.0  0.0  0.0 23.3  0.0
  0.0  0.0  0.0  0.0  0.0  0.0 23.3 23.3  0.0  0.0 46.5 23.3  0.0 93.0  0.0
  0.0  0.0  0.0  0.0  0.0  0.0  0.0  0.0  0.0  0.0  0.0  0.0  0.0  0.0  0.0
  0.0  0.0  0.0  0.0  0.0  0.0  0.0  0.0  0.0  0.0  0.0  0.0  0.0  0.0  0.0
  0.0  0.0  0.0  0.0  0.0  0.0  0.0  0.0  0.0  0.0  0.0  0.0  0.0  0.0  0.0
  0.0  0.0  0.0  0.0  0.0  0.0  0.0  0.0  0.0  0.0  0.0  0.0  0.0  0.0  0.0
  0.0  0.0  0.0  0.0  0.0  0.0  0.0  0.0  0.0  0.0 23.3 11.6  0.0  0.0 11.6
  0.0  0.0  0.0  0.0  0.0 11.6  0.0 11.6  0.0 23.3  0.0  0.0 11.6  0.0  0.0
    -22.21     -4.20     -3.77     -6.61     -0.10  0.0  0.0  0.0  0.0  0.0
                                    t000112_s19_p10_qjpp.txt 30.0  5.4  171
 11.7  0.0  0.0 17.5  0.0  0.0  5.8  0.0 11.7  0.0  0.0  0.0  0.0  0.0  0.0
  0.0  0.0  5.8  5.8  0.0  0.0409.4169.6 40.9 35.1  0.0  5.8  5.8  0.0  5.8
  0.0  5.8  0.0  0.0 11.7 29.2  0.0  0.0  0.0  0.0  0.0  0.0  0.0  5.8  0.0
 11.7  5.8  0.0 11.7  5.8  5.8 17.5 17.5  0.0  5.8 64.3 11.7  0.0 76.0  5.8
  0.0  0.0  0.0  0.0  0.0  0.0  0.0  0.0  0.0  0.0  0.0  0.0  0.0  0.0  0.0
  0.0  0.0  0.0  0.0  0.0  0.0  0.0  0.0  0.0  0.0  0.0  0.0  0.0  0.0  0.0
  0.0  0.0  0.0  0.0  0.0  0.0  0.0  0.0  0.0  0.0  0.0  0.0  0.0  5.8  0.0
  0.0  0.0  0.0  0.0  0.0  0.0  0.0  5.8  0.0  0.0  0.0  0.0  0.0  0.0  0.0
  0.0  0.0  0.0  0.0  0.0  0.0  0.0  0.0  5.8  0.0 46.8  0.0  5.8 23.4  5.8
  0.0  0.0  0.0  0.0  5.8  0.0  0.0 23.4  0.0 17.5  0.0  5.8  5.8  0.0  0.0
    -26.30     -2.37      0.96     -6.61      1.03 11.7  0.0  0.0  0.0  0.0
                                    t000112_s19_p11_qjpp.txt 29.5  5.2  169
  5.9  0.0  0.0 23.7  0.0  0.0  0.0  5.9 11.8  0.0  0.0  0.0  0.0  0.0  0.0
  0.0  0.0  5.9  5.9  0.0  0.0426.0136.1 41.4 23.7 11.8  0.0  5.9  0.0  0.0
  5.9  0.0  0.0  0.0  5.9  5.9  5.9  0.0  0.0  0.0  0.0  0.0  0.0  5.9  0.0
  0.0  0.0  5.9  0.0  5.9  5.9  5.9  5.9  0.0  5.9 53.3 23.7  5.9 65.1  0.0
  0.0  0.0  0.0  0.0  0.0  0.0  0.0  0.0  0.0  0.0  0.0  0.0  0.0  0.0  0.0
  0.0  0.0  0.0  0.0  0.0  5.9  0.0  0.0  0.0  0.0  0.0  0.0  0.0  0.0  0.0
  0.0  0.0  0.0  0.0  0.0  0.0  0.0  0.0  0.0  0.0  5.9  0.0  0.0  0.0  0.0
  5.9  0.0  0.0  5.9  0.0  0.0  0.0  5.9  0.0  0.0  0.0  0.0  0.0  0.0  0.0
  0.0  0.0  0.0  0.0  0.0  0.0  0.0  0.0  5.9  5.9 65.1 11.8 11.8  5.9 41.4
  0.0  0.0  0.0  0.0  5.9  0.0  0.0 17.8  5.9  5.9  0.0  0.0  0.0  0.0  0.0
    -25.13     -3.33      4.28     -6.61     -2.73  0.0  0.0  0.0  0.0  0.0
                                    t000112_s19_p12_qjpp.txt 20.8  5.3  116
 17.2  0.0  0.0 17.2  0.0  0.0  8.6  8.6 34.5  0.0  8.6  0.0  0.0  0.0  0.0
 17.2  0.0  8.6  8.6  0.0  0.0327.6 94.8 69.0 51.7  0.0  0.0  0.0  0.0  0.0
  0.0  8.6  0.0  0.0  0.0 25.9  0.0  0.0  0.0  0.0  0.0  0.0  0.0  8.6  0.0
  0.0 17.2 17.2  0.0  0.0  8.6 34.5  8.6  0.0  0.0103.4 34.5  0.0 86.2  8.6
  0.0  0.0  0.0  0.0  0.0  0.0  0.0  0.0  0.0  0.0  0.0  0.0  0.0  0.0  0.0
  0.0  0.0  0.0  0.0  0.0  8.6  8.6  0.0  0.0  0.0  0.0  0.0  0.0  0.0  0.0
  0.0  0.0  0.0  0.0  0.0  0.0  0.0  0.0  0.0  0.0  0.0  0.0  0.0  0.0  0.0
 17.2  0.0  0.0 17.2  0.0  0.0  0.0  0.0  0.0  0.0  0.0  0.0  0.0  0.0  0.0
  0.0  0.0  0.0  0.0  0.0  0.0  0.0  0.0  0.0  8.6 43.1  0.0 34.5  0.0 34.5
  0.0  0.0  0.0  0.0  0.0  0.0  0.0  0.0  0.0 17.2  8.6  0.0  8.6  0.0  0.0
     -9.54     -4.03      2.70     -6.61     -2.32  0.0  0.0  0.0  0.0  0.0
                                    t000112_s19_p13_qjpp.txt 26.3  4.7  141
  0.0  0.0  0.0 21.3  0.0  0.0  7.1  0.0  7.1  0.0  0.0  0.0  0.0  7.1  0.0
  7.1  7.1  0.0  0.0  0.0  0.0361.7134.8 14.2 42.6  0.0  0.0  7.1  0.0  0.0
  0.0  0.0  0.0  0.0  0.0 21.3  7.1  0.0  0.0  7.1  0.0  0.0  0.0  0.0  0.0
 21.3  7.1  0.0  0.0 14.2  0.0 14.2 21.3  7.1  0.0 35.5  7.1  0.0 85.1  0.0
  7.1  0.0  0.0  0.0  0.0  0.0  0.0  0.0  0.0  0.0  0.0  0.0  0.0  0.0  0.0
  0.0  0.0  0.0  0.0  0.0  0.0  0.0  0.0  0.0  0.0  0.0  0.0  0.0  0.0  0.0
  0.0  0.0  0.0  0.0  0.0  0.0  0.0  0.0  0.0  0.0  0.0  0.0  0.0  0.0  0.0
  0.0  0.0  0.0  0.0  0.0  0.0  0.0  0.0  0.0  0.0  0.0  0.0  0.0  0.0  0.0
  0.0  0.0  0.0  0.0  0.0  0.0  0.0  0.0 14.2  0.0  7.1  7.1  7.1  0.0 14.2
  0.0  0.0  0.0  0.0  0.0  0.0  0.0 21.3 14.2  0.0  0.0  0.0  7.1  0.0  0.0
     -6.20     -3.01     -0.24     -3.38      3.24  0.0  0.0  0.0  0.0  0.0
                                    t000112_s19_p14_qjpp.txt 31.3  5.4  318
 12.6  0.0  0.0 18.9  0.0  0.0  3.1  3.1  6.3  0.0  3.1  0.0  0.0  0.0  0.0
  0.0  0.0  3.1  6.3  0.0  0.0386.8106.9 69.2 34.6  9.4  0.0  0.0  0.0  3.1
  0.0  0.0  0.0  0.0  9.4 28.3  9.4  0.0  0.0  0.0  0.0  0.0  0.0  3.1  0.0
  3.1  6.3  6.3  3.1  9.4  3.1 12.6  6.3  0.0  3.1 97.5 15.7  3.1 72.3  9.4
  0.0  0.0  0.0  0.0  0.0  0.0  0.0  0.0  0.0  0.0  0.0  0.0  0.0  0.0  0.0
  0.0  0.0  0.0  0.0  0.0  3.1  3.1  0.0  0.0  0.0  0.0  0.0  0.0  0.0  0.0
  0.0  0.0  0.0  3.1  0.0  0.0  0.0  0.0  0.0  0.0  3.1  0.0  0.0  0.0  0.0
  6.3  0.0  0.0  6.3  3.1  0.0  3.1  3.1  0.0  0.0  0.0  0.0  0.0  0.0  0.0
  0.0  0.0  0.0  0.0  0.0  0.0  0.0  3.1 15.7  3.1 28.3  0.0  6.3  0.0  3.1
  0.0  0.0  0.0  0.0  0.0  3.1  3.1  9.4  3.1 12.6  0.0  3.1 15.7  0.0  0.0
    -25.04     -4.17     -1.84     -6.61     -2.14  0.0  0.0  0.0  0.0  0.0
                                    t000112_s19_p15_qjpp.txt 20.8  5.2  114
  0.0  0.0  0.0 52.6  0.0  0.0  0.0  0.0  8.8  0.0  0.0  0.0  0.0  0.0  0.0
  0.0  0.0 17.5  8.8  0.0  0.0386.0105.3 43.9 26.3  0.0  0.0  8.8  0.0  0.0
  0.0  0.0  0.0  8.8  0.0 35.1 26.3  0.0  0.0  0.0  0.0  0.0  0.0 26.3  0.0
  0.0 17.5  0.0  0.0  0.0 17.5 26.3 26.3  0.0  0.0 52.6  8.8  8.8114.0  8.8
  8.8  0.0  0.0  0.0  0.0  0.0  0.0  0.0  0.0  0.0  0.0  0.0  0.0  0.0  0.0
  0.0  0.0  0.0  0.0  0.0  0.0  0.0  0.0  0.0  0.0  0.0  0.0  0.0  0.0  0.0
  0.0  0.0  0.0  0.0  0.0  0.0  0.0  0.0  0.0  0.0  0.0  0.0  0.0  0.0  0.0
  0.0  0.0  0.0  0.0  0.0  0.0  0.0  0.0  0.0  0.0  0.0  0.0  0.0  0.0  0.0
  0.0  0.0  0.0  0.0  0.0  0.0  0.0  8.8  8.8  0.0 26.3  0.0 35.1  0.0  8.8
  0.0  0.0  0.0  0.0  0.0  0.0  0.0  0.0  0.0  8.8  8.8  0.0 17.5  0.0  0.0
    -20.29     -3.24     -3.53     -6.61      0.36  0.0  0.0  0.0  0.0  0.0
                                    t000112_s19_p16_qjpp.txt 24.8  4.8  151
 26.5  0.0  0.0 26.5  0.0  0.0  6.6  0.0 46.4 13.2  6.6  0.0  0.0  0.0  0.0
  0.0  0.0  6.6  0.0  6.6  0.0344.4172.2 33.1 53.0  0.0  0.0  0.0  0.0  6.6
  0.0  0.0  0.0  0.0  6.6 26.5  6.6  6.6  0.0  0.0  0.0  0.0  6.6  0.0  6.6
  6.6  0.0  6.6  0.0  0.0 13.2  0.0 13.2  6.6  6.6 39.7 46.4  0.0 92.7  0.0
  0.0  0.0  0.0  0.0  0.0  0.0  0.0  0.0  0.0  0.0  0.0  0.0  0.0  0.0  0.0
  0.0  0.0  0.0  0.0  0.0  6.6  0.0  0.0  0.0  0.0  0.0  0.0  0.0  0.0  0.0
  0.0  0.0  0.0  0.0  0.0  0.0  0.0  0.0  0.0  0.0  0.0  0.0  0.0  0.0  0.0
  6.6  0.0  0.0  6.6  0.0  0.0  0.0  0.0  0.0  0.0  0.0  0.0  0.0  0.0  0.0
  0.0  0.0  0.0  0.0  0.0  0.0  0.0  0.0 19.9  6.6 26.5  6.6 33.1 13.2 13.2
  0.0  0.0  0.0  0.0  0.0 19.9  0.0 33.1  0.0  6.6  6.6  0.0  6.6  0.0  0.0
    -11.40     -3.98      0.83     -5.03      7.74  0.0  0.0  6.6  0.0  0.0
                                    t000112_s19_p17_qjpp.txt 25.3  5.6  147
  6.8  6.8  0.0 20.4  0.0  0.0  0.0  0.0 20.4  0.0  0.0  0.0  0.0  0.0  0.0
  0.0  0.0 13.6  6.8  0.0  0.0346.9115.6 74.8 68.0  0.0  0.0 27.2  0.0  0.0
  0.0  0.0  0.0  6.8  6.8 20.4 13.6  0.0  0.0  0.0  0.0  0.0  0.0  6.8  0.0
  6.8  6.8  0.0  6.8 13.6 13.6 13.6 13.6  0.0  0.0122.4 20.4  0.0102.0  0.0
 13.6  0.0  0.0  0.0  0.0  0.0  0.0  0.0  0.0  0.0  0.0  0.0  0.0  0.0  0.0
  0.0  0.0  0.0  0.0  0.0  0.0  6.8  0.0  0.0  0.0  0.0  0.0  0.0  0.0  0.0
  0.0  0.0  0.0  0.0  0.0  0.0  0.0  0.0  0.0  0.0  0.0  0.0  0.0  6.8  0.0
  6.8  0.0  0.0  6.8  0.0  0.0  0.0  6.8  0.0  0.0  0.0  0.0  0.0  0.0  0.0
  0.0  0.0  0.0  0.0  0.0  0.0  0.0  0.0  6.8  6.8 27.2  0.0  6.8  6.8 40.8
  0.0  0.0  0.0  0.0  0.0  6.8  0.0 13.6  0.0 20.4 13.6  0.0  0.0  0.0  0.0
    -22.09      1.55     -4.13     -6.61     -0.40  0.0  0.0  0.0  0.0  0.0
                                    t000112_s19_p18_qjpp.txt 28.8  4.7  230
 26.1  0.0  0.0 60.9  0.0  0.0  0.0  0.0  8.7  0.0  8.7  0.0  0.0  0.0  0.0
  0.0  0.0 13.0  4.3  4.3  0.0308.7104.3 47.8 17.4  0.0  0.0  4.3  0.0  4.3
  0.0  0.0  0.0  4.3  4.3 21.7 13.0  4.3  0.0  0.0  0.0  4.3  4.3  4.3  0.0
  0.0  4.3  4.3  4.3  4.3 17.4  8.7  4.3  4.3  4.3 78.3  8.7  0.0 82.6  4.3
  4.3  0.0  0.0  0.0  0.0  0.0  0.0  0.0  0.0  0.0  0.0  0.0  0.0  0.0  0.0
  0.0  0.0  0.0  4.3  0.0  0.0  0.0  0.0  0.0  0.0  0.0  0.0  0.0  0.0  0.0
  0.0  0.0  0.0  0.0  0.0  0.0  0.0  0.0  4.3  0.0  0.0  0.0  0.0  0.0  0.0
  4.3  0.0  0.0  4.3  0.0  4.3  4.3  0.0  0.0  0.0  0.0  0.0  0.0  0.0  0.0
  0.0  0.0  0.0  0.0  0.0  0.0  0.0 17.4  8.7  0.0 13.0 26.1  0.0 13.0 39.1
  0.0  0.0  0.0  0.0  0.0  4.3  4.3  4.3  4.3  8.7  0.0  4.3 30.4  0.0  0.0
    -11.30     -4.35     -0.61     -3.83     -0.25  0.0  0.0  0.0  0.0  0.0
                                    t000112_s19_p19_qjpp.txt 30.8  5.4  216
  4.6  0.0  0.0 64.8  0.0  0.0  4.6 13.9 18.5  0.0  0.0  0.0  0.0  4.6  0.0
  0.0  0.0  0.0 18.5  0.0  0.0393.5125.0 60.2 37.0  4.6  0.0  0.0  0.0  0.0
  0.0  0.0  0.0  0.0  0.0 37.0  0.0  0.0  0.0  0.0  0.0  4.6  9.3 23.1  0.0
  4.6  4.6  0.0  4.6  0.0  0.0 23.1 27.8  0.0  0.0 60.2 23.1  4.6120.4 13.9
  0.0  0.0  0.0  0.0  0.0  0.0  0.0  0.0  0.0  0.0  0.0  0.0  0.0  0.0  0.0
  0.0  0.0  0.0  0.0  0.0  0.0  0.0  0.0  0.0  0.0  0.0  0.0  0.0  0.0  0.0
  0.0  0.0  0.0  0.0  0.0  0.0  0.0  0.0  0.0  0.0  0.0  0.0  0.0  0.0  0.0
  0.0  0.0  0.0  0.0  0.0  0.0  0.0  0.0  0.0  0.0  0.0  0.0  0.0  0.0  0.0
  0.0  0.0  0.0  0.0  0.0  0.0  0.0  0.0  0.0  0.0  9.3  4.6  9.3  0.0  9.3
  0.0  0.0  0.0  0.0  0.0  9.3  0.0  9.3  4.6 50.9  0.0  0.0  0.0  0.0  0.0
    -18.02     -4.30     -1.13     -4.75      7.16  0.0  0.0  0.0  0.0  0.0
                                     t000112_s19_p2_qjpp.txt 28.8  5.3  268
 11.2  0.0  0.0 41.0  0.0  0.0  3.7  7.5 22.4  0.0  0.0  0.0  0.0  0.0  0.0
  0.0  0.0  3.7  7.5  0.0  0.0361.9141.8 48.5 48.5  0.0  3.7  0.0  3.7  3.7
  0.0  0.0  0.0  0.0 11.2 26.1  0.0  0.0  7.5  0.0  0.0  3.7  7.5 14.9  3.7
 11.2  0.0  0.0  7.5  3.7  3.7  7.5 29.9  0.0  7.5 82.1 22.4  0.0111.9  3.7
  3.7  0.0  0.0  0.0  0.0  0.0  0.0  0.0  0.0  0.0  0.0  0.0  0.0  0.0  0.0
  0.0  0.0  0.0  0.0  0.0  0.0  0.0  0.0  0.0  0.0  0.0  0.0  0.0  0.0  0.0
  0.0  0.0  0.0  0.0  0.0  0.0  0.0  0.0  0.0  0.0  0.0  0.0  0.0  0.0  0.0
  0.0  0.0  0.0  0.0  0.0  0.0  0.0  0.0  0.0  0.0  0.0  0.0  0.0  0.0  0.0
  0.0  3.7  0.0  0.0  0.0  0.0  0.0 26.1 11.2  0.0 14.9  0.0  0.0  0.0  7.5
  0.0  0.0  0.0  0.0  0.0  3.7  0.0  7.5  3.7 26.1  3.7  3.7 18.7  0.0  0.0
    -22.11     -3.41      0.26     -2.71      9.78  0.0  3.7  0.0  0.0  0.0
                                    t000112_s19_p20_qjpp.txt 25.3  5.1  155
 12.9  0.0  0.0 51.6  0.0  0.0  0.0  0.0 19.4  0.0 12.9  0.0  0.0  0.0  0.0
  6.5  0.0  6.5  0.0  0.0  0.0322.6141.9 64.5 51.6 12.9  6.5  0.0  0.0  0.0
  0.0  0.0  0.0  0.0  6.5 45.2  0.0 12.9  0.0  0.0  0.0  0.0  0.0  0.0  0.0
  6.5 12.9 12.9  0.0  6.5 19.4 12.9  6.5  0.0  0.0 77.4 32.3 19.4122.6 12.9
  0.0  0.0  0.0  0.0  0.0  0.0  0.0  0.0  0.0  0.0  0.0  0.0  0.0  0.0  0.0
  0.0  0.0  0.0  0.0  0.0  6.5  6.5  0.0  0.0  0.0  0.0  0.0  0.0  0.0  0.0
  0.0  0.0  0.0  0.0  0.0  0.0  0.0  0.0  0.0  0.0  6.5  0.0  0.0  0.0  0.0
 12.9  0.0  0.0 12.9  0.0  0.0  0.0  6.5  0.0  0.0  0.0  0.0  0.0  0.0  0.0
  0.0  0.0  0.0  0.0  0.0  0.0  0.0  0.0  6.5  0.0  6.5  0.0  0.0  0.0  0.0
  0.0 19.4  0.0  0.0  0.0  6.5  0.0 12.9  0.0 25.8  0.0  6.5 19.4  0.0  0.0
    -20.36     -2.22     -3.49     -3.53     -1.55  0.0  0.0  0.0  0.0  0.0
                                    t000112_s19_p21_qjpp.txt 20.0  4.9  101
 19.8  0.0  0.0 69.3  0.0  0.0  9.9  0.0  9.9  9.9  0.0  0.0  0.0  0.0  0.0
  0.0  0.0  9.9  0.0  0.0  0.0277.2 69.3 29.7 39.6  9.9  0.0 19.8  0.0  0.0
  0.0  9.9  0.0  0.0 19.8 39.6 19.8  0.0  0.0  9.9  0.0  0.0  0.0  9.9  0.0
 19.8 19.8 19.8  0.0 29.7  9.9 39.6 29.7  0.0  0.0118.8 19.8  0.0158.4  9.9
  0.0  0.0  0.0  0.0  0.0  0.0  0.0  0.0  0.0  0.0  0.0  0.0  0.0  0.0  0.0
  0.0  0.0  0.0  0.0  0.0  9.9  9.9  0.0  0.0  9.9  0.0  0.0  0.0  0.0  0.0
  0.0  0.0  0.0  0.0  9.9  0.0  0.0  0.0  0.0  0.0  0.0  0.0  0.0  0.0  0.0
 19.8  9.9  0.0 29.7  0.0  9.9  9.9  0.0  0.0  0.0  0.0  0.0  0.0  0.0  0.0
  0.0  0.0  0.0  0.0  0.0  0.0  0.0  0.0  9.9  0.0 39.6  0.0 19.8  0.0 39.6
  0.0  0.0  0.0  0.0  0.0  9.9  0.0  9.9  0.0  9.9  9.9  0.0 19.8  0.0  0.0
    -12.53     -0.32     -3.43     -2.10      4.26  0.0  0.0  0.0  0.0  0.0
                                    t000112_s19_p22_qjpp.txt 20.3  5.1  121
 16.5  0.0  0.0 57.9  0.0  0.0  0.0  0.0 24.8  0.0  0.0  0.0  0.0  0.0  0.0
  0.0  0.0 16.5 24.8  0.0  0.0305.8148.8 90.9 49.6  0.0 16.5  0.0  0.0  0.0
  0.0  0.0  0.0  0.0  8.3 24.8 16.5  0.0  0.0  0.0  0.0  8.3  0.0 16.5  0.0
  0.0  0.0  8.3  0.0  0.0 16.5 24.8 16.5  0.0  0.0 90.9 24.8  0.0132.2  0.0
  8.3  0.0  0.0  0.0  0.0  0.0  0.0  0.0  0.0  0.0  0.0  0.0  0.0  0.0  0.0
  0.0  0.0  0.0  0.0  0.0  8.3  0.0  0.0  0.0  0.0  0.0  0.0  0.0  0.0  0.0
  0.0  0.0  0.0  0.0  0.0  0.0  0.0  0.0  0.0  0.0  8.3  0.0  0.0  0.0  0.0
  8.3  0.0  0.0  8.3  0.0  0.0  0.0  8.3  0.0  0.0  0.0  0.0  0.0  0.0  0.0
  0.0  0.0  0.0  0.0  0.0  0.0  0.0  0.0  8.3  0.0  8.3  8.3  8.3  0.0  0.0
  0.0 16.5  0.0  0.0  0.0  0.0  0.0 16.5  0.0 49.6  8.3 16.5  8.3  0.0  0.0
    -16.74     -0.92     -2.87     -3.30     -1.12  0.0  0.0  0.0  0.0  0.0
                                    t000112_s19_p23_qjpp.txt 23.3  5.0  150
 13.3  0.0  0.0 46.7  0.0  0.0  0.0  0.0 13.3  6.7  0.0  0.0  0.0  0.0  0.0
  0.0  0.0  0.0 13.3  0.0  0.0366.7140.0 33.3 40.0  0.0  0.0  0.0  6.7  0.0
  0.0  6.7  0.0  0.0  0.0 33.3  0.0  6.7  0.0  0.0  0.0  6.7  6.7 20.0  0.0
  0.0  6.7  6.7  0.0 20.0  6.7 26.7 20.0  0.0  6.7 80.0 13.3  0.0100.0 13.3
  6.7  6.7  0.0  0.0  0.0  0.0  0.0  0.0  0.0  0.0  0.0  0.0  0.0  0.0  0.0
  0.0  0.0  0.0  0.0  0.0  0.0  0.0  0.0  0.0  6.7  0.0  0.0  0.0  0.0  0.0
  0.0  0.0  0.0  0.0  0.0  0.0  0.0  0.0  0.0  0.0  0.0  0.0  0.0  0.0  0.0
  0.0  6.7  0.0  6.7  0.0  0.0  0.0  0.0  0.0  0.0  0.0  0.0  0.0  0.0  0.0
  0.0  0.0  0.0  0.0  0.0  0.0  0.0  6.7 20.0  6.7  6.7  6.7 20.0 13.3 13.3
  0.0  0.0  6.7  0.0  0.0  0.0  0.0 20.0  6.7 33.3  0.0  0.0  6.7  0.0  0.0
    -21.85     -4.41      5.47     -2.35      3.57  0.0  0.0  0.0  0.0  0.0
                                    t000112_s19_p24_qjpp.txt 21.3  5.5  125
 16.0  0.0  0.0 32.0  0.0  0.0  0.0  8.0  8.0  0.0  0.0  0.0  0.0  0.0  0.0
  0.0  0.0  0.0 24.0  0.0  0.0320.0104.0 88.0 88.0  0.0  0.0  0.0  0.0  0.0
  8.0  0.0  0.0  0.0  8.0 24.0 16.0  0.0  0.0  0.0  0.0 16.0  0.0 24.0  0.0
  0.0  0.0  0.0  0.0  0.0  0.0 24.0 24.0  0.0  8.0112.0  8.0  0.0120.0  0.0
  8.0  0.0  0.0  0.0  0.0  0.0  0.0  0.0  0.0  0.0  0.0  0.0  0.0  0.0  0.0
  0.0  0.0  0.0  0.0  0.0  0.0  0.0  0.0  0.0  0.0  0.0  0.0  0.0  0.0  0.0
  0.0  0.0  0.0  0.0  0.0  0.0  0.0  0.0  0.0  0.0  0.0  0.0  0.0  0.0  0.0
  0.0  0.0  0.0  0.0  0.0  0.0  0.0  0.0  0.0  0.0  0.0  0.0  0.0  0.0  0.0
  0.0  0.0  0.0  0.0  0.0  0.0  0.0  8.0  0.0  0.0 16.0  0.0  8.0  0.0  0.0
  0.0  8.0  0.0  0.0  0.0  0.0  0.0 16.0  0.0 32.0  0.0  0.0 16.0  0.0  0.0
    -20.66     -2.83      4.53     -0.21      0.01  0.0  0.0  0.0  0.0  0.0
                                    t000112_s19_p25_qjpp.txt 20.3  5.7  113
 53.1  0.0  0.0 61.9  0.0  0.0  0.0  0.0  0.0  0.0  0.0  0.0  0.0  0.0  0.0
  0.0  0.0  0.0  0.0  0.0  0.0309.7106.2 97.3 79.6  0.0  0.0  0.0  0.0  8.8
  0.0  0.0  0.0  0.0  0.0 35.4  8.8  8.8  0.0  0.0  0.0  8.8  8.8  0.0  0.0
  8.8  8.8  0.0 26.5  0.0  8.8  8.8  8.8  0.0  8.8115.0  0.0  8.8141.6  8.8
 17.7  0.0  0.0  0.0  0.0  0.0  0.0  0.0  0.0  0.0  0.0  0.0  0.0  0.0  0.0
  0.0  0.0  0.0  0.0  0.0  0.0  0.0  0.0  0.0  0.0  0.0  0.0  0.0  0.0  0.0
  0.0  0.0  0.0  0.0  0.0  0.0  0.0  0.0  0.0  0.0  0.0  0.0  0.0 17.7  0.0
  0.0  0.0  0.0  0.0  0.0  0.0  0.0 17.7  0.0  0.0  0.0  0.0  0.0  0.0  0.0
  0.0  0.0  0.0  0.0  0.0  0.0  0.0  8.8  0.0  0.0  8.8  0.0  8.8  0.0  0.0
  0.0  0.0  0.0  0.0  0.0  0.0  0.0  8.8  0.0 35.4  0.0  0.0 17.7  8.8  0.0
    -24.16     -3.11      3.39     -0.96      4.76  0.0  0.0  0.0  0.0  0.0
                                    t000112_s19_p26_qjpp.txt 28.5  5.1  153
  6.5  0.0  0.0 19.6  0.0  0.0  0.0  6.5  0.0  0.0  0.0  0.0  0.0  0.0  0.0
  0.0  0.0  0.0  6.5  0.0  0.0418.3 91.5 52.3 39.2 13.1  0.0  6.5  0.0  0.0
  0.0  0.0  0.0  6.5  6.5 19.6 13.1  0.0  0.0  0.0  0.0  0.0  0.0  6.5  0.0
  6.5  0.0  0.0  0.0  6.5  0.0  6.5 13.1  0.0  0.0 71.9 13.1  0.0 91.5  6.5
  0.0  0.0  0.0  0.0  0.0  0.0  0.0  0.0  0.0  0.0  0.0  0.0  0.0  0.0  0.0
  0.0  0.0  0.0  0.0  0.0  0.0  6.5  0.0  0.0  0.0  0.0  0.0  0.0  0.0  0.0
  0.0  0.0  0.0  6.5  0.0  0.0  0.0  0.0  0.0  0.0  0.0  0.0  0.0  0.0  0.0
  6.5  0.0  0.0  6.5  6.5  0.0  6.5  0.0  0.0  0.0  0.0  0.0  0.0  0.0  0.0
  0.0  0.0  0.0  0.0  0.0  0.0  0.0 13.1 19.6 19.6 13.1  0.0  6.5  0.0  6.5
  0.0  0.0  0.0  0.0  0.0 13.1  0.0  6.5  6.5 26.1  0.0  0.0 19.6  0.0  0.0
    -25.47     -2.65     -3.93     -6.61     -0.53  0.0  0.0  0.0  0.0  0.0
                                    t000112_s19_p27_qjpp.txt 28.3  5.1  154
 19.5  0.0  0.0 39.0  0.0  0.0  6.5  0.0 13.0  0.0  0.0  0.0  0.0  0.0  0.0
  0.0  0.0  0.0  6.5  0.0  0.0409.1 90.9 45.5 58.4  0.0  0.0  6.5  0.0  6.5
  0.0  0.0  0.0  6.5  6.5 13.0  0.0  0.0  0.0  0.0  0.0  0.0  0.0 13.0  0.0
  0.0  0.0 13.0  0.0  6.5  0.0  6.5 13.0  0.0  6.5 58.4 13.0  0.0103.9  6.5
  6.5  0.0  0.0  0.0  0.0  0.0  0.0  0.0  0.0  0.0  0.0  0.0  0.0  0.0  0.0
  0.0  0.0  0.0  6.5  0.0  6.5  0.0  0.0  0.0  0.0  0.0  0.0  0.0  0.0  0.0
  0.0  0.0  0.0  0.0  0.0  0.0  0.0  0.0  0.0  0.0  0.0  0.0  0.0  0.0  0.0
 13.0  0.0  0.0 13.0  0.0  0.0  0.0  0.0  0.0  0.0  0.0  0.0  0.0  0.0  0.0
  0.0  0.0  0.0  0.0  0.0  0.0  0.0 19.5  6.5  6.5 19.5  0.0  6.5  6.5  0.0
  0.0  6.5  0.0  0.0  0.0  0.0  0.0 19.5  6.5 26.0  0.0  0.0 13.0  0.0  0.0
    -22.71     -2.60     -0.28     -6.61     -1.66  0.0  0.0  0.0  0.0  0.0
                                    t000112_s19_p28_qjpp.txt 22.8  5.3  145
 13.8  0.0  0.0 13.8  0.0  0.0  0.0  0.0 55.2  0.0  0.0  0.0  0.0  0.0  0.0
  0.0  0.0  0.0 13.8  0.0  0.0413.8117.2 48.3 82.8  0.0  6.9 20.7  0.0  0.0
  0.0  0.0  0.0  0.0 20.7 13.8 20.7  0.0  6.9  0.0  0.0  0.0  6.9 13.8  0.0
  6.9  0.0  0.0  0.0  0.0  0.0 13.8 20.7  0.0  0.0 75.9 55.2  0.0124.1  0.0
  0.0  0.0  0.0  0.0  0.0  0.0  0.0  0.0  0.0  0.0  0.0  0.0  0.0  0.0  0.0
  0.0  0.0  0.0  0.0  0.0  0.0  0.0  0.0  0.0  0.0  0.0  0.0  0.0  0.0  0.0
  0.0  0.0  6.9  0.0  0.0  0.0  0.0  0.0  0.0  0.0  0.0  0.0  0.0  0.0  0.0
  0.0  0.0  0.0  0.0  6.9  0.0  6.9  0.0  0.0  0.0  0.0  0.0  0.0  0.0  0.0
  0.0  0.0  0.0  0.0  0.0  0.0  0.0 34.5  0.0  0.0 20.7  0.0  0.0  0.0  6.9
  0.0  0.0  0.0  0.0  0.0  6.9  0.0 20.7  0.0 62.1  0.0  0.0  6.9  0.0  0.0
    -24.05      2.15     -5.90     -4.38      5.00  0.0  0.0  0.0  0.0  0.0
                                    t000112_s19_p29_qjpp.txt 21.3  4.8  140
  0.0  7.1  0.0 28.6  0.0  0.0  0.0  0.0 57.1  0.0  7.1  0.0  0.0  0.0  0.0
  0.0  0.0 14.3 14.3  0.0  0.0335.7100.0 35.7 50.0  0.0  0.0  7.1  0.0  7.1
  7.1  0.0  0.0  0.0  0.0 42.9  0.0  0.0  7.1  0.0  0.0  0.0 14.3 14.3  0.0
  0.0  7.1  0.0  0.0 14.3 14.3 21.4 14.3  0.0 14.3 57.1 57.1  7.1100.0 14.3
  7.1  0.0  0.0  0.0  0.0  0.0  0.0  0.0  0.0  0.0  0.0  0.0  0.0  0.0  0.0
  0.0  0.0  0.0  0.0  0.0  0.0  0.0  0.0  0.0  0.0  0.0  0.0  0.0  0.0  0.0
  0.0  0.0  0.0  0.0  0.0  0.0  0.0  0.0  0.0  0.0  0.0  0.0  0.0  0.0  0.0
  0.0  0.0  0.0  0.0  0.0  0.0  0.0  0.0  0.0  0.0  0.0  0.0  0.0  0.0  0.0
  0.0  0.0  0.0  0.0  0.0  0.0  0.0  0.0  7.1  0.0 21.4  0.0 14.3 14.3  0.0
  0.0  0.0  0.0  0.0  0.0 14.3  0.0  7.1  0.0 21.4  0.0  0.0  7.1  0.0  0.0
    -13.52     -2.76      8.60     -4.30      7.47  0.0  0.0  0.0  0.0  0.0
                                     t000112_s19_p3_qjpp.txt 33.5  5.3  216
 13.9  0.0  0.0 32.4  0.0  0.0  0.0  9.3 13.9  4.6  0.0  0.0  0.0  0.0  0.0
  0.0  0.0  0.0 13.9  0.0  0.0319.4120.4 92.6 46.3  4.6  0.0  4.6  0.0  4.6
  0.0  4.6  0.0  0.0 13.9 32.4  0.0  0.0  0.0  0.0  0.0  0.0  0.0  9.3  0.0
 13.9  0.0  4.6  0.0  0.0  0.0 18.5 23.1  0.0  4.6125.0 18.5  4.6101.9  0.0
  0.0  0.0  0.0  0.0  0.0  0.0  0.0  0.0  0.0  0.0  0.0  0.0  0.0  0.0  0.0
  0.0  0.0  0.0  0.0  0.0  0.0  4.6  0.0  0.0  4.6  0.0  0.0  0.0  0.0  0.0
  0.0  0.0  0.0  0.0  4.6  0.0  0.0  0.0  0.0  0.0  0.0  0.0  0.0  0.0  0.0
  4.6  4.6  0.0  9.3  0.0  4.6  4.6  0.0  0.0  0.0  0.0  0.0  0.0  0.0  0.0
  0.0  0.0  0.0  0.0  0.0  0.0  0.0 27.8 23.1  4.6  9.3  0.0  0.0  4.6  4.6
  0.0  9.3  0.0  0.0  0.0  0.0  4.6  9.3  0.0 23.1  0.0  4.6  9.3  0.0  0.0
    -21.93     -3.14     -0.92     -6.61      2.26  0.0  0.0  0.0  0.0  0.0
                                     t000112_s19_p4_qjpp.txt 25.5  4.9  162
 24.7  0.0  0.0 61.7  0.0  0.0  0.0  6.2 43.2  6.2  0.0  0.0  0.0  6.2  0.0
  0.0  0.0 12.3  6.2  0.0  0.0259.3154.3 55.6 49.4  0.0  6.2 12.3  0.0  6.2
  0.0  0.0  0.0  0.0  6.2 43.2  6.2  0.0  0.0  0.0  0.0  0.0  0.0 12.3  6.2
  6.2  0.0 24.7 18.5  6.2 12.3  6.2 24.7  0.0  6.2 67.9 43.2  0.0111.1  0.0
  6.2  0.0  0.0  0.0  0.0  0.0  0.0  0.0  0.0  0.0  0.0  0.0  0.0  0.0  0.0
  0.0  0.0  0.0  0.0  0.0  6.2 12.3  0.0  0.0  0.0  0.0  0.0  0.0  0.0  0.0
  0.0  0.0  0.0  0.0  0.0  0.0  0.0  0.0  0.0  0.0  0.0  0.0  0.0 12.3  0.0
 18.5  0.0  0.0 18.5  0.0  0.0  0.0 12.3  0.0  0.0  0.0  0.0  0.0  0.0  0.0
  0.0  0.0  0.0  0.0  0.0  0.0  0.0 12.3 12.3 12.3 12.3  0.0  6.2  6.2  0.0
  0.0  0.0 12.3  0.0  0.0  6.2  0.0 18.5  0.0 49.4  0.0  0.0 12.3  0.0  0.0
    -11.20     -0.63     -0.21     -6.61      4.98  0.0  0.0  0.0  0.0  0.0
                                     t000112_s19_p5_qjpp.txt 32.3  5.2  193
  5.2  0.0  0.0 10.4  0.0  0.0  5.2  0.0 25.9  0.0  0.0  0.0  0.0  0.0  0.0
  0.0  0.0  5.2 10.4  0.0  0.0388.6 98.4 67.4 36.3  0.0  5.2  0.0  0.0  5.2
  0.0  0.0  0.0  0.0  0.0 36.3 20.7  0.0  0.0  0.0  0.0  0.0  0.0 10.4  0.0
  5.2  0.0  0.0  5.2  5.2  5.2 10.4 15.5  0.0  5.2 93.3 25.9  0.0 72.5  0.0
  5.2  0.0  0.0  0.0  0.0  0.0  0.0  0.0  0.0  0.0  0.0  0.0  0.0  0.0  0.0
  0.0  0.0  0.0  0.0  5.2  0.0  0.0  0.0  0.0  5.2  0.0  0.0  0.0  0.0  0.0
  5.2  0.0  0.0  0.0  5.2  0.0  0.0  0.0  0.0  0.0  0.0  0.0  5.2  5.2  0.0
  5.2  5.2  0.0 10.4  5.2  5.2 10.4 10.4  0.0  0.0  0.0  0.0  0.0  0.0  0.0
  0.0  0.0  0.0  0.0  0.0  0.0  0.0  0.0 15.5  0.0 10.4  5.2  0.0  5.2 10.4
  0.0  0.0  0.0  0.0  0.0 10.4 31.1 20.7  0.0 10.4  0.0  0.0  0.0  0.0  0.0
    -23.47     -3.54      1.50     -6.61     -0.38  0.0  0.0  0.0  0.0  0.0
                                     t000112_s19_p6_qjpp.txt 17.0  5.0   81
 12.3  0.0  0.0 37.0  0.0  0.0 12.3  0.0 24.7  0.0  0.0  0.0  0.0  0.0  0.0
  0.0  0.0 12.3  0.0  0.0  0.0407.4 86.4 49.4 37.0 12.3  0.0 12.3  0.0  0.0
  0.0  0.0  0.0  0.0  0.0 12.3  0.0  0.0  0.0  0.0  0.0  0.0  0.0  0.0  0.0
  0.0  0.0 12.3  0.0 12.3 12.3  0.0  0.0  0.0  0.0 61.7 37.0  0.0 74.1  0.0
 12.3  0.0  0.0  0.0  0.0  0.0  0.0  0.0  0.0  0.0  0.0  0.0  0.0  0.0  0.0
  0.0  0.0  0.0 12.3  0.0  0.0  0.0  0.0  0.0  0.0  0.0  0.0  0.0  0.0  0.0
  0.0  0.0  0.0  0.0  0.0  0.0  0.0  0.0  0.0  0.0  0.0  0.0  0.0  0.0  0.0
 12.3  0.0  0.0 12.3  0.0  0.0  0.0  0.0  0.0  0.0  0.0  0.0  0.0  0.0  0.0
  0.0  0.0  0.0  0.0  0.0  0.0  0.0 12.3 24.7  0.0 12.3 37.0  0.0  0.0  0.0
  0.0  0.0  0.0  0.0  0.0  0.0 12.3  0.0 12.3 12.3  0.0  0.0 12.3  0.0  0.0
    -19.51     -1.67      0.27     -6.61     -3.63  0.0  0.0  0.0  0.0  0.0
                                     t000112_s19_p7_qjpp.txt 34.5  4.9  325
 18.5  0.0  0.0 40.0  0.0  0.0  6.2  3.1 18.5  0.0  0.0  0.0  0.0  0.0  0.0
  0.0  0.0  0.0  9.2  0.0  0.0403.1104.6 70.8 30.8  0.0  0.0  0.0  0.0  0.0
  0.0  3.1  0.0  0.0  3.1  3.1  0.0  0.0  0.0  0.0  0.0  0.0  0.0  0.0  0.0
  6.2  6.2  6.2  0.0  0.0  0.0 18.5  6.2  0.0  0.0 83.1 18.5  6.2 83.1  0.0
  3.1  0.0  0.0  0.0  0.0  0.0  0.0  0.0  0.0  0.0  0.0  0.0  0.0  0.0  0.0
  0.0  0.0  0.0  0.0  0.0  6.2  0.0  0.0  0.0  0.0  0.0  0.0  0.0  0.0  0.0
  0.0  0.0  0.0  0.0  0.0  0.0  0.0  0.0  0.0  0.0  0.0  0.0  0.0  0.0  0.0
  6.2  0.0  0.0  6.2  0.0  0.0  0.0  0.0  0.0  0.0  0.0  0.0  0.0  0.0  0.0
  0.0  0.0  0.0  0.0  0.0  0.0  0.0  0.0  0.0  3.1  9.2  6.2  6.2  3.1  3.1
  0.0  3.1  0.0  0.0  0.0  0.0  3.1  9.2  0.0 36.9  0.0  0.0  9.2  0.0  0.0
    -22.60     -4.72      1.03     -6.61     -1.64  0.0  0.0  0.0  0.0  0.0
                                     t000112_s19_p8_qjpp.txt 22.3  5.1  115
  0.0  0.0  0.0 60.9  0.0  0.0  8.7  0.0 26.1  0.0  0.0  0.0  0.0  0.0  0.0
  0.0  0.0  0.0  0.0  0.0  0.0391.3121.7 34.8  8.7  0.0  8.7  0.0  0.0  0.0
  0.0  0.0  0.0  0.0 17.4  0.0  8.7  0.0  0.0  0.0  0.0  8.7  0.0  8.7  0.0
  0.0 17.4  8.7  8.7  0.0  0.0 17.4  8.7  0.0  0.0 43.5 26.1  0.0 69.6  0.0
  0.0  0.0  0.0  0.0  0.0  0.0  0.0  0.0  0.0  0.0  0.0  0.0  0.0  0.0  0.0
  0.0  0.0  0.0  0.0  0.0  8.7  8.7  0.0  0.0  0.0  0.0  0.0  0.0  0.0  0.0
  8.7  0.0  0.0  0.0  0.0  0.0  0.0  0.0  0.0  0.0  0.0  0.0  0.0  0.0  0.0
 17.4  0.0  0.0 17.4  8.7  0.0  8.7  0.0  0.0  0.0  0.0  0.0  0.0  0.0  0.0
  0.0  0.0  0.0  0.0  0.0  0.0  0.0  8.7 17.4 17.4 17.4  0.0  8.7  0.0  0.0
  0.0  0.0  0.0  0.0  0.0  8.7  0.0  8.7  0.0 17.4  0.0  8.7  0.0  0.0  0.0
    -24.57     -3.77     -4.14     -3.13     -2.31  0.0  0.0  0.0  0.0  0.0
                                     t000112_s19_p9_qjpp.txt 31.8  5.2  171
 17.5  0.0  0.0 40.9  0.0  0.0  5.8  0.0 11.7  0.0  0.0  5.8  0.0  0.0  5.8
  0.0  0.0  5.8  5.8  0.0  5.8380.1122.8 46.8 29.2  0.0  0.0  0.0  0.0  0.0
  0.0  0.0  0.0  0.0  5.8 23.4  5.8  0.0  0.0  0.0  0.0  0.0 11.7  0.0  5.8
 17.5  0.0  0.0  5.8  5.8  5.8 11.7 23.4  0.0  0.0 58.5 11.7  0.0 99.4  0.0
  0.0  0.0  0.0  0.0  0.0  0.0  0.0  0.0  0.0  0.0  0.0  0.0  0.0  0.0  0.0
  0.0  0.0  0.0  0.0  0.0  0.0  0.0  0.0  0.0  0.0  0.0  0.0  0.0  0.0  0.0
  5.8  0.0  0.0  0.0  0.0  0.0  0.0  0.0  0.0  0.0  0.0  0.0  0.0  5.8  0.0
  0.0  0.0  0.0  0.0  5.8  0.0  5.8  5.8  0.0  0.0  0.0  0.0  0.0  0.0  0.0
  0.0  0.0  0.0  0.0  0.0  0.0  0.0 17.5  0.0  0.0 35.1  0.0 11.7  0.0  0.0
  0.0  5.8  0.0  0.0  0.0  5.8  0.0 11.7  5.8 40.9  5.8  0.0  0.0  0.0  0.0
    -12.09     -4.77     -2.08     -6.61     13.84  0.0  0.0  0.0  0.0  0.0
                                      t000112_s2_p1_qjpp.txt 33.0  5.7  501
  2.0  0.0  0.0 10.0  0.0  0.0  0.0  2.0 10.0  0.0  0.0  0.0  0.0  0.0  0.0
  0.0  0.0  0.0  6.0  0.0  0.0586.8 87.8 43.9  4.0  2.0  2.0  0.0  0.0  2.0
  0.0  0.0  0.0  0.0  2.0  4.0  4.0  2.0  0.0  0.0  0.0  0.0  0.0  2.0  0.0
  0.0  0.0  0.0  0.0  0.0  2.0  6.0  2.0  0.0  2.0 51.9 12.0  0.0 20.0  0.0
  2.0  0.0  0.0  0.0  0.0  0.0  0.0  0.0  0.0  0.0  0.0  0.0  0.0  0.0  0.0
  0.0  0.0  0.0  0.0  2.0  0.0  0.0  0.0  0.0  0.0  0.0  0.0  0.0  0.0  0.0
  0.0  4.0  0.0  0.0  0.0  0.0  0.0  0.0  0.0  2.0  0.0  0.0  0.0  0.0  0.0
  2.0  0.0  0.0  2.0  4.0  0.0  6.0  0.0  0.0  0.0  0.0  0.0  0.0  0.0  0.0
  0.0  2.0  0.0  0.0  0.0  0.0  0.0  2.0  2.0  0.0  6.0  4.0  0.0  0.0  2.0
  4.0  0.0  0.0  0.0  0.0  0.0  2.0  4.0  8.0  4.0  2.0  0.0  0.0  0.0  0.0
    -32.71     -5.12      1.16     -6.13     -3.32  0.0  0.0  0.0  0.0  0.0
                                      t000112_s6_p1_qjpp.txt 29.0  5.5  158
 12.7  0.0  0.0 57.0  0.0  0.0  6.3  0.0 31.6  0.0  0.0  0.0  0.0  0.0  0.0
  0.0  0.0  0.0 19.0  0.0  0.0398.7101.3 57.0 19.0  0.0  0.0  0.0  0.0  6.3
  0.0  0.0  0.0  0.0  0.0 31.6  6.3  0.0  0.0  0.0  0.0  0.0  0.0  6.3  6.3
  6.3  0.0 12.7  0.0  0.0  0.0 19.0 19.0  0.0  6.3 82.3 31.6  0.0101.3  6.3
  0.0  0.0  0.0  0.0  0.0  0.0  0.0  0.0  0.0  0.0  0.0  0.0  0.0  0.0  0.0
  0.0  0.0  0.0  0.0  0.0 12.7  0.0  0.0  0.0  0.0  0.0  0.0  0.0  0.0  0.0
  0.0  0.0  0.0  0.0  0.0  0.0  0.0  0.0  0.0  0.0  0.0  0.0  0.0  0.0  0.0
 12.7  0.0  0.0 12.7  0.0  0.0  0.0  0.0  0.0  0.0  0.0  0.0  0.0  0.0  0.0
  0.0  0.0  0.0  0.0  0.0  0.0  0.0  0.0 12.7  6.3 31.6  0.0 31.6  0.0 12.7
  0.0  0.0  0.0  0.0  0.0  6.3  0.0  6.3  0.0  6.3  6.3  6.3 12.7  0.0  0.0
    -21.28     -5.10      2.34     -6.61      4.24  0.0  0.0  0.0  0.0  0.0
                                     t000112_s6_p10_qjpp.txt 19.0  5.1  102
  0.0  0.0  0.0127.5  0.0  0.0  9.8  0.0 19.6  0.0  0.0  0.0  0.0  0.0  0.0
  9.8  0.0  9.8  9.8  0.0  0.0284.3 88.2 49.0  0.0  0.0  9.8  0.0  0.0  0.0
  0.0  0.0  0.0  0.0  0.0 58.8 19.6 19.6  9.8  0.0  0.0  0.0 29.4 29.4  0.0
  9.8  9.8  0.0  9.8 19.6 29.4 19.6 39.2  0.0  0.0 88.2 19.6  9.8147.1  0.0
 19.6  0.0  0.0  0.0  0.0  0.0  0.0  0.0  0.0  0.0  0.0  0.0  0.0  0.0  0.0
  0.0  0.0  0.0  0.0  0.0  0.0  0.0  0.0  0.0  0.0  0.0  0.0  0.0  0.0  0.0
  0.0  0.0  0.0  0.0  0.0  9.8  0.0  9.8  0.0  0.0  0.0  0.0  0.0  0.0  0.0
  0.0  0.0  0.0  0.0  0.0 19.6 19.6  0.0  0.0  0.0  0.0  0.0  0.0  0.0  0.0
  0.0  0.0  0.0  0.0  0.0  0.0  0.0  0.0 39.2  0.0 29.4  0.0  9.8  0.0  0.0
  0.0  9.8  0.0  0.0  0.0  9.8  0.0  0.0  0.0 19.6  9.8  0.0  0.0  0.0  0.0
    -10.34     -3.84     -2.37      1.23     22.37  0.0  0.0  0.0  0.0  0.0
                                      t000112_s6_p2_qjpp.txt 33.3  5.4  213
  9.4  0.0  0.0 79.8  0.0  0.0  4.7  0.0 23.5  4.7  4.7  0.0  0.0  0.0  0.0
  0.0  0.0  9.4  9.4  0.0  0.0295.8 70.4 79.8 23.5  9.4  4.7 14.1  0.0  0.0
  0.0  0.0  0.0  0.0  0.0 42.3 14.1  0.0  0.0  4.7  4.7  4.7  9.4 28.2  0.0
  0.0 14.1 18.8 14.1  4.7 14.1 28.2 28.2  0.0  0.0108.0 32.9  0.0103.3  0.0
  4.7  0.0  0.0  0.0  0.0  0.0  0.0  0.0  0.0  0.0  0.0  0.0  0.0  0.0  0.0
  0.0  0.0  0.0  4.7  4.7  9.4  0.0  0.0  0.0  0.0  0.0  0.0  0.0  0.0  0.0
  0.0  0.0  4.7  0.0  0.0  0.0  0.0  0.0  0.0  0.0  4.7  0.0  4.7  4.7  0.0
 18.8  0.0  0.0 18.8  4.7  0.0  4.7 14.1  0.0  0.0  0.0  0.0  0.0  0.0  0.0
  0.0  0.0  0.0  0.0  0.0  0.0  0.0  4.7 14.1  9.4 32.9  9.4  9.4  0.0  0.0
  0.0  4.7  0.0  0.0  4.7  4.7  9.4  0.0 18.8 23.5  4.7  0.0  9.4  0.0  0.0
    -16.56     -1.03     -1.43     -0.36      6.51  0.0  0.0  0.0  0.0  0.0
                                      t000112_s6_p3_qjpp.txt 34.3  5.3  268
  7.5  0.0  0.0 52.2  0.0  0.0  3.7  0.0 11.2  7.5  0.0  0.0  0.0  3.7  0.0
  0.0  0.0  3.7  3.7  0.0  0.0429.1 67.2 63.4  3.7  0.0  0.0  0.0  0.0  0.0
  0.0  3.7  0.0  3.7  0.0 14.9  3.7  3.7  0.0  0.0  0.0  0.0  0.0  3.7  3.7
  3.7  0.0  3.7  3.7  7.5  7.5  7.5 11.2  0.0  0.0 82.1 11.2  0.0 63.4  0.0
  3.7  0.0  0.0  0.0  0.0  0.0  0.0  0.0  0.0  0.0  0.0  0.0  0.0  0.0  0.0
  0.0  0.0  0.0  0.0  0.0  0.0  3.7  0.0  0.0  0.0  0.0  0.0  0.0  0.0  0.0
  0.0  0.0  0.0  0.0  0.0  0.0  0.0  0.0  0.0  0.0  0.0  0.0  0.0  0.0  0.0
  3.7  0.0  0.0  3.7  0.0  0.0  0.0  0.0  0.0  0.0  0.0  0.0  0.0  0.0  0.0
  0.0  0.0  0.0  0.0  0.0  0.0  0.0  3.7 14.9  0.0  7.5  3.7  3.7  0.0  3.7
  0.0  0.0  0.0  0.0  0.0  0.0  3.7  0.0  0.0  3.7  0.0  3.7 18.7  0.0  0.0
    -21.89     -5.60      0.44     -5.72      1.01  0.0  0.0  0.0  0.0  0.0
                                      t000112_s6_p4_qjpp.txt 18.3  5.4  101
 19.8  9.9  0.0 89.1  0.0  0.0  9.9  0.0 19.8  0.0  0.0  0.0  0.0  0.0  0.0
  9.9  0.0 29.7  9.9  0.0  0.0306.9128.7 29.7 19.8  0.0  9.9 19.8  0.0  0.0
  0.0  0.0  0.0  9.9  0.0 59.4  9.9  0.0  0.0  0.0  9.9  9.9 19.8 29.7  0.0
  0.0  0.0  0.0  0.0  9.9 39.6  9.9 29.7  0.0  0.0 59.4 19.8  0.0128.7  0.0
 19.8  0.0  0.0  0.0  0.0  0.0  0.0  0.0  0.0  0.0  0.0  0.0  0.0  0.0  0.0
  0.0  0.0  0.0  9.9  0.0  0.0  0.0  0.0  0.0  0.0  0.0  0.0  0.0  0.0  0.0
  0.0  0.0  9.9  0.0  0.0  0.0  0.0  0.0  0.0  0.0  0.0  0.0  0.0  0.0  0.0
  9.9  0.0  0.0  9.9  9.9  0.0  9.9  0.0  0.0  0.0  0.0  0.0  0.0  0.0  0.0
  0.0  0.0  0.0  0.0  0.0  0.0  0.0  0.0  9.9  0.0  9.9  9.9  9.9  9.9  0.0
  0.0  9.9  0.0  0.0  0.0  0.0  0.0  9.9 19.8 29.7  9.9  0.0  0.0  0.0  0.0
     -3.48      0.49     -5.23      2.07     13.25  0.0  0.0  0.0  0.0  0.0
                                      t000112_s6_p5_qjpp.txt 37.0  5.4  223
  0.0  0.0  0.0 31.4  0.0  0.0  0.0  0.0  0.0  0.0  0.0  0.0  0.0  0.0  0.0
  0.0  0.0  0.0 13.5  0.0  0.0376.7 98.7 85.2  4.5  0.0  0.0  0.0  0.0  0.0
  0.0  4.5  0.0  0.0  4.5 17.9  9.0  4.5  0.0  0.0  0.0  4.5  4.5  4.5  0.0
 13.5  0.0  0.0  0.0  4.5  4.5 17.9 17.9  0.0  0.0134.5  0.0  0.0 58.3  0.0
  0.0  0.0  0.0  0.0  0.0  0.0  0.0  0.0  0.0  0.0  0.0  0.0  0.0  0.0  0.0
  0.0  0.0  0.0  0.0  0.0  0.0  0.0  4.5  0.0  0.0  0.0  0.0  0.0  4.5  0.0
  0.0  4.5  0.0  0.0  0.0  0.0  0.0  0.0  4.5  0.0  0.0  0.0  0.0  0.0  0.0
  0.0  4.5  4.5  9.0  4.5  4.5  9.0  0.0  0.0  0.0  0.0  0.0  0.0  0.0  0.0
  0.0  0.0  0.0  0.0  0.0  0.0  0.0  9.0  4.5  0.0 31.4  4.5  4.5  4.5  4.5
  0.0  0.0  0.0  0.0  0.0 13.5  4.5  9.0  0.0 17.9  0.0  0.0  4.5  0.0  0.0
    -27.45     -5.58      0.30     -3.74      4.20  0.0  0.0  0.0  0.0  0.0
                                      t000112_s6_p6_qjpp.txt 20.3  5.9   91
  0.0  0.0  0.0 98.9  0.0  0.0  0.0  0.0  0.0  0.0  0.0  0.0  0.0  0.0  0.0
  0.0  0.0  0.0 22.0  0.0  0.0406.6 98.9109.9  0.0 11.0 11.0  0.0  0.0  0.0
  0.0  0.0  0.0  0.0  0.0 33.0 11.0 11.0  0.0  0.0  0.0  0.0  0.0  0.0  0.0
 11.0 11.0  0.0 11.0  0.0 11.0 33.0 11.0  0.0  0.0109.9 11.0  0.0142.9 22.0
 11.0  0.0  0.0  0.0  0.0  0.0  0.0  0.0  0.0  0.0  0.0  0.0  0.0  0.0  0.0
  0.0  0.0  0.0  0.0  0.0  0.0  0.0  0.0  0.0  0.0  0.0  0.0  0.0  0.0  0.0
  0.0  0.0  0.0  0.0  0.0  0.0  0.0  0.0  0.0  0.0  0.0  0.0  0.0  0.0  0.0
  0.0  0.0  0.0  0.0  0.0  0.0  0.0  0.0  0.0  0.0  0.0  0.0  0.0  0.0  0.0
  0.0  0.0  0.0  0.0  0.0  0.0  0.0 11.0 11.0 11.0 11.0  0.0 11.0  0.0 22.0
  0.0 11.0  0.0  0.0 11.0  0.0 11.0 22.0  0.0 22.0  0.0  0.0 11.0  0.0  0.0
    -27.28     -3.13     -0.90     -3.99     -0.08  0.0  0.0 11.0  0.0  0.0
                                      t000112_s6_p7_qjpp.txt 36.3  5.4  322
  6.2  0.0  0.0 21.7  0.0  0.0  6.2  3.1  9.3  3.1  0.0  0.0  0.0  0.0  0.0
  0.0  0.0  6.2 12.4  0.0  0.0475.2 90.1 49.7  9.3  0.0  3.1  0.0  0.0  0.0
  3.1  6.2  0.0  0.0  3.1 18.6  3.1  0.0  0.0  0.0  0.0  0.0  0.0  6.2  0.0
  3.1  0.0  6.2  3.1  0.0  6.2 18.6  9.3  0.0  3.1 71.4  9.3  0.0 40.4  0.0
  0.0  0.0  0.0  0.0  0.0  0.0  0.0  0.0  0.0  0.0  0.0  0.0  0.0  0.0  0.0
  0.0  0.0  0.0  0.0  0.0  3.1  3.1  3.1  0.0  0.0  0.0  0.0  0.0  0.0  0.0
  3.1  0.0  0.0  0.0  0.0  0.0  0.0  0.0  3.1  0.0  0.0  0.0  0.0  0.0  0.0
  6.2  3.1  0.0  9.3  3.1  3.1  6.2  0.0  0.0  0.0  0.0  0.0  0.0  0.0  0.0
  0.0  0.0  0.0  0.0  0.0  0.0  0.0  3.1 12.4  0.0 12.4  6.2  0.0  3.1  0.0
  0.0  0.0  0.0  0.0  0.0  3.1  0.0  0.0  0.0 12.4  0.0  6.2  3.1  0.0  0.0
    -23.30     -4.82      4.13     -6.61     -1.68  0.0  0.0  0.0  0.0  0.0
                                      t000112_s6_p8_qjpp.txt 30.5  5.4  171
 11.7  0.0  0.0 46.8  0.0  0.0  5.8  0.0  5.8  0.0  5.8  0.0  0.0  0.0  0.0
  5.8  0.0 11.7 11.7  0.0  0.0409.4146.2 81.9 17.5  0.0  5.8  0.0  0.0  0.0
  0.0  0.0  0.0  0.0 11.7 17.5 11.7  0.0  0.0  0.0  0.0  0.0  0.0 11.7  0.0
  0.0  5.8  5.8  0.0  5.8 11.7 17.5 11.7  0.0  0.0 93.6  5.8  0.0 76.0  0.0
  5.8  0.0  0.0  0.0  0.0  0.0  0.0  0.0  0.0  0.0  0.0  0.0  0.0  0.0  0.0
  0.0  0.0  0.0  0.0  0.0  5.8  0.0  0.0  0.0  0.0  0.0  0.0  0.0  0.0  0.0
  0.0  5.8  0.0  0.0  0.0  0.0  0.0  0.0  0.0  0.0  0.0  0.0  0.0  0.0  0.0
  5.8  0.0  0.0  5.8  5.8  0.0  5.8  0.0  0.0  0.0  0.0  0.0  0.0  0.0  0.0
  0.0  0.0  0.0  0.0  0.0  0.0  0.0  0.0 35.1  0.0  5.8  5.8 11.7  0.0 17.5
 11.7  5.8  0.0  0.0  0.0 11.7  0.0  5.8  0.0 23.4  0.0  0.0 11.7  0.0  0.0
    -21.25     -4.03     -3.46     -6.61     -1.85  0.0  0.0  0.0  0.0  0.0
                                      t000112_s6_p9_qjpp.txt 35.3  5.5  399
  0.0  0.0  0.0 22.6  0.0  0.0  2.5  0.0  0.0  5.0  0.0  0.0  0.0  0.0  0.0
  0.0  0.0  2.5 10.0  0.0  0.0486.2 82.7 72.7  2.5  0.0  0.0  0.0  0.0  2.5
  0.0  2.5  0.0  2.5  2.5 15.0  0.0  0.0  0.0  0.0  0.0  0.0  2.5  0.0  0.0
  0.0  0.0  0.0  0.0  2.5  2.5 12.5  0.0  0.0  2.5 87.7  0.0  0.0 35.1  7.5
  2.5  0.0  0.0  0.0  0.0  0.0  0.0  0.0  0.0  0.0  0.0  0.0  0.0  0.0  0.0
  0.0  0.0  0.0  0.0  0.0  0.0  0.0  0.0  0.0  0.0  0.0  0.0  0.0  0.0  0.0
  0.0  0.0  0.0  0.0  0.0  0.0  0.0  0.0  0.0  2.5  0.0  0.0  0.0  0.0  0.0
  0.0  0.0  0.0  0.0  0.0  0.0  2.5  0.0  0.0  0.0  0.0  0.0  0.0  0.0  0.0
  0.0  0.0  0.0  0.0  0.0  0.0  0.0  0.0 10.0  0.0 22.6  2.5 10.0  2.5  5.0
  2.5  0.0  7.5  0.0  0.0  0.0 10.0  5.0  0.0  2.5  2.5  2.5  0.0  0.0  0.0
    -28.48     -5.65      0.85     -6.61     -2.06  0.0  2.5  2.5  0.0  0.0
                                      t000112_s8_p1_qjpp.txt 34.3  5.1  310
  0.0  0.0  0.0 35.5  0.0  0.0  0.0  3.2  6.5  6.5  3.2  0.0  0.0  0.0  0.0
  0.0  0.0  3.2  0.0  0.0  0.0419.4 96.8 51.6  6.5  0.0 16.1  0.0  0.0  0.0
  0.0  3.2  0.0  6.5  0.0 16.1  0.0  0.0  0.0  0.0  0.0  6.5  3.2  6.5  0.0
  3.2  3.2  0.0  9.7  9.7  3.2  6.5  9.7  0.0  0.0 71.0  6.5  3.2 48.4  0.0
  3.2  6.5  0.0  0.0  0.0  0.0  0.0  0.0  0.0  0.0  0.0  0.0  0.0  0.0  0.0
  0.0  0.0  0.0  0.0  0.0  0.0  0.0  0.0  6.5  0.0  0.0  0.0  0.0  0.0  0.0
  0.0  0.0  0.0  0.0  0.0  0.0  0.0  0.0  0.0  0.0  0.0  0.0  0.0  0.0  0.0
  0.0  6.5  0.0  6.5  0.0  0.0  0.0  0.0  0.0  0.0  0.0  0.0  0.0  0.0  0.0
  0.0  0.0  0.0  0.0  0.0  0.0  0.0  6.5  3.2  6.5 19.4  0.0  0.0  0.0 12.9
  3.2  3.2  0.0  0.0  0.0  0.0  3.2  0.0  0.0  3.2  3.2  0.0  6.5  3.2  0.0
    -25.63     -2.41     -0.59     -4.02      0.41  3.2  0.0  0.0  3.2  0.0
                                      t000112_s8_p2_qjpp.txt 35.3  5.4  437
  4.6  0.0  0.0 29.7  0.0  0.0  2.3  0.0  0.0  2.3  0.0  0.0  0.0  0.0  0.0
  0.0  0.0  0.0  9.2  0.0  0.0466.8 77.8 73.2  4.6  9.2  2.3  0.0  0.0  0.0
  0.0  2.3  0.0  0.0  2.3  9.2  2.3  2.3  0.0  0.0  0.0  0.0  0.0  0.0  0.0
  0.0  2.3  0.0  2.3  2.3  2.3 13.7  0.0  0.0  0.0 84.7  9.2  2.3 41.2  2.3
  0.0  0.0  0.0  0.0  0.0  0.0  0.0  0.0  0.0  0.0  0.0  0.0  0.0  0.0  0.0
  0.0  0.0  0.0  0.0  0.0  0.0  0.0  0.0  0.0  0.0  0.0  0.0  0.0  0.0  0.0
  0.0  0.0  0.0  0.0  0.0  0.0  0.0  0.0  0.0  2.3  0.0  0.0  0.0  0.0  0.0
  0.0  0.0  0.0  0.0  0.0  0.0  2.3  0.0  0.0  0.0  0.0  0.0  0.0  0.0  0.0
  0.0  0.0  0.0  0.0  0.0  0.0  0.0  2.3  6.9  2.3 13.7  6.9  0.0  2.3 11.4
  2.3  0.0  2.3  0.0  0.0  2.3  4.6  4.6  0.0  2.3  4.6  2.3  4.6  0.0  0.0
    -28.39     -4.73      0.63     -6.06     -3.63  0.0  0.0  0.0  0.0  0.0
                                      t000112_s8_p3_qjpp.txt 34.0  5.1  687
  1.5  0.0  0.0 32.0  0.0  0.0  1.5  1.5  0.0  0.0  0.0  0.0  0.0  0.0  0.0
  0.0  0.0  4.4  2.9  0.0  0.0462.9 83.0 64.0  7.3  4.4  1.5  0.0  0.0  1.5
  2.9  2.9  0.0  0.0  0.0 10.2  2.9  0.0  1.5  0.0  0.0  2.9  2.9  7.3  0.0
  0.0  0.0  0.0  1.5  0.0  4.4  5.8  7.3  0.0  4.4 75.7  4.4  1.5 43.7  0.0
  0.0  0.0  0.0  0.0  0.0  0.0  0.0  0.0  0.0  0.0  0.0  0.0  0.0  0.0  0.0
  0.0  0.0  0.0  0.0  1.5  1.5  0.0  0.0  0.0  0.0  0.0  0.0  0.0  0.0  0.0
  2.9  0.0  0.0  0.0  0.0  0.0  0.0  0.0  0.0  0.0  0.0  0.0  0.0  0.0  0.0
  2.9  0.0  0.0  2.9  2.9  0.0  2.9  0.0  0.0  0.0  0.0  0.0  0.0  0.0  0.0
  0.0  0.0  0.0  0.0  0.0  0.0  0.0  2.9  8.7  2.9 10.2  7.3  1.5  1.5  4.4
  4.4  0.0  0.0  0.0  0.0  2.9  2.9  7.3  0.0  5.8  0.0  1.5  4.4  0.0  0.0
    -27.46     -5.01      4.85     -4.97     -0.70  0.0  0.0  0.0  0.0  0.0
                                      t000112_s8_p4_qjpp.txt 37.3  5.6  342
 26.3  0.0  0.0 43.9  0.0  0.0  2.9  0.0 23.4  0.0  0.0  0.0  0.0  0.0  0.0
  0.0  0.0  2.9 14.6  0.0  0.0424.0102.3 81.9 29.2  0.0  2.9  0.0  0.0  2.9
  0.0  0.0  0.0  2.9 11.7 14.6 11.7  0.0  0.0  0.0  0.0  0.0  0.0  2.9  2.9
  0.0  8.8  0.0  2.9  5.8  2.9 23.4  5.8  0.0  2.9102.3 23.4  0.0 87.7  2.9
  2.9  0.0  0.0  0.0  0.0  0.0  0.0  0.0  0.0  0.0  0.0  0.0  0.0  0.0  0.0
  0.0  0.0  0.0  0.0  0.0  0.0  0.0  2.9  0.0  0.0  0.0  0.0  0.0  0.0  0.0
  0.0  0.0  0.0  0.0  0.0  2.9  0.0  0.0  0.0  0.0  0.0  0.0  0.0  2.9  0.0
  0.0  2.9  0.0  2.9  0.0  2.9  2.9  2.9  0.0  0.0  0.0  0.0  0.0  0.0  0.0
  0.0  0.0  0.0  0.0  0.0  0.0  0.0  2.9 17.5 14.6 40.9  8.8 11.7  2.9  8.8
  0.0  2.9  0.0  0.0  0.0  5.8  0.0  8.8  0.0 11.7  5.8  5.8 14.6  2.9  0.0
    -23.75     -4.20     -2.67     -6.61     -0.93  0.0  0.0  0.0  0.0  0.0
                                      t000113_s1_p1_qjpp.txt 25.5  5.8  152
  6.6  0.0  0.0 65.8  0.0  0.0  0.0  0.0 13.2  0.0  0.0  0.0  0.0  0.0  0.0
  0.0  0.0  6.6  0.0  0.0  0.0381.6138.2 72.4 26.3  0.0  6.6  6.6  0.0  0.0
  6.6  0.0  0.0  0.0  6.6 32.9 13.2  0.0  0.0  0.0  0.0  6.6  6.6 19.7  0.0
  0.0  0.0  6.6  0.0  0.0  6.6  0.0 19.7  0.0  6.6 92.1 13.2  0.0138.2 32.9
  6.6  0.0  0.0  0.0  0.0  0.0  0.0  0.0  0.0  0.0  0.0  0.0  0.0  0.0  0.0
  0.0  0.0  0.0  0.0  0.0  6.6  6.6  0.0  0.0  0.0  0.0  0.0  0.0  0.0  0.0
  6.6  0.0  6.6  0.0  0.0  0.0  0.0  0.0  0.0  0.0  0.0  0.0  0.0  0.0  0.0
 13.2  0.0  0.0 13.2 13.2  0.0 13.2  0.0  0.0  0.0  0.0  0.0  0.0  0.0  0.0
  0.0  0.0  0.0  0.0  0.0  0.0  0.0  0.0 13.2 19.7 46.1 32.9  6.6  0.0 26.3
  0.0  0.0  0.0  0.0  0.0  0.0  6.6 26.3 13.2 13.2  6.6 19.7  6.6  0.0  0.0
    -28.30     -2.38      3.15     -3.97      3.48  0.0  0.0  6.6  0.0  0.0
                                     t000113_s14_p1_qjpp.txt 15.0  5.5   75
  0.0  0.0  0.0 13.3  0.0  0.0  0.0  0.0  0.0  0.0  0.0  0.0  0.0  0.0  0.0
  0.0  0.0  0.0  0.0  0.0  0.0666.7 66.7 66.7 13.3  0.0  0.0  0.0  0.0  0.0
  0.0  0.0  0.0  0.0  0.0 13.3  0.0  0.0  0.0  0.0  0.0  0.0  0.0  0.0  0.0
 13.3  0.0  0.0  0.0  0.0  0.0  0.0 13.3  0.0  0.0 66.7  0.0  0.0 53.3  0.0
  0.0  0.0  0.0  0.0  0.0  0.0  0.0  0.0  0.0  0.0  0.0  0.0  0.0  0.0  0.0
  0.0  0.0  0.0  0.0  0.0  0.0  0.0  0.0  0.0  0.0  0.0  0.0  0.0  0.0  0.0
  0.0  0.0  0.0  0.0  0.0  0.0  0.0  0.0  0.0  0.0  0.0  0.0  0.0  0.0  0.0
  0.0  0.0  0.0  0.0  0.0  0.0  0.0  0.0  0.0  0.0  0.0  0.0  0.0  0.0  0.0
  0.0  0.0  0.0  0.0  0.0  0.0  0.0  0.0  0.0 13.3  0.0 13.3  0.0  0.0  0.0
  0.0  0.0 13.3  0.0  0.0  0.0 13.3 26.7  0.0  0.0  0.0  0.0  0.0  0.0  0.0
    -36.96     -5.29      0.22     -6.61      0.67  0.0  0.0  0.0  0.0  0.0
                                    t000113_s14_p10_qjpp.txt 31.8  4.7  213
  4.7  0.0  0.0 37.6  0.0  0.0  4.7  0.0 32.9  0.0  0.0  0.0  0.0  0.0  0.0
  0.0  0.0  0.0  9.4  0.0  4.7403.8103.3 51.6 18.8  0.0  4.7  0.0  0.0  0.0
  0.0  0.0  0.0  4.7  4.7 23.5 18.8  0.0  0.0  0.0  0.0  4.7  9.4 18.8  0.0
  0.0  0.0  0.0  0.0  0.0  0.0  9.4 18.8  0.0  0.0 65.7 32.9  0.0 79.8  0.0
  0.0  0.0  0.0  0.0  0.0  0.0  0.0  0.0  0.0  0.0  0.0  0.0  0.0  0.0  0.0
  0.0  0.0  0.0  0.0  0.0  0.0  4.7  0.0  0.0  0.0  0.0  0.0  0.0  0.0  0.0
  4.7  0.0  0.0  0.0  0.0  0.0  0.0  0.0  0.0  0.0  4.7  0.0  0.0  0.0  0.0
  4.7  0.0  0.0  4.7  4.7  0.0  4.7  4.7  0.0  0.0  0.0  0.0  0.0  0.0  0.0
  0.0  0.0  0.0  0.0  0.0  0.0  0.0  0.0 18.8  4.7 65.7 18.8 18.8 28.2 14.1
  0.0  0.0  0.0  0.0  0.0  0.0  0.0  9.4 14.1 18.8  0.0  0.0  4.7  0.0  0.0
    -21.17     -4.21     -3.08     -4.73      5.09  4.7  0.0  0.0  0.0  0.0
                                    t000113_s14_p11_qjpp.txt 12.0  4.3   66
  0.0  0.0  0.0 45.5  0.0  0.0  0.0  0.0 45.5 15.2  0.0  0.0  0.0  0.0  0.0
  0.0  0.0  0.0 15.2  0.0  0.0318.2166.7 45.5 45.5  0.0  0.0  0.0  0.0  0.0
  0.0  0.0  0.0  0.0  0.0 15.2  0.0  0.0 15.2  0.0  0.0  0.0 15.2  0.0  0.0
  0.0  0.0  0.0  0.0  0.0  0.0 15.2  0.0  0.0  0.0 45.5 45.5  0.0 90.9  0.0
  0.0  0.0  0.0  0.0  0.0  0.0  0.0  0.0  0.0  0.0  0.0  0.0  0.0  0.0  0.0
  0.0  0.0  0.0  0.0  0.0  0.0  0.0  0.0  0.0  0.0  0.0  0.0  0.0  0.0  0.0
  0.0  0.0  0.0  0.0  0.0  0.0  0.0  0.0  0.0  0.0  0.0  0.0  0.0  0.0  0.0
  0.0  0.0  0.0  0.0  0.0  0.0  0.0  0.0  0.0  0.0  0.0  0.0  0.0  0.0  0.0
  0.0  0.0  0.0  0.0  0.0  0.0  0.0  0.0  0.0  0.0 45.5  0.0 15.2 15.2 60.6
  0.0  0.0  0.0  0.0  0.0  0.0  0.0  0.0  0.0 30.3  0.0  0.0 15.2  0.0  0.0
    -19.00     -4.23      0.11     -1.72      5.84  0.0  0.0  0.0  0.0  0.0
                                    t000113_s14_p12_qjpp.txt 34.3  5.0  357
  0.0  0.0  0.0 36.4  0.0  0.0  8.4  0.0 22.4  0.0  2.8  0.0  0.0  0.0  0.0
  0.0  0.0  5.6  2.8  0.0  0.0347.3114.8 44.8 33.6  0.0  5.6  0.0  0.0  0.0
  0.0  0.0  0.0  5.6  0.0 16.8  5.6  0.0  0.0  0.0  0.0  0.0  8.4  8.4  0.0
  2.8 11.2  2.8  0.0  5.6  5.6 14.0 11.2  0.0  0.0 67.2 22.4  0.0 89.6  2.8
  2.8  0.0  0.0  0.0  0.0  0.0  0.0  0.0  0.0  0.0  0.0  0.0  0.0  0.0  0.0
  0.0  0.0  0.0  0.0  0.0  0.0  0.0  0.0  2.8  0.0  0.0  0.0  0.0  0.0  0.0
  0.0  0.0  0.0  0.0  0.0  0.0  0.0  0.0  0.0  0.0  0.0  0.0  0.0  0.0  0.0
  0.0  2.8  0.0  2.8  0.0  0.0  0.0  0.0  0.0  0.0  0.0  0.0  0.0  0.0  0.0
  0.0  0.0  0.0  0.0  0.0  0.0  0.0  0.0 22.4  8.4 25.2  8.4 14.0  0.0  8.4
  0.0  0.0  0.0  0.0  0.0  2.8  0.0 16.8  2.8  5.6  0.0  0.0  0.0  0.0  0.0
    -21.68     -3.54     -1.58     -6.61      3.80  0.0  0.0  0.0  0.0  0.0
                                    t000113_s14_p13_qjpp.txt 23.0  4.8  134
  7.5  0.0  0.0 37.3  0.0  0.0  0.0  0.0 22.4  0.0  0.0  7.5  0.0  0.0  0.0
  0.0  0.0  0.0  0.0  0.0  0.0320.9126.9 74.6 44.8  0.0  0.0  0.0  0.0  0.0
  0.0  0.0  0.0  0.0  0.0  7.5 14.9  0.0  0.0  0.0  0.0  0.0  0.0  0.0  0.0
 14.9  0.0  7.5  0.0  7.5  0.0  7.5 14.9  0.0  0.0111.9 22.4  0.0126.9  0.0
  0.0  0.0  0.0  0.0  0.0  0.0  0.0  0.0  0.0  0.0  0.0  0.0  0.0  0.0  0.0
  0.0  0.0  0.0  0.0  7.5  0.0  0.0  0.0  0.0  0.0  0.0  0.0  0.0  0.0  0.0
  7.5  0.0  0.0  0.0  7.5  7.5  0.0  0.0  0.0  0.0  0.0  0.0  0.0  0.0  0.0
  7.5  0.0  0.0  7.5  7.5 14.9 22.4  0.0  0.0  0.0  0.0  0.0  0.0  0.0  0.0
  0.0  0.0  0.0  0.0  0.0  0.0  0.0  0.0 44.8  7.5 67.2 37.3  0.0 37.3  0.0
  0.0  0.0  0.0  0.0  0.0  0.0  0.0 22.4  0.0  0.0  7.5  0.0  7.5  7.5  0.0
    -21.72     -4.25      0.55     -6.61      1.19  0.0  0.0  0.0  0.0  0.0
                                    t000113_s14_p14_qjpp.txt 32.5  4.8  196
 10.2  0.0  0.0 30.6  0.0  0.0  5.1  5.1  5.1  0.0  5.1  0.0  0.0  0.0  0.0
  0.0  0.0  5.1  5.1  0.0  0.0418.4 81.6 40.8 35.7  0.0  5.1  0.0  0.0 15.3
  0.0  0.0  0.0  0.0  0.0 20.4  5.1  0.0  0.0  0.0  0.0  5.1  5.1 10.2  0.0
  0.0  0.0  0.0  0.0  0.0  5.1  5.1 10.2  0.0 15.3 45.9  5.1  0.0 71.4  0.0
  5.1  0.0  0.0  0.0  0.0  0.0  0.0  0.0  0.0  0.0  0.0  0.0  0.0  0.0  0.0
  0.0  0.0  0.0  0.0  0.0  0.0  0.0  0.0  0.0  0.0  0.0  0.0  0.0  0.0  0.0
  0.0  0.0  0.0  0.0  0.0  0.0  0.0  0.0  0.0  0.0  0.0  0.0  0.0  0.0  0.0
  0.0  0.0  0.0  0.0  0.0  0.0  0.0  0.0  0.0  0.0  0.0  0.0  0.0  0.0  0.0
  0.0  0.0  0.0  0.0  0.0  0.0  0.0  0.0  0.0  0.0 51.0  5.1  0.0  0.0  0.0
  0.0  0.0  0.0  0.0  0.0  0.0  5.1  5.1  0.0 15.3  0.0  0.0 15.3  0.0  0.0
    -20.53     -3.57      7.47     -4.56      1.11  5.1  0.0  0.0  0.0  0.0
                                    t000113_s14_p15_qjpp.txt  7.0  5.6   30
 66.7  0.0  0.0100.0  0.0  0.0  0.0  0.0  0.0  0.0  0.0  0.0  0.0  0.0  0.0
  0.0  0.0  0.0  0.0  0.0  0.0333.3 66.7133.3 33.3  0.0  0.0  0.0  0.0  0.0
  0.0  0.0  0.0  0.0  0.0 33.3  0.0  0.0  0.0 33.3  0.0  0.0 33.3 33.3  0.0
  0.0  0.0  0.0  0.0  0.0  0.0 33.3 33.3  0.0  0.0166.7  0.0  0.0133.3  0.0
  0.0  0.0  0.0  0.0  0.0  0.0  0.0  0.0  0.0  0.0  0.0  0.0  0.0  0.0  0.0
  0.0  0.0  0.0  0.0  0.0  0.0  0.0  0.0  0.0  0.0  0.0  0.0  0.0  0.0  0.0
  0.0  0.0  0.0  0.0  0.0  0.0  0.0  0.0  0.0  0.0  0.0  0.0  0.0  0.0  0.0
  0.0  0.0  0.0  0.0  0.0  0.0  0.0  0.0  0.0  0.0  0.0  0.0  0.0  0.0  0.0
  0.0  0.0  0.0  0.0  0.0  0.0  0.0  0.0  0.0  0.0 33.3  0.0  0.0  0.0  0.0
  0.0  0.0  0.0  0.0  0.0  0.0  0.0  0.0 33.3 33.3  0.0  0.0 33.3  0.0  0.0
    -22.39     -4.63     -0.92      8.55     22.26  0.0  0.0  0.0  0.0  0.0
                                     t000113_s14_p2_qjpp.txt  4.5  6.1   20
  0.0  0.0  0.0100.0  0.0  0.0  0.0  0.0  0.0  0.0  0.0  0.0  0.0  0.0  0.0
  0.0  0.0  0.0  0.0  0.0  0.0400.0100.0  0.0  0.0  0.0  0.0  0.0  0.0  0.0
  0.0  0.0  0.0  0.0  0.0  0.0  0.0 50.0  0.0  0.0 50.0  0.0  0.0 50.0 50.0
  0.0  0.0  0.0  0.0  0.0100.0  0.0100.0  0.0  0.0  0.0  0.0  0.0100.0  0.0
  0.0  0.0  0.0  0.0  0.0  0.0  0.0  0.0  0.0  0.0  0.0  0.0  0.0  0.0  0.0
  0.0  0.0  0.0  0.0  0.0  0.0  0.0  0.0  0.0  0.0  0.0  0.0  0.0  0.0  0.0
  0.0  0.0  0.0  0.0  0.0  0.0  0.0  0.0  0.0  0.0  0.0  0.0  0.0  0.0  0.0
  0.0  0.0  0.0  0.0  0.0  0.0  0.0  0.0  0.0  0.0  0.0  0.0  0.0  0.0  0.0
  0.0  0.0  0.0  0.0  0.0  0.0  0.0  0.0  0.0  0.0100.0  0.0 50.0  0.0  0.0
  0.0  0.0  0.0  0.0  0.0  0.0  0.0  0.0  0.0  0.0  0.0  0.0  0.0  0.0  0.0
    -26.23     -5.73      0.97     29.11     42.41  0.0  0.0  0.0  0.0  0.0
                                     t000113_s14_p3_qjpp.txt 22.0  4.9  111
  0.0  0.0  0.0  9.0  0.0  0.0  0.0  0.0  0.0  0.0  0.0  0.0  0.0  0.0  0.0
  0.0  0.0  0.0  9.0  0.0  0.0414.4126.1 72.1 45.0  0.0  0.0  0.0  0.0  0.0
  0.0  0.0  0.0  0.0  9.0  9.0  0.0  0.0  0.0  0.0  0.0  0.0  0.0 18.0  9.0
  0.0  0.0  0.0  0.0  0.0  0.0  9.0 27.0  0.0  0.0 81.1  0.0  9.0 72.1  9.0
  0.0  0.0  0.0  0.0  0.0  0.0  0.0  0.0  0.0  0.0  0.0  0.0  0.0  0.0  0.0
  0.0  0.0  0.0  0.0  0.0  0.0  0.0  0.0  0.0  0.0  0.0  0.0  0.0  0.0  0.0
  0.0  0.0  0.0  0.0  0.0  0.0  0.0  0.0  0.0  0.0  0.0  0.0  0.0  0.0  0.0
  0.0  0.0  0.0  0.0  0.0  0.0  0.0  0.0  0.0  0.0  0.0  0.0  0.0  0.0  0.0
  0.0  9.0  0.0  0.0  0.0  0.0  0.0  0.0 18.0  0.0  9.0 36.0  0.0  9.0  0.0
  0.0  9.0  0.0  0.0  0.0  0.0  0.0 36.0  0.0  9.0  0.0  0.0  0.0  0.0  0.0
    -29.25     -4.25     -2.19     -6.61      6.03  9.0  0.0  0.0  0.0  0.0
                                     t000113_s14_p4_qjpp.txt 31.3  5.0  249
  8.0  0.0  0.0 16.1  0.0  0.0  0.0  0.0  0.0  4.0  0.0  0.0  0.0  0.0  0.0
  0.0  0.0  0.0  4.0  0.0  0.0413.7100.4 56.2 48.2  8.0  0.0  0.0  0.0  0.0
  4.0  0.0  0.0  0.0  0.0 16.1  8.0  4.0  0.0  0.0  0.0  8.0  0.0 24.1  8.0
  4.0  0.0  0.0  0.0  4.0  4.0  4.0 36.1  0.0  4.0 60.2  8.0  4.0 84.3  8.0
  4.0  0.0  0.0  0.0  0.0  0.0  0.0  0.0  0.0  0.0  0.0  0.0  0.0  0.0  0.0
  0.0  0.0  0.0  0.0  8.0  0.0  0.0  0.0  0.0  0.0  0.0  0.0  0.0  4.0  0.0
  0.0  0.0  8.0  0.0  0.0  0.0  0.0  0.0  0.0  0.0  0.0  0.0  0.0  0.0  0.0
  8.0  0.0  4.0 12.0  8.0  0.0  8.0  0.0  0.0  0.0  0.0  0.0  0.0  0.0  0.0
  0.0  0.0  0.0  0.0  0.0  0.0  0.0  4.0 24.1  4.0 36.1 12.0 12.0  0.0  4.0
  0.0  4.0  0.0  4.0  0.0  0.0  0.0  8.0  0.0  8.0 12.0  0.0  8.0  4.0  0.0
    -27.09     -3.79      3.71     -2.44      7.50  0.0  0.0  0.0  0.0  0.0
                                     t000113_s14_p5_qjpp.txt 18.3  4.7  113
  0.0  0.0  0.0 26.5  0.0  0.0  0.0  0.0  8.8  8.8  0.0  0.0  0.0  0.0  0.0
  0.0  0.0  0.0 17.7  0.0  0.0318.6150.4 35.4 44.2  0.0  0.0  0.0  0.0  0.0
  0.0  0.0  0.0  0.0  8.8 26.5  0.0  8.8  0.0  0.0  0.0  0.0  8.8 17.7  8.8
  8.8  0.0  0.0  0.0  0.0  8.8 17.7 35.4  0.0  0.0 35.4  8.8  0.0 97.3  8.8
  0.0  0.0  0.0  0.0  0.0  0.0  0.0  0.0  0.0  0.0  0.0  0.0  0.0  0.0  0.0
  0.0  0.0  0.0  0.0  0.0  0.0  0.0  0.0  0.0  0.0  0.0  0.0  0.0  0.0  0.0
  0.0  8.8  0.0  0.0  0.0  0.0  0.0  0.0  0.0  0.0  0.0  0.0  0.0  0.0  0.0
  0.0  0.0  0.0  0.0  8.8  0.0  8.8  0.0  0.0  0.0  0.0  0.0  0.0  0.0  0.0
  0.0  0.0  0.0  0.0  0.0  0.0  0.0  0.0 17.7  0.0 44.2 17.7  8.8  8.8  0.0
  0.0  0.0  0.0  0.0  0.0  8.8  0.0  0.0  0.0  0.0  0.0  8.8 17.7  0.0  0.0
    -21.18     -4.27     -3.14     -4.50     14.25  0.0  0.0  0.0  0.0  0.0
                                     t000113_s14_p6_qjpp.txt 28.8  4.9  184
  5.4  0.0  0.0 21.7  0.0  0.0  0.0  0.0 16.3  0.0  5.4  0.0  0.0  0.0  0.0
  0.0  0.0  0.0 10.9  0.0  0.0309.8130.4 27.2 76.1  0.0  5.4  5.4  0.0  0.0
  0.0  0.0  0.0  0.0  0.0 27.2 16.3  5.4  0.0  0.0  0.0  0.0 10.9  5.4  0.0
  5.4  0.0 10.9  0.0  5.4  5.4 10.9 10.9  0.0  0.0 54.3 16.3  5.4119.6  5.4
  0.0  0.0  0.0  0.0  0.0  0.0  0.0  0.0  0.0  0.0  0.0  0.0  0.0  0.0  0.0
  0.0  0.0  0.0  0.0  5.4  0.0  0.0  0.0  0.0  0.0  0.0  0.0  0.0  0.0  0.0
  0.0  0.0  0.0  0.0  0.0  0.0  0.0  0.0  0.0  0.0  0.0  0.0  0.0  0.0  0.0
  5.4  0.0  0.0  5.4  0.0  0.0  0.0  0.0  0.0  0.0  0.0  0.0  0.0  0.0  0.0
  0.0  0.0  0.0  0.0  0.0  0.0  0.0  0.0 27.2  0.0 32.6  5.4  0.0 10.9  0.0
  0.0  0.0  0.0  0.0  0.0  0.0  0.0  5.4  0.0  0.0 16.3 10.9 10.9  0.0  0.0
    -21.71     -1.17     -0.57     -5.31      5.74  0.0  0.0  0.0  0.0  0.0
                                     t000113_s14_p7_qjpp.txt 36.8  4.9  271
  3.7  3.7  0.0  7.4  0.0  0.0  0.0  0.0 25.8  0.0  0.0  0.0  0.0  0.0  0.0
  0.0  0.0  0.0  3.7  0.0  0.0431.7 92.3 51.7 40.6  0.0  3.7 11.1  0.0  0.0
  0.0  0.0  0.0  3.7  0.0 11.1  0.0  0.0  0.0  0.0  0.0  3.7  0.0  7.4  0.0
  0.0  0.0  0.0  0.0  0.0  0.0  3.7  7.4  0.0  0.0 62.7 25.8  0.0 73.8 11.1
  0.0  0.0  0.0  0.0  0.0  0.0  0.0  0.0  0.0  0.0  0.0  0.0  0.0  0.0  0.0
  0.0  0.0  0.0  0.0  0.0  3.7  0.0  0.0  0.0  0.0  0.0  0.0  0.0  0.0  0.0
  0.0  0.0  0.0  0.0  0.0  0.0  0.0  0.0  0.0  0.0  0.0  0.0  0.0  0.0  0.0
  3.7  0.0  0.0  3.7  0.0  0.0  0.0  0.0  0.0  0.0  0.0  0.0  0.0  0.0  0.0
  0.0  0.0  0.0  0.0  0.0  0.0  0.0  0.0 18.5  0.0 33.2 11.1 11.1  7.4 11.1
  0.0  0.0  0.0  0.0  0.0  0.0  7.4 18.5  0.0  3.7  0.0  0.0 11.1  0.0  0.0
    -26.21     -1.63     -0.71     -5.13     -2.51  0.0  0.0  0.0  0.0  0.0
                                     t000113_s14_p8_qjpp.txt 26.8  4.6  256
 19.5  0.0  0.0 50.8  0.0  0.0  3.9  0.0 15.6  0.0  0.0  0.0  0.0  0.0  0.0
  0.0  0.0  3.9 11.7  3.9  0.0378.9 97.7 43.0 11.7  0.0  0.0  0.0  0.0  3.9
  0.0  0.0  0.0  3.9  0.0  7.8 11.7  0.0  3.9  0.0  0.0  3.9  3.9  0.0  3.9
  0.0  0.0  0.0  0.0  0.0  3.9 11.7  3.9  3.9  3.9 46.9 15.6  3.9 89.8  3.9
  3.9  0.0  0.0  0.0  0.0  0.0  0.0  0.0  0.0  0.0  0.0  0.0  0.0  0.0  0.0
  0.0  0.0  0.0  0.0  0.0  0.0  0.0  0.0  0.0  0.0  0.0  0.0  0.0  0.0  0.0
  0.0  0.0  0.0  0.0  0.0  0.0  0.0  0.0  0.0  0.0  0.0  0.0  0.0  0.0  0.0
  0.0  0.0  0.0  0.0  0.0  0.0  0.0  0.0  0.0  0.0  0.0  0.0  0.0  0.0  0.0
  0.0  0.0  0.0  0.0  0.0  0.0  0.0  7.8 23.4  7.8 50.8 43.0  0.0 11.7  0.0
  0.0  0.0  0.0  0.0  0.0  0.0  0.0 11.7  0.0 15.6  7.8  3.9 11.7  0.0  0.0
    -14.83     -5.34      1.37     -3.78      1.82  7.8  0.0  0.0  0.0  0.0
                                     t000113_s14_p9_qjpp.txt 24.8  4.8  172
 11.6  0.0  0.0 11.6  0.0  0.0  0.0  5.8 29.1  0.0  0.0  0.0  0.0  0.0  0.0
  0.0  0.0  0.0  0.0  0.0  0.0348.8180.2 52.3 64.0  0.0  0.0  0.0  0.0  5.8
  0.0  0.0  0.0  5.8 11.6  5.8  5.8  0.0  0.0  0.0  0.0  5.8  0.0 23.3  0.0
  0.0 11.6  0.0  0.0  5.8  0.0 11.6 23.3  0.0  5.8 64.0 29.1  0.0 98.8  0.0
  0.0  0.0  0.0  0.0  0.0  0.0  0.0  0.0  0.0  0.0  0.0  0.0  0.0  0.0  0.0
  0.0  0.0  0.0  0.0  0.0  0.0  0.0  0.0  0.0  0.0  0.0  0.0  0.0  0.0  0.0
  0.0  0.0  0.0  0.0  0.0  0.0  0.0  0.0  0.0  0.0  0.0  0.0  0.0  0.0  0.0
  0.0  0.0  0.0  0.0  0.0  0.0  0.0  0.0  0.0  0.0  0.0  0.0  0.0  0.0  0.0
  0.0  0.0  0.0  0.0  0.0  0.0  0.0  0.0 11.6  0.0 29.1 11.6  0.0 11.6  0.0
  0.0  0.0  0.0  0.0  0.0 11.6  0.0 23.3  5.8  5.8  5.8  0.0 11.6  0.0  0.0
    -26.49     -3.62     -1.53     -4.28     -0.10  0.0  0.0  0.0  0.0  0.0
                                     t000113_s19_p1_qjpp.txt 30.3  5.0  168
 17.9  0.0  0.0 23.8  0.0  0.0  0.0  6.0  0.0  0.0  0.0  0.0  0.0  6.0  0.0
  0.0  0.0  6.0  0.0  0.0  0.0375.0 95.2 47.6 17.9 11.9  0.0  0.0  0.0  0.0
  0.0  6.0  0.0  6.0  0.0  6.0  6.0  0.0  6.0  0.0  0.0  0.0  0.0  6.0  0.0
  6.0  6.0  0.0  0.0  0.0  6.0 11.9 11.9  0.0  0.0 77.4 11.9  0.0 77.4 11.9
  6.0  0.0  0.0  0.0  0.0  0.0  0.0  0.0  0.0  0.0  0.0  0.0  0.0  0.0  0.0
  0.0  0.0  0.0  0.0  0.0  0.0  0.0  0.0  0.0  0.0  0.0  0.0  0.0  0.0  0.0
  0.0  0.0  6.0  0.0  0.0  0.0  0.0  0.0  0.0  0.0  0.0  0.0  0.0  0.0  0.0
  0.0  0.0  0.0  0.0  6.0  0.0  6.0  0.0  0.0  0.0  0.0  0.0  0.0  0.0  0.0
  0.0  0.0  0.0  0.0  0.0  0.0  0.0  6.0 17.9  6.0 41.7 17.9  0.0  6.0  0.0
  0.0  0.0  0.0  0.0  6.0  0.0  0.0  0.0  0.0 29.8 17.9  6.0  6.0  0.0  0.0
    -19.65     -4.61      1.14     -4.69     -0.80  6.0  0.0  0.0  0.0  0.0
                                    t000113_s19_p10_qjpp.txt 31.8  5.0  219
  0.0  0.0  0.0 32.0  0.0  0.0  0.0  0.0  9.1  0.0  0.0  0.0  0.0  0.0  0.0
  4.6  0.0  9.1 18.3  0.0  0.0406.4118.7 22.8 36.5  9.1  0.0  0.0  0.0  0.0
  0.0  0.0  0.0  0.0  0.0 13.7  0.0  9.1  4.6  4.6  0.0  4.6  4.6  9.1  0.0
  4.6  4.6  9.1  0.0  0.0 18.3 27.4 13.7  0.0  0.0 27.4 18.3  0.0 82.2  0.0
  0.0  0.0  0.0  0.0  0.0  0.0  0.0  0.0  0.0  0.0  0.0  0.0  0.0  0.0  0.0
  0.0  0.0  0.0  0.0  0.0  0.0  4.6  0.0  0.0  0.0  0.0  0.0  0.0  0.0  0.0
  0.0  0.0  0.0  0.0  0.0  0.0  0.0  0.0  0.0  0.0  0.0  0.0  0.0  0.0  0.0
  4.6  0.0  0.0  4.6  0.0  0.0  0.0  0.0  0.0  0.0  0.0  0.0  0.0  0.0  0.0
  0.0  0.0  0.0  0.0  0.0  0.0  0.0  0.0  0.0  0.0 36.5 36.5  9.1  0.0 36.5
  0.0  0.0  0.0  0.0  0.0  4.6  0.0 13.7  0.0  4.6  4.6  4.6  0.0  0.0  0.0
    -19.03     -4.12      0.20      0.94      2.08  0.0  0.0  0.0  0.0  0.0
                                    t000113_s19_p11_qjpp.txt 17.8  4.2  104
  0.0  0.0  0.0  9.6  0.0  0.0  0.0  0.0  0.0  0.0  0.0  0.0  0.0  0.0  0.0
  0.0  0.0  0.0  0.0  0.0  0.0326.9 96.2  9.6 28.8  0.0  9.6  9.6  0.0  0.0
  0.0  0.0  0.0  0.0  0.0 19.2  9.6  0.0  0.0  0.0  0.0  0.0  0.0  0.0  0.0
  0.0  9.6  0.0  0.0  0.0  0.0  9.6  0.0  0.0  0.0 19.2  0.0  0.0 76.9  9.6
  0.0  0.0  0.0  0.0  0.0  0.0  0.0  0.0  0.0  0.0  0.0  0.0  0.0  0.0  0.0
  0.0  0.0  0.0  0.0  0.0  0.0  0.0  0.0  0.0  0.0  0.0  0.0  0.0  0.0  0.0
  0.0  0.0  0.0  9.6  0.0  0.0  0.0  0.0  0.0  0.0  0.0  0.0  0.0  0.0  0.0
  0.0  0.0  0.0  0.0  9.6  0.0  9.6  0.0  0.0  0.0  0.0  0.0  0.0  0.0  0.0
  0.0  0.0  0.0  0.0  0.0  0.0  0.0  0.0  9.6  0.0 38.5 48.1  0.0  9.6 57.7
  0.0  0.0  0.0  0.0  0.0  0.0  0.0  0.0 19.2  9.6  0.0  0.0  9.6  0.0  0.0
    -22.45     -1.15     -0.12     -6.61     -3.63  0.0  0.0  0.0  0.0  0.0
                                    t000113_s19_p12_qjpp.txt 25.5  3.9  185
  5.4  0.0  0.0 21.6  0.0  0.0  0.0  5.4 10.8  0.0  0.0  0.0  0.0  0.0  0.0
  0.0  0.0  0.0  5.4  0.0  0.0232.4 91.9 32.4 37.8  0.0  0.0  0.0  0.0  0.0
  0.0  0.0  0.0  0.0  5.4 10.8  5.4  0.0  0.0  0.0  0.0  0.0  5.4  0.0  0.0
  0.0  0.0  0.0  0.0  0.0  0.0  5.4  0.0  0.0  0.0 64.9 10.8  5.4 59.5  0.0
  0.0  0.0  0.0  0.0  0.0  0.0  0.0  0.0  0.0  0.0  0.0  0.0  0.0  0.0  0.0
  0.0  0.0  0.0  0.0  0.0  0.0  0.0  0.0  0.0  0.0  0.0  0.0  0.0  0.0  0.0
  0.0  0.0  0.0  0.0  0.0  0.0  0.0  0.0  0.0  0.0  0.0  0.0  0.0  0.0  0.0
  0.0  0.0  0.0  0.0  0.0  0.0  0.0  0.0  0.0  0.0  0.0  0.0  0.0  0.0  0.0
  0.0  0.0  0.0  0.0  0.0  0.0  0.0  0.0 10.8  0.0 27.0 37.8  0.0  0.0 59.5
  0.0  0.0  0.0  0.0  0.0  0.0  0.0  0.0  0.0 10.8  0.0 16.2  0.0  0.0  0.0
    -16.25     -4.48     -1.23     -6.61     -0.25  0.0  0.0  0.0  0.0  0.0
                                    t000113_s19_p13_qjpp.txt  9.8  5.8   43
 23.3  0.0  0.0 46.5  0.0  0.0  0.0  0.0  0.0  0.0  0.0  0.0  0.0  0.0  0.0
  0.0  0.0 23.3  0.0  0.0  0.0348.8 69.8 46.5116.3  0.0  0.0  0.0  0.0  0.0
 23.3  0.0  0.0  0.0 23.3 23.3 23.3  0.0  0.0  0.0  0.0  0.0  0.0 46.5  0.0
  0.0  0.0  0.0  0.0  0.0 23.3  0.0 46.5  0.0 23.3 69.8  0.0  0.0186.0  0.0
 23.3  0.0  0.0  0.0  0.0  0.0  0.0  0.0  0.0  0.0  0.0  0.0  0.0  0.0  0.0
  0.0  0.0  0.0  0.0  0.0  0.0  0.0  0.0  0.0  0.0  0.0  0.0  0.0  0.0  0.0
  0.0  0.0  0.0  0.0  0.0  0.0  0.0  0.0  0.0  0.0  0.0  0.0  0.0  0.0  0.0
  0.0  0.0  0.0  0.0  0.0  0.0  0.0  0.0  0.0  0.0  0.0  0.0  0.0  0.0  0.0
  0.0  0.0  0.0  0.0  0.0  0.0  0.0  0.0 23.3 23.3 23.3 46.5  0.0  0.0 23.3
  0.0  0.0  0.0  0.0  0.0  0.0  0.0 23.3  0.0  0.0  0.0  0.0 23.3  0.0  0.0
    -17.98     -1.90     13.95     -6.61      3.42  0.0  0.0  0.0  0.0  0.0
                                     t000113_s19_p2_qjpp.txt 31.5  5.3  191
 15.7  0.0  0.0 36.6  0.0  0.0  0.0  0.0 31.4  5.2  0.0 10.5  0.0  0.0  0.0
  5.2  0.0  0.0 10.5  0.0  0.0413.6109.9 36.6 47.1  5.2  5.2  5.2  5.2  0.0
  5.2  0.0  0.0  0.0  5.2 10.5  5.2  0.0  0.0  0.0  0.0  5.2  0.0 10.5  5.2
  0.0  0.0  5.2  0.0 10.5  0.0 20.9 15.7  0.0 10.5 47.1 36.6  0.0 99.5  5.2
  0.0  0.0  0.0  0.0  0.0  0.0  0.0  0.0  0.0  0.0  0.0  0.0  0.0  0.0  0.0
  0.0  0.0  0.0  0.0  0.0  5.2  5.2  0.0  0.0  0.0  0.0  0.0  0.0  0.0  0.0
  0.0  0.0  0.0  5.2  0.0  0.0  0.0  0.0  0.0  0.0  0.0  0.0  0.0  0.0  0.0
 10.5  0.0  0.0 10.5  5.2  0.0  5.2  0.0  0.0  0.0  0.0  0.0  0.0  0.0  0.0
  0.0  0.0  0.0  0.0  0.0  0.0  0.0  5.2 62.8  0.0 36.6  5.2  0.0  5.2 15.7
  0.0  0.0  0.0  0.0  0.0 10.5  0.0  5.2  5.2 20.9  5.2  0.0  5.2  0.0  0.0
    -15.00     -1.97      6.68     -4.51      1.99  0.0  0.0  0.0  0.0  0.0
                                     t000113_s19_p3_qjpp.txt 30.5  4.6  406
  9.9  0.0  0.0 27.1  0.0  0.0  2.5  0.0 17.2  0.0  0.0  2.5  0.0  0.0  0.0
  2.5  0.0  0.0  0.0  0.0  0.0317.7118.2 36.9 54.2  2.5  2.5  2.5  0.0  0.0
  0.0  0.0  0.0  2.5  9.9 24.6  7.4  0.0  0.0  0.0  0.0  2.5  2.5  0.0  0.0
  4.9  0.0  2.5  7.4  2.5  0.0  2.5  4.9  0.0  0.0 46.8 19.7  2.5 96.1  0.0
  4.9  0.0  0.0  0.0  0.0  0.0  0.0  0.0  0.0  0.0  0.0  0.0  0.0  0.0  0.0
  0.0  0.0  0.0  0.0  2.5  0.0  2.5  0.0  0.0  0.0  0.0  0.0  0.0  0.0  0.0
  0.0  0.0  0.0  2.5  0.0  0.0  0.0  0.0  0.0  0.0  0.0  0.0  0.0  0.0  0.0
  4.9  0.0  0.0  4.9  2.5  0.0  2.5  0.0  0.0  0.0  0.0  0.0  0.0  0.0  0.0
  0.0  0.0  0.0  0.0  0.0  0.0  0.0  0.0  9.9  0.0 32.0 32.0  4.9 19.7  9.9
  0.0  0.0  0.0  0.0  0.0  7.4  0.0 14.8  2.5 17.2  2.5  0.0  7.4  0.0  0.0
    -20.44     -2.91     -4.03     -5.62     -0.50  0.0  0.0  0.0  0.0  0.0
                                     t000113_s19_p4_qjpp.txt 32.0  5.1  443
  6.8  0.0  0.0 27.1  0.0  0.0  4.5  2.3 13.5  2.3  0.0  2.3  0.0  0.0  0.0
  0.0  0.0  4.5 13.5  0.0  0.0422.1 70.0 47.4 27.1  2.3  0.0  2.3  0.0  0.0
  0.0  2.3  0.0  0.0  0.0 31.6  2.3  4.5  0.0  0.0  0.0  0.0 11.3  0.0  4.5
  2.3  0.0  2.3  0.0  4.5  9.0 18.1  6.8  0.0  0.0 74.5 15.8  0.0 70.0 11.3
  4.5  2.3  0.0  0.0  0.0  0.0  0.0  0.0  0.0  0.0  0.0  0.0  0.0  0.0  0.0
  0.0  0.0  0.0  2.3  0.0  0.0  0.0  0.0  0.0  2.3  0.0  0.0  0.0  0.0  0.0
  0.0  0.0  0.0  0.0  0.0  0.0  0.0  0.0  0.0  0.0  0.0  0.0  0.0  0.0  0.0
  2.3  2.3  0.0  4.5  0.0  0.0  0.0  0.0  0.0  0.0  0.0  0.0  0.0  0.0  0.0
  0.0  0.0  0.0  0.0  0.0  0.0  0.0  0.0  9.0  2.3 47.4  6.8  2.3  0.0 15.8
  0.0  0.0  0.0  0.0  0.0  2.3  2.3 18.1  6.8  9.0  2.3  0.0  0.0  0.0  0.0
    -19.42     -4.32      0.01     -5.53      7.63  2.3  0.0  0.0  0.0  0.0
                                     t000113_s19_p5_qjpp.txt 26.8  4.1  172
  0.0  0.0  0.0  5.8  0.0  0.0  0.0  0.0 11.6  0.0  0.0  0.0  0.0  0.0  0.0
  0.0  0.0  0.0  0.0  0.0  0.0296.5110.5 34.9 34.9  0.0  5.8  0.0  0.0  0.0
  0.0  0.0  0.0  0.0  0.0 34.9  5.8  0.0  0.0  0.0  0.0  0.0  0.0  5.8  0.0
  5.8  0.0  0.0  5.8  0.0  0.0  0.0 11.6  0.0  0.0 46.5 11.6  5.8 58.1  0.0
  5.8  0.0  0.0  0.0  0.0  0.0  0.0  0.0  0.0  0.0  0.0  0.0  0.0  0.0  0.0
  0.0  0.0  0.0  0.0  0.0  0.0  0.0  0.0  0.0  0.0  0.0  0.0  0.0  0.0  0.0
  0.0  0.0  0.0  5.8  0.0  0.0  0.0  0.0  0.0  0.0  5.8  0.0  0.0  0.0  0.0
  0.0  0.0  0.0  0.0  5.8  0.0  5.8  5.8  0.0  0.0  0.0  0.0  0.0  0.0  0.0
  0.0  0.0  0.0  0.0  0.0  0.0  0.0  0.0 17.4  0.0 34.9  0.0  5.8  5.8 40.7
  0.0  0.0  0.0  0.0  0.0  5.8  0.0 11.6  0.0  5.8  0.0  5.8  5.8 11.6  0.0
    -22.97     -3.46     -1.01     -6.61     -0.87  0.0  0.0  0.0  0.0  0.0
                                     t000113_s19_p6_qjpp.txt 27.5  5.2  151
  0.0  0.0  0.0 26.5  0.0  0.0  0.0  6.6  6.6  0.0  0.0  0.0  0.0  0.0  0.0
  0.0  0.0  0.0  0.0  0.0  0.0404.0106.0 86.1 13.2  0.0  0.0  0.0  0.0  0.0
  0.0  0.0  0.0  0.0  0.0 26.5  0.0  0.0  0.0  0.0  0.0  0.0  6.6  0.0  0.0
  6.6  0.0  0.0  0.0  6.6  0.0  0.0  6.6  0.0  0.0106.0  6.6  6.6 59.6  0.0
  0.0  0.0  0.0  0.0  0.0  0.0  0.0  0.0  0.0  0.0  0.0  0.0  0.0  0.0  0.0
  0.0  0.0  0.0  0.0  0.0  0.0  0.0  0.0  0.0  0.0  0.0  0.0  0.0  0.0  0.0
  0.0  0.0  0.0  0.0  0.0  0.0  0.0  0.0  0.0  0.0  0.0  0.0  0.0  0.0  0.0
  0.0  0.0  0.0  0.0  0.0  0.0  0.0  0.0  0.0  0.0  0.0  0.0  0.0  0.0  0.0
  0.0  0.0  0.0  0.0  0.0  0.0  0.0  0.0 13.2  0.0 46.4 26.5  6.6  6.6 19.9
  0.0  0.0  0.0  0.0  0.0  6.6  0.0 19.9  0.0  0.0  0.0  0.0  0.0  0.0  0.0
    -29.30     -5.29     -0.53     -6.61      2.65  0.0  0.0  0.0  0.0  0.0
                                     t000113_s19_p7_qjpp.txt 30.8  4.9  226
  4.4  4.4  0.0 31.0  0.0  0.0  4.4  0.0  4.4  4.4  0.0  0.0  0.0  0.0  0.0
  0.0  0.0  4.4  4.4  0.0  0.0238.9101.8 66.4 57.5  0.0  0.0  4.4  0.0  4.4
  0.0  4.4  0.0  0.0  0.0 31.0  0.0  4.4  0.0  0.0  0.0  4.4  4.4  0.0  4.4
  0.0  0.0  0.0  8.8  8.8  8.8  8.8  4.4  0.0  4.4 88.5  4.4 13.3 84.1  0.0
  0.0  4.4  0.0  0.0  0.0  0.0  0.0  0.0  0.0  0.0  0.0  0.0  0.0  0.0  0.0
  0.0  0.0  0.0  0.0  0.0  4.4  0.0  4.4  0.0  0.0  0.0  0.0  0.0  0.0  0.0
  0.0  4.4  0.0  0.0  0.0  0.0  0.0  0.0  0.0  0.0  0.0  0.0  0.0  0.0  0.0
  4.4  4.4  0.0  8.8  4.4  0.0  4.4  0.0  0.0  0.0  0.0  0.0  0.0  0.0  0.0
  0.0  0.0  0.0  0.0  0.0  0.0  0.0  0.0  8.8  0.0  8.8 13.3  4.4  8.8 26.5
  0.0  0.0  0.0  0.0  0.0  4.4  0.0 17.7  0.0 17.7  0.0  0.0  8.8  0.0  0.0
    -18.88     -3.02      3.06     -3.78      2.54  0.0  0.0  0.0  0.0  0.0
                                     t000113_s19_p8_qjpp.txt 31.3  5.0  220
 13.6  0.0  0.0 40.9  0.0  0.0 13.6  0.0 13.6  0.0  0.0  0.0  0.0  0.0  0.0
  0.0  0.0  0.0  4.5  0.0  0.0363.6145.5 54.5 27.3 13.6  4.5  0.0  0.0  4.5
  0.0  0.0  0.0 13.6  4.5 27.3  4.5  0.0  0.0  0.0  0.0  4.5  0.0  0.0  4.5
  4.5  0.0  4.5  4.5  4.5  0.0  4.5  9.1  0.0  4.5 77.3 27.3  0.0 86.4  9.1
  4.5  0.0  0.0  0.0  0.0  0.0  0.0  0.0  0.0  0.0  0.0  0.0  0.0  0.0  0.0
  0.0  0.0  0.0  0.0  0.0  4.5  0.0  0.0  0.0  0.0  0.0  0.0  0.0  0.0  0.0
  0.0  0.0  0.0  0.0  0.0  0.0  0.0  0.0  0.0  0.0  0.0  0.0  0.0  0.0  0.0
  4.5  0.0  0.0  4.5  0.0  0.0  0.0  0.0  0.0  0.0  0.0  0.0  0.0  0.0  0.0
  0.0  0.0  0.0  0.0  0.0  0.0  0.0  4.5 13.6 18.2 22.7  4.5 13.6 13.6 40.9
  0.0  0.0  0.0  0.0  0.0  0.0  0.0 27.3  0.0 13.6  0.0  0.0  4.5  4.5  0.0
    -23.32     -3.35     -3.54     -4.79      1.34  0.0  0.0  0.0  0.0  0.0
                                     t000113_s19_p9_qjpp.txt 14.0  5.8   76
 26.3  0.0  0.0105.3  0.0  0.0  0.0  0.0  0.0  0.0  0.0  0.0  0.0  0.0  0.0
  0.0  0.0  0.0  0.0  0.0  0.0381.6105.3 65.8 13.2 13.2  0.0 13.2  0.0  0.0
  0.0  0.0  0.0  0.0  0.0 39.5 13.2  0.0  0.0  0.0  0.0  0.0 39.5 13.2  0.0
  0.0  0.0 13.2  0.0 13.2  0.0  0.0 13.2  0.0  0.0 92.1 13.2  0.0144.7  0.0
  0.0  0.0  0.0  0.0  0.0  0.0  0.0  0.0  0.0  0.0  0.0  0.0  0.0  0.0  0.0
  0.0  0.0  0.0  0.0  0.0 26.3  0.0  0.0  0.0  0.0  0.0  0.0  0.0  0.0  0.0
 13.2  0.0  0.0  0.0  0.0  0.0  0.0  0.0  0.0  0.0  0.0  0.0  0.0  0.0  0.0
 26.3  0.0  0.0 26.3 13.2  0.0 13.2  0.0  0.0  0.0  0.0  0.0  0.0  0.0  0.0
  0.0  0.0  0.0  0.0  0.0  0.0  0.0 13.2  0.0 13.2 92.1 13.2  0.0  0.0 52.6
  0.0  0.0  0.0  0.0 13.2 13.2  0.0 26.3  0.0 39.5  0.0 13.2  0.0  0.0  0.0
    -26.02     -2.27     -1.27     -6.61     23.04  0.0  0.0  0.0  0.0  0.0
                                      t000113_s2_p1_qjpp.txt  6.8  4.3   29
  0.0  0.0  0.0 34.5  0.0  0.0  0.0  0.0  0.0  0.0  0.0  0.0  0.0  0.0  0.0
  0.0  0.0  0.0 34.5  0.0  0.0482.8103.4 34.5 34.5  0.0  0.0  0.0  0.0  0.0
  0.0  0.0  0.0  0.0  0.0  0.0  0.0  0.0  0.0  0.0  0.0  0.0  0.0  0.0  0.0
  0.0  0.0  0.0  0.0  0.0  0.0 34.5  0.0  0.0  0.0 34.5  0.0  0.0 69.0  0.0
  0.0  0.0  0.0  0.0  0.0  0.0  0.0  0.0  0.0  0.0  0.0  0.0  0.0  0.0  0.0
  0.0  0.0  0.0  0.0  0.0  0.0  0.0  0.0  0.0  0.0  0.0  0.0  0.0  0.0  0.0
  0.0  0.0  0.0  0.0  0.0  0.0  0.0  0.0  0.0  0.0  0.0  0.0  0.0  0.0  0.0
  0.0  0.0  0.0  0.0  0.0  0.0  0.0  0.0  0.0  0.0  0.0  0.0  0.0  0.0  0.0
  0.0  0.0  0.0  0.0  0.0  0.0  0.0  0.0 34.5  0.0  0.0  0.0  0.0  0.0  0.0
  0.0  0.0  0.0  0.0  0.0  0.0  0.0  0.0 34.5  0.0  0.0  0.0  0.0  0.0  0.0
    -20.86     -4.59      0.97     -6.61     -3.63  0.0  0.0  0.0  0.0  0.0
                                      t000113_s6_p1_qjpp.txt 32.8  5.9  168
  6.0  0.0  0.0 65.5 11.9  0.0  0.0  0.0  6.0  0.0  0.0  0.0  0.0  0.0  0.0
  0.0  6.0  0.0 11.9  6.0  0.0392.9107.1107.1  0.0  6.0  6.0  0.0  0.0  0.0
  0.0  0.0  0.0  0.0 11.9 17.9 11.9  0.0  0.0  0.0  0.0  0.0 11.9  0.0  0.0
  0.0  0.0  6.0  0.0  0.0  0.0 11.9  0.0 11.9  0.0136.9 23.8  0.0 77.4  6.0
  0.0  0.0  0.0  0.0  0.0  0.0  0.0  0.0  0.0  0.0  0.0  0.0  0.0  0.0  0.0
  0.0  0.0  0.0  0.0  0.0  6.0  6.0  0.0  0.0  0.0  0.0  0.0  0.0  0.0  0.0
  0.0  0.0  0.0  6.0  0.0  0.0  0.0  0.0  0.0  0.0  0.0  0.0  0.0  0.0  0.0
 11.9  0.0  0.0 11.9  6.0  0.0  6.0  0.0  0.0  0.0  0.0  0.0  0.0  0.0  0.0
  0.0  0.0  0.0  0.0  0.0  0.0  0.0  0.0  0.0  0.0 29.8 29.8  6.0  0.0 29.8
  0.0  0.0  0.0  0.0  0.0  6.0  6.0  6.0  6.0 11.9  0.0  0.0  6.0  0.0  0.0
    -12.42     -4.32     -3.54     -6.61      3.81  0.0  0.0  0.0  0.0  0.0
                                     t000113_s6_p10_qjpp.txt 28.5  5.8  166
 24.1  0.0  0.0 66.3  0.0  0.0  0.0  0.0 18.1  6.0  6.0  0.0  0.0  0.0  0.0
  0.0  0.0  0.0  0.0  6.0  0.0415.7102.4 84.3 18.1  0.0 12.0  0.0  6.0  0.0
  0.0  6.0  0.0  0.0  0.0 42.2  6.0 18.1  0.0  0.0  0.0 12.0 24.1  0.0  0.0
  0.0  0.0  6.0  0.0 12.0 18.1  6.0  0.0  6.0  6.0102.4 18.1  0.0 90.4  6.0
  0.0  0.0  0.0  0.0  0.0  0.0  0.0  0.0  0.0  0.0  0.0  0.0  0.0  0.0  0.0
  0.0  0.0  0.0  0.0  0.0  6.0  0.0  0.0  0.0  0.0  0.0  0.0  0.0  0.0  0.0
  0.0 12.0  0.0  0.0  0.0  0.0  0.0  0.0  6.0  0.0  0.0  0.0  0.0  0.0  0.0
  6.0  0.0  0.0  6.0 12.0  6.0 18.1  0.0  0.0  0.0  0.0  0.0  0.0  0.0  0.0
  0.0  0.0  0.0  0.0  0.0  0.0  0.0  0.0 24.1  6.0 36.1 24.1 12.0  0.0 24.1
  0.0  0.0  0.0  0.0  0.0 12.0  6.0 24.1  6.0 30.1  6.0  0.0  6.0  0.0  0.0
    -20.85     -2.82      4.35      2.52     11.43  6.0  0.0  0.0  0.0  0.0
                                      t000113_s6_p2_qjpp.txt 34.3  5.2  712
  7.0  0.0  0.0 40.7  0.0  0.0  0.0  1.4  2.8  5.6  0.0  0.0  0.0  1.4  0.0
  0.0  0.0  5.6  2.8  0.0  0.0452.2 70.2 42.1  8.4  0.0  7.0  2.8  0.0  0.0
  0.0  2.8  0.0  1.4  0.0  9.8  2.8  1.4  0.0  0.0  0.0  4.2  2.8  9.8  0.0
  0.0  2.8  5.6  2.8  1.4  7.0  8.4  9.8  0.0  0.0 53.4  2.8  1.4 70.2 11.2
  1.4  0.0  0.0  0.0  0.0  0.0  0.0  0.0  0.0  0.0  0.0  0.0  0.0  0.0  0.0
  0.0  0.0  0.0  1.4  0.0  4.2  1.4  0.0  0.0  0.0  0.0  0.0  0.0  0.0  0.0
  1.4  0.0  0.0  0.0  0.0  0.0  0.0  0.0  0.0  0.0  0.0  0.0  0.0  0.0  0.0
  7.0  0.0  0.0  7.0  1.4  0.0  1.4  0.0  0.0  0.0  0.0  0.0  0.0  0.0  0.0
  0.0  0.0  0.0  0.0  0.0  0.0  0.0  1.4  2.8  9.8 19.7  8.4  2.8  1.4  5.6
  0.0  0.0  0.0  0.0  0.0  4.2  0.0  8.4  5.6 12.6  1.4  0.0  8.4  0.0  0.0
    -23.51     -3.58      1.05     -4.59     -0.38  0.0  0.0  1.4  0.0  0.0
                                      t000113_s6_p3_qjpp.txt 34.3  5.3  767
  5.2  0.0  0.0 35.2  0.0  0.0  1.3  0.0  1.3  3.9  1.3  1.3  0.0  0.0  0.0
  0.0  0.0  1.3  2.6  0.0  0.0475.9 78.2 48.2  2.6  0.0  5.2  2.6  0.0  0.0
  1.3  2.6  0.0  1.3  0.0 13.0  2.6  1.3  0.0  0.0  0.0  3.9  2.6  5.2  0.0
  1.3  0.0  2.6  0.0  3.9  2.6  6.5  6.5  0.0  1.3 60.0  1.3  0.0 52.2  7.8
  3.9  2.6  0.0  0.0  0.0  0.0  0.0  0.0  0.0  0.0  0.0  0.0  0.0  0.0  0.0
  0.0  0.0  0.0  1.3  0.0  1.3  0.0  0.0  0.0  2.6  0.0  0.0  0.0  0.0  0.0
  0.0  0.0  0.0  0.0  0.0  0.0  0.0  0.0  0.0  0.0  1.3  0.0  0.0  0.0  0.0
  2.6  2.6  0.0  5.2  0.0  0.0  0.0  1.3  0.0  0.0  0.0  0.0  0.0  0.0  0.0
  0.0  0.0  0.0  0.0  0.0  0.0  0.0  0.0 20.9  1.3 18.3  6.5  0.0  1.3  3.9
  1.3  0.0  0.0  0.0  0.0  1.3  2.6  3.9  5.2  5.2  1.3  2.6  5.2  1.3  0.0
    -26.74     -4.16      2.01     -4.73     -0.79  0.0  0.0  2.6  0.0  0.0
                                      t000113_s6_p4_qjpp.txt 34.5  5.2  434
  2.3  0.0  0.0 43.8  0.0  2.3  2.3  2.3  0.0  4.6  0.0  0.0  0.0  0.0  0.0
  0.0  0.0  6.9  6.9  0.0  0.0456.2 85.3 55.3  9.2  4.6  2.3  0.0  0.0  0.0
  0.0  0.0  0.0  0.0  0.0 18.4  2.3  0.0  0.0  0.0  0.0  2.3  2.3  6.9  0.0
  0.0  0.0  2.3  2.3  9.2  6.9  6.9  6.9  0.0  0.0 66.8  4.6  0.0 62.2  6.9
  2.3  4.6  0.0  0.0  0.0  0.0  0.0  0.0  0.0  0.0  0.0  0.0  0.0  0.0  0.0
  0.0  0.0  0.0  0.0  0.0  2.3  0.0  0.0  0.0  4.6  0.0  0.0  0.0  0.0  0.0
  0.0  0.0  0.0  0.0  0.0  0.0  0.0  0.0  0.0  0.0  0.0  0.0  0.0  0.0  0.0
  2.3  4.6  0.0  6.9  0.0  0.0  0.0  0.0  0.0  0.0  0.0  0.0  0.0  0.0  0.0
  0.0  0.0  0.0  0.0  0.0  0.0  0.0  0.0  4.6  2.3 41.5  6.9  2.3  6.9 18.4
  0.0  0.0  0.0  0.0  0.0  0.0  0.0  6.9  2.3  9.2  9.2  4.6  2.3  2.3  0.0
    -23.70     -4.78     -0.07     -5.68     -1.14  0.0  0.0  0.0  0.0  0.0
                                      t000113_s6_p5_qjpp.txt 30.8  5.4  444
  2.3  0.0  0.0 33.8  0.0  0.0  0.0  0.0  4.5  2.3  2.3  0.0  0.0  0.0  0.0
  0.0  0.0  2.3  4.5  0.0  0.0425.7 85.6 92.3  2.3  2.3  4.5  4.5  0.0  0.0
  2.3  6.8  0.0  0.0  2.3  4.5  0.0  6.8  0.0  0.0  0.0  0.0  2.3  0.0  0.0
  2.3  4.5  2.3  2.3  6.8  9.0 15.8  2.3  0.0  2.3112.6  6.8  2.3 40.5  2.3
  2.3  2.3  0.0  0.0  0.0  0.0  0.0  0.0  0.0  0.0  0.0  0.0  0.0  0.0  0.0
  0.0  0.0  0.0  0.0  0.0  0.0  2.3  0.0  0.0  2.3  0.0  0.0  0.0  0.0  0.0
  0.0  0.0  0.0  0.0  0.0  0.0  0.0  0.0  0.0  0.0  0.0  0.0  0.0  2.3  0.0
  2.3  2.3  0.0  4.5  0.0  0.0  0.0  2.3  0.0  0.0  0.0  0.0  0.0  0.0  0.0
  0.0  0.0  0.0  0.0  0.0  0.0  0.0  2.3  2.3  2.3 18.0  2.3  0.0  2.3 15.8
  0.0  0.0  0.0  0.0  0.0  4.5  4.5  0.0  0.0  6.8  2.3  0.0  2.3  0.0  0.0
    -28.97     -3.85      4.61     -5.00     -1.49  0.0  0.0  0.0  0.0  0.0
                                      t000113_s6_p6_qjpp.txt 33.8  5.2  349
  2.9  0.0  0.0 34.4  0.0  0.0  0.0  2.9  2.9  0.0  2.9  0.0  0.0  0.0  0.0
  0.0  0.0  2.9  0.0  0.0  0.0452.7 83.1 45.8 20.1  8.6  8.6  2.9  0.0  0.0
  0.0  0.0  0.0  2.9  0.0  2.9  5.7  0.0  0.0  0.0  0.0  5.7  0.0  5.7  2.9
  0.0  8.6  5.7  0.0  8.6  2.9  8.6  8.6  0.0  0.0 60.2 11.5  0.0 77.4  5.7
  0.0  0.0  0.0  0.0  0.0  0.0  0.0  0.0  0.0  0.0  0.0  0.0  0.0  0.0  0.0
  0.0  0.0  0.0  5.7  0.0  0.0  0.0  0.0  0.0  0.0  0.0  0.0  0.0  0.0  0.0
  0.0  0.0  2.9  0.0  0.0  0.0  0.0  0.0  0.0  2.9  0.0  0.0  0.0  0.0  0.0
  5.7  0.0  0.0  5.7  2.9  0.0  5.7  0.0  0.0  0.0  0.0  0.0  0.0  0.0  0.0
  0.0  0.0  0.0  0.0  0.0  0.0  0.0  2.9 11.5  0.0 34.4  8.6  5.7  0.0 17.2
  0.0  0.0  0.0  0.0  0.0  8.6  2.9  5.7  5.7  5.7  2.9  5.7  2.9  0.0  0.0
    -27.02     -2.50     -0.01     -4.31     -0.55  0.0  0.0  0.0  0.0  0.0
                                      t000113_s6_p7_qjpp.txt 35.0  5.6  248
 16.1  4.0  0.0 16.1  0.0  0.0  8.1  0.0  4.0  0.0  0.0  0.0  0.0  0.0  0.0
  0.0  0.0  0.0  0.0  0.0  0.0366.9 88.7 68.5 72.6  0.0  8.1  4.0  0.0  4.0
  0.0  0.0  0.0  4.0  8.1 20.2  4.0  0.0  4.0  0.0  0.0  0.0  4.0 16.1  0.0
  4.0  4.0  8.1  0.0  4.0  0.0  4.0 20.2  0.0  4.0 96.8  4.0  0.0108.9  8.1
 12.1  0.0  0.0  0.0  0.0  0.0  0.0  0.0  0.0  0.0  0.0  0.0  0.0  0.0  0.0
  0.0  0.0  0.0  0.0  0.0 12.1  0.0  0.0  0.0  0.0  0.0  0.0  0.0  0.0  0.0
  0.0  0.0  0.0  0.0  0.0  4.0  0.0  0.0  0.0  0.0  0.0  0.0  0.0  0.0  0.0
 12.1  0.0  0.0 12.1  0.0  4.0  4.0  0.0  0.0  0.0  0.0  0.0  0.0  0.0  0.0
  0.0  0.0  0.0  0.0  0.0  0.0  0.0  0.0 32.3  4.0 36.3 16.1  0.0  0.0 32.3
  0.0  0.0  0.0  0.0  4.0 20.2  4.0 12.1  8.1 24.2  4.0  4.0  4.0  0.0  0.0
    -25.44     -1.04     -1.68     -5.30      2.64  0.0  0.0  0.0  0.0  0.0
                                      t000113_s6_p8_qjpp.txt 17.0  5.1   93
 21.5  0.0  0.0 75.3  0.0  0.0 21.5  0.0  0.0  0.0  0.0  0.0  0.0  0.0  0.0
  0.0  0.0 32.3 10.8  0.0  0.0279.6161.3 53.8 10.8  0.0  0.0 10.8  0.0 10.8
  0.0  0.0  0.0  0.0 10.8 43.0  0.0 10.8  0.0  0.0  0.0  0.0  0.0 10.8  0.0
  0.0  0.0 10.8  0.0 10.8 43.0 10.8 10.8  0.0 10.8 86.0  0.0  0.0 96.8 10.8
  0.0  0.0  0.0  0.0  0.0  0.0  0.0  0.0  0.0  0.0  0.0  0.0  0.0  0.0  0.0
  0.0  0.0  0.0  0.0  0.0  0.0  0.0  0.0  0.0  0.0  0.0  0.0  0.0  0.0  0.0
  0.0  0.0  0.0  0.0  0.0  0.0  0.0  0.0  0.0  0.0  0.0  0.0  0.0 10.8  0.0
  0.0  0.0  0.0  0.0  0.0  0.0  0.0 10.8  0.0  0.0  0.0  0.0  0.0  0.0  0.0
  0.0  0.0  0.0  0.0  0.0  0.0  0.0  0.0 53.8 10.8  0.0  0.0  0.0  0.0  0.0
  0.0  0.0  0.0  0.0  0.0 21.5  0.0  0.0 10.8 10.8 10.8  0.0 21.5  0.0  0.0
     -8.25     -3.38      0.74     -4.05     -2.00  0.0  0.0  0.0  0.0  0.0
                                      t000113_s6_p9_qjpp.txt 32.8  5.1  506
  5.9  0.0  0.0 33.6  0.0  0.0  2.0  0.0  2.0  4.0  0.0  0.0  0.0  0.0  0.0
  0.0  0.0  0.0  5.9  0.0  0.0482.2 88.9 55.3  5.9  0.0  4.0  2.0  0.0  0.0
  0.0  0.0  0.0  0.0  2.0  9.9  0.0  0.0  0.0  0.0  2.0  0.0  2.0  4.0  2.0
  2.0  0.0  2.0  0.0  4.0  2.0  5.9  7.9  0.0  0.0 67.2  2.0  0.0 45.5  4.0
  0.0  0.0  0.0  0.0  0.0  0.0  0.0  0.0  0.0  0.0  0.0  0.0  0.0  0.0  0.0
  0.0  0.0  0.0  0.0  0.0  2.0  0.0  0.0  0.0  0.0  0.0  0.0  0.0  0.0  0.0
  0.0  0.0  0.0  0.0  0.0  0.0  0.0  0.0  0.0  0.0  0.0  0.0  0.0  0.0  0.0
  2.0  0.0  0.0  2.0  0.0  0.0  0.0  0.0  0.0  0.0  0.0  0.0  0.0  0.0  0.0
  0.0  0.0  0.0  0.0  0.0  0.0  0.0  4.0 11.9  5.9 27.7 11.9  0.0  2.0  4.0
  0.0  0.0  0.0  0.0  0.0  0.0  4.0  7.9  0.0  5.9  0.0  0.0  0.0  0.0  0.0
    -27.72     -4.41     -0.17     -5.66      0.37  0.0  2.0  0.0  0.0  0.0
                                      t000113_s8_p1_qjpp.txt 33.3  4.9  369
  0.0  0.0  0.0 29.8  0.0  0.0  0.0  2.7  2.7  0.0  0.0  0.0  0.0  0.0  0.0
  0.0  2.7  2.7 10.8  5.4  0.0452.6 62.3 48.8  2.7  0.0  0.0  2.7  0.0  0.0
  2.7  0.0  0.0  0.0  0.0  5.4  5.4  0.0  8.1  0.0  0.0  0.0  0.0  0.0  0.0
  0.0  0.0  0.0  0.0  2.7  2.7 10.8  0.0  8.1  2.7 59.6  2.7  0.0 46.1  8.1
  2.7  0.0  0.0  0.0  0.0  0.0  0.0  0.0  0.0  0.0  0.0  0.0  0.0  0.0  0.0
  0.0  0.0  0.0  0.0  0.0  0.0  0.0  0.0  0.0  0.0  2.7  0.0  0.0  0.0  0.0
  0.0  0.0  0.0  0.0  0.0  0.0  0.0  0.0  0.0  0.0  0.0  0.0  0.0  0.0  0.0
  0.0  0.0  2.7  2.7  0.0  0.0  0.0  0.0  0.0  0.0  0.0  0.0  0.0  0.0  0.0
  0.0  0.0  0.0  0.0  0.0  0.0  0.0  5.4  5.4  8.1 10.8 19.0  2.7  2.7 10.8
  0.0  0.0  0.0  0.0  0.0  5.4  0.0 13.6 10.8  0.0  0.0  0.0  2.7  0.0  0.0
    -14.23     -5.14      3.13     -3.98     -3.63  0.0  0.0  2.7  0.0  0.0
                                      t000113_s8_p2_qjpp.txt 33.0  5.3  336
  3.0  0.0  0.0 26.8  0.0  0.0  0.0  0.0  0.0  3.0  0.0  0.0  0.0  0.0  0.0
  0.0  0.0  3.0  3.0  0.0  0.0452.4 83.3 47.6 11.9  0.0  3.0  0.0  0.0  0.0
  0.0  0.0  0.0  0.0  0.0 20.8  3.0  0.0  3.0  0.0  0.0  0.0  6.0  3.0  0.0
  0.0  0.0  0.0  0.0  6.0  3.0  3.0  3.0  0.0  0.0 59.5  0.0  0.0 53.6  6.0
 11.9  0.0  0.0  0.0  0.0  0.0  0.0  0.0  0.0  0.0  0.0  0.0  0.0  0.0  0.0
  0.0  0.0  0.0  0.0  0.0  0.0  3.0  0.0  0.0  0.0  0.0  0.0  0.0  3.0  0.0
  0.0  0.0  0.0  3.0  0.0  0.0  0.0  0.0  0.0  0.0  3.0  0.0  0.0  0.0  0.0
  3.0  0.0  3.0  6.0  3.0  0.0  3.0  3.0  0.0  0.0  0.0  0.0  0.0  0.0  0.0
  0.0  0.0  0.0  0.0  0.0  0.0  0.0  0.0  8.9  8.9 23.8 11.9  0.0  6.0  3.0
  0.0  0.0  0.0  0.0  0.0  0.0  0.0  0.0  6.0  6.0  0.0  0.0 11.9  0.0  0.0
    -27.42     -4.76     -0.21     -5.65      0.54  0.0  0.0  3.0  0.0  0.0
                                      t000113_s8_p3_qjpp.txt 34.0  5.5  405
  4.9  0.0  0.0 44.4  0.0  0.0  2.5  2.5  4.9  2.5  0.0  2.5  0.0  0.0  0.0
  4.9  0.0  0.0  4.9  0.0  0.0446.9 76.5 66.7 14.8  2.5  4.9  2.5  0.0  2.5
  2.5  0.0  0.0  2.5  0.0 17.3  9.9  0.0  0.0  0.0  0.0  2.5  2.5  2.5  0.0
  4.9  2.5  4.9  0.0  2.5  0.0  9.9  7.4  0.0  4.9 74.1  7.4  0.0 91.4 14.8
  9.9  0.0  0.0  0.0  0.0  0.0  0.0  0.0  0.0  0.0  0.0  0.0  0.0  0.0  0.0
  0.0  0.0  0.0  0.0  0.0  4.9  0.0  0.0  0.0  0.0  0.0  0.0  0.0  2.5  0.0
  0.0  0.0  0.0  0.0  0.0  0.0  0.0  0.0  0.0  0.0  2.5  0.0  0.0  0.0  0.0
  4.9  0.0  2.5  7.4  0.0  0.0  0.0  2.5  0.0  0.0  0.0  0.0  0.0  0.0  0.0
  0.0  0.0  0.0  0.0  0.0  0.0  0.0  4.9 12.3  4.9 19.8  7.4  2.5  2.5  2.5
  2.5  0.0  0.0  0.0  0.0  2.5  0.0  9.9  0.0  9.9  2.5  7.4  4.9  0.0  0.0
    -23.67     -3.72      2.77     -5.62     -0.12  0.0  0.0  0.0  0.0  0.0
                                      t000117_s1_p1_qjpp.txt 26.8  5.8  158
  6.3  0.0  0.0 75.9  0.0  0.0  0.0  0.0  6.3  0.0  0.0  0.0  0.0  0.0  0.0
  0.0  0.0  0.0 12.7  0.0  0.0512.7 69.6 57.0  0.0  6.3  0.0  6.3  0.0 12.7
  0.0  0.0  0.0  0.0  6.3 25.3  6.3  0.0  0.0  6.3  0.0  0.0 19.0 12.7  0.0
  0.0  0.0 12.7  6.3  0.0  0.0 19.0 12.7  0.0 12.7 63.3 12.7  0.0 94.9  6.3
  0.0  0.0  0.0  0.0  0.0  0.0  0.0  0.0  0.0  0.0  0.0  0.0  0.0  0.0  0.0
  0.0  0.0  0.0  6.3  0.0  6.3  0.0  0.0  0.0  0.0  0.0  0.0  0.0  0.0  0.0
  0.0  0.0  0.0  0.0  0.0  0.0  0.0  0.0  0.0  0.0  0.0  0.0  0.0  0.0  0.0
 12.7  0.0  0.0 12.7  0.0  0.0  0.0  0.0  0.0  0.0  0.0  0.0  0.0  0.0  0.0
  0.0  0.0  0.0  0.0  0.0  0.0  0.0  0.0 50.6  6.3 38.0  0.0  6.3  6.3  6.3
  0.0  0.0  0.0  0.0  0.0 12.7  0.0 25.3 12.7 12.7  0.0  0.0 12.7  0.0  0.0
    -27.67     -4.27      4.00     -3.73     10.16  0.0  0.0  0.0  0.0  0.0
                                     t000117_s14_p1_qjpp.txt 35.8  5.0  320
  0.0  0.0  0.0  3.1  0.0  0.0  0.0  0.0  0.0  0.0  0.0  0.0  0.0  0.0  0.0
  0.0  0.0  0.0  0.0  0.0  0.0687.5 21.9 21.9  3.1  6.3  0.0  0.0  0.0  0.0
  0.0  0.0  0.0  0.0  0.0  0.0  0.0  0.0  0.0  0.0  0.0  0.0  0.0  0.0  0.0
  0.0  0.0  0.0  0.0  0.0  0.0  0.0  0.0  0.0  0.0 31.3  6.3  0.0 12.5  3.1
  0.0  0.0  0.0  0.0  0.0  0.0  0.0  0.0  0.0  0.0  0.0  0.0  0.0  0.0  0.0
  0.0  0.0  0.0  0.0  0.0  0.0  0.0  0.0  0.0  0.0  0.0  0.0  0.0  0.0  0.0
  0.0  0.0  0.0  0.0  0.0  0.0  0.0  0.0  0.0  0.0  0.0  0.0  0.0  0.0  0.0
  0.0  0.0  0.0  0.0  0.0  0.0  0.0  0.0  0.0  0.0  0.0  0.0  0.0  0.0  0.0
  0.0  0.0  0.0  0.0  0.0  0.0  0.0  0.0  3.1  3.1 12.5  3.1  9.4  0.0  0.0
  0.0  0.0  0.0  0.0  0.0  0.0  0.0  3.1  0.0  0.0  0.0  0.0  0.0  3.1  0.0
    -32.47     -5.35      0.97     -6.61     -3.63  0.0  0.0  3.1  0.0  0.0
                                    t000117_s14_p10_qjpp.txt 15.0  4.5   83
  0.0  0.0  0.0  0.0  0.0  0.0  0.0  0.0 12.0  0.0  0.0  0.0  0.0  0.0  0.0
  0.0  0.0  0.0 24.1  0.0  0.0554.2 84.3 12.0 48.2  0.0  0.0  0.0  0.0  0.0
  0.0  0.0  0.0  0.0  0.0 24.1  0.0  0.0  0.0  0.0  0.0  0.0 12.0 12.0  0.0
  0.0  0.0  0.0  0.0  0.0  0.0 24.1 12.0  0.0  0.0 36.1 12.0  0.0 72.3 12.0
  0.0  0.0  0.0  0.0  0.0  0.0  0.0  0.0  0.0  0.0  0.0  0.0  0.0  0.0  0.0
  0.0  0.0  0.0  0.0  0.0  0.0  0.0  0.0  0.0  0.0  0.0  0.0  0.0  0.0  0.0
  0.0  0.0  0.0  0.0  0.0  0.0  0.0  0.0  0.0  0.0  0.0  0.0  0.0  0.0  0.0
  0.0  0.0  0.0  0.0  0.0  0.0  0.0  0.0  0.0  0.0  0.0  0.0  0.0  0.0  0.0
  0.0  0.0  0.0  0.0  0.0  0.0  0.0 12.0 12.0  0.0  0.0 24.1  0.0  0.0  0.0
  0.0  0.0  0.0  0.0  0.0  0.0  0.0 24.1 12.0  0.0  0.0  0.0  0.0  0.0  0.0
    -24.12     -4.14     -0.40     -6.61      5.73  0.0  0.0  0.0  0.0  0.0
                                    t000117_s14_p11_qjpp.txt 13.8  4.9   78
  0.0  0.0  0.0  0.0  0.0  0.0  0.0  0.0  0.0  0.0  0.0  0.0  0.0  0.0  0.0
  0.0  0.0  0.0  0.0  0.0  0.0538.5141.0 25.6 51.3  0.0  0.0  0.0  0.0  0.0
  0.0  0.0  0.0  0.0  0.0 12.8  0.0  0.0  0.0  0.0  0.0  0.0  0.0 12.8  0.0
  0.0  0.0  0.0  0.0  0.0  0.0  0.0 12.8  0.0  0.0 89.7  0.0  0.0 51.3  0.0
  0.0  0.0  0.0  0.0  0.0  0.0  0.0  0.0  0.0  0.0  0.0  0.0  0.0  0.0  0.0
  0.0  0.0  0.0  0.0  0.0  0.0  0.0  0.0  0.0  0.0  0.0  0.0  0.0  0.0  0.0
  0.0  0.0  0.0  0.0  0.0  0.0  0.0  0.0  0.0  0.0  0.0  0.0  0.0  0.0  0.0
  0.0  0.0  0.0  0.0  0.0  0.0  0.0  0.0  0.0  0.0  0.0  0.0  0.0  0.0  0.0
  0.0  0.0  0.0  0.0  0.0  0.0  0.0  0.0 12.8  0.0  0.0 12.8  0.0  0.0  0.0
  0.0  0.0  0.0  0.0  0.0  0.0  0.0  0.0 12.8  0.0  0.0  0.0  0.0  0.0  0.0
    -32.94     -4.04      0.25     -6.61     -1.68  0.0  0.0  0.0  0.0  0.0
                                    t000117_s14_p12_qjpp.txt 14.0  4.6   78
  0.0  0.0  0.0  0.0  0.0  0.0  0.0  0.0 12.8  0.0  0.0  0.0  0.0  0.0  0.0
  0.0  0.0  0.0  0.0  0.0  0.0487.2153.8  0.0 25.6  0.0  0.0  0.0  0.0  0.0
  0.0  0.0  0.0  0.0  0.0  0.0 12.8  0.0  0.0  0.0  0.0  0.0  0.0 12.8  0.0
  0.0 12.8  0.0  0.0  0.0  0.0 12.8 12.8  0.0  0.0 38.5 12.8  0.0 51.3 12.8
  0.0  0.0  0.0  0.0  0.0  0.0  0.0  0.0  0.0  0.0  0.0  0.0  0.0  0.0  0.0
  0.0  0.0  0.0  0.0  0.0  0.0  0.0  0.0  0.0  0.0  0.0  0.0  0.0  0.0  0.0
  0.0  0.0  0.0  0.0  0.0  0.0  0.0  0.0  0.0  0.0  0.0  0.0  0.0  0.0  0.0
  0.0  0.0  0.0  0.0  0.0  0.0  0.0  0.0  0.0  0.0  0.0  0.0  0.0  0.0  0.0
  0.0  0.0  0.0  0.0  0.0  0.0  0.0  0.0  0.0  0.0  0.0 25.6 38.5  0.0  0.0
  0.0  0.0  0.0  0.0  0.0  0.0  0.0  0.0  0.0  0.0 12.8  0.0  0.0  0.0  0.0
    -29.45     -4.88      0.97     -6.61     -1.68  0.0  0.0  0.0  0.0  0.0
                                    t000117_s14_p13_qjpp.txt  9.8  4.2   66
  0.0  0.0  0.0  0.0  0.0  0.0  0.0  0.0 30.3  0.0  0.0  0.0  0.0  0.0  0.0
  0.0  0.0  0.0 15.2  0.0  0.0545.5181.8  0.0 60.6  0.0  0.0  0.0  0.0  0.0
  0.0  0.0  0.0  0.0  0.0  0.0  0.0  0.0  0.0  0.0  0.0  0.0  0.0 30.3  0.0
  0.0  0.0  0.0  0.0  0.0  0.0 15.2 30.3  0.0  0.0  0.0 30.3  0.0 60.6  0.0
  0.0  0.0  0.0  0.0  0.0  0.0  0.0  0.0  0.0  0.0  0.0  0.0  0.0  0.0  0.0
  0.0  0.0  0.0  0.0  0.0  0.0  0.0  0.0  0.0  0.0  0.0  0.0  0.0  0.0  0.0
  0.0  0.0  0.0  0.0  0.0  0.0  0.0  0.0  0.0  0.0  0.0  0.0  0.0  0.0  0.0
  0.0  0.0  0.0  0.0  0.0  0.0  0.0  0.0  0.0  0.0  0.0  0.0  0.0  0.0  0.0
  0.0  0.0  0.0  0.0  0.0  0.0  0.0  0.0  0.0  0.0  0.0  0.0  0.0  0.0  0.0
  0.0  0.0  0.0  0.0  0.0  0.0  0.0 15.2  0.0  0.0  0.0  0.0  0.0  0.0  0.0
    -27.34     -3.73      0.97     -6.61      0.96  0.0  0.0  0.0  0.0  0.0
                                    t000117_s14_p14_qjpp.txt 35.5  5.1  330
  6.1  0.0  0.0 36.4  0.0  0.0  3.0  0.0  3.0  0.0  0.0  0.0  0.0  0.0  0.0
  0.0  0.0  3.0  6.1  0.0  0.0515.2 57.6 48.5 18.2  0.0  6.1  0.0  0.0  3.0
  0.0  0.0  0.0  9.1  0.0  9.1  3.0  0.0  0.0  0.0  0.0  0.0  3.0 12.1  0.0
  6.1  3.0  3.0  0.0  0.0  3.0  9.1 18.2  0.0  3.0 54.5  3.0  0.0 72.7  6.1
  3.0  0.0  0.0  0.0  0.0  0.0  0.0  0.0  0.0  0.0  0.0  0.0  0.0  0.0  0.0
  0.0  0.0  0.0  0.0  3.0  3.0  0.0  0.0  0.0  0.0  0.0  0.0  0.0  0.0  3.0
  0.0  0.0  0.0  0.0  0.0  0.0  0.0  0.0  0.0  0.0  0.0  0.0  0.0  0.0  0.0
  6.1  0.0  0.0  6.1  3.0  0.0  3.0  0.0  0.0  0.0  0.0  0.0  0.0  0.0  0.0
  0.0  0.0  0.0  0.0  0.0  0.0  0.0  0.0 12.1  3.0  3.0 18.2 15.2 12.1  3.0
  0.0  0.0  0.0  0.0  0.0  6.1  0.0  9.1 12.1  3.0  6.1  0.0  3.0  0.0  0.0
    -26.29     -3.96     -0.63     -6.61      2.06  0.0  0.0  0.0  0.0  0.0
                                    t000117_s14_p15_qjpp.txt 21.0  5.0  113
  0.0  0.0  0.0  0.0  0.0  0.0  0.0  0.0  0.0  0.0  0.0  0.0  0.0  0.0  0.0
  0.0  0.0  0.0  0.0  0.0  0.0460.2177.0  8.8 44.2  0.0  0.0  0.0  0.0  0.0
  0.0  0.0  0.0  8.8  0.0 17.7  8.8  0.0  0.0  0.0  0.0  8.8  0.0 44.2  0.0
 17.7  0.0  0.0  0.0  0.0  0.0  0.0 61.9  0.0  0.0 26.5  0.0  0.0 70.8  0.0
  0.0  0.0  0.0  0.0  0.0  0.0  0.0  0.0  0.0  0.0  0.0  0.0  0.0  0.0  0.0
  0.0  0.0  0.0  0.0  0.0  0.0  0.0  0.0  0.0  0.0  0.0  0.0  0.0  0.0  0.0
  0.0  0.0  0.0  0.0  0.0  0.0  0.0  0.0  0.0  0.0  0.0  0.0  0.0  0.0  0.0
  0.0  0.0  0.0  0.0  0.0  0.0  0.0  0.0  0.0  0.0  0.0  0.0  0.0  0.0  0.0
  0.0  0.0  0.0  0.0  0.0  0.0  0.0  0.0 17.7  8.8  8.8 17.7 17.7 35.4  8.8
  0.0  0.0  0.0  0.0  0.0  0.0  0.0  0.0  0.0  0.0  0.0  0.0  0.0  8.8  0.0
    -31.50     -4.27     -2.56     -3.07      8.79  0.0  0.0  0.0  0.0  0.0
                                    t000117_s14_p16_qjpp.txt 22.0  4.4  141
  0.0  0.0  0.0  7.1  0.0  0.0  0.0  0.0 28.4  0.0  7.1  0.0  0.0  0.0  0.0
  0.0  0.0  0.0  7.1  0.0  0.0326.2127.7 21.3 56.7  0.0  0.0  7.1  0.0  0.0
  7.1  7.1  0.0  7.1  0.0  7.1 21.3  7.1  7.1  7.1  0.0  0.0  0.0 14.2  0.0
  7.1  7.1  7.1  7.1  7.1  7.1 28.4 21.3  0.0  7.1 35.5 28.4  0.0113.5  7.1
  0.0  0.0  0.0  0.0  0.0  0.0  0.0  0.0  0.0  0.0  0.0  0.0  0.0  0.0  0.0
  0.0  0.0  0.0  0.0  0.0  0.0  7.1  0.0  0.0  0.0  0.0  0.0  0.0  0.0  0.0
  0.0  0.0  0.0  0.0  0.0  0.0  0.0  0.0  0.0  0.0  0.0  0.0  0.0  0.0  0.0
  7.1  0.0  0.0  7.1  0.0  0.0  0.0  0.0  0.0  0.0  0.0  0.0  0.0  0.0  0.0
  0.0  0.0  0.0  0.0  0.0  0.0  0.0  0.0 63.8  0.0 35.5 28.4 21.3  0.0  0.0
  0.0  0.0  0.0  0.0  0.0  0.0  0.0 14.2  0.0 21.3  0.0  0.0  7.1  0.0  0.0
    -21.50     -2.55      7.62      0.59      0.81  7.1  0.0  0.0  0.0  0.0
                                    t000117_s14_p17_qjpp.txt 12.8  4.6   81
  0.0  0.0  0.0 12.3  0.0  0.0  0.0  0.0 12.3  0.0  0.0  0.0  0.0  0.0  0.0
  0.0  0.0  0.0  0.0  0.0  0.0321.0160.5 74.1 86.4  0.0  0.0  0.0  0.0  0.0
  0.0 12.3  0.0  0.0  0.0  0.0 12.3  0.0  0.0  0.0  0.0  0.0  0.0 37.0  0.0
  0.0  0.0  0.0  0.0  0.0  0.0 12.3 37.0  0.0  0.0 74.1 12.3  0.0123.5  0.0
  0.0  0.0  0.0  0.0  0.0  0.0  0.0  0.0  0.0  0.0  0.0  0.0  0.0  0.0  0.0
  0.0  0.0  0.0  0.0  0.0  0.0  0.0  0.0  0.0  0.0  0.0  0.0  0.0  0.0  0.0
  0.0  0.0  0.0  0.0  0.0  0.0  0.0  0.0  0.0  0.0  0.0  0.0  0.0  0.0  0.0
  0.0  0.0  0.0  0.0  0.0  0.0  0.0  0.0  0.0  0.0  0.0  0.0  0.0  0.0  0.0
  0.0  0.0  0.0  0.0  0.0  0.0  0.0  0.0 74.1  0.0  0.0 49.4 24.7  0.0  0.0
  0.0 24.7  0.0  0.0  0.0 12.3  0.0 37.0  0.0 12.3 12.3  0.0  0.0  0.0  0.0
    -28.61     -2.88      5.55     -6.61      1.99  0.0  0.0  0.0  0.0  0.0
                                    t000117_s14_p18_qjpp.txt 33.8  4.8  223
  0.0  0.0  0.0 13.5  0.0  0.0  0.0  0.0 17.9  0.0  0.0  0.0  0.0  0.0  0.0
  0.0  4.5  0.0  4.5  0.0  0.0417.0112.1 31.4 49.3  0.0  0.0  0.0  0.0  0.0
  0.0  4.5  0.0  9.0  0.0  9.0 17.9  0.0  0.0  0.0  0.0  9.0  4.5 17.9  0.0
  0.0  4.5  0.0  0.0  0.0  0.0 13.5 17.9  4.5  0.0 35.9 17.9  4.5 89.7  9.0
  0.0  0.0  0.0  0.0  0.0  0.0  0.0  0.0  0.0  0.0  0.0  0.0  0.0  0.0  0.0
  0.0  0.0  0.0  0.0  0.0  0.0  0.0  0.0  0.0  0.0  0.0  0.0  0.0  0.0  0.0
  0.0  0.0  4.5  0.0  0.0  0.0  0.0  0.0  0.0  0.0  0.0  0.0  4.5  0.0  0.0
  0.0  0.0  0.0  0.0  4.5  0.0  4.5  4.5  0.0  0.0  0.0  0.0  0.0  0.0  0.0
  0.0  0.0  0.0  0.0  0.0  0.0  0.0  0.0 35.9  4.5  9.0 49.3 17.9  4.5  0.0
  0.0  4.5  0.0  0.0  0.0  0.0  4.5  9.0  9.0  9.0  9.0  0.0  9.0  0.0  0.0
    -19.05     -4.11     -0.44     -3.02      1.89  9.0  0.0  0.0  0.0  0.0
                                    t000117_s14_p19_qjpp.txt 27.3  4.8  451
  8.9  0.0  0.0 53.2  0.0  0.0  0.0  0.0  2.2  0.0  0.0  0.0  0.0  0.0  0.0
  0.0  0.0  0.0  2.2  0.0  0.0352.5128.6 46.6 66.5  2.2  8.9  0.0  0.0  0.0
  2.2  0.0  0.0  6.7  4.4 17.7  2.2  0.0  0.0  0.0  0.0  0.0  2.2 24.4  0.0
  2.2  6.7  0.0  0.0  2.2  0.0  8.9 26.6  0.0  2.2 55.4  4.4  0.0144.1  6.7
  2.2  0.0  0.0  0.0  0.0  0.0  0.0  0.0  0.0  0.0  0.0  0.0  0.0  0.0  0.0
  0.0  0.0  0.0  0.0  0.0  0.0  0.0  0.0  0.0  0.0  0.0  0.0  0.0  0.0  0.0
  0.0  0.0  0.0  0.0  0.0  0.0  0.0  0.0  0.0  0.0  0.0  0.0  0.0  0.0  0.0
  0.0  0.0  0.0  0.0  0.0  0.0  0.0  0.0  0.0  0.0  0.0  0.0  0.0  0.0  0.0
  0.0  0.0  0.0  0.0  0.0  0.0  0.0  0.0 17.7  2.2  8.9 28.8  6.7 11.1  0.0
  0.0  0.0  0.0  0.0  0.0  2.2  2.2 64.3  2.2  0.0  0.0  4.4  2.2  2.2  0.0
    -25.17     -1.74     -1.22     -6.61      2.17  0.0  2.2  0.0  0.0  0.0
                                     t000117_s14_p2_qjpp.txt  4.8  5.1   22
  0.0  0.0  0.0 90.9  0.0  0.0  0.0  0.0  0.0  0.0  0.0  0.0  0.0  0.0  0.0
  0.0  0.0  0.0  0.0  0.0  0.0409.1 90.9  0.0  0.0  0.0  0.0  0.0  0.0  0.0
  0.0  0.0  0.0  0.0  0.0  0.0  0.0 45.5  0.0  0.0 45.5  0.0  0.0 45.5 45.5
  0.0  0.0  0.0  0.0  0.0 90.9  0.0 90.9  0.0  0.0  0.0  0.0  0.0 90.9  0.0
  0.0  0.0  0.0  0.0  0.0  0.0  0.0  0.0  0.0  0.0  0.0  0.0  0.0  0.0  0.0
  0.0  0.0  0.0  0.0  0.0  0.0  0.0  0.0  0.0  0.0  0.0  0.0  0.0  0.0  0.0
  0.0  0.0  0.0  0.0  0.0  0.0  0.0  0.0  0.0  0.0  0.0  0.0  0.0  0.0  0.0
  0.0  0.0  0.0  0.0  0.0  0.0  0.0  0.0  0.0  0.0  0.0  0.0  0.0  0.0  0.0
  0.0  0.0  0.0  0.0  0.0  0.0  0.0  0.0  0.0  0.0 90.9  0.0 45.5  0.0  0.0
  0.0  0.0  0.0  0.0  0.0  0.0  0.0  0.0  0.0  0.0  0.0  0.0  0.0  0.0  0.0
    -23.98     -5.73      0.97     25.86     38.23  0.0  0.0  0.0  0.0  0.0
                                    t000117_s14_p20_qjpp.txt 21.3  4.3  120
  8.3  0.0  0.0 33.3  0.0  0.0  0.0  0.0  0.0  0.0  0.0  0.0  0.0  8.3  0.0
  0.0  0.0  0.0  0.0  0.0  0.0300.0100.0  0.0 75.0 16.7  0.0  0.0  0.0  0.0
  8.3  0.0  0.0  8.3  0.0 33.3 16.7 16.7  0.0  8.3  0.0 16.7  8.3 41.7  0.0
 16.7  8.3  0.0  0.0  8.3 16.7 16.7 58.3  0.0  8.3 25.0 16.7  0.0141.7  8.3
  0.0  0.0  0.0  0.0  0.0  0.0  0.0  0.0  0.0  0.0  0.0  0.0  0.0  0.0  0.0
  0.0  0.0  0.0  0.0  0.0  0.0  0.0  0.0  0.0  0.0  0.0  0.0  0.0  0.0  0.0
  0.0  8.3  0.0  0.0  0.0  0.0  0.0  0.0  0.0  0.0  0.0  0.0  0.0  0.0  0.0
  0.0  0.0  0.0  0.0  8.3  0.0  8.3  0.0  0.0  0.0  0.0  0.0  0.0  0.0  0.0
  0.0  0.0  0.0  0.0  0.0  0.0  0.0  0.0 41.7  0.0  0.0 50.0  0.0 33.3  0.0
  0.0  0.0  0.0  0.0  0.0  0.0  0.0 58.3  0.0  8.3  0.0  0.0  0.0  0.0  0.0
    -15.94     -2.52      4.27      7.82     13.27  0.0  0.0  0.0  0.0  0.0
                                    t000117_s14_p21_qjpp.txt 28.5  4.5  257
  3.9  0.0  0.0 27.2  0.0  0.0  0.0  0.0  0.0  0.0  0.0  0.0  0.0  0.0  0.0
  0.0  0.0  0.0  0.0  0.0  0.0385.2132.3 23.3 54.5  0.0  0.0  0.0  0.0  3.9
  7.8  0.0  0.0  0.0  3.9  7.8 19.5  0.0  0.0  0.0  0.0  0.0  3.9 23.3  0.0
  0.0  0.0  0.0  0.0  0.0  0.0  0.0 23.3  0.0 11.7 35.0  0.0  0.0101.2  3.9
  0.0  0.0  0.0  0.0  0.0  0.0  0.0  0.0  0.0  0.0  0.0  0.0  0.0  0.0  0.0
  0.0  0.0  0.0  3.9  3.9  0.0  0.0  0.0  0.0  0.0  0.0  0.0  0.0  0.0  0.0
  0.0  0.0 11.7  0.0  0.0  0.0  0.0  0.0  0.0  0.0  3.9  0.0  0.0  0.0  0.0
  7.8  0.0  0.0  7.8 11.7  0.0 11.7  3.9  0.0  0.0  0.0  0.0  0.0  0.0  0.0
  0.0  0.0  0.0  0.0  0.0  0.0  0.0  0.0 31.1  0.0  7.8 15.6 19.5 23.3  0.0
  0.0  0.0  0.0  0.0  0.0  0.0  0.0 15.6  0.0  0.0  7.8  7.8  0.0  0.0  0.0
    -25.97     -3.94      8.41     -6.61      2.34  0.0  0.0  0.0  0.0  0.0
                                    t000117_s14_p22_qjpp.txt 29.3  4.6  256
 15.6  0.0  0.0 15.6  0.0  0.0  0.0  0.0  3.9  0.0  0.0  0.0  3.9  3.9  0.0
  0.0  0.0  0.0  7.8  0.0  0.0351.6152.3 27.3 74.2  3.9  0.0  0.0  0.0  0.0
  3.9  0.0  0.0 15.6  0.0 23.4 11.7  0.0  0.0  0.0  0.0  0.0  0.0 19.5  0.0
  3.9  3.9  0.0  0.0  3.9  0.0 11.7 23.4  0.0  3.9 39.1  7.8  0.0121.1 15.6
  0.0  0.0  0.0  0.0  0.0  0.0  0.0  0.0  0.0  0.0  0.0  0.0  0.0  0.0  0.0
  0.0  0.0  0.0  0.0  0.0  0.0  0.0  0.0  0.0  0.0  0.0  0.0  0.0  0.0  0.0
  0.0  0.0  0.0  0.0  0.0  0.0  0.0  0.0  0.0  0.0  0.0  0.0  0.0  0.0  0.0
  0.0  0.0  0.0  0.0  0.0  0.0  0.0  0.0  0.0  0.0  0.0  0.0  0.0  0.0  0.0
  0.0  0.0  0.0  0.0  0.0  0.0  0.0  0.0 62.5  0.0 15.6 50.8  3.9  7.8  0.0
  0.0  0.0  0.0  0.0  0.0 11.7  0.0 23.4  3.9  3.9  3.9  0.0  3.9  0.0  0.0
    -20.12     -3.11     -1.27     -6.61      0.59  0.0  0.0  0.0  0.0  0.0
                                    t000117_s14_p23_qjpp.txt 29.5  5.2  198
  0.0  0.0  0.0  5.1  0.0  0.0  0.0  0.0 10.1  0.0  0.0  0.0  0.0  0.0  0.0
  0.0  0.0  0.0 10.1  0.0  0.0434.3116.2 20.2 65.7  5.1  0.0  0.0  0.0  5.1
  5.1  0.0  0.0 20.2 10.1 15.2  5.1  0.0  0.0  0.0  0.0 10.1  5.1 15.2  0.0
  0.0  0.0  0.0  0.0  0.0  0.0 10.1 15.2  0.0 10.1 25.3 15.2  0.0 75.8  0.0
  0.0  0.0  0.0  0.0  0.0  0.0  0.0  0.0  0.0  0.0  0.0  0.0  0.0  0.0  0.0
  0.0  0.0  0.0  0.0  0.0  0.0  0.0  0.0  0.0  0.0  0.0  0.0  0.0  0.0  0.0
  0.0  0.0  0.0  0.0  0.0  0.0  0.0  0.0  0.0  0.0  0.0  0.0  0.0  0.0  0.0
  0.0  0.0  0.0  0.0  0.0  0.0  0.0  0.0  0.0  0.0  0.0  0.0  0.0  0.0  0.0
  0.0  0.0  0.0  0.0  0.0  0.0  0.0  0.0 35.4  0.0 55.6 10.1  5.1 10.1  5.1
  0.0  0.0  0.0  0.0  5.1  0.0  0.0 20.2  0.0  5.1  0.0  0.0  0.0  5.1  0.0
    -26.85     -3.34     -1.51     -2.56      1.83  0.0  0.0  0.0  0.0  0.0
                                    t000117_s14_p24_qjpp.txt 13.3  4.5   75
  0.0  0.0  0.0 13.3  0.0  0.0  0.0  0.0  0.0  0.0 13.3  0.0  0.0 13.3  0.0
  0.0  0.0  0.0  0.0  0.0  0.0360.0146.7 53.3 66.7  0.0  0.0  0.0  0.0  0.0
  0.0  0.0  0.0  0.0  0.0 13.3 13.3  0.0  0.0  0.0  0.0 13.3  0.0 26.7  0.0
  0.0 13.3  0.0  0.0  0.0  0.0 13.3 26.7  0.0  0.0 53.3  0.0  0.0 93.3  0.0
  0.0  0.0  0.0  0.0  0.0  0.0  0.0  0.0  0.0  0.0  0.0  0.0  0.0  0.0  0.0
  0.0  0.0  0.0  0.0  0.0  0.0  0.0  0.0  0.0  0.0  0.0  0.0  0.0  0.0  0.0
  0.0  0.0  0.0  0.0  0.0  0.0  0.0  0.0  0.0  0.0  0.0  0.0  0.0  0.0  0.0
  0.0  0.0  0.0  0.0  0.0  0.0  0.0  0.0  0.0  0.0  0.0  0.0  0.0  0.0  0.0
  0.0  0.0  0.0  0.0  0.0  0.0  0.0  0.0 13.3  0.0  0.0  0.0  0.0 13.3  0.0
  0.0  0.0  0.0  0.0  0.0  0.0  0.0  0.0  0.0  0.0 13.3  0.0  0.0  0.0  0.0
    -20.32     -3.53      0.22     -1.27      0.41  0.0  0.0  0.0  0.0  0.0
                                    t000117_s14_p25_qjpp.txt 20.8  4.8  125
  0.0  0.0  0.0  0.0  0.0  0.0  0.0  0.0  0.0  0.0  0.0  0.0  0.0  0.0  0.0
  0.0  0.0  0.0 16.0  0.0  0.0424.0112.0 40.0 80.0  8.0  0.0  0.0  0.0  0.0
  0.0  0.0  0.0  0.0 16.0 40.0  0.0  0.0  0.0  0.0  0.0  8.0  0.0 32.0  8.0
  0.0  0.0  0.0  0.0  0.0  0.0 16.0 40.0  0.0  0.0 40.0  8.0  0.0 80.0  0.0
  0.0  0.0  0.0  0.0  0.0  0.0  0.0  0.0  0.0  0.0  0.0  0.0  0.0  0.0  0.0
  0.0  0.0  0.0  0.0  0.0  0.0  0.0  0.0  0.0  0.0  0.0  0.0  0.0  0.0  0.0
  0.0  0.0  0.0  0.0  0.0  0.0  0.0  0.0  0.0  0.0  0.0  0.0  0.0  0.0  0.0
  0.0  0.0  0.0  0.0  0.0  0.0  0.0  0.0  0.0  0.0  0.0  0.0  0.0  0.0  0.0
  0.0  0.0  0.0  0.0  0.0  0.0  0.0  0.0  8.0  0.0  8.0 40.0 40.0 32.0  0.0
  8.0  0.0  0.0  0.0  0.0  0.0  0.0  0.0  0.0 16.0  0.0  0.0  0.0  0.0  0.0
    -25.87     -2.74     -6.00     -3.41      7.38  0.0  0.0  0.0  0.0  0.0
                                    t000117_s14_p26_qjpp.txt 19.5  4.9  132
  0.0  0.0  0.0  0.0  0.0  0.0  0.0  0.0  7.6  0.0  0.0  0.0  0.0  0.0  0.0
  0.0  0.0  0.0  0.0  0.0  0.0439.4166.7 37.9 53.0  0.0  0.0  0.0  0.0  0.0
  0.0  0.0  0.0  7.6 22.7  0.0  7.6  0.0  0.0  0.0  0.0  7.6  0.0  7.6  7.6
  0.0  0.0  0.0  0.0  0.0  0.0  0.0 15.2  0.0  0.0 37.9  7.6  0.0 75.8  0.0
  0.0  0.0  0.0  0.0  0.0  0.0  0.0  0.0  0.0  0.0  0.0  0.0  0.0  0.0  0.0
  0.0  0.0  0.0  0.0  0.0  0.0  0.0  0.0  0.0  0.0  0.0  0.0  0.0  0.0  0.0
  0.0  0.0  0.0  0.0  0.0  0.0  0.0  0.0  0.0  0.0  0.0  0.0  0.0  0.0  0.0
  0.0  0.0  0.0  0.0  0.0  0.0  0.0  0.0  0.0  0.0  0.0  0.0  0.0  0.0  0.0
  0.0  0.0  0.0  0.0  0.0  0.0  0.0  7.6 15.2  0.0 15.2 30.3 30.3 15.2  0.0
  0.0  0.0  0.0  0.0  0.0  0.0  0.0  7.6  0.0  0.0  0.0  7.6 15.2  7.6  0.0
    -31.49     -3.98     -7.88     -3.57      3.35  0.0  0.0  0.0  0.0  0.0
                                    t000117_s14_p27_qjpp.txt 11.8  4.6   63
  0.0  0.0  0.0 15.9  0.0  0.0  0.0  0.0  0.0 15.9  0.0  0.0  0.0  0.0  0.0
  0.0  0.0  0.0  0.0  0.0  0.0301.6111.1  0.0 95.2  0.0  0.0  0.0  0.0  0.0
 15.9  0.0  0.0 15.9  0.0 15.9 47.6  0.0  0.0  0.0  0.0 15.9  0.0 31.7  0.0
  0.0  0.0  0.0  0.0  0.0  0.0  0.0 31.7  0.0 15.9  0.0  0.0  0.0190.5  0.0
  0.0  0.0  0.0  0.0  0.0  0.0  0.0  0.0  0.0  0.0  0.0  0.0  0.0  0.0  0.0
  0.0  0.0  0.0  0.0  0.0  0.0  0.0  0.0  0.0  0.0  0.0  0.0  0.0  0.0  0.0
  0.0  0.0  0.0  0.0  0.0  0.0  0.0  0.0  0.0  0.0  0.0  0.0  0.0  0.0  0.0
  0.0  0.0  0.0  0.0  0.0  0.0  0.0  0.0  0.0  0.0  0.0  0.0  0.0  0.0  0.0
  0.0  0.0  0.0  0.0  0.0  0.0  0.0  0.0  0.0  0.0  0.0 47.6 31.7  0.0  0.0
  0.0  0.0  0.0  0.0  0.0  0.0  0.0 31.7  0.0  0.0  0.0  0.0  0.0  0.0  0.0
    -20.34     -2.59      9.97     -0.26      1.18  0.0  0.0  0.0  0.0  0.0
                                    t000117_s14_p28_qjpp.txt 30.5  5.0  258
  3.9  0.0  0.0  7.8  0.0  0.0  0.0  0.0 15.5  0.0  0.0  0.0  0.0  3.9  0.0
  0.0  0.0  0.0  0.0  0.0  0.0422.5108.5 54.3 73.6  0.0  0.0  3.9  3.9  7.8
  0.0  3.9  0.0  0.0  0.0 11.6  7.8  0.0  0.0  0.0  0.0  0.0  0.0 27.1  3.9
  3.9  0.0  0.0  0.0  0.0  0.0  3.9 34.9  0.0 11.6 69.8 15.5  0.0120.2  7.8
  0.0  0.0  0.0  0.0  0.0  0.0  0.0  0.0  0.0  0.0  0.0  0.0  0.0  0.0  0.0
  0.0  0.0  0.0  0.0  0.0  0.0  0.0  0.0  0.0  0.0  0.0  0.0  0.0  0.0  0.0
  0.0  0.0  0.0  0.0  0.0  0.0  0.0  0.0  0.0  0.0  0.0  0.0  0.0  0.0  0.0
  0.0  0.0  0.0  0.0  0.0  0.0  0.0  0.0  0.0  0.0  0.0  0.0  0.0  0.0  0.0
  0.0  0.0  0.0  0.0  0.0  0.0  0.0  3.9 15.5  0.0 31.0 19.4  7.8 15.5  3.9
  0.0  0.0  0.0  0.0  0.0  3.9  0.0 38.8  3.9  3.9  0.0  0.0  3.9  3.9  0.0
    -27.17     -2.59      7.90     -6.61      4.72  0.0  0.0  0.0  0.0  0.0
                                    t000117_s14_p29_qjpp.txt 25.8  5.0  152
  0.0  0.0  0.0 19.7  0.0  0.0  0.0  0.0  0.0  0.0  0.0  0.0  0.0  0.0  0.0
  0.0  0.0  0.0  0.0  0.0  0.0427.6118.4 46.1 65.8  0.0  0.0  0.0  0.0  0.0
  0.0  0.0  0.0  0.0 13.2  6.6  0.0  0.0  0.0  0.0  0.0  0.0  0.0 19.7  0.0
  6.6  0.0  0.0  0.0  0.0  0.0  0.0 26.3  0.0  0.0 85.5  0.0  0.0 98.7  6.6
  0.0  0.0  0.0  0.0  0.0  0.0  0.0  0.0  0.0  0.0  0.0  0.0  0.0  0.0  0.0
  0.0  0.0  0.0  0.0  0.0  0.0  0.0  0.0  0.0  0.0  0.0  0.0  0.0  0.0  0.0
  0.0  0.0  0.0  0.0  0.0  6.6  0.0  0.0  0.0  0.0  0.0  0.0  0.0  0.0  0.0
  0.0  0.0  0.0  0.0  0.0  6.6  6.6  0.0  0.0  0.0  0.0  0.0  0.0  0.0  0.0
  0.0  0.0  0.0  0.0  0.0  0.0  0.0  6.6  0.0  6.6 46.1 13.2  6.6  0.0  6.6
  0.0  0.0  0.0  0.0  0.0  6.6  0.0 19.7  6.6  6.6  6.6  0.0  0.0  6.6  0.0
    -29.82     -3.56     -3.27     -6.61      1.49  0.0  6.6  6.6  0.0  0.0
                                     t000117_s14_p3_qjpp.txt 19.5  5.0  109
  0.0  0.0  0.0  9.2  0.0  0.0  0.0  0.0  9.2  0.0  0.0  0.0  0.0  0.0  0.0
  0.0  0.0  0.0  0.0  0.0  0.0348.6156.0 64.2 55.0  0.0  0.0  0.0  0.0  0.0
  0.0  9.2  0.0  0.0  0.0 18.3  0.0  0.0  0.0  0.0  0.0  9.2  0.0 45.9  9.2
 18.3  9.2  0.0  0.0  0.0  0.0 18.3 73.4  0.0  0.0 82.6  9.2  0.0 82.6  0.0
  0.0  0.0  0.0  0.0  0.0  0.0  0.0  0.0  0.0  0.0  0.0  0.0  0.0  0.0  0.0
  0.0  0.0  0.0  0.0  0.0  0.0  0.0  0.0  0.0  0.0  0.0  0.0  0.0  0.0  0.0
  0.0  0.0  0.0  0.0  0.0  0.0  0.0  0.0  0.0  0.0  0.0  0.0  0.0  0.0  0.0
  0.0  0.0  0.0  0.0  0.0  0.0  0.0  0.0  0.0  0.0  0.0  0.0  0.0  0.0  0.0
  0.0  0.0  0.0  0.0  0.0  0.0  0.0  0.0  0.0  0.0  9.2 18.3 18.3 18.3  0.0
  0.0  0.0  0.0  0.0  0.0  9.2  0.0 18.3  0.0  9.2  0.0  0.0  0.0  0.0  0.0
    -29.86     -3.92      3.33     -2.94     16.30  0.0  0.0  0.0  0.0  0.0
                                    t000117_s14_p30_qjpp.txt 19.3  5.6  110
  0.0  0.0  0.0  0.0  0.0  0.0  0.0  0.0  9.1  0.0  0.0  0.0  0.0  0.0  0.0
  0.0  0.0  0.0  0.0  0.0  0.0509.1154.5 45.5 54.5  0.0  0.0  9.1  0.0  0.0
  0.0  0.0  0.0  0.0  0.0  0.0  0.0  0.0  0.0  0.0  0.0  0.0  0.0 18.2  0.0
 18.2  0.0  0.0  0.0  0.0  0.0  0.0 36.4  0.0  0.0 72.7  9.1  0.0 72.7  9.1
  0.0  0.0  0.0  0.0  0.0  0.0  0.0  0.0  0.0  0.0  0.0  0.0  0.0  0.0  0.0
  0.0  0.0  0.0  0.0  0.0  0.0  0.0  0.0  0.0  0.0  0.0  0.0  0.0  0.0  0.0
  0.0  0.0  0.0  0.0  0.0  0.0  0.0  0.0  0.0  0.0  0.0  0.0  0.0  0.0  0.0
  0.0  0.0  0.0  0.0  0.0  0.0  0.0  0.0  0.0  0.0  0.0  0.0  0.0  0.0  0.0
  0.0  0.0  0.0  0.0  0.0  0.0  0.0  0.0  9.1  0.0 18.2 63.6  0.0  9.1  0.0
  0.0  0.0  0.0  0.0  0.0  9.1  9.1 27.3  0.0  0.0  0.0  0.0  0.0  0.0  0.0
    -35.11     -2.25      0.97     -6.61      4.99  0.0  0.0  0.0  0.0  0.0
                                    t000117_s14_p31_qjpp.txt 35.0  5.0  348
  2.9  0.0  0.0  5.7  0.0  0.0  0.0  0.0  8.6  0.0  0.0  0.0  0.0  0.0  0.0
  0.0  0.0  0.0  8.6  0.0  0.0488.5 63.2 57.5 17.2  2.9  2.9  0.0  0.0  2.9
  0.0  5.7  0.0  0.0  0.0  8.6  5.7  0.0  0.0  0.0  0.0  0.0  0.0  5.7  0.0
  5.7  0.0  0.0  0.0  0.0  0.0 14.4 11.5  0.0  2.9 60.3 11.5  0.0 46.0  0.0
  0.0  0.0  0.0  0.0  0.0  0.0  0.0  0.0  0.0  0.0  0.0  0.0  0.0  0.0  0.0
  0.0  0.0  0.0  0.0  0.0  0.0  0.0  0.0  0.0  0.0  0.0  0.0  0.0  0.0  0.0
  0.0  0.0  0.0  0.0  0.0  0.0  0.0  0.0  0.0  0.0  0.0  0.0  0.0  0.0  0.0
  0.0  0.0  0.0  0.0  0.0  0.0  0.0  0.0  0.0  0.0  0.0  0.0  0.0  0.0  0.0
  0.0  0.0  0.0  0.0  0.0  0.0  0.0  0.0  5.7  5.7 17.2 14.4 17.2  0.0  0.0
  0.0  0.0  0.0  0.0  0.0  2.9  0.0 11.5  0.0  2.9  0.0  0.0  0.0  0.0  0.0
    -28.03     -4.48      4.05     -6.61     -0.90  0.0  0.0  0.0  0.0  0.0
                                    t000117_s14_p32_qjpp.txt 23.3  4.4  161
  0.0  0.0  0.0 24.8  0.0  0.0  0.0  0.0 18.6  0.0  0.0  0.0  0.0  0.0  0.0
  0.0  0.0  6.2 18.6  0.0  0.0285.7118.0 31.1 37.3  0.0  0.0  0.0  0.0  0.0
  6.2  6.2  0.0 12.4  6.2 24.8 24.8  0.0  0.0  0.0  0.0  0.0 12.4 12.4  0.0
  0.0  0.0  0.0  0.0  0.0  6.2 24.8 12.4  0.0  6.2 74.5 18.6  0.0 87.0  0.0
  0.0  0.0  0.0  0.0  0.0  0.0  0.0  0.0  0.0  0.0  0.0  0.0  0.0  0.0  0.0
  0.0  0.0  0.0  0.0  0.0  0.0  0.0  0.0  0.0  0.0  0.0  0.0  0.0  0.0  0.0
  0.0  0.0  0.0  0.0  0.0  0.0  0.0  0.0  0.0  0.0  0.0  0.0  0.0  0.0  0.0
  0.0  0.0  0.0  0.0  0.0  0.0  0.0  0.0  0.0  0.0  0.0  0.0  0.0  0.0  0.0
  0.0  0.0  0.0  0.0  0.0  0.0  0.0  0.0 12.4  0.0 24.8  0.0 24.8 31.1  0.0
  0.0  0.0  0.0  0.0  0.0  0.0  0.0 37.3  6.2 12.4  0.0  0.0 12.4  0.0  0.0
    -16.99     -4.50      2.13     -6.61      6.02  0.0  0.0  0.0  0.0  0.0
                                    t000117_s14_p33_qjpp.txt 28.0  5.2  190
 15.8  0.0  0.0  5.3  0.0  0.0  0.0  0.0 21.1  0.0  0.0  0.0  0.0  0.0  0.0
  0.0  0.0  0.0  0.0  0.0  0.0410.5 78.9 47.4 36.8  0.0  5.3  0.0  0.0  0.0
  0.0  5.3  0.0  0.0 10.5 26.3 10.5  0.0  0.0  0.0  0.0  0.0  0.0  0.0  0.0
  0.0  0.0  0.0  0.0  0.0  0.0  5.3  0.0  0.0  0.0 63.2 21.1  0.0 68.4  0.0
  0.0  0.0  0.0  0.0  0.0  0.0  0.0  0.0  0.0  0.0  0.0  0.0  0.0  0.0  0.0
  0.0  0.0  0.0  0.0  0.0  0.0  0.0  0.0  0.0  0.0  0.0  0.0  0.0  0.0  0.0
  0.0  0.0  0.0  0.0  0.0  0.0  0.0  0.0  0.0  0.0  0.0  0.0  0.0  0.0  0.0
  0.0  0.0  0.0  0.0  0.0  0.0  0.0  0.0  0.0  0.0  0.0  0.0  0.0  0.0  0.0
  0.0  0.0  0.0  0.0  0.0  0.0  0.0  0.0 26.3 10.5 15.8  0.0 15.8 21.1  0.0
  0.0  0.0  0.0  0.0  0.0  0.0  0.0 10.5 10.5 21.1  0.0  5.3  5.3  0.0  0.0
    -26.28     -3.50     -1.67     -6.61     -3.63  0.0  0.0  0.0  0.0  0.0
                                    t000117_s14_p34_qjpp.txt 10.0  5.3   52
 38.5  0.0  0.0  0.0  0.0  0.0  0.0  0.0 57.7  0.0  0.0  0.0  0.0  0.0  0.0
  0.0  0.0  0.0  0.0  0.0  0.0365.4115.4 57.7 57.7  0.0  0.0  0.0  0.0  0.0
  0.0  0.0  0.0 19.2  0.0 19.2  0.0  0.0  0.0  0.0  0.0  0.0  0.0  0.0  0.0
  0.0  0.0  0.0  0.0  0.0  0.0  0.0  0.0  0.0  0.0 57.7 57.7  0.0 76.9  0.0
  0.0  0.0  0.0  0.0  0.0  0.0  0.0  0.0  0.0  0.0  0.0  0.0  0.0  0.0  0.0
  0.0  0.0  0.0  0.0  0.0  0.0  0.0  0.0  0.0  0.0  0.0  0.0  0.0  0.0  0.0
  0.0  0.0  0.0  0.0  0.0  0.0  0.0  0.0  0.0  0.0  0.0  0.0  0.0  0.0  0.0
  0.0  0.0  0.0  0.0  0.0  0.0  0.0  0.0  0.0  0.0  0.0  0.0  0.0  0.0  0.0
  0.0  0.0  0.0  0.0  0.0  0.0  0.0  0.0 76.9  0.0  0.0 19.2 19.2 57.7  0.0
  0.0  0.0  0.0  0.0  0.0  0.0  0.0  0.0 38.5 38.5  0.0  0.0  0.0  0.0  0.0
    -24.05     -3.83     -5.61     -6.61     -3.63  0.0  0.0  0.0  0.0  0.0
                                    t000117_s14_p35_qjpp.txt 10.8  5.7   52
 19.2  0.0  0.0  0.0  0.0  0.0  0.0  0.0 38.5  0.0  0.0  0.0  0.0  0.0  0.0
  0.0  0.0  0.0  0.0  0.0  0.0346.2230.8 38.5 57.7 19.2  0.0  0.0  0.0  0.0
  0.0 19.2  0.0 19.2  0.0 38.5  0.0  0.0  0.0  0.0  0.0  0.0  0.0  0.0  0.0
  0.0  0.0  0.0  0.0  0.0  0.0 19.2  0.0  0.0  0.0 96.2 57.7  0.0 76.9  0.0
 19.2  0.0  0.0  0.0  0.0  0.0  0.0  0.0  0.0  0.0  0.0  0.0  0.0  0.0  0.0
  0.0  0.0  0.0  0.0  0.0  0.0  0.0  0.0  0.0  0.0  0.0  0.0  0.0  0.0  0.0
  0.0  0.0  0.0  0.0  0.0  0.0  0.0  0.0  0.0  0.0  0.0  0.0  0.0  0.0  0.0
  0.0  0.0  0.0  0.0  0.0  0.0  0.0  0.0  0.0  0.0  0.0  0.0  0.0  0.0  0.0
  0.0  0.0  0.0  0.0  0.0  0.0  0.0  0.0 38.5  0.0  0.0  0.0  0.0  0.0  0.0
  0.0  0.0  0.0  0.0  0.0 19.2  0.0  0.0 19.2 38.5  0.0  0.0  0.0  0.0  0.0
    -30.39     -2.98      0.42     -6.61     -3.63  0.0  0.0  0.0  0.0  0.0
                                    t000117_s14_p36_qjpp.txt 32.3  5.0  294
 10.2  0.0  0.0  6.8  0.0  0.0  0.0  0.0 20.4  0.0  0.0  0.0  0.0  3.4  0.0
  0.0  0.0  0.0  3.4  0.0  0.0394.6102.0 44.2 27.2  3.4  0.0  0.0  0.0  3.4
  0.0  0.0  0.0 10.2  6.8 13.6 17.0  0.0  0.0  3.4  0.0  0.0  3.4  6.8  0.0
  6.8  3.4  0.0  3.4  3.4  0.0 10.2 13.6  0.0  3.4 57.8 23.8  0.0 74.8 10.2
  0.0  0.0  0.0  0.0  0.0  0.0  0.0  0.0  0.0  0.0  0.0  0.0  0.0  0.0  0.0
  0.0  0.0  0.0  0.0  0.0  0.0  3.4  0.0  0.0  0.0  0.0  0.0  0.0  0.0  0.0
  3.4  0.0  0.0  0.0  0.0  0.0  0.0  0.0  0.0  0.0  3.4  0.0  0.0  0.0  0.0
  3.4  0.0  0.0  3.4  3.4  0.0  3.4  3.4  0.0  0.0  0.0  0.0  0.0  0.0  0.0
  0.0  0.0  0.0  0.0  0.0  0.0  0.0  0.0 34.0  6.8 10.2 20.4 10.2  0.0  0.0
  0.0  0.0  0.0  0.0  0.0 13.6  0.0 17.0  6.8 20.4  0.0  0.0  0.0  0.0  0.0
    -24.30     -4.68     -3.01     -5.06      1.72  0.0  0.0  0.0  0.0  0.0
                                    t000117_s14_p37_qjpp.txt 33.8  4.5  307
  6.5  0.0  0.0 13.0  0.0  0.0  0.0  0.0 22.8  0.0  0.0  0.0  0.0  0.0  0.0
  0.0  0.0  0.0  0.0  0.0  0.0377.9 84.7 22.8 39.1  0.0  0.0  0.0  0.0  3.3
  0.0  0.0  0.0  6.5  0.0  9.8  9.8  0.0  0.0  0.0  0.0  0.0  0.0  6.5  0.0
  3.3  0.0  0.0  0.0  0.0  0.0  0.0  9.8  0.0  3.3 32.6 22.8  0.0 81.4  3.3
  6.5  0.0  0.0  0.0  0.0  0.0  0.0  0.0  0.0  0.0  0.0  0.0  0.0  0.0  0.0
  0.0  0.0  0.0  0.0  0.0  0.0  0.0  0.0  0.0  0.0  0.0  0.0  0.0  0.0  0.0
  0.0  0.0  0.0  0.0  0.0  0.0  0.0  0.0  0.0  0.0  0.0  0.0  0.0  0.0  0.0
  0.0  0.0  0.0  0.0  0.0  0.0  0.0  0.0  0.0  0.0  0.0  0.0  0.0  0.0  0.0
  0.0  0.0  0.0  0.0  0.0  0.0  0.0  0.0 16.3  3.3  9.8  9.8  3.3  6.5  0.0
  0.0  0.0  0.0  0.0  0.0  3.3  0.0 22.8  6.5 13.0  0.0  0.0  0.0  0.0  0.0
    -23.20     -4.44      0.19     -6.61     -1.59  0.0  0.0  0.0  0.0  0.0
                                    t000117_s14_p38_qjpp.txt 31.0  4.9  263
  3.8  0.0  0.0 30.4  0.0  0.0  0.0  0.0 22.8  0.0  0.0  0.0  0.0  0.0  0.0
  0.0  0.0  0.0  0.0  0.0  0.0429.7133.1 22.8 30.4  3.8  0.0  0.0  0.0  0.0
  0.0  0.0  0.0  7.6  0.0 19.0  0.0  0.0  0.0  0.0  0.0  0.0 11.4  3.8  3.8
  0.0  7.6  0.0  0.0  0.0  0.0  7.6  7.6  0.0  0.0 26.6 26.6  0.0 72.2  3.8
  0.0  0.0  0.0  0.0  0.0  0.0  0.0  0.0  0.0  0.0  0.0  0.0  0.0  0.0  0.0
  0.0  0.0  0.0  0.0  0.0  0.0  0.0  0.0  0.0  0.0  0.0  0.0  0.0  0.0  0.0
  0.0  0.0  0.0  0.0  0.0  0.0  0.0  0.0  0.0  0.0  0.0  0.0  0.0  0.0  0.0
  0.0  0.0  0.0  0.0  0.0  0.0  0.0  0.0  0.0  0.0  0.0  0.0  0.0  0.0  0.0
  0.0  0.0  0.0  0.0  0.0  0.0  0.0  3.8 11.4  3.8 19.0  3.8  0.0 15.2  0.0
  0.0  0.0  0.0  0.0  0.0 11.4  0.0 19.0  3.8  3.8  0.0  0.0  7.6  0.0  0.0
    -27.28     -4.56     -2.28     -6.61      7.00  0.0  0.0  0.0  0.0  0.0
                                    t000117_s14_p39_qjpp.txt  5.5  6.4   22
  0.0  0.0  0.0  0.0  0.0  0.0  0.0  0.0 45.5  0.0  0.0  0.0  0.0  0.0  0.0
  0.0  0.0  0.0 45.5  0.0  0.0500.0 90.9 90.9 90.9  0.0  0.0  0.0  0.0  0.0
  0.0  0.0  0.0  0.0  0.0  0.0  0.0  0.0  0.0  0.0  0.0  0.0  0.0  0.0  0.0
  0.0  0.0  0.0  0.0  0.0  0.0 45.5  0.0  0.0  0.0 90.9 45.5  0.0 90.9  0.0
  0.0  0.0  0.0  0.0  0.0  0.0  0.0  0.0  0.0  0.0  0.0  0.0  0.0  0.0  0.0
  0.0  0.0  0.0  0.0  0.0  0.0  0.0  0.0  0.0  0.0  0.0  0.0  0.0  0.0  0.0
  0.0  0.0  0.0  0.0  0.0  0.0  0.0  0.0  0.0  0.0  0.0  0.0  0.0  0.0  0.0
  0.0  0.0  0.0  0.0  0.0  0.0  0.0  0.0  0.0  0.0  0.0  0.0  0.0  0.0  0.0
  0.0  0.0  0.0  0.0  0.0  0.0  0.0  0.0  0.0 45.5  0.0 45.5 90.9  0.0  0.0
  0.0  0.0  0.0  0.0  0.0  0.0  0.0 45.5  0.0  0.0  0.0  0.0  0.0  0.0  0.0
    -25.99     -2.74      0.97     -6.61     -3.63  0.0  0.0  0.0  0.0  0.0
                                     t000117_s14_p4_qjpp.txt 18.8  4.2   94
  0.0  0.0  0.0 21.3  0.0  0.0  0.0  0.0  0.0  0.0  0.0  0.0  0.0  0.0  0.0
  0.0  0.0  0.0  0.0  0.0  0.0521.3 63.8 42.6 21.3 10.6  0.0  0.0  0.0  0.0
  0.0  0.0  0.0  0.0  0.0 10.6  0.0  0.0  0.0  0.0  0.0  0.0  0.0  0.0 10.6
  0.0  0.0  0.0  0.0  0.0  0.0  0.0 10.6  0.0  0.0 42.6 10.6  0.0 42.6  0.0
  0.0  0.0  0.0  0.0  0.0  0.0  0.0  0.0  0.0  0.0  0.0  0.0  0.0  0.0  0.0
  0.0  0.0  0.0  0.0  0.0  0.0  0.0  0.0  0.0  0.0  0.0  0.0  0.0  0.0  0.0
  0.0  0.0  0.0  0.0  0.0  0.0  0.0  0.0  0.0  0.0  0.0  0.0  0.0  0.0  0.0
  0.0  0.0  0.0  0.0  0.0  0.0  0.0  0.0  0.0  0.0  0.0  0.0  0.0  0.0  0.0
  0.0  0.0  0.0  0.0  0.0  0.0  0.0  0.0  0.0 10.6 21.3 10.6 10.6  0.0  0.0
 10.6  0.0  0.0  0.0  0.0  0.0  0.0  0.0  0.0  0.0  0.0  0.0  0.0 10.6  0.0
    -28.05     -4.56      0.37     -6.61      4.56  0.0  0.0  0.0  0.0  0.0
                                    t000117_s14_p40_qjpp.txt 24.8  5.0  299
  3.3  0.0  0.0 16.7  0.0  0.0  0.0  0.0 30.1  0.0  0.0  0.0  0.0  0.0  0.0
  0.0  0.0  3.3  6.7  0.0  0.0394.6133.8 36.8 40.1  0.0  0.0  3.3  0.0  0.0
  0.0  0.0  0.0 10.0  0.0 26.8 23.4  0.0  0.0  0.0  0.0  0.0  6.7  3.3  0.0
  3.3  3.3  0.0  0.0  0.0  3.3 10.0  6.7  0.0  0.0 56.9 30.1  0.0 90.3  3.3
  0.0  0.0  0.0  0.0  0.0  0.0  0.0  0.0  0.0  0.0  0.0  0.0  0.0  0.0  0.0
  0.0  0.0  0.0  0.0  0.0  0.0  0.0  0.0  0.0  0.0  0.0  0.0  0.0  0.0  0.0
  0.0  0.0  0.0  0.0  0.0  0.0  0.0  0.0  0.0  0.0  0.0  0.0  0.0  0.0  0.0
  0.0  0.0  0.0  0.0  0.0  0.0  0.0  0.0  0.0  0.0  0.0  0.0  0.0  0.0  0.0
  0.0  0.0  0.0  0.0  0.0  0.0  0.0  0.0 80.3 13.4 16.7 16.7 20.1  0.0  3.3
  0.0  3.3  0.0  0.0  0.0  0.0  0.0 40.1  0.0 13.4  0.0  0.0  3.3  0.0  0.0
    -25.34     -3.79     -3.41     -6.61      2.14  0.0  0.0  0.0  0.0  0.0
                                    t000117_s14_p41_qjpp.txt 26.3  4.8  153
  0.0  0.0  0.0 19.6  0.0  0.0  0.0  0.0  6.5  0.0  0.0  0.0  0.0  0.0  0.0
  0.0  0.0  0.0  6.5  0.0  0.0411.8137.3 52.3 65.4  0.0  0.0  0.0  0.0  0.0
  0.0 13.1  0.0  0.0  0.0  6.5  6.5  0.0  0.0  0.0  0.0  0.0  0.0 19.6 13.1
  0.0  0.0  0.0  0.0  0.0  0.0 19.6 32.7  0.0  0.0 71.9  6.5  0.0 91.5  0.0
  0.0  0.0  0.0  0.0  0.0  0.0  0.0  0.0  0.0  0.0  0.0  0.0  0.0  0.0  0.0
  0.0  0.0  0.0  0.0  0.0  0.0  0.0  0.0  0.0  0.0  0.0  0.0  0.0  0.0  0.0
  0.0  0.0  0.0  0.0  0.0  0.0  0.0  0.0  0.0  0.0  0.0  0.0  0.0  0.0  0.0
  0.0  0.0  0.0  0.0  0.0  0.0  0.0  0.0  0.0  0.0  0.0  0.0  0.0  0.0  0.0
  0.0  0.0  0.0  0.0  0.0  0.0  0.0  0.0  0.0  6.5 26.1 39.2 13.1  0.0  6.5
  0.0  6.5  0.0  0.0  0.0  0.0  0.0 19.6  6.5  6.5  0.0  0.0  0.0  0.0  0.0
    -28.28     -3.58      5.44     -6.61      9.40  0.0  0.0  0.0  0.0  0.0
                                    t000117_s14_p42_qjpp.txt 10.3  4.7   60
 16.7  0.0  0.0 16.7  0.0  0.0  0.0  0.0  0.0  0.0  0.0  0.0  0.0  0.0  0.0
  0.0  0.0  0.0  0.0  0.0  0.0350.0133.3 50.0 66.7  0.0  0.0  0.0  0.0  0.0
  0.0  0.0  0.0  0.0  0.0  0.0  0.0  0.0  0.0  0.0  0.0  0.0  0.0  0.0  0.0
  0.0  0.0  0.0  0.0  0.0  0.0  0.0  0.0  0.0  0.0116.7  0.0  0.0 83.3  0.0
  0.0  0.0  0.0  0.0  0.0  0.0  0.0  0.0  0.0  0.0  0.0  0.0  0.0  0.0  0.0
  0.0  0.0  0.0  0.0  0.0  0.0  0.0  0.0  0.0  0.0  0.0  0.0  0.0  0.0  0.0
  0.0  0.0  0.0  0.0  0.0  0.0  0.0  0.0  0.0  0.0  0.0  0.0  0.0  0.0  0.0
  0.0  0.0  0.0  0.0  0.0  0.0  0.0  0.0  0.0  0.0  0.0  0.0  0.0  0.0  0.0
  0.0  0.0  0.0  0.0  0.0  0.0  0.0  0.0  0.0  0.0 16.7 16.7  0.0 16.7  0.0
  0.0  0.0  0.0  0.0  0.0  0.0  0.0 16.7  0.0  0.0  0.0  0.0  0.0  0.0  0.0
    -26.04     -3.53      0.97     -6.61     -3.63  0.0  0.0  0.0  0.0  0.0
                                    t000117_s14_p43_qjpp.txt 12.8  5.3   62
  0.0  0.0  0.0  0.0  0.0  0.0  0.0  0.0 32.3  0.0  0.0  0.0  0.0  0.0  0.0
  0.0  0.0  0.0  0.0  0.0  0.0516.1 96.8 16.1 48.4  0.0  0.0 16.1  0.0  0.0
  0.0  0.0  0.0  0.0  0.0 16.1  0.0  0.0  0.0  0.0  0.0  0.0  0.0  0.0  0.0
  0.0 16.1  0.0  0.0  0.0  0.0 16.1  0.0  0.0  0.0 16.1 32.3  0.0 64.5  0.0
  0.0  0.0  0.0  0.0  0.0  0.0  0.0  0.0  0.0  0.0  0.0  0.0  0.0  0.0  0.0
  0.0  0.0  0.0  0.0  0.0  0.0  0.0  0.0  0.0  0.0  0.0  0.0  0.0  0.0  0.0
  0.0  0.0  0.0  0.0  0.0  0.0  0.0  0.0  0.0  0.0  0.0  0.0  0.0  0.0  0.0
  0.0  0.0  0.0  0.0  0.0  0.0  0.0  0.0  0.0  0.0  0.0  0.0  0.0  0.0  0.0
  0.0  0.0  0.0  0.0  0.0  0.0  0.0  0.0  0.0  0.0 16.1 32.3  0.0 16.1  0.0
  0.0  0.0  0.0  0.0  0.0  0.0  0.0 32.3  0.0  0.0  0.0  0.0  0.0  0.0  0.0
    -29.88     -1.15      0.06     -6.61     -3.63  0.0  0.0  0.0  0.0  0.0
                                    t000117_s14_p44_qjpp.txt 14.5  4.2  124
  8.1  8.1  0.0 64.5  0.0  0.0  8.1  0.0 48.4  0.0  0.0  0.0  0.0  0.0  0.0
  0.0  0.0  0.0  8.1  0.0  0.0322.6241.9 16.1 40.3  0.0  0.0  0.0  0.0  0.0
  0.0  0.0  0.0 16.1 40.3 16.1  8.1  0.0  0.0  0.0  0.0  0.0  8.1  0.0  0.0
  0.0  0.0  0.0  0.0  0.0  0.0  8.1  0.0  0.0  0.0 32.3 48.4  0.0112.9  0.0
  8.1  0.0  0.0  0.0  0.0  0.0  0.0  0.0  0.0  0.0  0.0  0.0  0.0  0.0  0.0
  0.0  0.0  0.0  0.0  0.0  8.1  0.0  0.0  0.0  0.0  0.0  0.0  0.0  0.0  0.0
  0.0  0.0  0.0  0.0  0.0  0.0  0.0  0.0  0.0  0.0  0.0  0.0  0.0  0.0  0.0
  8.1  0.0  0.0  8.1  0.0  0.0  0.0  0.0  0.0  0.0  0.0  0.0  0.0  0.0  0.0
  0.0  0.0  0.0  0.0  0.0  0.0  0.0  0.0 40.3  0.0  8.1  0.0  0.0 24.2  0.0
  0.0  0.0  0.0  0.0  0.0  0.0  0.0 24.2  8.1 24.2  0.0  8.1  0.0  0.0  0.0
    -18.81     -4.40    -16.41     -6.61      1.41  0.0  0.0  0.0  0.0  8.1
                                    t000117_s14_p45_qjpp.txt 23.5  5.1  123
 24.4  0.0  0.0 48.8  0.0  0.0  0.0  0.0  8.1  0.0  0.0  0.0  0.0  0.0  0.0
  0.0  0.0  0.0  8.1  8.1  0.0341.5105.7 56.9 81.3  0.0  0.0  0.0  0.0  0.0
  0.0  0.0  0.0  0.0  8.1 32.5  0.0  0.0  0.0  8.1  0.0  0.0  8.1 40.7  0.0
  0.0  0.0  0.0  0.0  8.1  0.0 16.3 40.7  8.1  0.0 73.2  8.1  0.0146.3 16.3
  0.0  0.0  0.0  0.0  0.0  0.0  0.0  0.0  0.0  0.0  0.0  0.0  0.0  0.0  0.0
  0.0  0.0  0.0  0.0  0.0  0.0  0.0  0.0  0.0  0.0  0.0  0.0  0.0  0.0  0.0
  0.0  0.0  0.0  0.0  0.0  0.0  0.0  0.0  0.0  0.0  8.1  0.0  0.0  0.0  0.0
  0.0  0.0  0.0  0.0  0.0  0.0  0.0  8.1  0.0  0.0  0.0  0.0  0.0  0.0  0.0
  0.0  0.0  0.0  0.0  0.0  0.0  0.0  0.0  8.1  0.0 24.4  8.1 16.3  0.0  0.0
  0.0  0.0  0.0  0.0  0.0  0.0  0.0 65.0  8.1 16.3  0.0  0.0 16.3  0.0  0.0
    -14.44     -3.05     -3.27     -2.91      7.61  0.0  0.0  0.0  0.0  0.0
                                     t000117_s14_p5_qjpp.txt 30.5  5.0  313
  6.4  0.0  0.0  3.2  0.0  0.0  0.0  0.0  0.0  0.0  0.0  0.0  0.0  0.0  0.0
  0.0  0.0  0.0  0.0  0.0  0.0450.5118.2 51.1 57.5  0.0  0.0  0.0  0.0  0.0
  0.0  0.0  0.0  9.6  0.0  9.6  0.0  0.0  0.0  0.0  0.0  0.0  3.2 28.8  3.2
  6.4  0.0  0.0  0.0  0.0  0.0  0.0 38.3  0.0  0.0 63.9  0.0  0.0 83.1 12.8
  0.0  0.0  0.0  0.0  0.0  0.0  0.0  0.0  0.0  0.0  0.0  0.0  0.0  0.0  0.0
  0.0  0.0  0.0  0.0  0.0  0.0  0.0  0.0  0.0  0.0  0.0  0.0  0.0  0.0  0.0
  0.0  0.0  0.0  0.0  0.0  0.0  0.0  0.0  0.0  0.0  0.0  0.0  0.0  0.0  0.0
  0.0  0.0  0.0  0.0  0.0  0.0  0.0  0.0  0.0  0.0  0.0  0.0  0.0  0.0  0.0
  0.0  0.0  0.0  0.0  0.0  0.0  0.0  0.0  0.0  0.0  3.2  3.2  3.2  3.2  3.2
  0.0  0.0  0.0  0.0  0.0  3.2  3.2 22.4  3.2  0.0  0.0  0.0  0.0  0.0  0.0
    -30.57     -3.84     -2.31     -6.61      7.25  0.0  0.0  0.0  0.0  0.0
                                     t000117_s14_p6_qjpp.txt 29.8  5.0  160
  0.0  0.0  0.0  6.3  0.0  0.0  0.0  0.0  0.0  0.0  0.0  0.0  0.0  0.0  0.0
  0.0  0.0  0.0  0.0  0.0  0.0656.3 56.3 25.0 37.5  0.0  0.0  0.0  0.0  6.3
  0.0  0.0  0.0  0.0 12.5  6.3  0.0  0.0  0.0  0.0  0.0  0.0  0.0  6.3 18.8
  0.0  0.0  0.0  0.0 12.5  0.0  0.0 25.0  0.0  6.3 50.0  0.0  0.0 56.3  0.0
  0.0  0.0  0.0  0.0  0.0  0.0  0.0  0.0  0.0  0.0  0.0  0.0  0.0  0.0  0.0
  0.0  0.0  0.0  0.0  0.0  0.0  0.0  0.0  0.0  0.0  0.0  0.0  0.0  0.0  0.0
  0.0  0.0  0.0  0.0  0.0  0.0  0.0  0.0  0.0  0.0  0.0  0.0  0.0  0.0  0.0
  0.0  0.0  0.0  0.0  0.0  0.0  0.0  0.0  0.0  0.0  0.0  0.0  0.0  0.0  0.0
  0.0  0.0  0.0  0.0  0.0  0.0  0.0  0.0  6.3  0.0 18.8  0.0  6.3  0.0  0.0
  0.0  0.0  0.0  0.0  0.0 12.5  0.0 25.0  0.0  0.0  0.0  0.0  0.0  6.3  0.0
    -33.00     -4.49      0.07     -6.61     11.74  0.0  0.0  0.0  0.0  0.0
                                     t000117_s14_p7_qjpp.txt 24.5  5.4  125
  8.0  0.0  0.0  0.0  0.0  0.0  0.0  0.0  0.0  0.0  0.0  0.0  0.0  0.0  0.0
  0.0  0.0  0.0  0.0  0.0  0.0416.0 96.0 80.0 64.0  0.0  0.0  0.0  0.0  8.0
  0.0  0.0  0.0  8.0  0.0 16.0  8.0  0.0  0.0  0.0  0.0  0.0  8.0 40.0  0.0
  8.0  8.0  0.0  0.0  0.0  0.0  8.0 48.0  0.0  8.0 80.0  0.0  0.0 80.0  0.0
  0.0  0.0  0.0  0.0  0.0  0.0  0.0  0.0  0.0  0.0  0.0  0.0  0.0  0.0  0.0
  0.0  0.0  0.0  0.0  0.0  0.0  0.0  0.0  0.0  0.0  0.0  0.0  0.0  0.0  0.0
  0.0  0.0  0.0  0.0  0.0  0.0  0.0  0.0  0.0  0.0  0.0  0.0  0.0  0.0  0.0
  0.0  0.0  0.0  0.0  0.0  0.0  0.0  0.0  0.0  0.0  0.0  0.0  0.0  0.0  0.0
  0.0  0.0  0.0  0.0  0.0  0.0  0.0  0.0  0.0  0.0  0.0 56.0 16.0  8.0  8.0
  0.0  0.0  0.0  0.0  0.0  8.0  8.0 16.0  8.0  0.0  0.0  0.0  0.0  0.0  0.0
    -31.11     -3.62      1.78     -6.61     10.01  0.0  0.0  0.0  0.0  0.0
                                     t000117_s14_p8_qjpp.txt 32.5  4.6  269
  0.0  0.0  0.0  3.7  0.0  0.0  0.0  0.0 14.9  0.0  0.0  0.0  0.0  0.0  0.0
  0.0  0.0  0.0 11.2  0.0  0.0446.1115.2 22.3 48.3  0.0  0.0  0.0  0.0  0.0
  0.0  0.0  0.0 14.9  0.0 18.6 11.2  0.0  0.0  0.0  0.0  3.7  3.7 11.2  3.7
  0.0  0.0  0.0  0.0  0.0  0.0 11.2 14.9  0.0  0.0 59.5 14.9  0.0 78.1  7.4
  0.0  0.0  0.0  0.0  0.0  0.0  0.0  0.0  0.0  0.0  0.0  0.0  0.0  0.0  0.0
  0.0  0.0  0.0  0.0  0.0  0.0  0.0  0.0  0.0  0.0  0.0  0.0  0.0  0.0  0.0
  0.0  0.0  0.0  0.0  0.0  0.0  0.0  0.0  0.0  0.0  0.0  0.0  0.0  0.0  0.0
  0.0  0.0  0.0  0.0  0.0  0.0  0.0  0.0  0.0  0.0  0.0  0.0  0.0  0.0  0.0
  0.0  0.0  0.0  0.0  0.0  0.0  0.0  0.0  3.7  0.0  7.4 44.6  7.4  7.4  7.4
  0.0  3.7  0.0  3.7  0.0  7.4  0.0 26.0  0.0  0.0  0.0  0.0  7.4  0.0  0.0
    -25.44     -4.14     -4.33     -5.12      3.25  0.0  0.0  0.0  0.0  0.0
                                     t000117_s14_p9_qjpp.txt 25.3  4.9  211
  4.7  0.0  0.0  4.7  0.0  0.0  0.0  0.0  4.7  0.0  0.0  0.0  0.0  0.0  0.0
  0.0  0.0  0.0 19.0  0.0  0.0426.5146.9 19.0 33.2  0.0  0.0  0.0  0.0  0.0
  0.0  0.0  0.0  4.7  0.0 23.7  4.7  0.0  0.0  0.0  0.0  4.7  4.7 19.0  0.0
  4.7  0.0  0.0  0.0  0.0  0.0 19.0 23.7  0.0  0.0 99.5  4.7  0.0 42.7  0.0
  0.0  0.0  0.0  0.0  0.0  0.0  0.0  0.0  0.0  0.0  0.0  0.0  0.0  0.0  0.0
  0.0  0.0  0.0  0.0  0.0  0.0  0.0  0.0  0.0  0.0  0.0  0.0  0.0  0.0  0.0
  0.0  0.0  0.0  0.0  0.0  0.0  0.0  0.0  0.0  0.0  0.0  0.0  0.0  0.0  0.0
  0.0  0.0  0.0  0.0  0.0  0.0  0.0  0.0  0.0  0.0  0.0  0.0  0.0  0.0  0.0
  0.0  0.0  0.0  0.0  0.0  0.0  0.0  0.0  4.7  0.0  0.0 14.2  9.5  4.7  0.0
  0.0  0.0  0.0  0.0  0.0  4.7  0.0  9.5  0.0  0.0  4.7  0.0  0.0  0.0  0.0
    -24.94     -4.64     -1.73     -4.71      3.74  0.0  0.0  0.0  0.0  0.0
                                     t000117_s19_p1_qjpp.txt 34.3  5.2  194
 10.3  0.0  0.0 25.8  0.0  0.0  0.0  0.0 15.5  0.0  0.0  0.0  0.0  0.0  0.0
  0.0  0.0  0.0  5.2  0.0  0.0546.4 92.8 25.8 36.1  0.0  0.0  5.2  0.0  0.0
  0.0  0.0  0.0  0.0  0.0 10.3  0.0  0.0  0.0  0.0  0.0  0.0  0.0  0.0  5.2
  0.0  0.0  0.0  0.0  5.2  0.0  5.2  5.2  0.0  0.0 30.9 15.5  0.0 72.2  5.2
  5.2  0.0  0.0  0.0  0.0  0.0  0.0  0.0  0.0  0.0  0.0  0.0  0.0  0.0  0.0
  0.0  0.0  0.0  0.0  0.0  0.0  0.0  0.0  0.0  0.0  0.0  0.0  0.0  0.0  0.0
  0.0  0.0  0.0  0.0  0.0  0.0  0.0  0.0  0.0  0.0  0.0  0.0  0.0  0.0  0.0
  0.0  0.0  0.0  0.0  0.0  0.0  0.0  0.0  0.0  0.0  0.0  0.0  0.0  0.0  0.0
  0.0  0.0  0.0  0.0  0.0  0.0  0.0  5.2 10.3  0.0 20.6 10.3 15.5  0.0  0.0
  0.0  0.0  0.0  0.0  0.0  0.0  0.0 10.3 20.6  5.2  0.0  0.0  0.0  0.0  0.0
    -28.65     -3.59      0.39     -6.61      0.34  0.0  0.0  0.0  0.0  0.0
                                    t000117_s19_p10_qjpp.txt 16.8  4.7   95
 10.5  0.0  0.0 94.7  0.0  0.0  0.0  0.0 10.5 10.5  0.0  0.0  0.0  0.0  0.0
  0.0  0.0 10.5 21.1  0.0  0.0336.8115.8 21.1 21.1  0.0  0.0 10.5  0.0  0.0
  0.0  0.0  0.0  0.0  0.0  0.0  0.0 21.1  0.0 10.5  0.0  0.0  0.0 21.1  0.0
 21.1  0.0 21.1 10.5  0.0 31.6 31.6 42.1  0.0  0.0 31.6 10.5  0.0168.4  0.0
  0.0  0.0  0.0  0.0  0.0  0.0  0.0  0.0  0.0  0.0  0.0  0.0  0.0  0.0  0.0
  0.0  0.0  0.0 10.5  0.0  0.0 10.5  0.0  0.0  0.0  0.0  0.0  0.0  0.0  0.0
  0.0  0.0  0.0  0.0  0.0  0.0  0.0  0.0  0.0  0.0  0.0  0.0  0.0  0.0  0.0
 21.1  0.0  0.0 21.1  0.0  0.0  0.0  0.0  0.0  0.0  0.0  0.0  0.0  0.0  0.0
  0.0  0.0  0.0  0.0  0.0  0.0  0.0  0.0 31.6 21.1 31.6 21.1  0.0  0.0  0.0
  0.0  0.0  0.0  0.0  0.0  0.0  0.0 63.2 10.5  0.0  0.0  0.0 10.5  0.0  0.0
    -12.60     -3.09      0.97      3.19      6.35  0.0  0.0  0.0  0.0  0.0
                                    t000117_s19_p11_qjpp.txt 15.5  4.7  104
 28.8  0.0  0.0 28.8  0.0  0.0  0.0  0.0  9.6  0.0  0.0  0.0  0.0  0.0  0.0
 19.2  0.0  0.0  9.6  0.0  0.0375.0 96.2 38.5 19.2  0.0 19.2  0.0  0.0  0.0
  0.0  0.0  0.0  9.6  0.0 48.1  9.6  0.0  0.0  0.0  0.0  0.0  9.6  0.0  0.0
  0.0  0.0  9.6  0.0  0.0  0.0  9.6  0.0  0.0  0.0 38.5  9.6  9.6 96.2  0.0
  0.0  0.0  0.0  0.0  0.0  0.0  0.0  0.0  0.0  0.0  0.0  0.0  0.0  0.0  0.0
  0.0  0.0  0.0  0.0  0.0  9.6  0.0  0.0  0.0  0.0  0.0  0.0  0.0  0.0  0.0
  0.0  0.0  0.0  0.0  0.0  0.0  0.0  0.0  0.0  0.0  0.0  0.0  0.0  0.0  0.0
  9.6  0.0  0.0  9.6  0.0  0.0  0.0  0.0  0.0  0.0  0.0  0.0  0.0  0.0  0.0
  0.0  0.0  0.0  0.0  0.0  0.0  0.0  0.0 48.1  0.0  0.0  0.0  0.0  0.0  0.0
  0.0  0.0  0.0  0.0  0.0  9.6  0.0  0.0 19.2  9.6  0.0 19.2  0.0  0.0  0.0
    -13.53     -1.40     -4.51     -6.61      2.38  9.6  0.0  0.0  0.0  0.0
                                    t000117_s19_p12_qjpp.txt 16.3  5.1   99
 20.2  0.0  0.0 30.3  0.0  0.0  0.0  0.0  0.0  0.0  0.0  0.0  0.0  0.0  0.0
  0.0  0.0  0.0  0.0  0.0  0.0383.8131.3 10.1 30.3  0.0  0.0  0.0  0.0  0.0
  0.0  0.0  0.0  0.0  0.0 20.2  0.0  0.0  0.0  0.0  0.0  0.0  0.0 10.1  0.0
  0.0 10.1 20.2  0.0  0.0  0.0 10.1 10.1  0.0  0.0 30.3  0.0  0.0 70.7  0.0
  0.0  0.0  0.0  0.0  0.0  0.0  0.0  0.0  0.0  0.0  0.0  0.0  0.0  0.0  0.0
  0.0  0.0  0.0 10.1  0.0  0.0 10.1  0.0  0.0  0.0  0.0  0.0  0.0  0.0  0.0
  0.0  0.0  0.0  0.0  0.0  0.0  0.0  0.0  0.0  0.0  0.0  0.0  0.0  0.0  0.0
 20.2  0.0  0.0 20.2  0.0  0.0  0.0  0.0  0.0  0.0  0.0  0.0  0.0  0.0  0.0
  0.0  0.0  0.0  0.0  0.0  0.0  0.0  0.0 40.4 20.2  0.0  0.0  0.0  0.0  0.0
  0.0  0.0  0.0  0.0  0.0  0.0  0.0  0.0  0.0  0.0  0.0 20.2 20.2  0.0  0.0
    -25.21     -4.73     -0.17     -6.61     -2.10  0.0  0.0  0.0  0.0  0.0
                                    t000117_s19_p13_qjpp.txt 22.0  5.3  134
  0.0  0.0  0.0 74.6  0.0  0.0  0.0  0.0  7.5  0.0  0.0  0.0  0.0  0.0  0.0
  0.0  0.0 14.9  0.0  0.0  0.0388.1 97.0 44.8 37.3  7.5  0.0  7.5  0.0  7.5
  0.0  0.0  0.0  0.0  0.0 22.4  0.0  0.0  0.0  0.0  0.0  0.0 14.9  0.0  0.0
  0.0  0.0  7.5  0.0  7.5 14.9  0.0  0.0  0.0  7.5 82.1 14.9  0.0119.4  7.5
  7.5  0.0  0.0  0.0  0.0  0.0  0.0  0.0  0.0  0.0  0.0  0.0  0.0  0.0  0.0
  0.0  0.0  0.0  7.5  0.0  0.0  0.0  0.0  0.0  0.0  0.0  0.0  0.0  0.0  0.0
  0.0  0.0  0.0  0.0  0.0  0.0  0.0  0.0  0.0  0.0  0.0  0.0  0.0  0.0  0.0
  7.5  0.0  0.0  7.5  0.0  0.0  0.0  0.0  0.0  0.0  0.0  0.0  0.0  0.0  0.0
  0.0  0.0  0.0  0.0  0.0  0.0  0.0  0.0 29.9  0.0  7.5  0.0  0.0  0.0  0.0
  0.0  0.0  0.0  0.0  0.0  7.5  0.0 29.9  7.5  7.5  0.0 22.4  7.5  0.0  0.0
    -22.36     -2.79      3.43     -6.61      5.70  0.0  0.0  0.0  0.0  0.0
                                    t000117_s19_p14_qjpp.txt 26.0  5.2  144
 20.8  0.0  0.0 41.7  0.0  0.0  0.0  6.9  6.9  0.0  0.0  0.0  0.0  0.0  0.0
  0.0  0.0  6.9 27.8  0.0 13.9430.6 90.3 27.8 41.7  6.9  0.0  0.0  0.0  0.0
  0.0  0.0  0.0  6.9  0.0 20.8  6.9  0.0  6.9  0.0  0.0  0.0 13.9 13.9  0.0
  6.9  0.0 13.9  0.0  6.9  6.9 27.8 20.8  0.0  0.0 55.6 13.9  0.0111.1 20.8
  6.9  0.0  0.0  0.0  0.0  0.0  0.0  0.0  0.0  0.0  0.0  0.0  0.0  0.0  0.0
  0.0  0.0  0.0  6.9  6.9  6.9  0.0  0.0  0.0  0.0  0.0  0.0  0.0  6.9  0.0
  6.9  0.0  0.0  0.0  0.0  0.0  0.0  0.0  0.0  0.0  0.0  0.0  0.0  0.0  0.0
 20.8  0.0  6.9 27.8  6.9  0.0  6.9  0.0  0.0  0.0  0.0  0.0  0.0  0.0  0.0
  0.0  0.0  0.0  0.0  0.0  0.0  0.0  0.0 41.7 20.8  6.9 20.8  6.9  6.9  0.0
  0.0  0.0  0.0  0.0  0.0  6.9  0.0 20.8  6.9 13.9  6.9  6.9 20.8  0.0  0.0
    -10.88     -4.05     -2.19     -4.37      9.40  0.0  0.0  0.0  0.0  0.0
                                    t000117_s19_p15_qjpp.txt 32.0  5.1  175
  0.0  0.0  0.0  5.7  0.0  0.0  0.0  0.0 22.9  0.0  0.0  0.0  0.0  0.0  0.0
  0.0  0.0  0.0  5.7  0.0  0.0445.7 91.4 45.7 22.9  0.0  0.0  5.7  0.0  0.0
  0.0  0.0  0.0  5.7  0.0 22.9 11.4  0.0  0.0  0.0  0.0 11.4  0.0  5.7  0.0
  0.0  0.0  0.0  0.0  0.0  0.0  5.7  5.7  0.0  0.0 62.9 22.9  0.0 45.7  5.7
  0.0  0.0  0.0  0.0  0.0  0.0  0.0  0.0  0.0  0.0  0.0  0.0  0.0  0.0  0.0
  0.0  0.0  0.0  0.0  0.0  0.0  0.0  0.0  0.0  0.0  0.0  0.0  0.0  0.0  0.0
  0.0  0.0  0.0  0.0  0.0  0.0  0.0  0.0  0.0  0.0  0.0  0.0  0.0  0.0  0.0
  0.0  0.0  0.0  0.0  0.0  0.0  0.0  0.0  0.0  0.0  0.0  0.0  0.0  0.0  0.0
  0.0  0.0  0.0  0.0  0.0  0.0  0.0  5.7 17.1  0.0 11.4  5.7 17.1  5.7  0.0
  0.0  0.0  0.0  0.0  0.0  0.0  0.0 11.4  5.7  5.7  0.0  0.0  0.0  0.0  0.0
    -27.90     -3.92     -1.96     -2.03     -2.76  5.7  0.0  0.0  0.0  0.0
                                    t000117_s19_p16_qjpp.txt 18.0  4.8  123
  8.1  0.0  0.0 56.9  0.0  0.0  8.1  0.0  0.0  0.0  0.0  8.1  0.0  0.0  0.0
  0.0  0.0  0.0 16.3  0.0  8.1284.6113.8 16.3 73.2  0.0  8.1  0.0  0.0  0.0
  0.0  0.0  0.0  8.1  0.0 16.3  8.1  0.0  0.0  0.0  0.0  0.0 16.3  0.0 16.3
  0.0  8.1  0.0  0.0  8.1  0.0 32.5 16.3  0.0  0.0 32.5  0.0  8.1178.9 40.7
  0.0  0.0  0.0  0.0  0.0  0.0  0.0  0.0  0.0  0.0  0.0  0.0  0.0  0.0  0.0
  0.0  0.0  0.0  0.0  0.0  0.0  0.0  0.0  0.0  0.0  0.0  0.0  0.0  0.0  0.0
  0.0  0.0  0.0  0.0  0.0  0.0  0.0  0.0  0.0  0.0  0.0  0.0  0.0  0.0  0.0
  0.0  0.0  0.0  0.0  0.0  0.0  0.0  0.0  0.0  0.0  0.0  0.0  0.0  0.0  0.0
  0.0  0.0  0.0  0.0  0.0  0.0  0.0  0.0 16.3  0.0  0.0  8.1  0.0  8.1  0.0
  0.0  0.0  0.0  0.0  0.0  0.0  0.0 32.5  0.0 16.3 32.5  0.0  0.0 16.3  0.0
     -8.68     -1.76     -2.27     -6.61     19.04  0.0  0.0  0.0  0.0  0.0
                                    t000117_s19_p17_qjpp.txt 26.5  5.0  154
  6.5  0.0  0.0 39.0  0.0  0.0  0.0  0.0 19.5  0.0  0.0  0.0  0.0  0.0  0.0
  0.0  0.0  0.0  6.5  0.0  0.0415.6 97.4 26.0 26.0  0.0  0.0  0.0  0.0  0.0
  6.5  0.0  0.0  6.5  0.0 32.5 26.0  0.0  0.0  6.5  0.0  0.0 13.0  6.5  0.0
  6.5  0.0  0.0  6.5  0.0  0.0 13.0 13.0  0.0  6.5 39.0 19.5  6.5116.9 19.5
  0.0  0.0  0.0  0.0  0.0  0.0  0.0  0.0  0.0  0.0  0.0  0.0  0.0  0.0  0.0
  0.0  0.0  0.0  0.0  0.0  0.0  0.0  0.0  0.0  0.0  0.0  0.0  0.0  0.0  0.0
  0.0  6.5  0.0  0.0  0.0  0.0  0.0  0.0  0.0  0.0  6.5  0.0  0.0  0.0  0.0
  0.0  0.0  0.0  0.0  6.5  0.0  6.5  6.5  0.0  0.0  0.0  0.0  0.0  0.0  0.0
  0.0  0.0  0.0  0.0  0.0  0.0  0.0  0.0 39.0  0.0  6.5 13.0  0.0  0.0  0.0
  0.0  0.0  0.0  0.0  0.0  0.0  0.0 39.0  0.0 19.5  6.5  0.0  6.5  0.0  0.0
    -24.27     -4.87      3.18     -3.65      7.57  0.0  0.0  6.5  0.0  0.0
                                    t000117_s19_p18_qjpp.txt 13.0  5.3   68
 14.7 14.7  0.0 88.2  0.0  0.0  0.0  0.0 14.7 14.7  0.0  0.0  0.0  0.0  0.0
  0.0  0.0 14.7 14.7  0.0  0.0470.6 44.1 44.1 73.5  0.0  0.0  0.0  0.0  0.0
  0.0  0.0  0.0  0.0  0.0 14.7  0.0  0.0  0.0  0.0  0.0  0.0  0.0  0.0  0.0
  0.0  0.0 14.7  0.0  0.0 14.7 14.7  0.0  0.0  0.0 58.8 14.7  0.0132.4  0.0
  0.0  0.0  0.0  0.0  0.0  0.0  0.0  0.0  0.0  0.0  0.0  0.0  0.0  0.0  0.0
  0.0  0.0  0.0  0.0  0.0 29.4  0.0  0.0  0.0  0.0  0.0  0.0  0.0  0.0  0.0
  0.0  0.0  0.0  0.0  0.0  0.0  0.0  0.0  0.0  0.0  0.0  0.0  0.0  0.0  0.0
 29.4  0.0  0.0 29.4  0.0  0.0  0.0  0.0  0.0  0.0  0.0  0.0  0.0  0.0  0.0
  0.0  0.0  0.0  0.0  0.0  0.0  0.0  0.0 58.8  0.0  0.0 14.7  0.0 14.7 14.7
  0.0  0.0  0.0  0.0  0.0 14.7  0.0  0.0  0.0 29.4 58.8  0.0  0.0  0.0  0.0
    -11.67     -3.31      0.14     -6.61     -3.63  0.0  0.0  0.0  0.0  0.0
                                    t000117_s19_p19_qjpp.txt  6.0  5.6   26
 38.5  0.0  0.0115.4  0.0  0.0  0.0  0.0  0.0  0.0  0.0  0.0  0.0  0.0  0.0
  0.0  0.0  0.0  0.0  0.0  0.0461.5115.4  0.0  0.0  0.0  0.0  0.0  0.0  0.0
  0.0  0.0  0.0  0.0  0.0  0.0  0.0  0.0  0.0  0.0  0.0  0.0  0.0 38.5  0.0
  0.0  0.0 38.5  0.0 38.5  0.0  0.0 38.5  0.0  0.0 38.5  0.0  0.0153.8 38.5
  0.0  0.0  0.0  0.0  0.0  0.0  0.0  0.0  0.0  0.0  0.0  0.0  0.0  0.0  0.0
  0.0  0.0  0.0  0.0  0.0  0.0 38.5  0.0  0.0  0.0  0.0  0.0  0.0  0.0  0.0
  0.0  0.0  0.0  0.0  0.0  0.0  0.0  0.0  0.0  0.0  0.0  0.0  0.0  0.0  0.0
 38.5  0.0  0.0 38.5  0.0  0.0  0.0  0.0  0.0  0.0  0.0  0.0  0.0  0.0  0.0
  0.0  0.0  0.0  0.0  0.0  0.0  0.0  0.0 76.9  0.0 38.5 38.5 38.5  0.0  0.0
  0.0  0.0  0.0  0.0  0.0  0.0  0.0  0.0  0.0  0.0 38.5  0.0 76.9  0.0  0.0
    -23.20     -5.73      0.97     -6.61      2.20  0.0  0.0  0.0  0.0  0.0
                                     t000117_s19_p2_qjpp.txt 15.8  5.4   88
  0.0  0.0  0.0 22.7  0.0  0.0  0.0  0.0 11.4  0.0  0.0  0.0  0.0  0.0  0.0
  0.0  0.0  0.0 34.1  0.0  0.0545.5 56.8 45.5  0.0  0.0 11.4  0.0  0.0 11.4
  0.0  0.0  0.0  0.0  0.0 34.1 11.4  0.0  0.0  0.0  0.0  0.0  0.0  0.0  0.0
  0.0  0.0 11.4  0.0  0.0  0.0 34.1  0.0  0.0 11.4 56.8 11.4  0.0 45.5  0.0
  0.0  0.0  0.0  0.0  0.0  0.0  0.0  0.0  0.0  0.0  0.0  0.0  0.0  0.0  0.0
  0.0  0.0  0.0 11.4  0.0  0.0  0.0  0.0  0.0  0.0  0.0  0.0  0.0  0.0  0.0
  0.0  0.0  0.0  0.0  0.0  0.0  0.0  0.0  0.0  0.0  0.0  0.0  0.0  0.0  0.0
 11.4  0.0  0.0 11.4  0.0  0.0  0.0  0.0  0.0  0.0  0.0  0.0  0.0  0.0  0.0
  0.0  0.0  0.0  0.0  0.0  0.0  0.0  0.0 11.4  0.0 11.4 11.4 22.7  0.0  0.0
  0.0  0.0  0.0  0.0  0.0 11.4  0.0 22.7  0.0 11.4  0.0  0.0 11.4  0.0  0.0
    -24.05     -3.54      4.72     -6.61     -3.63  0.0  0.0  0.0  0.0  0.0
                                    t000117_s19_p20_qjpp.txt 26.3  4.8  158
  6.3  0.0  0.0 25.3  6.3  0.0  0.0  0.0 19.0  0.0  0.0  0.0  0.0  0.0  0.0
  0.0  0.0  0.0  0.0  0.0  0.0474.7 94.9 44.3 25.3  0.0  0.0  0.0  0.0  0.0
  0.0  0.0  0.0  0.0  0.0 19.0  0.0  0.0  0.0  6.3  0.0  0.0  6.3  6.3  0.0
  0.0  0.0  6.3  0.0  0.0  0.0  6.3  6.3  0.0  0.0 57.0 25.3  0.0 69.6 19.0
  0.0  0.0  0.0  0.0  0.0  0.0  0.0  0.0  0.0  0.0  0.0  0.0  0.0  0.0  0.0
  0.0  0.0  0.0  0.0  0.0  6.3  0.0  0.0  0.0  0.0  0.0  0.0  6.3  0.0  0.0
  0.0  0.0  0.0  0.0  0.0  0.0  0.0  0.0  0.0  0.0  0.0  0.0  0.0  0.0  0.0
  6.3  0.0  6.3 12.7  0.0  0.0  0.0  0.0  0.0  0.0  0.0  0.0  0.0  0.0  0.0
  0.0  0.0  0.0  0.0  0.0  0.0  0.0  0.0  0.0  0.0  0.0  0.0  6.3  0.0  0.0
  0.0  0.0  0.0  0.0  0.0  0.0  0.0 12.7  6.3 12.7  0.0  0.0  0.0  0.0  0.0
    -27.59     -4.89     -0.11     -3.73      1.29  0.0  0.0  0.0  0.0  0.0
                                    t000117_s19_p21_qjpp.txt 16.8  4.6   91
  0.0  0.0  0.0 11.0  0.0  0.0  0.0  0.0 33.0  0.0  0.0  0.0  0.0  0.0  0.0
  0.0  0.0  0.0 22.0  0.0  0.0406.6120.9 87.9 22.0  0.0  0.0  0.0  0.0  0.0
  0.0  0.0  0.0 11.0  0.0 22.0  0.0  0.0  0.0  0.0  0.0  0.0  0.0  0.0  0.0
  0.0  0.0  0.0  0.0  0.0  0.0 22.0  0.0  0.0  0.0 98.9 33.0  0.0 44.0  0.0
  0.0  0.0  0.0  0.0  0.0  0.0  0.0  0.0  0.0  0.0  0.0  0.0  0.0  0.0  0.0
  0.0  0.0  0.0  0.0  0.0  0.0  0.0  0.0  0.0  0.0  0.0  0.0  0.0  0.0  0.0
  0.0  0.0  0.0  0.0  0.0  0.0  0.0  0.0  0.0  0.0  0.0  0.0  0.0  0.0  0.0
  0.0  0.0  0.0  0.0  0.0  0.0  0.0  0.0  0.0  0.0  0.0  0.0  0.0  0.0  0.0
  0.0  0.0  0.0  0.0  0.0  0.0  0.0  0.0 44.0  0.0 22.0 11.0 11.0  0.0  0.0
  0.0  0.0  0.0  0.0  0.0  0.0  0.0 22.0 11.0  0.0  0.0  0.0  0.0  0.0  0.0
    -24.84     -5.00     -3.41     -6.61     -3.63 11.0  0.0  0.0  0.0  0.0
                                    t000117_s19_p22_qjpp.txt 25.0  4.8  157
  0.0  0.0  0.0 57.3  0.0  0.0  0.0  0.0  0.0  6.4  0.0  0.0  0.0  0.0  0.0
  0.0  0.0  0.0  6.4  0.0  0.0299.4 63.7 19.1 57.3  0.0  0.0  6.4  0.0  0.0
  0.0  0.0  0.0  0.0  0.0 51.0 12.7  0.0  0.0  0.0  0.0  0.0 19.1 12.7  6.4
  0.0 12.7  6.4  6.4  6.4  0.0 19.1 19.1  0.0  0.0 51.0  0.0  0.0127.4 12.7
  0.0  0.0  0.0  0.0  0.0  0.0  0.0  0.0  0.0  0.0  0.0  0.0  0.0  0.0  0.0
  0.0  0.0  0.0  6.4  0.0  0.0  0.0  0.0  0.0  0.0  0.0  0.0  0.0  0.0  0.0
  0.0  0.0  6.4  0.0  0.0  0.0  0.0  0.0  0.0  0.0  0.0  0.0  0.0  0.0  0.0
  6.4  0.0  0.0  6.4  6.4  0.0  6.4  0.0  0.0  0.0  0.0  0.0  0.0  0.0  0.0
  0.0  0.0  0.0  0.0  0.0  0.0  0.0  0.0 44.6  6.4  0.0  6.4  0.0 19.1  0.0
  0.0  0.0  0.0  0.0  0.0  0.0  0.0 44.6  6.4  0.0 12.7  6.4  0.0  0.0  0.0
    -18.76     -2.66     -1.92     -6.61     15.15  0.0  6.4  0.0  0.0  0.0
                                    t000117_s19_p23_qjpp.txt 26.5  5.0  171
  5.8  0.0  0.0 64.3  0.0  0.0  0.0  0.0  5.8  5.8  0.0  0.0  0.0  0.0  0.0
  5.8  0.0  0.0 11.7  0.0  0.0333.3 70.2  5.8 46.8  5.8  5.8  0.0  0.0  0.0
  0.0  5.8  0.0  0.0  0.0 35.1 23.4  0.0  0.0  5.8  0.0 11.7 11.7 23.4  0.0
  0.0 11.7  5.8  5.8  5.8  0.0 35.1 23.4  0.0  0.0 52.6 11.7  5.8122.8  0.0
  5.8  0.0  0.0  0.0  0.0  0.0  0.0  0.0  0.0  0.0  0.0  0.0  0.0  0.0  0.0
  0.0  0.0  0.0  0.0  0.0  5.8  0.0  0.0  0.0  0.0  0.0  0.0  0.0  0.0  0.0
  0.0  0.0  5.8  0.0  0.0  0.0  0.0  0.0  0.0  0.0  0.0  0.0  0.0  0.0  0.0
  5.8  0.0  0.0  5.8  5.8  0.0  5.8  0.0  0.0  0.0  0.0  0.0  0.0  0.0  0.0
  0.0  0.0  0.0  0.0  0.0  0.0  0.0  0.0 46.8  5.8 17.5  5.8  5.8  0.0  0.0
  0.0  0.0  0.0  0.0  0.0  5.8  0.0  5.8  5.8 17.5  0.0  5.8 11.7  0.0  0.0
    -15.38     -2.80      1.15      0.73      7.23  0.0  0.0  0.0  0.0  0.0
                                    t000117_s19_p24_qjpp.txt 15.3  5.0   87
  0.0  0.0  0.0 23.0  0.0  0.0  0.0  0.0 23.0  0.0  0.0  0.0  0.0  0.0  0.0
  0.0  0.0  0.0 11.5  0.0  0.0379.3 80.5 23.0 69.0  0.0  0.0  0.0  0.0  0.0
  0.0  0.0  0.0  0.0  0.0 46.0 11.5  0.0  0.0  0.0  0.0  0.0 23.0 11.5  0.0
  0.0  0.0  0.0  0.0  0.0  0.0 11.5 11.5  0.0  0.0 34.5 23.0  0.0137.9 34.5
  0.0  0.0  0.0  0.0  0.0  0.0  0.0  0.0  0.0  0.0  0.0  0.0  0.0  0.0  0.0
  0.0  0.0  0.0  0.0  0.0  0.0  0.0  0.0  0.0  0.0  0.0  0.0  0.0  0.0  0.0
  0.0  0.0  0.0  0.0  0.0  0.0  0.0  0.0  0.0  0.0  0.0  0.0  0.0  0.0  0.0
  0.0  0.0  0.0  0.0  0.0  0.0  0.0  0.0  0.0  0.0  0.0  0.0  0.0  0.0  0.0
  0.0  0.0  0.0  0.0  0.0  0.0  0.0 11.5 23.0  0.0  0.0 11.5  0.0 23.0  0.0
  0.0  0.0  0.0  0.0  0.0 11.5  0.0 23.0 11.5  0.0 11.5 23.0 11.5 11.5  0.0
    -22.23     -3.46     -1.64     -6.61     12.48  0.0  0.0  0.0  0.0  0.0
                                    t000117_s19_p25_qjpp.txt 19.3  5.0  124
 16.1  0.0  0.0 80.6  0.0  0.0  0.0  0.0 16.1  8.1  0.0  0.0  0.0  0.0  0.0
  0.0  0.0  0.0  8.1  0.0  0.0491.9 48.4 24.2 48.4  0.0  0.0  0.0  0.0  0.0
  0.0  8.1  0.0  0.0  0.0 24.2  8.1  0.0  0.0  0.0  0.0  0.0  0.0  0.0  0.0
  0.0  0.0 16.1  0.0  0.0  0.0 16.1  0.0  0.0  0.0 24.2 16.1  0.0 96.8  0.0
  0.0  0.0  0.0  0.0  0.0  0.0  0.0  0.0  0.0  0.0  0.0  0.0  0.0  0.0  0.0
  0.0  0.0  0.0  0.0  0.0 16.1  0.0  0.0  0.0  0.0  0.0  0.0  0.0  0.0  0.0
  0.0  0.0  8.1  0.0  0.0  0.0  0.0  0.0  0.0  0.0  0.0  0.0  0.0  0.0  0.0
 16.1  0.0  0.0 16.1  8.1  0.0  8.1  0.0  0.0  0.0  0.0  0.0  0.0  0.0  0.0
  0.0  0.0  0.0  0.0  0.0  0.0  0.0  0.0 56.5  0.0 16.1 40.3  0.0  0.0  0.0
  0.0  0.0  0.0  0.0  0.0  0.0  0.0 16.1  0.0  8.1 24.2  8.1  0.0  0.0  0.0
    -21.00     -4.14      2.59     -6.61     -3.63  0.0  0.0  0.0  0.0  0.0
                                    t000117_s19_p26_qjpp.txt  5.8  5.4   25
  0.0  0.0  0.0120.0  0.0  0.0  0.0  0.0  0.0  0.0  0.0  0.0  0.0  0.0  0.0
 40.0  0.0  0.0  0.0  0.0  0.0480.0 80.0  0.0  0.0  0.0  0.0 40.0  0.0  0.0
  0.0  0.0  0.0  0.0 40.0  0.0  0.0  0.0  0.0  0.0  0.0  0.0  0.0  0.0  0.0
  0.0  0.0 40.0  0.0  0.0  0.0  0.0  0.0  0.0  0.0  0.0  0.0  0.0120.0  0.0
  0.0  0.0  0.0  0.0  0.0  0.0  0.0  0.0  0.0  0.0  0.0  0.0  0.0  0.0  0.0
  0.0  0.0  0.0 40.0  0.0  0.0  0.0  0.0  0.0  0.0  0.0  0.0  0.0  0.0  0.0
  0.0  0.0  0.0  0.0  0.0  0.0  0.0  0.0  0.0  0.0  0.0  0.0  0.0  0.0  0.0
 40.0  0.0  0.0 40.0  0.0  0.0  0.0  0.0  0.0  0.0  0.0  0.0  0.0  0.0  0.0
  0.0 40.0  0.0  0.0  0.0  0.0  0.0  0.0 40.0  0.0  0.0  0.0  0.0  0.0  0.0
  0.0  0.0  0.0  0.0  0.0  0.0  0.0 40.0 40.0  0.0  0.0  0.0  0.0  0.0  0.0
     -9.87      1.68    -10.79     -6.61     -3.63  0.0  0.0  0.0  0.0  0.0
                                    t000117_s19_p27_qjpp.txt 28.5  4.8  196
 10.2  0.0  0.0 35.7  0.0  0.0  5.1  0.0 20.4  5.1  0.0  0.0  0.0  0.0  0.0
  0.0  0.0  0.0 20.4  0.0  0.0301.0107.1 20.4 56.1  0.0  0.0 10.2  0.0  0.0
  5.1  0.0  0.0  0.0  0.0 51.0  5.1  5.1  0.0  5.1  0.0  0.0 10.2 10.2  0.0
  0.0  5.1 15.3  0.0 10.2  5.1 30.6 10.2  0.0  5.1 66.3 20.4  0.0112.2 10.2
  0.0  0.0  0.0  0.0  0.0  0.0  0.0  0.0  0.0  0.0  0.0  0.0  0.0  0.0  0.0
  0.0  0.0  0.0  5.1  0.0 10.2  0.0  0.0  0.0  0.0  0.0  0.0  0.0  0.0  0.0
  0.0  0.0  5.1  0.0  0.0  0.0  0.0  0.0  0.0  0.0  0.0  0.0  0.0  0.0  0.0
 15.3  0.0  0.0 15.3  5.1  0.0  5.1  0.0  0.0  0.0  0.0  0.0  0.0  0.0  0.0
  0.0  0.0  0.0  0.0  0.0  0.0  0.0  0.0 20.4  0.0 20.4 25.5 10.2  5.1  0.0
  0.0  0.0  0.0  0.0  0.0  0.0  0.0  5.1  5.1 15.3  0.0 10.2  5.1  0.0  0.0
    -15.52     -1.99      2.71     -3.07      4.30  0.0  0.0  0.0  0.0  0.0
                                    t000117_s19_p28_qjpp.txt 13.0  4.5  102
  0.0  0.0  0.0  9.8  0.0  0.0  0.0  0.0 39.2  0.0  0.0  9.8  0.0  0.0  0.0
  0.0  0.0  0.0  9.8  0.0  0.0509.8127.5  0.0  9.8  0.0  0.0  0.0  0.0  0.0
  0.0  0.0  0.0  0.0  0.0  9.8  0.0  0.0  0.0  0.0  0.0  0.0  0.0  0.0  0.0
  0.0  0.0  0.0  9.8  0.0  0.0 19.6  0.0  0.0  0.0  9.8 39.2  0.0 58.8 19.6
  0.0  0.0  0.0  0.0  0.0  0.0  0.0  0.0  0.0  0.0  0.0  0.0  0.0  0.0  0.0
  0.0  0.0  0.0  0.0  0.0  0.0  0.0  0.0  0.0  0.0  0.0  0.0  0.0  0.0  0.0
  0.0  0.0  0.0  0.0  0.0  0.0  0.0  0.0  0.0  0.0  0.0  0.0  0.0  0.0  0.0
  0.0  0.0  0.0  0.0  0.0  0.0  0.0  0.0  0.0  0.0  0.0  0.0  0.0  0.0  0.0
  0.0  0.0  0.0  0.0  0.0  0.0  0.0  9.8 29.4  0.0  9.8  0.0  0.0  0.0  0.0
  0.0  0.0  0.0  0.0  0.0  0.0  0.0  0.0 19.6  0.0  0.0  0.0  0.0  0.0  0.0
    -19.78     -5.41      0.42     -6.61     -3.63  0.0  0.0  0.0  0.0  0.0
                                    t000117_s19_p29_qjpp.txt 14.8  4.8  105
 28.6  0.0  0.0  0.0  0.0  0.0  0.0  0.0  0.0  0.0  0.0  0.0  0.0  0.0  0.0
  0.0  0.0  0.0  0.0  0.0  0.0476.2104.8 76.2 28.6  0.0  9.5  0.0  0.0  0.0
  0.0 19.0  0.0  0.0  0.0 38.1  0.0  0.0  0.0  0.0  0.0  0.0 19.0  0.0  0.0
  0.0  0.0  0.0  0.0  0.0  0.0 19.0  0.0  0.0  0.0 76.2  0.0  0.0 38.1  0.0
  9.5  0.0  0.0  0.0  0.0  0.0  0.0  0.0  0.0  0.0  0.0  0.0  0.0  0.0  0.0
  0.0  0.0  0.0  0.0  0.0  0.0  0.0  0.0  0.0  0.0  0.0  0.0  0.0  0.0  0.0
  0.0  0.0  0.0  0.0  0.0  0.0  0.0  0.0  0.0  0.0  0.0  0.0  0.0  0.0  0.0
  0.0  0.0  0.0  0.0  0.0  0.0  0.0  0.0  0.0  0.0  0.0  0.0  0.0  0.0  0.0
  0.0  0.0  0.0  0.0  0.0  0.0  0.0  0.0  9.5  0.0  0.0  0.0  0.0  0.0  0.0
  0.0  0.0  0.0  0.0  0.0  0.0  0.0 28.6  0.0  0.0  0.0  0.0  0.0  0.0  0.0
    -29.50     -2.96      5.86     -6.61      8.28  0.0  0.0  0.0  0.0  0.0
                                     t000117_s19_p3_qjpp.txt 19.5  5.1   94
  0.0  0.0  0.0  0.0  0.0  0.0  0.0  0.0 21.3  0.0  0.0  0.0  0.0  0.0  0.0
  0.0  0.0  0.0  0.0  0.0  0.0531.9 85.1 31.9 31.9  0.0  0.0  0.0  0.0  0.0
  0.0  0.0  0.0  0.0  0.0 10.6  0.0  0.0  0.0  0.0  0.0  0.0  0.0  0.0  0.0
  0.0  0.0  0.0  0.0  0.0  0.0  0.0  0.0  0.0  0.0 31.9 21.3  0.0 31.9  0.0
  0.0  0.0  0.0  0.0  0.0  0.0  0.0  0.0  0.0  0.0  0.0  0.0  0.0  0.0  0.0
  0.0  0.0  0.0  0.0  0.0  0.0  0.0  0.0  0.0  0.0  0.0  0.0  0.0  0.0  0.0
  0.0  0.0  0.0  0.0  0.0  0.0  0.0  0.0  0.0  0.0  0.0  0.0  0.0  0.0  0.0
  0.0  0.0  0.0  0.0  0.0  0.0  0.0  0.0  0.0  0.0  0.0  0.0  0.0  0.0  0.0
  0.0  0.0  0.0  0.0  0.0  0.0  0.0  0.0 21.3  0.0  0.0 10.6 10.6  0.0  0.0
  0.0  0.0  0.0  0.0  0.0  0.0  0.0  0.0  0.0  0.0 10.6  0.0 10.6  0.0  0.0
    -30.63     -4.68      0.37     -6.61     -3.63  0.0 10.6 10.6  0.0  0.0
                                    t000117_s19_p30_qjpp.txt 23.0  4.8  158
 12.7  0.0  0.0 31.6  0.0  0.0  0.0  0.0  0.0  0.0  0.0  0.0  0.0  0.0  0.0
  0.0  0.0 12.7  6.3  0.0  0.0398.7 94.9 38.0 38.0  0.0  0.0  0.0  0.0  0.0
  6.3  6.3  0.0  0.0  0.0 25.3  0.0  0.0  0.0  0.0  0.0  0.0 19.0  0.0  0.0
  0.0  6.3  6.3  0.0 19.0 12.7 19.0  0.0  0.0  6.3 82.3  0.0  0.0 82.3  6.3
  0.0  0.0  0.0  0.0  0.0  0.0  0.0  0.0  0.0  0.0  0.0  0.0  0.0  0.0  0.0
  0.0  0.0  0.0  0.0  0.0  0.0  6.3  0.0  0.0  0.0  0.0  0.0  0.0  0.0  0.0
  0.0  0.0  0.0  0.0  0.0  0.0  0.0  0.0  0.0  0.0  0.0  0.0  0.0  0.0  0.0
  6.3  0.0  0.0  6.3  0.0  0.0  0.0  0.0  0.0  0.0  0.0  0.0  0.0  0.0  0.0
  0.0  0.0  0.0  0.0  0.0  0.0  0.0  0.0 31.6  0.0  6.3  0.0  0.0  0.0  0.0
  0.0  0.0  0.0  0.0  0.0  0.0  0.0 12.7  0.0  0.0  0.0  0.0 12.7  0.0  0.0
    -20.72     -4.48      7.63     -6.61      8.24  0.0  0.0  0.0  0.0  0.0
                                    t000117_s19_p31_qjpp.txt 24.3  4.9  137
  7.3  0.0  0.0  7.3  0.0  0.0  0.0  0.0 29.2  0.0  0.0  0.0  0.0  0.0  0.0
  0.0  0.0  0.0  0.0  0.0  0.0518.2 87.6 43.8 36.5  0.0  0.0  0.0  0.0  0.0
  0.0  0.0  0.0  7.3  7.3  0.0  7.3  0.0  0.0  0.0  0.0  0.0  0.0  7.3  0.0
  0.0  0.0  0.0  0.0  0.0  0.0  0.0  7.3  0.0  0.0 58.4 29.2  0.0 65.7  0.0
  0.0  0.0  0.0  0.0  0.0  0.0  0.0  0.0  0.0  0.0  0.0  0.0  0.0  0.0  0.0
  0.0  0.0  0.0  0.0  0.0  0.0  0.0  0.0  0.0  0.0  0.0  0.0  0.0  0.0  0.0
  0.0  0.0  0.0  0.0  0.0  0.0  0.0  0.0  0.0  0.0  0.0  0.0  0.0  0.0  0.0
  0.0  0.0  0.0  0.0  0.0  0.0  0.0  0.0  0.0  0.0  0.0  0.0  0.0  0.0  0.0
  0.0  0.0  0.0  0.0  0.0  0.0  0.0  0.0  7.3  0.0  7.3  7.3  0.0  0.0  0.0
  0.0  0.0  0.0  0.0  0.0  0.0  0.0  7.3  0.0  7.3  0.0  0.0  7.3  0.0  0.0
    -29.38     -4.53     -3.26     -6.61     -2.52  0.0  0.0  0.0  0.0  0.0
                                    t000117_s19_p32_qjpp.txt 18.3  5.1  121
  8.3  0.0  0.0 66.1  0.0  0.0  8.3  0.0  0.0  0.0  0.0  0.0  0.0  0.0  0.0
  0.0  0.0  0.0  8.3  0.0  0.0429.8124.0 41.3 33.1  0.0  0.0  8.3  0.0  8.3
  0.0  0.0  0.0  0.0  0.0 49.6  0.0  0.0  0.0  0.0  0.0  0.0 16.5  8.3  0.0
  8.3  8.3  0.0  0.0  8.3  0.0 16.5 16.5  0.0  8.3 49.6  0.0  0.0140.5 16.5
  0.0  0.0  0.0  0.0  0.0  0.0  0.0  0.0  0.0  0.0  0.0  0.0  0.0  0.0  0.0
  0.0  0.0  0.0  0.0  0.0  0.0  0.0  0.0  0.0  0.0  0.0  0.0  0.0  0.0  0.0
  0.0  0.0  0.0  0.0  0.0  0.0  0.0  0.0  0.0  0.0  0.0  0.0  0.0  0.0  0.0
  0.0  0.0  0.0  0.0  0.0  0.0  0.0  0.0  0.0  0.0  0.0  0.0  0.0  0.0  0.0
  0.0  0.0  0.0  0.0  0.0  0.0  0.0  0.0 24.8  8.3 24.8  8.3  0.0  0.0  0.0
  0.0  8.3  0.0  0.0  0.0  8.3  0.0 74.4  0.0  8.3  0.0  8.3  8.3  0.0  0.0
    -24.45     -3.11      2.29     -6.61     10.62 16.5  0.0  0.0  0.0  0.0
                                    t000117_s19_p33_qjpp.txt 14.0  5.2   77
  0.0  0.0  0.0 51.9  0.0  0.0  0.0  0.0 13.0  0.0  0.0  0.0  0.0  0.0  0.0
  0.0  0.0  0.0  0.0  0.0  0.0311.7142.9 26.0 39.0  0.0  0.0  0.0  0.0  0.0
  0.0  0.0  0.0  0.0  0.0 26.0 13.0  0.0  0.0 13.0  0.0  0.0 13.0 13.0  0.0
  0.0  0.0  0.0  0.0  0.0  0.0 13.0 13.0  0.0  0.0 26.0 13.0 13.0181.8 51.9
  0.0  0.0  0.0  0.0  0.0  0.0  0.0  0.0  0.0  0.0  0.0  0.0  0.0  0.0  0.0
  0.0  0.0  0.0  0.0  0.0  0.0  0.0  0.0  0.0  0.0  0.0  0.0  0.0  0.0  0.0
  0.0  0.0  0.0  0.0  0.0  0.0  0.0  0.0  0.0  0.0  0.0  0.0  0.0  0.0  0.0
  0.0  0.0  0.0  0.0  0.0  0.0  0.0  0.0  0.0  0.0  0.0  0.0  0.0  0.0  0.0
  0.0  0.0  0.0  0.0  0.0  0.0  0.0  0.0 64.9 13.0 13.0  0.0  0.0  0.0  0.0
  0.0  0.0  0.0  0.0  0.0  0.0  0.0 26.0  0.0 13.0 26.0  0.0 13.0  0.0  0.0
    -25.49     -4.45     -0.50     -0.70      6.46  0.0  0.0  0.0  0.0  0.0
                                    t000117_s19_p34_qjpp.txt 16.3  5.3   88
 11.4  0.0  0.0 56.8  0.0  0.0 11.4  0.0  0.0 11.4  0.0  0.0  0.0  0.0  0.0
  0.0  0.0  0.0  0.0  0.0  0.0409.1102.3 22.7 34.1  0.0  0.0  0.0  0.0  0.0
  0.0  0.0  0.0  0.0  0.0 45.5  0.0  0.0  0.0  0.0  0.0  0.0 22.7  0.0  0.0
  0.0  0.0 11.4  0.0  0.0  0.0  0.0  0.0  0.0  0.0 68.2  0.0  0.0 68.2  0.0
  0.0  0.0  0.0  0.0  0.0  0.0  0.0  0.0  0.0  0.0  0.0  0.0  0.0  0.0  0.0
  0.0  0.0  0.0  0.0  0.0 11.4  0.0  0.0  0.0  0.0  0.0  0.0  0.0  0.0  0.0
  0.0  0.0  0.0  0.0  0.0  0.0  0.0  0.0  0.0  0.0  0.0  0.0  0.0  0.0  0.0
 11.4  0.0  0.0 11.4  0.0  0.0  0.0  0.0  0.0  0.0  0.0  0.0  0.0  0.0  0.0
  0.0  0.0  0.0  0.0  0.0  0.0  0.0  0.0102.3  0.0 11.4 11.4  0.0  0.0  0.0
  0.0  0.0  0.0  0.0  0.0 11.4  0.0 11.4  0.0  0.0 11.4  0.0  0.0  0.0  0.0
    -21.97     -4.61     -1.61     -6.61     10.58  0.0  0.0  0.0  0.0  0.0
                                    t000117_s19_p35_qjpp.txt 29.8  4.8  184
  5.4  0.0  0.0 10.9  0.0  0.0  5.4  0.0 10.9  0.0  0.0  0.0  0.0  0.0  0.0
  0.0  0.0 10.9  5.4  0.0  0.0500.0 92.4 48.9 16.3  5.4  0.0  0.0  0.0  0.0
  0.0  0.0  0.0  0.0  5.4 21.7  0.0  0.0  0.0  0.0  0.0  5.4 10.9  5.4  5.4
  5.4  0.0  0.0  0.0  0.0 10.9  5.4 16.3  0.0  0.0 48.9 16.3  0.0 32.6  0.0
  5.4  0.0  0.0  0.0  0.0  0.0  0.0  0.0  0.0  0.0  0.0  0.0  0.0  0.0  0.0
  0.0  0.0  0.0  0.0  0.0  0.0  0.0  0.0  0.0  0.0  0.0  0.0  0.0  0.0  0.0
  0.0  0.0  0.0  0.0  0.0  0.0  0.0  0.0  0.0  0.0  0.0  0.0  0.0  0.0  0.0
  0.0  0.0  0.0  0.0  0.0  0.0  0.0  0.0  0.0  0.0  0.0  0.0  0.0  0.0  0.0
  0.0  0.0  0.0  0.0  0.0  0.0  0.0  0.0 10.9  5.4  5.4 10.9 16.3  0.0 27.2
  0.0  0.0  0.0  0.0  0.0  0.0  0.0  0.0  0.0 10.9  0.0  0.0  0.0  0.0  0.0
    -24.25     -4.95     -1.86     -4.43      9.92  0.0  0.0  0.0  0.0  0.0
                                    t000117_s19_p36_qjpp.txt 32.0  5.0  303
  0.0  0.0  0.0 13.2  0.0  0.0  0.0  0.0  6.6  0.0  0.0  0.0  0.0  0.0  0.0
  0.0  0.0  3.3  6.6  0.0  0.0521.5 59.4 19.8 19.8  0.0  0.0  6.6  0.0  0.0
  0.0  3.3  0.0  3.3  0.0 13.2  0.0  0.0  0.0  0.0  0.0  0.0  3.3  3.3  0.0
  0.0  0.0  0.0  0.0  0.0  3.3  9.9  3.3  0.0  0.0 19.8  6.6  0.0 36.3  0.0
  0.0  0.0  0.0  0.0  0.0  0.0  0.0  0.0  0.0  0.0  0.0  0.0  0.0  0.0  0.0
  0.0  0.0  0.0  0.0  0.0  0.0  0.0  0.0  0.0  0.0  0.0  0.0  0.0  0.0  0.0
  0.0  0.0  0.0  0.0  0.0  0.0  0.0  0.0  0.0  0.0  0.0  0.0  0.0  0.0  0.0
  0.0  0.0  0.0  0.0  0.0  0.0  0.0  0.0  0.0  0.0  0.0  0.0  0.0  0.0  0.0
  0.0  0.0  0.0  0.0  0.0  0.0  0.0  0.0 16.5  3.3  9.9  3.3  9.9  0.0  0.0
  0.0  0.0  0.0  0.0  0.0  3.3  0.0  0.0  6.6  3.3  0.0  0.0  6.6  0.0  0.0
    -26.30     -3.85      0.50     -6.61     -1.06  0.0  0.0  6.6  0.0  0.0
                                    t000117_s19_p37_qjpp.txt 13.8  5.0   93
  0.0  0.0  0.0 64.5  0.0  0.0  0.0  0.0 10.8  0.0  0.0  0.0  0.0  0.0  0.0
  0.0  0.0  0.0 21.5  0.0  0.0344.1118.3  0.0 43.0  0.0  0.0 10.8  0.0  0.0
  0.0 10.8  0.0  0.0  0.0 43.0 10.8  0.0  0.0  0.0  0.0  0.0 10.8  0.0  0.0
  0.0 10.8  0.0  0.0  0.0  0.0 43.0  0.0  0.0  0.0 32.3 10.8  0.0129.0 10.8
  0.0  0.0  0.0  0.0  0.0  0.0  0.0  0.0  0.0  0.0  0.0  0.0  0.0  0.0  0.0
  0.0  0.0  0.0  0.0  0.0  0.0  0.0  0.0  0.0  0.0  0.0  0.0  0.0  0.0  0.0
  0.0  0.0  0.0  0.0  0.0  0.0  0.0  0.0  0.0  0.0  0.0  0.0  0.0  0.0  0.0
  0.0  0.0  0.0  0.0  0.0  0.0  0.0  0.0  0.0  0.0  0.0  0.0  0.0  0.0  0.0
  0.0  0.0  0.0  0.0  0.0  0.0  0.0  0.0 10.8  0.0 10.8  0.0  0.0 10.8  0.0
  0.0  0.0  0.0  0.0  0.0  0.0  0.0 53.8  0.0  0.0 10.8 10.8  0.0  0.0  0.0
    -18.72     -2.32      2.51     -6.61      3.09  0.0  0.0  0.0  0.0  0.0
                                    t000117_s19_p38_qjpp.txt 17.0  4.7  101
  9.9  0.0  0.0 49.5  0.0  0.0  0.0  0.0  9.9  0.0  0.0  9.9  0.0  0.0  0.0
  0.0  0.0  0.0  9.9  0.0  0.0356.4 99.0 49.5 69.3  0.0  0.0  0.0  0.0  0.0
  0.0  0.0  0.0  0.0  0.0 29.7  0.0  0.0  0.0  0.0  0.0  0.0  9.9  0.0  9.9
  0.0  0.0  9.9  0.0  0.0  0.0 19.8  9.9  0.0  0.0 79.2  9.9  9.9128.7 19.8
  0.0  0.0  0.0  0.0  0.0  0.0  0.0  0.0  0.0  0.0  0.0  0.0  0.0  0.0  0.0
  0.0  0.0  0.0  0.0  0.0  9.9  0.0  0.0  0.0  0.0  0.0  0.0  0.0  0.0  0.0
  0.0  0.0  0.0  0.0  0.0  0.0  0.0  0.0  0.0  0.0  0.0  0.0  0.0  0.0  0.0
  9.9  0.0  0.0  9.9  0.0  0.0  0.0  0.0  0.0  0.0  0.0  0.0  0.0  0.0  0.0
  0.0  0.0  0.0  0.0  0.0  0.0  0.0  0.0 19.8  0.0  0.0  0.0  0.0  9.9  0.0
  0.0  0.0  0.0  0.0  0.0  9.9  0.0 49.5  0.0  0.0  9.9  9.9  0.0  0.0  0.0
    -16.36     -3.45     -0.71     -6.61     10.18  0.0  9.9  0.0  0.0  0.0
                                    t000117_s19_p39_qjpp.txt 10.8  4.7   49
 20.4  0.0  0.0122.4  0.0  0.0  0.0  0.0 20.4  0.0  0.0  0.0  0.0  0.0  0.0
  0.0  0.0  0.0  0.0  0.0  0.0306.1 40.8  0.0 40.8  0.0 20.4  0.0  0.0 20.4
  0.0  0.0  0.0  0.0  0.0 20.4 20.4  0.0  0.0  0.0  0.0  0.0  0.0 20.4  0.0
  0.0  0.0 20.4 20.4  0.0  0.0  0.0 20.4  0.0 20.4  0.0 20.4  0.0204.1  0.0
  0.0  0.0  0.0  0.0  0.0  0.0  0.0  0.0  0.0  0.0  0.0  0.0  0.0  0.0  0.0
  0.0  0.0  0.0  0.0  0.0  0.0 20.4  0.0  0.0  0.0  0.0  0.0  0.0  0.0  0.0
  0.0  0.0 20.4  0.0  0.0  0.0  0.0  0.0  0.0  0.0  0.0  0.0  0.0  0.0  0.0
 20.4  0.0  0.0 20.4 20.4  0.0 20.4  0.0  0.0  0.0  0.0  0.0  0.0  0.0  0.0
  0.0  0.0  0.0  0.0  0.0  0.0  0.0  0.0  0.0  0.0  0.0  0.0  0.0  0.0  0.0
  0.0  0.0  0.0  0.0  0.0  0.0  0.0 61.2  0.0  0.0 20.4  0.0 20.4  0.0  0.0
    -14.45     -0.46     10.02     -6.61     -0.53  0.0  0.0  0.0  0.0  0.0
                                     t000117_s19_p4_qjpp.txt 32.3  5.2  271
  7.4  0.0  0.0 14.8  0.0  0.0  0.0  0.0  3.7  0.0  0.0  3.7  0.0  0.0  0.0
  0.0  0.0  0.0  7.4  0.0  0.0339.5121.8 66.4 51.7  0.0  3.7  3.7  0.0  0.0
  0.0 18.5  0.0  0.0  3.7 25.8  3.7  0.0  0.0  3.7  0.0  0.0 14.8 18.5  7.4
  0.0  7.4  3.7  3.7  3.7  0.0 40.6 25.8  0.0  0.0 95.9  3.7  0.0 73.8  0.0
  0.0  0.0  0.0  0.0  0.0  0.0  0.0  0.0  0.0  0.0  0.0  0.0  0.0  0.0  0.0
  0.0  0.0  0.0  3.7  0.0  3.7  0.0  0.0  0.0  0.0  0.0  0.0  0.0  0.0  0.0
  3.7  0.0  0.0  0.0  0.0  0.0  0.0  0.0  0.0  0.0  0.0  0.0  0.0  0.0  0.0
  7.4  0.0  0.0  7.4  3.7  0.0  3.7  0.0  0.0  0.0  0.0  0.0  0.0  0.0  0.0
  0.0  0.0  0.0  0.0  0.0  0.0  0.0  0.0 25.8  0.0 11.1  7.4  3.7  7.4  0.0
  0.0  3.7  0.0  0.0  0.0  7.4  0.0  3.7  7.4 11.1  0.0  0.0 14.8  0.0  0.0
    -24.60     -2.64      5.25     -4.93     14.07  3.7  0.0  0.0  3.7  0.0
                                     t000117_s19_p5_qjpp.txt 31.8  4.9  250
 16.0  0.0  0.0 16.0  0.0  0.0  0.0  0.0 40.0  0.0  4.0  0.0  4.0  0.0  0.0
  4.0  0.0  4.0 16.0  0.0  0.0360.0 72.0 40.0 48.0  4.0  0.0  4.0  0.0  0.0
  4.0  8.0  0.0  8.0  4.0 28.0  4.0  4.0  0.0  4.0  4.0  0.0 20.0 12.0  0.0
  4.0  8.0  8.0  4.0  8.0 12.0 36.0 16.0  0.0  4.0 72.0 44.0  0.0100.0 16.0
  0.0  0.0  0.0  0.0  0.0  0.0  0.0  0.0  0.0  0.0  0.0  0.0  0.0  0.0  0.0
  0.0  0.0  0.0  0.0  0.0  0.0  8.0  0.0  0.0  0.0  0.0  0.0  0.0  0.0  0.0
  0.0  0.0  0.0  0.0  0.0  0.0  0.0  0.0  0.0  0.0  0.0  0.0  0.0  0.0  0.0
  8.0  0.0  0.0  8.0  0.0  0.0  0.0  0.0  0.0  0.0  0.0  0.0  0.0  0.0  0.0
  0.0  0.0  0.0  0.0  0.0  0.0  0.0  4.0 20.0  0.0 20.0 12.0  8.0  0.0  0.0
  0.0  8.0  0.0  0.0  0.0  0.0  0.0 24.0  4.0  4.0  0.0  4.0 12.0  4.0  0.0
    -14.37     -3.23      2.52     -1.93     11.98  0.0  0.0  0.0  0.0  0.0
                                     t000117_s19_p6_qjpp.txt 21.5  4.5  156
  6.4 12.8  0.0 32.1  0.0  0.0  0.0  0.0 12.8  0.0  0.0  0.0  0.0  0.0  0.0
  0.0  0.0  0.0 19.2  0.0  0.0333.3109.0 19.2 64.1  0.0  0.0 19.2  0.0  6.4
  0.0  6.4  0.0  0.0  6.4 19.2  0.0  0.0  0.0  0.0  0.0  0.0  6.4  6.4  0.0
  0.0  6.4 12.8  0.0 12.8  0.0 32.1  6.4  0.0  6.4 64.1 12.8  0.0115.4 19.2
  0.0  0.0  0.0  0.0  0.0  0.0  0.0  0.0  0.0  0.0  0.0  0.0  0.0  0.0  0.0
  0.0  0.0  0.0  6.4  0.0  6.4 12.8  0.0  0.0  0.0  0.0  0.0  0.0  0.0  0.0
  0.0  0.0  0.0  0.0  0.0  0.0  0.0  0.0  0.0  0.0  0.0  0.0  0.0  0.0  0.0
 25.6  0.0  0.0 25.6  0.0  0.0  0.0  0.0  0.0  0.0  0.0  0.0  0.0  0.0  0.0
  0.0  0.0  0.0  0.0  0.0  0.0  0.0  0.0  6.4  0.0  0.0 38.5  6.4  0.0  0.0
  0.0  0.0  0.0  0.0  0.0  6.4  0.0 12.8  6.4 19.2  0.0  0.0  6.4  6.4  0.0
    -15.42     -0.06      3.57     -6.61      1.35  0.0  0.0  0.0  0.0  0.0
                                     t000117_s19_p7_qjpp.txt 31.0  4.8  182
 16.5  0.0  0.0  5.5  0.0  0.0  0.0  0.0  0.0  0.0  0.0  0.0  0.0  0.0  0.0
  5.5  5.5  0.0  5.5  0.0  0.0417.6 76.9 16.5 49.5  0.0 11.0  5.5  0.0 11.0
  0.0  0.0  0.0  0.0  0.0 16.5  0.0  0.0  0.0  0.0  0.0 11.0  5.5 11.0  0.0
  0.0 11.0  5.5  0.0  5.5  0.0 16.5 11.0  5.5 11.0 33.0  0.0  0.0 82.4 11.0
  0.0  0.0  0.0  0.0  0.0  0.0  0.0  0.0  0.0  0.0  0.0  0.0  0.0  0.0  0.0
  0.0  0.0  0.0  0.0  0.0  5.5  0.0  0.0  0.0  0.0  0.0  0.0  0.0  0.0  0.0
  0.0  0.0  0.0  0.0  0.0  0.0  0.0  0.0  0.0  0.0  0.0  0.0  5.5  0.0  0.0
  5.5  0.0  0.0  5.5  0.0  0.0  0.0  5.5  0.0  0.0  0.0  0.0  0.0  0.0  0.0
  0.0  0.0  0.0  0.0  0.0  0.0  0.0  0.0  5.5  5.5 11.0 44.0  5.5  0.0  0.0
  0.0  0.0  0.0  0.0  0.0  0.0  5.5 11.0  5.5 27.5  0.0  0.0  5.5  5.5  0.0
    -12.23     -0.97      5.53     -2.21      1.47  0.0  0.0  0.0  0.0  0.0
                                     t000117_s19_p8_qjpp.txt 12.0  5.0   65
  0.0  0.0  0.0 15.4  0.0  0.0  0.0  0.0 15.4  0.0  0.0  0.0  0.0  0.0  0.0
  0.0  0.0  0.0  0.0  0.0  0.0323.1123.1 61.5 46.2  0.0  0.0  0.0  0.0  0.0
  0.0  0.0  0.0  0.0 30.8 15.4 15.4  0.0  0.0 15.4  0.0 15.4  0.0 15.4 30.8
  0.0  0.0  0.0  0.0 15.4  0.0 15.4 46.2  0.0  0.0107.7 15.4  0.0 92.3  0.0
  0.0  0.0  0.0  0.0  0.0  0.0  0.0  0.0  0.0  0.0  0.0  0.0  0.0  0.0  0.0
  0.0  0.0  0.0  0.0  0.0  0.0  0.0  0.0  0.0  0.0  0.0  0.0  0.0  0.0  0.0
  0.0  0.0  0.0  0.0  0.0  0.0  0.0  0.0  0.0  0.0  0.0  0.0  0.0  0.0  0.0
  0.0  0.0  0.0  0.0  0.0  0.0  0.0  0.0  0.0  0.0  0.0  0.0  0.0  0.0  0.0
  0.0  0.0  0.0  0.0  0.0  0.0  0.0  0.0  0.0  0.0  0.0 61.5 15.4  0.0  0.0
  0.0 15.4  0.0  0.0  0.0 15.4  0.0  0.0  0.0 15.4  0.0  0.0 15.4  0.0  0.0
    -27.30     -4.21     -8.95      6.54     22.37  0.0  0.0  0.0  0.0  0.0
                                     t000117_s19_p9_qjpp.txt 12.5  5.6   72
 27.8  0.0  0.0111.1  0.0  0.0  0.0  0.0  0.0  0.0  0.0  0.0  0.0  0.0  0.0
  0.0  0.0  0.0 13.9  0.0  0.0375.0 97.2 13.9 13.9  0.0  0.0  0.0  0.0  0.0
  0.0  0.0  0.0  0.0  0.0 41.7 27.8  0.0  0.0 13.9  0.0 13.9 13.9 13.9 13.9
  0.0  0.0 13.9  0.0 13.9  0.0 27.8 27.8  0.0  0.0 69.4  0.0  0.0152.8  0.0
 13.9  0.0  0.0  0.0  0.0  0.0  0.0  0.0  0.0  0.0  0.0  0.0  0.0  0.0  0.0
  0.0  0.0  0.0  0.0 13.9 13.9  0.0  0.0  0.0  0.0  0.0  0.0  0.0  0.0  0.0
 13.9 13.9  0.0  0.0  0.0  0.0  0.0  0.0  0.0  0.0  0.0  0.0  0.0  0.0  0.0
 27.8  0.0  0.0 27.8 27.8  0.0 27.8  0.0  0.0  0.0  0.0  0.0  0.0  0.0  0.0
  0.0  0.0  0.0  0.0  0.0  0.0  0.0  0.0 13.9  0.0 27.8 13.9 13.9  0.0  0.0
  0.0  0.0  0.0  0.0  0.0  0.0  0.0 27.8 13.9 41.7  0.0  0.0 27.8  0.0  0.0
    -19.01     -5.27     -1.39      5.26     17.84  0.0  0.0  0.0  0.0  0.0
                                      t000117_s2_p1_qjpp.txt 20.3  5.6  106
  0.0  0.0  0.0 18.9  0.0  0.0  0.0  0.0  0.0  0.0  0.0  0.0  0.0  0.0  0.0
  0.0  0.0  0.0 28.3  0.0  0.0603.8150.9 56.6  9.4  0.0  0.0  0.0  0.0  0.0
  0.0  0.0  0.0  0.0  0.0  0.0  0.0  0.0  0.0  0.0  0.0  0.0  0.0  0.0  9.4
  0.0  0.0  0.0  0.0  0.0  0.0 28.3  9.4  0.0  0.0 56.6  0.0  0.0 28.3  0.0
  0.0  0.0  0.0  0.0  0.0  0.0  0.0  0.0  0.0  0.0  0.0  0.0  0.0  0.0  0.0
  0.0  0.0  0.0  0.0  0.0  0.0  0.0  0.0  0.0  0.0  0.0  0.0  0.0  0.0  0.0
  0.0  0.0  0.0  0.0  0.0  0.0  0.0  0.0  0.0  0.0  0.0  0.0  0.0  0.0  0.0
  0.0  0.0  0.0  0.0  0.0  0.0  0.0  0.0  0.0  0.0  0.0  0.0  0.0  0.0  0.0
  0.0  0.0  0.0  0.0  0.0  0.0  0.0  9.4  9.4  9.4 18.9  0.0  0.0  0.0  0.0
  9.4  0.0  0.0  0.0  0.0  0.0  0.0  0.0  9.4  0.0  0.0  0.0  0.0  0.0  0.0
    -32.27     -5.42      0.97     -6.61      3.63  0.0  0.0  0.0  0.0  0.0
                                      t000117_s6_p1_qjpp.txt 30.0  5.6  173
  0.0  0.0  0.0 80.9  0.0  0.0  0.0  0.0  5.8  5.8  0.0  0.0  0.0  0.0  0.0
  5.8  0.0  0.0 11.6  0.0  0.0433.5 52.0 52.0 52.0  0.0  0.0  5.8  0.0  5.8
  0.0  5.8  0.0  0.0  5.8 40.5  0.0  0.0  0.0  0.0  0.0  0.0 28.9  5.8  0.0
  0.0  0.0  5.8 11.6  0.0  0.0 17.3  5.8  0.0  5.8 57.8  5.8  0.0138.7 23.1
 11.6  0.0  0.0  0.0  0.0  0.0  0.0  0.0  0.0  0.0  0.0  0.0  0.0  0.0  0.0
  0.0  0.0  0.0  5.8  0.0  0.0  0.0  0.0  0.0  0.0  0.0  0.0  0.0  0.0  0.0
  0.0  5.8  0.0  0.0  0.0  0.0  0.0  0.0  0.0  0.0 11.6  0.0  0.0  0.0  0.0
  5.8  0.0  0.0  5.8  5.8  0.0  5.8 11.6  0.0  0.0  0.0  0.0  0.0  0.0  0.0
  0.0  5.8  0.0  0.0  0.0  0.0  0.0  0.0 17.3 11.6 34.7  0.0  0.0  5.8  0.0
  0.0  5.8  0.0  0.0  0.0  5.8  0.0 11.6  5.8 28.9  0.0  0.0 28.9  0.0  0.0
    -21.66     -2.95      2.01     -6.61     15.31  0.0  0.0  0.0  0.0  0.0
                                      t000117_s6_p2_qjpp.txt 34.5  5.2  511
  2.0  0.0  0.0 25.4  0.0  0.0  0.0  0.0  5.9  0.0  2.0  0.0  0.0  2.0  0.0
  0.0  0.0  2.0  2.0  0.0  0.0493.2 64.6 35.2  2.0  0.0  3.9  0.0  0.0  0.0
  0.0  0.0  0.0  0.0  0.0  9.8  2.0  0.0  3.9  0.0  0.0  2.0  3.9  2.0  0.0
  2.0  0.0  3.9  0.0  0.0  2.0  2.0  3.9  0.0  0.0 41.1  5.9  2.0 43.1  3.9
  0.0  0.0  0.0  0.0  0.0  0.0  0.0  0.0  0.0  0.0  0.0  0.0  0.0  0.0  0.0
  0.0  0.0  0.0  2.0  0.0  0.0  2.0  0.0  0.0  0.0  0.0  0.0  3.9  0.0  0.0
  0.0  0.0  0.0  0.0  0.0  0.0  0.0  0.0  0.0  0.0  0.0  0.0  0.0  0.0  0.0
  3.9  0.0  3.9  7.8  0.0  0.0  0.0  0.0  0.0  0.0  0.0  0.0  0.0  0.0  0.0
  0.0  0.0  0.0  0.0  0.0  0.0  0.0  0.0 17.6  2.0 17.6  9.8  2.0  3.9  0.0
  0.0  0.0  0.0  0.0  0.0  5.9  2.0  5.9  2.0  0.0  3.9  0.0  5.9  0.0  0.0
    -26.58     -4.91      0.42     -4.56     -0.25  2.0  0.0  3.9  0.0  0.0
                                      t000117_s6_p3_qjpp.txt 22.5  5.7  114
 17.5  0.0  0.0 26.3  0.0  0.0  0.0  0.0  8.8  0.0  0.0  0.0  0.0  0.0  0.0
  0.0  0.0  8.8  0.0  0.0  0.0386.0105.3 52.6 26.3  0.0  0.0  0.0  0.0  0.0
  0.0  0.0  0.0  8.8  0.0 26.3  8.8  0.0  0.0  0.0  0.0  0.0  8.8  0.0  0.0
  8.8  0.0  0.0  0.0  8.8  8.8  0.0  8.8  0.0  0.0 70.2  8.8  0.0 61.4  8.8
  0.0  0.0  0.0  0.0  0.0  0.0  0.0  0.0  0.0  0.0  0.0  0.0  0.0  0.0  0.0
  0.0  0.0  0.0  0.0  0.0  8.8  0.0  0.0  0.0  0.0  0.0  0.0  0.0  0.0  8.8
  0.0  0.0  0.0  0.0  0.0  0.0  0.0  0.0  0.0  0.0  0.0  0.0  0.0  0.0  0.0
  8.8  0.0  0.0  8.8  8.8  0.0  8.8  0.0  0.0  0.0  0.0  0.0  0.0  0.0  0.0
  0.0  0.0  0.0  0.0  0.0  0.0  0.0  0.0  8.8  0.0 17.5  0.0  8.8  0.0  0.0
  0.0  0.0  0.0  0.0  0.0  0.0  0.0  0.0  8.8 17.5  0.0  0.0  8.8  0.0  0.0
    -25.44     -4.86     -3.03     -6.61      4.69  0.0  0.0  0.0  0.0  0.0
                                      t000117_s8_p1_qjpp.txt 35.3  5.1  753
  2.7  0.0  0.0 21.2  1.3  1.3  0.0  0.0  1.3  1.3  0.0  0.0  1.3  1.3  0.0
  1.3  1.3  0.0  2.7  0.0  0.0510.0 63.7 37.2  8.0  0.0  2.7  5.3  0.0  0.0
  0.0  1.3  0.0  0.0  1.3  8.0  0.0  0.0  0.0  0.0  0.0  0.0  1.3  2.7  0.0
  0.0  0.0  4.0  0.0  0.0  0.0  4.0  2.7  1.3  0.0 41.2  2.7  0.0 33.2  1.3
  0.0  0.0  0.0  0.0  0.0  0.0  0.0  0.0  0.0  0.0  0.0  0.0  0.0  0.0  0.0
  0.0  0.0  0.0  1.3  0.0  1.3  1.3  0.0  0.0  0.0  0.0  0.0  0.0  0.0  0.0
  0.0  0.0  0.0  0.0  0.0  0.0  0.0  0.0  0.0  0.0  0.0  0.0  0.0  0.0  0.0
  4.0  0.0  0.0  4.0  0.0  0.0  0.0  0.0  0.0  0.0  0.0  0.0  0.0  0.0  0.0
  0.0  0.0  0.0  0.0  0.0  0.0  0.0  0.0 13.3  5.3 15.9  5.3  1.3  4.0  1.3
  0.0  0.0  0.0  0.0  0.0  5.3  4.0  2.7  1.3  5.3  0.0  0.0  4.0  0.0  0.0
    -24.08     -3.97      0.62     -6.61     -2.39  4.0  1.3  1.3  0.0  0.0
                                      t000117_s8_p2_qjpp.txt 32.0  5.0  779
  3.9  0.0  0.0 20.5  0.0  0.0  0.0  0.0  1.3  2.6  0.0  1.3  0.0  0.0  0.0
  0.0  1.3  1.3  5.1  0.0  0.0517.3 61.6 42.4  1.3  0.0  1.3  1.3  0.0  0.0
  0.0  1.3  0.0  0.0  0.0  9.0  0.0  0.0  0.0  0.0  0.0  2.6  3.9  2.6  0.0
  3.9  0.0  1.3  0.0  2.6  1.3  7.7  6.4  1.3  0.0 52.6  1.3  0.0 33.4  5.1
  0.0  0.0  0.0  0.0  0.0  0.0  0.0  0.0  0.0  0.0  0.0  0.0  0.0  0.0  0.0
  0.0  0.0  0.0  1.3  0.0  0.0  0.0  0.0  0.0  0.0  0.0  0.0  0.0  0.0  0.0
  0.0  0.0  0.0  0.0  0.0  0.0  0.0  0.0  0.0  0.0  0.0  0.0  0.0  0.0  0.0
  1.3  0.0  0.0  1.3  0.0  0.0  0.0  0.0  0.0  0.0  0.0  0.0  0.0  0.0  0.0
  0.0  0.0  0.0  0.0  0.0  0.0  0.0  0.0  1.3  2.6  6.4  7.7  0.0  0.0  0.0
  0.0  0.0  0.0  0.0  0.0  1.3  0.0  7.7  1.3  2.6  0.0  0.0  3.9  0.0  0.0
    -24.78     -5.20      0.94     -5.58      0.41  1.3  1.3  1.3  0.0  0.0
                                      t000117_s8_p3_qjpp.txt 35.8  5.2  349
  0.0  0.0  0.0 20.1  0.0  0.0  0.0  0.0  0.0  0.0  0.0  0.0  0.0  0.0  0.0
  2.9  0.0  5.7  0.0  0.0  0.0492.8 63.0 57.3  0.0  0.0  0.0  0.0  0.0  2.9
  0.0  5.7  0.0  0.0  8.6 20.1  0.0  0.0  0.0  0.0  0.0  0.0 14.3  0.0  0.0
  5.7  0.0  0.0  0.0  5.7  5.7  5.7  5.7  0.0  2.9 71.6  0.0  5.7 37.2  0.0
  0.0  2.9  0.0  0.0  0.0  0.0  0.0  0.0  0.0  0.0  0.0  0.0  0.0  0.0  0.0
  0.0  0.0  0.0  0.0  0.0  0.0  0.0  0.0  0.0  2.9  0.0  0.0  0.0  0.0  0.0
  0.0  0.0  0.0  0.0  0.0  0.0  0.0  0.0  0.0  0.0  0.0  0.0  0.0  0.0  0.0
  0.0  2.9  0.0  2.9  0.0  0.0  0.0  0.0  0.0  0.0  0.0  0.0  0.0  0.0  0.0
  0.0  0.0  0.0  0.0  0.0  0.0  0.0  0.0  2.9  0.0 17.2  2.9 11.5  0.0  0.0
  0.0  0.0  0.0  0.0  0.0 14.3  0.0  0.0  0.0  8.6  0.0  0.0  0.0  0.0  0.0
    -27.86     -5.73      0.86     -6.61      7.18  0.0  0.0  0.0  0.0  0.0
                                      t000117_s8_p4_qjpp.txt 31.5  5.2  280
  0.0  0.0  0.0 10.7  0.0  0.0  0.0  0.0 10.7  0.0  0.0  0.0  0.0  0.0  0.0
  3.6  0.0  0.0  3.6  0.0  0.0521.4 57.1 60.7 17.9  0.0  0.0  0.0  0.0  3.6
  0.0  0.0  0.0  0.0  0.0 10.7  0.0  0.0  0.0  0.0  0.0  0.0  3.6  0.0  0.0
  0.0  3.6  0.0  3.6  0.0  0.0  7.1  0.0  0.0  3.6 67.9 10.7  3.6 35.7  0.0
  3.6  0.0  0.0  0.0  0.0  0.0  0.0  0.0  0.0  0.0  0.0  0.0  0.0  0.0  0.0
  0.0  0.0  0.0  0.0  0.0  0.0  0.0  0.0  0.0  0.0  0.0  0.0  0.0  3.6  0.0
  0.0  0.0  0.0  0.0  0.0  0.0  0.0  0.0  0.0  0.0  0.0  0.0  0.0  0.0  0.0
  0.0  0.0  3.6  3.6  0.0  0.0  0.0  0.0  0.0  0.0  0.0  0.0  0.0  0.0  0.0
  0.0  0.0  0.0  0.0  0.0  0.0  0.0  0.0 14.3  3.6 21.4  3.6 10.7  0.0  3.6
  0.0  3.6  0.0  0.0  0.0  7.1  0.0 10.7  0.0  3.6  3.6  0.0  0.0  0.0  0.0
    -29.07     -5.14      2.15     -6.61     -1.39  0.0  0.0  0.0  0.0  0.0
                                      t000122_s1_p1_qjpp.txt 28.3  5.9  157
 12.7  6.4  0.0 44.6  0.0  0.0  6.4  0.0  6.4  0.0  0.0  0.0  0.0  0.0  0.0
  6.4  0.0  0.0 19.1  0.0  0.0465.0 95.5 63.7  6.4  6.4  0.0  0.0  0.0  0.0
  0.0  0.0  0.0  6.4  0.0 12.7  6.4  0.0  0.0  0.0  0.0  0.0  0.0  0.0  0.0
  0.0  0.0  0.0  6.4  6.4  0.0 19.1  0.0  0.0  0.0 95.5 12.7  0.0 63.7  6.4
  6.4  0.0  0.0  0.0  0.0  0.0  0.0  0.0  0.0  0.0  0.0  0.0  0.0  0.0  0.0
  0.0  0.0  0.0  0.0  0.0  0.0  6.4  0.0  0.0  0.0  0.0  0.0  0.0  0.0  0.0
  0.0  0.0  0.0  0.0  0.0  0.0  0.0  0.0  0.0  0.0  0.0  0.0  0.0  0.0  0.0
  6.4  0.0  0.0  6.4  0.0  0.0  0.0  0.0  0.0  0.0  0.0  0.0  0.0  0.0  0.0
  0.0  0.0  0.0  0.0  0.0  0.0  0.0  0.0  0.0  6.4 12.7  0.0 25.5  0.0  0.0
  0.0  0.0  0.0  0.0  0.0  0.0  0.0  6.4  0.0  6.4  0.0  0.0 12.7  0.0  0.0
    -21.58     -5.24     -1.57     -6.61     -3.63  0.0  0.0  0.0  0.0  0.0
                                     t000122_s14_p1_qjpp.txt 37.5  5.4 1374
  0.0  0.0  0.0  2.9  0.0  0.0  0.0  0.0  0.0  0.0  0.0  0.0  0.0  0.0  0.0
  0.0  0.0  0.0  1.5  0.0  0.0686.3 18.2 43.7  2.2  0.0  0.0  0.0  0.0  0.0
  0.0  0.0  0.0  0.0  0.0  5.1  0.0  0.0  0.0  0.0  0.0  0.0  0.0  0.0  0.0
  2.9  0.0  0.0  0.0  0.0  0.0  1.5  2.9  0.0  0.0 59.0  0.0  0.0 13.1  0.0
  0.0  0.0  0.0  0.0  0.0  0.0  0.0  0.0  0.0  0.0  0.0  0.0  0.0  0.0  0.0
  0.0  0.0  0.0  0.0  0.0  0.0  0.0  0.0  0.0  0.0  0.0  0.0  0.0  0.0  0.0
  0.0  0.0  0.0  0.0  0.0  0.0  0.0  0.0  0.0  0.0  0.0  0.0  0.0  0.0  0.0
  0.0  0.0  0.0  0.0  0.0  0.0  0.0  0.0  0.0  0.0  0.0  0.0  0.0  0.0  0.0
  0.0  0.0  0.0  0.0  0.0  0.0  0.0  0.7 27.7  0.7 13.8  6.6 10.2  1.5  0.0
  0.0  0.0  0.0  0.0  0.0  0.0  1.5  0.7  0.0  0.0  0.0  0.0  2.2  0.0  0.0
    -34.09     -5.66      0.68     -6.61     -2.69  0.0  0.0  0.0  0.0  0.0
                                    t000122_s14_p10_qjpp.txt 33.5  5.2  465
  0.0  0.0  0.0  4.3  0.0  0.0  0.0  0.0  0.0  0.0  0.0  0.0  0.0  0.0  0.0
  0.0  0.0  0.0  2.2  0.0  0.0557.0 71.0 53.8 36.6  0.0  2.2  0.0  0.0  0.0
  0.0  0.0  0.0  4.3  0.0  4.3  2.2  0.0  0.0  0.0  0.0  0.0  0.0 21.5  0.0
  6.5  6.5  0.0  0.0  0.0  0.0  8.6 28.0  0.0  0.0 73.1  0.0  0.0 60.2  2.2
  2.2  0.0  0.0  0.0  0.0  0.0  0.0  0.0  0.0  0.0  0.0  0.0  0.0  0.0  0.0
  0.0  0.0  0.0  0.0  0.0  0.0  0.0  0.0  0.0  0.0  0.0  0.0  0.0  0.0  0.0
  0.0  0.0  0.0  0.0  0.0  0.0  0.0  0.0  0.0  0.0  0.0  0.0  0.0  0.0  0.0
  0.0  0.0  0.0  0.0  0.0  0.0  0.0  0.0  0.0  0.0  0.0  0.0  0.0  0.0  0.0
  0.0  0.0  0.0  0.0  0.0  0.0  0.0  4.3 15.1  2.2  2.2  6.5  8.6  4.3  0.0
  0.0  0.0  0.0  0.0  0.0  6.5  6.5 12.9  6.5  4.3  0.0  0.0  2.2  0.0  0.0
    -32.32     -4.11     -0.50     -6.61      1.71  0.0  0.0  0.0  0.0  0.0
                                    t000122_s14_p11_qjpp.txt 31.5  5.3  174
  5.7  0.0  0.0  5.7  0.0  0.0  0.0  0.0  0.0  0.0  0.0  0.0  0.0  0.0  0.0
  0.0  0.0  0.0  5.7  0.0  0.0471.3 80.5 23.0 63.2  0.0  5.7  0.0  0.0  0.0
  0.0  0.0  0.0  0.0  0.0 28.7  0.0  0.0  0.0  0.0  0.0  0.0  0.0 46.0  0.0
  0.0  5.7  0.0  0.0  0.0  0.0 11.5 46.0  0.0  0.0 69.0  0.0  0.0109.2 23.0
  0.0  0.0  0.0  0.0  0.0  0.0  0.0  0.0  0.0  0.0  0.0  0.0  0.0  0.0  0.0
  0.0  0.0  0.0  0.0  0.0  0.0  0.0  0.0  0.0  0.0  0.0  0.0  0.0  0.0  0.0
  0.0  0.0  0.0  0.0  0.0  0.0  0.0  0.0  0.0  0.0  0.0  0.0  0.0  0.0  0.0
  0.0  0.0  0.0  0.0  0.0  0.0  0.0  0.0  0.0  0.0  0.0  0.0  0.0  0.0  0.0
  0.0  0.0  0.0  0.0  0.0  0.0  0.0  5.7  5.7 11.5  0.0 17.2  5.7 11.5  0.0
  0.0  0.0  0.0  0.0  0.0  0.0  5.7 46.0  5.7 11.5  0.0  0.0  0.0  0.0  0.0
    -27.69     -2.54     -0.66     -6.61      3.34  0.0  0.0  0.0  0.0  0.0
                                    t000122_s14_p12_qjpp.txt 32.0  5.1  210
  0.0  0.0  0.0  4.8  0.0  0.0  0.0  0.0  0.0  0.0  0.0  0.0  0.0  0.0  0.0
  0.0  0.0  0.0  4.8  0.0  0.0528.6 57.1 28.6 23.8  0.0  0.0  0.0  0.0  0.0
  0.0  0.0  0.0 14.3  0.0 23.8  0.0  0.0  0.0  0.0  0.0  0.0  0.0 23.8  0.0
  0.0  4.8  0.0  0.0  0.0  0.0  9.5 23.8  0.0  0.0 47.6  0.0  0.0 57.1  9.5
  4.8  0.0  0.0  0.0  0.0  0.0  0.0  0.0  0.0  0.0  0.0  0.0  0.0  0.0  0.0
  0.0  0.0  0.0  0.0  0.0  0.0  0.0  0.0  0.0  0.0  0.0  0.0  0.0  0.0  0.0
  0.0  0.0  0.0  0.0  0.0  0.0  0.0  0.0  0.0  0.0  0.0  0.0  0.0  0.0  0.0
  0.0  0.0  0.0  0.0  0.0  0.0  0.0  0.0  0.0  0.0  0.0  0.0  0.0  0.0  0.0
  0.0  0.0  0.0  0.0  0.0  0.0  0.0  4.8  4.8  0.0  4.8  4.8  9.5  0.0  0.0
  0.0  0.0  0.0  0.0  0.0  0.0  0.0  9.5 19.0  4.8  0.0  0.0  4.8  0.0  0.0
    -28.87     -4.94     -4.46     -6.61     -0.02  4.8  0.0  0.0  0.0  0.0
                                    t000122_s14_p13_qjpp.txt 33.8  4.8  176
  5.7  0.0  0.0 11.4  0.0  0.0  0.0  0.0  0.0  0.0  0.0  0.0  0.0  5.7  0.0
  0.0  0.0  0.0  0.0  0.0  0.0471.6102.3 56.8 51.1  0.0  0.0  0.0  0.0  0.0
  0.0  0.0  0.0  0.0  0.0 11.4  5.7  0.0  0.0  0.0  0.0  0.0  5.7 22.7  5.7
  0.0  5.7  0.0  0.0  0.0  0.0  5.7 28.4  0.0  0.0 62.5  0.0  0.0 73.9  5.7
  0.0  0.0  0.0  0.0  0.0  0.0  0.0  0.0  0.0  0.0  0.0  0.0  0.0  0.0  0.0
  0.0  0.0  0.0  0.0  0.0  0.0  0.0  0.0  0.0  0.0  0.0  0.0  0.0  0.0  0.0
  0.0  0.0  0.0  0.0  0.0  5.7  0.0  0.0  0.0  0.0  0.0  0.0  0.0  0.0  0.0
  0.0  0.0  0.0  0.0  0.0  5.7  5.7  0.0  0.0  0.0  0.0  0.0  0.0  0.0  0.0
  0.0  0.0  0.0  0.0  0.0  0.0  0.0  0.0 17.0  0.0  0.0  0.0  5.7  0.0  0.0
  0.0  0.0  0.0  0.0  0.0  0.0  0.0 22.7 11.4 11.4  0.0  0.0  0.0  0.0  0.0
    -27.40     -4.05      0.33     -6.61      7.74  0.0  0.0  0.0  0.0  0.0
                                    t000122_s14_p14_qjpp.txt 34.5  5.2  186
  5.4  0.0  0.0 16.1  0.0  0.0  0.0  0.0  0.0  5.4  0.0  0.0  0.0  0.0  0.0
  0.0  0.0  0.0  5.4  0.0  0.0446.2107.5 43.0 64.5  0.0  0.0  0.0  0.0  0.0
  0.0  0.0  0.0 10.8  0.0 16.1  0.0  0.0  0.0  0.0  0.0  5.4  0.0 32.3  0.0
  0.0  5.4  0.0  0.0  0.0  0.0 10.8 32.3  0.0  0.0 64.5  0.0  0.0 86.0  0.0
  5.4  0.0  0.0  0.0  0.0  0.0  0.0  0.0  0.0  0.0  0.0  0.0  0.0  0.0  0.0
  0.0  0.0  0.0  0.0  0.0  0.0  0.0  0.0  0.0  0.0  0.0  0.0  0.0  0.0  0.0
  0.0  0.0  0.0  0.0  0.0  0.0  0.0  0.0  0.0  0.0  0.0  0.0  0.0  0.0  0.0
  0.0  0.0  0.0  0.0  0.0  0.0  0.0  0.0  0.0  0.0  0.0  0.0  0.0  0.0  0.0
  0.0  0.0  0.0  0.0  0.0  0.0  0.0  0.0 10.8  5.4  0.0  0.0 26.9  0.0  0.0
  0.0  0.0  0.0  0.0  0.0  5.4  0.0 10.8  5.4  0.0  0.0  0.0  5.4  0.0  0.0
    -27.98     -3.61     -3.01     -4.45      1.26  0.0  0.0  0.0  0.0  0.0
                                    t000122_s14_p15_qjpp.txt 20.8  5.1  151
  6.6  0.0  0.0  0.0  0.0  0.0  0.0  0.0  0.0  0.0  0.0  0.0  0.0  0.0  0.0
  0.0  0.0  0.0  6.6  0.0  0.0516.6 72.8 33.1 39.7 13.2  0.0  0.0  0.0  0.0
  0.0  0.0  0.0  0.0  0.0  6.6  6.6  0.0  0.0  0.0  0.0  6.6  0.0 26.5  0.0
  6.6  0.0  0.0  0.0  0.0  0.0  6.6 33.1  0.0  0.0 33.1 13.2  0.0 79.5 13.2
  0.0  0.0  0.0  0.0  0.0  0.0  0.0  0.0  0.0  0.0  0.0  0.0  0.0  0.0  0.0
  0.0  0.0  0.0  0.0  0.0  0.0  0.0  0.0  0.0  0.0  0.0  0.0  0.0  0.0  0.0
  0.0  0.0  0.0  0.0  0.0  0.0  0.0  0.0  0.0  0.0  0.0  0.0  0.0  0.0  0.0
  0.0  0.0  0.0  0.0  0.0  0.0  0.0  0.0  0.0  0.0  0.0  0.0  0.0  0.0  0.0
  0.0  0.0  0.0  0.0  0.0  0.0  0.0  0.0 19.9  6.6 33.1  0.0  6.6  6.6  0.0
  0.0  0.0  0.0  0.0  0.0  6.6  0.0 19.9 19.9 33.1  0.0  0.0  6.6  0.0  0.0
    -28.54     -3.83      0.60     -3.96      2.52  0.0  0.0  0.0  0.0  0.0
                                    t000122_s14_p16_qjpp.txt 25.0  4.7  148
  6.8  0.0  0.0 20.3  0.0  0.0  0.0  0.0  0.0  0.0  0.0  0.0  0.0  0.0  0.0
  0.0  0.0  0.0  0.0  0.0  0.0479.7128.4 33.8 33.8  0.0  6.8  0.0  0.0  0.0
  0.0  0.0  0.0  6.8  0.0 13.5  0.0  0.0  0.0  0.0  0.0  0.0  6.8 20.3  6.8
  0.0  6.8  0.0  0.0  0.0  0.0  6.8 27.0  0.0  0.0 60.8  0.0  0.0 67.6  6.8
  0.0  0.0  0.0  0.0  0.0  0.0  0.0  0.0  0.0  0.0  0.0  0.0  0.0  0.0  0.0
  0.0  0.0  0.0  0.0  0.0  0.0  0.0  0.0  0.0  0.0  0.0  0.0  0.0  0.0  0.0
  0.0  0.0  0.0  0.0  0.0  0.0  0.0  0.0  0.0  0.0  0.0  0.0  0.0  0.0  0.0
  0.0  0.0  0.0  0.0  0.0  0.0  0.0  0.0  0.0  0.0  0.0  0.0  0.0  0.0  0.0
  0.0  0.0  0.0  0.0  0.0  0.0  0.0 27.0 20.3  0.0 13.5  6.8  0.0 13.5  0.0
  0.0  0.0  0.0  0.0  0.0  0.0  0.0 13.5 13.5 13.5  0.0  0.0  0.0  0.0  0.0
    -29.60     -3.32     -1.72     -6.61      8.87  0.0  0.0  0.0  0.0  0.0
                                    t000122_s14_p17_qjpp.txt 25.0  4.8  194
  0.0  0.0  0.0  0.0  0.0  0.0  0.0  0.0  0.0  0.0  0.0  0.0  0.0  0.0  0.0
  0.0  0.0  0.0  5.2  0.0  0.0510.3113.4 67.0 20.6  0.0  0.0  0.0  0.0  0.0
  0.0  0.0  0.0  5.2  0.0  0.0  0.0  0.0  0.0  0.0  0.0  5.2  0.0 10.3  5.2
  0.0  0.0  0.0  0.0  0.0  0.0  5.2 15.5  0.0  0.0128.9  0.0  0.0 30.9  0.0
  0.0  0.0  0.0  0.0  0.0  0.0  0.0  0.0  0.0  0.0  0.0  0.0  0.0  0.0  0.0
  0.0  0.0  0.0  0.0  0.0  0.0  0.0  0.0  0.0  0.0  0.0  0.0  0.0  0.0  0.0
  0.0  0.0  0.0  0.0  0.0  0.0  0.0  0.0  0.0  0.0  0.0  0.0  0.0  0.0  0.0
  0.0  0.0  0.0  0.0  0.0  0.0  0.0  0.0  0.0  0.0  0.0  0.0  0.0  0.0  0.0
  0.0  0.0  0.0  0.0  0.0  0.0  0.0  0.0 10.3  0.0 20.6 10.3 36.1  5.2  0.0
  0.0  0.0  0.0  0.0  0.0  0.0  0.0  5.2 15.5  0.0  0.0  0.0  0.0  0.0  0.0
    -32.00     -5.05     -0.50     -4.54      1.90  0.0  0.0  0.0  0.0  0.0
                                    t000122_s14_p18_qjpp.txt 25.5  4.6  257
  0.0  0.0  0.0  7.8  0.0  0.0  0.0  0.0  0.0  0.0  0.0  0.0  0.0  0.0  0.0
  0.0  0.0  0.0  3.9  0.0  0.0389.1120.6 19.5 54.5  0.0  0.0  3.9  0.0  0.0
  3.9  0.0  0.0 19.5  0.0 38.9 11.7  0.0  0.0  0.0  0.0  0.0  0.0 35.0  0.0
 15.6  0.0  0.0  7.8  0.0  0.0  3.9 50.6  0.0  3.9 27.2  0.0  0.0101.2  3.9
  0.0  0.0  0.0  0.0  0.0  0.0  0.0  0.0  0.0  0.0  0.0  0.0  0.0  0.0  0.0
  0.0  0.0  0.0  0.0  0.0  0.0  0.0  0.0  0.0  0.0  0.0  0.0  0.0  0.0  0.0
  0.0  0.0  0.0  0.0  0.0  0.0  0.0  0.0  0.0  0.0  0.0  0.0  0.0  0.0  0.0
  0.0  0.0  0.0  0.0  0.0  0.0  0.0  0.0  0.0  0.0  0.0  0.0  0.0  0.0  0.0
  0.0  0.0  0.0  0.0  0.0  0.0  0.0  0.0  0.0 11.7  7.8  7.8 23.3  3.9  3.9
  0.0  0.0  0.0  0.0  0.0  3.9  0.0 11.7  3.9  0.0  0.0  0.0  0.0  3.9  0.0
    -25.90     -3.22     -3.26     -6.61      6.70  0.0  0.0  0.0  0.0  0.0
                                    t000122_s14_p19_qjpp.txt 37.3  5.0  242
  4.1  0.0  0.0  8.3  0.0  0.0  0.0  0.0  0.0  0.0  0.0  0.0  0.0  0.0  0.0
  0.0  0.0  0.0  0.0  0.0  0.0475.2 95.0 49.6 41.3  0.0  0.0  8.3  0.0  0.0
  0.0  0.0  0.0  4.1  0.0 16.5  8.3  0.0  0.0  0.0  0.0  0.0  4.1 16.5  0.0
  0.0  8.3  0.0  0.0  0.0  0.0  8.3 16.5  0.0  0.0 70.2  0.0  0.0 78.5 12.4
  0.0  0.0  0.0  0.0  0.0  0.0  0.0  0.0  0.0  0.0  0.0  0.0  0.0  0.0  0.0
  0.0  0.0  0.0  0.0  0.0  0.0  0.0  0.0  0.0  0.0  0.0  0.0  0.0  0.0  0.0
  0.0  0.0  0.0  0.0  0.0  0.0  0.0  0.0  0.0  0.0  0.0  0.0  0.0  0.0  0.0
  0.0  0.0  0.0  0.0  0.0  0.0  0.0  0.0  0.0  0.0  0.0  0.0  0.0  0.0  0.0
  0.0  0.0  0.0  0.0  0.0  0.0  0.0  0.0  4.1  0.0  8.3  0.0 20.7  0.0  0.0
  0.0  0.0  0.0  0.0  0.0  4.1  0.0  8.3 12.4  8.3  4.1  0.0  0.0  0.0  0.0
    -30.43     -2.84     -1.15     -6.61      1.46 12.4  0.0  0.0  0.0  0.0
                                     t000122_s14_p2_qjpp.txt  5.0  5.6   23
  0.0  0.0  0.0 87.0  0.0  0.0  0.0  0.0  0.0  0.0  0.0  0.0  0.0  0.0  0.0
  0.0  0.0  0.0  0.0  0.0  0.0434.8 87.0  0.0  0.0  0.0  0.0  0.0  0.0  0.0
  0.0  0.0  0.0  0.0  0.0  0.0  0.0 43.5  0.0  0.0 43.5  0.0  0.0 43.5 43.5
  0.0  0.0  0.0  0.0  0.0 87.0  0.0 87.0  0.0  0.0  0.0  0.0  0.0 87.0  0.0
  0.0  0.0  0.0  0.0  0.0  0.0  0.0  0.0  0.0  0.0  0.0  0.0  0.0  0.0  0.0
  0.0  0.0  0.0  0.0  0.0  0.0  0.0  0.0  0.0  0.0  0.0  0.0  0.0  0.0  0.0
  0.0  0.0  0.0  0.0  0.0  0.0  0.0  0.0  0.0  0.0  0.0  0.0  0.0  0.0  0.0
  0.0  0.0  0.0  0.0  0.0  0.0  0.0  0.0  0.0  0.0  0.0  0.0  0.0  0.0  0.0
  0.0  0.0  0.0  0.0  0.0  0.0  0.0  0.0  0.0  0.0 87.0  0.0 43.5  0.0  0.0
  0.0  0.0  0.0  0.0  0.0  0.0  0.0  0.0  0.0  0.0  0.0  0.0  0.0  0.0  0.0
    -25.84     -5.73      0.97     24.45     36.41  0.0  0.0  0.0  0.0  0.0
                                    t000122_s14_p20_qjpp.txt 20.5  5.1  107
  0.0  0.0  0.0  0.0  0.0  0.0  0.0  0.0  0.0  0.0  0.0  0.0  0.0  0.0  0.0
  0.0  0.0  0.0 18.7  0.0  0.0532.7 65.4  9.3 46.7  0.0 18.7  0.0  0.0  0.0
  0.0  0.0  0.0  0.0  0.0  0.0  0.0  0.0  0.0  0.0  0.0  0.0  0.0 18.7  9.3
  0.0  0.0  0.0  0.0  9.3  0.0 18.7 28.0  0.0  0.0 74.8  0.0  0.0 84.1  9.3
  0.0  0.0  0.0  0.0  0.0  0.0  0.0  0.0  0.0  0.0  0.0  0.0  0.0  0.0  0.0
  0.0  0.0  0.0  0.0  0.0  0.0  0.0  0.0  0.0  0.0  0.0  0.0  0.0  0.0  0.0
  0.0  0.0  0.0  0.0  0.0  0.0  0.0  0.0  0.0  0.0  0.0  0.0  0.0  0.0  0.0
  0.0  0.0  0.0  0.0  0.0  0.0  0.0  0.0  0.0  0.0  0.0  0.0  0.0  0.0  0.0
  0.0  0.0  0.0  0.0  0.0  0.0  0.0  0.0  0.0  0.0 37.4 28.0  9.3  0.0  0.0
  0.0  0.0  0.0  0.0  0.0  0.0  0.0 37.4  9.3  0.0  0.0  0.0  0.0  0.0  0.0
    -25.60     -0.60      0.97     -6.61      6.39  0.0  0.0  0.0  0.0  0.0
                                    t000122_s14_p21_qjpp.txt 33.3  5.1  369
  2.7  0.0  0.0  0.0  0.0  0.0  0.0  0.0  0.0  0.0  0.0  0.0  0.0  0.0  0.0
  0.0  0.0  0.0  8.1  0.0  0.0509.5 67.8 27.1 32.5  0.0  8.1  0.0  0.0  0.0
  0.0  0.0  0.0  0.0  2.7  8.1  0.0  0.0  0.0  0.0  0.0  0.0  0.0 13.6  5.4
  0.0  0.0  0.0  0.0  0.0  0.0  8.1 19.0  0.0  0.0 43.4  0.0  0.0 62.3  2.7
  0.0  0.0  0.0  0.0  0.0  0.0  0.0  0.0  0.0  0.0  0.0  0.0  0.0  0.0  0.0
  0.0  0.0  0.0  0.0  0.0  0.0  0.0  0.0  0.0  0.0  0.0  0.0  0.0  0.0  0.0
  0.0  0.0  0.0  0.0  0.0  0.0  0.0  0.0  0.0  0.0  0.0  0.0  0.0  0.0  0.0
  0.0  0.0  0.0  0.0  0.0  0.0  0.0  0.0  0.0  0.0  0.0  0.0  0.0  0.0  0.0
  0.0  2.7  0.0  0.0  0.0  0.0  0.0  2.7 10.8  0.0 43.4 13.6 19.0  0.0  0.0
  0.0  0.0  0.0  0.0  0.0  2.7  0.0 29.8  2.7  2.7  0.0  0.0  2.7  0.0  0.0
    -27.88     -3.09     -0.29     -6.61      2.60  0.0  0.0  0.0  0.0  0.0
                                    t000122_s14_p22_qjpp.txt 14.3  4.9   72
 13.9  0.0  0.0 13.9  0.0  0.0  0.0  0.0  0.0  0.0  0.0  0.0  0.0  0.0  0.0
  0.0  0.0  0.0  0.0  0.0  0.0527.8 55.6 13.9 41.7  0.0 41.7  0.0  0.0  0.0
  0.0  0.0  0.0  0.0  0.0  0.0  0.0  0.0  0.0  0.0  0.0  0.0  0.0 13.9  0.0
  0.0  0.0  0.0  0.0 13.9  0.0  0.0 13.9  0.0  0.0 41.7  0.0  0.0138.9 41.7
  0.0  0.0  0.0  0.0  0.0  0.0  0.0  0.0  0.0  0.0  0.0  0.0  0.0  0.0  0.0
  0.0  0.0  0.0  0.0  0.0  0.0  0.0  0.0  0.0  0.0  0.0  0.0  0.0  0.0  0.0
  0.0  0.0  0.0  0.0  0.0  0.0  0.0  0.0  0.0  0.0  0.0  0.0  0.0  0.0  0.0
  0.0  0.0  0.0  0.0  0.0  0.0  0.0  0.0  0.0  0.0  0.0  0.0  0.0  0.0  0.0
  0.0  0.0  0.0  0.0  0.0  0.0  0.0  0.0  0.0  0.0 13.9  0.0  0.0  0.0  0.0
  0.0  0.0  0.0  0.0  0.0  0.0  0.0 69.4 13.9  0.0  0.0  0.0  0.0  0.0  0.0
    -26.95      3.66      0.97     -6.61     -1.52  0.0  0.0  0.0  0.0  0.0
                                    t000122_s14_p23_qjpp.txt 22.8  5.0  116
  8.6  0.0  0.0 25.9  0.0  0.0  0.0  8.6  0.0  0.0  0.0  0.0  0.0  0.0  0.0
  0.0  0.0  0.0  0.0  0.0  0.0474.1120.7 25.9 34.5  0.0  0.0  0.0  0.0  0.0
  0.0  0.0  0.0  0.0  0.0  8.6  0.0  0.0  0.0  0.0  0.0  0.0  0.0  8.6 25.9
  0.0  0.0  0.0  0.0  0.0  0.0  0.0 34.5  0.0  0.0 51.7  0.0  0.0 94.8  0.0
  0.0  0.0  0.0  0.0  0.0  0.0  0.0  0.0  0.0  0.0  0.0  0.0  0.0  0.0  0.0
  0.0  0.0  0.0  0.0  0.0  0.0  0.0  0.0  0.0  0.0  0.0  0.0  0.0  0.0  0.0
  0.0  0.0  0.0  0.0  0.0  0.0  0.0  0.0  0.0  0.0  0.0  0.0  0.0  0.0  0.0
  0.0  0.0  0.0  0.0  0.0  0.0  0.0  0.0  0.0  0.0  0.0  0.0  0.0  0.0  0.0
  0.0  0.0  0.0  0.0  0.0  0.0  0.0  0.0 17.2  0.0  8.6 17.2 43.1  0.0  0.0
  0.0  0.0  0.0  0.0  0.0  0.0  0.0 51.7  0.0  0.0  0.0  0.0  0.0  0.0  0.0
    -27.07     -4.59      0.48     -6.61     17.57  0.0  0.0  0.0  0.0  0.0
                                    t000122_s14_p24_qjpp.txt 35.3  5.1  474
  0.0  0.0  0.0  2.1  0.0  0.0  0.0  0.0  0.0  0.0  0.0  0.0  0.0  0.0  0.0
  0.0  0.0  0.0  8.4  0.0  0.0510.5 52.7 31.6 25.3  0.0  0.0  0.0  0.0  0.0
  0.0  0.0  0.0  0.0  2.1 12.7  0.0  0.0  0.0  0.0  0.0  0.0  0.0 16.9  0.0
  2.1  4.2  0.0  0.0  0.0  0.0 12.7 19.0  0.0  0.0 52.7  0.0  0.0 52.7 14.8
  0.0  0.0  0.0  0.0  0.0  0.0  0.0  0.0  0.0  0.0  0.0  0.0  0.0  0.0  0.0
  0.0  0.0  0.0  0.0  0.0  0.0  0.0  0.0  0.0  0.0  0.0  0.0  0.0  0.0  0.0
  0.0  0.0  0.0  0.0  0.0  0.0  0.0  0.0  0.0  0.0  0.0  0.0  0.0  0.0  0.0
  0.0  0.0  0.0  0.0  0.0  0.0  0.0  0.0  0.0  0.0  0.0  0.0  0.0  0.0  0.0
  0.0  2.1  0.0  0.0  0.0  0.0  0.0  4.2  8.4  2.1 27.4 10.5 19.0  4.2  0.0
  0.0  0.0  0.0  0.0  0.0  4.2  0.0 25.3  0.0  0.0  0.0  0.0  0.0  0.0  0.0
    -27.66     -4.89     -0.37     -6.61     -0.39  0.0  0.0  0.0  0.0  0.0
                                    t000122_s14_p25_qjpp.txt 30.0  4.5  157
  0.0  0.0  0.0  6.4  0.0  0.0  6.4  0.0  0.0  0.0  0.0  0.0  0.0  0.0  0.0
  0.0  0.0  0.0 12.7  0.0  0.0490.4108.3 31.8 31.8  0.0  0.0  0.0  0.0  0.0
  0.0  0.0  0.0  6.4  0.0  0.0  0.0  0.0  0.0  0.0  0.0  0.0  0.0 25.5  0.0
  0.0  6.4  0.0  0.0  0.0  0.0 19.1 25.5  0.0  0.0 44.6  0.0  0.0 44.6  6.4
  0.0  0.0  0.0  0.0  0.0  0.0  0.0  0.0  0.0  0.0  0.0  0.0  0.0  0.0  0.0
  0.0  0.0  0.0  0.0  0.0  0.0  0.0  0.0  0.0  0.0  0.0  0.0  0.0  0.0  0.0
  0.0  0.0  0.0  0.0  0.0  0.0  0.0  0.0  0.0  0.0  0.0  0.0  0.0  0.0  0.0
  0.0  0.0  0.0  0.0  0.0  0.0  0.0  0.0  0.0  0.0  0.0  0.0  0.0  0.0  0.0
  0.0  0.0  0.0  0.0  0.0  0.0  0.0  0.0 12.7  6.4  6.4  6.4  6.4  0.0  0.0
  6.4  0.0  0.0  0.0  0.0  0.0  6.4 12.7  6.4  6.4  0.0  0.0  0.0  0.0  0.0
    -25.53     -4.68     -0.85     -6.61      0.23  0.0  0.0  0.0  0.0  0.0
                                    t000122_s14_p26_qjpp.txt 24.8  4.8  175
  0.0  0.0  0.0  0.0  0.0  0.0  0.0  0.0  0.0  0.0  0.0  0.0  0.0  0.0  0.0
  0.0  0.0  0.0  0.0  0.0  0.0474.3125.7 28.6 40.0  0.0  0.0  0.0  0.0  0.0
  0.0  0.0  0.0  5.7  0.0  5.7  5.7  0.0  0.0  0.0  0.0  0.0  0.0 28.6  0.0
  5.7  5.7  0.0  0.0  0.0  0.0  5.7 34.3  0.0  0.0 34.3  0.0  0.0 57.1  0.0
  0.0  0.0  0.0  0.0  0.0  0.0  0.0  0.0  0.0  0.0  0.0  0.0  0.0  0.0  0.0
  0.0  0.0  0.0  0.0  0.0  0.0  0.0  0.0  0.0  0.0  0.0  0.0  0.0  0.0  0.0
  0.0  0.0  0.0  0.0  0.0  0.0  0.0  0.0  0.0  0.0  0.0  0.0  0.0  0.0  0.0
  0.0  0.0  0.0  0.0  0.0  0.0  0.0  0.0  0.0  0.0  0.0  0.0  0.0  0.0  0.0
  0.0  0.0  0.0  0.0  0.0  0.0  0.0  5.7  5.7 11.4 11.4  0.0  5.7 22.9  0.0
  0.0  0.0  5.7  0.0  0.0 11.4  0.0 11.4  0.0  0.0  0.0  5.7  0.0  0.0  0.0
    -30.54     -4.41     -0.98     -6.61      2.55  0.0  0.0 11.4  0.0  0.0
                                    t000122_s14_p27_qjpp.txt 28.0  4.4  160
  6.3  0.0  0.0  0.0  0.0  0.0  0.0  0.0  0.0  0.0  0.0  0.0  0.0  0.0  0.0
  0.0  0.0  0.0 12.5  0.0  0.0468.8131.3 18.8 50.0  0.0  0.0  0.0  0.0  0.0
  0.0  0.0  0.0  0.0  0.0  0.0  0.0  0.0  0.0  0.0  0.0  0.0  0.0 25.0  6.3
  0.0 12.5  0.0  0.0  0.0  0.0 25.0 31.3  0.0  0.0 31.3  0.0  0.0 50.0  0.0
  0.0  0.0  0.0  0.0  0.0  0.0  0.0  0.0  0.0  0.0  0.0  0.0  0.0  0.0  0.0
  0.0  0.0  0.0  0.0  0.0  0.0  0.0  0.0  0.0  0.0  0.0  0.0  0.0  0.0  0.0
  0.0  0.0  0.0  0.0  0.0  0.0  0.0  0.0  0.0  0.0  0.0  0.0  0.0  0.0  0.0
  0.0  0.0  0.0  0.0  0.0  0.0  0.0  0.0  0.0  0.0  0.0  0.0  0.0  0.0  0.0
  0.0  0.0  0.0  0.0  0.0  0.0  0.0  0.0  6.3  6.3  6.3  6.3  0.0 12.5  0.0
  0.0  0.0  0.0  0.0  0.0  0.0  0.0  6.3  6.3  6.3  0.0  6.3  0.0  0.0  0.0
    -25.93     -4.08      0.97     -6.61      4.97  0.0  0.0  0.0  0.0  0.0
                                    t000122_s14_p28_qjpp.txt 32.5  4.9  179
  0.0  0.0  0.0  0.0  0.0  0.0  0.0  0.0  0.0  0.0  0.0  0.0  0.0  0.0  0.0
  0.0  0.0  0.0 11.2  0.0  0.0469.3150.8 39.1 44.7  0.0  0.0  0.0  0.0  0.0
  0.0  0.0  0.0  5.6  0.0 16.8  0.0  0.0  0.0  0.0  0.0  0.0  0.0 27.9 11.2
  5.6  5.6  0.0  0.0  0.0  0.0 16.8 44.7  0.0  0.0 39.1  0.0  0.0 67.0  0.0
  0.0  0.0  0.0  0.0  0.0  0.0  0.0  0.0  0.0  0.0  0.0  0.0  0.0  0.0  0.0
  0.0  0.0  0.0  0.0  0.0  0.0  0.0  0.0  0.0  0.0  0.0  0.0  0.0  0.0  0.0
  0.0  0.0  0.0  0.0  0.0  0.0  0.0  0.0  0.0  0.0  0.0  0.0  0.0  0.0  0.0
  0.0  0.0  0.0  0.0  0.0  0.0  0.0  0.0  0.0  0.0  0.0  0.0  0.0  0.0  0.0
  0.0  0.0  0.0  0.0  0.0  0.0  0.0  0.0  0.0  0.0  0.0  0.0 11.2  0.0  0.0
  0.0  0.0  0.0  0.0  0.0  5.6  0.0 11.2  5.6  0.0  0.0  0.0  5.6  0.0  0.0
    -29.74     -4.26     -1.57     -6.61     11.00  0.0  0.0  5.6  0.0  0.0
                                    t000122_s14_p29_qjpp.txt 27.8  5.4  242
  8.3  4.1  0.0 12.4  0.0  0.0  0.0  0.0  0.0  0.0  0.0  0.0  0.0  0.0  0.0
  0.0  0.0  0.0  8.3  0.0  0.0528.9128.1 41.3 20.7  0.0  0.0  0.0  0.0  0.0
  0.0  0.0  0.0  0.0  0.0  0.0  0.0  0.0  4.1  0.0  0.0  0.0  0.0  4.1  4.1
  0.0  0.0  0.0  0.0  0.0  0.0  8.3  8.3  0.0  0.0 45.5  0.0  0.0 41.3  4.1
  0.0  0.0  0.0  0.0  0.0  0.0  0.0  0.0  0.0  0.0  0.0  0.0  0.0  0.0  0.0
  0.0  0.0  0.0  0.0  0.0  0.0  0.0  0.0  0.0  0.0  0.0  0.0  0.0  0.0  0.0
  0.0  0.0  0.0  0.0  0.0  0.0  0.0  0.0  0.0  0.0  0.0  0.0  0.0  0.0  0.0
  0.0  0.0  0.0  0.0  0.0  0.0  0.0  0.0  0.0  0.0  0.0  0.0  0.0  0.0  0.0
  0.0  0.0  0.0  0.0  0.0  0.0  0.0  8.3 12.4  0.0  0.0  0.0  0.0  0.0  0.0
  4.1  0.0  0.0  0.0  0.0  0.0  0.0 12.4  0.0  4.1  0.0  0.0  4.1  0.0  0.0
    -30.31     -5.05      0.97     -5.27      0.18  0.0  0.0  8.3  0.0  0.0
                                     t000122_s14_p3_qjpp.txt  2.8  6.5   11
  0.0  0.0  0.0 90.9  0.0  0.0  0.0  0.0  0.0  0.0  0.0  0.0  0.0  0.0  0.0
  0.0  0.0  0.0  0.0  0.0  0.0545.5181.8  0.0  0.0  0.0  0.0  0.0  0.0  0.0
  0.0  0.0  0.0  0.0  0.0  0.0  0.0  0.0  0.0  0.0 90.9  0.0  0.0 90.9  0.0
  0.0  0.0  0.0  0.0  0.0 90.9  0.0 90.9  0.0  0.0  0.0  0.0  0.0 90.9  0.0
  0.0  0.0  0.0  0.0  0.0  0.0  0.0  0.0  0.0  0.0  0.0  0.0  0.0  0.0  0.0
  0.0  0.0  0.0  0.0  0.0  0.0  0.0  0.0  0.0  0.0  0.0  0.0  0.0  0.0  0.0
  0.0  0.0  0.0  0.0  0.0  0.0  0.0  0.0  0.0  0.0  0.0  0.0  0.0  0.0  0.0
  0.0  0.0  0.0  0.0  0.0  0.0  0.0  0.0  0.0  0.0  0.0  0.0  0.0  0.0  0.0
  0.0  0.0  0.0  0.0  0.0  0.0  0.0  0.0  0.0  0.0  0.0  0.0  0.0  0.0  0.0
  0.0  0.0  0.0  0.0  0.0  0.0  0.0  0.0  0.0  0.0  0.0  0.0  0.0  0.0  0.0
    -34.69     -5.73      0.97     36.68     10.15  0.0  0.0  0.0  0.0  0.0
                                    t000122_s14_p30_qjpp.txt 15.5  5.4   89
  0.0  0.0  0.0 22.5  0.0  0.0  0.0  0.0  0.0  0.0  0.0  0.0  0.0  0.0  0.0
  0.0  0.0  0.0  0.0  0.0  0.0460.7179.8 78.7 33.7  0.0  0.0  0.0  0.0  0.0
  0.0  0.0  0.0  0.0  0.0 11.2  0.0  0.0  0.0  0.0  0.0  0.0  0.0  0.0 11.2
  0.0  0.0  0.0  0.0  0.0  0.0  0.0 11.2  0.0  0.0 78.7  0.0  0.0 56.2  0.0
  0.0  0.0  0.0  0.0  0.0  0.0  0.0  0.0  0.0  0.0  0.0  0.0  0.0  0.0  0.0
  0.0  0.0  0.0  0.0  0.0  0.0  0.0  0.0  0.0  0.0  0.0  0.0  0.0  0.0  0.0
  0.0  0.0  0.0  0.0  0.0  0.0  0.0  0.0  0.0  0.0  0.0  0.0  0.0  0.0  0.0
  0.0  0.0  0.0  0.0  0.0  0.0  0.0  0.0  0.0  0.0  0.0  0.0  0.0  0.0  0.0
  0.0  0.0  0.0  0.0  0.0  0.0  0.0 11.2 11.2  0.0  0.0  0.0  0.0  0.0  0.0
  0.0  0.0  0.0  0.0  0.0  0.0  0.0 11.2 11.2 11.2  0.0  0.0  0.0  0.0  0.0
    -35.78     -4.62      0.34     -6.61      5.02  0.0  0.0 11.2  0.0  0.0
                                    t000122_s14_p31_qjpp.txt 28.3  5.3  148
  0.0  0.0  0.0 13.5  0.0  0.0  0.0  0.0  0.0  0.0  0.0  0.0  0.0  0.0  0.0
  0.0  0.0  0.0  0.0  0.0  0.0412.2175.7 54.1 81.1  0.0  0.0  0.0  0.0  0.0
  0.0  0.0  0.0  0.0  0.0 27.0  0.0  0.0  0.0  0.0  0.0  0.0  0.0 33.8  0.0
  0.0  0.0  0.0  0.0  6.8  0.0  0.0 33.8  0.0  0.0 81.1  0.0  0.0 94.6  0.0
  0.0  0.0  0.0  0.0  0.0  0.0  0.0  0.0  0.0  0.0  0.0  0.0  0.0  0.0  0.0
  0.0  0.0  0.0  0.0  0.0  0.0  0.0  0.0  0.0  0.0  0.0  0.0  0.0  0.0  0.0
  0.0  0.0  0.0  0.0  0.0  0.0  0.0  0.0  0.0  0.0  0.0  0.0  0.0  0.0  0.0
  0.0  0.0  0.0  0.0  0.0  0.0  0.0  0.0  0.0  0.0  0.0  0.0  0.0  0.0  0.0
  0.0  0.0  0.0  0.0  0.0  0.0  0.0  0.0 20.3 13.5  0.0 13.5 13.5  0.0  0.0
  0.0 13.5  0.0  0.0  0.0  0.0  0.0  0.0 13.5 13.5  0.0  0.0  0.0  0.0  0.0
    -32.82     -3.06     -0.56     -6.61      1.49  0.0  0.0  0.0  0.0  0.0
                                    t000122_s14_p32_qjpp.txt 18.5  4.9  100
  0.0  0.0  0.0 20.0  0.0  0.0  0.0  0.0  0.0  0.0  0.0  0.0  0.0  0.0  0.0
  0.0  0.0  0.0 10.0  0.0  0.0350.0120.0 20.0 90.0  0.0  0.0  0.0  0.0  0.0
  0.0  0.0  0.0 10.0  0.0 30.0  0.0  0.0  0.0  0.0  0.0 10.0  0.0 20.0  0.0
 10.0 10.0  0.0 10.0  0.0  0.0 20.0 30.0  0.0  0.0 50.0  0.0  0.0120.0  0.0
  0.0  0.0  0.0  0.0  0.0  0.0  0.0  0.0  0.0  0.0  0.0  0.0  0.0  0.0  0.0
  0.0  0.0  0.0  0.0  0.0  0.0  0.0  0.0  0.0  0.0  0.0  0.0  0.0  0.0  0.0
  0.0  0.0  0.0  0.0  0.0  0.0  0.0  0.0  0.0  0.0 10.0  0.0  0.0  0.0  0.0
  0.0  0.0  0.0  0.0  0.0  0.0  0.0 10.0  0.0  0.0  0.0  0.0  0.0  0.0  0.0
  0.0  0.0  0.0  0.0  0.0  0.0  0.0 10.0 20.0  0.0 50.0 30.0  0.0 30.0  0.0
  0.0  0.0  0.0  0.0  0.0  0.0  0.0 40.0 10.0  0.0  0.0  0.0 10.0  0.0  0.0
    -23.87     -2.77     -3.59     -2.61      2.63  0.0  0.0  0.0  0.0  0.0
                                    t000122_s14_p33_qjpp.txt 32.8  4.8  173
  5.8  0.0  0.0  0.0  0.0  0.0  0.0  0.0  0.0  0.0  0.0  0.0  0.0  0.0  0.0
  0.0  0.0  0.0  0.0  0.0  0.0502.9138.7 34.7 23.1  0.0  0.0  0.0  0.0  0.0
  0.0  0.0  0.0  0.0  5.8  0.0  5.8  0.0  0.0  0.0  0.0  0.0  0.0 17.3  0.0
 11.6  0.0  0.0  0.0  0.0  0.0  0.0 28.9  0.0  0.0 40.5  0.0  0.0 63.6  5.8
  0.0  0.0  0.0  0.0  0.0  0.0  0.0  0.0  0.0  0.0  0.0  0.0  0.0  0.0  0.0
  0.0  0.0  0.0  0.0  0.0  0.0  0.0  0.0  0.0  0.0  0.0  0.0  0.0  0.0  0.0
  0.0  0.0  0.0  0.0  0.0  0.0  0.0  0.0  0.0  0.0  0.0  0.0  0.0  0.0  0.0
  0.0  0.0  0.0  0.0  0.0  0.0  0.0  0.0  0.0  0.0  0.0  0.0  0.0  0.0  0.0
  0.0  0.0  0.0  0.0  0.0  0.0  0.0  0.0  5.8  0.0  5.8 23.1  5.8  5.8  5.8
  0.0  0.0  0.0  5.8  5.8  0.0  0.0 11.6  5.8 11.6  0.0  0.0  5.8  0.0  0.0
    -31.64     -4.97     -0.73     -6.61      2.73  0.0  0.0  0.0  0.0  0.0
                                    t000122_s14_p34_qjpp.txt 30.5  4.5  196
  0.0  0.0  0.0 20.4  0.0  0.0  0.0  0.0  0.0  0.0  0.0  0.0  0.0  0.0  0.0
  0.0  0.0  0.0  0.0  0.0  0.0346.9137.8 40.8 86.7 10.2  0.0  0.0  0.0  0.0
  0.0  0.0  0.0  0.0  0.0 30.6  0.0  0.0  0.0  0.0  0.0  0.0  0.0 30.6  0.0
  5.1  5.1  0.0  0.0  0.0  0.0  5.1 35.7  0.0  0.0 56.1 10.2  0.0117.3  0.0
  0.0  0.0  0.0  0.0  0.0  0.0  0.0  0.0  0.0  0.0  0.0  0.0  0.0  0.0  0.0
  0.0  0.0  0.0  0.0  0.0  0.0  0.0  0.0  0.0  0.0  0.0  0.0  0.0  0.0  0.0
  0.0  0.0  0.0  0.0  0.0  0.0  0.0  0.0  0.0  0.0  0.0  0.0  0.0  0.0  0.0
  0.0  0.0  0.0  0.0  0.0  0.0  0.0  0.0  0.0  0.0  0.0  0.0  0.0  0.0  0.0
  0.0  0.0  0.0  0.0  0.0  0.0  0.0  0.0 25.5  0.0  0.0  5.1  0.0 35.7  0.0
  0.0  5.1  0.0  0.0  0.0 10.2  0.0 30.6 15.3  5.1  0.0  0.0  0.0  5.1  0.0
    -26.64     -2.42     -0.77     -6.61      2.66  0.0  0.0  0.0  0.0  0.0
                                    t000122_s14_p35_qjpp.txt 28.8  5.0  164
  0.0  0.0  0.0  0.0  0.0  0.0  0.0  0.0  0.0  0.0  0.0  0.0  0.0  6.1  0.0
  0.0  0.0  0.0 24.4  0.0  0.0378.0103.7 30.5 54.9  0.0  6.1  0.0  0.0  0.0
  0.0  6.1  0.0  0.0  0.0 36.6  0.0  0.0  0.0  0.0  0.0  0.0  6.1 36.6  0.0
  0.0  0.0  0.0  6.1  0.0  0.0 30.5 36.6  0.0  0.0 79.3  0.0  0.0 67.1  0.0
  0.0  0.0  0.0  0.0  0.0  0.0  0.0  0.0  0.0  0.0  0.0  0.0  0.0  0.0  0.0
  0.0  0.0  0.0  0.0  0.0  0.0  0.0  0.0  0.0  0.0  0.0  0.0  0.0  0.0  0.0
  0.0  0.0  0.0  0.0  0.0  0.0  0.0  0.0  0.0  0.0  0.0  0.0  0.0  0.0  0.0
  0.0  0.0  0.0  0.0  0.0  0.0  0.0  0.0  0.0  0.0  0.0  0.0  0.0  0.0  0.0
  0.0  0.0  0.0  0.0  0.0  0.0  0.0  0.0  6.1  6.1  0.0 36.6 12.2 30.5  0.0
  0.0  0.0  0.0  0.0  0.0  0.0 12.2  6.1  0.0  6.1  6.1  0.0  6.1  0.0  0.0
    -19.44     -2.75      1.15     -6.61      5.73  0.0  0.0  0.0  0.0  0.0
                                    t000122_s14_p36_qjpp.txt 36.8  4.9  239
  0.0  0.0  0.0  8.4  0.0  0.0  0.0  0.0  0.0  0.0  0.0  0.0  0.0  0.0  0.0
  0.0  0.0  0.0  8.4  0.0  0.0523.0129.7 29.3 33.5  0.0  0.0  0.0  0.0  0.0
  0.0  0.0  0.0  0.0  0.0  4.2  0.0  0.0  0.0  0.0  0.0  0.0  4.2 25.1  0.0
  0.0  0.0  0.0  0.0  0.0  0.0  8.4 25.1  0.0  0.0 58.6  0.0  0.0 54.4  4.2
  0.0  0.0  0.0  0.0  0.0  0.0  0.0  0.0  0.0  0.0  0.0  0.0  0.0  0.0  0.0
  0.0  0.0  0.0  0.0  0.0  0.0  0.0  0.0  0.0  0.0  0.0  0.0  0.0  0.0  0.0
  0.0  0.0  0.0  0.0  0.0  0.0  0.0  0.0  0.0  0.0  4.2  0.0  0.0  0.0  0.0
  0.0  0.0  0.0  0.0  0.0  0.0  0.0  4.2  0.0  0.0  0.0  0.0  0.0  0.0  0.0
  0.0  0.0  0.0  0.0  0.0  0.0  0.0  8.4  8.4  0.0  8.4 16.7 12.6 12.6  0.0
  0.0  0.0  0.0  0.0  0.0  0.0  0.0 16.7  0.0  8.4  0.0  0.0  0.0  0.0  0.0
    -30.28     -4.63      0.74     -6.61      2.79  0.0  0.0  0.0  0.0  0.0
                                    t000122_s14_p37_qjpp.txt 26.0  5.7  131
  7.6  0.0  0.0  7.6  0.0  0.0  0.0  0.0  0.0  0.0  0.0  0.0  0.0  0.0  0.0
  0.0  0.0  0.0 15.3  0.0  0.0542.0106.9 53.4 45.8  0.0  0.0  0.0  0.0  7.6
  0.0  0.0  0.0  0.0  0.0  7.6  0.0  0.0  0.0  0.0  0.0  0.0  0.0 15.3  0.0
 15.3  0.0  0.0  0.0  0.0  0.0 15.3 30.5  0.0  7.6 68.7  0.0  0.0 76.3  7.6
  0.0  0.0  0.0  0.0  0.0  0.0  0.0  0.0  0.0  0.0  0.0  0.0  0.0  0.0  0.0
  0.0  0.0  0.0  0.0  0.0  0.0  0.0  0.0  0.0  0.0  0.0  0.0  0.0  0.0  0.0
  0.0  0.0  0.0  0.0  0.0  0.0  0.0  0.0  0.0  0.0  0.0  0.0  0.0  0.0  0.0
  0.0  0.0  0.0  0.0  0.0  0.0  0.0  0.0  0.0  0.0  0.0  0.0  0.0  0.0  0.0
  0.0  0.0  0.0  0.0  0.0  0.0  0.0  0.0  0.0  7.6  7.6 15.3  0.0 22.9  7.6
  0.0  0.0  0.0  0.0  0.0 22.9  0.0 22.9  0.0  7.6  0.0  0.0  7.6  0.0  0.0
    -31.06     -4.22      4.36     -6.61      3.61  0.0  0.0  0.0  0.0  0.0
                                    t000122_s14_p38_qjpp.txt 10.8  4.8   46
  0.0  0.0  0.0  0.0  0.0  0.0  0.0  0.0  0.0  0.0  0.0  0.0  0.0  0.0  0.0
  0.0  0.0  0.0  0.0  0.0  0.0413.0152.2 21.7 43.5  0.0  0.0  0.0  0.0  0.0
  0.0  0.0  0.0  0.0  0.0  0.0  0.0  0.0  0.0  0.0  0.0  0.0  0.0 21.7  0.0
  0.0  0.0  0.0  0.0  0.0  0.0  0.0 21.7  0.0  0.0 87.0  0.0  0.0 65.2 21.7
  0.0  0.0  0.0  0.0  0.0  0.0  0.0  0.0  0.0  0.0  0.0  0.0  0.0  0.0  0.0
  0.0  0.0  0.0  0.0  0.0  0.0  0.0  0.0  0.0  0.0  0.0  0.0  0.0  0.0  0.0
  0.0  0.0  0.0  0.0  0.0  0.0  0.0  0.0  0.0  0.0  0.0  0.0  0.0  0.0  0.0
  0.0  0.0  0.0  0.0  0.0  0.0  0.0  0.0  0.0  0.0  0.0  0.0  0.0  0.0  0.0
  0.0  0.0  0.0  0.0  0.0  0.0  0.0 21.7 65.2  0.0 21.7  0.0  0.0 21.7  0.0
  0.0  0.0  0.0  0.0  0.0  0.0  0.0  0.0  0.0  0.0  0.0  0.0  0.0  0.0  0.0
    -29.54     -4.30      0.97     -6.61     -0.33  0.0  0.0  0.0  0.0  0.0
                                    t000122_s14_p39_qjpp.txt 22.3  4.7  114
  0.0  0.0  0.0  8.8  0.0  0.0  0.0  0.0  0.0  0.0  0.0  0.0  0.0  0.0  0.0
  0.0  0.0  0.0  0.0  0.0  0.0429.8105.3 43.9 61.4  0.0 17.5  0.0  0.0  8.8
  0.0  0.0  0.0  8.8  0.0 43.9  0.0  0.0  0.0  0.0  0.0  8.8  8.8 17.5  0.0
  8.8  0.0  0.0  0.0  0.0  0.0  0.0 26.3  0.0  8.8 43.9  0.0  0.0 78.9  0.0
  0.0  0.0  0.0  0.0  0.0  0.0  0.0  0.0  0.0  0.0  0.0  0.0  0.0  0.0  0.0
  0.0  0.0  0.0  0.0  0.0  0.0  0.0  0.0  0.0  0.0  0.0  0.0  0.0  0.0  0.0
  0.0  0.0  0.0  0.0  0.0  0.0  0.0  0.0  0.0  0.0  0.0  0.0  0.0  0.0  0.0
  0.0  0.0  0.0  0.0  0.0  0.0  0.0  0.0  0.0  0.0  0.0  0.0  0.0  0.0  0.0
  0.0  0.0  0.0  0.0  0.0  0.0  0.0  8.8  8.8  0.0  0.0 17.5 17.5  0.0 26.3
  0.0  0.0  8.8  0.0  0.0  0.0  0.0  0.0  0.0  0.0  0.0  8.8  0.0  8.8  0.0
    -28.66     -0.33      0.36     -3.10      7.34  0.0  0.0  0.0  0.0  0.0
                                     t000122_s14_p4_qjpp.txt 35.8  5.2  197
  0.0  0.0  0.0 10.2  0.0  0.0  0.0  0.0  0.0  0.0  0.0  0.0  0.0  0.0  0.0
  0.0  0.0  0.0 15.2  0.0  0.0426.4 86.3 60.9 55.8 10.2  0.0  0.0  0.0  5.1
  0.0  0.0  0.0  0.0  5.1 25.4  0.0  0.0  0.0  0.0  0.0  0.0 10.2 35.5  5.1
  5.1  0.0  0.0  5.1  0.0  0.0 15.2 45.7  0.0  5.1 71.1 10.2  0.0 86.3  0.0
  0.0  0.0  0.0  0.0  0.0  0.0  0.0  0.0  0.0  0.0  0.0  0.0  0.0  0.0  0.0
  0.0  0.0  0.0  0.0  0.0  0.0  0.0  0.0  0.0  0.0  0.0  0.0  0.0  0.0  0.0
  0.0  0.0  0.0  0.0  0.0  0.0  0.0  0.0  0.0  0.0  0.0  0.0  0.0  0.0  0.0
  0.0  0.0  0.0  0.0  0.0  0.0  0.0  0.0  0.0  0.0  0.0  0.0  0.0  0.0  0.0
  0.0  0.0  0.0  0.0  0.0  0.0  0.0  0.0 15.2  0.0  5.1  5.1  5.1 10.2  0.0
 20.3  0.0  0.0  0.0  0.0  0.0  5.1 15.2 10.2  5.1  0.0  0.0  5.1 10.2  0.0
    -26.96     -3.44      0.58     -6.61     13.64  0.0  0.0  0.0  0.0  0.0
                                    t000122_s14_p40_qjpp.txt  9.8  4.4   54
  0.0  0.0  0.0 18.5  0.0  0.0  0.0  0.0  0.0  0.0  0.0  0.0  0.0  0.0  0.0
  0.0  0.0  0.0  0.0  0.0  0.0333.3 74.1 55.6 55.6  0.0  0.0  0.0  0.0  0.0
  0.0  0.0  0.0  0.0  0.0 18.5  0.0  0.0  0.0  0.0  0.0  0.0  0.0 18.5  0.0
  0.0  0.0  0.0  0.0  0.0  0.0  0.0 18.5  0.0  0.0 55.6  0.0  0.0 92.6  0.0
  0.0  0.0  0.0  0.0  0.0  0.0  0.0  0.0  0.0  0.0  0.0  0.0  0.0  0.0  0.0
  0.0  0.0  0.0  0.0  0.0  0.0  0.0  0.0  0.0  0.0  0.0  0.0  0.0  0.0  0.0
  0.0  0.0  0.0  0.0  0.0  0.0  0.0  0.0  0.0  0.0  0.0  0.0  0.0  0.0  0.0
  0.0  0.0  0.0  0.0  0.0  0.0  0.0  0.0  0.0  0.0  0.0  0.0  0.0  0.0  0.0
  0.0  0.0  0.0  0.0  0.0  0.0  0.0  0.0 18.5  0.0 18.5  0.0  0.0  0.0  0.0
  0.0  0.0  0.0  0.0  0.0 18.5  0.0 37.0  0.0  0.0  0.0  0.0  0.0  0.0  0.0
    -24.48     -3.90     -0.08     -6.61     -0.82  0.0  0.0  0.0  0.0  0.0
                                    t000122_s14_p41_qjpp.txt 18.3  5.2   90
  0.0  0.0  0.0  0.0  0.0  0.0  0.0  0.0  0.0  0.0  0.0  0.0  0.0  0.0  0.0
  0.0  0.0  0.0 44.4  0.0  0.0400.0100.0 44.4 66.7  0.0 11.1  0.0  0.0  0.0
  0.0 11.1  0.0  0.0  0.0 11.1  0.0  0.0  0.0  0.0  0.0  0.0  0.0 33.3  0.0
 11.1  0.0 11.1  0.0  0.0  0.0 55.6 44.4  0.0  0.0 66.7  0.0  0.0100.0  0.0
  0.0  0.0  0.0  0.0  0.0  0.0  0.0  0.0  0.0  0.0  0.0  0.0  0.0  0.0  0.0
  0.0  0.0  0.0  0.0  0.0  0.0 11.1  0.0  0.0  0.0  0.0  0.0  0.0  0.0  0.0
  0.0  0.0  0.0  0.0  0.0  0.0  0.0  0.0  0.0  0.0  0.0  0.0  0.0  0.0  0.0
 11.1  0.0  0.0 11.1  0.0  0.0  0.0  0.0  0.0  0.0  0.0  0.0  0.0  0.0  0.0
  0.0  0.0  0.0  0.0  0.0  0.0  0.0 11.1 11.1 11.1 22.2 33.3 22.2 11.1  0.0
  0.0  0.0  0.0  0.0  0.0  0.0 11.1 22.2  0.0 11.1  0.0  0.0 22.2  0.0  0.0
    -20.05     -1.40      4.46     -6.61      5.01  0.0  0.0  0.0  0.0  0.0
                                    t000122_s14_p42_qjpp.txt 12.0  4.7   69
  0.0  0.0  0.0  0.0  0.0  0.0  0.0  0.0  0.0  0.0  0.0  0.0  0.0  0.0  0.0
  0.0  0.0  0.0  0.0  0.0  0.0492.8159.4  0.0 58.0  0.0  0.0 14.5  0.0  0.0
  0.0  0.0  0.0  0.0  0.0 14.5  0.0  0.0  0.0  0.0  0.0  0.0 14.5 14.5  0.0
 14.5  0.0  0.0  0.0  0.0  0.0  0.0 29.0  0.0  0.0  0.0  0.0  0.0 87.0  0.0
  0.0  0.0  0.0  0.0  0.0  0.0  0.0  0.0  0.0  0.0  0.0  0.0  0.0  0.0  0.0
  0.0  0.0  0.0  0.0  0.0  0.0  0.0  0.0  0.0  0.0  0.0  0.0  0.0  0.0  0.0
  0.0  0.0  0.0  0.0  0.0  0.0  0.0  0.0  0.0  0.0 14.5  0.0  0.0  0.0  0.0
  0.0  0.0  0.0  0.0  0.0  0.0  0.0 14.5  0.0  0.0  0.0  0.0  0.0  0.0  0.0
  0.0  0.0  0.0  0.0  0.0  0.0  0.0 14.5 14.5  0.0  0.0  0.0  0.0  0.0  0.0
 14.5  0.0  0.0  0.0  0.0  0.0  0.0 29.0  0.0  0.0  0.0  0.0  0.0  0.0  0.0
    -30.58     -1.14      0.15     -6.61     12.30  0.0  0.0  0.0  0.0  0.0
                                    t000122_s14_p43_qjpp.txt 22.3  4.2  142
  0.0  0.0  0.0 28.2  0.0  0.0  0.0  0.0  0.0  0.0  0.0  0.0  0.0  0.0  0.0
  0.0  0.0  0.0 21.1  0.0  0.0443.7105.6 21.1 42.3  0.0  0.0  0.0  0.0  0.0
  0.0  0.0  0.0  0.0  0.0  0.0  7.0  0.0  0.0  0.0  0.0  0.0  0.0 35.2  0.0
  0.0  0.0  0.0  0.0  0.0  0.0 21.1 35.2  0.0  0.0 21.1  0.0  0.0 98.6 14.1
  0.0  0.0  0.0  0.0  0.0  0.0  0.0  0.0  0.0  0.0  0.0  0.0  0.0  0.0  0.0
  0.0  0.0  0.0  0.0  0.0  0.0  0.0  0.0  0.0  0.0  0.0  0.0  0.0  0.0  0.0
  0.0  0.0  0.0  0.0  0.0  0.0  0.0  0.0  0.0  0.0  0.0  0.0  0.0  0.0  0.0
  0.0  0.0  0.0  0.0  0.0  0.0  0.0  0.0  0.0  0.0  0.0  0.0  0.0  0.0  0.0
  0.0  0.0  0.0  0.0  0.0  0.0  0.0  0.0  0.0  0.0 21.1  0.0 21.1 28.2  0.0
  0.0  0.0  0.0  0.0  0.0 14.1  0.0 28.2  7.0 14.1  0.0  0.0  7.0  0.0  0.0
    -21.74     -4.34      0.97     -6.61      1.71  0.0  0.0  0.0  0.0  0.0
                                    t000122_s14_p44_qjpp.txt 28.8  4.7  132
  0.0  0.0  0.0  7.6  0.0  0.0  0.0  0.0  0.0  0.0  0.0  0.0  0.0  0.0  0.0
  0.0  0.0  0.0  0.0  0.0  0.0462.1136.4 30.3 53.0  0.0  0.0  0.0  0.0  0.0
  0.0  0.0  0.0  7.6  0.0  7.6  0.0  0.0  7.6  0.0  0.0  0.0  7.6 22.7  7.6
  0.0  7.6  0.0  0.0  0.0  0.0  7.6 30.3  0.0  0.0 45.5  0.0  0.0 75.8  0.0
  7.6  0.0  0.0  0.0  0.0  0.0  0.0  0.0  0.0  0.0  0.0  0.0  0.0  0.0  0.0
  0.0  0.0  0.0  0.0  0.0  0.0  0.0  0.0  0.0  0.0  0.0  0.0  0.0  0.0  0.0
  0.0  0.0  0.0  0.0  0.0  0.0  0.0  0.0  0.0  0.0  0.0  0.0  0.0  0.0  0.0
  0.0  0.0  0.0  0.0  0.0  0.0  0.0  0.0  0.0  0.0  0.0  0.0  0.0  0.0  0.0
  0.0  0.0  0.0  0.0  0.0  0.0  0.0  0.0  0.0  0.0  7.6  0.0 15.2  0.0  0.0
  0.0  0.0  0.0  7.6  0.0  0.0  7.6 22.7  7.6  7.6  0.0  0.0  0.0  0.0  0.0
    -30.09     -3.98     -1.62     -4.16     10.38  0.0  0.0  0.0  0.0  0.0
                                    t000122_s14_p45_qjpp.txt 16.0  6.5   93
  0.0  0.0  0.0 10.8  0.0  0.0  0.0  0.0  0.0  0.0  0.0  0.0  0.0  0.0  0.0
  0.0  0.0  0.0 32.3  0.0  0.0655.9 75.3 96.8 21.5  0.0  0.0  0.0  0.0  0.0
  0.0  0.0  0.0  0.0  0.0  0.0  0.0  0.0  0.0  0.0  0.0  0.0  0.0 10.8  0.0
 10.8  0.0  0.0  0.0  0.0  0.0 32.3 21.5  0.0  0.0107.5  0.0  0.0 64.5  0.0
  0.0  0.0  0.0  0.0  0.0  0.0  0.0  0.0  0.0  0.0  0.0  0.0  0.0  0.0  0.0
  0.0  0.0  0.0  0.0  0.0  0.0  0.0  0.0  0.0  0.0  0.0  0.0  0.0  0.0  0.0
  0.0  0.0  0.0  0.0  0.0  0.0  0.0  0.0  0.0  0.0  0.0  0.0  0.0  0.0  0.0
  0.0  0.0  0.0  0.0  0.0  0.0  0.0  0.0  0.0  0.0  0.0  0.0  0.0  0.0  0.0
  0.0  0.0  0.0  0.0  0.0  0.0  0.0  0.0  0.0  0.0 10.8  0.0 43.0  0.0  0.0
  0.0  0.0  0.0 32.3  0.0 21.5  0.0 10.8  0.0 10.8  0.0  0.0 10.8  0.0  0.0
    -34.59     -5.02      0.97     -6.61      1.47  0.0  0.0  0.0  0.0  0.0
                                    t000122_s14_p46_qjpp.txt 24.0  5.7  157
  6.4  0.0  0.0  6.4  0.0  0.0  0.0  0.0  0.0  0.0  0.0  0.0  0.0  0.0  0.0
  0.0  0.0  0.0  0.0  0.0  0.0586.0108.3 31.8 57.3  0.0  0.0  0.0  0.0  0.0
  0.0  0.0  0.0  0.0  0.0  0.0  0.0  0.0  0.0  0.0  0.0  0.0  0.0 44.6  0.0
  6.4  0.0  0.0  0.0  0.0  0.0  0.0 51.0  0.0  0.0 31.8  0.0  0.0108.3 31.8
  0.0  0.0  0.0  0.0  0.0  0.0  0.0  0.0  0.0  0.0  0.0  0.0  0.0  0.0  0.0
  0.0  0.0  0.0  0.0  0.0  0.0  0.0  0.0  0.0  0.0  0.0  0.0  0.0  0.0  0.0
  0.0  0.0  0.0  0.0  0.0  0.0  0.0  0.0  0.0  0.0  0.0  0.0  0.0  0.0  0.0
  0.0  0.0  0.0  0.0  0.0  0.0  0.0  0.0  0.0  0.0  0.0  0.0  0.0  0.0  0.0
  0.0  0.0  0.0  0.0  0.0  0.0  0.0  0.0 44.6 31.8 19.1  0.0 12.7  0.0  0.0
  0.0  0.0  0.0  0.0  0.0  0.0  0.0 63.7 12.7 19.1  0.0  0.0  0.0  0.0  0.0
    -34.69     -3.84      0.97     -6.61      5.18  0.0  0.0  0.0  0.0  0.0
                                     t000122_s14_p5_qjpp.txt 26.0  4.7  257
  0.0  0.0  0.0  0.0  0.0  0.0  0.0  0.0  0.0  0.0  0.0  0.0  0.0  0.0  0.0
  0.0  0.0  0.0  7.8  0.0  0.0424.1101.2 27.2 54.5  0.0  0.0  0.0  0.0  0.0
  0.0  3.9  0.0  0.0  0.0 19.5  0.0  0.0  0.0  0.0  0.0  0.0  0.0 42.8  0.0
  0.0  0.0  0.0  0.0  0.0  0.0 11.7 42.8  0.0  0.0105.1  0.0  0.0 58.4  0.0
  0.0  0.0  0.0  0.0  0.0  0.0  0.0  0.0  0.0  0.0  0.0  0.0  0.0  0.0  0.0
  0.0  0.0  0.0  0.0  0.0  0.0  0.0  0.0  0.0  0.0  0.0  0.0  0.0  0.0  0.0
  0.0  0.0  0.0  0.0  0.0  0.0  0.0  0.0  0.0  0.0  0.0  0.0  0.0  0.0  0.0
  0.0  0.0  0.0  0.0  0.0  0.0  0.0  0.0  0.0  0.0  0.0  0.0  0.0  0.0  0.0
  0.0  0.0  0.0  0.0  0.0  0.0  0.0  3.9  3.9  0.0  7.8  7.8 15.6  7.8  0.0
  0.0  0.0  0.0  0.0  0.0  0.0  7.8  7.8  0.0  0.0  0.0  0.0  0.0  0.0  0.0
    -26.25     -3.94      1.31     -6.61      2.86  0.0  0.0  0.0  0.0  0.0
                                     t000122_s14_p6_qjpp.txt 32.0  4.6  262
  0.0  0.0  0.0  7.6  0.0  0.0  0.0  0.0  0.0  0.0  0.0  0.0  0.0  0.0  0.0
  0.0  0.0  0.0  3.8  0.0  0.0580.2 87.8 15.3 30.5  3.8  7.6  0.0  0.0  3.8
  0.0  0.0  0.0  3.8  0.0  0.0  0.0  0.0  0.0  0.0  0.0  0.0  0.0 15.3  0.0
  0.0  0.0  0.0  0.0  0.0  0.0  3.8 15.3  0.0  3.8 15.3  3.8  0.0 38.2  0.0
  0.0  0.0  0.0  0.0  0.0  0.0  0.0  0.0  0.0  0.0  0.0  0.0  0.0  0.0  0.0
  0.0  0.0  0.0  0.0  0.0  0.0  0.0  0.0  0.0  0.0  0.0  0.0  0.0  0.0  0.0
  0.0  0.0  0.0  0.0  0.0  0.0  0.0  0.0  0.0  0.0  0.0  0.0  0.0  0.0  0.0
  0.0  0.0  0.0  0.0  0.0  0.0  0.0  0.0  0.0  0.0  0.0  0.0  0.0  0.0  0.0
  0.0  0.0  0.0  0.0  0.0  0.0  0.0  3.8  3.8  3.8  7.6  0.0  3.8  0.0  0.0
  0.0  0.0  3.8  0.0  0.0  3.8  0.0 22.9  7.6  0.0  0.0  3.8  0.0  0.0  0.0
    -29.74     -3.09      1.79     -6.61     -1.31  0.0  0.0  3.8  0.0  0.0
                                     t000122_s14_p7_qjpp.txt 14.5  5.3   70
  0.0  0.0  0.0  0.0  0.0  0.0  0.0  0.0  0.0  0.0  0.0  0.0  0.0  0.0  0.0
  0.0  0.0  0.0 14.3  0.0  0.0557.1 85.7 85.7 42.9  0.0  0.0  0.0  0.0  0.0
  0.0  0.0  0.0  0.0  0.0 14.3  0.0  0.0  0.0  0.0  0.0  0.0  0.0 42.9 14.3
  0.0  0.0  0.0  0.0  0.0  0.0 14.3 57.1  0.0  0.0 85.7  0.0  0.0 57.1  0.0
  0.0  0.0  0.0  0.0  0.0  0.0  0.0  0.0  0.0  0.0  0.0  0.0  0.0  0.0  0.0
  0.0  0.0  0.0  0.0  0.0  0.0  0.0  0.0  0.0  0.0  0.0  0.0  0.0  0.0  0.0
  0.0  0.0  0.0  0.0  0.0  0.0  0.0  0.0  0.0  0.0  0.0  0.0  0.0  0.0  0.0
  0.0  0.0  0.0  0.0  0.0  0.0  0.0  0.0  0.0  0.0  0.0  0.0  0.0  0.0  0.0
  0.0  0.0  0.0  0.0  0.0  0.0  0.0 42.9 14.3  0.0 57.1  0.0  0.0 14.3  0.0
 14.3  0.0 14.3  0.0  0.0  0.0  0.0 14.3  0.0 14.3  0.0  0.0  0.0  0.0  0.0
    -32.69     -4.32      0.16     -6.61     13.86  0.0  0.0  0.0  0.0  0.0
                                     t000122_s14_p8_qjpp.txt 10.8  5.6   44
  0.0  0.0  0.0  0.0  0.0  0.0  0.0  0.0  0.0  0.0  0.0  0.0  0.0  0.0  0.0
  0.0  0.0  0.0  0.0  0.0  0.0500.0113.6136.4 45.5  0.0  0.0  0.0  0.0  0.0
  0.0  0.0  0.0  0.0  0.0  0.0  0.0  0.0  0.0  0.0  0.0  0.0  0.0 45.5  0.0
  0.0  0.0  0.0  0.0  0.0  0.0  0.0 45.5  0.0  0.0136.4  0.0  0.0 45.5  0.0
  0.0  0.0  0.0  0.0  0.0  0.0  0.0  0.0  0.0  0.0  0.0  0.0  0.0  0.0  0.0
  0.0  0.0  0.0  0.0  0.0  0.0  0.0  0.0  0.0  0.0  0.0  0.0  0.0  0.0  0.0
  0.0  0.0  0.0  0.0  0.0  0.0  0.0  0.0  0.0  0.0  0.0  0.0  0.0  0.0  0.0
  0.0  0.0  0.0  0.0  0.0  0.0  0.0  0.0  0.0  0.0  0.0  0.0  0.0  0.0  0.0
  0.0  0.0  0.0  0.0  0.0  0.0  0.0  0.0  0.0  0.0 22.7  0.0  0.0 22.7  0.0
  0.0  0.0 22.7  0.0  0.0  0.0  0.0 22.7  0.0  0.0  0.0  0.0  0.0  0.0  0.0
    -38.41     -4.23      0.97     -6.61      3.26  0.0  0.0  0.0  0.0  0.0
                                     t000122_s14_p9_qjpp.txt  9.3  5.1   43
  0.0  0.0  0.0 23.3  0.0  0.0  0.0  0.0  0.0  0.0  0.0  0.0  0.0  0.0  0.0
  0.0  0.0  0.0  0.0  0.0  0.0441.9 93.0 46.5 69.8  0.0  0.0  0.0  0.0  0.0
  0.0  0.0  0.0  0.0  0.0  0.0  0.0  0.0  0.0  0.0  0.0  0.0  0.0 23.3  0.0
  0.0  0.0  0.0  0.0  0.0  0.0  0.0 23.3  0.0  0.0139.5  0.0  0.0 69.8  0.0
  0.0  0.0  0.0  0.0  0.0  0.0  0.0  0.0  0.0  0.0  0.0  0.0  0.0  0.0  0.0
  0.0  0.0  0.0  0.0  0.0  0.0  0.0  0.0  0.0  0.0  0.0  0.0  0.0  0.0  0.0
  0.0  0.0  0.0  0.0  0.0  0.0  0.0  0.0  0.0  0.0  0.0  0.0  0.0  0.0  0.0
  0.0  0.0  0.0  0.0  0.0  0.0  0.0  0.0  0.0  0.0  0.0  0.0  0.0  0.0  0.0
  0.0  0.0  0.0  0.0  0.0  0.0  0.0 23.3 23.3  0.0 23.3  0.0  0.0  0.0  0.0
  0.0  0.0  0.0  0.0  0.0  0.0  0.0 46.5 23.3  0.0  0.0  0.0  0.0  0.0  0.0
    -29.44     -3.43      0.97     -6.61     -0.10  0.0  0.0  0.0  0.0  0.0
                                     t000122_s19_p1_qjpp.txt 35.8  5.0  506
  5.9  0.0  0.0 17.8  0.0  0.0  0.0  0.0  5.9  0.0  0.0  0.0  0.0  2.0  0.0
  0.0  0.0  0.0  7.9  0.0  0.0492.1 83.0 41.5 31.6  2.0  2.0  4.0  0.0  0.0
  0.0  0.0  0.0  4.0  0.0 15.8  2.0  0.0  0.0  0.0  0.0  2.0  2.0  5.9  0.0
  5.9  5.9  2.0  2.0  0.0  0.0 13.8 11.9  0.0  0.0 59.3  7.9  0.0 65.2  5.9
  2.0  0.0  0.0  0.0  0.0  0.0  0.0  0.0  0.0  0.0  0.0  0.0  0.0  0.0  0.0
  0.0  0.0  0.0  0.0  0.0  0.0  2.0  0.0  0.0  0.0  0.0  0.0  0.0  0.0  0.0
  0.0  0.0  0.0  0.0  0.0  5.9  0.0  0.0  0.0  0.0  0.0  0.0  0.0  0.0  0.0
  2.0  0.0  0.0  2.0  0.0  5.9  5.9  0.0  0.0  0.0  0.0  0.0  0.0  0.0  0.0
  0.0  0.0  0.0  0.0  0.0  0.0  0.0  0.0 11.9  5.9  5.9  4.0  9.9  5.9  2.0
  4.0  0.0  0.0  0.0  0.0  2.0  2.0  9.9  7.9  5.9  0.0  2.0  5.9  0.0  0.0
    -26.67     -3.49     -1.05     -5.81      0.42  0.0  0.0  0.0  0.0  0.0
                                    t000122_s19_p10_qjpp.txt 31.3  4.9  179
 11.2  0.0  0.0 39.1  0.0  0.0  0.0  0.0 27.9  0.0  0.0  0.0  0.0  0.0  0.0
  5.6  0.0  0.0  5.6  0.0  0.0379.9117.3 11.2 39.1  0.0  0.0 11.2  0.0  0.0
  0.0  0.0  0.0  0.0  5.6 27.9  5.6  5.6  5.6  0.0  0.0  0.0 11.2  0.0  0.0
  0.0  5.6 11.2  0.0  0.0  5.6 11.2  0.0  0.0  0.0 16.8 27.9  5.6106.1 11.2
  5.6  0.0  0.0  0.0  0.0  0.0  0.0  0.0  0.0  0.0  0.0  0.0  0.0  0.0  0.0
  0.0  0.0  0.0  5.6  0.0  5.6  0.0  0.0  0.0  0.0  0.0  0.0  0.0  0.0  0.0
  0.0  0.0  0.0  0.0  0.0  0.0  0.0  0.0  0.0  0.0  0.0  0.0  0.0  0.0  0.0
 11.2  0.0  0.0 11.2  0.0  0.0  0.0  0.0  0.0  0.0  0.0  0.0  0.0  0.0  0.0
  0.0  0.0  0.0  0.0  0.0  0.0  0.0  0.0  5.6  0.0 22.3  0.0 11.2  0.0 11.2
  0.0  0.0  0.0  0.0  0.0  0.0  0.0 22.3 11.2 16.8  0.0  0.0  0.0  0.0  0.0
    -20.27     -2.37     -2.26     -3.47      3.36  5.6  0.0  0.0  0.0  0.0
                                    t000122_s19_p11_qjpp.txt 28.8  5.0  162
  0.0  0.0  0.0 12.3  0.0  0.0  0.0  0.0 12.3  0.0  0.0  0.0  0.0  0.0  0.0
  0.0  0.0  6.2  0.0  0.0  0.0308.6142.0 67.9 30.9 12.3  0.0  6.2  0.0  0.0
  0.0  0.0  0.0  0.0  0.0 24.7  6.2  0.0  0.0  0.0  0.0  6.2  0.0 12.3  0.0
  6.2  6.2  6.2  0.0  0.0  6.2  6.2 18.5  0.0  0.0 98.8 24.7  6.2 61.7  6.2
  0.0  0.0  0.0  0.0  0.0  0.0  0.0  0.0  0.0  0.0  0.0  0.0  0.0  0.0  0.0
  0.0  0.0  0.0  0.0  0.0  6.2  0.0  0.0  0.0  0.0  0.0  0.0  0.0  0.0  0.0
  0.0  0.0  0.0  0.0  0.0  0.0  0.0  0.0  0.0  0.0  0.0  0.0  0.0  0.0  0.0
  6.2  0.0  0.0  6.2  0.0  0.0  0.0  0.0  0.0  0.0  0.0  0.0  0.0  0.0  0.0
  0.0  0.0  0.0  0.0  0.0  0.0  0.0  6.2 37.0  0.0 12.3  6.2  6.2  0.0  0.0
  6.2  0.0  0.0  0.0  0.0  0.0  6.2 24.7  0.0 18.5  0.0  0.0  0.0  0.0  0.0
    -26.45     -3.02     -0.43     -4.14      0.24  0.0  0.0  0.0  0.0  0.0
                                    t000122_s19_p12_qjpp.txt 23.3  4.7  133
  0.0  0.0  0.0  0.0  0.0  0.0  0.0  0.0  0.0  0.0  0.0  0.0  0.0  0.0  0.0
  7.5  0.0  0.0 15.0  0.0  0.0428.6105.3  7.5 52.6  0.0  0.0  0.0  0.0  0.0
  0.0  0.0  0.0  7.5  0.0  0.0  0.0  0.0  0.0  0.0  0.0  0.0  0.0 15.0  0.0
  7.5  0.0  0.0  0.0  0.0  0.0 15.0 22.6  0.0  0.0 45.1  0.0  0.0 67.7  0.0
  0.0  0.0  0.0  0.0  0.0  0.0  0.0  0.0  0.0  0.0  0.0  0.0  0.0  0.0  0.0
  0.0  0.0  0.0  0.0  0.0  0.0  0.0  0.0  0.0  0.0  0.0  0.0  0.0  0.0  0.0
  0.0  0.0  0.0  0.0  0.0  0.0  0.0  0.0  0.0  0.0  0.0  0.0  0.0  0.0  0.0
  0.0  0.0  0.0  0.0  0.0  0.0  0.0  0.0  0.0  0.0  0.0  0.0  0.0  0.0  0.0
  0.0  0.0  0.0  0.0  0.0  0.0  0.0  0.0  7.5  0.0  7.5  7.5  7.5  0.0  0.0
  0.0  0.0  0.0  0.0  0.0  7.5  0.0 15.0  0.0  7.5  0.0  7.5  7.5  0.0  0.0
    -20.95     -4.00     -1.17     -6.61      1.08  0.0  0.0  7.5  0.0  0.0
                                    t000122_s19_p13_qjpp.txt 24.5  4.7  156
  0.0  0.0  0.0 19.2  0.0  0.0  0.0  0.0  0.0  0.0  6.4  0.0  0.0  0.0  0.0
  0.0  0.0  6.4 12.8  0.0  0.0359.0160.3 38.5 44.9  0.0  0.0  6.4  0.0  6.4
  0.0  0.0  0.0  6.4  6.4 32.1  0.0  0.0  0.0  0.0  0.0  0.0  0.0 12.8  0.0
  6.4  6.4  6.4  0.0  0.0  6.4 19.2 19.2  0.0  6.4 70.5  0.0  6.4 83.3 12.8
  0.0  0.0  0.0  0.0  0.0  0.0  0.0  0.0  0.0  0.0  0.0  0.0  0.0  0.0  0.0
  0.0  0.0  0.0  6.4  0.0  0.0  0.0  0.0  0.0  0.0  0.0  0.0  0.0  0.0  0.0
  0.0  0.0  0.0  0.0  0.0  0.0  0.0  0.0  0.0  0.0  0.0  0.0  0.0  0.0  0.0
  6.4  0.0  0.0  6.4  0.0  0.0  0.0  0.0  0.0  0.0  0.0  0.0  0.0  0.0  0.0
  0.0  0.0  0.0  0.0  0.0  0.0  0.0  0.0 25.6  0.0 44.9 19.2  0.0  6.4  0.0
  0.0  6.4  0.0  0.0  0.0  6.4  0.0  6.4 12.8  6.4  0.0  0.0  0.0  0.0  0.0
    -23.25     -3.06     -1.36     -6.61      0.38  0.0  0.0  0.0  0.0  0.0
                                    t000122_s19_p14_qjpp.txt 26.8  4.8  136
  7.4  0.0  0.0 29.4  0.0  0.0  7.4  0.0  0.0  7.4  7.4  0.0  0.0  0.0  0.0
  0.0  0.0  7.4  0.0  0.0  0.0345.6154.4 22.1 66.2  0.0  0.0  7.4  0.0  0.0
  0.0  0.0  0.0  0.0  7.4 58.8  0.0  0.0  0.0  0.0  0.0  7.4  0.0 29.4  0.0
  0.0  0.0  7.4 14.7  7.4  7.4  0.0 29.4  0.0  0.0 58.8  0.0  0.0 95.6  0.0
  0.0  0.0  0.0  0.0  0.0  0.0  0.0  0.0  0.0  0.0  0.0  0.0  0.0  0.0  0.0
  0.0  0.0  0.0  7.4  0.0  0.0  0.0  0.0  0.0  0.0  0.0  0.0  0.0  0.0  0.0
  0.0  0.0  0.0  0.0  0.0  7.4  0.0  0.0  0.0  0.0  0.0  0.0  0.0  0.0  0.0
  7.4  0.0  0.0  7.4  0.0  7.4  7.4  0.0  0.0  0.0  0.0  0.0  0.0  0.0  0.0
  0.0  0.0  0.0  0.0  0.0  0.0  0.0  7.4 14.7  0.0  7.4  7.4  0.0  7.4  0.0
  0.0  0.0  0.0  0.0  0.0  0.0  0.0 14.7  7.4 14.7  0.0  0.0  0.0  0.0  0.0
    -20.79     -2.19     -4.53     -3.66      0.83  0.0  0.0  0.0  0.0  0.0
                                    t000122_s19_p15_qjpp.txt 29.8  4.5  194
  0.0  0.0  0.0 15.5  0.0  0.0  0.0  5.2  0.0  0.0  0.0  0.0  0.0  5.2  0.0
  0.0  0.0  0.0  0.0  0.0  0.0376.3190.7 30.9 41.2  0.0  0.0  0.0  0.0  0.0
  0.0  0.0  0.0  0.0  0.0 20.6  5.2  0.0  0.0  0.0  0.0  0.0  5.2 15.5  5.2
  0.0  5.2  0.0  0.0  0.0  0.0  5.2 20.6  0.0  0.0 41.2  0.0 10.3 61.9  0.0
  0.0  0.0  0.0  0.0  0.0  0.0  0.0  0.0  0.0  0.0  0.0  0.0  0.0  0.0  0.0
  0.0  0.0  0.0  0.0  0.0  0.0  0.0  0.0  0.0  0.0  0.0  0.0  0.0  0.0  0.0
  0.0  0.0  0.0  0.0  0.0  0.0  0.0  0.0  0.0  0.0  0.0  0.0  0.0  0.0  0.0
  0.0  0.0  0.0  0.0  0.0  0.0  0.0  0.0  0.0  0.0  0.0  0.0  0.0  0.0  0.0
  0.0  0.0  0.0  0.0  0.0  0.0  0.0  0.0 20.6  5.2 30.9 15.5 10.3 10.3  0.0
  0.0  0.0  0.0  0.0  0.0  0.0  0.0  0.0  5.2  5.2  0.0  0.0  0.0  0.0  0.0
    -25.35     -4.37     -0.20     -6.61      5.90  0.0  0.0  0.0  0.0  0.0
                                    t000122_s19_p16_qjpp.txt 24.8  4.9  150
  0.0  0.0  0.0 20.0  0.0  0.0  0.0  0.0  0.0  0.0  0.0  0.0  0.0  0.0  0.0
  0.0  0.0  0.0  6.7  0.0  0.0373.3126.7 66.7 33.3  0.0  0.0  0.0  0.0  0.0
  0.0  0.0  0.0  0.0  0.0 13.3  0.0  0.0  0.0  0.0  0.0  0.0  6.7  6.7  0.0
 20.0  6.7  0.0  6.7  0.0  0.0 13.3 26.7  0.0  0.0140.0  0.0  0.0 80.0  6.7
  0.0  0.0  0.0  0.0  0.0  0.0  0.0  0.0  0.0  0.0  0.0  0.0  0.0  0.0  0.0
  0.0  0.0  0.0  0.0  0.0  0.0  0.0  0.0  0.0  0.0  0.0  0.0  0.0  0.0  0.0
  0.0  0.0  0.0  0.0  0.0  0.0  0.0  0.0  0.0  0.0  0.0  0.0  0.0  0.0  0.0
  0.0  0.0  0.0  0.0  0.0  0.0  0.0  0.0  0.0  0.0  0.0  0.0  0.0  0.0  0.0
  0.0  0.0  0.0  0.0  0.0  0.0  0.0  6.7 26.7  0.0 13.3  6.7  0.0 13.3  0.0
  0.0  6.7  0.0  0.0  0.0  0.0  0.0 13.3  0.0  0.0  0.0  0.0  6.7  0.0  0.0
    -27.97     -4.63      0.22     -6.61      8.00  0.0  0.0  0.0  0.0  0.0
                                     t000122_s19_p2_qjpp.txt 34.5  5.2  197
  0.0  5.1  0.0 40.6  0.0  0.0  0.0 15.2 15.2 10.2  5.1  0.0  0.0  0.0  0.0
  0.0  0.0  5.1  5.1  0.0  0.0401.0101.5 86.3 35.5  0.0  5.1  5.1  0.0  5.1
  0.0  0.0  0.0  0.0  0.0 35.5  0.0  0.0  0.0  0.0  0.0  5.1 10.2  5.1  0.0
  5.1  0.0  5.1  0.0  0.0  5.1  5.1 10.2  0.0  5.1101.5 15.2  0.0 86.3 10.2
  5.1  0.0  0.0  0.0  0.0  0.0  0.0  0.0  0.0  0.0  0.0  0.0  0.0  0.0  0.0
  0.0  0.0  0.0  5.1  0.0  5.1  0.0  0.0  0.0  0.0  0.0  0.0  0.0  0.0  0.0
  0.0  0.0  0.0  0.0  0.0  5.1  0.0  0.0  0.0  0.0  0.0  0.0  0.0  0.0  0.0
 10.2  0.0  0.0 10.2  0.0  5.1  5.1  0.0  0.0  0.0  0.0  0.0  0.0  0.0  0.0
  0.0  0.0  0.0  0.0  0.0  0.0  0.0  0.0 10.2  0.0  5.1  5.1  5.1  0.0 10.2
  0.0  0.0  0.0  0.0  0.0  5.1  5.1  5.1  5.1  5.1  0.0  0.0  0.0  0.0  0.0
    -20.57     -2.64      1.49     -4.57      5.13  0.0  0.0  0.0  0.0  0.0
                                     t000122_s19_p3_qjpp.txt 29.3  5.0  201
 10.0  0.0  0.0  5.0  0.0  0.0  0.0  0.0  5.0  0.0  0.0  0.0  0.0  5.0  0.0
  0.0  0.0  5.0  5.0  0.0  0.0452.7129.4 29.9 24.9  5.0  0.0  0.0  0.0  0.0
  0.0  0.0  0.0  0.0  0.0 19.9 10.0  0.0  0.0  0.0  0.0  5.0  5.0 14.9  0.0
  0.0  0.0  0.0  0.0  5.0  5.0  5.0 14.9  0.0  0.0 39.8 10.0  0.0 59.7  5.0
  5.0  0.0  0.0  0.0  0.0  0.0  0.0  0.0  0.0  0.0  0.0  0.0  0.0  0.0  0.0
  0.0  0.0  0.0  0.0  0.0  0.0  0.0  0.0  0.0  0.0  0.0  0.0  0.0  0.0  0.0
  0.0  0.0  0.0  0.0  0.0  0.0  0.0  0.0  0.0  0.0  0.0  0.0  0.0  0.0  0.0
  0.0  0.0  0.0  0.0  0.0  0.0  0.0  0.0  0.0  0.0  0.0  0.0  0.0  0.0  0.0
  0.0  0.0  0.0  0.0  0.0  0.0  0.0  0.0 19.9  5.0 24.9 10.0 14.9  0.0  0.0
  0.0  0.0  0.0  0.0  0.0  5.0  0.0 10.0 10.0 14.9  0.0  0.0 10.0  0.0  0.0
    -24.46     -4.69     -0.16     -4.62      1.74  0.0  0.0  0.0  0.0  0.0
                                     t000122_s19_p4_qjpp.txt 15.8  4.9  103
  0.0  0.0  0.0  0.0  0.0  0.0  0.0  0.0 19.4  9.7  0.0  0.0  0.0  0.0  0.0
  0.0  0.0  0.0  9.7  0.0  0.0388.3106.8 48.5 38.8  0.0  0.0  0.0  0.0  0.0
  0.0  0.0  0.0  0.0  0.0 19.4  9.7  0.0  0.0  0.0  0.0  0.0  0.0  9.7  0.0
  0.0  0.0  0.0  9.7  9.7  0.0  9.7  9.7  0.0  0.0106.8 19.4  0.0 68.0  0.0
  0.0  0.0  0.0  0.0  0.0  0.0  0.0  0.0  0.0  0.0  0.0  0.0  0.0  0.0  0.0
  0.0  0.0  0.0  0.0  0.0  0.0  0.0  0.0  0.0  0.0  0.0  0.0  0.0  0.0  0.0
  0.0  0.0  0.0  0.0  0.0  0.0  0.0  0.0  0.0  0.0  0.0  0.0  0.0  0.0  0.0
  0.0  0.0  0.0  0.0  0.0  0.0  0.0  0.0  0.0  0.0  0.0  0.0  0.0  0.0  0.0
  0.0  0.0  0.0  0.0  0.0  0.0  0.0  0.0  0.0  0.0 58.3 29.1  9.7  0.0  0.0
  0.0  0.0  0.0  0.0  0.0  0.0  0.0  9.7  0.0  0.0  0.0  0.0  0.0  0.0  0.0
    -24.59     -4.45     -0.13     -6.61     -2.16  0.0  0.0  0.0  0.0  0.0
                                     t000122_s19_p5_qjpp.txt 31.3  4.7  327
  3.1  0.0  0.0 30.6  0.0  0.0  0.0  0.0  0.0  3.1  0.0  0.0  0.0  0.0  0.0
  3.1  0.0  0.0  6.1  0.0  0.0400.6107.0 27.5 18.3  0.0  0.0  3.1  0.0  0.0
  0.0  0.0  0.0  3.1 12.2 15.3  0.0  0.0  0.0  0.0  0.0  3.1  0.0  3.1  0.0
  6.1  0.0  3.1  9.2  0.0  0.0  6.1  9.2  0.0  0.0 36.7  0.0  0.0 55.0  0.0
  6.1  0.0  0.0  0.0  0.0  0.0  0.0  0.0  0.0  0.0  0.0  0.0  0.0  0.0  0.0
  0.0  0.0  0.0  3.1  0.0  0.0  0.0  0.0  0.0  0.0  0.0  0.0  0.0  0.0  0.0
  0.0  0.0  0.0  0.0  0.0  0.0  0.0  0.0  0.0  0.0  0.0  0.0  0.0  0.0  0.0
  3.1  0.0  0.0  3.1  0.0  0.0  0.0  0.0  0.0  0.0  0.0  0.0  0.0  0.0  0.0
  0.0  0.0  0.0  0.0  0.0  0.0  0.0  3.1  6.1  0.0 12.2  0.0  3.1  0.0  6.1
  0.0  0.0  0.0  0.0  0.0  0.0  0.0  6.1  3.1  6.1  3.1  3.1  3.1  0.0  0.0
    -23.43     -4.56     -4.37     -5.38     -1.19  0.0  0.0  0.0  0.0  0.0
                                     t000122_s19_p6_qjpp.txt 32.8  4.6  222
  4.5  0.0  0.0 18.0  0.0  0.0  0.0  0.0  4.5  0.0  0.0  0.0  0.0  0.0  0.0
  0.0  0.0  0.0  4.5  0.0  0.0396.4 99.1 81.1  0.0  0.0  4.5  0.0  0.0  0.0
  0.0  4.5  0.0  4.5  4.5 13.5  0.0  0.0  0.0  0.0  0.0  0.0  9.0  4.5  0.0
  0.0  0.0  4.5  4.5  0.0  0.0  9.0  4.5  0.0  0.0 85.6  4.5  0.0 22.5  4.5
  0.0  0.0  0.0  0.0  0.0  0.0  0.0  0.0  0.0  0.0  0.0  0.0  0.0  0.0  0.0
  0.0  0.0  0.0  4.5  0.0  0.0  0.0  0.0  0.0  0.0  0.0  0.0  0.0  0.0  0.0
  0.0  0.0  0.0  0.0  0.0  0.0  0.0  0.0  0.0  0.0  0.0  0.0  0.0  0.0  0.0
  4.5  0.0  0.0  4.5  0.0  0.0  0.0  0.0  0.0  0.0  0.0  0.0  0.0  0.0  0.0
  0.0  0.0  0.0  0.0  0.0  0.0  0.0  0.0  0.0  0.0  9.0  9.0 13.5  0.0  4.5
  0.0  0.0  0.0  0.0  0.0  4.5  4.5  0.0  4.5  0.0  0.0  0.0  4.5  0.0  0.0
    -27.61     -4.86     -0.74     -6.61      2.69  0.0  0.0  0.0  0.0  0.0
                                     t000122_s19_p7_qjpp.txt 22.8  4.1  256
  0.0  0.0  0.0 66.4  0.0  0.0  0.0  0.0  0.0  3.9  0.0  0.0  0.0  0.0  0.0
  0.0  0.0  0.0 27.3  0.0  0.0386.7152.3 19.5  0.0  0.0  0.0  0.0  0.0  0.0
  0.0  0.0  0.0  0.0  3.9 15.6  0.0  0.0  0.0  0.0  0.0  0.0  7.8  0.0 43.0
  0.0  7.8  0.0  0.0  3.9  0.0 35.2 43.0  0.0  0.0 27.3  0.0  0.0 66.4  0.0
  3.9  0.0  0.0  0.0  0.0  0.0  0.0  0.0  0.0  0.0  0.0  0.0  0.0  0.0  0.0
  0.0  0.0  0.0  0.0  0.0  0.0  0.0  0.0  0.0  0.0  0.0  0.0  0.0  0.0  0.0
  0.0  0.0  0.0  0.0  0.0  0.0  0.0  0.0  0.0  0.0  0.0  0.0  0.0  0.0  0.0
  0.0  0.0  0.0  0.0  0.0  0.0  0.0  0.0  0.0  0.0  0.0  0.0  0.0  0.0  0.0
  0.0  0.0  0.0  0.0  0.0  0.0  0.0  0.0  3.9  0.0  7.8 15.6  7.8  0.0  7.8
  0.0  0.0  0.0  0.0  0.0  0.0  3.9  3.9  0.0  0.0  0.0  0.0  7.8  0.0  0.0
    -18.75     -5.73     -1.06     -6.61     34.31  0.0  0.0  0.0  0.0  0.0
                                     t000122_s19_p8_qjpp.txt 24.3  4.8  169
  0.0  0.0  0.0 47.3  0.0  0.0  0.0  0.0  0.0  0.0  0.0  0.0  0.0  5.9  0.0
  0.0  0.0 11.8  0.0  0.0  0.0366.9142.0 65.1 23.7  0.0  0.0  5.9  0.0  0.0
  0.0  5.9  0.0  0.0  5.9 29.6  5.9  0.0  0.0  0.0  0.0  0.0 11.8 23.7  0.0
  0.0 11.8  0.0  5.9  5.9 11.8 17.8 23.7  0.0  0.0 82.8  0.0  0.0 76.9  0.0
  0.0  0.0  0.0  0.0  0.0  0.0  0.0  0.0  0.0  0.0  0.0  0.0  0.0  0.0  0.0
  0.0  0.0  0.0  0.0  0.0  0.0  0.0  0.0  0.0  0.0  0.0  0.0  5.9  0.0  0.0
  0.0  0.0  0.0  0.0  0.0  0.0  0.0  0.0  0.0  0.0  0.0  0.0  0.0  0.0  0.0
  0.0  0.0  5.9  5.9  0.0  0.0  0.0  0.0  0.0  0.0  0.0  0.0  0.0  0.0  0.0
  0.0  0.0  0.0  0.0  0.0  0.0  0.0  0.0  5.9  5.9 29.6 11.8 11.8  5.9  0.0
  0.0  0.0  0.0  0.0  0.0 11.8  0.0  0.0  5.9 11.8 11.8  5.9  0.0  0.0  0.0
    -22.34     -3.85     -0.26     -6.61      7.36  0.0  0.0  0.0  0.0  0.0
                                     t000122_s19_p9_qjpp.txt 29.0  4.9  291
  6.9  0.0  0.0 58.4  0.0  0.0  0.0  0.0  3.4  0.0  0.0  0.0  0.0  0.0  0.0
  0.0  0.0  0.0 17.2  0.0  0.0384.9110.0 34.4 20.6  0.0  0.0  6.9  0.0  0.0
  0.0  0.0  0.0  3.4  3.4 17.2  3.4  0.0  0.0  0.0  0.0  0.0  3.4 13.7  3.4
  3.4  3.4 10.3 10.3  6.9  0.0 20.6 20.6  0.0  0.0 72.2  3.4  0.0113.4  3.4
  3.4  0.0  0.0  0.0  0.0  0.0  0.0  0.0  0.0  0.0  0.0  0.0  0.0  0.0  0.0
  0.0  0.0  0.0  3.4  0.0  3.4  3.4  0.0  0.0  3.4  0.0  0.0  0.0  0.0  0.0
  0.0  0.0  0.0  0.0  3.4  0.0  0.0  0.0  0.0  0.0  0.0  0.0  0.0  0.0  0.0
 10.3  3.4  0.0 13.7  0.0  3.4  3.4  0.0  0.0  0.0  0.0  0.0  0.0  0.0  0.0
  0.0  0.0  0.0  0.0  0.0  0.0  0.0  0.0 17.2  0.0 17.2  0.0 10.3  0.0  0.0
  0.0  0.0  0.0  0.0  0.0  6.9  0.0 10.3 20.6 17.2 13.7  0.0 17.2  0.0  0.0
    -21.77     -3.78     -2.00     -6.61      4.36  0.0  0.0  0.0  0.0  0.0
                                      t000122_s2_p1_qjpp.txt 25.8  5.7  141
  0.0  7.1  0.0 49.6  0.0  0.0  0.0  0.0 14.2  0.0  0.0  0.0  0.0  0.0  0.0
  0.0  0.0  0.0 21.3  0.0  0.0475.2148.9 85.1  0.0  0.0  0.0  7.1  0.0  0.0
  0.0  7.1  0.0  0.0  0.0 28.4  0.0  0.0  0.0  0.0  0.0  0.0  0.0  0.0 14.2
  0.0  0.0  0.0  0.0  0.0  0.0 28.4 14.2  0.0  0.0 85.1 14.2  0.0 42.6  0.0
  0.0  0.0  0.0  0.0  0.0  0.0  0.0  0.0  0.0  0.0  0.0  0.0  0.0  0.0  0.0
  0.0  0.0  0.0  0.0  0.0  7.1  0.0  0.0  0.0  0.0  0.0  0.0  0.0  0.0  0.0
  0.0  0.0  0.0  0.0  0.0  0.0  0.0  0.0  0.0  0.0  0.0  0.0  0.0  0.0  0.0
  7.1  0.0  0.0  7.1  0.0  0.0  0.0  0.0  0.0  0.0  0.0  0.0  0.0  0.0  0.0
  0.0  0.0  0.0  0.0  0.0  0.0  0.0  0.0  0.0  7.1 21.3  0.0  0.0  0.0  0.0
  0.0  0.0  0.0  0.0  0.0  0.0  0.0  0.0 14.2  0.0  0.0  0.0  7.1  0.0  0.0
    -28.67     -4.41      1.99     -6.61      7.28  0.0  0.0  7.1  0.0  0.0
                                      t000122_s2_p2_qjpp.txt 31.3  5.6  261
  0.0  0.0  0.0 19.2  0.0  0.0  0.0  0.0  3.8  0.0  0.0  0.0  0.0  0.0  0.0
  0.0  0.0  0.0  3.8  0.0  0.0501.9122.6 46.0 23.0  0.0  3.8  0.0  0.0  3.8
  0.0  7.7  0.0  0.0  0.0 38.3  0.0  0.0  0.0  0.0  3.8  0.0  0.0 11.5  3.8
  0.0  0.0  0.0  0.0  0.0  3.8 11.5 15.3  0.0  3.8 57.5  3.8  0.0 57.5  7.7
  0.0  0.0  0.0  0.0  0.0  0.0  0.0  0.0  0.0  0.0  0.0  0.0  0.0  0.0  0.0
  0.0  0.0  0.0  0.0  0.0  0.0  0.0  0.0  0.0  0.0  0.0  0.0  0.0  0.0  0.0
  0.0  0.0  0.0  0.0  0.0  0.0  0.0  0.0  0.0  0.0  0.0  0.0  0.0  0.0  0.0
  0.0  0.0  0.0  0.0  0.0  0.0  0.0  0.0  0.0  0.0  0.0  0.0  0.0  0.0  0.0
  0.0  0.0  0.0  0.0  0.0  0.0  0.0  3.8 19.2  0.0 11.5  3.8  0.0  7.7  0.0
  0.0  0.0  0.0  0.0  0.0  0.0  0.0  0.0  7.7  7.7  0.0  0.0  7.7  0.0  0.0
    -32.56     -4.23      3.55     -4.78      1.06  0.0  0.0  0.0  0.0  0.0
                                      t000122_s2_p3_qjpp.txt 14.5  5.4   79
  0.0  0.0  0.0 38.0  0.0  0.0  0.0  0.0  0.0  0.0  0.0  0.0  0.0  0.0  0.0
  0.0  0.0  0.0 12.7  0.0  0.0493.7177.2 38.0 12.7  0.0  0.0  0.0  0.0  0.0
  0.0  0.0  0.0  0.0  0.0 12.7  0.0  0.0  0.0  0.0  0.0  0.0  0.0 12.7 12.7
  0.0  0.0  0.0  0.0  0.0  0.0 12.7 25.3  0.0  0.0 38.0  0.0  0.0 50.6  0.0
  0.0  0.0  0.0  0.0  0.0  0.0  0.0  0.0  0.0  0.0  0.0  0.0  0.0  0.0  0.0
  0.0  0.0  0.0  0.0  0.0  0.0  0.0  0.0  0.0  0.0  0.0  0.0  0.0  0.0  0.0
  0.0  0.0  0.0  0.0  0.0  0.0  0.0  0.0  0.0  0.0  0.0  0.0  0.0  0.0  0.0
  0.0  0.0  0.0  0.0  0.0  0.0  0.0  0.0  0.0  0.0  0.0  0.0  0.0  0.0  0.0
  0.0  0.0  0.0  0.0  0.0  0.0  0.0 12.7 12.7  0.0 25.3  0.0  0.0 12.7  0.0
 12.7  0.0  0.0  0.0  0.0  0.0  0.0  0.0 12.7  0.0  0.0  0.0  0.0  0.0  0.0
    -31.26     -5.31      0.25     -6.61      8.03  0.0  0.0  0.0  0.0  0.0
                                      t000122_s6_p1_qjpp.txt 30.5  5.2  167
  6.0  0.0  0.0 77.8  0.0  0.0  0.0  0.0  0.0  6.0  6.0  0.0  0.0  0.0  0.0
  0.0  0.0  6.0 12.0  0.0  0.0371.3125.7 41.9 29.9  6.0  6.0  0.0  0.0  0.0
  6.0  0.0  0.0  0.0  6.0 35.9 12.0  6.0  0.0  0.0  0.0  0.0  6.0 12.0  0.0
  0.0  0.0  0.0  0.0  6.0 12.0 12.0 12.0  0.0  6.0 71.9  6.0  0.0107.8  0.0
 18.0  0.0  0.0  0.0  0.0  0.0  0.0  0.0  0.0  0.0  0.0  0.0  0.0  0.0  0.0
  0.0  0.0  0.0  0.0  0.0  0.0  6.0  0.0  0.0  6.0  0.0  0.0  0.0  0.0  0.0
  6.0  0.0  0.0  0.0  0.0  0.0  0.0  6.0  0.0  0.0  0.0  0.0  0.0  0.0  0.0
  6.0  6.0  0.0 12.0  6.0  6.0 12.0  0.0  0.0  0.0  0.0  0.0  0.0  0.0  0.0
  0.0  0.0  0.0  0.0  0.0  0.0  0.0 12.0  0.0  6.0  6.0  6.0  6.0  6.0  6.0
  0.0  0.0  0.0  0.0  0.0  0.0  0.0  6.0  6.0 12.0  0.0 12.0  6.0  0.0  0.0
    -20.90     -3.33      2.61     -5.18      1.93  0.0  0.0  0.0  0.0  0.0
                                     t000122_s6_p10_qjpp.txt 14.5  4.9   84
  0.0  0.0  0.0 35.7  0.0  0.0  0.0  0.0 23.8  0.0 11.9  0.0  0.0  0.0  0.0
  0.0  0.0  0.0  0.0  0.0  0.0285.7202.4 95.2 23.8  0.0  0.0  0.0  0.0  0.0
  0.0 11.9  0.0  0.0 11.9 35.7  0.0 23.8  0.0  0.0  0.0  0.0 11.9  0.0  0.0
  0.0 11.9  0.0  0.0 11.9 23.8 23.8  0.0  0.0  0.0119.0 23.8  0.0 71.4  0.0
  0.0  0.0  0.0  0.0  0.0  0.0  0.0  0.0  0.0  0.0  0.0  0.0  0.0  0.0  0.0
  0.0  0.0  0.0  0.0  0.0  0.0  0.0  0.0  0.0  0.0  0.0  0.0  0.0  0.0  0.0
  0.0  0.0  0.0  0.0  0.0  0.0  0.0  0.0  0.0  0.0  0.0  0.0  0.0  0.0  0.0
  0.0  0.0  0.0  0.0  0.0  0.0  0.0  0.0  0.0  0.0  0.0  0.0  0.0  0.0  0.0
  0.0  0.0  0.0 11.9  0.0  0.0  0.0  0.0 11.9 35.7 35.7  0.0  0.0 11.9  0.0
  0.0 11.9  0.0  0.0  0.0 11.9  0.0 11.9 11.9  0.0  0.0  0.0 11.9  0.0  0.0
    -28.87     -4.94     -0.15     -0.94      3.81  0.0  0.0 11.9  0.0  0.0
                                      t000122_s6_p2_qjpp.txt 30.5  5.0  387
  0.0  0.0  0.0 36.2  0.0  0.0  2.6  0.0  0.0  2.6  0.0  0.0  0.0  0.0  0.0
  0.0  0.0  7.8  5.2  0.0  0.0408.3121.4 62.0 12.9  0.0  0.0  2.6  0.0  0.0
  0.0  0.0  0.0  5.2  2.6 28.4  0.0  0.0  0.0  0.0  0.0  2.6  5.2  7.8  0.0
  7.8  0.0  2.6  0.0  7.8  7.8  5.2 15.5  0.0  0.0 87.9  0.0  0.0 64.6  0.0
  0.0  0.0  0.0  0.0  0.0  0.0  0.0  0.0  0.0  0.0  0.0  0.0  0.0  0.0  0.0
  0.0  0.0  0.0  2.6  0.0  0.0  0.0  0.0  0.0  0.0  0.0  0.0  0.0  0.0  0.0
  0.0  0.0  0.0  0.0  0.0  0.0  0.0  0.0  0.0  0.0  0.0  0.0  0.0  0.0  0.0
  2.6  0.0  0.0  2.6  0.0  0.0  0.0  0.0  0.0  0.0  0.0  0.0  0.0  0.0  0.0
  0.0  0.0  0.0  0.0  0.0  0.0  0.0  0.0 12.9  5.2  5.2  5.2  0.0  2.6  0.0
  0.0  2.6  0.0  0.0  0.0  5.2  5.2  2.6  7.8  0.0  7.8  0.0  7.8  0.0  0.0
    -25.53     -4.82     -2.88     -5.57      3.28  2.6  0.0  0.0  0.0  0.0
                                      t000122_s6_p3_qjpp.txt 31.0  5.6  181
 11.0  0.0  0.0 49.7  0.0  5.5  5.5  0.0  0.0  0.0  0.0  0.0  0.0  0.0  0.0
  0.0  0.0  5.5  0.0  0.0  0.0491.7 93.9 77.3 11.0  0.0  5.5  0.0  0.0  0.0
  0.0  0.0  0.0  0.0  0.0  0.0  0.0  0.0 11.0  0.0  0.0  0.0  0.0  0.0  0.0
  0.0  0.0  5.5  5.5  0.0  5.5  0.0  0.0  0.0  0.0105.0  0.0  0.0 60.8  0.0
 11.0  0.0  0.0  0.0  0.0  0.0  0.0  0.0  0.0  0.0  0.0  0.0  0.0  0.0  0.0
  0.0  0.0  0.0  0.0  0.0  0.0  5.5  0.0  0.0  0.0  0.0  0.0  0.0  0.0  0.0
  0.0  0.0  0.0  0.0  0.0  0.0  0.0  0.0  0.0  0.0  0.0  0.0  0.0  0.0  0.0
  5.5  0.0  0.0  5.5  0.0  0.0  0.0  0.0  0.0  0.0  0.0  0.0  0.0  0.0  0.0
  0.0  0.0  0.0  0.0  0.0  0.0  0.0  0.0  0.0  0.0 11.0  5.5  5.5  0.0  0.0
  0.0  0.0  0.0  0.0  0.0 11.0  5.5 22.1  0.0  0.0  0.0  0.0  5.5  0.0  0.0
    -27.45     -4.30      0.97     -3.04     -3.63  5.5  0.0  0.0  0.0  0.0
                                      t000122_s6_p4_qjpp.txt 18.8  4.7   96
  0.0  0.0  0.0 31.3  0.0  0.0 10.4  0.0 20.8  0.0  0.0  0.0  0.0  0.0  0.0
  0.0  0.0 10.4 10.4  0.0  0.0333.3135.4 72.9 52.1  0.0  0.0  0.0  0.0  0.0
  0.0  0.0  0.0  0.0  0.0 20.8  0.0  0.0  0.0  0.0  0.0  0.0 10.4  0.0  0.0
 10.4 10.4 10.4  0.0 20.8 10.4 20.8 10.4  0.0  0.0114.6 20.8  0.0 93.8  0.0
  0.0  0.0  0.0  0.0  0.0  0.0  0.0  0.0  0.0  0.0  0.0  0.0  0.0  0.0  0.0
  0.0  0.0  0.0  0.0  0.0 10.4  0.0  0.0  0.0  0.0  0.0  0.0  0.0  0.0  0.0
  0.0  0.0  0.0  0.0  0.0  0.0  0.0  0.0  0.0  0.0  0.0  0.0  0.0  0.0  0.0
 10.4  0.0  0.0 10.4  0.0  0.0  0.0  0.0  0.0  0.0  0.0  0.0  0.0  0.0  0.0
  0.0  0.0  0.0  0.0  0.0  0.0  0.0  0.0 20.8  0.0 10.4  0.0  0.0  0.0 10.4
 10.4  0.0  0.0  0.0  0.0  0.0 10.4 20.8  0.0 20.8  0.0  0.0  0.0  0.0  0.0
    -19.96     -4.01     -0.21     -6.61      6.24  0.0  0.0  0.0  0.0  0.0
                                      t000122_s6_p5_qjpp.txt 18.0  5.2  123
  8.1  0.0  0.0 24.4  0.0  0.0  0.0  0.0  8.1  0.0  0.0  0.0  0.0  8.1  0.0
  0.0  0.0  0.0  0.0  0.0  0.0365.9170.7 24.4  8.1  0.0  0.0  0.0  0.0  0.0
  0.0  0.0  0.0  8.1  8.1 40.7  8.1  0.0  0.0  0.0  0.0  0.0  8.1  0.0  0.0
  8.1  0.0  8.1  0.0  0.0  0.0  0.0  8.1  0.0  0.0 56.9  8.1  0.0 65.0 16.3
  0.0  0.0  0.0  0.0  0.0  0.0  0.0  0.0  0.0  0.0  0.0  0.0  0.0  0.0  0.0
  0.0  0.0  0.0  8.1  0.0  0.0  0.0  0.0  0.0  0.0  0.0  0.0  0.0  0.0  0.0
  0.0  0.0  0.0  0.0  0.0  0.0  0.0  0.0  0.0  0.0  0.0  0.0  0.0  0.0  0.0
  8.1  0.0  0.0  8.1  0.0  0.0  0.0  0.0  0.0  0.0  0.0  0.0  0.0  0.0  0.0
  0.0  0.0  0.0  0.0  0.0  0.0  0.0  0.0  0.0 16.3 48.8  8.1  0.0  0.0  0.0
  0.0  0.0  0.0  0.0  0.0  0.0  0.0  8.1  0.0 24.4  0.0  0.0  8.1  0.0  0.0
    -24.09     -5.46     -6.05     -6.61      4.08  0.0  0.0  0.0  0.0  0.0
                                      t000122_s6_p6_qjpp.txt 32.0  4.8  189
  5.3  0.0  0.0 52.9  0.0  0.0  0.0  0.0  0.0 10.6  0.0  0.0  0.0  0.0  0.0
  5.3  0.0  0.0 10.6  0.0  0.0381.0137.6 42.3 21.2  5.3  0.0  5.3  0.0  0.0
  0.0  0.0  0.0 10.6  0.0 42.3 10.6  0.0  0.0  0.0  0.0  0.0 10.6  5.3  0.0
  0.0  5.3  5.3  0.0 10.6  0.0 15.9  5.3  0.0  0.0 79.4  5.3  0.0 79.4  0.0
  5.3  0.0  0.0  0.0  0.0  0.0  0.0  0.0  0.0  0.0  0.0  0.0  0.0  0.0  0.0
  0.0  0.0  0.0  0.0  0.0  0.0 10.6  0.0  0.0  0.0  0.0  0.0  0.0  0.0  0.0
  0.0  0.0  0.0  5.3  0.0  0.0  0.0  0.0  0.0  0.0  0.0  0.0  0.0  0.0  0.0
 10.6  0.0  0.0 10.6  5.3  0.0  5.3  0.0  0.0  0.0  0.0  0.0  0.0  0.0  0.0
  0.0  0.0  0.0  0.0  0.0  0.0  0.0  0.0 10.6  5.3 10.6  0.0  5.3  5.3  0.0
  0.0  0.0  0.0  0.0  0.0  0.0  5.3  5.3 15.9  0.0  0.0  0.0 21.2  0.0  0.0
    -21.42     -3.82     -4.45     -6.61      3.79  0.0  0.0  0.0  0.0  0.0
                                      t000122_s6_p7_qjpp.txt 33.5  4.7  457
  4.4  0.0  0.0 32.8  0.0  0.0  2.2  0.0  0.0  0.0  0.0  0.0  0.0  0.0  0.0
  0.0  0.0  0.0  8.8  0.0  0.0498.9 63.5 46.0  2.2  2.2  2.2  0.0  0.0  0.0
  0.0  2.2  0.0  0.0  0.0 17.5  2.2  0.0  0.0  0.0  0.0  4.4  4.4  4.4  0.0
  2.2  0.0  0.0  8.8  0.0  0.0 10.9  6.6  0.0  0.0 61.3  2.2  2.2 39.4  0.0
  2.2  0.0  0.0  0.0  0.0  0.0  0.0  0.0  0.0  0.0  0.0  0.0  0.0  0.0  0.0
  0.0  0.0  0.0  0.0  2.2  0.0  2.2  0.0  0.0  0.0  0.0  0.0  0.0  0.0  0.0
  0.0  0.0  2.2  2.2  0.0  0.0  0.0  0.0  0.0  0.0  0.0  0.0  0.0  0.0  0.0
  4.4  0.0  0.0  4.4  4.4  0.0  4.4  0.0  0.0  0.0  0.0  0.0  0.0  0.0  0.0
  0.0  0.0  0.0  0.0  0.0  0.0  0.0  0.0  0.0  4.4  6.6 13.1  4.4  4.4  0.0
  0.0  2.2  2.2  0.0  0.0  0.0  2.2  0.0  4.4  0.0  2.2  0.0  8.8  0.0  0.0
    -25.69     -5.14      0.79     -4.85      0.48  0.0  0.0  0.0  0.0  0.0
                                      t000122_s6_p8_qjpp.txt 35.3  4.7  358
  8.4  0.0  0.0 25.1  0.0  0.0  0.0  0.0  0.0  2.8  5.6  0.0  0.0  0.0  0.0
  0.0  0.0  0.0  5.6  0.0  0.0486.0 75.4 64.2  0.0  0.0  0.0  2.8  0.0  0.0
  0.0  0.0  0.0  0.0  0.0  8.4  5.6  5.6  0.0  2.8  0.0  0.0  8.4  2.8  0.0
  0.0  0.0  0.0  5.6  2.8  5.6  8.4  2.8  0.0  0.0 86.6  0.0  5.6 30.7  0.0
  2.8  0.0  0.0  0.0  0.0  0.0  0.0  0.0  0.0  0.0  0.0  0.0  0.0  0.0  0.0
  0.0  0.0  0.0  0.0  0.0  0.0  2.8  2.8  0.0  0.0  0.0  0.0  0.0  0.0  0.0
  0.0  0.0  0.0  2.8  0.0  0.0  0.0  0.0  2.8  0.0  0.0  0.0  0.0  0.0  0.0
  2.8  2.8  0.0  5.6  2.8  2.8  5.6  0.0  0.0  0.0  0.0  0.0  0.0  0.0  0.0
  0.0  0.0  0.0  0.0  0.0  0.0  0.0  0.0  0.0  2.8  8.4  8.4  2.8  2.8  0.0
  0.0  0.0  0.0  0.0  0.0  0.0  0.0  0.0  5.6  2.8  0.0  0.0  5.6  0.0  0.0
    -26.74     -5.21      0.50     -4.01      2.03  2.8  0.0  0.0  0.0  0.0
                                      t000122_s6_p9_qjpp.txt 36.5  5.3  183
  5.5  0.0  0.0 43.7  0.0  0.0  0.0  0.0  5.5  0.0  0.0  0.0  0.0  0.0  0.0
  5.5  0.0  5.5 10.9  0.0  0.0459.0114.8 65.6 10.9  0.0  0.0  0.0  0.0  0.0
  0.0  0.0  0.0  5.5  0.0 21.9  0.0  0.0  5.5  0.0  0.0  0.0 10.9  0.0  0.0
  5.5  0.0  5.5  0.0  5.5  5.5 10.9  5.5  0.0  0.0 87.4  5.5  0.0 65.6  0.0
  0.0  0.0  0.0  0.0  0.0  0.0  0.0  0.0  0.0  0.0  0.0  0.0  0.0  0.0  0.0
  0.0  0.0  0.0  0.0  0.0  5.5  0.0  0.0  0.0  0.0  0.0  0.0  0.0  0.0  0.0
  0.0  0.0  0.0  0.0  5.5  0.0  0.0  0.0  0.0  0.0  0.0  0.0  0.0  0.0  0.0
  5.5  0.0  0.0  5.5  0.0  5.5  5.5  0.0  0.0  0.0  0.0  0.0  0.0  0.0  0.0
  0.0  0.0  0.0  0.0  0.0  0.0  0.0  0.0 16.4 10.9 38.3 10.9  0.0  0.0  0.0
  0.0  5.5  0.0  0.0  0.0  5.5  0.0 16.4  0.0  0.0  0.0  0.0 10.9  0.0  0.0
    -24.98     -5.37     -1.83     -4.84      4.97  5.5  5.5  0.0  0.0  0.0
                                      t000122_s8_p1_qjpp.txt 31.5  4.8  246
  0.0  0.0  0.0 24.4  0.0  0.0  0.0  0.0  0.0  4.1  0.0  0.0  0.0  8.1  0.0
  0.0  0.0  0.0 16.3  0.0  0.0447.2130.1 32.5 12.2  0.0 12.2  4.1  0.0  0.0
  0.0  0.0  0.0  0.0  0.0  8.1  0.0  0.0  0.0  0.0  0.0  0.0  0.0  8.1  0.0
  0.0  0.0  0.0  0.0  0.0  0.0 16.3  8.1  0.0  0.0 36.6  0.0  0.0 40.7  4.1
  0.0  0.0  0.0  0.0  0.0  0.0  0.0  0.0  0.0  0.0  0.0  0.0  0.0  0.0  0.0
  0.0  0.0  0.0  0.0  0.0  0.0  0.0  0.0  0.0  0.0  0.0  0.0  0.0  0.0  0.0
  0.0  0.0  0.0  0.0  0.0  0.0  0.0  0.0  0.0  0.0  0.0  0.0  0.0  0.0  0.0
  0.0  0.0  0.0  0.0  0.0  0.0  0.0  0.0  0.0  0.0  0.0  0.0  0.0  0.0  0.0
  0.0  0.0  0.0  0.0  0.0  0.0  0.0  0.0  0.0  0.0  4.1  0.0 24.4  0.0  4.1
  0.0  0.0  4.1  0.0  0.0  0.0  4.1  0.0  4.1  4.1 16.3  4.1  0.0  0.0  0.0
    -21.29     -2.23      0.51     -6.61     -2.39  0.0  0.0  0.0  0.0  0.0
                                      t000122_s8_p2_qjpp.txt 33.5  5.3  444
  0.0  0.0  0.0 38.3  0.0  0.0  0.0  0.0  2.3  0.0  0.0  0.0  0.0  0.0  0.0
  0.0  0.0  0.0  2.3  0.0  0.0518.0 76.6 42.8 11.3  0.0  2.3  0.0  0.0  2.3
  0.0  0.0  0.0  0.0  0.0 20.3  0.0  0.0  0.0  0.0  0.0  0.0  4.5  0.0  2.3
  6.8  0.0  0.0  4.5  0.0  0.0  2.3  9.0  0.0  2.3 58.6  2.3  0.0 65.3  2.3
  4.5  0.0  0.0  0.0  0.0  0.0  0.0  0.0  0.0  0.0  0.0  0.0  0.0  0.0  0.0
  0.0  0.0  0.0  0.0  0.0  0.0  0.0  0.0  0.0  0.0  0.0  0.0  0.0  0.0  0.0
  0.0  0.0  0.0  0.0  0.0  0.0  0.0  0.0  0.0  0.0  0.0  0.0  0.0  0.0  0.0
  0.0  0.0  0.0  0.0  0.0  0.0  0.0  0.0  0.0  0.0  0.0  0.0  0.0  0.0  0.0
  0.0  0.0  0.0  0.0  0.0  0.0  0.0  0.0 18.0  0.0 11.3  2.3  6.8  0.0  4.5
  0.0  2.3  2.3  0.0  0.0  4.5  2.3  6.8  0.0  6.8  0.0  0.0  6.8  0.0  0.0
    -30.08     -4.92      0.95     -6.61      3.10  0.0  0.0  0.0  0.0  0.0
                                      t000122_s8_p3_qjpp.txt 36.0  5.4  307
  6.5  0.0  0.0 39.1  0.0  0.0  0.0  0.0  0.0  0.0  0.0  0.0  0.0  0.0  0.0
  0.0  0.0  6.5  0.0  0.0  0.0501.6 94.5 68.4  3.3  0.0  3.3  0.0  0.0  0.0
  0.0  0.0  0.0  0.0  3.3  0.0  3.3  3.3  3.3  0.0  0.0  0.0  0.0  6.5  0.0
  0.0  0.0  3.3  0.0  0.0  9.8  0.0  6.5  0.0  0.0 78.2  0.0  3.3 45.6  0.0
 13.0  0.0  0.0  0.0  0.0  0.0  0.0  0.0  0.0  0.0  0.0  0.0  0.0  0.0  0.0
  0.0  0.0  0.0  0.0  0.0  0.0  3.3  0.0  0.0  0.0  0.0  0.0  0.0  0.0  0.0
  0.0  0.0  0.0  0.0  0.0  0.0  0.0  0.0  0.0  0.0  0.0  0.0  0.0  0.0  0.0
  3.3  0.0  0.0  3.3  0.0  0.0  0.0  0.0  0.0  0.0  0.0  0.0  0.0  0.0  0.0
  0.0  0.0  0.0  0.0  0.0  0.0  0.0  6.5  9.8  0.0  6.5  0.0  9.8  0.0  3.3
  0.0  0.0  0.0  0.0  0.0  0.0  3.3  3.3  3.3  6.5  0.0  0.0  3.3  0.0  0.0
    -29.93     -4.99      0.02     -4.78     -2.64  0.0  0.0  0.0  0.0  0.0
                                      t000122_s8_p4_qjpp.txt 26.5  5.5  133
  7.5  0.0  0.0 15.0  0.0  0.0  0.0  0.0 22.6  0.0  0.0  0.0  0.0  0.0  0.0
  0.0  0.0  0.0  7.5  0.0  0.0458.6 82.7 90.2 22.6  0.0  7.5  7.5  0.0  0.0
  0.0  0.0  0.0 15.0  0.0 22.6  0.0  0.0  0.0  0.0  0.0  0.0  0.0  0.0  0.0
  0.0  0.0  7.5  0.0  0.0  0.0  7.5  0.0  0.0  0.0 90.2 22.6  0.0 52.6  7.5
  7.5  0.0  0.0  0.0  0.0  0.0  0.0  0.0  0.0  0.0  0.0  0.0  0.0  0.0  0.0
  0.0  0.0  0.0  0.0  0.0  0.0  0.0  0.0  0.0  0.0  0.0  0.0  0.0  0.0  0.0
  0.0  0.0  0.0  0.0  0.0  0.0  0.0  0.0  0.0  0.0  0.0  0.0  0.0  0.0  0.0
  0.0  0.0  0.0  0.0  0.0  0.0  0.0  0.0  0.0  0.0  0.0  0.0  0.0  0.0  0.0
  0.0  0.0  0.0  0.0  0.0  0.0  0.0  7.5  7.5  0.0  0.0  7.5  7.5  0.0  0.0
  7.5  0.0  0.0  0.0  0.0  7.5  7.5  0.0  7.5 30.1  0.0  7.5  0.0  0.0  0.0
    -29.90     -2.15     -4.60     -6.61     -3.63  0.0  0.0  0.0  0.0  0.0
                                      t000123_s1_p1_qjpp.txt 27.8  6.0  151
  6.6  0.0  0.0 66.2  0.0  0.0  0.0  0.0 26.5  6.6  0.0  0.0  0.0  0.0  0.0
  0.0  0.0  6.6  0.0  6.6  0.0344.4145.7125.8 19.9  0.0 19.9  6.6  0.0  0.0
  0.0  0.0  0.0  0.0 19.9 19.9  6.6  0.0  0.0  0.0  0.0  6.6  6.6  6.6  0.0
  0.0  0.0  6.6  0.0  6.6  6.6  0.0  6.6  6.6  0.0139.1 26.5  0.0119.2 13.2
 19.9  0.0  0.0  0.0  0.0  0.0  0.0  0.0  0.0  0.0  0.0  0.0  0.0  0.0  0.0
  0.0  0.0  0.0  0.0  0.0  6.6  0.0  0.0  0.0  0.0  0.0  0.0  0.0  0.0  0.0
  0.0  0.0  0.0  0.0  6.6  0.0  0.0  0.0  0.0  0.0  0.0  0.0  0.0  0.0  0.0
  6.6  0.0  0.0  6.6  0.0  6.6  6.6  0.0  0.0  0.0  0.0  0.0  0.0  0.0  0.0
  0.0  0.0  0.0  0.0  0.0  0.0  0.0 26.5  0.0  0.0 13.2  0.0  6.6  0.0  0.0
  0.0  0.0  0.0  0.0  0.0  6.6  0.0 19.9  0.0 19.9  0.0  0.0  0.0  0.0  0.0
    -22.68     -0.03     -6.00     -3.96      1.52  0.0  0.0  0.0  0.0  0.0
                                     t000123_s14_p1_qjpp.txt 32.5  5.4 1768
  1.1  0.0  0.6  7.9  0.0  0.0  0.0  0.0  1.7  0.6  0.0  0.0  0.0  0.0  0.0
  0.6  0.0  0.0  1.1  0.0  0.0601.8 43.6 31.7  2.3  0.0  1.1  1.7  0.0  0.0
  0.0  0.6  0.0  0.0  0.0  3.4  0.0  0.0  1.1  0.0  0.0  0.0  0.0  0.0  0.0
  0.6  0.0  0.0  0.6  0.0  0.0  1.7  0.6  0.0  0.0 42.4  1.7  0.0 16.4  2.8
  0.0  0.0  0.0  0.0  0.0  0.0  0.0  0.0  0.0  0.0  0.0  0.0  0.0  0.0  0.0
  0.0  0.0  0.0  0.0  0.0  0.0  0.0  0.0  0.0  0.0  0.0  0.0  0.0  0.0  0.0
  0.0  0.0  0.0  0.0  0.0  0.0  0.0  0.0  0.0  0.0  0.0  0.0  0.0  0.0  0.0
  0.0  0.0  0.0  0.0  0.0  0.0  0.0  0.0  0.0  0.0  0.0  0.0  0.0  0.0  0.0
  0.0  0.0  0.0  0.0  0.0  0.0  0.0  1.1  3.4  4.5  5.7 15.3 11.9  1.1  1.1
  0.0  0.6  0.6  0.6  0.0  0.6  1.1  2.8  0.6  1.7  0.6  0.0  0.6  0.0  0.0
    -31.55     -5.12      0.99     -6.24     -3.44  0.0  0.0  1.1  0.0  0.0
                                    t000123_s14_p10_qjpp.txt 25.5  4.5  132
  7.6  0.0  0.0 22.7  0.0  0.0  0.0  0.0  7.6  0.0  0.0  0.0  0.0  0.0  0.0
  0.0  0.0  0.0  7.6  0.0  0.0431.8 68.2 22.7 37.9  0.0  0.0  0.0  0.0  0.0
  0.0  0.0  0.0  0.0  0.0  0.0 22.7  0.0  0.0  0.0  0.0  0.0  0.0 22.7  0.0
  0.0  0.0  0.0  0.0  0.0  0.0  7.6 22.7  0.0  0.0 37.9  7.6  0.0 98.5  7.6
  0.0  0.0  0.0  0.0  0.0  0.0  0.0  0.0  0.0  0.0  0.0  0.0  0.0  0.0  0.0
  0.0  0.0  0.0  0.0  0.0  0.0  0.0  0.0  0.0  0.0  0.0  0.0  0.0  0.0  0.0
  0.0  0.0  0.0  0.0  0.0  0.0  0.0  0.0  0.0  0.0  0.0  0.0  0.0  0.0  0.0
  0.0  0.0  0.0  0.0  0.0  0.0  0.0  0.0  0.0  0.0  0.0  0.0  0.0  0.0  0.0
  0.0  0.0  0.0  0.0  0.0  0.0  0.0  0.0  7.6  7.6 22.7  0.0  0.0  0.0  0.0
  0.0  0.0  0.0  0.0  0.0  0.0  0.0 15.2  0.0 15.2  0.0  0.0  0.0  0.0  0.0
    -22.72     -4.48      0.97     -6.61     -0.18  0.0  0.0  0.0  0.0  0.0
                                    t000123_s14_p11_qjpp.txt 28.5  4.8  384
  7.8  0.0  0.0 31.3  0.0  0.0  0.0  0.0  7.8  0.0  0.0  0.0  0.0  0.0  0.0
  0.0  0.0  0.0  2.6  0.0  0.0369.8 85.9 28.6 41.7  0.0  0.0  2.6  0.0  0.0
  2.6  2.6  0.0  5.2  0.0 20.8 18.2  0.0  0.0  0.0  0.0  2.6  7.8 13.0  5.2
  5.2  0.0  0.0  0.0  0.0  0.0  5.2 23.4  0.0  2.6 72.9  7.8  0.0101.6  0.0
  0.0  0.0  0.0  0.0  0.0  0.0  0.0  0.0  0.0  0.0  0.0  0.0  0.0  0.0  0.0
  0.0  0.0  0.0  0.0  0.0  0.0  0.0  0.0  0.0  0.0  0.0  0.0  0.0  0.0  0.0
  0.0  0.0  0.0  0.0  0.0  0.0  0.0  0.0  0.0  0.0  0.0  0.0  0.0  0.0  0.0
  0.0  0.0  0.0  0.0  0.0  0.0  0.0  0.0  0.0  0.0  0.0  0.0  0.0  0.0  0.0
  0.0  0.0  0.0  0.0  0.0  0.0  0.0  0.0  0.0  7.8 13.0  2.6 13.0  5.2  5.2
  0.0  2.6  0.0  0.0  0.0  5.2  2.6 13.0  2.6 26.0  0.0  0.0  0.0  0.0  0.0
    -23.54     -3.87      1.63     -5.56      8.92  0.0  0.0  0.0  0.0  0.0
                                    t000123_s14_p12_qjpp.txt 28.0  5.2  289
  0.0  3.5  0.0 34.6  0.0  0.0  3.5  3.5 10.4  0.0  0.0  0.0  0.0  0.0  0.0
  0.0  0.0  0.0  0.0  0.0  0.0501.7 65.7 34.6 20.8  0.0  0.0 13.8  0.0  3.5
  3.5  0.0  0.0  3.5  0.0  3.5  6.9  0.0  0.0  0.0  0.0  0.0  0.0  3.5  0.0
  3.5  0.0  0.0  0.0  3.5  0.0  0.0  6.9  0.0  6.9 62.3 10.4  3.5 76.1  3.5
  0.0  0.0  0.0  0.0  0.0  0.0  0.0  0.0  0.0  0.0  0.0  0.0  0.0  0.0  0.0
  0.0  0.0  0.0  0.0  0.0  0.0  0.0  0.0  0.0  0.0  0.0  0.0  0.0  0.0  0.0
  0.0  0.0  0.0  0.0  0.0  0.0  0.0  0.0  0.0  0.0  0.0  0.0  0.0  0.0  0.0
  0.0  0.0  0.0  0.0  0.0  0.0  0.0  0.0  0.0  0.0  0.0  0.0  0.0  0.0  0.0
  0.0  0.0  0.0  0.0  0.0  0.0  0.0  3.5  0.0  0.0 10.4  3.5  0.0  6.9  3.5
  0.0 10.4  0.0  0.0  0.0  3.5  0.0 34.6  0.0 13.8  0.0  0.0  0.0  0.0  0.0
    -26.42     -2.48      4.66     -6.61     -1.99  0.0  0.0  0.0  0.0  0.0
                                    t000123_s14_p13_qjpp.txt 36.5  5.2  278
  3.6  0.0  0.0 10.8  0.0  0.0  0.0  0.0 14.4  0.0  0.0  0.0  0.0  0.0  0.0
  0.0  0.0  0.0  3.6  0.0  0.0420.9 79.1 57.6 28.8  0.0  0.0  3.6  0.0  0.0
  0.0  0.0  0.0  3.6  3.6 14.4  7.2  0.0  0.0  0.0  0.0  0.0 14.4  7.2  0.0
  3.6  0.0  0.0  0.0  0.0  0.0  3.6 10.8  0.0  0.0 82.7 14.4  0.0 75.5 10.8
  0.0  0.0  0.0  0.0  0.0  0.0  0.0  0.0  0.0  0.0  0.0  0.0  0.0  0.0  0.0
  0.0  0.0  0.0  0.0  0.0  0.0  0.0  0.0  0.0  0.0  0.0  0.0  0.0  0.0  0.0
  0.0  0.0  0.0  0.0  0.0  0.0  0.0  0.0  0.0  0.0  0.0  0.0  0.0  0.0  0.0
  0.0  0.0  0.0  0.0  0.0  0.0  0.0  0.0  0.0  0.0  0.0  0.0  0.0  0.0  0.0
  0.0  0.0  0.0  0.0  0.0  0.0  0.0  3.6  7.2  0.0  7.2 10.8 14.4  0.0  0.0
  0.0  3.6  0.0  0.0  0.0  0.0  3.6 18.0  3.6  7.2  0.0  0.0  3.6  0.0  0.0
    -27.71     -4.11     -1.93     -6.61      7.62  0.0  0.0  0.0  0.0  0.0
                                    t000123_s14_p14_qjpp.txt 34.3  5.6  203
  0.0  0.0  0.0  9.9  0.0  0.0  0.0  0.0 14.8  0.0  0.0  0.0  0.0  0.0  0.0
  0.0  0.0  0.0  4.9  0.0  4.9453.2 93.6 39.4 49.3  0.0  0.0  0.0  0.0  0.0
  0.0  0.0  0.0  4.9 14.8  4.9  9.9  0.0  0.0  0.0  0.0  0.0  0.0  4.9  0.0
  0.0  0.0  0.0  4.9  0.0  0.0  4.9  4.9  0.0  0.0 59.1 14.8  0.0 88.7 14.8
  0.0  0.0  0.0  0.0  0.0  0.0  0.0  0.0  0.0  0.0  0.0  0.0  0.0  0.0  0.0
  0.0  0.0  0.0  0.0  0.0  0.0  0.0  0.0  0.0  0.0  0.0  0.0  0.0  0.0  0.0
  0.0  0.0  0.0  0.0  0.0  0.0  0.0  0.0  0.0  0.0  0.0  0.0  0.0  0.0  0.0
  0.0  0.0  0.0  0.0  0.0  0.0  0.0  0.0  0.0  0.0  0.0  0.0  0.0  0.0  0.0
  0.0  4.9  0.0  0.0  0.0  0.0  0.0 19.7  4.9  0.0  0.0  4.9  0.0  0.0  0.0
  0.0  0.0  0.0  0.0  0.0  4.9  0.0 29.6  0.0  0.0  4.9  0.0  4.9  0.0  0.0
    -27.60     -4.11     -5.06     -6.61     -2.88  0.0  0.0  0.0  0.0  0.0
                                    t000123_s14_p15_qjpp.txt 30.3  5.1  320
  3.1  0.0  0.0 28.1  0.0  0.0  0.0  0.0 12.5  0.0  3.1  0.0  0.0  0.0  0.0
  0.0  0.0  6.3  9.4  0.0  0.0406.3 96.9 46.9 28.1  0.0  3.1  0.0  0.0  3.1
  0.0  3.1  0.0  0.0  0.0 12.5 12.5  3.1  0.0  0.0  0.0  0.0  3.1  6.3  0.0
  3.1  0.0  0.0  6.3  3.1  9.4 12.5  9.4  0.0  3.1 65.6 12.5  3.1 71.9  0.0
  6.3  0.0  0.0  0.0  0.0  0.0  0.0  0.0  0.0  0.0  0.0  0.0  0.0  0.0  0.0
  0.0  0.0  0.0  0.0  0.0  0.0  3.1  0.0  0.0  0.0  0.0  0.0  0.0  0.0  0.0
  0.0  0.0  0.0  3.1  0.0  0.0  0.0  0.0  0.0  0.0  0.0  0.0  0.0  0.0  0.0
  3.1  0.0  0.0  3.1  3.1  0.0  3.1  0.0  0.0  0.0  0.0  0.0  0.0  0.0  0.0
  0.0  0.0  0.0  0.0  0.0  0.0  0.0 21.9  6.3  3.1 15.6 15.6  3.1  3.1  0.0
  0.0  0.0  0.0  0.0  0.0  9.4  0.0  9.4  6.3  3.1  3.1  3.1  9.4  0.0  0.0
    -23.45     -4.20      2.98     -5.86      0.28  0.0  0.0  0.0  0.0  0.0
                                    t000123_s14_p16_qjpp.txt 32.3  4.9  240
  4.2  0.0  0.0  8.3  0.0  0.0  0.0  0.0  8.3  0.0  0.0  0.0  0.0  0.0  0.0
  0.0  0.0  0.0  4.2  0.0  0.0395.8108.3 54.2 50.0  0.0  0.0  0.0  0.0  0.0
  0.0  0.0  0.0  4.2  4.2 16.7  4.2  4.2  0.0  0.0  0.0  4.2  0.0 20.8  4.2
  4.2  0.0  0.0  0.0  0.0  4.2  4.2 29.2  0.0  0.0 87.5  8.3  0.0 66.7  0.0
  4.2  0.0  0.0  0.0  0.0  0.0  0.0  0.0  0.0  0.0  0.0  0.0  0.0  0.0  0.0
  0.0  0.0  0.0  0.0  0.0  0.0  0.0  0.0  0.0  0.0  0.0  0.0  0.0  0.0  0.0
  0.0  0.0  0.0  0.0  0.0  0.0  0.0  0.0  0.0  0.0  0.0  0.0  0.0  0.0  0.0
  0.0  0.0  0.0  0.0  0.0  0.0  0.0  0.0  0.0  0.0  0.0  0.0  0.0  0.0  0.0
  0.0  0.0  0.0  0.0  0.0  0.0  0.0 20.8  4.2  4.2 20.8  8.3 16.7  4.2  0.0
  0.0  0.0  0.0  0.0  0.0  8.3  4.2  4.2  0.0 12.5  0.0  0.0  4.2  4.2  0.0
    -27.29     -4.08     -2.39     -3.95      4.08  0.0  0.0  0.0  0.0  0.0
                                    t000123_s14_p17_qjpp.txt 24.3  4.4  152
  0.0  0.0  0.0 32.9  0.0  0.0  0.0  0.0  6.6  6.6  0.0  0.0  0.0  6.6  0.0
  0.0  0.0  0.0  0.0  0.0  0.0401.3105.3 26.3 32.9 13.2  0.0  6.6  0.0  0.0
  0.0  0.0  0.0  0.0  0.0  6.6  6.6  0.0  6.6 13.2  0.0  0.0  0.0 19.7  0.0
  0.0  0.0  0.0  6.6  0.0  0.0 13.2 19.7  0.0  0.0 52.6 19.7  0.0 78.9  0.0
  0.0  0.0  0.0  0.0  0.0  0.0  0.0  0.0  0.0  0.0  0.0  0.0  0.0  0.0  0.0
  0.0  0.0  0.0  0.0  0.0  0.0  6.6  0.0  0.0  0.0  0.0  0.0  0.0  0.0  0.0
  6.6  0.0  0.0  0.0  0.0  0.0  0.0  0.0  0.0  0.0  6.6  0.0  0.0  0.0  0.0
  6.6  0.0  0.0  6.6  6.6  0.0  6.6  6.6  0.0  0.0  0.0  0.0  0.0  0.0  0.0
  0.0  0.0  0.0  0.0  0.0  0.0  0.0 13.2  0.0  0.0 13.2  6.6 32.9  0.0  0.0
  0.0  0.0  0.0  0.0  0.0  6.6  0.0  6.6  6.6  6.6  0.0  0.0  0.0  0.0  0.0
    -21.08     -2.84      0.60      1.50     -0.64  0.0  0.0  0.0  0.0  0.0
                                    t000123_s14_p18_qjpp.txt 10.3  4.9   71
 28.2  0.0  0.0  0.0  0.0  0.0  0.0  0.0 14.1  0.0  0.0  0.0  0.0  0.0  0.0
  0.0  0.0  0.0  0.0  0.0  0.0450.7126.8 42.3 56.3  0.0  0.0  0.0  0.0  0.0
  0.0  0.0  0.0  0.0  0.0 28.2 14.1  0.0  0.0  0.0  0.0  0.0  0.0  0.0  0.0
  0.0  0.0  0.0  0.0  0.0  0.0  0.0  0.0  0.0  0.0 70.4 14.1  0.0 56.3  0.0
  0.0  0.0  0.0  0.0  0.0  0.0  0.0  0.0  0.0  0.0  0.0  0.0  0.0  0.0  0.0
  0.0  0.0  0.0  0.0  0.0  0.0 14.1  0.0  0.0  0.0  0.0  0.0  0.0  0.0  0.0
 14.1  0.0  0.0  0.0  0.0  0.0  0.0  0.0  0.0  0.0  0.0  0.0  0.0  0.0  0.0
 14.1  0.0  0.0 14.1 14.1  0.0 14.1  0.0  0.0  0.0  0.0  0.0  0.0  0.0  0.0
  0.0  0.0  0.0  0.0  0.0  0.0  0.0 28.2  0.0  0.0  0.0  0.0 56.3 56.3 14.1
  0.0  0.0  0.0  0.0  0.0  0.0  0.0  0.0 14.1 28.2  0.0  0.0  0.0  0.0  0.0
    -27.55     -3.87     -0.63     -6.61     -3.63  0.0  0.0  0.0  0.0  0.0
                                    t000123_s14_p19_qjpp.txt 16.5  5.5  105
  0.0  0.0  0.0  9.5  0.0  0.0  0.0  0.0 28.6  0.0  0.0  0.0  0.0  0.0  0.0
  0.0  0.0  0.0  9.5  0.0  0.0352.4 95.2  9.5 95.2  0.0  0.0  0.0  0.0  0.0
  0.0  0.0  0.0  9.5  0.0 19.0  9.5  0.0  0.0  0.0  0.0  0.0  0.0 19.0  0.0
  0.0  0.0  0.0  0.0  0.0  0.0  9.5 19.0  0.0  0.0 38.1 28.6  0.0114.3  9.5
  0.0  0.0  0.0  0.0  0.0  0.0  0.0  0.0  0.0  0.0  0.0  0.0  0.0  0.0  0.0
  0.0  0.0  0.0  0.0  0.0  0.0  0.0  0.0  0.0  0.0  0.0  0.0  0.0  0.0  0.0
  0.0  0.0  0.0  0.0  0.0  0.0  0.0  0.0  0.0  0.0  9.5  0.0  0.0  0.0  0.0
  0.0  0.0  0.0  0.0  0.0  0.0  0.0  9.5  0.0  0.0  0.0  0.0  0.0  0.0  0.0
  0.0  0.0  0.0  0.0  0.0  0.0  0.0 57.1  0.0  0.0  9.5  0.0 19.0  0.0  0.0
  0.0  0.0  0.0  0.0  0.0  9.5  0.0  9.5  0.0 19.0  0.0  0.0  0.0  0.0  0.0
    -23.26     -2.59     -2.83     -6.61     -0.74  0.0  0.0  0.0  0.0  0.0
                                     t000123_s14_p2_qjpp.txt  4.8  5.9   22
  0.0  0.0  0.0 90.9  0.0  0.0  0.0  0.0  0.0  0.0  0.0  0.0  0.0  0.0  0.0
  0.0  0.0  0.0  0.0  0.0  0.0409.1 90.9  0.0  0.0  0.0  0.0  0.0  0.0  0.0
  0.0  0.0  0.0  0.0  0.0  0.0  0.0 45.5  0.0  0.0 45.5  0.0  0.0 45.5 45.5
  0.0  0.0  0.0  0.0  0.0 90.9  0.0 90.9  0.0  0.0  0.0  0.0  0.0 90.9  0.0
  0.0  0.0  0.0  0.0  0.0  0.0  0.0  0.0  0.0  0.0  0.0  0.0  0.0  0.0  0.0
  0.0  0.0  0.0  0.0  0.0  0.0  0.0  0.0  0.0  0.0  0.0  0.0  0.0  0.0  0.0
  0.0  0.0  0.0  0.0  0.0  0.0  0.0  0.0  0.0  0.0  0.0  0.0  0.0  0.0  0.0
  0.0  0.0  0.0  0.0  0.0  0.0  0.0  0.0  0.0  0.0  0.0  0.0  0.0  0.0  0.0
  0.0  0.0  0.0  0.0  0.0  0.0  0.0  0.0  0.0  0.0 90.9  0.0 45.5  0.0  0.0
  0.0  0.0  0.0  0.0  0.0  0.0  0.0  0.0  0.0  0.0  0.0  0.0  0.0  0.0  0.0
    -25.91     -5.73      0.97     25.86     38.23  0.0  0.0  0.0  0.0  0.0
                                    t000123_s14_p20_qjpp.txt 26.3  4.9  216
  0.0  0.0  0.0 55.6  0.0  0.0  4.6  0.0 18.5  0.0  0.0  0.0  0.0  0.0  0.0
  0.0  0.0  9.3 13.9  0.0  0.0310.2134.3 60.2 13.9  0.0  4.6  4.6  0.0  0.0
  0.0  4.6  0.0  4.6 13.9 18.5  9.3  0.0  0.0 13.9  0.0  4.6  0.0 18.5  0.0
  4.6  4.6  0.0  4.6  0.0  9.3 37.0 23.1  0.0  0.0 83.3 18.5  0.0 78.7  4.6
  0.0  0.0  0.0  0.0  0.0  0.0  0.0  0.0  0.0  0.0  0.0  0.0  0.0  0.0  0.0
  0.0  0.0  0.0  0.0  0.0  0.0  4.6  0.0  0.0  0.0  0.0  0.0  0.0  0.0  0.0
  4.6  0.0  0.0  0.0  0.0  0.0  0.0  0.0  0.0  0.0  0.0  0.0  0.0  0.0  0.0
  4.6  0.0  0.0  4.6  4.6  0.0  4.6  0.0  0.0  0.0  0.0  0.0  0.0  0.0  0.0
  0.0  0.0  0.0  0.0  0.0  0.0  0.0 46.3  0.0  4.6 32.4  0.0 13.9  0.0  0.0
  0.0  4.6  0.0  0.0  0.0  9.3  0.0  9.3  0.0  9.3  0.0  4.6  4.6  0.0  0.0
    -19.29     -3.52     -3.77      1.56      0.67  0.0  0.0  4.6  0.0  0.0
                                    t000123_s14_p21_qjpp.txt 13.8  4.7   77
  0.0  0.0  0.0 26.0  0.0  0.0  0.0  0.0 39.0 13.0  0.0  0.0  0.0  0.0  0.0
  0.0  0.0 13.0 13.0  0.0  0.0272.7181.8 39.0 26.0  0.0  0.0  0.0  0.0  0.0
  0.0  0.0  0.0 26.0 39.0 13.0  0.0  0.0  0.0  0.0  0.0  0.0 13.0  0.0  0.0
  0.0  0.0  0.0  0.0  0.0 13.0 13.0  0.0  0.0  0.0 51.9 39.0  0.0 51.9  0.0
  0.0  0.0  0.0  0.0  0.0  0.0  0.0  0.0  0.0  0.0  0.0  0.0  0.0  0.0  0.0
  0.0  0.0  0.0  0.0  0.0  0.0  0.0  0.0  0.0  0.0  0.0  0.0  0.0  0.0  0.0
  0.0  0.0  0.0  0.0  0.0  0.0  0.0  0.0  0.0  0.0  0.0  0.0  0.0  0.0  0.0
  0.0  0.0  0.0  0.0  0.0  0.0  0.0  0.0  0.0  0.0  0.0  0.0  0.0  0.0  0.0
  0.0  0.0  0.0  0.0  0.0  0.0  0.0 51.9  0.0  0.0 39.0  0.0  0.0  0.0  0.0
  0.0  0.0  0.0  0.0  0.0  0.0  0.0 13.0  0.0  0.0  0.0  0.0  0.0  0.0  0.0
    -16.90     -4.87    -18.64     -6.61      4.49  0.0  0.0  0.0  0.0  0.0
                                    t000123_s14_p22_qjpp.txt 22.0  5.1  122
  0.0  0.0  0.0 16.4  0.0  0.0  8.2  0.0  0.0  0.0  0.0  0.0  0.0  0.0  0.0
  0.0  0.0  0.0  0.0  0.0  0.0508.2 82.0 24.6 32.8  0.0  0.0  8.2  0.0  0.0
  0.0  0.0  0.0  0.0  0.0  0.0  0.0  0.0 16.4  0.0  0.0  0.0  0.0  0.0  0.0
  8.2  0.0  0.0  8.2  0.0  0.0  0.0  8.2  0.0  0.0 41.0  0.0  0.0 73.8  0.0
  0.0  0.0  0.0  0.0  0.0  0.0  0.0  0.0  0.0  0.0  0.0  0.0  0.0  0.0  0.0
  0.0  0.0  0.0  0.0  0.0  0.0  0.0  0.0  0.0  0.0  0.0  0.0  0.0  0.0  0.0
  0.0  0.0  0.0  0.0  0.0  0.0  0.0  0.0  0.0  0.0  0.0  0.0  0.0  0.0  0.0
  0.0  0.0  0.0  0.0  0.0  0.0  0.0  0.0  0.0  0.0  0.0  0.0  0.0  0.0  0.0
  0.0  0.0  0.0  0.0  0.0  0.0  0.0 16.4  0.0  8.2 32.8 16.4 32.8  8.2  0.0
  0.0  0.0  0.0  0.0  0.0  0.0  0.0 16.4  8.2  8.2  0.0  0.0  8.2  0.0  0.0
    -28.19     -3.13      0.97     -1.32     -0.98  0.0  0.0  0.0  0.0  0.0
                                    t000123_s14_p23_qjpp.txt 29.0  4.7  255
  0.0  0.0  0.0 35.3  0.0  0.0  0.0  3.9 11.8  0.0  0.0  0.0  0.0  0.0  0.0
  0.0  0.0 11.8 11.8  0.0  0.0329.4 82.4 31.4 39.2  3.9  0.0  0.0  0.0  0.0
  0.0  0.0  0.0  3.9  0.0 11.8 15.7  0.0  0.0  3.9  0.0 15.7  3.9 31.4  7.8
  0.0  0.0  0.0 23.5  7.8 11.8 15.7 39.2  0.0  0.0 58.8 15.7  0.0 90.2  0.0
 11.8  0.0  0.0  0.0  0.0  0.0  0.0  0.0  0.0  0.0  0.0  0.0  0.0  0.0  0.0
  0.0  0.0  0.0  0.0  0.0  0.0  3.9  0.0  0.0  3.9  0.0  0.0  0.0  0.0  0.0
  3.9  0.0  0.0  0.0  3.9  0.0  0.0  0.0  0.0  0.0  0.0  0.0  0.0  0.0  0.0
  3.9  3.9  0.0  7.8  3.9  3.9  7.8  0.0  0.0  0.0  0.0  0.0  0.0  0.0  0.0
  0.0  0.0  0.0  0.0  0.0  0.0  0.0  3.9 15.7  0.0  7.8  0.0  3.9  0.0  0.0
  0.0  0.0  0.0  0.0  0.0  0.0  0.0 15.7  0.0 23.5  3.9  0.0  0.0  0.0  0.0
    -16.51     -4.26     -0.82      1.45      9.61  3.9  0.0  0.0  0.0  0.0
                                    t000123_s14_p24_qjpp.txt 15.3  4.9   79
 12.7  0.0  0.0 50.6  0.0  0.0  0.0  0.0 12.7  0.0  0.0  0.0  0.0  0.0  0.0
  0.0  0.0 12.7 12.7  0.0  0.0316.5101.3 38.0 50.6  0.0  0.0  0.0  0.0  0.0
  0.0 12.7  0.0  0.0 25.3 12.7  0.0  0.0  0.0  0.0  0.0 12.7  0.0 25.3  0.0
  0.0 12.7 12.7  0.0  0.0 12.7 38.0 25.3  0.0  0.0 50.6 12.7  0.0 88.6  0.0
  0.0  0.0  0.0  0.0  0.0  0.0  0.0  0.0  0.0  0.0  0.0  0.0  0.0  0.0  0.0
  0.0  0.0  0.0  0.0  0.0  0.0  0.0  0.0  0.0  0.0  0.0  0.0  0.0  0.0  0.0
  0.0  0.0  0.0  0.0  0.0  0.0  0.0  0.0  0.0  0.0  0.0  0.0  0.0  0.0  0.0
  0.0  0.0  0.0  0.0  0.0  0.0  0.0  0.0  0.0  0.0  0.0  0.0  0.0  0.0  0.0
  0.0  0.0  0.0  0.0  0.0  0.0  0.0  0.0 12.7 12.7 25.3  0.0  0.0  0.0  0.0
  0.0 12.7  0.0  0.0  0.0  0.0  0.0  0.0  0.0 25.3 12.7  0.0 12.7  0.0  0.0
    -16.37     -4.06     -2.50     -1.54      0.21  0.0  0.0  0.0  0.0  0.0
                                    t000123_s14_p25_qjpp.txt 19.3  5.3   98
  0.0  0.0  0.0  0.0  0.0  0.0  0.0  0.0  0.0  0.0  0.0  0.0  0.0  0.0  0.0
  0.0  0.0  0.0 10.2  0.0  0.0530.6 40.8 20.4 30.6  0.0  0.0  0.0  0.0  0.0
  0.0  0.0  0.0  0.0  0.0  0.0 10.2  0.0  0.0  0.0  0.0  0.0  0.0  0.0  0.0
  0.0  0.0  0.0 10.2  0.0  0.0 10.2  0.0  0.0  0.0 30.6  0.0  0.0 40.8  0.0
  0.0  0.0  0.0  0.0  0.0  0.0  0.0  0.0  0.0  0.0  0.0  0.0  0.0  0.0  0.0
  0.0  0.0  0.0  0.0  0.0  0.0  0.0  0.0  0.0  0.0  0.0  0.0  0.0  0.0  0.0
  0.0  0.0  0.0  0.0  0.0  0.0  0.0  0.0  0.0  0.0  0.0  0.0  0.0  0.0  0.0
  0.0  0.0  0.0  0.0  0.0  0.0  0.0  0.0  0.0  0.0  0.0  0.0  0.0  0.0  0.0
  0.0  0.0  0.0  0.0  0.0  0.0  0.0 20.4 20.4  0.0  0.0 10.2 10.2 10.2  0.0
  0.0  0.0  0.0  0.0  0.0  0.0  0.0 10.2  0.0  0.0  0.0  0.0  0.0  0.0  0.0
    -27.51     -4.72      0.97     -6.61     -3.63  0.0  0.0  0.0  0.0  0.0
                                    t000123_s14_p26_qjpp.txt 33.0  5.1  453
  2.2  0.0  0.0 15.5  0.0  0.0  0.0  0.0 15.5  2.2  0.0  0.0  0.0  0.0  0.0
  0.0  0.0  2.2  4.4  0.0  0.0399.6106.0 48.6 33.1  0.0  6.6  0.0  0.0  2.2
  2.2  2.2  0.0  4.4  6.6 33.1 11.0  0.0  0.0  2.2  0.0  2.2  4.4 13.2  0.0
  4.4  2.2  0.0  4.4  2.2  2.2 11.0 17.7  0.0  4.4 59.6 15.5  0.0 81.7  2.2
  6.6  0.0  0.0  0.0  0.0  0.0  0.0  0.0  0.0  0.0  0.0  0.0  0.0  0.0  0.0
  0.0  0.0  0.0  0.0  0.0  0.0  0.0  0.0  0.0  0.0  0.0  0.0  0.0  0.0  0.0
  0.0  0.0  0.0  0.0  0.0  0.0  0.0  0.0  0.0  0.0  0.0  0.0  0.0  0.0  0.0
  0.0  0.0  0.0  0.0  0.0  0.0  0.0  0.0  0.0  0.0  0.0  0.0  0.0  0.0  0.0
  0.0  0.0  0.0  0.0  0.0  0.0  0.0 17.7 17.7  0.0 15.5 26.5 17.7  2.2  0.0
  0.0  2.2  0.0  0.0  0.0 13.2  0.0 24.3  0.0  4.4  4.4  0.0  2.2  0.0  0.0
    -26.39     -3.36     -0.19     -4.72      2.56  0.0  0.0  2.2  0.0  0.0
                                    t000123_s14_p27_qjpp.txt 13.0  4.6   66
  0.0  0.0  0.0 15.2  0.0  0.0  0.0  0.0  0.0  0.0  0.0  0.0  0.0  0.0  0.0
  0.0  0.0  0.0 15.2  0.0  0.0378.8106.1 30.3 30.3  0.0  0.0  0.0  0.0  0.0
  0.0  0.0  0.0  0.0  0.0 15.2  0.0  0.0  0.0  0.0  0.0  0.0  0.0 15.2  0.0
 15.2 15.2  0.0  0.0  0.0  0.0 30.3 30.3  0.0  0.0 30.3  0.0  0.0 90.9 15.2
  0.0  0.0  0.0  0.0  0.0  0.0  0.0  0.0  0.0  0.0  0.0  0.0  0.0  0.0  0.0
  0.0  0.0  0.0  0.0  0.0  0.0  0.0  0.0  0.0  0.0  0.0  0.0  0.0  0.0  0.0
  0.0  0.0  0.0  0.0  0.0  0.0  0.0  0.0  0.0  0.0  0.0  0.0  0.0  0.0  0.0
  0.0  0.0  0.0  0.0  0.0  0.0  0.0  0.0  0.0  0.0  0.0  0.0  0.0  0.0  0.0
  0.0  0.0  0.0  0.0  0.0  0.0  0.0 30.3  0.0  0.0 15.2  0.0  0.0  0.0  0.0
  0.0  0.0  0.0  0.0  0.0 15.2  0.0  0.0  0.0 15.2  0.0  0.0 15.2  0.0  0.0
    -23.07     -4.73      0.11     -6.61      3.56  0.0  0.0  0.0  0.0  0.0
                                    t000123_s14_p28_qjpp.txt 17.5  5.4   85
  0.0  0.0  0.0  0.0  0.0  0.0  0.0 11.8 11.8  0.0  0.0  0.0  0.0  0.0  0.0
  0.0  0.0  0.0  0.0  0.0  0.0494.1 58.8 35.3 35.3  0.0  0.0  0.0  0.0  0.0
  0.0  0.0  0.0  0.0  0.0 23.5 11.8  0.0  0.0  0.0  0.0  0.0  0.0  0.0  0.0
  0.0  0.0  0.0  0.0  0.0  0.0  0.0  0.0  0.0  0.0 35.3 11.8  0.0 70.6  0.0
  0.0  0.0  0.0  0.0  0.0  0.0  0.0  0.0  0.0  0.0  0.0  0.0  0.0  0.0  0.0
  0.0  0.0  0.0  0.0  0.0  0.0  0.0  0.0  0.0  0.0  0.0  0.0  0.0  0.0  0.0
  0.0  0.0  0.0  0.0  0.0  0.0  0.0  0.0  0.0  0.0  0.0  0.0  0.0  0.0  0.0
  0.0  0.0  0.0  0.0  0.0  0.0  0.0  0.0  0.0  0.0  0.0  0.0  0.0  0.0  0.0
  0.0  0.0  0.0  0.0  0.0  0.0  0.0 35.3  0.0  0.0  0.0 47.1 11.8  0.0  0.0
  0.0  0.0  0.0  0.0  0.0 11.8  0.0 23.5 11.8 11.8  0.0 11.8  0.0  0.0  0.0
    -27.16     -4.57     -0.36     -6.61     -3.63  0.0  0.0  0.0  0.0  0.0
                                    t000123_s14_p29_qjpp.txt 33.8  5.0  222
  4.5  0.0  0.0 18.0  0.0  0.0  0.0  0.0 18.0  4.5  0.0  0.0  0.0  0.0  0.0
  0.0  0.0  0.0  9.0  0.0  0.0364.9112.6 36.0 49.5  0.0  9.0  0.0  0.0  0.0
  0.0  0.0  0.0  9.0  4.5 36.0  9.0  0.0  0.0  0.0  0.0  4.5  0.0 18.0  0.0
  4.5  4.5  0.0  4.5  0.0  0.0 13.5 22.5  0.0  0.0 45.0 18.0  4.5 90.1  0.0
 13.5  0.0  0.0  0.0  0.0  0.0  0.0  0.0  0.0  0.0  0.0  0.0  0.0  0.0  0.0
  0.0  0.0  0.0  0.0  0.0  0.0  0.0  0.0  0.0  0.0  0.0  0.0  0.0  0.0  0.0
  0.0  0.0  0.0  0.0  0.0  0.0  0.0  0.0  0.0  0.0  0.0  0.0  0.0  0.0  0.0
  0.0  0.0  0.0  0.0  0.0  0.0  0.0  0.0  0.0  0.0  0.0  0.0  0.0  0.0  0.0
  0.0  0.0  0.0  0.0  0.0  0.0  0.0 27.0  9.0  0.0  9.0 18.0 18.0  0.0  0.0
  0.0  4.5  0.0  0.0  0.0  9.0  0.0 27.0  0.0  9.0  4.5  0.0  0.0  4.5  0.0
    -23.75     -2.37     -4.97     -4.80      0.56  0.0  0.0  0.0  0.0  0.0
                                    t000123_s14_p30_qjpp.txt 20.8  5.2  117
  0.0  0.0  0.0 17.1  0.0  0.0  0.0  0.0 17.1  0.0  0.0  0.0  0.0  0.0  0.0
  0.0  0.0  0.0  8.5  0.0  0.0427.4 76.9 25.6 42.7  0.0  8.5  0.0  0.0  0.0
  0.0  0.0  0.0  8.5  0.0  8.5  8.5  0.0  0.0  0.0  0.0  8.5  0.0  8.5  0.0
  8.5  8.5  0.0  0.0  0.0  0.0 17.1 17.1  0.0  0.0 25.6 17.1  0.0111.1  8.5
  8.5  0.0  0.0  0.0  0.0  0.0  0.0  0.0  0.0  0.0  0.0  0.0  0.0  0.0  0.0
  0.0  0.0  0.0  0.0  0.0  0.0  0.0  0.0  0.0  0.0  0.0  0.0  0.0  0.0  0.0
  0.0  0.0  0.0  0.0  0.0  0.0  0.0  0.0  0.0  0.0  0.0  0.0  0.0  0.0  0.0
  0.0  0.0  0.0  0.0  0.0  0.0  0.0  0.0  0.0  0.0  0.0  0.0  0.0  0.0  0.0
  0.0  0.0  0.0  0.0  0.0  0.0  0.0  0.0  0.0 17.1  8.5 59.8  0.0 17.1  0.0
  0.0  0.0  0.0  0.0  0.0  0.0  0.0 51.3  0.0  0.0  0.0  0.0 17.1  0.0  0.0
    -25.30     -2.68     -1.95     -3.19      0.43  0.0  0.0  0.0  0.0  0.0
                                    t000123_s14_p31_qjpp.txt 14.5  5.1   75
  0.0  0.0  0.0 26.7  0.0  0.0  0.0  0.0 26.7  0.0  0.0  0.0  0.0  0.0  0.0
 13.3  0.0  0.0  0.0  0.0  0.0360.0146.7  0.0 40.0  0.0  0.0 13.3  0.0  0.0
  0.0  0.0  0.0 13.3  0.0  0.0  0.0  0.0  0.0  0.0  0.0 13.3  0.0  0.0  0.0
 26.7  0.0  0.0  0.0  0.0  0.0  0.0 26.7  0.0  0.0 40.0 26.7  0.0 80.0  0.0
 13.3  0.0  0.0  0.0  0.0  0.0  0.0  0.0  0.0  0.0  0.0  0.0  0.0  0.0  0.0
  0.0  0.0  0.0  0.0  0.0  0.0  0.0  0.0  0.0  0.0  0.0  0.0  0.0  0.0  0.0
  0.0  0.0  0.0  0.0  0.0  0.0  0.0  0.0  0.0  0.0  0.0  0.0  0.0  0.0  0.0
  0.0  0.0  0.0  0.0  0.0  0.0  0.0  0.0  0.0  0.0  0.0  0.0  0.0  0.0  0.0
  0.0  0.0  0.0  0.0  0.0  0.0  0.0  0.0 13.3  0.0 26.7 53.3  0.0  0.0  0.0
  0.0  0.0  0.0  0.0  0.0  0.0  0.0 26.7 13.3  0.0  0.0  0.0  0.0  0.0  0.0
    -20.35     -1.94     -2.84     -1.27      4.98  0.0  0.0  0.0  0.0  0.0
                                    t000123_s14_p32_qjpp.txt 23.5  5.4  157
  0.0  0.0  0.0 12.7  0.0  0.0  0.0  0.0 25.5  0.0  0.0  0.0  0.0  0.0  0.0
  0.0  0.0  0.0  0.0  0.0  0.0375.8114.6 57.3 51.0  0.0 12.7  0.0  0.0  6.4
  0.0  0.0  0.0  6.4  6.4 19.1  6.4  0.0  0.0  0.0  0.0  6.4  0.0  6.4  0.0
  0.0  0.0  0.0  0.0  0.0  0.0  0.0  6.4  0.0  6.4 63.7 25.5  0.0 95.5  6.4
  6.4  0.0  0.0  0.0  0.0  0.0  0.0  0.0  0.0  0.0  0.0  0.0  0.0  0.0  0.0
  0.0  0.0  0.0  0.0  0.0  0.0  0.0  0.0  0.0  0.0  0.0  0.0  0.0  0.0  0.0
  0.0  0.0  0.0  0.0  0.0  0.0  0.0  0.0  0.0  0.0  0.0  0.0  0.0  0.0  0.0
  0.0  0.0  0.0  0.0  0.0  0.0  0.0  0.0  0.0  0.0  0.0  0.0  0.0  0.0  0.0
  0.0  6.4  0.0  0.0  0.0  0.0  0.0 12.7  0.0 12.7 12.7 25.5  6.4 12.7  0.0
  0.0  0.0  0.0  0.0  0.0  6.4  0.0 19.1  0.0  0.0  0.0  0.0  0.0  0.0  0.0
    -28.92     -1.60     -0.62     -4.06     -2.66  0.0  0.0  0.0  0.0  0.0
                                    t000123_s14_p33_qjpp.txt 34.0  4.9  245
  4.1  0.0  0.0 12.2  0.0  0.0  0.0  0.0  4.1  0.0  0.0  4.1  0.0  0.0  0.0
  0.0  0.0  0.0  0.0  0.0  0.0498.0 61.2 49.0  4.1  0.0  0.0  0.0  0.0  0.0
  0.0  0.0  0.0  0.0  0.0  4.1  4.1  0.0  0.0  0.0  0.0  0.0  0.0  0.0  0.0
  4.1  0.0  0.0  0.0  0.0  0.0  4.1  4.1  0.0  0.0 49.0  4.1  0.0 24.5  4.1
  0.0  0.0  0.0  0.0  0.0  0.0  0.0  0.0  0.0  0.0  0.0  0.0  0.0  0.0  0.0
  0.0  0.0  0.0  0.0  0.0  0.0  0.0  0.0  0.0  0.0  0.0  0.0  0.0  0.0  0.0
  0.0  0.0  0.0  0.0  0.0  0.0  0.0  0.0  0.0  0.0  4.1  0.0  0.0  0.0  0.0
  0.0  0.0  0.0  0.0  0.0  0.0  0.0  4.1  0.0  0.0  0.0  0.0  0.0  0.0  0.0
  0.0  0.0  0.0  0.0  0.0  0.0  0.0  4.1  4.1  0.0  8.2 24.5  0.0  0.0  4.1
  0.0  0.0  0.0  0.0  0.0  0.0  0.0 12.2  0.0  0.0  0.0  0.0  4.1  0.0  0.0
    -26.60     -5.59      0.74     -6.61     -2.31  0.0  0.0  0.0  0.0  0.0
                                    t000123_s14_p34_qjpp.txt 30.3  4.9  382
  5.2  0.0  0.0 28.8  0.0  0.0  0.0  0.0  7.9  2.6  0.0  0.0  0.0  0.0  0.0
  0.0  0.0  2.6  2.6  0.0  0.0390.1104.7 31.4 39.3  5.2  0.0  0.0  0.0  0.0
  0.0  0.0  0.0  2.6  0.0 10.5  2.6  5.2  0.0  0.0  0.0  0.0  2.6  5.2  2.6
  0.0  5.2  0.0  2.6 13.1  7.9  7.9  7.9  0.0  0.0 57.6 13.1  0.0 68.1  2.6
  0.0  0.0  0.0  0.0  0.0  0.0  0.0  0.0  0.0  0.0  0.0  0.0  0.0  0.0  0.0
  0.0  0.0  0.0  0.0  0.0  0.0  0.0  0.0  0.0  0.0  0.0  0.0  0.0  0.0  0.0
  0.0  0.0  0.0  0.0  0.0  0.0  0.0  0.0  0.0  0.0  0.0  0.0  0.0  0.0  0.0
  0.0  0.0  0.0  0.0  0.0  0.0  0.0  0.0  0.0  0.0  0.0  0.0  0.0  0.0  0.0
  0.0  0.0  0.0  0.0  0.0  0.0  0.0  7.9 10.5  7.9 23.6 20.9  0.0  0.0  0.0
  0.0  0.0  0.0  0.0  2.6  5.2  0.0 10.5  7.9  7.9  0.0  0.0  0.0  0.0  0.0
    -24.46     -4.20     -0.37     -5.36      0.82  0.0  0.0  0.0  0.0  0.0
                                    t000123_s14_p35_qjpp.txt 14.3  5.2   79
 12.7  0.0  0.0 25.3  0.0  0.0  0.0  0.0  0.0  0.0  0.0  0.0  0.0  0.0  0.0
  0.0  0.0  0.0  0.0  0.0  0.0379.7151.9 25.3 50.6  0.0  0.0 12.7  0.0  0.0
  0.0  0.0  0.0  0.0  0.0 25.3  0.0  0.0  0.0  0.0  0.0  0.0 12.7 12.7  0.0
 25.3  0.0  0.0 25.3 12.7  0.0  0.0 38.0  0.0  0.0 75.9  0.0 12.7113.9  0.0
  0.0  0.0  0.0  0.0  0.0  0.0  0.0  0.0  0.0  0.0  0.0  0.0  0.0  0.0  0.0
  0.0  0.0  0.0  0.0  0.0  0.0  0.0  0.0  0.0  0.0  0.0  0.0  0.0  0.0  0.0
  0.0  0.0  0.0  0.0  0.0  0.0  0.0  0.0  0.0  0.0  0.0  0.0  0.0  0.0  0.0
  0.0  0.0  0.0  0.0  0.0  0.0  0.0  0.0  0.0  0.0  0.0  0.0  0.0  0.0  0.0
  0.0  0.0  0.0  0.0  0.0  0.0  0.0  0.0  0.0  0.0 12.7 63.3  0.0 12.7  0.0
  0.0  0.0  0.0  0.0  0.0  0.0  0.0 12.7 12.7 12.7 12.7  0.0  0.0  0.0  0.0
    -27.70     -1.72     -0.46     -6.61     14.37  0.0  0.0  0.0  0.0  0.0
                                    t000123_s14_p36_qjpp.txt 34.8  4.6  437
  4.6  0.0  0.0 25.2  0.0  0.0  2.3  0.0  6.9  0.0  0.0  0.0  0.0  0.0  0.0
  0.0  0.0  0.0  2.3  0.0  0.0384.4125.9 29.7 32.0  2.3  0.0  0.0  2.3  0.0
  0.0  0.0  0.0  2.3  0.0  9.2 29.7  0.0  0.0  2.3  0.0  0.0  2.3 18.3  2.3
  2.3  0.0  2.3  0.0  4.6  0.0  4.6 22.9  0.0  2.3 45.8  9.2 11.4 89.2  0.0
  0.0  0.0  0.0  0.0  0.0  0.0  0.0  0.0  0.0  0.0  0.0  0.0  0.0  0.0  0.0
  0.0  0.0  0.0  0.0  2.3  0.0 18.3  0.0  0.0  2.3  0.0  0.0  0.0  0.0  0.0
 18.3  0.0  0.0  0.0  2.3  0.0  0.0  0.0  0.0  0.0  0.0  0.0  0.0  0.0  0.0
 20.6  2.3  0.0 22.9 18.3  2.3 20.6  0.0  0.0  0.0  0.0  0.0  0.0  0.0  0.0
  0.0  0.0  0.0  0.0  0.0  0.0  0.0 13.7 36.6  0.0  2.3  9.2 25.2  0.0  0.0
  0.0  0.0  0.0  0.0  0.0  2.3  0.0 11.4  0.0 27.5  2.3  0.0  2.3  0.0  0.0
    -25.26     -4.57      1.15     -5.57      3.08  0.0  0.0  0.0  0.0  0.0
                                    t000123_s14_p37_qjpp.txt 18.8  4.9  118
 16.9  0.0  0.0 25.4  0.0  0.0  0.0  0.0  8.5  0.0  0.0  0.0  0.0  0.0  8.5
  0.0  0.0  0.0  8.5  0.0  0.0347.5144.1 67.8 50.8  0.0  8.5  0.0  0.0  8.5
  0.0  0.0  0.0  0.0  8.5 59.3  0.0  0.0  0.0  0.0  0.0  0.0  8.5  0.0  8.5
  8.5  0.0 25.4  0.0  8.5  0.0  8.5 16.9  0.0  8.5 76.3  8.5 16.9 93.2  0.0
  0.0  0.0  0.0  0.0  0.0  0.0  0.0  0.0  0.0  0.0  0.0  0.0  0.0  0.0  0.0
  0.0  0.0  0.0  0.0  0.0 16.9  8.5  0.0  0.0  0.0  0.0  0.0  0.0  0.0  0.0
  0.0  0.0  0.0  0.0  0.0  0.0  0.0  0.0  0.0  0.0  0.0  0.0  0.0  0.0  0.0
 25.4  0.0  0.0 25.4  0.0  0.0  0.0  0.0  0.0  0.0  0.0  0.0  0.0  0.0  0.0
  0.0  0.0  0.0  0.0  0.0  0.0  0.0 16.9 16.9 16.9  0.0 16.9 16.9  8.5  0.0
  0.0  0.0  0.0  0.0  0.0 16.9  0.0 42.4  0.0  8.5  0.0  0.0  8.5  0.0  0.0
    -19.02     -2.43     -0.65     -6.61     10.92  0.0  0.0  0.0  0.0  0.0
                                    t000123_s14_p38_qjpp.txt 31.8  5.3  250
  0.0  0.0  0.0 12.0  0.0  0.0  0.0  0.0 16.0  0.0  0.0  4.0  0.0  0.0  0.0
  0.0  0.0  0.0 12.0  0.0  0.0468.0 64.0 20.0 36.0  0.0  0.0  4.0  0.0  4.0
  0.0  0.0  0.0  0.0  4.0  8.0  8.0  0.0  0.0  0.0  0.0  0.0  4.0  0.0  0.0
  0.0  0.0  0.0  0.0  8.0  0.0 16.0  0.0  0.0  4.0 52.0 16.0  4.0 68.0  0.0
  0.0  0.0  0.0  0.0  0.0  0.0  0.0  0.0  0.0  0.0  0.0  0.0  0.0  0.0  0.0
  0.0  0.0  0.0  0.0  0.0  0.0  0.0  0.0  0.0  0.0  0.0  0.0  0.0  0.0  0.0
  0.0  0.0  0.0  0.0  0.0  0.0  0.0  0.0  0.0  0.0  0.0  0.0  0.0  0.0  0.0
  0.0  0.0  0.0  0.0  0.0  0.0  0.0  0.0  0.0  0.0  0.0  0.0  0.0  0.0  0.0
  0.0  0.0  0.0  0.0  0.0  0.0  0.0 24.0  4.0  8.0 16.0  4.0  4.0  0.0  0.0
  0.0  0.0  0.0  0.0  0.0  0.0  0.0  4.0  4.0  4.0  4.0  4.0  8.0  0.0  0.0
    -22.80     -3.80      1.34     -6.61     -1.13  0.0  0.0  0.0  0.0  0.0
                                    t000123_s14_p39_qjpp.txt 28.8  5.0  307
  9.8  0.0  0.0 16.3  0.0  0.0  0.0  3.3 22.8  3.3  3.3  0.0  0.0  0.0  0.0
  0.0  0.0  3.3  6.5  0.0  3.3329.0133.6 55.4 42.3  0.0  0.0  0.0  0.0  6.5
  0.0  0.0  0.0  0.0  0.0 22.8 13.0  0.0  0.0  0.0  0.0  0.0  6.5 13.0  0.0
  6.5  0.0  0.0  3.3  0.0  3.3  6.5 19.5  0.0  6.5 68.4 22.8  0.0 91.2  3.3
  0.0  0.0  0.0  0.0  0.0  0.0  0.0  0.0  0.0  0.0  0.0  0.0  0.0  0.0  0.0
  0.0  0.0  0.0  0.0  0.0  0.0  0.0  0.0  0.0  0.0  0.0  0.0  0.0  0.0  0.0
  0.0  0.0  0.0  0.0  0.0  0.0  0.0  0.0  0.0  0.0  0.0  0.0  0.0  3.3  0.0
  0.0  0.0  0.0  0.0  0.0  0.0  0.0  3.3  0.0  0.0  0.0  0.0  0.0  0.0  0.0
  0.0  0.0  0.0  0.0  0.0  0.0  0.0 13.0  6.5  3.3 32.6 26.1  0.0  3.3  0.0
  0.0  0.0  0.0  0.0  0.0  0.0  0.0 19.5  3.3  3.3  3.3  0.0  6.5  6.5  0.0
    -21.35     -4.33      2.94     -6.61      4.52  0.0  0.0  0.0  0.0  0.0
                                     t000123_s14_p4_qjpp.txt 12.0  4.7   58
  0.0  0.0  0.0 17.2  0.0  0.0  0.0  0.0 51.7  0.0  0.0  0.0  0.0  0.0  0.0
  0.0  0.0  0.0  0.0  0.0  0.0448.3103.4 34.5 34.5  0.0  0.0 17.2  0.0  0.0
  0.0  0.0  0.0  0.0  0.0 17.2 34.5  0.0  0.0  0.0  0.0  0.0  0.0 17.2  0.0
  0.0  0.0  0.0  0.0  0.0  0.0  0.0 17.2  0.0  0.0 34.5 51.7  0.0103.4  0.0
  0.0  0.0  0.0  0.0  0.0  0.0  0.0  0.0  0.0  0.0  0.0  0.0  0.0  0.0  0.0
  0.0  0.0  0.0  0.0  0.0  0.0  0.0  0.0  0.0  0.0  0.0  0.0  0.0  0.0  0.0
  0.0  0.0  0.0  0.0  0.0  0.0  0.0  0.0  0.0  0.0  0.0  0.0  0.0  0.0  0.0
  0.0  0.0  0.0  0.0  0.0  0.0  0.0  0.0  0.0  0.0  0.0  0.0  0.0  0.0  0.0
  0.0  0.0  0.0  0.0  0.0  0.0  0.0  0.0  0.0 17.2 17.2  0.0 51.7  0.0  0.0
  0.0  0.0  0.0  0.0  0.0 17.2  0.0 34.5  0.0  0.0  0.0  0.0  0.0  0.0  0.0
    -26.42     -1.40     -0.01     -6.61     -1.01  0.0  0.0  0.0  0.0  0.0
                                    t000123_s14_p40_qjpp.txt  7.0  5.4   46
  0.0  0.0  0.0  0.0  0.0  0.0  0.0  0.0 43.5  0.0  0.0  0.0  0.0  0.0  0.0
  0.0  0.0  0.0  0.0  0.0  0.0326.1130.4 65.2108.7  0.0  0.0  0.0  0.0  0.0
  0.0  0.0  0.0  0.0  0.0  0.0 21.7  0.0  0.0  0.0  0.0  0.0  0.0 21.7  0.0
 21.7  0.0  0.0  0.0  0.0  0.0  0.0 43.5  0.0  0.0108.7 43.5  0.0195.7  0.0
  0.0  0.0  0.0  0.0  0.0  0.0  0.0  0.0  0.0  0.0  0.0  0.0  0.0  0.0  0.0
  0.0  0.0  0.0  0.0  0.0  0.0  0.0  0.0  0.0  0.0  0.0  0.0  0.0  0.0  0.0
  0.0  0.0  0.0  0.0  0.0  0.0  0.0  0.0  0.0  0.0  0.0  0.0  0.0  0.0  0.0
  0.0  0.0  0.0  0.0  0.0  0.0  0.0  0.0  0.0  0.0  0.0  0.0  0.0  0.0  0.0
  0.0  0.0  0.0  0.0  0.0  0.0  0.0  0.0  0.0  0.0 21.7  0.0  0.0  0.0  0.0
  0.0  0.0  0.0  0.0  0.0  0.0  0.0 43.5  0.0  0.0  0.0  0.0  0.0  0.0  0.0
    -28.35     -2.15      0.97     -6.61      6.68  0.0  0.0  0.0  0.0  0.0
                                    t000123_s14_p41_qjpp.txt 33.5  5.1  269
  3.7  0.0  0.0 14.9  0.0  0.0  3.7  0.0  7.4  0.0  0.0  0.0  0.0  0.0  0.0
  0.0  0.0  0.0  0.0  0.0  0.0461.0 89.2 22.3 40.9  3.7  3.7  3.7  0.0  7.4
  0.0  0.0  0.0  3.7  3.7 26.0 11.2  0.0  0.0  0.0  0.0  3.7  7.4  7.4  3.7
  3.7  3.7  3.7  3.7  7.4  0.0  3.7 14.9  0.0  7.4 44.6 11.2  0.0 74.3  0.0
  3.7  0.0  0.0  0.0  0.0  0.0  0.0  0.0  0.0  0.0  0.0  0.0  0.0  0.0  0.0
  0.0  0.0  0.0  0.0  0.0  0.0  3.7  0.0  0.0  3.7  0.0  0.0  0.0  0.0  0.0
  0.0  0.0  0.0  0.0  3.7  0.0  0.0  0.0  0.0  0.0  0.0  0.0  0.0  0.0  0.0
  3.7  3.7  0.0  7.4  0.0  3.7  3.7  0.0  0.0  0.0  0.0  0.0  0.0  0.0  0.0
  0.0  0.0  0.0  0.0  0.0  0.0  0.0  7.4 18.6  0.0  7.4  3.7  3.7  3.7  0.0
  0.0  0.0  0.0  0.0  0.0  3.7  3.7 18.6  0.0  3.7  0.0  3.7  3.7  0.0  0.0
    -27.20     -2.81      1.06     -5.12      6.21  3.7  0.0  0.0  0.0  0.0
                                    t000123_s14_p42_qjpp.txt 27.5  4.9  419
  0.0  0.0  0.0 52.5  0.0  0.0  7.2  2.4 21.5 11.9  2.4  0.0  0.0  0.0  0.0
  0.0  0.0 14.3 14.3  0.0  0.0324.6114.6 38.2 31.0  0.0  0.0  0.0  0.0  0.0
  0.0  0.0  0.0  4.8  0.0  7.2  7.2 11.9  0.0  9.5  2.4  0.0  2.4 16.7  0.0
 11.9  0.0  0.0  2.4  0.0 28.6 23.9 28.6  0.0  0.0 54.9 21.5  2.4109.8  2.4
  4.8  0.0  0.0  0.0  0.0  0.0  0.0  0.0  0.0  0.0  0.0  0.0  0.0  0.0  0.0
  0.0  0.0  0.0  0.0  0.0  0.0  2.4  0.0  0.0  0.0  0.0  0.0  0.0  0.0  0.0
  2.4  0.0  0.0  0.0  0.0  0.0  0.0  0.0  0.0  0.0  0.0  0.0  0.0  0.0  0.0
  2.4  0.0  0.0  2.4  2.4  0.0  2.4  0.0  0.0  0.0  0.0  0.0  0.0  0.0  0.0
  0.0  0.0  0.0  0.0  0.0  0.0  0.0  7.2  0.0  0.0 31.0  9.5 28.6  0.0  0.0
  0.0  0.0  0.0  0.0  0.0  4.8  0.0 21.5  4.8 16.7  0.0  0.0  0.0  0.0  0.0
    -13.18     -4.71     -0.80      1.71      4.25  0.0  0.0  0.0  0.0  0.0
                                    t000123_s14_p43_qjpp.txt  3.5  5.4   16
  0.0  0.0  0.0  0.0  0.0  0.0  0.0  0.0 62.5  0.0  0.0  0.0  0.0  0.0  0.0
  0.0  0.0  0.0 62.5  0.0  0.0500.0 62.5  0.0 62.5  0.0  0.0  0.0  0.0  0.0
  0.0  0.0  0.0  0.0  0.0  0.0  0.0  0.0  0.0  0.0  0.0  0.0  0.0  0.0  0.0
  0.0  0.0  0.0  0.0  0.0  0.0 62.5  0.0  0.0  0.0  0.0 62.5  0.0 62.5  0.0
  0.0  0.0  0.0  0.0  0.0  0.0  0.0  0.0  0.0  0.0  0.0  0.0  0.0  0.0  0.0
  0.0  0.0  0.0  0.0  0.0  0.0  0.0  0.0  0.0  0.0  0.0  0.0  0.0  0.0  0.0
  0.0  0.0  0.0  0.0  0.0  0.0  0.0  0.0  0.0  0.0  0.0  0.0  0.0  0.0  0.0
  0.0  0.0  0.0  0.0  0.0  0.0  0.0  0.0  0.0  0.0  0.0  0.0  0.0  0.0  0.0
  0.0  0.0  0.0  0.0  0.0  0.0  0.0  0.0 62.5  0.0  0.0  0.0  0.0  0.0  0.0
  0.0  0.0  0.0  0.0  0.0  0.0  0.0  0.0  0.0 62.5  0.0  0.0  0.0  0.0  0.0
    -13.40     -3.67      0.97     -6.61     -3.63  0.0  0.0  0.0  0.0  0.0
                                    t000123_s14_p44_qjpp.txt 33.3  5.1  410
  4.9  0.0  0.0 12.2  0.0  0.0  0.0  0.0 14.6  0.0  0.0  0.0  0.0  4.9  0.0
  0.0  0.0  0.0  9.8  0.0  0.0431.7134.1 36.6 31.7  2.4  0.0  4.9  0.0  2.4
  0.0  0.0  0.0  2.4  4.9  4.9  7.3  0.0  0.0  0.0  2.4  0.0  2.4 14.6  0.0
  7.3  0.0  9.8  0.0  0.0  2.4  9.8 22.0  0.0  2.4 48.8 17.1  0.0 61.0  2.4
  0.0  0.0  0.0  0.0  0.0  0.0  0.0  0.0  0.0  0.0  0.0  0.0  0.0  0.0  0.0
  0.0  0.0  0.0  2.4  2.4  0.0  0.0  0.0  0.0  0.0  0.0  0.0  0.0  0.0  0.0
  0.0  0.0  0.0  0.0  0.0  0.0  0.0  0.0  0.0  0.0  0.0  0.0  0.0  0.0  0.0
  4.9  0.0  0.0  4.9  0.0  0.0  0.0  0.0  0.0  0.0  0.0  0.0  0.0  0.0  0.0
  0.0  0.0  0.0  0.0  0.0  0.0  0.0 22.0 12.2  2.4 14.6  4.9 12.2  2.4  0.0
  0.0  0.0  0.0  0.0  0.0  4.9  0.0 17.1  4.9  9.8  4.9  0.0  4.9  0.0  0.0
    -25.00     -3.67     -0.22     -5.44      2.48  0.0  0.0  0.0  0.0  0.0
                                    t000123_s14_p45_qjpp.txt 35.5  4.9  189
  0.0  0.0  0.0  0.0  0.0  0.0  0.0  0.0  0.0  0.0  0.0  0.0  0.0  0.0  0.0
  0.0  0.0  0.0  0.0  0.0  0.0502.6 89.9 63.5 26.5  0.0  0.0  0.0  0.0  0.0
  0.0  5.3  0.0  0.0  5.3  5.3  0.0  0.0  0.0  0.0  0.0  0.0  0.0 31.7  0.0
  0.0  0.0  0.0  0.0  0.0  0.0  5.3 31.7  0.0  0.0 68.8  0.0  0.0 37.0  5.3
  0.0  0.0  0.0  0.0  0.0  0.0  0.0  0.0  0.0  0.0  0.0  0.0  0.0  0.0  0.0
  0.0  0.0  0.0  0.0  0.0  0.0  0.0  0.0  0.0  0.0  0.0  0.0  0.0  0.0  0.0
  0.0  0.0  0.0  0.0  0.0  0.0  0.0  0.0  0.0  0.0  0.0  0.0  0.0  0.0  0.0
  0.0  0.0  0.0  0.0  0.0  0.0  0.0  0.0  0.0  0.0  0.0  0.0  0.0  0.0  0.0
  0.0  0.0  0.0  0.0  0.0  0.0  0.0  0.0  0.0  0.0 21.2  5.3  5.3 21.2  0.0
  0.0  0.0 10.6  0.0  0.0  5.3  0.0  5.3  0.0  0.0  0.0  0.0  0.0  0.0  0.0
    -32.11     -4.86      1.08     -6.61      1.18  0.0  0.0  0.0  0.0  0.0
                                    t000123_s14_p46_qjpp.txt 27.0  4.5  271
  0.0  0.0  0.0 11.1  0.0  0.0  0.0  0.0  7.4  0.0  0.0  0.0  0.0  0.0  0.0
  0.0  0.0  0.0 11.1  0.0  0.0383.8147.6 44.3 22.1  0.0  0.0  0.0  0.0  0.0
  0.0  3.7  0.0  0.0  0.0 11.1  7.4  0.0  0.0  0.0  0.0  0.0  3.7 11.1  3.7
  0.0  0.0  0.0  0.0  3.7  0.0 14.8 14.8  0.0  0.0 59.0  7.4  3.7 40.6  0.0
  0.0  0.0  0.0  0.0  0.0  0.0  0.0  0.0  0.0  0.0  0.0  0.0  0.0  0.0  0.0
  0.0  0.0  0.0  0.0  0.0  0.0  0.0  0.0  0.0  0.0  0.0  0.0  0.0  0.0  0.0
  0.0  0.0  0.0  0.0  0.0  0.0  0.0  0.0  0.0  0.0  0.0  0.0  0.0  0.0  0.0
  0.0  0.0  0.0  0.0  0.0  0.0  0.0  0.0  0.0  0.0  0.0  0.0  0.0  0.0  0.0
  0.0  0.0  0.0  0.0  0.0  0.0  0.0  0.0 29.5  3.7 22.1  7.4  0.0 22.1  0.0
  0.0  0.0  0.0  0.0  0.0  0.0  3.7 11.1  0.0  7.4  0.0  0.0  3.7  0.0  0.0
    -26.07     -5.00      1.71     -6.61      3.20  0.0  0.0  0.0  0.0  0.0
                                    t000123_s14_p47_qjpp.txt 30.5  5.1  611
  3.3  0.0  0.0 13.1  0.0  0.0  0.0  1.6  8.2  3.3  0.0  0.0  0.0  0.0  0.0
  0.0  0.0  0.0 13.1  0.0  0.0464.8101.5 36.0 19.6  0.0  4.9  0.0  0.0  0.0
  0.0  0.0  0.0  4.9  0.0 14.7  3.3  0.0  0.0  0.0  0.0  0.0  1.6  8.2  3.3
  4.9  0.0  0.0  0.0  0.0  0.0 13.1 16.4  0.0  0.0 57.3  8.2  0.0 54.0  1.6
  0.0  0.0  0.0  0.0  0.0  0.0  0.0  0.0  0.0  0.0  0.0  0.0  0.0  0.0  0.0
  0.0  0.0  0.0  0.0  0.0  1.6  0.0  0.0  0.0  0.0  0.0  0.0  0.0  0.0  0.0
  0.0  1.6  0.0  0.0  0.0  0.0  0.0  0.0  0.0  0.0  0.0  0.0  0.0  0.0  0.0
  1.6  0.0  0.0  1.6  1.6  0.0  1.6  0.0  0.0  0.0  0.0  0.0  0.0  0.0  0.0
  0.0  0.0  0.0  0.0  0.0  0.0  0.0  0.0 18.0  3.3 16.4  9.8 16.4  0.0  0.0
  0.0  0.0  0.0  0.0  0.0  1.6  0.0 16.4  6.5  9.8  0.0  0.0  8.2  0.0  0.0
    -25.75     -4.14     -1.27     -6.61      2.74  0.0  0.0  0.0  0.0  0.0
                                    t000123_s14_p48_qjpp.txt  8.0  5.7   41
  0.0  0.0  0.0 24.4  0.0  0.0  0.0  0.0  0.0  0.0  0.0  0.0  0.0  0.0  0.0
  0.0  0.0 24.4  0.0  0.0  0.0463.4 97.6 97.6  0.0  0.0  0.0  0.0  0.0  0.0
  0.0  0.0  0.0  0.0  0.0 24.4  0.0  0.0  0.0  0.0  0.0  0.0  0.0 24.4  0.0
  0.0 48.8  0.0  0.0  0.0 24.4 48.8 24.4  0.0  0.0 97.6  0.0  0.0 24.4  0.0
  0.0  0.0  0.0  0.0  0.0  0.0  0.0  0.0  0.0  0.0  0.0  0.0  0.0  0.0  0.0
  0.0  0.0  0.0  0.0  0.0  0.0  0.0  0.0  0.0  0.0  0.0  0.0  0.0  0.0  0.0
  0.0  0.0  0.0  0.0  0.0  0.0  0.0  0.0  0.0  0.0  0.0  0.0  0.0  0.0  0.0
  0.0  0.0  0.0  0.0  0.0  0.0  0.0  0.0  0.0  0.0  0.0  0.0  0.0  0.0  0.0
  0.0  0.0  0.0  0.0  0.0  0.0  0.0  0.0 48.8 73.2 24.4  0.0  0.0  0.0  0.0
  0.0  0.0  0.0  0.0  0.0  0.0  0.0  0.0  0.0 24.4  0.0  0.0  0.0  0.0  0.0
    -27.42     -5.73     -0.41     -6.61      0.07  0.0  0.0  0.0  0.0  0.0
                                     t000123_s14_p5_qjpp.txt 31.8  5.3  263
  0.0  0.0  0.0 15.2  0.0  0.0  3.8  0.0 11.4  0.0  0.0  0.0  0.0  0.0  0.0
  0.0  0.0  0.0  7.6  0.0  0.0479.1 79.8 22.8 41.8  0.0  3.8  3.8  0.0  0.0
  0.0  0.0  0.0  3.8  7.6  0.0 15.2  0.0  0.0  0.0  0.0  0.0  0.0  7.6  3.8
  0.0  3.8  0.0  0.0  0.0  0.0 11.4 11.4  0.0  0.0 38.0 11.4  0.0 91.3  7.6
  0.0  0.0  0.0  0.0  0.0  0.0  0.0  0.0  0.0  0.0  0.0  0.0  0.0  0.0  0.0
  0.0  0.0  0.0  0.0  0.0  0.0  0.0  0.0  0.0  0.0  0.0  0.0  0.0  0.0  0.0
  0.0  0.0  0.0  0.0  0.0  0.0  0.0  0.0  0.0  0.0  3.8  0.0  0.0  0.0  0.0
  0.0  0.0  0.0  0.0  0.0  0.0  0.0  3.8  0.0  0.0  0.0  0.0  0.0  0.0  0.0
  0.0  0.0  0.0  0.0  0.0  0.0  0.0  3.8  0.0  3.8  7.6 15.2 11.4  0.0  3.8
  0.0  0.0  0.0  0.0  0.0  0.0  0.0 15.2  0.0  7.6  0.0  0.0  3.8  0.0  0.0
    -26.53     -2.92     -2.35     -6.61      0.45  0.0  0.0  0.0  0.0  0.0
                                     t000123_s14_p6_qjpp.txt  9.0  5.1   51
  0.0  0.0  0.0 19.6  0.0  0.0  0.0  0.0  0.0  0.0  0.0  0.0  0.0  0.0  0.0
  0.0  0.0  0.0 19.6  0.0  0.0490.2 78.4 19.6 58.8  0.0  0.0  0.0  0.0  0.0
  0.0  0.0  0.0  0.0  0.0 39.2 19.6  0.0  0.0  0.0  0.0  0.0  0.0  0.0  0.0
  0.0  0.0  0.0 19.6  0.0  0.0 19.6  0.0  0.0  0.0 78.4  0.0  0.0 78.4  0.0
  0.0  0.0  0.0  0.0  0.0  0.0  0.0  0.0  0.0  0.0  0.0  0.0  0.0  0.0  0.0
  0.0  0.0  0.0  0.0  0.0  0.0  0.0  0.0  0.0  0.0  0.0  0.0  0.0  0.0  0.0
  0.0  0.0  0.0  0.0  0.0  0.0  0.0  0.0  0.0  0.0  0.0  0.0  0.0  0.0  0.0
  0.0  0.0  0.0  0.0  0.0  0.0  0.0  0.0  0.0  0.0  0.0  0.0  0.0  0.0  0.0
  0.0  0.0  0.0  0.0  0.0  0.0  0.0  0.0 19.6  0.0 39.2  0.0  0.0  0.0  0.0
  0.0  0.0  0.0  0.0  0.0  0.0  0.0  0.0  0.0  0.0  0.0  0.0  0.0 19.6  0.0
    -24.76     -3.79     -1.25     -6.61     -3.63  0.0  0.0  0.0  0.0  0.0
                                     t000123_s14_p7_qjpp.txt 34.3  5.0  309
  3.2  0.0  0.0 42.1  0.0  0.0  0.0  0.0  0.0  0.0  3.2  0.0  0.0  0.0  0.0
  0.0  0.0  0.0 12.9  0.0  0.0449.8 77.7 35.6 38.8  0.0  3.2  0.0  0.0  0.0
  0.0  0.0  0.0  3.2  0.0  6.5  6.5  3.2  0.0  0.0  0.0  0.0  0.0  3.2  3.2
  0.0  0.0  0.0  3.2  0.0  3.2 12.9  6.5  0.0  0.0 61.5  0.0  3.2103.6 12.9
  0.0  0.0  0.0  0.0  0.0  0.0  0.0  0.0  0.0  0.0  0.0  0.0  0.0  0.0  0.0
  0.0  0.0  0.0  0.0  0.0  0.0  0.0  0.0  0.0  0.0  0.0  0.0  0.0  0.0  0.0
  0.0  0.0  0.0  0.0  0.0  0.0  0.0  0.0  0.0  0.0  3.2  0.0  0.0  0.0  0.0
  0.0  0.0  0.0  0.0  0.0  0.0  0.0  3.2  0.0  0.0  0.0  0.0  0.0  0.0  0.0
  0.0  0.0  0.0  0.0  0.0  0.0  0.0  3.2  9.7  3.2 16.2  3.2  6.5  0.0  3.2
  0.0  0.0  0.0  0.0  0.0  3.2  0.0 25.9  3.2  0.0  0.0  3.2  0.0  0.0  0.0
    -24.34     -3.83     -0.32     -5.83     -0.65  0.0  0.0  0.0  0.0  0.0
                                     t000123_s14_p8_qjpp.txt 22.5  4.5  191
 15.7  0.0  0.0 73.3  0.0  0.0  0.0  0.0 15.7  0.0  0.0  0.0  0.0  0.0  0.0
  0.0  0.0  0.0  0.0  0.0  0.0387.4146.6 15.7 36.6  5.2  0.0  0.0  0.0  0.0
  0.0  5.2  0.0  0.0  0.0 15.7  5.2  0.0  0.0  0.0  0.0  0.0  0.0 10.5  5.2
 10.5  5.2  0.0  0.0  0.0  0.0 10.5 26.2  0.0  0.0 20.9 20.9  0.0120.4  0.0
  0.0  0.0  0.0  0.0  0.0  0.0  0.0  0.0  0.0  0.0  0.0  0.0  0.0  0.0  0.0
  0.0  0.0  0.0  0.0  0.0  0.0  0.0  0.0  0.0  0.0  0.0  0.0  0.0  0.0  0.0
  0.0  5.2  0.0  0.0  0.0  0.0  0.0  0.0  0.0  0.0  0.0  0.0  0.0  0.0  0.0
  0.0  0.0  0.0  0.0  5.2  0.0  5.2  0.0  0.0  0.0  0.0  0.0  0.0  0.0  0.0
  0.0  0.0  0.0  0.0  0.0  0.0  0.0  5.2  0.0  0.0  0.0 10.5  0.0 10.5  0.0
  0.0  0.0  0.0  0.0  0.0  0.0  0.0 10.5  0.0  5.2  0.0  0.0  0.0  0.0  0.0
    -23.19     -4.29      2.02     -6.61      5.37  0.0  0.0  0.0  0.0  0.0
                                     t000123_s14_p9_qjpp.txt 11.3  4.9   68
  0.0  0.0  0.0  0.0  0.0  0.0  0.0  0.0  0.0  0.0  0.0  0.0  0.0  0.0  0.0
  0.0  0.0  0.0  0.0  0.0  0.0397.1147.1 88.2 58.8  0.0 14.7  0.0  0.0  0.0
  0.0  0.0  0.0 14.7  0.0  0.0 44.1  0.0  0.0  0.0  0.0  0.0  0.0 29.4  0.0
  0.0  0.0  0.0  0.0  0.0  0.0  0.0 29.4  0.0  0.0 88.2  0.0  0.0102.9  0.0
  0.0  0.0  0.0  0.0  0.0  0.0  0.0  0.0  0.0  0.0  0.0  0.0  0.0  0.0  0.0
  0.0  0.0  0.0  0.0  0.0  0.0  0.0  0.0  0.0  0.0  0.0  0.0  0.0  0.0  0.0
  0.0  0.0  0.0  0.0  0.0  0.0  0.0  0.0  0.0  0.0  0.0  0.0  0.0  0.0  0.0
  0.0  0.0  0.0  0.0  0.0  0.0  0.0  0.0  0.0  0.0  0.0  0.0  0.0  0.0  0.0
  0.0  0.0  0.0  0.0  0.0  0.0  0.0  0.0 29.4  0.0  0.0  0.0  0.0  0.0  0.0
  0.0  0.0  0.0  0.0  0.0  0.0  0.0 44.1  0.0 14.7  0.0  0.0  0.0  0.0  0.0
    -32.64     -0.96     -3.23     -6.61      0.83  0.0  0.0  0.0  0.0  0.0
                                     t000123_s19_p1_qjpp.txt 35.8  5.4  376
  5.3  0.0  2.7 13.3  0.0  0.0  0.0  0.0  5.3  0.0  0.0  0.0  0.0  0.0  0.0
  0.0  0.0  0.0 10.6  0.0  0.0550.5 63.8 34.6  8.0  0.0  2.7  0.0  0.0  0.0
  0.0  0.0  0.0  0.0  0.0  0.0  2.7  0.0  5.3  0.0  0.0  0.0  0.0  0.0  0.0
  0.0  0.0  0.0  0.0  0.0  0.0 10.6  0.0  0.0  0.0 45.2  5.3  0.0 31.9  8.0
  0.0  0.0  0.0  0.0  0.0  0.0  0.0  0.0  0.0  0.0  0.0  0.0  0.0  0.0  0.0
  0.0  0.0  0.0  0.0  0.0  0.0  0.0  0.0  0.0  0.0  0.0  0.0  0.0  0.0  0.0
  0.0  0.0  0.0  0.0  0.0  0.0  0.0  0.0  0.0  0.0  0.0  0.0  0.0  0.0  0.0
  0.0  0.0  0.0  0.0  0.0  0.0  0.0  0.0  0.0  0.0  0.0  0.0  0.0  0.0  0.0
  0.0  0.0  0.0  0.0  0.0  0.0  0.0  2.7  5.3  0.0 13.3  8.0  2.7  5.3  0.0
  0.0  0.0  0.0  0.0  0.0  2.7  0.0 10.6  0.0  2.7  0.0  0.0  2.7  0.0  0.0
    -28.47     -4.95      0.97     -4.89     -3.63  2.7  0.0  5.3  0.0  0.0
                                    t000123_s19_p10_qjpp.txt 35.3  5.4  263
  7.6  3.8  0.0 19.0  0.0  0.0  0.0  0.0 15.2  0.0  3.8  0.0  0.0  0.0  0.0
  0.0  0.0  7.6  7.6  0.0  0.0418.3102.7 60.8 30.4  7.6  3.8  3.8  0.0  7.6
  0.0  0.0  0.0  0.0  7.6 22.8  7.6  0.0  0.0  0.0  0.0  0.0  3.8  0.0  3.8
  3.8  3.8 11.4  0.0  7.6  7.6 11.4  7.6  0.0  7.6 83.7 22.8  3.8 76.0  3.8
  3.8  0.0  0.0  0.0  0.0  0.0  0.0  0.0  0.0  0.0  0.0  0.0  0.0  0.0  0.0
  0.0  0.0  0.0  3.8  0.0 11.4  0.0  0.0  0.0  0.0  0.0  0.0  0.0  0.0  0.0
  0.0  0.0  0.0  0.0  0.0  0.0  0.0  0.0  0.0  0.0  0.0  0.0  0.0  0.0  0.0
 15.2  0.0  0.0 15.2  0.0  0.0  0.0  0.0  0.0  0.0  0.0  0.0  0.0  0.0  0.0
  0.0  0.0  0.0  0.0  0.0  0.0  0.0  7.6 15.2  3.8 22.8  7.6  3.8  3.8  0.0
  0.0  0.0  0.0  0.0  0.0  7.6  0.0 11.4  3.8 15.2 11.4  0.0  0.0  0.0  0.0
    -24.22     -2.95      1.24     -6.61      2.90  0.0  0.0  0.0  0.0  0.0
                                    t000123_s19_p11_qjpp.txt 22.0  5.8  119
  8.4  0.0  0.0 16.8  0.0  0.0  0.0  0.0 33.6  0.0  0.0  0.0  0.0  0.0  0.0
  0.0  0.0  8.4  8.4  0.0  0.0378.2100.8109.2 67.2  0.0  0.0  0.0  0.0  0.0
  0.0  0.0  0.0  0.0  8.4 16.8 16.8  0.0  0.0  0.0  0.0  0.0  8.4  0.0  0.0
  8.4  0.0  0.0  0.0  0.0  8.4  8.4  8.4  0.0  0.0109.2 33.6  0.0126.1  8.4
 16.8  0.0  0.0  0.0  0.0  0.0  0.0  0.0  0.0  0.0  0.0  0.0  0.0  0.0  0.0
  0.0  0.0  0.0  0.0  0.0  0.0  0.0  0.0  0.0  0.0  0.0  0.0  0.0  0.0  0.0
  0.0  0.0  8.4  0.0  0.0  0.0  0.0  0.0  0.0  0.0  0.0  0.0  0.0  0.0  0.0
  0.0  0.0  0.0  0.0  8.4  0.0  8.4  0.0  0.0  0.0  0.0  0.0  0.0  0.0  0.0
  0.0  0.0  0.0  0.0  0.0  0.0  0.0 25.2  8.4  0.0 16.8  0.0  0.0  8.4  0.0
  0.0  0.0  0.0  0.0  0.0  8.4  0.0 16.8  0.0 16.8  8.4  0.0  0.0  0.0  0.0
    -26.99     -3.52     -2.45     -6.61      4.34  0.0  0.0  0.0  0.0  0.0
                                    t000123_s19_p12_qjpp.txt 36.3  4.9  311
  6.4  0.0  0.0 25.7  0.0  0.0  3.2  0.0  3.2  3.2  0.0  0.0  0.0  0.0  0.0
  0.0  0.0  0.0 12.9  0.0  0.0453.4 99.7 28.9 16.1  0.0  0.0  0.0  0.0  0.0
  0.0  0.0  0.0  0.0  0.0  9.6  3.2  0.0  0.0  0.0  0.0  0.0  0.0  6.4  3.2
  6.4  6.4  3.2  0.0  0.0  0.0 19.3 16.1  0.0  0.0 41.8  3.2  9.6 70.7  3.2
  0.0  0.0  0.0  0.0  0.0  0.0  0.0  0.0  0.0  0.0  0.0  0.0  0.0  0.0  0.0
  0.0  0.0  0.0  3.2  0.0  3.2  0.0  0.0  0.0  0.0  0.0  0.0  0.0  0.0  0.0
  3.2  0.0  0.0  0.0  0.0  0.0  0.0  0.0  0.0  0.0  0.0  0.0  0.0  0.0  0.0
  6.4  0.0  0.0  6.4  3.2  0.0  3.2  0.0  0.0  0.0  0.0  0.0  0.0  0.0  0.0
  0.0  0.0  0.0  0.0  0.0  0.0  0.0  9.6 19.3  0.0 16.1  0.0  3.2  6.4  6.4
  0.0  3.2  0.0  0.0  0.0  3.2  0.0 25.7  0.0  6.4  3.2  0.0  3.2  0.0  0.0
    -23.77     -5.20      0.43     -6.61      1.90  0.0  0.0  0.0  0.0  0.0
                                    t000123_s19_p13_qjpp.txt 30.0  4.9  196
  5.1  0.0  0.0 20.4  0.0  0.0  0.0  0.0 15.3  0.0  0.0  0.0  0.0  0.0  0.0
  0.0  0.0 10.2  0.0  0.0  0.0428.6112.2 25.5 40.8  5.1  0.0  5.1  0.0  0.0
  0.0  0.0  0.0  0.0  0.0 20.4  5.1  0.0  5.1  0.0  0.0  5.1 10.2  5.1  0.0
  5.1  0.0  5.1  0.0  5.1 10.2  0.0 10.2  0.0  0.0 66.3 20.4  0.0 81.6  5.1
 10.2  0.0  0.0  0.0  0.0  0.0  0.0  0.0  0.0  0.0  0.0  0.0  0.0  0.0  0.0
  0.0  0.0  0.0  0.0  0.0  5.1  0.0  5.1  0.0  0.0  0.0  0.0  0.0  5.1  0.0
  0.0  0.0  0.0  0.0  0.0  5.1  0.0  0.0  0.0  0.0  0.0  0.0  0.0  0.0  0.0
  5.1  5.1  5.1 15.3  0.0  5.1  5.1  0.0  0.0  0.0  0.0  0.0  0.0  0.0  0.0
  0.0  0.0  0.0  0.0  0.0  0.0  0.0  5.1 40.8 10.2 30.6  5.1 15.3 15.3  0.0
  0.0  0.0  0.0  0.0  0.0  5.1  0.0 30.6  0.0 15.3  5.1  5.1  0.0  0.0  0.0
    -24.26     -3.21     -0.19     -2.92      5.17  0.0  0.0  0.0  0.0  0.0
                                    t000123_s19_p14_qjpp.txt 33.0  5.1  418
  7.2  0.0  0.0 21.5  0.0  0.0  0.0  0.0 12.0  4.8  0.0  0.0  0.0  2.4  2.4
  0.0  0.0  4.8  2.4  0.0  0.0413.9119.6 33.5 31.1  2.4  0.0  2.4  0.0  4.8
  0.0  0.0  0.0  2.4  2.4 19.1  4.8  0.0  2.4  0.0  0.0  4.8  2.4  9.6  0.0
  0.0  2.4  7.2  2.4  9.6  4.8  4.8  9.6  0.0  4.8 62.2 14.4  0.0 69.4  2.4
  0.0  0.0  0.0  0.0  0.0  0.0  0.0  0.0  0.0  0.0  0.0  0.0  0.0  0.0  0.0
  0.0  0.0  0.0  0.0  0.0  9.6  0.0  0.0  0.0  0.0  0.0  0.0  0.0  0.0  0.0
  2.4  0.0  0.0  0.0  0.0  0.0  0.0  0.0  0.0  0.0  7.2  0.0  0.0  0.0  0.0
  9.6  0.0  0.0  9.6  2.4  0.0  2.4  7.2  0.0  0.0  0.0  0.0  0.0  0.0  0.0
  0.0  0.0  0.0  0.0  0.0  0.0  0.0  7.2 14.4  4.8 14.4 12.0  9.6  2.4  7.2
  0.0  7.2  0.0  0.0  0.0  2.4  0.0  4.8  2.4 12.0  4.8  0.0  0.0  0.0  0.0
    -22.28     -4.16      0.89     -3.92     -0.68  0.0  0.0  0.0  0.0  0.0
                                    t000123_s19_p15_qjpp.txt 22.5  5.0  162
  6.2  0.0  0.0 12.3  0.0  0.0  0.0  0.0 18.5  0.0  0.0  0.0  0.0  0.0  0.0
  0.0  0.0  0.0  0.0  0.0  0.0456.8104.9 30.9 43.2  0.0  6.2  6.2  0.0  0.0
  0.0  0.0  0.0  6.2  0.0 12.3  0.0  0.0  0.0  0.0  0.0  0.0  0.0  0.0  0.0
 24.7  0.0 18.5  6.2  0.0  0.0  0.0 24.7  0.0  0.0 98.8 18.5  6.2 98.8  6.2
  0.0  0.0  0.0  0.0  0.0  0.0  0.0  0.0  0.0  0.0  0.0  0.0  0.0  0.0  0.0
  0.0  0.0  0.0  0.0  0.0 12.3  0.0  0.0  0.0  0.0  0.0  0.0  0.0  0.0  0.0
  0.0  0.0  0.0  0.0  0.0  0.0  0.0  0.0  0.0  0.0  0.0  0.0  0.0  0.0  0.0
 12.3  0.0  0.0 12.3  0.0  0.0  0.0  0.0  0.0  0.0  0.0  0.0  0.0  0.0  0.0
  0.0  0.0  0.0  0.0  0.0  0.0  0.0  0.0 12.3  0.0 12.3  0.0  0.0  0.0  0.0
  0.0  0.0  0.0  0.0  0.0  0.0  0.0  6.2  0.0 12.3 18.5  0.0  0.0  0.0  0.0
    -28.21     -1.98     -1.49     -6.61      4.34  0.0  0.0  0.0  0.0  0.0
                                     t000123_s19_p2_qjpp.txt 35.3  5.5  425
  0.0  0.0  0.0 11.8  0.0  0.0  0.0  0.0 16.5  0.0  0.0  0.0  0.0  0.0  0.0
  0.0  0.0  0.0  4.7  0.0  0.0461.2 80.0 37.6 28.2  0.0  2.4  0.0  0.0  0.0
  0.0  0.0  0.0  4.7  4.7 18.8  0.0  0.0  0.0  0.0  0.0  2.4  7.1  2.4  0.0
  4.7  2.4  0.0  9.4  2.4  0.0  7.1  7.1  0.0  0.0 49.4 16.5  0.0 54.1  2.4
  4.7  0.0  0.0  0.0  0.0  0.0  0.0  0.0  0.0  0.0  0.0  0.0  0.0  0.0  0.0
  0.0  0.0  0.0  0.0  0.0  0.0  0.0  0.0  0.0  0.0  0.0  0.0  0.0  0.0  0.0
  0.0  0.0  0.0  0.0  0.0  0.0  0.0  0.0  0.0  0.0  2.4  0.0  0.0  0.0  0.0
  0.0  0.0  0.0  0.0  0.0  0.0  0.0  2.4  0.0  0.0  0.0  0.0  0.0  0.0  0.0
  0.0  0.0  0.0  0.0  0.0  0.0  0.0 16.5  7.1  4.7  7.1 32.9  7.1  2.4  2.4
  0.0  0.0  0.0  0.0  0.0  4.7  0.0 18.8  0.0  2.4  0.0  0.0  0.0  0.0  0.0
    -28.68     -4.35     -2.82     -5.66      2.66  0.0  0.0  0.0  0.0  0.0
                                     t000123_s19_p3_qjpp.txt 33.3  5.5  273
 18.3  0.0  0.0 22.0  0.0  0.0  0.0  0.0 14.7  0.0  0.0  0.0  0.0  0.0  0.0
  0.0  0.0 11.0  3.7  0.0  0.0391.9 91.6 51.3 29.3  0.0  3.7  3.7  0.0  7.3
  0.0  0.0  0.0  0.0  0.0 14.7  3.7  0.0  0.0  0.0  0.0  7.3  0.0  7.3  3.7
  7.3  0.0 14.7  0.0  3.7 11.0  3.7 18.3  0.0  7.3 69.6 14.7  0.0 87.9  0.0
  0.0  0.0  0.0  0.0  0.0  0.0  0.0  0.0  0.0  0.0  0.0  0.0  0.0  0.0  0.0
  0.0  0.0  0.0  3.7  0.0  7.3  0.0  0.0  0.0  0.0  0.0  0.0  0.0  0.0  0.0
  0.0  0.0  0.0  0.0  0.0  0.0  0.0  0.0  0.0  0.0  0.0  0.0  0.0  0.0  0.0
 11.0  0.0  0.0 11.0  0.0  0.0  0.0  0.0  0.0  0.0  0.0  0.0  0.0  0.0  0.0
  0.0  0.0  0.0  0.0  0.0  0.0  0.0  7.3  7.3  0.0 18.3 18.3 14.7  0.0  0.0
  0.0  3.7  0.0  0.0  0.0 11.0  0.0 18.3  3.7 18.3  3.7  3.7  7.3  0.0  0.0
    -22.83     -3.38      3.80     -3.67      2.66  0.0  0.0  0.0  0.0  0.0
                                     t000123_s19_p4_qjpp.txt 30.3  5.7  234
 21.4  4.3  0.0 34.2  0.0  0.0  4.3  0.0 21.4  0.0  4.3  4.3  0.0  0.0  0.0
  4.3  0.0  4.3  8.5  0.0  0.0414.5115.4 38.5 34.2  0.0  8.5  4.3  0.0  0.0
  0.0  0.0  0.0  0.0  4.3 17.1  0.0  4.3  0.0  0.0  8.5  8.5  4.3  8.5  4.3
  8.5  8.5 12.8  4.3  4.3 17.1 21.4 21.4  0.0  0.0 42.7 21.4  0.0 85.5  0.0
  4.3  0.0  0.0  0.0  0.0  0.0  0.0  0.0  0.0  0.0  0.0  0.0  0.0  0.0  0.0
  0.0  0.0  0.0  4.3  8.5  0.0  4.3  0.0  0.0  0.0  0.0  0.0  0.0  0.0  0.0
  0.0  0.0  0.0  0.0  0.0  0.0  0.0  0.0  0.0  0.0  0.0  0.0  0.0  0.0  0.0
 17.1  0.0  0.0 17.1  0.0  0.0  0.0  0.0  0.0  0.0  0.0  0.0  0.0  0.0  0.0
  0.0  0.0  0.0  0.0  0.0  0.0  0.0  4.3  4.3  4.3  4.3 21.4  4.3 25.6  0.0
  0.0  0.0  0.0  0.0  0.0  0.0  0.0 21.4  4.3 21.4  4.3  4.3  4.3  4.3  0.0
    -17.91     -2.17     -1.25      1.90      6.38  0.0  0.0  0.0  0.0  0.0
                                     t000123_s19_p5_qjpp.txt 34.8  5.1  212
  4.7  0.0  0.0 28.3  0.0  0.0  0.0  0.0  4.7  0.0  0.0  0.0  0.0  0.0  0.0
  0.0  0.0  0.0  0.0  0.0  0.0429.2 99.1 37.7 23.6  0.0  4.7  4.7  0.0  0.0
  0.0  0.0  0.0  0.0  9.4 18.9  9.4  0.0  0.0  0.0  0.0  4.7  0.0  0.0 14.2
  0.0  0.0  9.4  4.7  4.7  0.0  0.0 14.2  0.0  0.0 66.0  4.7  4.7 61.3  0.0
  4.7  0.0  0.0  0.0  0.0  0.0  0.0  0.0  0.0  0.0  0.0  0.0  0.0  0.0  0.0
  0.0  0.0  0.0  0.0  0.0  0.0  4.7  0.0  0.0  4.7  0.0  0.0  4.7  0.0  0.0
  0.0  0.0  0.0  0.0  4.7  0.0  0.0  0.0  0.0  0.0  0.0  0.0  0.0  0.0  0.0
  4.7  4.7  4.7 14.2  0.0  4.7  4.7  0.0  0.0  0.0  0.0  0.0  0.0  0.0  0.0
  0.0  0.0  0.0  0.0  0.0  0.0  0.0  9.4 28.3  9.4  9.4 33.0  9.4  0.0  0.0
  0.0  0.0  0.0  0.0  0.0  0.0  0.0  4.7  0.0  4.7  4.7  0.0  4.7  0.0  0.0
    -28.01     -3.17     -2.87     -4.72      7.26  0.0  0.0  0.0  0.0  0.0
                                     t000123_s19_p6_qjpp.txt 34.5  5.3  528
  7.6  0.0  0.0 15.2  0.0  0.0  1.9  1.9  5.7  0.0  0.0  0.0  0.0  0.0  0.0
  1.9  0.0  0.0  7.6  0.0  0.0445.1106.1 39.8 28.4  0.0  0.0  0.0  0.0  3.8
  0.0  0.0  0.0  0.0  3.8 20.8  3.8  1.9  0.0  0.0  0.0  1.9  1.9  7.6  1.9
  3.8  1.9  3.8  3.8  5.7  1.9  9.5 13.3  0.0  3.8 66.3  5.7  1.9 60.6  3.8
  0.0  0.0  0.0  0.0  0.0  0.0  0.0  0.0  0.0  0.0  0.0  0.0  0.0  0.0  0.0
  0.0  0.0  0.0  0.0  1.9  3.8  0.0  0.0  0.0  0.0  0.0  0.0  0.0  0.0  0.0
  1.9  0.0  0.0  0.0  0.0  0.0  0.0  0.0  0.0  0.0  0.0  0.0  0.0  0.0  0.0
  5.7  0.0  0.0  5.7  1.9  0.0  1.9  0.0  0.0  0.0  0.0  0.0  0.0  0.0  0.0
  0.0  0.0  0.0  0.0  0.0  0.0  0.0  7.6 17.0  1.9 28.4  5.7  5.7  5.7  0.0
  0.0  3.8  0.0  0.0  0.0  7.6  0.0  9.5  1.9 11.4  3.8  0.0  1.9  0.0  0.0
    -26.18     -4.79      0.57     -5.40      1.38  0.0  0.0  0.0  0.0  0.0
                                     t000123_s19_p7_qjpp.txt 36.3  5.3  619
  4.8  0.0  0.0 19.4  0.0  0.0  1.6  1.6  9.7  0.0  0.0  0.0  0.0  0.0  0.0
  1.6  0.0  1.6  1.6  0.0  3.2433.0 79.2 40.4 21.0  1.6  6.5  4.8  0.0  0.0
  0.0  0.0  0.0  1.6  6.5 14.5  3.2  0.0  0.0  0.0  0.0  1.6  1.6  1.6  3.2
  4.8  3.2  4.8  1.6  6.5  1.6  4.8  9.7  0.0  0.0 67.9 11.3  1.6 58.2  3.2
  6.5  0.0  0.0  0.0  0.0  0.0  0.0  0.0  0.0  0.0  0.0  0.0  0.0  0.0  0.0
  0.0  0.0  0.0  0.0  0.0  3.2  1.6  0.0  0.0  0.0  0.0  0.0  0.0  1.6  0.0
  0.0  0.0  1.6  0.0  0.0  0.0  0.0  0.0  0.0  0.0  1.6  0.0  0.0  0.0  0.0
  4.8  0.0  1.6  6.5  1.6  0.0  1.6  1.6  0.0  0.0  0.0  0.0  0.0  0.0  0.0
  0.0  0.0  0.0  0.0  0.0  0.0  0.0  3.2  1.6  1.6  3.2  3.2  4.8  6.5  4.8
  0.0  0.0  0.0  0.0  0.0  1.6  0.0  9.7  1.6  3.2  1.6  6.5  4.8  3.2  0.0
    -24.54     -2.82     -2.21     -5.96      1.68  0.0  0.0  0.0  0.0  0.0
                                     t000123_s19_p8_qjpp.txt 32.3  5.7  187
  0.0  0.0  0.0 21.4  0.0  0.0  5.3  0.0  5.3  0.0  0.0  0.0  0.0  0.0  0.0
  0.0  0.0 10.7 10.7  0.0  0.0443.9 80.2107.0  0.0  0.0  5.3  0.0  0.0  0.0
  5.3  0.0  0.0  0.0  0.0  5.3  5.3  0.0  0.0  5.3  0.0  0.0  0.0  0.0  0.0
  0.0  0.0  5.3  0.0  5.3 10.7 16.0  0.0  0.0  5.3117.6  5.3  0.0 26.7  0.0
  0.0  0.0  0.0  0.0  0.0  0.0  0.0  0.0  0.0  0.0  0.0  0.0  0.0  0.0  0.0
  0.0  0.0  0.0  0.0  0.0  5.3  0.0  0.0  0.0  0.0  0.0  0.0  0.0  0.0  0.0
  0.0  0.0  0.0  0.0  0.0  0.0  0.0  0.0  0.0  0.0  0.0  0.0  0.0  0.0  0.0
  5.3  0.0  0.0  5.3  0.0  0.0  0.0  0.0  0.0  0.0  0.0  0.0  0.0  0.0  0.0
  0.0  0.0  0.0  0.0  0.0  0.0  0.0 10.7  5.3  5.3 16.0  5.3  0.0  0.0  0.0
  0.0  0.0  0.0  0.0  0.0 10.7  0.0 10.7  0.0  0.0  0.0  0.0  0.0  0.0  0.0
    -27.03     -4.70      5.53     -4.17     -3.63  0.0  0.0  0.0  0.0  0.0
                                     t000123_s19_p9_qjpp.txt 28.8  5.1  289
 10.4  0.0  0.0 27.7  0.0  0.0  0.0  3.5 17.3  0.0  3.5  0.0  0.0  0.0  0.0
  0.0  0.0  6.9 13.8  0.0  0.0346.0138.4 31.1 45.0 10.4  0.0  3.5  0.0  0.0
  3.5  3.5  0.0  0.0  3.5 20.8  3.5  0.0  0.0  0.0  0.0  0.0 10.4  0.0  0.0
  3.5 10.4  3.5  0.0  6.9  6.9 27.7  3.5  0.0  3.5 62.3 27.7  3.5 79.6  3.5
  3.5  0.0  0.0  0.0  0.0  0.0  0.0  0.0  0.0  0.0  0.0  0.0  0.0  0.0  0.0
  0.0  0.0  0.0  0.0  0.0  3.5  0.0  0.0  0.0  0.0  0.0  0.0  0.0  0.0  0.0
  0.0  0.0  0.0  0.0  0.0  0.0  0.0  0.0  0.0  0.0  3.5  0.0  0.0  0.0  0.0
  3.5  0.0  0.0  3.5  0.0  0.0  0.0  3.5  0.0  0.0  0.0  0.0  0.0  0.0  0.0
  0.0  0.0  0.0  0.0  0.0  0.0  0.0  6.9 13.8  6.9 24.2 13.8  6.9  3.5  6.9
  0.0  0.0  0.0  0.0  0.0  3.5  0.0 13.8  0.0 13.8  3.5  6.9  6.9  0.0  0.0
    -19.74     -3.15      3.20     -6.61      3.98  0.0  0.0  0.0  0.0  0.0
                                      t000123_s2_p1_qjpp.txt 30.0  5.6  289
  3.5  0.0  0.0 27.7  0.0  0.0  0.0  0.0  6.9  3.5  0.0  0.0  0.0  0.0  0.0
  0.0  0.0  0.0 13.8  0.0  0.0474.0141.9 69.2 13.8  0.0  3.5  0.0  0.0  0.0
  0.0  0.0  0.0  0.0  0.0  6.9  3.5  0.0  0.0  0.0  0.0  0.0  0.0  6.9  6.9
  0.0  3.5  0.0  0.0  0.0  0.0 17.3 13.8  0.0  0.0 76.1  6.9  0.0 48.4  0.0
  0.0  0.0  0.0  0.0  0.0  0.0  0.0  0.0  0.0  0.0  0.0  0.0  0.0  0.0  0.0
  0.0  0.0  0.0  0.0  0.0  0.0  0.0  0.0  0.0  0.0  0.0  0.0  0.0  0.0  0.0
  0.0  0.0  0.0  0.0  0.0  0.0  0.0  0.0  0.0  0.0  0.0  0.0  0.0  0.0  0.0
  0.0  0.0  0.0  0.0  0.0  0.0  0.0  0.0  0.0  0.0  0.0  0.0  0.0  0.0  0.0
  0.0  0.0  0.0  0.0  0.0  0.0  0.0  0.0  6.9  0.0  3.5  0.0  0.0  3.5  3.5
  6.9  0.0  0.0  0.0  0.0  3.5  0.0  0.0 10.4  0.0  3.5  0.0  3.5  0.0  0.0
    -30.52     -4.61      0.58     -6.61      2.75  0.0  0.0  0.0  0.0  0.0
                                      t000123_s6_p1_qjpp.txt 36.0  5.4  534
  7.5  0.0  0.0 22.5  0.0  0.0  0.0  0.0  3.7  0.0  0.0  0.0  0.0  0.0  0.0
  0.0  0.0  3.7  7.5  0.0  0.0496.3 84.3 58.1  7.5  1.9  7.5  1.9  0.0  1.9
  0.0  0.0  0.0  1.9  3.7  7.5  0.0  0.0  1.9  0.0  0.0  1.9  1.9  7.5  3.7
  5.6  0.0  3.7  0.0  0.0  3.7  7.5 16.9  0.0  1.9 63.7  5.6  0.0 43.1  1.9
  3.7  0.0  0.0  0.0  0.0  0.0  0.0  0.0  0.0  0.0  0.0  0.0  0.0  0.0  0.0
  0.0  0.0  0.0  0.0  0.0  3.7  0.0  0.0  0.0  0.0  0.0  0.0  0.0  0.0  0.0
  0.0  0.0  0.0  0.0  0.0  0.0  0.0  0.0  0.0  0.0  0.0  0.0  0.0  0.0  0.0
  3.7  0.0  0.0  3.7  0.0  0.0  0.0  0.0  0.0  0.0  0.0  0.0  0.0  0.0  0.0
  0.0  0.0  0.0  0.0  0.0  0.0  0.0  7.5  3.7  0.0 13.1  3.7  1.9  5.6  0.0
  0.0  1.9  0.0  3.7  0.0  0.0  1.9 13.1  1.9  3.7  1.9  1.9  3.7  0.0  0.0
    -28.40     -3.61     -0.15     -5.25      3.37  0.0  0.0  0.0  0.0  0.0
                                      t000123_s6_p2_qjpp.txt 36.5  5.9  476
  6.3  0.0  0.0 58.8  0.0  0.0  0.0  0.0  6.3  4.2  2.1  4.2  0.0  0.0  0.0
  6.3  0.0 12.6  2.1  0.0  0.0397.1102.9 90.3  2.1  0.0  6.3  4.2  2.1  0.0
  0.0  0.0  0.0  4.2 12.6 23.1  4.2  4.2  0.0  0.0  0.0 10.5  4.2 12.6  0.0
  6.3  4.2  2.1  4.2  6.3 16.8 10.5 18.9  0.0  2.1123.9  6.3  0.0 73.5  0.0
  6.3  2.1  0.0  0.0  0.0  0.0  0.0  0.0  0.0  0.0  0.0  0.0  0.0  0.0  0.0
  0.0  0.0  0.0  0.0  0.0  0.0  2.1  0.0  0.0  2.1  0.0  0.0  0.0  2.1  0.0
  2.1  2.1  0.0  0.0  0.0  0.0  0.0  0.0  2.1  0.0  4.2  0.0  4.2  0.0  0.0
  2.1  2.1  2.1  6.3  4.2  2.1  6.3  8.4  0.0  0.0  0.0  0.0  0.0  0.0  0.0
  0.0  0.0  0.0  0.0  0.0  0.0  0.0 10.5 23.1  4.2  6.3  4.2  0.0  0.0  0.0
  0.0  2.1  2.1  0.0  2.1  6.3  2.1 10.5  8.4  8.4  6.3  4.2  4.2  0.0  0.0
    -21.11     -3.67     -4.01     -1.40      2.94  0.0  0.0  0.0  0.0  0.0
                                      t000123_s6_p3_qjpp.txt 33.3  5.8  168
  0.0  0.0  0.0 47.6  0.0  0.0  0.0  0.0  6.0  6.0  0.0  6.0  0.0  0.0  0.0
  0.0  0.0  6.0  0.0  0.0  0.0351.2 95.2119.0 23.8  6.0 17.9 11.9  0.0  0.0
  0.0  0.0  0.0  0.0  0.0 29.8  6.0  6.0  0.0  0.0  6.0  6.0 11.9 11.9  6.0
  0.0 11.9 11.9  0.0  6.0 17.9 17.9 17.9  0.0  0.0131.0 11.9  0.0 83.3  6.0
 11.9  0.0  0.0  0.0  0.0  0.0  0.0  0.0  0.0  0.0  0.0  0.0  0.0  0.0  0.0
  0.0  0.0  0.0  6.0  0.0  0.0  6.0  0.0  0.0  0.0  0.0  0.0  0.0  0.0  0.0
  0.0  6.0  0.0  0.0  0.0  0.0  0.0  0.0  0.0  0.0  0.0  0.0  0.0  0.0  0.0
 11.9  0.0  0.0 11.9  6.0  0.0  6.0  0.0  0.0  0.0  0.0  0.0  0.0  0.0  0.0
  0.0  0.0  0.0  0.0  0.0  0.0  0.0  0.0 29.8  0.0 23.8  6.0  0.0 11.9  0.0
  0.0 11.9  0.0  0.0  0.0  6.0  0.0 23.8  6.0 11.9  0.0  0.0  6.0 11.9  0.0
    -25.43      0.96     -0.72      0.03     10.20  0.0  0.0  6.0  0.0  0.0
                                      t000123_s6_p4_qjpp.txt 35.8  5.2  248
  8.1  0.0  0.0 52.4  0.0  0.0  4.0  0.0 12.1  0.0  0.0  0.0  0.0  0.0  0.0
  0.0  0.0 12.1  0.0  0.0  0.0411.3 88.7 64.5  4.0  0.0  8.1  4.0  0.0  4.0
  0.0  0.0  0.0  0.0  0.0 20.2  4.0  8.1  0.0  0.0  0.0  4.0  4.0  8.1  4.0
 12.1  0.0  0.0  4.0  0.0 20.2  0.0 24.2  0.0  4.0 88.7 12.1  0.0 84.7  0.0
  8.1  0.0  0.0  0.0  0.0  0.0  0.0  0.0  0.0  0.0  0.0  0.0  0.0  0.0  0.0
  0.0  0.0  0.0  0.0  0.0  0.0  0.0  0.0  0.0  0.0  0.0  0.0  0.0  0.0  0.0
  0.0  4.0  0.0  0.0  0.0  0.0  0.0  0.0  0.0  0.0  0.0  0.0  0.0  0.0  0.0
  0.0  0.0  0.0  0.0  4.0  0.0  4.0  0.0  0.0  0.0  0.0  0.0  0.0  0.0  0.0
  0.0  0.0  0.0  0.0  0.0  0.0  0.0 24.2 16.1  4.0 20.2  0.0  4.0  0.0  0.0
  0.0  8.1  0.0  0.0  0.0  0.0  0.0  8.1  0.0 16.1 12.1  0.0  8.1  0.0  0.0
    -23.22     -3.30      1.84     -3.07      7.12  0.0  0.0  0.0  0.0  0.0
                                      t000123_s8_p1_qjpp.txt 35.5  5.4  807
  3.7  0.0  1.2 24.8  0.0  0.0  1.2  1.2  1.2  0.0  0.0  1.2  0.0  0.0  0.0
  1.2  0.0  0.0  2.5  0.0  0.0499.4 73.1 69.4  0.0  1.2  5.0  0.0  0.0  1.2
  0.0  3.7  0.0  0.0  1.2  8.7  2.5  0.0  3.7  0.0  0.0  1.2  2.5  1.2  1.2
  0.0  0.0  1.2  0.0  2.5  0.0  7.4  2.5  0.0  1.2 79.3  2.5  1.2 37.2  3.7
  1.2  0.0  0.0  0.0  0.0  0.0  0.0  0.0  0.0  0.0  0.0  0.0  0.0  0.0  0.0
  0.0  0.0  0.0  1.2  0.0  0.0  0.0  0.0  0.0  1.2  0.0  0.0  0.0  0.0  0.0
  0.0  0.0  0.0  0.0  1.2  0.0  0.0  0.0  0.0  0.0  0.0  0.0  0.0  0.0  0.0
  1.2  1.2  0.0  2.5  0.0  1.2  1.2  0.0  0.0  0.0  0.0  0.0  0.0  0.0  0.0
  0.0  0.0  0.0  0.0  0.0  0.0  0.0  3.7  6.2  1.2 11.2  5.0  7.4  5.0  1.2
  0.0  2.5  3.7  0.0  0.0  3.7  0.0  2.5  6.2  1.2  1.2  3.7  3.7  0.0  0.0
    -29.23     -4.72      2.11     -4.91     -0.94  0.0  0.0  0.0  0.0  0.0
                                      t000123_s8_p2_qjpp.txt 35.3  5.3  499
  2.0  0.0  0.0 18.0  0.0  0.0  0.0  2.0  0.0  2.0  0.0  2.0  0.0  0.0  0.0
  0.0  0.0  0.0  4.0  0.0  0.0505.0 64.1 58.1  4.0  0.0  6.0  4.0  0.0  2.0
  0.0  0.0  0.0  0.0  8.0  2.0  0.0  0.0  2.0  0.0  0.0  0.0  0.0  0.0  0.0
  4.0  0.0  4.0  2.0  0.0  0.0  6.0  4.0  0.0  2.0 62.1  0.0  0.0 44.1  8.0
  4.0  0.0  0.0  0.0  0.0  0.0  0.0  0.0  0.0  0.0  0.0  0.0  0.0  0.0  0.0
  0.0  0.0  0.0  2.0  0.0  0.0  0.0  0.0  0.0  0.0  0.0  0.0  0.0  0.0  0.0
  0.0  0.0  0.0  0.0  0.0  0.0  0.0  0.0  0.0  0.0  0.0  0.0  0.0  0.0  0.0
  2.0  0.0  0.0  2.0  0.0  0.0  0.0  0.0  0.0  0.0  0.0  0.0  0.0  0.0  0.0
  0.0  0.0  0.0  0.0  0.0  0.0  0.0  4.0 10.0  2.0  6.0  6.0  2.0  0.0  4.0
  0.0  0.0  0.0  0.0  0.0  0.0  0.0 14.0  4.0  2.0  0.0  0.0  4.0  0.0  0.0
    -28.34     -3.70     -0.50     -5.96     -2.33  0.0  0.0  0.0  0.0  0.0
                                      t000123_s8_p3_qjpp.txt 33.3  5.7  399
  2.5  0.0  0.0 17.5  0.0  0.0  0.0  0.0  2.5  2.5  0.0  2.5  0.0  0.0  0.0
  0.0  0.0  0.0  7.5  0.0  0.0513.8 80.2 65.2  2.5  5.0  0.0  0.0  0.0  0.0
  0.0  0.0  0.0  0.0 12.5 22.6  0.0  0.0  0.0  0.0  0.0  0.0  7.5  0.0  0.0
  0.0  2.5  0.0  0.0  2.5  0.0 12.5  0.0  0.0  0.0 77.7  7.5  0.0 20.1  0.0
  0.0  0.0  0.0  0.0  0.0  0.0  0.0  0.0  0.0  0.0  0.0  0.0  0.0  0.0  0.0
  0.0  0.0  0.0  0.0  0.0  0.0  0.0  0.0  0.0  0.0  0.0  0.0  0.0  0.0  0.0
  0.0  0.0  0.0  0.0  0.0  0.0  0.0  0.0  0.0  0.0  0.0  0.0  0.0  0.0  0.0
  0.0  0.0  0.0  0.0  0.0  0.0  0.0  0.0  0.0  0.0  0.0  0.0  0.0  0.0  0.0
  0.0  0.0  0.0  0.0  0.0  0.0  0.0  2.5  5.0  0.0 17.5  5.0  7.5  0.0  0.0
  0.0  0.0  2.5  0.0  2.5  2.5  0.0  5.0  0.0  0.0  0.0  0.0  2.5  0.0  0.0
    -29.82     -5.42     -3.99     -6.61      1.07  0.0  0.0  0.0  0.0  0.0
                                      t000123_s8_p4_qjpp.txt 17.5  6.0   89
 11.2  0.0  0.0 56.2  0.0  0.0  0.0  0.0 44.9 11.2  0.0  0.0  0.0  0.0  0.0
  0.0  0.0 11.2  0.0  0.0  0.0370.8157.3101.1 11.2  0.0 11.2 11.2  0.0  0.0
  0.0  0.0  0.0  0.0 11.2 11.2 11.2  0.0  0.0  0.0 11.2  0.0  0.0  0.0  0.0
  0.0  0.0 22.5  0.0  0.0 22.5  0.0  0.0  0.0  0.0101.1 44.9  0.0 78.7  0.0
  0.0  0.0  0.0  0.0  0.0  0.0  0.0  0.0  0.0  0.0  0.0  0.0  0.0  0.0  0.0
  0.0  0.0  0.0  0.0  0.0 22.5  0.0  0.0  0.0  0.0  0.0  0.0  0.0  0.0  0.0
  0.0  0.0  0.0  0.0  0.0  0.0  0.0  0.0  0.0  0.0  0.0  0.0  0.0  0.0  0.0
 22.5  0.0  0.0 22.5  0.0  0.0  0.0  0.0  0.0  0.0  0.0  0.0  0.0  0.0  0.0
  0.0  0.0  0.0  0.0  0.0  0.0  0.0 22.5 11.2  0.0 33.7  0.0  0.0  0.0  0.0
  0.0 11.2  0.0  0.0  0.0 11.2  0.0 11.2  0.0 11.2  0.0  0.0  0.0  0.0  0.0
    -26.39     -1.12     -2.97     -1.25     -3.63 11.2  0.0  0.0  0.0  0.0
                                      t000126_s1_p1_qjpp.txt 28.8  6.1  158
  6.3  0.0  0.0 38.0  0.0  0.0  6.3  0.0 12.7  0.0  0.0  0.0  0.0  0.0  0.0
  0.0  0.0  0.0 25.3  0.0  0.0462.0101.3 75.9 50.6  0.0  0.0  6.3  0.0  0.0
  0.0  0.0  0.0  0.0  0.0 31.6  0.0  0.0  0.0  0.0  0.0  6.3 12.7 12.7  0.0
  6.3  0.0  0.0  0.0  0.0  0.0 25.3 19.0  0.0  0.0101.3 12.7  0.0113.9 12.7
  0.0  0.0  0.0  0.0  0.0  0.0  0.0  0.0  0.0  0.0  0.0  0.0  0.0  0.0  0.0
  0.0  0.0  0.0  0.0  0.0  0.0  0.0  0.0  0.0  0.0  0.0  0.0  0.0  0.0  0.0
  0.0  0.0  0.0  0.0  0.0  0.0  0.0  0.0  0.0  0.0  0.0  0.0  0.0  0.0  0.0
  0.0  0.0  0.0  0.0  0.0  0.0  0.0  0.0  0.0  0.0  0.0  0.0  0.0  0.0  0.0
  0.0  0.0  0.0  0.0  0.0  0.0  0.0  6.3 19.0  0.0  6.3  0.0  0.0  0.0  0.0
  0.0  0.0  0.0  0.0  0.0  0.0  6.3  0.0  0.0 19.0  0.0  0.0 12.7  0.0  0.0
    -26.22     -2.89     -0.82     -4.07      8.24  0.0  0.0  0.0  0.0  0.0
                                     t000126_s14_p1_qjpp.txt 40.5  6.0 1242
  0.8  0.0  0.0  6.4  0.0  0.0  0.0  0.0  1.6  0.0  0.0  0.0  0.0  0.0  0.0
  0.0  0.0  0.0  0.8  0.0  0.0685.2 44.3 35.4  2.4  0.0  0.0  0.0  0.0  0.0
  0.0  0.0  0.0  0.0  0.0  0.8  0.0  0.0  0.0  0.0  0.0  0.0  0.0  0.8  0.0
  1.6  0.0  0.0  0.0  0.0  0.0  0.8  2.4  0.0  0.0 43.5  1.6  0.0 10.5  0.0
  0.0  0.0  0.0  0.0  0.0  0.0  0.0  0.0  0.0  0.0  0.0  0.0  0.0  0.0  0.0
  0.0  0.0  0.0  0.0  0.0  0.0  0.0  0.0  0.0  0.0  0.0  0.0  0.0  0.0  0.0
  0.0  0.0  0.0  0.0  0.0  0.0  0.0  0.0  0.0  0.0  0.0  0.0  0.0  0.0  0.0
  0.0  0.0  0.0  0.0  0.0  0.0  0.0  0.0  0.0  0.0  0.0  0.0  0.0  0.0  0.0
  0.0  0.0  0.0  0.0  0.0  0.0  0.0  4.0  1.6  1.6  4.8 10.5  8.1  0.0  0.8
  1.6  0.0  0.0  0.0  0.0  0.0  0.8  0.0  0.0  0.8  0.0  0.0  0.8  0.0  0.0
    -35.99     -5.65      0.93     -6.61     -2.98  0.0  0.0  0.8  0.0  0.0
                                    t000126_s14_p10_qjpp.txt 16.5  5.4   90
  0.0  0.0  0.0  0.0  0.0  0.0  0.0  0.0  0.0  0.0  0.0  0.0  0.0  0.0  0.0
  0.0  0.0  0.0 11.1  0.0  0.0477.8166.7 33.3 33.3  0.0  0.0  0.0  0.0  0.0
  0.0 11.1  0.0 22.2  0.0  0.0  0.0  0.0  0.0  0.0  0.0 11.1  0.0 22.2  0.0
  0.0  0.0  0.0  0.0  0.0  0.0 22.2 22.2  0.0  0.0 66.7  0.0  0.0 33.3  0.0
  0.0  0.0  0.0  0.0  0.0  0.0  0.0  0.0  0.0  0.0  0.0  0.0  0.0  0.0  0.0
  0.0  0.0  0.0  0.0  0.0  0.0  0.0  0.0  0.0  0.0  0.0  0.0  0.0  0.0  0.0
  0.0  0.0  0.0  0.0  0.0  0.0  0.0  0.0  0.0  0.0  0.0  0.0  0.0  0.0  0.0
  0.0  0.0  0.0  0.0  0.0  0.0  0.0  0.0  0.0  0.0  0.0  0.0  0.0  0.0  0.0
  0.0  0.0  0.0  0.0  0.0  0.0  0.0  0.0  0.0 11.1  0.0 11.1 22.2  0.0  0.0
  0.0  0.0  0.0  0.0  0.0 11.1  0.0 11.1  0.0  0.0  0.0  0.0  0.0  0.0  0.0
    -31.58     -4.63     -1.26     -2.16     -0.26  0.0  0.0  0.0  0.0  0.0
                                    t000126_s14_p11_qjpp.txt 11.0  5.2   55
  0.0  0.0  0.0  0.0  0.0  0.0  0.0  0.0  0.0  0.0  0.0  0.0  0.0  0.0  0.0
  0.0  0.0  0.0  0.0  0.0  0.0509.1163.6 54.5 18.2  0.0  0.0  0.0  0.0  0.0
  0.0  0.0  0.0  0.0  0.0  0.0  0.0  0.0  0.0  0.0  0.0  0.0  0.0 18.2 18.2
  0.0  0.0  0.0  0.0  0.0  0.0  0.0 36.4  0.0  0.0 54.5  0.0  0.0 36.4  0.0
  0.0  0.0  0.0  0.0  0.0  0.0  0.0  0.0  0.0  0.0  0.0  0.0  0.0  0.0  0.0
  0.0  0.0  0.0  0.0  0.0  0.0  0.0  0.0  0.0  0.0  0.0  0.0  0.0  0.0  0.0
  0.0  0.0  0.0  0.0  0.0  0.0  0.0  0.0  0.0  0.0  0.0  0.0  0.0  0.0  0.0
  0.0  0.0  0.0  0.0  0.0  0.0  0.0  0.0  0.0  0.0  0.0  0.0  0.0  0.0  0.0
  0.0  0.0  0.0  0.0  0.0  0.0  0.0  0.0  0.0  0.0  0.0  0.0 18.2  0.0  0.0
  0.0  0.0  0.0  0.0  0.0 18.2  0.0 18.2  0.0  0.0  0.0  0.0  0.0  0.0  0.0
    -35.41     -5.13      0.97     -6.61     13.11  0.0  0.0  0.0  0.0  0.0
                                    t000126_s14_p12_qjpp.txt  7.0  2.9   50
  0.0  0.0  0.0  0.0  0.0  0.0  0.0  0.0  0.0  0.0  0.0  0.0  0.0  0.0  0.0
  0.0  0.0  0.0  0.0  0.0  0.0460.0 20.0 40.0  0.0  0.0  0.0  0.0  0.0  0.0
  0.0  0.0  0.0  0.0  0.0 20.0  0.0  0.0  0.0  0.0  0.0  0.0  0.0  0.0  0.0
  0.0  0.0  0.0  0.0  0.0  0.0  0.0  0.0  0.0  0.0 40.0  0.0  0.0  0.0  0.0
  0.0  0.0  0.0  0.0  0.0  0.0  0.0  0.0  0.0  0.0  0.0  0.0  0.0  0.0  0.0
  0.0  0.0  0.0  0.0  0.0  0.0  0.0  0.0  0.0  0.0  0.0  0.0  0.0  0.0  0.0
  0.0  0.0  0.0  0.0  0.0  0.0  0.0  0.0  0.0  0.0  0.0  0.0  0.0  0.0  0.0
  0.0  0.0  0.0  0.0  0.0  0.0  0.0  0.0  0.0  0.0  0.0  0.0  0.0  0.0  0.0
  0.0  0.0  0.0  0.0  0.0  0.0  0.0  0.0  0.0  0.0 20.0  0.0  0.0  0.0  0.0
  0.0  0.0  0.0  0.0  0.0  0.0  0.0  0.0  0.0  0.0  0.0  0.0  0.0  0.0  0.0
    -21.71     -5.73     -0.16     -6.61     -3.63  0.0  0.0  0.0  0.0  0.0
                                    t000126_s14_p13_qjpp.txt 31.8  4.9  227
  0.0  0.0  0.0  0.0  0.0  0.0  0.0  0.0  0.0  0.0  0.0  0.0  0.0  0.0  0.0
  0.0  0.0  0.0 13.2  0.0  0.0414.1118.9 30.8 70.5  0.0  0.0  0.0  0.0  0.0
  0.0  4.4  0.0  8.8  0.0 13.2  4.4  0.0  0.0  0.0  0.0  4.4  4.4 52.9  4.4
  4.4  4.4  0.0  0.0  0.0  0.0 22.0 61.7  0.0  0.0 30.8  0.0  0.0105.7  8.8
  0.0  0.0  0.0  0.0  0.0  0.0  0.0  0.0  0.0  0.0  0.0  0.0  0.0  0.0  0.0
  0.0  0.0  0.0  0.0  0.0  0.0  0.0  0.0  0.0  0.0  0.0  0.0  0.0  0.0  0.0
  0.0  0.0  0.0  0.0  0.0  0.0  0.0  0.0  0.0  0.0  4.4  0.0  0.0  0.0  0.0
  0.0  0.0  0.0  0.0  0.0  0.0  0.0  4.4  0.0  0.0  0.0  0.0  0.0  0.0  0.0
  0.0  0.0  0.0  0.0  0.0  0.0  0.0  4.4  4.4  0.0  4.4  0.0 17.6  8.8  0.0
  0.0  0.0  0.0  0.0  0.0  0.0  0.0 26.4  8.8  0.0  0.0  8.8 13.2  4.4  0.0
    -26.28     -3.41     -0.66     -4.84     11.95  0.0  0.0  0.0  0.0  0.0
                                    t000126_s14_p14_qjpp.txt 17.5  5.2   93
  0.0  0.0  0.0 10.8  0.0  0.0  0.0  0.0  0.0  0.0  0.0  0.0  0.0  0.0  0.0
  0.0  0.0  0.0  0.0  0.0  0.0483.9139.8 32.3 43.0  0.0  0.0  0.0  0.0  0.0
  0.0  0.0  0.0 10.8  0.0 21.5 10.8  0.0  0.0  0.0  0.0 21.5 10.8 32.3  0.0
  0.0  0.0  0.0  0.0  0.0  0.0  0.0 32.3  0.0  0.0 32.3  0.0  0.0 86.0 10.8
  0.0  0.0  0.0  0.0  0.0  0.0  0.0  0.0  0.0  0.0  0.0  0.0  0.0  0.0  0.0
  0.0  0.0  0.0  0.0  0.0  0.0  0.0  0.0  0.0  0.0  0.0  0.0  0.0  0.0  0.0
  0.0  0.0  0.0  0.0  0.0  0.0  0.0  0.0  0.0  0.0  0.0  0.0  0.0  0.0  0.0
  0.0  0.0  0.0  0.0  0.0  0.0  0.0  0.0  0.0  0.0  0.0  0.0  0.0  0.0  0.0
  0.0  0.0  0.0  0.0  0.0  0.0  0.0  0.0 10.8  0.0 10.8  0.0  0.0  0.0  0.0
  0.0  0.0  0.0  0.0  0.0  0.0  0.0 32.3  0.0 10.8  0.0  0.0  0.0  0.0  0.0
    -32.28     -4.31     -3.32      2.00      7.98  0.0  0.0  0.0  0.0  0.0
                                    t000126_s14_p15_qjpp.txt 28.0  4.8  243
  0.0  0.0  0.0  8.2  0.0  0.0  4.1  0.0  0.0  0.0  0.0  0.0  0.0  0.0  0.0
  4.1  0.0  0.0  0.0  0.0  0.0419.8 70.0 20.6 53.5  0.0  0.0  0.0  0.0  0.0
  0.0  4.1  0.0  4.1  0.0 24.7  8.2  0.0  0.0  0.0  0.0  4.1 12.3 45.3  4.1
  8.2  4.1  0.0  0.0  0.0  0.0  8.2 57.6  0.0  0.0 53.5  0.0  0.0 98.8  8.2
  0.0  0.0  0.0  0.0  0.0  0.0  0.0  0.0  0.0  0.0  0.0  0.0  0.0  0.0  0.0
  0.0  0.0  0.0  0.0  0.0  0.0  0.0  0.0  0.0  0.0  0.0  0.0  0.0  0.0  0.0
  0.0  0.0  0.0  0.0  0.0  0.0  0.0  0.0  0.0  0.0  0.0  0.0  0.0  0.0  0.0
  0.0  0.0  0.0  0.0  0.0  0.0  0.0  0.0  0.0  0.0  0.0  0.0  0.0  0.0  0.0
  0.0  0.0  0.0  0.0  0.0  0.0  0.0  4.1  8.2  0.0  0.0  4.1  4.1  0.0  0.0
  0.0  0.0  0.0  0.0  0.0  4.1  0.0 16.5  4.1  0.0  4.1 24.7  4.1  0.0  0.0
    -23.77     -3.97     -0.08     -4.96     16.77  0.0  0.0  0.0  0.0  0.0
                                    t000126_s14_p16_qjpp.txt 22.3  5.0  131
  0.0  0.0  0.0  0.0  0.0  0.0  0.0  0.0  0.0  0.0  0.0  0.0  0.0  0.0  0.0
  0.0  0.0  0.0  0.0  0.0  0.0435.1137.4 45.8 76.3  0.0  0.0  0.0  0.0  0.0
  0.0  0.0  0.0  7.6  0.0 15.3  0.0  0.0  0.0  0.0  0.0  0.0  7.6 45.8 15.3
 15.3  0.0  0.0  0.0  0.0  0.0  0.0 76.3  0.0  0.0 53.4  0.0  0.0106.9  7.6
  0.0  0.0  0.0  0.0  0.0  0.0  0.0  0.0  0.0  0.0  0.0  0.0  0.0  0.0  0.0
  0.0  0.0  0.0  0.0  0.0  0.0  0.0  0.0  0.0  0.0  0.0  0.0  0.0  0.0  0.0
  0.0  0.0  0.0  0.0  0.0  0.0  0.0  0.0  0.0  0.0  0.0  0.0  0.0  0.0  0.0
  0.0  0.0  0.0  0.0  0.0  0.0  0.0  0.0  0.0  0.0  0.0  0.0  0.0  0.0  0.0
  0.0  0.0  0.0  0.0  0.0  0.0  0.0  0.0 15.3  7.6  0.0  7.6 15.3  0.0  0.0
  0.0  0.0  0.0  0.0  0.0  0.0  7.6 22.9  0.0 15.3  0.0  0.0  0.0  0.0  0.0
    -31.38     -3.22     -2.07     -6.61     24.75  0.0  0.0  0.0  0.0  0.0
                                    t000126_s14_p17_qjpp.txt 33.5  5.1  271
  0.0  0.0  0.0  0.0  0.0  0.0  0.0  0.0  0.0  0.0  0.0  0.0  0.0  0.0  0.0
  0.0  0.0  0.0  0.0  0.0  0.0409.6140.2 33.2 62.7  0.0  0.0  0.0  0.0  0.0
  0.0  3.7  0.0  3.7  0.0 14.8  3.7  0.0  0.0  0.0  0.0  0.0  7.4 44.3 14.8
 11.1  3.7  0.0  0.0  0.0  0.0  7.4 70.1  0.0  0.0 51.7  0.0  0.0 99.6  3.7
  0.0  0.0  0.0  0.0  0.0  0.0  0.0  0.0  0.0  0.0  0.0  0.0  0.0  0.0  0.0
  0.0  0.0  0.0  0.0  0.0  0.0  0.0  0.0  0.0  0.0  0.0  0.0  0.0  0.0  0.0
  0.0  0.0  0.0  0.0  0.0  0.0  0.0  0.0  0.0  0.0  0.0  0.0  0.0  0.0  0.0
  0.0  0.0  0.0  0.0  0.0  0.0  0.0  0.0  0.0  0.0  0.0  0.0  0.0  0.0  0.0
  0.0  0.0  0.0  0.0  0.0  0.0  0.0  3.7 11.1  3.7  3.7  7.4  7.4  0.0  0.0
  0.0  0.0  0.0  0.0  0.0  3.7  3.7 18.5  3.7  7.4  0.0  0.0  0.0  0.0  0.0
    -30.23     -3.66      0.45     -6.61     22.62  0.0  0.0  0.0  0.0  0.0
                                    t000126_s14_p18_qjpp.txt 17.0  5.2   89
  0.0  0.0  0.0 11.2  0.0  0.0  0.0  0.0  0.0  0.0  0.0  0.0  0.0  0.0  0.0
  0.0  0.0  0.0  0.0  0.0  0.0528.1146.1 44.9 44.9  0.0  0.0  0.0  0.0  0.0
  0.0  0.0  0.0  0.0  0.0 11.2  0.0  0.0  0.0  0.0  0.0  0.0  0.0 33.7  0.0
  0.0  0.0  0.0  0.0  0.0  0.0  0.0 33.7  0.0  0.0 44.9  0.0  0.0 78.7 11.2
  0.0  0.0  0.0  0.0  0.0  0.0  0.0  0.0  0.0  0.0  0.0  0.0  0.0  0.0  0.0
  0.0  0.0  0.0  0.0  0.0  0.0  0.0  0.0  0.0  0.0  0.0  0.0  0.0  0.0  0.0
  0.0  0.0  0.0  0.0  0.0  0.0  0.0  0.0  0.0  0.0  0.0  0.0  0.0  0.0  0.0
  0.0  0.0  0.0  0.0  0.0  0.0  0.0  0.0  0.0  0.0  0.0  0.0  0.0  0.0  0.0
  0.0  0.0  0.0  0.0  0.0  0.0  0.0 11.2  0.0  0.0 22.5 33.7 44.9  0.0  0.0
  0.0  0.0  0.0  0.0  0.0  0.0  0.0 56.2  0.0  0.0  0.0  0.0  0.0  0.0  0.0
    -34.43     -4.25      0.34     -6.61      1.48  0.0  0.0  0.0  0.0  0.0
                                    t000126_s14_p19_qjpp.txt 21.3  5.5  116
  0.0  0.0  0.0  0.0  0.0  0.0  0.0  0.0  0.0  0.0  0.0  0.0  0.0  0.0  0.0
  0.0  0.0  0.0  0.0  0.0  0.0569.0137.9 51.7 43.1  0.0  0.0  0.0  0.0  0.0
  0.0  8.6  0.0  0.0  0.0  0.0  0.0  0.0  0.0  0.0  0.0  0.0  0.0 51.7  0.0
  0.0  0.0  0.0  0.0  0.0  0.0  8.6 51.7  0.0  0.0 51.7  0.0  0.0 86.2  8.6
  0.0  0.0  0.0  0.0  0.0  0.0  0.0  0.0  0.0  0.0  0.0  0.0  0.0  0.0  0.0
  0.0  0.0  0.0  0.0  0.0  0.0  0.0  0.0  0.0  0.0  0.0  0.0  0.0  0.0  0.0
  0.0  0.0  0.0  0.0  0.0  0.0  0.0  0.0  0.0  0.0  0.0  0.0  0.0  0.0  0.0
  0.0  0.0  0.0  0.0  0.0  0.0  0.0  0.0  0.0  0.0  0.0  0.0  0.0  0.0  0.0
  0.0  0.0  0.0  0.0  0.0  0.0  0.0  0.0  8.6 17.2  0.0 17.2  8.6  0.0  0.0
  0.0  0.0  0.0  0.0  0.0  0.0  0.0 34.5  0.0  0.0  0.0  0.0  0.0  0.0  0.0
    -36.57     -4.31      4.17     -6.61      4.21  0.0  0.0  0.0  0.0  0.0
                                     t000126_s14_p2_qjpp.txt  6.0  6.4   30
  0.0  0.0  0.0100.0  0.0  0.0  0.0  0.0  0.0  0.0  0.0  0.0  0.0  0.0  0.0
  0.0  0.0  0.0  0.0  0.0  0.0433.3100.0 33.3  0.0  0.0  0.0  0.0  0.0  0.0
  0.0  0.0  0.0  0.0  0.0  0.0  0.0 33.3  0.0  0.0 33.3  0.0  0.0 33.3 33.3
  0.0  0.0  0.0  0.0  0.0 66.7  0.0 66.7  0.0  0.0 33.3  0.0  0.0100.0  0.0
  0.0  0.0  0.0  0.0  0.0  0.0  0.0  0.0  0.0  0.0  0.0  0.0  0.0  0.0  0.0
  0.0  0.0  0.0  0.0  0.0  0.0  0.0  0.0  0.0  0.0  0.0  0.0  0.0  0.0  0.0
  0.0  0.0  0.0  0.0  0.0  0.0  0.0  0.0  0.0  0.0  0.0  0.0  0.0  0.0  0.0
  0.0  0.0  0.0  0.0  0.0  0.0  0.0  0.0  0.0  0.0  0.0  0.0  0.0  0.0  0.0
  0.0  0.0  0.0  0.0  0.0  0.0  0.0  0.0  0.0  0.0100.0  0.0 66.7  0.0  0.0
  0.0  0.0  0.0  0.0  0.0  0.0  0.0  0.0  0.0  0.0  0.0  0.0  0.0  0.0  0.0
    -29.60     -5.73      0.97     17.20     27.07  0.0  0.0  0.0  0.0  0.0
                                    t000126_s14_p20_qjpp.txt 21.3  4.5  156
  6.4  0.0  0.0  0.0  0.0  0.0  0.0  0.0  0.0  0.0  0.0  0.0  0.0  0.0  0.0
  0.0  0.0  0.0  0.0  0.0  0.0397.4134.6 32.1 64.1  0.0  0.0  0.0  0.0  0.0
  0.0  6.4  0.0  0.0  0.0 25.6  0.0  0.0  0.0  0.0  0.0  0.0  0.0 32.1 12.8
  6.4  0.0  0.0  0.0  0.0  0.0  6.4 51.3  0.0  0.0 32.1  0.0  0.0 89.7  6.4
  0.0  0.0  0.0  0.0  0.0  0.0  0.0  0.0  0.0  0.0  0.0  0.0  0.0  0.0  0.0
  0.0  0.0  0.0  0.0  0.0  0.0  0.0  0.0  0.0  0.0  0.0  0.0  0.0  0.0  0.0
  0.0  0.0  0.0  0.0  0.0  0.0  0.0  0.0  0.0  0.0  0.0  0.0  0.0  0.0  0.0
  0.0  0.0  0.0  0.0  0.0  0.0  0.0  0.0  0.0  0.0  0.0  0.0  0.0  0.0  0.0
  0.0  0.0  0.0  0.0  0.0  0.0  0.0  0.0  0.0  0.0  0.0 12.8 19.2  0.0  0.0
  0.0  0.0  0.0  0.0  0.0  0.0  0.0 19.2  0.0  0.0  0.0  0.0 12.8  0.0  0.0
    -27.54     -3.62      1.89     -6.61     13.16  0.0  0.0  0.0  0.0  0.0
                                    t000126_s14_p21_qjpp.txt 21.8  4.9  161
  6.2  0.0  0.0  0.0  0.0  0.0  0.0  0.0  0.0  0.0  0.0  0.0  0.0  0.0  0.0
  0.0  0.0  0.0  0.0  0.0  0.0416.1118.0 37.3 49.7  0.0  0.0  0.0  0.0  0.0
  0.0  0.0  0.0 18.6  0.0  6.2  0.0  0.0  0.0  0.0  0.0  0.0  0.0 31.1  0.0
  0.0  0.0  0.0  0.0  0.0  0.0  0.0 31.1  0.0  0.0 37.3  0.0  0.0 62.1  6.2
  0.0  0.0  0.0  0.0  0.0  0.0  0.0  0.0  0.0  0.0  0.0  0.0  0.0  0.0  0.0
  0.0  0.0  0.0  0.0  0.0  0.0  0.0  0.0  0.0  0.0  0.0  0.0  0.0  0.0  0.0
  0.0  0.0  0.0  0.0  0.0  0.0  0.0  0.0  0.0  0.0  0.0  0.0  0.0  0.0  0.0
  0.0  0.0  0.0  0.0  0.0  0.0  0.0  0.0  0.0  0.0  0.0  0.0  0.0  0.0  0.0
  0.0  0.0  0.0  0.0  0.0  0.0  0.0  0.0  0.0  0.0  0.0 18.6  6.2  0.0  0.0
  0.0  0.0  0.0  0.0  0.0  6.2  0.0 18.6  0.0  0.0  0.0  0.0  0.0  0.0  0.0
    -28.58     -4.09     -4.70     -6.61      1.08  0.0  0.0  0.0  0.0  0.0
                                    t000126_s14_p22_qjpp.txt 33.0  4.8  276
  0.0  0.0  0.0  3.6  0.0  0.0  3.6  0.0  0.0  0.0  0.0  0.0  0.0  0.0  0.0
  0.0  0.0  0.0  7.2  0.0  0.0391.3166.7 43.5 61.6  0.0  0.0  0.0  0.0  0.0
  0.0  3.6  0.0 10.9  0.0 18.1  3.6  0.0  0.0  0.0  0.0  3.6  3.6 36.2  3.6
 10.9  3.6  0.0  0.0  0.0  0.0 14.5 50.7  0.0  0.0 54.3  0.0  0.0 83.3  0.0
  0.0  0.0  0.0  0.0  0.0  0.0  0.0  0.0  0.0  0.0  0.0  0.0  0.0  0.0  0.0
  0.0  0.0  0.0  0.0  0.0  0.0  0.0  0.0  0.0  0.0  0.0  0.0  0.0  0.0  0.0
  0.0  0.0  3.6  0.0  0.0  0.0  0.0  0.0  0.0  0.0  0.0  0.0  0.0  0.0  0.0
  0.0  0.0  0.0  0.0  3.6  0.0  3.6  0.0  0.0  0.0  0.0  0.0  0.0  0.0  0.0
  0.0  0.0  0.0  0.0  0.0  0.0  0.0  0.0  7.2  3.6  3.6 10.9  3.6  3.6  3.6
  0.0  0.0  0.0  0.0  0.0  0.0  0.0 25.4  0.0  3.6  3.6  0.0  0.0  0.0  0.0
    -28.11     -3.70     -1.82     -5.16     10.42  0.0  0.0  0.0  0.0  0.0
                                    t000126_s14_p23_qjpp.txt 20.8  4.8  108
  0.0  0.0  0.0  9.3  0.0  0.0  0.0  0.0  0.0  0.0  0.0  0.0  0.0  0.0  0.0
  0.0  9.3  0.0  0.0  0.0  0.0500.0 92.6 27.8 27.8  0.0  0.0  0.0  0.0  0.0
  0.0  9.3  0.0  0.0  9.3  0.0  0.0  0.0  0.0  0.0  0.0  0.0  0.0 27.8  0.0
  0.0  0.0  0.0  0.0  0.0  0.0  9.3 27.8  9.3  0.0 37.0  0.0  0.0 37.0  0.0
  0.0  0.0  0.0  0.0  0.0  0.0  0.0  0.0  0.0  0.0  0.0  0.0  0.0  0.0  0.0
  0.0  0.0  0.0  0.0  0.0  0.0  0.0  0.0  0.0  0.0  0.0  0.0  0.0  0.0  0.0
  0.0  0.0  0.0  0.0  0.0  0.0  0.0  0.0  0.0  0.0  0.0  0.0  0.0  0.0  0.0
  0.0  0.0  0.0  0.0  0.0  0.0  0.0  0.0  0.0  0.0  0.0  0.0  0.0  0.0  0.0
  0.0  0.0  0.0  0.0  0.0  0.0  0.0  0.0 18.5  0.0  9.3 18.5  9.3  0.0  0.0
  0.0  0.0  0.0  0.0  0.0  9.3  0.0  9.3  0.0  9.3  0.0  0.0  0.0  0.0  0.0
    -14.06     -4.81      1.68     -6.61      0.58  0.0  0.0  0.0  0.0  0.0
                                    t000126_s14_p24_qjpp.txt 35.5  5.6  338
  0.0  0.0  0.0  3.0  0.0  0.0  0.0  0.0  8.9  0.0  0.0  0.0  0.0  0.0  0.0
  0.0  0.0  0.0 11.8  0.0  0.0514.8 94.7 35.5 53.3  0.0  0.0  0.0  0.0  0.0
  0.0  5.9  0.0  5.9  0.0  8.9  3.0  0.0  0.0  0.0  0.0  8.9  5.9 38.5  3.0
  0.0  0.0  0.0  0.0  0.0  0.0 17.8 41.4  0.0  0.0 38.5  8.9  0.0 76.9  8.9
  0.0  0.0  0.0  0.0  0.0  0.0  0.0  0.0  0.0  0.0  0.0  0.0  0.0  0.0  0.0
  0.0  0.0  0.0  0.0  0.0  0.0  0.0  0.0  0.0  0.0  0.0  0.0  0.0  0.0  0.0
  0.0  0.0  0.0  0.0  0.0  0.0  0.0  0.0  0.0  0.0  5.9  0.0  0.0  0.0  0.0
  0.0  0.0  0.0  0.0  0.0  0.0  0.0  5.9  0.0  0.0  0.0  0.0  0.0  0.0  0.0
  0.0  0.0  0.0  0.0  0.0  0.0  0.0  5.9 35.5  0.0  3.0 17.8  8.9  3.0  0.0
  0.0  0.0  0.0  0.0  0.0  0.0  5.9 32.5  5.9  5.9  0.0  0.0  0.0  5.9  0.0
    -29.83     -3.98      0.97     -3.05      8.18  0.0  0.0  0.0  0.0  0.0
                                    t000126_s14_p25_qjpp.txt 21.3  4.7  118
  8.5  0.0  0.0  0.0  0.0  0.0  0.0  0.0  0.0  0.0  0.0  0.0  0.0  0.0  0.0
  0.0  0.0  0.0  0.0  0.0  0.0457.6144.1 16.9 59.3  0.0  0.0  0.0  0.0  0.0
  0.0  0.0  0.0 16.9  0.0  0.0  0.0  0.0  0.0  0.0  0.0  8.5  0.0 59.3  0.0
  0.0  0.0  0.0  0.0  0.0  0.0  0.0 59.3  0.0  0.0 16.9  0.0  0.0 84.7  0.0
  0.0  0.0  0.0  0.0  0.0  0.0  0.0  0.0  0.0  0.0  0.0  0.0  0.0  0.0  0.0
  0.0  0.0  0.0  0.0  0.0  0.0  0.0  0.0  0.0  0.0  0.0  0.0  0.0  0.0  0.0
  0.0  0.0  0.0  0.0  0.0  0.0  0.0  0.0  0.0  0.0  8.5  0.0  0.0  0.0  0.0
  0.0  0.0  0.0  0.0  0.0  0.0  0.0  8.5  0.0  0.0  0.0  0.0  0.0  0.0  0.0
  0.0  0.0  0.0  0.0  0.0  0.0  0.0  8.5 25.4 16.9  0.0  0.0 25.4  8.5  0.0
  0.0  0.0  0.0  0.0  0.0  0.0  0.0 25.4  0.0  0.0  0.0  0.0  0.0  0.0  0.0
    -29.09     -3.78     -3.87     -3.22      5.36  0.0  0.0  0.0  0.0  0.0
                                    t000126_s14_p26_qjpp.txt 34.5  5.3  183
  5.5  0.0  0.0 10.9  0.0  0.0  0.0  0.0  0.0  0.0  0.0  0.0  0.0  0.0  0.0
  0.0  0.0  0.0  0.0  0.0  0.0453.6125.7 32.8 49.2  0.0  0.0  0.0  0.0  0.0
  0.0  0.0  0.0 10.9  5.5  0.0  0.0  0.0  0.0  0.0  0.0  5.5  0.0 38.3  0.0
  0.0  0.0  0.0  0.0  0.0  0.0  0.0 38.3  0.0  0.0 43.7  0.0  0.0 82.0  0.0
  0.0  0.0  0.0  0.0  0.0  0.0  0.0  0.0  0.0  0.0  0.0  0.0  0.0  0.0  0.0
  0.0  0.0  0.0  0.0  0.0  0.0  0.0  0.0  0.0  0.0  0.0  0.0  0.0  0.0  0.0
  0.0  0.0  0.0  0.0  0.0  0.0  0.0  0.0  0.0  0.0  0.0  0.0  0.0  0.0  0.0
  0.0  0.0  0.0  0.0  0.0  0.0  0.0  0.0  0.0  0.0  0.0  0.0  0.0  0.0  0.0
  0.0  0.0  0.0  0.0  0.0  0.0  0.0  0.0  0.0  5.5  5.5  5.5 16.4 16.4  5.5
  0.0  0.0  0.0  0.0  0.0  5.5  0.0 16.4  0.0  0.0  0.0  0.0  0.0  0.0  0.0
    -30.64     -4.11     -3.76     -4.42      2.17  0.0  0.0  0.0  0.0  0.0
                                    t000126_s14_p27_qjpp.txt 36.0  5.0  226
  8.8  0.0  0.0  0.0  0.0  0.0  0.0  0.0  0.0  0.0  0.0  0.0  0.0  0.0  0.0
  0.0  0.0  0.0  8.8  0.0  0.0473.5132.7 31.0 44.2  0.0  4.4  0.0  0.0  0.0
  0.0  4.4  0.0  4.4  4.4  8.8  0.0  0.0  0.0  0.0  0.0  4.4  0.0 22.1  4.4
  8.8  0.0  0.0  0.0  4.4  0.0 13.3 35.4  0.0  0.0 57.5  0.0  0.0 79.6 13.3
  0.0  0.0  0.0  0.0  0.0  0.0  0.0  0.0  0.0  0.0  0.0  0.0  0.0  0.0  0.0
  0.0  0.0  0.0  0.0  0.0  0.0  0.0  0.0  0.0  0.0  0.0  0.0  0.0  0.0  0.0
  0.0  0.0  0.0  0.0  0.0  0.0  0.0  0.0  0.0  0.0  0.0  0.0  0.0  0.0  0.0
  0.0  0.0  0.0  0.0  0.0  0.0  0.0  0.0  0.0  0.0  0.0  0.0  0.0  0.0  0.0
  0.0  0.0  0.0  0.0  0.0  0.0  0.0  4.4  8.8  0.0  8.8  0.0  8.8  4.4  0.0
  0.0  0.0  0.0  0.0  0.0  4.4  4.4 31.0  0.0  0.0  0.0  0.0  0.0  0.0  0.0
    -28.61     -3.42     -0.46     -4.84      5.98  4.4  0.0  0.0  0.0  0.0
                                    t000126_s14_p28_qjpp.txt 30.8  5.2  607
  1.6  3.3  0.0 11.5  0.0  0.0  0.0  0.0  3.3  0.0  0.0  0.0  0.0  0.0  0.0
  0.0  0.0  0.0  4.9  0.0  0.0467.9 98.8 37.9 61.0  0.0  1.6  3.3  0.0  0.0
  0.0  1.6  0.0  1.6  0.0 11.5  4.9  0.0  0.0  0.0  0.0  1.6  4.9 32.9  3.3
  6.6  1.6  0.0  0.0  0.0  0.0  8.2 42.8  0.0  0.0 46.1  3.3  0.0103.8 14.8
  0.0  0.0  0.0  0.0  0.0  0.0  0.0  0.0  0.0  0.0  0.0  0.0  0.0  0.0  0.0
  0.0  0.0  0.0  1.6  0.0  0.0  0.0  0.0  0.0  0.0  0.0  0.0  0.0  0.0  0.0
  0.0  0.0  0.0  0.0  0.0  0.0  0.0  0.0  0.0  0.0  0.0  0.0  0.0  0.0  0.0
  1.6  0.0  0.0  1.6  0.0  0.0  0.0  0.0  0.0  0.0  0.0  0.0  0.0  0.0  0.0
  0.0  1.6  0.0  0.0  0.0  0.0  0.0  1.6 18.1 11.5 26.4  8.2  6.6  3.3  4.9
  1.6  0.0  0.0  0.0  0.0  3.3  3.3 32.9  4.9 13.2  0.0  0.0  4.9  0.0  0.0
    -28.28     -2.80      0.46     -5.95      9.12  0.0  0.0  1.6  0.0  0.0
                                    t000126_s14_p29_qjpp.txt 34.3  5.0  310
  0.0  0.0  0.0  9.7  0.0  0.0  0.0  0.0  3.2  0.0  0.0  0.0  0.0  0.0  0.0
  0.0  0.0  0.0  6.5  0.0  3.2429.0116.1 41.9 64.5  0.0  9.7  0.0  0.0  0.0
  0.0  3.2  0.0 16.1  0.0 19.4  3.2  0.0  0.0  0.0  0.0  6.5  3.2 41.9  0.0
  3.2  3.2  0.0  0.0  0.0  0.0 12.9 45.2  0.0  0.0 51.6  3.2  0.0116.1 16.1
  0.0  0.0  0.0  0.0  0.0  0.0  0.0  0.0  0.0  0.0  0.0  0.0  0.0  0.0  0.0
  0.0  0.0  0.0  0.0  0.0  0.0  0.0  0.0  0.0  0.0  0.0  0.0  0.0  0.0  0.0
  0.0  0.0  0.0  0.0  0.0  0.0  0.0  0.0  0.0  0.0  0.0  0.0  0.0  0.0  0.0
  0.0  0.0  0.0  0.0  0.0  0.0  0.0  0.0  0.0  0.0  0.0  0.0  0.0  0.0  0.0
  0.0  0.0  0.0  0.0  0.0  0.0  0.0  0.0  3.2  0.0 12.9  6.5  3.2  6.5  0.0
  0.0  6.5  0.0  0.0  0.0  0.0  3.2 41.9  3.2  6.5  0.0  0.0  0.0  0.0  0.0
    -27.06     -1.74     -3.54     -4.02      5.78  0.0  0.0  0.0  0.0  0.0
                                     t000126_s14_p3_qjpp.txt  4.3  5.8   17
  0.0  0.0  0.0 58.8  0.0  0.0  0.0  0.0  0.0  0.0  0.0  0.0  0.0  0.0  0.0
  0.0  0.0  0.0  0.0  0.0  0.0411.8176.5  0.0 58.8  0.0  0.0  0.0  0.0  0.0
  0.0  0.0  0.0  0.0  0.0  0.0  0.0  0.0  0.0  0.0  0.0  0.0  0.0  0.0  0.0
  0.0  0.0  0.0  0.0 58.8  0.0  0.0  0.0  0.0  0.0 58.8  0.0  0.0117.6  0.0
  0.0  0.0  0.0  0.0  0.0  0.0  0.0  0.0  0.0  0.0  0.0  0.0  0.0  0.0  0.0
  0.0  0.0  0.0  0.0  0.0  0.0  0.0  0.0  0.0  0.0  0.0  0.0  0.0  0.0  0.0
  0.0  0.0  0.0  0.0  0.0  0.0  0.0  0.0  0.0  0.0  0.0  0.0  0.0  0.0  0.0
  0.0  0.0  0.0  0.0  0.0  0.0  0.0  0.0  0.0  0.0  0.0  0.0  0.0  0.0  0.0
  0.0  0.0  0.0  0.0  0.0  0.0  0.0  0.0176.5  0.0 58.8  0.0 58.8  0.0  0.0
  0.0  0.0  0.0  0.0  0.0  0.0  0.0  0.0  0.0  0.0  0.0  0.0  0.0  0.0  0.0
    -29.93     -3.79      0.97     -6.61     -3.63  0.0  0.0  0.0  0.0  0.0
                                    t000126_s14_p30_qjpp.txt 31.5  5.1  367
  5.4  0.0  0.0 24.5  0.0  0.0  2.7  0.0  0.0  0.0  0.0  0.0  0.0  0.0  0.0
  0.0  0.0  0.0  5.4  0.0  0.0436.0 95.4 46.3 49.0  0.0  0.0  0.0  0.0  0.0
  0.0  0.0  0.0  8.2  0.0  8.2  0.0  0.0  0.0  0.0  0.0  2.7  2.7 49.0  2.7
  5.4  0.0  0.0  0.0  0.0  0.0  5.4 57.2  0.0  0.0 68.1  0.0  0.0100.8 10.9
  0.0  0.0  0.0  0.0  0.0  0.0  0.0  0.0  0.0  0.0  0.0  0.0  0.0  0.0  0.0
  0.0  0.0  0.0  0.0  0.0  0.0  0.0  0.0  0.0  0.0  0.0  0.0  0.0  0.0  0.0
  0.0  0.0  0.0  0.0  0.0  2.7  0.0  0.0  0.0  0.0  2.7  0.0  0.0  0.0  0.0
  0.0  0.0  0.0  0.0  0.0  2.7  2.7  2.7  0.0  0.0  0.0  0.0  0.0  0.0  0.0
  0.0  0.0  0.0  0.0  0.0  0.0  0.0  0.0 10.9  2.7 16.3  5.4 10.9 19.1  5.4
  0.0  0.0  0.0  0.0  0.0  0.0  5.4 24.5  0.0 10.9  0.0  0.0  2.7  5.4  0.0
    -27.08     -4.11     -1.83     -5.52      9.36  0.0  0.0  2.7  0.0  0.0
                                    t000126_s14_p31_qjpp.txt 19.5  4.4  119
  0.0  0.0  0.0  8.4  0.0  0.0  0.0  0.0  0.0  0.0  0.0  0.0  0.0  0.0  0.0
  0.0  0.0  0.0  8.4  0.0  0.0344.5126.1 25.2 58.8  0.0  0.0  0.0  0.0  0.0
  0.0  0.0  0.0  8.4  0.0 25.2  0.0  0.0  8.4  0.0  0.0  0.0  0.0 33.6  0.0
  0.0  0.0  0.0  0.0  0.0  0.0  8.4 33.6  0.0  0.0 42.0  0.0  0.0 84.0  0.0
  0.0  0.0  0.0  0.0  0.0  0.0  0.0  0.0  0.0  0.0  0.0  0.0  0.0  0.0  0.0
  0.0  0.0  0.0  0.0  0.0  0.0  0.0  0.0  0.0  0.0  0.0  0.0  0.0  0.0  0.0
  0.0  0.0  0.0  0.0  0.0  0.0  0.0  0.0  0.0  0.0  0.0  0.0  0.0  0.0  0.0
  0.0  0.0  0.0  0.0  0.0  0.0  0.0  0.0  0.0  0.0  0.0  0.0  0.0  0.0  0.0
  0.0  0.0  0.0  0.0  0.0  0.0  0.0  0.0  0.0  0.0  0.0  8.4  8.4  8.4  0.0
  0.0  0.0  0.0  0.0  0.0  0.0  8.4 25.2  0.0  8.4  0.0  0.0  8.4  0.0  0.0
    -23.69     -3.79     -2.86     -3.89      1.47  0.0  0.0  0.0  0.0  0.0
                                    t000126_s14_p32_qjpp.txt 34.5  5.2  272
  3.7  0.0  0.0  7.4  0.0  0.0  0.0  0.0  0.0  0.0  0.0  0.0  0.0  0.0  0.0
  0.0  0.0  0.0  7.4  0.0  0.0415.4136.0 47.8 66.2  0.0  0.0  0.0  0.0  0.0
  0.0  0.0  0.0  3.7  0.0 14.7  0.0  0.0  0.0  0.0  0.0  0.0  0.0 36.8  3.7
  7.4  3.7  0.0  3.7  0.0  0.0 11.0 47.8  0.0  0.0 51.5  0.0  0.0 88.2  0.0
  0.0  0.0  0.0  0.0  0.0  0.0  0.0  0.0  0.0  0.0  0.0  0.0  0.0  0.0  0.0
  0.0  0.0  0.0  0.0  0.0  0.0  0.0  0.0  0.0  0.0  0.0  0.0  0.0  0.0  0.0
  0.0  0.0  0.0  0.0  0.0  0.0  0.0  0.0  0.0  0.0 11.0  0.0  0.0  0.0  0.0
  0.0  0.0  0.0  0.0  0.0  0.0  0.0 11.0  0.0  0.0  0.0  0.0  0.0  0.0  0.0
  0.0  0.0  0.0  0.0  0.0  0.0  0.0 11.0 14.7  0.0  0.0 22.1  3.7 33.1  0.0
  0.0  0.0  0.0  0.0  0.0  3.7  0.0 11.0 11.0 11.0  3.7  0.0  3.7  0.0  0.0
    -29.07     -3.55     -0.91     -6.61      7.14  0.0  0.0  0.0  0.0  0.0
                                    t000126_s14_p33_qjpp.txt 19.3  5.3  107
  9.3  0.0  0.0  9.3  0.0  0.0  0.0  0.0  0.0  0.0  0.0  0.0  0.0  0.0  0.0
  0.0  0.0  0.0  9.3  0.0  0.0308.4112.1 56.1 84.1  0.0  9.3  0.0  0.0  0.0
  0.0  0.0  0.0  0.0  0.0 18.7  9.3  0.0  9.3  0.0  0.0  9.3  0.0 65.4  0.0
  0.0 37.4  9.3  9.3  0.0  0.0 46.7 65.4  0.0  0.0 74.8  0.0  0.0112.1  0.0
  0.0  0.0  0.0  0.0  0.0  0.0  0.0  0.0  0.0  0.0  0.0  0.0  0.0  0.0  0.0
  0.0  0.0  0.0  0.0  0.0  9.3  9.3  0.0  0.0  0.0  0.0  0.0  0.0  0.0  0.0
  0.0  0.0  0.0  9.3  0.0  0.0  0.0  0.0  0.0  0.0  0.0  0.0  0.0  0.0  0.0
 18.7  0.0  0.0 18.7  9.3  0.0  9.3  0.0  0.0  0.0  0.0  0.0  0.0  0.0  0.0
  0.0  0.0  0.0  0.0  0.0  0.0  0.0  0.0 18.7  9.3 18.7  0.0 18.7  0.0  0.0
  0.0  0.0  0.0  0.0  0.0  0.0  0.0 28.0  9.3  9.3  0.0  0.0 18.7  0.0  0.0
    -24.93     -1.16     -0.09      0.15      6.29  0.0  0.0  0.0  0.0  0.0
                                     t000126_s14_p4_qjpp.txt 35.0  5.0  251
  0.0  0.0  0.0 15.9  0.0  0.0  0.0  0.0  0.0  0.0  0.0  0.0  0.0  0.0  0.0
  0.0  0.0  0.0  0.0  0.0  0.0390.4143.4 51.8 55.8  0.0  0.0  0.0  0.0  0.0
  0.0  4.0  0.0  0.0  0.0 15.9  8.0  0.0  0.0  0.0  0.0  4.0  4.0 35.9 12.0
  0.0  0.0  0.0  0.0  0.0  0.0  4.0 47.8  0.0  0.0 83.7  0.0  0.0 95.6  4.0
  4.0  0.0  0.0  0.0  0.0  0.0  0.0  0.0  0.0  0.0  0.0  0.0  0.0  0.0  0.0
  0.0  0.0  0.0  4.0  0.0  0.0  0.0  0.0  0.0  0.0  0.0  0.0  0.0  0.0  0.0
  0.0  0.0  4.0  0.0  0.0  0.0  0.0  0.0  0.0  0.0  0.0  0.0  0.0  0.0  0.0
  4.0  0.0  0.0  4.0  4.0  0.0  4.0  0.0  0.0  0.0  0.0  0.0  0.0  0.0  0.0
  0.0  0.0  0.0  0.0  0.0  0.0  0.0  4.0  8.0  0.0  8.0  4.0  8.0 12.0  0.0
  0.0  0.0  0.0  0.0  0.0  0.0  8.0  8.0  0.0  8.0  0.0  0.0  4.0  0.0  0.0
    -30.12     -3.89      1.54     -5.01     13.49  0.0  0.0  0.0  0.0  0.0
                                     t000126_s14_p5_qjpp.txt 12.3  5.7   58
  0.0  0.0  0.0 17.2  0.0  0.0  0.0  0.0  0.0  0.0  0.0  0.0  0.0  0.0  0.0
  0.0  0.0  0.0 34.5  0.0  0.0431.0120.7103.4 86.2  0.0  0.0  0.0  0.0  0.0
  0.0  0.0  0.0  0.0  0.0  0.0  0.0  0.0  0.0  0.0  0.0  0.0  0.0 34.5  0.0
 17.2  0.0  0.0  0.0  0.0  0.0 34.5 51.7  0.0  0.0103.4  0.0  0.0103.4  0.0
  0.0  0.0  0.0  0.0  0.0  0.0  0.0  0.0  0.0  0.0  0.0  0.0  0.0  0.0  0.0
  0.0  0.0  0.0  0.0  0.0  0.0  0.0  0.0  0.0  0.0  0.0  0.0  0.0  0.0  0.0
  0.0  0.0  0.0  0.0  0.0  0.0  0.0  0.0  0.0  0.0 17.2  0.0  0.0  0.0  0.0
  0.0  0.0  0.0  0.0  0.0  0.0  0.0 17.2  0.0  0.0  0.0  0.0  0.0  0.0  0.0
  0.0  0.0  0.0  0.0  0.0  0.0  0.0 34.5  0.0  0.0  0.0  0.0  0.0 34.5  0.0
  0.0  0.0  0.0  0.0  0.0 17.2  0.0 34.5  0.0 17.2  0.0  0.0  0.0  0.0  0.0
    -27.58     -2.89      0.97     -6.61      7.16  0.0  0.0  0.0  0.0  0.0
                                     t000126_s14_p6_qjpp.txt  9.0  5.3   55
  0.0  0.0  0.0  0.0  0.0  0.0  0.0  0.0  0.0  0.0  0.0  0.0  0.0  0.0  0.0
  0.0  0.0  0.0  0.0  0.0  0.0600.0 72.7 54.5 36.4  0.0  0.0  0.0  0.0  0.0
  0.0  0.0  0.0  0.0  0.0  0.0  0.0  0.0  0.0  0.0  0.0  0.0  0.0 36.4  0.0
  0.0  0.0  0.0  0.0  0.0  0.0  0.0 36.4  0.0  0.0 54.5  0.0  0.0 36.4  0.0
  0.0  0.0  0.0  0.0  0.0  0.0  0.0  0.0  0.0  0.0  0.0  0.0  0.0  0.0  0.0
  0.0  0.0  0.0  0.0  0.0  0.0  0.0  0.0  0.0  0.0  0.0  0.0  0.0  0.0  0.0
  0.0  0.0  0.0  0.0  0.0  0.0  0.0  0.0  0.0  0.0  0.0  0.0  0.0  0.0  0.0
  0.0  0.0  0.0  0.0  0.0  0.0  0.0  0.0  0.0  0.0  0.0  0.0  0.0  0.0  0.0
  0.0  0.0  0.0  0.0  0.0  0.0  0.0  0.0  0.0  0.0 72.7  0.0  0.0 36.4  0.0
  0.0  0.0  0.0  0.0  0.0  0.0 18.2  0.0  0.0  0.0  0.0  0.0  0.0  0.0  0.0
    -34.48     -4.53      0.97     -6.61      1.88  0.0  0.0  0.0  0.0  0.0
                                     t000126_s14_p7_qjpp.txt 26.8  5.2  152
  0.0  0.0  0.0  0.0  0.0  0.0  0.0  0.0  0.0  0.0  0.0  0.0  0.0  0.0  0.0
  0.0  0.0  0.0 19.7  0.0  0.0592.1 39.5 52.6 46.1  0.0  6.6  0.0  0.0  0.0
  0.0  0.0  0.0  0.0  0.0  6.6  0.0  0.0  0.0  0.0  0.0  0.0  0.0 13.2 13.2
  0.0  0.0  0.0  0.0  0.0  0.0 19.7 26.3  0.0  0.0 59.2  0.0  0.0 92.1  6.6
  0.0  0.0  0.0  0.0  0.0  0.0  0.0  0.0  0.0  0.0  0.0  0.0  0.0  0.0  0.0
  0.0  0.0  0.0  0.0  0.0  0.0  0.0  0.0  0.0  0.0  0.0  0.0  0.0  0.0  0.0
  0.0  0.0  0.0  0.0  0.0  0.0  0.0  0.0  0.0  0.0  0.0  0.0  0.0  0.0  0.0
  0.0  0.0  0.0  0.0  0.0  0.0  0.0  0.0  0.0  0.0  0.0  0.0  0.0  0.0  0.0
  0.0  0.0  0.0  0.0  0.0  0.0  0.0  0.0  0.0  0.0  0.0  0.0  0.0  0.0  0.0
 13.2  0.0  0.0  0.0  0.0  0.0 13.2 32.9  6.6  6.6  0.0  0.0 13.2  0.0  0.0
    -28.69     -2.95      0.60     -6.61      8.49  0.0  0.0  0.0  0.0  0.0
                                     t000126_s14_p8_qjpp.txt 23.0  5.2  156
  6.4  0.0  0.0  0.0  0.0  0.0  0.0  0.0  0.0  0.0  0.0  0.0  0.0  0.0  0.0
  0.0  0.0  0.0  0.0  0.0  0.0589.7 51.3102.6 32.1  0.0  0.0  0.0  0.0  0.0
  0.0  0.0  0.0  0.0  0.0  0.0  0.0  0.0  0.0  0.0  0.0  0.0  0.0 12.8  0.0
  6.4  0.0  0.0  0.0  0.0  0.0  0.0 19.2  0.0  0.0115.4  0.0  0.0 44.9  6.4
  0.0  0.0  0.0  0.0  0.0  0.0  0.0  0.0  0.0  0.0  0.0  0.0  0.0  0.0  0.0
  0.0  0.0  0.0  0.0  0.0  0.0  0.0  0.0  0.0  0.0  0.0  0.0  0.0  0.0  0.0
  0.0  0.0  0.0  0.0  0.0  0.0  0.0  0.0  0.0  0.0  0.0  0.0  0.0  0.0  0.0
  0.0  0.0  0.0  0.0  0.0  0.0  0.0  0.0  0.0  0.0  0.0  0.0  0.0  0.0  0.0
  0.0  0.0  0.0  0.0  0.0  0.0  0.0  0.0 12.8  0.0  0.0  0.0  0.0  6.4  0.0
  0.0  0.0  0.0  0.0  0.0  0.0 44.9 19.2  0.0  0.0  0.0  0.0 12.8  0.0  0.0
    -35.03     -4.67      0.97     -6.61      0.38  0.0  0.0  0.0  0.0  0.0
                                     t000126_s14_p9_qjpp.txt 23.8  6.1  122
  0.0  0.0  0.0 16.4  0.0  0.0  0.0  0.0  0.0  0.0  0.0  0.0  0.0  0.0  0.0
  0.0  0.0  0.0  8.2  0.0  0.0573.8 98.4 32.8 73.8  0.0  8.2  0.0  0.0  0.0
  0.0  0.0  0.0 32.8  0.0  0.0  0.0  0.0  0.0  0.0  0.0  0.0  0.0 16.4  0.0
  0.0  0.0  0.0  0.0  8.2  0.0  8.2 16.4  0.0  0.0 41.0  0.0  0.0114.8  8.2
  0.0  0.0  0.0  0.0  0.0  0.0  0.0  0.0  0.0  0.0  0.0  0.0  0.0  0.0  0.0
  0.0  0.0  0.0  0.0  0.0  0.0  0.0  0.0  0.0  0.0  0.0  0.0  0.0  0.0  0.0
  0.0  0.0  0.0  0.0  0.0  0.0  0.0  0.0  0.0  0.0  0.0  0.0  0.0  0.0  0.0
  0.0  0.0  0.0  0.0  0.0  0.0  0.0  0.0  0.0  0.0  0.0  0.0  0.0  0.0  0.0
  0.0  0.0  0.0  0.0  0.0  0.0  0.0  0.0 16.4  0.0 16.4 16.4 16.4  0.0  0.0
  8.2  0.0  0.0  0.0  0.0  0.0  0.0  8.2  0.0  0.0  0.0  8.2  8.2  0.0  0.0
    -33.54     -1.72     -8.39     -6.61     -1.14  0.0  0.0  0.0  0.0  0.0
                                     t000126_s19_p1_qjpp.txt 35.0  5.6  304
  0.0  0.0  0.0  9.9  0.0  0.0  0.0  0.0  6.6  0.0  0.0  0.0  0.0  0.0  0.0
  0.0  0.0  0.0  6.6  0.0  0.0516.4 78.9 55.9 29.6  0.0  3.3  6.6  0.0  0.0
  0.0  0.0  0.0  3.3  0.0  9.9  9.9  0.0  0.0  0.0  0.0  3.3  0.0  6.6  0.0
  3.3  6.6  3.3  3.3  0.0  0.0 13.2  9.9  0.0  0.0 69.1  6.6  0.0 75.7  3.3
  0.0  0.0  0.0  0.0  0.0  0.0  0.0  0.0  0.0  0.0  0.0  0.0  0.0  0.0  0.0
  0.0  0.0  0.0  0.0  0.0  3.3  0.0  0.0  0.0  0.0  0.0  0.0  0.0  0.0  0.0
  0.0  0.0  0.0  0.0  0.0  0.0  0.0  0.0  0.0  0.0  0.0  0.0  0.0  0.0  0.0
  3.3  0.0  0.0  3.3  0.0  0.0  0.0  0.0  0.0  0.0  0.0  0.0  0.0  0.0  0.0
  0.0  0.0  0.0  0.0  0.0  0.0  0.0  6.6  9.9  9.9  6.6  0.0  6.6  3.3  6.6
  0.0  0.0  0.0  0.0  0.0  0.0  6.6  6.6  3.3  6.6  0.0  0.0  3.3  0.0  0.0
    -31.35     -2.90     -0.53     -5.29     -1.57  0.0  0.0  0.0  0.0  0.0
                                     t000126_s19_p2_qjpp.txt 27.8  5.1  875
  1.1  1.1  0.0 20.6  0.0  0.0  0.0  0.0  9.1  3.4  1.1  0.0  0.0  1.1  0.0
  0.0  0.0  1.1  8.0  0.0  0.0509.7 85.7 38.9 20.6  1.1  4.6  3.4  1.1  0.0
  2.3  0.0  0.0  4.6  0.0 17.1  1.1  0.0  0.0  0.0  0.0  4.6 12.6  4.6  0.0
  0.0  1.1  3.4  1.1  1.1  1.1  9.1  4.6  0.0  3.4 51.4 10.3  1.1 50.3  2.3
  1.1  0.0  0.0  0.0  0.0  0.0  0.0  0.0  0.0  0.0  0.0  0.0  0.0  0.0  0.0
  0.0  0.0  0.0  1.1  0.0  5.7  0.0  0.0  0.0  0.0  0.0  0.0  0.0  0.0  1.1
  1.1  0.0  0.0  0.0  0.0  0.0  0.0  0.0  0.0  0.0  1.1  0.0  0.0  0.0  0.0
  6.9  0.0  0.0  6.9  2.3  0.0  2.3  1.1  0.0  0.0  0.0  0.0  0.0  0.0  0.0
  0.0  0.0  0.0  0.0  0.0  0.0  0.0  5.7  6.9  1.1  4.6  6.9  3.4  0.0  2.3
  0.0  1.1  0.0  0.0  0.0  2.3  3.4  3.4  3.4 10.3  3.4  0.0  5.7  0.0  0.0
    -26.74     -3.49      1.44     -4.78      4.92  0.0  0.0  0.0  0.0  0.0
                                     t000126_s19_p3_qjpp.txt 35.0  5.0  863
  5.8  1.2  0.0 22.0  0.0  0.0  1.2  0.0  5.8  2.3  0.0  0.0  0.0  2.3  0.0
  0.0  0.0  1.2  7.0  0.0  0.0420.6108.9 47.5 25.5  0.0  3.5  2.3  0.0  2.3
  0.0  0.0  0.0  0.0  0.0 19.7  4.6  0.0  0.0  0.0  0.0  1.2  5.8 10.4  1.2
  3.5  2.3  7.0  2.3  1.2  1.2  9.3 15.1  0.0  2.3 70.7  5.8  1.2 70.7  1.2
  2.3  0.0  0.0  0.0  0.0  0.0  0.0  0.0  0.0  0.0  0.0  0.0  0.0  0.0  0.0
  0.0  0.0  0.0  3.5  0.0  4.6  0.0  0.0  0.0  0.0  0.0  0.0  0.0  0.0  0.0
  0.0  0.0  0.0  0.0  1.2  0.0  0.0  0.0  0.0  1.2  0.0  0.0  0.0  2.3  0.0
  8.1  0.0  0.0  8.1  0.0  1.2  2.3  2.3  0.0  0.0  0.0  0.0  0.0  0.0  0.0
  0.0  0.0  0.0  0.0  0.0  0.0  0.0  3.5  5.8  3.5  4.6  1.2  2.3  3.5  1.2
  0.0  0.0  0.0  0.0  0.0  3.5  2.3  8.1  0.0 16.2  2.3  2.3 10.4  0.0  0.0
    -24.56     -3.79      1.01     -6.14      3.59  0.0  0.0  0.0  0.0  0.0
                                     t000126_s19_p4_qjpp.txt 28.0  5.3  652
  4.6  0.0  0.0 19.9  0.0  0.0  0.0  0.0  6.1  1.5  0.0  0.0  0.0  0.0  0.0
  0.0  0.0  1.5  4.6  0.0  0.0504.6 78.2 47.5 13.8  0.0  1.5  0.0  0.0  0.0
  0.0  1.5  0.0  0.0  0.0 27.6  3.1  0.0  0.0  0.0  0.0  0.0 12.3  4.6  0.0
  4.6  1.5  3.1  0.0  1.5  1.5  7.7  9.2  0.0  0.0 58.3  6.1  0.0 49.1  1.5
  3.1  0.0  0.0  0.0  0.0  0.0  0.0  0.0  0.0  0.0  0.0  0.0  0.0  0.0  0.0
  0.0  0.0  0.0  1.5  0.0  0.0  1.5  0.0  0.0  0.0  0.0  0.0  0.0  0.0  0.0
  0.0  0.0  0.0  0.0  0.0  0.0  0.0  0.0  0.0  0.0  0.0  0.0  0.0  0.0  0.0
  3.1  0.0  0.0  3.1  0.0  0.0  0.0  0.0  0.0  0.0  0.0  0.0  0.0  0.0  0.0
  0.0  0.0  0.0  0.0  0.0  0.0  0.0  3.1 23.0  3.1  3.1  0.0  0.0  0.0  1.5
  0.0  0.0  0.0  0.0  0.0  1.5  1.5  1.5  0.0  7.7  3.1  1.5  1.5  0.0  0.0
    -28.96     -4.98     -0.03     -6.61      6.22  0.0  0.0  0.0  0.0  0.0
                                     t000126_s19_p5_qjpp.txt 34.8  5.4  554
  5.4  0.0  0.0 32.5  0.0  0.0  1.8  0.0  5.4  0.0  0.0  0.0  0.0  0.0  0.0
  0.0  0.0  0.0  5.4  0.0  0.0492.8 95.7 27.1 30.7  0.0  7.2  0.0  0.0  1.8
  0.0  1.8  0.0  0.0  0.0 21.7  1.8  0.0  0.0  3.6  0.0  0.0  9.0  5.4  1.8
  5.4  0.0  3.6  3.6  1.8  0.0 10.8 12.6  0.0  1.8 56.0  5.4  0.0 83.0  1.8
  0.0  0.0  0.0  0.0  0.0  0.0  0.0  0.0  0.0  0.0  0.0  0.0  0.0  0.0  0.0
  0.0  0.0  0.0  1.8  0.0  1.8  0.0  0.0  0.0  0.0  0.0  0.0  0.0  0.0  0.0
  0.0  0.0  0.0  0.0  1.8  0.0  0.0  0.0  0.0  0.0  0.0  0.0  0.0  0.0  0.0
  3.6  0.0  0.0  3.6  0.0  1.8  1.8  0.0  0.0  0.0  0.0  0.0  0.0  0.0  0.0
  0.0  0.0  0.0  0.0  0.0  0.0  0.0  5.4  5.4  0.0  5.4  1.8  7.2  3.6  0.0
  0.0  1.8  0.0  0.0  0.0  1.8  0.0  1.8  0.0 10.8  7.2  5.4  3.6  0.0  0.0
    -28.05     -3.33      1.31     -4.96      5.97  0.0  0.0  0.0  0.0  0.0
                                     t000126_s19_p6_qjpp.txt 34.0  5.5  405
  9.9  0.0  0.0 29.6  0.0  0.0  2.5  0.0  7.4  0.0  0.0  0.0  0.0  0.0  0.0
  0.0  0.0  4.9  4.9  0.0  0.0466.7101.2 61.7 22.2  0.0  0.0  0.0  0.0  0.0
  0.0  0.0  0.0  2.5  2.5  9.9 12.3  2.5  0.0  0.0  0.0  0.0  4.9  9.9  0.0
  0.0  0.0  2.5  2.5  0.0  7.4  4.9  9.9  0.0  0.0 69.1  7.4  0.0 69.1  2.5
  0.0  0.0  0.0  0.0  0.0  0.0  0.0  0.0  0.0  0.0  0.0  0.0  0.0  0.0  0.0
  0.0  0.0  0.0  0.0  2.5  2.5  0.0  0.0  0.0  0.0  0.0  0.0  0.0  0.0  0.0
  2.5  0.0  0.0  0.0  0.0  0.0  0.0  0.0  0.0  0.0  0.0  0.0  0.0  0.0  0.0
  4.9  0.0  0.0  4.9  2.5  0.0  2.5  0.0  0.0  0.0  0.0  0.0  0.0  0.0  0.0
  0.0  0.0  0.0  0.0  0.0  0.0  0.0  2.5 17.3  0.0  7.4  0.0  4.9  0.0  0.0
  0.0  2.5  0.0  0.0  0.0  0.0  2.5  9.9  0.0  9.9  2.5  4.9  9.9  0.0  0.0
    -27.87     -5.00     -1.02     -6.02      0.96  0.0  0.0  0.0  0.0  0.0
                                     t000126_s19_p7_qjpp.txt 32.8  5.1  528
  3.8  0.0  0.0 18.9  0.0  0.0  0.0  0.0  1.9  0.0  0.0  0.0  0.0  0.0  0.0
  0.0  0.0  1.9  3.8  0.0  0.0477.3 96.6 56.8 22.7  0.0  0.0  0.0  0.0  0.0
  0.0  0.0  0.0  0.0  1.9 20.8  0.0  0.0  1.9  0.0  0.0  3.8  5.7  3.8  3.8
  5.7  3.8  0.0  0.0  0.0  1.9  7.6 13.3  0.0  0.0 68.2  1.9  0.0 51.1  1.9
  0.0  0.0  0.0  0.0  0.0  0.0  0.0  0.0  0.0  0.0  0.0  0.0  0.0  0.0  0.0
  0.0  0.0  0.0  0.0  0.0  1.9  0.0  0.0  0.0  0.0  0.0  0.0  0.0  0.0  0.0
  0.0  0.0  0.0  0.0  0.0  0.0  0.0  0.0  0.0  0.0  0.0  0.0  0.0  0.0  0.0
  1.9  0.0  0.0  1.9  0.0  0.0  0.0  0.0  0.0  0.0  0.0  0.0  0.0  0.0  0.0
  0.0  0.0  0.0  0.0  0.0  0.0  0.0  5.7 18.9  3.8  1.9  0.0  7.6  0.0  0.0
  0.0  3.8  0.0  0.0  0.0  1.9  3.8  5.7  0.0  5.7  0.0  0.0  3.8  0.0  0.0
    -29.47     -4.98     -0.77     -4.48      5.25  0.0  0.0  0.0  0.0  0.0
                                     t000126_s19_p8_qjpp.txt 32.5  5.2  336
  0.0  0.0  0.0  8.9  0.0  0.0  0.0  0.0  0.0  0.0  0.0  0.0  0.0  0.0  0.0
  0.0  0.0  0.0  6.0  0.0  0.0452.4131.0 38.7 23.8  0.0  0.0  3.0  3.0  0.0
  0.0  3.0  0.0  0.0  0.0 41.7  8.9  0.0  0.0  0.0  0.0  3.0 17.9  0.0 11.9
  6.0  0.0  0.0  8.9  8.9  0.0  8.9 17.9  0.0  3.0 80.4  0.0  0.0 56.5  3.0
  0.0  0.0  0.0  0.0  0.0  0.0  0.0  0.0  0.0  0.0  0.0  0.0  0.0  0.0  0.0
  0.0  0.0  0.0  0.0  0.0  0.0  0.0  0.0  0.0  8.9  0.0  0.0  0.0  0.0  0.0
  0.0  0.0  0.0  0.0  8.9  0.0  0.0  0.0  0.0  0.0  0.0  3.0  0.0  0.0  0.0
  0.0  8.9  0.0  8.9  0.0  8.9  8.9  3.0  0.0  0.0  0.0  0.0  0.0  0.0  0.0
  0.0  0.0  0.0  0.0  0.0  0.0  0.0  6.0 32.7  3.0  3.0  3.0  0.0  0.0  0.0
  0.0  0.0  3.0  0.0  0.0  0.0  0.0  3.0  3.0  3.0  0.0 11.9  0.0  0.0  0.0
    -30.13     -4.39      1.46     -5.41     18.61  3.0  0.0  0.0  0.0  0.0
                                     t000126_s19_p9_qjpp.txt 34.5  5.4  384
  5.2  0.0  0.0 18.2  0.0  0.0  0.0  0.0  5.2  0.0  0.0  0.0  0.0  0.0  0.0
  0.0  0.0  0.0  7.8  0.0  0.0468.8114.6 44.3 31.3  2.6  2.6  0.0  0.0  0.0
  0.0  5.2  0.0  0.0  0.0 20.8  0.0  0.0  0.0  0.0  0.0  2.6  7.8  2.6  2.6
  0.0  0.0  2.6  0.0  2.6  0.0 13.0  5.2  0.0  0.0 78.1  7.8  2.6 54.7  2.6
  2.6  0.0  0.0  0.0  0.0  0.0  0.0  0.0  0.0  0.0  0.0  0.0  0.0  0.0  0.0
  0.0  0.0  0.0  0.0  0.0  0.0  2.6  0.0  0.0  0.0  0.0  0.0  0.0  0.0  0.0
  0.0  0.0  0.0  0.0  0.0  2.6  0.0  0.0  0.0  0.0  0.0  0.0  0.0  0.0  0.0
  2.6  0.0  0.0  2.6  0.0  2.6  2.6  0.0  0.0  0.0  0.0  0.0  0.0  0.0  0.0
  0.0  0.0  0.0  0.0  0.0  0.0  0.0  5.2 18.2  5.2  7.8  7.8  2.6 15.6  0.0
  0.0  0.0  0.0  0.0  0.0  2.6  2.6  7.8  0.0  5.2  0.0  0.0  5.2  0.0  0.0
    -29.38     -4.08      1.72     -5.56      3.65  0.0  0.0  0.0  0.0  0.0
                                      t000126_s2_p1_qjpp.txt 33.5  5.9  196
  0.0  0.0  0.0 20.4  0.0  0.0  0.0  0.0 15.3  0.0  0.0  0.0  0.0  0.0  0.0
  0.0  0.0  0.0 25.5  0.0  0.0602.0 91.8 56.1 20.4  0.0  0.0  0.0  0.0  0.0
  0.0  0.0  0.0  0.0  0.0 15.3  0.0  0.0  0.0  0.0  0.0  0.0  0.0  5.1  5.1
  0.0  0.0  0.0  0.0  0.0  0.0 25.5 10.2  0.0  0.0 56.1 15.3  0.0 45.9  5.1
  0.0  0.0  0.0  0.0  0.0  0.0  0.0  0.0  0.0  0.0  0.0  0.0  0.0  0.0  0.0
  0.0  0.0  0.0  0.0  0.0  0.0  0.0  0.0  0.0  0.0  0.0  0.0  0.0  0.0  0.0
  0.0  0.0  0.0  0.0  0.0  0.0  0.0  0.0  0.0  0.0  0.0  0.0  0.0  0.0  0.0
  0.0  0.0  0.0  0.0  0.0  0.0  0.0  0.0  0.0  0.0  0.0  0.0  0.0  0.0  0.0
  0.0  0.0  0.0  0.0  0.0  0.0  0.0  5.1 15.3  0.0  0.0  5.1  0.0  0.0  0.0
 10.2  0.0  0.0  0.0  0.0  0.0  0.0  5.1 15.3  0.0  0.0  0.0  5.1  0.0  0.0
    -30.61     -5.06      0.10     -6.61      1.07  0.0  0.0  5.1  5.1  0.0
                                      t000126_s6_p1_qjpp.txt 35.5  5.7  300
  0.0  0.0  0.0 30.0  0.0  0.0  3.3  0.0 10.0  3.3  0.0  0.0  0.0  3.3  0.0
  0.0  0.0  0.0  3.3  0.0  0.0490.0100.0 73.3  3.3  0.0  6.7  3.3  0.0  0.0
  0.0  0.0  0.0  0.0  3.3 13.3  0.0  0.0  0.0  0.0  0.0  0.0  3.3  6.7  0.0
  0.0  0.0  0.0  0.0  0.0  0.0  3.3  6.7  0.0  0.0 93.3 10.0  0.0 36.7  3.3
  0.0  0.0  0.0  0.0  0.0  0.0  0.0  0.0  0.0  0.0  0.0  0.0  0.0  0.0  0.0
  0.0  0.0  0.0  0.0  0.0  0.0  0.0  0.0  0.0  0.0  0.0  0.0  0.0  0.0  0.0
  0.0  0.0  0.0  0.0  0.0  0.0  0.0  0.0  0.0  0.0  0.0  0.0  0.0  0.0  0.0
  0.0  0.0  0.0  0.0  0.0  0.0  0.0  0.0  0.0  0.0  0.0  0.0  0.0  0.0  0.0
  0.0  0.0  0.0  0.0  0.0  0.0  0.0  3.3  6.7  0.0 20.0  0.0 10.0  0.0  0.0
  0.0  0.0  3.3  0.0  0.0  0.0  6.7  0.0  0.0  6.7  0.0  0.0  3.3  0.0  0.0
    -29.76     -3.72     -0.76     -6.61     -0.53  3.3  0.0  0.0  0.0  0.0
                                      t000126_s6_p2_qjpp.txt 34.0  5.4  501
  2.0  0.0  0.0 29.9  0.0  0.0  0.0  0.0 16.0  4.0  0.0  0.0  0.0  2.0  0.0
  0.0  0.0  0.0  4.0  0.0  2.0477.0 83.8 59.9 14.0  4.0  0.0  4.0  2.0  0.0
  2.0  0.0  0.0  0.0  0.0 16.0 10.0  0.0  0.0  0.0  0.0  0.0  6.0  0.0  0.0
  2.0  4.0  2.0  0.0  0.0  0.0  8.0  2.0  0.0  4.0 73.9 20.0  0.0 61.9  4.0
  4.0  0.0  0.0  0.0  0.0  0.0  0.0  0.0  0.0  0.0  0.0  0.0  0.0  0.0  0.0
  0.0  0.0  0.0  0.0  0.0  0.0  2.0  0.0  0.0  0.0  0.0  0.0  0.0  0.0  0.0
  0.0  0.0  2.0  0.0  2.0  2.0  0.0  0.0  0.0  0.0  0.0  0.0  0.0  0.0  0.0
  2.0  0.0  0.0  2.0  2.0  4.0  6.0  0.0  0.0  0.0  0.0  0.0  0.0  0.0  0.0
  0.0  0.0  0.0  0.0  0.0  0.0  0.0  8.0 10.0  4.0 18.0  2.0  8.0  2.0  2.0
  0.0  0.0  0.0  0.0  0.0  0.0  4.0  0.0  4.0  0.0  2.0  2.0  4.0  0.0  0.0
    -27.39     -4.35      3.06     -6.61      0.76  0.0  2.0  0.0  0.0  0.0
                                      t000126_s6_p3_qjpp.txt 32.8  5.3  816
  1.2  0.0  0.0 28.2  0.0  0.0  0.0  0.0  6.1  1.2  0.0  0.0  0.0  0.0  0.0
  0.0  0.0  0.0  2.5  0.0  0.0513.5 74.8 57.6  6.1  2.5  3.7  2.5  0.0  0.0
  1.2  0.0  0.0  2.5  0.0  6.1  7.4  0.0  0.0  0.0  0.0  1.2  3.7  4.9  0.0
  0.0  1.2  1.2  0.0  3.7  0.0  3.7  4.9  0.0  1.2 72.3  8.6  0.0 49.0  4.9
  2.5  0.0  0.0  0.0  0.0  0.0  0.0  0.0  0.0  0.0  0.0  0.0  0.0  0.0  0.0
  0.0  0.0  0.0  0.0  1.2  1.2  1.2  0.0  0.0  0.0  0.0  0.0  0.0  0.0  1.2
  0.0  0.0  1.2  0.0  0.0  0.0  0.0  0.0  0.0  0.0  0.0  0.0  0.0  0.0  0.0
  3.7  0.0  0.0  3.7  2.5  0.0  2.5  0.0  0.0  0.0  0.0  0.0  0.0  0.0  0.0
  0.0  0.0  0.0  0.0  0.0  0.0  0.0  4.9  6.1  0.0 14.7  1.2  2.5  0.0  1.2
  0.0  1.2  0.0  0.0  0.0  1.2  1.2  1.2  1.2  1.2  4.9  1.2  6.1  0.0  0.0
    -30.46     -4.26      1.04     -6.11     -0.59  0.0  0.0  0.0  0.0  0.0
                                      t000126_s6_p4_qjpp.txt 24.0  5.4  375
  2.7  0.0  0.0 34.7  0.0  0.0  0.0  0.0  5.3  2.7  2.7  2.7  0.0  0.0  0.0
  0.0  0.0  0.0  2.7  0.0  0.0440.0 90.7 90.7 18.7  2.7  5.3  0.0  0.0  0.0
  0.0  0.0  0.0  0.0  0.0 18.7  0.0  2.7  0.0  0.0  0.0  0.0  5.3  2.7  0.0
  5.3  0.0  5.3  0.0  5.3  2.7  5.3  8.0  0.0  0.0101.3  8.0  0.0 66.7  5.3
  0.0  0.0  0.0  0.0  0.0  0.0  0.0  0.0  0.0  0.0  0.0  0.0  0.0  0.0  0.0
  0.0  0.0  0.0  2.7  0.0  0.0  0.0  0.0  0.0  0.0  0.0  0.0  0.0  0.0  0.0
  0.0  0.0  0.0  0.0  0.0  0.0  0.0  0.0  0.0  0.0  0.0  0.0  0.0  0.0  0.0
  2.7  0.0  0.0  2.7  0.0  0.0  0.0  0.0  0.0  0.0  0.0  0.0  0.0  0.0  0.0
  0.0  0.0  0.0  0.0  0.0  0.0  0.0  0.0 18.7  0.0 16.0  0.0  0.0  0.0  0.0
  0.0  2.7  0.0  0.0  0.0  2.7  0.0  2.7  2.7  0.0  0.0  0.0  0.0  0.0  0.0
    -28.69     -3.97     -0.09     -5.97      1.83  0.0  0.0  0.0  0.0  0.0
                                      t000126_s6_p5_qjpp.txt 35.3  5.4  253
  7.9  0.0  0.0 47.4  0.0  0.0  4.0  0.0  4.0  4.0  4.0  0.0  0.0  0.0  0.0
  0.0  0.0  7.9  7.9  0.0  0.0407.1114.6 59.3 19.8  7.9  0.0  4.0  0.0  0.0
  0.0  4.0  0.0  0.0  0.0 35.6  0.0  0.0  0.0  0.0  0.0  7.9 15.8 11.9  4.0
  0.0  4.0  0.0  0.0  0.0  7.9 15.8 15.8  0.0  0.0 71.1 11.9  0.0 71.1  0.0
  4.0  0.0  0.0  0.0  0.0  0.0  0.0  0.0  0.0  0.0  0.0  0.0  0.0  0.0  0.0
  0.0  0.0  0.0  0.0  0.0  0.0  0.0  0.0  0.0  0.0  0.0  0.0  0.0  0.0  0.0
  0.0  0.0  0.0  0.0  0.0  0.0  0.0  0.0  0.0  0.0  0.0  0.0  0.0  0.0  0.0
  0.0  0.0  0.0  0.0  0.0  0.0  0.0  0.0  0.0  0.0  0.0  0.0  0.0  0.0  0.0
  0.0  0.0  0.0  0.0  0.0  0.0  0.0  4.0 39.5  4.0 11.9  0.0  7.9  0.0  0.0
  4.0  4.0  0.0  0.0  0.0  0.0 11.9  4.0  0.0 15.8  4.0  0.0  7.9  0.0  0.0
    -23.21     -3.99      0.42     -3.44     11.09  0.0  4.0  0.0  0.0  0.0
                                      t000126_s6_p6_qjpp.txt 34.0  5.4  322
  6.2  0.0  0.0 49.7  0.0  0.0  0.0  6.2  3.1  9.3  3.1  0.0  0.0  0.0  0.0
  0.0  0.0  3.1 12.4  0.0  0.0419.3127.3 46.6 34.2  0.0  0.0  0.0  0.0  0.0
  0.0  0.0  0.0  0.0  0.0 21.7  6.2  3.1  0.0  3.1  6.2  3.1  9.3 18.6  0.0
  0.0  3.1  3.1  0.0  9.3 12.4 18.6 18.6  0.0  0.0 65.2  3.1  0.0108.7  0.0
  0.0  0.0  0.0  0.0  0.0  0.0  0.0  0.0  0.0  0.0  0.0  0.0  0.0  0.0  0.0
  0.0  0.0  0.0  0.0  0.0  0.0  3.1  0.0  0.0  0.0  0.0  0.0  0.0  0.0  0.0
  0.0  0.0  0.0  0.0  0.0  0.0  0.0  0.0  0.0  0.0  0.0  0.0  0.0  0.0  0.0
  3.1  0.0  0.0  3.1  0.0  0.0  0.0  0.0  0.0  0.0  0.0  0.0  0.0  0.0  0.0
  0.0  0.0  0.0  0.0  0.0  0.0  0.0  9.3 24.8  3.1  9.3  3.1 12.4  0.0  0.0
  0.0  0.0  0.0  0.0  3.1  3.1  0.0 15.5  0.0 12.4  3.1  0.0  6.2  0.0  0.0
    -22.66     -4.60     -0.26     -0.25      5.02  0.0  0.0  0.0  0.0  0.0
                                      t000126_s8_p1_qjpp.txt 35.0  5.1  397
  2.5  0.0  0.0 25.2  0.0  0.0  0.0  0.0  0.0  0.0  0.0  0.0  0.0  0.0  0.0
  0.0  0.0  2.5  0.0  0.0  0.0463.5 78.1 42.8  7.6  0.0  0.0  5.0  0.0  0.0
  0.0  0.0  0.0  0.0  0.0  7.6  0.0  0.0  0.0  0.0  0.0  2.5  5.0  5.0  0.0
  0.0  0.0  0.0  0.0  2.5  2.5  0.0  5.0  0.0  0.0 60.5  0.0  0.0 35.3  0.0
  0.0  0.0  0.0  0.0  0.0  0.0  0.0  0.0  0.0  0.0  0.0  0.0  0.0  0.0  0.0
  0.0  0.0  0.0  0.0  0.0  0.0  0.0  0.0  0.0  0.0  0.0  0.0  0.0  0.0  0.0
  0.0  0.0  0.0  0.0  0.0  0.0  0.0  0.0  0.0  0.0  0.0  0.0  0.0  0.0  0.0
  0.0  0.0  0.0  0.0  0.0  0.0  0.0  0.0  0.0  0.0  0.0  0.0  0.0  0.0  0.0
  0.0  0.0  0.0  0.0  0.0  0.0  0.0  5.0 12.6  2.5  2.5  2.5  7.6  0.0  0.0
  0.0  0.0  0.0  0.0  0.0  0.0  2.5  2.5  0.0  2.5  0.0  0.0  0.0  0.0  0.0
    -28.17     -4.55      0.54     -5.60      0.29  0.0  0.0  0.0  0.0  0.0
                                      t000126_s8_p2_qjpp.txt 35.0  5.4  680
  1.5  0.0  0.0 22.1  0.0  0.0  0.0  0.0  4.4  0.0  0.0  0.0  0.0  2.9  0.0
  0.0  0.0  0.0  5.9  0.0  0.0535.3 45.6 77.9  4.4  1.5  2.9  4.4  0.0  2.9
  0.0  0.0  0.0  0.0  0.0  4.4  0.0  0.0  0.0  0.0  0.0  0.0  1.5  0.0  0.0
  1.5  0.0  0.0  0.0  1.5  0.0  5.9  1.5  0.0  2.9 86.8  5.9  1.5 33.8  1.5
  0.0  0.0  0.0  0.0  0.0  0.0  0.0  0.0  0.0  0.0  0.0  0.0  0.0  0.0  0.0
  0.0  0.0  0.0  0.0  0.0  0.0  0.0  0.0  0.0  0.0  0.0  0.0  0.0  0.0  0.0
  0.0  0.0  0.0  0.0  0.0  0.0  0.0  0.0  0.0  0.0  0.0  0.0  0.0  1.5  0.0
  0.0  0.0  0.0  0.0  0.0  0.0  0.0  1.5  0.0  0.0  0.0  0.0  0.0  0.0  0.0
  0.0  0.0  0.0  0.0  0.0  0.0  0.0 10.3  4.4  1.5 10.3  2.9  4.4  0.0  2.9
  0.0  1.5  2.9  0.0  0.0  2.9  0.0  1.5  1.5  4.4  0.0  0.0  8.8  0.0  0.0
    -29.43     -4.13      2.19     -6.61     -2.23  0.0  0.0  0.0  0.0  0.0
                                      t000126_s8_p3_qjpp.txt 33.3  5.5  429
  2.3  0.0  0.0 14.0  0.0  0.0  0.0  0.0  7.0  0.0  0.0  0.0  0.0  0.0  0.0
  0.0  0.0  0.0  4.7  0.0  0.0519.8 81.6 53.6  9.3  0.0  2.3  2.3  0.0  0.0
  0.0  0.0  0.0  4.7  0.0  9.3  7.0  0.0  2.3  0.0  0.0  2.3  4.7  2.3  0.0
  2.3  0.0  2.3  2.3  2.3  0.0  4.7  4.7  0.0  0.0 58.3  7.0  0.0 37.3  0.0
  2.3  0.0  0.0  0.0  0.0  0.0  0.0  0.0  0.0  0.0  0.0  0.0  0.0  0.0  0.0
  0.0  0.0  0.0  0.0  0.0  2.3  0.0  0.0  0.0  0.0  0.0  0.0  0.0  0.0  0.0
  2.3  0.0  0.0  0.0  0.0  0.0  0.0  0.0  0.0  0.0  0.0  0.0  0.0  0.0  0.0
  2.3  0.0  0.0  2.3  2.3  0.0  2.3  0.0  0.0  0.0  0.0  0.0  0.0  0.0  0.0
  0.0  0.0  0.0  0.0  0.0  0.0  0.0 11.7 11.7  0.0  7.0  2.3  9.3  0.0  0.0
  0.0  0.0  0.0  0.0  0.0  2.3  2.3  0.0  2.3  4.7  2.3  2.3  0.0  0.0  0.0
    -31.21     -4.54     -0.89     -4.92      0.39  0.0  0.0  0.0  0.0  0.0
                                      t000127_s1_p1_qjpp.txt 25.0  5.9  158
 19.0  0.0  0.0 94.9  0.0  0.0  0.0  0.0 19.0 12.7  0.0  0.0  0.0  0.0  0.0
  0.0  0.0  6.3  0.0  0.0  0.0506.3101.3 44.3 12.7  0.0  0.0  0.0  0.0  6.3
  0.0  0.0  0.0  0.0  6.3 38.0  0.0  0.0  6.3  0.0  0.0  0.0 19.0  0.0  0.0
  0.0  0.0 12.7  0.0  0.0  6.3  0.0  0.0  0.0  6.3 57.0 19.0  0.0113.9  0.0
  0.0  0.0  0.0  0.0  0.0  0.0  0.0  0.0  0.0  0.0  0.0  0.0  0.0  0.0  0.0
  0.0  0.0  0.0  6.3  0.0  6.3  0.0  0.0  0.0  0.0  0.0  0.0  0.0  0.0  0.0
  0.0  0.0  0.0  0.0  0.0  0.0  0.0  0.0  0.0  0.0  0.0  0.0  0.0  0.0  0.0
 12.7  0.0  0.0 12.7  0.0  0.0  0.0  0.0  0.0  0.0  0.0  0.0  0.0  0.0  0.0
  0.0  0.0  0.0  0.0  0.0  0.0  0.0  0.0 12.7  0.0 12.7 31.6  6.3  0.0  6.3
  0.0  0.0  0.0  0.0  0.0  6.3  0.0  6.3  0.0 12.7  0.0  0.0  6.3  0.0  0.0
    -25.09     -5.31      0.12     -4.56      8.24  0.0  0.0  0.0  0.0  0.0
                                     t000127_s14_p1_qjpp.txt 27.3  4.9  816
  0.0  0.0  0.0  3.7  0.0  0.0  0.0  0.0  0.0  1.2  0.0  0.0  0.0  0.0  0.0
  0.0  0.0  0.0  1.2  0.0  0.0604.2 42.9 33.1  2.5  0.0  0.0  0.0  0.0  0.0
  0.0  0.0  0.0  0.0  0.0  3.7  0.0  0.0  0.0  0.0  0.0  0.0  0.0  1.2  0.0
  1.2  0.0  0.0  0.0  0.0  0.0  1.2  2.5  0.0  0.0 35.5  0.0  0.0  7.4  0.0
  0.0  0.0  0.0  0.0  0.0  0.0  0.0  0.0  0.0  0.0  0.0  0.0  0.0  0.0  0.0
  0.0  0.0  0.0  0.0  0.0  0.0  0.0  0.0  0.0  0.0  0.0  0.0  0.0  0.0  0.0
  0.0  0.0  0.0  0.0  0.0  0.0  0.0  0.0  0.0  0.0  0.0  0.0  0.0  0.0  0.0
  0.0  0.0  0.0  0.0  0.0  0.0  0.0  0.0  0.0  0.0  0.0  0.0  0.0  0.0  0.0
  0.0  0.0  0.0  0.0  0.0  0.0  0.0  2.5  3.7  2.5  4.9 30.6 13.5  0.0  0.0
  0.0  1.2  0.0  0.0  0.0  0.0  0.0  1.2  0.0  1.2  1.2  0.0  1.2  0.0  0.0
    -30.97     -5.65      0.76     -6.61     -3.05  0.0  4.9  0.0  0.0  0.0
                                    t000127_s14_p10_qjpp.txt 11.0  4.4   68
  0.0  0.0  0.0  0.0  0.0  0.0  0.0  0.0  0.0  0.0  0.0  0.0  0.0  0.0  0.0
  0.0  0.0  0.0 14.7  0.0  0.0455.9 88.2 29.4 44.1  0.0  0.0  0.0  0.0  0.0
  0.0  0.0  0.0  0.0  0.0  0.0  0.0  0.0  0.0 14.7  0.0  0.0  0.0 44.1  0.0
 14.7  0.0  0.0  0.0  0.0  0.0 29.4 58.8  0.0  0.0 44.1  0.0  0.0 58.8  0.0
  0.0  0.0  0.0  0.0  0.0  0.0  0.0  0.0  0.0  0.0  0.0  0.0  0.0  0.0  0.0
  0.0  0.0  0.0  0.0  0.0  0.0  0.0  0.0  0.0  0.0  0.0  0.0  0.0  0.0  0.0
  0.0  0.0  0.0  0.0  0.0  0.0  0.0  0.0  0.0  0.0  0.0  0.0  0.0  0.0  0.0
  0.0  0.0  0.0  0.0  0.0  0.0  0.0  0.0  0.0  0.0  0.0  0.0  0.0  0.0  0.0
  0.0  0.0  0.0  0.0  0.0  0.0  0.0  0.0  0.0 14.7  0.0 14.7  0.0  0.0  0.0
  0.0  0.0  0.0  0.0  0.0 14.7  0.0  0.0  0.0  0.0  0.0  0.0  0.0  0.0  0.0
    -24.57     -4.28      0.97      0.08      7.80  0.0  0.0  0.0  0.0  0.0
                                    t000127_s14_p11_qjpp.txt 28.5  4.6  154
 13.0  0.0  0.0  0.0  0.0  0.0  0.0  0.0  0.0  0.0  0.0  0.0  0.0  0.0  0.0
  0.0  0.0  0.0 19.5  0.0  0.0389.6162.3 39.0 51.9  0.0  0.0  0.0  0.0  0.0
  0.0  0.0  0.0  6.5  0.0 13.0  0.0  0.0  0.0  0.0  0.0  0.0  0.0 32.5  0.0
  0.0  6.5  0.0  0.0  6.5  0.0 26.0 32.5  0.0  0.0 77.9  0.0  0.0 64.9  0.0
  0.0  0.0  0.0  0.0  0.0  0.0  0.0  0.0  0.0  0.0  0.0  0.0  0.0  0.0  0.0
  0.0  0.0  0.0  0.0  0.0  0.0  0.0  0.0  0.0  0.0  0.0  0.0  0.0  0.0  0.0
  0.0  0.0  0.0  0.0  0.0  0.0  0.0  0.0  0.0  0.0  0.0  0.0  0.0  0.0  0.0
  0.0  0.0  0.0  0.0  0.0  0.0  0.0  0.0  0.0  0.0  0.0  0.0  0.0  0.0  0.0
  0.0  0.0  0.0  0.0  0.0  0.0  0.0  6.5  6.5  0.0  6.5  6.5  6.5 13.0  0.0
  0.0  0.0  6.5  0.0  0.0  0.0  0.0 13.0  6.5  0.0  0.0  0.0  0.0  0.0  0.0
    -24.38     -4.02     -1.62     -6.61      1.29  0.0  0.0  0.0  0.0  0.0
                                    t000127_s14_p12_qjpp.txt 12.3  5.0   58
  0.0  0.0  0.0  0.0  0.0  0.0  0.0  0.0  0.0  0.0  0.0  0.0  0.0  0.0  0.0
  0.0  0.0  0.0  0.0  0.0  0.0362.1103.4103.4 69.0  0.0 17.2  0.0  0.0  0.0
  0.0  0.0  0.0  0.0  0.0 34.5 17.2  0.0  0.0  0.0  0.0 17.2  0.0 51.7  0.0
  0.0  0.0  0.0  0.0  0.0  0.0  0.0 51.7  0.0  0.0120.7  0.0  0.0120.7 34.5
  0.0  0.0  0.0  0.0  0.0  0.0  0.0  0.0  0.0  0.0  0.0  0.0  0.0  0.0  0.0
  0.0  0.0  0.0  0.0  0.0  0.0  0.0  0.0  0.0  0.0  0.0  0.0  0.0  0.0  0.0
  0.0  0.0  0.0  0.0  0.0  0.0  0.0  0.0  0.0  0.0  0.0  0.0  0.0  0.0  0.0
  0.0  0.0  0.0  0.0  0.0  0.0  0.0  0.0  0.0  0.0  0.0  0.0  0.0  0.0  0.0
  0.0  0.0  0.0  0.0  0.0  0.0  0.0  0.0  0.0  0.0  0.0 34.5 17.2 51.7  0.0
  0.0  0.0 34.5  0.0  0.0 17.2  0.0 51.7  0.0  0.0  0.0 17.2  0.0  0.0  0.0
    -30.92     -0.14     -0.99      0.29      4.21  0.0  0.0  0.0  0.0  0.0
                                    t000127_s14_p13_qjpp.txt 16.5  4.5   97
  0.0  0.0  0.0  0.0  0.0  0.0  0.0  0.0  0.0  0.0  0.0  0.0  0.0  0.0  0.0
  0.0  0.0  0.0 10.3  0.0  0.0463.9 82.5 30.9 30.9  0.0  0.0  0.0  0.0  0.0
  0.0  0.0  0.0  0.0  0.0 20.6  0.0  0.0  0.0  0.0  0.0  0.0  0.0 30.9  0.0
 10.3  0.0  0.0  0.0  0.0  0.0 10.3 41.2  0.0  0.0 61.9  0.0  0.0 61.9 10.3
  0.0  0.0  0.0  0.0  0.0  0.0  0.0  0.0  0.0  0.0  0.0  0.0  0.0  0.0  0.0
  0.0  0.0  0.0  0.0  0.0  0.0  0.0  0.0  0.0  0.0  0.0  0.0  0.0  0.0  0.0
  0.0  0.0  0.0  0.0  0.0  0.0  0.0  0.0  0.0  0.0  0.0  0.0  0.0  0.0  0.0
  0.0  0.0  0.0  0.0  0.0  0.0  0.0  0.0  0.0  0.0  0.0  0.0  0.0  0.0  0.0
  0.0  0.0  0.0  0.0  0.0  0.0  0.0  0.0  0.0 10.3 20.6 10.3  0.0 30.9  0.0
  0.0  0.0  0.0  0.0  0.0  0.0  0.0 10.3  0.0  0.0  0.0  0.0  0.0  0.0  0.0
    -25.79     -4.71     -0.20     -6.61      4.39  0.0  0.0  0.0  0.0  0.0
                                    t000127_s14_p14_qjpp.txt 10.8  5.3   66
  0.0  0.0  0.0  0.0  0.0  0.0  0.0  0.0  0.0  0.0  0.0  0.0  0.0  0.0  0.0
  0.0  0.0  0.0  0.0  0.0  0.0469.7151.5 45.5 60.6  0.0 15.2  0.0  0.0  0.0
  0.0  0.0  0.0  0.0  0.0 15.2  0.0  0.0  0.0  0.0  0.0  0.0  0.0 15.2 30.3
  0.0  0.0  0.0  0.0  0.0  0.0  0.0 45.5  0.0  0.0 45.5  0.0  0.0 90.9 15.2
  0.0  0.0  0.0  0.0  0.0  0.0  0.0  0.0  0.0  0.0  0.0  0.0  0.0  0.0  0.0
  0.0  0.0  0.0  0.0  0.0  0.0  0.0  0.0  0.0  0.0  0.0  0.0  0.0  0.0  0.0
  0.0  0.0  0.0  0.0  0.0  0.0  0.0  0.0  0.0  0.0  0.0  0.0  0.0  0.0  0.0
  0.0  0.0  0.0  0.0  0.0  0.0  0.0  0.0  0.0  0.0  0.0  0.0  0.0  0.0  0.0
  0.0  0.0  0.0  0.0  0.0  0.0  0.0  0.0  0.0  0.0  0.0 30.3 75.8 30.3  0.0
  0.0  0.0  0.0  0.0  0.0 15.2  0.0 75.8  0.0  0.0  0.0  0.0  0.0  0.0  0.0
    -33.56     -0.82      0.11     -6.61     21.98  0.0  0.0  0.0  0.0  0.0
                                    t000127_s14_p15_qjpp.txt 27.5  4.9  139
  7.2  0.0  0.0  7.2  0.0  0.0  0.0  0.0  0.0  0.0  0.0  0.0  0.0  0.0  0.0
  0.0  0.0  0.0  0.0  0.0  0.0431.7129.5 36.0 64.7  0.0  7.2  0.0  0.0  0.0
  0.0  0.0  0.0  7.2  0.0  7.2  7.2  0.0  0.0  0.0  0.0  0.0  0.0 28.8  0.0
  0.0  7.2  0.0  0.0  7.2  0.0  7.2 28.8  0.0  0.0 71.9  0.0  0.0 86.3  0.0
  0.0  0.0  0.0  0.0  0.0  0.0  0.0  0.0  0.0  0.0  0.0  0.0  0.0  0.0  0.0
  0.0  0.0  0.0  0.0  0.0  0.0  0.0  0.0  0.0  0.0  0.0  0.0  0.0  0.0  0.0
  0.0  0.0  0.0  0.0  0.0  0.0  0.0  0.0  0.0  0.0  0.0  0.0  0.0  0.0  0.0
  0.0  0.0  0.0  0.0  0.0  0.0  0.0  0.0  0.0  0.0  0.0  0.0  0.0  0.0  0.0
  0.0  0.0  0.0  0.0  0.0  0.0  0.0  0.0 14.4 14.4 14.4 21.6 21.6  7.2  7.2
  0.0  0.0  7.2  0.0  0.0 14.4  0.0 14.4  7.2  0.0  0.0  7.2  7.2  0.0  0.0
    -29.28     -2.21     -1.49     -6.61      0.73  0.0  0.0  0.0  0.0  0.0
                                    t000127_s14_p16_qjpp.txt 29.0  5.1  151
  0.0  0.0  0.0 13.2  0.0  0.0  0.0  0.0  0.0  0.0  0.0  0.0  0.0  0.0  0.0
  0.0  0.0  0.0  0.0  0.0  0.0404.0125.8 19.9 59.6  0.0  0.0  0.0  0.0  0.0
  0.0  0.0  0.0  6.6  6.6  0.0  0.0  0.0  0.0  0.0  0.0  0.0  0.0 26.5  0.0
  6.6 13.2  0.0  0.0  6.6  0.0 13.2 33.1  0.0  0.0 72.8  0.0  0.0 92.7  0.0
  0.0  0.0  0.0  0.0  0.0  0.0  0.0  0.0  0.0  0.0  0.0  0.0  0.0  0.0  0.0
  0.0  0.0  0.0  0.0  0.0  0.0  0.0  0.0  0.0  0.0  0.0  0.0  0.0  0.0  0.0
  0.0  0.0  0.0  0.0  0.0  0.0  0.0  0.0  0.0  0.0  0.0  0.0  0.0  0.0  0.0
  0.0  0.0  0.0  0.0  0.0  0.0  0.0  0.0  0.0  0.0  0.0  0.0  0.0  0.0  0.0
  0.0  0.0  0.0  0.0  0.0  0.0  0.0  0.0 13.2  0.0  0.0  6.6 13.2  0.0  0.0
  0.0  0.0  0.0  0.0  0.0  0.0  0.0  6.6  6.6  0.0  0.0  0.0  6.6  0.0  0.0
    -28.54     -3.77     -2.87     -6.61      2.52  0.0  0.0  0.0  0.0  0.0
                                    t000127_s14_p17_qjpp.txt 31.5  4.8  162
  6.2  0.0  0.0  0.0  0.0  0.0  0.0  0.0  0.0  0.0  0.0  0.0  0.0  0.0  0.0
  0.0  0.0  0.0 12.3  0.0  0.0444.4135.8 24.7 49.4  0.0  0.0  0.0  0.0  0.0
  0.0  0.0  0.0 12.3  0.0 24.7  0.0  0.0  0.0  0.0  0.0 12.3  0.0 30.9  6.2
  0.0  6.2  0.0  0.0  0.0  0.0 18.5 37.0  0.0  0.0 30.9  0.0  0.0 67.9  6.2
  0.0  0.0  0.0  0.0  0.0  0.0  0.0  0.0  0.0  0.0  0.0  0.0  0.0  0.0  0.0
  0.0  0.0  0.0  0.0  0.0  0.0  0.0  0.0  0.0  0.0  0.0  0.0  0.0  0.0  0.0
  0.0  0.0  0.0  0.0  0.0  0.0  0.0  0.0  0.0  0.0  0.0  0.0  0.0  0.0  0.0
  0.0  0.0  0.0  0.0  0.0  0.0  0.0  0.0  0.0  0.0  0.0  0.0  0.0  0.0  0.0
  0.0  0.0  0.0  0.0  0.0  0.0  0.0  0.0  6.2  0.0  6.2 18.5 12.3  6.2  6.2
  0.0  0.0  0.0  0.0  0.0  0.0  0.0 18.5  6.2  0.0  0.0  0.0  0.0  0.0  0.0
    -26.64     -4.10     -3.96     -1.67      5.80  0.0  0.0  0.0  0.0  0.0
                                    t000127_s14_p18_qjpp.txt 29.5  4.1  261
  0.0  3.8  0.0  0.0  0.0  0.0  0.0  0.0  0.0  0.0  0.0  0.0  0.0  0.0  0.0
  0.0  0.0  0.0  7.7  0.0  0.0410.0 95.8 19.2 49.8  0.0  3.8  3.8  0.0  0.0
  0.0  0.0  0.0  0.0  0.0 42.1  0.0  0.0  0.0  0.0  0.0  0.0  7.7 30.7  7.7
  0.0  0.0  0.0  0.0  0.0  0.0  7.7 38.3  0.0  0.0 34.5  0.0  0.0 61.3  3.8
  0.0  0.0  0.0  0.0  0.0  0.0  0.0  0.0  0.0  0.0  0.0  0.0  0.0  0.0  0.0
  0.0  0.0  0.0  3.8  0.0  0.0  0.0  0.0  0.0  0.0  0.0  0.0  0.0  0.0  0.0
  0.0  0.0  0.0  0.0  0.0  0.0  0.0  0.0  0.0  0.0  0.0  0.0  0.0  0.0  0.0
  3.8  0.0  0.0  3.8  0.0  0.0  0.0  0.0  0.0  0.0  0.0  0.0  0.0  0.0  0.0
  0.0  0.0  0.0  0.0  0.0  0.0  0.0  0.0  0.0  0.0 11.5 23.0 23.0  7.7  0.0
  0.0  0.0  7.7  0.0  0.0  3.8  0.0 15.3  3.8  0.0  0.0  3.8  0.0  0.0  0.0
    -22.69     -2.64     -1.42     -6.61     11.70  0.0  0.0  0.0  0.0  0.0
                                    t000127_s14_p19_qjpp.txt 15.0  4.5   80
  0.0  0.0  0.0  0.0  0.0  0.0  0.0  0.0  0.0  0.0  0.0  0.0  0.0  0.0  0.0
  0.0  0.0  0.0 12.5  0.0  0.0400.0150.0  0.0 62.5  0.0 25.0  0.0  0.0  0.0
  0.0  0.0  0.0  0.0  0.0  0.0  0.0  0.0  0.0  0.0  0.0  0.0  0.0 25.0  0.0
 12.5  0.0  0.0  0.0 12.5  0.0 12.5 37.5  0.0  0.0 37.5  0.0  0.0 75.0  0.0
  0.0  0.0  0.0  0.0  0.0  0.0  0.0  0.0  0.0  0.0  0.0  0.0  0.0  0.0  0.0
  0.0  0.0  0.0  0.0  0.0  0.0  0.0  0.0  0.0  0.0  0.0  0.0  0.0  0.0  0.0
  0.0  0.0  0.0  0.0  0.0  0.0  0.0  0.0  0.0  0.0  0.0  0.0  0.0  0.0  0.0
  0.0  0.0  0.0  0.0  0.0  0.0  0.0  0.0  0.0  0.0  0.0  0.0  0.0  0.0  0.0
  0.0  0.0  0.0  0.0  0.0  0.0  0.0  0.0  0.0 12.5  0.0  0.0  0.0  0.0  0.0
  0.0  0.0  0.0  0.0  0.0  0.0  0.0  0.0 12.5  0.0  0.0  0.0 12.5  0.0  0.0
    -24.38      1.14      0.97     -6.61      4.19  0.0  0.0  0.0  0.0  0.0
                                     t000127_s14_p2_qjpp.txt  4.8  5.8   22
  0.0  0.0  0.0 90.9  0.0  0.0  0.0  0.0  0.0  0.0  0.0  0.0  0.0  0.0  0.0
  0.0  0.0  0.0  0.0  0.0  0.0409.1 90.9  0.0  0.0  0.0  0.0  0.0  0.0  0.0
  0.0  0.0  0.0  0.0  0.0  0.0  0.0 45.5  0.0  0.0 45.5  0.0  0.0 45.5 45.5
  0.0  0.0  0.0  0.0  0.0 90.9  0.0 90.9  0.0  0.0  0.0  0.0  0.0 90.9  0.0
  0.0  0.0  0.0  0.0  0.0  0.0  0.0  0.0  0.0  0.0  0.0  0.0  0.0  0.0  0.0
  0.0  0.0  0.0  0.0  0.0  0.0  0.0  0.0  0.0  0.0  0.0  0.0  0.0  0.0  0.0
  0.0  0.0  0.0  0.0  0.0  0.0  0.0  0.0  0.0  0.0  0.0  0.0  0.0  0.0  0.0
  0.0  0.0  0.0  0.0  0.0  0.0  0.0  0.0  0.0  0.0  0.0  0.0  0.0  0.0  0.0
  0.0  0.0  0.0  0.0  0.0  0.0  0.0  0.0  0.0  0.0 90.9  0.0 45.5  0.0  0.0
  0.0  0.0  0.0  0.0  0.0  0.0  0.0  0.0  0.0  0.0  0.0  0.0  0.0  0.0  0.0
    -25.57     -5.73      0.97     25.86     38.23  0.0  0.0  0.0  0.0  0.0
                                    t000127_s14_p20_qjpp.txt 13.0  4.0   73
 13.7  0.0  0.0  0.0  0.0  0.0  0.0  0.0  0.0  0.0  0.0  0.0  0.0  0.0  0.0
  0.0  0.0  0.0 13.7  0.0  0.0616.4 82.2  0.0 41.1  0.0  0.0  0.0  0.0  0.0
  0.0  0.0  0.0 13.7  0.0  0.0  0.0  0.0  0.0  0.0  0.0  0.0  0.0 27.4  0.0
  0.0  0.0  0.0  0.0  0.0  0.0 13.7 27.4  0.0  0.0 13.7  0.0  0.0 41.1  0.0
  0.0  0.0  0.0  0.0  0.0  0.0  0.0  0.0  0.0  0.0  0.0  0.0  0.0  0.0  0.0
  0.0  0.0  0.0  0.0  0.0  0.0  0.0  0.0  0.0  0.0  0.0  0.0  0.0  0.0  0.0
  0.0  0.0  0.0  0.0  0.0  0.0  0.0  0.0  0.0  0.0  0.0  0.0  0.0  0.0  0.0
  0.0  0.0  0.0  0.0  0.0  0.0  0.0  0.0  0.0  0.0  0.0  0.0  0.0  0.0  0.0
  0.0  0.0  0.0  0.0  0.0  0.0  0.0  0.0  0.0  0.0  0.0 82.2 13.7  0.0  0.0
  0.0  0.0  0.0  0.0  0.0  0.0  0.0 27.4  0.0  0.0  0.0  0.0  0.0  0.0  0.0
    -25.10     -4.38     -2.94     -6.61      0.52  0.0  0.0  0.0  0.0  0.0
                                    t000127_s14_p21_qjpp.txt 15.0  4.2   81
  0.0  0.0  0.0  0.0  0.0  0.0  0.0  0.0  0.0  0.0  0.0  0.0  0.0  0.0  0.0
  0.0  0.0  0.0 12.3  0.0  0.0444.4 98.8 61.7 74.1  0.0  0.0  0.0  0.0  0.0
  0.0  0.0  0.0  0.0  0.0 12.3  0.0  0.0  0.0  0.0  0.0  0.0  0.0 37.0  0.0
  0.0  0.0  0.0  0.0  0.0  0.0 12.3 37.0  0.0  0.0 61.7  0.0  0.0 86.4 12.3
  0.0  0.0  0.0  0.0  0.0  0.0  0.0  0.0  0.0  0.0  0.0  0.0  0.0  0.0  0.0
  0.0  0.0  0.0  0.0  0.0  0.0  0.0  0.0  0.0  0.0  0.0  0.0  0.0  0.0  0.0
  0.0  0.0  0.0  0.0  0.0  0.0  0.0  0.0  0.0  0.0  0.0  0.0  0.0  0.0  0.0
  0.0  0.0  0.0  0.0  0.0  0.0  0.0  0.0  0.0  0.0  0.0  0.0  0.0  0.0  0.0
  0.0  0.0  0.0  0.0  0.0  0.0  0.0  0.0  0.0  0.0 12.3  0.0 12.3  0.0  0.0
  0.0  0.0  0.0  0.0  0.0 12.3  0.0 24.7  0.0  0.0  0.0  0.0 12.3  0.0  0.0
    -26.39     -3.29      0.27     -6.61      1.99  0.0  0.0  0.0  0.0  0.0
                                    t000127_s14_p22_qjpp.txt 31.0  5.1  371
  0.0  0.0  0.0  0.0  0.0  0.0  0.0  0.0  2.7  0.0  0.0  0.0  0.0  0.0  0.0
  0.0  0.0  0.0  2.7  0.0  0.0463.6115.9 43.1 48.5  0.0  0.0  0.0  0.0  0.0
  0.0  0.0  0.0  5.4  2.7  5.4  8.1  0.0  0.0  0.0  0.0  2.7  0.0 24.3  0.0
  0.0  0.0  0.0  0.0  0.0  0.0  2.7 24.3  0.0  0.0 48.5  2.7  0.0 59.3  2.7
  0.0  0.0  0.0  0.0  0.0  0.0  0.0  0.0  0.0  0.0  0.0  0.0  0.0  0.0  0.0
  0.0  0.0  0.0  0.0  0.0  0.0  0.0  0.0  0.0  0.0  0.0  0.0  0.0  0.0  0.0
  0.0  0.0  0.0  0.0  0.0  0.0  0.0  0.0  0.0  0.0  0.0  0.0  0.0  0.0  0.0
  0.0  0.0  0.0  0.0  0.0  0.0  0.0  0.0  0.0  0.0  0.0  0.0  0.0  0.0  0.0
  0.0  0.0  0.0  0.0  0.0  0.0  0.0  2.7 10.8  2.7 21.6 24.3  8.1  2.7  8.1
  0.0  2.7  0.0  0.0  2.7  5.4  0.0 21.6  2.7  2.7  0.0  0.0  2.7  0.0  0.0
    -30.76     -4.13     -1.67     -5.53      0.05  0.0  0.0  2.7  0.0  0.0
                                    t000127_s14_p23_qjpp.txt 22.8  4.6  128
  0.0  0.0  0.0  0.0  0.0  0.0  0.0  0.0  0.0  0.0  0.0  0.0  0.0  0.0  0.0
  0.0  0.0  0.0  7.8  0.0  0.0445.3148.4 15.6 31.3  0.0  0.0  0.0  0.0  0.0
  0.0  0.0  0.0  0.0  0.0  7.8 15.6  0.0  0.0  0.0  0.0  7.8  0.0  7.8  0.0
  7.8  0.0  0.0  0.0  0.0  0.0  7.8 15.6  0.0  0.0 46.9  0.0  0.0 46.9  0.0
  0.0  0.0  0.0  0.0  0.0  0.0  0.0  0.0  0.0  0.0  0.0  0.0  0.0  0.0  0.0
  0.0  0.0  0.0  0.0  0.0  0.0  0.0  0.0  0.0  0.0  0.0  0.0  0.0  0.0  0.0
  0.0  0.0  0.0  0.0  0.0  7.8  0.0  0.0  0.0  0.0  0.0  0.0  0.0  0.0  0.0
  0.0  0.0  0.0  0.0  0.0  7.8  7.8  0.0  0.0  0.0  0.0  0.0  0.0  0.0  0.0
  0.0  0.0  0.0  0.0  0.0  0.0  0.0  0.0  7.8  7.8 23.4 23.4  7.8  0.0  7.8
  0.0  0.0  0.0  0.0  0.0  0.0  0.0 15.6  0.0  0.0  0.0  0.0  0.0  0.0  0.0
    -27.80     -4.70      0.53     -3.48      0.08  0.0  0.0  0.0  0.0  0.0
                                    t000127_s14_p24_qjpp.txt 27.3  4.9  164
  0.0  0.0  0.0  6.1  0.0  0.0  0.0  0.0  0.0  0.0  0.0  0.0  0.0  0.0  0.0
  0.0  0.0  0.0  0.0  0.0  0.0469.5 91.5 67.1 42.7  0.0  0.0  0.0  0.0  0.0
  0.0  0.0  0.0  0.0  0.0 12.2  6.1  0.0  0.0  0.0  0.0  0.0  6.1 24.4  6.1
  6.1  0.0  0.0  0.0  0.0  0.0  0.0 36.6  0.0  0.0 67.1  0.0  0.0 73.2  6.1
  0.0  0.0  0.0  0.0  0.0  0.0  0.0  0.0  0.0  0.0  0.0  0.0  0.0  0.0  0.0
  0.0  0.0  0.0  0.0  0.0  0.0  0.0  0.0  0.0  0.0  0.0  0.0  0.0  0.0  0.0
  0.0  0.0  0.0  0.0  0.0  0.0  0.0  0.0  0.0  0.0  0.0  0.0  0.0  0.0  0.0
  0.0  0.0  0.0  0.0  0.0  0.0  0.0  0.0  0.0  0.0  0.0  0.0  0.0  0.0  0.0
  0.0  0.0  0.0  0.0  0.0  0.0  0.0  0.0 12.2 12.2  0.0  0.0  6.1 18.3 24.4
  0.0  0.0  0.0  0.0  0.0  0.0  0.0 18.3 12.2 18.3  0.0  0.0  0.0  0.0  0.0
    -31.23     -4.32      0.28     -6.61     10.54  0.0  0.0  0.0  0.0  0.0
                                    t000127_s14_p25_qjpp.txt 36.8  4.8  265
 11.3  3.8  0.0 18.9  0.0  0.0  0.0  0.0  0.0  0.0  0.0  0.0  0.0  0.0  0.0
  0.0  0.0  0.0  0.0  0.0  0.0445.3105.7 45.3 41.5  0.0  0.0  0.0  0.0  0.0
  0.0  0.0  0.0  0.0  0.0 15.1  0.0  0.0  0.0  0.0  0.0  0.0  0.0  7.5  7.5
  7.5  3.8  3.8  0.0  0.0  0.0  3.8 22.6  0.0  0.0 60.4  0.0  0.0 79.2  3.8
  3.8  0.0  0.0  0.0  0.0  0.0  0.0  0.0  0.0  0.0  0.0  0.0  0.0  0.0  0.0
  0.0  0.0  0.0  3.8  0.0  0.0  0.0  0.0  0.0  0.0  0.0  0.0  0.0  0.0  0.0
  0.0  0.0  0.0  0.0  0.0  0.0  0.0  0.0  0.0  0.0  0.0  0.0  0.0  0.0  0.0
  3.8  0.0  0.0  3.8  0.0  0.0  0.0  0.0  0.0  0.0  0.0  0.0  0.0  0.0  0.0
  0.0  0.0  0.0  0.0  0.0  0.0  0.0  3.8  3.8  0.0  3.8 18.9  0.0  3.8  3.8
  0.0  0.0  3.8  0.0  0.0  0.0  0.0 18.9  7.5  7.5  0.0 11.3  7.5  0.0  0.0
    -27.34     -4.36      0.12     -6.61      5.76  0.0  0.0  0.0  0.0  0.0
                                    t000127_s14_p26_qjpp.txt 22.8  4.4  129
  0.0  0.0  0.0  0.0  0.0  0.0  0.0  0.0  0.0  0.0  0.0  0.0  0.0  0.0  0.0
  0.0  0.0  0.0 15.5  0.0  0.0395.3108.5 31.0 46.5  0.0  7.8  0.0  0.0  0.0
  0.0  7.8  0.0  7.8  0.0 15.5  0.0  0.0  0.0  0.0  0.0  0.0  0.0 38.8  0.0
  0.0  0.0  0.0  0.0  0.0  0.0 23.3 38.8  0.0  0.0 38.8  0.0  0.0 62.0  7.8
  0.0  0.0  0.0  0.0  0.0  0.0  0.0  0.0  0.0  0.0  0.0  0.0  0.0  0.0  0.0
  0.0  0.0  0.0  0.0  0.0  0.0  0.0  0.0  0.0  0.0  0.0  0.0  0.0  0.0  0.0
  0.0  0.0  0.0  0.0  0.0  0.0  0.0  0.0  0.0  0.0  0.0  0.0  0.0  0.0  0.0
  0.0  0.0  0.0  0.0  0.0  0.0  0.0  0.0  0.0  0.0  0.0  0.0  0.0  0.0  0.0
  0.0  0.0  0.0  0.0  0.0  0.0  0.0  0.0 15.5  7.8  0.0 15.5  7.8  7.8  0.0
  0.0  0.0  7.8  0.0  0.0 15.5  0.0 38.8  0.0  0.0  0.0  0.0  0.0  0.0  0.0
    -23.43     -2.71      0.75     -6.61      2.25  0.0  0.0  0.0  0.0  0.0
                                    t000127_s14_p27_qjpp.txt 16.3  4.2  100
  0.0  0.0  0.0  0.0  0.0  0.0  0.0  0.0 20.0  0.0  0.0  0.0  0.0  0.0  0.0
  0.0  0.0  0.0 10.0  0.0  0.0580.0 80.0 20.0 20.0  0.0 10.0  0.0  0.0  0.0
  0.0  0.0  0.0  0.0  0.0 10.0 10.0  0.0  0.0  0.0  0.0  0.0 10.0 20.0  0.0
  0.0  0.0  0.0  0.0  0.0  0.0 10.0 20.0  0.0  0.0 20.0 20.0  0.0 70.0 10.0
  0.0  0.0  0.0  0.0  0.0  0.0  0.0  0.0  0.0  0.0  0.0  0.0  0.0  0.0  0.0
  0.0  0.0  0.0  0.0  0.0  0.0  0.0  0.0  0.0  0.0  0.0  0.0  0.0  0.0  0.0
  0.0  0.0  0.0  0.0  0.0  0.0  0.0  0.0  0.0  0.0  0.0  0.0  0.0  0.0  0.0
  0.0  0.0  0.0  0.0  0.0  0.0  0.0  0.0  0.0  0.0  0.0  0.0  0.0  0.0  0.0
  0.0  0.0  0.0  0.0  0.0  0.0  0.0  0.0  0.0  0.0 10.0  0.0  0.0  0.0  0.0
  0.0  0.0  0.0  0.0  0.0  0.0  0.0 20.0  0.0  0.0  0.0  0.0  0.0  0.0  0.0
    -26.90     -3.15      0.41     -6.61      5.65  0.0  0.0  0.0  0.0  0.0
                                    t000127_s14_p28_qjpp.txt 13.3  4.7   66
  0.0  0.0  0.0 15.2  0.0  0.0  0.0  0.0 60.6  0.0  0.0  0.0  0.0  0.0  0.0
  0.0  0.0  0.0 15.2  0.0  0.0469.7136.4 30.3 15.2  0.0  0.0  0.0  0.0  0.0
  0.0  0.0  0.0  0.0  0.0  0.0 15.2  0.0  0.0  0.0  0.0  0.0  0.0 15.2  0.0
  0.0  0.0  0.0  0.0  0.0  0.0 15.2 15.2  0.0  0.0 30.3 60.6  0.0 75.8  0.0
  0.0  0.0  0.0  0.0  0.0  0.0  0.0  0.0  0.0  0.0  0.0  0.0  0.0  0.0  0.0
  0.0  0.0  0.0  0.0  0.0  0.0  0.0  0.0  0.0  0.0  0.0  0.0  0.0  0.0  0.0
  0.0  0.0  0.0  0.0  0.0  0.0  0.0  0.0  0.0  0.0  0.0  0.0  0.0  0.0  0.0
  0.0  0.0  0.0  0.0  0.0  0.0  0.0  0.0  0.0  0.0  0.0  0.0  0.0  0.0  0.0
  0.0  0.0  0.0  0.0  0.0  0.0  0.0  0.0  0.0  0.0  0.0  0.0  0.0  0.0  0.0
  0.0  0.0  0.0  0.0  0.0  0.0  0.0 15.2  0.0  0.0  0.0  0.0  0.0  0.0  0.0
    -24.79     -5.23      0.97     -6.61     -1.33  0.0  0.0  0.0  0.0  0.0
                                    t000127_s14_p29_qjpp.txt  9.0  4.9   42
  0.0  0.0  0.0  0.0  0.0  0.0  0.0  0.0 23.8  0.0  0.0  0.0  0.0  0.0  0.0
  0.0  0.0  0.0 23.8  0.0  0.0523.8 71.4  0.0 23.8 23.8 23.8  0.0  0.0  0.0
  0.0  0.0  0.0  0.0  0.0  0.0 23.8  0.0  0.0  0.0  0.0  0.0  0.0  0.0  0.0
  0.0  0.0  0.0  0.0  0.0  0.0 23.8  0.0  0.0  0.0 23.8 47.6  0.0 71.4  0.0
  0.0  0.0  0.0  0.0  0.0  0.0  0.0  0.0  0.0  0.0  0.0  0.0  0.0  0.0  0.0
  0.0  0.0  0.0  0.0  0.0  0.0  0.0  0.0  0.0  0.0  0.0  0.0  0.0  0.0  0.0
  0.0  0.0  0.0  0.0  0.0  0.0  0.0  0.0  0.0  0.0  0.0  0.0  0.0  0.0  0.0
  0.0  0.0  0.0  0.0  0.0  0.0  0.0  0.0  0.0  0.0  0.0  0.0  0.0  0.0  0.0
  0.0  0.0  0.0  0.0  0.0  0.0  0.0  0.0 23.8  0.0 23.8  0.0 23.8  0.0  0.0
  0.0  0.0  0.0  0.0  0.0  0.0  0.0  0.0 23.8  0.0  0.0  0.0  0.0  0.0  0.0
    -22.64      0.69      0.97     -6.61     -3.63  0.0  0.0  0.0  0.0  0.0
                                     t000127_s14_p3_qjpp.txt  6.5  5.4   27
  0.0  0.0  0.0111.1  0.0  0.0  0.0  0.0  0.0  0.0  0.0  0.0  0.0  0.0  0.0
  0.0  0.0 37.0 37.0  0.0  0.0259.3111.1 74.1 37.0  0.0  0.0  0.0  0.0  0.0
  0.0  0.0  0.0  0.0  0.0  0.0  0.0 37.0  0.0 37.0  0.0  0.0  0.0 37.0  0.0
  0.0  0.0  0.0  0.0 37.0 74.1 74.1 37.0  0.0  0.0148.1  0.0  0.0111.1  0.0
  0.0  0.0  0.0  0.0  0.0  0.0  0.0  0.0  0.0  0.0  0.0  0.0  0.0  0.0  0.0
  0.0  0.0  0.0  0.0  0.0  0.0  0.0  0.0  0.0  0.0  0.0  0.0  0.0  0.0  0.0
  0.0  0.0  0.0  0.0  0.0  0.0  0.0  0.0  0.0  0.0  0.0  0.0  0.0  0.0  0.0
  0.0  0.0  0.0  0.0  0.0  0.0  0.0  0.0  0.0  0.0  0.0  0.0  0.0  0.0  0.0
  0.0  0.0  0.0  0.0  0.0  0.0  0.0  0.0 74.1  0.0  0.0  0.0  0.0  0.0  0.0
  0.0  0.0  0.0  0.0  0.0  0.0  0.0 37.0  0.0  0.0 37.0  0.0  0.0  0.0  0.0
     -6.30     -4.51      0.97     19.05      1.99  0.0  0.0  0.0  0.0  0.0
                                    t000127_s14_p30_qjpp.txt 18.0  4.5  136
  0.0  0.0  0.0  0.0  0.0  0.0  0.0  0.0 51.5  0.0  0.0  0.0  0.0  0.0  0.0
  0.0  0.0  0.0  7.4  0.0  0.0492.6 80.9 22.1 22.1  0.0  0.0  0.0  0.0  0.0
  0.0  0.0  0.0  7.4  0.0  7.4  7.4  0.0  0.0  0.0  0.0  0.0  0.0 14.7  0.0
  0.0  0.0  0.0  0.0  0.0  0.0  7.4 14.7  0.0  0.0 22.1 51.5  0.0 58.8  7.4
  0.0  0.0  0.0  0.0  0.0  0.0  0.0  0.0  0.0  0.0  0.0  0.0  0.0  0.0  0.0
  0.0  0.0  0.0  0.0  0.0  0.0  0.0  0.0  0.0  0.0  0.0  0.0  0.0  0.0  0.0
  0.0  0.0  0.0  0.0  0.0  0.0  0.0  0.0  0.0  0.0  0.0  0.0  0.0  0.0  0.0
  0.0  0.0  0.0  0.0  0.0  0.0  0.0  0.0  0.0  0.0  0.0  0.0  0.0  0.0  0.0
  0.0  0.0  0.0  0.0  0.0  0.0  0.0  0.0  0.0  0.0  0.0  7.4  0.0  0.0  0.0
  0.0  0.0  0.0  0.0  0.0  0.0  0.0 29.4  0.0  0.0  0.0  0.0  0.0  0.0  0.0
    -24.66     -5.00     -1.54     -6.61     -1.40  0.0  0.0  0.0  0.0  0.0
                                    t000127_s14_p31_qjpp.txt  4.8  6.1   20
  0.0  0.0  0.0100.0  0.0  0.0  0.0  0.0  0.0  0.0  0.0  0.0  0.0  0.0  0.0
  0.0  0.0  0.0  0.0  0.0  0.0400.0150.0  0.0 50.0  0.0  0.0  0.0  0.0  0.0
  0.0  0.0  0.0  0.0  0.0 50.0  0.0  0.0  0.0  0.0  0.0  0.0  0.0100.0 50.0
  0.0  0.0  0.0  0.0  0.0  0.0  0.0150.0  0.0  0.0 50.0  0.0  0.0200.0  0.0
  0.0  0.0  0.0  0.0  0.0  0.0  0.0  0.0  0.0  0.0  0.0  0.0  0.0  0.0  0.0
  0.0  0.0  0.0  0.0  0.0  0.0  0.0  0.0  0.0  0.0  0.0  0.0  0.0  0.0  0.0
  0.0  0.0  0.0  0.0  0.0  0.0  0.0  0.0  0.0  0.0  0.0  0.0  0.0  0.0  0.0
  0.0  0.0  0.0  0.0  0.0  0.0  0.0  0.0  0.0  0.0  0.0  0.0  0.0  0.0  0.0
  0.0  0.0  0.0  0.0  0.0  0.0  0.0  0.0  0.0 50.0  0.0  0.0 50.0  0.0  0.0
  0.0  0.0  0.0  0.0  0.0  0.0  0.0  0.0 50.0  0.0  0.0  0.0  0.0  0.0  0.0
    -28.20     -4.08     -1.87     -6.61     49.99  0.0  0.0  0.0  0.0  0.0
                                    t000127_s14_p32_qjpp.txt 16.5  5.6   84
 35.7 11.9  0.0 35.7  0.0  0.0  0.0  0.0  0.0  0.0  0.0  0.0  0.0  0.0  0.0
  0.0  0.0  0.0 11.9  0.0  0.0392.9 95.2 71.4 23.8  0.0  0.0  0.0  0.0  0.0
  0.0  0.0  0.0  0.0  0.0 35.7  0.0  0.0  0.0  0.0  0.0  0.0  0.0 35.7 11.9
 11.9  0.0  0.0  0.0  0.0  0.0 11.9 59.5  0.0  0.0 83.3  0.0  0.0131.0 11.9
  0.0  0.0  0.0  0.0  0.0  0.0  0.0  0.0  0.0  0.0  0.0  0.0  0.0  0.0  0.0
  0.0  0.0  0.0  0.0  0.0  0.0 11.9  0.0  0.0  0.0  0.0  0.0  0.0  0.0  0.0
  0.0  0.0  0.0  0.0  0.0  0.0  0.0  0.0  0.0  0.0  0.0  0.0  0.0  0.0  0.0
 11.9  0.0  0.0 11.9  0.0  0.0  0.0  0.0  0.0  0.0  0.0  0.0  0.0  0.0  0.0
  0.0  0.0  0.0  0.0  0.0  0.0  0.0  0.0 11.9  0.0  0.0 11.9 11.9  0.0  0.0
  0.0  0.0  0.0  0.0  0.0 11.9  0.0 23.8  0.0  0.0  0.0  0.0 35.7  0.0  0.0
    -21.55     -4.94     -1.06     -6.61     14.78  0.0  0.0  0.0  0.0  0.0
                                     t000127_s14_p4_qjpp.txt  4.5  5.7   19
  0.0  0.0  0.0105.3  0.0  0.0  0.0  0.0  0.0  0.0  0.0  0.0  0.0  0.0  0.0
  0.0  0.0  0.0  0.0  0.0  0.0421.1105.3 52.6 52.6  0.0  0.0  0.0  0.0  0.0
  0.0  0.0  0.0  0.0  0.0  0.0  0.0  0.0  0.0  0.0  0.0  0.0  0.0  0.0  0.0
  0.0  0.0  0.0  0.0 52.6  0.0  0.0  0.0  0.0  0.0105.3  0.0  0.0105.3  0.0
  0.0  0.0  0.0  0.0  0.0  0.0  0.0  0.0  0.0  0.0  0.0  0.0  0.0  0.0  0.0
  0.0  0.0  0.0  0.0  0.0  0.0  0.0  0.0  0.0  0.0  0.0  0.0  0.0  0.0  0.0
  0.0  0.0  0.0  0.0  0.0  0.0  0.0  0.0  0.0  0.0  0.0  0.0  0.0  0.0  0.0
  0.0  0.0  0.0  0.0  0.0  0.0  0.0  0.0  0.0  0.0  0.0  0.0  0.0  0.0  0.0
  0.0  0.0  0.0  0.0  0.0  0.0  0.0  0.0 52.6  0.0157.9  0.0105.3  0.0  0.0
  0.0  0.0  0.0  0.0  0.0  0.0  0.0  0.0  0.0  0.0  0.0  0.0  0.0  0.0  0.0
    -28.63     -4.00      0.97     -6.61     -3.63  0.0  0.0  0.0  0.0  0.0
                                     t000127_s14_p5_qjpp.txt  8.3  4.2   69
  0.0  0.0  0.0  0.0  0.0  0.0  0.0  0.0  0.0  0.0  0.0  0.0  0.0  0.0  0.0
  0.0  0.0  0.0  0.0  0.0  0.0333.3144.9  0.0 72.5  0.0  0.0  0.0  0.0  0.0
  0.0  0.0  0.0  0.0  0.0 72.5  0.0  0.0  0.0  0.0  0.0  0.0  0.0 72.5  0.0
  0.0  0.0  0.0  0.0  0.0  0.0  0.0 72.5  0.0  0.0 72.5  0.0  0.0 72.5  0.0
  0.0  0.0  0.0  0.0  0.0  0.0  0.0  0.0  0.0  0.0  0.0  0.0  0.0  0.0  0.0
  0.0  0.0  0.0  0.0  0.0  0.0  0.0  0.0  0.0  0.0  0.0  0.0  0.0  0.0  0.0
  0.0  0.0  0.0  0.0  0.0  0.0  0.0  0.0  0.0  0.0  0.0  0.0  0.0  0.0  0.0
  0.0  0.0  0.0  0.0  0.0  0.0  0.0  0.0  0.0  0.0  0.0  0.0  0.0  0.0  0.0
  0.0  0.0  0.0  0.0  0.0  0.0  0.0  0.0 29.0  0.0  0.0 29.0  0.0  0.0  0.0
  0.0  0.0  0.0  0.0  0.0  0.0  0.0  0.0  0.0  0.0  0.0  0.0  0.0  0.0  0.0
    -24.37     -3.34     -3.14     -6.61      7.35  0.0  0.0  0.0  0.0  0.0
                                     t000127_s14_p6_qjpp.txt  9.3  4.6   48
  0.0  0.0  0.0  0.0  0.0  0.0  0.0  0.0  0.0  0.0  0.0  0.0  0.0  0.0  0.0
  0.0  0.0  0.0  0.0  0.0  0.0416.7125.0  0.0 83.3  0.0  0.0  0.0  0.0  0.0
  0.0  0.0  0.0  0.0  0.0 41.7  0.0  0.0  0.0  0.0  0.0  0.0  0.0 62.5  0.0
  0.0  0.0  0.0  0.0  0.0  0.0  0.0 62.5  0.0  0.0 20.8  0.0  0.0 83.3  0.0
  0.0  0.0  0.0  0.0  0.0  0.0  0.0  0.0  0.0  0.0  0.0  0.0  0.0  0.0  0.0
  0.0  0.0  0.0  0.0  0.0  0.0  0.0  0.0  0.0  0.0  0.0  0.0  0.0  0.0  0.0
  0.0  0.0  0.0  0.0  0.0  0.0  0.0  0.0  0.0  0.0  0.0  0.0  0.0  0.0  0.0
  0.0  0.0  0.0  0.0  0.0  0.0  0.0  0.0  0.0  0.0  0.0  0.0  0.0  0.0  0.0
  0.0  0.0  0.0  0.0  0.0  0.0  0.0  0.0  0.0  0.0  0.0  0.0 20.8  0.0  0.0
  0.0  0.0  0.0  0.0  0.0  0.0  0.0  0.0  0.0  0.0  0.0  0.0  0.0  0.0  0.0
    -26.96     -2.99     -1.39     -6.61      5.84  0.0 20.8  0.0  0.0  0.0
                                     t000127_s14_p7_qjpp.txt 34.0  4.9  497
  0.0  0.0  0.0 12.1  0.0  0.0  0.0  0.0  0.0  2.0  0.0  0.0  0.0  0.0  0.0
  0.0  0.0  0.0  0.0  0.0  0.0527.2 78.5 28.2 20.1  0.0  0.0  0.0  0.0  0.0
  0.0  2.0  0.0  2.0  0.0  4.0  0.0  0.0  0.0  0.0  0.0  0.0  0.0  8.0  0.0
  2.0  0.0  0.0  0.0  0.0  0.0  2.0 10.1  0.0  0.0 38.2  0.0  0.0 36.2  0.0
  0.0  0.0  0.0  0.0  0.0  0.0  0.0  0.0  0.0  0.0  0.0  0.0  0.0  0.0  0.0
  0.0  0.0  0.0  0.0  0.0  0.0  0.0  0.0  0.0  0.0  0.0  0.0  0.0  0.0  0.0
  0.0  0.0  0.0  0.0  0.0  0.0  0.0  0.0  0.0  0.0  2.0  0.0  0.0  0.0  0.0
  0.0  0.0  0.0  0.0  0.0  0.0  0.0  2.0  0.0  0.0  0.0  0.0  0.0  0.0  0.0
  0.0  0.0  0.0  0.0  0.0  0.0  0.0  2.0  6.0  6.0  8.0 18.1  6.0  0.0  0.0
  0.0  0.0  0.0  0.0  0.0  0.0  0.0  6.0  2.0  0.0  2.0  0.0  2.0  0.0  0.0
    -29.82     -5.07      0.92     -6.61     -1.76  0.0  4.0  0.0  0.0  0.0
                                     t000127_s14_p8_qjpp.txt 13.8  3.8   66
  0.0  0.0  0.0 15.2  0.0  0.0  0.0  0.0  0.0  0.0  0.0  0.0  0.0  0.0  0.0
  0.0  0.0  0.0 30.3  0.0  0.0348.5136.4 15.2 45.5  0.0  0.0  0.0  0.0  0.0
  0.0  0.0  0.0 15.2  0.0 30.3  0.0  0.0  0.0  0.0  0.0  0.0  0.0 15.2  0.0
  0.0  0.0  0.0  0.0  0.0  0.0 30.3 15.2  0.0  0.0 15.2  0.0  0.0 60.6  0.0
  0.0  0.0  0.0  0.0  0.0  0.0  0.0  0.0  0.0  0.0  0.0  0.0  0.0  0.0  0.0
  0.0  0.0  0.0  0.0  0.0  0.0  0.0  0.0  0.0  0.0  0.0  0.0  0.0  0.0  0.0
  0.0  0.0  0.0  0.0  0.0  0.0  0.0  0.0  0.0  0.0  0.0  0.0  0.0  0.0  0.0
  0.0  0.0  0.0  0.0  0.0  0.0  0.0  0.0  0.0  0.0  0.0  0.0  0.0  0.0  0.0
  0.0  0.0  0.0  0.0  0.0  0.0  0.0  0.0  0.0  0.0  0.0  0.0  0.0 15.2  0.0
  0.0  0.0  0.0  0.0  0.0  0.0  0.0  0.0  0.0  0.0  0.0 15.2  0.0 15.2  0.0
    -17.36     -4.23     -5.08     -6.61     -1.33  0.0  0.0  0.0  0.0  0.0
                                     t000127_s19_p1_qjpp.txt 35.5  5.0  654
  3.1  0.0  0.0 27.5  0.0  0.0  0.0  1.5  3.1  0.0  0.0  0.0  0.0  0.0  0.0
  0.0  0.0  6.1  4.6  0.0  0.0500.0 70.3 33.6 16.8  0.0  1.5  6.1  0.0  0.0
  0.0  1.5  0.0  1.5  4.6 10.7  3.1  0.0  0.0  0.0  0.0  1.5  0.0  3.1  0.0
  4.6  1.5  7.6  0.0  4.6  6.1  7.6  7.6  0.0  0.0 44.3  3.1  1.5 62.7  6.1
  0.0  0.0  0.0  0.0  0.0  0.0  0.0  0.0  0.0  0.0  0.0  0.0  0.0  0.0  0.0
  0.0  0.0  0.0  6.1  0.0  1.5  0.0  0.0  0.0  0.0  0.0  0.0  0.0  0.0  0.0
  0.0  0.0  0.0  0.0  0.0  1.5  0.0  0.0  0.0  1.5  0.0  0.0  0.0  0.0  0.0
  7.6  0.0  0.0  7.6  0.0  1.5  3.1  0.0  0.0  0.0  0.0  0.0  0.0  0.0  0.0
  0.0  0.0  0.0  0.0  0.0  0.0  0.0  1.5  7.6 10.7 10.7  7.6  7.6  0.0  3.1
  0.0  0.0  0.0  0.0  0.0  1.5  0.0  4.6  4.6  1.5  3.1  3.1  3.1  0.0  0.0
    -25.53     -3.75     -0.85     -5.99     -1.68  0.0  0.0  1.5  0.0  0.0
                                    t000127_s19_p10_qjpp.txt 29.0  4.8  310
  6.5  0.0  0.0 16.1  0.0  0.0  0.0  0.0  3.2  3.2  0.0  0.0  0.0  0.0  0.0
  0.0  0.0  6.5  0.0  0.0  0.0467.7 90.3 25.8 19.4  6.5  0.0  3.2  0.0  0.0
  0.0  0.0  0.0  0.0  0.0 19.4  3.2  0.0  0.0  0.0  0.0  3.2  6.5  3.2  0.0
  6.5  0.0  9.7  0.0  0.0  6.5  0.0  9.7  0.0  0.0 38.7  9.7  0.0 58.1 12.9
  3.2  0.0  0.0  0.0  0.0  0.0  0.0  0.0  0.0  0.0  0.0  0.0  0.0  0.0  0.0
  0.0  0.0  0.0  6.5  0.0  0.0  3.2  0.0  0.0  0.0  0.0  0.0  0.0  0.0  3.2
  0.0  0.0  0.0  0.0  0.0  0.0  0.0  0.0  0.0  0.0  0.0  0.0  0.0  0.0  0.0
  9.7  0.0  0.0  9.7  3.2  0.0  3.2  0.0  0.0  0.0  0.0  0.0  0.0  0.0  0.0
  0.0  0.0  0.0  0.0  0.0  0.0  0.0  0.0  6.5  3.2  6.5 16.1 16.1  6.5  3.2
  0.0  0.0  0.0  0.0  0.0  0.0  0.0  6.5  3.2  0.0  3.2  3.2  3.2  0.0  0.0
    -25.39     -4.21     -0.13     -5.31      2.98  0.0  0.0  0.0  0.0  0.0
                                    t000127_s19_p11_qjpp.txt 26.8  5.1  147
 13.6  0.0  0.0 34.0  0.0  0.0  0.0  0.0  6.8  0.0  0.0  0.0  0.0  0.0  0.0
  0.0  0.0  0.0  0.0  0.0  0.0401.4 95.2 54.4 20.4  6.8  0.0  0.0  0.0  0.0
  0.0  0.0  0.0  6.8  0.0 20.4 20.4  0.0  6.8  0.0  0.0  6.8  6.8 13.6  0.0
  0.0  6.8  6.8  0.0  6.8  0.0  6.8 13.6  0.0  0.0 95.2 13.6  0.0 81.6  6.8
  6.8  0.0  0.0  0.0  0.0  0.0  0.0  0.0  0.0  0.0  0.0  0.0  0.0  0.0  0.0
  0.0  0.0  0.0  0.0  6.8  6.8  6.8  0.0  0.0  0.0  0.0  0.0  0.0  0.0  6.8
  0.0  0.0  6.8  0.0  0.0  0.0  0.0  0.0  0.0  0.0  0.0  0.0  0.0  0.0  0.0
 20.4  0.0  0.0 20.4 13.6  0.0 13.6  0.0  0.0  0.0  0.0  0.0  0.0  0.0  0.0
  0.0  0.0  0.0  0.0  0.0  0.0  0.0  0.0 27.2  0.0 20.4 13.6  0.0  0.0  0.0
  0.0  6.8  0.0  0.0  0.0  0.0  0.0 13.6  0.0  0.0  6.8  0.0 13.6  0.0  0.0
    -26.95     -4.75     -2.13     -1.69      2.69  0.0  0.0  0.0  0.0  0.0
                                    t000127_s19_p12_qjpp.txt 21.5  4.5  130
 15.4  0.0  0.0  7.7  0.0  0.0  0.0  0.0  7.7  0.0  0.0  0.0  0.0  0.0  0.0
  7.7  0.0  0.0  0.0  0.0  0.0492.3130.8 15.4 38.5  0.0  0.0  0.0  0.0  0.0
  0.0  0.0  0.0  0.0  7.7 15.4  0.0  0.0  0.0  0.0  0.0  7.7  7.7  7.7  0.0
  0.0  0.0 15.4  0.0  7.7  0.0  0.0  7.7  0.0  0.0 23.1  7.7  0.0 46.2  0.0
  0.0  0.0  0.0  0.0  0.0  0.0  0.0  0.0  0.0  0.0  0.0  0.0  0.0  0.0  0.0
  0.0  0.0  0.0  0.0  0.0 15.4  0.0  0.0  0.0  0.0  0.0  0.0  0.0  0.0  0.0
  0.0  0.0  0.0  0.0  0.0  0.0  0.0  0.0  0.0  0.0  0.0  0.0  0.0  0.0  0.0
 15.4  0.0  0.0 15.4  0.0  0.0  0.0  0.0  0.0  0.0  0.0  0.0  0.0  0.0  0.0
  0.0  0.0  0.0  0.0  0.0  0.0  0.0  7.7  0.0  7.7 15.4 30.8  7.7  0.0  0.0
  0.0  0.0  0.0  0.0  0.0  7.7  0.0 30.8  0.0  0.0  0.0  0.0  0.0  0.0  0.0
    -24.75     -4.46     -2.16     -3.53      2.35  0.0  0.0  0.0  0.0  0.0
                                    t000127_s19_p13_qjpp.txt 28.3  4.9  377
  2.7  0.0  0.0 29.2  0.0  0.0  0.0  0.0 15.9  0.0  0.0  0.0  0.0  2.7  0.0
  5.3  0.0  2.7  0.0  0.0  0.0421.8 84.9 50.4 29.2  0.0  0.0 10.6  0.0  0.0
  0.0  0.0  0.0  2.7  5.3 23.9  0.0  0.0  0.0  0.0  0.0  0.0  8.0  8.0  2.7
  8.0  0.0 13.3  0.0  2.7  2.7  0.0 18.6  0.0  0.0 63.7 15.9  0.0 82.2  5.3
  2.7  0.0  0.0  0.0  0.0  0.0  0.0  0.0  0.0  0.0  0.0  0.0  0.0  0.0  0.0
  0.0  0.0  0.0  8.0  0.0  5.3  0.0  0.0  0.0  0.0  0.0  0.0  0.0  0.0  0.0
  0.0  0.0  0.0  0.0  0.0  0.0  0.0  0.0  0.0  0.0  0.0  0.0  0.0  0.0  0.0
 13.3  0.0  0.0 13.3  0.0  0.0  0.0  0.0  0.0  0.0  0.0  0.0  0.0  0.0  0.0
  0.0  0.0  0.0  0.0  0.0  0.0  0.0  2.7 23.9  0.0 10.6 13.3  8.0  0.0  0.0
  0.0  0.0  0.0  0.0  0.0  2.7  2.7  5.3  5.3 10.6  0.0  0.0  0.0  0.0  0.0
    -22.91     -2.80     -2.70     -6.61      7.16  0.0  0.0  0.0  0.0  0.0
                                    t000127_s19_p14_qjpp.txt 35.5  4.7  228
  4.4  0.0  0.0 17.5  0.0  0.0  0.0  0.0  4.4  0.0  4.4  0.0  0.0  0.0  0.0
  0.0  0.0  8.8  0.0  0.0  0.0451.8 74.6 35.1 21.9  0.0  4.4  8.8  0.0  0.0
  0.0  0.0  0.0  4.4  0.0 26.3  0.0  0.0  0.0  0.0  0.0  0.0  4.4  0.0  0.0
  4.4  0.0  8.8  0.0  0.0  8.8  0.0  4.4  0.0  0.0 52.6  4.4  0.0 57.0  4.4
  0.0  0.0  0.0  0.0  0.0  0.0  0.0  0.0  0.0  0.0  0.0  0.0  0.0  0.0  0.0
  0.0  0.0  0.0  4.4  0.0  4.4  0.0  0.0  0.0  0.0  0.0  0.0  0.0  0.0  0.0
  0.0  0.0  0.0  0.0  0.0  0.0  0.0  0.0  0.0  0.0  0.0  0.0  0.0  0.0  0.0
  8.8  0.0  0.0  8.8  0.0  0.0  0.0  0.0  0.0  0.0  0.0  0.0  0.0  0.0  0.0
  0.0  0.0  0.0  0.0  0.0  0.0  0.0  0.0  0.0  4.4 26.3 13.2  8.8  4.4  0.0
  0.0  0.0  0.0  0.0  0.0  0.0  0.0  4.4  4.4  4.4  0.0  4.4  0.0  0.0  0.0
    -23.84     -2.54     -1.77     -6.61      0.53  0.0  0.0  0.0  0.0  0.0
                                    t000127_s19_p15_qjpp.txt 34.5  4.9  348
  2.9  0.0  0.0 34.5  0.0  0.0  0.0  2.9  5.7  0.0  0.0  0.0  0.0  0.0  0.0
  0.0  0.0  2.9  5.7  0.0  0.0433.9 89.1 60.3  8.6  2.9  2.9  5.7  0.0  0.0
  0.0  0.0  0.0  0.0  0.0 34.5  0.0  0.0  0.0  0.0  0.0  2.9 11.5  5.7  2.9
  2.9  2.9  5.7  0.0  5.7  2.9  8.6 11.5  0.0  0.0 83.3  8.6  0.0 60.3  8.6
  2.9  0.0  0.0  0.0  0.0  0.0  0.0  0.0  0.0  0.0  0.0  0.0  0.0  0.0  0.0
  0.0  0.0  0.0  2.9  0.0  2.9  0.0  0.0  0.0  0.0  0.0  0.0  0.0  0.0  0.0
  0.0  0.0  0.0  0.0  0.0  0.0  0.0  0.0  0.0  0.0  0.0  0.0  0.0  0.0  0.0
  5.7  0.0  0.0  5.7  0.0  0.0  0.0  0.0  0.0  0.0  0.0  0.0  0.0  0.0  0.0
  0.0  0.0  0.0  0.0  0.0  0.0  0.0  2.9  5.7  2.9 23.0  2.9  2.9  0.0  0.0
  0.0  2.9  0.0  0.0  0.0  0.0  0.0  8.6  5.7  2.9  0.0  0.0  0.0  0.0  0.0
    -25.63     -3.70     -0.99     -5.46      7.57  0.0  0.0  0.0  0.0  0.0
                                    t000127_s19_p16_qjpp.txt 28.5  5.1  262
  7.6  0.0  0.0 53.4  0.0  0.0  0.0  0.0 19.1  0.0  0.0  0.0  0.0  0.0  0.0
  0.0  0.0  0.0  3.8  0.0  0.0385.5114.5 38.2 26.7  3.8  0.0  3.8  0.0  3.8
  3.8  0.0  0.0  3.8  3.8 26.7 11.5  3.8  7.6  3.8  3.8  3.8  7.6  7.6 15.3
  7.6  3.8 11.5  3.8  3.8  7.6 11.5 30.5  0.0  7.6 64.9 22.9  0.0110.7 11.5
  0.0  0.0  0.0  0.0  0.0  0.0  0.0  0.0  0.0  0.0  0.0  0.0  0.0  0.0  0.0
  0.0  0.0  0.0  0.0  0.0 11.5  0.0  0.0  0.0  0.0  0.0  0.0  0.0  0.0  0.0
  0.0  0.0  0.0  0.0  0.0  0.0  0.0  0.0  0.0  0.0  0.0  0.0  0.0  0.0  0.0
 11.5  0.0  0.0 11.5  0.0  0.0  0.0  0.0  0.0  0.0  0.0  0.0  0.0  0.0  0.0
  0.0  0.0  0.0  0.0  0.0  0.0  0.0  0.0 19.1  0.0 11.5  7.6  7.6  0.0  0.0
  0.0  0.0  0.0  0.0  0.0  0.0  0.0 11.5  7.6 22.9  0.0  3.8  0.0  0.0  0.0
    -25.09     -3.97      2.62      1.85     16.51  0.0  0.0  0.0  0.0  0.0
                                     t000127_s19_p2_qjpp.txt 34.3  4.9  722
  2.8  0.0  0.0 37.4  0.0  0.0  0.0  0.0  9.7  0.0  0.0  0.0  0.0  1.4  0.0
  0.0  0.0  1.4  4.2  0.0  0.0469.5 87.3 20.8 24.9  1.4  1.4  4.2  0.0  1.4
  0.0  0.0  0.0  2.8  1.4 11.1  4.2  0.0  0.0  0.0  0.0  1.4  4.2  1.4  0.0
  6.9  2.8 12.5  1.4  4.2  1.4  6.9  8.3  0.0  1.4 30.5 11.1  0.0 78.9  1.4
  0.0  0.0  0.0  0.0  0.0  0.0  0.0  0.0  0.0  0.0  0.0  0.0  0.0  0.0  0.0
  0.0  0.0  0.0  5.5  0.0  4.2  1.4  0.0  0.0  0.0  0.0  0.0  0.0  1.4  0.0
  0.0  0.0  0.0  0.0  0.0  0.0  0.0  0.0  0.0  0.0  0.0  0.0  0.0  0.0  0.0
 11.1  0.0  1.4 12.5  0.0  0.0  0.0  0.0  0.0  0.0  0.0  0.0  0.0  0.0  0.0
  0.0  0.0  0.0  0.0  0.0  0.0  0.0  0.0 20.8  8.3  5.5 22.2  4.2  0.0  0.0
  0.0  0.0  0.0  0.0  0.0  1.4  2.8  2.8  2.8  4.2  4.2  0.0  1.4  0.0  0.0
    -24.94     -3.81     -0.16     -6.05      1.41  0.0  0.0  0.0  0.0  0.0
                                     t000127_s19_p3_qjpp.txt 33.8  5.1  372
  5.4  0.0  0.0 40.3  0.0  0.0  0.0  0.0  2.7  2.7  0.0  0.0  0.0  0.0  0.0
  2.7  0.0  2.7  0.0  0.0  0.0467.7 88.7 13.4 29.6  2.7  0.0  2.7  0.0  0.0
  0.0  2.7  0.0  0.0  0.0  8.1  2.7  0.0  0.0  0.0  0.0  0.0  5.4  2.7  0.0
 10.8  0.0  8.1  0.0  2.7  2.7  2.7 13.4  0.0  0.0 21.5  5.4  2.7 86.0  2.7
  2.7  0.0  0.0  0.0  0.0  0.0  0.0  0.0  0.0  0.0  0.0  0.0  0.0  0.0  0.0
  0.0  0.0  0.0  5.4  0.0  0.0  2.7  2.7  0.0  0.0  0.0  0.0  0.0  0.0  0.0
  0.0  0.0  0.0  0.0  0.0  2.7  0.0  0.0  0.0  0.0  0.0  0.0  0.0  0.0  0.0
  8.1  2.7  0.0 10.8  0.0  2.7  2.7  0.0  0.0  0.0  0.0  0.0  0.0  0.0  0.0
  0.0  0.0  0.0  0.0  0.0  0.0  0.0  0.0 24.2  2.7 10.8 18.8 18.8  2.7  5.4
  0.0  2.7  0.0  0.0  0.0  0.0  0.0  2.7  2.7  5.4  5.4  0.0  8.1  0.0  0.0
    -24.75     -4.14      1.51     -6.61      3.61  0.0  2.7  0.0  0.0  0.0
                                     t000127_s19_p4_qjpp.txt 31.8  4.7  251
  8.0  0.0  0.0 19.9  0.0  0.0  0.0  0.0  4.0  0.0  0.0  0.0  0.0  0.0  0.0
  0.0  0.0  0.0  0.0  0.0  0.0398.4 87.6 43.8 35.9  0.0  0.0  4.0  0.0  0.0
  0.0  0.0  0.0  0.0  4.0 27.9  4.0  0.0  0.0  0.0  0.0  8.0  0.0 12.0  0.0
  8.0  0.0 12.0  4.0  8.0  0.0  0.0 19.9  0.0  0.0 63.7  4.0  0.0 79.7  4.0
  4.0  0.0  0.0  0.0  0.0  0.0  0.0  0.0  0.0  0.0  0.0  0.0  0.0  0.0  0.0
  0.0  0.0  0.0  4.0  0.0  4.0  4.0  0.0  0.0  0.0  0.0  0.0  0.0  0.0  0.0
  0.0  0.0  0.0  0.0  0.0  0.0  0.0  0.0  0.0  0.0  0.0  0.0  0.0  0.0  0.0
 12.0  0.0  0.0 12.0  0.0  0.0  0.0  0.0  0.0  0.0  0.0  0.0  0.0  0.0  0.0
  0.0  0.0  0.0  0.0  0.0  0.0  0.0  0.0 19.9  0.0  4.0 12.0  4.0  0.0  4.0
  0.0  4.0  0.0  0.0  0.0 12.0  0.0 15.9  4.0  4.0  0.0  8.0  4.0  0.0  0.0
    -25.92     -3.81     -1.78     -3.42      0.75  0.0  4.0  0.0  0.0  0.0
                                     t000127_s19_p5_qjpp.txt 15.0  5.1   80
  0.0  0.0  0.0125.0  0.0  0.0  0.0  0.0 12.5  0.0  0.0  0.0  0.0  0.0  0.0
  0.0  0.0  0.0  0.0  0.0  0.0375.0112.5 25.0 12.5  0.0  0.0 12.5  0.0  0.0
  0.0  0.0  0.0  0.0  0.0 37.5 12.5  0.0  0.0  0.0  0.0 12.5  0.0 12.5  0.0
 12.5 12.5 25.0  0.0 12.5  0.0 12.5 25.0  0.0  0.0 75.0 12.5 12.5162.5  0.0
  0.0  0.0  0.0  0.0  0.0  0.0  0.0  0.0  0.0  0.0  0.0  0.0  0.0  0.0  0.0
  0.0  0.0  0.0 12.5  0.0 12.5  0.0  0.0  0.0  0.0  0.0  0.0  0.0  0.0  0.0
  0.0  0.0  0.0  0.0  0.0 12.5  0.0  0.0  0.0  0.0 12.5  0.0  0.0  0.0  0.0
 25.0  0.0  0.0 25.0  0.0 12.5 12.5 12.5  0.0  0.0  0.0  0.0  0.0  0.0  0.0
  0.0  0.0  0.0  0.0  0.0  0.0  0.0  0.0 25.0  0.0  0.0  0.0  0.0  0.0  0.0
  0.0  0.0  0.0  0.0  0.0 12.5  0.0  0.0 12.5 12.5  0.0 12.5  0.0  0.0  0.0
    -23.70     -3.00     -1.16     -1.61      2.30  0.0  0.0  0.0  0.0  0.0
                                     t000127_s19_p6_qjpp.txt 29.5  4.8  530
  5.7  0.0  0.0 24.5  0.0  0.0  0.0  0.0  3.8  0.0  0.0  0.0  0.0  0.0  0.0
  1.9  0.0  1.9  0.0  0.0  0.0488.7 88.7  7.5 20.8  1.9  3.8  1.9  0.0  0.0
  0.0  0.0  0.0  1.9  1.9 11.3  1.9  0.0  0.0  0.0  0.0  0.0  7.5  0.0  1.9
  3.8  3.8  5.7  0.0  1.9  1.9  3.8  5.7  0.0  0.0 24.5  5.7  0.0 56.6  1.9
  1.9  0.0  0.0  0.0  0.0  0.0  0.0  0.0  0.0  0.0  0.0  0.0  0.0  0.0  0.0
  0.0  0.0  0.0  1.9  0.0  1.9  1.9  0.0  0.0  0.0  0.0  0.0  0.0  0.0  0.0
  0.0  0.0  1.9  0.0  0.0  0.0  0.0  0.0  0.0  0.0  0.0  0.0  0.0  0.0  0.0
  5.7  0.0  0.0  5.7  1.9  0.0  1.9  0.0  0.0  0.0  0.0  0.0  0.0  0.0  0.0
  0.0  0.0  0.0  0.0  0.0  0.0  0.0  0.0  5.7 13.2 15.1 17.0  3.8  0.0  0.0
  0.0  0.0  0.0  0.0  0.0  0.0  0.0  7.5  1.9  1.9  3.8  0.0  7.5  0.0  0.0
    -25.55     -3.89     -0.76     -6.61      3.76  0.0  0.0  0.0  0.0  0.0
                                     t000127_s19_p7_qjpp.txt 16.5  5.2   95
 10.5  0.0  0.0 10.5  0.0  0.0  0.0  0.0 10.5  0.0  0.0  0.0  0.0  0.0  0.0
  0.0  0.0  0.0 10.5  0.0  0.0431.6 84.2 42.1 42.1 10.5 21.1 10.5  0.0  0.0
  0.0  0.0  0.0  0.0  0.0 63.2  0.0  0.0  0.0  0.0  0.0  0.0 31.6  0.0  0.0
  0.0  0.0  0.0  0.0  0.0  0.0 10.5  0.0  0.0  0.0 52.6 21.1  0.0 94.7  0.0
  0.0  0.0  0.0  0.0  0.0  0.0  0.0  0.0  0.0  0.0  0.0  0.0  0.0  0.0  0.0
  0.0  0.0  0.0  0.0  0.0  0.0  0.0  0.0  0.0  0.0  0.0  0.0  0.0  0.0  0.0
  0.0  0.0  0.0  0.0  0.0  0.0  0.0  0.0  0.0  0.0  0.0  0.0  0.0  0.0  0.0
  0.0  0.0  0.0  0.0  0.0  0.0  0.0  0.0  0.0  0.0  0.0  0.0  0.0  0.0  0.0
  0.0  0.0  0.0  0.0  0.0  0.0  0.0  0.0 10.5  0.0 10.5  0.0  0.0  0.0  0.0
  0.0  0.0  0.0  0.0  0.0 10.5  0.0 10.5 10.5 10.5  0.0 10.5  0.0  0.0  0.0
    -25.48      2.12     -2.61     -6.61     16.11  0.0  0.0  0.0  0.0  0.0
                                     t000127_s19_p8_qjpp.txt 35.3  5.0  266
  3.8  0.0  0.0 15.0  0.0  0.0  0.0  0.0  7.5  0.0  0.0  3.8  0.0  0.0  0.0
  3.8  0.0  0.0 11.3  0.0  0.0454.9 82.7 45.1 26.3  3.8  3.8  0.0  0.0  0.0
  0.0  0.0  0.0  3.8  0.0 18.8 11.3  0.0  0.0  0.0  0.0  7.5 11.3 11.3  0.0
  3.8  0.0  0.0  0.0  3.8  0.0 15.0 15.0  0.0  0.0 60.2 11.3  0.0 67.7  3.8
  0.0  0.0  0.0  0.0  0.0  0.0  0.0  0.0  0.0  0.0  0.0  0.0  0.0  0.0  0.0
  0.0  0.0  0.0  0.0  0.0  3.8  0.0  0.0  0.0  0.0  0.0  0.0  0.0  0.0  0.0
  3.8  0.0  0.0  0.0  0.0  0.0  0.0  0.0  0.0  0.0  0.0  0.0  0.0  0.0  0.0
  3.8  0.0  0.0  3.8  3.8  0.0  3.8  0.0  0.0  0.0  0.0  0.0  0.0  0.0  0.0
  0.0  0.0  0.0  0.0  0.0  0.0  0.0  0.0  7.5  0.0  0.0 11.3  3.8  0.0  0.0
  0.0  0.0  0.0  0.0  0.0 11.3  0.0  3.8  0.0  7.5  0.0  0.0  3.8  0.0  0.0
    -22.48     -3.97     -1.17     -3.60      6.34  0.0  0.0  0.0  0.0  0.0
                                     t000127_s19_p9_qjpp.txt 33.3  4.7  327
  6.1  0.0  0.0 21.4  0.0  0.0  0.0  0.0  9.2  3.1  0.0  0.0  0.0  0.0  0.0
  3.1  0.0  3.1  3.1  0.0  0.0425.1100.9 39.8 30.6  3.1  3.1  3.1  3.1  6.1
  0.0  3.1  0.0  3.1  3.1 18.3  3.1  0.0  0.0  0.0  0.0  3.1  9.2  9.2  0.0
  0.0  0.0  6.1  0.0  0.0  3.1  6.1  9.2  0.0  9.2 52.0 12.2  3.1 64.2  9.2
  3.1  0.0  0.0  0.0  0.0  0.0  0.0  0.0  0.0  0.0  0.0  0.0  0.0  0.0  0.0
  0.0  0.0  0.0  3.1  0.0  9.2  0.0  0.0  0.0  0.0  0.0  0.0  0.0  0.0  3.1
  3.1  0.0  0.0  0.0  0.0  0.0  0.0  0.0  0.0  0.0  0.0  0.0  0.0  0.0  0.0
 12.2  0.0  0.0 12.2  6.1  0.0  6.1  0.0  0.0  0.0  0.0  0.0  0.0  0.0  0.0
  0.0  0.0  0.0  0.0  0.0  0.0  0.0  0.0 12.2  6.1 21.4  6.1  3.1  0.0  0.0
  0.0  0.0  0.0  0.0  0.0  0.0  0.0  9.2  6.1  6.1  3.1  0.0  6.1  0.0  0.0
    -23.80     -3.43      4.15     -5.38      3.50  0.0  0.0  0.0  0.0  0.0
                                      t000127_s2_p1_qjpp.txt 26.8  5.7  185
  0.0  0.0  0.0 32.4  0.0  0.0  0.0  0.0 27.0  0.0  0.0  0.0  0.0  0.0  0.0
  0.0  0.0  0.0 21.6  0.0  0.0545.9135.1 59.5  5.4  0.0  0.0  0.0  0.0  0.0
  0.0  0.0  0.0  0.0  0.0  5.4  0.0  0.0  0.0  0.0  0.0  0.0  0.0  0.0  5.4
  0.0  0.0  0.0  0.0  0.0  0.0 21.6  5.4  0.0  0.0 59.5 27.0  0.0 43.2  0.0
  0.0  0.0  0.0  0.0  0.0  0.0  0.0  0.0  0.0  0.0  0.0  0.0  0.0  0.0  0.0
  0.0  0.0  0.0  0.0  0.0  0.0  0.0  0.0  0.0  0.0  0.0  0.0  0.0  0.0  0.0
  0.0  0.0  0.0  0.0  0.0  0.0  0.0  0.0  0.0  0.0  0.0  0.0  0.0  0.0  0.0
  0.0  0.0  0.0  0.0  0.0  0.0  0.0  0.0  0.0  0.0  0.0  0.0  0.0  0.0  0.0
  0.0  0.0  0.0  0.0  0.0  0.0  0.0  0.0  5.4  0.0  0.0  0.0  0.0  0.0  0.0
  0.0  0.0  0.0  0.0  0.0  0.0  0.0  0.0 32.4  0.0  0.0  0.0  0.0  0.0  0.0
    -30.31     -5.55      0.67     -6.61      0.53  0.0  0.0  0.0  0.0  0.0
                                      t000127_s6_p1_qjpp.txt 34.3  5.2  341
  2.9  0.0  0.0 52.8  0.0  0.0  0.0  0.0  8.8  0.0  0.0  0.0  0.0  0.0  0.0
  0.0  0.0  8.8  0.0  0.0  0.0501.5 90.9 44.0  2.9  2.9  2.9  5.9  0.0  2.9
  0.0  0.0  0.0  0.0  0.0 14.7  5.9  0.0  0.0  0.0  0.0  0.0  2.9  2.9  2.9
  0.0  2.9  2.9  0.0  0.0  8.8  2.9  5.9  0.0  2.9 55.7 11.7  0.0 67.4  2.9
  2.9  0.0  0.0  0.0  0.0  0.0  0.0  0.0  0.0  0.0  0.0  0.0  0.0  0.0  0.0
  0.0  0.0  0.0  0.0  0.0  2.9  0.0  0.0  0.0  0.0  0.0  0.0  0.0  0.0  0.0
  0.0  0.0  0.0  0.0  0.0  0.0  0.0  0.0  0.0  0.0  0.0  0.0  0.0  0.0  0.0
  2.9  0.0  0.0  2.9  0.0  0.0  0.0  0.0  0.0  0.0  0.0  0.0  0.0  0.0  0.0
  0.0  0.0  0.0  0.0  0.0  0.0  0.0  0.0 20.5  5.9 17.6 14.7 17.6  0.0  5.9
  0.0  0.0  0.0  0.0  2.9  0.0  0.0  0.0  2.9  2.9  0.0  0.0  0.0  0.0  0.0
    -27.13     -3.85      1.61     -6.61      0.91  0.0  0.0  0.0  0.0  0.0
                                      t000127_s6_p2_qjpp.txt 35.3  5.1  366
  5.5  0.0  0.0 24.6  0.0  0.0  0.0  2.7  5.5  0.0  0.0  0.0  0.0  2.7  0.0
  0.0  0.0  5.5  0.0  0.0  0.0513.7 62.8 41.0  8.2  0.0  0.0  0.0  0.0  2.7
  0.0  0.0  0.0  0.0  2.7 10.9  8.2  0.0  0.0  0.0  0.0  8.2  2.7  2.7  2.7
  5.5  2.7  5.5  0.0  2.7  5.5  2.7 10.9  0.0  2.7 46.4  5.5  0.0 54.6  2.7
  0.0  0.0  0.0  0.0  0.0  0.0  0.0  0.0  0.0  0.0  0.0  0.0  0.0  0.0  0.0
  0.0  0.0  0.0  2.7  0.0  0.0  0.0  0.0  0.0  0.0  0.0  0.0  0.0  0.0  0.0
  0.0  0.0  0.0  0.0  0.0  0.0  0.0  0.0  0.0  0.0  0.0  0.0  0.0  0.0  0.0
  2.7  0.0  0.0  2.7  0.0  0.0  0.0  0.0  0.0  0.0  0.0  0.0  0.0  0.0  0.0
  0.0  0.0  0.0  0.0  0.0  0.0  0.0  0.0 21.9  0.0  2.7 38.3  8.2  0.0  0.0
  0.0  0.0  0.0  0.0  0.0  5.5  2.7  5.5  0.0  0.0  5.5  0.0  2.7  0.0  0.0
    -25.53     -5.46      0.92     -3.33      2.36  0.0  0.0  0.0  0.0  0.0
                                      t000127_s6_p3_qjpp.txt 31.5  5.4  389
  5.1  0.0  0.0 54.0  0.0  0.0  0.0  0.0 10.3  7.7  0.0  0.0  0.0  0.0  0.0
  0.0  0.0 10.3  0.0  0.0  0.0470.4 69.4 48.8 18.0  0.0  2.6 10.3  0.0  0.0
  0.0  0.0  0.0  0.0  0.0 15.4  7.7  0.0  2.6  0.0  0.0  0.0  2.6  5.1  0.0
  2.6  0.0 15.4  0.0  7.7 10.3  0.0  7.7  0.0  0.0 64.3 10.3  0.0105.4 10.3
  2.6  2.6  0.0  0.0  0.0  0.0  0.0  0.0  0.0  0.0  0.0  0.0  0.0  0.0  0.0
  0.0  0.0  0.0 10.3  0.0  5.1  0.0  2.6  0.0  2.6  0.0  0.0  0.0  0.0  0.0
  0.0  0.0  0.0  0.0  0.0  2.6  0.0  0.0  0.0  0.0  0.0  0.0  0.0  0.0  0.0
 15.4  5.1  0.0 20.6  0.0  2.6  2.6  0.0  0.0  0.0  0.0  0.0  0.0  0.0  0.0
  0.0  0.0  0.0  0.0  0.0  0.0  0.0  0.0 18.0  5.1  5.1 56.6 15.4  0.0  2.6
  0.0  0.0  0.0  0.0  2.6  0.0  2.6  2.6  5.1 12.9  2.6  2.6  7.7  0.0  0.0
    -24.31     -2.74      0.10     -5.78     -0.41  2.6  0.0  0.0  0.0  0.0
                                      t000127_s6_p4_qjpp.txt 32.3  5.0  687
  5.8  0.0  0.0 24.7  0.0  0.0  1.5  0.0 11.6  2.9  1.5  0.0  0.0  0.0  0.0
  0.0  0.0  0.0  0.0  0.0  0.0471.6 84.4 32.0 23.3  4.4  2.9  1.5  1.5  4.4
  0.0  0.0  0.0  1.5  1.5 13.1  5.8  1.5  0.0  0.0  0.0  0.0  4.4  4.4  0.0
  1.5  1.5  2.9  0.0  2.9  1.5  1.5  5.8  0.0  5.8 49.5 16.0  1.5 67.0  4.4
  0.0  0.0  0.0  0.0  0.0  0.0  0.0  0.0  0.0  0.0  0.0  0.0  0.0  0.0  0.0
  0.0  0.0  0.0  1.5  0.0  2.9  0.0  0.0  0.0  0.0  0.0  0.0  0.0  0.0  1.5
  0.0  0.0  0.0  0.0  0.0  0.0  0.0  0.0  0.0  0.0  0.0  0.0  0.0  0.0  0.0
  4.4  0.0  0.0  4.4  1.5  0.0  1.5  0.0  0.0  0.0  0.0  0.0  0.0  0.0  0.0
  0.0  0.0  0.0  0.0  0.0  0.0  0.0  0.0 10.2  1.5 13.1 13.1 10.2  1.5  0.0
  0.0  2.9  0.0  0.0  0.0  2.9  0.0  5.8  0.0  4.4  1.5  1.5  4.4  0.0  0.0
    -26.96     -3.94      2.42     -6.26      0.23  0.0  0.0  0.0  0.0  0.0
                                      t000127_s6_p5_qjpp.txt 33.0  4.9  549
  7.3  0.0  0.0 32.8  0.0  0.0  0.0  0.0  3.6  1.8  0.0  0.0  0.0  1.8  0.0
  0.0  0.0  5.5  5.5  0.0  0.0491.8 56.5 38.3  7.3  1.8  1.8  1.8  0.0  0.0
  0.0  1.8  0.0  0.0  0.0  5.5  1.8  0.0  0.0  0.0  0.0  0.0  1.8  5.5  1.8
  1.8  0.0  5.5  0.0  5.5  5.5  7.3  9.1  0.0  0.0 45.5  5.5  0.0 47.4  3.6
  0.0  1.8  0.0  0.0  0.0  0.0  0.0  0.0  0.0  0.0  0.0  0.0  0.0  0.0  0.0
  0.0  0.0  0.0  5.5  0.0  1.8  0.0  1.8  0.0  0.0  0.0  0.0  0.0  0.0  0.0
  1.8  0.0  0.0  0.0  0.0  0.0  0.0  0.0  0.0  0.0  0.0  0.0  0.0  0.0  0.0
  7.3  1.8  0.0  9.1  1.8  0.0  1.8  0.0  0.0  0.0  0.0  0.0  0.0  0.0  0.0
  0.0  0.0  0.0  0.0  0.0  0.0  0.0  0.0  5.5  5.5 14.6  3.6  7.3  0.0  0.0
  0.0  0.0  0.0  0.0  0.0  0.0  0.0  1.8  1.8  5.5  0.0  0.0  7.3  0.0  0.0
    -23.26     -4.72      1.34     -6.61      0.33  0.0  1.8  0.0  0.0  0.0
                                      t000127_s6_p6_qjpp.txt 27.3  5.5  169
  5.9  0.0  0.0 65.1  0.0  0.0  0.0  0.0 11.8  0.0  5.9  0.0  0.0  0.0  0.0
  0.0  0.0 11.8  0.0  0.0  0.0408.3106.5 59.2 35.5  0.0  5.9  5.9  0.0  0.0
  0.0  0.0  0.0  0.0  0.0 35.5 11.8  5.9  0.0  0.0  0.0  5.9 11.8 17.8  5.9
  5.9  0.0  5.9  5.9  5.9 17.8  0.0 29.6  0.0  0.0 71.0 11.8  0.0136.1 17.8
  0.0  0.0  0.0  0.0  0.0  0.0  0.0  0.0  0.0  0.0  0.0  0.0  0.0  0.0  0.0
  0.0  0.0  0.0  0.0  0.0  5.9  0.0  5.9  0.0  0.0  0.0  0.0  0.0  0.0  0.0
  0.0  0.0  0.0  0.0  0.0  5.9  0.0  0.0  0.0  0.0  0.0  0.0  0.0  0.0  0.0
  5.9  5.9  0.0 11.8  0.0  5.9  5.9  0.0  0.0  0.0  0.0  0.0  0.0  0.0  0.0
  0.0  0.0  0.0  0.0  0.0  0.0  0.0  0.0 17.8  5.9  5.9 17.8  0.0  0.0  0.0
  0.0  0.0  0.0  0.0  0.0  0.0  0.0 11.8  0.0 11.8  0.0  5.9  0.0  0.0  0.0
    -24.47     -2.33     -1.04     -2.83     12.92  0.0  0.0  0.0  0.0  0.0
                                      t000127_s8_p1_qjpp.txt 31.0  5.0 1346
  1.5  0.0  0.0 16.3  0.0  0.0  0.0  1.5  1.5  2.2  0.0  0.0  0.0  0.0  0.0
  0.0  0.0  0.7  2.2  0.0  0.0521.5 67.6 51.3  6.7  0.7  0.7  0.7  0.0  0.7
  0.0  0.7  0.0  0.0  0.0  7.4  1.5  0.0  0.0  0.0  0.0  1.5  2.2  1.5  0.7
  0.7  0.0  0.7  0.0  3.0  0.7  3.0  3.0  0.0  0.7 55.7  2.2  0.7 32.7  3.0
  1.5  0.0  0.0  0.0  0.0  0.0  0.0  0.0  0.0  0.0  0.0  0.0  0.0  0.0  0.0
  0.0  0.0  0.0  0.7  0.0  0.0  0.0  0.0  0.0  0.0  0.0  0.0  0.0  0.0  0.0
  0.0  0.0  0.0  0.0  0.0  0.0  0.0  0.0  0.0  0.0  0.0  0.0  0.0  0.0  0.0
  0.7  0.0  0.0  0.7  0.0  0.0  0.0  0.0  0.0  0.0  0.0  0.0  0.0  0.0  0.0
  0.0  0.0  0.0  0.0  0.0  0.0  0.0  0.0  2.2  7.4 21.5 17.1 11.9  0.0  0.0
  0.0  0.0  0.7  0.0  0.0  0.0  0.0  0.7  0.0  1.5  0.7  0.7  2.2  0.0  0.0
    -29.19     -5.19      1.20     -6.01     -1.20  0.0  0.0  0.0  0.0  0.0
                                      t000127_s8_p2_qjpp.txt 28.0  5.0  492
  0.0  0.0  0.0 16.3  0.0  0.0  0.0  0.0  0.0  2.0  0.0  0.0  0.0  0.0  0.0
  0.0  0.0  2.0  4.1  0.0  0.0520.3 71.1 24.4  8.1  6.1  4.1  0.0  0.0  0.0
  0.0  0.0  0.0  0.0  2.0  4.1  6.1  0.0  0.0  0.0  0.0  0.0  2.0  2.0  4.1
  0.0  0.0  0.0  0.0  0.0  2.0  4.1  6.1  0.0  0.0 34.6  6.1  0.0 34.6  0.0
  2.0  0.0  0.0  0.0  0.0  0.0  0.0  0.0  0.0  0.0  0.0  0.0  0.0  0.0  0.0
  0.0  0.0  0.0  0.0  0.0  2.0  0.0  0.0  0.0  0.0  0.0  0.0  0.0  0.0  0.0
  2.0  0.0  0.0  0.0  0.0  0.0  0.0  0.0  0.0  0.0  0.0  0.0  0.0  0.0  0.0
  2.0  0.0  0.0  2.0  2.0  0.0  2.0  0.0  0.0  0.0  0.0  0.0  0.0  0.0  0.0
  0.0  0.0  0.0  0.0  0.0  0.0  0.0  0.0  4.1 12.2 14.2 18.3  8.1  0.0  0.0
  0.0  6.1  0.0  0.0  2.0  0.0  0.0  0.0  0.0  4.1  0.0  0.0  4.1  0.0  0.0
    -27.75     -4.41      0.14     -6.61      1.08  0.0  2.0  0.0  0.0  0.0
                                      t000127_s8_p3_qjpp.txt 34.3  5.1  833
  2.4  0.0  0.0 19.2  0.0  0.0  0.0  0.0  0.0  0.0  0.0  0.0  0.0  0.0  0.0
  0.0  0.0  0.0  2.4  0.0  0.0537.8 68.4 28.8 10.8  4.8  0.0  0.0  0.0  0.0
  0.0  0.0  0.0  0.0  1.2  2.4  3.6  0.0  1.2  0.0  0.0  0.0  0.0  1.2  0.0
  1.2  0.0  0.0  0.0  1.2  0.0  2.4  2.4  0.0  0.0 31.2  4.8  0.0 40.8  2.4
  0.0  0.0  0.0  0.0  0.0  0.0  0.0  0.0  0.0  0.0  0.0  0.0  0.0  0.0  0.0
  0.0  0.0  0.0  0.0  0.0  0.0  0.0  0.0  0.0  0.0  0.0  0.0  0.0  0.0  0.0
  0.0  0.0  0.0  0.0  0.0  0.0  0.0  0.0  0.0  0.0  0.0  0.0  0.0  0.0  0.0
  0.0  0.0  0.0  0.0  0.0  0.0  0.0  0.0  0.0  0.0  0.0  0.0  0.0  0.0  0.0
  0.0  0.0  0.0  0.0  0.0  0.0  0.0  1.2 12.0  2.4  4.8 38.4 12.0  0.0  0.0
  0.0  1.2  0.0  0.0  0.0  1.2  0.0  1.2  1.2  0.0  7.2  0.0  3.6  0.0  0.0
    -29.41     -5.16      0.48     -6.22     -3.06  0.0  1.2  1.2  0.0  0.0
                                      t000127_s8_p4_qjpp.txt 31.0  5.0  698
  0.0  0.0  0.0 25.8  0.0  0.0  0.0  0.0  1.4  1.4  0.0  0.0  0.0  1.4  0.0
  0.0  0.0  1.4  4.3  0.0  0.0520.1 64.5 37.2 10.0  1.4  0.0  2.9  0.0  0.0
  0.0  0.0  0.0  0.0  0.0  8.6  4.3  0.0  0.0  0.0  0.0  0.0  0.0  5.7  0.0
  0.0  0.0  0.0  0.0  1.4  1.4  4.3  5.7  0.0  0.0 40.1  2.9  0.0 44.4  0.0
  1.4  0.0  0.0  0.0  0.0  0.0  0.0  0.0  0.0  0.0  0.0  0.0  0.0  0.0  0.0
  0.0  0.0  0.0  0.0  0.0  0.0  0.0  0.0  0.0  0.0  0.0  0.0  0.0  0.0  0.0
  0.0  0.0  0.0  0.0  0.0  0.0  0.0  0.0  0.0  0.0  0.0  0.0  0.0  0.0  0.0
  0.0  0.0  0.0  0.0  0.0  0.0  0.0  0.0  0.0  0.0  0.0  0.0  0.0  0.0  0.0
  0.0  0.0  0.0  0.0  0.0  0.0  0.0  4.3  8.6  2.9  8.6  7.2  4.3  0.0  0.0
  0.0  1.4  0.0  0.0  0.0  0.0  1.4  0.0  1.4  1.4  1.4  0.0  4.3  0.0  0.0
    -27.38     -4.80      0.49     -6.61     -2.76  0.0  0.0  0.0  0.0  0.0
                                      t000127_s8_p5_qjpp.txt 20.0  5.5  141
  7.1  0.0  0.0 92.2  0.0  0.0  0.0  0.0 21.3  0.0  0.0  0.0  0.0  0.0  0.0
  0.0  0.0 21.3  7.1  0.0  0.0411.3 78.0 49.6 14.2  0.0  0.0  0.0  0.0  0.0
  0.0  0.0  0.0  0.0  0.0 28.4 14.2  0.0  0.0  0.0  0.0  0.0  7.1  7.1 21.3
  0.0  0.0 14.2  0.0  0.0 21.3  7.1 28.4  0.0  0.0 70.9 21.3  0.0134.8 14.2
  0.0  0.0  0.0  0.0  0.0  0.0  0.0  0.0  0.0  0.0  0.0  0.0  0.0  0.0  0.0
  0.0  0.0  0.0  7.1  0.0  7.1  0.0  0.0  0.0  0.0  0.0  0.0  0.0  0.0  0.0
  0.0  0.0  0.0  0.0  0.0  0.0  0.0  0.0  0.0  0.0  0.0  0.0  0.0  0.0  0.0
 14.2  0.0  0.0 14.2  0.0  0.0  0.0  0.0  0.0  0.0  0.0  0.0  0.0  0.0  0.0
  0.0  0.0  0.0  0.0  0.0  0.0  0.0  0.0 21.3  7.1  0.0  0.0  0.0  0.0  7.1
  0.0  0.0  0.0  0.0  0.0  0.0  0.0  0.0  0.0 14.2  0.0  0.0  0.0  0.0  0.0
    -18.04     -5.26     -0.64     -6.61     18.25  0.0  0.0  0.0  0.0  0.0
                                      t000128_s1_p1_qjpp.txt 25.5  6.1  148
  0.0  0.0  0.0 54.1  0.0  0.0  0.0  0.0 20.3  0.0  6.8  0.0  0.0  0.0  0.0
  0.0  0.0  0.0 13.5  0.0  0.0439.2108.1 81.1 33.8  6.8  0.0  6.8  0.0  6.8
  0.0  0.0  0.0  0.0  6.8 13.5 13.5  6.8  0.0  0.0  0.0  0.0  6.8  0.0  6.8
  6.8  0.0  0.0  0.0 20.3  6.8 13.5 13.5  0.0  6.8135.1 27.0  0.0108.1  0.0
  0.0  0.0  0.0  0.0  0.0  0.0  0.0  0.0  0.0  0.0  0.0  0.0  0.0  0.0  0.0
  0.0  0.0  0.0  0.0  0.0  0.0  0.0  0.0  0.0  0.0  0.0  0.0  0.0  0.0  0.0
  0.0  0.0  0.0  6.8  0.0  6.8  0.0  0.0  0.0  6.8  0.0  0.0  0.0  0.0  0.0
  0.0  0.0  0.0  0.0  6.8  6.8 20.3  0.0  0.0  0.0  0.0  0.0  0.0  0.0  0.0
  0.0  0.0  0.0  0.0  0.0  0.0  0.0  0.0 13.5 13.5 13.5  0.0 60.8  0.0  0.0
  0.0  0.0  0.0  0.0  0.0 20.3  6.8  6.8  6.8  0.0  0.0  0.0  6.8  0.0  0.0
    -29.10     -3.06      1.60     -5.00      7.97  0.0  0.0  6.8  0.0  0.0
                                     t000128_s14_p1_qjpp.txt 36.5  5.9  572
  0.0  0.0  0.0  3.5  0.0  0.0  0.0  0.0  0.0  0.0  0.0  0.0  0.0  0.0  0.0
  0.0  0.0  0.0  1.7  0.0  0.0673.1 19.2 38.5  8.7  8.7  0.0  0.0  0.0  0.0
  0.0  0.0  0.0  0.0  0.0  5.2  0.0  0.0  0.0  0.0  0.0  0.0  0.0  0.0  0.0
  3.5  0.0  0.0  0.0  0.0  0.0  1.7  3.5  0.0  0.0 45.5  8.7  0.0 17.5  0.0
  0.0  0.0  0.0  0.0  0.0  0.0  0.0  0.0  0.0  0.0  0.0  0.0  0.0  0.0  0.0
  0.0  0.0  0.0  0.0  0.0  0.0  0.0  0.0  0.0  0.0  0.0  0.0  0.0  0.0  0.0
  0.0  0.0  0.0  0.0  0.0  0.0  0.0  0.0  0.0  0.0  0.0  0.0  0.0  0.0  0.0
  0.0  0.0  0.0  0.0  0.0  0.0  0.0  0.0  0.0  0.0  0.0  0.0  0.0  0.0  0.0
  0.0  0.0  0.0  0.0  0.0  0.0  0.0  0.0  0.0  7.0  7.0 10.5  8.7  0.0  0.0
  0.0  0.0  0.0  0.0  0.0  5.2  0.0  3.5  0.0  1.7  0.0  0.0  0.0  0.0  0.0
    -34.77     -5.05      0.68     -6.61     -2.50  0.0  0.0  0.0  0.0  0.0
                                    t000128_s14_p10_qjpp.txt 20.3  5.6  127
  0.0  0.0  0.0 15.7  0.0  0.0  0.0  0.0  0.0  0.0  0.0  0.0  0.0  0.0  0.0
  0.0  0.0  0.0  0.0  0.0  0.0472.4141.7 39.4 47.2  0.0  0.0  0.0  0.0  7.9
  0.0  0.0  0.0  0.0  7.9  7.9  7.9  0.0  0.0  0.0  0.0  0.0  0.0 47.2  0.0
  0.0  0.0  0.0  0.0  0.0  0.0  0.0 47.2  0.0  7.9 55.1  0.0  0.0 86.6  0.0
  0.0  0.0  0.0  0.0  0.0  0.0  0.0  0.0  0.0  0.0  0.0  0.0  0.0  0.0  0.0
  0.0  0.0  0.0  0.0  0.0  0.0  0.0  0.0  0.0  0.0  0.0  0.0  0.0  0.0  0.0
  0.0  0.0  0.0  0.0  0.0  0.0  0.0  0.0  0.0  0.0  0.0  0.0  0.0  0.0  0.0
  0.0  0.0  0.0  0.0  0.0  0.0  0.0  0.0  0.0  0.0  0.0  0.0  0.0  0.0  0.0
  0.0  0.0  0.0  0.0  0.0  0.0  0.0  7.9  0.0  0.0  0.0  7.9 15.7  0.0  0.0
  0.0  0.0  0.0  0.0  0.0  0.0 15.7  7.9  7.9  0.0  0.0  0.0  0.0  0.0  0.0
    -33.12     -4.17      2.15     -6.61      3.53  0.0  0.0  0.0  0.0  0.0
                                    t000128_s14_p11_qjpp.txt 19.5  5.0  105
  9.5  0.0  0.0 38.1  0.0  0.0  0.0  0.0  0.0  0.0  0.0  0.0  0.0  0.0  0.0
  0.0  0.0  0.0  9.5  0.0  0.0438.1142.9  9.5 38.1 19.0 19.0  0.0  0.0  0.0
  0.0  0.0  0.0  0.0  0.0  0.0  0.0  0.0  0.0  0.0  0.0  0.0  0.0  9.5 19.0
  0.0  0.0  0.0  0.0  0.0  0.0  9.5 28.6  0.0  0.0 47.6 19.0  0.0104.8  0.0
  0.0  0.0  0.0  0.0  0.0  0.0  0.0  0.0  0.0  0.0  0.0  0.0  0.0  0.0  0.0
  0.0  0.0  0.0  0.0  0.0  0.0  0.0  0.0  0.0  0.0  0.0  0.0  0.0  0.0  0.0
  0.0  0.0  0.0  0.0  0.0  0.0  0.0  0.0  0.0  0.0  0.0  0.0  0.0  0.0  0.0
  0.0  0.0  0.0  0.0  0.0  0.0  0.0  0.0  0.0  0.0  0.0  0.0  0.0  0.0  0.0
  0.0  0.0  0.0  0.0  0.0  0.0  0.0  0.0 38.1  0.0  0.0  0.0  0.0  0.0  0.0
  0.0  0.0  9.5  0.0  0.0  0.0  0.0  9.5  0.0  0.0  0.0  0.0  0.0  0.0  0.0
    -25.67      0.03      0.97     -6.61     12.47  0.0  0.0  0.0  0.0  0.0
                                    t000128_s14_p12_qjpp.txt 25.3  5.2  179
  0.0  0.0  0.0  5.6  0.0  0.0  0.0  0.0  0.0  5.6  0.0  0.0  0.0  0.0  0.0
  5.6  0.0  0.0 11.2  0.0  0.0402.2139.7  5.6 78.2  0.0  0.0  5.6  0.0  0.0
  0.0  0.0  0.0 22.3  0.0 16.8  5.6  0.0  0.0  0.0  0.0  0.0 11.2 27.9  0.0
  5.6  0.0  0.0  5.6 11.2  0.0 11.2 33.5  0.0  0.0 22.3  0.0  0.0111.7 11.2
  0.0  0.0  0.0  0.0  0.0  0.0  0.0  0.0  0.0  0.0  0.0  0.0  0.0  0.0  0.0
  0.0  0.0  0.0  0.0  0.0  0.0  0.0  0.0  0.0  0.0  0.0  0.0  0.0  0.0  0.0
  0.0  0.0  0.0  0.0  0.0  0.0  0.0  0.0  0.0  0.0  0.0  0.0  0.0  0.0  0.0
  0.0  0.0  0.0  0.0  0.0  0.0  0.0  0.0  0.0  0.0  0.0  0.0  0.0  0.0  0.0
  0.0  0.0  0.0  0.0  0.0  0.0  0.0  0.0 27.9  5.6  5.6 11.2 27.9  5.6  5.6
  0.0  0.0  0.0  0.0  0.0  0.0  0.0 27.9  0.0  0.0  5.6 11.2  5.6  0.0  0.0
    -23.48     -2.12     -6.36     -6.61      9.39  0.0  0.0  0.0  0.0  0.0
                                    t000128_s14_p13_qjpp.txt 19.3  4.3  110
  9.1  0.0  0.0 36.4  0.0  0.0  9.1  0.0  0.0  0.0  0.0  0.0  0.0  0.0  0.0
  0.0  0.0  0.0 27.3  0.0  0.0227.3136.4 36.4 63.6  0.0  9.1  0.0  0.0  0.0
  0.0  0.0  0.0  0.0  0.0  0.0  9.1  0.0  0.0  0.0  0.0  0.0  0.0 81.8  0.0
  0.0  0.0  0.0  0.0  0.0  0.0 27.3 81.8  0.0  0.0 72.7  0.0  0.0127.3  0.0
  0.0  0.0  0.0  0.0  0.0  0.0  0.0  0.0  0.0  0.0  0.0  0.0  0.0  0.0  0.0
  0.0  0.0  0.0  0.0  0.0  0.0  0.0  0.0  0.0  0.0  0.0  0.0  0.0  0.0  0.0
  0.0  0.0  0.0  0.0  0.0  0.0  0.0  0.0  0.0  0.0  0.0  0.0  0.0  0.0  0.0
  0.0  0.0  0.0  0.0  0.0  0.0  0.0  0.0  0.0  0.0  0.0  0.0  0.0  0.0  0.0
  0.0  0.0  0.0  0.0  0.0  0.0  0.0  0.0  0.0  9.1 27.3  0.0  0.0  9.1  0.0
  9.1  0.0  0.0  0.0  0.0  9.1  0.0 36.4  0.0  0.0  0.0 27.3  0.0  0.0  0.0
    -13.62     -1.89      0.97     -6.61      8.77  0.0  0.0  9.1  0.0  0.0
                                    t000128_s14_p14_qjpp.txt 18.5  4.9   91
 22.0  0.0  0.0 22.0  0.0  0.0  0.0  0.0  0.0  0.0  0.0  0.0  0.0  0.0  0.0
  0.0  0.0  0.0  0.0  0.0  0.0384.6142.9 22.0 76.9  0.0  0.0 11.0  0.0  0.0
  0.0  0.0  0.0 11.0  0.0 11.0  0.0  0.0  0.0  0.0  0.0  0.0  0.0 33.0  0.0
  0.0  0.0  0.0  0.0  0.0  0.0  0.0 33.0  0.0  0.0 76.9  0.0  0.0109.9  0.0
  0.0  0.0  0.0  0.0  0.0  0.0  0.0  0.0  0.0  0.0  0.0  0.0  0.0  0.0  0.0
  0.0  0.0  0.0  0.0  0.0  0.0  0.0  0.0  0.0  0.0  0.0  0.0  0.0  0.0  0.0
  0.0  0.0  0.0  0.0  0.0  0.0  0.0  0.0  0.0  0.0  0.0  0.0  0.0  0.0  0.0
  0.0  0.0  0.0  0.0  0.0  0.0  0.0  0.0  0.0  0.0  0.0  0.0  0.0  0.0  0.0
  0.0  0.0  0.0  0.0  0.0  0.0  0.0  0.0 11.0  0.0 11.0 11.0 11.0  0.0  0.0
  0.0 11.0  0.0  0.0  0.0  0.0  0.0 44.0  0.0 11.0  0.0  0.0  0.0  0.0  0.0
    -25.90     -1.16     -2.79     -6.61      1.37  0.0  0.0  0.0  0.0  0.0
                                    t000128_s14_p15_qjpp.txt 24.0  4.5  121
  0.0  0.0  0.0 24.8  0.0  0.0  0.0  0.0  0.0  0.0  0.0  0.0  0.0  0.0  0.0
  0.0  0.0  0.0  8.3  0.0  0.0289.3107.4 49.6 49.6  0.0  0.0  0.0  0.0  8.3
  0.0  0.0  0.0 24.8  0.0 33.1 16.5  0.0  0.0  0.0  0.0  8.3  0.0 49.6  0.0
  0.0  0.0  0.0  0.0  0.0  0.0  8.3 49.6  0.0  8.3 66.1  0.0  0.0107.4  0.0
  0.0  0.0  0.0  0.0  0.0  0.0  0.0  0.0  0.0  0.0  0.0  0.0  0.0  0.0  0.0
  0.0  0.0  0.0  0.0  0.0  0.0  0.0  0.0  0.0  0.0  0.0  0.0  0.0  0.0  0.0
  0.0  0.0  8.3  0.0  0.0  0.0  0.0  0.0  0.0  0.0  0.0  0.0  0.0  0.0  0.0
  0.0  0.0  0.0  0.0  8.3  0.0  8.3  0.0  0.0  0.0  0.0  0.0  0.0  0.0  0.0
  0.0  0.0  0.0  0.0  0.0  0.0  0.0  8.3  8.3  0.0 16.5 16.5  8.3  0.0  8.3
  0.0  0.0  0.0  0.0  0.0  0.0  0.0 16.5  0.0  0.0 16.5  0.0  0.0  0.0  0.0
    -22.41     -4.10     -3.86     -3.30      3.89  0.0  0.0  0.0  0.0  0.0
                                    t000128_s14_p16_qjpp.txt 25.8  4.7  163
  0.0  0.0  0.0  6.1  0.0  0.0  0.0  0.0  0.0  0.0  0.0  0.0  0.0  6.1  0.0
  0.0  0.0  0.0  6.1  0.0  0.0349.7141.1 30.7 73.6  0.0  0.0  0.0  0.0  0.0
  0.0  0.0  0.0  6.1  0.0 12.3  0.0  0.0  0.0  0.0  0.0  6.1  6.1 67.5  0.0
  0.0  0.0  0.0  0.0  6.1  0.0  6.1 67.5  0.0  0.0 49.1  0.0  0.0122.7  6.1
  0.0  0.0  0.0  0.0  0.0  0.0  0.0  0.0  0.0  0.0  0.0  0.0  0.0  0.0  0.0
  0.0  0.0  0.0  0.0  0.0  0.0  0.0  0.0  0.0  0.0  0.0  0.0  0.0  0.0  0.0
  0.0  0.0  0.0  0.0  0.0  0.0  0.0  0.0  0.0  0.0  0.0  0.0  0.0  0.0  0.0
  0.0  0.0  0.0  0.0  0.0  0.0  0.0  0.0  0.0  0.0  0.0  0.0  0.0  0.0  0.0
  0.0  0.0  0.0  0.0  0.0  0.0  0.0  0.0  6.1  0.0 36.8 18.4  0.0 12.3 24.5
  0.0  6.1  0.0  0.0  0.0  0.0  0.0 12.3  0.0  0.0  0.0 24.5  6.1  0.0  0.0
    -23.03     -3.31     -1.48     -4.15     10.43  0.0  0.0  0.0  0.0  0.0
                                    t000128_s14_p17_qjpp.txt 34.3  4.8  237
  4.2  0.0  0.0  4.2  0.0  0.0  0.0  0.0  8.4  0.0  0.0  0.0  0.0  0.0  0.0
  0.0  0.0  0.0  0.0  0.0  0.0443.0135.0 25.3 42.2  0.0  0.0  0.0  8.4  0.0
  0.0  0.0  0.0  4.2  0.0  0.0  0.0  0.0  0.0  0.0  0.0  0.0  0.0 29.5  0.0
  8.4  0.0  4.2  0.0  0.0  0.0  0.0 38.0  0.0  8.4 38.0  8.4  0.0 71.7  0.0
  0.0  0.0  0.0  0.0  0.0  0.0  0.0  0.0  0.0  0.0  0.0  0.0  0.0  0.0  0.0
  0.0  0.0  0.0  0.0  0.0  4.2  0.0  0.0  0.0  0.0  0.0  0.0  0.0  0.0  0.0
  0.0  0.0  0.0  0.0  0.0  0.0  0.0  0.0  0.0  0.0  0.0  0.0  0.0  0.0  0.0
  4.2  0.0  0.0  4.2  0.0  0.0  0.0  0.0  0.0  0.0  0.0  0.0  0.0  0.0  0.0
  0.0  0.0  0.0  0.0  0.0  0.0  0.0  0.0 21.1  0.0 12.7  4.2  0.0  0.0  0.0
  0.0  4.2  0.0  0.0  0.0  0.0  0.0 12.7  4.2  4.2  0.0  8.4  0.0  0.0  0.0
    -29.02     -4.34      4.73     -6.61      3.57  0.0  0.0  4.2  0.0  0.0
                                    t000128_s14_p18_qjpp.txt 16.5  5.4   85
  0.0  0.0  0.0 11.8  0.0  0.0  0.0  0.0  0.0  0.0  0.0  0.0  0.0  0.0  0.0
  0.0  0.0  0.0  0.0  0.0  0.0458.8141.2 47.1 47.1  0.0  0.0  0.0  0.0  0.0
  0.0  0.0  0.0  0.0  0.0 11.8  0.0  0.0  0.0  0.0  0.0  0.0  0.0 35.3  0.0
  0.0  0.0  0.0  0.0  0.0  0.0  0.0 35.3  0.0  0.0 70.6  0.0  0.0 82.4 11.8
  0.0  0.0  0.0  0.0  0.0  0.0  0.0  0.0  0.0  0.0  0.0  0.0  0.0  0.0  0.0
  0.0  0.0  0.0  0.0  0.0  0.0  0.0  0.0  0.0  0.0  0.0  0.0  0.0  0.0  0.0
  0.0  0.0  0.0  0.0  0.0  0.0  0.0  0.0  0.0  0.0  0.0  0.0  0.0  0.0  0.0
  0.0  0.0  0.0  0.0  0.0  0.0  0.0  0.0  0.0  0.0  0.0  0.0  0.0  0.0  0.0
  0.0  0.0  0.0  0.0  0.0  0.0  0.0 11.8  0.0  0.0  0.0  0.0 11.8  0.0 35.3
  0.0  0.0  0.0  0.0  0.0  0.0  0.0  0.0  0.0 11.8  0.0  0.0 11.8  0.0  0.0
    -32.74     -4.18      0.31     -6.61      1.72  0.0  0.0  0.0  0.0  0.0
                                    t000128_s14_p19_qjpp.txt 20.0  5.0  117
  8.5  0.0  0.0 17.1  0.0  0.0  0.0  0.0  0.0  0.0  0.0  0.0  0.0  0.0  0.0
  0.0  0.0  0.0  8.5  0.0  0.0367.5111.1 34.2 59.8  0.0  0.0  0.0  0.0  0.0
  0.0  0.0  0.0  0.0  0.0  8.5  8.5  0.0  0.0  0.0  0.0  0.0  0.0 42.7  0.0
  8.5  8.5  0.0  0.0  0.0  0.0 17.1 51.3  0.0  0.0 59.8  0.0  0.0111.1  0.0
  0.0  0.0  0.0  0.0  0.0  0.0  0.0  0.0  0.0  0.0  0.0  0.0  0.0  0.0  0.0
  0.0  0.0  0.0  0.0  0.0  0.0  0.0  0.0  0.0  0.0  0.0  0.0  0.0  0.0  0.0
  0.0  0.0  8.5  0.0  0.0  0.0  0.0  0.0  0.0  0.0  0.0  0.0  0.0  0.0  0.0
  0.0  0.0  0.0  0.0  8.5  0.0  8.5  0.0  0.0  0.0  0.0  0.0  0.0  0.0  0.0
  0.0  0.0  0.0  0.0  0.0  0.0  0.0  0.0  0.0  0.0 25.6  0.0 42.7 17.1  0.0
  0.0  8.5  0.0  0.0  0.0  0.0  0.0 34.2  0.0  0.0  8.5  0.0  0.0  0.0  0.0
    -24.57     -3.76      0.49     -6.61      5.61  0.0  0.0  0.0  0.0  0.0
                                     t000128_s14_p2_qjpp.txt  4.8  6.4   22
  0.0  0.0  0.0 90.9  0.0  0.0  0.0  0.0  0.0  0.0  0.0  0.0  0.0  0.0  0.0
  0.0  0.0  0.0  0.0  0.0  0.0409.1 90.9  0.0  0.0  0.0  0.0  0.0  0.0  0.0
  0.0  0.0  0.0  0.0  0.0  0.0  0.0 45.5  0.0  0.0 45.5  0.0  0.0 45.5 45.5
  0.0  0.0  0.0  0.0  0.0 90.9  0.0 90.9  0.0  0.0  0.0  0.0  0.0 90.9  0.0
  0.0  0.0  0.0  0.0  0.0  0.0  0.0  0.0  0.0  0.0  0.0  0.0  0.0  0.0  0.0
  0.0  0.0  0.0  0.0  0.0  0.0  0.0  0.0  0.0  0.0  0.0  0.0  0.0  0.0  0.0
  0.0  0.0  0.0  0.0  0.0  0.0  0.0  0.0  0.0  0.0  0.0  0.0  0.0  0.0  0.0
  0.0  0.0  0.0  0.0  0.0  0.0  0.0  0.0  0.0  0.0  0.0  0.0  0.0  0.0  0.0
  0.0  0.0  0.0  0.0  0.0  0.0  0.0  0.0  0.0  0.0 90.9  0.0 45.5  0.0  0.0
 45.5  0.0  0.0  0.0  0.0  0.0  0.0  0.0  0.0  0.0  0.0  0.0  0.0  0.0  0.0
    -27.16     -5.73      0.97     25.86     38.23  0.0  0.0  0.0  0.0  0.0
                                    t000128_s14_p20_qjpp.txt 22.8  4.8  158
  6.3  0.0  0.0 31.6  0.0  0.0  0.0  0.0  0.0  0.0  0.0  0.0  0.0  0.0  0.0
  0.0  0.0  0.0  0.0  0.0  0.0386.1113.9 19.0 50.6  0.0  0.0  6.3  0.0  0.0
  0.0  6.3  0.0 44.3  0.0 38.0 19.0  0.0  0.0  0.0  0.0 19.0  0.0 50.6  0.0
  0.0  6.3  0.0  0.0  0.0  0.0 12.7 50.6  0.0  0.0 25.3  0.0  0.0113.9  6.3
  0.0  0.0  0.0  0.0  0.0  0.0  0.0  0.0  0.0  0.0  0.0  0.0  0.0  0.0  0.0
  0.0  0.0  0.0  0.0  0.0  0.0  0.0  0.0  0.0  0.0  0.0  0.0  0.0  0.0  0.0
  0.0  0.0  6.3  0.0  0.0  0.0  0.0  0.0  0.0  0.0  0.0  0.0  0.0  0.0  0.0
  0.0  0.0  0.0  0.0  6.3  0.0  6.3  0.0  0.0  0.0  0.0  0.0  0.0  0.0  0.0
  0.0  0.0  0.0  0.0  0.0  0.0  0.0  0.0  0.0  0.0  6.3 19.0 12.7  0.0  0.0
  0.0  0.0  0.0  0.0  0.0  0.0  0.0 19.0 12.7  6.3  6.3  6.3  0.0  0.0  0.0
    -25.59     -2.89    -11.50      0.99      4.05  0.0  0.0  0.0  0.0  0.0
                                    t000128_s14_p21_qjpp.txt 34.5  4.5  219
  0.0  0.0  0.0 18.3  0.0  0.0  0.0  0.0  0.0  0.0  0.0  0.0  0.0  0.0  0.0
  0.0  0.0  0.0  0.0  0.0  0.0324.2141.6 27.4 54.8 13.7  9.1  0.0  0.0  0.0
  0.0  0.0  0.0 22.8  0.0 13.7 13.7  0.0  0.0  0.0  0.0  9.1  0.0 32.0  4.6
  4.6  4.6  0.0  0.0  0.0  0.0  4.6 41.1  0.0  0.0 41.1 13.7  0.0105.0  4.6
  0.0  0.0  0.0  0.0  0.0  0.0  0.0  0.0  0.0  0.0  0.0  0.0  0.0  0.0  0.0
  0.0  0.0  0.0  0.0  0.0  0.0  0.0  0.0  0.0  0.0  0.0  0.0  0.0  0.0  0.0
  0.0  0.0  0.0  0.0  0.0  0.0  0.0  0.0  0.0  0.0  0.0  0.0  0.0  0.0  0.0
  0.0  0.0  0.0  0.0  0.0  0.0  0.0  0.0  0.0  0.0  0.0  0.0  0.0  0.0  0.0
  0.0  0.0  0.0  0.0  0.0  0.0  0.0  0.0  0.0  0.0  9.1 13.7  9.1  0.0  0.0
  0.0  0.0  0.0  0.0  0.0  0.0  0.0 22.8  4.6  0.0  0.0  9.1  0.0  0.0  0.0
    -25.70     -1.56     -6.33     -2.95      6.20  0.0  0.0  0.0  0.0  0.0
                                    t000128_s14_p22_qjpp.txt 20.0  4.7  110
  9.1  0.0  0.0  9.1  0.0  0.0  0.0  0.0  0.0  0.0  0.0  0.0  0.0  0.0  0.0
  0.0  0.0  0.0  0.0  0.0  0.0463.6100.0  0.0 36.4 27.3 18.2  0.0  0.0  0.0
  0.0  0.0  0.0 27.3  0.0  0.0  9.1  0.0  0.0  0.0  0.0  0.0  0.0 18.2  0.0
  0.0  0.0  0.0  0.0  0.0  0.0  0.0 18.2  0.0  0.0 27.3 27.3  0.0 81.8  0.0
  0.0  0.0  0.0  0.0  0.0  0.0  0.0  0.0  0.0  0.0  0.0  0.0  0.0  0.0  0.0
  0.0  0.0  0.0  0.0  0.0  0.0  0.0  0.0  0.0  0.0  0.0  0.0  0.0  0.0  0.0
  0.0  0.0  0.0  0.0  0.0  9.1  0.0  0.0  0.0  0.0  0.0  0.0  0.0  0.0  0.0
  0.0  0.0  0.0  0.0  0.0  9.1  9.1  0.0  0.0  0.0  0.0  0.0  0.0  0.0  0.0
  0.0  0.0  0.0  0.0  0.0  0.0  0.0  0.0 18.2  0.0  0.0  0.0  0.0  0.0  0.0
  0.0  0.0  0.0  0.0  0.0  0.0  0.0 18.2  9.1  0.0  0.0  9.1  0.0  0.0  0.0
    -26.25      0.18     -6.82     -6.61     -0.87  0.0  0.0  0.0  0.0  0.0
                                    t000128_s14_p23_qjpp.txt 13.8  5.4   64
  0.0  0.0  0.0 15.6  0.0  0.0  0.0  0.0  0.0  0.0  0.0  0.0  0.0  0.0  0.0
  0.0  0.0  0.0  0.0  0.0  0.0390.6 93.8 62.5 78.1  0.0  0.0  0.0  0.0  0.0
  0.0  0.0  0.0  0.0  0.0 15.6  0.0  0.0  0.0  0.0  0.0  0.0  0.0 46.9  0.0
  0.0  0.0  0.0  0.0  0.0  0.0  0.0 46.9  0.0  0.0 62.5  0.0  0.0140.6 46.9
  0.0  0.0  0.0  0.0  0.0  0.0  0.0  0.0  0.0  0.0  0.0  0.0  0.0  0.0  0.0
  0.0  0.0  0.0  0.0  0.0  0.0  0.0  0.0  0.0  0.0  0.0  0.0  0.0  0.0  0.0
  0.0  0.0  0.0  0.0  0.0  0.0  0.0  0.0  0.0  0.0  0.0  0.0  0.0  0.0  0.0
  0.0  0.0  0.0  0.0  0.0  0.0  0.0  0.0  0.0  0.0  0.0  0.0  0.0  0.0  0.0
  0.0  0.0  0.0  0.0  0.0  0.0  0.0  0.0  0.0 15.6 31.3  0.0  0.0  0.0  0.0
  0.0  0.0  0.0  0.0  0.0  0.0  0.0 46.9  0.0 31.3  0.0  0.0  0.0  0.0  0.0
    -29.69     -3.16      0.09     -6.61      3.48  0.0  0.0  0.0  0.0  0.0
                                    t000128_s14_p24_qjpp.txt 25.3  4.9  167
  6.0  0.0  0.0 12.0  0.0  0.0  0.0  0.0  6.0  0.0  0.0  0.0  0.0  0.0  0.0
  0.0  0.0  0.0  6.0  0.0  0.0365.3113.8 24.0 59.9 18.0 12.0  0.0  0.0  0.0
  0.0  6.0  0.0 29.9  0.0 29.9  6.0  0.0  0.0  0.0  0.0 12.0  6.0 29.9  0.0
 24.0  0.0  0.0  0.0  6.0  0.0 12.0 53.9  0.0  0.0 59.9 24.0  0.0125.7  0.0
  0.0  0.0  0.0  0.0  0.0  0.0  0.0  0.0  0.0  0.0  0.0  0.0  0.0  0.0  0.0
  0.0  0.0  0.0  0.0  0.0  0.0  0.0  0.0  0.0  0.0  0.0  0.0  0.0  0.0  0.0
  0.0  0.0  0.0  0.0  0.0  0.0  0.0  0.0  0.0  0.0  0.0  0.0  0.0  0.0  0.0
  0.0  0.0  0.0  0.0  0.0  0.0  0.0  0.0  0.0  0.0  0.0  0.0  0.0  0.0  0.0
  0.0  0.0  0.0  0.0  0.0  0.0  0.0  0.0  0.0  0.0 24.0 47.9 24.0  0.0  0.0
  0.0  0.0  0.0  0.0  0.0  0.0  0.0 18.0  6.0  6.0  0.0  0.0  0.0  0.0  0.0
    -24.62     -0.66     -7.06     -1.81     12.38  0.0  0.0  0.0  0.0  0.0
                                    t000128_s14_p25_qjpp.txt 22.0  4.6  124
  0.0  0.0  0.0 16.1  0.0  0.0  0.0  0.0  0.0  0.0  0.0  0.0  0.0  0.0  0.0
  0.0  0.0  0.0  8.1  0.0  0.0362.9177.4 16.1 32.3  0.0  0.0  0.0  0.0  0.0
  8.1  0.0  0.0  8.1  8.1 32.3 16.1  0.0  0.0  0.0  0.0  8.1  0.0 32.3  0.0
  0.0  0.0  0.0  0.0  8.1  0.0  8.1 32.3  0.0  8.1 40.3  0.0  0.0 72.6  0.0
  0.0  0.0  0.0  0.0  0.0  0.0  0.0  0.0  0.0  0.0  0.0  0.0  0.0  0.0  0.0
  0.0  0.0  0.0  0.0  0.0  0.0  0.0  0.0  0.0  0.0  0.0  0.0  0.0  0.0  0.0
  0.0  0.0  0.0  0.0  0.0  0.0  0.0  0.0  0.0  0.0  0.0  0.0  0.0  0.0  0.0
  0.0  0.0  0.0  0.0  0.0  0.0  0.0  0.0  0.0  0.0  0.0  0.0  0.0  0.0  0.0
  0.0  0.0  0.0  0.0  0.0  0.0  0.0  0.0 16.1  0.0  8.1  8.1 40.3  8.1  0.0
  0.0  0.0  0.0  0.0  0.0  0.0  0.0 16.1  0.0  0.0  0.0  8.1  0.0  0.0  0.0
    -26.18     -4.67      1.80     -3.38      1.26  0.0  0.0  0.0  0.0  0.0
                                    t000128_s14_p26_qjpp.txt 31.3  5.3  190
  5.3  0.0  0.0 26.3  0.0  0.0  0.0  0.0 10.5  0.0  0.0  0.0  0.0  0.0  0.0
  0.0  0.0  5.3  5.3  0.0  0.0442.1105.3 36.8 15.8  0.0  5.3  0.0  0.0  0.0
  0.0  0.0  0.0  5.3  0.0 15.8 15.8  0.0  0.0  0.0  0.0  5.3 10.5  0.0  0.0
  0.0  0.0  0.0  0.0  0.0  5.3  5.3  0.0  0.0  0.0 73.7 10.5  0.0 68.4  0.0
  0.0  0.0  0.0  0.0  0.0  0.0  0.0  0.0  0.0  0.0  0.0  0.0  0.0  0.0  0.0
  0.0  0.0  0.0  0.0  0.0  0.0  0.0  0.0  0.0  0.0  0.0  0.0  0.0  0.0  0.0
  0.0  5.3  5.3  0.0  5.3  0.0  0.0  0.0  0.0  0.0  0.0  0.0  0.0  0.0  0.0
  0.0  0.0  0.0  0.0 10.5  5.3 15.8  0.0  0.0  0.0  0.0  0.0  0.0  0.0  0.0
  0.0  0.0  0.0  0.0  0.0  0.0  0.0  0.0 31.6  0.0  5.3  5.3 31.6  0.0  0.0
  0.0  5.3  0.0  0.0  0.0  5.3  0.0 10.5  0.0 10.5  0.0  0.0  0.0  0.0  0.0
    -26.28     -4.20     -1.43     -4.50      2.95  5.3  0.0  0.0  0.0  0.0
                                    t000128_s14_p27_qjpp.txt 23.5  4.2  120
  0.0  0.0  0.0 16.7  0.0  0.0  0.0  0.0  0.0  0.0  0.0  0.0  0.0  0.0  0.0
  0.0  0.0  0.0  0.0  0.0  0.0491.7 25.0 25.0 25.0  0.0  0.0  0.0  0.0  0.0
  0.0  0.0  0.0  0.0  0.0  0.0  0.0  0.0  0.0  0.0  0.0  0.0  0.0  0.0  0.0
  0.0  0.0  0.0  0.0  0.0  0.0  0.0  0.0  0.0  0.0 33.3  0.0  0.0 58.3  0.0
  0.0  0.0  0.0  0.0  0.0  0.0  0.0  0.0  0.0  0.0  0.0  0.0  0.0  0.0  0.0
  0.0  0.0  0.0  0.0  0.0  0.0  0.0  0.0  0.0  0.0  0.0  0.0  0.0  0.0  0.0
  0.0  0.0  0.0  0.0  0.0  0.0  0.0  0.0  0.0  0.0  0.0  0.0  0.0  0.0  0.0
  0.0  0.0  0.0  0.0  0.0  0.0  0.0  0.0  0.0  0.0  0.0  0.0  0.0  0.0  0.0
  0.0  0.0  0.0  0.0  0.0  0.0  0.0  0.0  8.3  0.0  0.0 16.7  0.0  0.0  0.0
  0.0  0.0  8.3  0.0  0.0  8.3  0.0  8.3  0.0  0.0  0.0  0.0  0.0  0.0  0.0
    -24.88     -4.91      0.97     -6.61     -3.63  0.0  0.0  0.0  0.0  0.0
                                    t000128_s14_p28_qjpp.txt 10.8  5.2   48
  0.0  0.0  0.0  0.0  0.0  0.0  0.0  0.0  0.0  0.0  0.0  0.0  0.0  0.0  0.0
  0.0  0.0  0.0  0.0  0.0  0.0416.7125.0 41.7 62.5  0.0  0.0  0.0  0.0  0.0
  0.0  0.0  0.0  0.0  0.0 20.8  0.0  0.0  0.0  0.0  0.0  0.0  0.0 41.7  0.0
 20.8  0.0  0.0  0.0 20.8  0.0  0.0 62.5  0.0  0.0 62.5  0.0  0.0104.2 20.8
  0.0  0.0  0.0  0.0  0.0  0.0  0.0  0.0  0.0  0.0  0.0  0.0  0.0  0.0  0.0
  0.0  0.0  0.0  0.0  0.0  0.0  0.0  0.0  0.0  0.0  0.0  0.0  0.0  0.0  0.0
  0.0  0.0  0.0  0.0  0.0  0.0  0.0  0.0  0.0  0.0  0.0  0.0  0.0  0.0  0.0
  0.0  0.0  0.0  0.0  0.0  0.0  0.0  0.0  0.0  0.0  0.0  0.0  0.0  0.0  0.0
  0.0  0.0  0.0  0.0  0.0  0.0  0.0  0.0  0.0  0.0  0.0  0.0  0.0  0.0  0.0
  0.0  0.0  0.0  0.0  0.0  0.0  0.0 41.7  0.0  0.0  0.0  0.0  0.0  0.0  0.0
    -30.48     -3.67     -0.21     -6.61      9.41  0.0  0.0  0.0  0.0  0.0
                                    t000128_s14_p29_qjpp.txt 16.3  4.7   83
  0.0  0.0  0.0  0.0  0.0  0.0  0.0  0.0  0.0  0.0  0.0  0.0  0.0  0.0  0.0
  0.0  0.0  0.0  0.0  0.0  0.0409.6132.5 48.2 48.2  0.0  0.0  0.0  0.0  0.0
  0.0  0.0  0.0  0.0  0.0 36.1  0.0  0.0  0.0  0.0  0.0 12.0  0.0 36.1  0.0
 12.0  0.0  0.0  0.0 12.0  0.0  0.0 48.2  0.0  0.0 72.3  0.0  0.0 84.3 12.0
  0.0  0.0  0.0  0.0  0.0  0.0  0.0  0.0  0.0  0.0  0.0  0.0  0.0  0.0  0.0
  0.0  0.0  0.0  0.0  0.0  0.0  0.0  0.0  0.0  0.0  0.0  0.0  0.0  0.0  0.0
  0.0  0.0  0.0  0.0  0.0  0.0  0.0  0.0  0.0  0.0  0.0  0.0  0.0  0.0  0.0
  0.0  0.0  0.0  0.0  0.0  0.0  0.0  0.0  0.0  0.0  0.0  0.0  0.0  0.0  0.0
  0.0  0.0  0.0  0.0  0.0  0.0  0.0  0.0  0.0  0.0  0.0 12.0 24.1  0.0  0.0
  0.0  0.0  0.0  0.0  0.0  0.0 12.0 36.1  0.0  0.0  0.0 12.0  0.0  0.0  0.0
    -29.76     -4.14     -1.08     -1.79      5.74  0.0  0.0  0.0  0.0  0.0
                                     t000128_s14_p3_qjpp.txt  5.0  5.4   23
  0.0  0.0  0.0 43.5  0.0  0.0  0.0  0.0  0.0  0.0  0.0  0.0  0.0  0.0  0.0
  0.0  0.0  0.0  0.0  0.0  0.0347.8217.4  0.0  0.0  0.0 43.5  0.0  0.0  0.0
  0.0  0.0  0.0  0.0  0.0  0.0  0.0  0.0  0.0  0.0  0.0  0.0  0.0  0.0  0.0
 43.5  0.0  0.0  0.0  0.0  0.0  0.0 43.5  0.0  0.0  0.0  0.0  0.0 43.5  0.0
  0.0  0.0  0.0  0.0  0.0  0.0  0.0  0.0  0.0  0.0  0.0  0.0  0.0  0.0  0.0
  0.0  0.0  0.0  0.0  0.0  0.0  0.0  0.0  0.0  0.0  0.0  0.0  0.0  0.0  0.0
  0.0  0.0  0.0  0.0  0.0  0.0  0.0  0.0  0.0  0.0  0.0  0.0  0.0  0.0  0.0
  0.0  0.0  0.0  0.0  0.0  0.0  0.0  0.0  0.0  0.0  0.0  0.0  0.0  0.0  0.0
  0.0  0.0  0.0  0.0  0.0  0.0  0.0  0.0  0.0  0.0  0.0  0.0 43.5  0.0  0.0
  0.0  0.0  0.0  0.0  0.0  0.0  0.0  0.0  0.0  0.0  0.0  0.0  0.0  0.0  0.0
    -29.37      2.63      0.97     -6.61     10.40  0.0  0.0  0.0  0.0  0.0
                                    t000128_s14_p30_qjpp.txt  8.8  4.4   46
  0.0  0.0  0.0  0.0  0.0  0.0  0.0  0.0  0.0  0.0  0.0  0.0  0.0  0.0  0.0
  0.0  0.0  0.0 21.7  0.0  0.0347.8108.7 21.7 65.2  0.0  0.0  0.0  0.0  0.0
  0.0 21.7  0.0  0.0  0.0 87.0  0.0  0.0  0.0  0.0  0.0  0.0 21.7 65.2  0.0
  0.0  0.0  0.0  0.0  0.0  0.0 43.5 65.2  0.0  0.0 43.5  0.0  0.0108.7 21.7
  0.0  0.0  0.0  0.0  0.0  0.0  0.0  0.0  0.0  0.0  0.0  0.0  0.0  0.0  0.0
  0.0  0.0  0.0  0.0  0.0  0.0  0.0  0.0  0.0  0.0  0.0  0.0  0.0  0.0  0.0
  0.0  0.0  0.0  0.0  0.0  0.0  0.0  0.0  0.0  0.0  0.0  0.0  0.0  0.0  0.0
  0.0  0.0  0.0  0.0  0.0  0.0  0.0  0.0  0.0  0.0  0.0  0.0  0.0  0.0  0.0
  0.0  0.0  0.0  0.0  0.0  0.0  0.0  0.0  0.0  0.0 21.7  0.0 21.7  0.0  0.0
  0.0  0.0  0.0  0.0  0.0  0.0  0.0  0.0  0.0  0.0  0.0  0.0  0.0  0.0  0.0
    -20.43     -3.58      4.08     -6.61     19.84  0.0  0.0  0.0  0.0  0.0
                                    t000128_s14_p31_qjpp.txt 27.3  4.9  150
  6.7  0.0  0.0 13.3  0.0  0.0  0.0  0.0  0.0  0.0  0.0  0.0  0.0  0.0  0.0
  0.0  0.0  0.0  0.0  0.0  0.0460.0113.3 13.3 73.3  0.0  6.7  0.0  0.0  0.0
  0.0  0.0  0.0 13.3  0.0 26.7  0.0  0.0  0.0  0.0  0.0  0.0  0.0 26.7  0.0
  0.0  0.0  0.0  0.0  0.0  0.0  0.0 26.7  0.0  0.0 13.3  0.0  0.0 93.3  0.0
  0.0  0.0  0.0  0.0  0.0  0.0  0.0  0.0  0.0  0.0  0.0  0.0  0.0  0.0  0.0
  0.0  0.0  0.0  0.0  0.0  0.0  0.0  0.0  0.0  0.0  0.0  0.0  0.0  0.0  0.0
  0.0  0.0 13.3  0.0  0.0  0.0  0.0  0.0  0.0  0.0  0.0  0.0  0.0  0.0  0.0
  0.0  0.0  0.0  0.0 13.3  0.0 13.3  0.0  0.0  0.0  0.0  0.0  0.0  0.0  0.0
  0.0  0.0  0.0  0.0  0.0  0.0  0.0  0.0  0.0 13.3 26.7 13.3 20.0  6.7  6.7
  0.0  6.7  0.0  0.0  0.0  0.0  0.0  6.7  0.0  0.0 13.3  0.0  0.0  0.0  0.0
    -28.08     -2.03     -4.35     -6.61      0.41  0.0  0.0  0.0  0.0  0.0
                                    t000128_s14_p32_qjpp.txt 27.5  4.4  267
  3.7  0.0  0.0 67.4  0.0  0.0  3.7  0.0  3.7  0.0  0.0  0.0  0.0  0.0  0.0
  0.0  0.0  3.7 22.5  0.0  0.0325.8146.1 41.2 22.5  0.0  0.0  0.0  0.0  3.7
  0.0  0.0  0.0  0.0  0.0  7.5  0.0  0.0  0.0  0.0  0.0  0.0  0.0 30.0  0.0
  0.0  0.0  0.0  0.0  0.0  3.7 22.5 30.0  0.0  3.7 44.9  3.7  0.0 93.6 11.2
  3.7  0.0  0.0  0.0  0.0  0.0  0.0  0.0  0.0  0.0  0.0  0.0  0.0  0.0  0.0
  0.0  0.0  0.0  0.0  0.0  0.0  0.0  0.0  0.0  0.0  0.0  0.0  0.0  0.0  0.0
  0.0  0.0  0.0  0.0  0.0  0.0  0.0  0.0  0.0  0.0  0.0  0.0  0.0  0.0  0.0
  0.0  0.0  0.0  0.0  0.0  0.0  0.0  0.0  0.0  0.0  0.0  0.0  0.0  0.0  0.0
  0.0  0.0  0.0  0.0  0.0  0.0  0.0  0.0 18.7  3.7 41.2  0.0 22.5  0.0  0.0
  0.0  3.7  0.0  0.0  0.0  0.0  0.0 22.5  3.7 22.5  0.0  3.7  3.7  0.0  0.0
    -17.90     -4.99      2.42     -6.61      0.91  3.7  0.0  0.0  0.0  0.0
                                    t000128_s14_p33_qjpp.txt 16.0  5.2   82
 12.2  0.0  0.0  0.0  0.0  0.0  0.0  0.0  0.0  0.0  0.0  0.0  0.0  0.0  0.0
  0.0  0.0  0.0 12.2  0.0  0.0426.8122.0 48.8 48.8  0.0  0.0  0.0  0.0  0.0
  0.0  0.0  0.0 12.2  0.0 12.2  0.0  0.0  0.0  0.0  0.0  0.0  0.0 48.8  0.0
  0.0  0.0  0.0  0.0  0.0  0.0 12.2 48.8  0.0  0.0 61.0  0.0  0.0 61.0  0.0
  0.0  0.0  0.0  0.0  0.0  0.0  0.0  0.0  0.0  0.0  0.0  0.0  0.0  0.0  0.0
  0.0  0.0  0.0  0.0  0.0  0.0  0.0  0.0  0.0  0.0  0.0  0.0  0.0  0.0  0.0
  0.0  0.0  0.0  0.0  0.0  0.0  0.0  0.0  0.0  0.0  0.0  0.0  0.0  0.0  0.0
  0.0  0.0  0.0  0.0  0.0  0.0  0.0  0.0  0.0  0.0  0.0  0.0  0.0  0.0  0.0
  0.0  0.0  0.0  0.0  0.0  0.0  0.0 12.2 12.2  0.0 12.2 24.4  0.0  0.0  0.0
 12.2  0.0  0.0  0.0  0.0  0.0  0.0  0.0  0.0 36.6  0.0  0.0  0.0  0.0  0.0
    -27.47     -4.12     -3.20     -6.61      3.76  0.0  0.0  0.0  0.0  0.0
                                    t000128_s14_p34_qjpp.txt 16.3  5.2  112
  0.0  0.0  0.0 17.9  0.0  0.0  0.0  0.0  0.0  0.0  0.0  0.0  0.0  0.0  0.0
  0.0  0.0  0.0 17.9  0.0  0.0357.1169.6 53.6 44.6  8.9  0.0  0.0  0.0  8.9
  0.0  0.0  0.0 17.9  8.9  0.0  0.0  0.0  0.0  0.0  0.0 17.9  0.0 44.6  0.0
  8.9  0.0  0.0  0.0  8.9  0.0 17.9 53.6  0.0  8.9 71.4  8.9  0.0 98.2  8.9
  0.0  0.0  0.0  0.0  0.0  0.0  0.0  0.0  0.0  0.0  0.0  0.0  0.0  0.0  0.0
  0.0  0.0  0.0  0.0  0.0  0.0  0.0  0.0  0.0  0.0  0.0  0.0  0.0  0.0  0.0
  0.0  0.0  0.0  0.0  0.0  0.0  0.0  0.0  0.0  0.0  0.0  0.0  0.0  0.0  0.0
  0.0  0.0  0.0  0.0  0.0  0.0  0.0  0.0  0.0  0.0  0.0  0.0  0.0  0.0  0.0
  0.0  0.0  0.0  0.0  0.0  0.0  0.0  8.9  8.9  0.0  8.9 44.6  0.0 53.6  0.0
  0.0  0.0  0.0  0.0  0.0  0.0  8.9 17.9  0.0  0.0  0.0  0.0  8.9  0.0  0.0
    -26.92     -3.86     -2.29      0.54      6.02  0.0  0.0  0.0  0.0  0.0
                                    t000128_s14_p35_qjpp.txt 32.0  5.5  300
  0.0  0.0  0.0  6.7  0.0  0.0  0.0  0.0  0.0  0.0  0.0  0.0  0.0  0.0  0.0
  0.0  0.0  0.0  6.7  0.0  0.0490.0 80.0 30.0 36.7  0.0  0.0  0.0  0.0  3.3
  3.3  0.0  0.0 16.7  0.0  6.7  0.0  0.0  0.0  0.0  0.0 13.3  0.0 26.7  0.0
  3.3  0.0  0.0  0.0  0.0  0.0  6.7 30.0  0.0  6.7 36.7  0.0  0.0 73.3  6.7
  0.0  0.0  0.0  0.0  0.0  0.0  0.0  0.0  0.0  0.0  0.0  0.0  0.0  0.0  0.0
  0.0  0.0  0.0  0.0  0.0  0.0  0.0  0.0  0.0  0.0  0.0  0.0  0.0  0.0  0.0
  0.0  0.0  0.0  0.0  0.0  0.0  0.0  0.0  0.0  0.0  0.0  0.0  0.0  0.0  0.0
  0.0  0.0  0.0  0.0  0.0  0.0  0.0  0.0  0.0  0.0  0.0  0.0  0.0  0.0  0.0
  0.0  0.0  0.0  0.0  0.0  0.0  0.0  0.0 10.0 20.0 16.7 13.3 33.3  0.0  0.0
  0.0  0.0  0.0  0.0  0.0  3.3  0.0 20.0  3.3 10.0  0.0  0.0  0.0  0.0  0.0
    -29.31     -4.52      0.53     -1.27      1.49  0.0  0.0  3.3  0.0  0.0
                                     t000128_s14_p4_qjpp.txt 13.5  5.1   64
  0.0  0.0  0.0 15.6  0.0  0.0  0.0 15.6  0.0  0.0  0.0  0.0  0.0  0.0  0.0
  0.0  0.0  0.0  0.0  0.0  0.0421.9 62.5 78.1 78.1 15.6 15.6  0.0  0.0  0.0
  0.0  0.0  0.0  0.0  0.0 15.6  0.0  0.0  0.0  0.0  0.0  0.0  0.0 62.5  0.0
  0.0  0.0  0.0  0.0  0.0  0.0  0.0 62.5  0.0  0.0 78.1 15.6  0.0109.4 15.6
  0.0  0.0  0.0  0.0  0.0  0.0  0.0  0.0  0.0  0.0  0.0  0.0  0.0  0.0  0.0
  0.0  0.0  0.0  0.0  0.0  0.0  0.0  0.0  0.0  0.0  0.0  0.0  0.0  0.0  0.0
  0.0  0.0  0.0  0.0  0.0  0.0  0.0  0.0  0.0  0.0  0.0  0.0  0.0  0.0  0.0
  0.0  0.0  0.0  0.0  0.0  0.0  0.0  0.0  0.0  0.0  0.0  0.0  0.0  0.0  0.0
  0.0  0.0  0.0  0.0  0.0  0.0  0.0 15.6  0.0  0.0  0.0  0.0  0.0  0.0  0.0
  0.0  0.0  0.0  0.0  0.0  0.0  0.0 46.9 15.6  0.0  0.0 15.6  0.0  0.0  0.0
    -25.86      0.54      0.09     -6.61      5.84  0.0  0.0  0.0  0.0  0.0
                                     t000128_s14_p5_qjpp.txt  6.5  4.2   29
  0.0  0.0  0.0  0.0  0.0  0.0  0.0  0.0  0.0  0.0  0.0  0.0  0.0  0.0  0.0
  0.0  0.0  0.0  0.0  0.0  0.0482.8103.4  0.0 69.0  0.0  0.0  0.0  0.0  0.0
  0.0  0.0  0.0  0.0  0.0 34.5  0.0  0.0  0.0  0.0  0.0  0.0  0.0 34.5  0.0
  0.0  0.0  0.0  0.0 34.5  0.0  0.0 34.5  0.0  0.0 69.0  0.0  0.0 69.0  0.0
  0.0  0.0  0.0  0.0  0.0  0.0  0.0  0.0  0.0  0.0  0.0  0.0  0.0  0.0  0.0
  0.0  0.0  0.0  0.0  0.0  0.0  0.0  0.0  0.0  0.0  0.0  0.0  0.0  0.0  0.0
  0.0  0.0  0.0  0.0  0.0  0.0  0.0  0.0  0.0  0.0  0.0  0.0  0.0  0.0  0.0
  0.0  0.0  0.0  0.0  0.0  0.0  0.0  0.0  0.0  0.0  0.0  0.0  0.0  0.0  0.0
  0.0  0.0  0.0  0.0  0.0  0.0  0.0  0.0  0.0  0.0  0.0  0.0  0.0  0.0  0.0
  0.0  0.0  0.0  0.0  0.0  0.0  0.0  0.0  0.0  0.0  0.0 34.5  0.0  0.0  0.0
    -26.87     -3.46     -0.99     -6.61      1.60  0.0  0.0  0.0  0.0  0.0
                                     t000128_s14_p6_qjpp.txt 18.3  5.0  101
  0.0  0.0  0.0  9.9  0.0  0.0  0.0  9.9  0.0  0.0  0.0  0.0  0.0  0.0  0.0
  0.0  0.0  0.0  0.0  0.0  0.0356.4 99.0 49.5 59.4 29.7  0.0  0.0  0.0  0.0
  0.0  9.9  0.0  0.0  0.0 29.7  0.0  0.0  0.0  0.0  0.0  0.0  0.0 29.7  0.0
  9.9  0.0  0.0  0.0  0.0  0.0  9.9 39.6  0.0  0.0 59.4 29.7  0.0 79.2  0.0
  0.0  0.0  0.0  0.0  0.0  0.0  0.0  0.0  0.0  0.0  0.0  0.0  0.0  0.0  0.0
  0.0  0.0  0.0  0.0  0.0  0.0  0.0  0.0  0.0  0.0  0.0  0.0  0.0  0.0  0.0
  0.0  0.0  9.9  0.0  0.0  0.0  0.0  0.0  0.0  0.0  0.0  0.0  0.0  0.0  0.0
  0.0  0.0  0.0  0.0  9.9  0.0  9.9  0.0  0.0  0.0  0.0  0.0  0.0  0.0  0.0
  0.0  0.0  0.0  0.0  0.0  0.0  0.0  0.0  9.9 19.8  0.0  9.9  0.0  0.0  0.0
  0.0  0.0  0.0  0.0  0.0  0.0  9.9 19.8  0.0  0.0  9.9  9.9  0.0  0.0  0.0
    -25.19     -2.45      2.95     -6.61      4.07  0.0  0.0  0.0  0.0  0.0
                                     t000128_s14_p7_qjpp.txt 17.5  5.2   96
  0.0  0.0  0.0 31.3  0.0  0.0  0.0  0.0  0.0  0.0  0.0  0.0  0.0  0.0  0.0
  0.0  0.0  0.0 10.4  0.0  0.0458.3104.2 31.3 41.7 10.4  0.0  0.0  0.0  0.0
  0.0  0.0  0.0 20.8  0.0  0.0  0.0  0.0  0.0  0.0  0.0 10.4  0.0 31.3 10.4
  0.0  0.0  0.0  0.0 10.4  0.0 10.4 41.7  0.0  0.0 52.1 10.4  0.0 93.8  0.0
  0.0  0.0  0.0  0.0  0.0  0.0  0.0  0.0  0.0  0.0  0.0  0.0  0.0  0.0  0.0
  0.0  0.0  0.0  0.0  0.0  0.0  0.0  0.0  0.0  0.0  0.0  0.0  0.0  0.0  0.0
  0.0  0.0  0.0  0.0  0.0  0.0  0.0  0.0  0.0  0.0  0.0  0.0  0.0  0.0  0.0
  0.0  0.0  0.0  0.0  0.0  0.0  0.0  0.0  0.0  0.0  0.0  0.0  0.0  0.0  0.0
  0.0  0.0  0.0  0.0  0.0  0.0  0.0  0.0 10.4  0.0  0.0  0.0  0.0  0.0 10.4
  0.0  0.0  0.0  0.0  0.0  0.0  0.0 10.4 10.4 10.4  0.0  0.0  0.0  0.0  0.0
    -27.35     -3.89     -4.98     -2.44      9.12  0.0  0.0  0.0  0.0  0.0
                                     t000128_s14_p8_qjpp.txt 23.0  5.5  125
  0.0  0.0  0.0 16.0  0.0  0.0  0.0  0.0  0.0  0.0  0.0  0.0  0.0  0.0  0.0
  0.0  0.0  0.0  0.0  0.0  0.0496.0 88.0 80.0 40.0  0.0  0.0  0.0  0.0  0.0
  0.0  0.0  0.0 16.0  0.0  0.0  8.0  0.0  0.0  0.0  0.0  8.0  0.0 16.0  0.0
  0.0  0.0  0.0  0.0  0.0  0.0  0.0 16.0  0.0  0.0 96.0  0.0  0.0112.0  8.0
  0.0  0.0  0.0  0.0  0.0  0.0  0.0  0.0  0.0  0.0  0.0  0.0  0.0  0.0  0.0
  0.0  0.0  0.0  0.0  0.0  0.0  0.0  0.0  0.0  0.0  0.0  0.0  0.0  0.0  0.0
  0.0  0.0  0.0  0.0  0.0  0.0  0.0  0.0  0.0  0.0  0.0  0.0  0.0  0.0  0.0
  0.0  0.0  0.0  0.0  0.0  0.0  0.0  0.0  0.0  0.0  0.0  0.0  0.0  0.0  0.0
  0.0  0.0  0.0  0.0  0.0  0.0  0.0  0.0 24.0  8.0  8.0  0.0  8.0  0.0  0.0
  0.0  0.0  0.0  0.0  0.0 16.0  0.0 16.0  0.0  0.0  0.0  0.0 16.0  0.0  0.0
    -33.75     -4.41     -3.60     -3.41     -1.20  0.0  0.0  0.0  8.0  0.0
                                     t000128_s14_p9_qjpp.txt 35.3  5.7  299
  0.0  0.0  0.0 13.4  0.0  0.0  0.0  0.0  0.0  0.0  0.0  0.0  0.0  0.0  0.0
  0.0  0.0  0.0  3.3  0.0  0.0464.9110.4 43.5 53.5  0.0  6.7  0.0  0.0  0.0
  0.0  3.3  0.0  6.7  3.3  0.0 16.7  0.0  0.0  0.0  0.0  0.0  0.0 40.1  0.0
  0.0  3.3  0.0  0.0  0.0  0.0 10.0 40.1  0.0  0.0 73.6  0.0  0.0103.7  0.0
  0.0  0.0  0.0  0.0  0.0  0.0  0.0  0.0  0.0  0.0  0.0  0.0  0.0  0.0  0.0
  0.0  0.0  0.0  0.0  0.0  0.0  0.0  0.0  0.0  0.0  0.0  0.0  0.0  0.0  0.0
  0.0  0.0  0.0  0.0  0.0  0.0  0.0  0.0  0.0  0.0  0.0  0.0  0.0  0.0  0.0
  0.0  0.0  0.0  0.0  0.0  0.0  0.0  0.0  0.0  0.0  0.0  0.0  0.0  0.0  0.0
  0.0  0.0  0.0  0.0  0.0  0.0  0.0  0.0  6.7  0.0  3.3  3.3  0.0  0.0  6.7
  0.0  0.0  0.0  0.0  0.0  3.3  0.0 16.7  3.3 10.0  3.3  3.3  0.0  0.0  0.0
    -31.60     -2.68     -0.68     -6.61      2.45  0.0  0.0  0.0  0.0  0.0
                                     t000128_s19_p1_qjpp.txt 35.8  5.3  340
  5.9  0.0  0.0  8.8  0.0  0.0  0.0  0.0  8.8  0.0  0.0  0.0  0.0  0.0  0.0
  0.0  0.0  0.0  5.9  0.0  0.0455.9111.8 55.9 26.5  0.0  0.0  0.0  0.0  0.0
  0.0  0.0  0.0  0.0  2.9 14.7  0.0  0.0  0.0  0.0  0.0  2.9  0.0 11.8  0.0
  2.9  2.9  0.0  2.9  0.0  0.0  8.8 14.7  0.0  0.0 61.8  8.8  0.0 52.9  8.8
  0.0  0.0  0.0  0.0  0.0  0.0  0.0  0.0  0.0  0.0  0.0  0.0  0.0  0.0  0.0
  0.0  0.0  0.0  0.0  0.0  0.0  0.0  0.0  0.0  0.0  0.0  0.0  0.0  0.0  0.0
  0.0  0.0  0.0  0.0  0.0  0.0  0.0  0.0  0.0  0.0  0.0  0.0  0.0  0.0  0.0
  0.0  0.0  0.0  0.0  0.0  0.0  0.0  0.0  0.0  0.0  0.0  0.0  0.0  0.0  0.0
  0.0  0.0  0.0  0.0  0.0  0.0  0.0  0.0 14.7  2.9  8.8  2.9  5.9  2.9  2.9
  0.0  5.9  0.0  0.0  0.0  0.0  0.0  8.8  5.9  5.9  0.0  0.0  5.9  0.0  0.0
    -29.68     -4.86     -0.73     -5.43     -0.90  0.0  0.0  0.0  0.0  0.0
                                    t000128_s19_p10_qjpp.txt 34.0  5.4  238
  0.0  0.0  0.0 29.4  0.0  0.0  0.0  0.0  4.2  0.0  0.0  0.0  0.0  0.0  0.0
  0.0  0.0  0.0  0.0  0.0  0.0403.4 84.0 54.6 33.6  0.0  0.0  0.0  4.2  0.0
  0.0  4.2  0.0  4.2  0.0 16.8 21.0  0.0  0.0  0.0  0.0  8.4  4.2 21.0  0.0
  0.0  8.4  0.0  0.0  8.4  0.0 12.6 21.0  0.0  4.2 71.4  4.2  0.0109.2 16.8
  8.4  0.0  0.0  0.0  0.0  0.0  0.0  0.0  0.0  0.0  0.0  0.0  0.0  0.0  0.0
  0.0  0.0  0.0  0.0  0.0  0.0  0.0  0.0  0.0  4.2  0.0  0.0  0.0  0.0  0.0
  0.0  4.2  0.0  0.0  4.2  0.0  0.0  0.0  0.0  4.2  0.0  0.0  0.0  0.0  0.0
  0.0  4.2  0.0  4.2  4.2  4.2 12.6  0.0  0.0  0.0  0.0  0.0  0.0  0.0  0.0
  0.0  0.0  0.0  0.0  0.0  0.0  0.0  4.2  4.2  4.2 12.6  4.2  8.4  0.0  4.2
  0.0  0.0  0.0  0.0  0.0  4.2  0.0 12.6  4.2  4.2  0.0  0.0  4.2  4.2  0.0
    -28.69     -4.62      2.85     -3.24      2.18  0.0  0.0  0.0  0.0  0.0
                                    t000128_s19_p11_qjpp.txt 16.3  5.5   77
 13.0  0.0  0.0 13.0  0.0  0.0  0.0  0.0 26.0  0.0  0.0  0.0  0.0  0.0  0.0
  0.0  0.0  0.0 13.0  0.0  0.0441.6 64.9 39.0 90.9  0.0  0.0 13.0  0.0  0.0
  0.0  0.0  0.0  0.0  0.0 26.0  0.0  0.0  0.0  0.0  0.0  0.0  0.0  0.0  0.0
 13.0  0.0 13.0  0.0 13.0  0.0 13.0 13.0  0.0  0.0 77.9 26.0  0.0129.9  0.0
 13.0  0.0  0.0  0.0  0.0  0.0  0.0  0.0  0.0  0.0  0.0  0.0  0.0  0.0  0.0
  0.0  0.0  0.0  0.0  0.0 13.0  0.0  0.0  0.0  0.0  0.0  0.0  0.0  0.0  0.0
  0.0  0.0  0.0  0.0  0.0  0.0  0.0  0.0  0.0  0.0  0.0  0.0  0.0  0.0  0.0
 13.0  0.0  0.0 13.0  0.0  0.0  0.0  0.0  0.0  0.0  0.0  0.0  0.0  0.0  0.0
  0.0  0.0  0.0  0.0  0.0  0.0  0.0  0.0 39.0  0.0  0.0 13.0 26.0  0.0 13.0
  0.0  0.0  0.0  0.0  0.0  0.0  0.0  0.0 13.0 13.0  0.0  0.0 26.0  0.0  0.0
    -24.26     -0.33     -0.50     -6.61      0.56  0.0  0.0  0.0  0.0  0.0
                                    t000128_s19_p12_qjpp.txt 27.8  5.2  153
  0.0  0.0  0.0 32.7  0.0  0.0  0.0  0.0 13.1  6.5  0.0  0.0  0.0  0.0  0.0
  0.0  0.0  0.0  0.0  0.0  0.0339.9143.8 71.9 26.1  0.0  6.5  0.0  0.0  0.0
  6.5  0.0  0.0  0.0  6.5 13.1 19.6  0.0  0.0  0.0  0.0  0.0  0.0 26.1  0.0
  0.0  0.0  0.0  0.0  0.0  0.0  0.0 26.1  0.0  6.5 85.0 13.1  6.5104.6 19.6
  6.5  0.0  0.0  0.0  0.0  0.0  0.0  0.0  0.0  0.0  0.0  0.0  0.0  0.0  0.0
  0.0  0.0  0.0  0.0  6.5  0.0  0.0  0.0  0.0  0.0  0.0  0.0  0.0  0.0  6.5
  0.0  0.0  6.5  0.0  0.0  0.0  0.0  0.0  0.0  0.0  0.0  0.0  0.0  0.0  0.0
  6.5  0.0  0.0  6.5 13.1  0.0 13.1  0.0  0.0  0.0  0.0  0.0  0.0  0.0  0.0
  0.0  0.0  0.0  0.0  0.0  0.0  0.0  0.0 13.1  6.5 13.1  0.0 13.1 26.1  6.5
  0.0  0.0  0.0  0.0  0.0  0.0  6.5 19.6  6.5 19.6  6.5  6.5  6.5  0.0  0.0
    -28.34     -3.61      4.25     -6.61      0.33  0.0  0.0  6.5  0.0  0.0
                                    t000128_s19_p13_qjpp.txt 20.8  5.1  139
 14.4  7.2  0.0 21.6  0.0  0.0  0.0  0.0  7.2  7.2  0.0  0.0  0.0  0.0  0.0
  0.0  0.0  0.0  0.0  0.0  0.0374.1151.1 14.4 64.7  0.0  0.0  0.0  0.0  0.0
  0.0  0.0  0.0  0.0  0.0 14.4  0.0  0.0  0.0  0.0  0.0  0.0 14.4 14.4  0.0
  0.0  7.2 14.4  0.0  0.0  0.0  7.2 14.4  0.0  0.0 43.2  7.2  0.0 86.3  0.0
  0.0  0.0  0.0  0.0  0.0  0.0  0.0  0.0  0.0  0.0  0.0  0.0  0.0  0.0  0.0
  0.0  0.0  0.0  0.0  0.0 21.6  0.0  0.0  0.0  0.0  0.0  0.0  0.0  0.0  0.0
  0.0  0.0  0.0  0.0  0.0  0.0  0.0  0.0  0.0  0.0  0.0  0.0  0.0  0.0  0.0
 21.6  0.0  0.0 21.6  0.0  0.0  0.0  0.0  0.0  0.0  0.0  0.0  0.0  0.0  0.0
  0.0  0.0  0.0  0.0  0.0  0.0  0.0  0.0 21.6  0.0 36.0  0.0  0.0  7.2  7.2
  0.0  0.0  0.0  0.0  0.0  0.0  0.0  0.0  0.0  7.2  7.2  0.0 21.6  0.0  0.0
    -23.53     -3.60      0.16     -6.61      7.55  0.0  0.0  0.0  0.0  0.0
                                    t000128_s19_p14_qjpp.txt 19.5  5.4   97
 20.6 10.3  0.0 30.9  0.0  0.0  0.0 10.3 10.3 10.3  0.0  0.0  0.0  0.0  0.0
  0.0  0.0  0.0  0.0  0.0  0.0412.4103.1 72.2 41.2  0.0  0.0  0.0  0.0  0.0
  0.0  0.0  0.0  0.0 10.3 20.6 10.3  0.0  0.0  0.0  0.0  0.0  0.0 10.3  0.0
  0.0  0.0 20.6  0.0 10.3  0.0  0.0 10.3  0.0  0.0103.1 10.3 10.3 92.8 10.3
  0.0  0.0  0.0  0.0  0.0  0.0  0.0  0.0  0.0  0.0  0.0  0.0  0.0  0.0  0.0
  0.0  0.0  0.0 10.3  0.0 20.6  0.0  0.0  0.0 10.3  0.0  0.0  0.0  0.0  0.0
  0.0  0.0  0.0  0.0  0.0  0.0  0.0 10.3  0.0  0.0  0.0  0.0  0.0  0.0  0.0
 30.9 10.3  0.0 41.2  0.0 10.3 10.3  0.0  0.0  0.0  0.0  0.0  0.0  0.0  0.0
  0.0  0.0  0.0  0.0  0.0  0.0  0.0  0.0 10.3  0.0 51.5 20.6 20.6  0.0 10.3
  0.0  0.0  0.0  0.0  0.0  0.0  0.0 20.6  0.0 10.3  0.0  0.0 10.3  0.0  0.0
    -21.93     -4.37     -3.23     -6.61     -2.06  0.0  0.0 10.3  0.0  0.0
                                    t000128_s19_p15_qjpp.txt 32.8  5.6  231
  8.7  0.0  0.0 21.6  0.0  0.0  0.0  0.0  8.7  0.0  0.0  0.0  0.0  0.0  0.0
  0.0  0.0 13.0  0.0  0.0  0.0437.2147.2 34.6 39.0  0.0  0.0  8.7  0.0  0.0
  0.0  0.0  0.0  4.3  8.7 17.3  4.3  0.0  0.0  0.0  0.0  4.3  8.7 17.3  8.7
  8.7  0.0 13.0  0.0  0.0 13.0  0.0 34.6  0.0  0.0 47.6  8.7  0.0 82.3  8.7
  4.3  0.0  0.0  0.0  0.0  0.0  0.0  0.0  0.0  0.0  0.0  0.0  0.0  0.0  0.0
  0.0  0.0  0.0 13.0  0.0  0.0  0.0  0.0  0.0  0.0  0.0  0.0  0.0  0.0  0.0
  0.0  0.0  0.0  0.0  0.0  0.0  0.0  0.0  0.0  0.0  0.0  0.0  0.0  0.0  0.0
 13.0  0.0  0.0 13.0  0.0  0.0  0.0  0.0  0.0  0.0  0.0  0.0  0.0  0.0  0.0
  0.0  0.0  0.0  0.0  0.0  0.0  0.0  0.0 34.6  0.0  8.7 17.3 13.0 13.0  0.0
  0.0  0.0  0.0  0.0  0.0  8.7  0.0  4.3  8.7  0.0  4.3  0.0  8.7  0.0  0.0
    -27.19     -2.84     -3.79     -4.87     13.86  4.3  0.0  0.0  0.0  0.0
                                    t000128_s19_p16_qjpp.txt 28.5  5.1  156
  6.4  0.0  0.0 25.6  0.0  0.0  6.4  6.4 12.8  6.4  6.4  0.0  0.0  0.0  0.0
  0.0  0.0  0.0  0.0  0.0  0.0423.1 83.3109.0 25.6  0.0  0.0  0.0  0.0  0.0
  0.0  0.0  0.0  0.0  0.0  6.4  0.0  6.4  0.0  0.0  0.0  0.0  0.0  0.0  6.4
  0.0  6.4  6.4  0.0  6.4  6.4  6.4  6.4  0.0  0.0134.6 12.8  0.0 76.9  0.0
  0.0  0.0  0.0  0.0  0.0  0.0  0.0  0.0  0.0  0.0  0.0  0.0  0.0  0.0  0.0
  0.0  0.0  0.0  0.0  0.0  0.0  6.4  0.0  0.0  6.4  0.0  0.0  0.0  0.0  0.0
  0.0  0.0  0.0  0.0  0.0  0.0  0.0  0.0  0.0  0.0  0.0  0.0  0.0  0.0  0.0
  6.4  6.4  0.0 12.8  0.0  0.0  0.0  0.0  0.0  0.0  0.0  0.0  0.0  0.0  0.0
  0.0  0.0  0.0  0.0  0.0  0.0  0.0  0.0  6.4  0.0 12.8  6.4 57.7  0.0  6.4
  0.0  0.0  0.0  0.0  0.0  6.4 12.8 12.8 12.8  6.4  6.4  0.0  0.0  0.0  0.0
    -26.16     -4.88      0.61     -5.08      1.30  0.0  0.0  0.0  0.0  0.0
                                    t000128_s19_p17_qjpp.txt 21.0  4.9  125
  8.0  0.0  0.0 16.0  0.0  0.0  0.0  0.0  0.0  0.0  0.0  0.0  0.0  0.0  0.0
  0.0  0.0  0.0  8.0  0.0  0.0304.0128.0 80.0 64.0  0.0  0.0  0.0  0.0  0.0
  0.0  0.0  0.0 32.0  0.0 16.0 16.0  0.0  0.0  0.0  0.0 16.0  8.0 24.0 16.0
  8.0  8.0  0.0  0.0  0.0  0.0 16.0 48.0  0.0  0.0 80.0  0.0  0.0136.0 24.0
  0.0  0.0  0.0  0.0  0.0  0.0  0.0  0.0  0.0  0.0  0.0  0.0  0.0  0.0  0.0
  0.0  0.0  0.0  0.0  0.0  0.0  0.0  0.0  0.0  0.0  0.0  0.0  0.0  0.0  0.0
  0.0  0.0  8.0  0.0  0.0  0.0  0.0  0.0  0.0  0.0  0.0  0.0  0.0  0.0  0.0
  0.0  0.0  0.0  0.0  8.0  0.0  8.0  0.0  0.0  0.0  0.0  0.0  0.0  0.0  0.0
  0.0  0.0  0.0  0.0  0.0  0.0  0.0  0.0  8.0  0.0  0.0  8.0 24.0 16.0  0.0
  0.0  0.0  0.0  0.0  0.0  8.0  0.0 32.0 24.0  8.0  8.0  0.0  0.0  0.0  0.0
    -25.79     -3.62     -9.08     -0.21     19.90  0.0  0.0  0.0  0.0  0.0
                                    t000128_s19_p18_qjpp.txt 33.0  5.4  242
 12.4  0.0  0.0 28.9  0.0  0.0  0.0  4.1 12.4  4.1  4.1  0.0  0.0  0.0  0.0
  0.0  0.0  0.0  8.3  0.0  0.0384.3132.2 62.0 49.6  0.0  0.0  0.0  0.0  4.1
  0.0  0.0  0.0  0.0  0.0 33.1  8.3  4.1  0.0  0.0  0.0  4.1  4.1 12.4  0.0
  4.1  4.1  4.1  0.0  0.0  4.1 12.4 16.5  0.0  4.1 82.6 12.4  0.0 90.9  4.1
  0.0  0.0  0.0  0.0  0.0  0.0  0.0  0.0  0.0  0.0  0.0  0.0  0.0  0.0  0.0
  0.0  0.0  0.0  0.0  0.0  4.1  4.1  0.0  0.0  0.0  0.0  0.0  0.0  0.0  0.0
  0.0  0.0  0.0  4.1  0.0  0.0  0.0  0.0  0.0  0.0  0.0  0.0  0.0  0.0  0.0
  8.3  0.0  0.0  8.3  4.1  0.0  4.1  0.0  0.0  0.0  0.0  0.0  0.0  0.0  0.0
  0.0  0.0  0.0  0.0  0.0  0.0  0.0  0.0  8.3  8.3  8.3  4.1 37.2  0.0  0.0
  0.0  4.1  0.0  0.0  0.0  0.0  0.0 20.7  4.1 12.4  0.0  0.0  4.1  0.0  0.0
    -25.23     -4.10      1.16     -3.97      2.17  0.0  0.0  0.0  0.0  0.0
                                    t000128_s19_p19_qjpp.txt 35.5  5.2  276
  7.2  0.0  0.0 25.4  0.0  0.0  0.0  0.0 10.9  3.6  3.6  0.0  0.0  0.0  0.0
  0.0  0.0  3.6  3.6  0.0  0.0442.0 94.2 68.8 32.6  7.2  0.0  3.6  0.0  0.0
  0.0  0.0  0.0  3.6  3.6  3.6 14.5  3.6  0.0  3.6  0.0  0.0  0.0 14.5  0.0
  0.0 10.9  7.2  0.0  7.2  7.2 18.1 14.5  0.0  0.0 94.2 18.1  3.6 83.3  3.6
  0.0  0.0  0.0  0.0  0.0  0.0  0.0  0.0  0.0  0.0  0.0  0.0  0.0  0.0  0.0
  0.0  0.0  0.0  0.0  0.0  0.0  7.2  0.0  0.0  3.6  0.0  0.0  0.0  0.0  0.0
  0.0  0.0  3.6  0.0  0.0  0.0  0.0  3.6  0.0  0.0  0.0  0.0  0.0  0.0  0.0
  7.2  3.6  0.0 10.9  3.6  3.6  7.2  0.0  0.0  0.0  0.0  0.0  0.0  0.0  0.0
  0.0  0.0  0.0  0.0  0.0  0.0  0.0  3.6 14.5  0.0 14.5  7.2 14.5  0.0  3.6
  0.0  0.0  0.0  0.0  0.0  7.2  0.0  7.2 10.9  3.6  0.0  3.6  7.2  3.6  0.0
    -27.06     -3.66     -1.33     -4.10     -1.43  0.0  0.0  3.6  0.0  0.0
                                     t000128_s19_p2_qjpp.txt 35.3  5.2  264
  0.0  0.0  0.0  3.8  0.0  0.0  0.0  0.0  3.8  0.0  0.0  0.0  0.0  3.8  0.0
  0.0  0.0  0.0  3.8  0.0  0.0492.4109.8 68.2 15.2  0.0  3.8  0.0  0.0  0.0
  0.0  0.0  0.0  0.0  0.0  3.8  3.8  0.0  0.0  0.0  0.0  0.0  0.0  7.6  0.0
  0.0  0.0  0.0  0.0  0.0  0.0  3.8  7.6  0.0  0.0 72.0  3.8  0.0 37.9  3.8
  0.0  0.0  0.0  0.0  0.0  0.0  0.0  0.0  0.0  0.0  0.0  0.0  0.0  0.0  0.0
  0.0  0.0  0.0  0.0  0.0  0.0  0.0  0.0  0.0  0.0  0.0  0.0  0.0  0.0  0.0
  0.0  0.0  0.0  0.0  0.0  0.0  0.0  0.0  0.0  0.0  0.0  0.0  0.0  0.0  0.0
  0.0  0.0  0.0  0.0  0.0  0.0  0.0  0.0  0.0  0.0  0.0  0.0  0.0  0.0  0.0
  0.0  0.0  0.0  0.0  0.0  0.0  0.0  3.8 15.2  0.0 15.2  7.6  7.6  0.0  0.0
  0.0  0.0  0.0  0.0  0.0  0.0 15.2  3.8  3.8  0.0  0.0  0.0  3.8  0.0  0.0
    -30.53     -4.50      0.76     -6.61     -2.48  0.0  0.0  0.0  0.0  0.0
                                    t000128_s19_p20_qjpp.txt 26.8  5.6  164
  6.1  0.0  0.0 24.4  0.0  0.0  0.0  0.0  0.0  6.1  0.0  0.0  0.0  0.0  0.0
  0.0  0.0  6.1 12.2  0.0  0.0372.0122.0 73.2 54.9  0.0  6.1  6.1  0.0  0.0
  0.0 12.2  0.0  0.0  6.1 30.5 12.2  0.0  0.0  0.0  0.0  6.1  0.0  6.1  0.0
  0.0  0.0  6.1  0.0 12.2  6.1 24.4  6.1  0.0  0.0115.9  0.0  0.0103.7  0.0
  6.1  0.0  0.0  0.0  0.0  0.0  0.0  0.0  0.0  0.0  0.0  0.0  0.0  0.0  0.0
  0.0  0.0  0.0  0.0  0.0  0.0  6.1  0.0  0.0  6.1  0.0  0.0  0.0  0.0  0.0
  0.0  0.0  0.0  0.0  0.0  0.0  0.0  6.1  0.0  0.0  0.0  0.0  0.0  0.0  0.0
  6.1  6.1  0.0 12.2  0.0  6.1  6.1  0.0  0.0  0.0  0.0  0.0  0.0  0.0  0.0
  0.0  0.0  0.0  0.0  0.0  0.0  0.0  0.0  6.1  0.0 12.2  6.1 36.6  0.0  6.1
  0.0  0.0  0.0  0.0  0.0  6.1  6.1 18.3  6.1 18.3  0.0  0.0 12.2  0.0  0.0
    -25.51     -1.62      1.96     -4.17     -2.70  0.0  0.0  0.0  0.0  0.0
                                    t000128_s19_p21_qjpp.txt 22.8  5.1  131
  7.6  0.0  0.0 15.3  0.0  0.0  0.0  0.0  7.6  0.0  7.6  0.0  0.0  0.0  0.0
  0.0  0.0  7.6 15.3  0.0  0.0442.7114.5 22.9 38.2 15.3 30.5 15.3  0.0  0.0
  0.0  7.6  0.0  7.6  0.0 15.3 15.3  0.0  0.0  0.0  0.0  0.0  0.0  7.6  0.0
  7.6  7.6  0.0  0.0  0.0  7.6 30.5 15.3  0.0  0.0 22.9 22.9  0.0129.8 15.3
  0.0  0.0  0.0  0.0  0.0  0.0  0.0  0.0  0.0  0.0  0.0  0.0  0.0  0.0  0.0
  0.0  0.0  0.0  0.0  0.0  0.0  0.0  0.0  0.0  0.0  0.0  0.0  0.0  0.0  0.0
  0.0  0.0  0.0  0.0  0.0  0.0  0.0  0.0  0.0  7.6  0.0  0.0  0.0  0.0  0.0
  0.0  0.0  0.0  0.0  0.0  0.0  7.6  0.0  0.0  0.0  0.0  0.0  0.0  0.0  0.0
  0.0  0.0  0.0  0.0  0.0  0.0  0.0  7.6 15.3  0.0 15.3  0.0  7.6  0.0  0.0
  0.0  0.0  0.0  0.0  0.0  0.0  0.0 15.3 15.3  7.6  7.6  0.0  0.0  0.0  0.0
    -21.94      4.91      0.75     -6.61     -0.01  0.0  0.0  7.6  0.0  0.0
                                    t000128_s19_p22_qjpp.txt 21.3  4.7  136
  0.0  0.0  0.0 14.7  0.0  0.0  0.0  0.0  7.4  0.0  0.0  0.0  0.0  0.0  0.0
  7.4  0.0  7.4 22.1  0.0  0.0389.7147.1 14.7 36.8 36.8  0.0  7.4  0.0  0.0
  0.0  0.0  0.0  0.0  0.0 29.4  0.0  0.0  0.0  0.0  0.0  0.0  7.4  7.4  0.0
 29.4  0.0  0.0  0.0  0.0  7.4 22.1 36.8  0.0  0.0 29.4 44.1  0.0 88.2  7.4
  0.0  0.0  0.0  0.0  0.0  0.0  0.0  0.0  0.0  0.0  0.0  0.0  0.0  0.0  0.0
  0.0  0.0  0.0  0.0  0.0  0.0  0.0  0.0  0.0  0.0  0.0  0.0  0.0  0.0  0.0
  0.0  0.0  0.0  0.0  7.4  0.0  0.0  0.0  0.0  0.0  0.0  0.0  0.0  0.0  0.0
  0.0  0.0  0.0  0.0  0.0  7.4  7.4  0.0  0.0  0.0  0.0  0.0  0.0  0.0  0.0
  0.0  0.0  0.0  0.0  0.0  0.0  0.0  0.0 14.7 14.7 14.7  7.4  7.4  0.0  0.0
  0.0  0.0  0.0  0.0  0.0  0.0  0.0 14.7  0.0  7.4  0.0  0.0  0.0  0.0  0.0
    -17.77     -1.52     -0.70     -6.61     11.57  0.0  0.0  0.0  0.0  0.0
                                    t000128_s19_p23_qjpp.txt 30.5  5.1  258
  7.8  0.0  0.0 38.8  0.0  0.0  3.9  0.0  7.8  7.8  3.9  0.0  0.0  0.0  3.9
  7.8  0.0  3.9  3.9  0.0  0.0376.0120.2 58.1 19.4 11.6  0.0  3.9  0.0  0.0
  0.0  0.0  0.0  7.8  3.9 19.4  3.9  7.8  0.0  0.0  0.0  3.9  3.9  3.9  3.9
  0.0  3.9  0.0  0.0  3.9 11.6  7.8  7.8  0.0  0.0116.3 19.4  0.0 69.8  3.9
  0.0  0.0  0.0  0.0  0.0  0.0  0.0  0.0  0.0  0.0  0.0  0.0  0.0  0.0  0.0
  0.0  0.0  0.0  0.0  0.0  0.0  0.0  0.0  0.0  3.9  0.0  0.0  0.0  0.0  0.0
  0.0  0.0  0.0  0.0  0.0  0.0  0.0  0.0  0.0  0.0  0.0  0.0  0.0  0.0  0.0
  0.0  3.9  0.0  3.9  0.0  0.0  0.0  0.0  0.0  0.0  0.0  0.0  0.0  0.0  0.0
  0.0  0.0  0.0  0.0  0.0  0.0  0.0  0.0 19.4  0.0 15.5 11.6 23.3  0.0  7.8
  0.0  0.0  0.0  0.0  0.0  0.0  0.0 15.5  0.0  7.8  0.0  0.0  0.0  0.0  0.0
    -17.47     -3.86     -3.48     -3.21      2.36  0.0  0.0  0.0  0.0  0.0
                                     t000128_s19_p3_qjpp.txt 36.0  5.5  292
 10.3  0.0  0.0 17.1  0.0  0.0  0.0  0.0 10.3  0.0  0.0  0.0  0.0  0.0  0.0
  0.0  0.0  3.4 17.1  0.0  0.0424.7140.4 85.6 30.8  3.4  0.0  0.0  0.0  0.0
  3.4  0.0  0.0  3.4  0.0 10.3  0.0  0.0  0.0  0.0  0.0  0.0  0.0  3.4  0.0
  6.8  0.0  6.8  0.0  0.0  3.4 17.1 10.3  0.0  3.4102.7 13.7  0.0 68.5 10.3
  3.4  0.0  0.0  0.0  0.0  0.0  0.0  0.0  0.0  0.0  0.0  0.0  0.0  0.0  0.0
  0.0  0.0  0.0  0.0  0.0  6.8  0.0  0.0  0.0  0.0  0.0  0.0  0.0  0.0  0.0
  0.0  0.0  0.0  0.0  0.0  0.0  0.0  0.0  0.0  0.0  0.0  0.0  0.0  0.0  0.0
  6.8  0.0  0.0  6.8  0.0  0.0  0.0  0.0  0.0  0.0  0.0  0.0  0.0  0.0  0.0
  0.0  0.0  0.0  0.0  0.0  0.0  0.0  0.0  6.8  0.0 27.4  0.0 41.1  0.0  3.4
  0.0  3.4  0.0  0.0  0.0  0.0 10.3 17.1  3.4  3.4  0.0  0.0  3.4  0.0  0.0
    -28.05     -4.56      2.52     -6.61     -0.90  0.0  0.0  0.0  0.0  0.0
                                     t000128_s19_p4_qjpp.txt 35.8  4.8  271
  7.4  0.0  0.0  3.7  0.0  0.0  0.0  0.0 14.8  0.0  0.0  0.0  0.0  0.0  0.0
  0.0  0.0  0.0  7.4  0.0  0.0472.3 51.7 48.0 18.5  0.0  7.4  0.0  0.0  3.7
  0.0  0.0  0.0  3.7  0.0 11.1  7.4  0.0  3.7  0.0  0.0  3.7  3.7  7.4  0.0
  7.4  0.0  0.0  0.0  0.0  0.0  7.4 14.8  0.0  3.7 55.4 14.8  0.0 77.5 18.5
  0.0  0.0  0.0  0.0  0.0  0.0  0.0  0.0  0.0  0.0  0.0  0.0  0.0  0.0  0.0
  0.0  0.0  0.0  3.7  0.0  0.0  0.0  0.0  0.0  0.0  0.0  0.0  0.0  0.0  3.7
  0.0  0.0  0.0  0.0  0.0  0.0  0.0  0.0  0.0  0.0  0.0  0.0  0.0  0.0  0.0
  3.7  0.0  0.0  3.7  3.7  0.0  3.7  0.0  0.0  0.0  0.0  0.0  0.0  0.0  0.0
  0.0  0.0  0.0  0.0  0.0  0.0  0.0  0.0 14.8  0.0  0.0  3.7 11.1  3.7  0.0
  0.0  3.7  0.0  0.0  0.0  0.0  3.7 11.1  7.4  7.4  0.0  0.0  3.7  0.0  0.0
    -25.70     -3.70      1.14     -3.94      2.18  0.0  0.0  3.7  0.0  0.0
                                     t000128_s19_p5_qjpp.txt 18.3  5.8   93
 21.5  0.0  0.0 21.5  0.0  0.0  0.0  0.0 10.8  0.0  0.0  0.0  0.0  0.0  0.0
  0.0  0.0  0.0 10.8  0.0  0.0333.3118.3139.8 64.5  0.0  0.0  0.0  0.0  0.0
  0.0  0.0  0.0  0.0  0.0 43.0 10.8  0.0  0.0  0.0  0.0  0.0  0.0 21.5  0.0
 10.8  0.0  0.0 10.8 10.8  0.0 10.8 32.3  0.0  0.0150.5 10.8  0.0107.5 10.8
  0.0  0.0  0.0  0.0  0.0  0.0  0.0  0.0  0.0  0.0  0.0  0.0  0.0  0.0  0.0
  0.0  0.0  0.0  0.0  0.0  0.0  0.0  0.0  0.0  0.0  0.0  0.0  0.0  0.0  0.0
  0.0  0.0  0.0  0.0  0.0  0.0  0.0  0.0  0.0  0.0  0.0  0.0  0.0  0.0  0.0
  0.0  0.0  0.0  0.0  0.0  0.0  0.0  0.0  0.0  0.0  0.0  0.0  0.0  0.0  0.0
  0.0  0.0  0.0  0.0  0.0  0.0  0.0  0.0 10.8  0.0 32.3  0.0 21.5  0.0  0.0
  0.0  0.0  0.0  0.0  0.0  0.0  0.0 32.3  0.0 10.8  0.0  0.0 10.8  0.0  0.0
    -29.35     -3.61     -1.47     -6.61      3.10  0.0  0.0  0.0  0.0  0.0
                                     t000128_s19_p6_qjpp.txt 25.5  5.1  174
 11.5  0.0  0.0 11.5  0.0  0.0  0.0  0.0  5.7  0.0  5.7  0.0  0.0  0.0  0.0
  0.0  0.0  5.7  5.7  0.0  0.0442.5160.9 57.5 40.2  5.7  0.0  5.7  0.0  0.0
  0.0  0.0  0.0  0.0 11.5 17.2  0.0  0.0  0.0  0.0  0.0  5.7 11.5  5.7  0.0
  5.7  5.7  5.7  0.0  0.0  5.7 11.5 11.5  0.0  0.0 63.2 11.5  0.0 57.5  0.0
  0.0  0.0  0.0  0.0  0.0  0.0  0.0  0.0  0.0  0.0  0.0  0.0  0.0  0.0  0.0
  0.0  0.0  0.0  5.7  0.0  0.0  0.0  0.0  0.0  0.0  0.0  0.0  0.0  0.0  0.0
  0.0  0.0  0.0  0.0  0.0  0.0  0.0  0.0  0.0  0.0  0.0  0.0  0.0  0.0  0.0
  5.7  0.0  0.0  5.7  0.0  0.0  0.0  0.0  0.0  0.0  0.0  0.0  0.0  0.0  0.0
  0.0  0.0  0.0  0.0  0.0  0.0  0.0  0.0 17.2 11.5  5.7 23.0 11.5 17.2  5.7
  0.0  0.0  0.0  0.0  0.0  0.0  5.7  0.0  5.7 11.5  0.0  0.0  5.7  0.0  0.0
    -28.20     -3.08     -3.39     -4.31      6.28  0.0  0.0  5.7  0.0  0.0
                                     t000128_s19_p7_qjpp.txt 36.0  5.3  275
  0.0  0.0  0.0 14.5  0.0  0.0  0.0  0.0 14.5  3.6  0.0  0.0  0.0  0.0  0.0
  0.0  0.0  0.0  7.3  0.0  0.0425.5 98.2 54.5 25.5  0.0  0.0  3.6  0.0  0.0
  0.0  3.6  0.0  0.0  0.0 18.2  7.3  3.6  0.0  0.0  0.0  0.0  0.0  3.6  0.0
  7.3 10.9  0.0  0.0  0.0  3.6 21.8 10.9  0.0  0.0 87.3 14.5  0.0 58.2  3.6
  7.3  0.0  0.0  0.0  0.0  0.0  0.0  0.0  0.0  0.0  0.0  0.0  0.0  0.0  0.0
  0.0  0.0  0.0  0.0  0.0  0.0  0.0  0.0  0.0  0.0  0.0  0.0  0.0  0.0  0.0
  0.0  0.0  0.0  0.0  0.0  0.0  0.0  0.0  0.0  0.0  0.0  0.0  0.0  0.0  0.0
  0.0  0.0  0.0  0.0  0.0  0.0  0.0  0.0  0.0  0.0  0.0  0.0  0.0  0.0  0.0
  0.0  0.0  0.0  0.0  0.0  0.0  0.0  0.0  0.0  0.0  7.3  3.6  0.0  0.0  3.6
  0.0  3.6  0.0  0.0  0.0  0.0  0.0  7.3  3.6  3.6  0.0  3.6  0.0  0.0  0.0
    -27.78     -4.22      1.29     -5.74     -0.73  3.6  0.0  0.0  0.0  0.0
                                     t000128_s19_p8_qjpp.txt 24.0  5.2  127
  0.0  0.0  0.0 23.6  0.0  0.0  0.0  0.0 15.7  0.0  0.0  0.0  0.0  7.9  0.0
  0.0  0.0  0.0 31.5  0.0  0.0354.3 94.5 39.4 63.0 15.7  0.0  7.9  0.0  0.0
  0.0  0.0  0.0  0.0  0.0 23.6 23.6  0.0  0.0  0.0  0.0  0.0  7.9 15.7  7.9
  0.0  0.0  0.0  7.9  0.0  0.0 31.5 23.6  0.0  0.0 55.1 31.5  0.0126.0  7.9
  0.0  0.0  0.0  0.0  0.0  0.0  0.0  0.0  0.0  0.0  0.0  0.0  0.0  0.0  0.0
  0.0  0.0  0.0  0.0  0.0  0.0  0.0  0.0  0.0  0.0  0.0  0.0  0.0  0.0  0.0
  0.0  0.0  0.0  0.0  0.0  0.0  0.0  0.0  0.0  7.9  0.0  0.0  0.0  0.0  0.0
  0.0  0.0  0.0  0.0  0.0  0.0  7.9  0.0  0.0  0.0  0.0  0.0  0.0  0.0  0.0
  0.0  0.0  0.0  0.0  0.0  0.0  0.0  0.0  7.9  7.9  7.9  7.9  7.9  7.9  7.9
  0.0  0.0  0.0  0.0  0.0  0.0  0.0 23.6  0.0  0.0  0.0  0.0  0.0  0.0  0.0
    -15.77     -1.50     -0.37     -6.61      9.74  0.0  0.0  0.0  0.0  0.0
                                     t000128_s19_p9_qjpp.txt 35.5  4.9  219
  0.0  0.0  0.0  9.1  0.0  0.0  4.6  0.0  4.6  4.6  0.0  0.0  0.0  0.0  0.0
  0.0  0.0  0.0  9.1  0.0  0.0429.2 95.9 41.1 63.9  0.0  0.0  4.6  0.0  0.0
  0.0  0.0  0.0  0.0  4.6  9.1  4.6  0.0  0.0  0.0  0.0  0.0  0.0 27.4  0.0
  0.0  4.6  0.0  0.0  9.1  0.0 13.7 27.4  0.0  0.0 73.1  4.6  0.0 82.2  4.6
  0.0  0.0  0.0  0.0  0.0  0.0  0.0  0.0  0.0  0.0  0.0  0.0  0.0  0.0  0.0
  0.0  0.0  0.0  0.0  0.0  0.0  0.0  0.0  0.0  0.0  0.0  0.0  0.0  0.0  0.0
  0.0  0.0  0.0  0.0  0.0  0.0  0.0  0.0  0.0  0.0  0.0  0.0  0.0  0.0  0.0
  0.0  0.0  0.0  0.0  0.0  0.0  0.0  0.0  0.0  0.0  0.0  0.0  0.0  0.0  0.0
  0.0  0.0  0.0  0.0  0.0  0.0  0.0  9.1  9.1  0.0  9.1 22.8  0.0  9.1  9.1
  0.0 13.7  4.6  0.0  0.0  0.0  0.0  4.6  4.6  4.6  0.0  0.0  4.6  0.0  0.0
    -25.06     -2.78     -0.89     -6.61      0.52  0.0  0.0  0.0  0.0  0.0
                                      t000128_s6_p1_qjpp.txt 17.8  6.3   94
  0.0  0.0  0.0  0.0  0.0  0.0  0.0  0.0 31.9  0.0  0.0  0.0  0.0  0.0  0.0
  0.0  0.0  0.0  0.0  0.0  0.0446.8127.7 53.2 53.2 10.6  0.0  0.0  0.0  0.0
  0.0  0.0  0.0 21.3 10.6 10.6 10.6  0.0  0.0  0.0  0.0  0.0  0.0 10.6  0.0
 10.6  0.0  0.0  0.0  0.0  0.0  0.0 21.3  0.0  0.0 63.8 42.6  0.0117.0 31.9
  0.0  0.0  0.0  0.0  0.0  0.0  0.0  0.0  0.0  0.0  0.0  0.0  0.0  0.0  0.0
  0.0  0.0  0.0  0.0  0.0  0.0  0.0  0.0  0.0  0.0  0.0  0.0  0.0  0.0  0.0
  0.0  0.0  0.0  0.0  0.0  0.0  0.0  0.0  0.0  0.0  0.0  0.0  0.0  0.0  0.0
  0.0  0.0  0.0  0.0  0.0  0.0  0.0  0.0  0.0  0.0  0.0  0.0  0.0  0.0  0.0
  0.0  0.0  0.0  0.0  0.0  0.0  0.0  0.0 21.3  0.0  0.0  0.0 63.8  0.0  0.0
  0.0 10.6  0.0  0.0  0.0  0.0 10.6 10.6  0.0  0.0  0.0  0.0 10.6  0.0  0.0
    -33.62     -3.51     -8.84     -6.61      1.42  0.0 10.6 10.6  0.0  0.0
                                      t000128_s6_p2_qjpp.txt 36.3  5.3  213
  0.0  0.0  0.0 28.2  0.0  0.0  0.0  0.0  0.0  0.0  0.0  0.0  0.0  0.0  0.0
  0.0  0.0  9.4  9.4  0.0  0.0441.3108.0 75.1  9.4  0.0  4.7  0.0  0.0  0.0
  0.0  0.0  0.0  4.7  0.0  4.7  4.7  0.0  0.0  0.0  0.0  4.7  0.0  4.7  0.0
  4.7  0.0  0.0  0.0  9.4  9.4  9.4  9.4  0.0  0.0 93.9  0.0  0.0 61.0  9.4
  0.0  0.0  0.0  0.0  0.0  0.0  0.0  0.0  0.0  0.0  0.0  0.0  0.0  0.0  0.0
  0.0  0.0  0.0  0.0  0.0  0.0  0.0  0.0  0.0  0.0  0.0  0.0  0.0  0.0  0.0
  0.0  0.0  0.0  0.0  0.0  0.0  0.0  0.0  0.0  0.0  0.0  0.0  0.0  0.0  0.0
  0.0  0.0  0.0  0.0  0.0  0.0  0.0  0.0  0.0  0.0  0.0  0.0  0.0  0.0  0.0
  0.0  0.0  0.0  0.0  0.0  0.0  0.0  4.7 14.1  9.4 18.8  4.7 14.1  0.0  4.7
  0.0  4.7  0.0  0.0  0.0  4.7  4.7 18.8  0.0  4.7  9.4  0.0  0.0  0.0  0.0
    -27.12     -4.52     -0.63     -4.73     -1.40  0.0  0.0  0.0  0.0  0.0
                                      t000128_s6_p3_qjpp.txt 36.5  5.6  245
  4.1  0.0  0.0 16.3  0.0  0.0  0.0  4.1  4.1  8.2  8.2  4.1  0.0  0.0  0.0
  4.1  0.0  8.2  4.1  0.0  0.0359.2122.4 85.7 24.5  8.2  0.0  4.1  0.0  0.0
  4.1  0.0  0.0  8.2  4.1 36.7 16.3  0.0  0.0  0.0  0.0  0.0  8.2  0.0  0.0
 12.2  0.0  0.0  0.0  8.2  8.2  8.2 12.2  0.0  4.1122.4 12.2  0.0 85.7 12.2
  4.1  0.0  0.0  0.0  0.0  0.0  0.0  0.0  0.0  0.0  0.0  0.0  0.0  0.0  0.0
  0.0  0.0  0.0  0.0  0.0  0.0  4.1  0.0  0.0  4.1  0.0  0.0  0.0  0.0  0.0
  0.0  0.0  0.0  4.1  0.0  0.0  0.0  4.1  0.0  0.0  0.0  0.0  0.0  0.0  0.0
  4.1  4.1  0.0  8.2  4.1  4.1  8.2  0.0  0.0  0.0  0.0  0.0  0.0  0.0  0.0
  0.0  0.0  0.0  0.0  0.0  0.0  0.0  0.0 16.3 20.4 28.6  4.1 24.5  0.0  0.0
  0.0  0.0  0.0  0.0  0.0  0.0  0.0 16.3  4.1  4.1  0.0  4.1  8.2  0.0  0.0
    -21.15     -3.80     -0.94     -6.61      5.43  4.1  0.0  0.0  0.0  0.0
                                      t000128_s6_p4_qjpp.txt 29.3  5.2  378
  5.3  0.0  0.0 42.3  0.0  2.6  0.0  0.0 18.5  7.9  5.3  0.0  0.0  0.0  0.0
  0.0  0.0  5.3  0.0  0.0  0.0388.9119.0 71.4 18.5  5.3  5.3  2.6  0.0  0.0
  0.0  0.0  0.0  2.6  0.0 21.2  7.9  2.6  2.6  0.0  0.0  2.6  0.0  0.0  5.3
  7.9 10.6  7.9  0.0  7.9  7.9 10.6 13.2  0.0  0.0 97.9 23.8  0.0 87.3  7.9
  7.9  0.0  0.0  0.0  0.0  0.0  0.0  0.0  0.0  0.0  0.0  0.0  0.0  0.0  0.0
  0.0  0.0  0.0  2.6  0.0  2.6  5.3  2.6  0.0  0.0  0.0  0.0  0.0  0.0  0.0
  0.0  0.0  2.6  0.0  0.0  0.0  0.0  0.0  0.0  0.0  0.0  0.0  0.0  0.0  0.0
 10.6  2.6  0.0 13.2  2.6  0.0  2.6  0.0  0.0  0.0  0.0  0.0  0.0  0.0  0.0
  0.0  0.0  0.0  0.0  0.0  0.0  0.0  0.0 31.7  0.0 18.5  7.9 13.2  7.9  0.0
  0.0  5.3  0.0  0.0  2.6  0.0  2.6  5.3  5.3  7.9  2.6  0.0  5.3  0.0  0.0
    -24.84     -3.38     -0.98     -4.06      3.00  0.0  0.0  0.0  0.0  0.0
                                      t000128_s6_p5_qjpp.txt 36.8  5.1  280
  0.0  0.0  0.0 25.0  0.0  0.0  0.0  0.0  0.0  0.0  3.6  0.0  0.0  0.0  0.0
  0.0  0.0 14.3  3.6  0.0  0.0417.9107.1 85.7  3.6  3.6  0.0  0.0  0.0  0.0
  0.0  0.0  0.0  0.0  0.0  7.1 14.3  0.0  0.0  0.0  0.0  0.0  0.0  3.6  3.6
  3.6  0.0  0.0  0.0  3.6 14.3  3.6 10.7  0.0  0.0103.6  3.6  0.0 60.7  0.0
  0.0  0.0  0.0  0.0  0.0  0.0  0.0  0.0  0.0  0.0  0.0  0.0  0.0  0.0  0.0
  0.0  0.0  0.0  0.0  0.0  3.6  0.0  0.0  0.0  0.0  0.0  0.0  0.0  0.0  0.0
  3.6  0.0  0.0  0.0  0.0  0.0  0.0  0.0  0.0  0.0  0.0  0.0  0.0  0.0  0.0
  3.6  0.0  0.0  3.6  3.6  0.0  3.6  0.0  0.0  0.0  0.0  0.0  0.0  0.0  0.0
  0.0  0.0  0.0  0.0  0.0  0.0  0.0  0.0 14.3  0.0 10.7  0.0 25.0  0.0  0.0
  0.0  3.6  0.0  0.0  0.0  3.6  3.6 10.7  7.1  3.6  3.6  0.0  3.6  0.0  0.0
    -26.17     -5.45      0.57     -6.61      0.81  0.0  0.0  3.6  3.6  0.0
                                      t000128_s6_p6_qjpp.txt 33.3  5.4  463
  2.2  0.0  0.0 19.4  0.0  0.0  0.0  0.0  0.0  6.5  4.3  0.0  0.0  0.0  0.0
  0.0  0.0  8.6  2.2  0.0  0.0494.6 86.4 56.2  0.0  0.0  0.0  0.0  0.0  0.0
  0.0  0.0  0.0  2.2  0.0  8.6  6.5  0.0  0.0  0.0  2.2  4.3  2.2  4.3  2.2
  0.0  2.2  0.0  0.0  4.3 10.8  4.3  6.5  0.0  0.0 73.4  0.0  0.0 38.9  0.0
  4.3  0.0  0.0  0.0  0.0  0.0  0.0  0.0  0.0  0.0  0.0  0.0  0.0  0.0  0.0
  0.0  0.0  0.0  0.0  0.0  0.0  0.0  0.0  0.0  4.3  0.0  0.0  0.0  0.0  0.0
  0.0  0.0  0.0  0.0  0.0  0.0  0.0  4.3  0.0  0.0  0.0  0.0  0.0  0.0  0.0
  0.0  4.3  0.0  4.3  0.0  4.3  4.3  0.0  0.0  0.0  0.0  0.0  0.0  0.0  0.0
  0.0  0.0  0.0  0.0  0.0  0.0  0.0  0.0  0.0  0.0  2.2  4.3 10.8  0.0  0.0
  0.0  0.0  0.0  0.0  0.0  0.0  0.0  4.3  0.0  2.2  0.0  2.2  0.0  0.0  0.0
    -27.50     -5.73     -0.13     -3.85      0.04  0.0  0.0  2.2  0.0  0.0
                                      t000128_s6_p7_qjpp.txt 36.3  5.5  210
  0.0  0.0  0.0 42.9  0.0  0.0  0.0  0.0  0.0  4.8  4.8  0.0  0.0  0.0  0.0
  0.0  0.0 14.3  0.0  0.0  0.0514.3100.0 52.4  4.8  0.0  0.0  0.0  0.0  0.0
  0.0  0.0  0.0  0.0  0.0  0.0  4.8  0.0  0.0  0.0  0.0  0.0  0.0  4.8  0.0
  9.5  0.0  0.0  0.0  4.8 14.3  0.0 14.3  0.0  0.0 61.9  0.0  0.0 71.4  4.8
  4.8  0.0  0.0  0.0  0.0  0.0  0.0  0.0  0.0  0.0  0.0  0.0  0.0  0.0  0.0
  0.0  0.0  0.0  0.0  0.0  0.0  0.0  4.8  0.0  0.0  0.0  0.0  0.0  0.0  0.0
  0.0  0.0  0.0  0.0  0.0  0.0  0.0  0.0  4.8  0.0  0.0  0.0  0.0  0.0  0.0
  0.0  4.8  0.0  4.8  0.0  4.8  4.8  0.0  0.0  0.0  0.0  0.0  0.0  0.0  0.0
  0.0  0.0  0.0  0.0  0.0  0.0  0.0  4.8 14.3  0.0  4.8 14.3 38.1  0.0  9.5
  0.0  0.0  0.0  0.0  0.0  4.8  4.8  9.5  0.0  0.0  0.0  0.0  0.0  0.0  0.0
    -27.20     -5.57      0.97     -6.61      0.17  0.0  0.0  0.0  0.0  0.0
                                      t000128_s6_p8_qjpp.txt 16.5  5.8   86
 34.9  0.0  0.0 81.4  0.0  0.0  0.0  0.0 11.6  0.0  0.0  0.0  0.0  0.0  0.0
  0.0  0.0  0.0  0.0  0.0  0.0348.8139.5104.7 11.6  0.0  0.0  0.0  0.0  0.0
  0.0 11.6  0.0  0.0 23.3 23.3 11.6 11.6  0.0  0.0  0.0  0.0  0.0 11.6  0.0
 11.6 11.6 23.3  0.0 11.6 11.6 23.3 23.3  0.0  0.0139.5 11.6  0.0116.3  0.0
  0.0  0.0  0.0  0.0  0.0  0.0  0.0  0.0  0.0  0.0  0.0  0.0  0.0  0.0  0.0
  0.0  0.0  0.0  0.0  0.0 11.6 11.6  0.0  0.0  0.0  0.0  0.0  0.0  0.0  0.0
  0.0  0.0  0.0  0.0  0.0  0.0  0.0  0.0  0.0  0.0  0.0  0.0  0.0  0.0  0.0
 23.3  0.0  0.0 23.3  0.0  0.0  0.0  0.0  0.0  0.0  0.0  0.0  0.0  0.0  0.0
  0.0  0.0  0.0  0.0  0.0  0.0  0.0  0.0 34.9  0.0 34.9  0.0 46.5  0.0  0.0
  0.0  0.0  0.0  0.0 11.6 11.6  0.0 11.6 11.6 34.9 23.3  0.0  0.0  0.0  0.0
    -27.94     -5.35     -2.88     -3.84      1.89  0.0  0.0  0.0  0.0  0.0
                                      t000128_s6_p9_qjpp.txt 31.0  5.4  202
  5.0  0.0  0.0 34.7  0.0  0.0  0.0  0.0  0.0  5.0  5.0  0.0  0.0  0.0  0.0
  0.0  0.0  5.0  9.9  0.0  0.0366.3148.5 24.8 34.7  0.0  0.0  5.0  0.0  0.0
  0.0  0.0  0.0  0.0  0.0 24.8 14.9  5.0  5.0  0.0 14.9  0.0 14.9 14.9  0.0
  5.0  0.0  0.0  0.0  5.0 24.8  9.9 19.8  0.0  0.0 64.4  0.0  5.0 84.2  0.0
  0.0  0.0  0.0  0.0  0.0  0.0  0.0  0.0  0.0  0.0  0.0  0.0  0.0  0.0  0.0
  0.0  0.0  0.0  0.0  0.0  0.0  0.0  0.0  0.0  5.0  0.0  0.0  0.0  0.0  0.0
  0.0  5.0  0.0  0.0  5.0  0.0  0.0  0.0  0.0  0.0  0.0  0.0  0.0  0.0  0.0
  0.0  5.0  0.0  5.0  5.0  5.0  9.9  0.0  0.0  0.0  0.0  0.0  0.0  0.0  0.0
  0.0  0.0  0.0  0.0  0.0  0.0  0.0  0.0 34.7  9.9 29.7  9.9 19.8 19.8  0.0
  0.0  0.0  0.0  0.0  0.0  0.0  0.0  9.9  5.0  9.9  0.0  0.0  5.0  0.0  0.0
    -23.52     -3.67     -0.43      3.24      9.50  0.0  0.0  5.0  0.0  0.0
                                      t000128_s8_p1_qjpp.txt 35.8  5.6  280
  0.0  0.0  0.0 14.3  0.0  0.0  0.0  0.0  0.0  0.0  0.0  0.0  0.0  0.0  0.0
  0.0  0.0  0.0  7.1  0.0  0.0517.9 85.7 53.6  0.0  3.6  0.0  0.0  0.0  0.0
  0.0  0.0  0.0  0.0  0.0  0.0  0.0  0.0  0.0  0.0  0.0  0.0  0.0  0.0  0.0
  0.0  0.0  0.0  0.0  0.0  0.0  7.1  0.0  0.0  0.0 67.9  3.6  0.0 21.4  3.6
  0.0  0.0  0.0  0.0  0.0  0.0  0.0  0.0  0.0  0.0  0.0  0.0  0.0  0.0  0.0
  0.0  0.0  0.0  0.0  0.0  0.0  0.0  0.0  0.0  0.0  0.0  0.0  0.0  0.0  0.0
  0.0  0.0  0.0  0.0  0.0  0.0  0.0  0.0  0.0  0.0  0.0  0.0  0.0  0.0  0.0
  0.0  0.0  0.0  0.0  0.0  0.0  0.0  0.0  0.0  0.0  0.0  0.0  0.0  0.0  0.0
  0.0  0.0  0.0  0.0  0.0  0.0  0.0 10.7 14.3  3.6  0.0 10.7 25.0  3.6  0.0
  0.0  0.0  0.0  0.0  3.6  0.0  0.0  3.6  0.0  0.0  3.6  0.0  0.0  0.0  0.0
    -31.48     -5.57      0.97     -6.61     -3.63  3.6  0.0  0.0  0.0  0.0
                                      t000128_s8_p2_qjpp.txt 36.0  5.2  608
  1.6  0.0  0.0 23.0  0.0  0.0  0.0  0.0  0.0  1.6  1.6  0.0  0.0  0.0  0.0
  0.0  0.0  8.2  3.3  0.0  0.0485.2 97.0 74.0  1.6  1.6  0.0  0.0  0.0  0.0
  0.0  0.0  0.0  0.0  0.0  6.6  8.2  0.0  0.0  0.0  0.0  0.0  1.6  1.6  0.0
  6.6  0.0  0.0  1.6  1.6  8.2  3.3  8.2  0.0  0.0 87.2  1.6  0.0 51.0  1.6
  0.0  0.0  0.0  0.0  0.0  0.0  0.0  0.0  0.0  0.0  0.0  0.0  0.0  0.0  0.0
  0.0  0.0  0.0  0.0  0.0  0.0  0.0  0.0  0.0  1.6  0.0  0.0  0.0  0.0  0.0
  0.0  0.0  0.0  0.0  1.6  0.0  0.0  1.6  0.0  3.3  0.0  0.0  0.0  0.0  0.0
  0.0  1.6  0.0  1.6  0.0  3.3  6.6  0.0  0.0  0.0  0.0  0.0  0.0  0.0  0.0
  0.0  0.0  0.0  0.0  0.0  0.0  0.0  1.6  9.9  3.3  4.9  3.3 18.1  0.0  1.6
  0.0  1.6  0.0  0.0  0.0  1.6  3.3  9.9  0.0  0.0  3.3  0.0  1.6  0.0  0.0
    -28.96     -5.60      0.60     -6.61     -0.23  3.3  0.0  0.0  0.0  0.0
                                      t000128_s8_p3_qjpp.txt 36.0  5.3  431
  2.3  0.0  0.0 25.5  0.0  0.0  0.0  0.0  0.0  0.0  0.0  0.0  0.0  0.0  0.0
  2.3  0.0  2.3  4.6  0.0  0.0505.8 76.6 60.3  7.0  2.3  0.0  0.0  0.0  0.0
  0.0  0.0  0.0  2.3  2.3 16.2  4.6  0.0  0.0  0.0  0.0  4.6  2.3  2.3  0.0
  2.3  2.3  0.0  0.0  0.0  2.3  7.0  4.6  0.0  0.0 74.2  2.3  2.3 53.4 11.6
  0.0  0.0  0.0  0.0  0.0  0.0  0.0  0.0  0.0  0.0  0.0  0.0  0.0  0.0  0.0
  0.0  0.0  0.0  0.0  0.0  0.0  0.0  0.0  0.0  0.0  0.0  0.0  0.0  0.0  0.0
  0.0  0.0  0.0  0.0  0.0  2.3  0.0  0.0  0.0  0.0  0.0  0.0  0.0  0.0  0.0
  0.0  0.0  0.0  0.0  0.0  2.3  2.3  0.0  0.0  0.0  0.0  0.0  0.0  0.0  0.0
  0.0  0.0  0.0  0.0  0.0  0.0  0.0  2.3 16.2  2.3  4.6  4.6 39.4  0.0  4.6
  0.0  4.6  0.0  0.0  0.0  0.0  0.0  7.0  0.0  4.6  7.0  2.3  4.6  0.0  0.0
    -28.93     -5.40     -1.29     -4.75     -1.08  0.0  0.0  7.0  0.0  0.0
                                      t000128_s8_p4_qjpp.txt 36.8  5.2  524
  3.8  0.0  0.0 21.0  0.0  0.0  0.0  0.0  0.0  1.9  0.0  0.0  1.9  0.0  0.0
  0.0  0.0  0.0  1.9  0.0  0.0490.5 64.9 53.4  5.7  3.8  5.7  1.9  1.9  1.9
  0.0  1.9  0.0  0.0  1.9  9.5  0.0  0.0  0.0  0.0  0.0  0.0  0.0  3.8  1.9
  1.9  0.0  0.0  0.0  0.0  0.0  3.8  7.6  0.0  3.8 74.4  3.8  0.0 43.9  3.8
  0.0  0.0  0.0  0.0  0.0  0.0  0.0  0.0  0.0  0.0  0.0  0.0  0.0  0.0  0.0
  0.0  0.0  0.0  0.0  0.0  0.0  0.0  0.0  0.0  0.0  0.0  0.0  0.0  0.0  0.0
  0.0  0.0  0.0  0.0  0.0  0.0  0.0  0.0  0.0  0.0  0.0  0.0  0.0  0.0  0.0
  0.0  0.0  0.0  0.0  0.0  0.0  0.0  0.0  0.0  0.0  0.0  0.0  0.0  0.0  0.0
  0.0  0.0  0.0  0.0  0.0  0.0  0.0  0.0  3.8  0.0  9.5  1.9  7.6  0.0  0.0
  0.0  0.0  0.0  0.0  0.0  3.8  0.0  3.8  0.0  5.7  0.0  0.0  0.0  0.0  0.0
    -28.50     -3.92      2.65     -6.61     -0.96  1.9  1.9  3.8  0.0  0.0
                                      t000128_s8_p5_qjpp.txt 25.3  5.8  151
 19.9  0.0  0.0 39.7  0.0  0.0  6.6  0.0 26.5  0.0  0.0  0.0  0.0  0.0  0.0
  0.0  0.0  0.0 13.2  0.0  0.0410.6152.3119.2  0.0 13.2  6.6  0.0  6.6  0.0
  0.0 13.2  0.0  0.0  6.6  6.6 13.2  0.0  0.0  0.0  0.0  0.0  0.0  0.0  0.0
  0.0  0.0  6.6  0.0  0.0  0.0 26.5  0.0  0.0  6.6132.5 39.7  0.0 66.2  6.6
  6.6  0.0  0.0  0.0  0.0  0.0  0.0  0.0  0.0  0.0  0.0  0.0  0.0  0.0  0.0
  0.0  0.0  0.0  0.0  0.0  6.6  0.0  0.0  0.0  0.0  0.0  0.0  0.0  0.0  0.0
  0.0  0.0  0.0  0.0  0.0  0.0  0.0  0.0  0.0  0.0  0.0  0.0  0.0  0.0  0.0
  6.6  0.0  0.0  6.6  0.0  0.0  0.0  0.0  0.0  0.0  0.0  0.0  0.0  0.0  0.0
  0.0  0.0  0.0  0.0  0.0  0.0  0.0  6.6 33.1  0.0  6.6  6.6 33.1  6.6  0.0
  0.0  0.0  0.0  0.0  0.0  6.6  6.6  6.6  0.0 19.9  0.0  6.6  6.6  0.0  0.0
    -28.77     -3.87      7.45     -6.61     -3.63  0.0  0.0  6.6  0.0  0.0
